{
  "timestamp": "2026-02-13T05:15:39.720083",
  "source": "DSCOVR",
  "data_points": 1396,
  "max_chi": 0.9362195571799837,
  "mean_chi": 0.05477035522903572,
  "violations": 80,
  "attractor_percentage": 0.7879656160458453,
  "compliance": false,
  "harmonic_mode": 8,
  "is_harmonic_transition": false
}