{
  "timestamp": "2026-02-06T20:14:10.684142",
  "source": "DSCOVR",
  "data_points": 1391,
  "max_chi": 0.3500688113438946,
  "mean_chi": 0.03169190557957174,
  "violations": 17,
  "attractor_percentage": 0.28756290438533433,
  "compliance": false,
  "harmonic_mode": 2,
  "is_harmonic_transition": false
}