{
  "timestamp": "2026-01-26T01:32:11.206556",
  "source": "DSCOVR",
  "data_points": 1379,
  "max_chi": 0.5061513255288392,
  "mean_chi": 0.047258476261346,
  "violations": 68,
  "attractor_percentage": 0.6526468455402465,
  "compliance": false,
  "harmonic_mode": 4,
  "is_harmonic_transition": false
}