{
  "timestamp": "2026-01-28T21:07:11.206104",
  "source": "DSCOVR",
  "data_points": 1379,
  "max_chi": 0.6270192788762984,
  "mean_chi": 0.03979594939450116,
  "violations": 39,
  "attractor_percentage": 0.43509789702683105,
  "compliance": false,
  "harmonic_mode": 4,
  "is_harmonic_transition": true
}