{
  "timestamp": "2026-02-09T12:58:08.125354",
  "source": "DSCOVR",
  "data_points": 1389,
  "max_chi": 0.17691152406128796,
  "mean_chi": 0.018219629193511937,
  "violations": 1,
  "attractor_percentage": 0.0,
  "compliance": false,
  "harmonic_mode": 1,
  "is_harmonic_transition": false
}