{
  "timestamp": "2026-02-07T18:14:43.198036",
  "source": "DSCOVR",
  "data_points": 1266,
  "max_chi": 0.34350727053542146,
  "mean_chi": 0.026208196775988218,
  "violations": 13,
  "attractor_percentage": 0.1579778830963665,
  "compliance": false,
  "harmonic_mode": 2,
  "is_harmonic_transition": false
}