{
  "timestamp": "2026-02-04T22:11:48.049754",
  "source": "DSCOVR",
  "data_points": 1392,
  "max_chi": 0.45120483029118946,
  "mean_chi": 0.028544393164297913,
  "violations": 50,
  "attractor_percentage": 0.35919540229885055,
  "compliance": false,
  "harmonic_mode": 4,
  "is_harmonic_transition": false
}