{
  "timestamp": "2026-01-24T04:14:00.857224",
  "source": "DSCOVR",
  "data_points": 1334,
  "max_chi": 0.48421131161446795,
  "mean_chi": 0.04250036984964406,
  "violations": 44,
  "attractor_percentage": 0.8245877061469266,
  "compliance": false,
  "harmonic_mode": 4,
  "is_harmonic_transition": false
}