{
  "timestamp": "2026-02-13T18:22:44.375429",
  "source": "DSCOVR",
  "data_points": 1404,
  "max_chi": 0.9362195571799837,
  "mean_chi": 0.04746663473340305,
  "violations": 76,
  "attractor_percentage": 0.5698005698005698,
  "compliance": false,
  "harmonic_mode": 8,
  "is_harmonic_transition": false
}