{
  "timestamp": "2026-02-08T12:50:14.059911",
  "source": "DSCOVR",
  "data_points": 1250,
  "max_chi": 0.3142422399859905,
  "mean_chi": 0.025042706353635064,
  "violations": 8,
  "attractor_percentage": 0.08,
  "compliance": false,
  "harmonic_mode": 2,
  "is_harmonic_transition": true
}