{
  "timestamp": "2026-02-12T20:48:08.447106",
  "source": "DSCOVR",
  "data_points": 1371,
  "max_chi": 0.3671989632063243,
  "mean_chi": 0.047436818480060816,
  "violations": 41,
  "attractor_percentage": 0.5105762217359592,
  "compliance": false,
  "harmonic_mode": 2,
  "is_harmonic_transition": false
}