{
  "timestamp": "2026-02-11T06:41:57.143613",
  "source": "DSCOVR",
  "data_points": 1380,
  "max_chi": 0.5659650904381691,
  "mean_chi": 0.0436484075420928,
  "violations": 50,
  "attractor_percentage": 0.2898550724637681,
  "compliance": false,
  "harmonic_mode": 4,
  "is_harmonic_transition": true
}