{
  "timestamp": "2026-01-30T03:04:54.973504",
  "source": "DSCOVR",
  "data_points": 1344,
  "max_chi": 0.7145322182770042,
  "mean_chi": 0.06160732569775625,
  "violations": 106,
  "attractor_percentage": 1.488095238095238,
  "compliance": false,
  "harmonic_mode": 4,
  "is_harmonic_transition": false
}