{
  "timestamp": "2026-02-08T14:31:43.941039",
  "source": "DSCOVR",
  "data_points": 1250,
  "max_chi": 0.3142422399859905,
  "mean_chi": 0.02409216351588613,
  "violations": 8,
  "attractor_percentage": 0.08,
  "compliance": false,
  "harmonic_mode": 2,
  "is_harmonic_transition": true
}