{
  "timestamp": "2026-02-03T15:05:04.878322",
  "source": "DSCOVR",
  "data_points": 1315,
  "max_chi": 0.26455673665249824,
  "mean_chi": 0.03043456036391267,
  "violations": 8,
  "attractor_percentage": 0.1520912547528517,
  "compliance": false,
  "harmonic_mode": 2,
  "is_harmonic_transition": false
}