{
  "timestamp": "2026-02-12T11:22:47.115391",
  "source": "DSCOVR",
  "data_points": 1373,
  "max_chi": 0.4247740639438025,
  "mean_chi": 0.05102605464618539,
  "violations": 55,
  "attractor_percentage": 0.8739985433357611,
  "compliance": false,
  "harmonic_mode": 4,
  "is_harmonic_transition": false
}