{
  "timestamp": "2026-02-11T00:51:08.029789",
  "source": "DSCOVR",
  "data_points": 1274,
  "max_chi": 0.565538709289389,
  "mean_chi": 0.04163716813865552,
  "violations": 41,
  "attractor_percentage": 0.3139717425431711,
  "compliance": false,
  "harmonic_mode": 4,
  "is_harmonic_transition": true
}