{
  "timestamp": "2026-02-01T23:11:12.735625",
  "source": "DSCOVR",
  "data_points": 1384,
  "max_chi": 0.24923767815684605,
  "mean_chi": 0.036361865282215494,
  "violations": 41,
  "attractor_percentage": 0.6502890173410405,
  "compliance": false,
  "harmonic_mode": 2,
  "is_harmonic_transition": false
}