{
  "timestamp": "2026-01-24T21:03:13.839384",
  "source": "DSCOVR",
  "data_points": 1371,
  "max_chi": 0.3931251482215988,
  "mean_chi": 0.029577091615015597,
  "violations": 22,
  "attractor_percentage": 0.14587892049598833,
  "compliance": false,
  "harmonic_mode": 2,
  "is_harmonic_transition": false
}