{
  "timestamp": "2026-02-07T12:50:05.095690",
  "source": "DSCOVR",
  "data_points": 1270,
  "max_chi": 0.34350727053542146,
  "mean_chi": 0.030125645529610966,
  "violations": 17,
  "attractor_percentage": 0.15748031496062992,
  "compliance": false,
  "harmonic_mode": 2,
  "is_harmonic_transition": false
}