{
  "timestamp": "2026-02-04T08:49:39.030984",
  "source": "DSCOVR",
  "data_points": 1316,
  "max_chi": 0.5568137470640916,
  "mean_chi": 0.033049135600291484,
  "violations": 51,
  "attractor_percentage": 0.5319148936170213,
  "compliance": false,
  "harmonic_mode": 4,
  "is_harmonic_transition": true
}