{
  "timestamp": "2026-02-14T17:29:41.331533",
  "source": "DSCOVR",
  "data_points": 1413,
  "max_chi": 0.7407047070734434,
  "mean_chi": 0.05171074375679429,
  "violations": 104,
  "attractor_percentage": 0.9200283085633405,
  "compliance": false,
  "harmonic_mode": 4,
  "is_harmonic_transition": false
}