{
  "timestamp": "2026-02-08T13:49:38.450383",
  "source": "DSCOVR",
  "data_points": 1250,
  "max_chi": 0.31424223998599043,
  "mean_chi": 0.024457702456763528,
  "violations": 8,
  "attractor_percentage": 0.08,
  "compliance": false,
  "harmonic_mode": 2,
  "is_harmonic_transition": true
}