{
  "timestamp": "2026-02-02T04:47:44.902755",
  "source": "DSCOVR",
  "data_points": 1197,
  "max_chi": 0.2428114025517387,
  "mean_chi": 0.03143968960018288,
  "violations": 24,
  "attractor_percentage": 0.3341687552213868,
  "compliance": false,
  "harmonic_mode": 2,
  "is_harmonic_transition": false
}