{
  "timestamp": "2026-01-22T16:05:57.187190",
  "source": "DSCOVR",
  "data_points": 1388,
  "max_chi": 0.27908469874216085,
  "mean_chi": 0.018091907876586606,
  "violations": 2,
  "attractor_percentage": 0.0,
  "compliance": false,
  "harmonic_mode": 2,
  "is_harmonic_transition": true
}