{
  "timestamp": "2026-01-27T16:05:27.056930",
  "source": "DSCOVR",
  "data_points": 1354,
  "max_chi": 0.46483093895288324,
  "mean_chi": 0.04411930638574207,
  "violations": 65,
  "attractor_percentage": 0.8124076809453471,
  "compliance": false,
  "harmonic_mode": 4,
  "is_harmonic_transition": false
}