{
  "timestamp": "2026-01-26T06:05:14.114929",
  "source": "DSCOVR",
  "data_points": 1378,
  "max_chi": 0.5061513255288392,
  "mean_chi": 0.04586567938860033,
  "violations": 65,
  "attractor_percentage": 0.5079825834542816,
  "compliance": false,
  "harmonic_mode": 4,
  "is_harmonic_transition": false
}