{
  "timestamp": "2026-01-23T12:04:43.195136",
  "source": "DSCOVR",
  "data_points": 1335,
  "max_chi": 0.48421131161446795,
  "mean_chi": 0.04222647439957509,
  "violations": 46,
  "attractor_percentage": 0.9737827715355805,
  "compliance": false,
  "harmonic_mode": 4,
  "is_harmonic_transition": false
}