{
  "timestamp": "2026-02-12T14:12:22.541409",
  "source": "DSCOVR",
  "data_points": 1372,
  "max_chi": 0.4247740639438025,
  "mean_chi": 0.04885275210442641,
  "violations": 40,
  "attractor_percentage": 0.6559766763848397,
  "compliance": false,
  "harmonic_mode": 4,
  "is_harmonic_transition": false
}