{
  "timestamp": "2026-01-30T14:18:22.738644",
  "source": "DSCOVR",
  "data_points": 1341,
  "max_chi": 0.3787567880083877,
  "mean_chi": 0.060560474322225985,
  "violations": 83,
  "attractor_percentage": 1.715137956748695,
  "compliance": false,
  "harmonic_mode": 2,
  "is_harmonic_transition": false
}