{
  "timestamp": "2026-01-31T10:09:37.112999",
  "source": "DSCOVR",
  "data_points": 1376,
  "max_chi": 0.35052302701105603,
  "mean_chi": 0.03547121128285669,
  "violations": 43,
  "attractor_percentage": 0.5813953488372093,
  "compliance": false,
  "harmonic_mode": 2,
  "is_harmonic_transition": false
}