{
  "timestamp": "2026-02-09T10:11:12.388635",
  "source": "DSCOVR",
  "data_points": 1389,
  "max_chi": 0.11553027920520383,
  "mean_chi": 0.016925437058554347,
  "violations": 0,
  "attractor_percentage": 0.0,
  "compliance": true,
  "harmonic_mode": 1,
  "is_harmonic_transition": false
}