{
  "timestamp": "2026-02-02T10:24:03.448091",
  "source": "DSCOVR",
  "data_points": 963,
  "max_chi": 0.2455712452421281,
  "mean_chi": 0.030954586785157962,
  "violations": 20,
  "attractor_percentage": 0.4153686396677051,
  "compliance": false,
  "harmonic_mode": 2,
  "is_harmonic_transition": false
}