{
  "timestamp": "2026-01-25T10:03:15.389762",
  "source": "DSCOVR",
  "data_points": 1380,
  "max_chi": 0.4334224994908941,
  "mean_chi": 0.03722294112693791,
  "violations": 42,
  "attractor_percentage": 0.43478260869565216,
  "compliance": false,
  "harmonic_mode": 4,
  "is_harmonic_transition": false
}