{
  "timestamp": "2026-02-06T10:49:34.644353",
  "source": "DSCOVR",
  "data_points": 1391,
  "max_chi": 0.3500688113438945,
  "mean_chi": 0.03264413102030014,
  "violations": 21,
  "attractor_percentage": 0.4313443565780014,
  "compliance": false,
  "harmonic_mode": 2,
  "is_harmonic_transition": false
}