{
  "timestamp": "2026-02-14T15:56:56.769508",
  "source": "DSCOVR",
  "data_points": 1413,
  "max_chi": 0.6309495175730242,
  "mean_chi": 0.049812224960520124,
  "violations": 92,
  "attractor_percentage": 0.7077140835102618,
  "compliance": false,
  "harmonic_mode": 4,
  "is_harmonic_transition": true
}