{
  "timestamp": "2026-02-02T07:28:58.559136",
  "source": "DSCOVR",
  "data_points": 1059,
  "max_chi": 0.2393690671294559,
  "mean_chi": 0.031701173577607815,
  "violations": 22,
  "attractor_percentage": 0.3777148253068933,
  "compliance": false,
  "harmonic_mode": 2,
  "is_harmonic_transition": false
}