{
  "timestamp": "2026-02-14T00:48:05.053470",
  "source": "DSCOVR",
  "data_points": 1404,
  "max_chi": 0.9362195571799837,
  "mean_chi": 0.04725278512272059,
  "violations": 85,
  "attractor_percentage": 0.7122507122507122,
  "compliance": false,
  "harmonic_mode": 8,
  "is_harmonic_transition": false
}