{
  "timestamp": "2026-02-12T16:07:29.242263",
  "source": "DSCOVR",
  "data_points": 1372,
  "max_chi": 0.4247740639438025,
  "mean_chi": 0.04906990508831469,
  "violations": 41,
  "attractor_percentage": 0.6559766763848397,
  "compliance": false,
  "harmonic_mode": 4,
  "is_harmonic_transition": false
}