{
  "timestamp": "2026-01-27T15:08:09.533391",
  "source": "DSCOVR",
  "data_points": 1354,
  "max_chi": 0.46744763420393426,
  "mean_chi": 0.04351025254677766,
  "violations": 64,
  "attractor_percentage": 0.8124076809453471,
  "compliance": false,
  "harmonic_mode": 4,
  "is_harmonic_transition": false
}