{
  "timestamp": "2026-01-28T07:07:33.243925",
  "source": "DSCOVR",
  "data_points": 1353,
  "max_chi": 0.46483093895288324,
  "mean_chi": 0.0459457625882915,
  "violations": 72,
  "attractor_percentage": 0.7390983000739099,
  "compliance": false,
  "harmonic_mode": 4,
  "is_harmonic_transition": false
}