{
  "timestamp": "2026-02-03T16:35:16.679228",
  "source": "DSCOVR",
  "data_points": 1315,
  "max_chi": 0.26455673665249807,
  "mean_chi": 0.03229465100453303,
  "violations": 8,
  "attractor_percentage": 0.1520912547528517,
  "compliance": false,
  "harmonic_mode": 2,
  "is_harmonic_transition": false
}