{
  "timestamp": "2026-01-25T20:03:34.398538",
  "source": "DSCOVR",
  "data_points": 1382,
  "max_chi": 0.4334224994908941,
  "mean_chi": 0.0430624769951584,
  "violations": 54,
  "attractor_percentage": 0.43415340086830684,
  "compliance": false,
  "harmonic_mode": 4,
  "is_harmonic_transition": false
}