{
  "timestamp": "2026-02-11T13:51:47.573753",
  "source": "DSCOVR",
  "data_points": 1383,
  "max_chi": 0.5659650904381691,
  "mean_chi": 0.04691710011137274,
  "violations": 47,
  "attractor_percentage": 0.6507592190889371,
  "compliance": false,
  "harmonic_mode": 4,
  "is_harmonic_transition": true
}