{
  "timestamp": "2026-02-08T15:11:58.088553",
  "source": "DSCOVR",
  "data_points": 1251,
  "max_chi": 0.31424223998599043,
  "mean_chi": 0.023491275140497456,
  "violations": 8,
  "attractor_percentage": 0.07993605115907274,
  "compliance": false,
  "harmonic_mode": 2,
  "is_harmonic_transition": true
}