{
  "timestamp": "2026-01-29T15:11:08.289546",
  "source": "DSCOVR",
  "data_points": 1350,
  "max_chi": 0.7145322182770042,
  "mean_chi": 0.06847574484281609,
  "violations": 119,
  "attractor_percentage": 1.4814814814814816,
  "compliance": false,
  "harmonic_mode": 4,
  "is_harmonic_transition": false
}