{
  "timestamp": "2026-01-29T00:10:30.816156",
  "source": "DSCOVR",
  "data_points": 1379,
  "max_chi": 0.6270192788762984,
  "mean_chi": 0.04169426531438693,
  "violations": 41,
  "attractor_percentage": 0.43509789702683105,
  "compliance": false,
  "harmonic_mode": 4,
  "is_harmonic_transition": true
}