{
  "timestamp": "2026-02-08T07:50:09.871370",
  "source": "DSCOVR",
  "data_points": 1258,
  "max_chi": 0.31424223998599043,
  "mean_chi": 0.02769989390412349,
  "violations": 12,
  "attractor_percentage": 0.1589825119236884,
  "compliance": false,
  "harmonic_mode": 2,
  "is_harmonic_transition": true
}