{
  "timestamp": "2026-02-10T23:48:58.256648",
  "source": "DSCOVR",
  "data_points": 1274,
  "max_chi": 0.565538709289389,
  "mean_chi": 0.04343590713252998,
  "violations": 43,
  "attractor_percentage": 0.23547880690737832,
  "compliance": false,
  "harmonic_mode": 4,
  "is_harmonic_transition": true
}