{
  "timestamp": "2026-02-08T21:55:18.358617",
  "source": "DSCOVR",
  "data_points": 1254,
  "max_chi": 0.31356580731333256,
  "mean_chi": 0.021999013902054207,
  "violations": 2,
  "attractor_percentage": 0.0,
  "compliance": false,
  "harmonic_mode": 2,
  "is_harmonic_transition": true
}