{
  "timestamp": "2026-02-14T17:57:21.612162",
  "source": "DSCOVR",
  "data_points": 1402,
  "max_chi": 0.7407047070734434,
  "mean_chi": 0.052007001012954614,
  "violations": 104,
  "attractor_percentage": 0.9272467902995721,
  "compliance": false,
  "harmonic_mode": 4,
  "is_harmonic_transition": false
}