{
  "timestamp": "2026-02-04T18:52:37.753125",
  "source": "DSCOVR",
  "data_points": 1392,
  "max_chi": 0.33204255744972666,
  "mean_chi": 0.02268661756047606,
  "violations": 40,
  "attractor_percentage": 0.28735632183908044,
  "compliance": false,
  "harmonic_mode": 2,
  "is_harmonic_transition": false
}