{
  "timestamp": "2026-01-23T19:07:11.014265",
  "source": "DSCOVR",
  "data_points": 1335,
  "max_chi": 0.484211311614468,
  "mean_chi": 0.04494868420495424,
  "violations": 49,
  "attractor_percentage": 0.8239700374531835,
  "compliance": false,
  "harmonic_mode": 4,
  "is_harmonic_transition": false
}