{
  "timestamp": "2026-02-12T23:56:20.017620",
  "source": "DSCOVR",
  "data_points": 1370,
  "max_chi": 0.6016911171502708,
  "mean_chi": 0.05205365359134127,
  "violations": 55,
  "attractor_percentage": 0.656934306569343,
  "compliance": false,
  "harmonic_mode": 4,
  "is_harmonic_transition": true
}