{
  "timestamp": "2026-02-06T06:35:06.034567",
  "source": "DSCOVR",
  "data_points": 1389,
  "max_chi": 0.3500688113438945,
  "mean_chi": 0.034435406282198995,
  "violations": 19,
  "attractor_percentage": 0.5039596832253419,
  "compliance": false,
  "harmonic_mode": 2,
  "is_harmonic_transition": false
}