{
  "timestamp": "2026-02-13T11:59:30.775653",
  "source": "DSCOVR",
  "data_points": 1403,
  "max_chi": 0.9362195571799837,
  "mean_chi": 0.0485170942474502,
  "violations": 76,
  "attractor_percentage": 0.6414825374198148,
  "compliance": false,
  "harmonic_mode": 8,
  "is_harmonic_transition": false
}