{
  "timestamp": "2026-02-04T05:28:58.567463",
  "source": "DSCOVR",
  "data_points": 1314,
  "max_chi": 0.5568137470640916,
  "mean_chi": 0.03382408505130522,
  "violations": 51,
  "attractor_percentage": 0.532724505327245,
  "compliance": false,
  "harmonic_mode": 4,
  "is_harmonic_transition": true
}