{
  "timestamp": "2026-01-31T00:40:07.159011",
  "source": "DSCOVR",
  "data_points": 1373,
  "max_chi": 0.3537807179357953,
  "mean_chi": 0.0563331741025419,
  "violations": 95,
  "attractor_percentage": 1.4566642388929352,
  "compliance": false,
  "harmonic_mode": 2,
  "is_harmonic_transition": false
}