{
  "timestamp": "2026-02-05T01:21:19.728190",
  "source": "DSCOVR",
  "data_points": 1392,
  "max_chi": 0.5323786419033423,
  "mean_chi": 0.04901637075503246,
  "violations": 136,
  "attractor_percentage": 0.43103448275862066,
  "compliance": false,
  "harmonic_mode": 4,
  "is_harmonic_transition": false
}