{
  "timestamp": "2026-02-05T19:21:42.920550",
  "source": "DSCOVR",
  "data_points": 1386,
  "max_chi": 0.5055961043112973,
  "mean_chi": 0.0540285410703898,
  "violations": 116,
  "attractor_percentage": 0.8658008658008658,
  "compliance": false,
  "harmonic_mode": 4,
  "is_harmonic_transition": false
}