{
  "timestamp": "2026-02-14T07:20:19.557742",
  "source": "DSCOVR",
  "data_points": 1406,
  "max_chi": 0.7382323667181189,
  "mean_chi": 0.04271870460145582,
  "violations": 60,
  "attractor_percentage": 0.5689900426742532,
  "compliance": false,
  "harmonic_mode": 4,
  "is_harmonic_transition": false
}