{
  "timestamp": "2026-02-08T18:35:07.878859",
  "source": "DSCOVR",
  "data_points": 1254,
  "max_chi": 0.3142422399859905,
  "mean_chi": 0.025249781709209152,
  "violations": 7,
  "attractor_percentage": 0.07974481658692185,
  "compliance": false,
  "harmonic_mode": 2,
  "is_harmonic_transition": true
}