{
  "timestamp": "2026-02-10T10:27:15.356833",
  "source": "DSCOVR",
  "data_points": 1275,
  "max_chi": 0.4368052065607415,
  "mean_chi": 0.028631896080618963,
  "violations": 18,
  "attractor_percentage": 0.0,
  "compliance": false,
  "harmonic_mode": 4,
  "is_harmonic_transition": false
}