{
  "timestamp": "2026-02-14T09:33:47.023413",
  "source": "DSCOVR",
  "data_points": 1411,
  "max_chi": 0.7382323667181189,
  "mean_chi": 0.04570171723676199,
  "violations": 69,
  "attractor_percentage": 0.5669737774627923,
  "compliance": false,
  "harmonic_mode": 4,
  "is_harmonic_transition": false
}