{
  "timestamp": "2026-01-23T03:31:36.463153",
  "source": "DSCOVR",
  "data_points": 1385,
  "max_chi": 0.3568308363540573,
  "mean_chi": 0.025267218080867907,
  "violations": 8,
  "attractor_percentage": 0.07220216606498195,
  "compliance": false,
  "harmonic_mode": 2,
  "is_harmonic_transition": false
}