{
  "timestamp": "2026-02-08T06:33:31.934932",
  "source": "DSCOVR",
  "data_points": 1253,
  "max_chi": 0.31424223998599043,
  "mean_chi": 0.028988457501117604,
  "violations": 13,
  "attractor_percentage": 0.1596169193934557,
  "compliance": false,
  "harmonic_mode": 2,
  "is_harmonic_transition": true
}