{
  "timestamp": "2026-02-08T20:11:23.512920",
  "source": "DSCOVR",
  "data_points": 1254,
  "max_chi": 0.3142422399859905,
  "mean_chi": 0.02441641820928279,
  "violations": 7,
  "attractor_percentage": 0.07974481658692185,
  "compliance": false,
  "harmonic_mode": 2,
  "is_harmonic_transition": true
}