{
  "timestamp": "2026-02-03T17:09:00.830978",
  "source": "DSCOVR",
  "data_points": 1315,
  "max_chi": 0.26455673665249807,
  "mean_chi": 0.032582389553330766,
  "violations": 8,
  "attractor_percentage": 0.07604562737642585,
  "compliance": false,
  "harmonic_mode": 2,
  "is_harmonic_transition": false
}