{
  "timestamp": "2026-02-03T19:09:50.796207",
  "source": "DSCOVR",
  "data_points": 1315,
  "max_chi": 0.5568137470640916,
  "mean_chi": 0.04445488478331011,
  "violations": 56,
  "attractor_percentage": 0.45627376425855515,
  "compliance": false,
  "harmonic_mode": 4,
  "is_harmonic_transition": true
}