{
  "timestamp": "2026-02-10T05:38:14.680010",
  "source": "DSCOVR",
  "data_points": 1201,
  "max_chi": 0.5829369087410085,
  "mean_chi": 0.03465532259415567,
  "violations": 53,
  "attractor_percentage": 0.4163197335553705,
  "compliance": false,
  "harmonic_mode": 4,
  "is_harmonic_transition": true
}