{
  "timestamp": "2026-01-30T20:12:03.918284",
  "source": "DSCOVR",
  "data_points": 1369,
  "max_chi": 0.37865925508296633,
  "mean_chi": 0.06015485170252557,
  "violations": 112,
  "attractor_percentage": 1.6800584368151936,
  "compliance": false,
  "harmonic_mode": 2,
  "is_harmonic_transition": false
}