{
  "timestamp": "2026-02-12T23:32:40.454212",
  "source": "DSCOVR",
  "data_points": 1360,
  "max_chi": 0.6009502918283394,
  "mean_chi": 0.05194132224815522,
  "violations": 54,
  "attractor_percentage": 0.7352941176470588,
  "compliance": false,
  "harmonic_mode": 4,
  "is_harmonic_transition": true
}