{
  "timestamp": "2026-02-08T05:36:53.343385",
  "source": "DSCOVR",
  "data_points": 1208,
  "max_chi": 0.31287080670640305,
  "mean_chi": 0.027993354292710826,
  "violations": 10,
  "attractor_percentage": 0.33112582781456956,
  "compliance": false,
  "harmonic_mode": 2,
  "is_harmonic_transition": true
}