{
  "timestamp": "2026-02-08T16:13:36.947346",
  "source": "DSCOVR",
  "data_points": 1254,
  "max_chi": 0.31424223998599043,
  "mean_chi": 0.023756912134346993,
  "violations": 8,
  "attractor_percentage": 0.07974481658692185,
  "compliance": false,
  "harmonic_mode": 2,
  "is_harmonic_transition": true
}