{
  "timestamp": "2026-02-10T10:53:11.607251",
  "source": "DSCOVR",
  "data_points": 1275,
  "max_chi": 0.4368052065607415,
  "mean_chi": 0.028873425414483223,
  "violations": 18,
  "attractor_percentage": 0.0,
  "compliance": false,
  "harmonic_mode": 4,
  "is_harmonic_transition": false
}