{
  "timestamp": "2026-01-29T16:10:24.118033",
  "source": "DSCOVR",
  "data_points": 1351,
  "max_chi": 0.7145322182770042,
  "mean_chi": 0.06846474581266797,
  "violations": 118,
  "attractor_percentage": 1.4063656550703183,
  "compliance": false,
  "harmonic_mode": 4,
  "is_harmonic_transition": false
}