{
  "timestamp": "2026-02-04T23:46:20.375134",
  "source": "DSCOVR",
  "data_points": 1392,
  "max_chi": 0.5079100513282707,
  "mean_chi": 0.0369607747922777,
  "violations": 85,
  "attractor_percentage": 0.28735632183908044,
  "compliance": false,
  "harmonic_mode": 4,
  "is_harmonic_transition": false
}