{
  "timestamp": "2026-01-28T19:07:44.012540",
  "source": "DSCOVR",
  "data_points": 1379,
  "max_chi": 0.42497121554825945,
  "mean_chi": 0.03674508190557673,
  "violations": 28,
  "attractor_percentage": 0.290065264684554,
  "compliance": false,
  "harmonic_mode": 4,
  "is_harmonic_transition": false
}