{
  "timestamp": "2026-02-08T11:53:34.334598",
  "source": "DSCOVR",
  "data_points": 1251,
  "max_chi": 0.31424223998599043,
  "mean_chi": 0.025739284559801498,
  "violations": 10,
  "attractor_percentage": 0.07993605115907274,
  "compliance": false,
  "harmonic_mode": 2,
  "is_harmonic_transition": true
}