{
  "timestamp": "2026-02-10T04:52:37.679306",
  "source": "DSCOVR",
  "data_points": 1201,
  "max_chi": 0.5829369087410085,
  "mean_chi": 0.03396313750312476,
  "violations": 53,
  "attractor_percentage": 0.4163197335553705,
  "compliance": false,
  "harmonic_mode": 4,
  "is_harmonic_transition": true
}