{
  "timestamp": "2026-02-14T10:28:31.642223",
  "source": "DSCOVR",
  "data_points": 1412,
  "max_chi": 0.7382323667181189,
  "mean_chi": 0.04545245273887775,
  "violations": 76,
  "attractor_percentage": 0.56657223796034,
  "compliance": false,
  "harmonic_mode": 4,
  "is_harmonic_transition": false
}