{
  "timestamp": "2026-02-14T22:44:05.723511",
  "source": "DSCOVR",
  "data_points": 1414,
  "max_chi": 0.7407047070734434,
  "mean_chi": 0.06341159859709643,
  "violations": 151,
  "attractor_percentage": 1.3437057991513437,
  "compliance": false,
  "harmonic_mode": 4,
  "is_harmonic_transition": false
}