{
  "timestamp": "2026-02-12T02:44:00.165373",
  "source": "DSCOVR",
  "data_points": 1375,
  "max_chi": 0.4247740639438025,
  "mean_chi": 0.05145782347436854,
  "violations": 50,
  "attractor_percentage": 1.090909090909091,
  "compliance": false,
  "harmonic_mode": 4,
  "is_harmonic_transition": false
}