{
  "timestamp": "2026-01-22T20:04:02.599684",
  "source": "DSCOVR",
  "data_points": 1387,
  "max_chi": 0.19324949806054037,
  "mean_chi": 0.01823599389965082,
  "violations": 1,
  "attractor_percentage": 0.0,
  "compliance": false,
  "harmonic_mode": 1,
  "is_harmonic_transition": false
}