{
  "timestamp": "2026-02-10T03:49:15.081947",
  "source": "DSCOVR",
  "data_points": 1372,
  "max_chi": 0.30216529912657175,
  "mean_chi": 0.023001579655601605,
  "violations": 12,
  "attractor_percentage": 0.0728862973760933,
  "compliance": false,
  "harmonic_mode": 2,
  "is_harmonic_transition": true
}