{
  "timestamp": "2026-02-02T00:44:44.230429",
  "source": "DSCOVR",
  "data_points": 1384,
  "max_chi": 0.24923767815684605,
  "mean_chi": 0.03657175519576578,
  "violations": 41,
  "attractor_percentage": 0.6502890173410405,
  "compliance": false,
  "harmonic_mode": 2,
  "is_harmonic_transition": false
}