{
  "timestamp": "2026-01-26T19:07:17.254732",
  "source": "DSCOVR",
  "data_points": 1367,
  "max_chi": 0.5058860881964358,
  "mean_chi": 0.0498227002487932,
  "violations": 68,
  "attractor_percentage": 0.8046817849305048,
  "compliance": false,
  "harmonic_mode": 4,
  "is_harmonic_transition": false
}