{
  "timestamp": "2026-02-03T17:37:23.053772",
  "source": "DSCOVR",
  "data_points": 1315,
  "max_chi": 0.26455673665249824,
  "mean_chi": 0.031239989100984817,
  "violations": 6,
  "attractor_percentage": 0.0,
  "compliance": false,
  "harmonic_mode": 2,
  "is_harmonic_transition": false
}