{
  "timestamp": "2026-01-30T19:17:38.893375",
  "source": "DSCOVR",
  "data_points": 1369,
  "max_chi": 0.37948236123579593,
  "mean_chi": 0.060957577643412954,
  "violations": 113,
  "attractor_percentage": 1.7531044558071585,
  "compliance": false,
  "harmonic_mode": 2,
  "is_harmonic_transition": false
}