{
  "timestamp": "2026-02-09T04:37:28.484756",
  "source": "DSCOVR",
  "data_points": 1373,
  "max_chi": 0.30702843254395823,
  "mean_chi": 0.018061355238906455,
  "violations": 1,
  "attractor_percentage": 0.0,
  "compliance": false,
  "harmonic_mode": 2,
  "is_harmonic_transition": true
}