{
  "timestamp": "2026-02-12T23:14:28.462485",
  "source": "DSCOVR",
  "data_points": 1370,
  "max_chi": 0.6016911171502708,
  "mean_chi": 0.052109701397457985,
  "violations": 54,
  "attractor_percentage": 0.656934306569343,
  "compliance": false,
  "harmonic_mode": 4,
  "is_harmonic_transition": true
}