{
  "timestamp": "2026-02-07T08:14:51.773208",
  "source": "DSCOVR",
  "data_points": 1271,
  "max_chi": 0.34350727053542146,
  "mean_chi": 0.029152356384301213,
  "violations": 15,
  "attractor_percentage": 0.15735641227380015,
  "compliance": false,
  "harmonic_mode": 2,
  "is_harmonic_transition": false
}