{
  "timestamp": "2026-02-06T10:21:03.194353",
  "source": "DSCOVR",
  "data_points": 1391,
  "max_chi": 0.3500688113438946,
  "mean_chi": 0.032391108210530296,
  "violations": 19,
  "attractor_percentage": 0.4313443565780014,
  "compliance": false,
  "harmonic_mode": 2,
  "is_harmonic_transition": false
}