{
  "timestamp": "2026-01-30T05:26:36.371779",
  "source": "DSCOVR",
  "data_points": 1344,
  "max_chi": 0.5629546513335502,
  "mean_chi": 0.05512444729702838,
  "violations": 77,
  "attractor_percentage": 1.4136904761904763,
  "compliance": false,
  "harmonic_mode": 4,
  "is_harmonic_transition": true
}