{
  "timestamp": "2026-02-12T19:12:39.641190",
  "source": "DSCOVR",
  "data_points": 1371,
  "max_chi": 0.3671989632063244,
  "mean_chi": 0.05047556271843503,
  "violations": 45,
  "attractor_percentage": 0.7293946024799417,
  "compliance": false,
  "harmonic_mode": 2,
  "is_harmonic_transition": false
}