{
  "timestamp": "2026-02-03T00:08:42.720393",
  "source": "DSCOVR",
  "data_points": 970,
  "max_chi": 0.2466430525937003,
  "mean_chi": 0.025551409840347344,
  "violations": 5,
  "attractor_percentage": 0.0,
  "compliance": false,
  "harmonic_mode": 2,
  "is_harmonic_transition": false
}