{
  "timestamp": "2026-02-01T00:50:12.319926",
  "source": "DSCOVR",
  "data_points": 1374,
  "max_chi": 0.2577549349758032,
  "mean_chi": 0.025095966025346007,
  "violations": 3,
  "attractor_percentage": 0.0,
  "compliance": false,
  "harmonic_mode": 2,
  "is_harmonic_transition": false
}