{
  "timestamp": "2026-01-25T16:03:18.912196",
  "source": "DSCOVR",
  "data_points": 1380,
  "max_chi": 0.4334224994908941,
  "mean_chi": 0.03968802748053627,
  "violations": 38,
  "attractor_percentage": 0.43478260869565216,
  "compliance": false,
  "harmonic_mode": 4,
  "is_harmonic_transition": false
}