{
  "timestamp": "2026-01-28T12:04:51.969500",
  "source": "DSCOVR",
  "data_points": 1355,
  "max_chi": 0.46483093895288324,
  "mean_chi": 0.03874212036810583,
  "violations": 37,
  "attractor_percentage": 0.5904059040590406,
  "compliance": false,
  "harmonic_mode": 4,
  "is_harmonic_transition": false
}