{
  "timestamp": "2026-02-08T07:07:09.575589",
  "source": "DSCOVR",
  "data_points": 1258,
  "max_chi": 0.31424223998599043,
  "mean_chi": 0.027714084601721173,
  "violations": 12,
  "attractor_percentage": 0.1589825119236884,
  "compliance": false,
  "harmonic_mode": 2,
  "is_harmonic_transition": true
}