{
  "timestamp": "2026-01-29T22:12:07.994573",
  "source": "DSCOVR",
  "data_points": 1345,
  "max_chi": 0.7145322182770042,
  "mean_chi": 0.06365443725316933,
  "violations": 106,
  "attractor_percentage": 1.486988847583643,
  "compliance": false,
  "harmonic_mode": 4,
  "is_harmonic_transition": false
}