{
  "timestamp": "2026-01-27T08:03:45.290014",
  "source": "DSCOVR",
  "data_points": 1369,
  "max_chi": 0.3824780996766417,
  "mean_chi": 0.036268339897557345,
  "violations": 15,
  "attractor_percentage": 0.3652300949598247,
  "compliance": false,
  "harmonic_mode": 2,
  "is_harmonic_transition": false
}