{
  "timestamp": "2026-02-08T13:23:22.856144",
  "source": "DSCOVR",
  "data_points": 1250,
  "max_chi": 0.31424223998599043,
  "mean_chi": 0.025020634734124497,
  "violations": 8,
  "attractor_percentage": 0.08,
  "compliance": false,
  "harmonic_mode": 2,
  "is_harmonic_transition": true
}