{
  "timestamp": "2026-01-27T07:07:48.725436",
  "source": "DSCOVR",
  "data_points": 1371,
  "max_chi": 0.3824780996766417,
  "mean_chi": 0.03635989648079618,
  "violations": 15,
  "attractor_percentage": 0.36469730123997085,
  "compliance": false,
  "harmonic_mode": 2,
  "is_harmonic_transition": false
}