{
  "timestamp": "2026-02-14T10:47:12.193317",
  "source": "DSCOVR",
  "data_points": 1412,
  "max_chi": 0.7382323667181189,
  "mean_chi": 0.047317735405495616,
  "violations": 87,
  "attractor_percentage": 0.6373937677053824,
  "compliance": false,
  "harmonic_mode": 4,
  "is_harmonic_transition": false
}