{
  "timestamp": "2026-02-17T17:38:18.072084",
  "source": "DSCOVR",
  "data_points": 1432,
  "max_chi": 0.4377002586381556,
  "mean_chi": 0.04127589183041127,
  "violations": 46,
  "attractor_percentage": 0.7681564245810055,
  "compliance": false,
  "harmonic_mode": 4,
  "is_harmonic_transition": false
}