{
  "timestamp": "2026-02-06T01:21:41.974140",
  "source": "DSCOVR",
  "data_points": 1389,
  "max_chi": 0.50144271249483,
  "mean_chi": 0.03568493789093646,
  "violations": 29,
  "attractor_percentage": 0.7199424046076314,
  "compliance": false,
  "harmonic_mode": 4,
  "is_harmonic_transition": false
}