{
  "timestamp": "2026-02-12T22:32:59.369226",
  "source": "DSCOVR",
  "data_points": 1370,
  "max_chi": 0.5390397071180134,
  "mean_chi": 0.050516695007895955,
  "violations": 46,
  "attractor_percentage": 0.5109489051094891,
  "compliance": false,
  "harmonic_mode": 4,
  "is_harmonic_transition": false
}