{
  "timestamp": "2026-02-14T20:57:09.582887",
  "source": "DSCOVR",
  "data_points": 1413,
  "max_chi": 0.7407047070734434,
  "mean_chi": 0.06208630965867768,
  "violations": 151,
  "attractor_percentage": 1.3446567586694975,
  "compliance": false,
  "harmonic_mode": 4,
  "is_harmonic_transition": false
}