{
  "timestamp": "2026-02-08T19:52:44.835775",
  "source": "DSCOVR",
  "data_points": 1254,
  "max_chi": 0.31424223998599043,
  "mean_chi": 0.02450364624174361,
  "violations": 7,
  "attractor_percentage": 0.07974481658692185,
  "compliance": false,
  "harmonic_mode": 2,
  "is_harmonic_transition": true
}