{
  "timestamp": "2026-01-31T16:10:30.341078",
  "source": "DSCOVR",
  "data_points": 1373,
  "max_chi": 0.2577549349758032,
  "mean_chi": 0.022232368890501286,
  "violations": 3,
  "attractor_percentage": 0.0,
  "compliance": false,
  "harmonic_mode": 2,
  "is_harmonic_transition": false
}