{
  "timestamp": "2026-01-24T03:30:59.968837",
  "source": "DSCOVR",
  "data_points": 1334,
  "max_chi": 0.48421131161446795,
  "mean_chi": 0.043485196300022524,
  "violations": 47,
  "attractor_percentage": 0.8245877061469266,
  "compliance": false,
  "harmonic_mode": 4,
  "is_harmonic_transition": false
}