{
  "timestamp": "2026-01-28T10:05:22.711778",
  "source": "DSCOVR",
  "data_points": 1355,
  "max_chi": 0.46483093895288324,
  "mean_chi": 0.04608771160165004,
  "violations": 69,
  "attractor_percentage": 0.8856088560885609,
  "compliance": false,
  "harmonic_mode": 4,
  "is_harmonic_transition": false
}