{
  "timestamp": "2026-02-06T21:15:09.463112",
  "source": "DSCOVR",
  "data_points": 1390,
  "max_chi": 0.3500688113438945,
  "mean_chi": 0.03178263891773247,
  "violations": 19,
  "attractor_percentage": 0.2158273381294964,
  "compliance": false,
  "harmonic_mode": 2,
  "is_harmonic_transition": false
}