{
  "timestamp": "2026-01-23T21:03:32.170433",
  "source": "DSCOVR",
  "data_points": 1336,
  "max_chi": 0.484211311614468,
  "mean_chi": 0.045075325423026315,
  "violations": 51,
  "attractor_percentage": 0.8233532934131738,
  "compliance": false,
  "harmonic_mode": 4,
  "is_harmonic_transition": false
}