{
  "timestamp": "2026-01-24T16:03:17.359814",
  "source": "DSCOVR",
  "data_points": 1369,
  "max_chi": 0.3931251482215988,
  "mean_chi": 0.02995719564000052,
  "violations": 19,
  "attractor_percentage": 0.1460920379839299,
  "compliance": false,
  "harmonic_mode": 2,
  "is_harmonic_transition": false
}