{
  "timestamp": "2026-02-14T19:52:28.252270",
  "source": "DSCOVR",
  "data_points": 1413,
  "max_chi": 0.7407047070734434,
  "mean_chi": 0.061239007044504024,
  "violations": 142,
  "attractor_percentage": 1.0615711252653928,
  "compliance": false,
  "harmonic_mode": 4,
  "is_harmonic_transition": false
}