{
  "timestamp": "2026-02-07T17:45:58.467292",
  "source": "DSCOVR",
  "data_points": 1266,
  "max_chi": 0.34350727053542135,
  "mean_chi": 0.026809439392853372,
  "violations": 15,
  "attractor_percentage": 0.1579778830963665,
  "compliance": false,
  "harmonic_mode": 2,
  "is_harmonic_transition": false
}