{
  "timestamp": "2026-01-28T17:11:02.113078",
  "source": "DSCOVR",
  "data_points": 1379,
  "max_chi": 0.42980820738699266,
  "mean_chi": 0.033835208821566425,
  "violations": 24,
  "attractor_percentage": 0.580130529369108,
  "compliance": false,
  "harmonic_mode": 4,
  "is_harmonic_transition": false
}