{
  "timestamp": "2026-02-09T07:40:15.386317",
  "source": "DSCOVR",
  "data_points": 1377,
  "max_chi": 0.11304662891384637,
  "mean_chi": 0.015851060763363428,
  "violations": 0,
  "attractor_percentage": 0.0,
  "compliance": true,
  "harmonic_mode": 1,
  "is_harmonic_transition": false
}