{
  "timestamp": "2026-02-05T12:51:14.683948",
  "source": "DSCOVR",
  "data_points": 1389,
  "max_chi": 0.5055961043112974,
  "mean_chi": 0.05671112235669051,
  "violations": 146,
  "attractor_percentage": 0.8639308855291578,
  "compliance": false,
  "harmonic_mode": 4,
  "is_harmonic_transition": false
}