{
  "timestamp": "2026-02-07T03:34:58.368007",
  "source": "DSCOVR",
  "data_points": 1387,
  "max_chi": 0.3161648636555493,
  "mean_chi": 0.028186553910002757,
  "violations": 13,
  "attractor_percentage": 0.07209805335255948,
  "compliance": false,
  "harmonic_mode": 2,
  "is_harmonic_transition": true
}