{
  "timestamp": "2026-01-27T06:04:30.117332",
  "source": "DSCOVR",
  "data_points": 1369,
  "max_chi": 0.3824780996766417,
  "mean_chi": 0.037754534513697424,
  "violations": 16,
  "attractor_percentage": 0.4382761139517896,
  "compliance": false,
  "harmonic_mode": 2,
  "is_harmonic_transition": false
}