{
  "timestamp": "2026-02-05T23:11:22.317180",
  "source": "DSCOVR",
  "data_points": 1389,
  "max_chi": 0.4827469208803121,
  "mean_chi": 0.04500869345957926,
  "violations": 79,
  "attractor_percentage": 0.7199424046076314,
  "compliance": false,
  "harmonic_mode": 4,
  "is_harmonic_transition": false
}