{
  "timestamp": "2026-02-11T17:11:33.714484",
  "source": "DSCOVR",
  "data_points": 1400,
  "max_chi": 0.5661374174002767,
  "mean_chi": 0.04785008842719323,
  "violations": 50,
  "attractor_percentage": 0.5,
  "compliance": false,
  "harmonic_mode": 4,
  "is_harmonic_transition": true
}