{
  "timestamp": "2026-01-26T00:09:53.122138",
  "source": "DSCOVR",
  "data_points": 1381,
  "max_chi": 0.5061513255288392,
  "mean_chi": 0.04954893420262434,
  "violations": 76,
  "attractor_percentage": 0.6517016654598118,
  "compliance": false,
  "harmonic_mode": 4,
  "is_harmonic_transition": false
}