{
  "timestamp": "2026-02-01T11:09:55.373514",
  "source": "DSCOVR",
  "data_points": 1382,
  "max_chi": 0.2577549349758032,
  "mean_chi": 0.03061109798866862,
  "violations": 19,
  "attractor_percentage": 0.5065123010130246,
  "compliance": false,
  "harmonic_mode": 2,
  "is_harmonic_transition": false
}