{
  "timestamp": "2026-02-09T14:40:37.598812",
  "source": "DSCOVR",
  "data_points": 1382,
  "max_chi": 0.17691152406128796,
  "mean_chi": 0.01876252448933126,
  "violations": 1,
  "attractor_percentage": 0.0,
  "compliance": false,
  "harmonic_mode": 1,
  "is_harmonic_transition": false
}