{
  "timestamp": "2026-01-23T20:03:21.939811",
  "source": "DSCOVR",
  "data_points": 1336,
  "max_chi": 0.48421131161446795,
  "mean_chi": 0.04492489300584364,
  "violations": 49,
  "attractor_percentage": 0.8233532934131738,
  "compliance": false,
  "harmonic_mode": 4,
  "is_harmonic_transition": false
}