{
  "timestamp": "2026-02-09T17:35:36.698128",
  "source": "DSCOVR",
  "data_points": 1372,
  "max_chi": 0.20317343045092137,
  "mean_chi": 0.0168280576636704,
  "violations": 2,
  "attractor_percentage": 0.0,
  "compliance": false,
  "harmonic_mode": 2,
  "is_harmonic_transition": false
}