{
  "timestamp": "2026-02-09T05:58:32.909901",
  "source": "DSCOVR",
  "data_points": 1373,
  "max_chi": 0.11304662891384637,
  "mean_chi": 0.016443568818621555,
  "violations": 0,
  "attractor_percentage": 0.0,
  "compliance": true,
  "harmonic_mode": 1,
  "is_harmonic_transition": false
}