{
  "timestamp": "2026-02-12T20:02:18.002285",
  "source": "DSCOVR",
  "data_points": 1371,
  "max_chi": 0.3671989632063244,
  "mean_chi": 0.04779849981548825,
  "violations": 42,
  "attractor_percentage": 0.5105762217359592,
  "compliance": false,
  "harmonic_mode": 2,
  "is_harmonic_transition": false
}