{
  "timestamp": "2026-02-11T10:34:49.811858",
  "source": "DSCOVR",
  "data_points": 1382,
  "max_chi": 0.5659650904381691,
  "mean_chi": 0.044496546270498004,
  "violations": 46,
  "attractor_percentage": 0.2894356005788712,
  "compliance": false,
  "harmonic_mode": 4,
  "is_harmonic_transition": true
}