{
  "timestamp": "2026-02-09T03:45:24.105062",
  "source": "DSCOVR",
  "data_points": 1373,
  "max_chi": 0.3070284325439584,
  "mean_chi": 0.01818783819897021,
  "violations": 1,
  "attractor_percentage": 0.0,
  "compliance": false,
  "harmonic_mode": 2,
  "is_harmonic_transition": true
}