{
  "timestamp": "2026-02-03T04:27:12.694844",
  "source": "DSCOVR",
  "data_points": 1140,
  "max_chi": 0.25676794778754447,
  "mean_chi": 0.024572334542420787,
  "violations": 7,
  "attractor_percentage": 0.17543859649122806,
  "compliance": false,
  "harmonic_mode": 2,
  "is_harmonic_transition": false
}