{
  "timestamp": "2026-01-31T08:12:12.530098",
  "source": "DSCOVR",
  "data_points": 1181,
  "max_chi": 0.3909638416252019,
  "mean_chi": 0.017664537520641475,
  "violations": 7,
  "attractor_percentage": 0.0846740050804403,
  "compliance": false,
  "harmonic_mode": 2,
  "is_harmonic_transition": false
}