{
  "timestamp": "2026-02-06T15:03:37.797106",
  "source": "DSCOVR",
  "data_points": 1391,
  "max_chi": 0.3500688113438946,
  "mean_chi": 0.03191560299833153,
  "violations": 13,
  "attractor_percentage": 0.4313443565780014,
  "compliance": false,
  "harmonic_mode": 2,
  "is_harmonic_transition": false
}