{
  "timestamp": "2026-02-14T16:49:39.078361",
  "source": "DSCOVR",
  "data_points": 1413,
  "max_chi": 0.6309495175730242,
  "mean_chi": 0.048610216151156356,
  "violations": 88,
  "attractor_percentage": 0.778485491861288,
  "compliance": false,
  "harmonic_mode": 4,
  "is_harmonic_transition": true
}