{
  "timestamp": "2026-01-23T01:31:38.026642",
  "source": "DSCOVR",
  "data_points": 1385,
  "max_chi": 0.13854488707128262,
  "mean_chi": 0.020388305247303715,
  "violations": 0,
  "attractor_percentage": 0.0,
  "compliance": true,
  "harmonic_mode": 1,
  "is_harmonic_transition": false
}