{
  "timestamp": "2026-02-09T23:48:41.414713",
  "source": "DSCOVR",
  "data_points": 1372,
  "max_chi": 0.20317343045092146,
  "mean_chi": 0.016427636668753062,
  "violations": 2,
  "attractor_percentage": 0.0,
  "compliance": false,
  "harmonic_mode": 2,
  "is_harmonic_transition": false
}