{
  "timestamp": "2026-02-14T22:57:13.025838",
  "source": "DSCOVR",
  "data_points": 1414,
  "max_chi": 0.7407047070734434,
  "mean_chi": 0.0644486621392793,
  "violations": 156,
  "attractor_percentage": 1.5558698727015559,
  "compliance": false,
  "harmonic_mode": 4,
  "is_harmonic_transition": false
}