{
  "timestamp": "2026-01-25T13:13:02.721233",
  "source": "DSCOVR",
  "data_points": 1382,
  "max_chi": 0.4334224994908941,
  "mean_chi": 0.038744046679445344,
  "violations": 36,
  "attractor_percentage": 0.43415340086830684,
  "compliance": false,
  "harmonic_mode": 4,
  "is_harmonic_transition": false
}