{
  "timestamp": "2026-01-28T08:03:45.727931",
  "source": "DSCOVR",
  "data_points": 1354,
  "max_chi": 0.46483093895288324,
  "mean_chi": 0.046342169060243965,
  "violations": 74,
  "attractor_percentage": 0.7385524372230428,
  "compliance": false,
  "harmonic_mode": 4,
  "is_harmonic_transition": false
}