{
  "timestamp": "2026-02-17T17:09:18.015766",
  "source": "DSCOVR",
  "data_points": 1432,
  "max_chi": 0.4377002586381556,
  "mean_chi": 0.041408937456635146,
  "violations": 44,
  "attractor_percentage": 0.7681564245810055,
  "compliance": false,
  "harmonic_mode": 4,
  "is_harmonic_transition": false
}