{
  "timestamp": "2026-02-02T16:15:29.712521",
  "source": "DSCOVR",
  "data_points": 970,
  "max_chi": 0.2455712452421281,
  "mean_chi": 0.02732808409524696,
  "violations": 16,
  "attractor_percentage": 0.4123711340206186,
  "compliance": false,
  "harmonic_mode": 2,
  "is_harmonic_transition": false
}