{
  "timestamp": "2026-02-01T21:10:27.096166",
  "source": "DSCOVR",
  "data_points": 1385,
  "max_chi": 0.23536277232338934,
  "mean_chi": 0.03196089969120979,
  "violations": 21,
  "attractor_percentage": 0.5776173285198556,
  "compliance": false,
  "harmonic_mode": 2,
  "is_harmonic_transition": false
}