{
  "timestamp": "2026-02-11T12:34:19.346471",
  "source": "DSCOVR",
  "data_points": 1383,
  "max_chi": 0.5659650904381691,
  "mean_chi": 0.0448062351046255,
  "violations": 43,
  "attractor_percentage": 0.43383947939262474,
  "compliance": false,
  "harmonic_mode": 4,
  "is_harmonic_transition": true
}