{
  "timestamp": "2026-01-25T22:03:08.196874",
  "source": "DSCOVR",
  "data_points": 1380,
  "max_chi": 0.4334224994908941,
  "mean_chi": 0.047886398848013094,
  "violations": 70,
  "attractor_percentage": 0.5797101449275363,
  "compliance": false,
  "harmonic_mode": 4,
  "is_harmonic_transition": false
}