{
  "timestamp": "2026-02-07T09:33:31.749713",
  "source": "DSCOVR",
  "data_points": 1271,
  "max_chi": 0.34350727053542135,
  "mean_chi": 0.03140865914689673,
  "violations": 17,
  "attractor_percentage": 0.15735641227380015,
  "compliance": false,
  "harmonic_mode": 2,
  "is_harmonic_transition": false
}