{
  "timestamp": "2026-01-29T23:12:21.792247",
  "source": "DSCOVR",
  "data_points": 1345,
  "max_chi": 0.7145322182770042,
  "mean_chi": 0.06323089441635894,
  "violations": 108,
  "attractor_percentage": 1.486988847583643,
  "compliance": false,
  "harmonic_mode": 4,
  "is_harmonic_transition": false
}