{
  "timestamp": "2026-01-30T04:38:46.788242",
  "source": "DSCOVR",
  "data_points": 1344,
  "max_chi": 0.5629546513335502,
  "mean_chi": 0.054563036673268596,
  "violations": 74,
  "attractor_percentage": 1.4136904761904763,
  "compliance": false,
  "harmonic_mode": 4,
  "is_harmonic_transition": true
}