{
  "timestamp": "2026-02-14T18:33:38.284897",
  "source": "DSCOVR",
  "data_points": 1413,
  "max_chi": 0.7407047070734434,
  "mean_chi": 0.05697970185346562,
  "violations": 125,
  "attractor_percentage": 0.8492569002123143,
  "compliance": false,
  "harmonic_mode": 4,
  "is_harmonic_transition": false
}