{
  "timestamp": "2026-01-24T10:03:08.343559",
  "source": "DSCOVR",
  "data_points": 1368,
  "max_chi": 0.3383530005926538,
  "mean_chi": 0.033505160635985375,
  "violations": 21,
  "attractor_percentage": 0.21929824561403508,
  "compliance": false,
  "harmonic_mode": 2,
  "is_harmonic_transition": false
}