{
  "timestamp": "2026-02-12T21:16:19.288124",
  "source": "DSCOVR",
  "data_points": 1371,
  "max_chi": 0.3671989632063244,
  "mean_chi": 0.04828533775715683,
  "violations": 43,
  "attractor_percentage": 0.5105762217359592,
  "compliance": false,
  "harmonic_mode": 2,
  "is_harmonic_transition": false
}