{
  "timestamp": "2026-02-05T03:26:06.704480",
  "source": "DSCOVR",
  "data_points": 1392,
  "max_chi": 0.5079100513282707,
  "mean_chi": 0.0527621650507561,
  "violations": 147,
  "attractor_percentage": 0.5747126436781609,
  "compliance": false,
  "harmonic_mode": 4,
  "is_harmonic_transition": false
}