{
  "timestamp": "2026-01-28T14:09:09.281636",
  "source": "DSCOVR",
  "data_points": 1355,
  "max_chi": 0.5239917191889076,
  "mean_chi": 0.03821417895493824,
  "violations": 31,
  "attractor_percentage": 0.36900369003690037,
  "compliance": false,
  "harmonic_mode": 4,
  "is_harmonic_transition": false
}