{
  "timestamp": "2026-02-11T11:33:34.931996",
  "source": "DSCOVR",
  "data_points": 1382,
  "max_chi": 0.5659650904381691,
  "mean_chi": 0.045434291818855506,
  "violations": 47,
  "attractor_percentage": 0.361794500723589,
  "compliance": false,
  "harmonic_mode": 4,
  "is_harmonic_transition": true
}