{
  "timestamp": "2026-02-04T11:59:58.188647",
  "source": "DSCOVR",
  "data_points": 1372,
  "max_chi": 0.5633675518076471,
  "mean_chi": 0.030291602487608683,
  "violations": 52,
  "attractor_percentage": 0.1457725947521866,
  "compliance": false,
  "harmonic_mode": 4,
  "is_harmonic_transition": true
}