{
  "timestamp": "2026-02-10T17:11:45.002197",
  "source": "DSCOVR",
  "data_points": 1274,
  "max_chi": 0.4368052065607415,
  "mean_chi": 0.03449431047011153,
  "violations": 31,
  "attractor_percentage": 0.15698587127158556,
  "compliance": false,
  "harmonic_mode": 4,
  "is_harmonic_transition": false
}