{
  "timestamp": "2026-01-24T09:03:09.878685",
  "source": "DSCOVR",
  "data_points": 1365,
  "max_chi": 0.33838421175267097,
  "mean_chi": 0.035843535332333726,
  "violations": 23,
  "attractor_percentage": 0.14652014652014653,
  "compliance": false,
  "harmonic_mode": 2,
  "is_harmonic_transition": false
}