{
  "timestamp": "2026-02-05T04:19:48.708469",
  "source": "DSCOVR",
  "data_points": 1392,
  "max_chi": 0.5079100513282707,
  "mean_chi": 0.052542768242227166,
  "violations": 147,
  "attractor_percentage": 0.5747126436781609,
  "compliance": false,
  "harmonic_mode": 4,
  "is_harmonic_transition": false
}