{
  "timestamp": "2026-01-30T12:19:26.484162",
  "source": "DSCOVR",
  "data_points": 1341,
  "max_chi": 0.3787567880083877,
  "mean_chi": 0.060954530306694114,
  "violations": 93,
  "attractor_percentage": 2.162565249813572,
  "compliance": false,
  "harmonic_mode": 2,
  "is_harmonic_transition": false
}