{
  "timestamp": "2026-01-22T12:04:21.415932",
  "source": "DSCOVR",
  "data_points": 1387,
  "max_chi": 0.27908469874216063,
  "mean_chi": 0.016904648343074938,
  "violations": 3,
  "attractor_percentage": 0.0,
  "compliance": false,
  "harmonic_mode": 2,
  "is_harmonic_transition": true
}