{
  "timestamp": "2026-01-23T23:03:25.299613",
  "source": "DSCOVR",
  "data_points": 1337,
  "max_chi": 0.48421131161446795,
  "mean_chi": 0.04471652336471791,
  "violations": 51,
  "attractor_percentage": 0.8227374719521316,
  "compliance": false,
  "harmonic_mode": 4,
  "is_harmonic_transition": false
}