{
  "timestamp": "2026-02-03T18:06:33.275632",
  "source": "DSCOVR",
  "data_points": 1315,
  "max_chi": 0.26455673665249807,
  "mean_chi": 0.0315217990506166,
  "violations": 6,
  "attractor_percentage": 0.0,
  "compliance": false,
  "harmonic_mode": 2,
  "is_harmonic_transition": false
}