{
  "timestamp": "2026-02-04T11:18:49.884371",
  "source": "DSCOVR",
  "data_points": 1331,
  "max_chi": 0.5602122185069652,
  "mean_chi": 0.03042876606996676,
  "violations": 51,
  "attractor_percentage": 0.15026296018031557,
  "compliance": false,
  "harmonic_mode": 4,
  "is_harmonic_transition": true
}