{
  "timestamp": "2026-02-04T05:53:54.524570",
  "source": "DSCOVR",
  "data_points": 1314,
  "max_chi": 0.5568137470640916,
  "mean_chi": 0.03334021532403203,
  "violations": 51,
  "attractor_percentage": 0.532724505327245,
  "compliance": false,
  "harmonic_mode": 4,
  "is_harmonic_transition": true
}