{
  "timestamp": "2026-02-07T19:31:35.263957",
  "source": "DSCOVR",
  "data_points": 1266,
  "max_chi": 0.34350727053542135,
  "mean_chi": 0.025597258042701826,
  "violations": 11,
  "attractor_percentage": 0.23696682464454977,
  "compliance": false,
  "harmonic_mode": 2,
  "is_harmonic_transition": false
}