{
  "timestamp": "2026-01-30T18:18:14.141671",
  "source": "DSCOVR",
  "data_points": 1368,
  "max_chi": 0.37948236123579593,
  "mean_chi": 0.06249594677701084,
  "violations": 114,
  "attractor_percentage": 1.7543859649122806,
  "compliance": false,
  "harmonic_mode": 2,
  "is_harmonic_transition": false
}