{
  "timestamp": "2026-01-27T13:18:05.900479",
  "source": "DSCOVR",
  "data_points": 1378,
  "max_chi": 0.372146213608247,
  "mean_chi": 0.03939689429816468,
  "violations": 43,
  "attractor_percentage": 0.5805515239477503,
  "compliance": false,
  "harmonic_mode": 2,
  "is_harmonic_transition": false
}