{
  "timestamp": "2026-02-04T12:51:08.492215",
  "source": "DSCOVR",
  "data_points": 1390,
  "max_chi": 0.5633675518076471,
  "mean_chi": 0.029528919194949085,
  "violations": 52,
  "attractor_percentage": 0.14388489208633093,
  "compliance": false,
  "harmonic_mode": 4,
  "is_harmonic_transition": true
}