{
  "timestamp": "2026-02-14T21:11:38.900651",
  "source": "DSCOVR",
  "data_points": 1404,
  "max_chi": 0.7407047070734434,
  "mean_chi": 0.06030054213800363,
  "violations": 134,
  "attractor_percentage": 1.3532763532763532,
  "compliance": false,
  "harmonic_mode": 4,
  "is_harmonic_transition": false
}