{
  "timestamp": "2026-01-24T22:03:11.208194",
  "source": "DSCOVR",
  "data_points": 1373,
  "max_chi": 0.3931251482215988,
  "mean_chi": 0.02905606272581205,
  "violations": 21,
  "attractor_percentage": 0.14566642388929352,
  "compliance": false,
  "harmonic_mode": 2,
  "is_harmonic_transition": false
}