{
  "timestamp": "2026-02-12T07:38:33.670612",
  "source": "DSCOVR",
  "data_points": 1377,
  "max_chi": 0.42477406394380257,
  "mean_chi": 0.04892846842873498,
  "violations": 44,
  "attractor_percentage": 0.8714596949891068,
  "compliance": false,
  "harmonic_mode": 4,
  "is_harmonic_transition": false
}