{
  "timestamp": "2026-02-06T00:45:51.988704",
  "source": "DSCOVR",
  "data_points": 1389,
  "max_chi": 0.4918680826867727,
  "mean_chi": 0.039781891584969475,
  "violations": 51,
  "attractor_percentage": 0.7199424046076314,
  "compliance": false,
  "harmonic_mode": 4,
  "is_harmonic_transition": false
}