{
  "timestamp": "2026-02-12T17:10:33.496426",
  "source": "DSCOVR",
  "data_points": 1372,
  "max_chi": 0.4247740639438025,
  "mean_chi": 0.04936393271478951,
  "violations": 41,
  "attractor_percentage": 0.7288629737609329,
  "compliance": false,
  "harmonic_mode": 4,
  "is_harmonic_transition": false
}