{
  "timestamp": "2026-02-06T16:49:50.260633",
  "source": "DSCOVR",
  "data_points": 1391,
  "max_chi": 0.3500688113438946,
  "mean_chi": 0.031597976415277486,
  "violations": 13,
  "attractor_percentage": 0.4313443565780014,
  "compliance": false,
  "harmonic_mode": 2,
  "is_harmonic_transition": false
}