{
  "timestamp": "2026-02-04T07:49:37.087736",
  "source": "DSCOVR",
  "data_points": 1194,
  "max_chi": 0.4533463076915996,
  "mean_chi": 0.026305276691291825,
  "violations": 37,
  "attractor_percentage": 0.16750418760469013,
  "compliance": false,
  "harmonic_mode": 4,
  "is_harmonic_transition": false
}