{
  "timestamp": "2026-01-31T03:01:00.202138",
  "source": "DSCOVR",
  "data_points": 1374,
  "max_chi": 0.3537807179357953,
  "mean_chi": 0.05001801189109031,
  "violations": 79,
  "attractor_percentage": 1.455604075691412,
  "compliance": false,
  "harmonic_mode": 2,
  "is_harmonic_transition": false
}