{
  "timestamp": "2026-02-01T05:33:58.335852",
  "source": "DSCOVR",
  "data_points": 1372,
  "max_chi": 0.2577549349758032,
  "mean_chi": 0.030036710174150494,
  "violations": 18,
  "attractor_percentage": 0.5102040816326531,
  "compliance": false,
  "harmonic_mode": 2,
  "is_harmonic_transition": false
}