{
  "timestamp": "2026-02-17T12:33:07.420160",
  "source": "DSCOVR",
  "data_points": 1430,
  "max_chi": 0.4377002586381556,
  "mean_chi": 0.0417374413041123,
  "violations": 46,
  "attractor_percentage": 0.8391608391608392,
  "compliance": false,
  "harmonic_mode": 4,
  "is_harmonic_transition": false
}