{
  "timestamp": "2026-01-25T02:47:37.249576",
  "source": "DSCOVR",
  "data_points": 1378,
  "max_chi": 0.39312514822159866,
  "mean_chi": 0.031669193485262676,
  "violations": 32,
  "attractor_percentage": 0.14513788098693758,
  "compliance": false,
  "harmonic_mode": 2,
  "is_harmonic_transition": false
}