{
  "timestamp": "2026-02-06T03:25:04.802765",
  "source": "DSCOVR",
  "data_points": 1389,
  "max_chi": 0.3500688113438945,
  "mean_chi": 0.03355821402605621,
  "violations": 19,
  "attractor_percentage": 0.5039596832253419,
  "compliance": false,
  "harmonic_mode": 2,
  "is_harmonic_transition": false
}