{
  "timestamp": "2026-01-24T15:03:12.748226",
  "source": "DSCOVR",
  "data_points": 1370,
  "max_chi": 0.3931251482215988,
  "mean_chi": 0.0296612553560974,
  "violations": 18,
  "attractor_percentage": 0.072992700729927,
  "compliance": false,
  "harmonic_mode": 2,
  "is_harmonic_transition": false
}