{
  "timestamp": "2026-01-25T05:09:52.818845",
  "source": "DSCOVR",
  "data_points": 1378,
  "max_chi": 0.4334224994908942,
  "mean_chi": 0.03366719597882628,
  "violations": 37,
  "attractor_percentage": 0.21770682148040638,
  "compliance": false,
  "harmonic_mode": 4,
  "is_harmonic_transition": false
}