{
  "timestamp": "2026-01-22T08:03:36.227012",
  "source": "DSCOVR",
  "data_points": 1387,
  "max_chi": 0.27908469874216063,
  "mean_chi": 0.019813159355304047,
  "violations": 3,
  "attractor_percentage": 0.21629416005767843,
  "compliance": false,
  "harmonic_mode": 2,
  "is_harmonic_transition": true
}