{
  "timestamp": "2026-02-03T09:49:51.152211",
  "source": "DSCOVR",
  "data_points": 1387,
  "max_chi": 0.26878104587590196,
  "mean_chi": 0.030140719315578223,
  "violations": 8,
  "attractor_percentage": 0.07209805335255948,
  "compliance": false,
  "harmonic_mode": 2,
  "is_harmonic_transition": false
}