{
  "timestamp": "2026-02-05T14:10:24.309766",
  "source": "DSCOVR",
  "data_points": 1389,
  "max_chi": 0.5055961043112973,
  "mean_chi": 0.05667464379853871,
  "violations": 137,
  "attractor_percentage": 1.0079193664506838,
  "compliance": false,
  "harmonic_mode": 4,
  "is_harmonic_transition": false
}