{
  "timestamp": "2026-02-01T16:11:08.633919",
  "source": "DSCOVR",
  "data_points": 1385,
  "max_chi": 0.23536277232338934,
  "mean_chi": 0.03291616904395866,
  "violations": 22,
  "attractor_percentage": 0.5776173285198556,
  "compliance": false,
  "harmonic_mode": 2,
  "is_harmonic_transition": false
}