{
  "timestamp": "2026-02-06T18:23:54.326657",
  "source": "DSCOVR",
  "data_points": 1391,
  "max_chi": 0.3500688113438946,
  "mean_chi": 0.03327265316671156,
  "violations": 17,
  "attractor_percentage": 0.5751258087706687,
  "compliance": false,
  "harmonic_mode": 2,
  "is_harmonic_transition": false
}