{
  "timestamp": "2026-01-31T21:08:43.670919",
  "source": "DSCOVR",
  "data_points": 1373,
  "max_chi": 0.2577549349758032,
  "mean_chi": 0.0258139253275874,
  "violations": 4,
  "attractor_percentage": 0.0,
  "compliance": false,
  "harmonic_mode": 2,
  "is_harmonic_transition": false
}