{
  "timestamp": "2026-01-26T21:04:54.033787",
  "source": "DSCOVR",
  "data_points": 1367,
  "max_chi": 0.5058860881964358,
  "mean_chi": 0.044227836517701895,
  "violations": 49,
  "attractor_percentage": 0.6583760058522311,
  "compliance": false,
  "harmonic_mode": 4,
  "is_harmonic_transition": false
}