{
  "timestamp": "2026-02-09T09:08:05.059752",
  "source": "DSCOVR",
  "data_points": 1386,
  "max_chi": 0.11451900517191534,
  "mean_chi": 0.016822849728647706,
  "violations": 0,
  "attractor_percentage": 0.0,
  "compliance": true,
  "harmonic_mode": 1,
  "is_harmonic_transition": false
}