{
  "timestamp": "2026-02-13T08:01:29.734564",
  "source": "DSCOVR",
  "data_points": 1402,
  "max_chi": 0.9362195571799837,
  "mean_chi": 0.0484980287150763,
  "violations": 69,
  "attractor_percentage": 0.6419400855920114,
  "compliance": false,
  "harmonic_mode": 8,
  "is_harmonic_transition": false
}