{
  "timestamp": "2026-02-10T19:12:37.393486",
  "source": "DSCOVR",
  "data_points": 1274,
  "max_chi": 0.4368052065607415,
  "mean_chi": 0.03872750831547664,
  "violations": 37,
  "attractor_percentage": 0.15698587127158556,
  "compliance": false,
  "harmonic_mode": 4,
  "is_harmonic_transition": false
}