{
  "timestamp": "2026-02-14T12:50:05.258349",
  "source": "DSCOVR",
  "data_points": 1413,
  "max_chi": 0.7382323667181189,
  "mean_chi": 0.049046073449839155,
  "violations": 83,
  "attractor_percentage": 0.6369426751592357,
  "compliance": false,
  "harmonic_mode": 4,
  "is_harmonic_transition": false
}