{
  "timestamp": "2026-02-06T19:21:25.521661",
  "source": "DSCOVR",
  "data_points": 1391,
  "max_chi": 0.3500688113438945,
  "mean_chi": 0.03119712150186383,
  "violations": 15,
  "attractor_percentage": 0.28756290438533433,
  "compliance": false,
  "harmonic_mode": 2,
  "is_harmonic_transition": false
}