{
  "timestamp": "2026-02-11T05:37:49.051692",
  "source": "DSCOVR",
  "data_points": 1361,
  "max_chi": 0.5660494462704678,
  "mean_chi": 0.04302042758839391,
  "violations": 46,
  "attractor_percentage": 0.2204261572373255,
  "compliance": false,
  "harmonic_mode": 4,
  "is_harmonic_transition": true
}