{
  "timestamp": "2026-02-07T04:21:10.681937",
  "source": "DSCOVR",
  "data_points": 1387,
  "max_chi": 0.3448996985254661,
  "mean_chi": 0.028570971553999784,
  "violations": 14,
  "attractor_percentage": 0.07209805335255948,
  "compliance": false,
  "harmonic_mode": 2,
  "is_harmonic_transition": false
}