{
  "timestamp": "2026-02-05T09:23:28.972338",
  "source": "DSCOVR",
  "data_points": 1392,
  "max_chi": 0.5079100513282707,
  "mean_chi": 0.05482359368639515,
  "violations": 148,
  "attractor_percentage": 0.7183908045977011,
  "compliance": false,
  "harmonic_mode": 4,
  "is_harmonic_transition": false
}