{
  "timestamp": "2026-02-07T11:27:01.330369",
  "source": "DSCOVR",
  "data_points": 1270,
  "max_chi": 0.34350727053542146,
  "mean_chi": 0.02978336698430125,
  "violations": 15,
  "attractor_percentage": 0.15748031496062992,
  "compliance": false,
  "harmonic_mode": 2,
  "is_harmonic_transition": false
}