{
  "timestamp": "2026-02-11T20:52:38.451811",
  "source": "DSCOVR",
  "data_points": 1400,
  "max_chi": 0.5661374174002766,
  "mean_chi": 0.04965423039563394,
  "violations": 51,
  "attractor_percentage": 0.7857142857142858,
  "compliance": false,
  "harmonic_mode": 4,
  "is_harmonic_transition": true
}