{
  "timestamp": "2026-02-05T12:22:18.609457",
  "source": "DSCOVR",
  "data_points": 1389,
  "max_chi": 0.5055961043112973,
  "mean_chi": 0.056683040998357574,
  "violations": 147,
  "attractor_percentage": 0.8639308855291578,
  "compliance": false,
  "harmonic_mode": 4,
  "is_harmonic_transition": false
}