{
  "timestamp": "2026-02-11T09:07:09.073796",
  "source": "DSCOVR",
  "data_points": 1383,
  "max_chi": 0.5659650904381691,
  "mean_chi": 0.04241741487684643,
  "violations": 45,
  "attractor_percentage": 0.3615328994938539,
  "compliance": false,
  "harmonic_mode": 4,
  "is_harmonic_transition": true
}