{
  "timestamp": "2026-01-26T11:04:27.403023",
  "source": "DSCOVR",
  "data_points": 1367,
  "max_chi": 0.5058860881964358,
  "mean_chi": 0.04513727236478692,
  "violations": 67,
  "attractor_percentage": 0.6583760058522311,
  "compliance": false,
  "harmonic_mode": 4,
  "is_harmonic_transition": false
}