{
  "timestamp": "2026-02-11T23:45:43.539591",
  "source": "DSCOVR",
  "data_points": 1400,
  "max_chi": 0.42532310840323495,
  "mean_chi": 0.049776897617637476,
  "violations": 51,
  "attractor_percentage": 0.7857142857142858,
  "compliance": false,
  "harmonic_mode": 4,
  "is_harmonic_transition": false
}