{
  "timestamp": "2026-02-06T04:19:29.819196",
  "source": "DSCOVR",
  "data_points": 1389,
  "max_chi": 0.3500688113438946,
  "mean_chi": 0.033915957050021234,
  "violations": 19,
  "attractor_percentage": 0.5039596832253419,
  "compliance": false,
  "harmonic_mode": 2,
  "is_harmonic_transition": false
}