{
  "timestamp": "2026-01-24T06:03:28.429667",
  "source": "DSCOVR",
  "data_points": 1334,
  "max_chi": 0.3060073915466487,
  "mean_chi": 0.03840970968602232,
  "violations": 33,
  "attractor_percentage": 0.3748125937031484,
  "compliance": false,
  "harmonic_mode": 2,
  "is_harmonic_transition": true
}