{
  "timestamp": "2026-01-23T05:08:04.092698",
  "source": "DSCOVR",
  "data_points": 1385,
  "max_chi": 0.3568308363540573,
  "mean_chi": 0.028301990767413136,
  "violations": 11,
  "attractor_percentage": 0.21660649819494585,
  "compliance": false,
  "harmonic_mode": 2,
  "is_harmonic_transition": false
}