{
  "timestamp": "2026-01-25T01:31:54.386195",
  "source": "DSCOVR",
  "data_points": 1378,
  "max_chi": 0.3931251482215988,
  "mean_chi": 0.03125924808927798,
  "violations": 28,
  "attractor_percentage": 0.07256894049346879,
  "compliance": false,
  "harmonic_mode": 2,
  "is_harmonic_transition": false
}