{
  "timestamp": "2026-01-27T19:08:41.688689",
  "source": "DSCOVR",
  "data_points": 1353,
  "max_chi": 0.46483093895288324,
  "mean_chi": 0.04275916214332096,
  "violations": 65,
  "attractor_percentage": 0.6651884700665188,
  "compliance": false,
  "harmonic_mode": 4,
  "is_harmonic_transition": false
}