{
  "timestamp": "2026-02-07T06:49:43.620124",
  "source": "DSCOVR",
  "data_points": 1285,
  "max_chi": 0.3434312993489101,
  "mean_chi": 0.02860244826282645,
  "violations": 14,
  "attractor_percentage": 0.07782101167315175,
  "compliance": false,
  "harmonic_mode": 2,
  "is_harmonic_transition": false
}