{
  "timestamp": "2026-01-31T06:17:18.578614",
  "source": "DSCOVR",
  "data_points": 1374,
  "max_chi": 0.35195869378118116,
  "mean_chi": 0.04490203588684045,
  "violations": 70,
  "attractor_percentage": 1.2372634643377,
  "compliance": false,
  "harmonic_mode": 2,
  "is_harmonic_transition": false
}