{
  "timestamp": "2026-01-26T22:03:28.423921",
  "source": "DSCOVR",
  "data_points": 1365,
  "max_chi": 0.4989362821065101,
  "mean_chi": 0.0398371039218135,
  "violations": 32,
  "attractor_percentage": 0.6593406593406593,
  "compliance": false,
  "harmonic_mode": 4,
  "is_harmonic_transition": false
}