{
  "timestamp": "2026-02-02T13:33:19.390726",
  "source": "DSCOVR",
  "data_points": 970,
  "max_chi": 0.2455712452421281,
  "mean_chi": 0.030806761777227958,
  "violations": 20,
  "attractor_percentage": 0.4123711340206186,
  "compliance": false,
  "harmonic_mode": 2,
  "is_harmonic_transition": false
}