{
  "timestamp": "2026-02-05T11:19:57.229768",
  "source": "DSCOVR",
  "data_points": 1389,
  "max_chi": 0.5055961043112973,
  "mean_chi": 0.05509540696750037,
  "violations": 143,
  "attractor_percentage": 0.7919366450683946,
  "compliance": false,
  "harmonic_mode": 4,
  "is_harmonic_transition": false
}