{
  "timestamp": "2026-01-29T19:18:06.858712",
  "source": "DSCOVR",
  "data_points": 1350,
  "max_chi": 0.7145322182770042,
  "mean_chi": 0.06490251615347407,
  "violations": 103,
  "attractor_percentage": 1.3333333333333335,
  "compliance": false,
  "harmonic_mode": 4,
  "is_harmonic_transition": false
}