{
  "timestamp": "2026-01-22T18:04:47.755241",
  "source": "DSCOVR",
  "data_points": 1388,
  "max_chi": 0.27908469874216063,
  "mean_chi": 0.01843259895739165,
  "violations": 2,
  "attractor_percentage": 0.0,
  "compliance": false,
  "harmonic_mode": 2,
  "is_harmonic_transition": true
}