{
  "timestamp": "2026-02-05T07:37:21.096682",
  "source": "DSCOVR",
  "data_points": 1393,
  "max_chi": 0.5079100513282707,
  "mean_chi": 0.053760952677331504,
  "violations": 148,
  "attractor_percentage": 0.574300071787509,
  "compliance": false,
  "harmonic_mode": 4,
  "is_harmonic_transition": false
}