{
  "timestamp": "2026-01-23T00:09:26.114731",
  "source": "DSCOVR",
  "data_points": 1385,
  "max_chi": 0.13854488707128262,
  "mean_chi": 0.02030514288595825,
  "violations": 0,
  "attractor_percentage": 0.0,
  "compliance": true,
  "harmonic_mode": 1,
  "is_harmonic_transition": false
}