{
  "timestamp": "2026-02-12T08:56:29.332245",
  "source": "DSCOVR",
  "data_points": 1376,
  "max_chi": 0.4247740639438025,
  "mean_chi": 0.04969890407679953,
  "violations": 47,
  "attractor_percentage": 0.944767441860465,
  "compliance": false,
  "harmonic_mode": 4,
  "is_harmonic_transition": false
}