{
  "timestamp": "2026-02-05T00:45:42.442305",
  "source": "DSCOVR",
  "data_points": 1392,
  "max_chi": 0.5079100513282706,
  "mean_chi": 0.04379232651941546,
  "violations": 112,
  "attractor_percentage": 0.5028735632183908,
  "compliance": false,
  "harmonic_mode": 4,
  "is_harmonic_transition": false
}