{
  "timestamp": "2026-02-01T12:16:33.030037",
  "source": "DSCOVR",
  "data_points": 1383,
  "max_chi": 0.2577549349758032,
  "mean_chi": 0.030844560609427935,
  "violations": 19,
  "attractor_percentage": 0.5061460592913956,
  "compliance": false,
  "harmonic_mode": 2,
  "is_harmonic_transition": false
}