{
  "timestamp": "2026-02-14T17:12:23.866927",
  "source": "DSCOVR",
  "data_points": 1413,
  "max_chi": 0.7422282436951421,
  "mean_chi": 0.05059864896916797,
  "violations": 96,
  "attractor_percentage": 0.778485491861288,
  "compliance": false,
  "harmonic_mode": 4,
  "is_harmonic_transition": false
}