{
  "timestamp": "2026-02-09T08:33:13.666056",
  "source": "DSCOVR",
  "data_points": 1379,
  "max_chi": 0.11304662891384637,
  "mean_chi": 0.01611723882255252,
  "violations": 0,
  "attractor_percentage": 0.0,
  "compliance": true,
  "harmonic_mode": 1,
  "is_harmonic_transition": false
}