{
  "timestamp": "2026-02-07T05:25:34.424881",
  "source": "DSCOVR",
  "data_points": 1343,
  "max_chi": 0.34411573081402447,
  "mean_chi": 0.027608219954027076,
  "violations": 14,
  "attractor_percentage": 0.07446016381236038,
  "compliance": false,
  "harmonic_mode": 2,
  "is_harmonic_transition": false
}