{
  "timestamp": "2026-01-28T11:05:11.660075",
  "source": "DSCOVR",
  "data_points": 1355,
  "max_chi": 0.46483093895288324,
  "mean_chi": 0.043171304531253334,
  "violations": 57,
  "attractor_percentage": 0.8118081180811807,
  "compliance": false,
  "harmonic_mode": 4,
  "is_harmonic_transition": false
}