{
  "timestamp": "2026-01-30T11:15:13.298891",
  "source": "DSCOVR",
  "data_points": 1341,
  "max_chi": 0.3787567880083877,
  "mean_chi": 0.058283246789680956,
  "violations": 83,
  "attractor_percentage": 1.9388516032811336,
  "compliance": false,
  "harmonic_mode": 2,
  "is_harmonic_transition": false
}