{
  "timestamp": "2026-02-05T15:30:15.609112",
  "source": "DSCOVR",
  "data_points": 1389,
  "max_chi": 0.5055961043112973,
  "mean_chi": 0.050651590136533454,
  "violations": 113,
  "attractor_percentage": 0.7199424046076314,
  "compliance": false,
  "harmonic_mode": 4,
  "is_harmonic_transition": false
}