{
  "timestamp": "2026-02-12T10:24:03.741418",
  "source": "DSCOVR",
  "data_points": 1373,
  "max_chi": 0.4247740639438025,
  "mean_chi": 0.050542981678051914,
  "violations": 54,
  "attractor_percentage": 0.8011653313911145,
  "compliance": false,
  "harmonic_mode": 4,
  "is_harmonic_transition": false
}