{
  "timestamp": "2026-01-30T00:42:12.193478",
  "source": "DSCOVR",
  "data_points": 1345,
  "max_chi": 0.7145322182770042,
  "mean_chi": 0.061126446126623706,
  "violations": 104,
  "attractor_percentage": 1.412639405204461,
  "compliance": false,
  "harmonic_mode": 4,
  "is_harmonic_transition": false
}