{
  "timestamp": "2026-02-11T08:03:27.536016",
  "source": "DSCOVR",
  "data_points": 1383,
  "max_chi": 0.5659650904381691,
  "mean_chi": 0.04203077426456888,
  "violations": 42,
  "attractor_percentage": 0.21691973969631237,
  "compliance": false,
  "harmonic_mode": 4,
  "is_harmonic_transition": true
}