{
  "timestamp": "2026-02-10T13:39:14.914085",
  "source": "DSCOVR",
  "data_points": 1275,
  "max_chi": 0.4368052065607415,
  "mean_chi": 0.03325379979195816,
  "violations": 32,
  "attractor_percentage": 0.1568627450980392,
  "compliance": false,
  "harmonic_mode": 4,
  "is_harmonic_transition": false
}