{
  "timestamp": "2026-01-24T05:04:25.058715",
  "source": "DSCOVR",
  "data_points": 1171,
  "max_chi": 0.5485499974966576,
  "mean_chi": 0.030734964069900506,
  "violations": 35,
  "attractor_percentage": 0.08539709649871904,
  "compliance": false,
  "harmonic_mode": 4,
  "is_harmonic_transition": true
}