{
  "timestamp": "2026-02-05T22:49:47.586292",
  "source": "DSCOVR",
  "data_points": 1389,
  "max_chi": 0.4827469208803119,
  "mean_chi": 0.04628445570172008,
  "violations": 84,
  "attractor_percentage": 0.7199424046076314,
  "compliance": false,
  "harmonic_mode": 4,
  "is_harmonic_transition": false
}