{
  "timestamp": "2026-02-12T22:57:48.170732",
  "source": "DSCOVR",
  "data_points": 1370,
  "max_chi": 0.60005767305571,
  "mean_chi": 0.052254372632059426,
  "violations": 56,
  "attractor_percentage": 0.5109489051094891,
  "compliance": false,
  "harmonic_mode": 4,
  "is_harmonic_transition": true
}