{
  "timestamp": "2026-02-10T07:16:50.651891",
  "source": "DSCOVR",
  "data_points": 1270,
  "max_chi": 0.29657466559009565,
  "mean_chi": 0.025782100805682245,
  "violations": 14,
  "attractor_percentage": 0.0,
  "compliance": false,
  "harmonic_mode": 2,
  "is_harmonic_transition": true
}