{
  "timestamp": "2026-02-03T02:41:36.525516",
  "source": "DSCOVR",
  "data_points": 1035,
  "max_chi": 0.2522050697706796,
  "mean_chi": 0.0243890575584439,
  "violations": 6,
  "attractor_percentage": 0.1932367149758454,
  "compliance": false,
  "harmonic_mode": 2,
  "is_harmonic_transition": false
}