{
  "timestamp": "2026-01-22T07:07:35.887719",
  "source": "DSCOVR",
  "data_points": 1386,
  "max_chi": 0.27908469874216085,
  "mean_chi": 0.020766094022074594,
  "violations": 3,
  "attractor_percentage": 0.21645021645021645,
  "compliance": false,
  "harmonic_mode": 2,
  "is_harmonic_transition": true
}