{
  "timestamp": "2026-01-26T07:08:26.017778",
  "source": "DSCOVR",
  "data_points": 1378,
  "max_chi": 0.5061513255288393,
  "mean_chi": 0.047046039521636135,
  "violations": 69,
  "attractor_percentage": 0.7256894049346879,
  "compliance": false,
  "harmonic_mode": 4,
  "is_harmonic_transition": false
}