{
  "timestamp": "2026-02-06T20:33:01.893385",
  "source": "DSCOVR",
  "data_points": 1391,
  "max_chi": 0.3500688113438946,
  "mean_chi": 0.0318412132883648,
  "violations": 16,
  "attractor_percentage": 0.28756290438533433,
  "compliance": false,
  "harmonic_mode": 2,
  "is_harmonic_transition": false
}