{
  "timestamp": "2026-02-10T14:45:08.679259",
  "source": "DSCOVR",
  "data_points": 1286,
  "max_chi": 0.4368052065607415,
  "mean_chi": 0.03325659210489055,
  "violations": 32,
  "attractor_percentage": 0.15552099533437014,
  "compliance": false,
  "harmonic_mode": 4,
  "is_harmonic_transition": false
}