{
  "timestamp": "2026-01-22T23:03:47.428992",
  "source": "DSCOVR",
  "data_points": 1385,
  "max_chi": 0.13854488707128262,
  "mean_chi": 0.020551880388202586,
  "violations": 0,
  "attractor_percentage": 0.0,
  "compliance": true,
  "harmonic_mode": 1,
  "is_harmonic_transition": false
}