{
  "timestamp": "2026-02-03T20:18:28.845618",
  "source": "DSCOVR",
  "data_points": 1315,
  "max_chi": 0.5568137470640916,
  "mean_chi": 0.04195848950456244,
  "violations": 58,
  "attractor_percentage": 0.6083650190114068,
  "compliance": false,
  "harmonic_mode": 4,
  "is_harmonic_transition": true
}