{
  "timestamp": "2026-02-07T07:44:17.476628",
  "source": "DSCOVR",
  "data_points": 1276,
  "max_chi": 0.3434312993489101,
  "mean_chi": 0.028565891252785514,
  "violations": 14,
  "attractor_percentage": 0.07836990595611285,
  "compliance": false,
  "harmonic_mode": 2,
  "is_harmonic_transition": false
}