{
  "timestamp": "2026-01-30T07:23:24.411646",
  "source": "DSCOVR",
  "data_points": 1344,
  "max_chi": 0.3898388456607773,
  "mean_chi": 0.05433915744166816,
  "violations": 65,
  "attractor_percentage": 1.1160714285714286,
  "compliance": false,
  "harmonic_mode": 2,
  "is_harmonic_transition": false
}