{
  "timestamp": "2026-02-13T22:59:10.342792",
  "source": "DSCOVR",
  "data_points": 1404,
  "max_chi": 0.9362195571799837,
  "mean_chi": 0.04844105729310837,
  "violations": 87,
  "attractor_percentage": 0.7834757834757835,
  "compliance": false,
  "harmonic_mode": 8,
  "is_harmonic_transition": false
}