{
  "timestamp": "2026-02-14T22:27:05.500017",
  "source": "DSCOVR",
  "data_points": 1413,
  "max_chi": 0.7407047070734434,
  "mean_chi": 0.06272493543608594,
  "violations": 148,
  "attractor_percentage": 1.3446567586694975,
  "compliance": false,
  "harmonic_mode": 4,
  "is_harmonic_transition": false
}