{
  "timestamp": "2026-02-13T19:47:56.828994",
  "source": "DSCOVR",
  "data_points": 1404,
  "max_chi": 0.9362195571799837,
  "mean_chi": 0.04753559854621754,
  "violations": 75,
  "attractor_percentage": 0.5698005698005698,
  "compliance": false,
  "harmonic_mode": 8,
  "is_harmonic_transition": false
}