{
  "timestamp": "2026-01-31T15:09:29.359003",
  "source": "DSCOVR",
  "data_points": 1373,
  "max_chi": 0.3692916637419769,
  "mean_chi": 0.027207650724422563,
  "violations": 33,
  "attractor_percentage": 0.0,
  "compliance": false,
  "harmonic_mode": 2,
  "is_harmonic_transition": false
}