{
  "timestamp": "2026-02-06T21:33:59.809861",
  "source": "DSCOVR",
  "data_points": 1390,
  "max_chi": 0.34133398437606893,
  "mean_chi": 0.03194609084264605,
  "violations": 19,
  "attractor_percentage": 0.2158273381294964,
  "compliance": false,
  "harmonic_mode": 2,
  "is_harmonic_transition": false
}