{
  "timestamp": "2026-02-13T01:41:53.991636",
  "source": "DSCOVR",
  "data_points": 1394,
  "max_chi": 0.9306871202329543,
  "mean_chi": 0.05307700652150138,
  "violations": 63,
  "attractor_percentage": 0.5738880918220948,
  "compliance": false,
  "harmonic_mode": 8,
  "is_harmonic_transition": false
}