{
  "timestamp": "2026-02-07T23:31:09.396182",
  "source": "DSCOVR",
  "data_points": 1267,
  "max_chi": 0.34350727053542135,
  "mean_chi": 0.026871680860598712,
  "violations": 13,
  "attractor_percentage": 0.23677979479084454,
  "compliance": false,
  "harmonic_mode": 2,
  "is_harmonic_transition": false
}