{
  "timestamp": "2026-02-03T06:05:57.769414",
  "source": "DSCOVR",
  "data_points": 1238,
  "max_chi": 0.2625601547347194,
  "mean_chi": 0.027338640003760906,
  "violations": 8,
  "attractor_percentage": 0.08077544426494346,
  "compliance": false,
  "harmonic_mode": 2,
  "is_harmonic_transition": false
}