{
  "timestamp": "2026-01-26T09:08:29.337120",
  "source": "DSCOVR",
  "data_points": 1371,
  "max_chi": 0.5061513255288392,
  "mean_chi": 0.046661412827263715,
  "violations": 66,
  "attractor_percentage": 0.7293946024799417,
  "compliance": false,
  "harmonic_mode": 4,
  "is_harmonic_transition": false
}