{
  "timestamp": "2026-01-29T13:24:40.162202",
  "source": "DSCOVR",
  "data_points": 1378,
  "max_chi": 0.7157052635588392,
  "mean_chi": 0.0643703854262813,
  "violations": 108,
  "attractor_percentage": 1.0885341074020318,
  "compliance": false,
  "harmonic_mode": 4,
  "is_harmonic_transition": false
}