{
  "timestamp": "2026-02-08T15:57:46.452978",
  "source": "DSCOVR",
  "data_points": 1252,
  "max_chi": 0.31424223998599043,
  "mean_chi": 0.023653341049847437,
  "violations": 8,
  "attractor_percentage": 0.07987220447284345,
  "compliance": false,
  "harmonic_mode": 2,
  "is_harmonic_transition": true
}