{
  "timestamp": "2026-01-28T13:18:38.949163",
  "source": "DSCOVR",
  "data_points": 1355,
  "max_chi": 0.46483093895288324,
  "mean_chi": 0.039232725912955534,
  "violations": 38,
  "attractor_percentage": 0.6642066420664207,
  "compliance": false,
  "harmonic_mode": 4,
  "is_harmonic_transition": false
}