{
  "timestamp": "2026-02-03T22:32:19.709307",
  "source": "DSCOVR",
  "data_points": 1315,
  "max_chi": 0.5568137470640916,
  "mean_chi": 0.03875754716654492,
  "violations": 51,
  "attractor_percentage": 0.532319391634981,
  "compliance": false,
  "harmonic_mode": 4,
  "is_harmonic_transition": true
}