{
  "timestamp": "2026-01-27T18:05:30.782221",
  "source": "DSCOVR",
  "data_points": 1353,
  "max_chi": 0.4648309389528832,
  "mean_chi": 0.043123413596661955,
  "violations": 64,
  "attractor_percentage": 0.5912786400591279,
  "compliance": false,
  "harmonic_mode": 4,
  "is_harmonic_transition": false
}