{
  "timestamp": "2026-02-11T20:01:33.964022",
  "source": "DSCOVR",
  "data_points": 1400,
  "max_chi": 0.5661374174002766,
  "mean_chi": 0.049777590254335105,
  "violations": 51,
  "attractor_percentage": 0.6428571428571428,
  "compliance": false,
  "harmonic_mode": 4,
  "is_harmonic_transition": true
}