{
  "timestamp": "2026-01-31T11:09:48.999484",
  "source": "DSCOVR",
  "data_points": 1376,
  "max_chi": 0.35052302701105603,
  "mean_chi": 0.03332661574790223,
  "violations": 38,
  "attractor_percentage": 0.2180232558139535,
  "compliance": false,
  "harmonic_mode": 2,
  "is_harmonic_transition": false
}