{
  "timestamp": "2026-02-14T06:49:50.237441",
  "source": "DSCOVR",
  "data_points": 1403,
  "max_chi": 0.7382323667181189,
  "mean_chi": 0.04283794705268365,
  "violations": 60,
  "attractor_percentage": 0.5702066999287242,
  "compliance": false,
  "harmonic_mode": 4,
  "is_harmonic_transition": false
}