{
  "timestamp": "2026-02-10T06:12:38.728212",
  "source": "DSCOVR",
  "data_points": 1201,
  "max_chi": 0.5829369087410085,
  "mean_chi": 0.03584279748396024,
  "violations": 56,
  "attractor_percentage": 0.4995836802664446,
  "compliance": false,
  "harmonic_mode": 4,
  "is_harmonic_transition": true
}