{
  "timestamp": "2026-02-07T09:14:55.921567",
  "source": "DSCOVR",
  "data_points": 1271,
  "max_chi": 0.34350727053542135,
  "mean_chi": 0.03120347025600345,
  "violations": 20,
  "attractor_percentage": 0.23603461841070023,
  "compliance": false,
  "harmonic_mode": 2,
  "is_harmonic_transition": false
}