{
  "timestamp": "2026-02-08T08:34:17.185629",
  "source": "DSCOVR",
  "data_points": 1261,
  "max_chi": 0.31424223998599043,
  "mean_chi": 0.026900122790900177,
  "violations": 12,
  "attractor_percentage": 0.1586042823156225,
  "compliance": false,
  "harmonic_mode": 2,
  "is_harmonic_transition": true
}