{
  "timestamp": "2026-01-26T14:07:20.376107",
  "source": "DSCOVR",
  "data_points": 1366,
  "max_chi": 0.5058860881964358,
  "mean_chi": 0.046529400368516806,
  "violations": 68,
  "attractor_percentage": 0.5124450951683748,
  "compliance": false,
  "harmonic_mode": 4,
  "is_harmonic_transition": false
}