{
  "timestamp": "2026-02-04T23:12:35.859430",
  "source": "DSCOVR",
  "data_points": 1391,
  "max_chi": 0.5055961043112974,
  "mean_chi": 0.03583005727529157,
  "violations": 83,
  "attractor_percentage": 0.2156721782890007,
  "compliance": false,
  "harmonic_mode": 4,
  "is_harmonic_transition": false
}