{
  "timestamp": "2026-01-30T22:10:12.736368",
  "source": "DSCOVR",
  "data_points": 1373,
  "max_chi": 0.3537807179357953,
  "mean_chi": 0.0558194666684718,
  "violations": 96,
  "attractor_percentage": 1.529497450837582,
  "compliance": false,
  "harmonic_mode": 2,
  "is_harmonic_transition": false
}