{
  "timestamp": "2026-01-24T01:31:21.839710",
  "source": "DSCOVR",
  "data_points": 1308,
  "max_chi": 0.48504586775589603,
  "mean_chi": 0.04722190599706783,
  "violations": 58,
  "attractor_percentage": 0.9174311926605505,
  "compliance": false,
  "harmonic_mode": 4,
  "is_harmonic_transition": false
}