{
  "timestamp": "2026-02-13T06:30:56.048524",
  "source": "DSCOVR",
  "data_points": 1396,
  "max_chi": 0.9362195571799837,
  "mean_chi": 0.05156598405979201,
  "violations": 75,
  "attractor_percentage": 0.7163323782234957,
  "compliance": false,
  "harmonic_mode": 8,
  "is_harmonic_transition": false
}