{
  "timestamp": "2026-01-26T13:17:34.690572",
  "source": "DSCOVR",
  "data_points": 1366,
  "max_chi": 0.5058860881964358,
  "mean_chi": 0.047449082010223624,
  "violations": 69,
  "attractor_percentage": 0.5856515373352855,
  "compliance": false,
  "harmonic_mode": 4,
  "is_harmonic_transition": false
}