{
  "timestamp": "2026-02-04T22:28:59.217086",
  "source": "DSCOVR",
  "data_points": 1392,
  "max_chi": 0.4330596122773276,
  "mean_chi": 0.03153611735644354,
  "violations": 64,
  "attractor_percentage": 0.28735632183908044,
  "compliance": false,
  "harmonic_mode": 4,
  "is_harmonic_transition": false
}