{
  "timestamp": "2026-01-23T17:06:51.674472",
  "source": "DSCOVR",
  "data_points": 1335,
  "max_chi": 0.48421131161446795,
  "mean_chi": 0.04424540811574383,
  "violations": 49,
  "attractor_percentage": 0.8239700374531835,
  "compliance": false,
  "harmonic_mode": 4,
  "is_harmonic_transition": false
}