{
  "timestamp": "2026-01-28T18:05:59.000051",
  "source": "DSCOVR",
  "data_points": 1379,
  "max_chi": 0.42980820738699255,
  "mean_chi": 0.033204124469201166,
  "violations": 15,
  "attractor_percentage": 0.36258158085569253,
  "compliance": false,
  "harmonic_mode": 4,
  "is_harmonic_transition": false
}