{
  "timestamp": "2026-02-12T09:50:22.587558",
  "source": "DSCOVR",
  "data_points": 1376,
  "max_chi": 0.4247740639438025,
  "mean_chi": 0.0494236690885622,
  "violations": 48,
  "attractor_percentage": 0.872093023255814,
  "compliance": false,
  "harmonic_mode": 4,
  "is_harmonic_transition": false
}