{
  "timestamp": "2026-02-14T18:14:52.911248",
  "source": "DSCOVR",
  "data_points": 1413,
  "max_chi": 0.7407047070734434,
  "mean_chi": 0.05491130683089605,
  "violations": 116,
  "attractor_percentage": 0.9907997169143666,
  "compliance": false,
  "harmonic_mode": 4,
  "is_harmonic_transition": false
}