{
  "timestamp": "2026-02-08T23:56:11.368413",
  "source": "DSCOVR",
  "data_points": 1254,
  "max_chi": 0.30560707372635965,
  "mean_chi": 0.020513052343564316,
  "violations": 1,
  "attractor_percentage": 0.0,
  "compliance": false,
  "harmonic_mode": 2,
  "is_harmonic_transition": true
}