{
  "timestamp": "2026-02-10T08:24:19.324447",
  "source": "DSCOVR",
  "data_points": 1273,
  "max_chi": 0.437603288237584,
  "mean_chi": 0.028594006196014522,
  "violations": 18,
  "attractor_percentage": 0.0,
  "compliance": false,
  "harmonic_mode": 4,
  "is_harmonic_transition": false
}