{
  "timestamp": "2026-01-23T22:03:22.257366",
  "source": "DSCOVR",
  "data_points": 1338,
  "max_chi": 0.484211311614468,
  "mean_chi": 0.045244981714870874,
  "violations": 51,
  "attractor_percentage": 0.8221225710014948,
  "compliance": false,
  "harmonic_mode": 4,
  "is_harmonic_transition": false
}