{
  "timestamp": "2026-01-25T07:04:33.990178",
  "source": "DSCOVR",
  "data_points": 1378,
  "max_chi": 0.4334224994908941,
  "mean_chi": 0.03469391329157003,
  "violations": 37,
  "attractor_percentage": 0.29027576197387517,
  "compliance": false,
  "harmonic_mode": 4,
  "is_harmonic_transition": false
}