{
  "timestamp": "2026-02-05T21:15:03.533994",
  "source": "DSCOVR",
  "data_points": 1389,
  "max_chi": 0.5055961043112974,
  "mean_chi": 0.0535962825248063,
  "violations": 116,
  "attractor_percentage": 0.9359251259899208,
  "compliance": false,
  "harmonic_mode": 4,
  "is_harmonic_transition": false
}