{
  "timestamp": "2026-01-26T08:03:56.578462",
  "source": "DSCOVR",
  "data_points": 1086,
  "max_chi": 0.39023777024166156,
  "mean_chi": 0.039865584455858756,
  "violations": 25,
  "attractor_percentage": 0.3683241252302026,
  "compliance": false,
  "harmonic_mode": 2,
  "is_harmonic_transition": false
}