{
  "timestamp": "2026-02-03T13:33:02.187858",
  "source": "DSCOVR",
  "data_points": 1317,
  "max_chi": 0.26455673665249807,
  "mean_chi": 0.029941175982771632,
  "violations": 8,
  "attractor_percentage": 0.15186028853454822,
  "compliance": false,
  "harmonic_mode": 2,
  "is_harmonic_transition": false
}