{
  "timestamp": "2026-02-11T23:58:47.000436",
  "source": "DSCOVR",
  "data_points": 1400,
  "max_chi": 0.4253231084032349,
  "mean_chi": 0.050010736065500244,
  "violations": 51,
  "attractor_percentage": 0.7857142857142858,
  "compliance": false,
  "harmonic_mode": 4,
  "is_harmonic_transition": false
}