{
  "timestamp": "2026-01-24T08:03:32.129261",
  "source": "DSCOVR",
  "data_points": 1333,
  "max_chi": 0.3386481801866094,
  "mean_chi": 0.035836932338908604,
  "violations": 24,
  "attractor_percentage": 0.3750937734433608,
  "compliance": false,
  "harmonic_mode": 2,
  "is_harmonic_transition": false
}