{
  "timestamp": "2026-02-13T16:22:27.696287",
  "source": "DSCOVR",
  "data_points": 1403,
  "max_chi": 0.9362195571799837,
  "mean_chi": 0.049798334982722396,
  "violations": 82,
  "attractor_percentage": 0.5702066999287242,
  "compliance": false,
  "harmonic_mode": 8,
  "is_harmonic_transition": false
}