{
  "timestamp": "2026-01-22T21:05:34.808490",
  "source": "DSCOVR",
  "data_points": 1387,
  "max_chi": 0.19324949806054037,
  "mean_chi": 0.019502557693372363,
  "violations": 1,
  "attractor_percentage": 0.0,
  "compliance": false,
  "harmonic_mode": 1,
  "is_harmonic_transition": false
}