{
  "timestamp": "2026-02-03T05:05:35.696001",
  "source": "DSCOVR",
  "data_points": 1178,
  "max_chi": 0.25996912080187656,
  "mean_chi": 0.02601065639803042,
  "violations": 7,
  "attractor_percentage": 0.08488964346349745,
  "compliance": false,
  "harmonic_mode": 2,
  "is_harmonic_transition": false
}