{
  "timestamp": "2026-02-03T07:08:27.386743",
  "source": "DSCOVR",
  "data_points": 1300,
  "max_chi": 0.26455673665249807,
  "mean_chi": 0.027829449746557537,
  "violations": 8,
  "attractor_percentage": 0.15384615384615385,
  "compliance": false,
  "harmonic_mode": 2,
  "is_harmonic_transition": false
}