{
  "timestamp": "2026-01-30T06:23:33.719458",
  "source": "DSCOVR",
  "data_points": 1344,
  "max_chi": 0.6040827130008756,
  "mean_chi": 0.054399364318655816,
  "violations": 67,
  "attractor_percentage": 1.1904761904761905,
  "compliance": false,
  "harmonic_mode": 4,
  "is_harmonic_transition": true
}