{
  "timestamp": "2026-01-23T18:03:58.271009",
  "source": "DSCOVR",
  "data_points": 1334,
  "max_chi": 0.48421131161446795,
  "mean_chi": 0.04457423220548595,
  "violations": 49,
  "attractor_percentage": 0.8245877061469266,
  "compliance": false,
  "harmonic_mode": 4,
  "is_harmonic_transition": false
}