{
  "timestamp": "2026-01-29T20:12:49.360748",
  "source": "DSCOVR",
  "data_points": 1350,
  "max_chi": 0.7145322182770042,
  "mean_chi": 0.062118629549968676,
  "violations": 94,
  "attractor_percentage": 1.1111111111111112,
  "compliance": false,
  "harmonic_mode": 4,
  "is_harmonic_transition": false
}