{
  "timestamp": "2026-02-10T06:44:29.219341",
  "source": "DSCOVR",
  "data_points": 1266,
  "max_chi": 0.29657466559009565,
  "mean_chi": 0.025574528251874742,
  "violations": 13,
  "attractor_percentage": 0.0,
  "compliance": false,
  "harmonic_mode": 2,
  "is_harmonic_transition": true
}