{
  "timestamp": "2026-02-09T02:43:16.447366",
  "source": "DSCOVR",
  "data_points": 1362,
  "max_chi": 0.3070544164912369,
  "mean_chi": 0.01978452064698618,
  "violations": 1,
  "attractor_percentage": 0.0,
  "compliance": false,
  "harmonic_mode": 2,
  "is_harmonic_transition": true
}