{
  "timestamp": "2026-02-02T08:21:09.004765",
  "source": "DSCOVR",
  "data_points": 1034,
  "max_chi": 0.2395305376829544,
  "mean_chi": 0.03149296151783287,
  "violations": 21,
  "attractor_percentage": 0.3868471953578337,
  "compliance": false,
  "harmonic_mode": 2,
  "is_harmonic_transition": false
}