{
  "timestamp": "2026-02-11T02:44:59.622072",
  "source": "DSCOVR",
  "data_points": 1274,
  "max_chi": 0.565538709289389,
  "mean_chi": 0.04008919679312653,
  "violations": 35,
  "attractor_percentage": 0.23547880690737832,
  "compliance": false,
  "harmonic_mode": 4,
  "is_harmonic_transition": true
}