{
  "timestamp": "2026-01-28T03:32:24.366142",
  "source": "DSCOVR",
  "data_points": 1353,
  "max_chi": 0.46483093895288324,
  "mean_chi": 0.042213033116987465,
  "violations": 67,
  "attractor_percentage": 0.7390983000739099,
  "compliance": false,
  "harmonic_mode": 4,
  "is_harmonic_transition": false
}