{
  "timestamp": "2026-01-26T03:37:25.055472",
  "source": "DSCOVR",
  "data_points": 1378,
  "max_chi": 0.5061513255288392,
  "mean_chi": 0.04700416628995075,
  "violations": 64,
  "attractor_percentage": 0.5805515239477503,
  "compliance": false,
  "harmonic_mode": 4,
  "is_harmonic_transition": false
}