{
  "timestamp": "2026-01-23T11:04:10.090250",
  "source": "DSCOVR",
  "data_points": 1335,
  "max_chi": 0.484211311614468,
  "mean_chi": 0.04033010685642526,
  "violations": 45,
  "attractor_percentage": 0.6741573033707865,
  "compliance": false,
  "harmonic_mode": 4,
  "is_harmonic_transition": false
}