{
  "timestamp": "2026-02-05T13:34:44.822655",
  "source": "DSCOVR",
  "data_points": 1389,
  "max_chi": 0.5055961043112973,
  "mean_chi": 0.05837741731108874,
  "violations": 151,
  "attractor_percentage": 0.8639308855291578,
  "compliance": false,
  "harmonic_mode": 4,
  "is_harmonic_transition": false
}