{
  "timestamp": "2026-02-12T05:37:12.194451",
  "source": "DSCOVR",
  "data_points": 1374,
  "max_chi": 0.4247740639438025,
  "mean_chi": 0.04799811470257478,
  "violations": 43,
  "attractor_percentage": 0.9461426491994178,
  "compliance": false,
  "harmonic_mode": 4,
  "is_harmonic_transition": false
}