{
  "timestamp": "2026-02-10T08:51:07.559392",
  "source": "DSCOVR",
  "data_points": 1273,
  "max_chi": 0.4368052065607415,
  "mean_chi": 0.028530708675003204,
  "violations": 18,
  "attractor_percentage": 0.0,
  "compliance": false,
  "harmonic_mode": 4,
  "is_harmonic_transition": false
}