{
  "timestamp": "2026-02-02T06:33:04.404482",
  "source": "DSCOVR",
  "data_points": 1092,
  "max_chi": 0.24023035403655263,
  "mean_chi": 0.031385125122310356,
  "violations": 23,
  "attractor_percentage": 0.27472527472527475,
  "compliance": false,
  "harmonic_mode": 2,
  "is_harmonic_transition": false
}