{
  "timestamp": "2026-02-05T18:51:32.641794",
  "source": "DSCOVR",
  "data_points": 1389,
  "max_chi": 0.5055961043112974,
  "mean_chi": 0.05209434718613318,
  "violations": 115,
  "attractor_percentage": 0.7919366450683946,
  "compliance": false,
  "harmonic_mode": 4,
  "is_harmonic_transition": false
}