{
  "timestamp": "2026-02-07T20:45:19.611367",
  "source": "DSCOVR",
  "data_points": 1267,
  "max_chi": 0.34350727053542135,
  "mean_chi": 0.024222410250305287,
  "violations": 8,
  "attractor_percentage": 0.15785319652722968,
  "compliance": false,
  "harmonic_mode": 2,
  "is_harmonic_transition": false
}