{
  "timestamp": "2026-02-10T14:15:05.801290",
  "source": "DSCOVR",
  "data_points": 1276,
  "max_chi": 0.4368052065607415,
  "mean_chi": 0.033461566342704564,
  "violations": 32,
  "attractor_percentage": 0.1567398119122257,
  "compliance": false,
  "harmonic_mode": 4,
  "is_harmonic_transition": false
}