{
  "timestamp": "2026-02-07T19:14:15.617083",
  "source": "DSCOVR",
  "data_points": 1266,
  "max_chi": 0.34350727053542135,
  "mean_chi": 0.02573735739611698,
  "violations": 13,
  "attractor_percentage": 0.1579778830963665,
  "compliance": false,
  "harmonic_mode": 2,
  "is_harmonic_transition": false
}