{
  "timestamp": "2026-01-29T14:14:14.636494",
  "source": "DSCOVR",
  "data_points": 1378,
  "max_chi": 0.7157052635588392,
  "mean_chi": 0.0663783253322872,
  "violations": 114,
  "attractor_percentage": 1.1611030478955007,
  "compliance": false,
  "harmonic_mode": 4,
  "is_harmonic_transition": false
}