{
  "timestamp": "2026-02-09T01:58:06.478184",
  "source": "DSCOVR",
  "data_points": 1317,
  "max_chi": 0.3067510715752498,
  "mean_chi": 0.019908578676495793,
  "violations": 1,
  "attractor_percentage": 0.0,
  "compliance": false,
  "harmonic_mode": 2,
  "is_harmonic_transition": true
}