{
  "timestamp": "2026-01-24T02:36:24.066911",
  "source": "DSCOVR",
  "data_points": 1334,
  "max_chi": 0.48421131161446795,
  "mean_chi": 0.0442205441237983,
  "violations": 50,
  "attractor_percentage": 0.8245877061469266,
  "compliance": false,
  "harmonic_mode": 4,
  "is_harmonic_transition": false
}