{
  "timestamp": "2026-02-13T03:44:30.374334",
  "source": "DSCOVR",
  "data_points": 1395,
  "max_chi": 0.9362195571799837,
  "mean_chi": 0.05614759852729729,
  "violations": 81,
  "attractor_percentage": 0.7168458781362007,
  "compliance": false,
  "harmonic_mode": 8,
  "is_harmonic_transition": false
}