{
  "timestamp": "2026-02-07T15:27:20.597002",
  "source": "DSCOVR",
  "data_points": 1269,
  "max_chi": 0.34350727053542146,
  "mean_chi": 0.02914829484025383,
  "violations": 17,
  "attractor_percentage": 0.15760441292356187,
  "compliance": false,
  "harmonic_mode": 2,
  "is_harmonic_transition": false
}