{
  "timestamp": "2026-02-06T23:12:41.830121",
  "source": "DSCOVR",
  "data_points": 1390,
  "max_chi": 0.3161648636555493,
  "mean_chi": 0.03039633326748974,
  "violations": 15,
  "attractor_percentage": 0.14388489208633093,
  "compliance": false,
  "harmonic_mode": 2,
  "is_harmonic_transition": true
}