{
  "timestamp": "2026-01-26T15:06:07.836922",
  "source": "DSCOVR",
  "data_points": 1365,
  "max_chi": 0.5058860881964358,
  "mean_chi": 0.04689764368237001,
  "violations": 69,
  "attractor_percentage": 0.5860805860805861,
  "compliance": false,
  "harmonic_mode": 4,
  "is_harmonic_transition": false
}