{
  "timestamp": "2026-02-01T15:10:48.868988",
  "source": "DSCOVR",
  "data_points": 1385,
  "max_chi": 0.25979957161006295,
  "mean_chi": 0.03372999540721193,
  "violations": 22,
  "attractor_percentage": 0.5054151624548736,
  "compliance": false,
  "harmonic_mode": 2,
  "is_harmonic_transition": false
}