{
  "timestamp": "2026-02-11T15:38:30.474420",
  "source": "DSCOVR",
  "data_points": 1400,
  "max_chi": 0.5661374174002766,
  "mean_chi": 0.04807422247151607,
  "violations": 54,
  "attractor_percentage": 0.7142857142857143,
  "compliance": false,
  "harmonic_mode": 4,
  "is_harmonic_transition": true
}