{
  "timestamp": "2026-01-27T12:05:00.011846",
  "source": "DSCOVR",
  "data_points": 1377,
  "max_chi": 0.372146213608247,
  "mean_chi": 0.039781668938308055,
  "violations": 41,
  "attractor_percentage": 0.6535947712418301,
  "compliance": false,
  "harmonic_mode": 2,
  "is_harmonic_transition": false
}