{
  "timestamp": "2026-01-22T22:04:08.746442",
  "source": "DSCOVR",
  "data_points": 1387,
  "max_chi": 0.1832014636313418,
  "mean_chi": 0.019593354617625777,
  "violations": 1,
  "attractor_percentage": 0.0,
  "compliance": false,
  "harmonic_mode": 1,
  "is_harmonic_transition": false
}