{
  "timestamp": "2026-02-01T04:50:28.589521",
  "source": "DSCOVR",
  "data_points": 1372,
  "max_chi": 0.2577549349758032,
  "mean_chi": 0.030741293271741566,
  "violations": 19,
  "attractor_percentage": 0.5102040816326531,
  "compliance": false,
  "harmonic_mode": 2,
  "is_harmonic_transition": false
}