{
  "timestamp": "2026-01-31T23:09:35.734130",
  "source": "DSCOVR",
  "data_points": 1374,
  "max_chi": 0.2577549349758032,
  "mean_chi": 0.025555587844029285,
  "violations": 4,
  "attractor_percentage": 0.0,
  "compliance": false,
  "harmonic_mode": 2,
  "is_harmonic_transition": false
}