{
  "timestamp": "2026-02-13T22:33:50.306121",
  "source": "DSCOVR",
  "data_points": 1404,
  "max_chi": 0.9362195571799837,
  "mean_chi": 0.04871229499099298,
  "violations": 87,
  "attractor_percentage": 0.7122507122507122,
  "compliance": false,
  "harmonic_mode": 8,
  "is_harmonic_transition": false
}