{
  "timestamp": "2026-02-02T04:35:47.193182",
  "source": "DSCOVR",
  "data_points": 209,
  "max_chi": 0.22244474936368178,
  "mean_chi": 0.03076909372087522,
  "violations": 6,
  "attractor_percentage": 0.0,
  "compliance": false,
  "harmonic_mode": 2,
  "is_harmonic_transition": false
}