{
  "timestamp": "2026-02-08T06:06:58.168254",
  "source": "DSCOVR",
  "data_points": 1238,
  "max_chi": 0.3135730804604371,
  "mean_chi": 0.028806820115945774,
  "violations": 11,
  "attractor_percentage": 0.32310177705977383,
  "compliance": false,
  "harmonic_mode": 2,
  "is_harmonic_transition": true
}