{
  "timestamp": "2026-02-11T09:36:37.452198",
  "source": "DSCOVR",
  "data_points": 1383,
  "max_chi": 0.5659650904381691,
  "mean_chi": 0.04349400531518345,
  "violations": 44,
  "attractor_percentage": 0.28922631959508316,
  "compliance": false,
  "harmonic_mode": 4,
  "is_harmonic_transition": true
}