{
  "timestamp": "2026-02-07T05:49:08.308694",
  "source": "DSCOVR",
  "data_points": 1319,
  "max_chi": 0.34390183699689564,
  "mean_chi": 0.02761074826266443,
  "violations": 14,
  "attractor_percentage": 0.0758150113722517,
  "compliance": false,
  "harmonic_mode": 2,
  "is_harmonic_transition": false
}