{
  "timestamp": "2026-01-23T09:06:46.279857",
  "source": "DSCOVR",
  "data_points": 1134,
  "max_chi": 0.8220409913820159,
  "mean_chi": 0.03773466310270659,
  "violations": 45,
  "attractor_percentage": 0.26455026455026454,
  "compliance": false,
  "harmonic_mode": 8,
  "is_harmonic_transition": false
}