{
  "timestamp": "2026-02-08T11:42:08.798789",
  "source": "DSCOVR",
  "data_points": 1251,
  "max_chi": 0.3142422399859905,
  "mean_chi": 0.025888157069323167,
  "violations": 10,
  "attractor_percentage": 0.07993605115907274,
  "compliance": false,
  "harmonic_mode": 2,
  "is_harmonic_transition": true
}