{
  "timestamp": "2026-02-04T18:27:25.005455",
  "source": "DSCOVR",
  "data_points": 1392,
  "max_chi": 0.5324770573961588,
  "mean_chi": 0.03185476816609111,
  "violations": 79,
  "attractor_percentage": 0.28735632183908044,
  "compliance": false,
  "harmonic_mode": 4,
  "is_harmonic_transition": false
}