{
  "timestamp": "2026-02-13T11:21:09.594415",
  "source": "DSCOVR",
  "data_points": 1403,
  "max_chi": 0.9362195571799837,
  "mean_chi": 0.050144152738764644,
  "violations": 80,
  "attractor_percentage": 0.7127583749109052,
  "compliance": false,
  "harmonic_mode": 8,
  "is_harmonic_transition": false
}