{
  "timestamp": "2026-02-14T21:43:05.822776",
  "source": "DSCOVR",
  "data_points": 1413,
  "max_chi": 0.7407047070734434,
  "mean_chi": 0.0595788902529595,
  "violations": 130,
  "attractor_percentage": 1.2738853503184715,
  "compliance": false,
  "harmonic_mode": 4,
  "is_harmonic_transition": false
}