{
  "timestamp": "2026-02-11T16:10:42.647893",
  "source": "DSCOVR",
  "data_points": 1400,
  "max_chi": 0.5661374174002766,
  "mean_chi": 0.046763065165903235,
  "violations": 49,
  "attractor_percentage": 0.5,
  "compliance": false,
  "harmonic_mode": 4,
  "is_harmonic_transition": true
}