{
  "timestamp": "2026-02-14T05:52:37.268081",
  "source": "DSCOVR",
  "data_points": 1393,
  "max_chi": 0.7382323667181189,
  "mean_chi": 0.04240851525877477,
  "violations": 60,
  "attractor_percentage": 0.574300071787509,
  "compliance": false,
  "harmonic_mode": 4,
  "is_harmonic_transition": false
}