{
  "timestamp": "2026-02-14T14:30:34.876059",
  "source": "DSCOVR",
  "data_points": 1413,
  "max_chi": 0.7346517751301022,
  "mean_chi": 0.051754768298368954,
  "violations": 95,
  "attractor_percentage": 1.0615711252653928,
  "compliance": false,
  "harmonic_mode": 4,
  "is_harmonic_transition": false
}