{
  "timestamp": "2026-02-05T23:27:36.061099",
  "source": "DSCOVR",
  "data_points": 1389,
  "max_chi": 0.4827469208803119,
  "mean_chi": 0.04504279487830966,
  "violations": 80,
  "attractor_percentage": 0.7199424046076314,
  "compliance": false,
  "harmonic_mode": 4,
  "is_harmonic_transition": false
}