{
  "timestamp": "2026-02-10T12:57:09.008133",
  "source": "DSCOVR",
  "data_points": 1274,
  "max_chi": 0.4368052065607415,
  "mean_chi": 0.03311229801686593,
  "violations": 36,
  "attractor_percentage": 0.3139717425431711,
  "compliance": false,
  "harmonic_mode": 4,
  "is_harmonic_transition": false
}