{
  "timestamp": "2026-02-06T17:21:48.173327",
  "source": "DSCOVR",
  "data_points": 1391,
  "max_chi": 0.3500688113438946,
  "mean_chi": 0.03248082379747083,
  "violations": 14,
  "attractor_percentage": 0.503235082674335,
  "compliance": false,
  "harmonic_mode": 2,
  "is_harmonic_transition": false
}