{
  "timestamp": "2026-01-23T08:03:40.211303",
  "source": "DSCOVR",
  "data_points": 1384,
  "max_chi": 0.48262444036593743,
  "mean_chi": 0.0345332018414097,
  "violations": 32,
  "attractor_percentage": 0.36127167630057805,
  "compliance": false,
  "harmonic_mode": 4,
  "is_harmonic_transition": false
}