{
  "timestamp": "2026-02-10T22:03:00.641846",
  "source": "DSCOVR",
  "data_points": 1273,
  "max_chi": 0.5680248554383861,
  "mean_chi": 0.043123763712017246,
  "violations": 42,
  "attractor_percentage": 0.2356637863315004,
  "compliance": false,
  "harmonic_mode": 4,
  "is_harmonic_transition": true
}