{
  "timestamp": "2026-02-14T04:23:59.455952",
  "source": "DSCOVR",
  "data_points": 1404,
  "max_chi": 0.7382323667181189,
  "mean_chi": 0.041229708253946826,
  "violations": 60,
  "attractor_percentage": 0.5698005698005698,
  "compliance": false,
  "harmonic_mode": 4,
  "is_harmonic_transition": false
}