{
  "timestamp": "2026-01-31T05:22:12.194871",
  "source": "DSCOVR",
  "data_points": 1374,
  "max_chi": 0.3537807179357953,
  "mean_chi": 0.04637083086326033,
  "violations": 73,
  "attractor_percentage": 1.2372634643377,
  "compliance": false,
  "harmonic_mode": 2,
  "is_harmonic_transition": false
}