{
  "timestamp": "2026-02-04T16:50:24.076407",
  "source": "DSCOVR",
  "data_points": 1392,
  "max_chi": 0.5633010722666697,
  "mean_chi": 0.03578898926524143,
  "violations": 91,
  "attractor_percentage": 0.43103448275862066,
  "compliance": false,
  "harmonic_mode": 4,
  "is_harmonic_transition": true
}