{
  "timestamp": "2026-01-27T04:19:57.829974",
  "source": "DSCOVR",
  "data_points": 1371,
  "max_chi": 0.3824780996766417,
  "mean_chi": 0.03969460887659851,
  "violations": 22,
  "attractor_percentage": 0.5835156819839533,
  "compliance": false,
  "harmonic_mode": 2,
  "is_harmonic_transition": false
}