{
  "timestamp": "2026-02-14T15:11:33.223322",
  "source": "DSCOVR",
  "data_points": 1413,
  "max_chi": 0.6309495175730242,
  "mean_chi": 0.04718947933010321,
  "violations": 84,
  "attractor_percentage": 0.6369426751592357,
  "compliance": false,
  "harmonic_mode": 4,
  "is_harmonic_transition": true
}