{
  "timestamp": "2026-01-28T09:08:44.318506",
  "source": "DSCOVR",
  "data_points": 1355,
  "max_chi": 0.46483093895288324,
  "mean_chi": 0.046315197144106285,
  "violations": 69,
  "attractor_percentage": 0.8856088560885609,
  "compliance": false,
  "harmonic_mode": 4,
  "is_harmonic_transition": false
}