{
  "timestamp": "2026-02-03T14:09:47.402171",
  "source": "DSCOVR",
  "data_points": 1317,
  "max_chi": 0.26455673665249824,
  "mean_chi": 0.02988014030336581,
  "violations": 8,
  "attractor_percentage": 0.15186028853454822,
  "compliance": false,
  "harmonic_mode": 2,
  "is_harmonic_transition": false
}