{
  "timestamp": "2026-01-22T15:07:14.649771",
  "source": "DSCOVR",
  "data_points": 1387,
  "max_chi": 0.27908469874216063,
  "mean_chi": 0.016958228003332146,
  "violations": 2,
  "attractor_percentage": 0.0,
  "compliance": false,
  "harmonic_mode": 2,
  "is_harmonic_transition": true
}