{
  "timestamp": "2026-01-24T14:03:22.148190",
  "source": "DSCOVR",
  "data_points": 1370,
  "max_chi": 0.39312514822159866,
  "mean_chi": 0.02945611060103377,
  "violations": 18,
  "attractor_percentage": 0.072992700729927,
  "compliance": false,
  "harmonic_mode": 2,
  "is_harmonic_transition": false
}