{
  "timestamp": "2026-02-14T23:43:14.486596",
  "source": "DSCOVR",
  "data_points": 1414,
  "max_chi": 0.7407047070734434,
  "mean_chi": 0.06871617390284754,
  "violations": 173,
  "attractor_percentage": 1.5558698727015559,
  "compliance": false,
  "harmonic_mode": 4,
  "is_harmonic_transition": false
}