{
  "timestamp": "2026-01-26T04:25:28.692405",
  "source": "DSCOVR",
  "data_points": 1378,
  "max_chi": 0.5061513255288392,
  "mean_chi": 0.046375267442418336,
  "violations": 66,
  "attractor_percentage": 0.5805515239477503,
  "compliance": false,
  "harmonic_mode": 4,
  "is_harmonic_transition": false
}