{
  "timestamp": "2026-02-14T02:41:20.726968",
  "source": "DSCOVR",
  "data_points": 1404,
  "max_chi": 0.7382323667181189,
  "mean_chi": 0.04150930536564632,
  "violations": 61,
  "attractor_percentage": 0.5698005698005698,
  "compliance": false,
  "harmonic_mode": 4,
  "is_harmonic_transition": false
}