{
  "timestamp": "2026-02-11T19:11:59.659244",
  "source": "DSCOVR",
  "data_points": 1400,
  "max_chi": 0.5661374174002767,
  "mean_chi": 0.04789301590508859,
  "violations": 48,
  "attractor_percentage": 0.5714285714285714,
  "compliance": false,
  "harmonic_mode": 4,
  "is_harmonic_transition": true
}