{
  "timestamp": "2026-02-06T07:09:09.836587",
  "source": "DSCOVR",
  "data_points": 1390,
  "max_chi": 0.3500688113438946,
  "mean_chi": 0.034149515228040814,
  "violations": 19,
  "attractor_percentage": 0.5035971223021583,
  "compliance": false,
  "harmonic_mode": 2,
  "is_harmonic_transition": false
}