{
  "timestamp": "2026-02-08T01:44:35.234123",
  "source": "DSCOVR",
  "data_points": 1221,
  "max_chi": 0.34223092431533275,
  "mean_chi": 0.026500050068520725,
  "violations": 11,
  "attractor_percentage": 0.32760032760032765,
  "compliance": false,
  "harmonic_mode": 2,
  "is_harmonic_transition": false
}