{
  "timestamp": "2026-02-03T01:36:43.808214",
  "source": "DSCOVR",
  "data_points": 972,
  "max_chi": 0.2466430525937003,
  "mean_chi": 0.024721054231796134,
  "violations": 5,
  "attractor_percentage": 0.0,
  "compliance": false,
  "harmonic_mode": 2,
  "is_harmonic_transition": false
}