{
  "timestamp": "2026-01-25T03:35:32.717538",
  "source": "DSCOVR",
  "data_points": 1378,
  "max_chi": 0.4334224994908941,
  "mean_chi": 0.033378816923290276,
  "violations": 35,
  "attractor_percentage": 0.21770682148040638,
  "compliance": false,
  "harmonic_mode": 4,
  "is_harmonic_transition": false
}