{
  "timestamp": "2026-01-27T10:04:57.416813",
  "source": "DSCOVR",
  "data_points": 1377,
  "max_chi": 0.38247809967664176,
  "mean_chi": 0.03717099012026475,
  "violations": 15,
  "attractor_percentage": 0.4357298474945534,
  "compliance": false,
  "harmonic_mode": 2,
  "is_harmonic_transition": false
}