{
  "timestamp": "2026-02-05T23:56:52.148388",
  "source": "DSCOVR",
  "data_points": 1389,
  "max_chi": 0.4827469208803121,
  "mean_chi": 0.04548874368597608,
  "violations": 85,
  "attractor_percentage": 0.6479481641468683,
  "compliance": false,
  "harmonic_mode": 4,
  "is_harmonic_transition": false
}