{
  "timestamp": "2026-02-05T22:12:56.075905",
  "source": "DSCOVR",
  "data_points": 1389,
  "max_chi": 0.5341224359414608,
  "mean_chi": 0.05014468092307678,
  "violations": 105,
  "attractor_percentage": 1.0079193664506838,
  "compliance": false,
  "harmonic_mode": 4,
  "is_harmonic_transition": false
}