{
  "timestamp": "2026-01-25T09:03:27.327509",
  "source": "DSCOVR",
  "data_points": 1382,
  "max_chi": 0.4334224994908942,
  "mean_chi": 0.035760440138431826,
  "violations": 39,
  "attractor_percentage": 0.2894356005788712,
  "compliance": false,
  "harmonic_mode": 4,
  "is_harmonic_transition": false
}