{
  "timestamp": "2026-02-13T17:23:05.051303",
  "source": "DSCOVR",
  "data_points": 1403,
  "max_chi": 0.9362195571799837,
  "mean_chi": 0.05148159531152179,
  "violations": 90,
  "attractor_percentage": 0.7840342124019958,
  "compliance": false,
  "harmonic_mode": 8,
  "is_harmonic_transition": false
}