{
  "timestamp": "2026-01-30T08:18:24.636960",
  "source": "DSCOVR",
  "data_points": 1174,
  "max_chi": 0.5534646185859778,
  "mean_chi": 0.03232132032134088,
  "violations": 27,
  "attractor_percentage": 0.17035775127768313,
  "compliance": false,
  "harmonic_mode": 4,
  "is_harmonic_transition": true
}