{
  "timestamp": "2026-02-07T21:13:28.382230",
  "source": "DSCOVR",
  "data_points": 1267,
  "max_chi": 0.34350727053542146,
  "mean_chi": 0.024781782062142422,
  "violations": 9,
  "attractor_percentage": 0.23677979479084454,
  "compliance": false,
  "harmonic_mode": 2,
  "is_harmonic_transition": false
}