{
  "timestamp": "2026-02-03T07:59:44.650559",
  "source": "DSCOVR",
  "data_points": 1308,
  "max_chi": 0.26455673665249807,
  "mean_chi": 0.02822748331192652,
  "violations": 8,
  "attractor_percentage": 0.1529051987767584,
  "compliance": false,
  "harmonic_mode": 2,
  "is_harmonic_transition": false
}