{
  "timestamp": "2026-02-14T08:32:02.486732",
  "source": "DSCOVR",
  "data_points": 1410,
  "max_chi": 0.7382323667181189,
  "mean_chi": 0.04276985598460957,
  "violations": 60,
  "attractor_percentage": 0.5673758865248227,
  "compliance": false,
  "harmonic_mode": 4,
  "is_harmonic_transition": false
}