{
  "timestamp": "2026-02-10T22:54:28.438977",
  "source": "DSCOVR",
  "data_points": 1274,
  "max_chi": 0.565538709289389,
  "mean_chi": 0.04316732168733073,
  "violations": 43,
  "attractor_percentage": 0.23547880690737832,
  "compliance": false,
  "harmonic_mode": 4,
  "is_harmonic_transition": true
}