{
  "timestamp": "2026-02-10T07:52:25.384835",
  "source": "DSCOVR",
  "data_points": 1273,
  "max_chi": 0.2971653959643758,
  "mean_chi": 0.027637333760706113,
  "violations": 18,
  "attractor_percentage": 0.0,
  "compliance": false,
  "harmonic_mode": 2,
  "is_harmonic_transition": true
}