{
  "timestamp": "2026-02-07T07:57:04.098495",
  "source": "DSCOVR",
  "data_points": 1271,
  "max_chi": 0.34350727053542146,
  "mean_chi": 0.028691768585605015,
  "violations": 14,
  "attractor_percentage": 0.07867820613690008,
  "compliance": false,
  "harmonic_mode": 2,
  "is_harmonic_transition": false
}