{
  "timestamp": "2026-01-26T20:03:33.598284",
  "source": "DSCOVR",
  "data_points": 1367,
  "max_chi": 0.5058860881964358,
  "mean_chi": 0.04592407915588158,
  "violations": 52,
  "attractor_percentage": 0.7315288953913679,
  "compliance": false,
  "harmonic_mode": 4,
  "is_harmonic_transition": false
}