{
  "timestamp": "2026-02-12T16:37:57.058741",
  "source": "DSCOVR",
  "data_points": 1372,
  "max_chi": 0.42477406394380257,
  "mean_chi": 0.049310147447652566,
  "violations": 41,
  "attractor_percentage": 0.7288629737609329,
  "compliance": false,
  "harmonic_mode": 4,
  "is_harmonic_transition": false
}