{
  "timestamp": "2026-02-12T10:50:20.153049",
  "source": "DSCOVR",
  "data_points": 1373,
  "max_chi": 0.42477406394380257,
  "mean_chi": 0.05165489435780545,
  "violations": 56,
  "attractor_percentage": 1.0196649672250546,
  "compliance": false,
  "harmonic_mode": 4,
  "is_harmonic_transition": false
}