{
  "timestamp": "2026-02-08T14:14:01.184097",
  "source": "DSCOVR",
  "data_points": 1250,
  "max_chi": 0.31424223998599043,
  "mean_chi": 0.024438077920394263,
  "violations": 8,
  "attractor_percentage": 0.08,
  "compliance": false,
  "harmonic_mode": 2,
  "is_harmonic_transition": true
}