{
  "timestamp": "2026-02-11T03:48:28.550046",
  "source": "DSCOVR",
  "data_points": 1274,
  "max_chi": 0.565538709289389,
  "mean_chi": 0.04206286703482398,
  "violations": 42,
  "attractor_percentage": 0.23547880690737832,
  "compliance": false,
  "harmonic_mode": 4,
  "is_harmonic_transition": true
}