{
  "timestamp": "2026-01-31T17:10:46.435421",
  "source": "DSCOVR",
  "data_points": 1373,
  "max_chi": 0.2577549349758032,
  "mean_chi": 0.02304865973507019,
  "violations": 3,
  "attractor_percentage": 0.0,
  "compliance": false,
  "harmonic_mode": 2,
  "is_harmonic_transition": false
}