{
  "timestamp": "2026-01-30T10:16:05.961731",
  "source": "DSCOVR",
  "data_points": 1341,
  "max_chi": 0.3787567880083877,
  "mean_chi": 0.05850006358755544,
  "violations": 84,
  "attractor_percentage": 1.715137956748695,
  "compliance": false,
  "harmonic_mode": 2,
  "is_harmonic_transition": false
}