{
  "timestamp": "2026-01-26T05:12:09.837167",
  "source": "DSCOVR",
  "data_points": 1378,
  "max_chi": 0.5061513255288392,
  "mean_chi": 0.04673619363937089,
  "violations": 67,
  "attractor_percentage": 0.5079825834542816,
  "compliance": false,
  "harmonic_mode": 4,
  "is_harmonic_transition": false
}