{
  "timestamp": "2026-02-12T15:07:09.576783",
  "source": "DSCOVR",
  "data_points": 1372,
  "max_chi": 0.4247740639438025,
  "mean_chi": 0.04870657125846944,
  "violations": 40,
  "attractor_percentage": 0.6559766763848397,
  "compliance": false,
  "harmonic_mode": 4,
  "is_harmonic_transition": false
}