{
  "timestamp": "2026-01-25T17:03:12.512242",
  "source": "DSCOVR",
  "data_points": 1382,
  "max_chi": 0.4334224994908941,
  "mean_chi": 0.03837859008694301,
  "violations": 37,
  "attractor_percentage": 0.43415340086830684,
  "compliance": false,
  "harmonic_mode": 4,
  "is_harmonic_transition": false
}