{
  "timestamp": "2026-02-01T03:11:31.216233",
  "source": "DSCOVR",
  "data_points": 1373,
  "max_chi": 0.2577549349758032,
  "mean_chi": 0.02928895270141709,
  "violations": 19,
  "attractor_percentage": 0.43699927166788055,
  "compliance": false,
  "harmonic_mode": 2,
  "is_harmonic_transition": false
}