{
  "timestamp": "2026-02-08T21:14:02.266910",
  "source": "DSCOVR",
  "data_points": 1254,
  "max_chi": 0.317511277485792,
  "mean_chi": 0.023614495511282176,
  "violations": 5,
  "attractor_percentage": 0.0,
  "compliance": false,
  "harmonic_mode": 2,
  "is_harmonic_transition": true
}