{
  "timestamp": "2026-02-07T06:21:19.956582",
  "source": "DSCOVR",
  "data_points": 1286,
  "max_chi": 0.34343129934891,
  "mean_chi": 0.02787681471610602,
  "violations": 14,
  "attractor_percentage": 0.07776049766718507,
  "compliance": false,
  "harmonic_mode": 2,
  "is_harmonic_transition": false
}