{
  "timestamp": "2026-02-04T10:21:13.385608",
  "source": "DSCOVR",
  "data_points": 1316,
  "max_chi": 0.5568137470640916,
  "mean_chi": 0.031247653783876107,
  "violations": 51,
  "attractor_percentage": 0.5319148936170213,
  "compliance": false,
  "harmonic_mode": 4,
  "is_harmonic_transition": true
}