{
  "timestamp": "2026-02-14T15:28:12.335573",
  "source": "DSCOVR",
  "data_points": 1413,
  "max_chi": 0.6309495175730242,
  "mean_chi": 0.048140365814112664,
  "violations": 88,
  "attractor_percentage": 0.6369426751592357,
  "compliance": false,
  "harmonic_mode": 4,
  "is_harmonic_transition": true
}