{
  "timestamp": "2026-02-10T01:44:01.276423",
  "source": "DSCOVR",
  "data_points": 1372,
  "max_chi": 0.30216529912657175,
  "mean_chi": 0.02113829549159838,
  "violations": 11,
  "attractor_percentage": 0.0,
  "compliance": false,
  "harmonic_mode": 2,
  "is_harmonic_transition": true
}