{
  "timestamp": "2026-02-07T04:57:50.332330",
  "source": "DSCOVR",
  "data_points": 1371,
  "max_chi": 0.3448996985254661,
  "mean_chi": 0.028087461547711808,
  "violations": 14,
  "attractor_percentage": 0.07293946024799416,
  "compliance": false,
  "harmonic_mode": 2,
  "is_harmonic_transition": false
}