{
  "timestamp": "2026-02-12T08:01:47.069735",
  "source": "DSCOVR",
  "data_points": 1377,
  "max_chi": 0.42477406394380257,
  "mean_chi": 0.05009902587720603,
  "violations": 49,
  "attractor_percentage": 0.8714596949891068,
  "compliance": false,
  "harmonic_mode": 4,
  "is_harmonic_transition": false
}