{
  "timestamp": "2026-02-06T18:50:26.458846",
  "source": "DSCOVR",
  "data_points": 1391,
  "max_chi": 0.3500688113438945,
  "mean_chi": 0.03243076124858179,
  "violations": 23,
  "attractor_percentage": 0.35945363048166784,
  "compliance": false,
  "harmonic_mode": 2,
  "is_harmonic_transition": false
}