{
  "timestamp": "2026-02-05T10:49:26.164621",
  "source": "DSCOVR",
  "data_points": 1389,
  "max_chi": 0.5055961043112973,
  "mean_chi": 0.055015224744912015,
  "violations": 143,
  "attractor_percentage": 0.7919366450683946,
  "compliance": false,
  "harmonic_mode": 4,
  "is_harmonic_transition": false
}