{
  "timestamp": "2026-02-01T10:10:48.423605",
  "source": "DSCOVR",
  "data_points": 1382,
  "max_chi": 0.2577549349758032,
  "mean_chi": 0.030516551838912383,
  "violations": 20,
  "attractor_percentage": 0.6512301013024602,
  "compliance": false,
  "harmonic_mode": 2,
  "is_harmonic_transition": false
}