{
  "timestamp": "2026-02-14T06:22:22.712300",
  "source": "DSCOVR",
  "data_points": 1381,
  "max_chi": 0.7376617377351611,
  "mean_chi": 0.04236139088394283,
  "violations": 58,
  "attractor_percentage": 0.4344677769732078,
  "compliance": false,
  "harmonic_mode": 4,
  "is_harmonic_transition": false
}