{
  "timestamp": "2026-02-04T22:47:19.247235",
  "source": "DSCOVR",
  "data_points": 1392,
  "max_chi": 0.4677757826476404,
  "mean_chi": 0.035334060449192586,
  "violations": 78,
  "attractor_percentage": 0.28735632183908044,
  "compliance": false,
  "harmonic_mode": 4,
  "is_harmonic_transition": false
}