{
  "timestamp": "2026-02-11T13:12:47.822979",
  "source": "DSCOVR",
  "data_points": 1383,
  "max_chi": 0.5659650904381691,
  "mean_chi": 0.04535771711868865,
  "violations": 43,
  "attractor_percentage": 0.43383947939262474,
  "compliance": false,
  "harmonic_mode": 4,
  "is_harmonic_transition": true
}