{
  "timestamp": "2026-02-04T19:46:59.552786",
  "source": "DSCOVR",
  "data_points": 1392,
  "max_chi": 0.33204255744972666,
  "mean_chi": 0.023695268649777255,
  "violations": 40,
  "attractor_percentage": 0.28735632183908044,
  "compliance": false,
  "harmonic_mode": 2,
  "is_harmonic_transition": false
}