{
  "timestamp": "2026-02-11T12:01:55.416812",
  "source": "DSCOVR",
  "data_points": 1383,
  "max_chi": 0.5659650904381691,
  "mean_chi": 0.0458543506540647,
  "violations": 51,
  "attractor_percentage": 0.3615328994938539,
  "compliance": false,
  "harmonic_mode": 4,
  "is_harmonic_transition": true
}