{
  "timestamp": "2026-02-07T10:27:27.293526",
  "source": "DSCOVR",
  "data_points": 1270,
  "max_chi": 0.34350727053542146,
  "mean_chi": 0.031400513232749484,
  "violations": 17,
  "attractor_percentage": 0.23622047244094488,
  "compliance": false,
  "harmonic_mode": 2,
  "is_harmonic_transition": false
}