{
  "timestamp": "2026-02-12T12:51:38.330393",
  "source": "DSCOVR",
  "data_points": 1372,
  "max_chi": 0.42477406394380257,
  "mean_chi": 0.04970168813989943,
  "violations": 47,
  "attractor_percentage": 0.8017492711370262,
  "compliance": false,
  "harmonic_mode": 4,
  "is_harmonic_transition": false
}