{
  "timestamp": "2026-02-10T20:31:27.011202",
  "source": "DSCOVR",
  "data_points": 1274,
  "max_chi": 0.4368052065607415,
  "mean_chi": 0.0403267686425181,
  "violations": 38,
  "attractor_percentage": 0.23547880690737832,
  "compliance": false,
  "harmonic_mode": 4,
  "is_harmonic_transition": false
}