{
  "timestamp": "2026-02-11T21:46:35.388232",
  "source": "DSCOVR",
  "data_points": 1400,
  "max_chi": 0.42532310840323495,
  "mean_chi": 0.0497002088705906,
  "violations": 51,
  "attractor_percentage": 0.7857142857142858,
  "compliance": false,
  "harmonic_mode": 4,
  "is_harmonic_transition": false
}