{
  "timestamp": "2026-02-09T11:09:09.190864",
  "source": "DSCOVR",
  "data_points": 1388,
  "max_chi": 0.11553027920520383,
  "mean_chi": 0.016885791793723463,
  "violations": 0,
  "attractor_percentage": 0.0,
  "compliance": true,
  "harmonic_mode": 1,
  "is_harmonic_transition": false
}