{
  "timestamp": "2026-02-11T15:09:32.096556",
  "source": "DSCOVR",
  "data_points": 1399,
  "max_chi": 0.5661374174002766,
  "mean_chi": 0.04760594875958285,
  "violations": 49,
  "attractor_percentage": 0.5003573981415297,
  "compliance": false,
  "harmonic_mode": 4,
  "is_harmonic_transition": true
}