{
  "timestamp": "2026-02-11T22:58:53.957619",
  "source": "DSCOVR",
  "data_points": 1400,
  "max_chi": 0.4253231084032349,
  "mean_chi": 0.049529532182349165,
  "violations": 50,
  "attractor_percentage": 0.7857142857142858,
  "compliance": false,
  "harmonic_mode": 4,
  "is_harmonic_transition": false
}