{
  "timestamp": "2026-02-10T12:29:22.987273",
  "source": "DSCOVR",
  "data_points": 1274,
  "max_chi": 0.4368052065607415,
  "mean_chi": 0.030248554838551794,
  "violations": 20,
  "attractor_percentage": 0.0,
  "compliance": false,
  "harmonic_mode": 4,
  "is_harmonic_transition": false
}