{
  "timestamp": "2026-01-27T05:08:32.262304",
  "source": "DSCOVR",
  "data_points": 1371,
  "max_chi": 0.38247809967664176,
  "mean_chi": 0.03817445944167201,
  "violations": 18,
  "attractor_percentage": 0.5835156819839533,
  "compliance": false,
  "harmonic_mode": 2,
  "is_harmonic_transition": false
}