{
  "timestamp": "2026-01-27T21:03:27.319277",
  "source": "DSCOVR",
  "data_points": 1353,
  "max_chi": 0.4648309389528832,
  "mean_chi": 0.045017691861050445,
  "violations": 67,
  "attractor_percentage": 0.7390983000739099,
  "compliance": false,
  "harmonic_mode": 4,
  "is_harmonic_transition": false
}