{
  "timestamp": "2026-01-24T17:03:08.395063",
  "source": "DSCOVR",
  "data_points": 1370,
  "max_chi": 0.3931251482215988,
  "mean_chi": 0.030011374721809137,
  "violations": 18,
  "attractor_percentage": 0.145985401459854,
  "compliance": false,
  "harmonic_mode": 2,
  "is_harmonic_transition": false
}