{
  "timestamp": "2026-02-14T22:09:32.581435",
  "source": "DSCOVR",
  "data_points": 1413,
  "max_chi": 0.7407047070734434,
  "mean_chi": 0.061436928892765696,
  "violations": 144,
  "attractor_percentage": 1.2738853503184715,
  "compliance": false,
  "harmonic_mode": 4,
  "is_harmonic_transition": false
}