{
  "timestamp": "2026-01-27T17:07:23.139706",
  "source": "DSCOVR",
  "data_points": 1353,
  "max_chi": 0.46483093895288324,
  "mean_chi": 0.04529827515234164,
  "violations": 70,
  "attractor_percentage": 0.8130081300813009,
  "compliance": false,
  "harmonic_mode": 4,
  "is_harmonic_transition": false
}