{
  "timestamp": "2026-01-31T04:37:00.260111",
  "source": "DSCOVR",
  "data_points": 1374,
  "max_chi": 0.3537807179357953,
  "mean_chi": 0.047239162082123816,
  "violations": 75,
  "attractor_percentage": 1.3828238719068413,
  "compliance": false,
  "harmonic_mode": 2,
  "is_harmonic_transition": false
}