{
  "timestamp": "2026-01-30T23:11:43.975361",
  "source": "DSCOVR",
  "data_points": 1373,
  "max_chi": 0.3537807179357953,
  "mean_chi": 0.05563998254915882,
  "violations": 94,
  "attractor_percentage": 1.529497450837582,
  "compliance": false,
  "harmonic_mode": 2,
  "is_harmonic_transition": false
}