{
  "timestamp": "2026-02-08T14:56:12.822546",
  "source": "DSCOVR",
  "data_points": 1251,
  "max_chi": 0.31424223998599043,
  "mean_chi": 0.023858994727966838,
  "violations": 9,
  "attractor_percentage": 0.15987210231814547,
  "compliance": false,
  "harmonic_mode": 2,
  "is_harmonic_transition": true
}