{
  "timestamp": "2026-02-07T11:52:26.072709",
  "source": "DSCOVR",
  "data_points": 1270,
  "max_chi": 0.34350727053542135,
  "mean_chi": 0.029746469528328,
  "violations": 15,
  "attractor_percentage": 0.15748031496062992,
  "compliance": false,
  "harmonic_mode": 2,
  "is_harmonic_transition": false
}