{
  "timestamp": "2026-01-28T15:07:49.288397",
  "source": "DSCOVR",
  "data_points": 1379,
  "max_chi": 0.42980820738699255,
  "mean_chi": 0.03326204743971221,
  "violations": 14,
  "attractor_percentage": 0.36258158085569253,
  "compliance": false,
  "harmonic_mode": 4,
  "is_harmonic_transition": false
}