{
  "timestamp": "2026-02-09T10:39:15.148821",
  "source": "DSCOVR",
  "data_points": 1388,
  "max_chi": 0.11553027920520383,
  "mean_chi": 0.01661745077241405,
  "violations": 0,
  "attractor_percentage": 0.0,
  "compliance": true,
  "harmonic_mode": 1,
  "is_harmonic_transition": false
}