{
  "timestamp": "2026-02-12T12:24:50.146357",
  "source": "DSCOVR",
  "data_points": 1372,
  "max_chi": 0.4247740639438025,
  "mean_chi": 0.05026753130143588,
  "violations": 49,
  "attractor_percentage": 0.8746355685131195,
  "compliance": false,
  "harmonic_mode": 4,
  "is_harmonic_transition": false
}