{
  "timestamp": "2026-01-29T09:12:54.031295",
  "source": "DSCOVR",
  "data_points": 1378,
  "max_chi": 0.7157052635588392,
  "mean_chi": 0.060994078973660354,
  "violations": 107,
  "attractor_percentage": 0.9433962264150944,
  "compliance": false,
  "harmonic_mode": 4,
  "is_harmonic_transition": false
}