{
  "timestamp": "2026-01-31T14:11:03.041163",
  "source": "DSCOVR",
  "data_points": 1375,
  "max_chi": 0.35052302701105603,
  "mean_chi": 0.027399859256004105,
  "violations": 28,
  "attractor_percentage": 0.14545454545454545,
  "compliance": false,
  "harmonic_mode": 2,
  "is_harmonic_transition": false
}