{
  "timestamp": "2026-02-12T11:48:42.378556",
  "source": "DSCOVR",
  "data_points": 1372,
  "max_chi": 0.42477406394380257,
  "mean_chi": 0.050654201246855435,
  "violations": 53,
  "attractor_percentage": 0.7288629737609329,
  "compliance": false,
  "harmonic_mode": 4,
  "is_harmonic_transition": false
}