{
  "timestamp": "2026-02-12T21:46:54.882590",
  "source": "DSCOVR",
  "data_points": 1371,
  "max_chi": 0.3671989632063244,
  "mean_chi": 0.04897117724923703,
  "violations": 42,
  "attractor_percentage": 0.5835156819839533,
  "compliance": false,
  "harmonic_mode": 2,
  "is_harmonic_transition": false
}