{
  "timestamp": "2026-02-14T16:30:12.967246",
  "source": "DSCOVR",
  "data_points": 1413,
  "max_chi": 0.6309495175730242,
  "mean_chi": 0.048150144614559985,
  "violations": 86,
  "attractor_percentage": 0.6369426751592357,
  "compliance": false,
  "harmonic_mode": 4,
  "is_harmonic_transition": true
}