{
  "timestamp": "2026-01-24T18:03:44.682860",
  "source": "DSCOVR",
  "data_points": 1371,
  "max_chi": 0.3931251482215988,
  "mean_chi": 0.030209429139487574,
  "violations": 19,
  "attractor_percentage": 0.14587892049598833,
  "compliance": false,
  "harmonic_mode": 2,
  "is_harmonic_transition": false
}