{
  "timestamp": "2026-01-23T04:18:18.403892",
  "source": "DSCOVR",
  "data_points": 1385,
  "max_chi": 0.3568308363540573,
  "mean_chi": 0.02701850362042028,
  "violations": 13,
  "attractor_percentage": 0.2888086642599278,
  "compliance": false,
  "harmonic_mode": 2,
  "is_harmonic_transition": false
}