{
  "timestamp": "2026-01-29T04:31:03.609866",
  "source": "DSCOVR",
  "data_points": 1379,
  "max_chi": 0.7143753321545909,
  "mean_chi": 0.05851404504375696,
  "violations": 96,
  "attractor_percentage": 0.8701957940536621,
  "compliance": false,
  "harmonic_mode": 4,
  "is_harmonic_transition": false
}