{
  "timestamp": "2026-01-23T06:03:59.414873",
  "source": "DSCOVR",
  "data_points": 1385,
  "max_chi": 0.44218733455112763,
  "mean_chi": 0.031036088123424017,
  "violations": 19,
  "attractor_percentage": 0.2888086642599278,
  "compliance": false,
  "harmonic_mode": 4,
  "is_harmonic_transition": false
}