{
  "timestamp": "2026-02-07T22:11:20.855113",
  "source": "DSCOVR",
  "data_points": 1267,
  "max_chi": 0.34350727053542146,
  "mean_chi": 0.026339522761719778,
  "violations": 13,
  "attractor_percentage": 0.23677979479084454,
  "compliance": false,
  "harmonic_mode": 2,
  "is_harmonic_transition": false
}