{
  "timestamp": "2026-01-22T09:08:15.253353",
  "source": "DSCOVR",
  "data_points": 1388,
  "max_chi": 0.27908469874216085,
  "mean_chi": 0.018216665057485378,
  "violations": 5,
  "attractor_percentage": 0.21613832853025938,
  "compliance": false,
  "harmonic_mode": 2,
  "is_harmonic_transition": true
}