{
  "timestamp": "2026-02-14T14:48:23.341753",
  "source": "DSCOVR",
  "data_points": 1413,
  "max_chi": 0.7200487176320672,
  "mean_chi": 0.050999329862035404,
  "violations": 90,
  "attractor_percentage": 0.6369426751592357,
  "compliance": false,
  "harmonic_mode": 4,
  "is_harmonic_transition": false
}