{
  "timestamp": "2026-02-07T12:16:27.779066",
  "source": "DSCOVR",
  "data_points": 1270,
  "max_chi": 0.34350727053542135,
  "mean_chi": 0.030175536171416086,
  "violations": 15,
  "attractor_percentage": 0.15748031496062992,
  "compliance": false,
  "harmonic_mode": 2,
  "is_harmonic_transition": false
}