{
  "timestamp": "2026-02-03T03:41:04.830430",
  "source": "DSCOVR",
  "data_points": 1094,
  "max_chi": 0.2538454683807189,
  "mean_chi": 0.02435298173679802,
  "violations": 6,
  "attractor_percentage": 0.18281535648994515,
  "compliance": false,
  "harmonic_mode": 2,
  "is_harmonic_transition": false
}