{
  "timestamp": "2026-01-25T15:03:29.091829",
  "source": "DSCOVR",
  "data_points": 1382,
  "max_chi": 0.4334224994908941,
  "mean_chi": 0.04020484220945861,
  "violations": 39,
  "attractor_percentage": 0.5065123010130246,
  "compliance": false,
  "harmonic_mode": 4,
  "is_harmonic_transition": false
}