{
  "timestamp": "2026-02-08T04:04:10.090077",
  "source": "DSCOVR",
  "data_points": 1151,
  "max_chi": 0.3120876682469854,
  "mean_chi": 0.026929442814989078,
  "violations": 9,
  "attractor_percentage": 0.26064291920069504,
  "compliance": false,
  "harmonic_mode": 2,
  "is_harmonic_transition": true
}