{
  "timestamp": "2026-02-11T19:39:45.305431",
  "source": "DSCOVR",
  "data_points": 1400,
  "max_chi": 0.5661374174002767,
  "mean_chi": 0.048503518626573254,
  "violations": 49,
  "attractor_percentage": 0.6428571428571428,
  "compliance": false,
  "harmonic_mode": 4,
  "is_harmonic_transition": true
}