{
  "timestamp": "2026-02-14T09:15:13.361345",
  "source": "DSCOVR",
  "data_points": 1410,
  "max_chi": 0.7382323667181189,
  "mean_chi": 0.04192044085776259,
  "violations": 56,
  "attractor_percentage": 0.5673758865248227,
  "compliance": false,
  "harmonic_mode": 4,
  "is_harmonic_transition": false
}