{
  "timestamp": "2026-02-12T22:14:20.790906",
  "source": "DSCOVR",
  "data_points": 1370,
  "max_chi": 0.3671989632063244,
  "mean_chi": 0.05043530338602853,
  "violations": 43,
  "attractor_percentage": 0.5109489051094891,
  "compliance": false,
  "harmonic_mode": 2,
  "is_harmonic_transition": false
}