{
  "timestamp": "2026-02-07T13:49:05.947874",
  "source": "DSCOVR",
  "data_points": 1270,
  "max_chi": 0.34350727053542135,
  "mean_chi": 0.02938534797815412,
  "violations": 17,
  "attractor_percentage": 0.15748031496062992,
  "compliance": false,
  "harmonic_mode": 2,
  "is_harmonic_transition": false
}