{
  "timestamp": "2026-02-08T08:58:06.125027",
  "source": "DSCOVR",
  "data_points": 1254,
  "max_chi": 0.31424223998599043,
  "mean_chi": 0.026122363276841493,
  "violations": 13,
  "attractor_percentage": 0.07974481658692185,
  "compliance": false,
  "harmonic_mode": 2,
  "is_harmonic_transition": true
}