{
  "timestamp": "2026-01-26T02:47:43.127258",
  "source": "DSCOVR",
  "data_points": 1378,
  "max_chi": 0.5061513255288392,
  "mean_chi": 0.04812603291185386,
  "violations": 67,
  "attractor_percentage": 0.6531204644412192,
  "compliance": false,
  "harmonic_mode": 4,
  "is_harmonic_transition": false
}