{
  "timestamp": "2026-02-14T05:28:33.259336",
  "source": "DSCOVR",
  "data_points": 1404,
  "max_chi": 0.7382323667181189,
  "mean_chi": 0.04225365669931106,
  "violations": 60,
  "attractor_percentage": 0.5698005698005698,
  "compliance": false,
  "harmonic_mode": 4,
  "is_harmonic_transition": false
}