{
  "timestamp": "2026-01-25T23:03:37.435194",
  "source": "DSCOVR",
  "data_points": 1381,
  "max_chi": 0.5061513255288392,
  "mean_chi": 0.05096644987672641,
  "violations": 80,
  "attractor_percentage": 0.6517016654598118,
  "compliance": false,
  "harmonic_mode": 4,
  "is_harmonic_transition": false
}