{
  "timestamp": "2026-02-06T22:45:05.351331",
  "source": "DSCOVR",
  "data_points": 1390,
  "max_chi": 0.3161648636555493,
  "mean_chi": 0.030791791981740556,
  "violations": 15,
  "attractor_percentage": 0.14388489208633093,
  "compliance": false,
  "harmonic_mode": 2,
  "is_harmonic_transition": true
}