{
  "timestamp": "2026-02-11T07:40:05.907047",
  "source": "DSCOVR",
  "data_points": 1382,
  "max_chi": 0.5659650904381691,
  "mean_chi": 0.04182815466826522,
  "violations": 43,
  "attractor_percentage": 0.21707670043415342,
  "compliance": false,
  "harmonic_mode": 4,
  "is_harmonic_transition": true
}