{
  "timestamp": "2026-01-26T18:05:07.873696",
  "source": "DSCOVR",
  "data_points": 1367,
  "max_chi": 0.5058860881964358,
  "mean_chi": 0.050461796358204546,
  "violations": 72,
  "attractor_percentage": 0.8046817849305048,
  "compliance": false,
  "harmonic_mode": 4,
  "is_harmonic_transition": false
}