{
  "timestamp": "2026-02-14T11:41:08.274082",
  "source": "DSCOVR",
  "data_points": 1412,
  "max_chi": 0.7382323667181189,
  "mean_chi": 0.048517773222312446,
  "violations": 83,
  "attractor_percentage": 0.56657223796034,
  "compliance": false,
  "harmonic_mode": 4,
  "is_harmonic_transition": false
}