{
  "timestamp": "2026-01-26T12:05:02.453005",
  "source": "DSCOVR",
  "data_points": 1367,
  "max_chi": 0.5058860881964358,
  "mean_chi": 0.046396019092040254,
  "violations": 69,
  "attractor_percentage": 0.5852231163130944,
  "compliance": false,
  "harmonic_mode": 4,
  "is_harmonic_transition": false
}