{
  "timestamp": "2026-02-14T13:23:26.313722",
  "source": "DSCOVR",
  "data_points": 1413,
  "max_chi": 0.7382323667181189,
  "mean_chi": 0.05029855240496735,
  "violations": 90,
  "attractor_percentage": 0.6369426751592357,
  "compliance": false,
  "harmonic_mode": 4,
  "is_harmonic_transition": false
}