{
  "timestamp": "2026-01-26T10:04:53.921209",
  "source": "DSCOVR",
  "data_points": 1367,
  "max_chi": 0.5058860881964358,
  "mean_chi": 0.04498849919658298,
  "violations": 66,
  "attractor_percentage": 0.6583760058522311,
  "compliance": false,
  "harmonic_mode": 4,
  "is_harmonic_transition": false
}