{
  "timestamp": "2026-01-29T07:16:38.379347",
  "source": "DSCOVR",
  "data_points": 1379,
  "max_chi": 0.7157052635588392,
  "mean_chi": 0.05995374451692586,
  "violations": 104,
  "attractor_percentage": 1.015228426395939,
  "compliance": false,
  "harmonic_mode": 4,
  "is_harmonic_transition": false
}