{
  "timestamp": "2026-02-07T00:46:25.764599",
  "source": "DSCOVR",
  "data_points": 1389,
  "max_chi": 0.3161648636555493,
  "mean_chi": 0.02946050252297043,
  "violations": 15,
  "attractor_percentage": 0.14398848092152627,
  "compliance": false,
  "harmonic_mode": 2,
  "is_harmonic_transition": true
}