{
  "timestamp": "2026-02-11T04:51:44.431608",
  "source": "DSCOVR",
  "data_points": 1317,
  "max_chi": 0.5657993325066227,
  "mean_chi": 0.0418471755435109,
  "violations": 44,
  "attractor_percentage": 0.22779043280182232,
  "compliance": false,
  "harmonic_mode": 4,
  "is_harmonic_transition": true
}