{
  "timestamp": "2026-01-29T02:53:51.317499",
  "source": "DSCOVR",
  "data_points": 1379,
  "max_chi": 0.7091515827844636,
  "mean_chi": 0.04784058283622643,
  "violations": 58,
  "attractor_percentage": 0.7251631617113851,
  "compliance": false,
  "harmonic_mode": 4,
  "is_harmonic_transition": false
}