{
  "timestamp": "2026-02-05T02:21:23.621772",
  "source": "DSCOVR",
  "data_points": 1392,
  "max_chi": 0.5079100513282706,
  "mean_chi": 0.05245561390480379,
  "violations": 147,
  "attractor_percentage": 0.5747126436781609,
  "compliance": false,
  "harmonic_mode": 4,
  "is_harmonic_transition": false
}