{
  "timestamp": "2026-02-03T19:35:25.029245",
  "source": "DSCOVR",
  "data_points": 1315,
  "max_chi": 0.5568137470640916,
  "mean_chi": 0.043121769828668194,
  "violations": 57,
  "attractor_percentage": 0.532319391634981,
  "compliance": false,
  "harmonic_mode": 4,
  "is_harmonic_transition": true
}