{
  "timestamp": "2026-01-28T22:05:42.580486",
  "source": "DSCOVR",
  "data_points": 1379,
  "max_chi": 0.6270192788762984,
  "mean_chi": 0.040624441558781886,
  "violations": 40,
  "attractor_percentage": 0.43509789702683105,
  "compliance": false,
  "harmonic_mode": 4,
  "is_harmonic_transition": true
}