{
  "timestamp": "2026-01-29T01:32:53.653416",
  "source": "DSCOVR",
  "data_points": 1379,
  "max_chi": 0.6270192788762984,
  "mean_chi": 0.04433184773655241,
  "violations": 46,
  "attractor_percentage": 0.6526468455402465,
  "compliance": false,
  "harmonic_mode": 4,
  "is_harmonic_transition": true
}