{
  "timestamp": "2026-01-30T16:16:26.883305",
  "source": "DSCOVR",
  "data_points": 1368,
  "max_chi": 0.37948236123579593,
  "mean_chi": 0.06500791919273025,
  "violations": 117,
  "attractor_percentage": 1.9005847953216373,
  "compliance": false,
  "harmonic_mode": 2,
  "is_harmonic_transition": false
}