{
  "timestamp": "2026-02-08T04:58:44.807211",
  "source": "DSCOVR",
  "data_points": 1169,
  "max_chi": 0.3127292323266975,
  "mean_chi": 0.026920267420143463,
  "violations": 9,
  "attractor_percentage": 0.2566295979469632,
  "compliance": false,
  "harmonic_mode": 2,
  "is_harmonic_transition": true
}