{
  "timestamp": "2026-02-14T15:44:29.435192",
  "source": "DSCOVR",
  "data_points": 1407,
  "max_chi": 0.6309495175730243,
  "mean_chi": 0.049667619717853315,
  "violations": 91,
  "attractor_percentage": 0.7107320540156361,
  "compliance": false,
  "harmonic_mode": 4,
  "is_harmonic_transition": true
}