{
  "timestamp": "2026-02-08T02:47:12.421195",
  "source": "DSCOVR",
  "data_points": 1159,
  "max_chi": 0.34124631680065237,
  "mean_chi": 0.026278095054345984,
  "violations": 10,
  "attractor_percentage": 0.2588438308886971,
  "compliance": false,
  "harmonic_mode": 2,
  "is_harmonic_transition": false
}