{
  "timestamp": "2026-01-31T12:15:24.626569",
  "source": "DSCOVR",
  "data_points": 1375,
  "max_chi": 0.3505230270110561,
  "mean_chi": 0.029908458737933095,
  "violations": 29,
  "attractor_percentage": 0.2181818181818182,
  "compliance": false,
  "harmonic_mode": 2,
  "is_harmonic_transition": false
}