{
  "timestamp": "2026-02-13T07:11:05.438073",
  "source": "DSCOVR",
  "data_points": 1400,
  "max_chi": 0.9362195571799837,
  "mean_chi": 0.05027276948235504,
  "violations": 69,
  "attractor_percentage": 0.7142857142857143,
  "compliance": false,
  "harmonic_mode": 8,
  "is_harmonic_transition": false
}