{
  "timestamp": "2026-02-01T22:09:53.205768",
  "source": "DSCOVR",
  "data_points": 1384,
  "max_chi": 0.24923767815684605,
  "mean_chi": 0.034831847965906104,
  "violations": 36,
  "attractor_percentage": 0.5780346820809248,
  "compliance": false,
  "harmonic_mode": 2,
  "is_harmonic_transition": false
}