{
  "timestamp": "2026-02-10T11:50:42.316269",
  "source": "DSCOVR",
  "data_points": 1275,
  "max_chi": 0.4368052065607415,
  "mean_chi": 0.029295969116761102,
  "violations": 18,
  "attractor_percentage": 0.0,
  "compliance": false,
  "harmonic_mode": 4,
  "is_harmonic_transition": false
}