{
  "timestamp": "2026-01-25T21:03:11.516351",
  "source": "DSCOVR",
  "data_points": 1382,
  "max_chi": 0.4334224994908941,
  "mean_chi": 0.044843341417771104,
  "violations": 57,
  "attractor_percentage": 0.5788712011577424,
  "compliance": false,
  "harmonic_mode": 4,
  "is_harmonic_transition": false
}