{
  "timestamp": "2026-02-06T08:00:24.869489",
  "source": "DSCOVR",
  "data_points": 1388,
  "max_chi": 0.3500688113438945,
  "mean_chi": 0.034481014666517984,
  "violations": 19,
  "attractor_percentage": 0.5043227665706052,
  "compliance": false,
  "harmonic_mode": 2,
  "is_harmonic_transition": false
}