{
  "timestamp": "2026-02-05T21:56:12.267363",
  "source": "DSCOVR",
  "data_points": 1389,
  "max_chi": 0.6115068793554812,
  "mean_chi": 0.05265029254139525,
  "violations": 116,
  "attractor_percentage": 0.8639308855291578,
  "compliance": false,
  "harmonic_mode": 4,
  "is_harmonic_transition": true
}