{
  "timestamp": "2026-02-14T07:45:57.906969",
  "source": "DSCOVR",
  "data_points": 1400,
  "max_chi": 0.7382323667181189,
  "mean_chi": 0.043653547027925656,
  "violations": 60,
  "attractor_percentage": 0.5714285714285714,
  "compliance": false,
  "harmonic_mode": 4,
  "is_harmonic_transition": false
}