{
  "timestamp": "2026-02-13T05:46:37.935920",
  "source": "DSCOVR",
  "data_points": 1396,
  "max_chi": 0.9362195571799837,
  "mean_chi": 0.05295478562080595,
  "violations": 76,
  "attractor_percentage": 0.7163323782234957,
  "compliance": false,
  "harmonic_mode": 8,
  "is_harmonic_transition": false
}