{
  "timestamp": "2026-01-24T00:08:45.453505",
  "source": "DSCOVR",
  "data_points": 1336,
  "max_chi": 0.48421131161446795,
  "mean_chi": 0.045495421432130395,
  "violations": 52,
  "attractor_percentage": 0.8233532934131738,
  "compliance": false,
  "harmonic_mode": 4,
  "is_harmonic_transition": false
}