{
  "timestamp": "2026-01-29T21:12:38.302202",
  "source": "DSCOVR",
  "data_points": 1350,
  "max_chi": 0.7145322182770042,
  "mean_chi": 0.06325315870993561,
  "violations": 102,
  "attractor_percentage": 1.1851851851851851,
  "compliance": false,
  "harmonic_mode": 4,
  "is_harmonic_transition": false
}