{
  "timestamp": "2026-02-09T09:39:14.309119",
  "source": "DSCOVR",
  "data_points": 1386,
  "max_chi": 0.11553027920520383,
  "mean_chi": 0.016927941044991887,
  "violations": 0,
  "attractor_percentage": 0.0,
  "compliance": true,
  "harmonic_mode": 1,
  "is_harmonic_transition": false
}