{
  "timestamp": "2026-02-06T09:23:10.090443",
  "source": "DSCOVR",
  "data_points": 1388,
  "max_chi": 0.3500688113438946,
  "mean_chi": 0.03249454065720957,
  "violations": 19,
  "attractor_percentage": 0.43227665706051877,
  "compliance": false,
  "harmonic_mode": 2,
  "is_harmonic_transition": false
}