{
  "timestamp": "2026-01-27T11:05:02.286713",
  "source": "DSCOVR",
  "data_points": 1377,
  "max_chi": 0.41456172804130353,
  "mean_chi": 0.03763898191567885,
  "violations": 17,
  "attractor_percentage": 0.4357298474945534,
  "compliance": false,
  "harmonic_mode": 4,
  "is_harmonic_transition": false
}