{
  "timestamp": "2026-01-27T03:32:44.820832",
  "source": "DSCOVR",
  "data_points": 1371,
  "max_chi": 0.3824780996766417,
  "mean_chi": 0.03986256983641107,
  "violations": 22,
  "attractor_percentage": 0.5835156819839533,
  "compliance": false,
  "harmonic_mode": 2,
  "is_harmonic_transition": false
}