{
  "timestamp": "2026-02-11T17:38:37.499752",
  "source": "DSCOVR",
  "data_points": 1400,
  "max_chi": 0.5661374174002766,
  "mean_chi": 0.04789653848354968,
  "violations": 50,
  "attractor_percentage": 0.5,
  "compliance": false,
  "harmonic_mode": 4,
  "is_harmonic_transition": true
}