{
  "timestamp": "2026-02-04T14:08:25.487391",
  "source": "DSCOVR",
  "data_points": 1390,
  "max_chi": 0.5633675518076472,
  "mean_chi": 0.029057922239438257,
  "violations": 52,
  "attractor_percentage": 0.14388489208633093,
  "compliance": false,
  "harmonic_mode": 4,
  "is_harmonic_transition": true
}