{
  "timestamp": "2026-02-08T20:45:41.156291",
  "source": "DSCOVR",
  "data_points": 1254,
  "max_chi": 0.3142422399859905,
  "mean_chi": 0.023832655419163976,
  "violations": 6,
  "attractor_percentage": 0.0,
  "compliance": false,
  "harmonic_mode": 2,
  "is_harmonic_transition": true
}