{
  "timestamp": "2026-02-03T11:47:11.034993",
  "source": "DSCOVR",
  "data_points": 1350,
  "max_chi": 0.26682825526425197,
  "mean_chi": 0.029555266227566258,
  "violations": 8,
  "attractor_percentage": 0.07407407407407407,
  "compliance": false,
  "harmonic_mode": 2,
  "is_harmonic_transition": false
}