{
  "timestamp": "2026-02-09T05:20:45.536727",
  "source": "DSCOVR",
  "data_points": 1373,
  "max_chi": 0.30656087746020394,
  "mean_chi": 0.01726581124805908,
  "violations": 1,
  "attractor_percentage": 0.0,
  "compliance": false,
  "harmonic_mode": 2,
  "is_harmonic_transition": true
}