{
  "timestamp": "2026-01-30T01:40:43.814937",
  "source": "DSCOVR",
  "data_points": 1344,
  "max_chi": 0.7145322182770042,
  "mean_chi": 0.06196918876861936,
  "violations": 105,
  "attractor_percentage": 1.4136904761904763,
  "compliance": false,
  "harmonic_mode": 4,
  "is_harmonic_transition": false
}