{
  "timestamp": "2026-02-09T13:39:41.205859",
  "source": "DSCOVR",
  "data_points": 1388,
  "max_chi": 0.17691152406128796,
  "mean_chi": 0.018271753337878376,
  "violations": 1,
  "attractor_percentage": 0.0,
  "compliance": false,
  "harmonic_mode": 1,
  "is_harmonic_transition": false
}