{
  "timestamp": "2026-02-05T08:01:34.737178",
  "source": "DSCOVR",
  "data_points": 1392,
  "max_chi": 0.5079100513282707,
  "mean_chi": 0.05389053111327465,
  "violations": 149,
  "attractor_percentage": 0.646551724137931,
  "compliance": false,
  "harmonic_mode": 4,
  "is_harmonic_transition": false
}