{
  "timestamp": "2026-02-11T18:08:40.483853",
  "source": "DSCOVR",
  "data_points": 1400,
  "max_chi": 0.5661374174002766,
  "mean_chi": 0.049507208356330504,
  "violations": 52,
  "attractor_percentage": 0.5714285714285714,
  "compliance": false,
  "harmonic_mode": 4,
  "is_harmonic_transition": true
}