{
  "timestamp": "2026-02-01T08:14:00.130910",
  "source": "DSCOVR",
  "data_points": 534,
  "max_chi": 0.12222115792237188,
  "mean_chi": 0.02116288360300808,
  "violations": 0,
  "attractor_percentage": 0.0,
  "compliance": true,
  "harmonic_mode": 1,
  "is_harmonic_transition": false
}