{
  "timestamp": "2026-02-04T21:17:31.084387",
  "source": "DSCOVR",
  "data_points": 1392,
  "max_chi": 0.33204255744972666,
  "mean_chi": 0.025050471059502113,
  "violations": 41,
  "attractor_percentage": 0.28735632183908044,
  "compliance": false,
  "harmonic_mode": 2,
  "is_harmonic_transition": false
}