{
  "timestamp": "2026-01-29T06:12:44.458230",
  "source": "DSCOVR",
  "data_points": 1379,
  "max_chi": 0.7157052635588392,
  "mean_chi": 0.05774195129878841,
  "violations": 95,
  "attractor_percentage": 0.7976794778825236,
  "compliance": false,
  "harmonic_mode": 4,
  "is_harmonic_transition": false
}