{
  "timestamp": "2026-01-24T07:03:58.376191",
  "source": "DSCOVR",
  "data_points": 1334,
  "max_chi": 0.340747495297948,
  "mean_chi": 0.035993742271708665,
  "violations": 24,
  "attractor_percentage": 0.3748125937031484,
  "compliance": false,
  "harmonic_mode": 2,
  "is_harmonic_transition": false
}