{
  "timestamp": "2026-01-29T11:10:35.603185",
  "source": "DSCOVR",
  "data_points": 1378,
  "max_chi": 0.7157052635588392,
  "mean_chi": 0.06345066310482468,
  "violations": 110,
  "attractor_percentage": 1.0885341074020318,
  "compliance": false,
  "harmonic_mode": 4,
  "is_harmonic_transition": false
}