{
  "timestamp": "2026-02-04T14:32:35.252893",
  "source": "DSCOVR",
  "data_points": 1391,
  "max_chi": 0.5832164476576408,
  "mean_chi": 0.035055401326177245,
  "violations": 80,
  "attractor_percentage": 0.28756290438533433,
  "compliance": false,
  "harmonic_mode": 4,
  "is_harmonic_transition": true
}