{
  "chi_universal": 0.15,
  "gravity": {
    "derived_G": 6.666666666666667e-11,
    "codata_G": 6.6743e-11,
    "error_percent": 0.11436904744066749,
    "formula": "G = (1/\u03c7) \u00d7 10^-11"
  },
  "mass_ratio": {
    "chi_from_mass": 0.1527646265263213,
    "electron_mass": 9.10938356e-31,
    "proton_mass": 1.672621898e-27,
    "mass_ratio": 0.0005446170213897318,
    "error_percent": 1.8430843508808747,
    "formula": "\u03c7 \u2248 (m_e/m_p)^(1/4)"
  },
  "coupling": {
    "frequency_hz": 20.555399862599998,
    "alpha": 0.0072973525692838015,
    "formula": "f = \u03c7/\u03b1",
    "application": "Cline Medical Coil"
  },
  "vacuum": {
    "impedance_ohm": 376.73031366686166,
    "permittivity": 8.8541878128e-12,
    "permeability": 1.25663706212e-06
  }
}