{
  "time_tag": "2026-03-19T19:05:00Z",
  "satellite": 18,
  "flux": 3.8760958886996377E-7,
  "observed_flux": 4.064813765580766E-7,
  "electron_correction": 1.8871793017183336E-8,
  "electron_contaminaton": false,
  "energy": "0.1-0.8nm"
}
