{
  "time_tag": "2026-04-29T19:27:00Z",
  "satellite": 18,
  "flux": 0.0000013143120440872735,
  "observed_flux": 0.0000013215973240221501,
  "electron_correction": 7.285316350191806E-9,
  "electron_contaminaton": false,
  "energy": "0.1-0.8nm"
}
