{
  "time_tag": "2026-01-28T02:52:00Z",
  "satellite": 18,
  "flux": 9.48423348745564E-7,
  "observed_flux": 9.631994544179179E-7,
  "electron_correction": 1.4776149193096444E-8,
  "electron_contaminaton": false,
  "energy": "0.1-0.8nm"
}
