{
    "time_tag": "2026-05-29T00:18:00Z",
    "satellite": 19,
    "flux": 8.420470862802176e-07,
    "observed_flux": 8.719859465600166e-07,
    "electron_correction": 2.9938888701508404e-08,
    "electron_contaminaton": false,
    "energy": "0.1-0.8nm"
}