{
  "time_tag": "2026-03-11T12:45:00Z",
  "satellite": 18,
  "flux": 5.294328389027214E-7,
  "observed_flux": 5.760288104283973E-7,
  "electron_correction": 4.6595928893111704E-8,
  "electron_contaminaton": false,
  "energy": "0.1-0.8nm"
}
