{
  "time_tag": "2026-01-20T21:18:00Z",
  "satellite": 18,
  "flux": 0.000001386574922435102,
  "observed_flux": 0.0000013940413055024692,
  "electron_correction": 7.466439910785994E-9,
  "electron_contaminaton": false,
  "energy": "0.1-0.8nm"
}
