{
  "time_tag": "2026-05-23T08:42:00Z",
  "satellite": 18,
  "flux": 8.808515303826425E-7,
  "observed_flux": 8.98128746484872E-7,
  "electron_correction": 1.7277239194868343E-8,
  "electron_contaminaton": false,
  "energy": "0.1-0.8nm"
}
