{
  "time_tag": "2026-02-18T21:52:00Z",
  "satellite": 18,
  "flux": 7.839818181309965E-7,
  "observed_flux": 8.471931209896866E-7,
  "electron_correction": 6.321130996411739E-8,
  "electron_contaminaton": false,
  "energy": "0.1-0.8nm"
}
