{
  "time_tag": "2025-12-17T12:20:00Z",
  "satellite": 18,
  "flux": 6.755538493052882E-7,
  "observed_flux": 6.833284373897186E-7,
  "electron_correction": 7.774621835210382E-9,
  "electron_contaminaton": false,
  "energy": "0.1-0.8nm"
}
