{
  "time_tag": "2026-06-01T20:37:00Z",
  "satellite": 18,
  "flux": 6.522874400616274E-7,
  "observed_flux": 6.933756253602041E-7,
  "electron_correction": 4.108821372028615E-8,
  "electron_contaminaton": false,
  "energy": "0.1-0.8nm"
}
