{
    "time_tag": "2026-04-24T05:57:00Z",
    "satellite": 18,
    "flux": 2.0554280126816593e-06,
    "observed_flux": 2.0760949155373964e-06,
    "electron_correction": 2.0666957922799156e-08,
    "electron_contaminaton": false,
    "energy": "0.1-0.8nm"
}