{
  "time_tag": "2026-02-06T18:42:00Z",
  "satellite": 18,
  "flux": 0.0000021107937300257618,
  "observed_flux": 0.0000021886767171963584,
  "electron_correction": 7.788312927914376E-8,
  "electron_contaminaton": false,
  "energy": "0.1-0.8nm"
}
