{
    "time_tag": "2026-05-08T20:36:00Z",
    "satellite": 18,
    "flux": 1.5392329260066617e-06,
    "observed_flux": 1.5699597497587092e-06,
    "electron_correction": 3.072678111948335e-08,
    "electron_contaminaton": false,
    "energy": "0.1-0.8nm"
}