{
  "time_tag": "2026-03-01T13:55:00Z",
  "satellite": 18,
  "flux": 0.0000013109943211020436,
  "observed_flux": 0.0000013355702321860008,
  "electron_correction": 2.4575960821948684E-8,
  "electron_contaminaton": false,
  "energy": "0.1-0.8nm"
}
