{
  "time_tag": "2026-03-23T16:08:00Z",
  "satellite": 18,
  "flux": 8.487053264616407E-7,
  "observed_flux": 9.740552968651173E-7,
  "electron_correction": 1.253499561926219E-7,
  "electron_contaminaton": false,
  "energy": "0.1-0.8nm"
}
