{
  "time_tag": "2026-02-13T13:48:00Z",
  "satellite": 18,
  "flux": 4.884653321823862E-7,
  "observed_flux": 5.063254207016143E-7,
  "electron_correction": 1.786010983551023E-8,
  "electron_contaminaton": false,
  "energy": "0.1-0.8nm"
}
