{
  "time_tag": "2026-04-27T17:51:00Z",
  "satellite": 18,
  "flux": 8.900486818674835E-7,
  "observed_flux": 9.053351277543698E-7,
  "electron_correction": 1.5286490295807198E-8,
  "electron_contaminaton": false,
  "energy": "0.1-0.8nm"
}
