{
  "time_tag": "2026-03-15T01:00:00Z",
  "satellite": 18,
  "flux": 7.021200190138188E-7,
  "observed_flux": 7.431222002196591E-7,
  "electron_correction": 4.100219186398135E-8,
  "electron_contaminaton": false,
  "energy": "0.1-0.8nm"
}
