{
    "time_tag": "2026-05-07T03:32:00Z",
    "satellite": 18,
    "flux": 2.182282514695544e-06,
    "observed_flux": 2.210552565884427e-06,
    "electron_correction": 2.827005651795389e-08,
    "electron_contaminaton": false,
    "energy": "0.1-0.8nm"
}