{
    "time_tag": "2026-05-10T16:12:00Z",
    "satellite": 18,
    "flux": 2.18705145016429e-06,
    "observed_flux": 2.2041856482246658e-06,
    "electron_correction": 1.7134182073164084e-08,
    "electron_contaminaton": false,
    "energy": "0.1-0.8nm"
}