{
    "time_tag": "2026-05-26T03:21:00Z",
    "satellite": 18,
    "flux": 1.6694552869012114e-06,
    "observed_flux": 1.6736612451495603e-06,
    "electron_correction": 4.205996440020954e-09,
    "electron_contaminaton": false,
    "energy": "0.1-0.8nm"
}