{
  "time_tag": "2026-03-10T23:07:00Z",
  "satellite": 18,
  "flux": 5.50931417819811E-7,
  "observed_flux": 6.042043310117151E-7,
  "electron_correction": 5.3272906086476723E-8,
  "electron_contaminaton": false,
  "energy": "0.1-0.8nm"
}
