{
  "time_tag": "2026-02-22T16:54:00Z",
  "satellite": 18,
  "flux": 0.0000014863881006021984,
  "observed_flux": 0.000001512940798420459,
  "electron_correction": 2.6552651632982815E-8,
  "electron_contaminaton": false,
  "energy": "0.1-0.8nm"
}
