{
  "time_tag": "2026-05-06T23:00:00Z",
  "satellite": 18,
  "flux": 5.729253302888537E-7,
  "observed_flux": 6.177955356179154E-7,
  "electron_correction": 4.4870212434489076E-8,
  "electron_contaminaton": false,
  "energy": "0.1-0.8nm"
}
