{
    "time_tag": "2026-07-02T06:06:00Z",
    "satellite": 18,
    "flux": 3.1552538075629855e-06,
    "observed_flux": 3.1623387712897966e-06,
    "electron_correction": 7.084879793950449e-09,
    "electron_contaminaton": false,
    "energy": "0.1-0.8nm"
}