{
  "time_tag": "2026-02-22T04:26:00Z",
  "satellite": 18,
  "flux": 3.399016463845328E-7,
  "observed_flux": 3.4044435892610636E-7,
  "electron_correction": 5.427135962854379E-10,
  "electron_contaminaton": false,
  "energy": "0.1-0.8nm"
}
