{
  "time_tag": "2026-05-03T00:11:00Z",
  "satellite": 18,
  "flux": 0.000001025625806505559,
  "observed_flux": 0.0000010594023933663266,
  "electron_correction": 3.377656554448549E-8,
  "electron_contaminaton": false,
  "energy": "0.1-0.8nm"
}
