{
  "time_tag": "2026-01-16T09:19:00Z",
  "satellite": 18,
  "flux": 0.000004210181032249238,
  "observed_flux": 0.000004210940005577868,
  "electron_correction": 7.589744388525332E-10,
  "electron_contaminaton": false,
  "energy": "0.1-0.8nm"
}
