{
  "time_tag": "2026-01-22T17:20:00Z",
  "satellite": 18,
  "flux": 0.000002284439005961758,
  "observed_flux": 0.000002365012278460199,
  "electron_correction": 8.057332223643243E-8,
  "electron_contaminaton": false,
  "energy": "0.1-0.8nm"
}
