{
  "time_tag": "2026-05-06T21:46:00Z",
  "satellite": 18,
  "flux": 5.790184331999626E-7,
  "observed_flux": 6.299143819887831E-7,
  "electron_correction": 5.089592391982478E-8,
  "electron_contaminaton": false,
  "energy": "0.1-0.8nm"
}
