{
  "time_tag": "2026-05-24T18:03:00Z",
  "satellite": 18,
  "flux": 7.904305903139175E-7,
  "observed_flux": 8.106636641969089E-7,
  "electron_correction": 2.023307210663461E-8,
  "electron_contaminaton": false,
  "energy": "0.1-0.8nm"
}
