{
  "time_tag": "2026-02-04T06:29:00Z",
  "satellite": 18,
  "flux": 0.0000036645046748162713,
  "observed_flux": 0.0000036701794670079835,
  "electron_correction": 5.674841041525269E-9,
  "electron_contaminaton": false,
  "energy": "0.1-0.8nm"
}
