{
    "time_tag": "2026-06-07T03:47:00Z",
    "satellite": 18,
    "flux": 8.960579407357727e-07,
    "observed_flux": 9.405929404238123e-07,
    "electron_correction": 4.453503521517632e-08,
    "electron_contaminaton": false,
    "energy": "0.1-0.8nm"
}