{
  "time_tag": "2026-01-25T03:49:00Z",
  "satellite": 18,
  "flux": 0.0000016089790051410091,
  "observed_flux": 0.0000016543619949516142,
  "electron_correction": 4.5383025337741856E-8,
  "electron_contaminaton": false,
  "energy": "0.1-0.8nm"
}
