{
  "time_tag": "2026-02-20T17:42:00Z",
  "satellite": 18,
  "flux": 4.863442200075951E-7,
  "observed_flux": 5.190343017602572E-7,
  "electron_correction": 3.26900781999484E-8,
  "electron_contaminaton": false,
  "energy": "0.1-0.8nm"
}
