{
  "time_tag": "2026-03-22T07:43:00Z",
  "satellite": 18,
  "flux": 4.155768351665756E-7,
  "observed_flux": 4.322511415466579E-7,
  "electron_correction": 1.6674304603725432E-8,
  "electron_contaminaton": false,
  "energy": "0.1-0.8nm"
}
