{
  "time_tag": "2026-01-07T13:24:00Z",
  "satellite": 18,
  "flux": 8.428970659224433E-7,
  "observed_flux": 8.654301382193808E-7,
  "electron_correction": 2.2533093613219535E-8,
  "electron_contaminaton": false,
  "energy": "0.1-0.8nm"
}
