{
  "time_tag": "2026-05-24T12:14:00Z",
  "satellite": 18,
  "flux": 8.934316042541468E-7,
  "observed_flux": 9.006153049995191E-7,
  "electron_correction": 7.183704298086013E-9,
  "electron_contaminaton": false,
  "energy": "0.1-0.8nm"
}
