{
    "time_tag": "2026-06-05T21:40:00Z",
    "satellite": 18,
    "flux": 1.1237453918511164e-06,
    "observed_flux": 1.15215664209245e-06,
    "electron_correction": 2.841130708475248e-08,
    "electron_contaminaton": false,
    "energy": "0.1-0.8nm"
}