{
  "time_tag": "2026-06-26T18:54:00Z",
  "satellite": 18,
  "flux": 0.0000011185920811840333,
  "observed_flux": 0.0000011804645509982947,
  "electron_correction": 6.187244849797935E-8,
  "electron_contaminaton": false,
  "energy": "0.1-0.8nm"
}
