{
  "time_tag": "2026-02-02T06:37:00Z",
  "satellite": 18,
  "flux": 0.000009002297701954376,
  "observed_flux": 0.000009007820153783541,
  "electron_correction": 5.52248158314228E-9,
  "electron_contaminaton": false,
  "energy": "0.1-0.8nm"
}
