{
  "time_tag": "2026-02-23T00:52:00Z",
  "satellite": 18,
  "flux": 3.4448081009941234E-7,
  "observed_flux": 3.8697419313393766E-7,
  "electron_correction": 4.2493372376384286E-8,
  "electron_contaminaton": false,
  "energy": "0.1-0.8nm"
}
