{
    "time_tag": "2026-06-24T08:53:00Z",
    "satellite": 18,
    "flux": 1.2919814480483183e-06,
    "observed_flux": 1.2919814480483183e-06,
    "electron_correction": 0.0,
    "electron_contaminaton": false,
    "energy": "0.1-0.8nm"
}