{
  "time_tag": "2026-03-03T23:22:00Z",
  "satellite": 18,
  "flux": 6.992301564423542E-7,
  "observed_flux": 7.341045602515806E-7,
  "electron_correction": 3.4874389598371636E-8,
  "electron_contaminaton": false,
  "energy": "0.1-0.8nm"
}
