{
  "time_tag": "2026-06-11T16:22:00Z",
  "satellite": 18,
  "flux": 6.897344064782374E-7,
  "observed_flux": 7.049913506307348E-7,
  "electron_correction": 1.5256945928854293E-8,
  "electron_contaminaton": false,
  "energy": "0.1-0.8nm"
}
