{
  "time_tag": "2026-04-25T20:15:00Z",
  "satellite": 18,
  "flux": 0.0000014781925301576848,
  "observed_flux": 0.0000014936398429199471,
  "electron_correction": 1.5447273682411833E-8,
  "electron_contaminaton": false,
  "energy": "0.1-0.8nm"
}
