{
  "time_tag": "2026-04-18T09:11:00Z",
  "satellite": 18,
  "flux": 4.858034117205534E-7,
  "observed_flux": 4.94710775456042E-7,
  "electron_correction": 8.907369064559134E-9,
  "electron_contaminaton": false,
  "energy": "0.1-0.8nm"
}
