{
  "time_tag": "2026-02-07T06:42:00Z",
  "satellite": 18,
  "flux": 0.0000016344471305274055,
  "observed_flux": 0.0000016461469840578502,
  "electron_correction": 1.1699812674237364E-8,
  "electron_contaminaton": false,
  "energy": "0.1-0.8nm"
}
