{
    "time_tag": "2026-04-29T01:47:00Z",
    "satellite": 18,
    "flux": 1.1460310815891717e-06,
    "observed_flux": 1.1547153917490505e-06,
    "electron_correction": 8.68438387868764e-09,
    "electron_contaminaton": false,
    "energy": "0.1-0.8nm"
}