{
  "time_tag": "2026-05-11T21:39:00Z",
  "satellite": 18,
  "flux": 6.422708906939079E-7,
  "observed_flux": 6.588316523448157E-7,
  "electron_correction": 1.65607794144762E-8,
  "electron_contaminaton": false,
  "energy": "0.1-0.8nm"
}
