{
  "time_tag": "2026-05-07T02:57:00Z",
  "satellite": 18,
  "flux": 0.0000033913447623490356,
  "observed_flux": 0.000003422928330110153,
  "electron_correction": 3.158340433628837E-8,
  "electron_contaminaton": false,
  "energy": "0.1-0.8nm"
}
