{
    "time_tag": "2026-05-25T21:57:00Z",
    "satellite": 18,
    "flux": 3.1276524623535806e-06,
    "observed_flux": 3.1344377475761576e-06,
    "electron_correction": 6.785385586738357e-09,
    "electron_contaminaton": false,
    "energy": "0.1-0.8nm"
}