{
  "time_tag": "2026-05-03T19:03:00Z",
  "satellite": 18,
  "flux": 0.0000011516480071804835,
  "observed_flux": 0.0000011888052995345788,
  "electron_correction": 3.715724261610376E-8,
  "electron_contaminaton": false,
  "energy": "0.1-0.8nm"
}
