{
  "time_tag": "2026-03-17T07:59:00Z",
  "satellite": 18,
  "flux": 4.457558588910615E-7,
  "observed_flux": 4.616719593286689E-7,
  "electron_correction": 1.5916125306603135E-8,
  "electron_contaminaton": false,
  "energy": "0.1-0.8nm"
}
