{
  "time_tag": "2026-01-03T12:20:00Z",
  "satellite": 18,
  "flux": 0.000001328345888396143,
  "observed_flux": 0.000001354603568870516,
  "electron_correction": 2.6257596985601594E-8,
  "electron_contaminaton": false,
  "energy": "0.1-0.8nm"
}
