{
  "time_tag": "2026-02-12T21:13:00Z",
  "satellite": 18,
  "flux": 5.111622840558994E-7,
  "observed_flux": 5.491232286658487E-7,
  "electron_correction": 3.796093750452201E-8,
  "electron_contaminaton": false,
  "energy": "0.1-0.8nm"
}
