{
  "time_tag": "2026-03-22T10:23:00Z",
  "satellite": 18,
  "flux": 7.160829795793688E-7,
  "observed_flux": 7.477107715203601E-7,
  "electron_correction": 3.162779904641866E-8,
  "electron_contaminaton": false,
  "energy": "0.1-0.8nm"
}
