{
  "time_tag": "2025-12-18T08:19:00Z",
  "satellite": 18,
  "flux": 5.783911092294147E-7,
  "observed_flux": 6.00737621425651E-7,
  "electron_correction": 2.234651219623629E-8,
  "electron_contaminaton": false,
  "energy": "0.1-0.8nm"
}
