{
  "time_tag": "2026-03-02T13:49:00Z",
  "satellite": 18,
  "flux": 0.000001497036009823205,
  "observed_flux": 0.000001517802616035624,
  "electron_correction": 2.076670035933148E-8,
  "electron_contaminaton": false,
  "energy": "0.1-0.8nm"
}
