{
  "time_tag": "2026-02-17T23:12:00Z",
  "satellite": 18,
  "flux": 5.925496111558459E-7,
  "observed_flux": 6.64378546844091E-7,
  "electron_correction": 7.182893568824511E-8,
  "electron_contaminaton": false,
  "energy": "0.1-0.8nm"
}
