{
    "time_tag": "2026-05-10T01:59:00Z",
    "satellite": 18,
    "flux": 1.0752036132544163e-06,
    "observed_flux": 1.0928509937002673e-06,
    "electron_correction": 1.7647403538489925e-08,
    "electron_contaminaton": false,
    "energy": "0.1-0.8nm"
}