{
  "time_tag": "2026-05-12T09:34:00Z",
  "satellite": 18,
  "flux": 0.0000011003947975041228,
  "observed_flux": 0.0000011081416460001492,
  "electron_correction": 7.74678987625066E-9,
  "electron_contaminaton": false,
  "energy": "0.1-0.8nm"
}
