{
  "time_tag": "2026-01-05T11:18:00Z",
  "satellite": 18,
  "flux": 0.0000015951272871461697,
  "observed_flux": 0.0000015986069001883152,
  "electron_correction": 3.479620813706674E-9,
  "electron_contaminaton": false,
  "energy": "0.1-0.8nm"
}
