{
  "time_tag": "2026-06-12T21:49:00Z",
  "satellite": 18,
  "flux": 0.0000011878004215759574,
  "observed_flux": 0.0000012393333008731133,
  "electron_correction": 5.1532886402583244E-8,
  "electron_contaminaton": false,
  "energy": "0.1-0.8nm"
}
