{
  "time_tag": "2026-06-20T07:58:00Z",
  "satellite": 18,
  "flux": 5.894817149965093E-7,
  "observed_flux": 5.967264087303192E-7,
  "electron_correction": 7.244689737007093E-9,
  "electron_contaminaton": false,
  "energy": "0.1-0.8nm"
}
