{
  "time_tag": "2026-02-07T16:52:00Z",
  "satellite": 18,
  "flux": 0.0000025625984108046396,
  "observed_flux": 0.0000026152056307182647,
  "electron_correction": 5.26071630702063E-8,
  "electron_contaminaton": false,
  "energy": "0.1-0.8nm"
}
