{
  "time_tag": "2026-02-25T12:31:00Z",
  "satellite": 18,
  "flux": 7.861477229198499E-7,
  "observed_flux": 8.255982493210468E-7,
  "electron_correction": 3.945055837561995E-8,
  "electron_contaminaton": false,
  "energy": "0.1-0.8nm"
}
