{
  "time_tag": "2026-01-30T14:24:00Z",
  "satellite": 18,
  "flux": 9.676743957243161E-7,
  "observed_flux": 0.0000010307614957127953,
  "electron_correction": 6.308719235903482E-8,
  "electron_contaminaton": false,
  "energy": "0.1-0.8nm"
}
