{
  "time_tag": "2026-03-22T01:38:00Z",
  "satellite": 18,
  "flux": 4.856220812143874E-7,
  "observed_flux": 5.182374707146664E-7,
  "electron_correction": 3.261537884213794E-8,
  "electron_contaminaton": false,
  "energy": "0.1-0.8nm"
}
