{
  "time_tag": "2026-06-06T05:02:00Z",
  "satellite": 18,
  "flux": 0.0000015982233207978425,
  "observed_flux": 0.0000016107736655612825,
  "electron_correction": 1.2550362527008474E-8,
  "electron_contaminaton": false,
  "energy": "0.1-0.8nm"
}
