{
  "time_tag": "2026-06-29T00:04:00Z",
  "satellite": 18,
  "flux": 0.0000018496282336855074,
  "observed_flux": 0.000001886062591438531,
  "electron_correction": 3.643436485845086E-8,
  "electron_contaminaton": false,
  "energy": "0.1-0.8nm"
}
