{
  "time_tag": "2026-05-19T13:43:00Z",
  "satellite": 18,
  "flux": 4.0520336597182904E-7,
  "observed_flux": 4.189089111150679E-7,
  "electron_correction": 1.3705535373276234E-8,
  "electron_contaminaton": false,
  "energy": "0.1-0.8nm"
}
