{
  "time_tag": "2026-04-27T22:32:00Z",
  "satellite": 18,
  "flux": 0.0000010932636769211967,
  "observed_flux": 0.000001104103262150602,
  "electron_correction": 1.0839549702268414E-8,
  "electron_contaminaton": false,
  "energy": "0.1-0.8nm"
}
