{
    "time_tag": "2026-05-04T04:23:00Z",
    "satellite": 18,
    "flux": 9.157784006674774e-07,
    "observed_flux": 9.323475183009577e-07,
    "electron_correction": 1.6569117633480346e-08,
    "electron_contaminaton": false,
    "energy": "0.1-0.8nm"
}