{
    "time_tag": "2026-04-26T07:38:00Z",
    "satellite": 18,
    "flux": 1.4992286878623418e-06,
    "observed_flux": 1.5001564861449879e-06,
    "electron_correction": 9.277913437522045e-10,
    "electron_contaminaton": false,
    "energy": "0.1-0.8nm"
}