{
    "time_tag": "2026-05-23T09:12:00Z",
    "satellite": 18,
    "flux": 1.4306076536740875e-06,
    "observed_flux": 1.4477756167252664e-06,
    "electron_correction": 1.7167998578315746e-08,
    "electron_contaminaton": false,
    "energy": "0.1-0.8nm"
}