{
  "time_tag": "2026-03-03T22:25:00Z",
  "satellite": 18,
  "flux": 6.804169743190869E-7,
  "observed_flux": 6.885568382131169E-7,
  "electron_correction": 8.139860341316307E-9,
  "electron_contaminaton": false,
  "energy": "0.1-0.8nm"
}
