{
  "time_tag": "2026-05-30T20:16:00Z",
  "satellite": 18,
  "flux": 8.865761742526956E-7,
  "observed_flux": 9.041149269251036E-7,
  "electron_correction": 1.7538726027055418E-8,
  "electron_contaminaton": false,
  "energy": "0.1-0.8nm"
}
