{
  "time_tag": "2026-03-26T15:42:00Z",
  "satellite": 18,
  "flux": 0.0000013315755040821387,
  "observed_flux": 0.0000013743718909609015,
  "electron_correction": 4.279634779891239E-8,
  "electron_contaminaton": false,
  "energy": "0.1-0.8nm"
}
