{
  "time_tag": "2026-03-01T08:41:00Z",
  "satellite": 18,
  "flux": 0.0000012822484904972953,
  "observed_flux": 0.000001294323624279059,
  "electron_correction": 1.2075132893585305E-8,
  "electron_contaminaton": false,
  "energy": "0.1-0.8nm"
}
