{
  "time_tag": "2026-03-13T18:59:00Z",
  "satellite": 18,
  "flux": 8.762200991441205E-7,
  "observed_flux": 9.051093456946546E-7,
  "electron_correction": 2.888926076138887E-8,
  "electron_contaminaton": false,
  "energy": "0.1-0.8nm"
}
