{
  "time_tag": "2026-02-18T16:35:00Z",
  "satellite": 18,
  "flux": 4.6451410184999986E-7,
  "observed_flux": 5.158768203727959E-7,
  "electron_correction": 5.136273628636445E-8,
  "electron_contaminaton": false,
  "energy": "0.1-0.8nm"
}
