{
  "time_tag": "2026-03-23T22:05:00Z",
  "satellite": 18,
  "flux": 8.256508863269119E-7,
  "observed_flux": 8.867560268299712E-7,
  "electron_correction": 6.11051191867773E-8,
  "electron_contaminaton": false,
  "energy": "0.1-0.8nm"
}
