{
  "time_tag": "2026-01-18T09:19:00Z",
  "satellite": 18,
  "flux": 0.0000014761029660803615,
  "observed_flux": 0.000001494120965617185,
  "electron_correction": 1.8017967562400372E-8,
  "electron_contaminaton": false,
  "energy": "0.1-0.8nm"
}
