{
    "time_tag": "2026-05-25T15:45:00Z",
    "satellite": 18,
    "flux": 1.2830082596337888e-06,
    "observed_flux": 1.2853329280915204e-06,
    "electron_correction": 2.32463759353152e-09,
    "electron_contaminaton": false,
    "energy": "0.1-0.8nm"
}