{
  "time_tag": "2026-06-04T17:54:00Z",
  "satellite": 18,
  "flux": 0.000001022339120027027,
  "observed_flux": 0.000001031940996654157,
  "electron_correction": 9.601818007354268E-9,
  "electron_contaminaton": false,
  "energy": "0.1-0.8nm"
}
