{
  "time_tag": "2026-06-30T12:24:00Z",
  "satellite": 18,
  "flux": 0.0000020163952285656705,
  "observed_flux": 0.00000203184117708588,
  "electron_correction": 1.544601069269902E-8,
  "electron_contaminaton": false,
  "energy": "0.1-0.8nm"
}
