{
    "time_tag": "2026-06-30T17:09:00Z",
    "satellite": 18,
    "flux": 2.048498345175176e-06,
    "observed_flux": 2.0726245111291064e-06,
    "electron_correction": 2.4126086017872694e-08,
    "electron_contaminaton": false,
    "energy": "0.1-0.8nm"
}