{
  "time_tag": "2026-03-27T08:02:00Z",
  "satellite": 18,
  "flux": 0.0000011480576631583972,
  "observed_flux": 0.0000011762839449147577,
  "electron_correction": 2.822622136022801E-8,
  "electron_contaminaton": false,
  "energy": "0.1-0.8nm"
}
