{
  "time_tag": "2026-05-07T20:22:00Z",
  "satellite": 18,
  "flux": 0.000001025723008751811,
  "observed_flux": 0.0000010649383739291807,
  "electron_correction": 3.9215336755660246E-8,
  "electron_contaminaton": false,
  "energy": "0.1-0.8nm"
}
