{
  "time_tag": "2026-04-22T18:03:00Z",
  "satellite": 18,
  "flux": 8.713829515727411E-7,
  "observed_flux": 9.228806447936222E-7,
  "electron_correction": 5.149769322088105E-8,
  "electron_contaminaton": false,
  "energy": "0.1-0.8nm"
}
