{
  "time_tag": "2026-03-07T06:46:00Z",
  "satellite": 18,
  "flux": 5.967467586742714E-7,
  "observed_flux": 5.982697075523902E-7,
  "electron_correction": 1.5229776328951061E-9,
  "electron_contaminaton": false,
  "energy": "0.1-0.8nm"
}
