{
  "time_tag": "2026-02-09T05:15:00Z",
  "satellite": 18,
  "flux": 0.0000023871648409112822,
  "observed_flux": 0.0000024015096187213203,
  "electron_correction": 1.4344901266838406E-8,
  "electron_contaminaton": false,
  "energy": "0.1-0.8nm"
}
