{
    "time_tag": "2026-06-15T15:39:00Z",
    "satellite": 18,
    "flux": 5.96641143602028e-07,
    "observed_flux": 6.350560397549998e-07,
    "electron_correction": 3.8414938785535924e-08,
    "electron_contaminaton": false,
    "energy": "0.1-0.8nm"
}