{
  "time_tag": "2026-03-12T22:39:00Z",
  "satellite": 18,
  "flux": 0.0000013388026900429395,
  "observed_flux": 0.0000013605315416498343,
  "electron_correction": 2.1728888910388378E-8,
  "electron_contaminaton": false,
  "energy": "0.1-0.8nm"
}
