{
  "time_tag": "2026-06-16T09:31:00Z",
  "satellite": 18,
  "flux": 4.940570761391427E-7,
  "observed_flux": 5.117716455060872E-7,
  "electron_correction": 1.771453206345086E-8,
  "electron_contaminaton": false,
  "energy": "0.1-0.8nm"
}
