{
  "time_tag": "2026-05-05T23:58:00Z",
  "satellite": 18,
  "flux": 6.048106229172845E-7,
  "observed_flux": 6.595463446501526E-7,
  "electron_correction": 5.47357572600049E-8,
  "electron_contaminaton": false,
  "energy": "0.1-0.8nm"
}
