{
    "time_tag": "2026-06-20T00:56:00Z",
    "satellite": 18,
    "flux": 5.483802283379191e-07,
    "observed_flux": 5.681669676960155e-07,
    "electron_correction": 1.9786766003448975e-08,
    "electron_contaminaton": false,
    "energy": "0.1-0.8nm"
}