{
  "time_tag": "2026-05-16T18:11:00Z",
  "satellite": 18,
  "flux": 0.000002072419192700181,
  "observed_flux": 0.0000022244059891818324,
  "electron_correction": 1.5198685332507011E-7,
  "electron_contaminaton": false,
  "energy": "0.1-0.8nm"
}
