{
    "time_tag": "2026-05-16T07:03:00Z",
    "satellite": 18,
    "flux": 3.5213039950576785e-07,
    "observed_flux": 3.6095372024647077e-07,
    "electron_correction": 8.823316299810813e-09,
    "electron_contaminaton": false,
    "energy": "0.1-0.8nm"
}