{
    "time_tag": "2026-04-23T20:09:00Z",
    "satellite": 18,
    "flux": 3.146822109556524e-06,
    "observed_flux": 3.19024456985062e-06,
    "electron_correction": 4.342261306078399e-08,
    "electron_contaminaton": false,
    "energy": "0.1-0.8nm"
}