{
  "time_tag": "2026-02-22T11:35:00Z",
  "satellite": 18,
  "flux": 2.901199991356407E-7,
  "observed_flux": 2.927080231529544E-7,
  "electron_correction": 2.58803356523174E-9,
  "electron_contaminaton": false,
  "energy": "0.1-0.8nm"
}
