{
  "time_tag": "2026-02-21T13:16:00Z",
  "satellite": 18,
  "flux": 3.863550261939963E-7,
  "observed_flux": 3.91188763160244E-7,
  "electron_correction": 4.833727196285054E-9,
  "electron_contaminaton": false,
  "energy": "0.1-0.8nm"
}
