{
  "time_tag": "2026-01-21T07:20:00Z",
  "satellite": 18,
  "flux": 0.00002120694989571348,
  "observed_flux": 0.00002123080048477277,
  "electron_correction": 2.3851288943887994E-8,
  "electron_contaminaton": false,
  "energy": "0.1-0.8nm"
}
