{
  "time_tag": "2026-02-06T10:44:00Z",
  "satellite": 18,
  "flux": 0.000002106767851728364,
  "observed_flux": 0.000002111980847985251,
  "electron_correction": 5.212927423059455E-9,
  "electron_contaminaton": false,
  "energy": "0.1-0.8nm"
}
