{
    "time_tag": "2026-06-03T08:57:00Z",
    "satellite": 18,
    "flux": 1.096387677534949e-06,
    "observed_flux": 1.1087022357969545e-06,
    "electron_correction": 1.231455115657809e-08,
    "electron_contaminaton": false,
    "energy": "0.1-0.8nm"
}