{
  "time_tag": "2026-03-12T23:21:00Z",
  "satellite": 18,
  "flux": 0.0000012188977507321397,
  "observed_flux": 0.0000012389996300044004,
  "electron_correction": 2.0101904141256455E-8,
  "electron_contaminaton": false,
  "energy": "0.1-0.8nm"
}
