{
  "time_tag": "2025-12-28T21:17:00Z",
  "satellite": 18,
  "flux": 0.00001012063330563251,
  "observed_flux": 0.00001018740476865787,
  "electron_correction": 6.677210251382348E-8,
  "electron_contaminaton": false,
  "energy": "0.1-0.8nm"
}
