{
  "time_tag": "2026-05-03T08:57:00Z",
  "satellite": 18,
  "flux": 0.0000013051736686975346,
  "observed_flux": 0.0000013201466799728223,
  "electron_correction": 1.4973018380715075E-8,
  "electron_contaminaton": false,
  "energy": "0.1-0.8nm"
}
