{
    "time_tag": "2026-05-15T21:29:00Z",
    "satellite": 18,
    "flux": 3.648436290859536e-07,
    "observed_flux": 3.8128010260152223e-07,
    "electron_correction": 1.6436452199286578e-08,
    "electron_contaminaton": false,
    "energy": "0.1-0.8nm"
}