{
  "time_tag": "2026-01-19T11:19:00Z",
  "satellite": 18,
  "flux": 0.00001195914410345722,
  "observed_flux": 0.000011986407116637565,
  "electron_correction": 2.7262538893069177E-8,
  "electron_contaminaton": false,
  "energy": "0.1-0.8nm"
}
