{
  "time_tag": "2025-12-21T16:18:00Z",
  "satellite": 18,
  "flux": 0.0000013565625067712972,
  "observed_flux": 0.0000014015561191627057,
  "electron_correction": 4.499367278754107E-8,
  "electron_contaminaton": false,
  "energy": "0.1-0.8nm"
}
