{
  "time_tag": "2026-02-10T03:40:00Z",
  "satellite": 18,
  "flux": 0.000001224831407853344,
  "observed_flux": 0.0000012578460655277013,
  "electron_correction": 3.3014714517776156E-8,
  "electron_contaminaton": false,
  "energy": "0.1-0.8nm"
}
