{
  "time_tag": "2026-03-15T19:09:00Z",
  "satellite": 18,
  "flux": 4.830422994928085E-7,
  "observed_flux": 5.596465939561313E-7,
  "electron_correction": 7.660430156875009E-8,
  "electron_contaminaton": false,
  "energy": "0.1-0.8nm"
}
