{
  "time_tag": "2026-06-23T05:07:00Z",
  "satellite": 18,
  "flux": 8.71247436862177E-7,
  "observed_flux": 8.755510521041288E-7,
  "electron_correction": 4.303584155707085E-9,
  "electron_contaminaton": false,
  "energy": "0.1-0.8nm"
}
