{
  "time_tag": "2026-07-02T02:13:00Z",
  "satellite": 18,
  "flux": 0.000014122339052846655,
  "observed_flux": 0.000014132657270238269,
  "electron_correction": 1.0318270682319053E-8,
  "electron_contaminaton": false,
  "energy": "0.1-0.8nm"
}
