{
  "time_tag": "2026-02-12T05:12:00Z",
  "satellite": 18,
  "flux": 7.342511025854037E-7,
  "observed_flux": 7.396903924927756E-7,
  "electron_correction": 5.439324990419436E-9,
  "electron_contaminaton": false,
  "energy": "0.1-0.8nm"
}
