{
  "time_tag": "2026-01-17T10:18:00Z",
  "satellite": 18,
  "flux": 0.000001468357027079037,
  "observed_flux": 0.0000014721051684318809,
  "electron_correction": 3.748170218642599E-9,
  "electron_contaminaton": false,
  "energy": "0.1-0.8nm"
}
