{
  "time_tag": "2026-03-06T22:05:00Z",
  "satellite": 18,
  "flux": 7.377129804808646E-7,
  "observed_flux": 7.519827249780064E-7,
  "electron_correction": 1.4269735615357604E-8,
  "electron_contaminaton": false,
  "energy": "0.1-0.8nm"
}
