{
  "time_tag": "2026-02-01T20:22:00Z",
  "satellite": 18,
  "flux": 0.000012546644938993268,
  "observed_flux": 0.0000125759534057579,
  "electron_correction": 2.9308438342923182E-8,
  "electron_contaminaton": false,
  "energy": "0.1-0.8nm"
}
