{
  "time_tag": "2026-01-04T11:17:00Z",
  "satellite": 18,
  "flux": 0.0000012553808801385458,
  "observed_flux": 0.0000012827050568375853,
  "electron_correction": 2.7324180251753205E-8,
  "electron_contaminaton": false,
  "energy": "0.1-0.8nm"
}
