{
  "time_tag": "2026-01-09T22:19:00Z",
  "satellite": 18,
  "flux": 5.446504474093672E-7,
  "observed_flux": 5.682567802978156E-7,
  "electron_correction": 2.3606338217518896E-8,
  "electron_contaminaton": false,
  "energy": "0.1-0.8nm"
}
