{
  "time_tag": "2026-03-15T17:05:00Z",
  "satellite": 18,
  "flux": 5.461375849336036E-7,
  "observed_flux": 6.142223583083251E-7,
  "electron_correction": 6.808473784758462E-8,
  "electron_contaminaton": false,
  "energy": "0.1-0.8nm"
}
