{
    "time_tag": "2026-06-20T20:20:00Z",
    "satellite": 18,
    "flux": 6.41500207620993e-07,
    "observed_flux": 6.683509354843409e-07,
    "electron_correction": 2.6850740297845732e-08,
    "electron_contaminaton": false,
    "energy": "0.1-0.8nm"
}