{
  "time_tag": "2026-02-24T07:05:00Z",
  "satellite": 18,
  "flux": 8.637848054604547E-7,
  "observed_flux": 8.781061637819221E-7,
  "electron_correction": 1.4321360097824254E-8,
  "electron_contaminaton": false,
  "energy": "0.1-0.8nm"
}
