{
  "time_tag": "2026-03-05T12:11:00Z",
  "satellite": 18,
  "flux": 6.886891696922248E-7,
  "observed_flux": 6.996718298069027E-7,
  "electron_correction": 1.0982666331926794E-8,
  "electron_contaminaton": false,
  "energy": "0.1-0.8nm"
}
