{
    "time_tag": "2026-06-13T15:45:00Z",
    "satellite": 18,
    "flux": 6.333966666716151e-07,
    "observed_flux": 6.745688665432681e-07,
    "electron_correction": 4.1172221187935065e-08,
    "electron_contaminaton": false,
    "energy": "0.1-0.8nm"
}