{
  "time_tag": "2026-03-06T16:47:00Z",
  "satellite": 18,
  "flux": 5.506352636075462E-7,
  "observed_flux": 5.687791713171464E-7,
  "electron_correction": 1.8143863300679186E-8,
  "electron_contaminaton": false,
  "energy": "0.1-0.8nm"
}
