{
  "time_tag": "2026-06-30T00:03:00Z",
  "satellite": 18,
  "flux": 0.0000019709668777068146,
  "observed_flux": 0.0000020000134099973366,
  "electron_correction": 2.9046509197883097E-8,
  "electron_contaminaton": false,
  "energy": "0.1-0.8nm"
}
