{
  "time_tag": "2026-06-26T07:59:00Z",
  "satellite": 18,
  "flux": 0.0000014046288470126456,
  "observed_flux": 0.0000014303692523753853,
  "electron_correction": 2.5740456877088036E-8,
  "electron_contaminaton": false,
  "energy": "0.1-0.8nm"
}
