{
  "time_tag": "2026-04-18T20:56:00Z",
  "satellite": 18,
  "flux": 3.2543675843044184E-7,
  "observed_flux": 3.657852971628017E-7,
  "electron_correction": 4.0348538732359884E-8,
  "electron_contaminaton": false,
  "energy": "0.1-0.8nm"
}
