{
  "time_tag": "2025-12-09T14:23:00Z",
  "satellite": 18,
  "flux": 0.0000029136051580280764,
  "observed_flux": 0.0000029357272524066502,
  "electron_correction": 2.212218497277263E-8,
  "electron_contaminaton": false,
  "energy": "0.1-0.8nm"
}
