{
    "time_tag": "2026-06-09T19:41:00Z",
    "satellite": 18,
    "flux": 1.5374627082564984e-06,
    "observed_flux": 1.585927179803548e-06,
    "electron_correction": 4.8464425361771646e-08,
    "electron_contaminaton": false,
    "energy": "0.1-0.8nm"
}