{
  "time_tag": "2026-03-07T22:02:00Z",
  "satellite": 18,
  "flux": 6.773415748284606E-7,
  "observed_flux": 7.082148272274935E-7,
  "electron_correction": 3.08732914788834E-8,
  "electron_contaminaton": false,
  "energy": "0.1-0.8nm"
}
