{
  "time_tag": "2026-03-20T19:55:00Z",
  "satellite": 18,
  "flux": 3.615818684465921E-7,
  "observed_flux": 3.729118134288001E-7,
  "electron_correction": 1.1329940541315864E-8,
  "electron_contaminaton": false,
  "energy": "0.1-0.8nm"
}
