{
  "time_tag": "2026-04-18T10:24:00Z",
  "satellite": 18,
  "flux": 3.984721104188793E-7,
  "observed_flux": 4.1398641315026907E-7,
  "electron_correction": 1.551427963875085E-8,
  "electron_contaminaton": false,
  "energy": "0.1-0.8nm"
}
