{
    "time_tag": "2026-04-28T02:12:00Z",
    "satellite": 18,
    "flux": 1.4335324749481515e-06,
    "observed_flux": 1.4419546232602443e-06,
    "electron_correction": 8.422167852017992e-09,
    "electron_contaminaton": false,
    "energy": "0.1-0.8nm"
}