{
  "time_tag": "2026-03-12T13:26:00Z",
  "satellite": 18,
  "flux": 6.648711519119388E-7,
  "observed_flux": 6.876887823636935E-7,
  "electron_correction": 2.281765354439358E-8,
  "electron_contaminaton": false,
  "energy": "0.1-0.8nm"
}
