{
  "time_tag": "2026-03-21T21:20:00Z",
  "satellite": 18,
  "flux": 4.214985835915286E-7,
  "observed_flux": 4.5108774315849587E-7,
  "electron_correction": 2.95891648960378E-8,
  "electron_contaminaton": false,
  "energy": "0.1-0.8nm"
}
