{
  "time_tag": "2026-03-29T15:22:00Z",
  "satellite": 18,
  "flux": 0.0000010725779020503978,
  "observed_flux": 0.0000010865793456105166,
  "electron_correction": 1.4001452441902984E-8,
  "electron_contaminaton": false,
  "energy": "0.1-0.8nm"
}
