{
    "time_tag": "2026-06-14T11:35:00Z",
    "satellite": 18,
    "flux": 6.196337380970363e-07,
    "observed_flux": 6.402754024747992e-07,
    "electron_correction": 2.0641692799472366e-08,
    "electron_contaminaton": false,
    "energy": "0.1-0.8nm"
}