{
  "time_tag": "2026-03-01T07:13:00Z",
  "satellite": 18,
  "flux": 0.0000012328708862696658,
  "observed_flux": 0.0000012471455193008296,
  "electron_correction": 1.4274554871462897E-8,
  "electron_contaminaton": false,
  "energy": "0.1-0.8nm"
}
