{
  "time_tag": "2026-05-16T11:59:00Z",
  "satellite": 18,
  "flux": 4.636006281089067E-7,
  "observed_flux": 5.001213025934703E-7,
  "electron_correction": 3.652068869541836E-8,
  "electron_contaminaton": false,
  "energy": "0.1-0.8nm"
}
