{
  "time_tag": "2026-01-14T01:48:00Z",
  "satellite": 18,
  "flux": 7.894934128671593E-7,
  "observed_flux": 8.34375100566831E-7,
  "electron_correction": 4.48816876996716E-8,
  "electron_contaminaton": false,
  "energy": "0.1-0.8nm"
}
