{
  "time_tag": "2026-06-21T23:24:00Z",
  "satellite": 18,
  "flux": 0.0000013993333141115727,
  "observed_flux": 0.000001414306098013185,
  "electron_correction": 1.4972844297744814E-8,
  "electron_contaminaton": false,
  "energy": "0.1-0.8nm"
}
