{
    "time_tag": "2026-05-08T00:15:00Z",
    "satellite": 18,
    "flux": 6.426474215004419e-07,
    "observed_flux": 6.64508036152256e-07,
    "electron_correction": 2.1860614651814103e-08,
    "electron_contaminaton": false,
    "energy": "0.1-0.8nm"
}