{
  "time_tag": "2026-02-25T19:05:00Z",
  "satellite": 18,
  "flux": 0.0000011803157349277171,
  "observed_flux": 0.0000012471969057514798,
  "electron_correction": 6.688122766718152E-8,
  "electron_contaminaton": false,
  "energy": "0.1-0.8nm"
}
