{
  "time_tag": "2026-01-18T18:18:00Z",
  "satellite": 18,
  "flux": 0.00018351446487940848,
  "observed_flux": 0.00018351446487940848,
  "electron_correction": 0.0,
  "electron_contaminaton": false,
  "energy": "0.1-0.8nm"
}
