{
    "time_tag": "2026-05-10T20:20:00Z",
    "satellite": 18,
    "flux": 8.221306302402809e-07,
    "observed_flux": 8.437174301434425e-07,
    "electron_correction": 2.1586826548514182e-08,
    "electron_contaminaton": false,
    "energy": "0.1-0.8nm"
}