{
    "time_tag": "2026-05-02T18:07:00Z",
    "satellite": 18,
    "flux": 1.3376478591453633e-06,
    "observed_flux": 1.3829496765538352e-06,
    "electron_correction": 4.530182096118551e-08,
    "electron_contaminaton": false,
    "energy": "0.1-0.8nm"
}