{
  "time_tag": "2026-05-31T05:12:00Z",
  "satellite": 18,
  "flux": 8.986586408354924E-7,
  "observed_flux": 9.186779834635672E-7,
  "electron_correction": 2.0019331969933774E-8,
  "electron_contaminaton": false,
  "energy": "0.1-0.8nm"
}
