{
    "time_tag": "2026-04-30T11:48:00Z",
    "satellite": 18,
    "flux": 1.0390963325335179e-06,
    "observed_flux": 1.0404820613985066e-06,
    "electron_correction": 1.38575195762769e-09,
    "electron_contaminaton": false,
    "energy": "0.1-0.8nm"
}