{
    "time_tag": "2026-04-23T09:31:00Z",
    "satellite": 18,
    "flux": 1.2626820762307034e-06,
    "observed_flux": 1.2822148391933297e-06,
    "electron_correction": 1.9532659933929608e-08,
    "electron_contaminaton": false,
    "energy": "0.1-0.8nm"
}