{
    "time_tag": "2026-06-03T22:58:00Z",
    "satellite": 18,
    "flux": 1.0581015885691158e-06,
    "observed_flux": 1.086167912944802e-06,
    "electron_correction": 2.8066354573752506e-08,
    "electron_contaminaton": false,
    "energy": "0.1-0.8nm"
}