{
  "time_tag": "2026-04-20T20:46:00Z",
  "satellite": 18,
  "flux": 5.296516292219167E-7,
  "observed_flux": 6.083163270886871E-7,
  "electron_correction": 7.866472628847987E-8,
  "electron_contaminaton": false,
  "energy": "0.1-0.8nm"
}
