{
  "time_tag": "2025-12-06T07:21:00Z",
  "satellite": 18,
  "flux": 0.0000013884750842407811,
  "observed_flux": 0.0000013957377404949511,
  "electron_correction": 7.262639822869232E-9,
  "electron_contaminaton": false,
  "energy": "0.1-0.8nm"
}
