{
  "time_tag": "2026-02-24T06:33:00Z",
  "satellite": 18,
  "flux": 6.839385946477705E-7,
  "observed_flux": 7.150134138100839E-7,
  "electron_correction": 3.1074833373168076E-8,
  "electron_contaminaton": false,
  "energy": "0.1-0.8nm"
}
