{
  "time_tag": "2026-05-31T17:34:00Z",
  "satellite": 18,
  "flux": 6.902502036609803E-7,
  "observed_flux": 7.359512324001116E-7,
  "electron_correction": 4.5701039397272325E-8,
  "electron_contaminaton": false,
  "energy": "0.1-0.8nm"
}
