{
    "time_tag": "2026-05-28T04:51:00Z",
    "satellite": 19,
    "flux": 7.331162237278477e-07,
    "observed_flux": 7.333712801482761e-07,
    "electron_correction": 2.550774313991866e-10,
    "electron_contaminaton": false,
    "energy": "0.1-0.8nm"
}