{
  "time_tag": "2026-03-21T02:35:00Z",
  "satellite": 18,
  "flux": 4.10936451089583E-7,
  "observed_flux": 4.1124258132185787E-7,
  "electron_correction": 3.061257081160562E-10,
  "electron_contaminaton": false,
  "energy": "0.1-0.8nm"
}
