{
  "time_tag": "2026-02-25T23:51:00Z",
  "satellite": 18,
  "flux": 0.0000015433786302310182,
  "observed_flux": 0.0000016003931477825972,
  "electron_correction": 5.701458860585262E-8,
  "electron_contaminaton": false,
  "energy": "0.1-0.8nm"
}
