{
    "time_tag": "2026-05-04T19:16:00Z",
    "satellite": 18,
    "flux": 1.081539721781155e-06,
    "observed_flux": 1.0891441206695163e-06,
    "electron_correction": 7.60441132285905e-09,
    "electron_contaminaton": false,
    "energy": "0.1-0.8nm"
}