{
  "time_tag": "2026-06-04T03:43:00Z",
  "satellite": 18,
  "flux": 0.0000013217891137173865,
  "observed_flux": 0.000001324176309935865,
  "electron_correction": 2.3873021337550426E-9,
  "electron_contaminaton": false,
  "energy": "0.1-0.8nm"
}
