{
  "time_tag": "2026-06-21T19:27:00Z",
  "satellite": 18,
  "flux": 0.00005564961611526087,
  "observed_flux": 0.00005566765321418643,
  "electron_correction": 1.8037063398423925E-8,
  "electron_contaminaton": false,
  "energy": "0.1-0.8nm"
}
