{
  "time_tag": "2026-02-02T15:26:00Z",
  "satellite": 18,
  "flux": 0.000018836881281458773,
  "observed_flux": 0.00001885381425381638,
  "electron_correction": 1.6932595769958425E-8,
  "electron_contaminaton": false,
  "energy": "0.1-0.8nm"
}
