{
  "time_tag": "2026-01-20T00:38:00Z",
  "satellite": 18,
  "flux": 0.000001819558860916004,
  "observed_flux": 0.0000018197474673797842,
  "electron_correction": 1.8863760553600173E-10,
  "electron_contaminaton": false,
  "energy": "0.1-0.8nm"
}
