{
    "time_tag": "2026-04-27T22:42:00Z",
    "satellite": 18,
    "flux": 9.836647905103746e-07,
    "observed_flux": 9.940898735294468e-07,
    "electron_correction": 1.042505104464908e-08,
    "electron_contaminaton": false,
    "energy": "0.1-0.8nm"
}