{
  "time_tag": "2026-05-02T01:02:00Z",
  "satellite": 18,
  "flux": 9.542661700834287E-7,
  "observed_flux": 9.976788533094805E-7,
  "electron_correction": 4.3412697436906456E-8,
  "electron_contaminaton": false,
  "energy": "0.1-0.8nm"
}
