{
  "time_tag": "2026-03-21T11:35:00Z",
  "satellite": 18,
  "flux": 3.869751594720583E-7,
  "observed_flux": 3.870291891416855E-7,
  "electron_correction": 5.4019112100123223E-11,
  "electron_contaminaton": false,
  "energy": "0.1-0.8nm"
}
