{
  "time_tag": "2026-03-15T10:06:00Z",
  "satellite": 18,
  "flux": 0.000002223875753770699,
  "observed_flux": 0.0000022424678718380164,
  "electron_correction": 1.859227083400583E-8,
  "electron_contaminaton": false,
  "energy": "0.1-0.8nm"
}
