{
    "time_tag": "2026-04-29T19:36:00Z",
    "satellite": 18,
    "flux": 2.084038897010032e-06,
    "observed_flux": 2.091638179990696e-06,
    "electron_correction": 7.599206597319608e-09,
    "electron_contaminaton": false,
    "energy": "0.1-0.8nm"
}