{
  "time_tag": "2026-04-27T17:25:00Z",
  "satellite": 18,
  "flux": 8.071891670624609E-7,
  "observed_flux": 8.195519285436603E-7,
  "electron_correction": 1.2362739276738921E-8,
  "electron_contaminaton": false,
  "energy": "0.1-0.8nm"
}
