{
    "time_tag": "2026-05-02T14:09:00Z",
    "satellite": 18,
    "flux": 2.0339737147878623e-06,
    "observed_flux": 2.062121893686708e-06,
    "electron_correction": 2.814814870077953e-08,
    "electron_contaminaton": false,
    "energy": "0.1-0.8nm"
}