{
  "time_tag": "2026-03-02T01:33:00Z",
  "satellite": 18,
  "flux": 9.963898719433928E-7,
  "observed_flux": 0.0000010352805475122295,
  "electron_correction": 3.8890661357982026E-8,
  "electron_contaminaton": false,
  "energy": "0.1-0.8nm"
}
