{
  "time_tag": "2026-02-11T13:26:00Z",
  "satellite": 18,
  "flux": 0.000007685497621423565,
  "observed_flux": 0.00000770543465478113,
  "electron_correction": 1.9936814865673114E-8,
  "electron_contaminaton": false,
  "energy": "0.1-0.8nm"
}
