{
  "time_tag": "2026-03-22T19:07:00Z",
  "satellite": 18,
  "flux": 9.158824809674115E-7,
  "observed_flux": 9.454670362174511E-7,
  "electron_correction": 2.9584565908180593E-8,
  "electron_contaminaton": false,
  "energy": "0.1-0.8nm"
}
