{
  "time_tag": "2026-05-02T23:26:00Z",
  "satellite": 18,
  "flux": 0.0000011857798654091312,
  "observed_flux": 0.0000012240917612871272,
  "electron_correction": 3.831191364156439E-8,
  "electron_contaminaton": false,
  "energy": "0.1-0.8nm"
}
