{
    "time_tag": "2026-06-25T18:34:00Z",
    "satellite": 18,
    "flux": 1.3874175692762947e-06,
    "observed_flux": 1.4696371408717823e-06,
    "electron_correction": 8.221962843890651e-08,
    "electron_contaminaton": false,
    "energy": "0.1-0.8nm"
}