{
  "time_tag": "2026-02-08T08:41:00Z",
  "satellite": 18,
  "flux": 0.0000033089697808463825,
  "observed_flux": 0.000003334632310725283,
  "electron_correction": 2.5662512115331992E-8,
  "electron_contaminaton": false,
  "energy": "0.1-0.8nm"
}
