{
  "time_tag": "2026-05-04T23:02:00Z",
  "satellite": 18,
  "flux": 9.30060480186512E-7,
  "observed_flux": 9.375681315759721E-7,
  "electron_correction": 7.507654942173758E-9,
  "electron_contaminaton": false,
  "energy": "0.1-0.8nm"
}
