{
    "time_tag": "2026-05-17T15:06:00Z",
    "satellite": 18,
    "flux": 5.506792604137445e-07,
    "observed_flux": 6.094669515732676e-07,
    "electron_correction": 5.878773023937356e-08,
    "electron_contaminaton": false,
    "energy": "0.1-0.8nm"
}