{
  "time_tag": "2026-05-12T06:37:00Z",
  "satellite": 18,
  "flux": 8.870099463820225E-7,
  "observed_flux": 8.964467497207806E-7,
  "electron_correction": 9.436766923442974E-9,
  "electron_contaminaton": false,
  "energy": "0.1-0.8nm"
}
