{
  "time_tag": "2026-06-15T16:52:00Z",
  "satellite": 18,
  "flux": 5.327875101102109E-7,
  "observed_flux": 5.744086024606077E-7,
  "electron_correction": 4.1621113666678866E-8,
  "electron_contaminaton": false,
  "energy": "0.1-0.8nm"
}
