{
  "time_tag": "2026-05-22T03:41:00Z",
  "satellite": 18,
  "flux": 0.000001498322376392025,
  "observed_flux": 0.0000015367623973361333,
  "electron_correction": 3.844002804953561E-8,
  "electron_contaminaton": false,
  "energy": "0.1-0.8nm"
}
