{
  "time_tag": "2026-03-03T16:15:00Z",
  "satellite": 18,
  "flux": 0.000001448166244699678,
  "observed_flux": 0.000001460988528378948,
  "electron_correction": 1.2822310324622777E-8,
  "electron_contaminaton": false,
  "energy": "0.1-0.8nm"
}
