{
    "time_tag": "2026-05-24T21:00:00Z",
    "satellite": 18,
    "flux": 8.084429055088549e-07,
    "observed_flux": 8.233320727413229e-07,
    "electron_correction": 1.4889172561538544e-08,
    "electron_contaminaton": false,
    "energy": "0.1-0.8nm"
}