{
  "time_tag": "2026-05-13T18:11:00Z",
  "satellite": 18,
  "flux": 0.0000010674502846086398,
  "observed_flux": 0.0000010725997299232404,
  "electron_correction": 5.149427551032204E-9,
  "electron_contaminaton": false,
  "energy": "0.1-0.8nm"
}
