{
  "time_tag": "2026-02-12T16:43:00Z",
  "satellite": 18,
  "flux": 0.00000102020533176983,
  "observed_flux": 0.0000010671207064660848,
  "electron_correction": 4.6915364038113694E-8,
  "electron_contaminaton": false,
  "energy": "0.1-0.8nm"
}
