{
  "time_tag": "2026-03-22T17:37:00Z",
  "satellite": 18,
  "flux": 0.0000010359702855566866,
  "observed_flux": 0.0000010875877478611073,
  "electron_correction": 5.161737703929248E-8,
  "electron_contaminaton": false,
  "energy": "0.1-0.8nm"
}
