{
    "time_tag": "2026-05-15T06:17:00Z",
    "satellite": 18,
    "flux": 7.326706281673978e-07,
    "observed_flux": 7.333251232921612e-07,
    "electron_correction": 6.544850772449706e-10,
    "electron_contaminaton": false,
    "energy": "0.1-0.8nm"
}