{
    "time_tag": "2026-05-17T12:31:00Z",
    "satellite": 18,
    "flux": 8.741917554289103e-07,
    "observed_flux": 9.139520216194796e-07,
    "electron_correction": 3.976029816499249e-08,
    "electron_contaminaton": false,
    "energy": "0.1-0.8nm"
}