{
  "time_tag": "2026-06-20T22:35:00Z",
  "satellite": 18,
  "flux": 0.0000014118642184257624,
  "observed_flux": 0.000001437470700693666,
  "electron_correction": 2.5606498255115184E-8,
  "electron_contaminaton": false,
  "energy": "0.1-0.8nm"
}
