{
    "time_tag": "2026-06-25T01:19:00Z",
    "satellite": 18,
    "flux": 2.2176873244461603e-06,
    "observed_flux": 2.2264482595346635e-06,
    "electron_correction": 8.76088712686851e-09,
    "electron_contaminaton": false,
    "energy": "0.1-0.8nm"
}