{
    "time_tag": "2026-05-22T15:10:00Z",
    "satellite": 18,
    "flux": 8.733948675399006e-07,
    "observed_flux": 8.995695566227369e-07,
    "electron_correction": 2.6174728162686733e-08,
    "electron_contaminaton": false,
    "energy": "0.1-0.8nm"
}