{
  "time_tag": "2026-04-21T21:27:00Z",
  "satellite": 18,
  "flux": 0.0000014357802911035833,
  "observed_flux": 0.0000015169280231930315,
  "electron_correction": 8.114773919487561E-8,
  "electron_contaminaton": false,
  "energy": "0.1-0.8nm"
}
