{
  "time_tag": "2026-04-17T20:44:00Z",
  "satellite": 18,
  "flux": 3.210315639989858E-7,
  "observed_flux": 3.2948463513093884E-7,
  "electron_correction": 8.45309333641353E-9,
  "electron_contaminaton": false,
  "energy": "0.1-0.8nm"
}
