{
  "time_tag": "2026-02-04T23:37:00Z",
  "satellite": 18,
  "flux": 0.0000031742497412778903,
  "observed_flux": 0.0000031855238376010675,
  "electron_correction": 1.1273961320057424E-8,
  "electron_contaminaton": false,
  "energy": "0.1-0.8nm"
}
