{
  "time_tag": "2026-06-11T17:39:00Z",
  "satellite": 18,
  "flux": 7.262117378559196E-7,
  "observed_flux": 7.527909247073694E-7,
  "electron_correction": 2.6579186851449776E-8,
  "electron_contaminaton": false,
  "energy": "0.1-0.8nm"
}
