{
  "time_tag": "2026-02-25T22:42:00Z",
  "satellite": 18,
  "flux": 0.000001058507450579782,
  "observed_flux": 0.000001120584329328267,
  "electron_correction": 6.20768929593396E-8,
  "electron_contaminaton": false,
  "energy": "0.1-0.8nm"
}
