{
  "time_tag": "2026-03-31T05:47:00Z",
  "satellite": 18,
  "flux": 8.551911605536588E-7,
  "observed_flux": 8.637719020043733E-7,
  "electron_correction": 8.58075299703387E-9,
  "electron_contaminaton": false,
  "energy": "0.1-0.8nm"
}
