{
    "time_tag": "2026-05-27T13:27:00Z",
    "satellite": 18,
    "flux": 2.106099373122561e-06,
    "observed_flux": 2.114150902343681e-06,
    "electron_correction": 8.051597610858607e-09,
    "electron_contaminaton": false,
    "energy": "0.1-0.8nm"
}