{
    "time_tag": "2026-05-17T20:43:00Z",
    "satellite": 18,
    "flux": 6.270074095482414e-07,
    "observed_flux": 6.977517159612034e-07,
    "electron_correction": 7.074431351838939e-08,
    "electron_contaminaton": false,
    "energy": "0.1-0.8nm"
}