{
  "time_tag": "2026-02-07T19:59:00Z",
  "satellite": 18,
  "flux": 0.0000029259329039632576,
  "observed_flux": 0.000002973294840558083,
  "electron_correction": 4.7361972121962026E-8,
  "electron_contaminaton": false,
  "energy": "0.1-0.8nm"
}
