{
    "time_tag": "2026-04-25T07:45:00Z",
    "satellite": 18,
    "flux": 2.3194888854050077e-06,
    "observed_flux": 2.320664179933374e-06,
    "electron_correction": 1.1751666306736297e-09,
    "electron_contaminaton": false,
    "energy": "0.1-0.8nm"
}