{
    "time_tag": "2026-04-30T23:58:00Z",
    "satellite": 18,
    "flux": 1.129745896832901e-06,
    "observed_flux": 1.1426918717916124e-06,
    "electron_correction": 1.2946028249416486e-08,
    "electron_contaminaton": false,
    "energy": "0.1-0.8nm"
}