{
  "time_tag": "2026-04-30T01:51:00Z",
  "satellite": 18,
  "flux": 0.000001695218998065684,
  "observed_flux": 0.0000016994248426271952,
  "electron_correction": 4.205765069542622E-9,
  "electron_contaminaton": false,
  "energy": "0.1-0.8nm"
}
