{
  "time_tag": "2026-01-07T22:18:00Z",
  "satellite": 18,
  "flux": 0.0000012204211543576093,
  "observed_flux": 0.0000012546025800475036,
  "electron_correction": 3.4181443453462634E-8,
  "electron_contaminaton": false,
  "energy": "0.1-0.8nm"
}
