{
  "time_tag": "2026-06-21T05:30:00Z",
  "satellite": 18,
  "flux": 0.0000011073530004068743,
  "observed_flux": 0.0000011132067356811604,
  "electron_correction": 5.853709517111838E-9,
  "electron_contaminaton": false,
  "energy": "0.1-0.8nm"
}
