{
  "time_tag": "2026-02-06T03:32:00Z",
  "satellite": 18,
  "flux": 0.0000015589773738611257,
  "observed_flux": 0.000001573390250086959,
  "electron_correction": 1.4412907312078005E-8,
  "electron_contaminaton": false,
  "energy": "0.1-0.8nm"
}
