{
    "time_tag": "2026-05-09T07:35:00Z",
    "satellite": 18,
    "flux": 6.84262658978696e-07,
    "observed_flux": 6.964178851376346e-07,
    "electron_correction": 1.2155221718046505e-08,
    "electron_contaminaton": false,
    "energy": "0.1-0.8nm"
}