{
  "time_tag": "2026-05-02T14:16:00Z",
  "satellite": 18,
  "flux": 0.0000015890678923824453,
  "observed_flux": 0.0000016180175634872285,
  "electron_correction": 2.8949726171845214E-8,
  "electron_contaminaton": false,
  "energy": "0.1-0.8nm"
}
