{
  "time_tag": "2026-02-21T14:51:00Z",
  "satellite": 18,
  "flux": 3.44034788213321E-7,
  "observed_flux": 3.5348296023585135E-7,
  "electron_correction": 9.448192450633996E-9,
  "electron_contaminaton": false,
  "energy": "0.1-0.8nm"
}
