{
  "time_tag": "2026-04-27T20:28:00Z",
  "satellite": 18,
  "flux": 7.380838269455126E-7,
  "observed_flux": 7.508068620154518E-7,
  "electron_correction": 1.2723011089121883E-8,
  "electron_contaminaton": false,
  "energy": "0.1-0.8nm"
}
