{
  "time_tag": "2026-05-03T12:08:00Z",
  "satellite": 18,
  "flux": 9.842319741437677E-7,
  "observed_flux": 0.000001004673436000303,
  "electron_correction": 2.044146540924885E-8,
  "electron_contaminaton": false,
  "energy": "0.1-0.8nm"
}
