{
  "time_tag": "2026-03-01T14:48:00Z",
  "satellite": 18,
  "flux": 0.000001106137347051117,
  "observed_flux": 0.0000011435200804044143,
  "electron_correction": 3.7382768880434014E-8,
  "electron_contaminaton": false,
  "energy": "0.1-0.8nm"
}
