{
  "time_tag": "2026-03-27T04:56:00Z",
  "satellite": 18,
  "flux": 0.0000016836568192957202,
  "observed_flux": 0.0000017220667132278322,
  "electron_correction": 3.840979445612902E-8,
  "electron_contaminaton": false,
  "energy": "0.1-0.8nm"
}
