{
  "time_tag": "2026-03-20T18:20:00Z",
  "satellite": 18,
  "flux": 3.4487428024476685E-7,
  "observed_flux": 3.523915381720144E-7,
  "electron_correction": 7.517255262712297E-9,
  "electron_contaminaton": false,
  "energy": "0.1-0.8nm"
}
