{
  "time_tag": "2026-05-22T06:31:00Z",
  "satellite": 18,
  "flux": 7.21943195003405E-7,
  "observed_flux": 7.405484439004795E-7,
  "electron_correction": 1.8605232909862934E-8,
  "electron_contaminaton": false,
  "energy": "0.1-0.8nm"
}
