{
  "time_tag": "2025-12-24T04:21:00Z",
  "satellite": 18,
  "flux": 0.000001299418613598391,
  "observed_flux": 0.000001325546804764599,
  "electron_correction": 2.6128201824349162E-8,
  "electron_contaminaton": false,
  "energy": "0.1-0.8nm"
}
