{
  "time_tag": "2026-03-01T16:22:00Z",
  "satellite": 18,
  "flux": 0.0000013937695939603145,
  "observed_flux": 0.0000014307041737993131,
  "electron_correction": 3.693455852271654E-8,
  "electron_contaminaton": false,
  "energy": "0.1-0.8nm"
}
