{
    "time_tag": "2026-05-10T06:43:00Z",
    "satellite": 18,
    "flux": 1.3610286941911909e-06,
    "observed_flux": 1.3690188325199415e-06,
    "electron_correction": 7.990224482057329e-09,
    "electron_contaminaton": false,
    "energy": "0.1-0.8nm"
}