{
  "time_tag": "2026-05-30T08:15:00Z",
  "satellite": 18,
  "flux": 0.0000013417682112049079,
  "observed_flux": 0.00000135323716676794,
  "electron_correction": 1.1468913818646342E-8,
  "electron_contaminaton": false,
  "energy": "0.1-0.8nm"
}
