{
  "time_tag": "2026-03-04T17:42:00Z",
  "satellite": 18,
  "flux": 5.595044854089792E-7,
  "observed_flux": 5.903003170715238E-7,
  "electron_correction": 3.07958174516898E-8,
  "electron_contaminaton": false,
  "energy": "0.1-0.8nm"
}
