{
  "time_tag": "2025-12-20T00:35:00Z",
  "satellite": 18,
  "flux": 7.419026246680005E-7,
  "observed_flux": 7.861250423957244E-7,
  "electron_correction": 4.422238575330084E-8,
  "electron_contaminaton": false,
  "energy": "0.1-0.8nm"
}
