{
  "time_tag": "2026-04-19T07:43:00Z",
  "satellite": 18,
  "flux": 4.1938011463571456E-7,
  "observed_flux": 4.4785127784052747E-7,
  "electron_correction": 2.847116320481291E-8,
  "electron_contaminaton": false,
  "energy": "0.1-0.8nm"
}
