{
  "time_tag": "2026-03-21T17:21:00Z",
  "satellite": 18,
  "flux": 4.0693845448913635E-7,
  "observed_flux": 4.22588186665962E-7,
  "electron_correction": 1.5649742834966673E-8,
  "electron_contaminaton": false,
  "energy": "0.1-0.8nm"
}
