{
    "time_tag": "2026-05-02T19:24:00Z",
    "satellite": 18,
    "flux": 1.4494647757601342e-06,
    "observed_flux": 1.4950744571251562e-06,
    "electron_correction": 4.560968491773565e-08,
    "electron_contaminaton": false,
    "energy": "0.1-0.8nm"
}