{
    "time_tag": "2026-05-17T17:16:00Z",
    "satellite": 18,
    "flux": 6.11420887253189e-07,
    "observed_flux": 6.84313704368833e-07,
    "electron_correction": 7.289284553735342e-08,
    "electron_contaminaton": false,
    "energy": "0.1-0.8nm"
}