{
    "time_tag": "2026-04-25T08:55:00Z",
    "satellite": 18,
    "flux": 1.3414252180155017e-06,
    "observed_flux": 1.3436731478577713e-06,
    "electron_correction": 2.247944497213439e-09,
    "electron_contaminaton": false,
    "energy": "0.1-0.8nm"
}