{
  "time_tag": "2026-03-14T04:20:00Z",
  "satellite": 18,
  "flux": 5.426471716418746E-7,
  "observed_flux": 5.507119453795895E-7,
  "electron_correction": 8.064777290428538E-9,
  "electron_contaminaton": false,
  "energy": "0.1-0.8nm"
}
