{
    "time_tag": "2026-06-08T02:12:00Z",
    "satellite": 18,
    "flux": 1.1382469438103726e-06,
    "observed_flux": 1.1786244158429326e-06,
    "electron_correction": 4.037753953411993e-08,
    "electron_contaminaton": false,
    "energy": "0.1-0.8nm"
}