{
  "time_tag": "2026-02-26T10:15:00Z",
  "satellite": 18,
  "flux": 8.494988605889375E-7,
  "observed_flux": 8.886897830961971E-7,
  "electron_correction": 3.9190936718114244E-8,
  "electron_contaminaton": false,
  "energy": "0.1-0.8nm"
}
