{
  "time_tag": "2026-05-09T19:36:00Z",
  "satellite": 18,
  "flux": 0.0000010951906688205781,
  "observed_flux": 0.000001120314777836029,
  "electron_correction": 2.5124020197608843E-8,
  "electron_contaminaton": false,
  "energy": "0.1-0.8nm"
}
