{
  "time_tag": "2026-05-11T01:57:00Z",
  "satellite": 18,
  "flux": 8.120356937979523E-7,
  "observed_flux": 8.269631734947325E-7,
  "electron_correction": 1.4927469038639174E-8,
  "electron_contaminaton": false,
  "energy": "0.1-0.8nm"
}
