{
  "time_tag": "2026-04-17T17:11:00Z",
  "satellite": 18,
  "flux": 5.758436714131676E-7,
  "observed_flux": 5.823333140142495E-7,
  "electron_correction": 6.489598192160884E-9,
  "electron_contaminaton": false,
  "energy": "0.1-0.8nm"
}
