{
    "time_tag": "2026-06-21T21:51:00Z",
    "satellite": 18,
    "flux": 2.4515882159903413e-06,
    "observed_flux": 2.4687785753485514e-06,
    "electron_correction": 1.719040909620162e-08,
    "electron_contaminaton": false,
    "energy": "0.1-0.8nm"
}