{
  "time_tag": "2026-01-05T20:19:00Z",
  "satellite": 18,
  "flux": 0.0000017772033515939256,
  "observed_flux": 0.000001827568098633492,
  "electron_correction": 5.036471506514317E-8,
  "electron_contaminaton": false,
  "energy": "0.1-0.8nm"
}
