{
  "time_tag": "2025-12-09T09:23:00Z",
  "satellite": 18,
  "flux": 0.0000027259266062173992,
  "observed_flux": 0.0000027356966256775195,
  "electron_correction": 9.77001235469288E-9,
  "electron_contaminaton": false,
  "energy": "0.1-0.8nm"
}
