{
  "time_tag": "2026-02-20T17:12:00Z",
  "satellite": 18,
  "flux": 5.249143555374758E-7,
  "observed_flux": 5.539399126064382E-7,
  "electron_correction": 2.9025569503460247E-8,
  "electron_contaminaton": false,
  "energy": "0.1-0.8nm"
}
