{
  "time_tag": "2026-05-27T08:06:00Z",
  "satellite": 18,
  "flux": 8.221096550187212E-7,
  "observed_flux": 8.288918138532608E-7,
  "electron_correction": 6.7821743776619314E-9,
  "electron_contaminaton": false,
  "energy": "0.1-0.8nm"
}
