{
    "time_tag": "2026-06-14T13:40:00Z",
    "satellite": 18,
    "flux": 5.546020247493288e-07,
    "observed_flux": 5.779870662081521e-07,
    "electron_correction": 2.338502191889802e-08,
    "electron_contaminaton": false,
    "energy": "0.1-0.8nm"
}