{
  "time_tag": "2026-02-28T13:13:00Z",
  "satellite": 18,
  "flux": 0.0000016187321989491466,
  "observed_flux": 0.0000016446717836515745,
  "electron_correction": 2.5939643322203665E-8,
  "electron_contaminaton": false,
  "energy": "0.1-0.8nm"
}
