{
    "time_tag": "2026-07-02T14:30:00Z",
    "satellite": 18,
    "flux": 2.464353428877075e-06,
    "observed_flux": 2.472439518896863e-06,
    "electron_correction": 8.086062486256651e-09,
    "electron_contaminaton": false,
    "energy": "0.1-0.8nm"
}