{
  "time_tag": "2026-03-05T11:51:00Z",
  "satellite": 18,
  "flux": 7.285218543984229E-7,
  "observed_flux": 7.389982101813075E-7,
  "electron_correction": 1.0476369105560934E-8,
  "electron_contaminaton": false,
  "energy": "0.1-0.8nm"
}
