{
  "time_tag": "2026-03-26T00:58:00Z",
  "satellite": 18,
  "flux": 0.0000011767659771066974,
  "observed_flux": 0.0000012184386832814198,
  "electron_correction": 4.167270617472241E-8,
  "electron_contaminaton": false,
  "energy": "0.1-0.8nm"
}
