{
  "time_tag": "2026-03-14T22:03:00Z",
  "satellite": 18,
  "flux": 8.018629955586221E-7,
  "observed_flux": 8.538729048268578E-7,
  "electron_correction": 5.2009884399240036E-8,
  "electron_contaminaton": false,
  "energy": "0.1-0.8nm"
}
