{
  "time_tag": "2026-05-01T13:46:00Z",
  "satellite": 18,
  "flux": 9.344979048364621E-7,
  "observed_flux": 9.640425560064614E-7,
  "electron_correction": 2.9544629853717197E-8,
  "electron_contaminaton": false,
  "energy": "0.1-0.8nm"
}
