{
  "time_tag": "2026-01-24T06:19:00Z",
  "satellite": 18,
  "flux": 0.000003005041435244493,
  "observed_flux": 0.0000030319899906317005,
  "electron_correction": 2.6948615783339847E-8,
  "electron_contaminaton": false,
  "energy": "0.1-0.8nm"
}
