{
  "time_tag": "2026-01-19T07:19:00Z",
  "satellite": 18,
  "flux": 0.000002564529495430179,
  "observed_flux": 0.0000025910417207342107,
  "electron_correction": 2.6512129380762417E-8,
  "electron_contaminaton": false,
  "energy": "0.1-0.8nm"
}
