{
  "time_tag": "2025-12-08T00:38:00Z",
  "satellite": 18,
  "flux": 0.000014426207599171903,
  "observed_flux": 0.000014460782949754503,
  "electron_correction": 3.457528663375342E-8,
  "electron_contaminaton": false,
  "energy": "0.1-0.8nm"
}
