{
  "time_tag": "2026-03-08T21:04:00Z",
  "satellite": 18,
  "flux": 6.262653755584324E-7,
  "observed_flux": 6.816270570197958E-7,
  "electron_correction": 5.536163527608551E-8,
  "electron_contaminaton": false,
  "energy": "0.1-0.8nm"
}
