{
  "time_tag": "2025-12-12T13:22:00Z",
  "satellite": 18,
  "flux": 0.0000016303158645314397,
  "observed_flux": 0.0000016372748632420553,
  "electron_correction": 6.958913445487269E-9,
  "electron_contaminaton": false,
  "energy": "0.1-0.8nm"
}
