{
  "time_tag": "2025-12-11T19:18:00Z",
  "satellite": 18,
  "flux": 0.0000012418199730745982,
  "observed_flux": 0.0000012722691735689295,
  "electron_correction": 3.044926089046385E-8,
  "electron_contaminaton": false,
  "energy": "0.1-0.8nm"
}
