{
  "time_tag": "2025-12-09T00:37:00Z",
  "satellite": 18,
  "flux": 0.000004120066023460822,
  "observed_flux": 0.000004147280378674623,
  "electron_correction": 2.721431613394998E-8,
  "electron_contaminaton": false,
  "energy": "0.1-0.8nm"
}
