{
  "time_tag": "2026-05-06T17:48:00Z",
  "satellite": 18,
  "flux": 7.315001653296349E-7,
  "observed_flux": 7.829630703781731E-7,
  "electron_correction": 5.146285886326041E-8,
  "electron_contaminaton": false,
  "energy": "0.1-0.8nm"
}
