{
  "time_tag": "2025-12-25T18:19:00Z",
  "satellite": 18,
  "flux": 0.0000016645726645947434,
  "observed_flux": 0.0000017198647128680022,
  "electron_correction": 5.52921228802461E-8,
  "electron_contaminaton": false,
  "energy": "0.1-0.8nm"
}
