{
  "time_tag": "2026-06-11T07:03:00Z",
  "satellite": 18,
  "flux": 8.823354846754228E-7,
  "observed_flux": 8.957626960182097E-7,
  "electron_correction": 1.3427241540853174E-8,
  "electron_contaminaton": false,
  "energy": "0.1-0.8nm"
}
