{
    "time_tag": "2026-06-10T18:13:00Z",
    "satellite": 18,
    "flux": 7.38289884338883e-07,
    "observed_flux": 7.807944371052145e-07,
    "electron_correction": 4.250459539889562e-08,
    "electron_contaminaton": false,
    "energy": "0.1-0.8nm"
}