{
    "time_tag": "2026-06-16T00:05:00Z",
    "satellite": 18,
    "flux": 1.120562274081749e-06,
    "observed_flux": 1.1580074215089553e-06,
    "electron_correction": 3.7445175848915824e-08,
    "electron_contaminaton": false,
    "energy": "0.1-0.8nm"
}