{
    "time_tag": "2026-05-10T22:26:00Z",
    "satellite": 18,
    "flux": 7.772713388476404e-07,
    "observed_flux": 7.986220680322731e-07,
    "electron_correction": 2.1350700762923225e-08,
    "electron_contaminaton": false,
    "energy": "0.1-0.8nm"
}