{
  "time_tag": "2026-03-20T18:44:00Z",
  "satellite": 18,
  "flux": 3.75305376110191E-7,
  "observed_flux": 3.8457267237390624E-7,
  "electron_correction": 9.267278500146858E-9,
  "electron_contaminaton": false,
  "energy": "0.1-0.8nm"
}
