{
  "time_tag": "2026-01-05T05:21:00Z",
  "satellite": 18,
  "flux": 0.0000011891011126863305,
  "observed_flux": 0.0000012043086599078379,
  "electron_correction": 1.520752590522534E-8,
  "electron_contaminaton": false,
  "energy": "0.1-0.8nm"
}
