{
  "time_tag": "2026-03-16T14:27:00Z",
  "satellite": 18,
  "flux": 6.797793048463063E-7,
  "observed_flux": 7.193527835624991E-7,
  "electron_correction": 3.9573450294483337E-8,
  "electron_contaminaton": false,
  "energy": "0.1-0.8nm"
}
