{
  "time_tag": "2026-02-08T17:19:00Z",
  "satellite": 18,
  "flux": 0.000004308396000851644,
  "observed_flux": 0.000004361148057796527,
  "electron_correction": 5.2751794044070266E-8,
  "electron_contaminaton": false,
  "energy": "0.1-0.8nm"
}
