{
    "time_tag": "2026-05-02T22:59:00Z",
    "satellite": 18,
    "flux": 1.2690925359493122e-06,
    "observed_flux": 1.3094431778881699e-06,
    "electron_correction": 4.035065259699877e-08,
    "electron_contaminaton": false,
    "energy": "0.1-0.8nm"
}