{
    "time_tag": "2026-05-15T15:52:00Z",
    "satellite": 18,
    "flux": 4.5536566517512256e-07,
    "observed_flux": 4.6054398694650445e-07,
    "electron_correction": 5.178323991827938e-09,
    "electron_contaminaton": false,
    "energy": "0.1-0.8nm"
}