{
  "time_tag": "2026-01-06T20:19:00Z",
  "satellite": 18,
  "flux": 0.000001487058852944756,
  "observed_flux": 0.0000015240248103509657,
  "electron_correction": 3.6965918326359315E-8,
  "electron_contaminaton": false,
  "energy": "0.1-0.8nm"
}
