{
  "time_tag": "2026-01-09T08:19:00Z",
  "satellite": 18,
  "flux": 6.597724677703809E-7,
  "observed_flux": 6.607252203139069E-7,
  "electron_correction": 9.527685307375577E-10,
  "electron_contaminaton": false,
  "energy": "0.1-0.8nm"
}
