{
    "time_tag": "2026-04-24T02:46:00Z",
    "satellite": 18,
    "flux": 1.3094098676447175e-06,
    "observed_flux": 1.3420988125290023e-06,
    "electron_correction": 3.268902659669948e-08,
    "electron_contaminaton": false,
    "energy": "0.1-0.8nm"
}