{
  "time_tag": "2026-04-16T17:28:00Z",
  "satellite": 18,
  "flux": 4.202142918074969E-7,
  "observed_flux": 4.326875000515429E-7,
  "electron_correction": 1.2473202914975445E-8,
  "electron_contaminaton": false,
  "energy": "0.1-0.8nm"
}
