{
  "time_tag": "2026-06-11T05:14:00Z",
  "satellite": 18,
  "flux": 8.111712190839171E-7,
  "observed_flux": 8.221431357924303E-7,
  "electron_correction": 1.0971906050372127E-8,
  "electron_contaminaton": false,
  "energy": "0.1-0.8nm"
}
