{
  "time_tag": "2026-02-08T11:01:00Z",
  "satellite": 18,
  "flux": 0.000003375521828274941,
  "observed_flux": 0.000003397256705284235,
  "electron_correction": 2.1734701149966895E-8,
  "electron_contaminaton": false,
  "energy": "0.1-0.8nm"
}
