{
    "time_tag": "2026-05-10T10:40:00Z",
    "satellite": 18,
    "flux": 8.62764920839254e-07,
    "observed_flux": 8.7273923554676e-07,
    "electron_correction": 9.974278292190775e-09,
    "electron_contaminaton": false,
    "energy": "0.1-0.8nm"
}