{
  "time_tag": "2025-12-18T21:17:00Z",
  "satellite": 18,
  "flux": 5.335994615052186E-7,
  "observed_flux": 6.044307951924566E-7,
  "electron_correction": 7.083131237095586E-8,
  "electron_contaminaton": false,
  "energy": "0.1-0.8nm"
}
