{
  "time_tag": "2026-04-21T09:48:00Z",
  "satellite": 18,
  "flux": 0.000001264918523702363,
  "observed_flux": 0.0000012975360732525587,
  "electron_correction": 3.261752468119994E-8,
  "electron_contaminaton": false,
  "energy": "0.1-0.8nm"
}
