{
    "time_tag": "2026-06-03T20:03:00Z",
    "satellite": 18,
    "flux": 9.448076525586657e-07,
    "observed_flux": 9.822825859373552e-07,
    "electron_correction": 3.747496180039889e-08,
    "electron_contaminaton": false,
    "energy": "0.1-0.8nm"
}