{
  "time_tag": "2026-01-25T01:49:00Z",
  "satellite": 18,
  "flux": 0.0000010755495623016031,
  "observed_flux": 0.000001128893245549989,
  "electron_correction": 5.334361929953957E-8,
  "electron_contaminaton": false,
  "energy": "0.1-0.8nm"
}
