{
  "time_tag": "2026-04-18T13:22:00Z",
  "satellite": 18,
  "flux": 3.4371370816188573E-7,
  "observed_flux": 3.558546097792714E-7,
  "electron_correction": 1.2140897176493581E-8,
  "electron_contaminaton": false,
  "energy": "0.1-0.8nm"
}
