{
  "time_tag": "2026-02-05T14:41:00Z",
  "satellite": 18,
  "flux": 0.000002712588639042224,
  "observed_flux": 0.000002721151076912065,
  "electron_correction": 8.562363262853978E-9,
  "electron_contaminaton": false,
  "energy": "0.1-0.8nm"
}
