{
  "time_tag": "2026-03-23T04:33:00Z",
  "satellite": 18,
  "flux": 7.481781949536526E-7,
  "observed_flux": 7.706325391154678E-7,
  "electron_correction": 2.245432106917633E-8,
  "electron_contaminaton": false,
  "energy": "0.1-0.8nm"
}
