{
  "time_tag": "2026-03-08T20:49:00Z",
  "satellite": 18,
  "flux": 6.774224061700806E-7,
  "observed_flux": 7.475671850443177E-7,
  "electron_correction": 7.01447433471003E-8,
  "electron_contaminaton": false,
  "energy": "0.1-0.8nm"
}
