{
  "time_tag": "2026-05-09T14:42:00Z",
  "satellite": 18,
  "flux": 0.0000012327369631748297,
  "observed_flux": 0.0000012544215906018508,
  "electron_correction": 2.1684552820033787E-8,
  "electron_contaminaton": false,
  "energy": "0.1-0.8nm"
}
