{
  "time_tag": "2026-03-15T07:05:00Z",
  "satellite": 18,
  "flux": 4.576476726469991E-7,
  "observed_flux": 4.5951983906888927E-7,
  "electron_correction": 1.8721713068714507E-9,
  "electron_contaminaton": false,
  "energy": "0.1-0.8nm"
}
