{
  "time_tag": "2026-03-12T20:13:00Z",
  "satellite": 18,
  "flux": 0.0000013022158782405313,
  "observed_flux": 0.0000013256787951831939,
  "electron_correction": 2.346288141552577E-8,
  "electron_contaminaton": false,
  "energy": "0.1-0.8nm"
}
