{
    "time_tag": "2026-06-06T15:41:00Z",
    "satellite": 18,
    "flux": 2.60678757513233e-06,
    "observed_flux": 2.648714826136711e-06,
    "electron_correction": 4.192708757955188e-08,
    "electron_contaminaton": false,
    "energy": "0.1-0.8nm"
}