{
  "time_tag": "2026-01-31T19:21:00Z",
  "satellite": 18,
  "flux": 0.000007505417670472525,
  "observed_flux": 0.000007558674042229541,
  "electron_correction": 5.325617635776325E-8,
  "electron_contaminaton": false,
  "energy": "0.1-0.8nm"
}
