{
    "time_tag": "2026-04-27T19:40:00Z",
    "satellite": 18,
    "flux": 7.392856673504866e-07,
    "observed_flux": 7.520822009610129e-07,
    "electron_correction": 1.2796537163239918e-08,
    "electron_contaminaton": false,
    "energy": "0.1-0.8nm"
}