{
  "time_tag": "2026-05-11T01:12:00Z",
  "satellite": 18,
  "flux": 7.444491529895458E-7,
  "observed_flux": 7.603354674756702E-7,
  "electron_correction": 1.588628784077173E-8,
  "electron_contaminaton": false,
  "energy": "0.1-0.8nm"
}
