{
  "time_tag": "2025-12-13T05:19:00Z",
  "satellite": 18,
  "flux": 7.983661589605617E-7,
  "observed_flux": 8.124291639433068E-7,
  "electron_correction": 1.406304228623867E-8,
  "electron_contaminaton": false,
  "energy": "0.1-0.8nm"
}
