{
    "time_tag": "2026-05-09T18:54:00Z",
    "satellite": 18,
    "flux": 1.2019893347314792e-06,
    "observed_flux": 1.2294666476009297e-06,
    "electron_correction": 2.747726313145904e-08,
    "electron_contaminaton": false,
    "energy": "0.1-0.8nm"
}