{
  "time_tag": "2026-02-21T19:48:00Z",
  "satellite": 18,
  "flux": 3.3673887855911744E-7,
  "observed_flux": 3.61300749318616E-7,
  "electron_correction": 2.456187608856908E-8,
  "electron_contaminaton": false,
  "energy": "0.1-0.8nm"
}
