{
    "time_tag": "2026-06-09T23:35:00Z",
    "satellite": 18,
    "flux": 9.306181141255365e-07,
    "observed_flux": 9.61504611041164e-07,
    "electron_correction": 3.088653599547797e-08,
    "electron_contaminaton": false,
    "energy": "0.1-0.8nm"
}