{
  "time_tag": "2026-03-29T15:54:00Z",
  "satellite": 18,
  "flux": 0.0000011706039231285104,
  "observed_flux": 0.0000011823202612504247,
  "electron_correction": 1.1716331904665367E-8,
  "electron_contaminaton": false,
  "energy": "0.1-0.8nm"
}
