{
  "time_tag": "2026-05-21T18:51:00Z",
  "satellite": 18,
  "flux": 9.986895292968256E-7,
  "observed_flux": 0.0000010470124607309117,
  "electron_correction": 4.8322878143380876E-8,
  "electron_contaminaton": false,
  "energy": "0.1-0.8nm"
}
