{
  "time_tag": "2026-03-01T17:04:00Z",
  "satellite": 18,
  "flux": 0.00000238934649132716,
  "observed_flux": 0.000002427911113045411,
  "electron_correction": 3.8564540005836534E-8,
  "electron_contaminaton": false,
  "energy": "0.1-0.8nm"
}
