{
  "time_tag": "2026-06-01T12:55:00Z",
  "satellite": 18,
  "flux": 5.857621658833523E-7,
  "observed_flux": 5.992465048620943E-7,
  "electron_correction": 1.3484391381268779E-8,
  "electron_contaminaton": false,
  "energy": "0.1-0.8nm"
}
