{
  "time_tag": "2026-02-25T05:38:00Z",
  "satellite": 18,
  "flux": 0.0000027312059955875156,
  "observed_flux": 0.000002762471467576688,
  "electron_correction": 3.126568870470692E-8,
  "electron_contaminaton": false,
  "energy": "0.1-0.8nm"
}
