{
    "time_tag": "2026-05-13T09:20:00Z",
    "satellite": 18,
    "flux": 6.284378741838736e-07,
    "observed_flux": 6.314261327133863e-07,
    "electron_correction": 2.988229663714037e-09,
    "electron_contaminaton": false,
    "energy": "0.1-0.8nm"
}