{
  "time_tag": "2026-03-30T17:30:00Z",
  "satellite": 18,
  "flux": 0.0000014150253946354496,
  "observed_flux": 0.0000014321483376988908,
  "electron_correction": 1.71230016832169E-8,
  "electron_contaminaton": false,
  "energy": "0.1-0.8nm"
}
