{
  "time_tag": "2026-03-26T22:06:00Z",
  "satellite": 18,
  "flux": 0.0000028291617581999162,
  "observed_flux": 0.0000028828108042944223,
  "electron_correction": 5.3648964382091435E-8,
  "electron_contaminaton": false,
  "energy": "0.1-0.8nm"
}
