{
    "time_tag": "2026-05-25T18:41:00Z",
    "satellite": 18,
    "flux": 1.316061798206647e-06,
    "observed_flux": 1.3254110626803595e-06,
    "electron_correction": 9.349235163824687e-09,
    "electron_contaminaton": false,
    "energy": "0.1-0.8nm"
}