{
  "time_tag": "2026-04-17T16:13:00Z",
  "satellite": 18,
  "flux": 3.3727258141880156E-7,
  "observed_flux": 3.422866825530946E-7,
  "electron_correction": 5.014100690203804E-9,
  "electron_contaminaton": false,
  "energy": "0.1-0.8nm"
}
