{
  "time_tag": "2026-05-09T23:29:00Z",
  "satellite": 18,
  "flux": 0.0000013998627537148423,
  "observed_flux": 0.0000014211428833732498,
  "electron_correction": 2.12801012366981E-8,
  "electron_contaminaton": false,
  "energy": "0.1-0.8nm"
}
