{
  "time_tag": "2026-05-10T14:42:00Z",
  "satellite": 18,
  "flux": 0.000007047611234156648,
  "observed_flux": 0.000007063025805109646,
  "electron_correction": 1.5414515885936453E-8,
  "electron_contaminaton": false,
  "energy": "0.1-0.8nm"
}
