{
  "time_tag": "2026-06-16T18:27:00Z",
  "satellite": 18,
  "flux": 4.831110231862112E-7,
  "observed_flux": 5.189409080230689E-7,
  "electron_correction": 3.582988838957135E-8,
  "electron_contaminaton": false,
  "energy": "0.1-0.8nm"
}
