{
  "time_tag": "2026-05-26T14:40:00Z",
  "satellite": 18,
  "flux": 0.0000010727083008532645,
  "observed_flux": 0.0000010803240684253979,
  "electron_correction": 7.615702735108698E-9,
  "electron_contaminaton": false,
  "energy": "0.1-0.8nm"
}
