{
  "time_tag": "2026-06-21T01:27:00Z",
  "satellite": 18,
  "flux": 6.4570326685498E-7,
  "observed_flux": 6.658459597019828E-7,
  "electron_correction": 2.0142714163284836E-8,
  "electron_contaminaton": false,
  "energy": "0.1-0.8nm"
}
