{
    "time_tag": "2026-04-22T23:09:00Z",
    "satellite": 18,
    "flux": 1.2878314237241284e-06,
    "observed_flux": 1.3331537047633901e-06,
    "electron_correction": 4.5322305908257476e-08,
    "electron_contaminaton": false,
    "energy": "0.1-0.8nm"
}