{
  "time_tag": "2026-02-07T09:51:00Z",
  "satellite": 18,
  "flux": 0.0000015838078297747415,
  "observed_flux": 0.0000015996379261196125,
  "electron_correction": 1.583000575067217E-8,
  "electron_contaminaton": false,
  "energy": "0.1-0.8nm"
}
