{
  "time_tag": "2026-01-14T00:39:00Z",
  "satellite": 18,
  "flux": 0.000001039362132360111,
  "observed_flux": 0.0000010865562671824591,
  "electron_correction": 4.719416679677124E-8,
  "electron_contaminaton": false,
  "energy": "0.1-0.8nm"
}
