{
    "time_tag": "2026-06-06T21:34:00Z",
    "satellite": 18,
    "flux": 1.6392910993090481e-06,
    "observed_flux": 1.6898339936233242e-06,
    "electron_correction": 5.054288010342134e-08,
    "electron_contaminaton": false,
    "energy": "0.1-0.8nm"
}