{
  "time_tag": "2026-03-19T11:12:00Z",
  "satellite": 18,
  "flux": 3.5993244296150806E-7,
  "observed_flux": 3.681925875298475E-7,
  "electron_correction": 8.26013391019842E-9,
  "electron_contaminaton": false,
  "energy": "0.1-0.8nm"
}
