{
    "time_tag": "2026-05-10T16:58:00Z",
    "satellite": 18,
    "flux": 1.504858914813667e-06,
    "observed_flux": 1.5234382999551599e-06,
    "electron_correction": 1.85793886942065e-08,
    "electron_contaminaton": false,
    "energy": "0.1-0.8nm"
}