{
  "time_tag": "2026-02-08T08:20:00Z",
  "satellite": 18,
  "flux": 0.0000037803722534590634,
  "observed_flux": 0.000003807125494859065,
  "electron_correction": 2.675321297829214E-8,
  "electron_contaminaton": false,
  "energy": "0.1-0.8nm"
}
