{
  "time_tag": "2026-03-24T23:40:00Z",
  "satellite": 18,
  "flux": 9.170605039798829E-7,
  "observed_flux": 9.822507536227931E-7,
  "electron_correction": 6.519018569406398E-8,
  "electron_contaminaton": false,
  "energy": "0.1-0.8nm"
}
