{
  "time_tag": "2026-02-23T23:29:00Z",
  "satellite": 18,
  "flux": 5.231506179370626E-7,
  "observed_flux": 6.263634304559673E-7,
  "electron_correction": 1.032128267297594E-7,
  "electron_contaminaton": false,
  "energy": "0.1-0.8nm"
}
