{
  "time_tag": "2026-02-28T04:02:00Z",
  "satellite": 18,
  "flux": 0.0000011467097920103697,
  "observed_flux": 0.0000011753247690649005,
  "electron_correction": 2.8614888236688785E-8,
  "electron_contaminaton": false,
  "energy": "0.1-0.8nm"
}
