{
  "time_tag": "2026-05-01T11:44:00Z",
  "satellite": 18,
  "flux": 0.0000011028924973288667,
  "observed_flux": 0.0000011301420954623609,
  "electron_correction": 2.724964787148565E-8,
  "electron_contaminaton": false,
  "energy": "0.1-0.8nm"
}
