{
  "time_tag": "2026-02-07T11:19:00Z",
  "satellite": 18,
  "flux": 0.0000015467287539649988,
  "observed_flux": 0.0000015758312201796798,
  "electron_correction": 2.9102370291411717E-8,
  "electron_contaminaton": false,
  "energy": "0.1-0.8nm"
}
