{
  "time_tag": "2026-02-26T23:52:00Z",
  "satellite": 18,
  "flux": 9.205808169099328E-7,
  "observed_flux": 0.0000010091373496834422,
  "electron_correction": 8.855658251150089E-8,
  "electron_contaminaton": false,
  "energy": "0.1-0.8nm"
}
