{
  "time_tag": "2026-06-12T06:57:00Z",
  "satellite": 18,
  "flux": 6.806506576140237E-7,
  "observed_flux": 6.845643270025903E-7,
  "electron_correction": 3.913657398157966E-9,
  "electron_contaminaton": false,
  "energy": "0.1-0.8nm"
}
