{
  "time_tag": "2026-05-30T20:42:00Z",
  "satellite": 18,
  "flux": 9.184291229757946E-7,
  "observed_flux": 9.294460028286267E-7,
  "electron_correction": 1.1016863865620508E-8,
  "electron_contaminaton": false,
  "energy": "0.1-0.8nm"
}
