{
    "time_tag": "2026-06-01T20:30:00Z",
    "satellite": 18,
    "flux": 6.498892162198899e-07,
    "observed_flux": 6.915265089446621e-07,
    "electron_correction": 4.163729983019948e-08,
    "electron_contaminaton": false,
    "energy": "0.1-0.8nm"
}