{
    "time_tag": "2026-05-30T10:24:00Z",
    "satellite": 18,
    "flux": 8.081943292381766e-07,
    "observed_flux": 8.218123070946604e-07,
    "electron_correction": 1.3617971639234838e-08,
    "electron_contaminaton": false,
    "energy": "0.1-0.8nm"
}