{
  "time_tag": "2026-05-22T21:21:00Z",
  "satellite": 18,
  "flux": 8.819647518976126E-7,
  "observed_flux": 9.197572126140585E-7,
  "electron_correction": 3.779248913815536E-8,
  "electron_contaminaton": false,
  "energy": "0.1-0.8nm"
}
