{
  "time_tag": "2026-01-14T15:19:00Z",
  "satellite": 18,
  "flux": 0.00000116003354833083,
  "observed_flux": 0.0000012104901543352753,
  "electron_correction": 5.045671258585571E-8,
  "electron_contaminaton": false,
  "energy": "0.1-0.8nm"
}
