{
  "time_tag": "2026-02-28T08:39:00Z",
  "satellite": 18,
  "flux": 0.0000010256570703859325,
  "observed_flux": 0.000001043153133650776,
  "electron_correction": 1.749604017220463E-8,
  "electron_contaminaton": false,
  "energy": "0.1-0.8nm"
}
