{
  "time_tag": "2026-06-23T18:07:00Z",
  "satellite": 18,
  "flux": 0.0000014851854075459414,
  "observed_flux": 0.0000014909626315784408,
  "electron_correction": 5.777180067667587E-9,
  "electron_contaminaton": false,
  "energy": "0.1-0.8nm"
}
