{
  "time_tag": "2025-12-12T03:38:00Z",
  "satellite": 18,
  "flux": 0.0000012761029211105779,
  "observed_flux": 0.0000012792598909072694,
  "electron_correction": 3.1570506209277482E-9,
  "electron_contaminaton": false,
  "energy": "0.1-0.8nm"
}
