{
  "time_tag": "2025-12-30T15:18:00Z",
  "satellite": 18,
  "flux": 0.000001774996690073749,
  "observed_flux": 0.0000018025097006102442,
  "electron_correction": 2.751301231285197E-8,
  "electron_contaminaton": false,
  "energy": "0.1-0.8nm"
}
