{
  "time_tag": "2026-04-21T10:24:00Z",
  "satellite": 18,
  "flux": 7.843279945518589E-7,
  "observed_flux": 8.22439744752046E-7,
  "electron_correction": 3.8111732436618695E-8,
  "electron_contaminaton": false,
  "energy": "0.1-0.8nm"
}
