{
  "time_tag": "2026-06-13T09:17:00Z",
  "satellite": 18,
  "flux": 6.446314273489406E-7,
  "observed_flux": 6.642774224019377E-7,
  "electron_correction": 1.964600215842438E-8,
  "electron_contaminaton": false,
  "energy": "0.1-0.8nm"
}
