{
  "time_tag": "2026-05-23T21:29:00Z",
  "satellite": 18,
  "flux": 0.0000025595804800104816,
  "observed_flux": 0.000002591495785964071,
  "electron_correction": 3.1915284637307195E-8,
  "electron_contaminaton": false,
  "energy": "0.1-0.8nm"
}
