{
  "time_tag": "2026-03-07T21:33:00Z",
  "satellite": 18,
  "flux": 7.733572715551418E-7,
  "observed_flux": 8.05874151410535E-7,
  "electron_correction": 3.2516865644538484E-8,
  "electron_contaminaton": false,
  "energy": "0.1-0.8nm"
}
