{
  "time_tag": "2025-12-06T09:21:00Z",
  "satellite": 18,
  "flux": 0.0000012815877425964572,
  "observed_flux": 0.0000013489610637407168,
  "electron_correction": 6.737332824968689E-8,
  "electron_contaminaton": false,
  "energy": "0.1-0.8nm"
}
