{
    "time_tag": "2026-06-05T06:39:00Z",
    "satellite": 18,
    "flux": 9.808588856685674e-07,
    "observed_flux": 9.848355375652318e-07,
    "electron_correction": 3.9767038551019596e-09,
    "electron_contaminaton": false,
    "energy": "0.1-0.8nm"
}