{
    "time_tag": "2026-04-26T06:14:00Z",
    "satellite": 18,
    "flux": 1.4770633924854337e-06,
    "observed_flux": 1.4776269381400198e-06,
    "electron_correction": 5.635145128302099e-10,
    "electron_contaminaton": false,
    "energy": "0.1-0.8nm"
}