{
  "time_tag": "2026-02-05T10:10:00Z",
  "satellite": 18,
  "flux": 0.000005672568477166351,
  "observed_flux": 0.000005673175564879784,
  "electron_correction": 6.071578240174347E-10,
  "electron_contaminaton": false,
  "energy": "0.1-0.8nm"
}
