{
  "time_tag": "2026-05-01T01:56:00Z",
  "satellite": 18,
  "flux": 0.0000010828832728293492,
  "observed_flux": 0.000001093293008125329,
  "electron_correction": 1.0409744177763969E-8,
  "electron_contaminaton": false,
  "energy": "0.1-0.8nm"
}
