{
  "time_tag": "2026-04-26T15:25:00Z",
  "satellite": 18,
  "flux": 0.0000029289842586877057,
  "observed_flux": 0.0000029396223908406682,
  "electron_correction": 1.0638171232812965E-8,
  "electron_contaminaton": false,
  "energy": "0.1-0.8nm"
}
