{
  "time_tag": "2026-03-17T14:09:00Z",
  "satellite": 18,
  "flux": 3.7837989452782494E-7,
  "observed_flux": 4.0956132352221175E-7,
  "electron_correction": 3.118142188895945E-8,
  "electron_contaminaton": false,
  "energy": "0.1-0.8nm"
}
