{
  "time_tag": "2026-03-15T14:08:00Z",
  "satellite": 18,
  "flux": 4.611181054769986E-7,
  "observed_flux": 4.957947794537176E-7,
  "electron_correction": 3.467667752943271E-8,
  "electron_contaminaton": false,
  "energy": "0.1-0.8nm"
}
