{
    "time_tag": "2026-05-19T01:58:00Z",
    "satellite": 18,
    "flux": 3.895333406944701e-07,
    "observed_flux": 4.314255477311235e-07,
    "electron_correction": 4.189219993122606e-08,
    "electron_contaminaton": false,
    "energy": "0.1-0.8nm"
}