{
  "time_tag": "2025-12-31T12:20:00Z",
  "satellite": 18,
  "flux": 0.0000013414808108791476,
  "observed_flux": 0.0000013449227935780073,
  "electron_correction": 3.4420546413116426E-9,
  "electron_contaminaton": false,
  "energy": "0.1-0.8nm"
}
