{
  "time_tag": "2026-05-07T17:48:00Z",
  "satellite": 18,
  "flux": 0.0000029495713533833623,
  "observed_flux": 0.000002999257958435919,
  "electron_correction": 4.968640254787715E-8,
  "electron_contaminaton": false,
  "energy": "0.1-0.8nm"
}
