{
    "time_tag": "2026-05-30T18:59:00Z",
    "satellite": 18,
    "flux": 7.106636417120171e-07,
    "observed_flux": 7.432746542690438e-07,
    "electron_correction": 3.261099834617198e-08,
    "electron_contaminaton": false,
    "energy": "0.1-0.8nm"
}