{
  "time_tag": "2026-05-10T12:31:00Z",
  "satellite": 18,
  "flux": 6.329086090772762E-7,
  "observed_flux": 6.462674946305924E-7,
  "electron_correction": 1.3358853578893104E-8,
  "electron_contaminaton": false,
  "energy": "0.1-0.8nm"
}
