{
    "time_tag": "2026-06-26T22:34:00Z",
    "satellite": 18,
    "flux": 1.3609374036605004e-06,
    "observed_flux": 1.4298988162408932e-06,
    "electron_correction": 6.896141258039279e-08,
    "electron_contaminaton": false,
    "energy": "0.1-0.8nm"
}