{
    "time_tag": "2026-04-23T16:04:00Z",
    "satellite": 18,
    "flux": 4.386480668472359e-06,
    "observed_flux": 4.419278411660343e-06,
    "electron_correction": 3.2798027405078756e-08,
    "electron_contaminaton": false,
    "energy": "0.1-0.8nm"
}