{
  "time_tag": "2026-05-20T21:11:00Z",
  "satellite": 18,
  "flux": 6.397198148988537E-7,
  "observed_flux": 6.992437988628808E-7,
  "electron_correction": 5.952395554231771E-8,
  "electron_contaminaton": false,
  "energy": "0.1-0.8nm"
}
