{
  "time_tag": "2026-02-27T10:28:00Z",
  "satellite": 18,
  "flux": 8.597419878242363E-7,
  "observed_flux": 8.919641345528362E-7,
  "electron_correction": 3.222215028131359E-8,
  "electron_contaminaton": false,
  "energy": "0.1-0.8nm"
}
