{
  "time_tag": "2025-12-22T16:18:00Z",
  "satellite": 18,
  "flux": 8.425679425272392E-7,
  "observed_flux": 9.194156973535428E-7,
  "electron_correction": 7.684776193173093E-8,
  "electron_contaminaton": false,
  "energy": "0.1-0.8nm"
}
