{
    "time_tag": "2026-05-10T21:47:00Z",
    "satellite": 18,
    "flux": 8.45492877488141e-07,
    "observed_flux": 8.67861956521665e-07,
    "electron_correction": 2.2369116337017658e-08,
    "electron_contaminaton": false,
    "energy": "0.1-0.8nm"
}