{
  "time_tag": "2026-01-05T19:19:00Z",
  "satellite": 18,
  "flux": 0.0000018514940620661946,
  "observed_flux": 0.0000019000401607627282,
  "electron_correction": 4.854613777638406E-8,
  "electron_contaminaton": false,
  "energy": "0.1-0.8nm"
}
