{
  "time_tag": "2026-03-13T17:11:00Z",
  "satellite": 18,
  "flux": 0.000001167272898783267,
  "observed_flux": 0.0000012059391565344413,
  "electron_correction": 3.866626840931531E-8,
  "electron_contaminaton": false,
  "energy": "0.1-0.8nm"
}
