{
  "time_tag": "2026-01-28T19:20:00Z",
  "satellite": 18,
  "flux": 7.702499829065346E-7,
  "observed_flux": 8.423379540545284E-7,
  "electron_correction": 7.208797825342117E-8,
  "electron_contaminaton": false,
  "energy": "0.1-0.8nm"
}
