{
  "time_tag": "2026-02-17T19:19:00Z",
  "satellite": 18,
  "flux": 6.539728474308504E-7,
  "observed_flux": 7.047069630061742E-7,
  "electron_correction": 5.0734112022610134E-8,
  "electron_contaminaton": false,
  "energy": "0.1-0.8nm"
}
