{
  "time_tag": "2026-03-28T12:09:00Z",
  "satellite": 18,
  "flux": 0.000002672200480446918,
  "observed_flux": 0.000002673303015399142,
  "electron_correction": 1.1024340329512938E-9,
  "electron_contaminaton": false,
  "energy": "0.1-0.8nm"
}
