{
  "time_tag": "2026-01-15T03:44:00Z",
  "satellite": 18,
  "flux": 0.0000011828589094875497,
  "observed_flux": 0.0000012108159808121854,
  "electron_correction": 2.795701803393058E-8,
  "electron_contaminaton": false,
  "energy": "0.1-0.8nm"
}
