{
  "time_tag": "2026-06-26T13:58:00Z",
  "satellite": 18,
  "flux": 0.0000015344558050855994,
  "observed_flux": 0.0000015743698895676062,
  "electron_correction": 3.991401342773315E-8,
  "electron_contaminaton": false,
  "energy": "0.1-0.8nm"
}
