{
    "time_tag": "2026-05-19T13:30:00Z",
    "satellite": 18,
    "flux": 4.013194825347455e-07,
    "observed_flux": 4.142178227084514e-07,
    "electron_correction": 1.2898341061884366e-08,
    "electron_contaminaton": false,
    "energy": "0.1-0.8nm"
}