{
    "time_tag": "2026-05-07T18:03:00Z",
    "satellite": 18,
    "flux": 5.505003173311707e-06,
    "observed_flux": 5.555880761676235e-06,
    "electron_correction": 5.087746757226341e-08,
    "electron_contaminaton": false,
    "energy": "0.1-0.8nm"
}