{
  "time_tag": "2026-03-29T12:49:00Z",
  "satellite": 18,
  "flux": 9.331945989288215E-7,
  "observed_flux": 9.53517087509681E-7,
  "electron_correction": 2.0322527660709966E-8,
  "electron_contaminaton": false,
  "energy": "0.1-0.8nm"
}
