{
  "time_tag": "2026-03-21T12:45:00Z",
  "satellite": 18,
  "flux": 3.8311196703944006E-7,
  "observed_flux": 3.840725355530594E-7,
  "electron_correction": 9.60579504827308E-10,
  "electron_contaminaton": false,
  "energy": "0.1-0.8nm"
}
