{
  "time_tag": "2026-05-30T14:26:00Z",
  "satellite": 18,
  "flux": 7.876747076807078E-7,
  "observed_flux": 8.065246106525592E-7,
  "electron_correction": 1.884991895906296E-8,
  "electron_contaminaton": false,
  "energy": "0.1-0.8nm"
}
