{
    "time_tag": "2026-05-28T16:58:00Z",
    "satellite": 19,
    "flux": 9.106616971621406e-07,
    "observed_flux": 9.417776141162904e-07,
    "electron_correction": 3.111590629600869e-08,
    "electron_contaminaton": false,
    "energy": "0.1-0.8nm"
}