{
  "time_tag": "2025-12-16T06:20:00Z",
  "satellite": 18,
  "flux": 4.781132929565501E-7,
  "observed_flux": 4.816260457118915E-7,
  "electron_correction": 3.512740764932687E-9,
  "electron_contaminaton": false,
  "energy": "0.1-0.8nm"
}
