{
    "time_tag": "2026-05-21T13:43:00Z",
    "satellite": 18,
    "flux": 7.775889798722346e-07,
    "observed_flux": 8.043468824325828e-07,
    "electron_correction": 2.675786348049769e-08,
    "electron_contaminaton": false,
    "energy": "0.1-0.8nm"
}