{
  "time_tag": "2026-03-22T11:35:00Z",
  "satellite": 18,
  "flux": 6.143663995317183E-7,
  "observed_flux": 6.783908474972122E-7,
  "electron_correction": 6.402444796549389E-8,
  "electron_contaminaton": false,
  "energy": "0.1-0.8nm"
}
