{
  "time_tag": "2026-02-06T23:35:00Z",
  "satellite": 18,
  "flux": 0.000001309520712311496,
  "observed_flux": 0.0000013624380699184258,
  "electron_correction": 5.2917393134066515E-8,
  "electron_contaminaton": false,
  "energy": "0.1-0.8nm"
}
