{
    "time_tag": "2026-06-24T22:48:00Z",
    "satellite": 18,
    "flux": 1.359922748633835e-06,
    "observed_flux": 1.366860374218959e-06,
    "electron_correction": 6.937643348692291e-09,
    "electron_contaminaton": false,
    "energy": "0.1-0.8nm"
}