{
    "time_tag": "2026-04-28T21:32:00Z",
    "satellite": 18,
    "flux": 8.908410791264032e-07,
    "observed_flux": 9.026352927321568e-07,
    "electron_correction": 1.179418696040102e-08,
    "electron_contaminaton": false,
    "energy": "0.1-0.8nm"
}