{
  "time_tag": "2026-06-05T14:14:00Z",
  "satellite": 18,
  "flux": 0.0000010494968591956422,
  "observed_flux": 0.0000010528187885938678,
  "electron_correction": 3.3218821027247714E-9,
  "electron_contaminaton": false,
  "energy": "0.1-0.8nm"
}
