{
    "time_tag": "2026-05-26T21:51:00Z",
    "satellite": 18,
    "flux": 1.0282993798682583e-06,
    "observed_flux": 1.0369815299782204e-06,
    "electron_correction": 8.682053298514347e-09,
    "electron_contaminaton": false,
    "energy": "0.1-0.8nm"
}