{
  "time_tag": "2026-03-05T06:00:00Z",
  "satellite": 18,
  "flux": 5.295307801134186E-7,
  "observed_flux": 5.349175467017631E-7,
  "electron_correction": 5.38677058514736E-9,
  "electron_contaminaton": false,
  "energy": "0.1-0.8nm"
}
