{
  "time_tag": "2026-02-28T10:02:00Z",
  "satellite": 18,
  "flux": 0.000002952595195893082,
  "observed_flux": 0.000002974511289721704,
  "electron_correction": 2.191621284453049E-8,
  "electron_contaminaton": false,
  "energy": "0.1-0.8nm"
}
