{
  "time_tag": "2026-06-01T02:18:00Z",
  "satellite": 18,
  "flux": 7.41273083804117E-7,
  "observed_flux": 7.692228223277198E-7,
  "electron_correction": 2.7949784708880543E-8,
  "electron_contaminaton": false,
  "energy": "0.1-0.8nm"
}
