{
  "time_tag": "2026-03-23T20:43:00Z",
  "satellite": 18,
  "flux": 9.286587214774045E-7,
  "observed_flux": 0.0000010064399020848214,
  "electron_correction": 7.778117350198954E-8,
  "electron_contaminaton": false,
  "energy": "0.1-0.8nm"
}
