{
    "time_tag": "2026-05-16T18:52:00Z",
    "satellite": 18,
    "flux": 1.4717709291289793e-06,
    "observed_flux": 1.6336300632247003e-06,
    "electron_correction": 1.6185911988486623e-07,
    "electron_contaminaton": false,
    "energy": "0.1-0.8nm"
}