{
    "time_tag": "2026-04-26T17:59:00Z",
    "satellite": 18,
    "flux": 3.1955721624399303e-06,
    "observed_flux": 3.2176676540984772e-06,
    "electron_correction": 2.2095576923675253e-08,
    "electron_contaminaton": false,
    "energy": "0.1-0.8nm"
}