{
  "time_tag": "2026-06-10T09:43:00Z",
  "satellite": 18,
  "flux": 6.422894216484565E-7,
  "observed_flux": 6.423081799766805E-7,
  "electron_correction": 1.8773194804255766E-11,
  "electron_contaminaton": false,
  "energy": "0.1-0.8nm"
}
