{
  "time_tag": "2026-02-13T13:22:00Z",
  "satellite": 18,
  "flux": 4.872065346717136E-7,
  "observed_flux": 5.055997576164373E-7,
  "electron_correction": 1.839323537922155E-8,
  "electron_contaminaton": false,
  "energy": "0.1-0.8nm"
}
