{
  "time_tag": "2026-05-27T00:03:00Z",
  "satellite": 18,
  "flux": 0.000001656748281675391,
  "observed_flux": 0.0000016640907460896415,
  "electron_correction": 7.342423558043265E-9,
  "electron_contaminaton": false,
  "energy": "0.1-0.8nm"
}
