{
  "time_tag": "2026-02-21T17:37:00Z",
  "satellite": 18,
  "flux": 3.432244000123319E-7,
  "observed_flux": 3.618786479364644E-7,
  "electron_correction": 1.8654246147775666E-8,
  "electron_contaminaton": false,
  "energy": "0.1-0.8nm"
}
