{
  "time_tag": "2026-02-01T15:21:00Z",
  "satellite": 18,
  "flux": 0.000006250311344047077,
  "observed_flux": 0.0000062863409766578116,
  "electron_correction": 3.602973208671756E-8,
  "electron_contaminaton": false,
  "energy": "0.1-0.8nm"
}
