{
  "time_tag": "2026-02-27T12:12:00Z",
  "satellite": 18,
  "flux": 9.249440040548507E-7,
  "observed_flux": 9.544260137772653E-7,
  "electron_correction": 2.948197419527787E-8,
  "electron_contaminaton": false,
  "energy": "0.1-0.8nm"
}
