{
  "time_tag": "2026-01-15T20:18:00Z",
  "satellite": 18,
  "flux": 9.329145314040943E-7,
  "observed_flux": 9.820245168157271E-7,
  "electron_correction": 4.910991791007291E-8,
  "electron_contaminaton": false,
  "energy": "0.1-0.8nm"
}
