{
  "time_tag": "2026-02-26T11:15:00Z",
  "satellite": 18,
  "flux": 7.759568347864843E-7,
  "observed_flux": 7.919587119431526E-7,
  "electron_correction": 1.6001870051240985E-8,
  "electron_contaminaton": false,
  "energy": "0.1-0.8nm"
}
