{
  "time_tag": "2026-04-29T03:08:00Z",
  "satellite": 18,
  "flux": 0.0000013374584568737191,
  "observed_flux": 0.0000013446781395032303,
  "electron_correction": 7.219659092783104E-9,
  "electron_contaminaton": false,
  "energy": "0.1-0.8nm"
}
