{
  "time_tag": "2026-05-14T05:56:00Z",
  "satellite": 18,
  "flux": 0.0000010916038490904612,
  "observed_flux": 0.0000010946906741082785,
  "electron_correction": 3.086775723915025E-9,
  "electron_contaminaton": false,
  "energy": "0.1-0.8nm"
}
