{
    "time_tag": "2026-06-09T00:06:00Z",
    "satellite": 18,
    "flux": 7.549894576186489e-07,
    "observed_flux": 7.987664503161795e-07,
    "electron_correction": 4.377702111924009e-08,
    "electron_contaminaton": false,
    "energy": "0.1-0.8nm"
}