{
  "time_tag": "2026-03-22T20:21:00Z",
  "satellite": 18,
  "flux": 9.239576570507779E-7,
  "observed_flux": 9.591512935003266E-7,
  "electron_correction": 3.519369329296751E-8,
  "electron_contaminaton": false,
  "energy": "0.1-0.8nm"
}
