{
    "time_tag": "2026-06-05T12:46:00Z",
    "satellite": 18,
    "flux": 1.2118416634621099e-06,
    "observed_flux": 1.2152574981882935e-06,
    "electron_correction": 3.4159086670371153e-09,
    "electron_contaminaton": false,
    "energy": "0.1-0.8nm"
}