{
  "time_tag": "2026-05-30T09:56:00Z",
  "satellite": 18,
  "flux": 8.596922498327331E-7,
  "observed_flux": 8.72958139552793E-7,
  "electron_correction": 1.3265873732848377E-8,
  "electron_contaminaton": false,
  "energy": "0.1-0.8nm"
}
