{
    "time_tag": "2026-06-14T01:22:00Z",
    "satellite": 18,
    "flux": 5.235534104031103e-07,
    "observed_flux": 5.679215178133745e-07,
    "electron_correction": 4.4368121621118917e-08,
    "electron_contaminaton": false,
    "energy": "0.1-0.8nm"
}