{
  "time_tag": "2026-05-14T03:16:00Z",
  "satellite": 18,
  "flux": 6.193926083142287E-7,
  "observed_flux": 6.237704610612127E-7,
  "electron_correction": 4.37782432527456E-9,
  "electron_contaminaton": false,
  "energy": "0.1-0.8nm"
}
