{
  "time_tag": "2026-02-18T19:56:00Z",
  "satellite": 18,
  "flux": 5.168309371583746E-7,
  "observed_flux": 5.837621301907348E-7,
  "electron_correction": 6.693120724321489E-8,
  "electron_contaminaton": false,
  "energy": "0.1-0.8nm"
}
