{
    "time_tag": "2026-06-15T18:54:00Z",
    "satellite": 18,
    "flux": 8.096088208731089e-07,
    "observed_flux": 8.556706347917498e-07,
    "electron_correction": 4.6061817471354516e-08,
    "electron_contaminaton": false,
    "energy": "0.1-0.8nm"
}