{
  "time_tag": "2026-02-13T10:25:00Z",
  "satellite": 18,
  "flux": 0.0000013835592653776985,
  "observed_flux": 0.0000013981380106997676,
  "electron_correction": 1.4578714235824464E-8,
  "electron_contaminaton": false,
  "energy": "0.1-0.8nm"
}
