{
    "time_tag": "2026-05-16T19:21:00Z",
    "satellite": 18,
    "flux": 1.4834542980679544e-06,
    "observed_flux": 1.6616156699456042e-06,
    "electron_correction": 1.7816140029935923e-07,
    "electron_contaminaton": false,
    "energy": "0.1-0.8nm"
}