{
  "time_tag": "2026-01-14T19:18:00Z",
  "satellite": 18,
  "flux": 0.0000017731176740198862,
  "observed_flux": 0.0000018298418353879242,
  "electron_correction": 5.672415426261068E-8,
  "electron_contaminaton": false,
  "energy": "0.1-0.8nm"
}
