{
  "time_tag": "2026-01-12T12:20:00Z",
  "satellite": 18,
  "flux": 0.000001014055555970117,
  "observed_flux": 0.0000010474494729351136,
  "electron_correction": 3.3394009335552255E-8,
  "electron_contaminaton": false,
  "energy": "0.1-0.8nm"
}
