{
    "time_tag": "2026-05-10T17:24:00Z",
    "satellite": 18,
    "flux": 1.2310920283198357e-06,
    "observed_flux": 1.2502563322414062e-06,
    "electron_correction": 1.916428793435898e-08,
    "electron_contaminaton": false,
    "energy": "0.1-0.8nm"
}