{
  "time_tag": "2025-12-18T19:18:00Z",
  "satellite": 18,
  "flux": 5.677823082805844E-7,
  "observed_flux": 6.322672447822697E-7,
  "electron_correction": 6.448492229083058E-8,
  "electron_contaminaton": false,
  "energy": "0.1-0.8nm"
}
