{
  "time_tag": "2026-05-19T03:42:00Z",
  "satellite": 18,
  "flux": 3.637989323124202E-7,
  "observed_flux": 3.90052633747473E-7,
  "electron_correction": 2.625369788233911E-8,
  "electron_contaminaton": false,
  "energy": "0.1-0.8nm"
}
