{
  "time_tag": "2026-06-17T05:52:00Z",
  "satellite": 18,
  "flux": 4.563563038573193E-7,
  "observed_flux": 4.6677698151142977E-7,
  "electron_correction": 1.0420666107791021E-8,
  "electron_contaminaton": false,
  "energy": "0.1-0.8nm"
}
