{
  "time_tag": "2026-01-16T06:20:00Z",
  "satellite": 18,
  "flux": 9.529063049740216E-7,
  "observed_flux": 9.55259679358278E-7,
  "electron_correction": 2.3534065807240268E-9,
  "electron_contaminaton": false,
  "energy": "0.1-0.8nm"
}
