{
  "time_tag": "2025-12-14T02:50:00Z",
  "satellite": 18,
  "flux": 8.258135153482726E-7,
  "observed_flux": 8.568734983782633E-7,
  "electron_correction": 3.1059968819135975E-8,
  "electron_contaminaton": false,
  "energy": "0.1-0.8nm"
}
