{
    "time_tag": "2026-06-29T08:42:00Z",
    "satellite": 18,
    "flux": 5.132380010763882e-06,
    "observed_flux": 5.1520387387427036e-06,
    "electron_correction": 1.9658777716813347e-08,
    "electron_contaminaton": false,
    "energy": "0.1-0.8nm"
}