{
  "time_tag": "2026-05-31T19:09:00Z",
  "satellite": 18,
  "flux": 9.44237854128005E-7,
  "observed_flux": 9.999046142183943E-7,
  "electron_correction": 5.566669614154307E-8,
  "electron_contaminaton": false,
  "energy": "0.1-0.8nm"
}
