{
  "time_tag": "2026-03-02T17:58:00Z",
  "satellite": 18,
  "flux": 0.0000014371397583090584,
  "observed_flux": 0.0000014667119785372051,
  "electron_correction": 2.957219891186469E-8,
  "electron_contaminaton": false,
  "energy": "0.1-0.8nm"
}
