{
  "time_tag": "2026-06-08T18:30:00Z",
  "satellite": 18,
  "flux": 8.857722377797472E-7,
  "observed_flux": 9.232203979081532E-7,
  "electron_correction": 3.744820276097016E-8,
  "electron_contaminaton": false,
  "energy": "0.1-0.8nm"
}
