{
  "time_tag": "2026-05-31T02:21:00Z",
  "satellite": 18,
  "flux": 7.763071039335045E-7,
  "observed_flux": 7.978768508110079E-7,
  "electron_correction": 2.1569704244939203E-8,
  "electron_contaminaton": false,
  "energy": "0.1-0.8nm"
}
