{
  "time_tag": "2026-03-12T07:30:00Z",
  "satellite": 18,
  "flux": 5.374027409743576E-7,
  "observed_flux": 5.52325218450278E-7,
  "electron_correction": 1.4922520108484605E-8,
  "electron_contaminaton": false,
  "energy": "0.1-0.8nm"
}
