{
  "time_tag": "2026-03-26T03:03:00Z",
  "satellite": 18,
  "flux": 0.00000108443805402203,
  "observed_flux": 0.0000011175482086400734,
  "electron_correction": 3.3110151065329774E-8,
  "electron_contaminaton": false,
  "energy": "0.1-0.8nm"
}
