{
  "time_tag": "2026-02-28T14:21:00Z",
  "satellite": 18,
  "flux": 0.0000017661143374425592,
  "observed_flux": 0.0000018185884300692123,
  "electron_correction": 5.247417078635408E-8,
  "electron_contaminaton": false,
  "energy": "0.1-0.8nm"
}
