{
    "time_tag": "2026-05-18T04:52:00Z",
    "satellite": 18,
    "flux": 4.5088356159794785e-07,
    "observed_flux": 4.861520892518456e-07,
    "electron_correction": 3.526849923218833e-08,
    "electron_contaminaton": false,
    "energy": "0.1-0.8nm"
}