{
  "time_tag": "2026-05-23T21:01:00Z",
  "satellite": 18,
  "flux": 0.0000019792105376836844,
  "observed_flux": 0.000002010960770348902,
  "electron_correction": 3.17502468760722E-8,
  "electron_contaminaton": false,
  "energy": "0.1-0.8nm"
}
