{
    "time_tag": "2026-04-25T13:46:00Z",
    "satellite": 18,
    "flux": 1.3076894447294762e-06,
    "observed_flux": 1.3128126283845631e-06,
    "electron_correction": 5.123272028839665e-09,
    "electron_contaminaton": false,
    "energy": "0.1-0.8nm"
}