{
  "time_tag": "2026-04-25T05:59:00Z",
  "satellite": 18,
  "flux": 0.000001171325266113854,
  "observed_flux": 0.0000011738418379536597,
  "electron_correction": 2.5165889372402717E-9,
  "electron_contaminaton": false,
  "energy": "0.1-0.8nm"
}
