{
    "time_tag": "2026-05-14T22:39:00Z",
    "satellite": 18,
    "flux": 8.410004852521524e-07,
    "observed_flux": 8.616879085820983e-07,
    "electron_correction": 2.0687393131879617e-08,
    "electron_contaminaton": false,
    "energy": "0.1-0.8nm"
}