{
  "time_tag": "2026-04-26T21:54:00Z",
  "satellite": 18,
  "flux": 0.000005531774604605744,
  "observed_flux": 0.000005573464022745611,
  "electron_correction": 4.1689624197260855E-8,
  "electron_contaminaton": false,
  "energy": "0.1-0.8nm"
}
