{
  "time_tag": "2026-05-18T01:14:00Z",
  "satellite": 18,
  "flux": 6.874661266920157E-7,
  "observed_flux": 7.427187256325851E-7,
  "electron_correction": 5.525257407157369E-8,
  "electron_contaminaton": false,
  "energy": "0.1-0.8nm"
}
