{
    "time_tag": "2026-05-30T15:21:00Z",
    "satellite": 18,
    "flux": 8.341293664670957e-07,
    "observed_flux": 8.559902653360041e-07,
    "electron_correction": 2.1860877552626334e-08,
    "electron_contaminaton": false,
    "energy": "0.1-0.8nm"
}