{
  "time_tag": "2026-02-01T12:24:00Z",
  "satellite": 18,
  "flux": 0.0000354091425833758,
  "observed_flux": 0.00003543712227838114,
  "electron_correction": 2.7979753625118065E-8,
  "electron_contaminaton": false,
  "energy": "0.1-0.8nm"
}
