{
  "time_tag": "2026-03-14T06:44:00Z",
  "satellite": 18,
  "flux": 9.518018373455561E-7,
  "observed_flux": 9.518507226857764E-7,
  "electron_correction": 4.885674503851689E-11,
  "electron_contaminaton": false,
  "energy": "0.1-0.8nm"
}
