{
  "time_tag": "2026-01-30T17:24:00Z",
  "satellite": 18,
  "flux": 8.822290737953153E-7,
  "observed_flux": 9.619021739126765E-7,
  "electron_correction": 7.96731285390706E-8,
  "electron_contaminaton": false,
  "energy": "0.1-0.8nm"
}
