{
    "time_tag": "2026-05-28T15:35:00Z",
    "satellite": 19,
    "flux": 9.889404282148462e-07,
    "observed_flux": 1.0169499091716716e-06,
    "electron_correction": 2.8009459640543355e-08,
    "electron_contaminaton": false,
    "energy": "0.1-0.8nm"
}