{
  "time_tag": "2026-03-04T07:41:00Z",
  "satellite": 18,
  "flux": 5.413065764514613E-7,
  "observed_flux": 5.430107421489083E-7,
  "electron_correction": 1.704179797279437E-9,
  "electron_contaminaton": false,
  "energy": "0.1-0.8nm"
}
