{
  "time_tag": "2026-07-01T05:11:00Z",
  "satellite": 18,
  "flux": 0.00000552665824216092,
  "observed_flux": 0.000005534068350243615,
  "electron_correction": 7.410198232804532E-9,
  "electron_contaminaton": false,
  "energy": "0.1-0.8nm"
}
