{
  "time_tag": "2026-06-06T16:04:00Z",
  "satellite": 18,
  "flux": 0.0000021910184386797482,
  "observed_flux": 0.000002231106464023469,
  "electron_correction": 4.008817100498163E-8,
  "electron_contaminaton": false,
  "energy": "0.1-0.8nm"
}
