{
  "time_tag": "2026-01-18T22:17:00Z",
  "satellite": 18,
  "flux": 0.0000091957072072546,
  "observed_flux": 0.000009266513188777026,
  "electron_correction": 7.080597441699865E-8,
  "electron_contaminaton": false,
  "energy": "0.1-0.8nm"
}
