{
    "time_tag": "2026-05-30T18:00:00Z",
    "satellite": 18,
    "flux": 7.324675266318081e-07,
    "observed_flux": 7.872863534430508e-07,
    "electron_correction": 5.481883746938365e-08,
    "electron_contaminaton": false,
    "energy": "0.1-0.8nm"
}