{
  "time_tag": "2026-02-26T08:26:00Z",
  "satellite": 18,
  "flux": 8.918469802665641E-7,
  "observed_flux": 8.993784490485268E-7,
  "electron_correction": 7.53146345289224E-9,
  "electron_contaminaton": false,
  "energy": "0.1-0.8nm"
}
