{
    "time_tag": "2026-05-16T15:03:00Z",
    "satellite": 18,
    "flux": 6.341317089209042e-07,
    "observed_flux": 6.94524032951449e-07,
    "electron_correction": 6.039231692511748e-08,
    "electron_contaminaton": false,
    "energy": "0.1-0.8nm"
}