{
    "time_tag": "2026-06-28T00:06:00Z",
    "satellite": 18,
    "flux": 2.3166837763710646e-06,
    "observed_flux": 2.360764256081893e-06,
    "electron_correction": 4.4080536554247374e-08,
    "electron_contaminaton": false,
    "energy": "0.1-0.8nm"
}