{
  "time_tag": "2026-02-05T09:25:00Z",
  "satellite": 18,
  "flux": 0.000002144892278010957,
  "observed_flux": 0.0000021450659914989956,
  "electron_correction": 1.736055327272723E-10,
  "electron_contaminaton": false,
  "energy": "0.1-0.8nm"
}
