{
  "time_tag": "2026-06-13T15:56:00Z",
  "satellite": 18,
  "flux": 6.009548201291182E-7,
  "observed_flux": 6.443263487199147E-7,
  "electron_correction": 4.337151082722812E-8,
  "electron_contaminaton": false,
  "energy": "0.1-0.8nm"
}
