{
  "time_tag": "2026-04-23T00:57:00Z",
  "satellite": 18,
  "flux": 9.751603329277714E-7,
  "observed_flux": 0.0000010112065638168133,
  "electron_correction": 3.604620246733248E-8,
  "electron_contaminaton": false,
  "energy": "0.1-0.8nm"
}
