{
    "time_tag": "2026-06-25T23:05:00Z",
    "satellite": 18,
    "flux": 1.2084791478628176e-06,
    "observed_flux": 1.2809505278710276e-06,
    "electron_correction": 7.247147237876561e-08,
    "electron_contaminaton": false,
    "energy": "0.1-0.8nm"
}