{
  "time_tag": "2026-05-26T22:10:00Z",
  "satellite": 18,
  "flux": 0.000001045792942022672,
  "observed_flux": 0.0000010519579518586397,
  "electron_correction": 6.164931232177651E-9,
  "electron_contaminaton": false,
  "energy": "0.1-0.8nm"
}
