{
  "time_tag": "2026-02-26T09:16:00Z",
  "satellite": 18,
  "flux": 1.2363679502414016E-7,
  "observed_flux": 1.6658577806083485E-7,
  "electron_correction": 4.294897948398102E-8,
  "electron_contaminaton": false,
  "energy": "0.1-0.8nm"
}
