{
  "time_tag": "2026-05-03T09:37:00Z",
  "satellite": 18,
  "flux": 0.0000011007912235072581,
  "observed_flux": 0.0000011155118500028038,
  "electron_correction": 1.472065402907674E-8,
  "electron_contaminaton": false,
  "energy": "0.1-0.8nm"
}
