{
  "time_tag": "2026-02-04T02:32:00Z",
  "satellite": 18,
  "flux": 0.000019130118744214997,
  "observed_flux": 0.000019143641111440957,
  "electron_correction": 1.3522648778518942E-8,
  "electron_contaminaton": false,
  "energy": "0.1-0.8nm"
}
