{
  "time_tag": "2026-05-15T09:17:00Z",
  "satellite": 18,
  "flux": 5.125441475684056E-7,
  "observed_flux": 5.136129175298265E-7,
  "electron_correction": 1.0687520868302158E-9,
  "electron_contaminaton": false,
  "energy": "0.1-0.8nm"
}
