{
  "time_tag": "2026-02-18T00:21:00Z",
  "satellite": 18,
  "flux": 4.757821443490684E-7,
  "observed_flux": 5.393511059992306E-7,
  "electron_correction": 6.356899007187167E-8,
  "electron_contaminaton": false,
  "energy": "0.1-0.8nm"
}
