{
  "time_tag": "2026-01-30T20:22:00Z",
  "satellite": 18,
  "flux": 9.300236456510902E-7,
  "observed_flux": 0.0000010085275334859034,
  "electron_correction": 7.850385941310378E-8,
  "electron_contaminaton": false,
  "energy": "0.1-0.8nm"
}
