{
  "time_tag": "2026-05-16T23:12:00Z",
  "satellite": 18,
  "flux": 7.735333156233537E-7,
  "observed_flux": 8.745427635403757E-7,
  "electron_correction": 1.0100942660073997E-7,
  "electron_contaminaton": false,
  "energy": "0.1-0.8nm"
}
