{
    "time_tag": "2026-05-27T10:47:00Z",
    "satellite": 18,
    "flux": 8.159424282894179e-07,
    "observed_flux": 8.208708663914877e-07,
    "electron_correction": 4.928459862441059e-09,
    "electron_contaminaton": false,
    "energy": "0.1-0.8nm"
}