{
  "time_tag": "2026-06-04T23:49:00Z",
  "satellite": 18,
  "flux": 0.0000010631300710883806,
  "observed_flux": 0.000001073572207133111,
  "electron_correction": 1.0442213316252946E-8,
  "electron_contaminaton": false,
  "energy": "0.1-0.8nm"
}
