{
  "time_tag": "2026-05-14T14:46:00Z",
  "satellite": 18,
  "flux": 7.857755122131493E-7,
  "observed_flux": 7.969458692969056E-7,
  "electron_correction": 1.1170344649258368E-8,
  "electron_contaminaton": false,
  "energy": "0.1-0.8nm"
}
