{
  "time_tag": "2026-02-03T08:41:00Z",
  "satellite": 18,
  "flux": 0.000006801812560297549,
  "observed_flux": 0.000006804157237638719,
  "electron_correction": 2.344792582320565E-9,
  "electron_contaminaton": false,
  "energy": "0.1-0.8nm"
}
