{
  "time_tag": "2026-02-22T16:22:00Z",
  "satellite": 18,
  "flux": 0.000001330989334746846,
  "observed_flux": 0.000001361596332571935,
  "electron_correction": 3.0606951639811086E-8,
  "electron_contaminaton": false,
  "energy": "0.1-0.8nm"
}
