{
  "time_tag": "2026-04-22T20:30:00Z",
  "satellite": 18,
  "flux": 7.699944717387552E-7,
  "observed_flux": 8.212637681026536E-7,
  "electron_correction": 5.1269307022039357E-8,
  "electron_contaminaton": false,
  "energy": "0.1-0.8nm"
}
