{
    "time_tag": "2026-05-14T18:21:00Z",
    "satellite": 18,
    "flux": 3.3566589081601705e-06,
    "observed_flux": 3.3744715892680688e-06,
    "electron_correction": 1.781283387458643e-08,
    "electron_contaminaton": false,
    "energy": "0.1-0.8nm"
}