{
    "time_tag": "2026-06-27T11:17:00Z",
    "satellite": 18,
    "flux": 1.8813742599377292e-06,
    "observed_flux": 1.9164442619512556e-06,
    "electron_correction": 3.506991319568442e-08,
    "electron_contaminaton": false,
    "energy": "0.1-0.8nm"
}