{
    "time_tag": "2026-05-24T12:33:00Z",
    "satellite": 18,
    "flux": 8.125634849420749e-07,
    "observed_flux": 8.194547831408272e-07,
    "electron_correction": 6.891283099719203e-09,
    "electron_contaminaton": false,
    "energy": "0.1-0.8nm"
}