{
  "time_tag": "2026-02-04T06:11:00Z",
  "satellite": 18,
  "flux": 0.0000016457605624964344,
  "observed_flux": 0.0000016523229078302393,
  "electron_correction": 6.562378196406371E-9,
  "electron_contaminaton": false,
  "energy": "0.1-0.8nm"
}
