{
  "time_tag": "2026-03-30T01:34:00Z",
  "satellite": 18,
  "flux": 9.232122124558373E-7,
  "observed_flux": 9.283006079385814E-7,
  "electron_correction": 5.08839725910093E-9,
  "electron_contaminaton": false,
  "energy": "0.1-0.8nm"
}
