{
    "time_tag": "2026-05-28T19:54:00Z",
    "satellite": 19,
    "flux": 8.489839160574775e-07,
    "observed_flux": 8.671719342601136e-07,
    "electron_correction": 1.8188025308063516e-08,
    "electron_contaminaton": false,
    "energy": "0.1-0.8nm"
}