{
  "time_tag": "2026-06-04T14:36:00Z",
  "satellite": 18,
  "flux": 9.505340585747035E-7,
  "observed_flux": 9.57601741902181E-7,
  "electron_correction": 7.067622487255676E-9,
  "electron_contaminaton": false,
  "energy": "0.1-0.8nm"
}
