{
  "time_tag": "2026-03-24T05:38:00Z",
  "satellite": 18,
  "flux": 6.565022090398998E-7,
  "observed_flux": 6.808352850384836E-7,
  "electron_correction": 2.4333088433081684E-8,
  "electron_contaminaton": false,
  "energy": "0.1-0.8nm"
}
