{
    "time_tag": "2026-06-10T20:00:00Z",
    "satellite": 18,
    "flux": 6.677311716885015e-07,
    "observed_flux": 7.139283866308688e-07,
    "electron_correction": 4.6197200731512567e-08,
    "electron_contaminaton": false,
    "energy": "0.1-0.8nm"
}