{
  "time_tag": "2026-05-20T03:41:00Z",
  "satellite": 18,
  "flux": 6.905067380102992E-7,
  "observed_flux": 7.23146285963594E-7,
  "electron_correction": 3.263953018972643E-8,
  "electron_contaminaton": false,
  "energy": "0.1-0.8nm"
}
