{
    "time_tag": "2026-05-07T23:28:00Z",
    "satellite": 18,
    "flux": 6.529287475132151e-07,
    "observed_flux": 6.833030852249067e-07,
    "electron_correction": 3.037432350083691e-08,
    "electron_contaminaton": false,
    "energy": "0.1-0.8nm"
}