{
    "time_tag": "2026-06-03T18:53:00Z",
    "satellite": 18,
    "flux": 1.0310395737178624e-06,
    "observed_flux": 1.0725965466917842e-06,
    "electron_correction": 4.1556990737490196e-08,
    "electron_contaminaton": false,
    "energy": "0.1-0.8nm"
}