{
  "time_tag": "2026-03-27T17:02:00Z",
  "satellite": 18,
  "flux": 0.000001082427957044274,
  "observed_flux": 0.0000011174623750775936,
  "electron_correction": 3.503443224417424E-8,
  "electron_contaminaton": false,
  "energy": "0.1-0.8nm"
}
