{
  "time_tag": "2026-02-09T23:40:00Z",
  "satellite": 18,
  "flux": 0.0000012773417665812303,
  "observed_flux": 0.000001314834207732929,
  "electron_correction": 3.749246246798066E-8,
  "electron_contaminaton": false,
  "energy": "0.1-0.8nm"
}
