{
    "time_tag": "2026-06-03T15:44:00Z",
    "satellite": 19,
    "flux": 1.3808287349093007e-06,
    "observed_flux": 1.4228259033188806e-06,
    "electron_correction": 4.199710446073368e-08,
    "electron_contaminaton": false,
    "energy": "0.1-0.8nm"
}