{
  "time_tag": "2026-03-30T23:45:00Z",
  "satellite": 18,
  "flux": 0.000001073920998351241,
  "observed_flux": 0.0000010919932265096577,
  "electron_correction": 1.8072270790980838E-8,
  "electron_contaminaton": false,
  "energy": "0.1-0.8nm"
}
