{
  "time_tag": "2026-05-27T13:31:00Z",
  "satellite": 18,
  "flux": 0.0000016435217276011826,
  "observed_flux": 0.000001652178070798982,
  "electron_correction": 8.656352079583485E-9,
  "electron_contaminaton": false,
  "energy": "0.1-0.8nm"
}
