{
    "time_tag": "2026-06-21T18:57:00Z",
    "satellite": 18,
    "flux": 8.96487449608685e-07,
    "observed_flux": 9.144354748968908e-07,
    "electron_correction": 1.794801640642163e-08,
    "electron_contaminaton": false,
    "energy": "0.1-0.8nm"
}