{
  "time_tag": "2026-01-23T09:20:00Z",
  "satellite": 18,
  "flux": 0.0000012705312428806792,
  "observed_flux": 0.0000012756845535477623,
  "electron_correction": 5.1534012612819424E-9,
  "electron_contaminaton": false,
  "energy": "0.1-0.8nm"
}
