{
  "time_tag": "2025-12-23T01:48:00Z",
  "satellite": 18,
  "flux": 0.0000015907515944491024,
  "observed_flux": 0.000001647465751375421,
  "electron_correction": 5.6714167584459574E-8,
  "electron_contaminaton": false,
  "energy": "0.1-0.8nm"
}
