{
  "time_tag": "2026-03-18T20:55:00Z",
  "satellite": 18,
  "flux": 3.6805082004320866E-7,
  "observed_flux": 3.9652400118939113E-7,
  "electron_correction": 2.847318114618247E-8,
  "electron_contaminaton": false,
  "energy": "0.1-0.8nm"
}
