{
    "time_tag": "2026-05-27T08:03:00Z",
    "satellite": 18,
    "flux": 7.626491651535616e-07,
    "observed_flux": 7.693707289035956e-07,
    "electron_correction": 6.721595280367865e-09,
    "electron_contaminaton": false,
    "energy": "0.1-0.8nm"
}