{
  "time_tag": "2026-06-14T20:50:00Z",
  "satellite": 18,
  "flux": 5.356714041226951E-7,
  "observed_flux": 5.870707582289469E-7,
  "electron_correction": 5.1399361211679206E-8,
  "electron_contaminaton": false,
  "energy": "0.1-0.8nm"
}
