{
  "time_tag": "2026-03-14T23:04:00Z",
  "satellite": 18,
  "flux": 6.662266969215125E-7,
  "observed_flux": 6.968696197873214E-7,
  "electron_correction": 3.0642969051086766E-8,
  "electron_contaminaton": false,
  "energy": "0.1-0.8nm"
}
