{
  "time_tag": "2026-03-01T00:24:00Z",
  "satellite": 18,
  "flux": 0.0000013980322819406865,
  "observed_flux": 0.0000014547789533025934,
  "electron_correction": 5.674672820532578E-8,
  "electron_contaminaton": false,
  "energy": "0.1-0.8nm"
}
