{
  "time_tag": "2026-02-20T15:12:00Z",
  "satellite": 18,
  "flux": 3.797905776536936E-7,
  "observed_flux": 3.933870402761386E-7,
  "electron_correction": 1.359646351062338E-8,
  "electron_contaminaton": false,
  "energy": "0.1-0.8nm"
}
