{
  "time_tag": "2026-05-02T11:04:00Z",
  "satellite": 18,
  "flux": 0.000004053490101796342,
  "observed_flux": 0.0000040719328353588935,
  "electron_correction": 1.8442648297423148E-8,
  "electron_contaminaton": false,
  "energy": "0.1-0.8nm"
}
