{
  "time_tag": "2026-03-16T18:46:00Z",
  "satellite": 18,
  "flux": 5.631572435049748E-7,
  "observed_flux": 6.114067332418927E-7,
  "electron_correction": 4.8249521711341004E-8,
  "electron_contaminaton": false,
  "energy": "0.1-0.8nm"
}
