{
  "time_tag": "2026-06-26T01:17:00Z",
  "satellite": 18,
  "flux": 0.0000014522605624733842,
  "observed_flux": 0.0000014999584436736768,
  "electron_correction": 4.7697877647578935E-8,
  "electron_contaminaton": false,
  "energy": "0.1-0.8nm"
}
