{
    "time_tag": "2026-06-24T21:49:00Z",
    "satellite": 18,
    "flux": 1.6662702364556026e-06,
    "observed_flux": 1.6799276636447757e-06,
    "electron_correction": 1.365741653103214e-08,
    "electron_contaminaton": false,
    "energy": "0.1-0.8nm"
}