{
    "time_tag": "2026-05-21T21:16:00Z",
    "satellite": 18,
    "flux": 9.265787070944498e-07,
    "observed_flux": 9.864182857199921e-07,
    "electron_correction": 5.983954309840556e-08,
    "electron_contaminaton": false,
    "energy": "0.1-0.8nm"
}