{
  "time_tag": "2026-02-06T04:57:00Z",
  "satellite": 18,
  "flux": 0.000001124987079492712,
  "observed_flux": 0.0000011350060731274425,
  "electron_correction": 1.0018931462241198E-8,
  "electron_contaminaton": false,
  "energy": "0.1-0.8nm"
}
