{
    "time_tag": "2026-06-21T07:10:00Z",
    "satellite": 18,
    "flux": 6.897413982187572e-07,
    "observed_flux": 6.937492571523762e-07,
    "electron_correction": 4.007874920830545e-09,
    "electron_contaminaton": false,
    "energy": "0.1-0.8nm"
}