{
    "time_tag": "2026-06-27T03:16:00Z",
    "satellite": 18,
    "flux": 1.6772047501945053e-06,
    "observed_flux": 1.7219632582055056e-06,
    "electron_correction": 4.475850445828655e-08,
    "electron_contaminaton": false,
    "energy": "0.1-0.8nm"
}