{
  "time_tag": "2026-04-18T06:30:00Z",
  "satellite": 18,
  "flux": 4.2107899389520753E-7,
  "observed_flux": 4.2110642084480787E-7,
  "electron_correction": 2.7407043648453033E-11,
  "electron_contaminaton": false,
  "energy": "0.1-0.8nm"
}
