{
  "time_tag": "2026-06-14T19:47:00Z",
  "satellite": 18,
  "flux": 6.111889661042369E-7,
  "observed_flux": 6.592345584977011E-7,
  "electron_correction": 4.804563147331464E-8,
  "electron_contaminaton": false,
  "energy": "0.1-0.8nm"
}
