{
    "time_tag": "2026-05-14T23:29:00Z",
    "satellite": 18,
    "flux": 1.0801481948874425e-06,
    "observed_flux": 1.097389031201601e-06,
    "electron_correction": 1.7240889604863696e-08,
    "electron_contaminaton": false,
    "energy": "0.1-0.8nm"
}