{
  "time_tag": "2026-06-02T23:07:00Z",
  "satellite": 18,
  "flux": 0.0000015976344229784445,
  "observed_flux": 0.0000016292533473460935,
  "electron_correction": 3.161888173508487E-8,
  "electron_contaminaton": false,
  "energy": "0.1-0.8nm"
}
