{
  "time_tag": "2026-01-30T03:08:00Z",
  "satellite": 18,
  "flux": 9.737766504258616E-7,
  "observed_flux": 0.0000010256921996187884,
  "electron_correction": 5.1915492349507986E-8,
  "electron_contaminaton": false,
  "energy": "0.1-0.8nm"
}
