{
    "time_tag": "2026-05-13T01:10:00Z",
    "satellite": 18,
    "flux": 5.959637405794638e-07,
    "observed_flux": 6.083594144001836e-07,
    "electron_correction": 1.2395687143396117e-08,
    "electron_contaminaton": false,
    "energy": "0.1-0.8nm"
}