{
  "time_tag": "2026-02-03T18:29:00Z",
  "satellite": 18,
  "flux": 0.000012060123481205665,
  "observed_flux": 0.000012080947271897458,
  "electron_correction": 2.082395589297903E-8,
  "electron_contaminaton": false,
  "energy": "0.1-0.8nm"
}
