{
  "time_tag": "2026-03-16T08:06:00Z",
  "satellite": 18,
  "flux": 3.017919425474247E-7,
  "observed_flux": 3.211765715604997E-7,
  "electron_correction": 1.938462013129083E-8,
  "electron_contaminaton": false,
  "energy": "0.1-0.8nm"
}
