{
  "time_tag": "2026-01-08T10:19:00Z",
  "satellite": 18,
  "flux": 9.513645409242599E-7,
  "observed_flux": 9.514050702819077E-7,
  "electron_correction": 4.052921193098413E-11,
  "electron_contaminaton": false,
  "energy": "0.1-0.8nm"
}
