{
  "time_tag": "2026-06-19T16:12:00Z",
  "satellite": 18,
  "flux": 5.294750167195161E-7,
  "observed_flux": 5.483324230226572E-7,
  "electron_correction": 1.885738853957264E-8,
  "electron_contaminaton": false,
  "energy": "0.1-0.8nm"
}
