{
  "time_tag": "2026-02-06T02:34:00Z",
  "satellite": 18,
  "flux": 0.0000037659574445569888,
  "observed_flux": 0.000003782820613196236,
  "electron_correction": 1.686321482452513E-8,
  "electron_contaminaton": false,
  "energy": "0.1-0.8nm"
}
