{
  "time_tag": "2026-03-28T10:56:00Z",
  "satellite": 18,
  "flux": 0.0000021685505089408252,
  "observed_flux": 0.000002175532699766336,
  "electron_correction": 6.982381783871006E-9,
  "electron_contaminaton": false,
  "energy": "0.1-0.8nm"
}
