{
    "time_tag": "2026-06-05T18:21:00Z",
    "satellite": 18,
    "flux": 1.4530260159517638e-06,
    "observed_flux": 1.4686487475046306e-06,
    "electron_correction": 1.562274221100779e-08,
    "electron_contaminaton": false,
    "energy": "0.1-0.8nm"
}