{
    "time_tag": "2026-05-06T10:45:00Z",
    "satellite": 18,
    "flux": 5.542046892514918e-07,
    "observed_flux": 5.833520617670729e-07,
    "electron_correction": 2.9147386726435798e-08,
    "electron_contaminaton": false,
    "energy": "0.1-0.8nm"
}