{
  "time_tag": "2025-12-21T17:17:00Z",
  "satellite": 18,
  "flux": 0.0000022908586743142223,
  "observed_flux": 0.0000023152888388722204,
  "electron_correction": 2.443033686461149E-8,
  "electron_contaminaton": false,
  "energy": "0.1-0.8nm"
}
