{
    "time_tag": "2026-05-17T18:32:00Z",
    "satellite": 18,
    "flux": 5.739594257647695e-07,
    "observed_flux": 6.539600008181878e-07,
    "electron_correction": 8.0000589264273e-08,
    "electron_contaminaton": false,
    "energy": "0.1-0.8nm"
}