{
  "time_tag": "2026-02-02T00:49:00Z",
  "satellite": 18,
  "flux": 0.00008122593135340139,
  "observed_flux": 0.00008125577733153477,
  "electron_correction": 2.984667091254778E-8,
  "electron_contaminaton": false,
  "energy": "0.1-0.8nm"
}
