{
    "time_tag": "2026-05-20T20:16:00Z",
    "satellite": 18,
    "flux": 6.860693702037679e-07,
    "observed_flux": 7.520214921896695e-07,
    "electron_correction": 6.595211488047426e-08,
    "electron_contaminaton": false,
    "energy": "0.1-0.8nm"
}