{
  "time_tag": "2026-02-14T14:50:00Z",
  "satellite": 18,
  "flux": 6.701439474454673E-7,
  "observed_flux": 7.024635237939947E-7,
  "electron_correction": 3.2319576348527335E-8,
  "electron_contaminaton": false,
  "energy": "0.1-0.8nm"
}
