{
  "time_tag": "2026-03-03T04:22:00Z",
  "satellite": 18,
  "flux": 8.266420650215878E-7,
  "observed_flux": 8.295432962768245E-7,
  "electron_correction": 2.901226370255472E-9,
  "electron_contaminaton": false,
  "energy": "0.1-0.8nm"
}
