{
  "time_tag": "2026-03-04T19:01:00Z",
  "satellite": 18,
  "flux": 5.36542529516737E-7,
  "observed_flux": 5.752233960265585E-7,
  "electron_correction": 3.868083808811207E-8,
  "electron_contaminaton": false,
  "energy": "0.1-0.8nm"
}
