{
    "time_tag": "2026-05-08T18:05:00Z",
    "satellite": 18,
    "flux": 1.3778807215203415e-06,
    "observed_flux": 1.402975158271147e-06,
    "electron_correction": 2.5094387012813968e-08,
    "electron_contaminaton": false,
    "energy": "0.1-0.8nm"
}