{
  "time_tag": "2025-12-20T08:19:00Z",
  "satellite": 18,
  "flux": 0.0000024937980924732983,
  "observed_flux": 0.0000025123135856119916,
  "electron_correction": 1.8515656563522498E-8,
  "electron_contaminaton": false,
  "energy": "0.1-0.8nm"
}
