{
  "time_tag": "2025-12-15T07:19:00Z",
  "satellite": 18,
  "flux": 5.137983976055693E-7,
  "observed_flux": 5.396523192757741E-7,
  "electron_correction": 2.585397140819623E-8,
  "electron_contaminaton": false,
  "energy": "0.1-0.8nm"
}
