{
  "time_tag": "2026-03-22T21:49:00Z",
  "satellite": 18,
  "flux": 7.486836466341629E-7,
  "observed_flux": 7.660231631234637E-7,
  "electron_correction": 1.7339527147441913E-8,
  "electron_contaminaton": false,
  "energy": "0.1-0.8nm"
}
