{
  "time_tag": "2025-12-15T20:19:00Z",
  "satellite": 18,
  "flux": 6.481083119069808E-7,
  "observed_flux": 6.874792006783537E-7,
  "electron_correction": 3.937087811323181E-8,
  "electron_contaminaton": false,
  "energy": "0.1-0.8nm"
}
