{
  "time_tag": "2026-01-26T20:19:00Z",
  "satellite": 18,
  "flux": 0.0000015035687965792022,
  "observed_flux": 0.0000015512407571804943,
  "electron_correction": 4.767199612842887E-8,
  "electron_contaminaton": false,
  "energy": "0.1-0.8nm"
}
