{
  "time_tag": "2026-04-28T23:14:00Z",
  "satellite": 18,
  "flux": 0.0000011409324542910326,
  "observed_flux": 0.0000011515598998812493,
  "electron_correction": 1.0627516644490242E-8,
  "electron_contaminaton": false,
  "energy": "0.1-0.8nm"
}
