{
    "time_tag": "2026-05-23T04:28:00Z",
    "satellite": 18,
    "flux": 8.255824468506034e-07,
    "observed_flux": 8.440789542873972e-07,
    "electron_correction": 1.8496471909656975e-08,
    "electron_contaminaton": false,
    "energy": "0.1-0.8nm"
}