{
  "time_tag": "2026-05-06T10:26:00Z",
  "satellite": 18,
  "flux": 5.295901246427093E-7,
  "observed_flux": 5.588613589679881E-7,
  "electron_correction": 2.927127695784293E-8,
  "electron_contaminaton": false,
  "energy": "0.1-0.8nm"
}
