{
    "time_tag": "2026-06-11T15:42:00Z",
    "satellite": 18,
    "flux": 7.115361881915305e-07,
    "observed_flux": 7.244551056828641e-07,
    "electron_correction": 1.29189148267983e-08,
    "electron_contaminaton": false,
    "energy": "0.1-0.8nm"
}