{
  "time_tag": "2025-12-06T21:21:00Z",
  "satellite": 18,
  "flux": 0.0000044690000322589185,
  "observed_flux": 0.0000045314627641346306,
  "electron_correction": 6.246273187571205E-8,
  "electron_contaminaton": false,
  "energy": "0.1-0.8nm"
}
