{
  "time_tag": "2026-03-29T22:22:00Z",
  "satellite": 18,
  "flux": 0.000001017892259369546,
  "observed_flux": 0.000001035554419104301,
  "electron_correction": 1.766217394560954E-8,
  "electron_contaminaton": false,
  "energy": "0.1-0.8nm"
}
