{
    "time_tag": "2026-05-08T19:46:00Z",
    "satellite": 18,
    "flux": 7.600780236316496e-07,
    "observed_flux": 7.865379529903294e-07,
    "electron_correction": 2.645990804239773e-08,
    "electron_contaminaton": false,
    "energy": "0.1-0.8nm"
}