{
    "time_tag": "2026-05-09T00:00:00Z",
    "satellite": 18,
    "flux": 6.687838549623848e-07,
    "observed_flux": 7.093715339578921e-07,
    "electron_correction": 4.0587707417216734e-08,
    "electron_contaminaton": false,
    "energy": "0.1-0.8nm"
}