{
  "time_tag": "2026-05-31T22:03:00Z",
  "satellite": 18,
  "flux": 0.0000017486153183199349,
  "observed_flux": 0.0000017967539633900742,
  "electron_correction": 4.81385811212931E-8,
  "electron_contaminaton": false,
  "energy": "0.1-0.8nm"
}
