{
  "time_tag": "2026-03-18T05:13:00Z",
  "satellite": 18,
  "flux": 6.152216087684792E-7,
  "observed_flux": 6.364865612340509E-7,
  "electron_correction": 2.1264980887281126E-8,
  "electron_contaminaton": false,
  "energy": "0.1-0.8nm"
}
