{
  "time_tag": "2026-05-22T23:18:00Z",
  "satellite": 18,
  "flux": 7.954181455716025E-7,
  "observed_flux": 8.344375146407401E-7,
  "electron_correction": 3.9019351305569216E-8,
  "electron_contaminaton": false,
  "energy": "0.1-0.8nm"
}
