{
  "time_tag": "2026-03-22T15:22:00Z",
  "satellite": 18,
  "flux": 6.277689408307197E-7,
  "observed_flux": 6.357316806315794E-7,
  "electron_correction": 7.962709602793439E-9,
  "electron_contaminaton": false,
  "energy": "0.1-0.8nm"
}
