{
    "time_tag": "2026-06-07T17:38:00Z",
    "satellite": 18,
    "flux": 9.901957582769683e-07,
    "observed_flux": 1.0394729770268896e-06,
    "electron_correction": 4.92772365134897e-08,
    "electron_contaminaton": false,
    "energy": "0.1-0.8nm"
}