{
  "time_tag": "2026-06-03T22:29:00Z",
  "satellite": 18,
  "flux": 0.0000010336657396692317,
  "observed_flux": 0.000001062912701854657,
  "electron_correction": 2.924701192341672E-8,
  "electron_contaminaton": false,
  "energy": "0.1-0.8nm"
}
