{
  "time_tag": "2026-06-26T16:47:00Z",
  "satellite": 18,
  "flux": 0.0000010547346391831525,
  "observed_flux": 0.0000011217406381547335,
  "electron_correction": 6.700607713128193E-8,
  "electron_contaminaton": false,
  "energy": "0.1-0.8nm"
}
