{
  "time_tag": "2026-04-27T05:31:00Z",
  "satellite": 18,
  "flux": 0.0000013179943607610767,
  "observed_flux": 0.0000013214333876021556,
  "electron_correction": 3.4389708858384438E-9,
  "electron_contaminaton": false,
  "energy": "0.1-0.8nm"
}
