{
  "time_tag": "2026-02-09T05:51:00Z",
  "satellite": 18,
  "flux": 0.0000033244539281440666,
  "observed_flux": 0.00000333679054165259,
  "electron_correction": 1.2336779597887926E-8,
  "electron_contaminaton": false,
  "energy": "0.1-0.8nm"
}
