{
  "time_tag": "2026-03-02T05:35:00Z",
  "satellite": 18,
  "flux": 0.000001061612351804797,
  "observed_flux": 0.0000010790230362545117,
  "electron_correction": 1.741067912064409E-8,
  "electron_contaminaton": false,
  "energy": "0.1-0.8nm"
}
