{
  "time_tag": "2026-02-08T09:09:00Z",
  "satellite": 18,
  "flux": 0.0000026385341698187403,
  "observed_flux": 0.0000026674422315409174,
  "electron_correction": 2.8907999549687702E-8,
  "electron_contaminaton": false,
  "energy": "0.1-0.8nm"
}
