{
    "time_tag": "2026-06-04T20:15:00Z",
    "satellite": 18,
    "flux": 1.2734066103803343e-06,
    "observed_flux": 1.2855964541813591e-06,
    "electron_correction": 1.2189887321767401e-08,
    "electron_contaminaton": false,
    "energy": "0.1-0.8nm"
}