{
  "time_tag": "2026-05-19T00:04:00Z",
  "satellite": 18,
  "flux": 4.820956291951006E-7,
  "observed_flux": 5.309422022037324E-7,
  "electron_correction": 4.884655169234975E-8,
  "electron_contaminaton": false,
  "energy": "0.1-0.8nm"
}
