{
    "time_tag": "2026-06-21T23:49:00Z",
    "satellite": 18,
    "flux": 1.225229993906396e-06,
    "observed_flux": 1.2401237654557917e-06,
    "electron_correction": 1.4893791977499404e-08,
    "electron_contaminaton": false,
    "energy": "0.1-0.8nm"
}