{
  "time_tag": "2026-06-08T12:08:00Z",
  "satellite": 18,
  "flux": 0.0000010087379678225261,
  "observed_flux": 0.0000010229281315332628,
  "electron_correction": 1.4190169039807188E-8,
  "electron_contaminaton": false,
  "energy": "0.1-0.8nm"
}
