{
  "time_tag": "2026-04-29T13:50:00Z",
  "satellite": 18,
  "flux": 0.0000011951858596148668,
  "observed_flux": 0.0000011992215149803087,
  "electron_correction": 4.035652700906667E-9,
  "electron_contaminaton": false,
  "energy": "0.1-0.8nm"
}
