{
  "time_tag": "2026-02-10T23:44:00Z",
  "satellite": 18,
  "flux": 0.0000014808512105446425,
  "observed_flux": 0.0000014983671690060874,
  "electron_correction": 1.7515956685087986E-8,
  "electron_contaminaton": false,
  "energy": "0.1-0.8nm"
}
