{
  "time_tag": "2026-02-07T05:14:00Z",
  "satellite": 18,
  "flux": 0.0000014851705145701999,
  "observed_flux": 0.0000015069199434947222,
  "electron_correction": 2.1749398726456093E-8,
  "electron_contaminaton": false,
  "energy": "0.1-0.8nm"
}
