{
    "time_tag": "2026-04-29T16:03:00Z",
    "satellite": 18,
    "flux": 1.252973333976115e-06,
    "observed_flux": 1.259730424862937e-06,
    "electron_correction": 6.757024273440493e-09,
    "electron_contaminaton": false,
    "energy": "0.1-0.8nm"
}