{
  "time_tag": "2026-05-11T23:02:00Z",
  "satellite": 18,
  "flux": 5.699972689399146E-7,
  "observed_flux": 5.860578085048473E-7,
  "electron_correction": 1.6060534235862178E-8,
  "electron_contaminaton": false,
  "energy": "0.1-0.8nm"
}
