{
  "time_tag": "2026-02-09T18:29:00Z",
  "satellite": 18,
  "flux": 0.0000016538114095965284,
  "observed_flux": 0.000001688336510596855,
  "electron_correction": 3.45250654731899E-8,
  "electron_contaminaton": false,
  "energy": "0.1-0.8nm"
}
