{
  "time_tag": "2026-02-09T19:13:00Z",
  "satellite": 18,
  "flux": 0.000001204590830639063,
  "observed_flux": 0.0000012378322935546748,
  "electron_correction": 3.3241533969885495E-8,
  "electron_contaminaton": false,
  "energy": "0.1-0.8nm"
}
