{
  "time_tag": "2026-02-08T09:23:00Z",
  "satellite": 18,
  "flux": 0.000002462913926137844,
  "observed_flux": 0.00000249281652031641,
  "electron_correction": 2.9902746945253966E-8,
  "electron_contaminaton": false,
  "energy": "0.1-0.8nm"
}
