{
  "time_tag": "2026-06-14T10:06:00Z",
  "satellite": 18,
  "flux": 5.171255565983301E-7,
  "observed_flux": 5.326286327544949E-7,
  "electron_correction": 1.5503063721666877E-8,
  "electron_contaminaton": false,
  "energy": "0.1-0.8nm"
}
