{
  "time_tag": "2026-03-16T01:10:00Z",
  "satellite": 18,
  "flux": 3.6378327195052407E-7,
  "observed_flux": 4.1233010961150285E-7,
  "electron_correction": 4.8546823450124066E-8,
  "electron_contaminaton": false,
  "energy": "0.1-0.8nm"
}
