{
  "time_tag": "2026-01-31T07:23:00Z",
  "satellite": 18,
  "flux": 0.0000023129900910134893,
  "observed_flux": 0.0000023456691451428924,
  "electron_correction": 3.267915005267241E-8,
  "electron_contaminaton": false,
  "energy": "0.1-0.8nm"
}
