{
  "time_tag": "2026-06-25T10:16:00Z",
  "satellite": 18,
  "flux": 0.0000010471543419043883,
  "observed_flux": 0.000001055644702319114,
  "electron_correction": 8.49035508565521E-9,
  "electron_contaminaton": false,
  "energy": "0.1-0.8nm"
}
