{
  "time_tag": "2026-03-16T11:03:00Z",
  "satellite": 18,
  "flux": 3.669459260891017E-7,
  "observed_flux": 3.872649472214107E-7,
  "electron_correction": 2.0319001592383756E-8,
  "electron_contaminaton": false,
  "energy": "0.1-0.8nm"
}
