{
  "time_tag": "2025-12-23T03:40:00Z",
  "satellite": 18,
  "flux": 9.02702197436156E-7,
  "observed_flux": 9.341065378976054E-7,
  "electron_correction": 3.140438309401361E-8,
  "electron_contaminaton": false,
  "energy": "0.1-0.8nm"
}
