{
  "time_tag": "2026-03-11T19:16:00Z",
  "satellite": 18,
  "flux": 7.018782071099849E-7,
  "observed_flux": 7.579812972835498E-7,
  "electron_correction": 5.6103111489846924E-8,
  "electron_contaminaton": false,
  "energy": "0.1-0.8nm"
}
