{
  "time_tag": "2026-02-26T20:14:00Z",
  "satellite": 18,
  "flux": 8.994642826110066E-7,
  "observed_flux": 9.771978284334182E-7,
  "electron_correction": 7.77335031898474E-8,
  "electron_contaminaton": false,
  "energy": "0.1-0.8nm"
}
