{
  "time_tag": "2026-02-14T23:01:00Z",
  "satellite": 18,
  "flux": 5.764594561696867E-7,
  "observed_flux": 5.97730718254752E-7,
  "electron_correction": 2.1271269190492603E-8,
  "electron_contaminaton": false,
  "energy": "0.1-0.8nm"
}
