{
  "time_tag": "2026-01-24T15:18:00Z",
  "satellite": 18,
  "flux": 0.000001882797960206517,
  "observed_flux": 0.000001926204049595981,
  "electron_correction": 4.3405943728203056E-8,
  "electron_contaminaton": false,
  "energy": "0.1-0.8nm"
}
