{
  "time_tag": "2026-03-15T17:39:00Z",
  "satellite": 18,
  "flux": 4.7681410819677694E-7,
  "observed_flux": 5.560896738643351E-7,
  "electron_correction": 7.927557277298547E-8,
  "electron_contaminaton": false,
  "energy": "0.1-0.8nm"
}
