{
  "time_tag": "2026-01-23T06:20:00Z",
  "satellite": 18,
  "flux": 0.0000022198296392161865,
  "observed_flux": 0.0000022285278191702673,
  "electron_correction": 8.698148867836153E-9,
  "electron_contaminaton": false,
  "energy": "0.1-0.8nm"
}
