{
  "time_tag": "2026-05-21T11:49:00Z",
  "satellite": 18,
  "flux": 6.233861995497136E-7,
  "observed_flux": 6.46467753995239E-7,
  "electron_correction": 2.308155266916856E-8,
  "electron_contaminaton": false,
  "energy": "0.1-0.8nm"
}
