{
    "time_tag": "2026-06-15T02:21:00Z",
    "satellite": 18,
    "flux": 1.0752789876278257e-06,
    "observed_flux": 1.111619894800242e-06,
    "electron_correction": 3.6340942699553125e-08,
    "electron_contaminaton": false,
    "energy": "0.1-0.8nm"
}