{
  "time_tag": "2026-05-07T06:33:00Z",
  "satellite": 18,
  "flux": 7.433384894284245E-7,
  "observed_flux": 7.646706876585085E-7,
  "electron_correction": 2.1332210664581908E-8,
  "electron_contaminaton": false,
  "energy": "0.1-0.8nm"
}
