{
    "time_tag": "2026-04-27T10:43:00Z",
    "satellite": 18,
    "flux": 1.414290181855904e-06,
    "observed_flux": 1.41751229421061e-06,
    "electron_correction": 3.2221985080127524e-09,
    "electron_contaminaton": false,
    "energy": "0.1-0.8nm"
}