{
  "time_tag": "2026-05-06T22:11:00Z",
  "satellite": 18,
  "flux": 5.504672344613937E-7,
  "observed_flux": 5.988364932818513E-7,
  "electron_correction": 4.836925882045762E-8,
  "electron_contaminaton": false,
  "energy": "0.1-0.8nm"
}
