{
    "time_tag": "2026-06-28T12:05:00Z",
    "satellite": 18,
    "flux": 1.8567385495771305e-06,
    "observed_flux": 1.888882025014027e-06,
    "electron_correction": 3.214354649117013e-08,
    "electron_contaminaton": false,
    "energy": "0.1-0.8nm"
}