{
  "time_tag": "2026-06-28T22:33:00Z",
  "satellite": 18,
  "flux": 0.000002430406766507076,
  "observed_flux": 0.000002470905656082323,
  "electron_correction": 4.0498765230267963E-8,
  "electron_contaminaton": false,
  "energy": "0.1-0.8nm"
}
