{
  "time_tag": "2026-02-14T08:39:00Z",
  "satellite": 18,
  "flux": 6.356094672810286E-7,
  "observed_flux": 6.51676657525968E-7,
  "electron_correction": 1.6067152941445784E-8,
  "electron_contaminaton": false,
  "energy": "0.1-0.8nm"
}
