{
  "time_tag": "2026-03-23T11:03:00Z",
  "satellite": 18,
  "flux": 0.0000011688227914419258,
  "observed_flux": 0.0000011948581004617154,
  "electron_correction": 2.603529658529169E-8,
  "electron_contaminaton": false,
  "energy": "0.1-0.8nm"
}
