{
  "time_tag": "2026-04-27T08:33:00Z",
  "satellite": 18,
  "flux": 0.0000013295972394189448,
  "observed_flux": 0.0000013326656471690512,
  "electron_correction": 3.0683751095494927E-9,
  "electron_contaminaton": false,
  "energy": "0.1-0.8nm"
}
