{
  "time_tag": "2026-03-29T23:41:00Z",
  "satellite": 18,
  "flux": 9.011506563183502E-7,
  "observed_flux": 9.140326824308431E-7,
  "electron_correction": 1.2882020783422377E-8,
  "electron_contaminaton": false,
  "energy": "0.1-0.8nm"
}
