{
  "time_tag": "2026-02-06T17:29:00Z",
  "satellite": 18,
  "flux": 0.0000015855786159590934,
  "observed_flux": 0.0000016616647826595,
  "electron_correction": 7.608615248955175E-8,
  "electron_contaminaton": false,
  "energy": "0.1-0.8nm"
}
