{
  "time_tag": "2026-05-25T19:27:00Z",
  "satellite": 18,
  "flux": 0.0000012552541193144862,
  "observed_flux": 0.0000012636302244573017,
  "electron_correction": 8.376020765865633E-9,
  "electron_contaminaton": false,
  "energy": "0.1-0.8nm"
}
