{
  "time_tag": "2026-05-12T02:57:00Z",
  "satellite": 18,
  "flux": 5.401994371823093E-7,
  "observed_flux": 5.539322955883108E-7,
  "electron_correction": 1.3732865511428827E-8,
  "electron_contaminaton": false,
  "energy": "0.1-0.8nm"
}
