{
  "time_tag": "2026-03-14T08:43:00Z",
  "satellite": 18,
  "flux": 1.3164016365863063E-7,
  "observed_flux": 1.3434771517495392E-7,
  "electron_correction": 2.7075484076988232E-9,
  "electron_contaminaton": false,
  "energy": "0.1-0.8nm"
}
