{
  "time_tag": "2026-03-03T15:44:00Z",
  "satellite": 18,
  "flux": 6.998543540248647E-7,
  "observed_flux": 7.115431230886315E-7,
  "electron_correction": 1.1688740642057383E-8,
  "electron_contaminaton": false,
  "energy": "0.1-0.8nm"
}
