{
    "time_tag": "2026-06-11T19:13:00Z",
    "satellite": 18,
    "flux": 6.374091867655807e-07,
    "observed_flux": 6.608650551243045e-07,
    "electron_correction": 2.3455875464151177e-08,
    "electron_contaminaton": false,
    "energy": "0.1-0.8nm"
}