{
  "time_tag": "2026-02-11T21:21:00Z",
  "satellite": 18,
  "flux": 0.0000010572175597189926,
  "observed_flux": 0.0000011063337979067,
  "electron_correction": 4.911623108228014E-8,
  "electron_contaminaton": false,
  "energy": "0.1-0.8nm"
}
