{
  "time_tag": "2026-03-20T19:40:00Z",
  "satellite": 18,
  "flux": 3.7164997479521844E-7,
  "observed_flux": 3.830359105450043E-7,
  "electron_correction": 1.138596150696003E-8,
  "electron_contaminaton": false,
  "energy": "0.1-0.8nm"
}
