{
  "time_tag": "2025-12-20T18:19:00Z",
  "satellite": 18,
  "flux": 7.347111363742442E-7,
  "observed_flux": 7.780867008477799E-7,
  "electron_correction": 4.337556447353563E-8,
  "electron_contaminaton": false,
  "energy": "0.1-0.8nm"
}
