{
  "time_tag": "2026-06-13T05:24:00Z",
  "satellite": 18,
  "flux": 5.41613815130404E-7,
  "observed_flux": 5.583236770689837E-7,
  "electron_correction": 1.6709833516870276E-8,
  "electron_contaminaton": false,
  "energy": "0.1-0.8nm"
}
