{
  "time_tag": "2026-03-08T03:33:00Z",
  "satellite": 18,
  "flux": 8.018720905056398E-7,
  "observed_flux": 8.123568591145158E-7,
  "electron_correction": 1.048479525422863E-8,
  "electron_contaminaton": false,
  "energy": "0.1-0.8nm"
}
