{
  "time_tag": "2026-03-07T11:02:00Z",
  "satellite": 18,
  "flux": 6.334918225547881E-7,
  "observed_flux": 6.336314299915102E-7,
  "electron_correction": 1.3962898892661002E-10,
  "electron_contaminaton": false,
  "energy": "0.1-0.8nm"
}
