{
  "time_tag": "2026-03-20T04:38:00Z",
  "satellite": 18,
  "flux": 2.8699238896479073E-7,
  "observed_flux": 2.937057388407993E-7,
  "electron_correction": 6.713342326492011E-9,
  "electron_contaminaton": false,
  "energy": "0.1-0.8nm"
}
