{
  "time_tag": "2026-01-03T06:20:00Z",
  "satellite": 18,
  "flux": 0.000002343792402825784,
  "observed_flux": 0.000002357201537961373,
  "electron_correction": 1.3409181320866992E-8,
  "electron_contaminaton": false,
  "energy": "0.1-0.8nm"
}
