{
    "time_tag": "2026-06-15T01:25:00Z",
    "satellite": 18,
    "flux": 5.453658786791493e-07,
    "observed_flux": 5.891936893931415e-07,
    "electron_correction": 4.382777873956911e-08,
    "electron_contaminaton": false,
    "energy": "0.1-0.8nm"
}