{
  "time_tag": "2026-02-12T22:23:00Z",
  "satellite": 18,
  "flux": 4.506147490701551E-7,
  "observed_flux": 4.859185764871654E-7,
  "electron_correction": 3.530384518057872E-8,
  "electron_contaminaton": false,
  "energy": "0.1-0.8nm"
}
