{
    "time_tag": "2026-04-23T23:26:00Z",
    "satellite": 18,
    "flux": 1.8708726656768704e-06,
    "observed_flux": 1.9099531982647022e-06,
    "electron_correction": 3.9080546798686555e-08,
    "electron_contaminaton": false,
    "energy": "0.1-0.8nm"
}