{
  "time_tag": "2025-12-20T01:47:00Z",
  "satellite": 18,
  "flux": 5.799225277769438E-7,
  "observed_flux": 6.160400403132371E-7,
  "electron_correction": 3.611754451071647E-8,
  "electron_contaminaton": false,
  "energy": "0.1-0.8nm"
}
