{
  "time_tag": "2026-01-07T07:19:00Z",
  "satellite": 18,
  "flux": 9.238093525709701E-7,
  "observed_flux": 9.390316222379624E-7,
  "electron_correction": 1.5222276772419718E-8,
  "electron_contaminaton": false,
  "energy": "0.1-0.8nm"
}
