{
  "time_tag": "2026-02-27T17:45:00Z",
  "satellite": 18,
  "flux": 9.240583835889993E-7,
  "observed_flux": 9.638717983762035E-7,
  "electron_correction": 3.981342899805895E-8,
  "electron_contaminaton": false,
  "energy": "0.1-0.8nm"
}
