{
  "time_tag": "2026-02-13T14:41:00Z",
  "satellite": 18,
  "flux": 5.501353257386654E-7,
  "observed_flux": 5.702514727090602E-7,
  "electron_correction": 2.0116091903332745E-8,
  "electron_contaminaton": false,
  "energy": "0.1-0.8nm"
}
