{
  "time_tag": "2026-03-22T21:22:00Z",
  "satellite": 18,
  "flux": 8.600566729910497E-7,
  "observed_flux": 8.922093002183829E-7,
  "electron_correction": 3.2152648543615214E-8,
  "electron_contaminaton": false,
  "energy": "0.1-0.8nm"
}
