{
  "time_tag": "2026-02-28T05:56:00Z",
  "satellite": 18,
  "flux": 0.0000013461902881317656,
  "observed_flux": 0.0000013681841437573894,
  "electron_correction": 2.1993919574470056E-8,
  "electron_contaminaton": false,
  "energy": "0.1-0.8nm"
}
