{
  "time_tag": "2026-01-21T21:20:00Z",
  "satellite": 18,
  "flux": 0.0000015781567981321132,
  "observed_flux": 0.0000017005579593387665,
  "electron_correction": 1.224011185740892E-7,
  "electron_contaminaton": false,
  "energy": "0.1-0.8nm"
}
