{
  "time_tag": "2026-05-27T22:55:00Z",
  "satellite": 19,
  "flux": 7.858256481085846E-7,
  "observed_flux": 8.151171755343967E-7,
  "electron_correction": 2.9291554071164683E-8,
  "electron_contaminaton": false,
  "energy": "0.1-0.8nm"
}
