{
    "time_tag": "2026-04-23T13:45:00Z",
    "satellite": 18,
    "flux": 1.1740698937501293e-06,
    "observed_flux": 1.2018055031148833e-06,
    "electron_correction": 2.7735598706613018e-08,
    "electron_contaminaton": false,
    "energy": "0.1-0.8nm"
}