{
  "time_tag": "2026-03-22T15:37:00Z",
  "satellite": 18,
  "flux": 5.64982201467501E-7,
  "observed_flux": 5.718841293855803E-7,
  "electron_correction": 6.901930582614568E-9,
  "electron_contaminaton": false,
  "energy": "0.1-0.8nm"
}
