{
  "time_tag": "2026-02-27T13:05:00Z",
  "satellite": 18,
  "flux": 0.0000015544353573204717,
  "observed_flux": 0.0000016046810742409434,
  "electron_correction": 5.0245734684040144E-8,
  "electron_contaminaton": false,
  "energy": "0.1-0.8nm"
}
