{
  "time_tag": "2026-05-13T00:02:00Z",
  "satellite": 18,
  "flux": 7.539012472079776E-7,
  "observed_flux": 7.669253818676225E-7,
  "electron_correction": 1.3024152423213309E-8,
  "electron_contaminaton": false,
  "energy": "0.1-0.8nm"
}
