{
  "time_tag": "2026-02-27T03:33:00Z",
  "satellite": 18,
  "flux": 0.0000010011664244302665,
  "observed_flux": 0.0000010467618949405733,
  "electron_correction": 4.559543853588366E-8,
  "electron_contaminaton": false,
  "energy": "0.1-0.8nm"
}
