{
    "time_tag": "2026-05-04T11:07:00Z",
    "satellite": 18,
    "flux": 9.383528549733455e-07,
    "observed_flux": 9.44823057125177e-07,
    "electron_correction": 6.470197710939374e-09,
    "electron_contaminaton": false,
    "energy": "0.1-0.8nm"
}