{
  "time_tag": "2026-03-16T23:50:00Z",
  "satellite": 18,
  "flux": 4.188107709524047E-7,
  "observed_flux": 4.638550876734371E-7,
  "electron_correction": 4.5044316721032374E-8,
  "electron_contaminaton": false,
  "energy": "0.1-0.8nm"
}
