{
    "time_tag": "2026-05-20T23:50:00Z",
    "satellite": 18,
    "flux": 8.477542792206805e-07,
    "observed_flux": 9.015965360958944e-07,
    "electron_correction": 5.384230661320544e-08,
    "electron_contaminaton": false,
    "energy": "0.1-0.8nm"
}