{
  "time_tag": "2026-06-08T17:40:00Z",
  "satellite": 18,
  "flux": 0.000001060107479133876,
  "observed_flux": 0.0000010955272955470718,
  "electron_correction": 3.54198341767642E-8,
  "electron_contaminaton": false,
  "energy": "0.1-0.8nm"
}
