{
    "time_tag": "2026-05-27T14:35:00Z",
    "satellite": 18,
    "flux": 9.141231203102507e-07,
    "observed_flux": 9.242514806828694e-07,
    "electron_correction": 1.01283390563367e-08,
    "electron_contaminaton": false,
    "energy": "0.1-0.8nm"
}