{
  "time_tag": "2026-06-20T19:30:00Z",
  "satellite": 18,
  "flux": 5.148142463440308E-7,
  "observed_flux": 5.401548150985036E-7,
  "electron_correction": 2.5340545661833858E-8,
  "electron_contaminaton": false,
  "energy": "0.1-0.8nm"
}
