{
  "time_tag": "2026-05-24T19:39:00Z",
  "satellite": 18,
  "flux": 0.000001077632759916014,
  "observed_flux": 0.0000011003683084709337,
  "electron_correction": 2.2735600069268003E-8,
  "electron_contaminaton": false,
  "energy": "0.1-0.8nm"
}
