{
  "time_tag": "2026-03-29T13:21:00Z",
  "satellite": 18,
  "flux": 0.0000010146476370209712,
  "observed_flux": 0.0000010304247552994639,
  "electron_correction": 1.5777104067637993E-8,
  "electron_contaminaton": false,
  "energy": "0.1-0.8nm"
}
