{
  "time_tag": "2026-05-26T23:08:00Z",
  "satellite": 18,
  "flux": 9.9675526143983E-7,
  "observed_flux": 0.0000010031104693553061,
  "electron_correction": 6.3552971774072375E-9,
  "electron_contaminaton": false,
  "energy": "0.1-0.8nm"
}
