{
  "time_tag": "2026-01-22T22:19:00Z",
  "satellite": 18,
  "flux": 0.0000015426486470460077,
  "observed_flux": 0.0000016197417380681145,
  "electron_correction": 7.709305549497003E-8,
  "electron_contaminaton": false,
  "energy": "0.1-0.8nm"
}
