{
  "time_tag": "2026-02-28T23:47:00Z",
  "satellite": 18,
  "flux": 0.0000010982942058035405,
  "observed_flux": 0.0000011520099860717892,
  "electron_correction": 5.371570566126138E-8,
  "electron_contaminaton": false,
  "energy": "0.1-0.8nm"
}
