{
  "time_tag": "2026-01-21T01:48:00Z",
  "satellite": 18,
  "flux": 0.000009929230145644397,
  "observed_flux": 0.000009961428986571264,
  "electron_correction": 3.219904343154667E-8,
  "electron_contaminaton": false,
  "energy": "0.1-0.8nm"
}
