{
  "time_tag": "2026-03-25T23:44:00Z",
  "satellite": 18,
  "flux": 0.0000016754424905229826,
  "observed_flux": 0.0000017221093457919778,
  "electron_correction": 4.6666837505426884E-8,
  "electron_contaminaton": false,
  "energy": "0.1-0.8nm"
}
