{
  "time_tag": "2026-03-04T05:24:00Z",
  "satellite": 18,
  "flux": 5.782928269582044E-7,
  "observed_flux": 5.813774350826861E-7,
  "electron_correction": 3.0845981324745253E-9,
  "electron_contaminaton": false,
  "energy": "0.1-0.8nm"
}
