{
  "time_tag": "2026-03-30T13:07:00Z",
  "satellite": 18,
  "flux": 0.0000023149857497628545,
  "observed_flux": 0.000002317769940418657,
  "electron_correction": 2.784077413053865E-9,
  "electron_contaminaton": false,
  "energy": "0.1-0.8nm"
}
