{
    "time_tag": "2026-04-27T11:23:00Z",
    "satellite": 18,
    "flux": 7.605994483128597e-07,
    "observed_flux": 7.654195428585808e-07,
    "electron_correction": 4.820106536129742e-09,
    "electron_contaminaton": false,
    "energy": "0.1-0.8nm"
}