{
  "time_tag": "2026-03-27T06:39:00Z",
  "satellite": 18,
  "flux": 0.00000132707214106631,
  "observed_flux": 0.0000013576610626842012,
  "electron_correction": 3.05889003016091E-8,
  "electron_contaminaton": false,
  "energy": "0.1-0.8nm"
}
