{
  "time_tag": "2025-12-04T01:51:00Z",
  "satellite": 18,
  "flux": 0.000001945517169588129,
  "observed_flux": 0.0000019471451651043026,
  "electron_correction": 1.6279174674949104E-9,
  "electron_contaminaton": false,
  "energy": "0.1-0.8nm"
}
