{
  "time_tag": "2026-01-06T06:20:00Z",
  "satellite": 18,
  "flux": 0.0000012983504120711586,
  "observed_flux": 0.0000013287136653161724,
  "electron_correction": 3.0363288772150554E-8,
  "electron_contaminaton": false,
  "energy": "0.1-0.8nm"
}
