{
  "time_tag": "2026-02-24T07:58:00Z",
  "satellite": 18,
  "flux": 8.821375558909494E-7,
  "observed_flux": 8.918278808778268E-7,
  "electron_correction": 9.690324986877386E-9,
  "electron_contaminaton": false,
  "energy": "0.1-0.8nm"
}
