{
  "time_tag": "2026-03-04T17:13:00Z",
  "satellite": 18,
  "flux": 5.431433578451106E-7,
  "observed_flux": 5.685105293196102E-7,
  "electron_correction": 2.5367173250856467E-8,
  "electron_contaminaton": false,
  "energy": "0.1-0.8nm"
}
