{
  "time_tag": "2025-12-23T12:19:00Z",
  "satellite": 18,
  "flux": 7.952007194944599E-7,
  "observed_flux": 8.134891231748043E-7,
  "electron_correction": 1.8288377034991754E-8,
  "electron_contaminaton": false,
  "energy": "0.1-0.8nm"
}
