{
  "time_tag": "2025-12-13T21:18:00Z",
  "satellite": 18,
  "flux": 6.617644885409391E-7,
  "observed_flux": 6.943993753338873E-7,
  "electron_correction": 3.263490455651663E-8,
  "electron_contaminaton": false,
  "energy": "0.1-0.8nm"
}
