{
  "time_tag": "2026-02-21T21:03:00Z",
  "satellite": 18,
  "flux": 3.646006803137425E-7,
  "observed_flux": 3.9163708720479917E-7,
  "electron_correction": 2.7036413996484043E-8,
  "electron_contaminaton": false,
  "energy": "0.1-0.8nm"
}
