{
  "time_tag": "2026-03-12T16:22:00Z",
  "satellite": 18,
  "flux": 9.064363553079602E-7,
  "observed_flux": 9.34304807742592E-7,
  "electron_correction": 2.7868408025710778E-8,
  "electron_contaminaton": false,
  "energy": "0.1-0.8nm"
}
