{
  "time_tag": "2025-12-28T12:20:00Z",
  "satellite": 18,
  "flux": 0.0000022820051981398137,
  "observed_flux": 0.0000023013330974208657,
  "electron_correction": 1.9328057376810648E-8,
  "electron_contaminaton": false,
  "energy": "0.1-0.8nm"
}
