{
    "time_tag": "2026-04-29T07:54:00Z",
    "satellite": 18,
    "flux": 9.97798679236439e-07,
    "observed_flux": 9.992262448577094e-07,
    "electron_correction": 1.4275794990581403e-09,
    "electron_contaminaton": false,
    "energy": "0.1-0.8nm"
}