{
  "time_tag": "2026-06-08T23:21:00Z",
  "satellite": 18,
  "flux": 9.816543524721055E-7,
  "observed_flux": 0.0000010316472298654844,
  "electron_correction": 4.99929235786567E-8,
  "electron_contaminaton": false,
  "energy": "0.1-0.8nm"
}
