{
    "time_tag": "2026-06-26T06:24:00Z",
    "satellite": 18,
    "flux": 1.2413538570399396e-06,
    "observed_flux": 1.2618795608432265e-06,
    "electron_correction": 2.052575354127839e-08,
    "electron_contaminaton": false,
    "energy": "0.1-0.8nm"
}