{
    "time_tag": "2026-06-28T20:09:00Z",
    "satellite": 18,
    "flux": 1.6173811445696629e-06,
    "observed_flux": 1.6612571016594302e-06,
    "electron_correction": 4.387587893006639e-08,
    "electron_contaminaton": false,
    "energy": "0.1-0.8nm"
}