{
  "time_tag": "2026-06-14T19:07:00Z",
  "satellite": 18,
  "flux": 4.924856398247357E-7,
  "observed_flux": 5.449185209727148E-7,
  "electron_correction": 5.243291312240217E-8,
  "electron_contaminaton": false,
  "energy": "0.1-0.8nm"
}
