{
    "time_tag": "2026-04-27T21:03:00Z",
    "satellite": 18,
    "flux": 1.0111093615705613e-06,
    "observed_flux": 1.023353547680017e-06,
    "electron_correction": 1.2244245617409888e-08,
    "electron_contaminaton": false,
    "energy": "0.1-0.8nm"
}