{
    "time_tag": "2026-05-14T21:48:00Z",
    "satellite": 18,
    "flux": 6.58358203509124e-07,
    "observed_flux": 6.799654670430755e-07,
    "electron_correction": 2.1607275968449358e-08,
    "electron_contaminaton": false,
    "energy": "0.1-0.8nm"
}