{
  "time_tag": "2026-06-15T20:56:00Z",
  "satellite": 18,
  "flux": 6.088077384447388E-7,
  "observed_flux": 6.573383188879234E-7,
  "electron_correction": 4.853060531218034E-8,
  "electron_contaminaton": false,
  "energy": "0.1-0.8nm"
}
