{
  "time_tag": "2026-02-05T05:34:00Z",
  "satellite": 18,
  "flux": 0.000009526547728455625,
  "observed_flux": 0.000009527229849481955,
  "electron_correction": 6.823983045300963E-10,
  "electron_contaminaton": false,
  "energy": "0.1-0.8nm"
}
