{
  "time_tag": "2026-02-11T19:32:00Z",
  "satellite": 18,
  "flux": 0.0000011884900459335768,
  "observed_flux": 0.0000012600382888194872,
  "electron_correction": 7.154827841304723E-8,
  "electron_contaminaton": false,
  "energy": "0.1-0.8nm"
}
