{
    "time_tag": "2026-05-14T05:04:00Z",
    "satellite": 18,
    "flux": 6.059929091861704e-07,
    "observed_flux": 6.079392846913834e-07,
    "electron_correction": 1.946376171346742e-09,
    "electron_contaminaton": false,
    "energy": "0.1-0.8nm"
}