{
  "time_tag": "2026-01-30T04:47:00Z",
  "satellite": 18,
  "flux": 7.716569712101773E-7,
  "observed_flux": 8.27866301733593E-7,
  "electron_correction": 5.620930920713363E-8,
  "electron_contaminaton": false,
  "energy": "0.1-0.8nm"
}
