{
  "time_tag": "2026-02-28T21:02:00Z",
  "satellite": 18,
  "flux": 9.936678679878241E-7,
  "observed_flux": 0.0000010499036307010101,
  "electron_correction": 5.6235769818613335E-8,
  "electron_contaminaton": false,
  "energy": "0.1-0.8nm"
}
