{
    "time_tag": "2026-04-23T05:55:00Z",
    "satellite": 18,
    "flux": 2.2897113467479357e-06,
    "observed_flux": 2.3060990770318313e-06,
    "electron_correction": 1.6387740942036544e-08,
    "electron_contaminaton": false,
    "energy": "0.1-0.8nm"
}