{
  "time_tag": "2026-04-29T16:46:00Z",
  "satellite": 18,
  "flux": 0.0000012478578810259933,
  "observed_flux": 0.000001254089852409379,
  "electron_correction": 6.231934968070618E-9,
  "electron_contaminaton": false,
  "energy": "0.1-0.8nm"
}
