{
    "time_tag": "2026-04-24T01:02:00Z",
    "satellite": 18,
    "flux": 6.903018402226735e-06,
    "observed_flux": 6.9368129516078625e-06,
    "electron_correction": 3.3794535170272866e-08,
    "electron_contaminaton": false,
    "energy": "0.1-0.8nm"
}