{
    "time_tag": "2026-04-24T12:34:00Z",
    "satellite": 18,
    "flux": 3.2074358387035318e-06,
    "observed_flux": 3.2303858006343944e-06,
    "electron_correction": 2.2949819822315476e-08,
    "electron_contaminaton": false,
    "energy": "0.1-0.8nm"
}