{
    "time_tag": "2026-06-14T08:23:00Z",
    "satellite": 18,
    "flux": 5.310072879183281e-07,
    "observed_flux": 5.476727551467775e-07,
    "electron_correction": 1.6665497426515685e-08,
    "electron_contaminaton": false,
    "energy": "0.1-0.8nm"
}