{
  "time_tag": "2026-03-14T07:13:00Z",
  "satellite": 18,
  "flux": 8.549686754122376E-7,
  "observed_flux": 8.5499999613603E-7,
  "electron_correction": 3.130450065835788E-11,
  "electron_contaminaton": false,
  "energy": "0.1-0.8nm"
}
