{
  "time_tag": "2026-03-18T07:21:00Z",
  "satellite": 18,
  "flux": 8.216114224524063E-7,
  "observed_flux": 8.320356528201955E-7,
  "electron_correction": 1.0424189511581972E-8,
  "electron_contaminaton": false,
  "energy": "0.1-0.8nm"
}
