{
  "time_tag": "2026-02-08T07:00:00Z",
  "satellite": 18,
  "flux": 0.000003976420885010157,
  "observed_flux": 0.000004005193659395445,
  "electron_correction": 2.877282412327986E-8,
  "electron_contaminaton": false,
  "energy": "0.1-0.8nm"
}
