{
  "time_tag": "2026-02-28T09:48:00Z",
  "satellite": 18,
  "flux": 0.000001092258116841549,
  "observed_flux": 0.0000011137950650663697,
  "electron_correction": 2.1537005068239523E-8,
  "electron_contaminaton": false,
  "energy": "0.1-0.8nm"
}
