{
  "time_tag": "2026-02-26T01:31:00Z",
  "satellite": 18,
  "flux": 0.0000012279764405320748,
  "observed_flux": 0.000001287034820052213,
  "electron_correction": 5.905843281084344E-8,
  "electron_contaminaton": false,
  "energy": "0.1-0.8nm"
}
