{
    "time_tag": "2026-05-04T00:04:00Z",
    "satellite": 18,
    "flux": 8.573526883992599e-07,
    "observed_flux": 8.941542546381243e-07,
    "electron_correction": 3.680158044971904e-08,
    "electron_contaminaton": false,
    "energy": "0.1-0.8nm"
}