{
  "time_tag": "2026-02-13T11:38:00Z",
  "satellite": 18,
  "flux": 6.997324248914083E-7,
  "observed_flux": 7.133714348128706E-7,
  "electron_correction": 1.3639017026889633E-8,
  "electron_contaminaton": false,
  "energy": "0.1-0.8nm"
}
