{
  "time_tag": "2026-03-12T06:32:00Z",
  "satellite": 18,
  "flux": 6.353847652462719E-7,
  "observed_flux": 6.576563578164496E-7,
  "electron_correction": 2.2271569477538833E-8,
  "electron_contaminaton": false,
  "energy": "0.1-0.8nm"
}
