{
  "time_tag": "2025-12-30T12:20:00Z",
  "satellite": 18,
  "flux": 0.000001783677248567983,
  "observed_flux": 0.0000018004432149609784,
  "electron_correction": 1.676601257827315E-8,
  "electron_contaminaton": false,
  "energy": "0.1-0.8nm"
}
