{
    "time_tag": "2026-06-23T08:40:00Z",
    "satellite": 18,
    "flux": 9.772076055014622e-07,
    "observed_flux": 9.800972975426703e-07,
    "electron_correction": 2.8896882664497525e-09,
    "electron_contaminaton": false,
    "energy": "0.1-0.8nm"
}