{
  "time_tag": "2026-04-18T19:26:00Z",
  "satellite": 18,
  "flux": 3.1012572776489833E-7,
  "observed_flux": 3.5568527323448507E-7,
  "electron_correction": 4.55595348114457E-8,
  "electron_contaminaton": false,
  "energy": "0.1-0.8nm"
}
