{
  "time_tag": "2026-03-10T10:58:00Z",
  "satellite": 18,
  "flux": 0.0000019244125724071637,
  "observed_flux": 0.0000019249157503509196,
  "electron_correction": 5.031245975395393E-10,
  "electron_contaminaton": false,
  "energy": "0.1-0.8nm"
}
