{
    "time_tag": "2026-06-30T04:47:00Z",
    "satellite": 18,
    "flux": 1.7304527091255295e-06,
    "observed_flux": 1.7520961819172953e-06,
    "electron_correction": 2.1643511871616283e-08,
    "electron_contaminaton": false,
    "energy": "0.1-0.8nm"
}