{
  "time_tag": "2026-04-18T15:56:00Z",
  "satellite": 18,
  "flux": 3.9742133139952784E-7,
  "observed_flux": 4.270690681096312E-7,
  "electron_correction": 2.9647733157389666E-8,
  "electron_contaminaton": false,
  "energy": "0.1-0.8nm"
}
