{
  "time_tag": "2025-12-31T18:19:00Z",
  "satellite": 18,
  "flux": 0.0000020287450297473697,
  "observed_flux": 0.0000020339830371085554,
  "electron_correction": 5.237903444310632E-9,
  "electron_contaminaton": false,
  "energy": "0.1-0.8nm"
}
