{
  "time_tag": "2026-05-21T09:21:00Z",
  "satellite": 18,
  "flux": 6.76813783684338E-7,
  "observed_flux": 6.972541086724959E-7,
  "electron_correction": 2.044030544823272E-8,
  "electron_contaminaton": false,
  "energy": "0.1-0.8nm"
}
