{
    "time_tag": "2026-06-05T22:12:00Z",
    "satellite": 18,
    "flux": 1.1568650961635285e-06,
    "observed_flux": 1.179053924715845e-06,
    "electron_correction": 2.218888006666475e-08,
    "electron_contaminaton": false,
    "energy": "0.1-0.8nm"
}