{
    "time_tag": "2026-05-21T01:21:00Z",
    "satellite": 18,
    "flux": 6.768263460799062e-07,
    "observed_flux": 7.154686159083212e-07,
    "electron_correction": 3.864226982841501e-08,
    "electron_contaminaton": false,
    "energy": "0.1-0.8nm"
}