{
  "time_tag": "2026-02-23T19:36:00Z",
  "satellite": 18,
  "flux": 4.4074585048292647E-7,
  "observed_flux": 5.277813670545584E-7,
  "electron_correction": 8.703555209876868E-8,
  "electron_contaminaton": false,
  "energy": "0.1-0.8nm"
}
