{
    "time_tag": "2026-06-14T20:35:00Z",
    "satellite": 18,
    "flux": 6.226645723472757e-07,
    "observed_flux": 6.692659439977433e-07,
    "electron_correction": 4.6601403624890736e-08,
    "electron_contaminaton": false,
    "energy": "0.1-0.8nm"
}