{
  "time_tag": "2026-04-26T03:53:00Z",
  "satellite": 18,
  "flux": 0.0000018188680996900075,
  "observed_flux": 0.0000018198188627138734,
  "electron_correction": 9.507153952981184E-10,
  "electron_contaminaton": false,
  "energy": "0.1-0.8nm"
}
