{
  "time_tag": "2026-03-03T18:14:00Z",
  "satellite": 18,
  "flux": 6.906345788593171E-7,
  "observed_flux": 7.062077429509372E-7,
  "electron_correction": 1.557315520983593E-8,
  "electron_contaminaton": false,
  "energy": "0.1-0.8nm"
}
