{
  "time_tag": "2026-01-13T14:19:00Z",
  "satellite": 18,
  "flux": 8.952578696153068E-7,
  "observed_flux": 9.452930385123182E-7,
  "electron_correction": 5.003516889701132E-8,
  "electron_contaminaton": false,
  "energy": "0.1-0.8nm"
}
