{
  "time_tag": "2026-01-13T15:20:00Z",
  "satellite": 18,
  "flux": 8.342619821632979E-7,
  "observed_flux": 8.879114830051549E-7,
  "electron_correction": 5.364951149999797E-8,
  "electron_contaminaton": false,
  "energy": "0.1-0.8nm"
}
