{
    "time_tag": "2026-06-27T16:39:00Z",
    "satellite": 18,
    "flux": 1.304322836404026e-06,
    "observed_flux": 1.352384856545541e-06,
    "electron_correction": 4.806204856322438e-08,
    "electron_contaminaton": false,
    "energy": "0.1-0.8nm"
}