{
  "time_tag": "2026-02-28T07:21:00Z",
  "satellite": 18,
  "flux": 0.0000011582287697819993,
  "observed_flux": 0.0000011751789088521036,
  "electron_correction": 1.695011775382227E-8,
  "electron_contaminaton": false,
  "energy": "0.1-0.8nm"
}
