{
  "time_tag": "2026-05-13T21:41:00Z",
  "satellite": 18,
  "flux": 5.173654358259228E-7,
  "observed_flux": 5.266171569928702E-7,
  "electron_correction": 9.251719390590551E-9,
  "electron_contaminaton": false,
  "energy": "0.1-0.8nm"
}
