{
  "time_tag": "2026-02-08T15:47:00Z",
  "satellite": 18,
  "flux": 0.000003180342446285067,
  "observed_flux": 0.00000322424307341862,
  "electron_correction": 4.390070884596753E-8,
  "electron_contaminaton": false,
  "energy": "0.1-0.8nm"
}
