{
  "time_tag": "2026-03-04T15:55:00Z",
  "satellite": 18,
  "flux": 5.992946512378694E-7,
  "observed_flux": 6.190101657921332E-7,
  "electron_correction": 1.971551455426379E-8,
  "electron_contaminaton": false,
  "energy": "0.1-0.8nm"
}
