{
  "time_tag": "2026-03-03T13:48:00Z",
  "satellite": 18,
  "flux": 7.100279617588967E-7,
  "observed_flux": 7.129559094209981E-7,
  "electron_correction": 2.9279347835142744E-9,
  "electron_contaminaton": false,
  "energy": "0.1-0.8nm"
}
