{
  "time_tag": "2026-05-10T20:47:00Z",
  "satellite": 18,
  "flux": 7.900706577856909E-7,
  "observed_flux": 8.121462542476365E-7,
  "electron_correction": 2.2075544947597336E-8,
  "electron_contaminaton": false,
  "energy": "0.1-0.8nm"
}
