{
  "time_tag": "2026-03-17T08:29:00Z",
  "satellite": 18,
  "flux": 6.332571729217307E-7,
  "observed_flux": 6.485690278168477E-7,
  "electron_correction": 1.5311846013332797E-8,
  "electron_contaminaton": false,
  "energy": "0.1-0.8nm"
}
