{
  "time_tag": "2025-12-30T21:17:00Z",
  "satellite": 18,
  "flux": 0.0000014885384871377028,
  "observed_flux": 0.0000015047369288367918,
  "electron_correction": 1.6198475449868965E-8,
  "electron_contaminaton": false,
  "energy": "0.1-0.8nm"
}
