{
  "time_tag": "2026-01-19T09:19:00Z",
  "satellite": 18,
  "flux": 0.000001980799652301357,
  "observed_flux": 0.0000020073712221346796,
  "electron_correction": 2.6571433053845794E-8,
  "electron_contaminaton": false,
  "energy": "0.1-0.8nm"
}
