{
  "time_tag": "2026-02-07T19:34:00Z",
  "satellite": 18,
  "flux": 0.000002494937234587269,
  "observed_flux": 0.000002544322342146188,
  "electron_correction": 4.93849263705215E-8,
  "electron_contaminaton": false,
  "energy": "0.1-0.8nm"
}
