{
  "time_tag": "2026-06-04T21:04:00Z",
  "satellite": 18,
  "flux": 0.0000020553029571601655,
  "observed_flux": 0.0000020671243419201346,
  "electron_correction": 1.1821343903761772E-8,
  "electron_contaminaton": false,
  "energy": "0.1-0.8nm"
}
