{
  "time_tag": "2026-02-11T05:15:00Z",
  "satellite": 18,
  "flux": 0.0000013257118780529709,
  "observed_flux": 0.0000013301013268574025,
  "electron_correction": 4.389456353948162E-9,
  "electron_contaminaton": false,
  "energy": "0.1-0.8nm"
}
