{
  "time_tag": "2025-12-06T02:44:00Z",
  "satellite": 18,
  "flux": 0.0000017484263707956416,
  "observed_flux": 0.000001762100851010473,
  "electron_correction": 1.367456459178129E-8,
  "electron_contaminaton": false,
  "energy": "0.1-0.8nm"
}
