{
  "time_tag": "2026-06-30T07:57:00Z",
  "satellite": 18,
  "flux": 0.0000020337220121291466,
  "observed_flux": 0.000002053857542705373,
  "electron_correction": 2.0135528799869462E-8,
  "electron_contaminaton": false,
  "energy": "0.1-0.8nm"
}
