{
  "time_tag": "2026-02-21T20:21:00Z",
  "satellite": 18,
  "flux": 3.384659805760748E-7,
  "observed_flux": 3.6343186593512655E-7,
  "electron_correction": 2.496590134626331E-8,
  "electron_contaminaton": false,
  "energy": "0.1-0.8nm"
}
