{
  "time_tag": "2026-04-19T21:54:00Z",
  "satellite": 18,
  "flux": 3.4670443938011886E-7,
  "observed_flux": 4.0503502418687276E-7,
  "electron_correction": 5.8330588359467583E-8,
  "electron_contaminaton": false,
  "energy": "0.1-0.8nm"
}
