{
    "time_tag": "2026-06-21T17:12:00Z",
    "satellite": 18,
    "flux": 1.1407612419134239e-06,
    "observed_flux": 1.1569516118470347e-06,
    "electron_correction": 1.619040190803389e-08,
    "electron_contaminaton": false,
    "energy": "0.1-0.8nm"
}