{
  "time_tag": "2026-01-26T22:18:00Z",
  "satellite": 18,
  "flux": 0.0000014595395896321861,
  "observed_flux": 0.0000015165911690928624,
  "electron_correction": 5.705165051494987E-8,
  "electron_contaminaton": false,
  "energy": "0.1-0.8nm"
}
