{
  "time_tag": "2026-01-01T01:48:00Z",
  "satellite": 18,
  "flux": 0.0000013238876590548898,
  "observed_flux": 0.000001332376996288076,
  "electron_correction": 8.489394076605095E-9,
  "electron_contaminaton": false,
  "energy": "0.1-0.8nm"
}
