{
  "time_tag": "2026-02-14T13:53:00Z",
  "satellite": 18,
  "flux": 5.428400982054882E-7,
  "observed_flux": 5.729605732085474E-7,
  "electron_correction": 3.012048210848661E-8,
  "electron_contaminaton": false,
  "energy": "0.1-0.8nm"
}
