{
  "time_tag": "2026-02-10T14:23:00Z",
  "satellite": 18,
  "flux": 0.000001127923724197899,
  "observed_flux": 0.0000011415604603826068,
  "electron_correction": 1.3636688223073179E-8,
  "electron_contaminaton": false,
  "energy": "0.1-0.8nm"
}
