{
    "time_tag": "2026-06-13T12:53:00Z",
    "satellite": 18,
    "flux": 1.4690032230646466e-06,
    "observed_flux": 1.5072072301336448e-06,
    "electron_correction": 3.82040035162845e-08,
    "electron_contaminaton": false,
    "energy": "0.1-0.8nm"
}