{
  "time_tag": "2026-01-08T00:39:00Z",
  "satellite": 18,
  "flux": 8.542539831069007E-7,
  "observed_flux": 8.753144129514112E-7,
  "electron_correction": 2.106042629179683E-8,
  "electron_contaminaton": false,
  "energy": "0.1-0.8nm"
}
