{
  "time_tag": "2026-06-12T17:13:00Z",
  "satellite": 18,
  "flux": 0.0000010085495887324214,
  "observed_flux": 0.0000010427795587020228,
  "electron_correction": 3.4229959311460334E-8,
  "electron_contaminaton": false,
  "energy": "0.1-0.8nm"
}
