{
  "time_tag": "2026-06-23T00:21:00Z",
  "satellite": 18,
  "flux": 7.817998266546056E-7,
  "observed_flux": 7.909111445769668E-7,
  "electron_correction": 9.11127440161863E-9,
  "electron_contaminaton": false,
  "energy": "0.1-0.8nm"
}
