{
  "time_tag": "2026-05-13T05:55:00Z",
  "satellite": 18,
  "flux": 7.480671797566174E-7,
  "observed_flux": 7.549359679615009E-7,
  "electron_correction": 6.868769553136644E-9,
  "electron_contaminaton": false,
  "energy": "0.1-0.8nm"
}
