{
    "time_tag": "2026-05-31T17:28:00Z",
    "satellite": 18,
    "flux": 6.901651659063646e-07,
    "observed_flux": 7.363294116657926e-07,
    "electron_correction": 4.616424931214169e-08,
    "electron_contaminaton": false,
    "energy": "0.1-0.8nm"
}