{
  "time_tag": "2026-02-17T22:41:00Z",
  "satellite": 18,
  "flux": 4.74687851692579E-7,
  "observed_flux": 5.486316467795405E-7,
  "electron_correction": 7.394383061409826E-8,
  "electron_contaminaton": false,
  "energy": "0.1-0.8nm"
}
