{
  "time_tag": "2026-03-08T18:22:00Z",
  "satellite": 18,
  "flux": 8.067013936852163E-7,
  "observed_flux": 8.960881245911878E-7,
  "electron_correction": 8.938675932768092E-8,
  "electron_contaminaton": false,
  "energy": "0.1-0.8nm"
}
