{
    "time_tag": "2026-04-29T20:35:00Z",
    "satellite": 18,
    "flux": 9.581405038261437e-07,
    "observed_flux": 9.664303206591285e-07,
    "electron_correction": 8.289875452760498e-09,
    "electron_contaminaton": false,
    "energy": "0.1-0.8nm"
}