{
  "time_tag": "2026-02-06T21:51:00Z",
  "satellite": 18,
  "flux": 0.0000016366871022910345,
  "observed_flux": 0.0000017112755585912964,
  "electron_correction": 7.458848472197133E-8,
  "electron_contaminaton": false,
  "energy": "0.1-0.8nm"
}
