{
    "time_tag": "2026-05-01T08:24:00Z",
    "satellite": 18,
    "flux": 9.1065174956384e-07,
    "observed_flux": 9.206618756252283e-07,
    "electron_correction": 1.0010085205180985e-08,
    "electron_contaminaton": false,
    "energy": "0.1-0.8nm"
}