{
    "time_tag": "2026-06-07T14:54:00Z",
    "satellite": 18,
    "flux": 9.98915652417054e-07,
    "observed_flux": 1.0376875252404716e-06,
    "electron_correction": 3.8771865717990295e-08,
    "electron_contaminaton": false,
    "energy": "0.1-0.8nm"
}