{
  "time_tag": "2026-02-14T07:43:00Z",
  "satellite": 18,
  "flux": 5.902617772335361E-7,
  "observed_flux": 6.052871981410135E-7,
  "electron_correction": 1.502545465825733E-8,
  "electron_contaminaton": false,
  "energy": "0.1-0.8nm"
}
