{
  "time_tag": "2026-06-23T20:24:00Z",
  "satellite": 18,
  "flux": 0.0000017559343632456148,
  "observed_flux": 0.0000017599633110876312,
  "electron_correction": 4.028955391532918E-9,
  "electron_contaminaton": false,
  "energy": "0.1-0.8nm"
}
