{
    "time_tag": "2026-05-23T17:26:00Z",
    "satellite": 18,
    "flux": 1.29363797896076e-06,
    "observed_flux": 1.3211545137892244e-06,
    "electron_correction": 2.7516490419543516e-08,
    "electron_contaminaton": false,
    "energy": "0.1-0.8nm"
}