{
  "time_tag": "2026-03-21T13:43:00Z",
  "satellite": 18,
  "flux": 3.570318654055882E-7,
  "observed_flux": 3.599251670038939E-7,
  "electron_correction": 2.8933075935100305E-9,
  "electron_contaminaton": false,
  "energy": "0.1-0.8nm"
}
