{
  "time_tag": "2026-06-12T19:33:00Z",
  "satellite": 18,
  "flux": 0.0000019002679891855223,
  "observed_flux": 0.0000019481294657452963,
  "electron_correction": 4.7861458796205625E-8,
  "electron_contaminaton": false,
  "energy": "0.1-0.8nm"
}
