{
    "time_tag": "2026-07-02T02:04:00Z",
    "satellite": 18,
    "flux": 2.226759352197405e-05,
    "observed_flux": 2.2277998141362332e-05,
    "electron_correction": 1.0405037720317978e-08,
    "electron_contaminaton": false,
    "energy": "0.1-0.8nm"
}