{
  "time_tag": "2026-02-17T16:16:00Z",
  "satellite": 18,
  "flux": 5.826758524563047E-7,
  "observed_flux": 6.502856990664441E-7,
  "electron_correction": 6.760982529385728E-8,
  "electron_contaminaton": false,
  "energy": "0.1-0.8nm"
}
