{
  "time_tag": "2026-05-10T15:07:00Z",
  "satellite": 18,
  "flux": 0.000003907749032805441,
  "observed_flux": 0.0000039237761484400835,
  "electron_correction": 1.6027131621854096E-8,
  "electron_contaminaton": false,
  "energy": "0.1-0.8nm"
}
