{
    "time_tag": "2026-06-09T02:00:00Z",
    "satellite": 18,
    "flux": 1.180513436338515e-06,
    "observed_flux": 1.2198732974866289e-06,
    "electron_correction": 3.935985404268649e-08,
    "electron_contaminaton": false,
    "energy": "0.1-0.8nm"
}