{
  "time_tag": "2026-03-15T10:22:00Z",
  "satellite": 18,
  "flux": 0.0000011127167454105802,
  "observed_flux": 0.0000011407214515202213,
  "electron_correction": 2.800479137476941E-8,
  "electron_contaminaton": false,
  "energy": "0.1-0.8nm"
}
