{
  "time_tag": "2026-06-23T19:32:00Z",
  "satellite": 18,
  "flux": 0.0000019927263110730564,
  "observed_flux": 0.000001998115067181061,
  "electron_correction": 5.388757440272229E-9,
  "electron_contaminaton": false,
  "energy": "0.1-0.8nm"
}
