{
  "time_tag": "2026-01-10T18:19:00Z",
  "satellite": 18,
  "flux": 6.961730036891822E-7,
  "observed_flux": 7.248277711369155E-7,
  "electron_correction": 2.8654755013235444E-8,
  "electron_contaminaton": false,
  "energy": "0.1-0.8nm"
}
