{
  "time_tag": "2026-01-12T14:18:00Z",
  "satellite": 18,
  "flux": 0.0000010192547961196396,
  "observed_flux": 0.0000010611147445160896,
  "electron_correction": 4.185993773830887E-8,
  "electron_contaminaton": false,
  "energy": "0.1-0.8nm"
}
