{
  "time_tag": "2026-02-20T08:57:00Z",
  "satellite": 18,
  "flux": 4.128139892145555E-7,
  "observed_flux": 4.249070002515509E-7,
  "electron_correction": 1.2093030576920683E-8,
  "electron_contaminaton": false,
  "energy": "0.1-0.8nm"
}
