{
  "time_tag": "2025-12-24T13:19:00Z",
  "satellite": 18,
  "flux": 0.0000013013153647989384,
  "observed_flux": 0.0000013281934343467583,
  "electron_correction": 2.6878065995106226E-8,
  "electron_contaminaton": false,
  "energy": "0.1-0.8nm"
}
