{
    "time_tag": "2026-05-13T04:36:00Z",
    "satellite": 18,
    "flux": 8.068770398494962e-07,
    "observed_flux": 8.157506385941815e-07,
    "electron_correction": 8.873630719108405e-09,
    "electron_contaminaton": false,
    "energy": "0.1-0.8nm"
}