{
  "time_tag": "2025-12-07T00:41:00Z",
  "satellite": 18,
  "flux": 0.0000015997983382476377,
  "observed_flux": 0.0000016523075601071469,
  "electron_correction": 5.2509189885086016E-8,
  "electron_contaminaton": false,
  "energy": "0.1-0.8nm"
}
