{
  "time_tag": "2026-01-07T01:48:00Z",
  "satellite": 18,
  "flux": 9.252891572941735E-7,
  "observed_flux": 9.549751212034607E-7,
  "electron_correction": 2.9685979896498793E-8,
  "electron_contaminaton": false,
  "energy": "0.1-0.8nm"
}
