{
  "time_tag": "2026-03-18T08:13:00Z",
  "satellite": 18,
  "flux": 5.261936735223571E-7,
  "observed_flux": 5.38731853794161E-7,
  "electron_correction": 1.2538136751061302E-8,
  "electron_contaminaton": false,
  "energy": "0.1-0.8nm"
}
