{
  "time_tag": "2026-02-14T20:20:00Z",
  "satellite": 18,
  "flux": 4.3055013065895764E-7,
  "observed_flux": 4.788262231159024E-7,
  "electron_correction": 4.8276081798803716E-8,
  "electron_contaminaton": false,
  "energy": "0.1-0.8nm"
}
