{
  "time_tag": "2026-03-27T23:24:00Z",
  "satellite": 18,
  "flux": 8.629401690996019E-7,
  "observed_flux": 8.802982165434514E-7,
  "electron_correction": 1.735805099656318E-8,
  "electron_contaminaton": false,
  "energy": "0.1-0.8nm"
}
