{
  "time_tag": "2026-03-28T08:09:00Z",
  "satellite": 18,
  "flux": 0.0000038261587178567424,
  "observed_flux": 0.00000383596579922596,
  "electron_correction": 9.80712844267373E-9,
  "electron_contaminaton": false,
  "energy": "0.1-0.8nm"
}
