{
    "time_tag": "2026-06-24T03:41:00Z",
    "satellite": 18,
    "flux": 1.9031483589060372e-06,
    "observed_flux": 1.9034241631743498e-06,
    "electron_correction": 2.7583813011489156e-10,
    "electron_contaminaton": false,
    "energy": "0.1-0.8nm"
}