{
    "time_tag": "2026-05-05T02:40:00Z",
    "satellite": 18,
    "flux": 8.239139219767821e-07,
    "observed_flux": 8.283547572318639e-07,
    "electron_correction": 4.440838363706234e-09,
    "electron_contaminaton": false,
    "energy": "0.1-0.8nm"
}