{
  "time_tag": "2026-06-27T23:33:00Z",
  "satellite": 18,
  "flux": 0.000002416119514236925,
  "observed_flux": 0.000002465368424964254,
  "electron_correction": 4.92488467784824E-8,
  "electron_contaminaton": false,
  "energy": "0.1-0.8nm"
}
