{
  "time_tag": "2025-12-22T10:17:00Z",
  "satellite": 18,
  "flux": 0.0000013846251931681763,
  "observed_flux": 0.0000014061275805943296,
  "electron_correction": 2.150239097886697E-8,
  "electron_contaminaton": false,
  "energy": "0.1-0.8nm"
}
