{
  "time_tag": "2026-03-26T17:35:00Z",
  "satellite": 18,
  "flux": 0.0000011495701528474456,
  "observed_flux": 0.0000011898977163582458,
  "electron_correction": 4.0327510220095064E-8,
  "electron_contaminaton": false,
  "energy": "0.1-0.8nm"
}
