{
  "time_tag": "2026-05-17T17:17:00Z",
  "satellite": 18,
  "flux": 6.046726639397093E-7,
  "observed_flux": 6.779661134714843E-7,
  "electron_correction": 7.329344953177497E-8,
  "electron_contaminaton": false,
  "energy": "0.1-0.8nm"
}
