{
  "time_tag": "2026-02-04T11:07:00Z",
  "satellite": 18,
  "flux": 0.000016965319446171634,
  "observed_flux": 0.000016969992429949343,
  "electron_correction": 4.67326577435756E-9,
  "electron_contaminaton": false,
  "energy": "0.1-0.8nm"
}
