{
  "time_tag": "2026-02-21T14:22:00Z",
  "satellite": 18,
  "flux": 3.4131045367757906E-7,
  "observed_flux": 3.4928439163195435E-7,
  "electron_correction": 7.973934401661609E-9,
  "electron_contaminaton": false,
  "energy": "0.1-0.8nm"
}
