{
    "time_tag": "2026-06-05T16:54:00Z",
    "satellite": 18,
    "flux": 1.0963732393065584e-06,
    "observed_flux": 1.1124404863949167e-06,
    "electron_correction": 1.606731636627501e-08,
    "electron_contaminaton": false,
    "energy": "0.1-0.8nm"
}