{
    "time_tag": "2026-06-13T23:34:00Z",
    "satellite": 18,
    "flux": 5.824186359859596e-07,
    "observed_flux": 6.384573225659551e-07,
    "electron_correction": 5.603869723813659e-08,
    "electron_contaminaton": false,
    "energy": "0.1-0.8nm"
}