{
    "time_tag": "2026-06-29T21:58:00Z",
    "satellite": 18,
    "flux": 6.874255177535815e-06,
    "observed_flux": 6.905916507093934e-06,
    "electron_correction": 3.166173101476488e-08,
    "electron_contaminaton": false,
    "energy": "0.1-0.8nm"
}