{
  "time_tag": "2026-02-11T20:15:00Z",
  "satellite": 18,
  "flux": 0.0000011542307447598432,
  "observed_flux": 0.000001220559738612792,
  "electron_correction": 6.632897964209405E-8,
  "electron_contaminaton": false,
  "energy": "0.1-0.8nm"
}
