{
  "time_tag": "2026-03-20T10:43:00Z",
  "satellite": 18,
  "flux": 4.587265038935584E-7,
  "observed_flux": 4.5873497356296866E-7,
  "electron_correction": 8.448697470797573E-12,
  "electron_contaminaton": false,
  "energy": "0.1-0.8nm"
}
