{
  "time_tag": "2026-06-06T13:08:00Z",
  "satellite": 18,
  "flux": 0.0000012979559187442646,
  "observed_flux": 0.000001318203317168809,
  "electron_correction": 2.024743039896748E-8,
  "electron_contaminaton": false,
  "energy": "0.1-0.8nm"
}
