{
    "time_tag": "2026-06-13T08:55:00Z",
    "satellite": 18,
    "flux": 6.554706715178327e-07,
    "observed_flux": 6.778504371141025e-07,
    "electron_correction": 2.2379735398203593e-08,
    "electron_contaminaton": false,
    "energy": "0.1-0.8nm"
}