{
    "time_tag": "2026-05-08T09:50:00Z",
    "satellite": 18,
    "flux": 8.249472216448339e-07,
    "observed_flux": 8.2746078078344e-07,
    "electron_correction": 2.5135475922866135e-09,
    "electron_contaminaton": false,
    "energy": "0.1-0.8nm"
}