{
    "time_tag": "2026-06-01T02:12:00Z",
    "satellite": 18,
    "flux": 7.384071523119928e-07,
    "observed_flux": 7.662085295123688e-07,
    "electron_correction": 2.7801387858517046e-08,
    "electron_contaminaton": false,
    "energy": "0.1-0.8nm"
}