{
  "time_tag": "2026-03-27T20:48:00Z",
  "satellite": 18,
  "flux": 0.0000010302089776814682,
  "observed_flux": 0.0000010671658401406603,
  "electron_correction": 3.695686956461941E-8,
  "electron_contaminaton": false,
  "energy": "0.1-0.8nm"
}
