{
  "time_tag": "2025-12-14T08:19:00Z",
  "satellite": 18,
  "flux": 0.0000016515633660674212,
  "observed_flux": 0.0000016785161278676242,
  "electron_correction": 2.695275291841881E-8,
  "electron_contaminaton": false,
  "energy": "0.1-0.8nm"
}
