{
  "time_tag": "2026-05-23T11:10:00Z",
  "satellite": 18,
  "flux": 8.383208864870539E-7,
  "observed_flux": 8.552236749892472E-7,
  "electron_correction": 1.690278317312277E-8,
  "electron_contaminaton": false,
  "energy": "0.1-0.8nm"
}
