{
    "time_tag": "2026-06-10T14:34:00Z",
    "satellite": 18,
    "flux": 6.56597649140167e-07,
    "observed_flux": 6.768063940398861e-07,
    "electron_correction": 2.0208727136150628e-08,
    "electron_contaminaton": false,
    "energy": "0.1-0.8nm"
}