{
  "time_tag": "2026-03-08T16:04:00Z",
  "satellite": 18,
  "flux": 7.837604698579526E-7,
  "observed_flux": 8.378760298910493E-7,
  "electron_correction": 5.411554937495566E-8,
  "electron_contaminaton": false,
  "energy": "0.1-0.8nm"
}
