{
    "time_tag": "2026-06-15T21:15:00Z",
    "satellite": 18,
    "flux": 5.868669177289121e-07,
    "observed_flux": 6.337240847642533e-07,
    "electron_correction": 4.685720611519173e-08,
    "electron_contaminaton": false,
    "energy": "0.1-0.8nm"
}