{
    "time_tag": "2026-05-04T09:28:00Z",
    "satellite": 18,
    "flux": 7.741067520328215e-07,
    "observed_flux": 7.843821094866144e-07,
    "electron_correction": 1.0275408079962745e-08,
    "electron_contaminaton": false,
    "energy": "0.1-0.8nm"
}