{
  "time_tag": "2025-12-30T02:49:00Z",
  "satellite": 18,
  "flux": 0.0000019413628251641057,
  "observed_flux": 0.0000019630920178315137,
  "electron_correction": 2.1729224641831024E-8,
  "electron_contaminaton": false,
  "energy": "0.1-0.8nm"
}
