{
  "time_tag": "2026-03-26T23:11:00Z",
  "satellite": 18,
  "flux": 0.0000020945121832482982,
  "observed_flux": 0.000002146661699953256,
  "electron_correction": 5.2149452756111714E-8,
  "electron_contaminaton": false,
  "energy": "0.1-0.8nm"
}
