{
  "time_tag": "2026-03-28T08:26:00Z",
  "satellite": 18,
  "flux": 0.0000034615591175679583,
  "observed_flux": 0.0000034812030662578763,
  "electron_correction": 1.9643884741071815E-8,
  "electron_contaminaton": false,
  "energy": "0.1-0.8nm"
}
