{
  "time_tag": "2026-03-08T13:41:00Z",
  "satellite": 18,
  "flux": 6.879636771373043E-7,
  "observed_flux": 7.236950523292762E-7,
  "electron_correction": 3.5731392955540286E-8,
  "electron_contaminaton": false,
  "energy": "0.1-0.8nm"
}
