{
  "time_tag": "2025-12-16T05:18:00Z",
  "satellite": 18,
  "flux": 4.901693841929955E-7,
  "observed_flux": 4.94307300868968E-7,
  "electron_correction": 4.137917564150939E-9,
  "electron_contaminaton": false,
  "energy": "0.1-0.8nm"
}
