{
  "time_tag": "2026-03-14T14:06:00Z",
  "satellite": 18,
  "flux": 5.526194399863016E-7,
  "observed_flux": 5.779977527708979E-7,
  "electron_correction": 2.5378318113666865E-8,
  "electron_contaminaton": false,
  "energy": "0.1-0.8nm"
}
