{
  "time_tag": "2026-02-21T21:34:00Z",
  "satellite": 18,
  "flux": 3.668384067623265E-7,
  "observed_flux": 3.925413523120369E-7,
  "electron_correction": 2.5702933115212545E-8,
  "electron_contaminaton": false,
  "energy": "0.1-0.8nm"
}
