{
  "time_tag": "2026-03-31T07:07:00Z",
  "satellite": 18,
  "flux": 8.341964985447703E-7,
  "observed_flux": 8.374311164516257E-7,
  "electron_correction": 3.2346323397547394E-9,
  "electron_contaminaton": false,
  "energy": "0.1-0.8nm"
}
