{
  "time_tag": "2026-01-04T02:56:00Z",
  "satellite": 18,
  "flux": 9.98731024992594E-7,
  "observed_flux": 0.0000010358616009398247,
  "electron_correction": 3.713058305265804E-8,
  "electron_contaminaton": false,
  "energy": "0.1-0.8nm"
}
