{
  "time_tag": "2025-12-26T19:18:00Z",
  "satellite": 18,
  "flux": 0.0000019254339349572547,
  "observed_flux": 0.000001972061227206723,
  "electron_correction": 4.662745567429738E-8,
  "electron_contaminaton": false,
  "energy": "0.1-0.8nm"
}
