{
  "time_tag": "2025-12-29T07:19:00Z",
  "satellite": 18,
  "flux": 0.000001949740635609487,
  "observed_flux": 0.0000019543881535355467,
  "electron_correction": 4.647626283826867E-9,
  "electron_contaminaton": false,
  "energy": "0.1-0.8nm"
}
