{
  "time_tag": "2026-01-06T03:43:00Z",
  "satellite": 18,
  "flux": 0.0000015879444390520803,
  "observed_flux": 0.0000016283863715216285,
  "electron_correction": 4.044202128739016E-8,
  "electron_contaminaton": false,
  "energy": "0.1-0.8nm"
}
