{
    "time_tag": "2026-06-22T03:53:00Z",
    "satellite": 18,
    "flux": 7.585607590954169e-07,
    "observed_flux": 7.654157343495172e-07,
    "electron_correction": 6.854962819602406e-09,
    "electron_contaminaton": false,
    "energy": "0.1-0.8nm"
}