{
  "time_tag": "2026-05-05T12:49:00Z",
  "satellite": 18,
  "flux": 8.187348612409551E-7,
  "observed_flux": 8.546456342628517E-7,
  "electron_correction": 3.591080854903339E-8,
  "electron_contaminaton": false,
  "energy": "0.1-0.8nm"
}
