{
  "time_tag": "2026-02-08T23:51:00Z",
  "satellite": 18,
  "flux": 0.000007096834451658651,
  "observed_flux": 0.0000071267891144088935,
  "electron_correction": 2.99550109161828E-8,
  "electron_contaminaton": false,
  "energy": "0.1-0.8nm"
}
