{
  "time_tag": "2026-02-27T20:53:00Z",
  "satellite": 18,
  "flux": 8.814380976218672E-7,
  "observed_flux": 9.173575108434306E-7,
  "electron_correction": 3.591939190528137E-8,
  "electron_contaminaton": false,
  "energy": "0.1-0.8nm"
}
