{
  "time_tag": "2025-12-15T13:25:00Z",
  "satellite": 18,
  "flux": 5.307739456839045E-7,
  "observed_flux": 5.820389219479694E-7,
  "electron_correction": 5.126493363150075E-8,
  "electron_contaminaton": false,
  "energy": "0.1-0.8nm"
}
