{
  "time_tag": "2026-02-03T22:41:00Z",
  "satellite": 18,
  "flux": 0.000007631751032022294,
  "observed_flux": 0.000007648465725651477,
  "electron_correction": 1.6714309936105565E-8,
  "electron_contaminaton": false,
  "energy": "0.1-0.8nm"
}
