{
    "time_tag": "2026-06-02T18:45:00Z",
    "satellite": 18,
    "flux": 1.8749176433630055e-06,
    "observed_flux": 1.923983290907927e-06,
    "electron_correction": 4.906580386432324e-08,
    "electron_contaminaton": false,
    "energy": "0.1-0.8nm"
}