{
  "time_tag": "2026-03-21T20:38:00Z",
  "satellite": 18,
  "flux": 4.696122459790786E-7,
  "observed_flux": 4.898030283584376E-7,
  "electron_correction": 2.0190766392147452E-8,
  "electron_contaminaton": false,
  "energy": "0.1-0.8nm"
}
