{
  "time_tag": "2026-03-29T18:15:00Z",
  "satellite": 18,
  "flux": 0.0000012251804264451494,
  "observed_flux": 0.0000012390170240905718,
  "electron_correction": 1.3836628731667133E-8,
  "electron_contaminaton": false,
  "energy": "0.1-0.8nm"
}
