{
  "time_tag": "2025-12-10T19:21:00Z",
  "satellite": 18,
  "flux": 0.00000247064781433437,
  "observed_flux": 0.0000024979999579954892,
  "electron_correction": 2.7352106357625416E-8,
  "electron_contaminaton": false,
  "energy": "0.1-0.8nm"
}
