{
  "time_tag": "2026-03-13T06:00:00Z",
  "satellite": 18,
  "flux": 0.0000028497142920969054,
  "observed_flux": 0.0000028530748750199564,
  "electron_correction": 3.3604914406737407E-9,
  "electron_contaminaton": false,
  "energy": "0.1-0.8nm"
}
