{
  "time_tag": "2026-03-14T18:43:00Z",
  "satellite": 18,
  "flux": 6.281238142946677E-7,
  "observed_flux": 7.009141995695245E-7,
  "electron_correction": 7.279039238028417E-8,
  "electron_contaminaton": false,
  "energy": "0.1-0.8nm"
}
