{
  "time_tag": "2026-06-13T19:11:00Z",
  "satellite": 18,
  "flux": 6.690742111459258E-7,
  "observed_flux": 7.214853781079E-7,
  "electron_correction": 5.241116696197423E-8,
  "electron_contaminaton": false,
  "energy": "0.1-0.8nm"
}
