{
  "time_tag": "2026-02-08T16:20:00Z",
  "satellite": 18,
  "flux": 0.0000034082672755175736,
  "observed_flux": 0.000003455522573858616,
  "electron_correction": 4.725524505033718E-8,
  "electron_contaminaton": false,
  "energy": "0.1-0.8nm"
}
