{
  "time_tag": "2026-06-11T01:21:00Z",
  "satellite": 18,
  "flux": 0.0000033086646453739377,
  "observed_flux": 0.0000033566439014975913,
  "electron_correction": 4.7979337836068225E-8,
  "electron_contaminaton": false,
  "energy": "0.1-0.8nm"
}
