{
  "time_tag": "2026-03-24T12:52:00Z",
  "satellite": 18,
  "flux": 7.083651212269615E-7,
  "observed_flux": 7.716875529695244E-7,
  "electron_correction": 6.332243174256291E-8,
  "electron_contaminaton": false,
  "energy": "0.1-0.8nm"
}
