{
  "time_tag": "2026-03-05T09:43:00Z",
  "satellite": 18,
  "flux": 1.4986470731059853E-8,
  "observed_flux": 2.333591275771596E-8,
  "electron_correction": 8.349441138477687E-9,
  "electron_contaminaton": false,
  "energy": "0.1-0.8nm"
}
