{
    "time_tag": "2026-05-17T16:50:00Z",
    "satellite": 18,
    "flux": 6.153748586257279e-07,
    "observed_flux": 6.856335517113621e-07,
    "electron_correction": 7.025868598020679e-08,
    "electron_contaminaton": false,
    "energy": "0.1-0.8nm"
}