{
  "time_tag": "2026-01-18T05:18:00Z",
  "satellite": 18,
  "flux": 0.0000013789745025860611,
  "observed_flux": 0.0000014003680917085148,
  "electron_correction": 2.139368682207987E-8,
  "electron_contaminaton": false,
  "energy": "0.1-0.8nm"
}
