{
  "time_tag": "2026-06-15T22:36:00Z",
  "satellite": 18,
  "flux": 6.23517564690701E-7,
  "observed_flux": 6.672599965895643E-7,
  "electron_correction": 4.374243189886329E-8,
  "electron_contaminaton": false,
  "energy": "0.1-0.8nm"
}
