{
  "time_tag": "2026-04-17T21:26:00Z",
  "satellite": 18,
  "flux": 4.4769029727831366E-7,
  "observed_flux": 4.571866156766191E-7,
  "electron_correction": 9.496330832803324E-9,
  "electron_contaminaton": false,
  "energy": "0.1-0.8nm"
}
