{
  "time_tag": "2026-02-14T15:01:00Z",
  "satellite": 18,
  "flux": 5.71708653751557E-7,
  "observed_flux": 6.025642278473242E-7,
  "electron_correction": 3.085558830662194E-8,
  "electron_contaminaton": false,
  "energy": "0.1-0.8nm"
}
