{
  "time_tag": "2026-01-16T16:18:00Z",
  "satellite": 18,
  "flux": 0.0000011307522527204128,
  "observed_flux": 0.0000012301876495257602,
  "electron_correction": 9.943539680534741E-8,
  "electron_contaminaton": false,
  "energy": "0.1-0.8nm"
}
