{
    "time_tag": "2026-06-07T15:31:00Z",
    "satellite": 18,
    "flux": 8.939646818362235e-07,
    "observed_flux": 9.323402991867624e-07,
    "electron_correction": 3.837565287767575e-08,
    "electron_contaminaton": false,
    "energy": "0.1-0.8nm"
}