{
  "time_tag": "2026-03-23T17:03:00Z",
  "satellite": 18,
  "flux": 7.951711040732334E-7,
  "observed_flux": 9.229730721926899E-7,
  "electron_correction": 1.2780196811945643E-7,
  "electron_contaminaton": false,
  "energy": "0.1-0.8nm"
}
