{
  "time_tag": "2026-06-21T22:51:00Z",
  "satellite": 18,
  "flux": 0.0000016885900322449743,
  "observed_flux": 0.0000017039569684129674,
  "electron_correction": 1.536692728620892E-8,
  "electron_contaminaton": false,
  "energy": "0.1-0.8nm"
}
