{
  "time_tag": "2026-02-22T05:01:00Z",
  "satellite": 18,
  "flux": 3.24360001968671E-7,
  "observed_flux": 3.255905767218792E-7,
  "electron_correction": 1.2305694241376841E-9,
  "electron_contaminaton": false,
  "energy": "0.1-0.8nm"
}
