{
  "time_tag": "2026-02-11T21:54:00Z",
  "satellite": 18,
  "flux": 0.000001419786940459744,
  "observed_flux": 0.0000014774386727367528,
  "electron_correction": 5.765170740801295E-8,
  "electron_contaminaton": false,
  "energy": "0.1-0.8nm"
}
