{
  "time_tag": "2025-12-24T01:48:00Z",
  "satellite": 18,
  "flux": 0.0000010576906106507522,
  "observed_flux": 0.0000010883439927056315,
  "electron_correction": 3.06533536331699E-8,
  "electron_contaminaton": false,
  "energy": "0.1-0.8nm"
}
