{
  "time_tag": "2026-05-07T10:30:00Z",
  "satellite": 18,
  "flux": 7.090721965141711E-7,
  "observed_flux": 7.297331308109278E-7,
  "electron_correction": 2.0660896993263123E-8,
  "electron_contaminaton": false,
  "energy": "0.1-0.8nm"
}
