{
  "time_tag": "2026-05-10T20:27:00Z",
  "satellite": 18,
  "flux": 8.352348004336818E-7,
  "observed_flux": 8.567909617340774E-7,
  "electron_correction": 2.1556164853109294E-8,
  "electron_contaminaton": false,
  "energy": "0.1-0.8nm"
}
