{
  "time_tag": "2026-05-10T01:56:00Z",
  "satellite": 18,
  "flux": 9.742374231791473E-7,
  "observed_flux": 9.910872904583812E-7,
  "electron_correction": 1.684988326644543E-8,
  "electron_contaminaton": false,
  "energy": "0.1-0.8nm"
}
