{
    "time_tag": "2026-05-23T11:03:00Z",
    "satellite": 18,
    "flux": 7.859302968427073e-07,
    "observed_flux": 8.030872322706273e-07,
    "electron_correction": 1.715693542791996e-08,
    "electron_contaminaton": false,
    "energy": "0.1-0.8nm"
}