{
  "time_tag": "2026-02-08T19:37:00Z",
  "satellite": 18,
  "flux": 0.0000030661074106319575,
  "observed_flux": 0.0000031136473808146548,
  "electron_correction": 4.754011584395812E-8,
  "electron_contaminaton": false,
  "energy": "0.1-0.8nm"
}
