{
    "time_tag": "2026-06-06T18:05:00Z",
    "satellite": 18,
    "flux": 1.527774884380051e-06,
    "observed_flux": 1.5797203332112986e-06,
    "electron_correction": 5.19455376490896e-08,
    "electron_contaminaton": false,
    "energy": "0.1-0.8nm"
}