{
  "time_tag": "2026-01-07T14:20:00Z",
  "satellite": 18,
  "flux": 0.000001949035777215613,
  "observed_flux": 0.0000019725162019312847,
  "electron_correction": 2.3480346555970755E-8,
  "electron_contaminaton": false,
  "energy": "0.1-0.8nm"
}
