{
  "time_tag": "2026-01-25T04:33:00Z",
  "satellite": 18,
  "flux": 0.0000012955010788573418,
  "observed_flux": 0.000001340761059509532,
  "electron_correction": 4.5260019732040746E-8,
  "electron_contaminaton": false,
  "energy": "0.1-0.8nm"
}
