{
  "time_tag": "2026-06-01T21:48:00Z",
  "satellite": 18,
  "flux": 6.889674750709673E-7,
  "observed_flux": 7.199965352810977E-7,
  "electron_correction": 3.102908152641248E-8,
  "electron_contaminaton": false,
  "energy": "0.1-0.8nm"
}
