{
  "time_tag": "2026-06-17T00:23:00Z",
  "satellite": 18,
  "flux": 6.54884104278608E-7,
  "observed_flux": 6.889462156323134E-7,
  "electron_correction": 3.4062079379282295E-8,
  "electron_contaminaton": false,
  "energy": "0.1-0.8nm"
}
