{
    "time_tag": "2026-06-28T17:37:00Z",
    "satellite": 18,
    "flux": 1.740354150570056e-06,
    "observed_flux": 1.7815415276345448e-06,
    "electron_correction": 4.118739482805722e-08,
    "electron_contaminaton": false,
    "energy": "0.1-0.8nm"
}