{
  "time_tag": "2025-12-09T10:23:00Z",
  "satellite": 18,
  "flux": 0.0000019652545688586542,
  "observed_flux": 0.000001976133489733911,
  "electron_correction": 1.087889422990429E-8,
  "electron_contaminaton": false,
  "energy": "0.1-0.8nm"
}
