{
  "time_tag": "2026-03-07T15:03:00Z",
  "satellite": 18,
  "flux": 9.592191645424464E-7,
  "observed_flux": 9.721985634314478E-7,
  "electron_correction": 1.2979469055096615E-8,
  "electron_contaminaton": false,
  "energy": "0.1-0.8nm"
}
