{
  "time_tag": "2026-02-28T20:36:00Z",
  "satellite": 18,
  "flux": 0.0000010180716571994708,
  "observed_flux": 0.000001071874180524901,
  "electron_correction": 5.380252332543023E-8,
  "electron_contaminaton": false,
  "energy": "0.1-0.8nm"
}
