{
  "time_tag": "2026-05-14T15:41:00Z",
  "satellite": 18,
  "flux": 5.717991484743834E-7,
  "observed_flux": 5.852273261552909E-7,
  "electron_correction": 1.3428156364625465E-8,
  "electron_contaminaton": false,
  "energy": "0.1-0.8nm"
}
