{
  "time_tag": "2026-05-06T01:50:00Z",
  "satellite": 18,
  "flux": 7.180474881351984E-7,
  "observed_flux": 7.626440492458642E-7,
  "electron_correction": 4.4596543347097395E-8,
  "electron_contaminaton": false,
  "energy": "0.1-0.8nm"
}
