{
  "time_tag": "2026-05-11T10:07:00Z",
  "satellite": 18,
  "flux": 8.540690146219276E-7,
  "observed_flux": 8.606882602180121E-7,
  "electron_correction": 6.61924870470898E-9,
  "electron_contaminaton": false,
  "energy": "0.1-0.8nm"
}
