{
  "time_tag": "2026-05-05T07:50:00Z",
  "satellite": 18,
  "flux": 8.984048349702789E-7,
  "observed_flux": 9.254245014744811E-7,
  "electron_correction": 2.7019641635206426E-8,
  "electron_contaminaton": false,
  "energy": "0.1-0.8nm"
}
