{
  "time_tag": "2025-12-28T09:18:00Z",
  "satellite": 18,
  "flux": 0.000001792034368008899,
  "observed_flux": 0.0000018062308981825481,
  "electron_correction": 1.4196550601752733E-8,
  "electron_contaminaton": false,
  "energy": "0.1-0.8nm"
}
