{
  "time_tag": "2026-03-26T20:43:00Z",
  "satellite": 18,
  "flux": 0.000002438816636640695,
  "observed_flux": 0.000002491082113920129,
  "electron_correction": 5.226560162441274E-8,
  "electron_contaminaton": false,
  "energy": "0.1-0.8nm"
}
