{
  "time_tag": "2026-06-11T21:28:00Z",
  "satellite": 18,
  "flux": 9.579058541930863E-7,
  "observed_flux": 9.698022722659516E-7,
  "electron_correction": 1.1896435836433739E-8,
  "electron_contaminaton": false,
  "energy": "0.1-0.8nm"
}
