{
    "time_tag": "2026-06-20T08:32:00Z",
    "satellite": 18,
    "flux": 5.60675402994093e-07,
    "observed_flux": 5.686159170181782e-07,
    "electron_correction": 7.940499813230417e-09,
    "electron_contaminaton": false,
    "energy": "0.1-0.8nm"
}