{
  "time_tag": "2026-01-17T11:17:00Z",
  "satellite": 18,
  "flux": 0.0000016671801859047264,
  "observed_flux": 0.0000016871696288944804,
  "electron_correction": 1.9989499833172886E-8,
  "electron_contaminaton": false,
  "energy": "0.1-0.8nm"
}
