{
    "time_tag": "2026-05-16T06:10:00Z",
    "satellite": 18,
    "flux": 4.1880565504470724e-07,
    "observed_flux": 4.4129120624347706e-07,
    "electron_correction": 2.248557073869506e-08,
    "electron_contaminaton": false,
    "energy": "0.1-0.8nm"
}