{
  "time_tag": "2026-02-03T20:08:00Z",
  "satellite": 18,
  "flux": 0.000006050681349734077,
  "observed_flux": 0.000006068352377042174,
  "electron_correction": 1.767114454764851E-8,
  "electron_contaminaton": false,
  "energy": "0.1-0.8nm"
}
