{
  "time_tag": "2026-06-23T03:41:00Z",
  "satellite": 18,
  "flux": 8.151261567945767E-7,
  "observed_flux": 8.201934633689234E-7,
  "electron_correction": 5.067291031224386E-9,
  "electron_contaminaton": false,
  "energy": "0.1-0.8nm"
}
