{
  "time_tag": "2026-06-07T19:07:00Z",
  "satellite": 18,
  "flux": 9.778992762221606E-7,
  "observed_flux": 0.0000010287841405443032,
  "electron_correction": 5.0884896296565785E-8,
  "electron_contaminaton": false,
  "energy": "0.1-0.8nm"
}
