{
    "time_tag": "2026-05-26T02:05:00Z",
    "satellite": 18,
    "flux": 1.3567392898039543e-06,
    "observed_flux": 1.3612253724204493e-06,
    "electron_correction": 4.486126581326744e-09,
    "electron_contaminaton": false,
    "energy": "0.1-0.8nm"
}