{
    "time_tag": "2026-06-20T21:21:00Z",
    "satellite": 18,
    "flux": 6.775659358027042e-07,
    "observed_flux": 7.045135816952097e-07,
    "electron_correction": 2.6947612141725585e-08,
    "electron_contaminaton": false,
    "energy": "0.1-0.8nm"
}