{
    "time_tag": "2026-04-27T02:44:00Z",
    "satellite": 18,
    "flux": 3.696786961882026e-06,
    "observed_flux": 3.705066092152265e-06,
    "electron_correction": 8.27894197641399e-09,
    "electron_contaminaton": false,
    "energy": "0.1-0.8nm"
}