{
  "time_tag": "2026-03-07T06:08:00Z",
  "satellite": 18,
  "flux": 6.055175845176564E-7,
  "observed_flux": 6.066675837246294E-7,
  "electron_correction": 1.1500097540917409E-9,
  "electron_contaminaton": false,
  "energy": "0.1-0.8nm"
}
