{
  "time_tag": "2026-05-26T13:40:00Z",
  "satellite": 18,
  "flux": 9.467477184443851E-7,
  "observed_flux": 9.530710372018802E-7,
  "electron_correction": 6.32333252426065E-9,
  "electron_contaminaton": false,
  "energy": "0.1-0.8nm"
}
