{
    "time_tag": "2026-05-12T18:50:00Z",
    "satellite": 18,
    "flux": 7.414244009851245e-07,
    "observed_flux": 7.532415793320979e-07,
    "electron_correction": 1.1817183676043896e-08,
    "electron_contaminaton": false,
    "energy": "0.1-0.8nm"
}