{
  "time_tag": "2026-05-03T20:18:00Z",
  "satellite": 18,
  "flux": 0.0000011811448530352209,
  "observed_flux": 0.000001218023271576385,
  "electron_correction": 3.687835459231792E-8,
  "electron_contaminaton": false,
  "energy": "0.1-0.8nm"
}
