{
  "time_tag": "2025-12-25T11:16:00Z",
  "satellite": 18,
  "flux": 0.0000015199767631202121,
  "observed_flux": 0.0000015706037856944022,
  "electron_correction": 5.0627004810621656E-8,
  "electron_contaminaton": false,
  "energy": "0.1-0.8nm"
}
