{
  "time_tag": "2026-06-01T15:08:00Z",
  "satellite": 18,
  "flux": 6.25696259248798E-7,
  "observed_flux": 6.534971817018231E-7,
  "electron_correction": 2.7800922453025123E-8,
  "electron_contaminaton": false,
  "energy": "0.1-0.8nm"
}
