{
  "time_tag": "2026-03-01T11:04:00Z",
  "satellite": 18,
  "flux": 8.598585168329009E-7,
  "observed_flux": 8.736855079405359E-7,
  "electron_correction": 1.382698222585077E-8,
  "electron_contaminaton": false,
  "energy": "0.1-0.8nm"
}
