{
    "time_tag": "2026-06-20T12:08:00Z",
    "satellite": 18,
    "flux": 7.315932748497289e-07,
    "observed_flux": 7.409726094920188e-07,
    "electron_correction": 9.379326648684128e-09,
    "electron_contaminaton": false,
    "energy": "0.1-0.8nm"
}