{
    "time_tag": "2026-05-03T08:11:00Z",
    "satellite": 18,
    "flux": 1.2080826081728446e-06,
    "observed_flux": 1.2233598454258754e-06,
    "electron_correction": 1.527721238403501e-08,
    "electron_contaminaton": false,
    "energy": "0.1-0.8nm"
}