{
  "time_tag": "2026-06-30T13:10:00Z",
  "satellite": 18,
  "flux": 0.00004494556924328208,
  "observed_flux": 0.00004496309338719584,
  "electron_correction": 1.752267131394092E-8,
  "electron_contaminaton": false,
  "energy": "0.1-0.8nm"
}
