{
  "time_tag": "2026-06-04T08:30:00Z",
  "satellite": 18,
  "flux": 0.0000013867020243196748,
  "observed_flux": 0.000001389572503285308,
  "electron_correction": 2.8704563170833808E-9,
  "electron_contaminaton": false,
  "energy": "0.1-0.8nm"
}
