{
  "time_tag": "2026-02-18T11:42:00Z",
  "satellite": 18,
  "flux": 4.2246213638463814E-7,
  "observed_flux": 4.605342098784604E-7,
  "electron_correction": 3.807209125739064E-8,
  "electron_contaminaton": false,
  "energy": "0.1-0.8nm"
}
