{
    "time_tag": "2026-06-28T09:05:00Z",
    "satellite": 18,
    "flux": 1.997213757931604e-06,
    "observed_flux": 2.0234631392668234e-06,
    "electron_correction": 2.624925876659745e-08,
    "electron_contaminaton": false,
    "energy": "0.1-0.8nm"
}