{
    "time_tag": "2026-05-21T04:57:00Z",
    "satellite": 18,
    "flux": 5.469918278322439e-07,
    "observed_flux": 5.603590693681326e-07,
    "electron_correction": 1.3367237983175073e-08,
    "electron_contaminaton": false,
    "energy": "0.1-0.8nm"
}