{
  "time_tag": "2026-02-04T10:26:00Z",
  "satellite": 18,
  "flux": 0.0000043993522922392,
  "observed_flux": 0.000004404726041684626,
  "electron_correction": 5.3737791994024064E-9,
  "electron_contaminaton": false,
  "energy": "0.1-0.8nm"
}
