{
    "time_tag": "2026-04-30T12:57:00Z",
    "satellite": 18,
    "flux": 1.2511414979599067e-06,
    "observed_flux": 1.254204676115478e-06,
    "electron_correction": 3.0632301140087748e-09,
    "electron_contaminaton": false,
    "energy": "0.1-0.8nm"
}