{
  "time_tag": "2026-01-12T22:18:00Z",
  "satellite": 18,
  "flux": 7.615706749675155E-7,
  "observed_flux": 8.099428896457539E-7,
  "electron_correction": 4.837225020537517E-8,
  "electron_contaminaton": false,
  "energy": "0.1-0.8nm"
}
