{
  "time_tag": "2025-12-30T17:18:00Z",
  "satellite": 18,
  "flux": 0.0000016705768075553351,
  "observed_flux": 0.0000017050615497282706,
  "electron_correction": 3.448473862022183E-8,
  "electron_contaminaton": false,
  "energy": "0.1-0.8nm"
}
