{
    "time_tag": "2026-05-18T15:49:00Z",
    "satellite": 18,
    "flux": 4.782486371368577e-07,
    "observed_flux": 5.204248054724303e-07,
    "electron_correction": 4.217617899371362e-08,
    "electron_contaminaton": false,
    "energy": "0.1-0.8nm"
}