{
    "time_tag": "2026-06-18T15:53:00Z",
    "satellite": 18,
    "flux": 3.9164333998087386e-07,
    "observed_flux": 4.0534797562941094e-07,
    "electron_correction": 1.3704637424893917e-08,
    "electron_contaminaton": false,
    "energy": "0.1-0.8nm"
}