{
  "time_tag": "2026-03-25T07:58:00Z",
  "satellite": 18,
  "flux": 0.0000011946846143473522,
  "observed_flux": 0.000001227394022862427,
  "electron_correction": 3.270942627864315E-8,
  "electron_contaminaton": false,
  "energy": "0.1-0.8nm"
}
