{
    "time_tag": "2026-05-09T10:49:00Z",
    "satellite": 18,
    "flux": 7.373515131803288e-07,
    "observed_flux": 7.530155130552885e-07,
    "electron_correction": 1.5663978558677627e-08,
    "electron_contaminaton": false,
    "energy": "0.1-0.8nm"
}