{
    "time_tag": "2026-04-23T10:43:00Z",
    "satellite": 18,
    "flux": 1.1385566267563263e-06,
    "observed_flux": 1.1606647376538604e-06,
    "electron_correction": 2.2108098463036185e-08,
    "electron_contaminaton": false,
    "energy": "0.1-0.8nm"
}