{
  "time_tag": "2026-06-29T19:31:00Z",
  "satellite": 18,
  "flux": 0.0000029770835681119934,
  "observed_flux": 0.0000030089051961113,
  "electron_correction": 3.182150010161422E-8,
  "electron_contaminaton": false,
  "energy": "0.1-0.8nm"
}
