{
  "time_tag": "2026-06-29T17:21:00Z",
  "satellite": 18,
  "flux": 0.00000186115903488826,
  "observed_flux": 0.0000018918459545602673,
  "electron_correction": 3.068699072628078E-8,
  "electron_contaminaton": false,
  "energy": "0.1-0.8nm"
}
