{
  "time_tag": "2026-05-29T20:51:00Z",
  "satellite": 18,
  "flux": 9.00490817912214E-7,
  "observed_flux": 9.491250239079818E-7,
  "electron_correction": 4.8634195337626807E-8,
  "electron_contaminaton": false,
  "energy": "0.1-0.8nm"
}
