{
    "time_tag": "2026-05-06T23:54:00Z",
    "satellite": 18,
    "flux": 7.098233254509978e-07,
    "observed_flux": 7.530971402047726e-07,
    "electron_correction": 4.327380409563375e-08,
    "electron_contaminaton": false,
    "energy": "0.1-0.8nm"
}