{
  "time_tag": "2026-03-13T21:52:00Z",
  "satellite": 18,
  "flux": 0.000001201254690386122,
  "observed_flux": 0.0000012365950396997505,
  "electron_correction": 3.534033865548736E-8,
  "electron_contaminaton": false,
  "energy": "0.1-0.8nm"
}
