{
    "time_tag": "2026-05-05T01:41:00Z",
    "satellite": 18,
    "flux": 9.124022994910774e-07,
    "observed_flux": 9.164913308268297e-07,
    "electron_correction": 4.089010463559362e-09,
    "electron_contaminaton": false,
    "energy": "0.1-0.8nm"
}