{
  "time_tag": "2026-02-21T05:42:00Z",
  "satellite": 18,
  "flux": 3.044683865027764E-7,
  "observed_flux": 3.049252086384513E-7,
  "electron_correction": 4.5683479221736434E-10,
  "electron_contaminaton": false,
  "energy": "0.1-0.8nm"
}
