{
  "time_tag": "2026-03-23T10:31:00Z",
  "satellite": 18,
  "flux": 7.168202387219935E-7,
  "observed_flux": 7.445966616614896E-7,
  "electron_correction": 2.777640517592772E-8,
  "electron_contaminaton": false,
  "energy": "0.1-0.8nm"
}
