{
  "time_tag": "2026-02-07T18:40:00Z",
  "satellite": 18,
  "flux": 0.0000025882693535095314,
  "observed_flux": 0.000002643955212988658,
  "electron_correction": 5.568578131942559E-8,
  "electron_contaminaton": false,
  "energy": "0.1-0.8nm"
}
