{
  "time_tag": "2025-12-15T12:20:00Z",
  "satellite": 18,
  "flux": 7.623160058756184E-7,
  "observed_flux": 7.828633101780724E-7,
  "electron_correction": 2.054729364431296E-8,
  "electron_contaminaton": false,
  "energy": "0.1-0.8nm"
}
