{
  "time_tag": "2026-01-06T22:18:00Z",
  "satellite": 18,
  "flux": 0.0000011224891522942926,
  "observed_flux": 0.0000011545341749297222,
  "electron_correction": 3.2045072373421135E-8,
  "electron_contaminaton": false,
  "energy": "0.1-0.8nm"
}
