{
  "time_tag": "2026-04-23T12:40:00Z",
  "satellite": 18,
  "flux": 0.0000011048028909499408,
  "observed_flux": 0.000001128558778873412,
  "electron_correction": 2.375592877967847E-8,
  "electron_contaminaton": false,
  "energy": "0.1-0.8nm"
}
