{
  "time_tag": "2026-06-19T21:47:00Z",
  "satellite": 18,
  "flux": 5.09641608914535E-7,
  "observed_flux": 5.394180675466487E-7,
  "electron_correction": 2.9776455079399966E-8,
  "electron_contaminaton": false,
  "energy": "0.1-0.8nm"
}
