{
    "time_tag": "2026-04-22T20:11:00Z",
    "satellite": 18,
    "flux": 9.818728585742065e-07,
    "observed_flux": 1.034499518937082e-06,
    "electron_correction": 5.262664259930716e-08,
    "electron_contaminaton": false,
    "energy": "0.1-0.8nm"
}