{
  "time_tag": "2026-05-08T15:08:00Z",
  "satellite": 18,
  "flux": 7.956627428029606E-7,
  "observed_flux": 8.058945013544871E-7,
  "electron_correction": 1.0231742564315027E-8,
  "electron_contaminaton": false,
  "energy": "0.1-0.8nm"
}
