{
  "time_tag": "2026-05-31T13:47:00Z",
  "satellite": 18,
  "flux": 7.172891400841763E-7,
  "observed_flux": 7.4592742294044E-7,
  "electron_correction": 2.863832726518467E-8,
  "electron_contaminaton": false,
  "energy": "0.1-0.8nm"
}
