{
  "time_tag": "2026-02-14T22:49:00Z",
  "satellite": 18,
  "flux": 5.499135227182705E-7,
  "observed_flux": 5.710459731744777E-7,
  "electron_correction": 2.1132448679850313E-8,
  "electron_contaminaton": false,
  "energy": "0.1-0.8nm"
}
