{
  "time_tag": "2026-03-16T20:26:00Z",
  "satellite": 18,
  "flux": 4.4021757616974355E-7,
  "observed_flux": 4.880349138147722E-7,
  "electron_correction": 4.781731632874653E-8,
  "electron_contaminaton": false,
  "energy": "0.1-0.8nm"
}
