{
  "time_tag": "2026-02-26T16:32:00Z",
  "satellite": 18,
  "flux": 7.551805651928589E-7,
  "observed_flux": 7.958204264468804E-7,
  "electron_correction": 4.063981151603002E-8,
  "electron_contaminaton": false,
  "energy": "0.1-0.8nm"
}
