{
  "time_tag": "2025-12-24T12:20:00Z",
  "satellite": 18,
  "flux": 0.0000016025861668822472,
  "observed_flux": 0.0000016452295312774368,
  "electron_correction": 4.264334307890749E-8,
  "electron_contaminaton": false,
  "energy": "0.1-0.8nm"
}
