{
  "time_tag": "2026-06-06T14:58:00Z",
  "satellite": 18,
  "flux": 0.0000053164571909292135,
  "observed_flux": 0.00000535472463525366,
  "electron_correction": 3.8267579327566636E-8,
  "electron_contaminaton": false,
  "energy": "0.1-0.8nm"
}
