{
  "time_tag": "2026-06-27T19:41:00Z",
  "satellite": 18,
  "flux": 0.0000035489958918333286,
  "observed_flux": 0.0000036056612771062646,
  "electron_correction": 5.666539237836332E-8,
  "electron_contaminaton": false,
  "energy": "0.1-0.8nm"
}
