{
    "time_tag": "2026-04-24T06:50:00Z",
    "satellite": 18,
    "flux": 1.913110963869258e-06,
    "observed_flux": 1.931922497533378e-06,
    "electron_correction": 1.8811523005979325e-08,
    "electron_contaminaton": false,
    "energy": "0.1-0.8nm"
}