{
  "time_tag": "2026-03-22T17:08:00Z",
  "satellite": 18,
  "flux": 0.0000010799791425597505,
  "observed_flux": 0.0000011347847248543985,
  "electron_correction": 5.480555032022494E-8,
  "electron_contaminaton": false,
  "energy": "0.1-0.8nm"
}
