{
  "time_tag": "2026-05-11T04:46:00Z",
  "satellite": 18,
  "flux": 5.33256695689488E-7,
  "observed_flux": 5.419590820565645E-7,
  "electron_correction": 8.70236416261605E-9,
  "electron_contaminaton": false,
  "energy": "0.1-0.8nm"
}
