{
  "time_tag": "2026-05-18T03:40:00Z",
  "satellite": 18,
  "flux": 5.038369295107259E-7,
  "observed_flux": 5.430402438832971E-7,
  "electron_correction": 3.920329660900279E-8,
  "electron_contaminaton": false,
  "energy": "0.1-0.8nm"
}
