{
  "time_tag": "2026-01-01T06:20:00Z",
  "satellite": 18,
  "flux": 0.0000039520818972960114,
  "observed_flux": 0.000003960680260206573,
  "electron_correction": 8.598548539850981E-9,
  "electron_contaminaton": false,
  "energy": "0.1-0.8nm"
}
