{
  "time_tag": "2026-03-01T09:42:00Z",
  "satellite": 18,
  "flux": 8.751720770305838E-7,
  "observed_flux": 8.911653708310041E-7,
  "electron_correction": 1.5993272484138288E-8,
  "electron_contaminaton": false,
  "energy": "0.1-0.8nm"
}
