{
  "time_tag": "2026-05-31T07:52:00Z",
  "satellite": 18,
  "flux": 8.655728720441402E-7,
  "observed_flux": 8.85833571828698E-7,
  "electron_correction": 2.0260662481064173E-8,
  "electron_contaminaton": false,
  "energy": "0.1-0.8nm"
}
