{
  "time_tag": "2026-05-02T20:16:00Z",
  "satellite": 18,
  "flux": 0.0000014178120864016819,
  "observed_flux": 0.0000014643778740719426,
  "electron_correction": 4.6565773459406046E-8,
  "electron_contaminaton": false,
  "energy": "0.1-0.8nm"
}
