{
  "time_tag": "2026-02-03T19:53:00Z",
  "satellite": 18,
  "flux": 0.0000057520719565218315,
  "observed_flux": 0.000005773457360191969,
  "electron_correction": 2.1385714532584643E-8,
  "electron_contaminaton": false,
  "energy": "0.1-0.8nm"
}
