{
  "time_tag": "2026-01-11T22:18:00Z",
  "satellite": 18,
  "flux": 0.00000637341508991085,
  "observed_flux": 0.0000064270038819813635,
  "electron_correction": 5.358847943170986E-8,
  "electron_contaminaton": false,
  "energy": "0.1-0.8nm"
}
