{
  "time_tag": "2026-03-24T17:31:00Z",
  "satellite": 18,
  "flux": 0.0000023634631816094043,
  "observed_flux": 0.000002465963689246564,
  "electron_correction": 1.025003726340401E-7,
  "electron_contaminaton": false,
  "energy": "0.1-0.8nm"
}
