{
  "time_tag": "2026-02-24T22:42:00Z",
  "satellite": 18,
  "flux": 0.0000011225446314711007,
  "observed_flux": 0.0000011971842468483374,
  "electron_correction": 7.463957985009984E-8,
  "electron_contaminaton": false,
  "energy": "0.1-0.8nm"
}
