{
    "time_tag": "2026-05-30T10:58:00Z",
    "satellite": 18,
    "flux": 7.717626431258395e-07,
    "observed_flux": 7.858016601858253e-07,
    "electron_correction": 1.403905081076573e-08,
    "electron_contaminaton": false,
    "energy": "0.1-0.8nm"
}