{
  "time_tag": "2026-04-30T09:24:00Z",
  "satellite": 18,
  "flux": 0.0000031110530471778475,
  "observed_flux": 0.0000031115496312850155,
  "electron_correction": 4.964766930903863E-10,
  "electron_contaminaton": false,
  "energy": "0.1-0.8nm"
}
