{
  "time_tag": "2026-02-24T03:35:00Z",
  "satellite": 18,
  "flux": 5.654245569530758E-7,
  "observed_flux": 6.150631293166953E-7,
  "electron_correction": 4.963854038919635E-8,
  "electron_contaminaton": false,
  "energy": "0.1-0.8nm"
}
