{
    "time_tag": "2026-06-07T12:49:00Z",
    "satellite": 18,
    "flux": 7.878769565650146e-07,
    "observed_flux": 8.209427733163466e-07,
    "electron_correction": 3.3065838067614095e-08,
    "electron_contaminaton": false,
    "energy": "0.1-0.8nm"
}