{
  "time_tag": "2025-12-12T09:18:00Z",
  "satellite": 18,
  "flux": 0.000002567493538663257,
  "observed_flux": 0.00000256784915109165,
  "electron_correction": 3.557330818804161E-10,
  "electron_contaminaton": false,
  "energy": "0.1-0.8nm"
}
