{
  "time_tag": "2026-04-30T20:30:00Z",
  "satellite": 18,
  "flux": 9.603397757018683E-7,
  "observed_flux": 9.689782700661453E-7,
  "electron_correction": 8.638503246061191E-9,
  "electron_contaminaton": false,
  "energy": "0.1-0.8nm"
}
