{
  "time_tag": "2026-02-14T14:19:00Z",
  "satellite": 18,
  "flux": 5.439633810055966E-7,
  "observed_flux": 5.740807864640374E-7,
  "electron_correction": 3.011737703673134E-8,
  "electron_contaminaton": false,
  "energy": "0.1-0.8nm"
}
