{
  "time_tag": "2026-05-08T06:05:00Z",
  "satellite": 18,
  "flux": 5.190651108932798E-7,
  "observed_flux": 5.205401976127177E-7,
  "electron_correction": 1.4751037058502448E-9,
  "electron_contaminaton": false,
  "energy": "0.1-0.8nm"
}
