{
  "time_tag": "2026-05-10T08:22:00Z",
  "satellite": 18,
  "flux": 7.33885485715291E-7,
  "observed_flux": 7.422903536280501E-7,
  "electron_correction": 8.40484926101226E-9,
  "electron_contaminaton": false,
  "energy": "0.1-0.8nm"
}
