{
    "time_tag": "2026-04-27T06:14:00Z",
    "satellite": 18,
    "flux": 1.3377440382100758e-06,
    "observed_flux": 1.3407858432401554e-06,
    "electron_correction": 3.0418521035358026e-09,
    "electron_contaminaton": false,
    "energy": "0.1-0.8nm"
}