{
    "time_tag": "2026-05-18T19:38:00Z",
    "satellite": 18,
    "flux": 5.189529019844485e-07,
    "observed_flux": 5.653918719872308e-07,
    "electron_correction": 4.643895934464126e-08,
    "electron_contaminaton": false,
    "energy": "0.1-0.8nm"
}