{
    "time_tag": "2026-06-19T21:45:00Z",
    "satellite": 18,
    "flux": 5.129240889800712e-07,
    "observed_flux": 5.428305485111196e-07,
    "electron_correction": 2.9906452425620955e-08,
    "electron_contaminaton": false,
    "energy": "0.1-0.8nm"
}