{
  "time_tag": "2026-02-05T23:35:00Z",
  "satellite": 18,
  "flux": 0.0000013608960216515698,
  "observed_flux": 0.0000013790197499474743,
  "electron_correction": 1.812377270482557E-8,
  "electron_contaminaton": false,
  "energy": "0.1-0.8nm"
}
