{
  "time_tag": "2026-06-03T11:10:00Z",
  "satellite": 18,
  "flux": 0.0000018222241351395496,
  "observed_flux": 0.000001837048216657422,
  "electron_correction": 1.4824101945976054E-8,
  "electron_contaminaton": false,
  "energy": "0.1-0.8nm"
}
