{
  "time_tag": "2026-04-19T11:23:00Z",
  "satellite": 18,
  "flux": 3.6274329318075615E-7,
  "observed_flux": 3.77135535245543E-7,
  "electron_correction": 1.4392240288430003E-8,
  "electron_contaminaton": false,
  "energy": "0.1-0.8nm"
}
