{
  "time_tag": "2025-12-22T07:18:00Z",
  "satellite": 18,
  "flux": 0.0000012003978326902143,
  "observed_flux": 0.0000012311757018323988,
  "electron_correction": 3.077777677162885E-8,
  "electron_contaminaton": false,
  "energy": "0.1-0.8nm"
}
