{
  "time_tag": "2026-03-05T22:21:00Z",
  "satellite": 18,
  "flux": 0.0000010866863249248127,
  "observed_flux": 0.0000011103903716502828,
  "electron_correction": 2.3703995211121764E-8,
  "electron_contaminaton": false,
  "energy": "0.1-0.8nm"
}
