{
  "time_tag": "2026-05-18T22:31:00Z",
  "satellite": 18,
  "flux": 5.394956019699748E-7,
  "observed_flux": 5.933588909101672E-7,
  "electron_correction": 5.386327117662404E-8,
  "electron_contaminaton": false,
  "energy": "0.1-0.8nm"
}
