{
  "time_tag": "2026-03-22T19:36:00Z",
  "satellite": 18,
  "flux": 8.838492249196861E-7,
  "observed_flux": 9.159787168755429E-7,
  "electron_correction": 3.2129509719425187E-8,
  "electron_contaminaton": false,
  "energy": "0.1-0.8nm"
}
