{
    "time_tag": "2026-04-30T02:50:00Z",
    "satellite": 18,
    "flux": 1.1351182820362737e-06,
    "observed_flux": 1.1379602256056387e-06,
    "electron_correction": 2.8418785102957145e-09,
    "electron_contaminaton": false,
    "energy": "0.1-0.8nm"
}