{
  "time_tag": "2026-05-10T11:14:00Z",
  "satellite": 18,
  "flux": 8.037329166654672E-7,
  "observed_flux": 8.161910045600962E-7,
  "electron_correction": 1.2458050591135361E-8,
  "electron_contaminaton": false,
  "energy": "0.1-0.8nm"
}
