{
  "time_tag": "2026-05-22T05:08:00Z",
  "satellite": 18,
  "flux": 0.0000013513061958292383,
  "observed_flux": 0.0000013786891486233799,
  "electron_correction": 2.7383004308489944E-8,
  "electron_contaminaton": false,
  "energy": "0.1-0.8nm"
}
