{
  "time_tag": "2026-03-19T20:14:00Z",
  "satellite": 18,
  "flux": 3.139668081075797E-7,
  "observed_flux": 3.334477014504955E-7,
  "electron_correction": 1.9480895119272645E-8,
  "electron_contaminaton": false,
  "energy": "0.1-0.8nm"
}
