{
  "time_tag": "2026-06-14T18:38:00Z",
  "satellite": 18,
  "flux": 5.052369829172676E-7,
  "observed_flux": 5.532578484235273E-7,
  "electron_correction": 4.802090103339651E-8,
  "electron_contaminaton": false,
  "energy": "0.1-0.8nm"
}
