{
    "time_tag": "2026-06-22T02:28:00Z",
    "satellite": 18,
    "flux": 6.738952151863487e-07,
    "observed_flux": 6.823108833486913e-07,
    "electron_correction": 8.415648622417393e-09,
    "electron_contaminaton": false,
    "energy": "0.1-0.8nm"
}