{
  "time_tag": "2025-12-13T03:33:00Z",
  "satellite": 18,
  "flux": 8.287588002531265E-7,
  "observed_flux": 8.452848305751104E-7,
  "electron_correction": 1.652600900570178E-8,
  "electron_contaminaton": false,
  "energy": "0.1-0.8nm"
}
