{
  "time_tag": "2025-12-17T07:19:00Z",
  "satellite": 18,
  "flux": 6.915100811966113E-7,
  "observed_flux": 6.961413419048768E-7,
  "electron_correction": 4.631248717856806E-9,
  "electron_contaminaton": false,
  "energy": "0.1-0.8nm"
}
