{
  "time_tag": "2026-01-21T09:21:00Z",
  "satellite": 18,
  "flux": 0.0000014126858332019765,
  "observed_flux": 0.0000014378593959918362,
  "electron_correction": 2.5173626738705934E-8,
  "electron_contaminaton": false,
  "energy": "0.1-0.8nm"
}
