{
    "time_tag": "2026-05-02T16:21:00Z",
    "satellite": 18,
    "flux": 1.4024685697222594e-06,
    "observed_flux": 1.4401117596207769e-06,
    "electron_correction": 3.76432645055047e-08,
    "electron_contaminaton": false,
    "energy": "0.1-0.8nm"
}