{
  "time_tag": "2026-02-19T03:04:00Z",
  "satellite": 18,
  "flux": 3.9981713939596375E-7,
  "observed_flux": 4.3414519268480944E-7,
  "electron_correction": 3.432807105241409E-8,
  "electron_contaminaton": false,
  "energy": "0.1-0.8nm"
}
