{
  "time_tag": "2026-01-22T16:20:00Z",
  "satellite": 18,
  "flux": 0.000001502774580330879,
  "observed_flux": 0.0000015609811043759692,
  "electron_correction": 5.8206477859812367E-8,
  "electron_contaminaton": false,
  "energy": "0.1-0.8nm"
}
