{
  "time_tag": "2026-01-02T04:25:00Z",
  "satellite": 18,
  "flux": 0.0000013554783890867839,
  "observed_flux": 0.0000013621610150948982,
  "electron_correction": 6.6827068323505046E-9,
  "electron_contaminaton": false,
  "energy": "0.1-0.8nm"
}
