{
  "time_tag": "2026-06-05T06:43:00Z",
  "satellite": 18,
  "flux": 0.0000010200777751379064,
  "observed_flux": 0.0000010238519507765886,
  "electron_correction": 3.774109913479151E-9,
  "electron_contaminaton": false,
  "energy": "0.1-0.8nm"
}
