{
  "time_tag": "2026-01-04T12:19:00Z",
  "satellite": 18,
  "flux": 0.0000014214273278412293,
  "observed_flux": 0.0000014498835980703006,
  "electron_correction": 2.8456284439926094E-8,
  "electron_contaminaton": false,
  "energy": "0.1-0.8nm"
}
