{
  "time_tag": "2026-06-05T05:10:00Z",
  "satellite": 18,
  "flux": 0.0000011063561942137312,
  "observed_flux": 0.0000011129247923236107,
  "electron_correction": 6.568565247278002E-9,
  "electron_contaminaton": false,
  "energy": "0.1-0.8nm"
}
