{
    "time_tag": "2026-05-02T04:18:00Z",
    "satellite": 18,
    "flux": 9.321418588115193e-07,
    "observed_flux": 9.609510698282975e-07,
    "electron_correction": 2.8809145291575078e-08,
    "electron_contaminaton": false,
    "energy": "0.1-0.8nm"
}