{
  "time_tag": "2026-03-28T21:41:00Z",
  "satellite": 18,
  "flux": 0.0000013890594345866702,
  "observed_flux": 0.0000014235895378078567,
  "electron_correction": 3.453012809018219E-8,
  "electron_contaminaton": false,
  "energy": "0.1-0.8nm"
}
