{
  "time_tag": "2026-03-09T20:21:00Z",
  "satellite": 18,
  "flux": 8.83774134763371E-7,
  "observed_flux": 9.310509767601616E-7,
  "electron_correction": 4.727684554950429E-8,
  "electron_contaminaton": false,
  "energy": "0.1-0.8nm"
}
