{
    "time_tag": "2026-05-21T11:33:00Z",
    "satellite": 18,
    "flux": 7.709934379818151e-07,
    "observed_flux": 7.948592042339442e-07,
    "electron_correction": 2.3865794673838536e-08,
    "electron_contaminaton": false,
    "energy": "0.1-0.8nm"
}