{
  "time_tag": "2026-03-08T13:56:00Z",
  "satellite": 18,
  "flux": 7.375533641607035E-7,
  "observed_flux": 7.804295023561281E-7,
  "electron_correction": 4.287612043185618E-8,
  "electron_contaminaton": false,
  "energy": "0.1-0.8nm"
}
