{
    "time_tag": "2026-04-22T18:41:00Z",
    "satellite": 18,
    "flux": 5.526827067114937e-07,
    "observed_flux": 5.987155304865155e-07,
    "electron_correction": 4.603280956416711e-08,
    "electron_contaminaton": false,
    "energy": "0.1-0.8nm"
}