{
  "time_tag": "2026-02-03T10:09:00Z",
  "satellite": 18,
  "flux": 0.000035868200939148664,
  "observed_flux": 0.00003586943057598546,
  "electron_correction": 1.2302334706504325E-9,
  "electron_contaminaton": false,
  "energy": "0.1-0.8nm"
}
