{
    "time_tag": "2026-04-30T15:17:00Z",
    "satellite": 18,
    "flux": 1.0400087830930715e-06,
    "observed_flux": 1.0431218697704026e-06,
    "electron_correction": 3.113085567107987e-09,
    "electron_contaminaton": false,
    "energy": "0.1-0.8nm"
}