{
    "time_tag": "2026-05-27T01:20:00Z",
    "satellite": 18,
    "flux": 9.607999800209654e-07,
    "observed_flux": 9.665153584137443e-07,
    "electron_correction": 5.7154290189487256e-09,
    "electron_contaminaton": false,
    "energy": "0.1-0.8nm"
}