{
    "time_tag": "2026-04-30T20:48:00Z",
    "satellite": 18,
    "flux": 9.794490551939816e-07,
    "observed_flux": 9.973297210308374e-07,
    "electron_correction": 1.788072090391779e-08,
    "electron_contaminaton": false,
    "energy": "0.1-0.8nm"
}