{
  "time_tag": "2026-06-28T16:37:00Z",
  "satellite": 18,
  "flux": 0.0000015602834082528716,
  "observed_flux": 0.0000015993999795682612,
  "electron_correction": 3.911661039524006E-8,
  "electron_contaminaton": false,
  "energy": "0.1-0.8nm"
}
