{
  "time_tag": "2026-02-20T20:54:00Z",
  "satellite": 18,
  "flux": 3.613726562434749E-7,
  "observed_flux": 4.01693142748627E-7,
  "electron_correction": 4.032049716329311E-8,
  "electron_contaminaton": false,
  "energy": "0.1-0.8nm"
}
