{
  "time_tag": "2026-03-28T21:25:00Z",
  "satellite": 18,
  "flux": 0.0000015145093357205042,
  "observed_flux": 0.0000015501329926337348,
  "electron_correction": 3.56236000698118E-8,
  "electron_contaminaton": false,
  "energy": "0.1-0.8nm"
}
