{
  "time_tag": "2026-06-07T00:03:00Z",
  "satellite": 18,
  "flux": 9.003591685541323E-7,
  "observed_flux": 9.458748309043585E-7,
  "electron_correction": 4.551567300836723E-8,
  "electron_contaminaton": false,
  "energy": "0.1-0.8nm"
}
