{
  "time_tag": "2026-05-10T16:00:00Z",
  "satellite": 18,
  "flux": 0.0000020554903130687308,
  "observed_flux": 0.0000020723337001982145,
  "electron_correction": 1.6843465289184678E-8,
  "electron_contaminaton": false,
  "energy": "0.1-0.8nm"
}
