{
  "time_tag": "2026-01-06T11:18:00Z",
  "satellite": 18,
  "flux": 0.0000011230347354285186,
  "observed_flux": 0.000001133165255851054,
  "electron_correction": 1.013046802000872E-8,
  "electron_contaminaton": false,
  "energy": "0.1-0.8nm"
}
