{
    "time_tag": "2026-06-29T01:24:00Z",
    "satellite": 18,
    "flux": 2.4622943328722613e-06,
    "observed_flux": 2.4972891878860537e-06,
    "electron_correction": 3.4994759090523075e-08,
    "electron_contaminaton": false,
    "energy": "0.1-0.8nm"
}