{
    "time_tag": "2026-06-13T16:18:00Z",
    "satellite": 18,
    "flux": 5.952704213996185e-07,
    "observed_flux": 6.402426606655354e-07,
    "electron_correction": 4.4972249924057905e-08,
    "electron_contaminaton": false,
    "energy": "0.1-0.8nm"
}