{
    "time_tag": "2026-05-20T08:39:00Z",
    "satellite": 18,
    "flux": 5.667048981194966e-07,
    "observed_flux": 6.010483275531442e-07,
    "electron_correction": 3.434344009178858e-08,
    "electron_contaminaton": false,
    "energy": "0.1-0.8nm"
}