{
  "time_tag": "2026-05-09T09:25:00Z",
  "satellite": 18,
  "flux": 0.0000010989700740537955,
  "observed_flux": 0.0000011111358162452234,
  "electron_correction": 1.2165771501315703E-8,
  "electron_contaminaton": false,
  "energy": "0.1-0.8nm"
}
