{
  "time_tag": "2026-04-22T23:58:00Z",
  "satellite": 18,
  "flux": 0.000001066836375684943,
  "observed_flux": 0.0000011078241186623927,
  "electron_correction": 4.0987789162727495E-8,
  "electron_contaminaton": false,
  "energy": "0.1-0.8nm"
}
