{
  "time_tag": "2026-02-08T11:46:00Z",
  "satellite": 18,
  "flux": 0.000014877543435432017,
  "observed_flux": 0.000014900155292707495,
  "electron_correction": 2.2611544636674807E-8,
  "electron_contaminaton": false,
  "energy": "0.1-0.8nm"
}
