{
  "time_tag": "2025-12-15T15:19:00Z",
  "satellite": 18,
  "flux": 4.7290021143453487E-7,
  "observed_flux": 5.098133897263324E-7,
  "electron_correction": 3.6913164080942806E-8,
  "electron_contaminaton": false,
  "energy": "0.1-0.8nm"
}
