{
  "time_tag": "2026-04-18T05:19:00Z",
  "satellite": 18,
  "flux": 3.504378867091873E-7,
  "observed_flux": 3.518530036217271E-7,
  "electron_correction": 1.4151078087110136E-9,
  "electron_contaminaton": false,
  "energy": "0.1-0.8nm"
}
