{
  "time_tag": "2026-03-15T11:24:00Z",
  "satellite": 18,
  "flux": 4.935223500979191E-7,
  "observed_flux": 5.164385470379784E-7,
  "electron_correction": 2.291618805827511E-8,
  "electron_contaminaton": false,
  "energy": "0.1-0.8nm"
}
