{
  "time_tag": "2026-03-10T19:14:00Z",
  "satellite": 18,
  "flux": 0.000001464011802454479,
  "observed_flux": 0.0000015193584204098443,
  "electron_correction": 5.534664637707465E-8,
  "electron_contaminaton": false,
  "energy": "0.1-0.8nm"
}
