{
    "time_tag": "2026-06-27T14:44:00Z",
    "satellite": 18,
    "flux": 1.4475191392193665e-06,
    "observed_flux": 1.4900012956786668e-06,
    "electron_correction": 4.24821919864371e-08,
    "electron_contaminaton": false,
    "energy": "0.1-0.8nm"
}