{
  "time_tag": "2026-02-20T05:23:00Z",
  "satellite": 18,
  "flux": 4.5439318796525185E-7,
  "observed_flux": 4.652113148040371E-7,
  "electron_correction": 1.0818141937818382E-8,
  "electron_contaminaton": false,
  "energy": "0.1-0.8nm"
}
