{
  "time_tag": "2025-12-31T21:18:00Z",
  "satellite": 18,
  "flux": 0.00000156457122102438,
  "observed_flux": 0.0000015747095858387183,
  "electron_correction": 1.0138418993221876E-8,
  "electron_contaminaton": false,
  "energy": "0.1-0.8nm"
}
