{
  "time_tag": "2026-03-30T21:13:00Z",
  "satellite": 18,
  "flux": 0.0000015228990832838463,
  "observed_flux": 0.0000015478450450245873,
  "electron_correction": 2.4945926213604253E-8,
  "electron_contaminaton": false,
  "energy": "0.1-0.8nm"
}
