{
  "time_tag": "2026-01-22T12:21:00Z",
  "satellite": 18,
  "flux": 0.00000214677129406482,
  "observed_flux": 0.0000021718619791499805,
  "electron_correction": 2.5090775679359467E-8,
  "electron_contaminaton": false,
  "energy": "0.1-0.8nm"
}
