{
  "time_tag": "2026-02-22T17:09:00Z",
  "satellite": 18,
  "flux": 0.000001320281171501847,
  "observed_flux": 0.000001340017433903995,
  "electron_correction": 1.9736264178504825E-8,
  "electron_contaminaton": false,
  "energy": "0.1-0.8nm"
}
