{
  "time_tag": "2026-03-25T10:29:00Z",
  "satellite": 18,
  "flux": 0.0000010598043900245102,
  "observed_flux": 0.0000010612092182782362,
  "electron_correction": 1.4048945340405794E-9,
  "electron_contaminaton": false,
  "energy": "0.1-0.8nm"
}
