{
  "time_tag": "2026-03-31T12:46:00Z",
  "satellite": 18,
  "flux": 7.289489190043241E-7,
  "observed_flux": 7.385345384136599E-7,
  "electron_correction": 9.585614968443679E-9,
  "electron_contaminaton": false,
  "energy": "0.1-0.8nm"
}
