{
    "time_tag": "2026-06-02T22:06:00Z",
    "satellite": 18,
    "flux": 1.1519540521476301e-06,
    "observed_flux": 1.1870043863382307e-06,
    "electron_correction": 3.505036971773734e-08,
    "electron_contaminaton": false,
    "energy": "0.1-0.8nm"
}