{
  "time_tag": "2026-02-09T17:29:00Z",
  "satellite": 18,
  "flux": 0.0000012944935861014528,
  "observed_flux": 0.0000013289773050928488,
  "electron_correction": 3.448365859526348E-8,
  "electron_contaminaton": false,
  "energy": "0.1-0.8nm"
}
