{
  "time_tag": "2026-02-25T00:48:00Z",
  "satellite": 18,
  "flux": 0.000005174171292310348,
  "observed_flux": 0.000005227056135481689,
  "electron_correction": 5.288511673029461E-8,
  "electron_contaminaton": false,
  "energy": "0.1-0.8nm"
}
