{
    "time_tag": "2026-05-18T17:37:00Z",
    "satellite": 18,
    "flux": 4.218219373797183e-07,
    "observed_flux": 4.651752192330605e-07,
    "electron_correction": 4.335330672233795e-08,
    "electron_contaminaton": false,
    "energy": "0.1-0.8nm"
}