{
  "time_tag": "2026-02-27T04:58:00Z",
  "satellite": 18,
  "flux": 9.450673701394408E-7,
  "observed_flux": 9.739121651364258E-7,
  "electron_correction": 2.8844775457059768E-8,
  "electron_contaminaton": false,
  "energy": "0.1-0.8nm"
}
