{
  "time_tag": "2026-02-11T06:19:00Z",
  "satellite": 18,
  "flux": 0.0000012538597502498305,
  "observed_flux": 0.0000012547625374281779,
  "electron_correction": 9.027798508753904E-10,
  "electron_contaminaton": false,
  "energy": "0.1-0.8nm"
}
