{
  "time_tag": "2026-03-15T13:43:00Z",
  "satellite": 18,
  "flux": 4.2820454382308526E-7,
  "observed_flux": 4.765087453506567E-7,
  "electron_correction": 4.830420152757142E-8,
  "electron_contaminaton": false,
  "energy": "0.1-0.8nm"
}
