{
    "time_tag": "2026-05-13T20:09:00Z",
    "satellite": 18,
    "flux": 9.792142918740865e-07,
    "observed_flux": 9.852158200374106e-07,
    "electron_correction": 6.0015006297930995e-09,
    "electron_contaminaton": false,
    "energy": "0.1-0.8nm"
}