{
  "time_tag": "2026-05-15T19:26:00Z",
  "satellite": 18,
  "flux": 4.012679823972576E-7,
  "observed_flux": 4.2163560465269256E-7,
  "electron_correction": 2.0367643571717053E-8,
  "electron_contaminaton": false,
  "energy": "0.1-0.8nm"
}
