{
    "time_tag": "2026-05-19T21:42:00Z",
    "satellite": 18,
    "flux": 9.055216310116521e-07,
    "observed_flux": 9.452166978007881e-07,
    "electron_correction": 3.969502415657189e-08,
    "electron_contaminaton": false,
    "energy": "0.1-0.8nm"
}