{
  "time_tag": "2026-05-20T22:27:00Z",
  "satellite": 18,
  "flux": 6.174577151796257E-7,
  "observed_flux": 6.736457862643874E-7,
  "electron_correction": 5.6188056873907044E-8,
  "electron_contaminaton": false,
  "energy": "0.1-0.8nm"
}
