{
  "time_tag": "2026-03-09T12:45:00Z",
  "satellite": 18,
  "flux": 9.318044362771616E-7,
  "observed_flux": 9.647915248933714E-7,
  "electron_correction": 3.298707440535509E-8,
  "electron_contaminaton": false,
  "energy": "0.1-0.8nm"
}
