{
  "time_tag": "2026-06-11T10:27:00Z",
  "satellite": 18,
  "flux": 7.169946343310585E-7,
  "observed_flux": 7.171792049120995E-7,
  "electron_correction": 1.8457048389652897E-10,
  "electron_contaminaton": false,
  "energy": "0.1-0.8nm"
}
