{
  "time_tag": "2026-03-07T21:20:00Z",
  "satellite": 18,
  "flux": 6.743181302226731E-7,
  "observed_flux": 7.118287612684071E-7,
  "electron_correction": 3.751066657287083E-8,
  "electron_contaminaton": false,
  "energy": "0.1-0.8nm"
}
