{
  "time_tag": "2026-02-12T16:14:00Z",
  "satellite": 18,
  "flux": 5.710930395252944E-7,
  "observed_flux": 6.262510510168795E-7,
  "electron_correction": 5.51580541241492E-8,
  "electron_contaminaton": false,
  "energy": "0.1-0.8nm"
}
