{
    "time_tag": "2026-05-22T04:46:00Z",
    "satellite": 18,
    "flux": 1.1697790114340023e-06,
    "observed_flux": 1.200328938466555e-06,
    "electron_correction": 3.054994834883473e-08,
    "electron_contaminaton": false,
    "energy": "0.1-0.8nm"
}