{
  "time_tag": "2026-06-14T00:22:00Z",
  "satellite": 18,
  "flux": 5.414450470198062E-7,
  "observed_flux": 5.924173365201568E-7,
  "electron_correction": 5.097230726391899E-8,
  "electron_contaminaton": false,
  "energy": "0.1-0.8nm"
}
