{
  "time_tag": "2026-03-14T15:39:00Z",
  "satellite": 18,
  "flux": 0.0000013096380371280247,
  "observed_flux": 0.0000013601234059024137,
  "electron_correction": 5.048538653795731E-8,
  "electron_contaminaton": false,
  "energy": "0.1-0.8nm"
}
