{
    "time_tag": "2026-06-14T15:16:00Z",
    "satellite": 18,
    "flux": 5.039433403908333e-07,
    "observed_flux": 5.347296792024281e-07,
    "electron_correction": 3.0786356575163154e-08,
    "electron_contaminaton": false,
    "energy": "0.1-0.8nm"
}