{
  "time_tag": "2026-04-19T18:42:00Z",
  "satellite": 18,
  "flux": 3.978497034040629E-7,
  "observed_flux": 4.71670119850387E-7,
  "electron_correction": 7.382042355175145E-8,
  "electron_contaminaton": false,
  "energy": "0.1-0.8nm"
}
