{
  "time_tag": "2026-03-17T19:34:00Z",
  "satellite": 18,
  "flux": 4.306021423872153E-7,
  "observed_flux": 4.7523914759040053E-7,
  "electron_correction": 4.4637005203185254E-8,
  "electron_contaminaton": false,
  "energy": "0.1-0.8nm"
}
