{
  "time_tag": "2026-06-15T06:01:00Z",
  "satellite": 18,
  "flux": 5.707998411708104E-7,
  "observed_flux": 5.989122087157739E-7,
  "electron_correction": 2.811237109767717E-8,
  "electron_contaminaton": false,
  "energy": "0.1-0.8nm"
}
