{
    "time_tag": "2026-07-02T13:43:00Z",
    "satellite": 18,
    "flux": 2.7856458473252133e-06,
    "observed_flux": 2.7939620395045495e-06,
    "electron_correction": 8.316256128182431e-09,
    "electron_contaminaton": false,
    "energy": "0.1-0.8nm"
}