{
    "time_tag": "2026-05-03T12:01:00Z",
    "satellite": 18,
    "flux": 9.759384056451381e-07,
    "observed_flux": 9.949451396096265e-07,
    "electron_correction": 1.9006641593932727e-08,
    "electron_contaminaton": false,
    "energy": "0.1-0.8nm"
}