{
  "time_tag": "2026-05-21T17:18:00Z",
  "satellite": 18,
  "flux": 6.921116550984152E-7,
  "observed_flux": 7.386813081211585E-7,
  "electron_correction": 4.656966723359801E-8,
  "electron_contaminaton": false,
  "energy": "0.1-0.8nm"
}
