{
  "time_tag": "2026-03-04T22:27:00Z",
  "satellite": 18,
  "flux": 6.201566407071368E-7,
  "observed_flux": 6.572294068973861E-7,
  "electron_correction": 3.707276974296292E-8,
  "electron_contaminaton": false,
  "energy": "0.1-0.8nm"
}
