{
    "time_tag": "2026-05-16T20:27:00Z",
    "satellite": 18,
    "flux": 1.3705493984161876e-06,
    "observed_flux": 1.5127941423997981e-06,
    "electron_correction": 1.422447155619011e-07,
    "electron_contaminaton": false,
    "energy": "0.1-0.8nm"
}