{
  "time_tag": "2026-05-22T01:20:00Z",
  "satellite": 18,
  "flux": 0.0000012378843621263513,
  "observed_flux": 0.000001285094185732305,
  "electron_correction": 4.720984847494947E-8,
  "electron_contaminaton": false,
  "energy": "0.1-0.8nm"
}
