{
  "time_tag": "2026-06-05T23:38:00Z",
  "satellite": 18,
  "flux": 0.000001444780309611815,
  "observed_flux": 0.0000014763619446966914,
  "electron_correction": 3.158158534688482E-8,
  "electron_contaminaton": false,
  "energy": "0.1-0.8nm"
}
