{
  "time_tag": "2026-05-30T03:41:00Z",
  "satellite": 18,
  "flux": 8.576176355745702E-7,
  "observed_flux": 8.751770224080246E-7,
  "electron_correction": 1.755939038616816E-8,
  "electron_contaminaton": false,
  "energy": "0.1-0.8nm"
}
