{
    "time_tag": "2026-05-06T14:35:00Z",
    "satellite": 18,
    "flux": 6.222035722203145e-07,
    "observed_flux": 6.604008149224683e-07,
    "electron_correction": 3.8197239149440065e-08,
    "electron_contaminaton": false,
    "energy": "0.1-0.8nm"
}