{
  "time_tag": "2026-02-10T05:16:00Z",
  "satellite": 18,
  "flux": 0.0000013337283917280729,
  "observed_flux": 0.0000013630365174321923,
  "electron_correction": 2.930808484791214E-8,
  "electron_contaminaton": false,
  "energy": "0.1-0.8nm"
}
