{
    "time_tag": "2026-05-16T11:13:00Z",
    "satellite": 18,
    "flux": 4.7456387619604357e-07,
    "observed_flux": 5.033435854784329e-07,
    "electron_correction": 2.877973237502829e-08,
    "electron_contaminaton": false,
    "energy": "0.1-0.8nm"
}