{
  "time_tag": "2026-03-06T06:44:00Z",
  "satellite": 18,
  "flux": 6.501339839815046E-7,
  "observed_flux": 6.516419261970441E-7,
  "electron_correction": 1.5079383297589288E-9,
  "electron_contaminaton": false,
  "energy": "0.1-0.8nm"
}
