{
  "time_tag": "2026-06-05T11:58:00Z",
  "satellite": 18,
  "flux": 0.000001380645244353218,
  "observed_flux": 0.0000013810823702442576,
  "electron_correction": 4.370558637223354E-10,
  "electron_contaminaton": false,
  "energy": "0.1-0.8nm"
}
