{
  "time_tag": "2025-12-12T14:18:00Z",
  "satellite": 18,
  "flux": 0.0000011358742995071225,
  "observed_flux": 0.0000011557546031326638,
  "electron_correction": 1.9880245005765573E-8,
  "electron_contaminaton": false,
  "energy": "0.1-0.8nm"
}
