{
  "time_tag": "2026-02-28T14:03:00Z",
  "satellite": 18,
  "flux": 0.0000019809024252026575,
  "observed_flux": 0.0000020249995031917933,
  "electron_correction": 4.409712772712737E-8,
  "electron_contaminaton": false,
  "energy": "0.1-0.8nm"
}
