{
  "time_tag": "2026-05-05T05:17:00Z",
  "satellite": 18,
  "flux": 0.0000011816978258138988,
  "observed_flux": 0.0000012005687040073099,
  "electron_correction": 1.887092260233203E-8,
  "electron_contaminaton": false,
  "energy": "0.1-0.8nm"
}
