{
  "time_tag": "2026-03-09T04:24:00Z",
  "satellite": 18,
  "flux": 6.278640398704738E-7,
  "observed_flux": 6.560054544024752E-7,
  "electron_correction": 2.8141379004864575E-8,
  "electron_contaminaton": false,
  "energy": "0.1-0.8nm"
}
