{
  "time_tag": "2026-05-06T20:54:00Z",
  "satellite": 18,
  "flux": 6.136781962595705E-7,
  "observed_flux": 6.64678736939095E-7,
  "electron_correction": 5.1000526468669705E-8,
  "electron_contaminaton": false,
  "energy": "0.1-0.8nm"
}
