{
  "time_tag": "2026-06-13T17:42:00Z",
  "satellite": 18,
  "flux": 5.543245151784504E-7,
  "observed_flux": 6.033343424860504E-7,
  "electron_correction": 4.900980954403167E-8,
  "electron_contaminaton": false,
  "energy": "0.1-0.8nm"
}
