{
  "time_tag": "2026-03-08T23:03:00Z",
  "satellite": 18,
  "flux": 5.330419412530318E-7,
  "observed_flux": 5.895506092201686E-7,
  "electron_correction": 5.650869638884615E-8,
  "electron_contaminaton": false,
  "energy": "0.1-0.8nm"
}
