{
    "time_tag": "2026-04-29T18:55:00Z",
    "satellite": 18,
    "flux": 1.0241926702292403e-06,
    "observed_flux": 1.0311898677173303e-06,
    "electron_correction": 6.99720636987422e-09,
    "electron_contaminaton": false,
    "energy": "0.1-0.8nm"
}