{
  "time_tag": "2026-05-22T07:53:00Z",
  "satellite": 18,
  "flux": 7.264666805895104E-7,
  "observed_flux": 7.43362363664346E-7,
  "electron_correction": 1.6895699062047242E-8,
  "electron_contaminaton": false,
  "energy": "0.1-0.8nm"
}
