{
    "time_tag": "2026-05-22T23:04:00Z",
    "satellite": 18,
    "flux": 8.653343002151814e-07,
    "observed_flux": 9.060915431291505e-07,
    "electron_correction": 4.075722870311438e-08,
    "electron_contaminaton": false,
    "energy": "0.1-0.8nm"
}