{
  "time_tag": "2026-03-29T20:05:00Z",
  "satellite": 18,
  "flux": 0.000001907538489831495,
  "observed_flux": 0.0000019252490801591193,
  "electron_correction": 1.7710702238105114E-8,
  "electron_contaminaton": false,
  "energy": "0.1-0.8nm"
}
