{
  "time_tag": "2026-05-07T19:48:00Z",
  "satellite": 18,
  "flux": 9.702075658424292E-7,
  "observed_flux": 0.0000010047050409411895,
  "electron_correction": 3.4497496415042406E-8,
  "electron_contaminaton": false,
  "energy": "0.1-0.8nm"
}
