{
  "time_tag": "2026-03-15T21:37:00Z",
  "satellite": 18,
  "flux": 3.8953069747549307E-7,
  "observed_flux": 4.5644901547348127E-7,
  "electron_correction": 6.691831089256084E-8,
  "electron_contaminaton": false,
  "energy": "0.1-0.8nm"
}
