{
    "time_tag": "2026-05-07T12:01:00Z",
    "satellite": 18,
    "flux": 7.592058182126493e-07,
    "observed_flux": 7.832311439415207e-07,
    "electron_correction": 2.402527954359357e-08,
    "electron_contaminaton": false,
    "energy": "0.1-0.8nm"
}