{
    "time_tag": "2026-06-30T23:51:00Z",
    "satellite": 18,
    "flux": 2.436345539535978e-06,
    "observed_flux": 2.4465718979627127e-06,
    "electron_correction": 1.0226346880415349e-08,
    "electron_contaminaton": false,
    "energy": "0.1-0.8nm"
}