{
  "time_tag": "2026-04-25T14:29:00Z",
  "satellite": 18,
  "flux": 0.0000034140491607104195,
  "observed_flux": 0.000003420005214138655,
  "electron_correction": 5.956174664589753E-9,
  "electron_contaminaton": false,
  "energy": "0.1-0.8nm"
}
