{
  "time_tag": "2026-03-22T09:54:00Z",
  "satellite": 18,
  "flux": 8.194476208700507E-7,
  "observed_flux": 8.210695341404062E-7,
  "electron_correction": 1.6219056098165652E-9,
  "electron_contaminaton": false,
  "energy": "0.1-0.8nm"
}
