{
  "time_tag": "2026-01-21T18:22:00Z",
  "satellite": 18,
  "flux": 0.000006253750598261831,
  "observed_flux": 0.0000063768575273570605,
  "electron_correction": 1.2310714225804986E-7,
  "electron_contaminaton": false,
  "energy": "0.1-0.8nm"
}
