{
  "time_tag": "2026-02-06T17:12:00Z",
  "satellite": 18,
  "flux": 0.0000020191914700262714,
  "observed_flux": 0.000002084189645756851,
  "electron_correction": 6.499813309801539E-8,
  "electron_contaminaton": false,
  "energy": "0.1-0.8nm"
}
