{
    "time_tag": "2026-05-22T00:07:00Z",
    "satellite": 18,
    "flux": 8.4429137814368e-07,
    "observed_flux": 8.889645073395513e-07,
    "electron_correction": 4.46731114323029e-08,
    "electron_contaminaton": false,
    "energy": "0.1-0.8nm"
}