{
    "time_tag": "2026-05-02T10:51:00Z",
    "satellite": 18,
    "flux": 1.956245341716567e-06,
    "observed_flux": 1.977014790099929e-06,
    "electron_correction": 2.07693027221012e-08,
    "electron_contaminaton": false,
    "energy": "0.1-0.8nm"
}