{
  "time_tag": "2026-06-05T01:24:00Z",
  "satellite": 18,
  "flux": 8.943687817009049E-7,
  "observed_flux": 9.028607905747776E-7,
  "electron_correction": 8.491994663017977E-9,
  "electron_contaminaton": false,
  "energy": "0.1-0.8nm"
}
