{
    "time_tag": "2026-05-14T03:46:00Z",
    "satellite": 18,
    "flux": 1.943184088304406e-06,
    "observed_flux": 1.9474011878628517e-06,
    "electron_correction": 4.21693746588403e-09,
    "electron_contaminaton": false,
    "energy": "0.1-0.8nm"
}