{
    "time_tag": "2026-04-29T16:44:00Z",
    "satellite": 18,
    "flux": 1.259600594494259e-06,
    "observed_flux": 1.2658268815357587e-06,
    "electron_correction": 6.226234194883773e-09,
    "electron_contaminaton": false,
    "energy": "0.1-0.8nm"
}