{
    "time_tag": "2026-05-02T20:22:00Z",
    "satellite": 18,
    "flux": 1.729987388898735e-06,
    "observed_flux": 1.775223381628166e-06,
    "electron_correction": 4.523595364958055e-08,
    "electron_contaminaton": false,
    "energy": "0.1-0.8nm"
}