{
  "time_tag": "2026-01-25T18:20:00Z",
  "satellite": 18,
  "flux": 0.0000013198244914747193,
  "observed_flux": 0.0000013859661294191028,
  "electron_correction": 6.61416450498109E-8,
  "electron_contaminaton": false,
  "energy": "0.1-0.8nm"
}
