{
  "time_tag": "2026-02-07T07:21:00Z",
  "satellite": 18,
  "flux": 0.00000147932894378755,
  "observed_flux": 0.00000151827384797798,
  "electron_correction": 3.8944953928421455E-8,
  "electron_contaminaton": false,
  "energy": "0.1-0.8nm"
}
