{
  "time_tag": "2026-03-29T15:40:00Z",
  "satellite": 18,
  "flux": 0.000001150192360910296,
  "observed_flux": 0.0000011661115877359407,
  "electron_correction": 1.5919143336873276E-8,
  "electron_contaminaton": false,
  "energy": "0.1-0.8nm"
}
