{
    "time_tag": "2026-05-17T05:57:00Z",
    "satellite": 18,
    "flux": 6.170367328195425e-07,
    "observed_flux": 6.672908057225868e-07,
    "electron_correction": 5.025404803404854e-08,
    "electron_contaminaton": false,
    "energy": "0.1-0.8nm"
}