{
    "time_tag": "2026-06-01T05:14:00Z",
    "satellite": 18,
    "flux": 7.509789838877623e-07,
    "observed_flux": 7.679978466512694e-07,
    "electron_correction": 1.701888763250281e-08,
    "electron_contaminaton": false,
    "energy": "0.1-0.8nm"
}