{
    "time_tag": "2026-06-28T07:54:00Z",
    "satellite": 18,
    "flux": 1.537374714644102e-06,
    "observed_flux": 1.560872533445945e-06,
    "electron_correction": 2.34978099200589e-08,
    "electron_contaminaton": false,
    "energy": "0.1-0.8nm"
}