{
  "time_tag": "2026-05-07T09:33:00Z",
  "satellite": 18,
  "flux": 6.713538027725008E-7,
  "observed_flux": 6.912606522746501E-7,
  "electron_correction": 1.9906893911070256E-8,
  "electron_contaminaton": false,
  "energy": "0.1-0.8nm"
}
