{
    "time_tag": "2026-04-25T19:29:00Z",
    "satellite": 18,
    "flux": 1.0409845572212362e-06,
    "observed_flux": 1.05870515199058e-06,
    "electron_correction": 1.772066049454679e-08,
    "electron_contaminaton": false,
    "energy": "0.1-0.8nm"
}