{
  "time_tag": "2026-05-23T06:02:00Z",
  "satellite": 18,
  "flux": 0.0000014220460116121103,
  "observed_flux": 0.0000014373666772371507,
  "electron_correction": 1.532066562504042E-8,
  "electron_contaminaton": false,
  "energy": "0.1-0.8nm"
}
