{
  "time_tag": "2026-03-08T14:37:00Z",
  "satellite": 18,
  "flux": 9.436385539629555E-7,
  "observed_flux": 9.783123005036032E-7,
  "electron_correction": 3.467380338406656E-8,
  "electron_contaminaton": false,
  "energy": "0.1-0.8nm"
}
