{
  "time_tag": "2026-02-06T23:01:00Z",
  "satellite": 18,
  "flux": 0.0000013057283467787784,
  "observed_flux": 0.0000013687745195056777,
  "electron_correction": 6.304611588348052E-8,
  "electron_contaminaton": false,
  "energy": "0.1-0.8nm"
}
