{
  "time_tag": "2026-03-24T07:06:00Z",
  "satellite": 18,
  "flux": 6.601162567676511E-7,
  "observed_flux": 7.050830959087762E-7,
  "electron_correction": 4.4966828482984056E-8,
  "electron_contaminaton": false,
  "energy": "0.1-0.8nm"
}
