{
  "time_tag": "2025-12-25T03:41:00Z",
  "satellite": 18,
  "flux": 0.0000014751801700185752,
  "observed_flux": 0.0000014922459286026424,
  "electron_correction": 1.706571595150308E-8,
  "electron_contaminaton": false,
  "energy": "0.1-0.8nm"
}
