{
  "time_tag": "2026-02-26T10:44:00Z",
  "satellite": 18,
  "flux": 9.259716193810164E-7,
  "observed_flux": 9.464985737395182E-7,
  "electron_correction": 2.052697389842706E-8,
  "electron_contaminaton": false,
  "energy": "0.1-0.8nm"
}
