{
  "time_tag": "2026-06-24T18:50:00Z",
  "satellite": 18,
  "flux": 0.0000017684717477095546,
  "observed_flux": 0.0000017932985656443634,
  "electron_correction": 2.482678418402884E-8,
  "electron_contaminaton": false,
  "energy": "0.1-0.8nm"
}
