{
    "time_tag": "2026-06-27T12:16:00Z",
    "satellite": 18,
    "flux": 2.2376987089955946e-06,
    "observed_flux": 2.273882728331955e-06,
    "electron_correction": 3.618394828208693e-08,
    "electron_contaminaton": false,
    "energy": "0.1-0.8nm"
}