{
    "time_tag": "2026-06-23T23:54:00Z",
    "satellite": 18,
    "flux": 2.6550724214757793e-06,
    "observed_flux": 2.6569341571303084e-06,
    "electron_correction": 1.8618923069979587e-09,
    "electron_contaminaton": false,
    "energy": "0.1-0.8nm"
}