{
  "time_tag": "2026-05-12T12:55:00Z",
  "satellite": 18,
  "flux": 0.0000013821522770740557,
  "observed_flux": 0.0000013900973954150686,
  "electron_correction": 7.945135216402832E-9,
  "electron_contaminaton": false,
  "energy": "0.1-0.8nm"
}
