{
    "time_tag": "2026-06-10T06:34:00Z",
    "satellite": 18,
    "flux": 7.456825414919876e-07,
    "observed_flux": 7.562603627775388e-07,
    "electron_correction": 1.0577831943692217e-08,
    "electron_contaminaton": false,
    "energy": "0.1-0.8nm"
}