{
  "time_tag": "2026-03-19T12:38:00Z",
  "satellite": 18,
  "flux": 2.733896167228522E-7,
  "observed_flux": 2.8340789981484704E-7,
  "electron_correction": 1.0018308849168989E-8,
  "electron_contaminaton": false,
  "energy": "0.1-0.8nm"
}
