{
  "time_tag": "2025-12-25T04:22:00Z",
  "satellite": 18,
  "flux": 0.0000019032780755878775,
  "observed_flux": 0.0000019428612176852766,
  "electron_correction": 3.958317762453589E-8,
  "electron_contaminaton": false,
  "energy": "0.1-0.8nm"
}
