{
  "time_tag": "2026-03-11T23:21:00Z",
  "satellite": 18,
  "flux": 5.927643655923021E-7,
  "observed_flux": 6.47642252715741E-7,
  "electron_correction": 5.4877887123438995E-8,
  "electron_contaminaton": false,
  "energy": "0.1-0.8nm"
}
