{
  "time_tag": "2026-04-26T18:47:00Z",
  "satellite": 18,
  "flux": 0.000003520286099956138,
  "observed_flux": 0.000003544332912497339,
  "electron_correction": 2.4046824975698655E-8,
  "electron_contaminaton": false,
  "energy": "0.1-0.8nm"
}
