{
    "time_tag": "2026-05-21T19:14:00Z",
    "satellite": 18,
    "flux": 7.674591415707255e-07,
    "observed_flux": 8.278232144220965e-07,
    "electron_correction": 6.036407995679838e-08,
    "electron_contaminaton": false,
    "energy": "0.1-0.8nm"
}