{
  "time_tag": "2026-04-18T23:14:00Z",
  "satellite": 18,
  "flux": 3.0442421916632156E-7,
  "observed_flux": 3.522125098243123E-7,
  "electron_correction": 4.778829421070441E-8,
  "electron_contaminaton": false,
  "energy": "0.1-0.8nm"
}
