{
  "time_tag": "2026-06-17T07:36:00Z",
  "satellite": 18,
  "flux": 5.202957140681974E-7,
  "observed_flux": 5.292758942232467E-7,
  "electron_correction": 8.980173049621953E-9,
  "electron_contaminaton": false,
  "energy": "0.1-0.8nm"
}
