{
  "time_tag": "2026-03-28T12:47:00Z",
  "satellite": 18,
  "flux": 0.000002103761289617978,
  "observed_flux": 0.000002105698285959079,
  "electron_correction": 1.9370360870851755E-9,
  "electron_contaminaton": false,
  "energy": "0.1-0.8nm"
}
