{
  "time_tag": "2026-06-19T04:07:00Z",
  "satellite": 18,
  "flux": 4.467261760510155E-7,
  "observed_flux": 4.493273308980861E-7,
  "electron_correction": 2.601136861457576E-9,
  "electron_contaminaton": false,
  "energy": "0.1-0.8nm"
}
