{
  "time_tag": "2026-03-15T13:18:00Z",
  "satellite": 18,
  "flux": 4.782883706866414E-7,
  "observed_flux": 5.211923621573078E-7,
  "electron_correction": 4.290399147066637E-8,
  "electron_contaminaton": false,
  "energy": "0.1-0.8nm"
}
