{
  "time_tag": "2026-03-25T23:24:00Z",
  "satellite": 18,
  "flux": 0.0000011902999403901049,
  "observed_flux": 0.0000012397661066643195,
  "electron_correction": 4.946616627421463E-8,
  "electron_contaminaton": false,
  "energy": "0.1-0.8nm"
}
