{
  "time_tag": "2026-04-20T04:19:00Z",
  "satellite": 18,
  "flux": 5.589756710833171E-7,
  "observed_flux": 6.062152237973351E-7,
  "electron_correction": 4.7239566924872634E-8,
  "electron_contaminaton": false,
  "energy": "0.1-0.8nm"
}
