{
  "time_tag": "2025-12-27T18:19:00Z",
  "satellite": 18,
  "flux": 0.0000020873883386229863,
  "observed_flux": 0.000002136493549187435,
  "electron_correction": 4.910529582957679E-8,
  "electron_contaminaton": false,
  "energy": "0.1-0.8nm"
}
