{
  "time_tag": "2026-04-22T13:48:00Z",
  "satellite": 18,
  "flux": 6.967576950955845E-7,
  "observed_flux": 7.23848700090457E-7,
  "electron_correction": 2.709098012587674E-8,
  "electron_contaminaton": false,
  "energy": "0.1-0.8nm"
}
