{
  "time_tag": "2026-03-10T14:16:00Z",
  "satellite": 18,
  "flux": 7.731909477115551E-7,
  "observed_flux": 7.807265092196758E-7,
  "electron_correction": 7.535597923435944E-9,
  "electron_contaminaton": false,
  "energy": "0.1-0.8nm"
}
