{
    "time_tag": "2026-04-25T10:07:00Z",
    "satellite": 18,
    "flux": 1.3585392935056007e-06,
    "observed_flux": 1.3617957392852986e-06,
    "electron_correction": 3.2564877461283004e-09,
    "electron_contaminaton": false,
    "energy": "0.1-0.8nm"
}