{
  "time_tag": "2026-03-20T11:55:00Z",
  "satellite": 18,
  "flux": 4.091864127531153E-7,
  "observed_flux": 4.0918973809311865E-7,
  "electron_correction": 3.322922666193495E-12,
  "electron_contaminaton": false,
  "energy": "0.1-0.8nm"
}
