{
    "time_tag": "2026-05-07T19:55:00Z",
    "satellite": 18,
    "flux": 9.548401749270852e-07,
    "observed_flux": 9.916157068801112e-07,
    "electron_correction": 3.677554616388079e-08,
    "electron_contaminaton": false,
    "energy": "0.1-0.8nm"
}