{
    "time_tag": "2026-06-21T15:57:00Z",
    "satellite": 18,
    "flux": 6.350148282763257e-07,
    "observed_flux": 6.478841214629938e-07,
    "electron_correction": 1.2869277199456519e-08,
    "electron_contaminaton": false,
    "energy": "0.1-0.8nm"
}