{
  "time_tag": "2026-03-16T20:08:00Z",
  "satellite": 18,
  "flux": 4.7127645075306646E-7,
  "observed_flux": 5.154171844878874E-7,
  "electron_correction": 4.4140715971252575E-8,
  "electron_contaminaton": false,
  "energy": "0.1-0.8nm"
}
