{
  "time_tag": "2026-03-11T22:24:00Z",
  "satellite": 18,
  "flux": 6.097055802456453E-7,
  "observed_flux": 6.637865226366557E-7,
  "electron_correction": 5.408093173286943E-8,
  "electron_contaminaton": false,
  "energy": "0.1-0.8nm"
}
