{
  "time_tag": "2026-03-20T17:58:00Z",
  "satellite": 18,
  "flux": 3.4832612527679885E-7,
  "observed_flux": 3.5386895547162567E-7,
  "electron_correction": 5.542818204418154E-9,
  "electron_contaminaton": false,
  "energy": "0.1-0.8nm"
}
