{
    "time_tag": "2026-06-17T22:06:00Z",
    "satellite": 18,
    "flux": 4.918062472825113e-07,
    "observed_flux": 5.073183615422749e-07,
    "electron_correction": 1.5512094719838387e-08,
    "electron_contaminaton": false,
    "energy": "0.1-0.8nm"
}