{
    "time_tag": "2026-05-07T02:16:00Z",
    "satellite": 18,
    "flux": 4.497124336921843e-06,
    "observed_flux": 4.530324986262713e-06,
    "electron_correction": 3.320067776257929e-08,
    "electron_contaminaton": false,
    "energy": "0.1-0.8nm"
}