{
    "time_tag": "2026-05-08T07:22:00Z",
    "satellite": 18,
    "flux": 7.024780188658042e-07,
    "observed_flux": 7.035505973362888e-07,
    "electron_correction": 1.07261244330914e-09,
    "electron_contaminaton": false,
    "energy": "0.1-0.8nm"
}