{
  "time_tag": "2026-05-22T20:43:00Z",
  "satellite": 18,
  "flux": 8.51476045227173E-7,
  "observed_flux": 8.880874133865291E-7,
  "electron_correction": 3.661140013377917E-8,
  "electron_contaminaton": false,
  "energy": "0.1-0.8nm"
}
