{
  "time_tag": "2026-05-20T12:17:00Z",
  "satellite": 18,
  "flux": 5.345928002498113E-7,
  "observed_flux": 5.700618999071594E-7,
  "electron_correction": 3.546911386820284E-8,
  "electron_contaminaton": false,
  "energy": "0.1-0.8nm"
}
