{
    "time_tag": "2026-06-19T13:41:00Z",
    "satellite": 18,
    "flux": 5.363149284676183e-07,
    "observed_flux": 5.490260832630156e-07,
    "electron_correction": 1.271114058454259e-08,
    "electron_contaminaton": false,
    "energy": "0.1-0.8nm"
}