{
  "time_tag": "2026-05-06T19:50:00Z",
  "satellite": 18,
  "flux": 8.753518159210216E-7,
  "observed_flux": 9.32522198127117E-7,
  "electron_correction": 5.717035733709963E-8,
  "electron_contaminaton": false,
  "energy": "0.1-0.8nm"
}
