{
  "time_tag": "2026-03-18T17:21:00Z",
  "satellite": 18,
  "flux": 4.84761812913348E-7,
  "observed_flux": 5.110694019094808E-7,
  "electron_correction": 2.630757300892128E-8,
  "electron_contaminaton": false,
  "energy": "0.1-0.8nm"
}
