{
  "time_tag": "2025-12-22T17:17:00Z",
  "satellite": 18,
  "flux": 8.334914696206397E-7,
  "observed_flux": 9.226107522408711E-7,
  "electron_correction": 8.911931104194082E-8,
  "electron_contaminaton": false,
  "energy": "0.1-0.8nm"
}
