{
  "time_tag": "2026-02-07T19:23:00Z",
  "satellite": 18,
  "flux": 0.000002428752850391902,
  "observed_flux": 0.0000024792661861283705,
  "electron_correction": 5.051322204963071E-8,
  "electron_contaminaton": false,
  "energy": "0.1-0.8nm"
}
