{
  "time_tag": "2026-03-06T15:16:00Z",
  "satellite": 18,
  "flux": 6.216711767592642E-7,
  "observed_flux": 6.39130803392618E-7,
  "electron_correction": 1.745966571320423E-8,
  "electron_contaminaton": false,
  "energy": "0.1-0.8nm"
}
