{
  "time_tag": "2026-01-23T04:28:00Z",
  "satellite": 18,
  "flux": 0.0000013756036878476152,
  "observed_flux": 0.0000013802541616314556,
  "electron_correction": 4.650426710384181E-9,
  "electron_contaminaton": false,
  "energy": "0.1-0.8nm"
}
