{
  "time_tag": "2026-02-06T07:55:00Z",
  "satellite": 18,
  "flux": 0.0000026754566988529405,
  "observed_flux": 0.0000026841591989068547,
  "electron_correction": 8.702309095554028E-9,
  "electron_contaminaton": false,
  "energy": "0.1-0.8nm"
}
