{
  "time_tag": "2026-03-06T18:44:00Z",
  "satellite": 18,
  "flux": 6.341771836559928E-7,
  "observed_flux": 6.491474664471752E-7,
  "electron_correction": 1.497027568575504E-8,
  "electron_contaminaton": false,
  "energy": "0.1-0.8nm"
}
