{
  "time_tag": "2026-05-29T08:02:00Z",
  "satellite": 19,
  "flux": 0.0000015626437743776478,
  "observed_flux": 0.0000015661424868085305,
  "electron_correction": 3.498745737573472E-9,
  "electron_contaminaton": false,
  "energy": "0.1-0.8nm"
}
