{
  "time_tag": "2026-04-30T23:30:00Z",
  "satellite": 18,
  "flux": 9.927614428306697E-7,
  "observed_flux": 9.99897793008131E-7,
  "electron_correction": 7.136386592776489E-9,
  "electron_contaminaton": false,
  "energy": "0.1-0.8nm"
}
