{
  "time_tag": "2025-12-24T21:17:00Z",
  "satellite": 18,
  "flux": 0.000002848106987585197,
  "observed_flux": 0.0000029218458621471655,
  "electron_correction": 7.373879640226733E-8,
  "electron_contaminaton": false,
  "energy": "0.1-0.8nm"
}
