{
  "time_tag": "2026-01-15T07:19:00Z",
  "satellite": 18,
  "flux": 0.000004799436737812357,
  "observed_flux": 0.000004810215614270419,
  "electron_correction": 1.0779090509061007E-8,
  "electron_contaminaton": false,
  "energy": "0.1-0.8nm"
}
