{
  "time_tag": "2026-03-01T09:53:00Z",
  "satellite": 18,
  "flux": 0.0000010163341812585713,
  "observed_flux": 0.0000010322429488951457,
  "electron_correction": 1.5908740991221748E-8,
  "electron_contaminaton": false,
  "energy": "0.1-0.8nm"
}
