{
  "time_tag": "2026-03-19T16:33:00Z",
  "satellite": 18,
  "flux": 4.0425493352813646E-7,
  "observed_flux": 4.2049430248880526E-7,
  "electron_correction": 1.6239358302527762E-8,
  "electron_contaminaton": false,
  "energy": "0.1-0.8nm"
}
