{
  "time_tag": "2026-06-27T01:58:00Z",
  "satellite": 18,
  "flux": 0.000001457478560951131,
  "observed_flux": 0.0000015025074162622332,
  "electron_correction": 4.502880912582441E-8,
  "electron_contaminaton": false,
  "energy": "0.1-0.8nm"
}
