{
  "time_tag": "2026-06-16T23:44:00Z",
  "satellite": 18,
  "flux": 5.214988050283864E-7,
  "observed_flux": 5.580128004112339E-7,
  "electron_correction": 3.651396696113807E-8,
  "electron_contaminaton": false,
  "energy": "0.1-0.8nm"
}
