{
  "time_tag": "2026-03-07T04:07:00Z",
  "satellite": 18,
  "flux": 6.295963430602569E-7,
  "observed_flux": 6.29740043223137E-7,
  "electron_correction": 1.4373957579749685E-10,
  "electron_contaminaton": false,
  "energy": "0.1-0.8nm"
}
