{
  "time_tag": "2026-02-14T21:20:00Z",
  "satellite": 18,
  "flux": 5.417903139459668E-7,
  "observed_flux": 5.62673619697307E-7,
  "electron_correction": 2.088330397498339E-8,
  "electron_contaminaton": false,
  "energy": "0.1-0.8nm"
}
