{
    "time_tag": "2026-06-26T11:07:00Z",
    "satellite": 18,
    "flux": 1.0100804956891807e-06,
    "observed_flux": 1.0404706927147345e-06,
    "electron_correction": 3.039017215655804e-08,
    "electron_contaminaton": false,
    "energy": "0.1-0.8nm"
}