{
    "time_tag": "2026-04-26T08:39:00Z",
    "satellite": 18,
    "flux": 9.375356171403837e-07,
    "observed_flux": 9.399569762535975e-07,
    "electron_correction": 2.421343792136099e-09,
    "electron_contaminaton": false,
    "energy": "0.1-0.8nm"
}