{
  "time_tag": "2025-12-17T20:19:00Z",
  "satellite": 18,
  "flux": 6.949894100216625E-7,
  "observed_flux": 7.637096359758289E-7,
  "electron_correction": 6.872021884873902E-8,
  "electron_contaminaton": false,
  "energy": "0.1-0.8nm"
}
