{
    "time_tag": "2026-05-08T15:54:00Z",
    "satellite": 18,
    "flux": 3.829106844932539e-06,
    "observed_flux": 3.8413509173551574e-06,
    "electron_correction": 1.2243758007457473e-08,
    "electron_contaminaton": false,
    "energy": "0.1-0.8nm"
}