{
  "time_tag": "2026-05-22T11:24:00Z",
  "satellite": 18,
  "flux": 0.000005529679128812859,
  "observed_flux": 0.000005552023594646016,
  "electron_correction": 2.2344488925796213E-8,
  "electron_contaminaton": false,
  "energy": "0.1-0.8nm"
}
