{
  "time_tag": "2026-03-11T07:43:00Z",
  "satellite": 18,
  "flux": 6.133327019597345E-7,
  "observed_flux": 6.26970006578631E-7,
  "electron_correction": 1.3637303730718031E-8,
  "electron_contaminaton": false,
  "energy": "0.1-0.8nm"
}
