{
    "time_tag": "2026-05-15T00:46:00Z",
    "satellite": 18,
    "flux": 1.4745705811947118e-06,
    "observed_flux": 1.4871958455842105e-06,
    "electron_correction": 1.2625246625930231e-08,
    "electron_contaminaton": false,
    "energy": "0.1-0.8nm"
}