{
  "time_tag": "2026-02-12T20:56:00Z",
  "satellite": 18,
  "flux": 5.356501446840412E-7,
  "observed_flux": 5.745080216001952E-7,
  "electron_correction": 3.885789823243613E-8,
  "electron_contaminaton": false,
  "energy": "0.1-0.8nm"
}
