{
  "time_tag": "2026-04-27T16:46:00Z",
  "satellite": 18,
  "flux": 9.93498019852268E-7,
  "observed_flux": 0.0000010041309224106953,
  "electron_correction": 1.0632819957834272E-8,
  "electron_contaminaton": false,
  "energy": "0.1-0.8nm"
}
