{
  "time_tag": "2026-05-19T20:57:00Z",
  "satellite": 18,
  "flux": 4.90294553401327E-7,
  "observed_flux": 5.442865358418203E-7,
  "electron_correction": 5.3992007309489054E-8,
  "electron_contaminaton": false,
  "energy": "0.1-0.8nm"
}
