{
  "time_tag": "2026-03-01T15:21:00Z",
  "satellite": 18,
  "flux": 0.000001826699417506461,
  "observed_flux": 0.0000018638214669408626,
  "electron_correction": 3.712201745997845E-8,
  "electron_contaminaton": false,
  "energy": "0.1-0.8nm"
}
