{
    "time_tag": "2026-04-22T22:05:00Z",
    "satellite": 18,
    "flux": 7.084209414642828e-07,
    "observed_flux": 7.600968388032925e-07,
    "electron_correction": 5.167590444443704e-08,
    "electron_contaminaton": false,
    "energy": "0.1-0.8nm"
}