{
  "time_tag": "2026-03-07T19:21:00Z",
  "satellite": 18,
  "flux": 9.347987202090735E-7,
  "observed_flux": 9.811615200305823E-7,
  "electron_correction": 4.636287442849607E-8,
  "electron_contaminaton": false,
  "energy": "0.1-0.8nm"
}
