{
  "time_tag": "2026-03-18T15:42:00Z",
  "satellite": 18,
  "flux": 6.197392963258608E-7,
  "observed_flux": 6.39798486190557E-7,
  "electron_correction": 2.0059161442986806E-8,
  "electron_contaminaton": false,
  "energy": "0.1-0.8nm"
}
