{
  "time_tag": "2026-01-10T08:19:00Z",
  "satellite": 18,
  "flux": 4.761986929224804E-7,
  "observed_flux": 4.833121352021408E-7,
  "electron_correction": 7.113427180627241E-9,
  "electron_contaminaton": false,
  "energy": "0.1-0.8nm"
}
