{
  "time_tag": "2026-02-05T20:21:00Z",
  "satellite": 18,
  "flux": 0.000001430158590665087,
  "observed_flux": 0.0000014533206922351383,
  "electron_correction": 2.3162124662690076E-8,
  "electron_contaminaton": false,
  "energy": "0.1-0.8nm"
}
