{
  "time_tag": "2026-02-21T09:27:00Z",
  "satellite": 18,
  "flux": 3.075709571476182E-7,
  "observed_flux": 3.0906682013664977E-7,
  "electron_correction": 1.4958507765783224E-9,
  "electron_contaminaton": false,
  "energy": "0.1-0.8nm"
}
