{
    "time_tag": "2026-06-02T19:55:00Z",
    "satellite": 18,
    "flux": 1.165286903415108e-06,
    "observed_flux": 1.205953140015481e-06,
    "electron_correction": 4.0666218836804546e-08,
    "electron_contaminaton": false,
    "energy": "0.1-0.8nm"
}