{
  "time_tag": "2026-05-14T23:03:00Z",
  "satellite": 18,
  "flux": 8.909931352718559E-7,
  "observed_flux": 9.099611020246812E-7,
  "electron_correction": 1.8967972081895823E-8,
  "electron_contaminaton": false,
  "energy": "0.1-0.8nm"
}
