{
  "time_tag": "2026-01-25T02:57:00Z",
  "satellite": 18,
  "flux": 0.0000010626376933942083,
  "observed_flux": 0.0000010993534260705928,
  "electron_correction": 3.67157504399529E-8,
  "electron_contaminaton": false,
  "energy": "0.1-0.8nm"
}
