{
    "time_tag": "2026-05-09T14:31:00Z",
    "satellite": 18,
    "flux": 1.5853078139116406e-06,
    "observed_flux": 1.6064628880485543e-06,
    "electron_correction": 2.115508834776847e-08,
    "electron_contaminaton": false,
    "energy": "0.1-0.8nm"
}