{
  "time_tag": "2026-01-28T22:19:00Z",
  "satellite": 18,
  "flux": 7.722732675574662E-7,
  "observed_flux": 8.074283073256083E-7,
  "electron_correction": 3.515506818985159E-8,
  "electron_contaminaton": false,
  "energy": "0.1-0.8nm"
}
