{
  "time_tag": "2025-12-25T19:16:00Z",
  "satellite": 18,
  "flux": 0.0000017335510165139567,
  "observed_flux": 0.0000017841947510532918,
  "electron_correction": 5.064364572149316E-8,
  "electron_contaminaton": false,
  "energy": "0.1-0.8nm"
}
