{
  "time_tag": "2026-03-01T19:22:00Z",
  "satellite": 18,
  "flux": 0.0000011935716202060576,
  "observed_flux": 0.0000012470027286326513,
  "electron_correction": 5.3431030266892776E-8,
  "electron_contaminaton": false,
  "energy": "0.1-0.8nm"
}
