{
  "time_tag": "2026-02-09T09:02:00Z",
  "satellite": 18,
  "flux": 0.0000036239350720279617,
  "observed_flux": 0.0000036395847473613685,
  "electron_correction": 1.5649462170586048E-8,
  "electron_contaminaton": false,
  "energy": "0.1-0.8nm"
}
