{
  "time_tag": "2026-02-19T11:15:00Z",
  "satellite": 18,
  "flux": 4.499217993725324E-7,
  "observed_flux": 4.5069998577673687E-7,
  "electron_correction": 7.781985611465814E-10,
  "electron_contaminaton": false,
  "energy": "0.1-0.8nm"
}
