{
  "time_tag": "2026-04-21T11:45:00Z",
  "satellite": 18,
  "flux": 0.0000012779447615685058,
  "observed_flux": 0.0000013118872175255092,
  "electron_correction": 3.394249858956755E-8,
  "electron_contaminaton": false,
  "energy": "0.1-0.8nm"
}
