{
  "time_tag": "2026-02-22T19:48:00Z",
  "satellite": 18,
  "flux": 4.2659780774556566E-7,
  "observed_flux": 4.936244408781931E-7,
  "electron_correction": 6.702665444890954E-8,
  "electron_contaminaton": false,
  "energy": "0.1-0.8nm"
}
