{
  "time_tag": "2026-03-29T19:42:00Z",
  "satellite": 18,
  "flux": 0.000001554111349832965,
  "observed_flux": 0.0000015726847095720586,
  "electron_correction": 1.8573453886006064E-8,
  "electron_contaminaton": false,
  "energy": "0.1-0.8nm"
}
