{
    "time_tag": "2026-04-26T17:02:00Z",
    "satellite": 18,
    "flux": 2.9794150577799883e-06,
    "observed_flux": 2.9983123113197507e-06,
    "electron_correction": 1.8897376108384378e-08,
    "electron_contaminaton": false,
    "energy": "0.1-0.8nm"
}