{
  "time_tag": "2026-02-06T19:28:00Z",
  "satellite": 18,
  "flux": 0.0000016158791140696849,
  "observed_flux": 0.000001692633532002219,
  "electron_correction": 7.675442503796148E-8,
  "electron_contaminaton": false,
  "energy": "0.1-0.8nm"
}
