{
  "time_tag": "2026-01-15T18:21:00Z",
  "satellite": 18,
  "flux": 0.0000010008875506173354,
  "observed_flux": 0.000001067274979504873,
  "electron_correction": 6.638752836352069E-8,
  "electron_contaminaton": false,
  "energy": "0.1-0.8nm"
}
