{
  "time_tag": "2026-02-17T15:45:00Z",
  "satellite": 18,
  "flux": 5.171031034478801E-7,
  "observed_flux": 5.821383979309758E-7,
  "electron_correction": 6.503528737766828E-8,
  "electron_contaminaton": false,
  "energy": "0.1-0.8nm"
}
