{
  "time_tag": "2026-03-26T21:53:00Z",
  "satellite": 18,
  "flux": 0.000003018166125912103,
  "observed_flux": 0.000003071784476560424,
  "electron_correction": 5.361827248862028E-8,
  "electron_contaminaton": false,
  "energy": "0.1-0.8nm"
}
