{
  "time_tag": "2026-04-20T22:27:00Z",
  "satellite": 18,
  "flux": 4.776887863044976E-7,
  "observed_flux": 5.513099381460052E-7,
  "electron_correction": 7.362115184150753E-8,
  "electron_contaminaton": false,
  "energy": "0.1-0.8nm"
}
