{
  "time_tag": "2026-02-07T21:36:00Z",
  "satellite": 18,
  "flux": 0.0000027321575544192456,
  "observed_flux": 0.0000027810240226244787,
  "electron_correction": 4.886642201995528E-8,
  "electron_contaminaton": false,
  "energy": "0.1-0.8nm"
}
