{
  "time_tag": "2026-05-02T14:42:00Z",
  "satellite": 18,
  "flux": 0.0000012565382121465518,
  "observed_flux": 0.0000012874037338406197,
  "electron_correction": 3.086550393049947E-8,
  "electron_contaminaton": false,
  "energy": "0.1-0.8nm"
}
