{
  "time_tag": "2026-03-26T00:24:00Z",
  "satellite": 18,
  "flux": 0.000001188379656014149,
  "observed_flux": 0.0000012329404626143514,
  "electron_correction": 4.4560856338193844E-8,
  "electron_contaminaton": false,
  "energy": "0.1-0.8nm"
}
