{
    "time_tag": "2026-05-05T20:42:00Z",
    "satellite": 18,
    "flux": 6.289899374678498e-07,
    "observed_flux": 6.866221156087704e-07,
    "electron_correction": 5.7632185246347944e-08,
    "electron_contaminaton": false,
    "energy": "0.1-0.8nm"
}