{
  "time_tag": "2026-06-17T01:33:00Z",
  "satellite": 18,
  "flux": 5.948387524767895E-7,
  "observed_flux": 6.243733992050693E-7,
  "electron_correction": 2.9534659162777643E-8,
  "electron_contaminaton": false,
  "energy": "0.1-0.8nm"
}
