{
    "time_tag": "2026-05-30T20:53:00Z",
    "satellite": 18,
    "flux": 9.685550139693078e-07,
    "observed_flux": 9.842945019045146e-07,
    "electron_correction": 1.5739477277065816e-08,
    "electron_contaminaton": false,
    "energy": "0.1-0.8nm"
}