{
  "time_tag": "2026-05-13T23:33:00Z",
  "satellite": 18,
  "flux": 7.111771083145868E-7,
  "observed_flux": 7.196541673692991E-7,
  "electron_correction": 8.477101687276445E-9,
  "electron_contaminaton": false,
  "energy": "0.1-0.8nm"
}
