{
  "time_tag": "2026-03-12T23:38:00Z",
  "satellite": 18,
  "flux": 0.0000018147749187846784,
  "observed_flux": 0.0000018338321297051152,
  "electron_correction": 1.9057294409208225E-8,
  "electron_contaminaton": false,
  "energy": "0.1-0.8nm"
}
