{
  "time_tag": "2026-03-06T19:29:00Z",
  "satellite": 18,
  "flux": 6.586407153008622E-7,
  "observed_flux": 6.734588851031731E-7,
  "electron_correction": 1.4818167137775617E-8,
  "electron_contaminaton": false,
  "energy": "0.1-0.8nm"
}
