{
    "time_tag": "2026-06-30T08:43:00Z",
    "satellite": 18,
    "flux": 1.492501723987516e-06,
    "observed_flux": 1.5128803170227911e-06,
    "electron_correction": 2.037866941861921e-08,
    "electron_contaminaton": false,
    "energy": "0.1-0.8nm"
}