{
  "time_tag": "2025-12-19T00:37:00Z",
  "satellite": 18,
  "flux": 5.259666977508459E-7,
  "observed_flux": 5.760247745456581E-7,
  "electron_correction": 5.005808745295326E-8,
  "electron_contaminaton": false,
  "energy": "0.1-0.8nm"
}
