{
  "time_tag": "2026-05-11T18:17:00Z",
  "satellite": 18,
  "flux": 6.181398362059554E-7,
  "observed_flux": 6.341556968436635E-7,
  "electron_correction": 1.6015873072205977E-8,
  "electron_contaminaton": false,
  "energy": "0.1-0.8nm"
}
