{
  "time_tag": "2026-03-10T13:27:00Z",
  "satellite": 18,
  "flux": 8.668941973155597E-7,
  "observed_flux": 8.715375088286237E-7,
  "electron_correction": 4.643294193584779E-9,
  "electron_contaminaton": false,
  "energy": "0.1-0.8nm"
}
