{
    "time_tag": "2026-05-07T20:32:00Z",
    "satellite": 18,
    "flux": 1.00055649454589e-06,
    "observed_flux": 1.0392777767265216e-06,
    "electron_correction": 3.872126796977682e-08,
    "electron_contaminaton": false,
    "energy": "0.1-0.8nm"
}