{
  "time_tag": "2026-03-25T22:10:00Z",
  "satellite": 18,
  "flux": 0.000001183561153084156,
  "observed_flux": 0.0000012387082506393199,
  "electron_correction": 5.514719347843311E-8,
  "electron_contaminaton": false,
  "energy": "0.1-0.8nm"
}
