{
  "time_tag": "2026-02-28T00:46:00Z",
  "satellite": 18,
  "flux": 0.0000012668299405049765,
  "observed_flux": 0.0000013118136621415033,
  "electron_correction": 4.498373229466779E-8,
  "electron_contaminaton": false,
  "energy": "0.1-0.8nm"
}
