{
  "time_tag": "2026-04-27T12:22:00Z",
  "satellite": 18,
  "flux": 7.265360864039394E-7,
  "observed_flux": 7.313204832826159E-7,
  "electron_correction": 4.784401763657797E-9,
  "electron_contaminaton": false,
  "energy": "0.1-0.8nm"
}
