{
  "time_tag": "2026-02-06T15:26:00Z",
  "satellite": 18,
  "flux": 0.0000017974023194256006,
  "observed_flux": 0.0000018678233573155012,
  "electron_correction": 7.042098815190911E-8,
  "electron_contaminaton": false,
  "energy": "0.1-0.8nm"
}
