{
  "time_tag": "2026-03-22T05:34:00Z",
  "satellite": 18,
  "flux": 4.276859328911087E-7,
  "observed_flux": 4.373735009721713E-7,
  "electron_correction": 9.687560975635279E-9,
  "electron_contaminaton": false,
  "energy": "0.1-0.8nm"
}
