{
  "time_tag": "2026-05-02T22:41:00Z",
  "satellite": 18,
  "flux": 0.0000011151640819662134,
  "observed_flux": 0.0000011568316722332384,
  "electron_correction": 4.166759737245229E-8,
  "electron_contaminaton": false,
  "energy": "0.1-0.8nm"
}
