{
  "time_tag": "2026-04-19T15:42:00Z",
  "satellite": 18,
  "flux": 3.383128728273732E-7,
  "observed_flux": 3.887728041718219E-7,
  "electron_correction": 5.0459906475452954E-8,
  "electron_contaminaton": false,
  "energy": "0.1-0.8nm"
}
