{
  "time_tag": "2025-12-24T22:18:00Z",
  "satellite": 18,
  "flux": 0.0000021403889149951283,
  "observed_flux": 0.0000021957910121273017,
  "electron_correction": 5.540215397559223E-8,
  "electron_contaminaton": false,
  "energy": "0.1-0.8nm"
}
