{
  "time_tag": "2026-05-30T11:07:00Z",
  "satellite": 18,
  "flux": 7.572077720396919E-7,
  "observed_flux": 7.712196179454622E-7,
  "electron_correction": 1.4011845905770315E-8,
  "electron_contaminaton": false,
  "energy": "0.1-0.8nm"
}
