{
  "time_tag": "2026-03-21T23:21:00Z",
  "satellite": 18,
  "flux": 3.9697840747976443E-7,
  "observed_flux": 4.2535339161986485E-7,
  "electron_correction": 2.8374984140100423E-8,
  "electron_contaminaton": false,
  "energy": "0.1-0.8nm"
}
