{
  "time_tag": "2026-02-10T13:46:00Z",
  "satellite": 18,
  "flux": 0.0000010507266097192769,
  "observed_flux": 0.0000010632686553435633,
  "electron_correction": 1.2542018978933811E-8,
  "electron_contaminaton": false,
  "energy": "0.1-0.8nm"
}
