{
  "time_tag": "2026-05-05T16:45:00Z",
  "satellite": 18,
  "flux": 7.56407700919226E-7,
  "observed_flux": 8.086415732577734E-7,
  "electron_correction": 5.2233861680406335E-8,
  "electron_contaminaton": false,
  "energy": "0.1-0.8nm"
}
