{
    "time_tag": "2026-05-28T12:54:00Z",
    "satellite": 19,
    "flux": 8.286193065032421e-07,
    "observed_flux": 8.542237992514856e-07,
    "electron_correction": 2.560449630095718e-08,
    "electron_contaminaton": false,
    "energy": "0.1-0.8nm"
}