{
  "time_tag": "2026-01-20T17:19:00Z",
  "satellite": 18,
  "flux": 0.0000014942645520932274,
  "observed_flux": 0.0000014961022998249973,
  "electron_correction": 1.8377128707669499E-9,
  "electron_contaminaton": false,
  "energy": "0.1-0.8nm"
}
