{
  "time_tag": "2026-02-22T22:03:00Z",
  "satellite": 18,
  "flux": 4.1486396185064223E-7,
  "observed_flux": 4.6000133124834974E-7,
  "electron_correction": 4.513738716127591E-8,
  "electron_contaminaton": false,
  "energy": "0.1-0.8nm"
}
