{
    "time_tag": "2026-05-21T18:28:00Z",
    "satellite": 18,
    "flux": 8.861031346896198e-06,
    "observed_flux": 8.905992217478342e-06,
    "electron_correction": 4.496077821158906e-08,
    "electron_contaminaton": false,
    "energy": "0.1-0.8nm"
}