{
  "time_tag": "2026-05-23T16:14:00Z",
  "satellite": 18,
  "flux": 0.0000012817316701330128,
  "observed_flux": 0.0000013069463875581278,
  "electron_correction": 2.5214642818127686E-8,
  "electron_contaminaton": false,
  "energy": "0.1-0.8nm"
}
