{
  "time_tag": "2026-03-12T17:45:00Z",
  "satellite": 18,
  "flux": 7.216033282020362E-7,
  "observed_flux": 7.439137448272959E-7,
  "electron_correction": 2.231041129618916E-8,
  "electron_contaminaton": false,
  "energy": "0.1-0.8nm"
}
