{
  "time_tag": "2026-01-14T18:19:00Z",
  "satellite": 18,
  "flux": 0.000001109387312681065,
  "observed_flux": 0.0000011571960385481361,
  "electron_correction": 4.7808704550789116E-8,
  "electron_contaminaton": false,
  "energy": "0.1-0.8nm"
}
