{
  "time_tag": "2026-02-10T22:22:00Z",
  "satellite": 18,
  "flux": 0.000001201145323648234,
  "observed_flux": 0.0000012216581808388582,
  "electron_correction": 2.0512858966981184E-8,
  "electron_contaminaton": false,
  "energy": "0.1-0.8nm"
}
