{
  "time_tag": "2026-02-10T21:28:00Z",
  "satellite": 18,
  "flux": 0.0000012504025335147162,
  "observed_flux": 0.0000012687339676631382,
  "electron_correction": 1.8331501649981874E-8,
  "electron_contaminaton": false,
  "energy": "0.1-0.8nm"
}
