{
  "time_tag": "2026-04-20T03:07:00Z",
  "satellite": 18,
  "flux": 4.485470697090932E-7,
  "observed_flux": 5.015569968236377E-7,
  "electron_correction": 5.3009951983540304E-8,
  "electron_contaminaton": false,
  "energy": "0.1-0.8nm"
}
