{
  "time_tag": "2026-04-25T13:50:00Z",
  "satellite": 18,
  "flux": 0.000001240963683812879,
  "observed_flux": 0.000001246273882316018,
  "electron_correction": 5.31014832105825E-9,
  "electron_contaminaton": false,
  "energy": "0.1-0.8nm"
}
