{
  "time_tag": "2026-05-01T21:29:00Z",
  "satellite": 18,
  "flux": 0.0000011994787882940727,
  "observed_flux": 0.000001257986696145963,
  "electron_correction": 5.850790074646284E-8,
  "electron_contaminaton": false,
  "energy": "0.1-0.8nm"
}
