{
  "time_tag": "2026-02-27T07:31:00Z",
  "satellite": 18,
  "flux": 9.767810524863307E-7,
  "observed_flux": 0.000001009761376735696,
  "electron_correction": 3.298034201293376E-8,
  "electron_contaminaton": false,
  "energy": "0.1-0.8nm"
}
