{
    "time_tag": "2026-05-03T12:28:00Z",
    "satellite": 18,
    "flux": 9.205998026118323e-07,
    "observed_flux": 9.407099241798278e-07,
    "electron_correction": 2.0110112686211323e-08,
    "electron_contaminaton": false,
    "energy": "0.1-0.8nm"
}