{
    "time_tag": "2026-06-29T19:29:00Z",
    "satellite": 18,
    "flux": 2.4392513751081424e-06,
    "observed_flux": 2.4710561774554662e-06,
    "electron_correction": 3.180493379772997e-08,
    "electron_contaminaton": false,
    "energy": "0.1-0.8nm"
}