{
  "time_tag": "2026-03-25T22:25:00Z",
  "satellite": 18,
  "flux": 0.0000012294433417991968,
  "observed_flux": 0.000001282596144847048,
  "electron_correction": 5.3152735546291296E-8,
  "electron_contaminaton": false,
  "energy": "0.1-0.8nm"
}
