{
  "time_tag": "2026-03-08T15:03:00Z",
  "satellite": 18,
  "flux": 8.506586368639546E-7,
  "observed_flux": 8.909952384783537E-7,
  "electron_correction": 4.033658029811704E-8,
  "electron_contaminaton": false,
  "energy": "0.1-0.8nm"
}
