{
  "time_tag": "2026-03-14T10:22:00Z",
  "satellite": 18,
  "flux": 6.908015279805113E-7,
  "observed_flux": 7.134547104215017E-7,
  "electron_correction": 2.265318066463351E-8,
  "electron_contaminaton": false,
  "energy": "0.1-0.8nm"
}
