{
  "time_tag": "2026-03-04T21:56:00Z",
  "satellite": 18,
  "flux": 5.538967684515228E-7,
  "observed_flux": 5.87139766139444E-7,
  "electron_correction": 3.3242958608070694E-8,
  "electron_contaminaton": false,
  "energy": "0.1-0.8nm"
}
