{
  "time_tag": "2026-03-24T14:09:00Z",
  "satellite": 18,
  "flux": 6.432396730815526E-7,
  "observed_flux": 6.944914616724418E-7,
  "electron_correction": 5.125179924903023E-8,
  "electron_contaminaton": false,
  "energy": "0.1-0.8nm"
}
