{
    "time_tag": "2026-05-01T06:45:00Z",
    "satellite": 18,
    "flux": 8.609361543676641e-07,
    "observed_flux": 8.70545818543178e-07,
    "electron_correction": 9.609641082874987e-09,
    "electron_contaminaton": false,
    "energy": "0.1-0.8nm"
}