{
  "time_tag": "2026-04-28T23:43:00Z",
  "satellite": 18,
  "flux": 0.0000013206876019467018,
  "observed_flux": 0.000001331261728410027,
  "electron_correction": 1.057415399685624E-8,
  "electron_contaminaton": false,
  "energy": "0.1-0.8nm"
}
