{
  "time_tag": "2026-03-04T12:53:00Z",
  "satellite": 18,
  "flux": 5.335611490409065E-7,
  "observed_flux": 5.433054184322827E-7,
  "electron_correction": 9.744288043123106E-9,
  "electron_contaminaton": false,
  "energy": "0.1-0.8nm"
}
