{
  "time_tag": "2026-05-01T11:23:00Z",
  "satellite": 18,
  "flux": 9.644491001381539E-7,
  "observed_flux": 9.865716492640786E-7,
  "electron_correction": 2.212251004607424E-8,
  "electron_contaminaton": false,
  "energy": "0.1-0.8nm"
}
