{
  "time_tag": "2026-05-13T12:09:00Z",
  "satellite": 18,
  "flux": 7.696824582126283E-7,
  "observed_flux": 7.726005719632667E-7,
  "electron_correction": 2.91806956376206E-9,
  "electron_contaminaton": false,
  "energy": "0.1-0.8nm"
}
