{
  "time_tag": "2026-02-21T18:05:00Z",
  "satellite": 18,
  "flux": 3.4709731266957533E-7,
  "observed_flux": 3.707693565502268E-7,
  "electron_correction": 2.367205276243567E-8,
  "electron_contaminaton": false,
  "energy": "0.1-0.8nm"
}
