{
    "time_tag": "2026-04-30T18:11:00Z",
    "satellite": 18,
    "flux": 9.68423023550713e-07,
    "observed_flux": 9.721075002744328e-07,
    "electron_correction": 3.6843925688145873e-09,
    "electron_contaminaton": false,
    "energy": "0.1-0.8nm"
}