{
  "time_tag": "2026-06-30T02:13:00Z",
  "satellite": 18,
  "flux": 0.0000034270765354449395,
  "observed_flux": 0.000003452329792708042,
  "electron_correction": 2.525322351232262E-8,
  "electron_contaminaton": false,
  "energy": "0.1-0.8nm"
}
