{
  "time_tag": "2026-03-06T22:44:00Z",
  "satellite": 18,
  "flux": 6.933282179488742E-7,
  "observed_flux": 7.124159537852393E-7,
  "electron_correction": 1.908770030922824E-8,
  "electron_contaminaton": false,
  "energy": "0.1-0.8nm"
}
