{
  "time_tag": "2026-02-23T10:44:00Z",
  "satellite": 18,
  "flux": 2.998442028001591E-7,
  "observed_flux": 3.0476047641059267E-7,
  "electron_correction": 4.9162740545227734E-9,
  "electron_contaminaton": false,
  "energy": "0.1-0.8nm"
}
