{
  "time_tag": "2026-01-04T19:16:00Z",
  "satellite": 18,
  "flux": 0.0000013184424005885376,
  "observed_flux": 0.000001362147600048047,
  "electron_correction": 4.370521722307785E-8,
  "electron_contaminaton": false,
  "energy": "0.1-0.8nm"
}
