{
  "time_tag": "2026-02-10T08:01:00Z",
  "satellite": 18,
  "flux": 0.0000019837409581668908,
  "observed_flux": 0.000002008027649935684,
  "electron_correction": 2.4286801902917432E-8,
  "electron_contaminaton": false,
  "energy": "0.1-0.8nm"
}
