{
  "time_tag": "2026-04-19T20:56:00Z",
  "satellite": 18,
  "flux": 4.022622590582614E-7,
  "observed_flux": 4.6746453108426067E-7,
  "electron_correction": 6.520227913142662E-8,
  "electron_contaminaton": false,
  "energy": "0.1-0.8nm"
}
