{
  "time_tag": "2026-03-21T00:49:00Z",
  "satellite": 18,
  "flux": 3.096820364589803E-7,
  "observed_flux": 3.096830880622292E-7,
  "electron_correction": 1.0428168745191257E-12,
  "electron_contaminaton": false,
  "energy": "0.1-0.8nm"
}
