{
  "time_tag": "2026-03-05T20:49:00Z",
  "satellite": 18,
  "flux": 8.433456173406739E-7,
  "observed_flux": 8.692239816809888E-7,
  "electron_correction": 2.5878335918605444E-8,
  "electron_contaminaton": false,
  "energy": "0.1-0.8nm"
}
