{
  "time_tag": "2026-03-15T07:30:00Z",
  "satellite": 18,
  "flux": 4.357129910204094E-7,
  "observed_flux": 4.3902011270802177E-7,
  "electron_correction": 3.3071294591735523E-9,
  "electron_contaminaton": false,
  "energy": "0.1-0.8nm"
}
