{
  "time_tag": "2026-03-06T11:22:00Z",
  "satellite": 18,
  "flux": 6.459833343797072E-7,
  "observed_flux": 6.463562272074341E-7,
  "electron_correction": 3.7286368437250417E-10,
  "electron_contaminaton": false,
  "energy": "0.1-0.8nm"
}
