{
  "time_tag": "2025-12-16T18:20:00Z",
  "satellite": 18,
  "flux": 6.193715194058314E-7,
  "observed_flux": 6.705078021695954E-7,
  "electron_correction": 5.113628631647771E-8,
  "electron_contaminaton": false,
  "energy": "0.1-0.8nm"
}
