{
  "time_tag": "2026-06-19T20:43:00Z",
  "satellite": 18,
  "flux": 4.847709647037846E-7,
  "observed_flux": 5.165744596524746E-7,
  "electron_correction": 3.1803505606831095E-8,
  "electron_contaminaton": false,
  "energy": "0.1-0.8nm"
}
