{
  "time_tag": "2025-12-07T18:23:00Z",
  "satellite": 18,
  "flux": 0.0000019068470464844722,
  "observed_flux": 0.0000019505923773976974,
  "electron_correction": 4.37453628876483E-8,
  "electron_contaminaton": false,
  "energy": "0.1-0.8nm"
}
