{
  "time_tag": "2026-06-07T08:00:00Z",
  "satellite": 18,
  "flux": 0.0000014912145616108319,
  "observed_flux": 0.0000015241622577377711,
  "electron_correction": 3.294767836337087E-8,
  "electron_contaminaton": false,
  "energy": "0.1-0.8nm"
}
