{
  "time_tag": "2026-03-27T14:30:00Z",
  "satellite": 18,
  "flux": 0.000001447170575374912,
  "observed_flux": 0.0000014796173672948498,
  "electron_correction": 3.2446756392801035E-8,
  "electron_contaminaton": false,
  "energy": "0.1-0.8nm"
}
