{
  "time_tag": "2026-04-26T01:34:00Z",
  "satellite": 18,
  "flux": 0.000004081359293195419,
  "observed_flux": 0.000004087320121470839,
  "electron_correction": 5.9611369174206175E-9,
  "electron_contaminaton": false,
  "energy": "0.1-0.8nm"
}
