{
  "time_tag": "2026-03-07T17:48:00Z",
  "satellite": 18,
  "flux": 6.663635190307104E-7,
  "observed_flux": 6.855747187728412E-7,
  "electron_correction": 1.9211183754919148E-8,
  "electron_contaminaton": false,
  "energy": "0.1-0.8nm"
}
