{
  "time_tag": "2026-05-06T12:37:00Z",
  "satellite": 18,
  "flux": 5.718049465031072E-7,
  "observed_flux": 6.04366107381793E-7,
  "electron_correction": 3.2561114693407944E-8,
  "electron_contaminaton": false,
  "energy": "0.1-0.8nm"
}
