{
  "time_tag": "2026-05-24T01:16:00Z",
  "satellite": 18,
  "flux": 0.0000018166268773711636,
  "observed_flux": 0.0000018448877199261915,
  "electron_correction": 2.8260828344173206E-8,
  "electron_contaminaton": false,
  "energy": "0.1-0.8nm"
}
