{
  "time_tag": "2026-07-02T01:20:00Z",
  "satellite": 18,
  "flux": 0.000003772911213673069,
  "observed_flux": 0.0000037845666156499647,
  "electron_correction": 1.165545882031438E-8,
  "electron_contaminaton": false,
  "energy": "0.1-0.8nm"
}
