{
    "time_tag": "2026-04-29T02:51:00Z",
    "satellite": 18,
    "flux": 1.2447716244423646e-06,
    "observed_flux": 1.2522203860498848e-06,
    "electron_correction": 7.448837546775167e-09,
    "electron_contaminaton": false,
    "energy": "0.1-0.8nm"
}