{
  "time_tag": "2026-02-28T03:22:00Z",
  "satellite": 18,
  "flux": 0.000004735695256385952,
  "observed_flux": 0.00000477013099953183,
  "electron_correction": 3.443601670483076E-8,
  "electron_contaminaton": false,
  "energy": "0.1-0.8nm"
}
