{
  "time_tag": "2026-01-05T23:17:00Z",
  "satellite": 18,
  "flux": 9.946334103005938E-7,
  "observed_flux": 0.0000010474421969774994,
  "electron_correction": 5.280886128389284E-8,
  "electron_contaminaton": false,
  "energy": "0.1-0.8nm"
}
