{
    "time_tag": "2026-06-29T18:04:00Z",
    "satellite": 18,
    "flux": 4.280524535715813e-06,
    "observed_flux": 4.312254532123916e-06,
    "electron_correction": 3.172995377553889e-08,
    "electron_contaminaton": false,
    "energy": "0.1-0.8nm"
}