{
  "time_tag": "2026-03-21T05:43:00Z",
  "satellite": 18,
  "flux": 3.7091427884661243E-7,
  "observed_flux": 3.722186932009208E-7,
  "electron_correction": 1.3044385571703287E-9,
  "electron_contaminaton": false,
  "energy": "0.1-0.8nm"
}
