{
  "time_tag": "2026-02-14T18:55:00Z",
  "satellite": 18,
  "flux": 4.902291834696371E-7,
  "observed_flux": 5.521667389984941E-7,
  "electron_correction": 6.193754842342969E-8,
  "electron_contaminaton": false,
  "energy": "0.1-0.8nm"
}
