{
  "time_tag": "2026-03-24T19:34:00Z",
  "satellite": 18,
  "flux": 0.0000012484547369240317,
  "observed_flux": 0.0000013268012253320194,
  "electron_correction": 7.834641735371406E-8,
  "electron_contaminaton": false,
  "energy": "0.1-0.8nm"
}
