{
  "time_tag": "2026-01-16T04:25:00Z",
  "satellite": 18,
  "flux": 0.0000011357041103110532,
  "observed_flux": 0.0000011474121492938139,
  "electron_correction": 1.1708053193615342E-8,
  "electron_contaminaton": false,
  "energy": "0.1-0.8nm"
}
