{
  "time_tag": "2026-06-26T10:29:00Z",
  "satellite": 18,
  "flux": 0.0000011889557072208845,
  "observed_flux": 0.0000012182089221823844,
  "electron_correction": 2.925320430335887E-8,
  "electron_contaminaton": false,
  "energy": "0.1-0.8nm"
}
