{
  "time_tag": "2026-06-23T23:44:00Z",
  "satellite": 18,
  "flux": 0.0000037272470763127785,
  "observed_flux": 0.000003729131549334852,
  "electron_correction": 1.8845103255671347E-9,
  "electron_contaminaton": false,
  "energy": "0.1-0.8nm"
}
