{
    "time_tag": "2026-07-01T09:37:00Z",
    "satellite": 18,
    "flux": 2.6297298063582275e-06,
    "observed_flux": 2.638306796143297e-06,
    "electron_correction": 8.577124788189394e-09,
    "electron_contaminaton": false,
    "energy": "0.1-0.8nm"
}