{
  "time_tag": "2026-05-13T13:51:00Z",
  "satellite": 18,
  "flux": 5.613441089735716E-7,
  "observed_flux": 5.649685022035555E-7,
  "electron_correction": 3.6243945622516094E-9,
  "electron_contaminaton": false,
  "energy": "0.1-0.8nm"
}
