{
  "time_tag": "2026-05-26T19:58:00Z",
  "satellite": 18,
  "flux": 0.000001004761202239024,
  "observed_flux": 0.0000010173935152124614,
  "electron_correction": 1.2632314749794205E-8,
  "electron_contaminaton": false,
  "energy": "0.1-0.8nm"
}
