{
  "time_tag": "2025-12-25T15:18:00Z",
  "satellite": 18,
  "flux": 0.0000014955287497286918,
  "observed_flux": 0.0000015450993942067726,
  "electron_correction": 4.9570676452503903E-8,
  "electron_contaminaton": false,
  "energy": "0.1-0.8nm"
}
