{
  "time_tag": "2026-02-22T10:20:00Z",
  "satellite": 18,
  "flux": 3.1876183470558317E-7,
  "observed_flux": 3.2731423971199547E-7,
  "electron_correction": 8.552420105445435E-9,
  "electron_contaminaton": false,
  "energy": "0.1-0.8nm"
}
