{
  "time_tag": "2025-12-07T23:21:00Z",
  "satellite": 18,
  "flux": 0.000002278930423926795,
  "observed_flux": 0.0000023166467144619673,
  "electron_correction": 3.771624434989462E-8,
  "electron_contaminaton": false,
  "energy": "0.1-0.8nm"
}
