{
  "time_tag": "2026-02-21T09:11:00Z",
  "satellite": 18,
  "flux": 3.1404434253090585E-7,
  "observed_flux": 3.1640237807550875E-7,
  "electron_correction": 2.3580331021122447E-9,
  "electron_contaminaton": false,
  "energy": "0.1-0.8nm"
}
