{
  "time_tag": "2026-02-21T12:06:00Z",
  "satellite": 18,
  "flux": 3.2549959882999246E-7,
  "observed_flux": 3.278991869137826E-7,
  "electron_correction": 2.399575205203064E-9,
  "electron_contaminaton": false,
  "energy": "0.1-0.8nm"
}
