{
  "time_tag": "2026-01-06T05:18:00Z",
  "satellite": 18,
  "flux": 0.0000015529079746556818,
  "observed_flux": 0.0000015887144400039688,
  "electron_correction": 3.580645824285966E-8,
  "electron_contaminaton": false,
  "energy": "0.1-0.8nm"
}
