{
  "time_tag": "2026-02-23T16:31:00Z",
  "satellite": 18,
  "flux": 3.684322393837647E-7,
  "observed_flux": 4.245261209234741E-7,
  "electron_correction": 5.609388864513676E-8,
  "electron_contaminaton": false,
  "energy": "0.1-0.8nm"
}
