{
  "time_tag": "2025-12-14T19:17:00Z",
  "satellite": 18,
  "flux": 6.181717253639363E-7,
  "observed_flux": 6.726845640514512E-7,
  "electron_correction": 5.451283158208753E-8,
  "electron_contaminaton": false,
  "energy": "0.1-0.8nm"
}
