{
    "time_tag": "2026-06-13T18:34:00Z",
    "satellite": 18,
    "flux": 5.530557700694771e-07,
    "observed_flux": 6.044988936082518e-07,
    "electron_correction": 5.144311998606099e-08,
    "electron_contaminaton": false,
    "energy": "0.1-0.8nm"
}