{
  "time_tag": "2026-02-04T12:23:00Z",
  "satellite": 18,
  "flux": 0.00007070624269545078,
  "observed_flux": 0.00007071195432217792,
  "electron_correction": 5.716132012167918E-9,
  "electron_contaminaton": false,
  "energy": "0.1-0.8nm"
}
