{
  "time_tag": "2026-03-04T04:55:00Z",
  "satellite": 18,
  "flux": 6.022264074090344E-7,
  "observed_flux": 6.0564065051949E-7,
  "electron_correction": 3.4142175753260062E-9,
  "electron_contaminaton": false,
  "energy": "0.1-0.8nm"
}
