{
  "time_tag": "2026-03-19T00:24:00Z",
  "satellite": 18,
  "flux": 3.5288954336465395E-7,
  "observed_flux": 3.74456760710018E-7,
  "electron_correction": 2.1567238661646115E-8,
  "electron_contaminaton": false,
  "energy": "0.1-0.8nm"
}
