{
    "time_tag": "2026-05-31T11:53:00Z",
    "satellite": 18,
    "flux": 6.782278205719194e-07,
    "observed_flux": 7.020085490694328e-07,
    "electron_correction": 2.3780710733944943e-08,
    "electron_contaminaton": false,
    "energy": "0.1-0.8nm"
}