{
  "time_tag": "2026-03-20T09:57:00Z",
  "satellite": 18,
  "flux": 3.18103786867141E-7,
  "observed_flux": 3.182500734055793E-7,
  "electron_correction": 1.4628599720456492E-10,
  "electron_contaminaton": false,
  "energy": "0.1-0.8nm"
}
