{
  "time_tag": "2026-02-13T09:26:00Z",
  "satellite": 18,
  "flux": 0.000004198306669422891,
  "observed_flux": 0.000004211199211567873,
  "electron_correction": 1.289288231731689E-8,
  "electron_contaminaton": false,
  "energy": "0.1-0.8nm"
}
