{
  "time_tag": "2026-03-14T01:32:00Z",
  "satellite": 18,
  "flux": 0.0000011984045613644412,
  "observed_flux": 0.0000011988104233751073,
  "electron_correction": 4.058772207216066E-10,
  "electron_contaminaton": false,
  "energy": "0.1-0.8nm"
}
