{
  "time_tag": "2026-03-06T09:48:00Z",
  "satellite": 18,
  "flux": 7.656629463781428E-7,
  "observed_flux": 7.65848255923629E-7,
  "electron_correction": 1.8531137735422476E-10,
  "electron_contaminaton": false,
  "energy": "0.1-0.8nm"
}
