{
    "time_tag": "2026-06-12T20:59:00Z",
    "satellite": 18,
    "flux": 1.1972903166679316e-06,
    "observed_flux": 1.2455733440219774e-06,
    "electron_correction": 4.828299893233634e-08,
    "electron_contaminaton": false,
    "energy": "0.1-0.8nm"
}