{
  "time_tag": "2026-03-04T15:10:00Z",
  "satellite": 18,
  "flux": 6.883691980874573E-7,
  "observed_flux": 7.0501454274563E-7,
  "electron_correction": 1.6645325118247456E-8,
  "electron_contaminaton": false,
  "energy": "0.1-0.8nm"
}
