{
    "time_tag": "2026-06-10T09:26:00Z",
    "satellite": 18,
    "flux": 6.504660632344894e-07,
    "observed_flux": 6.544589155055291e-07,
    "electron_correction": 3.992807862118752e-09,
    "electron_contaminaton": false,
    "energy": "0.1-0.8nm"
}