{
  "time_tag": "2025-12-29T04:32:00Z",
  "satellite": 18,
  "flux": 0.0000017883837699628202,
  "observed_flux": 0.0000018131427168555092,
  "electron_correction": 2.4758902483767997E-8,
  "electron_contaminaton": false,
  "energy": "0.1-0.8nm"
}
