{
  "time_tag": "2026-02-03T23:23:00Z",
  "satellite": 18,
  "flux": 0.000022359112335834652,
  "observed_flux": 0.000022374966647475958,
  "electron_correction": 1.585453368591061E-8,
  "electron_contaminaton": false,
  "energy": "0.1-0.8nm"
}
