{
  "time_tag": "2026-05-01T10:54:00Z",
  "satellite": 18,
  "flux": 0.0000010499952622922137,
  "observed_flux": 0.0000010715966709540226,
  "electron_correction": 2.1601506361434986E-8,
  "electron_contaminaton": false,
  "energy": "0.1-0.8nm"
}
