{
  "time_tag": "2026-03-14T21:05:00Z",
  "satellite": 18,
  "flux": 5.487505063683784E-7,
  "observed_flux": 6.321956220745051E-7,
  "electron_correction": 8.344512991698139E-8,
  "electron_contaminaton": false,
  "energy": "0.1-0.8nm"
}
