{
  "time_tag": "2026-04-25T11:25:00Z",
  "satellite": 18,
  "flux": 9.594068615115248E-7,
  "observed_flux": 9.634959496906959E-7,
  "electron_correction": 4.089121929951034E-9,
  "electron_contaminaton": false,
  "energy": "0.1-0.8nm"
}
