{
  "time_tag": "2026-01-05T04:35:00Z",
  "satellite": 18,
  "flux": 9.362803439216805E-7,
  "observed_flux": 9.403736385138473E-7,
  "electron_correction": 4.093300809415723E-9,
  "electron_contaminaton": false,
  "energy": "0.1-0.8nm"
}
