{
  "time_tag": "2026-02-07T14:38:00Z",
  "satellite": 18,
  "flux": 0.0000014293482308858074,
  "observed_flux": 0.0000014802124042034848,
  "electron_correction": 5.0864159106822626E-8,
  "electron_contaminaton": false,
  "energy": "0.1-0.8nm"
}
