{
    "time_tag": "2026-06-29T14:56:00Z",
    "satellite": 18,
    "flux": 2.877556198654929e-06,
    "observed_flux": 2.9052766876702663e-06,
    "electron_correction": 2.7720552964183298e-08,
    "electron_contaminaton": false,
    "energy": "0.1-0.8nm"
}