{
    "time_tag": "2026-04-28T18:10:00Z",
    "satellite": 18,
    "flux": 1.3307407016327488e-06,
    "observed_flux": 1.3420026334642898e-06,
    "electron_correction": 1.1262009991241939e-08,
    "electron_contaminaton": false,
    "energy": "0.1-0.8nm"
}