{
  "time_tag": "2026-02-04T15:25:00Z",
  "satellite": 18,
  "flux": 0.0000029933680707472377,
  "observed_flux": 0.0000029989703307364834,
  "electron_correction": 5.6024562766765484E-9,
  "electron_contaminaton": false,
  "energy": "0.1-0.8nm"
}
