{
  "time_tag": "2026-01-17T09:17:00Z",
  "satellite": 18,
  "flux": 0.0000014879346963425633,
  "observed_flux": 0.0000014920013882147032,
  "electron_correction": 4.0667083034406915E-9,
  "electron_contaminaton": false,
  "energy": "0.1-0.8nm"
}
