{
    "time_tag": "2026-05-21T19:59:00Z",
    "satellite": 18,
    "flux": 1.298725123888289e-06,
    "observed_flux": 1.3621616972159245e-06,
    "electron_correction": 6.343658753849013e-08,
    "electron_contaminaton": false,
    "energy": "0.1-0.8nm"
}