{
  "time_tag": "2026-06-27T16:34:00Z",
  "satellite": 18,
  "flux": 0.0000013259241313789971,
  "observed_flux": 0.0000013736577102463343,
  "electron_correction": 4.773354334020041E-8,
  "electron_contaminaton": false,
  "energy": "0.1-0.8nm"
}
