{
  "time_tag": "2026-05-18T14:42:00Z",
  "satellite": 18,
  "flux": 3.94286729488158E-7,
  "observed_flux": 4.308998029500799E-7,
  "electron_correction": 3.661306280378085E-8,
  "electron_contaminaton": false,
  "energy": "0.1-0.8nm"
}
