{
  "time_tag": "2026-03-27T12:45:00Z",
  "satellite": 18,
  "flux": 0.0000016948022221185965,
  "observed_flux": 0.0000017232491700269748,
  "electron_correction": 2.844699942272655E-8,
  "electron_contaminaton": false,
  "energy": "0.1-0.8nm"
}
