{
  "time_tag": "2026-05-16T11:03:00Z",
  "satellite": 18,
  "flux": 4.3575008135121607E-7,
  "observed_flux": 4.5860494424232456E-7,
  "electron_correction": 2.2854839798469584E-8,
  "electron_contaminaton": false,
  "energy": "0.1-0.8nm"
}
