{
  "time_tag": "2026-02-26T07:57:00Z",
  "satellite": 18,
  "flux": 9.287949751524138E-7,
  "observed_flux": 9.61470277616172E-7,
  "electron_correction": 3.267533799089506E-8,
  "electron_contaminaton": false,
  "energy": "0.1-0.8nm"
}
