{
  "time_tag": "2026-03-01T11:21:00Z",
  "satellite": 18,
  "flux": 8.712293606549792E-7,
  "observed_flux": 8.916894103094819E-7,
  "electron_correction": 2.046000524558167E-8,
  "electron_contaminaton": false,
  "energy": "0.1-0.8nm"
}
