{
  "time_tag": "2026-03-09T10:15:00Z",
  "satellite": 18,
  "flux": 8.550902634851809E-7,
  "observed_flux": 8.665080599712383E-7,
  "electron_correction": 1.1417789380629983E-8,
  "electron_contaminaton": false,
  "energy": "0.1-0.8nm"
}
