{
  "time_tag": "2026-05-16T05:33:00Z",
  "satellite": 18,
  "flux": 3.765099734209798E-7,
  "observed_flux": 3.924839688806969E-7,
  "electron_correction": 1.597401499964235E-8,
  "electron_contaminaton": false,
  "energy": "0.1-0.8nm"
}
