{
  "time_tag": "2026-01-26T02:59:00Z",
  "satellite": 18,
  "flux": 0.0000015900110383881838,
  "observed_flux": 0.000001646028636059782,
  "electron_correction": 5.6017601224311875E-8,
  "electron_contaminaton": false,
  "energy": "0.1-0.8nm"
}
