{
  "time_tag": "2026-02-13T21:56:00Z",
  "satellite": 18,
  "flux": 4.352531846052443E-7,
  "observed_flux": 4.843578267355042E-7,
  "electron_correction": 4.910462081397782E-8,
  "electron_contaminaton": false,
  "energy": "0.1-0.8nm"
}
