{
  "time_tag": "2026-02-20T16:43:00Z",
  "satellite": 18,
  "flux": 4.319262245644495E-7,
  "observed_flux": 4.559820183658303E-7,
  "electron_correction": 2.4055777814169232E-8,
  "electron_contaminaton": false,
  "energy": "0.1-0.8nm"
}
