{
  "time_tag": "2026-02-08T09:51:00Z",
  "satellite": 18,
  "flux": 0.0000028073295652575325,
  "observed_flux": 0.000002836513885995373,
  "electron_correction": 2.9184203498289207E-8,
  "electron_contaminaton": false,
  "energy": "0.1-0.8nm"
}
