{
  "time_tag": "2026-04-17T17:58:00Z",
  "satellite": 18,
  "flux": 4.0708232518227305E-7,
  "observed_flux": 4.142018212860421E-7,
  "electron_correction": 7.119494771501422E-9,
  "electron_contaminaton": false,
  "energy": "0.1-0.8nm"
}
