{
  "time_tag": "2025-12-10T15:22:00Z",
  "satellite": 18,
  "flux": 0.000002313680397492135,
  "observed_flux": 0.000002321334704902256,
  "electron_correction": 7.654243461274746E-9,
  "electron_contaminaton": false,
  "energy": "0.1-0.8nm"
}
