{
  "time_tag": "2026-02-28T20:03:00Z",
  "satellite": 18,
  "flux": 0.0000010351523087592795,
  "observed_flux": 0.0000010801963981066365,
  "electron_correction": 4.504402539851071E-8,
  "electron_contaminaton": false,
  "energy": "0.1-0.8nm"
}
