{
  "time_tag": "2026-03-18T17:46:00Z",
  "satellite": 18,
  "flux": 3.7133625596652564E-7,
  "observed_flux": 3.983636531756929E-7,
  "electron_correction": 2.7027379445598854E-8,
  "electron_contaminaton": false,
  "energy": "0.1-0.8nm"
}
