{
    "time_tag": "2026-06-04T18:31:00Z",
    "satellite": 18,
    "flux": 1.1648921827145386e-06,
    "observed_flux": 1.1759055951188202e-06,
    "electron_correction": 1.1013429279671527e-08,
    "electron_contaminaton": false,
    "energy": "0.1-0.8nm"
}