{
  "time_tag": "2026-04-27T01:51:00Z",
  "satellite": 18,
  "flux": 0.00000262898720393423,
  "observed_flux": 0.00000263771835307125,
  "electron_correction": 8.731111833526484E-9,
  "electron_contaminaton": false,
  "energy": "0.1-0.8nm"
}
