{
  "time_tag": "2026-02-08T23:38:00Z",
  "satellite": 18,
  "flux": 0.000004070830073032994,
  "observed_flux": 0.000004100372734683333,
  "electron_correction": 2.9542592372422405E-8,
  "electron_contaminaton": false,
  "energy": "0.1-0.8nm"
}
