{
    "time_tag": "2026-06-20T22:18:00Z",
    "satellite": 18,
    "flux": 1.936777380251442e-06,
    "observed_flux": 1.963661134141148e-06,
    "electron_correction": 2.6883904880037335e-08,
    "electron_contaminaton": false,
    "energy": "0.1-0.8nm"
}