{
  "time_tag": "2026-02-11T00:11:00Z",
  "satellite": 18,
  "flux": 0.00001149652416643221,
  "observed_flux": 0.000011511725460877642,
  "electron_correction": 1.520139569777257E-8,
  "electron_contaminaton": false,
  "energy": "0.1-0.8nm"
}
