{
  "time_tag": "2026-02-24T15:32:00Z",
  "satellite": 18,
  "flux": 0.0000020226855212968076,
  "observed_flux": 0.0000020705283532151952,
  "electron_correction": 4.784284968195607E-8,
  "electron_contaminaton": false,
  "energy": "0.1-0.8nm"
}
