{
  "time_tag": "2026-02-23T00:22:00Z",
  "satellite": 18,
  "flux": 3.4818430094674113E-7,
  "observed_flux": 3.9439106558347703E-7,
  "electron_correction": 4.62067646367359E-8,
  "electron_contaminaton": false,
  "energy": "0.1-0.8nm"
}
