{
  "time_tag": "2026-01-16T21:19:00Z",
  "satellite": 18,
  "flux": 0.0000015854866433073767,
  "observed_flux": 0.0000016489337895109202,
  "electron_correction": 6.34472172578171E-8,
  "electron_contaminaton": false,
  "energy": "0.1-0.8nm"
}
