{
    "time_tag": "2026-05-14T16:17:00Z",
    "satellite": 18,
    "flux": 5.319427600625204e-07,
    "observed_flux": 5.472414841278805e-07,
    "electron_correction": 1.5298695643650717e-08,
    "electron_contaminaton": false,
    "energy": "0.1-0.8nm"
}