{
    "time_tag": "2026-05-28T23:20:00Z",
    "satellite": 19,
    "flux": 8.241186719715188e-07,
    "observed_flux": 8.619263098808005e-07,
    "electron_correction": 3.78076485674228e-08,
    "electron_contaminaton": false,
    "energy": "0.1-0.8nm"
}