{
  "time_tag": "2026-06-20T18:55:00Z",
  "satellite": 18,
  "flux": 4.874021328760136E-7,
  "observed_flux": 5.125148732076923E-7,
  "electron_correction": 2.5112720791753418E-8,
  "electron_contaminaton": false,
  "energy": "0.1-0.8nm"
}
