{
  "time_tag": "2025-12-18T13:24:00Z",
  "satellite": 18,
  "flux": 5.211383040659712E-7,
  "observed_flux": 5.64636707167665E-7,
  "electron_correction": 4.349839954898016E-8,
  "electron_contaminaton": false,
  "energy": "0.1-0.8nm"
}
