{
  "time_tag": "2026-06-21T23:53:00Z",
  "satellite": 18,
  "flux": 0.000001225924620484875,
  "observed_flux": 0.0000012411638863341068,
  "electron_correction": 1.5239221440310757E-8,
  "electron_contaminaton": false,
  "energy": "0.1-0.8nm"
}
