{
  "time_tag": "2026-03-06T21:45:00Z",
  "satellite": 18,
  "flux": 7.546429401372734E-7,
  "observed_flux": 7.692543704251875E-7,
  "electron_correction": 1.461145338055303E-8,
  "electron_contaminaton": false,
  "energy": "0.1-0.8nm"
}
