{
  "time_tag": "2026-03-13T19:39:00Z",
  "satellite": 18,
  "flux": 0.0000010130504506378202,
  "observed_flux": 0.0000010576924296401558,
  "electron_correction": 4.4641922158916714E-8,
  "electron_contaminaton": false,
  "energy": "0.1-0.8nm"
}
