{
  "time_tag": "2026-02-27T17:26:00Z",
  "satellite": 18,
  "flux": 9.569570238454617E-7,
  "observed_flux": 0.0000010026095651483047,
  "electron_correction": 4.565256972455245E-8,
  "electron_contaminaton": false,
  "energy": "0.1-0.8nm"
}
