{
  "time_tag": "2026-02-06T01:28:00Z",
  "satellite": 18,
  "flux": 0.0000014780979427087004,
  "observed_flux": 0.0000014943717587811989,
  "electron_correction": 1.6273714820158602E-8,
  "electron_contaminaton": false,
  "energy": "0.1-0.8nm"
}
