{
  "time_tag": "2026-01-09T04:24:00Z",
  "satellite": 18,
  "flux": 7.480784347535518E-7,
  "observed_flux": 7.534824248978111E-7,
  "electron_correction": 5.403985703367198E-9,
  "electron_contaminaton": false,
  "energy": "0.1-0.8nm"
}
