{
  "time_tag": "2026-04-19T14:46:00Z",
  "satellite": 18,
  "flux": 6.513698167509574E-7,
  "observed_flux": 6.80060793456505E-7,
  "electron_correction": 2.8690978481904494E-8,
  "electron_contaminaton": false,
  "energy": "0.1-0.8nm"
}
