{
  "time_tag": "2026-03-10T22:05:00Z",
  "satellite": 18,
  "flux": 5.859781708750234E-7,
  "observed_flux": 6.41951885427261E-7,
  "electron_correction": 5.597372521037869E-8,
  "electron_contaminaton": false,
  "energy": "0.1-0.8nm"
}
