{
  "time_tag": "2026-03-27T22:23:00Z",
  "satellite": 18,
  "flux": 9.644066949476837E-7,
  "observed_flux": 9.940463314705994E-7,
  "electron_correction": 2.9639599219422053E-8,
  "electron_contaminaton": false,
  "energy": "0.1-0.8nm"
}
