{
    "time_tag": "2026-06-23T23:30:00Z",
    "satellite": 18,
    "flux": 7.392170118691865e-06,
    "observed_flux": 7.394365638901945e-06,
    "electron_correction": 2.195813086913745e-09,
    "electron_contaminaton": false,
    "energy": "0.1-0.8nm"
}