{
  "time_tag": "2026-02-26T09:44:00Z",
  "satellite": 18,
  "flux": 7.968203590280609E-7,
  "observed_flux": 8.237231554630853E-7,
  "electron_correction": 2.690278222416964E-8,
  "electron_contaminaton": false,
  "energy": "0.1-0.8nm"
}
