{
    "time_tag": "2026-07-02T13:01:00Z",
    "satellite": 18,
    "flux": 3.2858140457392437e-06,
    "observed_flux": 3.294200041636941e-06,
    "electron_correction": 8.386162875240188e-09,
    "electron_contaminaton": false,
    "energy": "0.1-0.8nm"
}