{
  "time_tag": "2026-03-22T13:43:00Z",
  "satellite": 18,
  "flux": 6.67927395170409E-7,
  "observed_flux": 6.938981869097915E-7,
  "electron_correction": 2.5970805950237263E-8,
  "electron_contaminaton": false,
  "energy": "0.1-0.8nm"
}
