{
    "time_tag": "2026-06-09T15:22:00Z",
    "satellite": 18,
    "flux": 7.74087766330922e-07,
    "observed_flux": 8.115511036521639e-07,
    "electron_correction": 3.7463294688677706e-08,
    "electron_contaminaton": false,
    "energy": "0.1-0.8nm"
}