{
  "time_tag": "2026-02-22T08:56:00Z",
  "satellite": 18,
  "flux": 3.2347116984965396E-7,
  "observed_flux": 3.2466124366692384E-7,
  "electron_correction": 1.1900872509684746E-9,
  "electron_contaminaton": false,
  "energy": "0.1-0.8nm"
}
