{
  "time_tag": "2026-02-08T23:21:00Z",
  "satellite": 18,
  "flux": 0.000002423387059025117,
  "observed_flux": 0.0000024555763502576156,
  "electron_correction": 3.218912780766914E-8,
  "electron_contaminaton": false,
  "energy": "0.1-0.8nm"
}
