{
  "time_tag": "2026-02-02T09:29:00Z",
  "satellite": 18,
  "flux": 0.00003048817416129168,
  "observed_flux": 0.00003049796214327216,
  "electron_correction": 9.78858416544881E-9,
  "electron_contaminaton": false,
  "energy": "0.1-0.8nm"
}
