{
  "time_tag": "2026-03-05T23:57:00Z",
  "satellite": 18,
  "flux": 8.485096714139218E-7,
  "observed_flux": 8.689619335200405E-7,
  "electron_correction": 2.0452226578981936E-8,
  "electron_contaminaton": false,
  "energy": "0.1-0.8nm"
}
