{
    "time_tag": "2026-05-05T16:22:00Z",
    "satellite": 18,
    "flux": 6.806394594605081e-07,
    "observed_flux": 7.313387868634891e-07,
    "electron_correction": 5.0699341613835713e-08,
    "electron_contaminaton": false,
    "energy": "0.1-0.8nm"
}