{
  "time_tag": "2026-02-19T20:22:00Z",
  "satellite": 18,
  "flux": 7.134915449569235E-7,
  "observed_flux": 7.59954502882465E-7,
  "electron_correction": 4.6462943714686844E-8,
  "electron_contaminaton": false,
  "energy": "0.1-0.8nm"
}
