{
  "time_tag": "2026-06-08T10:27:00Z",
  "satellite": 18,
  "flux": 9.645979162087315E-7,
  "observed_flux": 9.740157338455901E-7,
  "electron_correction": 9.417751911655614E-9,
  "electron_contaminaton": false,
  "energy": "0.1-0.8nm"
}
