{
  "time_tag": "2026-02-10T20:48:00Z",
  "satellite": 18,
  "flux": 0.0000013440919701679377,
  "observed_flux": 0.0000013679002677235985,
  "electron_correction": 2.380829400294715E-8,
  "electron_contaminaton": false,
  "energy": "0.1-0.8nm"
}
