{
  "time_tag": "2026-02-12T12:21:00Z",
  "satellite": 18,
  "flux": 6.932330620657012E-7,
  "observed_flux": 7.11752420556877E-7,
  "electron_correction": 1.8519401123739954E-8,
  "electron_contaminaton": false,
  "energy": "0.1-0.8nm"
}
