{
  "time_tag": "2025-12-17T09:19:00Z",
  "satellite": 18,
  "flux": 7.768246632622322E-7,
  "observed_flux": 7.800374532962451E-7,
  "electron_correction": 3.2127909221912887E-9,
  "electron_contaminaton": false,
  "energy": "0.1-0.8nm"
}
