{
    "time_tag": "2026-05-21T22:51:00Z",
    "satellite": 18,
    "flux": 9.387169939145679e-07,
    "observed_flux": 9.910875178320566e-07,
    "electron_correction": 5.237050615392036e-08,
    "electron_contaminaton": false,
    "energy": "0.1-0.8nm"
}