{
  "time_tag": "2026-06-28T15:06:00Z",
  "satellite": 18,
  "flux": 0.0000019321134914207505,
  "observed_flux": 0.0000019687938674906036,
  "electron_correction": 3.66805572582507E-8,
  "electron_contaminaton": false,
  "energy": "0.1-0.8nm"
}
