{
  "time_tag": "2026-01-20T02:50:00Z",
  "satellite": 18,
  "flux": 0.0000015842297216295265,
  "observed_flux": 0.0000015842673519728123,
  "electron_correction": 3.755051131149045E-11,
  "electron_contaminaton": false,
  "energy": "0.1-0.8nm"
}
