{
  "time_tag": "2026-04-29T12:59:00Z",
  "satellite": 18,
  "flux": 0.0000015334961744883913,
  "observed_flux": 0.0000015364087175839813,
  "electron_correction": 2.9125146738806507E-9,
  "electron_contaminaton": false,
  "energy": "0.1-0.8nm"
}
