{
  "time_tag": "2026-03-15T12:25:00Z",
  "satellite": 18,
  "flux": 4.325912357217021E-7,
  "observed_flux": 4.722596997908113E-7,
  "electron_correction": 3.966845696368182E-8,
  "electron_contaminaton": false,
  "energy": "0.1-0.8nm"
}
