{
  "time_tag": "2026-04-19T01:09:00Z",
  "satellite": 18,
  "flux": 3.3869400795083493E-7,
  "observed_flux": 3.6426439464776195E-7,
  "electron_correction": 2.5570370709715462E-8,
  "electron_contaminaton": false,
  "energy": "0.1-0.8nm"
}
