{
  "time_tag": "2026-04-27T18:51:00Z",
  "satellite": 18,
  "flux": 0.0000011231763892283197,
  "observed_flux": 0.000001136980813498667,
  "electron_correction": 1.3804463350197693E-8,
  "electron_contaminaton": false,
  "energy": "0.1-0.8nm"
}
