{
  "time_tag": "2026-02-25T01:32:00Z",
  "satellite": 18,
  "flux": 0.0000015544640064035775,
  "observed_flux": 0.0000015942675872793188,
  "electron_correction": 3.980350626875406E-8,
  "electron_contaminaton": false,
  "energy": "0.1-0.8nm"
}
