{
  "time_tag": "2026-06-16T00:01:00Z",
  "satellite": 18,
  "flux": 0.0000010482606285222573,
  "observed_flux": 0.0000010858386758627603,
  "electron_correction": 3.7578036682361926E-8,
  "electron_contaminaton": false,
  "energy": "0.1-0.8nm"
}
