{
  "time_tag": "2026-02-28T12:44:00Z",
  "satellite": 18,
  "flux": 0.0000012593576457220479,
  "observed_flux": 0.000001286632141273003,
  "electron_correction": 2.7274476011029947E-8,
  "electron_contaminaton": false,
  "energy": "0.1-0.8nm"
}
