{
    "time_tag": "2026-06-08T00:01:00Z",
    "satellite": 18,
    "flux": 1.0028849146692664e-06,
    "observed_flux": 1.0489712849448551e-06,
    "electron_correction": 4.60863880391571e-08,
    "electron_contaminaton": false,
    "energy": "0.1-0.8nm"
}