{
  "time_tag": "2026-05-06T11:54:00Z",
  "satellite": 18,
  "flux": 5.514503982340102E-7,
  "observed_flux": 5.818642421218101E-7,
  "electron_correction": 3.0413875862222994E-8,
  "electron_contaminaton": false,
  "energy": "0.1-0.8nm"
}
