{
    "time_tag": "2026-04-25T17:00:00Z",
    "satellite": 18,
    "flux": 1.1724611113095307e-06,
    "observed_flux": 1.1830222774733556e-06,
    "electron_correction": 1.0561132413045016e-08,
    "electron_contaminaton": false,
    "energy": "0.1-0.8nm"
}