{
  "time_tag": "2026-04-26T22:59:00Z",
  "satellite": 18,
  "flux": 0.00004084754255018197,
  "observed_flux": 0.00004087800334673375,
  "electron_correction": 3.045944296786729E-8,
  "electron_contaminaton": false,
  "energy": "0.1-0.8nm"
}
