{
  "time_tag": "2026-03-23T21:09:00Z",
  "satellite": 18,
  "flux": 8.074551374193106E-7,
  "observed_flux": 8.700080229573359E-7,
  "electron_correction": 6.25528855380253E-8,
  "electron_contaminaton": false,
  "energy": "0.1-0.8nm"
}
