{
  "time_tag": "2026-03-17T18:32:00Z",
  "satellite": 18,
  "flux": 4.0558063574280823E-7,
  "observed_flux": 4.470957719604485E-7,
  "electron_correction": 4.1515146875781284E-8,
  "electron_contaminaton": false,
  "energy": "0.1-0.8nm"
}
