{
  "time_tag": "2026-04-22T15:40:00Z",
  "satellite": 18,
  "flux": 5.781982963526389E-7,
  "observed_flux": 6.146578925836366E-7,
  "electron_correction": 3.645957491471563E-8,
  "electron_contaminaton": false,
  "energy": "0.1-0.8nm"
}
