{
  "time_tag": "2026-01-16T18:20:00Z",
  "satellite": 18,
  "flux": 9.6598864729458E-7,
  "observed_flux": 0.0000010600285804684972,
  "electron_correction": 9.403986211964366E-8,
  "electron_contaminaton": false,
  "energy": "0.1-0.8nm"
}
