{
  "time_tag": "2026-04-22T16:34:00Z",
  "satellite": 18,
  "flux": 6.748842906745267E-7,
  "observed_flux": 7.176269036790472E-7,
  "electron_correction": 4.274259879366582E-8,
  "electron_contaminaton": false,
  "energy": "0.1-0.8nm"
}
