{
  "time_tag": "2026-01-26T16:19:00Z",
  "satellite": 18,
  "flux": 0.0000010719192005126388,
  "observed_flux": 0.000001102806663766387,
  "electron_correction": 3.088740641032928E-8,
  "electron_contaminaton": false,
  "energy": "0.1-0.8nm"
}
