{
  "time_tag": "2026-03-21T19:47:00Z",
  "satellite": 18,
  "flux": 5.305936952026968E-7,
  "observed_flux": 5.452864684230008E-7,
  "electron_correction": 1.469278654298023E-8,
  "electron_contaminaton": false,
  "energy": "0.1-0.8nm"
}
