{
  "time_tag": "2026-03-07T10:02:00Z",
  "satellite": 18,
  "flux": 6.178872240525379E-7,
  "observed_flux": 6.181317075970583E-7,
  "electron_correction": 2.4447643909297767E-10,
  "electron_contaminaton": false,
  "energy": "0.1-0.8nm"
}
