{
  "time_tag": "2026-03-08T19:23:00Z",
  "satellite": 18,
  "flux": 8.584637498643133E-7,
  "observed_flux": 9.340032534055354E-7,
  "electron_correction": 7.553951775207679E-8,
  "electron_contaminaton": false,
  "energy": "0.1-0.8nm"
}
