{
  "time_tag": "2026-03-21T09:51:00Z",
  "satellite": 18,
  "flux": 2.5722980012687913E-7,
  "observed_flux": 2.596152910427918E-7,
  "electron_correction": 2.385499797696866E-9,
  "electron_contaminaton": false,
  "energy": "0.1-0.8nm"
}
