{
    "time_tag": "2026-05-12T01:59:00Z",
    "satellite": 18,
    "flux": 7.293712656064599e-07,
    "observed_flux": 7.436782425429556e-07,
    "electron_correction": 1.4307001805491382e-08,
    "electron_contaminaton": false,
    "energy": "0.1-0.8nm"
}