{
    "time_tag": "2026-06-19T23:54:00Z",
    "satellite": 18,
    "flux": 6.102621910031303e-07,
    "observed_flux": 6.361474333971273e-07,
    "electron_correction": 2.5885224630428638e-08,
    "electron_contaminaton": false,
    "energy": "0.1-0.8nm"
}