{
  "time_tag": "2026-01-21T06:19:00Z",
  "satellite": 18,
  "flux": 0.0000015114724192244466,
  "observed_flux": 0.0000015216130577755393,
  "electron_correction": 1.0140623452059572E-8,
  "electron_contaminaton": false,
  "energy": "0.1-0.8nm"
}
