{
  "time_tag": "2026-03-16T11:29:00Z",
  "satellite": 18,
  "flux": 4.00264013933338E-7,
  "observed_flux": 4.2480337469896767E-7,
  "electron_correction": 2.4539357212916002E-8,
  "electron_contaminaton": false,
  "energy": "0.1-0.8nm"
}
