{
  "time_tag": "2026-02-18T21:28:00Z",
  "satellite": 18,
  "flux": 7.221606779239664E-7,
  "observed_flux": 7.86375551342644E-7,
  "electron_correction": 6.421490894581439E-8,
  "electron_contaminaton": false,
  "energy": "0.1-0.8nm"
}
