{
  "time_tag": "2026-01-12T08:19:00Z",
  "satellite": 18,
  "flux": 0.0000014178519904817222,
  "observed_flux": 0.0000014211356074156356,
  "electron_correction": 3.2836742214215064E-9,
  "electron_contaminaton": false,
  "energy": "0.1-0.8nm"
}
