{
  "time_tag": "2026-03-09T07:56:00Z",
  "satellite": 18,
  "flux": 7.065110025905597E-7,
  "observed_flux": 7.15197131739842E-7,
  "electron_correction": 8.68610072757292E-9,
  "electron_contaminaton": false,
  "energy": "0.1-0.8nm"
}
