{
  "time_tag": "2025-12-26T08:19:00Z",
  "satellite": 18,
  "flux": 0.000002419454403934651,
  "observed_flux": 0.000002441469860059442,
  "electron_correction": 2.2015477441073017E-8,
  "electron_contaminaton": false,
  "energy": "0.1-0.8nm"
}
