{
    "time_tag": "2026-06-13T17:54:00Z",
    "satellite": 18,
    "flux": 6.082318577682599e-07,
    "observed_flux": 6.55861356335663e-07,
    "electron_correction": 4.762949501468938e-08,
    "electron_contaminaton": false,
    "energy": "0.1-0.8nm"
}