{
  "time_tag": "2026-03-25T01:55:00Z",
  "satellite": 18,
  "flux": 9.17323461635533E-7,
  "observed_flux": 9.756539611771586E-7,
  "electron_correction": 5.8330467567202504E-8,
  "electron_contaminaton": false,
  "energy": "0.1-0.8nm"
}
