{
  "time_tag": "2026-03-28T10:40:00Z",
  "satellite": 18,
  "flux": 0.0000021178072984184837,
  "observed_flux": 0.0000021216176264715614,
  "electron_correction": 3.810271653748032E-9,
  "electron_contaminaton": false,
  "energy": "0.1-0.8nm"
}
