{
  "time_tag": "2026-03-03T10:11:00Z",
  "satellite": 18,
  "flux": 6.586600989066937E-7,
  "observed_flux": 6.592585464204603E-7,
  "electron_correction": 5.984306383766125E-10,
  "electron_contaminaton": false,
  "energy": "0.1-0.8nm"
}
