{
  "time_tag": "2026-03-10T23:50:00Z",
  "satellite": 18,
  "flux": 5.385754207054561E-7,
  "observed_flux": 5.862473244633293E-7,
  "electron_correction": 4.767188599430483E-8,
  "electron_contaminaton": false,
  "energy": "0.1-0.8nm"
}
