{
    "time_tag": "2026-05-30T21:43:00Z",
    "satellite": 18,
    "flux": 8.615891147201182e-07,
    "observed_flux": 8.766128303250298e-07,
    "electron_correction": 1.502370672312736e-08,
    "electron_contaminaton": false,
    "energy": "0.1-0.8nm"
}