{
  "time_tag": "2026-02-02T12:25:00Z",
  "satellite": 18,
  "flux": 0.000008252513907791581,
  "observed_flux": 0.000008264918506029062,
  "electron_correction": 1.2404512972352677E-8,
  "electron_contaminaton": false,
  "energy": "0.1-0.8nm"
}
