{
    "time_tag": "2026-06-08T16:03:00Z",
    "satellite": 18,
    "flux": 8.238897066803474e-07,
    "observed_flux": 8.60907618971396e-07,
    "electron_correction": 3.7017954923612706e-08,
    "electron_contaminaton": false,
    "energy": "0.1-0.8nm"
}