{
  "time_tag": "2026-03-09T06:03:00Z",
  "satellite": 18,
  "flux": 7.659108405277948E-7,
  "observed_flux": 7.841341016501246E-7,
  "electron_correction": 1.8223277109541414E-8,
  "electron_contaminaton": false,
  "energy": "0.1-0.8nm"
}
