{
    "time_tag": "2026-04-23T13:04:00Z",
    "satellite": 18,
    "flux": 1.7907714209286496e-06,
    "observed_flux": 1.8182505527875037e-06,
    "electron_correction": 2.7479055475509995e-08,
    "electron_contaminaton": false,
    "energy": "0.1-0.8nm"
}