{
  "time_tag": "2026-02-03T14:13:00Z",
  "satellite": 18,
  "flux": 0.00014378217747434974,
  "observed_flux": 0.00014378217747434974,
  "electron_correction": 0.0,
  "electron_contaminaton": false,
  "energy": "0.1-0.8nm"
}
