{
    "time_tag": "2026-06-09T11:14:00Z",
    "satellite": 18,
    "flux": 7.326738682422729e-07,
    "observed_flux": 7.626309184161073e-07,
    "electron_correction": 2.9957014646697644e-08,
    "electron_contaminaton": false,
    "energy": "0.1-0.8nm"
}