{
  "time_tag": "2026-03-10T05:46:00Z",
  "satellite": 18,
  "flux": 0.000001155798599938862,
  "observed_flux": 0.0000011636661838565487,
  "electron_correction": 7.867517304305238E-9,
  "electron_contaminaton": false,
  "energy": "0.1-0.8nm"
}
