{
  "time_tag": "2026-05-03T17:00:00Z",
  "satellite": 18,
  "flux": 8.659876584715676E-7,
  "observed_flux": 9.113101100410859E-7,
  "electron_correction": 4.532242314780888E-8,
  "electron_contaminaton": false,
  "energy": "0.1-0.8nm"
}
