{
    "time_tag": "2026-05-23T14:43:00Z",
    "satellite": 18,
    "flux": 9.774456657396513e-07,
    "observed_flux": 9.998052519222256e-07,
    "electron_correction": 2.2359650131420494e-08,
    "electron_contaminaton": false,
    "energy": "0.1-0.8nm"
}