{
  "time_tag": "2026-05-17T07:21:00Z",
  "satellite": 18,
  "flux": 5.394575737227569E-7,
  "observed_flux": 5.851736091244675E-7,
  "electron_correction": 4.571601053271479E-8,
  "electron_contaminaton": false,
  "energy": "0.1-0.8nm"
}
