{
    "time_tag": "2026-05-10T19:54:00Z",
    "satellite": 18,
    "flux": 8.73675674029073e-07,
    "observed_flux": 8.955026942203403e-07,
    "electron_correction": 2.1827043283906278e-08,
    "electron_contaminaton": false,
    "energy": "0.1-0.8nm"
}