{
  "time_tag": "2025-12-18T10:18:00Z",
  "satellite": 18,
  "flux": 5.693333946510393E-7,
  "observed_flux": 6.082266850171436E-7,
  "electron_correction": 3.8893304576959054E-8,
  "electron_contaminaton": false,
  "energy": "0.1-0.8nm"
}
