{
  "time_tag": "2025-12-12T07:19:00Z",
  "satellite": 18,
  "flux": 0.0000013189664969104342,
  "observed_flux": 0.0000013211104032961885,
  "electron_correction": 2.1438868458290017E-9,
  "electron_contaminaton": false,
  "energy": "0.1-0.8nm"
}
