{
  "time_tag": "2026-02-07T18:02:00Z",
  "satellite": 18,
  "flux": 0.0000028151018796052085,
  "observed_flux": 0.0000028745739655278157,
  "electron_correction": 5.9472277769145876E-8,
  "electron_contaminaton": false,
  "energy": "0.1-0.8nm"
}
