{
  "time_tag": "2026-03-27T04:07:00Z",
  "satellite": 18,
  "flux": 0.0000021850837583770044,
  "observed_flux": 0.000002207305215051747,
  "electron_correction": 2.2221291473556448E-8,
  "electron_contaminaton": false,
  "energy": "0.1-0.8nm"
}
