{
  "time_tag": "2026-01-06T18:20:00Z",
  "satellite": 18,
  "flux": 0.0000010732061355156475,
  "observed_flux": 0.000001116322437155759,
  "electron_correction": 4.311628742925677E-8,
  "electron_contaminaton": false,
  "energy": "0.1-0.8nm"
}
