{
  "time_tag": "2026-06-18T18:03:00Z",
  "satellite": 18,
  "flux": 4.3993171061629255E-7,
  "observed_flux": 4.6100268491500174E-7,
  "electron_correction": 2.107096541692499E-8,
  "electron_contaminaton": false,
  "energy": "0.1-0.8nm"
}
