{
  "time_tag": "2026-01-06T23:18:00Z",
  "satellite": 18,
  "flux": 0.000001254850303666899,
  "observed_flux": 0.0000012867150189777021,
  "electron_correction": 3.18647401797989E-8,
  "electron_contaminaton": false,
  "energy": "0.1-0.8nm"
}
