{
  "time_tag": "2026-03-04T22:11:00Z",
  "satellite": 18,
  "flux": 5.85975442390918E-7,
  "observed_flux": 6.17494720245304E-7,
  "electron_correction": 3.151929917066809E-8,
  "electron_contaminaton": false,
  "energy": "0.1-0.8nm"
}
