{
    "time_tag": "2026-05-14T10:03:00Z",
    "satellite": 18,
    "flux": 1.0681671938073123e-06,
    "observed_flux": 1.0741021014837315e-06,
    "electron_correction": 5.934940539020772e-09,
    "electron_contaminaton": false,
    "energy": "0.1-0.8nm"
}