{
  "time_tag": "2025-12-05T19:21:00Z",
  "satellite": 18,
  "flux": 0.00000206107893063745,
  "observed_flux": 0.0000021207154077274026,
  "electron_correction": 5.96363562976876E-8,
  "electron_contaminaton": false,
  "energy": "0.1-0.8nm"
}
