{
  "time_tag": "2026-03-24T05:04:00Z",
  "satellite": 18,
  "flux": 6.574898634426063E-7,
  "observed_flux": 6.884196181999869E-7,
  "electron_correction": 3.092975831009426E-8,
  "electron_contaminaton": false,
  "energy": "0.1-0.8nm"
}
