{
  "time_tag": "2026-06-08T16:23:00Z",
  "satellite": 18,
  "flux": 0.000001053676328410802,
  "observed_flux": 0.0000010902894018727238,
  "electron_correction": 3.661315162162282E-8,
  "electron_contaminaton": false,
  "energy": "0.1-0.8nm"
}
