{
  "time_tag": "2026-04-22T17:32:00Z",
  "satellite": 18,
  "flux": 0.0000012226605576870497,
  "observed_flux": 0.0000012720030326818232,
  "electron_correction": 4.9342553154474444E-8,
  "electron_contaminaton": false,
  "energy": "0.1-0.8nm"
}
