{
  "time_tag": "2026-04-24T15:04:00Z",
  "satellite": 18,
  "flux": 0.0000020321620013419306,
  "observed_flux": 0.0000020585994207067415,
  "electron_correction": 2.643739449581517E-8,
  "electron_contaminaton": false,
  "energy": "0.1-0.8nm"
}
