{
    "time_tag": "2026-04-23T17:16:00Z",
    "satellite": 18,
    "flux": 2.1861307686776854e-05,
    "observed_flux": 2.189980114053469e-05,
    "electron_correction": 3.849364560437607e-08,
    "electron_contaminaton": false,
    "energy": "0.1-0.8nm"
}