{
  "time_tag": "2026-04-19T19:27:00Z",
  "satellite": 18,
  "flux": 3.965690211771289E-7,
  "observed_flux": 4.6439836864919926E-7,
  "electron_correction": 6.782934036664301E-8,
  "electron_contaminaton": false,
  "energy": "0.1-0.8nm"
}
