{
  "time_tag": "2026-01-21T11:19:00Z",
  "satellite": 18,
  "flux": 0.0000012867707255281857,
  "observed_flux": 0.0000013037152939432417,
  "electron_correction": 1.694454354606023E-8,
  "electron_contaminaton": false,
  "energy": "0.1-0.8nm"
}
