{
  "time_tag": "2026-01-21T15:21:00Z",
  "satellite": 18,
  "flux": 0.0000013120734365656972,
  "observed_flux": 0.0000014322378092401777,
  "electron_correction": 1.2016440109618998E-7,
  "electron_contaminaton": false,
  "energy": "0.1-0.8nm"
}
