{
  "time_tag": "2026-03-04T11:40:00Z",
  "satellite": 18,
  "flux": 5.522591095541429E-7,
  "observed_flux": 5.57403041057114E-7,
  "electron_correction": 5.143933279327939E-9,
  "electron_contaminaton": false,
  "energy": "0.1-0.8nm"
}
