{
  "time_tag": "2026-03-25T20:43:00Z",
  "satellite": 18,
  "flux": 0.000001670922756602522,
  "observed_flux": 0.000001726603954921302,
  "electron_correction": 5.568123384591672E-8,
  "electron_contaminaton": false,
  "energy": "0.1-0.8nm"
}
