{
  "time_tag": "2026-04-27T20:50:00Z",
  "satellite": 18,
  "flux": 9.058613841261831E-7,
  "observed_flux": 9.177756510325707E-7,
  "electron_correction": 1.191428999902655E-8,
  "electron_contaminaton": false,
  "energy": "0.1-0.8nm"
}
