{
  "time_tag": "2025-12-10T22:22:00Z",
  "satellite": 18,
  "flux": 0.000003935309905500617,
  "observed_flux": 0.0000039484407352574635,
  "electron_correction": 1.3130648568449033E-8,
  "electron_contaminaton": false,
  "energy": "0.1-0.8nm"
}
