{
  "time_tag": "2026-02-08T13:57:00Z",
  "satellite": 18,
  "flux": 0.000014162622392177582,
  "observed_flux": 0.000014201901649357751,
  "electron_correction": 3.927868164055326E-8,
  "electron_contaminaton": false,
  "energy": "0.1-0.8nm"
}
