{
  "time_tag": "2026-03-08T12:24:00Z",
  "satellite": 18,
  "flux": 6.452035563597747E-7,
  "observed_flux": 6.784777610846504E-7,
  "electron_correction": 3.327419761944839E-8,
  "electron_contaminaton": false,
  "energy": "0.1-0.8nm"
}
