{
  "time_tag": "2026-02-14T16:01:00Z",
  "satellite": 18,
  "flux": 5.099912527839479E-7,
  "observed_flux": 5.494122206073371E-7,
  "electron_correction": 3.942098558695761E-8,
  "electron_contaminaton": false,
  "energy": "0.1-0.8nm"
}
