{
  "time_tag": "2026-01-06T00:38:00Z",
  "satellite": 18,
  "flux": 0.0000020175546069367556,
  "observed_flux": 0.0000020576514998538187,
  "electron_correction": 4.009688225892205E-8,
  "electron_contaminaton": false,
  "energy": "0.1-0.8nm"
}
