{
    "time_tag": "2026-04-24T21:05:00Z",
    "satellite": 18,
    "flux": 2.110454715875676e-06,
    "observed_flux": 2.141716322512366e-06,
    "electron_correction": 3.126170611267298e-08,
    "electron_contaminaton": false,
    "energy": "0.1-0.8nm"
}