{
    "time_tag": "2026-05-13T17:20:00Z",
    "satellite": 18,
    "flux": 1.4371798897627741e-06,
    "observed_flux": 1.4414481483981945e-06,
    "electron_correction": 4.2683256928910396e-09,
    "electron_contaminaton": false,
    "energy": "0.1-0.8nm"
}