{
  "time_tag": "2026-05-31T00:18:00Z",
  "satellite": 18,
  "flux": 7.953072440614051E-7,
  "observed_flux": 8.138302973748068E-7,
  "electron_correction": 1.8523046207974403E-8,
  "electron_contaminaton": false,
  "energy": "0.1-0.8nm"
}
