{
  "time_tag": "2026-02-04T13:47:00Z",
  "satellite": 18,
  "flux": 0.000008722492566448636,
  "observed_flux": 0.000008728844477445818,
  "electron_correction": 6.351989600972274E-9,
  "electron_contaminaton": false,
  "energy": "0.1-0.8nm"
}
