{
  "time_tag": "2026-05-28T01:08:00Z",
  "satellite": 19,
  "flux": 7.444581342497258E-7,
  "observed_flux": 7.683129865654337E-7,
  "electron_correction": 2.3854809683143685E-8,
  "electron_contaminaton": false,
  "energy": "0.1-0.8nm"
}
