{
  "time_tag": "2026-02-06T10:25:00Z",
  "satellite": 18,
  "flux": 0.000004530935711954953,
  "observed_flux": 0.00000453676148026716,
  "electron_correction": 5.8256151014290936E-9,
  "electron_contaminaton": false,
  "energy": "0.1-0.8nm"
}
