{
  "time_tag": "2026-06-07T12:24:00Z",
  "satellite": 18,
  "flux": 8.141106491166283E-7,
  "observed_flux": 8.468888381685247E-7,
  "electron_correction": 3.277822102631944E-8,
  "electron_contaminaton": false,
  "energy": "0.1-0.8nm"
}
