{
    "time_tag": "2026-06-07T21:45:00Z",
    "satellite": 18,
    "flux": 8.767754593463906e-07,
    "observed_flux": 9.282225619244855e-07,
    "electron_correction": 5.1447077709099176e-08,
    "electron_contaminaton": false,
    "energy": "0.1-0.8nm"
}