{
  "time_tag": "2025-12-28T07:18:00Z",
  "satellite": 18,
  "flux": 0.000002020037072725245,
  "observed_flux": 0.000002043532731477171,
  "electron_correction": 2.3495594803080166E-8,
  "electron_contaminaton": false,
  "energy": "0.1-0.8nm"
}
