{
  "time_tag": "2026-06-23T12:38:00Z",
  "satellite": 18,
  "flux": 7.745102266198955E-7,
  "observed_flux": 7.772900403324456E-7,
  "electron_correction": 2.7798432444825494E-9,
  "electron_contaminaton": false,
  "energy": "0.1-0.8nm"
}
