{
    "time_tag": "2026-05-03T19:34:00Z",
    "satellite": 18,
    "flux": 1.1157279686813126e-06,
    "observed_flux": 1.1509451951496885e-06,
    "electron_correction": 3.52172406792306e-08,
    "electron_contaminaton": false,
    "energy": "0.1-0.8nm"
}