{
  "time_tag": "2026-01-22T05:20:00Z",
  "satellite": 18,
  "flux": 0.000001571763618812838,
  "observed_flux": 0.0000016327768435075996,
  "electron_correction": 6.101325311647088E-8,
  "electron_contaminaton": false,
  "energy": "0.1-0.8nm"
}
