{
    "time_tag": "2026-06-30T11:12:00Z",
    "satellite": 18,
    "flux": 2.0656284505093936e-06,
    "observed_flux": 2.0860566110059153e-06,
    "electron_correction": 2.0428169378305938e-08,
    "electron_contaminaton": false,
    "energy": "0.1-0.8nm"
}