{
    "time_tag": "2026-05-27T16:02:00Z",
    "satellite": 18,
    "flux": 1.1670371122818324e-06,
    "observed_flux": 1.1875924883497646e-06,
    "electron_correction": 2.0555395607857463e-08,
    "electron_contaminaton": false,
    "energy": "0.1-0.8nm"
}