{
  "time_tag": "2026-04-22T05:06:00Z",
  "satellite": 18,
  "flux": 7.966135058268264E-7,
  "observed_flux": 8.234885626734467E-7,
  "electron_correction": 2.6875074610188676E-8,
  "electron_contaminaton": false,
  "energy": "0.1-0.8nm"
}
