{
    "time_tag": "2026-05-08T17:36:00Z",
    "satellite": 18,
    "flux": 8.92580032996193e-07,
    "observed_flux": 9.120775530391256e-07,
    "electron_correction": 1.949752892471679e-08,
    "electron_contaminaton": false,
    "energy": "0.1-0.8nm"
}