{
  "time_tag": "2026-05-23T15:18:00Z",
  "satellite": 18,
  "flux": 0.0000014031755881660501,
  "observed_flux": 0.0000014266670405049808,
  "electron_correction": 2.3491480760640115E-8,
  "electron_contaminaton": false,
  "energy": "0.1-0.8nm"
}
