{
  "time_tag": "2026-03-11T13:27:00Z",
  "satellite": 18,
  "flux": 5.725919436372351E-7,
  "observed_flux": 6.169352104734571E-7,
  "electron_correction": 4.434323130908524E-8,
  "electron_contaminaton": false,
  "energy": "0.1-0.8nm"
}
