{
  "time_tag": "2026-06-24T15:41:00Z",
  "satellite": 18,
  "flux": 0.0000011857969184347894,
  "observed_flux": 0.0000011994258102276945,
  "electron_correction": 1.3628850936697745E-8,
  "electron_contaminaton": false,
  "energy": "0.1-0.8nm"
}
