{
  "time_tag": "2026-03-06T04:19:00Z",
  "satellite": 18,
  "flux": 7.240028025989886E-7,
  "observed_flux": 7.318151347135426E-7,
  "electron_correction": 7.812349878122404E-9,
  "electron_contaminaton": false,
  "energy": "0.1-0.8nm"
}
