{
  "time_tag": "2026-03-22T21:37:00Z",
  "satellite": 18,
  "flux": 8.030788194446359E-7,
  "observed_flux": 8.239047701863456E-7,
  "electron_correction": 2.0825988045203303E-8,
  "electron_contaminaton": false,
  "energy": "0.1-0.8nm"
}
