{
  "time_tag": "2026-03-07T17:03:00Z",
  "satellite": 18,
  "flux": 9.84660232461465E-7,
  "observed_flux": 0.0000010099161045218352,
  "electron_correction": 2.5255928903789027E-8,
  "electron_contaminaton": false,
  "energy": "0.1-0.8nm"
}
