{
  "time_tag": "2026-01-02T01:48:00Z",
  "satellite": 18,
  "flux": 0.000001796863102754287,
  "observed_flux": 0.0000018122706251233467,
  "electron_correction": 1.540759164697647E-8,
  "electron_contaminaton": false,
  "energy": "0.1-0.8nm"
}
