{
  "time_tag": "2026-06-23T16:31:00Z",
  "satellite": 18,
  "flux": 0.0000010411844186819508,
  "observed_flux": 0.0000010460225894348696,
  "electron_correction": 4.838196066003775E-9,
  "electron_contaminaton": false,
  "energy": "0.1-0.8nm"
}
