{
  "time_tag": "2026-02-14T19:09:00Z",
  "satellite": 18,
  "flux": 4.678107927702513E-7,
  "observed_flux": 5.341568680705677E-7,
  "electron_correction": 6.634605398403437E-8,
  "electron_contaminaton": false,
  "energy": "0.1-0.8nm"
}
