{
  "time_tag": "2026-06-20T17:43:00Z",
  "satellite": 18,
  "flux": 5.041836743657768E-7,
  "observed_flux": 5.281922881295031E-7,
  "electron_correction": 2.4008622645510513E-8,
  "electron_contaminaton": false,
  "energy": "0.1-0.8nm"
}
