{
    "time_tag": "2026-05-05T22:03:00Z",
    "satellite": 18,
    "flux": 5.735007562179817e-07,
    "observed_flux": 6.319488079498115e-07,
    "electron_correction": 5.844807304811184e-08,
    "electron_contaminaton": false,
    "energy": "0.1-0.8nm"
}