{
    "time_tag": "2026-06-06T23:52:00Z",
    "satellite": 18,
    "flux": 9.530895681564289e-07,
    "observed_flux": 9.986241593651357e-07,
    "electron_correction": 4.5534580550565806e-08,
    "electron_contaminaton": false,
    "energy": "0.1-0.8nm"
}