{
  "time_tag": "2026-03-02T22:39:00Z",
  "satellite": 18,
  "flux": 8.659511649966589E-7,
  "observed_flux": 9.084965313377324E-7,
  "electron_correction": 4.2545327261223065E-8,
  "electron_contaminaton": false,
  "energy": "0.1-0.8nm"
}
