{
    "time_tag": "2026-06-04T17:44:00Z",
    "satellite": 18,
    "flux": 9.837566494752537e-07,
    "observed_flux": 9.93330218079791e-07,
    "electron_correction": 9.573623671599307e-09,
    "electron_contaminaton": false,
    "energy": "0.1-0.8nm"
}