{
    "time_tag": "2026-07-02T17:28:00Z",
    "satellite": 18,
    "flux": 3.0901169338903856e-06,
    "observed_flux": 3.1012191357149277e-06,
    "electron_correction": 1.1102101460380709e-08,
    "electron_contaminaton": false,
    "energy": "0.1-0.8nm"
}