{
  "time_tag": "2025-12-24T02:48:00Z",
  "satellite": 18,
  "flux": 0.0000010954763638437726,
  "observed_flux": 0.0000011457708524176269,
  "electron_correction": 5.02944423885765E-8,
  "electron_contaminaton": false,
  "energy": "0.1-0.8nm"
}
