{
  "time_tag": "2026-03-14T21:37:00Z",
  "satellite": 18,
  "flux": 0.0000012520548580141622,
  "observed_flux": 0.0000013180002724766382,
  "electron_correction": 6.594532209192039E-8,
  "electron_contaminaton": false,
  "energy": "0.1-0.8nm"
}
