{
  "time_tag": "2026-03-18T18:44:00Z",
  "satellite": 18,
  "flux": 1.9329209521856683E-7,
  "observed_flux": 2.230759719168418E-7,
  "electron_correction": 2.978387492191814E-8,
  "electron_contaminaton": false,
  "energy": "0.1-0.8nm"
}
