{
  "time_tag": "2026-03-29T14:45:00Z",
  "satellite": 18,
  "flux": 9.489172612120456E-7,
  "observed_flux": 9.627551662561018E-7,
  "electron_correction": 1.3837937018479352E-8,
  "electron_contaminaton": false,
  "energy": "0.1-0.8nm"
}
