{
  "time_tag": "2026-01-13T22:17:00Z",
  "satellite": 18,
  "flux": 7.677554663132469E-7,
  "observed_flux": 8.222440328609082E-7,
  "electron_correction": 5.4488552336806606E-8,
  "electron_contaminaton": false,
  "energy": "0.1-0.8nm"
}
