{
  "time_tag": "2026-01-06T01:48:00Z",
  "satellite": 18,
  "flux": 0.0000029469078981492203,
  "observed_flux": 0.0000029874895517423283,
  "electron_correction": 4.058147595742412E-8,
  "electron_contaminaton": false,
  "energy": "0.1-0.8nm"
}
