{
    "time_tag": "2026-06-06T11:06:00Z",
    "satellite": 18,
    "flux": 1.1159468158439267e-06,
    "observed_flux": 1.1329450444463873e-06,
    "electron_correction": 1.6998141560975455e-08,
    "electron_contaminaton": false,
    "energy": "0.1-0.8nm"
}