{
  "time_tag": "2026-06-25T01:15:00Z",
  "satellite": 18,
  "flux": 0.0000024059415864030598,
  "observed_flux": 0.0000024157486677722773,
  "electron_correction": 9.807061829292252E-9,
  "electron_contaminaton": false,
  "energy": "0.1-0.8nm"
}
