{
  "time_tag": "2026-02-17T23:43:00Z",
  "satellite": 18,
  "flux": 6.964194767533627E-7,
  "observed_flux": 7.633471454937535E-7,
  "electron_correction": 6.692769005667287E-8,
  "electron_contaminaton": false,
  "energy": "0.1-0.8nm"
}
