{
  "time_tag": "2026-01-15T21:19:00Z",
  "satellite": 18,
  "flux": 0.0000011694514796545263,
  "observed_flux": 0.0000012297028888497152,
  "electron_correction": 6.025142340604361E-8,
  "electron_contaminaton": false,
  "energy": "0.1-0.8nm"
}
