{
  "time_tag": "2026-06-29T23:32:00Z",
  "satellite": 18,
  "flux": 0.0000022499746137327747,
  "observed_flux": 0.000002280097987750196,
  "electron_correction": 3.0123558758532454E-8,
  "electron_contaminaton": false,
  "energy": "0.1-0.8nm"
}
