{
  "time_tag": "2025-12-25T12:20:00Z",
  "satellite": 18,
  "flux": 0.0000015852693877604906,
  "observed_flux": 0.0000016241486946455552,
  "electron_correction": 3.8879377939338156E-8,
  "electron_contaminaton": false,
  "energy": "0.1-0.8nm"
}
