{
    "time_tag": "2026-06-26T00:09:00Z",
    "satellite": 18,
    "flux": 1.3570057717515738e-06,
    "observed_flux": 1.4078881349632866e-06,
    "electron_correction": 5.088245558226845e-08,
    "electron_contaminaton": false,
    "energy": "0.1-0.8nm"
}