{
  "time_tag": "2026-03-15T17:21:00Z",
  "satellite": 18,
  "flux": 5.109102403366705E-7,
  "observed_flux": 5.807619345432613E-7,
  "electron_correction": 6.985170131201812E-8,
  "electron_contaminaton": false,
  "energy": "0.1-0.8nm"
}
