{
    "time_tag": "2026-05-25T22:28:00Z",
    "satellite": 18,
    "flux": 4.020568212581566e-06,
    "observed_flux": 4.026350325148087e-06,
    "electron_correction": 5.782371470530734e-09,
    "electron_contaminaton": false,
    "energy": "0.1-0.8nm"
}