{
  "time_tag": "2026-02-06T00:45:00Z",
  "satellite": 18,
  "flux": 0.0000016405253973061917,
  "observed_flux": 0.0000016582763464612071,
  "electron_correction": 1.7750890535239705E-8,
  "electron_contaminaton": false,
  "energy": "0.1-0.8nm"
}
