{
  "time_tag": "2026-04-17T23:00:00Z",
  "satellite": 18,
  "flux": 3.5868202985511743E-7,
  "observed_flux": 3.695493546729267E-7,
  "electron_correction": 1.0867302613348784E-8,
  "electron_contaminaton": false,
  "energy": "0.1-0.8nm"
}
