{
  "time_tag": "2026-01-09T11:17:00Z",
  "satellite": 18,
  "flux": 6.695977390336338E-7,
  "observed_flux": 6.712907634209841E-7,
  "electron_correction": 1.6929968538192952E-9,
  "electron_contaminaton": false,
  "energy": "0.1-0.8nm"
}
