{
  "time_tag": "2026-05-05T19:57:00Z",
  "satellite": 18,
  "flux": 6.221377475412737E-7,
  "observed_flux": 6.884238246129826E-7,
  "electron_correction": 6.628608417713622E-8,
  "electron_contaminaton": false,
  "energy": "0.1-0.8nm"
}
