{
  "time_tag": "2026-06-11T08:48:00Z",
  "satellite": 18,
  "flux": 8.704157039574056E-7,
  "observed_flux": 8.713377042113279E-7,
  "electron_correction": 9.220116337083084E-10,
  "electron_contaminaton": false,
  "energy": "0.1-0.8nm"
}
