{
    "time_tag": "2026-06-19T22:58:00Z",
    "satellite": 18,
    "flux": 4.6350263005479064e-07,
    "observed_flux": 4.907947186438832e-07,
    "electron_correction": 2.7292099247233637e-08,
    "electron_contaminaton": false,
    "energy": "0.1-0.8nm"
}