{
  "time_tag": "2025-12-31T17:18:00Z",
  "satellite": 18,
  "flux": 0.0000029061900477245217,
  "observed_flux": 0.0000029115014967828756,
  "electron_correction": 5.31145083471074E-9,
  "electron_contaminaton": false,
  "energy": "0.1-0.8nm"
}
