{
  "time_tag": "2026-03-11T11:54:00Z",
  "satellite": 18,
  "flux": 5.618285285891034E-7,
  "observed_flux": 6.007728643453447E-7,
  "electron_correction": 3.894429667639088E-8,
  "electron_contaminaton": false,
  "energy": "0.1-0.8nm"
}
