{
  "time_tag": "2026-02-04T20:20:00Z",
  "satellite": 18,
  "flux": 0.0000017844173498815508,
  "observed_flux": 0.0000017947234027815284,
  "electron_correction": 1.0306067999010793E-8,
  "electron_contaminaton": false,
  "energy": "0.1-0.8nm"
}
