{
  "time_tag": "2026-03-22T07:02:00Z",
  "satellite": 18,
  "flux": 4.5176619778430904E-7,
  "observed_flux": 4.717578008239798E-7,
  "electron_correction": 1.9991601263313896E-8,
  "electron_contaminaton": false,
  "energy": "0.1-0.8nm"
}
