{
    "time_tag": "2026-04-25T06:01:00Z",
    "satellite": 18,
    "flux": 1.135167167376494e-06,
    "observed_flux": 1.137582785304403e-06,
    "electron_correction": 2.415554423151889e-09,
    "electron_contaminaton": false,
    "energy": "0.1-0.8nm"
}