{
    "time_tag": "2026-05-11T23:03:00Z",
    "satellite": 18,
    "flux": 5.639613505081797e-07,
    "observed_flux": 5.802276064059697e-07,
    "electron_correction": 1.6266310964851982e-08,
    "electron_contaminaton": false,
    "energy": "0.1-0.8nm"
}