{
  "time_tag": "2025-12-09T12:24:00Z",
  "satellite": 18,
  "flux": 0.0000036393626032804605,
  "observed_flux": 0.000003655361979326699,
  "electron_correction": 1.599936894081111E-8,
  "electron_contaminaton": false,
  "energy": "0.1-0.8nm"
}
