{
  "time_tag": "2026-05-10T09:44:00Z",
  "satellite": 18,
  "flux": 0.0000016244098333118018,
  "observed_flux": 0.0000016312600337187178,
  "electron_correction": 6.850162215243927E-9,
  "electron_contaminaton": false,
  "energy": "0.1-0.8nm"
}
