{
  "time_tag": "2026-02-14T19:46:00Z",
  "satellite": 18,
  "flux": 4.484433020479628E-7,
  "observed_flux": 5.006662604500889E-7,
  "electron_correction": 5.2222965507553454E-8,
  "electron_contaminaton": false,
  "energy": "0.1-0.8nm"
}
