{
  "time_tag": "2026-01-16T23:18:00Z",
  "satellite": 18,
  "flux": 0.000002369677986280294,
  "observed_flux": 0.000002399634922767291,
  "electron_correction": 2.9956982672274535E-8,
  "electron_contaminaton": false,
  "energy": "0.1-0.8nm"
}
