{
  "time_tag": "2026-02-08T09:39:00Z",
  "satellite": 18,
  "flux": 0.000002884471314246184,
  "observed_flux": 0.0000029160521535231965,
  "electron_correction": 3.1580892567717456E-8,
  "electron_contaminaton": false,
  "energy": "0.1-0.8nm"
}
