{
  "time_tag": "2026-02-03T02:33:00Z",
  "satellite": 18,
  "flux": 0.000010807182661665138,
  "observed_flux": 0.000010821868272614665,
  "electron_correction": 1.4685100246936145E-8,
  "electron_contaminaton": false,
  "energy": "0.1-0.8nm"
}
