{
  "time_tag": "2025-12-08T16:23:00Z",
  "satellite": 18,
  "flux": 0.0000021778660084237345,
  "observed_flux": 0.0000022049616745789535,
  "electron_correction": 2.70956039827297E-8,
  "electron_contaminaton": false,
  "energy": "0.1-0.8nm"
}
