{
  "time_tag": "2026-05-15T05:49:00Z",
  "satellite": 18,
  "flux": 4.948444143337838E-7,
  "observed_flux": 4.956374937137298E-7,
  "electron_correction": 7.930639478459511E-10,
  "electron_contaminaton": false,
  "energy": "0.1-0.8nm"
}
