{
    "time_tag": "2026-05-20T17:39:00Z",
    "satellite": 18,
    "flux": 7.064072633511387e-07,
    "observed_flux": 7.609757517457183e-07,
    "electron_correction": 5.456850615814801e-08,
    "electron_contaminaton": false,
    "energy": "0.1-0.8nm"
}