{
    "time_tag": "2026-06-15T11:37:00Z",
    "satellite": 18,
    "flux": 6.524555828946177e-07,
    "observed_flux": 6.773390168746118e-07,
    "electron_correction": 2.488347305984462e-08,
    "electron_contaminaton": false,
    "energy": "0.1-0.8nm"
}