{
    "time_tag": "2026-06-11T00:13:00Z",
    "satellite": 18,
    "flux": 6.320511147350771e-06,
    "observed_flux": 6.3703128034831025e-06,
    "electron_correction": 4.980153534006604e-08,
    "electron_contaminaton": false,
    "energy": "0.1-0.8nm"
}