{
    "time_tag": "2026-04-27T18:32:00Z",
    "satellite": 18,
    "flux": 7.276611313500325e-07,
    "observed_flux": 7.42769827866141e-07,
    "electron_correction": 1.510868585796743e-08,
    "electron_contaminaton": false,
    "energy": "0.1-0.8nm"
}