{
  "time_tag": "2026-05-23T19:49:00Z",
  "satellite": 18,
  "flux": 0.0000027356613827578258,
  "observed_flux": 0.000002767737214526278,
  "electron_correction": 3.2075728739755505E-8,
  "electron_contaminaton": false,
  "energy": "0.1-0.8nm"
}
