{
  "time_tag": "2026-01-16T10:18:00Z",
  "satellite": 18,
  "flux": 0.0000010840959703273256,
  "observed_flux": 0.0000010864556543310755,
  "electron_correction": 2.359746620328451E-9,
  "electron_contaminaton": false,
  "energy": "0.1-0.8nm"
}
