{
  "time_tag": "2025-12-15T04:25:00Z",
  "satellite": 18,
  "flux": 6.07778133598913E-7,
  "observed_flux": 6.441380833166477E-7,
  "electron_correction": 3.635992129602528E-8,
  "electron_contaminaton": false,
  "energy": "0.1-0.8nm"
}
