{
    "time_tag": "2026-07-02T07:22:00Z",
    "satellite": 18,
    "flux": 6.38931760477135e-06,
    "observed_flux": 6.3961110754462425e-06,
    "electron_correction": 6.793114515346588e-09,
    "electron_contaminaton": false,
    "energy": "0.1-0.8nm"
}