{
  "time_tag": "2025-12-20T23:17:00Z",
  "satellite": 18,
  "flux": 0.0000012992722986382432,
  "observed_flux": 0.0000013437454526865622,
  "electron_correction": 4.4473125626609544E-8,
  "electron_contaminaton": false,
  "energy": "0.1-0.8nm"
}
