{
  "time_tag": "2026-06-20T21:39:00Z",
  "satellite": 18,
  "flux": 0.000004393840754346456,
  "observed_flux": 0.000004420925051817903,
  "electron_correction": 2.7084160691970283E-8,
  "electron_contaminaton": false,
  "energy": "0.1-0.8nm"
}
