{
  "time_tag": "2026-04-18T21:40:00Z",
  "satellite": 18,
  "flux": 3.172015112795634E-7,
  "observed_flux": 3.507448695927451E-7,
  "electron_correction": 3.354335120775431E-8,
  "electron_contaminaton": false,
  "energy": "0.1-0.8nm"
}
