{
  "time_tag": "2026-02-04T05:42:00Z",
  "satellite": 18,
  "flux": 0.0000014938391359464731,
  "observed_flux": 0.0000015022317256807582,
  "electron_correction": 8.392533779044697E-9,
  "electron_contaminaton": false,
  "energy": "0.1-0.8nm"
}
