{
  "time_tag": "2026-03-19T01:42:00Z",
  "satellite": 18,
  "flux": 3.230036043078144E-7,
  "observed_flux": 3.402936101792875E-7,
  "electron_correction": 1.7290030740468865E-8,
  "electron_contaminaton": false,
  "energy": "0.1-0.8nm"
}
