{
  "time_tag": "2026-02-23T23:12:00Z",
  "satellite": 18,
  "flux": 5.136733989274944E-7,
  "observed_flux": 6.198371806931391E-7,
  "electron_correction": 1.0616377466021731E-7,
  "electron_contaminaton": false,
  "energy": "0.1-0.8nm"
}
