{
  "time_tag": "2026-02-24T18:31:00Z",
  "satellite": 18,
  "flux": 0.0000023207926460599992,
  "observed_flux": 0.000002392480837443145,
  "electron_correction": 7.168807059088067E-8,
  "electron_contaminaton": false,
  "energy": "0.1-0.8nm"
}
