{
  "time_tag": "2026-04-25T21:39:00Z",
  "satellite": 18,
  "flux": 0.0000024784321794868447,
  "observed_flux": 0.0000024880969249352347,
  "electron_correction": 9.664680611365384E-9,
  "electron_contaminaton": false,
  "energy": "0.1-0.8nm"
}
