{
    "time_tag": "2026-05-10T12:08:00Z",
    "satellite": 18,
    "flux": 6.146967166387185e-07,
    "observed_flux": 6.279230433392513e-07,
    "electron_correction": 1.3226296502466539e-08,
    "electron_contaminaton": false,
    "energy": "0.1-0.8nm"
}