{
  "time_tag": "2026-01-09T00:38:00Z",
  "satellite": 18,
  "flux": 7.96636129507533E-7,
  "observed_flux": 8.064707230914792E-7,
  "electron_correction": 9.834618452941868E-9,
  "electron_contaminaton": false,
  "energy": "0.1-0.8nm"
}
