{
  "time_tag": "2026-05-10T15:31:00Z",
  "satellite": 18,
  "flux": 0.000002819283508870285,
  "observed_flux": 0.0000028358595045574475,
  "electron_correction": 1.6576166217419086E-8,
  "electron_contaminaton": false,
  "energy": "0.1-0.8nm"
}
