{
  "time_tag": "2026-02-22T12:44:00Z",
  "satellite": 18,
  "flux": 7.258700520651473E-7,
  "observed_flux": 7.307571650017053E-7,
  "electron_correction": 4.887160010014213E-9,
  "electron_contaminaton": false,
  "energy": "0.1-0.8nm"
}
