{
    "time_tag": "2026-05-25T02:23:00Z",
    "satellite": 18,
    "flux": 1.0656766562533448e-06,
    "observed_flux": 1.0691840088838944e-06,
    "electron_correction": 3.5072948989522956e-09,
    "electron_contaminaton": false,
    "energy": "0.1-0.8nm"
}