{
  "time_tag": "2026-04-21T17:03:00Z",
  "satellite": 18,
  "flux": 8.509744588991452E-7,
  "observed_flux": 9.429123792870087E-7,
  "electron_correction": 9.193791328243606E-8,
  "electron_contaminaton": false,
  "energy": "0.1-0.8nm"
}
