{
  "time_tag": "2026-02-07T08:53:00Z",
  "satellite": 18,
  "flux": 0.0000024626365302538034,
  "observed_flux": 0.0000024876878796931123,
  "electron_correction": 2.505134233388162E-8,
  "electron_contaminaton": false,
  "energy": "0.1-0.8nm"
}
