{
  "time_tag": "2026-03-18T21:10:00Z",
  "satellite": 18,
  "flux": 3.5009787779927137E-7,
  "observed_flux": 3.810860960129503E-7,
  "electron_correction": 3.0988204002824205E-8,
  "electron_contaminaton": false,
  "energy": "0.1-0.8nm"
}
