{
    "time_tag": "2026-06-18T11:06:00Z",
    "satellite": 18,
    "flux": 5.131493594490166e-07,
    "observed_flux": 5.19031118528801e-07,
    "electron_correction": 5.8817417603052036e-09,
    "electron_contaminaton": false,
    "energy": "0.1-0.8nm"
}