{
    "time_tag": "2026-05-22T13:56:00Z",
    "satellite": 18,
    "flux": 1.039580183714861e-06,
    "observed_flux": 1.0614959364829701e-06,
    "electron_correction": 2.1915786518889036e-08,
    "electron_contaminaton": false,
    "energy": "0.1-0.8nm"
}