{
  "time_tag": "2026-04-22T05:50:00Z",
  "satellite": 18,
  "flux": 9.400152407579299E-7,
  "observed_flux": 9.632685760152526E-7,
  "electron_correction": 2.3253388548027942E-8,
  "electron_contaminaton": false,
  "energy": "0.1-0.8nm"
}
