{
    "time_tag": "2026-05-23T20:50:00Z",
    "satellite": 18,
    "flux": 2.059449116131873e-06,
    "observed_flux": 2.0915581444569398e-06,
    "electron_correction": 3.210906740491737e-08,
    "electron_contaminaton": false,
    "energy": "0.1-0.8nm"
}