{
  "time_tag": "2026-03-21T15:22:00Z",
  "satellite": 18,
  "flux": 4.421526398346032E-7,
  "observed_flux": 4.6855450364091666E-7,
  "electron_correction": 2.640185314817245E-8,
  "electron_contaminaton": false,
  "energy": "0.1-0.8nm"
}
