{
  "time_tag": "2026-06-03T16:00:00Z",
  "satellite": 19,
  "flux": 0.0000010985191920553916,
  "observed_flux": 0.0000011436060276537319,
  "electron_correction": 4.5086842703767616E-8,
  "electron_contaminaton": false,
  "energy": "0.1-0.8nm"
}
