{
    "time_tag": "2026-05-13T10:10:00Z",
    "satellite": 18,
    "flux": 6.753443813067861e-07,
    "observed_flux": 6.778664669582213e-07,
    "electron_correction": 2.522061004484044e-09,
    "electron_contaminaton": false,
    "energy": "0.1-0.8nm"
}