{
  "time_tag": "2026-06-29T18:10:00Z",
  "satellite": 18,
  "flux": 0.000003864350219373591,
  "observed_flux": 0.0000038955345189606305,
  "electron_correction": 3.1184100635073264E-8,
  "electron_contaminaton": false,
  "energy": "0.1-0.8nm"
}
