{
  "time_tag": "2026-03-18T06:46:00Z",
  "satellite": 18,
  "flux": 4.789659442394623E-7,
  "observed_flux": 4.921154186376953E-7,
  "electron_correction": 1.3149489497266131E-8,
  "electron_contaminaton": false,
  "energy": "0.1-0.8nm"
}
