{
  "time_tag": "2026-03-08T15:21:00Z",
  "satellite": 18,
  "flux": 9.739379720485886E-7,
  "observed_flux": 0.000001023656977849896,
  "electron_correction": 4.971911238271787E-8,
  "electron_contaminaton": false,
  "energy": "0.1-0.8nm"
}
