{
    "time_tag": "2026-04-30T17:06:00Z",
    "satellite": 18,
    "flux": 9.704120884634904e-07,
    "observed_flux": 9.74115437202272e-07,
    "electron_correction": 3.7033682787068756e-09,
    "electron_contaminaton": false,
    "energy": "0.1-0.8nm"
}