{
  "time_tag": "2026-03-12T19:42:00Z",
  "satellite": 18,
  "flux": 0.00000117365220830834,
  "observed_flux": 0.0000011934091617149534,
  "electron_correction": 1.9756930313974408E-8,
  "electron_contaminaton": false,
  "energy": "0.1-0.8nm"
}
