{
    "time_tag": "2026-04-29T01:04:00Z",
    "satellite": 18,
    "flux": 1.4048654293219442e-06,
    "observed_flux": 1.413894437973795e-06,
    "electron_correction": 9.028947367539786e-09,
    "electron_contaminaton": false,
    "energy": "0.1-0.8nm"
}