{
  "time_tag": "2026-06-14T16:44:00Z",
  "satellite": 18,
  "flux": 4.701238935922447E-7,
  "observed_flux": 5.151023287908174E-7,
  "electron_correction": 4.4978438751286376E-8,
  "electron_contaminaton": false,
  "energy": "0.1-0.8nm"
}
