{
  "time_tag": "2026-06-28T09:09:00Z",
  "satellite": 18,
  "flux": 0.0000018827042822522344,
  "observed_flux": 0.000001908696731334203,
  "electron_correction": 2.5992459740109553E-8,
  "electron_contaminaton": false,
  "energy": "0.1-0.8nm"
}
