{
  "time_tag": "2026-05-23T14:50:00Z",
  "satellite": 18,
  "flux": 0.0000011024854984498234,
  "observed_flux": 0.00000112503357740934,
  "electron_correction": 2.2548055866877803E-8,
  "electron_contaminaton": false,
  "energy": "0.1-0.8nm"
}
