{
  "time_tag": "2026-03-13T01:32:00Z",
  "satellite": 18,
  "flux": 0.0000023622199023520807,
  "observed_flux": 0.000002384671688560047,
  "electron_correction": 2.24517453517592E-8,
  "electron_contaminaton": false,
  "energy": "0.1-0.8nm"
}
