{
  "time_tag": "2026-05-31T21:32:00Z",
  "satellite": 18,
  "flux": 9.934955187418382E-7,
  "observed_flux": 0.0000010439767947900691,
  "electron_correction": 5.048132578622244E-8,
  "electron_contaminaton": false,
  "energy": "0.1-0.8nm"
}
