{
    "time_tag": "2026-05-22T06:14:00Z",
    "satellite": 18,
    "flux": 7.201065841400123e-07,
    "observed_flux": 7.363599934251397e-07,
    "electron_correction": 1.6253414614197936e-08,
    "electron_contaminaton": false,
    "energy": "0.1-0.8nm"
}