{
  "time_tag": "2026-02-18T20:16:00Z",
  "satellite": 18,
  "flux": 7.693686256970977E-7,
  "observed_flux": 8.40473035168543E-7,
  "electron_correction": 7.110439526059054E-8,
  "electron_contaminaton": false,
  "energy": "0.1-0.8nm"
}
