{
    "time_tag": "2026-06-17T00:05:00Z",
    "satellite": 18,
    "flux": 5.940648293289996e-07,
    "observed_flux": 6.294176273513585e-07,
    "electron_correction": 3.535280512778627e-08,
    "electron_contaminaton": false,
    "energy": "0.1-0.8nm"
}