{
  "time_tag": "2026-03-29T11:53:00Z",
  "satellite": 18,
  "flux": 0.000001503029352534213,
  "observed_flux": 0.000001527446556792711,
  "electron_correction": 2.4417227351136717E-8,
  "electron_contaminaton": false,
  "energy": "0.1-0.8nm"
}
