{
    "time_tag": "2026-04-29T12:57:00Z",
    "satellite": 18,
    "flux": 1.6359269920940278e-06,
    "observed_flux": 1.6387411960749887e-06,
    "electron_correction": 2.8141997621133896e-09,
    "electron_contaminaton": false,
    "energy": "0.1-0.8nm"
}