{
    "time_tag": "2026-04-24T23:05:00Z",
    "satellite": 18,
    "flux": 1.6467782870677183e-06,
    "observed_flux": 1.6608877331236727e-06,
    "electron_correction": 1.4109414081531213e-08,
    "electron_contaminaton": false,
    "energy": "0.1-0.8nm"
}