{
  "time_tag": "2026-02-25T04:27:00Z",
  "satellite": 18,
  "flux": 9.371734677188215E-7,
  "observed_flux": 9.73535975390405E-7,
  "electron_correction": 3.63625147770108E-8,
  "electron_contaminaton": false,
  "energy": "0.1-0.8nm"
}
