{
    "time_tag": "2026-05-18T18:58:00Z",
    "satellite": 18,
    "flux": 9.442671853321372e-07,
    "observed_flux": 9.911734650813742e-07,
    "electron_correction": 4.6906325934514825e-08,
    "electron_contaminaton": false,
    "energy": "0.1-0.8nm"
}