{
  "time_tag": "2026-02-04T20:07:00Z",
  "satellite": 18,
  "flux": 0.0000016264036730717635,
  "observed_flux": 0.0000016389698203056469,
  "electron_correction": 1.256616055655968E-8,
  "electron_contaminaton": false,
  "energy": "0.1-0.8nm"
}
