{
  "time_tag": "2026-03-11T15:44:00Z",
  "satellite": 18,
  "flux": 7.210771855170606E-7,
  "observed_flux": 7.611307637489517E-7,
  "electron_correction": 4.005358889003219E-8,
  "electron_contaminaton": false,
  "energy": "0.1-0.8nm"
}
