{
  "time_tag": "2026-03-24T06:36:00Z",
  "satellite": 18,
  "flux": 8.980234724731417E-7,
  "observed_flux": 9.323271683570056E-7,
  "electron_correction": 3.430366390944073E-8,
  "electron_contaminaton": false,
  "energy": "0.1-0.8nm"
}
