{
  "time_tag": "2026-03-09T22:24:00Z",
  "satellite": 18,
  "flux": 9.853174560703337E-7,
  "observed_flux": 0.0000010254568678647047,
  "electron_correction": 4.0139397583516256E-8,
  "electron_contaminaton": false,
  "energy": "0.1-0.8nm"
}
