{
  "time_tag": "2025-12-17T16:20:00Z",
  "satellite": 18,
  "flux": 7.668653552173055E-7,
  "observed_flux": 8.058646585595852E-7,
  "electron_correction": 3.899932110584814E-8,
  "electron_contaminaton": false,
  "energy": "0.1-0.8nm"
}
