{
    "time_tag": "2026-07-01T23:07:00Z",
    "satellite": 18,
    "flux": 6.67712083668448e-05,
    "observed_flux": 6.678517092950642e-05,
    "electron_correction": 1.3967864198605184e-08,
    "electron_contaminaton": false,
    "energy": "0.1-0.8nm"
}