{
  "time_tag": "2026-04-30T04:18:00Z",
  "satellite": 18,
  "flux": 7.853063266338722E-7,
  "observed_flux": 7.863139899200178E-7,
  "electron_correction": 1.0076331991015763E-9,
  "electron_contaminaton": false,
  "energy": "0.1-0.8nm"
}
