{
  "time_tag": "2026-03-12T06:00:00Z",
  "satellite": 18,
  "flux": 6.521465820696903E-7,
  "observed_flux": 6.747637826265418E-7,
  "electron_correction": 2.2617236083988246E-8,
  "electron_contaminaton": false,
  "energy": "0.1-0.8nm"
}
