{
  "time_tag": "2026-03-28T13:20:00Z",
  "satellite": 18,
  "flux": 0.0000018592331798572559,
  "observed_flux": 0.0000018628594489200623,
  "electron_correction": 3.6262959302035824E-9,
  "electron_contaminaton": false,
  "energy": "0.1-0.8nm"
}
