{
  "time_tag": "2025-12-06T16:23:00Z",
  "satellite": 18,
  "flux": 0.0000012383522971504135,
  "observed_flux": 0.0000013032374681642978,
  "electron_correction": 6.488521364644839E-8,
  "electron_contaminaton": false,
  "energy": "0.1-0.8nm"
}
