{
    "time_tag": "2026-04-25T09:23:00Z",
    "satellite": 18,
    "flux": 1.4777343722016667e-06,
    "observed_flux": 1.480576997892058e-06,
    "electron_correction": 2.8426401232906073e-09,
    "electron_contaminaton": false,
    "energy": "0.1-0.8nm"
}