{
  "time_tag": "2025-12-21T05:18:00Z",
  "satellite": 18,
  "flux": 0.0000010022110927820904,
  "observed_flux": 0.0000010058276984636905,
  "electron_correction": 3.6166583061714164E-9,
  "electron_contaminaton": false,
  "energy": "0.1-0.8nm"
}
