{
  "time_tag": "2025-12-11T20:19:00Z",
  "satellite": 18,
  "flux": 0.000001175390707430779,
  "observed_flux": 0.0000012000251672361628,
  "electron_correction": 2.4634418949176506E-8,
  "electron_contaminaton": false,
  "energy": "0.1-0.8nm"
}
