{
  "time_tag": "2026-02-12T08:07:00Z",
  "satellite": 18,
  "flux": 7.82121844622452E-7,
  "observed_flux": 7.847913821024122E-7,
  "electron_correction": 2.6695419208522253E-9,
  "electron_contaminaton": false,
  "energy": "0.1-0.8nm"
}
