{
  "time_tag": "2026-03-10T17:15:00Z",
  "satellite": 18,
  "flux": 6.200452276061696E-7,
  "observed_flux": 6.531764711326105E-7,
  "electron_correction": 3.3131264842722885E-8,
  "electron_contaminaton": false,
  "energy": "0.1-0.8nm"
}
