{
  "time_tag": "2026-03-07T18:22:00Z",
  "satellite": 18,
  "flux": 8.5325456211649E-7,
  "observed_flux": 8.905627169042418E-7,
  "electron_correction": 3.730816899860656E-8,
  "electron_contaminaton": false,
  "energy": "0.1-0.8nm"
}
