{
  "time_tag": "2026-02-06T22:00:00Z",
  "satellite": 18,
  "flux": 0.0000014738702702743467,
  "observed_flux": 0.000001544950578136195,
  "electron_correction": 7.108031496727563E-8,
  "electron_contaminaton": false,
  "energy": "0.1-0.8nm"
}
