{
    "time_tag": "2026-06-05T21:05:00Z",
    "satellite": 18,
    "flux": 1.2923871963721467e-06,
    "observed_flux": 1.3246890375739895e-06,
    "electron_correction": 3.2301830543701726e-08,
    "electron_contaminaton": false,
    "energy": "0.1-0.8nm"
}