{
    "time_tag": "2026-05-01T09:06:00Z",
    "satellite": 18,
    "flux": 9.055422651726985e-07,
    "observed_flux": 9.152932989309193e-07,
    "electron_correction": 9.751013330117075e-09,
    "electron_contaminaton": false,
    "energy": "0.1-0.8nm"
}