{
    "time_tag": "2026-05-20T00:08:00Z",
    "satellite": 18,
    "flux": 4.561457842555683e-07,
    "observed_flux": 5.041299573349534e-07,
    "electron_correction": 4.798417307938507e-08,
    "electron_contaminaton": false,
    "energy": "0.1-0.8nm"
}