{
  "time_tag": "2026-02-05T22:39:00Z",
  "satellite": 18,
  "flux": 0.0000023746742954244837,
  "observed_flux": 0.0000023943566702655517,
  "electron_correction": 1.9682236285234467E-8,
  "electron_contaminaton": false,
  "energy": "0.1-0.8nm"
}
