{
    "time_tag": "2026-05-23T17:49:00Z",
    "satellite": 18,
    "flux": 1.9334554508532165e-06,
    "observed_flux": 1.961426505658892e-06,
    "electron_correction": 2.7971017502181894e-08,
    "electron_contaminaton": false,
    "energy": "0.1-0.8nm"
}