{
  "time_tag": "2026-02-08T08:53:00Z",
  "satellite": 18,
  "flux": 0.0000030185901778168045,
  "observed_flux": 0.00000304495802083693,
  "electron_correction": 2.6367841243768453E-8,
  "electron_contaminaton": false,
  "energy": "0.1-0.8nm"
}
