{
  "time_tag": "2026-04-19T11:40:00Z",
  "satellite": 18,
  "flux": 3.75516094663908E-7,
  "observed_flux": 3.915465072168445E-7,
  "electron_correction": 1.6030400118438592E-8,
  "electron_contaminaton": false,
  "energy": "0.1-0.8nm"
}
