{
  "time_tag": "2026-06-19T19:15:00Z",
  "satellite": 18,
  "flux": 5.817422561449348E-7,
  "observed_flux": 6.087495307838253E-7,
  "electron_correction": 2.7007260428035806E-8,
  "electron_contaminaton": false,
  "energy": "0.1-0.8nm"
}
