{
  "time_tag": "2026-02-07T22:52:00Z",
  "satellite": 18,
  "flux": 0.000002054617425528704,
  "observed_flux": 0.0000020937741282978095,
  "electron_correction": 3.9156756059810505E-8,
  "electron_contaminaton": false,
  "energy": "0.1-0.8nm"
}
