{
  "time_tag": "2026-01-07T12:21:00Z",
  "satellite": 18,
  "flux": 9.28910480979539E-7,
  "observed_flux": 9.492906656305422E-7,
  "electron_correction": 2.0380163334721146E-8,
  "electron_contaminaton": false,
  "energy": "0.1-0.8nm"
}
