{
  "time_tag": "2026-03-18T16:26:00Z",
  "satellite": 18,
  "flux": 7.833235713405884E-7,
  "observed_flux": 8.05890465471748E-7,
  "electron_correction": 2.2566863933093373E-8,
  "electron_contaminaton": false,
  "energy": "0.1-0.8nm"
}
