{
  "time_tag": "2026-05-02T15:02:00Z",
  "satellite": 18,
  "flux": 0.0000013916451280238107,
  "observed_flux": 0.0000014241159078665078,
  "electron_correction": 3.247080115897916E-8,
  "electron_contaminaton": false,
  "energy": "0.1-0.8nm"
}
