{
    "time_tag": "2026-06-01T10:53:00Z",
    "satellite": 18,
    "flux": 6.621085049118847e-07,
    "observed_flux": 6.750595957782934e-07,
    "electron_correction": 1.2951087313695098e-08,
    "electron_contaminaton": false,
    "energy": "0.1-0.8nm"
}