{
    "time_tag": "2026-05-16T23:22:00Z",
    "satellite": 18,
    "flux": 2.781189323286526e-06,
    "observed_flux": 2.8830654628109187e-06,
    "electron_correction": 1.0187629584379465e-07,
    "electron_contaminaton": false,
    "energy": "0.1-0.8nm"
}