{
  "time_tag": "2026-05-25T03:41:00Z",
  "satellite": 18,
  "flux": 0.0000010239340326734236,
  "observed_flux": 0.0000010251450248688343,
  "electron_correction": 1.2109288016759479E-9,
  "electron_contaminaton": false,
  "energy": "0.1-0.8nm"
}
