{
  "time_tag": "2026-03-13T15:14:00Z",
  "satellite": 18,
  "flux": 0.000007249046575452667,
  "observed_flux": 0.0000072717457442195155,
  "electron_correction": 2.2699271795545428E-8,
  "electron_contaminaton": false,
  "energy": "0.1-0.8nm"
}
