{
  "time_tag": "2026-03-13T22:21:00Z",
  "satellite": 18,
  "flux": 0.0000013669124427906354,
  "observed_flux": 0.0000013998957228977815,
  "electron_correction": 3.298325523815038E-8,
  "electron_contaminaton": false,
  "energy": "0.1-0.8nm"
}
