{
  "time_tag": "2026-05-03T04:40:00Z",
  "satellite": 18,
  "flux": 9.878727951218025E-7,
  "observed_flux": 9.937238019119832E-7,
  "electron_correction": 5.85100856653753E-9,
  "electron_contaminaton": false,
  "energy": "0.1-0.8nm"
}
