{
    "time_tag": "2026-04-25T16:21:00Z",
    "satellite": 18,
    "flux": 1.1820729923783801e-06,
    "observed_flux": 1.190925559058087e-06,
    "electron_correction": 8.852534705283688e-09,
    "electron_contaminaton": false,
    "energy": "0.1-0.8nm"
}