{
  "time_tag": "2026-03-20T23:52:00Z",
  "satellite": 18,
  "flux": 3.3255395237574703E-7,
  "observed_flux": 3.3418314160371665E-7,
  "electron_correction": 1.629196777486186E-9,
  "electron_contaminaton": false,
  "energy": "0.1-0.8nm"
}
