{
  "time_tag": "2026-02-13T17:13:00Z",
  "satellite": 18,
  "flux": 4.632974253127031E-7,
  "observed_flux": 5.070644988336426E-7,
  "electron_correction": 4.376706641551209E-8,
  "electron_contaminaton": false,
  "energy": "0.1-0.8nm"
}
