{
  "time_tag": "2025-12-13T22:17:00Z",
  "satellite": 18,
  "flux": 7.326749482672312E-7,
  "observed_flux": 7.594755970785627E-7,
  "electron_correction": 2.6800607955124178E-8,
  "electron_contaminaton": false,
  "energy": "0.1-0.8nm"
}
