{
  "time_tag": "2026-02-03T23:50:00Z",
  "satellite": 18,
  "flux": 0.00000968644417298492,
  "observed_flux": 0.00000970180281001376,
  "electron_correction": 1.5359413296778257E-8,
  "electron_contaminaton": false,
  "energy": "0.1-0.8nm"
}
