{
  "time_tag": "2026-02-21T08:05:00Z",
  "satellite": 18,
  "flux": 3.68506022141446E-7,
  "observed_flux": 3.703070206029224E-7,
  "electron_correction": 1.8010208879815082E-9,
  "electron_contaminaton": false,
  "energy": "0.1-0.8nm"
}
