{
  "time_tag": "2026-04-30T05:35:00Z",
  "satellite": 18,
  "flux": 8.217575668822974E-7,
  "observed_flux": 8.219750498028588E-7,
  "electron_correction": 2.175248731139945E-10,
  "electron_contaminaton": false,
  "energy": "0.1-0.8nm"
}
