{
  "time_tag": "2026-03-10T16:21:00Z",
  "satellite": 18,
  "flux": 6.020329692546511E-7,
  "observed_flux": 6.148997613308893E-7,
  "electron_correction": 1.2866778753561903E-8,
  "electron_contaminaton": false,
  "energy": "0.1-0.8nm"
}
