{
  "time_tag": "2026-03-11T22:51:00Z",
  "satellite": 18,
  "flux": 6.933402119102539E-7,
  "observed_flux": 7.472082188542117E-7,
  "electron_correction": 5.3867960758680056E-8,
  "electron_contaminaton": false,
  "energy": "0.1-0.8nm"
}
