{
    "time_tag": "2026-05-01T13:41:00Z",
    "satellite": 18,
    "flux": 9.428198950445221e-07,
    "observed_flux": 9.7245492725051e-07,
    "electron_correction": 2.963498957342381e-08,
    "electron_contaminaton": false,
    "energy": "0.1-0.8nm"
}