{
  "time_tag": "2026-02-19T21:23:00Z",
  "satellite": 18,
  "flux": 5.490601324709132E-7,
  "observed_flux": 5.951838488726935E-7,
  "electron_correction": 4.6123666663788754E-8,
  "electron_contaminaton": false,
  "energy": "0.1-0.8nm"
}
