{
  "time_tag": "2026-03-02T09:44:00Z",
  "satellite": 18,
  "flux": 0.0000014584660448235809,
  "observed_flux": 0.0000014670716836917563,
  "electron_correction": 8.60562998639125E-9,
  "electron_contaminaton": false,
  "energy": "0.1-0.8nm"
}
