{
  "time_tag": "2026-06-14T21:53:00Z",
  "satellite": 18,
  "flux": 5.159180886948889E-7,
  "observed_flux": 5.695972618013911E-7,
  "electron_correction": 5.367915889564756E-8,
  "electron_contaminaton": false,
  "energy": "0.1-0.8nm"
}
