{
  "time_tag": "2026-03-14T11:36:00Z",
  "satellite": 18,
  "flux": 7.6361726542018E-7,
  "observed_flux": 7.71441477809276E-7,
  "electron_correction": 7.824213277274339E-9,
  "electron_contaminaton": false,
  "energy": "0.1-0.8nm"
}
