{
  "time_tag": "2026-05-11T19:49:00Z",
  "satellite": 18,
  "flux": 6.282401727730758E-7,
  "observed_flux": 6.451774083870987E-7,
  "electron_correction": 1.6937265812089208E-8,
  "electron_contaminaton": false,
  "energy": "0.1-0.8nm"
}
