{
  "time_tag": "2026-02-26T22:07:00Z",
  "satellite": 18,
  "flux": 8.89180284957547E-7,
  "observed_flux": 9.64119521995599E-7,
  "electron_correction": 7.49391944054878E-8,
  "electron_contaminaton": false,
  "energy": "0.1-0.8nm"
}
