{
    "time_tag": "2026-05-30T01:12:00Z",
    "satellite": 18,
    "flux": 7.687111747145536e-07,
    "observed_flux": 7.949640234983235e-07,
    "electron_correction": 2.6252859441910914e-08,
    "electron_contaminaton": false,
    "energy": "0.1-0.8nm"
}