{
  "time_tag": "2026-01-11T16:19:00Z",
  "satellite": 18,
  "flux": 4.7608844511159987E-7,
  "observed_flux": 4.89612546061835E-7,
  "electron_correction": 1.3524124931052484E-8,
  "electron_contaminaton": false,
  "energy": "0.1-0.8nm"
}
