{
  "time_tag": "2026-06-07T11:51:00Z",
  "satellite": 18,
  "flux": 8.409160727751441E-7,
  "observed_flux": 8.712445946912339E-7,
  "electron_correction": 3.0328482836239345E-8,
  "electron_contaminaton": false,
  "energy": "0.1-0.8nm"
}
