{
  "time_tag": "2025-12-17T03:36:00Z",
  "satellite": 18,
  "flux": 9.540257224216475E-7,
  "observed_flux": 9.783102541405242E-7,
  "electron_correction": 2.4284490862669372E-8,
  "electron_contaminaton": false,
  "energy": "0.1-0.8nm"
}
