{
  "time_tag": "2026-03-08T00:20:00Z",
  "satellite": 18,
  "flux": 6.083953962843225E-7,
  "observed_flux": 6.36407719412091E-7,
  "electron_correction": 2.8012280495204323E-8,
  "electron_contaminaton": false,
  "energy": "0.1-0.8nm"
}
