{
  "time_tag": "2026-02-07T08:20:00Z",
  "satellite": 18,
  "flux": 0.000007137910870369524,
  "observed_flux": 0.0000071803524406277575,
  "electron_correction": 4.244165197064831E-8,
  "electron_contaminaton": false,
  "energy": "0.1-0.8nm"
}
