{
    "time_tag": "2026-06-04T03:53:00Z",
    "satellite": 18,
    "flux": 2.5851059035630897e-06,
    "observed_flux": 2.5899535103235394e-06,
    "electron_correction": 4.847690693310369e-09,
    "electron_contaminaton": false,
    "energy": "0.1-0.8nm"
}