{
  "time_tag": "2026-05-01T07:39:00Z",
  "satellite": 18,
  "flux": 8.497565886500524E-7,
  "observed_flux": 8.671588602737756E-7,
  "electron_correction": 1.7402262741939012E-8,
  "electron_contaminaton": false,
  "energy": "0.1-0.8nm"
}
