{
  "time_tag": "2026-03-06T21:11:00Z",
  "satellite": 18,
  "flux": 6.977411430852953E-7,
  "observed_flux": 7.131943107197003E-7,
  "electron_correction": 1.5453190727043875E-8,
  "electron_contaminaton": false,
  "energy": "0.1-0.8nm"
}
