{
  "time_tag": "2026-03-24T22:26:00Z",
  "satellite": 18,
  "flux": 0.0000010689946066122502,
  "observed_flux": 0.0000011384331628505606,
  "electron_correction": 6.943858466001984E-8,
  "electron_contaminaton": false,
  "energy": "0.1-0.8nm"
}
