{
    "time_tag": "2026-06-11T21:46:00Z",
    "satellite": 18,
    "flux": 1.29663135339797e-06,
    "observed_flux": 1.310497168560687e-06,
    "electron_correction": 1.3865832926285293e-08,
    "electron_contaminaton": false,
    "energy": "0.1-0.8nm"
}