{
  "time_tag": "2025-12-05T09:22:00Z",
  "satellite": 18,
  "flux": 0.000001602650741006073,
  "observed_flux": 0.000001612163600839267,
  "electron_correction": 9.512816312451378E-9,
  "electron_contaminaton": false,
  "energy": "0.1-0.8nm"
}
