{
    "time_tag": "2026-06-28T03:24:00Z",
    "satellite": 18,
    "flux": 1.9254271137469914e-06,
    "observed_flux": 1.9574849829950836e-06,
    "electron_correction": 3.205773424497238e-08,
    "electron_contaminaton": false,
    "energy": "0.1-0.8nm"
}