{
  "time_tag": "2025-12-22T01:48:00Z",
  "satellite": 18,
  "flux": 0.0000010663159173418535,
  "observed_flux": 0.0000010910624723692308,
  "electron_correction": 2.4746553251020487E-8,
  "electron_contaminaton": false,
  "energy": "0.1-0.8nm"
}
