{
  "time_tag": "2026-02-06T11:23:00Z",
  "satellite": 18,
  "flux": 0.0000021031155483797193,
  "observed_flux": 0.0000021088417270220816,
  "electron_correction": 5.726021878871279E-9,
  "electron_contaminaton": false,
  "energy": "0.1-0.8nm"
}
