{
  "time_tag": "2026-03-10T06:44:00Z",
  "satellite": 18,
  "flux": 6.087844894864247E-7,
  "observed_flux": 6.130658221081831E-7,
  "electron_correction": 4.281315746368364E-9,
  "electron_contaminaton": false,
  "energy": "0.1-0.8nm"
}
