{
    "time_tag": "2026-05-06T15:29:00Z",
    "satellite": 18,
    "flux": 9.214819556291332e-07,
    "observed_flux": 9.612458597985096e-07,
    "electron_correction": 3.976386508952601e-08,
    "electron_contaminaton": false,
    "energy": "0.1-0.8nm"
}