{
  "time_tag": "2026-03-26T23:27:00Z",
  "satellite": 18,
  "flux": 0.0000019000354996023816,
  "observed_flux": 0.0000019532824353518663,
  "electron_correction": 5.324694640762573E-8,
  "electron_contaminaton": false,
  "energy": "0.1-0.8nm"
}
