{
    "time_tag": "2026-05-31T23:02:00Z",
    "satellite": 18,
    "flux": 7.892199960224389e-07,
    "observed_flux": 8.331928711413639e-07,
    "electron_correction": 4.3972836039074537e-08,
    "electron_contaminaton": false,
    "energy": "0.1-0.8nm"
}