{
  "time_tag": "2026-03-24T21:27:00Z",
  "satellite": 18,
  "flux": 9.536291258882557E-7,
  "observed_flux": 0.0000010426149401610019,
  "electron_correction": 8.898578585103678E-8,
  "electron_contaminaton": false,
  "energy": "0.1-0.8nm"
}
