{
  "time_tag": "2026-02-24T22:07:00Z",
  "satellite": 18,
  "flux": 0.000001367650952488475,
  "observed_flux": 0.0000014494590914182481,
  "electron_correction": 8.180808919178162E-8,
  "electron_contaminaton": false,
  "energy": "0.1-0.8nm"
}
