{
    "time_tag": "2026-04-29T09:44:00Z",
    "satellite": 18,
    "flux": 1.0774333532026503e-06,
    "observed_flux": 1.0793156661748071e-06,
    "electron_correction": 1.8822339242774433e-09,
    "electron_contaminaton": false,
    "energy": "0.1-0.8nm"
}