{
    "time_tag": "2026-05-14T00:48:00Z",
    "satellite": 18,
    "flux": 7.036472311483521e-07,
    "observed_flux": 7.065837053232826e-07,
    "electron_correction": 2.9364670695031236e-09,
    "electron_contaminaton": false,
    "energy": "0.1-0.8nm"
}