{
    "time_tag": "2026-05-17T12:57:00Z",
    "satellite": 18,
    "flux": 8.085083891273825e-07,
    "observed_flux": 8.513565603607276e-07,
    "electron_correction": 4.2848171233345056e-08,
    "electron_contaminaton": false,
    "energy": "0.1-0.8nm"
}