{
  "time_tag": "2026-05-24T00:02:00Z",
  "satellite": 18,
  "flux": 0.000004619579613063252,
  "observed_flux": 0.000004649635229725391,
  "electron_correction": 3.0055851141241874E-8,
  "electron_contaminaton": false,
  "energy": "0.1-0.8nm"
}
