{
  "time_tag": "2026-02-09T15:02:00Z",
  "satellite": 18,
  "flux": 0.0000014244084240999655,
  "observed_flux": 0.0000014493205071630655,
  "electron_correction": 2.4912056417747408E-8,
  "electron_contaminaton": false,
  "energy": "0.1-0.8nm"
}
