{
  "time_tag": "2026-02-04T16:27:00Z",
  "satellite": 18,
  "flux": 0.000005173393219592981,
  "observed_flux": 0.000005191604486753931,
  "electron_correction": 1.8211373742360593E-8,
  "electron_contaminaton": false,
  "energy": "0.1-0.8nm"
}
