{
  "time_tag": "2026-03-02T06:31:00Z",
  "satellite": 18,
  "flux": 0.000001411904008818965,
  "observed_flux": 0.00000141810608056403,
  "electron_correction": 6.2020344415714135E-9,
  "electron_contaminaton": false,
  "energy": "0.1-0.8nm"
}
