{
  "time_tag": "2026-02-28T19:33:00Z",
  "satellite": 18,
  "flux": 0.0000011737946579160052,
  "observed_flux": 0.000001217930162056291,
  "electron_correction": 4.4135507692999454E-8,
  "electron_contaminaton": false,
  "energy": "0.1-0.8nm"
}
