{
  "time_tag": "2026-03-29T19:27:00Z",
  "satellite": 18,
  "flux": 0.0000014055015071789967,
  "observed_flux": 0.0000014225546465240768,
  "electron_correction": 1.7053105594300177E-8,
  "electron_contaminaton": false,
  "energy": "0.1-0.8nm"
}
