{
    "time_tag": "2026-04-23T01:51:00Z",
    "satellite": 18,
    "flux": 2.2959115995035972e-06,
    "observed_flux": 2.3315640191867715e-06,
    "electron_correction": 3.565245165759734e-08,
    "electron_contaminaton": false,
    "energy": "0.1-0.8nm"
}