{
    "time_tag": "2026-06-12T00:14:00Z",
    "satellite": 18,
    "flux": 9.289231002185261e-07,
    "observed_flux": 9.407646643921908e-07,
    "electron_correction": 1.1841562397307825e-08,
    "electron_contaminaton": false,
    "energy": "0.1-0.8nm"
}