{
  "time_tag": "2025-12-31T06:19:00Z",
  "satellite": 18,
  "flux": 0.0000013723290521738818,
  "observed_flux": 0.0000013737422932535992,
  "electron_correction": 1.4132831571700422E-9,
  "electron_contaminaton": false,
  "energy": "0.1-0.8nm"
}
