{
    "time_tag": "2026-06-16T02:24:00Z",
    "satellite": 18,
    "flux": 6.398593086487381e-07,
    "observed_flux": 6.638503009526175e-07,
    "electron_correction": 2.3991001185663663e-08,
    "electron_contaminaton": false,
    "energy": "0.1-0.8nm"
}