{
  "time_tag": "2026-01-28T21:20:00Z",
  "satellite": 18,
  "flux": 9.62501076173794E-7,
  "observed_flux": 0.000001028985934681259,
  "electron_correction": 6.648487271831982E-8,
  "electron_contaminaton": false,
  "energy": "0.1-0.8nm"
}
