{
  "time_tag": "2026-03-14T12:46:00Z",
  "satellite": 18,
  "flux": 6.527424716296082E-7,
  "observed_flux": 6.86728469645459E-7,
  "electron_correction": 3.398600867399182E-8,
  "electron_contaminaton": false,
  "energy": "0.1-0.8nm"
}
