{
  "time_tag": "2026-02-13T18:42:00Z",
  "satellite": 18,
  "flux": 4.5442831719810783E-7,
  "observed_flux": 4.917307592222642E-7,
  "electron_correction": 3.7302410049733226E-8,
  "electron_contaminaton": false,
  "energy": "0.1-0.8nm"
}
