{
  "time_tag": "2026-06-19T20:02:00Z",
  "satellite": 18,
  "flux": 7.717217727076786E-7,
  "observed_flux": 8.012233365661814E-7,
  "electron_correction": 2.9501602938353244E-8,
  "electron_contaminaton": false,
  "energy": "0.1-0.8nm"
}
