{
    "time_tag": "2026-05-06T23:30:00Z",
    "satellite": 18,
    "flux": 6.195926403051999e-07,
    "observed_flux": 6.632157578678743e-07,
    "electron_correction": 4.362311756267445e-08,
    "electron_contaminaton": false,
    "energy": "0.1-0.8nm"
}