{
    "time_tag": "2026-04-25T04:40:00Z",
    "satellite": 18,
    "flux": 1.1805094572991948e-06,
    "observed_flux": 1.1831157280539628e-06,
    "electron_correction": 2.606310278707724e-09,
    "electron_contaminaton": false,
    "energy": "0.1-0.8nm"
}