{
    "time_tag": "2026-06-08T06:50:00Z",
    "satellite": 18,
    "flux": 1.1777359532061382e-06,
    "observed_flux": 1.1996955890936079e-06,
    "electron_correction": 2.1959646545610667e-08,
    "electron_contaminaton": false,
    "energy": "0.1-0.8nm"
}