{
  "time_tag": "2026-03-01T08:23:00Z",
  "satellite": 18,
  "flux": 0.0000018419035541228368,
  "observed_flux": 0.0000018546467117630527,
  "electron_correction": 1.274316208110804E-8,
  "electron_contaminaton": false,
  "energy": "0.1-0.8nm"
}
