{
  "time_tag": "2026-06-13T22:18:00Z",
  "satellite": 18,
  "flux": 5.811972414448974E-7,
  "observed_flux": 6.464436523856421E-7,
  "electron_correction": 6.524641094074468E-8,
  "electron_contaminaton": false,
  "energy": "0.1-0.8nm"
}
