{
  "time_tag": "2026-02-26T15:30:00Z",
  "satellite": 18,
  "flux": 0.0000013415160537988413,
  "observed_flux": 0.0000013752837730862666,
  "electron_correction": 3.3767673102147455E-8,
  "electron_contaminaton": false,
  "energy": "0.1-0.8nm"
}
