{
  "time_tag": "2026-01-30T12:25:00Z",
  "satellite": 18,
  "flux": 8.377477342946804E-7,
  "observed_flux": 8.870227361512661E-7,
  "electron_correction": 4.927500896201309E-8,
  "electron_contaminaton": false,
  "energy": "0.1-0.8nm"
}
