{
  "time_tag": "2026-03-14T06:14:00Z",
  "satellite": 18,
  "flux": 0.0000010775263490359066,
  "observed_flux": 0.0000010775391956485691,
  "electron_correction": 1.2807942206816136E-11,
  "electron_contaminaton": false,
  "energy": "0.1-0.8nm"
}
