{
    "time_tag": "2026-06-12T23:20:00Z",
    "satellite": 18,
    "flux": 1.3240355656307656e-06,
    "observed_flux": 1.3673623016074998e-06,
    "electron_correction": 4.3326839005430884e-08,
    "electron_contaminaton": false,
    "energy": "0.1-0.8nm"
}