{
  "time_tag": "2026-05-06T05:35:00Z",
  "satellite": 18,
  "flux": 6.502061182800389E-7,
  "observed_flux": 6.811665116401855E-7,
  "electron_correction": 3.096040757100127E-8,
  "electron_contaminaton": false,
  "energy": "0.1-0.8nm"
}
