{
    "time_tag": "2026-05-12T09:44:00Z",
    "satellite": 18,
    "flux": 8.363053325410874e-07,
    "observed_flux": 8.440769079243182e-07,
    "electron_correction": 7.771563836911355e-09,
    "electron_contaminaton": false,
    "energy": "0.1-0.8nm"
}