{
  "time_tag": "2026-01-11T18:19:00Z",
  "satellite": 18,
  "flux": 4.729497788957815E-7,
  "observed_flux": 5.198916710469348E-7,
  "electron_correction": 4.694190636200801E-8,
  "electron_contaminaton": false,
  "energy": "0.1-0.8nm"
}
