{
  "time_tag": "2026-03-06T22:54:00Z",
  "satellite": 18,
  "flux": 6.791941018491343E-7,
  "observed_flux": 6.985326308495132E-7,
  "electron_correction": 1.9338500578669482E-8,
  "electron_contaminaton": false,
  "energy": "0.1-0.8nm"
}
