{
  "time_tag": "2026-05-17T22:01:00Z",
  "satellite": 18,
  "flux": 0.0000010396039442639449,
  "observed_flux": 0.0000011110217883469886,
  "electron_correction": 7.141773039620603E-8,
  "electron_contaminaton": false,
  "energy": "0.1-0.8nm"
}
