{
  "time_tag": "2026-06-13T14:39:00Z",
  "satellite": 18,
  "flux": 9.305695130024105E-7,
  "observed_flux": 9.730514420880354E-7,
  "electron_correction": 4.248192198019751E-8,
  "electron_contaminaton": false,
  "energy": "0.1-0.8nm"
}
