{
  "time_tag": "2025-12-15T00:40:00Z",
  "satellite": 18,
  "flux": 6.553564162459224E-7,
  "observed_flux": 6.969215746721602E-7,
  "electron_correction": 4.156516197895144E-8,
  "electron_contaminaton": false,
  "energy": "0.1-0.8nm"
}
