{
  "time_tag": "2026-02-24T21:25:00Z",
  "satellite": 18,
  "flux": 0.000001706327338979463,
  "observed_flux": 0.000001782907020242419,
  "electron_correction": 7.657971679009279E-8,
  "electron_contaminaton": false,
  "energy": "0.1-0.8nm"
}
