{
  "time_tag": "2026-05-13T22:39:00Z",
  "satellite": 18,
  "flux": 5.179759341444878E-7,
  "observed_flux": 5.244394287728937E-7,
  "electron_correction": 6.4634781971051325E-9,
  "electron_contaminaton": false,
  "energy": "0.1-0.8nm"
}
