{
  "time_tag": "2026-03-12T11:26:00Z",
  "satellite": 18,
  "flux": 0.000001639916831663868,
  "observed_flux": 0.000001654241600590467,
  "electron_correction": 1.4324802677379012E-8,
  "electron_contaminaton": false,
  "energy": "0.1-0.8nm"
}
