{
  "time_tag": "2025-12-06T03:30:00Z",
  "satellite": 18,
  "flux": 0.0000023872532892710296,
  "observed_flux": 0.000002420103328404366,
  "electron_correction": 3.2850010711626965E-8,
  "electron_contaminaton": false,
  "energy": "0.1-0.8nm"
}
