{
  "time_tag": "2026-02-21T06:57:00Z",
  "satellite": 18,
  "flux": 3.120377414234099E-7,
  "observed_flux": 3.1365098607238906E-7,
  "electron_correction": 1.613248534759748E-9,
  "electron_contaminaton": false,
  "energy": "0.1-0.8nm"
}
