{
  "time_tag": "2025-12-31T03:40:00Z",
  "satellite": 18,
  "flux": 0.0000014663075944554294,
  "observed_flux": 0.0000014702276303069084,
  "electron_correction": 3.920010538394081E-9,
  "electron_contaminaton": false,
  "energy": "0.1-0.8nm"
}
