{
    "time_tag": "2026-05-17T09:26:00Z",
    "satellite": 18,
    "flux": 6.073561849007092e-07,
    "observed_flux": 6.518678787870158e-07,
    "electron_correction": 4.4511690333592924e-08,
    "electron_contaminaton": false,
    "energy": "0.1-0.8nm"
}