{
  "time_tag": "2026-03-12T16:46:00Z",
  "satellite": 18,
  "flux": 8.436711596004898E-7,
  "observed_flux": 8.737241614653612E-7,
  "electron_correction": 3.005304449743562E-8,
  "electron_contaminaton": false,
  "energy": "0.1-0.8nm"
}
