{
    "time_tag": "2026-06-12T17:07:00Z",
    "satellite": 18,
    "flux": 9.800490943234763e-07,
    "observed_flux": 1.0119559874510742e-06,
    "electron_correction": 3.190694997101673e-08,
    "electron_contaminaton": false,
    "energy": "0.1-0.8nm"
}