{
  "time_tag": "2026-03-28T04:51:00Z",
  "satellite": 18,
  "flux": 0.0000107887981357635,
  "observed_flux": 0.000010813669177878182,
  "electron_correction": 2.4870947967770007E-8,
  "electron_contaminaton": false,
  "energy": "0.1-0.8nm"
}
