{
  "time_tag": "2025-12-23T11:17:00Z",
  "satellite": 18,
  "flux": 7.920527309579484E-7,
  "observed_flux": 8.332251013598579E-7,
  "electron_correction": 4.117235619105486E-8,
  "electron_contaminaton": false,
  "energy": "0.1-0.8nm"
}
