{
  "time_tag": "2026-02-12T15:13:00Z",
  "satellite": 18,
  "flux": 5.889483531973383E-7,
  "observed_flux": 6.230553708519437E-7,
  "electron_correction": 3.410700344375073E-8,
  "electron_contaminaton": false,
  "energy": "0.1-0.8nm"
}
