{
  "time_tag": "2026-05-08T04:20:00Z",
  "satellite": 18,
  "flux": 5.892247827432584E-7,
  "observed_flux": 5.951523576186446E-7,
  "electron_correction": 5.9275495623012375E-9,
  "electron_contaminaton": false,
  "energy": "0.1-0.8nm"
}
