{
  "time_tag": "2025-12-24T08:21:00Z",
  "satellite": 18,
  "flux": 0.0000013463821915138396,
  "observed_flux": 0.0000013942401437816443,
  "electron_correction": 4.785794871509097E-8,
  "electron_contaminaton": false,
  "energy": "0.1-0.8nm"
}
