{
  "time_tag": "2026-03-24T11:02:00Z",
  "satellite": 18,
  "flux": 7.189890425252088E-7,
  "observed_flux": 7.421222676384787E-7,
  "electron_correction": 2.3133212678771997E-8,
  "electron_contaminaton": false,
  "energy": "0.1-0.8nm"
}
