{
  "time_tag": "2026-05-21T12:53:00Z",
  "satellite": 18,
  "flux": 6.166864068291034E-7,
  "observed_flux": 6.385311621670553E-7,
  "electron_correction": 2.1844725139885668E-8,
  "electron_contaminaton": false,
  "energy": "0.1-0.8nm"
}
