{
    "time_tag": "2026-07-01T20:17:00Z",
    "satellite": 18,
    "flux": 1.016394526232034e-05,
    "observed_flux": 1.0186985491600353e-05,
    "electron_correction": 2.303987933771623e-08,
    "electron_contaminaton": false,
    "energy": "0.1-0.8nm"
}