{
    "time_tag": "2026-04-26T19:32:00Z",
    "satellite": 18,
    "flux": 9.882310223474633e-06,
    "observed_flux": 9.912240784615278e-06,
    "electron_correction": 2.993070324919245e-08,
    "electron_contaminaton": false,
    "energy": "0.1-0.8nm"
}