{
    "time_tag": "2026-04-28T17:40:00Z",
    "satellite": 18,
    "flux": 1.3130679690220859e-06,
    "observed_flux": 1.32285924792086e-06,
    "electron_correction": 9.791229160782677e-09,
    "electron_contaminaton": false,
    "energy": "0.1-0.8nm"
}