{
    "time_tag": "2026-06-15T23:27:00Z",
    "satellite": 18,
    "flux": 6.426299705708516e-07,
    "observed_flux": 6.821880447205331e-07,
    "electron_correction": 3.955806704425413e-08,
    "electron_contaminaton": false,
    "energy": "0.1-0.8nm"
}