{
  "time_tag": "2026-04-28T19:48:00Z",
  "satellite": 18,
  "flux": 0.0000017745542209013365,
  "observed_flux": 0.0000017858993714980897,
  "electron_correction": 1.1345155037645327E-8,
  "electron_contaminaton": false,
  "energy": "0.1-0.8nm"
}
