{
  "time_tag": "2026-01-10T07:17:00Z",
  "satellite": 18,
  "flux": 4.058967704168026E-7,
  "observed_flux": 4.088514060640591E-7,
  "electron_correction": 2.9546523006018788E-9,
  "electron_contaminaton": false,
  "energy": "0.1-0.8nm"
}
