{
  "time_tag": "2026-05-14T17:49:00Z",
  "satellite": 18,
  "flux": 0.000004244661795382854,
  "observed_flux": 0.000004261749381839763,
  "electron_correction": 1.7087639747614958E-8,
  "electron_contaminaton": false,
  "energy": "0.1-0.8nm"
}
