{
  "time_tag": "2026-05-31T06:37:00Z",
  "satellite": 18,
  "flux": 8.299776936837588E-7,
  "observed_flux": 8.549872632102051E-7,
  "electron_correction": 2.5009560644662088E-8,
  "electron_contaminaton": false,
  "energy": "0.1-0.8nm"
}
