{
  "time_tag": "2026-01-22T00:40:00Z",
  "satellite": 18,
  "flux": 0.0000013574361901191878,
  "observed_flux": 0.0000014809264712312142,
  "electron_correction": 1.2349028111202642E-7,
  "electron_contaminaton": false,
  "energy": "0.1-0.8nm"
}
