{
  "time_tag": "2026-04-30T23:01:00Z",
  "satellite": 18,
  "flux": 0.0000010348153409722727,
  "observed_flux": 0.0000010361827662563883,
  "electron_correction": 1.3674563703602871E-9,
  "electron_contaminaton": false,
  "energy": "0.1-0.8nm"
}
