{
    "time_tag": "2026-05-21T06:27:00Z",
    "satellite": 18,
    "flux": 6.250626256587566e-07,
    "observed_flux": 6.494969397863315e-07,
    "electron_correction": 2.4434315903931747e-08,
    "electron_contaminaton": false,
    "energy": "0.1-0.8nm"
}