{
  "time_tag": "2026-03-13T00:51:00Z",
  "satellite": 18,
  "flux": 0.000002163654471587506,
  "observed_flux": 0.000002183683136536274,
  "electron_correction": 2.002864363248591E-8,
  "electron_contaminaton": false,
  "energy": "0.1-0.8nm"
}
