{
  "time_tag": "2026-06-07T15:01:00Z",
  "satellite": 18,
  "flux": 0.0000010036225148724043,
  "observed_flux": 0.0000010397283176644123,
  "electron_correction": 3.610577792301228E-8,
  "electron_contaminaton": false,
  "energy": "0.1-0.8nm"
}
