{
  "time_tag": "2026-02-23T21:15:00Z",
  "satellite": 18,
  "flux": 5.410283847595565E-7,
  "observed_flux": 6.435880095523316E-7,
  "electron_correction": 1.0255961768734778E-7,
  "electron_contaminaton": false,
  "energy": "0.1-0.8nm"
}
