{
  "time_tag": "2026-01-28T04:30:00Z",
  "satellite": 18,
  "flux": 8.157089155247377E-7,
  "observed_flux": 8.249928100667603E-7,
  "electron_correction": 9.28389010113051E-9,
  "electron_contaminaton": false,
  "energy": "0.1-0.8nm"
}
