{
  "time_tag": "2026-04-20T10:17:00Z",
  "satellite": 18,
  "flux": 5.838402330482495E-7,
  "observed_flux": 5.866577339475043E-7,
  "electron_correction": 2.8174795829727373E-9,
  "electron_contaminaton": false,
  "energy": "0.1-0.8nm"
}
