{
    "time_tag": "2026-05-01T13:02:00Z",
    "satellite": 18,
    "flux": 8.13797555565543e-07,
    "observed_flux": 8.422091468673898e-07,
    "electron_correction": 2.8411582420062587e-08,
    "electron_contaminaton": false,
    "energy": "0.1-0.8nm"
}