{
  "time_tag": "2026-05-06T06:33:00Z",
  "satellite": 18,
  "flux": 5.522387596101908E-7,
  "observed_flux": 5.807847855976433E-7,
  "electron_correction": 2.854601000024104E-8,
  "electron_contaminaton": false,
  "energy": "0.1-0.8nm"
}
