{
  "time_tag": "2026-05-13T14:53:00Z",
  "satellite": 18,
  "flux": 5.054243388258328E-7,
  "observed_flux": 5.105222271595267E-7,
  "electron_correction": 5.097894995031993E-9,
  "electron_contaminaton": false,
  "energy": "0.1-0.8nm"
}
