{
  "time_tag": "2026-06-27T18:03:00Z",
  "satellite": 18,
  "flux": 0.0000014541667496814625,
  "observed_flux": 0.0000015096520655788481,
  "electron_correction": 5.548529102838984E-8,
  "electron_contaminaton": false,
  "energy": "0.1-0.8nm"
}
