{
  "time_tag": "2026-03-26T10:04:00Z",
  "satellite": 18,
  "flux": 0.0000015449197690031724,
  "observed_flux": 0.000001557522978146153,
  "electron_correction": 1.2603217136586409E-8,
  "electron_contaminaton": false,
  "energy": "0.1-0.8nm"
}
