{
  "time_tag": "2026-06-14T22:20:00Z",
  "satellite": 18,
  "flux": 4.831354658563214E-7,
  "observed_flux": 5.341344717635366E-7,
  "electron_correction": 5.099897748550575E-8,
  "electron_contaminaton": false,
  "energy": "0.1-0.8nm"
}
