{
  "time_tag": "2026-04-20T23:27:00Z",
  "satellite": 18,
  "flux": 5.291187221700966E-7,
  "observed_flux": 5.773343332293734E-7,
  "electron_correction": 4.821556842671271E-8,
  "electron_contaminaton": false,
  "energy": "0.1-0.8nm"
}
