{
  "time_tag": "2026-01-14T23:17:00Z",
  "satellite": 18,
  "flux": 0.0000011563697626115754,
  "observed_flux": 0.0000012165537555119954,
  "electron_correction": 6.018407816554827E-8,
  "electron_contaminaton": false,
  "energy": "0.1-0.8nm"
}
