{
    "time_tag": "2026-05-03T14:47:00Z",
    "satellite": 18,
    "flux": 8.921432481656666e-07,
    "observed_flux": 9.130939133683569e-07,
    "electron_correction": 2.095065809726293e-08,
    "electron_contaminaton": false,
    "energy": "0.1-0.8nm"
}