{
  "time_tag": "2026-04-22T18:35:00Z",
  "satellite": 18,
  "flux": 5.675965439877473E-7,
  "observed_flux": 6.108391517045675E-7,
  "electron_correction": 4.3242575742397094E-8,
  "electron_contaminaton": false,
  "energy": "0.1-0.8nm"
}
