{
  "time_tag": "2026-04-18T19:04:00Z",
  "satellite": 18,
  "flux": 3.3005224508997344E-7,
  "observed_flux": 3.7848673173357383E-7,
  "electron_correction": 4.843447243274568E-8,
  "electron_contaminaton": false,
  "energy": "0.1-0.8nm"
}
