{
    "time_tag": "2026-05-05T23:33:00Z",
    "satellite": 18,
    "flux": 5.535126206268615e-07,
    "observed_flux": 6.074816951695539e-07,
    "electron_correction": 5.396908520083343e-08,
    "electron_contaminaton": false,
    "energy": "0.1-0.8nm"
}