{
  "time_tag": "2026-02-03T11:08:00Z",
  "satellite": 18,
  "flux": 0.000012108007467759307,
  "observed_flux": 0.000012110931493225507,
  "electron_correction": 2.923368214169386E-9,
  "electron_contaminaton": false,
  "energy": "0.1-0.8nm"
}
