{
  "time_tag": "2026-03-23T08:05:00Z",
  "satellite": 18,
  "flux": 8.789226626504387E-7,
  "observed_flux": 9.019269668897323E-7,
  "electron_correction": 2.300430246293672E-8,
  "electron_contaminaton": false,
  "energy": "0.1-0.8nm"
}
