{
  "time_tag": "2026-01-23T02:50:00Z",
  "satellite": 18,
  "flux": 0.000002144262452929979,
  "observed_flux": 0.0000021493140138773015,
  "electron_correction": 5.051542739664683E-9,
  "electron_contaminaton": false,
  "energy": "0.1-0.8nm"
}
