{
  "time_tag": "2026-05-22T16:19:00Z",
  "satellite": 18,
  "flux": 7.963433859003999E-7,
  "observed_flux": 8.249307938967831E-7,
  "electron_correction": 2.858741510181062E-8,
  "electron_contaminaton": false,
  "energy": "0.1-0.8nm"
}
