{
  "time_tag": "2026-06-03T01:37:00Z",
  "satellite": 18,
  "flux": 0.00009226981637766585,
  "observed_flux": 0.00009228802082361653,
  "electron_correction": 1.8206039342771874E-8,
  "electron_contaminaton": false,
  "energy": "0.1-0.8nm"
}
