{
    "time_tag": "2026-05-02T06:09:00Z",
    "satellite": 18,
    "flux": 1.0843032214324921e-06,
    "observed_flux": 1.107727598537167e-06,
    "electron_correction": 2.3424476580657938e-08,
    "electron_contaminaton": false,
    "energy": "0.1-0.8nm"
}