{
  "time_tag": "2026-05-11T23:31:00Z",
  "satellite": 18,
  "flux": 5.480559366333182E-7,
  "observed_flux": 5.646413683280116E-7,
  "electron_correction": 1.6585419260195522E-8,
  "electron_contaminaton": false,
  "energy": "0.1-0.8nm"
}
