{
  "time_tag": "2026-04-17T23:58:00Z",
  "satellite": 18,
  "flux": 3.32365090116582E-7,
  "observed_flux": 3.443063292252191E-7,
  "electron_correction": 1.1941247102242869E-8,
  "electron_contaminaton": false,
  "energy": "0.1-0.8nm"
}
