{
  "time_tag": "2026-02-07T16:39:00Z",
  "satellite": 18,
  "flux": 0.0000018945212332255323,
  "observed_flux": 0.0000019398735275899526,
  "electron_correction": 4.5352287258992874E-8,
  "electron_contaminaton": false,
  "energy": "0.1-0.8nm"
}
