{
  "time_tag": "2026-02-23T17:05:00Z",
  "satellite": 18,
  "flux": 3.7315734857656935E-7,
  "observed_flux": 4.3943768446297327E-7,
  "electron_correction": 6.628034299183128E-8,
  "electron_contaminaton": false,
  "energy": "0.1-0.8nm"
}
