{
  "time_tag": "2026-06-03T14:28:00Z",
  "satellite": 19,
  "flux": 9.442325676900509E-7,
  "observed_flux": 9.829639111558208E-7,
  "electron_correction": 3.8731343465769896E-8,
  "electron_contaminaton": false,
  "energy": "0.1-0.8nm"
}
