{
  "time_tag": "2026-03-03T22:43:00Z",
  "satellite": 18,
  "flux": 7.272155357895826E-7,
  "observed_flux": 7.48667673633463E-7,
  "electron_correction": 2.1452173371017125E-8,
  "electron_contaminaton": false,
  "energy": "0.1-0.8nm"
}
