{
  "time_tag": "2026-01-30T00:46:00Z",
  "satellite": 18,
  "flux": 0.0000012109155704820296,
  "observed_flux": 0.0000012864915106547414,
  "electron_correction": 7.55760325432675E-8,
  "electron_contaminaton": false,
  "energy": "0.1-0.8nm"
}
