{
  "time_tag": "2026-06-20T15:22:00Z",
  "satellite": 18,
  "flux": 0.0000016736337329348316,
  "observed_flux": 0.0000016903387631828082,
  "electron_correction": 1.670511373674799E-8,
  "electron_contaminaton": false,
  "energy": "0.1-0.8nm"
}
