{
  "time_tag": "2026-02-21T15:04:00Z",
  "satellite": 18,
  "flux": 3.461087203504576E-7,
  "observed_flux": 3.5676188758770877E-7,
  "electron_correction": 1.0653155690931726E-8,
  "electron_contaminaton": false,
  "energy": "0.1-0.8nm"
}
