{
  "time_tag": "2026-01-27T22:18:00Z",
  "satellite": 18,
  "flux": 9.365550113216159E-7,
  "observed_flux": 9.69252027971379E-7,
  "electron_correction": 3.269700954433574E-8,
  "electron_contaminaton": false,
  "energy": "0.1-0.8nm"
}
