{
  "time_tag": "2026-04-19T12:10:00Z",
  "satellite": 18,
  "flux": 3.0928759997550515E-7,
  "observed_flux": 3.275760320775589E-7,
  "electron_correction": 1.8288439207481133E-8,
  "electron_contaminaton": false,
  "energy": "0.1-0.8nm"
}
