{
  "time_tag": "2026-03-10T21:12:00Z",
  "satellite": 18,
  "flux": 5.91197022004053E-7,
  "observed_flux": 6.538377874676371E-7,
  "electron_correction": 6.26407654635841E-8,
  "electron_contaminaton": false,
  "energy": "0.1-0.8nm"
}
