{
    "time_tag": "2026-05-05T03:55:00Z",
    "satellite": 18,
    "flux": 7.963943176036992e-07,
    "observed_flux": 8.13124131582299e-07,
    "electron_correction": 1.6729819307670368e-08,
    "electron_contaminaton": false,
    "energy": "0.1-0.8nm"
}