{
    "time_tag": "2026-05-13T20:50:00Z",
    "satellite": 18,
    "flux": 6.305467650236096e-07,
    "observed_flux": 6.396805360964208e-07,
    "electron_correction": 9.133746203815463e-09,
    "electron_contaminaton": false,
    "energy": "0.1-0.8nm"
}