{
    "time_tag": "2026-04-26T21:34:00Z",
    "satellite": 18,
    "flux": 4.585056558426004e-06,
    "observed_flux": 4.624844677891815e-06,
    "electron_correction": 3.9788456973610664e-08,
    "electron_contaminaton": false,
    "energy": "0.1-0.8nm"
}