{
  "time_tag": "2026-02-08T14:51:00Z",
  "satellite": 18,
  "flux": 0.000004175347839918686,
  "observed_flux": 0.000004218865342409117,
  "electron_correction": 4.351785420908527E-8,
  "electron_contaminaton": false,
  "energy": "0.1-0.8nm"
}
