{
  "time_tag": "2025-12-09T18:23:00Z",
  "satellite": 18,
  "flux": 0.0000032804778129502665,
  "observed_flux": 0.0000033049991543521173,
  "electron_correction": 2.4521314756498214E-8,
  "electron_contaminaton": false,
  "energy": "0.1-0.8nm"
}
