{
    "time_tag": "2026-05-03T07:22:00Z",
    "satellite": 18,
    "flux": 1.6737525356802507e-06,
    "observed_flux": 1.6778265035100048e-06,
    "electron_correction": 4.074060644398969e-09,
    "electron_contaminaton": false,
    "energy": "0.1-0.8nm"
}