{
  "time_tag": "2026-03-28T00:32:00Z",
  "satellite": 18,
  "flux": 9.977524086934864E-7,
  "observed_flux": 0.0000010183014182985062,
  "electron_correction": 2.0549029144945052E-8,
  "electron_contaminaton": false,
  "energy": "0.1-0.8nm"
}
