{
  "time_tag": "2026-05-23T09:22:00Z",
  "satellite": 18,
  "flux": 9.434698426957766E-7,
  "observed_flux": 9.609634616936091E-7,
  "electron_correction": 1.7493597681550455E-8,
  "electron_contaminaton": false,
  "energy": "0.1-0.8nm"
}
