{
  "time_tag": "2026-05-30T19:25:00Z",
  "satellite": 18,
  "flux": 7.975380071911786E-7,
  "observed_flux": 8.261793027486419E-7,
  "electron_correction": 2.8641286675679112E-8,
  "electron_contaminaton": false,
  "energy": "0.1-0.8nm"
}
