{
  "time_tag": "2026-06-26T00:05:00Z",
  "satellite": 18,
  "flux": 0.0000013719742355533526,
  "observed_flux": 0.0000014252785831558867,
  "electron_correction": 5.330445063123079E-8,
  "electron_contaminaton": false,
  "energy": "0.1-0.8nm"
}
