{
  "time_tag": "2026-02-27T01:32:00Z",
  "satellite": 18,
  "flux": 8.994441600407299E-7,
  "observed_flux": 9.537022833683295E-7,
  "electron_correction": 5.425816596016375E-8,
  "electron_contaminaton": false,
  "energy": "0.1-0.8nm"
}
