{
    "time_tag": "2026-04-26T20:58:00Z",
    "satellite": 18,
    "flux": 4.1440603126829956e-06,
    "observed_flux": 4.185316811344819e-06,
    "electron_correction": 4.125637786955849e-08,
    "electron_contaminaton": false,
    "energy": "0.1-0.8nm"
}