{
  "time_tag": "2026-06-15T10:34:00Z",
  "satellite": 18,
  "flux": 6.67707695356512E-7,
  "observed_flux": 6.932295377737319E-7,
  "electron_correction": 2.5521849522647244E-8,
  "electron_contaminaton": false,
  "energy": "0.1-0.8nm"
}
