{
  "time_tag": "2026-02-14T22:36:00Z",
  "satellite": 18,
  "flux": 4.994277560399496E-7,
  "observed_flux": 5.21279275744746E-7,
  "electron_correction": 2.185149661215746E-8,
  "electron_contaminaton": false,
  "energy": "0.1-0.8nm"
}
