{
  "time_tag": "2026-06-05T09:24:00Z",
  "satellite": 18,
  "flux": 0.0000010245008752463036,
  "observed_flux": 0.0000010269020549458219,
  "electron_correction": 2.4012591914868153E-9,
  "electron_contaminaton": false,
  "energy": "0.1-0.8nm"
}
