{
    "time_tag": "2026-06-17T14:37:00Z",
    "satellite": 18,
    "flux": 5.212407359067583e-07,
    "observed_flux": 5.308870640874375e-07,
    "electron_correction": 9.646325516143861e-09,
    "electron_contaminaton": false,
    "energy": "0.1-0.8nm"
}