{
    "time_tag": "2026-04-24T03:59:00Z",
    "satellite": 18,
    "flux": 2.614445065773907e-06,
    "observed_flux": 2.640971160872141e-06,
    "electron_correction": 2.6526091545520103e-08,
    "electron_contaminaton": false,
    "energy": "0.1-0.8nm"
}