{
  "time_tag": "2026-02-13T09:02:00Z",
  "satellite": 18,
  "flux": 0.000010372919859946705,
  "observed_flux": 0.000010386825124442112,
  "electron_correction": 1.3904545070886343E-8,
  "electron_contaminaton": false,
  "energy": "0.1-0.8nm"
}
