{
    "time_tag": "2026-05-07T08:45:00Z",
    "satellite": 18,
    "flux": 6.663311751253786e-07,
    "observed_flux": 6.860556140964036e-07,
    "electron_correction": 1.972440522024499e-08,
    "electron_contaminaton": false,
    "energy": "0.1-0.8nm"
}