{
  "time_tag": "2026-03-02T12:09:00Z",
  "satellite": 18,
  "flux": 0.0000015750492821098305,
  "observed_flux": 0.000001579437594045885,
  "electron_correction": 4.388315932857267E-9,
  "electron_contaminaton": false,
  "energy": "0.1-0.8nm"
}
