{
    "time_tag": "2026-05-31T11:20:00Z",
    "satellite": 18,
    "flux": 7.56599263240787e-07,
    "observed_flux": 7.789825531290262e-07,
    "electron_correction": 2.2383339626230736e-08,
    "electron_contaminaton": false,
    "energy": "0.1-0.8nm"
}