{
  "time_tag": "2026-02-07T02:34:00Z",
  "satellite": 18,
  "flux": 0.0000018760255215966026,
  "observed_flux": 0.0000018926311895484105,
  "electron_correction": 1.6605701702587794E-8,
  "electron_contaminaton": false,
  "energy": "0.1-0.8nm"
}
