{
  "time_tag": "2025-12-27T01:48:00Z",
  "satellite": 18,
  "flux": 0.00004882536086370237,
  "observed_flux": 0.00004885987436864525,
  "electron_correction": 3.4514414437580854E-8,
  "electron_contaminaton": false,
  "energy": "0.1-0.8nm"
}
