{
    "time_tag": "2026-05-26T19:03:00Z",
    "satellite": 18,
    "flux": 9.670877716416726e-07,
    "observed_flux": 9.80927211458038e-07,
    "electron_correction": 1.383942471733235e-08,
    "electron_contaminaton": false,
    "energy": "0.1-0.8nm"
}