{
    "time_tag": "2026-05-23T10:34:00Z",
    "satellite": 18,
    "flux": 8.129112529786653e-07,
    "observed_flux": 8.302249625558034e-07,
    "electron_correction": 1.7313720235279106e-08,
    "electron_contaminaton": false,
    "energy": "0.1-0.8nm"
}