{
  "time_tag": "2026-03-13T23:22:00Z",
  "satellite": 18,
  "flux": 7.518228812841699E-7,
  "observed_flux": 7.527162324549863E-7,
  "electron_correction": 8.934046835662457E-10,
  "electron_contaminaton": false,
  "energy": "0.1-0.8nm"
}
