{
    "time_tag": "2026-06-21T22:20:00Z",
    "satellite": 18,
    "flux": 1.9046514125875547e-06,
    "observed_flux": 1.92071979654429e-06,
    "electron_correction": 1.6068300467964036e-08,
    "electron_contaminaton": false,
    "energy": "0.1-0.8nm"
}