{
  "time_tag": "2026-03-11T10:12:00Z",
  "satellite": 18,
  "flux": 8.672029139233928E-7,
  "observed_flux": 8.937004736253584E-7,
  "electron_correction": 2.649754726746778E-8,
  "electron_contaminaton": false,
  "energy": "0.1-0.8nm"
}
