{
    "time_tag": "2026-05-24T01:13:00Z",
    "satellite": 18,
    "flux": 1.943389861480682e-06,
    "observed_flux": 1.9716692349902587e-06,
    "electron_correction": 2.827944989292064e-08,
    "electron_contaminaton": false,
    "energy": "0.1-0.8nm"
}