{
  "time_tag": "2026-01-24T02:49:00Z",
  "satellite": 18,
  "flux": 0.0000031631473120796727,
  "observed_flux": 0.000003210760041838512,
  "electron_correction": 4.76128008131127E-8,
  "electron_contaminaton": false,
  "energy": "0.1-0.8nm"
}
