{
  "time_tag": "2026-05-25T01:17:00Z",
  "satellite": 18,
  "flux": 0.0000019965841602243017,
  "observed_flux": 0.0000020016673261125106,
  "electron_correction": 5.083199194899635E-9,
  "electron_contaminaton": false,
  "energy": "0.1-0.8nm"
}
