{
    "time_tag": "2026-06-01T23:12:00Z",
    "satellite": 18,
    "flux": 6.763748956473137e-07,
    "observed_flux": 7.068131253618049e-07,
    "electron_correction": 3.0438251030773245e-08,
    "electron_contaminaton": false,
    "energy": "0.1-0.8nm"
}