{
    "time_tag": "2026-06-14T12:17:00Z",
    "satellite": 18,
    "flux": 7.40457551273721e-07,
    "observed_flux": 7.635722454324423e-07,
    "electron_correction": 2.311472435678752e-08,
    "electron_contaminaton": false,
    "energy": "0.1-0.8nm"
}