{
  "time_tag": "2026-03-14T07:40:00Z",
  "satellite": 18,
  "flux": 6.188452061905991E-7,
  "observed_flux": 6.188685119923321E-7,
  "electron_correction": 2.333346883764964E-11,
  "electron_contaminaton": false,
  "energy": "0.1-0.8nm"
}
