{
    "time_tag": "2026-04-25T02:35:00Z",
    "satellite": 18,
    "flux": 1.4985142797740991e-06,
    "observed_flux": 1.5013044958323007e-06,
    "electron_correction": 2.7902413712865837e-09,
    "electron_contaminaton": false,
    "energy": "0.1-0.8nm"
}