{
    "time_tag": "2026-06-22T19:47:00Z",
    "satellite": 18,
    "flux": 5.902938369217736e-07,
    "observed_flux": 6.010494644215214e-07,
    "electron_correction": 1.0755665691419836e-08,
    "electron_contaminaton": false,
    "energy": "0.1-0.8nm"
}