{
  "time_tag": "2026-02-05T09:48:00Z",
  "satellite": 18,
  "flux": 0.000001764957460181904,
  "observed_flux": 0.0000017652092765274574,
  "electron_correction": 2.5179369700367715E-10,
  "electron_contaminaton": false,
  "energy": "0.1-0.8nm"
}
