{
    "time_tag": "2026-06-26T22:01:00Z",
    "satellite": 18,
    "flux": 1.4123244227448595e-06,
    "observed_flux": 1.477503133173741e-06,
    "electron_correction": 6.517873885059089e-08,
    "electron_contaminaton": false,
    "energy": "0.1-0.8nm"
}