{
  "time_tag": "2026-01-31T05:26:00Z",
  "satellite": 18,
  "flux": 0.000004740077201859094,
  "observed_flux": 0.000004781621100846678,
  "electron_correction": 4.154385990773335E-8,
  "electron_contaminaton": false,
  "energy": "0.1-0.8nm"
}
