{
  "time_tag": "2026-05-09T16:30:00Z",
  "satellite": 18,
  "flux": 8.492584697705752E-7,
  "observed_flux": 8.746789035285474E-7,
  "electron_correction": 2.5420401783549096E-8,
  "electron_contaminaton": false,
  "energy": "0.1-0.8nm"
}
