{
  "time_tag": "2026-03-09T17:58:00Z",
  "satellite": 18,
  "flux": 5.941968197475944E-7,
  "observed_flux": 6.401549512702331E-7,
  "electron_correction": 4.595811731178401E-8,
  "electron_contaminaton": false,
  "energy": "0.1-0.8nm"
}
