{
  "time_tag": "2026-03-30T03:47:00Z",
  "satellite": 18,
  "flux": 0.00006887171184644103,
  "observed_flux": 0.00006887308700243011,
  "electron_correction": 1.3740967252928726E-9,
  "electron_contaminaton": false,
  "energy": "0.1-0.8nm"
}
