{
  "time_tag": "2026-02-07T10:51:00Z",
  "satellite": 18,
  "flux": 0.0000014496097264782293,
  "observed_flux": 0.000001474211558161187,
  "electron_correction": 2.4601851222882942E-8,
  "electron_contaminaton": false,
  "energy": "0.1-0.8nm"
}
