{
  "time_tag": "2026-02-25T19:32:00Z",
  "satellite": 18,
  "flux": 0.0000015038832543723402,
  "observed_flux": 0.0000015701111806265544,
  "electron_correction": 6.622791204335954E-8,
  "electron_contaminaton": false,
  "energy": "0.1-0.8nm"
}
