{
  "time_tag": "2026-01-30T05:30:00Z",
  "satellite": 18,
  "flux": 0.000001612741471035406,
  "observed_flux": 0.000001664548335611471,
  "electron_correction": 5.1806821943500836E-8,
  "electron_contaminaton": false,
  "energy": "0.1-0.8nm"
}
