{
    "time_tag": "2026-06-24T00:41:00Z",
    "satellite": 18,
    "flux": 1.6625123180347146e-06,
    "observed_flux": 1.6636337250020006e-06,
    "electron_correction": 1.1213294737189017e-09,
    "electron_contaminaton": false,
    "energy": "0.1-0.8nm"
}