{
  "time_tag": "2026-06-12T20:26:00Z",
  "satellite": 18,
  "flux": 0.0000013065282473689876,
  "observed_flux": 0.0000013548334436563891,
  "electron_correction": 4.8305199840115165E-8,
  "electron_contaminaton": false,
  "energy": "0.1-0.8nm"
}
