{
  "time_tag": "2026-05-27T19:14:00Z",
  "satellite": 18,
  "flux": 8.15920714103413E-7,
  "observed_flux": 8.434853384642338E-7,
  "electron_correction": 2.7564631466248102E-8,
  "electron_contaminaton": false,
  "energy": "0.1-0.8nm"
}
