{
  "time_tag": "2026-02-11T23:11:00Z",
  "satellite": 18,
  "flux": 0.0000016975719745460083,
  "observed_flux": 0.0000017581071460881503,
  "electron_correction": 6.05351644367147E-8,
  "electron_contaminaton": false,
  "energy": "0.1-0.8nm"
}
