{
  "time_tag": "2026-06-07T10:16:00Z",
  "satellite": 18,
  "flux": 9.819270871957997E-7,
  "observed_flux": 0.0000010047931482404238,
  "electron_correction": 2.286608058454931E-8,
  "electron_contaminaton": false,
  "energy": "0.1-0.8nm"
}
