{
  "time_tag": "2026-01-29T22:23:00Z",
  "satellite": 18,
  "flux": 8.270395710496814E-7,
  "observed_flux": 9.016904414238525E-7,
  "electron_correction": 7.465089169045314E-8,
  "electron_contaminaton": false,
  "energy": "0.1-0.8nm"
}
