{
  "time_tag": "2025-12-20T05:17:00Z",
  "satellite": 18,
  "flux": 6.461340831265261E-7,
  "observed_flux": 6.726496053488518E-7,
  "electron_correction": 2.6515509787827796E-8,
  "electron_contaminaton": false,
  "energy": "0.1-0.8nm"
}
