{
  "time_tag": "2026-03-24T02:14:00Z",
  "satellite": 18,
  "flux": 6.769541869289242E-7,
  "observed_flux": 7.252752425301878E-7,
  "electron_correction": 4.832105204854997E-8,
  "electron_contaminaton": false,
  "energy": "0.1-0.8nm"
}
