{
  "time_tag": "2026-02-20T21:37:00Z",
  "satellite": 18,
  "flux": 3.719489996001357E-7,
  "observed_flux": 4.107890276827675E-7,
  "electron_correction": 3.8840013871777046E-8,
  "electron_contaminaton": false,
  "energy": "0.1-0.8nm"
}
