{
  "time_tag": "2026-02-06T23:20:00Z",
  "satellite": 18,
  "flux": 0.0000013725311873713508,
  "observed_flux": 0.0000014282767324402812,
  "electron_correction": 5.574549177822519E-8,
  "electron_contaminaton": false,
  "energy": "0.1-0.8nm"
}
