{
  "time_tag": "2026-03-08T16:40:00Z",
  "satellite": 18,
  "flux": 6.712548383802641E-7,
  "observed_flux": 7.288729761967261E-7,
  "electron_correction": 5.761815558003036E-8,
  "electron_contaminaton": false,
  "energy": "0.1-0.8nm"
}
