{
  "time_tag": "2026-05-29T01:22:00Z",
  "satellite": 19,
  "flux": 9.231794138031546E-7,
  "observed_flux": 9.272237093682634E-7,
  "electron_correction": 4.044256929347512E-9,
  "electron_contaminaton": false,
  "energy": "0.1-0.8nm"
}
