{
  "time_tag": "2026-03-07T20:49:00Z",
  "satellite": 18,
  "flux": 6.056427537259879E-7,
  "observed_flux": 6.391300644281728E-7,
  "electron_correction": 3.3487303596757556E-8,
  "electron_contaminaton": false,
  "energy": "0.1-0.8nm"
}
