{
    "time_tag": "2026-05-29T19:38:00Z",
    "satellite": 18,
    "flux": 1.7881608300740481e-06,
    "observed_flux": 1.8342751673117164e-06,
    "electron_correction": 4.6114305263245114e-08,
    "electron_contaminaton": false,
    "energy": "0.1-0.8nm"
}