{
  "time_tag": "2026-06-10T23:26:00Z",
  "satellite": 18,
  "flux": 9.098511668526044E-7,
  "observed_flux": 9.58697796704655E-7,
  "electron_correction": 4.884663340476436E-8,
  "electron_contaminaton": false,
  "energy": "0.1-0.8nm"
}
