{
  "time_tag": "2026-06-07T17:12:00Z",
  "satellite": 18,
  "flux": 0.000001212930783367483,
  "observed_flux": 0.0000012617734910236322,
  "electron_correction": 4.8842686339867214E-8,
  "electron_contaminaton": false,
  "energy": "0.1-0.8nm"
}
