{
  "time_tag": "2026-06-22T14:35:00Z",
  "satellite": 18,
  "flux": 6.221545731932565E-7,
  "observed_flux": 6.286174993874738E-7,
  "electron_correction": 6.4628946638833895E-9,
  "electron_contaminaton": false,
  "energy": "0.1-0.8nm"
}
