{
  "time_tag": "2026-04-20T20:26:00Z",
  "satellite": 18,
  "flux": 5.402645797403238E-7,
  "observed_flux": 6.16919749063527E-7,
  "electron_correction": 7.66551622177758E-8,
  "electron_contaminaton": false,
  "energy": "0.1-0.8nm"
}
