{
  "time_tag": "2026-04-19T08:31:00Z",
  "satellite": 18,
  "flux": 5.104393494548276E-7,
  "observed_flux": 5.245349257165799E-7,
  "electron_correction": 1.4095584255358062E-8,
  "electron_contaminaton": false,
  "energy": "0.1-0.8nm"
}
