{
  "time_tag": "2026-03-22T23:39:00Z",
  "satellite": 18,
  "flux": 0.00000199371311282448,
  "observed_flux": 0.000002015366817431641,
  "electron_correction": 2.165379520135957E-8,
  "electron_contaminaton": false,
  "energy": "0.1-0.8nm"
}
