{
  "time_tag": "2026-01-18T20:18:00Z",
  "satellite": 18,
  "flux": 0.00003218210258637555,
  "observed_flux": 0.000032251333323074505,
  "electron_correction": 6.923196593788816E-8,
  "electron_contaminaton": false,
  "energy": "0.1-0.8nm"
}
