{
  "time_tag": "2025-12-29T01:48:00Z",
  "satellite": 18,
  "flux": 0.0000019285394046164583,
  "observed_flux": 0.000001985654989766772,
  "electron_correction": 5.711549988518527E-8,
  "electron_contaminaton": false,
  "energy": "0.1-0.8nm"
}
