{
  "time_tag": "2026-03-07T20:20:00Z",
  "satellite": 18,
  "flux": 7.309387228815467E-7,
  "observed_flux": 7.835506039555185E-7,
  "electron_correction": 5.261189528482646E-8,
  "electron_contaminaton": false,
  "energy": "0.1-0.8nm"
}
