{
  "time_tag": "2025-12-12T21:18:00Z",
  "satellite": 18,
  "flux": 9.960292572941398E-7,
  "observed_flux": 0.0000010163399792872951,
  "electron_correction": 2.0310659820665933E-8,
  "electron_contaminaton": false,
  "energy": "0.1-0.8nm"
}
