{
  "time_tag": "2026-01-02T20:19:00Z",
  "satellite": 18,
  "flux": 0.0000011538234048202867,
  "observed_flux": 0.0000012791692824976053,
  "electron_correction": 1.2534586346646392E-7,
  "electron_contaminaton": false,
  "energy": "0.1-0.8nm"
}
