{
  "time_tag": "2026-03-29T08:27:00Z",
  "satellite": 18,
  "flux": 0.0000012721402526949532,
  "observed_flux": 0.0000012813114835807937,
  "electron_correction": 9.17130904554142E-9,
  "electron_contaminaton": false,
  "energy": "0.1-0.8nm"
}
