{
    "time_tag": "2026-06-23T13:17:00Z",
    "satellite": 18,
    "flux": 7.893721090113104e-07,
    "observed_flux": 7.921544238342904e-07,
    "electron_correction": 2.782311048221686e-09,
    "electron_contaminaton": false,
    "energy": "0.1-0.8nm"
}