{
  "time_tag": "2026-02-19T00:32:00Z",
  "satellite": 18,
  "flux": 4.149121650698362E-7,
  "observed_flux": 4.733474270324223E-7,
  "electron_correction": 5.843526906801344E-8,
  "electron_contaminaton": false,
  "energy": "0.1-0.8nm"
}
