{
  "time_tag": "2026-02-19T09:01:00Z",
  "satellite": 18,
  "flux": 3.9245708194357576E-7,
  "observed_flux": 3.948363769268326E-7,
  "electron_correction": 2.379294983256841E-9,
  "electron_contaminaton": false,
  "energy": "0.1-0.8nm"
}
