{
  "time_tag": "2026-06-03T04:03:00Z",
  "satellite": 18,
  "flux": 0.0000014391342801900464,
  "observed_flux": 0.0000014455189329964924,
  "electron_correction": 6.384584860796849E-9,
  "electron_contaminaton": false,
  "energy": "0.1-0.8nm"
}
