{
  "time_tag": "2026-06-28T22:03:00Z",
  "satellite": 18,
  "flux": 0.000008259958121925592,
  "observed_flux": 0.000008301877642225008,
  "electron_correction": 4.191992530877542E-8,
  "electron_contaminaton": false,
  "energy": "0.1-0.8nm"
}
