{
  "time_tag": "2025-12-13T11:16:00Z",
  "satellite": 18,
  "flux": 0.000003031164396816166,
  "observed_flux": 0.0000030340033845277503,
  "electron_correction": 2.839013024669157E-9,
  "electron_contaminaton": false,
  "energy": "0.1-0.8nm"
}
