{
    "time_tag": "2026-04-25T18:42:00Z",
    "satellite": 18,
    "flux": 1.1974350400123512e-06,
    "observed_flux": 1.215080487781961e-06,
    "electron_correction": 1.764543355875503e-08,
    "electron_contaminaton": false,
    "energy": "0.1-0.8nm"
}