{
  "time_tag": "2026-03-06T17:28:00Z",
  "satellite": 18,
  "flux": 5.748951252826373E-7,
  "observed_flux": 5.92904484619794E-7,
  "electron_correction": 1.8009407298791302E-8,
  "electron_contaminaton": false,
  "energy": "0.1-0.8nm"
}
