{
  "time_tag": "2026-06-22T12:28:00Z",
  "satellite": 18,
  "flux": 6.703500048388378E-7,
  "observed_flux": 6.759788675481104E-7,
  "electron_correction": 5.628849830685567E-9,
  "electron_contaminaton": false,
  "energy": "0.1-0.8nm"
}
