{
  "time_tag": "2026-04-18T21:54:00Z",
  "satellite": 18,
  "flux": 3.204916367849364E-7,
  "observed_flux": 3.543513287240785E-7,
  "electron_correction": 3.385970614999678E-8,
  "electron_contaminaton": false,
  "energy": "0.1-0.8nm"
}
