{
  "time_tag": "2026-02-11T03:38:00Z",
  "satellite": 18,
  "flux": 0.0000018645631598701584,
  "observed_flux": 0.000001877190470622736,
  "electron_correction": 1.2627399570419584E-8,
  "electron_contaminaton": false,
  "energy": "0.1-0.8nm"
}
