{
  "time_tag": "2026-02-08T21:37:00Z",
  "satellite": 18,
  "flux": 0.000002066569550152053,
  "observed_flux": 0.0000020969659999536816,
  "electron_correction": 3.0396517303188375E-8,
  "electron_contaminaton": false,
  "energy": "0.1-0.8nm"
}
