{
    "time_tag": "2026-05-23T16:06:00Z",
    "satellite": 18,
    "flux": 1.304294301007758e-06,
    "observed_flux": 1.3289875369082438e-06,
    "electron_correction": 2.469323412412905e-08,
    "electron_contaminaton": false,
    "energy": "0.1-0.8nm"
}