{
    "time_tag": "2026-04-27T09:00:00Z",
    "satellite": 18,
    "flux": 1.1467857348179678e-06,
    "observed_flux": 1.1494814771140227e-06,
    "electron_correction": 2.6957920340464625e-09,
    "electron_contaminaton": false,
    "energy": "0.1-0.8nm"
}