{
  "time_tag": "2026-06-16T11:29:00Z",
  "satellite": 18,
  "flux": 5.07443701280863E-7,
  "observed_flux": 5.247484295978211E-7,
  "electron_correction": 1.7304714106103347E-8,
  "electron_contaminaton": false,
  "energy": "0.1-0.8nm"
}
