{
  "time_tag": "2026-01-12T16:19:00Z",
  "satellite": 18,
  "flux": 0.0000010448346756675164,
  "observed_flux": 0.0000011049871773138875,
  "electron_correction": 6.015255848978995E-8,
  "electron_contaminaton": false,
  "energy": "0.1-0.8nm"
}
