{
  "time_tag": "2026-01-27T00:41:00Z",
  "satellite": 18,
  "flux": 0.000001475970066167065,
  "observed_flux": 0.0000015202424492599675,
  "electron_correction": 4.4272429278180425E-8,
  "electron_contaminaton": false,
  "energy": "0.1-0.8nm"
}
