{
  "time_tag": "2026-03-13T09:56:00Z",
  "satellite": 18,
  "flux": 0.000011375261237844825,
  "observed_flux": 0.000011379981515347026,
  "electron_correction": 4.719598045710427E-9,
  "electron_contaminaton": false,
  "energy": "0.1-0.8nm"
}
