{
  "time_tag": "2026-03-22T15:04:00Z",
  "satellite": 18,
  "flux": 7.025422519291169E-7,
  "observed_flux": 7.242339279400767E-7,
  "electron_correction": 2.169167778731662E-8,
  "electron_contaminaton": false,
  "energy": "0.1-0.8nm"
}
