{
  "time_tag": "2026-04-19T07:05:00Z",
  "satellite": 18,
  "flux": 4.718554009741638E-7,
  "observed_flux": 4.85162843233411E-7,
  "electron_correction": 1.3307465351886094E-8,
  "electron_contaminaton": false,
  "energy": "0.1-0.8nm"
}
