{
  "time_tag": "2026-03-10T07:16:00Z",
  "satellite": 18,
  "flux": 8.847554227031651E-7,
  "observed_flux": 8.943575267039705E-7,
  "electron_correction": 9.602127093444324E-9,
  "electron_contaminaton": false,
  "energy": "0.1-0.8nm"
}
