{
  "time_tag": "2026-07-01T18:10:00Z",
  "satellite": 18,
  "flux": 0.0000027970431801804807,
  "observed_flux": 0.00000281439474747458,
  "electron_correction": 1.7351526437892062E-8,
  "electron_contaminaton": false,
  "energy": "0.1-0.8nm"
}
