{
  "time_tag": "2026-05-22T02:15:00Z",
  "satellite": 18,
  "flux": 8.072835271377699E-7,
  "observed_flux": 8.446184551758051E-7,
  "electron_correction": 3.7334963565172075E-8,
  "electron_contaminaton": false,
  "energy": "0.1-0.8nm"
}
