{
  "time_tag": "2025-12-27T23:18:00Z",
  "satellite": 18,
  "flux": 0.000003354431783009204,
  "observed_flux": 0.000003398977696633665,
  "electron_correction": 4.454609481285843E-8,
  "electron_contaminaton": false,
  "energy": "0.1-0.8nm"
}
