{
  "time_tag": "2026-04-25T14:11:00Z",
  "satellite": 18,
  "flux": 0.0000011744438097593957,
  "observed_flux": 0.000001180123831545643,
  "electron_correction": 5.680016901266072E-9,
  "electron_contaminaton": false,
  "energy": "0.1-0.8nm"
}
