{
    "time_tag": "2026-05-02T01:07:00Z",
    "satellite": 18,
    "flux": 9.284601674153237e-07,
    "observed_flux": 9.728479426485137e-07,
    "electron_correction": 4.438781431304051e-08,
    "electron_contaminaton": false,
    "energy": "0.1-0.8nm"
}