{
  "time_tag": "2026-04-17T15:44:00Z",
  "satellite": 18,
  "flux": 3.931468199880328E-7,
  "observed_flux": 3.979643281581957E-7,
  "electron_correction": 4.817510390608959E-9,
  "electron_contaminaton": false,
  "energy": "0.1-0.8nm"
}
