{
  "time_tag": "2026-03-09T11:40:00Z",
  "satellite": 18,
  "flux": 6.637209253312903E-7,
  "observed_flux": 6.749229441993521E-7,
  "electron_correction": 1.1202006433563838E-8,
  "electron_contaminaton": false,
  "energy": "0.1-0.8nm"
}
