{
    "time_tag": "2026-04-25T08:08:00Z",
    "satellite": 18,
    "flux": 6.227415724424645e-06,
    "observed_flux": 6.228995061974274e-06,
    "electron_correction": 1.5793533147956396e-09,
    "electron_contaminaton": false,
    "energy": "0.1-0.8nm"
}