{
    "time_tag": "2026-06-28T22:27:00Z",
    "satellite": 18,
    "flux": 2.5757319690455915e-06,
    "observed_flux": 2.616203119032434e-06,
    "electron_correction": 4.047108603799643e-08,
    "electron_contaminaton": false,
    "energy": "0.1-0.8nm"
}