{
  "time_tag": "2026-02-24T16:34:00Z",
  "satellite": 18,
  "flux": 0.00000383468341169646,
  "observed_flux": 0.00000388517173632863,
  "electron_correction": 5.048820739261828E-8,
  "electron_contaminaton": false,
  "energy": "0.1-0.8nm"
}
