{
  "time_tag": "2026-05-22T22:16:00Z",
  "satellite": 18,
  "flux": 8.749638595872966E-7,
  "observed_flux": 9.097674364966224E-7,
  "electron_correction": 3.4803601778321536E-8,
  "electron_contaminaton": false,
  "energy": "0.1-0.8nm"
}
