{
    "time_tag": "2026-04-26T09:56:00Z",
    "satellite": 18,
    "flux": 1.01129853646853e-06,
    "observed_flux": 1.0190710781898815e-06,
    "electron_correction": 7.772461785293672e-09,
    "electron_contaminaton": false,
    "energy": "0.1-0.8nm"
}