{
  "time_tag": "2026-05-05T17:59:00Z",
  "satellite": 18,
  "flux": 6.875540634609933E-7,
  "observed_flux": 7.506669703616353E-7,
  "electron_correction": 6.311291400606933E-8,
  "electron_contaminaton": false,
  "energy": "0.1-0.8nm"
}
