{
    "time_tag": "2026-05-31T17:53:00Z",
    "satellite": 18,
    "flux": 7.236900501084165e-07,
    "observed_flux": 7.71220129536232e-07,
    "electron_correction": 4.753007587510183e-08,
    "electron_contaminaton": false,
    "energy": "0.1-0.8nm"
}