{
  "time_tag": "2025-12-08T04:24:00Z",
  "satellite": 18,
  "flux": 0.000004800986971531529,
  "observed_flux": 0.000004830456418858375,
  "electron_correction": 2.9469616080746164E-8,
  "electron_contaminaton": false,
  "energy": "0.1-0.8nm"
}
