{
  "time_tag": "2026-02-03T08:59:00Z",
  "satellite": 18,
  "flux": 0.000006497013600892387,
  "observed_flux": 0.000006499210940091871,
  "electron_correction": 2.1970409935789803E-9,
  "electron_contaminaton": false,
  "energy": "0.1-0.8nm"
}
