{
  "time_tag": "2026-02-22T14:52:00Z",
  "satellite": 18,
  "flux": 3.4006689020316117E-7,
  "observed_flux": 3.485621959953278E-7,
  "electron_correction": 8.495326220270272E-9,
  "electron_contaminaton": false,
  "energy": "0.1-0.8nm"
}
