{
  "time_tag": "2026-06-25T14:52:00Z",
  "satellite": 18,
  "flux": 0.00000186222735010233,
  "observed_flux": 0.0000018866317077481654,
  "electron_correction": 2.440429902605956E-8,
  "electron_contaminaton": false,
  "energy": "0.1-0.8nm"
}
