{
    "time_tag": "2026-05-04T23:09:00Z",
    "satellite": 18,
    "flux": 9.210687608174339e-07,
    "observed_flux": 9.31013232730038e-07,
    "electron_correction": 9.944481682566675e-09,
    "electron_contaminaton": false,
    "energy": "0.1-0.8nm"
}