{
    "time_tag": "2026-05-31T03:42:00Z",
    "satellite": 18,
    "flux": 8.050170094975329e-07,
    "observed_flux": 8.254272643171134e-07,
    "electron_correction": 2.0410253043223747e-08,
    "electron_contaminaton": false,
    "energy": "0.1-0.8nm"
}