{
  "time_tag": "2025-12-19T12:19:00Z",
  "satellite": 18,
  "flux": 7.208101351352525E-7,
  "observed_flux": 7.599717832817987E-7,
  "electron_correction": 3.916162327755046E-8,
  "electron_contaminaton": false,
  "energy": "0.1-0.8nm"
}
