{
  "time_tag": "2026-02-08T12:42:00Z",
  "satellite": 18,
  "flux": 0.000006209988441696623,
  "observed_flux": 0.0000062411290855379775,
  "electron_correction": 3.114094937473055E-8,
  "electron_contaminaton": false,
  "energy": "0.1-0.8nm"
}
