{
    "time_tag": "2026-05-25T03:43:00Z",
    "satellite": 18,
    "flux": 1.0266662684443872e-06,
    "observed_flux": 1.0278461104462622e-06,
    "electron_correction": 1.179844111298678e-09,
    "electron_contaminaton": false,
    "energy": "0.1-0.8nm"
}