{
  "time_tag": "2026-04-21T09:11:00Z",
  "satellite": 18,
  "flux": 9.448980335946544E-7,
  "observed_flux": 9.778091225598473E-7,
  "electron_correction": 3.291114936132544E-8,
  "electron_contaminaton": false,
  "energy": "0.1-0.8nm"
}
