{
  "time_tag": "2026-03-10T00:18:00Z",
  "satellite": 18,
  "flux": 8.594930704930448E-7,
  "observed_flux": 8.854893849274958E-7,
  "electron_correction": 2.5996282460027942E-8,
  "electron_contaminaton": false,
  "energy": "0.1-0.8nm"
}
