{
  "time_tag": "2026-03-08T06:59:00Z",
  "satellite": 18,
  "flux": 7.010187914602284E-7,
  "observed_flux": 7.067153546813643E-7,
  "electron_correction": 5.696536131694074E-9,
  "electron_contaminaton": false,
  "energy": "0.1-0.8nm"
}
