{
  "time_tag": "2026-03-22T07:26:00Z",
  "satellite": 18,
  "flux": 4.4587051206690376E-7,
  "observed_flux": 4.641738655664085E-7,
  "electron_correction": 1.8303364157645774E-8,
  "electron_contaminaton": false,
  "energy": "0.1-0.8nm"
}
