{
  "time_tag": "2026-05-09T15:59:00Z",
  "satellite": 18,
  "flux": 9.002658316603629E-7,
  "observed_flux": 9.25238737181644E-7,
  "electron_correction": 2.497291973213578E-8,
  "electron_contaminaton": false,
  "energy": "0.1-0.8nm"
}
