{
  "time_tag": "2025-12-21T08:19:00Z",
  "satellite": 18,
  "flux": 6.778210490665515E-7,
  "observed_flux": 6.790028805880866E-7,
  "electron_correction": 1.1818153122789E-9,
  "electron_contaminaton": false,
  "energy": "0.1-0.8nm"
}
