{
  "time_tag": "2025-12-07T19:19:00Z",
  "satellite": 18,
  "flux": 0.000002292760655109305,
  "observed_flux": 0.000002335608087378205,
  "electron_correction": 4.284735055648525E-8,
  "electron_contaminaton": false,
  "energy": "0.1-0.8nm"
}
