{
    "time_tag": "2026-04-24T00:07:00Z",
    "satellite": 18,
    "flux": 1.0822672038557357e-06,
    "observed_flux": 1.1218867257412057e-06,
    "electron_correction": 3.961941175134598e-08,
    "electron_contaminaton": false,
    "energy": "0.1-0.8nm"
}