{
  "time_tag": "2026-01-08T06:19:00Z",
  "satellite": 18,
  "flux": 9.894071126836934E-7,
  "observed_flux": 9.94104084384162E-7,
  "electron_correction": 4.696976141360665E-9,
  "electron_contaminaton": false,
  "energy": "0.1-0.8nm"
}
