{
  "time_tag": "2026-06-05T19:28:00Z",
  "satellite": 18,
  "flux": 0.0000016436869145763922,
  "observed_flux": 0.0000016707205077182152,
  "electron_correction": 2.7033625116246185E-8,
  "electron_contaminaton": false,
  "energy": "0.1-0.8nm"
}
