{
  "time_tag": "2026-03-05T12:28:00Z",
  "satellite": 18,
  "flux": 5.923022854403825E-7,
  "observed_flux": 6.044381279934896E-7,
  "electron_correction": 1.213586742210282E-8,
  "electron_contaminaton": false,
  "energy": "0.1-0.8nm"
}
