{
    "time_tag": "2026-04-24T18:52:00Z",
    "satellite": 18,
    "flux": 9.483359463047236e-06,
    "observed_flux": 9.524857887299731e-06,
    "electron_correction": 4.149839938349942e-08,
    "electron_contaminaton": false,
    "energy": "0.1-0.8nm"
}