{
  "time_tag": "2026-06-13T13:10:00Z",
  "satellite": 18,
  "flux": 0.000002514081643312238,
  "observed_flux": 0.000002554384536779253,
  "electron_correction": 4.030298939028398E-8,
  "electron_contaminaton": false,
  "energy": "0.1-0.8nm"
}
