{
  "time_tag": "2026-05-03T16:10:00Z",
  "satellite": 18,
  "flux": 9.29847715269716E-7,
  "observed_flux": 9.637483344704378E-7,
  "electron_correction": 3.390066893871335E-8,
  "electron_contaminaton": false,
  "energy": "0.1-0.8nm"
}
