{
  "time_tag": "2026-03-09T20:06:00Z",
  "satellite": 18,
  "flux": 8.838763392304827E-7,
  "observed_flux": 9.340195674667484E-7,
  "electron_correction": 5.0143253105261465E-8,
  "electron_contaminaton": false,
  "energy": "0.1-0.8nm"
}
