{
  "time_tag": "2026-04-24T22:24:00Z",
  "satellite": 18,
  "flux": 0.0000019641211110865697,
  "observed_flux": 0.000001981972218345618,
  "electron_correction": 1.7851052191986128E-8,
  "electron_contaminaton": false,
  "energy": "0.1-0.8nm"
}
