{
  "time_tag": "2026-06-29T15:03:00Z",
  "satellite": 18,
  "flux": 0.000002988090500366525,
  "observed_flux": 0.0000030155492822814267,
  "electron_correction": 2.7458890272669123E-8,
  "electron_contaminaton": false,
  "energy": "0.1-0.8nm"
}
