{
  "time_tag": "2026-06-07T03:41:00Z",
  "satellite": 18,
  "flux": 9.454284395360446E-7,
  "observed_flux": 9.898956250253832E-7,
  "electron_correction": 4.446719259476595E-8,
  "electron_contaminaton": false,
  "energy": "0.1-0.8nm"
}
