{
  "time_tag": "2026-03-31T00:25:00Z",
  "satellite": 18,
  "flux": 0.0000010718437124523916,
  "observed_flux": 0.0000010887214330068673,
  "electron_correction": 1.6877740094400906E-8,
  "electron_contaminaton": false,
  "energy": "0.1-0.8nm"
}
