{
  "time_tag": "2026-02-24T20:10:00Z",
  "satellite": 18,
  "flux": 0.0000016809706266940339,
  "observed_flux": 0.000001759461042638577,
  "electron_correction": 7.84904159445432E-8,
  "electron_contaminaton": false,
  "energy": "0.1-0.8nm"
}
