{
    "time_tag": "2026-05-05T19:11:00Z",
    "satellite": 18,
    "flux": 7.386881861748407e-07,
    "observed_flux": 8.136888709486811e-07,
    "electron_correction": 7.500069898469519e-08,
    "electron_contaminaton": false,
    "energy": "0.1-0.8nm"
}