{
    "time_tag": "2026-05-18T13:11:00Z",
    "satellite": 18,
    "flux": 4.7140770220721606e-07,
    "observed_flux": 5.002421517019684e-07,
    "electron_correction": 2.883445837653653e-08,
    "electron_contaminaton": false,
    "energy": "0.1-0.8nm"
}