{
  "time_tag": "2026-03-09T22:54:00Z",
  "satellite": 18,
  "flux": 8.438383929387783E-7,
  "observed_flux": 8.932207720135921E-7,
  "electron_correction": 4.9382421707377944E-8,
  "electron_contaminaton": false,
  "energy": "0.1-0.8nm"
}
