{
  "time_tag": "2026-03-28T17:21:00Z",
  "satellite": 18,
  "flux": 0.0000016583146589255193,
  "observed_flux": 0.000001691382635726768,
  "electron_correction": 3.3067944826825624E-8,
  "electron_contaminaton": false,
  "energy": "0.1-0.8nm"
}
