{
  "time_tag": "2026-04-19T08:09:00Z",
  "satellite": 18,
  "flux": 4.3273357164252957E-7,
  "observed_flux": 4.574867773499136E-7,
  "electron_correction": 2.475320748374088E-8,
  "electron_contaminaton": false,
  "energy": "0.1-0.8nm"
}
