{
    "time_tag": "2026-05-19T16:47:00Z",
    "satellite": 18,
    "flux": 5.467369987854909e-07,
    "observed_flux": 6.132290195637324e-07,
    "electron_correction": 6.649203498909628e-08,
    "electron_contaminaton": false,
    "energy": "0.1-0.8nm"
}