{
  "time_tag": "2026-06-20T15:55:00Z",
  "satellite": 18,
  "flux": 5.028107921134506E-7,
  "observed_flux": 5.210291647017584E-7,
  "electron_correction": 1.8218393904589902E-8,
  "electron_contaminaton": false,
  "energy": "0.1-0.8nm"
}
