{
  "time_tag": "2026-03-04T13:47:00Z",
  "satellite": 18,
  "flux": 6.208819627318007E-7,
  "observed_flux": 6.335553734970745E-7,
  "electron_correction": 1.2673386784456397E-8,
  "electron_contaminaton": false,
  "energy": "0.1-0.8nm"
}
