{
    "time_tag": "2026-06-22T15:30:00Z",
    "satellite": 18,
    "flux": 6.47171020773385e-07,
    "observed_flux": 6.545538440150267e-07,
    "electron_correction": 7.3828569924216936e-09,
    "electron_contaminaton": false,
    "energy": "0.1-0.8nm"
}