{
  "time_tag": "2026-03-18T22:41:00Z",
  "satellite": 18,
  "flux": 3.2809955996526696E-7,
  "observed_flux": 3.575703146907472E-7,
  "electron_correction": 2.947075472548022E-8,
  "electron_contaminaton": false,
  "energy": "0.1-0.8nm"
}
