{
  "time_tag": "2026-02-09T06:17:00Z",
  "satellite": 18,
  "flux": 0.0000030071125820541056,
  "observed_flux": 0.000003017128847204731,
  "electron_correction": 1.0016180773675387E-8,
  "electron_contaminaton": false,
  "energy": "0.1-0.8nm"
}
