{
    "time_tag": "2026-06-29T22:52:00Z",
    "satellite": 18,
    "flux": 3.0865094231558032e-06,
    "observed_flux": 3.117756477877265e-06,
    "electron_correction": 3.1247040510606894e-08,
    "electron_contaminaton": false,
    "energy": "0.1-0.8nm"
}