{
  "time_tag": "2025-12-05T13:24:00Z",
  "satellite": 18,
  "flux": 0.0000018753087260847678,
  "observed_flux": 0.000001897290985652944,
  "electron_correction": 2.1982257791819393E-8,
  "electron_contaminaton": false,
  "energy": "0.1-0.8nm"
}
