{
    "time_tag": "2026-06-29T23:43:00Z",
    "satellite": 18,
    "flux": 2.2164997517393203e-06,
    "observed_flux": 2.2461947537522065e-06,
    "electron_correction": 2.9694868786123152e-08,
    "electron_contaminaton": false,
    "energy": "0.1-0.8nm"
}