{
    "time_tag": "2026-05-07T13:29:00Z",
    "satellite": 18,
    "flux": 1.2603837831193232e-06,
    "observed_flux": 1.2884285069958423e-06,
    "electron_correction": 2.8044649269531874e-08,
    "electron_contaminaton": false,
    "energy": "0.1-0.8nm"
}