{
  "time_tag": "2026-06-13T00:25:00Z",
  "satellite": 18,
  "flux": 6.324465289253567E-7,
  "observed_flux": 6.49834476007527E-7,
  "electron_correction": 1.738796662209552E-8,
  "electron_contaminaton": false,
  "energy": "0.1-0.8nm"
}
