{
  "time_tag": "2026-03-28T04:01:00Z",
  "satellite": 18,
  "flux": 0.000012497843272285536,
  "observed_flux": 0.000012527349099400453,
  "electron_correction": 2.950587862926568E-8,
  "electron_contaminaton": false,
  "energy": "0.1-0.8nm"
}
