{
  "time_tag": "2026-02-10T09:15:00Z",
  "satellite": 18,
  "flux": 0.0000017064641042452422,
  "observed_flux": 0.0000017202694380102912,
  "electron_correction": 1.3805335541405839E-8,
  "electron_contaminaton": false,
  "energy": "0.1-0.8nm"
}
