{
  "time_tag": "2026-06-21T16:06:00Z",
  "satellite": 18,
  "flux": 6.257430982259393E-7,
  "observed_flux": 6.388910946952819E-7,
  "electron_correction": 1.314801334473259E-8,
  "electron_contaminaton": false,
  "energy": "0.1-0.8nm"
}
