{
  "time_tag": "2026-04-21T16:35:00Z",
  "satellite": 18,
  "flux": 8.421683332926477E-7,
  "observed_flux": 9.509359415460494E-7,
  "electron_correction": 1.0876759404254699E-7,
  "electron_contaminaton": false,
  "energy": "0.1-0.8nm"
}
