{
  "time_tag": "2026-05-13T20:58:00Z",
  "satellite": 18,
  "flux": 6.291266458902101E-7,
  "observed_flux": 6.373238079504517E-7,
  "electron_correction": 8.197178047453235E-9,
  "electron_contaminaton": false,
  "energy": "0.1-0.8nm"
}
