{
  "time_tag": "2026-03-05T01:33:00Z",
  "satellite": 18,
  "flux": 5.606607373920269E-7,
  "observed_flux": 5.76139598251757E-7,
  "electron_correction": 1.5478843096161654E-8,
  "electron_contaminaton": false,
  "energy": "0.1-0.8nm"
}
