{
  "time_tag": "2026-04-25T18:45:00Z",
  "satellite": 18,
  "flux": 0.0000013702631349588046,
  "observed_flux": 0.000001387296151733608,
  "electron_correction": 1.703304697286967E-8,
  "electron_contaminaton": false,
  "energy": "0.1-0.8nm"
}
