{
  "time_tag": "2026-01-29T06:26:00Z",
  "satellite": 18,
  "flux": 6.751914156666317E-7,
  "observed_flux": 7.067280876071891E-7,
  "electron_correction": 3.153665062427535E-8,
  "electron_contaminaton": false,
  "energy": "0.1-0.8nm"
}
