{
  "time_tag": "2026-03-22T21:05:00Z",
  "satellite": 18,
  "flux": 8.563069968658965E-7,
  "observed_flux": 8.905440722628555E-7,
  "electron_correction": 3.4237064738817935E-8,
  "electron_contaminaton": false,
  "energy": "0.1-0.8nm"
}
