{
  "time_tag": "2026-03-14T14:54:00Z",
  "satellite": 18,
  "flux": 7.960869083944999E-7,
  "observed_flux": 8.46047441882547E-7,
  "electron_correction": 4.996058677875226E-8,
  "electron_contaminaton": false,
  "energy": "0.1-0.8nm"
}
