{
  "time_tag": "2026-02-11T22:55:00Z",
  "satellite": 18,
  "flux": 0.0000020440288608369883,
  "observed_flux": 0.0000021004609607189195,
  "electron_correction": 5.643215317263639E-8,
  "electron_contaminaton": false,
  "energy": "0.1-0.8nm"
}
