{
  "time_tag": "2025-12-09T13:25:00Z",
  "satellite": 18,
  "flux": 0.000004816682121600024,
  "observed_flux": 0.000004836022526433226,
  "electron_correction": 1.9340534507250595E-8,
  "electron_contaminaton": false,
  "energy": "0.1-0.8nm"
}
