{
    "time_tag": "2026-05-06T00:58:00Z",
    "satellite": 18,
    "flux": 6.281798050622456e-07,
    "observed_flux": 6.779831664971425e-07,
    "electron_correction": 4.980337209303798e-08,
    "electron_contaminaton": false,
    "energy": "0.1-0.8nm"
}