{
    "time_tag": "2026-05-02T08:44:00Z",
    "satellite": 18,
    "flux": 1.1383075388948782e-06,
    "observed_flux": 1.1604366818573908e-06,
    "electron_correction": 2.212905769738427e-08,
    "electron_contaminaton": false,
    "energy": "0.1-0.8nm"
}