{
  "time_tag": "2026-02-07T16:00:00Z",
  "satellite": 18,
  "flux": 0.0000015757814253447577,
  "observed_flux": 0.0000016180322290892946,
  "electron_correction": 4.225078953368211E-8,
  "electron_contaminaton": false,
  "energy": "0.1-0.8nm"
}
