{
  "time_tag": "2026-02-26T18:01:00Z",
  "satellite": 18,
  "flux": 0.000001276146122108912,
  "observed_flux": 0.0000013263621667647385,
  "electron_correction": 5.02160126814033E-8,
  "electron_contaminaton": false,
  "energy": "0.1-0.8nm"
}
