{
    "time_tag": "2026-05-22T20:19:00Z",
    "satellite": 18,
    "flux": 1.1876136341015808e-06,
    "observed_flux": 1.224511606778833e-06,
    "electron_correction": 3.689795136097018e-08,
    "electron_contaminaton": false,
    "energy": "0.1-0.8nm"
}