{
    "time_tag": "2026-05-01T09:48:00Z",
    "satellite": 18,
    "flux": 1.196708240058797e-06,
    "observed_flux": 1.2134057669754839e-06,
    "electron_correction": 1.6697535798471108e-08,
    "electron_contaminaton": false,
    "energy": "0.1-0.8nm"
}