{
  "time_tag": "2025-12-07T22:21:00Z",
  "satellite": 18,
  "flux": 0.0000026744228307507,
  "observed_flux": 0.000002714674110393389,
  "electron_correction": 4.0251155297710284E-8,
  "electron_contaminaton": false,
  "energy": "0.1-0.8nm"
}
