{
    "time_tag": "2026-05-25T00:28:00Z",
    "satellite": 18,
    "flux": 9.098413897845603e-07,
    "observed_flux": 9.161258844869735e-07,
    "electron_correction": 6.2844915937887436e-09,
    "electron_contaminaton": false,
    "energy": "0.1-0.8nm"
}