{
  "time_tag": "2025-12-12T16:18:00Z",
  "satellite": 18,
  "flux": 0.0000018850478227250278,
  "observed_flux": 0.0000018933528735942673,
  "electron_correction": 8.30509527816048E-9,
  "electron_contaminaton": false,
  "energy": "0.1-0.8nm"
}
