{
  "time_tag": "2026-03-16T15:27:00Z",
  "satellite": 18,
  "flux": 6.547341513396532E-7,
  "observed_flux": 6.899672371218912E-7,
  "electron_correction": 3.5233103545806443E-8,
  "electron_contaminaton": false,
  "energy": "0.1-0.8nm"
}
