{
  "time_tag": "2026-03-16T21:12:00Z",
  "satellite": 18,
  "flux": 5.421563287200115E-7,
  "observed_flux": 5.891468504160002E-7,
  "electron_correction": 4.699047906342457E-8,
  "electron_contaminaton": false,
  "energy": "0.1-0.8nm"
}
