{
    "time_tag": "2026-05-13T07:16:00Z",
    "satellite": 18,
    "flux": 7.698141075707099e-07,
    "observed_flux": 7.743763035250595e-07,
    "electron_correction": 4.562186628476184e-09,
    "electron_contaminaton": false,
    "energy": "0.1-0.8nm"
}