{
  "time_tag": "2026-01-07T08:19:00Z",
  "satellite": 18,
  "flux": 0.000001021687353386369,
  "observed_flux": 0.0000010374124030931853,
  "electron_correction": 1.5725030166890974E-8,
  "electron_contaminaton": false,
  "energy": "0.1-0.8nm"
}
