{
    "time_tag": "2026-06-20T11:25:00Z",
    "satellite": 18,
    "flux": 1.5194170828181086e-06,
    "observed_flux": 1.528111397419707e-06,
    "electron_correction": 8.694360786876132e-09,
    "electron_contaminaton": false,
    "energy": "0.1-0.8nm"
}