{
  "time_tag": "2026-06-10T02:25:00Z",
  "satellite": 18,
  "flux": 8.214528861572035E-7,
  "observed_flux": 8.38923654100654E-7,
  "electron_correction": 1.7470767943450483E-8,
  "electron_contaminaton": false,
  "energy": "0.1-0.8nm"
}
