{
  "time_tag": "2026-03-18T23:50:00Z",
  "satellite": 18,
  "flux": 4.4621677375289437E-7,
  "observed_flux": 4.713240002729435E-7,
  "electron_correction": 2.5107240730903868E-8,
  "electron_contaminaton": false,
  "energy": "0.1-0.8nm"
}
