{
  "time_tag": "2026-02-18T17:33:00Z",
  "satellite": 18,
  "flux": 4.417680656843004E-7,
  "observed_flux": 4.981223469258111E-7,
  "electron_correction": 5.6354274136083404E-8,
  "electron_contaminaton": false,
  "energy": "0.1-0.8nm"
}
