{
    "time_tag": "2026-05-03T01:09:00Z",
    "satellite": 18,
    "flux": 9.950285857485142e-07,
    "observed_flux": 1.0233097782474943e-06,
    "electron_correction": 2.8281233355187396e-08,
    "electron_contaminaton": false,
    "energy": "0.1-0.8nm"
}