{
  "time_tag": "2026-02-22T20:21:00Z",
  "satellite": 18,
  "flux": 4.09961842251505E-7,
  "observed_flux": 4.6637902073598525E-7,
  "electron_correction": 5.641717137905289E-8,
  "electron_contaminaton": false,
  "energy": "0.1-0.8nm"
}
