{
  "time_tag": "2026-03-15T16:24:00Z",
  "satellite": 18,
  "flux": 4.750896493987966E-7,
  "observed_flux": 5.429580482996244E-7,
  "electron_correction": 6.786838468997303E-8,
  "electron_contaminaton": false,
  "energy": "0.1-0.8nm"
}
