{
    "time_tag": "2026-05-09T10:26:00Z",
    "satellite": 18,
    "flux": 9.26025279568421e-07,
    "observed_flux": 9.381200811731105e-07,
    "electron_correction": 1.2094799828332725e-08,
    "electron_contaminaton": false,
    "energy": "0.1-0.8nm"
}