{
  "time_tag": "2026-02-20T22:21:00Z",
  "satellite": 18,
  "flux": 3.33880791458796E-7,
  "observed_flux": 3.681235796193505E-7,
  "electron_correction": 3.424277394969977E-8,
  "electron_contaminaton": false,
  "energy": "0.1-0.8nm"
}
