{
  "time_tag": "2026-02-24T10:43:00Z",
  "satellite": 18,
  "flux": 0.0000011193130831088638,
  "observed_flux": 0.0000011812895763796405,
  "electron_correction": 6.197645774363991E-8,
  "electron_contaminaton": false,
  "energy": "0.1-0.8nm"
}
