{
    "time_tag": "2026-06-05T11:48:00Z",
    "satellite": 18,
    "flux": 1.7313209355052095e-06,
    "observed_flux": 1.7313265061602578e-06,
    "electron_correction": 5.594327952274103e-12,
    "electron_contaminaton": false,
    "energy": "0.1-0.8nm"
}