{
  "time_tag": "2026-01-05T13:26:00Z",
  "satellite": 18,
  "flux": 0.0000014228207874111831,
  "observed_flux": 0.000001455218125556712,
  "electron_correction": 3.239735946181099E-8,
  "electron_contaminaton": false,
  "energy": "0.1-0.8nm"
}
