{
  "time_tag": "2026-06-17T21:10:00Z",
  "satellite": 18,
  "flux": 4.581438304285257E-7,
  "observed_flux": 4.7246365397768386E-7,
  "electron_correction": 1.4319836871834468E-8,
  "electron_contaminaton": false,
  "energy": "0.1-0.8nm"
}
