{
  "time_tag": "2026-06-25T23:33:00Z",
  "satellite": 18,
  "flux": 0.0000012624677765415981,
  "observed_flux": 0.0000013267020904095261,
  "electron_correction": 6.423425702450913E-8,
  "electron_contaminaton": false,
  "energy": "0.1-0.8nm"
}
