{
  "time_tag": "2026-06-09T17:27:00Z",
  "satellite": 18,
  "flux": 7.762524205645605E-7,
  "observed_flux": 8.153863291227026E-7,
  "electron_correction": 3.913388368914639E-8,
  "electron_contaminaton": false,
  "energy": "0.1-0.8nm"
}
