{
    "time_tag": "2026-05-24T19:17:00Z",
    "satellite": 18,
    "flux": 9.060338470590068e-07,
    "observed_flux": 9.306609740633576e-07,
    "electron_correction": 2.4627162531487556e-08,
    "electron_contaminaton": false,
    "energy": "0.1-0.8nm"
}