{
  "time_tag": "2026-02-09T07:20:00Z",
  "satellite": 18,
  "flux": 0.0000032553314213146223,
  "observed_flux": 0.0000032711707262933487,
  "electron_correction": 1.5839180633747674E-8,
  "electron_contaminaton": false,
  "energy": "0.1-0.8nm"
}
