{
  "time_tag": "2026-03-05T19:30:00Z",
  "satellite": 18,
  "flux": 9.041477824212052E-7,
  "observed_flux": 9.280529980060237E-7,
  "electron_correction": 2.390523690110058E-8,
  "electron_contaminaton": false,
  "energy": "0.1-0.8nm"
}
