{
    "time_tag": "2026-06-07T22:39:00Z",
    "satellite": 18,
    "flux": 1.0249343631585361e-06,
    "observed_flux": 1.0773823078125133e-06,
    "electron_correction": 5.2447916232267744e-08,
    "electron_contaminaton": false,
    "energy": "0.1-0.8nm"
}