{
    "time_tag": "2026-05-12T17:20:00Z",
    "satellite": 18,
    "flux": 8.480996029902599e-07,
    "observed_flux": 8.59318220136629e-07,
    "electron_correction": 1.1218601159157515e-08,
    "electron_contaminaton": false,
    "energy": "0.1-0.8nm"
}