{
  "time_tag": "2026-02-12T14:25:00Z",
  "satellite": 18,
  "flux": 6.17717319073563E-7,
  "observed_flux": 6.444644213843276E-7,
  "electron_correction": 2.6747120074332997E-8,
  "electron_contaminaton": false,
  "energy": "0.1-0.8nm"
}
