{
  "time_tag": "2026-02-27T19:51:00Z",
  "satellite": 18,
  "flux": 0.0000014486101918009808,
  "observed_flux": 0.0000014881429706292693,
  "electron_correction": 3.953279659185682E-8,
  "electron_contaminaton": false,
  "energy": "0.1-0.8nm"
}
