{
  "time_tag": "2025-12-22T11:18:00Z",
  "satellite": 18,
  "flux": 0.0000011521001397341024,
  "observed_flux": 0.000001169192728411872,
  "electron_correction": 1.709251762349595E-8,
  "electron_contaminaton": false,
  "energy": "0.1-0.8nm"
}
