{
  "time_tag": "2026-01-13T17:20:00Z",
  "satellite": 18,
  "flux": 0.000001057451413544186,
  "observed_flux": 0.000001116627458941366,
  "electron_correction": 5.9176066713462205E-8,
  "electron_contaminaton": false,
  "energy": "0.1-0.8nm"
}
