{
  "time_tag": "2026-06-29T20:20:00Z",
  "satellite": 18,
  "flux": 0.0000022449703465099446,
  "observed_flux": 0.0000022777201138524106,
  "electron_correction": 3.27499733998593E-8,
  "electron_contaminaton": false,
  "energy": "0.1-0.8nm"
}
