{
  "time_tag": "2026-06-24T08:58:00Z",
  "satellite": 18,
  "flux": 0.000001286985821025155,
  "observed_flux": 0.0000012869865031461813,
  "electron_correction": 7.585908897572713E-13,
  "electron_contaminaton": false,
  "energy": "0.1-0.8nm"
}
