{
  "time_tag": "2026-02-12T20:04:00Z",
  "satellite": 18,
  "flux": 5.771441351498652E-7,
  "observed_flux": 6.169743755890522E-7,
  "electron_correction": 3.983023333375968E-8,
  "electron_contaminaton": false,
  "energy": "0.1-0.8nm"
}
