{
  "time_tag": "2026-05-27T03:42:00Z",
  "satellite": 18,
  "flux": 8.146082564053359E-7,
  "observed_flux": 8.206592951864877E-7,
  "electron_correction": 6.0510343402597755E-9,
  "electron_contaminaton": false,
  "energy": "0.1-0.8nm"
}
