{
  "time_tag": "2026-02-04T09:00:00Z",
  "satellite": 18,
  "flux": 0.000003801097363975714,
  "observed_flux": 0.0000038037323975004256,
  "electron_correction": 2.634986895344582E-9,
  "electron_contaminaton": false,
  "energy": "0.1-0.8nm"
}
