{
    "time_tag": "2026-06-07T10:12:00Z",
    "satellite": 18,
    "flux": 9.92357854556758e-07,
    "observed_flux": 1.0150215530302376e-06,
    "electron_correction": 2.2663778409537372e-08,
    "electron_contaminaton": false,
    "energy": "0.1-0.8nm"
}