{
    "time_tag": "2026-06-12T13:44:00Z",
    "satellite": 18,
    "flux": 5.615614213638764e-07,
    "observed_flux": 5.740869823966932e-07,
    "electron_correction": 1.2525564585530446e-08,
    "electron_contaminaton": false,
    "energy": "0.1-0.8nm"
}