{
    "time_tag": "2026-06-13T04:57:00Z",
    "satellite": 18,
    "flux": 5.401601015364577e-07,
    "observed_flux": 5.601702923740959e-07,
    "electron_correction": 2.0010144652360395e-08,
    "electron_contaminaton": false,
    "energy": "0.1-0.8nm"
}