{
  "time_tag": "2026-02-13T03:36:00Z",
  "satellite": 18,
  "flux": 4.319168738220469E-7,
  "observed_flux": 4.445441561529151E-7,
  "electron_correction": 1.262726190276453E-8,
  "electron_contaminaton": false,
  "energy": "0.1-0.8nm"
}
