{
  "time_tag": "2026-02-18T20:43:00Z",
  "satellite": 18,
  "flux": 0.0000022163778794492828,
  "observed_flux": 0.000002284264610352693,
  "electron_correction": 6.788671669255564E-8,
  "electron_contaminaton": false,
  "energy": "0.1-0.8nm"
}
