{
    "time_tag": "2026-05-27T05:01:00Z",
    "satellite": 18,
    "flux": 7.999817057680048e-07,
    "observed_flux": 8.048154427342524e-07,
    "electron_correction": 4.833753397548435e-09,
    "electron_contaminaton": false,
    "energy": "0.1-0.8nm"
}