{
  "time_tag": "2026-03-28T15:54:00Z",
  "satellite": 18,
  "flux": 0.0000023087084173312178,
  "observed_flux": 0.0000023214038264995907,
  "electron_correction": 1.2695490880787474E-8,
  "electron_contaminaton": false,
  "energy": "0.1-0.8nm"
}
