{
  "time_tag": "2026-04-20T15:06:00Z",
  "satellite": 18,
  "flux": 0.000001138714765147597,
  "observed_flux": 0.0000011466923979241983,
  "electron_correction": 7.977620342103364E-9,
  "electron_contaminaton": false,
  "energy": "0.1-0.8nm"
}
