{
  "time_tag": "2025-12-20T22:16:00Z",
  "satellite": 18,
  "flux": 7.043105370030389E-7,
  "observed_flux": 7.427780133184569E-7,
  "electron_correction": 3.846746920999067E-8,
  "electron_contaminaton": false,
  "energy": "0.1-0.8nm"
}
