{
  "time_tag": "2026-07-02T05:05:00Z",
  "satellite": 18,
  "flux": 0.000005987169060972519,
  "observed_flux": 0.000005994916136842221,
  "electron_correction": 7.747075869701803E-9,
  "electron_contaminaton": false,
  "energy": "0.1-0.8nm"
}
