{
  "time_tag": "2026-02-23T13:06:00Z",
  "satellite": 18,
  "flux": 3.251886369071144E-7,
  "observed_flux": 3.5597281566879246E-7,
  "electron_correction": 3.0784160998109655E-8,
  "electron_contaminaton": false,
  "energy": "0.1-0.8nm"
}
