{
  "time_tag": "2026-02-21T08:22:00Z",
  "satellite": 18,
  "flux": 3.175343863404123E-7,
  "observed_flux": 3.196763600499253E-7,
  "electron_correction": 2.1419765960928316E-9,
  "electron_contaminaton": false,
  "energy": "0.1-0.8nm"
}
