{
  "time_tag": "2026-05-11T14:34:00Z",
  "satellite": 18,
  "flux": 6.638647391810082E-7,
  "observed_flux": 6.742959612893173E-7,
  "electron_correction": 1.0431235430985453E-8,
  "electron_contaminaton": false,
  "energy": "0.1-0.8nm"
}
