{
  "time_tag": "2026-03-18T22:06:00Z",
  "satellite": 18,
  "flux": 3.355854687470128E-7,
  "observed_flux": 3.6335427466838155E-7,
  "electron_correction": 2.7768818355866642E-8,
  "electron_contaminaton": false,
  "energy": "0.1-0.8nm"
}
