{
  "time_tag": "2026-03-07T23:48:00Z",
  "satellite": 18,
  "flux": 5.592914362750889E-7,
  "observed_flux": 5.923564572185569E-7,
  "electron_correction": 3.306503160160901E-8,
  "electron_contaminaton": false,
  "energy": "0.1-0.8nm"
}
