{
  "time_tag": "2026-01-10T01:47:00Z",
  "satellite": 18,
  "flux": 4.931132480123779E-7,
  "observed_flux": 5.060269927525951E-7,
  "electron_correction": 1.2913774050105076E-8,
  "electron_contaminaton": false,
  "energy": "0.1-0.8nm"
}
