{
    "time_tag": "2026-05-15T12:49:00Z",
    "satellite": 18,
    "flux": 4.4187376602167205e-07,
    "observed_flux": 4.4468319515544863e-07,
    "electron_correction": 2.8094189197247488e-09,
    "electron_contaminaton": false,
    "energy": "0.1-0.8nm"
}