{
    "time_tag": "2026-06-04T08:36:00Z",
    "satellite": 18,
    "flux": 1.3144892818672815e-06,
    "observed_flux": 1.3171414821044891e-06,
    "electron_correction": 2.6522000151629754e-09,
    "electron_contaminaton": false,
    "energy": "0.1-0.8nm"
}