{
  "time_tag": "2026-01-19T20:19:00Z",
  "satellite": 18,
  "flux": 0.000005000892542739166,
  "observed_flux": 0.000005004422291676747,
  "electron_correction": 3.5296332523415686E-9,
  "electron_contaminaton": false,
  "energy": "0.1-0.8nm"
}
