{
  "time_tag": "2025-12-22T04:25:00Z",
  "satellite": 18,
  "flux": 0.00000124574785331788,
  "observed_flux": 0.000001269177914764441,
  "electron_correction": 2.3430077433772567E-8,
  "electron_contaminaton": false,
  "energy": "0.1-0.8nm"
}
