{
    "time_tag": "2026-05-29T23:39:00Z",
    "satellite": 18,
    "flux": 6.936102181498427e-07,
    "observed_flux": 7.15762325853575e-07,
    "electron_correction": 2.2152139678155436e-08,
    "electron_contaminaton": false,
    "energy": "0.1-0.8nm"
}