{
  "time_tag": "2026-04-24T16:05:00Z",
  "satellite": 18,
  "flux": 0.0000033079238619393436,
  "observed_flux": 0.0000033463088584539946,
  "electron_correction": 3.838480111539866E-8,
  "electron_contaminaton": false,
  "energy": "0.1-0.8nm"
}
