{
  "time_tag": "2026-02-28T17:47:00Z",
  "satellite": 18,
  "flux": 0.0000015584823813696858,
  "observed_flux": 0.0000016082453839771915,
  "electron_correction": 4.976302037107416E-8,
  "electron_contaminaton": false,
  "energy": "0.1-0.8nm"
}
