{
    "time_tag": "2026-05-07T16:47:00Z",
    "satellite": 18,
    "flux": 4.861363777308725e-06,
    "observed_flux": 4.9029081310436595e-06,
    "electron_correction": 4.154460242489222e-08,
    "electron_contaminaton": false,
    "energy": "0.1-0.8nm"
}