{
    "time_tag": "2026-04-25T20:03:00Z",
    "satellite": 18,
    "flux": 1.6364266457458143e-06,
    "observed_flux": 1.6524599004696938e-06,
    "electron_correction": 1.603324761845215e-08,
    "electron_contaminaton": false,
    "energy": "0.1-0.8nm"
}