{
  "time_tag": "2026-03-06T18:15:00Z",
  "satellite": 18,
  "flux": 6.228023607945943E-7,
  "observed_flux": 6.377777026500553E-7,
  "electron_correction": 1.4975334750033653E-8,
  "electron_contaminaton": false,
  "energy": "0.1-0.8nm"
}
