{
  "time_tag": "2026-04-25T21:15:00Z",
  "satellite": 18,
  "flux": 0.0000016308055137415067,
  "observed_flux": 0.0000016410801890742732,
  "electron_correction": 1.027468243819385E-8,
  "electron_contaminaton": false,
  "energy": "0.1-0.8nm"
}
