{
    "time_tag": "2026-05-09T19:50:00Z",
    "satellite": 18,
    "flux": 1.1223161209272803e-06,
    "observed_flux": 1.1475801784399664e-06,
    "electron_correction": 2.5264053959972443e-08,
    "electron_contaminaton": false,
    "energy": "0.1-0.8nm"
}