{
    "time_tag": "2026-05-03T01:53:00Z",
    "satellite": 18,
    "flux": 1.0746435918917996e-06,
    "observed_flux": 1.100180725188693e-06,
    "electron_correction": 2.553705158447883e-08,
    "electron_contaminaton": false,
    "energy": "0.1-0.8nm"
}