{
    "time_tag": "2026-06-16T19:21:00Z",
    "satellite": 18,
    "flux": 4.49897669341226e-07,
    "observed_flux": 4.862570790464815e-07,
    "electron_correction": 3.6359420363396566e-08,
    "electron_contaminaton": false,
    "energy": "0.1-0.8nm"
}