{
    "time_tag": "2026-04-27T15:39:00Z",
    "satellite": 18,
    "flux": 6.802514462833642e-07,
    "observed_flux": 6.887026984259137e-07,
    "electron_correction": 8.451282340615762e-09,
    "electron_contaminaton": false,
    "energy": "0.1-0.8nm"
}