{
    "time_tag": "2026-06-18T00:51:00Z",
    "satellite": 18,
    "flux": 3.961698666898883e-07,
    "observed_flux": 4.098743318081688e-07,
    "electron_correction": 1.3704460677388397e-08,
    "electron_contaminaton": false,
    "energy": "0.1-0.8nm"
}