{
  "time_tag": "2026-05-11T07:33:00Z",
  "satellite": 18,
  "flux": 5.734224259867915E-7,
  "observed_flux": 5.818040449412365E-7,
  "electron_correction": 8.381650928868112E-9,
  "electron_contaminaton": false,
  "energy": "0.1-0.8nm"
}
