{
    "time_tag": "2026-05-01T23:05:00Z",
    "satellite": 18,
    "flux": 9.886487077892525e-07,
    "observed_flux": 1.0452658898429945e-06,
    "electron_correction": 5.661720337002407e-08,
    "electron_contaminaton": false,
    "energy": "0.1-0.8nm"
}