{
  "time_tag": "2026-01-22T03:48:00Z",
  "satellite": 18,
  "flux": 0.000001918652969834511,
  "observed_flux": 0.000001991443014048855,
  "electron_correction": 7.278995894921536E-8,
  "electron_contaminaton": false,
  "energy": "0.1-0.8nm"
}
