{
  "time_tag": "2026-03-15T16:43:00Z",
  "satellite": 18,
  "flux": 7.221283340186346E-7,
  "observed_flux": 7.93008098298742E-7,
  "electron_correction": 7.087978559638941E-8,
  "electron_contaminaton": false,
  "energy": "0.1-0.8nm"
}
