{
    "time_tag": "2026-05-01T03:10:00Z",
    "satellite": 18,
    "flux": 8.811815632725484e-07,
    "observed_flux": 8.848050470078306e-07,
    "electron_correction": 3.6235237033110934e-09,
    "electron_contaminaton": false,
    "energy": "0.1-0.8nm"
}