{
    "time_tag": "2026-06-14T21:36:00Z",
    "satellite": 18,
    "flux": 5.324945391294023e-07,
    "observed_flux": 5.824056188430404e-07,
    "electron_correction": 4.9911044186501385e-08,
    "electron_contaminaton": false,
    "energy": "0.1-0.8nm"
}