{
  "time_tag": "2026-05-17T22:29:00Z",
  "satellite": 18,
  "flux": 7.176420808718831E-7,
  "observed_flux": 7.847725100873504E-7,
  "electron_correction": 6.713045053174937E-8,
  "electron_contaminaton": false,
  "energy": "0.1-0.8nm"
}
