{
  "time_tag": "2026-06-09T20:44:00Z",
  "satellite": 18,
  "flux": 9.509697065368528E-7,
  "observed_flux": 9.889109833238763E-7,
  "electron_correction": 3.7941280339737204E-8,
  "electron_contaminaton": false,
  "energy": "0.1-0.8nm"
}
