{
    "time_tag": "2026-05-03T11:22:00Z",
    "satellite": 18,
    "flux": 9.08695994894515e-07,
    "observed_flux": 9.271601015825581e-07,
    "electron_correction": 1.846414576789357e-08,
    "electron_contaminaton": false,
    "energy": "0.1-0.8nm"
}