{
  "time_tag": "2026-02-13T11:08:00Z",
  "satellite": 18,
  "flux": 8.278267955574847E-7,
  "observed_flux": 8.391210712943575E-7,
  "electron_correction": 1.1294308599474334E-8,
  "electron_contaminaton": false,
  "energy": "0.1-0.8nm"
}
