{
  "time_tag": "2026-03-15T15:53:00Z",
  "satellite": 18,
  "flux": 5.326437531039119E-7,
  "observed_flux": 5.971731411591463E-7,
  "electron_correction": 6.452938805523445E-8,
  "electron_contaminaton": false,
  "energy": "0.1-0.8nm"
}
