{
  "time_tag": "2025-12-12T12:21:00Z",
  "satellite": 18,
  "flux": 0.0000012230126458234736,
  "observed_flux": 0.0000012289536925891298,
  "electron_correction": 5.941111602680849E-9,
  "electron_contaminaton": false,
  "energy": "0.1-0.8nm"
}
