{
  "time_tag": "2026-03-11T21:42:00Z",
  "satellite": 18,
  "flux": 5.970260303911346E-7,
  "observed_flux": 6.508620913336927E-7,
  "electron_correction": 5.383611068054961E-8,
  "electron_contaminaton": false,
  "energy": "0.1-0.8nm"
}
