{
  "time_tag": "2026-01-18T00:42:00Z",
  "satellite": 18,
  "flux": 0.0000013669051668330212,
  "observed_flux": 0.0000014314152849692618,
  "electron_correction": 6.451011103081328E-8,
  "electron_contaminaton": false,
  "energy": "0.1-0.8nm"
}
