{
  "time_tag": "2026-03-04T13:23:00Z",
  "satellite": 18,
  "flux": 5.8175197636956E-7,
  "observed_flux": 5.934107889515872E-7,
  "electron_correction": 1.165883389830924E-8,
  "electron_contaminaton": false,
  "energy": "0.1-0.8nm"
}
