{
    "time_tag": "2026-06-29T18:52:00Z",
    "satellite": 18,
    "flux": 2.320383146070526e-06,
    "observed_flux": 2.351452849325142e-06,
    "electron_correction": 3.106961443677392e-08,
    "electron_contaminaton": false,
    "energy": "0.1-0.8nm"
}