{
    "time_tag": "2026-05-01T04:35:00Z",
    "satellite": 18,
    "flux": 9.525296604806499e-07,
    "observed_flux": 9.644408009990002e-07,
    "electron_correction": 1.1911149400134491e-08,
    "electron_contaminaton": false,
    "energy": "0.1-0.8nm"
}