{
    "time_tag": "2026-06-23T21:59:00Z",
    "satellite": 18,
    "flux": 1.595589878888859e-06,
    "observed_flux": 1.5976564782249625e-06,
    "electron_correction": 2.0665780198214634e-09,
    "electron_contaminaton": false,
    "energy": "0.1-0.8nm"
}