{
    "time_tag": "2026-06-20T02:49:00Z",
    "satellite": 18,
    "flux": 8.45322574605234e-07,
    "observed_flux": 8.52175617183093e-07,
    "electron_correction": 6.853035472431657e-09,
    "electron_contaminaton": false,
    "energy": "0.1-0.8nm"
}