{
  "time_tag": "2026-03-01T23:21:00Z",
  "satellite": 18,
  "flux": 9.59334442995896E-7,
  "observed_flux": 0.000001007166929412051,
  "electron_correction": 4.783253970686019E-8,
  "electron_contaminaton": false,
  "energy": "0.1-0.8nm"
}
