{
    "time_tag": "2026-05-25T06:49:00Z",
    "satellite": 18,
    "flux": 1.5770053778396687e-06,
    "observed_flux": 1.578444766892062e-06,
    "electron_correction": 1.4394566649755802e-09,
    "electron_contaminaton": false,
    "energy": "0.1-0.8nm"
}