{
  "time_tag": "2026-03-28T18:25:00Z",
  "satellite": 18,
  "flux": 0.0000013614469480671687,
  "observed_flux": 0.0000013989991884955089,
  "electron_correction": 3.755226529733591E-8,
  "electron_contaminaton": false,
  "energy": "0.1-0.8nm"
}
