{
  "time_tag": "2026-05-16T02:57:00Z",
  "satellite": 18,
  "flux": 3.449421228651772E-7,
  "observed_flux": 3.5508847417986544E-7,
  "electron_correction": 1.014634332108244E-8,
  "electron_contaminaton": false,
  "energy": "0.1-0.8nm"
}
