{
  "time_tag": "2026-03-28T16:44:00Z",
  "satellite": 18,
  "flux": 0.0000016000184359654668,
  "observed_flux": 0.0000016326866898452863,
  "electron_correction": 3.26682254581101E-8,
  "electron_contaminaton": false,
  "energy": "0.1-0.8nm"
}
