{
  "time_tag": "2026-06-06T03:40:00Z",
  "satellite": 18,
  "flux": 9.47402782003337E-7,
  "observed_flux": 9.742029760673176E-7,
  "electron_correction": 2.68001851821964E-8,
  "electron_contaminaton": false,
  "energy": "0.1-0.8nm"
}
