{
  "time_tag": "2026-04-21T07:11:00Z",
  "satellite": 18,
  "flux": 0.0000016139691751959617,
  "observed_flux": 0.0000016362306496375822,
  "electron_correction": 2.2261437138126894E-8,
  "electron_contaminaton": false,
  "energy": "0.1-0.8nm"
}
