{
  "time_tag": "2026-03-04T20:56:00Z",
  "satellite": 18,
  "flux": 5.402261535891739E-7,
  "observed_flux": 5.837224534843699E-7,
  "electron_correction": 4.349626792077288E-8,
  "electron_contaminaton": false,
  "energy": "0.1-0.8nm"
}
