{
  "time_tag": "2026-03-02T12:51:00Z",
  "satellite": 18,
  "flux": 0.0000015973744211805752,
  "observed_flux": 0.000001610507183613663,
  "electron_correction": 1.3132773979407375E-8,
  "electron_contaminaton": false,
  "energy": "0.1-0.8nm"
}
