{
  "time_tag": "2026-04-29T05:32:00Z",
  "satellite": 18,
  "flux": 0.000001141100142376672,
  "observed_flux": 0.00000114524027594598,
  "electron_correction": 4.140200626778778E-9,
  "electron_contaminaton": false,
  "energy": "0.1-0.8nm"
}
