{
    "time_tag": "2026-05-24T21:47:00Z",
    "satellite": 18,
    "flux": 8.347840889655345e-07,
    "observed_flux": 8.479171356157167e-07,
    "electron_correction": 1.3133058196501679e-08,
    "electron_contaminaton": false,
    "energy": "0.1-0.8nm"
}