{
    "time_tag": "2026-05-24T20:12:00Z",
    "satellite": 18,
    "flux": 8.107596727313648e-07,
    "observed_flux": 8.29495320431306e-07,
    "electron_correction": 1.8735660134439058e-08,
    "electron_contaminaton": false,
    "energy": "0.1-0.8nm"
}