{
    "time_tag": "2026-05-21T12:33:00Z",
    "satellite": 18,
    "flux": 5.799456630484201e-07,
    "observed_flux": 6.018946123731439e-07,
    "electron_correction": 2.194894399565328e-08,
    "electron_contaminaton": false,
    "energy": "0.1-0.8nm"
}