{
  "time_tag": "2026-04-21T23:09:00Z",
  "satellite": 18,
  "flux": 5.003058731745114E-7,
  "observed_flux": 5.579686899181979E-7,
  "electron_correction": 5.7662834507254956E-8,
  "electron_contaminaton": false,
  "energy": "0.1-0.8nm"
}
