{
    "time_tag": "2026-04-23T19:43:00Z",
    "satellite": 18,
    "flux": 1.769586901900766e-06,
    "observed_flux": 1.8120164213542012e-06,
    "electron_correction": 4.242947682087106e-08,
    "electron_contaminaton": false,
    "energy": "0.1-0.8nm"
}