{
  "time_tag": "2026-03-23T03:40:00Z",
  "satellite": 18,
  "flux": 8.127856290229829E-7,
  "observed_flux": 8.668096711517137E-7,
  "electron_correction": 5.402405989229919E-8,
  "electron_contaminaton": false,
  "energy": "0.1-0.8nm"
}
