{
    "time_tag": "2026-05-23T12:57:00Z",
    "satellite": 18,
    "flux": 1.010677010526706e-06,
    "observed_flux": 1.0291080343449721e-06,
    "electron_correction": 1.8430981185701967e-08,
    "electron_contaminaton": false,
    "energy": "0.1-0.8nm"
}