{
  "time_tag": "2026-03-14T17:24:00Z",
  "satellite": 18,
  "flux": 8.908149879971461E-7,
  "observed_flux": 9.3988450089455E-7,
  "electron_correction": 4.906949513383552E-8,
  "electron_contaminaton": false,
  "energy": "0.1-0.8nm"
}
