{
  "time_tag": "2026-06-29T12:14:00Z",
  "satellite": 18,
  "flux": 0.0000018828320662578335,
  "observed_flux": 0.0000019057354165852303,
  "electron_correction": 2.2903289931264226E-8,
  "electron_contaminaton": false,
  "energy": "0.1-0.8nm"
}
