{
    "time_tag": "2026-05-08T09:12:00Z",
    "satellite": 18,
    "flux": 8.054626619014016e-07,
    "observed_flux": 8.078010296230786e-07,
    "electron_correction": 2.3383999181447734e-09,
    "electron_contaminaton": false,
    "energy": "0.1-0.8nm"
}