{
  "time_tag": "2026-03-18T21:26:00Z",
  "satellite": 18,
  "flux": 4.735682637146965E-7,
  "observed_flux": 5.020871753913525E-7,
  "electron_correction": 2.8518899242158113E-8,
  "electron_contaminaton": false,
  "energy": "0.1-0.8nm"
}
