{
  "time_tag": "2026-03-06T11:07:00Z",
  "satellite": 18,
  "flux": 6.502662586171937E-7,
  "observed_flux": 6.506531349259603E-7,
  "electron_correction": 3.8688485748394896E-10,
  "electron_contaminaton": false,
  "energy": "0.1-0.8nm"
}
