{
  "time_tag": "2026-01-07T09:20:00Z",
  "satellite": 18,
  "flux": 8.935538744481164E-7,
  "observed_flux": 9.100619990931591E-7,
  "electron_correction": 1.6508129974113217E-8,
  "electron_contaminaton": false,
  "energy": "0.1-0.8nm"
}
