{
  "time_tag": "2026-03-29T11:39:00Z",
  "satellite": 18,
  "flux": 9.300589454142028E-7,
  "observed_flux": 9.447614957025507E-7,
  "electron_correction": 1.4702534301136438E-8,
  "electron_contaminaton": false,
  "energy": "0.1-0.8nm"
}
