{
  "time_tag": "2026-01-25T11:18:00Z",
  "satellite": 18,
  "flux": 0.0000023528516521764686,
  "observed_flux": 0.0000023571669771627057,
  "electron_correction": 4.315264590104562E-9,
  "electron_contaminaton": false,
  "energy": "0.1-0.8nm"
}
