{
  "time_tag": "2026-03-21T05:18:00Z",
  "satellite": 18,
  "flux": 3.6947022863387247E-7,
  "observed_flux": 3.7568412381006056E-7,
  "electron_correction": 6.213894288009669E-9,
  "electron_contaminaton": false,
  "energy": "0.1-0.8nm"
}
