{
    "time_tag": "2026-05-04T11:50:00Z",
    "satellite": 18,
    "flux": 1.1246331723668845e-06,
    "observed_flux": 1.127704422287934e-06,
    "electron_correction": 3.0712521414955063e-09,
    "electron_contaminaton": false,
    "energy": "0.1-0.8nm"
}