{
  "time_tag": "2026-05-03T10:04:00Z",
  "satellite": 18,
  "flux": 0.000001001374471343297,
  "observed_flux": 0.0000010167996151722036,
  "electron_correction": 1.5425202448682285E-8,
  "electron_contaminaton": false,
  "energy": "0.1-0.8nm"
}
