{
  "time_tag": "2026-01-23T12:19:00Z",
  "satellite": 18,
  "flux": 0.0000013670353382622125,
  "observed_flux": 0.000001373607233290386,
  "electron_correction": 6.571905686314494E-9,
  "electron_contaminaton": false,
  "energy": "0.1-0.8nm"
}
