{
  "time_tag": "2026-03-20T17:13:00Z",
  "satellite": 18,
  "flux": 3.161028985232406E-7,
  "observed_flux": 3.2005556249714573E-7,
  "electron_correction": 3.952669747064874E-9,
  "electron_contaminaton": false,
  "energy": "0.1-0.8nm"
}
