{
  "time_tag": "2026-04-23T23:29:00Z",
  "satellite": 18,
  "flux": 0.0000015720455621703877,
  "observed_flux": 0.0000016122019133035792,
  "electron_correction": 4.0156429292892426E-8,
  "electron_contaminaton": false,
  "energy": "0.1-0.8nm"
}
