{
  "time_tag": "2026-03-19T23:11:00Z",
  "satellite": 18,
  "flux": 2.601911432975612E-7,
  "observed_flux": 2.7966601123807777E-7,
  "electron_correction": 1.947486794051656E-8,
  "electron_contaminaton": false,
  "energy": "0.1-0.8nm"
}
