{
  "time_tag": "2026-02-09T06:45:00Z",
  "satellite": 18,
  "flux": 0.000003093435680057155,
  "observed_flux": 0.0000031065301300259307,
  "electron_correction": 1.3094337170116432E-8,
  "electron_contaminaton": false,
  "energy": "0.1-0.8nm"
}
