{
  "time_tag": "2026-03-16T12:27:00Z",
  "satellite": 18,
  "flux": 0.00000904880744201364,
  "observed_flux": 0.000009091435458685737,
  "electron_correction": 4.262801311938347E-8,
  "electron_contaminaton": false,
  "energy": "0.1-0.8nm"
}
