{
  "time_tag": "2026-03-05T00:21:00Z",
  "satellite": 18,
  "flux": 5.708640742341231E-7,
  "observed_flux": 5.953756954113487E-7,
  "electron_correction": 2.4511621177225607E-8,
  "electron_contaminaton": false,
  "energy": "0.1-0.8nm"
}
