{
    "time_tag": "2026-06-04T02:30:00Z",
    "satellite": 18,
    "flux": 1.0059604846901493e-06,
    "observed_flux": 1.0131556109627127e-06,
    "electron_correction": 7.195159135164886e-09,
    "electron_contaminaton": false,
    "energy": "0.1-0.8nm"
}