{
  "time_tag": "2026-01-21T13:28:00Z",
  "satellite": 18,
  "flux": 0.0000012480530813263613,
  "observed_flux": 0.0000013087703791825334,
  "electron_correction": 6.071726232903529E-8,
  "electron_contaminaton": false,
  "energy": "0.1-0.8nm"
}
