{
  "time_tag": "2025-12-09T15:23:00Z",
  "satellite": 18,
  "flux": 0.000007327891580644064,
  "observed_flux": 0.0000073496171353326645,
  "electron_correction": 2.1725753640566836E-8,
  "electron_contaminaton": false,
  "energy": "0.1-0.8nm"
}
