{
  "time_tag": "2026-03-20T11:42:00Z",
  "satellite": 18,
  "flux": 4.3903514779231045E-7,
  "observed_flux": 4.3904103108616255E-7,
  "electron_correction": 5.88859299863187E-12,
  "electron_contaminaton": false,
  "energy": "0.1-0.8nm"
}
