{
    "time_tag": "2026-05-18T10:36:00Z",
    "satellite": 18,
    "flux": 3.5698528222383175e-07,
    "observed_flux": 3.7478875469787454e-07,
    "electron_correction": 1.780347957947015e-08,
    "electron_contaminaton": false,
    "energy": "0.1-0.8nm"
}