{
    "time_tag": "2026-05-29T10:38:00Z",
    "satellite": 19,
    "flux": 7.412139666485018e-07,
    "observed_flux": 7.577020255666866e-07,
    "electron_correction": 1.648810332710582e-08,
    "electron_contaminaton": false,
    "energy": "0.1-0.8nm"
}