{
  "time_tag": "2025-12-06T05:21:00Z",
  "satellite": 18,
  "flux": 0.0000013701071566174505,
  "observed_flux": 0.0000013827371958541335,
  "electron_correction": 1.2630036572147674E-8,
  "electron_contaminaton": false,
  "energy": "0.1-0.8nm"
}
