{
  "time_tag": "2026-05-19T10:38:00Z",
  "satellite": 18,
  "flux": 4.035748020214669E-7,
  "observed_flux": 4.1850773868645774E-7,
  "electron_correction": 1.4932922454136133E-8,
  "electron_contaminaton": false,
  "energy": "0.1-0.8nm"
}
