{
    "time_tag": "2026-06-16T07:34:00Z",
    "satellite": 18,
    "flux": 4.889690785603307e-07,
    "observed_flux": 5.106251705910836e-07,
    "electron_correction": 2.16561364396739e-08,
    "electron_contaminaton": false,
    "energy": "0.1-0.8nm"
}