{
    "time_tag": "2026-04-26T08:09:00Z",
    "satellite": 18,
    "flux": 1.3891860817238921e-06,
    "observed_flux": 1.38986081310577e-06,
    "electron_correction": 6.747943315232874e-10,
    "electron_contaminaton": false,
    "energy": "0.1-0.8nm"
}