{
  "time_tag": "2026-04-26T18:26:00Z",
  "satellite": 18,
  "flux": 0.00000328030000673607,
  "observed_flux": 0.0000033053179322450887,
  "electron_correction": 2.5017925509018824E-8,
  "electron_contaminaton": false,
  "energy": "0.1-0.8nm"
}
