{
  "time_tag": "2026-02-06T14:46:00Z",
  "satellite": 18,
  "flux": 0.000001669994048825174,
  "observed_flux": 0.000001696866434031108,
  "electron_correction": 2.6872330138871803E-8,
  "electron_contaminaton": false,
  "energy": "0.1-0.8nm"
}
