{
  "time_tag": "2026-01-01T15:18:00Z",
  "satellite": 18,
  "flux": 0.000001351806986349402,
  "observed_flux": 0.0000013800495253235567,
  "electron_correction": 2.824251588151583E-8,
  "electron_contaminaton": false,
  "energy": "0.1-0.8nm"
}
