{
  "time_tag": "2026-02-08T02:57:00Z",
  "satellite": 18,
  "flux": 0.0000019905482986359857,
  "observed_flux": 0.000002030845962508465,
  "electron_correction": 4.029766742519314E-8,
  "electron_contaminaton": false,
  "energy": "0.1-0.8nm"
}
