{
  "time_tag": "2026-02-26T13:29:00Z",
  "satellite": 18,
  "flux": 7.760755806884845E-7,
  "observed_flux": 8.012144121494202E-7,
  "electron_correction": 2.5138801262869492E-8,
  "electron_contaminaton": false,
  "energy": "0.1-0.8nm"
}
