{
  "time_tag": "2026-05-01T17:44:00Z",
  "satellite": 18,
  "flux": 9.801270834941533E-7,
  "observed_flux": 0.0000010288554221915547,
  "electron_correction": 4.872843462067067E-8,
  "electron_contaminaton": false,
  "energy": "0.1-0.8nm"
}
