{
  "time_tag": "2026-02-22T10:52:00Z",
  "satellite": 18,
  "flux": 2.982355056246888E-7,
  "observed_flux": 3.010008242654294E-7,
  "electron_correction": 2.765310425090206E-9,
  "electron_contaminaton": false,
  "energy": "0.1-0.8nm"
}
