{
    "time_tag": "2026-05-17T18:04:00Z",
    "satellite": 18,
    "flux": 5.563038598666026e-07,
    "observed_flux": 6.335527586998069e-07,
    "electron_correction": 7.724889172777694e-08,
    "electron_contaminaton": false,
    "energy": "0.1-0.8nm"
}