{
    "time_tag": "2026-05-23T11:34:00Z",
    "satellite": 18,
    "flux": 8.180564350368513e-07,
    "observed_flux": 8.35200410165271e-07,
    "electron_correction": 1.7143973352062858e-08,
    "electron_contaminaton": false,
    "energy": "0.1-0.8nm"
}