{
    "time_tag": "2026-05-08T21:56:00Z",
    "satellite": 18,
    "flux": 6.580981448678358e-07,
    "observed_flux": 6.948604323042673e-07,
    "electron_correction": 3.6762266120149434e-08,
    "electron_contaminaton": false,
    "energy": "0.1-0.8nm"
}