{
  "time_tag": "2026-06-02T16:48:00Z",
  "satellite": 18,
  "flux": 0.00003172831202391535,
  "observed_flux": 0.00003176852987962775,
  "electron_correction": 4.0218512964429465E-8,
  "electron_contaminaton": false,
  "energy": "0.1-0.8nm"
}
