{
  "time_tag": "2026-03-07T06:23:00Z",
  "satellite": 18,
  "flux": 6.108896855039347E-7,
  "observed_flux": 6.120627631389652E-7,
  "electron_correction": 1.1731217108845726E-9,
  "electron_contaminaton": false,
  "energy": "0.1-0.8nm"
}
