{
    "time_tag": "2026-04-25T05:24:00Z",
    "satellite": 18,
    "flux": 1.0562566785665695e-06,
    "observed_flux": 1.0586200005491264e-06,
    "electron_correction": 2.3632740209222902e-09,
    "electron_contaminaton": false,
    "energy": "0.1-0.8nm"
}