{
  "time_tag": "2026-03-18T14:10:00Z",
  "satellite": 18,
  "flux": 6.349164323182777E-7,
  "observed_flux": 6.489646580121189E-7,
  "electron_correction": 1.4048267438226958E-8,
  "electron_contaminaton": false,
  "energy": "0.1-0.8nm"
}
