{
    "time_tag": "2026-04-24T18:08:00Z",
    "satellite": 18,
    "flux": 4.3951207771897316e-05,
    "observed_flux": 4.398940654937178e-05,
    "electron_correction": 3.820022342893026e-08,
    "electron_contaminaton": false,
    "energy": "0.1-0.8nm"
}