{
    "time_tag": "2026-06-12T05:20:00Z",
    "satellite": 18,
    "flux": 6.856050731585128e-07,
    "observed_flux": 6.916488928254694e-07,
    "electron_correction": 6.043828992829958e-09,
    "electron_contaminaton": false,
    "energy": "0.1-0.8nm"
}