{
  "time_tag": "2026-05-01T19:23:00Z",
  "satellite": 18,
  "flux": 9.662575166657916E-7,
  "observed_flux": 0.0000010213411769655067,
  "electron_correction": 5.508369227413823E-8,
  "electron_contaminaton": false,
  "energy": "0.1-0.8nm"
}
