{
  "time_tag": "2026-03-13T08:17:00Z",
  "satellite": 18,
  "flux": 0.0000017623403891775524,
  "observed_flux": 0.0000017647990944169578,
  "electron_correction": 2.458657055726121E-9,
  "electron_contaminaton": false,
  "energy": "0.1-0.8nm"
}
