{
  "time_tag": "2026-03-09T13:27:00Z",
  "satellite": 18,
  "flux": 0.0000013050594134256244,
  "observed_flux": 0.0000013372124385568895,
  "electron_correction": 3.215303934211988E-8,
  "electron_contaminaton": false,
  "energy": "0.1-0.8nm"
}
