{
  "time_tag": "2026-02-26T14:06:00Z",
  "satellite": 18,
  "flux": 7.877581538195955E-7,
  "observed_flux": 8.150506118909107E-7,
  "electron_correction": 2.7292486493024626E-8,
  "electron_contaminaton": false,
  "energy": "0.1-0.8nm"
}
