{
    "time_tag": "2026-05-06T08:04:00Z",
    "satellite": 18,
    "flux": 5.523157255993283e-07,
    "observed_flux": 5.807929710499593e-07,
    "electron_correction": 2.847726321419941e-08,
    "electron_contaminaton": false,
    "energy": "0.1-0.8nm"
}