{
  "time_tag": "2026-03-03T10:59:00Z",
  "satellite": 18,
  "flux": 6.710851607749646E-7,
  "observed_flux": 6.721772365381184E-7,
  "electron_correction": 1.0920739867970042E-9,
  "electron_contaminaton": false,
  "energy": "0.1-0.8nm"
}
