{
  "time_tag": "2026-02-28T22:01:00Z",
  "satellite": 18,
  "flux": 0.0000020073059658898273,
  "observed_flux": 0.0000020766808574990137,
  "electron_correction": 6.937472818435708E-8,
  "electron_contaminaton": false,
  "energy": "0.1-0.8nm"
}
