{
  "time_tag": "2025-12-12T11:17:00Z",
  "satellite": 18,
  "flux": 0.0000010086156407851377,
  "observed_flux": 0.0000010218109309789725,
  "electron_correction": 1.3195275982980093E-8,
  "electron_contaminaton": false,
  "energy": "0.1-0.8nm"
}
