{
  "time_tag": "2026-02-07T11:00:00Z",
  "satellite": 18,
  "flux": 0.000001973776306840591,
  "observed_flux": 0.0000019979254375357414,
  "electron_correction": 2.414899213931676E-8,
  "electron_contaminaton": false,
  "energy": "0.1-0.8nm"
}
