{
  "time_tag": "2026-03-30T15:07:00Z",
  "satellite": 18,
  "flux": 0.00000194571521205944,
  "observed_flux": 0.0000019540366338333115,
  "electron_correction": 8.321388911269878E-9,
  "electron_contaminaton": false,
  "energy": "0.1-0.8nm"
}
