{
  "time_tag": "2026-02-20T05:46:00Z",
  "satellite": 18,
  "flux": 4.64474226191669E-7,
  "observed_flux": 4.841261898036464E-7,
  "electron_correction": 1.9651963611977408E-8,
  "electron_contaminaton": false,
  "energy": "0.1-0.8nm"
}
