{
  "time_tag": "2026-06-05T13:16:00Z",
  "satellite": 18,
  "flux": 0.0000011880773627126473,
  "observed_flux": 0.000001192231138702482,
  "electron_correction": 4.1537533412849825E-9,
  "electron_contaminaton": false,
  "energy": "0.1-0.8nm"
}
