{
  "time_tag": "2026-03-14T00:20:00Z",
  "satellite": 18,
  "flux": 9.772230669113924E-7,
  "observed_flux": 9.775877742868033E-7,
  "electron_correction": 3.6473049580543204E-10,
  "electron_contaminaton": false,
  "energy": "0.1-0.8nm"
}
