{
    "time_tag": "2026-06-08T10:04:00Z",
    "satellite": 18,
    "flux": 8.433748348579684e-07,
    "observed_flux": 8.574038474762347e-07,
    "electron_correction": 1.4028995742876305e-08,
    "electron_contaminaton": false,
    "energy": "0.1-0.8nm"
}