{
  "time_tag": "2026-04-29T17:59:00Z",
  "satellite": 18,
  "flux": 9.649850198911736E-7,
  "observed_flux": 9.715085980133153E-7,
  "electron_correction": 6.523599882513054E-9,
  "electron_contaminaton": false,
  "energy": "0.1-0.8nm"
}
