{
  "time_tag": "2026-04-24T18:42:00Z",
  "satellite": 18,
  "flux": 0.000014640520930697676,
  "observed_flux": 0.000014683163499285001,
  "electron_correction": 4.264313346880044E-8,
  "electron_contaminaton": false,
  "energy": "0.1-0.8nm"
}
