{
  "time_tag": "2026-02-07T11:33:00Z",
  "satellite": 18,
  "flux": 0.0000016107811688925722,
  "observed_flux": 0.0000016386869674533955,
  "electron_correction": 2.7905789679039117E-8,
  "electron_contaminaton": false,
  "energy": "0.1-0.8nm"
}
