{
  "time_tag": "2026-02-11T18:32:00Z",
  "satellite": 18,
  "flux": 0.000001141310463026457,
  "observed_flux": 0.0000012101934316888219,
  "electron_correction": 6.888295445151016E-8,
  "electron_contaminaton": false,
  "energy": "0.1-0.8nm"
}
