{
  "time_tag": "2026-02-04T07:29:00Z",
  "satellite": 18,
  "flux": 0.0000020326601770648267,
  "observed_flux": 0.0000020374170617287746,
  "electron_correction": 4.75684958090028E-9,
  "electron_contaminaton": false,
  "energy": "0.1-0.8nm"
}
