{
    "time_tag": "2026-05-30T17:33:00Z",
    "satellite": 18,
    "flux": 9.788170700630872e-07,
    "observed_flux": 1.021630623654346e-06,
    "electron_correction": 4.281356069668618e-08,
    "electron_contaminaton": false,
    "energy": "0.1-0.8nm"
}