{
  "time_tag": "2026-03-28T20:40:00Z",
  "satellite": 18,
  "flux": 0.000001478077251704235,
  "observed_flux": 0.000001522206162007933,
  "electron_correction": 4.412897425254414E-8,
  "electron_contaminaton": false,
  "energy": "0.1-0.8nm"
}
