{
  "time_tag": "2026-05-21T22:50:00Z",
  "satellite": 18,
  "flux": 9.573718671163078E-7,
  "observed_flux": 0.0000010097545555254328,
  "electron_correction": 5.238270261997968E-8,
  "electron_contaminaton": false,
  "energy": "0.1-0.8nm"
}
