{
    "time_tag": "2026-06-30T21:51:00Z",
    "satellite": 18,
    "flux": 7.521490715589607e-06,
    "observed_flux": 7.533322786912322e-06,
    "electron_correction": 1.183201092658237e-08,
    "electron_contaminaton": false,
    "energy": "0.1-0.8nm"
}