{
  "time_tag": "2026-04-28T08:33:00Z",
  "satellite": 18,
  "flux": 0.00000257463329944585,
  "observed_flux": 0.0000025793992790568154,
  "electron_correction": 4.766021355351313E-9,
  "electron_contaminaton": false,
  "energy": "0.1-0.8nm"
}
