{
  "time_tag": "2025-12-27T09:17:00Z",
  "satellite": 18,
  "flux": 0.0000018008504412136972,
  "observed_flux": 0.00000181517202690884,
  "electron_correction": 1.4321514640869282E-8,
  "electron_contaminaton": false,
  "energy": "0.1-0.8nm"
}
