{
  "time_tag": "2026-03-18T19:19:00Z",
  "satellite": 18,
  "flux": 3.1705440051155165E-7,
  "observed_flux": 3.472196681286732E-7,
  "electron_correction": 3.016527827526261E-8,
  "electron_contaminaton": false,
  "energy": "0.1-0.8nm"
}
