{
  "time_tag": "2026-07-01T03:41:00Z",
  "satellite": 18,
  "flux": 0.000001803647137421649,
  "observed_flux": 0.0000018119577589459368,
  "electron_correction": 8.310675703171455E-9,
  "electron_contaminaton": false,
  "energy": "0.1-0.8nm"
}
