{
  "time_tag": "2026-03-29T04:59:00Z",
  "satellite": 18,
  "flux": 0.0000014073355032451218,
  "observed_flux": 0.0000014112862345427857,
  "electron_correction": 3.950718863166003E-9,
  "electron_contaminaton": false,
  "energy": "0.1-0.8nm"
}
