{
  "time_tag": "2026-02-07T08:01:00Z",
  "satellite": 18,
  "flux": 0.000001503228645560739,
  "observed_flux": 0.000001552986304886872,
  "electron_correction": 4.975767353698757E-8,
  "electron_contaminaton": false,
  "energy": "0.1-0.8nm"
}
