{
  "time_tag": "2026-03-03T12:45:00Z",
  "satellite": 18,
  "flux": 9.111956842389191E-7,
  "observed_flux": 9.126063673647877E-7,
  "electron_correction": 1.4106533718916126E-9,
  "electron_contaminaton": false,
  "energy": "0.1-0.8nm"
}
