{
  "time_tag": "2026-04-21T13:50:00Z",
  "satellite": 18,
  "flux": 0.0000010762993269963772,
  "observed_flux": 0.0000011110626019217307,
  "electron_correction": 3.4763235845503004E-8,
  "electron_contaminaton": false,
  "energy": "0.1-0.8nm"
}
