{
    "time_tag": "2026-05-06T05:17:00Z",
    "satellite": 18,
    "flux": 6.966548653508653e-07,
    "observed_flux": 7.280090699168795e-07,
    "electron_correction": 3.135419035515952e-08,
    "electron_contaminaton": false,
    "energy": "0.1-0.8nm"
}