{
    "time_tag": "2026-06-03T05:27:00Z",
    "satellite": 18,
    "flux": 1.3508022220776184e-06,
    "observed_flux": 1.3613971532322466e-06,
    "electron_correction": 1.0594872534852584e-08,
    "electron_contaminaton": false,
    "energy": "0.1-0.8nm"
}