{
  "time_tag": "2026-03-12T22:51:00Z",
  "satellite": 18,
  "flux": 0.0000011934362191823311,
  "observed_flux": 0.0000012146829249104485,
  "electron_correction": 2.124672171532893E-8,
  "electron_contaminaton": false,
  "energy": "0.1-0.8nm"
}
