{
  "time_tag": "2026-05-10T23:12:00Z",
  "satellite": 18,
  "flux": 7.600008302688366E-7,
  "observed_flux": 7.794636758262641E-7,
  "electron_correction": 1.9462827793859105E-8,
  "electron_contaminaton": false,
  "energy": "0.1-0.8nm"
}
