{
  "time_tag": "2026-03-13T00:22:00Z",
  "satellite": 18,
  "flux": 0.000001741239884722745,
  "observed_flux": 0.0000017555850035932963,
  "electron_correction": 1.4345119758729652E-8,
  "electron_contaminaton": false,
  "energy": "0.1-0.8nm"
}
