{
  "time_tag": "2026-03-30T18:32:00Z",
  "satellite": 18,
  "flux": 0.000001335140950686764,
  "observed_flux": 0.0000013536146070691757,
  "electron_correction": 1.847365282969804E-8,
  "electron_contaminaton": false,
  "energy": "0.1-0.8nm"
}
