{
  "time_tag": "2026-04-18T11:52:00Z",
  "satellite": 18,
  "flux": 3.533257597609918E-7,
  "observed_flux": 3.712220006946154E-7,
  "electron_correction": 1.7896237380909952E-8,
  "electron_contaminaton": false,
  "energy": "0.1-0.8nm"
}
