{
  "time_tag": "2026-04-28T17:00:00Z",
  "satellite": 18,
  "flux": 0.000002246038093289826,
  "observed_flux": 0.000002255411345686298,
  "electron_correction": 9.373259501899156E-9,
  "electron_contaminaton": false,
  "energy": "0.1-0.8nm"
}
