{
  "time_tag": "2026-06-14T08:43:00Z",
  "satellite": 18,
  "flux": 4.757520457587816E-7,
  "observed_flux": 4.880242840954452E-7,
  "electron_correction": 1.2272242777555675E-8,
  "electron_contaminaton": false,
  "energy": "0.1-0.8nm"
}
