{
  "time_tag": "2026-05-23T18:44:00Z",
  "satellite": 18,
  "flux": 0.0000011753810440495727,
  "observed_flux": 0.0000012060583003403735,
  "electron_correction": 3.067727760708294E-8,
  "electron_contaminaton": false,
  "energy": "0.1-0.8nm"
}
