{
  "time_tag": "2026-03-02T07:55:00Z",
  "satellite": 18,
  "flux": 0.0000010293894092683331,
  "observed_flux": 0.0000010341792631152202,
  "electron_correction": 4.789883156774977E-9,
  "electron_contaminaton": false,
  "energy": "0.1-0.8nm"
}
