{
  "time_tag": "2026-02-27T06:30:00Z",
  "satellite": 18,
  "flux": 8.099794968075003E-7,
  "observed_flux": 8.447327672911342E-7,
  "electron_correction": 3.475328824720236E-8,
  "electron_contaminaton": false,
  "energy": "0.1-0.8nm"
}
