{
  "time_tag": "2025-12-23T10:19:00Z",
  "satellite": 18,
  "flux": 0.0000010426721246403758,
  "observed_flux": 0.0000010569586947895004,
  "electron_correction": 1.4286576366373538E-8,
  "electron_contaminaton": false,
  "energy": "0.1-0.8nm"
}
