{
  "time_tag": "2026-02-22T06:00:00Z",
  "satellite": 18,
  "flux": 3.727892874394456E-7,
  "observed_flux": 3.7308367950572574E-7,
  "electron_correction": 2.9440452853357613E-10,
  "electron_contaminaton": false,
  "energy": "0.1-0.8nm"
}
