{
  "time_tag": "2026-05-19T14:56:00Z",
  "satellite": 18,
  "flux": 4.4435174118007126E-7,
  "observed_flux": 4.7199495156746707E-7,
  "electron_correction": 2.764321394010949E-8,
  "electron_contaminaton": false,
  "energy": "0.1-0.8nm"
}
