{
  "time_tag": "2026-01-18T15:18:00Z",
  "satellite": 18,
  "flux": 0.0000014562771184500889,
  "observed_flux": 0.0000015067059848661302,
  "electron_correction": 5.0428955233883244E-8,
  "electron_contaminaton": false,
  "energy": "0.1-0.8nm"
}
