{
  "time_tag": "2026-04-19T12:26:00Z",
  "satellite": 18,
  "flux": 3.005609983119939E-7,
  "observed_flux": 3.2033753427640477E-7,
  "electron_correction": 1.9776518200842474E-8,
  "electron_contaminaton": false,
  "energy": "0.1-0.8nm"
}
