{
  "time_tag": "2026-02-14T13:28:00Z",
  "satellite": 18,
  "flux": 5.575985824179952E-7,
  "observed_flux": 5.841575898557494E-7,
  "electron_correction": 2.6559019872252065E-8,
  "electron_contaminaton": false,
  "energy": "0.1-0.8nm"
}
