{
    "time_tag": "2026-06-24T10:04:00Z",
    "satellite": 18,
    "flux": 1.8637151697475929e-06,
    "observed_flux": 1.864367732196115e-06,
    "electron_correction": 6.525051610140054e-10,
    "electron_contaminaton": false,
    "energy": "0.1-0.8nm"
}