{
    "time_tag": "2026-04-27T13:20:00Z",
    "satellite": 18,
    "flux": 7.982433771758224e-07,
    "observed_flux": 8.044418677854992e-07,
    "electron_correction": 6.198472402019206e-09,
    "electron_contaminaton": false,
    "energy": "0.1-0.8nm"
}