{
    "time_tag": "2026-05-15T08:29:00Z",
    "satellite": 18,
    "flux": 4.807912432625017e-07,
    "observed_flux": 4.822454116037989e-07,
    "electron_correction": 1.4541429171899267e-09,
    "electron_contaminaton": false,
    "energy": "0.1-0.8nm"
}