{
  "time_tag": "2026-06-30T22:43:00Z",
  "satellite": 18,
  "flux": 0.000003262770633227774,
  "observed_flux": 0.00000327408270095475,
  "electron_correction": 1.1312159209353467E-8,
  "electron_contaminaton": false,
  "energy": "0.1-0.8nm"
}
