{
  "time_tag": "2026-03-12T21:08:00Z",
  "satellite": 18,
  "flux": 8.382774012716254E-7,
  "observed_flux": 8.629435228613147E-7,
  "electron_correction": 2.4666123366046122E-8,
  "electron_contaminaton": false,
  "energy": "0.1-0.8nm"
}
