{
  "time_tag": "2026-01-23T18:20:00Z",
  "satellite": 18,
  "flux": 0.000001486815449425194,
  "observed_flux": 0.0000015683615401940187,
  "electron_correction": 8.154606945254272E-8,
  "electron_contaminaton": false,
  "energy": "0.1-0.8nm"
}
