{
  "time_tag": "2026-02-08T05:26:00Z",
  "satellite": 18,
  "flux": 0.0000035866871712642023,
  "observed_flux": 0.000003608653742048773,
  "electron_correction": 2.196651038843811E-8,
  "electron_contaminaton": false,
  "energy": "0.1-0.8nm"
}
