{
  "time_tag": "2026-03-19T14:30:00Z",
  "satellite": 18,
  "flux": 3.8369051935660536E-7,
  "observed_flux": 3.98503061660449E-7,
  "electron_correction": 1.4812549409271014E-8,
  "electron_contaminaton": false,
  "energy": "0.1-0.8nm"
}
