{
  "time_tag": "2025-12-04T15:23:00Z",
  "satellite": 18,
  "flux": 0.0000024064770514087286,
  "observed_flux": 0.0000024530370410502655,
  "electron_correction": 4.6560003852391674E-8,
  "electron_contaminaton": false,
  "energy": "0.1-0.8nm"
}
