{
  "time_tag": "2026-02-20T18:29:00Z",
  "satellite": 18,
  "flux": 4.1570783082534035E-7,
  "observed_flux": 4.515308660302253E-7,
  "electron_correction": 3.582302454674391E-8,
  "electron_contaminaton": false,
  "energy": "0.1-0.8nm"
}
