{
  "time_tag": "2026-01-22T01:49:00Z",
  "satellite": 18,
  "flux": 0.0000017779423160391161,
  "observed_flux": 0.0000018524929146224167,
  "electron_correction": 7.455063411043739E-8,
  "electron_contaminaton": false,
  "energy": "0.1-0.8nm"
}
