{
    "time_tag": "2026-06-27T18:03:00Z",
    "satellite": 18,
    "flux": 1.4541667496814625e-06,
    "observed_flux": 1.5096520655788481e-06,
    "electron_correction": 5.548529102838984e-08,
    "electron_contaminaton": false,
    "energy": "0.1-0.8nm"
}