{
  "time_tag": "2026-04-30T11:03:00Z",
  "satellite": 18,
  "flux": 0.0000012431086133801728,
  "observed_flux": 0.0000012441329317880445,
  "electron_correction": 1.024340168243043E-9,
  "electron_contaminaton": false,
  "energy": "0.1-0.8nm"
}
