{
  "time_tag": "2026-05-05T21:34:00Z",
  "satellite": 18,
  "flux": 6.972509822844586E-7,
  "observed_flux": 7.556119498985936E-7,
  "electron_correction": 5.8360939192425576E-8,
  "electron_contaminaton": false,
  "energy": "0.1-0.8nm"
}
