{
    "time_tag": "2026-05-16T20:49:00Z",
    "satellite": 18,
    "flux": 1.1457217397037311e-06,
    "observed_flux": 1.284112499888579e-06,
    "electron_correction": 1.3839078860655718e-07,
    "electron_contaminaton": false,
    "energy": "0.1-0.8nm"
}