{
    "time_tag": "2026-05-31T20:30:00Z",
    "satellite": 18,
    "flux": 8.319986477545172e-07,
    "observed_flux": 8.850618087308249e-07,
    "electron_correction": 5.3063146765452984e-08,
    "electron_contaminaton": false,
    "energy": "0.1-0.8nm"
}