{
  "time_tag": "2026-06-07T14:21:00Z",
  "satellite": 18,
  "flux": 0.0000010299970654159551,
  "observed_flux": 0.0000010653103572622058,
  "electron_correction": 3.531329895167801E-8,
  "electron_contaminaton": false,
  "energy": "0.1-0.8nm"
}
