{
  "time_tag": "2026-03-19T00:54:00Z",
  "satellite": 18,
  "flux": 3.472779894764244E-7,
  "observed_flux": 3.655472653463221E-7,
  "electron_correction": 1.8269275869897683E-8,
  "electron_contaminaton": false,
  "energy": "0.1-0.8nm"
}
