{
    "time_tag": "2026-04-22T19:43:00Z",
    "satellite": 18,
    "flux": 1.2692644304479472e-06,
    "observed_flux": 1.317089640906488e-06,
    "electron_correction": 4.782522466939554e-08,
    "electron_contaminaton": false,
    "energy": "0.1-0.8nm"
}