{
  "time_tag": "2026-03-26T08:30:00Z",
  "satellite": 18,
  "flux": 0.0000013412198995865765,
  "observed_flux": 0.0000013663687923326506,
  "electron_correction": 2.5148924720497234E-8,
  "electron_contaminaton": false,
  "energy": "0.1-0.8nm"
}
