{
    "time_tag": "2026-06-27T20:34:00Z",
    "satellite": 18,
    "flux": 4.129562057642033e-06,
    "observed_flux": 4.184513272775803e-06,
    "electron_correction": 5.4950987760093994e-08,
    "electron_contaminaton": false,
    "energy": "0.1-0.8nm"
}