{
  "time_tag": "2026-05-01T21:59:00Z",
  "satellite": 18,
  "flux": 9.14563202059071E-7,
  "observed_flux": 9.650989341025706E-7,
  "electron_correction": 5.0535721385358556E-8,
  "electron_contaminaton": false,
  "energy": "0.1-0.8nm"
}
