{
  "time_tag": "2026-02-22T20:38:00Z",
  "satellite": 18,
  "flux": 4.006104461495852E-7,
  "observed_flux": 4.533865478606458E-7,
  "electron_correction": 5.277609460563326E-8,
  "electron_contaminaton": false,
  "energy": "0.1-0.8nm"
}
