{
    "time_tag": "2026-05-07T16:04:00Z",
    "satellite": 18,
    "flux": 7.545007065345999e-06,
    "observed_flux": 7.584952072647866e-06,
    "electron_correction": 3.9945046381717475e-08,
    "electron_contaminaton": false,
    "energy": "0.1-0.8nm"
}