{
    "time_tag": "2026-05-16T11:34:00Z",
    "satellite": 18,
    "flux": 4.6366173478418204e-07,
    "observed_flux": 4.934932462674624e-07,
    "electron_correction": 2.9831518588707695e-08,
    "electron_contaminaton": false,
    "energy": "0.1-0.8nm"
}