{
  "time_tag": "2026-02-27T11:52:00Z",
  "satellite": 18,
  "flux": 0.0000010852153309315327,
  "observed_flux": 0.000001116575617743365,
  "electron_correction": 3.1360293917259696E-8,
  "electron_contaminaton": false,
  "energy": "0.1-0.8nm"
}
