{
  "time_tag": "2026-05-18T18:30:00Z",
  "satellite": 18,
  "flux": 0.000001851714387157699,
  "observed_flux": 0.0000018962355170515366,
  "electron_correction": 4.4521076603132315E-8,
  "electron_contaminaton": false,
  "energy": "0.1-0.8nm"
}
