{
  "time_tag": "2026-02-08T17:50:00Z",
  "satellite": 18,
  "flux": 0.000006142485744931037,
  "observed_flux": 0.000006205054887686856,
  "electron_correction": 6.256931328607607E-8,
  "electron_contaminaton": false,
  "energy": "0.1-0.8nm"
}
