{
  "time_tag": "2026-03-21T15:37:00Z",
  "satellite": 18,
  "flux": 4.538394762221287E-7,
  "observed_flux": 4.7279539217015554E-7,
  "electron_correction": 1.8955915948026814E-8,
  "electron_contaminaton": false,
  "energy": "0.1-0.8nm"
}
