{
    "time_tag": "2026-05-21T07:49:00Z",
    "satellite": 18,
    "flux": 8.375013180739188e-07,
    "observed_flux": 8.542086220586498e-07,
    "electron_correction": 1.6707327077369882e-08,
    "electron_contaminaton": false,
    "energy": "0.1-0.8nm"
}