{
  "time_tag": "2026-02-19T23:24:00Z",
  "satellite": 18,
  "flux": 5.769953190792876E-7,
  "observed_flux": 6.158198289085703E-7,
  "electron_correction": 3.882451338199644E-8,
  "electron_contaminaton": false,
  "energy": "0.1-0.8nm"
}
