{
  "time_tag": "2026-02-23T08:44:00Z",
  "satellite": 18,
  "flux": 2.941897889741085E-7,
  "observed_flux": 3.0064882139413385E-7,
  "electron_correction": 6.459024870508756E-9,
  "electron_contaminaton": false,
  "energy": "0.1-0.8nm"
}
