{
  "time_tag": "2026-02-25T09:31:00Z",
  "satellite": 18,
  "flux": 9.638752089813352E-7,
  "observed_flux": 9.853888514044229E-7,
  "electron_correction": 2.1513624659519337E-8,
  "electron_contaminaton": false,
  "energy": "0.1-0.8nm"
}
