{
  "time_tag": "2026-05-03T01:57:00Z",
  "satellite": 18,
  "flux": 0.0000012023207318634377,
  "observed_flux": 0.0000012281731187613332,
  "electron_correction": 2.585239755603652E-8,
  "electron_contaminaton": false,
  "energy": "0.1-0.8nm"
}
