{
  "time_tag": "2026-03-08T07:38:00Z",
  "satellite": 18,
  "flux": 7.129982009246305E-7,
  "observed_flux": 7.452922545780893E-7,
  "electron_correction": 3.229403233717676E-8,
  "electron_contaminaton": false,
  "energy": "0.1-0.8nm"
}
