{
  "time_tag": "2026-02-10T22:42:00Z",
  "satellite": 18,
  "flux": 0.0000012138835927544278,
  "observed_flux": 0.0000012285793218325125,
  "electron_correction": 1.4695780592433039E-8,
  "electron_contaminaton": false,
  "energy": "0.1-0.8nm"
}
