{
  "time_tag": "2026-05-29T15:42:00Z",
  "satellite": 18,
  "flux": 7.427880177601764E-7,
  "observed_flux": 7.708926546001749E-7,
  "electron_correction": 2.810466526170785E-8,
  "electron_contaminaton": false,
  "energy": "0.1-0.8nm"
}
