{
  "time_tag": "2026-02-05T19:43:00Z",
  "satellite": 18,
  "flux": 0.000005359427632356528,
  "observed_flux": 0.000005383974439610029,
  "electron_correction": 2.45467060011606E-8,
  "electron_contaminaton": false,
  "energy": "0.1-0.8nm"
}
