{
  "time_tag": "2026-02-22T15:36:00Z",
  "satellite": 18,
  "flux": 4.142113709804107E-7,
  "observed_flux": 4.266351254500478E-7,
  "electron_correction": 1.2423767792313356E-8,
  "electron_contaminaton": false,
  "energy": "0.1-0.8nm"
}
