{
  "time_tag": "2026-02-13T12:45:00Z",
  "satellite": 18,
  "flux": 5.37754999641038E-7,
  "observed_flux": 5.556161113418057E-7,
  "electron_correction": 1.7861108148053972E-8,
  "electron_contaminaton": false,
  "energy": "0.1-0.8nm"
}
