{
    "time_tag": "2026-06-18T12:20:00Z",
    "satellite": 18,
    "flux": 7.441322509293968e-07,
    "observed_flux": 7.517316475968983e-07,
    "electron_correction": 7.599381568468289e-09,
    "electron_contaminaton": false,
    "energy": "0.1-0.8nm"
}