{
    "time_tag": "2026-04-25T16:02:00Z",
    "satellite": 18,
    "flux": 2.1648381789418636e-06,
    "observed_flux": 2.1728935735154664e-06,
    "electron_correction": 8.0555873083199e-09,
    "electron_contaminaton": false,
    "energy": "0.1-0.8nm"
}