{
  "time_tag": "2026-02-21T11:02:00Z",
  "satellite": 18,
  "flux": 3.052522004054481E-7,
  "observed_flux": 3.0680132567795226E-7,
  "electron_correction": 1.549101624753746E-9,
  "electron_contaminaton": false,
  "energy": "0.1-0.8nm"
}
