{
  "time_tag": "2026-05-02T15:58:00Z",
  "satellite": 18,
  "flux": 0.0000017024084399963613,
  "observed_flux": 0.0000017377979020238854,
  "electron_correction": 3.5389515318229314E-8,
  "electron_contaminaton": false,
  "energy": "0.1-0.8nm"
}
