{
  "time_tag": "2026-06-26T15:06:00Z",
  "satellite": 18,
  "flux": 0.0000016498398736075615,
  "observed_flux": 0.0000016921505903155776,
  "electron_correction": 4.23106527591699E-8,
  "electron_contaminaton": false,
  "energy": "0.1-0.8nm"
}
