{
    "time_tag": "2026-05-09T23:26:00Z",
    "satellite": 18,
    "flux": 1.3645405942952493e-06,
    "observed_flux": 1.386392000313208e-06,
    "electron_correction": 2.185132785825772e-08,
    "electron_contaminaton": false,
    "energy": "0.1-0.8nm"
}