{
  "time_tag": "2026-05-05T07:03:00Z",
  "satellite": 18,
  "flux": 0.000001194002720694698,
  "observed_flux": 0.000001220250624101027,
  "electron_correction": 2.6247990447814118E-8,
  "electron_contaminaton": false,
  "energy": "0.1-0.8nm"
}
