{
  "time_tag": "2026-03-20T13:25:00Z",
  "satellite": 18,
  "flux": 3.0982101861809497E-7,
  "observed_flux": 3.1042824844007555E-7,
  "electron_correction": 6.07215500103564E-10,
  "electron_contaminaton": false,
  "energy": "0.1-0.8nm"
}
