{
  "time_tag": "2025-12-29T15:18:00Z",
  "satellite": 18,
  "flux": 0.000003002799076057272,
  "observed_flux": 0.000003030161451533786,
  "electron_correction": 2.7362483834281193E-8,
  "electron_contaminaton": false,
  "energy": "0.1-0.8nm"
}
