{
  "time_tag": "2026-03-16T07:29:00Z",
  "satellite": 18,
  "flux": 3.2988509701681323E-7,
  "observed_flux": 3.5448803714643873E-7,
  "electron_correction": 2.4602959669550728E-8,
  "electron_contaminaton": false,
  "energy": "0.1-0.8nm"
}
