{
    "time_tag": "2026-04-27T20:08:00Z",
    "satellite": 18,
    "flux": 7.182043759712542e-07,
    "observed_flux": 7.305673079827102e-07,
    "electron_correction": 1.236295066320281e-08,
    "electron_contaminaton": false,
    "energy": "0.1-0.8nm"
}