{
    "time_tag": "2026-06-13T14:24:00Z",
    "satellite": 18,
    "flux": 9.555824362905696e-07,
    "observed_flux": 9.93137859950366e-07,
    "electron_correction": 3.7555377474518536e-08,
    "electron_contaminaton": false,
    "energy": "0.1-0.8nm"
}