{
  "time_tag": "2026-06-30T13:53:00Z",
  "satellite": 18,
  "flux": 0.000006581746220035711,
  "observed_flux": 0.000006593475518457126,
  "electron_correction": 1.1729129667514826E-8,
  "electron_contaminaton": false,
  "energy": "0.1-0.8nm"
}
