{
  "time_tag": "2026-04-29T06:30:00Z",
  "satellite": 18,
  "flux": 0.0000012458330047593336,
  "observed_flux": 0.0000012487269032135373,
  "electron_correction": 2.8939628471391643E-9,
  "electron_contaminaton": false,
  "energy": "0.1-0.8nm"
}
