{
    "time_tag": "2026-04-24T20:43:00Z",
    "satellite": 18,
    "flux": 2.4623461740702624e-06,
    "observed_flux": 2.497966534065199e-06,
    "electron_correction": 3.562045591820606e-08,
    "electron_contaminaton": false,
    "energy": "0.1-0.8nm"
}