{
  "time_tag": "2026-05-14T16:24:00Z",
  "satellite": 18,
  "flux": 5.113262204758939E-7,
  "observed_flux": 5.264974447527493E-7,
  "electron_correction": 1.5171185197004888E-8,
  "electron_contaminaton": false,
  "energy": "0.1-0.8nm"
}
