{
  "time_tag": "2026-03-09T14:06:00Z",
  "satellite": 18,
  "flux": 7.670553827665572E-7,
  "observed_flux": 8.054707905102987E-7,
  "electron_correction": 3.8415404191027847E-8,
  "electron_contaminaton": false,
  "energy": "0.1-0.8nm"
}
