{
  "time_tag": "2026-03-10T22:53:00Z",
  "satellite": 18,
  "flux": 5.446999011837761E-7,
  "observed_flux": 6.011709956510458E-7,
  "electron_correction": 5.6471083809128686E-8,
  "electron_contaminaton": false,
  "energy": "0.1-0.8nm"
}
