{
  "time_tag": "2026-06-04T06:58:00Z",
  "satellite": 18,
  "flux": 0.0000012563463087644777,
  "observed_flux": 0.0000012583907391672255,
  "electron_correction": 2.044469038509078E-9,
  "electron_contaminaton": false,
  "energy": "0.1-0.8nm"
}
