{
  "time_tag": "2025-12-09T01:52:00Z",
  "satellite": 18,
  "flux": 0.000008076790436462034,
  "observed_flux": 0.000008102130777842831,
  "electron_correction": 2.5339673470625712E-8,
  "electron_contaminaton": false,
  "energy": "0.1-0.8nm"
}
