{
    "time_tag": "2026-04-26T18:43:00Z",
    "satellite": 18,
    "flux": 3.5041989576711785e-06,
    "observed_flux": 3.528730985635775e-06,
    "electron_correction": 2.4532035070023994e-08,
    "electron_contaminaton": false,
    "energy": "0.1-0.8nm"
}