{
    "time_tag": "2026-05-31T06:40:00Z",
    "satellite": 18,
    "flux": 8.577046060054272e-07,
    "observed_flux": 8.821850201456982e-07,
    "electron_correction": 2.4480376836777396e-08,
    "electron_contaminaton": false,
    "energy": "0.1-0.8nm"
}