{
  "time_tag": "2026-02-14T23:19:00Z",
  "satellite": 18,
  "flux": 6.099234610701387E-7,
  "observed_flux": 6.241371011128649E-7,
  "electron_correction": 1.42136498126888E-8,
  "electron_contaminaton": false,
  "energy": "0.1-0.8nm"
}
