{
  "time_tag": "2026-06-20T13:53:00Z",
  "satellite": 18,
  "flux": 5.562773139899946E-7,
  "observed_flux": 5.684432835550979E-7,
  "electron_correction": 1.2165933149788088E-8,
  "electron_contaminaton": false,
  "energy": "0.1-0.8nm"
}
