{
    "time_tag": "2026-05-01T11:23:00Z",
    "satellite": 18,
    "flux": 9.644491001381539e-07,
    "observed_flux": 9.865716492640786e-07,
    "electron_correction": 2.212251004607424e-08,
    "electron_contaminaton": false,
    "energy": "0.1-0.8nm"
}