{
  "time_tag": "2025-12-04T17:23:00Z",
  "satellite": 18,
  "flux": 0.0000023232955754792783,
  "observed_flux": 0.000002379757233939017,
  "electron_correction": 5.646152700933271E-8,
  "electron_contaminaton": false,
  "energy": "0.1-0.8nm"
}
