{
    "time_tag": "2026-04-28T21:55:00Z",
    "satellite": 18,
    "flux": 9.44211706155329e-07,
    "observed_flux": 9.560382068229956e-07,
    "electron_correction": 1.182650333220181e-08,
    "electron_contaminaton": false,
    "energy": "0.1-0.8nm"
}