{
    "time_tag": "2026-04-29T22:25:00Z",
    "satellite": 18,
    "flux": 1.1265651664871257e-06,
    "observed_flux": 1.1332797384966398e-06,
    "electron_correction": 6.714639066984773e-09,
    "electron_contaminaton": false,
    "energy": "0.1-0.8nm"
}