{
  "time_tag": "2026-02-14T03:31:00Z",
  "satellite": 18,
  "flux": 5.76193087908905E-7,
  "observed_flux": 5.817921646666946E-7,
  "electron_correction": 5.5990558855967265E-9,
  "electron_contaminaton": false,
  "energy": "0.1-0.8nm"
}
