{
    "time_tag": "2026-06-28T21:58:00Z",
    "satellite": 18,
    "flux": 8.660466846777126e-06,
    "observed_flux": 8.70230815053219e-06,
    "electron_correction": 4.184116875194377e-08,
    "electron_contaminaton": false,
    "energy": "0.1-0.8nm"
}