{
  "time_tag": "2026-06-27T09:16:00Z",
  "satellite": 18,
  "flux": 0.0000030906580832379404,
  "observed_flux": 0.0000031240538191923406,
  "electron_correction": 3.339568621640865E-8,
  "electron_contaminaton": false,
  "energy": "0.1-0.8nm"
}
