{
  "time_tag": "2026-03-09T21:13:00Z",
  "satellite": 18,
  "flux": 0.000001602227712282911,
  "observed_flux": 0.0000016477554254379356,
  "electron_correction": 4.5527738024020437E-8,
  "electron_contaminaton": false,
  "energy": "0.1-0.8nm"
}
