{
  "time_tag": "2026-05-02T10:43:00Z",
  "satellite": 18,
  "flux": 0.000001328078838014335,
  "observed_flux": 0.0000013494917538992013,
  "electron_correction": 2.1412924766650576E-8,
  "electron_contaminaton": false,
  "energy": "0.1-0.8nm"
}
