{
  "time_tag": "2026-06-07T21:48:00Z",
  "satellite": 18,
  "flux": 8.785149248069501E-7,
  "observed_flux": 9.314588282904879E-7,
  "electron_correction": 5.294394966881555E-8,
  "electron_contaminaton": false,
  "energy": "0.1-0.8nm"
}
