{
  "time_tag": "2026-05-07T05:36:00Z",
  "satellite": 18,
  "flux": 8.49328387175774E-7,
  "observed_flux": 8.718541835150972E-7,
  "electron_correction": 2.2525814102891673E-8,
  "electron_contaminaton": false,
  "energy": "0.1-0.8nm"
}
