{
  "time_tag": "2026-05-11T19:05:00Z",
  "satellite": 18,
  "flux": 9.673289014244801E-7,
  "observed_flux": 9.843467978498666E-7,
  "electron_correction": 1.7017923070739016E-8,
  "electron_contaminaton": false,
  "energy": "0.1-0.8nm"
}
