{
    "time_tag": "2026-04-28T21:03:00Z",
    "satellite": 18,
    "flux": 9.479844038651208e-07,
    "observed_flux": 9.600262274034321e-07,
    "electron_correction": 1.2041835084630748e-08,
    "electron_contaminaton": false,
    "energy": "0.1-0.8nm"
}