{
  "time_tag": "2026-05-25T20:41:00Z",
  "satellite": 18,
  "flux": 0.0000015829301673875307,
  "observed_flux": 0.0000015898436913630576,
  "electron_correction": 6.913443595379931E-9,
  "electron_contaminaton": false,
  "energy": "0.1-0.8nm"
}
