{
  "time_tag": "2026-02-20T10:11:00Z",
  "satellite": 18,
  "flux": 3.826648651283904E-7,
  "observed_flux": 3.957011642796715E-7,
  "electron_correction": 1.3036303592173226E-8,
  "electron_contaminaton": false,
  "energy": "0.1-0.8nm"
}
