{
  "time_tag": "2026-06-10T01:27:00Z",
  "satellite": 18,
  "flux": 7.80980826675659E-7,
  "observed_flux": 8.023255873013113E-7,
  "electron_correction": 2.1344774836506986E-8,
  "electron_contaminaton": false,
  "energy": "0.1-0.8nm"
}
