{
  "time_tag": "2026-05-12T22:05:00Z",
  "satellite": 18,
  "flux": 6.965162810956826E-7,
  "observed_flux": 7.083747846081678E-7,
  "electron_correction": 1.1858467097169978E-8,
  "electron_contaminaton": false,
  "energy": "0.1-0.8nm"
}
