{
  "time_tag": "2026-03-08T16:22:00Z",
  "satellite": 18,
  "flux": 7.135957389436953E-7,
  "observed_flux": 7.650716042917338E-7,
  "electron_correction": 5.147586179532482E-8,
  "electron_contaminaton": false,
  "energy": "0.1-0.8nm"
}
