{
  "time_tag": "2026-06-17T15:10:00Z",
  "satellite": 18,
  "flux": 0.0000014669936945210793,
  "observed_flux": 0.000001476898319197062,
  "electron_correction": 9.904650433156803E-9,
  "electron_contaminaton": false,
  "energy": "0.1-0.8nm"
}
