{
  "time_tag": "2026-03-17T06:36:00Z",
  "satellite": 18,
  "flux": 5.246925525170809E-7,
  "observed_flux": 5.46256671896117E-7,
  "electron_correction": 2.1564108720895092E-8,
  "electron_contaminaton": false,
  "energy": "0.1-0.8nm"
}
