{
  "time_tag": "2026-02-22T23:49:00Z",
  "satellite": 18,
  "flux": 3.6791217894460715E-7,
  "observed_flux": 4.3432112306618365E-7,
  "electron_correction": 6.64089441215765E-8,
  "electron_contaminaton": false,
  "energy": "0.1-0.8nm"
}
