{
  "time_tag": "2026-06-25T15:47:00Z",
  "satellite": 18,
  "flux": 0.000001754749177962367,
  "observed_flux": 0.0000017989475509239128,
  "electron_correction": 4.419830545998593E-8,
  "electron_contaminaton": false,
  "energy": "0.1-0.8nm"
}
