{
  "time_tag": "2025-12-13T19:17:00Z",
  "satellite": 18,
  "flux": 8.777963103057118E-7,
  "observed_flux": 9.085294436772529E-7,
  "electron_correction": 3.073308718626322E-8,
  "electron_contaminaton": false,
  "energy": "0.1-0.8nm"
}
