{
  "time_tag": "2026-02-13T06:33:00Z",
  "satellite": 18,
  "flux": 6.350192620629969E-7,
  "observed_flux": 6.510753109978396E-7,
  "electron_correction": 1.6056070251124765E-8,
  "electron_contaminaton": false,
  "energy": "0.1-0.8nm"
}
