{
  "time_tag": "2026-02-13T22:44:00Z",
  "satellite": 18,
  "flux": 4.6596125002906774E-7,
  "observed_flux": 5.029831413594366E-7,
  "electron_correction": 3.7021894883082496E-8,
  "electron_contaminaton": false,
  "energy": "0.1-0.8nm"
}
