{
  "time_tag": "2026-04-21T13:08:00Z",
  "satellite": 18,
  "flux": 6.008891091369151E-7,
  "observed_flux": 6.30979513971397E-7,
  "electron_correction": 3.009036220191774E-8,
  "electron_contaminaton": false,
  "energy": "0.1-0.8nm"
}
