{
  "time_tag": "2026-03-07T21:02:00Z",
  "satellite": 18,
  "flux": 5.98963197262492E-7,
  "observed_flux": 6.426965342143376E-7,
  "electron_correction": 4.373331208284981E-8,
  "electron_contaminaton": false,
  "energy": "0.1-0.8nm"
}
