{
    "time_tag": "2026-05-25T17:54:00Z",
    "satellite": 18,
    "flux": 1.3089468211546773e-06,
    "observed_flux": 1.3151968687452609e-06,
    "electron_correction": 6.250020945230972e-09,
    "electron_contaminaton": false,
    "energy": "0.1-0.8nm"
}