{
  "time_tag": "2026-03-20T13:49:00Z",
  "satellite": 18,
  "flux": 3.0336909162542725E-7,
  "observed_flux": 3.046027075015445E-7,
  "electron_correction": 1.2336001109503059E-9,
  "electron_contaminaton": false,
  "energy": "0.1-0.8nm"
}
