{
  "time_tag": "2026-02-25T21:09:00Z",
  "satellite": 18,
  "flux": 0.0000013516981880457024,
  "observed_flux": 0.000001428214318366372,
  "electron_correction": 7.651619426951584E-8,
  "electron_contaminaton": false,
  "energy": "0.1-0.8nm"
}
