{
    "time_tag": "2026-05-04T22:44:00Z",
    "satellite": 18,
    "flux": 1.0290549425917561e-06,
    "observed_flux": 1.0364684612795827e-06,
    "electron_correction": 7.413567093550455e-09,
    "electron_contaminaton": false,
    "energy": "0.1-0.8nm"
}