{
    "time_tag": "2026-06-21T10:02:00Z",
    "satellite": 18,
    "flux": 5.548268973143422e-07,
    "observed_flux": 5.605886599369114e-07,
    "electron_correction": 5.761760402123173e-09,
    "electron_contaminaton": false,
    "energy": "0.1-0.8nm"
}