{
    "time_tag": "2026-06-16T03:45:00Z",
    "satellite": 18,
    "flux": 5.709090942218609e-07,
    "observed_flux": 5.929627491241263e-07,
    "electron_correction": 2.2053669113120122e-08,
    "electron_contaminaton": false,
    "energy": "0.1-0.8nm"
}