{
  "time_tag": "2026-03-03T20:12:00Z",
  "satellite": 18,
  "flux": 9.110287919611437E-7,
  "observed_flux": 9.346056231152033E-7,
  "electron_correction": 2.3576832930416458E-8,
  "electron_contaminaton": false,
  "energy": "0.1-0.8nm"
}
