{
  "time_tag": "2025-12-26T17:17:00Z",
  "satellite": 18,
  "flux": 0.0000016126941773109138,
  "observed_flux": 0.0000016655048966640607,
  "electron_correction": 5.2810765538424675E-8,
  "electron_contaminaton": false,
  "energy": "0.1-0.8nm"
}
