{
    "time_tag": "2026-06-22T21:36:00Z",
    "satellite": 18,
    "flux": 6.505679834845068e-07,
    "observed_flux": 6.625047035413445e-07,
    "electron_correction": 1.1936706734161362e-08,
    "electron_contaminaton": false,
    "energy": "0.1-0.8nm"
}