{
  "time_tag": "2026-04-25T14:57:00Z",
  "satellite": 18,
  "flux": 0.0000010787837254611077,
  "observed_flux": 0.0000010858072982955491,
  "electron_correction": 7.023532422323342E-9,
  "electron_contaminaton": false,
  "energy": "0.1-0.8nm"
}
