{
  "time_tag": "2026-03-15T04:07:00Z",
  "satellite": 18,
  "flux": 4.945184741700359E-7,
  "observed_flux": 5.269460530143988E-7,
  "electron_correction": 3.242757884436287E-8,
  "electron_contaminaton": false,
  "energy": "0.1-0.8nm"
}
