{
    "time_tag": "2026-06-13T06:30:00Z",
    "satellite": 18,
    "flux": 6.21116669208277e-07,
    "observed_flux": 6.351421006911551e-07,
    "electron_correction": 1.4025429706521209e-08,
    "electron_contaminaton": false,
    "energy": "0.1-0.8nm"
}