{
  "time_tag": "2026-02-20T08:11:00Z",
  "satellite": 18,
  "flux": 4.061494394136389E-7,
  "observed_flux": 4.217066020828497E-7,
  "electron_correction": 1.5557160892853972E-8,
  "electron_contaminaton": false,
  "energy": "0.1-0.8nm"
}
