{
  "time_tag": "2026-01-10T13:20:00Z",
  "satellite": 18,
  "flux": 4.669020938763424E-7,
  "observed_flux": 4.870263978773437E-7,
  "electron_correction": 2.012430577735813E-8,
  "electron_contaminaton": false,
  "energy": "0.1-0.8nm"
}
