{
  "time_tag": "2026-02-20T20:41:00Z",
  "satellite": 18,
  "flux": 3.6392825109032856E-7,
  "observed_flux": 4.066881729158922E-7,
  "electron_correction": 4.275992182556365E-8,
  "electron_contaminaton": false,
  "energy": "0.1-0.8nm"
}
