{
  "time_tag": "2026-06-29T23:03:00Z",
  "satellite": 18,
  "flux": 0.0000027053947633248754,
  "observed_flux": 0.000002736514034040738,
  "electron_correction": 3.11193737445592E-8,
  "electron_contaminaton": false,
  "energy": "0.1-0.8nm"
}
