{
  "time_tag": "2026-02-24T19:53:00Z",
  "satellite": 18,
  "flux": 0.000002199558593929396,
  "observed_flux": 0.0000022629399154538987,
  "electron_correction": 6.338143521134043E-8,
  "electron_contaminaton": false,
  "energy": "0.1-0.8nm"
}
