{
    "time_tag": "2026-04-29T23:59:00Z",
    "satellite": 18,
    "flux": 1.066659592652286e-06,
    "observed_flux": 1.0732392183854245e-06,
    "electron_correction": 6.579604860945665e-09,
    "electron_contaminaton": false,
    "energy": "0.1-0.8nm"
}