{
    "time_tag": "2026-05-10T16:33:00Z",
    "satellite": 18,
    "flux": 1.9494716525514377e-06,
    "observed_flux": 1.966420541066327e-06,
    "electron_correction": 1.694901641258184e-08,
    "electron_contaminaton": false,
    "energy": "0.1-0.8nm"
}