{
    "time_tag": "2026-06-25T21:59:00Z",
    "satellite": 18,
    "flux": 1.5338682715082541e-06,
    "observed_flux": 1.612060714251129e-06,
    "electron_correction": 7.819250669172106e-08,
    "electron_contaminaton": false,
    "energy": "0.1-0.8nm"
}