{
  "time_tag": "2026-01-13T07:18:00Z",
  "satellite": 18,
  "flux": 6.826359140177374E-7,
  "observed_flux": 7.240339527925244E-7,
  "electron_correction": 4.139802101121859E-8,
  "electron_contaminaton": false,
  "energy": "0.1-0.8nm"
}
