{
  "time_tag": "2026-01-11T02:55:00Z",
  "satellite": 18,
  "flux": 4.690060677603469E-7,
  "observed_flux": 4.787314082932426E-7,
  "electron_correction": 9.725375171854012E-9,
  "electron_contaminaton": false,
  "energy": "0.1-0.8nm"
}
