{
  "time_tag": "2026-06-24T05:06:00Z",
  "satellite": 18,
  "flux": 0.0000012085464504707488,
  "observed_flux": 0.0000012086735523553216,
  "electron_correction": 1.270683003262718E-10,
  "electron_contaminaton": false,
  "energy": "0.1-0.8nm"
}
