{
  "time_tag": "2025-12-22T14:18:00Z",
  "satellite": 18,
  "flux": 0.000001004410364657815,
  "observed_flux": 0.0000010480871424078941,
  "electron_correction": 4.367672801208755E-8,
  "electron_contaminaton": false,
  "energy": "0.1-0.8nm"
}
