{
    "time_tag": "2026-06-11T20:57:00Z",
    "satellite": 18,
    "flux": 8.489845981785038e-07,
    "observed_flux": 8.685951797815505e-07,
    "electron_correction": 1.961061002475617e-08,
    "electron_contaminaton": false,
    "energy": "0.1-0.8nm"
}