{
    "time_tag": "2026-05-28T20:52:00Z",
    "satellite": 19,
    "flux": 8.416300829594547e-07,
    "observed_flux": 8.5387080162036e-07,
    "electron_correction": 1.2240718660905259e-08,
    "electron_contaminaton": false,
    "energy": "0.1-0.8nm"
}