{
  "time_tag": "2026-02-10T10:43:00Z",
  "satellite": 18,
  "flux": 0.0000014138643109617988,
  "observed_flux": 0.00000144001330681931,
  "electron_correction": 2.6149100662564706E-8,
  "electron_contaminaton": false,
  "energy": "0.1-0.8nm"
}
