{
  "time_tag": "2026-02-24T12:13:00Z",
  "satellite": 18,
  "flux": 0.0000013577424624600098,
  "observed_flux": 0.0000013885875205232878,
  "electron_correction": 3.084510069584212E-8,
  "electron_contaminaton": false,
  "energy": "0.1-0.8nm"
}
