{
  "time_tag": "2026-05-17T17:44:00Z",
  "satellite": 18,
  "flux": 5.671590770361945E-7,
  "observed_flux": 6.431542942664237E-7,
  "electron_correction": 7.599523144108389E-8,
  "electron_contaminaton": false,
  "energy": "0.1-0.8nm"
}
