{
    "time_tag": "2026-06-21T16:39:00Z",
    "satellite": 18,
    "flux": 6.196307253958366e-07,
    "observed_flux": 6.340536629068083e-07,
    "electron_correction": 1.4422927741009062e-08,
    "electron_contaminaton": false,
    "energy": "0.1-0.8nm"
}