{
  "time_tag": "2026-05-23T22:30:00Z",
  "satellite": 18,
  "flux": 0.0000024911823857109994,
  "observed_flux": 0.0000025230463052139385,
  "electron_correction": 3.186388397580231E-8,
  "electron_contaminaton": false,
  "energy": "0.1-0.8nm"
}
