{
    "time_tag": "2026-05-06T16:10:00Z",
    "satellite": 18,
    "flux": 7.391212761831412e-07,
    "observed_flux": 7.814233526914904e-07,
    "electron_correction": 4.230205874478088e-08,
    "electron_contaminaton": false,
    "energy": "0.1-0.8nm"
}