{
  "time_tag": "2026-02-28T15:35:00Z",
  "satellite": 18,
  "flux": 0.000002679988256204524,
  "observed_flux": 0.0000027184150894754566,
  "electron_correction": 3.842666984610332E-8,
  "electron_contaminaton": false,
  "energy": "0.1-0.8nm"
}
