{
  "time_tag": "2026-02-27T05:35:00Z",
  "satellite": 18,
  "flux": 8.348719120476744E-7,
  "observed_flux": 8.607375434621645E-7,
  "electron_correction": 2.5865633190846893E-8,
  "electron_contaminaton": false,
  "energy": "0.1-0.8nm"
}
