{
  "time_tag": "2026-02-25T13:06:00Z",
  "satellite": 18,
  "flux": 8.2213017549293E-7,
  "observed_flux": 8.461713605356636E-7,
  "electron_correction": 2.404115662102413E-8,
  "electron_contaminaton": false,
  "energy": "0.1-0.8nm"
}
