{
  "time_tag": "2026-01-15T17:20:00Z",
  "satellite": 18,
  "flux": 0.0000010091996500705136,
  "observed_flux": 0.0000010391947853349848,
  "electron_correction": 2.9995074868338634E-8,
  "electron_contaminaton": false,
  "energy": "0.1-0.8nm"
}
