{
    "time_tag": "2026-04-23T07:24:00Z",
    "satellite": 18,
    "flux": 2.6903471734840423e-06,
    "observed_flux": 2.699932792893378e-06,
    "electron_correction": 9.585557236846398e-09,
    "electron_contaminaton": false,
    "energy": "0.1-0.8nm"
}