{
  "time_tag": "2026-01-24T19:18:00Z",
  "satellite": 18,
  "flux": 0.0000014243393025026307,
  "observed_flux": 0.0000015033318732093903,
  "electron_correction": 7.899265597188787E-8,
  "electron_contaminaton": false,
  "energy": "0.1-0.8nm"
}
