{
  "time_tag": "2026-02-21T18:22:00Z",
  "satellite": 18,
  "flux": 3.5243718343735964E-7,
  "observed_flux": 3.722396968441899E-7,
  "electron_correction": 1.9802516959543937E-8,
  "electron_contaminaton": false,
  "energy": "0.1-0.8nm"
}
