{
    "time_tag": "2026-05-24T06:10:00Z",
    "satellite": 18,
    "flux": 7.776629331601725e-07,
    "observed_flux": 7.849033067941491e-07,
    "electron_correction": 7.24040294386441e-09,
    "electron_contaminaton": false,
    "energy": "0.1-0.8nm"
}