{
    "time_tag": "2026-05-02T10:28:00Z",
    "satellite": 18,
    "flux": 2.0187740119581576e-06,
    "observed_flux": 2.0403811049618525e-06,
    "electron_correction": 2.160693846064987e-08,
    "electron_contaminaton": false,
    "energy": "0.1-0.8nm"
}