{
  "time_tag": "2025-12-17T01:47:00Z",
  "satellite": 18,
  "flux": 7.60370255648013E-7,
  "observed_flux": 7.924900842226634E-7,
  "electron_correction": 3.2119856996359886E-8,
  "electron_contaminaton": false,
  "energy": "0.1-0.8nm"
}
