{
  "time_tag": "2026-03-15T05:34:00Z",
  "satellite": 18,
  "flux": 6.250160708987096E-7,
  "observed_flux": 6.45622833417292E-7,
  "electron_correction": 2.0606751860441364E-8,
  "electron_contaminaton": false,
  "energy": "0.1-0.8nm"
}
