{
    "time_tag": "2026-06-07T21:14:00Z",
    "satellite": 18,
    "flux": 9.324398888566066e-07,
    "observed_flux": 9.827233498072019e-07,
    "electron_correction": 5.028339344903543e-08,
    "electron_contaminaton": false,
    "energy": "0.1-0.8nm"
}