{
  "time_tag": "2025-12-21T00:40:00Z",
  "satellite": 18,
  "flux": 6.844205131528724E-7,
  "observed_flux": 7.123962291188946E-7,
  "electron_correction": 2.7975755045872575E-8,
  "electron_contaminaton": false,
  "energy": "0.1-0.8nm"
}
