{
    "time_tag": "2026-05-21T03:27:00Z",
    "satellite": 18,
    "flux": 5.381856453823275e-07,
    "observed_flux": 5.779011758022534e-07,
    "electron_correction": 3.9715533972639605e-08,
    "electron_contaminaton": false,
    "energy": "0.1-0.8nm"
}