{
  "time_tag": "2026-02-14T15:19:00Z",
  "satellite": 18,
  "flux": 5.297130201142863E-7,
  "observed_flux": 5.659574640048959E-7,
  "electron_correction": 3.624446165417794E-8,
  "electron_contaminaton": false,
  "energy": "0.1-0.8nm"
}
