{
    "time_tag": "2026-04-29T23:33:00Z",
    "satellite": 18,
    "flux": 9.988768852053909e-07,
    "observed_flux": 1.005422745947726e-06,
    "electron_correction": 6.545760378173782e-09,
    "electron_contaminaton": false,
    "energy": "0.1-0.8nm"
}