{
  "time_tag": "2026-05-14T18:28:00Z",
  "satellite": 18,
  "flux": 0.0000039713795558782294,
  "observed_flux": 0.00000398926249545184,
  "electron_correction": 1.7883143854646733E-8,
  "electron_contaminaton": false,
  "energy": "0.1-0.8nm"
}
