{
  "time_tag": "2025-12-24T09:19:00Z",
  "satellite": 18,
  "flux": 0.0000013070219893052126,
  "observed_flux": 0.0000013421159792414983,
  "electron_correction": 3.5093950856435185E-8,
  "electron_contaminaton": false,
  "energy": "0.1-0.8nm"
}
