{
  "time_tag": "2026-04-25T09:30:00Z",
  "satellite": 18,
  "flux": 0.000001311930191150168,
  "observed_flux": 0.0000013146560604582191,
  "electron_correction": 2.725874415077101E-9,
  "electron_contaminaton": false,
  "energy": "0.1-0.8nm"
}
