{
  "time_tag": "2026-03-10T05:24:00Z",
  "satellite": 18,
  "flux": 7.473579444194911E-7,
  "observed_flux": 7.549978704446403E-7,
  "electron_correction": 7.639916255186563E-9,
  "electron_contaminaton": false,
  "energy": "0.1-0.8nm"
}
