{
  "time_tag": "2026-07-02T12:32:00Z",
  "satellite": 18,
  "flux": 0.0000029556883873738116,
  "observed_flux": 0.0000029635762075486127,
  "electron_correction": 7.887813069373806E-9,
  "electron_contaminaton": false,
  "energy": "0.1-0.8nm"
}
