{
  "time_tag": "2025-12-07T14:21:00Z",
  "satellite": 18,
  "flux": 0.0000019588360373745672,
  "observed_flux": 0.0000020046779809490545,
  "electron_correction": 4.584194712720091E-8,
  "electron_contaminaton": false,
  "energy": "0.1-0.8nm"
}
