{
  "time_tag": "2026-06-07T21:20:00Z",
  "satellite": 18,
  "flux": 0.0000010050321179733146,
  "observed_flux": 0.0000010556817642282113,
  "electron_correction": 5.06496213859009E-8,
  "electron_contaminaton": false,
  "energy": "0.1-0.8nm"
}
