{
  "time_tag": "2026-06-13T13:53:00Z",
  "satellite": 18,
  "flux": 0.0000013982495374875725,
  "observed_flux": 0.0000014370524468176882,
  "electron_correction": 3.88028844611199E-8,
  "electron_contaminaton": false,
  "energy": "0.1-0.8nm"
}
