{
  "time_tag": "2026-02-18T05:43:00Z",
  "satellite": 18,
  "flux": 6.639307343903056E-7,
  "observed_flux": 6.91849152190116E-7,
  "electron_correction": 2.7918382272673625E-8,
  "electron_contaminaton": false,
  "energy": "0.1-0.8nm"
}
