{
  "time_tag": "2026-02-11T17:32:00Z",
  "satellite": 18,
  "flux": 0.000001218202555719472,
  "observed_flux": 0.000001273144107472035,
  "electron_correction": 5.494154819984942E-8,
  "electron_contaminaton": false,
  "energy": "0.1-0.8nm"
}
