{
  "time_tag": "2026-02-07T22:20:00Z",
  "satellite": 18,
  "flux": 0.000002209719923484954,
  "observed_flux": 0.0000022522947347169975,
  "electron_correction": 4.257471886148778E-8,
  "electron_contaminaton": false,
  "energy": "0.1-0.8nm"
}
