{
  "time_tag": "2026-03-11T20:14:00Z",
  "satellite": 18,
  "flux": 7.578640861538588E-7,
  "observed_flux": 8.126432362587366E-7,
  "electron_correction": 5.477918207930088E-8,
  "electron_contaminaton": false,
  "energy": "0.1-0.8nm"
}
