{
  "time_tag": "2026-01-07T10:18:00Z",
  "satellite": 18,
  "flux": 9.856994438450783E-7,
  "observed_flux": 0.0000010025401024904568,
  "electron_correction": 1.6840694172515214E-8,
  "electron_contaminaton": false,
  "energy": "0.1-0.8nm"
}
