{
  "time_tag": "2026-06-20T02:14:00Z",
  "satellite": 18,
  "flux": 0.0000031615907118975883,
  "observed_flux": 0.0000031752131235407433,
  "electron_correction": 1.3622277528213544E-8,
  "electron_contaminaton": false,
  "energy": "0.1-0.8nm"
}
