{
  "time_tag": "2026-03-25T10:02:00Z",
  "satellite": 18,
  "flux": 0.000001079064986697631,
  "observed_flux": 0.0000010912896186709986,
  "electron_correction": 1.22246026634798E-8,
  "electron_contaminaton": false,
  "energy": "0.1-0.8nm"
}
