{
  "time_tag": "2026-02-05T04:22:00Z",
  "satellite": 18,
  "flux": 0.000025120631107711233,
  "observed_flux": 0.000025124068997683935,
  "electron_correction": 3.4386700153987704E-9,
  "electron_contaminaton": false,
  "energy": "0.1-0.8nm"
}
