{
  "time_tag": "2026-02-12T08:26:00Z",
  "satellite": 18,
  "flux": 7.006062219261366E-7,
  "observed_flux": 7.036053943920706E-7,
  "electron_correction": 2.999194226305235E-9,
  "electron_contaminaton": false,
  "energy": "0.1-0.8nm"
}
