{
  "time_tag": "2026-04-23T22:25:00Z",
  "satellite": 18,
  "flux": 0.0000012838623888455913,
  "observed_flux": 0.0000013250165693534655,
  "electron_correction": 4.1154155638878365E-8,
  "electron_contaminaton": false,
  "energy": "0.1-0.8nm"
}
