{
  "time_tag": "2026-03-11T21:53:00Z",
  "satellite": 18,
  "flux": 5.933042075412231E-7,
  "observed_flux": 6.459304131567478E-7,
  "electron_correction": 5.2626187851956274E-8,
  "electron_contaminaton": false,
  "energy": "0.1-0.8nm"
}
