{
  "time_tag": "2026-01-04T17:18:00Z",
  "satellite": 18,
  "flux": 0.0000012129180504416581,
  "observed_flux": 0.000001248215767191141,
  "electron_correction": 3.529770964405543E-8,
  "electron_contaminaton": false,
  "energy": "0.1-0.8nm"
}
