{
  "time_tag": "2026-03-02T07:05:00Z",
  "satellite": 18,
  "flux": 0.0000014495691402771627,
  "observed_flux": 0.0000014544086752721341,
  "electron_correction": 4.839532330436214E-9,
  "electron_contaminaton": false,
  "energy": "0.1-0.8nm"
}
