{
  "time_tag": "2026-01-21T08:21:00Z",
  "satellite": 18,
  "flux": 0.0000028985818971705157,
  "observed_flux": 0.000002908144097091281,
  "electron_correction": 9.562286962250255E-9,
  "electron_contaminaton": false,
  "energy": "0.1-0.8nm"
}
