{
  "time_tag": "2025-12-09T21:20:00Z",
  "satellite": 18,
  "flux": 0.000002708697138587013,
  "observed_flux": 0.0000027297721771901706,
  "electron_correction": 2.1074944456245248E-8,
  "electron_contaminaton": false,
  "energy": "0.1-0.8nm"
}
