{
  "time_tag": "2026-01-11T00:43:00Z",
  "satellite": 18,
  "flux": 4.86396970700298E-7,
  "observed_flux": 4.959704256179975E-7,
  "electron_correction": 9.573493997550031E-9,
  "electron_contaminaton": false,
  "energy": "0.1-0.8nm"
}
