{
    "time_tag": "2026-05-08T06:47:00Z",
    "satellite": 18,
    "flux": 5.924961214986979e-07,
    "observed_flux": 5.930442057433538e-07,
    "electron_correction": 5.480870202134724e-10,
    "electron_contaminaton": false,
    "energy": "0.1-0.8nm"
}