{
  "time_tag": "2026-03-28T20:05:00Z",
  "satellite": 18,
  "flux": 0.0000013289169373820187,
  "observed_flux": 0.0000013761650734522846,
  "electron_correction": 4.724814317569326E-8,
  "electron_contaminaton": false,
  "energy": "0.1-0.8nm"
}
