{
  "time_tag": "2026-03-04T23:22:00Z",
  "satellite": 18,
  "flux": 5.809014851365646E-7,
  "observed_flux": 6.122852482803864E-7,
  "electron_correction": 3.138374538025346E-8,
  "electron_contaminaton": false,
  "energy": "0.1-0.8nm"
}
