{
    "time_tag": "2026-06-09T23:01:00Z",
    "satellite": 18,
    "flux": 1.3448598110699095e-06,
    "observed_flux": 1.3740660733674304e-06,
    "electron_correction": 2.9206249863023004e-08,
    "electron_contaminaton": false,
    "energy": "0.1-0.8nm"
}