{
  "time_tag": "2026-01-02T05:19:00Z",
  "satellite": 18,
  "flux": 0.0000011908895203305292,
  "observed_flux": 0.0000012012932302241097,
  "electron_correction": 1.0403653050161665E-8,
  "electron_contaminaton": false,
  "energy": "0.1-0.8nm"
}
