{
  "time_tag": "2026-03-07T20:36:00Z",
  "satellite": 18,
  "flux": 6.509655463560193E-7,
  "observed_flux": 6.907046667947725E-7,
  "electron_correction": 3.9739166624030986E-8,
  "electron_contaminaton": false,
  "energy": "0.1-0.8nm"
}
