{
    "time_tag": "2026-06-27T11:50:00Z",
    "satellite": 18,
    "flux": 2.031838448601775e-06,
    "observed_flux": 2.0675270206993446e-06,
    "electron_correction": 3.5688742627826286e-08,
    "electron_contaminaton": false,
    "energy": "0.1-0.8nm"
}