{
  "time_tag": "2026-02-17T18:18:00Z",
  "satellite": 18,
  "flux": 6.461378916355898E-7,
  "observed_flux": 6.964914973650593E-7,
  "electron_correction": 5.0353598624042206E-8,
  "electron_contaminaton": false,
  "energy": "0.1-0.8nm"
}
