{
  "time_tag": "2026-03-26T20:15:00Z",
  "satellite": 18,
  "flux": 0.0000014800724557062495,
  "observed_flux": 0.0000015366408661066089,
  "electron_correction": 5.65683642150816E-8,
  "electron_contaminaton": false,
  "energy": "0.1-0.8nm"
}
