{
  "time_tag": "2026-01-15T15:18:00Z",
  "satellite": 18,
  "flux": 9.595624987923657E-7,
  "observed_flux": 9.765411732587381E-7,
  "electron_correction": 1.6978720651650292E-8,
  "electron_contaminaton": false,
  "energy": "0.1-0.8nm"
}
