{
    "time_tag": "2026-05-16T17:59:00Z",
    "satellite": 18,
    "flux": 2.003613190026954e-06,
    "observed_flux": 2.1822131657245336e-06,
    "electron_correction": 1.786001604386911e-07,
    "electron_contaminaton": false,
    "energy": "0.1-0.8nm"
}