{
  "time_tag": "2026-05-05T08:36:00Z",
  "satellite": 18,
  "flux": 0.0000019108204014628427,
  "observed_flux": 0.000001938544528456987,
  "electron_correction": 2.7724114559646296E-8,
  "electron_contaminaton": false,
  "energy": "0.1-0.8nm"
}
