{
  "time_tag": "2025-12-30T06:19:00Z",
  "satellite": 18,
  "flux": 0.000003293622967248666,
  "observed_flux": 0.0000033044323117792374,
  "electron_correction": 1.0809436901126901E-8,
  "electron_contaminaton": false,
  "energy": "0.1-0.8nm"
}
