{
  "time_tag": "2026-03-28T06:45:00Z",
  "satellite": 18,
  "flux": 0.000004486860689212335,
  "observed_flux": 0.0000044986236389377154,
  "electron_correction": 1.1762979923446437E-8,
  "electron_contaminaton": false,
  "energy": "0.1-0.8nm"
}
