{
  "time_tag": "2026-03-02T10:43:00Z",
  "satellite": 18,
  "flux": 0.0000016158571725100046,
  "observed_flux": 0.0000016247971643679193,
  "electron_correction": 8.939982087952103E-9,
  "electron_contaminaton": false,
  "energy": "0.1-0.8nm"
}
