{
  "time_tag": "2026-04-19T05:09:00Z",
  "satellite": 18,
  "flux": 2.725517163071345E-7,
  "observed_flux": 2.9100053211550403E-7,
  "electron_correction": 1.8448824690153742E-8,
  "electron_contaminaton": false,
  "energy": "0.1-0.8nm"
}
