{
  "time_tag": "2026-03-17T21:27:00Z",
  "satellite": 18,
  "flux": 3.548071560999233E-7,
  "observed_flux": 4.0153037161871907E-7,
  "electron_correction": 4.672321907150945E-8,
  "electron_contaminaton": false,
  "energy": "0.1-0.8nm"
}
