{
  "time_tag": "2026-06-13T20:22:00Z",
  "satellite": 18,
  "flux": 5.691884439329442E-7,
  "observed_flux": 6.370339633576805E-7,
  "electron_correction": 6.784552653016362E-8,
  "electron_contaminaton": false,
  "energy": "0.1-0.8nm"
}
