{
    "time_tag": "2026-05-18T22:14:00Z",
    "satellite": 18,
    "flux": 4.176687014023628e-07,
    "observed_flux": 4.6982984258647775e-07,
    "electron_correction": 5.216114118411497e-08,
    "electron_contaminaton": false,
    "energy": "0.1-0.8nm"
}