{
  "time_tag": "2026-02-03T04:22:00Z",
  "satellite": 18,
  "flux": 0.00001759108818077948,
  "observed_flux": 0.000017601703802938573,
  "electron_correction": 1.061543741798232E-8,
  "electron_contaminaton": false,
  "energy": "0.1-0.8nm"
}
