{
  "time_tag": "2026-02-06T16:24:00Z",
  "satellite": 18,
  "flux": 0.0000012821900554627064,
  "observed_flux": 0.0000013280128996484564,
  "electron_correction": 4.582287616017311E-8,
  "electron_contaminaton": false,
  "energy": "0.1-0.8nm"
}
