{
  "time_tag": "2026-02-03T15:29:00Z",
  "satellite": 18,
  "flux": 0.00001653770959819667,
  "observed_flux": 0.000016555895854253322,
  "electron_correction": 1.8185746242238565E-8,
  "electron_contaminaton": false,
  "energy": "0.1-0.8nm"
}
