{
  "time_tag": "2026-03-06T05:22:00Z",
  "satellite": 18,
  "flux": 7.089271321092383E-7,
  "observed_flux": 7.147291967157798E-7,
  "electron_correction": 5.80208014966388E-9,
  "electron_contaminaton": false,
  "energy": "0.1-0.8nm"
}
