{
  "time_tag": "2026-06-06T22:33:00Z",
  "satellite": 18,
  "flux": 0.0000011166227977810195,
  "observed_flux": 0.000001162374815066869,
  "electron_correction": 4.5752038602131506E-8,
  "electron_contaminaton": false,
  "energy": "0.1-0.8nm"
}
