{
  "time_tag": "2026-05-29T02:14:00Z",
  "satellite": 19,
  "flux": 0.000001212531401506567,
  "observed_flux": 0.0000012251894077053294,
  "electron_correction": 1.265800708694087E-8,
  "electron_contaminaton": false,
  "energy": "0.1-0.8nm"
}
