{
  "time_tag": "2026-03-15T20:04:00Z",
  "satellite": 18,
  "flux": 4.852601591665007E-7,
  "observed_flux": 5.71052396480809E-7,
  "electron_correction": 8.579225863059037E-8,
  "electron_contaminaton": false,
  "energy": "0.1-0.8nm"
}
