{
  "time_tag": "2025-12-19T19:17:00Z",
  "satellite": 18,
  "flux": 8.232105415117985E-7,
  "observed_flux": 8.867023666425666E-7,
  "electron_correction": 6.349187486875962E-8,
  "electron_contaminaton": false,
  "energy": "0.1-0.8nm"
}
