{
  "time_tag": "2026-06-26T21:00:00Z",
  "satellite": 18,
  "flux": 0.0000014610201333198347,
  "observed_flux": 0.000001535340516056749,
  "electron_correction": 7.432033299892282E-8,
  "electron_contaminaton": false,
  "energy": "0.1-0.8nm"
}
