{
    "time_tag": "2026-05-23T23:57:00Z",
    "satellite": 18,
    "flux": 4.645693479687907e-06,
    "observed_flux": 4.674850970332045e-06,
    "electron_correction": 2.9157487091424628e-08,
    "electron_contaminaton": false,
    "energy": "0.1-0.8nm"
}