{
  "time_tag": "2026-02-09T14:33:00Z",
  "satellite": 18,
  "flux": 0.0000019249541765020695,
  "observed_flux": 0.0000019468373011477524,
  "electron_correction": 2.1883201029027077E-8,
  "electron_contaminaton": false,
  "energy": "0.1-0.8nm"
}
