{
    "time_tag": "2026-05-16T11:57:00Z",
    "satellite": 18,
    "flux": 4.6944143150540185e-07,
    "observed_flux": 5.033128900322481e-07,
    "electron_correction": 3.3871451421418897e-08,
    "electron_contaminaton": false,
    "energy": "0.1-0.8nm"
}