{
  "time_tag": "2026-04-24T10:26:00Z",
  "satellite": 18,
  "flux": 0.000003825436124316184,
  "observed_flux": 0.000003842073510895716,
  "electron_correction": 1.663737769774798E-8,
  "electron_contaminaton": false,
  "energy": "0.1-0.8nm"
}
