{
  "time_tag": "2026-05-31T15:00:00Z",
  "satellite": 18,
  "flux": 7.100205721144448E-7,
  "observed_flux": 7.422852945637715E-7,
  "electron_correction": 3.226473310746769E-8,
  "electron_contaminaton": false,
  "energy": "0.1-0.8nm"
}
