{
  "time_tag": "2026-02-19T22:54:00Z",
  "satellite": 18,
  "flux": 5.527280109163257E-7,
  "observed_flux": 5.933539455327264E-7,
  "electron_correction": 4.062593461640063E-8,
  "electron_contaminaton": false,
  "energy": "0.1-0.8nm"
}
