{
  "time_tag": "2026-06-21T22:27:00Z",
  "satellite": 18,
  "flux": 0.0000018053489156955038,
  "observed_flux": 0.0000018215567934021237,
  "electron_correction": 1.6207858166694677E-8,
  "electron_contaminaton": false,
  "energy": "0.1-0.8nm"
}
