{
  "time_tag": "2026-05-21T16:23:00Z",
  "satellite": 18,
  "flux": 7.813001161594002E-7,
  "observed_flux": 8.273987646134628E-7,
  "electron_correction": 4.6098609374212174E-8,
  "electron_contaminaton": false,
  "energy": "0.1-0.8nm"
}
