{
  "time_tag": "2026-04-20T16:09:00Z",
  "satellite": 18,
  "flux": 4.5702475404141296E-7,
  "observed_flux": 4.7316174800471344E-7,
  "electron_correction": 1.6136986857873126E-8,
  "electron_contaminaton": false,
  "energy": "0.1-0.8nm"
}
