{
  "time_tag": "2026-06-24T19:28:00Z",
  "satellite": 18,
  "flux": 0.0000010453899221829488,
  "observed_flux": 0.000001065715423465008,
  "electron_correction": 2.0325430227785546E-8,
  "electron_contaminaton": false,
  "energy": "0.1-0.8nm"
}
