{
  "time_tag": "2026-01-28T13:29:00Z",
  "satellite": 18,
  "flux": 0.0000011283317462584819,
  "observed_flux": 0.00000118432240014954,
  "electron_correction": 5.599065389105817E-8,
  "electron_contaminaton": false,
  "energy": "0.1-0.8nm"
}
