{
    "time_tag": "2026-05-22T19:37:00Z",
    "satellite": 18,
    "flux": 7.744295089651132e-07,
    "observed_flux": 8.103162372208317e-07,
    "electron_correction": 3.588675667742791e-08,
    "electron_contaminaton": false,
    "energy": "0.1-0.8nm"
}