{
  "time_tag": "2026-05-06T22:31:00Z",
  "satellite": 18,
  "flux": 5.578487503044016E-7,
  "observed_flux": 6.049618264114542E-7,
  "electron_correction": 4.7113065448911584E-8,
  "electron_contaminaton": false,
  "energy": "0.1-0.8nm"
}
