{
  "time_tag": "2026-05-03T11:45:00Z",
  "satellite": 18,
  "flux": 0.0000011099884886789368,
  "observed_flux": 0.0000011286578001090675,
  "electron_correction": 1.8669323864628495E-8,
  "electron_contaminaton": false,
  "energy": "0.1-0.8nm"
}
