{
  "time_tag": "2026-05-23T20:32:00Z",
  "satellite": 18,
  "flux": 0.000002344052518310491,
  "observed_flux": 0.000002375912345087272,
  "electron_correction": 3.185984809306319E-8,
  "electron_contaminaton": false,
  "energy": "0.1-0.8nm"
}
