{
    "time_tag": "2026-05-01T21:56:00Z",
    "satellite": 18,
    "flux": 9.513140071248927e-07,
    "observed_flux": 1.0050971468444914e-06,
    "electron_correction": 5.378318590487652e-08,
    "electron_contaminaton": false,
    "energy": "0.1-0.8nm"
}