{
    "time_tag": "2026-06-23T23:00:00Z",
    "satellite": 18,
    "flux": 3.5035095606872346e-06,
    "observed_flux": 3.5058435514656594e-06,
    "electron_correction": 2.333895965378474e-09,
    "electron_contaminaton": false,
    "energy": "0.1-0.8nm"
}