{
  "time_tag": "2026-02-08T12:00:00Z",
  "satellite": 18,
  "flux": 0.000011294369869574439,
  "observed_flux": 0.000011323510079819243,
  "electron_correction": 2.913991892228296E-8,
  "electron_contaminaton": false,
  "energy": "0.1-0.8nm"
}
