{
    "time_tag": "2026-05-28T00:08:00Z",
    "satellite": 19,
    "flux": 7.842451168471598e-07,
    "observed_flux": 8.117463607959507e-07,
    "electron_correction": 2.7501217303438352e-08,
    "electron_contaminaton": false,
    "energy": "0.1-0.8nm"
}