{
  "time_tag": "2025-12-18T18:20:00Z",
  "satellite": 18,
  "flux": 6.399358198905247E-7,
  "observed_flux": 7.10221002009348E-7,
  "electron_correction": 7.028518922425064E-8,
  "electron_contaminaton": false,
  "energy": "0.1-0.8nm"
}
