{
  "time_tag": "2025-12-12T04:20:00Z",
  "satellite": 18,
  "flux": 0.000001126670440498856,
  "observed_flux": 0.0000011268934940744657,
  "electron_correction": 2.2304678937157263E-10,
  "electron_contaminaton": false,
  "energy": "0.1-0.8nm"
}
