{
  "time_tag": "2026-03-28T15:40:00Z",
  "satellite": 18,
  "flux": 0.000002405540953986929,
  "observed_flux": 0.0000024164885417121695,
  "electron_correction": 1.0947542428141332E-8,
  "electron_contaminaton": false,
  "energy": "0.1-0.8nm"
}
