{
  "time_tag": "2026-06-12T03:42:00Z",
  "satellite": 18,
  "flux": 8.023541795409983E-7,
  "observed_flux": 8.063305472205684E-7,
  "electron_correction": 3.9763841108708675E-9,
  "electron_contaminaton": false,
  "energy": "0.1-0.8nm"
}
