{
  "time_tag": "2026-04-23T19:51:00Z",
  "satellite": 18,
  "flux": 0.000001850025341809669,
  "observed_flux": 0.000001896473463602888,
  "electron_correction": 4.644806139708635E-8,
  "electron_contaminaton": false,
  "energy": "0.1-0.8nm"
}
