{
  "time_tag": "2026-01-28T07:19:00Z",
  "satellite": 18,
  "flux": 0.000001102999362956325,
  "observed_flux": 0.0000011042063761124155,
  "electron_correction": 1.2069902854960901E-9,
  "electron_contaminaton": false,
  "energy": "0.1-0.8nm"
}
