{
    "time_tag": "2026-05-26T23:22:00Z",
    "satellite": 18,
    "flux": 1.010104824672453e-06,
    "observed_flux": 1.0166639867748017e-06,
    "electron_correction": 6.559229603908534e-09,
    "electron_contaminaton": false,
    "energy": "0.1-0.8nm"
}