{
  "time_tag": "2026-01-04T00:43:00Z",
  "satellite": 18,
  "flux": 0.0000011558566939129378,
  "observed_flux": 0.0000012015943866572343,
  "electron_correction": 4.573763234816397E-8,
  "electron_contaminaton": false,
  "energy": "0.1-0.8nm"
}
