{
  "time_tag": "2026-03-25T06:36:00Z",
  "satellite": 18,
  "flux": 8.486732667734032E-7,
  "observed_flux": 9.06659010979638E-7,
  "electron_correction": 5.798574420623481E-8,
  "electron_contaminaton": false,
  "energy": "0.1-0.8nm"
}
