{
  "time_tag": "2026-02-05T07:04:00Z",
  "satellite": 18,
  "flux": 0.0000029486645871656947,
  "observed_flux": 0.0000029491907298506703,
  "electron_correction": 5.260419877473055E-10,
  "electron_contaminaton": false,
  "energy": "0.1-0.8nm"
}
