{
  "time_tag": "2026-03-27T10:29:00Z",
  "satellite": 18,
  "flux": 0.0000030626897569163702,
  "observed_flux": 0.0000030900303045200417,
  "electron_correction": 2.734063819787025E-8,
  "electron_contaminaton": false,
  "energy": "0.1-0.8nm"
}
