{
    "time_tag": "2026-05-18T01:19:00Z",
    "satellite": 18,
    "flux": 7.554527883257833e-07,
    "observed_flux": 8.103057780317613e-07,
    "electron_correction": 5.485296838969589e-08,
    "electron_contaminaton": false,
    "energy": "0.1-0.8nm"
}