{
  "time_tag": "2026-02-09T09:33:00Z",
  "satellite": 18,
  "flux": 0.0000029162824830564205,
  "observed_flux": 0.0000029292955332493875,
  "electron_correction": 1.3012976474158222E-8,
  "electron_contaminaton": false,
  "energy": "0.1-0.8nm"
}
