{
  "time_tag": "2026-03-02T16:29:00Z",
  "satellite": 18,
  "flux": 0.0000011456545507826377,
  "observed_flux": 0.0000011693998658302007,
  "electron_correction": 2.3745281296783105E-8,
  "electron_contaminaton": false,
  "energy": "0.1-0.8nm"
}
