{
    "time_tag": "2026-05-02T12:35:00Z",
    "satellite": 18,
    "flux": 3.2369350719818613e-06,
    "observed_flux": 3.26100644088001e-06,
    "electron_correction": 2.4071290738447715e-08,
    "electron_contaminaton": false,
    "energy": "0.1-0.8nm"
}