{
  "time_tag": "2026-03-08T19:09:00Z",
  "satellite": 18,
  "flux": 8.326643410327961E-7,
  "observed_flux": 9.148751587417792E-7,
  "electron_correction": 8.22108319198378E-8,
  "electron_contaminaton": false,
  "energy": "0.1-0.8nm"
}
