{
  "time_tag": "2026-01-09T07:20:00Z",
  "satellite": 18,
  "flux": 6.315680138868629E-7,
  "observed_flux": 6.330200221782434E-7,
  "electron_correction": 1.4520317170862995E-9,
  "electron_contaminaton": false,
  "energy": "0.1-0.8nm"
}
