{
  "time_tag": "2026-02-11T23:53:00Z",
  "satellite": 18,
  "flux": 0.0000015473275425392785,
  "observed_flux": 0.000001601810708962148,
  "electron_correction": 5.448320195000633E-8,
  "electron_contaminaton": false,
  "energy": "0.1-0.8nm"
}
