{
  "time_tag": "2026-03-24T10:02:00Z",
  "satellite": 18,
  "flux": 7.205979386526451E-7,
  "observed_flux": 7.684498655180505E-7,
  "electron_correction": 4.785197305068323E-8,
  "electron_contaminaton": false,
  "energy": "0.1-0.8nm"
}
