{
  "time_tag": "2026-05-17T20:31:00Z",
  "satellite": 18,
  "flux": 6.529618872264109E-7,
  "observed_flux": 7.257483503053663E-7,
  "electron_correction": 7.278640623553656E-8,
  "electron_contaminaton": false,
  "energy": "0.1-0.8nm"
}
