{
  "time_tag": "2026-04-29T21:04:00Z",
  "satellite": 18,
  "flux": 8.905470849640551E-7,
  "observed_flux": 8.991543722913775E-7,
  "electron_correction": 8.607297985463447E-9,
  "electron_contaminaton": false,
  "energy": "0.1-0.8nm"
}
