{
    "time_tag": "2026-05-03T21:39:00Z",
    "satellite": 18,
    "flux": 7.961398296174593e-07,
    "observed_flux": 8.334973813362012e-07,
    "electron_correction": 3.735754461331453e-08,
    "electron_contaminaton": false,
    "energy": "0.1-0.8nm"
}