{
  "time_tag": "2026-05-21T14:02:00Z",
  "satellite": 18,
  "flux": 7.435716042891727E-7,
  "observed_flux": 7.810920692463696E-7,
  "electron_correction": 3.7520436535487534E-8,
  "electron_contaminaton": false,
  "energy": "0.1-0.8nm"
}
