{
  "time_tag": "2026-02-25T07:05:00Z",
  "satellite": 18,
  "flux": 0.0000020858919924648944,
  "observed_flux": 0.0000021016014670749428,
  "electron_correction": 1.5709380463135858E-8,
  "electron_contaminaton": false,
  "energy": "0.1-0.8nm"
}
