{
    "time_tag": "2026-06-15T05:31:00Z",
    "satellite": 18,
    "flux": 6.496048285953293e-07,
    "observed_flux": 6.78775620599481e-07,
    "electron_correction": 2.9170770687869663e-08,
    "electron_contaminaton": false,
    "energy": "0.1-0.8nm"
}