{
  "time_tag": "2026-02-05T06:31:00Z",
  "satellite": 18,
  "flux": 0.000008171751687768847,
  "observed_flux": 0.000008171991794370115,
  "electron_correction": 2.401150112074646E-10,
  "electron_contaminaton": false,
  "energy": "0.1-0.8nm"
}
