{
  "time_tag": "2026-02-14T17:36:00Z",
  "satellite": 18,
  "flux": 6.557952474395279E-7,
  "observed_flux": 7.033886504359543E-7,
  "electron_correction": 4.7593410101853806E-8,
  "electron_contaminaton": false,
  "energy": "0.1-0.8nm"
}
