{
    "time_tag": "2026-06-10T10:49:00Z",
    "satellite": 18,
    "flux": 6.437313118112797e-07,
    "observed_flux": 6.467880666605197e-07,
    "electron_correction": 3.0567797182357026e-09,
    "electron_contaminaton": false,
    "energy": "0.1-0.8nm"
}