{
  "time_tag": "2026-03-08T13:15:00Z",
  "satellite": 18,
  "flux": 6.646317274316971E-7,
  "observed_flux": 6.863277235424903E-7,
  "electron_correction": 2.1695967689083773E-8,
  "electron_contaminaton": false,
  "energy": "0.1-0.8nm"
}
