{
  "time_tag": "2026-01-25T10:19:00Z",
  "satellite": 18,
  "flux": 0.0000015930512518025353,
  "observed_flux": 0.00000159657531639823,
  "electron_correction": 3.524126102050218E-9,
  "electron_contaminaton": false,
  "energy": "0.1-0.8nm"
}
