{
    "time_tag": "2026-06-23T10:01:00Z",
    "satellite": 18,
    "flux": 7.503491019633657e-07,
    "observed_flux": 7.520985150222259e-07,
    "electron_correction": 1.7493917425781547e-09,
    "electron_contaminaton": false,
    "energy": "0.1-0.8nm"
}