{
  "time_tag": "2026-05-20T05:08:00Z",
  "satellite": 18,
  "flux": 8.934022162065958E-7,
  "observed_flux": 9.191492154059233E-7,
  "electron_correction": 2.574704893731905E-8,
  "electron_contaminaton": false,
  "energy": "0.1-0.8nm"
}
