{
    "time_tag": "2026-05-15T19:36:00Z",
    "satellite": 18,
    "flux": 3.6382189705364e-07,
    "observed_flux": 3.816596176875464e-07,
    "electron_correction": 1.783771352847907e-08,
    "electron_contaminaton": false,
    "energy": "0.1-0.8nm"
}