{
  "time_tag": "2026-03-27T16:01:00Z",
  "satellite": 18,
  "flux": 0.0000011252531066929805,
  "observed_flux": 0.0000011625734259723686,
  "electron_correction": 3.7320393886375314E-8,
  "electron_contaminaton": false,
  "energy": "0.1-0.8nm"
}
