{
    "time_tag": "2026-06-01T12:51:00Z",
    "satellite": 18,
    "flux": 5.900942028347345e-07,
    "observed_flux": 6.03333717208443e-07,
    "electron_correction": 1.3239538354525848e-08,
    "electron_contaminaton": false,
    "energy": "0.1-0.8nm"
}