{
  "time_tag": "2026-03-19T20:43:00Z",
  "satellite": 18,
  "flux": 3.031484254734096E-7,
  "observed_flux": 3.2317512932422687E-7,
  "electron_correction": 2.0026696745389927E-8,
  "electron_contaminaton": false,
  "energy": "0.1-0.8nm"
}
