{
    "time_tag": "2026-06-20T16:52:00Z",
    "satellite": 18,
    "flux": 4.182469979241432e-07,
    "observed_flux": 4.3885268041776726e-07,
    "electron_correction": 2.0605703809906117e-08,
    "electron_contaminaton": false,
    "energy": "0.1-0.8nm"
}