{
  "time_tag": "2026-01-11T15:18:00Z",
  "satellite": 18,
  "flux": 5.032161993767659E-7,
  "observed_flux": 5.502635076481965E-7,
  "electron_correction": 4.704730471871699E-8,
  "electron_contaminaton": false,
  "energy": "0.1-0.8nm"
}
