{
  "time_tag": "2026-05-09T20:25:00Z",
  "satellite": 18,
  "flux": 0.0000010245315706924885,
  "observed_flux": 0.0000010504940064492985,
  "electron_correction": 2.5962417993241615E-8,
  "electron_contaminaton": false,
  "energy": "0.1-0.8nm"
}
