{
  "time_tag": "2026-03-05T15:01:00Z",
  "satellite": 18,
  "flux": 5.919579280089238E-7,
  "observed_flux": 6.085234645070159E-7,
  "electron_correction": 1.6565499194598488E-8,
  "electron_contaminaton": false,
  "energy": "0.1-0.8nm"
}
