{
    "time_tag": "2026-05-10T15:50:00Z",
    "satellite": 18,
    "flux": 2.2475460355053656e-06,
    "observed_flux": 2.2644182990916306e-06,
    "electron_correction": 1.6872197861061977e-08,
    "electron_contaminaton": false,
    "energy": "0.1-0.8nm"
}