{
    "time_tag": "2026-06-28T19:03:00Z",
    "satellite": 18,
    "flux": 1.6416331618529512e-06,
    "observed_flux": 1.6852362705321866e-06,
    "electron_correction": 4.360304828310291e-08,
    "electron_contaminaton": false,
    "energy": "0.1-0.8nm"
}