{
  "time_tag": "2026-02-21T06:11:00Z",
  "satellite": 18,
  "flux": 3.0349781354743754E-7,
  "observed_flux": 3.041162131012243E-7,
  "electron_correction": 6.18394890850027E-10,
  "electron_contaminaton": false,
  "energy": "0.1-0.8nm"
}
