{
  "time_tag": "2026-05-09T15:30:00Z",
  "satellite": 18,
  "flux": 0.0000013314868283487158,
  "observed_flux": 0.000001357285441372369,
  "electron_correction": 2.5798604141868964E-8,
  "electron_contaminaton": false,
  "energy": "0.1-0.8nm"
}
