{
  "time_tag": "2026-02-25T20:41:00Z",
  "satellite": 18,
  "flux": 0.0000016598964975855779,
  "observed_flux": 0.0000017347105085718795,
  "electron_correction": 7.481403940801101E-8,
  "electron_contaminaton": false,
  "energy": "0.1-0.8nm"
}
