{
  "time_tag": "2026-04-22T23:32:00Z",
  "satellite": 18,
  "flux": 0.000001603632085789286,
  "observed_flux": 0.0000016490668031110545,
  "electron_correction": 4.5434745743477833E-8,
  "electron_contaminaton": false,
  "energy": "0.1-0.8nm"
}
