{
  "time_tag": "2026-03-12T11:51:00Z",
  "satellite": 18,
  "flux": 0.0000013516233821064816,
  "observed_flux": 0.000001368667426504544,
  "electron_correction": 1.7044053279846594E-8,
  "electron_contaminaton": false,
  "energy": "0.1-0.8nm"
}
