{
  "time_tag": "2026-04-28T11:09:00Z",
  "satellite": 18,
  "flux": 0.0000015999895595086855,
  "observed_flux": 0.0000016056354752436164,
  "electron_correction": 5.645998335523927E-9,
  "electron_contaminaton": false,
  "energy": "0.1-0.8nm"
}
