{
  "time_tag": "2026-05-24T19:05:00Z",
  "satellite": 18,
  "flux": 9.817690624913666E-7,
  "observed_flux": 0.000001006066781883419,
  "electron_correction": 2.429776202461653E-8,
  "electron_contaminaton": false,
  "energy": "0.1-0.8nm"
}
