{
  "time_tag": "2026-03-17T13:30:00Z",
  "satellite": 18,
  "flux": 3.572895934667031E-7,
  "observed_flux": 3.8407910096793785E-7,
  "electron_correction": 2.6789518159375802E-8,
  "electron_contaminaton": false,
  "energy": "0.1-0.8nm"
}
