{
  "time_tag": "2026-01-27T08:20:00Z",
  "satellite": 18,
  "flux": 0.0000015357516076619504,
  "observed_flux": 0.0000015693361774538062,
  "electron_correction": 3.35845626864284E-8,
  "electron_contaminaton": false,
  "energy": "0.1-0.8nm"
}
