{
  "time_tag": "2026-02-26T02:35:00Z",
  "satellite": 18,
  "flux": 0.000001015727093545138,
  "observed_flux": 0.0000010618788337524165,
  "electron_correction": 4.61517295491376E-8,
  "electron_contaminaton": false,
  "energy": "0.1-0.8nm"
}
