{
    "time_tag": "2026-04-26T05:25:00Z",
    "satellite": 18,
    "flux": 2.167909769923426e-06,
    "observed_flux": 2.1686726086045383e-06,
    "electron_correction": 7.627277698318835e-10,
    "electron_contaminaton": false,
    "energy": "0.1-0.8nm"
}