{
    "time_tag": "2026-05-02T15:59:00Z",
    "satellite": 18,
    "flux": 1.67172970577667e-06,
    "observed_flux": 1.7074894458346535e-06,
    "electron_correction": 3.575976492697919e-08,
    "electron_contaminaton": false,
    "energy": "0.1-0.8nm"
}