{
  "time_tag": "2026-03-20T11:09:00Z",
  "satellite": 18,
  "flux": 4.3798874571621127E-7,
  "observed_flux": 4.3799386162390874E-7,
  "electron_correction": 5.123795051437119E-12,
  "electron_contaminaton": false,
  "energy": "0.1-0.8nm"
}
