{
    "time_tag": "2026-06-04T16:44:00Z",
    "satellite": 18,
    "flux": 1.5440614333783742e-06,
    "observed_flux": 1.5531445569649804e-06,
    "electron_correction": 9.083120922070975e-09,
    "electron_contaminaton": false,
    "energy": "0.1-0.8nm"
}