{
    "time_tag": "2026-06-15T09:37:00Z",
    "satellite": 18,
    "flux": 7.495227123399673e-07,
    "observed_flux": 7.745378525214619e-07,
    "electron_correction": 2.5015138405137805e-08,
    "electron_contaminaton": false,
    "energy": "0.1-0.8nm"
}