{
  "time_tag": "2025-12-23T04:22:00Z",
  "satellite": 18,
  "flux": 9.231978879142844E-7,
  "observed_flux": 9.403238436789252E-7,
  "electron_correction": 1.71259593173545E-8,
  "electron_contaminaton": false,
  "energy": "0.1-0.8nm"
}
