{
    "time_tag": "2026-04-22T22:26:00Z",
    "satellite": 18,
    "flux": 8.523909968971566e-07,
    "observed_flux": 9.033748824549548e-07,
    "electron_correction": 5.098386779422981e-08,
    "electron_contaminaton": false,
    "energy": "0.1-0.8nm"
}