{
  "time_tag": "2026-03-08T02:36:00Z",
  "satellite": 18,
  "flux": 6.664285479018872E-7,
  "observed_flux": 6.81325559526158E-7,
  "electron_correction": 1.489706136226232E-8,
  "electron_contaminaton": false,
  "energy": "0.1-0.8nm"
}
