{
  "time_tag": "2026-02-27T21:51:00Z",
  "satellite": 18,
  "flux": 9.110608516493812E-7,
  "observed_flux": 9.636329423301504E-7,
  "electron_correction": 5.257211199705125E-8,
  "electron_contaminaton": false,
  "energy": "0.1-0.8nm"
}
