{
  "time_tag": "2026-02-02T08:24:00Z",
  "satellite": 18,
  "flux": 0.00014107866445556283,
  "observed_flux": 0.00014107866445556283,
  "electron_correction": 0.0,
  "electron_contaminaton": false,
  "energy": "0.1-0.8nm"
}
