{
    "time_tag": "2026-05-03T14:24:00Z",
    "satellite": 18,
    "flux": 9.048085303220432e-07,
    "observed_flux": 9.270278837902879e-07,
    "electron_correction": 2.2219365902742538e-08,
    "electron_contaminaton": false,
    "energy": "0.1-0.8nm"
}