{
  "time_tag": "2026-04-24T13:48:00Z",
  "satellite": 18,
  "flux": 0.000003938643203582615,
  "observed_flux": 0.000003963227754866239,
  "electron_correction": 2.4584661417748066E-8,
  "electron_contaminaton": false,
  "energy": "0.1-0.8nm"
}
