{
  "time_tag": "2026-01-09T16:19:00Z",
  "satellite": 18,
  "flux": 5.586209681496257E-7,
  "observed_flux": 5.76456500311906E-7,
  "electron_correction": 1.7835571242130754E-8,
  "electron_contaminaton": false,
  "energy": "0.1-0.8nm"
}
