{
  "time_tag": "2026-02-09T07:45:00Z",
  "satellite": 18,
  "flux": 0.00000354831172444392,
  "observed_flux": 0.000003564187863958068,
  "electron_correction": 1.5876103987011447E-8,
  "electron_contaminaton": false,
  "energy": "0.1-0.8nm"
}
