{
    "time_tag": "2026-04-28T22:48:00Z",
    "satellite": 18,
    "flux": 2.0146160295553273e-06,
    "observed_flux": 2.0258999029465485e-06,
    "electron_correction": 1.1283898260217029e-08,
    "electron_contaminaton": false,
    "energy": "0.1-0.8nm"
}