{
  "time_tag": "2026-01-11T05:19:00Z",
  "satellite": 18,
  "flux": 6.731405051141337E-7,
  "observed_flux": 6.782099148949783E-7,
  "electron_correction": 5.06938135913515E-9,
  "electron_contaminaton": false,
  "energy": "0.1-0.8nm"
}
