{
  "time_tag": "2026-03-30T17:04:00Z",
  "satellite": 18,
  "flux": 0.000001449480009796389,
  "observed_flux": 0.0000014664541367892525,
  "electron_correction": 1.697416962542775E-8,
  "electron_contaminaton": false,
  "energy": "0.1-0.8nm"
}
