{
    "time_tag": "2026-04-26T21:52:00Z",
    "satellite": 18,
    "flux": 6.480431238742312e-06,
    "observed_flux": 6.522569947264856e-06,
    "electron_correction": 4.2138402989166934e-08,
    "electron_contaminaton": false,
    "energy": "0.1-0.8nm"
}