{
  "time_tag": "2026-05-04T02:58:00Z",
  "satellite": 18,
  "flux": 0.0000010742601261881646,
  "observed_flux": 0.0000010955122888844926,
  "electron_correction": 2.1252217763390036E-8,
  "electron_contaminaton": false,
  "energy": "0.1-0.8nm"
}
