{
  "time_tag": "2026-04-20T13:49:00Z",
  "satellite": 18,
  "flux": 6.925965294612979E-7,
  "observed_flux": 6.964440331103106E-7,
  "electron_correction": 3.847494767228454E-9,
  "electron_contaminaton": false,
  "energy": "0.1-0.8nm"
}
