{
  "time_tag": "2026-02-21T16:40:00Z",
  "satellite": 18,
  "flux": 3.5036876511185255E-7,
  "observed_flux": 3.6464288655224664E-7,
  "electron_correction": 1.4274127657643021E-8,
  "electron_contaminaton": false,
  "energy": "0.1-0.8nm"
}
