{
    "time_tag": "2026-06-21T15:14:00Z",
    "satellite": 18,
    "flux": 8.276634275716788e-07,
    "observed_flux": 8.395012969231175e-07,
    "electron_correction": 1.1837864910546614e-08,
    "electron_contaminaton": false,
    "energy": "0.1-0.8nm"
}