{
  "time_tag": "2026-01-06T09:18:00Z",
  "satellite": 18,
  "flux": 0.000001152699837803084,
  "observed_flux": 0.000001173932787423837,
  "electron_correction": 2.1233020675026637E-8,
  "electron_contaminaton": false,
  "energy": "0.1-0.8nm"
}
