{
  "time_tag": "2026-05-02T09:19:00Z",
  "satellite": 18,
  "flux": 0.0000011787581115640933,
  "observed_flux": 0.0000012028255014229217,
  "electron_correction": 2.4067350778977925E-8,
  "electron_contaminaton": false,
  "energy": "0.1-0.8nm"
}
