{
    "time_tag": "2026-06-27T15:46:00Z",
    "satellite": 18,
    "flux": 1.447676936550124e-06,
    "observed_flux": 1.4941678045943263e-06,
    "electron_correction": 4.64908538333475e-08,
    "electron_contaminaton": false,
    "energy": "0.1-0.8nm"
}