{
  "time_tag": "2026-01-04T08:19:00Z",
  "satellite": 18,
  "flux": 0.0000013224622534835362,
  "observed_flux": 0.000001347746433566499,
  "electron_correction": 2.528414455582606E-8,
  "electron_contaminaton": false,
  "energy": "0.1-0.8nm"
}
