{
  "time_tag": "2026-06-01T22:39:00Z",
  "satellite": 18,
  "flux": 7.553330760856625E-7,
  "observed_flux": 7.88431748333096E-7,
  "electron_correction": 3.3098658036578854E-8,
  "electron_contaminaton": false,
  "energy": "0.1-0.8nm"
}
