{
  "time_tag": "2025-12-13T13:18:00Z",
  "satellite": 18,
  "flux": 0.0000015090863598743454,
  "observed_flux": 0.0000015415412235597614,
  "electron_correction": 3.245477131486041E-8,
  "electron_contaminaton": false,
  "energy": "0.1-0.8nm"
}
