{
  "time_tag": "2026-03-14T22:39:00Z",
  "satellite": 18,
  "flux": 4.600678380484169E-7,
  "observed_flux": 4.850379013987549E-7,
  "electron_correction": 2.497007756119274E-8,
  "electron_contaminaton": false,
  "energy": "0.1-0.8nm"
}
