{
  "time_tag": "2026-04-21T01:49:00Z",
  "satellite": 18,
  "flux": 5.115974204272788E-7,
  "observed_flux": 5.492639729709481E-7,
  "electron_correction": 3.766655609638292E-8,
  "electron_contaminaton": false,
  "energy": "0.1-0.8nm"
}
