{
    "time_tag": "2026-05-17T04:41:00Z",
    "satellite": 18,
    "flux": 8.137487270687416e-07,
    "observed_flux": 8.843375098877004e-07,
    "electron_correction": 7.058874018639472e-08,
    "electron_contaminaton": false,
    "energy": "0.1-0.8nm"
}