{
  "time_tag": "2026-03-01T18:55:00Z",
  "satellite": 18,
  "flux": 0.0000015662885743950028,
  "observed_flux": 0.0000016249687178060412,
  "electron_correction": 5.8680083014905904E-8,
  "electron_contaminaton": false,
  "energy": "0.1-0.8nm"
}
