{
  "time_tag": "2026-03-20T16:12:00Z",
  "satellite": 18,
  "flux": 2.993408259044372E-7,
  "observed_flux": 3.0160381925270485E-7,
  "electron_correction": 2.2629937923568377E-9,
  "electron_contaminaton": false,
  "energy": "0.1-0.8nm"
}
