{
  "time_tag": "2026-05-15T22:02:00Z",
  "satellite": 18,
  "flux": 3.768776082324621E-7,
  "observed_flux": 3.88612278356959E-7,
  "electron_correction": 1.1734671012675335E-8,
  "electron_contaminaton": false,
  "energy": "0.1-0.8nm"
}
