{
  "time_tag": "2026-03-25T14:08:00Z",
  "satellite": 18,
  "flux": 0.0000020368097466416657,
  "observed_flux": 0.0000020558568394335452,
  "electron_correction": 1.904700219768074E-8,
  "electron_contaminaton": false,
  "energy": "0.1-0.8nm"
}
