{
  "time_tag": "2026-03-03T11:41:00Z",
  "satellite": 18,
  "flux": 6.670651373497094E-7,
  "observed_flux": 6.676817747575114E-7,
  "electron_correction": 6.166464006085448E-10,
  "electron_contaminaton": false,
  "energy": "0.1-0.8nm"
}
