{
  "time_tag": "2026-04-23T21:12:00Z",
  "satellite": 18,
  "flux": 0.0000011957184824495926,
  "observed_flux": 0.0000012431443110472173,
  "electron_correction": 4.742576109606489E-8,
  "electron_contaminaton": false,
  "energy": "0.1-0.8nm"
}
