{
    "time_tag": "2026-06-18T23:41:00Z",
    "satellite": 18,
    "flux": 4.1193320043930726e-07,
    "observed_flux": 4.2416823475832643e-07,
    "electron_correction": 1.2235052970765992e-08,
    "electron_contaminaton": false,
    "energy": "0.1-0.8nm"
}