{
  "time_tag": "2026-01-02T08:19:00Z",
  "satellite": 18,
  "flux": 0.000001151678020505642,
  "observed_flux": 0.0000011601980531850131,
  "electron_correction": 8.52009129914677E-9,
  "electron_contaminaton": false,
  "energy": "0.1-0.8nm"
}
