{
  "time_tag": "2026-03-08T07:22:00Z",
  "satellite": 18,
  "flux": 6.981432534303167E-7,
  "observed_flux": 7.09370738150028E-7,
  "electron_correction": 1.1227510476885527E-8,
  "electron_contaminaton": false,
  "energy": "0.1-0.8nm"
}
