{
    "time_tag": "2026-04-24T20:22:00Z",
    "satellite": 18,
    "flux": 2.2193387394509045e-06,
    "observed_flux": 2.257437245134497e-06,
    "electron_correction": 3.809859805414817e-08,
    "electron_contaminaton": false,
    "energy": "0.1-0.8nm"
}