{
    "time_tag": "2026-05-23T03:08:00Z",
    "satellite": 18,
    "flux": 8.173167316272156e-07,
    "observed_flux": 8.40895722831192e-07,
    "electron_correction": 2.357899120397633e-08,
    "electron_contaminaton": false,
    "energy": "0.1-0.8nm"
}