{
  "time_tag": "2026-01-30T11:23:00Z",
  "satellite": 18,
  "flux": 7.63126820402249E-7,
  "observed_flux": 8.033631502257776E-7,
  "electron_correction": 4.023632627081497E-8,
  "electron_contaminaton": false,
  "energy": "0.1-0.8nm"
}
