{
  "time_tag": "2025-12-10T08:23:00Z",
  "satellite": 18,
  "flux": 0.0000024643320557515835,
  "observed_flux": 0.000002466507339704549,
  "electron_correction": 2.1752495360516377E-9,
  "electron_contaminaton": false,
  "energy": "0.1-0.8nm"
}
