{
  "time_tag": "2026-02-25T19:54:00Z",
  "satellite": 18,
  "flux": 0.0000017171884110211977,
  "observed_flux": 0.0000017844447484094417,
  "electron_correction": 6.725635159909871E-8,
  "electron_contaminaton": false,
  "energy": "0.1-0.8nm"
}
