{
  "time_tag": "2026-05-03T11:26:00Z",
  "satellite": 18,
  "flux": 9.082679639504931E-7,
  "observed_flux": 9.270462442145799E-7,
  "electron_correction": 1.8778260724161555E-8,
  "electron_contaminaton": false,
  "energy": "0.1-0.8nm"
}
