{
  "time_tag": "2026-02-21T04:53:00Z",
  "satellite": 18,
  "flux": 3.184062791206088E-7,
  "observed_flux": 3.185075172495999E-7,
  "electron_correction": 1.012165004588006E-10,
  "electron_contaminaton": false,
  "energy": "0.1-0.8nm"
}
