{
  "time_tag": "2026-05-24T16:03:00Z",
  "satellite": 18,
  "flux": 7.471530238944979E-7,
  "observed_flux": 7.611154160258593E-7,
  "electron_correction": 1.3962401013145609E-8,
  "electron_contaminaton": false,
  "energy": "0.1-0.8nm"
}
