{
  "time_tag": "2026-05-14T20:02:00Z",
  "satellite": 18,
  "flux": 0.0000013847979971615132,
  "observed_flux": 0.0000014050177696844912,
  "electron_correction": 2.0219788510189574E-8,
  "electron_contaminaton": false,
  "energy": "0.1-0.8nm"
}
