{
    "time_tag": "2026-05-09T06:04:00Z",
    "satellite": 18,
    "flux": 8.283135457531898e-07,
    "observed_flux": 8.453092732452205e-07,
    "electron_correction": 1.699572749203071e-08,
    "electron_contaminaton": false,
    "energy": "0.1-0.8nm"
}