{
    "time_tag": "2026-05-27T17:15:00Z",
    "satellite": 18,
    "flux": 9.302518719778163e-07,
    "observed_flux": 9.535438607599644e-07,
    "electron_correction": 2.329201365114386e-08,
    "electron_contaminaton": false,
    "energy": "0.1-0.8nm"
}