{
  "time_tag": "2026-05-16T07:24:00Z",
  "satellite": 18,
  "flux": 3.6696971505989495E-7,
  "observed_flux": 3.7814302800143196E-7,
  "electron_correction": 1.1173306724288068E-8,
  "electron_contaminaton": false,
  "energy": "0.1-0.8nm"
}
