{
  "time_tag": "2026-04-30T23:59:00Z",
  "satellite": 18,
  "flux": 0.00000115224895580468,
  "observed_flux": 0.000001166874312730215,
  "electron_correction": 1.4625365807319213E-8,
  "electron_contaminaton": false,
  "energy": "0.1-0.8nm"
}
