{
  "time_tag": "2026-03-12T22:08:00Z",
  "satellite": 18,
  "flux": 0.0000014718610827912926,
  "observed_flux": 0.00000149404786498053,
  "electron_correction": 2.218677863652374E-8,
  "electron_contaminaton": false,
  "energy": "0.1-0.8nm"
}
