{
  "time_tag": "2026-02-28T23:02:00Z",
  "satellite": 18,
  "flux": 0.0000012028003766317852,
  "observed_flux": 0.0000012647407174881664,
  "electron_correction": 6.194028401296237E-8,
  "electron_contaminaton": false,
  "energy": "0.1-0.8nm"
}
