{
  "time_tag": "2026-02-01T08:23:00Z",
  "satellite": 18,
  "flux": 0.0000035771240618487354,
  "observed_flux": 0.0000036066353459318634,
  "electron_correction": 2.9511289412198494E-8,
  "electron_contaminaton": false,
  "energy": "0.1-0.8nm"
}
