{
  "time_tag": "2026-04-29T16:07:00Z",
  "satellite": 18,
  "flux": 0.0000012177574717497919,
  "observed_flux": 0.0000012241670219736989,
  "electron_correction": 6.409499153647857E-9,
  "electron_contaminaton": false,
  "energy": "0.1-0.8nm"
}
