{
  "time_tag": "2026-03-07T08:04:00Z",
  "satellite": 18,
  "flux": 5.7044309187404E-7,
  "observed_flux": 5.711071935365908E-7,
  "electron_correction": 6.640855088058117E-10,
  "electron_contaminaton": false,
  "energy": "0.1-0.8nm"
}
