{
    "time_tag": "2026-04-29T05:23:00Z",
    "satellite": 18,
    "flux": 1.1677725524350535e-06,
    "observed_flux": 1.1720871953002643e-06,
    "electron_correction": 4.3146402006755125e-09,
    "electron_contaminaton": false,
    "energy": "0.1-0.8nm"
}