{
  "time_tag": "2026-01-09T19:18:00Z",
  "satellite": 18,
  "flux": 5.950980721536325E-7,
  "observed_flux": 6.23172468294797E-7,
  "electron_correction": 2.8074408575662346E-8,
  "electron_contaminaton": false,
  "energy": "0.1-0.8nm"
}
