{
  "time_tag": "2026-01-17T21:18:00Z",
  "satellite": 18,
  "flux": 0.0000012113240472899633,
  "observed_flux": 0.0000012933126072312007,
  "electron_correction": 8.198850309781847E-8,
  "electron_contaminaton": false,
  "energy": "0.1-0.8nm"
}
