{
    "time_tag": "2026-05-18T20:52:00Z",
    "satellite": 18,
    "flux": 4.87966360651626e-07,
    "observed_flux": 5.436269248093595e-07,
    "electron_correction": 5.5660613895724964e-08,
    "electron_contaminaton": false,
    "energy": "0.1-0.8nm"
}