{
  "time_tag": "2026-03-15T10:41:00Z",
  "satellite": 18,
  "flux": 6.38887399873056E-7,
  "observed_flux": 6.605852149732527E-7,
  "electron_correction": 2.1697836416478822E-8,
  "electron_contaminaton": false,
  "energy": "0.1-0.8nm"
}
