{
  "time_tag": "2026-04-23T10:43:00Z",
  "satellite": 18,
  "flux": 0.0000011385566267563263,
  "observed_flux": 0.0000011606647376538604,
  "electron_correction": 2.2108098463036185E-8,
  "electron_contaminaton": false,
  "energy": "0.1-0.8nm"
}
