{
  "time_tag": "2026-03-13T16:49:00Z",
  "satellite": 18,
  "flux": 0.000001369288952446368,
  "observed_flux": 0.0000014016758314028266,
  "electron_correction": 3.238697132701418E-8,
  "electron_contaminaton": false,
  "energy": "0.1-0.8nm"
}
