{
  "time_tag": "2026-04-20T17:34:00Z",
  "satellite": 18,
  "flux": 4.508588347107434E-7,
  "observed_flux": 5.204140052228468E-7,
  "electron_correction": 6.955519182838543E-8,
  "electron_contaminaton": false,
  "energy": "0.1-0.8nm"
}
