{
  "time_tag": "2026-03-02T22:52:00Z",
  "satellite": 18,
  "flux": 8.740548764762934E-7,
  "observed_flux": 9.146949651039904E-7,
  "electron_correction": 4.0640070864128575E-8,
  "electron_contaminaton": false,
  "energy": "0.1-0.8nm"
}
