{
  "time_tag": "2026-03-21T07:00:00Z",
  "satellite": 18,
  "flux": 4.101399042610865E-7,
  "observed_flux": 4.1018398633241304E-7,
  "electron_correction": 4.4101444718336325E-11,
  "electron_contaminaton": false,
  "energy": "0.1-0.8nm"
}
