{
  "time_tag": "2026-04-23T05:10:00Z",
  "satellite": 18,
  "flux": 0.000009221958862326574,
  "observed_flux": 0.000009237774975190405,
  "electron_correction": 1.581683406470802E-8,
  "electron_contaminaton": false,
  "energy": "0.1-0.8nm"
}
