{
  "time_tag": "2026-03-16T19:46:00Z",
  "satellite": 18,
  "flux": 4.173550962605077E-7,
  "observed_flux": 4.624397149655124E-7,
  "electron_correction": 4.5084622257718365E-8,
  "electron_contaminaton": false,
  "energy": "0.1-0.8nm"
}
