{
  "time_tag": "2025-12-28T06:19:00Z",
  "satellite": 18,
  "flux": 0.0000022816425371274818,
  "observed_flux": 0.000002309133378730621,
  "electron_correction": 2.7490806076002627E-8,
  "electron_contaminaton": false,
  "energy": "0.1-0.8nm"
}
