{
  "time_tag": "2025-12-04T08:23:00Z",
  "satellite": 18,
  "flux": 0.0000028338797619653633,
  "observed_flux": 0.0000028429792564566014,
  "electron_correction": 9.09963304707162E-9,
  "electron_contaminaton": false,
  "energy": "0.1-0.8nm"
}
