{
  "time_tag": "2026-02-13T04:27:00Z",
  "satellite": 18,
  "flux": 4.4362855078361463E-7,
  "observed_flux": 4.6210723780859553E-7,
  "electron_correction": 1.84786870249809E-8,
  "electron_contaminaton": false,
  "energy": "0.1-0.8nm"
}
