{
    "time_tag": "2026-06-25T21:23:00Z",
    "satellite": 18,
    "flux": 1.404969680152135e-06,
    "observed_flux": 1.486091377955745e-06,
    "electron_correction": 8.112167648732793e-08,
    "electron_contaminaton": false,
    "energy": "0.1-0.8nm"
}