{
  "time_tag": "2026-06-10T21:16:00Z",
  "satellite": 18,
  "flux": 6.741058200532279E-7,
  "observed_flux": 7.251564966281876E-7,
  "electron_correction": 5.105064460053654E-8,
  "electron_contaminaton": false,
  "energy": "0.1-0.8nm"
}
