{
  "time_tag": "2026-02-08T10:39:00Z",
  "satellite": 18,
  "flux": 0.0000029471887046383927,
  "observed_flux": 0.0000029693553642573534,
  "electron_correction": 2.2166512181343023E-8,
  "electron_contaminaton": false,
  "energy": "0.1-0.8nm"
}
