{
  "time_tag": "2026-02-05T10:48:00Z",
  "satellite": 18,
  "flux": 0.00000331269279740809,
  "observed_flux": 0.0000033137082482426194,
  "electron_correction": 1.0155636331887763E-9,
  "electron_contaminaton": false,
  "energy": "0.1-0.8nm"
}
