{
  "time_tag": "2026-01-18T04:26:00Z",
  "satellite": 18,
  "flux": 0.0000020272777874197345,
  "observed_flux": 0.0000020497313926171046,
  "electron_correction": 2.24537561877014E-8,
  "electron_contaminaton": false,
  "energy": "0.1-0.8nm"
}
