{
  "time_tag": "2026-02-28T01:32:00Z",
  "satellite": 18,
  "flux": 0.0000010974234783134307,
  "observed_flux": 0.0000011405834356992273,
  "electron_correction": 4.315988277880933E-8,
  "electron_contaminaton": false,
  "energy": "0.1-0.8nm"
}
