{
  "time_tag": "2026-05-08T21:32:00Z",
  "satellite": 18,
  "flux": 7.944487379063503E-7,
  "observed_flux": 8.34336276511749E-7,
  "electron_correction": 3.988754215811241E-8,
  "electron_contaminaton": false,
  "energy": "0.1-0.8nm"
}
