{
  "time_tag": "2026-04-30T11:45:00Z",
  "satellite": 18,
  "flux": 0.0000010827535561475088,
  "observed_flux": 0.00000108414315036498,
  "electron_correction": 1.3896011008540654E-9,
  "electron_contaminaton": false,
  "energy": "0.1-0.8nm"
}
