{
  "time_tag": "2026-02-19T06:21:00Z",
  "satellite": 18,
  "flux": 3.857040269394929E-7,
  "observed_flux": 3.8921592704355135E-7,
  "electron_correction": 3.511890334095824E-9,
  "electron_contaminaton": false,
  "energy": "0.1-0.8nm"
}
