{
  "time_tag": "2026-01-31T06:23:00Z",
  "satellite": 18,
  "flux": 0.0000029913217076682486,
  "observed_flux": 0.0000030277653877419652,
  "electron_correction": 3.6443598361302065E-8,
  "electron_contaminaton": false,
  "energy": "0.1-0.8nm"
}
