{
  "time_tag": "2026-01-02T23:18:00Z",
  "satellite": 18,
  "flux": 0.0000010724907042458653,
  "observed_flux": 0.0000011252475360379322,
  "electron_correction": 5.275690995176774E-8,
  "electron_contaminaton": false,
  "energy": "0.1-0.8nm"
}
