{
  "time_tag": "2026-01-23T21:18:00Z",
  "satellite": 18,
  "flux": 0.0000017387934576618136,
  "observed_flux": 0.0000018137482129532145,
  "electron_correction": 7.495480502939245E-8,
  "electron_contaminaton": false,
  "energy": "0.1-0.8nm"
}
