{
  "time_tag": "2026-01-25T07:18:00Z",
  "satellite": 18,
  "flux": 0.0000011239125115025672,
  "observed_flux": 0.0000011426127457525581,
  "electron_correction": 1.8700189841069914E-8,
  "electron_contaminaton": false,
  "energy": "0.1-0.8nm"
}
