{
  "time_tag": "2025-12-13T09:19:00Z",
  "satellite": 18,
  "flux": 8.307890198011592E-7,
  "observed_flux": 8.328905209964432E-7,
  "electron_correction": 2.101496088258159E-9,
  "electron_contaminaton": false,
  "energy": "0.1-0.8nm"
}
