{
  "time_tag": "2026-02-08T10:01:00Z",
  "satellite": 18,
  "flux": 0.0000028720346563204657,
  "observed_flux": 0.000002899453647842165,
  "electron_correction": 2.7418842307724844E-8,
  "electron_contaminaton": false,
  "energy": "0.1-0.8nm"
}
