{
  "time_tag": "2026-06-12T11:26:00Z",
  "satellite": 18,
  "flux": 5.529430495698762E-7,
  "observed_flux": 5.571307042373519E-7,
  "electron_correction": 4.187682201006737E-9,
  "electron_contaminaton": false,
  "energy": "0.1-0.8nm"
}
