{
    "time_tag": "2026-06-25T23:40:00Z",
    "satellite": 18,
    "flux": 1.5768507637403673e-06,
    "observed_flux": 1.6402302662754664e-06,
    "electron_correction": 6.337955227309067e-08,
    "electron_contaminaton": false,
    "energy": "0.1-0.8nm"
}