{
  "time_tag": "2026-03-04T19:45:00Z",
  "satellite": 18,
  "flux": 5.783224992228497E-7,
  "observed_flux": 6.21715344095719E-7,
  "electron_correction": 4.339283421472828E-8,
  "electron_contaminaton": false,
  "energy": "0.1-0.8nm"
}
