{
  "time_tag": "2026-03-22T20:51:00Z",
  "satellite": 18,
  "flux": 9.172286468128732E-7,
  "observed_flux": 9.549587502988288E-7,
  "electron_correction": 3.773005374796412E-8,
  "electron_contaminaton": false,
  "energy": "0.1-0.8nm"
}
