{
  "time_tag": "2026-06-07T20:50:00Z",
  "satellite": 18,
  "flux": 8.443405477009946E-7,
  "observed_flux": 8.978403798209911E-7,
  "electron_correction": 5.349987475256057E-8,
  "electron_contaminaton": false,
  "energy": "0.1-0.8nm"
}
