{
  "time_tag": "2026-01-03T20:18:00Z",
  "satellite": 18,
  "flux": 0.0000012720056474790908,
  "observed_flux": 0.0000013343202454052516,
  "electron_correction": 6.231465476957965E-8,
  "electron_contaminaton": false,
  "energy": "0.1-0.8nm"
}
