{
  "time_tag": "2026-05-07T04:19:00Z",
  "satellite": 18,
  "flux": 0.0000013960151363789919,
  "observed_flux": 0.0000014229287899070187,
  "electron_correction": 2.6913648198956253E-8,
  "electron_contaminaton": false,
  "energy": "0.1-0.8nm"
}
