{
  "time_tag": "2026-06-20T21:08:00Z",
  "satellite": 18,
  "flux": 5.890116199225304E-7,
  "observed_flux": 6.170415645101457E-7,
  "electron_correction": 2.8029976562038428E-8,
  "electron_contaminaton": false,
  "energy": "0.1-0.8nm"
}
