{
    "time_tag": "2026-05-08T21:04:00Z",
    "satellite": 18,
    "flux": 9.052377549778612e-07,
    "observed_flux": 9.336971515949699e-07,
    "electron_correction": 2.8459414380677117e-08,
    "electron_contaminaton": false,
    "energy": "0.1-0.8nm"
}