{
  "time_tag": "2026-03-15T20:22:00Z",
  "satellite": 18,
  "flux": 4.375995388272713E-7,
  "observed_flux": 5.263553930490161E-7,
  "electron_correction": 8.875582580003538E-8,
  "electron_contaminaton": false,
  "energy": "0.1-0.8nm"
}
