{
    "time_tag": "2026-06-20T15:04:00Z",
    "satellite": 18,
    "flux": 5.805271939607337e-06,
    "observed_flux": 5.8215923672833014e-06,
    "electron_correction": 1.632030866005607e-08,
    "electron_contaminaton": false,
    "energy": "0.1-0.8nm"
}