{
  "time_tag": "2026-02-08T10:51:00Z",
  "satellite": 18,
  "flux": 0.0000032061568617791636,
  "observed_flux": 0.0000032276786896545673,
  "electron_correction": 2.152166977964498E-8,
  "electron_contaminaton": false,
  "energy": "0.1-0.8nm"
}
