{
    "time_tag": "2026-06-29T12:01:00Z",
    "satellite": 18,
    "flux": 1.372428641843726e-06,
    "observed_flux": 1.3950840411780518e-06,
    "electron_correction": 2.2655379794400687e-08,
    "electron_contaminaton": false,
    "energy": "0.1-0.8nm"
}