{
  "time_tag": "2025-12-20T19:17:00Z",
  "satellite": 18,
  "flux": 8.889966807146266E-7,
  "observed_flux": 9.329835961580102E-7,
  "electron_correction": 4.398689767981523E-8,
  "electron_contaminaton": false,
  "energy": "0.1-0.8nm"
}
