{
  "time_tag": "2026-02-27T10:11:00Z",
  "satellite": 18,
  "flux": 8.809568043943727E-7,
  "observed_flux": 9.143597594629682E-7,
  "electron_correction": 3.3402919541458687E-8,
  "electron_contaminaton": false,
  "energy": "0.1-0.8nm"
}
