{
  "time_tag": "2026-04-18T04:34:00Z",
  "satellite": 18,
  "flux": 2.8321457534730143E-7,
  "observed_flux": 2.8648656780205783E-7,
  "electron_correction": 3.2719926768010055E-9,
  "electron_contaminaton": false,
  "energy": "0.1-0.8nm"
}
