{
  "time_tag": "2026-06-02T15:01:00Z",
  "satellite": 18,
  "flux": 0.0000010825821163962246,
  "observed_flux": 0.0000011115915867776494,
  "electron_correction": 2.9009461499640565E-8,
  "electron_contaminaton": false,
  "energy": "0.1-0.8nm"
}
