{
  "time_tag": "2026-03-17T23:26:00Z",
  "satellite": 18,
  "flux": 6.228962661225523E-7,
  "observed_flux": 6.659523705820902E-7,
  "electron_correction": 4.30560866959695E-8,
  "electron_contaminaton": false,
  "energy": "0.1-0.8nm"
}
