{
  "time_tag": "2026-05-02T17:02:00Z",
  "satellite": 18,
  "flux": 0.000001214108124258928,
  "observed_flux": 0.0000012545558547572,
  "electron_correction": 4.044780510525925E-8,
  "electron_contaminaton": false,
  "energy": "0.1-0.8nm"
}
