{
    "time_tag": "2026-05-02T21:21:00Z",
    "satellite": 18,
    "flux": 1.182884943773388e-06,
    "observed_flux": 1.238476670550881e-06,
    "electron_correction": 5.559179072633924e-08,
    "electron_contaminaton": false,
    "energy": "0.1-0.8nm"
}