{
  "time_tag": "2026-03-01T17:21:00Z",
  "satellite": 18,
  "flux": 0.000001520289629297622,
  "observed_flux": 0.000001560654027343844,
  "electron_correction": 4.0364323439234795E-8,
  "electron_contaminaton": false,
  "energy": "0.1-0.8nm"
}
