{
  "time_tag": "2026-03-01T08:54:00Z",
  "satellite": 18,
  "flux": 0.000001055451093634474,
  "observed_flux": 0.0000010679311799322022,
  "electron_correction": 1.2480056099661851E-8,
  "electron_contaminaton": false,
  "energy": "0.1-0.8nm"
}
