{
  "time_tag": "2026-06-24T13:03:00Z",
  "satellite": 18,
  "flux": 0.0000010925658671112615,
  "observed_flux": 0.0000010932893701465218,
  "electron_correction": 7.235025356600033E-10,
  "electron_contaminaton": false,
  "energy": "0.1-0.8nm"
}
