{
    "time_tag": "2026-05-10T22:48:00Z",
    "satellite": 18,
    "flux": 8.843696264193568e-07,
    "observed_flux": 9.049658729054499e-07,
    "electron_correction": 2.0596287342300457e-08,
    "electron_contaminaton": false,
    "energy": "0.1-0.8nm"
}