{
    "time_tag": "2026-05-09T15:23:00Z",
    "satellite": 18,
    "flux": 1.3081152019367437e-06,
    "observed_flux": 1.3330513866094407e-06,
    "electron_correction": 2.4936243292472682e-08,
    "electron_contaminaton": false,
    "energy": "0.1-0.8nm"
}