{
    "time_tag": "2026-04-28T00:46:00Z",
    "satellite": 18,
    "flux": 1.2056524383297074e-06,
    "observed_flux": 1.2143746062065475e-06,
    "electron_correction": 8.722255806503654e-09,
    "electron_contaminaton": false,
    "energy": "0.1-0.8nm"
}