{
    "time_tag": "2026-06-01T07:00:00Z",
    "satellite": 18,
    "flux": 6.966689625187428e-07,
    "observed_flux": 7.095217142705224e-07,
    "electron_correction": 1.2852750863601159e-08,
    "electron_contaminaton": false,
    "energy": "0.1-0.8nm"
}