{
    "time_tag": "2026-05-25T23:48:00Z",
    "satellite": 18,
    "flux": 2.2739584437658777e-06,
    "observed_flux": 2.2785116016166285e-06,
    "electron_correction": 4.553241783611384e-09,
    "electron_contaminaton": false,
    "energy": "0.1-0.8nm"
}