{
  "time_tag": "2026-01-14T08:20:00Z",
  "satellite": 18,
  "flux": 9.674507737145177E-7,
  "observed_flux": 0.000001001126975097577,
  "electron_correction": 3.3676240462909846E-8,
  "electron_contaminaton": false,
  "energy": "0.1-0.8nm"
}
