{
  "time_tag": "2026-03-06T08:14:00Z",
  "satellite": 18,
  "flux": 6.146190116851358E-7,
  "observed_flux": 6.147804469947005E-7,
  "electron_correction": 1.6144340031498672E-10,
  "electron_contaminaton": false,
  "energy": "0.1-0.8nm"
}
