{
  "time_tag": "2026-04-25T22:40:00Z",
  "satellite": 18,
  "flux": 0.0000011435387250458007,
  "observed_flux": 0.0000011533314818734652,
  "electron_correction": 9.79279324297977E-9,
  "electron_contaminaton": false,
  "energy": "0.1-0.8nm"
}
