{
  "time_tag": "2025-12-18T06:19:00Z",
  "satellite": 18,
  "flux": 5.859847647116112E-7,
  "observed_flux": 6.094589934946271E-7,
  "electron_correction": 2.3474235888443218E-8,
  "electron_contaminaton": false,
  "energy": "0.1-0.8nm"
}
