{
    "time_tag": "2026-05-09T19:26:00Z",
    "satellite": 18,
    "flux": 1.1688514405250316e-06,
    "observed_flux": 1.1945576261496171e-06,
    "electron_correction": 2.5706190953656005e-08,
    "electron_contaminaton": false,
    "energy": "0.1-0.8nm"
}