{
  "time_tag": "2026-07-02T07:37:00Z",
  "satellite": 18,
  "flux": 0.00000420704236603342,
  "observed_flux": 0.000004213596184854396,
  "electron_correction": 6.554216280818537E-9,
  "electron_contaminaton": false,
  "energy": "0.1-0.8nm"
}
