{
  "time_tag": "2026-06-29T08:50:00Z",
  "satellite": 18,
  "flux": 0.000004464008725335589,
  "observed_flux": 0.000004484380951907951,
  "electron_correction": 2.0372056042106124E-8,
  "electron_contaminaton": false,
  "energy": "0.1-0.8nm"
}
