{
  "time_tag": "2026-03-07T12:23:00Z",
  "satellite": 18,
  "flux": 5.632424517898471E-7,
  "observed_flux": 5.634869353343674E-7,
  "electron_correction": 2.445164071218642E-10,
  "electron_contaminaton": false,
  "energy": "0.1-0.8nm"
}
