{
  "time_tag": "2026-05-16T13:47:00Z",
  "satellite": 18,
  "flux": 6.601763971048058E-7,
  "observed_flux": 7.049312671369989E-7,
  "electron_correction": 4.475489134847521E-8,
  "electron_contaminaton": false,
  "energy": "0.1-0.8nm"
}
