{
  "time_tag": "2026-03-30T00:52:00Z",
  "satellite": 18,
  "flux": 0.0000014826526921751793,
  "observed_flux": 0.000001489618966843409,
  "electron_correction": 6.9662462465203134E-9,
  "electron_contaminaton": false,
  "energy": "0.1-0.8nm"
}
