{
  "time_tag": "2026-03-27T18:00:00Z",
  "satellite": 18,
  "flux": 9.949070545189898E-7,
  "observed_flux": 0.0000010289771807947545,
  "electron_correction": 3.407015469747421E-8,
  "electron_contaminaton": false,
  "energy": "0.1-0.8nm"
}
