{
    "time_tag": "2026-06-08T23:07:00Z",
    "satellite": 18,
    "flux": 7.688469736422121e-07,
    "observed_flux": 8.181228849934996e-07,
    "electron_correction": 4.927589003500543e-08,
    "electron_contaminaton": false,
    "energy": "0.1-0.8nm"
}