{
  "time_tag": "2026-01-19T01:48:00Z",
  "satellite": 18,
  "flux": 0.000003432091716604191,
  "observed_flux": 0.000003467877377261175,
  "electron_correction": 3.578567842055236E-8,
  "electron_contaminaton": false,
  "energy": "0.1-0.8nm"
}
