{
  "time_tag": "2026-01-29T14:25:00Z",
  "satellite": 18,
  "flux": 0.0000012047836435158388,
  "observed_flux": 0.000001339929212917923,
  "electron_correction": 1.3514549834781064E-7,
  "electron_contaminaton": false,
  "energy": "0.1-0.8nm"
}
