{
  "time_tag": "2026-03-19T17:04:00Z",
  "satellite": 18,
  "flux": 3.3537696708663134E-7,
  "observed_flux": 3.5217152571931365E-7,
  "electron_correction": 1.679456396175283E-8,
  "electron_contaminaton": false,
  "energy": "0.1-0.8nm"
}
