{
  "time_tag": "2026-05-09T23:58:00Z",
  "satellite": 18,
  "flux": 0.0000014293057120084995,
  "observed_flux": 0.000001449205115022778,
  "electron_correction": 1.98994207778469E-8,
  "electron_contaminaton": false,
  "energy": "0.1-0.8nm"
}
