{
    "time_tag": "2026-05-14T20:19:00Z",
    "satellite": 18,
    "flux": 9.838115602178732e-07,
    "observed_flux": 1.0037781521532452e-06,
    "electron_correction": 1.996656173730571e-08,
    "electron_contaminaton": false,
    "energy": "0.1-0.8nm"
}