{
  "time_tag": "2026-03-18T15:11:00Z",
  "satellite": 18,
  "flux": 5.134653520144639E-7,
  "observed_flux": 5.299983172335487E-7,
  "electron_correction": 1.6532959890014354E-8,
  "electron_contaminaton": false,
  "energy": "0.1-0.8nm"
}
