{
    "time_tag": "2026-06-20T19:48:00Z",
    "satellite": 18,
    "flux": 5.325265419742209e-07,
    "observed_flux": 5.589884608525608e-07,
    "electron_correction": 2.6461895785701017e-08,
    "electron_contaminaton": false,
    "energy": "0.1-0.8nm"
}