{
  "time_tag": "2026-03-24T07:59:00Z",
  "satellite": 18,
  "flux": 6.729820825057686E-7,
  "observed_flux": 7.299045137187932E-7,
  "electron_correction": 5.692243476573822E-8,
  "electron_contaminaton": false,
  "energy": "0.1-0.8nm"
}
