{
  "time_tag": "2026-02-06T21:11:00Z",
  "satellite": 18,
  "flux": 0.0000012600177115018596,
  "observed_flux": 0.0000013292000176079455,
  "electron_correction": 6.918235584407739E-8,
  "electron_contaminaton": false,
  "energy": "0.1-0.8nm"
}
