{
    "time_tag": "2026-05-28T10:30:00Z",
    "satellite": 19,
    "flux": 1.1792741361205117e-06,
    "observed_flux": 1.1950222642553854e-06,
    "electron_correction": 1.5748186754649396e-08,
    "electron_contaminaton": false,
    "energy": "0.1-0.8nm"
}