{
  "time_tag": "2026-03-04T23:38:00Z",
  "satellite": 18,
  "flux": 5.438200219032296E-7,
  "observed_flux": 5.712824986403575E-7,
  "electron_correction": 2.7462501606123624E-8,
  "electron_contaminaton": false,
  "energy": "0.1-0.8nm"
}
