{
  "time_tag": "2026-01-08T14:18:00Z",
  "satellite": 18,
  "flux": 8.971358624876302E-7,
  "observed_flux": 9.004529033518338E-7,
  "electron_correction": 3.3170131086279753E-9,
  "electron_contaminaton": false,
  "energy": "0.1-0.8nm"
}
