{
  "time_tag": "2026-03-22T20:02:00Z",
  "satellite": 18,
  "flux": 9.609740345695172E-7,
  "observed_flux": 0.0000010029186796600698,
  "electron_correction": 4.19446806176893E-8,
  "electron_contaminaton": false,
  "energy": "0.1-0.8nm"
}
