{
  "time_tag": "2026-06-07T12:57:00Z",
  "satellite": 18,
  "flux": 7.928388185973745E-7,
  "observed_flux": 8.263641575467773E-7,
  "electron_correction": 3.352534250211647E-8,
  "electron_contaminaton": false,
  "energy": "0.1-0.8nm"
}
