{
    "time_tag": "2026-05-13T13:39:00Z",
    "satellite": 18,
    "flux": 5.844447059644153e-07,
    "observed_flux": 5.881747711100616e-07,
    "electron_correction": 3.730056707951235e-09,
    "electron_contaminaton": false,
    "energy": "0.1-0.8nm"
}