{
  "time_tag": "2026-02-22T08:22:00Z",
  "satellite": 18,
  "flux": 3.588600634429895E-7,
  "observed_flux": 3.588872914406238E-7,
  "electron_correction": 2.7232095051177296E-11,
  "electron_contaminaton": false,
  "energy": "0.1-0.8nm"
}
