{
  "time_tag": "2026-01-29T21:23:00Z",
  "satellite": 18,
  "flux": 6.326708330561814E-7,
  "observed_flux": 7.272969355653913E-7,
  "electron_correction": 9.462609540378253E-8,
  "electron_contaminaton": false,
  "energy": "0.1-0.8nm"
}
