{
  "time_tag": "2026-02-03T15:59:00Z",
  "satellite": 18,
  "flux": 0.000016707886970834807,
  "observed_flux": 0.000016727555703255348,
  "electron_correction": 1.9669911921482708E-8,
  "electron_contaminaton": false,
  "energy": "0.1-0.8nm"
}
