{
  "time_tag": "2026-01-24T01:48:00Z",
  "satellite": 18,
  "flux": 0.000003874507910950342,
  "observed_flux": 0.0000039189858398458455,
  "electron_correction": 4.4477943106358E-8,
  "electron_contaminaton": false,
  "energy": "0.1-0.8nm"
}
