{
  "time_tag": "2026-02-14T16:20:00Z",
  "satellite": 18,
  "flux": 4.8240502792396E-7,
  "observed_flux": 5.28188252246764E-7,
  "electron_correction": 4.578325274451345E-8,
  "electron_contaminaton": false,
  "energy": "0.1-0.8nm"
}
