{
  "time_tag": "2026-02-22T00:21:00Z",
  "satellite": 18,
  "flux": 3.0786986826569773E-7,
  "observed_flux": 3.11102297700927E-7,
  "electron_correction": 3.2324487531099066E-9,
  "electron_contaminaton": false,
  "energy": "0.1-0.8nm"
}
