{
  "time_tag": "2026-03-03T23:50:00Z",
  "satellite": 18,
  "flux": 7.02798274687666E-7,
  "observed_flux": 7.378214945674699E-7,
  "electron_correction": 3.5023195010808195E-8,
  "electron_contaminaton": false,
  "energy": "0.1-0.8nm"
}
