{
  "time_tag": "2026-06-30T01:14:00Z",
  "satellite": 18,
  "flux": 0.000012750706446240656,
  "observed_flux": 0.000012777697520505171,
  "electron_correction": 2.6991024526523688E-8,
  "electron_contaminaton": false,
  "energy": "0.1-0.8nm"
}
