{
  "time_tag": "2025-12-19T10:19:00Z",
  "satellite": 18,
  "flux": 7.007448061813193E-7,
  "observed_flux": 7.31153818378516E-7,
  "electron_correction": 3.0409015749910395E-8,
  "electron_contaminaton": false,
  "energy": "0.1-0.8nm"
}
