{
  "time_tag": "2025-12-27T15:17:00Z",
  "satellite": 18,
  "flux": 0.0000018188035255661816,
  "observed_flux": 0.0000018575738067738712,
  "electron_correction": 3.8770270549548513E-8,
  "electron_contaminaton": false,
  "energy": "0.1-0.8nm"
}
