{
  "time_tag": "2026-01-25T00:43:00Z",
  "satellite": 18,
  "flux": 0.0000010936706758002401,
  "observed_flux": 0.0000011584700132516446,
  "electron_correction": 6.479924508084878E-8,
  "electron_contaminaton": false,
  "energy": "0.1-0.8nm"
}
