{
  "time_tag": "2026-03-12T18:45:00Z",
  "satellite": 18,
  "flux": 9.74423755906173E-7,
  "observed_flux": 9.948377055479796E-7,
  "electron_correction": 2.041394608909286E-8,
  "electron_contaminaton": false,
  "energy": "0.1-0.8nm"
}
