{
  "time_tag": "2026-03-09T19:46:00Z",
  "satellite": 18,
  "flux": 7.396141654680832E-7,
  "observed_flux": 7.893586939644592E-7,
  "electron_correction": 4.9744560470799115E-8,
  "electron_contaminaton": false,
  "energy": "0.1-0.8nm"
}
