{
  "time_tag": "2026-03-25T18:04:00Z",
  "satellite": 18,
  "flux": 0.0000017749659946275642,
  "observed_flux": 0.0000018207649645773927,
  "electron_correction": 4.579888823741385E-8,
  "electron_contaminaton": false,
  "energy": "0.1-0.8nm"
}
