{
    "time_tag": "2026-05-03T13:29:00Z",
    "satellite": 18,
    "flux": 8.460284561806475e-07,
    "observed_flux": 8.686169508109742e-07,
    "electron_correction": 2.2588507064824626e-08,
    "electron_contaminaton": false,
    "energy": "0.1-0.8nm"
}