{
  "time_tag": "2026-03-25T21:26:00Z",
  "satellite": 18,
  "flux": 0.0000014100866110311472,
  "observed_flux": 0.0000014648717296950053,
  "electron_correction": 5.478507958400769E-8,
  "electron_contaminaton": false,
  "energy": "0.1-0.8nm"
}
