{
  "time_tag": "2026-03-14T23:50:00Z",
  "satellite": 18,
  "flux": 0.0000022528431600221666,
  "observed_flux": 0.0000022899375835550018,
  "electron_correction": 3.7094523008818214E-8,
  "electron_contaminaton": false,
  "energy": "0.1-0.8nm"
}
