{
  "time_tag": "2026-04-28T18:59:00Z",
  "satellite": 18,
  "flux": 0.000003918750280718086,
  "observed_flux": 0.0000039301885408349335,
  "electron_correction": 1.143823435967306E-8,
  "electron_contaminaton": false,
  "energy": "0.1-0.8nm"
}
