{
    "time_tag": "2026-05-04T17:22:00Z",
    "satellite": 18,
    "flux": 1.158910095000465e-06,
    "observed_flux": 1.1788953315772233e-06,
    "electron_correction": 1.9985202825978376e-08,
    "electron_contaminaton": false,
    "energy": "0.1-0.8nm"
}