{
    "time_tag": "2026-04-28T23:58:00Z",
    "satellite": 18,
    "flux": 1.0788281770146568e-06,
    "observed_flux": 1.08870483472856e-06,
    "electron_correction": 9.876629292193684e-09,
    "electron_contaminaton": false,
    "energy": "0.1-0.8nm"
}