{
    "time_tag": "2026-06-14T00:02:00Z",
    "satellite": 18,
    "flux": 5.470499218063196e-07,
    "observed_flux": 6.0439919025157e-07,
    "electron_correction": 5.734928620881874e-08,
    "electron_contaminaton": false,
    "energy": "0.1-0.8nm"
}