{
  "time_tag": "2026-03-12T08:22:00Z",
  "satellite": 18,
  "flux": 8.1255075201625E-7,
  "observed_flux": 8.21770811398892E-7,
  "electron_correction": 9.220069152604538E-9,
  "electron_contaminaton": false,
  "energy": "0.1-0.8nm"
}
