{
  "time_tag": "2026-05-23T13:48:00Z",
  "satellite": 18,
  "flux": 9.888099157251418E-7,
  "observed_flux": 0.0000010087985629070317,
  "electron_correction": 1.9988647181889974E-8,
  "electron_contaminaton": false,
  "energy": "0.1-0.8nm"
}
