{
  "time_tag": "2026-03-17T18:03:00Z",
  "satellite": 18,
  "flux": 4.607991286320612E-7,
  "observed_flux": 5.031027967561386E-7,
  "electron_correction": 4.2303668124077376E-8,
  "electron_contaminaton": false,
  "energy": "0.1-0.8nm"
}
