{
    "time_tag": "2026-06-19T22:33:00Z",
    "satellite": 18,
    "flux": 4.7249432100215927e-07,
    "observed_flux": 5.021104243496666e-07,
    "electron_correction": 2.9616082031225233e-08,
    "electron_contaminaton": false,
    "energy": "0.1-0.8nm"
}