{
  "time_tag": "2026-02-20T23:52:00Z",
  "satellite": 18,
  "flux": 3.3635282647992426E-7,
  "observed_flux": 3.564321104931878E-7,
  "electron_correction": 2.0079280460549853E-8,
  "electron_contaminaton": false,
  "energy": "0.1-0.8nm"
}
