{
    "time_tag": "2026-06-07T19:09:00Z",
    "satellite": 18,
    "flux": 9.024836344906362e-07,
    "observed_flux": 9.534855962556321e-07,
    "electron_correction": 5.100196176499594e-08,
    "electron_contaminaton": false,
    "energy": "0.1-0.8nm"
}