{
  "time_tag": "2026-02-01T14:22:00Z",
  "satellite": 18,
  "flux": 0.00001028694532578811,
  "observed_flux": 0.00001031442570820218,
  "electron_correction": 2.7480467679197318E-8,
  "electron_contaminaton": false,
  "energy": "0.1-0.8nm"
}
