{
    "time_tag": "2026-05-20T09:56:00Z",
    "satellite": 18,
    "flux": 5.443865234155965e-07,
    "observed_flux": 5.764538286712195e-07,
    "electron_correction": 3.20672661757726e-08,
    "electron_contaminaton": false,
    "energy": "0.1-0.8nm"
}