{
  "time_tag": "2026-03-01T20:50:00Z",
  "satellite": 18,
  "flux": 0.000002513775825718767,
  "observed_flux": 0.0000025630220079619903,
  "electron_correction": 4.9246317246343096E-8,
  "electron_contaminaton": false,
  "energy": "0.1-0.8nm"
}
