{
  "time_tag": "2026-03-20T07:54:00Z",
  "satellite": 18,
  "flux": 3.1927766031003557E-7,
  "observed_flux": 3.1948124501468556E-7,
  "electron_correction": 2.035729779192863E-10,
  "electron_contaminaton": false,
  "energy": "0.1-0.8nm"
}
