{
  "time_tag": "2025-12-05T01:52:00Z",
  "satellite": 18,
  "flux": 0.000003649110794867738,
  "observed_flux": 0.0000036976484807382803,
  "electron_correction": 4.853769297596955E-8,
  "electron_contaminaton": false,
  "energy": "0.1-0.8nm"
}
