{
  "time_tag": "2026-05-23T17:18:00Z",
  "satellite": 18,
  "flux": 0.0000016165706711035455,
  "observed_flux": 0.0000016437859358120477,
  "electron_correction": 2.7215337539132634E-8,
  "electron_contaminaton": false,
  "energy": "0.1-0.8nm"
}
