{
    "time_tag": "2026-04-22T19:11:00Z",
    "satellite": 18,
    "flux": 7.736114184808685e-07,
    "observed_flux": 8.22402569156111e-07,
    "electron_correction": 4.879119330780668e-08,
    "electron_contaminaton": false,
    "energy": "0.1-0.8nm"
}