{
  "time_tag": "2026-02-11T23:42:00Z",
  "satellite": 18,
  "flux": 0.0000016579524526605383,
  "observed_flux": 0.0000017145331412393716,
  "electron_correction": 5.6580674367978645E-8,
  "electron_contaminaton": false,
  "energy": "0.1-0.8nm"
}
