{
    "time_tag": "2026-06-26T17:46:00Z",
    "satellite": 18,
    "flux": 1.128938151850889e-06,
    "observed_flux": 1.195566369460721e-06,
    "electron_correction": 6.662822471525942e-08,
    "electron_contaminaton": false,
    "energy": "0.1-0.8nm"
}