{
  "time_tag": "2026-03-02T00:22:00Z",
  "satellite": 18,
  "flux": 0.0000018535772596806055,
  "observed_flux": 0.0000018986722807312617,
  "electron_correction": 4.509508855221611E-8,
  "electron_contaminaton": false,
  "energy": "0.1-0.8nm"
}
