{
  "time_tag": "2026-03-28T19:10:00Z",
  "satellite": 18,
  "flux": 0.000001389779072269448,
  "observed_flux": 0.0000014335055311676115,
  "electron_correction": 4.372642692374029E-8,
  "electron_contaminaton": false,
  "energy": "0.1-0.8nm"
}
