{
  "time_tag": "2026-04-20T21:58:00Z",
  "satellite": 18,
  "flux": 4.38008868286488E-7,
  "observed_flux": 5.202945771998202E-7,
  "electron_correction": 8.228570180790484E-8,
  "electron_contaminaton": false,
  "energy": "0.1-0.8nm"
}
