{
    "time_tag": "2026-04-26T10:20:00Z",
    "satellite": 18,
    "flux": 1.1676002031890675e-06,
    "observed_flux": 1.172425413642486e-06,
    "electron_correction": 4.825172705835712e-09,
    "electron_contaminaton": false,
    "energy": "0.1-0.8nm"
}