{
    "time_tag": "2026-04-26T15:29:00Z",
    "satellite": 18,
    "flux": 2.513022764105699e-06,
    "observed_flux": 2.524241835999419e-06,
    "electron_correction": 1.1219023043906873e-08,
    "electron_contaminaton": false,
    "energy": "0.1-0.8nm"
}