{
    "time_tag": "2026-05-29T07:55:00Z",
    "satellite": 19,
    "flux": 2.1880848635191796e-06,
    "observed_flux": 2.1898547402088298e-06,
    "electron_correction": 1.7697507903591259e-09,
    "electron_contaminaton": false,
    "energy": "0.1-0.8nm"
}