{
  "time_tag": "2026-06-02T05:48:00Z",
  "satellite": 18,
  "flux": 0.0000011116485438833479,
  "observed_flux": 0.000001127965788327856,
  "electron_correction": 1.6317210693728157E-8,
  "electron_contaminaton": false,
  "energy": "0.1-0.8nm"
}
