{
  "time_tag": "2025-12-30T09:19:00Z",
  "satellite": 18,
  "flux": 0.000002782048113658675,
  "observed_flux": 0.0000027902817691938253,
  "electron_correction": 8.233585369055163E-9,
  "electron_contaminaton": false,
  "energy": "0.1-0.8nm"
}
