{
  "time_tag": "2026-03-03T19:55:00Z",
  "satellite": 18,
  "flux": 0.0000010437323680889676,
  "observed_flux": 0.0000010643326504578,
  "electron_correction": 2.060027171069123E-8,
  "electron_contaminaton": false,
  "energy": "0.1-0.8nm"
}
