{
  "time_tag": "2026-05-04T06:52:00Z",
  "satellite": 18,
  "flux": 8.985608701550518E-7,
  "observed_flux": 9.078088396563544E-7,
  "electron_correction": 9.247917986954235E-9,
  "electron_contaminaton": false,
  "energy": "0.1-0.8nm"
}
