{
  "time_tag": "2026-01-04T22:18:00Z",
  "satellite": 18,
  "flux": 0.0000011638725254670135,
  "observed_flux": 0.0000012010673344775569,
  "electron_correction": 3.7194865853962256E-8,
  "electron_contaminaton": false,
  "energy": "0.1-0.8nm"
}
