{
  "time_tag": "2026-03-25T17:35:00Z",
  "satellite": 18,
  "flux": 0.0000015081924402693403,
  "observed_flux": 0.0000015525480421274551,
  "electron_correction": 4.43556054108285E-8,
  "electron_contaminaton": false,
  "energy": "0.1-0.8nm"
}
