{
    "time_tag": "2026-05-15T23:55:00Z",
    "satellite": 18,
    "flux": 5.122251423017588e-07,
    "observed_flux": 5.30112970409391e-07,
    "electron_correction": 1.7887780145997567e-08,
    "electron_contaminaton": false,
    "energy": "0.1-0.8nm"
}