{
  "time_tag": "2026-01-15T02:50:00Z",
  "satellite": 18,
  "flux": 0.0000012857726687798277,
  "observed_flux": 0.000001317892952101829,
  "electron_correction": 3.212035437627492E-8,
  "electron_contaminaton": false,
  "energy": "0.1-0.8nm"
}
