{
  "time_tag": "2026-06-01T23:51:00Z",
  "satellite": 18,
  "flux": 6.582554874512425E-7,
  "observed_flux": 6.866729904686508E-7,
  "electron_correction": 2.8417474595698877E-8,
  "electron_contaminaton": false,
  "energy": "0.1-0.8nm"
}
