{
    "time_tag": "2026-04-25T06:40:00Z",
    "satellite": 18,
    "flux": 1.1322666750857024e-06,
    "observed_flux": 1.1338527201587567e-06,
    "electron_correction": 1.585966025174912e-09,
    "electron_contaminaton": false,
    "energy": "0.1-0.8nm"
}