{
  "time_tag": "2025-12-08T05:22:00Z",
  "satellite": 18,
  "flux": 0.00000275711681752,
  "observed_flux": 0.000002785728383969399,
  "electron_correction": 2.8611749414153564E-8,
  "electron_contaminaton": false,
  "energy": "0.1-0.8nm"
}
