{
  "time_tag": "2026-03-14T22:21:00Z",
  "satellite": 18,
  "flux": 8.994543918561249E-7,
  "observed_flux": 9.581867743690964E-7,
  "electron_correction": 5.873237185483049E-8,
  "electron_contaminaton": false,
  "energy": "0.1-0.8nm"
}
