{
  "time_tag": "2026-03-01T16:51:00Z",
  "satellite": 18,
  "flux": 0.0000011505882184792426,
  "observed_flux": 0.0000011882634680659976,
  "electron_correction": 3.767532774645588E-8,
  "electron_contaminaton": false,
  "energy": "0.1-0.8nm"
}
