{
    "time_tag": "2026-05-25T13:42:00Z",
    "satellite": 18,
    "flux": 1.0147708735530614e-06,
    "observed_flux": 1.015454699881957e-06,
    "electron_correction": 6.838375421480691e-10,
    "electron_contaminaton": false,
    "energy": "0.1-0.8nm"
}