{
  "time_tag": "2026-05-31T09:53:00Z",
  "satellite": 18,
  "flux": 8.079089752754953E-7,
  "observed_flux": 8.290980986203067E-7,
  "electron_correction": 2.1189078935890393E-8,
  "electron_contaminaton": false,
  "energy": "0.1-0.8nm"
}
