{
    "time_tag": "2026-06-03T22:13:00Z",
    "satellite": 18,
    "flux": 1.1070903838117374e-06,
    "observed_flux": 1.1406240219002939e-06,
    "electron_correction": 3.3533630983129115e-08,
    "electron_contaminaton": false,
    "energy": "0.1-0.8nm"
}