{
    "time_tag": "2026-05-25T09:43:00Z",
    "satellite": 18,
    "flux": 9.241078373634082e-07,
    "observed_flux": 9.244544685316214e-07,
    "electron_correction": 3.4659614067678035e-10,
    "electron_contaminaton": false,
    "energy": "0.1-0.8nm"
}