{
  "time_tag": "2026-02-03T10:23:00Z",
  "satellite": 18,
  "flux": 0.000023864606191636994,
  "observed_flux": 0.00002386574851698242,
  "electron_correction": 1.1422512935510554E-9,
  "electron_contaminaton": false,
  "energy": "0.1-0.8nm"
}
