{
  "time_tag": "2026-02-12T01:29:00Z",
  "satellite": 18,
  "flux": 7.844304832360649E-7,
  "observed_flux": 8.275137588498183E-7,
  "electron_correction": 4.308329337732175E-8,
  "electron_contaminaton": false,
  "energy": "0.1-0.8nm"
}
