{
  "time_tag": "2026-03-25T03:10:00Z",
  "satellite": 18,
  "flux": 7.954716920721694E-7,
  "observed_flux": 8.529171964255511E-7,
  "electron_correction": 5.7445504353381693E-8,
  "electron_contaminaton": false,
  "energy": "0.1-0.8nm"
}
