{
  "time_tag": "2026-06-27T16:04:00Z",
  "satellite": 18,
  "flux": 0.00000148186177284515,
  "observed_flux": 0.0000015284831533790566,
  "electron_correction": 4.6621373428479274E-8,
  "electron_contaminaton": false,
  "energy": "0.1-0.8nm"
}
