{
    "time_tag": "2026-04-27T23:54:00Z",
    "satellite": 18,
    "flux": 1.2525285910669481e-06,
    "observed_flux": 1.2619672133951099e-06,
    "electron_correction": 9.438640979908541e-09,
    "electron_contaminaton": false,
    "energy": "0.1-0.8nm"
}