{
    "time_tag": "2026-05-15T09:32:00Z",
    "satellite": 18,
    "flux": 4.706905372131587e-07,
    "observed_flux": 4.717690558209142e-07,
    "electron_correction": 1.078512168461998e-09,
    "electron_contaminaton": false,
    "energy": "0.1-0.8nm"
}