{
  "time_tag": "2026-02-26T22:23:00Z",
  "satellite": 18,
  "flux": 8.380611689062789E-7,
  "observed_flux": 9.106299785344163E-7,
  "electron_correction": 7.256881673356474E-8,
  "electron_contaminaton": false,
  "energy": "0.1-0.8nm"
}
