{
  "time_tag": "2025-12-27T05:18:00Z",
  "satellite": 18,
  "flux": 0.0000025435090265091276,
  "observed_flux": 0.000002578989096946316,
  "electron_correction": 3.548000293562836E-8,
  "electron_contaminaton": false,
  "energy": "0.1-0.8nm"
}
