{
  "time_tag": "2026-04-18T14:26:00Z",
  "satellite": 18,
  "flux": 3.384986086985009E-7,
  "observed_flux": 3.53579082457145E-7,
  "electron_correction": 1.5080479087714593E-8,
  "electron_contaminaton": false,
  "energy": "0.1-0.8nm"
}
