{
  "time_tag": "2026-05-03T19:33:00Z",
  "satellite": 18,
  "flux": 0.0000011223266938031884,
  "observed_flux": 0.000001157863835032913,
  "electron_correction": 3.5537162546006584E-8,
  "electron_contaminaton": false,
  "energy": "0.1-0.8nm"
}
