{
  "time_tag": "2026-02-03T17:31:00Z",
  "satellite": 18,
  "flux": 0.000011616084520937875,
  "observed_flux": 0.000011636164344963618,
  "electron_correction": 2.007953092686421E-8,
  "electron_contaminaton": false,
  "energy": "0.1-0.8nm"
}
