{
    "time_tag": "2026-06-03T07:11:00Z",
    "satellite": 18,
    "flux": 1.5835201338632032e-05,
    "observed_flux": 1.5844771041884087e-05,
    "electron_correction": 9.56863832612953e-09,
    "electron_contaminaton": false,
    "energy": "0.1-0.8nm"
}