{
  "time_tag": "2026-02-02T13:38:00Z",
  "satellite": 18,
  "flux": 0.000011178396562172566,
  "observed_flux": 0.000011191170415258966,
  "electron_correction": 1.277384331643816E-8,
  "electron_contaminaton": false,
  "energy": "0.1-0.8nm"
}
