{
    "time_tag": "2026-04-24T11:18:00Z",
    "satellite": 18,
    "flux": 2.6288607841706835e-06,
    "observed_flux": 2.6490899927011924e-06,
    "electron_correction": 2.02290681983186e-08,
    "electron_contaminaton": false,
    "energy": "0.1-0.8nm"
}