{
  "time_tag": "2026-03-18T05:48:00Z",
  "satellite": 18,
  "flux": 9.185898193209141E-7,
  "observed_flux": 9.35864818529808E-7,
  "electron_correction": 1.727499565618018E-8,
  "electron_contaminaton": false,
  "energy": "0.1-0.8nm"
}
