{
  "time_tag": "2025-12-07T07:21:00Z",
  "satellite": 18,
  "flux": 0.0000023712602796877036,
  "observed_flux": 0.0000023806053377484204,
  "electron_correction": 9.345043849862122E-9,
  "electron_contaminaton": false,
  "energy": "0.1-0.8nm"
}
