{
  "time_tag": "2026-03-27T07:08:00Z",
  "satellite": 18,
  "flux": 0.00000212798818211013,
  "observed_flux": 0.0000021557755189860472,
  "electron_correction": 2.778739549569309E-8,
  "electron_contaminaton": false,
  "energy": "0.1-0.8nm"
}
