{
    "time_tag": "2026-06-19T16:41:00Z",
    "satellite": 18,
    "flux": 4.785002261087357e-07,
    "observed_flux": 4.990385491510096e-07,
    "electron_correction": 2.0538276856996163e-08,
    "electron_contaminaton": false,
    "energy": "0.1-0.8nm"
}