{
  "time_tag": "2026-05-28T20:46:00Z",
  "satellite": 19,
  "flux": 8.4903717834095E-7,
  "observed_flux": 8.619715572422137E-7,
  "electron_correction": 1.2934361137695305E-8,
  "electron_contaminaton": false,
  "energy": "0.1-0.8nm"
}
