{
  "time_tag": "2025-12-08T22:22:00Z",
  "satellite": 18,
  "flux": 0.000007211734555312432,
  "observed_flux": 0.000007238555554067716,
  "electron_correction": 2.6821025400636245E-8,
  "electron_contaminaton": false,
  "energy": "0.1-0.8nm"
}
