{
  "time_tag": "2026-03-18T19:44:00Z",
  "satellite": 18,
  "flux": 6.349168870656285E-7,
  "observed_flux": 6.64110245907068E-7,
  "electron_correction": 2.919334463058476E-8,
  "electron_contaminaton": false,
  "energy": "0.1-0.8nm"
}
