{
  "time_tag": "2026-02-27T23:03:00Z",
  "satellite": 18,
  "flux": 8.379205382880173E-7,
  "observed_flux": 8.861691185302334E-7,
  "electron_correction": 4.824860866392555E-8,
  "electron_contaminaton": false,
  "energy": "0.1-0.8nm"
}
