{
  "time_tag": "2026-05-14T12:27:00Z",
  "satellite": 18,
  "flux": 0.0000010467645097378409,
  "observed_flux": 0.0000010537524985920754,
  "electron_correction": 6.9880776720765425E-9,
  "electron_contaminaton": false,
  "energy": "0.1-0.8nm"
}
