{
    "time_tag": "2026-06-25T03:21:00Z",
    "satellite": 18,
    "flux": 2.598911123641301e-06,
    "observed_flux": 2.6044413061754312e-06,
    "electron_correction": 5.530175872792142e-09,
    "electron_contaminaton": false,
    "energy": "0.1-0.8nm"
}