{
    "time_tag": "2026-06-23T18:26:00Z",
    "satellite": 18,
    "flux": 1.935135742314742e-06,
    "observed_flux": 1.940638185260468e-06,
    "electron_correction": 5.502555744385518e-09,
    "electron_contaminaton": false,
    "energy": "0.1-0.8nm"
}