{
  "time_tag": "2026-02-22T23:03:00Z",
  "satellite": 18,
  "flux": 3.97133163687613E-7,
  "observed_flux": 4.68714461021591E-7,
  "electron_correction": 7.1581297333978E-8,
  "electron_contaminaton": false,
  "energy": "0.1-0.8nm"
}
