{
  "time_tag": "2026-05-25T05:12:00Z",
  "satellite": 18,
  "flux": 0.0000010472139138073544,
  "observed_flux": 0.0000010496714821783826,
  "electron_correction": 2.45753528638204E-9,
  "electron_contaminaton": false,
  "energy": "0.1-0.8nm"
}
