{
  "time_tag": "2026-05-06T09:31:00Z",
  "satellite": 18,
  "flux": 5.466957873068168E-7,
  "observed_flux": 5.741455311181198E-7,
  "electron_correction": 2.7449733153162015E-8,
  "electron_contaminaton": false,
  "energy": "0.1-0.8nm"
}
