{
  "time_tag": "2026-02-12T09:31:00Z",
  "satellite": 18,
  "flux": 7.272628863574937E-7,
  "observed_flux": 7.401140464935452E-7,
  "electron_correction": 1.2851134378877305E-8,
  "electron_contaminaton": false,
  "energy": "0.1-0.8nm"
}
