{
    "time_tag": "2026-05-09T16:55:00Z",
    "satellite": 18,
    "flux": 9.672424994278117e-07,
    "observed_flux": 9.943389613908948e-07,
    "electron_correction": 2.7096543675497742e-08,
    "electron_contaminaton": false,
    "energy": "0.1-0.8nm"
}