{
  "time_tag": "2026-03-13T10:43:00Z",
  "satellite": 18,
  "flux": 0.000002102132611980778,
  "observed_flux": 0.00000210422922464204,
  "electron_correction": 2.09654715810359E-9,
  "electron_contaminaton": false,
  "energy": "0.1-0.8nm"
}
