{
  "time_tag": "2026-06-08T19:30:00Z",
  "satellite": 18,
  "flux": 8.235967925429577E-7,
  "observed_flux": 8.67104404278507E-7,
  "electron_correction": 4.350761528826297E-8,
  "electron_contaminaton": false,
  "energy": "0.1-0.8nm"
}
