{
  "time_tag": "2026-03-12T21:41:00Z",
  "satellite": 18,
  "flux": 9.010063877212815E-7,
  "observed_flux": 9.238566462954623E-7,
  "electron_correction": 2.2850276337749165E-8,
  "electron_contaminaton": false,
  "energy": "0.1-0.8nm"
}
