{
  "time_tag": "2026-02-14T22:20:00Z",
  "satellite": 18,
  "flux": 5.335080004442716E-7,
  "observed_flux": 5.464078753902868E-7,
  "electron_correction": 1.2899847412484178E-8,
  "electron_contaminaton": false,
  "energy": "0.1-0.8nm"
}
