{
    "time_tag": "2026-05-04T06:38:00Z",
    "satellite": 18,
    "flux": 1.014284634948126e-06,
    "observed_flux": 1.0239721177640604e-06,
    "electron_correction": 9.687495250432221e-09,
    "electron_contaminaton": false,
    "energy": "0.1-0.8nm"
}