{
    "time_tag": "2026-04-27T20:36:00Z",
    "satellite": 18,
    "flux": 7.70584279052855e-07,
    "observed_flux": 7.830209369785734e-07,
    "electron_correction": 1.2436656149361625e-08,
    "electron_contaminaton": false,
    "energy": "0.1-0.8nm"
}