{
    "time_tag": "2026-05-16T01:43:00Z",
    "satellite": 18,
    "flux": 3.7506538319576066e-07,
    "observed_flux": 3.88596561151644e-07,
    "electron_correction": 1.3531162856850187e-08,
    "electron_contaminaton": false,
    "energy": "0.1-0.8nm"
}