{
  "time_tag": "2026-05-18T09:26:00Z",
  "satellite": 18,
  "flux": 3.6228104249858006E-7,
  "observed_flux": 3.815939919604716E-7,
  "electron_correction": 1.9312967225459943E-8,
  "electron_contaminaton": false,
  "energy": "0.1-0.8nm"
}
