{
  "time_tag": "2026-05-20T17:42:00Z",
  "satellite": 18,
  "flux": 7.031800350887352E-7,
  "observed_flux": 7.584472427879518E-7,
  "electron_correction": 5.526723256821242E-8,
  "electron_contaminaton": false,
  "energy": "0.1-0.8nm"
}
