{
    "time_tag": "2026-05-15T23:08:00Z",
    "satellite": 18,
    "flux": 4.6950501086939767e-07,
    "observed_flux": 4.890280251856893e-07,
    "electron_correction": 1.952299477636643e-08,
    "electron_contaminaton": false,
    "energy": "0.1-0.8nm"
}