{
  "time_tag": "2026-06-02T13:36:00Z",
  "satellite": 18,
  "flux": 0.0000010287330951541662,
  "observed_flux": 0.000001051000140250835,
  "electron_correction": 2.2267027333100486E-8,
  "electron_contaminaton": false,
  "energy": "0.1-0.8nm"
}
