{
  "time_tag": "2026-03-08T19:36:00Z",
  "satellite": 18,
  "flux": 7.658269964849751E-7,
  "observed_flux": 8.387530101572338E-7,
  "electron_correction": 7.292603498854078E-8,
  "electron_contaminaton": false,
  "energy": "0.1-0.8nm"
}
