{
  "time_tag": "2026-06-09T00:17:00Z",
  "satellite": 18,
  "flux": 7.699661637161626E-7,
  "observed_flux": 8.139909937199263E-7,
  "electron_correction": 4.402486197818689E-8,
  "electron_contaminaton": false,
  "energy": "0.1-0.8nm"
}
