{
  "time_tag": "2026-02-26T06:04:00Z",
  "satellite": 18,
  "flux": 0.0000010778337582451059,
  "observed_flux": 0.0000010898497748712543,
  "electron_correction": 1.2016080574994703E-8,
  "electron_contaminaton": false,
  "energy": "0.1-0.8nm"
}
