{
  "time_tag": "2026-03-18T11:16:00Z",
  "satellite": 18,
  "flux": 4.690629680226266E-7,
  "observed_flux": 4.75970779234558E-7,
  "electron_correction": 6.907795668809058E-9,
  "electron_contaminaton": false,
  "energy": "0.1-0.8nm"
}
