{
    "time_tag": "2026-04-25T20:57:00Z",
    "satellite": 18,
    "flux": 1.6949799146459554e-06,
    "observed_flux": 1.7055533589882543e-06,
    "electron_correction": 1.0573391939772137e-08,
    "electron_contaminaton": false,
    "energy": "0.1-0.8nm"
}