{
  "time_tag": "2026-04-26T05:56:00Z",
  "satellite": 18,
  "flux": 0.0000014340862435346935,
  "observed_flux": 0.0000014353374808706576,
  "electron_correction": 1.2512213487525514E-9,
  "electron_contaminaton": false,
  "energy": "0.1-0.8nm"
}
