{
  "time_tag": "2026-03-01T22:01:00Z",
  "satellite": 18,
  "flux": 0.0000027759633667301387,
  "observed_flux": 0.0000028250753985048505,
  "electron_correction": 4.911199269486133E-8,
  "electron_contaminaton": false,
  "energy": "0.1-0.8nm"
}
