{
  "time_tag": "2026-02-13T11:22:00Z",
  "satellite": 18,
  "flux": 7.483321837753465E-7,
  "observed_flux": 7.603674134770699E-7,
  "electron_correction": 1.2035211049976624E-8,
  "electron_contaminaton": false,
  "energy": "0.1-0.8nm"
}
