{
  "time_tag": "2026-05-24T22:31:00Z",
  "satellite": 18,
  "flux": 0.0000010362684861320304,
  "observed_flux": 0.0000010494437674424262,
  "electron_correction": 1.3175340818349923E-8,
  "electron_contaminaton": false,
  "energy": "0.1-0.8nm"
}
