{
  "time_tag": "2026-02-07T22:01:00Z",
  "satellite": 18,
  "flux": 0.000002288546966155991,
  "observed_flux": 0.000002336070338060381,
  "electron_correction": 4.7523293744689E-8,
  "electron_contaminaton": false,
  "energy": "0.1-0.8nm"
}
