{
  "time_tag": "2026-05-20T00:03:00Z",
  "satellite": 18,
  "flux": 4.63014458773614E-7,
  "observed_flux": 5.136420782037021E-7,
  "electron_correction": 5.0627626535515446E-8,
  "electron_contaminaton": false,
  "energy": "0.1-0.8nm"
}
