{
  "time_tag": "2026-02-03T17:02:00Z",
  "satellite": 18,
  "flux": 0.00001424877791578183,
  "observed_flux": 0.000014268371160142124,
  "electron_correction": 1.9593601408018912E-8,
  "electron_contaminaton": false,
  "energy": "0.1-0.8nm"
}
