{
  "time_tag": "2026-01-27T17:20:00Z",
  "satellite": 18,
  "flux": 9.384049803884409E-7,
  "observed_flux": 9.858717930910643E-7,
  "electron_correction": 4.7466851782473896E-8,
  "electron_contaminaton": false,
  "energy": "0.1-0.8nm"
}
