{
  "time_tag": "2026-03-02T19:41:00Z",
  "satellite": 18,
  "flux": 9.680251196186873E-7,
  "observed_flux": 0.0000010033780881713028,
  "electron_correction": 3.535294368361974E-8,
  "electron_contaminaton": false,
  "energy": "0.1-0.8nm"
}
