{
    "time_tag": "2026-05-10T12:32:00Z",
    "satellite": 18,
    "flux": 6.336744604595879e-07,
    "observed_flux": 6.470165203609213e-07,
    "electron_correction": 1.3342067894939191e-08,
    "electron_contaminaton": false,
    "energy": "0.1-0.8nm"
}