{
  "time_tag": "2026-04-20T17:04:00Z",
  "satellite": 18,
  "flux": 3.8746082964280504E-7,
  "observed_flux": 4.6532616693184536E-7,
  "electron_correction": 7.78653586053224E-8,
  "electron_contaminaton": false,
  "energy": "0.1-0.8nm"
}
