{
  "time_tag": "2026-03-28T11:10:00Z",
  "satellite": 18,
  "flux": 0.0000020229490473866463,
  "observed_flux": 0.000002026196625593002,
  "electron_correction": 3.2475833133815968E-9,
  "electron_contaminaton": false,
  "energy": "0.1-0.8nm"
}
