{
  "time_tag": "2026-01-05T09:20:00Z",
  "satellite": 18,
  "flux": 0.000003025711293958011,
  "observed_flux": 0.000003031871301573119,
  "electron_correction": 6.159894372359531E-9,
  "electron_contaminaton": false,
  "energy": "0.1-0.8nm"
}
