{
  "time_tag": "2026-03-26T08:04:00Z",
  "satellite": 18,
  "flux": 0.00000140655868108297,
  "observed_flux": 0.0000014164420463202987,
  "electron_correction": 9.883406981714415E-9,
  "electron_contaminaton": false,
  "energy": "0.1-0.8nm"
}
