{
  "time_tag": "2026-02-21T21:21:00Z",
  "satellite": 18,
  "flux": 3.495110547646618E-7,
  "observed_flux": 3.753197006517439E-7,
  "electron_correction": 2.5808644110725254E-8,
  "electron_contaminaton": false,
  "energy": "0.1-0.8nm"
}
