{
  "time_tag": "2026-03-15T22:22:00Z",
  "satellite": 18,
  "flux": 4.4695178758047405E-7,
  "observed_flux": 4.89319347707351E-7,
  "electron_correction": 4.2367553021449567E-8,
  "electron_contaminaton": false,
  "energy": "0.1-0.8nm"
}
