{
  "time_tag": "2026-02-19T23:09:00Z",
  "satellite": 18,
  "flux": 5.685231485585973E-7,
  "observed_flux": 6.081112928768562E-7,
  "electron_correction": 3.95881372128315E-8,
  "electron_contaminaton": false,
  "energy": "0.1-0.8nm"
}
