{
  "time_tag": "2026-02-22T07:00:00Z",
  "satellite": 18,
  "flux": 4.63939869632668E-7,
  "observed_flux": 4.66514904928772E-7,
  "electron_correction": 2.575027968632071E-9,
  "electron_contaminaton": false,
  "energy": "0.1-0.8nm"
}
