{
  "time_tag": "2026-03-30T04:57:00Z",
  "satellite": 18,
  "flux": 0.000016979503925540484,
  "observed_flux": 0.000016979673091555014,
  "electron_correction": 1.6975679195674331E-10,
  "electron_contaminaton": false,
  "energy": "0.1-0.8nm"
}
