{
  "time_tag": "2026-02-04T15:45:00Z",
  "satellite": 18,
  "flux": 0.000012920757399115246,
  "observed_flux": 0.000012930413504363969,
  "electron_correction": 9.656573318750361E-9,
  "electron_contaminaton": false,
  "energy": "0.1-0.8nm"
}
