{
  "time_tag": "2025-12-30T08:20:00Z",
  "satellite": 18,
  "flux": 0.000003409855253266869,
  "observed_flux": 0.0000034198199045931688,
  "electron_correction": 9.964803204809414E-9,
  "electron_contaminaton": false,
  "energy": "0.1-0.8nm"
}
