{
  "time_tag": "2025-12-26T14:18:00Z",
  "satellite": 18,
  "flux": 0.0000015385124925160198,
  "observed_flux": 0.0000015707995544289588,
  "electron_correction": 3.2287022833088486E-8,
  "electron_contaminaton": false,
  "energy": "0.1-0.8nm"
}
