{
  "time_tag": "2026-03-07T19:08:00Z",
  "satellite": 18,
  "flux": 7.66747916713939E-7,
  "observed_flux": 8.164775522345735E-7,
  "electron_correction": 4.972958578264297E-8,
  "electron_contaminaton": false,
  "energy": "0.1-0.8nm"
}
