{
  "time_tag": "2026-02-06T22:49:00Z",
  "satellite": 18,
  "flux": 0.0000012238211866133497,
  "observed_flux": 0.0000012894024621346034,
  "electron_correction": 6.55813252592452E-8,
  "electron_contaminaton": false,
  "energy": "0.1-0.8nm"
}
