{
    "time_tag": "2026-05-22T10:55:00Z",
    "satellite": 18,
    "flux": 1.370665540889604e-05,
    "observed_flux": 1.3733635569224134e-05,
    "electron_correction": 2.6980458756042935e-08,
    "electron_contaminaton": false,
    "energy": "0.1-0.8nm"
}