{
    "time_tag": "2026-05-03T16:08:00Z",
    "satellite": 18,
    "flux": 9.435327683604555e-07,
    "observed_flux": 9.773766578291543e-07,
    "electron_correction": 3.38439001268398e-08,
    "electron_contaminaton": false,
    "energy": "0.1-0.8nm"
}