{
  "time_tag": "2026-04-26T21:16:00Z",
  "satellite": 18,
  "flux": 0.000004539210749499034,
  "observed_flux": 0.0000045781007429468445,
  "electron_correction": 3.8889712783429786E-8,
  "electron_contaminaton": false,
  "energy": "0.1-0.8nm"
}
