{
  "time_tag": "2025-12-26T18:20:00Z",
  "satellite": 18,
  "flux": 0.0000015955151866364758,
  "observed_flux": 0.0000016400096001234488,
  "electron_correction": 4.449445967225074E-8,
  "electron_contaminaton": false,
  "energy": "0.1-0.8nm"
}
