{
    "time_tag": "2026-05-30T19:35:00Z",
    "satellite": 18,
    "flux": 7.628596563336032e-07,
    "observed_flux": 7.912552746347501e-07,
    "electron_correction": 2.83956680391384e-08,
    "electron_contaminaton": false,
    "energy": "0.1-0.8nm"
}