{
  "time_tag": "2026-02-10T06:29:00Z",
  "satellite": 18,
  "flux": 0.0000025617625851737102,
  "observed_flux": 0.0000025893139081745176,
  "electron_correction": 2.7551237735679024E-8,
  "electron_contaminaton": false,
  "energy": "0.1-0.8nm"
}
