{
  "time_tag": "2026-05-21T23:44:00Z",
  "satellite": 18,
  "flux": 8.521089398527693E-7,
  "observed_flux": 8.987931892079359E-7,
  "electron_correction": 4.66841960644615E-8,
  "electron_contaminaton": false,
  "energy": "0.1-0.8nm"
}
