{
  "time_tag": "2026-06-24T13:53:00Z",
  "satellite": 18,
  "flux": 0.0000010235273748548934,
  "observed_flux": 0.000001025330107040645,
  "electron_correction": 1.8026661274817002E-9,
  "electron_contaminaton": false,
  "energy": "0.1-0.8nm"
}
