{
  "time_tag": "2026-01-01T14:17:00Z",
  "satellite": 18,
  "flux": 0.0000013396764870776678,
  "observed_flux": 0.0000013540427517000353,
  "electron_correction": 1.4366235312479603E-8,
  "electron_contaminaton": false,
  "energy": "0.1-0.8nm"
}
