{
    "time_tag": "2026-06-26T16:22:00Z",
    "satellite": 18,
    "flux": 1.1535139492480084e-06,
    "observed_flux": 1.2117095593566773e-06,
    "electron_correction": 5.8195581686959486e-08,
    "electron_contaminaton": false,
    "energy": "0.1-0.8nm"
}