{
  "time_tag": "2026-03-06T13:21:00Z",
  "satellite": 18,
  "flux": 0.0000010712806215451565,
  "observed_flux": 0.0000010799876690725796,
  "electron_correction": 8.707017329356859E-9,
  "electron_contaminaton": false,
  "energy": "0.1-0.8nm"
}
