{
  "time_tag": "2026-03-17T11:02:00Z",
  "satellite": 18,
  "flux": 5.899562438571593E-7,
  "observed_flux": 6.130412657512352E-7,
  "electron_correction": 2.3084995248723317E-8,
  "electron_contaminaton": false,
  "energy": "0.1-0.8nm"
}
