{
  "time_tag": "2026-02-10T11:43:00Z",
  "satellite": 18,
  "flux": 0.0000015620183830833412,
  "observed_flux": 0.000001579805484652752,
  "electron_correction": 1.778715841282974E-8,
  "electron_contaminaton": false,
  "energy": "0.1-0.8nm"
}
