{
  "time_tag": "2026-02-05T17:29:00Z",
  "satellite": 18,
  "flux": 0.0000021971779915475054,
  "observed_flux": 0.00000221343952944153,
  "electron_correction": 1.6261422430829953E-8,
  "electron_contaminaton": false,
  "energy": "0.1-0.8nm"
}
