{
    "time_tag": "2026-05-09T20:48:00Z",
    "satellite": 18,
    "flux": 8.993205256047077e-07,
    "observed_flux": 9.237751896762347e-07,
    "electron_correction": 2.4454664071527077e-08,
    "electron_contaminaton": false,
    "energy": "0.1-0.8nm"
}