{
  "time_tag": "2026-03-04T18:31:00Z",
  "satellite": 18,
  "flux": 5.441083885671105E-7,
  "observed_flux": 5.773003977083135E-7,
  "electron_correction": 3.3192041115626125E-8,
  "electron_contaminaton": false,
  "energy": "0.1-0.8nm"
}
