{
  "time_tag": "2026-05-20T19:31:00Z",
  "satellite": 18,
  "flux": 6.381013690770487E-7,
  "observed_flux": 7.051954185044451E-7,
  "electron_correction": 6.70940636382511E-8,
  "electron_contaminaton": false,
  "energy": "0.1-0.8nm"
}
