{
    "time_tag": "2026-05-07T22:39:00Z",
    "satellite": 18,
    "flux": 6.707348347845254e-07,
    "observed_flux": 7.145710583245091e-07,
    "electron_correction": 4.3836180907419475e-08,
    "electron_contaminaton": false,
    "energy": "0.1-0.8nm"
}