{
    "time_tag": "2026-06-04T23:15:00Z",
    "satellite": 18,
    "flux": 1.2565278666443191e-06,
    "observed_flux": 1.267224661205546e-06,
    "electron_correction": 1.069677146858794e-08,
    "electron_contaminaton": false,
    "energy": "0.1-0.8nm"
}