{
    "time_tag": "2026-05-24T23:51:00Z",
    "satellite": 18,
    "flux": 9.196976975545113e-07,
    "observed_flux": 9.260976412406308e-07,
    "electron_correction": 6.399959673331068e-09,
    "electron_contaminaton": false,
    "energy": "0.1-0.8nm"
}