{
  "time_tag": "2026-04-19T22:55:00Z",
  "satellite": 18,
  "flux": 4.592625089117064E-7,
  "observed_flux": 5.141686187926098E-7,
  "electron_correction": 5.49061240917581E-8,
  "electron_contaminaton": false,
  "energy": "0.1-0.8nm"
}
