{
  "time_tag": "2026-01-08T02:49:00Z",
  "satellite": 18,
  "flux": 0.000001637372179175145,
  "observed_flux": 0.0000016458278651043656,
  "electron_correction": 8.4556708301875E-9,
  "electron_contaminaton": false,
  "energy": "0.1-0.8nm"
}
