{
  "time_tag": "2026-06-02T20:36:00Z",
  "satellite": 18,
  "flux": 0.0000038273160498647485,
  "observed_flux": 0.00000386477540814667,
  "electron_correction": 3.745920196251973E-8,
  "electron_contaminaton": false,
  "energy": "0.1-0.8nm"
}
