{
  "time_tag": "2026-02-04T20:56:00Z",
  "satellite": 18,
  "flux": 0.0000021006528641009936,
  "observed_flux": 0.0000021092798760946607,
  "electron_correction": 8.627087488832785E-9,
  "electron_contaminaton": false,
  "energy": "0.1-0.8nm"
}
