{
  "time_tag": "2026-06-20T13:10:00Z",
  "satellite": 18,
  "flux": 6.072347105146036E-7,
  "observed_flux": 6.166025059428648E-7,
  "electron_correction": 9.367838949003726E-9,
  "electron_contaminaton": false,
  "energy": "0.1-0.8nm"
}
