{
  "time_tag": "2025-12-21T04:21:00Z",
  "satellite": 18,
  "flux": 9.873880344457575E-7,
  "observed_flux": 9.950676940206904E-7,
  "electron_correction": 7.67961250147664E-9,
  "electron_contaminaton": false,
  "energy": "0.1-0.8nm"
}
