{
  "time_tag": "2026-02-23T14:31:00Z",
  "satellite": 18,
  "flux": 3.6647529100264364E-7,
  "observed_flux": 4.6442266921076225E-7,
  "electron_correction": 9.794737820811861E-8,
  "electron_contaminaton": false,
  "energy": "0.1-0.8nm"
}
