{
  "time_tag": "2025-12-25T14:17:00Z",
  "satellite": 18,
  "flux": 0.0000017355632735416293,
  "observed_flux": 0.0000017862869299278827,
  "electron_correction": 5.072368836067653E-8,
  "electron_contaminaton": false,
  "energy": "0.1-0.8nm"
}
