{
  "time_tag": "2026-01-20T10:18:00Z",
  "satellite": 18,
  "flux": 0.000001319358261753223,
  "observed_flux": 0.0000013212670637585688,
  "electron_correction": 1.9088157721114385E-9,
  "electron_contaminaton": false,
  "energy": "0.1-0.8nm"
}
