{
    "time_tag": "2026-05-30T11:35:00Z",
    "satellite": 18,
    "flux": 7.195238254098513e-07,
    "observed_flux": 7.333771350204188e-07,
    "electron_correction": 1.3853300728783324e-08,
    "electron_contaminaton": false,
    "energy": "0.1-0.8nm"
}