{
  "time_tag": "2025-12-13T14:18:00Z",
  "satellite": 18,
  "flux": 9.971054169000126E-7,
  "observed_flux": 0.0000010205548051089863,
  "electron_correction": 2.3449356234550578E-8,
  "electron_contaminaton": false,
  "energy": "0.1-0.8nm"
}
