{
  "time_tag": "2026-04-23T11:23:00Z",
  "satellite": 18,
  "flux": 9.865834726952016E-7,
  "observed_flux": 0.0000010083576853503473,
  "electron_correction": 2.177428903848977E-8,
  "electron_contaminaton": false,
  "energy": "0.1-0.8nm"
}
