{
    "time_tag": "2026-06-06T12:10:00Z",
    "satellite": 18,
    "flux": 1.2832139191232272e-06,
    "observed_flux": 1.308874288952211e-06,
    "electron_correction": 2.566041423790466e-08,
    "electron_contaminaton": false,
    "energy": "0.1-0.8nm"
}