{
  "time_tag": "2026-05-08T19:41:00Z",
  "satellite": 18,
  "flux": 8.545941909687826E-7,
  "observed_flux": 8.844608601066284E-7,
  "electron_correction": 2.9866647821563674E-8,
  "electron_contaminaton": false,
  "energy": "0.1-0.8nm"
}
