{
    "time_tag": "2026-06-17T07:18:00Z",
    "satellite": 18,
    "flux": 4.4701565116156416e-07,
    "observed_flux": 4.568695999296324e-07,
    "electron_correction": 9.853948768068221e-09,
    "electron_contaminaton": false,
    "energy": "0.1-0.8nm"
}