{
  "time_tag": "2026-01-01T04:31:00Z",
  "satellite": 18,
  "flux": 0.0000016725850855436875,
  "observed_flux": 0.0000016833362224133452,
  "electron_correction": 1.075118216675719E-8,
  "electron_contaminaton": false,
  "energy": "0.1-0.8nm"
}
