{
    "time_tag": "2026-06-11T11:44:00Z",
    "satellite": 18,
    "flux": 1.0426543894936913e-06,
    "observed_flux": 1.0471178484294796e-06,
    "electron_correction": 4.463411862332123e-09,
    "electron_contaminaton": false,
    "energy": "0.1-0.8nm"
}