{
  "time_tag": "2026-03-24T16:35:00Z",
  "satellite": 18,
  "flux": 6.523706019834208E-7,
  "observed_flux": 7.352099373747478E-7,
  "electron_correction": 8.283938512931854E-8,
  "electron_contaminaton": false,
  "energy": "0.1-0.8nm"
}
