{
    "time_tag": "2026-06-11T23:03:00Z",
    "satellite": 18,
    "flux": 8.35913454011461e-07,
    "observed_flux": 8.504499646733166e-07,
    "electron_correction": 1.4536529313602387e-08,
    "electron_contaminaton": false,
    "energy": "0.1-0.8nm"
}