{
  "time_tag": "2026-02-09T22:22:00Z",
  "satellite": 18,
  "flux": 0.0000011638414889603155,
  "observed_flux": 0.0000012047364634781843,
  "electron_correction": 4.0895020703146656E-8,
  "electron_contaminaton": false,
  "energy": "0.1-0.8nm"
}
