{
  "time_tag": "2026-05-16T11:31:00Z",
  "satellite": 18,
  "flux": 4.659232502035593E-7,
  "observed_flux": 4.942961595588713E-7,
  "electron_correction": 2.8372909355312004E-8,
  "electron_contaminaton": false,
  "energy": "0.1-0.8nm"
}
