{
  "time_tag": "2026-05-01T16:43:00Z",
  "satellite": 18,
  "flux": 9.862806109595113E-7,
  "observed_flux": 0.0000010288383691658964,
  "electron_correction": 4.2557736890103115E-8,
  "electron_contaminaton": false,
  "energy": "0.1-0.8nm"
}
