{
    "time_tag": "2026-06-24T13:00:00Z",
    "satellite": 18,
    "flux": 1.1385272955521941e-06,
    "observed_flux": 1.1391728094167775e-06,
    "electron_correction": 6.455156409401752e-10,
    "electron_contaminaton": false,
    "energy": "0.1-0.8nm"
}