{
  "time_tag": "2026-04-17T19:59:00Z",
  "satellite": 18,
  "flux": 3.269801709393505E-7,
  "observed_flux": 3.3754236028471496E-7,
  "electron_correction": 1.0562194674434977E-8,
  "electron_contaminaton": false,
  "energy": "0.1-0.8nm"
}
