{
  "time_tag": "2026-06-16T21:51:00Z",
  "satellite": 18,
  "flux": 4.689642594257748E-7,
  "observed_flux": 5.065006689619622E-7,
  "electron_correction": 3.753642019432846E-8,
  "electron_contaminaton": false,
  "energy": "0.1-0.8nm"
}
