{
    "time_tag": "2026-05-02T17:48:00Z",
    "satellite": 18,
    "flux": 1.2403054370224709e-06,
    "observed_flux": 1.2829545994463842e-06,
    "electron_correction": 4.264910202778083e-08,
    "electron_contaminaton": false,
    "energy": "0.1-0.8nm"
}