{
    "time_tag": "2026-06-20T23:15:00Z",
    "satellite": 18,
    "flux": 1.0398996437288588e-06,
    "observed_flux": 1.0660043017196585e-06,
    "electron_correction": 2.6104675754368145e-08,
    "electron_contaminaton": false,
    "energy": "0.1-0.8nm"
}