{
    "time_tag": "2026-05-02T11:31:00Z",
    "satellite": 18,
    "flux": 2.394217744949856e-06,
    "observed_flux": 2.4234595912275836e-06,
    "electron_correction": 2.924185871222562e-08,
    "electron_contaminaton": false,
    "energy": "0.1-0.8nm"
}