{
  "time_tag": "2026-03-30T15:38:00Z",
  "satellite": 18,
  "flux": 0.0000017293002656515455,
  "observed_flux": 0.0000017423448070985614,
  "electron_correction": 1.3044558322405919E-8,
  "electron_contaminaton": false,
  "energy": "0.1-0.8nm"
}
