{
  "time_tag": "2026-01-17T20:18:00Z",
  "satellite": 18,
  "flux": 0.0000013302469596965238,
  "observed_flux": 0.0000014102114391789655,
  "electron_correction": 7.996455764214261E-8,
  "electron_contaminaton": false,
  "energy": "0.1-0.8nm"
}
