{
  "time_tag": "2026-06-23T13:36:00Z",
  "satellite": 18,
  "flux": 8.575497645324504E-7,
  "observed_flux": 8.604309300608293E-7,
  "electron_correction": 2.8811382168925093E-9,
  "electron_contaminaton": false,
  "energy": "0.1-0.8nm"
}
