{
  "time_tag": "2026-03-11T13:52:00Z",
  "satellite": 18,
  "flux": 6.005355430716008E-7,
  "observed_flux": 6.396720664270106E-7,
  "electron_correction": 3.913648782827295E-8,
  "electron_contaminaton": false,
  "energy": "0.1-0.8nm"
}
