{
  "time_tag": "2026-04-19T22:39:00Z",
  "satellite": 18,
  "flux": 3.4657662695281033E-7,
  "observed_flux": 4.0563179481978295E-7,
  "electron_correction": 5.90551714196863E-8,
  "electron_contaminaton": false,
  "energy": "0.1-0.8nm"
}
