{
  "time_tag": "2026-06-03T21:30:00Z",
  "satellite": 18,
  "flux": 0.000001093551873054821,
  "observed_flux": 0.000001123777451539354,
  "electron_correction": 3.022558203724657E-8,
  "electron_contaminaton": false,
  "energy": "0.1-0.8nm"
}
