{
  "time_tag": "2026-03-20T07:30:00Z",
  "satellite": 18,
  "flux": 3.13185040567987E-7,
  "observed_flux": 3.159011612297036E-7,
  "electron_correction": 2.71613198599141E-9,
  "electron_contaminaton": false,
  "energy": "0.1-0.8nm"
}
