{
  "time_tag": "2026-06-30T18:49:00Z",
  "satellite": 18,
  "flux": 0.000004854357939620968,
  "observed_flux": 0.0000048749393499747384,
  "electron_correction": 2.0581474302616698E-8,
  "electron_contaminaton": false,
  "energy": "0.1-0.8nm"
}
