{
    "time_tag": "2026-04-23T16:44:00Z",
    "satellite": 18,
    "flux": 4.5519223021983635e-06,
    "observed_flux": 4.588933279592311e-06,
    "electron_correction": 3.701062212257966e-08,
    "electron_contaminaton": false,
    "energy": "0.1-0.8nm"
}