{
  "time_tag": "2026-02-26T19:03:00Z",
  "satellite": 18,
  "flux": 0.0000020965919702575775,
  "observed_flux": 0.0000021509854377654847,
  "electron_correction": 5.439352079861237E-8,
  "electron_contaminaton": false,
  "energy": "0.1-0.8nm"
}
