{
  "time_tag": "2026-05-18T21:38:00Z",
  "satellite": 18,
  "flux": 4.794101187144406E-7,
  "observed_flux": 5.33950128556171E-7,
  "electron_correction": 5.4540031158012425E-8,
  "electron_contaminaton": false,
  "energy": "0.1-0.8nm"
}
