{
    "time_tag": "2026-05-30T04:37:00Z",
    "satellite": 18,
    "flux": 1.1605574172790512e-06,
    "observed_flux": 1.1746128620870877e-06,
    "electron_correction": 1.4055455466177591e-08,
    "electron_contaminaton": false,
    "energy": "0.1-0.8nm"
}