{
  "time_tag": "2025-12-23T20:18:00Z",
  "satellite": 18,
  "flux": 0.0000010750766250566812,
  "observed_flux": 0.0000011700572031259071,
  "electron_correction": 9.498052833123438E-8,
  "electron_contaminaton": false,
  "energy": "0.1-0.8nm"
}
