{
  "time_tag": "2026-06-25T05:07:00Z",
  "satellite": 18,
  "flux": 0.0000012913192222185899,
  "observed_flux": 0.0000013099679563310929,
  "electron_correction": 1.8648718125291452E-8,
  "electron_contaminaton": false,
  "energy": "0.1-0.8nm"
}
