{
    "time_tag": "2026-06-24T18:44:00Z",
    "satellite": 18,
    "flux": 2.365564796491526e-06,
    "observed_flux": 2.390681856923038e-06,
    "electron_correction": 2.511697694274062e-08,
    "electron_contaminaton": false,
    "energy": "0.1-0.8nm"
}