{
  "time_tag": "2026-02-09T19:12:00Z",
  "satellite": 18,
  "flux": 0.0000012219754808029393,
  "observed_flux": 0.0000012554239674500423,
  "electron_correction": 3.344851506881241E-8,
  "electron_contaminaton": false,
  "energy": "0.1-0.8nm"
}
