{
  "time_tag": "2026-05-31T23:34:00Z",
  "satellite": 18,
  "flux": 6.993518013587163E-7,
  "observed_flux": 7.415636105179146E-7,
  "electron_correction": 4.221183047548038E-8,
  "electron_contaminaton": false,
  "energy": "0.1-0.8nm"
}
