{
  "time_tag": "2026-02-02T18:25:00Z",
  "satellite": 18,
  "flux": 0.00000767914934840519,
  "observed_flux": 0.000007705357347731479,
  "electron_correction": 2.6207899850305694E-8,
  "electron_contaminaton": false,
  "energy": "0.1-0.8nm"
}
