{
  "time_tag": "2026-03-01T14:36:00Z",
  "satellite": 18,
  "flux": 0.0000011141221420984948,
  "observed_flux": 0.000001151918581854261,
  "electron_correction": 3.779646462476194E-8,
  "electron_contaminaton": false,
  "energy": "0.1-0.8nm"
}
