{
  "time_tag": "2026-05-21T21:44:00Z",
  "satellite": 18,
  "flux": 9.353883001494978E-7,
  "observed_flux": 9.926976645147079E-7,
  "electron_correction": 5.730938568149213E-8,
  "electron_contaminaton": false,
  "energy": "0.1-0.8nm"
}
