{
  "time_tag": "2026-04-27T23:00:00Z",
  "satellite": 18,
  "flux": 0.0000011109325441793771,
  "observed_flux": 0.0000011214054893571301,
  "electron_correction": 1.0472990474852395E-8,
  "electron_contaminaton": false,
  "energy": "0.1-0.8nm"
}
