{
    "time_tag": "2026-06-10T12:00:00Z",
    "satellite": 18,
    "flux": 6.552929221470549e-07,
    "observed_flux": 6.633844691350532e-07,
    "electron_correction": 8.091519454467289e-09,
    "electron_contaminaton": false,
    "energy": "0.1-0.8nm"
}