{
  "time_tag": "2026-06-22T21:21:00Z",
  "satellite": 18,
  "flux": 6.55745395761187E-7,
  "observed_flux": 6.660964118054835E-7,
  "electron_correction": 1.0350997392549743E-8,
  "electron_contaminaton": false,
  "energy": "0.1-0.8nm"
}
