{
  "time_tag": "2026-01-06T13:24:00Z",
  "satellite": 18,
  "flux": 0.0000028710451260849368,
  "observed_flux": 0.0000028892454793094657,
  "electron_correction": 1.820045270051196E-8,
  "electron_contaminaton": false,
  "energy": "0.1-0.8nm"
}
