{
  "time_tag": "2026-02-28T17:21:00Z",
  "satellite": 18,
  "flux": 0.0000017589569552001194,
  "observed_flux": 0.000001810444587135862,
  "electron_correction": 5.148770299001626E-8,
  "electron_contaminaton": false,
  "energy": "0.1-0.8nm"
}
