{
  "time_tag": "2026-02-06T22:20:00Z",
  "satellite": 18,
  "flux": 0.0000013755359304923331,
  "observed_flux": 0.0000014489156683339388,
  "electron_correction": 7.337972363075096E-8,
  "electron_contaminaton": false,
  "energy": "0.1-0.8nm"
}
