{
  "time_tag": "2025-12-08T03:39:00Z",
  "satellite": 18,
  "flux": 0.0000021185546756896656,
  "observed_flux": 0.0000021493524400284514,
  "electron_correction": 3.0797700389939564E-8,
  "electron_contaminaton": false,
  "energy": "0.1-0.8nm"
}
