{
  "time_tag": "2026-02-27T14:01:00Z",
  "satellite": 18,
  "flux": 0.0000013189830951887416,
  "observed_flux": 0.0000013659079058925272,
  "electron_correction": 4.692488886348656E-8,
  "electron_contaminaton": false,
  "energy": "0.1-0.8nm"
}
