{
  "time_tag": "2026-03-22T20:39:00Z",
  "satellite": 18,
  "flux": 9.134433867075131E-7,
  "observed_flux": 9.584325653122505E-7,
  "electron_correction": 4.4989128866745887E-8,
  "electron_contaminaton": false,
  "energy": "0.1-0.8nm"
}
