{
  "time_tag": "2026-03-01T08:05:00Z",
  "satellite": 18,
  "flux": 0.0000033259932479268173,
  "observed_flux": 0.0000033410890409868443,
  "electron_correction": 1.50958623379438E-8,
  "electron_contaminaton": false,
  "energy": "0.1-0.8nm"
}
