{
  "time_tag": "2026-04-23T21:57:00Z",
  "satellite": 18,
  "flux": 0.000001355829908789019,
  "observed_flux": 0.0000013991312926009414,
  "electron_correction": 4.330134828478549E-8,
  "electron_contaminaton": false,
  "energy": "0.1-0.8nm"
}
