{
  "time_tag": "2026-02-23T05:13:00Z",
  "satellite": 18,
  "flux": 3.3816903055594594E-7,
  "observed_flux": 3.659096705632692E-7,
  "electron_correction": 2.7740636454609557E-8,
  "electron_contaminaton": false,
  "energy": "0.1-0.8nm"
}
