{
    "time_tag": "2026-06-14T05:14:00Z",
    "satellite": 18,
    "flux": 4.785251235261967e-07,
    "observed_flux": 5.017193984713231e-07,
    "electron_correction": 2.3194267839699023e-08,
    "electron_contaminaton": false,
    "energy": "0.1-0.8nm"
}