{
  "time_tag": "2026-05-05T19:26:00Z",
  "satellite": 18,
  "flux": 6.724683885295235E-7,
  "observed_flux": 7.485635933335288E-7,
  "electron_correction": 7.609519769857798E-8,
  "electron_contaminaton": false,
  "energy": "0.1-0.8nm"
}
