{
  "time_tag": "2026-02-19T16:00:00Z",
  "satellite": 18,
  "flux": 3.9528941897515324E-7,
  "observed_flux": 4.3094303237012355E-7,
  "electron_correction": 3.565359918411559E-8,
  "electron_contaminaton": false,
  "energy": "0.1-0.8nm"
}
