{
  "time_tag": "2026-02-11T01:40:00Z",
  "satellite": 18,
  "flux": 0.000002564277110650437,
  "observed_flux": 0.000002580414275143994,
  "electron_correction": 1.6137228442403284E-8,
  "electron_contaminaton": false,
  "energy": "0.1-0.8nm"
}
