{
  "time_tag": "2026-02-19T19:02:00Z",
  "satellite": 18,
  "flux": 4.22723957171911E-7,
  "observed_flux": 4.645419267035322E-7,
  "electron_correction": 4.181796597890752E-8,
  "electron_contaminaton": false,
  "energy": "0.1-0.8nm"
}
