{
  "time_tag": "2026-05-25T22:05:00Z",
  "satellite": 18,
  "flux": 0.0000034223025977553334,
  "observed_flux": 0.0000034288914321223274,
  "electron_correction": 6.5888405842429165E-9,
  "electron_contaminaton": false,
  "energy": "0.1-0.8nm"
}
