{
  "time_tag": "2026-02-27T08:43:00Z",
  "satellite": 18,
  "flux": 8.218479479182861E-7,
  "observed_flux": 8.494902203892707E-7,
  "electron_correction": 2.7642281352768805E-8,
  "electron_contaminaton": false,
  "energy": "0.1-0.8nm"
}
