{
  "time_tag": "2026-03-15T08:42:00Z",
  "satellite": 18,
  "flux": 1.8379553523573122E-7,
  "observed_flux": 1.8595230244500272E-7,
  "electron_correction": 2.156766321093073E-9,
  "electron_contaminaton": false,
  "energy": "0.1-0.8nm"
}
