{
    "time_tag": "2026-05-28T22:48:00Z",
    "satellite": 19,
    "flux": 9.615316685085418e-07,
    "observed_flux": 9.955858786270255e-07,
    "electron_correction": 3.405418169677432e-08,
    "electron_contaminaton": false,
    "energy": "0.1-0.8nm"
}