{
  "time_tag": "2026-03-01T18:41:00Z",
  "satellite": 18,
  "flux": 0.000001922754336192156,
  "observed_flux": 0.000001985848939511925,
  "electron_correction": 6.309439726237542E-8,
  "electron_contaminaton": false,
  "energy": "0.1-0.8nm"
}
