{
  "time_tag": "2026-06-20T20:40:00Z",
  "satellite": 18,
  "flux": 5.805646878798143E-7,
  "observed_flux": 6.080693992771558E-7,
  "electron_correction": 2.7504732713623525E-8,
  "electron_contaminaton": false,
  "energy": "0.1-0.8nm"
}
