{
  "time_tag": "2026-04-20T19:36:00Z",
  "satellite": 18,
  "flux": 4.984284487363766E-7,
  "observed_flux": 5.703219017050287E-7,
  "electron_correction": 7.18934245469427E-8,
  "electron_contaminaton": false,
  "energy": "0.1-0.8nm"
}
