{
  "time_tag": "2026-04-26T09:31:00Z",
  "satellite": 18,
  "flux": 0.0000010185225391978747,
  "observed_flux": 0.000001024829430207319,
  "electron_correction": 6.306787980747686E-9,
  "electron_contaminaton": false,
  "energy": "0.1-0.8nm"
}
