{
  "time_tag": "2026-02-14T21:35:00Z",
  "satellite": 18,
  "flux": 5.538184382203326E-7,
  "observed_flux": 5.644450311592664E-7,
  "electron_correction": 1.0626593827112174E-8,
  "electron_contaminaton": false,
  "energy": "0.1-0.8nm"
}
