{
  "time_tag": "2025-12-06T11:20:00Z",
  "satellite": 18,
  "flux": 0.0000012299981335672783,
  "observed_flux": 0.0000012460779998946236,
  "electron_correction": 1.60798450110633E-8,
  "electron_contaminaton": false,
  "energy": "0.1-0.8nm"
}
