{
    "time_tag": "2026-05-24T20:34:00Z",
    "satellite": 18,
    "flux": 7.853822125980514e-07,
    "observed_flux": 8.020290920285333e-07,
    "electron_correction": 1.6646920286689237e-08,
    "electron_contaminaton": false,
    "energy": "0.1-0.8nm"
}