{
  "time_tag": "2026-06-09T23:23:00Z",
  "satellite": 18,
  "flux": 0.0000011009155969077256,
  "observed_flux": 0.000001129344468608906,
  "electron_correction": 2.8428946308167724E-8,
  "electron_contaminaton": false,
  "energy": "0.1-0.8nm"
}
