{
    "time_tag": "2026-06-17T20:34:00Z",
    "satellite": 18,
    "flux": 4.797274755219405e-07,
    "observed_flux": 4.943622116115876e-07,
    "electron_correction": 1.4634766287713319e-08,
    "electron_contaminaton": false,
    "energy": "0.1-0.8nm"
}