{
  "time_tag": "2026-05-09T21:10:00Z",
  "satellite": 18,
  "flux": 9.106709057959961E-7,
  "observed_flux": 9.350852678835508E-7,
  "electron_correction": 2.4414328336774815E-8,
  "electron_contaminaton": false,
  "energy": "0.1-0.8nm"
}
