{
  "time_tag": "2026-04-19T15:55:00Z",
  "satellite": 18,
  "flux": 3.5860801972376066E-7,
  "observed_flux": 4.0453434735354676E-7,
  "electron_correction": 4.5926313418931386E-8,
  "electron_contaminaton": false,
  "energy": "0.1-0.8nm"
}
