{
    "time_tag": "2026-06-07T01:29:00Z",
    "satellite": 18,
    "flux": 8.923567520469078e-07,
    "observed_flux": 9.364002266920579e-07,
    "electron_correction": 4.404346398700909e-08,
    "electron_contaminaton": false,
    "energy": "0.1-0.8nm"
}