{
  "time_tag": "2026-03-02T00:52:00Z",
  "satellite": 18,
  "flux": 9.725544032335165E-7,
  "observed_flux": 0.0000010127316727448488,
  "electron_correction": 4.01772481950502E-8,
  "electron_contaminaton": false,
  "energy": "0.1-0.8nm"
}
