{
  "time_tag": "2026-05-16T14:43:00Z",
  "satellite": 18,
  "flux": 0.0000010844338476090343,
  "observed_flux": 0.0000011400867379052215,
  "electron_correction": 5.5652964903174507E-8,
  "electron_contaminaton": false,
  "energy": "0.1-0.8nm"
}
