{
  "time_tag": "2025-12-29T16:18:00Z",
  "satellite": 18,
  "flux": 0.000002765058297882206,
  "observed_flux": 0.0000028010501864628168,
  "electron_correction": 3.59919845038803E-8,
  "electron_contaminaton": false,
  "energy": "0.1-0.8nm"
}
