{
  "time_tag": "2025-12-15T16:19:00Z",
  "satellite": 18,
  "flux": 5.842302357450535E-7,
  "observed_flux": 6.209677962942806E-7,
  "electron_correction": 3.673754278565866E-8,
  "electron_contaminaton": false,
  "energy": "0.1-0.8nm"
}
