{
  "time_tag": "2026-01-02T10:18:00Z",
  "satellite": 18,
  "flux": 0.0000013071070270598284,
  "observed_flux": 0.000001314580117650621,
  "electron_correction": 7.473107466182682E-9,
  "electron_contaminaton": false,
  "energy": "0.1-0.8nm"
}
