{
  "time_tag": "2026-06-05T10:44:00Z",
  "satellite": 18,
  "flux": 0.000001054281483447994,
  "observed_flux": 0.0000010565905768089578,
  "electron_correction": 2.3091042411493845E-9,
  "electron_contaminaton": false,
  "energy": "0.1-0.8nm"
}
