{
    "time_tag": "2026-04-26T11:22:00Z",
    "satellite": 18,
    "flux": 3.04065679301857e-06,
    "observed_flux": 3.0450682970695198e-06,
    "electron_correction": 4.411318865749081e-09,
    "electron_contaminaton": false,
    "energy": "0.1-0.8nm"
}