{
  "time_tag": "2026-02-27T08:18:00Z",
  "satellite": 18,
  "flux": 8.470607895105786E-7,
  "observed_flux": 8.725679094823136E-7,
  "electron_correction": 2.5507130629875974E-8,
  "electron_contaminaton": false,
  "energy": "0.1-0.8nm"
}
