{
  "time_tag": "2026-02-12T13:55:00Z",
  "satellite": 18,
  "flux": 8.73604619755497E-7,
  "observed_flux": 8.991876256914111E-7,
  "electron_correction": 2.5583039686694065E-8,
  "electron_contaminaton": false,
  "energy": "0.1-0.8nm"
}
