{
  "time_tag": "2026-02-05T12:04:00Z",
  "satellite": 18,
  "flux": 0.000002823509021254722,
  "observed_flux": 0.0000028239787752681877,
  "electron_correction": 4.69874417152738E-10,
  "electron_contaminaton": false,
  "energy": "0.1-0.8nm"
}
