{
  "time_tag": "2026-05-14T11:49:00Z",
  "satellite": 18,
  "flux": 0.0000017894715256261406,
  "observed_flux": 0.0000017966304994843085,
  "electron_correction": 7.158941883744774E-9,
  "electron_contaminaton": false,
  "energy": "0.1-0.8nm"
}
