{
  "time_tag": "2026-04-26T10:00:00Z",
  "satellite": 18,
  "flux": 9.930651003742241E-7,
  "observed_flux": 9.994239462685073E-7,
  "electron_correction": 6.3587983767376954E-9,
  "electron_contaminaton": false,
  "energy": "0.1-0.8nm"
}
