{
    "time_tag": "2026-05-09T01:45:00Z",
    "satellite": 18,
    "flux": 8.758855756241246e-07,
    "observed_flux": 9.042138344739215e-07,
    "electron_correction": 2.8328301482360985e-08,
    "electron_contaminaton": false,
    "energy": "0.1-0.8nm"
}