{
  "time_tag": "2026-05-06T15:09:00Z",
  "satellite": 18,
  "flux": 8.613585578132188E-7,
  "observed_flux": 8.99044323432463E-7,
  "electron_correction": 3.7685758513816836E-8,
  "electron_contaminaton": false,
  "energy": "0.1-0.8nm"
}
