{
    "time_tag": "2026-07-01T06:49:00Z",
    "satellite": 18,
    "flux": 4.6616441977676e-06,
    "observed_flux": 4.668361270887544e-06,
    "electron_correction": 6.717388423282955e-09,
    "electron_contaminaton": false,
    "energy": "0.1-0.8nm"
}