{
    "time_tag": "2026-05-04T22:22:00Z",
    "satellite": 19,
    "flux": 1.1586929531404166e-06,
    "observed_flux": 1.1642392792055034e-06,
    "electron_correction": 5.5463176273917725e-09,
    "electron_contaminaton": false,
    "energy": "0.1-0.8nm"
}