{
    "time_tag": "2026-04-22T20:32:00Z",
    "satellite": 18,
    "flux": 7.75957744281186e-07,
    "observed_flux": 8.275591198980692e-07,
    "electron_correction": 5.1601364958742124e-08,
    "electron_contaminaton": false,
    "energy": "0.1-0.8nm"
}