{
  "time_tag": "2025-12-04T16:24:00Z",
  "satellite": 18,
  "flux": 0.0000031795650556887267,
  "observed_flux": 0.0000032273603665089468,
  "electron_correction": 4.7795495561331336E-8,
  "electron_contaminaton": false,
  "energy": "0.1-0.8nm"
}
