{
  "time_tag": "2026-06-23T17:21:00Z",
  "satellite": 18,
  "flux": 0.0000013978426522953669,
  "observed_flux": 0.0000014024921028976678,
  "electron_correction": 4.649478579921151E-9,
  "electron_contaminaton": false,
  "energy": "0.1-0.8nm"
}
