{
  "time_tag": "2026-04-29T12:22:00Z",
  "satellite": 18,
  "flux": 0.0000011695482271534274,
  "observed_flux": 0.0000011720137536030961,
  "electron_correction": 2.4654798203016526E-9,
  "electron_contaminaton": false,
  "energy": "0.1-0.8nm"
}
