{
  "time_tag": "2026-05-13T16:41:00Z",
  "satellite": 18,
  "flux": 4.890938498647301E-7,
  "observed_flux": 4.943194085171854E-7,
  "electron_correction": 5.225519572604753E-9,
  "electron_contaminaton": false,
  "energy": "0.1-0.8nm"
}
