{
  "time_tag": "2026-06-17T02:36:00Z",
  "satellite": 18,
  "flux": 5.735784611715644E-7,
  "observed_flux": 5.912681331210479E-7,
  "electron_correction": 1.7689702147549724E-8,
  "electron_contaminaton": false,
  "energy": "0.1-0.8nm"
}
