{
  "time_tag": "2026-04-22T19:05:00Z",
  "satellite": 18,
  "flux": 5.787879899799009E-7,
  "observed_flux": 6.246096972972737E-7,
  "electron_correction": 4.582171087008646E-8,
  "electron_contaminaton": false,
  "energy": "0.1-0.8nm"
}
