{
  "time_tag": "2026-05-16T21:12:00Z",
  "satellite": 18,
  "flux": 0.0000012361891776890843,
  "observed_flux": 0.000001365622892990359,
  "electron_correction": 1.2943367266871064E-7,
  "electron_contaminaton": false,
  "energy": "0.1-0.8nm"
}
