{
  "time_tag": "2026-04-29T23:01:00Z",
  "satellite": 18,
  "flux": 0.0000010059158057629247,
  "observed_flux": 0.000001012740995065542,
  "electron_correction": 6.825241705143981E-9,
  "electron_contaminaton": false,
  "energy": "0.1-0.8nm"
}
