{
    "time_tag": "2026-04-23T02:56:00Z",
    "satellite": 18,
    "flux": 1.0755460380096338e-06,
    "observed_flux": 1.0920521162915975e-06,
    "electron_correction": 1.6506010780403813e-08,
    "electron_contaminaton": false,
    "energy": "0.1-0.8nm"
}