{
  "time_tag": "2026-04-21T22:44:00Z",
  "satellite": 18,
  "flux": 6.086418125050841E-7,
  "observed_flux": 6.765949365217239E-7,
  "electron_correction": 6.795315954377656E-8,
  "electron_contaminaton": false,
  "energy": "0.1-0.8nm"
}
