{
  "time_tag": "2025-12-06T01:51:00Z",
  "satellite": 18,
  "flux": 0.000002235529564131866,
  "observed_flux": 0.000002275824726893916,
  "electron_correction": 4.029515920933591E-8,
  "electron_contaminaton": false,
  "energy": "0.1-0.8nm"
}
