{
    "time_tag": "2026-05-04T07:39:00Z",
    "satellite": 18,
    "flux": 1.0279215985065093e-06,
    "observed_flux": 1.0393009688414168e-06,
    "electron_correction": 1.1379364117658497e-08,
    "electron_contaminaton": false,
    "energy": "0.1-0.8nm"
}