{
  "time_tag": "2026-06-25T08:59:00Z",
  "satellite": 18,
  "flux": 9.95137725112727E-7,
  "observed_flux": 0.000001001824102786486,
  "electron_correction": 6.686457609816898E-9,
  "electron_contaminaton": false,
  "energy": "0.1-0.8nm"
}
