{
    "time_tag": "2026-06-13T02:08:00Z",
    "satellite": 18,
    "flux": 1.0465503237355733e-06,
    "observed_flux": 1.0714395557442913e-06,
    "electron_correction": 2.488924621957267e-08,
    "electron_contaminaton": false,
    "energy": "0.1-0.8nm"
}