{
  "time_tag": "2026-01-26T01:48:00Z",
  "satellite": 18,
  "flux": 0.0000015325654203479644,
  "observed_flux": 0.000001593325350768282,
  "electron_correction": 6.076000147459126E-8,
  "electron_contaminaton": false,
  "energy": "0.1-0.8nm"
}
