{
    "time_tag": "2026-06-13T22:11:00Z",
    "satellite": 18,
    "flux": 5.96501479321887e-07,
    "observed_flux": 6.646747578997747e-07,
    "electron_correction": 6.81732430507509e-08,
    "electron_contaminaton": false,
    "energy": "0.1-0.8nm"
}