{
  "time_tag": "2026-03-05T11:28:00Z",
  "satellite": 18,
  "flux": 6.085305699343735E-7,
  "observed_flux": 6.187573831084592E-7,
  "electron_correction": 1.0226830049475666E-8,
  "electron_contaminaton": false,
  "energy": "0.1-0.8nm"
}
