{
  "time_tag": "2026-02-02T07:32:00Z",
  "satellite": 18,
  "flux": 0.00001281714594369987,
  "observed_flux": 0.000012821637938031927,
  "electron_correction": 4.492201277628283E-9,
  "electron_contaminaton": false,
  "energy": "0.1-0.8nm"
}
