{
  "time_tag": "2026-06-21T20:44:00Z",
  "satellite": 18,
  "flux": 0.0000031527592909696978,
  "observed_flux": 0.000003171426669723587,
  "electron_correction": 1.8667288159690543E-8,
  "electron_contaminaton": false,
  "energy": "0.1-0.8nm"
}
