{
  "time_tag": "2026-02-20T12:45:00Z",
  "satellite": 18,
  "flux": 3.94208740317481E-7,
  "observed_flux": 4.2921570297949074E-7,
  "electron_correction": 3.5006962662009755E-8,
  "electron_contaminaton": false,
  "energy": "0.1-0.8nm"
}
