{
  "time_tag": "2026-03-25T12:45:00Z",
  "satellite": 18,
  "flux": 0.0000014610716334573226,
  "observed_flux": 0.000001471226255489455,
  "electron_correction": 1.0154688645513943E-8,
  "electron_contaminaton": false,
  "energy": "0.1-0.8nm"
}
