{
  "time_tag": "2026-05-12T00:02:00Z",
  "satellite": 18,
  "flux": 6.753851948815282E-7,
  "observed_flux": 6.917860559951805E-7,
  "electron_correction": 1.6400857560938675E-8,
  "electron_contaminaton": false,
  "energy": "0.1-0.8nm"
}
