{
  "time_tag": "2026-02-05T19:00:00Z",
  "satellite": 18,
  "flux": 0.0000015804346276127035,
  "observed_flux": 0.0000016043992445702315,
  "electron_correction": 2.3964631168382766E-8,
  "electron_contaminaton": false,
  "energy": "0.1-0.8nm"
}
