{
  "time_tag": "2026-02-10T19:21:00Z",
  "satellite": 18,
  "flux": 0.00000291420724352065,
  "observed_flux": 0.0000029413122319965623,
  "electron_correction": 2.710490321078396E-8,
  "electron_contaminaton": false,
  "energy": "0.1-0.8nm"
}
