{
    "time_tag": "2026-06-20T05:56:00Z",
    "satellite": 18,
    "flux": 5.634137778542936e-07,
    "observed_flux": 5.724017455577268e-07,
    "electron_correction": 8.987959709827464e-09,
    "electron_contaminaton": false,
    "energy": "0.1-0.8nm"
}