{
    "time_tag": "2026-04-30T21:36:00Z",
    "satellite": 18,
    "flux": 9.082687597583572e-07,
    "observed_flux": 9.174457318295026e-07,
    "electron_correction": 9.176970294788589e-09,
    "electron_contaminaton": false,
    "energy": "0.1-0.8nm"
}