{
  "time_tag": "2025-12-15T17:18:00Z",
  "satellite": 18,
  "flux": 5.617044394057302E-7,
  "observed_flux": 5.953031063654635E-7,
  "electron_correction": 3.3598642090737485E-8,
  "electron_contaminaton": false,
  "energy": "0.1-0.8nm"
}
