{
  "time_tag": "2026-02-19T12:12:00Z",
  "satellite": 18,
  "flux": 4.0248542632070894E-7,
  "observed_flux": 4.0557179659117537E-7,
  "electron_correction": 3.086352284853433E-9,
  "electron_contaminaton": false,
  "energy": "0.1-0.8nm"
}
