{
    "time_tag": "2026-06-15T13:39:00Z",
    "satellite": 18,
    "flux": 6.773120730940718e-07,
    "observed_flux": 7.074382324390172e-07,
    "electron_correction": 3.0126159344945336e-08,
    "electron_contaminaton": false,
    "energy": "0.1-0.8nm"
}