{
  "time_tag": "2026-04-23T18:48:00Z",
  "satellite": 18,
  "flux": 0.0000016235237580985995,
  "observed_flux": 0.000001664773776610673,
  "electron_correction": 4.1250032722928154E-8,
  "electron_contaminaton": false,
  "energy": "0.1-0.8nm"
}
