{
    "time_tag": "2026-05-11T17:19:00Z",
    "satellite": 18,
    "flux": 8.036593044380425e-07,
    "observed_flux": 8.20143384316907e-07,
    "electron_correction": 1.6484110076930847e-08,
    "electron_contaminaton": false,
    "energy": "0.1-0.8nm"
}