{
  "time_tag": "2026-04-28T10:25:00Z",
  "satellite": 18,
  "flux": 0.0000030115236313577043,
  "observed_flux": 0.000003017075641764677,
  "electron_correction": 5.551985093887879E-9,
  "electron_contaminaton": false,
  "energy": "0.1-0.8nm"
}
