{
    "time_tag": "2026-04-25T18:21:00Z",
    "satellite": 18,
    "flux": 1.2189938161100144e-06,
    "observed_flux": 1.2363834684947506e-06,
    "electron_correction": 1.7389698570013934e-08,
    "electron_contaminaton": false,
    "energy": "0.1-0.8nm"
}