{
  "time_tag": "2026-01-17T19:17:00Z",
  "satellite": 18,
  "flux": 0.0000015678655245210393,
  "observed_flux": 0.000001636968704588071,
  "electron_correction": 6.910321559416843E-8,
  "electron_contaminaton": false,
  "energy": "0.1-0.8nm"
}
