{
  "time_tag": "2026-03-24T18:02:00Z",
  "satellite": 18,
  "flux": 0.000006874146038171602,
  "observed_flux": 0.0000069739298851345666,
  "electron_correction": 9.978396064980188E-8,
  "electron_contaminaton": false,
  "energy": "0.1-0.8nm"
}
