{
  "time_tag": "2025-12-18T03:36:00Z",
  "satellite": 18,
  "flux": 9.662188631409663E-7,
  "observed_flux": 0.000001023797040033969,
  "electron_correction": 5.757825860541743E-8,
  "electron_contaminaton": false,
  "energy": "0.1-0.8nm"
}
