{
  "time_tag": "2026-04-21T23:40:00Z",
  "satellite": 18,
  "flux": 5.867684649274452E-7,
  "observed_flux": 6.521982527374348E-7,
  "electron_correction": 6.542977359913493E-8,
  "electron_contaminaton": false,
  "energy": "0.1-0.8nm"
}
