{
    "time_tag": "2026-05-10T00:08:00Z",
    "satellite": 18,
    "flux": 1.2586150432980503e-06,
    "observed_flux": 1.2782606972905342e-06,
    "electron_correction": 1.9645636228915464e-08,
    "electron_contaminaton": false,
    "energy": "0.1-0.8nm"
}