{
  "time_tag": "2026-03-06T14:11:00Z",
  "satellite": 18,
  "flux": 8.271281330962665E-7,
  "observed_flux": 8.445522894362512E-7,
  "electron_correction": 1.7424119036490993E-8,
  "electron_contaminaton": false,
  "energy": "0.1-0.8nm"
}
