{
  "time_tag": "2026-02-25T16:38:00Z",
  "satellite": 18,
  "flux": 0.000005655050244968152,
  "observed_flux": 0.000005697746473742882,
  "electron_correction": 4.2696438384837165E-8,
  "electron_contaminaton": false,
  "energy": "0.1-0.8nm"
}
