{
  "time_tag": "2026-05-27T21:36:00Z",
  "satellite": 18,
  "flux": 8.421627057941805E-7,
  "observed_flux": 8.762674497120315E-7,
  "electron_correction": 3.410471904885526E-8,
  "electron_contaminaton": false,
  "energy": "0.1-0.8nm"
}
