{
  "time_tag": "2026-01-20T13:28:00Z",
  "satellite": 18,
  "flux": 0.000003728971933014691,
  "observed_flux": 0.000003735415248229401,
  "electron_correction": 6.443271249878535E-9,
  "electron_contaminaton": false,
  "energy": "0.1-0.8nm"
}
