{
  "time_tag": "2026-02-20T19:00:00Z",
  "satellite": 18,
  "flux": 3.884895534156385E-7,
  "observed_flux": 4.2138171352235076E-7,
  "electron_correction": 3.2892181422994327E-8,
  "electron_contaminaton": false,
  "energy": "0.1-0.8nm"
}
