{
  "time_tag": "2026-02-28T17:02:00Z",
  "satellite": 18,
  "flux": 0.0000012393337556204642,
  "observed_flux": 0.000001288964426748862,
  "electron_correction": 4.963064270668838E-8,
  "electron_contaminaton": false,
  "energy": "0.1-0.8nm"
}
