{
    "time_tag": "2026-06-29T03:37:00Z",
    "satellite": 18,
    "flux": 4.140095825277967e-06,
    "observed_flux": 4.166568942309823e-06,
    "electron_correction": 2.647328756211209e-08,
    "electron_contaminaton": false,
    "energy": "0.1-0.8nm"
}