{
  "time_tag": "2026-02-13T23:38:00Z",
  "satellite": 18,
  "flux": 4.3437580643512774E-7,
  "observed_flux": 4.65160724161251E-7,
  "electron_correction": 3.078493904240531E-8,
  "electron_contaminaton": false,
  "energy": "0.1-0.8nm"
}
