{
  "time_tag": "2025-12-15T02:50:00Z",
  "satellite": 18,
  "flux": 7.157054824347142E-7,
  "observed_flux": 7.557475214525766E-7,
  "electron_correction": 4.004199638529826E-8,
  "electron_contaminaton": false,
  "energy": "0.1-0.8nm"
}
