{
    "time_tag": "2026-05-03T15:06:00Z",
    "satellite": 18,
    "flux": 9.016319495458447e-07,
    "observed_flux": 9.251825190403906e-07,
    "electron_correction": 2.3550562389118568e-08,
    "electron_contaminaton": false,
    "energy": "0.1-0.8nm"
}