{
  "time_tag": "2025-12-08T10:22:00Z",
  "satellite": 18,
  "flux": 0.0000017810932604334084,
  "observed_flux": 0.0000018081564121530391,
  "electron_correction": 2.706316948319909E-8,
  "electron_contaminaton": false,
  "energy": "0.1-0.8nm"
}
