{
    "time_tag": "2026-05-14T17:02:00Z",
    "satellite": 18,
    "flux": 5.1127352662661e-07,
    "observed_flux": 5.254335633253504e-07,
    "electron_correction": 1.416000916520943e-08,
    "electron_contaminaton": false,
    "energy": "0.1-0.8nm"
}