{
    "time_tag": "2026-06-16T11:21:00Z",
    "satellite": 18,
    "flux": 5.326267569216725e-07,
    "observed_flux": 5.496646622304979e-07,
    "electron_correction": 1.703787511075916e-08,
    "electron_contaminaton": false,
    "energy": "0.1-0.8nm"
}