{
  "time_tag": "2026-03-12T15:47:00Z",
  "satellite": 18,
  "flux": 8.519156722286425E-7,
  "observed_flux": 8.827048532111803E-7,
  "electron_correction": 3.07891312445463E-8,
  "electron_contaminaton": false,
  "energy": "0.1-0.8nm"
}
