{
    "time_tag": "2026-05-23T15:10:00Z",
    "satellite": 18,
    "flux": 1.5533735222561518e-06,
    "observed_flux": 1.5765889429530944e-06,
    "electron_correction": 2.3215415367872083e-08,
    "electron_contaminaton": false,
    "energy": "0.1-0.8nm"
}