{
  "time_tag": "2025-12-24T20:18:00Z",
  "satellite": 18,
  "flux": 0.000002724788600971806,
  "observed_flux": 0.000002786892309813993,
  "electron_correction": 6.21038083181702E-8,
  "electron_contaminaton": false,
  "energy": "0.1-0.8nm"
}
