{
  "time_tag": "2026-02-08T12:22:00Z",
  "satellite": 18,
  "flux": 0.000007995680789463222,
  "observed_flux": 0.000008025259376154281,
  "electron_correction": 2.9578705706967412E-8,
  "electron_contaminaton": false,
  "energy": "0.1-0.8nm"
}
