{
  "time_tag": "2026-01-26T19:18:00Z",
  "satellite": 18,
  "flux": 0.0000011231381904508453,
  "observed_flux": 0.000001166354081760801,
  "electron_correction": 4.321587709910091E-8,
  "electron_contaminaton": false,
  "energy": "0.1-0.8nm"
}
