{
  "time_tag": "2026-06-24T12:13:00Z",
  "satellite": 18,
  "flux": 0.000001368013613500807,
  "observed_flux": 0.0000013683494444194366,
  "electron_correction": 3.357759070787836E-10,
  "electron_contaminaton": false,
  "energy": "0.1-0.8nm"
}
