{
  "time_tag": "2026-02-28T18:54:00Z",
  "satellite": 18,
  "flux": 0.0000014401534826902207,
  "observed_flux": 0.0000014874450471324963,
  "electron_correction": 4.729161418026706E-8,
  "electron_contaminaton": false,
  "energy": "0.1-0.8nm"
}
