{
  "time_tag": "2026-01-12T07:18:00Z",
  "satellite": 18,
  "flux": 0.000001617725729374797,
  "observed_flux": 0.0000016220539009736967,
  "electron_correction": 4.328204905590383E-9,
  "electron_contaminaton": false,
  "energy": "0.1-0.8nm"
}
