{
  "time_tag": "2026-02-11T16:03:00Z",
  "satellite": 18,
  "flux": 0.0000013101397371428902,
  "observed_flux": 0.0000013477991842592019,
  "electron_correction": 3.765947909073475E-8,
  "electron_contaminaton": false,
  "energy": "0.1-0.8nm"
}
