{
  "time_tag": "2025-12-30T05:18:00Z",
  "satellite": 18,
  "flux": 0.0000017700473335935385,
  "observed_flux": 0.0000017768778661775286,
  "electron_correction": 6.830497056853346E-9,
  "electron_contaminaton": false,
  "energy": "0.1-0.8nm"
}
