{
  "time_tag": "2026-05-22T18:28:00Z",
  "satellite": 18,
  "flux": 7.713869649705885E-7,
  "observed_flux": 8.072308901319047E-7,
  "electron_correction": 3.584390384503422E-8,
  "electron_contaminaton": false,
  "energy": "0.1-0.8nm"
}
