{
    "time_tag": "2026-05-02T09:41:00Z",
    "satellite": 18,
    "flux": 1.1205065675312653e-06,
    "observed_flux": 1.1418005669838749e-06,
    "electron_correction": 2.12939692545433e-08,
    "electron_contaminaton": false,
    "energy": "0.1-0.8nm"
}