{
  "time_tag": "2026-01-22T11:20:00Z",
  "satellite": 18,
  "flux": 0.0000026620184598868946,
  "observed_flux": 0.000002676619487829157,
  "electron_correction": 1.4601105213785104E-8,
  "electron_contaminaton": false,
  "energy": "0.1-0.8nm"
}
