{
  "time_tag": "2026-01-30T08:25:00Z",
  "satellite": 18,
  "flux": 0.0000010232896556772175,
  "observed_flux": 0.0000010608662250888301,
  "electron_correction": 3.757657296432626E-8,
  "electron_contaminaton": false,
  "energy": "0.1-0.8nm"
}
