{
    "time_tag": "2026-05-30T17:08:00Z",
    "satellite": 18,
    "flux": 7.169667242123978e-07,
    "observed_flux": 7.537081501141074e-07,
    "electron_correction": 3.6741415243568554e-08,
    "electron_contaminaton": false,
    "energy": "0.1-0.8nm"
}