{
  "time_tag": "2026-01-29T12:22:00Z",
  "satellite": 18,
  "flux": 7.283674676727969E-7,
  "observed_flux": 7.798465730957105E-7,
  "electron_correction": 5.147910897562724E-8,
  "electron_contaminaton": false,
  "energy": "0.1-0.8nm"
}
