{
    "time_tag": "2026-05-06T19:17:00Z",
    "satellite": 18,
    "flux": 6.283705715759424e-07,
    "observed_flux": 6.806173473705712e-07,
    "electron_correction": 5.224679000548349e-08,
    "electron_contaminaton": false,
    "energy": "0.1-0.8nm"
}