{
  "time_tag": "2026-03-17T01:33:00Z",
  "satellite": 18,
  "flux": 4.195470353351993E-7,
  "observed_flux": 4.552508983124426E-7,
  "electron_correction": 3.570385942452958E-8,
  "electron_contaminaton": false,
  "energy": "0.1-0.8nm"
}
