{
    "time_tag": "2026-06-19T20:46:00Z",
    "satellite": 18,
    "flux": 4.760392187108664e-07,
    "observed_flux": 5.084341978545126e-07,
    "electron_correction": 3.239500401264195e-08,
    "electron_contaminaton": false,
    "energy": "0.1-0.8nm"
}