{
    "time_tag": "2026-05-02T12:15:00Z",
    "satellite": 18,
    "flux": 3.7126005736354273e-06,
    "observed_flux": 3.739268322533462e-06,
    "electron_correction": 2.6667843044947404e-08,
    "electron_contaminaton": false,
    "energy": "0.1-0.8nm"
}