{
  "time_tag": "2026-02-06T20:54:00Z",
  "satellite": 18,
  "flux": 0.0000013637466054206016,
  "observed_flux": 0.0000014469661664406885,
  "electron_correction": 8.321954680923227E-8,
  "electron_contaminaton": false,
  "energy": "0.1-0.8nm"
}
