{
    "time_tag": "2026-05-06T06:16:00Z",
    "satellite": 18,
    "flux": 5.488619194693456e-07,
    "observed_flux": 5.777509386462043e-07,
    "electron_correction": 2.888899075514928e-08,
    "electron_contaminaton": false,
    "energy": "0.1-0.8nm"
}