{
  "time_tag": "2026-02-08T15:37:00Z",
  "satellite": 18,
  "flux": 0.0000037317172427719925,
  "observed_flux": 0.000003776509856834309,
  "electron_correction": 4.4792795250714335E-8,
  "electron_contaminaton": false,
  "energy": "0.1-0.8nm"
}
