{
  "time_tag": "2026-03-09T15:03:00Z",
  "satellite": 18,
  "flux": 6.282892854869715E-7,
  "observed_flux": 6.68066661546618E-7,
  "electron_correction": 3.977736895421913E-8,
  "electron_contaminaton": false,
  "energy": "0.1-0.8nm"
}
