{
    "time_tag": "2026-05-16T12:58:00Z",
    "satellite": 18,
    "flux": 4.631729098036885e-07,
    "observed_flux": 5.083861651655752e-07,
    "electron_correction": 4.521326246731405e-08,
    "electron_contaminaton": false,
    "energy": "0.1-0.8nm"
}