{
    "time_tag": "2026-04-25T13:19:00Z",
    "satellite": 18,
    "flux": 3.5950506571680307e-06,
    "observed_flux": 3.5993089113617316e-06,
    "electron_correction": 4.258126296008413e-09,
    "electron_contaminaton": false,
    "energy": "0.1-0.8nm"
}