{
  "time_tag": "2026-03-28T05:50:00Z",
  "satellite": 18,
  "flux": 0.0000062899739532440435,
  "observed_flux": 0.000006311924153123982,
  "electron_correction": 2.1950176787299824E-8,
  "electron_contaminaton": false,
  "energy": "0.1-0.8nm"
}
