{
  "time_tag": "2026-05-03T03:14:00Z",
  "satellite": 18,
  "flux": 8.830402862258779E-7,
  "observed_flux": 8.934990773923346E-7,
  "electron_correction": 1.0458801824597685E-8,
  "electron_contaminaton": false,
  "energy": "0.1-0.8nm"
}
