{
    "time_tag": "2026-05-24T16:09:00Z",
    "satellite": 18,
    "flux": 7.617497885803459e-07,
    "observed_flux": 7.761048550491978e-07,
    "electron_correction": 1.4355062027959775e-08,
    "electron_contaminaton": false,
    "energy": "0.1-0.8nm"
}