{
    "time_tag": "2026-05-03T20:18:00Z",
    "satellite": 18,
    "flux": 1.1811448530352209e-06,
    "observed_flux": 1.218023271576385e-06,
    "electron_correction": 3.687835459231792e-08,
    "electron_contaminaton": false,
    "energy": "0.1-0.8nm"
}