{
  "time_tag": "2026-02-24T14:07:00Z",
  "satellite": 18,
  "flux": 0.0000023141653855418554,
  "observed_flux": 0.0000023661771137994947,
  "electron_correction": 5.2011728257639334E-8,
  "electron_contaminaton": false,
  "energy": "0.1-0.8nm"
}
