{
  "time_tag": "2026-03-17T00:50:00Z",
  "satellite": 18,
  "flux": 3.842647231522278E-7,
  "observed_flux": 4.2197288507850317E-7,
  "electron_correction": 3.770815837356167E-8,
  "electron_contaminaton": false,
  "energy": "0.1-0.8nm"
}
