{
  "time_tag": "2026-02-13T06:03:00Z",
  "satellite": 18,
  "flux": 6.370675009748084E-7,
  "observed_flux": 6.527127993649628E-7,
  "electron_correction": 1.5645298390154494E-8,
  "electron_contaminaton": false,
  "energy": "0.1-0.8nm"
}
