{
    "time_tag": "2026-05-24T14:45:00Z",
    "satellite": 18,
    "flux": 7.541839863733912e-07,
    "observed_flux": 7.648748123756377e-07,
    "electron_correction": 1.0690802909607555e-08,
    "electron_contaminaton": false,
    "energy": "0.1-0.8nm"
}