{
    "time_tag": "2026-05-01T20:00:00Z",
    "satellite": 18,
    "flux": 8.928786883188877e-07,
    "observed_flux": 9.512605174677446e-07,
    "electron_correction": 5.838182914885692e-08,
    "electron_contaminaton": false,
    "energy": "0.1-0.8nm"
}