{
    "time_tag": "2026-06-26T13:45:00Z",
    "satellite": 18,
    "flux": 1.2877093240604154e-06,
    "observed_flux": 1.3291366940393345e-06,
    "electron_correction": 4.142743392776538e-08,
    "electron_contaminaton": false,
    "energy": "0.1-0.8nm"
}