{
  "time_tag": "2026-03-04T16:44:00Z",
  "satellite": 18,
  "flux": 5.533348712560837E-7,
  "observed_flux": 5.759920327363943E-7,
  "electron_correction": 2.2657143716742212E-8,
  "electron_contaminaton": false,
  "energy": "0.1-0.8nm"
}
