{
    "time_tag": "2026-06-06T19:05:00Z",
    "satellite": 18,
    "flux": 1.191160777125333e-06,
    "observed_flux": 1.2448764437067439e-06,
    "electron_correction": 5.3715695003120345e-08,
    "electron_contaminaton": false,
    "energy": "0.1-0.8nm"
}