{
  "time_tag": "2026-02-26T23:38:00Z",
  "satellite": 18,
  "flux": 8.59651436257991E-7,
  "observed_flux": 9.543762189423433E-7,
  "electron_correction": 9.472481821148904E-8,
  "electron_contaminaton": false,
  "energy": "0.1-0.8nm"
}
