{
  "time_tag": "2026-02-13T08:19:00Z",
  "satellite": 18,
  "flux": 5.501941586771864E-7,
  "observed_flux": 5.628882036035066E-7,
  "electron_correction": 1.2694068907137535E-8,
  "electron_contaminaton": false,
  "energy": "0.1-0.8nm"
}
