{
  "time_tag": "2026-07-01T21:43:00Z",
  "satellite": 18,
  "flux": 0.00000428753583037178,
  "observed_flux": 0.000004303624791646143,
  "electron_correction": 1.6089060750346107E-8,
  "electron_contaminaton": false,
  "energy": "0.1-0.8nm"
}
