{
  "time_tag": "2026-03-12T04:22:00Z",
  "satellite": 18,
  "flux": 5.995074161546654E-7,
  "observed_flux": 6.186577365951962E-7,
  "electron_correction": 1.9150323993244456E-8,
  "electron_contaminaton": false,
  "energy": "0.1-0.8nm"
}
