{
    "time_tag": "2026-05-09T17:22:00Z",
    "satellite": 18,
    "flux": 9.017774686981284e-07,
    "observed_flux": 9.298063901042042e-07,
    "electron_correction": 2.8028889431652715e-08,
    "electron_contaminaton": false,
    "energy": "0.1-0.8nm"
}