{
  "time_tag": "2025-12-18T09:19:00Z",
  "satellite": 18,
  "flux": 5.572857730840042E-7,
  "observed_flux": 5.755962320108665E-7,
  "electron_correction": 1.831048912492861E-8,
  "electron_contaminaton": false,
  "energy": "0.1-0.8nm"
}
