{
    "time_tag": "2026-06-24T21:13:00Z",
    "satellite": 18,
    "flux": 1.166628862847574e-06,
    "observed_flux": 1.181568677566247e-06,
    "electron_correction": 1.4939876891162385e-08,
    "electron_contaminaton": false,
    "energy": "0.1-0.8nm"
}