{
    "time_tag": "2026-05-02T21:40:00Z",
    "satellite": 18,
    "flux": 1.1446729786257492e-06,
    "observed_flux": 1.1980311001025257e-06,
    "electron_correction": 5.335814989848586e-08,
    "electron_contaminaton": false,
    "energy": "0.1-0.8nm"
}