{
  "time_tag": "2026-01-25T16:19:00Z",
  "satellite": 18,
  "flux": 0.0000011557445986909443,
  "observed_flux": 0.0000012217723224239307,
  "electron_correction": 6.602764557328555E-8,
  "electron_contaminaton": false,
  "energy": "0.1-0.8nm"
}
