{
  "time_tag": "2026-04-28T05:36:00Z",
  "satellite": 18,
  "flux": 9.81291123025585E-7,
  "observed_flux": 9.87140765573713E-7,
  "electron_correction": 5.849648321287759E-9,
  "electron_contaminaton": false,
  "energy": "0.1-0.8nm"
}
