{
  "time_tag": "2026-03-12T10:12:00Z",
  "satellite": 18,
  "flux": 6.651488888564927E-7,
  "observed_flux": 6.785076607229712E-7,
  "electron_correction": 1.3358753214731678E-8,
  "electron_contaminaton": false,
  "energy": "0.1-0.8nm"
}
