{
  "time_tag": "2026-01-28T05:19:00Z",
  "satellite": 18,
  "flux": 8.347826110366441E-7,
  "observed_flux": 8.380808367292047E-7,
  "electron_correction": 3.298185502487172E-9,
  "electron_contaminaton": false,
  "energy": "0.1-0.8nm"
}
