{
  "time_tag": "2026-03-29T01:01:00Z",
  "satellite": 18,
  "flux": 0.0000010556251481830259,
  "observed_flux": 0.0000010630876658979105,
  "electron_correction": 7.462499951316204E-9,
  "electron_contaminaton": false,
  "energy": "0.1-0.8nm"
}
