{
  "time_tag": "2026-01-02T21:17:00Z",
  "satellite": 18,
  "flux": 0.0000012559720516946982,
  "observed_flux": 0.000001345086275250651,
  "electron_correction": 8.911418092338863E-8,
  "electron_contaminaton": false,
  "energy": "0.1-0.8nm"
}
