{
  "time_tag": "2026-02-28T16:38:00Z",
  "satellite": 18,
  "flux": 0.0000013122615882821265,
  "observed_flux": 0.0000013634189599542879,
  "electron_correction": 5.115743206829393E-8,
  "electron_contaminaton": false,
  "energy": "0.1-0.8nm"
}
