{
  "time_tag": "2025-12-04T03:37:00Z",
  "satellite": 18,
  "flux": 0.000004760564479511231,
  "observed_flux": 0.0000047633670874347445,
  "electron_correction": 2.802579501803848E-9,
  "electron_contaminaton": false,
  "energy": "0.1-0.8nm"
}
