{
  "time_tag": "2026-02-27T22:02:00Z",
  "satellite": 18,
  "flux": 9.20916420454887E-7,
  "observed_flux": 9.78969069365121E-7,
  "electron_correction": 5.805265246294766E-8,
  "electron_contaminaton": false,
  "energy": "0.1-0.8nm"
}
