{
  "time_tag": "2026-02-19T07:20:00Z",
  "satellite": 18,
  "flux": 0.0000016120342252179398,
  "observed_flux": 0.000001613610947970301,
  "electron_correction": 1.5767714911518738E-9,
  "electron_contaminaton": false,
  "energy": "0.1-0.8nm"
}
