{
    "time_tag": "2026-05-23T16:30:00Z",
    "satellite": 18,
    "flux": 1.2749709412673838e-06,
    "observed_flux": 1.3009541817154968e-06,
    "electron_correction": 2.5983300844245605e-08,
    "electron_contaminaton": false,
    "energy": "0.1-0.8nm"
}