{
  "time_tag": "2026-02-20T10:57:00Z",
  "satellite": 18,
  "flux": 3.727075750248332E-7,
  "observed_flux": 3.8705158544871665E-7,
  "electron_correction": 1.434402818745184E-8,
  "electron_contaminaton": false,
  "energy": "0.1-0.8nm"
}
