{
    "time_tag": "2026-06-30T01:16:00Z",
    "satellite": 18,
    "flux": 1.3148278412700165e-05,
    "observed_flux": 1.3174972991691902e-05,
    "electron_correction": 2.6693905752495084e-08,
    "electron_contaminaton": false,
    "energy": "0.1-0.8nm"
}