{
  "time_tag": "2026-03-04T14:13:00Z",
  "satellite": 18,
  "flux": 5.721679485759523E-7,
  "observed_flux": 5.850731668033404E-7,
  "electron_correction": 1.2905210233782327E-8,
  "electron_contaminaton": false,
  "energy": "0.1-0.8nm"
}
