{
    "time_tag": "2026-06-24T16:29:00Z",
    "satellite": 18,
    "flux": 9.645087857279577e-07,
    "observed_flux": 9.828925158217316e-07,
    "electron_correction": 1.8383735422844438e-08,
    "electron_contaminaton": false,
    "energy": "0.1-0.8nm"
}