{
  "time_tag": "2026-02-08T18:40:00Z",
  "satellite": 18,
  "flux": 0.00000393633217754541,
  "observed_flux": 0.000003990281129517825,
  "electron_correction": 5.3949086975535465E-8,
  "electron_contaminaton": false,
  "energy": "0.1-0.8nm"
}
