{
    "time_tag": "2026-05-14T23:54:00Z",
    "satellite": 18,
    "flux": 1.1340210903654224e-06,
    "observed_flux": 1.1490560609672684e-06,
    "electron_correction": 1.503505586697429e-08,
    "electron_contaminaton": false,
    "energy": "0.1-0.8nm"
}