{
  "time_tag": "2026-03-09T21:54:00Z",
  "satellite": 18,
  "flux": 0.00000137006327349809,
  "observed_flux": 0.0000014132405112832203,
  "electron_correction": 4.3177145414574625E-8,
  "electron_contaminaton": false,
  "energy": "0.1-0.8nm"
}
