{
  "time_tag": "2026-02-19T16:30:00Z",
  "satellite": 18,
  "flux": 5.024432994105155E-7,
  "observed_flux": 5.413216399574594E-7,
  "electron_correction": 3.887832278337555E-8,
  "electron_contaminaton": false,
  "energy": "0.1-0.8nm"
}
