{
  "time_tag": "2026-02-09T04:30:00Z",
  "satellite": 18,
  "flux": 0.000002808485078276135,
  "observed_flux": 0.000002827498519764049,
  "electron_correction": 1.9013553398394833E-8,
  "electron_contaminaton": false,
  "energy": "0.1-0.8nm"
}
