{
    "time_tag": "2026-05-15T13:25:00Z",
    "satellite": 18,
    "flux": 4.7031741701175633e-07,
    "observed_flux": 4.735045138204441e-07,
    "electron_correction": 3.1871072447842153e-09,
    "electron_contaminaton": false,
    "energy": "0.1-0.8nm"
}