{
  "time_tag": "2026-03-18T10:18:00Z",
  "satellite": 18,
  "flux": 0.0000010828899803527747,
  "observed_flux": 0.0000010872612392631709,
  "electron_correction": 4.371170536643376E-9,
  "electron_contaminaton": false,
  "energy": "0.1-0.8nm"
}
