{
  "time_tag": "2026-04-18T11:08:00Z",
  "satellite": 18,
  "flux": 3.7919440387668146E-7,
  "observed_flux": 3.9139280261224485E-7,
  "electron_correction": 1.2198396959206548E-8,
  "electron_contaminaton": false,
  "energy": "0.1-0.8nm"
}
