{
  "time_tag": "2026-05-30T18:15:00Z",
  "satellite": 18,
  "flux": 7.103676580300089E-7,
  "observed_flux": 7.560331596323522E-7,
  "electron_correction": 4.5665494496915926E-8,
  "electron_contaminaton": false,
  "energy": "0.1-0.8nm"
}
