{
  "time_tag": "2026-03-14T11:21:00Z",
  "satellite": 18,
  "flux": 6.010509991938306E-7,
  "observed_flux": 6.249361490517913E-7,
  "electron_correction": 2.388511965989437E-8,
  "electron_contaminaton": false,
  "energy": "0.1-0.8nm"
}
