{
  "time_tag": "2026-05-14T01:12:00Z",
  "satellite": 18,
  "flux": 7.53708320644364E-7,
  "observed_flux": 7.569840931864746E-7,
  "electron_correction": 3.2757949686157417E-9,
  "electron_contaminaton": false,
  "energy": "0.1-0.8nm"
}
