{
  "time_tag": "2026-03-24T18:32:00Z",
  "satellite": 18,
  "flux": 0.000003426999228395289,
  "observed_flux": 0.0000035154869237885578,
  "electron_correction": 8.848761012814066E-8,
  "electron_contaminaton": false,
  "energy": "0.1-0.8nm"
}
