{
  "time_tag": "2026-02-25T16:06:00Z",
  "satellite": 18,
  "flux": 0.000015748091755085625,
  "observed_flux": 0.000015795603758306243,
  "electron_correction": 4.7513239564977994E-8,
  "electron_contaminaton": false,
  "energy": "0.1-0.8nm"
}
