{
    "time_tag": "2026-05-15T18:58:00Z",
    "satellite": 18,
    "flux": 4.0240215071207786e-07,
    "observed_flux": 4.2480914430598204e-07,
    "electron_correction": 2.2407016686543102e-08,
    "electron_contaminaton": false,
    "energy": "0.1-0.8nm"
}