{
  "time_tag": "2026-03-25T06:03:00Z",
  "satellite": 18,
  "flux": 0.00000147309867770673,
  "observed_flux": 0.0000015169210882959305,
  "electron_correction": 4.3822410589200445E-8,
  "electron_contaminaton": false,
  "energy": "0.1-0.8nm"
}
