{
    "time_tag": "2026-05-11T21:15:00Z",
    "satellite": 18,
    "flux": 5.539946528188011e-07,
    "observed_flux": 5.707812533728429e-07,
    "electron_correction": 1.6786627199394388e-08,
    "electron_contaminaton": false,
    "energy": "0.1-0.8nm"
}