{
  "time_tag": "2026-03-07T03:25:00Z",
  "satellite": 18,
  "flux": 6.575558586519037E-7,
  "observed_flux": 6.576527766810614E-7,
  "electron_correction": 9.694008096250428E-11,
  "electron_contaminaton": false,
  "energy": "0.1-0.8nm"
}
