{
  "time_tag": "2026-02-14T13:08:00Z",
  "satellite": 18,
  "flux": 5.631860631183372E-7,
  "observed_flux": 5.900909627598594E-7,
  "electron_correction": 2.690486411438542E-8,
  "electron_contaminaton": false,
  "energy": "0.1-0.8nm"
}
