{
  "time_tag": "2026-05-25T23:04:00Z",
  "satellite": 18,
  "flux": 0.0000032336274671251886,
  "observed_flux": 0.0000032415489386039553,
  "electron_correction": 7.921635791774406E-9,
  "electron_contaminaton": false,
  "energy": "0.1-0.8nm"
}
