{
  "time_tag": "2026-05-09T01:50:00Z",
  "satellite": 18,
  "flux": 0.0000010501036058485624,
  "observed_flux": 0.0000010784713140310487,
  "electron_correction": 2.8367725946054634E-8,
  "electron_contaminaton": false,
  "energy": "0.1-0.8nm"
}
