{
    "time_tag": "2026-05-12T22:19:00Z",
    "satellite": 18,
    "flux": 1.0171092981181573e-06,
    "observed_flux": 1.0288492831023177e-06,
    "electron_correction": 1.1739950345202033e-08,
    "electron_contaminaton": false,
    "energy": "0.1-0.8nm"
}