{
  "time_tag": "2026-05-02T01:50:00Z",
  "satellite": 18,
  "flux": 0.0000010862398767130799,
  "observed_flux": 0.0000011344028507664916,
  "electron_correction": 4.8163006027834854E-8,
  "electron_contaminaton": false,
  "energy": "0.1-0.8nm"
}
