{
  "time_tag": "2026-03-17T22:28:00Z",
  "satellite": 18,
  "flux": 3.900402134604519E-7,
  "observed_flux": 4.3392495285843324E-7,
  "electron_correction": 4.3884753608836036E-8,
  "electron_contaminaton": false,
  "energy": "0.1-0.8nm"
}
