{
  "time_tag": "2026-03-20T03:57:00Z",
  "satellite": 18,
  "flux": 2.8244554073353356E-7,
  "observed_flux": 2.926370541445067E-7,
  "electron_correction": 1.0191516075508389E-8,
  "electron_contaminaton": false,
  "energy": "0.1-0.8nm"
}
