{
  "time_tag": "2026-02-27T07:04:00Z",
  "satellite": 18,
  "flux": 8.549795325052401E-7,
  "observed_flux": 8.851138204590825E-7,
  "electron_correction": 3.0134280848415074E-8,
  "electron_contaminaton": false,
  "energy": "0.1-0.8nm"
}
