{
  "time_tag": "2026-03-20T23:25:00Z",
  "satellite": 18,
  "flux": 4.141712679484044E-7,
  "observed_flux": 4.14198382259201E-7,
  "electron_correction": 2.7121428367027356E-11,
  "electron_contaminaton": false,
  "energy": "0.1-0.8nm"
}
