{
  "time_tag": "2026-03-21T17:37:00Z",
  "satellite": 18,
  "flux": 4.292189430543658E-7,
  "observed_flux": 4.443250531949161E-7,
  "electron_correction": 1.5106094153338745E-8,
  "electron_contaminaton": false,
  "energy": "0.1-0.8nm"
}
