{
    "time_tag": "2026-06-06T12:43:00Z",
    "satellite": 18,
    "flux": 1.1096403795818333e-06,
    "observed_flux": 1.135008346864197e-06,
    "electron_correction": 2.5367958400579482e-08,
    "electron_contaminaton": false,
    "energy": "0.1-0.8nm"
}