{
  "time_tag": "2026-05-06T02:56:00Z",
  "satellite": 18,
  "flux": 7.430476216541138E-7,
  "observed_flux": 7.847218057577265E-7,
  "electron_correction": 4.167417699818543E-8,
  "electron_contaminaton": false,
  "energy": "0.1-0.8nm"
}
