{
  "time_tag": "2025-12-26T21:18:00Z",
  "satellite": 18,
  "flux": 0.0000015998151638996205,
  "observed_flux": 0.0000016486068261656328,
  "electron_correction": 4.8791676476866996E-8,
  "electron_contaminaton": false,
  "energy": "0.1-0.8nm"
}
