{
  "time_tag": "2026-02-18T09:45:00Z",
  "satellite": 18,
  "flux": 4.1362116576237895E-7,
  "observed_flux": 4.343913531101862E-7,
  "electron_correction": 2.0770190900520902E-8,
  "electron_contaminaton": false,
  "energy": "0.1-0.8nm"
}
