{
  "time_tag": "2026-03-24T07:34:00Z",
  "satellite": 18,
  "flux": 6.400887855306792E-7,
  "observed_flux": 6.83720315919345E-7,
  "electron_correction": 4.363153749409321E-8,
  "electron_contaminaton": false,
  "energy": "0.1-0.8nm"
}
