{
  "time_tag": "2026-02-22T23:37:00Z",
  "satellite": 18,
  "flux": 3.6953247217752505E-7,
  "observed_flux": 4.2693019963735424E-7,
  "electron_correction": 5.739773811797022E-8,
  "electron_contaminaton": false,
  "energy": "0.1-0.8nm"
}
