{
    "time_tag": "2026-05-01T21:32:00Z",
    "satellite": 18,
    "flux": 1.1585387937884661e-06,
    "observed_flux": 1.2171948355899076e-06,
    "electron_correction": 5.865600627430467e-08,
    "electron_contaminaton": false,
    "energy": "0.1-0.8nm"
}