{
  "time_tag": "2025-12-26T23:18:00Z",
  "satellite": 18,
  "flux": 0.0000016801290030343807,
  "observed_flux": 0.0000017237225620192476,
  "electron_correction": 4.359359451200362E-8,
  "electron_contaminaton": false,
  "energy": "0.1-0.8nm"
}
