{
  "time_tag": "2026-06-25T21:47:00Z",
  "satellite": 18,
  "flux": 0.0000012025836895190878,
  "observed_flux": 0.000001287744225919596,
  "electron_correction": 8.516052218965342E-8,
  "electron_contaminaton": false,
  "energy": "0.1-0.8nm"
}
