{
    "time_tag": "2026-05-14T09:15:00Z",
    "satellite": 18,
    "flux": 1.0591851378194406e-06,
    "observed_flux": 1.065082415152574e-06,
    "electron_correction": 5.897269783616821e-09,
    "electron_contaminaton": false,
    "energy": "0.1-0.8nm"
}