{
    "time_tag": "2026-06-26T14:41:00Z",
    "satellite": 18,
    "flux": 1.146246972894005e-06,
    "observed_flux": 1.186239728667715e-06,
    "electron_correction": 3.999282682798366e-08,
    "electron_contaminaton": false,
    "energy": "0.1-0.8nm"
}