{
  "time_tag": "2026-03-02T19:13:00Z",
  "satellite": 18,
  "flux": 0.0000011319289114908315,
  "observed_flux": 0.0000011670942967612064,
  "electron_correction": 3.516543500836633E-8,
  "electron_contaminaton": false,
  "energy": "0.1-0.8nm"
}
