{
    "time_tag": "2026-05-30T08:05:00Z",
    "satellite": 18,
    "flux": 1.8930463738797698e-06,
    "observed_flux": 1.904425403154164e-06,
    "electron_correction": 1.1379104769559945e-08,
    "electron_contaminaton": false,
    "energy": "0.1-0.8nm"
}