{
  "time_tag": "2026-01-20T08:19:00Z",
  "satellite": 18,
  "flux": 0.000002777341478577,
  "observed_flux": 0.000002787834091577679,
  "electron_correction": 1.0492630764247224E-8,
  "electron_contaminaton": false,
  "energy": "0.1-0.8nm"
}
