{
  "time_tag": "2025-12-30T13:22:00Z",
  "satellite": 18,
  "flux": 0.0000017016401443470386,
  "observed_flux": 0.0000017244880154976272,
  "electron_correction": 2.2847896019584368E-8,
  "electron_contaminaton": false,
  "energy": "0.1-0.8nm"
}
