{
  "time_tag": "2026-02-07T23:39:00Z",
  "satellite": 18,
  "flux": 0.0000038668204069836065,
  "observed_flux": 0.000003911892690666718,
  "electron_correction": 4.507243644980008E-8,
  "electron_contaminaton": false,
  "energy": "0.1-0.8nm"
}
