{
  "time_tag": "2026-02-24T13:29:00Z",
  "satellite": 18,
  "flux": 0.000002702657866393565,
  "observed_flux": 0.00000277485605693073,
  "electron_correction": 7.219806263947248E-8,
  "electron_contaminaton": false,
  "energy": "0.1-0.8nm"
}
