{
  "time_tag": "2026-04-25T01:40:00Z",
  "satellite": 18,
  "flux": 0.000003749056077140267,
  "observed_flux": 0.000003753232249437133,
  "electron_correction": 4.176323731286402E-9,
  "electron_contaminaton": false,
  "energy": "0.1-0.8nm"
}
