{
  "time_tag": "2026-05-23T14:27:00Z",
  "satellite": 18,
  "flux": 0.0000010406894261905109,
  "observed_flux": 0.000001062124511008733,
  "electron_correction": 2.143515587249567E-8,
  "electron_contaminaton": false,
  "energy": "0.1-0.8nm"
}
