{
    "time_tag": "2026-04-22T16:32:00Z",
    "satellite": 18,
    "flux": 6.750153715984197e-07,
    "observed_flux": 7.177259817581216e-07,
    "electron_correction": 4.27106101597019e-08,
    "electron_contaminaton": false,
    "energy": "0.1-0.8nm"
}