{
  "time_tag": "2026-01-29T03:54:00Z",
  "satellite": 18,
  "flux": 7.733246434327157E-7,
  "observed_flux": 8.029130640352378E-7,
  "electron_correction": 2.958842593159261E-8,
  "electron_contaminaton": false,
  "energy": "0.1-0.8nm"
}
