{
  "time_tag": "2026-03-01T12:23:00Z",
  "satellite": 18,
  "flux": 0.000001162552848654741,
  "observed_flux": 0.0000011849824659293517,
  "electron_correction": 2.2429693657954886E-8,
  "electron_contaminaton": false,
  "energy": "0.1-0.8nm"
}
