{
  "time_tag": "2026-03-31T10:44:00Z",
  "satellite": 18,
  "flux": 0.0000010129821248483495,
  "observed_flux": 0.0000010203400506725302,
  "electron_correction": 7.357926268269921E-9,
  "electron_contaminaton": false,
  "energy": "0.1-0.8nm"
}
