{
  "time_tag": "2025-12-12T00:37:00Z",
  "satellite": 18,
  "flux": 0.000001288618932449026,
  "observed_flux": 0.0000013137108680894016,
  "electron_correction": 2.5091882349670414E-8,
  "electron_contaminaton": false,
  "energy": "0.1-0.8nm"
}
