{
  "time_tag": "2026-02-17T22:22:00Z",
  "satellite": 18,
  "flux": 4.81329777812789E-7,
  "observed_flux": 5.51837217699358E-7,
  "electron_correction": 7.050742567571433E-8,
  "electron_contaminaton": false,
  "energy": "0.1-0.8nm"
}
