{
  "time_tag": "2026-02-06T13:04:00Z",
  "satellite": 18,
  "flux": 0.0000016434169083368033,
  "observed_flux": 0.0000016692733879608568,
  "electron_correction": 2.5856506269406054E-8,
  "electron_contaminaton": false,
  "energy": "0.1-0.8nm"
}
