{
  "time_tag": "2026-05-18T19:57:00Z",
  "satellite": 18,
  "flux": 6.295568937275675E-7,
  "observed_flux": 6.765257580809703E-7,
  "electron_correction": 4.696889988053954E-8,
  "electron_contaminaton": false,
  "energy": "0.1-0.8nm"
}
