{
  "time_tag": "2026-02-26T22:42:00Z",
  "satellite": 18,
  "flux": 9.161327625406557E-7,
  "observed_flux": 9.876874855763162E-7,
  "electron_correction": 7.155476566822472E-8,
  "electron_contaminaton": false,
  "energy": "0.1-0.8nm"
}
