{
  "time_tag": "2026-06-18T23:05:00Z",
  "satellite": 18,
  "flux": 4.270347631063487E-7,
  "observed_flux": 4.414041541167535E-7,
  "electron_correction": 1.4369392786761637E-8,
  "electron_contaminaton": false,
  "energy": "0.1-0.8nm"
}
