{
  "time_tag": "2026-02-26T20:43:00Z",
  "satellite": 18,
  "flux": 8.384366765312734E-7,
  "observed_flux": 9.09177060748334E-7,
  "electron_correction": 7.074038421706064E-8,
  "electron_contaminaton": false,
  "energy": "0.1-0.8nm"
}
