{
  "time_tag": "2026-05-29T23:50:00Z",
  "satellite": 18,
  "flux": 7.133609756238002E-7,
  "observed_flux": 7.388875928882044E-7,
  "electron_correction": 2.55266581206115E-8,
  "electron_contaminaton": false,
  "energy": "0.1-0.8nm"
}
