{
  "time_tag": "2026-02-24T22:58:00Z",
  "satellite": 18,
  "flux": 0.000001239557605003938,
  "observed_flux": 0.0000013101713420837768,
  "electron_correction": 7.061369444727461E-8,
  "electron_contaminaton": false,
  "energy": "0.1-0.8nm"
}
