{
  "time_tag": "2026-05-16T10:38:00Z",
  "satellite": 18,
  "flux": 4.5394168068924046E-7,
  "observed_flux": 4.792701133737864E-7,
  "electron_correction": 2.532842557911863E-8,
  "electron_contaminaton": false,
  "energy": "0.1-0.8nm"
}
