{
  "time_tag": "2026-01-31T18:23:00Z",
  "satellite": 18,
  "flux": 0.0000024295250113937072,
  "observed_flux": 0.000002483306843714672,
  "electron_correction": 5.3781764819405E-8,
  "electron_contaminaton": false,
  "energy": "0.1-0.8nm"
}
