{
  "time_tag": "2026-02-28T11:01:00Z",
  "satellite": 18,
  "flux": 0.000001240491201315308,
  "observed_flux": 0.0000012706867664746824,
  "electron_correction": 3.019557226480174E-8,
  "electron_contaminaton": false,
  "energy": "0.1-0.8nm"
}
