{
  "time_tag": "2026-03-04T08:43:00Z",
  "satellite": 18,
  "flux": 5.28790621956432E-7,
  "observed_flux": 5.326713221620594E-7,
  "electron_correction": 3.880692212021586E-9,
  "electron_contaminaton": false,
  "energy": "0.1-0.8nm"
}
