{
  "time_tag": "2026-06-30T16:37:00Z",
  "satellite": 18,
  "flux": 0.00000265209746430628,
  "observed_flux": 0.0000026707587039709324,
  "electron_correction": 1.8661060252611605E-8,
  "electron_contaminaton": false,
  "energy": "0.1-0.8nm"
}
