{
  "time_tag": "2025-12-23T18:20:00Z",
  "satellite": 18,
  "flux": 0.0000010070239113701973,
  "observed_flux": 0.0000010716551059886115,
  "electron_correction": 6.463115909127737E-8,
  "electron_contaminaton": false,
  "energy": "0.1-0.8nm"
}
