{
  "time_tag": "2026-06-19T11:26:00Z",
  "satellite": 18,
  "flux": 4.771123371938302E-7,
  "observed_flux": 4.858213742409134E-7,
  "electron_correction": 8.709015730801184E-9,
  "electron_contaminaton": false,
  "energy": "0.1-0.8nm"
}
