{
  "time_tag": "2026-03-16T22:42:00Z",
  "satellite": 18,
  "flux": 4.4326631609692413E-7,
  "observed_flux": 4.89088620270195E-7,
  "electron_correction": 4.582228285698875E-8,
  "electron_contaminaton": false,
  "energy": "0.1-0.8nm"
}
