{
    "time_tag": "2026-05-24T15:43:00Z",
    "satellite": 18,
    "flux": 7.77319314693159e-07,
    "observed_flux": 7.904758945187496e-07,
    "electron_correction": 1.3156566502914302e-08,
    "electron_contaminaton": false,
    "energy": "0.1-0.8nm"
}