{
  "time_tag": "2026-03-04T12:27:00Z",
  "satellite": 18,
  "flux": 5.445267561299261E-7,
  "observed_flux": 5.539907306228997E-7,
  "electron_correction": 9.463986927471524E-9,
  "electron_contaminaton": false,
  "energy": "0.1-0.8nm"
}
