{
    "time_tag": "2026-05-11T22:15:00Z",
    "satellite": 18,
    "flux": 6.223786499504058e-07,
    "observed_flux": 6.39284337466961e-07,
    "electron_correction": 1.6905644883991044e-08,
    "electron_contaminaton": false,
    "energy": "0.1-0.8nm"
}