{
  "time_tag": "2026-06-19T13:57:00Z",
  "satellite": 18,
  "flux": 5.938206300015736E-7,
  "observed_flux": 6.067663775866095E-7,
  "electron_correction": 1.2945776006745291E-8,
  "electron_contaminaton": false,
  "energy": "0.1-0.8nm"
}
