{
  "time_tag": "2026-04-21T22:25:00Z",
  "satellite": 18,
  "flux": 5.743024189541757E-7,
  "observed_flux": 6.43897408281191E-7,
  "electron_correction": 6.959494669445121E-8,
  "electron_contaminaton": false,
  "energy": "0.1-0.8nm"
}
