{
  "time_tag": "2026-05-24T23:02:00Z",
  "satellite": 18,
  "flux": 9.78142907115398E-7,
  "observed_flux": 9.870091162156314E-7,
  "electron_correction": 8.866207323876552E-9,
  "electron_contaminaton": false,
  "energy": "0.1-0.8nm"
}
