{
    "time_tag": "2026-05-16T01:00:00Z",
    "satellite": 18,
    "flux": 4.318052617691137e-07,
    "observed_flux": 4.4398043996807246e-07,
    "electron_correction": 1.2175165764460871e-08,
    "electron_contaminaton": false,
    "energy": "0.1-0.8nm"
}