{
  "time_tag": "2026-06-30T14:45:00Z",
  "satellite": 18,
  "flux": 0.0000025198748971888563,
  "observed_flux": 0.000002531965947127901,
  "electron_correction": 1.2091127210567265E-8,
  "electron_contaminaton": false,
  "energy": "0.1-0.8nm"
}
