{
  "time_tag": "2025-12-14T23:17:00Z",
  "satellite": 18,
  "flux": 7.548514417976548E-7,
  "observed_flux": 7.995972168828303E-7,
  "electron_correction": 4.4745764427034374E-8,
  "electron_contaminaton": false,
  "energy": "0.1-0.8nm"
}
