{
  "time_tag": "2026-05-02T09:45:00Z",
  "satellite": 18,
  "flux": 0.000001334192234025977,
  "observed_flux": 0.0000013569975862992578,
  "electron_correction": 2.2805339838782857E-8,
  "electron_contaminaton": false,
  "energy": "0.1-0.8nm"
}
