{
  "time_tag": "2026-06-11T19:35:00Z",
  "satellite": 18,
  "flux": 6.879101874801563E-7,
  "observed_flux": 7.12132248281705E-7,
  "electron_correction": 2.4222071459689687E-8,
  "electron_contaminaton": false,
  "energy": "0.1-0.8nm"
}
