{
    "time_tag": "2026-06-23T07:31:00Z",
    "satellite": 18,
    "flux": 9.426498195352906e-07,
    "observed_flux": 9.459336638428795e-07,
    "electron_correction": 3.2838778363242227e-09,
    "electron_contaminaton": false,
    "energy": "0.1-0.8nm"
}