{
    "time_tag": "2026-06-07T13:23:00Z",
    "satellite": 18,
    "flux": 7.534233077421959e-07,
    "observed_flux": 7.8753089383099e-07,
    "electron_correction": 3.410757898336669e-08,
    "electron_contaminaton": false,
    "energy": "0.1-0.8nm"
}