{
  "time_tag": "2026-05-30T16:45:00Z",
  "satellite": 18,
  "flux": 7.505782946282125E-7,
  "observed_flux": 7.795655960762815E-7,
  "electron_correction": 2.8987331646135317E-8,
  "electron_contaminaton": false,
  "energy": "0.1-0.8nm"
}
