{
  "time_tag": "2026-05-19T19:29:00Z",
  "satellite": 18,
  "flux": 3.820359495421144E-7,
  "observed_flux": 4.411930660808139E-7,
  "electron_correction": 5.915712009141316E-8,
  "electron_contaminaton": false,
  "energy": "0.1-0.8nm"
}
