{
  "time_tag": "2026-05-27T20:12:00Z",
  "satellite": 18,
  "flux": 7.906052701400768E-7,
  "observed_flux": 8.210927830987202E-7,
  "electron_correction": 3.0487534274925565E-8,
  "electron_contaminaton": false,
  "energy": "0.1-0.8nm"
}
