{
    "time_tag": "2026-06-03T14:02:00Z",
    "satellite": 19,
    "flux": 1.0397596952316235e-06,
    "observed_flux": 1.0796568403748097e-06,
    "electron_correction": 3.989719132846403e-08,
    "electron_contaminaton": false,
    "energy": "0.1-0.8nm"
}