{
    "time_tag": "2026-05-15T02:22:00Z",
    "satellite": 18,
    "flux": 6.697306957903493e-07,
    "observed_flux": 6.755441859240818e-07,
    "electron_correction": 5.8135163349959385e-09,
    "electron_contaminaton": false,
    "energy": "0.1-0.8nm"
}