{
    "time_tag": "2026-05-30T20:03:00Z",
    "satellite": 18,
    "flux": 1.0417553539809887e-06,
    "observed_flux": 1.0608118827803992e-06,
    "electron_correction": 1.9056455968780028e-08,
    "electron_contaminaton": false,
    "energy": "0.1-0.8nm"
}