{
    "time_tag": "2026-06-20T10:38:00Z",
    "satellite": 18,
    "flux": 6.315353289210179e-07,
    "observed_flux": 6.42426016383979e-07,
    "electron_correction": 1.0890679469355291e-08,
    "electron_contaminaton": false,
    "energy": "0.1-0.8nm"
}