{
  "time_tag": "2026-01-05T22:18:00Z",
  "satellite": 18,
  "flux": 0.0000010264651564284577,
  "observed_flux": 0.0000010962130545522086,
  "electron_correction": 6.974789812375093E-8,
  "electron_contaminaton": false,
  "energy": "0.1-0.8nm"
}
