{
  "time_tag": "2026-06-02T21:36:00Z",
  "satellite": 18,
  "flux": 0.0000012760948493450996,
  "observed_flux": 0.0000013129113085597055,
  "electron_correction": 3.681650184717E-8,
  "electron_contaminaton": false,
  "energy": "0.1-0.8nm"
}
