{
  "time_tag": "2026-02-25T21:43:00Z",
  "satellite": 18,
  "flux": 0.0000010814912911882857,
  "observed_flux": 0.0000011460965652076993,
  "electron_correction": 6.46052455977042E-8,
  "electron_contaminaton": false,
  "energy": "0.1-0.8nm"
}
