{
  "time_tag": "2026-01-28T23:19:00Z",
  "satellite": 18,
  "flux": 6.651509920629906E-7,
  "observed_flux": 7.059774134177133E-7,
  "electron_correction": 4.082644267100477E-8,
  "electron_contaminaton": false,
  "energy": "0.1-0.8nm"
}
