{
  "time_tag": "2026-05-22T08:58:00Z",
  "satellite": 18,
  "flux": 7.207769954220566E-7,
  "observed_flux": 7.325375008804258E-7,
  "electron_correction": 1.1760524998294386E-8,
  "electron_contaminaton": false,
  "energy": "0.1-0.8nm"
}
