{
  "time_tag": "2026-06-03T07:29:00Z",
  "satellite": 18,
  "flux": 0.000001393160914631153,
  "observed_flux": 0.0000014020242815604433,
  "electron_correction": 8.86330830951465E-9,
  "electron_contaminaton": false,
  "energy": "0.1-0.8nm"
}
