{
  "time_tag": "2026-06-25T22:57:00Z",
  "satellite": 18,
  "flux": 0.000001207713694384438,
  "observed_flux": 0.0000012768434771714965,
  "electron_correction": 6.912982541962265E-8,
  "electron_contaminaton": false,
  "energy": "0.1-0.8nm"
}
