{
    "time_tag": "2026-06-30T23:25:00Z",
    "satellite": 18,
    "flux": 4.086180524609517e-06,
    "observed_flux": 4.0977711250889115e-06,
    "electron_correction": 1.1590493897983833e-08,
    "electron_contaminaton": false,
    "energy": "0.1-0.8nm"
}