{
  "time_tag": "2026-04-18T09:57:00Z",
  "satellite": 18,
  "flux": 4.383974498978205E-7,
  "observed_flux": 4.48457711854644E-7,
  "electron_correction": 1.0060265509537203E-8,
  "electron_contaminaton": false,
  "energy": "0.1-0.8nm"
}
