{
  "time_tag": "2026-01-29T08:21:00Z",
  "satellite": 18,
  "flux": 6.947718134142633E-7,
  "observed_flux": 7.214771358121652E-7,
  "electron_correction": 2.6705338385113464E-8,
  "electron_contaminaton": false,
  "energy": "0.1-0.8nm"
}
