{
    "time_tag": "2026-06-02T21:11:00Z",
    "satellite": 18,
    "flux": 1.5508480828430038e-06,
    "observed_flux": 1.5875216377025936e-06,
    "electron_correction": 3.6673498016170925e-08,
    "electron_contaminaton": false,
    "energy": "0.1-0.8nm"
}