{
  "time_tag": "2026-02-18T00:53:00Z",
  "satellite": 18,
  "flux": 4.760636045375577E-7,
  "observed_flux": 5.357640020520194E-7,
  "electron_correction": 5.970038330360694E-8,
  "electron_contaminaton": false,
  "energy": "0.1-0.8nm"
}
