{
    "time_tag": "2026-05-27T21:16:00Z",
    "satellite": 18,
    "flux": 8.107437565740838e-07,
    "observed_flux": 8.482492717121204e-07,
    "electron_correction": 3.750549026904082e-08,
    "electron_contaminaton": false,
    "energy": "0.1-0.8nm"
}