{
  "time_tag": "2026-03-28T18:48:00Z",
  "satellite": 18,
  "flux": 0.0000014633462797064567,
  "observed_flux": 0.0000015028865618660348,
  "electron_correction": 3.954021110530448E-8,
  "electron_contaminaton": false,
  "energy": "0.1-0.8nm"
}
