{
  "time_tag": "2026-03-24T20:18:00Z",
  "satellite": 18,
  "flux": 0.0000010199614735029172,
  "observed_flux": 0.0000010978181990140001,
  "electron_correction": 7.785672551108291E-8,
  "electron_contaminaton": false,
  "energy": "0.1-0.8nm"
}
