{
  "time_tag": "2026-04-22T21:29:00Z",
  "satellite": 18,
  "flux": 6.661034035460034E-7,
  "observed_flux": 7.208972192529473E-7,
  "electron_correction": 5.479379439066179E-8,
  "electron_contaminaton": false,
  "energy": "0.1-0.8nm"
}
