{
  "time_tag": "2026-03-01T07:50:00Z",
  "satellite": 18,
  "flux": 0.000005857051746716024,
  "observed_flux": 0.000005872365363757126,
  "electron_correction": 1.531372895158256E-8,
  "electron_contaminaton": false,
  "energy": "0.1-0.8nm"
}
