{
  "time_tag": "2026-06-09T11:42:00Z",
  "satellite": 18,
  "flux": 7.425657031490118E-7,
  "observed_flux": 7.704329050284286E-7,
  "electron_correction": 2.7867155694139E-8,
  "electron_contaminaton": false,
  "energy": "0.1-0.8nm"
}
