{
  "time_tag": "2026-03-28T19:52:00Z",
  "satellite": 18,
  "flux": 0.0000013167381212042528,
  "observed_flux": 0.0000013617307104141219,
  "electron_correction": 4.499264250057422E-8,
  "electron_contaminaton": false,
  "energy": "0.1-0.8nm"
}
