{
  "time_tag": "2025-12-14T10:18:00Z",
  "satellite": 18,
  "flux": 6.709215654154832E-7,
  "observed_flux": 6.98959070177807E-7,
  "electron_correction": 2.8037502985966967E-8,
  "electron_contaminaton": false,
  "energy": "0.1-0.8nm"
}
