{
  "time_tag": "2025-12-18T02:46:00Z",
  "satellite": 18,
  "flux": 8.939716167333245E-7,
  "observed_flux": 9.282077257921628E-7,
  "electron_correction": 3.4236144585975126E-8,
  "electron_contaminaton": false,
  "energy": "0.1-0.8nm"
}
