{
  "time_tag": "2026-03-12T14:44:00Z",
  "satellite": 18,
  "flux": 8.477039159515698E-7,
  "observed_flux": 8.799315764917992E-7,
  "electron_correction": 3.222762501309262E-8,
  "electron_contaminaton": false,
  "energy": "0.1-0.8nm"
}
