{
  "time_tag": "2026-04-18T18:41:00Z",
  "satellite": 18,
  "flux": 3.06531092064688E-7,
  "observed_flux": 3.4868986631408916E-7,
  "electron_correction": 4.2158777802114855E-8,
  "electron_contaminaton": false,
  "energy": "0.1-0.8nm"
}
