{
    "time_tag": "2026-05-26T20:30:00Z",
    "satellite": 18,
    "flux": 1.1312146170894266e-06,
    "observed_flux": 1.1431907296355348e-06,
    "electron_correction": 1.1976065472651953e-08,
    "electron_contaminaton": false,
    "energy": "0.1-0.8nm"
}