{
    "time_tag": "2026-05-07T14:22:00Z",
    "satellite": 18,
    "flux": 1.6165241731869173e-06,
    "observed_flux": 1.6472682773382985e-06,
    "electron_correction": 3.074413257309061e-08,
    "electron_contaminaton": false,
    "energy": "0.1-0.8nm"
}