{
  "time_tag": "2025-12-12T15:18:00Z",
  "satellite": 18,
  "flux": 0.000001076910734809644,
  "observed_flux": 0.000001092444335881737,
  "electron_correction": 1.5533634822872955E-8,
  "electron_contaminaton": false,
  "energy": "0.1-0.8nm"
}
