{
    "time_tag": "2026-04-26T16:23:00Z",
    "satellite": 18,
    "flux": 3.732918003152008e-06,
    "observed_flux": 3.7484649055841146e-06,
    "electron_correction": 1.5546969933666333e-08,
    "electron_contaminaton": false,
    "energy": "0.1-0.8nm"
}