{
  "time_tag": "2026-03-01T19:33:00Z",
  "satellite": 18,
  "flux": 0.000002366631179029355,
  "observed_flux": 0.0000024184737412724644,
  "electron_correction": 5.184261198110107E-8,
  "electron_contaminaton": false,
  "energy": "0.1-0.8nm"
}
