{
  "time_tag": "2026-03-13T11:56:00Z",
  "satellite": 18,
  "flux": 0.000001439368816136266,
  "observed_flux": 0.0000014407902426682995,
  "electron_correction": 1.4214301957693465E-9,
  "electron_contaminaton": false,
  "energy": "0.1-0.8nm"
}
