{
  "time_tag": "2026-02-18T06:09:00Z",
  "satellite": 18,
  "flux": 5.558277393902245E-7,
  "observed_flux": 5.77967512072064E-7,
  "electron_correction": 2.213977268183953E-8,
  "electron_contaminaton": false,
  "energy": "0.1-0.8nm"
}
