{
  "time_tag": "2026-06-19T22:15:00Z",
  "satellite": 18,
  "flux": 4.738645600355085E-7,
  "observed_flux": 5.007822210245649E-7,
  "electron_correction": 2.691762190920599E-8,
  "electron_contaminaton": false,
  "energy": "0.1-0.8nm"
}
