{
    "time_tag": "2026-06-25T16:09:00Z",
    "satellite": 18,
    "flux": 1.7590089100849582e-06,
    "observed_flux": 1.8088717297359835e-06,
    "electron_correction": 4.986281254559799e-08,
    "electron_contaminaton": false,
    "energy": "0.1-0.8nm"
}