{
    "time_tag": "2026-05-09T22:23:00Z",
    "satellite": 18,
    "flux": 1.5012751646281686e-06,
    "observed_flux": 1.5255886864906643e-06,
    "electron_correction": 2.4313470348147348e-08,
    "electron_contaminaton": false,
    "energy": "0.1-0.8nm"
}