{
  "time_tag": "2026-05-01T19:49:00Z",
  "satellite": 18,
  "flux": 9.569918120178045E-7,
  "observed_flux": 0.000001015421162264829,
  "electron_correction": 5.842934669431088E-8,
  "electron_contaminaton": false,
  "energy": "0.1-0.8nm"
}
