{
  "time_tag": "2026-01-09T02:50:00Z",
  "satellite": 18,
  "flux": 7.941015383039485E-7,
  "observed_flux": 7.965061286085984E-7,
  "electron_correction": 2.4045812008210987E-9,
  "electron_contaminaton": false,
  "energy": "0.1-0.8nm"
}
