{
  "time_tag": "2026-03-21T06:29:00Z",
  "satellite": 18,
  "flux": 3.829995307569334E-7,
  "observed_flux": 3.850211385270086E-7,
  "electron_correction": 2.0216111007442805E-9,
  "electron_contaminaton": false,
  "energy": "0.1-0.8nm"
}
