{
  "time_tag": "2026-02-03T11:22:00Z",
  "satellite": 18,
  "flux": 0.000013925861821917351,
  "observed_flux": 0.00001392915419273777,
  "electron_correction": 3.292216943506787E-9,
  "electron_contaminaton": false,
  "energy": "0.1-0.8nm"
}
