{
  "time_tag": "2026-03-30T11:05:00Z",
  "satellite": 18,
  "flux": 0.0000027377582227927633,
  "observed_flux": 0.0000027408086680225097,
  "electron_correction": 3.050466768073079E-9,
  "electron_contaminaton": false,
  "energy": "0.1-0.8nm"
}
