{
  "time_tag": "2026-02-19T14:32:00Z",
  "satellite": 18,
  "flux": 4.78733682029997E-7,
  "observed_flux": 5.010909944758168E-7,
  "electron_correction": 2.2357285800467253E-8,
  "electron_contaminaton": false,
  "energy": "0.1-0.8nm"
}
