{
  "time_tag": "2026-02-13T17:58:00Z",
  "satellite": 18,
  "flux": 4.889666911367385E-7,
  "observed_flux": 5.304497108227224E-7,
  "electron_correction": 4.148301613327021E-8,
  "electron_contaminaton": false,
  "energy": "0.1-0.8nm"
}
