{
  "time_tag": "2026-04-21T23:23:00Z",
  "satellite": 18,
  "flux": 0.0000010140144013348618,
  "observed_flux": 0.0000010811688753165072,
  "electron_correction": 6.71544952979275E-8,
  "electron_contaminaton": false,
  "energy": "0.1-0.8nm"
}
