{
  "time_tag": "2026-05-29T19:04:00Z",
  "satellite": 18,
  "flux": 7.809757676113804E-7,
  "observed_flux": 8.31048794225353E-7,
  "electron_correction": 5.007300885040422E-8,
  "electron_contaminaton": false,
  "energy": "0.1-0.8nm"
}
