{
  "time_tag": "2026-06-25T17:25:00Z",
  "satellite": 18,
  "flux": 0.0000021051903331681387,
  "observed_flux": 0.0000021700966499338392,
  "electron_correction": 6.490648019052969E-8,
  "electron_contaminaton": false,
  "energy": "0.1-0.8nm"
}
