{
  "time_tag": "2026-03-09T16:32:00Z",
  "satellite": 18,
  "flux": 5.967964398223558E-7,
  "observed_flux": 6.407549903997278E-7,
  "electron_correction": 4.395858610450887E-8,
  "electron_contaminaton": false,
  "energy": "0.1-0.8nm"
}
