{
  "time_tag": "2026-05-02T13:43:00Z",
  "satellite": 18,
  "flux": 0.0000016530558468730305,
  "observed_flux": 0.0000016790521613074816,
  "electron_correction": 2.5996264696459548E-8,
  "electron_contaminaton": false,
  "energy": "0.1-0.8nm"
}
