{
  "time_tag": "2026-06-06T13:48:00Z",
  "satellite": 18,
  "flux": 0.000009697229870653246,
  "observed_flux": 0.000009717209650261793,
  "electron_correction": 1.998018994697759E-8,
  "electron_contaminaton": false,
  "energy": "0.1-0.8nm"
}
