{
  "time_tag": "2026-01-11T14:17:00Z",
  "satellite": 18,
  "flux": 0.0000017660607909419923,
  "observed_flux": 0.0000018034279491985217,
  "electron_correction": 3.7367129834819934E-8,
  "electron_contaminaton": false,
  "energy": "0.1-0.8nm"
}
