{
  "time_tag": "2026-05-02T21:42:00Z",
  "satellite": 18,
  "flux": 0.0000011439500440246775,
  "observed_flux": 0.0000011970815876338747,
  "electron_correction": 5.313160755804347E-8,
  "electron_contaminaton": false,
  "energy": "0.1-0.8nm"
}
