{
  "time_tag": "2025-12-04T21:22:00Z",
  "satellite": 18,
  "flux": 0.00000204120306079858,
  "observed_flux": 0.000002132826239176211,
  "electron_correction": 9.162313574506697E-8,
  "electron_contaminaton": false,
  "energy": "0.1-0.8nm"
}
