{
  "time_tag": "2026-03-28T11:26:00Z",
  "satellite": 18,
  "flux": 0.000003526864702507737,
  "observed_flux": 0.000003529637297106092,
  "electron_correction": 2.7727338203220597E-9,
  "electron_contaminaton": false,
  "energy": "0.1-0.8nm"
}
