{
    "time_tag": "2026-04-25T15:07:00Z",
    "satellite": 18,
    "flux": 1.1318966244289186e-06,
    "observed_flux": 1.1390352483431343e-06,
    "electron_correction": 7.138611035628628e-09,
    "electron_contaminaton": false,
    "energy": "0.1-0.8nm"
}