{
  "time_tag": "2026-02-28T11:20:00Z",
  "satellite": 18,
  "flux": 0.000001063282638824603,
  "observed_flux": 0.0000010944365840259707,
  "electron_correction": 3.115390967423082E-8,
  "electron_contaminaton": false,
  "energy": "0.1-0.8nm"
}
