{
    "time_tag": "2026-05-22T21:46:00Z",
    "satellite": 18,
    "flux": 8.951206496021769e-07,
    "observed_flux": 9.313188229498337e-07,
    "electron_correction": 3.619819466393892e-08,
    "electron_contaminaton": false,
    "energy": "0.1-0.8nm"
}