{
    "time_tag": "2026-06-26T03:23:00Z",
    "satellite": 18,
    "flux": 1.1608447039179737e-06,
    "observed_flux": 1.2061105962857255e-06,
    "electron_correction": 4.5265856840615015e-08,
    "electron_contaminaton": false,
    "energy": "0.1-0.8nm"
}