{
  "time_tag": "2025-12-30T10:19:00Z",
  "satellite": 18,
  "flux": 0.000002400901166765834,
  "observed_flux": 0.000002409461785646272,
  "electron_correction": 8.560636644006081E-9,
  "electron_contaminaton": false,
  "energy": "0.1-0.8nm"
}
