{
    "time_tag": "2026-05-14T14:37:00Z",
    "satellite": 18,
    "flux": 1.077060233001248e-06,
    "observed_flux": 1.0873046676351805e-06,
    "electron_correction": 1.0244449732965677e-08,
    "electron_contaminaton": false,
    "energy": "0.1-0.8nm"
}