{
    "time_tag": "2026-07-01T20:54:00Z",
    "satellite": 18,
    "flux": 5.428328677226091e-06,
    "observed_flux": 5.447308467410039e-06,
    "electron_correction": 1.8979601890123377e-08,
    "electron_contaminaton": false,
    "energy": "0.1-0.8nm"
}