{
  "time_tag": "2026-02-19T10:48:00Z",
  "satellite": 18,
  "flux": 4.601026262207597E-7,
  "observed_flux": 4.6117406782286707E-7,
  "electron_correction": 1.0714423792634875E-9,
  "electron_contaminaton": false,
  "energy": "0.1-0.8nm"
}
