{
    "time_tag": "2026-05-31T16:00:00Z",
    "satellite": 18,
    "flux": 6.593865577997349e-07,
    "observed_flux": 7.002865913818823e-07,
    "electron_correction": 4.090007266199791e-08,
    "electron_contaminaton": false,
    "energy": "0.1-0.8nm"
}