{
  "time_tag": "2025-12-28T01:48:00Z",
  "satellite": 18,
  "flux": 0.0000020423494788701646,
  "observed_flux": 0.000002086744416374131,
  "electron_correction": 4.439503342723583E-8,
  "electron_contaminaton": false,
  "energy": "0.1-0.8nm"
}
