{
  "time_tag": "2026-03-12T00:46:00Z",
  "satellite": 18,
  "flux": 5.900924975321686E-7,
  "observed_flux": 6.311152560556366E-7,
  "electron_correction": 4.102277628703632E-8,
  "electron_contaminaton": false,
  "energy": "0.1-0.8nm"
}
