{
    "time_tag": "2026-06-04T23:44:00Z",
    "satellite": 18,
    "flux": 1.3086315675536753e-06,
    "observed_flux": 1.3190885965741472e-06,
    "electron_correction": 1.0457061883073493e-08,
    "electron_contaminaton": false,
    "energy": "0.1-0.8nm"
}