{
  "time_tag": "2026-04-19T23:55:00Z",
  "satellite": 18,
  "flux": 4.905351147499459E-7,
  "observed_flux": 5.46122748801281E-7,
  "electron_correction": 5.558761628776665E-8,
  "electron_contaminaton": false,
  "energy": "0.1-0.8nm"
}
