{
  "time_tag": "2026-07-01T23:10:00Z",
  "satellite": 18,
  "flux": 0.00007633125642314553,
  "observed_flux": 0.00007634468784090132,
  "electron_correction": 1.3433219869796176E-8,
  "electron_contaminaton": false,
  "energy": "0.1-0.8nm"
}
