{
  "time_tag": "2026-06-10T13:39:00Z",
  "satellite": 18,
  "flux": 9.147767627837311E-7,
  "observed_flux": 9.301865020461264E-7,
  "electron_correction": 1.5409716169756393E-8,
  "electron_contaminaton": false,
  "energy": "0.1-0.8nm"
}
