{
    "time_tag": "2026-04-22T23:52:00Z",
    "satellite": 18,
    "flux": 1.1331419500493212e-06,
    "observed_flux": 1.1758935443140217e-06,
    "electron_correction": 4.275159426470054e-08,
    "electron_contaminaton": false,
    "energy": "0.1-0.8nm"
}