{
  "time_tag": "2026-06-09T09:20:00Z",
  "satellite": 18,
  "flux": 8.372482511731505E-7,
  "observed_flux": 8.692648520991497E-7,
  "electron_correction": 3.2016608031426586E-8,
  "electron_contaminaton": false,
  "energy": "0.1-0.8nm"
}
