{
  "time_tag": "2025-12-08T19:21:00Z",
  "satellite": 18,
  "flux": 0.0000015569569313811371,
  "observed_flux": 0.0000015861147630857886,
  "electron_correction": 2.9157828151937792E-8,
  "electron_contaminaton": false,
  "energy": "0.1-0.8nm"
}
