{
  "time_tag": "2026-06-20T22:05:00Z",
  "satellite": 18,
  "flux": 0.0000027164671791979345,
  "observed_flux": 0.0000027442681584943784,
  "electron_correction": 2.7801098312352224E-8,
  "electron_contaminaton": false,
  "energy": "0.1-0.8nm"
}
