{
  "time_tag": "2026-04-29T15:26:00Z",
  "satellite": 18,
  "flux": 0.0000011014323035851703,
  "observed_flux": 0.0000011092960221503745,
  "electron_correction": 7.863766526838845E-9,
  "electron_contaminaton": false,
  "energy": "0.1-0.8nm"
}
