{
  "time_tag": "2026-03-19T23:27:00Z",
  "satellite": 18,
  "flux": 2.578307487510756E-7,
  "observed_flux": 2.776551752958767E-7,
  "electron_correction": 1.982442476844426E-8,
  "electron_contaminaton": false,
  "energy": "0.1-0.8nm"
}
