{
  "time_tag": "2025-12-31T20:18:00Z",
  "satellite": 18,
  "flux": 0.0000015600392089254456,
  "observed_flux": 0.0000015702221389801707,
  "electron_correction": 1.0182956700077739E-8,
  "electron_contaminaton": false,
  "energy": "0.1-0.8nm"
}
