{
    "time_tag": "2026-05-18T18:17:00Z",
    "satellite": 18,
    "flux": 7.735947065157234e-07,
    "observed_flux": 8.172959269359126e-07,
    "electron_correction": 4.37012204201892e-08,
    "electron_contaminaton": false,
    "energy": "0.1-0.8nm"
}