{
  "time_tag": "2025-12-16T08:19:00Z",
  "satellite": 18,
  "flux": 5.277624381960777E-7,
  "observed_flux": 5.285980932967504E-7,
  "electron_correction": 8.357019520843778E-10,
  "electron_contaminaton": false,
  "energy": "0.1-0.8nm"
}
