{
  "time_tag": "2026-02-10T20:09:00Z",
  "satellite": 18,
  "flux": 0.0000017361896880174754,
  "observed_flux": 0.0000017587573211130803,
  "electron_correction": 2.2567574475829133E-8,
  "electron_contaminaton": false,
  "energy": "0.1-0.8nm"
}
