{
  "time_tag": "2026-01-28T01:48:00Z",
  "satellite": 18,
  "flux": 9.590356739863637E-7,
  "observed_flux": 9.888124168355716E-7,
  "electron_correction": 2.9776783705415255E-8,
  "electron_contaminaton": false,
  "energy": "0.1-0.8nm"
}
