{
  "time_tag": "2026-04-24T23:08:00Z",
  "satellite": 18,
  "flux": 0.0000016571543710597325,
  "observed_flux": 0.0000016724292208891711,
  "electron_correction": 1.527487825114804E-8,
  "electron_contaminaton": false,
  "energy": "0.1-0.8nm"
}
