{
    "time_tag": "2026-06-22T23:34:00Z",
    "satellite": 18,
    "flux": 7.129279424589186e-07,
    "observed_flux": 7.230790401990816e-07,
    "electron_correction": 1.0151126161872526e-08,
    "electron_contaminaton": false,
    "energy": "0.1-0.8nm"
}