{
    "time_tag": "2026-06-28T13:55:00Z",
    "satellite": 18,
    "flux": 1.99983060156228e-06,
    "observed_flux": 2.0345228222140577e-06,
    "electron_correction": 3.469212828122181e-08,
    "electron_contaminaton": false,
    "energy": "0.1-0.8nm"
}