{
  "time_tag": "2026-02-07T09:20:00Z",
  "satellite": 18,
  "flux": 0.000002232821998404688,
  "observed_flux": 0.0000022512201667268528,
  "electron_correction": 1.839827667993177E-8,
  "electron_contaminaton": false,
  "energy": "0.1-0.8nm"
}
