{
    "time_tag": "2026-05-06T09:00:00Z",
    "satellite": 18,
    "flux": 5.257774091660394e-07,
    "observed_flux": 5.525520805349515e-07,
    "electron_correction": 2.677468735612365e-08,
    "electron_contaminaton": false,
    "energy": "0.1-0.8nm"
}