{
  "time_tag": "2026-02-21T17:50:00Z",
  "satellite": 18,
  "flux": 3.671033539376367E-7,
  "observed_flux": 3.868443059218407E-7,
  "electron_correction": 1.974093066792193E-8,
  "electron_contaminaton": false,
  "energy": "0.1-0.8nm"
}
