{
  "time_tag": "2026-03-03T00:21:00Z",
  "satellite": 18,
  "flux": 9.284503903472796E-7,
  "observed_flux": 9.587835165802971E-7,
  "electron_correction": 3.033314399658593E-8,
  "electron_contaminaton": false,
  "energy": "0.1-0.8nm"
}
