{
  "time_tag": "2026-02-23T07:23:00Z",
  "satellite": 18,
  "flux": 3.057263313621661E-7,
  "observed_flux": 3.113873106030951E-7,
  "electron_correction": 5.660969026877183E-9,
  "electron_contaminaton": false,
  "energy": "0.1-0.8nm"
}
