{
    "time_tag": "2026-06-25T22:37:00Z",
    "satellite": 18,
    "flux": 1.2551556665130192e-06,
    "observed_flux": 1.306115677834896e-06,
    "electron_correction": 5.096008592886392e-08,
    "electron_contaminaton": false,
    "energy": "0.1-0.8nm"
}