{
  "time_tag": "2026-05-16T08:53:00Z",
  "satellite": 18,
  "flux": 3.9668827866989886E-7,
  "observed_flux": 4.270737576916872E-7,
  "electron_correction": 3.0385468363647306E-8,
  "electron_contaminaton": false,
  "energy": "0.1-0.8nm"
}
