{
  "time_tag": "2026-02-14T04:54:00Z",
  "satellite": 18,
  "flux": 9.968946415028768E-7,
  "observed_flux": 0.0000010208798357780324,
  "electron_correction": 2.398520670965354E-8,
  "electron_contaminaton": false,
  "energy": "0.1-0.8nm"
}
