{
  "time_tag": "2026-01-31T14:22:00Z",
  "satellite": 18,
  "flux": 0.000002444325673423009,
  "observed_flux": 0.000002489722646714654,
  "electron_correction": 4.539693776450804E-8,
  "electron_contaminaton": false,
  "energy": "0.1-0.8nm"
}
