{
  "time_tag": "2026-02-05T09:01:00Z",
  "satellite": 18,
  "flux": 0.000004561068180919392,
  "observed_flux": 0.00000456114912594785,
  "electron_correction": 8.098618303753469E-11,
  "electron_contaminaton": false,
  "energy": "0.1-0.8nm"
}
