{
  "time_tag": "2026-02-04T23:49:00Z",
  "satellite": 18,
  "flux": 0.00000415334261560929,
  "observed_flux": 0.000004162609911873005,
  "electron_correction": 9.26715681970336E-9,
  "electron_contaminaton": false,
  "energy": "0.1-0.8nm"
}
