{
  "time_tag": "2026-02-13T01:28:00Z",
  "satellite": 18,
  "flux": 5.133152285452525E-7,
  "observed_flux": 5.287819817567652E-7,
  "electron_correction": 1.5466724789803266E-8,
  "electron_contaminaton": false,
  "energy": "0.1-0.8nm"
}
