{
  "time_tag": "2026-01-13T19:18:00Z",
  "satellite": 18,
  "flux": 0.0000011151463468195288,
  "observed_flux": 0.000001175467104985728,
  "electron_correction": 6.032073684991701E-8,
  "electron_contaminaton": false,
  "energy": "0.1-0.8nm"
}
