{
  "time_tag": "2026-03-22T11:49:00Z",
  "satellite": 18,
  "flux": 6.43761836727208E-7,
  "observed_flux": 6.956482252462592E-7,
  "electron_correction": 5.188641694076068E-8,
  "electron_contaminaton": false,
  "energy": "0.1-0.8nm"
}
