{
  "time_tag": "2026-06-02T19:30:00Z",
  "satellite": 18,
  "flux": 0.0000014041166878087097,
  "observed_flux": 0.0000014466509128396865,
  "electron_correction": 4.2534217925549456E-8,
  "electron_contaminaton": false,
  "energy": "0.1-0.8nm"
}
