{
  "time_tag": "2026-06-09T18:16:00Z",
  "satellite": 18,
  "flux": 7.502555945393397E-7,
  "observed_flux": 7.916932531770726E-7,
  "electron_correction": 4.1437669295874E-8,
  "electron_contaminaton": false,
  "energy": "0.1-0.8nm"
}
