{
  "time_tag": "2026-02-10T14:47:00Z",
  "satellite": 18,
  "flux": 0.0000011155181027788785,
  "observed_flux": 0.000001129379597841762,
  "electron_correction": 1.3861554570837598E-8,
  "electron_contaminaton": false,
  "energy": "0.1-0.8nm"
}
