{
    "time_tag": "2026-05-16T16:46:00Z",
    "satellite": 18,
    "flux": 7.494370947824791e-06,
    "observed_flux": 7.581837962788995e-06,
    "electron_correction": 8.746700785877692e-08,
    "electron_contaminaton": false,
    "energy": "0.1-0.8nm"
}