{
  "time_tag": "2026-02-23T11:15:00Z",
  "satellite": 18,
  "flux": 3.5471728665470437E-7,
  "observed_flux": 3.699116746247455E-7,
  "electron_correction": 1.519440040453901E-8,
  "electron_contaminaton": false,
  "energy": "0.1-0.8nm"
}
