{
    "time_tag": "2026-06-22T20:51:00Z",
    "satellite": 18,
    "flux": 6.528367180180794e-07,
    "observed_flux": 6.637474143644795e-07,
    "electron_correction": 1.0910677694653259e-08,
    "electron_contaminaton": false,
    "energy": "0.1-0.8nm"
}