{
  "time_tag": "2026-04-18T08:25:00Z",
  "satellite": 18,
  "flux": 5.421470632427372E-7,
  "observed_flux": 5.432863190435455E-7,
  "electron_correction": 1.1392629062356718E-9,
  "electron_contaminaton": false,
  "energy": "0.1-0.8nm"
}
