{
  "time_tag": "2026-05-22T17:09:00Z",
  "satellite": 18,
  "flux": 7.985168508639617E-7,
  "observed_flux": 8.304094762934255E-7,
  "electron_correction": 3.1892657403886915E-8,
  "electron_contaminaton": false,
  "energy": "0.1-0.8nm"
}
