{
    "time_tag": "2026-05-07T17:25:00Z",
    "satellite": 18,
    "flux": 2.872988034141599e-06,
    "observed_flux": 2.9217865176178748e-06,
    "electron_correction": 4.879856874140387e-08,
    "electron_contaminaton": false,
    "energy": "0.1-0.8nm"
}