{
    "time_tag": "2026-06-30T20:00:00Z",
    "satellite": 18,
    "flux": 8.27202256914461e-06,
    "observed_flux": 8.284848263429012e-06,
    "electron_correction": 1.2825831063878468e-08,
    "electron_contaminaton": false,
    "energy": "0.1-0.8nm"
}