{
    "time_tag": "2026-05-14T21:22:00Z",
    "satellite": 18,
    "flux": 8.627786201031995e-07,
    "observed_flux": 8.835958169584046e-07,
    "electron_correction": 2.0817163104425163e-08,
    "electron_contaminaton": false,
    "energy": "0.1-0.8nm"
}