{
  "time_tag": "2026-02-02T04:52:00Z",
  "satellite": 18,
  "flux": 0.000024403940187767148,
  "observed_flux": 0.000024412373022641987,
  "electron_correction": 8.434039244775704E-9,
  "electron_contaminaton": false,
  "energy": "0.1-0.8nm"
}
