{
    "time_tag": "2026-05-14T22:16:00Z",
    "satellite": 18,
    "flux": 8.187616344912385e-07,
    "observed_flux": 8.402292905884678e-07,
    "electron_correction": 2.146767918986825e-08,
    "electron_contaminaton": false,
    "energy": "0.1-0.8nm"
}