{
  "time_tag": "2026-03-28T22:40:00Z",
  "satellite": 18,
  "flux": 0.0000012323330338404048,
  "observed_flux": 0.0000012676565575020504,
  "electron_correction": 3.53235058980772E-8,
  "electron_contaminaton": false,
  "energy": "0.1-0.8nm"
}
