{
  "time_tag": "2026-03-18T21:46:00Z",
  "satellite": 18,
  "flux": 3.661675123112218E-7,
  "observed_flux": 3.95177011114356E-7,
  "electron_correction": 2.900950590856155E-8,
  "electron_contaminaton": false,
  "energy": "0.1-0.8nm"
}
