{
  "time_tag": "2026-03-25T22:47:00Z",
  "satellite": 18,
  "flux": 0.0000012755766647387645,
  "observed_flux": 0.0000013290791684994474,
  "electron_correction": 5.350242204826827E-8,
  "electron_contaminaton": false,
  "energy": "0.1-0.8nm"
}
