{
  "time_tag": "2025-12-28T05:18:00Z",
  "satellite": 18,
  "flux": 0.0000017678347603578004,
  "observed_flux": 0.0000017970435237657512,
  "electron_correction": 2.9208827356796974E-8,
  "electron_contaminaton": false,
  "energy": "0.1-0.8nm"
}
