{
  "time_tag": "2026-02-09T03:35:00Z",
  "satellite": 18,
  "flux": 0.000004186782462056726,
  "observed_flux": 0.000004206554422125919,
  "electron_correction": 1.9772221193647965E-8,
  "electron_contaminaton": false,
  "energy": "0.1-0.8nm"
}
