{
  "time_tag": "2026-03-21T13:16:00Z",
  "satellite": 18,
  "flux": 4.124094061808137E-7,
  "observed_flux": 4.161819902037678E-7,
  "electron_correction": 3.772575585259119E-9,
  "electron_contaminaton": false,
  "energy": "0.1-0.8nm"
}
