{
  "time_tag": "2026-02-22T18:22:00Z",
  "satellite": 18,
  "flux": 5.827693030369119E-7,
  "observed_flux": 6.297281629485951E-7,
  "electron_correction": 4.6958838595401176E-8,
  "electron_contaminaton": false,
  "energy": "0.1-0.8nm"
}
