{
  "time_tag": "2026-06-03T05:50:00Z",
  "satellite": 18,
  "flux": 0.0000016110690239656833,
  "observed_flux": 0.000001621962269382493,
  "electron_correction": 1.0893211666029856E-8,
  "electron_contaminaton": false,
  "energy": "0.1-0.8nm"
}
