{
  "time_tag": "2026-01-08T23:18:00Z",
  "satellite": 18,
  "flux": 8.697699627191469E-7,
  "observed_flux": 8.81178038980579E-7,
  "electron_correction": 1.1408073596896884E-8,
  "electron_contaminaton": false,
  "energy": "0.1-0.8nm"
}
