{
  "time_tag": "2026-02-21T11:21:00Z",
  "satellite": 18,
  "flux": 3.2813994721436757E-7,
  "observed_flux": 3.2978348940559954E-7,
  "electron_correction": 1.6435200977937825E-9,
  "electron_contaminaton": false,
  "energy": "0.1-0.8nm"
}
