{
  "time_tag": "2026-02-26T23:22:00Z",
  "satellite": 18,
  "flux": 8.404985010201926E-7,
  "observed_flux": 9.341882218905084E-7,
  "electron_correction": 9.368971376488844E-8,
  "electron_contaminaton": false,
  "energy": "0.1-0.8nm"
}
