{
  "time_tag": "2026-03-26T19:55:00Z",
  "satellite": 18,
  "flux": 0.000001458816427657439,
  "observed_flux": 0.0000015179271031229291,
  "electron_correction": 5.911071099262699E-8,
  "electron_contaminaton": false,
  "energy": "0.1-0.8nm"
}
