{
  "time_tag": "2026-02-21T12:45:00Z",
  "satellite": 18,
  "flux": 6.586251970475132E-7,
  "observed_flux": 6.632660074501473E-7,
  "electron_correction": 4.64083305118379E-9,
  "electron_contaminaton": false,
  "energy": "0.1-0.8nm"
}
