{
  "time_tag": "2026-01-03T23:18:00Z",
  "satellite": 18,
  "flux": 0.0000011192310012120288,
  "observed_flux": 0.0000011735924090316985,
  "electron_correction": 5.4361315449114045E-8,
  "electron_contaminaton": false,
  "energy": "0.1-0.8nm"
}
