{
  "time_tag": "2026-05-03T13:43:00Z",
  "satellite": 18,
  "flux": 8.997573104352341E-7,
  "observed_flux": 9.236052846972598E-7,
  "electron_correction": 2.384801511823298E-8,
  "electron_contaminaton": false,
  "energy": "0.1-0.8nm"
}
