{
  "time_tag": "2026-05-02T22:23:00Z",
  "satellite": 18,
  "flux": 0.0000010573028248472838,
  "observed_flux": 0.000001100741883419687,
  "electron_correction": 4.343913673210409E-8,
  "electron_contaminaton": false,
  "energy": "0.1-0.8nm"
}
