{
  "time_tag": "2026-03-29T16:25:00Z",
  "satellite": 18,
  "flux": 0.0000016982090755846002,
  "observed_flux": 0.0000017129536900029052,
  "electron_correction": 1.4744660603582815E-8,
  "electron_contaminaton": false,
  "energy": "0.1-0.8nm"
}
