{
  "time_tag": "2026-01-14T22:18:00Z",
  "satellite": 18,
  "flux": 9.774840918908012E-7,
  "observed_flux": 0.0000010314261089661159,
  "electron_correction": 5.3941949573754755E-8,
  "electron_contaminaton": false,
  "energy": "0.1-0.8nm"
}
