{
  "time_tag": "2025-12-04T22:22:00Z",
  "satellite": 18,
  "flux": 0.0000017507677512185182,
  "observed_flux": 0.0000018187407704317593,
  "electron_correction": 6.797299079153163E-8,
  "electron_contaminaton": false,
  "energy": "0.1-0.8nm"
}
