{
  "time_tag": "2026-05-09T19:58:00Z",
  "satellite": 18,
  "flux": 9.57378347266058E-7,
  "observed_flux": 9.835259788815165E-7,
  "electron_correction": 2.6147592535608055E-8,
  "electron_contaminaton": false,
  "energy": "0.1-0.8nm"
}
