{
  "time_tag": "2026-03-03T21:41:00Z",
  "satellite": 18,
  "flux": 6.50685933578643E-7,
  "observed_flux": 6.576841542482725E-7,
  "electron_correction": 6.998259749479985E-9,
  "electron_contaminaton": false,
  "energy": "0.1-0.8nm"
}
