{
    "time_tag": "2026-06-29T13:41:00Z",
    "satellite": 18,
    "flux": 1.498833285040746e-06,
    "observed_flux": 1.5241893152051489e-06,
    "electron_correction": 2.535608523146493e-08,
    "electron_contaminaton": false,
    "energy": "0.1-0.8nm"
}