{
  "time_tag": "2026-05-10T01:11:00Z",
  "satellite": 18,
  "flux": 0.000001234975229635893,
  "observed_flux": 0.0000012528923889476573,
  "electron_correction": 1.7917169969905444E-8,
  "electron_contaminaton": false,
  "energy": "0.1-0.8nm"
}
