{
  "time_tag": "2026-06-07T05:12:00Z",
  "satellite": 18,
  "flux": 0.0000013457492968882434,
  "observed_flux": 0.0000013802946341456845,
  "electron_correction": 3.4545365679150564E-8,
  "electron_contaminaton": false,
  "energy": "0.1-0.8nm"
}
