{
  "time_tag": "2026-03-11T19:56:00Z",
  "satellite": 18,
  "flux": 5.950826107437024E-7,
  "observed_flux": 6.521952400362352E-7,
  "electron_correction": 5.71125795545413E-8,
  "electron_contaminaton": false,
  "energy": "0.1-0.8nm"
}
