{
  "time_tag": "2026-02-14T15:47:00Z",
  "satellite": 18,
  "flux": 5.412542236626905E-7,
  "observed_flux": 5.775991098744271E-7,
  "electron_correction": 3.634489686987763E-8,
  "electron_contaminaton": false,
  "energy": "0.1-0.8nm"
}
