{
  "time_tag": "2026-01-24T13:21:00Z",
  "satellite": 18,
  "flux": 0.0000013750233165410464,
  "observed_flux": 0.0000014075556009629508,
  "electron_correction": 3.253228797461816E-8,
  "electron_contaminaton": false,
  "energy": "0.1-0.8nm"
}
