{
    "time_tag": "2026-04-23T20:33:00Z",
    "satellite": 18,
    "flux": 1.2838632983402931e-06,
    "observed_flux": 1.327470272372011e-06,
    "electron_correction": 4.3606938504581194e-08,
    "electron_contaminaton": false,
    "energy": "0.1-0.8nm"
}