{
  "time_tag": "2026-02-06T19:51:00Z",
  "satellite": 18,
  "flux": 0.0000013085100363241509,
  "observed_flux": 0.000001382250616188685,
  "electron_correction": 7.374060118081616E-8,
  "electron_contaminaton": false,
  "energy": "0.1-0.8nm"
}
