{
    "time_tag": "2026-04-28T03:29:00Z",
    "satellite": 18,
    "flux": 2.0317279449955095e-06,
    "observed_flux": 2.0383915853017243e-06,
    "electron_correction": 6.663682494689738e-09,
    "electron_contaminaton": false,
    "energy": "0.1-0.8nm"
}