{
    "time_tag": "2026-05-31T19:55:00Z",
    "satellite": 18,
    "flux": 8.246644256360014e-07,
    "observed_flux": 8.785313525550009e-07,
    "electron_correction": 5.386693402442688e-08,
    "electron_contaminaton": false,
    "energy": "0.1-0.8nm"
}