{
  "time_tag": "2026-06-02T23:48:00Z",
  "satellite": 18,
  "flux": 0.0000012060186236340087,
  "observed_flux": 0.0000012340651664999314,
  "electron_correction": 2.8046573063988944E-8,
  "electron_contaminaton": false,
  "energy": "0.1-0.8nm"
}
