{
  "time_tag": "2026-02-11T09:01:00Z",
  "satellite": 18,
  "flux": 0.0000013868617543266737,
  "observed_flux": 0.0000013875037438992877,
  "electron_correction": 6.420671216922358E-10,
  "electron_contaminaton": false,
  "energy": "0.1-0.8nm"
}
