{
  "time_tag": "2026-03-16T03:13:00Z",
  "satellite": 18,
  "flux": 4.040791452553094E-7,
  "observed_flux": 4.317017783250776E-7,
  "electron_correction": 2.7622636622481878E-8,
  "electron_contaminaton": false,
  "energy": "0.1-0.8nm"
}
