{
  "time_tag": "2026-03-17T23:42:00Z",
  "satellite": 18,
  "flux": 4.696169355611346E-7,
  "observed_flux": 5.144843839843816E-7,
  "electron_correction": 4.486746973952904E-8,
  "electron_contaminaton": false,
  "energy": "0.1-0.8nm"
}
