{
  "time_tag": "2026-02-08T11:34:00Z",
  "satellite": 18,
  "flux": 0.000006225551715033362,
  "observed_flux": 0.000006246741577342618,
  "electron_correction": 2.1189851651115532E-8,
  "electron_contaminaton": false,
  "energy": "0.1-0.8nm"
}
