{
  "time_tag": "2026-01-24T20:17:00Z",
  "satellite": 18,
  "flux": 0.000001948104682014673,
  "observed_flux": 0.000002015123754972592,
  "electron_correction": 6.701895927108126E-8,
  "electron_contaminaton": false,
  "energy": "0.1-0.8nm"
}
