{
  "time_tag": "2026-02-01T06:28:00Z",
  "satellite": 18,
  "flux": 0.0000026180114218732342,
  "observed_flux": 0.000002641738092279411,
  "electron_correction": 2.372672902595241E-8,
  "electron_contaminaton": false,
  "energy": "0.1-0.8nm"
}
