{
  "time_tag": "2026-05-09T20:45:00Z",
  "satellite": 18,
  "flux": 9.346483125227678E-7,
  "observed_flux": 9.599759778211592E-7,
  "electron_correction": 2.532765108753665E-8,
  "electron_contaminaton": false,
  "energy": "0.1-0.8nm"
}
