{
    "time_tag": "2026-05-10T18:08:00Z",
    "satellite": 18,
    "flux": 1.1503104815346887e-06,
    "observed_flux": 1.1721324426616775e-06,
    "electron_correction": 2.182194691613404e-08,
    "electron_contaminaton": false,
    "energy": "0.1-0.8nm"
}