{
  "time_tag": "2026-01-07T06:20:00Z",
  "satellite": 18,
  "flux": 0.0000010216048167421832,
  "observed_flux": 0.000001037878860188357,
  "electron_correction": 1.6274041669817052E-8,
  "electron_contaminaton": false,
  "energy": "0.1-0.8nm"
}
