{
  "time_tag": "2026-02-25T11:01:00Z",
  "satellite": 18,
  "flux": 0.0000010359898396927747,
  "observed_flux": 0.0000010756756410046364,
  "electron_correction": 3.9685854602566906E-8,
  "electron_contaminaton": false,
  "energy": "0.1-0.8nm"
}
