{
  "time_tag": "2026-05-31T21:04:00Z",
  "satellite": 18,
  "flux": 0.0000010065193691843888,
  "observed_flux": 0.000001058703446688014,
  "electron_correction": 5.218406329277059E-8,
  "electron_contaminaton": false,
  "energy": "0.1-0.8nm"
}
