{
  "time_tag": "2026-03-27T13:28:00Z",
  "satellite": 18,
  "flux": 0.0000014168579127726844,
  "observed_flux": 0.0000014500997167488094,
  "electron_correction": 3.324170450014208E-8,
  "electron_contaminaton": false,
  "energy": "0.1-0.8nm"
}
