{
  "time_tag": "2026-04-18T18:14:00Z",
  "satellite": 18,
  "flux": 3.083203239384602E-7,
  "observed_flux": 3.529599723606225E-7,
  "electron_correction": 4.46396448694486E-8,
  "electron_contaminaton": false,
  "energy": "0.1-0.8nm"
}
