{
  "time_tag": "2026-02-01T01:54:00Z",
  "satellite": 18,
  "flux": 0.0000036367293887451524,
  "observed_flux": 0.0000036827780149906175,
  "electron_correction": 4.6048608481896736E-8,
  "electron_contaminaton": false,
  "energy": "0.1-0.8nm"
}
