{
  "time_tag": "2026-03-27T11:56:00Z",
  "satellite": 18,
  "flux": 0.000003235067651985446,
  "observed_flux": 0.0000032616437692922773,
  "electron_correction": 2.6576119083188132E-8,
  "electron_contaminaton": false,
  "energy": "0.1-0.8nm"
}
