{
  "time_tag": "2026-03-30T22:26:00Z",
  "satellite": 18,
  "flux": 0.000001311642222390219,
  "observed_flux": 0.0000013329683952179039,
  "electron_correction": 2.1326211907535253E-8,
  "electron_contaminaton": false,
  "energy": "0.1-0.8nm"
}
