{
    "time_tag": "2026-07-01T03:44:00Z",
    "satellite": 18,
    "flux": 1.7537773828735226e-06,
    "observed_flux": 1.762332431098912e-06,
    "electron_correction": 8.555122832376583e-09,
    "electron_contaminaton": false,
    "energy": "0.1-0.8nm"
}