{
  "time_tag": "2026-06-10T19:17:00Z",
  "satellite": 18,
  "flux": 6.758526183148206E-7,
  "observed_flux": 7.179894510045415E-7,
  "electron_correction": 4.213683624243458E-8,
  "electron_contaminaton": false,
  "energy": "0.1-0.8nm"
}
