{
  "time_tag": "2026-03-22T06:29:00Z",
  "satellite": 18,
  "flux": 5.049422497904743E-7,
  "observed_flux": 5.282685719976143E-7,
  "electron_correction": 2.3326295561787447E-8,
  "electron_contaminaton": false,
  "energy": "0.1-0.8nm"
}
