{
  "time_tag": "2026-03-25T19:55:00Z",
  "satellite": 18,
  "flux": 0.0000015631645737812505,
  "observed_flux": 0.000001623253183424822,
  "electron_correction": 6.00886167489989E-8,
  "electron_contaminaton": false,
  "energy": "0.1-0.8nm"
}
