{
    "time_tag": "2026-06-29T22:28:00Z",
    "satellite": 18,
    "flux": 4.197973794362042e-06,
    "observed_flux": 4.228775651426986e-06,
    "electron_correction": 3.0801750483533397e-08,
    "electron_contaminaton": false,
    "energy": "0.1-0.8nm"
}