{
    "time_tag": "2026-04-27T23:29:00Z",
    "satellite": 18,
    "flux": 1.4714828466821928e-06,
    "observed_flux": 1.481795607105596e-06,
    "electron_correction": 1.03127995032537e-08,
    "electron_contaminaton": false,
    "energy": "0.1-0.8nm"
}