{
    "time_tag": "2026-06-27T05:59:00Z",
    "satellite": 18,
    "flux": 1.5851554735490936e-06,
    "observed_flux": 1.6144998653544462e-06,
    "electron_correction": 2.9344420227062074e-08,
    "electron_contaminaton": false,
    "energy": "0.1-0.8nm"
}