{
  "time_tag": "2026-02-26T18:28:00Z",
  "satellite": 18,
  "flux": 9.997853567256243E-7,
  "observed_flux": 0.0000010484692438694765,
  "electron_correction": 4.8683929776416335E-8,
  "electron_contaminaton": false,
  "energy": "0.1-0.8nm"
}
