{
  "time_tag": "2026-05-21T08:00:00Z",
  "satellite": 18,
  "flux": 6.925557158865558E-7,
  "observed_flux": 7.088260076670849E-7,
  "electron_correction": 1.6270336189450063E-8,
  "electron_contaminaton": false,
  "energy": "0.1-0.8nm"
}
