{
    "time_tag": "2026-06-24T22:20:00Z",
    "satellite": 18,
    "flux": 2.451604586894973e-06,
    "observed_flux": 2.4634716737637063e-06,
    "electron_correction": 1.1867127724940474e-08,
    "electron_contaminaton": false,
    "energy": "0.1-0.8nm"
}