{
  "time_tag": "2026-03-23T08:31:00Z",
  "satellite": 18,
  "flux": 6.751540695404401E-7,
  "observed_flux": 6.948407076379226E-7,
  "electron_correction": 1.9686662966478252E-8,
  "electron_contaminaton": false,
  "energy": "0.1-0.8nm"
}
