{
  "time_tag": "2025-12-07T06:23:00Z",
  "satellite": 18,
  "flux": 0.0000016101168966997648,
  "observed_flux": 0.0000016299358094329364,
  "electron_correction": 1.981891628588528E-8,
  "electron_contaminaton": false,
  "energy": "0.1-0.8nm"
}
