{
    "time_tag": "2026-05-26T14:33:00Z",
    "satellite": 18,
    "flux": 1.092309616979037e-06,
    "observed_flux": 1.0996299124599318e-06,
    "electron_correction": 7.320256845133599e-09,
    "electron_contaminaton": false,
    "energy": "0.1-0.8nm"
}