{
  "time_tag": "2026-05-14T13:50:00Z",
  "satellite": 18,
  "flux": 8.837475320433441E-7,
  "observed_flux": 8.91793490609416E-7,
  "electron_correction": 8.045970112391387E-9,
  "electron_contaminaton": false,
  "energy": "0.1-0.8nm"
}
