{
  "time_tag": "2026-01-27T05:20:00Z",
  "satellite": 18,
  "flux": 0.0000013830033367412398,
  "observed_flux": 0.0000014165447055347613,
  "electron_correction": 3.354146116407719E-8,
  "electron_contaminaton": false,
  "energy": "0.1-0.8nm"
}
