{
  "time_tag": "2026-04-17T18:29:00Z",
  "satellite": 18,
  "flux": 3.270127137966483E-7,
  "observed_flux": 3.352643886955775E-7,
  "electron_correction": 8.251697991568108E-9,
  "electron_contaminaton": false,
  "energy": "0.1-0.8nm"
}
