{
    "time_tag": "2026-05-12T10:39:00Z",
    "satellite": 18,
    "flux": 1.1425076991145033e-06,
    "observed_flux": 1.1492480780361802e-06,
    "electron_correction": 6.740406011118694e-09,
    "electron_contaminaton": false,
    "energy": "0.1-0.8nm"
}