{
  "time_tag": "2026-06-10T17:18:00Z",
  "satellite": 18,
  "flux": 7.657916967218625E-7,
  "observed_flux": 8.012120247258281E-7,
  "electron_correction": 3.5420313793110836E-8,
  "electron_contaminaton": false,
  "energy": "0.1-0.8nm"
}
