{
    "time_tag": "2026-05-03T15:27:00Z",
    "satellite": 18,
    "flux": 1.0310947118341574e-06,
    "observed_flux": 1.0609691116769682e-06,
    "electron_correction": 2.987432878853724e-08,
    "electron_contaminaton": false,
    "energy": "0.1-0.8nm"
}