{
  "time_tag": "2026-01-30T22:22:00Z",
  "satellite": 18,
  "flux": 9.077126605916419E-7,
  "observed_flux": 9.852775519902934E-7,
  "electron_correction": 7.756490560950624E-8,
  "electron_contaminaton": false,
  "energy": "0.1-0.8nm"
}
