{
  "time_tag": "2026-03-08T06:11:00Z",
  "satellite": 18,
  "flux": 6.253354740692885E-7,
  "observed_flux": 6.401903078767646E-7,
  "electron_correction": 1.485485778829343E-8,
  "electron_contaminaton": false,
  "energy": "0.1-0.8nm"
}
