{
    "time_tag": "2026-06-15T17:26:00Z",
    "satellite": 18,
    "flux": 7.007072326814523e-07,
    "observed_flux": 7.431306130456505e-07,
    "electron_correction": 4.242340523319399e-08,
    "electron_contaminaton": false,
    "energy": "0.1-0.8nm"
}