{
  "time_tag": "2026-02-01T04:54:00Z",
  "satellite": 18,
  "flux": 0.00000940870631893631,
  "observed_flux": 0.00000944353814702481,
  "electron_correction": 3.483200217146987E-8,
  "electron_contaminaton": false,
  "energy": "0.1-0.8nm"
}
