{
  "time_tag": "2026-02-07T15:20:00Z",
  "satellite": 18,
  "flux": 0.0000016818679569041706,
  "observed_flux": 0.0000017233071503142128,
  "electron_correction": 4.143923604260635E-8,
  "electron_contaminaton": false,
  "energy": "0.1-0.8nm"
}
