{
    "time_tag": "2026-05-09T20:08:00Z",
    "satellite": 18,
    "flux": 8.5798689042349e-07,
    "observed_flux": 8.839176075525756e-07,
    "electron_correction": 2.5930688707376248e-08,
    "electron_contaminaton": false,
    "energy": "0.1-0.8nm"
}