{
  "time_tag": "2026-05-06T23:59:00Z",
  "satellite": 18,
  "flux": 7.488725941584562E-7,
  "observed_flux": 7.923289899736119E-7,
  "electron_correction": 4.3456381604300987E-8,
  "electron_contaminaton": false,
  "energy": "0.1-0.8nm"
}
