{
    "time_tag": "2026-06-05T01:22:00Z",
    "satellite": 18,
    "flux": 8.976498406809696e-07,
    "observed_flux": 9.065296353583108e-07,
    "electron_correction": 8.879781354664829e-09,
    "electron_contaminaton": false,
    "energy": "0.1-0.8nm"
}