{
  "time_tag": "2026-05-07T19:06:00Z",
  "satellite": 18,
  "flux": 0.0000012072789559169905,
  "observed_flux": 0.0000012557575246319175,
  "electron_correction": 4.847859713663638E-8,
  "electron_contaminaton": false,
  "energy": "0.1-0.8nm"
}
