{
  "time_tag": "2026-01-04T18:19:00Z",
  "satellite": 18,
  "flux": 0.0000019673057067848276,
  "observed_flux": 0.000002008242972806329,
  "electron_correction": 4.0937344181202207E-8,
  "electron_contaminaton": false,
  "energy": "0.1-0.8nm"
}
