{
  "time_tag": "2026-06-07T16:41:00Z",
  "satellite": 18,
  "flux": 0.0000011363464409441804,
  "observed_flux": 0.000001182687697109941,
  "electron_correction": 4.6341206427769066E-8,
  "electron_contaminaton": false,
  "energy": "0.1-0.8nm"
}
