{
  "time_tag": "2026-03-02T11:13:00Z",
  "satellite": 18,
  "flux": 0.0000012854069382228772,
  "observed_flux": 0.0000012948661378686666,
  "electron_correction": 9.459196093075661E-9,
  "electron_contaminaton": false,
  "energy": "0.1-0.8nm"
}
