{
  "time_tag": "2026-06-12T05:18:00Z",
  "satellite": 18,
  "flux": 6.891479529258504E-7,
  "observed_flux": 6.945954851289571E-7,
  "electron_correction": 5.447492679166999E-9,
  "electron_contaminaton": false,
  "energy": "0.1-0.8nm"
}
