{
  "time_tag": "2026-03-13T08:43:00Z",
  "satellite": 18,
  "flux": 2.9921659461251693E-7,
  "observed_flux": 3.0874662115820684E-7,
  "electron_correction": 9.530031874760425E-9,
  "electron_contaminaton": false,
  "energy": "0.1-0.8nm"
}
