{
    "time_tag": "2026-06-10T04:56:00Z",
    "satellite": 18,
    "flux": 6.971661719035183e-07,
    "observed_flux": 7.079963779688114e-07,
    "electron_correction": 1.0830209618006847e-08,
    "electron_contaminaton": false,
    "energy": "0.1-0.8nm"
}