{
  "time_tag": "2026-03-01T14:07:00Z",
  "satellite": 18,
  "flux": 0.0000012130154800615855,
  "observed_flux": 0.0000012430543847585795,
  "electron_correction": 3.003889759156664E-8,
  "electron_contaminaton": false,
  "energy": "0.1-0.8nm"
}
