{
  "time_tag": "2026-05-10T03:17:00Z",
  "satellite": 18,
  "flux": 7.746400001451548E-7,
  "observed_flux": 7.916995059531473E-7,
  "electron_correction": 1.7059480938996785E-8,
  "electron_contaminaton": false,
  "energy": "0.1-0.8nm"
}
