{
    "time_tag": "2026-05-30T13:06:00Z",
    "satellite": 18,
    "flux": 8.347089988092193e-07,
    "observed_flux": 8.508599194101407e-07,
    "electron_correction": 1.615092060092138e-08,
    "electron_contaminaton": false,
    "energy": "0.1-0.8nm"
}