{
    "time_tag": "2026-07-02T01:16:00Z",
    "satellite": 18,
    "flux": 3.65621917808312e-06,
    "observed_flux": 3.668226327135926e-06,
    "electron_correction": 1.200717658633721e-08,
    "electron_contaminaton": false,
    "energy": "0.1-0.8nm"
}