{
  "time_tag": "2026-02-12T17:44:00Z",
  "satellite": 18,
  "flux": 7.183188586168399E-7,
  "observed_flux": 7.626694582540949E-7,
  "electron_correction": 4.435060674268243E-8,
  "electron_contaminaton": false,
  "energy": "0.1-0.8nm"
}
