{
    "time_tag": "2026-05-12T23:12:00Z",
    "satellite": 18,
    "flux": 7.65218146625557e-07,
    "observed_flux": 7.768406362629321e-07,
    "electron_correction": 1.1622538487188194e-08,
    "electron_contaminaton": false,
    "energy": "0.1-0.8nm"
}