{
  "time_tag": "2026-03-23T17:30:00Z",
  "satellite": 18,
  "flux": 9.618936473998474E-7,
  "observed_flux": 0.0000011050378816435114,
  "electron_correction": 1.4314416318939038E-7,
  "electron_contaminaton": false,
  "energy": "0.1-0.8nm"
}
