{
  "time_tag": "2025-12-07T15:21:00Z",
  "satellite": 18,
  "flux": 0.0000017594546761756646,
  "observed_flux": 0.0000017956197098101256,
  "electron_correction": 3.616502297631996E-8,
  "electron_contaminaton": false,
  "energy": "0.1-0.8nm"
}
