{
  "time_tag": "2026-06-21T12:56:00Z",
  "satellite": 18,
  "flux": 5.391910917751375E-7,
  "observed_flux": 5.475707780533412E-7,
  "electron_correction": 8.379696048166352E-9,
  "electron_contaminaton": false,
  "energy": "0.1-0.8nm"
}
