{
    "time_tag": "2026-04-25T19:48:00Z",
    "satellite": 18,
    "flux": 3.040525825781515e-06,
    "observed_flux": 3.0577580218960065e-06,
    "electron_correction": 1.7232219207130584e-08,
    "electron_contaminaton": false,
    "energy": "0.1-0.8nm"
}