{
  "time_tag": "2026-03-30T22:10:00Z",
  "satellite": 18,
  "flux": 0.0000013441317605611403,
  "observed_flux": 0.000001365875732517452,
  "electron_correction": 2.1744069655937892E-8,
  "electron_contaminaton": false,
  "energy": "0.1-0.8nm"
}
