{
  "time_tag": "2026-05-09T05:28:00Z",
  "satellite": 18,
  "flux": 0.0000011734151712516905,
  "observed_flux": 0.0000011913160733456607,
  "electron_correction": 1.7900843474194517E-8,
  "electron_contaminaton": false,
  "energy": "0.1-0.8nm"
}
