{
  "time_tag": "2026-05-31T17:04:00Z",
  "satellite": 18,
  "flux": 7.040629839139001E-7,
  "observed_flux": 7.462778626177169E-7,
  "electron_correction": 4.2214903572812545E-8,
  "electron_contaminaton": false,
  "energy": "0.1-0.8nm"
}
