{
    "time_tag": "2026-06-10T03:22:00Z",
    "satellite": 18,
    "flux": 6.997605623837444e-07,
    "observed_flux": 7.100638867996167e-07,
    "electron_correction": 1.0303307540482365e-08,
    "electron_contaminaton": false,
    "energy": "0.1-0.8nm"
}