{
  "time_tag": "2026-03-09T22:09:00Z",
  "satellite": 18,
  "flux": 0.0000012627808700926835,
  "observed_flux": 0.0000013051760561211267,
  "electron_correction": 4.23952322137211E-8,
  "electron_contaminaton": false,
  "energy": "0.1-0.8nm"
}
