{
  "time_tag": "2026-03-20T01:08:00Z",
  "satellite": 18,
  "flux": 2.6556227794571896E-7,
  "observed_flux": 2.828465142101777E-7,
  "electron_correction": 1.7284259357097653E-8,
  "electron_contaminaton": false,
  "energy": "0.1-0.8nm"
}
