{
    "time_tag": "2026-04-23T22:01:00Z",
    "satellite": 18,
    "flux": 1.3564171013058512e-06,
    "observed_flux": 1.3984638371766778e-06,
    "electron_correction": 4.204671810725813e-08,
    "electron_contaminaton": false,
    "energy": "0.1-0.8nm"
}