{
  "time_tag": "2025-12-05T20:23:00Z",
  "satellite": 18,
  "flux": 0.000002033901182585396,
  "observed_flux": 0.0000020855545699305367,
  "electron_correction": 5.1653465504841733E-8,
  "electron_contaminaton": false,
  "energy": "0.1-0.8nm"
}
