{
  "time_tag": "2026-05-16T16:13:00Z",
  "satellite": 18,
  "flux": 0.000018593258573673666,
  "observed_flux": 0.000018671187717700377,
  "electron_correction": 7.79282700591466E-8,
  "electron_contaminaton": false,
  "energy": "0.1-0.8nm"
}
