{
    "time_tag": "2026-05-10T14:11:00Z",
    "satellite": 18,
    "flux": 1.9766806872212328e-05,
    "observed_flux": 1.978154614334926e-05,
    "electron_correction": 1.4740391129919317e-08,
    "electron_contaminaton": false,
    "energy": "0.1-0.8nm"
}