{
    "time_tag": "2026-06-27T22:25:00Z",
    "satellite": 18,
    "flux": 3.3208577860932564e-06,
    "observed_flux": 3.3724795684975106e-06,
    "electron_correction": 5.162170069183958e-08,
    "electron_contaminaton": false,
    "energy": "0.1-0.8nm"
}