{
  "time_tag": "2025-12-11T23:18:00Z",
  "satellite": 18,
  "flux": 0.0000010808423667185707,
  "observed_flux": 0.000001119094122259412,
  "electron_correction": 3.825175198812758E-8,
  "electron_contaminaton": false,
  "energy": "0.1-0.8nm"
}
