{
  "time_tag": "2026-06-21T08:46:00Z",
  "satellite": 18,
  "flux": 6.749297085661965E-7,
  "observed_flux": 6.792707836211775E-7,
  "electron_correction": 4.341087489478923E-9,
  "electron_contaminaton": false,
  "energy": "0.1-0.8nm"
}
