{
  "time_tag": "2026-02-18T23:22:00Z",
  "satellite": 18,
  "flux": 4.4048633185411745E-7,
  "observed_flux": 4.945663363287167E-7,
  "electron_correction": 5.4080032896308694E-8,
  "electron_contaminaton": false,
  "energy": "0.1-0.8nm"
}
