{
  "time_tag": "2025-12-06T10:22:00Z",
  "satellite": 18,
  "flux": 0.0000012022163673464092,
  "observed_flux": 0.0000012137400062783854,
  "electron_correction": 1.1523708209892902E-8,
  "electron_contaminaton": false,
  "energy": "0.1-0.8nm"
}
