{
    "time_tag": "2026-06-21T12:01:00Z",
    "satellite": 18,
    "flux": 7.098384458004148e-07,
    "observed_flux": 7.169879836510518e-07,
    "electron_correction": 7.149516090265706e-09,
    "electron_contaminaton": false,
    "energy": "0.1-0.8nm"
}