{
    "time_tag": "2026-07-01T14:51:00Z",
    "satellite": 18,
    "flux": 2.4782955733826384e-05,
    "observed_flux": 2.4797376681817695e-05,
    "electron_correction": 1.4421220662086398e-08,
    "electron_contaminaton": false,
    "energy": "0.1-0.8nm"
}