{
  "time_tag": "2026-03-10T04:18:00Z",
  "satellite": 18,
  "flux": 4.974548915015475E-7,
  "observed_flux": 5.025461859986535E-7,
  "electron_correction": 5.091323362904632E-9,
  "electron_contaminaton": false,
  "energy": "0.1-0.8nm"
}
