{
  "time_tag": "2026-05-12T18:09:00Z",
  "satellite": 18,
  "flux": 7.303331699404225E-7,
  "observed_flux": 7.423373062920291E-7,
  "electron_correction": 1.2004158556067068E-8,
  "electron_contaminaton": false,
  "energy": "0.1-0.8nm"
}
