{
    "time_tag": "2026-04-28T11:49:00Z",
    "satellite": 18,
    "flux": 2.1287050913088024e-06,
    "observed_flux": 2.134586793545168e-06,
    "electron_correction": 5.881592102241484e-09,
    "electron_contaminaton": false,
    "energy": "0.1-0.8nm"
}