{
  "time_tag": "2026-01-07T03:43:00Z",
  "satellite": 18,
  "flux": 9.072453508451872E-7,
  "observed_flux": 9.310896871284058E-7,
  "electron_correction": 2.384436648128485E-8,
  "electron_contaminaton": false,
  "energy": "0.1-0.8nm"
}
