{
  "time_tag": "2026-02-03T12:43:00Z",
  "satellite": 18,
  "flux": 0.0000027766234325099504,
  "observed_flux": 0.0000027829823920910712,
  "electron_correction": 6.3588010412729545E-9,
  "electron_contaminaton": false,
  "energy": "0.1-0.8nm"
}
