{
  "time_tag": "2026-03-15T10:55:00Z",
  "satellite": 18,
  "flux": 6.044385258974216E-7,
  "observed_flux": 6.265129854909901E-7,
  "electron_correction": 2.2074479133493696E-8,
  "electron_contaminaton": false,
  "energy": "0.1-0.8nm"
}
