{
  "time_tag": "2026-05-11T22:32:00Z",
  "satellite": 18,
  "flux": 6.484436312348407E-7,
  "observed_flux": 6.651834496551601E-7,
  "electron_correction": 1.6739809538535155E-8,
  "electron_contaminaton": false,
  "energy": "0.1-0.8nm"
}
