{
  "time_tag": "2026-06-21T03:43:00Z",
  "satellite": 18,
  "flux": 0.0000029361608540057205,
  "observed_flux": 0.0000029487521260307403,
  "electron_correction": 1.2591371501002868E-8,
  "electron_contaminaton": false,
  "energy": "0.1-0.8nm"
}
