{
    "time_tag": "2026-05-27T22:41:00Z",
    "satellite": 19,
    "flux": 7.836926556592516e-07,
    "observed_flux": 8.125023214233806e-07,
    "electron_correction": 2.8809617802494358e-08,
    "electron_contaminaton": false,
    "energy": "0.1-0.8nm"
}