{
  "time_tag": "2026-05-24T21:31:00Z",
  "satellite": 18,
  "flux": 7.881873784754134E-7,
  "observed_flux": 8.013979595489218E-7,
  "electron_correction": 1.3210588178935723E-8,
  "electron_contaminaton": false,
  "energy": "0.1-0.8nm"
}
