{
  "time_tag": "2026-03-08T10:39:00Z",
  "satellite": 18,
  "flux": 5.948976991021482E-7,
  "observed_flux": 5.972378858132288E-7,
  "electron_correction": 2.340205362827419E-9,
  "electron_contaminaton": false,
  "energy": "0.1-0.8nm"
}
