{
  "time_tag": "2026-01-02T17:18:00Z",
  "satellite": 18,
  "flux": 0.000001273670591217524,
  "observed_flux": 0.0000013372219882512582,
  "electron_correction": 6.355146808800782E-8,
  "electron_contaminaton": false,
  "energy": "0.1-0.8nm"
}
