{
  "time_tag": "2026-04-21T16:08:00Z",
  "satellite": 18,
  "flux": 7.723946851001529E-7,
  "observed_flux": 8.394473525186186E-7,
  "electron_correction": 6.705263899675629E-8,
  "electron_contaminaton": false,
  "energy": "0.1-0.8nm"
}
