{
  "time_tag": "2025-12-29T05:20:00Z",
  "satellite": 18,
  "flux": 0.0000017277985762120807,
  "observed_flux": 0.000001743637881190807,
  "electron_correction": 1.583925168802125E-8,
  "electron_contaminaton": false,
  "energy": "0.1-0.8nm"
}
