{
    "time_tag": "2026-06-05T03:31:00Z",
    "satellite": 18,
    "flux": 9.58775785875332e-07,
    "observed_flux": 9.655364010541234e-07,
    "electron_correction": 6.760606741096353e-09,
    "electron_contaminaton": false,
    "energy": "0.1-0.8nm"
}