{
  "time_tag": "2026-03-29T01:52:00Z",
  "satellite": 18,
  "flux": 0.0000011088941391790286,
  "observed_flux": 0.0000011148821386086638,
  "electron_correction": 5.988103346510343E-9,
  "electron_contaminaton": false,
  "energy": "0.1-0.8nm"
}
