{
  "time_tag": "2026-06-04T16:57:00Z",
  "satellite": 18,
  "flux": 0.0000012643690752156544,
  "observed_flux": 0.000001273520638278569,
  "electron_correction": 9.151601254586694E-9,
  "electron_contaminaton": false,
  "energy": "0.1-0.8nm"
}
