{
  "time_tag": "2026-02-22T00:53:00Z",
  "satellite": 18,
  "flux": 3.942303408166481E-7,
  "observed_flux": 3.969691135807807E-7,
  "electron_correction": 2.738781867961393E-9,
  "electron_contaminaton": false,
  "energy": "0.1-0.8nm"
}
