{
  "time_tag": "2026-06-28T19:42:00Z",
  "satellite": 18,
  "flux": 0.0000016237365798588144,
  "observed_flux": 0.0000016675396636856021,
  "electron_correction": 4.3803154881061346E-8,
  "electron_contaminaton": false,
  "energy": "0.1-0.8nm"
}
