{
    "time_tag": "2026-05-09T23:05:00Z",
    "satellite": 18,
    "flux": 1.316569409937074e-06,
    "observed_flux": 1.3388854540608008e-06,
    "electron_correction": 2.2316010372946948e-08,
    "electron_contaminaton": false,
    "energy": "0.1-0.8nm"
}