{
  "time_tag": "2026-05-04T12:23:00Z",
  "satellite": 18,
  "flux": 9.023157190313214E-7,
  "observed_flux": 9.041132784659567E-7,
  "electron_correction": 1.7975362309741172E-9,
  "electron_contaminaton": false,
  "energy": "0.1-0.8nm"
}
