{
  "time_tag": "2026-03-21T18:44:00Z",
  "satellite": 18,
  "flux": 4.850116397392412E-7,
  "observed_flux": 5.014100565858826E-7,
  "electron_correction": 1.6398379543147712E-8,
  "electron_contaminaton": false,
  "energy": "0.1-0.8nm"
}
