{
  "time_tag": "2026-06-15T04:04:00Z",
  "satellite": 18,
  "flux": 7.257743845912046E-7,
  "observed_flux": 7.54396864977025E-7,
  "electron_correction": 2.8622494596675097E-8,
  "electron_contaminaton": false,
  "energy": "0.1-0.8nm"
}
