{
    "time_tag": "2026-06-28T16:39:00Z",
    "satellite": 18,
    "flux": 1.5660139069950674e-06,
    "observed_flux": 1.604953240530449e-06,
    "electron_correction": 3.893926248110802e-08,
    "electron_contaminaton": false,
    "energy": "0.1-0.8nm"
}