{
  "time_tag": "2026-02-09T20:08:00Z",
  "satellite": 18,
  "flux": 0.0000014476343039859785,
  "observed_flux": 0.0000014810657376074232,
  "electron_correction": 3.343149401757728E-8,
  "electron_contaminaton": false,
  "energy": "0.1-0.8nm"
}
