{
  "time_tag": "2026-06-23T18:53:00Z",
  "satellite": 18,
  "flux": 0.0000016743196056268062,
  "observed_flux": 0.0000016798327351352782,
  "electron_correction": 5.513097978138148E-9,
  "electron_contaminaton": false,
  "energy": "0.1-0.8nm"
}
