{
  "time_tag": "2026-03-22T08:05:00Z",
  "satellite": 18,
  "flux": 3.990482184690336E-7,
  "observed_flux": 4.290317008326383E-7,
  "electron_correction": 2.998348236360471E-8,
  "electron_contaminaton": false,
  "energy": "0.1-0.8nm"
}
