{
  "time_tag": "2025-12-26T06:19:00Z",
  "satellite": 18,
  "flux": 0.0000026713839815784013,
  "observed_flux": 0.000002687487722141668,
  "electron_correction": 1.6103722799698517E-8,
  "electron_contaminaton": false,
  "energy": "0.1-0.8nm"
}
