{
  "time_tag": "2026-02-13T02:33:00Z",
  "satellite": 18,
  "flux": 4.603343768394552E-7,
  "observed_flux": 4.6654906782350736E-7,
  "electron_correction": 6.2146843227139925E-9,
  "electron_contaminaton": false,
  "energy": "0.1-0.8nm"
}
