{
    "time_tag": "2026-06-20T17:27:00Z",
    "satellite": 18,
    "flux": 5.137306970937061e-07,
    "observed_flux": 5.356078531804087e-07,
    "electron_correction": 2.187712055956581e-08,
    "electron_contaminaton": false,
    "energy": "0.1-0.8nm"
}