{
  "time_tag": "2026-02-06T15:47:00Z",
  "satellite": 18,
  "flux": 0.0000014878374940963113,
  "observed_flux": 0.0000015490194300582516,
  "electron_correction": 6.118187911852146E-8,
  "electron_contaminaton": false,
  "energy": "0.1-0.8nm"
}
