{
  "time_tag": "2026-02-24T14:32:00Z",
  "satellite": 18,
  "flux": 0.000001931339056682191,
  "observed_flux": 0.000001977926331164781,
  "electron_correction": 4.6587192770175534E-8,
  "electron_contaminaton": false,
  "energy": "0.1-0.8nm"
}
