{
  "time_tag": "2026-03-26T04:55:00Z",
  "satellite": 18,
  "flux": 0.0000010821005389516358,
  "observed_flux": 0.0000011024870900655515,
  "electron_correction": 2.0386593746479775E-8,
  "electron_contaminaton": false,
  "energy": "0.1-0.8nm"
}
