{
  "time_tag": "2026-03-29T04:09:00Z",
  "satellite": 18,
  "flux": 0.0000010400202654636814,
  "observed_flux": 0.0000010420804983368726,
  "electron_correction": 2.0602364259048045E-9,
  "electron_contaminaton": false,
  "energy": "0.1-0.8nm"
}
