{
    "time_tag": "2026-06-21T00:13:00Z",
    "satellite": 18,
    "flux": 7.2044400667437e-07,
    "observed_flux": 7.479353598682792e-07,
    "electron_correction": 2.7491383391975432e-08,
    "electron_contaminaton": false,
    "energy": "0.1-0.8nm"
}