{
    "time_tag": "2026-06-18T17:01:00Z",
    "satellite": 18,
    "flux": 4.024911675060139e-07,
    "observed_flux": 4.1819430407485925e-07,
    "electron_correction": 1.5703149003343242e-08,
    "electron_contaminaton": false,
    "energy": "0.1-0.8nm"
}