{
  "time_tag": "2026-03-29T18:43:00Z",
  "satellite": 18,
  "flux": 0.0000010016653959610267,
  "observed_flux": 0.0000010161968475586036,
  "electron_correction": 1.4531473802037453E-8,
  "electron_contaminaton": false,
  "energy": "0.1-0.8nm"
}
