{
  "time_tag": "2025-12-10T21:23:00Z",
  "satellite": 18,
  "flux": 0.0000013457702152663842,
  "observed_flux": 0.0000013796876601190888,
  "electron_correction": 3.391743064184993E-8,
  "electron_contaminaton": false,
  "energy": "0.1-0.8nm"
}
