{
    "time_tag": "2026-06-06T09:51:00Z",
    "satellite": 18,
    "flux": 1.0437375976835028e-06,
    "observed_flux": 1.0633948477334343e-06,
    "electron_correction": 1.9657241168147266e-08,
    "electron_contaminaton": false,
    "energy": "0.1-0.8nm"
}