{
  "time_tag": "2026-02-18T16:02:00Z",
  "satellite": 18,
  "flux": 4.431515776559536E-7,
  "observed_flux": 4.98843178320385E-7,
  "electron_correction": 5.569162908614089E-8,
  "electron_contaminaton": false,
  "energy": "0.1-0.8nm"
}
