{
  "time_tag": "2026-03-18T00:55:00Z",
  "satellite": 18,
  "flux": 4.508139852532622E-7,
  "observed_flux": 4.907891479888349E-7,
  "electron_correction": 3.997517694642738E-8,
  "electron_contaminaton": false,
  "energy": "0.1-0.8nm"
}
