{
  "time_tag": "2026-05-30T17:19:00Z",
  "satellite": 18,
  "flux": 7.365121064140112E-7,
  "observed_flux": 7.762519658172096E-7,
  "electron_correction": 3.973984163962996E-8,
  "electron_contaminaton": false,
  "energy": "0.1-0.8nm"
}
