{
  "time_tag": "2026-02-21T15:36:00Z",
  "satellite": 18,
  "flux": 3.324626050016377E-7,
  "observed_flux": 3.4291147699150315E-7,
  "electron_correction": 1.044886666079492E-8,
  "electron_contaminaton": false,
  "energy": "0.1-0.8nm"
}
