{
  "time_tag": "2026-04-19T19:04:00Z",
  "satellite": 18,
  "flux": 4.0678065715837874E-7,
  "observed_flux": 4.804962827620329E-7,
  "electron_correction": 7.371563270908155E-8,
  "electron_contaminaton": false,
  "energy": "0.1-0.8nm"
}
