{
    "time_tag": "2026-06-20T20:49:00Z",
    "satellite": 18,
    "flux": 5.598735128842236e-07,
    "observed_flux": 5.874741759726021e-07,
    "electron_correction": 2.76006542065943e-08,
    "electron_contaminaton": false,
    "energy": "0.1-0.8nm"
}