{
  "time_tag": "2026-02-08T20:38:00Z",
  "satellite": 18,
  "flux": 0.0000025705533062136965,
  "observed_flux": 0.0000026154789338761475,
  "electron_correction": 4.492564187330572E-8,
  "electron_contaminaton": false,
  "energy": "0.1-0.8nm"
}
