{
    "time_tag": "2026-06-16T20:23:00Z",
    "satellite": 18,
    "flux": 4.594914742028777e-07,
    "observed_flux": 4.960907631357259e-07,
    "electron_correction": 3.659928893284814e-08,
    "electron_contaminaton": false,
    "energy": "0.1-0.8nm"
}