{
  "time_tag": "2025-12-16T23:19:00Z",
  "satellite": 18,
  "flux": 6.724084187226254E-7,
  "observed_flux": 7.102884183041169E-7,
  "electron_correction": 3.78799782652095E-8,
  "electron_contaminaton": false,
  "energy": "0.1-0.8nm"
}
