{
  "time_tag": "2026-03-13T22:52:00Z",
  "satellite": 18,
  "flux": 9.294195706388564E-7,
  "observed_flux": 9.730662213769392E-7,
  "electron_correction": 4.3646629421800753E-8,
  "electron_contaminaton": false,
  "energy": "0.1-0.8nm"
}
