{
    "time_tag": "2026-05-13T11:54:00Z",
    "satellite": 18,
    "flux": 6.424768344004406e-07,
    "observed_flux": 6.455664447457821e-07,
    "electron_correction": 3.0895943581299434e-09,
    "electron_contaminaton": false,
    "energy": "0.1-0.8nm"
}