{
    "time_tag": "2026-06-07T14:12:00Z",
    "satellite": 18,
    "flux": 1.1938758461838006e-06,
    "observed_flux": 1.230415591635392e-06,
    "electron_correction": 3.653973479345041e-08,
    "electron_contaminaton": false,
    "energy": "0.1-0.8nm"
}