{
    "time_tag": "2026-07-01T22:05:00Z",
    "satellite": 18,
    "flux": 4.920665560348425e-06,
    "observed_flux": 4.937207904731622e-06,
    "electron_correction": 1.654197312461747e-08,
    "electron_contaminaton": false,
    "energy": "0.1-0.8nm"
}