{
    "time_tag": "2026-04-28T05:45:00Z",
    "satellite": 18,
    "flux": 1.0152050435863202e-06,
    "observed_flux": 1.0207769491898944e-06,
    "electron_correction": 5.571972216955601e-09,
    "electron_contaminaton": false,
    "energy": "0.1-0.8nm"
}