{
  "time_tag": "2026-06-04T01:27:00Z",
  "satellite": 18,
  "flux": 9.208157507600845E-7,
  "observed_flux": 9.341534905615845E-7,
  "electron_correction": 1.3337732696072635E-8,
  "electron_contaminaton": false,
  "energy": "0.1-0.8nm"
}
