{
  "time_tag": "2026-02-28T07:07:00Z",
  "satellite": 18,
  "flux": 0.0000012780313909388497,
  "observed_flux": 0.0000012926268482260639,
  "electron_correction": 1.4595545216877781E-8,
  "electron_contaminaton": false,
  "energy": "0.1-0.8nm"
}
