{
    "time_tag": "2026-06-25T06:15:00Z",
    "satellite": 18,
    "flux": 1.0169164852413815e-06,
    "observed_flux": 1.0304077022738056e-06,
    "electron_correction": 1.3491277428556714e-08,
    "electron_contaminaton": false,
    "energy": "0.1-0.8nm"
}