{
  "time_tag": "2025-12-17T18:20:00Z",
  "satellite": 18,
  "flux": 7.40986820346734E-7,
  "observed_flux": 7.926536795821448E-7,
  "electron_correction": 5.166685923541081E-8,
  "electron_contaminaton": false,
  "energy": "0.1-0.8nm"
}
