{
    "time_tag": "2026-06-26T20:19:00Z",
    "satellite": 18,
    "flux": 2.191305611631833e-06,
    "observed_flux": 2.2651272502116626e-06,
    "electron_correction": 7.382165989611167e-08,
    "electron_contaminaton": false,
    "energy": "0.1-0.8nm"
}