{
  "time_tag": "2026-02-20T13:23:00Z",
  "satellite": 18,
  "flux": 3.842601472570095E-7,
  "observed_flux": 4.17472989511225E-7,
  "electron_correction": 3.321282449064711E-8,
  "electron_contaminaton": false,
  "energy": "0.1-0.8nm"
}
