{
  "time_tag": "2026-03-20T01:53:00Z",
  "satellite": 18,
  "flux": 2.7237726385465066E-7,
  "observed_flux": 2.884751495457749E-7,
  "electron_correction": 1.609790523104948E-8,
  "electron_contaminaton": false,
  "energy": "0.1-0.8nm"
}
