{
    "time_tag": "2026-05-03T11:44:00Z",
    "satellite": 18,
    "flux": 1.1040041272281087e-06,
    "observed_flux": 1.1224739182580379e-06,
    "electron_correction": 1.8469776819074468e-08,
    "electron_contaminaton": false,
    "energy": "0.1-0.8nm"
}