{
  "time_tag": "2026-02-20T11:53:00Z",
  "satellite": 18,
  "flux": 3.9430705101040076E-7,
  "observed_flux": 4.2847102577070473E-7,
  "electron_correction": 3.416394989130822E-8,
  "electron_contaminaton": false,
  "energy": "0.1-0.8nm"
}
