{
  "time_tag": "2026-05-04T15:23:00Z",
  "satellite": 18,
  "flux": 8.814083116703841E-7,
  "observed_flux": 8.870043757269741E-7,
  "electron_correction": 5.596089369674928E-9,
  "electron_contaminaton": false,
  "energy": "0.1-0.8nm"
}
