{
  "time_tag": "2026-05-27T06:40:00Z",
  "satellite": 18,
  "flux": 8.456326554551197E-7,
  "observed_flux": 8.519816674379399E-7,
  "electron_correction": 6.348974679326602E-9,
  "electron_contaminaton": false,
  "energy": "0.1-0.8nm"
}
