{
  "time_tag": "2026-01-23T23:19:00Z",
  "satellite": 18,
  "flux": 0.000005842801783728646,
  "observed_flux": 0.0000058991313380829524,
  "electron_correction": 5.632919908293843E-8,
  "electron_contaminaton": false,
  "energy": "0.1-0.8nm"
}
