{
    "time_tag": "2026-05-10T21:03:00Z",
    "satellite": 18,
    "flux": 1.0059043233923148e-06,
    "observed_flux": 1.0271489827573532e-06,
    "electron_correction": 2.124473930109616e-08,
    "electron_contaminaton": false,
    "energy": "0.1-0.8nm"
}