{
  "time_tag": "2026-04-28T21:44:00Z",
  "satellite": 18,
  "flux": 9.743653208715841E-7,
  "observed_flux": 9.866246273304569E-7,
  "electron_correction": 1.2259301129802225E-8,
  "electron_contaminaton": false,
  "energy": "0.1-0.8nm"
}
