{
  "time_tag": "2026-03-29T21:28:00Z",
  "satellite": 18,
  "flux": 0.000001142729161074385,
  "observed_flux": 0.0000011615946959864232,
  "electron_correction": 1.8865536688394968E-8,
  "electron_contaminaton": false,
  "energy": "0.1-0.8nm"
}
