{
    "time_tag": "2026-05-05T12:43:00Z",
    "satellite": 18,
    "flux": 8.298027864839241e-07,
    "observed_flux": 8.654085945636325e-07,
    "electron_correction": 3.5605843606845156e-08,
    "electron_contaminaton": false,
    "energy": "0.1-0.8nm"
}