{
  "time_tag": "2026-02-24T09:17:00Z",
  "satellite": 18,
  "flux": 9.12681002773752E-7,
  "observed_flux": 9.280241783926613E-7,
  "electron_correction": 1.53431756189093E-8,
  "electron_contaminaton": false,
  "energy": "0.1-0.8nm"
}
