{
  "time_tag": "2026-03-28T07:43:00Z",
  "satellite": 18,
  "flux": 0.000003897217538906261,
  "observed_flux": 0.000003910890427505365,
  "electron_correction": 1.367287971731912E-8,
  "electron_contaminaton": false,
  "energy": "0.1-0.8nm"
}
