{
  "time_tag": "2026-03-13T22:39:00Z",
  "satellite": 18,
  "flux": 0.0000013723833944823127,
  "observed_flux": 0.0000014247477793105645,
  "electron_correction": 5.236443811895697E-8,
  "electron_contaminaton": false,
  "energy": "0.1-0.8nm"
}
