{
  "time_tag": "2026-02-23T07:47:00Z",
  "satellite": 18,
  "flux": 3.108107478055899E-7,
  "observed_flux": 3.235375061194645E-7,
  "electron_correction": 1.2726769860194054E-8,
  "electron_contaminaton": false,
  "energy": "0.1-0.8nm"
}
