{
    "time_tag": "2026-06-27T20:06:00Z",
    "satellite": 18,
    "flux": 4.119050117878942e-06,
    "observed_flux": 4.176538368483307e-06,
    "electron_correction": 5.748810849581787e-08,
    "electron_contaminaton": false,
    "energy": "0.1-0.8nm"
}