{
    "time_tag": "2026-06-24T23:44:00Z",
    "satellite": 18,
    "flux": 1.516871520834684e-06,
    "observed_flux": 1.5219914075714769e-06,
    "electron_correction": 5.119859647351177e-09,
    "electron_contaminaton": false,
    "energy": "0.1-0.8nm"
}