{
    "time_tag": "2026-05-14T01:29:00Z",
    "satellite": 18,
    "flux": 7.281620924004528e-07,
    "observed_flux": 7.313357173188706e-07,
    "electron_correction": 3.1736631100898194e-09,
    "electron_contaminaton": false,
    "energy": "0.1-0.8nm"
}