{
  "time_tag": "2026-02-18T23:38:00Z",
  "satellite": 18,
  "flux": 4.3701064100787335E-7,
  "observed_flux": 4.905196533400158E-7,
  "electron_correction": 5.3509022990283484E-8,
  "electron_contaminaton": false,
  "energy": "0.1-0.8nm"
}
