{
    "time_tag": "2026-06-04T22:10:00Z",
    "satellite": 18,
    "flux": 1.1418871963542188e-06,
    "observed_flux": 1.153718699242745e-06,
    "electron_correction": 1.1831553514696225e-08,
    "electron_contaminaton": false,
    "energy": "0.1-0.8nm"
}