{
  "time_tag": "2026-02-21T01:32:00Z",
  "satellite": 18,
  "flux": 3.2517380077479174E-7,
  "observed_flux": 3.279334066519368E-7,
  "electron_correction": 2.759609207814151E-9,
  "electron_contaminaton": false,
  "energy": "0.1-0.8nm"
}
