{
  "time_tag": "2026-03-09T06:35:00Z",
  "satellite": 18,
  "flux": 0.0000013761319905825076,
  "observed_flux": 0.0000013915063163949526,
  "electron_correction": 1.537427607445352E-8,
  "electron_contaminaton": false,
  "energy": "0.1-0.8nm"
}
