{
  "time_tag": "2026-02-12T09:12:00Z",
  "satellite": 18,
  "flux": 6.493860951195529E-7,
  "observed_flux": 6.526095717163116E-7,
  "electron_correction": 3.223515010475353E-9,
  "electron_contaminaton": false,
  "energy": "0.1-0.8nm"
}
