{
  "time_tag": "2026-06-03T19:09:00Z",
  "satellite": 18,
  "flux": 9.609344715499901E-7,
  "observed_flux": 0.0000010091132480738452,
  "electron_correction": 4.817878007656873E-8,
  "electron_contaminaton": false,
  "energy": "0.1-0.8nm"
}
