{
  "time_tag": "2026-03-14T16:56:00Z",
  "satellite": 18,
  "flux": 0.00000106391200915823,
  "observed_flux": 0.000001132832835537556,
  "electron_correction": 6.892083348475353E-8,
  "electron_contaminaton": false,
  "energy": "0.1-0.8nm"
}
