{
  "time_tag": "2026-05-16T17:17:00Z",
  "satellite": 18,
  "flux": 0.0000034696879538387293,
  "observed_flux": 0.000003655152113424265,
  "electron_correction": 1.854643301157921E-7,
  "electron_contaminaton": false,
  "energy": "0.1-0.8nm"
}
