{
  "time_tag": "2026-04-26T14:11:00Z",
  "satellite": 18,
  "flux": 0.000004689880370278843,
  "observed_flux": 0.000004697948952525621,
  "electron_correction": 8.068420598306147E-9,
  "electron_contaminaton": false,
  "energy": "0.1-0.8nm"
}
