{
  "time_tag": "2026-02-28T21:21:00Z",
  "satellite": 18,
  "flux": 0.0000010468899063198478,
  "observed_flux": 0.0000011405531950003933,
  "electron_correction": 9.366337394567381E-8,
  "electron_contaminaton": false,
  "energy": "0.1-0.8nm"
}
