{
  "time_tag": "2026-01-30T10:24:00Z",
  "satellite": 18,
  "flux": 0.0000010780311185953906,
  "observed_flux": 0.000001123892161558615,
  "electron_correction": 4.586105006865182E-8,
  "electron_contaminaton": false,
  "energy": "0.1-0.8nm"
}
