{
    "time_tag": "2026-06-03T10:38:00Z",
    "satellite": 18,
    "flux": 1.1040390290872892e-06,
    "observed_flux": 1.1174613518960541e-06,
    "electron_correction": 1.3422340572333269e-08,
    "electron_contaminaton": false,
    "energy": "0.1-0.8nm"
}