{
  "time_tag": "2026-03-23T01:40:00Z",
  "satellite": 18,
  "flux": 0.000001146360887105402,
  "observed_flux": 0.0000012179947361801169,
  "electron_correction": 7.163384907471482E-8,
  "electron_contaminaton": false,
  "energy": "0.1-0.8nm"
}
