{
  "time_tag": "2026-04-23T10:03:00Z",
  "satellite": 18,
  "flux": 0.0000015997707123460714,
  "observed_flux": 0.0000016210643707381678,
  "electron_correction": 2.129370102466055E-8,
  "electron_contaminaton": false,
  "energy": "0.1-0.8nm"
}
