{
  "time_tag": "2026-03-07T11:21:00Z",
  "satellite": 18,
  "flux": 6.876838369862526E-7,
  "observed_flux": 6.877300506857864E-7,
  "electron_correction": 4.6216877547244906E-11,
  "electron_contaminaton": false,
  "energy": "0.1-0.8nm"
}
