{
    "time_tag": "2026-05-02T00:25:00Z",
    "satellite": 18,
    "flux": 9.443282351639937e-07,
    "observed_flux": 9.88697479442635e-07,
    "electron_correction": 4.4369194540649914e-08,
    "electron_contaminaton": false,
    "energy": "0.1-0.8nm"
}