{
  "time_tag": "2026-04-27T21:17:00Z",
  "satellite": 18,
  "flux": 8.600245564593934E-7,
  "observed_flux": 8.724675808480242E-7,
  "electron_correction": 1.2443015506846677E-8,
  "electron_contaminaton": false,
  "energy": "0.1-0.8nm"
}
