{
  "time_tag": "2026-06-14T04:04:00Z",
  "satellite": 18,
  "flux": 4.936115942655306E-7,
  "observed_flux": 5.175982664695766E-7,
  "electron_correction": 2.3986649111407132E-8,
  "electron_contaminaton": false,
  "energy": "0.1-0.8nm"
}
