{
    "time_tag": "2026-05-11T20:45:00Z",
    "satellite": 18,
    "flux": 6.185796337376814e-07,
    "observed_flux": 6.357636266329791e-07,
    "electron_correction": 1.7184024869720815e-08,
    "electron_contaminaton": false,
    "energy": "0.1-0.8nm"
}