{
  "time_tag": "2026-02-02T01:53:00Z",
  "satellite": 18,
  "flux": 0.000018734161130851135,
  "observed_flux": 0.0000187598434422398,
  "electron_correction": 2.568230250687975E-8,
  "electron_contaminaton": false,
  "energy": "0.1-0.8nm"
}
