{
  "time_tag": "2026-02-19T08:13:00Z",
  "satellite": 18,
  "flux": 5.314226996233629E-7,
  "observed_flux": 5.339414883565041E-7,
  "electron_correction": 2.5188082730664973E-9,
  "electron_contaminaton": false,
  "energy": "0.1-0.8nm"
}
