{
  "time_tag": "2026-03-06T01:32:00Z",
  "satellite": 18,
  "flux": 7.035660019028001E-7,
  "observed_flux": 7.204553753581422E-7,
  "electron_correction": 1.688934325727587E-8,
  "electron_contaminaton": false,
  "energy": "0.1-0.8nm"
}
