{
  "time_tag": "2026-02-23T23:51:00Z",
  "satellite": 18,
  "flux": 5.28563987245434E-7,
  "observed_flux": 6.275681130318844E-7,
  "electron_correction": 9.900407604845896E-8,
  "electron_contaminaton": false,
  "energy": "0.1-0.8nm"
}
