{
  "time_tag": "2026-02-10T05:55:00Z",
  "satellite": 18,
  "flux": 0.000002121029638146865,
  "observed_flux": 0.0000021500156890397193,
  "electron_correction": 2.8986006483933124E-8,
  "electron_contaminaton": false,
  "energy": "0.1-0.8nm"
}
