{
    "time_tag": "2026-05-10T15:26:00Z",
    "satellite": 18,
    "flux": 3.117998176094261e-06,
    "observed_flux": 3.1344786748377373e-06,
    "electron_correction": 1.6480388609352303e-08,
    "electron_contaminaton": false,
    "energy": "0.1-0.8nm"
}