{
  "time_tag": "2026-05-06T07:34:00Z",
  "satellite": 18,
  "flux": 5.850210413882451E-7,
  "observed_flux": 6.131995178293437E-7,
  "electron_correction": 2.817850131009436E-8,
  "electron_contaminaton": false,
  "energy": "0.1-0.8nm"
}
