{
    "time_tag": "2026-06-30T03:20:00Z",
    "satellite": 18,
    "flux": 3.2437185382150346e-06,
    "observed_flux": 3.267067995693651e-06,
    "electron_correction": 2.3349649325155042e-08,
    "electron_contaminaton": false,
    "energy": "0.1-0.8nm"
}