{
  "time_tag": "2026-01-01T16:18:00Z",
  "satellite": 18,
  "flux": 0.000001353534003101231,
  "observed_flux": 0.0000013806001106786425,
  "electron_correction": 2.7066052510349436E-8,
  "electron_contaminaton": false,
  "energy": "0.1-0.8nm"
}
