{
  "time_tag": "2026-04-20T12:39:00Z",
  "satellite": 18,
  "flux": 4.1240198811465234E-7,
  "observed_flux": 4.1241733583774476E-7,
  "electron_correction": 1.5362293034892893E-11,
  "electron_contaminaton": false,
  "energy": "0.1-0.8nm"
}
