{
  "time_tag": "2026-02-08T01:04:00Z",
  "satellite": 18,
  "flux": 0.0000025639317300374387,
  "observed_flux": 0.000002605639565445017,
  "electron_correction": 4.170787448742885E-8,
  "electron_contaminaton": false,
  "energy": "0.1-0.8nm"
}
