{
    "time_tag": "2026-06-07T10:59:00Z",
    "satellite": 18,
    "flux": 8.817997922960785e-07,
    "observed_flux": 9.132539844358689e-07,
    "electron_correction": 3.1454160165367284e-08,
    "electron_contaminaton": false,
    "energy": "0.1-0.8nm"
}