{
  "time_tag": "2026-03-05T08:47:00Z",
  "satellite": 18,
  "flux": 6.680811566184275E-7,
  "observed_flux": 6.745519272044476E-7,
  "electron_correction": 6.4707763591798084E-9,
  "electron_contaminaton": false,
  "energy": "0.1-0.8nm"
}
