{
  "time_tag": "2026-05-23T01:15:00Z",
  "satellite": 18,
  "flux": 7.689426979595737E-7,
  "observed_flux": 7.969700845933403E-7,
  "electron_correction": 2.8027384857409743E-8,
  "electron_contaminaton": false,
  "energy": "0.1-0.8nm"
}
