{
  "time_tag": "2026-06-05T20:20:00Z",
  "satellite": 18,
  "flux": 0.0000010870923006223165,
  "observed_flux": 0.0000011150242471558158,
  "electron_correction": 2.7931957191640322E-8,
  "electron_contaminaton": false,
  "energy": "0.1-0.8nm"
}
