{
  "time_tag": "2026-04-24T16:30:00Z",
  "satellite": 18,
  "flux": 0.0000019497531411616364,
  "observed_flux": 0.0000019878787043126067,
  "electron_correction": 3.8125591572679696E-8,
  "electron_contaminaton": false,
  "energy": "0.1-0.8nm"
}
