{
  "time_tag": "2026-06-27T22:02:00Z",
  "satellite": 18,
  "flux": 0.000003841099896817468,
  "observed_flux": 0.00000389227670893888,
  "electron_correction": 5.117653856245852E-8,
  "electron_contaminaton": false,
  "energy": "0.1-0.8nm"
}
