{
  "time_tag": "2026-02-23T20:26:00Z",
  "satellite": 18,
  "flux": 4.384947942526196E-7,
  "observed_flux": 5.229285875429923E-7,
  "electron_correction": 8.443382171208214E-8,
  "electron_contaminaton": false,
  "energy": "0.1-0.8nm"
}
