{
  "time_tag": "2026-03-03T10:29:00Z",
  "satellite": 18,
  "flux": 7.663299470550555E-7,
  "observed_flux": 7.667435966141056E-7,
  "electron_correction": 4.136395947984539E-10,
  "electron_contaminaton": false,
  "energy": "0.1-0.8nm"
}
