{
    "time_tag": "2026-05-09T01:02:00Z",
    "satellite": 18,
    "flux": 6.750989314241451e-07,
    "observed_flux": 7.078462544996e-07,
    "electron_correction": 3.274734439173699e-08,
    "electron_contaminaton": false,
    "energy": "0.1-0.8nm"
}