{
  "time_tag": "2026-05-02T07:32:00Z",
  "satellite": 18,
  "flux": 9.606698085917742E-7,
  "observed_flux": 9.840562142926501E-7,
  "electron_correction": 2.338641102994643E-8,
  "electron_contaminaton": false,
  "energy": "0.1-0.8nm"
}
