{
  "time_tag": "2026-01-09T12:20:00Z",
  "satellite": 18,
  "flux": 7.337472425206215E-7,
  "observed_flux": 7.356995865848148E-7,
  "electron_correction": 1.952308537056524E-9,
  "electron_contaminaton": false,
  "energy": "0.1-0.8nm"
}
