{
  "time_tag": "2026-05-24T20:30:00Z",
  "satellite": 18,
  "flux": 8.0607998143023E-7,
  "observed_flux": 8.236572170972067E-7,
  "electron_correction": 1.7577235666976776E-8,
  "electron_contaminaton": false,
  "energy": "0.1-0.8nm"
}
