{
  "time_tag": "2026-03-17T07:34:00Z",
  "satellite": 18,
  "flux": 5.045464490649465E-7,
  "observed_flux": 5.219978902459843E-7,
  "electron_correction": 1.74514092066147E-8,
  "electron_contaminaton": false,
  "energy": "0.1-0.8nm"
}
