{
  "time_tag": "2025-12-16T03:38:00Z",
  "satellite": 18,
  "flux": 4.955289796271245E-7,
  "observed_flux": 5.144946726431954E-7,
  "electron_correction": 1.8965689463357194E-8,
  "electron_contaminaton": false,
  "energy": "0.1-0.8nm"
}
