{
  "time_tag": "2026-02-12T23:22:00Z",
  "satellite": 18,
  "flux": 4.6154656274666195E-7,
  "observed_flux": 5.02079217312712E-7,
  "electron_correction": 4.053263324976797E-8,
  "electron_contaminaton": false,
  "energy": "0.1-0.8nm"
}
