{
  "time_tag": "2026-02-03T20:23:00Z",
  "satellite": 18,
  "flux": 0.000005341842552297749,
  "observed_flux": 0.000005358625003282214,
  "electron_correction": 1.6782351508481952E-8,
  "electron_contaminaton": false,
  "energy": "0.1-0.8nm"
}
