{
    "time_tag": "2026-06-14T21:03:00Z",
    "satellite": 18,
    "flux": 5.154048494659946e-07,
    "observed_flux": 5.62090860967146e-07,
    "electron_correction": 4.668600794843769e-08,
    "electron_contaminaton": false,
    "energy": "0.1-0.8nm"
}