{
  "time_tag": "2026-01-12T19:19:00Z",
  "satellite": 18,
  "flux": 8.219392384489765E-7,
  "observed_flux": 9.029213856592833E-7,
  "electron_correction": 8.098212589402465E-8,
  "electron_contaminaton": false,
  "energy": "0.1-0.8nm"
}
