{
  "time_tag": "2026-04-26T11:11:00Z",
  "satellite": 18,
  "flux": 0.000001939993353516911,
  "observed_flux": 0.000001944080167959328,
  "electron_correction": 4.0867802475474946E-9,
  "electron_contaminaton": false,
  "energy": "0.1-0.8nm"
}
