{
  "time_tag": "2026-02-25T06:06:00Z",
  "satellite": 18,
  "flux": 0.0000016909389159991406,
  "observed_flux": 0.0000017152069631265476,
  "electron_correction": 2.4268098641755387E-8,
  "electron_contaminaton": false,
  "energy": "0.1-0.8nm"
}
