{
  "time_tag": "2025-12-25T22:18:00Z",
  "satellite": 18,
  "flux": 0.000001643406790208246,
  "observed_flux": 0.000001693576109573769,
  "electron_correction": 5.016935489265961E-8,
  "electron_contaminaton": false,
  "energy": "0.1-0.8nm"
}
