{
    "time_tag": "2026-05-23T01:54:00Z",
    "satellite": 18,
    "flux": 9.022070912578783e-07,
    "observed_flux": 9.287867897000979e-07,
    "electron_correction": 2.657973929842683e-08,
    "electron_contaminaton": false,
    "energy": "0.1-0.8nm"
}