{
  "time_tag": "2026-03-23T19:31:00Z",
  "satellite": 18,
  "flux": 8.307625876113889E-7,
  "observed_flux": 9.672095302448724E-7,
  "electron_correction": 1.3644695684433827E-7,
  "electron_contaminaton": false,
  "energy": "0.1-0.8nm"
}
