{
  "time_tag": "2026-01-18T23:17:00Z",
  "satellite": 18,
  "flux": 0.000006747511179128196,
  "observed_flux": 0.00000681582787365187,
  "electron_correction": 6.831680821051123E-8,
  "electron_contaminaton": false,
  "energy": "0.1-0.8nm"
}
