{
    "time_tag": "2026-06-17T23:53:00Z",
    "satellite": 18,
    "flux": 4.101474075923761e-07,
    "observed_flux": 4.236769655108219e-07,
    "electron_correction": 1.3529573905657344e-08,
    "electron_contaminaton": false,
    "energy": "0.1-0.8nm"
}