{
  "time_tag": "2026-01-26T17:20:00Z",
  "satellite": 18,
  "flux": 0.0000010338068250348442,
  "observed_flux": 0.0000010637781997502316,
  "electron_correction": 2.997133563553689E-8,
  "electron_contaminaton": false,
  "energy": "0.1-0.8nm"
}
