{
  "time_tag": "2026-02-19T04:01:00Z",
  "satellite": 18,
  "flux": 3.9657308548157744E-7,
  "observed_flux": 4.139686780035845E-7,
  "electron_correction": 1.7395590745650225E-8,
  "electron_contaminaton": false,
  "energy": "0.1-0.8nm"
}
