{
  "time_tag": "2026-05-24T15:36:00Z",
  "satellite": 18,
  "flux": 7.90846911513654E-7,
  "observed_flux": 8.04053172487329E-7,
  "electron_correction": 1.3206265414567042E-8,
  "electron_contaminaton": false,
  "energy": "0.1-0.8nm"
}
