{
    "time_tag": "2026-05-20T19:24:00Z",
    "satellite": 18,
    "flux": 6.358708333209506e-07,
    "observed_flux": 7.027575179563428e-07,
    "electron_correction": 6.688668463539216e-08,
    "electron_contaminaton": false,
    "energy": "0.1-0.8nm"
}