{
  "time_tag": "2025-12-09T20:22:00Z",
  "satellite": 18,
  "flux": 0.0000019450844774837606,
  "observed_flux": 0.000001967033085747971,
  "electron_correction": 2.1948459050236124E-8,
  "electron_contaminaton": false,
  "energy": "0.1-0.8nm"
}
