{
    "time_tag": "2026-05-14T13:43:00Z",
    "satellite": 18,
    "flux": 9.930499800248072e-07,
    "observed_flux": 1.000821498564619e-06,
    "electron_correction": 7.771476795426224e-09,
    "electron_contaminaton": false,
    "energy": "0.1-0.8nm"
}