{
  "time_tag": "2026-02-08T04:52:00Z",
  "satellite": 18,
  "flux": 0.0000030463577331829583,
  "observed_flux": 0.0000030779103781242156,
  "electron_correction": 3.155268402110778E-8,
  "electron_contaminaton": false,
  "energy": "0.1-0.8nm"
}
