{
  "time_tag": "2026-02-07T10:20:00Z",
  "satellite": 18,
  "flux": 0.0000017300070567216608,
  "observed_flux": 0.0000017460370145272464,
  "electron_correction": 1.6029945371087706E-8,
  "electron_contaminaton": false,
  "energy": "0.1-0.8nm"
}
