{
  "time_tag": "2026-06-04T11:18:00Z",
  "satellite": 18,
  "flux": 0.0000011946808626817074,
  "observed_flux": 0.000001198123300127918,
  "electron_correction": 3.442418128329905E-9,
  "electron_contaminaton": false,
  "energy": "0.1-0.8nm"
}
