{
  "time_tag": "2026-04-25T00:08:00Z",
  "satellite": 18,
  "flux": 0.000001547358806419652,
  "observed_flux": 0.0000015538746538368287,
  "electron_correction": 6.515886941116378E-9,
  "electron_contaminaton": false,
  "energy": "0.1-0.8nm"
}
