{
  "time_tag": "2026-02-04T10:09:00Z",
  "satellite": 18,
  "flux": 0.000005485544079419924,
  "observed_flux": 0.0000054913975873205345,
  "electron_correction": 5.853787676812772E-9,
  "electron_contaminaton": false,
  "energy": "0.1-0.8nm"
}
