{
  "time_tag": "2026-03-06T21:52:00Z",
  "satellite": 18,
  "flux": 7.181560590652225E-7,
  "observed_flux": 7.327330990847258E-7,
  "electron_correction": 1.4577025808648614E-8,
  "electron_contaminaton": false,
  "energy": "0.1-0.8nm"
}
