{
  "time_tag": "2026-05-31T20:35:00Z",
  "satellite": 18,
  "flux": 8.520642609255447E-7,
  "observed_flux": 9.066080792763387E-7,
  "electron_correction": 5.454377571822988E-8,
  "electron_contaminaton": false,
  "energy": "0.1-0.8nm"
}
