{
    "time_tag": "2026-05-13T14:39:00Z",
    "satellite": 18,
    "flux": 4.986330850442755e-07,
    "observed_flux": 5.027197857998544e-07,
    "electron_correction": 4.08670475238182e-09,
    "electron_contaminaton": false,
    "energy": "0.1-0.8nm"
}