{
  "time_tag": "2026-04-22T10:48:00Z",
  "satellite": 18,
  "flux": 8.306271297442436E-7,
  "observed_flux": 8.496928103340906E-7,
  "electron_correction": 1.9065700129772267E-8,
  "electron_contaminaton": false,
  "energy": "0.1-0.8nm"
}
