{
  "time_tag": "2026-02-02T16:24:00Z",
  "satellite": 18,
  "flux": 0.000009999555004469585,
  "observed_flux": 0.000010018155990110245,
  "electron_correction": 1.8600708528992982E-8,
  "electron_contaminaton": false,
  "energy": "0.1-0.8nm"
}
