{
    "time_tag": "2026-05-10T13:00:00Z",
    "satellite": 18,
    "flux": 8.247480991485645e-07,
    "observed_flux": 8.375599236387643e-07,
    "electron_correction": 1.281187245183446e-08,
    "electron_contaminaton": false,
    "energy": "0.1-0.8nm"
}