{
  "time_tag": "2026-03-14T00:48:00Z",
  "satellite": 18,
  "flux": 6.982666604926635E-7,
  "observed_flux": 6.986314815549122E-7,
  "electron_correction": 3.648186475135873E-10,
  "electron_contaminaton": false,
  "energy": "0.1-0.8nm"
}
