{
  "time_tag": "2026-01-20T16:21:00Z",
  "satellite": 18,
  "flux": 0.000002230653535661986,
  "observed_flux": 0.000002235664396721404,
  "electron_correction": 5.010868164845306E-9,
  "electron_contaminaton": false,
  "energy": "0.1-0.8nm"
}
