{
  "time_tag": "2025-12-12T02:48:00Z",
  "satellite": 18,
  "flux": 0.0000014635943443863653,
  "observed_flux": 0.000001475172894060961,
  "electron_correction": 1.1578494607533685E-8,
  "electron_contaminaton": false,
  "energy": "0.1-0.8nm"
}
