{
  "time_tag": "2026-02-28T20:49:00Z",
  "satellite": 18,
  "flux": 9.804127785173478E-7,
  "observed_flux": 0.000001036117168951023,
  "electron_correction": 5.570440109181618E-8,
  "electron_contaminaton": false,
  "energy": "0.1-0.8nm"
}
