{
    "time_tag": "2026-05-29T18:43:00Z",
    "satellite": 18,
    "flux": 7.846624612284359e-07,
    "observed_flux": 8.327016871589876e-07,
    "electron_correction": 4.803924369412016e-08,
    "electron_contaminaton": false,
    "energy": "0.1-0.8nm"
}