{
  "time_tag": "2026-05-04T01:09:00Z",
  "satellite": 18,
  "flux": 8.575684660172556E-7,
  "observed_flux": 8.861302944751515E-7,
  "electron_correction": 2.8561835563323257E-8,
  "electron_contaminaton": false,
  "energy": "0.1-0.8nm"
}
