{
  "time_tag": "2026-03-11T10:29:00Z",
  "satellite": 18,
  "flux": 6.593458579118305E-7,
  "observed_flux": 6.85648274156847E-7,
  "electron_correction": 2.6302402034161787E-8,
  "electron_contaminaton": false,
  "energy": "0.1-0.8nm"
}
