{
  "time_tag": "2026-04-18T20:04:00Z",
  "satellite": 18,
  "flux": 3.349904886817967E-7,
  "observed_flux": 3.7429518329190614E-7,
  "electron_correction": 3.9304701715536794E-8,
  "electron_contaminaton": false,
  "energy": "0.1-0.8nm"
}
