{
  "time_tag": "2026-03-13T07:54:00Z",
  "satellite": 18,
  "flux": 0.000001543407734061475,
  "observed_flux": 0.0000015450136743311305,
  "electron_correction": 1.6058865348611562E-9,
  "electron_contaminaton": false,
  "energy": "0.1-0.8nm"
}
