{
  "time_tag": "2026-03-09T07:33:00Z",
  "satellite": 18,
  "flux": 8.423049280281703E-7,
  "observed_flux": 8.524931445208495E-7,
  "electron_correction": 1.0188236032604436E-8,
  "electron_contaminaton": false,
  "energy": "0.1-0.8nm"
}
