{
  "time_tag": "2026-03-29T10:29:00Z",
  "satellite": 18,
  "flux": 0.0000010339369964640355,
  "observed_flux": 0.0000010384545703345793,
  "electron_correction": 4.51759207820146E-9,
  "electron_contaminaton": false,
  "energy": "0.1-0.8nm"
}
