{
    "time_tag": "2026-06-27T21:01:00Z",
    "satellite": 18,
    "flux": 7.42001247999724e-06,
    "observed_flux": 7.47260401112726e-06,
    "electron_correction": 5.259153823544693e-08,
    "electron_contaminaton": false,
    "energy": "0.1-0.8nm"
}