{
  "time_tag": "2026-02-08T19:46:00Z",
  "satellite": 18,
  "flux": 0.000003071805394938565,
  "observed_flux": 0.0000031161264359980123,
  "electron_correction": 4.4321062375729525E-8,
  "electron_contaminaton": false,
  "energy": "0.1-0.8nm"
}
