{
  "time_tag": "2026-05-16T15:43:00Z",
  "satellite": 18,
  "flux": 6.387207349689561E-7,
  "observed_flux": 7.101240271367715E-7,
  "electron_correction": 7.140324953525123E-8,
  "electron_contaminaton": false,
  "energy": "0.1-0.8nm"
}
