{
  "time_tag": "2026-01-09T01:48:00Z",
  "satellite": 18,
  "flux": 7.827568424545461E-7,
  "observed_flux": 7.879402232902066E-7,
  "electron_correction": 5.183365292538156E-9,
  "electron_contaminaton": false,
  "energy": "0.1-0.8nm"
}
