{
  "time_tag": "2025-12-24T16:19:00Z",
  "satellite": 18,
  "flux": 0.0000015743169115012279,
  "observed_flux": 0.000001623166667741316,
  "electron_correction": 4.884986282149839E-8,
  "electron_contaminaton": false,
  "energy": "0.1-0.8nm"
}
