{
  "time_tag": "2026-04-22T17:02:00Z",
  "satellite": 18,
  "flux": 7.921319706838403E-7,
  "observed_flux": 8.386377885472029E-7,
  "electron_correction": 4.650577878351214E-8,
  "electron_contaminaton": false,
  "energy": "0.1-0.8nm"
}
