{
  "time_tag": "2025-12-17T04:20:00Z",
  "satellite": 18,
  "flux": 9.011811812342785E-7,
  "observed_flux": 9.220079846272711E-7,
  "electron_correction": 2.082685313098409E-8,
  "electron_contaminaton": false,
  "energy": "0.1-0.8nm"
}
