{
  "time_tag": "2026-01-02T16:19:00Z",
  "satellite": 18,
  "flux": 0.0000013607319715447375,
  "observed_flux": 0.0000014295087567006703,
  "electron_correction": 6.877672831251402E-8,
  "electron_contaminaton": false,
  "energy": "0.1-0.8nm"
}
