{
    "time_tag": "2026-05-09T18:29:00Z",
    "satellite": 18,
    "flux": 7.893035558481643e-07,
    "observed_flux": 8.17619593362906e-07,
    "electron_correction": 2.8316035738384926e-08,
    "electron_contaminaton": false,
    "energy": "0.1-0.8nm"
}