{
  "time_tag": "2026-01-01T10:18:00Z",
  "satellite": 18,
  "flux": 0.0000012797851240975433,
  "observed_flux": 0.0000012808901601601974,
  "electron_correction": 1.1049892112424686E-9,
  "electron_contaminaton": false,
  "energy": "0.1-0.8nm"
}
