{
    "time_tag": "2026-05-30T14:51:00Z",
    "satellite": 18,
    "flux": 1.0324666845917818e-06,
    "observed_flux": 1.0522888942432473e-06,
    "electron_correction": 1.9822275376668586e-08,
    "electron_contaminaton": false,
    "energy": "0.1-0.8nm"
}