{
    "time_tag": "2026-06-26T12:54:00Z",
    "satellite": 18,
    "flux": 5.1745450946327765e-06,
    "observed_flux": 5.206873538554646e-06,
    "electron_correction": 3.232833378774558e-08,
    "electron_contaminaton": false,
    "energy": "0.1-0.8nm"
}