{
  "time_tag": "2026-03-01T22:49:00Z",
  "satellite": 18,
  "flux": 9.827003850659821E-7,
  "observed_flux": 0.0000010299917221345822,
  "electron_correction": 4.7291337068600114E-8,
  "electron_contaminaton": false,
  "energy": "0.1-0.8nm"
}
