{
  "time_tag": "2026-03-06T23:09:00Z",
  "satellite": 18,
  "flux": 7.075010444168583E-7,
  "observed_flux": 7.23841765193356E-7,
  "electron_correction": 1.6340733210995495E-8,
  "electron_contaminaton": false,
  "energy": "0.1-0.8nm"
}
