{
  "time_tag": "2026-04-21T21:00:00Z",
  "satellite": 18,
  "flux": 5.725824507862853E-7,
  "observed_flux": 6.56723045722174E-7,
  "electron_correction": 8.414060204131601E-8,
  "electron_contaminaton": false,
  "energy": "0.1-0.8nm"
}
