{
    "time_tag": "2026-06-21T11:13:00Z",
    "satellite": 18,
    "flux": 5.444572934720782e-07,
    "observed_flux": 5.510195251190453e-07,
    "electron_correction": 6.562265397747069e-09,
    "electron_contaminaton": false,
    "energy": "0.1-0.8nm"
}