{
    "time_tag": "2026-06-13T20:42:00Z",
    "satellite": 18,
    "flux": 6.273348276408797e-07,
    "observed_flux": 6.953191018510552e-07,
    "electron_correction": 6.798423868303871e-08,
    "electron_contaminaton": false,
    "energy": "0.1-0.8nm"
}