{
  "time_tag": "2025-12-05T21:21:00Z",
  "satellite": 18,
  "flux": 0.0000022960455225984333,
  "observed_flux": 0.000002349259375478141,
  "electron_correction": 5.3213963013831744E-8,
  "electron_contaminaton": false,
  "energy": "0.1-0.8nm"
}
