{
  "time_tag": "2026-05-31T20:08:00Z",
  "satellite": 18,
  "flux": 7.540120918747562E-7,
  "observed_flux": 8.058906928454235E-7,
  "electron_correction": 5.187859741795364E-8,
  "electron_contaminaton": false,
  "energy": "0.1-0.8nm"
}
