{
  "time_tag": "2026-05-08T13:49:00Z",
  "satellite": 18,
  "flux": 6.735322131135035E-7,
  "observed_flux": 6.788272344238067E-7,
  "electron_correction": 5.295020422124708E-9,
  "electron_contaminaton": false,
  "energy": "0.1-0.8nm"
}
