{
    "time_tag": "2026-05-30T16:39:00Z",
    "satellite": 18,
    "flux": 7.640455237378774e-07,
    "observed_flux": 7.927249043859774e-07,
    "electron_correction": 2.8679345120963262e-08,
    "electron_contaminaton": false,
    "energy": "0.1-0.8nm"
}