{
  "time_tag": "2026-03-15T23:24:00Z",
  "satellite": 18,
  "flux": 3.8913037769816583E-7,
  "observed_flux": 4.266282473963656E-7,
  "electron_correction": 3.749785548734508E-8,
  "electron_contaminaton": false,
  "energy": "0.1-0.8nm"
}
