{
  "time_tag": "2026-06-06T17:36:00Z",
  "satellite": 18,
  "flux": 0.0000014506211982734385,
  "observed_flux": 0.000001500031885370845,
  "electron_correction": 4.9410676439265444E-8,
  "electron_contaminaton": false,
  "energy": "0.1-0.8nm"
}
