{
  "time_tag": "2026-01-08T07:18:00Z",
  "satellite": 18,
  "flux": 9.70666292232636E-7,
  "observed_flux": 9.713627378005185E-7,
  "electron_correction": 6.964410159682188E-10,
  "electron_contaminaton": false,
  "energy": "0.1-0.8nm"
}
