{
    "time_tag": "2026-07-01T18:10:00Z",
    "satellite": 18,
    "flux": 2.7970431801804807e-06,
    "observed_flux": 2.81439474747458e-06,
    "electron_correction": 1.7351526437892062e-08,
    "electron_contaminaton": false,
    "energy": "0.1-0.8nm"
}