{
  "time_tag": "2026-06-12T22:25:00Z",
  "satellite": 18,
  "flux": 0.0000012934751794091426,
  "observed_flux": 0.0000013462775996231358,
  "electron_correction": 5.2802445082988925E-8,
  "electron_contaminaton": false,
  "energy": "0.1-0.8nm"
}
