{
  "time_tag": "2026-03-21T16:21:00Z",
  "satellite": 18,
  "flux": 4.3804928395729803E-7,
  "observed_flux": 4.5970938344908063E-7,
  "electron_correction": 2.166010482085312E-8,
  "electron_contaminaton": false,
  "energy": "0.1-0.8nm"
}
