{
  "time_tag": "2025-12-06T12:24:00Z",
  "satellite": 18,
  "flux": 0.0000014084932900004787,
  "observed_flux": 0.0000014625916264776606,
  "electron_correction": 5.409837910974602E-8,
  "electron_contaminaton": false,
  "energy": "0.1-0.8nm"
}
