{
  "time_tag": "2026-03-31T07:43:00Z",
  "satellite": 18,
  "flux": 8.900423154045711E-7,
  "observed_flux": 8.934476340982656E-7,
  "electron_correction": 3.4053317943261163E-9,
  "electron_contaminaton": false,
  "energy": "0.1-0.8nm"
}
