{
  "time_tag": "2026-05-27T18:14:00Z",
  "satellite": 18,
  "flux": 7.644384822924621E-7,
  "observed_flux": 7.888771733632893E-7,
  "electron_correction": 2.4438712387109263E-8,
  "electron_contaminaton": false,
  "energy": "0.1-0.8nm"
}
