{
  "time_tag": "2026-02-22T22:51:00Z",
  "satellite": 18,
  "flux": 4.043556316446484E-7,
  "observed_flux": 4.774231001647422E-7,
  "electron_correction": 7.30674898363759E-8,
  "electron_contaminaton": false,
  "energy": "0.1-0.8nm"
}
