{
  "time_tag": "2026-03-04T05:43:00Z",
  "satellite": 18,
  "flux": 5.420735647021502E-7,
  "observed_flux": 5.440599011308223E-7,
  "electron_correction": 1.986310893542509E-9,
  "electron_contaminaton": false,
  "energy": "0.1-0.8nm"
}
