{
  "time_tag": "2026-02-12T23:38:00Z",
  "satellite": 18,
  "flux": 4.6476546344820235E-7,
  "observed_flux": 5.028343821322778E-7,
  "electron_correction": 3.806892578950283E-8,
  "electron_contaminaton": false,
  "energy": "0.1-0.8nm"
}
