{
  "time_tag": "2026-05-15T10:12:00Z",
  "satellite": 18,
  "flux": 3.875596235047851E-7,
  "observed_flux": 3.8826178183626325E-7,
  "electron_correction": 7.021677683738403E-10,
  "electron_contaminaton": false,
  "energy": "0.1-0.8nm"
}
