{
    "time_tag": "2026-05-23T22:43:00Z",
    "satellite": 18,
    "flux": 2.1798630314151524e-06,
    "observed_flux": 2.212072558904765e-06,
    "electron_correction": 3.22095630167496e-08,
    "electron_contaminaton": false,
    "energy": "0.1-0.8nm"
}