{
  "time_tag": "2025-12-31T01:47:00Z",
  "satellite": 18,
  "flux": 0.0000017096251667680917,
  "observed_flux": 0.0000017173036894746474,
  "electron_correction": 7.678508495700953E-9,
  "electron_contaminaton": false,
  "energy": "0.1-0.8nm"
}
