{
  "time_tag": "2025-12-12T19:17:00Z",
  "satellite": 18,
  "flux": 0.0000019657604752865154,
  "observed_flux": 0.000001985042445085128,
  "electron_correction": 1.9282012431176554E-8,
  "electron_contaminaton": false,
  "energy": "0.1-0.8nm"
}
