{
  "time_tag": "2026-02-25T17:06:00Z",
  "satellite": 18,
  "flux": 0.0000026079360395669937,
  "observed_flux": 0.0000026516929665376665,
  "electron_correction": 4.375704776293787E-8,
  "electron_contaminaton": false,
  "energy": "0.1-0.8nm"
}
