{
  "time_tag": "2026-02-23T08:13:00Z",
  "satellite": 18,
  "flux": 3.0044279242247285E-7,
  "observed_flux": 3.072397021242068E-7,
  "electron_correction": 6.796919471696583E-9,
  "electron_contaminaton": false,
  "energy": "0.1-0.8nm"
}
