{
  "time_tag": "2025-12-28T15:18:00Z",
  "satellite": 18,
  "flux": 0.0000022013944089849247,
  "observed_flux": 0.0000022340075247484492,
  "electron_correction": 3.2613154843375014E-8,
  "electron_contaminaton": false,
  "energy": "0.1-0.8nm"
}
