{
  "time_tag": "2026-03-28T17:39:00Z",
  "satellite": 18,
  "flux": 0.0000015045634427224286,
  "observed_flux": 0.000001538611286378,
  "electron_correction": 3.404788628813549E-8,
  "electron_contaminaton": false,
  "energy": "0.1-0.8nm"
}
