{
    "time_tag": "2026-05-08T10:26:00Z",
    "satellite": 18,
    "flux": 7.289245331776328e-07,
    "observed_flux": 7.30466922505002e-07,
    "electron_correction": 1.5424200805469468e-09,
    "electron_contaminaton": false,
    "energy": "0.1-0.8nm"
}