{
  "time_tag": "2026-02-19T21:07:00Z",
  "satellite": 18,
  "flux": 5.999040126880573E-7,
  "observed_flux": 6.44561851004255E-7,
  "electron_correction": 4.465783831619774E-8,
  "electron_contaminaton": false,
  "energy": "0.1-0.8nm"
}
