{
  "time_tag": "2026-05-12T16:28:00Z",
  "satellite": 18,
  "flux": 9.730749752634438E-7,
  "observed_flux": 9.840414350037463E-7,
  "electron_correction": 1.0966495267439313E-8,
  "electron_contaminaton": false,
  "energy": "0.1-0.8nm"
}
