{
    "time_tag": "2026-04-27T09:54:00Z",
    "satellite": 18,
    "flux": 1.0172288966714405e-06,
    "observed_flux": 1.0205995977230486e-06,
    "electron_correction": 3.3706653024268007e-09,
    "electron_contaminaton": false,
    "energy": "0.1-0.8nm"
}