{
  "time_tag": "2026-02-22T21:03:00Z",
  "satellite": 18,
  "flux": 3.773007222207525E-7,
  "observed_flux": 4.222818859034305E-7,
  "electron_correction": 4.498115657725066E-8,
  "electron_contaminaton": false,
  "energy": "0.1-0.8nm"
}
