{
  "time_tag": "2026-05-26T01:11:00Z",
  "satellite": 18,
  "flux": 0.0000015842239236008027,
  "observed_flux": 0.0000015887939071035362,
  "electron_correction": 4.569975065038534E-9,
  "electron_contaminaton": false,
  "energy": "0.1-0.8nm"
}
