{
    "time_tag": "2026-04-29T13:39:00Z",
    "satellite": 18,
    "flux": 1.0245645398754277e-06,
    "observed_flux": 1.0282685707352357e-06,
    "electron_correction": 3.7039282752004965e-09,
    "electron_contaminaton": false,
    "energy": "0.1-0.8nm"
}