{
  "time_tag": "2026-05-18T22:04:00Z",
  "satellite": 18,
  "flux": 4.254814314208488E-7,
  "observed_flux": 4.756127509608632E-7,
  "electron_correction": 5.013132309272805E-8,
  "electron_contaminaton": false,
  "energy": "0.1-0.8nm"
}
