{
  "time_tag": "2026-03-29T16:10:00Z",
  "satellite": 18,
  "flux": 0.0000013981389201944694,
  "observed_flux": 0.0000014114410760157625,
  "electron_correction": 1.3302083878841131E-8,
  "electron_contaminaton": false,
  "energy": "0.1-0.8nm"
}
