{
  "time_tag": "2026-04-30T10:13:00Z",
  "satellite": 18,
  "flux": 0.0000017336133169010282,
  "observed_flux": 0.000001734410147946619,
  "electron_correction": 7.9693623922239E-10,
  "electron_contaminaton": false,
  "energy": "0.1-0.8nm"
}
