{
  "time_tag": "2026-03-23T20:17:00Z",
  "satellite": 18,
  "flux": 0.0000010132944225915708,
  "observed_flux": 0.0000011142402627228876,
  "electron_correction": 1.0094584723674416E-7,
  "electron_contaminaton": false,
  "energy": "0.1-0.8nm"
}
