{
  "time_tag": "2026-05-26T00:04:00Z",
  "satellite": 18,
  "flux": 0.0000022381650524039287,
  "observed_flux": 0.000002241776655864669,
  "electron_correction": 3.6114564672118377E-9,
  "electron_contaminaton": false,
  "energy": "0.1-0.8nm"
}
