{
  "time_tag": "2026-05-16T17:42:00Z",
  "satellite": 18,
  "flux": 0.000019633167539723217,
  "observed_flux": 0.00001976231396838557,
  "electron_correction": 1.2914614444525796E-7,
  "electron_contaminaton": false,
  "energy": "0.1-0.8nm"
}
