{
  "time_tag": "2026-03-14T20:22:00Z",
  "satellite": 18,
  "flux": 8.221392135965289E-7,
  "observed_flux": 8.884711064638395E-7,
  "electron_correction": 6.633188576188331E-8,
  "electron_contaminaton": false,
  "energy": "0.1-0.8nm"
}
