{
  "time_tag": "2026-04-30T21:32:00Z",
  "satellite": 18,
  "flux": 9.069858606380876E-7,
  "observed_flux": 9.181121640722267E-7,
  "electron_correction": 1.1126317644993833E-8,
  "electron_contaminaton": false,
  "energy": "0.1-0.8nm"
}
