{
  "time_tag": "2026-06-20T16:37:00Z",
  "satellite": 18,
  "flux": 4.29977632165901E-7,
  "observed_flux": 4.488492209020478E-7,
  "electron_correction": 1.8871586959789965E-8,
  "electron_contaminaton": false,
  "energy": "0.1-0.8nm"
}
