{
    "time_tag": "2026-05-09T16:07:00Z",
    "satellite": 18,
    "flux": 8.727762974558573e-07,
    "observed_flux": 8.978904020295886e-07,
    "electron_correction": 2.5114095691947114e-08,
    "electron_contaminaton": false,
    "energy": "0.1-0.8nm"
}