{
  "time_tag": "2026-03-01T18:04:00Z",
  "satellite": 18,
  "flux": 0.0000012933936659464962,
  "observed_flux": 0.0000013381763892539311,
  "electron_correction": 4.478274107100333E-8,
  "electron_contaminaton": false,
  "energy": "0.1-0.8nm"
}
