{
  "time_tag": "2026-05-08T09:25:00Z",
  "satellite": 18,
  "flux": 7.131973234208999E-7,
  "observed_flux": 7.15289843356004E-7,
  "electron_correction": 2.0924937338406835E-9,
  "electron_contaminaton": false,
  "energy": "0.1-0.8nm"
}
