{
  "time_tag": "2026-05-05T17:26:00Z",
  "satellite": 18,
  "flux": 6.542587129843014E-7,
  "observed_flux": 7.132621249184012E-7,
  "electron_correction": 5.900343680309561E-8,
  "electron_contaminaton": false,
  "energy": "0.1-0.8nm"
}
