{
  "time_tag": "2026-04-18T12:05:00Z",
  "satellite": 18,
  "flux": 3.462882887106389E-7,
  "observed_flux": 3.6540140513352526E-7,
  "electron_correction": 1.9113105764745342E-8,
  "electron_contaminaton": false,
  "energy": "0.1-0.8nm"
}
