{
    "time_tag": "2026-04-26T22:12:00Z",
    "satellite": 18,
    "flux": 3.7721297303505708e-06,
    "observed_flux": 3.806570475717308e-06,
    "electron_correction": 3.444074181402357e-08,
    "electron_contaminaton": false,
    "energy": "0.1-0.8nm"
}