{
  "time_tag": "2026-06-25T07:53:00Z",
  "satellite": 18,
  "flux": 0.0000012304917618166655,
  "observed_flux": 0.0000012312692660998437,
  "electron_correction": 7.775144972299586E-10,
  "electron_contaminaton": false,
  "energy": "0.1-0.8nm"
}
