{
    "time_tag": "2026-04-30T07:13:00Z",
    "satellite": 18,
    "flux": 1.0350612456022645e-06,
    "observed_flux": 1.0354393680245266e-06,
    "electron_correction": 3.780506740991285e-10,
    "electron_contaminaton": false,
    "energy": "0.1-0.8nm"
}