{
  "time_tag": "2026-06-12T14:57:00Z",
  "satellite": 18,
  "flux": 7.516090931858344E-7,
  "observed_flux": 7.7013095278744E-7,
  "electron_correction": 1.8521834732609932E-8,
  "electron_contaminaton": false,
  "energy": "0.1-0.8nm"
}
