{
  "time_tag": "2026-03-26T22:22:00Z",
  "satellite": 18,
  "flux": 0.0000025652593649283517,
  "observed_flux": 0.0000026147499738726765,
  "electron_correction": 4.9490669340457316E-8,
  "electron_contaminaton": false,
  "energy": "0.1-0.8nm"
}
