{
  "time_tag": "2026-03-20T05:36:00Z",
  "satellite": 18,
  "flux": 2.774790743842459E-7,
  "observed_flux": 2.774844745090377E-7,
  "electron_correction": 5.404479381382332E-12,
  "electron_contaminaton": false,
  "energy": "0.1-0.8nm"
}
