{
  "time_tag": "2025-12-21T23:18:00Z",
  "satellite": 18,
  "flux": 0.0000012096417094653589,
  "observed_flux": 0.0000012431901268428192,
  "electron_correction": 3.354848487902018E-8,
  "electron_contaminaton": false,
  "energy": "0.1-0.8nm"
}
