{
  "time_tag": "2026-03-09T14:30:00Z",
  "satellite": 18,
  "flux": 6.486316692644323E-7,
  "observed_flux": 6.843335427220154E-7,
  "electron_correction": 3.570187701029681E-8,
  "electron_contaminaton": false,
  "energy": "0.1-0.8nm"
}
