{
  "time_tag": "2026-02-08T13:42:00Z",
  "satellite": 18,
  "flux": 0.000002940310650956235,
  "observed_flux": 0.0000029765003546344815,
  "electron_correction": 3.618981736508431E-8,
  "electron_contaminaton": false,
  "energy": "0.1-0.8nm"
}
