{
  "time_tag": "2026-06-09T19:12:00Z",
  "satellite": 18,
  "flux": 0.0000013905862488172716,
  "observed_flux": 0.0000014418719729292206,
  "electron_correction": 5.1285720559235415E-8,
  "electron_contaminaton": false,
  "energy": "0.1-0.8nm"
}
