{
  "time_tag": "2026-02-21T19:35:00Z",
  "satellite": 18,
  "flux": 3.1844129466662707E-7,
  "observed_flux": 3.4430388495820807E-7,
  "electron_correction": 2.5862611607863073E-8,
  "electron_contaminaton": false,
  "energy": "0.1-0.8nm"
}
