{
  "time_tag": "2026-04-30T21:04:00Z",
  "satellite": 18,
  "flux": 9.513389045423537E-7,
  "observed_flux": 9.615179124011775E-7,
  "electron_correction": 1.017898476618484E-8,
  "electron_contaminaton": false,
  "energy": "0.1-0.8nm"
}
