{
  "time_tag": "2026-02-20T13:48:00Z",
  "satellite": 18,
  "flux": 3.8915075606382743E-7,
  "observed_flux": 4.159630861977348E-7,
  "electron_correction": 2.68123354629779E-8,
  "electron_contaminaton": false,
  "energy": "0.1-0.8nm"
}
