{
  "time_tag": "2026-03-16T21:30:00Z",
  "satellite": 18,
  "flux": 5.088889452053991E-7,
  "observed_flux": 5.543126917473273E-7,
  "electron_correction": 4.5423753647355625E-8,
  "electron_contaminaton": false,
  "energy": "0.1-0.8nm"
}
