{
  "time_tag": "2026-03-22T22:03:00Z",
  "satellite": 18,
  "flux": 7.020982479843951E-7,
  "observed_flux": 7.175862606345618E-7,
  "electron_correction": 1.5488025084664514E-8,
  "electron_contaminaton": false,
  "energy": "0.1-0.8nm"
}
