{
  "time_tag": "2026-03-31T11:17:00Z",
  "satellite": 18,
  "flux": 7.727924753453408E-7,
  "observed_flux": 7.798845444995095E-7,
  "electron_correction": 7.092038512013232E-9,
  "electron_contaminaton": false,
  "energy": "0.1-0.8nm"
}
