{
  "time_tag": "2026-01-19T23:19:00Z",
  "satellite": 18,
  "flux": 0.00000146688637414627,
  "observed_flux": 0.0000014668939911643974,
  "electron_correction": 7.680154255618188E-12,
  "electron_contaminaton": false,
  "energy": "0.1-0.8nm"
}
