{
  "time_tag": "2026-04-30T15:23:00Z",
  "satellite": 18,
  "flux": 9.826006817093003E-7,
  "observed_flux": 9.857067198026925E-7,
  "electron_correction": 3.105994794694311E-9,
  "electron_contaminaton": false,
  "energy": "0.1-0.8nm"
}
