{
  "time_tag": "2026-06-24T02:14:00Z",
  "satellite": 18,
  "flux": 9.860101499725715E-7,
  "observed_flux": 9.864204457699088E-7,
  "electron_correction": 4.102559125751526E-10,
  "electron_contaminaton": false,
  "energy": "0.1-0.8nm"
}
