{
    "time_tag": "2026-05-17T03:18:00Z",
    "satellite": 18,
    "flux": 6.85893326135556e-07,
    "observed_flux": 7.559186201433477e-07,
    "electron_correction": 7.002529400779167e-08,
    "electron_contaminaton": false,
    "energy": "0.1-0.8nm"
}