{
    "time_tag": "2026-05-18T07:48:00Z",
    "satellite": 18,
    "flux": 3.5595596159510023e-07,
    "observed_flux": 3.827958607871551e-07,
    "electron_correction": 2.6839900968411712e-08,
    "electron_contaminaton": false,
    "energy": "0.1-0.8nm"
}