{
  "time_tag": "2026-02-19T23:54:00Z",
  "satellite": 18,
  "flux": 5.709324568670127E-7,
  "observed_flux": 6.103311989136273E-7,
  "electron_correction": 3.9398770468324074E-8,
  "electron_contaminaton": false,
  "energy": "0.1-0.8nm"
}
