{
    "time_tag": "2026-06-10T13:26:00Z",
    "satellite": 18,
    "flux": 1.559049110255728e-06,
    "observed_flux": 1.5723549040558282e-06,
    "electron_correction": 1.3305751167536073e-08,
    "electron_contaminaton": false,
    "energy": "0.1-0.8nm"
}