{
  "time_tag": "2026-05-30T12:39:00Z",
  "satellite": 18,
  "flux": 8.480838005198166E-7,
  "observed_flux": 8.639527777631884E-7,
  "electron_correction": 1.5868979019728613E-8,
  "electron_contaminaton": false,
  "energy": "0.1-0.8nm"
}
