{
  "time_tag": "2026-05-14T08:10:00Z",
  "satellite": 18,
  "flux": 9.416227726433135E-7,
  "observed_flux": 9.466397159485496E-7,
  "electron_correction": 5.016894011333761E-9,
  "electron_contaminaton": false,
  "energy": "0.1-0.8nm"
}
