{
    "time_tag": "2026-05-23T23:33:00Z",
    "satellite": 18,
    "flux": 1.434708451597544e-06,
    "observed_flux": 1.465390141675016e-06,
    "electron_correction": 3.0681714946467764e-08,
    "electron_contaminaton": false,
    "energy": "0.1-0.8nm"
}