{
  "time_tag": "2026-05-05T01:00:00Z",
  "satellite": 18,
  "flux": 7.840793045943428E-7,
  "observed_flux": 7.930273113743169E-7,
  "electron_correction": 8.948032537148265E-9,
  "electron_contaminaton": false,
  "energy": "0.1-0.8nm"
}
