{
  "time_tag": "2026-02-08T05:50:00Z",
  "satellite": 18,
  "flux": 0.0000040116847230819985,
  "observed_flux": 0.000004037229246023344,
  "electron_correction": 2.554460465375996E-8,
  "electron_contaminaton": false,
  "energy": "0.1-0.8nm"
}
