{
    "time_tag": "2026-05-03T23:41:00Z",
    "satellite": 18,
    "flux": 9.278896868636366e-07,
    "observed_flux": 9.638939673095592e-07,
    "electron_correction": 3.600429465677735e-08,
    "electron_contaminaton": false,
    "energy": "0.1-0.8nm"
}