{
  "time_tag": "2026-06-10T22:51:00Z",
  "satellite": 18,
  "flux": 7.727530828560703E-7,
  "observed_flux": 8.235306268034037E-7,
  "electron_correction": 5.07775226310514E-8,
  "electron_contaminaton": false,
  "energy": "0.1-0.8nm"
}
