{
  "time_tag": "2026-04-24T12:38:00Z",
  "satellite": 18,
  "flux": 0.000004361854735179804,
  "observed_flux": 0.000004385022293718066,
  "electron_correction": 2.3167821439074032E-8,
  "electron_contaminaton": false,
  "energy": "0.1-0.8nm"
}
