{
  "time_tag": "2026-05-31T19:40:00Z",
  "satellite": 18,
  "flux": 8.214609010792628E-7,
  "observed_flux": 8.786360581325425E-7,
  "electron_correction": 5.717515350056601E-8,
  "electron_contaminaton": false,
  "energy": "0.1-0.8nm"
}
