{
  "time_tag": "2026-01-24T22:18:00Z",
  "satellite": 18,
  "flux": 0.000001074511942533718,
  "observed_flux": 0.000001157612246061035,
  "electron_correction": 8.310034615988116E-8,
  "electron_contaminaton": false,
  "energy": "0.1-0.8nm"
}
