{
  "time_tag": "2026-06-08T22:43:00Z",
  "satellite": 18,
  "flux": 7.071209324749361E-7,
  "observed_flux": 7.541816557932179E-7,
  "electron_correction": 4.706073397642285E-8,
  "electron_contaminaton": false,
  "energy": "0.1-0.8nm"
}
