{
  "time_tag": "2026-02-07T05:58:00Z",
  "satellite": 18,
  "flux": 0.0000014016195564181544,
  "observed_flux": 0.0000014234456102713011,
  "electron_correction": 2.1826068064001447E-8,
  "electron_contaminaton": false,
  "energy": "0.1-0.8nm"
}
