{
  "time_tag": "2026-03-03T21:15:00Z",
  "satellite": 18,
  "flux": 7.088762572493579E-7,
  "observed_flux": 7.25967367998237E-7,
  "electron_correction": 1.7091110748879146E-8,
  "electron_contaminaton": false,
  "energy": "0.1-0.8nm"
}
