{
  "time_tag": "2026-02-25T22:22:00Z",
  "satellite": 18,
  "flux": 9.764912647369783E-7,
  "observed_flux": 0.0000010401955705674482,
  "electron_correction": 6.370435556846132E-8,
  "electron_contaminaton": false,
  "energy": "0.1-0.8nm"
}
