{
  "time_tag": "2025-12-19T04:21:00Z",
  "satellite": 18,
  "flux": 6.380394097504904E-7,
  "observed_flux": 6.779098384868121E-7,
  "electron_correction": 3.987038610375748E-8,
  "electron_contaminaton": false,
  "energy": "0.1-0.8nm"
}
