{
    "time_tag": "2026-04-22T17:51:00Z",
    "satellite": 18,
    "flux": 6.938860224181553e-07,
    "observed_flux": 7.419260441565712e-07,
    "electron_correction": 4.803998621127903e-08,
    "electron_contaminaton": false,
    "energy": "0.1-0.8nm"
}