{
    "time_tag": "2026-05-10T23:56:00Z",
    "satellite": 18,
    "flux": 9.843489578997833e-07,
    "observed_flux": 1.0028574024545378e-06,
    "electron_correction": 1.850841968575878e-08,
    "electron_contaminaton": false,
    "energy": "0.1-0.8nm"
}