{
  "time_tag": "2026-06-09T16:37:00Z",
  "satellite": 18,
  "flux": 9.361683055431058E-7,
  "observed_flux": 9.739474080561195E-7,
  "electron_correction": 3.777909540758628E-8,
  "electron_contaminaton": false,
  "energy": "0.1-0.8nm"
}
