{
  "time_tag": "2026-03-25T13:30:00Z",
  "satellite": 18,
  "flux": 0.0000017196448425238486,
  "observed_flux": 0.0000017337731605948647,
  "electron_correction": 1.4128263003954089E-8,
  "electron_contaminaton": false,
  "energy": "0.1-0.8nm"
}
