{
  "time_tag": "2026-02-14T10:51:00Z",
  "satellite": 18,
  "flux": 5.276325509839808E-7,
  "observed_flux": 5.482858114191913E-7,
  "electron_correction": 2.0653310173202044E-8,
  "electron_contaminaton": false,
  "energy": "0.1-0.8nm"
}
