{
  "time_tag": "2026-06-24T22:30:00Z",
  "satellite": 18,
  "flux": 0.000002377663122388185,
  "observed_flux": 0.0000023861014142312342,
  "electron_correction": 8.438500564977858E-9,
  "electron_contaminaton": false,
  "energy": "0.1-0.8nm"
}
