{
    "time_tag": "2026-06-15T07:26:00Z",
    "satellite": 18,
    "flux": 7.215537607407896e-07,
    "observed_flux": 7.47487831631588e-07,
    "electron_correction": 2.5934101088864736e-08,
    "electron_contaminaton": false,
    "energy": "0.1-0.8nm"
}