{
  "time_tag": "2026-02-09T21:25:00Z",
  "satellite": 18,
  "flux": 0.0000012538578175735893,
  "observed_flux": 0.0000012876610071543837,
  "electron_correction": 3.3803214449790175E-8,
  "electron_contaminaton": false,
  "energy": "0.1-0.8nm"
}
