{
  "time_tag": "2026-03-09T23:10:00Z",
  "satellite": 18,
  "flux": 7.729541380285809E-7,
  "observed_flux": 8.214942681661341E-7,
  "electron_correction": 4.854015145383528E-8,
  "electron_contaminaton": false,
  "energy": "0.1-0.8nm"
}
