{
  "time_tag": "2026-02-24T16:04:00Z",
  "satellite": 18,
  "flux": 0.000002518240307836095,
  "observed_flux": 0.0000025676979475974804,
  "electron_correction": 4.945768594666333E-8,
  "electron_contaminaton": false,
  "energy": "0.1-0.8nm"
}
