{
    "time_tag": "2026-05-09T06:54:00Z",
    "satellite": 18,
    "flux": 7.601281026836659e-07,
    "observed_flux": 7.72550208694156e-07,
    "electron_correction": 1.242209801688432e-08,
    "electron_contaminaton": false,
    "energy": "0.1-0.8nm"
}