{
  "time_tag": "2026-02-04T22:21:00Z",
  "satellite": 18,
  "flux": 0.000002627095909701893,
  "observed_flux": 0.00000263519950749469,
  "electron_correction": 8.103580917406816E-9,
  "electron_contaminaton": false,
  "energy": "0.1-0.8nm"
}
