{
    "time_tag": "2026-06-13T19:02:00Z",
    "satellite": 18,
    "flux": 7.0027772380854e-07,
    "observed_flux": 7.532062795689853e-07,
    "electron_correction": 5.292853799687691e-08,
    "electron_contaminaton": false,
    "energy": "0.1-0.8nm"
}