{
  "time_tag": "2026-01-20T12:20:00Z",
  "satellite": 18,
  "flux": 0.0000013256344573164824,
  "observed_flux": 0.0000013258903663881938,
  "electron_correction": 2.558823153364642E-10,
  "electron_contaminaton": false,
  "energy": "0.1-0.8nm"
}
