{
  "time_tag": "2026-02-19T10:26:00Z",
  "satellite": 18,
  "flux": 6.345824772324704E-7,
  "observed_flux": 6.358798145811306E-7,
  "electron_correction": 1.2973234708724135E-9,
  "electron_contaminaton": false,
  "energy": "0.1-0.8nm"
}
