{
  "time_tag": "2026-02-26T21:26:00Z",
  "satellite": 18,
  "flux": 9.292765525970026E-7,
  "observed_flux": 0.0000010001376722357236,
  "electron_correction": 7.086119779842193E-8,
  "electron_contaminaton": false,
  "energy": "0.1-0.8nm"
}
