{
  "time_tag": "2026-04-22T12:39:00Z",
  "satellite": 18,
  "flux": 6.449074021475099E-7,
  "observed_flux": 6.711634910061548E-7,
  "electron_correction": 2.6256055107864995E-8,
  "electron_contaminaton": false,
  "energy": "0.1-0.8nm"
}
