{
    "time_tag": "2026-06-06T22:29:00Z",
    "satellite": 18,
    "flux": 1.1593399449338904e-06,
    "observed_flux": 1.2055292017976171e-06,
    "electron_correction": 4.618925686372677e-08,
    "electron_contaminaton": false,
    "energy": "0.1-0.8nm"
}