{
  "time_tag": "2025-12-27T06:19:00Z",
  "satellite": 18,
  "flux": 0.0000018678113065107027,
  "observed_flux": 0.0000018995882555827848,
  "electron_correction": 3.1777052100778747E-8,
  "electron_contaminaton": false,
  "energy": "0.1-0.8nm"
}
