{
    "time_tag": "2026-05-14T07:22:00Z",
    "satellite": 18,
    "flux": 1.4182913901095162e-06,
    "observed_flux": 1.4229239013729966e-06,
    "electron_correction": 4.632525030245915e-09,
    "electron_contaminaton": false,
    "energy": "0.1-0.8nm"
}