{
  "time_tag": "2026-01-17T01:48:00Z",
  "satellite": 18,
  "flux": 0.0000015662798205084982,
  "observed_flux": 0.0000015763357623654883,
  "electron_correction": 1.0055871690894946E-8,
  "electron_contaminaton": false,
  "energy": "0.1-0.8nm"
}
