{
  "time_tag": "2026-04-19T17:55:00Z",
  "satellite": 18,
  "flux": 3.6333875641503255E-7,
  "observed_flux": 4.265346547072113E-7,
  "electron_correction": 6.319591250303347E-8,
  "electron_contaminaton": false,
  "energy": "0.1-0.8nm"
}
