{
  "time_tag": "2026-02-08T21:19:00Z",
  "satellite": 18,
  "flux": 0.0000021960609046800528,
  "observed_flux": 0.0000022338954295264557,
  "electron_correction": 3.783463853324065E-8,
  "electron_contaminaton": false,
  "energy": "0.1-0.8nm"
}
