{
    "time_tag": "2026-06-09T04:47:00Z",
    "satellite": 18,
    "flux": 9.548058415020932e-07,
    "observed_flux": 9.843627140071476e-07,
    "electron_correction": 2.955681921434916e-08,
    "electron_contaminaton": false,
    "energy": "0.1-0.8nm"
}