{
  "time_tag": "2026-03-19T22:40:00Z",
  "satellite": 18,
  "flux": 2.659636493262951E-7,
  "observed_flux": 2.8584099709405564E-7,
  "electron_correction": 1.9877335333262636E-8,
  "electron_contaminaton": false,
  "energy": "0.1-0.8nm"
}
