{
  "time_tag": "2026-02-09T11:55:00Z",
  "satellite": 18,
  "flux": 0.000002568260015323176,
  "observed_flux": 0.0000025821971121331444,
  "electron_correction": 1.3937143883424596E-8,
  "electron_contaminaton": false,
  "energy": "0.1-0.8nm"
}
