{
  "time_tag": "2026-02-09T22:06:00Z",
  "satellite": 18,
  "flux": 0.0000012236104112162138,
  "observed_flux": 0.000001258792849512247,
  "electron_correction": 3.518243829603307E-8,
  "electron_contaminaton": false,
  "energy": "0.1-0.8nm"
}
