{
  "time_tag": "2025-12-08T01:52:00Z",
  "satellite": 18,
  "flux": 0.000002066166189251817,
  "observed_flux": 0.0000021002199446229497,
  "electron_correction": 3.405389037425266E-8,
  "electron_contaminaton": false,
  "energy": "0.1-0.8nm"
}
