{
  "time_tag": "2026-03-08T18:05:00Z",
  "satellite": 18,
  "flux": 8.420142307841161E-7,
  "observed_flux": 9.212033091898775E-7,
  "electron_correction": 7.918912103832554E-8,
  "electron_contaminaton": false,
  "energy": "0.1-0.8nm"
}
