{
  "time_tag": "2026-02-21T00:21:00Z",
  "satellite": 18,
  "flux": 3.284341687503911E-7,
  "observed_flux": 3.561019354947348E-7,
  "electron_correction": 2.766776496798684E-8,
  "electron_contaminaton": false,
  "energy": "0.1-0.8nm"
}
