{
  "time_tag": "2026-01-22T09:21:00Z",
  "satellite": 18,
  "flux": 0.0000014865527191432193,
  "observed_flux": 0.0000015049812418510555,
  "electron_correction": 1.8428552905902507E-8,
  "electron_contaminaton": false,
  "energy": "0.1-0.8nm"
}
