{
  "time_tag": "2026-02-03T22:23:00Z",
  "satellite": 18,
  "flux": 0.00000380579945158388,
  "observed_flux": 0.000003822692633548286,
  "electron_correction": 1.689321926789944E-8,
  "electron_contaminaton": false,
  "energy": "0.1-0.8nm"
}
