{
  "time_tag": "2026-06-14T17:25:00Z",
  "satellite": 18,
  "flux": 5.206983928474074E-7,
  "observed_flux": 5.683635322384362E-7,
  "electron_correction": 4.766513939102879E-8,
  "electron_contaminaton": false,
  "energy": "0.1-0.8nm"
}
