{
    "time_tag": "2026-06-10T21:45:00Z",
    "satellite": 18,
    "flux": 6.694369290016766e-07,
    "observed_flux": 7.208489591903344e-07,
    "electron_correction": 5.141205505765356e-08,
    "electron_contaminaton": false,
    "energy": "0.1-0.8nm"
}