{
  "time_tag": "2026-05-30T17:46:00Z",
  "satellite": 18,
  "flux": 8.153429007506929E-7,
  "observed_flux": 8.738758765503007E-7,
  "electron_correction": 5.85329438251847E-8,
  "electron_contaminaton": false,
  "energy": "0.1-0.8nm"
}
