{
  "time_tag": "2026-03-02T17:28:00Z",
  "satellite": 18,
  "flux": 0.000001356746793135244,
  "observed_flux": 0.0000013861684919902473,
  "electron_correction": 2.94217645802064E-8,
  "electron_contaminaton": false,
  "energy": "0.1-0.8nm"
}
