{
  "time_tag": "2026-02-08T22:53:00Z",
  "satellite": 18,
  "flux": 0.0000023499721919506555,
  "observed_flux": 0.0000023900772703200346,
  "electron_correction": 4.010503928952858E-8,
  "electron_contaminaton": false,
  "energy": "0.1-0.8nm"
}
