{
    "time_tag": "2026-06-21T05:28:00Z",
    "satellite": 18,
    "flux": 1.1399989716665004e-06,
    "observed_flux": 1.1461368103482528e-06,
    "electron_correction": 6.137780061976628e-09,
    "electron_contaminaton": false,
    "energy": "0.1-0.8nm"
}