{
  "time_tag": "2026-02-22T11:02:00Z",
  "satellite": 18,
  "flux": 3.0474635082100576E-7,
  "observed_flux": 3.055744173252606E-7,
  "electron_correction": 8.280688357231725E-10,
  "electron_contaminaton": false,
  "energy": "0.1-0.8nm"
}
