{
  "time_tag": "2026-03-16T21:54:00Z",
  "satellite": 18,
  "flux": 4.44394515852764E-7,
  "observed_flux": 4.894334324490046E-7,
  "electron_correction": 4.50389165962406E-8,
  "electron_contaminaton": false,
  "energy": "0.1-0.8nm"
}
