{
  "time_tag": "2026-06-18T13:26:00Z",
  "satellite": 18,
  "flux": 8.550258598916116E-7,
  "observed_flux": 8.644819899927825E-7,
  "electron_correction": 9.45614697656083E-9,
  "electron_contaminaton": false,
  "energy": "0.1-0.8nm"
}
