{
    "time_tag": "2026-06-12T17:53:00Z",
    "satellite": 18,
    "flux": 8.836248071020236e-07,
    "observed_flux": 9.201729653796065e-07,
    "electron_correction": 3.654819025200595e-08,
    "electron_contaminaton": false,
    "energy": "0.1-0.8nm"
}