{
  "time_tag": "2026-02-07T20:20:00Z",
  "satellite": 18,
  "flux": 0.000002419116299279267,
  "observed_flux": 0.000002467573949616053,
  "electron_correction": 4.845760770422203E-8,
  "electron_contaminaton": false,
  "energy": "0.1-0.8nm"
}
