{
    "time_tag": "2026-05-24T09:51:00Z",
    "satellite": 18,
    "flux": 8.243455340561923e-07,
    "observed_flux": 8.304991752083879e-07,
    "electron_correction": 6.153651810336669e-09,
    "electron_contaminaton": false,
    "energy": "0.1-0.8nm"
}