{
    "time_tag": "2026-05-03T05:39:00Z",
    "satellite": 18,
    "flux": 1.0162423222936923e-06,
    "observed_flux": 1.0213611858489458e-06,
    "electron_correction": 5.118906631906839e-09,
    "electron_contaminaton": false,
    "energy": "0.1-0.8nm"
}