{
  "time_tag": "2026-02-05T12:46:00Z",
  "satellite": 18,
  "flux": 0.000002379744728386868,
  "observed_flux": 0.000002385785819569719,
  "electron_correction": 6.041192435191078E-9,
  "electron_contaminaton": false,
  "energy": "0.1-0.8nm"
}
