{
  "time_tag": "2026-03-10T12:45:00Z",
  "satellite": 18,
  "flux": 0.0000012033534630973008,
  "observed_flux": 0.0000012041161880915752,
  "electron_correction": 7.628191411868102E-10,
  "electron_contaminaton": false,
  "energy": "0.1-0.8nm"
}
