{
  "time_tag": "2026-02-25T10:02:00Z",
  "satellite": 18,
  "flux": 0.0000011499822676341864,
  "observed_flux": 0.0000011618292319326429,
  "electron_correction": 1.1847035352730018E-8,
  "electron_contaminaton": false,
  "energy": "0.1-0.8nm"
}
