{
  "time_tag": "2026-03-28T17:06:00Z",
  "satellite": 18,
  "flux": 0.0000016746992059779586,
  "observed_flux": 0.0000017062004644685658,
  "electron_correction": 3.1501215858043E-8,
  "electron_contaminaton": false,
  "energy": "0.1-0.8nm"
}
