{
  "time_tag": "2026-03-01T17:35:00Z",
  "satellite": 18,
  "flux": 0.000001186230406347022,
  "observed_flux": 0.0000012285813681955915,
  "electron_correction": 4.2350912110578065E-8,
  "electron_contaminaton": false,
  "energy": "0.1-0.8nm"
}
