{
  "time_tag": "2026-05-15T22:30:00Z",
  "satellite": 18,
  "flux": 4.215397098050744E-7,
  "observed_flux": 4.315410819799581E-7,
  "electron_correction": 1.000139171480896E-8,
  "electron_contaminaton": false,
  "energy": "0.1-0.8nm"
}
