{
  "time_tag": "2026-02-14T01:29:00Z",
  "satellite": 18,
  "flux": 4.2087486917807837E-7,
  "observed_flux": 4.3535305849218275E-7,
  "electron_correction": 1.4478181320498607E-8,
  "electron_contaminaton": false,
  "energy": "0.1-0.8nm"
}
