{
    "time_tag": "2026-06-26T23:31:00Z",
    "satellite": 18,
    "flux": 2.0536849660857115e-06,
    "observed_flux": 2.13335920307145e-06,
    "electron_correction": 7.967431514543932e-08,
    "electron_contaminaton": false,
    "energy": "0.1-0.8nm"
}