{
  "time_tag": "2026-05-23T04:55:00Z",
  "satellite": 18,
  "flux": 7.297626325453166E-7,
  "observed_flux": 7.474681638086622E-7,
  "electron_correction": 1.7705543697843495E-8,
  "electron_contaminaton": false,
  "energy": "0.1-0.8nm"
}
