{
  "time_tag": "2026-03-06T16:26:00Z",
  "satellite": 18,
  "flux": 5.627719588119362E-7,
  "observed_flux": 5.798507913823414E-7,
  "electron_correction": 1.707883257040521E-8,
  "electron_contaminaton": false,
  "energy": "0.1-0.8nm"
}
