{
  "time_tag": "2026-01-30T06:27:00Z",
  "satellite": 18,
  "flux": 0.0000010271434121023049,
  "observed_flux": 0.000001074685883395432,
  "electron_correction": 4.754250682026395E-8,
  "electron_contaminaton": false,
  "energy": "0.1-0.8nm"
}
