{
  "time_tag": "2026-02-24T19:31:00Z",
  "satellite": 18,
  "flux": 0.000002656077185747563,
  "observed_flux": 0.00000272942293122469,
  "electron_correction": 7.334566021199862E-8,
  "electron_contaminaton": false,
  "energy": "0.1-0.8nm"
}
