{
  "time_tag": "2026-04-17T22:22:00Z",
  "satellite": 18,
  "flux": 3.2397258564742515E-7,
  "observed_flux": 3.343487549045676E-7,
  "electron_correction": 1.0376164816250366E-8,
  "electron_contaminaton": false,
  "energy": "0.1-0.8nm"
}
