{
  "time_tag": "2026-06-02T08:55:00Z",
  "satellite": 18,
  "flux": 0.000002758588152573793,
  "observed_flux": 0.0000027749122182285646,
  "electron_correction": 1.6323911111726375E-8,
  "electron_contaminaton": false,
  "energy": "0.1-0.8nm"
}
