{
  "time_tag": "2026-02-05T18:27:00Z",
  "satellite": 18,
  "flux": 0.0000021041601030447055,
  "observed_flux": 0.000002124919092238997,
  "electron_correction": 2.075896610165273E-8,
  "electron_contaminaton": false,
  "energy": "0.1-0.8nm"
}
