{
  "time_tag": "2026-06-27T10:10:00Z",
  "satellite": 18,
  "flux": 0.0000021364621716202237,
  "observed_flux": 0.000002170362677134108,
  "electron_correction": 3.390067604414071E-8,
  "electron_contaminaton": false,
  "energy": "0.1-0.8nm"
}
