{
  "time_tag": "2026-03-01T04:05:00Z",
  "satellite": 18,
  "flux": 0.0000011949438203373575,
  "observed_flux": 0.0000012083089586667484,
  "electron_correction": 1.3365108131324632E-8,
  "electron_contaminaton": false,
  "energy": "0.1-0.8nm"
}
