{
  "time_tag": "2026-03-08T18:56:00Z",
  "satellite": 18,
  "flux": 7.070439096423797E-7,
  "observed_flux": 7.792199880896078E-7,
  "electron_correction": 7.217607844722806E-8,
  "electron_contaminaton": false,
  "energy": "0.1-0.8nm"
}
