{
  "time_tag": "2026-02-07T07:50:00Z",
  "satellite": 18,
  "flux": 0.0000019322442312841304,
  "observed_flux": 0.0000019887602320523,
  "electron_correction": 5.651594037203722E-8,
  "electron_contaminaton": false,
  "energy": "0.1-0.8nm"
}
