{
    "time_tag": "2026-05-08T13:16:00Z",
    "satellite": 18,
    "flux": 6.625960509154538e-07,
    "observed_flux": 6.658872280240757e-07,
    "electron_correction": 3.29120131148386e-09,
    "electron_contaminaton": false,
    "energy": "0.1-0.8nm"
}