{
    "time_tag": "2026-05-12T03:18:00Z",
    "satellite": 18,
    "flux": 5.242643510428024e-07,
    "observed_flux": 5.375453611122794e-07,
    "electron_correction": 1.328102605668846e-08,
    "electron_contaminaton": false,
    "energy": "0.1-0.8nm"
}