{
  "time_tag": "2026-04-21T19:04:00Z",
  "satellite": 18,
  "flux": 8.423722306361014E-7,
  "observed_flux": 9.328528562946303E-7,
  "electron_correction": 9.04806398693836E-8,
  "electron_contaminaton": false,
  "energy": "0.1-0.8nm"
}
