{
  "time_tag": "2026-03-07T14:21:00Z",
  "satellite": 18,
  "flux": 6.482149501607637E-7,
  "observed_flux": 6.576748319275794E-7,
  "electron_correction": 9.459906635811421E-9,
  "electron_contaminaton": false,
  "energy": "0.1-0.8nm"
}
