{
    "time_tag": "2026-05-05T19:49:00Z",
    "satellite": 18,
    "flux": 6.361927944453782e-07,
    "observed_flux": 7.058739015519677e-07,
    "electron_correction": 6.968110710658948e-08,
    "electron_contaminaton": false,
    "energy": "0.1-0.8nm"
}