{
  "time_tag": "2025-12-14T03:41:00Z",
  "satellite": 18,
  "flux": 7.816996685505728E-7,
  "observed_flux": 8.146498089445231E-7,
  "electron_correction": 3.29501368412366E-8,
  "electron_contaminaton": false,
  "energy": "0.1-0.8nm"
}
