{
    "time_tag": "2026-05-31T23:56:00Z",
    "satellite": 18,
    "flux": 6.652674073848175e-07,
    "observed_flux": 6.982940021771356e-07,
    "electron_correction": 3.3026591239604386e-08,
    "electron_contaminaton": false,
    "energy": "0.1-0.8nm"
}