{
    "time_tag": "2026-05-17T21:05:00Z",
    "satellite": 18,
    "flux": 5.0552907850942574e-06,
    "observed_flux": 5.126125415699789e-06,
    "electron_correction": 7.08343890210017e-08,
    "electron_contaminaton": false,
    "energy": "0.1-0.8nm"
}