{
    "time_tag": "2026-05-15T16:29:00Z",
    "satellite": 18,
    "flux": 4.959841817253619e-07,
    "observed_flux": 5.061139063400333e-07,
    "electron_correction": 1.012969796931884e-08,
    "electron_contaminaton": false,
    "energy": "0.1-0.8nm"
}