{
  "time_tag": "2026-07-01T14:55:00Z",
  "satellite": 18,
  "flux": 0.000026320158212911338,
  "observed_flux": 0.000026334515496273525,
  "electron_correction": 1.435705954122568E-8,
  "electron_contaminaton": false,
  "energy": "0.1-0.8nm"
}
