{
    "time_tag": "2026-05-29T11:48:00Z",
    "satellite": 19,
    "flux": 8.460770004603546e-07,
    "observed_flux": 8.698018518771278e-07,
    "electron_correction": 2.3724846087702645e-08,
    "electron_contaminaton": false,
    "energy": "0.1-0.8nm"
}