{
  "time_tag": "2026-02-11T07:19:00Z",
  "satellite": 18,
  "flux": 0.000001256512405234389,
  "observed_flux": 0.000001259112195839407,
  "electron_correction": 2.599839010741789E-9,
  "electron_contaminaton": false,
  "energy": "0.1-0.8nm"
}
