{
    "time_tag": "2026-05-23T21:57:00Z",
    "satellite": 18,
    "flux": 1.8230672367280931e-06,
    "observed_flux": 1.8547663103163359e-06,
    "electron_correction": 3.169899542854182e-08,
    "electron_contaminaton": false,
    "energy": "0.1-0.8nm"
}