{
    "time_tag": "2026-05-02T18:54:00Z",
    "satellite": 18,
    "flux": 1.8274015474162297e-06,
    "observed_flux": 1.872899588306609e-06,
    "electron_correction": 4.549804089037934e-08,
    "electron_contaminaton": false,
    "energy": "0.1-0.8nm"
}