{
  "time_tag": "2026-02-21T16:54:00Z",
  "satellite": 18,
  "flux": 4.167631004747818E-7,
  "observed_flux": 4.332380001415004E-7,
  "electron_correction": 1.647488545586384E-8,
  "electron_contaminaton": false,
  "energy": "0.1-0.8nm"
}
