{
    "time_tag": "2026-05-07T05:50:00Z",
    "satellite": 18,
    "flux": 8.239308044721838e-07,
    "observed_flux": 8.46368436668854e-07,
    "electron_correction": 2.2437610880388092e-08,
    "electron_contaminaton": false,
    "energy": "0.1-0.8nm"
}