{
  "time_tag": "2026-03-22T22:39:00Z",
  "satellite": 18,
  "flux": 6.689678571092372E-7,
  "observed_flux": 6.780678063478263E-7,
  "electron_correction": 9.099937692269577E-9,
  "electron_contaminaton": false,
  "energy": "0.1-0.8nm"
}
