{
  "time_tag": "2026-05-28T19:03:00Z",
  "satellite": 19,
  "flux": 8.430611728726944E-7,
  "observed_flux": 8.540607723261928E-7,
  "electron_correction": 1.0999580801751563E-8,
  "electron_contaminaton": false,
  "energy": "0.1-0.8nm"
}
