{
  "time_tag": "2026-06-25T13:51:00Z",
  "satellite": 18,
  "flux": 0.0000017924073745234637,
  "observed_flux": 0.0000018035002540273126,
  "electron_correction": 1.109294611723044E-8,
  "electron_contaminaton": false,
  "energy": "0.1-0.8nm"
}
