{
  "time_tag": "2026-02-14T10:20:00Z",
  "satellite": 18,
  "flux": 4.931788453177433E-7,
  "observed_flux": 5.126893256601761E-7,
  "electron_correction": 1.9510483895146535E-8,
  "electron_contaminaton": false,
  "energy": "0.1-0.8nm"
}
