{
  "time_tag": "2025-12-25T06:19:00Z",
  "satellite": 18,
  "flux": 0.000001725376705508097,
  "observed_flux": 0.0000017390410675943713,
  "electron_correction": 1.3664283926573262E-8,
  "electron_contaminaton": false,
  "energy": "0.1-0.8nm"
}
