{
  "time_tag": "2026-06-16T16:53:00Z",
  "satellite": 18,
  "flux": 5.159492388884246E-7,
  "observed_flux": 5.469904635901912E-7,
  "electron_correction": 3.104122470176662E-8,
  "electron_contaminaton": false,
  "energy": "0.1-0.8nm"
}
