{
  "time_tag": "2026-03-23T06:36:00Z",
  "satellite": 18,
  "flux": 6.757376240784652E-7,
  "observed_flux": 7.121848852875701E-7,
  "electron_correction": 3.644728252538698E-8,
  "electron_contaminaton": false,
  "energy": "0.1-0.8nm"
}
