{
    "time_tag": "2026-05-24T03:18:00Z",
    "satellite": 18,
    "flux": 1.2970664329259307e-06,
    "observed_flux": 1.3169178600946907e-06,
    "electron_correction": 1.9851455590469413e-08,
    "electron_contaminaton": false,
    "energy": "0.1-0.8nm"
}