{
  "time_tag": "2026-06-29T18:54:00Z",
  "satellite": 18,
  "flux": 0.0000023381135179079138,
  "observed_flux": 0.0000023688819510425674,
  "electron_correction": 3.0768550374205006E-8,
  "electron_contaminaton": false,
  "energy": "0.1-0.8nm"
}
