{
    "time_tag": "2026-07-02T18:06:00Z",
    "satellite": 18,
    "flux": 2.9259554139571264e-06,
    "observed_flux": 2.9369730327744037e-06,
    "electron_correction": 1.1017524670364764e-08,
    "electron_contaminaton": false,
    "energy": "0.1-0.8nm"
}