{
  "time_tag": "2025-12-17T10:18:00Z",
  "satellite": 18,
  "flux": 7.213234880509845E-7,
  "observed_flux": 7.308786962312297E-7,
  "electron_correction": 9.555240154668354E-9,
  "electron_contaminaton": false,
  "energy": "0.1-0.8nm"
}
