{
  "time_tag": "2026-06-24T21:55:00Z",
  "satellite": 18,
  "flux": 0.0000016275463394777034,
  "observed_flux": 0.0000016400623508161516,
  "electron_correction": 1.2516010450269732E-8,
  "electron_contaminaton": false,
  "energy": "0.1-0.8nm"
}
