{
  "time_tag": "2025-12-23T00:37:00Z",
  "satellite": 18,
  "flux": 7.684176921429753E-7,
  "observed_flux": 8.142981187120313E-7,
  "electron_correction": 4.588045499076543E-8,
  "electron_contaminaton": false,
  "energy": "0.1-0.8nm"
}
