{
    "time_tag": "2026-06-11T18:12:00Z",
    "satellite": 18,
    "flux": 6.635677891608793e-07,
    "observed_flux": 6.910182719366276e-07,
    "electron_correction": 2.745049165753244e-08,
    "electron_contaminaton": false,
    "energy": "0.1-0.8nm"
}