{
  "time_tag": "2026-03-21T07:39:00Z",
  "satellite": 18,
  "flux": 4.1013726104210946E-7,
  "observed_flux": 4.102161881291977E-7,
  "electron_correction": 7.891189091058237E-11,
  "electron_contaminaton": false,
  "energy": "0.1-0.8nm"
}
