{
  "time_tag": "2026-03-01T21:03:00Z",
  "satellite": 18,
  "flux": 0.0000018746159184956923,
  "observed_flux": 0.000001925377091538394,
  "electron_correction": 5.076124409697513E-8,
  "electron_contaminaton": false,
  "energy": "0.1-0.8nm"
}
