{
  "time_tag": "2026-06-28T11:29:00Z",
  "satellite": 18,
  "flux": 0.0000018233423588753794,
  "observed_flux": 0.0000018542635871199309,
  "electron_correction": 3.092124245540617E-8,
  "electron_contaminaton": false,
  "energy": "0.1-0.8nm"
}
