{
    "time_tag": "2026-05-24T13:41:00Z",
    "satellite": 18,
    "flux": 7.361207394751546e-07,
    "observed_flux": 7.444671723533247e-07,
    "electron_correction": 8.346424884564385e-09,
    "electron_contaminaton": false,
    "energy": "0.1-0.8nm"
}