{
  "time_tag": "2026-05-16T01:50:00Z",
  "satellite": 18,
  "flux": 3.8200403196242405E-7,
  "observed_flux": 3.9157126252575836E-7,
  "electron_correction": 9.567234116047985E-9,
  "electron_contaminaton": false,
  "energy": "0.1-0.8nm"
}
