{
  "time_tag": "2026-01-13T00:34:00Z",
  "satellite": 18,
  "flux": 9.322849905402109E-7,
  "observed_flux": 0.0000010005494459619513,
  "electron_correction": 6.826437726203949E-8,
  "electron_contaminaton": false,
  "energy": "0.1-0.8nm"
}
