{
  "time_tag": "2026-06-23T09:13:00Z",
  "satellite": 18,
  "flux": 8.00365910436085E-7,
  "observed_flux": 8.030168601180776E-7,
  "electron_correction": 2.6509197059709777E-9,
  "electron_contaminaton": false,
  "energy": "0.1-0.8nm"
}
