{
    "time_tag": "2026-06-21T20:13:00Z",
    "satellite": 18,
    "flux": 4.492342213779921e-06,
    "observed_flux": 4.510824055614648e-06,
    "electron_correction": 1.8481872032793945e-08,
    "electron_contaminaton": false,
    "energy": "0.1-0.8nm"
}