{
    "time_tag": "2026-05-24T10:25:00Z",
    "satellite": 18,
    "flux": 1.2859425169153837e-06,
    "observed_flux": 1.2925844430355937e-06,
    "electron_correction": 6.641939886975479e-09,
    "electron_contaminaton": false,
    "energy": "0.1-0.8nm"
}