{
  "time_tag": "2026-03-06T19:50:00Z",
  "satellite": 18,
  "flux": 7.7882418736408E-7,
  "observed_flux": 7.940358273117454E-7,
  "electron_correction": 1.5211648829449587E-8,
  "electron_contaminaton": false,
  "energy": "0.1-0.8nm"
}
