{
  "time_tag": "2026-02-28T15:21:00Z",
  "satellite": 18,
  "flux": 0.000001315411623181717,
  "observed_flux": 0.0000013565858125730301,
  "electron_correction": 4.1174207154881515E-8,
  "electron_contaminaton": false,
  "energy": "0.1-0.8nm"
}
