{
  "time_tag": "2026-02-07T18:56:00Z",
  "satellite": 18,
  "flux": 0.00000204984189622337,
  "observed_flux": 0.0000021054113403806696,
  "electron_correction": 5.556936599759865E-8,
  "electron_contaminaton": false,
  "energy": "0.1-0.8nm"
}
