{
  "time_tag": "2026-05-14T09:09:00Z",
  "satellite": 18,
  "flux": 7.839354339012061E-7,
  "observed_flux": 7.90021999819146E-7,
  "electron_correction": 6.0865614770477805E-9,
  "electron_contaminaton": false,
  "energy": "0.1-0.8nm"
}
