{
  "time_tag": "2026-03-08T05:43:00Z",
  "satellite": 18,
  "flux": 6.599967719012056E-7,
  "observed_flux": 6.823043463555223E-7,
  "electron_correction": 2.2307579783387155E-8,
  "electron_contaminaton": false,
  "energy": "0.1-0.8nm"
}
