{
  "time_tag": "2026-02-10T13:05:00Z",
  "satellite": 18,
  "flux": 0.000002580085947556654,
  "observed_flux": 0.0000025909314445016207,
  "electron_correction": 1.0845370823631129E-8,
  "electron_contaminaton": false,
  "energy": "0.1-0.8nm"
}
