{
  "time_tag": "2026-06-06T12:39:00Z",
  "satellite": 18,
  "flux": 0.000001144611019299191,
  "observed_flux": 0.000001169301299341896,
  "electron_correction": 2.4690322675269272E-8,
  "electron_contaminaton": false,
  "energy": "0.1-0.8nm"
}
