{
  "time_tag": "2026-04-19T09:00:00Z",
  "satellite": 18,
  "flux": 5.561118996411096E-7,
  "observed_flux": 5.745667976952973E-7,
  "electron_correction": 1.8454885619689776E-8,
  "electron_contaminaton": false,
  "energy": "0.1-0.8nm"
}
