{
    "time_tag": "2026-05-13T16:30:00Z",
    "satellite": 18,
    "flux": 4.957563533025677e-07,
    "observed_flux": 5.018265483158757e-07,
    "electron_correction": 6.070181246542461e-09,
    "electron_contaminaton": false,
    "energy": "0.1-0.8nm"
}