{
  "time_tag": "2026-05-23T16:44:00Z",
  "satellite": 18,
  "flux": 0.0000012480356872401899,
  "observed_flux": 0.0000012746786524076015,
  "electron_correction": 2.6643013129046267E-8,
  "electron_contaminaton": false,
  "energy": "0.1-0.8nm"
}
