{
  "time_tag": "2026-03-08T04:21:00Z",
  "satellite": 18,
  "flux": 7.242653623507067E-7,
  "observed_flux": 7.392933412120328E-7,
  "electron_correction": 1.502795043961669E-8,
  "electron_contaminaton": false,
  "energy": "0.1-0.8nm"
}
