{
    "time_tag": "2026-05-09T18:04:00Z",
    "satellite": 18,
    "flux": 9.025205258694768e-07,
    "observed_flux": 9.316734690401063e-07,
    "electron_correction": 2.9152969815982033e-08,
    "electron_contaminaton": false,
    "energy": "0.1-0.8nm"
}