{
  "time_tag": "2026-03-17T12:50:00Z",
  "satellite": 18,
  "flux": 4.1537157358106924E-7,
  "observed_flux": 4.39225431136947E-7,
  "electron_correction": 2.3853855779520927E-8,
  "electron_contaminaton": false,
  "energy": "0.1-0.8nm"
}
