{
  "time_tag": "2026-04-28T06:33:00Z",
  "satellite": 18,
  "flux": 0.000001760041413945146,
  "observed_flux": 0.0000017654326711635804,
  "electron_correction": 5.391157298362259E-9,
  "electron_contaminaton": false,
  "energy": "0.1-0.8nm"
}
