{
    "time_tag": "2026-04-28T23:11:00Z",
    "satellite": 18,
    "flux": 1.092437400984636e-06,
    "observed_flux": 1.10309292722377e-06,
    "electron_correction": 1.0655504922851833e-08,
    "electron_contaminaton": false,
    "energy": "0.1-0.8nm"
}