{
  "time_tag": "2026-05-13T15:48:00Z",
  "satellite": 18,
  "flux": 6.576012765435735E-7,
  "observed_flux": 6.634408578065631E-7,
  "electron_correction": 5.839551509012608E-9,
  "electron_contaminaton": false,
  "energy": "0.1-0.8nm"
}
