{
  "time_tag": "2026-05-02T18:32:00Z",
  "satellite": 18,
  "flux": 0.0000013184848057790077,
  "observed_flux": 0.0000013659101796292816,
  "electron_correction": 4.7425295690572966E-8,
  "electron_contaminaton": false,
  "energy": "0.1-0.8nm"
}
