{
    "time_tag": "2026-06-05T17:39:00Z",
    "satellite": 18,
    "flux": 9.905890010486473e-07,
    "observed_flux": 1.0028076076196157e-06,
    "electron_correction": 1.2218576372902135e-08,
    "electron_contaminaton": false,
    "energy": "0.1-0.8nm"
}