{
    "time_tag": "2026-06-24T18:00:00Z",
    "satellite": 18,
    "flux": 9.633019999455428e-07,
    "observed_flux": 9.896297115119523e-07,
    "electron_correction": 2.632771511912324e-08,
    "electron_contaminaton": false,
    "energy": "0.1-0.8nm"
}