{
    "time_tag": "2026-05-24T09:08:00Z",
    "satellite": 18,
    "flux": 8.728153488846147e-07,
    "observed_flux": 8.786990406406403e-07,
    "electron_correction": 5.883643794390991e-09,
    "electron_contaminaton": false,
    "energy": "0.1-0.8nm"
}