{
  "time_tag": "2026-03-23T18:29:00Z",
  "satellite": 18,
  "flux": 9.627389090383076E-7,
  "observed_flux": 0.000001197310552925046,
  "electron_correction": 2.3457171494101203E-7,
  "electron_contaminaton": false,
  "energy": "0.1-0.8nm"
}
