{
  "time_tag": "2026-06-15T19:46:00Z",
  "satellite": 18,
  "flux": 5.587463078882138E-7,
  "observed_flux": 6.053605829947628E-7,
  "electron_correction": 4.6614285764690067E-8,
  "electron_contaminaton": false,
  "energy": "0.1-0.8nm"
}
