{
  "time_tag": "2026-02-28T18:03:00Z",
  "satellite": 18,
  "flux": 0.0000032738898880779743,
  "observed_flux": 0.000003321982603665674,
  "electron_correction": 4.809285769624694E-8,
  "electron_contaminaton": false,
  "energy": "0.1-0.8nm"
}
