{
  "time_tag": "2026-03-23T10:05:00Z",
  "satellite": 18,
  "flux": 6.743699145772553E-7,
  "observed_flux": 6.86554074036394E-7,
  "electron_correction": 1.2184165676387693E-8,
  "electron_contaminaton": false,
  "energy": "0.1-0.8nm"
}
