{
  "time_tag": "2026-03-12T19:57:00Z",
  "satellite": 18,
  "flux": 0.0000010911463732554694,
  "observed_flux": 0.000001111315214075148,
  "electron_correction": 2.0168791081687232E-8,
  "electron_contaminaton": false,
  "energy": "0.1-0.8nm"
}
