{
  "time_tag": "2026-06-19T23:35:00Z",
  "satellite": 18,
  "flux": 5.691564979315444E-7,
  "observed_flux": 5.887285396966035E-7,
  "electron_correction": 1.957204531777279E-8,
  "electron_contaminaton": false,
  "energy": "0.1-0.8nm"
}
