{
  "time_tag": "2026-05-25T18:47:00Z",
  "satellite": 18,
  "flux": 0.0000012849736776843201,
  "observed_flux": 0.0000012938238569404348,
  "electron_correction": 8.850101984592129E-9,
  "electron_contaminaton": false,
  "energy": "0.1-0.8nm"
}
