{
  "time_tag": "2026-02-04T09:47:00Z",
  "satellite": 18,
  "flux": 0.000002803431698339409,
  "observed_flux": 0.0000028091790227335878,
  "electron_correction": 5.7473013015396646E-9,
  "electron_contaminaton": false,
  "energy": "0.1-0.8nm"
}
