{
    "time_tag": "2026-06-28T04:59:00Z",
    "satellite": 18,
    "flux": 1.9737410639208974e-06,
    "observed_flux": 2.0050176772201667e-06,
    "electron_correction": 3.1276712775252236e-08,
    "electron_contaminaton": false,
    "energy": "0.1-0.8nm"
}