{
  "time_tag": "2025-12-26T03:39:00Z",
  "satellite": 18,
  "flux": 0.0000022013600755599327,
  "observed_flux": 0.0000022359251943271374,
  "electron_correction": 3.4565143636200446E-8,
  "electron_contaminaton": false,
  "energy": "0.1-0.8nm"
}
