{
  "time_tag": "2026-02-04T16:11:00Z",
  "satellite": 18,
  "flux": 0.000006190475687617436,
  "observed_flux": 0.000006211111667653313,
  "electron_correction": 2.0636079511859862E-8,
  "electron_contaminaton": false,
  "energy": "0.1-0.8nm"
}
