{
  "time_tag": "2026-06-02T10:33:00Z",
  "satellite": 18,
  "flux": 0.000003484140734144603,
  "observed_flux": 0.0000035021330404561013,
  "electron_correction": 1.7992196177374353E-8,
  "electron_contaminaton": false,
  "energy": "0.1-0.8nm"
}
