{
    "time_tag": "2026-05-20T12:06:00Z",
    "satellite": 18,
    "flux": 5.619727403427532e-07,
    "observed_flux": 5.967063430034614e-07,
    "electron_correction": 3.47336239769902e-08,
    "electron_contaminaton": false,
    "energy": "0.1-0.8nm"
}