{
  "time_tag": "2026-03-07T05:26:00Z",
  "satellite": 18,
  "flux": 5.939673428656533E-7,
  "observed_flux": 5.949011097072798E-7,
  "electron_correction": 9.337302042666806E-10,
  "electron_contaminaton": false,
  "energy": "0.1-0.8nm"
}
