{
  "time_tag": "2026-04-25T00:57:00Z",
  "satellite": 18,
  "flux": 0.0000013339066526896204,
  "observed_flux": 0.000001336536342932959,
  "electron_correction": 2.629634954232074E-9,
  "electron_contaminaton": false,
  "energy": "0.1-0.8nm"
}
