{
    "time_tag": "2026-06-13T17:26:00Z",
    "satellite": 18,
    "flux": 5.614452902591438e-07,
    "observed_flux": 6.07540869168588e-07,
    "electron_correction": 4.609553982959369e-08,
    "electron_contaminaton": false,
    "energy": "0.1-0.8nm"
}