{
    "time_tag": "2026-05-03T16:28:00Z",
    "satellite": 18,
    "flux": 8.825893473840551e-07,
    "observed_flux": 9.176690696222067e-07,
    "electron_correction": 3.507974710714734e-08,
    "electron_contaminaton": false,
    "energy": "0.1-0.8nm"
}