{
  "time_tag": "2026-03-18T07:45:00Z",
  "satellite": 18,
  "flux": 5.331322086021828E-7,
  "observed_flux": 5.440102199827379E-7,
  "electron_correction": 1.0878016709625626E-8,
  "electron_contaminaton": false,
  "energy": "0.1-0.8nm"
}
