{
    "time_tag": "2026-05-09T02:49:00Z",
    "satellite": 18,
    "flux": 9.911299230225268e-07,
    "observed_flux": 1.0163834076593048e-06,
    "electron_correction": 2.5253466873209618e-08,
    "electron_contaminaton": false,
    "energy": "0.1-0.8nm"
}