{
    "time_tag": "2026-05-07T19:19:00Z",
    "satellite": 18,
    "flux": 1.0796516107802745e-06,
    "observed_flux": 1.1120877161374665e-06,
    "electron_correction": 3.243604851377313e-08,
    "electron_contaminaton": false,
    "energy": "0.1-0.8nm"
}