{
  "time_tag": "2025-12-19T18:19:00Z",
  "satellite": 18,
  "flux": 7.259081371557841E-7,
  "observed_flux": 7.973920901349629E-7,
  "electron_correction": 7.14839316628968E-8,
  "electron_contaminaton": false,
  "energy": "0.1-0.8nm"
}
