{
  "time_tag": "2026-04-18T13:46:00Z",
  "satellite": 18,
  "flux": 3.336527925057453E-7,
  "observed_flux": 3.47184851534621E-7,
  "electron_correction": 1.3532054587983566E-8,
  "electron_contaminaton": false,
  "energy": "0.1-0.8nm"
}
