{
  "time_tag": "2026-03-23T12:48:00Z",
  "satellite": 18,
  "flux": 8.561486311009503E-7,
  "observed_flux": 8.836319125293812E-7,
  "electron_correction": 2.7483293862928804E-8,
  "electron_contaminaton": false,
  "energy": "0.1-0.8nm"
}
