{
    "time_tag": "2026-05-21T17:02:00Z",
    "satellite": 18,
    "flux": 7.602020559716038e-07,
    "observed_flux": 8.066381269600242e-07,
    "electron_correction": 4.6436110068270864e-08,
    "electron_contaminaton": false,
    "energy": "0.1-0.8nm"
}