{
    "time_tag": "2026-06-02T10:05:00Z",
    "satellite": 18,
    "flux": 1.2996920304431114e-05,
    "observed_flux": 1.3014945579925552e-05,
    "electron_correction": 1.8024650216830196e-08,
    "electron_contaminaton": false,
    "energy": "0.1-0.8nm"
}