{
  "time_tag": "2026-01-20T05:20:00Z",
  "satellite": 18,
  "flux": 0.0000013345052138902247,
  "observed_flux": 0.0000013355835335460142,
  "electron_correction": 1.078396483222832E-9,
  "electron_contaminaton": false,
  "energy": "0.1-0.8nm"
}
