{
  "time_tag": "2026-06-30T15:44:00Z",
  "satellite": 18,
  "flux": 0.0000022321814867609646,
  "observed_flux": 0.0000022481503947346937,
  "electron_correction": 1.596889021016068E-8,
  "electron_contaminaton": false,
  "energy": "0.1-0.8nm"
}
