{
  "time_tag": "2025-12-22T09:19:00Z",
  "satellite": 18,
  "flux": 0.0000026556670036370633,
  "observed_flux": 0.000002673007429621066,
  "electron_correction": 1.7340520130915138E-8,
  "electron_contaminaton": false,
  "energy": "0.1-0.8nm"
}
