{
    "time_tag": "2026-05-18T20:15:00Z",
    "satellite": 18,
    "flux": 5.391121362663398e-07,
    "observed_flux": 5.848572754985071e-07,
    "electron_correction": 4.57451356794536e-08,
    "electron_contaminaton": false,
    "energy": "0.1-0.8nm"
}