{
  "time_tag": "2026-02-05T16:27:00Z",
  "satellite": 18,
  "flux": 0.00000650506399324513,
  "observed_flux": 0.000006519549060612917,
  "electron_correction": 1.4484912824741514E-8,
  "electron_contaminaton": false,
  "energy": "0.1-0.8nm"
}
