{
    "time_tag": "2026-07-02T16:09:00Z",
    "satellite": 18,
    "flux": 2.9023128718108637e-06,
    "observed_flux": 2.911747515099705e-06,
    "electron_correction": 9.434633518878854e-09,
    "electron_contaminaton": false,
    "energy": "0.1-0.8nm"
}