{
  "time_tag": "2026-01-29T09:24:00Z",
  "satellite": 18,
  "flux": 6.725815069330565E-7,
  "observed_flux": 6.916413326507609E-7,
  "electron_correction": 1.9059845257629604E-8,
  "electron_contaminaton": false,
  "energy": "0.1-0.8nm"
}
