{
  "time_tag": "2025-12-18T14:18:00Z",
  "satellite": 18,
  "flux": 4.845097691941191E-7,
  "observed_flux": 5.372132250158757E-7,
  "electron_correction": 5.270347713803858E-8,
  "electron_contaminaton": false,
  "energy": "0.1-0.8nm"
}
