{
  "time_tag": "2026-02-13T22:26:00Z",
  "satellite": 18,
  "flux": 4.6053540359025646E-7,
  "observed_flux": 5.101932174511603E-7,
  "electron_correction": 4.965780320276281E-8,
  "electron_contaminaton": false,
  "energy": "0.1-0.8nm"
}
