{
  "time_tag": "2026-02-21T14:38:00Z",
  "satellite": 18,
  "flux": 3.447818812674086E-7,
  "observed_flux": 3.529508205701859E-7,
  "electron_correction": 8.168940190955709E-9,
  "electron_contaminaton": false,
  "energy": "0.1-0.8nm"
}
