{
    "time_tag": "2026-06-29T02:19:00Z",
    "satellite": 18,
    "flux": 1.8237094536743825e-06,
    "observed_flux": 1.8539709571996354e-06,
    "electron_correction": 3.0261457339975095e-08,
    "electron_contaminaton": false,
    "energy": "0.1-0.8nm"
}