{
  "time_tag": "2026-05-08T06:48:00Z",
  "satellite": 18,
  "flux": 5.910982849854918E-7,
  "observed_flux": 5.916971304031904E-7,
  "electron_correction": 5.98825378173018E-10,
  "electron_contaminaton": false,
  "energy": "0.1-0.8nm"
}
