{
  "time_tag": "2026-05-21T22:24:00Z",
  "satellite": 18,
  "flux": 8.886470368452137E-7,
  "observed_flux": 9.445872137803235E-7,
  "electron_correction": 5.594021601496024E-8,
  "electron_contaminaton": false,
  "energy": "0.1-0.8nm"
}
