{
  "time_tag": "2026-03-31T06:28:00Z",
  "satellite": 18,
  "flux": 7.860747928134515E-7,
  "observed_flux": 7.911784223324503E-7,
  "electron_correction": 5.103630851266416E-9,
  "electron_contaminaton": false,
  "energy": "0.1-0.8nm"
}
