{
  "time_tag": "2026-05-16T22:48:00Z",
  "satellite": 18,
  "flux": 8.493070140502823E-7,
  "observed_flux": 9.791297088668216E-7,
  "electron_correction": 1.2982265218397515E-7,
  "electron_contaminaton": false,
  "energy": "0.1-0.8nm"
}
