{
    "time_tag": "2026-05-15T15:06:00Z",
    "satellite": 18,
    "flux": 5.628174903904437e-07,
    "observed_flux": 5.65587811252044e-07,
    "electron_correction": 2.770313090039167e-09,
    "electron_contaminaton": false,
    "energy": "0.1-0.8nm"
}