{
  "time_tag": "2026-02-20T23:10:00Z",
  "satellite": 18,
  "flux": 3.2570306984780473E-7,
  "observed_flux": 3.5398065278968716E-7,
  "electron_correction": 2.8277598929093983E-8,
  "electron_contaminaton": false,
  "energy": "0.1-0.8nm"
}
