{
  "time_tag": "2026-05-04T09:37:00Z",
  "satellite": 18,
  "flux": 7.554630769845971E-7,
  "observed_flux": 7.652155886717082E-7,
  "electron_correction": 9.752532115214763E-9,
  "electron_contaminaton": false,
  "energy": "0.1-0.8nm"
}
