{
  "time_tag": "2026-02-13T00:08:00Z",
  "satellite": 18,
  "flux": 5.191889727029775E-7,
  "observed_flux": 5.609002755591064E-7,
  "electron_correction": 4.1711270881705786E-8,
  "electron_contaminaton": false,
  "energy": "0.1-0.8nm"
}
