{
    "time_tag": "2026-06-23T17:03:00Z",
    "satellite": 18,
    "flux": 1.1667182207020232e-06,
    "observed_flux": 1.1717431789293187e-06,
    "electron_correction": 5.025021732052437e-09,
    "electron_contaminaton": false,
    "energy": "0.1-0.8nm"
}