{
    "time_tag": "2026-05-07T10:32:00Z",
    "satellite": 18,
    "flux": 7.072100629557099e-07,
    "observed_flux": 7.276287874447007e-07,
    "electron_correction": 2.041874758162976e-08,
    "electron_contaminaton": false,
    "energy": "0.1-0.8nm"
}