{
  "time_tag": "2026-03-04T16:18:00Z",
  "satellite": 18,
  "flux": 5.60457351639343E-7,
  "observed_flux": 5.817460078105796E-7,
  "electron_correction": 2.1288659723950332E-8,
  "electron_contaminaton": false,
  "energy": "0.1-0.8nm"
}
