{
    "time_tag": "2026-06-07T19:44:00Z",
    "satellite": 18,
    "flux": 1.1684688843160984e-06,
    "observed_flux": 1.2214634352858411e-06,
    "electron_correction": 5.299450478446488e-08,
    "electron_contaminaton": false,
    "energy": "0.1-0.8nm"
}