{
  "time_tag": "2026-03-15T21:07:00Z",
  "satellite": 18,
  "flux": 4.086485603238543E-7,
  "observed_flux": 4.928286898575607E-7,
  "electron_correction": 8.418012242827899E-8,
  "electron_contaminaton": false,
  "energy": "0.1-0.8nm"
}
