{
  "time_tag": "2026-06-23T21:04:00Z",
  "satellite": 18,
  "flux": 0.0000012642789215533412,
  "observed_flux": 0.000001267449647457397,
  "electron_correction": 3.170690376919083E-9,
  "electron_contaminaton": false,
  "energy": "0.1-0.8nm"
}
