{
  "time_tag": "2026-03-08T12:05:00Z",
  "satellite": 18,
  "flux": 6.663809699603007E-7,
  "observed_flux": 6.933881309123535E-7,
  "electron_correction": 2.7007148517554924E-8,
  "electron_contaminaton": false,
  "energy": "0.1-0.8nm"
}
