{
  "time_tag": "2026-02-03T23:38:00Z",
  "satellite": 18,
  "flux": 0.000012461080586945172,
  "observed_flux": 0.000012476974916353356,
  "electron_correction": 1.589410203450825E-8,
  "electron_contaminaton": false,
  "energy": "0.1-0.8nm"
}
