{
  "time_tag": "2026-03-01T22:36:00Z",
  "satellite": 18,
  "flux": 0.0000011777403869928094,
  "observed_flux": 0.000001223817776008218,
  "electron_correction": 4.607741743711813E-8,
  "electron_contaminaton": false,
  "energy": "0.1-0.8nm"
}
