{
  "time_tag": "2025-12-31T11:18:00Z",
  "satellite": 18,
  "flux": 0.0000017296797523158602,
  "observed_flux": 0.0000017333212554149213,
  "electron_correction": 3.6415317428151184E-9,
  "electron_contaminaton": false,
  "energy": "0.1-0.8nm"
}
