{
    "time_tag": "2026-06-09T21:53:00Z",
    "satellite": 18,
    "flux": 1.436760157957906e-06,
    "observed_flux": 1.468101345381001e-06,
    "electron_correction": 3.1341162554099355e-08,
    "electron_contaminaton": false,
    "energy": "0.1-0.8nm"
}