{
  "time_tag": "2026-03-12T12:09:00Z",
  "satellite": 18,
  "flux": 9.9775172657246E-7,
  "observed_flux": 0.0000010148904721063445,
  "electron_correction": 1.7138738428457145E-8,
  "electron_contaminaton": false,
  "energy": "0.1-0.8nm"
}
