{
  "time_tag": "2026-02-09T11:02:00Z",
  "satellite": 18,
  "flux": 0.000002711584784265142,
  "observed_flux": 0.000002726442971834331,
  "electron_correction": 1.4858221319968834E-8,
  "electron_contaminaton": false,
  "energy": "0.1-0.8nm"
}
