{
  "time_tag": "2026-01-11T03:48:00Z",
  "satellite": 18,
  "flux": 5.286917712510331E-7,
  "observed_flux": 5.370912958824192E-7,
  "electron_correction": 8.399534401348774E-9,
  "electron_contaminaton": false,
  "energy": "0.1-0.8nm"
}
