{
  "time_tag": "2026-06-17T21:54:00Z",
  "satellite": 18,
  "flux": 5.455035534396302E-7,
  "observed_flux": 5.60190244414116E-7,
  "electron_correction": 1.468668386905847E-8,
  "electron_contaminaton": false,
  "energy": "0.1-0.8nm"
}
