{
  "time_tag": "2025-12-17T06:19:00Z",
  "satellite": 18,
  "flux": 7.17732348221034E-7,
  "observed_flux": 7.207144676613098E-7,
  "electron_correction": 2.9821061175994146E-9,
  "electron_contaminaton": false,
  "energy": "0.1-0.8nm"
}
