{
  "time_tag": "2026-01-29T20:23:00Z",
  "satellite": 18,
  "flux": 6.631145765823021E-7,
  "observed_flux": 7.398901402666525E-7,
  "electron_correction": 7.677555657892299E-8,
  "electron_contaminaton": false,
  "energy": "0.1-0.8nm"
}
