{
  "time_tag": "2026-02-13T15:25:00Z",
  "satellite": 18,
  "flux": 5.140368557476904E-7,
  "observed_flux": 5.34161642917752E-7,
  "electron_correction": 2.0124769406493215E-8,
  "electron_contaminaton": false,
  "energy": "0.1-0.8nm"
}
