{
  "time_tag": "2025-12-22T23:18:00Z",
  "satellite": 18,
  "flux": 0.0000013437163488561055,
  "observed_flux": 0.000001398038989464112,
  "electron_correction": 5.432265126614766E-8,
  "electron_contaminaton": false,
  "energy": "0.1-0.8nm"
}
