{
    "time_tag": "2026-06-28T18:35:00Z",
    "satellite": 18,
    "flux": 2.0686109110101825e-06,
    "observed_flux": 2.1119553821336012e-06,
    "electron_correction": 4.334455283583338e-08,
    "electron_contaminaton": false,
    "energy": "0.1-0.8nm"
}