{
  "time_tag": "2026-02-08T16:39:00Z",
  "satellite": 18,
  "flux": 0.000002918391601269832,
  "observed_flux": 0.0000029678353712370154,
  "electron_correction": 4.944363141135E-8,
  "electron_contaminaton": false,
  "energy": "0.1-0.8nm"
}
