{
    "time_tag": "2026-06-04T15:41:00Z",
    "satellite": 18,
    "flux": 1.1699229389705579e-06,
    "observed_flux": 1.1771649042202625e-06,
    "electron_correction": 7.241937272084442e-09,
    "electron_contaminaton": false,
    "energy": "0.1-0.8nm"
}