{
    "time_tag": "2026-05-24T22:34:00Z",
    "satellite": 18,
    "flux": 1.0393758884674753e-06,
    "observed_flux": 1.051713638844376e-06,
    "electron_correction": 1.2337666888129206e-08,
    "electron_contaminaton": false,
    "energy": "0.1-0.8nm"
}