{
  "time_tag": "2026-05-12T22:35:00Z",
  "satellite": 18,
  "flux": 7.181498062891478E-7,
  "observed_flux": 7.294608508345846E-7,
  "electron_correction": 1.1311020564619412E-8,
  "electron_contaminaton": false,
  "energy": "0.1-0.8nm"
}
