{
  "time_tag": "2026-04-20T21:29:00Z",
  "satellite": 18,
  "flux": 4.871031933362246E-7,
  "observed_flux": 5.637049866891175E-7,
  "electron_correction": 7.66017862474655E-8,
  "electron_contaminaton": false,
  "energy": "0.1-0.8nm"
}
