{
  "time_tag": "2026-03-29T03:02:00Z",
  "satellite": 18,
  "flux": 0.0000010607242302285158,
  "observed_flux": 0.0000010662289469109965,
  "electron_correction": 5.5046713853812435E-9,
  "electron_contaminaton": false,
  "energy": "0.1-0.8nm"
}
