{
  "time_tag": "2026-03-27T16:30:00Z",
  "satellite": 18,
  "flux": 0.0000010646637065292452,
  "observed_flux": 0.0000011047593488910934,
  "electron_correction": 4.009560683471136E-8,
  "electron_contaminaton": false,
  "energy": "0.1-0.8nm"
}
