{
  "time_tag": "2026-01-28T12:21:00Z",
  "satellite": 18,
  "flux": 9.63551428867504E-7,
  "observed_flux": 9.783815357877756E-7,
  "electron_correction": 1.4830115802055843E-8,
  "electron_contaminaton": false,
  "energy": "0.1-0.8nm"
}
