{
  "time_tag": "2026-05-01T01:11:00Z",
  "satellite": 18,
  "flux": 0.0000010489532087376574,
  "observed_flux": 0.0000010584709571048734,
  "electron_correction": 9.517833632344264E-9,
  "electron_contaminaton": false,
  "energy": "0.1-0.8nm"
}
