{
  "time_tag": "2025-12-07T08:21:00Z",
  "satellite": 18,
  "flux": 0.000001928145820784266,
  "observed_flux": 0.000001941185018949909,
  "electron_correction": 1.303916441486308E-8,
  "electron_contaminaton": false,
  "energy": "0.1-0.8nm"
}
