{
  "time_tag": "2025-12-09T22:22:00Z",
  "satellite": 18,
  "flux": 0.000002665099145815475,
  "observed_flux": 0.0000026852512746700086,
  "electron_correction": 2.0152105761894745E-8,
  "electron_contaminaton": false,
  "energy": "0.1-0.8nm"
}
