{
  "time_tag": "2025-12-26T20:18:00Z",
  "satellite": 18,
  "flux": 0.0000017029517493938329,
  "observed_flux": 0.0000017461476318203495,
  "electron_correction": 4.319581137224304E-8,
  "electron_contaminaton": false,
  "energy": "0.1-0.8nm"
}
