{
  "time_tag": "2026-03-07T01:31:00Z",
  "satellite": 18,
  "flux": 8.596065868005098E-7,
  "observed_flux": 8.6161247736527E-7,
  "electron_correction": 2.005873689370219E-9,
  "electron_contaminaton": false,
  "energy": "0.1-0.8nm"
}
