{
  "time_tag": "2026-03-27T03:03:00Z",
  "satellite": 18,
  "flux": 0.000003463796019786969,
  "observed_flux": 0.0000034908828183688456,
  "electron_correction": 2.7086823450872544E-8,
  "electron_contaminaton": false,
  "energy": "0.1-0.8nm"
}
