{
    "time_tag": "2026-04-24T22:47:00Z",
    "satellite": 18,
    "flux": 1.91863955478766e-06,
    "observed_flux": 1.9367657841939945e-06,
    "electron_correction": 1.8126328882317466e-08,
    "electron_contaminaton": false,
    "energy": "0.1-0.8nm"
}