{
    "time_tag": "2026-06-28T11:30:00Z",
    "satellite": 18,
    "flux": 1.811398647078022e-06,
    "observed_flux": 1.8424581185172428e-06,
    "electron_correction": 3.105938262137897e-08,
    "electron_contaminaton": false,
    "energy": "0.1-0.8nm"
}