{
  "time_tag": "2026-01-15T04:26:00Z",
  "satellite": 18,
  "flux": 0.0000012710182772934786,
  "observed_flux": 0.0000013020164715271676,
  "electron_correction": 3.099813383755645E-8,
  "electron_contaminaton": false,
  "energy": "0.1-0.8nm"
}
