{
  "time_tag": "2025-12-30T11:18:00Z",
  "satellite": 18,
  "flux": 0.0000023157501800596947,
  "observed_flux": 0.00000231965941566159,
  "electron_correction": 3.909324419737459E-9,
  "electron_contaminaton": false,
  "energy": "0.1-0.8nm"
}
