{
  "time_tag": "2026-06-14T22:49:00Z",
  "satellite": 18,
  "flux": 5.140338430464908E-7,
  "observed_flux": 5.63513651741232E-7,
  "electron_correction": 4.947981580016858E-8,
  "electron_contaminaton": false,
  "energy": "0.1-0.8nm"
}
