{
  "time_tag": "2026-03-09T15:33:00Z",
  "satellite": 18,
  "flux": 6.999499078119698E-7,
  "observed_flux": 7.38867754535022E-7,
  "electron_correction": 3.891786803933428E-8,
  "electron_contaminaton": false,
  "energy": "0.1-0.8nm"
}
