{
    "time_tag": "2026-06-17T03:45:00Z",
    "satellite": 18,
    "flux": 5.306573029884021e-07,
    "observed_flux": 5.439088681669091e-07,
    "electron_correction": 1.32515873829675e-08,
    "electron_contaminaton": false,
    "energy": "0.1-0.8nm"
}