{
  "time_tag": "2026-02-06T11:40:00Z",
  "satellite": 18,
  "flux": 0.000001984152504519443,
  "observed_flux": 0.0000019890958355972543,
  "electron_correction": 4.943397691192786E-9,
  "electron_contaminaton": false,
  "energy": "0.1-0.8nm"
}
