{
  "time_tag": "2026-06-13T18:43:00Z",
  "satellite": 18,
  "flux": 5.572105123974325E-7,
  "observed_flux": 6.141309540907969E-7,
  "electron_correction": 5.6920459456932804E-8,
  "electron_contaminaton": false,
  "energy": "0.1-0.8nm"
}
