{
  "time_tag": "2026-04-26T17:59:00Z",
  "satellite": 18,
  "flux": 0.0000031955721624399303,
  "observed_flux": 0.0000032176676540984772,
  "electron_correction": 2.2095576923675253E-8,
  "electron_contaminaton": false,
  "energy": "0.1-0.8nm"
}
