{
  "time_tag": "2025-12-16T19:50:00Z",
  "satellite": 18,
  "flux": 6.346284067149099E-7,
  "observed_flux": 6.731364123879757E-7,
  "electron_correction": 3.85080198839205E-8,
  "electron_contaminaton": false,
  "energy": "0.1-0.8nm"
}
