{
  "time_tag": "2026-02-19T18:30:00Z",
  "satellite": 18,
  "flux": 4.173002992047259E-7,
  "observed_flux": 4.5985888164068456E-7,
  "electron_correction": 4.2558568225103954E-8,
  "electron_contaminaton": false,
  "energy": "0.1-0.8nm"
}
