{
    "time_tag": "2026-06-19T03:57:00Z",
    "satellite": 18,
    "flux": 4.665838844175596e-07,
    "observed_flux": 4.6977010015325504e-07,
    "electron_correction": 3.1862148475170216e-09,
    "electron_contaminaton": false,
    "energy": "0.1-0.8nm"
}