{
  "time_tag": "2026-04-24T17:30:00Z",
  "satellite": 18,
  "flux": 0.000003965724772569956,
  "observed_flux": 0.000004003018148068804,
  "electron_correction": 3.7293229837587205E-8,
  "electron_contaminaton": false,
  "energy": "0.1-0.8nm"
}
