{
  "time_tag": "2026-03-20T15:14:00Z",
  "satellite": 18,
  "flux": 3.0472364187517087E-7,
  "observed_flux": 3.0696631370119576E-7,
  "electron_correction": 2.2426884793702584E-9,
  "electron_contaminaton": false,
  "energy": "0.1-0.8nm"
}
