{
  "time_tag": "2026-02-19T20:06:00Z",
  "satellite": 18,
  "flux": 7.774948471706011E-7,
  "observed_flux": 8.238596365117701E-7,
  "electron_correction": 4.6364785788455265E-8,
  "electron_contaminaton": false,
  "energy": "0.1-0.8nm"
}
