{
  "time_tag": "2026-04-20T10:58:00Z",
  "satellite": 18,
  "flux": 3.541987041444372E-7,
  "observed_flux": 3.595046962345805E-7,
  "electron_correction": 5.305998307392201E-9,
  "electron_contaminaton": false,
  "energy": "0.1-0.8nm"
}
