{
  "time_tag": "2026-02-05T14:13:00Z",
  "satellite": 18,
  "flux": 0.0000025552985789545346,
  "observed_flux": 0.0000025638732950028498,
  "electron_correction": 8.574774668090868E-9,
  "electron_contaminaton": false,
  "energy": "0.1-0.8nm"
}
