{
  "time_tag": "2026-01-22T23:18:00Z",
  "satellite": 18,
  "flux": 0.000001833186161093181,
  "observed_flux": 0.0000018980732647833065,
  "electron_correction": 6.488716053354437E-8,
  "electron_contaminaton": false,
  "energy": "0.1-0.8nm"
}
