{
  "time_tag": "2026-02-26T12:45:00Z",
  "satellite": 18,
  "flux": 8.194978704523237E-7,
  "observed_flux": 8.436549023826956E-7,
  "electron_correction": 2.415702482494453E-8,
  "electron_contaminaton": false,
  "energy": "0.1-0.8nm"
}
