{
  "time_tag": "2026-04-21T18:03:00Z",
  "satellite": 18,
  "flux": 5.674853582604555E-7,
  "observed_flux": 6.68102188683406E-7,
  "electron_correction": 1.0061685173923252E-7,
  "electron_contaminaton": false,
  "energy": "0.1-0.8nm"
}
