{
  "time_tag": "2025-12-09T04:23:00Z",
  "satellite": 18,
  "flux": 0.000002061066197711625,
  "observed_flux": 0.0000020839145236095646,
  "electron_correction": 2.2848293923516394E-8,
  "electron_contaminaton": false,
  "energy": "0.1-0.8nm"
}
