{
    "time_tag": "2026-04-29T12:19:00Z",
    "satellite": 18,
    "flux": 1.2026237072859658e-06,
    "observed_flux": 1.2050086297676899e-06,
    "electron_correction": 2.3849693331357003e-09,
    "electron_contaminaton": false,
    "energy": "0.1-0.8nm"
}