{
  "time_tag": "2026-05-21T20:18:00Z",
  "satellite": 18,
  "flux": 0.0000011136763760077883,
  "observed_flux": 0.0000011820486633951077,
  "electron_correction": 6.837236554702031E-8,
  "electron_contaminaton": false,
  "energy": "0.1-0.8nm"
}
