{
  "time_tag": "2026-04-26T11:46:00Z",
  "satellite": 18,
  "flux": 0.000002282484501847648,
  "observed_flux": 0.0000022870847260492155,
  "electron_correction": 4.600221537032212E-9,
  "electron_contaminaton": false,
  "energy": "0.1-0.8nm"
}
