{
  "time_tag": "2026-03-31T10:20:00Z",
  "satellite": 18,
  "flux": 7.006933628872503E-7,
  "observed_flux": 7.077861141624453E-7,
  "electron_correction": 7.09275660426556E-9,
  "electron_contaminaton": false,
  "energy": "0.1-0.8nm"
}
