{
  "time_tag": "2026-02-12T23:50:00Z",
  "satellite": 18,
  "flux": 5.784746690551401E-7,
  "observed_flux": 6.217700274646631E-7,
  "electron_correction": 4.329540104208718E-8,
  "electron_contaminaton": false,
  "energy": "0.1-0.8nm"
}
