{
  "time_tag": "2026-02-23T22:14:00Z",
  "satellite": 18,
  "flux": 5.014958333049435E-7,
  "observed_flux": 6.064486228751775E-7,
  "electron_correction": 1.049528250973708E-7,
  "electron_contaminaton": false,
  "energy": "0.1-0.8nm"
}
