{
  "time_tag": "2026-06-10T22:10:00Z",
  "satellite": 18,
  "flux": 7.291708925549756E-7,
  "observed_flux": 7.805622317391681E-7,
  "electron_correction": 5.139130010434201E-8,
  "electron_contaminaton": false,
  "energy": "0.1-0.8nm"
}
