{
  "time_tag": "2025-12-18T00:34:00Z",
  "satellite": 18,
  "flux": 7.728853574917594E-7,
  "observed_flux": 8.041844239414786E-7,
  "electron_correction": 3.1299109082283394E-8,
  "electron_contaminaton": false,
  "energy": "0.1-0.8nm"
}
