{
  "time_tag": "2026-03-17T17:35:00Z",
  "satellite": 18,
  "flux": 3.997483020157233E-7,
  "observed_flux": 4.4085464878662606E-7,
  "electron_correction": 4.110633256004803E-8,
  "electron_contaminaton": false,
  "energy": "0.1-0.8nm"
}
