{
    "time_tag": "2026-06-25T08:36:00Z",
    "satellite": 18,
    "flux": 1.4959420013838098e-06,
    "observed_flux": 1.5007254887677846e-06,
    "electron_correction": 4.7835335692525405e-09,
    "electron_contaminaton": false,
    "energy": "0.1-0.8nm"
}