{
  "time_tag": "2026-06-27T08:16:00Z",
  "satellite": 18,
  "flux": 0.0000017900887314681313,
  "observed_flux": 0.0000018260670913150534,
  "electron_correction": 3.597834563606739E-8,
  "electron_contaminaton": false,
  "energy": "0.1-0.8nm"
}
