{
    "time_tag": "2026-05-27T23:11:00Z",
    "satellite": 19,
    "flux": 8.061333574005403e-07,
    "observed_flux": 8.377047606700216e-07,
    "electron_correction": 3.157136774234459e-08,
    "electron_contaminaton": false,
    "energy": "0.1-0.8nm"
}