{
    "time_tag": "2026-05-24T19:45:00Z",
    "satellite": 18,
    "flux": 9.264958293897507e-07,
    "observed_flux": 9.479574600845808e-07,
    "electron_correction": 2.1461641352971128e-08,
    "electron_contaminaton": false,
    "energy": "0.1-0.8nm"
}