{
    "time_tag": "2026-06-23T15:18:00Z",
    "satellite": 18,
    "flux": 9.382957841808093e-07,
    "observed_flux": 9.446042099625629e-07,
    "electron_correction": 6.3084502066601544e-09,
    "electron_contaminaton": false,
    "energy": "0.1-0.8nm"
}