{
  "time_tag": "2026-03-10T10:30:00Z",
  "satellite": 18,
  "flux": 9.535176559438696E-7,
  "observed_flux": 9.557091971146292E-7,
  "electron_correction": 2.191601566892132E-9,
  "electron_contaminaton": false,
  "energy": "0.1-0.8nm"
}
