{
  "time_tag": "2026-05-23T02:13:00Z",
  "satellite": 18,
  "flux": 9.89504883364134E-7,
  "observed_flux": 0.0000010149921081392677,
  "electron_correction": 2.5487249644129406E-8,
  "electron_contaminaton": false,
  "energy": "0.1-0.8nm"
}
