{
  "time_tag": "2026-03-28T22:05:00Z",
  "satellite": 18,
  "flux": 0.0000012956272712472128,
  "observed_flux": 0.0000013315359410626115,
  "electron_correction": 3.590867692082611E-8,
  "electron_contaminaton": false,
  "energy": "0.1-0.8nm"
}
