{
  "time_tag": "2026-05-02T11:48:00Z",
  "satellite": 18,
  "flux": 0.0000028469262360886205,
  "observed_flux": 0.0000028823803859268082,
  "electron_correction": 3.5454291946734884E-8,
  "electron_contaminaton": false,
  "energy": "0.1-0.8nm"
}
