{
  "time_tag": "2026-02-19T11:42:00Z",
  "satellite": 18,
  "flux": 4.3262960502943315E-7,
  "observed_flux": 4.3358244283808745E-7,
  "electron_correction": 9.52830037093122E-10,
  "electron_contaminaton": false,
  "energy": "0.1-0.8nm"
}
