{
  "time_tag": "2026-03-06T07:55:00Z",
  "satellite": 18,
  "flux": 6.107906642682792E-7,
  "observed_flux": 6.109279979682469E-7,
  "electron_correction": 1.3728873593521485E-10,
  "electron_contaminaton": false,
  "energy": "0.1-0.8nm"
}
