{
  "time_tag": "2026-06-28T13:10:00Z",
  "satellite": 18,
  "flux": 0.000001618141482140345,
  "observed_flux": 0.0000016518869188075769,
  "electron_correction": 3.374553259050117E-8,
  "electron_contaminaton": false,
  "energy": "0.1-0.8nm"
}
