{
  "time_tag": "2026-03-02T22:06:00Z",
  "satellite": 18,
  "flux": 9.474277931076358E-7,
  "observed_flux": 9.924721098286682E-7,
  "electron_correction": 4.5044341590028125E-8,
  "electron_contaminaton": false,
  "energy": "0.1-0.8nm"
}
