{
  "time_tag": "2026-03-23T12:25:00Z",
  "satellite": 18,
  "flux": 8.033268272811256E-7,
  "observed_flux": 8.27752785426128E-7,
  "electron_correction": 2.442598479035496E-8,
  "electron_contaminaton": false,
  "energy": "0.1-0.8nm"
}
