{
    "time_tag": "2026-06-12T14:47:00Z",
    "satellite": 18,
    "flux": 7.830223012206261e-07,
    "observed_flux": 7.997535931281163e-07,
    "electron_correction": 1.6731274143921837e-08,
    "electron_contaminaton": false,
    "energy": "0.1-0.8nm"
}