{
  "time_tag": "2026-06-03T17:52:00Z",
  "satellite": 18,
  "flux": 0.0000015648005273760646,
  "observed_flux": 0.0000016082636875580647,
  "electron_correction": 4.346308912772656E-8,
  "electron_contaminaton": false,
  "energy": "0.1-0.8nm"
}
