{
  "time_tag": "2026-02-03T13:22:00Z",
  "satellite": 18,
  "flux": 0.0000020242562186467694,
  "observed_flux": 0.00000203270792553667,
  "electron_correction": 8.451756627891882E-9,
  "electron_contaminaton": false,
  "energy": "0.1-0.8nm"
}
