{
  "time_tag": "2025-12-20T21:18:00Z",
  "satellite": 18,
  "flux": 7.320289228118781E-7,
  "observed_flux": 7.639338832632347E-7,
  "electron_correction": 3.1904974662211316E-8,
  "electron_contaminaton": false,
  "energy": "0.1-0.8nm"
}
