{
  "time_tag": "2026-06-10T16:03:00Z",
  "satellite": 18,
  "flux": 0.0000010530091003602138,
  "observed_flux": 0.0000010830265182448784,
  "electron_correction": 3.001739301566886E-8,
  "electron_contaminaton": false,
  "energy": "0.1-0.8nm"
}
