{
  "time_tag": "2026-02-22T16:03:00Z",
  "satellite": 18,
  "flux": 7.845483196433634E-7,
  "observed_flux": 8.060245590968407E-7,
  "electron_correction": 2.1476253664332035E-8,
  "electron_contaminaton": false,
  "energy": "0.1-0.8nm"
}
