{
  "time_tag": "2026-03-05T15:59:00Z",
  "satellite": 18,
  "flux": 5.538294090001727E-7,
  "observed_flux": 5.724053835365339E-7,
  "electron_correction": 1.8576001181713764E-8,
  "electron_contaminaton": false,
  "energy": "0.1-0.8nm"
}
