{
  "time_tag": "2026-05-21T06:33:00Z",
  "satellite": 18,
  "flux": 6.574939561687643E-7,
  "observed_flux": 6.820162070653168E-7,
  "electron_correction": 2.452224023841154E-8,
  "electron_contaminaton": false,
  "energy": "0.1-0.8nm"
}
