{
    "time_tag": "2026-06-27T13:22:00Z",
    "satellite": 18,
    "flux": 1.5555330037386739e-06,
    "observed_flux": 1.5941557194310008e-06,
    "electron_correction": 3.862275832489104e-08,
    "electron_contaminaton": false,
    "energy": "0.1-0.8nm"
}