{
  "time_tag": "2026-05-23T07:07:00Z",
  "satellite": 18,
  "flux": 0.0000014773173688809038,
  "observed_flux": 0.0000014916362260919414,
  "electron_correction": 1.4318803920332357E-8,
  "electron_contaminaton": false,
  "energy": "0.1-0.8nm"
}
