{
  "time_tag": "2026-02-17T23:27:00Z",
  "satellite": 18,
  "flux": 0.0000015018607655292726,
  "observed_flux": 0.0000015734769931441406,
  "electron_correction": 7.161622761486797E-8,
  "electron_contaminaton": false,
  "energy": "0.1-0.8nm"
}
