{
  "time_tag": "2026-03-22T23:05:00Z",
  "satellite": 18,
  "flux": 0.000001424794163540355,
  "observed_flux": 0.0000014285559473137255,
  "electron_correction": 3.761767342069788E-9,
  "electron_contaminaton": false,
  "energy": "0.1-0.8nm"
}
