{
  "time_tag": "2026-02-12T10:26:00Z",
  "satellite": 18,
  "flux": 7.599173841299489E-7,
  "observed_flux": 7.93567153323238E-7,
  "electron_correction": 3.3649765640575424E-8,
  "electron_contaminaton": false,
  "energy": "0.1-0.8nm"
}
