{
    "time_tag": "2026-04-22T18:15:00Z",
    "satellite": 18,
    "flux": 6.488325539066864e-07,
    "observed_flux": 6.995157946221298e-07,
    "electron_correction": 5.068326203172546e-08,
    "electron_contaminaton": false,
    "energy": "0.1-0.8nm"
}