{
  "time_tag": "2026-02-23T19:06:00Z",
  "satellite": 18,
  "flux": 4.473952230910072E-7,
  "observed_flux": 5.469230472954223E-7,
  "electron_correction": 9.95278384152698E-8,
  "electron_contaminaton": false,
  "energy": "0.1-0.8nm"
}
