{
  "time_tag": "2026-05-03T15:47:00Z",
  "satellite": 18,
  "flux": 9.517382864032697E-7,
  "observed_flux": 9.83743461802078E-7,
  "electron_correction": 3.200513987167142E-8,
  "electron_contaminaton": false,
  "energy": "0.1-0.8nm"
}
