{
  "time_tag": "2026-01-21T12:21:00Z",
  "satellite": 18,
  "flux": 0.0000026534380594966933,
  "observed_flux": 0.0000027307369236950763,
  "electron_correction": 7.729869366812636E-8,
  "electron_contaminaton": false,
  "energy": "0.1-0.8nm"
}
