{
  "time_tag": "2026-04-29T22:03:00Z",
  "satellite": 18,
  "flux": 0.0000010856971357497969,
  "observed_flux": 0.0000010926876257144613,
  "electron_correction": 6.990407808160626E-9,
  "electron_contaminaton": false,
  "energy": "0.1-0.8nm"
}
