{
  "time_tag": "2026-04-21T20:28:00Z",
  "satellite": 18,
  "flux": 6.281630930971005E-7,
  "observed_flux": 7.014021434770257E-7,
  "electron_correction": 7.323905037992517E-8,
  "electron_contaminaton": false,
  "energy": "0.1-0.8nm"
}
