{
  "time_tag": "2026-05-01T20:12:00Z",
  "satellite": 18,
  "flux": 9.528908435640915E-7,
  "observed_flux": 0.000001010458959171956,
  "electron_correction": 5.756809784429606E-8,
  "electron_contaminaton": false,
  "energy": "0.1-0.8nm"
}
