{
  "time_tag": "2026-03-14T19:21:00Z",
  "satellite": 18,
  "flux": 5.321733169694198E-7,
  "observed_flux": 5.996993195367395E-7,
  "electron_correction": 6.752598835646495E-8,
  "electron_contaminaton": false,
  "energy": "0.1-0.8nm"
}
