{
    "time_tag": "2026-05-13T12:52:00Z",
    "satellite": 18,
    "flux": 8.018757284844469e-07,
    "observed_flux": 8.060700906753482e-07,
    "electron_correction": 4.194364411347351e-09,
    "electron_contaminaton": false,
    "energy": "0.1-0.8nm"
}