{
  "time_tag": "2026-06-08T14:55:00Z",
  "satellite": 18,
  "flux": 8.476430934933887E-7,
  "observed_flux": 8.815014211904781E-7,
  "electron_correction": 3.385831348623469E-8,
  "electron_contaminaton": false,
  "energy": "0.1-0.8nm"
}
