{
  "time_tag": "2026-06-17T04:03:00Z",
  "satellite": 18,
  "flux": 5.330293788574636E-7,
  "observed_flux": 5.452413347484253E-7,
  "electron_correction": 1.2211982536314281E-8,
  "electron_contaminaton": false,
  "energy": "0.1-0.8nm"
}
