{
  "time_tag": "2026-06-13T23:19:00Z",
  "satellite": 18,
  "flux": 5.563887270909618E-7,
  "observed_flux": 6.106299110797409E-7,
  "electron_correction": 5.4241180436065406E-8,
  "electron_contaminaton": false,
  "energy": "0.1-0.8nm"
}
