{
    "time_tag": "2026-05-14T17:45:00Z",
    "satellite": 18,
    "flux": 4.377838195068762e-06,
    "observed_flux": 4.395190444483887e-06,
    "electron_correction": 1.7352220993416267e-08,
    "electron_contaminaton": false,
    "energy": "0.1-0.8nm"
}