{
  "time_tag": "2026-05-12T23:03:00Z",
  "satellite": 18,
  "flux": 7.479340524696454E-7,
  "observed_flux": 7.594454132231476E-7,
  "electron_correction": 1.1511354536253293E-8,
  "electron_contaminaton": false,
  "energy": "0.1-0.8nm"
}
