{
  "time_tag": "2026-03-26T18:04:00Z",
  "satellite": 18,
  "flux": 0.000001526703272247687,
  "observed_flux": 0.0000015700583162470139,
  "electron_correction": 4.335506886832263E-8,
  "electron_contaminaton": false,
  "energy": "0.1-0.8nm"
}
