{
  "time_tag": "2026-05-16T21:32:00Z",
  "satellite": 18,
  "flux": 0.0000011392340866223094,
  "observed_flux": 0.0000012631622894332395,
  "electron_correction": 1.2392828807605838E-7,
  "electron_contaminaton": false,
  "energy": "0.1-0.8nm"
}
