{
  "time_tag": "2026-02-21T17:23:00Z",
  "satellite": 18,
  "flux": 3.685485410187539E-7,
  "observed_flux": 3.8731948848180764E-7,
  "electron_correction": 1.8770936804912708E-8,
  "electron_contaminaton": false,
  "energy": "0.1-0.8nm"
}
