{
    "time_tag": "2026-06-29T20:53:00Z",
    "satellite": 18,
    "flux": 2.727583932937705e-06,
    "observed_flux": 2.7590042463998543e-06,
    "electron_correction": 3.142022819702106e-08,
    "electron_contaminaton": false,
    "energy": "0.1-0.8nm"
}