{
  "time_tag": "2026-03-27T14:07:00Z",
  "satellite": 18,
  "flux": 0.000001953968194357003,
  "observed_flux": 0.0000019871599761245307,
  "electron_correction": 3.319184926908747E-8,
  "electron_contaminaton": false,
  "energy": "0.1-0.8nm"
}
