{
    "time_tag": "2026-04-27T22:21:00Z",
    "satellite": 18,
    "flux": 8.787948786448396e-07,
    "observed_flux": 8.889227842701075e-07,
    "electron_correction": 1.012786476906058e-08,
    "electron_contaminaton": false,
    "energy": "0.1-0.8nm"
}