{
  "time_tag": "2026-02-13T12:04:00Z",
  "satellite": 18,
  "flux": 6.768731282136287E-7,
  "observed_flux": 6.924440754119132E-7,
  "electron_correction": 1.557091167114777E-8,
  "electron_contaminaton": false,
  "energy": "0.1-0.8nm"
}
