{
  "time_tag": "2026-01-24T08:19:00Z",
  "satellite": 18,
  "flux": 0.0000018814329223459936,
  "observed_flux": 0.0000019015081988982274,
  "electron_correction": 2.0075297868515918E-8,
  "electron_contaminaton": false,
  "energy": "0.1-0.8nm"
}
