{
  "time_tag": "2026-03-23T13:30:00Z",
  "satellite": 18,
  "flux": 8.441577961093572E-7,
  "observed_flux": 8.763270784584165E-7,
  "electron_correction": 3.2169296559914073E-8,
  "electron_contaminaton": false,
  "energy": "0.1-0.8nm"
}
