{
  "time_tag": "2026-06-25T18:56:00Z",
  "satellite": 18,
  "flux": 0.000001353722723251849,
  "observed_flux": 0.0000014343023622132023,
  "electron_correction": 8.057957501250712E-8,
  "electron_contaminaton": false,
  "energy": "0.1-0.8nm"
}
