{
  "time_tag": "2026-03-07T14:49:00Z",
  "satellite": 18,
  "flux": 6.364297178151901E-7,
  "observed_flux": 6.489629527095531E-7,
  "electron_correction": 1.2533211801724065E-8,
  "electron_contaminaton": false,
  "energy": "0.1-0.8nm"
}
