{
  "time_tag": "2026-03-16T00:38:00Z",
  "satellite": 18,
  "flux": 4.1331705347147363E-7,
  "observed_flux": 4.6733168801438296E-7,
  "electron_correction": 5.401463809562301E-8,
  "electron_contaminaton": false,
  "energy": "0.1-0.8nm"
}
