{
    "time_tag": "2026-05-14T08:17:00Z",
    "satellite": 18,
    "flux": 8.231826882365567e-07,
    "observed_flux": 8.286089041575906e-07,
    "electron_correction": 5.426229243710168e-09,
    "electron_contaminaton": false,
    "energy": "0.1-0.8nm"
}