{
  "time_tag": "2026-03-24T14:38:00Z",
  "satellite": 18,
  "flux": 6.375296379701467E-7,
  "observed_flux": 6.996912134127342E-7,
  "electron_correction": 6.216156123173278E-8,
  "electron_contaminaton": false,
  "energy": "0.1-0.8nm"
}
