{
  "time_tag": "2026-02-22T19:06:00Z",
  "satellite": 18,
  "flux": 4.97821815770294E-7,
  "observed_flux": 5.53105223843886E-7,
  "electron_correction": 5.528340452087832E-8,
  "electron_contaminaton": false,
  "energy": "0.1-0.8nm"
}
