{
  "time_tag": "2026-05-18T02:13:00Z",
  "satellite": 18,
  "flux": 5.283829977997812E-7,
  "observed_flux": 5.77855189476395E-7,
  "electron_correction": 4.947216680761812E-8,
  "electron_contaminaton": false,
  "energy": "0.1-0.8nm"
}
