{
    "time_tag": "2026-05-15T20:35:00Z",
    "satellite": 18,
    "flux": 3.548150004917261e-07,
    "observed_flux": 3.6721323226629465e-07,
    "electron_correction": 1.2398230886390138e-08,
    "electron_contaminaton": false,
    "energy": "0.1-0.8nm"
}