{
    "time_tag": "2026-06-09T03:20:00Z",
    "satellite": 18,
    "flux": 8.374672688660212e-07,
    "observed_flux": 8.700310445419746e-07,
    "electron_correction": 3.256376146509865e-08,
    "electron_contaminaton": false,
    "energy": "0.1-0.8nm"
}