{
  "time_tag": "2026-02-11T00:56:00Z",
  "satellite": 18,
  "flux": 0.000013536857295548543,
  "observed_flux": 0.000013563838365371339,
  "electron_correction": 2.698062573358584E-8,
  "electron_contaminaton": false,
  "energy": "0.1-0.8nm"
}
