{
    "time_tag": "2026-06-17T01:25:00Z",
    "satellite": 18,
    "flux": 5.799790301352914e-07,
    "observed_flux": 6.108616048550175e-07,
    "electron_correction": 3.0882549850730356e-08,
    "electron_contaminaton": false,
    "energy": "0.1-0.8nm"
}