{
    "time_tag": "2026-05-17T21:29:00Z",
    "satellite": 18,
    "flux": 2.493115744073293e-06,
    "observed_flux": 2.5608023861423135e-06,
    "electron_correction": 6.768655680389202e-08,
    "electron_contaminaton": false,
    "energy": "0.1-0.8nm"
}