{
  "time_tag": "2026-04-25T11:11:00Z",
  "satellite": 18,
  "flux": 0.0000010298516599505092,
  "observed_flux": 0.000001033813418871432,
  "electron_correction": 3.961681205311152E-9,
  "electron_contaminaton": false,
  "energy": "0.1-0.8nm"
}
