{
  "time_tag": "2026-06-26T12:25:00Z",
  "satellite": 18,
  "flux": 0.0000017234588085557334,
  "observed_flux": 0.0000017558618310431484,
  "electron_correction": 3.2403068672692825E-8,
  "electron_contaminaton": false,
  "energy": "0.1-0.8nm"
}
