{
  "time_tag": "2026-02-22T11:47:00Z",
  "satellite": 18,
  "flux": 3.164653321618971E-7,
  "observed_flux": 3.209982821772428E-7,
  "electron_correction": 4.532946462632026E-9,
  "electron_contaminaton": false,
  "energy": "0.1-0.8nm"
}
