{
  "time_tag": "2026-05-28T01:51:00Z",
  "satellite": 19,
  "flux": 8.04540775334317E-7,
  "observed_flux": 8.290109008157742E-7,
  "electron_correction": 2.4470168114021362E-8,
  "electron_contaminaton": false,
  "energy": "0.1-0.8nm"
}
