{
  "time_tag": "2026-05-04T05:46:00Z",
  "satellite": 18,
  "flux": 7.559239634247206E-7,
  "observed_flux": 7.693425914112595E-7,
  "electron_correction": 1.3418645750107316E-8,
  "electron_contaminaton": false,
  "energy": "0.1-0.8nm"
}
