{
  "time_tag": "2026-02-27T00:51:00Z",
  "satellite": 18,
  "flux": 0.0000011211551509404671,
  "observed_flux": 0.0000011897839158336865,
  "electron_correction": 6.862876489321934E-8,
  "electron_contaminaton": false,
  "energy": "0.1-0.8nm"
}
