{
  "time_tag": "2026-04-24T04:08:00Z",
  "satellite": 18,
  "flux": 0.0000032243906389339827,
  "observed_flux": 0.000003251337602705462,
  "electron_correction": 2.6947105880026356E-8,
  "electron_contaminaton": false,
  "energy": "0.1-0.8nm"
}
