{
    "time_tag": "2026-06-19T17:28:00Z",
    "satellite": 18,
    "flux": 4.679120593209518e-07,
    "observed_flux": 4.900599606116884e-07,
    "electron_correction": 2.2147908396163984e-08,
    "electron_contaminaton": false,
    "energy": "0.1-0.8nm"
}