{
  "time_tag": "2026-05-09T14:19:00Z",
  "satellite": 18,
  "flux": 0.0000014512194184135296,
  "observed_flux": 0.0000014717769545313786,
  "electron_correction": 2.0557463287218525E-8,
  "electron_contaminaton": false,
  "energy": "0.1-0.8nm"
}
