{
  "time_tag": "2026-01-25T21:18:00Z",
  "satellite": 18,
  "flux": 0.000003599793444664101,
  "observed_flux": 0.0000036685655686596874,
  "electron_correction": 6.877231584212495E-8,
  "electron_contaminaton": false,
  "energy": "0.1-0.8nm"
}
