{
  "time_tag": "2025-12-03T22:21:00Z",
  "satellite": 18,
  "flux": 0.0000035658367778523825,
  "observed_flux": 0.0000035659295463119633,
  "electron_correction": 9.272290574235953E-11,
  "electron_contaminaton": false,
  "energy": "0.1-0.8nm"
}
