{
  "time_tag": "2026-05-02T10:13:00Z",
  "satellite": 18,
  "flux": 0.0000011001360462614684,
  "observed_flux": 0.000001122082267102087,
  "electron_correction": 2.1946124917349152E-8,
  "electron_contaminaton": false,
  "energy": "0.1-0.8nm"
}
