{
  "time_tag": "2025-12-25T23:18:00Z",
  "satellite": 18,
  "flux": 0.0000016995726355162333,
  "observed_flux": 0.0000017477921119279927,
  "electron_correction": 4.8219458648190994E-8,
  "electron_contaminaton": false,
  "energy": "0.1-0.8nm"
}
