{
  "time_tag": "2025-12-27T14:18:00Z",
  "satellite": 18,
  "flux": 0.000002636072167661041,
  "observed_flux": 0.0000026748693926492706,
  "electron_correction": 3.8797068668827706E-8,
  "electron_contaminaton": false,
  "energy": "0.1-0.8nm"
}
