{
    "time_tag": "2026-06-08T14:35:00Z",
    "satellite": 18,
    "flux": 7.994585757842287e-07,
    "observed_flux": 8.367196642211638e-07,
    "electron_correction": 3.72610884369351e-08,
    "electron_contaminaton": false,
    "energy": "0.1-0.8nm"
}