{
  "time_tag": "2026-03-22T10:40:00Z",
  "satellite": 18,
  "flux": 5.886750500394555E-7,
  "observed_flux": 9.489531294093467E-7,
  "electron_correction": 3.602780793698912E-7,
  "electron_contaminaton": false,
  "energy": "0.1-0.8nm"
}
