{
  "time_tag": "2026-02-07T03:30:00Z",
  "satellite": 18,
  "flux": 0.000001585082600286114,
  "observed_flux": 0.0000016155341882040375,
  "electron_correction": 3.0451580812496104E-8,
  "electron_contaminaton": false,
  "energy": "0.1-0.8nm"
}
