{
    "time_tag": "2026-05-06T23:08:00Z",
    "satellite": 18,
    "flux": 5.881428251086618e-07,
    "observed_flux": 6.342593223962467e-07,
    "electron_correction": 4.611651505115333e-08,
    "electron_contaminaton": false,
    "energy": "0.1-0.8nm"
}