{
    "time_tag": "2026-04-23T01:07:00Z",
    "satellite": 18,
    "flux": 1.2422490272001596e-06,
    "observed_flux": 1.2764211305693607e-06,
    "electron_correction": 3.417210336920107e-08,
    "electron_contaminaton": false,
    "energy": "0.1-0.8nm"
}