{
  "time_tag": "2026-04-25T22:09:00Z",
  "satellite": 18,
  "flux": 0.000001434956743651128,
  "observed_flux": 0.000001444434019504115,
  "electron_correction": 9.477289175663373E-9,
  "electron_contaminaton": false,
  "energy": "0.1-0.8nm"
}
