{
    "time_tag": "2026-06-23T03:17:00Z",
    "satellite": 18,
    "flux": 8.391873507207492e-07,
    "observed_flux": 8.443170713690051e-07,
    "electron_correction": 5.129686897475949e-09,
    "electron_contaminaton": false,
    "energy": "0.1-0.8nm"
}