{
  "time_tag": "2026-03-19T11:53:00Z",
  "satellite": 18,
  "flux": 2.9291334158187965E-7,
  "observed_flux": 3.015415188656334E-7,
  "electron_correction": 8.62820037639267E-9,
  "electron_contaminaton": false,
  "energy": "0.1-0.8nm"
}
