{
    "time_tag": "2026-05-28T01:55:00Z",
    "satellite": 19,
    "flux": 7.905547931841284e-07,
    "observed_flux": 8.154461283993442e-07,
    "electron_correction": 2.4891326333431607e-08,
    "electron_contaminaton": false,
    "energy": "0.1-0.8nm"
}