{
  "time_tag": "2026-03-23T22:22:00Z",
  "satellite": 18,
  "flux": 7.358418088188046E-7,
  "observed_flux": 7.934590939839836E-7,
  "electron_correction": 5.7617288717892734E-8,
  "electron_contaminaton": false,
  "energy": "0.1-0.8nm"
}
