{
    "time_tag": "2026-06-05T15:58:00Z",
    "satellite": 18,
    "flux": 9.92254513221269e-07,
    "observed_flux": 9.955823543350562e-07,
    "electron_correction": 3.3279152766851894e-09,
    "electron_contaminaton": false,
    "energy": "0.1-0.8nm"
}