{
  "time_tag": "2026-03-11T12:21:00Z",
  "satellite": 18,
  "flux": 5.797012931907375E-7,
  "observed_flux": 6.21670835698751E-7,
  "electron_correction": 4.196955316615458E-8,
  "electron_contaminaton": false,
  "energy": "0.1-0.8nm"
}
