{
  "time_tag": "2026-05-16T01:04:00Z",
  "satellite": 18,
  "flux": 4.051428277307423E-7,
  "observed_flux": 4.2011618006654317E-7,
  "electron_correction": 1.4973341677659846E-8,
  "electron_contaminaton": false,
  "energy": "0.1-0.8nm"
}
