{
  "time_tag": "2026-02-06T12:11:00Z",
  "satellite": 18,
  "flux": 0.00000231803824135568,
  "observed_flux": 0.000002329228664166294,
  "electron_correction": 1.1190387283477321E-8,
  "electron_contaminaton": false,
  "energy": "0.1-0.8nm"
}
