{
  "time_tag": "2026-03-07T10:21:00Z",
  "satellite": 18,
  "flux": 9.973169881050126E-7,
  "observed_flux": 9.991457545766025E-7,
  "electron_correction": 1.8288353054174422E-9,
  "electron_contaminaton": false,
  "energy": "0.1-0.8nm"
}
