{
  "time_tag": "2026-03-12T08:43:00Z",
  "satellite": 18,
  "flux": 0.000001346000658486446,
  "observed_flux": 0.000001355011590931099,
  "electron_correction": 9.010934221009848E-9,
  "electron_contaminaton": false,
  "energy": "0.1-0.8nm"
}
