{
  "time_tag": "2026-06-20T00:05:00Z",
  "satellite": 18,
  "flux": 5.799541895612492E-7,
  "observed_flux": 6.001043288961228E-7,
  "electron_correction": 2.0150102031379902E-8,
  "electron_contaminaton": false,
  "energy": "0.1-0.8nm"
}
