{
  "time_tag": "2026-03-22T05:05:00Z",
  "satellite": 18,
  "flux": 5.148668265064771E-7,
  "observed_flux": 5.323246341504273E-7,
  "electron_correction": 1.745782896023229E-8,
  "electron_contaminaton": false,
  "energy": "0.1-0.8nm"
}
