{
  "time_tag": "2026-01-12T15:19:00Z",
  "satellite": 18,
  "flux": 0.000001114106567001727,
  "observed_flux": 0.000001170542418549303,
  "electron_correction": 5.643583378400763E-8,
  "electron_contaminaton": false,
  "energy": "0.1-0.8nm"
}
