{
  "time_tag": "2026-05-02T16:21:00Z",
  "satellite": 18,
  "flux": 0.0000014024685697222594,
  "observed_flux": 0.0000014401117596207769,
  "electron_correction": 3.76432645055047E-8,
  "electron_contaminaton": false,
  "energy": "0.1-0.8nm"
}
