{
  "time_tag": "2026-02-12T00:17:00Z",
  "satellite": 18,
  "flux": 0.0000014774240071346867,
  "observed_flux": 0.000001528888105895021,
  "electron_correction": 5.14641342874711E-8,
  "electron_contaminaton": false,
  "energy": "0.1-0.8nm"
}
