{
  "time_tag": "2026-04-22T16:06:00Z",
  "satellite": 18,
  "flux": 6.106170076236594E-7,
  "observed_flux": 6.500065978798375E-7,
  "electron_correction": 3.938960446703277E-8,
  "electron_contaminaton": false,
  "energy": "0.1-0.8nm"
}
