{
  "time_tag": "2026-05-15T16:13:00Z",
  "satellite": 18,
  "flux": 0.000005122529273648979,
  "observed_flux": 0.000005131070338393329,
  "electron_correction": 8.541197971112524E-9,
  "electron_contaminaton": false,
  "energy": "0.1-0.8nm"
}
