{
  "time_tag": "2026-04-24T01:50:00Z",
  "satellite": 18,
  "flux": 0.0000037926959066680865,
  "observed_flux": 0.000003823095539701171,
  "electron_correction": 3.0399867512187484E-8,
  "electron_contaminaton": false,
  "energy": "0.1-0.8nm"
}
