{
  "time_tag": "2026-03-30T23:10:00Z",
  "satellite": 18,
  "flux": 0.0000011790239113906864,
  "observed_flux": 0.000001199276084662415,
  "electron_correction": 2.0252207022508628E-8,
  "electron_contaminaton": false,
  "energy": "0.1-0.8nm"
}
