{
  "time_tag": "2026-01-14T03:48:00Z",
  "satellite": 18,
  "flux": 0.000006466345439548604,
  "observed_flux": 0.00000651137861495954,
  "electron_correction": 4.503319672721773E-8,
  "electron_contaminaton": false,
  "energy": "0.1-0.8nm"
}
