{
  "time_tag": "2026-03-27T22:41:00Z",
  "satellite": 18,
  "flux": 9.253516282115015E-7,
  "observed_flux": 9.538299536870909E-7,
  "electron_correction": 2.847830060659362E-8,
  "electron_contaminaton": false,
  "energy": "0.1-0.8nm"
}
