{
    "time_tag": "2026-05-31T13:44:00Z",
    "satellite": 18,
    "flux": 7.40660937026405e-07,
    "observed_flux": 7.694720238760056e-07,
    "electron_correction": 2.88110939550279e-08,
    "electron_contaminaton": false,
    "energy": "0.1-0.8nm"
}