{
  "time_tag": "2026-03-04T23:52:00Z",
  "satellite": 18,
  "flux": 5.712175266125996E-7,
  "observed_flux": 5.954632342763944E-7,
  "electron_correction": 2.4245686347512674E-8,
  "electron_contaminaton": false,
  "energy": "0.1-0.8nm"
}
