{
  "time_tag": "2026-02-06T10:09:00Z",
  "satellite": 18,
  "flux": 0.0000018354560324951308,
  "observed_flux": 0.0000018410537450108677,
  "electron_correction": 5.5977675827989515E-9,
  "electron_contaminaton": false,
  "energy": "0.1-0.8nm"
}
