{
  "time_tag": "2026-03-16T18:19:00Z",
  "satellite": 18,
  "flux": 4.025188786727085E-7,
  "observed_flux": 4.553299106646591E-7,
  "electron_correction": 5.281103909737794E-8,
  "electron_contaminaton": false,
  "energy": "0.1-0.8nm"
}
