{
    "time_tag": "2026-05-16T07:46:00Z",
    "satellite": 18,
    "flux": 3.6113971191298333e-07,
    "observed_flux": 3.7234434557831264e-07,
    "electron_correction": 1.120463632986457e-08,
    "electron_contaminaton": false,
    "energy": "0.1-0.8nm"
}