{
  "time_tag": "2026-03-28T16:24:00Z",
  "satellite": 18,
  "flux": 0.0000018831145780495717,
  "observed_flux": 0.00000191226308743353,
  "electron_correction": 2.9148463198680474E-8,
  "electron_contaminaton": false,
  "energy": "0.1-0.8nm"
}
