{
  "time_tag": "2026-04-29T22:31:00Z",
  "satellite": 18,
  "flux": 0.000001171875396721589,
  "observed_flux": 0.0000011787437870225403,
  "electron_correction": 6.868405399984567E-9,
  "electron_contaminaton": false,
  "energy": "0.1-0.8nm"
}
