{
  "time_tag": "2026-06-27T21:33:00Z",
  "satellite": 18,
  "flux": 0.000004078600795764942,
  "observed_flux": 0.000004129303306399379,
  "electron_correction": 5.070236852589005E-8,
  "electron_contaminaton": false,
  "energy": "0.1-0.8nm"
}
