{
  "time_tag": "2026-02-06T18:22:00Z",
  "satellite": 18,
  "flux": 0.0000013796973235002952,
  "observed_flux": 0.0000014591013268727693,
  "electron_correction": 7.940396784533732E-8,
  "electron_contaminaton": false,
  "energy": "0.1-0.8nm"
}
