{
  "time_tag": "2026-02-20T15:58:00Z",
  "satellite": 18,
  "flux": 3.863355004796176E-7,
  "observed_flux": 4.0793307221065334E-7,
  "electron_correction": 2.159758771824727E-8,
  "electron_contaminaton": false,
  "energy": "0.1-0.8nm"
}
