{
  "time_tag": "2026-03-19T22:04:00Z",
  "satellite": 18,
  "flux": 2.687451114979922E-7,
  "observed_flux": 2.888838537273841E-7,
  "electron_correction": 2.0138726242180383E-8,
  "electron_contaminaton": false,
  "energy": "0.1-0.8nm"
}
