{
  "time_tag": "2026-01-06T19:17:00Z",
  "satellite": 18,
  "flux": 0.0000014920136663931771,
  "observed_flux": 0.0000015355664118033019,
  "electron_correction": 4.355270988298798E-8,
  "electron_contaminaton": false,
  "energy": "0.1-0.8nm"
}
