{
  "time_tag": "2026-02-17T20:08:00Z",
  "satellite": 18,
  "flux": 5.959880695627362E-7,
  "observed_flux": 6.575339170922234E-7,
  "electron_correction": 6.154581910777779E-8,
  "electron_contaminaton": false,
  "energy": "0.1-0.8nm"
}
