{
  "time_tag": "2026-03-12T13:52:00Z",
  "satellite": 18,
  "flux": 7.020923931122525E-7,
  "observed_flux": 7.323161526073818E-7,
  "electron_correction": 3.022379857497981E-8,
  "electron_contaminaton": false,
  "energy": "0.1-0.8nm"
}
