{
  "time_tag": "2026-04-26T08:34:00Z",
  "satellite": 18,
  "flux": 9.609234439267311E-7,
  "observed_flux": 9.63226398198458E-7,
  "electron_correction": 2.302974921875034E-9,
  "electron_contaminaton": false,
  "energy": "0.1-0.8nm"
}
