{
    "time_tag": "2026-05-05T15:29:00Z",
    "satellite": 18,
    "flux": 9.104674631998932e-07,
    "observed_flux": 9.548265325065586e-07,
    "electron_correction": 4.435905509581062e-08,
    "electron_contaminaton": false,
    "energy": "0.1-0.8nm"
}