{
  "time_tag": "2026-03-02T06:01:00Z",
  "satellite": 18,
  "flux": 0.000001224109382746974,
  "observed_flux": 0.0000012386358321236912,
  "electron_correction": 1.4526432501327236E-8,
  "electron_contaminaton": false,
  "energy": "0.1-0.8nm"
}
