{
  "time_tag": "2026-05-03T22:08:00Z",
  "satellite": 18,
  "flux": 8.271676392723748E-7,
  "observed_flux": 8.653721010887239E-7,
  "electron_correction": 3.8204465369062746E-8,
  "electron_contaminaton": false,
  "energy": "0.1-0.8nm"
}
