{
  "time_tag": "2026-06-11T22:12:00Z",
  "satellite": 18,
  "flux": 0.0000012702995491054025,
  "observed_flux": 0.0000012785312719643116,
  "electron_correction": 8.231720194373793E-9,
  "electron_contaminaton": false,
  "energy": "0.1-0.8nm"
}
