{
  "time_tag": "2026-05-15T15:27:00Z",
  "satellite": 18,
  "flux": 5.061240813120094E-7,
  "observed_flux": 5.081597578282526E-7,
  "electron_correction": 2.0356798469123305E-9,
  "electron_contaminaton": false,
  "energy": "0.1-0.8nm"
}
