{
    "time_tag": "2026-05-09T21:47:00Z",
    "satellite": 18,
    "flux": 2.049248905677814e-06,
    "observed_flux": 2.0737629711220507e-06,
    "electron_correction": 2.4514024588029315e-08,
    "electron_contaminaton": false,
    "energy": "0.1-0.8nm"
}