{
    "time_tag": "2026-05-23T12:32:00Z",
    "satellite": 18,
    "flux": 8.575379979447462e-07,
    "observed_flux": 8.755036446927988e-07,
    "electron_correction": 1.7965685827903144e-08,
    "electron_contaminaton": false,
    "energy": "0.1-0.8nm"
}