{
  "time_tag": "2026-06-20T20:06:00Z",
  "satellite": 18,
  "flux": 5.765890023212705E-7,
  "observed_flux": 6.033017143636243E-7,
  "electron_correction": 2.6712680067930705E-8,
  "electron_contaminaton": false,
  "energy": "0.1-0.8nm"
}
