{
  "time_tag": "2026-03-13T05:33:00Z",
  "satellite": 18,
  "flux": 0.000001263331569134607,
  "observed_flux": 0.0000012701023024419555,
  "electron_correction": 6.7707532913630075E-9,
  "electron_contaminaton": false,
  "energy": "0.1-0.8nm"
}
