{
  "time_tag": "2026-05-26T23:34:00Z",
  "satellite": 18,
  "flux": 0.000001158201939688297,
  "observed_flux": 0.000001164542482001707,
  "electron_correction": 6.340560521067573E-9,
  "electron_contaminaton": false,
  "energy": "0.1-0.8nm"
}
