{
  "time_tag": "2026-03-03T06:29:00Z",
  "satellite": 18,
  "flux": 8.320680535689462E-7,
  "observed_flux": 8.321754307871743E-7,
  "electron_correction": 1.0734497318809488E-10,
  "electron_contaminaton": false,
  "energy": "0.1-0.8nm"
}
