{
  "time_tag": "2026-02-10T18:16:00Z",
  "satellite": 18,
  "flux": 0.0000014798858956055483,
  "observed_flux": 0.00000150408834542759,
  "electron_correction": 2.4202439163900635E-8,
  "electron_contaminaton": false,
  "energy": "0.1-0.8nm"
}
