{
  "time_tag": "2026-04-28T04:20:00Z",
  "satellite": 18,
  "flux": 0.0000014785156281504896,
  "observed_flux": 0.000001484894823988725,
  "electron_correction": 6.379268224776524E-9,
  "electron_contaminaton": false,
  "energy": "0.1-0.8nm"
}
