{
  "time_tag": "2026-04-21T20:04:00Z",
  "satellite": 18,
  "flux": 7.484064781237976E-7,
  "observed_flux": 8.330823106916796E-7,
  "electron_correction": 8.467583256788203E-8,
  "electron_contaminaton": false,
  "energy": "0.1-0.8nm"
}
