{
  "time_tag": "2026-02-01T10:23:00Z",
  "satellite": 18,
  "flux": 0.000015970705135259777,
  "observed_flux": 0.000015997395166778006,
  "electron_correction": 2.6689960463954776E-8,
  "electron_contaminaton": false,
  "energy": "0.1-0.8nm"
}
