{
  "time_tag": "2026-03-12T05:34:00Z",
  "satellite": 18,
  "flux": 7.088293614287977E-7,
  "observed_flux": 7.304477662728459E-7,
  "electron_correction": 2.161840129133452E-8,
  "electron_contaminaton": false,
  "energy": "0.1-0.8nm"
}
