{
  "time_tag": "2026-03-12T02:35:00Z",
  "satellite": 18,
  "flux": 5.579348112405569E-7,
  "observed_flux": 5.810798029415309E-7,
  "electron_correction": 2.3145011240899294E-8,
  "electron_contaminaton": false,
  "energy": "0.1-0.8nm"
}
