{
  "time_tag": "2026-05-30T21:16:00Z",
  "satellite": 18,
  "flux": 8.326430247507233E-7,
  "observed_flux": 8.493885843563476E-7,
  "electron_correction": 1.6745548947483258E-8,
  "electron_contaminaton": false,
  "energy": "0.1-0.8nm"
}
