{
  "time_tag": "2026-03-31T04:08:00Z",
  "satellite": 18,
  "flux": 0.0000011207861234652228,
  "observed_flux": 0.00000112993006951001,
  "electron_correction": 9.143922952148387E-9,
  "electron_contaminaton": false,
  "energy": "0.1-0.8nm"
}
