{
  "time_tag": "2026-03-02T18:25:00Z",
  "satellite": 18,
  "flux": 0.000001110571588469611,
  "observed_flux": 0.0000011400466064515058,
  "electron_correction": 2.9475057061745247E-8,
  "electron_contaminaton": false,
  "energy": "0.1-0.8nm"
}
