{
    "time_tag": "2026-04-28T07:36:00Z",
    "satellite": 18,
    "flux": 2.1874918729736237e-06,
    "observed_flux": 2.1921503048361046e-06,
    "electron_correction": 4.6584731627774545e-09,
    "electron_contaminaton": false,
    "energy": "0.1-0.8nm"
}