{
  "time_tag": "2026-05-20T13:20:00Z",
  "satellite": 18,
  "flux": 4.74913690595713E-7,
  "observed_flux": 5.105038098918158E-7,
  "electron_correction": 3.5590144165098536E-8,
  "electron_contaminaton": false,
  "energy": "0.1-0.8nm"
}
