{
  "time_tag": "2026-02-13T18:20:00Z",
  "satellite": 18,
  "flux": 4.922839025311987E-7,
  "observed_flux": 5.306935690896353E-7,
  "electron_correction": 3.8409666558436584E-8,
  "electron_contaminaton": false,
  "energy": "0.1-0.8nm"
}
