{
  "time_tag": "2026-02-04T04:17:00Z",
  "satellite": 18,
  "flux": 0.000005443975169328041,
  "observed_flux": 0.000005455585778690875,
  "electron_correction": 1.1610563177555377E-8,
  "electron_contaminaton": false,
  "energy": "0.1-0.8nm"
}
