{
    "time_tag": "2026-05-13T05:55:00Z",
    "satellite": 18,
    "flux": 7.480671797566174e-07,
    "observed_flux": 7.549359679615009e-07,
    "electron_correction": 6.868769553136644e-09,
    "electron_contaminaton": false,
    "energy": "0.1-0.8nm"
}