{
  "time_tag": "2026-01-03T21:18:00Z",
  "satellite": 18,
  "flux": 0.000001316594307354535,
  "observed_flux": 0.000001374849944113521,
  "electron_correction": 5.825564031169961E-8,
  "electron_contaminaton": false,
  "energy": "0.1-0.8nm"
}
