{
  "time_tag": "2026-02-28T05:41:00Z",
  "satellite": 18,
  "flux": 0.0000018634908656167681,
  "observed_flux": 0.000001885311121441191,
  "electron_correction": 2.182034286590806E-8,
  "electron_contaminaton": false,
  "energy": "0.1-0.8nm"
}
