{
  "time_tag": "2026-02-14T09:39:00Z",
  "satellite": 18,
  "flux": 5.18935564741696E-7,
  "observed_flux": 5.369108180275362E-7,
  "electron_correction": 1.7975247956769635E-8,
  "electron_contaminaton": false,
  "energy": "0.1-0.8nm"
}
