{
  "time_tag": "2025-12-08T02:50:00Z",
  "satellite": 18,
  "flux": 0.000002217917426605709,
  "observed_flux": 0.000002249649924124242,
  "electron_correction": 3.173228435571218E-8,
  "electron_contaminaton": false,
  "energy": "0.1-0.8nm"
}
