{
  "time_tag": "2026-06-09T13:38:00Z",
  "satellite": 18,
  "flux": 0.0000012544008995973854,
  "observed_flux": 0.00000127408543448837,
  "electron_correction": 1.96845100219889E-8,
  "electron_contaminaton": false,
  "energy": "0.1-0.8nm"
}
