{
  "time_tag": "2026-03-04T06:43:00Z",
  "satellite": 18,
  "flux": 5.499020971910795E-7,
  "observed_flux": 5.571450287789048E-7,
  "electron_correction": 7.242905830651125E-9,
  "electron_contaminaton": false,
  "energy": "0.1-0.8nm"
}
