{
  "time_tag": "2026-03-07T20:02:00Z",
  "satellite": 18,
  "flux": 8.099981414488866E-7,
  "observed_flux": 8.522475241079519E-7,
  "electron_correction": 4.224938976449266E-8,
  "electron_contaminaton": false,
  "energy": "0.1-0.8nm"
}
