{
  "time_tag": "2025-12-12T08:19:00Z",
  "satellite": 18,
  "flux": 0.0000011860092854476534,
  "observed_flux": 0.000001187294174087583,
  "electron_correction": 1.2849263875125416E-9,
  "electron_contaminaton": false,
  "energy": "0.1-0.8nm"
}
