{
  "time_tag": "2026-06-30T22:11:00Z",
  "satellite": 18,
  "flux": 0.000004596339294948848,
  "observed_flux": 0.000004607024493452627,
  "electron_correction": 1.0685406337529457E-8,
  "electron_contaminaton": false,
  "energy": "0.1-0.8nm"
}
