{
    "time_tag": "2026-05-08T15:17:00Z",
    "satellite": 18,
    "flux": 7.748366215309943e-07,
    "observed_flux": 7.85608619935374e-07,
    "electron_correction": 1.0772010838877577e-08,
    "electron_contaminaton": false,
    "energy": "0.1-0.8nm"
}