{
  "time_tag": "2026-03-10T11:23:00Z",
  "satellite": 18,
  "flux": 0.000001505027171333495,
  "observed_flux": 0.0000015059025599839515,
  "electron_correction": 8.75299499547566E-10,
  "electron_contaminaton": false,
  "energy": "0.1-0.8nm"
}
