{
  "time_tag": "2026-03-30T11:34:00Z",
  "satellite": 18,
  "flux": 0.0000026460825210961048,
  "observed_flux": 0.0000026524746772338403,
  "electron_correction": 6.392085083462007E-9,
  "electron_contaminaton": false,
  "energy": "0.1-0.8nm"
}
