{
  "time_tag": "2026-06-09T07:58:00Z",
  "satellite": 18,
  "flux": 0.0000011147131999678095,
  "observed_flux": 0.0000011421702765801456,
  "electron_correction": 2.7457137008468635E-8,
  "electron_contaminaton": false,
  "energy": "0.1-0.8nm"
}
