{
  "time_tag": "2026-04-25T09:59:00Z",
  "satellite": 18,
  "flux": 0.0000016157596292032395,
  "observed_flux": 0.000001618746296117024,
  "electron_correction": 2.986731306720003E-9,
  "electron_contaminaton": false,
  "energy": "0.1-0.8nm"
}
