{
  "time_tag": "2026-06-15T14:59:00Z",
  "satellite": 18,
  "flux": 7.292690611393482E-7,
  "observed_flux": 7.650281190763053E-7,
  "electron_correction": 3.575904372610239E-8,
  "electron_contaminaton": false,
  "energy": "0.1-0.8nm"
}
