{
  "time_tag": "2026-01-12T03:48:00Z",
  "satellite": 18,
  "flux": 0.000003855652266793186,
  "observed_flux": 0.0000038702610254404135,
  "electron_correction": 1.460884480053437E-8,
  "electron_contaminaton": false,
  "energy": "0.1-0.8nm"
}
