{
  "time_tag": "2026-06-12T10:04:00Z",
  "satellite": 18,
  "flux": 5.368940492189722E-7,
  "observed_flux": 5.424599294201471E-7,
  "electron_correction": 5.565911731508777E-9,
  "electron_contaminaton": false,
  "energy": "0.1-0.8nm"
}
