{
  "time_tag": "2025-12-30T03:41:00Z",
  "satellite": 18,
  "flux": 0.000001961330553967855,
  "observed_flux": 0.0000019795563730440335,
  "electron_correction": 1.822580664168072E-8,
  "electron_contaminaton": false,
  "energy": "0.1-0.8nm"
}
