{
  "time_tag": "2026-04-17T23:42:00Z",
  "satellite": 18,
  "flux": 3.4935382586809283E-7,
  "observed_flux": 3.6016268722960376E-7,
  "electron_correction": 1.08088462624778E-8,
  "electron_contaminaton": false,
  "energy": "0.1-0.8nm"
}
