{
    "time_tag": "2026-06-30T15:31:00Z",
    "satellite": 18,
    "flux": 1.952444108610507e-06,
    "observed_flux": 1.967877324204892e-06,
    "electron_correction": 1.5433297306799432e-08,
    "electron_contaminaton": false,
    "energy": "0.1-0.8nm"
}