{
  "time_tag": "2026-05-10T10:21:00Z",
  "satellite": 18,
  "flux": 7.470226819350501E-7,
  "observed_flux": 7.561399684163916E-7,
  "electron_correction": 9.117250954204792E-9,
  "electron_contaminaton": false,
  "energy": "0.1-0.8nm"
}
