{
  "time_tag": "2026-06-11T18:37:00Z",
  "satellite": 18,
  "flux": 6.627612947340822E-7,
  "observed_flux": 6.839628099442052E-7,
  "electron_correction": 2.1201522315550392E-8,
  "electron_contaminaton": false,
  "energy": "0.1-0.8nm"
}
