{
    "time_tag": "2026-05-31T07:54:00Z",
    "satellite": 18,
    "flux": 8.682698648954101e-07,
    "observed_flux": 8.900291845748143e-07,
    "electron_correction": 2.1759335666615698e-08,
    "electron_contaminaton": false,
    "energy": "0.1-0.8nm"
}