{
  "time_tag": "2026-06-02T04:04:00Z",
  "satellite": 18,
  "flux": 9.280203130401787E-7,
  "observed_flux": 9.462546017857676E-7,
  "electron_correction": 1.8234322496368804E-8,
  "electron_contaminaton": false,
  "energy": "0.1-0.8nm"
}
