{
  "time_tag": "2026-01-15T23:18:00Z",
  "satellite": 18,
  "flux": 0.0000011814953495559166,
  "observed_flux": 0.0000012318948847678257,
  "electron_correction": 5.039955297547749E-8,
  "electron_contaminaton": false,
  "energy": "0.1-0.8nm"
}
