{
  "time_tag": "2026-02-21T10:03:00Z",
  "satellite": 18,
  "flux": 3.0395364092328236E-7,
  "observed_flux": 3.054492765386385E-7,
  "electron_correction": 1.495625734371231E-9,
  "electron_contaminaton": false,
  "energy": "0.1-0.8nm"
}
