{
  "time_tag": "2025-12-04T11:22:00Z",
  "satellite": 18,
  "flux": 0.0000032832674605742795,
  "observed_flux": 0.0000033628921300987713,
  "electron_correction": 7.962455583765404E-8,
  "electron_contaminaton": false,
  "energy": "0.1-0.8nm"
}
