{
  "time_tag": "2025-12-21T01:48:00Z",
  "satellite": 18,
  "flux": 0.0000011677296924972325,
  "observed_flux": 0.0000011957528158745845,
  "electron_correction": 2.8023107390140467E-8,
  "electron_contaminaton": false,
  "energy": "0.1-0.8nm"
}
