{
  "time_tag": "2026-04-19T10:43:00Z",
  "satellite": 18,
  "flux": 3.2245560532828677E-7,
  "observed_flux": 3.335752012390003E-7,
  "electron_correction": 1.1119587028929345E-8,
  "electron_contaminaton": false,
  "energy": "0.1-0.8nm"
}
