{
  "time_tag": "2026-02-10T08:49:00Z",
  "satellite": 18,
  "flux": 0.0000020979648525099037,
  "observed_flux": 0.0000021160051346669206,
  "electron_correction": 1.8040353211290494E-8,
  "electron_contaminaton": false,
  "energy": "0.1-0.8nm"
}
