{
  "time_tag": "2026-03-04T11:08:00Z",
  "satellite": 18,
  "flux": 5.717411681871454E-7,
  "observed_flux": 5.738539243793639E-7,
  "electron_correction": 2.112751529281809E-9,
  "electron_contaminaton": false,
  "energy": "0.1-0.8nm"
}
