{
  "time_tag": "2026-05-01T12:11:00Z",
  "satellite": 18,
  "flux": 9.39901667607046E-7,
  "observed_flux": 9.676308536654687E-7,
  "electron_correction": 2.772919849292066E-8,
  "electron_contaminaton": false,
  "energy": "0.1-0.8nm"
}
