{
  "time_tag": "2026-03-30T20:26:00Z",
  "satellite": 18,
  "flux": 0.0000014279740980782663,
  "observed_flux": 0.0000014491253068626975,
  "electron_correction": 2.1151301154986868E-8,
  "electron_contaminaton": false,
  "energy": "0.1-0.8nm"
}
