{
  "time_tag": "2026-04-28T22:43:00Z",
  "satellite": 18,
  "flux": 0.0000010220031754215597,
  "observed_flux": 0.000001033403805195121,
  "electron_correction": 1.1400695498764435E-8,
  "electron_contaminaton": false,
  "energy": "0.1-0.8nm"
}
