{
  "time_tag": "2026-01-30T18:25:00Z",
  "satellite": 18,
  "flux": 0.000001059569626704615,
  "observed_flux": 0.000001137146227847552,
  "electron_correction": 7.757650166695385E-8,
  "electron_contaminaton": false,
  "energy": "0.1-0.8nm"
}
