{
  "time_tag": "2026-02-08T18:21:00Z",
  "satellite": 18,
  "flux": 0.000004038076895085396,
  "observed_flux": 0.000004096614702575607,
  "electron_correction": 5.8537882097198235E-8,
  "electron_contaminaton": false,
  "energy": "0.1-0.8nm"
}
