{
  "time_tag": "2026-03-16T15:55:00Z",
  "satellite": 18,
  "flux": 4.775906745635439E-7,
  "observed_flux": 5.153927418177773E-7,
  "electron_correction": 3.780205659609237E-8,
  "electron_contaminaton": false,
  "energy": "0.1-0.8nm"
}
