{
  "time_tag": "2026-06-29T10:28:00Z",
  "satellite": 18,
  "flux": 0.0000021950131667836104,
  "observed_flux": 0.000002216661187048885,
  "electron_correction": 2.1647924342005354E-8,
  "electron_contaminaton": false,
  "energy": "0.1-0.8nm"
}
