{
  "time_tag": "2026-03-28T16:09:00Z",
  "satellite": 18,
  "flux": 0.0000020342790776339825,
  "observed_flux": 0.0000020554443835862912,
  "electron_correction": 2.1165107000342687E-8,
  "electron_contaminaton": false,
  "energy": "0.1-0.8nm"
}
