{
  "time_tag": "2025-12-24T17:18:00Z",
  "satellite": 18,
  "flux": 0.000001485975417381269,
  "observed_flux": 0.000001535143269393302,
  "electron_correction": 4.9167862670174145E-8,
  "electron_contaminaton": false,
  "energy": "0.1-0.8nm"
}
