{
    "time_tag": "2026-05-03T04:28:00Z",
    "satellite": 18,
    "flux": 8.946179832491907e-07,
    "observed_flux": 8.994446716314997e-07,
    "electron_correction": 4.826680388703153e-09,
    "electron_contaminaton": false,
    "energy": "0.1-0.8nm"
}