{
  "time_tag": "2026-03-20T22:04:00Z",
  "satellite": 18,
  "flux": 3.0559718311451434E-7,
  "observed_flux": 3.0559718311451434E-7,
  "electron_correction": 0.0,
  "electron_contaminaton": false,
  "energy": "0.1-0.8nm"
}
