{
  "time_tag": "2026-03-01T13:14:00Z",
  "satellite": 18,
  "flux": 0.0000012905666153528728,
  "observed_flux": 0.0000013084588772471761,
  "electron_correction": 1.7892178405531922E-8,
  "electron_contaminaton": false,
  "energy": "0.1-0.8nm"
}
