{
  "time_tag": "2026-06-24T00:16:00Z",
  "satellite": 18,
  "flux": 0.0000014160995078782435,
  "observed_flux": 0.0000014176165450408007,
  "electron_correction": 1.517129755157498E-9,
  "electron_contaminaton": false,
  "energy": "0.1-0.8nm"
}
