{
  "time_tag": "2026-06-18T10:43:00Z",
  "satellite": 18,
  "flux": 5.016495379095431E-7,
  "observed_flux": 5.074087994216825E-7,
  "electron_correction": 5.759257959425668E-9,
  "electron_contaminaton": false,
  "energy": "0.1-0.8nm"
}
