{
    "time_tag": "2026-05-23T20:26:00Z",
    "satellite": 18,
    "flux": 2.427673507554573e-06,
    "observed_flux": 2.45947217081266e-06,
    "electron_correction": 3.179855312396285e-08,
    "electron_contaminaton": false,
    "energy": "0.1-0.8nm"
}