{
  "time_tag": "2026-04-19T18:13:00Z",
  "satellite": 18,
  "flux": 4.249960454671964E-7,
  "observed_flux": 4.939745394949568E-7,
  "electron_correction": 6.897849402776046E-8,
  "electron_contaminaton": false,
  "energy": "0.1-0.8nm"
}
