{
  "time_tag": "2026-03-08T11:02:00Z",
  "satellite": 18,
  "flux": 6.954381888135686E-7,
  "observed_flux": 6.987264669078286E-7,
  "electron_correction": 3.2882592204686034E-9,
  "electron_contaminaton": false,
  "energy": "0.1-0.8nm"
}
