{
    "time_tag": "2026-06-13T10:55:00Z",
    "satellite": 18,
    "flux": 5.165707079868298e-07,
    "observed_flux": 5.195588528295048e-07,
    "electron_correction": 2.988167935313868e-09,
    "electron_contaminaton": false,
    "energy": "0.1-0.8nm"
}