{
  "time_tag": "2026-06-13T11:54:00Z",
  "satellite": 18,
  "flux": 6.489643737950246E-7,
  "observed_flux": 6.651215471720207E-7,
  "electron_correction": 1.6157194693278143E-8,
  "electron_contaminaton": false,
  "energy": "0.1-0.8nm"
}
