{
    "time_tag": "2026-07-02T09:36:00Z",
    "satellite": 18,
    "flux": 8.485101716360077e-06,
    "observed_flux": 8.491714652336668e-06,
    "electron_correction": 6.6133321041661475e-09,
    "electron_contaminaton": false,
    "energy": "0.1-0.8nm"
}