{
  "time_tag": "2026-02-19T05:26:00Z",
  "satellite": 18,
  "flux": 3.7457067492141505E-7,
  "observed_flux": 3.7841260791537934E-7,
  "electron_correction": 3.841943208016119E-9,
  "electron_contaminaton": false,
  "energy": "0.1-0.8nm"
}
