{
  "time_tag": "2026-06-24T18:05:00Z",
  "satellite": 18,
  "flux": 9.394282756147732E-7,
  "observed_flux": 9.66292077464459E-7,
  "electron_correction": 2.686381250782688E-8,
  "electron_contaminaton": false,
  "energy": "0.1-0.8nm"
}
