{
  "time_tag": "2026-02-07T23:03:00Z",
  "satellite": 18,
  "flux": 0.0000019959957171522547,
  "observed_flux": 0.0000020405539089551894,
  "electron_correction": 4.455814206494324E-8,
  "electron_contaminaton": false,
  "energy": "0.1-0.8nm"
}
