{
  "time_tag": "2026-05-15T16:54:00Z",
  "satellite": 18,
  "flux": 3.954049248022784E-7,
  "observed_flux": 4.1760802105272887E-7,
  "electron_correction": 2.220309625045047E-8,
  "electron_contaminaton": false,
  "energy": "0.1-0.8nm"
}
