{
  "time_tag": "2025-12-04T09:23:00Z",
  "satellite": 18,
  "flux": 0.0000033920591704372782,
  "observed_flux": 0.00000340071687787713,
  "electron_correction": 8.657917938137416E-9,
  "electron_contaminaton": false,
  "energy": "0.1-0.8nm"
}
