{
  "time_tag": "2026-02-10T15:21:00Z",
  "satellite": 18,
  "flux": 0.0000013017209994359291,
  "observed_flux": 0.0000013154146927263355,
  "electron_correction": 1.3693713718510026E-8,
  "electron_contaminaton": false,
  "energy": "0.1-0.8nm"
}
