{
    "time_tag": "2026-05-17T08:49:00Z",
    "satellite": 18,
    "flux": 9.309720780947828e-07,
    "observed_flux": 9.747367357704206e-07,
    "electron_correction": 4.376466478106522e-08,
    "electron_contaminaton": false,
    "energy": "0.1-0.8nm"
}