{
  "time_tag": "2026-03-21T12:23:00Z",
  "satellite": 18,
  "flux": 3.6847447404397826E-7,
  "observed_flux": 3.6909696632392297E-7,
  "electron_correction": 6.225044368868282E-10,
  "electron_contaminaton": false,
  "energy": "0.1-0.8nm"
}
