{
    "time_tag": "2026-05-13T23:29:00Z",
    "satellite": 18,
    "flux": 6.141197559372813e-07,
    "observed_flux": 6.217714485501347e-07,
    "electron_correction": 7.651677513820232e-09,
    "electron_contaminaton": false,
    "energy": "0.1-0.8nm"
}