{
  "time_tag": "2026-01-05T00:42:00Z",
  "satellite": 18,
  "flux": 0.0000010406990895717172,
  "observed_flux": 0.0000010636435945343692,
  "electron_correction": 2.294447476458572E-8,
  "electron_contaminaton": false,
  "energy": "0.1-0.8nm"
}
