{
  "time_tag": "2025-12-28T11:17:00Z",
  "satellite": 18,
  "flux": 0.0000016020924249460222,
  "observed_flux": 0.0000016103537063827389,
  "electron_correction": 8.261304529355584E-9,
  "electron_contaminaton": false,
  "energy": "0.1-0.8nm"
}
