{
    "time_tag": "2026-06-28T15:40:00Z",
    "satellite": 18,
    "flux": 1.6245144252025057e-06,
    "observed_flux": 1.6616426137261442e-06,
    "electron_correction": 3.7128231156202673e-08,
    "electron_contaminaton": false,
    "energy": "0.1-0.8nm"
}