{
  "time_tag": "2025-12-19T16:19:00Z",
  "satellite": 18,
  "flux": 0.000002158118832085165,
  "observed_flux": 0.000002218608415205381,
  "electron_correction": 6.048963996363454E-8,
  "electron_contaminaton": false,
  "energy": "0.1-0.8nm"
}
