{
  "time_tag": "2026-02-07T22:39:00Z",
  "satellite": 18,
  "flux": 0.000002269323658765643,
  "observed_flux": 0.000002310632225999143,
  "electron_correction": 4.130856012807271E-8,
  "electron_contaminaton": false,
  "energy": "0.1-0.8nm"
}
