{
    "time_tag": "2026-05-31T23:30:00Z",
    "satellite": 18,
    "flux": 7.07865865479107e-07,
    "observed_flux": 7.567690545329242e-07,
    "electron_correction": 4.8903192606530865e-08,
    "electron_contaminaton": false,
    "energy": "0.1-0.8nm"
}