{
  "time_tag": "2026-06-24T11:13:00Z",
  "satellite": 18,
  "flux": 0.0000010929708196272259,
  "observed_flux": 0.0000010937093293250655,
  "electron_correction": 7.385074773935685E-10,
  "electron_contaminaton": false,
  "energy": "0.1-0.8nm"
}
