{
  "time_tag": "2026-04-24T02:56:00Z",
  "satellite": 18,
  "flux": 0.000001242147163793561,
  "observed_flux": 0.000001272925260309421,
  "electron_correction": 3.077816401741984E-8,
  "electron_contaminaton": false,
  "energy": "0.1-0.8nm"
}
