{
    "time_tag": "2026-05-06T17:24:00Z",
    "satellite": 18,
    "flux": 1.4787051441089716e-06,
    "observed_flux": 1.5248923546096194e-06,
    "electron_correction": 4.618723181692985e-08,
    "electron_contaminaton": false,
    "energy": "0.1-0.8nm"
}