{
  "time_tag": "2026-01-08T03:43:00Z",
  "satellite": 18,
  "flux": 0.000001059086571331136,
  "observed_flux": 0.0000010618903161230264,
  "electron_correction": 2.8036888366500534E-9,
  "electron_contaminaton": false,
  "energy": "0.1-0.8nm"
}
