{
  "time_tag": "2026-02-04T03:32:00Z",
  "satellite": 18,
  "flux": 0.000008290029654745013,
  "observed_flux": 0.000008302310561703052,
  "electron_correction": 1.2280803929343165E-8,
  "electron_contaminaton": false,
  "energy": "0.1-0.8nm"
}
