{
  "time_tag": "2026-03-26T21:40:00Z",
  "satellite": 18,
  "flux": 0.0000032034713512985036,
  "observed_flux": 0.0000032558107250224566,
  "electron_correction": 5.2339480305363395E-8,
  "electron_contaminaton": false,
  "energy": "0.1-0.8nm"
}
