{
    "time_tag": "2026-05-08T06:02:00Z",
    "satellite": 18,
    "flux": 5.200068926569656e-07,
    "observed_flux": 5.21195147484832e-07,
    "electron_correction": 1.1882451689260165e-09,
    "electron_contaminaton": false,
    "energy": "0.1-0.8nm"
}