{
  "time_tag": "2026-01-04T13:20:00Z",
  "satellite": 18,
  "flux": 0.0000018847273395294906,
  "observed_flux": 0.000001914713038786431,
  "electron_correction": 2.9985738336790746E-8,
  "electron_contaminaton": false,
  "energy": "0.1-0.8nm"
}
