{
  "time_tag": "2026-01-22T02:53:00Z",
  "satellite": 18,
  "flux": 0.0000016517011545147398,
  "observed_flux": 0.0000017310505882051075,
  "electron_correction": 7.934942658494037E-8,
  "electron_contaminaton": false,
  "energy": "0.1-0.8nm"
}
