{
  "time_tag": "2026-03-15T19:50:00Z",
  "satellite": 18,
  "flux": 4.983762664778624E-7,
  "observed_flux": 5.887897600587166E-7,
  "electron_correction": 9.041347936999955E-8,
  "electron_contaminaton": false,
  "energy": "0.1-0.8nm"
}
