{
    "time_tag": "2026-05-07T23:51:00Z",
    "satellite": 18,
    "flux": 6.345763381432334e-07,
    "observed_flux": 6.621399961659336e-07,
    "electron_correction": 2.7563674009911665e-08,
    "electron_contaminaton": false,
    "energy": "0.1-0.8nm"
}