{
  "time_tag": "2026-03-27T21:45:00Z",
  "satellite": 18,
  "flux": 9.377838523505488E-7,
  "observed_flux": 9.670047802501358E-7,
  "electron_correction": 2.922089414880702E-8,
  "electron_contaminaton": false,
  "energy": "0.1-0.8nm"
}
