{
    "time_tag": "2026-05-02T18:30:00Z",
    "satellite": 18,
    "flux": 1.3117891057845554e-06,
    "observed_flux": 1.3587934972747462e-06,
    "electron_correction": 4.700443057004122e-08,
    "electron_contaminaton": false,
    "energy": "0.1-0.8nm"
}