{
    "time_tag": "2026-04-30T06:19:00Z",
    "satellite": 18,
    "flux": 9.932283546731924e-07,
    "observed_flux": 9.939072924680659e-07,
    "electron_correction": 6.789481754587712e-10,
    "electron_contaminaton": false,
    "energy": "0.1-0.8nm"
}