{
    "time_tag": "2026-06-27T21:30:00Z",
    "satellite": 18,
    "flux": 4.074498519912595e-06,
    "observed_flux": 4.124171482544625e-06,
    "electron_correction": 4.967299105373968e-08,
    "electron_contaminaton": false,
    "energy": "0.1-0.8nm"
}