{
  "time_tag": "2026-03-26T18:34:00Z",
  "satellite": 18,
  "flux": 0.000001995824504774646,
  "observed_flux": 0.0000020417762698343722,
  "electron_correction": 4.595171532173481E-8,
  "electron_contaminaton": false,
  "energy": "0.1-0.8nm"
}
