{
  "time_tag": "2026-02-21T10:40:00Z",
  "satellite": 18,
  "flux": 3.127344427866774E-7,
  "observed_flux": 3.140969226933521E-7,
  "electron_correction": 1.3624961159308668E-9,
  "electron_contaminaton": false,
  "energy": "0.1-0.8nm"
}
