{
    "time_tag": "2026-05-12T04:36:00Z",
    "satellite": 18,
    "flux": 5.15552130764263e-07,
    "observed_flux": 5.266504103929037e-07,
    "electron_correction": 1.1098299168565973e-08,
    "electron_contaminaton": false,
    "energy": "0.1-0.8nm"
}