{
    "time_tag": "2026-06-20T23:43:00Z",
    "satellite": 18,
    "flux": 6.857027869955346e-07,
    "observed_flux": 7.130309427338943e-07,
    "electron_correction": 2.7328157514716622e-08,
    "electron_contaminaton": false,
    "energy": "0.1-0.8nm"
}