{
    "time_tag": "2026-04-26T00:40:00Z",
    "satellite": 18,
    "flux": 6.168218533275649e-06,
    "observed_flux": 6.175479029479902e-06,
    "electron_correction": 7.2602968081980634e-09,
    "electron_contaminaton": false,
    "energy": "0.1-0.8nm"
}