{
  "time_tag": "2026-03-26T06:07:00Z",
  "satellite": 18,
  "flux": 0.0000016337565966750844,
  "observed_flux": 0.000001659311692492338,
  "electron_correction": 2.5555166871527035E-8,
  "electron_contaminaton": false,
  "energy": "0.1-0.8nm"
}
