{
  "time_tag": "2026-03-19T21:08:00Z",
  "satellite": 18,
  "flux": 3.1920995979817235E-7,
  "observed_flux": 3.3931388543351204E-7,
  "electron_correction": 2.0103922082626013E-8,
  "electron_contaminaton": false,
  "energy": "0.1-0.8nm"
}
