{
    "time_tag": "2026-04-26T19:50:00Z",
    "satellite": 18,
    "flux": 5.555205007112818e-06,
    "observed_flux": 5.588356543739792e-06,
    "electron_correction": 3.315151531069205e-08,
    "electron_contaminaton": false,
    "energy": "0.1-0.8nm"
}