{
  "time_tag": "2026-02-07T23:20:00Z",
  "satellite": 18,
  "flux": 0.000001971106030396186,
  "observed_flux": 0.000002030209316217224,
  "electron_correction": 5.910330358460669E-8,
  "electron_contaminaton": false,
  "energy": "0.1-0.8nm"
}
