{
  "time_tag": "2026-02-09T13:57:00Z",
  "satellite": 18,
  "flux": 0.0000026503362278162967,
  "observed_flux": 0.0000026743041416921187,
  "electron_correction": 2.3967928086676693E-8,
  "electron_contaminaton": false,
  "energy": "0.1-0.8nm"
}
