{
  "time_tag": "2026-01-30T13:35:00Z",
  "satellite": 18,
  "flux": 0.000001475032377129537,
  "observed_flux": 0.0000015273398048520903,
  "electron_correction": 5.230744548612165E-8,
  "electron_contaminaton": false,
  "energy": "0.1-0.8nm"
}
