{
    "time_tag": "2026-06-19T21:15:00Z",
    "satellite": 18,
    "flux": 6.365715989886667e-07,
    "observed_flux": 6.662543796664977e-07,
    "electron_correction": 2.9682771796046836e-08,
    "electron_contaminaton": false,
    "energy": "0.1-0.8nm"
}