{
  "time_tag": "2026-03-04T15:28:00Z",
  "satellite": 18,
  "flux": 6.165633408272697E-7,
  "observed_flux": 6.344401981550618E-7,
  "electron_correction": 1.7876836011510022E-8,
  "electron_contaminaton": false,
  "energy": "0.1-0.8nm"
}
