{
  "time_tag": "2026-01-15T22:19:00Z",
  "satellite": 18,
  "flux": 8.993736173579236E-7,
  "observed_flux": 9.52657046582317E-7,
  "electron_correction": 5.3283443435248046E-8,
  "electron_contaminaton": false,
  "energy": "0.1-0.8nm"
}
