{
    "time_tag": "2026-06-27T18:34:00Z",
    "satellite": 18,
    "flux": 1.8929332554762368e-06,
    "observed_flux": 1.948795215866994e-06,
    "electron_correction": 5.5861864467487976e-08,
    "electron_contaminaton": false,
    "energy": "0.1-0.8nm"
}