{
    "time_tag": "2026-05-12T14:42:00Z",
    "satellite": 18,
    "flux": 7.198819389486744e-07,
    "observed_flux": 7.290377084245847e-07,
    "electron_correction": 9.155800562155036e-09,
    "electron_contaminaton": false,
    "energy": "0.1-0.8nm"
}