{
    "time_tag": "2026-05-12T23:38:00Z",
    "satellite": 18,
    "flux": 1.020843228616286e-06,
    "observed_flux": 1.0327057680115104e-06,
    "electron_correction": 1.1862594462286324e-08,
    "electron_contaminaton": false,
    "energy": "0.1-0.8nm"
}