{
  "time_tag": "2026-03-21T12:06:00Z",
  "satellite": 18,
  "flux": 3.873695391121146E-7,
  "observed_flux": 3.877563585774624E-7,
  "electron_correction": 3.868133313655875E-10,
  "electron_contaminaton": false,
  "energy": "0.1-0.8nm"
}
