{
    "time_tag": "2026-04-28T12:23:00Z",
    "satellite": 18,
    "flux": 1.0274422493239399e-05,
    "observed_flux": 1.028059978125384e-05,
    "electron_correction": 6.177113931471467e-09,
    "electron_contaminaton": false,
    "energy": "0.1-0.8nm"
}