{
    "time_tag": "2026-05-25T20:32:00Z",
    "satellite": 18,
    "flux": 1.4871487792333937e-06,
    "observed_flux": 1.4942178268029238e-06,
    "electron_correction": 7.0690275855156415e-09,
    "electron_contaminaton": false,
    "energy": "0.1-0.8nm"
}