{
  "time_tag": "2025-12-12T05:19:00Z",
  "satellite": 18,
  "flux": 0.00000791137517808238,
  "observed_flux": 0.000007913708031992428,
  "electron_correction": 2.332563031615109E-9,
  "electron_contaminaton": false,
  "energy": "0.1-0.8nm"
}
