{
    "time_tag": "2026-06-03T21:15:00Z",
    "satellite": 18,
    "flux": 1.078725631487032e-06,
    "observed_flux": 1.1096699381596409e-06,
    "electron_correction": 3.094429956718159e-08,
    "electron_contaminaton": false,
    "energy": "0.1-0.8nm"
}