{
    "time_tag": "2026-07-01T13:01:00Z",
    "satellite": 18,
    "flux": 8.152069312927779e-06,
    "observed_flux": 8.161466212186497e-06,
    "electron_correction": 9.397057354476601e-09,
    "electron_contaminaton": false,
    "energy": "0.1-0.8nm"
}