{
  "time_tag": "2026-03-18T23:11:00Z",
  "satellite": 18,
  "flux": 3.587765888823924E-7,
  "observed_flux": 3.877728147472226E-7,
  "electron_correction": 2.8996229417543873E-8,
  "electron_contaminaton": false,
  "energy": "0.1-0.8nm"
}
