{
  "time_tag": "2026-03-19T18:03:00Z",
  "satellite": 18,
  "flux": 3.3439178537264524E-7,
  "observed_flux": 3.5225482974965416E-7,
  "electron_correction": 1.7863031942511043E-8,
  "electron_contaminaton": false,
  "energy": "0.1-0.8nm"
}
