{
  "time_tag": "2026-02-07T09:37:00Z",
  "satellite": 18,
  "flux": 0.0000018092830487148603,
  "observed_flux": 0.0000018263750689584413,
  "electron_correction": 1.7092002480012525E-8,
  "electron_contaminaton": false,
  "energy": "0.1-0.8nm"
}
