{
  "time_tag": "2026-01-13T16:19:00Z",
  "satellite": 18,
  "flux": 0.00000130161367906112,
  "observed_flux": 0.0000013586553677669144,
  "electron_correction": 5.704172778564498E-8,
  "electron_contaminaton": false,
  "energy": "0.1-0.8nm"
}
