{
  "time_tag": "2026-04-17T16:43:00Z",
  "satellite": 18,
  "flux": 3.9160536857707484E-7,
  "observed_flux": 3.9742982949064753E-7,
  "electron_correction": 5.824458693126644E-9,
  "electron_contaminaton": false,
  "energy": "0.1-0.8nm"
}
