{
  "time_tag": "2026-02-05T07:32:00Z",
  "satellite": 18,
  "flux": 0.000001965968522199546,
  "observed_flux": 0.0000019671174413815606,
  "electron_correction": 1.1489256213081944E-9,
  "electron_contaminaton": false,
  "energy": "0.1-0.8nm"
}
