{
    "time_tag": "2026-05-14T20:51:00Z",
    "satellite": 18,
    "flux": 6.969431751713273e-07,
    "observed_flux": 7.160740551626077e-07,
    "electron_correction": 1.913088354399406e-08,
    "electron_contaminaton": false,
    "energy": "0.1-0.8nm"
}