{
  "time_tag": "2026-03-08T22:21:00Z",
  "satellite": 18,
  "flux": 5.685620294570981E-7,
  "observed_flux": 6.243770940272952E-7,
  "electron_correction": 5.5815036148487707E-8,
  "electron_contaminaton": false,
  "energy": "0.1-0.8nm"
}
