{
  "time_tag": "2026-05-22T12:13:00Z",
  "satellite": 18,
  "flux": 0.000001509783601250092,
  "observed_flux": 0.0000015316531971620861,
  "electron_correction": 2.1869578148425717E-8,
  "electron_contaminaton": false,
  "energy": "0.1-0.8nm"
}
