{
  "time_tag": "2026-03-09T16:04:00Z",
  "satellite": 18,
  "flux": 6.118119699749514E-7,
  "observed_flux": 6.551806563948048E-7,
  "electron_correction": 4.3368661550857723E-8,
  "electron_contaminaton": false,
  "energy": "0.1-0.8nm"
}
