{
  "time_tag": "2026-05-07T21:15:00Z",
  "satellite": 18,
  "flux": 8.11286440693948E-7,
  "observed_flux": 8.497166845700121E-7,
  "electron_correction": 3.8430247428777875E-8,
  "electron_contaminaton": false,
  "energy": "0.1-0.8nm"
}
