{
  "time_tag": "2026-05-06T11:12:00Z",
  "satellite": 18,
  "flux": 5.325802021616255E-7,
  "observed_flux": 5.621203627015348E-7,
  "electron_correction": 2.9540140999984033E-8,
  "electron_contaminaton": false,
  "energy": "0.1-0.8nm"
}
