{
  "time_tag": "2025-12-19T05:19:00Z",
  "satellite": 18,
  "flux": 8.86016152890079E-7,
  "observed_flux": 9.176381468023465E-7,
  "electron_correction": 3.162198325412646E-8,
  "electron_contaminaton": false,
  "energy": "0.1-0.8nm"
}
