{
  "time_tag": "2026-05-08T10:01:00Z",
  "satellite": 18,
  "flux": 8.316729918078636E-7,
  "observed_flux": 8.324302029905084E-7,
  "electron_correction": 7.571958060559325E-10,
  "electron_contaminaton": false,
  "energy": "0.1-0.8nm"
}
