{
  "time_tag": "2026-03-26T07:37:00Z",
  "satellite": 18,
  "flux": 0.0000016113258425320964,
  "observed_flux": 0.000001623695084163046,
  "electron_correction": 1.2369206103812758E-8,
  "electron_contaminaton": false,
  "energy": "0.1-0.8nm"
}
