{
  "time_tag": "2026-02-03T23:10:00Z",
  "satellite": 18,
  "flux": 0.00003467091664788313,
  "observed_flux": 0.00003468697832431644,
  "electron_correction": 1.6062609020650598E-8,
  "electron_contaminaton": false,
  "energy": "0.1-0.8nm"
}
