{
  "time_tag": "2026-01-27T03:47:00Z",
  "satellite": 18,
  "flux": 0.0000012212423143864726,
  "observed_flux": 0.0000012557787840705714,
  "electron_correction": 3.453645902595781E-8,
  "electron_contaminaton": false,
  "energy": "0.1-0.8nm"
}
