{
    "time_tag": "2026-06-14T19:20:00Z",
    "satellite": 18,
    "flux": 4.699650730799476e-07,
    "observed_flux": 5.174307489141938e-07,
    "electron_correction": 4.7465693597814607e-08,
    "electron_contaminaton": false,
    "energy": "0.1-0.8nm"
}