{
  "time_tag": "2026-01-08T15:18:00Z",
  "satellite": 18,
  "flux": 8.809569749246293E-7,
  "observed_flux": 8.864062124303018E-7,
  "electron_correction": 5.449213524855168E-9,
  "electron_contaminaton": false,
  "energy": "0.1-0.8nm"
}
