{
  "time_tag": "2026-04-25T22:23:00Z",
  "satellite": 18,
  "flux": 0.0000011665952115436085,
  "observed_flux": 0.0000011761542282329174,
  "electron_correction": 9.558911884255394E-9,
  "electron_contaminaton": false,
  "energy": "0.1-0.8nm"
}
