{
  "time_tag": "2026-02-22T19:36:00Z",
  "satellite": 18,
  "flux": 4.393583310502436E-7,
  "observed_flux": 4.995229687665415E-7,
  "electron_correction": 6.01646661380073E-8,
  "electron_contaminaton": false,
  "energy": "0.1-0.8nm"
}
