{
  "time_tag": "2025-12-06T00:36:00Z",
  "satellite": 18,
  "flux": 0.000002329682729396154,
  "observed_flux": 0.000002388442680967273,
  "electron_correction": 5.8759898280413836E-8,
  "electron_contaminaton": false,
  "energy": "0.1-0.8nm"
}
