{
  "time_tag": "2026-01-12T23:17:00Z",
  "satellite": 18,
  "flux": 7.722120471953531E-7,
  "observed_flux": 8.369145234610187E-7,
  "electron_correction": 6.470250468737504E-8,
  "electron_contaminaton": false,
  "energy": "0.1-0.8nm"
}
