{
  "time_tag": "2025-12-15T21:19:00Z",
  "satellite": 18,
  "flux": 5.393267201725394E-7,
  "observed_flux": 5.835953515997971E-7,
  "electron_correction": 4.4268634979971466E-8,
  "electron_contaminaton": false,
  "energy": "0.1-0.8nm"
}
