{
  "time_tag": "2026-03-13T12:17:00Z",
  "satellite": 18,
  "flux": 0.0000013280317716635182,
  "observed_flux": 0.0000013297411669555004,
  "electron_correction": 1.7094446969068144E-9,
  "electron_contaminaton": false,
  "energy": "0.1-0.8nm"
}
