{
    "time_tag": "2026-05-10T18:59:00Z",
    "satellite": 18,
    "flux": 8.811113048068364e-07,
    "observed_flux": 9.026338148032664e-07,
    "electron_correction": 2.1522520654571053e-08,
    "electron_contaminaton": false,
    "energy": "0.1-0.8nm"
}