{
  "time_tag": "2026-02-12T17:17:00Z",
  "satellite": 18,
  "flux": 7.15097485226579E-7,
  "observed_flux": 7.652000704183592E-7,
  "electron_correction": 5.010257098092552E-8,
  "electron_contaminaton": false,
  "energy": "0.1-0.8nm"
}
