{
  "time_tag": "2026-05-08T19:06:00Z",
  "satellite": 18,
  "flux": 0.0000015303784266507137,
  "observed_flux": 0.000001555895551064168,
  "electron_correction": 2.551706224096506E-8,
  "electron_contaminaton": false,
  "energy": "0.1-0.8nm"
}
