{
  "time_tag": "2025-12-20T14:18:00Z",
  "satellite": 18,
  "flux": 0.0000010554159644016181,
  "observed_flux": 0.0000010984771279254346,
  "electron_correction": 4.306112444396604E-8,
  "electron_contaminaton": false,
  "energy": "0.1-0.8nm"
}
