{
  "time_tag": "2026-04-23T17:26:00Z",
  "satellite": 18,
  "flux": 0.000007798818842275068,
  "observed_flux": 0.00000783785344538046,
  "electron_correction": 3.903488376977293E-8,
  "electron_contaminaton": false,
  "energy": "0.1-0.8nm"
}
