{
  "time_tag": "2026-03-23T18:00:00Z",
  "satellite": 18,
  "flux": 0.0000010436340289743384,
  "observed_flux": 0.0000011963641100010136,
  "electron_correction": 1.5273002418325632E-7,
  "electron_contaminaton": false,
  "energy": "0.1-0.8nm"
}
