{
    "time_tag": "2026-06-21T01:29:00Z",
    "satellite": 18,
    "flux": 6.290749183790467e-07,
    "observed_flux": 6.492211355180189e-07,
    "electron_correction": 2.0146220691685812e-08,
    "electron_contaminaton": false,
    "energy": "0.1-0.8nm"
}