{
    "time_tag": "2026-05-06T18:45:00Z",
    "satellite": 18,
    "flux": 6.751748173883243e-07,
    "observed_flux": 7.286956815732992e-07,
    "electron_correction": 5.352087129040228e-08,
    "electron_contaminaton": false,
    "energy": "0.1-0.8nm"
}