{
  "time_tag": "2026-03-02T07:32:00Z",
  "satellite": 18,
  "flux": 0.0000010813446351676248,
  "observed_flux": 0.0000010876733540499117,
  "electron_correction": 6.328668256116998E-9,
  "electron_contaminaton": false,
  "energy": "0.1-0.8nm"
}
