{
  "time_tag": "2026-01-23T01:48:00Z",
  "satellite": 18,
  "flux": 0.0000031698280054115457,
  "observed_flux": 0.0000032248551633529132,
  "electron_correction": 5.502709754523494E-8,
  "electron_contaminaton": false,
  "energy": "0.1-0.8nm"
}
