{
  "time_tag": "2026-02-11T19:04:00Z",
  "satellite": 18,
  "flux": 0.0000016193099554584478,
  "observed_flux": 0.0000016949791188380914,
  "electron_correction": 7.566906390366057E-8,
  "electron_contaminaton": false,
  "energy": "0.1-0.8nm"
}
