{
  "time_tag": "2026-02-12T11:55:00Z",
  "satellite": 18,
  "flux": 8.28805582386849E-7,
  "observed_flux": 8.482930411446432E-7,
  "electron_correction": 1.9487465863221587E-8,
  "electron_contaminaton": false,
  "energy": "0.1-0.8nm"
}
