{
    "time_tag": "2026-05-17T23:01:00Z",
    "satellite": 18,
    "flux": 5.862339094164781e-07,
    "observed_flux": 6.490019472948916e-07,
    "electron_correction": 6.276801656213138e-08,
    "electron_contaminaton": false,
    "energy": "0.1-0.8nm"
}