{
  "time_tag": "2026-05-02T21:23:00Z",
  "satellite": 18,
  "flux": 0.0000012192351732664974,
  "observed_flux": 0.0000012760915524268057,
  "electron_correction": 5.685635073859885E-8,
  "electron_contaminaton": false,
  "energy": "0.1-0.8nm"
}
