{
  "time_tag": "2026-03-24T23:22:00Z",
  "satellite": 18,
  "flux": 9.328674082098587E-7,
  "observed_flux": 9.972554835258052E-7,
  "electron_correction": 6.438806821051912E-8,
  "electron_contaminaton": false,
  "energy": "0.1-0.8nm"
}
