{
  "time_tag": "2026-06-26T23:37:00Z",
  "satellite": 18,
  "flux": 0.0000020533807401079684,
  "observed_flux": 0.0000021294588350428967,
  "electron_correction": 7.607828678146689E-8,
  "electron_contaminaton": false,
  "energy": "0.1-0.8nm"
}
