{
  "time_tag": "2026-03-21T20:02:00Z",
  "satellite": 18,
  "flux": 4.877157948612876E-7,
  "observed_flux": 5.065101049694931E-7,
  "electron_correction": 1.879429589735082E-8,
  "electron_contaminaton": false,
  "energy": "0.1-0.8nm"
}
