{
  "time_tag": "2026-02-17T22:05:00Z",
  "satellite": 18,
  "flux": 5.013579880142061E-7,
  "observed_flux": 5.768102937508957E-7,
  "electron_correction": 7.545234126382638E-8,
  "electron_contaminaton": false,
  "energy": "0.1-0.8nm"
}
