{
  "time_tag": "2026-04-18T03:39:00Z",
  "satellite": 18,
  "flux": 2.735145585575083E-7,
  "observed_flux": 2.740181628269056E-7,
  "electron_correction": 5.035791783569721E-10,
  "electron_contaminaton": false,
  "energy": "0.1-0.8nm"
}
