{
  "time_tag": "2026-02-21T11:34:00Z",
  "satellite": 18,
  "flux": 3.360475488989323E-7,
  "observed_flux": 3.382864122158935E-7,
  "electron_correction": 2.2388553233554376E-9,
  "electron_contaminaton": false,
  "energy": "0.1-0.8nm"
}
