{
    "time_tag": "2026-06-08T18:12:00Z",
    "satellite": 18,
    "flux": 9.360616104459041e-07,
    "observed_flux": 9.731805903356872e-07,
    "electron_correction": 3.711900475877883e-08,
    "electron_contaminaton": false,
    "energy": "0.1-0.8nm"
}