{
  "time_tag": "2026-01-05T12:20:00Z",
  "satellite": 18,
  "flux": 0.0000015284549590433016,
  "observed_flux": 0.0000015402487179017044,
  "electron_correction": 1.1793729548514875E-8,
  "electron_contaminaton": false,
  "energy": "0.1-0.8nm"
}
