{
    "time_tag": "2026-06-23T01:10:00Z",
    "satellite": 18,
    "flux": 7.600172011734685e-07,
    "observed_flux": 7.677967346353398e-07,
    "electron_correction": 7.779558330867076e-09,
    "electron_contaminaton": false,
    "energy": "0.1-0.8nm"
}