{
  "time_tag": "2026-06-06T07:28:00Z",
  "satellite": 18,
  "flux": 0.0000012688042261288501,
  "observed_flux": 0.0000013137374708094285,
  "electron_correction": 4.493320915344157E-8,
  "electron_contaminaton": false,
  "energy": "0.1-0.8nm"
}
