{
    "time_tag": "2026-06-25T04:49:00Z",
    "satellite": 18,
    "flux": 1.074741021511727e-06,
    "observed_flux": 1.0907509704338736e-06,
    "electron_correction": 1.6009916947723468e-08,
    "electron_contaminaton": false,
    "energy": "0.1-0.8nm"
}