{
  "time_tag": "2026-04-28T21:18:00Z",
  "satellite": 18,
  "flux": 9.519420132164669E-7,
  "observed_flux": 9.637534503781353E-7,
  "electron_correction": 1.1811460254307349E-8,
  "electron_contaminaton": false,
  "energy": "0.1-0.8nm"
}
