{
  "time_tag": "2026-03-21T20:50:00Z",
  "satellite": 18,
  "flux": 4.7463061036978615E-7,
  "observed_flux": 5.10711572587752E-7,
  "electron_correction": 3.608096221796586E-8,
  "electron_contaminaton": false,
  "energy": "0.1-0.8nm"
}
