{
    "time_tag": "2026-05-09T08:52:00Z",
    "satellite": 18,
    "flux": 7.10281028659665e-07,
    "observed_flux": 7.228973117889836e-07,
    "electron_correction": 1.2616296451994913e-08,
    "electron_contaminaton": false,
    "energy": "0.1-0.8nm"
}