{
    "time_tag": "2026-06-06T07:16:00Z",
    "satellite": 18,
    "flux": 1.7138843304564944e-06,
    "observed_flux": 1.7350910184177337e-06,
    "electron_correction": 2.1206615130608952e-08,
    "electron_contaminaton": false,
    "energy": "0.1-0.8nm"
}