{
  "time_tag": "2026-04-22T09:06:00Z",
  "satellite": 18,
  "flux": 7.233686005747586E-7,
  "observed_flux": 7.434217650370556E-7,
  "electron_correction": 2.0053125382446524E-8,
  "electron_contaminaton": false,
  "energy": "0.1-0.8nm"
}
