{
  "time_tag": "2026-06-05T18:04:00Z",
  "satellite": 18,
  "flux": 0.0000010713299616327276,
  "observed_flux": 0.000001088645603886107,
  "electron_correction": 1.7315551659180528E-8,
  "electron_contaminaton": false,
  "energy": "0.1-0.8nm"
}
