{
  "time_tag": "2026-05-23T10:03:00Z",
  "satellite": 18,
  "flux": 8.712466410543129E-7,
  "observed_flux": 8.882879001248511E-7,
  "electron_correction": 1.7041291044961326E-8,
  "electron_contaminaton": false,
  "energy": "0.1-0.8nm"
}
