{
  "time_tag": "2026-02-04T00:43:00Z",
  "satellite": 18,
  "flux": 0.000004525507847574772,
  "observed_flux": 0.000004540584541246062,
  "electron_correction": 1.5076860648832735E-8,
  "electron_contaminaton": false,
  "energy": "0.1-0.8nm"
}
