{
  "time_tag": "2026-04-24T23:25:00Z",
  "satellite": 18,
  "flux": 0.000001793810042727273,
  "observed_flux": 0.0000018027255919150775,
  "electron_correction": 8.91549856163465E-9,
  "electron_contaminaton": false,
  "energy": "0.1-0.8nm"
}
