{
  "time_tag": "2026-02-10T10:14:00Z",
  "satellite": 18,
  "flux": 0.0000014740337519469904,
  "observed_flux": 0.000001482968059463019,
  "electron_correction": 8.934282647032887E-9,
  "electron_contaminaton": false,
  "energy": "0.1-0.8nm"
}
