{
    "time_tag": "2026-07-02T12:18:00Z",
    "satellite": 18,
    "flux": 3.611917463786085e-06,
    "observed_flux": 3.61989691555209e-06,
    "electron_correction": 7.979562788307248e-09,
    "electron_contaminaton": false,
    "energy": "0.1-0.8nm"
}