{
    "time_tag": "2026-06-12T11:23:00Z",
    "satellite": 18,
    "flux": 5.568728624893993e-07,
    "observed_flux": 5.608109177046572e-07,
    "electron_correction": 3.938059212060807e-09,
    "electron_contaminaton": false,
    "energy": "0.1-0.8nm"
}