{
    "time_tag": "2026-06-23T14:08:00Z",
    "satellite": 18,
    "flux": 9.598123824616778e-07,
    "observed_flux": 9.63156139732746e-07,
    "electron_correction": 3.3437079771658773e-09,
    "electron_contaminaton": false,
    "energy": "0.1-0.8nm"
}