{
  "time_tag": "2026-06-10T03:46:00Z",
  "satellite": 18,
  "flux": 6.948141617613146E-7,
  "observed_flux": 7.063320595079858E-7,
  "electron_correction": 1.1517888864887027E-8,
  "electron_contaminaton": false,
  "energy": "0.1-0.8nm"
}
