{
  "time_tag": "2026-03-14T21:22:00Z",
  "satellite": 18,
  "flux": 5.441843882181274E-7,
  "observed_flux": 6.201277074069367E-7,
  "electron_correction": 7.594330497795454E-8,
  "electron_contaminaton": false,
  "energy": "0.1-0.8nm"
}
