{
  "time_tag": "2026-01-17T03:37:00Z",
  "satellite": 18,
  "flux": 0.0000013803094134345884,
  "observed_flux": 0.0000013969423662274494,
  "electron_correction": 1.663296345100207E-8,
  "electron_contaminaton": false,
  "energy": "0.1-0.8nm"
}
