{
  "time_tag": "2026-03-01T17:48:00Z",
  "satellite": 18,
  "flux": 0.000001180487288365839,
  "observed_flux": 0.0000012229563708388014,
  "electron_correction": 4.246900786597507E-8,
  "electron_contaminaton": false,
  "energy": "0.1-0.8nm"
}
