{
  "time_tag": "2026-06-22T19:20:00Z",
  "satellite": 18,
  "flux": 5.865323373654974E-7,
  "observed_flux": 5.984366566735844E-7,
  "electron_correction": 1.190428022823653E-8,
  "electron_contaminaton": false,
  "energy": "0.1-0.8nm"
}
