{
  "time_tag": "2026-06-15T01:32:00Z",
  "satellite": 18,
  "flux": 5.435882712845341E-7,
  "observed_flux": 5.876651130165556E-7,
  "electron_correction": 4.4076891470012924E-8,
  "electron_contaminaton": false,
  "energy": "0.1-0.8nm"
}
