{
  "time_tag": "2026-03-02T23:21:00Z",
  "satellite": 18,
  "flux": 7.94398204106983E-7,
  "observed_flux": 8.310726116178557E-7,
  "electron_correction": 3.667439685273166E-8,
  "electron_contaminaton": false,
  "energy": "0.1-0.8nm"
}
