{
  "time_tag": "2026-02-03T09:22:00Z",
  "satellite": 18,
  "flux": 0.00000544488239029306,
  "observed_flux": 0.000005445947863336187,
  "electron_correction": 1.065531995969593E-9,
  "electron_contaminaton": false,
  "energy": "0.1-0.8nm"
}
