{
  "time_tag": "2026-04-20T20:02:00Z",
  "satellite": 18,
  "flux": 7.19104946256266E-7,
  "observed_flux": 7.91058084814722E-7,
  "electron_correction": 7.19531172421739E-8,
  "electron_contaminaton": false,
  "energy": "0.1-0.8nm"
}
