{
  "time_tag": "2026-04-27T06:32:00Z",
  "satellite": 18,
  "flux": 0.0000011005079159076558,
  "observed_flux": 0.000001103273007174721,
  "electron_correction": 2.7651163581055016E-9,
  "electron_contaminaton": false,
  "energy": "0.1-0.8nm"
}
