{
  "time_tag": "2026-05-02T15:28:00Z",
  "satellite": 18,
  "flux": 0.000002933654059233959,
  "observed_flux": 0.0000029664631711057154,
  "electron_correction": 3.280911187175661E-8,
  "electron_contaminaton": false,
  "energy": "0.1-0.8nm"
}
