{
  "time_tag": "2025-12-18T23:18:00Z",
  "satellite": 18,
  "flux": 5.099679469822149E-7,
  "observed_flux": 5.69945655115589E-7,
  "electron_correction": 5.997773655508354E-8,
  "electron_contaminaton": false,
  "energy": "0.1-0.8nm"
}
