{
  "time_tag": "2026-02-01T17:22:00Z",
  "satellite": 18,
  "flux": 0.000006669129106740002,
  "observed_flux": 0.0000067014966589340474,
  "electron_correction": 3.236769074987933E-8,
  "electron_contaminaton": false,
  "energy": "0.1-0.8nm"
}
