{
  "time_tag": "2026-01-12T09:19:00Z",
  "satellite": 18,
  "flux": 0.0000012034748806399875,
  "observed_flux": 0.0000012685368346865289,
  "electron_correction": 6.506186878141307E-8,
  "electron_contaminaton": false,
  "energy": "0.1-0.8nm"
}
