{
  "time_tag": "2026-03-27T21:09:00Z",
  "satellite": 18,
  "flux": 9.078262337425258E-7,
  "observed_flux": 9.42763165312499E-7,
  "electron_correction": 3.493692446454588E-8,
  "electron_contaminaton": false,
  "energy": "0.1-0.8nm"
}
