{
  "time_tag": "2026-06-17T17:31:00Z",
  "satellite": 18,
  "flux": 5.521566777133557E-7,
  "observed_flux": 5.641626898977847E-7,
  "electron_correction": 1.2006002414466366E-8,
  "electron_contaminaton": false,
  "energy": "0.1-0.8nm"
}
