{
    "time_tag": "2026-05-12T12:59:00Z",
    "satellite": 18,
    "flux": 1.3259965498946258e-06,
    "observed_flux": 1.3335011317394674e-06,
    "electron_correction": 7.504521448709056e-09,
    "electron_contaminaton": false,
    "energy": "0.1-0.8nm"
}