{
  "time_tag": "2026-01-24T00:37:00Z",
  "satellite": 18,
  "flux": 0.0000049202394620806444,
  "observed_flux": 0.000004941390216117725,
  "electron_correction": 2.1151015161535724E-8,
  "electron_contaminaton": false,
  "energy": "0.1-0.8nm"
}
