{
    "time_tag": "2026-04-24T12:04:00Z",
    "satellite": 18,
    "flux": 3.1537513223156566e-06,
    "observed_flux": 3.1761812806507805e-06,
    "electron_correction": 2.2429871293638826e-08,
    "electron_contaminaton": false,
    "energy": "0.1-0.8nm"
}