{
    "time_tag": "2026-06-05T19:46:00Z",
    "satellite": 18,
    "flux": 1.2458808669180144e-06,
    "observed_flux": 1.268340383830946e-06,
    "electron_correction": 2.245956132185256e-08,
    "electron_contaminaton": false,
    "energy": "0.1-0.8nm"
}