{
  "time_tag": "2026-02-11T22:08:00Z",
  "satellite": 18,
  "flux": 0.0000015132635553527507,
  "observed_flux": 0.0000015601381164742634,
  "electron_correction": 4.687461796493153E-8,
  "electron_contaminaton": false,
  "energy": "0.1-0.8nm"
}
