{
  "time_tag": "2026-03-20T23:09:00Z",
  "satellite": 18,
  "flux": 3.1625728524886654E-7,
  "observed_flux": 3.162606105888699E-7,
  "electron_correction": 3.318590627993112E-12,
  "electron_contaminaton": false,
  "energy": "0.1-0.8nm"
}
