{
  "time_tag": "2025-12-27T12:20:00Z",
  "satellite": 18,
  "flux": 0.0000017873092019726755,
  "observed_flux": 0.0000018104918808603543,
  "electron_correction": 2.3182677111321937E-8,
  "electron_contaminaton": false,
  "energy": "0.1-0.8nm"
}
