{
  "time_tag": "2026-05-31T22:31:00Z",
  "satellite": 18,
  "flux": 0.0000011125104038001155,
  "observed_flux": 0.0000011599843219300965,
  "electron_correction": 4.7473932340835745E-8,
  "electron_contaminaton": false,
  "energy": "0.1-0.8nm"
}
