{
  "time_tag": "2026-02-11T20:57:00Z",
  "satellite": 18,
  "flux": 9.769752296051593E-7,
  "observed_flux": 0.000001030670546242618,
  "electron_correction": 5.369533795374082E-8,
  "electron_contaminaton": false,
  "energy": "0.1-0.8nm"
}
