{
  "time_tag": "2026-02-18T10:15:00Z",
  "satellite": 18,
  "flux": 4.029798787996697E-7,
  "observed_flux": 4.236904374010919E-7,
  "electron_correction": 2.0710555048708557E-8,
  "electron_contaminaton": false,
  "energy": "0.1-0.8nm"
}
