{
  "time_tag": "2026-06-10T18:17:00Z",
  "satellite": 18,
  "flux": 7.349070756390574E-7,
  "observed_flux": 7.775982453495089E-7,
  "electron_correction": 4.269117681587886E-8,
  "electron_contaminaton": false,
  "energy": "0.1-0.8nm"
}
