{
  "time_tag": "2026-01-03T03:37:00Z",
  "satellite": 18,
  "flux": 0.0000011975797633567709,
  "observed_flux": 0.000001221219235958415,
  "electron_correction": 2.3639545432274645E-8,
  "electron_contaminaton": false,
  "energy": "0.1-0.8nm"
}
