{
    "time_tag": "2026-06-21T22:46:00Z",
    "satellite": 18,
    "flux": 1.910230139401392e-06,
    "observed_flux": 1.924987373058684e-06,
    "electron_correction": 1.4757226551864733e-08,
    "electron_contaminaton": false,
    "energy": "0.1-0.8nm"
}