{
  "time_tag": "2026-04-30T22:29:00Z",
  "satellite": 18,
  "flux": 9.25512722460553E-7,
  "observed_flux": 9.279390269512078E-7,
  "electron_correction": 2.426344014594406E-9,
  "electron_contaminaton": false,
  "energy": "0.1-0.8nm"
}
