{
  "time_tag": "2026-05-02T06:55:00Z",
  "satellite": 18,
  "flux": 0.0000011679380804707762,
  "observed_flux": 0.0000011923938245672616,
  "electron_correction": 2.4455758307340147E-8,
  "electron_contaminaton": false,
  "energy": "0.1-0.8nm"
}
