{
    "time_tag": "2026-06-08T21:20:00Z",
    "satellite": 18,
    "flux": 7.712146725680213e-07,
    "observed_flux": 8.183718023246911e-07,
    "electron_correction": 4.715712620395607e-08,
    "electron_contaminaton": false,
    "energy": "0.1-0.8nm"
}