{
  "time_tag": "2026-03-14T08:13:00Z",
  "satellite": 18,
  "flux": 9.251705819224298E-7,
  "observed_flux": 9.253128041564196E-7,
  "electron_correction": 1.4220129240793966E-10,
  "electron_contaminaton": false,
  "energy": "0.1-0.8nm"
}
