{
  "time_tag": "2026-05-10T17:30:00Z",
  "satellite": 18,
  "flux": 0.0000012584484920807881,
  "observed_flux": 0.0000012779599956047605,
  "electron_correction": 1.9511587012743803E-8,
  "electron_contaminaton": false,
  "energy": "0.1-0.8nm"
}
