{
  "time_tag": "2026-06-05T22:37:00Z",
  "satellite": 18,
  "flux": 0.00000341228474098898,
  "observed_flux": 0.0000034224970022478374,
  "electron_correction": 1.0212249712537869E-8,
  "electron_contaminaton": false,
  "energy": "0.1-0.8nm"
}
