{
  "time_tag": "2025-12-23T08:19:00Z",
  "satellite": 18,
  "flux": 0.000001080494712368818,
  "observed_flux": 0.0000011351344255672302,
  "electron_correction": 5.463974517283532E-8,
  "electron_contaminaton": false,
  "energy": "0.1-0.8nm"
}
