{
  "time_tag": "2026-04-28T16:22:00Z",
  "satellite": 18,
  "flux": 0.0000016816030665722792,
  "observed_flux": 0.0000016902675952223944,
  "electron_correction": 8.664519768331047E-9,
  "electron_contaminaton": false,
  "energy": "0.1-0.8nm"
}
