{
  "time_tag": "2025-12-26T04:20:00Z",
  "satellite": 18,
  "flux": 0.000001869044467639469,
  "observed_flux": 0.000001893624130389071,
  "electron_correction": 2.4579660973245154E-8,
  "electron_contaminaton": false,
  "energy": "0.1-0.8nm"
}
