{
  "time_tag": "2026-05-01T20:32:00Z",
  "satellite": 18,
  "flux": 0.0000011923403917535325,
  "observed_flux": 0.0000012507310884757317,
  "electron_correction": 5.839066119506242E-8,
  "electron_contaminaton": false,
  "energy": "0.1-0.8nm"
}
