{
  "time_tag": "2026-05-30T11:42:00Z",
  "satellite": 18,
  "flux": 7.136417821129726E-7,
  "observed_flux": 7.275313009813544E-7,
  "electron_correction": 1.3889522421095535E-8,
  "electron_contaminaton": false,
  "energy": "0.1-0.8nm"
}
