{
    "time_tag": "2026-04-23T11:39:00Z",
    "satellite": 18,
    "flux": 1.1450229067122564e-06,
    "observed_flux": 1.1671073707475443e-06,
    "electron_correction": 2.2084432060864856e-08,
    "electron_contaminaton": false,
    "energy": "0.1-0.8nm"
}