{
    "time_tag": "2026-06-01T03:28:00Z",
    "satellite": 18,
    "flux": 8.519659786543343e-07,
    "observed_flux": 8.75650584930554e-07,
    "electron_correction": 2.368457963086712e-08,
    "electron_contaminaton": false,
    "energy": "0.1-0.8nm"
}