{
  "time_tag": "2025-12-17T14:18:00Z",
  "satellite": 18,
  "flux": 6.669035315098881E-7,
  "observed_flux": 6.962407610444643E-7,
  "electron_correction": 2.9337195783796233E-8,
  "electron_contaminaton": false,
  "energy": "0.1-0.8nm"
}
