{
    "time_tag": "2026-06-28T12:40:00Z",
    "satellite": 18,
    "flux": 1.8550732647781842e-06,
    "observed_flux": 1.8881031564887962e-06,
    "electron_correction": 3.302982776176577e-08,
    "electron_contaminaton": false,
    "energy": "0.1-0.8nm"
}