{
    "time_tag": "2026-06-26T01:18:00Z",
    "satellite": 18,
    "flux": 1.4540063375534373e-06,
    "observed_flux": 1.4996960544522153e-06,
    "electron_correction": 4.568977018948317e-08,
    "electron_contaminaton": false,
    "energy": "0.1-0.8nm"
}