{
    "time_tag": "2026-05-06T20:40:00Z",
    "satellite": 18,
    "flux": 6.031878001522273e-07,
    "observed_flux": 6.53734502975567e-07,
    "electron_correction": 5.05467241396218e-08,
    "electron_contaminaton": false,
    "energy": "0.1-0.8nm"
}