{
  "time_tag": "2026-03-10T20:42:00Z",
  "satellite": 18,
  "flux": 6.050887577657704E-7,
  "observed_flux": 6.708217483719636E-7,
  "electron_correction": 6.573297639533848E-8,
  "electron_contaminaton": false,
  "energy": "0.1-0.8nm"
}
