{
  "time_tag": "2026-03-08T14:49:00Z",
  "satellite": 18,
  "flux": 8.80575271366979E-7,
  "observed_flux": 9.204997581946373E-7,
  "electron_correction": 3.992449748579929E-8,
  "electron_contaminaton": false,
  "energy": "0.1-0.8nm"
}
