{
  "time_tag": "2026-04-19T16:57:00Z",
  "satellite": 18,
  "flux": 3.5385340879656724E-7,
  "observed_flux": 4.158695787737088E-7,
  "electron_correction": 6.20161770825689E-8,
  "electron_contaminaton": false,
  "energy": "0.1-0.8nm"
}
