{
  "time_tag": "2026-02-06T16:08:00Z",
  "satellite": 18,
  "flux": 0.0000012596559599842294,
  "observed_flux": 0.0000013121526762915892,
  "electron_correction": 5.249668078022296E-8,
  "electron_contaminaton": false,
  "energy": "0.1-0.8nm"
}
