{
  "time_tag": "2025-12-23T15:18:00Z",
  "satellite": 18,
  "flux": 8.904246442398289E-7,
  "observed_flux": 9.533986258247751E-7,
  "electron_correction": 6.29739744795188E-8,
  "electron_contaminaton": false,
  "energy": "0.1-0.8nm"
}
