{
  "time_tag": "2026-03-01T20:03:00Z",
  "satellite": 18,
  "flux": 0.0000025457882202317705,
  "observed_flux": 0.00000259538887803501,
  "electron_correction": 4.960065069781194E-8,
  "electron_contaminaton": false,
  "energy": "0.1-0.8nm"
}
