{
  "time_tag": "2025-12-13T18:19:00Z",
  "satellite": 18,
  "flux": 0.0000015371987274193089,
  "observed_flux": 0.0000015792256817803718,
  "electron_correction": 4.2027032520763896E-8,
  "electron_contaminaton": false,
  "energy": "0.1-0.8nm"
}
