{
  "time_tag": "2026-01-09T03:43:00Z",
  "satellite": 18,
  "flux": 7.789264486746106E-7,
  "observed_flux": 7.811796081114153E-7,
  "electron_correction": 2.2531696508565346E-9,
  "electron_contaminaton": false,
  "energy": "0.1-0.8nm"
}
