{
    "time_tag": "2026-05-04T15:19:00Z",
    "satellite": 18,
    "flux": 8.852489372657146e-07,
    "observed_flux": 8.907044275474618e-07,
    "electron_correction": 5.455495166728497e-09,
    "electron_contaminaton": false,
    "energy": "0.1-0.8nm"
}