{
    "time_tag": "2026-05-30T23:51:00Z",
    "satellite": 18,
    "flux": 8.010150622794754e-07,
    "observed_flux": 8.228367960327887e-07,
    "electron_correction": 2.182173375331331e-08,
    "electron_contaminaton": false,
    "energy": "0.1-0.8nm"
}