{
  "time_tag": "2026-03-12T03:34:00Z",
  "satellite": 18,
  "flux": 5.436402261693729E-7,
  "observed_flux": 5.614606948256551E-7,
  "electron_correction": 1.7820498854348443E-8,
  "electron_contaminaton": false,
  "energy": "0.1-0.8nm"
}
