{
  "time_tag": "2026-06-07T22:46:00Z",
  "satellite": 18,
  "flux": 9.037364634423284E-7,
  "observed_flux": 9.540015071252128E-7,
  "electron_correction": 5.026502947202971E-8,
  "electron_contaminaton": false,
  "energy": "0.1-0.8nm"
}
