{
  "time_tag": "2026-06-13T10:15:00Z",
  "satellite": 18,
  "flux": 6.035443220753223E-7,
  "observed_flux": 6.23482037553913E-7,
  "electron_correction": 1.9937672846026544E-8,
  "electron_contaminaton": false,
  "energy": "0.1-0.8nm"
}
