{
  "time_tag": "2026-03-30T16:34:00Z",
  "satellite": 18,
  "flux": 0.000001442791472072713,
  "observed_flux": 0.0000014580009519704618,
  "electron_correction": 1.520944437061189E-8,
  "electron_contaminaton": false,
  "energy": "0.1-0.8nm"
}
