{
  "time_tag": "2026-04-24T17:56:00Z",
  "satellite": 18,
  "flux": 0.000002927284867837443,
  "observed_flux": 0.000002965114390462986,
  "electron_correction": 3.782961144338515E-8,
  "electron_contaminaton": false,
  "energy": "0.1-0.8nm"
}
