{
  "time_tag": "2026-03-06T16:08:00Z",
  "satellite": 18,
  "flux": 5.681260404344357E-7,
  "observed_flux": 5.81931260512647E-7,
  "electron_correction": 1.3805226295460216E-8,
  "electron_contaminaton": false,
  "energy": "0.1-0.8nm"
}
