{
  "time_tag": "2026-02-11T22:40:00Z",
  "satellite": 18,
  "flux": 0.0000013955485655969824,
  "observed_flux": 0.000001456297468394041,
  "electron_correction": 6.074880332107568E-8,
  "electron_contaminaton": false,
  "energy": "0.1-0.8nm"
}
