{
    "time_tag": "2026-04-23T12:04:00Z",
    "satellite": 18,
    "flux": 1.1621634712355444e-06,
    "observed_flux": 1.1847727137137554e-06,
    "electron_correction": 2.2609217609215193e-08,
    "electron_contaminaton": false,
    "energy": "0.1-0.8nm"
}