{
  "time_tag": "2025-12-26T07:19:00Z",
  "satellite": 18,
  "flux": 0.0000017546954040881246,
  "observed_flux": 0.0000017631610944590648,
  "electron_correction": 8.465637080234956E-9,
  "electron_contaminaton": false,
  "energy": "0.1-0.8nm"
}
