{
  "time_tag": "2026-05-30T18:46:00Z",
  "satellite": 18,
  "flux": 7.275085636138101E-7,
  "observed_flux": 7.633758514202782E-7,
  "electron_correction": 3.586732688631855E-8,
  "electron_contaminaton": false,
  "energy": "0.1-0.8nm"
}
