{
  "time_tag": "2026-03-09T01:33:00Z",
  "satellite": 18,
  "flux": 6.297538561739202E-7,
  "observed_flux": 6.670762218163873E-7,
  "electron_correction": 3.732236919518073E-8,
  "electron_contaminaton": false,
  "energy": "0.1-0.8nm"
}
