{
  "time_tag": "2025-12-20T17:16:00Z",
  "satellite": 18,
  "flux": 8.449194410786731E-7,
  "observed_flux": 8.945452236730489E-7,
  "electron_correction": 4.962581456879889E-8,
  "electron_contaminaton": false,
  "energy": "0.1-0.8nm"
}
