{
  "time_tag": "2026-02-06T09:01:00Z",
  "satellite": 18,
  "flux": 0.0000013834725223205169,
  "observed_flux": 0.0000013892953347749426,
  "electron_correction": 5.822813786693359E-9,
  "electron_contaminaton": false,
  "energy": "0.1-0.8nm"
}
