{
    "time_tag": "2026-05-11T11:12:00Z",
    "satellite": 18,
    "flux": 8.254871772805927e-07,
    "observed_flux": 8.329833462994429e-07,
    "electron_correction": 7.496209875057502e-09,
    "electron_contaminaton": false,
    "energy": "0.1-0.8nm"
}