{
  "time_tag": "2025-12-25T00:36:00Z",
  "satellite": 18,
  "flux": 0.0000013961384865979198,
  "observed_flux": 0.0000014464675359704415,
  "electron_correction": 5.032903516166698E-8,
  "electron_contaminaton": false,
  "energy": "0.1-0.8nm"
}
