{
  "time_tag": "2026-05-15T23:29:00Z",
  "satellite": 18,
  "flux": 4.1156962993227353E-7,
  "observed_flux": 4.3389121628933935E-7,
  "electron_correction": 2.232160234427738E-8,
  "electron_contaminaton": false,
  "energy": "0.1-0.8nm"
}
