{
  "time_tag": "2026-06-05T18:51:00Z",
  "satellite": 18,
  "flux": 0.000003685907586259418,
  "observed_flux": 0.000003706069037434645,
  "electron_correction": 2.0161468938795224E-8,
  "electron_contaminaton": false,
  "energy": "0.1-0.8nm"
}
