{
  "time_tag": "2026-02-26T03:34:00Z",
  "satellite": 18,
  "flux": 0.000001011938934425416,
  "observed_flux": 0.0000010273889756717836,
  "electron_correction": 1.5450027035512903E-8,
  "electron_contaminaton": false,
  "energy": "0.1-0.8nm"
}
