{
    "time_tag": "2026-05-06T12:08:00Z",
    "satellite": 18,
    "flux": 7.205242127383826e-07,
    "observed_flux": 7.519255973420513e-07,
    "electron_correction": 3.140137039281399e-08,
    "electron_contaminaton": false,
    "energy": "0.1-0.8nm"
}