{
  "time_tag": "2026-05-26T18:14:00Z",
  "satellite": 18,
  "flux": 9.884089422484976E-7,
  "observed_flux": 0.000001001456553240132,
  "electron_correction": 1.304766605869645E-8,
  "electron_contaminaton": false,
  "energy": "0.1-0.8nm"
}
