{
  "time_tag": "2026-02-19T07:45:00Z",
  "satellite": 18,
  "flux": 7.528414016633178E-7,
  "observed_flux": 7.534656560892472E-7,
  "electron_correction": 6.24293172712953E-10,
  "electron_contaminaton": false,
  "energy": "0.1-0.8nm"
}
