{
  "time_tag": "2025-12-19T03:38:00Z",
  "satellite": 18,
  "flux": 6.047085321370105E-7,
  "observed_flux": 6.434671036004147E-7,
  "electron_correction": 3.875860343782733E-8,
  "electron_contaminaton": false,
  "energy": "0.1-0.8nm"
}
