{
  "time_tag": "2026-02-03T07:53:00Z",
  "satellite": 18,
  "flux": 0.000024963133910205215,
  "observed_flux": 0.000024968003344838507,
  "electron_correction": 4.8690682596941315E-9,
  "electron_contaminaton": false,
  "energy": "0.1-0.8nm"
}
