{
  "time_tag": "2026-05-29T00:21:00Z",
  "satellite": 19,
  "flux": 8.688301136317023E-7,
  "observed_flux": 8.992902849058737E-7,
  "electron_correction": 3.046017482688512E-8,
  "electron_contaminaton": false,
  "energy": "0.1-0.8nm"
}
