{
  "time_tag": "2026-05-15T18:11:00Z",
  "satellite": 18,
  "flux": 5.490315402312262E-7,
  "observed_flux": 5.704604859602114E-7,
  "electron_correction": 2.1428942176271448E-8,
  "electron_contaminaton": false,
  "energy": "0.1-0.8nm"
}
