{
  "time_tag": "2026-03-10T04:56:00Z",
  "satellite": 18,
  "flux": 5.411934580479283E-7,
  "observed_flux": 5.495185178006068E-7,
  "electron_correction": 8.325049982715882E-9,
  "electron_contaminaton": false,
  "energy": "0.1-0.8nm"
}
