{
  "time_tag": "2026-05-08T08:04:00Z",
  "satellite": 18,
  "flux": 6.227345465958933E-7,
  "observed_flux": 6.242335075512528E-7,
  "electron_correction": 1.4989772756379693E-9,
  "electron_contaminaton": false,
  "energy": "0.1-0.8nm"
}
