{
    "time_tag": "2026-05-15T22:22:00Z",
    "satellite": 18,
    "flux": 3.876647554079682e-07,
    "observed_flux": 4.135839333230251e-07,
    "electron_correction": 2.5919197454982168e-08,
    "electron_contaminaton": false,
    "energy": "0.1-0.8nm"
}