{
  "time_tag": "2025-12-22T15:19:00Z",
  "satellite": 18,
  "flux": 8.975701462077268E-7,
  "observed_flux": 9.647540082369233E-7,
  "electron_correction": 6.718391176718796E-8,
  "electron_contaminaton": false,
  "energy": "0.1-0.8nm"
}
