{
  "time_tag": "2025-12-05T06:23:00Z",
  "satellite": 18,
  "flux": 0.0000019598335256887367,
  "observed_flux": 0.00000196435212274082,
  "electron_correction": 4.518670326802976E-9,
  "electron_contaminaton": false,
  "energy": "0.1-0.8nm"
}
