{
  "time_tag": "2026-06-26T18:13:00Z",
  "satellite": 18,
  "flux": 0.0000011073224186475272,
  "observed_flux": 0.000001170683731288591,
  "electron_correction": 6.336131974649106E-8,
  "electron_contaminaton": false,
  "energy": "0.1-0.8nm"
}
