{
  "time_tag": "2025-12-20T20:17:00Z",
  "satellite": 18,
  "flux": 0.000001457377265978721,
  "observed_flux": 0.0000014984484550950583,
  "electron_correction": 4.1071256617897234E-8,
  "electron_contaminaton": false,
  "energy": "0.1-0.8nm"
}
