{
  "time_tag": "2026-03-24T17:05:00Z",
  "satellite": 18,
  "flux": 8.353850944331498E-7,
  "observed_flux": 9.166259928861109E-7,
  "electron_correction": 8.124087003125169E-8,
  "electron_contaminaton": false,
  "energy": "0.1-0.8nm"
}
