{
  "time_tag": "2025-12-28T00:42:00Z",
  "satellite": 18,
  "flux": 0.0000029261489089549286,
  "observed_flux": 0.0000029759848985122517,
  "electron_correction": 4.98361316658702E-8,
  "electron_contaminaton": false,
  "energy": "0.1-0.8nm"
}
