{
  "time_tag": "2026-02-25T23:39:00Z",
  "satellite": 18,
  "flux": 0.0000015839253819649457,
  "observed_flux": 0.0000016361243524443125,
  "electron_correction": 5.219893139951637E-8,
  "electron_contaminaton": false,
  "energy": "0.1-0.8nm"
}
