{
  "time_tag": "2025-12-31T16:19:00Z",
  "satellite": 18,
  "flux": 0.0000037342720133892726,
  "observed_flux": 0.000003739141448022565,
  "electron_correction": 4.8695389942565726E-9,
  "electron_contaminaton": false,
  "energy": "0.1-0.8nm"
}
