{
  "time_tag": "2026-03-25T00:39:00Z",
  "satellite": 18,
  "flux": 0.000003104362349404255,
  "observed_flux": 0.0000031607839900971157,
  "electron_correction": 5.6421679772711286E-8,
  "electron_contaminaton": false,
  "energy": "0.1-0.8nm"
}
