{
  "time_tag": "2026-05-22T10:20:00Z",
  "satellite": 18,
  "flux": 0.00001588456507306546,
  "observed_flux": 0.000015898218407528475,
  "electron_correction": 1.3653268737812141E-8,
  "electron_contaminaton": false,
  "energy": "0.1-0.8nm"
}
