{
  "time_tag": "2026-03-17T21:11:00Z",
  "satellite": 18,
  "flux": 3.5195239433960523E-7,
  "observed_flux": 3.983881526892219E-7,
  "electron_correction": 4.643576190233034E-8,
  "electron_contaminaton": false,
  "energy": "0.1-0.8nm"
}
