{
  "time_tag": "2026-03-11T03:31:00Z",
  "satellite": 18,
  "flux": 6.409704269572103E-7,
  "observed_flux": 6.541233119605749E-7,
  "electron_correction": 1.3152851252584696E-8,
  "electron_contaminaton": false,
  "energy": "0.1-0.8nm"
}
