{
  "time_tag": "2026-01-01T21:19:00Z",
  "satellite": 18,
  "flux": 0.000001770552330526698,
  "observed_flux": 0.0000018259770513395779,
  "electron_correction": 5.5424727918307326E-8,
  "electron_contaminaton": false,
  "energy": "0.1-0.8nm"
}
