{
  "time_tag": "2026-03-20T06:01:00Z",
  "satellite": 18,
  "flux": 2.5956711624530726E-7,
  "observed_flux": 2.5975404582823103E-7,
  "electron_correction": 1.8691678760340835E-10,
  "electron_contaminaton": false,
  "energy": "0.1-0.8nm"
}
