{
  "time_tag": "2026-05-11T20:27:00Z",
  "satellite": 18,
  "flux": 6.747173415533325E-7,
  "observed_flux": 6.919848942743556E-7,
  "electron_correction": 1.726759180087356E-8,
  "electron_contaminaton": false,
  "energy": "0.1-0.8nm"
}
