{
  "time_tag": "2026-02-06T07:30:00Z",
  "satellite": 18,
  "flux": 0.00000138928498927271,
  "observed_flux": 0.0000013971317684990936,
  "electron_correction": 7.846741034711613E-9,
  "electron_contaminaton": false,
  "energy": "0.1-0.8nm"
}
