{
    "time_tag": "2026-05-14T12:14:00Z",
    "satellite": 18,
    "flux": 1.255337906513887e-06,
    "observed_flux": 1.2624925602722215e-06,
    "electron_correction": 7.154703940415175e-09,
    "electron_contaminaton": false,
    "energy": "0.1-0.8nm"
}