{
  "time_tag": "2025-12-22T20:18:00Z",
  "satellite": 18,
  "flux": 8.816962235869141E-7,
  "observed_flux": 9.340138262814435E-7,
  "electron_correction": 5.231763111623877E-8,
  "electron_contaminaton": false,
  "energy": "0.1-0.8nm"
}
