{
  "time_tag": "2026-03-05T07:54:00Z",
  "satellite": 18,
  "flux": 6.241801315809425E-7,
  "observed_flux": 6.293023488979088E-7,
  "electron_correction": 5.122241741872813E-9,
  "electron_contaminaton": false,
  "energy": "0.1-0.8nm"
}
