{
  "time_tag": "2026-01-09T09:19:00Z",
  "satellite": 18,
  "flux": 6.787863071622269E-7,
  "observed_flux": 6.800387382099871E-7,
  "electron_correction": 1.2524263848234796E-9,
  "electron_contaminaton": false,
  "energy": "0.1-0.8nm"
}
