{
  "time_tag": "2026-05-02T19:56:00Z",
  "satellite": 18,
  "flux": 0.0000013057231171842432,
  "observed_flux": 0.0000013526894235837972,
  "electron_correction": 4.696628508327194E-8,
  "electron_contaminaton": false,
  "energy": "0.1-0.8nm"
}
