{
    "time_tag": "2026-06-30T13:36:00Z",
    "satellite": 18,
    "flux": 1.6756377590354532e-05,
    "observed_flux": 1.6772193703218363e-05,
    "electron_correction": 1.581534903039028e-08,
    "electron_contaminaton": false,
    "energy": "0.1-0.8nm"
}