{
  "time_tag": "2025-12-23T07:18:00Z",
  "satellite": 18,
  "flux": 8.661115771246841E-7,
  "observed_flux": 8.791910204308806E-7,
  "electron_correction": 1.3079443306196481E-8,
  "electron_contaminaton": false,
  "energy": "0.1-0.8nm"
}
