{
  "time_tag": "2026-06-28T12:08:00Z",
  "satellite": 18,
  "flux": 0.0000018929655425381497,
  "observed_flux": 0.0000019255985534982756,
  "electron_correction": 3.263312109424987E-8,
  "electron_contaminaton": false,
  "energy": "0.1-0.8nm"
}
