{
  "time_tag": "2026-02-03T16:29:00Z",
  "satellite": 18,
  "flux": 0.000014013742656970862,
  "observed_flux": 0.000014033164916327223,
  "electron_correction": 1.9422101260602176E-8,
  "electron_contaminaton": false,
  "energy": "0.1-0.8nm"
}
