{
    "time_tag": "2026-05-08T23:34:00Z",
    "satellite": 18,
    "flux": 2.148742851204588e-06,
    "observed_flux": 2.192617330365465e-06,
    "electron_correction": 4.387445784459487e-08,
    "electron_contaminaton": false,
    "energy": "0.1-0.8nm"
}