{
    "time_tag": "2026-05-17T23:50:00Z",
    "satellite": 18,
    "flux": 5.773401881015161e-07,
    "observed_flux": 6.358780524351459e-07,
    "electron_correction": 5.853784301734777e-08,
    "electron_contaminaton": false,
    "energy": "0.1-0.8nm"
}