{
    "time_tag": "2026-04-30T15:55:00Z",
    "satellite": 18,
    "flux": 1.462974978494458e-06,
    "observed_flux": 1.4666188690171111e-06,
    "electron_correction": 3.643846557821462e-09,
    "electron_contaminaton": false,
    "energy": "0.1-0.8nm"
}