{
  "time_tag": "2026-01-23T08:19:00Z",
  "satellite": 18,
  "flux": 0.0000011970956848017522,
  "observed_flux": 0.0000012013355217277422,
  "electron_correction": 4.239872453126736E-9,
  "electron_contaminaton": false,
  "energy": "0.1-0.8nm"
}
