{
  "time_tag": "2025-12-10T06:23:00Z",
  "satellite": 18,
  "flux": 0.0000030287662866612663,
  "observed_flux": 0.0000030293495001387782,
  "electron_correction": 5.832364036173487E-10,
  "electron_contaminaton": false,
  "energy": "0.1-0.8nm"
}
