{
  "time_tag": "2026-03-25T11:48:00Z",
  "satellite": 18,
  "flux": 0.0000012568093552545179,
  "observed_flux": 0.0000012649456948565785,
  "electron_correction": 8.136321838492222E-9,
  "electron_contaminaton": false,
  "energy": "0.1-0.8nm"
}
