{
  "time_tag": "2026-03-07T17:35:00Z",
  "satellite": 18,
  "flux": 6.542449000335182E-7,
  "observed_flux": 6.736912041560572E-7,
  "electron_correction": 1.9446305898895844E-8,
  "electron_contaminaton": false,
  "energy": "0.1-0.8nm"
}
