{
  "time_tag": "2026-03-07T16:51:00Z",
  "satellite": 18,
  "flux": 7.456719117726607E-7,
  "observed_flux": 7.607167162859696E-7,
  "electron_correction": 1.5044776091599488E-8,
  "electron_contaminaton": false,
  "energy": "0.1-0.8nm"
}
