{
    "time_tag": "2026-05-17T00:08:00Z",
    "satellite": 18,
    "flux": 8.248366043517308e-07,
    "observed_flux": 9.146347110799979e-07,
    "electron_correction": 8.97980996228398e-08,
    "electron_contaminaton": false,
    "energy": "0.1-0.8nm"
}