{
  "time_tag": "2026-03-25T16:39:00Z",
  "satellite": 18,
  "flux": 0.0000014239609527066932,
  "observed_flux": 0.0000014649313015979715,
  "electron_correction": 4.09702920478594E-8,
  "electron_contaminaton": false,
  "energy": "0.1-0.8nm"
}
