{
  "time_tag": "2026-01-08T04:24:00Z",
  "satellite": 18,
  "flux": 9.473121167502541E-7,
  "observed_flux": 9.510674772172933E-7,
  "electron_correction": 3.7553635756637505E-9,
  "electron_contaminaton": false,
  "energy": "0.1-0.8nm"
}
