{
  "time_tag": "2026-05-24T13:26:00Z",
  "satellite": 18,
  "flux": 7.561040433756716E-7,
  "observed_flux": 7.652010367564799E-7,
  "electron_correction": 9.09699870987879E-9,
  "electron_contaminaton": false,
  "energy": "0.1-0.8nm"
}
