{
  "time_tag": "2026-03-25T05:28:00Z",
  "satellite": 18,
  "flux": 0.0000011334157079545548,
  "observed_flux": 0.0000011823531167465262,
  "electron_correction": 4.893744431910818E-8,
  "electron_contaminaton": false,
  "energy": "0.1-0.8nm"
}
