{
    "time_tag": "2026-05-21T14:47:00Z",
    "satellite": 18,
    "flux": 6.437833803829562e-07,
    "observed_flux": 6.95639357672917e-07,
    "electron_correction": 5.185598439538808e-08,
    "electron_contaminaton": false,
    "energy": "0.1-0.8nm"
}