{
  "time_tag": "2026-01-20T18:20:00Z",
  "satellite": 18,
  "flux": 0.0000018169383793065208,
  "observed_flux": 0.0000018322404002901749,
  "electron_correction": 1.5301939271239462E-8,
  "electron_contaminaton": false,
  "energy": "0.1-0.8nm"
}
