{
  "time_tag": "2026-02-08T17:37:00Z",
  "satellite": 18,
  "flux": 0.000008679899110575207,
  "observed_flux": 0.000008732469723327085,
  "electron_correction": 5.2570058528544905E-8,
  "electron_contaminaton": false,
  "energy": "0.1-0.8nm"
}
