{
  "time_tag": "2026-04-25T12:26:00Z",
  "satellite": 18,
  "flux": 9.029301963892067E-7,
  "observed_flux": 9.069762541003001E-7,
  "electron_correction": 4.046030621651653E-9,
  "electron_contaminaton": false,
  "energy": "0.1-0.8nm"
}
