{
  "time_tag": "2026-05-29T03:41:00Z",
  "satellite": 19,
  "flux": 9.860763157121255E-7,
  "observed_flux": 0.0000010123012543772347,
  "electron_correction": 2.6224917348827148E-8,
  "electron_contaminaton": false,
  "energy": "0.1-0.8nm"
}
