{
  "time_tag": "2026-03-08T16:51:00Z",
  "satellite": 18,
  "flux": 7.23365189969627E-7,
  "observed_flux": 7.874135121710424E-7,
  "electron_correction": 6.404830799056072E-8,
  "electron_contaminaton": false,
  "energy": "0.1-0.8nm"
}
