{
  "time_tag": "2026-02-19T18:00:00Z",
  "satellite": 18,
  "flux": 4.236838719862135E-7,
  "observed_flux": 4.663942831939494E-7,
  "electron_correction": 4.271043607673164E-8,
  "electron_contaminaton": false,
  "energy": "0.1-0.8nm"
}
