{
    "time_tag": "2026-04-24T05:08:00Z",
    "satellite": 18,
    "flux": 1.8830218095899909e-06,
    "observed_flux": 1.9066725371885695e-06,
    "electron_correction": 2.3650624569881984e-08,
    "electron_contaminaton": false,
    "energy": "0.1-0.8nm"
}