{
  "time_tag": "2026-03-29T17:22:00Z",
  "satellite": 18,
  "flux": 0.0000018397032590655726,
  "observed_flux": 0.000001854885113061755,
  "electron_correction": 1.5181859325252844E-8,
  "electron_contaminaton": false,
  "energy": "0.1-0.8nm"
}
