{
    "time_tag": "2026-05-31T20:54:00Z",
    "satellite": 18,
    "flux": 9.9009537279926e-07,
    "observed_flux": 1.0429259873490082e-06,
    "electron_correction": 5.283065007688492e-08,
    "electron_contaminaton": false,
    "energy": "0.1-0.8nm"
}