{
    "time_tag": "2026-06-28T22:52:00Z",
    "satellite": 18,
    "flux": 2.0059876533196075e-06,
    "observed_flux": 2.044677103185677e-06,
    "electron_correction": 3.868957065833456e-08,
    "electron_contaminaton": false,
    "energy": "0.1-0.8nm"
}