{
  "time_tag": "2025-12-16T11:17:00Z",
  "satellite": 18,
  "flux": 5.269712346489541E-7,
  "observed_flux": 5.276386332297989E-7,
  "electron_correction": 6.674097385861444E-10,
  "electron_contaminaton": false,
  "energy": "0.1-0.8nm"
}
