{
  "time_tag": "2026-04-26T00:54:00Z",
  "satellite": 18,
  "flux": 0.000004051220912515419,
  "observed_flux": 0.00000405789569413173,
  "electron_correction": 6.674720776089771E-9,
  "electron_contaminaton": false,
  "energy": "0.1-0.8nm"
}
