{
  "time_tag": "2026-04-23T22:45:00Z",
  "satellite": 18,
  "flux": 0.0000011245896303080372,
  "observed_flux": 0.0000011654097988866852,
  "electron_correction": 4.082016502593433E-8,
  "electron_contaminaton": false,
  "energy": "0.1-0.8nm"
}
