{
  "time_tag": "2026-03-21T23:36:00Z",
  "satellite": 18,
  "flux": 3.936864629849879E-7,
  "observed_flux": 4.18093321741253E-7,
  "electron_correction": 2.4406862308978816E-8,
  "electron_contaminaton": false,
  "energy": "0.1-0.8nm"
}
