{
  "time_tag": "2026-06-28T18:04:00Z",
  "satellite": 18,
  "flux": 0.0000018953214748762548,
  "observed_flux": 0.000001938032028192538,
  "electron_correction": 4.271063502869765E-8,
  "electron_contaminaton": false,
  "energy": "0.1-0.8nm"
}
