{
  "time_tag": "2026-04-19T23:15:00Z",
  "satellite": 18,
  "flux": 3.585761874091986E-7,
  "observed_flux": 4.110917473099107E-7,
  "electron_correction": 5.251554568985739E-8,
  "electron_contaminaton": false,
  "energy": "0.1-0.8nm"
}
