{
  "time_tag": "2026-03-30T02:36:00Z",
  "satellite": 18,
  "flux": 0.0000015284299479390029,
  "observed_flux": 0.0000015319828889914788,
  "electron_correction": 3.5529275077550437E-9,
  "electron_contaminaton": false,
  "energy": "0.1-0.8nm"
}
