{
    "time_tag": "2026-04-29T21:57:00Z",
    "satellite": 18,
    "flux": 1.2582933095472981e-06,
    "observed_flux": 1.265648279513698e-06,
    "electron_correction": 7.354894915323484e-09,
    "electron_contaminaton": false,
    "energy": "0.1-0.8nm"
}