{
  "time_tag": "2026-06-13T19:50:00Z",
  "satellite": 18,
  "flux": 5.689163344868575E-7,
  "observed_flux": 6.301703479039134E-7,
  "electron_correction": 6.125405604961998E-8,
  "electron_contaminaton": false,
  "energy": "0.1-0.8nm"
}
