{
  "time_tag": "2026-02-25T18:05:00Z",
  "satellite": 18,
  "flux": 0.0000012729831269098213,
  "observed_flux": 0.00000133851824557496,
  "electron_correction": 6.55350902434293E-8,
  "electron_contaminaton": false,
  "energy": "0.1-0.8nm"
}
