{
  "time_tag": "2026-03-01T15:03:00Z",
  "satellite": 18,
  "flux": 0.0000014352937114381348,
  "observed_flux": 0.0000014709687548020156,
  "electron_correction": 3.567510376001337E-8,
  "electron_contaminaton": false,
  "energy": "0.1-0.8nm"
}
