{
    "time_tag": "2026-05-05T09:18:00Z",
    "satellite": 18,
    "flux": 9.017013553602737e-07,
    "observed_flux": 9.315280635746603e-07,
    "electron_correction": 2.9826662029108775e-08,
    "electron_contaminaton": false,
    "energy": "0.1-0.8nm"
}