{
  "time_tag": "2026-02-20T21:21:00Z",
  "satellite": 18,
  "flux": 3.6162236938253045E-7,
  "observed_flux": 3.985942100825923E-7,
  "electron_correction": 3.697182648920716E-8,
  "electron_contaminaton": false,
  "energy": "0.1-0.8nm"
}
