{
  "time_tag": "2026-02-18T02:35:00Z",
  "satellite": 18,
  "flux": 5.138448386787786E-7,
  "observed_flux": 5.621718059956038E-7,
  "electron_correction": 4.832696021139782E-8,
  "electron_contaminaton": false,
  "energy": "0.1-0.8nm"
}
