{
  "time_tag": "2026-01-19T03:48:00Z",
  "satellite": 18,
  "flux": 0.0000029293923944351263,
  "observed_flux": 0.000002968205080833286,
  "electron_correction": 3.8812533631471524E-8,
  "electron_contaminaton": false,
  "energy": "0.1-0.8nm"
}
