{
  "time_tag": "2026-05-28T10:21:00Z",
  "satellite": 19,
  "flux": 0.0000013263478422231856,
  "observed_flux": 0.0000013461630032907124,
  "electron_correction": 1.981512021131948E-8,
  "electron_contaminaton": false,
  "energy": "0.1-0.8nm"
}
