{
  "time_tag": "2026-03-25T11:01:00Z",
  "satellite": 18,
  "flux": 0.0000013021007134739193,
  "observed_flux": 0.0000013049369727013982,
  "electron_correction": 2.8363080772919602E-9,
  "electron_contaminaton": false,
  "energy": "0.1-0.8nm"
}
