{
  "time_tag": "2026-01-08T17:20:00Z",
  "satellite": 18,
  "flux": 0.000005568501364905387,
  "observed_flux": 0.000005575322120421333,
  "electron_correction": 6.820965570142334E-9,
  "electron_contaminaton": false,
  "energy": "0.1-0.8nm"
}
