{
  "time_tag": "2026-03-08T22:01:00Z",
  "satellite": 18,
  "flux": 6.034744615135423E-7,
  "observed_flux": 6.562653993569256E-7,
  "electron_correction": 5.2790984028661114E-8,
  "electron_contaminaton": false,
  "energy": "0.1-0.8nm"
}
