{
  "time_tag": "2026-01-12T01:49:00Z",
  "satellite": 18,
  "flux": 0.000007835685210011434,
  "observed_flux": 0.000007875033588788938,
  "electron_correction": 3.9348655889170914E-8,
  "electron_contaminaton": false,
  "energy": "0.1-0.8nm"
}
