{
  "time_tag": "2026-02-23T01:35:00Z",
  "satellite": 18,
  "flux": 3.4409561067150207E-7,
  "observed_flux": 3.9536610074719647E-7,
  "electron_correction": 5.127050783926279E-8,
  "electron_contaminaton": false,
  "energy": "0.1-0.8nm"
}
