{
    "time_tag": "2026-05-19T08:41:00Z",
    "satellite": 18,
    "flux": 3.520535187817586e-07,
    "observed_flux": 3.861711377339816e-07,
    "electron_correction": 3.411760118865459e-08,
    "electron_contaminaton": false,
    "energy": "0.1-0.8nm"
}