{
  "time_tag": "2026-02-20T22:40:00Z",
  "satellite": 18,
  "flux": 3.310433953629399E-7,
  "observed_flux": 3.715185243891028E-7,
  "electron_correction": 4.047514323701762E-8,
  "electron_contaminaton": false,
  "energy": "0.1-0.8nm"
}
