{
  "time_tag": "2026-05-25T16:49:00Z",
  "satellite": 18,
  "flux": 0.0000013269883538669092,
  "observed_flux": 0.0000013305393622431438,
  "electron_correction": 3.5509934992461467E-9,
  "electron_contaminaton": false,
  "energy": "0.1-0.8nm"
}
