{
  "time_tag": "2025-12-29T11:18:00Z",
  "satellite": 18,
  "flux": 0.0000017948267441170174,
  "observed_flux": 0.000001814164193092438,
  "electron_correction": 1.9337393908358536E-8,
  "electron_contaminaton": false,
  "energy": "0.1-0.8nm"
}
