{
  "time_tag": "2025-12-28T20:19:00Z",
  "satellite": 18,
  "flux": 0.000003824371560767759,
  "observed_flux": 0.0000038852290344948415,
  "electron_correction": 6.085728898597154E-8,
  "electron_contaminaton": false,
  "energy": "0.1-0.8nm"
}
