{
  "time_tag": "2026-04-29T04:22:00Z",
  "satellite": 18,
  "flux": 0.0000014301309647635208,
  "observed_flux": 0.000001435646026948234,
  "electron_correction": 5.514982692744752E-9,
  "electron_contaminaton": false,
  "energy": "0.1-0.8nm"
}
