{
    "time_tag": "2026-06-20T22:45:00Z",
    "satellite": 18,
    "flux": 1.1411133300498477e-06,
    "observed_flux": 1.16732962851529e-06,
    "electron_correction": 2.6216268267376108e-08,
    "electron_contaminaton": false,
    "energy": "0.1-0.8nm"
}