{
    "time_tag": "2026-05-19T11:17:00Z",
    "satellite": 18,
    "flux": 3.8225033449634793e-07,
    "observed_flux": 3.9892535141916596e-07,
    "electron_correction": 1.6675032910029586e-08,
    "electron_contaminaton": false,
    "energy": "0.1-0.8nm"
}