{
  "time_tag": "2026-03-07T04:40:00Z",
  "satellite": 18,
  "flux": 6.302637984845205E-7,
  "observed_flux": 6.304159683168109E-7,
  "electron_correction": 1.52140952613955E-10,
  "electron_contaminaton": false,
  "energy": "0.1-0.8nm"
}
