{
    "time_tag": "2026-05-25T01:24:00Z",
    "satellite": 18,
    "flux": 1.5814309790584957e-06,
    "observed_flux": 1.5863316775721614e-06,
    "electron_correction": 4.900743366675897e-09,
    "electron_contaminaton": false,
    "energy": "0.1-0.8nm"
}