{
  "time_tag": "2026-02-04T09:25:00Z",
  "satellite": 18,
  "flux": 0.000006776757345505757,
  "observed_flux": 0.0000067804535319737624,
  "electron_correction": 3.6959664218016997E-9,
  "electron_contaminaton": false,
  "energy": "0.1-0.8nm"
}
