{
  "time_tag": "2026-05-17T13:05:00Z",
  "satellite": 18,
  "flux": 6.577016620212817E-7,
  "observed_flux": 6.976593454055546E-7,
  "electron_correction": 3.995770470055504E-8,
  "electron_contaminaton": false,
  "energy": "0.1-0.8nm"
}
