{
    "time_tag": "2026-06-06T20:40:00Z",
    "satellite": 18,
    "flux": 1.0606116802591714e-06,
    "observed_flux": 1.1133511179650668e-06,
    "electron_correction": 5.2739355993480785e-08,
    "electron_contaminaton": false,
    "energy": "0.1-0.8nm"
}