{
  "time_tag": "2026-05-09T23:11:00Z",
  "satellite": 18,
  "flux": 0.0000012170795571364579,
  "observed_flux": 0.0000012393038559821434,
  "electron_correction": 2.22242739766898E-8,
  "electron_contaminaton": false,
  "energy": "0.1-0.8nm"
}
