{
  "time_tag": "2026-03-08T21:21:00Z",
  "satellite": 18,
  "flux": 6.508429351015366E-7,
  "observed_flux": 7.050442150102754E-7,
  "electron_correction": 5.4201287014166155E-8,
  "electron_contaminaton": false,
  "energy": "0.1-0.8nm"
}
