{
  "time_tag": "2026-03-14T04:56:00Z",
  "satellite": 18,
  "flux": 6.563014949279022E-7,
  "observed_flux": 6.583737786058919E-7,
  "electron_correction": 2.0722707994025313E-9,
  "electron_contaminaton": false,
  "energy": "0.1-0.8nm"
}
