{
  "time_tag": "2025-12-07T03:40:00Z",
  "satellite": 18,
  "flux": 0.000002040805156866554,
  "observed_flux": 0.0000020547104213619605,
  "electron_correction": 1.3905260942692621E-8,
  "electron_contaminaton": false,
  "energy": "0.1-0.8nm"
}
