{
  "time_tag": "2025-12-24T00:38:00Z",
  "satellite": 18,
  "flux": 9.060163961294165E-7,
  "observed_flux": 9.629738997318782E-7,
  "electron_correction": 5.6957503602461657E-8,
  "electron_contaminaton": false,
  "energy": "0.1-0.8nm"
}
