{
  "time_tag": "2026-02-28T10:20:00Z",
  "satellite": 18,
  "flux": 0.0000017646796095505124,
  "observed_flux": 0.0000017902557374327444,
  "electron_correction": 2.557609768416569E-8,
  "electron_contaminaton": false,
  "energy": "0.1-0.8nm"
}
