{
    "time_tag": "2026-06-29T00:13:00Z",
    "satellite": 18,
    "flux": 2.0060763290530303e-06,
    "observed_flux": 2.0423817659320775e-06,
    "electron_correction": 3.630546530075662e-08,
    "electron_contaminaton": false,
    "energy": "0.1-0.8nm"
}