{
    "time_tag": "2026-06-06T16:10:00Z",
    "satellite": 18,
    "flux": 2.011144943026011e-06,
    "observed_flux": 2.0532540929707466e-06,
    "electron_correction": 4.210901138890222e-08,
    "electron_contaminaton": false,
    "energy": "0.1-0.8nm"
}