{
  "time_tag": "2026-06-06T02:14:00Z",
  "satellite": 18,
  "flux": 0.0000013891022945244913,
  "observed_flux": 0.0000014293393633124651,
  "electron_correction": 4.0237058129832803E-8,
  "electron_contaminaton": false,
  "energy": "0.1-0.8nm"
}
