{
  "time_tag": "2026-01-11T10:18:00Z",
  "satellite": 18,
  "flux": 5.35680442226294E-7,
  "observed_flux": 5.467819619298098E-7,
  "electron_correction": 1.110147707095166E-8,
  "electron_contaminaton": false,
  "energy": "0.1-0.8nm"
}
