{
  "time_tag": "2026-02-14T11:20:00Z",
  "satellite": 18,
  "flux": 0.0000033264325338677736,
  "observed_flux": 0.0000033468108995293733,
  "electron_correction": 2.0378355003458637E-8,
  "electron_contaminaton": false,
  "energy": "0.1-0.8nm"
}
