{
  "time_tag": "2025-12-26T13:21:00Z",
  "satellite": 18,
  "flux": 0.0000014756292330275755,
  "observed_flux": 0.0000014983038454374764,
  "electron_correction": 2.2674583988191443E-8,
  "electron_contaminaton": false,
  "energy": "0.1-0.8nm"
}
