{
    "time_tag": "2026-06-28T02:10:00Z",
    "satellite": 18,
    "flux": 1.7775391825125553e-06,
    "observed_flux": 1.8179571270593442e-06,
    "electron_correction": 4.041797652121204e-08,
    "electron_contaminaton": false,
    "energy": "0.1-0.8nm"
}