{
  "time_tag": "2026-02-18T14:29:00Z",
  "satellite": 18,
  "flux": 4.3423426632216433E-7,
  "observed_flux": 5.057337375546922E-7,
  "electron_correction": 7.149949254880994E-8,
  "electron_contaminaton": false,
  "energy": "0.1-0.8nm"
}
