{
  "time_tag": "2026-03-22T23:51:00Z",
  "satellite": 18,
  "flux": 0.0000030717103527422296,
  "observed_flux": 0.000003169103365507908,
  "electron_correction": 9.739313355794366E-8,
  "electron_contaminaton": false,
  "energy": "0.1-0.8nm"
}
