{
  "time_tag": "2026-03-04T00:21:00Z",
  "satellite": 18,
  "flux": 6.990629231040657E-7,
  "observed_flux": 7.336153089454456E-7,
  "electron_correction": 3.4552410710375625E-8,
  "electron_contaminaton": false,
  "energy": "0.1-0.8nm"
}
