{
  "time_tag": "2026-05-30T12:08:00Z",
  "satellite": 18,
  "flux": 7.304018936338252E-7,
  "observed_flux": 7.445890446433623E-7,
  "electron_correction": 1.4187151009537047E-8,
  "electron_contaminaton": false,
  "energy": "0.1-0.8nm"
}
