{
  "time_tag": "2025-12-16T09:19:00Z",
  "satellite": 18,
  "flux": 8.434877827312448E-7,
  "observed_flux": 8.435230824943574E-7,
  "electron_correction": 3.527528269486879E-11,
  "electron_contaminaton": false,
  "energy": "0.1-0.8nm"
}
