{
  "time_tag": "2026-03-06T23:39:00Z",
  "satellite": 18,
  "flux": 6.831802465967485E-7,
  "observed_flux": 6.892840360706032E-7,
  "electron_correction": 6.103775262999989E-9,
  "electron_contaminaton": false,
  "energy": "0.1-0.8nm"
}
