{
  "time_tag": "2026-04-26T17:01:00Z",
  "satellite": 18,
  "flux": 0.000003028093033208279,
  "observed_flux": 0.0000030466344469459727,
  "electron_correction": 1.8541607360589296E-8,
  "electron_contaminaton": false,
  "energy": "0.1-0.8nm"
}
