{
  "time_tag": "2026-06-22T16:13:00Z",
  "satellite": 18,
  "flux": 5.816576731376699E-7,
  "observed_flux": 5.900463406760537E-7,
  "electron_correction": 8.388652439350608E-9,
  "electron_contaminaton": false,
  "energy": "0.1-0.8nm"
}
