{
  "time_tag": "2026-02-22T22:22:00Z",
  "satellite": 18,
  "flux": 4.880351411884476E-7,
  "observed_flux": 5.386223733694351E-7,
  "electron_correction": 5.0587228628273806E-8,
  "electron_contaminaton": false,
  "energy": "0.1-0.8nm"
}
