{
    "time_tag": "2026-05-15T17:08:00Z",
    "satellite": 18,
    "flux": 4.196003828838002e-07,
    "observed_flux": 4.440477994194225e-07,
    "electron_correction": 2.4447407653838127e-08,
    "electron_contaminaton": false,
    "energy": "0.1-0.8nm"
}