{
  "time_tag": "2026-05-20T18:41:00Z",
  "satellite": 18,
  "flux": 6.29014778041892E-7,
  "observed_flux": 6.921878821231076E-7,
  "electron_correction": 6.317309697578821E-8,
  "electron_contaminaton": false,
  "energy": "0.1-0.8nm"
}
