{
    "time_tag": "2026-06-01T08:56:00Z",
    "satellite": 18,
    "flux": 7.422310090987594e-07,
    "observed_flux": 7.559742130069935e-07,
    "electron_correction": 1.374321989544569e-08,
    "electron_contaminaton": false,
    "energy": "0.1-0.8nm"
}