{
  "time_tag": "2026-06-20T11:12:00Z",
  "satellite": 18,
  "flux": 6.176753686304437E-7,
  "observed_flux": 6.27322037871636E-7,
  "electron_correction": 9.646696774723296E-9,
  "electron_contaminaton": false,
  "energy": "0.1-0.8nm"
}
