{
    "time_tag": "2026-05-10T07:32:00Z",
    "satellite": 18,
    "flux": 1.7321365248790244e-06,
    "observed_flux": 1.7438986787965405e-06,
    "electron_correction": 1.1762175233798189e-08,
    "electron_contaminaton": false,
    "energy": "0.1-0.8nm"
}