{
  "time_tag": "2026-03-25T23:09:00Z",
  "satellite": 18,
  "flux": 0.0000013162728009774582,
  "observed_flux": 0.0000013681400332643534,
  "electron_correction": 5.1867246497749875E-8,
  "electron_contaminaton": false,
  "energy": "0.1-0.8nm"
}
