{
    "time_tag": "2026-05-19T03:18:00Z",
    "satellite": 18,
    "flux": 4.3363965573917085e-07,
    "observed_flux": 4.6186252689039975e-07,
    "electron_correction": 2.8222849834946828e-08,
    "electron_contaminaton": false,
    "energy": "0.1-0.8nm"
}