{
  "time_tag": "2026-06-30T17:20:00Z",
  "satellite": 18,
  "flux": 0.000002416223651380278,
  "observed_flux": 0.000002440788193780463,
  "electron_correction": 2.4564441147845173E-8,
  "electron_contaminaton": false,
  "energy": "0.1-0.8nm"
}
