{
  "time_tag": "2026-01-18T21:17:00Z",
  "satellite": 18,
  "flux": 0.000016370768207707442,
  "observed_flux": 0.000016443984350189567,
  "electron_correction": 7.321565931306395E-8,
  "electron_contaminaton": false,
  "energy": "0.1-0.8nm"
}
