{
  "time_tag": "2026-02-07T00:07:00Z",
  "satellite": 18,
  "flux": 0.000001303323529100453,
  "observed_flux": 0.000001367572963317798,
  "electron_correction": 6.42494626390544E-8,
  "electron_contaminaton": false,
  "energy": "0.1-0.8nm"
}
