{
  "time_tag": "2026-03-11T06:45:00Z",
  "satellite": 18,
  "flux": 5.719601290365972E-7,
  "observed_flux": 5.810083507640229E-7,
  "electron_correction": 9.04818797664575E-9,
  "electron_contaminaton": false,
  "energy": "0.1-0.8nm"
}
