{
  "time_tag": "2026-02-20T22:02:00Z",
  "satellite": 18,
  "flux": 3.380105226824526E-7,
  "observed_flux": 3.737808071946347E-7,
  "electron_correction": 3.577026674861372E-8,
  "electron_contaminaton": false,
  "energy": "0.1-0.8nm"
}
