{
  "time_tag": "2026-06-28T23:35:00Z",
  "satellite": 18,
  "flux": 0.000001997649860641104,
  "observed_flux": 0.000002035851593973348,
  "electron_correction": 3.8201768859380536E-8,
  "electron_contaminaton": false,
  "energy": "0.1-0.8nm"
}
