{
  "time_tag": "2026-02-08T13:14:00Z",
  "satellite": 18,
  "flux": 0.000004434949005371891,
  "observed_flux": 0.00000447032925876556,
  "electron_correction": 3.53805020836262E-8,
  "electron_contaminaton": false,
  "energy": "0.1-0.8nm"
}
