{
    "time_tag": "2026-06-02T14:25:00Z",
    "satellite": 18,
    "flux": 1.0181255447605508e-06,
    "observed_flux": 1.0435767308081267e-06,
    "electron_correction": 2.5451175389434866e-08,
    "electron_contaminaton": false,
    "energy": "0.1-0.8nm"
}