{
  "time_tag": "2026-06-15T08:25:00Z",
  "satellite": 18,
  "flux": 8.262655910584726E-7,
  "observed_flux": 8.50522894779715E-7,
  "electron_correction": 2.4257284181317118E-8,
  "electron_contaminaton": false,
  "energy": "0.1-0.8nm"
}
