{
  "time_tag": "2026-01-31T00:44:00Z",
  "satellite": 18,
  "flux": 0.0000010691941270124516,
  "observed_flux": 0.0000011345841812726576,
  "electron_correction": 6.539003294392387E-8,
  "electron_contaminaton": false,
  "energy": "0.1-0.8nm"
}
