{
  "time_tag": "2026-01-11T19:17:00Z",
  "satellite": 18,
  "flux": 4.2556541757221567E-7,
  "observed_flux": 4.77711921575974E-7,
  "electron_correction": 5.214647913476256E-8,
  "electron_contaminaton": false,
  "energy": "0.1-0.8nm"
}
