{
    "time_tag": "2026-05-07T00:46:00Z",
    "satellite": 18,
    "flux": 8.504875381731836e-07,
    "observed_flux": 8.898232977117004e-07,
    "electron_correction": 3.933575598580319e-08,
    "electron_contaminaton": false,
    "energy": "0.1-0.8nm"
}