{
    "time_tag": "2026-04-30T14:27:00Z",
    "satellite": 18,
    "flux": 1.1150106047352892e-06,
    "observed_flux": 1.1181439276697347e-06,
    "electron_correction": 3.1332449967891307e-09,
    "electron_contaminaton": false,
    "energy": "0.1-0.8nm"
}