{
  "time_tag": "2026-01-17T23:18:00Z",
  "satellite": 18,
  "flux": 0.0000012741905948132626,
  "observed_flux": 0.0000013396563645073911,
  "electron_correction": 6.546583364297476E-8,
  "electron_contaminaton": false,
  "energy": "0.1-0.8nm"
}
