{
  "time_tag": "2026-05-30T06:20:00Z",
  "satellite": 18,
  "flux": 0.0000010814982260853867,
  "observed_flux": 0.0000010908746617133147,
  "electron_correction": 9.37644539789062E-9,
  "electron_contaminaton": false,
  "energy": "0.1-0.8nm"
}
