{
  "time_tag": "2026-05-03T15:03:00Z",
  "satellite": 18,
  "flux": 8.954281724982138E-7,
  "observed_flux": 9.178173172585957E-7,
  "electron_correction": 2.2389153642166093E-8,
  "electron_contaminaton": false,
  "energy": "0.1-0.8nm"
}
