{
    "time_tag": "2026-04-23T04:07:00Z",
    "satellite": 18,
    "flux": 8.729473961466283e-07,
    "observed_flux": 8.866477969604603e-07,
    "electron_correction": 1.3700417689221922e-08,
    "electron_contaminaton": false,
    "energy": "0.1-0.8nm"
}