{
    "time_tag": "2026-06-09T18:54:00Z",
    "satellite": 18,
    "flux": 7.58144153678586e-07,
    "observed_flux": 8.022376505323336e-07,
    "electron_correction": 4.4093503959174996e-08,
    "electron_contaminaton": false,
    "energy": "0.1-0.8nm"
}