{
  "time_tag": "2026-02-28T19:21:00Z",
  "satellite": 18,
  "flux": 0.0000012194664122944232,
  "observed_flux": 0.0000012757976719512953,
  "electron_correction": 5.633127386772685E-8,
  "electron_contaminaton": false,
  "energy": "0.1-0.8nm"
}
