{
  "time_tag": "2026-05-09T17:59:00Z",
  "satellite": 18,
  "flux": 0.000001009089601211599,
  "observed_flux": 0.0000010379403647675645,
  "electron_correction": 2.8850713817973883E-8,
  "electron_contaminaton": false,
  "energy": "0.1-0.8nm"
}
