{
  "time_tag": "2026-03-05T03:32:00Z",
  "satellite": 18,
  "flux": 5.438158154902339E-7,
  "observed_flux": 5.525034225684067E-7,
  "electron_correction": 8.687600860923794E-9,
  "electron_contaminaton": false,
  "energy": "0.1-0.8nm"
}
