{
  "time_tag": "2026-02-06T23:49:00Z",
  "satellite": 18,
  "flux": 0.0000014958154679334257,
  "observed_flux": 0.0000015501090047109756,
  "electron_correction": 5.429353677754989E-8,
  "electron_contaminaton": false,
  "energy": "0.1-0.8nm"
}
