{
  "time_tag": "2026-01-14T04:32:00Z",
  "satellite": 18,
  "flux": 0.0000015402196140712476,
  "observed_flux": 0.0000015834471014386509,
  "electron_correction": 4.3227529999967373E-8,
  "electron_contaminaton": false,
  "energy": "0.1-0.8nm"
}
