{
  "time_tag": "2026-03-03T20:57:00Z",
  "satellite": 18,
  "flux": 7.45067382013076E-7,
  "observed_flux": 7.626295541740546E-7,
  "electron_correction": 1.75621739373355E-8,
  "electron_contaminaton": false,
  "energy": "0.1-0.8nm"
}
