{
    "time_tag": "2026-05-06T18:00:00Z",
    "satellite": 18,
    "flux": 6.819323061790783e-07,
    "observed_flux": 7.354126410064055e-07,
    "electron_correction": 5.3480345485468206e-08,
    "electron_contaminaton": false,
    "energy": "0.1-0.8nm"
}