{
  "time_tag": "2026-01-26T06:20:00Z",
  "satellite": 18,
  "flux": 0.00000105877700207202,
  "observed_flux": 0.0000010979233593388926,
  "electron_correction": 3.914637503044105E-8,
  "electron_contaminaton": false,
  "energy": "0.1-0.8nm"
}
