{
  "time_tag": "2025-12-12T23:18:00Z",
  "satellite": 18,
  "flux": 8.345680839738634E-7,
  "observed_flux": 8.542854743609496E-7,
  "electron_correction": 1.9717392163443037E-8,
  "electron_contaminaton": false,
  "energy": "0.1-0.8nm"
}
