{
    "time_tag": "2026-06-28T17:07:00Z",
    "satellite": 18,
    "flux": 2.2109791188995587e-06,
    "observed_flux": 2.251370688099996e-06,
    "electron_correction": 4.0391693545416274e-08,
    "electron_contaminaton": false,
    "energy": "0.1-0.8nm"
}