{
  "time_tag": "2026-02-06T07:03:00Z",
  "satellite": 18,
  "flux": 0.000001305829755438026,
  "observed_flux": 0.0000013134323353369837,
  "electron_correction": 7.602524831895607E-9,
  "electron_contaminaton": false,
  "energy": "0.1-0.8nm"
}
