{
  "time_tag": "2026-04-28T18:23:00Z",
  "satellite": 18,
  "flux": 0.0000038022374155843863,
  "observed_flux": 0.000003813815510511631,
  "electron_correction": 1.1577959924125025E-8,
  "electron_contaminaton": false,
  "energy": "0.1-0.8nm"
}
