{
  "time_tag": "2026-02-05T15:24:00Z",
  "satellite": 18,
  "flux": 0.000008092410098470282,
  "observed_flux": 0.000008102400897769257,
  "electron_correction": 9.990899663137043E-9,
  "electron_contaminaton": false,
  "energy": "0.1-0.8nm"
}
