{
  "time_tag": "2026-03-18T14:41:00Z",
  "satellite": 18,
  "flux": 5.179965114621154E-7,
  "observed_flux": 5.33877425823448E-7,
  "electron_correction": 1.5880901926834667E-8,
  "electron_contaminaton": false,
  "energy": "0.1-0.8nm"
}
