{
  "time_tag": "2026-05-30T01:17:00Z",
  "satellite": 18,
  "flux": 7.43576379136357E-7,
  "observed_flux": 7.701283948335913E-7,
  "electron_correction": 2.6552035237159544E-8,
  "electron_contaminaton": false,
  "energy": "0.1-0.8nm"
}
