{
  "time_tag": "2026-03-27T20:26:00Z",
  "satellite": 18,
  "flux": 9.170683483716857E-7,
  "observed_flux": 9.517182206764119E-7,
  "electron_correction": 3.464989006829455E-8,
  "electron_contaminaton": false,
  "energy": "0.1-0.8nm"
}
