{
  "time_tag": "2026-04-30T00:01:00Z",
  "satellite": 18,
  "flux": 0.0000010144718771698535,
  "observed_flux": 0.0000010208420917479089,
  "electron_correction": 6.370163063706968E-9,
  "electron_contaminaton": false,
  "energy": "0.1-0.8nm"
}
