{
  "time_tag": "2026-02-10T18:44:00Z",
  "satellite": 18,
  "flux": 0.0000024924604531406658,
  "observed_flux": 0.000002522285740269581,
  "electron_correction": 2.982533686690658E-8,
  "electron_contaminaton": false,
  "energy": "0.1-0.8nm"
}
