{
  "time_tag": "2026-01-20T04:29:00Z",
  "satellite": 18,
  "flux": 0.0000014105866057434469,
  "observed_flux": 0.0000014113295492279576,
  "electron_correction": 7.43019146209889E-10,
  "electron_contaminaton": false,
  "energy": "0.1-0.8nm"
}
