{
    "time_tag": "2026-06-20T18:38:00Z",
    "satellite": 18,
    "flux": 5.077974947198527e-07,
    "observed_flux": 5.327541998667584e-07,
    "electron_correction": 2.4956690936051018e-08,
    "electron_contaminaton": false,
    "energy": "0.1-0.8nm"
}