{
  "time_tag": "2026-02-18T18:28:00Z",
  "satellite": 18,
  "flux": 4.7191082330755307E-7,
  "observed_flux": 5.389758825913304E-7,
  "electron_correction": 6.70650379674953E-8,
  "electron_contaminaton": false,
  "energy": "0.1-0.8nm"
}
