{
  "time_tag": "2026-02-11T11:28:00Z",
  "satellite": 18,
  "flux": 0.0000010829220400410122,
  "observed_flux": 0.0000010913156529568369,
  "electron_correction": 8.39362090943041E-9,
  "electron_contaminaton": false,
  "energy": "0.1-0.8nm"
}
