{
  "time_tag": "2026-03-15T08:14:00Z",
  "satellite": 18,
  "flux": 5.26366875419626E-7,
  "observed_flux": 5.292204150464386E-7,
  "electron_correction": 2.85351697826286E-9,
  "electron_contaminaton": false,
  "energy": "0.1-0.8nm"
}
