{
    "time_tag": "2026-06-09T14:12:00Z",
    "satellite": 18,
    "flux": 7.661457175345276e-07,
    "observed_flux": 7.862913093958923e-07,
    "electron_correction": 2.0145568768725752e-08,
    "electron_contaminaton": false,
    "energy": "0.1-0.8nm"
}