{
  "time_tag": "2026-04-25T13:23:00Z",
  "satellite": 18,
  "flux": 0.0000034405327369313454,
  "observed_flux": 0.0000034448762562533375,
  "electron_correction": 4.343478909873966E-9,
  "electron_contaminaton": false,
  "energy": "0.1-0.8nm"
}
