{
  "time_tag": "2025-12-20T11:16:00Z",
  "satellite": 18,
  "flux": 8.0168496197075E-7,
  "observed_flux": 8.223480563174235E-7,
  "electron_correction": 2.0663060595893512E-8,
  "electron_contaminaton": false,
  "energy": "0.1-0.8nm"
}
