{
  "time_tag": "2025-12-17T21:17:00Z",
  "satellite": 18,
  "flux": 6.851332727819681E-7,
  "observed_flux": 7.361840630437655E-7,
  "electron_correction": 5.10507689455153E-8,
  "electron_contaminaton": false,
  "energy": "0.1-0.8nm"
}
