{
  "time_tag": "2026-03-26T01:52:00Z",
  "satellite": 18,
  "flux": 0.0000013906422964282683,
  "observed_flux": 0.0000014392037428478943,
  "electron_correction": 4.856149615761751E-8,
  "electron_contaminaton": false,
  "energy": "0.1-0.8nm"
}
