{
  "time_tag": "2026-03-18T22:33:00Z",
  "satellite": 18,
  "flux": 3.203005292107264E-7,
  "observed_flux": 3.506807502162701E-7,
  "electron_correction": 3.0380231663684754E-8,
  "electron_contaminaton": false,
  "energy": "0.1-0.8nm"
}
