{
  "time_tag": "2026-03-31T03:02:00Z",
  "satellite": 18,
  "flux": 9.998051382353879E-7,
  "observed_flux": 0.0000010111265282830573,
  "electron_correction": 1.1321398929453608E-8,
  "electron_contaminaton": false,
  "energy": "0.1-0.8nm"
}
