{
  "time_tag": "2026-02-07T19:08:00Z",
  "satellite": 18,
  "flux": 0.0000021127464151504682,
  "observed_flux": 0.0000021657147044606972,
  "electron_correction": 5.296826444123326E-8,
  "electron_contaminaton": false,
  "energy": "0.1-0.8nm"
}
