{
  "time_tag": "2026-01-08T20:19:00Z",
  "satellite": 18,
  "flux": 0.0000019811066067632055,
  "observed_flux": 0.000001996788569158525,
  "electron_correction": 1.5681997922456503E-8,
  "electron_contaminaton": false,
  "energy": "0.1-0.8nm"
}
