{
  "time_tag": "2026-05-04T11:11:00Z",
  "satellite": 18,
  "flux": 8.964765356722637E-7,
  "observed_flux": 9.041480666382995E-7,
  "electron_correction": 7.671534518749468E-9,
  "electron_contaminaton": false,
  "energy": "0.1-0.8nm"
}
