{
  "time_tag": "2026-05-09T11:13:00Z",
  "satellite": 18,
  "flux": 6.929436722202809E-7,
  "observed_flux": 7.083410764607834E-7,
  "electron_correction": 1.539737404243624E-8,
  "electron_contaminaton": false,
  "energy": "0.1-0.8nm"
}
