{
    "time_tag": "2026-04-29T04:08:00Z",
    "satellite": 18,
    "flux": 1.8550537106420961e-06,
    "observed_flux": 1.8608943719300441e-06,
    "electron_correction": 5.840639971665951e-09,
    "electron_contaminaton": false,
    "energy": "0.1-0.8nm"
}