{
    "time_tag": "2026-05-24T21:23:00Z",
    "satellite": 18,
    "flux": 7.696863804085297e-07,
    "observed_flux": 7.830374215700431e-07,
    "electron_correction": 1.3351082905899148e-08,
    "electron_contaminaton": false,
    "energy": "0.1-0.8nm"
}