{
    "time_tag": "2026-05-05T21:09:00Z",
    "satellite": 18,
    "flux": 6.353754429255787e-07,
    "observed_flux": 6.912142112014408e-07,
    "electron_correction": 5.5838732748725306e-08,
    "electron_contaminaton": false,
    "energy": "0.1-0.8nm"
}