{
  "time_tag": "2026-02-20T07:18:00Z",
  "satellite": 18,
  "flux": 4.1147055185319914E-7,
  "observed_flux": 4.3112100911457674E-7,
  "electron_correction": 1.965045015595024E-8,
  "electron_contaminaton": false,
  "energy": "0.1-0.8nm"
}
