{
  "time_tag": "2026-01-13T03:42:00Z",
  "satellite": 18,
  "flux": 9.029307079799764E-7,
  "observed_flux": 9.560712896927726E-7,
  "electron_correction": 5.314052842209094E-8,
  "electron_contaminaton": false,
  "energy": "0.1-0.8nm"
}
