{
  "time_tag": "2026-06-27T13:48:00Z",
  "satellite": 18,
  "flux": 0.0000013906750382375321,
  "observed_flux": 0.0000014318994772111182,
  "electron_correction": 4.122445673715447E-8,
  "electron_contaminaton": false,
  "energy": "0.1-0.8nm"
}
