{
  "time_tag": "2026-02-06T20:21:00Z",
  "satellite": 18,
  "flux": 0.000001714358631943469,
  "observed_flux": 0.0000017914396721607773,
  "electron_correction": 7.708103311188097E-8,
  "electron_contaminaton": false,
  "energy": "0.1-0.8nm"
}
