{
  "time_tag": "2026-04-26T11:27:00Z",
  "satellite": 18,
  "flux": 0.0000021944063064438524,
  "observed_flux": 0.0000021988887510815402,
  "electron_correction": 4.482438864528149E-9,
  "electron_contaminaton": false,
  "energy": "0.1-0.8nm"
}
