{
  "time_tag": "2025-12-27T22:17:00Z",
  "satellite": 18,
  "flux": 0.000001724907065181469,
  "observed_flux": 0.0000017713850866130088,
  "electron_correction": 4.647799656254392E-8,
  "electron_contaminaton": false,
  "energy": "0.1-0.8nm"
}
