{
  "time_tag": "2026-02-26T12:13:00Z",
  "satellite": 18,
  "flux": 7.947774633976223E-7,
  "observed_flux": 8.17472994185664E-7,
  "electron_correction": 2.2695525458971133E-8,
  "electron_contaminaton": false,
  "energy": "0.1-0.8nm"
}
