{
  "time_tag": "2026-02-05T03:33:00Z",
  "satellite": 18,
  "flux": 0.000003396851980141946,
  "observed_flux": 0.000003397679392946884,
  "electron_correction": 8.273832730054664E-10,
  "electron_contaminaton": false,
  "energy": "0.1-0.8nm"
}
