{
  "time_tag": "2026-05-19T11:42:00Z",
  "satellite": 18,
  "flux": 4.4113070885032357E-7,
  "observed_flux": 4.6063010472607857E-7,
  "electron_correction": 1.9499395875755E-8,
  "electron_contaminaton": false,
  "energy": "0.1-0.8nm"
}
