{
  "time_tag": "2026-03-27T18:30:00Z",
  "satellite": 18,
  "flux": 0.0000032276516321871895,
  "observed_flux": 0.0000032642815313010942,
  "electron_correction": 3.6630012800742406E-8,
  "electron_contaminaton": false,
  "energy": "0.1-0.8nm"
}
