{
    "time_tag": "2026-05-24T13:02:00Z",
    "satellite": 18,
    "flux": 7.827291028661421e-07,
    "observed_flux": 7.898066769485013e-07,
    "electron_correction": 7.077597619087328e-09,
    "electron_contaminaton": false,
    "energy": "0.1-0.8nm"
}