{
    "time_tag": "2026-05-08T01:55:00Z",
    "satellite": 18,
    "flux": 8.063655059231678e-07,
    "observed_flux": 8.131430604407797e-07,
    "electron_correction": 6.777553185344232e-09,
    "electron_contaminaton": false,
    "energy": "0.1-0.8nm"
}