{
    "time_tag": "2026-06-21T23:17:00Z",
    "satellite": 18,
    "flux": 1.4417605598282535e-06,
    "observed_flux": 1.4571054407497286e-06,
    "electron_correction": 1.5344989279242327e-08,
    "electron_contaminaton": false,
    "energy": "0.1-0.8nm"
}