{
  "time_tag": "2026-02-23T21:44:00Z",
  "satellite": 18,
  "flux": 5.047791660217626E-7,
  "observed_flux": 6.229674340829661E-7,
  "electron_correction": 1.1818827516663077E-7,
  "electron_contaminaton": false,
  "energy": "0.1-0.8nm"
}
