{
  "time_tag": "2026-05-21T02:13:00Z",
  "satellite": 18,
  "flux": 6.618836891902902E-7,
  "observed_flux": 6.845451139270153E-7,
  "electron_correction": 2.266141407858413E-8,
  "electron_contaminaton": false,
  "energy": "0.1-0.8nm"
}
