{
  "time_tag": "2026-02-22T15:04:00Z",
  "satellite": 18,
  "flux": 3.3181257208525494E-7,
  "observed_flux": 3.3940699495360604E-7,
  "electron_correction": 7.59442908560004E-9,
  "electron_contaminaton": false,
  "energy": "0.1-0.8nm"
}
