{
  "time_tag": "2026-03-29T07:45:00Z",
  "satellite": 18,
  "flux": 9.72377392827184E-7,
  "observed_flux": 9.8025100214727E-7,
  "electron_correction": 7.873619090048578E-9,
  "electron_contaminaton": false,
  "energy": "0.1-0.8nm"
}
