{
  "time_tag": "2026-02-05T17:01:00Z",
  "satellite": 18,
  "flux": 0.000004068613634444773,
  "observed_flux": 0.000004083438852831023,
  "electron_correction": 1.4825202399038062E-8,
  "electron_contaminaton": false,
  "energy": "0.1-0.8nm"
}
