{
  "time_tag": "2025-12-14T21:17:00Z",
  "satellite": 18,
  "flux": 7.391067242679128E-7,
  "observed_flux": 7.897397154010832E-7,
  "electron_correction": 5.063300534402515E-8,
  "electron_contaminaton": false,
  "energy": "0.1-0.8nm"
}
