{
  "time_tag": "2026-03-07T14:07:00Z",
  "satellite": 18,
  "flux": 6.098779294916312E-7,
  "observed_flux": 6.18133469743043E-7,
  "electron_correction": 8.255544692303829E-9,
  "electron_contaminaton": false,
  "energy": "0.1-0.8nm"
}
