{
  "time_tag": "2026-03-11T20:42:00Z",
  "satellite": 18,
  "flux": 6.082180448174768E-7,
  "observed_flux": 6.648603516623552E-7,
  "electron_correction": 5.664229263402376E-8,
  "electron_contaminaton": false,
  "energy": "0.1-0.8nm"
}
