{
  "time_tag": "2026-03-19T06:07:00Z",
  "satellite": 18,
  "flux": 0.000001538718265692296,
  "observed_flux": 0.0000015486274378417875,
  "electron_correction": 9.909170373134657E-9,
  "electron_contaminaton": false,
  "energy": "0.1-0.8nm"
}
