{
  "time_tag": "2026-03-28T15:22:00Z",
  "satellite": 18,
  "flux": 0.0000023014320049696835,
  "observed_flux": 0.000002312757487743511,
  "electron_correction": 1.1325475668400031E-8,
  "electron_contaminaton": false,
  "energy": "0.1-0.8nm"
}
