{
  "time_tag": "2026-06-13T12:30:00Z",
  "satellite": 18,
  "flux": 6.489693760158843E-7,
  "observed_flux": 6.904660381223948E-7,
  "electron_correction": 4.149671184450199E-8,
  "electron_contaminaton": false,
  "energy": "0.1-0.8nm"
}
