{
    "time_tag": "2026-04-25T22:05:00Z",
    "satellite": 18,
    "flux": 1.554898744871025e-06,
    "observed_flux": 1.5644517361579346e-06,
    "electron_correction": 9.553037472187498e-09,
    "electron_contaminaton": false,
    "energy": "0.1-0.8nm"
}