{
  "time_tag": "2026-03-04T04:18:00Z",
  "satellite": 18,
  "flux": 8.518488812114811E-7,
  "observed_flux": 8.731739740142075E-7,
  "electron_correction": 2.132509280272643E-8,
  "electron_contaminaton": false,
  "energy": "0.1-0.8nm"
}
