{
    "time_tag": "2026-05-03T12:53:00Z",
    "satellite": 18,
    "flux": 9.052272957887908e-07,
    "observed_flux": 9.265627340937499e-07,
    "electron_correction": 2.133545962124117e-08,
    "electron_contaminaton": false,
    "energy": "0.1-0.8nm"
}