{
    "time_tag": "2026-06-22T11:44:00Z",
    "satellite": 18,
    "flux": 8.750894266995601e-07,
    "observed_flux": 8.781881888353382e-07,
    "electron_correction": 3.098756140573755e-09,
    "electron_contaminaton": false,
    "energy": "0.1-0.8nm"
}