{
  "time_tag": "2026-04-25T19:40:00Z",
  "satellite": 18,
  "flux": 0.000003799929345404962,
  "observed_flux": 0.000003817091965174768,
  "electron_correction": 1.7162902210543507E-8,
  "electron_contaminaton": false,
  "energy": "0.1-0.8nm"
}
