{
  "time_tag": "2026-04-18T12:25:00Z",
  "satellite": 18,
  "flux": 4.491550953389378E-7,
  "observed_flux": 4.6741672576899873E-7,
  "electron_correction": 1.8261633982774583E-8,
  "electron_contaminaton": false,
  "energy": "0.1-0.8nm"
}
