{
  "time_tag": "2026-02-27T11:39:00Z",
  "satellite": 18,
  "flux": 8.756825877753727E-7,
  "observed_flux": 9.035937296175689E-7,
  "electron_correction": 2.7911116973200478E-8,
  "electron_contaminaton": false,
  "energy": "0.1-0.8nm"
}
