{
    "time_tag": "2026-05-23T08:28:00Z",
    "satellite": 18,
    "flux": 9.313640703112469e-07,
    "observed_flux": 9.482776022196049e-07,
    "electron_correction": 1.6913542566499018e-08,
    "electron_contaminaton": false,
    "energy": "0.1-0.8nm"
}