{
  "time_tag": "2026-02-25T12:11:00Z",
  "satellite": 18,
  "flux": 9.407748393641668E-7,
  "observed_flux": 9.860023055807687E-7,
  "electron_correction": 4.522748042745661E-8,
  "electron_contaminaton": false,
  "energy": "0.1-0.8nm"
}
