{
    "time_tag": "2026-05-14T10:56:00Z",
    "satellite": 18,
    "flux": 2.585153197287582e-06,
    "observed_flux": 2.5915285277733346e-06,
    "electron_correction": 6.375551642179289e-09,
    "electron_contaminaton": false,
    "energy": "0.1-0.8nm"
}