{
  "time_tag": "2026-01-13T20:18:00Z",
  "satellite": 18,
  "flux": 9.62770627666032E-7,
  "observed_flux": 0.0000010229429108221666,
  "electron_correction": 6.017224762899787E-8,
  "electron_contaminaton": false,
  "energy": "0.1-0.8nm"
}
