{
  "time_tag": "2026-04-19T20:40:00Z",
  "satellite": 18,
  "flux": 4.0715093518883805E-7,
  "observed_flux": 4.6909451612009434E-7,
  "electron_correction": 6.194356672040158E-8,
  "electron_contaminaton": false,
  "energy": "0.1-0.8nm"
}
