{
  "time_tag": "2026-03-02T02:36:00Z",
  "satellite": 18,
  "flux": 0.0000011359375093888957,
  "observed_flux": 0.000001165565436167526,
  "electron_correction": 2.9627841513502062E-8,
  "electron_contaminaton": false,
  "energy": "0.1-0.8nm"
}
