{
  "time_tag": "2026-05-17T12:00:00Z",
  "satellite": 18,
  "flux": 6.621993406952242E-7,
  "observed_flux": 7.037378395580163E-7,
  "electron_correction": 4.1538449124800536E-8,
  "electron_contaminaton": false,
  "energy": "0.1-0.8nm"
}
