{
  "time_tag": "2026-05-17T19:47:00Z",
  "satellite": 18,
  "flux": 5.258759188109252E-7,
  "observed_flux": 5.953550044068834E-7,
  "electron_correction": 6.94790642796761E-8,
  "electron_contaminaton": false,
  "energy": "0.1-0.8nm"
}
