{
    "time_tag": "2026-06-20T13:26:00Z",
    "satellite": 18,
    "flux": 6.115392920946761e-07,
    "observed_flux": 6.215301482370705e-07,
    "electron_correction": 9.990855254216058e-09,
    "electron_contaminaton": false,
    "energy": "0.1-0.8nm"
}