{
  "time_tag": "2026-03-20T16:43:00Z",
  "satellite": 18,
  "flux": 2.9741906359959103E-7,
  "observed_flux": 3.0066976819398405E-7,
  "electron_correction": 3.250710145508151E-9,
  "electron_contaminaton": false,
  "energy": "0.1-0.8nm"
}
