{
  "time_tag": "2026-02-12T19:43:00Z",
  "satellite": 18,
  "flux": 5.198173766984837E-7,
  "observed_flux": 5.581212576544203E-7,
  "electron_correction": 3.8303870297795584E-8,
  "electron_contaminaton": false,
  "energy": "0.1-0.8nm"
}
