{
    "time_tag": "2026-05-19T18:23:00Z",
    "satellite": 18,
    "flux": 4.239426232288679e-07,
    "observed_flux": 4.968458711118728e-07,
    "electron_correction": 7.290326209385967e-08,
    "electron_contaminaton": false,
    "energy": "0.1-0.8nm"
}