{
    "time_tag": "2026-06-13T01:18:00Z",
    "satellite": 18,
    "flux": 7.333990197366802e-07,
    "observed_flux": 7.671426942579274e-07,
    "electron_correction": 3.3743653204965085e-08,
    "electron_contaminaton": false,
    "energy": "0.1-0.8nm"
}