{
  "time_tag": "2026-03-04T14:43:00Z",
  "satellite": 18,
  "flux": 7.30759325051622E-7,
  "observed_flux": 7.462310804839944E-7,
  "electron_correction": 1.5471782077725038E-8,
  "electron_contaminaton": false,
  "energy": "0.1-0.8nm"
}
