{
  "time_tag": "2026-06-23T21:46:00Z",
  "satellite": 18,
  "flux": 0.0000012899787407150143,
  "observed_flux": 0.0000012922967016493203,
  "electron_correction": 2.3180040109593847E-9,
  "electron_contaminaton": false,
  "energy": "0.1-0.8nm"
}
