{
    "time_tag": "2026-05-09T17:43:00Z",
    "satellite": 18,
    "flux": 9.993706271416158e-07,
    "observed_flux": 1.0282593621013802e-06,
    "electron_correction": 2.8888834435747412e-08,
    "electron_contaminaton": false,
    "energy": "0.1-0.8nm"
}