{
    "time_tag": "2026-06-09T10:03:00Z",
    "satellite": 18,
    "flux": 7.861011681598029e-07,
    "observed_flux": 8.178006964953966e-07,
    "electron_correction": 3.1699546099162035e-08,
    "electron_contaminaton": false,
    "energy": "0.1-0.8nm"
}