{
  "time_tag": "2026-03-02T21:24:00Z",
  "satellite": 18,
  "flux": 9.113607575272908E-7,
  "observed_flux": 9.532244007459667E-7,
  "electron_correction": 4.1863664534957934E-8,
  "electron_contaminaton": false,
  "energy": "0.1-0.8nm"
}
