{
  "time_tag": "2026-04-27T21:42:00Z",
  "satellite": 18,
  "flux": 8.885708098205214E-7,
  "observed_flux": 9.004168077808572E-7,
  "electron_correction": 1.1846002401227906E-8,
  "electron_contaminaton": false,
  "energy": "0.1-0.8nm"
}
