{
    "time_tag": "2026-05-10T11:06:00Z",
    "satellite": 18,
    "flux": 8.201138825825183e-07,
    "observed_flux": 8.318825166497845e-07,
    "electron_correction": 1.1768639396336766e-08,
    "electron_contaminaton": false,
    "energy": "0.1-0.8nm"
}