{
  "time_tag": "2026-01-10T11:16:00Z",
  "satellite": 18,
  "flux": 4.970294753547932E-7,
  "observed_flux": 5.04015758906462E-7,
  "electron_correction": 6.98630708839687E-9,
  "electron_contaminaton": false,
  "energy": "0.1-0.8nm"
}
