{
  "time_tag": "2026-02-23T19:58:00Z",
  "satellite": 18,
  "flux": 4.4384648845152697E-7,
  "observed_flux": 5.274606564853457E-7,
  "electron_correction": 8.361413961210928E-8,
  "electron_contaminaton": false,
  "energy": "0.1-0.8nm"
}
