{
  "time_tag": "2026-05-17T18:44:00Z",
  "satellite": 18,
  "flux": 5.447352009468887E-7,
  "observed_flux": 6.17524960944138E-7,
  "electron_correction": 7.278978841895878E-8,
  "electron_contaminaton": false,
  "energy": "0.1-0.8nm"
}
