{
  "time_tag": "2026-02-12T02:34:00Z",
  "satellite": 18,
  "flux": 0.000001760156123964407,
  "observed_flux": 0.0000018006423943006666,
  "electron_correction": 4.04862241509818E-8,
  "electron_contaminaton": false,
  "energy": "0.1-0.8nm"
}
