{
  "time_tag": "2026-05-30T07:25:00Z",
  "satellite": 18,
  "flux": 0.0000010549118769631605,
  "observed_flux": 0.000001065371975528251,
  "electron_correction": 1.0460007970891638E-8,
  "electron_contaminaton": false,
  "energy": "0.1-0.8nm"
}
