{
  "time_tag": "2026-06-08T07:06:00Z",
  "satellite": 18,
  "flux": 0.0000010683290838642279,
  "observed_flux": 0.0000011119830105599249,
  "electron_correction": 4.365391603755597E-8,
  "electron_contaminaton": false,
  "energy": "0.1-0.8nm"
}
