{
  "time_tag": "2026-04-25T12:05:00Z",
  "satellite": 18,
  "flux": 7.989442565303762E-7,
  "observed_flux": 8.029095397432684E-7,
  "electron_correction": 3.965296979657751E-9,
  "electron_contaminaton": false,
  "energy": "0.1-0.8nm"
}
