{
  "time_tag": "2026-04-20T07:12:00Z",
  "satellite": 18,
  "flux": 4.7664369162703224E-7,
  "observed_flux": 5.012147994420957E-7,
  "electron_correction": 2.457108649878137E-8,
  "electron_contaminaton": false,
  "energy": "0.1-0.8nm"
}
