{
    "time_tag": "2026-05-09T14:04:00Z",
    "satellite": 18,
    "flux": 1.0616309964461834e-06,
    "observed_flux": 1.0820446050274768e-06,
    "electron_correction": 2.0413599699509177e-08,
    "electron_contaminaton": false,
    "energy": "0.1-0.8nm"
}