{
    "time_tag": "2026-06-24T19:18:00Z",
    "satellite": 18,
    "flux": 9.79401534095814e-07,
    "observed_flux": 9.991856586566428e-07,
    "electron_correction": 1.9784048177484692e-08,
    "electron_contaminaton": false,
    "energy": "0.1-0.8nm"
}