{
  "time_tag": "2026-05-19T23:04:00Z",
  "satellite": 18,
  "flux": 5.65457980883366E-7,
  "observed_flux": 6.206080342963105E-7,
  "electron_correction": 5.515004275480351E-8,
  "electron_contaminaton": false,
  "energy": "0.1-0.8nm"
}
