{
  "time_tag": "2025-12-03T21:21:00Z",
  "satellite": 18,
  "flux": 0.0000021484536318894243,
  "observed_flux": 0.0000021690250378014753,
  "electron_correction": 2.057160664037383E-8,
  "electron_contaminaton": false,
  "energy": "0.1-0.8nm"
}
