{
  "time_tag": "2026-06-13T21:49:00Z",
  "satellite": 18,
  "flux": 6.297429422374989E-7,
  "observed_flux": 6.970288382035505E-7,
  "electron_correction": 6.72859314931884E-8,
  "electron_contaminaton": false,
  "energy": "0.1-0.8nm"
}
