{
  "time_tag": "2026-03-05T14:28:00Z",
  "satellite": 18,
  "flux": 5.628905341836798E-7,
  "observed_flux": 5.779529033134168E-7,
  "electron_correction": 1.506236380066639E-8,
  "electron_contaminaton": false,
  "energy": "0.1-0.8nm"
}
