{
  "time_tag": "2026-02-09T01:29:00Z",
  "satellite": 18,
  "flux": 0.000001968520564332721,
  "observed_flux": 0.0000019937224351451732,
  "electron_correction": 2.5202032460924784E-8,
  "electron_contaminaton": false,
  "energy": "0.1-0.8nm"
}
