{
  "time_tag": "2026-04-18T22:06:00Z",
  "satellite": 18,
  "flux": 3.323129078580678E-7,
  "observed_flux": 3.6558648730533605E-7,
  "electron_correction": 3.3273579447268276E-8,
  "electron_contaminaton": false,
  "energy": "0.1-0.8nm"
}
