{
  "time_tag": "2026-01-01T20:18:00Z",
  "satellite": 18,
  "flux": 0.000002233724671896198,
  "observed_flux": 0.0000022856663690618007,
  "electron_correction": 5.1941615453188206E-8,
  "electron_contaminaton": false,
  "energy": "0.1-0.8nm"
}
