{
    "time_tag": "2026-05-03T18:20:00Z",
    "satellite": 18,
    "flux": 1.044671080308035e-06,
    "observed_flux": 1.0814489996846532e-06,
    "electron_correction": 3.6777926482045586e-08,
    "electron_contaminaton": false,
    "energy": "0.1-0.8nm"
}