{
  "time_tag": "2026-02-13T14:12:00Z",
  "satellite": 18,
  "flux": 5.018736715101113E-7,
  "observed_flux": 5.210731046645378E-7,
  "electron_correction": 1.9199426048999158E-8,
  "electron_contaminaton": false,
  "energy": "0.1-0.8nm"
}
