{
  "time_tag": "2026-01-25T14:18:00Z",
  "satellite": 18,
  "flux": 0.0000012597242857737,
  "observed_flux": 0.0000012866931911048596,
  "electron_correction": 2.6968965727292016E-8,
  "electron_contaminaton": false,
  "energy": "0.1-0.8nm"
}
