{
  "time_tag": "2026-02-09T12:23:00Z",
  "satellite": 18,
  "flux": 0.000002116039695465588,
  "observed_flux": 0.0000021342264062695904,
  "electron_correction": 1.8186728567570754E-8,
  "electron_contaminaton": false,
  "energy": "0.1-0.8nm"
}
