{
  "time_tag": "2026-03-10T21:37:00Z",
  "satellite": 18,
  "flux": 8.248483140960161E-7,
  "observed_flux": 8.8013911181406E-7,
  "electron_correction": 5.5290765743620796E-8,
  "electron_contaminaton": false,
  "energy": "0.1-0.8nm"
}
