{
  "time_tag": "2026-05-10T19:03:00Z",
  "satellite": 18,
  "flux": 8.668579880577454E-7,
  "observed_flux": 8.885578495210211E-7,
  "electron_correction": 2.1699840146993665E-8,
  "electron_contaminaton": false,
  "energy": "0.1-0.8nm"
}
