{
  "time_tag": "2026-03-31T01:51:00Z",
  "satellite": 18,
  "flux": 0.0000010664437013474526,
  "observed_flux": 0.0000010808935257955454,
  "electron_correction": 1.444976760467398E-8,
  "electron_contaminaton": false,
  "energy": "0.1-0.8nm"
}
