{
    "time_tag": "2026-05-03T17:53:00Z",
    "satellite": 18,
    "flux": 8.555751378480636e-07,
    "observed_flux": 8.911928830457327e-07,
    "electron_correction": 3.5617784277519604e-08,
    "electron_contaminaton": false,
    "energy": "0.1-0.8nm"
}