{
  "time_tag": "2026-05-23T07:55:00Z",
  "satellite": 18,
  "flux": 0.0000010061299917651922,
  "observed_flux": 0.0000010228311566606862,
  "electron_correction": 1.6701250160622294E-8,
  "electron_contaminaton": false,
  "energy": "0.1-0.8nm"
}
