{
  "time_tag": "2026-01-19T16:19:00Z",
  "satellite": 18,
  "flux": 0.0000018205543028670945,
  "observed_flux": 0.0000018692354615268414,
  "electron_correction": 4.868115865974687E-8,
  "electron_contaminaton": false,
  "energy": "0.1-0.8nm"
}
