{
    "time_tag": "2026-04-30T01:03:00Z",
    "satellite": 18,
    "flux": 1.2951896906088223e-06,
    "observed_flux": 1.30032231027144e-06,
    "electron_correction": 5.132553493325531e-09,
    "electron_contaminaton": false,
    "energy": "0.1-0.8nm"
}