{
    "time_tag": "2026-05-17T07:08:00Z",
    "satellite": 18,
    "flux": 5.221962169343897e-07,
    "observed_flux": 5.730446446250426e-07,
    "electron_correction": 5.0848463217789686e-08,
    "electron_contaminaton": false,
    "energy": "0.1-0.8nm"
}