{
  "time_tag": "2026-02-27T06:01:00Z",
  "satellite": 18,
  "flux": 8.226983254644438E-7,
  "observed_flux": 8.472871400044824E-7,
  "electron_correction": 2.458885361988905E-8,
  "electron_contaminaton": false,
  "energy": "0.1-0.8nm"
}
