{
  "time_tag": "2026-01-24T07:18:00Z",
  "satellite": 18,
  "flux": 0.0000019735261957976036,
  "observed_flux": 0.0000019925930700992467,
  "electron_correction": 1.9066915157850417E-8,
  "electron_contaminaton": false,
  "energy": "0.1-0.8nm"
}
