{
    "time_tag": "2026-05-10T10:08:00Z",
    "satellite": 18,
    "flux": 7.99591191480431e-07,
    "observed_flux": 8.080082807282452e-07,
    "electron_correction": 8.417066155175235e-09,
    "electron_contaminaton": false,
    "energy": "0.1-0.8nm"
}