{
  "time_tag": "2026-02-20T03:10:00Z",
  "satellite": 18,
  "flux": 0.0000025769718376977835,
  "observed_flux": 0.0000026107215944648487,
  "electron_correction": 3.374968571279169E-8,
  "electron_contaminaton": false,
  "energy": "0.1-0.8nm"
}
