{
  "time_tag": "2026-01-26T08:19:00Z",
  "satellite": 18,
  "flux": 0.0000010204470299868262,
  "observed_flux": 0.0000010462176760483999,
  "electron_correction": 2.5770674483283074E-8,
  "electron_contaminaton": false,
  "energy": "0.1-0.8nm"
}
