{
  "time_tag": "2026-03-05T08:15:00Z",
  "satellite": 18,
  "flux": 6.719633915963641E-7,
  "observed_flux": 6.783020580769517E-7,
  "electron_correction": 6.338632285718404E-9,
  "electron_contaminaton": false,
  "energy": "0.1-0.8nm"
}
