{
  "time_tag": "2026-02-09T08:28:00Z",
  "satellite": 18,
  "flux": 0.0000062693547988601495,
  "observed_flux": 0.0000062852195696905255,
  "electron_correction": 1.5864557667555346E-8,
  "electron_contaminaton": false,
  "energy": "0.1-0.8nm"
}
