{
  "time_tag": "2026-02-24T06:03:00Z",
  "satellite": 18,
  "flux": 6.643904271186329E-7,
  "observed_flux": 7.07245533249079E-7,
  "electron_correction": 4.2855109683159753E-8,
  "electron_contaminaton": false,
  "energy": "0.1-0.8nm"
}
