{
    "time_tag": "2026-04-26T23:57:00Z",
    "satellite": 18,
    "flux": 2.266248884552624e-06,
    "observed_flux": 2.2842480120743858e-06,
    "electron_correction": 1.7999097323695423e-08,
    "electron_contaminaton": false,
    "energy": "0.1-0.8nm"
}