{
  "time_tag": "2026-03-24T03:21:00Z",
  "satellite": 18,
  "flux": 6.532692395921913E-7,
  "observed_flux": 7.001910375947773E-7,
  "electron_correction": 4.6921790897158644E-8,
  "electron_contaminaton": false,
  "energy": "0.1-0.8nm"
}
