{
  "time_tag": "2026-05-08T11:54:00Z",
  "satellite": 18,
  "flux": 6.300231802924827E-7,
  "observed_flux": 6.309254558800603E-7,
  "electron_correction": 9.02260322011017E-10,
  "electron_contaminaton": false,
  "energy": "0.1-0.8nm"
}
