{
  "time_tag": "2026-06-01T17:00:00Z",
  "satellite": 18,
  "flux": 8.025651823118096E-7,
  "observed_flux": 8.378527240893163E-7,
  "electron_correction": 3.528755598836142E-8,
  "electron_contaminaton": false,
  "energy": "0.1-0.8nm"
}
