{
  "time_tag": "2026-04-24T11:20:00Z",
  "satellite": 18,
  "flux": 0.0000026838974918064196,
  "observed_flux": 0.000002704707185330335,
  "electron_correction": 2.080973793283647E-8,
  "electron_contaminaton": false,
  "energy": "0.1-0.8nm"
}
