{
  "time_tag": "2026-07-02T09:44:00Z",
  "satellite": 18,
  "flux": 0.00000784851272328524,
  "observed_flux": 0.000007855317562643904,
  "electron_correction": 6.805411345567336E-9,
  "electron_contaminaton": false,
  "energy": "0.1-0.8nm"
}
