{
  "time_tag": "2026-02-27T21:22:00Z",
  "satellite": 18,
  "flux": 8.527230761501414E-7,
  "observed_flux": 9.032974048750475E-7,
  "electron_correction": 5.0574318066765045E-8,
  "electron_contaminaton": false,
  "energy": "0.1-0.8nm"
}
