{
  "time_tag": "2026-04-27T13:39:00Z",
  "satellite": 18,
  "flux": 7.446089966833824E-7,
  "observed_flux": 7.508861585847626E-7,
  "electron_correction": 6.2771432496333546E-9,
  "electron_contaminaton": false,
  "energy": "0.1-0.8nm"
}
