{
  "time_tag": "2026-05-09T22:09:00Z",
  "satellite": 18,
  "flux": 0.0000019483802589093102,
  "observed_flux": 0.000001973027792701032,
  "electron_correction": 2.46476510312732E-8,
  "electron_contaminaton": false,
  "energy": "0.1-0.8nm"
}
