{
  "time_tag": "2026-04-18T16:58:00Z",
  "satellite": 18,
  "flux": 3.6523474022942537E-7,
  "observed_flux": 4.0342820284422487E-7,
  "electron_correction": 3.819346616751318E-8,
  "electron_contaminaton": false,
  "energy": "0.1-0.8nm"
}
