{
  "time_tag": "2025-12-16T21:18:00Z",
  "satellite": 18,
  "flux": 5.996242293804244E-7,
  "observed_flux": 6.408517947420478E-7,
  "electron_correction": 4.122755825619606E-8,
  "electron_contaminaton": false,
  "energy": "0.1-0.8nm"
}
