{
    "time_tag": "2026-05-26T07:33:00Z",
    "satellite": 18,
    "flux": 1.6221353007495054e-06,
    "observed_flux": 1.6252794239335344e-06,
    "electron_correction": 3.1442013437299465e-09,
    "electron_contaminaton": false,
    "energy": "0.1-0.8nm"
}