{
  "time_tag": "2026-03-27T21:24:00Z",
  "satellite": 18,
  "flux": 8.696179065736942E-7,
  "observed_flux": 9.013106705424434E-7,
  "electron_correction": 3.169277107417656E-8,
  "electron_contaminaton": false,
  "energy": "0.1-0.8nm"
}
