{
  "time_tag": "2025-12-04T07:21:00Z",
  "satellite": 18,
  "flux": 0.0000026337850158597576,
  "observed_flux": 0.000002637730176502373,
  "electron_correction": 3.945095805590881E-9,
  "electron_contaminaton": false,
  "energy": "0.1-0.8nm"
}
