{
  "time_tag": "2026-04-23T13:49:00Z",
  "satellite": 18,
  "flux": 0.000002451977934470051,
  "observed_flux": 0.0000024797423066047486,
  "electron_correction": 2.7764249566075705E-8,
  "electron_contaminaton": false,
  "energy": "0.1-0.8nm"
}
