{
  "time_tag": "2026-03-27T23:40:00Z",
  "satellite": 18,
  "flux": 0.000001112822587856499,
  "observed_flux": 0.0000011350016393407714,
  "electron_correction": 2.217896089007354E-8,
  "electron_contaminaton": false,
  "energy": "0.1-0.8nm"
}
