{
  "time_tag": "2026-06-28T17:05:00Z",
  "satellite": 18,
  "flux": 0.0000019807430362561718,
  "observed_flux": 0.0000020214390588080278,
  "electron_correction": 4.0695987024719216E-8,
  "electron_contaminaton": false,
  "energy": "0.1-0.8nm"
}
