{
  "time_tag": "2025-12-13T17:18:00Z",
  "satellite": 18,
  "flux": 0.0000011215099675609963,
  "observed_flux": 0.0000011481853334771586,
  "electron_correction": 2.6675383679730658E-8,
  "electron_contaminaton": false,
  "energy": "0.1-0.8nm"
}
