{
  "time_tag": "2026-03-23T23:41:00Z",
  "satellite": 18,
  "flux": 6.388267479451315E-7,
  "observed_flux": 7.057843163238431E-7,
  "electron_correction": 6.695755416785687E-8,
  "electron_contaminaton": false,
  "energy": "0.1-0.8nm"
}
