{
  "time_tag": "2025-12-13T08:19:00Z",
  "satellite": 18,
  "flux": 9.104252285396797E-7,
  "observed_flux": 9.132475611295376E-7,
  "electron_correction": 2.8223801074034327E-9,
  "electron_contaminaton": false,
  "energy": "0.1-0.8nm"
}
