{
  "time_tag": "2026-02-19T21:57:00Z",
  "satellite": 18,
  "flux": 5.219876584305894E-7,
  "observed_flux": 5.668816243087349E-7,
  "electron_correction": 4.489394811457714E-8,
  "electron_contaminaton": false,
  "energy": "0.1-0.8nm"
}
