{
    "time_tag": "2026-05-02T11:52:00Z",
    "satellite": 18,
    "flux": 3.13475197799562e-06,
    "observed_flux": 3.1674890124122612e-06,
    "electron_correction": 3.273686033367085e-08,
    "electron_contaminaton": false,
    "energy": "0.1-0.8nm"
}