{
    "time_tag": "2026-05-15T18:20:00Z",
    "satellite": 18,
    "flux": 4.450734536476375e-07,
    "observed_flux": 4.646981892619806e-07,
    "electron_correction": 1.9624721403488365e-08,
    "electron_contaminaton": false,
    "energy": "0.1-0.8nm"
}