{
    "time_tag": "2026-05-19T20:36:00Z",
    "satellite": 18,
    "flux": 1.0014624649556936e-06,
    "observed_flux": 1.0643482255545678e-06,
    "electron_correction": 6.288569665002797e-08,
    "electron_contaminaton": false,
    "energy": "0.1-0.8nm"
}