{
  "time_tag": "2026-05-09T12:01:00Z",
  "satellite": 18,
  "flux": 7.59353781631944E-7,
  "observed_flux": 7.781128488204558E-7,
  "electron_correction": 1.8759102715648623E-8,
  "electron_contaminaton": false,
  "energy": "0.1-0.8nm"
}
