{
    "time_tag": "2026-05-06T22:24:00Z",
    "satellite": 18,
    "flux": 5.405129286373267e-07,
    "observed_flux": 5.889800149816438e-07,
    "electron_correction": 4.846707568617603e-08,
    "electron_contaminaton": false,
    "energy": "0.1-0.8nm"
}