{
  "time_tag": "2026-03-27T12:23:00Z",
  "satellite": 18,
  "flux": 0.0000020648226382036228,
  "observed_flux": 0.0000020912057152600028,
  "electron_correction": 2.6383265350204965E-8,
  "electron_contaminaton": false,
  "energy": "0.1-0.8nm"
}
