{
  "time_tag": "2026-04-23T12:12:00Z",
  "satellite": 18,
  "flux": 0.0000011242392474741791,
  "observed_flux": 0.0000011465281204436906,
  "electron_correction": 2.2288920931146095E-8,
  "electron_contaminaton": false,
  "energy": "0.1-0.8nm"
}
