{
    "time_tag": "2026-06-20T01:46:00Z",
    "satellite": 18,
    "flux": 1.0045242561318446e-05,
    "observed_flux": 1.0062878573080525e-05,
    "electron_correction": 1.7635992222153618e-08,
    "electron_contaminaton": false,
    "energy": "0.1-0.8nm"
}