{
    "time_tag": "2026-06-22T18:34:00Z",
    "satellite": 18,
    "flux": 6.584252218999609e-07,
    "observed_flux": 6.693213094877137e-07,
    "electron_correction": 1.0896084923217586e-08,
    "electron_contaminaton": false,
    "energy": "0.1-0.8nm"
}