{
  "time_tag": "2026-06-03T02:35:00Z",
  "satellite": 18,
  "flux": 0.0000011965266821789555,
  "observed_flux": 0.0000012135750466768513,
  "electron_correction": 1.704827390369701E-8,
  "electron_contaminaton": false,
  "energy": "0.1-0.8nm"
}
