{
    "time_tag": "2026-05-20T21:43:00Z",
    "satellite": 18,
    "flux": 6.162711088109063e-07,
    "observed_flux": 6.788278028579953e-07,
    "electron_correction": 6.25567224687984e-08,
    "electron_contaminaton": false,
    "energy": "0.1-0.8nm"
}