{
  "time_tag": "2026-04-26T20:57:00Z",
  "satellite": 18,
  "flux": 0.000004201061983621912,
  "observed_flux": 0.000004250222445989493,
  "electron_correction": 4.916062579241043E-8,
  "electron_contaminaton": false,
  "energy": "0.1-0.8nm"
}
