{
  "time_tag": "2026-05-23T00:17:00Z",
  "satellite": 18,
  "flux": 0.0000010483270216354867,
  "observed_flux": 0.0000010777048373711295,
  "electron_correction": 2.9377762444937616E-8,
  "electron_contaminaton": false,
  "energy": "0.1-0.8nm"
}
