{
    "time_tag": "2026-05-09T12:29:00Z",
    "satellite": 18,
    "flux": 6.730126074216969e-07,
    "observed_flux": 6.920436703694577e-07,
    "electron_correction": 1.9031045184192408e-08,
    "electron_contaminaton": false,
    "energy": "0.1-0.8nm"
}