{
  "time_tag": "2025-12-30T14:19:00Z",
  "satellite": 18,
  "flux": 0.0000019779331523750443,
  "observed_flux": 0.0000020016789221699582,
  "electron_correction": 2.3745691635213007E-8,
  "electron_contaminaton": false,
  "energy": "0.1-0.8nm"
}
