{
  "time_tag": "2026-02-26T22:57:00Z",
  "satellite": 18,
  "flux": 8.307781058647379E-7,
  "observed_flux": 9.103893034989596E-7,
  "electron_correction": 7.961120473964911E-8,
  "electron_contaminaton": false,
  "energy": "0.1-0.8nm"
}
