{
  "time_tag": "2025-12-19T14:18:00Z",
  "satellite": 18,
  "flux": 0.000001187873294838937,
  "observed_flux": 0.0000012340294688328868,
  "electron_correction": 4.615613846681299E-8,
  "electron_contaminaton": false,
  "energy": "0.1-0.8nm"
}
