{
    "time_tag": "2026-05-26T18:09:00Z",
    "satellite": 18,
    "flux": 1.0539571348999743e-06,
    "observed_flux": 1.0668695722415578e-06,
    "electron_correction": 1.2912405367160318e-08,
    "electron_contaminaton": false,
    "energy": "0.1-0.8nm"
}