{
  "time_tag": "2026-03-26T05:36:00Z",
  "satellite": 18,
  "flux": 0.0000011979365126535413,
  "observed_flux": 0.0000012251167618160252,
  "electron_correction": 2.7180243833413442E-8,
  "electron_contaminaton": false,
  "energy": "0.1-0.8nm"
}
