{
  "time_tag": "2026-01-31T04:42:00Z",
  "satellite": 18,
  "flux": 0.000004694642484537326,
  "observed_flux": 0.000004740692475024844,
  "electron_correction": 4.6049642321577267E-8,
  "electron_contaminaton": false,
  "energy": "0.1-0.8nm"
}
