{
  "time_tag": "2026-02-21T22:49:00Z",
  "satellite": 18,
  "flux": 3.178259362357494E-7,
  "observed_flux": 3.3961200074372755E-7,
  "electron_correction": 2.17860485207666E-8,
  "electron_contaminaton": false,
  "energy": "0.1-0.8nm"
}
