{
  "time_tag": "2026-05-14T09:58:00Z",
  "satellite": 18,
  "flux": 0.0000011072096413045074,
  "observed_flux": 0.000001113095777327544,
  "electron_correction": 5.886085396866747E-9,
  "electron_contaminaton": false,
  "energy": "0.1-0.8nm"
}
