{
  "time_tag": "2026-03-29T13:45:00Z",
  "satellite": 18,
  "flux": 9.862957313089282E-7,
  "observed_flux": 0.0000010001496093536844,
  "electron_correction": 1.3853857616652476E-8,
  "electron_contaminaton": false,
  "energy": "0.1-0.8nm"
}
