{
  "time_tag": "2026-03-15T18:07:00Z",
  "satellite": 18,
  "flux": 4.719905177807959E-7,
  "observed_flux": 5.586823021985765E-7,
  "electron_correction": 8.669176310149851E-8,
  "electron_contaminaton": false,
  "energy": "0.1-0.8nm"
}
