{
  "time_tag": "2026-01-31T20:23:00Z",
  "satellite": 18,
  "flux": 0.00000367943971468776,
  "observed_flux": 0.0000037363818137237104,
  "electron_correction": 5.694208837780934E-8,
  "electron_contaminaton": false,
  "energy": "0.1-0.8nm"
}
