{
  "time_tag": "2026-01-18T06:19:00Z",
  "satellite": 18,
  "flux": 0.000007076869223965332,
  "observed_flux": 0.000007121685939637246,
  "electron_correction": 4.481657001065287E-8,
  "electron_contaminaton": false,
  "energy": "0.1-0.8nm"
}
