{
  "time_tag": "2026-05-27T16:06:00Z",
  "satellite": 18,
  "flux": 0.000001184374696094892,
  "observed_flux": 0.0000012058127367708948,
  "electron_correction": 2.1438131270201666E-8,
  "electron_contaminaton": false,
  "energy": "0.1-0.8nm"
}
