{
  "time_tag": "2026-04-20T19:03:00Z",
  "satellite": 18,
  "flux": 3.983051612976851E-7,
  "observed_flux": 4.355371459041635E-7,
  "electron_correction": 3.7232005922760436E-8,
  "electron_contaminaton": false,
  "energy": "0.1-0.8nm"
}
