{
  "time_tag": "2026-01-03T10:18:00Z",
  "satellite": 18,
  "flux": 0.0000011811267768280231,
  "observed_flux": 0.000001204300815516035,
  "electron_correction": 2.3174024477157218E-8,
  "electron_contaminaton": false,
  "energy": "0.1-0.8nm"
}
