{
    "time_tag": "2026-04-24T17:04:00Z",
    "satellite": 18,
    "flux": 2.699913693504641e-06,
    "observed_flux": 2.737199338298524e-06,
    "electron_correction": 3.728584729856266e-08,
    "electron_contaminaton": false,
    "energy": "0.1-0.8nm"
}