{
  "time_tag": "2026-02-27T19:12:00Z",
  "satellite": 18,
  "flux": 8.242266176239355E-7,
  "observed_flux": 8.619044251645391E-7,
  "electron_correction": 3.767783240959943E-8,
  "electron_contaminaton": false,
  "energy": "0.1-0.8nm"
}
