{
  "time_tag": "2026-01-18T11:17:00Z",
  "satellite": 18,
  "flux": 0.0000015432256077474449,
  "observed_flux": 0.000001588915665706736,
  "electron_correction": 4.569004019572276E-8,
  "electron_contaminaton": false,
  "energy": "0.1-0.8nm"
}
