{
    "time_tag": "2026-05-18T08:58:00Z",
    "satellite": 18,
    "flux": 3.8045891415094957e-07,
    "observed_flux": 4.0326330008610967e-07,
    "electron_correction": 2.28043770533759e-08,
    "electron_contaminaton": false,
    "energy": "0.1-0.8nm"
}