{
  "time_tag": "2026-06-08T23:47:00Z",
  "satellite": 18,
  "flux": 8.618567335361149E-7,
  "observed_flux": 9.062174513019272E-7,
  "electron_correction": 4.436073908209437E-8,
  "electron_contaminaton": false,
  "energy": "0.1-0.8nm"
}
