{
  "time_tag": "2026-02-25T02:36:00Z",
  "satellite": 18,
  "flux": 0.000001314816245212569,
  "observed_flux": 0.0000013717851743422216,
  "electron_correction": 5.6968975314930503E-8,
  "electron_contaminaton": false,
  "energy": "0.1-0.8nm"
}
