{
  "time_tag": "2026-02-18T13:06:00Z",
  "satellite": 18,
  "flux": 4.455494604371779E-7,
  "observed_flux": 4.7470996378251584E-7,
  "electron_correction": 2.916049979262425E-8,
  "electron_contaminaton": false,
  "energy": "0.1-0.8nm"
}
