{
  "time_tag": "2026-03-07T05:44:00Z",
  "satellite": 18,
  "flux": 5.9141223118786E-7,
  "observed_flux": 5.945158250142413E-7,
  "electron_correction": 3.1035618519581476E-9,
  "electron_contaminaton": false,
  "energy": "0.1-0.8nm"
}
