{
  "time_tag": "2026-06-13T11:11:00Z",
  "satellite": 18,
  "flux": 5.176992203814734E-7,
  "observed_flux": 5.26147573509661E-7,
  "electron_correction": 8.448409083428032E-9,
  "electron_contaminaton": false,
  "energy": "0.1-0.8nm"
}
