{
  "time_tag": "2025-12-27T08:19:00Z",
  "satellite": 18,
  "flux": 0.0000027981920993624954,
  "observed_flux": 0.0000028099975679651834,
  "electron_correction": 1.1805511235252197E-8,
  "electron_contaminaton": false,
  "energy": "0.1-0.8nm"
}
