{
  "time_tag": "2026-04-21T00:09:00Z",
  "satellite": 18,
  "flux": 4.557012118766579E-7,
  "observed_flux": 4.7139565140241757E-7,
  "electron_correction": 1.5694439525759663E-8,
  "electron_contaminaton": false,
  "energy": "0.1-0.8nm"
}
