{
  "time_tag": "2026-03-22T14:39:00Z",
  "satellite": 18,
  "flux": 6.506302270281594E-7,
  "observed_flux": 6.800710252719E-7,
  "electron_correction": 2.9440823112736325E-8,
  "electron_contaminaton": false,
  "energy": "0.1-0.8nm"
}
