{
  "time_tag": "2026-03-18T20:10:00Z",
  "satellite": 18,
  "flux": 4.148602670284163E-7,
  "observed_flux": 4.4460040271587786E-7,
  "electron_correction": 2.974013213474791E-8,
  "electron_contaminaton": false,
  "energy": "0.1-0.8nm"
}
