{
  "time_tag": "2026-06-20T17:08:00Z",
  "satellite": 18,
  "flux": 4.3758882384281605E-7,
  "observed_flux": 4.594683389314014E-7,
  "electron_correction": 2.1879513312228482E-8,
  "electron_contaminaton": false,
  "energy": "0.1-0.8nm"
}
