{
  "time_tag": "2026-01-23T17:19:00Z",
  "satellite": 18,
  "flux": 0.0000013977039543533465,
  "observed_flux": 0.0000014768405662834994,
  "electron_correction": 7.913668298442644E-8,
  "electron_contaminaton": false,
  "energy": "0.1-0.8nm"
}
