{
  "time_tag": "2026-02-25T18:34:00Z",
  "satellite": 18,
  "flux": 0.0000011655650951070129,
  "observed_flux": 0.0000012371261846055859,
  "electron_correction": 7.15610539714362E-8,
  "electron_contaminaton": false,
  "energy": "0.1-0.8nm"
}
