{
  "time_tag": "2026-02-17T21:25:00Z",
  "satellite": 18,
  "flux": 5.306009143168922E-7,
  "observed_flux": 6.005019486110541E-7,
  "electron_correction": 6.990100587245252E-8,
  "electron_contaminaton": false,
  "energy": "0.1-0.8nm"
}
