{
    "time_tag": "2026-05-17T14:39:00Z",
    "satellite": 18,
    "flux": 5.535906666409574e-07,
    "observed_flux": 6.122025979493628e-07,
    "electron_correction": 5.8611899333982365e-08,
    "electron_contaminaton": false,
    "energy": "0.1-0.8nm"
}