{
  "time_tag": "2026-03-21T15:04:00Z",
  "satellite": 18,
  "flux": 4.253270731169323E-7,
  "observed_flux": 4.4400499632502033E-7,
  "electron_correction": 1.867793031351539E-8,
  "electron_contaminaton": false,
  "energy": "0.1-0.8nm"
}
