{
    "time_tag": "2026-04-26T14:52:00Z",
    "satellite": 18,
    "flux": 2.2235851702134823e-06,
    "observed_flux": 2.2334259028866654e-06,
    "electron_correction": 9.840576353781216e-09,
    "electron_contaminaton": false,
    "energy": "0.1-0.8nm"
}