{
    "time_tag": "2026-05-05T20:15:00Z",
    "satellite": 18,
    "flux": 6.544308348566119e-07,
    "observed_flux": 7.16989916327293e-07,
    "electron_correction": 6.25591027869632e-08,
    "electron_contaminaton": false,
    "energy": "0.1-0.8nm"
}