{
  "time_tag": "2026-02-23T02:34:00Z",
  "satellite": 18,
  "flux": 3.284075944520737E-7,
  "observed_flux": 3.613107537603355E-7,
  "electron_correction": 3.29031628609755E-8,
  "electron_contaminaton": false,
  "energy": "0.1-0.8nm"
}
