{
  "time_tag": "2026-02-20T10:27:00Z",
  "satellite": 18,
  "flux": 3.760078755021823E-7,
  "observed_flux": 3.8948721226006455E-7,
  "electron_correction": 1.3479342975131203E-8,
  "electron_contaminaton": false,
  "energy": "0.1-0.8nm"
}
