{
  "time_tag": "2026-03-14T16:21:00Z",
  "satellite": 18,
  "flux": 0.0000011680768920996343,
  "observed_flux": 0.0000012284695003472734,
  "electron_correction": 6.039263666934858E-8,
  "electron_contaminaton": false,
  "energy": "0.1-0.8nm"
}
