{
  "time_tag": "2026-03-02T23:50:00Z",
  "satellite": 18,
  "flux": 8.454284170511528E-7,
  "observed_flux": 8.81539449437696E-7,
  "electron_correction": 3.611103949197059E-8,
  "electron_contaminaton": false,
  "energy": "0.1-0.8nm"
}
