{
    "time_tag": "2026-05-30T22:57:00Z",
    "satellite": 18,
    "flux": 8.637898645247333e-07,
    "observed_flux": 8.914802265280741e-07,
    "electron_correction": 2.76903371343451e-08,
    "electron_contaminaton": false,
    "energy": "0.1-0.8nm"
}