{
  "time_tag": "2026-03-17T22:54:00Z",
  "satellite": 18,
  "flux": 6.463309887294599E-7,
  "observed_flux": 6.893345130265516E-7,
  "electron_correction": 4.3003488769954856E-8,
  "electron_contaminaton": false,
  "energy": "0.1-0.8nm"
}
