{
  "time_tag": "2026-03-30T14:31:00Z",
  "satellite": 18,
  "flux": 0.0000018572626458990271,
  "observed_flux": 0.000001862459725998633,
  "electron_correction": 5.1970880932117325E-9,
  "electron_contaminaton": false,
  "energy": "0.1-0.8nm"
}
