{
  "time_tag": "2026-02-25T13:42:00Z",
  "satellite": 18,
  "flux": 0.0000010064250091090798,
  "observed_flux": 0.0000010417375051474664,
  "electron_correction": 3.5312559987232817E-8,
  "electron_contaminaton": false,
  "energy": "0.1-0.8nm"
}
