{
    "time_tag": "2026-05-19T01:11:00Z",
    "satellite": 18,
    "flux": 4.2407197042848566e-07,
    "observed_flux": 4.695365589668654e-07,
    "electron_correction": 4.546457432752504e-08,
    "electron_contaminaton": false,
    "energy": "0.1-0.8nm"
}