{
  "time_tag": "2026-02-04T19:39:00Z",
  "satellite": 18,
  "flux": 0.0000020168370156170567,
  "observed_flux": 0.000002026173660851782,
  "electron_correction": 9.336600825804453E-9,
  "electron_contaminaton": false,
  "energy": "0.1-0.8nm"
}
