{
  "time_tag": "2025-12-29T02:54:00Z",
  "satellite": 18,
  "flux": 0.0000017216128753716475,
  "observed_flux": 0.0000017338885527351522,
  "electron_correction": 1.2275747529599812E-8,
  "electron_contaminaton": false,
  "energy": "0.1-0.8nm"
}
