{
    "time_tag": "2026-06-13T03:23:00Z",
    "satellite": 18,
    "flux": 6.115640189818805e-07,
    "observed_flux": 6.194652542035328e-07,
    "electron_correction": 7.901207688121303e-09,
    "electron_contaminaton": false,
    "energy": "0.1-0.8nm"
}