{
  "time_tag": "2025-12-09T02:50:00Z",
  "satellite": 18,
  "flux": 0.000001941816890393966,
  "observed_flux": 0.000001965913043022738,
  "electron_correction": 2.409629829003279E-8,
  "electron_contaminaton": false,
  "energy": "0.1-0.8nm"
}
