{
  "time_tag": "2026-02-07T10:00:00Z",
  "satellite": 18,
  "flux": 0.000001565499474054377,
  "observed_flux": 0.0000015807760291863815,
  "electron_correction": 1.5276571119215987E-8,
  "electron_contaminaton": false,
  "energy": "0.1-0.8nm"
}
