{
  "time_tag": "2026-02-22T17:38:00Z",
  "satellite": 18,
  "flux": 9.810627261686022E-7,
  "observed_flux": 0.00000101712862488057,
  "electron_correction": 3.606582410498049E-8,
  "electron_contaminaton": false,
  "energy": "0.1-0.8nm"
}
