{
  "time_tag": "2026-03-16T16:23:00Z",
  "satellite": 18,
  "flux": 4.683491852119914E-7,
  "observed_flux": 5.134339176038338E-7,
  "electron_correction": 4.508471818098769E-8,
  "electron_contaminaton": false,
  "energy": "0.1-0.8nm"
}
