{
  "time_tag": "2026-04-17T21:47:00Z",
  "satellite": 18,
  "flux": 4.1075551848734904E-7,
  "observed_flux": 4.203120624879375E-7,
  "electron_correction": 9.556536006982697E-9,
  "electron_contaminaton": false,
  "energy": "0.1-0.8nm"
}
