{
  "time_tag": "2025-12-13T12:20:00Z",
  "satellite": 18,
  "flux": 0.0000012775736877301824,
  "observed_flux": 0.000001297665789934399,
  "electron_correction": 2.0092208785627008E-8,
  "electron_contaminaton": false,
  "energy": "0.1-0.8nm"
}
