{
  "time_tag": "2026-06-20T01:20:00Z",
  "satellite": 18,
  "flux": 6.727778441018017E-7,
  "observed_flux": 6.903786129441869E-7,
  "electron_correction": 1.7600791935024063E-8,
  "electron_contaminaton": false,
  "energy": "0.1-0.8nm"
}
