{
  "time_tag": "2026-05-17T10:11:00Z",
  "satellite": 18,
  "flux": 5.618633167614462E-7,
  "observed_flux": 6.270591939028236E-7,
  "electron_correction": 6.519584871966799E-8,
  "electron_contaminaton": false,
  "energy": "0.1-0.8nm"
}
