{
    "time_tag": "2026-06-14T09:44:00Z",
    "satellite": 18,
    "flux": 4.86851092773577e-07,
    "observed_flux": 4.950489937982638e-07,
    "electron_correction": 8.197919676433685e-09,
    "electron_contaminaton": false,
    "energy": "0.1-0.8nm"
}