{
  "time_tag": "2026-06-07T15:40:00Z",
  "satellite": 18,
  "flux": 8.821605774755881E-7,
  "observed_flux": 9.213746920977428E-7,
  "electron_correction": 3.9214121727582096E-8,
  "electron_contaminaton": false,
  "energy": "0.1-0.8nm"
}
