{
  "time_tag": "2026-01-18T07:18:00Z",
  "satellite": 18,
  "flux": 0.000001859418148342229,
  "observed_flux": 0.0000018876366993936244,
  "electron_correction": 2.821846400991035E-8,
  "electron_contaminaton": false,
  "energy": "0.1-0.8nm"
}
