{
    "time_tag": "2026-06-14T17:44:00Z",
    "satellite": 18,
    "flux": 5.179795152798761e-07,
    "observed_flux": 5.658261557073274e-07,
    "electron_correction": 4.784662976931031e-08,
    "electron_contaminaton": false,
    "energy": "0.1-0.8nm"
}