{
    "time_tag": "2026-06-24T17:15:00Z",
    "satellite": 18,
    "flux": 8.79249682839145e-07,
    "observed_flux": 9.002438901006826e-07,
    "electron_correction": 2.0994246341388134e-08,
    "electron_contaminaton": false,
    "energy": "0.1-0.8nm"
}