{
  "time_tag": "2025-12-05T03:37:00Z",
  "satellite": 18,
  "flux": 0.000001818456212276942,
  "observed_flux": 0.0000018476889636076521,
  "electron_correction": 2.923274244892582E-8,
  "electron_contaminaton": false,
  "energy": "0.1-0.8nm"
}
