{
    "time_tag": "2026-05-09T14:55:00Z",
    "satellite": 18,
    "flux": 8.55991117987287e-07,
    "observed_flux": 8.791542995822965e-07,
    "electron_correction": 2.316320824036211e-08,
    "electron_contaminaton": false,
    "energy": "0.1-0.8nm"
}