{
  "time_tag": "2026-03-28T06:20:00Z",
  "satellite": 18,
  "flux": 0.000005110108304506866,
  "observed_flux": 0.000005128130851517199,
  "electron_correction": 1.8022783265791986E-8,
  "electron_contaminaton": false,
  "energy": "0.1-0.8nm"
}
