{
  "time_tag": "2026-03-13T06:30:00Z",
  "satellite": 18,
  "flux": 0.0000011042340020139818,
  "observed_flux": 0.0000011111046660516877,
  "electron_correction": 6.8706054179301645E-9,
  "electron_contaminaton": false,
  "energy": "0.1-0.8nm"
}
