{
    "time_tag": "2026-05-29T17:51:00Z",
    "satellite": 18,
    "flux": 7.477088956875377e-07,
    "observed_flux": 7.863722544243501e-07,
    "electron_correction": 3.8663404922090194e-08,
    "electron_contaminaton": false,
    "energy": "0.1-0.8nm"
}