{
  "time_tag": "2026-02-08T19:26:00Z",
  "satellite": 18,
  "flux": 0.000003327862032165285,
  "observed_flux": 0.000003374308562342776,
  "electron_correction": 4.644645201778985E-8,
  "electron_contaminaton": false,
  "energy": "0.1-0.8nm"
}
