{
  "time_tag": "2026-05-06T21:24:00Z",
  "satellite": 18,
  "flux": 5.890897227800451E-7,
  "observed_flux": 6.406861530194874E-7,
  "electron_correction": 5.159645510843802E-8,
  "electron_contaminaton": false,
  "energy": "0.1-0.8nm"
}
