{
  "time_tag": "2026-04-27T23:59:00Z",
  "satellite": 18,
  "flux": 0.0000011576843235161505,
  "observed_flux": 0.0000011670426829368807,
  "electron_correction": 9.358340768983453E-9,
  "electron_contaminaton": false,
  "energy": "0.1-0.8nm"
}
