{
    "time_tag": "2026-05-06T12:54:00Z",
    "satellite": 18,
    "flux": 6.412834636648768e-07,
    "observed_flux": 6.745593736923183e-07,
    "electron_correction": 3.3275917132868926e-08,
    "electron_contaminaton": false,
    "energy": "0.1-0.8nm"
}