{
  "time_tag": "2026-03-02T21:43:00Z",
  "satellite": 18,
  "flux": 0.0000010235813761028112,
  "observed_flux": 0.0000010642553434081492,
  "electron_correction": 4.06739353309149E-8,
  "electron_contaminaton": false,
  "energy": "0.1-0.8nm"
}
