{
  "time_tag": "2026-05-07T22:17:00Z",
  "satellite": 18,
  "flux": 6.929568598934566E-7,
  "observed_flux": 7.375761583716667E-7,
  "electron_correction": 4.4619262951073324E-8,
  "electron_contaminaton": false,
  "energy": "0.1-0.8nm"
}
