{
  "time_tag": "2026-02-20T06:45:00Z",
  "satellite": 18,
  "flux": 4.623958034244424E-7,
  "observed_flux": 4.835397362512595E-7,
  "electron_correction": 2.114392039231916E-8,
  "electron_contaminaton": false,
  "energy": "0.1-0.8nm"
}
