{
  "time_tag": "2026-05-15T17:30:00Z",
  "satellite": 18,
  "flux": 4.714198666988523E-7,
  "observed_flux": 4.934596518069156E-7,
  "electron_correction": 2.2039806424345443E-8,
  "electron_contaminaton": false,
  "energy": "0.1-0.8nm"
}
