{
  "time_tag": "2026-02-07T12:20:00Z",
  "satellite": 18,
  "flux": 0.0000017273597450184752,
  "observed_flux": 0.000001755759512889199,
  "electron_correction": 2.839975365986902E-8,
  "electron_contaminaton": false,
  "energy": "0.1-0.8nm"
}
