{
  "time_tag": "2026-03-06T19:12:00Z",
  "satellite": 18,
  "flux": 7.583444130432326E-7,
  "observed_flux": 7.732663789283833E-7,
  "electron_correction": 1.492196943786439E-8,
  "electron_contaminaton": false,
  "energy": "0.1-0.8nm"
}
