{
  "time_tag": "2026-02-18T22:58:00Z",
  "satellite": 18,
  "flux": 4.7162828309410543E-7,
  "observed_flux": 5.250157641967235E-7,
  "electron_correction": 5.338747754990436E-8,
  "electron_contaminaton": false,
  "energy": "0.1-0.8nm"
}
