{
  "time_tag": "2026-04-19T21:15:00Z",
  "satellite": 18,
  "flux": 3.693872656640451E-7,
  "observed_flux": 4.348753179783671E-7,
  "electron_correction": 6.548803810346726E-8,
  "electron_contaminaton": false,
  "energy": "0.1-0.8nm"
}
