{
  "time_tag": "2026-01-31T13:28:00Z",
  "satellite": 18,
  "flux": 0.000002526257958379574,
  "observed_flux": 0.000002571061486378312,
  "electron_correction": 4.4803481813460166E-8,
  "electron_contaminaton": false,
  "energy": "0.1-0.8nm"
}
