{
  "time_tag": "2026-01-28T10:20:00Z",
  "satellite": 18,
  "flux": 7.662476946279639E-7,
  "observed_flux": 7.712806677773187E-7,
  "electron_correction": 5.03297936660374E-9,
  "electron_contaminaton": false,
  "energy": "0.1-0.8nm"
}
