{
    "time_tag": "2026-06-22T07:41:00Z",
    "satellite": 18,
    "flux": 7.547817517661315e-07,
    "observed_flux": 7.583782917208737e-07,
    "electron_correction": 3.596519082549321e-09,
    "electron_contaminaton": false,
    "energy": "0.1-0.8nm"
}