{
  "time_tag": "2026-06-30T21:04:00Z",
  "satellite": 18,
  "flux": 0.00003613965236581862,
  "observed_flux": 0.00003615126115619205,
  "electron_correction": 1.1610959305130564E-8,
  "electron_contaminaton": false,
  "energy": "0.1-0.8nm"
}
