{
  "time_tag": "2026-03-07T14:37:00Z",
  "satellite": 18,
  "flux": 6.232548344087263E-7,
  "observed_flux": 6.356517019412422E-7,
  "electron_correction": 1.2396837334449629E-8,
  "electron_contaminaton": false,
  "energy": "0.1-0.8nm"
}
