{
  "time_tag": "2026-03-07T10:48:00Z",
  "satellite": 18,
  "flux": 6.595180366275599E-7,
  "observed_flux": 6.598590971407248E-7,
  "electron_correction": 3.4101815815645864E-10,
  "electron_contaminaton": false,
  "energy": "0.1-0.8nm"
}
