{
  "time_tag": "2025-12-06T13:23:00Z",
  "satellite": 18,
  "flux": 0.000001719705096547841,
  "observed_flux": 0.0000017631136870477349,
  "electron_correction": 4.3408547867329617E-8,
  "electron_contaminaton": false,
  "energy": "0.1-0.8nm"
}
