{
  "time_tag": "2026-04-20T18:33:00Z",
  "satellite": 18,
  "flux": 4.293209201478021E-7,
  "observed_flux": 4.937324433740287E-7,
  "electron_correction": 6.441150901537185E-8,
  "electron_contaminaton": false,
  "energy": "0.1-0.8nm"
}
