{
  "time_tag": "2026-03-18T12:46:00Z",
  "satellite": 18,
  "flux": 7.199953415693017E-7,
  "observed_flux": 7.3169451297872E-7,
  "electron_correction": 1.1699219371053005E-8,
  "electron_contaminaton": false,
  "energy": "0.1-0.8nm"
}
