{
  "time_tag": "2026-02-12T23:08:00Z",
  "satellite": 18,
  "flux": 4.626465965884563E-7,
  "observed_flux": 5.006565970688825E-7,
  "electron_correction": 3.8010018243994637E-8,
  "electron_contaminaton": false,
  "energy": "0.1-0.8nm"
}
