{
    "time_tag": "2026-06-05T08:07:00Z",
    "satellite": 18,
    "flux": 8.867544352142431e-07,
    "observed_flux": 8.906303037292673e-07,
    "electron_correction": 3.875850307366591e-09,
    "electron_contaminaton": false,
    "energy": "0.1-0.8nm"
}