{
  "time_tag": "2026-03-26T20:58:00Z",
  "satellite": 18,
  "flux": 0.000002753407443378819,
  "observed_flux": 0.0000028103331715101376,
  "electron_correction": 5.692585247629722E-8,
  "electron_contaminaton": false,
  "energy": "0.1-0.8nm"
}
