{
  "time_tag": "2026-04-20T16:37:00Z",
  "satellite": 18,
  "flux": 3.529360412812821E-7,
  "observed_flux": 3.692358347961999E-7,
  "electron_correction": 1.6299802396702034E-8,
  "electron_contaminaton": false,
  "energy": "0.1-0.8nm"
}
