{
    "time_tag": "2026-04-26T13:22:00Z",
    "satellite": 18,
    "flux": 1.4659725593446638e-06,
    "observed_flux": 1.4719514638272813e-06,
    "electron_correction": 5.978977757337134e-09,
    "electron_contaminaton": false,
    "energy": "0.1-0.8nm"
}