{
  "time_tag": "2026-03-02T13:25:00Z",
  "satellite": 18,
  "flux": 0.0000012422045756466105,
  "observed_flux": 0.0000012546905736599001,
  "electron_correction": 1.2485998013289645E-8,
  "electron_contaminaton": false,
  "energy": "0.1-0.8nm"
}
