{
  "time_tag": "2026-03-02T15:13:00Z",
  "satellite": 18,
  "flux": 0.0000015207095884761657,
  "observed_flux": 0.0000015386235645564739,
  "electron_correction": 1.7913910355105145E-8,
  "electron_contaminaton": false,
  "energy": "0.1-0.8nm"
}
