{
  "time_tag": "2026-03-09T20:57:00Z",
  "satellite": 18,
  "flux": 0.000002557554353188607,
  "observed_flux": 0.000002604070914458134,
  "electron_correction": 4.6516607454805126E-8,
  "electron_contaminaton": false,
  "energy": "0.1-0.8nm"
}
