{
  "time_tag": "2026-05-20T06:31:00Z",
  "satellite": 18,
  "flux": 7.375958830380114E-7,
  "observed_flux": 7.584956165374024E-7,
  "electron_correction": 2.0899753039316238E-8,
  "electron_contaminaton": false,
  "energy": "0.1-0.8nm"
}
