{
    "time_tag": "2026-04-26T14:10:00Z",
    "satellite": 18,
    "flux": 5.485698693519225e-06,
    "observed_flux": 5.493794560607057e-06,
    "electron_correction": 8.096218806485922e-09,
    "electron_contaminaton": false,
    "energy": "0.1-0.8nm"
}