{
    "time_tag": "2026-04-28T23:34:00Z",
    "satellite": 18,
    "flux": 1.0935464160866104e-06,
    "observed_flux": 1.1040347089874558e-06,
    "electron_correction": 1.0488309776235383e-08,
    "electron_contaminaton": false,
    "energy": "0.1-0.8nm"
}