{
  "time_tag": "2025-12-10T02:51:00Z",
  "satellite": 18,
  "flux": 0.0000059572121244855225,
  "observed_flux": 0.0000059650387811416294,
  "electron_correction": 7.826843173575071E-9,
  "electron_contaminaton": false,
  "energy": "0.1-0.8nm"
}
