{
  "time_tag": "2026-05-27T22:17:00Z",
  "satellite": 19,
  "flux": 7.78700837145152E-7,
  "observed_flux": 8.034445500015863E-7,
  "electron_correction": 2.474369864557957E-8,
  "electron_contaminaton": false,
  "energy": "0.1-0.8nm"
}
