{
  "time_tag": "2026-03-08T04:53:00Z",
  "satellite": 18,
  "flux": 9.181861742035835E-7,
  "observed_flux": 9.26770155729173E-7,
  "electron_correction": 8.583968202913184E-9,
  "electron_contaminaton": false,
  "energy": "0.1-0.8nm"
}
