{
  "time_tag": "2026-04-22T22:28:00Z",
  "satellite": 18,
  "flux": 8.506189033141709E-7,
  "observed_flux": 9.019041158353502E-7,
  "electron_correction": 5.128520541575199E-8,
  "electron_contaminaton": false,
  "energy": "0.1-0.8nm"
}
