{
  "time_tag": "2026-03-28T19:41:00Z",
  "satellite": 18,
  "flux": 0.000001311727601205348,
  "observed_flux": 0.0000013574714330388815,
  "electron_correction": 4.574388867695234E-8,
  "electron_contaminaton": false,
  "energy": "0.1-0.8nm"
}
