{
  "time_tag": "2026-01-21T10:20:00Z",
  "satellite": 18,
  "flux": 0.0000012249503242856008,
  "observed_flux": 0.0000012418452115525724,
  "electron_correction": 1.6894860621619046E-8,
  "electron_contaminaton": false,
  "energy": "0.1-0.8nm"
}
