{
  "time_tag": "2026-03-07T08:22:00Z",
  "satellite": 18,
  "flux": 5.749158731305215E-7,
  "observed_flux": 5.760800831922097E-7,
  "electron_correction": 1.1641843045140376E-9,
  "electron_contaminaton": false,
  "energy": "0.1-0.8nm"
}
