{
    "time_tag": "2026-06-12T15:56:00Z",
    "satellite": 18,
    "flux": 7.552600891358452e-07,
    "observed_flux": 7.823344390089915e-07,
    "electron_correction": 2.7074380071212545e-08,
    "electron_contaminaton": false,
    "energy": "0.1-0.8nm"
}