{
  "time_tag": "2026-03-14T14:40:00Z",
  "satellite": 18,
  "flux": 7.844306537663215E-7,
  "observed_flux": 8.355984277841344E-7,
  "electron_correction": 5.116779178138131E-8,
  "electron_contaminaton": false,
  "energy": "0.1-0.8nm"
}
