{
  "time_tag": "2026-05-01T15:15:00Z",
  "satellite": 18,
  "flux": 9.367907978230505E-7,
  "observed_flux": 9.705981938168406E-7,
  "electron_correction": 3.3807395993790124E-8,
  "electron_contaminaton": false,
  "energy": "0.1-0.8nm"
}
