{
  "time_tag": "2026-06-09T05:07:00Z",
  "satellite": 18,
  "flux": 9.296850294049364E-7,
  "observed_flux": 9.58779082793626E-7,
  "electron_correction": 2.909397345263187E-8,
  "electron_contaminaton": false,
  "energy": "0.1-0.8nm"
}
