{
    "time_tag": "2026-05-31T14:56:00Z",
    "satellite": 18,
    "flux": 7.349980819526536e-07,
    "observed_flux": 7.655188483113307e-07,
    "electron_correction": 3.0520791227672817e-08,
    "electron_contaminaton": false,
    "energy": "0.1-0.8nm"
}