{
  "time_tag": "2026-03-21T18:05:00Z",
  "satellite": 18,
  "flux": 4.263550579253206E-7,
  "observed_flux": 4.4086107209295733E-7,
  "electron_correction": 1.4506030154848304E-8,
  "electron_contaminaton": false,
  "energy": "0.1-0.8nm"
}
