{
  "time_tag": "2026-01-10T19:16:00Z",
  "satellite": 18,
  "flux": 4.6023103550396627E-7,
  "observed_flux": 4.834517994822818E-7,
  "electron_correction": 2.322078529459759E-8,
  "electron_contaminaton": false,
  "energy": "0.1-0.8nm"
}
