{
  "time_tag": "2026-02-20T00:40:00Z",
  "satellite": 18,
  "flux": 5.123961841491109E-7,
  "observed_flux": 5.512862344403402E-7,
  "electron_correction": 3.889001831680616E-8,
  "electron_contaminaton": false,
  "energy": "0.1-0.8nm"
}
