{
    "time_tag": "2026-05-03T09:25:00Z",
    "satellite": 18,
    "flux": 1.2233800816829898e-06,
    "observed_flux": 1.2381632359392825e-06,
    "electron_correction": 1.4783145374508422e-08,
    "electron_contaminaton": false,
    "energy": "0.1-0.8nm"
}