{
  "time_tag": "2026-06-07T23:18:00Z",
  "satellite": 18,
  "flux": 0.0000010942496828647563,
  "observed_flux": 0.0000011399481536500389,
  "electron_correction": 4.5698488548850946E-8,
  "electron_contaminaton": false,
  "energy": "0.1-0.8nm"
}
