{
  "time_tag": "2025-12-30T07:18:00Z",
  "satellite": 18,
  "flux": 0.0000033234612146770814,
  "observed_flux": 0.0000033371043173247017,
  "electron_correction": 1.364299517803147E-8,
  "electron_contaminaton": false,
  "energy": "0.1-0.8nm"
}
