{
  "time_tag": "2026-02-13T20:14:00Z",
  "satellite": 18,
  "flux": 4.832979243474256E-7,
  "observed_flux": 5.34122875706089E-7,
  "electron_correction": 5.082495846409074E-8,
  "electron_contaminaton": false,
  "energy": "0.1-0.8nm"
}
