{
    "time_tag": "2026-06-27T07:16:00Z",
    "satellite": 18,
    "flux": 1.9780266029556515e-06,
    "observed_flux": 2.017570295720361e-06,
    "electron_correction": 3.954363947400452e-08,
    "electron_contaminaton": false,
    "energy": "0.1-0.8nm"
}