{
  "time_tag": "2026-03-10T18:15:00Z",
  "satellite": 18,
  "flux": 6.216993142516003E-7,
  "observed_flux": 6.734835551469587E-7,
  "electron_correction": 5.178420892093527E-8,
  "electron_contaminaton": false,
  "energy": "0.1-0.8nm"
}
