{
  "time_tag": "2026-03-08T23:21:00Z",
  "satellite": 18,
  "flux": 6.063862088012684E-7,
  "observed_flux": 6.67160861667071E-7,
  "electron_correction": 6.077463154952056E-8,
  "electron_contaminaton": false,
  "energy": "0.1-0.8nm"
}
