{
  "time_tag": "2026-05-25T00:03:00Z",
  "satellite": 18,
  "flux": 0.0000010439243851578794,
  "observed_flux": 0.0000010500259577383986,
  "electron_correction": 6.101513516654222E-9,
  "electron_contaminaton": false,
  "energy": "0.1-0.8nm"
}
