{
  "time_tag": "2026-01-22T13:28:00Z",
  "satellite": 18,
  "flux": 0.000001636825345485704,
  "observed_flux": 0.0000016811651448733755,
  "electron_correction": 4.4339785176816804E-8,
  "electron_contaminaton": false,
  "energy": "0.1-0.8nm"
}
