{
    "time_tag": "2026-06-05T02:14:00Z",
    "satellite": 18,
    "flux": 1.2977438927919138e-06,
    "observed_flux": 1.3056728676019702e-06,
    "electron_correction": 7.928947276525378e-09,
    "electron_contaminaton": false,
    "energy": "0.1-0.8nm"
}