{
  "time_tag": "2026-02-28T00:19:00Z",
  "satellite": 18,
  "flux": 9.538039194012526E-7,
  "observed_flux": 9.990488933908637E-7,
  "electron_correction": 4.524501306946149E-8,
  "electron_contaminaton": false,
  "energy": "0.1-0.8nm"
}
