{
  "time_tag": "2026-02-22T18:04:00Z",
  "satellite": 18,
  "flux": 6.98240341989731E-7,
  "observed_flux": 7.403254471682885E-7,
  "electron_correction": 4.208510873127125E-8,
  "electron_contaminaton": false,
  "energy": "0.1-0.8nm"
}
