{
  "time_tag": "2026-07-02T11:46:00Z",
  "satellite": 18,
  "flux": 0.0000034505992516642436,
  "observed_flux": 0.000003458169203440775,
  "electron_correction": 7.570014837199324E-9,
  "electron_contaminaton": false,
  "energy": "0.1-0.8nm"
}
