{
    "time_tag": "2026-06-11T08:38:00Z",
    "satellite": 18,
    "flux": 1.5404400528495898e-06,
    "observed_flux": 1.5456053006346337e-06,
    "electron_correction": 5.165258443184939e-09,
    "electron_contaminaton": false,
    "energy": "0.1-0.8nm"
}