{
  "time_tag": "2026-02-19T01:53:00Z",
  "satellite": 18,
  "flux": 4.114153568934853E-7,
  "observed_flux": 4.478562800613872E-7,
  "electron_correction": 3.6440930273329286E-8,
  "electron_contaminaton": false,
  "energy": "0.1-0.8nm"
}
