{
  "time_tag": "2026-03-23T14:35:00Z",
  "satellite": 18,
  "flux": 9.908065976560465E-7,
  "observed_flux": 0.0000011344380936861853,
  "electron_correction": 1.4363146760842938E-7,
  "electron_contaminaton": false,
  "energy": "0.1-0.8nm"
}
