{
  "time_tag": "2025-12-04T18:24:00Z",
  "satellite": 18,
  "flux": 0.0000029420796181511832,
  "observed_flux": 0.0000029977818485349417,
  "electron_correction": 5.570212735506175E-8,
  "electron_contaminaton": false,
  "energy": "0.1-0.8nm"
}
