{
  "time_tag": "2026-05-14T13:08:00Z",
  "satellite": 18,
  "flux": 6.093996489653364E-7,
  "observed_flux": 6.16076022197376E-7,
  "electron_correction": 6.676355468471229E-9,
  "electron_contaminaton": false,
  "energy": "0.1-0.8nm"
}
