{
  "time_tag": "2026-04-18T17:39:00Z",
  "satellite": 18,
  "flux": 3.138792976642435E-7,
  "observed_flux": 3.565217525647313E-7,
  "electron_correction": 4.26424371369194E-8,
  "electron_contaminaton": false,
  "energy": "0.1-0.8nm"
}
