{
  "time_tag": "2026-03-28T23:27:00Z",
  "satellite": 18,
  "flux": 0.000001044848772835394,
  "observed_flux": 0.0000010593252000035136,
  "electron_correction": 1.4476412069086564E-8,
  "electron_contaminaton": false,
  "energy": "0.1-0.8nm"
}
