{
  "time_tag": "2026-02-25T08:27:00Z",
  "satellite": 18,
  "flux": 8.186829631995352E-7,
  "observed_flux": 8.373035029762832E-7,
  "electron_correction": 1.8620546882175404E-8,
  "electron_contaminaton": false,
  "energy": "0.1-0.8nm"
}
