{
  "time_tag": "2026-06-18T20:49:00Z",
  "satellite": 18,
  "flux": 4.829912541026715E-7,
  "observed_flux": 4.981357619726623E-7,
  "electron_correction": 1.5144516751774972E-8,
  "electron_contaminaton": false,
  "energy": "0.1-0.8nm"
}
