{
  "time_tag": "2026-01-23T20:19:00Z",
  "satellite": 18,
  "flux": 0.0000016142543017849675,
  "observed_flux": 0.0000016715576975911972,
  "electron_correction": 5.730346686050325E-8,
  "electron_contaminaton": false,
  "energy": "0.1-0.8nm"
}
