{
  "time_tag": "2026-01-10T22:17:00Z",
  "satellite": 18,
  "flux": 0.0000013928004136687377,
  "observed_flux": 0.0000013955428812550963,
  "electron_correction": 2.742537530409095E-9,
  "electron_contaminaton": false,
  "energy": "0.1-0.8nm"
}
