{
  "time_tag": "2026-01-25T12:20:00Z",
  "satellite": 18,
  "flux": 0.000001750005822032108,
  "observed_flux": 0.0000017534827065901482,
  "electron_correction": 3.476943621905093E-9,
  "electron_contaminaton": false,
  "energy": "0.1-0.8nm"
}
