{
  "time_tag": "2026-02-07T21:02:00Z",
  "satellite": 18,
  "flux": 0.00000278608013104531,
  "observed_flux": 0.0000028358169856801396,
  "electron_correction": 4.9736772922415184E-8,
  "electron_contaminaton": false,
  "energy": "0.1-0.8nm"
}
