{
  "time_tag": "2026-03-21T11:47:00Z",
  "satellite": 18,
  "flux": 3.7453517620633647E-7,
  "observed_flux": 3.7460384305632033E-7,
  "electron_correction": 6.865150808943454E-11,
  "electron_contaminaton": false,
  "energy": "0.1-0.8nm"
}
