{
  "time_tag": "2026-01-15T10:19:00Z",
  "satellite": 18,
  "flux": 0.0000013139568864062312,
  "observed_flux": 0.000001316090333602915,
  "electron_correction": 2.1334889410695723E-9,
  "electron_contaminaton": false,
  "energy": "0.1-0.8nm"
}
