{
  "time_tag": "2026-03-15T18:23:00Z",
  "satellite": 18,
  "flux": 4.646504407901375E-7,
  "observed_flux": 5.504298314917833E-7,
  "electron_correction": 8.577939070164575E-8,
  "electron_contaminaton": false,
  "energy": "0.1-0.8nm"
}
