{
  "time_tag": "2026-05-10T07:39:00Z",
  "satellite": 18,
  "flux": 0.0000013134265373082599,
  "observed_flux": 0.0000013248981076685595,
  "electron_correction": 1.1471523286843421E-8,
  "electron_contaminaton": false,
  "energy": "0.1-0.8nm"
}
