{
  "time_tag": "2026-03-14T13:43:00Z",
  "satellite": 18,
  "flux": 6.053207926015602E-7,
  "observed_flux": 6.437377919610299E-7,
  "electron_correction": 3.841699225404227E-8,
  "electron_contaminaton": false,
  "energy": "0.1-0.8nm"
}
