{
  "time_tag": "2026-01-24T21:17:00Z",
  "satellite": 18,
  "flux": 0.0000020965155727026286,
  "observed_flux": 0.0000021620858206006233,
  "electron_correction": 6.557010578944755E-8,
  "electron_contaminaton": false,
  "energy": "0.1-0.8nm"
}
