{
  "time_tag": "2026-04-29T17:28:00Z",
  "satellite": 18,
  "flux": 0.0000011449217254266841,
  "observed_flux": 0.000001151168362412136,
  "electron_correction": 6.246641426344013E-9,
  "electron_contaminaton": false,
  "energy": "0.1-0.8nm"
}
