{
    "time_tag": "2026-04-26T15:50:00Z",
    "satellite": 18,
    "flux": 2.2140045530250063e-06,
    "observed_flux": 2.2256997453951044e-06,
    "electron_correction": 1.169517283017285e-08,
    "electron_contaminaton": false,
    "energy": "0.1-0.8nm"
}