{
  "time_tag": "2026-03-08T01:33:00Z",
  "satellite": 18,
  "flux": 6.517246902149054E-7,
  "observed_flux": 6.767201625734742E-7,
  "electron_correction": 2.4995499003921395E-8,
  "electron_contaminaton": false,
  "energy": "0.1-0.8nm"
}
