{
    "time_tag": "2026-05-08T20:12:00Z",
    "satellite": 18,
    "flux": 1.0925045899057295e-06,
    "observed_flux": 1.1226439937672694e-06,
    "electron_correction": 3.013941451968094e-08,
    "electron_contaminaton": false,
    "energy": "0.1-0.8nm"
}