{
  "time_tag": "2026-01-17T05:18:00Z",
  "satellite": 18,
  "flux": 0.0000013431209708869574,
  "observed_flux": 0.0000013454596228257287,
  "electron_correction": 2.3386717007412017E-9,
  "electron_contaminaton": false,
  "energy": "0.1-0.8nm"
}
