{
    "time_tag": "2026-04-27T04:03:00Z",
    "satellite": 18,
    "flux": 2.721425516938325e-06,
    "observed_flux": 2.725229251154815e-06,
    "electron_correction": 3.803756420950322e-09,
    "electron_contaminaton": false,
    "energy": "0.1-0.8nm"
}