{
    "time_tag": "2026-05-30T22:08:00Z",
    "satellite": 18,
    "flux": 8.202414392144419e-07,
    "observed_flux": 8.392098038711993e-07,
    "electron_correction": 1.8968377091255206e-08,
    "electron_contaminaton": false,
    "energy": "0.1-0.8nm"
}