{
    "time_tag": "2026-04-29T20:05:00Z",
    "satellite": 18,
    "flux": 9.425812663721445e-07,
    "observed_flux": 9.50578794345347e-07,
    "electron_correction": 7.99750576874203e-09,
    "electron_contaminaton": false,
    "energy": "0.1-0.8nm"
}