{
    "time_tag": "2026-05-10T23:32:00Z",
    "satellite": 18,
    "flux": 8.310940984301851e-07,
    "observed_flux": 8.501195907228976e-07,
    "electron_correction": 1.902550295085348e-08,
    "electron_contaminaton": false,
    "energy": "0.1-0.8nm"
}