{
  "time_tag": "2026-03-02T15:43:00Z",
  "satellite": 18,
  "flux": 0.0000013130235174685367,
  "observed_flux": 0.0000013378635230765212,
  "electron_correction": 2.484004468783496E-8,
  "electron_contaminaton": false,
  "energy": "0.1-0.8nm"
}
