{
  "time_tag": "2026-05-31T15:39:00Z",
  "satellite": 18,
  "flux": 6.52347637242201E-7,
  "observed_flux": 6.940034609215218E-7,
  "electron_correction": 4.1655802363038674E-8,
  "electron_contaminaton": false,
  "energy": "0.1-0.8nm"
}
