{
  "time_tag": "2026-02-21T08:55:00Z",
  "satellite": 18,
  "flux": 3.102496748397243E-7,
  "observed_flux": 3.120964606750931E-7,
  "electron_correction": 1.8467924967069393E-9,
  "electron_contaminaton": false,
  "energy": "0.1-0.8nm"
}
