{
  "time_tag": "2026-03-19T17:33:00Z",
  "satellite": 18,
  "flux": 3.5320371694069763E-7,
  "observed_flux": 3.7022655874352495E-7,
  "electron_correction": 1.7022822262902082E-8,
  "electron_contaminaton": false,
  "energy": "0.1-0.8nm"
}
