{
  "time_tag": "2026-03-02T20:14:00Z",
  "satellite": 18,
  "flux": 9.347905916001764E-7,
  "observed_flux": 9.781158496480202E-7,
  "electron_correction": 4.332521541527967E-8,
  "electron_contaminaton": false,
  "energy": "0.1-0.8nm"
}
