{
  "time_tag": "2025-12-13T02:45:00Z",
  "satellite": 18,
  "flux": 8.518334766449698E-7,
  "observed_flux": 8.658132060190837E-7,
  "electron_correction": 1.3979731150470798E-8,
  "electron_contaminaton": false,
  "energy": "0.1-0.8nm"
}
