{
  "time_tag": "2026-04-27T19:56:00Z",
  "satellite": 18,
  "flux": 7.445183882737183E-7,
  "observed_flux": 7.571968581032706E-7,
  "electron_correction": 1.2678517791187005E-8,
  "electron_contaminaton": false,
  "energy": "0.1-0.8nm"
}
