{
  "time_tag": "2026-06-22T20:19:00Z",
  "satellite": 18,
  "flux": 6.145553470560117E-7,
  "observed_flux": 6.256596520870517E-7,
  "electron_correction": 1.110434855178255E-8,
  "electron_contaminaton": false,
  "energy": "0.1-0.8nm"
}
