{
  "time_tag": "2025-12-03T23:20:00Z",
  "satellite": 18,
  "flux": 0.0000035654340990731725,
  "observed_flux": 0.000003567938847481855,
  "electron_correction": 2.5046940077544377E-9,
  "electron_contaminaton": false,
  "energy": "0.1-0.8nm"
}
