{
  "time_tag": "2025-12-31T14:18:00Z",
  "satellite": 18,
  "flux": 0.000025396380806341767,
  "observed_flux": 0.000025398656362085603,
  "electron_correction": 2.275296395737314E-9,
  "electron_contaminaton": false,
  "energy": "0.1-0.8nm"
}
