{
  "time_tag": "2026-03-10T20:13:00Z",
  "satellite": 18,
  "flux": 7.449789336533286E-7,
  "observed_flux": 8.090445362540777E-7,
  "electron_correction": 6.406561681160383E-8,
  "electron_contaminaton": false,
  "energy": "0.1-0.8nm"
}
