{
  "time_tag": "2025-12-26T12:20:00Z",
  "satellite": 18,
  "flux": 0.0000017771546936273808,
  "observed_flux": 0.000001804536168492632,
  "electron_correction": 2.7381426903616557E-8,
  "electron_contaminaton": false,
  "energy": "0.1-0.8nm"
}
