{
    "time_tag": "2026-06-17T23:19:00Z",
    "satellite": 18,
    "flux": 4.913781026516517e-07,
    "observed_flux": 5.056762120148051e-07,
    "electron_correction": 1.4298080941443914e-08,
    "electron_contaminaton": false,
    "energy": "0.1-0.8nm"
}