{
  "time_tag": "2025-12-30T20:18:00Z",
  "satellite": 18,
  "flux": 0.0000015507310990869883,
  "observed_flux": 0.0000015694055264248163,
  "electron_correction": 1.867434562541348E-8,
  "electron_contaminaton": false,
  "energy": "0.1-0.8nm"
}
