{
    "time_tag": "2026-06-12T12:33:00Z",
    "satellite": 18,
    "flux": 5.535445097848424e-07,
    "observed_flux": 5.604252919511055e-07,
    "electron_correction": 6.88080836752647e-09,
    "electron_contaminaton": false,
    "energy": "0.1-0.8nm"
}