{
    "time_tag": "2026-06-06T11:41:00Z",
    "satellite": 18,
    "flux": 1.0436734783070278e-06,
    "observed_flux": 1.0640807204254088e-06,
    "electron_correction": 2.0407304290870343e-08,
    "electron_contaminaton": false,
    "energy": "0.1-0.8nm"
}