{
  "time_tag": "2025-12-27T17:17:00Z",
  "satellite": 18,
  "flux": 0.000004981999609299237,
  "observed_flux": 0.000005026268354413332,
  "electron_correction": 4.426869182339033E-8,
  "electron_contaminaton": false,
  "energy": "0.1-0.8nm"
}
