{
  "time_tag": "2026-03-17T20:08:00Z",
  "satellite": 18,
  "flux": 3.877154313158826E-7,
  "observed_flux": 4.3427522200545354E-7,
  "electron_correction": 4.65597977949983E-8,
  "electron_contaminaton": false,
  "energy": "0.1-0.8nm"
}
