{
    "time_tag": "2026-05-02T09:13:00Z",
    "satellite": 18,
    "flux": 1.0412111350888154e-06,
    "observed_flux": 1.0635308171913493e-06,
    "electron_correction": 2.2319689207961346e-08,
    "electron_contaminaton": false,
    "energy": "0.1-0.8nm"
}