{
  "time_tag": "2026-01-02T13:21:00Z",
  "satellite": 18,
  "flux": 0.0000012595951375260483,
  "observed_flux": 0.0000012792548886864097,
  "electron_correction": 1.9659813332850717E-8,
  "electron_contaminaton": false,
  "energy": "0.1-0.8nm"
}
