{
  "time_tag": "2026-04-22T09:45:00Z",
  "satellite": 18,
  "flux": 5.871893904441094E-7,
  "observed_flux": 6.013846132191247E-7,
  "electron_correction": 1.419522721590738E-8,
  "electron_contaminaton": false,
  "energy": "0.1-0.8nm"
}
