{
  "time_tag": "2026-03-22T15:49:00Z",
  "satellite": 18,
  "flux": 7.491094038414303E-7,
  "observed_flux": 7.50154185880092E-7,
  "electron_correction": 1.0447774867472504E-9,
  "electron_contaminaton": false,
  "energy": "0.1-0.8nm"
}
