{
  "time_tag": "2026-06-29T01:19:00Z",
  "satellite": 18,
  "flux": 0.0000025790418476390187,
  "observed_flux": 0.0000026145205538341543,
  "electron_correction": 3.547870264242192E-8,
  "electron_contaminaton": false,
  "energy": "0.1-0.8nm"
}
