{
  "time_tag": "2026-03-28T20:22:00Z",
  "satellite": 18,
  "flux": 0.000001585698896633403,
  "observed_flux": 0.0000016310715409417753,
  "electron_correction": 4.537255193781675E-8,
  "electron_contaminaton": false,
  "energy": "0.1-0.8nm"
}
