{
  "time_tag": "2025-12-08T20:22:00Z",
  "satellite": 18,
  "flux": 0.0000018853390884032706,
  "observed_flux": 0.000001913644609885523,
  "electron_correction": 2.8305558785746143E-8,
  "electron_contaminaton": false,
  "energy": "0.1-0.8nm"
}
