{
  "time_tag": "2026-04-21T07:54:00Z",
  "satellite": 18,
  "flux": 0.0000010397147889307234,
  "observed_flux": 0.0000010656170843503787,
  "electron_correction": 2.590221725995434E-8,
  "electron_contaminaton": false,
  "energy": "0.1-0.8nm"
}
