{
    "time_tag": "2026-04-22T15:19:00Z",
    "satellite": 18,
    "flux": 5.875876354366483e-07,
    "observed_flux": 6.22474942701956e-07,
    "electron_correction": 3.4887282396312e-08,
    "electron_contaminaton": false,
    "energy": "0.1-0.8nm"
}