{
  "time_tag": "2026-03-07T08:40:00Z",
  "satellite": 18,
  "flux": 5.778122726951551E-7,
  "observed_flux": 5.783653023172519E-7,
  "electron_correction": 5.530189639557648E-10,
  "electron_contaminaton": false,
  "energy": "0.1-0.8nm"
}
