{
  "time_tag": "2026-04-30T13:49:00Z",
  "satellite": 18,
  "flux": 0.0000010289662668583333,
  "observed_flux": 0.0000010323493597752531,
  "electron_correction": 3.3831553114538337E-9,
  "electron_contaminaton": false,
  "energy": "0.1-0.8nm"
}
