{
  "time_tag": "2026-01-13T06:20:00Z",
  "satellite": 18,
  "flux": 6.985017080296529E-7,
  "observed_flux": 7.497648653043143E-7,
  "electron_correction": 5.12631999072255E-8,
  "electron_contaminaton": false,
  "energy": "0.1-0.8nm"
}
