{
  "time_tag": "2025-12-20T07:18:00Z",
  "satellite": 18,
  "flux": 0.000001222945911649731,
  "observed_flux": 0.0000012416486470101518,
  "electron_correction": 1.8702738913134453E-8,
  "electron_contaminaton": false,
  "energy": "0.1-0.8nm"
}
