{
  "time_tag": "2025-12-15T23:19:00Z",
  "satellite": 18,
  "flux": 6.22184984422347E-7,
  "observed_flux": 6.683388278361235E-7,
  "electron_correction": 4.6153846966490164E-8,
  "electron_contaminaton": false,
  "energy": "0.1-0.8nm"
}
