{
  "time_tag": "2026-01-30T16:24:00Z",
  "satellite": 18,
  "flux": 0.0000010590305237201392,
  "observed_flux": 0.0000011381376907593221,
  "electron_correction": 7.910709598490939E-8,
  "electron_contaminaton": false,
  "energy": "0.1-0.8nm"
}
