{
  "time_tag": "2026-02-13T07:03:00Z",
  "satellite": 18,
  "flux": 5.24287827374792E-7,
  "observed_flux": 5.360714112612186E-7,
  "electron_correction": 1.178358566278348E-8,
  "electron_contaminaton": false,
  "energy": "0.1-0.8nm"
}
