{
    "time_tag": "2026-06-22T05:49:00Z",
    "satellite": 18,
    "flux": 1.057441181728791e-06,
    "observed_flux": 1.061348939401796e-06,
    "electron_correction": 3.907689727356001e-09,
    "electron_contaminaton": false,
    "energy": "0.1-0.8nm"
}