{
  "time_tag": "2025-12-24T15:18:00Z",
  "satellite": 18,
  "flux": 0.0000012821071777580073,
  "observed_flux": 0.00000134873187107587,
  "electron_correction": 6.662467200158062E-8,
  "electron_contaminaton": false,
  "energy": "0.1-0.8nm"
}
