{
  "time_tag": "2026-06-29T03:41:00Z",
  "satellite": 18,
  "flux": 0.0000041624653022154234,
  "observed_flux": 0.000004188578714092728,
  "electron_correction": 2.6113420759088513E-8,
  "electron_contaminaton": false,
  "energy": "0.1-0.8nm"
}
