{
    "time_tag": "2026-06-24T12:05:00Z",
    "satellite": 18,
    "flux": 1.514685436632135e-06,
    "observed_flux": 1.5151075558605953e-06,
    "electron_correction": 4.2215370088527493e-10,
    "electron_contaminaton": false,
    "energy": "0.1-0.8nm"
}