{
  "time_tag": "2026-02-06T21:41:00Z",
  "satellite": 18,
  "flux": 0.0000024037951789068757,
  "observed_flux": 0.000002487587607902242,
  "electron_correction": 8.379258531476808E-8,
  "electron_contaminaton": false,
  "energy": "0.1-0.8nm"
}
