{
  "time_tag": "2026-06-25T22:25:00Z",
  "satellite": 18,
  "flux": 0.0000013106704273013747,
  "observed_flux": 0.0000013859910268365638,
  "electron_correction": 7.532066348403532E-8,
  "electron_contaminaton": false,
  "energy": "0.1-0.8nm"
}
