{
  "time_tag": "2026-03-21T23:03:00Z",
  "satellite": 18,
  "flux": 3.869277804824378E-7,
  "observed_flux": 4.144663705574203E-7,
  "electron_correction": 2.753860606219405E-8,
  "electron_contaminaton": false,
  "energy": "0.1-0.8nm"
}
