{
  "time_tag": "2026-03-06T17:54:00Z",
  "satellite": 18,
  "flux": 5.802414762001717E-7,
  "observed_flux": 5.95136668835039E-7,
  "electron_correction": 1.4895208622078826E-8,
  "electron_contaminaton": false,
  "energy": "0.1-0.8nm"
}
