{
    "time_tag": "2026-05-04T16:48:00Z",
    "satellite": 18,
    "flux": 1.2182357522760867e-06,
    "observed_flux": 1.2394289115036372e-06,
    "electron_correction": 2.1193095278704277e-08,
    "electron_contaminaton": false,
    "energy": "0.1-0.8nm"
}