{
    "time_tag": "2026-05-12T21:18:00Z",
    "satellite": 18,
    "flux": 7.314353638321336e-07,
    "observed_flux": 7.442415608238662e-07,
    "electron_correction": 1.280621741983623e-08,
    "electron_contaminaton": false,
    "energy": "0.1-0.8nm"
}