{
  "time_tag": "2026-04-25T23:40:00Z",
  "satellite": 18,
  "flux": 0.0000012048300277456292,
  "observed_flux": 0.000001213068799188477,
  "electron_correction": 8.238725257569968E-9,
  "electron_contaminaton": false,
  "energy": "0.1-0.8nm"
}
