{
  "time_tag": "2026-03-15T00:25:00Z",
  "satellite": 18,
  "flux": 0.0000010954931894957554,
  "observed_flux": 0.000001128892790802638,
  "electron_correction": 3.3399611965023723E-8,
  "electron_contaminaton": false,
  "energy": "0.1-0.8nm"
}
