{
  "time_tag": "2026-06-20T14:41:00Z",
  "satellite": 18,
  "flux": 5.266013545224268E-7,
  "observed_flux": 5.424946039056522E-7,
  "electron_correction": 1.589321207973171E-8,
  "electron_contaminaton": false,
  "energy": "0.1-0.8nm"
}
