{
  "time_tag": "2026-03-04T01:32:00Z",
  "satellite": 18,
  "flux": 0.0000010432464705445454,
  "observed_flux": 0.0000010787034625536762,
  "electron_correction": 3.545691740214352E-8,
  "electron_contaminaton": false,
  "energy": "0.1-0.8nm"
}
