{
    "time_tag": "2026-06-17T22:46:00Z",
    "satellite": 18,
    "flux": 5.330220460564306e-07,
    "observed_flux": 5.474493036672357e-07,
    "electron_correction": 1.442722652456041e-08,
    "electron_contaminaton": false,
    "energy": "0.1-0.8nm"
}