{
  "time_tag": "2026-03-05T10:13:00Z",
  "satellite": 18,
  "flux": 8.406959182138962E-7,
  "observed_flux": 8.492012284477823E-7,
  "electron_correction": 8.505270265857234E-9,
  "electron_contaminaton": false,
  "energy": "0.1-0.8nm"
}
