{
  "time_tag": "2026-04-19T19:45:00Z",
  "satellite": 18,
  "flux": 3.73056423086382E-7,
  "observed_flux": 4.396202655243542E-7,
  "electron_correction": 6.656384954339956E-8,
  "electron_contaminaton": false,
  "energy": "0.1-0.8nm"
}
