{
    "time_tag": "2026-05-03T00:00:00Z",
    "satellite": 18,
    "flux": 1.1644973483271315e-06,
    "observed_flux": 1.199806206386711e-06,
    "electron_correction": 3.5308769241737537e-08,
    "electron_contaminaton": false,
    "energy": "0.1-0.8nm"
}