{
  "time_tag": "2025-12-21T19:16:00Z",
  "satellite": 18,
  "flux": 0.000001193564457935281,
  "observed_flux": 0.0000012313653314777184,
  "electron_correction": 3.7800830909873184E-8,
  "electron_contaminaton": false,
  "energy": "0.1-0.8nm"
}
