{
  "time_tag": "2026-02-18T08:21:00Z",
  "satellite": 18,
  "flux": 4.1416117824155663E-7,
  "observed_flux": 4.368178565528069E-7,
  "electron_correction": 2.265667475853661E-8,
  "electron_contaminaton": false,
  "energy": "0.1-0.8nm"
}
