{
  "time_tag": "2026-03-21T01:31:00Z",
  "satellite": 18,
  "flux": 3.0981294685261673E-7,
  "observed_flux": 3.099275431850401E-7,
  "electron_correction": 1.1458340526404598E-10,
  "electron_contaminaton": false,
  "energy": "0.1-0.8nm"
}
