{
  "time_tag": "2026-03-28T21:52:00Z",
  "satellite": 18,
  "flux": 0.0000014467749451796408,
  "observed_flux": 0.0000014811463415753678,
  "electron_correction": 3.437139284301338E-8,
  "electron_contaminaton": false,
  "energy": "0.1-0.8nm"
}
