{
  "time_tag": "2026-03-30T20:48:00Z",
  "satellite": 18,
  "flux": 0.0000020753695935127325,
  "observed_flux": 0.0000020993252292100806,
  "electron_correction": 2.3955539774078716E-8,
  "electron_contaminaton": false,
  "energy": "0.1-0.8nm"
}
