{
  "time_tag": "2026-05-29T06:36:00Z",
  "satellite": 19,
  "flux": 0.000004527210421656491,
  "observed_flux": 0.00000452896938440972,
  "electron_correction": 1.7586485601128743E-9,
  "electron_contaminaton": false,
  "energy": "0.1-0.8nm"
}
