{
  "time_tag": "2026-07-01T11:58:00Z",
  "satellite": 18,
  "flux": 0.000010043814654636662,
  "observed_flux": 0.000010053304322354961,
  "electron_correction": 9.490262797839932E-9,
  "electron_contaminaton": false,
  "energy": "0.1-0.8nm"
}
