{
    "time_tag": "2026-05-16T09:46:00Z",
    "satellite": 18,
    "flux": 4.0717907268117415e-07,
    "observed_flux": 4.3487071366143937e-07,
    "electron_correction": 2.7691646309335738e-08,
    "electron_contaminaton": false,
    "energy": "0.1-0.8nm"
}