{
    "time_tag": "2026-05-15T10:27:00Z",
    "satellite": 18,
    "flux": 3.9749892266627285e-07,
    "observed_flux": 3.979820633048803e-07,
    "electron_correction": 4.83142137408521e-10,
    "electron_contaminaton": false,
    "energy": "0.1-0.8nm"
}