{
  "time_tag": "2026-04-29T00:14:00Z",
  "satellite": 18,
  "flux": 0.000001484594235989789,
  "observed_flux": 0.0000014942488633096218,
  "electron_correction": 9.654614885334922E-9,
  "electron_contaminaton": false,
  "energy": "0.1-0.8nm"
}
