{
  "time_tag": "2026-03-13T13:25:00Z",
  "satellite": 18,
  "flux": 0.0000021948449102637824,
  "observed_flux": 0.0000021976884454488754,
  "electron_correction": 2.843678181818632E-9,
  "electron_contaminaton": false,
  "energy": "0.1-0.8nm"
}
