{
    "time_tag": "2026-06-13T12:14:00Z",
    "satellite": 18,
    "flux": 5.908744356020179e-07,
    "observed_flux": 6.129575922386721e-07,
    "electron_correction": 2.20831761765794e-08,
    "electron_contaminaton": false,
    "energy": "0.1-0.8nm"
}