{
  "time_tag": "2026-02-07T06:22:00Z",
  "satellite": 18,
  "flux": 0.0000014282009033195209,
  "observed_flux": 0.000001443864334760292,
  "electron_correction": 1.5663342622929122E-8,
  "electron_contaminaton": false,
  "energy": "0.1-0.8nm"
}
