{
    "time_tag": "2026-05-03T03:06:00Z",
    "satellite": 18,
    "flux": 8.426490012425347e-07,
    "observed_flux": 8.508499149684212e-07,
    "electron_correction": 8.200890633247582e-09,
    "electron_contaminaton": false,
    "energy": "0.1-0.8nm"
}