{
  "time_tag": "2026-02-05T12:23:00Z",
  "satellite": 18,
  "flux": 0.0000024133942133630626,
  "observed_flux": 0.0000024144642338796984,
  "electron_correction": 1.0700319519330037E-9,
  "electron_contaminaton": false,
  "energy": "0.1-0.8nm"
}
