{
  "time_tag": "2026-01-15T11:18:00Z",
  "satellite": 18,
  "flux": 0.000001145112491940381,
  "observed_flux": 0.0000011480278772069141,
  "electron_correction": 2.915384156310097E-9,
  "electron_contaminaton": false,
  "energy": "0.1-0.8nm"
}
