{
  "time_tag": "2026-02-14T08:54:00Z",
  "satellite": 18,
  "flux": 6.474372185039101E-7,
  "observed_flux": 6.641839718213305E-7,
  "electron_correction": 1.6746779962772962E-8,
  "electron_contaminaton": false,
  "energy": "0.1-0.8nm"
}
