{
  "time_tag": "2026-03-03T17:14:00Z",
  "satellite": 18,
  "flux": 7.244690891639038E-7,
  "observed_flux": 7.375371069429093E-7,
  "electron_correction": 1.3067971593727634E-8,
  "electron_contaminaton": false,
  "energy": "0.1-0.8nm"
}
