{
    "time_tag": "2026-05-28T03:19:00Z",
    "satellite": 19,
    "flux": 8.043991783779347e-07,
    "observed_flux": 8.274391802842729e-07,
    "electron_correction": 2.3039978813699236e-08,
    "electron_contaminaton": false,
    "energy": "0.1-0.8nm"
}