{
  "time_tag": "2026-03-27T20:10:00Z",
  "satellite": 18,
  "flux": 9.364263746647339E-7,
  "observed_flux": 9.7272936727677E-7,
  "electron_correction": 3.6302974848467784E-8,
  "electron_contaminaton": false,
  "energy": "0.1-0.8nm"
}
