{
    "time_tag": "2026-04-29T21:32:00Z",
    "satellite": 18,
    "flux": 9.858217708824668e-07,
    "observed_flux": 9.939362826116849e-07,
    "electron_correction": 8.114446892193428e-09,
    "electron_contaminaton": false,
    "energy": "0.1-0.8nm"
}