{
  "time_tag": "2026-06-02T01:29:00Z",
  "satellite": 18,
  "flux": 6.936065801710356E-7,
  "observed_flux": 7.166536306613125E-7,
  "electron_correction": 2.3047087793770515E-8,
  "electron_contaminaton": false,
  "energy": "0.1-0.8nm"
}
