{
  "time_tag": "2026-03-12T21:54:00Z",
  "satellite": 18,
  "flux": 0.0000010162724493056885,
  "observed_flux": 0.0000010388192777099903,
  "electron_correction": 2.2546897682218514E-8,
  "electron_contaminaton": false,
  "energy": "0.1-0.8nm"
}
