{
  "time_tag": "2026-03-28T09:47:00Z",
  "satellite": 18,
  "flux": 0.0000016200754089368274,
  "observed_flux": 0.0000016240419427049346,
  "electron_correction": 3.966537764910072E-9,
  "electron_contaminaton": false,
  "energy": "0.1-0.8nm"
}
