{
  "time_tag": "2026-03-06T13:45:00Z",
  "satellite": 18,
  "flux": 0.00000119370372431149,
  "observed_flux": 0.0000012075945505785057,
  "electron_correction": 1.3890757877277338E-8,
  "electron_contaminaton": false,
  "energy": "0.1-0.8nm"
}
