{
  "time_tag": "2026-01-03T08:19:00Z",
  "satellite": 18,
  "flux": 0.0000013109056453686208,
  "observed_flux": 0.0000013225267139205243,
  "electron_correction": 1.162103835383732E-8,
  "electron_contaminaton": false,
  "energy": "0.1-0.8nm"
}
