{
  "time_tag": "2026-03-01T11:45:00Z",
  "satellite": 18,
  "flux": 0.0000011261004146945197,
  "observed_flux": 0.0000011557307288967422,
  "electron_correction": 2.9630385256496083E-8,
  "electron_contaminaton": false,
  "energy": "0.1-0.8nm"
}
