{
    "time_tag": "2026-05-01T18:04:00Z",
    "satellite": 18,
    "flux": 9.706338914838852e-07,
    "observed_flux": 1.020229433379427e-06,
    "electron_correction": 4.9595460183127216e-08,
    "electron_contaminaton": false,
    "energy": "0.1-0.8nm"
}