{
  "time_tag": "2025-12-15T08:19:00Z",
  "satellite": 18,
  "flux": 5.376403464651958E-7,
  "observed_flux": 5.627098857985402E-7,
  "electron_correction": 2.5069539333344437E-8,
  "electron_contaminaton": false,
  "energy": "0.1-0.8nm"
}
