{
    "time_tag": "2026-05-03T17:31:00Z",
    "satellite": 18,
    "flux": 8.938902738009347e-07,
    "observed_flux": 9.334257242699096e-07,
    "electron_correction": 3.9535457574402244e-08,
    "electron_contaminaton": false,
    "energy": "0.1-0.8nm"
}