{
  "time_tag": "2026-03-02T04:23:00Z",
  "satellite": 18,
  "flux": 9.978954267353402E-7,
  "observed_flux": 0.0000010186978443016415,
  "electron_correction": 2.080236249923928E-8,
  "electron_contaminaton": false,
  "energy": "0.1-0.8nm"
}
