{
  "time_tag": "2026-02-03T07:01:00Z",
  "satellite": 18,
  "flux": 0.00007245584129123017,
  "observed_flux": 0.00007246367022162303,
  "electron_correction": 7.82672948673735E-9,
  "electron_contaminaton": false,
  "energy": "0.1-0.8nm"
}
