{
  "time_tag": "2026-02-13T15:01:00Z",
  "satellite": 18,
  "flux": 5.430172791420773E-7,
  "observed_flux": 5.635423576677567E-7,
  "electron_correction": 2.052504477489947E-8,
  "electron_contaminaton": false,
  "energy": "0.1-0.8nm"
}
