{
  "time_tag": "2026-04-19T14:09:00Z",
  "satellite": 18,
  "flux": 4.591885840454779E-7,
  "observed_flux": 4.813720693164214E-7,
  "electron_correction": 2.2183485270943493E-8,
  "electron_contaminaton": false,
  "energy": "0.1-0.8nm"
}
