{
  "time_tag": "2026-04-18T22:21:00Z",
  "satellite": 18,
  "flux": 3.225261195893836E-7,
  "observed_flux": 3.5488835692376597E-7,
  "electron_correction": 3.236224088709605E-8,
  "electron_contaminaton": false,
  "energy": "0.1-0.8nm"
}
