{
    "time_tag": "2026-05-30T09:43:00Z",
    "satellite": 18,
    "flux": 9.035434231918771e-07,
    "observed_flux": 9.164165248876088e-07,
    "electron_correction": 1.2873121235656981e-08,
    "electron_contaminaton": false,
    "energy": "0.1-0.8nm"
}