{
  "time_tag": "2026-03-19T07:31:00Z",
  "satellite": 18,
  "flux": 3.4169016771556926E-7,
  "observed_flux": 3.505714687435102E-7,
  "electron_correction": 8.881292146156738E-9,
  "electron_contaminaton": false,
  "energy": "0.1-0.8nm"
}
