{
  "time_tag": "2026-03-21T21:47:00Z",
  "satellite": 18,
  "flux": 3.937580004276242E-7,
  "observed_flux": 4.2732477822937653E-7,
  "electron_correction": 3.3566806223461754E-8,
  "electron_contaminaton": false,
  "energy": "0.1-0.8nm"
}
