{
  "time_tag": "2026-03-06T23:24:00Z",
  "satellite": 18,
  "flux": 7.094953389241709E-7,
  "observed_flux": 7.211179422483838E-7,
  "electron_correction": 1.1622602436034413E-8,
  "electron_contaminaton": false,
  "energy": "0.1-0.8nm"
}
