{
  "time_tag": "2026-03-23T22:41:00Z",
  "satellite": 18,
  "flux": 7.567004445263592E-7,
  "observed_flux": 8.158626769727562E-7,
  "electron_correction": 5.9162232446396956E-8,
  "electron_contaminaton": false,
  "energy": "0.1-0.8nm"
}
