{
  "time_tag": "2026-01-18T16:19:00Z",
  "satellite": 18,
  "flux": 0.0000014942742154744337,
  "observed_flux": 0.0000015440392644450185,
  "electron_correction": 4.976509515586258E-8,
  "electron_contaminaton": false,
  "energy": "0.1-0.8nm"
}
