{
    "time_tag": "2026-04-26T23:20:00Z",
    "satellite": 18,
    "flux": 3.930052116629668e-06,
    "observed_flux": 3.952230599679751e-06,
    "electron_correction": 2.2178564762498354e-08,
    "electron_contaminaton": false,
    "energy": "0.1-0.8nm"
}