{
  "time_tag": "2026-02-09T21:09:00Z",
  "satellite": 18,
  "flux": 0.0000012686132322414778,
  "observed_flux": 0.0000013017534001846798,
  "electron_correction": 3.3140150179633565E-8,
  "electron_contaminaton": false,
  "energy": "0.1-0.8nm"
}
