{
  "time_tag": "2026-02-11T02:39:00Z",
  "satellite": 18,
  "flux": 0.0000020341599338280503,
  "observed_flux": 0.0000020502454844972817,
  "electron_correction": 1.6085653697928137E-8,
  "electron_contaminaton": false,
  "energy": "0.1-0.8nm"
}
