{
    "time_tag": "2026-04-29T06:14:00Z",
    "satellite": 18,
    "flux": 1.8277034996572183e-06,
    "observed_flux": 1.8304962168258498e-06,
    "electron_correction": 2.792707176624276e-09,
    "electron_contaminaton": false,
    "energy": "0.1-0.8nm"
}