{
  "time_tag": "2026-05-01T10:25:00Z",
  "satellite": 18,
  "flux": 8.655199508211808E-7,
  "observed_flux": 8.862773483997444E-7,
  "electron_correction": 2.0757392249493023E-8,
  "electron_contaminaton": false,
  "energy": "0.1-0.8nm"
}
