{
  "time_tag": "2026-01-14T20:18:00Z",
  "satellite": 18,
  "flux": 0.000001695041305538325,
  "observed_flux": 0.000001749929424477159,
  "electron_correction": 5.4888044331846686E-8,
  "electron_contaminaton": false,
  "energy": "0.1-0.8nm"
}
