{
  "time_tag": "2026-02-20T23:24:00Z",
  "satellite": 18,
  "flux": 3.2545881367695983E-7,
  "observed_flux": 3.5241495766058506E-7,
  "electron_correction": 2.6956151089052582E-8,
  "electron_contaminaton": false,
  "energy": "0.1-0.8nm"
}
