{
    "time_tag": "2026-06-23T16:12:00Z",
    "satellite": 18,
    "flux": 1.190931698147324e-06,
    "observed_flux": 1.1956310572713846e-06,
    "electron_correction": 4.699367561755707e-09,
    "electron_contaminaton": false,
    "energy": "0.1-0.8nm"
}