{
  "time_tag": "2026-06-27T17:34:00Z",
  "satellite": 18,
  "flux": 0.0000012771902220265474,
  "observed_flux": 0.0000013296477163748932,
  "electron_correction": 5.2457512111914184E-8,
  "electron_contaminaton": false,
  "energy": "0.1-0.8nm"
}
