{
  "time_tag": "2026-05-29T21:29:00Z",
  "satellite": 18,
  "flux": 0.000002076131067951792,
  "observed_flux": 0.0000021169657884456683,
  "electron_correction": 4.083479510086363E-8,
  "electron_contaminaton": false,
  "energy": "0.1-0.8nm"
}
