{
  "time_tag": "2026-04-20T01:55:00Z",
  "satellite": 18,
  "flux": 4.2750099282784504E-7,
  "observed_flux": 4.841781446884852E-7,
  "electron_correction": 5.667715541335383E-8,
  "electron_contaminaton": false,
  "energy": "0.1-0.8nm"
}
