{
    "time_tag": "2026-05-20T03:21:00Z",
    "satellite": 18,
    "flux": 6.458622010541148e-07,
    "observed_flux": 6.877791065562633e-07,
    "electron_correction": 4.191690550214844e-08,
    "electron_contaminaton": false,
    "energy": "0.1-0.8nm"
}