{
  "time_tag": "2026-03-17T03:37:00Z",
  "satellite": 18,
  "flux": 5.306915227265563E-7,
  "observed_flux": 5.627684913633857E-7,
  "electron_correction": 3.2077004163966194E-8,
  "electron_contaminaton": false,
  "energy": "0.1-0.8nm"
}
