{
  "time_tag": "2026-03-15T16:08:00Z",
  "satellite": 18,
  "flux": 4.94701794195862E-7,
  "observed_flux": 5.596905339189107E-7,
  "electron_correction": 6.498869709048449E-8,
  "electron_contaminaton": false,
  "energy": "0.1-0.8nm"
}
