{
  "time_tag": "2025-12-29T18:19:00Z",
  "satellite": 18,
  "flux": 0.000003065302735194564,
  "observed_flux": 0.0000031070876502781175,
  "electron_correction": 4.1784993243254576E-8,
  "electron_contaminaton": false,
  "energy": "0.1-0.8nm"
}
