{
    "time_tag": "2026-05-23T20:05:00Z",
    "satellite": 18,
    "flux": 2.774745098577114e-06,
    "observed_flux": 2.8067026960343355e-06,
    "electron_correction": 3.195759390450803e-08,
    "electron_contaminaton": false,
    "energy": "0.1-0.8nm"
}