{
  "time_tag": "2026-02-05T02:33:00Z",
  "satellite": 18,
  "flux": 0.0000025889055450534215,
  "observed_flux": 0.0000025900562832248397,
  "electron_correction": 1.1506385844128886E-9,
  "electron_contaminaton": false,
  "energy": "0.1-0.8nm"
}
