{
  "time_tag": "2026-03-10T18:46:00Z",
  "satellite": 18,
  "flux": 0.0000045973824853717815,
  "observed_flux": 0.000004651511517295148,
  "electron_correction": 5.4129230875332723E-8,
  "electron_contaminaton": false,
  "energy": "0.1-0.8nm"
}
