{
  "time_tag": "2026-06-21T21:24:00Z",
  "satellite": 18,
  "flux": 0.0000025302615540567786,
  "observed_flux": 0.00000254895576290437,
  "electron_correction": 1.869410226618129E-8,
  "electron_contaminaton": false,
  "energy": "0.1-0.8nm"
}
