{
  "time_tag": "2026-02-03T22:09:00Z",
  "satellite": 18,
  "flux": 0.0000036885869576508412,
  "observed_flux": 0.0000037044078453618567,
  "electron_correction": 1.5821086662981543E-8,
  "electron_contaminaton": false,
  "energy": "0.1-0.8nm"
}
