{
  "time_tag": "2026-03-22T16:22:00Z",
  "satellite": 18,
  "flux": 9.714002544569666E-7,
  "observed_flux": 0.0000011132297004223801,
  "electron_correction": 1.4182940333284932E-7,
  "electron_contaminaton": false,
  "energy": "0.1-0.8nm"
}
