{
    "time_tag": "2026-05-14T15:28:00Z",
    "satellite": 18,
    "flux": 6.199586550792446e-07,
    "observed_flux": 6.329451025521848e-07,
    "electron_correction": 1.298644480840494e-08,
    "electron_contaminaton": false,
    "energy": "0.1-0.8nm"
}