{
  "time_tag": "2026-01-25T22:18:00Z",
  "satellite": 18,
  "flux": 0.0000026431541755300714,
  "observed_flux": 0.0000027138371478940826,
  "electron_correction": 7.068301499657537E-8,
  "electron_contaminaton": false,
  "energy": "0.1-0.8nm"
}
