{
  "time_tag": "2026-05-02T20:41:00Z",
  "satellite": 18,
  "flux": 0.000001585692757544166,
  "observed_flux": 0.0000016301976302202092,
  "electron_correction": 4.4504904650466415E-8,
  "electron_contaminaton": false,
  "energy": "0.1-0.8nm"
}
