{
  "time_tag": "2026-03-05T11:10:00Z",
  "satellite": 18,
  "flux": 8.650732183923537E-7,
  "observed_flux": 8.748545496928273E-7,
  "electron_correction": 9.781342846792995E-9,
  "electron_contaminaton": false,
  "energy": "0.1-0.8nm"
}
