{
  "time_tag": "2026-02-22T13:16:00Z",
  "satellite": 18,
  "flux": 7.286453183041885E-7,
  "observed_flux": 7.328023912123172E-7,
  "electron_correction": 4.157101329838042E-9,
  "electron_contaminaton": false,
  "energy": "0.1-0.8nm"
}
