{
  "time_tag": "2026-06-05T08:09:00Z",
  "satellite": 18,
  "flux": 8.860977231961442E-7,
  "observed_flux": 8.89861041741824E-7,
  "electron_correction": 3.76330255846824E-9,
  "electron_contaminaton": false,
  "energy": "0.1-0.8nm"
}
