{
  "time_tag": "2026-03-22T11:20:00Z",
  "satellite": 18,
  "flux": 6.130396741355071E-7,
  "observed_flux": 7.847329470678233E-7,
  "electron_correction": 1.7169323029975203E-7,
  "electron_contaminaton": false,
  "energy": "0.1-0.8nm"
}
