{
    "time_tag": "2026-06-11T06:58:00Z",
    "satellite": 18,
    "flux": 9.259179591936118e-07,
    "observed_flux": 9.388596140524896e-07,
    "electron_correction": 1.2941671734267857e-08,
    "electron_contaminaton": false,
    "energy": "0.1-0.8nm"
}