{
  "time_tag": "2026-03-06T12:49:00Z",
  "satellite": 18,
  "flux": 8.362426910935028E-7,
  "observed_flux": 8.428850719610637E-7,
  "electron_correction": 6.642328909123307E-9,
  "electron_contaminaton": false,
  "energy": "0.1-0.8nm"
}
