{
    "time_tag": "2026-06-30T06:19:00Z",
    "satellite": 18,
    "flux": 1.784856635822507e-06,
    "observed_flux": 1.8056842918667826e-06,
    "electron_correction": 2.0827730651262755e-08,
    "electron_contaminaton": false,
    "energy": "0.1-0.8nm"
}