{
    "time_tag": "2026-04-29T11:08:00Z",
    "satellite": 18,
    "flux": 1.0517125019759987e-06,
    "observed_flux": 1.053903361025732e-06,
    "electron_correction": 2.1908823644167796e-09,
    "electron_contaminaton": false,
    "energy": "0.1-0.8nm"
}