{
    "time_tag": "2026-07-01T11:53:00Z",
    "satellite": 18,
    "flux": 8.60950331116328e-06,
    "observed_flux": 8.618215360911563e-06,
    "electron_correction": 8.711734444943886e-09,
    "electron_contaminaton": false,
    "energy": "0.1-0.8nm"
}