{
  "time_tag": "2026-03-20T21:52:00Z",
  "satellite": 18,
  "flux": 3.0915964543964947E-7,
  "observed_flux": 3.091882945227553E-7,
  "electron_correction": 2.864016142301029E-11,
  "electron_contaminaton": false,
  "energy": "0.1-0.8nm"
}
