{
  "time_tag": "2026-01-19T18:19:00Z",
  "satellite": 18,
  "flux": 0.0000028077192837372422,
  "observed_flux": 0.0000028504941838036757,
  "electron_correction": 4.277488230286508E-8,
  "electron_contaminaton": false,
  "energy": "0.1-0.8nm"
}
