{
  "time_tag": "2026-03-19T05:41:00Z",
  "satellite": 18,
  "flux": 3.1479601148021175E-7,
  "observed_flux": 3.2427303153781395E-7,
  "electron_correction": 9.477039597527437E-9,
  "electron_contaminaton": false,
  "energy": "0.1-0.8nm"
}
