{
    "time_tag": "2026-06-29T17:16:00Z",
    "satellite": 18,
    "flux": 1.6413075627497165e-06,
    "observed_flux": 1.6718769302315195e-06,
    "electron_correction": 3.056935327094834e-08,
    "electron_contaminaton": false,
    "energy": "0.1-0.8nm"
}