{
    "time_tag": "2026-04-26T11:57:00Z",
    "satellite": 18,
    "flux": 1.9133426576445345e-06,
    "observed_flux": 1.917937879625242e-06,
    "electron_correction": 4.595138047847058e-09,
    "electron_contaminaton": false,
    "energy": "0.1-0.8nm"
}