{
  "time_tag": "2026-03-08T14:08:00Z",
  "satellite": 18,
  "flux": 7.445481173817825E-7,
  "observed_flux": 7.798644787726516E-7,
  "electron_correction": 3.531636494358281E-8,
  "electron_contaminaton": false,
  "energy": "0.1-0.8nm"
}
