{
    "time_tag": "2026-04-25T20:39:00Z",
    "satellite": 18,
    "flux": 1.8137498045689426e-06,
    "observed_flux": 1.8282050859852461e-06,
    "electron_correction": 1.4455356023290733e-08,
    "electron_contaminaton": false,
    "energy": "0.1-0.8nm"
}