{
    "time_tag": "2026-06-23T04:42:00Z",
    "satellite": 18,
    "flux": 8.804153708297235e-07,
    "observed_flux": 8.850309427543834e-07,
    "electron_correction": 4.615563042875692e-09,
    "electron_contaminaton": false,
    "energy": "0.1-0.8nm"
}