{
    "time_tag": "2026-05-20T16:32:00Z",
    "satellite": 18,
    "flux": 7.853558940951189e-07,
    "observed_flux": 8.397163924200868e-07,
    "electron_correction": 5.436046635054481e-08,
    "electron_contaminaton": false,
    "energy": "0.1-0.8nm"
}