{
  "time_tag": "2026-03-01T21:35:00Z",
  "satellite": 18,
  "flux": 0.0000015340972367994254,
  "observed_flux": 0.0000015847168697291636,
  "electron_correction": 5.061956898089193E-8,
  "electron_contaminaton": false,
  "energy": "0.1-0.8nm"
}
