{
    "time_tag": "2026-06-07T17:06:00Z",
    "satellite": 18,
    "flux": 1.2985407238375046e-06,
    "observed_flux": 1.3463021559800836e-06,
    "electron_correction": 4.7761350430164384e-08,
    "electron_contaminaton": false,
    "energy": "0.1-0.8nm"
}