{
    "time_tag": "2026-05-16T10:45:00Z",
    "satellite": 18,
    "flux": 4.367274470951088e-07,
    "observed_flux": 4.652930272186495e-07,
    "electron_correction": 2.856559078168175e-08,
    "electron_contaminaton": false,
    "energy": "0.1-0.8nm"
}