{
  "time_tag": "2026-03-05T06:29:00Z",
  "satellite": 18,
  "flux": 6.256711344576615E-7,
  "observed_flux": 6.301089570115437E-7,
  "electron_correction": 4.4378136720979455E-9,
  "electron_contaminaton": false,
  "energy": "0.1-0.8nm"
}
