{
  "time_tag": "2026-02-11T12:25:00Z",
  "satellite": 18,
  "flux": 0.0000010673642236724845,
  "observed_flux": 0.0000010752509069789085,
  "electron_correction": 7.88667353646133E-9,
  "electron_contaminaton": false,
  "energy": "0.1-0.8nm"
}
