{
  "time_tag": "2025-12-10T13:25:00Z",
  "satellite": 18,
  "flux": 0.0000016024661135816132,
  "observed_flux": 0.0000016110308251882088,
  "electron_correction": 8.564761344587168E-9,
  "electron_contaminaton": false,
  "energy": "0.1-0.8nm"
}
