{
  "time_tag": "2026-03-07T13:13:00Z",
  "satellite": 18,
  "flux": 5.682959454134107E-7,
  "observed_flux": 5.69329813515651E-7,
  "electron_correction": 1.0338701006418205E-9,
  "electron_contaminaton": false,
  "energy": "0.1-0.8nm"
}
