{
    "time_tag": "2026-05-09T16:30:00Z",
    "satellite": 18,
    "flux": 8.492584697705752e-07,
    "observed_flux": 8.746789035285474e-07,
    "electron_correction": 2.5420401783549096e-08,
    "electron_contaminaton": false,
    "energy": "0.1-0.8nm"
}