{
    "time_tag": "2026-04-29T21:01:00Z",
    "satellite": 18,
    "flux": 8.55809389577189e-07,
    "observed_flux": 8.644496460874507e-07,
    "electron_correction": 8.640266280224296e-09,
    "electron_contaminaton": false,
    "energy": "0.1-0.8nm"
}