{
  "time_tag": "2026-05-12T15:36:00Z",
  "satellite": 18,
  "flux": 9.351402354695892E-7,
  "observed_flux": 9.447595630263095E-7,
  "electron_correction": 9.6193168985792E-9,
  "electron_contaminaton": false,
  "energy": "0.1-0.8nm"
}
