{
  "time_tag": "2026-01-08T12:20:00Z",
  "satellite": 18,
  "flux": 8.944469414018386E-7,
  "observed_flux": 8.947666856329306E-7,
  "electron_correction": 3.1976124525989746E-10,
  "electron_contaminaton": false,
  "energy": "0.1-0.8nm"
}
