{
  "time_tag": "2026-01-23T13:27:00Z",
  "satellite": 18,
  "flux": 0.000002311080152139766,
  "observed_flux": 0.0000023415889245370636,
  "electron_correction": 3.050878305543847E-8,
  "electron_contaminaton": false,
  "energy": "0.1-0.8nm"
}
