{
  "time_tag": "2026-05-23T11:38:00Z",
  "satellite": 18,
  "flux": 9.046358400155441E-7,
  "observed_flux": 9.217948786499619E-7,
  "electron_correction": 1.7159067056127242E-8,
  "electron_contaminaton": false,
  "energy": "0.1-0.8nm"
}
