{
  "time_tag": "2026-02-18T19:04:00Z",
  "satellite": 18,
  "flux": 4.708414280685247E-7,
  "observed_flux": 5.414518113866507E-7,
  "electron_correction": 7.061036910727125E-8,
  "electron_contaminaton": false,
  "energy": "0.1-0.8nm"
}
