{
  "time_tag": "2026-03-23T22:56:00Z",
  "satellite": 18,
  "flux": 7.988704737726948E-7,
  "observed_flux": 8.586762874074338E-7,
  "electron_correction": 5.980584205644845E-8,
  "electron_contaminaton": false,
  "energy": "0.1-0.8nm"
}
