{
  "time_tag": "2026-05-09T07:13:00Z",
  "satellite": 18,
  "flux": 7.934640962048434E-7,
  "observed_flux": 8.072861419350374E-7,
  "electron_correction": 1.3822027966625683E-8,
  "electron_contaminaton": false,
  "energy": "0.1-0.8nm"
}
