{
  "time_tag": "2026-02-09T08:09:00Z",
  "satellite": 18,
  "flux": 0.000004575234470394207,
  "observed_flux": 0.000004592681307258317,
  "electron_correction": 1.7446701860990288E-8,
  "electron_contaminaton": false,
  "energy": "0.1-0.8nm"
}
