{
  "time_tag": "2026-05-26T01:58:00Z",
  "satellite": 18,
  "flux": 0.0000014402339729713276,
  "observed_flux": 0.0000014446403611145797,
  "electron_correction": 4.406443654403347E-9,
  "electron_contaminaton": false,
  "energy": "0.1-0.8nm"
}
