{
  "time_tag": "2026-03-19T06:33:00Z",
  "satellite": 18,
  "flux": 5.638572133648267E-7,
  "observed_flux": 5.725007099499635E-7,
  "electron_correction": 8.643485038817289E-9,
  "electron_contaminaton": false,
  "energy": "0.1-0.8nm"
}
