{
  "time_tag": "2026-03-19T23:54:00Z",
  "satellite": 18,
  "flux": 2.6167910505137115E-7,
  "observed_flux": 2.804549978918658E-7,
  "electron_correction": 1.877590705134935E-8,
  "electron_contaminaton": false,
  "energy": "0.1-0.8nm"
}
