{
  "time_tag": "2026-02-21T20:37:00Z",
  "satellite": 18,
  "flux": 3.2197127097788325E-7,
  "observed_flux": 3.462364475126378E-7,
  "electron_correction": 2.426518719289561E-8,
  "electron_contaminaton": false,
  "energy": "0.1-0.8nm"
}
