{
  "time_tag": "2026-03-10T06:13:00Z",
  "satellite": 18,
  "flux": 8.375859010811837E-7,
  "observed_flux": 8.449832762380538E-7,
  "electron_correction": 7.397376489137741E-9,
  "electron_contaminaton": false,
  "energy": "0.1-0.8nm"
}
