{
  "time_tag": "2026-03-31T13:31:00Z",
  "satellite": 18,
  "flux": 8.219386131713691E-7,
  "observed_flux": 8.312326826853678E-7,
  "electron_correction": 9.294071290355532E-9,
  "electron_contaminaton": false,
  "energy": "0.1-0.8nm"
}
