{
  "time_tag": "2026-04-19T01:52:00Z",
  "satellite": 18,
  "flux": 3.121782299331244E-7,
  "observed_flux": 3.1556254498354974E-7,
  "electron_correction": 3.384306390685765E-9,
  "electron_contaminaton": false,
  "energy": "0.1-0.8nm"
}
