{
  "time_tag": "2026-01-31T21:21:00Z",
  "satellite": 18,
  "flux": 0.000002012367531278869,
  "observed_flux": 0.0000020682209651567973,
  "electron_correction": 5.585337348179564E-8,
  "electron_contaminaton": false,
  "energy": "0.1-0.8nm"
}
