{
    "time_tag": "2026-05-21T10:19:00Z",
    "satellite": 18,
    "flux": 5.876312911823334e-07,
    "observed_flux": 6.095398248362471e-07,
    "electron_correction": 2.1908563851980034e-08,
    "electron_contaminaton": false,
    "energy": "0.1-0.8nm"
}