{
  "time_tag": "2026-06-29T16:26:00Z",
  "satellite": 18,
  "flux": 0.0000017469116073698387,
  "observed_flux": 0.0000017761612980393693,
  "electron_correction": 2.9249639155182194E-8,
  "electron_contaminaton": false,
  "energy": "0.1-0.8nm"
}
