{
  "time_tag": "2026-06-17T23:46:00Z",
  "satellite": 18,
  "flux": 4.170904617240012E-7,
  "observed_flux": 4.30976740517508E-7,
  "electron_correction": 1.3886301886145702E-8,
  "electron_contaminaton": false,
  "energy": "0.1-0.8nm"
}
