{
  "time_tag": "2025-12-29T12:20:00Z",
  "satellite": 18,
  "flux": 0.000002678186547200312,
  "observed_flux": 0.000002695561079235631,
  "electron_correction": 1.7374432559336128E-8,
  "electron_contaminaton": false,
  "energy": "0.1-0.8nm"
}
