{
  "time_tag": "2026-05-18T00:02:00Z",
  "satellite": 18,
  "flux": 5.552131483455014E-7,
  "observed_flux": 6.124039941823867E-7,
  "electron_correction": 5.719085294231263E-8,
  "electron_contaminaton": false,
  "energy": "0.1-0.8nm"
}
