{
  "time_tag": "2026-01-01T07:19:00Z",
  "satellite": 18,
  "flux": 0.0000016986948594421847,
  "observed_flux": 0.0000017030265553330537,
  "electron_correction": 4.331763836518121E-9,
  "electron_contaminaton": false,
  "energy": "0.1-0.8nm"
}
