{
  "time_tag": "2026-05-05T10:08:00Z",
  "satellite": 18,
  "flux": 8.171649596988573E-7,
  "observed_flux": 8.483083888677356E-7,
  "electron_correction": 3.1143422063451E-8,
  "electron_contaminaton": false,
  "energy": "0.1-0.8nm"
}
