{
    "time_tag": "2026-06-11T03:43:00Z",
    "satellite": 18,
    "flux": 9.896907613438088e-07,
    "observed_flux": 1.0143393183170701e-06,
    "electron_correction": 2.4648578289543366e-08,
    "electron_contaminaton": false,
    "energy": "0.1-0.8nm"
}