{
  "time_tag": "2026-05-18T06:34:00Z",
  "satellite": 18,
  "flux": 4.3269511706967023E-7,
  "observed_flux": 4.6596389324804477E-7,
  "electron_correction": 3.3268779731088216E-8,
  "electron_contaminaton": false,
  "energy": "0.1-0.8nm"
}
