{
    "time_tag": "2026-05-02T10:06:00Z",
    "satellite": 18,
    "flux": 1.0994516514983843e-06,
    "observed_flux": 1.1209002650502953e-06,
    "electron_correction": 2.14486330918362e-08,
    "electron_contaminaton": false,
    "energy": "0.1-0.8nm"
}