{
  "time_tag": "2026-01-09T06:20:00Z",
  "satellite": 18,
  "flux": 6.520982083202398E-7,
  "observed_flux": 6.568955086549977E-7,
  "electron_correction": 4.797289676616856E-9,
  "electron_contaminaton": false,
  "energy": "0.1-0.8nm"
}
