{
  "time_tag": "2026-02-10T17:18:00Z",
  "satellite": 18,
  "flux": 0.0000015386573295472772,
  "observed_flux": 0.000001559708607601351,
  "electron_correction": 2.1051320686638064E-8,
  "electron_contaminaton": false,
  "energy": "0.1-0.8nm"
}
