{
    "time_tag": "2026-06-19T12:24:00Z",
    "satellite": 18,
    "flux": 6.284080313889717e-07,
    "observed_flux": 6.390337716766226e-07,
    "electron_correction": 1.0625741175829262e-08,
    "electron_contaminaton": false,
    "energy": "0.1-0.8nm"
}