{
    "time_tag": "2026-05-24T17:28:00Z",
    "satellite": 18,
    "flux": 7.513697255490115e-07,
    "observed_flux": 7.703103506173647e-07,
    "electron_correction": 1.8940633950137453e-08,
    "electron_contaminaton": false,
    "energy": "0.1-0.8nm"
}