{
  "time_tag": "2026-03-29T00:26:00Z",
  "satellite": 18,
  "flux": 9.961371461031376E-7,
  "observed_flux": 0.0000010052526704384945,
  "electron_correction": 9.115524335356895E-9,
  "electron_contaminaton": false,
  "energy": "0.1-0.8nm"
}
