{
  "time_tag": "2026-05-01T18:15:00Z",
  "satellite": 18,
  "flux": 9.136615517491009E-7,
  "observed_flux": 9.738183734953054E-7,
  "electron_correction": 6.015682174620451E-8,
  "electron_contaminaton": false,
  "energy": "0.1-0.8nm"
}
