{
    "time_tag": "2026-06-05T13:48:00Z",
    "satellite": 18,
    "flux": 1.0455839856149396e-06,
    "observed_flux": 1.0490241493243957e-06,
    "electron_correction": 3.440154827671904e-09,
    "electron_contaminaton": false,
    "energy": "0.1-0.8nm"
}