{
  "time_tag": "2026-03-14T05:24:00Z",
  "satellite": 18,
  "flux": 8.297457725348067E-7,
  "observed_flux": 8.308508085974609E-7,
  "electron_correction": 1.105036839810225E-9,
  "electron_contaminaton": false,
  "energy": "0.1-0.8nm"
}
