{
    "time_tag": "2026-06-01T23:44:00Z",
    "satellite": 18,
    "flux": 6.561303393937123e-07,
    "observed_flux": 6.857920880065649e-07,
    "electron_correction": 2.9661753941923052e-08,
    "electron_contaminaton": false,
    "energy": "0.1-0.8nm"
}