{
    "time_tag": "2026-06-21T03:50:00Z",
    "satellite": 18,
    "flux": 2.4756307084317086e-06,
    "observed_flux": 2.4871872028597863e-06,
    "electron_correction": 1.1556398504808385e-08,
    "electron_contaminaton": false,
    "energy": "0.1-0.8nm"
}