{
  "time_tag": "2026-06-18T15:46:00Z",
  "satellite": 18,
  "flux": 3.9961838638191693E-7,
  "observed_flux": 4.1317545651509135E-7,
  "electron_correction": 1.3557080791315457E-8,
  "electron_contaminaton": false,
  "energy": "0.1-0.8nm"
}
