{
  "time_tag": "2026-02-06T04:22:00Z",
  "satellite": 18,
  "flux": 0.0000012218516758366604,
  "observed_flux": 0.0000012340715329628438,
  "electron_correction": 1.2219879330643835E-8,
  "electron_contaminaton": false,
  "energy": "0.1-0.8nm"
}
