{
  "time_tag": "2026-03-20T15:43:00Z",
  "satellite": 18,
  "flux": 3.098948013757763E-7,
  "observed_flux": 3.118354356956843E-7,
  "electron_correction": 1.9406503071195402E-9,
  "electron_contaminaton": false,
  "energy": "0.1-0.8nm"
}
