{
  "time_tag": "2025-12-31T19:17:00Z",
  "satellite": 18,
  "flux": 0.0000016518400798304356,
  "observed_flux": 0.0000016585305502303527,
  "electron_correction": 6.6905085915891505E-9,
  "electron_contaminaton": false,
  "energy": "0.1-0.8nm"
}
