{
  "time_tag": "2026-01-25T15:18:00Z",
  "satellite": 18,
  "flux": 0.0000012757021750076092,
  "observed_flux": 0.0000013074013622826897,
  "electron_correction": 3.169922635493094E-8,
  "electron_contaminaton": false,
  "energy": "0.1-0.8nm"
}
