{
    "time_tag": "2026-06-12T18:36:00Z",
    "satellite": 18,
    "flux": 7.768507543914893e-07,
    "observed_flux": 8.243285947173717e-07,
    "electron_correction": 4.7477840325882426e-08,
    "electron_contaminaton": false,
    "energy": "0.1-0.8nm"
}