{
  "time_tag": "2026-03-07T19:46:00Z",
  "satellite": 18,
  "flux": 9.578376420904533E-7,
  "observed_flux": 0.0000010027332564277458,
  "electron_correction": 4.489564986442929E-8,
  "electron_contaminaton": false,
  "energy": "0.1-0.8nm"
}
