{
  "time_tag": "2026-05-24T02:12:00Z",
  "satellite": 18,
  "flux": 0.000002569121306805755,
  "observed_flux": 0.000002593814542706241,
  "electron_correction": 2.469310800279345E-8,
  "electron_contaminaton": false,
  "energy": "0.1-0.8nm"
}
