{
  "time_tag": "2026-03-11T08:26:00Z",
  "satellite": 18,
  "flux": 5.780431706625677E-7,
  "observed_flux": 5.93352865507768E-7,
  "electron_correction": 1.530973925412127E-8,
  "electron_contaminaton": false,
  "energy": "0.1-0.8nm"
}
