{
    "time_tag": "2026-06-30T14:33:00Z",
    "satellite": 18,
    "flux": 2.5216934318450512e-06,
    "observed_flux": 2.5328861283924198e-06,
    "electron_correction": 1.1192835103202015e-08,
    "electron_contaminaton": false,
    "energy": "0.1-0.8nm"
}