{
    "time_tag": "2026-04-27T16:12:00Z",
    "satellite": 18,
    "flux": 8.528617172487429e-07,
    "observed_flux": 8.62310798765975e-07,
    "electron_correction": 9.449112603476806e-09,
    "electron_contaminaton": false,
    "energy": "0.1-0.8nm"
}