{
  "time_tag": "2026-01-02T14:18:00Z",
  "satellite": 18,
  "flux": 0.0000013913675047660945,
  "observed_flux": 0.0000014259451290854486,
  "electron_correction": 3.457765629377718E-8,
  "electron_contaminaton": false,
  "energy": "0.1-0.8nm"
}
