{
  "time_tag": "2026-02-21T22:37:00Z",
  "satellite": 18,
  "flux": 3.1808332323635113E-7,
  "observed_flux": 3.3432795021326456E-7,
  "electron_correction": 1.6244628753270263E-8,
  "electron_contaminaton": false,
  "energy": "0.1-0.8nm"
}
