{
  "time_tag": "2026-06-07T19:43:00Z",
  "satellite": 18,
  "flux": 0.0000012002482208117726,
  "observed_flux": 0.0000012529183095466578,
  "electron_correction": 5.2670081629457854E-8,
  "electron_contaminaton": false,
  "energy": "0.1-0.8nm"
}
