{
  "time_tag": "2025-12-15T19:18:00Z",
  "satellite": 18,
  "flux": 5.289381874717947E-7,
  "observed_flux": 5.65976620237052E-7,
  "electron_correction": 3.703847539782146E-8,
  "electron_contaminaton": false,
  "energy": "0.1-0.8nm"
}
