{
  "time_tag": "2026-03-13T17:53:00Z",
  "satellite": 18,
  "flux": 9.729252496981644E-7,
  "observed_flux": 0.0000010156554708373733,
  "electron_correction": 4.273013942679427E-8,
  "electron_contaminaton": false,
  "energy": "0.1-0.8nm"
}
