{
  "time_tag": "2026-02-07T19:46:00Z",
  "satellite": 18,
  "flux": 0.000002203452140747686,
  "observed_flux": 0.0000022548308606928913,
  "electron_correction": 5.1378865606466206E-8,
  "electron_contaminaton": false,
  "energy": "0.1-0.8nm"
}
