{
  "time_tag": "2026-03-21T04:16:00Z",
  "satellite": 18,
  "flux": 4.0394326106252265E-7,
  "observed_flux": 4.04786220542519E-7,
  "electron_correction": 8.429690279143642E-10,
  "electron_contaminaton": false,
  "energy": "0.1-0.8nm"
}
