{
  "time_tag": "2026-05-25T23:34:00Z",
  "satellite": 18,
  "flux": 0.000002114616563630989,
  "observed_flux": 0.0000021174259927647654,
  "electron_correction": 2.8093252169014704E-9,
  "electron_contaminaton": false,
  "energy": "0.1-0.8nm"
}
