{
    "time_tag": "2026-05-29T15:16:00Z",
    "satellite": 18,
    "flux": 7.765840450701944e-07,
    "observed_flux": 8.049214557104278e-07,
    "electron_correction": 2.8337417745660787e-08,
    "electron_contaminaton": false,
    "energy": "0.1-0.8nm"
}