{
  "time_tag": "2026-01-05T03:49:00Z",
  "satellite": 18,
  "flux": 9.697324685475905E-7,
  "observed_flux": 9.734889090395882E-7,
  "electron_correction": 3.75649022998914E-9,
  "electron_contaminaton": false,
  "energy": "0.1-0.8nm"
}
