{
  "time_tag": "2026-05-05T06:11:00Z",
  "satellite": 18,
  "flux": 0.000002862122300939518,
  "observed_flux": 0.0000028913982532685623,
  "electron_correction": 2.927598075075366E-8,
  "electron_contaminaton": false,
  "energy": "0.1-0.8nm"
}
