{
  "time_tag": "2026-02-28T11:46:00Z",
  "satellite": 18,
  "flux": 0.0000011723030866050976,
  "observed_flux": 0.0000012034008705086308,
  "electron_correction": 3.109776613996473E-8,
  "electron_contaminaton": false,
  "energy": "0.1-0.8nm"
}
