{
  "time_tag": "2026-01-15T08:19:00Z",
  "satellite": 18,
  "flux": 0.0000028342362838884583,
  "observed_flux": 0.000002837396095856093,
  "electron_correction": 3.1599172167773304E-9,
  "electron_contaminaton": false,
  "energy": "0.1-0.8nm"
}
