{
  "time_tag": "2026-02-27T18:50:00Z",
  "satellite": 18,
  "flux": 8.487650688948634E-7,
  "observed_flux": 8.864938649821852E-7,
  "electron_correction": 3.772878542918079E-8,
  "electron_contaminaton": false,
  "energy": "0.1-0.8nm"
}
