{
  "time_tag": "2026-05-11T00:01:00Z",
  "satellite": 18,
  "flux": 0.0000010161082855120185,
  "observed_flux": 0.0000010345033842895646,
  "electron_correction": 1.8395066803122972E-8,
  "electron_contaminaton": false,
  "energy": "0.1-0.8nm"
}
