{
    "time_tag": "2026-06-19T19:31:00Z",
    "satellite": 18,
    "flux": 1.5076111594680697e-06,
    "observed_flux": 1.5357400116045028e-06,
    "electron_correction": 2.8128850360076285e-08,
    "electron_contaminaton": false,
    "energy": "0.1-0.8nm"
}