{
  "time_tag": "2026-07-02T08:36:00Z",
  "satellite": 18,
  "flux": 0.000003061658617298235,
  "observed_flux": 0.000003068231990255299,
  "electron_correction": 6.573503519291535E-9,
  "electron_contaminaton": false,
  "energy": "0.1-0.8nm"
}
