{
  "time_tag": "2026-02-09T13:27:00Z",
  "satellite": 18,
  "flux": 0.00000166614961472078,
  "observed_flux": 0.0000016948157508522854,
  "electron_correction": 2.8666104157082373E-8,
  "electron_contaminaton": false,
  "energy": "0.1-0.8nm"
}
