{
  "time_tag": "2026-01-12T10:19:00Z",
  "satellite": 18,
  "flux": 0.000004172837634541793,
  "observed_flux": 0.00000419250409322558,
  "electron_correction": 1.9666668293893963E-8,
  "electron_contaminaton": false,
  "energy": "0.1-0.8nm"
}
