{
  "time_tag": "2026-05-19T12:40:00Z",
  "satellite": 18,
  "flux": 4.657075010072731E-7,
  "observed_flux": 4.851083872381423E-7,
  "electron_correction": 1.9400893336296576E-8,
  "electron_contaminaton": false,
  "energy": "0.1-0.8nm"
}
