{
  "time_tag": "2025-12-23T17:18:00Z",
  "satellite": 18,
  "flux": 0.0000010291330454492709,
  "observed_flux": 0.0000011002721294062212,
  "electron_correction": 7.113903421895884E-8,
  "electron_contaminaton": false,
  "energy": "0.1-0.8nm"
}
