{
    "time_tag": "2026-06-14T16:37:00Z",
    "satellite": 18,
    "flux": 4.744300383663358e-07,
    "observed_flux": 5.186572593629535e-07,
    "electron_correction": 4.422724231289976e-08,
    "electron_contaminaton": false,
    "energy": "0.1-0.8nm"
}