{
  "time_tag": "2026-04-21T06:31:00Z",
  "satellite": 18,
  "flux": 9.810698884393787E-7,
  "observed_flux": 0.000001006263232739002,
  "electron_correction": 2.5193351405050635E-8,
  "electron_contaminaton": false,
  "energy": "0.1-0.8nm"
}
