{
  "time_tag": "2026-01-08T18:20:00Z",
  "satellite": 18,
  "flux": 0.000004217472906020703,
  "observed_flux": 0.000004226592864142731,
  "electron_correction": 9.119968780169074E-9,
  "electron_contaminaton": false,
  "energy": "0.1-0.8nm"
}
