{
    "time_tag": "2026-05-26T15:58:00Z",
    "satellite": 18,
    "flux": 9.554265716360533e-07,
    "observed_flux": 9.66065385910042e-07,
    "electron_correction": 1.0638784075922558e-08,
    "electron_contaminaton": false,
    "energy": "0.1-0.8nm"
}