{
    "time_tag": "2026-06-14T02:16:00Z",
    "satellite": 18,
    "flux": 5.122270181345812e-07,
    "observed_flux": 5.472562065733655e-07,
    "electron_correction": 3.502918488607065e-08,
    "electron_contaminaton": false,
    "energy": "0.1-0.8nm"
}