{
    "time_tag": "2026-05-08T14:45:00Z",
    "satellite": 18,
    "flux": 7.636731993443391e-07,
    "observed_flux": 7.728189643785299e-07,
    "electron_correction": 9.145760593298746e-09,
    "electron_contaminaton": false,
    "energy": "0.1-0.8nm"
}