{
  "time_tag": "2026-01-24T05:18:00Z",
  "satellite": 18,
  "flux": 0.0000027480921289679827,
  "observed_flux": 0.000002788212213999941,
  "electron_correction": 4.012004950482151E-8,
  "electron_contaminaton": false,
  "energy": "0.1-0.8nm"
}
