{
  "time_tag": "2026-06-19T21:20:00Z",
  "satellite": 18,
  "flux": 5.875716055925295E-7,
  "observed_flux": 6.190444992171251E-7,
  "electron_correction": 3.1472904282736636E-8,
  "electron_contaminaton": false,
  "energy": "0.1-0.8nm"
}
