{
  "time_tag": "2026-04-30T14:35:00Z",
  "satellite": 18,
  "flux": 0.0000010348808245908003,
  "observed_flux": 0.0000010381769470768631,
  "electron_correction": 3.2961116058771722E-9,
  "electron_contaminaton": false,
  "energy": "0.1-0.8nm"
}
