{
  "time_tag": "2026-03-06T07:40:00Z",
  "satellite": 18,
  "flux": 6.554611218234641E-7,
  "observed_flux": 6.557619940394943E-7,
  "electron_correction": 3.0089217228912446E-10,
  "electron_contaminaton": false,
  "energy": "0.1-0.8nm"
}
