{
  "time_tag": "2026-04-19T23:40:00Z",
  "satellite": 18,
  "flux": 3.7317391843316727E-7,
  "observed_flux": 4.2860520466092566E-7,
  "electron_correction": 5.543128267504471E-8,
  "electron_contaminaton": false,
  "energy": "0.1-0.8nm"
}
