{
  "time_tag": "2026-03-22T23:22:00Z",
  "satellite": 18,
  "flux": 0.0000012149218946433393,
  "observed_flux": 0.0000012168648027000017,
  "electron_correction": 1.9428791908637777E-9,
  "electron_contaminaton": false,
  "energy": "0.1-0.8nm"
}
