{
  "time_tag": "2026-01-01T00:43:00Z",
  "satellite": 18,
  "flux": 0.0000012742375474772416,
  "observed_flux": 0.0000012836002269978053,
  "electron_correction": 9.362619124431149E-9,
  "electron_contaminaton": false,
  "energy": "0.1-0.8nm"
}
