{
  "time_tag": "2026-01-26T15:20:00Z",
  "satellite": 18,
  "flux": 9.851663662630017E-7,
  "observed_flux": 0.0000010083099368785042,
  "electron_correction": 2.314356706278886E-8,
  "electron_contaminaton": false,
  "energy": "0.1-0.8nm"
}
