{
  "time_tag": "2026-04-25T21:55:00Z",
  "satellite": 18,
  "flux": 0.000002022051603489672,
  "observed_flux": 0.0000020319550912972772,
  "electron_correction": 9.90356241459267E-9,
  "electron_contaminaton": false,
  "energy": "0.1-0.8nm"
}
