{
    "time_tag": "2026-05-30T20:30:00Z",
    "satellite": 18,
    "flux": 9.101475484385446e-07,
    "observed_flux": 9.223888923770573e-07,
    "electron_correction": 1.2241333280371691e-08,
    "electron_contaminaton": false,
    "energy": "0.1-0.8nm"
}