{
  "time_tag": "2026-05-23T19:22:00Z",
  "satellite": 18,
  "flux": 0.000002505691099941032,
  "observed_flux": 0.000002537788304834976,
  "electron_correction": 3.20973647660594E-8,
  "electron_contaminaton": false,
  "energy": "0.1-0.8nm"
}
