{
  "time_tag": "2025-12-16T12:20:00Z",
  "satellite": 18,
  "flux": 5.007991035199666E-7,
  "observed_flux": 5.126494784235547E-7,
  "electron_correction": 1.1850349146413919E-8,
  "electron_contaminaton": false,
  "energy": "0.1-0.8nm"
}
