{
  "time_tag": "2025-12-19T11:17:00Z",
  "satellite": 18,
  "flux": 9.88850615613046E-7,
  "observed_flux": 0.000001022724632093741,
  "electron_correction": 3.387408042954121E-8,
  "electron_contaminaton": false,
  "energy": "0.1-0.8nm"
}
