{
  "time_tag": "2026-01-04T07:18:00Z",
  "satellite": 18,
  "flux": 0.0000015811742741789203,
  "observed_flux": 0.0000016068863715190673,
  "electron_correction": 2.571218438163214E-8,
  "electron_contaminaton": false,
  "energy": "0.1-0.8nm"
}
