{
    "time_tag": "2026-05-03T11:02:00Z",
    "satellite": 18,
    "flux": 9.828162319536204e-07,
    "observed_flux": 9.99622102426656e-07,
    "electron_correction": 1.680593797459551e-08,
    "electron_contaminaton": false,
    "energy": "0.1-0.8nm"
}