{
  "time_tag": "2025-12-22T12:20:00Z",
  "satellite": 18,
  "flux": 0.0000011029954976038425,
  "observed_flux": 0.000001117238412007282,
  "electron_correction": 1.4242863777269577E-8,
  "electron_contaminaton": false,
  "energy": "0.1-0.8nm"
}
