{
  "time_tag": "2026-01-13T04:24:00Z",
  "satellite": 18,
  "flux": 7.672921924495313E-7,
  "observed_flux": 8.195286227419274E-7,
  "electron_correction": 5.223645516139186E-8,
  "electron_contaminaton": false,
  "energy": "0.1-0.8nm"
}
