{
  "time_tag": "2026-03-05T19:57:00Z",
  "satellite": 18,
  "flux": 0.0000016839491081555025,
  "observed_flux": 0.0000017085576473618858,
  "electron_correction": 2.4608514337387533E-8,
  "electron_contaminaton": false,
  "energy": "0.1-0.8nm"
}
