{
  "time_tag": "2026-01-14T16:20:00Z",
  "satellite": 18,
  "flux": 0.0000032333914532500785,
  "observed_flux": 0.0000032874133921723114,
  "electron_correction": 5.4022098794348494E-8,
  "electron_contaminaton": false,
  "energy": "0.1-0.8nm"
}
