{
  "time_tag": "2026-02-21T20:02:00Z",
  "satellite": 18,
  "flux": 4.4176476876600645E-7,
  "observed_flux": 4.666736970193597E-7,
  "electron_correction": 2.490891048978483E-8,
  "electron_contaminaton": false,
  "energy": "0.1-0.8nm"
}
