{
  "time_tag": "2026-02-21T23:03:00Z",
  "satellite": 18,
  "flux": 3.40591327585571E-7,
  "observed_flux": 3.515005744247901E-7,
  "electron_correction": 1.090925572100332E-8,
  "electron_contaminaton": false,
  "energy": "0.1-0.8nm"
}
