{
  "time_tag": "2026-02-03T21:55:00Z",
  "satellite": 18,
  "flux": 0.000004194119810563279,
  "observed_flux": 0.000004210477982269367,
  "electron_correction": 1.6358001175831305E-8,
  "electron_contaminaton": false,
  "energy": "0.1-0.8nm"
}
