{
    "time_tag": "2026-05-05T11:18:00Z",
    "satellite": 18,
    "flux": 7.917753350739076e-07,
    "observed_flux": 8.231227184296586e-07,
    "electron_correction": 3.134737625032358e-08,
    "electron_contaminaton": false,
    "energy": "0.1-0.8nm"
}