{
    "time_tag": "2026-05-09T21:26:00Z",
    "satellite": 18,
    "flux": 9.370132829644717e-07,
    "observed_flux": 9.618988769943826e-07,
    "electron_correction": 2.4885641991545526e-08,
    "electron_contaminaton": false,
    "energy": "0.1-0.8nm"
}