{
  "time_tag": "2026-01-10T04:20:00Z",
  "satellite": 18,
  "flux": 4.240302189373324E-7,
  "observed_flux": 4.292654693927034E-7,
  "electron_correction": 5.2352540080846666E-9,
  "electron_contaminaton": false,
  "energy": "0.1-0.8nm"
}
