{
  "time_tag": "2026-06-06T21:04:00Z",
  "satellite": 18,
  "flux": 0.0000011067320428992389,
  "observed_flux": 0.0000011584826324906317,
  "electron_correction": 5.175061446038853E-8,
  "electron_contaminaton": false,
  "energy": "0.1-0.8nm"
}
