{
  "time_tag": "2026-05-08T01:12:00Z",
  "satellite": 18,
  "flux": 6.706678163936886E-7,
  "observed_flux": 6.838188824076497E-7,
  "electron_correction": 1.3151039368608508E-8,
  "electron_contaminaton": false,
  "energy": "0.1-0.8nm"
}
