{
    "time_tag": "2026-05-19T19:54:00Z",
    "satellite": 18,
    "flux": 6.944398478481162e-07,
    "observed_flux": 7.532667609666532e-07,
    "electron_correction": 5.8826895354968656e-08,
    "electron_contaminaton": false,
    "energy": "0.1-0.8nm"
}