{
  "time_tag": "2026-03-08T20:03:00Z",
  "satellite": 18,
  "flux": 7.355102411565895E-7,
  "observed_flux": 7.925295903987717E-7,
  "electron_correction": 5.701934568946854E-8,
  "electron_contaminaton": false,
  "energy": "0.1-0.8nm"
}
