{
  "time_tag": "2026-02-08T07:43:00Z",
  "satellite": 18,
  "flux": 0.000005726275958295446,
  "observed_flux": 0.000005754489393439144,
  "electron_correction": 2.8213413827415934E-8,
  "electron_contaminaton": false,
  "energy": "0.1-0.8nm"
}
