{
  "time_tag": "2026-03-09T03:35:00Z",
  "satellite": 18,
  "flux": 7.043579444143688E-7,
  "observed_flux": 7.316996288864175E-7,
  "electron_correction": 2.734170045926021E-8,
  "electron_contaminaton": false,
  "energy": "0.1-0.8nm"
}
