{
  "time_tag": "2026-01-19T02:54:00Z",
  "satellite": 18,
  "flux": 0.0000040325926420337055,
  "observed_flux": 0.000004079864083905704,
  "electron_correction": 4.727115410219085E-8,
  "electron_contaminaton": false,
  "energy": "0.1-0.8nm"
}
