{
  "time_tag": "2026-06-26T03:41:00Z",
  "satellite": 18,
  "flux": 0.00000109511472601298,
  "observed_flux": 0.0000011375408348612837,
  "electron_correction": 4.2426087532021484E-8,
  "electron_contaminaton": false,
  "energy": "0.1-0.8nm"
}
