{
  "time_tag": "2026-01-04T01:48:00Z",
  "satellite": 18,
  "flux": 0.000001084899963643693,
  "observed_flux": 0.000001127490463659342,
  "electron_correction": 4.259042896137544E-8,
  "electron_contaminaton": false,
  "energy": "0.1-0.8nm"
}
