{
  "time_tag": "2026-01-27T09:21:00Z",
  "satellite": 18,
  "flux": 0.0000016204577377720852,
  "observed_flux": 0.0000016370806861232268,
  "electron_correction": 1.6623022958128786E-8,
  "electron_contaminaton": false,
  "energy": "0.1-0.8nm"
}
