{
    "time_tag": "2026-05-31T19:28:00Z",
    "satellite": 18,
    "flux": 8.208211852434033e-07,
    "observed_flux": 8.791218988335459e-07,
    "electron_correction": 5.8300727800997265e-08,
    "electron_contaminaton": false,
    "energy": "0.1-0.8nm"
}