{
    "time_tag": "2026-06-03T00:05:00Z",
    "satellite": 18,
    "flux": 1.0994776857842226e-06,
    "observed_flux": 1.1317778216834995e-06,
    "electron_correction": 3.230013589927694e-08,
    "electron_contaminaton": false,
    "energy": "0.1-0.8nm"
}