{
    "time_tag": "2026-05-24T22:11:00Z",
    "satellite": 18,
    "flux": 9.609673270460917e-07,
    "observed_flux": 9.744521776156034e-07,
    "electron_correction": 1.3484915406536402e-08,
    "electron_contaminaton": false,
    "energy": "0.1-0.8nm"
}