{
  "time_tag": "2026-02-28T21:33:00Z",
  "satellite": 18,
  "flux": 0.0000046798081712040585,
  "observed_flux": 0.000004740128588309744,
  "electron_correction": 6.032045973825007E-8,
  "electron_contaminaton": false,
  "energy": "0.1-0.8nm"
}
