{
  "time_tag": "2025-12-10T12:24:00Z",
  "satellite": 18,
  "flux": 0.000002378889121246175,
  "observed_flux": 0.0000023816990051273024,
  "electron_correction": 2.8099436111261866E-9,
  "electron_contaminaton": false,
  "energy": "0.1-0.8nm"
}
