{
  "time_tag": "2026-01-09T20:18:00Z",
  "satellite": 18,
  "flux": 5.15057593020174E-7,
  "observed_flux": 5.448372917271627E-7,
  "electron_correction": 2.9779689825204514E-8,
  "electron_contaminaton": false,
  "energy": "0.1-0.8nm"
}
