{
  "time_tag": "2026-02-19T15:00:00Z",
  "satellite": 18,
  "flux": 4.1326239852423896E-7,
  "observed_flux": 4.3765172108578554E-7,
  "electron_correction": 2.4389336772401293E-8,
  "electron_contaminaton": false,
  "energy": "0.1-0.8nm"
}
