{
  "time_tag": "2026-02-02T10:29:00Z",
  "satellite": 18,
  "flux": 0.00001751239142322447,
  "observed_flux": 0.000017519389075459912,
  "electron_correction": 6.998153168069621E-9,
  "electron_contaminaton": false,
  "energy": "0.1-0.8nm"
}
