{
  "time_tag": "2026-01-28T08:20:00Z",
  "satellite": 18,
  "flux": 8.460793878839468E-7,
  "observed_flux": 8.468362580060784E-7,
  "electron_correction": 7.568830562298956E-10,
  "electron_contaminaton": false,
  "energy": "0.1-0.8nm"
}
