{
  "time_tag": "2025-12-20T10:17:00Z",
  "satellite": 18,
  "flux": 0.0000012209966371301562,
  "observed_flux": 0.0000012397026694088709,
  "electron_correction": 1.8706080240349365E-8,
  "electron_contaminaton": false,
  "energy": "0.1-0.8nm"
}
