{
    "time_tag": "2026-06-27T14:04:00Z",
    "satellite": 18,
    "flux": 1.4928152722859522e-06,
    "observed_flux": 1.5337338936660672e-06,
    "electron_correction": 4.091858940569182e-08,
    "electron_contaminaton": false,
    "energy": "0.1-0.8nm"
}