{
  "time_tag": "2026-03-27T11:28:00Z",
  "satellite": 18,
  "flux": 0.000003558554681148962,
  "observed_flux": 0.000003585442073017475,
  "electron_correction": 2.6887253312679604E-8,
  "electron_contaminaton": false,
  "energy": "0.1-0.8nm"
}
