{
    "time_tag": "2026-05-27T19:48:00Z",
    "satellite": 18,
    "flux": 8.092845860119269e-07,
    "observed_flux": 8.394205792683351e-07,
    "electron_correction": 3.013598259826722e-08,
    "electron_contaminaton": false,
    "energy": "0.1-0.8nm"
}