{
  "time_tag": "2026-03-06T05:45:00Z",
  "satellite": 18,
  "flux": 7.383598585875006E-7,
  "observed_flux": 7.39726544907171E-7,
  "electron_correction": 1.3666958675884189E-9,
  "electron_contaminaton": false,
  "energy": "0.1-0.8nm"
}
