{
    "time_tag": "2026-04-26T06:59:00Z",
    "satellite": 18,
    "flux": 1.0687504072848242e-06,
    "observed_flux": 1.0696325034587062e-06,
    "electron_correction": 8.821354757770905e-10,
    "electron_contaminaton": false,
    "energy": "0.1-0.8nm"
}