{
    "time_tag": "2026-05-30T13:47:00Z",
    "satellite": 18,
    "flux": 8.049757411754399e-07,
    "observed_flux": 8.220897029787011e-07,
    "electron_correction": 1.711393338155176e-08,
    "electron_contaminaton": false,
    "energy": "0.1-0.8nm"
}