{
  "time_tag": "2026-01-30T03:55:00Z",
  "satellite": 18,
  "flux": 0.000001170814357465133,
  "observed_flux": 0.0000012420937309798319,
  "electron_correction": 7.12793095658526E-8,
  "electron_contaminaton": false,
  "energy": "0.1-0.8nm"
}
