{
  "time_tag": "2026-04-21T04:05:00Z",
  "satellite": 18,
  "flux": 4.060957792262343E-7,
  "observed_flux": 4.2036774061671167E-7,
  "electron_correction": 1.4271961390477372E-8,
  "electron_contaminaton": false,
  "energy": "0.1-0.8nm"
}
