{
  "time_tag": "2026-05-09T00:02:00Z",
  "satellite": 18,
  "flux": 6.582542368960276E-7,
  "observed_flux": 7.002552138146712E-7,
  "electron_correction": 4.200098757678461E-8,
  "electron_contaminaton": false,
  "energy": "0.1-0.8nm"
}
