{
    "time_tag": "2026-05-01T12:06:00Z",
    "satellite": 18,
    "flux": 1.0083266488436493e-06,
    "observed_flux": 1.0372943961556302e-06,
    "electron_correction": 2.8967731324769375e-08,
    "electron_contaminaton": false,
    "energy": "0.1-0.8nm"
}