{
  "time_tag": "2026-02-24T20:48:00Z",
  "satellite": 18,
  "flux": 0.0000014812065955993603,
  "observed_flux": 0.000001550041474729369,
  "electron_correction": 6.883479386488034E-8,
  "electron_contaminaton": false,
  "energy": "0.1-0.8nm"
}
