{
  "time_tag": "2026-05-11T08:43:00Z",
  "satellite": 18,
  "flux": 9.948830665962305E-7,
  "observed_flux": 0.0000010016185569838854,
  "electron_correction": 6.735449975536767E-9,
  "electron_contaminaton": false,
  "energy": "0.1-0.8nm"
}
