{
    "time_tag": "2026-05-26T13:34:00Z",
    "satellite": 18,
    "flux": 9.498607482782973e-07,
    "observed_flux": 9.559063300912385e-07,
    "electron_correction": 6.045614675542765e-09,
    "electron_contaminaton": false,
    "energy": "0.1-0.8nm"
}