{
    "time_tag": "2026-06-14T14:30:00Z",
    "satellite": 18,
    "flux": 5.752165179728763e-07,
    "observed_flux": 6.026655228197342e-07,
    "electron_correction": 2.744904037399465e-08,
    "electron_contaminaton": false,
    "energy": "0.1-0.8nm"
}