{
  "time_tag": "2026-03-21T22:50:00Z",
  "satellite": 18,
  "flux": 4.067692884746066E-7,
  "observed_flux": 4.3227129253864405E-7,
  "electron_correction": 2.550199162953959E-8,
  "electron_contaminaton": false,
  "energy": "0.1-0.8nm"
}
