{
    "time_tag": "2026-06-19T18:53:00Z",
    "satellite": 18,
    "flux": 5.615138434222899e-07,
    "observed_flux": 5.860339342689258e-07,
    "electron_correction": 2.452005354314224e-08,
    "electron_contaminaton": false,
    "energy": "0.1-0.8nm"
}