{
  "time_tag": "2026-05-17T14:46:00Z",
  "satellite": 18,
  "flux": 6.342366418721213E-7,
  "observed_flux": 6.909342573635513E-7,
  "electron_correction": 5.669759772786165E-8,
  "electron_contaminaton": false,
  "energy": "0.1-0.8nm"
}
