{
  "time_tag": "2026-02-04T18:48:00Z",
  "satellite": 18,
  "flux": 0.000001800554059627757,
  "observed_flux": 0.0000018107951973433956,
  "electron_correction": 1.0241178571845921E-8,
  "electron_contaminaton": false,
  "energy": "0.1-0.8nm"
}
