{
  "time_tag": "2026-02-07T11:46:00Z",
  "satellite": 18,
  "flux": 0.000002091557234962238,
  "observed_flux": 0.0000021199157345108688,
  "electron_correction": 2.835837875636571E-8,
  "electron_contaminaton": false,
  "energy": "0.1-0.8nm"
}
