{
  "time_tag": "2026-06-26T13:13:00Z",
  "satellite": 18,
  "flux": 0.000002370221636738279,
  "observed_flux": 0.0000024036150989559246,
  "electron_correction": 3.339333787266696E-8,
  "electron_contaminaton": false,
  "energy": "0.1-0.8nm"
}
