{
  "time_tag": "2026-06-14T14:58:00Z",
  "satellite": 18,
  "flux": 5.538353775591531E-7,
  "observed_flux": 5.832818601447798E-7,
  "electron_correction": 2.944649857283821E-8,
  "electron_contaminaton": false,
  "energy": "0.1-0.8nm"
}
