{
    "time_tag": "2026-06-06T23:26:00Z",
    "satellite": 18,
    "flux": 1.1851161616505124e-06,
    "observed_flux": 1.2351298437351943e-06,
    "electron_correction": 5.001362879397675e-08,
    "electron_contaminaton": false,
    "energy": "0.1-0.8nm"
}