{
    "time_tag": "2026-06-14T15:55:00Z",
    "satellite": 18,
    "flux": 5.113417955726618e-07,
    "observed_flux": 5.442271344691108e-07,
    "electron_correction": 3.2885346001876314e-08,
    "electron_contaminaton": false,
    "energy": "0.1-0.8nm"
}