{
  "time_tag": "2026-02-01T05:39:00Z",
  "satellite": 18,
  "flux": 0.0000039877368180896156,
  "observed_flux": 0.000004017270839540288,
  "electron_correction": 2.9534012568888102E-8,
  "electron_contaminaton": false,
  "energy": "0.1-0.8nm"
}
