{
  "time_tag": "2026-04-22T20:06:00Z",
  "satellite": 18,
  "flux": 0.0000010894704018937773,
  "observed_flux": 0.0000011376590691725141,
  "electron_correction": 4.8188649515168436E-8,
  "electron_contaminaton": false,
  "energy": "0.1-0.8nm"
}
