{
  "time_tag": "2026-02-04T17:59:00Z",
  "satellite": 18,
  "flux": 0.0000014143038242764305,
  "observed_flux": 0.0000014252011624193983,
  "electron_correction": 1.0897369229212472E-8,
  "electron_contaminaton": false,
  "energy": "0.1-0.8nm"
}
