{
  "time_tag": "2026-02-09T02:34:00Z",
  "satellite": 18,
  "flux": 0.000020364463125588372,
  "observed_flux": 0.000020382311049615964,
  "electron_correction": 1.7847421318606393E-8,
  "electron_contaminaton": false,
  "energy": "0.1-0.8nm"
}
