{
  "time_tag": "2026-02-27T22:50:00Z",
  "satellite": 18,
  "flux": 8.462266123387963E-7,
  "observed_flux": 8.996829592433642E-7,
  "electron_correction": 5.345631848285848E-8,
  "electron_contaminaton": false,
  "energy": "0.1-0.8nm"
}
