{
  "time_tag": "2025-12-05T11:20:00Z",
  "satellite": 18,
  "flux": 0.0000018203318177256733,
  "observed_flux": 0.0000018292762433702592,
  "electron_correction": 8.944444296332676E-9,
  "electron_contaminaton": false,
  "energy": "0.1-0.8nm"
}
