{
  "time_tag": "2026-05-05T02:56:00Z",
  "satellite": 18,
  "flux": 8.298014222418715E-7,
  "observed_flux": 8.410685836679477E-7,
  "electron_correction": 1.1267135668902029E-8,
  "electron_contaminaton": false,
  "energy": "0.1-0.8nm"
}
