{
  "time_tag": "2026-06-27T11:58:00Z",
  "satellite": 18,
  "flux": 0.0000020295442482165527,
  "observed_flux": 0.0000020650077203754336,
  "electron_correction": 3.5463379788325256E-8,
  "electron_contaminaton": false,
  "energy": "0.1-0.8nm"
}
