{
  "time_tag": "2025-12-26T01:47:00Z",
  "satellite": 18,
  "flux": 0.0000016531211031178827,
  "observed_flux": 0.0000016904116364457877,
  "electron_correction": 3.729055464418707E-8,
  "electron_contaminaton": false,
  "energy": "0.1-0.8nm"
}
