{
  "time_tag": "2026-05-30T10:34:00Z",
  "satellite": 18,
  "flux": 7.70489918977546E-7,
  "observed_flux": 7.835471933503868E-7,
  "electron_correction": 1.3057297465479678E-8,
  "electron_contaminaton": false,
  "energy": "0.1-0.8nm"
}
