{
  "time_tag": "2026-03-25T21:48:00Z",
  "satellite": 18,
  "flux": 0.000001218077613884816,
  "observed_flux": 0.0000012739687917928677,
  "electron_correction": 5.589116724991072E-8,
  "electron_contaminaton": false,
  "energy": "0.1-0.8nm"
}
