{
  "time_tag": "2026-05-02T06:10:00Z",
  "satellite": 18,
  "flux": 0.0000010774930387924542,
  "observed_flux": 0.00000110064343061822,
  "electron_correction": 2.3150361627699567E-8,
  "electron_contaminaton": false,
  "energy": "0.1-0.8nm"
}
