{
  "time_tag": "2025-12-21T02:50:00Z",
  "satellite": 18,
  "flux": 0.0000012512747389337164,
  "observed_flux": 0.000001259432337974431,
  "electron_correction": 8.157513775586267E-9,
  "electron_contaminaton": false,
  "energy": "0.1-0.8nm"
}
