{
    "time_tag": "2026-05-12T18:07:00Z",
    "satellite": 18,
    "flux": 7.439258524755132e-07,
    "observed_flux": 7.559900154774368e-07,
    "electron_correction": 1.2064147902890454e-08,
    "electron_contaminaton": false,
    "energy": "0.1-0.8nm"
}