{
  "time_tag": "2026-05-01T12:35:00Z",
  "satellite": 18,
  "flux": 9.238432312486111E-7,
  "observed_flux": 9.512725114291243E-7,
  "electron_correction": 2.742927840415632E-8,
  "electron_contaminaton": false,
  "energy": "0.1-0.8nm"
}
