{
    "time_tag": "2026-05-17T22:16:00Z",
    "satellite": 18,
    "flux": 8.492958158967667e-07,
    "observed_flux": 9.167879966298642e-07,
    "electron_correction": 6.74921452059607e-08,
    "electron_contaminaton": false,
    "energy": "0.1-0.8nm"
}