{
  "time_tag": "2026-03-12T11:11:00Z",
  "satellite": 18,
  "flux": 0.0000016103418829516158,
  "observed_flux": 0.0000016237976296906709,
  "electron_correction": 1.3455768943515523E-8,
  "electron_contaminaton": false,
  "energy": "0.1-0.8nm"
}
