{
  "time_tag": "2026-04-21T17:32:00Z",
  "satellite": 18,
  "flux": 6.681775630568154E-7,
  "observed_flux": 7.742634693386208E-7,
  "electron_correction": 1.0608589917637801E-7,
  "electron_contaminaton": false,
  "energy": "0.1-0.8nm"
}
