{
  "time_tag": "2026-03-24T11:57:00Z",
  "satellite": 18,
  "flux": 6.611156777580618E-7,
  "observed_flux": 7.124781973288918E-7,
  "electron_correction": 5.1362519570830045E-8,
  "electron_contaminaton": false,
  "energy": "0.1-0.8nm"
}
