{
  "time_tag": "2026-06-27T21:04:00Z",
  "satellite": 18,
  "flux": 0.0000072452062340744305,
  "observed_flux": 0.000007300063771253917,
  "electron_correction": 5.4857810738440094E-8,
  "electron_contaminaton": false,
  "energy": "0.1-0.8nm"
}
