{
  "time_tag": "2026-06-12T17:58:00Z",
  "satellite": 18,
  "flux": 8.548327627977415E-7,
  "observed_flux": 8.932821060625429E-7,
  "electron_correction": 3.844935747565614E-8,
  "electron_contaminaton": false,
  "energy": "0.1-0.8nm"
}
