{
  "time_tag": "2026-04-18T08:00:00Z",
  "satellite": 18,
  "flux": 5.712884671993379E-7,
  "observed_flux": 5.731678243137139E-7,
  "electron_correction": 1.8793278044881845E-9,
  "electron_contaminaton": false,
  "energy": "0.1-0.8nm"
}
