{
  "time_tag": "2026-06-01T01:23:00Z",
  "satellite": 18,
  "flux": 7.283799163815274E-7,
  "observed_flux": 7.616984589731146E-7,
  "electron_correction": 3.331855324972821E-8,
  "electron_contaminaton": false,
  "energy": "0.1-0.8nm"
}
