{
  "time_tag": "2026-03-14T05:45:00Z",
  "satellite": 18,
  "flux": 7.798662409186363E-7,
  "observed_flux": 7.808460509295401E-7,
  "electron_correction": 9.798174493980127E-10,
  "electron_contaminaton": false,
  "energy": "0.1-0.8nm"
}
