{
    "time_tag": "2026-04-23T17:53:00Z",
    "satellite": 18,
    "flux": 1.904952682707517e-06,
    "observed_flux": 1.941765049195965e-06,
    "electron_correction": 3.6812313197742697e-08,
    "electron_contaminaton": false,
    "energy": "0.1-0.8nm"
}