{
  "time_tag": "2026-03-18T02:37:00Z",
  "satellite": 18,
  "flux": 5.971412520011654E-7,
  "observed_flux": 6.289196790021379E-7,
  "electron_correction": 3.17784341063998E-8,
  "electron_contaminaton": false,
  "energy": "0.1-0.8nm"
}
