{
    "time_tag": "2026-04-25T17:38:00Z",
    "satellite": 18,
    "flux": 1.4387029523277306e-06,
    "observed_flux": 1.451576622457651e-06,
    "electron_correction": 1.2873612398323075e-08,
    "electron_contaminaton": false,
    "energy": "0.1-0.8nm"
}