{
    "time_tag": "2026-04-26T21:16:00Z",
    "satellite": 18,
    "flux": 4.539210749499034e-06,
    "observed_flux": 4.5781007429468445e-06,
    "electron_correction": 3.8889712783429786e-08,
    "electron_contaminaton": false,
    "energy": "0.1-0.8nm"
}