{
  "time_tag": "2026-04-23T20:43:00Z",
  "satellite": 18,
  "flux": 0.000001230578163813334,
  "observed_flux": 0.0000012757392369167064,
  "electron_correction": 4.516105533980408E-8,
  "electron_contaminaton": false,
  "energy": "0.1-0.8nm"
}
