{
  "time_tag": "2026-02-08T14:37:00Z",
  "satellite": 18,
  "flux": 0.000004452376288099913,
  "observed_flux": 0.000004494623681239318,
  "electron_correction": 4.224700234090051E-8,
  "electron_contaminaton": false,
  "energy": "0.1-0.8nm"
}
