{
    "time_tag": "2026-06-28T21:05:00Z",
    "satellite": 18,
    "flux": 2.7073137971456163e-06,
    "observed_flux": 2.750401336015784e-06,
    "electron_correction": 4.308762768800989e-08,
    "electron_contaminaton": false,
    "energy": "0.1-0.8nm"
}