{
  "time_tag": "2026-06-12T02:16:00Z",
  "satellite": 18,
  "flux": 0.0000045052925088384654,
  "observed_flux": 0.000004510374310484622,
  "electron_correction": 5.081979725929386E-9,
  "electron_contaminaton": false,
  "energy": "0.1-0.8nm"
}
