{
  "time_tag": "2026-06-07T20:21:00Z",
  "satellite": 18,
  "flux": 9.143726629190496E-7,
  "observed_flux": 9.652904964241316E-7,
  "electron_correction": 5.091784771593666E-8,
  "electron_contaminaton": false,
  "energy": "0.1-0.8nm"
}
