{
    "time_tag": "2026-04-24T22:08:00Z",
    "satellite": 18,
    "flux": 2.178941485908581e-06,
    "observed_flux": 2.1990581444697455e-06,
    "electron_correction": 2.0116512899903682e-08,
    "electron_contaminaton": false,
    "energy": "0.1-0.8nm"
}