{
  "time_tag": "2025-12-05T23:21:00Z",
  "satellite": 18,
  "flux": 0.0000032100833777803928,
  "observed_flux": 0.0000032654411370458547,
  "electron_correction": 5.5357823214308155E-8,
  "electron_contaminaton": false,
  "energy": "0.1-0.8nm"
}
