{
  "time_tag": "2026-05-09T13:45:00Z",
  "satellite": 18,
  "flux": 8.247212122114433E-7,
  "observed_flux": 8.439648695457436E-7,
  "electron_correction": 1.9243655557943384E-8,
  "electron_contaminaton": false,
  "energy": "0.1-0.8nm"
}
