{
  "time_tag": "2025-12-17T23:18:00Z",
  "satellite": 18,
  "flux": 8.052498401411867E-7,
  "observed_flux": 8.404370532844041E-7,
  "electron_correction": 3.518723090678577E-8,
  "electron_contaminaton": false,
  "energy": "0.1-0.8nm"
}
