{
    "time_tag": "2026-06-25T10:48:00Z",
    "satellite": 18,
    "flux": 1.1066239267165656e-06,
    "observed_flux": 1.1159191899423604e-06,
    "electron_correction": 9.29523391590692e-09,
    "electron_contaminaton": false,
    "energy": "0.1-0.8nm"
}