{
  "time_tag": "2026-05-24T03:40:00Z",
  "satellite": 18,
  "flux": 0.0000013848737125954358,
  "observed_flux": 0.000001404316662956262,
  "electron_correction": 1.944294325539886E-8,
  "electron_contaminaton": false,
  "energy": "0.1-0.8nm"
}
