{
  "time_tag": "2026-04-27T07:34:00Z",
  "satellite": 18,
  "flux": 0.0000012983296073798556,
  "observed_flux": 0.0000013016106095165014,
  "electron_correction": 3.2810447692099842E-9,
  "electron_contaminaton": false,
  "energy": "0.1-0.8nm"
}
