{
    "time_tag": "2026-05-05T21:35:00Z",
    "satellite": 18,
    "flux": 6.844149424978241e-07,
    "observed_flux": 7.432584538946685e-07,
    "electron_correction": 5.884352205498544e-08,
    "electron_contaminaton": false,
    "energy": "0.1-0.8nm"
}