{
  "time_tag": "2026-05-25T21:09:00Z",
  "satellite": 18,
  "flux": 0.000001850561943683715,
  "observed_flux": 0.0000018573114175524097,
  "electron_correction": 6.7494876354601274E-9,
  "electron_contaminaton": false,
  "energy": "0.1-0.8nm"
}
