{
  "time_tag": "2026-06-21T18:02:00Z",
  "satellite": 18,
  "flux": 9.642373015594785E-7,
  "observed_flux": 9.809915582081885E-7,
  "electron_correction": 1.6754297504917304E-8,
  "electron_contaminaton": false,
  "energy": "0.1-0.8nm"
}
