{
    "time_tag": "2026-05-08T16:57:00Z",
    "satellite": 18,
    "flux": 6.924422564225097e-07,
    "observed_flux": 7.115619382602745e-07,
    "electron_correction": 1.911965519241221e-08,
    "electron_contaminaton": false,
    "energy": "0.1-0.8nm"
}