{
    "time_tag": "2026-05-29T16:35:00Z",
    "satellite": 18,
    "flux": 6.934484417797648e-07,
    "observed_flux": 7.292356940524769e-07,
    "electron_correction": 3.57872629308531e-08,
    "electron_contaminaton": false,
    "energy": "0.1-0.8nm"
}