{
  "time_tag": "2026-02-28T22:48:00Z",
  "satellite": 18,
  "flux": 0.0000011993662383247283,
  "observed_flux": 0.0000012609148143383209,
  "electron_correction": 6.15486328570114E-8,
  "electron_contaminaton": false,
  "energy": "0.1-0.8nm"
}
