{
  "time_tag": "2026-06-26T22:37:00Z",
  "satellite": 18,
  "flux": 0.0000013500834938895423,
  "observed_flux": 0.000001422254399585654,
  "electron_correction": 7.217097675038531E-8,
  "electron_contaminaton": false,
  "energy": "0.1-0.8nm"
}
