{
  "time_tag": "2026-01-05T07:20:00Z",
  "satellite": 18,
  "flux": 0.0000012080836313543841,
  "observed_flux": 0.000001212896904689842,
  "electron_correction": 4.8132404728562506E-9,
  "electron_contaminaton": false,
  "energy": "0.1-0.8nm"
}
