{
    "time_tag": "2026-05-03T18:41:00Z",
    "satellite": 18,
    "flux": 1.0831362260432797e-06,
    "observed_flux": 1.1202154155398603e-06,
    "electron_correction": 3.707910067873854e-08,
    "electron_contaminaton": false,
    "energy": "0.1-0.8nm"
}