{
  "time_tag": "2026-06-28T15:40:00Z",
  "satellite": 18,
  "flux": 0.0000016245144252025057,
  "observed_flux": 0.0000016616426137261442,
  "electron_correction": 3.7128231156202673E-8,
  "electron_contaminaton": false,
  "energy": "0.1-0.8nm"
}
