{
  "time_tag": "2026-02-17T19:43:00Z",
  "satellite": 18,
  "flux": 6.115443511589547E-7,
  "observed_flux": 6.680782007606467E-7,
  "electron_correction": 5.65338247326963E-8,
  "electron_contaminaton": false,
  "energy": "0.1-0.8nm"
}
