{
  "time_tag": "2026-02-25T11:25:00Z",
  "satellite": 18,
  "flux": 0.0000037704248825320974,
  "observed_flux": 0.000003817797733063344,
  "electron_correction": 4.737298553436631E-8,
  "electron_contaminaton": false,
  "energy": "0.1-0.8nm"
}
