{
  "time_tag": "2026-02-18T01:35:00Z",
  "satellite": 18,
  "flux": 4.693390280863241E-7,
  "observed_flux": 5.267452252155636E-7,
  "electron_correction": 5.740618291838473E-8,
  "electron_contaminaton": false,
  "energy": "0.1-0.8nm"
}
