{
  "time_tag": "2026-07-01T15:53:00Z",
  "satellite": 18,
  "flux": 0.000004377010554890148,
  "observed_flux": 0.000004389194600662449,
  "electron_correction": 1.2183882347471808E-8,
  "electron_contaminaton": false,
  "energy": "0.1-0.8nm"
}
