{
    "time_tag": "2026-04-25T20:20:00Z",
    "satellite": 18,
    "flux": 1.5412274478876498e-06,
    "observed_flux": 1.5565940429951297e-06,
    "electron_correction": 1.5366525829563216e-08,
    "electron_contaminaton": false,
    "energy": "0.1-0.8nm"
}