{
  "time_tag": "2025-12-26T16:18:00Z",
  "satellite": 18,
  "flux": 0.0000015391804026876343,
  "observed_flux": 0.000001596868060005363,
  "electron_correction": 5.768765376501506E-8,
  "electron_contaminaton": false,
  "energy": "0.1-0.8nm"
}
