{
  "time_tag": "2026-01-03T00:36:00Z",
  "satellite": 18,
  "flux": 0.0000011052843547076918,
  "observed_flux": 0.0000011548349903023336,
  "electron_correction": 4.9550653358210184E-8,
  "electron_contaminaton": false,
  "energy": "0.1-0.8nm"
}
