{
  "time_tag": "2026-01-05T21:18:00Z",
  "satellite": 18,
  "flux": 0.000001204333557325299,
  "observed_flux": 0.0000012553658734759665,
  "electron_correction": 5.103229838709922E-8,
  "electron_contaminaton": false,
  "energy": "0.1-0.8nm"
}
