{
  "time_tag": "2025-12-21T15:17:00Z",
  "satellite": 18,
  "flux": 0.0000011768793228839058,
  "observed_flux": 0.0000011991968449365231,
  "electron_correction": 2.2317586001463496E-8,
  "electron_contaminaton": false,
  "energy": "0.1-0.8nm"
}
