{
    "time_tag": "2026-05-03T15:50:00Z",
    "satellite": 18,
    "flux": 9.503921774012269e-07,
    "observed_flux": 9.826100040299934e-07,
    "electron_correction": 3.221790478846742e-08,
    "electron_contaminaton": false,
    "energy": "0.1-0.8nm"
}