{
  "time_tag": "2026-05-10T16:29:00Z",
  "satellite": 18,
  "flux": 0.0000020828319975407794,
  "observed_flux": 0.0000020997720184823265,
  "electron_correction": 1.6940010283406082E-8,
  "electron_contaminaton": false,
  "energy": "0.1-0.8nm"
}
