{
  "time_tag": "2026-02-01T07:25:00Z",
  "satellite": 18,
  "flux": 0.000005375837190513266,
  "observed_flux": 0.000005403098839451559,
  "electron_correction": 2.7261735979777768E-8,
  "electron_contaminaton": false,
  "energy": "0.1-0.8nm"
}
