{
    "time_tag": "2026-05-03T10:20:00Z",
    "satellite": 18,
    "flux": 9.851606819211156e-07,
    "observed_flux": 1.00051158824499e-06,
    "electron_correction": 1.535090810023121e-08,
    "electron_contaminaton": false,
    "energy": "0.1-0.8nm"
}