{
  "time_tag": "2026-03-27T23:53:00Z",
  "satellite": 18,
  "flux": 0.0000011865602118632523,
  "observed_flux": 0.0000012040595720463898,
  "electron_correction": 1.7499340643212236E-8,
  "electron_contaminaton": false,
  "energy": "0.1-0.8nm"
}
