{
  "time_tag": "2026-03-06T23:50:00Z",
  "satellite": 18,
  "flux": 6.982223226259521E-7,
  "observed_flux": 7.037971272438881E-7,
  "electron_correction": 5.5747779725834334E-9,
  "electron_contaminaton": false,
  "energy": "0.1-0.8nm"
}
