{
  "time_tag": "2026-02-06T12:27:00Z",
  "satellite": 18,
  "flux": 0.0000017283255147049204,
  "observed_flux": 0.0000017501614593129489,
  "electron_correction": 2.1835971253381103E-8,
  "electron_contaminaton": false,
  "energy": "0.1-0.8nm"
}
