{
  "time_tag": "2026-06-26T06:32:00Z",
  "satellite": 18,
  "flux": 0.0000012847813195548952,
  "observed_flux": 0.0000013052650729150628,
  "electron_correction": 2.048375336016761E-8,
  "electron_contaminaton": false,
  "energy": "0.1-0.8nm"
}
