{
    "time_tag": "2026-05-13T18:05:00Z",
    "satellite": 18,
    "flux": 1.4169722817314323e-06,
    "observed_flux": 1.4216474255590583e-06,
    "electron_correction": 4.675114517738166e-09,
    "electron_contaminaton": false,
    "energy": "0.1-0.8nm"
}