{
  "time_tag": "2026-01-14T02:53:00Z",
  "satellite": 18,
  "flux": 8.531931143807014E-7,
  "observed_flux": 8.940366456045012E-7,
  "electron_correction": 4.084352411837244E-8,
  "electron_contaminaton": false,
  "energy": "0.1-0.8nm"
}
