{
    "time_tag": "2026-05-26T22:23:00Z",
    "satellite": 18,
    "flux": 1.0650956028257497e-06,
    "observed_flux": 1.0725009360612603e-06,
    "electron_correction": 7.4053700949150425e-09,
    "electron_contaminaton": false,
    "energy": "0.1-0.8nm"
}