{
  "time_tag": "2026-06-24T14:51:00Z",
  "satellite": 18,
  "flux": 0.000002743184495557216,
  "observed_flux": 0.0000027467474410514114,
  "electron_correction": 3.5628926475794742E-9,
  "electron_contaminaton": false,
  "energy": "0.1-0.8nm"
}
