{
    "time_tag": "2026-05-15T12:03:00Z",
    "satellite": 18,
    "flux": 4.4152275791020656e-07,
    "observed_flux": 4.4263413201406365e-07,
    "electron_correction": 1.1113758802139273e-09,
    "electron_contaminaton": false,
    "energy": "0.1-0.8nm"
}