{
  "time_tag": "2026-01-30T23:22:00Z",
  "satellite": 18,
  "flux": 8.908120889827842E-7,
  "observed_flux": 9.693824267742457E-7,
  "electron_correction": 7.857031647517942E-8,
  "electron_contaminaton": false,
  "energy": "0.1-0.8nm"
}
