{
  "time_tag": "2026-03-20T20:45:00Z",
  "satellite": 18,
  "flux": 3.349282167164347E-7,
  "observed_flux": 3.434358575304941E-7,
  "electron_correction": 8.50765236037887E-9,
  "electron_contaminaton": false,
  "energy": "0.1-0.8nm"
}
