{
  "time_tag": "2026-03-28T22:21:00Z",
  "satellite": 18,
  "flux": 0.0000012762619689965504,
  "observed_flux": 0.0000013124205224812613,
  "electron_correction": 3.6158496641292004E-8,
  "electron_contaminaton": false,
  "energy": "0.1-0.8nm"
}
