{
    "time_tag": "2026-05-30T23:26:00Z",
    "satellite": 18,
    "flux": 7.667184149795503e-07,
    "observed_flux": 7.882579780016385e-07,
    "electron_correction": 2.1539602101938726e-08,
    "electron_contaminaton": false,
    "energy": "0.1-0.8nm"
}