{
  "time_tag": "2026-05-24T07:29:00Z",
  "satellite": 18,
  "flux": 7.664273198315641E-7,
  "observed_flux": 7.715460696999799E-7,
  "electron_correction": 5.118743651166824E-9,
  "electron_contaminaton": false,
  "energy": "0.1-0.8nm"
}
