{
  "time_tag": "2026-04-19T17:40:00Z",
  "satellite": 18,
  "flux": 3.681454359139025E-7,
  "observed_flux": 4.284717363134405E-7,
  "electron_correction": 6.032631461039273E-8,
  "electron_contaminaton": false,
  "energy": "0.1-0.8nm"
}
