{
    "time_tag": "2026-06-19T05:52:00Z",
    "satellite": 18,
    "flux": 4.130247077682725e-07,
    "observed_flux": 4.1820766227829154e-07,
    "electron_correction": 5.182963835892451e-09,
    "electron_contaminaton": false,
    "energy": "0.1-0.8nm"
}