{
  "time_tag": "2026-06-24T01:15:00Z",
  "satellite": 18,
  "flux": 0.000001801677058210771,
  "observed_flux": 0.0000018026062207354698,
  "electron_correction": 9.292044911290986E-10,
  "electron_contaminaton": false,
  "energy": "0.1-0.8nm"
}
