{
  "time_tag": "2026-04-28T12:25:00Z",
  "satellite": 18,
  "flux": 0.000009878042874333914,
  "observed_flux": 0.00000988442207017215,
  "electron_correction": 6.379520467447719E-9,
  "electron_contaminaton": false,
  "energy": "0.1-0.8nm"
}
