{
  "time_tag": "2026-06-06T06:19:00Z",
  "satellite": 18,
  "flux": 0.0000011036592013624613,
  "observed_flux": 0.0000011188013786522788,
  "electron_correction": 1.5142166631676446E-8,
  "electron_contaminaton": false,
  "energy": "0.1-0.8nm"
}
