{
  "time_tag": "2026-06-21T17:27:00Z",
  "satellite": 18,
  "flux": 0.0000010553026186244097,
  "observed_flux": 0.0000010715349390011397,
  "electron_correction": 1.623225820424068E-8,
  "electron_contaminaton": false,
  "energy": "0.1-0.8nm"
}
