{
  "time_tag": "2026-03-12T21:23:00Z",
  "satellite": 18,
  "flux": 7.74054285557213E-7,
  "observed_flux": 7.990703352334094E-7,
  "electron_correction": 2.5016058557980614E-8,
  "electron_contaminaton": false,
  "energy": "0.1-0.8nm"
}
