{
    "time_tag": "2026-05-30T12:38:00Z",
    "satellite": 18,
    "flux": 8.516683465131791e-07,
    "observed_flux": 8.674938385411224e-07,
    "electron_correction": 1.5825495580656934e-08,
    "electron_contaminaton": false,
    "energy": "0.1-0.8nm"
}