{
    "time_tag": "2026-04-25T15:45:00Z",
    "satellite": 18,
    "flux": 9.679673667051247e-07,
    "observed_flux": 9.758495025380398e-07,
    "electron_correction": 7.882118957525108e-09,
    "electron_contaminaton": false,
    "energy": "0.1-0.8nm"
}