{
  "time_tag": "2026-03-11T23:49:00Z",
  "satellite": 18,
  "flux": 5.888834380129992E-7,
  "observed_flux": 6.411139565898338E-7,
  "electron_correction": 5.2230543445830335E-8,
  "electron_contaminaton": false,
  "energy": "0.1-0.8nm"
}
