{
    "time_tag": "2026-05-08T22:48:00Z",
    "satellite": 18,
    "flux": 7.574219011985406e-07,
    "observed_flux": 8.033475182855909e-07,
    "electron_correction": 4.5925631297905056e-08,
    "electron_contaminaton": false,
    "energy": "0.1-0.8nm"
}