{
  "time_tag": "2026-04-29T14:39:00Z",
  "satellite": 18,
  "flux": 0.000001045524641085649,
  "observed_flux": 0.0000010523348237256869,
  "electron_correction": 6.810250141597862E-9,
  "electron_contaminaton": false,
  "energy": "0.1-0.8nm"
}
