{
  "time_tag": "2026-06-07T02:14:00Z",
  "satellite": 18,
  "flux": 0.0000012944686886839918,
  "observed_flux": 0.0000013294715017764247,
  "electron_correction": 3.5002813092432916E-8,
  "electron_contaminaton": false,
  "energy": "0.1-0.8nm"
}
