{
  "time_tag": "2026-01-25T05:20:00Z",
  "satellite": 18,
  "flux": 0.0000017714594378048787,
  "observed_flux": 0.0000017984622218136792,
  "electron_correction": 2.7002695190958548E-8,
  "electron_contaminaton": false,
  "energy": "0.1-0.8nm"
}
