{
  "time_tag": "2025-12-25T13:21:00Z",
  "satellite": 18,
  "flux": 0.00000161716423008329,
  "observed_flux": 0.0000016490654388690018,
  "electron_correction": 3.190114838957925E-8,
  "electron_contaminaton": false,
  "energy": "0.1-0.8nm"
}
