{
  "time_tag": "2026-03-21T22:37:00Z",
  "satellite": 18,
  "flux": 4.0407627466265694E-7,
  "observed_flux": 4.3183791831324925E-7,
  "electron_correction": 2.7761647203305984E-8,
  "electron_contaminaton": false,
  "energy": "0.1-0.8nm"
}
