{
    "time_tag": "2026-05-01T11:46:00Z",
    "satellite": 18,
    "flux": 1.0492728961253306e-06,
    "observed_flux": 1.0761231123979087e-06,
    "electron_correction": 2.6850290879565364e-08,
    "electron_contaminaton": false,
    "energy": "0.1-0.8nm"
}