{
  "time_tag": "2026-03-08T21:48:00Z",
  "satellite": 18,
  "flux": 7.341045602515806E-7,
  "observed_flux": 7.87421413406264E-7,
  "electron_correction": 5.331686381282452E-8,
  "electron_contaminaton": false,
  "energy": "0.1-0.8nm"
}
