{
  "time_tag": "2025-12-25T09:18:00Z",
  "satellite": 18,
  "flux": 0.0000015948724012559978,
  "observed_flux": 0.0000016121928183565615,
  "electron_correction": 1.7320473943982506E-8,
  "electron_contaminaton": false,
  "energy": "0.1-0.8nm"
}
