{
  "time_tag": "2026-02-24T17:06:00Z",
  "satellite": 18,
  "flux": 0.0000042940155253745615,
  "observed_flux": 0.000004375081061880337,
  "electron_correction": 8.106582782829719E-8,
  "electron_contaminaton": false,
  "energy": "0.1-0.8nm"
}
