{
  "time_tag": "2026-05-19T01:15:00Z",
  "satellite": 18,
  "flux": 4.158888486927026E-7,
  "observed_flux": 4.61449559452376E-7,
  "electron_correction": 4.556071431238706E-8,
  "electron_contaminaton": false,
  "energy": "0.1-0.8nm"
}
