{
  "time_tag": "2026-02-18T08:43:00Z",
  "satellite": 18,
  "flux": 4.094569590051833E-7,
  "observed_flux": 4.3027051788158133E-7,
  "electron_correction": 2.081355887639802E-8,
  "electron_contaminaton": false,
  "energy": "0.1-0.8nm"
}
