{
  "time_tag": "2026-01-09T13:24:00Z",
  "satellite": 18,
  "flux": 6.742475306964479E-7,
  "observed_flux": 6.800888741054223E-7,
  "electron_correction": 5.841342964885143E-9,
  "electron_contaminaton": false,
  "energy": "0.1-0.8nm"
}
