{
  "time_tag": "2026-03-03T23:36:00Z",
  "satellite": 18,
  "flux": 7.03299747328856E-7,
  "observed_flux": 7.399706305477594E-7,
  "electron_correction": 3.667090098247172E-8,
  "electron_contaminaton": false,
  "energy": "0.1-0.8nm"
}
