{
  "time_tag": "2025-12-29T14:18:00Z",
  "satellite": 18,
  "flux": 0.0000022562401227332884,
  "observed_flux": 0.0000022868143787491135,
  "electron_correction": 3.057407127471379E-8,
  "electron_contaminaton": false,
  "energy": "0.1-0.8nm"
}
