{
  "time_tag": "2026-03-03T18:43:00Z",
  "satellite": 18,
  "flux": 6.43941916678159E-7,
  "observed_flux": 6.583749723176879E-7,
  "electron_correction": 1.4433058304064161E-8,
  "electron_contaminaton": false,
  "energy": "0.1-0.8nm"
}
