{
  "time_tag": "2026-02-28T06:15:00Z",
  "satellite": 18,
  "flux": 0.000001397923028889636,
  "observed_flux": 0.0000014223852531358716,
  "electron_correction": 2.4462217140808207E-8,
  "electron_contaminaton": false,
  "energy": "0.1-0.8nm"
}
