{
  "time_tag": "2026-02-17T21:43:00Z",
  "satellite": 18,
  "flux": 5.103990474708553E-7,
  "observed_flux": 5.762763635175361E-7,
  "electron_correction": 6.587730183582607E-8,
  "electron_contaminaton": false,
  "energy": "0.1-0.8nm"
}
