{
  "time_tag": "2026-03-17T04:24:00Z",
  "satellite": 18,
  "flux": 5.659324529005971E-7,
  "observed_flux": 5.945740895185736E-7,
  "electron_correction": 2.864162240712176E-8,
  "electron_contaminaton": false,
  "energy": "0.1-0.8nm"
}
