{
  "time_tag": "2025-12-08T13:25:00Z",
  "satellite": 18,
  "flux": 0.000005377899469749536,
  "observed_flux": 0.000005405813681136351,
  "electron_correction": 2.791434461357767E-8,
  "electron_contaminaton": false,
  "energy": "0.1-0.8nm"
}
