{
  "time_tag": "2026-06-29T13:50:00Z",
  "satellite": 18,
  "flux": 0.0000015806573401278001,
  "observed_flux": 0.0000016056958429544466,
  "electron_correction": 2.5038527695642188E-8,
  "electron_contaminaton": false,
  "energy": "0.1-0.8nm"
}
