{
  "time_tag": "2026-03-01T23:48:00Z",
  "satellite": 18,
  "flux": 8.777651032687572E-7,
  "observed_flux": 9.234138929059554E-7,
  "electron_correction": 4.5648825164334994E-8,
  "electron_contaminaton": false,
  "energy": "0.1-0.8nm"
}
