{
    "time_tag": "2026-06-02T06:57:00Z",
    "satellite": 18,
    "flux": 2.0159088762738975e-06,
    "observed_flux": 2.032471002166858e-06,
    "electron_correction": 1.6562035298761657e-08,
    "electron_contaminaton": false,
    "energy": "0.1-0.8nm"
}