{
  "time_tag": "2026-04-18T07:36:00Z",
  "satellite": 18,
  "flux": 6.505474630102981E-7,
  "observed_flux": 6.507711987069342E-7,
  "electron_correction": 2.2375802599672312E-10,
  "electron_contaminaton": false,
  "energy": "0.1-0.8nm"
}
