{
  "time_tag": "2026-03-10T08:09:00Z",
  "satellite": 18,
  "flux": 5.586407496593893E-7,
  "observed_flux": 5.735956278840604E-7,
  "electron_correction": 1.49548817773848E-8,
  "electron_contaminaton": false,
  "energy": "0.1-0.8nm"
}
