{
  "time_tag": "2025-12-12T20:19:00Z",
  "satellite": 18,
  "flux": 0.000001272703912036377,
  "observed_flux": 0.000001300949179494637,
  "electron_correction": 2.8245260352832702E-8,
  "electron_contaminaton": false,
  "energy": "0.1-0.8nm"
}
