{
  "time_tag": "2026-06-08T02:24:00Z",
  "satellite": 18,
  "flux": 0.0000027102671538159484,
  "observed_flux": 0.0000027488988507684553,
  "electron_correction": 3.8631743137784724E-8,
  "electron_contaminaton": false,
  "energy": "0.1-0.8nm"
}
