{
  "time_tag": "2026-03-17T06:03:00Z",
  "satellite": 18,
  "flux": 7.315663879126078E-7,
  "observed_flux": 7.554879744020582E-7,
  "electron_correction": 2.3921622016587207E-8,
  "electron_contaminaton": false,
  "energy": "0.1-0.8nm"
}
