{
  "time_tag": "2025-12-13T10:18:00Z",
  "satellite": 18,
  "flux": 0.0000015141180256250664,
  "observed_flux": 0.000001517377427262545,
  "electron_correction": 3.2594222876269896E-9,
  "electron_contaminaton": false,
  "energy": "0.1-0.8nm"
}
