{
    "time_tag": "2026-05-17T23:26:00Z",
    "satellite": 18,
    "flux": 6.500519589280884e-07,
    "observed_flux": 7.086959499247314e-07,
    "electron_correction": 5.864399454935665e-08,
    "electron_contaminaton": false,
    "energy": "0.1-0.8nm"
}