{
  "time_tag": "2026-03-18T13:31:00Z",
  "satellite": 18,
  "flux": 0.0000012261624533493887,
  "observed_flux": 0.0000012384550700517138,
  "electron_correction": 1.2292568740690513E-8,
  "electron_contaminaton": false,
  "energy": "0.1-0.8nm"
}
