{
    "time_tag": "2026-06-07T23:35:00Z",
    "satellite": 18,
    "flux": 1.18792354442121e-06,
    "observed_flux": 1.2327864169492386e-06,
    "electron_correction": 4.486291516059282e-08,
    "electron_contaminaton": false,
    "energy": "0.1-0.8nm"
}