{
  "time_tag": "2026-01-16T01:48:00Z",
  "satellite": 18,
  "flux": 0.000001292245769946021,
  "observed_flux": 0.0000013348965239856625,
  "electron_correction": 4.265080377763297E-8,
  "electron_contaminaton": false,
  "energy": "0.1-0.8nm"
}
