{
    "time_tag": "2026-07-01T02:23:00Z",
    "satellite": 18,
    "flux": 1.8437070821164525e-06,
    "observed_flux": 1.8469822862243745e-06,
    "electron_correction": 3.2752898171395373e-09,
    "electron_contaminaton": false,
    "energy": "0.1-0.8nm"
}