{
  "time_tag": "2026-02-05T23:02:00Z",
  "satellite": 18,
  "flux": 0.000001662168301663769,
  "observed_flux": 0.000001680611148913158,
  "electron_correction": 1.8442747773406154E-8,
  "electron_contaminaton": false,
  "energy": "0.1-0.8nm"
}
