{
  "time_tag": "2025-12-16T00:37:00Z",
  "satellite": 18,
  "flux": 6.193552621880372E-7,
  "observed_flux": 6.741281595168402E-7,
  "electron_correction": 5.4772890223375725E-8,
  "electron_contaminaton": false,
  "energy": "0.1-0.8nm"
}
