{
  "time_tag": "2026-03-08T07:49:00Z",
  "satellite": 18,
  "flux": 6.806901637901319E-7,
  "observed_flux": 7.125290721887723E-7,
  "electron_correction": 3.1838897740499306E-8,
  "electron_contaminaton": false,
  "energy": "0.1-0.8nm"
}
