{
  "time_tag": "2026-02-04T01:29:00Z",
  "satellite": 18,
  "flux": 0.000009174019396596123,
  "observed_flux": 0.000009188308467855677,
  "electron_correction": 1.4288386473992887E-8,
  "electron_contaminaton": false,
  "energy": "0.1-0.8nm"
}
