{
  "time_tag": "2026-04-27T04:18:00Z",
  "satellite": 18,
  "flux": 0.000002886786433009547,
  "observed_flux": 0.00000289082504423277,
  "electron_correction": 4.038656076232883E-9,
  "electron_contaminaton": false,
  "energy": "0.1-0.8nm"
}
