{
    "time_tag": "2026-04-26T20:05:00Z",
    "satellite": 18,
    "flux": 1.941716982400976e-05,
    "observed_flux": 1.9457729649730027e-05,
    "electron_correction": 4.0559331893064154e-08,
    "electron_contaminaton": false,
    "energy": "0.1-0.8nm"
}