{
  "time_tag": "2026-03-04T11:52:00Z",
  "satellite": 18,
  "flux": 5.466975494528015E-7,
  "observed_flux": 5.538703362617525E-7,
  "electron_correction": 7.172773042185554E-9,
  "electron_contaminaton": false,
  "energy": "0.1-0.8nm"
}
