{
  "time_tag": "2026-04-18T20:41:00Z",
  "satellite": 18,
  "flux": 3.177778751251026E-7,
  "observed_flux": 3.4968363138432323E-7,
  "electron_correction": 3.190576336464801E-8,
  "electron_contaminaton": false,
  "energy": "0.1-0.8nm"
}
