{
  "time_tag": "2026-02-17T17:20:00Z",
  "satellite": 18,
  "flux": 6.292592615864123E-7,
  "observed_flux": 6.806309897910978E-7,
  "electron_correction": 5.137171754654446E-8,
  "electron_contaminaton": false,
  "energy": "0.1-0.8nm"
}
