{
    "time_tag": "2026-06-17T21:21:00Z",
    "satellite": 18,
    "flux": 4.853177983932255e-07,
    "observed_flux": 5.000566716262256e-07,
    "electron_correction": 1.4738866127572692e-08,
    "electron_contaminaton": false,
    "energy": "0.1-0.8nm"
}