{
  "time_tag": "2026-06-17T22:31:00Z",
  "satellite": 18,
  "flux": 4.8905144467426E-7,
  "observed_flux": 5.044832960265921E-7,
  "electron_correction": 1.5431846023261642E-8,
  "electron_contaminaton": false,
  "energy": "0.1-0.8nm"
}
