{
    "time_tag": "2026-06-28T01:19:00Z",
    "satellite": 18,
    "flux": 1.6989158666547155e-06,
    "observed_flux": 1.7398359659637208e-06,
    "electron_correction": 4.092002825473173e-08,
    "electron_contaminaton": false,
    "energy": "0.1-0.8nm"
}