{
  "time_tag": "2025-12-06T04:22:00Z",
  "satellite": 18,
  "flux": 0.000001387633460581128,
  "observed_flux": 0.0000014078638059800141,
  "electron_correction": 2.0230352504313487E-8,
  "electron_contaminaton": false,
  "energy": "0.1-0.8nm"
}
