{
  "time_tag": "2026-04-18T07:04:00Z",
  "satellite": 18,
  "flux": 0.0000016318846292051603,
  "observed_flux": 0.0000016318853113261866,
  "electron_correction": 7.592133844346038E-13,
  "electron_contaminaton": false,
  "energy": "0.1-0.8nm"
}
