{
  "time_tag": "2026-02-10T00:11:00Z",
  "satellite": 18,
  "flux": 0.000002218140707554994,
  "observed_flux": 0.0000022548811102751642,
  "electron_correction": 3.6740612330277145E-8,
  "electron_contaminaton": false,
  "energy": "0.1-0.8nm"
}
