{
  "time_tag": "2026-01-08T13:26:00Z",
  "satellite": 18,
  "flux": 9.420555215911008E-7,
  "observed_flux": 9.430739282834111E-7,
  "electron_correction": 1.0184177945404826E-9,
  "electron_contaminaton": false,
  "energy": "0.1-0.8nm"
}
