{
  "time_tag": "2026-01-28T00:39:00Z",
  "satellite": 18,
  "flux": 0.000001075683599083277,
  "observed_flux": 0.000001110861148845288,
  "electron_correction": 3.5177475155023785E-8,
  "electron_contaminaton": false,
  "energy": "0.1-0.8nm"
}
