{
  "time_tag": "2026-01-26T03:49:00Z",
  "satellite": 18,
  "flux": 0.0000012890166090073762,
  "observed_flux": 0.0000013394288771451102,
  "electron_correction": 5.0412360508289566E-8,
  "electron_contaminaton": false,
  "energy": "0.1-0.8nm"
}
