{
  "time_tag": "2026-05-08T22:03:00Z",
  "satellite": 18,
  "flux": 7.573987090836454E-7,
  "observed_flux": 8.010724172891059E-7,
  "electron_correction": 4.3673729521742644E-8,
  "electron_contaminaton": false,
  "energy": "0.1-0.8nm"
}
