{
    "time_tag": "2026-06-13T10:02:00Z",
    "satellite": 18,
    "flux": 5.678566594724543e-07,
    "observed_flux": 5.889000362913066e-07,
    "electron_correction": 2.1043378595209106e-08,
    "electron_contaminaton": false,
    "energy": "0.1-0.8nm"
}