{
  "time_tag": "2026-06-20T12:35:00Z",
  "satellite": 18,
  "flux": 6.438744435399713E-7,
  "observed_flux": 6.530200380439055E-7,
  "electron_correction": 9.145592727577423E-9,
  "electron_contaminaton": false,
  "energy": "0.1-0.8nm"
}
