{
  "time_tag": "2026-05-02T18:10:00Z",
  "satellite": 18,
  "flux": 0.0000012998025340493768,
  "observed_flux": 0.0000013456026408675825,
  "electron_correction": 4.5800174319765574E-8,
  "electron_contaminaton": false,
  "energy": "0.1-0.8nm"
}
