{
  "time_tag": "2025-12-21T12:20:00Z",
  "satellite": 18,
  "flux": 0.000001248584112545359,
  "observed_flux": 0.000001249323304364225,
  "electron_correction": 7.392091383451316E-10,
  "electron_contaminaton": false,
  "energy": "0.1-0.8nm"
}
