{
  "time_tag": "2025-12-12T22:19:00Z",
  "satellite": 18,
  "flux": 0.0000013256308193376753,
  "observed_flux": 0.0000013515226555682602,
  "electron_correction": 2.5891811361589134E-8,
  "electron_contaminaton": false,
  "energy": "0.1-0.8nm"
}
