{
  "time_tag": "2026-02-19T05:52:00Z",
  "satellite": 18,
  "flux": 3.697477950481698E-7,
  "observed_flux": 3.7327680502130534E-7,
  "electron_correction": 3.529010195180149E-9,
  "electron_contaminaton": false,
  "energy": "0.1-0.8nm"
}
