{
  "time_tag": "2026-02-27T15:12:00Z",
  "satellite": 18,
  "flux": 0.0000010510268566576997,
  "observed_flux": 0.000001099132418858062,
  "electron_correction": 4.810559062207176E-8,
  "electron_contaminaton": false,
  "energy": "0.1-0.8nm"
}
