{
  "time_tag": "2026-03-26T17:08:00Z",
  "satellite": 18,
  "flux": 9.989283853428788E-7,
  "observed_flux": 0.0000010406739647805807,
  "electron_correction": 4.174559720127036E-8,
  "electron_contaminaton": false,
  "energy": "0.1-0.8nm"
}
