{
  "time_tag": "2026-02-28T14:48:00Z",
  "satellite": 18,
  "flux": 0.0000015963136092977948,
  "observed_flux": 0.0000016426887441411964,
  "electron_correction": 4.637517392325208E-8,
  "electron_contaminaton": false,
  "energy": "0.1-0.8nm"
}
