{
  "time_tag": "2026-07-01T20:58:00Z",
  "satellite": 18,
  "flux": 0.000005516375949810026,
  "observed_flux": 0.0000055356044867949095,
  "electron_correction": 1.922841974533185E-8,
  "electron_contaminaton": false,
  "energy": "0.1-0.8nm"
}
