{
  "time_tag": "2026-05-02T12:09:00Z",
  "satellite": 18,
  "flux": 0.000003748974449990783,
  "observed_flux": 0.000003775649474846432,
  "electron_correction": 2.6675092357208996E-8,
  "electron_contaminaton": false,
  "energy": "0.1-0.8nm"
}
