{
    "time_tag": "2026-06-30T18:33:00Z",
    "satellite": 18,
    "flux": 2.1865632788831135e-06,
    "observed_flux": 2.2078575057093985e-06,
    "electron_correction": 2.129420018093242e-08,
    "electron_contaminaton": false,
    "energy": "0.1-0.8nm"
}