{
  "time_tag": "2025-12-08T14:22:00Z",
  "satellite": 18,
  "flux": 0.0000032745942917244975,
  "observed_flux": 0.000003301259766885778,
  "electron_correction": 2.666563503339603E-8,
  "electron_contaminaton": false,
  "energy": "0.1-0.8nm"
}
