{
  "time_tag": "2026-02-22T05:34:00Z",
  "satellite": 18,
  "flux": 3.414697573589365E-7,
  "observed_flux": 3.4192780162811687E-7,
  "electron_correction": 4.5803866255411663E-10,
  "electron_contaminaton": false,
  "energy": "0.1-0.8nm"
}
