{
  "time_tag": "2026-02-04T20:40:00Z",
  "satellite": 18,
  "flux": 0.000004115172941965284,
  "observed_flux": 0.000004126389740122249,
  "electron_correction": 1.1216696016447258E-8,
  "electron_contaminaton": false,
  "energy": "0.1-0.8nm"
}
