{
    "time_tag": "2026-06-03T03:45:00Z",
    "satellite": 18,
    "flux": 1.3579665392171592e-06,
    "observed_flux": 1.3646324532601284e-06,
    "electron_correction": 6.666013074863031e-09,
    "electron_contaminaton": false,
    "energy": "0.1-0.8nm"
}