{
  "time_tag": "2026-04-20T05:24:00Z",
  "satellite": 18,
  "flux": 4.1696767993926187E-7,
  "observed_flux": 4.510148414738069E-7,
  "electron_correction": 3.404714021826294E-8,
  "electron_contaminaton": false,
  "energy": "0.1-0.8nm"
}
