{
    "time_tag": "2026-05-05T07:44:00Z",
    "satellite": 18,
    "flux": 8.593241886956093e-07,
    "observed_flux": 8.857176680976409e-07,
    "electron_correction": 2.6393514929168305e-08,
    "electron_contaminaton": false,
    "energy": "0.1-0.8nm"
}