{
  "time_tag": "2026-05-30T00:19:00Z",
  "satellite": 18,
  "flux": 7.642321975254163E-7,
  "observed_flux": 7.949249720695661E-7,
  "electron_correction": 3.069274256972676E-8,
  "electron_contaminaton": false,
  "energy": "0.1-0.8nm"
}
