{
  "time_tag": "2026-02-25T05:07:00Z",
  "satellite": 18,
  "flux": 8.866847451827198E-7,
  "observed_flux": 9.235983498001588E-7,
  "electron_correction": 3.691359751201162E-8,
  "electron_contaminaton": false,
  "energy": "0.1-0.8nm"
}
