{
    "time_tag": "2026-04-27T11:59:00Z",
    "satellite": 18,
    "flux": 7.602944833706715e-07,
    "observed_flux": 7.653117677364207e-07,
    "electron_correction": 5.017271043072924e-09,
    "electron_contaminaton": false,
    "energy": "0.1-0.8nm"
}