{
    "time_tag": "2026-06-28T15:09:00Z",
    "satellite": 18,
    "flux": 2.7082789983978728e-06,
    "observed_flux": 2.7452244921732927e-06,
    "electron_correction": 3.694548666999253e-08,
    "electron_contaminaton": false,
    "energy": "0.1-0.8nm"
}