{
  "time_tag": "2026-02-12T04:28:00Z",
  "satellite": 18,
  "flux": 7.552418423983909E-7,
  "observed_flux": 7.781547424201563E-7,
  "electron_correction": 2.2912908903549578E-8,
  "electron_contaminaton": false,
  "energy": "0.1-0.8nm"
}
