{
  "time_tag": "2026-03-07T00:20:00Z",
  "satellite": 18,
  "flux": 6.995726948844094E-7,
  "observed_flux": 7.041325602585857E-7,
  "electron_correction": 4.559854716035261E-9,
  "electron_contaminaton": false,
  "energy": "0.1-0.8nm"
}
