{
    "time_tag": "2026-06-03T17:28:00Z",
    "satellite": 18,
    "flux": 1.610383037586871e-06,
    "observed_flux": 1.652307105359796e-06,
    "electron_correction": 4.192410685277537e-08,
    "electron_contaminaton": false,
    "energy": "0.1-0.8nm"
}