{
  "time_tag": "2026-02-01T00:55:00Z",
  "satellite": 18,
  "flux": 0.0000025614540390961338,
  "observed_flux": 0.0000026077445909322705,
  "electron_correction": 4.6290619337696626E-8,
  "electron_contaminaton": false,
  "energy": "0.1-0.8nm"
}
