{
  "time_tag": "2026-01-29T00:45:00Z",
  "satellite": 18,
  "flux": 7.172009759415232E-7,
  "observed_flux": 7.845787308724539E-7,
  "electron_correction": 6.737775493093068E-8,
  "electron_contaminaton": false,
  "energy": "0.1-0.8nm"
}
