{
  "time_tag": "2026-02-21T23:36:00Z",
  "satellite": 18,
  "flux": 3.427682884193928E-7,
  "observed_flux": 3.465754048193048E-7,
  "electron_correction": 3.807110626752319E-9,
  "electron_contaminaton": false,
  "energy": "0.1-0.8nm"
}
