{
  "time_tag": "2026-01-27T15:20:00Z",
  "satellite": 18,
  "flux": 8.444816330666072E-7,
  "observed_flux": 8.877614163793623E-7,
  "electron_correction": 4.327979041818253E-8,
  "electron_contaminaton": false,
  "energy": "0.1-0.8nm"
}
