{
    "time_tag": "2026-06-09T07:34:00Z",
    "satellite": 18,
    "flux": 1.0882707783821388e-06,
    "observed_flux": 1.1134026181025547e-06,
    "electron_correction": 2.513175623164443e-08,
    "electron_contaminaton": false,
    "energy": "0.1-0.8nm"
}