{
  "time_tag": "2026-02-08T06:30:00Z",
  "satellite": 18,
  "flux": 0.000004215101853333181,
  "observed_flux": 0.00000424444442614913,
  "electron_correction": 2.9342720253566767E-8,
  "electron_contaminaton": false,
  "energy": "0.1-0.8nm"
}
