{
    "time_tag": "2026-04-23T08:08:00Z",
    "satellite": 18,
    "flux": 4.363076641311636e-06,
    "observed_flux": 4.378141511551803e-06,
    "electron_correction": 1.506476188239958e-08,
    "electron_contaminaton": false,
    "energy": "0.1-0.8nm"
}