{
  "time_tag": "2025-12-04T02:49:00Z",
  "satellite": 18,
  "flux": 0.000058422941947355866,
  "observed_flux": 0.00005842384780407883,
  "electron_correction": 9.047207427670401E-10,
  "electron_contaminaton": false,
  "energy": "0.1-0.8nm"
}
