{
  "time_tag": "2026-03-13T23:51:00Z",
  "satellite": 18,
  "flux": 0.000002251480964332586,
  "observed_flux": 0.000002252756758025498,
  "electron_correction": 1.2757853662392904E-9,
  "electron_contaminaton": false,
  "energy": "0.1-0.8nm"
}
