{
  "time_tag": "2026-01-11T09:18:00Z",
  "satellite": 18,
  "flux": 5.310417918735766E-7,
  "observed_flux": 5.3174568392933E-7,
  "electron_correction": 7.038729044062109E-10,
  "electron_contaminaton": false,
  "energy": "0.1-0.8nm"
}
