{
  "time_tag": "2026-01-31T03:04:00Z",
  "satellite": 18,
  "flux": 0.000002426820856271661,
  "observed_flux": 0.000002479247996234335,
  "electron_correction": 5.242713640996044E-8,
  "electron_contaminaton": false,
  "energy": "0.1-0.8nm"
}
