{
  "time_tag": "2026-02-11T08:27:00Z",
  "satellite": 18,
  "flux": 0.000001114657038669975,
  "observed_flux": 0.0000011158106190123362,
  "electron_correction": 1.1536220867469638E-9,
  "electron_contaminaton": false,
  "energy": "0.1-0.8nm"
}
