{
  "time_tag": "2026-03-09T23:39:00Z",
  "satellite": 18,
  "flux": 7.681186389163486E-7,
  "observed_flux": 8.077145707829914E-7,
  "electron_correction": 3.959597805192061E-8,
  "electron_contaminaton": false,
  "energy": "0.1-0.8nm"
}
