{
    "time_tag": "2026-06-23T21:26:00Z",
    "satellite": 18,
    "flux": 1.2650074268094613e-06,
    "observed_flux": 1.2675187690547318e-06,
    "electron_correction": 2.511363117463361e-09,
    "electron_contaminaton": false,
    "energy": "0.1-0.8nm"
}