{
  "time_tag": "2026-03-23T00:25:00Z",
  "satellite": 18,
  "flux": 0.000003137546627840493,
  "observed_flux": 0.000003218691972506349,
  "electron_correction": 8.114544414183911E-8,
  "electron_contaminaton": false,
  "energy": "0.1-0.8nm"
}
