{
  "time_tag": "2026-04-22T02:56:00Z",
  "satellite": 18,
  "flux": 5.631125645777502E-7,
  "observed_flux": 6.071531402085384E-7,
  "electron_correction": 4.404062181606605E-8,
  "electron_contaminaton": false,
  "energy": "0.1-0.8nm"
}
