{
    "time_tag": "2026-06-11T05:16:00Z",
    "satellite": 18,
    "flux": 8.024270528039779e-07,
    "observed_flux": 8.136546512105269e-07,
    "electron_correction": 1.1227553997628092e-08,
    "electron_contaminaton": false,
    "energy": "0.1-0.8nm"
}