{
    "time_tag": "2026-06-16T18:05:00Z",
    "satellite": 18,
    "flux": 7.062922122713644e-07,
    "observed_flux": 7.403349968626571e-07,
    "electron_correction": 3.40428059075748e-08,
    "electron_contaminaton": false,
    "energy": "0.1-0.8nm"
}