{
  "time_tag": "2026-02-26T17:04:00Z",
  "satellite": 18,
  "flux": 8.086212233138212E-7,
  "observed_flux": 8.499640671288944E-7,
  "electron_correction": 4.134283670964578E-8,
  "electron_contaminaton": false,
  "energy": "0.1-0.8nm"
}
