{
  "time_tag": "2026-03-05T14:02:00Z",
  "satellite": 18,
  "flux": 6.326718562377209E-7,
  "observed_flux": 6.472156428571907E-7,
  "electron_correction": 1.4543749315976129E-8,
  "electron_contaminaton": false,
  "energy": "0.1-0.8nm"
}
