{
  "time_tag": "2026-03-28T14:09:00Z",
  "satellite": 18,
  "flux": 0.0000016354277931895922,
  "observed_flux": 0.0000016428689377789851,
  "electron_correction": 7.441153915266341E-9,
  "electron_contaminaton": false,
  "energy": "0.1-0.8nm"
}
