{
  "time_tag": "2026-05-10T17:02:00Z",
  "satellite": 18,
  "flux": 0.0000014629612223870936,
  "observed_flux": 0.0000014818774616287556,
  "electron_correction": 1.891623568894829E-8,
  "electron_contaminaton": false,
  "energy": "0.1-0.8nm"
}
