{
    "time_tag": "2026-06-20T09:44:00Z",
    "satellite": 18,
    "flux": 5.327507892616268e-07,
    "observed_flux": 5.437563572741055e-07,
    "electron_correction": 1.1005598210545031e-08,
    "electron_contaminaton": false,
    "energy": "0.1-0.8nm"
}