{
  "time_tag": "2026-05-14T21:10:00Z",
  "satellite": 18,
  "flux": 8.936729045672109E-7,
  "observed_flux": 9.145651347353123E-7,
  "electron_correction": 2.0892276353379202E-8,
  "electron_contaminaton": false,
  "energy": "0.1-0.8nm"
}
