{
  "time_tag": "2026-03-01T19:46:00Z",
  "satellite": 18,
  "flux": 0.0000016475612483191071,
  "observed_flux": 0.0000016987651179078966,
  "electron_correction": 5.120383050893906E-8,
  "electron_contaminaton": false,
  "energy": "0.1-0.8nm"
}
