{
  "time_tag": "2026-03-15T23:53:00Z",
  "satellite": 18,
  "flux": 3.8740842001061537E-7,
  "observed_flux": 4.3463026599965815E-7,
  "electron_correction": 4.7221845989042777E-8,
  "electron_contaminaton": false,
  "energy": "0.1-0.8nm"
}
