{
  "time_tag": "2026-06-20T23:37:00Z",
  "satellite": 18,
  "flux": 7.192576276793261E-7,
  "observed_flux": 7.454056003552978E-7,
  "electron_correction": 2.614796379418749E-8,
  "electron_contaminaton": false,
  "energy": "0.1-0.8nm"
}
