{
  "time_tag": "2026-04-21T08:39:00Z",
  "satellite": 18,
  "flux": 9.325220844402793E-7,
  "observed_flux": 9.60538386607368E-7,
  "electron_correction": 2.8016335917868673E-8,
  "electron_contaminaton": false,
  "energy": "0.1-0.8nm"
}
