{
  "time_tag": "2026-01-06T17:18:00Z",
  "satellite": 18,
  "flux": 0.0000012459444178603007,
  "observed_flux": 0.0000012836009091188316,
  "electron_correction": 3.765650546938559E-8,
  "electron_contaminaton": false,
  "energy": "0.1-0.8nm"
}
