{
  "time_tag": "2026-03-02T08:44:00Z",
  "satellite": 18,
  "flux": 0.0000021540495254157577,
  "observed_flux": 0.0000021613175249513006,
  "electron_correction": 7.2680537144265145E-9,
  "electron_contaminaton": false,
  "energy": "0.1-0.8nm"
}
