{
  "time_tag": "2026-05-08T08:44:00Z",
  "satellite": 18,
  "flux": 7.011290108493995E-7,
  "observed_flux": 7.02539352914755E-7,
  "electron_correction": 1.410337846508014E-9,
  "electron_contaminaton": false,
  "energy": "0.1-0.8nm"
}
