{
  "time_tag": "2026-04-26T21:40:00Z",
  "satellite": 18,
  "flux": 0.0000038275484257610515,
  "observed_flux": 0.00000386299007004709,
  "electron_correction": 3.5442027979115664E-8,
  "electron_contaminaton": false,
  "energy": "0.1-0.8nm"
}
