{
  "time_tag": "2026-06-19T02:39:00Z",
  "satellite": 18,
  "flux": 4.362682943792606E-7,
  "observed_flux": 4.4206504412613867E-7,
  "electron_correction": 5.7967430855399016E-9,
  "electron_contaminaton": false,
  "energy": "0.1-0.8nm"
}
