{
    "time_tag": "2026-05-07T06:48:00Z",
    "satellite": 18,
    "flux": 7.141826472434332e-07,
    "observed_flux": 7.350623718593852e-07,
    "electron_correction": 2.0879680207031015e-08,
    "electron_contaminaton": false,
    "energy": "0.1-0.8nm"
}