{
    "time_tag": "2026-07-01T23:41:00Z",
    "satellite": 18,
    "flux": 4.405797426443314e-06,
    "observed_flux": 4.419713604875142e-06,
    "electron_correction": 1.3916215735321202e-08,
    "electron_contaminaton": false,
    "energy": "0.1-0.8nm"
}