{
  "time_tag": "2026-01-17T07:17:00Z",
  "satellite": 18,
  "flux": 0.0000016488221490362776,
  "observed_flux": 0.0000016552475017306278,
  "electron_correction": 6.425262100151485E-9,
  "electron_contaminaton": false,
  "energy": "0.1-0.8nm"
}
