{
  "time_tag": "2026-05-17T12:32:00Z",
  "satellite": 18,
  "flux": 9.536983043290093E-7,
  "observed_flux": 9.939510619005887E-7,
  "electron_correction": 4.025268296459217E-8,
  "electron_contaminaton": false,
  "energy": "0.1-0.8nm"
}
