{
  "time_tag": "2026-04-19T16:13:00Z",
  "satellite": 18,
  "flux": 3.531775121246028E-7,
  "observed_flux": 4.099125590073527E-7,
  "electron_correction": 5.673503622460885E-8,
  "electron_contaminaton": false,
  "energy": "0.1-0.8nm"
}
