{
  "time_tag": "2026-02-13T16:09:00Z",
  "satellite": 18,
  "flux": 5.356872634365573E-7,
  "observed_flux": 5.700080691894982E-7,
  "electron_correction": 3.432080575294094E-8,
  "electron_contaminaton": false,
  "energy": "0.1-0.8nm"
}
