{
  "time_tag": "2026-03-14T16:42:00Z",
  "satellite": 18,
  "flux": 0.000001204478508043394,
  "observed_flux": 0.0000012644759408431128,
  "electron_correction": 5.999748253771031E-8,
  "electron_contaminaton": false,
  "energy": "0.1-0.8nm"
}
