{
    "time_tag": "2026-05-12T14:35:00Z",
    "satellite": 18,
    "flux": 7.548984513050527e-07,
    "observed_flux": 7.639144996574032e-07,
    "electron_correction": 9.01607943859517e-09,
    "electron_contaminaton": false,
    "energy": "0.1-0.8nm"
}