{
  "time_tag": "2026-03-11T07:17:00Z",
  "satellite": 18,
  "flux": 5.421031232799578E-7,
  "observed_flux": 5.538616392186668E-7,
  "electron_correction": 1.1758518603244283E-8,
  "electron_contaminaton": false,
  "energy": "0.1-0.8nm"
}
