{
  "time_tag": "2026-06-19T12:44:00Z",
  "satellite": 18,
  "flux": 5.74440321088332E-7,
  "observed_flux": 5.854236633240362E-7,
  "electron_correction": 1.0983337794812087E-8,
  "electron_contaminaton": false,
  "energy": "0.1-0.8nm"
}
