{
  "time_tag": "2026-02-05T23:19:00Z",
  "satellite": 18,
  "flux": 0.0000014121977756076376,
  "observed_flux": 0.0000014324323274195194,
  "electron_correction": 2.0234569575450223E-8,
  "electron_contaminaton": false,
  "energy": "0.1-0.8nm"
}
