{
  "time_tag": "2026-05-06T23:29:00Z",
  "satellite": 18,
  "flux": 6.118636406426958E-7,
  "observed_flux": 6.555480922543211E-7,
  "electron_correction": 4.368442318991583E-8,
  "electron_contaminaton": false,
  "energy": "0.1-0.8nm"
}
