{
  "time_tag": "2026-03-29T11:09:00Z",
  "satellite": 18,
  "flux": 0.00000100610316167149,
  "observed_flux": 0.0000010109936283697607,
  "electron_correction": 4.89054707841774E-9,
  "electron_contaminaton": false,
  "energy": "0.1-0.8nm"
}
