{
    "time_tag": "2026-05-16T12:31:00Z",
    "satellite": 18,
    "flux": 4.67928316538746e-07,
    "observed_flux": 5.024431288802589e-07,
    "electron_correction": 3.451480523608552e-08,
    "electron_contaminaton": false,
    "energy": "0.1-0.8nm"
}