{
  "time_tag": "2026-03-15T22:40:00Z",
  "satellite": 18,
  "flux": 4.3563272811297793E-7,
  "observed_flux": 4.829199156120012E-7,
  "electron_correction": 4.728718039359592E-8,
  "electron_contaminaton": false,
  "energy": "0.1-0.8nm"
}
