{
  "time_tag": "2026-03-01T10:05:00Z",
  "satellite": 18,
  "flux": 9.388710395796807E-7,
  "observed_flux": 9.554122470945003E-7,
  "electron_correction": 1.654120929117653E-8,
  "electron_contaminaton": false,
  "energy": "0.1-0.8nm"
}
