{
    "time_tag": "2026-05-05T12:12:00Z",
    "satellite": 18,
    "flux": 7.935739745335013e-07,
    "observed_flux": 8.266825943792355e-07,
    "electron_correction": 3.3108605634879495e-08,
    "electron_contaminaton": false,
    "energy": "0.1-0.8nm"
}