{
    "time_tag": "2026-05-17T19:56:00Z",
    "satellite": 18,
    "flux": 5.592307843471644e-07,
    "observed_flux": 6.313464382401435e-07,
    "electron_correction": 7.211563968212431e-08,
    "electron_contaminaton": false,
    "energy": "0.1-0.8nm"
}