{
    "time_tag": "2026-05-05T08:30:00Z",
    "satellite": 18,
    "flux": 1.1770407581934705e-06,
    "observed_flux": 1.2049302995364997e-06,
    "electron_correction": 2.7889527132174408e-08,
    "electron_contaminaton": false,
    "energy": "0.1-0.8nm"
}