{
  "time_tag": "2026-05-17T16:14:00Z",
  "satellite": 18,
  "flux": 4.629178818049695E-7,
  "observed_flux": 5.293741764944571E-7,
  "electron_correction": 6.645628047863283E-8,
  "electron_contaminaton": false,
  "energy": "0.1-0.8nm"
}
