{
    "time_tag": "2026-04-29T08:54:00Z",
    "satellite": 18,
    "flux": 9.800115776670282e-07,
    "observed_flux": 9.813294354898972e-07,
    "electron_correction": 1.3178937940949709e-09,
    "electron_contaminaton": false,
    "energy": "0.1-0.8nm"
}