{
    "time_tag": "2026-04-30T10:27:00Z",
    "satellite": 18,
    "flux": 1.8114383237843867e-06,
    "observed_flux": 1.812242317100754e-06,
    "electron_correction": 8.039855448060962e-10,
    "electron_contaminaton": false,
    "energy": "0.1-0.8nm"
}