{
    "time_tag": "2026-06-04T12:20:00Z",
    "satellite": 18,
    "flux": 1.036086928252189e-06,
    "observed_flux": 1.040284246300871e-06,
    "electron_correction": 4.197382885706702e-09,
    "electron_contaminaton": false,
    "energy": "0.1-0.8nm"
}