{
  "time_tag": "2026-02-22T12:05:00Z",
  "satellite": 18,
  "flux": 4.158299589107628E-7,
  "observed_flux": 4.276801632840943E-7,
  "electron_correction": 1.1850211478758865E-8,
  "electron_contaminaton": false,
  "energy": "0.1-0.8nm"
}
