{
    "time_tag": "2026-06-01T21:43:00Z",
    "satellite": 18,
    "flux": 6.934997713869961e-07,
    "observed_flux": 7.247522262332495e-07,
    "electron_correction": 3.125243708268499e-08,
    "electron_contaminaton": false,
    "energy": "0.1-0.8nm"
}