{
  "time_tag": "2026-03-04T20:40:00Z",
  "satellite": 18,
  "flux": 5.316882720762806E-7,
  "observed_flux": 5.769373387920496E-7,
  "electron_correction": 4.524910579561947E-8,
  "electron_contaminaton": false,
  "energy": "0.1-0.8nm"
}
