{
  "time_tag": "2026-06-09T12:38:00Z",
  "satellite": 18,
  "flux": 7.691065775361494E-7,
  "observed_flux": 7.958721539580438E-7,
  "electron_correction": 2.6765574645537527E-8,
  "electron_contaminaton": false,
  "energy": "0.1-0.8nm"
}
