{
  "time_tag": "2026-06-09T10:36:00Z",
  "satellite": 18,
  "flux": 7.645808182132896E-7,
  "observed_flux": 7.979012366376992E-7,
  "electron_correction": 3.3320471715114763E-8,
  "electron_contaminaton": false,
  "energy": "0.1-0.8nm"
}
