{
  "time_tag": "2025-12-22T03:45:00Z",
  "satellite": 18,
  "flux": 0.0000010625556114973733,
  "observed_flux": 0.000001079826574823528,
  "electron_correction": 1.7271036156785158E-8,
  "electron_contaminaton": false,
  "energy": "0.1-0.8nm"
}
