{
  "time_tag": "2026-02-20T22:54:00Z",
  "satellite": 18,
  "flux": 3.340298633247585E-7,
  "observed_flux": 3.6802913427891326E-7,
  "electron_correction": 3.399927805958214E-8,
  "electron_contaminaton": false,
  "energy": "0.1-0.8nm"
}
