{
    "time_tag": "2026-05-10T09:39:00Z",
    "satellite": 18,
    "flux": 3.766795316550997e-06,
    "observed_flux": 3.773514890781371e-06,
    "electron_correction": 6.719620859740871e-09,
    "electron_contaminaton": false,
    "energy": "0.1-0.8nm"
}