{
  "time_tag": "2026-01-08T16:19:00Z",
  "satellite": 18,
  "flux": 0.0000011706296163538354,
  "observed_flux": 0.0000011770453056669794,
  "electron_correction": 6.415747488830448E-9,
  "electron_contaminaton": false,
  "energy": "0.1-0.8nm"
}
