{
  "time_tag": "2026-06-14T20:22:00Z",
  "satellite": 18,
  "flux": 5.313937663231627E-7,
  "observed_flux": 5.809463345940458E-7,
  "electron_correction": 4.955258248173777E-8,
  "electron_contaminaton": false,
  "energy": "0.1-0.8nm"
}
