{
  "time_tag": "2026-03-19T09:53:00Z",
  "satellite": 18,
  "flux": 2.875380857858545E-7,
  "observed_flux": 2.9449148541971226E-7,
  "electron_correction": 6.953394304787253E-9,
  "electron_contaminaton": false,
  "energy": "0.1-0.8nm"
}
