{
    "time_tag": "2026-06-26T23:57:00Z",
    "satellite": 18,
    "flux": 1.9371116195543436e-06,
    "observed_flux": 2.001585471589351e-06,
    "electron_correction": 6.447387335128951e-08,
    "electron_contaminaton": false,
    "energy": "0.1-0.8nm"
}