{
    "time_tag": "2026-04-23T11:13:00Z",
    "satellite": 18,
    "flux": 9.678226433607051e-07,
    "observed_flux": 9.902674946715706e-07,
    "electron_correction": 2.2444778480235072e-08,
    "electron_contaminaton": false,
    "energy": "0.1-0.8nm"
}