{
  "time_tag": "2025-12-27T04:19:00Z",
  "satellite": 18,
  "flux": 0.000001964708189916564,
  "observed_flux": 0.000001988033773159259,
  "electron_correction": 2.3325499753923395E-8,
  "electron_contaminaton": false,
  "energy": "0.1-0.8nm"
}
