{
  "time_tag": "2026-03-21T10:39:00Z",
  "satellite": 18,
  "flux": 3.6135463687969605E-7,
  "observed_flux": 3.621531732278527E-7,
  "electron_correction": 7.985455074965842E-10,
  "electron_contaminaton": false,
  "energy": "0.1-0.8nm"
}
