{
  "time_tag": "2025-12-23T22:17:00Z",
  "satellite": 18,
  "flux": 8.752917324272858E-7,
  "observed_flux": 9.613121392249013E-7,
  "electron_correction": 8.602044232475237E-8,
  "electron_contaminaton": false,
  "energy": "0.1-0.8nm"
}
