{
  "time_tag": "2026-05-02T11:27:00Z",
  "satellite": 18,
  "flux": 0.000002629960818012478,
  "observed_flux": 0.0000026550171696726466,
  "electron_correction": 2.50563232384593E-8,
  "electron_contaminaton": false,
  "energy": "0.1-0.8nm"
}
