{
  "time_tag": "2026-06-14T01:31:00Z",
  "satellite": 18,
  "flux": 5.164665708434768E-7,
  "observed_flux": 5.609601885225857E-7,
  "electron_correction": 4.4493592810113114E-8,
  "electron_contaminaton": false,
  "energy": "0.1-0.8nm"
}
