{
  "time_tag": "2026-02-04T17:28:00Z",
  "satellite": 18,
  "flux": 0.0000018779007859848207,
  "observed_flux": 0.0000018926156144516426,
  "electron_correction": 1.4714841789498223E-8,
  "electron_contaminaton": false,
  "energy": "0.1-0.8nm"
}
