{
  "time_tag": "2025-12-21T06:19:00Z",
  "satellite": 18,
  "flux": 8.040169063860958E-7,
  "observed_flux": 8.051992494984006E-7,
  "electron_correction": 1.1823708678804223E-9,
  "electron_contaminaton": false,
  "energy": "0.1-0.8nm"
}
