{
  "time_tag": "2026-04-29T21:36:00Z",
  "satellite": 18,
  "flux": 9.839176300374675E-7,
  "observed_flux": 9.919003787217662E-7,
  "electron_correction": 7.982732697087158E-9,
  "electron_contaminaton": false,
  "energy": "0.1-0.8nm"
}
