{
  "time_tag": "2026-05-13T18:54:00Z",
  "satellite": 18,
  "flux": 7.819114102858293E-7,
  "observed_flux": 7.870189051573107E-7,
  "electron_correction": 5.107509970514457E-9,
  "electron_contaminaton": false,
  "energy": "0.1-0.8nm"
}
