{
    "time_tag": "2026-06-22T00:17:00Z",
    "satellite": 18,
    "flux": 1.176180489892431e-06,
    "observed_flux": 1.190658053928928e-06,
    "electron_correction": 1.4477601339990542e-08,
    "electron_contaminaton": false,
    "energy": "0.1-0.8nm"
}