{
  "time_tag": "2026-03-22T17:22:00Z",
  "satellite": 18,
  "flux": 0.0000010810952062456636,
  "observed_flux": 0.0000011427505341998767,
  "electron_correction": 6.165536348134992E-8,
  "electron_contaminaton": false,
  "energy": "0.1-0.8nm"
}
