{
  "time_tag": "2025-12-26T02:48:00Z",
  "satellite": 18,
  "flux": 0.0000017244666423721355,
  "observed_flux": 0.0000017555205431563081,
  "electron_correction": 3.105384394075372E-8,
  "electron_contaminaton": false,
  "energy": "0.1-0.8nm"
}
