{
  "time_tag": "2026-03-21T14:39:00Z",
  "satellite": 18,
  "flux": 3.820226766038104E-7,
  "observed_flux": 3.9769551563040295E-7,
  "electron_correction": 1.567285323744727E-8,
  "electron_contaminaton": false,
  "energy": "0.1-0.8nm"
}
