{
  "time_tag": "2026-02-03T11:54:00Z",
  "satellite": 18,
  "flux": 0.000006051664968254045,
  "observed_flux": 0.000006055901394574903,
  "electron_correction": 4.23636548063655E-9,
  "electron_contaminaton": false,
  "energy": "0.1-0.8nm"
}
