{
    "time_tag": "2026-06-04T11:13:00Z",
    "satellite": 18,
    "flux": 1.2140103535784874e-06,
    "observed_flux": 1.21747564207908e-06,
    "electron_correction": 3.4652964941983555e-09,
    "electron_contaminaton": false,
    "energy": "0.1-0.8nm"
}