{
    "time_tag": "2026-05-08T11:32:00Z",
    "satellite": 18,
    "flux": 5.56311022137379e-07,
    "observed_flux": 5.581738378168666e-07,
    "electron_correction": 1.862849652312093e-09,
    "electron_contaminaton": false,
    "energy": "0.1-0.8nm"
}