{
  "time_tag": "2026-06-04T22:54:00Z",
  "satellite": 18,
  "flux": 0.0000011387910490157083,
  "observed_flux": 0.0000011492395515233511,
  "electron_correction": 1.0448514942140719E-8,
  "electron_contaminaton": false,
  "energy": "0.1-0.8nm"
}
