{
  "time_tag": "2026-03-12T20:43:00Z",
  "satellite": 18,
  "flux": 9.361237403027189E-7,
  "observed_flux": 9.629249007048202E-7,
  "electron_correction": 2.680122790366113E-8,
  "electron_contaminaton": false,
  "energy": "0.1-0.8nm"
}
