{
  "time_tag": "2026-02-24T05:37:00Z",
  "satellite": 18,
  "flux": 6.197762445481203E-7,
  "observed_flux": 6.50778247290873E-7,
  "electron_correction": 3.1001970768329556E-8,
  "electron_contaminaton": false,
  "energy": "0.1-0.8nm"
}
