{
  "time_tag": "2026-02-24T18:04:00Z",
  "satellite": 18,
  "flux": 0.00000294218307317351,
  "observed_flux": 0.0000030112482818367425,
  "electron_correction": 6.906525129579677E-8,
  "electron_contaminaton": false,
  "energy": "0.1-0.8nm"
}
