{
  "time_tag": "2025-12-22T05:18:00Z",
  "satellite": 18,
  "flux": 0.0000016601660490778158,
  "observed_flux": 0.0000016743174455768894,
  "electron_correction": 1.4151366301007329E-8,
  "electron_contaminaton": false,
  "energy": "0.1-0.8nm"
}
