{
  "time_tag": "2026-03-11T19:41:00Z",
  "satellite": 18,
  "flux": 6.372279131028336E-7,
  "observed_flux": 6.956344691388949E-7,
  "electron_correction": 5.8406556036061374E-8,
  "electron_contaminaton": false,
  "energy": "0.1-0.8nm"
}
