{
    "time_tag": "2026-05-17T19:31:00Z",
    "satellite": 18,
    "flux": 5.564325533669034e-07,
    "observed_flux": 6.357226425279805e-07,
    "electron_correction": 7.929011047735912e-08,
    "electron_contaminaton": false,
    "energy": "0.1-0.8nm"
}