{
    "time_tag": "2026-05-10T21:25:00Z",
    "satellite": 18,
    "flux": 9.361253887618659e-07,
    "observed_flux": 9.586738087818958e-07,
    "electron_correction": 2.254844666538247e-08,
    "electron_contaminaton": false,
    "energy": "0.1-0.8nm"
}