{
  "time_tag": "2026-01-19T14:19:00Z",
  "satellite": 18,
  "flux": 0.000002558259211582481,
  "observed_flux": 0.0000025997146622103173,
  "electron_correction": 4.145552878753733E-8,
  "electron_contaminaton": false,
  "energy": "0.1-0.8nm"
}
