{
  "time_tag": "2025-12-19T06:19:00Z",
  "satellite": 18,
  "flux": 0.0000016649942153890152,
  "observed_flux": 0.0000016928463537624339,
  "electron_correction": 2.785217034784182E-8,
  "electron_contaminaton": false,
  "energy": "0.1-0.8nm"
}
