{
  "time_tag": "2026-05-10T05:49:00Z",
  "satellite": 18,
  "flux": 9.528288273941143E-7,
  "observed_flux": 9.65796289165155E-7,
  "electron_correction": 1.2967436013866518E-8,
  "electron_contaminaton": false,
  "energy": "0.1-0.8nm"
}
