{
  "time_tag": "2026-03-09T18:28:00Z",
  "satellite": 18,
  "flux": 5.637838285110774E-7,
  "observed_flux": 6.151915385999018E-7,
  "electron_correction": 5.1407660350832884E-8,
  "electron_contaminaton": false,
  "energy": "0.1-0.8nm"
}
