{
  "time_tag": "2025-12-09T08:24:00Z",
  "satellite": 18,
  "flux": 0.000004711194378614891,
  "observed_flux": 0.000004725761755253188,
  "electron_correction": 1.4567487660599454E-8,
  "electron_contaminaton": false,
  "energy": "0.1-0.8nm"
}
