{
  "time_tag": "2026-05-20T23:32:00Z",
  "satellite": 18,
  "flux": 6.940651360309857E-7,
  "observed_flux": 7.376514759016572E-7,
  "electron_correction": 4.358629723810736E-8,
  "electron_contaminaton": false,
  "energy": "0.1-0.8nm"
}
