{
    "time_tag": "2026-05-02T07:35:00Z",
    "satellite": 18,
    "flux": 9.885862937153433e-07,
    "observed_flux": 1.0112914878845913e-06,
    "electron_correction": 2.27051586421112e-08,
    "electron_contaminaton": false,
    "energy": "0.1-0.8nm"
}