{
  "time_tag": "2026-06-27T17:05:00Z",
  "satellite": 18,
  "flux": 0.000001255921461051912,
  "observed_flux": 0.0000013050459983787732,
  "electron_correction": 4.912455509042957E-8,
  "electron_contaminaton": false,
  "energy": "0.1-0.8nm"
}
