{
    "time_tag": "2026-04-26T12:25:00Z",
    "satellite": 18,
    "flux": 1.9080218862654874e-06,
    "observed_flux": 1.912197376441327e-06,
    "electron_correction": 4.175538137474177e-09,
    "electron_contaminaton": false,
    "energy": "0.1-0.8nm"
}