{
  "time_tag": "2026-06-30T06:35:00Z",
  "satellite": 18,
  "flux": 0.0000037796905871800845,
  "observed_flux": 0.000003800190825131722,
  "electron_correction": 2.0500177555504706E-8,
  "electron_contaminaton": false,
  "energy": "0.1-0.8nm"
}
