{
  "time_tag": "2026-02-05T13:50:00Z",
  "satellite": 18,
  "flux": 0.00000310230529976252,
  "observed_flux": 0.0000031098900308279553,
  "electron_correction": 7.584798566995232E-9,
  "electron_contaminaton": false,
  "energy": "0.1-0.8nm"
}
