{
  "time_tag": "2026-01-24T03:39:00Z",
  "satellite": 18,
  "flux": 0.0000028078768536943244,
  "observed_flux": 0.0000028550141450978117,
  "electron_correction": 4.7137408643038725E-8,
  "electron_contaminaton": false,
  "energy": "0.1-0.8nm"
}
