{
  "time_tag": "2026-02-07T15:36:00Z",
  "satellite": 18,
  "flux": 0.0000017561426375323208,
  "observed_flux": 0.0000017964410972126643,
  "electron_correction": 4.02984454694888E-8,
  "electron_contaminaton": false,
  "energy": "0.1-0.8nm"
}
