{
  "time_tag": "2026-01-25T20:19:00Z",
  "satellite": 18,
  "flux": 0.00000300578108181071,
  "observed_flux": 0.000003095456349910819,
  "electron_correction": 8.967547415750232E-8,
  "electron_contaminaton": false,
  "energy": "0.1-0.8nm"
}
