{
  "time_tag": "2025-12-28T17:17:00Z",
  "satellite": 18,
  "flux": 0.0000015587045254505938,
  "observed_flux": 0.0000016158664948306978,
  "electron_correction": 5.71619835909587E-8,
  "electron_contaminaton": false,
  "energy": "0.1-0.8nm"
}
