{
    "time_tag": "2026-04-22T15:34:00Z",
    "satellite": 18,
    "flux": 6.018513545313908e-07,
    "observed_flux": 6.374103804773767e-07,
    "electron_correction": 3.555903305141328e-08,
    "electron_contaminaton": false,
    "energy": "0.1-0.8nm"
}