{
  "time_tag": "2026-03-22T10:08:00Z",
  "satellite": 18,
  "flux": 6.475872282862838E-7,
  "observed_flux": 6.475975169450976E-7,
  "electron_correction": 1.025190956432942E-11,
  "electron_contaminaton": false,
  "energy": "0.1-0.8nm"
}
