{
  "time_tag": "2026-03-24T06:04:00Z",
  "satellite": 18,
  "flux": 5.834154990225215E-7,
  "observed_flux": 6.054353889339836E-7,
  "electron_correction": 2.201988280603473E-8,
  "electron_contaminaton": false,
  "energy": "0.1-0.8nm"
}
