{
  "time_tag": "2026-01-03T14:17:00Z",
  "satellite": 18,
  "flux": 0.0000012393468296068022,
  "observed_flux": 0.0000012918999345856719,
  "electron_correction": 5.2553115637010706E-8,
  "electron_contaminaton": false,
  "energy": "0.1-0.8nm"
}
