{
  "time_tag": "2026-02-11T23:25:00Z",
  "satellite": 18,
  "flux": 0.000001764253397595894,
  "observed_flux": 0.0000018237783478980418,
  "electron_correction": 5.952493609129306E-8,
  "electron_contaminaton": false,
  "energy": "0.1-0.8nm"
}
