{
  "time_tag": "2026-05-08T17:25:00Z",
  "satellite": 18,
  "flux": 8.075947448560328E-7,
  "observed_flux": 8.256494083980215E-7,
  "electron_correction": 1.805464577842031E-8,
  "electron_contaminaton": false,
  "energy": "0.1-0.8nm"
}
