{
  "time_tag": "2026-03-10T23:21:00Z",
  "satellite": 18,
  "flux": 5.850123443451594E-7,
  "observed_flux": 6.407666433005943E-7,
  "electron_correction": 5.5754266981011824E-8,
  "electron_contaminaton": false,
  "energy": "0.1-0.8nm"
}
