{
  "time_tag": "2026-06-25T21:02:00Z",
  "satellite": 18,
  "flux": 0.0000012980985957256053,
  "observed_flux": 0.000001384566530759912,
  "electron_correction": 8.646794924516144E-8,
  "electron_contaminaton": false,
  "energy": "0.1-0.8nm"
}
