{
  "time_tag": "2026-01-07T04:25:00Z",
  "satellite": 18,
  "flux": 0.0000010355704489484197,
  "observed_flux": 0.0000010557486120887916,
  "electron_correction": 2.01781809039403E-8,
  "electron_contaminaton": false,
  "energy": "0.1-0.8nm"
}
