{
    "time_tag": "2026-06-26T22:58:00Z",
    "satellite": 18,
    "flux": 1.42109297485149e-06,
    "observed_flux": 1.5064357512528659e-06,
    "electron_correction": 8.534273376881174e-08,
    "electron_contaminaton": false,
    "energy": "0.1-0.8nm"
}