{
  "time_tag": "2026-06-25T13:03:00Z",
  "satellite": 18,
  "flux": 0.0000017209032421305892,
  "observed_flux": 0.0000017353663679386955,
  "electron_correction": 1.446318620423881E-8,
  "electron_contaminaton": false,
  "energy": "0.1-0.8nm"
}
