{
  "time_tag": "2026-03-09T11:13:00Z",
  "satellite": 18,
  "flux": 8.491898597640102E-7,
  "observed_flux": 8.615241995357792E-7,
  "electron_correction": 1.2334348653553207E-8,
  "electron_contaminaton": false,
  "energy": "0.1-0.8nm"
}
