{
    "time_tag": "2026-05-18T00:12:00Z",
    "satellite": 18,
    "flux": 5.476931050907297e-07,
    "observed_flux": 6.079221748223063e-07,
    "electron_correction": 6.022905552072189e-08,
    "electron_contaminaton": false,
    "energy": "0.1-0.8nm"
}