{
  "time_tag": "2026-03-21T16:40:00Z",
  "satellite": 18,
  "flux": 4.1523259142195457E-7,
  "observed_flux": 4.3641301772368024E-7,
  "electron_correction": 2.1180415643584638E-8,
  "electron_contaminaton": false,
  "energy": "0.1-0.8nm"
}
