{
  "time_tag": "2025-12-08T21:21:00Z",
  "satellite": 18,
  "flux": 0.00002666179534571711,
  "observed_flux": 0.000026689624064601958,
  "electron_correction": 2.7827425697068975E-8,
  "electron_contaminaton": false,
  "energy": "0.1-0.8nm"
}
