{
  "time_tag": "2026-02-11T13:58:00Z",
  "satellite": 18,
  "flux": 0.000004063788765051868,
  "observed_flux": 0.0000040907370930654,
  "electron_correction": 2.6948228537548857E-8,
  "electron_contaminaton": false,
  "energy": "0.1-0.8nm"
}
