{
  "time_tag": "2026-01-26T10:22:00Z",
  "satellite": 18,
  "flux": 0.0000010239863286187756,
  "observed_flux": 0.0000010273464567944757,
  "electron_correction": 3.360158595810958E-9,
  "electron_contaminaton": false,
  "energy": "0.1-0.8nm"
}
