{
  "time_tag": "2026-04-20T23:47:00Z",
  "satellite": 18,
  "flux": 7.555557317573403E-7,
  "observed_flux": 7.722999271209119E-7,
  "electron_correction": 1.6744214903496868E-8,
  "electron_contaminaton": false,
  "energy": "0.1-0.8nm"
}
