{
  "time_tag": "2026-04-26T22:40:00Z",
  "satellite": 18,
  "flux": 0.000003529976538629853,
  "observed_flux": 0.0000035675336675922154,
  "electron_correction": 3.7556947773964566E-8,
  "electron_contaminaton": false,
  "energy": "0.1-0.8nm"
}
