{
    "time_tag": "2026-05-03T06:33:00Z",
    "satellite": 18,
    "flux": 1.082581093214685e-06,
    "observed_flux": 1.0867456694541033e-06,
    "electron_correction": 4.164554034957746e-09,
    "electron_contaminaton": false,
    "energy": "0.1-0.8nm"
}