{
  "time_tag": "2025-12-28T14:18:00Z",
  "satellite": 18,
  "flux": 0.000002960787242045626,
  "observed_flux": 0.0000029836828616680577,
  "electron_correction": 2.2895708440273665E-8,
  "electron_contaminaton": false,
  "energy": "0.1-0.8nm"
}
