{
  "time_tag": "2026-03-29T22:41:00Z",
  "satellite": 18,
  "flux": 9.585264706402086E-7,
  "observed_flux": 9.75084162746498E-7,
  "electron_correction": 1.655767256636409E-8,
  "electron_contaminaton": false,
  "energy": "0.1-0.8nm"
}
