{
    "time_tag": "2026-04-30T19:19:00Z",
    "satellite": 18,
    "flux": 1.0304323723175912e-06,
    "observed_flux": 1.0358494364481885e-06,
    "electron_correction": 5.416994408591336e-09,
    "electron_contaminaton": false,
    "energy": "0.1-0.8nm"
}