{
  "time_tag": "2026-01-11T08:19:00Z",
  "satellite": 18,
  "flux": 5.180298217055679E-7,
  "observed_flux": 5.194490313442657E-7,
  "electron_correction": 1.4191697816912097E-9,
  "electron_contaminaton": false,
  "energy": "0.1-0.8nm"
}
