{
  "time_tag": "2026-05-04T17:27:00Z",
  "satellite": 18,
  "flux": 0.0000012522094721134636,
  "observed_flux": 0.000001273782004318491,
  "electron_correction": 2.1572489572463383E-8,
  "electron_contaminaton": false,
  "energy": "0.1-0.8nm"
}
