{
    "time_tag": "2026-06-27T19:02:00Z",
    "satellite": 18,
    "flux": 2.684180344658671e-06,
    "observed_flux": 2.741674279604922e-06,
    "electron_correction": 5.749390652454167e-08,
    "electron_contaminaton": false,
    "energy": "0.1-0.8nm"
}