{
  "time_tag": "2026-02-28T09:03:00Z",
  "satellite": 18,
  "flux": 8.333569212481962E-7,
  "observed_flux": 8.534312314623094E-7,
  "electron_correction": 2.0074262252478547E-8,
  "electron_contaminaton": false,
  "energy": "0.1-0.8nm"
}
