{
  "time_tag": "2026-06-28T02:13:00Z",
  "satellite": 18,
  "flux": 0.0000017101034472943866,
  "observed_flux": 0.0000017504676179669332,
  "electron_correction": 4.036413159269614E-8,
  "electron_contaminaton": false,
  "energy": "0.1-0.8nm"
}
