{
  "time_tag": "2026-04-18T19:44:00Z",
  "satellite": 18,
  "flux": 3.323747250760789E-7,
  "observed_flux": 3.7806375985383056E-7,
  "electron_correction": 4.5689048988606373E-8,
  "electron_contaminaton": false,
  "energy": "0.1-0.8nm"
}
