{
  "time_tag": "2026-03-21T21:04:00Z",
  "satellite": 18,
  "flux": 4.6251446406131436E-7,
  "observed_flux": 4.87555553263519E-7,
  "electron_correction": 2.5041073214993048E-8,
  "electron_contaminaton": false,
  "energy": "0.1-0.8nm"
}
