{
  "time_tag": "2026-02-14T06:24:00Z",
  "satellite": 18,
  "flux": 0.0000010046278475783765,
  "observed_flux": 0.0000010202982139162486,
  "electron_correction": 1.5670286401814337E-8,
  "electron_contaminaton": false,
  "energy": "0.1-0.8nm"
}
