{
  "time_tag": "2026-03-17T05:37:00Z",
  "satellite": 18,
  "flux": 0.0000011488106110846275,
  "observed_flux": 0.000001168010840046918,
  "electron_correction": 1.9200209422365333E-8,
  "electron_contaminaton": false,
  "energy": "0.1-0.8nm"
}
