{
  "time_tag": "2026-03-14T21:49:00Z",
  "satellite": 18,
  "flux": 7.195415605565358E-7,
  "observed_flux": 7.815148705958563E-7,
  "electron_correction": 6.197328161761106E-8,
  "electron_contaminaton": false,
  "energy": "0.1-0.8nm"
}
