{
    "time_tag": "2026-05-20T22:49:00Z",
    "satellite": 18,
    "flux": 6.255913831409998e-07,
    "observed_flux": 6.790623956476338e-07,
    "electron_correction": 5.3471044481057106e-08,
    "electron_contaminaton": false,
    "energy": "0.1-0.8nm"
}