{
  "time_tag": "2026-07-01T22:13:00Z",
  "satellite": 18,
  "flux": 0.000003963997187383939,
  "observed_flux": 0.000003978703261964256,
  "electron_correction": 1.470620070165296E-8,
  "electron_contaminaton": false,
  "energy": "0.1-0.8nm"
}
