{
    "time_tag": "2026-06-18T23:01:00Z",
    "satellite": 18,
    "flux": 4.324052156334801e-07,
    "observed_flux": 4.4708144741889555e-07,
    "electron_correction": 1.4676242443556475e-08,
    "electron_contaminaton": false,
    "energy": "0.1-0.8nm"
}