{
    "time_tag": "2026-05-07T22:14:00Z",
    "satellite": 18,
    "flux": 6.992110002101981e-07,
    "observed_flux": 7.436039481945045e-07,
    "electron_correction": 4.439290890445591e-08,
    "electron_contaminaton": false,
    "energy": "0.1-0.8nm"
}