{
    "time_tag": "2026-06-29T21:29:00Z",
    "satellite": 18,
    "flux": 6.621160991926445e-06,
    "observed_flux": 6.65262041366077e-06,
    "electron_correction": 3.145947857774445e-08,
    "electron_contaminaton": false,
    "energy": "0.1-0.8nm"
}