{
    "time_tag": "2026-06-17T10:47:00Z",
    "satellite": 18,
    "flux": 5.180936000215297e-07,
    "observed_flux": 5.234541617937793e-07,
    "electron_correction": 5.360594190761958e-09,
    "electron_contaminaton": false,
    "energy": "0.1-0.8nm"
}