{
  "time_tag": "2026-02-09T10:32:00Z",
  "satellite": 18,
  "flux": 0.000002922990688603022,
  "observed_flux": 0.0000029367718070716364,
  "electron_correction": 1.378107317151489E-8,
  "electron_contaminaton": false,
  "energy": "0.1-0.8nm"
}
