{
  "time_tag": "2026-01-17T08:18:00Z",
  "satellite": 18,
  "flux": 0.0000017442328044126043,
  "observed_flux": 0.0000017669038925305358,
  "electron_correction": 2.2671050814437876E-8,
  "electron_contaminaton": false,
  "energy": "0.1-0.8nm"
}
