{
  "time_tag": "2025-12-16T15:20:00Z",
  "satellite": 18,
  "flux": 6.660765166088822E-7,
  "observed_flux": 6.881068657094147E-7,
  "electron_correction": 2.203033488967776E-8,
  "electron_contaminaton": false,
  "energy": "0.1-0.8nm"
}
