{
    "time_tag": "2026-05-19T04:44:00Z",
    "satellite": 18,
    "flux": 3.3930592735487153e-07,
    "observed_flux": 3.6459113061937387e-07,
    "electron_correction": 2.5285199711788664e-08,
    "electron_contaminaton": false,
    "energy": "0.1-0.8nm"
}