{
    "time_tag": "2026-06-19T00:14:00Z",
    "satellite": 18,
    "flux": 4.803264346264768e-07,
    "observed_flux": 4.899544592262828e-07,
    "electron_correction": 9.628013053486484e-09,
    "electron_contaminaton": false,
    "energy": "0.1-0.8nm"
}