{
  "time_tag": "2026-01-01T23:19:00Z",
  "satellite": 18,
  "flux": 0.0000013482681424648035,
  "observed_flux": 0.000001380492108182807,
  "electron_correction": 3.222389466372988E-8,
  "electron_contaminaton": false,
  "energy": "0.1-0.8nm"
}
