{
  "time_tag": "2026-02-18T13:40:00Z",
  "satellite": 18,
  "flux": 5.326551786311029E-7,
  "observed_flux": 5.855084737049765E-7,
  "electron_correction": 5.285328796844624E-8,
  "electron_contaminaton": false,
  "energy": "0.1-0.8nm"
}
