{
  "time_tag": "2026-02-02T05:41:00Z",
  "satellite": 18,
  "flux": 0.000014802724763285369,
  "observed_flux": 0.000014808241758146323,
  "electron_correction": 5.516437973085431E-9,
  "electron_contaminaton": false,
  "energy": "0.1-0.8nm"
}
