{
  "time_tag": "2026-03-08T21:36:00Z",
  "satellite": 18,
  "flux": 5.983708319945436E-7,
  "observed_flux": 6.540072376992612E-7,
  "electron_correction": 5.563642702099969E-8,
  "electron_contaminaton": false,
  "energy": "0.1-0.8nm"
}
