{
  "time_tag": "2026-05-09T12:32:00Z",
  "satellite": 18,
  "flux": 6.735516535627539E-7,
  "observed_flux": 6.915798280715535E-7,
  "electron_correction": 1.8028181614226924E-8,
  "electron_contaminaton": false,
  "energy": "0.1-0.8nm"
}
