{
  "time_tag": "2026-01-02T07:19:00Z",
  "satellite": 18,
  "flux": 0.0000011175325198564678,
  "observed_flux": 0.0000011289441772532882,
  "electron_correction": 1.1411567690799984E-8,
  "electron_contaminaton": false,
  "energy": "0.1-0.8nm"
}
