{
    "time_tag": "2026-05-23T14:11:00Z",
    "satellite": 18,
    "flux": 2.3612337827216834e-06,
    "observed_flux": 2.3824038635211764e-06,
    "electron_correction": 2.116995290180057e-08,
    "electron_contaminaton": false,
    "energy": "0.1-0.8nm"
}