{
  "time_tag": "2025-12-31T05:19:00Z",
  "satellite": 18,
  "flux": 0.000002249667431897251,
  "observed_flux": 0.0000022532622097060084,
  "electron_correction": 3.594671227347135E-9,
  "electron_contaminaton": false,
  "energy": "0.1-0.8nm"
}
