{
    "time_tag": "2026-04-28T16:18:00Z",
    "satellite": 18,
    "flux": 1.5711530068074353e-06,
    "observed_flux": 1.5801116433067364e-06,
    "electron_correction": 8.95867913186521e-09,
    "electron_contaminaton": false,
    "energy": "0.1-0.8nm"
}