{
  "time_tag": "2025-12-07T04:24:00Z",
  "satellite": 18,
  "flux": 0.0000016039272168200114,
  "observed_flux": 0.0000016208795159400324,
  "electron_correction": 1.6952341752585198E-8,
  "electron_contaminaton": false,
  "energy": "0.1-0.8nm"
}
