{
    "time_tag": "2026-06-12T10:00:00Z",
    "satellite": 18,
    "flux": 5.383681696002895e-07,
    "observed_flux": 5.45151181086112e-07,
    "electron_correction": 6.783011929911709e-09,
    "electron_contaminaton": false,
    "energy": "0.1-0.8nm"
}