{
    "time_tag": "2026-06-05T22:40:00Z",
    "satellite": 18,
    "flux": 4.34523690273636e-06,
    "observed_flux": 4.356391400506254e-06,
    "electron_correction": 1.1154474677255166e-08,
    "electron_contaminaton": false,
    "energy": "0.1-0.8nm"
}