{
    "time_tag": "2026-05-04T12:21:00Z",
    "satellite": 18,
    "flux": 9.089546892937506e-07,
    "observed_flux": 9.107282039622078e-07,
    "electron_correction": 1.7734881341269215e-09,
    "electron_contaminaton": false,
    "energy": "0.1-0.8nm"
}