{
    "time_tag": "2026-05-09T21:07:00Z",
    "satellite": 18,
    "flux": 9.468217285757419e-07,
    "observed_flux": 9.711466191220097e-07,
    "electron_correction": 2.432489942805205e-08,
    "electron_contaminaton": false,
    "energy": "0.1-0.8nm"
}