{
  "time_tag": "2026-06-17T11:10:00Z",
  "satellite": 18,
  "flux": 4.0857099747881875E-7,
  "observed_flux": 4.1510196524541243E-7,
  "electron_correction": 6.5309633257015776E-9,
  "electron_contaminaton": false,
  "energy": "0.1-0.8nm"
}
