{
  "time_tag": "2026-04-27T19:26:00Z",
  "satellite": 18,
  "flux": 8.096945975921699E-7,
  "observed_flux": 8.224335488193901E-7,
  "electron_correction": 1.2738929910938168E-8,
  "electron_contaminaton": false,
  "energy": "0.1-0.8nm"
}
