{
  "time_tag": "2026-03-20T05:09:00Z",
  "satellite": 18,
  "flux": 2.6902344529844413E-7,
  "observed_flux": 2.7180720962860505E-7,
  "electron_correction": 2.783774988301957E-9,
  "electron_contaminaton": false,
  "energy": "0.1-0.8nm"
}
