{
  "time_tag": "2026-06-28T00:03:00Z",
  "satellite": 18,
  "flux": 0.0000023635859633941436,
  "observed_flux": 0.0000024074474822555203,
  "electron_correction": 4.3861533072231396E-8,
  "electron_contaminaton": false,
  "energy": "0.1-0.8nm"
}
