{
  "time_tag": "2026-02-18T10:44:00Z",
  "satellite": 18,
  "flux": 4.1668639028102916E-7,
  "observed_flux": 4.4377131303008355E-7,
  "electron_correction": 2.708493873626594E-8,
  "electron_contaminaton": false,
  "energy": "0.1-0.8nm"
}
