{
  "time_tag": "2026-03-22T11:05:00Z",
  "satellite": 18,
  "flux": 7.853438432903204E-7,
  "observed_flux": 9.848059789874242E-7,
  "electron_correction": 1.9946216411881323E-7,
  "electron_contaminaton": false,
  "energy": "0.1-0.8nm"
}
