{
  "time_tag": "2026-01-04T06:20:00Z",
  "satellite": 18,
  "flux": 0.0000010730083204180119,
  "observed_flux": 0.0000010996983519362402,
  "electron_correction": 2.6690029741871513E-8,
  "electron_contaminaton": false,
  "energy": "0.1-0.8nm"
}
