{
  "time_tag": "2026-02-03T05:59:00Z",
  "satellite": 18,
  "flux": 0.00001983173206099309,
  "observed_flux": 0.000019841067114612088,
  "electron_correction": 9.336652340152796E-9,
  "electron_contaminaton": false,
  "energy": "0.1-0.8nm"
}
