{
  "time_tag": "2026-03-02T23:04:00Z",
  "satellite": 18,
  "flux": 8.37035258882679E-7,
  "observed_flux": 8.772803425927123E-7,
  "electron_correction": 4.0245083710033214E-8,
  "electron_contaminaton": false,
  "energy": "0.1-0.8nm"
}
