{
    "time_tag": "2026-06-02T22:50:00Z",
    "satellite": 18,
    "flux": 1.2940707847519661e-06,
    "observed_flux": 1.3268021348267212e-06,
    "electron_correction": 3.273137494375078e-08,
    "electron_contaminaton": false,
    "energy": "0.1-0.8nm"
}