{
    "time_tag": "2026-07-02T10:33:00Z",
    "satellite": 18,
    "flux": 6.01775400355109e-06,
    "observed_flux": 6.024924914527219e-06,
    "electron_correction": 7.171079285939186e-09,
    "electron_contaminaton": false,
    "energy": "0.1-0.8nm"
}