{
  "time_tag": "2026-02-28T19:45:00Z",
  "satellite": 18,
  "flux": 0.00000113273733859387,
  "observed_flux": 0.0000011797374099842273,
  "electron_correction": 4.7000096259353086E-8,
  "electron_contaminaton": false,
  "energy": "0.1-0.8nm"
}
