{
  "time_tag": "2025-12-25T20:18:00Z",
  "satellite": 18,
  "flux": 0.0000016095639239210868,
  "observed_flux": 0.0000016620590486127185,
  "electron_correction": 5.249514600791372E-8,
  "electron_contaminaton": false,
  "energy": "0.1-0.8nm"
}
