{
  "time_tag": "2026-06-24T23:03:00Z",
  "satellite": 18,
  "flux": 0.0000013094266932967003,
  "observed_flux": 0.0000013171670616429765,
  "electron_correction": 7.740375451703585E-9,
  "electron_contaminaton": false,
  "energy": "0.1-0.8nm"
}
