{
  "time_tag": "2026-03-04T12:11:00Z",
  "satellite": 18,
  "flux": 5.376420517677616E-7,
  "observed_flux": 5.457435463540605E-7,
  "electron_correction": 8.101484816336324E-9,
  "electron_contaminaton": false,
  "energy": "0.1-0.8nm"
}
