{
  "time_tag": "2026-04-25T17:42:00Z",
  "satellite": 18,
  "flux": 0.0000013902032378609874,
  "observed_flux": 0.0000014033072375241318,
  "electron_correction": 1.3104044072065335E-8,
  "electron_contaminaton": false,
  "energy": "0.1-0.8nm"
}
