{
  "time_tag": "2025-12-29T20:18:00Z",
  "satellite": 18,
  "flux": 0.000003134650796710048,
  "observed_flux": 0.0000031809352094569476,
  "electron_correction": 4.6284519328310125E-8,
  "electron_contaminaton": false,
  "energy": "0.1-0.8nm"
}
