{
  "time_tag": "2026-05-11T15:44:00Z",
  "satellite": 18,
  "flux": 6.673035954918305E-7,
  "observed_flux": 6.796506681894243E-7,
  "electron_correction": 1.2347048716776499E-8,
  "electron_contaminaton": false,
  "energy": "0.1-0.8nm"
}
