{
  "time_tag": "2026-02-04T19:12:00Z",
  "satellite": 18,
  "flux": 0.0000020304269128246233,
  "observed_flux": 0.000002041627340076957,
  "electron_correction": 1.1200516958354001E-8,
  "electron_contaminaton": false,
  "energy": "0.1-0.8nm"
}
