{
  "time_tag": "2026-03-14T23:38:00Z",
  "satellite": 18,
  "flux": 6.30984004601487E-7,
  "observed_flux": 6.636294642703433E-7,
  "electron_correction": 3.264545966885635E-8,
  "electron_contaminaton": false,
  "energy": "0.1-0.8nm"
}
