{
    "time_tag": "2026-05-15T07:29:00Z",
    "satellite": 18,
    "flux": 5.991719831399678e-07,
    "observed_flux": 6.00769055836281e-07,
    "electron_correction": 1.5970678113319536e-09,
    "electron_contaminaton": false,
    "energy": "0.1-0.8nm"
}