{
    "time_tag": "2026-05-19T17:42:00Z",
    "satellite": 18,
    "flux": 3.948493656480423e-07,
    "observed_flux": 4.683464567278861e-07,
    "electron_correction": 7.349709818527117e-08,
    "electron_contaminaton": false,
    "energy": "0.1-0.8nm"
}