{
  "time_tag": "2026-05-11T06:11:00Z",
  "satellite": 18,
  "flux": 5.316459237292293E-7,
  "observed_flux": 5.402486067396239E-7,
  "electron_correction": 8.602653700506835E-9,
  "electron_contaminaton": false,
  "energy": "0.1-0.8nm"
}
