{
  "time_tag": "2026-02-01T22:22:00Z",
  "satellite": 18,
  "flux": 0.000006189924079080811,
  "observed_flux": 0.000006219651822902961,
  "electron_correction": 2.9727566186465992E-8,
  "electron_contaminaton": false,
  "energy": "0.1-0.8nm"
}
