{
  "time_tag": "2026-03-15T21:50:00Z",
  "satellite": 18,
  "flux": 4.1150914853460563E-7,
  "observed_flux": 4.7186247797981196E-7,
  "electron_correction": 6.035332233977897E-8,
  "electron_contaminaton": false,
  "energy": "0.1-0.8nm"
}
