{
  "time_tag": "2026-02-28T14:36:00Z",
  "satellite": 18,
  "flux": 0.0000014420602383324876,
  "observed_flux": 0.0000014908365528754075,
  "electron_correction": 4.877626480492836E-8,
  "electron_contaminaton": false,
  "energy": "0.1-0.8nm"
}
