{
  "time_tag": "2026-02-26T14:31:00Z",
  "satellite": 18,
  "flux": 7.849002372495306E-7,
  "observed_flux": 8.096387205114297E-7,
  "electron_correction": 2.473851345996536E-8,
  "electron_contaminaton": false,
  "energy": "0.1-0.8nm"
}
