{
    "time_tag": "2026-05-18T03:22:00Z",
    "satellite": 18,
    "flux": 4.901313559457776e-07,
    "observed_flux": 5.259151407699392e-07,
    "electron_correction": 3.5783759955165806e-08,
    "electron_contaminaton": false,
    "energy": "0.1-0.8nm"
}