{
  "time_tag": "2026-02-26T21:42:00Z",
  "satellite": 18,
  "flux": 8.650117706565652E-7,
  "observed_flux": 9.37983486437588E-7,
  "electron_correction": 7.297170867559544E-8,
  "electron_contaminaton": false,
  "energy": "0.1-0.8nm"
}
