{
    "time_tag": "2026-05-23T13:36:00Z",
    "satellite": 18,
    "flux": 9.975096872949507e-07,
    "observed_flux": 1.0172328757107607e-06,
    "electron_correction": 1.9723165323171088e-08,
    "electron_contaminaton": false,
    "energy": "0.1-0.8nm"
}