{
  "time_tag": "2025-12-10T17:22:00Z",
  "satellite": 18,
  "flux": 0.0000016022776208046707,
  "observed_flux": 0.0000016253112562480965,
  "electron_correction": 2.3033694063201438E-8,
  "electron_contaminaton": false,
  "energy": "0.1-0.8nm"
}
