{
    "time_tag": "2026-04-23T21:21:00Z",
    "satellite": 18,
    "flux": 1.1793124485848239e-06,
    "observed_flux": 1.2234720543347066e-06,
    "electron_correction": 4.4159587986314364e-08,
    "electron_contaminaton": false,
    "energy": "0.1-0.8nm"
}