{
    "time_tag": "2026-06-10T01:18:00Z",
    "satellite": 18,
    "flux": 8.709957342034613e-07,
    "observed_flux": 8.930473995860666e-07,
    "electron_correction": 2.2051642289966367e-08,
    "electron_contaminaton": false,
    "energy": "0.1-0.8nm"
}