{
    "time_tag": "2026-05-04T19:54:00Z",
    "satellite": 18,
    "flux": 1.2349546523182653e-06,
    "observed_flux": 1.2416053323249798e-06,
    "electron_correction": 6.6506067319949125e-09,
    "electron_contaminaton": false,
    "energy": "0.1-0.8nm"
}