{
  "time_tag": "2026-03-17T11:28:00Z",
  "satellite": 18,
  "flux": 4.7087075927265687E-7,
  "observed_flux": 4.933257287120796E-7,
  "electron_correction": 2.245497121577955E-8,
  "electron_contaminaton": false,
  "energy": "0.1-0.8nm"
}
