{
  "time_tag": "2026-06-25T12:12:00Z",
  "satellite": 18,
  "flux": 0.0000014455140444624703,
  "observed_flux": 0.0000014580142533304752,
  "electron_correction": 1.2500248836033734E-8,
  "electron_contaminaton": false,
  "energy": "0.1-0.8nm"
}
