{
  "time_tag": "2026-05-09T18:31:00Z",
  "satellite": 18,
  "flux": 7.918229130154941E-7,
  "observed_flux": 8.200248657885822E-7,
  "electron_correction": 2.820193145680605E-8,
  "electron_contaminaton": false,
  "energy": "0.1-0.8nm"
}
