{
  "time_tag": "2026-01-23T03:45:00Z",
  "satellite": 18,
  "flux": 0.0000013138701433490496,
  "observed_flux": 0.0000013158193041817867,
  "electron_correction": 1.9491626090939462E-9,
  "electron_contaminaton": false,
  "energy": "0.1-0.8nm"
}
