{
    "time_tag": "2026-04-30T21:15:00Z",
    "satellite": 18,
    "flux": 9.990948228733032e-07,
    "observed_flux": 1.010358914754761e-06,
    "electron_correction": 1.1264119414988727e-08,
    "electron_contaminaton": false,
    "energy": "0.1-0.8nm"
}