{
  "time_tag": "2026-02-21T16:22:00Z",
  "satellite": 18,
  "flux": 3.424295300646918E-7,
  "observed_flux": 3.531128243139392E-7,
  "electron_correction": 1.068329691378267E-8,
  "electron_contaminaton": false,
  "energy": "0.1-0.8nm"
}
