{
  "time_tag": "2026-03-11T06:16:00Z",
  "satellite": 18,
  "flux": 5.489771410793765E-7,
  "observed_flux": 5.569614245359844E-7,
  "electron_correction": 7.984280792072695E-9,
  "electron_contaminaton": false,
  "energy": "0.1-0.8nm"
}
