{
  "time_tag": "2026-03-22T06:01:00Z",
  "satellite": 18,
  "flux": 4.5445224827744823E-7,
  "observed_flux": 4.7606030761926377E-7,
  "electron_correction": 2.160804157824714E-8,
  "electron_contaminaton": false,
  "energy": "0.1-0.8nm"
}
