{
  "time_tag": "2026-04-17T15:17:00Z",
  "satellite": 18,
  "flux": 3.734128597443487E-7,
  "observed_flux": 3.779643122925336E-7,
  "electron_correction": 4.551457433166206E-9,
  "electron_contaminaton": false,
  "energy": "0.1-0.8nm"
}
