{
  "time_tag": "2026-04-20T18:02:00Z",
  "satellite": 18,
  "flux": 5.497363986251003E-7,
  "observed_flux": 6.458591315094964E-7,
  "electron_correction": 9.61227328843961E-8,
  "electron_contaminaton": false,
  "energy": "0.1-0.8nm"
}
