{
  "time_tag": "2026-02-26T00:51:00Z",
  "satellite": 18,
  "flux": 0.0000013491957133737742,
  "observed_flux": 0.0000014002880561747588,
  "electron_correction": 5.109233569555727E-8,
  "electron_contaminaton": false,
  "energy": "0.1-0.8nm"
}
