{
  "time_tag": "2026-02-28T23:34:00Z",
  "satellite": 18,
  "flux": 0.000001136209789365239,
  "observed_flux": 0.0000011920333236048464,
  "electron_correction": 5.5823516476039003E-8,
  "electron_contaminaton": false,
  "energy": "0.1-0.8nm"
}
