{
  "time_tag": "2026-03-01T13:42:00Z",
  "satellite": 18,
  "flux": 0.0000014042921065993141,
  "observed_flux": 0.0000014275595958679332,
  "electron_correction": 2.3267451965125474E-8,
  "electron_contaminaton": false,
  "energy": "0.1-0.8nm"
}
