{
  "time_tag": "2026-01-21T02:50:00Z",
  "satellite": 18,
  "flux": 0.000002087533403027919,
  "observed_flux": 0.000002106758756781346,
  "electron_correction": 1.9225458558480568E-8,
  "electron_contaminaton": false,
  "energy": "0.1-0.8nm"
}
