{
  "time_tag": "2026-02-11T10:29:00Z",
  "satellite": 18,
  "flux": 0.0000012710032706308994,
  "observed_flux": 0.0000012879543191957055,
  "electron_correction": 1.6951128500863888E-8,
  "electron_contaminaton": false,
  "energy": "0.1-0.8nm"
}
