{
    "time_tag": "2026-05-26T22:52:00Z",
    "satellite": 18,
    "flux": 9.815705652727047e-07,
    "observed_flux": 9.875025170913432e-07,
    "electron_correction": 5.93186655351019e-09,
    "electron_contaminaton": false,
    "energy": "0.1-0.8nm"
}