{
  "time_tag": "2026-06-06T18:04:00Z",
  "satellite": 18,
  "flux": 0.0000015301593521144241,
  "observed_flux": 0.0000015814653124834877,
  "electron_correction": 5.1305917736499396E-8,
  "electron_contaminaton": false,
  "energy": "0.1-0.8nm"
}
