{
  "time_tag": "2026-04-20T15:41:00Z",
  "satellite": 18,
  "flux": 5.34808123120456E-7,
  "observed_flux": 5.49245612546656E-7,
  "electron_correction": 1.4437465445382713E-8,
  "electron_contaminaton": false,
  "energy": "0.1-0.8nm"
}
