{
    "time_tag": "2026-06-24T20:00:00Z",
    "satellite": 18,
    "flux": 9.280600465899624e-07,
    "observed_flux": 9.440245776204392e-07,
    "electron_correction": 1.5964543464974668e-08,
    "electron_contaminaton": false,
    "energy": "0.1-0.8nm"
}