{
  "time_tag": "2026-06-02T22:25:00Z",
  "satellite": 18,
  "flux": 0.0000011164659099449636,
  "observed_flux": 0.0000011501357448651106,
  "electron_correction": 3.366974965501868E-8,
  "electron_contaminaton": false,
  "energy": "0.1-0.8nm"
}
