{
  "time_tag": "2025-12-09T16:23:00Z",
  "satellite": 18,
  "flux": 0.000002492624162186985,
  "observed_flux": 0.000002519068402762059,
  "electron_correction": 2.6444215706078467E-8,
  "electron_contaminaton": false,
  "energy": "0.1-0.8nm"
}
