{
    "time_tag": "2026-05-31T21:47:00Z",
    "satellite": 18,
    "flux": 1.424493120794068e-06,
    "observed_flux": 1.4742751091034734e-06,
    "electron_correction": 4.978198120397792e-08,
    "electron_contaminaton": false,
    "energy": "0.1-0.8nm"
}