{
  "time_tag": "2026-03-15T11:49:00Z",
  "satellite": 18,
  "flux": 4.2402390931783884E-7,
  "observed_flux": 4.3964911355942604E-7,
  "electron_correction": 1.562519891251668E-8,
  "electron_contaminaton": false,
  "energy": "0.1-0.8nm"
}
