{
  "time_tag": "2026-03-21T08:22:00Z",
  "satellite": 18,
  "flux": 3.7518867657126975E-7,
  "observed_flux": 3.7624144511028135E-7,
  "electron_correction": 1.0527555494022067E-9,
  "electron_contaminaton": false,
  "energy": "0.1-0.8nm"
}
