{
  "time_tag": "2026-06-30T23:16:00Z",
  "satellite": 18,
  "flux": 0.000004476205049286364,
  "observed_flux": 0.000004489000730245607,
  "electron_correction": 1.2795888792993537E-8,
  "electron_contaminaton": false,
  "energy": "0.1-0.8nm"
}
