{
    "time_tag": "2026-06-12T19:22:00Z",
    "satellite": 18,
    "flux": 1.7971423176277312e-06,
    "observed_flux": 1.8409211861580843e-06,
    "electron_correction": 4.377888274120778e-08,
    "electron_contaminaton": false,
    "energy": "0.1-0.8nm"
}