{
    "time_tag": "2026-06-01T16:57:00Z",
    "satellite": 18,
    "flux": 8.053851843214943e-07,
    "observed_flux": 8.384357670365716e-07,
    "electron_correction": 3.305057560964997e-08,
    "electron_contaminaton": false,
    "energy": "0.1-0.8nm"
}