{
  "time_tag": "2026-01-12T04:33:00Z",
  "satellite": 18,
  "flux": 0.000002918621021308354,
  "observed_flux": 0.00000294232927444682,
  "electron_correction": 2.37081536624828E-8,
  "electron_contaminaton": false,
  "energy": "0.1-0.8nm"
}
