{
  "time_tag": "2025-12-21T22:17:00Z",
  "satellite": 18,
  "flux": 0.0000024888308871595655,
  "observed_flux": 0.0000025208585157088237,
  "electron_correction": 3.202775644695066E-8,
  "electron_contaminaton": false,
  "energy": "0.1-0.8nm"
}
