{
    "time_tag": "2026-05-18T23:58:00Z",
    "satellite": 18,
    "flux": 4.711930330358882e-07,
    "observed_flux": 5.191353125155729e-07,
    "electron_correction": 4.794226882154362e-08,
    "electron_contaminaton": false,
    "energy": "0.1-0.8nm"
}