{
  "time_tag": "2026-03-03T15:16:00Z",
  "satellite": 18,
  "flux": 7.567856528112316E-7,
  "observed_flux": 7.618430117872776E-7,
  "electron_correction": 5.057375851436063E-9,
  "electron_contaminaton": false,
  "energy": "0.1-0.8nm"
}
