{
  "time_tag": "2025-12-28T19:17:00Z",
  "satellite": 18,
  "flux": 0.0000018224750419904012,
  "observed_flux": 0.0000018884293240262195,
  "electron_correction": 6.595429624667304E-8,
  "electron_contaminaton": false,
  "energy": "0.1-0.8nm"
}
