{
  "time_tag": "2026-05-19T22:38:00Z",
  "satellite": 18,
  "flux": 5.364037178878789E-7,
  "observed_flux": 5.894060564060055E-7,
  "electron_correction": 5.300233141269928E-8,
  "electron_contaminaton": false,
  "energy": "0.1-0.8nm"
}
