{
    "time_tag": "2026-04-26T20:41:00Z",
    "satellite": 18,
    "flux": 4.387621629575733e-06,
    "observed_flux": 4.4278854147705715e-06,
    "electron_correction": 4.0264097833642154e-08,
    "electron_contaminaton": false,
    "energy": "0.1-0.8nm"
}