{
  "time_tag": "2026-02-05T22:52:00Z",
  "satellite": 18,
  "flux": 0.0000018318102092962363,
  "observed_flux": 0.0000018498820963941398,
  "electron_correction": 1.807188176883301E-8,
  "electron_contaminaton": false,
  "energy": "0.1-0.8nm"
}
