{
  "time_tag": "2026-02-03T03:33:00Z",
  "satellite": 18,
  "flux": 0.000004412885118654231,
  "observed_flux": 0.000004424608050612733,
  "electron_correction": 1.1722727677465627E-8,
  "electron_contaminaton": false,
  "energy": "0.1-0.8nm"
}
