{
  "time_tag": "2026-06-13T03:44:00Z",
  "satellite": 18,
  "flux": 5.564621687881299E-7,
  "observed_flux": 5.634938702314685E-7,
  "electron_correction": 7.03168234750251E-9,
  "electron_contaminaton": false,
  "energy": "0.1-0.8nm"
}
