{
  "time_tag": "2026-03-18T06:23:00Z",
  "satellite": 18,
  "flux": 6.485458357019525E-7,
  "observed_flux": 6.631693167946651E-7,
  "electron_correction": 1.4623482869069448E-8,
  "electron_contaminaton": false,
  "energy": "0.1-0.8nm"
}
