{
    "time_tag": "2026-05-12T01:12:00Z",
    "satellite": 18,
    "flux": 1.3221329027146567e-06,
    "observed_flux": 1.3367139217734803e-06,
    "electron_correction": 1.4581000407076772e-08,
    "electron_contaminaton": false,
    "energy": "0.1-0.8nm"
}