{
  "time_tag": "2026-05-09T08:45:00Z",
  "satellite": 18,
  "flux": 6.706874842166144E-7,
  "observed_flux": 6.835529120507999E-7,
  "electron_correction": 1.2865458032251809E-8,
  "electron_contaminaton": false,
  "energy": "0.1-0.8nm"
}
