{
  "time_tag": "2026-02-27T23:21:00Z",
  "satellite": 18,
  "flux": 8.395132340410782E-7,
  "observed_flux": 8.861769060786173E-7,
  "electron_correction": 4.6663689801107466E-8,
  "electron_contaminaton": false,
  "energy": "0.1-0.8nm"
}
