{
  "time_tag": "2026-02-28T13:53:00Z",
  "satellite": 18,
  "flux": 0.0000021980260953569086,
  "observed_flux": 0.0000022340555005939677,
  "electron_correction": 3.602943721148222E-8,
  "electron_contaminaton": false,
  "energy": "0.1-0.8nm"
}
