{
  "time_tag": "2026-03-22T00:23:00Z",
  "satellite": 18,
  "flux": 3.971811395331315E-7,
  "observed_flux": 4.2114911025237234E-7,
  "electron_correction": 2.396796716652716E-8,
  "electron_contaminaton": false,
  "energy": "0.1-0.8nm"
}
