{
  "time_tag": "2026-01-05T15:19:00Z",
  "satellite": 18,
  "flux": 0.0000011340001719872816,
  "observed_flux": 0.0000011662951919788611,
  "electron_correction": 3.229492406831014E-8,
  "electron_contaminaton": false,
  "energy": "0.1-0.8nm"
}
