{
  "time_tag": "2026-03-15T07:55:00Z",
  "satellite": 18,
  "flux": 4.2828034452213615E-7,
  "observed_flux": 4.311461054840038E-7,
  "electron_correction": 2.8657625161798705E-9,
  "electron_contaminaton": false,
  "energy": "0.1-0.8nm"
}
