{
    "time_tag": "2026-05-18T22:37:00Z",
    "satellite": 18,
    "flux": 4.636163737359311e-07,
    "observed_flux": 5.187201281842135e-07,
    "electron_correction": 5.510373313200034e-08,
    "electron_contaminaton": false,
    "energy": "0.1-0.8nm"
}