{
  "time_tag": "2026-03-26T13:07:00Z",
  "satellite": 18,
  "flux": 0.0000020727036371681606,
  "observed_flux": 0.0000020870791104243835,
  "electron_correction": 1.437554253413964E-8,
  "electron_contaminaton": false,
  "energy": "0.1-0.8nm"
}
