{
  "time_tag": "2026-03-21T00:20:00Z",
  "satellite": 18,
  "flux": 4.078638653481903E-7,
  "observed_flux": 4.079308837390272E-7,
  "electron_correction": 6.701151439303388E-11,
  "electron_contaminaton": false,
  "energy": "0.1-0.8nm"
}
