{
  "time_tag": "2026-04-22T01:50:00Z",
  "satellite": 18,
  "flux": 7.008169973232725E-7,
  "observed_flux": 7.512084607697034E-7,
  "electron_correction": 5.039147765728558E-8,
  "electron_contaminaton": false,
  "energy": "0.1-0.8nm"
}
