{
  "time_tag": "2026-05-12T10:32:00Z",
  "satellite": 18,
  "flux": 0.0000012375163578326465,
  "observed_flux": 0.0000012447176231944468,
  "electron_correction": 7.201171658977046E-9,
  "electron_contaminaton": false,
  "energy": "0.1-0.8nm"
}
