{
  "time_tag": "2025-12-27T03:37:00Z",
  "satellite": 18,
  "flux": 0.000002995022214236087,
  "observed_flux": 0.0000030227495244616875,
  "electron_correction": 2.7727409701583383E-8,
  "electron_contaminaton": false,
  "energy": "0.1-0.8nm"
}
