{
    "time_tag": "2026-04-30T11:08:00Z",
    "satellite": 18,
    "flux": 1.1722326007657102e-06,
    "observed_flux": 1.1732033726730151e-06,
    "electron_correction": 9.707398218594676e-10,
    "electron_contaminaton": false,
    "energy": "0.1-0.8nm"
}