{
  "time_tag": "2026-06-18T14:29:00Z",
  "satellite": 18,
  "flux": 4.101883632756653E-7,
  "observed_flux": 4.2053261495311745E-7,
  "electron_correction": 1.0344249012916862E-8,
  "electron_contaminaton": false,
  "energy": "0.1-0.8nm"
}
