{
    "time_tag": "2026-06-18T06:02:00Z",
    "satellite": 18,
    "flux": 4.162424716014357e-07,
    "observed_flux": 4.254913221757306e-07,
    "electron_correction": 9.248835475261785e-09,
    "electron_contaminaton": false,
    "energy": "0.1-0.8nm"
}