{
  "time_tag": "2026-01-02T09:19:00Z",
  "satellite": 18,
  "flux": 0.000001939568619491183,
  "observed_flux": 0.000001942651124409167,
  "electron_correction": 3.0826019514762493E-9,
  "electron_contaminaton": false,
  "energy": "0.1-0.8nm"
}
