{
    "time_tag": "2026-05-14T11:38:00Z",
    "satellite": 18,
    "flux": 3.2560901672695763e-06,
    "observed_flux": 3.2630860005156137e-06,
    "electron_correction": 6.9957875048487494e-09,
    "electron_contaminaton": false,
    "energy": "0.1-0.8nm"
}