{
  "time_tag": "2026-06-23T10:38:00Z",
  "satellite": 18,
  "flux": 7.845363256819837E-7,
  "observed_flux": 7.87523504186538E-7,
  "electron_correction": 2.9871622952981625E-9,
  "electron_contaminaton": false,
  "energy": "0.1-0.8nm"
}
