{
  "time_tag": "2026-02-05T01:29:00Z",
  "satellite": 18,
  "flux": 0.0000021992073016008362,
  "observed_flux": 0.0000022067872578190872,
  "electron_correction": 7.579895822118488E-9,
  "electron_contaminaton": false,
  "energy": "0.1-0.8nm"
}
