{
  "time_tag": "2026-03-01T01:52:00Z",
  "satellite": 18,
  "flux": 0.0000013022734037804184,
  "observed_flux": 0.0000013447948958855704,
  "electron_correction": 4.252138907645531E-8,
  "electron_contaminaton": false,
  "energy": "0.1-0.8nm"
}
