{
  "time_tag": "2026-06-06T11:26:00Z",
  "satellite": 18,
  "flux": 0.0000010637627383403014,
  "observed_flux": 0.0000010835922239493812,
  "electron_correction": 1.9829524688930178E-8,
  "electron_contaminaton": false,
  "energy": "0.1-0.8nm"
}
