{
  "time_tag": "2026-03-18T18:19:00Z",
  "satellite": 18,
  "flux": 3.620783388669224E-7,
  "observed_flux": 3.9059449363776366E-7,
  "electron_correction": 2.8516174310766473E-8,
  "electron_contaminaton": false,
  "energy": "0.1-0.8nm"
}
