{
  "time_tag": "2026-01-17T17:17:00Z",
  "satellite": 18,
  "flux": 0.0000014201510794009664,
  "observed_flux": 0.0000015027641211418086,
  "electron_correction": 8.261302042456009E-8,
  "electron_contaminaton": false,
  "energy": "0.1-0.8nm"
}
