{
    "time_tag": "2026-05-27T19:02:00Z",
    "satellite": 18,
    "flux": 7.756590321150725e-07,
    "observed_flux": 8.040086072469421e-07,
    "electron_correction": 2.8349582237297e-08,
    "electron_contaminaton": false,
    "energy": "0.1-0.8nm"
}