{
  "time_tag": "2026-04-19T15:23:00Z",
  "satellite": 18,
  "flux": 3.479886174773128E-7,
  "observed_flux": 3.8650509281978884E-7,
  "electron_correction": 3.8516493106044436E-8,
  "electron_contaminaton": false,
  "energy": "0.1-0.8nm"
}
