{
    "time_tag": "2026-05-28T19:07:00Z",
    "satellite": 19,
    "flux": 8.575414085498778e-07,
    "observed_flux": 8.683541068421619e-07,
    "electron_correction": 1.0812679640537226e-08,
    "electron_contaminaton": false,
    "energy": "0.1-0.8nm"
}