{
  "time_tag": "2026-03-29T21:12:00Z",
  "satellite": 18,
  "flux": 0.0000013545120509661501,
  "observed_flux": 0.000001375886768073542,
  "electron_correction": 2.1374690462039325E-8,
  "electron_contaminaton": false,
  "energy": "0.1-0.8nm"
}
