{
  "time_tag": "2026-06-26T02:14:00Z",
  "satellite": 18,
  "flux": 0.000001176519504042517,
  "observed_flux": 0.0000012014035064566997,
  "electron_correction": 2.4884007743253278E-8,
  "electron_contaminaton": false,
  "energy": "0.1-0.8nm"
}
