{
  "time_tag": "2026-02-25T06:36:00Z",
  "satellite": 18,
  "flux": 9.47283979257918E-7,
  "observed_flux": 9.518381034467893E-7,
  "electron_correction": 4.554133070655553E-9,
  "electron_contaminaton": false,
  "energy": "0.1-0.8nm"
}
