{
  "time_tag": "2026-04-25T04:39:00Z",
  "satellite": 18,
  "flux": 0.0000011890459745700355,
  "observed_flux": 0.0000011917841220565606,
  "electron_correction": 2.738179905037441E-9,
  "electron_contaminaton": false,
  "energy": "0.1-0.8nm"
}
