{
  "time_tag": "2026-05-10T22:47:00Z",
  "satellite": 18,
  "flux": 8.526920964868623E-7,
  "observed_flux": 8.732303058422985E-7,
  "electron_correction": 2.0538209355436265E-8,
  "electron_contaminaton": false,
  "energy": "0.1-0.8nm"
}
