{
  "time_tag": "2026-03-04T08:16:00Z",
  "satellite": 18,
  "flux": 5.261221076580114E-7,
  "observed_flux": 5.281697781356343E-7,
  "electron_correction": 2.0476695894444674E-9,
  "electron_contaminaton": false,
  "energy": "0.1-0.8nm"
}
