{
  "time_tag": "2026-07-01T01:20:00Z",
  "satellite": 18,
  "flux": 0.000002083516619677539,
  "observed_flux": 0.00000208767755793815,
  "electron_correction": 4.160967570498997E-9,
  "electron_contaminaton": false,
  "energy": "0.1-0.8nm"
}
