{
    "time_tag": "2026-06-06T01:14:00Z",
    "satellite": 18,
    "flux": 1.445274847355904e-06,
    "observed_flux": 1.4777605201743427e-06,
    "electron_correction": 3.248565150215654e-08,
    "electron_contaminaton": false,
    "energy": "0.1-0.8nm"
}