{
  "time_tag": "2026-05-03T01:12:00Z",
  "satellite": 18,
  "flux": 0.000001000202473733225,
  "observed_flux": 0.0000010279861726303352,
  "electron_correction": 2.7783736200603926E-8,
  "electron_contaminaton": false,
  "energy": "0.1-0.8nm"
}
