{
  "time_tag": "2026-02-20T20:21:00Z",
  "satellite": 18,
  "flux": 3.8515318578902225E-7,
  "observed_flux": 4.267907058874698E-7,
  "electron_correction": 4.163751654573389E-8,
  "electron_contaminaton": false,
  "energy": "0.1-0.8nm"
}
