{
    "time_tag": "2026-05-10T13:38:00Z",
    "satellite": 18,
    "flux": 5.7701086916495115e-05,
    "observed_flux": 5.7714983995538205e-05,
    "electron_correction": 1.3896030992555097e-08,
    "electron_contaminaton": false,
    "energy": "0.1-0.8nm"
}