{
  "time_tag": "2026-02-23T14:09:00Z",
  "satellite": 18,
  "flux": 4.52051665433828E-7,
  "observed_flux": 5.089484602649463E-7,
  "electron_correction": 5.689676996212256E-8,
  "electron_contaminaton": false,
  "energy": "0.1-0.8nm"
}
