{
  "time_tag": "2026-03-28T07:19:00Z",
  "satellite": 18,
  "flux": 0.000003844986622425495,
  "observed_flux": 0.000003859944172290852,
  "electron_correction": 1.4957475258370323E-8,
  "electron_contaminaton": false,
  "energy": "0.1-0.8nm"
}
