{
    "time_tag": "2026-05-25T16:34:00Z",
    "satellite": 18,
    "flux": 1.2443115338101052e-06,
    "observed_flux": 1.247629256795335e-06,
    "electron_correction": 3.3176554836700234e-09,
    "electron_contaminaton": false,
    "energy": "0.1-0.8nm"
}