{
  "time_tag": "2026-02-18T11:15:00Z",
  "satellite": 18,
  "flux": 4.1154825680678186E-7,
  "observed_flux": 4.4594770542971673E-7,
  "electron_correction": 3.439944862293487E-8,
  "electron_contaminaton": false,
  "energy": "0.1-0.8nm"
}
