{
  "time_tag": "2026-02-23T06:48:00Z",
  "satellite": 18,
  "flux": 2.9366154308263503E-7,
  "observed_flux": 3.0214991397770063E-7,
  "electron_correction": 8.488378888671377E-9,
  "electron_contaminaton": false,
  "energy": "0.1-0.8nm"
}
