{
    "time_tag": "2026-06-24T01:25:00Z",
    "satellite": 18,
    "flux": 1.260055910279334e-06,
    "observed_flux": 1.2609459645318566e-06,
    "electron_correction": 8.900387094001871e-10,
    "electron_contaminaton": false,
    "energy": "0.1-0.8nm"
}