{
    "time_tag": "2026-04-25T11:07:00Z",
    "satellite": 18,
    "flux": 1.063677586898848e-06,
    "observed_flux": 1.0674143595679197e-06,
    "electron_correction": 3.736784215391253e-09,
    "electron_contaminaton": false,
    "energy": "0.1-0.8nm"
}