{
    "time_tag": "2026-05-16T22:32:00Z",
    "satellite": 18,
    "flux": 1.1101931249868358e-06,
    "observed_flux": 1.2245535572219524e-06,
    "electron_correction": 1.1436046776225339e-07,
    "electron_contaminaton": false,
    "energy": "0.1-0.8nm"
}