{
  "time_tag": "2025-12-22T18:20:00Z",
  "satellite": 18,
  "flux": 8.991568165583885E-7,
  "observed_flux": 9.925406629918143E-7,
  "electron_correction": 9.338381801171636E-8,
  "electron_contaminaton": false,
  "energy": "0.1-0.8nm"
}
