{
  "time_tag": "2026-02-27T16:48:00Z",
  "satellite": 18,
  "flux": 9.931320619216422E-7,
  "observed_flux": 0.0000010358531881138333,
  "electron_correction": 4.2721143955759544E-8,
  "electron_contaminaton": false,
  "energy": "0.1-0.8nm"
}
