{
    "time_tag": "2026-05-20T14:08:00Z",
    "satellite": 18,
    "flux": 5.242765155344387e-07,
    "observed_flux": 5.651745027535071e-07,
    "electron_correction": 4.08979801136411e-08,
    "electron_contaminaton": false,
    "energy": "0.1-0.8nm"
}