{
  "time_tag": "2026-04-21T22:09:00Z",
  "satellite": 18,
  "flux": 6.040264679540996E-7,
  "observed_flux": 6.685702942377247E-7,
  "electron_correction": 6.454384049447981E-8,
  "electron_contaminaton": false,
  "energy": "0.1-0.8nm"
}
