{
  "time_tag": "2025-12-26T11:18:00Z",
  "satellite": 18,
  "flux": 0.0000023378718196909176,
  "observed_flux": 0.000002349693886571913,
  "electron_correction": 1.1822204548650461E-8,
  "electron_contaminaton": false,
  "energy": "0.1-0.8nm"
}
