{
  "time_tag": "2026-02-28T23:20:00Z",
  "satellite": 18,
  "flux": 0.0000012631717254407704,
  "observed_flux": 0.0000013211854366090847,
  "electron_correction": 5.8013700510173294E-8,
  "electron_contaminaton": false,
  "energy": "0.1-0.8nm"
}
