{
  "time_tag": "2026-05-26T20:46:00Z",
  "satellite": 18,
  "flux": 0.0000016328484662153642,
  "observed_flux": 0.0000016433019709438668,
  "electron_correction": 1.0453511833929952E-8,
  "electron_contaminaton": false,
  "energy": "0.1-0.8nm"
}
