{
  "time_tag": "2026-03-29T23:13:00Z",
  "satellite": 18,
  "flux": 8.076350468400051E-7,
  "observed_flux": 8.207276209759584E-7,
  "electron_correction": 1.3092554596028094E-8,
  "electron_contaminaton": false,
  "energy": "0.1-0.8nm"
}
