{
  "time_tag": "2026-04-26T12:26:00Z",
  "satellite": 18,
  "flux": 0.000001975863142433809,
  "observed_flux": 0.00000198006250684557,
  "electron_correction": 4.199506520308205E-9,
  "electron_contaminaton": false,
  "energy": "0.1-0.8nm"
}
