{
  "time_tag": "2026-01-01T22:19:00Z",
  "satellite": 18,
  "flux": 0.0000014709490869790898,
  "observed_flux": 0.000001513182610324293,
  "electron_correction": 4.223355531962625E-8,
  "electron_contaminaton": false,
  "energy": "0.1-0.8nm"
}
