{
  "time_tag": "2025-12-27T11:17:00Z",
  "satellite": 18,
  "flux": 0.000001965189312613802,
  "observed_flux": 0.0000019853187041007914,
  "electron_correction": 2.012931155093156E-8,
  "electron_contaminaton": false,
  "energy": "0.1-0.8nm"
}
