{
  "time_tag": "2025-12-16T19:18:00Z",
  "satellite": 18,
  "flux": 6.514574693028408E-7,
  "observed_flux": 6.956222478038399E-7,
  "electron_correction": 4.416482113356324E-8,
  "electron_contaminaton": false,
  "energy": "0.1-0.8nm"
}
