{
  "time_tag": "2025-12-27T19:17:00Z",
  "satellite": 18,
  "flux": 0.0000017796941165215685,
  "observed_flux": 0.0000018344107957091182,
  "electron_correction": 5.4716679187549744E-8,
  "electron_contaminaton": false,
  "energy": "0.1-0.8nm"
}
