{
  "time_tag": "2026-02-19T12:45:00Z",
  "satellite": 18,
  "flux": 4.239651616444462E-7,
  "observed_flux": 4.326522855535586E-7,
  "electron_correction": 8.687142560859229E-9,
  "electron_contaminaton": false,
  "energy": "0.1-0.8nm"
}
