{
  "time_tag": "2026-06-21T02:24:00Z",
  "satellite": 18,
  "flux": 5.465784624902881E-7,
  "observed_flux": 5.629392489936436E-7,
  "electron_correction": 1.636074031807766E-8,
  "electron_contaminaton": false,
  "energy": "0.1-0.8nm"
}
