{
  "time_tag": "2026-01-26T09:21:00Z",
  "satellite": 18,
  "flux": 0.0000010520457180973608,
  "observed_flux": 0.00000107028597540193,
  "electron_correction": 1.8240250199141883E-8,
  "electron_contaminaton": false,
  "energy": "0.1-0.8nm"
}
