{
  "time_tag": "2026-02-08T15:02:00Z",
  "satellite": 18,
  "flux": 0.000004067696863785386,
  "observed_flux": 0.000004112062924832571,
  "electron_correction": 4.436609302160832E-8,
  "electron_contaminaton": false,
  "energy": "0.1-0.8nm"
}
