{
  "time_tag": "2026-02-20T08:29:00Z",
  "satellite": 18,
  "flux": 4.045548394060461E-7,
  "observed_flux": 4.1751459889383113E-7,
  "electron_correction": 1.2959751494179272E-8,
  "electron_contaminaton": false,
  "energy": "0.1-0.8nm"
}
