{
    "time_tag": "2026-06-12T21:38:00Z",
    "satellite": 18,
    "flux": 1.0431107284603058e-06,
    "observed_flux": 1.0929651352853398e-06,
    "electron_correction": 4.9854413930461305e-08,
    "electron_contaminaton": false,
    "energy": "0.1-0.8nm"
}