{
  "time_tag": "2026-04-20T23:10:00Z",
  "satellite": 18,
  "flux": 5.056218697063741E-7,
  "observed_flux": 5.635768047795864E-7,
  "electron_correction": 5.795495638949433E-8,
  "electron_contaminaton": false,
  "energy": "0.1-0.8nm"
}
