{
    "time_tag": "2026-06-08T03:28:00Z",
    "satellite": 18,
    "flux": 1.8138119912691764e-06,
    "observed_flux": 1.8441545535097248e-06,
    "electron_correction": 3.0342643952963044e-08,
    "electron_contaminaton": false,
    "energy": "0.1-0.8nm"
}