{
  "time_tag": "2026-03-04T22:52:00Z",
  "satellite": 18,
  "flux": 5.955337769592006E-7,
  "observed_flux": 6.292826242315641E-7,
  "electron_correction": 3.3748840166936134E-8,
  "electron_contaminaton": false,
  "energy": "0.1-0.8nm"
}
