{
    "time_tag": "2026-05-16T21:52:00Z",
    "satellite": 18,
    "flux": 1.3098327826810419e-06,
    "observed_flux": 1.4229883618099848e-06,
    "electron_correction": 1.131556146560797e-07,
    "electron_contaminaton": false,
    "energy": "0.1-0.8nm"
}