{
  "time_tag": "2026-02-11T07:44:00Z",
  "satellite": 18,
  "flux": 0.0000011193610589543823,
  "observed_flux": 0.000001121385139413178,
  "electron_correction": 2.02401140292352E-9,
  "electron_contaminaton": false,
  "energy": "0.1-0.8nm"
}
