{
    "time_tag": "2026-06-07T12:12:00Z",
    "satellite": 18,
    "flux": 8.014768013708817e-07,
    "observed_flux": 8.343472472915892e-07,
    "electron_correction": 3.287042460442535e-08,
    "electron_contaminaton": false,
    "energy": "0.1-0.8nm"
}