{
  "time_tag": "2026-05-19T17:13:00Z",
  "satellite": 18,
  "flux": 5.623541596833093E-7,
  "observed_flux": 6.352652803798264E-7,
  "electron_correction": 7.291110648566246E-8,
  "electron_contaminaton": false,
  "energy": "0.1-0.8nm"
}
