{
  "time_tag": "2025-12-31T22:18:00Z",
  "satellite": 18,
  "flux": 0.000002136760485882405,
  "observed_flux": 0.0000021467983515321976,
  "electron_correction": 1.0037784825556173E-8,
  "electron_contaminaton": false,
  "energy": "0.1-0.8nm"
}
