{
  "time_tag": "2026-05-29T19:55:00Z",
  "satellite": 18,
  "flux": 0.0000024130049496307038,
  "observed_flux": 0.0000024664220745762577,
  "electron_correction": 5.341727415952846E-8,
  "electron_contaminaton": false,
  "energy": "0.1-0.8nm"
}
