{
  "time_tag": "2026-01-03T09:18:00Z",
  "satellite": 18,
  "flux": 0.0000012629956245291396,
  "observed_flux": 0.0000012884661373391282,
  "electron_correction": 2.547041866307609E-8,
  "electron_contaminaton": false,
  "energy": "0.1-0.8nm"
}
