{
  "time_tag": "2025-12-06T06:23:00Z",
  "satellite": 18,
  "flux": 0.0000015307689409382874,
  "observed_flux": 0.0000015763400824653218,
  "electron_correction": 4.557109178904284E-8,
  "electron_contaminaton": false,
  "energy": "0.1-0.8nm"
}
