{
  "time_tag": "2026-05-05T18:42:00Z",
  "satellite": 18,
  "flux": 7.598981142109551E-7,
  "observed_flux": 8.306087124765327E-7,
  "electron_correction": 7.071061958185965E-8,
  "electron_contaminaton": false,
  "energy": "0.1-0.8nm"
}
