{
  "time_tag": "2026-02-14T17:20:00Z",
  "satellite": 18,
  "flux": 5.469918278322439E-7,
  "observed_flux": 5.957826374469732E-7,
  "electron_correction": 4.879080606201569E-8,
  "electron_contaminaton": false,
  "energy": "0.1-0.8nm"
}
