{
  "time_tag": "2025-12-30T04:23:00Z",
  "satellite": 18,
  "flux": 0.0000019494741536618676,
  "observed_flux": 0.0000019636629531305516,
  "electron_correction": 1.4188777264223518E-8,
  "electron_contaminaton": false,
  "energy": "0.1-0.8nm"
}
