{
  "time_tag": "2026-01-23T14:19:00Z",
  "satellite": 18,
  "flux": 0.0000018803843886416871,
  "observed_flux": 0.0000019070658936470863,
  "electron_correction": 2.6681583165100164E-8,
  "electron_contaminaton": false,
  "energy": "0.1-0.8nm"
}
