{
    "time_tag": "2026-05-04T13:42:00Z",
    "satellite": 18,
    "flux": 9.260731985705206e-07,
    "observed_flux": 9.271054750570329e-07,
    "electron_correction": 1.0322903643000814e-09,
    "electron_contaminaton": false,
    "energy": "0.1-0.8nm"
}