{
  "time_tag": "2026-02-14T08:00:00Z",
  "satellite": 18,
  "flux": 5.055963470113056E-7,
  "observed_flux": 5.206333071328118E-7,
  "electron_correction": 1.5037015188568148E-8,
  "electron_contaminaton": false,
  "energy": "0.1-0.8nm"
}
