{
  "time_tag": "2026-01-25T08:20:00Z",
  "satellite": 18,
  "flux": 0.0000013596804819826502,
  "observed_flux": 0.000001423867502126086,
  "electron_correction": 6.418706277599995E-8,
  "electron_contaminaton": false,
  "energy": "0.1-0.8nm"
}
