{
  "time_tag": "2026-01-03T16:19:00Z",
  "satellite": 18,
  "flux": 0.0000011895155012098257,
  "observed_flux": 0.0000012463933671824634,
  "electron_correction": 5.68778268927872E-8,
  "electron_contaminaton": false,
  "energy": "0.1-0.8nm"
}
