{
  "time_tag": "2026-02-21T07:51:00Z",
  "satellite": 18,
  "flux": 3.100653032106493E-7,
  "observed_flux": 3.119714904187276E-7,
  "electron_correction": 1.906198532353187E-9,
  "electron_contaminaton": false,
  "energy": "0.1-0.8nm"
}
