{
  "time_tag": "2026-03-14T12:23:00Z",
  "satellite": 18,
  "flux": 6.655323545601277E-7,
  "observed_flux": 6.899189770592784E-7,
  "electron_correction": 2.4386601182868617E-8,
  "electron_contaminaton": false,
  "energy": "0.1-0.8nm"
}
