{
    "time_tag": "2026-06-10T19:12:00Z",
    "satellite": 18,
    "flux": 6.758723429811653e-07,
    "observed_flux": 7.196792921604356e-07,
    "electron_correction": 4.3806949179270305e-08,
    "electron_contaminaton": false,
    "energy": "0.1-0.8nm"
}