{
  "time_tag": "2025-12-24T19:17:00Z",
  "satellite": 18,
  "flux": 0.0000020046004465257283,
  "observed_flux": 0.0000020678348846558947,
  "electron_correction": 6.323447365730317E-8,
  "electron_contaminaton": false,
  "energy": "0.1-0.8nm"
}
