{
  "time_tag": "2026-03-08T23:48:00Z",
  "satellite": 18,
  "flux": 5.640834501718928E-7,
  "observed_flux": 6.239533831831068E-7,
  "electron_correction": 5.986994011664137E-8,
  "electron_contaminaton": false,
  "energy": "0.1-0.8nm"
}
