{
    "time_tag": "2026-05-12T20:09:00Z",
    "satellite": 18,
    "flux": 6.910331080689502e-07,
    "observed_flux": 7.038611897769442e-07,
    "electron_correction": 1.282810657698974e-08,
    "electron_contaminaton": false,
    "energy": "0.1-0.8nm"
}