{
    "time_tag": "2026-06-29T20:13:00Z",
    "satellite": 18,
    "flux": 2.0842935555265285e-06,
    "observed_flux": 2.1172506876609987e-06,
    "electron_correction": 3.295718542517534e-08,
    "electron_contaminaton": false,
    "energy": "0.1-0.8nm"
}