{
  "time_tag": "2025-12-23T02:50:00Z",
  "satellite": 18,
  "flux": 0.0000013186381693230942,
  "observed_flux": 0.0000013653720998263452,
  "electron_correction": 4.6733887870686885E-8,
  "electron_contaminaton": false,
  "energy": "0.1-0.8nm"
}
