{
  "time_tag": "2026-05-08T11:24:00Z",
  "satellite": 18,
  "flux": 6.59436750538589E-7,
  "observed_flux": 6.612998504351708E-7,
  "electron_correction": 1.8630998965818435E-9,
  "electron_contaminaton": false,
  "energy": "0.1-0.8nm"
}
