{
  "time_tag": "2026-07-02T14:11:00Z",
  "satellite": 18,
  "flux": 0.000002631214101711521,
  "observed_flux": 0.0000026393488496978534,
  "electron_correction": 8.134731110942539E-9,
  "electron_contaminaton": false,
  "energy": "0.1-0.8nm"
}
