{
  "time_tag": "2026-03-20T00:35:00Z",
  "satellite": 18,
  "flux": 2.655582989063987E-7,
  "observed_flux": 2.832857717294246E-7,
  "electron_correction": 1.7727490586594286E-8,
  "electron_contaminaton": false,
  "energy": "0.1-0.8nm"
}
