{
  "time_tag": "2025-12-21T03:41:00Z",
  "satellite": 18,
  "flux": 0.0000011299830475763883,
  "observed_flux": 0.0000011382942375348648,
  "electron_correction": 8.311155319518093E-9,
  "electron_contaminaton": false,
  "energy": "0.1-0.8nm"
}
