{
  "time_tag": "2026-01-13T13:26:00Z",
  "satellite": 18,
  "flux": 9.885322924674256E-7,
  "observed_flux": 0.0000010386900157755008,
  "electron_correction": 5.0157680675511074E-8,
  "electron_contaminaton": false,
  "energy": "0.1-0.8nm"
}
