{
  "time_tag": "2026-06-19T17:05:00Z",
  "satellite": 18,
  "flux": 4.674882063682162E-7,
  "observed_flux": 4.892920060228789E-7,
  "electron_correction": 2.180378722016485E-8,
  "electron_contaminaton": false,
  "energy": "0.1-0.8nm"
}
