{
  "time_tag": "2026-02-20T18:10:00Z",
  "satellite": 18,
  "flux": 4.4024750422977377E-7,
  "observed_flux": 4.7606206976524845E-7,
  "electron_correction": 3.581454421919261E-8,
  "electron_contaminaton": false,
  "energy": "0.1-0.8nm"
}
