{
  "time_tag": "2026-05-17T09:39:00Z",
  "satellite": 18,
  "flux": 6.267705998652673E-7,
  "observed_flux": 6.695515821775189E-7,
  "electron_correction": 4.278101428667469E-8,
  "electron_contaminaton": false,
  "energy": "0.1-0.8nm"
}
