{
  "time_tag": "2025-12-18T16:19:00Z",
  "satellite": 18,
  "flux": 6.894256330269855E-7,
  "observed_flux": 7.518169695686083E-7,
  "electron_correction": 6.239129390905873E-8,
  "electron_contaminaton": false,
  "energy": "0.1-0.8nm"
}
