{
    "time_tag": "2026-05-08T16:31:00Z",
    "satellite": 18,
    "flux": 8.334350241057109e-07,
    "observed_flux": 8.474047490381054e-07,
    "electron_correction": 1.3969725820572876e-08,
    "electron_contaminaton": false,
    "energy": "0.1-0.8nm"
}