{
  "time_tag": "2026-03-08T19:46:00Z",
  "satellite": 18,
  "flux": 7.491339033549593E-7,
  "observed_flux": 8.144127150444547E-7,
  "electron_correction": 6.52788187949227E-8,
  "electron_contaminaton": false,
  "energy": "0.1-0.8nm"
}
