{
  "time_tag": "2026-03-01T22:20:00Z",
  "satellite": 18,
  "flux": 0.0000012578465202750522,
  "observed_flux": 0.0000013045148534729378,
  "electron_correction": 4.6668340303313016E-8,
  "electron_contaminaton": false,
  "energy": "0.1-0.8nm"
}
