{
  "time_tag": "2026-03-14T18:23:00Z",
  "satellite": 18,
  "flux": 7.81756341439177E-7,
  "observed_flux": 8.53458345773106E-7,
  "electron_correction": 7.170199012307421E-8,
  "electron_contaminaton": false,
  "energy": "0.1-0.8nm"
}
