{
  "time_tag": "2026-06-04T18:42:00Z",
  "satellite": 18,
  "flux": 0.0000012309271824051393,
  "observed_flux": 0.0000012420202892826637,
  "electron_correction": 1.1093097995740209E-8,
  "electron_contaminaton": false,
  "energy": "0.1-0.8nm"
}
