{
  "time_tag": "2026-01-31T08:23:00Z",
  "satellite": 18,
  "flux": 0.0000012833661457989365,
  "observed_flux": 0.0000013186662499720114,
  "electron_correction": 3.5300125489357015E-8,
  "electron_contaminaton": false,
  "energy": "0.1-0.8nm"
}
