{
  "time_tag": "2026-03-10T19:41:00Z",
  "satellite": 18,
  "flux": 8.723231985641178E-7,
  "observed_flux": 9.36616231683729E-7,
  "electron_correction": 6.429306154132064E-8,
  "electron_contaminaton": false,
  "energy": "0.1-0.8nm"
}
