{
  "time_tag": "2026-05-19T05:07:00Z",
  "satellite": 18,
  "flux": 3.272984656632616E-7,
  "observed_flux": 3.5495108363647887E-7,
  "electron_correction": 2.7652616196860436E-8,
  "electron_contaminaton": false,
  "energy": "0.1-0.8nm"
}
