{
    "time_tag": "2026-05-27T02:12:00Z",
    "satellite": 18,
    "flux": 8.991733011498582e-07,
    "observed_flux": 9.03032571386575e-07,
    "electron_correction": 3.859268016270789e-09,
    "electron_contaminaton": false,
    "energy": "0.1-0.8nm"
}