{
    "time_tag": "2026-06-04T22:45:00Z",
    "satellite": 18,
    "flux": 1.2185591913294047e-06,
    "observed_flux": 1.229887971021526e-06,
    "electron_correction": 1.1328811666544425e-08,
    "electron_contaminaton": false,
    "energy": "0.1-0.8nm"
}