{
  "time_tag": "2025-12-28T03:46:00Z",
  "satellite": 18,
  "flux": 0.0000017997167560679372,
  "observed_flux": 0.0000018327907582715852,
  "electron_correction": 3.307397733465223E-8,
  "electron_contaminaton": false,
  "energy": "0.1-0.8nm"
}
