{
  "time_tag": "2026-03-03T16:44:00Z",
  "satellite": 18,
  "flux": 7.426902470797359E-7,
  "observed_flux": 7.592198016936891E-7,
  "electron_correction": 1.6529540403098508E-8,
  "electron_contaminaton": false,
  "energy": "0.1-0.8nm"
}
