{
    "time_tag": "2026-05-04T16:06:00Z",
    "satellite": 18,
    "flux": 9.658774615672883e-07,
    "observed_flux": 9.73662167780276e-07,
    "electron_correction": 7.784734634697088e-09,
    "electron_contaminaton": false,
    "energy": "0.1-0.8nm"
}