{
  "time_tag": "2026-05-10T21:30:00Z",
  "satellite": 18,
  "flux": 8.714537216292229E-7,
  "observed_flux": 8.941043461163645E-7,
  "electron_correction": 2.2650622710784774E-8,
  "electron_contaminaton": false,
  "energy": "0.1-0.8nm"
}
