{
  "time_tag": "2026-01-29T03:06:00Z",
  "satellite": 18,
  "flux": 0.000001023672098199313,
  "observed_flux": 0.0000010738106084318133,
  "electron_correction": 5.013855286506441E-8,
  "electron_contaminaton": false,
  "energy": "0.1-0.8nm"
}
