{
  "time_tag": "2026-03-29T19:10:00Z",
  "satellite": 18,
  "flux": 0.0000012729165064229164,
  "observed_flux": 0.0000012903396964247804,
  "electron_correction": 1.742315269837036E-8,
  "electron_contaminaton": false,
  "energy": "0.1-0.8nm"
}
