{
  "time_tag": "2026-05-17T11:09:00Z",
  "satellite": 18,
  "flux": 6.191265811139601E-7,
  "observed_flux": 6.670425705124217E-7,
  "electron_correction": 4.7916010714743607E-8,
  "electron_contaminaton": false,
  "energy": "0.1-0.8nm"
}
