{
  "time_tag": "2026-01-24T10:18:00Z",
  "satellite": 18,
  "flux": 0.000002076652890536934,
  "observed_flux": 0.0000020990380562579958,
  "electron_correction": 2.2385172826488997E-8,
  "electron_contaminaton": false,
  "energy": "0.1-0.8nm"
}
