{
  "time_tag": "2026-06-13T21:23:00Z",
  "satellite": 18,
  "flux": 5.563348395298817E-7,
  "observed_flux": 6.201201472322282E-7,
  "electron_correction": 6.378527217520968E-8,
  "electron_contaminaton": false,
  "energy": "0.1-0.8nm"
}
