{
  "time_tag": "2026-03-19T19:30:00Z",
  "satellite": 18,
  "flux": 3.4000041182480345E-7,
  "observed_flux": 3.58799610467031E-7,
  "electron_correction": 1.8799198642227566E-8,
  "electron_contaminaton": false,
  "energy": "0.1-0.8nm"
}
