{
  "time_tag": "2025-12-29T00:41:00Z",
  "satellite": 18,
  "flux": 0.0000029991001611051615,
  "observed_flux": 0.0000030519336178258527,
  "electron_correction": 5.283355974938786E-8,
  "electron_contaminaton": false,
  "energy": "0.1-0.8nm"
}
