{
    "time_tag": "2026-04-24T21:50:00Z",
    "satellite": 18,
    "flux": 2.1851201381650753e-06,
    "observed_flux": 2.210726279372466e-06,
    "electron_correction": 2.5606144760104144e-08,
    "electron_contaminaton": false,
    "energy": "0.1-0.8nm"
}