{
  "time_tag": "2026-05-27T10:46:00Z",
  "satellite": 18,
  "flux": 8.081483429123182E-7,
  "observed_flux": 8.130907644954277E-7,
  "electron_correction": 4.942449560729756E-9,
  "electron_contaminaton": false,
  "energy": "0.1-0.8nm"
}
