{
  "time_tag": "2026-05-05T04:07:00Z",
  "satellite": 18,
  "flux": 8.397286705985607E-7,
  "observed_flux": 8.576452614761365E-7,
  "electron_correction": 1.791659265393264E-8,
  "electron_contaminaton": false,
  "energy": "0.1-0.8nm"
}
