{
  "time_tag": "2026-05-03T23:46:00Z",
  "satellite": 18,
  "flux": 9.072820148503524E-7,
  "observed_flux": 9.433632044419937E-7,
  "electron_correction": 3.608117182807291E-8,
  "electron_contaminaton": false,
  "energy": "0.1-0.8nm"
}
