{
  "time_tag": "2026-05-07T11:20:00Z",
  "satellite": 18,
  "flux": 7.824323233762698E-7,
  "observed_flux": 8.047515507314529E-7,
  "electron_correction": 2.231920781525787E-8,
  "electron_contaminaton": false,
  "energy": "0.1-0.8nm"
}
