{
  "time_tag": "2026-04-23T09:26:00Z",
  "satellite": 18,
  "flux": 0.0000011537016462170868,
  "observed_flux": 0.0000011735830867110053,
  "electron_correction": 1.988143694120481E-8,
  "electron_contaminaton": false,
  "energy": "0.1-0.8nm"
}
