{
  "time_tag": "2026-01-26T14:20:00Z",
  "satellite": 18,
  "flux": 0.000001852991431405826,
  "observed_flux": 0.000001885043616312032,
  "electron_correction": 3.2052120957359875E-8,
  "electron_contaminaton": false,
  "energy": "0.1-0.8nm"
}
