{
  "time_tag": "2026-04-23T23:11:00Z",
  "satellite": 18,
  "flux": 0.000001795189518816187,
  "observed_flux": 0.000001836235924201901,
  "electron_correction": 4.10464267019961E-8,
  "electron_contaminaton": false,
  "energy": "0.1-0.8nm"
}
