{
    "time_tag": "2026-05-16T21:29:00Z",
    "satellite": 18,
    "flux": 1.174813291981991e-06,
    "observed_flux": 1.3021693803239032e-06,
    "electron_correction": 1.273561309744764e-07,
    "electron_contaminaton": false,
    "energy": "0.1-0.8nm"
}