{
    "time_tag": "2026-06-21T20:47:00Z",
    "satellite": 18,
    "flux": 3.0896383123035775e-06,
    "observed_flux": 3.1087706702237483e-06,
    "electron_correction": 1.9132430750801177e-08,
    "electron_contaminaton": false,
    "energy": "0.1-0.8nm"
}