{
    "time_tag": "2026-05-24T04:48:00Z",
    "satellite": 18,
    "flux": 1.0844191820069682e-06,
    "observed_flux": 1.100551571653341e-06,
    "electron_correction": 1.6132402080870634e-08,
    "electron_contaminaton": false,
    "energy": "0.1-0.8nm"
}