{
  "time_tag": "2026-01-09T10:18:00Z",
  "satellite": 18,
  "flux": 9.047500952874543E-7,
  "observed_flux": 9.053625831256795E-7,
  "electron_correction": 6.124941664964467E-10,
  "electron_contaminaton": false,
  "energy": "0.1-0.8nm"
}
