{
    "time_tag": "2026-04-23T15:21:00Z",
    "satellite": 18,
    "flux": 1.3234238167569856e-06,
    "observed_flux": 1.3563934544436052e-06,
    "electron_correction": 3.296961992305114e-08,
    "electron_contaminaton": false,
    "energy": "0.1-0.8nm"
}