{
    "time_tag": "2026-06-08T13:13:00Z",
    "satellite": 18,
    "flux": 1.0784996220536414e-06,
    "observed_flux": 1.0960789040836971e-06,
    "electron_correction": 1.757929801726732e-08,
    "electron_contaminaton": false,
    "energy": "0.1-0.8nm"
}