{
    "time_tag": "2026-05-15T21:53:00Z",
    "satellite": 18,
    "flux": 3.886886474901985e-07,
    "observed_flux": 4.002635307642777e-07,
    "electron_correction": 1.1574887714971283e-08,
    "electron_contaminaton": false,
    "energy": "0.1-0.8nm"
}