{
  "time_tag": "2026-05-21T03:41:00Z",
  "satellite": 18,
  "flux": 5.866068590876239E-7,
  "observed_flux": 6.218634780452703E-7,
  "electron_correction": 3.525660119407803E-8,
  "electron_contaminaton": false,
  "energy": "0.1-0.8nm"
}
