{
    "time_tag": "2026-05-24T16:35:00Z",
    "satellite": 18,
    "flux": 7.726512762928905e-07,
    "observed_flux": 7.880655061853759e-07,
    "electron_correction": 1.5414251208767382e-08,
    "electron_contaminaton": false,
    "energy": "0.1-0.8nm"
}