{
  "time_tag": "2026-02-08T22:38:00Z",
  "satellite": 18,
  "flux": 0.000001976309931706055,
  "observed_flux": 0.0000020198815491312416,
  "electron_correction": 4.357153571277195E-8,
  "electron_contaminaton": false,
  "energy": "0.1-0.8nm"
}
