{
    "time_tag": "2026-04-27T07:14:00Z",
    "satellite": 18,
    "flux": 1.975521399799618e-06,
    "observed_flux": 1.978699401661288e-06,
    "electron_correction": 3.178054042152212e-09,
    "electron_contaminaton": false,
    "energy": "0.1-0.8nm"
}