{
    "time_tag": "2026-05-02T01:54:00Z",
    "satellite": 18,
    "flux": 1.1170849347763578e-06,
    "observed_flux": 1.164071591119864e-06,
    "electron_correction": 4.698667410707458e-08,
    "electron_contaminaton": false,
    "energy": "0.1-0.8nm"
}