{
    "time_tag": "2026-05-09T11:33:00Z",
    "satellite": 18,
    "flux": 6.735202191521239e-07,
    "observed_flux": 6.904329552526178e-07,
    "electron_correction": 1.6912730771423412e-08,
    "electron_contaminaton": false,
    "energy": "0.1-0.8nm"
}