{
  "time_tag": "2026-02-21T07:22:00Z",
  "satellite": 18,
  "flux": 3.0655837690574117E-7,
  "observed_flux": 3.0835110464977333E-7,
  "electron_correction": 1.792725301541509E-9,
  "electron_contaminaton": false,
  "energy": "0.1-0.8nm"
}
