{
  "time_tag": "2026-05-27T05:10:00Z",
  "satellite": 18,
  "flux": 9.502192597210524E-7,
  "observed_flux": 9.549678452458465E-7,
  "electron_correction": 4.7486223841985975E-9,
  "electron_contaminaton": false,
  "energy": "0.1-0.8nm"
}
