{
  "time_tag": "2026-03-07T07:39:00Z",
  "satellite": 18,
  "flux": 5.729606300519663E-7,
  "observed_flux": 5.739769335377787E-7,
  "electron_correction": 1.016313699864213E-9,
  "electron_contaminaton": false,
  "energy": "0.1-0.8nm"
}
