{
  "time_tag": "2026-02-12T12:43:00Z",
  "satellite": 18,
  "flux": 7.286926688720996E-7,
  "observed_flux": 7.493796374546946E-7,
  "electron_correction": 2.0686986346163394E-8,
  "electron_contaminaton": false,
  "energy": "0.1-0.8nm"
}
