{
    "time_tag": "2026-04-26T04:27:00Z",
    "satellite": 18,
    "flux": 1.4449409491135157e-06,
    "observed_flux": 1.4461143109656405e-06,
    "electron_correction": 1.173314334579345e-09,
    "electron_contaminaton": false,
    "energy": "0.1-0.8nm"
}