{
  "time_tag": "2026-02-28T10:36:00Z",
  "satellite": 18,
  "flux": 0.0000018675716546567855,
  "observed_flux": 0.0000018958201053465018,
  "electron_correction": 2.824843825521839E-8,
  "electron_contaminaton": false,
  "energy": "0.1-0.8nm"
}
