{
  "time_tag": "2026-05-03T14:42:00Z",
  "satellite": 18,
  "flux": 8.735021310712909E-7,
  "observed_flux": 8.940663747125654E-7,
  "electron_correction": 2.056426318119975E-8,
  "electron_contaminaton": false,
  "energy": "0.1-0.8nm"
}
