{
  "time_tag": "2026-02-19T21:42:00Z",
  "satellite": 18,
  "flux": 5.234056743574911E-7,
  "observed_flux": 5.679394803337345E-7,
  "electron_correction": 4.4533841503380245E-8,
  "electron_contaminaton": false,
  "energy": "0.1-0.8nm"
}
