{
    "time_tag": "2026-05-16T22:56:00Z",
    "satellite": 18,
    "flux": 8.215393449972908e-07,
    "observed_flux": 9.30790235997847e-07,
    "electron_correction": 1.0925089810598365e-07,
    "electron_contaminaton": false,
    "energy": "0.1-0.8nm"
}