{
  "time_tag": "2026-02-14T09:51:00Z",
  "satellite": 18,
  "flux": 5.246247951617988E-7,
  "observed_flux": 5.432169132291165E-7,
  "electron_correction": 1.8592119843674482E-8,
  "electron_contaminaton": false,
  "energy": "0.1-0.8nm"
}
