{
  "time_tag": "2026-02-24T22:22:00Z",
  "satellite": 18,
  "flux": 0.0000011934765780097223,
  "observed_flux": 0.000001267766606360965,
  "electron_correction": 7.428998571867851E-8,
  "electron_contaminaton": false,
  "energy": "0.1-0.8nm"
}
