{
  "time_tag": "2026-05-10T12:02:00Z",
  "satellite": 18,
  "flux": 6.186498353599745E-7,
  "observed_flux": 6.318135774563416E-7,
  "electron_correction": 1.3163733214582862E-8,
  "electron_contaminaton": false,
  "energy": "0.1-0.8nm"
}
