{
    "time_tag": "2026-06-18T09:39:00Z",
    "satellite": 18,
    "flux": 4.761535308261955e-07,
    "observed_flux": 4.8224086413029e-07,
    "electron_correction": 6.087315984615316e-09,
    "electron_contaminaton": false,
    "energy": "0.1-0.8nm"
}