{
  "time_tag": "2026-03-31T12:18:00Z",
  "satellite": 18,
  "flux": 7.083041850819427E-7,
  "observed_flux": 7.187779829109786E-7,
  "electron_correction": 1.0473765854612793E-8,
  "electron_contaminaton": false,
  "energy": "0.1-0.8nm"
}
