{
    "time_tag": "2026-05-20T11:08:00Z",
    "satellite": 18,
    "flux": 5.074532509752316e-07,
    "observed_flux": 5.409771688391629e-07,
    "electron_correction": 3.352393207478599e-08,
    "electron_contaminaton": false,
    "energy": "0.1-0.8nm"
}