{
  "time_tag": "2026-02-10T07:35:00Z",
  "satellite": 18,
  "flux": 0.0000017870071360448492,
  "observed_flux": 0.0000018116610362994834,
  "electron_correction": 2.4653965979837267E-8,
  "electron_contaminaton": false,
  "energy": "0.1-0.8nm"
}
