{
  "time_tag": "2026-01-22T04:32:00Z",
  "satellite": 18,
  "flux": 0.000001820137526920007,
  "observed_flux": 0.0000018843246607502806,
  "electron_correction": 6.418712672484617E-8,
  "electron_contaminaton": false,
  "energy": "0.1-0.8nm"
}
