{
    "time_tag": "2026-05-01T10:22:00Z",
    "satellite": 18,
    "flux": 8.847459866956342e-07,
    "observed_flux": 9.055183340933581e-07,
    "electron_correction": 2.0772365161292328e-08,
    "electron_contaminaton": false,
    "energy": "0.1-0.8nm"
}