{
  "time_tag": "2026-06-05T03:42:00Z",
  "satellite": 18,
  "flux": 9.39106143960089E-7,
  "observed_flux": 9.452774634155503E-7,
  "electron_correction": 6.171338995386577E-9,
  "electron_contaminaton": false,
  "energy": "0.1-0.8nm"
}
