{
  "time_tag": "2026-06-17T18:28:00Z",
  "satellite": 18,
  "flux": 6.017357350174279E-7,
  "observed_flux": 6.149548426037654E-7,
  "electron_correction": 1.3219088046412253E-8,
  "electron_contaminaton": false,
  "energy": "0.1-0.8nm"
}
