{
  "time_tag": "2026-01-09T17:18:00Z",
  "satellite": 18,
  "flux": 5.194663685870182E-7,
  "observed_flux": 5.443698682938702E-7,
  "electron_correction": 2.490352457584777E-8,
  "electron_contaminaton": false,
  "energy": "0.1-0.8nm"
}
