{
  "time_tag": "2026-02-22T16:40:00Z",
  "satellite": 18,
  "flux": 0.000001534283228465938,
  "observed_flux": 0.000001562662077958521,
  "electron_correction": 2.837884593986928E-8,
  "electron_contaminaton": false,
  "energy": "0.1-0.8nm"
}
