{
  "time_tag": "2026-03-16T10:06:00Z",
  "satellite": 18,
  "flux": 4.765734331613203E-7,
  "observed_flux": 4.945060254613054E-7,
  "electron_correction": 1.7932590523628278E-8,
  "electron_contaminaton": false,
  "energy": "0.1-0.8nm"
}
