{
    "time_tag": "2026-06-14T19:57:00Z",
    "satellite": 18,
    "flux": 6.129411644906213e-07,
    "observed_flux": 6.603748374800489e-07,
    "electron_correction": 4.743366233128654e-08,
    "electron_contaminaton": false,
    "energy": "0.1-0.8nm"
}