{
  "time_tag": "2026-01-01T11:18:00Z",
  "satellite": 18,
  "flux": 0.0000010315391136828111,
  "observed_flux": 0.0000010325304629077436,
  "electron_correction": 9.912856091531808E-10,
  "electron_contaminaton": false,
  "energy": "0.1-0.8nm"
}
