{
    "time_tag": "2026-04-29T22:48:00Z",
    "satellite": 18,
    "flux": 1.0437605624247226e-06,
    "observed_flux": 1.0506478247407358e-06,
    "electron_correction": 6.88732271214576e-09,
    "electron_contaminaton": false,
    "energy": "0.1-0.8nm"
}