{
  "time_tag": "2026-06-30T21:43:00Z",
  "satellite": 18,
  "flux": 0.000010240542906103656,
  "observed_flux": 0.000010251806997985113,
  "electron_correction": 1.1264514654385493E-8,
  "electron_contaminaton": false,
  "energy": "0.1-0.8nm"
}
