{
  "time_tag": "2026-03-29T23:55:00Z",
  "satellite": 18,
  "flux": 8.274267315755424E-7,
  "observed_flux": 8.382145324503654E-7,
  "electron_correction": 1.0787799098466166E-8,
  "electron_contaminaton": false,
  "energy": "0.1-0.8nm"
}
