{
  "time_tag": "2026-06-16T20:56:00Z",
  "satellite": 18,
  "flux": 4.715983550340752E-7,
  "observed_flux": 5.0765441983458E-7,
  "electron_correction": 3.605605769507747E-8,
  "electron_contaminaton": false,
  "energy": "0.1-0.8nm"
}
