{
  "time_tag": "2026-02-20T14:13:00Z",
  "satellite": 18,
  "flux": 4.186110800219467E-7,
  "observed_flux": 4.5115896796232846E-7,
  "electron_correction": 3.254790925666384E-8,
  "electron_contaminaton": false,
  "energy": "0.1-0.8nm"
}
