{
  "time_tag": "2026-06-22T17:57:00Z",
  "satellite": 18,
  "flux": 6.594734145437542E-7,
  "observed_flux": 6.697588901261042E-7,
  "electron_correction": 1.0285446272462195E-8,
  "electron_contaminaton": false,
  "energy": "0.1-0.8nm"
}
