{
  "time_tag": "2026-03-19T15:37:00Z",
  "satellite": 18,
  "flux": 3.3974998814301216E-7,
  "observed_flux": 3.5568291423260234E-7,
  "electron_correction": 1.5932920760519664E-8,
  "electron_contaminaton": false,
  "energy": "0.1-0.8nm"
}
