{
  "time_tag": "2026-01-04T14:17:00Z",
  "satellite": 18,
  "flux": 0.0000015443512211277266,
  "observed_flux": 0.0000015743388530609081,
  "electron_correction": 2.998759995875844E-8,
  "electron_contaminaton": false,
  "energy": "0.1-0.8nm"
}
