{
  "time_tag": "2026-01-18T19:18:00Z",
  "satellite": 18,
  "flux": 0.00007065630052238703,
  "observed_flux": 0.00007072061998769641,
  "electron_correction": 6.432343724327438E-8,
  "electron_contaminaton": false,
  "energy": "0.1-0.8nm"
}
