{
    "time_tag": "2026-05-06T11:26:00Z",
    "satellite": 18,
    "flux": 5.242311544861877e-07,
    "observed_flux": 5.544693522097077e-07,
    "electron_correction": 3.023819772351999e-08,
    "electron_contaminaton": false,
    "energy": "0.1-0.8nm"
}