{
  "time_tag": "2025-12-10T10:23:00Z",
  "satellite": 18,
  "flux": 0.000001635120383980393,
  "observed_flux": 0.0000016359969094992266,
  "electron_correction": 8.764362013913285E-10,
  "electron_contaminaton": false,
  "energy": "0.1-0.8nm"
}
