{
  "time_tag": "2026-02-14T17:04:00Z",
  "satellite": 18,
  "flux": 5.026077474212798E-7,
  "observed_flux": 5.534553224606498E-7,
  "electron_correction": 5.0847543064946876E-8,
  "electron_contaminaton": false,
  "energy": "0.1-0.8nm"
}
