{
  "time_tag": "2026-02-24T11:43:00Z",
  "satellite": 18,
  "flux": 0.0000013142712305125315,
  "observed_flux": 0.000001353231823486567,
  "electron_correction": 3.8960632053886E-8,
  "electron_contaminaton": false,
  "energy": "0.1-0.8nm"
}
