{
  "time_tag": "2026-03-26T22:41:00Z",
  "satellite": 18,
  "flux": 0.0000023408872493746458,
  "observed_flux": 0.0000023960001271916553,
  "electron_correction": 5.511306966354823E-8,
  "electron_contaminaton": false,
  "energy": "0.1-0.8nm"
}
