{
    "time_tag": "2026-05-12T11:26:00Z",
    "satellite": 18,
    "flux": 7.593378086312441e-07,
    "observed_flux": 7.661041649953404e-07,
    "electron_correction": 6.766348814579715e-09,
    "electron_contaminaton": false,
    "energy": "0.1-0.8nm"
}