{
  "time_tag": "2026-02-14T20:36:00Z",
  "satellite": 18,
  "flux": 4.942804139318469E-7,
  "observed_flux": 5.290222588882898E-7,
  "electron_correction": 3.474183785101559E-8,
  "electron_contaminaton": false,
  "energy": "0.1-0.8nm"
}
