{
  "time_tag": "2026-04-25T16:17:00Z",
  "satellite": 18,
  "flux": 0.0000012169775800430216,
  "observed_flux": 0.0000012257082744326908,
  "electron_correction": 8.730761891229122E-9,
  "electron_contaminaton": false,
  "energy": "0.1-0.8nm"
}
