{
  "time_tag": "2026-04-22T00:34:00Z",
  "satellite": 18,
  "flux": 5.219994250182936E-7,
  "observed_flux": 5.780607352789957E-7,
  "electron_correction": 5.606131026070216E-8,
  "electron_contaminaton": false,
  "energy": "0.1-0.8nm"
}
