{
  "time_tag": "2026-01-24T04:21:00Z",
  "satellite": 18,
  "flux": 0.0000027317441890772898,
  "observed_flux": 0.0000027770026918005897,
  "electron_correction": 4.525846009073575E-8,
  "electron_contaminaton": false,
  "energy": "0.1-0.8nm"
}
