{
  "time_tag": "2026-04-26T02:34:00Z",
  "satellite": 18,
  "flux": 0.0000034014669836324174,
  "observed_flux": 0.0000034044571748381713,
  "electron_correction": 2.9900881770572596E-9,
  "electron_contaminaton": false,
  "energy": "0.1-0.8nm"
}
