{
  "time_tag": "2026-02-08T22:19:00Z",
  "satellite": 18,
  "flux": 0.0000020176858015474863,
  "observed_flux": 0.0000020595655314537,
  "electron_correction": 4.187973345892715E-8,
  "electron_contaminaton": false,
  "energy": "0.1-0.8nm"
}
