{
    "time_tag": "2026-06-06T21:08:00Z",
    "satellite": 18,
    "flux": 1.1589844461923349e-06,
    "observed_flux": 1.210085201819311e-06,
    "electron_correction": 5.1100840892104316e-08,
    "electron_contaminaton": false,
    "energy": "0.1-0.8nm"
}