{
    "time_tag": "2026-05-11T22:38:00Z",
    "satellite": 18,
    "flux": 6.405884960258845e-07,
    "observed_flux": 6.570738833033829e-07,
    "electron_correction": 1.6485396159282573e-08,
    "electron_contaminaton": false,
    "energy": "0.1-0.8nm"
}