{
  "time_tag": "2026-03-14T18:07:00Z",
  "satellite": 18,
  "flux": 6.559779421877465E-7,
  "observed_flux": 7.375284667432425E-7,
  "electron_correction": 8.15504819229318E-8,
  "electron_contaminaton": false,
  "energy": "0.1-0.8nm"
}
