{
  "time_tag": "2026-01-23T22:18:00Z",
  "satellite": 18,
  "flux": 0.0000032403609111497644,
  "observed_flux": 0.0000033005212571879383,
  "electron_correction": 6.016024656219088E-8,
  "electron_contaminaton": false,
  "energy": "0.1-0.8nm"
}
