{
  "time_tag": "2026-07-01T09:42:00Z",
  "satellite": 18,
  "flux": 0.0000025300982997578103,
  "observed_flux": 0.0000025388883386767702,
  "electron_correction": 8.789839966993895E-9,
  "electron_contaminaton": false,
  "energy": "0.1-0.8nm"
}
