{
  "time_tag": "2026-01-03T13:20:00Z",
  "satellite": 18,
  "flux": 0.0000015499106211791513,
  "observed_flux": 0.0000016081511375887203,
  "electron_correction": 5.82404915405732E-8,
  "electron_contaminaton": false,
  "energy": "0.1-0.8nm"
}
