{
  "time_tag": "2026-03-15T21:23:00Z",
  "satellite": 18,
  "flux": 4.085795239916479E-7,
  "observed_flux": 4.977546836926194E-7,
  "electron_correction": 8.917516680639892E-8,
  "electron_contaminaton": false,
  "energy": "0.1-0.8nm"
}
