{
  "time_tag": "2026-03-07T07:08:00Z",
  "satellite": 18,
  "flux": 5.733297143706295E-7,
  "observed_flux": 5.739768766943598E-7,
  "electron_correction": 6.471609359515185E-10,
  "electron_contaminaton": false,
  "energy": "0.1-0.8nm"
}
