{
  "time_tag": "2026-01-19T21:18:00Z",
  "satellite": 18,
  "flux": 0.000002647872406669194,
  "observed_flux": 0.0000026481036456971196,
  "electron_correction": 2.3125665271628293E-10,
  "electron_contaminaton": false,
  "energy": "0.1-0.8nm"
}
