{
  "time_tag": "2026-03-09T19:27:00Z",
  "satellite": 18,
  "flux": 6.637446290369553E-7,
  "observed_flux": 7.159012511692708E-7,
  "electron_correction": 5.2156643448597606E-8,
  "electron_contaminaton": false,
  "energy": "0.1-0.8nm"
}
