{
  "time_tag": "2026-03-30T05:46:00Z",
  "satellite": 18,
  "flux": 0.000010396743164164945,
  "observed_flux": 0.000010396898687758949,
  "electron_correction": 1.556189205276226E-10,
  "electron_contaminaton": false,
  "energy": "0.1-0.8nm"
}
