{
    "time_tag": "2026-05-31T16:59:00Z",
    "satellite": 18,
    "flux": 6.969252694943862e-07,
    "observed_flux": 7.396518526547879e-07,
    "electron_correction": 4.2726561844119715e-08,
    "electron_contaminaton": false,
    "energy": "0.1-0.8nm"
}