{
  "time_tag": "2026-01-28T03:46:00Z",
  "satellite": 18,
  "flux": 8.869978387338051E-7,
  "observed_flux": 8.998625844469643E-7,
  "electron_correction": 1.286477147033338E-8,
  "electron_contaminaton": false,
  "energy": "0.1-0.8nm"
}
