{
    "time_tag": "2026-06-05T23:40:00Z",
    "satellite": 18,
    "flux": 1.4602672990804422e-06,
    "observed_flux": 1.514339487584948e-06,
    "electron_correction": 5.407225245335212e-08,
    "electron_contaminaton": false,
    "energy": "0.1-0.8nm"
}