{
  "time_tag": "2025-12-29T17:18:00Z",
  "satellite": 18,
  "flux": 0.000002208394789704471,
  "observed_flux": 0.000002248829332529567,
  "electron_correction": 4.043447887625007E-8,
  "electron_contaminaton": false,
  "energy": "0.1-0.8nm"
}
