{
  "time_tag": "2026-03-24T19:06:00Z",
  "satellite": 18,
  "flux": 0.0000017496760165158776,
  "observed_flux": 0.0000018347683408137527,
  "electron_correction": 8.509229587616574E-8,
  "electron_contaminaton": false,
  "energy": "0.1-0.8nm"
}
