{
  "time_tag": "2026-02-04T21:40:00Z",
  "satellite": 18,
  "flux": 0.0000020994093574699946,
  "observed_flux": 0.000002108774197040475,
  "electron_correction": 9.364944375533923E-9,
  "electron_contaminaton": false,
  "energy": "0.1-0.8nm"
}
