{
    "time_tag": "2026-05-31T22:35:00Z",
    "satellite": 18,
    "flux": 1.0889165196203976e-06,
    "observed_flux": 1.1367613979018643e-06,
    "electron_correction": 4.784490670317609e-08,
    "electron_contaminaton": false,
    "energy": "0.1-0.8nm"
}