{
    "time_tag": "2026-04-23T08:52:00Z",
    "satellite": 18,
    "flux": 2.7914156817132607e-05,
    "observed_flux": 2.7933978344663046e-05,
    "electron_correction": 1.982253117205346e-08,
    "electron_contaminaton": false,
    "energy": "0.1-0.8nm"
}