{
    "time_tag": "2026-06-27T01:55:00Z",
    "satellite": 18,
    "flux": 1.4918088027116028e-06,
    "observed_flux": 1.53566679728101e-06,
    "electron_correction": 4.385802654383042e-08,
    "electron_contaminaton": false,
    "energy": "0.1-0.8nm"
}