{
    "time_tag": "2026-06-14T18:13:00Z",
    "satellite": 18,
    "flux": 5.307234687279561e-07,
    "observed_flux": 5.78200683776231e-07,
    "electron_correction": 4.747721149556128e-08,
    "electron_contaminaton": false,
    "energy": "0.1-0.8nm"
}