{
  "time_tag": "2026-03-31T00:58:00Z",
  "satellite": 18,
  "flux": 0.0000013296033785081818,
  "observed_flux": 0.0000013451049198920373,
  "electron_correction": 1.5501530725714474E-8,
  "electron_contaminaton": false,
  "energy": "0.1-0.8nm"
}
