{
  "time_tag": "2026-02-28T09:36:00Z",
  "satellite": 18,
  "flux": 1.300053469321938E-7,
  "observed_flux": 1.4925106484042772E-7,
  "electron_correction": 1.924571435552025E-8,
  "electron_contaminaton": false,
  "energy": "0.1-0.8nm"
}
