{
  "time_tag": "2026-02-26T15:00:00Z",
  "satellite": 18,
  "flux": 0.0000011777080999308964,
  "observed_flux": 0.0000012008287058051792,
  "electron_correction": 2.3120549030863913E-8,
  "electron_contaminaton": false,
  "energy": "0.1-0.8nm"
}
