{
  "time_tag": "2026-03-17T16:37:00Z",
  "satellite": 18,
  "flux": 3.511019883717381E-7,
  "observed_flux": 3.899609168911411E-7,
  "electron_correction": 3.885893207211666E-8,
  "electron_contaminaton": false,
  "energy": "0.1-0.8nm"
}
