{
  "time_tag": "2025-12-19T02:47:00Z",
  "satellite": 18,
  "flux": 5.393797550823365E-7,
  "observed_flux": 5.872898896086554E-7,
  "electron_correction": 4.7910091893754725E-8,
  "electron_contaminaton": false,
  "energy": "0.1-0.8nm"
}
