{
  "time_tag": "2026-05-13T22:11:00Z",
  "satellite": 18,
  "flux": 5.370959001993469E-7,
  "observed_flux": 5.451570928016736E-7,
  "electron_correction": 8.061149969762482E-9,
  "electron_contaminaton": false,
  "energy": "0.1-0.8nm"
}
