{
  "time_tag": "2026-03-11T00:18:00Z",
  "satellite": 18,
  "flux": 6.183183245411783E-7,
  "observed_flux": 6.639321554757771E-7,
  "electron_correction": 4.561382382917145E-8,
  "electron_contaminaton": false,
  "energy": "0.1-0.8nm"
}
