{
  "time_tag": "2026-05-05T14:24:00Z",
  "satellite": 18,
  "flux": 0.0000010638470939738909,
  "observed_flux": 0.0000011033300779672572,
  "electron_correction": 3.9483090574776725E-8,
  "electron_contaminaton": false,
  "energy": "0.1-0.8nm"
}
