{
  "time_tag": "2026-05-08T17:55:00Z",
  "satellite": 18,
  "flux": 9.407936545358098E-7,
  "observed_flux": 9.645549425840727E-7,
  "electron_correction": 2.3761305811831335E-8,
  "electron_contaminaton": false,
  "energy": "0.1-0.8nm"
}
