{
    "time_tag": "2026-04-26T13:50:00Z",
    "satellite": 18,
    "flux": 1.7887570038510603e-06,
    "observed_flux": 1.7962540823646123e-06,
    "electron_correction": 7.497160225966581e-09,
    "electron_contaminaton": false,
    "energy": "0.1-0.8nm"
}