{
  "time_tag": "2026-05-24T17:04:00Z",
  "satellite": 18,
  "flux": 7.558292054454796E-7,
  "observed_flux": 7.732496669632383E-7,
  "electron_correction": 1.7420507703036492E-8,
  "electron_contaminaton": false,
  "energy": "0.1-0.8nm"
}
