{
    "time_tag": "2026-05-11T21:46:00Z",
    "satellite": 18,
    "flux": 6.561146506101068e-07,
    "observed_flux": 6.727516392857069e-07,
    "electron_correction": 1.6636967359318078e-08,
    "electron_contaminaton": false,
    "energy": "0.1-0.8nm"
}