{
  "time_tag": "2026-06-06T22:03:00Z",
  "satellite": 18,
  "flux": 0.0000012652810710278573,
  "observed_flux": 0.0000013148066955182003,
  "electron_correction": 4.952572751903972E-8,
  "electron_contaminaton": false,
  "energy": "0.1-0.8nm"
}
