{
  "time_tag": "2025-12-16T07:17:00Z",
  "satellite": 18,
  "flux": 6.286617804107664E-7,
  "observed_flux": 6.295625212260347E-7,
  "electron_correction": 9.00737984199651E-10,
  "electron_contaminaton": false,
  "energy": "0.1-0.8nm"
}
