{
  "time_tag": "2026-05-06T19:04:00Z",
  "satellite": 18,
  "flux": 6.30417559932539E-7,
  "observed_flux": 6.836741022198112E-7,
  "electron_correction": 5.325653162913113E-8,
  "electron_contaminaton": false,
  "energy": "0.1-0.8nm"
}
