{
  "time_tag": "2026-04-24T12:11:00Z",
  "satellite": 18,
  "flux": 0.0000035424982343101874,
  "observed_flux": 0.0000035649109122459777,
  "electron_correction": 2.2412578459807264E-8,
  "electron_contaminaton": false,
  "energy": "0.1-0.8nm"
}
