{
    "time_tag": "2026-05-22T16:03:00Z",
    "satellite": 18,
    "flux": 8.342921091752942e-07,
    "observed_flux": 8.626897169961012e-07,
    "electron_correction": 2.8397581175454434e-08,
    "electron_contaminaton": false,
    "energy": "0.1-0.8nm"
}