{
  "time_tag": "2026-03-26T22:55:00Z",
  "satellite": 18,
  "flux": 0.000002190615077779512,
  "observed_flux": 0.0000022436456674768124,
  "electron_correction": 5.303040140347548E-8,
  "electron_contaminaton": false,
  "energy": "0.1-0.8nm"
}
