{
  "time_tag": "2026-01-29T07:26:00Z",
  "satellite": 18,
  "flux": 6.770839036107645E-7,
  "observed_flux": 7.0107859073687E-7,
  "electron_correction": 2.399468357339174E-8,
  "electron_contaminaton": false,
  "energy": "0.1-0.8nm"
}
