{
    "time_tag": "2026-06-19T23:28:00Z",
    "satellite": 18,
    "flux": 6.06679577686009e-07,
    "observed_flux": 6.322524654933659e-07,
    "electron_correction": 2.5572910899995804e-08,
    "electron_contaminaton": false,
    "energy": "0.1-0.8nm"
}