{
    "time_tag": "2026-05-22T11:55:00Z",
    "satellite": 18,
    "flux": 1.9096346477454063e-06,
    "observed_flux": 1.929776999531896e-06,
    "electron_correction": 2.014220079615825e-08,
    "electron_contaminaton": false,
    "energy": "0.1-0.8nm"
}