{
  "time_tag": "2026-04-21T14:29:00Z",
  "satellite": 18,
  "flux": 0.0000017275513073400361,
  "observed_flux": 0.0000017678960375633324,
  "electron_correction": 4.034464140545424E-8,
  "electron_contaminaton": false,
  "energy": "0.1-0.8nm"
}
