{
  "time_tag": "2025-12-06T22:21:00Z",
  "satellite": 18,
  "flux": 0.0000013555858231484308,
  "observed_flux": 0.0000014217803254723549,
  "electron_correction": 6.619448811306938E-8,
  "electron_contaminaton": false,
  "energy": "0.1-0.8nm"
}
