{
  "time_tag": "2026-02-26T00:24:00Z",
  "satellite": 18,
  "flux": 0.000001547167244098091,
  "observed_flux": 0.0000016017066855056328,
  "electron_correction": 5.4539473381964854E-8,
  "electron_contaminaton": false,
  "energy": "0.1-0.8nm"
}
