{
  "time_tag": "2026-02-06T19:11:00Z",
  "satellite": 18,
  "flux": 0.0000016684493857610505,
  "observed_flux": 0.000001751437594066374,
  "electron_correction": 8.298819409446878E-8,
  "electron_contaminaton": false,
  "energy": "0.1-0.8nm"
}
