{
  "time_tag": "2026-03-04T02:35:00Z",
  "satellite": 18,
  "flux": 0.0000018373460761722527,
  "observed_flux": 0.0000018655841813597362,
  "electron_correction": 2.8238147820047743E-8,
  "electron_contaminaton": false,
  "energy": "0.1-0.8nm"
}
