{
  "time_tag": "2026-03-21T11:21:00Z",
  "satellite": 18,
  "flux": 3.7720664636253787E-7,
  "observed_flux": 3.772369439047907E-7,
  "electron_correction": 3.027307918235245E-11,
  "electron_contaminaton": false,
  "energy": "0.1-0.8nm"
}
