{
  "time_tag": "2026-03-11T22:09:00Z",
  "satellite": 18,
  "flux": 6.033580461917154E-7,
  "observed_flux": 6.569214860974171E-7,
  "electron_correction": 5.356343990570167E-8,
  "electron_contaminaton": false,
  "energy": "0.1-0.8nm"
}
