{
  "time_tag": "2026-05-26T21:28:00Z",
  "satellite": 18,
  "flux": 0.0000011217078963454696,
  "observed_flux": 0.0000011295970807623235,
  "electron_correction": 7.889203956779056E-9,
  "electron_contaminaton": false,
  "energy": "0.1-0.8nm"
}
