{
  "time_tag": "2026-01-20T15:20:00Z",
  "satellite": 18,
  "flux": 0.0000014366693221745663,
  "observed_flux": 0.0000014408306014956906,
  "electron_correction": 4.161262889823547E-9,
  "electron_contaminaton": false,
  "energy": "0.1-0.8nm"
}
