{
  "time_tag": "2026-02-24T04:26:00Z",
  "satellite": 18,
  "flux": 5.533117928280262E-7,
  "observed_flux": 5.842683776791091E-7,
  "electron_correction": 3.095658840379656E-8,
  "electron_contaminaton": false,
  "energy": "0.1-0.8nm"
}
