{
  "time_tag": "2026-02-12T10:48:00Z",
  "satellite": 18,
  "flux": 8.075692790043831E-7,
  "observed_flux": 8.37980678625172E-7,
  "electron_correction": 3.041137119907944E-8,
  "electron_contaminaton": false,
  "energy": "0.1-0.8nm"
}
