{
  "time_tag": "2025-12-20T12:20:00Z",
  "satellite": 18,
  "flux": 7.4476679401414E-7,
  "observed_flux": 7.678131055399717E-7,
  "electron_correction": 2.3046288433192785E-8,
  "electron_contaminaton": false,
  "energy": "0.1-0.8nm"
}
