{
  "time_tag": "2026-03-28T22:54:00Z",
  "satellite": 18,
  "flux": 0.000001179182163468795,
  "observed_flux": 0.0000012104491133868578,
  "electron_correction": 3.126699255062704E-8,
  "electron_contaminaton": false,
  "energy": "0.1-0.8nm"
}
