{
  "time_tag": "2026-04-19T06:29:00Z",
  "satellite": 18,
  "flux": 3.2667230698280036E-7,
  "observed_flux": 3.6962080685043475E-7,
  "electron_correction": 4.2948492762207024E-8,
  "electron_contaminaton": false,
  "energy": "0.1-0.8nm"
}
