{
    "time_tag": "2026-05-22T22:14:00Z",
    "satellite": 18,
    "flux": 8.835586982058885e-07,
    "observed_flux": 9.181705991068156e-07,
    "electron_correction": 3.461192576992289e-08,
    "electron_contaminaton": false,
    "energy": "0.1-0.8nm"
}