{
  "time_tag": "2025-12-19T15:18:00Z",
  "satellite": 18,
  "flux": 7.834574375920056E-7,
  "observed_flux": 8.363521146748099E-7,
  "electron_correction": 5.289465221380851E-8,
  "electron_contaminaton": false,
  "energy": "0.1-0.8nm"
}
