{
  "time_tag": "2026-03-22T22:52:00Z",
  "satellite": 18,
  "flux": 6.997330501690158E-7,
  "observed_flux": 7.132255177566549E-7,
  "electron_correction": 1.3492480910315408E-8,
  "electron_contaminaton": false,
  "energy": "0.1-0.8nm"
}
