{
  "time_tag": "2025-12-15T03:45:00Z",
  "satellite": 18,
  "flux": 7.735227995908645E-7,
  "observed_flux": 8.113026979117421E-7,
  "electron_correction": 3.777992674258712E-8,
  "electron_contaminaton": false,
  "energy": "0.1-0.8nm"
}
