{
  "time_tag": "2026-05-25T02:14:00Z",
  "satellite": 18,
  "flux": 0.0000010562607712927274,
  "observed_flux": 0.0000010597547088764259,
  "electron_correction": 3.4938609783097263E-9,
  "electron_contaminaton": false,
  "energy": "0.1-0.8nm"
}
