{
  "time_tag": "2026-03-20T14:14:00Z",
  "satellite": 18,
  "flux": 2.962206337997486E-7,
  "observed_flux": 2.9775944199172955E-7,
  "electron_correction": 1.5388241791924884E-9,
  "electron_contaminaton": false,
  "energy": "0.1-0.8nm"
}
