{
  "time_tag": "2026-02-13T16:26:00Z",
  "satellite": 18,
  "flux": 4.6928167307669355E-7,
  "observed_flux": 5.117356636219483E-7,
  "electron_correction": 4.2453983439827425E-8,
  "electron_contaminaton": false,
  "energy": "0.1-0.8nm"
}
