{
  "time_tag": "2026-03-13T23:06:00Z",
  "satellite": 18,
  "flux": 8.020070936254342E-7,
  "observed_flux": 8.266982831628411E-7,
  "electron_correction": 2.469121618275949E-8,
  "electron_contaminaton": false,
  "energy": "0.1-0.8nm"
}
