{
  "time_tag": "2026-01-10T21:17:00Z",
  "satellite": 18,
  "flux": 6.605495173062081E-7,
  "observed_flux": 7.175166842898761E-7,
  "electron_correction": 5.696717053638167E-8,
  "electron_contaminaton": false,
  "energy": "0.1-0.8nm"
}
