{
    "time_tag": "2026-05-24T17:52:00Z",
    "satellite": 18,
    "flux": 7.396570822493231e-07,
    "observed_flux": 7.590113568767265e-07,
    "electron_correction": 1.9354255087478123e-08,
    "electron_contaminaton": false,
    "energy": "0.1-0.8nm"
}