{
  "time_tag": "2026-03-06T11:39:00Z",
  "satellite": 18,
  "flux": 6.337600666483922E-7,
  "observed_flux": 6.344163807625591E-7,
  "electron_correction": 6.563311005791661E-10,
  "electron_contaminaton": false,
  "energy": "0.1-0.8nm"
}
