{
  "time_tag": "2026-05-19T21:36:00Z",
  "satellite": 18,
  "flux": 8.451971211798082E-7,
  "observed_flux": 8.886900104698725E-7,
  "electron_correction": 4.3492931922628486E-8,
  "electron_contaminaton": false,
  "energy": "0.1-0.8nm"
}
