{
  "time_tag": "2026-03-13T07:04:00Z",
  "satellite": 18,
  "flux": 0.0000030980406791059067,
  "observed_flux": 0.0000031044262414070545,
  "electron_correction": 6.385455275648155E-9,
  "electron_contaminaton": false,
  "energy": "0.1-0.8nm"
}
