{
  "time_tag": "2026-02-27T21:07:00Z",
  "satellite": 18,
  "flux": 8.800378168416501E-7,
  "observed_flux": 9.193446430799668E-7,
  "electron_correction": 3.930682268560304E-8,
  "electron_contaminaton": false,
  "energy": "0.1-0.8nm"
}
