{
  "time_tag": "2026-04-22T21:02:00Z",
  "satellite": 18,
  "flux": 7.395502734652837E-7,
  "observed_flux": 7.944814228721953E-7,
  "electron_correction": 5.4931138748770536E-8,
  "electron_contaminaton": false,
  "energy": "0.1-0.8nm"
}
