{
    "time_tag": "2026-05-05T22:51:00Z",
    "satellite": 18,
    "flux": 5.541540986087057e-07,
    "observed_flux": 6.153944696052349e-07,
    "electron_correction": 6.124034968024716e-08,
    "electron_contaminaton": false,
    "energy": "0.1-0.8nm"
}