{
    "time_tag": "2026-06-24T02:21:00Z",
    "satellite": 18,
    "flux": 9.715861324366415e-07,
    "observed_flux": 9.720130265122862e-07,
    "electron_correction": 4.269167797055218e-10,
    "electron_contaminaton": false,
    "energy": "0.1-0.8nm"
}