{
  "time_tag": "2026-02-19T22:27:00Z",
  "satellite": 18,
  "flux": 5.376424496716936E-7,
  "observed_flux": 5.780987066827947E-7,
  "electron_correction": 4.0456260563814794E-8,
  "electron_contaminaton": false,
  "energy": "0.1-0.8nm"
}
