{
  "time_tag": "2026-02-13T12:23:00Z",
  "satellite": 18,
  "flux": 5.728718974751246E-7,
  "observed_flux": 5.891458840778796E-7,
  "electron_correction": 1.6273975944613994E-8,
  "electron_contaminaton": false,
  "energy": "0.1-0.8nm"
}
