{
  "time_tag": "2026-06-09T15:42:00Z",
  "satellite": 18,
  "flux": 0.000001083427264347847,
  "observed_flux": 0.0000011250085663050413,
  "electron_correction": 4.1581305509907907E-8,
  "electron_contaminaton": false,
  "energy": "0.1-0.8nm"
}
