{
  "time_tag": "2026-05-13T11:14:00Z",
  "satellite": 18,
  "flux": 6.884351364533359E-7,
  "observed_flux": 6.909038461344608E-7,
  "electron_correction": 2.4686788169248075E-9,
  "electron_contaminaton": false,
  "energy": "0.1-0.8nm"
}
