{
    "time_tag": "2026-06-11T22:25:00Z",
    "satellite": 18,
    "flux": 1.5504884913752903e-06,
    "observed_flux": 1.5602651046719984e-06,
    "electron_correction": 9.776611520351253e-09,
    "electron_contaminaton": false,
    "energy": "0.1-0.8nm"
}