{
  "time_tag": "2026-02-28T16:02:00Z",
  "satellite": 18,
  "flux": 0.0000015929863366181962,
  "observed_flux": 0.0000016348597000614973,
  "electron_correction": 4.1873349232446344E-8,
  "electron_contaminaton": false,
  "energy": "0.1-0.8nm"
}
