{
  "time_tag": "2026-02-05T11:43:00Z",
  "satellite": 18,
  "flux": 0.000003936707798857242,
  "observed_flux": 0.000003937911515095038,
  "electron_correction": 1.2037191243763345E-9,
  "electron_contaminaton": false,
  "energy": "0.1-0.8nm"
}
