{
  "time_tag": "2026-03-26T19:06:00Z",
  "satellite": 18,
  "flux": 0.0000019336064269737108,
  "observed_flux": 0.0000019972062546003144,
  "electron_correction": 6.359993420801402E-8,
  "electron_contaminaton": false,
  "energy": "0.1-0.8nm"
}
