{
  "time_tag": "2026-03-08T17:49:00Z",
  "satellite": 18,
  "flux": 0.0000011126553545182105,
  "observed_flux": 0.0000011867811053889454,
  "electron_correction": 7.412571534359813E-8,
  "electron_contaminaton": false,
  "energy": "0.1-0.8nm"
}
