{
  "time_tag": "2026-03-09T08:45:00Z",
  "satellite": 18,
  "flux": 5.62363254630327E-7,
  "observed_flux": 5.695558229490416E-7,
  "electron_correction": 7.192558992841214E-9,
  "electron_contaminaton": false,
  "energy": "0.1-0.8nm"
}
