{
  "time_tag": "2026-04-18T10:43:00Z",
  "satellite": 18,
  "flux": 3.695221266752924E-7,
  "observed_flux": 3.7200933888925647E-7,
  "electron_correction": 2.4872113257856654E-9,
  "electron_contaminaton": false,
  "energy": "0.1-0.8nm"
}
