{
  "time_tag": "2025-12-18T12:20:00Z",
  "satellite": 18,
  "flux": 5.348744025468477E-7,
  "observed_flux": 5.600104486802593E-7,
  "electron_correction": 2.5136067449693655E-8,
  "electron_contaminaton": false,
  "energy": "0.1-0.8nm"
}
