{
  "time_tag": "2026-03-07T22:21:00Z",
  "satellite": 18,
  "flux": 7.230926257761894E-7,
  "observed_flux": 7.544358595623635E-7,
  "electron_correction": 3.1343233786174096E-8,
  "electron_contaminaton": false,
  "energy": "0.1-0.8nm"
}
