{
    "time_tag": "2026-06-09T17:17:00Z",
    "satellite": 18,
    "flux": 7.628138973814202e-07,
    "observed_flux": 7.99119504790724e-07,
    "electron_correction": 3.6305607409303775e-08,
    "electron_contaminaton": false,
    "energy": "0.1-0.8nm"
}