{
  "time_tag": "2026-04-24T22:43:00Z",
  "satellite": 18,
  "flux": 0.0000018225289295514813,
  "observed_flux": 0.0000018413128373140353,
  "electron_correction": 1.8783927302479242E-8,
  "electron_contaminaton": false,
  "energy": "0.1-0.8nm"
}
