{
  "time_tag": "2026-03-06T20:21:00Z",
  "satellite": 18,
  "flux": 7.323029080907872E-7,
  "observed_flux": 7.47176272852812E-7,
  "electron_correction": 1.4873355880240524E-8,
  "electron_contaminaton": false,
  "energy": "0.1-0.8nm"
}
