{
    "time_tag": "2026-04-27T14:55:00Z",
    "satellite": 18,
    "flux": 7.140963589336025e-07,
    "observed_flux": 7.218581004053704e-07,
    "electron_correction": 7.761727260913176e-09,
    "electron_contaminaton": false,
    "energy": "0.1-0.8nm"
}