{
  "time_tag": "2026-02-22T06:27:00Z",
  "satellite": 18,
  "flux": 7.077867394400528E-7,
  "observed_flux": 7.095895284692233E-7,
  "electron_correction": 1.8027563886136022E-9,
  "electron_contaminaton": false,
  "energy": "0.1-0.8nm"
}
