{
    "time_tag": "2026-05-15T11:19:00Z",
    "satellite": 18,
    "flux": 4.2298037783439213e-07,
    "observed_flux": 4.232388448599522e-07,
    "electron_correction": 2.584470415456508e-10,
    "electron_contaminaton": false,
    "energy": "0.1-0.8nm"
}