{
    "time_tag": "2026-05-27T09:22:00Z",
    "satellite": 18,
    "flux": 7.639764021405426e-07,
    "observed_flux": 7.689258723075909e-07,
    "electron_correction": 4.949435084000697e-09,
    "electron_contaminaton": false,
    "energy": "0.1-0.8nm"
}