{
    "time_tag": "2026-05-17T17:39:00Z",
    "satellite": 18,
    "flux": 5.516045575859607e-07,
    "observed_flux": 6.254132927097089e-07,
    "electron_correction": 7.380876354545762e-08,
    "electron_contaminaton": false,
    "energy": "0.1-0.8nm"
}