{
  "time_tag": "2026-05-10T21:12:00Z",
  "satellite": 18,
  "flux": 0.0000012498682053774246,
  "observed_flux": 0.0000012720173572233762,
  "electron_correction": 2.214916605680628E-8,
  "electron_contaminaton": false,
  "energy": "0.1-0.8nm"
}
