{
  "time_tag": "2026-03-13T20:53:00Z",
  "satellite": 18,
  "flux": 0.000004245494437782327,
  "observed_flux": 0.000004282866484572878,
  "electron_correction": 3.7372100081256576E-8,
  "electron_contaminaton": false,
  "energy": "0.1-0.8nm"
}
