{
  "time_tag": "2026-06-26T15:57:00Z",
  "satellite": 18,
  "flux": 9.34493868953723E-7,
  "observed_flux": 9.87507860372716E-7,
  "electron_correction": 5.301397010271103E-8,
  "electron_contaminaton": false,
  "energy": "0.1-0.8nm"
}
