{
  "time_tag": "2026-03-13T18:13:00Z",
  "satellite": 18,
  "flux": 9.171924375550589E-7,
  "observed_flux": 9.509135452390183E-7,
  "electron_correction": 3.3721111236673096E-8,
  "electron_contaminaton": false,
  "energy": "0.1-0.8nm"
}
