{
  "time_tag": "2026-06-13T16:33:00Z",
  "satellite": 18,
  "flux": 6.02088562118297E-7,
  "observed_flux": 6.476831799773208E-7,
  "electron_correction": 4.559460720088282E-8,
  "electron_contaminaton": false,
  "energy": "0.1-0.8nm"
}
