{
    "time_tag": "2026-05-11T15:30:00Z",
    "satellite": 18,
    "flux": 6.367261562445492e-07,
    "observed_flux": 6.483748506980191e-07,
    "electron_correction": 1.1648721987000954e-08,
    "electron_contaminaton": false,
    "energy": "0.1-0.8nm"
}