{
  "time_tag": "2026-03-05T23:36:00Z",
  "satellite": 18,
  "flux": 0.0000010089644320032676,
  "observed_flux": 0.0000010306614512956003,
  "electron_correction": 2.1696934027204406E-8,
  "electron_contaminaton": false,
  "energy": "0.1-0.8nm"
}
