{
  "time_tag": "2026-02-25T14:10:00Z",
  "satellite": 18,
  "flux": 9.033918786371942E-7,
  "observed_flux": 9.508509037914337E-7,
  "electron_correction": 4.7459035812380534E-8,
  "electron_contaminaton": false,
  "energy": "0.1-0.8nm"
}
