{
  "time_tag": "2026-02-22T08:42:00Z",
  "satellite": 18,
  "flux": 3.228084324291558E-7,
  "observed_flux": 3.255701983562176E-7,
  "electron_correction": 2.7617486075826037E-9,
  "electron_contaminaton": false,
  "energy": "0.1-0.8nm"
}
