{
  "time_tag": "2026-02-17T15:16:00Z",
  "satellite": 18,
  "flux": 5.306438310981321E-7,
  "observed_flux": 5.900362225474964E-7,
  "electron_correction": 5.93923523695139E-8,
  "electron_contaminaton": false,
  "energy": "0.1-0.8nm"
}
