{
  "time_tag": "2026-06-14T21:24:00Z",
  "satellite": 18,
  "flux": 5.198818939788907E-7,
  "observed_flux": 5.69421729323949E-7,
  "electron_correction": 4.953979626520777E-8,
  "electron_contaminaton": false,
  "energy": "0.1-0.8nm"
}
