{
    "time_tag": "2026-06-29T16:19:00Z",
    "satellite": 18,
    "flux": 1.8863906916521955e-06,
    "observed_flux": 1.9154504116158932e-06,
    "electron_correction": 2.905985851953119e-08,
    "electron_contaminaton": false,
    "energy": "0.1-0.8nm"
}