{
  "time_tag": "2026-06-06T23:33:00Z",
  "satellite": 18,
  "flux": 0.0000011438005458330736,
  "observed_flux": 0.0000011903712220373563,
  "electron_correction": 4.6570725942274294E-8,
  "electron_contaminaton": false,
  "energy": "0.1-0.8nm"
}
