{
  "time_tag": "2026-04-25T17:00:00Z",
  "satellite": 18,
  "flux": 0.0000011724611113095307,
  "observed_flux": 0.0000011830222774733556,
  "electron_correction": 1.0561132413045016E-8,
  "electron_contaminaton": false,
  "energy": "0.1-0.8nm"
}
