{
  "time_tag": "2026-05-04T00:12:00Z",
  "satellite": 18,
  "flux": 8.357800425073947E-7,
  "observed_flux": 8.710762813279871E-7,
  "electron_correction": 3.529623882059241E-8,
  "electron_contaminaton": false,
  "energy": "0.1-0.8nm"
}
