{
    "time_tag": "2026-05-07T23:06:00Z",
    "satellite": 18,
    "flux": 6.931356892891927e-07,
    "observed_flux": 7.269542834364984e-07,
    "electron_correction": 3.3818583489164666e-08,
    "electron_contaminaton": false,
    "energy": "0.1-0.8nm"
}