{
  "time_tag": "2026-04-29T01:56:00Z",
  "satellite": 18,
  "flux": 0.0000010689586815715302,
  "observed_flux": 0.0000010772625955723925,
  "electron_correction": 8.303862486513935E-9,
  "electron_contaminaton": false,
  "energy": "0.1-0.8nm"
}
