{
  "time_tag": "2026-06-25T00:04:00Z",
  "satellite": 18,
  "flux": 0.0000024236171611846657,
  "observed_flux": 0.000002427469325994025,
  "electron_correction": 3.852230534562295E-9,
  "electron_contaminaton": false,
  "energy": "0.1-0.8nm"
}
