{
  "time_tag": "2026-02-07T13:42:00Z",
  "satellite": 18,
  "flux": 0.00000160340835009265,
  "observed_flux": 0.000001637034074519761,
  "electron_correction": 3.362567468911948E-8,
  "electron_contaminaton": false,
  "energy": "0.1-0.8nm"
}
