{
  "time_tag": "2026-07-02T17:14:00Z",
  "satellite": 18,
  "flux": 0.00000274728790827794,
  "observed_flux": 0.000002758057007667958,
  "electron_correction": 1.0769115377229355E-8,
  "electron_contaminaton": false,
  "energy": "0.1-0.8nm"
}
