{
  "time_tag": "2026-06-21T14:29:00Z",
  "satellite": 18,
  "flux": 7.435668294419884E-7,
  "observed_flux": 7.545007179032837E-7,
  "electron_correction": 1.0933852934158494E-8,
  "electron_contaminaton": false,
  "energy": "0.1-0.8nm"
}
