{
  "time_tag": "2025-12-19T07:18:00Z",
  "satellite": 18,
  "flux": 5.878570163986296E-7,
  "observed_flux": 6.198656592459884E-7,
  "electron_correction": 3.200859666208089E-8,
  "electron_contaminaton": false,
  "energy": "0.1-0.8nm"
}
