{
  "time_tag": "2026-03-30T12:00:00Z",
  "satellite": 18,
  "flux": 0.0000027779274205386173,
  "observed_flux": 0.0000027807500373455696,
  "electron_correction": 2.8226831982891554E-9,
  "electron_contaminaton": false,
  "energy": "0.1-0.8nm"
}
