{
  "time_tag": "2026-04-18T20:20:00Z",
  "satellite": 18,
  "flux": 3.189796018432389E-7,
  "observed_flux": 3.5189864888707234E-7,
  "electron_correction": 3.291903993840606E-8,
  "electron_contaminaton": false,
  "energy": "0.1-0.8nm"
}
