{
  "time_tag": "2026-01-26T13:28:00Z",
  "satellite": 18,
  "flux": 0.0000011944716789002996,
  "observed_flux": 0.0000012221775023135706,
  "electron_correction": 2.7705906902042443E-8,
  "electron_contaminaton": false,
  "energy": "0.1-0.8nm"
}
