{
  "time_tag": "2026-05-19T20:15:00Z",
  "satellite": 18,
  "flux": 0.0000015893945146672195,
  "observed_flux": 0.0000016451072042400483,
  "electron_correction": 5.5712707336397216E-8,
  "electron_contaminaton": false,
  "energy": "0.1-0.8nm"
}
