{
  "time_tag": "2026-03-07T05:04:00Z",
  "satellite": 18,
  "flux": 6.039875870555989E-7,
  "observed_flux": 6.042249651727616E-7,
  "electron_correction": 2.3737048437943997E-10,
  "electron_contaminaton": false,
  "energy": "0.1-0.8nm"
}
