{
    "time_tag": "2026-05-30T05:55:00Z",
    "satellite": 18,
    "flux": 8.62253216382669e-07,
    "observed_flux": 8.717444757166959e-07,
    "electron_correction": 9.491290420271525e-09,
    "electron_contaminaton": false,
    "energy": "0.1-0.8nm"
}