{
  "time_tag": "2026-02-07T09:06:00Z",
  "satellite": 18,
  "flux": 0.0000021653838757629273,
  "observed_flux": 0.0000021871562694286695,
  "electron_correction": 2.1772409652953684E-8,
  "electron_contaminaton": false,
  "energy": "0.1-0.8nm"
}
