{
  "time_tag": "2026-02-08T07:24:00Z",
  "satellite": 18,
  "flux": 0.000003275615426900913,
  "observed_flux": 0.000003306081907794578,
  "electron_correction": 3.0466356548686235E-8,
  "electron_contaminaton": false,
  "energy": "0.1-0.8nm"
}
