{
    "time_tag": "2026-05-29T13:55:00Z",
    "satellite": 19,
    "flux": 9.358469128528668e-07,
    "observed_flux": 9.749473974807188e-07,
    "electron_correction": 3.9100513049561414e-08,
    "electron_contaminaton": false,
    "energy": "0.1-0.8nm"
}