{
  "time_tag": "2026-06-25T02:14:00Z",
  "satellite": 18,
  "flux": 0.0000016003375549189514,
  "observed_flux": 0.0000016118154917421634,
  "electron_correction": 1.1477929717784718E-8,
  "electron_contaminaton": false,
  "energy": "0.1-0.8nm"
}
