{
  "time_tag": "2026-03-24T22:10:00Z",
  "satellite": 18,
  "flux": 0.000001359066800432629,
  "observed_flux": 0.0000014311234508568305,
  "electron_correction": 7.205667174048358E-8,
  "electron_contaminaton": false,
  "energy": "0.1-0.8nm"
}
