{
  "time_tag": "2026-05-12T14:39:00Z",
  "satellite": 18,
  "flux": 7.352073794208991E-7,
  "observed_flux": 7.443368872372957E-7,
  "electron_correction": 9.129542455355022E-9,
  "electron_contaminaton": false,
  "energy": "0.1-0.8nm"
}
