{
    "time_tag": "2026-05-05T16:48:00Z",
    "satellite": 18,
    "flux": 7.28790098492027e-07,
    "observed_flux": 7.809388762325398e-07,
    "electron_correction": 5.2148770635085384e-08,
    "electron_contaminaton": false,
    "energy": "0.1-0.8nm"
}