{
    "time_tag": "2026-05-10T08:20:00Z",
    "satellite": 18,
    "flux": 7.500803462789918e-07,
    "observed_flux": 7.585017556266394e-07,
    "electron_correction": 8.42140401857705e-09,
    "electron_contaminaton": false,
    "energy": "0.1-0.8nm"
}