{
    "time_tag": "2026-06-07T20:14:00Z",
    "satellite": 18,
    "flux": 9.67759774539445e-07,
    "observed_flux": 1.0184910479438258e-06,
    "electron_correction": 5.073130537880388e-08,
    "electron_contaminaton": false,
    "energy": "0.1-0.8nm"
}