{
  "time_tag": "2026-03-22T14:52:00Z",
  "satellite": 18,
  "flux": 6.777115686418256E-7,
  "observed_flux": 7.138261253203382E-7,
  "electron_correction": 3.611457799479467E-8,
  "electron_contaminaton": false,
  "energy": "0.1-0.8nm"
}
