{
    "time_tag": "2026-04-29T10:26:00Z",
    "satellite": 18,
    "flux": 8.524811505594698e-07,
    "observed_flux": 8.544312208869087e-07,
    "electron_correction": 1.9501156245382845e-09,
    "electron_contaminaton": false,
    "energy": "0.1-0.8nm"
}