{
  "time_tag": "2026-02-04T11:52:00Z",
  "satellite": 18,
  "flux": 0.000004919540970149683,
  "observed_flux": 0.000004925231678498676,
  "electron_correction": 5.6905586909294925E-9,
  "electron_contaminaton": false,
  "energy": "0.1-0.8nm"
}
