{
  "time_tag": "2026-03-03T23:04:00Z",
  "satellite": 18,
  "flux": 7.056357844703598E-7,
  "observed_flux": 7.214575248326582E-7,
  "electron_correction": 1.582175102043948E-8,
  "electron_contaminaton": false,
  "energy": "0.1-0.8nm"
}
