{
    "time_tag": "2026-06-14T22:35:00Z",
    "satellite": 18,
    "flux": 5.028902023695991e-07,
    "observed_flux": 5.537929155252641e-07,
    "electron_correction": 5.090273447194704e-08,
    "electron_contaminaton": false,
    "energy": "0.1-0.8nm"
}