{
  "time_tag": "2026-05-09T09:53:00Z",
  "satellite": 18,
  "flux": 9.548953130433802E-7,
  "observed_flux": 9.683906228019623E-7,
  "electron_correction": 1.3495343509362101E-8,
  "electron_contaminaton": false,
  "energy": "0.1-0.8nm"
}
