{
  "time_tag": "2026-02-27T22:21:00Z",
  "satellite": 18,
  "flux": 9.359840760225779E-7,
  "observed_flux": 9.875873274722835E-7,
  "electron_correction": 5.160321592256878E-8,
  "electron_contaminaton": false,
  "energy": "0.1-0.8nm"
}
