{
  "time_tag": "2026-01-22T19:18:00Z",
  "satellite": 18,
  "flux": 0.0000013442239605865325,
  "observed_flux": 0.000001426706148777157,
  "electron_correction": 8.248223082318873E-8,
  "electron_contaminaton": false,
  "energy": "0.1-0.8nm"
}
