{
    "time_tag": "2026-06-16T09:28:00Z",
    "satellite": 18,
    "flux": 4.943648264088552e-07,
    "observed_flux": 5.119155161992239e-07,
    "electron_correction": 1.7550664921373027e-08,
    "electron_contaminaton": false,
    "energy": "0.1-0.8nm"
}