{
  "time_tag": "2026-01-25T09:19:00Z",
  "satellite": 18,
  "flux": 0.0000011277221574346186,
  "observed_flux": 0.0000011406463045204873,
  "electron_correction": 1.292421547560707E-8,
  "electron_contaminaton": false,
  "energy": "0.1-0.8nm"
}
