{
  "time_tag": "2026-03-07T15:21:00Z",
  "satellite": 18,
  "flux": 7.100988455022161E-7,
  "observed_flux": 7.235713042064162E-7,
  "electron_correction": 1.3472498672228994E-8,
  "electron_contaminaton": false,
  "energy": "0.1-0.8nm"
}
