{
  "time_tag": "2026-06-04T22:25:00Z",
  "satellite": 18,
  "flux": 0.0000011814116760433535,
  "observed_flux": 0.0000011933259429497411,
  "electron_correction": 1.191429266356181E-8,
  "electron_contaminaton": false,
  "energy": "0.1-0.8nm"
}
