{
  "time_tag": "2026-02-07T12:00:00Z",
  "satellite": 18,
  "flux": 0.0000019013517658095225,
  "observed_flux": 0.0000019299964151286986,
  "electron_correction": 2.8644763006013818E-8,
  "electron_contaminaton": false,
  "energy": "0.1-0.8nm"
}
