{
  "time_tag": "2026-01-27T02:53:00Z",
  "satellite": 18,
  "flux": 0.0000014247323179006344,
  "observed_flux": 0.0000014604464695366914,
  "electron_correction": 3.571410545077924E-8,
  "electron_contaminaton": false,
  "energy": "0.1-0.8nm"
}
