{
  "time_tag": "2026-01-19T00:42:00Z",
  "satellite": 18,
  "flux": 0.000004512402938416926,
  "observed_flux": 0.000004561845798889408,
  "electron_correction": 4.9443020344597244E-8,
  "electron_contaminaton": false,
  "energy": "0.1-0.8nm"
}
