{
  "time_tag": "2026-01-20T01:48:00Z",
  "satellite": 18,
  "flux": 0.0000015876186125751701,
  "observed_flux": 0.0000015879300008236896,
  "electron_correction": 3.1135741207499734E-10,
  "electron_contaminaton": false,
  "energy": "0.1-0.8nm"
}
