{
    "time_tag": "2026-05-19T07:33:00Z",
    "satellite": 18,
    "flux": 3.551979830263008e-07,
    "observed_flux": 3.7581023093480326e-07,
    "electron_correction": 2.0612247908502468e-08,
    "electron_contaminaton": false,
    "energy": "0.1-0.8nm"
}