{
  "time_tag": "2026-02-03T08:12:00Z",
  "satellite": 18,
  "flux": 0.000009008394954435062,
  "observed_flux": 0.0000090118519437965,
  "electron_correction": 3.4571694396134944E-9,
  "electron_contaminaton": false,
  "energy": "0.1-0.8nm"
}
