{
  "time_tag": "2026-02-24T19:05:00Z",
  "satellite": 18,
  "flux": 0.0000028627746360143647,
  "observed_flux": 0.000002932539473476936,
  "electron_correction": 6.976491562227238E-8,
  "electron_contaminaton": false,
  "energy": "0.1-0.8nm"
}
