{
  "time_tag": "2026-06-01T03:42:00Z",
  "satellite": 18,
  "flux": 8.845747743180254E-7,
  "observed_flux": 9.071853241948702E-7,
  "electron_correction": 2.2610539218703707E-8,
  "electron_contaminaton": false,
  "energy": "0.1-0.8nm"
}
