{
    "time_tag": "2026-05-27T00:14:00Z",
    "satellite": 18,
    "flux": 1.5382345281977905e-06,
    "observed_flux": 1.5447350278918748e-06,
    "electron_correction": 6.500441518397793e-09,
    "electron_contaminaton": false,
    "energy": "0.1-0.8nm"
}