{
  "time_tag": "2026-04-17T22:39:00Z",
  "satellite": 18,
  "flux": 3.382981788035977E-7,
  "observed_flux": 3.4911022339656483E-7,
  "electron_correction": 1.0812036599361363E-8,
  "electron_contaminaton": false,
  "energy": "0.1-0.8nm"
}
