{
  "time_tag": "2026-02-23T09:45:00Z",
  "satellite": 18,
  "flux": 3.0753992064092017E-7,
  "observed_flux": 3.228034586300055E-7,
  "electron_correction": 1.526353266001479E-8,
  "electron_contaminaton": false,
  "energy": "0.1-0.8nm"
}
