{
  "time_tag": "2026-02-04T22:37:00Z",
  "satellite": 18,
  "flux": 0.0000025697006549307844,
  "observed_flux": 0.000002579348802100867,
  "electron_correction": 9.647992627037638E-9,
  "electron_contaminaton": false,
  "energy": "0.1-0.8nm"
}
