{
  "time_tag": "2026-06-04T21:47:00Z",
  "satellite": 18,
  "flux": 0.000001479884758737171,
  "observed_flux": 0.000001491485704718798,
  "electron_correction": 1.1600984173298912E-8,
  "electron_contaminaton": false,
  "energy": "0.1-0.8nm"
}
