{
  "time_tag": "2026-05-04T08:43:00Z",
  "satellite": 18,
  "flux": 7.912036608104245E-7,
  "observed_flux": 8.00436964709661E-7,
  "electron_correction": 9.233326103696982E-9,
  "electron_contaminaton": false,
  "energy": "0.1-0.8nm"
}
