{
  "time_tag": "2026-05-12T20:57:00Z",
  "satellite": 18,
  "flux": 6.485653329946217E-7,
  "observed_flux": 6.614067160626291E-7,
  "electron_correction": 1.2841398167040552E-8,
  "electron_contaminaton": false,
  "energy": "0.1-0.8nm"
}
