{
  "time_tag": "2025-12-24T11:17:00Z",
  "satellite": 18,
  "flux": 0.0000029495970466086874,
  "observed_flux": 0.000002991346491398872,
  "electron_correction": 4.1749395052192995E-8,
  "electron_contaminaton": false,
  "energy": "0.1-0.8nm"
}
