{
  "time_tag": "2026-05-28T15:24:00Z",
  "satellite": 19,
  "flux": 0.0000013282030977279646,
  "observed_flux": 0.000001356870484414685,
  "electron_correction": 2.8667425766570886E-8,
  "electron_contaminaton": false,
  "energy": "0.1-0.8nm"
}
