{
  "time_tag": "2026-05-08T18:29:00Z",
  "satellite": 18,
  "flux": 8.110922067317006E-7,
  "observed_flux": 8.401650575251551E-7,
  "electron_correction": 2.907283302988617E-8,
  "electron_contaminaton": false,
  "energy": "0.1-0.8nm"
}
