{
  "time_tag": "2026-01-18T08:19:00Z",
  "satellite": 18,
  "flux": 0.0000014734781643710448,
  "observed_flux": 0.0000014865937600916368,
  "electron_correction": 1.3115684538433925E-8,
  "electron_contaminaton": false,
  "energy": "0.1-0.8nm"
}
