{
    "time_tag": "2026-05-19T23:39:00Z",
    "satellite": 18,
    "flux": 4.95543872602866e-07,
    "observed_flux": 5.463867864818894e-07,
    "electron_correction": 5.0842892562741326e-08,
    "electron_contaminaton": false,
    "energy": "0.1-0.8nm"
}