{
  "time_tag": "2026-07-02T13:18:00Z",
  "satellite": 18,
  "flux": 0.000003272113190178061,
  "observed_flux": 0.0000032803827707539313,
  "electron_correction": 8.269575246799832E-9,
  "electron_contaminaton": false,
  "energy": "0.1-0.8nm"
}
