{
    "time_tag": "2026-04-26T20:20:00Z",
    "satellite": 18,
    "flux": 5.583493020822061e-06,
    "observed_flux": 5.624885034194449e-06,
    "electron_correction": 4.139224074606318e-08,
    "electron_contaminaton": false,
    "energy": "0.1-0.8nm"
}