{
    "time_tag": "2026-04-25T23:54:00Z",
    "satellite": 18,
    "flux": 1.5373618680314394e-06,
    "observed_flux": 1.5440814422618132e-06,
    "electron_correction": 6.719597323012749e-09,
    "electron_contaminaton": false,
    "energy": "0.1-0.8nm"
}