{
  "time_tag": "2026-02-18T19:31:00Z",
  "satellite": 18,
  "flux": 5.740320148106548E-7,
  "observed_flux": 6.40155406017584E-7,
  "electron_correction": 6.612339120692923E-8,
  "electron_contaminaton": false,
  "energy": "0.1-0.8nm"
}
