{
  "time_tag": "2026-03-22T22:21:00Z",
  "satellite": 18,
  "flux": 6.753331263098517E-7,
  "observed_flux": 6.893643558214535E-7,
  "electron_correction": 1.4031223294352912E-8,
  "electron_contaminaton": false,
  "energy": "0.1-0.8nm"
}
