{
  "time_tag": "2025-12-15T14:19:00Z",
  "satellite": 18,
  "flux": 4.962673756381264E-7,
  "observed_flux": 5.411430379353988E-7,
  "electron_correction": 4.4875655191845E-8,
  "electron_contaminaton": false,
  "energy": "0.1-0.8nm"
}
