{
  "time_tag": "2026-02-05T11:25:00Z",
  "satellite": 18,
  "flux": 0.0000025980084501497913,
  "observed_flux": 0.0000025993617782660294,
  "electron_correction": 1.353250067559486E-9,
  "electron_contaminaton": false,
  "energy": "0.1-0.8nm"
}
