{
  "time_tag": "2026-03-17T19:05:00Z",
  "satellite": 18,
  "flux": 3.668836541237397E-7,
  "observed_flux": 4.0937285916697874E-7,
  "electron_correction": 4.2489205043239053E-8,
  "electron_contaminaton": false,
  "energy": "0.1-0.8nm"
}
