{
  "time_tag": "2026-07-02T15:51:00Z",
  "satellite": 18,
  "flux": 0.000002973223217850318,
  "observed_flux": 0.0000029820821509929374,
  "electron_correction": 8.859069033917422E-9,
  "electron_contaminaton": false,
  "energy": "0.1-0.8nm"
}
