{
  "time_tag": "2026-06-27T14:27:00Z",
  "satellite": 18,
  "flux": 0.0000015539698097200016,
  "observed_flux": 0.0000015962385759848985,
  "electron_correction": 4.226875915946948E-8,
  "electron_contaminaton": false,
  "energy": "0.1-0.8nm"
}
