{
    "time_tag": "2026-06-08T22:01:00Z",
    "satellite": 18,
    "flux": 8.324730629283295e-07,
    "observed_flux": 8.780326083979162e-07,
    "electron_correction": 4.555954191687306e-08,
    "electron_contaminaton": false,
    "energy": "0.1-0.8nm"
}