{
  "time_tag": "2026-05-07T14:34:00Z",
  "satellite": 18,
  "flux": 0.0000047745697884238325,
  "observed_flux": 0.0000048058791435323656,
  "electron_correction": 3.1308996284451496E-8,
  "electron_contaminaton": false,
  "energy": "0.1-0.8nm"
}
