{
    "time_tag": "2026-05-29T12:50:00Z",
    "satellite": 19,
    "flux": 8.424401585216401e-07,
    "observed_flux": 8.69241034706647e-07,
    "electron_correction": 2.6800897501289e-08,
    "electron_contaminaton": false,
    "energy": "0.1-0.8nm"
}