{
    "time_tag": "2026-05-19T21:07:00Z",
    "satellite": 18,
    "flux": 4.644126363473333e-07,
    "observed_flux": 5.236067863734206e-07,
    "electron_correction": 5.91941500260873e-08,
    "electron_contaminaton": false,
    "energy": "0.1-0.8nm"
}