{
  "time_tag": "2026-02-08T20:50:00Z",
  "satellite": 18,
  "flux": 0.0000023518678062828258,
  "observed_flux": 0.0000023970696929609403,
  "electron_correction": 4.5201936416106037E-8,
  "electron_contaminaton": false,
  "energy": "0.1-0.8nm"
}
