{
    "time_tag": "2026-05-11T19:22:00Z",
    "satellite": 18,
    "flux": 7.61546800731594e-07,
    "observed_flux": 7.782784905430162e-07,
    "electron_correction": 1.673164895521495e-08,
    "electron_contaminaton": false,
    "energy": "0.1-0.8nm"
}