{
  "time_tag": "2026-05-21T21:00:00Z",
  "satellite": 18,
  "flux": 9.07515357084776E-7,
  "observed_flux": 9.684542874310864E-7,
  "electron_correction": 6.093887350289151E-8,
  "electron_contaminaton": false,
  "energy": "0.1-0.8nm"
}
