{
  "time_tag": "2026-01-26T00:43:00Z",
  "satellite": 18,
  "flux": 0.0000015461254179172101,
  "observed_flux": 0.0000016090467624962912,
  "electron_correction": 6.292133036822634E-8,
  "electron_contaminaton": false,
  "energy": "0.1-0.8nm"
}
