{
    "time_tag": "2026-06-19T09:20:00Z",
    "satellite": 18,
    "flux": 3.9295542819672846e-07,
    "observed_flux": 3.997682824774529e-07,
    "electron_correction": 6.812857389348892e-09,
    "electron_contaminaton": false,
    "energy": "0.1-0.8nm"
}