{
  "time_tag": "2026-06-09T23:53:00Z",
  "satellite": 18,
  "flux": 9.166441827801464E-7,
  "observed_flux": 9.47548983276647E-7,
  "electron_correction": 3.0904764969363896E-8,
  "electron_contaminaton": false,
  "energy": "0.1-0.8nm"
}
