{
    "time_tag": "2026-06-06T10:31:00Z",
    "satellite": 18,
    "flux": 1.0027423513747635e-06,
    "observed_flux": 1.0253753544020583e-06,
    "electron_correction": 2.2633086516066214e-08,
    "electron_contaminaton": false,
    "energy": "0.1-0.8nm"
}