{
  "time_tag": "2026-03-06T06:12:00Z",
  "satellite": 18,
  "flux": 6.670459811175533E-7,
  "observed_flux": 6.689927545266983E-7,
  "electron_correction": 1.9467576439780032E-9,
  "electron_contaminaton": false,
  "energy": "0.1-0.8nm"
}
