{
  "time_tag": "2026-04-21T21:47:00Z",
  "satellite": 18,
  "flux": 9.731442105476162E-7,
  "observed_flux": 0.0000010481412573426496,
  "electron_correction": 7.499711784930696E-8,
  "electron_contaminaton": false,
  "energy": "0.1-0.8nm"
}
