{
    "time_tag": "2026-04-24T14:52:00Z",
    "satellite": 18,
    "flux": 2.5631097742007114e-06,
    "observed_flux": 2.589802079455694e-06,
    "electron_correction": 2.6692339005762733e-08,
    "electron_contaminaton": false,
    "energy": "0.1-0.8nm"
}