{
  "time_tag": "2025-12-30T23:18:00Z",
  "satellite": 18,
  "flux": 0.0000017964958942684461,
  "observed_flux": 0.0000018097019847118645,
  "electron_correction": 1.3206023830036884E-8,
  "electron_contaminaton": false,
  "energy": "0.1-0.8nm"
}
