{
  "time_tag": "2025-12-18T22:18:00Z",
  "satellite": 18,
  "flux": 5.390486421674723E-7,
  "observed_flux": 6.066189257580845E-7,
  "electron_correction": 6.757031201232166E-8,
  "electron_contaminaton": false,
  "energy": "0.1-0.8nm"
}
