{
  "time_tag": "2026-02-11T21:40:00Z",
  "satellite": 18,
  "flux": 0.000001037694687511248,
  "observed_flux": 0.0000010767862477223389,
  "electron_correction": 3.9091471393248867E-8,
  "electron_contaminaton": false,
  "energy": "0.1-0.8nm"
}
