{
    "time_tag": "2026-04-26T17:21:00Z",
    "satellite": 18,
    "flux": 2.2806784727436025e-06,
    "observed_flux": 2.2995004655967932e-06,
    "electron_correction": 1.8821957326053962e-08,
    "electron_contaminaton": false,
    "energy": "0.1-0.8nm"
}