{
  "time_tag": "2025-12-05T02:49:00Z",
  "satellite": 18,
  "flux": 0.0000023978434455784736,
  "observed_flux": 0.0000024274793304357445,
  "electron_correction": 2.963584400106356E-8,
  "electron_contaminaton": false,
  "energy": "0.1-0.8nm"
}
