{
  "time_tag": "2026-04-30T17:42:00Z",
  "satellite": 18,
  "flux": 9.95984237306402E-7,
  "observed_flux": 9.99528197098698E-7,
  "electron_correction": 3.5439511325563444E-9,
  "electron_contaminaton": false,
  "energy": "0.1-0.8nm"
}
