{
  "time_tag": "2026-02-18T09:15:00Z",
  "satellite": 18,
  "flux": 4.374815603114257E-7,
  "observed_flux": 4.59081547887763E-7,
  "electron_correction": 2.1599991129050977E-8,
  "electron_contaminaton": false,
  "energy": "0.1-0.8nm"
}
