{
    "time_tag": "2026-05-07T21:48:00Z",
    "satellite": 18,
    "flux": 7.23015205039701e-07,
    "observed_flux": 7.656972798031347e-07,
    "electron_correction": 4.268208897428849e-08,
    "electron_contaminaton": false,
    "energy": "0.1-0.8nm"
}