{
  "time_tag": "2026-03-26T12:33:00Z",
  "satellite": 18,
  "flux": 0.0000010975480790875736,
  "observed_flux": 0.0000011122766636617598,
  "electron_correction": 1.4728559705190492E-8,
  "electron_contaminaton": false,
  "energy": "0.1-0.8nm"
}
