{
  "time_tag": "2026-03-07T12:43:00Z",
  "satellite": 18,
  "flux": 5.76208208258322E-7,
  "observed_flux": 5.765563741988444E-7,
  "electron_correction": 3.4819430672072826E-10,
  "electron_contaminaton": false,
  "energy": "0.1-0.8nm"
}
