{
  "time_tag": "2026-01-10T06:19:00Z",
  "satellite": 18,
  "flux": 4.47970307959622E-7,
  "observed_flux": 4.48914278194934E-7,
  "electron_correction": 9.43959355126367E-10,
  "electron_contaminaton": false,
  "energy": "0.1-0.8nm"
}
