{
  "time_tag": "2026-04-25T22:57:00Z",
  "satellite": 18,
  "flux": 0.0000017821706705944962,
  "observed_flux": 0.0000017934780771611258,
  "electron_correction": 1.1307423442019626E-8,
  "electron_contaminaton": false,
  "energy": "0.1-0.8nm"
}
