{
    "time_tag": "2026-04-28T09:29:00Z",
    "satellite": 18,
    "flux": 4.670591351896292e-06,
    "observed_flux": 4.6754939830861986e-06,
    "electron_correction": 4.902835470943501e-09,
    "electron_contaminaton": false,
    "energy": "0.1-0.8nm"
}