{
  "time_tag": "2026-06-04T00:01:00Z",
  "satellite": 18,
  "flux": 0.000003049619181183516,
  "observed_flux": 0.000003069808826694498,
  "electron_correction": 2.0189682814475418E-8,
  "electron_contaminaton": false,
  "energy": "0.1-0.8nm"
}
