{
  "time_tag": "2026-03-27T06:07:00Z",
  "satellite": 18,
  "flux": 0.0000013467758890328696,
  "observed_flux": 0.000001381322363158688,
  "electron_correction": 3.4546431493254204E-8,
  "electron_contaminaton": false,
  "energy": "0.1-0.8nm"
}
