{
  "time_tag": "2026-05-15T18:47:00Z",
  "satellite": 18,
  "flux": 3.927171121631545E-7,
  "observed_flux": 4.1114319060397975E-7,
  "electron_correction": 1.8426069559041025E-8,
  "electron_contaminaton": false,
  "energy": "0.1-0.8nm"
}
