{
  "time_tag": "2026-02-12T13:26:00Z",
  "satellite": 18,
  "flux": 8.407450877712108E-7,
  "observed_flux": 8.658120691507065E-7,
  "electron_correction": 2.5066995590350416E-8,
  "electron_contaminaton": false,
  "energy": "0.1-0.8nm"
}
