{
    "time_tag": "2026-05-22T20:52:00Z",
    "satellite": 18,
    "flux": 7.998759770089237e-07,
    "observed_flux": 8.367912869289285e-07,
    "electron_correction": 3.691528505100905e-08,
    "electron_contaminaton": false,
    "energy": "0.1-0.8nm"
}