{
    "time_tag": "2026-05-06T21:08:00Z",
    "satellite": 18,
    "flux": 5.974077339487849e-07,
    "observed_flux": 6.481654395429359e-07,
    "electron_correction": 5.07576629615869e-08,
    "electron_contaminaton": false,
    "energy": "0.1-0.8nm"
}