{
  "time_tag": "2025-12-14T20:19:00Z",
  "satellite": 18,
  "flux": 6.050912588762003E-7,
  "observed_flux": 6.579368800885277E-7,
  "electron_correction": 5.284564252860946E-8,
  "electron_contaminaton": false,
  "energy": "0.1-0.8nm"
}
