{
  "time_tag": "2026-05-13T17:27:00Z",
  "satellite": 18,
  "flux": 0.0000015192651972029125,
  "observed_flux": 0.000001523629748589883,
  "electron_correction": 4.364571370985004E-9,
  "electron_contaminaton": false,
  "energy": "0.1-0.8nm"
}
