{
    "time_tag": "2026-06-19T02:31:00Z",
    "satellite": 18,
    "flux": 4.6827543087601953e-07,
    "observed_flux": 4.742507542232488e-07,
    "electron_correction": 5.975339778530042e-09,
    "electron_contaminaton": false,
    "energy": "0.1-0.8nm"
}