{
    "time_tag": "2026-06-18T01:42:00Z",
    "satellite": 18,
    "flux": 3.909446206762368e-07,
    "observed_flux": 4.022864743546961e-07,
    "electron_correction": 1.13418581193514e-08,
    "electron_contaminaton": false,
    "energy": "0.1-0.8nm"
}