{
  "time_tag": "2026-02-04T17:00:00Z",
  "satellite": 18,
  "flux": 0.000002791221959341783,
  "observed_flux": 0.0000028096924324927386,
  "electron_correction": 1.847036301683147E-8,
  "electron_contaminaton": false,
  "energy": "0.1-0.8nm"
}
