{
  "time_tag": "2025-12-09T23:22:00Z",
  "satellite": 18,
  "flux": 0.000006916890924912877,
  "observed_flux": 0.000006936269073776202,
  "electron_correction": 1.9378157745109093E-8,
  "electron_contaminaton": false,
  "energy": "0.1-0.8nm"
}
