{
    "time_tag": "2026-06-27T09:56:00Z",
    "satellite": 18,
    "flux": 2.460235009493772e-06,
    "observed_flux": 2.4937396574387094e-06,
    "electron_correction": 3.350449517824927e-08,
    "electron_contaminaton": false,
    "energy": "0.1-0.8nm"
}