{
  "time_tag": "2026-02-14T23:48:00Z",
  "satellite": 18,
  "flux": 5.518234615919937E-7,
  "observed_flux": 5.627398422802798E-7,
  "electron_correction": 1.0916386905535092E-8,
  "electron_contaminaton": false,
  "energy": "0.1-0.8nm"
}
