{
    "time_tag": "2026-06-12T06:56:00Z",
    "satellite": 18,
    "flux": 6.818582392043027e-07,
    "observed_flux": 6.837704518147802e-07,
    "electron_correction": 1.9122314842690002e-09,
    "electron_contaminaton": false,
    "energy": "0.1-0.8nm"
}