{
    "time_tag": "2026-04-26T11:41:00Z",
    "satellite": 18,
    "flux": 2.5335093596368097e-06,
    "observed_flux": 2.538053649914218e-06,
    "electron_correction": 4.544283616070288e-09,
    "electron_contaminaton": false,
    "energy": "0.1-0.8nm"
}