{
  "time_tag": "2026-04-24T07:38:00Z",
  "satellite": 18,
  "flux": 0.0000027451947062218096,
  "observed_flux": 0.0000027668520488077775,
  "electron_correction": 2.165735146775205E-8,
  "electron_contaminaton": false,
  "energy": "0.1-0.8nm"
}
