{
  "time_tag": "2026-05-31T16:06:00Z",
  "satellite": 18,
  "flux": 6.652831530118419E-7,
  "observed_flux": 7.068364880069566E-7,
  "electron_correction": 4.1553295915264243E-8,
  "electron_contaminaton": false,
  "energy": "0.1-0.8nm"
}
