{
  "time_tag": "2025-12-25T16:19:00Z",
  "satellite": 18,
  "flux": 0.0000015892010196694173,
  "observed_flux": 0.000001640615096221154,
  "electron_correction": 5.14140090501769E-8,
  "electron_contaminaton": false,
  "energy": "0.1-0.8nm"
}
