{
    "time_tag": "2026-06-02T03:45:00Z",
    "satellite": 18,
    "flux": 9.185984026771621e-07,
    "observed_flux": 9.382193297824415e-07,
    "electron_correction": 1.9620939539777282e-08,
    "electron_contaminaton": false,
    "energy": "0.1-0.8nm"
}