{
  "time_tag": "2025-12-16T22:18:00Z",
  "satellite": 18,
  "flux": 5.711324888579838E-7,
  "observed_flux": 6.20642538251559E-7,
  "electron_correction": 4.9510045840861494E-8,
  "electron_contaminaton": false,
  "energy": "0.1-0.8nm"
}
