{
  "time_tag": "2026-05-12T19:28:00Z",
  "satellite": 18,
  "flux": 6.301364692262723E-7,
  "observed_flux": 6.425075298466254E-7,
  "electron_correction": 1.2371018875967366E-8,
  "electron_contaminaton": false,
  "energy": "0.1-0.8nm"
}
