{
  "time_tag": "2026-01-28T20:20:00Z",
  "satellite": 18,
  "flux": 7.933239203339326E-7,
  "observed_flux": 8.640379292046418E-7,
  "electron_correction": 7.07139946598545E-8,
  "electron_contaminaton": false,
  "energy": "0.1-0.8nm"
}
