{
  "time_tag": "2026-05-24T17:31:00Z",
  "satellite": 18,
  "flux": 7.481993975488876E-7,
  "observed_flux": 7.671377488804865E-7,
  "electron_correction": 1.893836021338302E-8,
  "electron_contaminaton": false,
  "energy": "0.1-0.8nm"
}
