{
  "time_tag": "2026-03-01T07:39:00Z",
  "satellite": 18,
  "flux": 0.00000373587886315363,
  "observed_flux": 0.0000037526397136389278,
  "electron_correction": 1.676073502210329E-8,
  "electron_contaminaton": false,
  "energy": "0.1-0.8nm"
}
