{
  "time_tag": "2026-02-14T00:09:00Z",
  "satellite": 18,
  "flux": 4.504657624693209E-7,
  "observed_flux": 4.744151738123037E-7,
  "electron_correction": 2.3949406013912267E-8,
  "electron_contaminaton": false,
  "energy": "0.1-0.8nm"
}
