{
  "time_tag": "2026-03-11T11:42:00Z",
  "satellite": 18,
  "flux": 5.80801668093045E-7,
  "observed_flux": 6.061826525183278E-7,
  "electron_correction": 2.5380986201639644E-8,
  "electron_contaminaton": false,
  "energy": "0.1-0.8nm"
}
