{
    "time_tag": "2026-05-16T21:08:00Z",
    "satellite": 18,
    "flux": 1.1703012887664954e-06,
    "observed_flux": 1.3042749742453452e-06,
    "electron_correction": 1.3397371390055923e-07,
    "electron_contaminaton": false,
    "energy": "0.1-0.8nm"
}