{
  "time_tag": "2026-02-18T15:30:00Z",
  "satellite": 18,
  "flux": 4.6681211074428575E-7,
  "observed_flux": 5.391216859607084E-7,
  "electron_correction": 7.230957521642267E-8,
  "electron_contaminaton": false,
  "energy": "0.1-0.8nm"
}
