{
  "time_tag": "2026-02-22T21:22:00Z",
  "satellite": 18,
  "flux": 3.792391396473249E-7,
  "observed_flux": 4.470945782486524E-7,
  "electron_correction": 6.785543149590012E-8,
  "electron_contaminaton": false,
  "energy": "0.1-0.8nm"
}
