{
  "time_tag": "2026-05-19T07:55:00Z",
  "satellite": 18,
  "flux": 4.2916832398987026E-7,
  "observed_flux": 4.5495647782445303E-7,
  "electron_correction": 2.578816271636697E-8,
  "electron_contaminaton": false,
  "energy": "0.1-0.8nm"
}
