{
    "time_tag": "2026-04-22T21:23:00Z",
    "satellite": 18,
    "flux": 6.773962581974047e-07,
    "observed_flux": 7.316141363844508e-07,
    "electron_correction": 5.421786397619144e-08,
    "electron_contaminaton": false,
    "energy": "0.1-0.8nm"
}