{
  "time_tag": "2026-01-20T23:19:00Z",
  "satellite": 18,
  "flux": 0.0000012332200185483089,
  "observed_flux": 0.0000012343064099695766,
  "electron_correction": 1.086346124168358E-9,
  "electron_contaminaton": false,
  "energy": "0.1-0.8nm"
}
