{
  "time_tag": "2026-01-31T22:22:00Z",
  "satellite": 18,
  "flux": 0.0000026862910544878105,
  "observed_flux": 0.000002738009015956777,
  "electron_correction": 5.1717908178261496E-8,
  "electron_contaminaton": false,
  "energy": "0.1-0.8nm"
}
