{
    "time_tag": "2026-05-23T21:10:00Z",
    "satellite": 18,
    "flux": 2.554819729994051e-06,
    "observed_flux": 2.5873121103359153e-06,
    "electron_correction": 3.249226665502647e-08,
    "electron_contaminaton": false,
    "energy": "0.1-0.8nm"
}