{
    "time_tag": "2026-05-16T14:38:00Z",
    "satellite": 18,
    "flux": 1.1648401141428621e-06,
    "observed_flux": 1.2196854868307128e-06,
    "electron_correction": 5.484543663669683e-08,
    "electron_contaminaton": false,
    "energy": "0.1-0.8nm"
}