{
  "time_tag": "2026-05-30T19:52:00Z",
  "satellite": 18,
  "flux": 8.813809131424932E-7,
  "observed_flux": 9.039881092576252E-7,
  "electron_correction": 2.2607236971339262E-8,
  "electron_contaminaton": false,
  "energy": "0.1-0.8nm"
}
