{
    "time_tag": "2026-06-22T22:19:00Z",
    "satellite": 18,
    "flux": 6.696353693769197e-07,
    "observed_flux": 6.799522793698998e-07,
    "electron_correction": 1.031691798658585e-08,
    "electron_contaminaton": false,
    "energy": "0.1-0.8nm"
}