{
  "time_tag": "2026-05-04T10:24:00Z",
  "satellite": 18,
  "flux": 7.971514150995063E-7,
  "observed_flux": 8.036635108510382E-7,
  "electron_correction": 6.512069550268507E-9,
  "electron_contaminaton": false,
  "energy": "0.1-0.8nm"
}
