{
  "time_tag": "2026-02-14T18:00:00Z",
  "satellite": 18,
  "flux": 6.223064019650337E-7,
  "observed_flux": 6.713564175697684E-7,
  "electron_correction": 4.9050015604734654E-8,
  "electron_contaminaton": false,
  "energy": "0.1-0.8nm"
}
