{
    "time_tag": "2026-06-23T01:55:00Z",
    "satellite": 18,
    "flux": 7.886932849032746e-07,
    "observed_flux": 7.937924806356023e-07,
    "electron_correction": 5.099234368088901e-09,
    "electron_contaminaton": false,
    "energy": "0.1-0.8nm"
}