{
  "time_tag": "2026-04-23T01:50:00Z",
  "satellite": 18,
  "flux": 0.0000023557752228953177,
  "observed_flux": 0.0000023909499304863857,
  "electron_correction": 3.517467916935857E-8,
  "electron_contaminaton": false,
  "energy": "0.1-0.8nm"
}
