{
  "time_tag": "2026-03-07T22:36:00Z",
  "satellite": 18,
  "flux": 6.244260930543533E-7,
  "observed_flux": 6.584394327546761E-7,
  "electron_correction": 3.401333970032283E-8,
  "electron_contaminaton": false,
  "energy": "0.1-0.8nm"
}
