{
  "time_tag": "2026-03-11T05:24:00Z",
  "satellite": 18,
  "flux": 5.605747332992905E-7,
  "observed_flux": 5.768853839072108E-7,
  "electron_correction": 1.6310677253272843E-8,
  "electron_contaminaton": false,
  "energy": "0.1-0.8nm"
}
