{
  "time_tag": "2026-02-23T05:50:00Z",
  "satellite": 18,
  "flux": 2.991166354604502E-7,
  "observed_flux": 3.106514157025231E-7,
  "electron_correction": 1.1534777577537625E-8,
  "electron_contaminaton": false,
  "energy": "0.1-0.8nm"
}
