{
  "time_tag": "2026-06-22T23:52:00Z",
  "satellite": 18,
  "flux": 7.594178441650001E-7,
  "observed_flux": 7.692572125961306E-7,
  "electron_correction": 9.839332903993636E-9,
  "electron_contaminaton": false,
  "energy": "0.1-0.8nm"
}
