{
  "time_tag": "2026-05-25T11:16:00Z",
  "satellite": 18,
  "flux": 0.000001049938759933866,
  "observed_flux": 0.0000010506038279345375,
  "electron_correction": 6.65107413588828E-10,
  "electron_contaminaton": false,
  "energy": "0.1-0.8nm"
}
