{
    "time_tag": "2026-06-26T18:19:00Z",
    "satellite": 18,
    "flux": 1.108332412513846e-06,
    "observed_flux": 1.1707595604093513e-06,
    "electron_correction": 6.242714789550519e-08,
    "electron_contaminaton": false,
    "energy": "0.1-0.8nm"
}