{
    "time_tag": "2026-06-03T01:26:00Z",
    "satellite": 18,
    "flux": 3.4660072287806543e-06,
    "observed_flux": 3.482459760562051e-06,
    "electron_correction": 1.645264546823455e-08,
    "electron_contaminaton": false,
    "energy": "0.1-0.8nm"
}