{
  "time_tag": "2026-03-02T12:27:00Z",
  "satellite": 18,
  "flux": 0.0000015264179182850057,
  "observed_flux": 0.000001530927193016396,
  "electron_correction": 4.5093448974853345E-9,
  "electron_contaminaton": false,
  "energy": "0.1-0.8nm"
}
