{
    "time_tag": "2026-06-09T12:17:00Z",
    "satellite": 18,
    "flux": 7.78463572714827e-07,
    "observed_flux": 8.022292945497611e-07,
    "electron_correction": 2.3765746703929835e-08,
    "electron_contaminaton": false,
    "energy": "0.1-0.8nm"
}