{
  "time_tag": "2026-01-15T16:21:00Z",
  "satellite": 18,
  "flux": 9.455649205847294E-7,
  "observed_flux": 9.799399549592636E-7,
  "electron_correction": 3.437509121795301E-8,
  "electron_contaminaton": false,
  "energy": "0.1-0.8nm"
}
