{
  "time_tag": "2026-04-29T01:11:00Z",
  "satellite": 18,
  "flux": 0.0000016571460719205788,
  "observed_flux": 0.0000016661007293805596,
  "electron_correction": 8.954700980723374E-9,
  "electron_contaminaton": false,
  "energy": "0.1-0.8nm"
}
