{
  "time_tag": "2026-02-04T23:20:00Z",
  "satellite": 18,
  "flux": 0.000003093620307481615,
  "observed_flux": 0.0000031062700145412236,
  "electron_correction": 1.2649747915816079E-8,
  "electron_contaminaton": false,
  "energy": "0.1-0.8nm"
}
