{
  "time_tag": "2026-06-09T22:11:00Z",
  "satellite": 18,
  "flux": 0.0000012001652294202358,
  "observed_flux": 0.0000012351364375717822,
  "electron_correction": 3.497120815154631E-8,
  "electron_contaminaton": false,
  "energy": "0.1-0.8nm"
}
