{
    "time_tag": "2026-06-07T08:05:00Z",
    "satellite": 18,
    "flux": 1.3936213463239255e-06,
    "observed_flux": 1.42709370720695e-06,
    "electron_correction": 3.347239641016131e-08,
    "electron_contaminaton": false,
    "energy": "0.1-0.8nm"
}