{
  "time_tag": "2026-05-20T11:26:00Z",
  "satellite": 18,
  "flux": 4.929277110932162E-7,
  "observed_flux": 5.255686232885637E-7,
  "electron_correction": 3.264094416977059E-8,
  "electron_contaminaton": false,
  "energy": "0.1-0.8nm"
}
