{
    "time_tag": "2026-06-16T23:36:00Z",
    "satellite": 18,
    "flux": 4.618461275640584e-07,
    "observed_flux": 4.976952823199099e-07,
    "electron_correction": 3.584911567600102e-08,
    "electron_contaminaton": false,
    "energy": "0.1-0.8nm"
}