{
  "time_tag": "2026-03-10T08:26:00Z",
  "satellite": 18,
  "flux": 5.578345394496864E-7,
  "observed_flux": 5.703586793970317E-7,
  "electron_correction": 1.252410442020846E-8,
  "electron_contaminaton": false,
  "energy": "0.1-0.8nm"
}
