{
  "time_tag": "2026-06-18T19:55:00Z",
  "satellite": 18,
  "flux": 5.787341592622397E-7,
  "observed_flux": 5.939172069702181E-7,
  "electron_correction": 1.5183017509912133E-8,
  "electron_contaminaton": false,
  "energy": "0.1-0.8nm"
}
