{
  "time_tag": "2026-03-21T03:27:00Z",
  "satellite": 18,
  "flux": 3.88827089636834E-7,
  "observed_flux": 3.9004081031634996E-7,
  "electron_correction": 1.2137179039584112E-9,
  "electron_contaminaton": false,
  "energy": "0.1-0.8nm"
}
