{
  "time_tag": "2026-03-28T23:11:00Z",
  "satellite": 18,
  "flux": 0.000001146573254118266,
  "observed_flux": 0.0000011674710549414158,
  "electron_correction": 2.0897800823149737E-8,
  "electron_contaminaton": false,
  "energy": "0.1-0.8nm"
}
