{
  "time_tag": "2026-02-28T08:04:00Z",
  "satellite": 18,
  "flux": 0.000001241952759301057,
  "observed_flux": 0.0000012621784435395966,
  "electron_correction": 2.022574818738576E-8,
  "electron_contaminaton": false,
  "energy": "0.1-0.8nm"
}
