{
    "time_tag": "2026-06-25T16:58:00Z",
    "satellite": 18,
    "flux": 1.9082929156866157e-06,
    "observed_flux": 1.9674071154440753e-06,
    "electron_correction": 5.9114139361327034e-08,
    "electron_contaminaton": false,
    "energy": "0.1-0.8nm"
}