{
  "time_tag": "2026-01-17T04:20:00Z",
  "satellite": 18,
  "flux": 0.0000020017266706418013,
  "observed_flux": 0.0000020054494598298334,
  "electron_correction": 3.7226741689266873E-9,
  "electron_contaminaton": false,
  "energy": "0.1-0.8nm"
}
