{
  "time_tag": "2026-03-23T05:55:00Z",
  "satellite": 18,
  "flux": 6.556288667525223E-7,
  "observed_flux": 6.784724746466964E-7,
  "electron_correction": 2.2843590130605662E-8,
  "electron_contaminaton": false,
  "energy": "0.1-0.8nm"
}
