{
  "time_tag": "2026-03-28T15:07:00Z",
  "satellite": 18,
  "flux": 0.0000019053023834203486,
  "observed_flux": 0.000001915983375511132,
  "electron_correction": 1.0680869522161629E-8,
  "electron_contaminaton": false,
  "energy": "0.1-0.8nm"
}
