{
  "time_tag": "2026-01-22T15:19:00Z",
  "satellite": 18,
  "flux": 0.000001558909843879519,
  "observed_flux": 0.0000016121686030601268,
  "electron_correction": 5.3258776944176134E-8,
  "electron_contaminaton": false,
  "energy": "0.1-0.8nm"
}
