{
    "time_tag": "2026-04-26T16:07:00Z",
    "satellite": 18,
    "flux": 4.145579623582307e-06,
    "observed_flux": 4.158850060775876e-06,
    "electron_correction": 1.327021870167755e-08,
    "electron_contaminaton": false,
    "energy": "0.1-0.8nm"
}