{
  "time_tag": "2026-02-05T13:23:00Z",
  "satellite": 18,
  "flux": 0.000006750495231244713,
  "observed_flux": 0.000006759437837899895,
  "electron_correction": 8.94292107034289E-9,
  "electron_contaminaton": false,
  "energy": "0.1-0.8nm"
}
