{
  "time_tag": "2026-06-24T20:10:00Z",
  "satellite": 18,
  "flux": 0.0000010015871794166742,
  "observed_flux": 0.0000010181835250477889,
  "electron_correction": 1.659629766948001E-8,
  "electron_contaminaton": false,
  "energy": "0.1-0.8nm"
}
