{
  "time_tag": "2026-05-06T20:26:00Z",
  "satellite": 18,
  "flux": 6.442283506657986E-7,
  "observed_flux": 6.968822390263085E-7,
  "electron_correction": 5.2653906124078276E-8,
  "electron_contaminaton": false,
  "energy": "0.1-0.8nm"
}
