{
  "time_tag": "2026-06-23T07:56:00Z",
  "satellite": 18,
  "flux": 9.676011814008234E-7,
  "observed_flux": 9.706648143037455E-7,
  "electron_correction": 3.0637263837007822E-9,
  "electron_contaminaton": false,
  "energy": "0.1-0.8nm"
}
