{
  "time_tag": "2026-03-30T08:32:00Z",
  "satellite": 18,
  "flux": 0.000004063941105414415,
  "observed_flux": 0.00000406471326641622,
  "electron_correction": 7.723937045511775E-10,
  "electron_contaminaton": false,
  "energy": "0.1-0.8nm"
}
