{
  "time_tag": "2026-02-09T12:46:00Z",
  "satellite": 18,
  "flux": 0.0000018904311218648218,
  "observed_flux": 0.0000019152817003487144,
  "electron_correction": 2.4850667301734575E-8,
  "electron_contaminaton": false,
  "energy": "0.1-0.8nm"
}
