{
  "time_tag": "2026-04-21T18:35:00Z",
  "satellite": 18,
  "flux": 0.0000017162442418339197,
  "observed_flux": 0.0000018096337726092315,
  "electron_correction": 9.338947393189301E-8,
  "electron_contaminaton": false,
  "energy": "0.1-0.8nm"
}
