{
    "time_tag": "2026-06-17T02:24:00Z",
    "satellite": 18,
    "flux": 6.631748874497134e-07,
    "observed_flux": 6.820810085628182e-07,
    "electron_correction": 1.8906090915038476e-08,
    "electron_contaminaton": false,
    "energy": "0.1-0.8nm"
}