{
  "time_tag": "2025-12-20T15:17:00Z",
  "satellite": 18,
  "flux": 8.981187420431525E-7,
  "observed_flux": 9.285394639846345E-7,
  "electron_correction": 3.0420714836054685E-8,
  "electron_contaminaton": false,
  "energy": "0.1-0.8nm"
}
