{
  "time_tag": "2026-04-23T08:49:00Z",
  "satellite": 18,
  "flux": 0.000041563391278032213,
  "observed_flux": 0.00004158337105764076,
  "electron_correction": 1.9980523902063396E-8,
  "electron_contaminaton": false,
  "energy": "0.1-0.8nm"
}
