{
  "time_tag": "2026-03-12T12:51:00Z",
  "satellite": 18,
  "flux": 7.120142981875688E-7,
  "observed_flux": 7.293720045709051E-7,
  "electron_correction": 1.7357683290697423E-8,
  "electron_contaminaton": false,
  "energy": "0.1-0.8nm"
}
