{
  "time_tag": "2026-03-22T12:23:00Z",
  "satellite": 18,
  "flux": 5.425268909675651E-7,
  "observed_flux": 5.497652750818816E-7,
  "electron_correction": 7.2383525839825325E-9,
  "electron_contaminaton": false,
  "energy": "0.1-0.8nm"
}
