{
  "time_tag": "2026-05-23T23:01:00Z",
  "satellite": 18,
  "flux": 0.0000016910726117203012,
  "observed_flux": 0.0000017227147282028454,
  "electron_correction": 3.1642144904253655E-8,
  "electron_contaminaton": false,
  "energy": "0.1-0.8nm"
}
