{
  "time_tag": "2026-05-07T16:20:00Z",
  "satellite": 18,
  "flux": 0.0000054815563999000005,
  "observed_flux": 0.0000055232239901670255,
  "electron_correction": 4.1667512107324E-8,
  "electron_contaminaton": false,
  "energy": "0.1-0.8nm"
}
