{
  "time_tag": "2026-04-21T11:20:00Z",
  "satellite": 18,
  "flux": 7.153311685215158E-7,
  "observed_flux": 7.525912906203303E-7,
  "electron_correction": 3.726016473137861E-8,
  "electron_contaminaton": false,
  "energy": "0.1-0.8nm"
}
