{
  "time_tag": "2026-02-06T21:24:00Z",
  "satellite": 18,
  "flux": 0.0000011831551773866522,
  "observed_flux": 0.0000012605555639311206,
  "electron_correction": 7.740036522818627E-8,
  "electron_contaminaton": false,
  "energy": "0.1-0.8nm"
}
