{
  "time_tag": "2026-05-04T23:30:00Z",
  "satellite": 18,
  "flux": 8.587784918745456E-7,
  "observed_flux": 8.708952918823343E-7,
  "electron_correction": 1.2116800895967117E-8,
  "electron_contaminaton": false,
  "energy": "0.1-0.8nm"
}
