{
    "time_tag": "2026-06-08T22:38:00Z",
    "satellite": 18,
    "flux": 7.154644094953255e-07,
    "observed_flux": 7.611789669681457e-07,
    "electron_correction": 4.571453615653809e-08,
    "electron_contaminaton": false,
    "energy": "0.1-0.8nm"
}