{
  "time_tag": "2026-04-27T15:14:00Z",
  "satellite": 18,
  "flux": 6.616310201934539E-7,
  "observed_flux": 6.698494416923495E-7,
  "electron_correction": 8.218417946181944E-9,
  "electron_contaminaton": false,
  "energy": "0.1-0.8nm"
}
