{
    "time_tag": "2026-05-07T18:45:00Z",
    "satellite": 18,
    "flux": 1.6642687796775135e-06,
    "observed_flux": 1.7048888594217715e-06,
    "electron_correction": 4.0620136587676825e-08,
    "electron_contaminaton": false,
    "energy": "0.1-0.8nm"
}