{
  "time_tag": "2026-03-02T19:56:00Z",
  "satellite": 18,
  "flux": 9.421521554031642E-7,
  "observed_flux": 9.814788199946634E-7,
  "electron_correction": 3.932668235506753E-8,
  "electron_contaminaton": false,
  "energy": "0.1-0.8nm"
}
