{
  "time_tag": "2025-12-21T14:17:00Z",
  "satellite": 18,
  "flux": 0.0000012277679388716933,
  "observed_flux": 0.0000012396182000884437,
  "electron_correction": 1.185019549154731E-8,
  "electron_contaminaton": false,
  "energy": "0.1-0.8nm"
}
