{
  "time_tag": "2026-02-20T19:25:00Z",
  "satellite": 18,
  "flux": 3.8559215909117484E-7,
  "observed_flux": 4.1650557136563293E-7,
  "electron_correction": 3.0913412274458096E-8,
  "electron_contaminaton": false,
  "energy": "0.1-0.8nm"
}
