{
  "time_tag": "2026-03-04T23:06:00Z",
  "satellite": 18,
  "flux": 6.340171694318997E-7,
  "observed_flux": 6.674026735709049E-7,
  "electron_correction": 3.3385475717295776E-8,
  "electron_contaminaton": false,
  "energy": "0.1-0.8nm"
}
