{
  "time_tag": "2025-12-22T13:22:00Z",
  "satellite": 18,
  "flux": 9.548728030495113E-7,
  "observed_flux": 9.841104429142433E-7,
  "electron_correction": 2.9237732235287694E-8,
  "electron_contaminaton": false,
  "energy": "0.1-0.8nm"
}
