{
  "time_tag": "2026-03-07T13:54:00Z",
  "satellite": 18,
  "flux": 5.867972276973887E-7,
  "observed_flux": 5.950630566076143E-7,
  "electron_correction": 8.265813811192402E-9,
  "electron_contaminaton": false,
  "energy": "0.1-0.8nm"
}
