{
  "time_tag": "2026-01-17T18:18:00Z",
  "satellite": 18,
  "flux": 0.0000018073087630909868,
  "observed_flux": 0.0000018756981035039644,
  "electron_correction": 6.838929778041347E-8,
  "electron_contaminaton": false,
  "energy": "0.1-0.8nm"
}
