{
    "time_tag": "2026-05-16T20:07:00Z",
    "satellite": 18,
    "flux": 2.873122866731137e-06,
    "observed_flux": 3.021503289346583e-06,
    "electron_correction": 1.4838042261544615e-07,
    "electron_contaminaton": false,
    "energy": "0.1-0.8nm"
}