{
  "time_tag": "2025-12-06T18:23:00Z",
  "satellite": 18,
  "flux": 0.0000013933562286183587,
  "observed_flux": 0.0000014608700666940422,
  "electron_correction": 6.751385939196552E-8,
  "electron_contaminaton": false,
  "energy": "0.1-0.8nm"
}
