{
  "time_tag": "2026-03-01T10:39:00Z",
  "satellite": 18,
  "flux": 8.842263241604087E-7,
  "observed_flux": 8.987033766061359E-7,
  "electron_correction": 1.4477082643793437E-8,
  "electron_contaminaton": false,
  "energy": "0.1-0.8nm"
}
