{
  "time_tag": "2026-03-17T22:14:00Z",
  "satellite": 18,
  "flux": 4.0390392541667097E-7,
  "observed_flux": 4.4790044739784207E-7,
  "electron_correction": 4.3996536192025815E-8,
  "electron_contaminaton": false,
  "energy": "0.1-0.8nm"
}
