{
  "time_tag": "2026-03-17T02:35:00Z",
  "satellite": 18,
  "flux": 4.0514689203519083E-7,
  "observed_flux": 4.4117388142694836E-7,
  "electron_correction": 3.602700004989856E-8,
  "electron_contaminaton": false,
  "energy": "0.1-0.8nm"
}
