{
  "time_tag": "2026-04-29T19:59:00Z",
  "satellite": 18,
  "flux": 9.426290716874064E-7,
  "observed_flux": 9.514475891592156E-7,
  "electron_correction": 8.81849704370552E-9,
  "electron_contaminaton": false,
  "energy": "0.1-0.8nm"
}
