{
  "time_tag": "2026-05-15T20:02:00Z",
  "satellite": 18,
  "flux": 3.914868784704595E-7,
  "observed_flux": 4.0803601564221026E-7,
  "electron_correction": 1.6549137171750772E-8,
  "electron_contaminaton": false,
  "energy": "0.1-0.8nm"
}
