{
  "time_tag": "2026-05-09T19:03:00Z",
  "satellite": 18,
  "flux": 0.0000010786634447867982,
  "observed_flux": 0.0000011051852197851986,
  "electron_correction": 2.652174480033409E-8,
  "electron_contaminaton": false,
  "energy": "0.1-0.8nm"
}
