{
  "time_tag": "2026-04-19T05:53:00Z",
  "satellite": 18,
  "flux": 2.8017180397910124E-7,
  "observed_flux": 2.995447800913098E-7,
  "electron_correction": 1.9372993875776956E-8,
  "electron_contaminaton": false,
  "energy": "0.1-0.8nm"
}
