{
  "time_tag": "2025-12-27T10:18:00Z",
  "satellite": 18,
  "flux": 0.0000020654636045946972,
  "observed_flux": 0.00000208924734579341,
  "electron_correction": 2.378359376109529E-8,
  "electron_contaminaton": false,
  "energy": "0.1-0.8nm"
}
