{
  "time_tag": "2026-01-13T21:18:00Z",
  "satellite": 18,
  "flux": 8.649932965454354E-7,
  "observed_flux": 9.28288500290364E-7,
  "electron_correction": 6.329517532321915E-8,
  "electron_contaminaton": false,
  "energy": "0.1-0.8nm"
}
