{
  "time_tag": "2026-02-10T23:01:00Z",
  "satellite": 18,
  "flux": 0.0000011543783102752059,
  "observed_flux": 0.000001170538325823145,
  "electron_correction": 1.6160070615001132E-8,
  "electron_contaminaton": false,
  "energy": "0.1-0.8nm"
}
