{
  "time_tag": "2026-05-11T17:35:00Z",
  "satellite": 18,
  "flux": 7.097009415701905E-7,
  "observed_flux": 7.260126153596502E-7,
  "electron_correction": 1.6311714645667053E-8,
  "electron_contaminaton": false,
  "energy": "0.1-0.8nm"
}
