{
    "time_tag": "2026-04-24T10:48:00Z",
    "satellite": 18,
    "flux": 3.202734433216392e-06,
    "observed_flux": 3.2208781703957357e-06,
    "electron_correction": 1.814364480878794e-08,
    "electron_contaminaton": false,
    "energy": "0.1-0.8nm"
}