{
    "time_tag": "2026-06-05T23:08:00Z",
    "satellite": 18,
    "flux": 2.8514980385807576e-06,
    "observed_flux": 2.8851959541498218e-06,
    "electron_correction": 3.3697979517910426e-08,
    "electron_contaminaton": false,
    "energy": "0.1-0.8nm"
}