{
  "time_tag": "2026-06-12T18:50:00Z",
  "satellite": 18,
  "flux": 7.596105433549383E-7,
  "observed_flux": 8.085049785222509E-7,
  "electron_correction": 4.889443161459894E-8,
  "electron_contaminaton": false,
  "energy": "0.1-0.8nm"
}
