{
  "time_tag": "2026-05-25T15:57:00Z",
  "satellite": 18,
  "flux": 0.0000012543928278319072,
  "observed_flux": 0.0000012568360716613824,
  "electron_correction": 2.443279134567433E-9,
  "electron_contaminaton": false,
  "energy": "0.1-0.8nm"
}
