{
  "time_tag": "2026-03-11T23:04:00Z",
  "satellite": 18,
  "flux": 6.7364965161687E-7,
  "observed_flux": 7.263885777319956E-7,
  "electron_correction": 5.2738887035275184E-8,
  "electron_contaminaton": false,
  "energy": "0.1-0.8nm"
}
