{
  "time_tag": "2026-04-17T21:09:00Z",
  "satellite": 18,
  "flux": 4.305754259803507E-7,
  "observed_flux": 4.3990854692310677E-7,
  "electron_correction": 9.333111172793451E-9,
  "electron_contaminaton": false,
  "energy": "0.1-0.8nm"
}
