{
  "time_tag": "2026-04-27T12:57:00Z",
  "satellite": 18,
  "flux": 9.040313670993783E-7,
  "observed_flux": 9.099064186557371E-7,
  "electron_correction": 5.875041342306986E-9,
  "electron_contaminaton": false,
  "energy": "0.1-0.8nm"
}
