{
  "time_tag": "2026-07-01T10:53:00Z",
  "satellite": 18,
  "flux": 0.0000033165199511131505,
  "observed_flux": 0.000003324924136904883,
  "electron_correction": 8.4042559578279E-9,
  "electron_contaminaton": false,
  "energy": "0.1-0.8nm"
}
