{
  "time_tag": "2026-02-27T17:10:00Z",
  "satellite": 18,
  "flux": 9.755601695360383E-7,
  "observed_flux": 0.0000010221424417977687,
  "electron_correction": 4.658223318187993E-8,
  "electron_contaminaton": false,
  "energy": "0.1-0.8nm"
}
