{
    "time_tag": "2026-05-08T19:12:00Z",
    "satellite": 18,
    "flux": 8.6726242898294e-07,
    "observed_flux": 8.922927463572705e-07,
    "electron_correction": 2.5030329808828355e-08,
    "electron_contaminaton": false,
    "energy": "0.1-0.8nm"
}