{
    "time_tag": "2026-05-04T21:54:00Z",
    "satellite": 19,
    "flux": 1.1708807505783625e-06,
    "observed_flux": 1.1788155234171427e-06,
    "electron_correction": 7.93474441707076e-09,
    "electron_contaminaton": false,
    "energy": "0.1-0.8nm"
}