{
    "time_tag": "2026-06-17T19:49:00Z",
    "satellite": 18,
    "flux": 4.626545546670968e-07,
    "observed_flux": 4.773065143126587e-07,
    "electron_correction": 1.4651957869205035e-08,
    "electron_contaminaton": false,
    "energy": "0.1-0.8nm"
}