{
  "time_tag": "2025-12-14T13:19:00Z",
  "satellite": 18,
  "flux": 0.0000010084079349326203,
  "observed_flux": 0.0000010524604476813693,
  "electron_correction": 4.405243458904806E-8,
  "electron_contaminaton": false,
  "energy": "0.1-0.8nm"
}
