{
  "time_tag": "2026-06-05T00:21:00Z",
  "satellite": 18,
  "flux": 0.0000010648307124938583,
  "observed_flux": 0.0000010744332712420146,
  "electron_correction": 9.602528550090028E-9,
  "electron_contaminaton": false,
  "energy": "0.1-0.8nm"
}
