{
  "time_tag": "2026-05-08T16:23:00Z",
  "satellite": 18,
  "flux": 9.927142627930152E-7,
  "observed_flux": 0.0000010061612556455657,
  "electron_correction": 1.3447004398869922E-8,
  "electron_contaminaton": false,
  "energy": "0.1-0.8nm"
}
