{
  "time_tag": "2026-03-22T18:43:00Z",
  "satellite": 18,
  "flux": 8.576727736908651E-7,
  "observed_flux": 8.849419828038663E-7,
  "electron_correction": 2.726919845486009E-8,
  "electron_contaminaton": false,
  "energy": "0.1-0.8nm"
}
