{
  "time_tag": "2026-05-26T03:18:00Z",
  "satellite": 18,
  "flux": 0.0000016683333114997367,
  "observed_flux": 0.0000016725384739402216,
  "electron_correction": 4.205190418105076E-9,
  "electron_contaminaton": false,
  "energy": "0.1-0.8nm"
}
