{
  "time_tag": "2026-04-24T18:21:00Z",
  "satellite": 18,
  "flux": 0.000054713858844479546,
  "observed_flux": 0.000054754364100517705,
  "electron_correction": 4.0504001930230515E-8,
  "electron_contaminaton": false,
  "energy": "0.1-0.8nm"
}
