{
  "time_tag": "2026-05-25T08:25:00Z",
  "satellite": 18,
  "flux": 0.000001013242012959381,
  "observed_flux": 0.0000010148263527298695,
  "electron_correction": 1.5843288903027997E-9,
  "electron_contaminaton": false,
  "energy": "0.1-0.8nm"
}
