{
  "time_tag": "2026-04-20T06:14:00Z",
  "satellite": 18,
  "flux": 4.596785174726392E-7,
  "observed_flux": 4.883665383204061E-7,
  "electron_correction": 2.8687994202414302E-8,
  "electron_contaminaton": false,
  "energy": "0.1-0.8nm"
}
