{
  "time_tag": "2026-02-08T18:57:00Z",
  "satellite": 18,
  "flux": 0.000004531475951807806,
  "observed_flux": 0.000004585513124766294,
  "electron_correction": 5.40368958468207E-8,
  "electron_contaminaton": false,
  "energy": "0.1-0.8nm"
}
