{
  "time_tag": "2026-02-28T21:46:00Z",
  "satellite": 18,
  "flux": 0.000002559134372859262,
  "observed_flux": 0.0000026270731723343488,
  "electron_correction": 6.793862183940291E-8,
  "electron_contaminaton": false,
  "energy": "0.1-0.8nm"
}
