{
  "time_tag": "2026-03-17T12:26:00Z",
  "satellite": 18,
  "flux": 3.7252897300277255E-7,
  "observed_flux": 3.957485716910014E-7,
  "electron_correction": 2.3219591582801513E-8,
  "electron_contaminaton": false,
  "energy": "0.1-0.8nm"
}
