{
  "time_tag": "2026-06-20T11:55:00Z",
  "satellite": 18,
  "flux": 7.921555607026676E-7,
  "observed_flux": 8.020261361707526E-7,
  "electron_correction": 9.8705976725455E-9,
  "electron_contaminaton": false,
  "energy": "0.1-0.8nm"
}
