{
  "time_tag": "2026-05-10T04:41:00Z",
  "satellite": 18,
  "flux": 9.710895483294735E-7,
  "observed_flux": 9.876068816083716E-7,
  "electron_correction": 1.6517313738972916E-8,
  "electron_contaminaton": false,
  "energy": "0.1-0.8nm"
}
