{
  "time_tag": "2026-02-10T16:45:00Z",
  "satellite": 18,
  "flux": 0.0000012449028190530953,
  "observed_flux": 0.0000012632015113922535,
  "electron_correction": 1.829872431358126E-8,
  "electron_contaminaton": false,
  "energy": "0.1-0.8nm"
}
