{
    "time_tag": "2026-06-23T22:33:00Z",
    "satellite": 18,
    "flux": 3.5531891171558527e-06,
    "observed_flux": 3.5558909985411447e-06,
    "electron_correction": 2.7018847159610004e-09,
    "electron_contaminaton": false,
    "energy": "0.1-0.8nm"
}