{
  "time_tag": "2025-12-15T09:21:00Z",
  "satellite": 18,
  "flux": 5.63633705041866E-7,
  "observed_flux": 5.855497988704883E-7,
  "electron_correction": 2.1916052972414946E-8,
  "electron_contaminaton": false,
  "energy": "0.1-0.8nm"
}
