{
  "time_tag": "2026-06-23T22:49:00Z",
  "satellite": 18,
  "flux": 0.0000027703897558239987,
  "observed_flux": 0.000002772826519503724,
  "electron_correction": 2.4368385087569777E-9,
  "electron_contaminaton": false,
  "energy": "0.1-0.8nm"
}
