{
  "time_tag": "2026-03-19T18:30:00Z",
  "satellite": 18,
  "flux": 4.4352844952300075E-7,
  "observed_flux": 4.6199770054045075E-7,
  "electron_correction": 1.8469245688379488E-8,
  "electron_contaminaton": false,
  "energy": "0.1-0.8nm"
}
