{
  "time_tag": "2026-03-14T17:53:00Z",
  "satellite": 18,
  "flux": 6.957878895264002E-7,
  "observed_flux": 7.64601054470404E-7,
  "electron_correction": 6.881313652229437E-8,
  "electron_contaminaton": false,
  "energy": "0.1-0.8nm"
}
