{
    "time_tag": "2026-05-31T21:23:00Z",
    "satellite": 18,
    "flux": 9.70784299170191e-07,
    "observed_flux": 1.0231015039607882e-06,
    "electron_correction": 5.231722255416571e-08,
    "electron_contaminaton": false,
    "energy": "0.1-0.8nm"
}