{
    "time_tag": "2026-05-02T05:20:00Z",
    "satellite": 18,
    "flux": 1.1531005839060526e-06,
    "observed_flux": 1.176997670881974e-06,
    "electron_correction": 2.3897072765066696e-08,
    "electron_contaminaton": false,
    "energy": "0.1-0.8nm"
}