{
    "time_tag": "2026-06-05T09:22:00Z",
    "satellite": 18,
    "flux": 1.0291622629665653e-06,
    "observed_flux": 1.0317318128727493e-06,
    "electron_correction": 2.5694721905722417e-09,
    "electron_contaminaton": false,
    "energy": "0.1-0.8nm"
}