{
  "time_tag": "2026-01-09T15:19:00Z",
  "satellite": 18,
  "flux": 6.211457161953149E-7,
  "observed_flux": 6.348835199787572E-7,
  "electron_correction": 1.373780378344236E-8,
  "electron_contaminaton": false,
  "energy": "0.1-0.8nm"
}
