{
  "time_tag": "2025-12-04T06:23:00Z",
  "satellite": 18,
  "flux": 0.000003246010692237178,
  "observed_flux": 0.0000032463758543599397,
  "electron_correction": 3.6517680546133136E-10,
  "electron_contaminaton": false,
  "energy": "0.1-0.8nm"
}
