{
    "time_tag": "2026-05-22T17:35:00Z",
    "satellite": 18,
    "flux": 7.659174343643826e-07,
    "observed_flux": 8.000777711458795e-07,
    "electron_correction": 3.41603332287832e-08,
    "electron_contaminaton": false,
    "energy": "0.1-0.8nm"
}