{
  "time_tag": "2026-04-30T22:01:00Z",
  "satellite": 18,
  "flux": 0.0000010192518402618589,
  "observed_flux": 0.0000010252334732285817,
  "electron_correction": 5.981601436388928E-9,
  "electron_contaminaton": false,
  "energy": "0.1-0.8nm"
}
