{
  "time_tag": "2026-02-27T19:29:00Z",
  "satellite": 18,
  "flux": 8.90437661382748E-7,
  "observed_flux": 9.285404303227551E-7,
  "electron_correction": 3.810274051829765E-8,
  "electron_contaminaton": false,
  "energy": "0.1-0.8nm"
}
