{
  "time_tag": "2026-02-24T15:02:00Z",
  "satellite": 18,
  "flux": 0.0000016509001170561532,
  "observed_flux": 0.0000016929951698330115,
  "electron_correction": 4.209505632957189E-8,
  "electron_contaminaton": false,
  "energy": "0.1-0.8nm"
}
