{
  "time_tag": "2026-04-29T07:29:00Z",
  "satellite": 18,
  "flux": 0.000002110636842189706,
  "observed_flux": 0.000002112170250256895,
  "electron_correction": 1.5334533642885617E-9,
  "electron_contaminaton": false,
  "energy": "0.1-0.8nm"
}
