{
    "time_tag": "2026-04-26T16:43:00Z",
    "satellite": 18,
    "flux": 3.268692125857342e-06,
    "observed_flux": 3.2851828564162133e-06,
    "electron_correction": 1.6490753651510204e-08,
    "electron_contaminaton": false,
    "energy": "0.1-0.8nm"
}