{
  "time_tag": "2026-03-10T16:45:00Z",
  "satellite": 18,
  "flux": 6.836361308160122E-7,
  "observed_flux": 6.99951442584279E-7,
  "electron_correction": 1.631527268841637E-8,
  "electron_contaminaton": false,
  "energy": "0.1-0.8nm"
}
