{
    "time_tag": "2026-05-05T11:47:00Z",
    "satellite": 18,
    "flux": 7.496130933759559e-07,
    "observed_flux": 7.804904953445657e-07,
    "electron_correction": 3.087741262675081e-08,
    "electron_contaminaton": false,
    "energy": "0.1-0.8nm"
}