{
  "time_tag": "2026-01-29T19:23:00Z",
  "satellite": 18,
  "flux": 6.758951940355473E-7,
  "observed_flux": 7.612111403432209E-7,
  "electron_correction": 8.531591788596415E-8,
  "electron_contaminaton": false,
  "energy": "0.1-0.8nm"
}
