{
  "time_tag": "2026-02-21T18:43:00Z",
  "satellite": 18,
  "flux": 3.53581526724156E-7,
  "observed_flux": 3.7423180287987634E-7,
  "electron_correction": 2.0650263721222473E-8,
  "electron_contaminaton": false,
  "energy": "0.1-0.8nm"
}
