{
  "time_tag": "2026-06-04T05:22:00Z",
  "satellite": 18,
  "flux": 0.0000010644974963724962,
  "observed_flux": 0.0000010662580507414532,
  "electron_correction": 1.7605750191052039E-9,
  "electron_contaminaton": false,
  "energy": "0.1-0.8nm"
}
