{
  "time_tag": "2026-04-19T12:48:00Z",
  "satellite": 18,
  "flux": 3.5541978604669566E-7,
  "observed_flux": 3.7355960103013786E-7,
  "electron_correction": 1.813982208886955E-8,
  "electron_contaminaton": false,
  "energy": "0.1-0.8nm"
}
