{
  "time_tag": "2026-02-12T18:10:00Z",
  "satellite": 18,
  "flux": 5.780016181233805E-7,
  "observed_flux": 6.160124712550896E-7,
  "electron_correction": 3.80108460262818E-8,
  "electron_contaminaton": false,
  "energy": "0.1-0.8nm"
}
