{
  "time_tag": "2026-05-25T18:05:00Z",
  "satellite": 18,
  "flux": 0.000001275775389331102,
  "observed_flux": 0.0000012838393104175339,
  "electron_correction": 8.064018786058114E-9,
  "electron_contaminaton": false,
  "energy": "0.1-0.8nm"
}
