{
  "time_tag": "2026-03-21T17:07:00Z",
  "satellite": 18,
  "flux": 4.021880499749386E-7,
  "observed_flux": 4.214683144709852E-7,
  "electron_correction": 1.9280257390619226E-8,
  "electron_contaminaton": false,
  "energy": "0.1-0.8nm"
}
