{
  "time_tag": "2026-01-14T10:19:00Z",
  "satellite": 18,
  "flux": 8.727600970814819E-7,
  "observed_flux": 9.047642492987507E-7,
  "electron_correction": 3.200417708626446E-8,
  "electron_contaminaton": false,
  "energy": "0.1-0.8nm"
}
