{
    "time_tag": "2026-05-01T01:08:00Z",
    "satellite": 18,
    "flux": 1.0336899549656664e-06,
    "observed_flux": 1.0488849966350244e-06,
    "electron_correction": 1.5195006142221246e-08,
    "electron_contaminaton": false,
    "energy": "0.1-0.8nm"
}