{
  "time_tag": "2026-05-18T13:31:00Z",
  "satellite": 18,
  "flux": 4.6841398670949275E-7,
  "observed_flux": 4.974745593244734E-7,
  "electron_correction": 2.9060579720407986E-8,
  "electron_contaminaton": false,
  "energy": "0.1-0.8nm"
}
