{
    "time_tag": "2026-05-17T15:35:00Z",
    "satellite": 18,
    "flux": 4.5320064145926153e-07,
    "observed_flux": 5.130177669343539e-07,
    "electron_correction": 5.981711126423761e-08,
    "electron_contaminaton": false,
    "energy": "0.1-0.8nm"
}