{
  "time_tag": "2026-02-27T02:34:00Z",
  "satellite": 18,
  "flux": 0.0000013706404615732026,
  "observed_flux": 0.0000014240497421269538,
  "electron_correction": 5.3409237921187014E-8,
  "electron_contaminaton": false,
  "energy": "0.1-0.8nm"
}
