{
    "time_tag": "2026-05-01T19:34:00Z",
    "satellite": 18,
    "flux": 9.647288834457868e-07,
    "observed_flux": 1.0200319593423046e-06,
    "electron_correction": 5.530307944923152e-08,
    "electron_contaminaton": false,
    "energy": "0.1-0.8nm"
}