{
  "time_tag": "2026-05-17T15:17:00Z",
  "satellite": 18,
  "flux": 4.881320023741864E-7,
  "observed_flux": 5.465602725962526E-7,
  "electron_correction": 5.8428295091061955E-8,
  "electron_contaminaton": false,
  "energy": "0.1-0.8nm"
}
