{
    "time_tag": "2026-05-01T17:14:00Z",
    "satellite": 18,
    "flux": 9.265289122595277e-07,
    "observed_flux": 9.770404858500115e-07,
    "electron_correction": 5.051154516877432e-08,
    "electron_contaminaton": false,
    "energy": "0.1-0.8nm"
}