{
    "time_tag": "2026-07-01T00:20:00Z",
    "satellite": 18,
    "flux": 2.2458607418229803e-06,
    "observed_flux": 2.2536582946486305e-06,
    "electron_correction": 7.797659407060564e-09,
    "electron_contaminaton": false,
    "energy": "0.1-0.8nm"
}