{
  "time_tag": "2026-01-06T15:19:00Z",
  "satellite": 18,
  "flux": 0.0000014640844483437832,
  "observed_flux": 0.000001493626427873096,
  "electron_correction": 2.9541949331246542E-8,
  "electron_contaminaton": false,
  "energy": "0.1-0.8nm"
}
