{
    "time_tag": "2026-06-06T02:02:00Z",
    "satellite": 18,
    "flux": 1.0644403118931223e-06,
    "observed_flux": 1.0986274219249026e-06,
    "electron_correction": 3.418713845348975e-08,
    "electron_contaminaton": false,
    "energy": "0.1-0.8nm"
}