{
    "time_tag": "2026-05-27T23:42:00Z",
    "satellite": 19,
    "flux": 8.170224532477732e-07,
    "observed_flux": 8.446197057310201e-07,
    "electron_correction": 2.759725070689001e-08,
    "electron_contaminaton": false,
    "energy": "0.1-0.8nm"
}