{
  "time_tag": "2026-02-07T01:28:00Z",
  "satellite": 18,
  "flux": 0.0000013228930129116634,
  "observed_flux": 0.0000013710987332160585,
  "electron_correction": 4.820572740982243E-8,
  "electron_contaminaton": false,
  "energy": "0.1-0.8nm"
}
