{
  "time_tag": "2026-02-28T04:59:00Z",
  "satellite": 18,
  "flux": 0.0000010976640396620496,
  "observed_flux": 0.0000011157875405842788,
  "electron_correction": 1.812350269858598E-8,
  "electron_contaminaton": false,
  "energy": "0.1-0.8nm"
}
