{
  "time_tag": "2026-01-27T11:19:00Z",
  "satellite": 18,
  "flux": 0.000001750803789946076,
  "observed_flux": 0.0000017762048400982167,
  "electron_correction": 2.540107679749326E-8,
  "electron_contaminaton": false,
  "energy": "0.1-0.8nm"
}
