{
    "time_tag": "2026-04-28T16:59:00Z",
    "satellite": 18,
    "flux": 2.3776522084517637e-06,
    "observed_flux": 2.386828782618977e-06,
    "electron_correction": 9.176540416433454e-09,
    "electron_contaminaton": false,
    "energy": "0.1-0.8nm"
}