{
  "time_tag": "2025-12-19T09:18:00Z",
  "satellite": 18,
  "flux": 9.15716498184338E-7,
  "observed_flux": 9.460173941988614E-7,
  "electron_correction": 3.030092798894657E-8,
  "electron_contaminaton": false,
  "energy": "0.1-0.8nm"
}
