{
  "time_tag": "2026-04-23T13:08:00Z",
  "satellite": 18,
  "flux": 0.0000013383400983002502,
  "observed_flux": 0.000001365777279715985,
  "electron_correction": 2.7437202732016885E-8,
  "electron_contaminaton": false,
  "energy": "0.1-0.8nm"
}
