{
    "time_tag": "2026-05-31T15:32:00Z",
    "satellite": 18,
    "flux": 6.634612077505153e-07,
    "observed_flux": 7.054384241200751e-07,
    "electron_correction": 4.197724123855551e-08,
    "electron_contaminaton": false,
    "energy": "0.1-0.8nm"
}