{
  "time_tag": "2025-12-18T15:18:00Z",
  "satellite": 18,
  "flux": 5.065355139777239E-7,
  "observed_flux": 5.617720830741746E-7,
  "electron_correction": 5.523655843830966E-8,
  "electron_contaminaton": false,
  "energy": "0.1-0.8nm"
}
