{
  "time_tag": "2026-02-23T04:29:00Z",
  "satellite": 18,
  "flux": 3.3834336932159204E-7,
  "observed_flux": 3.939575492495351E-7,
  "electron_correction": 5.5614165717088326E-8,
  "electron_contaminaton": false,
  "energy": "0.1-0.8nm"
}
