{
  "time_tag": "2026-02-14T12:21:00Z",
  "satellite": 18,
  "flux": 5.366686082197702E-7,
  "observed_flux": 5.596037340183102E-7,
  "electron_correction": 2.293511691675576E-8,
  "electron_contaminaton": false,
  "energy": "0.1-0.8nm"
}
