{
    "time_tag": "2026-04-29T17:51:00Z",
    "satellite": 18,
    "flux": 1.0469693734194152e-06,
    "observed_flux": 1.0533445902183303e-06,
    "electron_correction": 6.375216798915062e-09,
    "electron_contaminaton": false,
    "energy": "0.1-0.8nm"
}