{
    "time_tag": "2026-06-17T05:27:00Z",
    "satellite": 18,
    "flux": 4.6479649995490036e-07,
    "observed_flux": 4.766419863244664e-07,
    "electron_correction": 1.184548903410132e-08,
    "electron_contaminaton": false,
    "energy": "0.1-0.8nm"
}