{
  "time_tag": "2026-01-22T21:19:00Z",
  "satellite": 18,
  "flux": 0.0000018983909058079007,
  "observed_flux": 0.000001976694193217554,
  "electron_correction": 7.830314530110627E-8,
  "electron_contaminaton": false,
  "energy": "0.1-0.8nm"
}
