{
    "time_tag": "2026-05-10T05:48:00Z",
    "satellite": 18,
    "flux": 9.728069017000962e-07,
    "observed_flux": 9.85890324045613e-07,
    "electron_correction": 1.3083393035628887e-08,
    "electron_contaminaton": false,
    "energy": "0.1-0.8nm"
}