{
    "time_tag": "2026-04-27T17:55:00Z",
    "satellite": 18,
    "flux": 8.912355156098783e-07,
    "observed_flux": 9.069843258657784e-07,
    "electron_correction": 1.574882979582526e-08,
    "electron_contaminaton": false,
    "energy": "0.1-0.8nm"
}