{
  "time_tag": "2026-02-14T21:48:00Z",
  "satellite": 18,
  "flux": 7.454368642356712E-7,
  "observed_flux": 7.593275199724303E-7,
  "electron_correction": 1.3890644190439616E-8,
  "electron_contaminaton": false,
  "energy": "0.1-0.8nm"
}
