{
    "time_tag": "2026-05-02T13:02:00Z",
    "satellite": 18,
    "flux": 1.8700659438763978e-06,
    "observed_flux": 1.8940204427053686e-06,
    "electron_correction": 2.395445619640668e-08,
    "electron_contaminaton": false,
    "energy": "0.1-0.8nm"
}