{
    "time_tag": "2026-04-24T13:43:00Z",
    "satellite": 18,
    "flux": 3.5463390304357745e-06,
    "observed_flux": 3.571139814084745e-06,
    "electron_correction": 2.480063088228235e-08,
    "electron_contaminaton": false,
    "energy": "0.1-0.8nm"
}