{
    "time_tag": "2026-04-27T01:43:00Z",
    "satellite": 18,
    "flux": 3.4116401366190985e-06,
    "observed_flux": 3.419234644752578e-06,
    "electron_correction": 7.594641360242349e-09,
    "electron_contaminaton": false,
    "energy": "0.1-0.8nm"
}