{
  "time_tag": "2026-04-20T07:56:00Z",
  "satellite": 18,
  "flux": 4.3604163124655315E-7,
  "observed_flux": 4.5582359575746523E-7,
  "electron_correction": 1.9781939641916324E-8,
  "electron_contaminaton": false,
  "energy": "0.1-0.8nm"
}
