{
  "time_tag": "2026-03-01T18:21:00Z",
  "satellite": 18,
  "flux": 0.0000024765329271758674,
  "observed_flux": 0.000002524009005355765,
  "electron_correction": 4.7476007125624164E-8,
  "electron_contaminaton": false,
  "energy": "0.1-0.8nm"
}
