{
  "time_tag": "2026-05-24T20:06:00Z",
  "satellite": 18,
  "flux": 8.141973353303911E-7,
  "observed_flux": 8.332517609233037E-7,
  "electron_correction": 1.9054395394846324E-8,
  "electron_contaminaton": false,
  "energy": "0.1-0.8nm"
}
