{
    "time_tag": "2026-04-26T22:24:00Z",
    "satellite": 18,
    "flux": 3.229238473068108e-06,
    "observed_flux": 3.2633581668051193e-06,
    "electron_correction": 3.411957649746e-08,
    "electron_contaminaton": false,
    "energy": "0.1-0.8nm"
}