{
  "time_tag": "2026-03-06T17:12:00Z",
  "satellite": 18,
  "flux": 5.578564241659478E-7,
  "observed_flux": 5.759588930231985E-7,
  "electron_correction": 1.8102454646395927E-8,
  "electron_contaminaton": false,
  "energy": "0.1-0.8nm"
}
