{
  "time_tag": "2026-01-09T21:18:00Z",
  "satellite": 18,
  "flux": 6.196675599312584E-7,
  "observed_flux": 6.515703603326983E-7,
  "electron_correction": 3.190279684872621E-8,
  "electron_contaminaton": false,
  "energy": "0.1-0.8nm"
}
