{
    "time_tag": "2026-05-22T23:33:00Z",
    "satellite": 18,
    "flux": 7.447048346875818e-07,
    "observed_flux": 7.757006983410974e-07,
    "electron_correction": 3.099582102095155e-08,
    "electron_contaminaton": false,
    "energy": "0.1-0.8nm"
}