{
  "time_tag": "2026-03-03T04:59:00Z",
  "satellite": 18,
  "flux": 8.239496764872456E-7,
  "observed_flux": 8.268271471933986E-7,
  "electron_correction": 2.877496241282529E-9,
  "electron_contaminaton": false,
  "energy": "0.1-0.8nm"
}
