{
  "time_tag": "2026-02-06T20:41:00Z",
  "satellite": 18,
  "flux": 0.0000015850926047278335,
  "observed_flux": 0.0000016730236893636174,
  "electron_correction": 8.79310704249292E-8,
  "electron_contaminaton": false,
  "energy": "0.1-0.8nm"
}
