{
    "time_tag": "2026-06-18T07:56:00Z",
    "satellite": 18,
    "flux": 6.973097583795607e-07,
    "observed_flux": 7.03079251707095e-07,
    "electron_correction": 5.76949776842639e-09,
    "electron_contaminaton": false,
    "energy": "0.1-0.8nm"
}