{
  "time_tag": "2026-03-26T15:06:00Z",
  "satellite": 18,
  "flux": 0.0000011750538533306099,
  "observed_flux": 0.0000012155417152825976,
  "electron_correction": 4.0487805108568864E-8,
  "electron_contaminaton": false,
  "energy": "0.1-0.8nm"
}
