{
  "time_tag": "2026-02-11T16:33:00Z",
  "satellite": 18,
  "flux": 0.000001072436930371623,
  "observed_flux": 0.0000011144511518068612,
  "electron_correction": 4.201421788252446E-8,
  "electron_contaminaton": false,
  "energy": "0.1-0.8nm"
}
