{
  "time_tag": "2026-02-08T01:50:00Z",
  "satellite": 18,
  "flux": 0.0000022756009911972797,
  "observed_flux": 0.0000023142538339016028,
  "electron_correction": 3.865270414848965E-8,
  "electron_contaminaton": false,
  "energy": "0.1-0.8nm"
}
