{
  "time_tag": "2026-05-08T03:10:00Z",
  "satellite": 18,
  "flux": 6.758136237294821E-7,
  "observed_flux": 6.819893201281957E-7,
  "electron_correction": 6.175729261315155E-9,
  "electron_contaminaton": false,
  "energy": "0.1-0.8nm"
}
