{
    "time_tag": "2026-05-25T05:15:00Z",
    "satellite": 18,
    "flux": 1.0340916105633369e-06,
    "observed_flux": 1.0366259175498271e-06,
    "electron_correction": 2.534302101508956e-09,
    "electron_contaminaton": false,
    "energy": "0.1-0.8nm"
}