{
  "time_tag": "2025-12-17T00:35:00Z",
  "satellite": 18,
  "flux": 7.450433940903167E-7,
  "observed_flux": 7.777078963044914E-7,
  "electron_correction": 3.266446668703793E-8,
  "electron_contaminaton": false,
  "energy": "0.1-0.8nm"
}
