{
    "time_tag": "2026-06-04T00:15:00Z",
    "satellite": 18,
    "flux": 1.8807984361046692e-06,
    "observed_flux": 1.901778318824654e-06,
    "electron_correction": 2.097989693083946e-08,
    "electron_contaminaton": false,
    "energy": "0.1-0.8nm"
}