{
  "time_tag": "2026-01-10T20:19:00Z",
  "satellite": 18,
  "flux": 0.000003124556769762421,
  "observed_flux": 0.0000031276790650736075,
  "electron_correction": 3.122487157725118E-9,
  "electron_contaminaton": false,
  "energy": "0.1-0.8nm"
}
