{
  "time_tag": "2026-02-14T04:18:00Z",
  "satellite": 18,
  "flux": 6.426768095479929E-7,
  "observed_flux": 6.630434086218884E-7,
  "electron_correction": 2.0366600850252325E-8,
  "electron_contaminaton": false,
  "energy": "0.1-0.8nm"
}
