{
  "time_tag": "2026-01-23T07:19:00Z",
  "satellite": 18,
  "flux": 0.0000014357231066242093,
  "observed_flux": 0.0000014448216916207457,
  "electron_correction": 9.09853614672329E-9,
  "electron_contaminaton": false,
  "energy": "0.1-0.8nm"
}
