{
    "time_tag": "2026-05-02T23:21:00Z",
    "satellite": 18,
    "flux": 1.2143875665060477e-06,
    "observed_flux": 1.2540804164018482e-06,
    "electron_correction": 3.969289963379197e-08,
    "electron_contaminaton": false,
    "energy": "0.1-0.8nm"
}