{
    "time_tag": "2026-05-16T17:35:00Z",
    "satellite": 18,
    "flux": 2.9016869120823685e-06,
    "observed_flux": 3.017799826920964e-06,
    "electron_correction": 1.1611286510060381e-07,
    "electron_contaminaton": false,
    "energy": "0.1-0.8nm"
}