{
  "time_tag": "2026-03-28T01:52:00Z",
  "satellite": 18,
  "flux": 9.262879530069767E-7,
  "observed_flux": 9.514787393527513E-7,
  "electron_correction": 2.519078812213138E-8,
  "electron_contaminaton": false,
  "energy": "0.1-0.8nm"
}
