{
  "time_tag": "2025-12-29T09:19:00Z",
  "satellite": 18,
  "flux": 0.0000016920542975640274,
  "observed_flux": 0.0000017053413330359035,
  "electron_correction": 1.328704257730351E-8,
  "electron_contaminaton": false,
  "energy": "0.1-0.8nm"
}
