{
    "time_tag": "2026-06-24T06:28:00Z",
    "satellite": 18,
    "flux": 1.1211728860871517e-06,
    "observed_flux": 1.1214539199499995e-06,
    "electron_correction": 2.8105201499428745e-10,
    "electron_contaminaton": false,
    "energy": "0.1-0.8nm"
}