{
  "time_tag": "2026-04-19T21:40:00Z",
  "satellite": 18,
  "flux": 3.4789050573635905E-7,
  "observed_flux": 4.099705108728813E-7,
  "electron_correction": 6.208000513652223E-8,
  "electron_contaminaton": false,
  "energy": "0.1-0.8nm"
}
