{
  "time_tag": "2026-01-09T18:19:00Z",
  "satellite": 18,
  "flux": 7.115148719094577E-7,
  "observed_flux": 7.370139769591333E-7,
  "electron_correction": 2.5499094391534527E-8,
  "electron_contaminaton": false,
  "energy": "0.1-0.8nm"
}
