{
  "time_tag": "2026-01-12T17:19:00Z",
  "satellite": 18,
  "flux": 0.0000010562735042185523,
  "observed_flux": 0.0000011194348417120636,
  "electron_correction": 6.316133038808402E-8,
  "electron_contaminaton": false,
  "energy": "0.1-0.8nm"
}
