{
  "time_tag": "2026-03-10T12:21:00Z",
  "satellite": 18,
  "flux": 0.0000018937116692541167,
  "observed_flux": 0.0000018952580376208061,
  "electron_correction": 1.546369254867841E-9,
  "electron_contaminaton": false,
  "energy": "0.1-0.8nm"
}
