{
  "time_tag": "2025-12-17T22:18:00Z",
  "satellite": 18,
  "flux": 7.718793995081796E-7,
  "observed_flux": 8.159859703482653E-7,
  "electron_correction": 4.410657794551298E-8,
  "electron_contaminaton": false,
  "energy": "0.1-0.8nm"
}
