{
    "time_tag": "2026-05-06T22:47:00Z",
    "satellite": 18,
    "flux": 5.59170530323172e-07,
    "observed_flux": 6.061313229110965e-07,
    "electron_correction": 4.6960821009633946e-08,
    "electron_contaminaton": false,
    "energy": "0.1-0.8nm"
}