{
  "time_tag": "2026-03-12T07:55:00Z",
  "satellite": 18,
  "flux": 7.206046461760707E-7,
  "observed_flux": 7.322452688640624E-7,
  "electron_correction": 1.1640596930817537E-8,
  "electron_contaminaton": false,
  "energy": "0.1-0.8nm"
}
