{
  "time_tag": "2026-06-06T08:20:00Z",
  "satellite": 18,
  "flux": 0.0000012159043762949295,
  "observed_flux": 0.000001235704189639364,
  "electron_correction": 1.9799772488227063E-8,
  "electron_contaminaton": false,
  "energy": "0.1-0.8nm"
}
