{
  "time_tag": "2026-02-22T14:39:00Z",
  "satellite": 18,
  "flux": 3.589338462006708E-7,
  "observed_flux": 3.6746376963492366E-7,
  "electron_correction": 8.529907447041296E-9,
  "electron_contaminaton": false,
  "energy": "0.1-0.8nm"
}
