{
  "time_tag": "2025-12-25T01:48:00Z",
  "satellite": 18,
  "flux": 0.00000153584244344529,
  "observed_flux": 0.0000015868058653722983,
  "electron_correction": 5.0963414821580955E-8,
  "electron_contaminaton": false,
  "energy": "0.1-0.8nm"
}
