{
    "time_tag": "2026-05-20T15:22:00Z",
    "satellite": 18,
    "flux": 6.94523635047517e-07,
    "observed_flux": 7.393797432087013e-07,
    "electron_correction": 4.485612947746631e-08,
    "electron_contaminaton": false,
    "energy": "0.1-0.8nm"
}