{
  "time_tag": "2026-01-14T11:18:00Z",
  "satellite": 18,
  "flux": 8.197717988878139E-7,
  "observed_flux": 8.475509503114154E-7,
  "electron_correction": 2.777915852902879E-8,
  "electron_contaminaton": false,
  "energy": "0.1-0.8nm"
}
