{
    "time_tag": "2026-05-17T07:59:00Z",
    "satellite": 18,
    "flux": 8.92230048066267e-07,
    "observed_flux": 9.364703714709322e-07,
    "electron_correction": 4.424036248451557e-08,
    "electron_contaminaton": false,
    "energy": "0.1-0.8nm"
}