{
  "time_tag": "2026-04-26T09:03:00Z",
  "satellite": 18,
  "flux": 9.67097435022879E-7,
  "observed_flux": 9.694601885712473E-7,
  "electron_correction": 2.362789297549739E-9,
  "electron_contaminaton": false,
  "energy": "0.1-0.8nm"
}
