{
  "time_tag": "2026-03-30T06:37:00Z",
  "satellite": 18,
  "flux": 0.000007210341209429316,
  "observed_flux": 0.00000721477044862695,
  "electron_correction": 4.429432376440445E-9,
  "electron_contaminaton": false,
  "energy": "0.1-0.8nm"
}
