{
  "time_tag": "2025-12-26T15:18:00Z",
  "satellite": 18,
  "flux": 0.000001412847723258892,
  "observed_flux": 0.0000014468070048678783,
  "electron_correction": 3.395929581984092E-8,
  "electron_contaminaton": false,
  "energy": "0.1-0.8nm"
}
