{
  "time_tag": "2026-03-16T01:57:00Z",
  "satellite": 18,
  "flux": 3.5266003806100343E-7,
  "observed_flux": 3.901272123130184E-7,
  "electron_correction": 3.7467181357442314E-8,
  "electron_contaminaton": false,
  "energy": "0.1-0.8nm"
}
