{
  "time_tag": "2026-02-08T08:02:00Z",
  "satellite": 18,
  "flux": 0.0000042947008296323474,
  "observed_flux": 0.000004321380856708856,
  "electron_correction": 2.6679838782683873E-8,
  "electron_contaminaton": false,
  "energy": "0.1-0.8nm"
}
