{
  "time_tag": "2026-04-24T14:28:00Z",
  "satellite": 18,
  "flux": 0.0000018968353288073558,
  "observed_flux": 0.0000019220594822400017,
  "electron_correction": 2.5224034416737595E-8,
  "electron_contaminaton": false,
  "energy": "0.1-0.8nm"
}
