{
  "time_tag": "2026-03-15T15:42:00Z",
  "satellite": 18,
  "flux": 6.053642778169888E-7,
  "observed_flux": 6.666988383585704E-7,
  "electron_correction": 6.133458185786367E-8,
  "electron_contaminaton": false,
  "energy": "0.1-0.8nm"
}
