{
  "time_tag": "2025-12-24T03:38:00Z",
  "satellite": 18,
  "flux": 0.000001070476741915627,
  "observed_flux": 0.0000011069813581343624,
  "electron_correction": 3.6504552269889246E-8,
  "electron_contaminaton": false,
  "energy": "0.1-0.8nm"
}
