{
  "time_tag": "2026-03-10T11:55:00Z",
  "satellite": 18,
  "flux": 0.000002320291741852998,
  "observed_flux": 0.0000023215545752464095,
  "electron_correction": 1.2628282863857976E-9,
  "electron_contaminaton": false,
  "energy": "0.1-0.8nm"
}
