{
  "time_tag": "2026-03-12T10:42:00Z",
  "satellite": 18,
  "flux": 0.00000376540401703096,
  "observed_flux": 0.0000037780905586259905,
  "electron_correction": 1.2686504291536949E-8,
  "electron_contaminaton": false,
  "energy": "0.1-0.8nm"
}
