{
  "time_tag": "2026-03-15T06:33:00Z",
  "satellite": 18,
  "flux": 5.496990524989087E-7,
  "observed_flux": 5.512302436727623E-7,
  "electron_correction": 1.5312254797450464E-9,
  "electron_contaminaton": false,
  "energy": "0.1-0.8nm"
}
