{
  "time_tag": "2026-01-25T13:22:00Z",
  "satellite": 18,
  "flux": 0.0000014955591041143634,
  "observed_flux": 0.00000151750691657071,
  "electron_correction": 2.194781956177394E-8,
  "electron_contaminaton": false,
  "energy": "0.1-0.8nm"
}
