{
  "time_tag": "2026-01-28T17:20:00Z",
  "satellite": 18,
  "flux": 7.397625836347288E-7,
  "observed_flux": 8.302794753944909E-7,
  "electron_correction": 9.051689886518943E-8,
  "electron_contaminaton": false,
  "energy": "0.1-0.8nm"
}
