{
  "time_tag": "2026-01-17T06:19:00Z",
  "satellite": 18,
  "flux": 0.000002054214064628468,
  "observed_flux": 0.0000020563541056617396,
  "electron_correction": 2.140035038067367E-9,
  "electron_contaminaton": false,
  "energy": "0.1-0.8nm"
}
