{
  "time_tag": "2026-03-23T19:05:00Z",
  "satellite": 18,
  "flux": 8.648103744235414E-7,
  "observed_flux": 0.0000010246483270748286,
  "electron_correction": 1.5983793844043248E-7,
  "electron_contaminaton": false,
  "energy": "0.1-0.8nm"
}
