{
  "time_tag": "2026-02-25T11:45:00Z",
  "satellite": 18,
  "flux": 0.0000016944746903391206,
  "observed_flux": 0.0000017362071957904845,
  "electron_correction": 4.1732509004077656E-8,
  "electron_contaminaton": false,
  "energy": "0.1-0.8nm"
}
