{
  "time_tag": "2026-03-26T11:58:00Z",
  "satellite": 18,
  "flux": 0.0000011677742577376193,
  "observed_flux": 0.0000011815906191259273,
  "electron_correction": 1.3816285004963902E-8,
  "electron_contaminaton": false,
  "energy": "0.1-0.8nm"
}
