{
  "time_tag": "2026-05-26T16:03:00Z",
  "satellite": 18,
  "flux": 9.965709750758833E-7,
  "observed_flux": 0.0000010078119885292836,
  "electron_correction": 1.124097881444186E-8,
  "electron_contaminaton": false,
  "energy": "0.1-0.8nm"
}
