{
  "time_tag": "2025-12-30T18:19:00Z",
  "satellite": 18,
  "flux": 0.0000026140201043745037,
  "observed_flux": 0.0000026445438834343804,
  "electron_correction": 3.052383945600923E-8,
  "electron_contaminaton": false,
  "energy": "0.1-0.8nm"
}
