{
    "time_tag": "2026-05-25T22:52:00Z",
    "satellite": 18,
    "flux": 4.108655502932379e-06,
    "observed_flux": 4.116613126825541e-06,
    "electron_correction": 7.957497771826638e-09,
    "electron_contaminaton": false,
    "energy": "0.1-0.8nm"
}