{
  "time_tag": "2026-06-02T12:03:00Z",
  "satellite": 18,
  "flux": 0.0000011833009239126113,
  "observed_flux": 0.0000012023281215078896,
  "electron_correction": 1.902724378055609E-8,
  "electron_contaminaton": false,
  "energy": "0.1-0.8nm"
}
