{
  "time_tag": "2026-03-29T09:54:00Z",
  "satellite": 18,
  "flux": 9.633894251237507E-7,
  "observed_flux": 9.68205313256476E-7,
  "electron_correction": 4.815945864322657E-9,
  "electron_contaminaton": false,
  "energy": "0.1-0.8nm"
}
