{
  "time_tag": "2026-02-10T15:47:00Z",
  "satellite": 18,
  "flux": 0.0000011148741805300233,
  "observed_flux": 0.0000011301922313577961,
  "electron_correction": 1.5318033064204428E-8,
  "electron_contaminaton": false,
  "energy": "0.1-0.8nm"
}
