{
    "time_tag": "2026-04-25T03:40:00Z",
    "satellite": 18,
    "flux": 1.1433407962613273e-06,
    "observed_flux": 1.1461071380836074e-06,
    "electron_correction": 2.766356477224008e-09,
    "electron_contaminaton": false,
    "energy": "0.1-0.8nm"
}