{
  "time_tag": "2026-03-24T21:53:00Z",
  "satellite": 18,
  "flux": 0.0000020991394649172435,
  "observed_flux": 0.000002179649982281262,
  "electron_correction": 8.05105671020101E-8,
  "electron_contaminaton": false,
  "energy": "0.1-0.8nm"
}
