{
  "time_tag": "2026-01-14T12:21:00Z",
  "satellite": 18,
  "flux": 8.386387548853236E-7,
  "observed_flux": 8.739144732317072E-7,
  "electron_correction": 3.5275753873520443E-8,
  "electron_contaminaton": false,
  "energy": "0.1-0.8nm"
}
