{
  "time_tag": "2026-05-28T21:34:00Z",
  "satellite": 19,
  "flux": 7.648527571291197E-7,
  "observed_flux": 7.76520494127908E-7,
  "electron_correction": 1.1667736998788314E-8,
  "electron_contaminaton": false,
  "energy": "0.1-0.8nm"
}
