{
  "time_tag": "2026-03-21T15:48:00Z",
  "satellite": 18,
  "flux": 4.472587420423224E-7,
  "observed_flux": 4.637228983028763E-7,
  "electron_correction": 1.6464152707840185E-8,
  "electron_contaminaton": false,
  "energy": "0.1-0.8nm"
}
