{
  "time_tag": "2026-03-08T23:36:00Z",
  "satellite": 18,
  "flux": 5.588200338024762E-7,
  "observed_flux": 6.193636181706097E-7,
  "electron_correction": 6.054357015727874E-8,
  "electron_contaminaton": false,
  "energy": "0.1-0.8nm"
}
