{
  "time_tag": "2026-04-26T10:47:00Z",
  "satellite": 18,
  "flux": 0.000001087898681362276,
  "observed_flux": 0.000001092034722205426,
  "electron_correction": 4.1360799230005796E-9,
  "electron_contaminaton": false,
  "energy": "0.1-0.8nm"
}
