{
  "time_tag": "2026-02-14T17:48:00Z",
  "satellite": 18,
  "flux": 6.547907673848385E-7,
  "observed_flux": 6.988902896409854E-7,
  "electron_correction": 4.409952936157424E-8,
  "electron_contaminaton": false,
  "energy": "0.1-0.8nm"
}
