{
  "time_tag": "2026-02-13T10:46:00Z",
  "satellite": 18,
  "flux": 0.0000010402376346974052,
  "observed_flux": 0.00000105399726635369,
  "electron_correction": 1.3759675177027475E-8,
  "electron_contaminaton": false,
  "energy": "0.1-0.8nm"
}
