{
    "time_tag": "2026-05-24T08:16:00Z",
    "satellite": 18,
    "flux": 7.534030146416626e-07,
    "observed_flux": 7.575912377433269e-07,
    "electron_correction": 4.188220881218285e-09,
    "electron_contaminaton": false,
    "energy": "0.1-0.8nm"
}