{
  "time_tag": "2025-12-12T01:48:00Z",
  "satellite": 18,
  "flux": 0.0000014816195061939652,
  "observed_flux": 0.0000014921972706360975,
  "electron_correction": 1.0577725362281853E-8,
  "electron_contaminaton": false,
  "energy": "0.1-0.8nm"
}
