{
    "time_tag": "2026-05-13T21:56:00Z",
    "satellite": 18,
    "flux": 5.29152032413549e-07,
    "observed_flux": 5.369477094063768e-07,
    "electron_correction": 7.795665446508337e-09,
    "electron_contaminaton": false,
    "energy": "0.1-0.8nm"
}