{
    "time_tag": "2026-05-13T01:56:00Z",
    "satellite": 18,
    "flux": 2.017605083892704e-06,
    "observed_flux": 2.0289137410145486e-06,
    "electron_correction": 1.1308492808836945e-08,
    "electron_contaminaton": false,
    "energy": "0.1-0.8nm"
}