{
  "time_tag": "2026-03-24T23:06:00Z",
  "satellite": 18,
  "flux": 8.832841444927908E-7,
  "observed_flux": 9.537959613226121E-7,
  "electron_correction": 7.051180972439397E-8,
  "electron_contaminaton": false,
  "energy": "0.1-0.8nm"
}
