{
  "time_tag": "2026-01-24T18:20:00Z",
  "satellite": 18,
  "flux": 0.0000015684698837503674,
  "observed_flux": 0.0000016399823152823956,
  "electron_correction": 7.15124031103187E-8,
  "electron_contaminaton": false,
  "energy": "0.1-0.8nm"
}
