{
  "time_tag": "2026-01-21T16:22:00Z",
  "satellite": 18,
  "flux": 0.0000013670352245753747,
  "observed_flux": 0.0000015011377172413631,
  "electron_correction": 1.3410253529855254E-7,
  "electron_contaminaton": false,
  "energy": "0.1-0.8nm"
}
