{
  "time_tag": "2026-04-30T15:57:00Z",
  "satellite": 18,
  "flux": 0.0000012710860346487607,
  "observed_flux": 0.0000012747083246722468,
  "electron_correction": 3.622224520327677E-9,
  "electron_contaminaton": false,
  "energy": "0.1-0.8nm"
}
