{
  "time_tag": "2026-03-06T10:09:00Z",
  "satellite": 18,
  "flux": 7.139575473047444E-7,
  "observed_flux": 7.142834306250734E-7,
  "electron_correction": 3.2588318155113427E-10,
  "electron_contaminaton": false,
  "energy": "0.1-0.8nm"
}
