{
  "time_tag": "2026-06-28T16:06:00Z",
  "satellite": 18,
  "flux": 0.0000016149269868037663,
  "observed_flux": 0.000001652356900194718,
  "electron_correction": 3.742990273281066E-8,
  "electron_contaminaton": false,
  "energy": "0.1-0.8nm"
}
