{
    "time_tag": "2026-04-26T19:09:00Z",
    "satellite": 18,
    "flux": 6.222691354196286e-06,
    "observed_flux": 6.251764261833159e-06,
    "electron_correction": 2.907318830125405e-08,
    "electron_contaminaton": false,
    "energy": "0.1-0.8nm"
}