{
  "time_tag": "2026-02-06T11:54:00Z",
  "satellite": 18,
  "flux": 0.000001860045017565426,
  "observed_flux": 0.000001882568881228508,
  "electron_correction": 2.2523767739812683E-8,
  "electron_contaminaton": false,
  "energy": "0.1-0.8nm"
}
