{
  "time_tag": "2026-06-28T14:29:00Z",
  "satellite": 18,
  "flux": 0.0000017884877934193355,
  "observed_flux": 0.0000018238500842926442,
  "electron_correction": 3.536231574230442E-8,
  "electron_contaminaton": false,
  "energy": "0.1-0.8nm"
}
