{
  "time_tag": "2026-05-07T17:03:00Z",
  "satellite": 18,
  "flux": 0.0000038384027902793605,
  "observed_flux": 0.0000038932357711018994,
  "electron_correction": 5.4832927531833775E-8,
  "electron_contaminaton": false,
  "energy": "0.1-0.8nm"
}
