{
    "time_tag": "2026-06-04T13:29:00Z",
    "satellite": 18,
    "flux": 1.0164243349208846e-06,
    "observed_flux": 1.0211937251369818e-06,
    "electron_correction": 4.7694261873232335e-09,
    "electron_contaminaton": false,
    "energy": "0.1-0.8nm"
}