{
  "time_tag": "2025-12-15T22:18:00Z",
  "satellite": 18,
  "flux": 7.226013849503943E-7,
  "observed_flux": 7.72920600411453E-7,
  "electron_correction": 5.0319247435481884E-8,
  "electron_contaminaton": false,
  "energy": "0.1-0.8nm"
}
