{
    "time_tag": "2026-05-17T21:53:00Z",
    "satellite": 18,
    "flux": 1.220603394358477e-06,
    "observed_flux": 1.2919446135128965e-06,
    "electron_correction": 7.134116231100052e-08,
    "electron_contaminaton": false,
    "energy": "0.1-0.8nm"
}