{
  "time_tag": "2026-01-09T14:19:00Z",
  "satellite": 18,
  "flux": 0.0000011282480727459188,
  "observed_flux": 0.0000011386507594579598,
  "electron_correction": 1.0402650296725824E-8,
  "electron_contaminaton": false,
  "energy": "0.1-0.8nm"
}
