{
    "time_tag": "2026-05-24T11:58:00Z",
    "satellite": 18,
    "flux": 1.1572028597583994e-06,
    "observed_flux": 1.1641091077763122e-06,
    "electron_correction": 6.90627954824663e-09,
    "electron_contaminaton": false,
    "energy": "0.1-0.8nm"
}