{
  "time_tag": "2026-04-24T06:10:00Z",
  "satellite": 18,
  "flux": 0.0000020096915704925777,
  "observed_flux": 0.000002030880295933457,
  "electron_correction": 2.118879294243925E-8,
  "electron_contaminaton": false,
  "energy": "0.1-0.8nm"
}
