{
  "time_tag": "2026-05-24T12:47:00Z",
  "satellite": 18,
  "flux": 8.014903301045706E-7,
  "observed_flux": 8.086008165264502E-7,
  "electron_correction": 7.1105166199458836E-9,
  "electron_contaminaton": false,
  "energy": "0.1-0.8nm"
}
