{
  "time_tag": "2026-05-20T02:13:00Z",
  "satellite": 18,
  "flux": 6.108335810495191E-7,
  "observed_flux": 6.340600862131396E-7,
  "electron_correction": 2.322647141284051E-8,
  "electron_contaminaton": false,
  "energy": "0.1-0.8nm"
}
