{
  "time_tag": "2026-03-03T09:43:00Z",
  "satellite": 18,
  "flux": 2.46429380013069E-7,
  "observed_flux": 2.4656185360072413E-7,
  "electron_correction": 1.3246728713944833E-10,
  "electron_contaminaton": false,
  "energy": "0.1-0.8nm"
}
