{
  "time_tag": "2026-01-19T12:20:00Z",
  "satellite": 18,
  "flux": 0.000001820795432649902,
  "observed_flux": 0.0000018576936327008298,
  "electron_correction": 3.689825689434656E-8,
  "electron_contaminaton": false,
  "energy": "0.1-0.8nm"
}
