{
    "time_tag": "2026-05-22T01:15:00Z",
    "satellite": 18,
    "flux": 1.3397524298852659e-06,
    "observed_flux": 1.3861850902685546e-06,
    "electron_correction": 4.643262485615196e-08,
    "electron_contaminaton": false,
    "energy": "0.1-0.8nm"
}