{
  "time_tag": "2025-12-04T13:24:00Z",
  "satellite": 18,
  "flux": 0.0000028462902719184058,
  "observed_flux": 0.0000028809477043978404,
  "electron_correction": 3.465738629415682E-8,
  "electron_contaminaton": false,
  "energy": "0.1-0.8nm"
}
