{
    "time_tag": "2026-06-08T17:15:00Z",
    "satellite": 18,
    "flux": 9.636305549065582e-07,
    "observed_flux": 1.0013619657911477e-06,
    "electron_correction": 3.773136114659792e-08,
    "electron_contaminaton": false,
    "energy": "0.1-0.8nm"
}