{
    "time_tag": "2026-06-12T01:28:00Z",
    "satellite": 18,
    "flux": 6.72029159431986e-07,
    "observed_flux": 6.769784590687777e-07,
    "electron_correction": 4.949295639988804e-09,
    "electron_contaminaton": false,
    "energy": "0.1-0.8nm"
}