{
  "time_tag": "2025-12-19T20:19:00Z",
  "satellite": 18,
  "flux": 0.0000010825381195900263,
  "observed_flux": 0.0000011400758239688003,
  "electron_correction": 5.753780030204325E-8,
  "electron_contaminaton": false,
  "energy": "0.1-0.8nm"
}
