{
    "time_tag": "2026-05-23T19:37:00Z",
    "satellite": 18,
    "flux": 2.7384051008993993e-06,
    "observed_flux": 2.7701905764843104e-06,
    "electron_correction": 3.1785383214355534e-08,
    "electron_contaminaton": false,
    "energy": "0.1-0.8nm"
}