{
  "time_tag": "2026-02-10T17:46:00Z",
  "satellite": 18,
  "flux": 0.0000015651437479391461,
  "observed_flux": 0.0000015866305602685316,
  "electron_correction": 2.1486769696821284E-8,
  "electron_contaminaton": false,
  "energy": "0.1-0.8nm"
}
