{
    "time_tag": "2026-07-02T16:51:00Z",
    "satellite": 18,
    "flux": 2.9578782232420053e-06,
    "observed_flux": 2.9680631996598095e-06,
    "electron_correction": 1.018484763193328e-08,
    "electron_contaminaton": false,
    "energy": "0.1-0.8nm"
}