{
  "time_tag": "2025-12-05T07:21:00Z",
  "satellite": 18,
  "flux": 0.0000017544080037623644,
  "observed_flux": 0.0000017756167380866827,
  "electron_correction": 2.1208736100675196E-8,
  "electron_contaminaton": false,
  "energy": "0.1-0.8nm"
}
