{
    "time_tag": "2026-04-28T04:43:00Z",
    "satellite": 18,
    "flux": 9.38215464429959e-07,
    "observed_flux": 9.444012221138109e-07,
    "electron_correction": 6.185763457011717e-09,
    "electron_contaminaton": false,
    "energy": "0.1-0.8nm"
}