{
  "time_tag": "2026-02-17T22:57:00Z",
  "satellite": 18,
  "flux": 4.776039759235573E-7,
  "observed_flux": 5.444398993859068E-7,
  "electron_correction": 6.683595188405889E-8,
  "electron_contaminaton": false,
  "energy": "0.1-0.8nm"
}
