{
  "time_tag": "2025-12-25T02:49:00Z",
  "satellite": 18,
  "flux": 0.0000013762490880253608,
  "observed_flux": 0.0000014109238009041292,
  "electron_correction": 3.467474130047776E-8,
  "electron_contaminaton": false,
  "energy": "0.1-0.8nm"
}
