{
  "time_tag": "2026-02-04T04:53:00Z",
  "satellite": 18,
  "flux": 0.000001762011038408673,
  "observed_flux": 0.0000017724144072417403,
  "electron_correction": 1.0403287120652749E-8,
  "electron_contaminaton": false,
  "energy": "0.1-0.8nm"
}
