{
    "time_tag": "2026-06-16T16:23:00Z",
    "satellite": 18,
    "flux": 5.364063895285653e-07,
    "observed_flux": 5.656737016579427e-07,
    "electron_correction": 2.9267312129377387e-08,
    "electron_contaminaton": false,
    "energy": "0.1-0.8nm"
}