{
    "time_tag": "2026-06-22T17:11:00Z",
    "satellite": 18,
    "flux": 5.951199568698939e-07,
    "observed_flux": 6.037826096871868e-07,
    "electron_correction": 8.662606632015013e-09,
    "electron_contaminaton": false,
    "energy": "0.1-0.8nm"
}