{
    "time_tag": "2026-04-22T16:01:00Z",
    "satellite": 18,
    "flux": 5.738596655646688e-07,
    "observed_flux": 6.138678259048902e-07,
    "electron_correction": 4.000815323479401e-08,
    "electron_contaminaton": false,
    "energy": "0.1-0.8nm"
}