{
    "time_tag": "2026-06-06T00:09:00Z",
    "satellite": 18,
    "flux": 1.1788115443778224e-06,
    "observed_flux": 1.2190257621114142e-06,
    "electron_correction": 4.021422839173283e-08,
    "electron_contaminaton": false,
    "energy": "0.1-0.8nm"
}