{
  "time_tag": "2025-12-15T11:17:00Z",
  "satellite": 18,
  "flux": 4.94422863539512E-7,
  "observed_flux": 5.119247816764982E-7,
  "electron_correction": 1.750193057148408E-8,
  "electron_contaminaton": false,
  "energy": "0.1-0.8nm"
}
