{
  "time_tag": "2025-12-31T13:21:00Z",
  "satellite": 18,
  "flux": 0.0000028930692224093946,
  "observed_flux": 0.00000289425952360034,
  "electron_correction": 1.1903082963726774E-9,
  "electron_contaminaton": false,
  "energy": "0.1-0.8nm"
}
