{
    "time_tag": "2026-05-12T22:45:00Z",
    "satellite": 18,
    "flux": 9.127219300353318e-07,
    "observed_flux": 9.24076061892265e-07,
    "electron_correction": 1.1354138074182174e-08,
    "electron_contaminaton": false,
    "energy": "0.1-0.8nm"
}