{
  "time_tag": "2026-01-11T21:18:00Z",
  "satellite": 18,
  "flux": 5.399687097451533E-7,
  "observed_flux": 5.933748639108671E-7,
  "electron_correction": 5.340613640214542E-8,
  "electron_contaminaton": false,
  "energy": "0.1-0.8nm"
}
