{
  "time_tag": "2025-12-16T14:19:00Z",
  "satellite": 18,
  "flux": 5.701632517229882E-7,
  "observed_flux": 5.917761995988258E-7,
  "electron_correction": 2.161293011226917E-8,
  "electron_contaminaton": false,
  "energy": "0.1-0.8nm"
}
