{
  "time_tag": "2026-05-15T13:28:00Z",
  "satellite": 18,
  "flux": 4.3952712758255075E-7,
  "observed_flux": 4.418870958033949E-7,
  "electron_correction": 2.3599557863462906E-9,
  "electron_contaminaton": false,
  "energy": "0.1-0.8nm"
}
