{
  "time_tag": "2026-05-29T13:24:00Z",
  "satellite": 19,
  "flux": 0.0000010185204928347957,
  "observed_flux": 0.0000010582621143839788,
  "electron_correction": 3.974164641817879E-8,
  "electron_contaminaton": false,
  "energy": "0.1-0.8nm"
}
