{
    "time_tag": "2026-06-05T19:04:00Z",
    "satellite": 18,
    "flux": 3.1295016924559604e-06,
    "observed_flux": 3.148559017063235e-06,
    "electron_correction": 1.9057504019315274e-08,
    "electron_contaminaton": false,
    "energy": "0.1-0.8nm"
}