{
  "time_tag": "2026-01-03T19:17:00Z",
  "satellite": 18,
  "flux": 0.0000014999902759882389,
  "observed_flux": 0.0000015627063021383947,
  "electron_correction": 6.271599062301902E-8,
  "electron_contaminaton": false,
  "energy": "0.1-0.8nm"
}
