{
  "time_tag": "2026-01-21T19:23:00Z",
  "satellite": 18,
  "flux": 0.000001932901113832486,
  "observed_flux": 0.000002060193537545274,
  "electron_correction": 1.2729250897791644E-7,
  "electron_contaminaton": false,
  "energy": "0.1-0.8nm"
}
