{
    "time_tag": "2026-06-07T20:45:00Z",
    "satellite": 18,
    "flux": 8.639539714749844e-07,
    "observed_flux": 9.165963206214656e-07,
    "electron_correction": 5.264236691004953e-08,
    "electron_contaminaton": false,
    "energy": "0.1-0.8nm"
}