{
  "time_tag": "2026-01-08T11:18:00Z",
  "satellite": 18,
  "flux": 8.147667927005386E-7,
  "observed_flux": 8.148504093696829E-7,
  "electron_correction": 8.361587117144964E-11,
  "electron_contaminaton": false,
  "energy": "0.1-0.8nm"
}
