{
    "time_tag": "2026-05-12T00:26:00Z",
    "satellite": 18,
    "flux": 6.659399787167786e-07,
    "observed_flux": 6.820934572715487e-07,
    "electron_correction": 1.6153448356703848e-08,
    "electron_contaminaton": false,
    "energy": "0.1-0.8nm"
}