{
  "time_tag": "2026-02-04T15:01:00Z",
  "satellite": 18,
  "flux": 0.0000033023004561982816,
  "observed_flux": 0.000003311865839350503,
  "electron_correction": 9.565259695420991E-9,
  "electron_contaminaton": false,
  "energy": "0.1-0.8nm"
}
