{
  "time_tag": "2026-02-21T22:03:00Z",
  "satellite": 18,
  "flux": 3.2937489891082805E-7,
  "observed_flux": 3.5581967949838145E-7,
  "electron_correction": 2.6444777034839717E-8,
  "electron_contaminaton": false,
  "energy": "0.1-0.8nm"
}
