{
    "time_tag": "2026-04-26T03:15:00Z",
    "satellite": 18,
    "flux": 3.1986203339329222e-06,
    "observed_flux": 3.1992797175917076e-06,
    "electron_correction": 6.594829127237745e-10,
    "electron_contaminaton": false,
    "energy": "0.1-0.8nm"
}