{
  "time_tag": "2025-12-15T06:19:00Z",
  "satellite": 18,
  "flux": 5.191711238694552E-7,
  "observed_flux": 5.436122023638745E-7,
  "electron_correction": 2.4441078494419344E-8,
  "electron_contaminaton": false,
  "energy": "0.1-0.8nm"
}
