{
  "time_tag": "2026-06-24T17:22:00Z",
  "satellite": 18,
  "flux": 8.747530841901607E-7,
  "observed_flux": 9.010897201733314E-7,
  "electron_correction": 2.6336671510307497E-8,
  "electron_contaminaton": false,
  "energy": "0.1-0.8nm"
}
