{
    "time_tag": "2026-04-27T19:00:00Z",
    "satellite": 18,
    "flux": 9.62141712079756e-07,
    "observed_flux": 9.758869055076502e-07,
    "electron_correction": 1.3745196092429524e-08,
    "electron_contaminaton": false,
    "energy": "0.1-0.8nm"
}