{
  "time_tag": "2025-12-16T10:19:00Z",
  "satellite": 18,
  "flux": 5.253642143543402E-7,
  "observed_flux": 5.260720854494139E-7,
  "electron_correction": 7.078626573786551E-10,
  "electron_contaminaton": false,
  "energy": "0.1-0.8nm"
}
