{
  "time_tag": "2025-12-28T23:18:00Z",
  "satellite": 18,
  "flux": 0.000007390700830001151,
  "observed_flux": 0.000007453696071024751,
  "electron_correction": 6.299507049334352E-8,
  "electron_contaminaton": false,
  "energy": "0.1-0.8nm"
}
