{
    "time_tag": "2026-06-25T14:14:00Z",
    "satellite": 18,
    "flux": 2.0580546333803795e-06,
    "observed_flux": 2.066845581794041e-06,
    "electron_correction": 8.791007921615801e-09,
    "electron_contaminaton": false,
    "energy": "0.1-0.8nm"
}