{
  "time_tag": "2026-05-17T19:23:00Z",
  "satellite": 18,
  "flux": 5.333486683412048E-7,
  "observed_flux": 6.070498557164683E-7,
  "electron_correction": 7.370118026983619E-8,
  "electron_contaminaton": false,
  "energy": "0.1-0.8nm"
}
