{
  "time_tag": "2026-02-09T11:28:00Z",
  "satellite": 18,
  "flux": 0.0000027264291020401288,
  "observed_flux": 0.000002740104946497013,
  "electron_correction": 1.367581248246097E-8,
  "electron_contaminaton": false,
  "energy": "0.1-0.8nm"
}
