{
  "time_tag": "2025-12-29T19:18:00Z",
  "satellite": 18,
  "flux": 0.000002524503543099854,
  "observed_flux": 0.000002565222075645579,
  "electron_correction": 4.071856807286167E-8,
  "electron_contaminaton": false,
  "energy": "0.1-0.8nm"
}
