{
  "time_tag": "2025-12-18T05:18:00Z",
  "satellite": 18,
  "flux": 5.787719032923633E-7,
  "observed_flux": 6.11629161539895E-7,
  "electron_correction": 3.2857233378535966E-8,
  "electron_contaminaton": false,
  "energy": "0.1-0.8nm"
}
