{
  "time_tag": "2026-02-11T08:09:00Z",
  "satellite": 18,
  "flux": 0.000001032195882544329,
  "observed_flux": 0.0000010336302693758626,
  "electron_correction": 1.4344788690223709E-9,
  "electron_contaminaton": false,
  "energy": "0.1-0.8nm"
}
