{
    "time_tag": "2026-04-30T01:47:00Z",
    "satellite": 18,
    "flux": 1.618773239897564e-06,
    "observed_flux": 1.623111529625021e-06,
    "electron_correction": 4.33834301816205e-09,
    "electron_contaminaton": false,
    "energy": "0.1-0.8nm"
}