{
    "time_tag": "2026-05-12T15:41:00Z",
    "satellite": 18,
    "flux": 1.1658422636173782e-06,
    "observed_flux": 1.1758319260479766e-06,
    "electron_correction": 9.989654436992623e-09,
    "electron_contaminaton": false,
    "energy": "0.1-0.8nm"
}