{
  "time_tag": "2026-06-07T01:23:00Z",
  "satellite": 18,
  "flux": 9.101707973968587E-7,
  "observed_flux": 9.535609706290415E-7,
  "electron_correction": 4.3390215864747006E-8,
  "electron_contaminaton": false,
  "energy": "0.1-0.8nm"
}
