{
  "time_tag": "2026-01-12T00:40:00Z",
  "satellite": 18,
  "flux": 0.000015664993043174036,
  "observed_flux": 0.000015712494132458232,
  "electron_correction": 4.7501806932359614E-8,
  "electron_contaminaton": false,
  "energy": "0.1-0.8nm"
}
