{
  "time_tag": "2026-02-08T19:12:00Z",
  "satellite": 18,
  "flux": 0.000004054688361065928,
  "observed_flux": 0.000004105510925000999,
  "electron_correction": 5.0822695385477346E-8,
  "electron_contaminaton": false,
  "energy": "0.1-0.8nm"
}
