{
    "time_tag": "2026-06-27T19:39:00Z",
    "satellite": 18,
    "flux": 3.4972119919984834e-06,
    "observed_flux": 3.55497809323424e-06,
    "electron_correction": 5.776616873731655e-08,
    "electron_contaminaton": false,
    "energy": "0.1-0.8nm"
}