{
    "time_tag": "2026-06-08T08:29:00Z",
    "satellite": 18,
    "flux": 1.3319087202035007e-06,
    "observed_flux": 1.3503761238098377e-06,
    "electron_correction": 1.8467337881133972e-08,
    "electron_contaminaton": false,
    "energy": "0.1-0.8nm"
}