{
  "time_tag": "2026-01-08T21:18:00Z",
  "satellite": 18,
  "flux": 0.0000011827914931927808,
  "observed_flux": 0.000001195655841002008,
  "electron_correction": 1.286429807123568E-8,
  "electron_contaminaton": false,
  "energy": "0.1-0.8nm"
}
