{
  "time_tag": "2026-03-20T11:25:00Z",
  "satellite": 18,
  "flux": 4.6379093987525266E-7,
  "observed_flux": 4.6379702212107077E-7,
  "electron_correction": 6.079470260544895E-12,
  "electron_contaminaton": false,
  "energy": "0.1-0.8nm"
}
