{
  "time_tag": "2026-06-27T10:53:00Z",
  "satellite": 18,
  "flux": 0.0000031299055081035476,
  "observed_flux": 0.0000031647148261981783,
  "electron_correction": 3.480930033106233E-8,
  "electron_contaminaton": false,
  "energy": "0.1-0.8nm"
}
