{
  "time_tag": "2026-03-05T22:10:00Z",
  "satellite": 18,
  "flux": 0.0000010084025916512473,
  "observed_flux": 0.0000010328033113182755,
  "electron_correction": 2.44006894689619E-8,
  "electron_contaminaton": false,
  "energy": "0.1-0.8nm"
}
