{
  "time_tag": "2026-04-19T16:40:00Z",
  "satellite": 18,
  "flux": 3.3873720894916914E-7,
  "observed_flux": 3.9709331645099155E-7,
  "electron_correction": 5.8356111054536086E-8,
  "electron_contaminaton": false,
  "energy": "0.1-0.8nm"
}
