{
  "time_tag": "2026-02-13T20:41:00Z",
  "satellite": 18,
  "flux": 4.966561846231343E-7,
  "observed_flux": 5.457259248942137E-7,
  "electron_correction": 4.9069740271079354E-8,
  "electron_contaminaton": false,
  "energy": "0.1-0.8nm"
}
