{
    "time_tag": "2026-05-17T18:57:00Z",
    "satellite": 18,
    "flux": 5.439438268695085e-07,
    "observed_flux": 6.212771381797211e-07,
    "electron_correction": 7.733333973192202e-08,
    "electron_contaminaton": false,
    "energy": "0.1-0.8nm"
}