{
    "time_tag": "2026-05-04T12:58:00Z",
    "satellite": 18,
    "flux": 8.379895461985143e-07,
    "observed_flux": 8.392908625864948e-07,
    "electron_correction": 1.3013001787243184e-09,
    "electron_contaminaton": false,
    "energy": "0.1-0.8nm"
}