{
    "time_tag": "2026-05-23T12:00:00Z",
    "satellite": 18,
    "flux": 8.173062155947264e-07,
    "observed_flux": 8.346205504494719e-07,
    "electron_correction": 1.7314341960172897e-08,
    "electron_contaminaton": false,
    "energy": "0.1-0.8nm"
}