{
  "time_tag": "2026-01-05T02:57:00Z",
  "satellite": 18,
  "flux": 0.000001105947490032122,
  "observed_flux": 0.0000011217854307687958,
  "electron_correction": 1.5837969158383203E-8,
  "electron_contaminaton": false,
  "energy": "0.1-0.8nm"
}
