{
    "time_tag": "2026-04-29T11:49:00Z",
    "satellite": 18,
    "flux": 1.4425837662201957e-06,
    "observed_flux": 1.4449053651333088e-06,
    "electron_correction": 2.3215849243030107e-09,
    "electron_contaminaton": false,
    "energy": "0.1-0.8nm"
}