{
  "time_tag": "2026-07-01T22:43:00Z",
  "satellite": 18,
  "flux": 0.000005112136932439171,
  "observed_flux": 0.0000051259603424114175,
  "electron_correction": 1.382334069433E-8,
  "electron_contaminaton": false,
  "energy": "0.1-0.8nm"
}
