{
  "time_tag": "2026-01-29T05:29:00Z",
  "satellite": 18,
  "flux": 6.891442012602056E-7,
  "observed_flux": 7.365547958215757E-7,
  "electron_correction": 4.7410612324938484E-8,
  "electron_contaminaton": false,
  "energy": "0.1-0.8nm"
}
