{
  "time_tag": "2026-06-27T23:03:00Z",
  "satellite": 18,
  "flux": 0.0000025905162601702614,
  "observed_flux": 0.0000026441177851665998,
  "electron_correction": 5.3601542759906806E-8,
  "electron_contaminaton": false,
  "energy": "0.1-0.8nm"
}
