{
    "time_tag": "2026-05-25T08:22:00Z",
    "satellite": 18,
    "flux": 1.0183007361774798e-06,
    "observed_flux": 1.0197562687608297e-06,
    "electron_correction": 1.4555254779224924e-09,
    "electron_contaminaton": false,
    "energy": "0.1-0.8nm"
}