{
  "time_tag": "2026-01-04T05:18:00Z",
  "satellite": 18,
  "flux": 0.0000010640574146236759,
  "observed_flux": 0.0000010927770972557482,
  "electron_correction": 2.871975013363226E-8,
  "electron_contaminaton": false,
  "energy": "0.1-0.8nm"
}
