{
  "time_tag": "2026-07-02T16:28:00Z",
  "satellite": 18,
  "flux": 0.0000033539308788022026,
  "observed_flux": 0.0000033641085792623926,
  "electron_correction": 1.0177754639073555E-8,
  "electron_contaminaton": false,
  "energy": "0.1-0.8nm"
}
