{
  "time_tag": "2026-01-15T06:20:00Z",
  "satellite": 18,
  "flux": 0.0000017337077906631748,
  "observed_flux": 0.0000017557717910676729,
  "electron_correction": 2.2064018168066468E-8,
  "electron_contaminaton": false,
  "energy": "0.1-0.8nm"
}
