{
    "time_tag": "2026-06-06T22:56:00Z",
    "satellite": 18,
    "flux": 1.2424912938513444e-06,
    "observed_flux": 1.2904283721582033e-06,
    "electron_correction": 4.7936982383589566e-08,
    "electron_contaminaton": false,
    "energy": "0.1-0.8nm"
}