{
  "time_tag": "2026-01-02T11:18:00Z",
  "satellite": 18,
  "flux": 0.0000011786805771407671,
  "observed_flux": 0.0000011878846635227092,
  "electron_correction": 9.20403930848579E-9,
  "electron_contaminaton": false,
  "energy": "0.1-0.8nm"
}
