{
  "time_tag": "2026-05-03T17:59:00Z",
  "satellite": 18,
  "flux": 8.917908189687296E-7,
  "observed_flux": 9.277630397264147E-7,
  "electron_correction": 3.597220654683042E-8,
  "electron_contaminaton": false,
  "energy": "0.1-0.8nm"
}
