{
  "time_tag": "2026-04-25T20:41:00Z",
  "satellite": 18,
  "flux": 0.0000017867521364678396,
  "observed_flux": 0.0000018020542711383314,
  "electron_correction": 1.530206006350454E-8,
  "electron_contaminaton": false,
  "energy": "0.1-0.8nm"
}
