{
  "time_tag": "2026-05-01T14:43:00Z",
  "satellite": 18,
  "flux": 9.432122851649183E-7,
  "observed_flux": 9.76500018623483E-7,
  "electron_correction": 3.3287772538415084E-8,
  "electron_contaminaton": false,
  "energy": "0.1-0.8nm"
}
