{
    "time_tag": "2026-06-08T01:20:00Z",
    "satellite": 18,
    "flux": 9.515993610875739e-07,
    "observed_flux": 9.954912911780411e-07,
    "electron_correction": 4.3891898116044104e-08,
    "electron_contaminaton": false,
    "energy": "0.1-0.8nm"
}