{
    "time_tag": "2026-05-01T19:01:00Z",
    "satellite": 18,
    "flux": 8.872480066202115e-07,
    "observed_flux": 9.465253469898016e-07,
    "electron_correction": 5.927729418431227e-08,
    "electron_contaminaton": false,
    "energy": "0.1-0.8nm"
}