{
  "time_tag": "2026-03-01T11:34:00Z",
  "satellite": 18,
  "flux": 0.0000010170083442062605,
  "observed_flux": 0.0000010394653600087622,
  "electron_correction": 2.245698738079227E-8,
  "electron_contaminaton": false,
  "energy": "0.1-0.8nm"
}
