{
  "time_tag": "2026-02-28T15:03:00Z",
  "satellite": 18,
  "flux": 0.0000014575954310203088,
  "observed_flux": 0.000001500104531260149,
  "electron_correction": 4.250914287240448E-8,
  "electron_contaminaton": false,
  "energy": "0.1-0.8nm"
}
