{
  "time_tag": "2026-02-21T05:18:00Z",
  "satellite": 18,
  "flux": 3.115414699550456E-7,
  "observed_flux": 3.1194096550279937E-7,
  "electron_correction": 3.994834185672147E-10,
  "electron_contaminaton": false,
  "energy": "0.1-0.8nm"
}
