{
  "time_tag": "2026-04-20T22:46:00Z",
  "satellite": 18,
  "flux": 5.400160034696455E-7,
  "observed_flux": 6.12376481967658E-7,
  "electron_correction": 7.236045718173045E-8,
  "electron_contaminaton": false,
  "energy": "0.1-0.8nm"
}
