{
  "time_tag": "2025-12-25T07:19:00Z",
  "satellite": 18,
  "flux": 0.0000015540508684352972,
  "observed_flux": 0.0000016020497923818766,
  "electron_correction": 4.799890263029738E-8,
  "electron_contaminaton": false,
  "energy": "0.1-0.8nm"
}
