{
  "time_tag": "2026-04-22T04:03:00Z",
  "satellite": 18,
  "flux": 5.972268581899698E-7,
  "observed_flux": 6.317014822343481E-7,
  "electron_correction": 3.447462759709197E-8,
  "electron_contaminaton": false,
  "energy": "0.1-0.8nm"
}
