{
  "time_tag": "2026-02-24T08:27:00Z",
  "satellite": 18,
  "flux": 7.434441613440868E-7,
  "observed_flux": 7.544794584646297E-7,
  "electron_correction": 1.1035307778684E-8,
  "electron_contaminaton": false,
  "energy": "0.1-0.8nm"
}
