{
  "time_tag": "2026-04-28T20:22:00Z",
  "satellite": 18,
  "flux": 0.0000012672347793341032,
  "observed_flux": 0.0000012784701084456174,
  "electron_correction": 1.1235397501252464E-8,
  "electron_contaminaton": false,
  "energy": "0.1-0.8nm"
}
