{
  "time_tag": "2026-06-24T07:53:00Z",
  "satellite": 18,
  "flux": 9.4243728199217E-7,
  "observed_flux": 9.429043075215304E-7,
  "electron_correction": 4.669957753833387E-10,
  "electron_contaminaton": false,
  "energy": "0.1-0.8nm"
}
