{
  "time_tag": "2026-03-02T21:08:00Z",
  "satellite": 18,
  "flux": 9.295068252868077E-7,
  "observed_flux": 9.733635124575812E-7,
  "electron_correction": 4.385666230177776E-8,
  "electron_contaminaton": false,
  "energy": "0.1-0.8nm"
}
