{
  "time_tag": "2026-03-30T18:00:00Z",
  "satellite": 18,
  "flux": 0.0000013928805628893315,
  "observed_flux": 0.0000014105703485256527,
  "electron_correction": 1.7689723463831797E-8,
  "electron_contaminaton": false,
  "energy": "0.1-0.8nm"
}
