{
  "time_tag": "2026-01-28T16:21:00Z",
  "satellite": 18,
  "flux": 7.39922995762754E-7,
  "observed_flux": 8.242530498137057E-7,
  "electron_correction": 8.43300753672338E-8,
  "electron_contaminaton": false,
  "energy": "0.1-0.8nm"
}
