{
  "time_tag": "2026-05-28T04:32:00Z",
  "satellite": 19,
  "flux": 7.857100285946217E-7,
  "observed_flux": 7.861862059144187E-7,
  "electron_correction": 4.761694927246651E-10,
  "electron_contaminaton": false,
  "energy": "0.1-0.8nm"
}
