{
    "time_tag": "2026-05-15T14:16:00Z",
    "satellite": 18,
    "flux": 6.595274726350908e-07,
    "observed_flux": 6.635906402152614e-07,
    "electron_correction": 4.063137382104287e-09,
    "electron_contaminaton": false,
    "energy": "0.1-0.8nm"
}