{
    "time_tag": "2026-05-24T02:00:00Z",
    "satellite": 18,
    "flux": 1.671461404839647e-06,
    "observed_flux": 1.6979752217594068e-06,
    "electron_correction": 2.6513877315892387e-08,
    "electron_contaminaton": false,
    "energy": "0.1-0.8nm"
}