{
  "time_tag": "2026-06-02T00:24:00Z",
  "satellite": 18,
  "flux": 6.681223680971016E-7,
  "observed_flux": 6.976785016377107E-7,
  "electron_correction": 2.955614597510703E-8,
  "electron_contaminaton": false,
  "energy": "0.1-0.8nm"
}
