{
  "time_tag": "2026-03-24T19:55:00Z",
  "satellite": 18,
  "flux": 0.0000010496313507246668,
  "observed_flux": 0.000001121166633311077,
  "electron_correction": 7.153528969183753E-8,
  "electron_contaminaton": false,
  "energy": "0.1-0.8nm"
}
