{
  "time_tag": "2026-04-22T14:27:00Z",
  "satellite": 18,
  "flux": 5.588632916442293E-7,
  "observed_flux": 5.914380949434417E-7,
  "electron_correction": 3.257480685192604E-8,
  "electron_contaminaton": false,
  "energy": "0.1-0.8nm"
}
