{
  "time_tag": "2026-02-07T15:01:00Z",
  "satellite": 18,
  "flux": 0.0000017092721691369661,
  "observed_flux": 0.000001756532128638355,
  "electron_correction": 4.7259970159529985E-8,
  "electron_contaminaton": false,
  "energy": "0.1-0.8nm"
}
