{
  "time_tag": "2026-03-30T19:05:00Z",
  "satellite": 18,
  "flux": 0.0000013349310847843299,
  "observed_flux": 0.0000013531164313462796,
  "electron_correction": 1.818528438946032E-8,
  "electron_contaminaton": false,
  "energy": "0.1-0.8nm"
}
