{
  "time_tag": "2026-06-25T11:19:00Z",
  "satellite": 18,
  "flux": 0.0000011172336371600977,
  "observed_flux": 0.0000011284439551673131,
  "electron_correction": 1.1210291361862801E-8,
  "electron_contaminaton": false,
  "energy": "0.1-0.8nm"
}
