{
  "time_tag": "2026-03-01T16:03:00Z",
  "satellite": 18,
  "flux": 0.000001250035438715713,
  "observed_flux": 0.0000012854054602939868,
  "electron_correction": 3.5369936313145445E-8,
  "electron_contaminaton": false,
  "energy": "0.1-0.8nm"
}
