{
  "time_tag": "2026-02-12T10:00:00Z",
  "satellite": 18,
  "flux": 8.267124940175563E-7,
  "observed_flux": 8.618909532742691E-7,
  "electron_correction": 3.5178484125708565E-8,
  "electron_contaminaton": false,
  "energy": "0.1-0.8nm"
}
