{
  "time_tag": "2026-06-21T10:09:00Z",
  "satellite": 18,
  "flux": 5.576783905780758E-7,
  "observed_flux": 5.633989417219709E-7,
  "electron_correction": 5.720572904266419E-9,
  "electron_contaminaton": false,
  "energy": "0.1-0.8nm"
}
