{
  "time_tag": "2026-02-27T23:36:00Z",
  "satellite": 18,
  "flux": 8.16802014469431E-7,
  "observed_flux": 8.615717206339468E-7,
  "electron_correction": 4.4769723928084204E-8,
  "electron_contaminaton": false,
  "energy": "0.1-0.8nm"
}
