{
  "time_tag": "2026-03-15T03:03:00Z",
  "satellite": 18,
  "flux": 5.575797672463523E-7,
  "observed_flux": 5.96475331349211E-7,
  "electron_correction": 3.8895549892004055E-8,
  "electron_contaminaton": false,
  "energy": "0.1-0.8nm"
}
