{
  "time_tag": "2026-03-19T14:08:00Z",
  "satellite": 18,
  "flux": 3.4075515031872783E-7,
  "observed_flux": 3.5534412745619193E-7,
  "electron_correction": 1.4588962926609383E-8,
  "electron_contaminaton": false,
  "energy": "0.1-0.8nm"
}
