{
    "time_tag": "2026-04-30T09:48:00Z",
    "satellite": 18,
    "flux": 2.8071956421626965e-06,
    "observed_flux": 2.8080335141567048e-06,
    "electron_correction": 8.378058247160425e-10,
    "electron_contaminaton": false,
    "energy": "0.1-0.8nm"
}