{
    "time_tag": "2026-04-29T17:16:00Z",
    "satellite": 18,
    "flux": 1.0416736131446669e-06,
    "observed_flux": 1.0478917147338507e-06,
    "electron_correction": 6.218145109926354e-09,
    "electron_contaminaton": false,
    "energy": "0.1-0.8nm"
}