{
    "time_tag": "2026-05-22T08:38:00Z",
    "satellite": 18,
    "flux": 7.252076557051623e-07,
    "observed_flux": 7.402870778605575e-07,
    "electron_correction": 1.507942570810883e-08,
    "electron_contaminaton": false,
    "energy": "0.1-0.8nm"
}