{
  "time_tag": "2026-05-28T23:52:00Z",
  "satellite": 19,
  "flux": 8.311963028972968E-7,
  "observed_flux": 8.648556217849546E-7,
  "electron_correction": 3.365933665122611E-8,
  "electron_contaminaton": false,
  "energy": "0.1-0.8nm"
}
