{
    "time_tag": "2026-05-10T18:33:00Z",
    "satellite": 18,
    "flux": 9.404479328622983e-07,
    "observed_flux": 9.613446536604897e-07,
    "electron_correction": 2.089666928384304e-08,
    "electron_contaminaton": false,
    "energy": "0.1-0.8nm"
}