{
    "time_tag": "2026-06-28T10:52:00Z",
    "satellite": 18,
    "flux": 1.9341043753229314e-06,
    "observed_flux": 1.964260718523292e-06,
    "electron_correction": 3.015633609493307e-08,
    "electron_contaminaton": false,
    "energy": "0.1-0.8nm"
}