{
    "time_tag": "2026-05-25T17:16:00Z",
    "satellite": 18,
    "flux": 1.4280159348345478e-06,
    "observed_flux": 1.4324587027658708e-06,
    "electron_correction": 4.442696877049457e-09,
    "electron_contaminaton": false,
    "energy": "0.1-0.8nm"
}