{
    "time_tag": "2026-05-05T17:56:00Z",
    "satellite": 18,
    "flux": 6.772933716092666e-07,
    "observed_flux": 7.410028501908528e-07,
    "electron_correction": 6.370946437073144e-08,
    "electron_contaminaton": false,
    "energy": "0.1-0.8nm"
}