{
  "time_tag": "2026-04-30T08:31:00Z",
  "satellite": 18,
  "flux": 0.000001054747485795815,
  "observed_flux": 0.000001055171424013679,
  "electron_correction": 4.239008033479763E-10,
  "electron_contaminaton": false,
  "energy": "0.1-0.8nm"
}
