{
    "time_tag": "2026-04-24T13:03:00Z",
    "satellite": 18,
    "flux": 1.527543099655304e-05,
    "observed_flux": 1.5298257494578138e-05,
    "electron_correction": 2.2826313283985655e-08,
    "electron_contaminaton": false,
    "energy": "0.1-0.8nm"
}