{
  "time_tag": "2026-04-19T09:27:00Z",
  "satellite": 18,
  "flux": 4.826075041819422E-7,
  "observed_flux": 4.972474130227056E-7,
  "electron_correction": 1.463991505801232E-8,
  "electron_contaminaton": false,
  "energy": "0.1-0.8nm"
}
