{
  "time_tag": "2026-04-24T20:42:00Z",
  "satellite": 18,
  "flux": 0.000002450332203807193,
  "observed_flux": 0.0000024866742478479864,
  "electron_correction": 3.63420866733577E-8,
  "electron_contaminaton": false,
  "energy": "0.1-0.8nm"
}
