{
  "time_tag": "2026-03-19T21:26:00Z",
  "satellite": 18,
  "flux": 2.837095394170319E-7,
  "observed_flux": 3.039319835806964E-7,
  "electron_correction": 2.0222453045448674E-8,
  "electron_contaminaton": false,
  "energy": "0.1-0.8nm"
}
