{
  "time_tag": "2026-05-16T16:43:00Z",
  "satellite": 18,
  "flux": 0.000008386777153646108,
  "observed_flux": 0.000008473198249703273,
  "electron_correction": 8.642063420438717E-8,
  "electron_contaminaton": false,
  "energy": "0.1-0.8nm"
}
