{
  "time_tag": "2026-03-22T12:06:00Z",
  "satellite": 18,
  "flux": 5.67860467981518E-7,
  "observed_flux": 6.115676569606876E-7,
  "electron_correction": 4.3707220953592696E-8,
  "electron_contaminaton": false,
  "energy": "0.1-0.8nm"
}
