{
  "time_tag": "2026-03-15T11:09:00Z",
  "satellite": 18,
  "flux": 4.883039537162404E-7,
  "observed_flux": 5.100716862216359E-7,
  "electron_correction": 2.1767723623611346E-8,
  "electron_contaminaton": false,
  "energy": "0.1-0.8nm"
}
