{
  "time_tag": "2026-03-05T21:08:00Z",
  "satellite": 18,
  "flux": 8.514919045410352E-7,
  "observed_flux": 8.763078085394227E-7,
  "electron_correction": 2.4815944854594818E-8,
  "electron_contaminaton": false,
  "energy": "0.1-0.8nm"
}
