{
    "time_tag": "2026-05-01T14:37:00Z",
    "satellite": 18,
    "flux": 9.622093557482003e-07,
    "observed_flux": 9.955300583897042e-07,
    "electron_correction": 3.332071329964492e-08,
    "electron_contaminaton": false,
    "energy": "0.1-0.8nm"
}