{
    "time_tag": "2026-06-23T11:11:00Z",
    "satellite": 18,
    "flux": 7.404995017168403e-07,
    "observed_flux": 7.431362405441178e-07,
    "electron_correction": 2.636754814488995e-09,
    "electron_contaminaton": false,
    "energy": "0.1-0.8nm"
}