{
  "time_tag": "2026-06-28T03:41:00Z",
  "satellite": 18,
  "flux": 0.0000016888100162759656,
  "observed_flux": 0.0000017179171436509932,
  "electron_correction": 2.9107139809525506E-8,
  "electron_contaminaton": false,
  "energy": "0.1-0.8nm"
}
