{
    "time_tag": "2026-05-22T16:53:00Z",
    "satellite": 18,
    "flux": 7.99240410742641e-07,
    "observed_flux": 8.298496254610654e-07,
    "electron_correction": 3.060922182385184e-08,
    "electron_contaminaton": false,
    "energy": "0.1-0.8nm"
}