{
  "time_tag": "2025-12-15T18:19:00Z",
  "satellite": 18,
  "flux": 8.643524438411987E-7,
  "observed_flux": 9.012613304548722E-7,
  "electron_correction": 3.6908900824528246E-8,
  "electron_contaminaton": false,
  "energy": "0.1-0.8nm"
}
