{
  "time_tag": "2026-02-22T09:10:00Z",
  "satellite": 18,
  "flux": 3.55192184997577E-7,
  "observed_flux": 3.6380660617396643E-7,
  "electron_correction": 8.614438939957836E-9,
  "electron_contaminaton": false,
  "energy": "0.1-0.8nm"
}
