{
  "time_tag": "2026-06-06T11:58:00Z",
  "satellite": 18,
  "flux": 0.0000018364075913268607,
  "observed_flux": 0.0000018610257939144503,
  "electron_correction": 2.4618289629074752E-8,
  "electron_contaminaton": false,
  "energy": "0.1-0.8nm"
}
