{
  "time_tag": "2026-03-28T21:10:00Z",
  "satellite": 18,
  "flux": 0.0000021302014374668943,
  "observed_flux": 0.0000021681448743038345,
  "electron_correction": 3.794362513076521E-8,
  "electron_contaminaton": false,
  "energy": "0.1-0.8nm"
}
