{
  "time_tag": "2026-01-20T06:20:00Z",
  "satellite": 18,
  "flux": 0.0000015228249594656518,
  "observed_flux": 0.0000015430472330990597,
  "electron_correction": 2.0222353569465668E-8,
  "electron_contaminaton": false,
  "energy": "0.1-0.8nm"
}
