{
  "time_tag": "2026-03-07T09:52:00Z",
  "satellite": 18,
  "flux": 6.117041948527913E-7,
  "observed_flux": 6.123666480561951E-7,
  "electron_correction": 6.624702453272846E-10,
  "electron_contaminaton": false,
  "energy": "0.1-0.8nm"
}
