{
  "time_tag": "2025-12-20T13:19:00Z",
  "satellite": 18,
  "flux": 0.0000010453560435053078,
  "observed_flux": 0.000001069067366188392,
  "electron_correction": 2.371132801215481E-8,
  "electron_contaminaton": false,
  "energy": "0.1-0.8nm"
}
