{
    "time_tag": "2026-05-06T07:15:00Z",
    "satellite": 18,
    "flux": 5.80385119519633e-07,
    "observed_flux": 6.087927886255784e-07,
    "electron_correction": 2.8407654895090673e-08,
    "electron_contaminaton": false,
    "energy": "0.1-0.8nm"
}