{
  "time_tag": "2026-05-13T23:06:00Z",
  "satellite": 18,
  "flux": 6.025003358445247E-7,
  "observed_flux": 6.087445285629656E-7,
  "electron_correction": 6.2441665171775185E-9,
  "electron_contaminaton": false,
  "energy": "0.1-0.8nm"
}
