{
    "time_tag": "2026-04-23T23:04:00Z",
    "satellite": 18,
    "flux": 1.1709852287822287e-06,
    "observed_flux": 1.2147216921221116e-06,
    "electron_correction": 4.373641715460508e-08,
    "electron_contaminaton": false,
    "energy": "0.1-0.8nm"
}