{
  "time_tag": "2026-02-27T20:06:00Z",
  "satellite": 18,
  "flux": 0.000001966190211533103,
  "observed_flux": 0.0000020033949112985283,
  "electron_correction": 3.720460384215585E-8,
  "electron_contaminaton": false,
  "energy": "0.1-0.8nm"
}
