{
  "time_tag": "2026-02-22T12:23:00Z",
  "satellite": 18,
  "flux": 5.103845523990458E-7,
  "observed_flux": 5.167904078007268E-7,
  "electron_correction": 6.405830976774496E-9,
  "electron_contaminaton": false,
  "energy": "0.1-0.8nm"
}
