{
  "time_tag": "2026-03-18T20:26:00Z",
  "satellite": 18,
  "flux": 3.8172433391991945E-7,
  "observed_flux": 4.121218069030874E-7,
  "electron_correction": 3.039747653588165E-8,
  "electron_contaminaton": false,
  "energy": "0.1-0.8nm"
}
