{
  "time_tag": "2026-03-01T04:51:00Z",
  "satellite": 18,
  "flux": 0.0000011988216783720418,
  "observed_flux": 0.0000012086065908079036,
  "electron_correction": 9.78494441028488E-9,
  "electron_contaminaton": false,
  "energy": "0.1-0.8nm"
}
