{
  "time_tag": "2026-05-27T23:28:00Z",
  "satellite": 19,
  "flux": 7.896497891124454E-7,
  "observed_flux": 8.176965025086247E-7,
  "electron_correction": 2.8046716948892936E-8,
  "electron_contaminaton": false,
  "energy": "0.1-0.8nm"
}
