{
  "time_tag": "2026-03-12T04:59:00Z",
  "satellite": 18,
  "flux": 5.686245003744261E-7,
  "observed_flux": 5.8948467085429E-7,
  "electron_correction": 2.0860165150793364E-8,
  "electron_contaminaton": false,
  "energy": "0.1-0.8nm"
}
