{
  "time_tag": "2026-02-07T17:20:00Z",
  "satellite": 18,
  "flux": 0.000002846127699740464,
  "observed_flux": 0.0000029064649424981326,
  "electron_correction": 6.033740618249794E-8,
  "electron_contaminaton": false,
  "energy": "0.1-0.8nm"
}
