{
  "time_tag": "2026-03-25T19:29:00Z",
  "satellite": 18,
  "flux": 0.0000013546106174544548,
  "observed_flux": 0.0000014101983651926275,
  "electron_correction": 5.558772642189069E-8,
  "electron_contaminaton": false,
  "energy": "0.1-0.8nm"
}
