{
  "time_tag": "2025-12-09T17:22:00Z",
  "satellite": 18,
  "flux": 0.0000037968384276609868,
  "observed_flux": 0.000003822840426437324,
  "electron_correction": 2.6001863773217337E-8,
  "electron_contaminaton": false,
  "energy": "0.1-0.8nm"
}
