{
  "time_tag": "2026-01-19T22:19:00Z",
  "satellite": 18,
  "flux": 0.0000018604958995638299,
  "observed_flux": 0.0000018605143168315408,
  "electron_correction": 1.8395939285764662E-11,
  "electron_contaminaton": false,
  "energy": "0.1-0.8nm"
}
