{
    "time_tag": "2026-05-10T04:37:00Z",
    "satellite": 18,
    "flux": 1.0421132401461364e-06,
    "observed_flux": 1.0586179541860474e-06,
    "electron_correction": 1.6504781541470948e-08,
    "electron_contaminaton": false,
    "energy": "0.1-0.8nm"
}