{
    "time_tag": "2026-05-13T11:09:00Z",
    "satellite": 18,
    "flux": 7.584800414406345e-07,
    "observed_flux": 7.603523499710718e-07,
    "electron_correction": 1.87233628601291e-09,
    "electron_contaminaton": false,
    "energy": "0.1-0.8nm"
}