{
  "time_tag": "2026-04-24T08:23:00Z",
  "satellite": 18,
  "flux": 0.00004804021227755584,
  "observed_flux": 0.000048059955588541925,
  "electron_correction": 1.9744330614912542E-8,
  "electron_contaminaton": false,
  "energy": "0.1-0.8nm"
}
