{
  "time_tag": "2026-04-22T15:06:00Z",
  "satellite": 18,
  "flux": 9.062086974154226E-7,
  "observed_flux": 9.403373155691952E-7,
  "electron_correction": 3.412856486306737E-8,
  "electron_contaminaton": false,
  "energy": "0.1-0.8nm"
}
