{
  "time_tag": "2026-02-24T17:33:00Z",
  "satellite": 18,
  "flux": 0.000003885973455908243,
  "observed_flux": 0.000003957564331358299,
  "electron_correction": 7.159110282373149E-8,
  "electron_contaminaton": false,
  "energy": "0.1-0.8nm"
}
