{
    "time_tag": "2026-05-03T09:52:00Z",
    "satellite": 18,
    "flux": 1.0343487701902632e-06,
    "observed_flux": 1.0493959052837454e-06,
    "electron_correction": 1.5047213253183145e-08,
    "electron_contaminaton": false,
    "energy": "0.1-0.8nm"
}