{
  "time_tag": "2026-02-10T02:39:00Z",
  "satellite": 18,
  "flux": 0.000001078145714927814,
  "observed_flux": 0.0000011129477570648305,
  "electron_correction": 3.4801949766460893E-8,
  "electron_contaminaton": false,
  "energy": "0.1-0.8nm"
}
