{
  "time_tag": "2026-03-20T07:04:00Z",
  "satellite": 18,
  "flux": 3.3144192457257304E-7,
  "observed_flux": 3.4354050626461685E-7,
  "electron_correction": 1.2098572810259611E-8,
  "electron_contaminaton": false,
  "energy": "0.1-0.8nm"
}
