{
  "time_tag": "2026-02-12T08:48:00Z",
  "satellite": 18,
  "flux": 6.681958666376886E-7,
  "observed_flux": 6.71532177420886E-7,
  "electron_correction": 3.3362739237929873E-9,
  "electron_contaminaton": false,
  "energy": "0.1-0.8nm"
}
