{
  "time_tag": "2025-12-08T15:22:00Z",
  "satellite": 18,
  "flux": 0.0000026111140414286638,
  "observed_flux": 0.0000026381433144706534,
  "electron_correction": 2.702934764897691E-8,
  "electron_contaminaton": false,
  "energy": "0.1-0.8nm"
}
