{
  "time_tag": "2026-02-07T15:47:00Z",
  "satellite": 18,
  "flux": 0.0000016639960449538194,
  "observed_flux": 0.000001703500174699002,
  "electron_correction": 3.9504239879306624E-8,
  "electron_contaminaton": false,
  "energy": "0.1-0.8nm"
}
