{
  "time_tag": "2026-03-31T08:22:00Z",
  "satellite": 18,
  "flux": 7.697923933847051E-7,
  "observed_flux": 7.724707984380075E-7,
  "electron_correction": 2.6783850692879696E-9,
  "electron_contaminaton": false,
  "energy": "0.1-0.8nm"
}
