{
    "time_tag": "2026-06-19T18:10:00Z",
    "satellite": 18,
    "flux": 6.283974585130636e-07,
    "observed_flux": 6.52348887797416e-07,
    "electron_correction": 2.395143994249338e-08,
    "electron_contaminaton": false,
    "energy": "0.1-0.8nm"
}