{
  "time_tag": "2026-03-09T21:41:00Z",
  "satellite": 18,
  "flux": 0.0000013032328070039512,
  "observed_flux": 0.0000013454114196065348,
  "electron_correction": 4.2178594839015204E-8,
  "electron_contaminaton": false,
  "energy": "0.1-0.8nm"
}
