{
    "time_tag": "2026-07-01T08:18:00Z",
    "satellite": 18,
    "flux": 2.374760151724331e-05,
    "observed_flux": 2.3755226720822975e-05,
    "electron_correction": 7.625979847603048e-09,
    "electron_contaminaton": false,
    "energy": "0.1-0.8nm"
}