{
  "time_tag": "2026-04-19T20:05:00Z",
  "satellite": 18,
  "flux": 3.538697512794897E-7,
  "observed_flux": 4.158236208695598E-7,
  "electron_correction": 6.19538695900701E-8,
  "electron_contaminaton": false,
  "energy": "0.1-0.8nm"
}
