{
  "time_tag": "2026-02-28T12:06:00Z",
  "satellite": 18,
  "flux": 0.000001149270246969536,
  "observed_flux": 0.0000011790991720772581,
  "electron_correction": 2.9828882475158025E-8,
  "electron_contaminaton": false,
  "energy": "0.1-0.8nm"
}
