{
  "time_tag": "2026-03-29T06:24:00Z",
  "satellite": 18,
  "flux": 9.822466608966351E-7,
  "observed_flux": 9.888893828247092E-7,
  "electron_correction": 6.642758343389232E-9,
  "electron_contaminaton": false,
  "energy": "0.1-0.8nm"
}
