{
  "time_tag": "2026-04-26T16:42:00Z",
  "satellite": 18,
  "flux": 0.000003299243644505623,
  "observed_flux": 0.000003315270078019239,
  "electron_correction": 1.602640509190678E-8,
  "electron_contaminaton": false,
  "energy": "0.1-0.8nm"
}
