{
  "time_tag": "2025-12-14T01:48:00Z",
  "satellite": 18,
  "flux": 8.543692047169316E-7,
  "observed_flux": 8.901102432901098E-7,
  "electron_correction": 3.57410101514688E-8,
  "electron_contaminaton": false,
  "energy": "0.1-0.8nm"
}
