{
    "time_tag": "2026-05-15T21:02:00Z",
    "satellite": 18,
    "flux": 3.8393272916437127e-07,
    "observed_flux": 4.015335832718847e-07,
    "electron_correction": 1.760085588387028e-08,
    "electron_contaminaton": false,
    "energy": "0.1-0.8nm"
}