{
  "time_tag": "2026-04-25T02:36:00Z",
  "satellite": 18,
  "flux": 0.0000014783514643568196,
  "observed_flux": 0.0000014812645758865983,
  "electron_correction": 2.913156382788884E-9,
  "electron_contaminaton": false,
  "energy": "0.1-0.8nm"
}
