{
  "time_tag": "2026-03-19T10:13:00Z",
  "satellite": 18,
  "flux": 2.869138313599251E-7,
  "observed_flux": 2.952755266960594E-7,
  "electron_correction": 8.361688230706932E-9,
  "electron_contaminaton": false,
  "energy": "0.1-0.8nm"
}
