{
    "time_tag": "2026-05-21T21:52:00Z",
    "satellite": 18,
    "flux": 9.355145493827877e-07,
    "observed_flux": 9.925693120749202e-07,
    "electron_correction": 5.7054744928564105e-08,
    "electron_contaminaton": false,
    "energy": "0.1-0.8nm"
}