{
  "time_tag": "2026-01-16T12:20:00Z",
  "satellite": 18,
  "flux": 0.0000013733259720538626,
  "observed_flux": 0.0000013781756251773913,
  "electron_correction": 4.849633583603463E-9,
  "electron_contaminaton": false,
  "energy": "0.1-0.8nm"
}
