{
  "time_tag": "2026-03-17T10:30:00Z",
  "satellite": 18,
  "flux": 5.981502226859448E-7,
  "observed_flux": 6.165599870655569E-7,
  "electron_correction": 1.8409776814110046E-8,
  "electron_contaminaton": false,
  "energy": "0.1-0.8nm"
}
