{
  "time_tag": "2026-01-14T13:26:00Z",
  "satellite": 18,
  "flux": 9.496542361375759E-7,
  "observed_flux": 0.0000010188080068473937,
  "electron_correction": 6.915378492067248E-8,
  "electron_contaminaton": false,
  "energy": "0.1-0.8nm"
}
