{
  "time_tag": "2026-05-02T19:33:00Z",
  "satellite": 18,
  "flux": 0.0000014100959333518404,
  "observed_flux": 0.0000014568735196007765,
  "electron_correction": 4.6777579143508774E-8,
  "electron_contaminaton": false,
  "energy": "0.1-0.8nm"
}
