{
  "time_tag": "2026-01-10T05:18:00Z",
  "satellite": 18,
  "flux": 3.9840577414906875E-7,
  "observed_flux": 4.0023294900493056E-7,
  "electron_correction": 1.8271665291891281E-9,
  "electron_contaminaton": false,
  "energy": "0.1-0.8nm"
}
