{
  "time_tag": "2026-03-13T21:29:00Z",
  "satellite": 18,
  "flux": 0.000001874146846603253,
  "observed_flux": 0.0000019073422663495876,
  "electron_correction": 3.3195473037039847E-8,
  "electron_contaminaton": false,
  "energy": "0.1-0.8nm"
}
