{
  "time_tag": "2025-12-21T11:17:00Z",
  "satellite": 18,
  "flux": 8.593160032432934E-7,
  "observed_flux": 8.649692517792573E-7,
  "electron_correction": 5.6532543091236676E-9,
  "electron_contaminaton": false,
  "energy": "0.1-0.8nm"
}
