{
  "time_tag": "2026-02-22T03:35:00Z",
  "satellite": 18,
  "flux": 3.07359897533388E-7,
  "observed_flux": 3.07375813690669E-7,
  "electron_correction": 1.593303093627707E-11,
  "electron_contaminaton": false,
  "energy": "0.1-0.8nm"
}
