{
  "time_tag": "2026-06-28T06:39:00Z",
  "satellite": 18,
  "flux": 0.0000015785707319082576,
  "observed_flux": 0.0000016048227280407446,
  "electron_correction": 2.6251996132486966E-8,
  "electron_contaminaton": false,
  "energy": "0.1-0.8nm"
}
