{
  "time_tag": "2026-02-20T09:46:00Z",
  "satellite": 18,
  "flux": 3.967737427501561E-7,
  "observed_flux": 4.097216788068181E-7,
  "electron_correction": 1.2947928951234644E-8,
  "electron_contaminaton": false,
  "energy": "0.1-0.8nm"
}
