{
  "time_tag": "2026-05-27T14:41:00Z",
  "satellite": 18,
  "flux": 9.006595291793928E-7,
  "observed_flux": 9.116794785768434E-7,
  "electron_correction": 1.1019953838342644E-8,
  "electron_contaminaton": false,
  "energy": "0.1-0.8nm"
}
