{
  "time_tag": "2025-12-28T13:20:00Z",
  "satellite": 18,
  "flux": 0.0000023911161406431347,
  "observed_flux": 0.000002416772531432798,
  "electron_correction": 2.565638901330658E-8,
  "electron_contaminaton": false,
  "energy": "0.1-0.8nm"
}
