{
  "time_tag": "2026-02-10T16:18:00Z",
  "satellite": 18,
  "flux": 0.0000011611712125159102,
  "observed_flux": 0.0000011779331998695852,
  "electron_correction": 1.6761960708322476E-8,
  "electron_contaminaton": false,
  "energy": "0.1-0.8nm"
}
