{
  "time_tag": "2025-12-07T17:20:00Z",
  "satellite": 18,
  "flux": 0.0000016045171378209488,
  "observed_flux": 0.000001644999883865239,
  "electron_correction": 4.048278157142704E-8,
  "electron_contaminaton": false,
  "energy": "0.1-0.8nm"
}
