{
    "time_tag": "2026-06-06T14:39:00Z",
    "satellite": 18,
    "flux": 7.968943464220501e-06,
    "observed_flux": 8.00627822172828e-06,
    "electron_correction": 3.733509146286451e-08,
    "electron_contaminaton": false,
    "energy": "0.1-0.8nm"
}