{
  "time_tag": "2026-03-07T23:02:00Z",
  "satellite": 18,
  "flux": 5.758682277701155E-7,
  "observed_flux": 6.067542130949732E-7,
  "electron_correction": 3.088598177214408E-8,
  "electron_contaminaton": false,
  "energy": "0.1-0.8nm"
}
