{
    "time_tag": "2026-05-28T01:09:00Z",
    "satellite": 19,
    "flux": 7.43642942779843e-07,
    "observed_flux": 7.676426321268082e-07,
    "electron_correction": 2.399966092525574e-08,
    "electron_contaminaton": false,
    "energy": "0.1-0.8nm"
}