{
    "time_tag": "2026-05-25T23:23:00Z",
    "satellite": 18,
    "flux": 2.262796442664694e-06,
    "observed_flux": 2.265101784360013e-06,
    "electron_correction": 2.3052160180725423e-09,
    "electron_contaminaton": false,
    "energy": "0.1-0.8nm"
}