{
  "time_tag": "2026-05-15T11:55:00Z",
  "satellite": 18,
  "flux": 0.0000010352680419600802,
  "observed_flux": 0.00000103653894711897,
  "electron_correction": 1.2709103769381613E-9,
  "electron_contaminaton": false,
  "energy": "0.1-0.8nm"
}
