{
    "time_tag": "2026-06-10T02:08:00Z",
    "satellite": 18,
    "flux": 7.431834205817722e-07,
    "observed_flux": 7.626067599630915e-07,
    "electron_correction": 1.9423346486746595e-08,
    "electron_contaminaton": false,
    "energy": "0.1-0.8nm"
}