{
  "time_tag": "2026-04-29T11:46:00Z",
  "satellite": 18,
  "flux": 0.0000015428247479576385,
  "observed_flux": 0.0000015452400248250342,
  "electron_correction": 2.415254440890635E-9,
  "electron_contaminaton": false,
  "energy": "0.1-0.8nm"
}
