{
  "time_tag": "2025-12-17T15:19:00Z",
  "satellite": 18,
  "flux": 7.669111710129073E-7,
  "observed_flux": 8.021082749110064E-7,
  "electron_correction": 3.519712166166755E-8,
  "electron_contaminaton": false,
  "energy": "0.1-0.8nm"
}
