{
    "time_tag": "2026-05-05T18:40:00Z",
    "satellite": 18,
    "flux": 7.640464332325791e-07,
    "observed_flux": 8.365581720681803e-07,
    "electron_correction": 7.251173173017378e-08,
    "electron_contaminaton": false,
    "energy": "0.1-0.8nm"
}