{
  "time_tag": "2025-12-29T03:48:00Z",
  "satellite": 18,
  "flux": 0.0000017059097672245116,
  "observed_flux": 0.000001741228857099486,
  "electron_correction": 3.531912540211124E-8,
  "electron_contaminaton": false,
  "energy": "0.1-0.8nm"
}
