{
  "time_tag": "2026-05-07T07:36:00Z",
  "satellite": 18,
  "flux": 6.749792760274431E-7,
  "observed_flux": 6.94837297032791E-7,
  "electron_correction": 1.9857992583638406E-8,
  "electron_contaminaton": false,
  "energy": "0.1-0.8nm"
}
