{
  "time_tag": "2025-12-19T17:17:00Z",
  "satellite": 18,
  "flux": 0.0000022514252577821026,
  "observed_flux": 0.000002312257947778562,
  "electron_correction": 6.083264025846802E-8,
  "electron_contaminaton": false,
  "energy": "0.1-0.8nm"
}
