{
  "time_tag": "2026-02-03T04:57:00Z",
  "satellite": 18,
  "flux": 0.000003943004685424967,
  "observed_flux": 0.000003952507540816441,
  "electron_correction": 9.502951314743768E-9,
  "electron_contaminaton": false,
  "energy": "0.1-0.8nm"
}
