{
    "time_tag": "2026-06-28T14:37:00Z",
    "satellite": 18,
    "flux": 1.651582238082483e-06,
    "observed_flux": 1.6866865735210013e-06,
    "electron_correction": 3.510430701680889e-08,
    "electron_contaminaton": false,
    "energy": "0.1-0.8nm"
}