{
    "time_tag": "2026-05-28T11:47:00Z",
    "satellite": 19,
    "flux": 8.27351755106065e-07,
    "observed_flux": 8.471946557619958e-07,
    "electron_correction": 1.9842916643142416e-08,
    "electron_contaminaton": false,
    "energy": "0.1-0.8nm"
}