{
  "time_tag": "2026-03-06T14:56:00Z",
  "satellite": 18,
  "flux": 5.969648668724403E-7,
  "observed_flux": 6.12139217537333E-7,
  "electron_correction": 1.5174361323033736E-8,
  "electron_contaminaton": false,
  "energy": "0.1-0.8nm"
}
