{
  "time_tag": "2026-05-17T10:42:00Z",
  "satellite": 18,
  "flux": 5.965391096651729E-7,
  "observed_flux": 6.53527479244076E-7,
  "electron_correction": 5.698838378975779E-8,
  "electron_contaminaton": false,
  "energy": "0.1-0.8nm"
}
