{
  "time_tag": "2026-05-31T18:37:00Z",
  "satellite": 18,
  "flux": 0.0000016786490277809207,
  "observed_flux": 0.00000172959494193492,
  "electron_correction": 5.0945853757866644E-8,
  "electron_contaminaton": false,
  "energy": "0.1-0.8nm"
}
