{
  "time_tag": "2026-03-14T20:40:00Z",
  "satellite": 18,
  "flux": 5.87481963520986E-7,
  "observed_flux": 6.586407721442811E-7,
  "electron_correction": 7.115882993957712E-8,
  "electron_contaminaton": false,
  "energy": "0.1-0.8nm"
}
