{
    "time_tag": "2026-05-11T09:58:00Z",
    "satellite": 18,
    "flux": 9.3178505267133e-07,
    "observed_flux": 9.381882364323246e-07,
    "electron_correction": 6.403199748206134e-09,
    "electron_contaminaton": false,
    "energy": "0.1-0.8nm"
}