{
  "time_tag": "2025-12-25T05:18:00Z",
  "satellite": 18,
  "flux": 0.0000014073715419726796,
  "observed_flux": 0.0000014261922842706554,
  "electron_correction": 1.8820831115817782E-8,
  "electron_contaminaton": false,
  "energy": "0.1-0.8nm"
}
