{
  "time_tag": "2026-02-07T14:50:00Z",
  "satellite": 18,
  "flux": 0.0000015044304291222943,
  "observed_flux": 0.0000015521239902227535,
  "electron_correction": 4.7693550442318156E-8,
  "electron_contaminaton": false,
  "energy": "0.1-0.8nm"
}
