{
  "time_tag": "2026-02-22T21:48:00Z",
  "satellite": 18,
  "flux": 4.0024744407674007E-7,
  "observed_flux": 4.452085420325602E-7,
  "electron_correction": 4.496109795582015E-8,
  "electron_contaminaton": false,
  "energy": "0.1-0.8nm"
}
