{
  "time_tag": "2026-03-07T02:35:00Z",
  "satellite": 18,
  "flux": 6.84453368648974E-7,
  "observed_flux": 6.848533189440786E-7,
  "electron_correction": 3.9996303491385277E-10,
  "electron_contaminaton": false,
  "energy": "0.1-0.8nm"
}
