{
    "time_tag": "2026-06-27T01:10:00Z",
    "satellite": 18,
    "flux": 1.5161749615799636e-06,
    "observed_flux": 1.56460066591535e-06,
    "electron_correction": 4.842572209895479e-08,
    "electron_contaminaton": false,
    "energy": "0.1-0.8nm"
}