{
  "time_tag": "2026-06-08T01:27:00Z",
  "satellite": 18,
  "flux": 9.90585476756678E-7,
  "observed_flux": 0.0000010340357903260156,
  "electron_correction": 4.3450288700341844E-8,
  "electron_contaminaton": false,
  "energy": "0.1-0.8nm"
}
