{
  "time_tag": "2026-03-06T21:26:00Z",
  "satellite": 18,
  "flux": 7.133742769838136E-7,
  "observed_flux": 7.2904492753878E-7,
  "electron_correction": 1.5670643449539057E-8,
  "electron_contaminaton": false,
  "energy": "0.1-0.8nm"
}
