{
  "time_tag": "2026-06-02T07:26:00Z",
  "satellite": 18,
  "flux": 8.405904168284906E-7,
  "observed_flux": 8.570760314796644E-7,
  "electron_correction": 1.6485589782178067E-8,
  "electron_contaminaton": false,
  "energy": "0.1-0.8nm"
}
