{
  "time_tag": "2026-03-04T18:11:00Z",
  "satellite": 18,
  "flux": 5.333557737685624E-7,
  "observed_flux": 5.674717726833478E-7,
  "electron_correction": 3.411600246749913E-8,
  "electron_contaminaton": false,
  "energy": "0.1-0.8nm"
}
