{
  "time_tag": "2026-03-07T16:39:00Z",
  "satellite": 18,
  "flux": 7.095506475707225E-7,
  "observed_flux": 7.244807989081892E-7,
  "electron_correction": 1.4930128244827756E-8,
  "electron_contaminaton": false,
  "energy": "0.1-0.8nm"
}
