{
    "time_tag": "2026-04-24T23:42:00Z",
    "satellite": 18,
    "flux": 1.67451651122974e-06,
    "observed_flux": 1.6842352579260478e-06,
    "electron_correction": 9.718671201142115e-09,
    "electron_contaminaton": false,
    "energy": "0.1-0.8nm"
}