{
  "time_tag": "2026-05-26T19:13:00Z",
  "satellite": 18,
  "flux": 0.0000010234377896267688,
  "observed_flux": 0.0000010373879604230751,
  "electron_correction": 1.3950157473630043E-8,
  "electron_contaminaton": false,
  "energy": "0.1-0.8nm"
}
