{
  "time_tag": "2026-05-23T20:12:00Z",
  "satellite": 18,
  "flux": 0.000002763094698821078,
  "observed_flux": 0.0000027951095944445115,
  "electron_correction": 3.201484233272822E-8,
  "electron_contaminaton": false,
  "energy": "0.1-0.8nm"
}
