{
    "time_tag": "2026-06-30T07:39:00Z",
    "satellite": 18,
    "flux": 2.7854946438310435e-06,
    "observed_flux": 2.8057866074959747e-06,
    "electron_correction": 2.0291787805604145e-08,
    "electron_contaminaton": false,
    "energy": "0.1-0.8nm"
}