{
  "time_tag": "2026-02-04T18:26:00Z",
  "satellite": 18,
  "flux": 0.0000014167842437018408,
  "observed_flux": 0.0000014265573327065795,
  "electron_correction": 9.773071241170328E-9,
  "electron_contaminaton": false,
  "energy": "0.1-0.8nm"
}
