{
  "time_tag": "2025-12-10T14:21:00Z",
  "satellite": 18,
  "flux": 0.0000016080716704891529,
  "observed_flux": 0.0000016142099639182561,
  "electron_correction": 6.138193953120208E-9,
  "electron_contaminaton": false,
  "energy": "0.1-0.8nm"
}
