{
  "time_tag": "2025-12-07T01:53:00Z",
  "satellite": 18,
  "flux": 0.0000024348257738893153,
  "observed_flux": 0.0000024757364371907897,
  "electron_correction": 4.091070593403856E-8,
  "electron_contaminaton": false,
  "energy": "0.1-0.8nm"
}
