{
  "time_tag": "2026-03-29T22:05:00Z",
  "satellite": 18,
  "flux": 0.0000012895812915303395,
  "observed_flux": 0.0000013086852277410799,
  "electron_correction": 1.9103978843304503E-8,
  "electron_contaminaton": false,
  "energy": "0.1-0.8nm"
}
