{
  "time_tag": "2026-05-15T04:27:00Z",
  "satellite": 18,
  "flux": 7.562492214674421E-7,
  "observed_flux": 7.569405511276273E-7,
  "electron_correction": 6.913667971453208E-10,
  "electron_contaminaton": false,
  "energy": "0.1-0.8nm"
}
