{
  "time_tag": "2026-03-11T02:36:00Z",
  "satellite": 18,
  "flux": 5.68874497730576E-7,
  "observed_flux": 6.013945039740065E-7,
  "electron_correction": 3.251995650543904E-8,
  "electron_contaminaton": false,
  "energy": "0.1-0.8nm"
}
