{
    "time_tag": "2026-05-28T08:57:00Z",
    "satellite": 19,
    "flux": 8.629285730421543e-07,
    "observed_flux": 8.815090382086055e-07,
    "electron_correction": 1.8580449179239622e-08,
    "electron_contaminaton": false,
    "energy": "0.1-0.8nm"
}