{
  "time_tag": "2026-04-20T01:11:00Z",
  "satellite": 18,
  "flux": 4.3838264218720724E-7,
  "observed_flux": 4.923974188386637E-7,
  "electron_correction": 5.40147411243197E-8,
  "electron_contaminaton": false,
  "energy": "0.1-0.8nm"
}
