{
  "time_tag": "2026-02-12T14:46:00Z",
  "satellite": 18,
  "flux": 6.289128009484557E-7,
  "observed_flux": 6.559617418133712E-7,
  "electron_correction": 2.7048944417629173E-8,
  "electron_contaminaton": false,
  "energy": "0.1-0.8nm"
}
