{
  "time_tag": "2026-02-28T10:49:00Z",
  "satellite": 18,
  "flux": 0.0000015058959661473637,
  "observed_flux": 0.0000015346366808444145,
  "electron_correction": 2.8740709367980344E-8,
  "electron_contaminaton": false,
  "energy": "0.1-0.8nm"
}
