{
  "time_tag": "2025-12-07T09:21:00Z",
  "satellite": 18,
  "flux": 0.0000020168999981251545,
  "observed_flux": 0.000002027052232733695,
  "electron_correction": 1.0152205298652461E-8,
  "electron_contaminaton": false,
  "energy": "0.1-0.8nm"
}
