{
  "time_tag": "2026-04-21T05:08:00Z",
  "satellite": 18,
  "flux": 4.416187096012436E-7,
  "observed_flux": 4.5851237473470974E-7,
  "electron_correction": 1.6893674015250326E-8,
  "electron_contaminaton": false,
  "energy": "0.1-0.8nm"
}
