{
  "time_tag": "2026-02-14T12:42:00Z",
  "satellite": 18,
  "flux": 5.651269816553395E-7,
  "observed_flux": 5.894930836802814E-7,
  "electron_correction": 2.4366103801298777E-8,
  "electron_contaminaton": false,
  "energy": "0.1-0.8nm"
}
