{
    "time_tag": "2026-06-22T01:31:00Z",
    "satellite": 18,
    "flux": 1.1682207059493521e-06,
    "observed_flux": 1.1788873734985827e-06,
    "electron_correction": 1.0666586724994431e-08,
    "electron_contaminaton": false,
    "energy": "0.1-0.8nm"
}