{
    "time_tag": "2026-06-26T09:59:00Z",
    "satellite": 18,
    "flux": 2.033704731729813e-06,
    "observed_flux": 2.0621894236683147e-06,
    "electron_correction": 2.8484663516792352e-08,
    "electron_contaminaton": false,
    "energy": "0.1-0.8nm"
}