{
    "time_tag": "2026-05-22T21:20:00Z",
    "satellite": 18,
    "flux": 8.842874876791029e-07,
    "observed_flux": 9.21980642942799e-07,
    "electron_correction": 3.769315881640978e-08,
    "electron_contaminaton": false,
    "energy": "0.1-0.8nm"
}