{
  "time_tag": "2026-03-03T17:44:00Z",
  "satellite": 18,
  "flux": 6.540854542436136E-7,
  "observed_flux": 6.688888447570207E-7,
  "electron_correction": 1.4803384296158129E-8,
  "electron_contaminaton": false,
  "energy": "0.1-0.8nm"
}
