{
  "time_tag": "2026-05-18T21:05:00Z",
  "satellite": 18,
  "flux": 4.6901149630684813E-7,
  "observed_flux": 5.245357215244439E-7,
  "electron_correction": 5.552425363930524E-8,
  "electron_contaminaton": false,
  "energy": "0.1-0.8nm"
}
