{
  "time_tag": "2025-12-13T04:19:00Z",
  "satellite": 18,
  "flux": 0.0000016214430615946185,
  "observed_flux": 0.0000016367960142815718,
  "electron_correction": 1.5352938476098643E-8,
  "electron_contaminaton": false,
  "energy": "0.1-0.8nm"
}
