{
  "time_tag": "2026-05-01T03:11:00Z",
  "satellite": 18,
  "flux": 8.757130558478821E-7,
  "observed_flux": 8.79573917700327E-7,
  "electron_correction": 3.860831654378671E-9,
  "electron_contaminaton": false,
  "energy": "0.1-0.8nm"
}
