{
  "time_tag": "2026-05-19T02:14:00Z",
  "satellite": 18,
  "flux": 3.9054458511600387E-7,
  "observed_flux": 4.2581217485349043E-7,
  "electron_correction": 3.526759684291392E-8,
  "electron_contaminaton": false,
  "energy": "0.1-0.8nm"
}
