{
  "time_tag": "2026-01-28T15:19:00Z",
  "satellite": 18,
  "flux": 8.713375905244902E-7,
  "observed_flux": 0.0000010287346867698943,
  "electron_correction": 1.5739708203454938E-7,
  "electron_contaminaton": false,
  "energy": "0.1-0.8nm"
}
