{
  "time_tag": "2026-02-03T18:00:00Z",
  "satellite": 18,
  "flux": 0.000019206152501283213,
  "observed_flux": 0.00001922724004543852,
  "electron_correction": 2.108877517059682E-8,
  "electron_contaminaton": false,
  "energy": "0.1-0.8nm"
}
