{
  "time_tag": "2026-03-14T20:03:00Z",
  "satellite": 18,
  "flux": 0.000001161624140877393,
  "observed_flux": 0.0000012281295767024858,
  "electron_correction": 6.650548556308422E-8,
  "electron_contaminaton": false,
  "energy": "0.1-0.8nm"
}
