{
  "time_tag": "2026-04-24T19:30:00Z",
  "satellite": 18,
  "flux": 0.0000033777889711927855,
  "observed_flux": 0.0000034163651889684843,
  "electron_correction": 3.857639541138269E-8,
  "electron_contaminaton": false,
  "energy": "0.1-0.8nm"
}
