{
  "time_tag": "2026-05-23T10:41:00Z",
  "satellite": 18,
  "flux": 8.475425943288428E-7,
  "observed_flux": 8.648980838188436E-7,
  "electron_correction": 1.7355477055502888E-8,
  "electron_contaminaton": false,
  "energy": "0.1-0.8nm"
}
