{
    "time_tag": "2026-05-15T05:01:00Z",
    "satellite": 18,
    "flux": 6.089960038480058e-07,
    "observed_flux": 6.099877509768703e-07,
    "electron_correction": 9.91736470723481e-10,
    "electron_contaminaton": false,
    "energy": "0.1-0.8nm"
}