{
  "time_tag": "2026-04-18T23:40:00Z",
  "satellite": 18,
  "flux": 4.360274772352568E-7,
  "observed_flux": 4.592983202655887E-7,
  "electron_correction": 2.327083947761821E-8,
  "electron_contaminaton": false,
  "energy": "0.1-0.8nm"
}
