{
  "time_tag": "2026-03-21T10:20:00Z",
  "satellite": 18,
  "flux": 3.6575897865986917E-7,
  "observed_flux": 3.705663971231843E-7,
  "electron_correction": 4.807396702943834E-9,
  "electron_contaminaton": false,
  "energy": "0.1-0.8nm"
}
