{
  "time_tag": "2026-06-18T22:24:00Z",
  "satellite": 18,
  "flux": 7.342961794165603E-7,
  "observed_flux": 7.506174029003887E-7,
  "electron_correction": 1.6321184403977895E-8,
  "electron_contaminaton": false,
  "energy": "0.1-0.8nm"
}
