{
    "time_tag": "2026-05-08T07:59:00Z",
    "satellite": 18,
    "flux": 6.267358685363433e-07,
    "observed_flux": 6.279598210312543e-07,
    "electron_correction": 1.223981249687256e-09,
    "electron_contaminaton": false,
    "energy": "0.1-0.8nm"
}