{
    "time_tag": "2026-05-06T09:55:00Z",
    "satellite": 18,
    "flux": 5.165761649550404e-07,
    "observed_flux": 5.451191782412934e-07,
    "electron_correction": 2.8542970653688826e-08,
    "electron_contaminaton": false,
    "energy": "0.1-0.8nm"
}