{
  "time_tag": "2026-03-11T20:55:00Z",
  "satellite": 18,
  "flux": 6.707540478601004E-7,
  "observed_flux": 7.256626872731431E-7,
  "electron_correction": 5.4908660729324765E-8,
  "electron_contaminaton": false,
  "energy": "0.1-0.8nm"
}
