{
  "time_tag": "2026-02-27T20:39:00Z",
  "satellite": 18,
  "flux": 9.219538128490967E-7,
  "observed_flux": 9.646288390285918E-7,
  "electron_correction": 4.2675054601204465E-8,
  "electron_contaminaton": false,
  "energy": "0.1-0.8nm"
}
