{
    "time_tag": "2026-05-18T21:22:00Z",
    "satellite": 18,
    "flux": 4.829926183447242e-07,
    "observed_flux": 5.419620379143453e-07,
    "electron_correction": 5.896946575489892e-08,
    "electron_contaminaton": false,
    "energy": "0.1-0.8nm"
}