{
  "time_tag": "2026-01-29T01:28:00Z",
  "satellite": 18,
  "flux": 6.752160288669984E-7,
  "observed_flux": 7.235958605633641E-7,
  "electron_correction": 4.8379838801793085E-8,
  "electron_contaminaton": false,
  "energy": "0.1-0.8nm"
}
