{
    "time_tag": "2026-04-25T22:56:00Z",
    "satellite": 18,
    "flux": 1.739067329253885e-06,
    "observed_flux": 1.750766614350141e-06,
    "electron_correction": 1.169929042532658e-08,
    "electron_contaminaton": false,
    "energy": "0.1-0.8nm"
}