{
  "time_tag": "2025-12-06T20:22:00Z",
  "satellite": 18,
  "flux": 0.0000018228721501145628,
  "observed_flux": 0.0000018859444708141382,
  "electron_correction": 6.307229938329328E-8,
  "electron_contaminaton": false,
  "energy": "0.1-0.8nm"
}
