{
  "time_tag": "2026-05-09T04:13:00Z",
  "satellite": 18,
  "flux": 8.870972010299738E-7,
  "observed_flux": 9.068106123777397E-7,
  "electron_correction": 1.9713377596985993E-8,
  "electron_contaminaton": false,
  "energy": "0.1-0.8nm"
}
