{
    "time_tag": "2026-05-10T15:01:00Z",
    "satellite": 18,
    "flux": 4.424932285473915e-06,
    "observed_flux": 4.440549673745409e-06,
    "electron_correction": 1.561749840561788e-08,
    "electron_contaminaton": false,
    "energy": "0.1-0.8nm"
}