{
  "time_tag": "2026-05-13T03:07:00Z",
  "satellite": 18,
  "flux": 7.324152875298751E-7,
  "observed_flux": 7.421791679007583E-7,
  "electron_correction": 9.76385550188752E-9,
  "electron_contaminaton": false,
  "energy": "0.1-0.8nm"
}
