{
    "time_tag": "2026-06-11T02:22:00Z",
    "satellite": 18,
    "flux": 1.7065667634597048e-06,
    "observed_flux": 1.7436200323572848e-06,
    "electron_correction": 3.7053347057280916e-08,
    "electron_contaminaton": false,
    "energy": "0.1-0.8nm"
}