{
    "time_tag": "2026-05-13T22:31:00Z",
    "satellite": 18,
    "flux": 5.180785365155316e-07,
    "observed_flux": 5.257764996713377e-07,
    "electron_correction": 7.69794805677293e-09,
    "electron_contaminaton": false,
    "energy": "0.1-0.8nm"
}