{
  "time_tag": "2026-05-13T07:07:00Z",
  "satellite": 18,
  "flux": 7.894568625488319E-7,
  "observed_flux": 7.937230179777544E-7,
  "electron_correction": 4.266207387360055E-9,
  "electron_contaminaton": false,
  "energy": "0.1-0.8nm"
}
