{
  "time_tag": "2026-05-01T21:01:00Z",
  "satellite": 18,
  "flux": 0.0000010153620451092138,
  "observed_flux": 0.0000010745085319285863,
  "electron_correction": 5.914650103022723E-8,
  "electron_contaminaton": false,
  "energy": "0.1-0.8nm"
}
