{
    "time_tag": "2026-06-06T19:41:00Z",
    "satellite": 18,
    "flux": 1.1376394013495883e-06,
    "observed_flux": 1.1916133644263027e-06,
    "electron_correction": 5.397398084028282e-08,
    "electron_contaminaton": false,
    "energy": "0.1-0.8nm"
}