{
  "time_tag": "2026-03-03T14:44:00Z",
  "satellite": 18,
  "flux": 0.0000012904968116345117,
  "observed_flux": 0.0000012938230611325707,
  "electron_correction": 3.3261760012948116E-9,
  "electron_contaminaton": false,
  "energy": "0.1-0.8nm"
}
