{
    "time_tag": "2026-07-01T21:33:00Z",
    "satellite": 18,
    "flux": 4.591967808664776e-06,
    "observed_flux": 4.607586106430972e-06,
    "electron_correction": 1.5618290660768253e-08,
    "electron_contaminaton": false,
    "energy": "0.1-0.8nm"
}