{
  "time_tag": "2026-02-02T14:28:00Z",
  "satellite": 18,
  "flux": 0.000006791894065827364,
  "observed_flux": 0.000006806315013818676,
  "electron_correction": 1.4421289051824715E-8,
  "electron_contaminaton": false,
  "energy": "0.1-0.8nm"
}
