{
  "time_tag": "2026-05-16T18:35:00Z",
  "satellite": 18,
  "flux": 0.0000016629926449240884,
  "observed_flux": 0.000001815522864490049,
  "electron_correction": 1.5253019114425115E-7,
  "electron_contaminaton": false,
  "energy": "0.1-0.8nm"
}
