{
    "time_tag": "2026-04-29T14:29:00Z",
    "satellite": 18,
    "flux": 1.3372050489124376e-06,
    "observed_flux": 1.3436139170153183e-06,
    "electron_correction": 6.408762853737926e-09,
    "electron_contaminaton": false,
    "energy": "0.1-0.8nm"
}