{
    "time_tag": "2026-05-25T11:12:00Z",
    "satellite": 18,
    "flux": 1.0415301403554622e-06,
    "observed_flux": 1.0421315437270096e-06,
    "electron_correction": 6.01439675840254e-10,
    "electron_contaminaton": false,
    "energy": "0.1-0.8nm"
}