{
  "time_tag": "2026-04-19T09:48:00Z",
  "satellite": 18,
  "flux": 4.0577464233138016E-7,
  "observed_flux": 4.1793126115408086E-7,
  "electron_correction": 1.215659839459704E-8,
  "electron_contaminaton": false,
  "energy": "0.1-0.8nm"
}
