{
  "time_tag": "2026-01-31T01:52:00Z",
  "satellite": 18,
  "flux": 0.0000015808466287126066,
  "observed_flux": 0.0000016344773712262395,
  "electron_correction": 5.363072830277815E-8,
  "electron_contaminaton": false,
  "energy": "0.1-0.8nm"
}
