{
  "time_tag": "2026-02-12T22:41:00Z",
  "satellite": 18,
  "flux": 4.5800385350958095E-7,
  "observed_flux": 4.94688720209524E-7,
  "electron_correction": 3.668485248908837E-8,
  "electron_contaminaton": false,
  "energy": "0.1-0.8nm"
}
