{
  "time_tag": "2026-03-01T12:45:00Z",
  "satellite": 18,
  "flux": 0.0000012513248748291517,
  "observed_flux": 0.0000012687655726040248,
  "electron_correction": 1.7440662247736327E-8,
  "electron_contaminaton": false,
  "energy": "0.1-0.8nm"
}
