{
  "time_tag": "2025-12-21T09:18:00Z",
  "satellite": 18,
  "flux": 7.803226367286697E-7,
  "observed_flux": 7.807215638422349E-7,
  "electron_correction": 3.9891695502447533E-10,
  "electron_contaminaton": false,
  "energy": "0.1-0.8nm"
}
