{
  "time_tag": "2026-05-25T12:37:00Z",
  "satellite": 18,
  "flux": 0.0000013079359177936567,
  "observed_flux": 0.0000013083842986816308,
  "electron_correction": 4.4831627299402044E-10,
  "electron_contaminaton": false,
  "energy": "0.1-0.8nm"
}
