{
    "time_tag": "2026-06-06T18:37:00Z",
    "satellite": 18,
    "flux": 1.318447971243586e-06,
    "observed_flux": 1.3736608934777905e-06,
    "electron_correction": 5.521288315435413e-08,
    "electron_contaminaton": false,
    "energy": "0.1-0.8nm"
}