{
    "time_tag": "2026-04-24T19:58:00Z",
    "satellite": 18,
    "flux": 2.5300887500634417e-06,
    "observed_flux": 2.5686101707833586e-06,
    "electron_correction": 3.852143137805797e-08,
    "electron_contaminaton": false,
    "energy": "0.1-0.8nm"
}