{
  "time_tag": "2026-02-26T07:05:00Z",
  "satellite": 18,
  "flux": 9.38751668400073E-7,
  "observed_flux": 9.432405363440921E-7,
  "electron_correction": 4.488871940822037E-9,
  "electron_contaminaton": false,
  "energy": "0.1-0.8nm"
}
