{
  "time_tag": "2026-03-13T04:58:00Z",
  "satellite": 18,
  "flux": 0.0000015273726603481919,
  "observed_flux": 0.0000015479342891921988,
  "electron_correction": 2.056167858199842E-8,
  "electron_contaminaton": false,
  "energy": "0.1-0.8nm"
}
