{
    "time_tag": "2026-06-13T07:50:00Z",
    "satellite": 18,
    "flux": 6.161387204883795e-07,
    "observed_flux": 6.340972049656557e-07,
    "electron_correction": 1.795844539742575e-08,
    "electron_contaminaton": false,
    "energy": "0.1-0.8nm"
}