{
    "time_tag": "2026-05-01T16:50:00Z",
    "satellite": 18,
    "flux": 9.520840649202e-07,
    "observed_flux": 9.965557410396286e-07,
    "electron_correction": 4.447169388299699e-08,
    "electron_contaminaton": false,
    "energy": "0.1-0.8nm"
}