{
    "time_tag": "2026-07-01T05:16:00Z",
    "satellite": 18,
    "flux": 5.151187451701844e-06,
    "observed_flux": 5.158536168892169e-06,
    "electron_correction": 7.348947672625172e-09,
    "electron_contaminaton": false,
    "energy": "0.1-0.8nm"
}