{
  "time_tag": "2026-01-22T08:19:00Z",
  "satellite": 18,
  "flux": 0.0000014384330597749795,
  "observed_flux": 0.0000014666355809822562,
  "electron_correction": 2.8202547852629323E-8,
  "electron_contaminaton": false,
  "energy": "0.1-0.8nm"
}
