{
  "time_tag": "2026-05-23T15:46:00Z",
  "satellite": 18,
  "flux": 0.0000011946962104047998,
  "observed_flux": 0.000001219298610521946,
  "electron_correction": 2.4602337944656938E-8,
  "electron_contaminaton": false,
  "energy": "0.1-0.8nm"
}
