{
  "time_tag": "2026-05-06T15:54:00Z",
  "satellite": 18,
  "flux": 8.21205617285159E-7,
  "observed_flux": 8.618796414339158E-7,
  "electron_correction": 4.0674066781321017E-8,
  "electron_contaminaton": false,
  "energy": "0.1-0.8nm"
}
