{
  "time_tag": "2026-02-11T15:02:00Z",
  "satellite": 18,
  "flux": 0.000001350131356048223,
  "observed_flux": 0.0000013912465419707587,
  "electron_correction": 4.1115207238817675E-8,
  "electron_contaminaton": false,
  "energy": "0.1-0.8nm"
}
