{
  "time_tag": "2026-04-21T10:51:00Z",
  "satellite": 18,
  "flux": 6.569079005203093E-7,
  "observed_flux": 6.967158583393029E-7,
  "electron_correction": 3.980796492442096E-8,
  "electron_contaminaton": false,
  "energy": "0.1-0.8nm"
}
