{
    "time_tag": "2026-06-19T01:32:00Z",
    "satellite": 18,
    "flux": 5.449782065625186e-07,
    "observed_flux": 5.513652467925567e-07,
    "electron_correction": 6.387089968029613e-09,
    "electron_contaminaton": false,
    "energy": "0.1-0.8nm"
}