{
  "time_tag": "2026-03-30T16:08:00Z",
  "satellite": 18,
  "flux": 0.0000015519658518314827,
  "observed_flux": 0.0000015652756246709032,
  "electron_correction": 1.3309801261129905E-8,
  "electron_contaminaton": false,
  "energy": "0.1-0.8nm"
}
