{
    "time_tag": "2026-05-11T01:54:00Z",
    "satellite": 18,
    "flux": 8.348347932951583e-07,
    "observed_flux": 8.499522436977713e-07,
    "electron_correction": 1.5117404217335206e-08,
    "electron_contaminaton": false,
    "energy": "0.1-0.8nm"
}