{
  "time_tag": "2026-05-19T09:15:00Z",
  "satellite": 18,
  "flux": 3.471086813533475E-7,
  "observed_flux": 3.7829951793355576E-7,
  "electron_correction": 3.119082947478091E-8,
  "electron_contaminaton": false,
  "energy": "0.1-0.8nm"
}
