{
    "time_tag": "2026-07-01T22:38:00Z",
    "satellite": 18,
    "flux": 5.10410291099106e-06,
    "observed_flux": 5.1192273531341925e-06,
    "electron_correction": 1.512468017494939e-08,
    "electron_contaminaton": false,
    "energy": "0.1-0.8nm"
}