{
  "time_tag": "2026-03-03T14:15:00Z",
  "satellite": 18,
  "flux": 0.0000011921492841793224,
  "observed_flux": 0.0000011951672149734804,
  "electron_correction": 3.0179911902905587E-9,
  "electron_contaminaton": false,
  "energy": "0.1-0.8nm"
}
