{
  "time_tag": "2026-06-30T10:34:00Z",
  "satellite": 18,
  "flux": 0.00000166939298651414,
  "observed_flux": 0.0000016891486893655383,
  "electron_correction": 1.9755724167680455E-8,
  "electron_contaminaton": false,
  "energy": "0.1-0.8nm"
}
