{
    "time_tag": "2026-05-05T10:06:00Z",
    "satellite": 18,
    "flux": 8.117962693177105e-07,
    "observed_flux": 8.429659601461026e-07,
    "electron_correction": 3.116965885396894e-08,
    "electron_contaminaton": false,
    "energy": "0.1-0.8nm"
}