{
  "time_tag": "2026-04-25T05:21:00Z",
  "satellite": 18,
  "flux": 0.0000010193103889832855,
  "observed_flux": 0.000001021810703605297,
  "electron_correction": 2.5003119574762422E-9,
  "electron_contaminaton": false,
  "energy": "0.1-0.8nm"
}
