{
  "time_tag": "2026-01-03T17:17:00Z",
  "satellite": 18,
  "flux": 0.0000012259974937478546,
  "observed_flux": 0.0000012918791298943688,
  "electron_correction": 6.5881671673651E-8,
  "electron_contaminaton": false,
  "energy": "0.1-0.8nm"
}
