{
  "time_tag": "2026-05-02T20:59:00Z",
  "satellite": 18,
  "flux": 0.0000014858151189400814,
  "observed_flux": 0.000001529214841866633,
  "electron_correction": 4.3399726479265155E-8,
  "electron_contaminaton": false,
  "energy": "0.1-0.8nm"
}
