{
  "time_tag": "2026-03-06T12:08:00Z",
  "satellite": 18,
  "flux": 7.076658903315547E-7,
  "observed_flux": 7.084403250701143E-7,
  "electron_correction": 7.744150876121125E-10,
  "electron_contaminaton": false,
  "energy": "0.1-0.8nm"
}
