{
    "time_tag": "2026-04-23T22:22:00Z",
    "satellite": 18,
    "flux": 1.2911680187244201e-06,
    "observed_flux": 1.332453393843025e-06,
    "electron_correction": 4.1285360907750146e-08,
    "electron_contaminaton": false,
    "energy": "0.1-0.8nm"
}