{
  "time_tag": "2026-04-19T02:56:00Z",
  "satellite": 18,
  "flux": 3.3958758649532683E-7,
  "observed_flux": 3.5278645782454987E-7,
  "electron_correction": 1.3198848236584126E-8,
  "electron_contaminaton": false,
  "energy": "0.1-0.8nm"
}
