{
  "time_tag": "2026-02-05T16:10:00Z",
  "satellite": 18,
  "flux": 0.0000026499137675273232,
  "observed_flux": 0.000002662527094798861,
  "electron_correction": 1.2613234012803787E-8,
  "electron_contaminaton": false,
  "energy": "0.1-0.8nm"
}
