{
  "time_tag": "2026-06-13T08:03:00Z",
  "satellite": 18,
  "flux": 6.010607194184558E-7,
  "observed_flux": 6.287417022576847E-7,
  "electron_correction": 2.7680988168299336E-8,
  "electron_contaminaton": false,
  "energy": "0.1-0.8nm"
}
