{
  "time_tag": "2026-03-22T16:04:00Z",
  "satellite": 18,
  "flux": 6.904060114720778E-7,
  "observed_flux": 7.122131364667439E-7,
  "electron_correction": 2.1807091243886134E-8,
  "electron_contaminaton": false,
  "energy": "0.1-0.8nm"
}
