{
  "time_tag": "2025-12-21T20:18:00Z",
  "satellite": 18,
  "flux": 0.0000022785998226027004,
  "observed_flux": 0.0000023191994387161685,
  "electron_correction": 4.059962321889543E-8,
  "electron_contaminaton": false,
  "energy": "0.1-0.8nm"
}
