{
  "time_tag": "2026-01-18T02:55:00Z",
  "satellite": 18,
  "flux": 0.0000012504873438956565,
  "observed_flux": 0.0000012914407534481143,
  "electron_correction": 4.0953405999744064E-8,
  "electron_contaminaton": false,
  "energy": "0.1-0.8nm"
}
