{
  "time_tag": "2026-02-14T08:21:00Z",
  "satellite": 18,
  "flux": 4.900352905679028E-7,
  "observed_flux": 5.066119115326728E-7,
  "electron_correction": 1.6576583661276345E-8,
  "electron_contaminaton": false,
  "energy": "0.1-0.8nm"
}
