{
  "time_tag": "2026-02-14T20:49:00Z",
  "satellite": 18,
  "flux": 4.70157260679116E-7,
  "observed_flux": 5.052511369285639E-7,
  "electron_correction": 3.5093894013016325E-8,
  "electron_contaminaton": false,
  "energy": "0.1-0.8nm"
}
