{
  "time_tag": "2026-05-04T13:49:00Z",
  "satellite": 18,
  "flux": 9.441078532290703E-7,
  "observed_flux": 9.454359428673342E-7,
  "electron_correction": 1.328105847520078E-9,
  "electron_contaminaton": false,
  "energy": "0.1-0.8nm"
}
