{
  "time_tag": "2026-05-24T10:45:00Z",
  "satellite": 18,
  "flux": 0.0000011667389117064886,
  "observed_flux": 0.0000011738607099687215,
  "electron_correction": 7.121837342083381E-9,
  "electron_contaminaton": false,
  "energy": "0.1-0.8nm"
}
