{
    "time_tag": "2026-05-16T05:17:00Z",
    "satellite": 18,
    "flux": 3.9648421079618856e-07,
    "observed_flux": 4.159010984494671e-07,
    "electron_correction": 1.9416891205992215e-08,
    "electron_contaminaton": false,
    "energy": "0.1-0.8nm"
}