{
  "time_tag": "2026-02-28T12:22:00Z",
  "satellite": 18,
  "flux": 0.0000012022217106277822,
  "observed_flux": 0.0000012314837931626244,
  "electron_correction": 2.9262098522053748E-8,
  "electron_contaminaton": false,
  "energy": "0.1-0.8nm"
}
