{
  "time_tag": "2026-02-09T23:21:00Z",
  "satellite": 18,
  "flux": 0.0000014819154330325546,
  "observed_flux": 0.0000015214035329336184,
  "electron_correction": 3.9488121217345906E-8,
  "electron_contaminaton": false,
  "energy": "0.1-0.8nm"
}
