{
  "time_tag": "2025-12-07T13:23:00Z",
  "satellite": 18,
  "flux": 0.0000022906165213498753,
  "observed_flux": 0.0000023308155050472124,
  "electron_correction": 4.019889843220881E-8,
  "electron_contaminaton": false,
  "energy": "0.1-0.8nm"
}
