{
  "time_tag": "2026-01-19T04:33:00Z",
  "satellite": 18,
  "flux": 0.000002978072416226496,
  "observed_flux": 0.000003007238547070301,
  "electron_correction": 2.9166290715920695E-8,
  "electron_contaminaton": false,
  "energy": "0.1-0.8nm"
}
