{
  "time_tag": "2026-01-01T17:18:00Z",
  "satellite": 18,
  "flux": 0.0000011435807891757577,
  "observed_flux": 0.000001175622287519218,
  "electron_correction": 3.2041548081451765E-8,
  "electron_contaminaton": false,
  "energy": "0.1-0.8nm"
}
