{
  "time_tag": "2026-03-12T18:15:00Z",
  "satellite": 18,
  "flux": 7.118508165149251E-7,
  "observed_flux": 7.325334649976867E-7,
  "electron_correction": 2.068264315369106E-8,
  "electron_contaminaton": false,
  "energy": "0.1-0.8nm"
}
