{
  "time_tag": "2026-05-16T06:28:00Z",
  "satellite": 18,
  "flux": 4.888471494268742E-7,
  "observed_flux": 4.958662884746445E-7,
  "electron_correction": 7.0191412682163445E-9,
  "electron_contaminaton": false,
  "energy": "0.1-0.8nm"
}
