{
  "time_tag": "2026-03-11T11:23:00Z",
  "satellite": 18,
  "flux": 6.059628958610119E-7,
  "observed_flux": 6.326882271423528E-7,
  "electron_correction": 2.6725299306917805E-8,
  "electron_contaminaton": false,
  "energy": "0.1-0.8nm"
}
