{
  "time_tag": "2026-03-01T20:22:00Z",
  "satellite": 18,
  "flux": 0.0000016239059732470196,
  "observed_flux": 0.0000016742337720643263,
  "electron_correction": 5.032782368630251E-8,
  "electron_contaminaton": false,
  "energy": "0.1-0.8nm"
}
