{
    "time_tag": "2026-06-24T23:17:00Z",
    "satellite": 18,
    "flux": 1.2924325574203976e-06,
    "observed_flux": 1.2985680086785578e-06,
    "electron_correction": 6.135465469014889e-09,
    "electron_contaminaton": false,
    "energy": "0.1-0.8nm"
}