{
  "time_tag": "2026-01-27T16:19:00Z",
  "satellite": 18,
  "flux": 8.813485692371614E-7,
  "observed_flux": 9.316814839621657E-7,
  "electron_correction": 5.033292183043159E-8,
  "electron_contaminaton": false,
  "energy": "0.1-0.8nm"
}
