{
  "time_tag": "2026-06-06T10:10:00Z",
  "satellite": 18,
  "flux": 0.0000011511435786815127,
  "observed_flux": 0.0000011687864116538549,
  "electron_correction": 1.7642774352566448E-8,
  "electron_contaminaton": false,
  "energy": "0.1-0.8nm"
}
