{
  "time_tag": "2026-04-23T20:13:00Z",
  "satellite": 18,
  "flux": 0.0000022485787667392287,
  "observed_flux": 0.0000022913943666935666,
  "electron_correction": 4.281561771790621E-8,
  "electron_contaminaton": false,
  "energy": "0.1-0.8nm"
}
