{
    "time_tag": "2026-05-03T22:59:00Z",
    "satellite": 18,
    "flux": 8.363647907572158e-07,
    "observed_flux": 8.753387987781025e-07,
    "electron_correction": 3.897402933716876e-08,
    "electron_contaminaton": false,
    "energy": "0.1-0.8nm"
}