{
  "time_tag": "2026-02-11T17:04:00Z",
  "satellite": 18,
  "flux": 0.000001088307840291236,
  "observed_flux": 0.0000011339753882566583,
  "electron_correction": 4.566746270029398E-8,
  "electron_contaminaton": false,
  "energy": "0.1-0.8nm"
}
