{
  "time_tag": "2025-12-09T07:22:00Z",
  "satellite": 18,
  "flux": 0.000009902330020850059,
  "observed_flux": 0.000009918398063746281,
  "electron_correction": 1.6068188557483154E-8,
  "electron_contaminaton": false,
  "energy": "0.1-0.8nm"
}
