{
  "time_tag": "2026-02-10T20:27:00Z",
  "satellite": 18,
  "flux": 0.0000015300685163310845,
  "observed_flux": 0.0000015530441714872723,
  "electron_correction": 2.297569423603818E-8,
  "electron_contaminaton": false,
  "energy": "0.1-0.8nm"
}
