{
  "time_tag": "2026-01-05T16:19:00Z",
  "satellite": 18,
  "flux": 0.0000014098317251409753,
  "observed_flux": 0.000001447606337023899,
  "electron_correction": 3.777456569764581E-8,
  "electron_contaminaton": false,
  "energy": "0.1-0.8nm"
}
