{
  "time_tag": "2025-12-11T22:18:00Z",
  "satellite": 18,
  "flux": 0.000001184905613627052,
  "observed_flux": 0.0000012139644240960479,
  "electron_correction": 2.9058814021709622E-8,
  "electron_contaminaton": false,
  "energy": "0.1-0.8nm"
}
