{
  "time_tag": "2026-03-19T02:39:00Z",
  "satellite": 18,
  "flux": 2.8580447519743757E-7,
  "observed_flux": 3.01805499702823E-7,
  "electron_correction": 1.6001012070887555E-8,
  "electron_contaminaton": false,
  "energy": "0.1-0.8nm"
}
