{
  "time_tag": "2026-02-14T10:38:00Z",
  "satellite": 18,
  "flux": 4.865855203206593E-7,
  "observed_flux": 5.071481155027868E-7,
  "electron_correction": 2.056259695848439E-8,
  "electron_contaminaton": false,
  "energy": "0.1-0.8nm"
}
