{
  "time_tag": "2026-05-17T11:36:00Z",
  "satellite": 18,
  "flux": 0.0000010631464419930126,
  "observed_flux": 0.000001107518983189948,
  "electron_correction": 4.4372541196935344E-8,
  "electron_contaminaton": false,
  "energy": "0.1-0.8nm"
}
