{
  "time_tag": "2026-03-14T10:39:00Z",
  "satellite": 18,
  "flux": 6.5400280391259E-7,
  "observed_flux": 6.806862984376494E-7,
  "electron_correction": 2.6683441234354177E-8,
  "electron_contaminaton": false,
  "energy": "0.1-0.8nm"
}
