{
  "time_tag": "2026-02-07T13:13:00Z",
  "satellite": 18,
  "flux": 0.000001439957372895151,
  "observed_flux": 0.0000014695781374030048,
  "electron_correction": 2.9620810693131716E-8,
  "electron_contaminaton": false,
  "energy": "0.1-0.8nm"
}
