{
  "time_tag": "2026-02-27T14:47:00Z",
  "satellite": 18,
  "flux": 0.0000010967784191961982,
  "observed_flux": 0.0000011464038607300608,
  "electron_correction": 4.9625494824567795E-8,
  "electron_contaminaton": false,
  "energy": "0.1-0.8nm"
}
