{
  "time_tag": "2026-02-18T05:12:00Z",
  "satellite": 18,
  "flux": 0.0000011820259260275634,
  "observed_flux": 0.0000011925711760341073,
  "electron_correction": 1.054527576371811E-8,
  "electron_contaminaton": false,
  "energy": "0.1-0.8nm"
}
