{
  "time_tag": "2026-02-21T15:49:00Z",
  "satellite": 18,
  "flux": 3.585286094676121E-7,
  "observed_flux": 3.677451729799941E-7,
  "electron_correction": 9.216584828664054E-9,
  "electron_contaminaton": false,
  "energy": "0.1-0.8nm"
}
