{
  "time_tag": "2026-01-24T16:19:00Z",
  "satellite": 18,
  "flux": 0.0000014007259778736625,
  "observed_flux": 0.000001458949554944411,
  "electron_correction": 5.8223484700192785E-8,
  "electron_contaminaton": false,
  "energy": "0.1-0.8nm"
}
