{
    "time_tag": "2026-07-02T04:43:00Z",
    "satellite": 18,
    "flux": 3.0611636248067953e-06,
    "observed_flux": 3.068945034101489e-06,
    "electron_correction": 7.78135245127487e-09,
    "electron_contaminaton": false,
    "energy": "0.1-0.8nm"
}