{
  "time_tag": "2026-02-27T10:57:00Z",
  "satellite": 18,
  "flux": 8.522962389179156E-7,
  "observed_flux": 8.844191938806034E-7,
  "electron_correction": 3.2122994042538267E-8,
  "electron_contaminaton": false,
  "energy": "0.1-0.8nm"
}
