{
  "time_tag": "2026-01-14T21:19:00Z",
  "satellite": 18,
  "flux": 0.0000030008418434590567,
  "observed_flux": 0.0000030559240258298814,
  "electron_correction": 5.5082015393281836E-8,
  "electron_contaminaton": false,
  "energy": "0.1-0.8nm"
}
