{
  "time_tag": "2026-05-14T00:03:00Z",
  "satellite": 18,
  "flux": 6.987118581491814E-7,
  "observed_flux": 7.055359105834214E-7,
  "electron_correction": 6.824026232976621E-9,
  "electron_contaminaton": false,
  "energy": "0.1-0.8nm"
}
