{
  "time_tag": "2026-06-18T23:47:00Z",
  "satellite": 18,
  "flux": 4.2124818833144673E-7,
  "observed_flux": 4.33028247925904E-7,
  "electron_correction": 1.1780072917133566E-8,
  "electron_contaminaton": false,
  "energy": "0.1-0.8nm"
}
