{
  "time_tag": "2026-02-09T19:50:00Z",
  "satellite": 18,
  "flux": 0.0000015384991911560064,
  "observed_flux": 0.0000015717716905783163,
  "electron_correction": 3.327241060446795E-8,
  "electron_contaminaton": false,
  "energy": "0.1-0.8nm"
}
