{
  "time_tag": "2026-02-10T09:44:00Z",
  "satellite": 18,
  "flux": 0.0000015621715192537522,
  "observed_flux": 0.0000015703027429481153,
  "electron_correction": 8.131248563358895E-9,
  "electron_contaminaton": false,
  "energy": "0.1-0.8nm"
}
