{
  "time_tag": "2026-01-21T00:40:00Z",
  "satellite": 18,
  "flux": 0.0000016176202279893914,
  "observed_flux": 0.0000016627378727207542,
  "electron_correction": 4.511766249493121E-8,
  "electron_contaminaton": false,
  "energy": "0.1-0.8nm"
}
