{
  "time_tag": "2026-01-13T12:21:00Z",
  "satellite": 18,
  "flux": 0.000001382868504151702,
  "observed_flux": 0.0000014292129435489187,
  "electron_correction": 4.6344439397216775E-8,
  "electron_contaminaton": false,
  "energy": "0.1-0.8nm"
}
