{
    "time_tag": "2026-04-24T09:03:00Z",
    "satellite": 18,
    "flux": 6.994761406531325e-06,
    "observed_flux": 7.013304184511071e-06,
    "electron_correction": 1.854281350688325e-08,
    "electron_contaminaton": false,
    "energy": "0.1-0.8nm"
}