{
  "time_tag": "2026-04-22T08:31:00Z",
  "satellite": 18,
  "flux": 6.18619424130884E-7,
  "observed_flux": 6.402984240594378E-7,
  "electron_correction": 2.1679026573906413E-8,
  "electron_contaminaton": false,
  "energy": "0.1-0.8nm"
}
