{
  "time_tag": "2026-06-01T23:13:00Z",
  "satellite": 18,
  "flux": 6.786892754462315E-7,
  "observed_flux": 7.092307328093739E-7,
  "electron_correction": 3.054142183600561E-8,
  "electron_contaminaton": false,
  "energy": "0.1-0.8nm"
}
