{
  "time_tag": "2026-05-03T05:44:00Z",
  "satellite": 18,
  "flux": 0.0000010646152759363758,
  "observed_flux": 0.0000010693614740375779,
  "electron_correction": 4.746240733766172E-9,
  "electron_contaminaton": false,
  "energy": "0.1-0.8nm"
}
