{
  "time_tag": "2026-03-10T15:17:00Z",
  "satellite": 18,
  "flux": 6.502377232209255E-7,
  "observed_flux": 6.589328904738068E-7,
  "electron_correction": 8.695207220910106E-9,
  "electron_contaminaton": false,
  "energy": "0.1-0.8nm"
}
