{
  "time_tag": "2026-02-23T18:04:00Z",
  "satellite": 18,
  "flux": 3.936961832096131E-7,
  "observed_flux": 4.6094390881989966E-7,
  "electron_correction": 6.724771139943186E-8,
  "electron_contaminaton": false,
  "energy": "0.1-0.8nm"
}
