{
  "time_tag": "2026-02-14T05:20:00Z",
  "satellite": 18,
  "flux": 0.0000012353555121080717,
  "observed_flux": 0.0000012563340305860038,
  "electron_correction": 2.097843854187431E-8,
  "electron_contaminaton": false,
  "energy": "0.1-0.8nm"
}
