{
  "time_tag": "2025-12-14T22:18:00Z",
  "satellite": 18,
  "flux": 8.558838544558967E-7,
  "observed_flux": 9.015820410240849E-7,
  "electron_correction": 4.5698200779042963E-8,
  "electron_contaminaton": false,
  "energy": "0.1-0.8nm"
}
