{
  "time_tag": "2026-01-20T11:19:00Z",
  "satellite": 18,
  "flux": 0.0000012612506452569505,
  "observed_flux": 0.0000012640588238355122,
  "electron_correction": 2.8081250658118506E-9,
  "electron_contaminaton": false,
  "energy": "0.1-0.8nm"
}
