{
    "time_tag": "2026-05-04T23:56:00Z",
    "satellite": 18,
    "flux": 8.864420237841841e-07,
    "observed_flux": 9.00212683063728e-07,
    "electron_correction": 1.3770642404153932e-08,
    "electron_contaminaton": false,
    "energy": "0.1-0.8nm"
}