{
  "time_tag": "2026-06-29T05:17:00Z",
  "satellite": 18,
  "flux": 0.0000021143737285456154,
  "observed_flux": 0.000002136761850124458,
  "electron_correction": 2.2388112697058205E-8,
  "electron_contaminaton": false,
  "energy": "0.1-0.8nm"
}
