{
  "time_tag": "2025-12-10T05:22:00Z",
  "satellite": 18,
  "flux": 0.000002080847480101511,
  "observed_flux": 0.0000020848424355790485,
  "electron_correction": 3.994990116495956E-9,
  "electron_contaminaton": false,
  "energy": "0.1-0.8nm"
}
