{
  "time_tag": "2026-02-14T06:44:00Z",
  "satellite": 18,
  "flux": 6.089802013775625E-7,
  "observed_flux": 6.244830501600518E-7,
  "electron_correction": 1.5502859440630345E-8,
  "electron_contaminaton": false,
  "energy": "0.1-0.8nm"
}
