{
  "time_tag": "2026-03-13T23:38:00Z",
  "satellite": 18,
  "flux": 0.0000022526573957293294,
  "observed_flux": 0.000002252717649753322,
  "electron_correction": 6.030610039120532E-11,
  "electron_contaminaton": false,
  "energy": "0.1-0.8nm"
}
