{
  "time_tag": "2026-02-23T11:41:00Z",
  "satellite": 18,
  "flux": 3.5971649481325585E-7,
  "observed_flux": 3.888326318701729E-7,
  "electron_correction": 2.911613528056023E-8,
  "electron_contaminaton": false,
  "energy": "0.1-0.8nm"
}
