{
  "time_tag": "2026-03-14T15:22:00Z",
  "satellite": 18,
  "flux": 6.062376201043662E-7,
  "observed_flux": 6.46551086447289E-7,
  "electron_correction": 4.031348765920484E-8,
  "electron_contaminaton": false,
  "energy": "0.1-0.8nm"
}
