{
  "time_tag": "2026-05-03T06:43:00Z",
  "satellite": 18,
  "flux": 0.00000110883968318376,
  "observed_flux": 0.0000011130415487059508,
  "electron_correction": 4.201815340110215E-9,
  "electron_contaminaton": false,
  "energy": "0.1-0.8nm"
}
