{
  "time_tag": "2025-12-04T12:25:00Z",
  "satellite": 18,
  "flux": 0.000003070725597353885,
  "observed_flux": 0.000003125829380223877,
  "electron_correction": 5.510385392426542E-8,
  "electron_contaminaton": false,
  "energy": "0.1-0.8nm"
}
