{
  "time_tag": "2026-03-23T07:39:00Z",
  "satellite": 18,
  "flux": 0.0000011984983530055615,
  "observed_flux": 0.000001224383822773234,
  "electron_correction": 2.5885505294809263E-8,
  "electron_contaminaton": false,
  "energy": "0.1-0.8nm"
}
