{
  "time_tag": "2026-04-23T18:26:00Z",
  "satellite": 18,
  "flux": 0.0000016054151501521119,
  "observed_flux": 0.0000016440091030744952,
  "electron_correction": 3.859402752937058E-8,
  "electron_contaminaton": false,
  "energy": "0.1-0.8nm"
}
