{
  "time_tag": "2026-04-23T04:06:00Z",
  "satellite": 18,
  "flux": 8.590641300543211E-7,
  "observed_flux": 8.690884101270058E-7,
  "electron_correction": 1.0024273855435695E-8,
  "electron_contaminaton": false,
  "energy": "0.1-0.8nm"
}
