{
    "time_tag": "2026-05-13T22:58:00Z",
    "satellite": 18,
    "flux": 5.511198537533346e-07,
    "observed_flux": 5.57918440335925e-07,
    "electron_correction": 6.798546614561474e-09,
    "electron_contaminaton": false,
    "energy": "0.1-0.8nm"
}