{
  "time_tag": "2026-02-24T21:45:00Z",
  "satellite": 18,
  "flux": 0.0000020644588403229136,
  "observed_flux": 0.0000021378477867983747,
  "electron_correction": 7.338881147234133E-8,
  "electron_contaminaton": false,
  "energy": "0.1-0.8nm"
}
