{
  "time_tag": "2026-03-23T15:05:00Z",
  "satellite": 18,
  "flux": 7.621881081831816E-7,
  "observed_flux": 9.348383969154384E-7,
  "electron_correction": 1.7265027452140203E-7,
  "electron_contaminaton": false,
  "energy": "0.1-0.8nm"
}
