{
  "time_tag": "2025-12-08T18:23:00Z",
  "satellite": 18,
  "flux": 0.000001872610482678283,
  "observed_flux": 0.0000019005713056685636,
  "electron_correction": 2.7960835424778452E-8,
  "electron_contaminaton": false,
  "energy": "0.1-0.8nm"
}
