{
  "time_tag": "2026-03-30T23:26:00Z",
  "satellite": 18,
  "flux": 0.0000011915320783373318,
  "observed_flux": 0.0000012105382438676315,
  "electron_correction": 1.9006142437660856E-8,
  "electron_contaminaton": false,
  "energy": "0.1-0.8nm"
}
