{
  "time_tag": "2026-02-17T17:46:00Z",
  "satellite": 18,
  "flux": 6.307943181127484E-7,
  "observed_flux": 6.848076168353145E-7,
  "electron_correction": 5.401331293342082E-8,
  "electron_contaminaton": false,
  "energy": "0.1-0.8nm"
}
