{
    "time_tag": "2026-05-11T18:47:00Z",
    "satellite": 18,
    "flux": 7.167923286033329e-07,
    "observed_flux": 7.334668907788e-07,
    "electron_correction": 1.6674569280894502e-08,
    "electron_contaminaton": false,
    "energy": "0.1-0.8nm"
}