{
    "time_tag": "2026-05-23T19:06:00Z",
    "satellite": 18,
    "flux": 1.3720066363021033e-06,
    "observed_flux": 1.403167857461085e-06,
    "electron_correction": 3.116124602797754e-08,
    "electron_contaminaton": false,
    "energy": "0.1-0.8nm"
}