{
  "time_tag": "2026-03-01T21:21:00Z",
  "satellite": 18,
  "flux": 0.0000013295856433614972,
  "observed_flux": 0.0000013818309980706545,
  "electron_correction": 5.2245379578153006E-8,
  "electron_contaminaton": false,
  "energy": "0.1-0.8nm"
}
