{
  "time_tag": "2026-01-04T03:47:00Z",
  "satellite": 18,
  "flux": 9.664404387876857E-7,
  "observed_flux": 0.0000010013488918048097,
  "electron_correction": 3.4908456569837654E-8,
  "electron_contaminaton": false,
  "energy": "0.1-0.8nm"
}
