{
  "time_tag": "2025-12-07T05:20:00Z",
  "satellite": 18,
  "flux": 0.0000017603074411454145,
  "observed_flux": 0.0000017778629626263864,
  "electron_correction": 1.7555503717403553E-8,
  "electron_contaminaton": false,
  "energy": "0.1-0.8nm"
}
