{
  "time_tag": "2026-05-16T15:16:00Z",
  "satellite": 18,
  "flux": 0.0000018356905684413505,
  "observed_flux": 0.00000190634568753012,
  "electron_correction": 7.065521145932507E-8,
  "electron_contaminaton": false,
  "energy": "0.1-0.8nm"
}
