{
  "time_tag": "2025-12-09T03:37:00Z",
  "satellite": 18,
  "flux": 0.000001913091637106845,
  "observed_flux": 0.000001936263743118616,
  "electron_correction": 2.3171995877646623E-8,
  "electron_contaminaton": false,
  "energy": "0.1-0.8nm"
}
