{
  "time_tag": "2026-01-01T02:55:00Z",
  "satellite": 18,
  "flux": 0.00000175588570527907,
  "observed_flux": 0.000001762507622515841,
  "electron_correction": 6.621978521081928E-9,
  "electron_contaminaton": false,
  "energy": "0.1-0.8nm"
}
