{
  "time_tag": "2026-06-04T23:22:00Z",
  "satellite": 18,
  "flux": 0.0000011540743116711383,
  "observed_flux": 0.0000011651738986984128,
  "electron_correction": 1.1099568375527724E-8,
  "electron_contaminaton": false,
  "energy": "0.1-0.8nm"
}
