{
  "time_tag": "2026-03-19T22:55:00Z",
  "satellite": 18,
  "flux": 2.598399362341297E-7,
  "observed_flux": 2.8015068664899445E-7,
  "electron_correction": 2.0310771731146815E-8,
  "electron_contaminaton": false,
  "energy": "0.1-0.8nm"
}
