{
  "time_tag": "2026-03-17T11:55:00Z",
  "satellite": 18,
  "flux": 4.0821043967298465E-7,
  "observed_flux": 4.315731416681956E-7,
  "electron_correction": 2.3362696666140437E-8,
  "electron_contaminaton": false,
  "energy": "0.1-0.8nm"
}
