{
  "time_tag": "2026-04-26T15:45:00Z",
  "satellite": 18,
  "flux": 0.000002159696123271715,
  "observed_flux": 0.0000021713485693908297,
  "electron_correction": 1.1652632636582894E-8,
  "electron_contaminaton": false,
  "energy": "0.1-0.8nm"
}
