{
  "time_tag": "2026-05-12T23:33:00Z",
  "satellite": 18,
  "flux": 8.700786793269799E-7,
  "observed_flux": 8.81559856225067E-7,
  "electron_correction": 1.1481178674443981E-8,
  "electron_contaminaton": false,
  "energy": "0.1-0.8nm"
}
