{
  "time_tag": "2026-05-02T16:42:00Z",
  "satellite": 18,
  "flux": 0.0000012616136473297956,
  "observed_flux": 0.000001301139946008334,
  "electron_correction": 3.952630933667933E-8,
  "electron_contaminaton": false,
  "energy": "0.1-0.8nm"
}
