{
  "time_tag": "2026-02-25T03:35:00Z",
  "satellite": 18,
  "flux": 0.0000011733217206710833,
  "observed_flux": 0.0000012169537058071,
  "electron_correction": 4.3631963819734665E-8,
  "electron_contaminaton": false,
  "energy": "0.1-0.8nm"
}
