{
  "time_tag": "2025-12-16T01:49:00Z",
  "satellite": 18,
  "flux": 6.152354217192624E-7,
  "observed_flux": 6.57546763704886E-7,
  "electron_correction": 4.2311373960046694E-8,
  "electron_contaminaton": false,
  "energy": "0.1-0.8nm"
}
