{
  "time_tag": "2026-05-07T23:43:00Z",
  "satellite": 18,
  "flux": 6.447980922530405E-7,
  "observed_flux": 6.732512929374934E-7,
  "electron_correction": 2.8453230882519165E-8,
  "electron_contaminaton": false,
  "energy": "0.1-0.8nm"
}
