{
  "time_tag": "2026-05-29T14:23:00Z",
  "satellite": 18,
  "flux": 9.764622745933593E-7,
  "observed_flux": 9.992571676775697E-7,
  "electron_correction": 2.2794861109787234E-8,
  "electron_contaminaton": false,
  "energy": "0.1-0.8nm"
}
