{
  "time_tag": "2026-02-05T15:44:00Z",
  "satellite": 18,
  "flux": 0.0000023499044345953735,
  "observed_flux": 0.0000023621673790330533,
  "electron_correction": 1.2262820092701077E-8,
  "electron_contaminaton": false,
  "energy": "0.1-0.8nm"
}
