{
  "time_tag": "2026-03-03T12:18:00Z",
  "satellite": 18,
  "flux": 7.088506777108705E-7,
  "observed_flux": 7.103211601133808E-7,
  "electron_correction": 1.4704849560231992E-9,
  "electron_contaminaton": false,
  "energy": "0.1-0.8nm"
}
