{
    "time_tag": "2026-04-29T23:12:00Z",
    "satellite": 18,
    "flux": 9.84754592536774e-07,
    "observed_flux": 9.915281680150656e-07,
    "electron_correction": 6.77358924505711e-09,
    "electron_contaminaton": false,
    "energy": "0.1-0.8nm"
}