{
  "time_tag": "2026-03-15T06:05:00Z",
  "satellite": 18,
  "flux": 6.099895699662738E-7,
  "observed_flux": 6.159958161333634E-7,
  "electron_correction": 6.006234620770101E-9,
  "electron_contaminaton": false,
  "energy": "0.1-0.8nm"
}
