{
    "time_tag": "2026-05-01T23:52:00Z",
    "satellite": 18,
    "flux": 1.1316757309032255e-06,
    "observed_flux": 1.1831060646727565e-06,
    "electron_correction": 5.1430408376518244e-08,
    "electron_contaminaton": false,
    "energy": "0.1-0.8nm"
}