{
  "time_tag": "2026-02-18T07:57:00Z",
  "satellite": 18,
  "flux": 4.242340310156578E-7,
  "observed_flux": 4.4887028138873575E-7,
  "electron_correction": 2.463624859672109E-8,
  "electron_contaminaton": false,
  "energy": "0.1-0.8nm"
}
