{
    "time_tag": "2026-05-07T09:42:00Z",
    "satellite": 18,
    "flux": 8.985057320387568e-07,
    "observed_flux": 9.184545319840254e-07,
    "electron_correction": 1.994882303790746e-08,
    "electron_contaminaton": false,
    "energy": "0.1-0.8nm"
}