{
  "time_tag": "2026-05-28T02:58:00Z",
  "satellite": 19,
  "flux": 8.075305117927201E-7,
  "observed_flux": 8.301029197355092E-7,
  "electron_correction": 2.2572450575353287E-8,
  "electron_contaminaton": false,
  "energy": "0.1-0.8nm"
}
