{
  "time_tag": "2026-05-20T21:54:00Z",
  "satellite": 18,
  "flux": 6.300966219896509E-7,
  "observed_flux": 6.907351348672819E-7,
  "electron_correction": 6.063851998305836E-8,
  "electron_contaminaton": false,
  "energy": "0.1-0.8nm"
}
