{
    "time_tag": "2026-06-08T11:47:00Z",
    "satellite": 18,
    "flux": 1.1840024853881914e-06,
    "observed_flux": 1.191817887047364e-06,
    "electron_correction": 7.8153838956041e-09,
    "electron_contaminaton": false,
    "energy": "0.1-0.8nm"
}