{
  "time_tag": "2026-03-03T01:34:00Z",
  "satellite": 18,
  "flux": 0.0000011511498314575874,
  "observed_flux": 0.0000011730262485798448,
  "electron_correction": 2.1876401135045853E-8,
  "electron_contaminaton": false,
  "energy": "0.1-0.8nm"
}
