{
  "time_tag": "2026-01-31T17:22:00Z",
  "satellite": 18,
  "flux": 0.000001542399786558235,
  "observed_flux": 0.0000015957267578414758,
  "electron_correction": 5.3326981941381746E-8,
  "electron_contaminaton": false,
  "energy": "0.1-0.8nm"
}
