{
  "time_tag": "2026-03-04T19:26:00Z",
  "satellite": 18,
  "flux": 5.698391873920627E-7,
  "observed_flux": 6.120558282418642E-7,
  "electron_correction": 4.221666216608355E-8,
  "electron_contaminaton": false,
  "energy": "0.1-0.8nm"
}
