{
  "time_tag": "2026-05-11T12:26:00Z",
  "satellite": 18,
  "flux": 7.655397098460526E-7,
  "observed_flux": 7.745464927211287E-7,
  "electron_correction": 9.006783763254589E-9,
  "electron_contaminaton": false,
  "energy": "0.1-0.8nm"
}
