{
  "time_tag": "2026-02-07T07:38:00Z",
  "satellite": 18,
  "flux": 0.000001510286324446497,
  "observed_flux": 0.000001560553187118785,
  "electron_correction": 5.026685556686061E-8,
  "electron_contaminaton": false,
  "energy": "0.1-0.8nm"
}
