{
    "time_tag": "2026-06-30T20:45:00Z",
    "satellite": 18,
    "flux": 4.5351054723141715e-05,
    "observed_flux": 4.5366490667220205e-05,
    "electron_correction": 1.5435515976491843e-08,
    "electron_contaminaton": false,
    "energy": "0.1-0.8nm"
}