{
  "time_tag": "2026-03-06T07:15:00Z",
  "satellite": 18,
  "flux": 6.572026904905215E-7,
  "observed_flux": 6.576293571924907E-7,
  "electron_correction": 4.266328124113983E-10,
  "electron_contaminaton": false,
  "energy": "0.1-0.8nm"
}
