{
  "time_tag": "2026-05-01T22:29:00Z",
  "satellite": 18,
  "flux": 9.771405302672065E-7,
  "observed_flux": 0.0000010354259529776755,
  "electron_correction": 5.8285387183332205E-8,
  "electron_contaminaton": false,
  "energy": "0.1-0.8nm"
}
