{
  "time_tag": "2026-03-30T07:09:00Z",
  "satellite": 18,
  "flux": 0.000005857064024894498,
  "observed_flux": 0.000005864461854798719,
  "electron_correction": 7.397598977831876E-9,
  "electron_contaminaton": false,
  "energy": "0.1-0.8nm"
}
