{
    "time_tag": "2026-04-24T22:26:00Z",
    "satellite": 18,
    "flux": 1.9324725144542754e-06,
    "observed_flux": 1.951313379322528e-06,
    "electron_correction": 1.884097855509026e-08,
    "electron_contaminaton": false,
    "energy": "0.1-0.8nm"
}