{
  "time_tag": "2026-02-19T17:30:00Z",
  "satellite": 18,
  "flux": 4.2695441493378894E-7,
  "observed_flux": 4.689306081218092E-7,
  "electron_correction": 4.1976182529879225E-8,
  "electron_contaminaton": false,
  "energy": "0.1-0.8nm"
}
