{
  "time_tag": "2026-06-08T21:19:00Z",
  "satellite": 18,
  "flux": 7.661522545276966E-7,
  "observed_flux": 8.127480555231159E-7,
  "electron_correction": 4.659579744270559E-8,
  "electron_contaminaton": false,
  "energy": "0.1-0.8nm"
}
