{
  "time_tag": "2026-06-10T05:24:00Z",
  "satellite": 18,
  "flux": 8.980352959042648E-7,
  "observed_flux": 9.093581070374057E-7,
  "electron_correction": 1.1322808468605672E-8,
  "electron_contaminaton": false,
  "energy": "0.1-0.8nm"
}
