{
  "time_tag": "2026-02-21T14:05:00Z",
  "satellite": 18,
  "flux": 3.479535450878757E-7,
  "observed_flux": 3.5516120533429785E-7,
  "electron_correction": 7.207661134600585E-9,
  "electron_contaminaton": false,
  "energy": "0.1-0.8nm"
}
