{
    "time_tag": "2026-06-12T20:13:00Z",
    "satellite": 18,
    "flux": 1.427280380994489e-06,
    "observed_flux": 1.4728451560586109e-06,
    "electron_correction": 4.556487454010494e-08,
    "electron_contaminaton": false,
    "energy": "0.1-0.8nm"
}