{
  "time_tag": "2026-06-29T21:42:00Z",
  "satellite": 18,
  "flux": 0.000014386198927240912,
  "observed_flux": 0.000014417788406717591,
  "electron_correction": 3.159015093956441E-8,
  "electron_contaminaton": false,
  "energy": "0.1-0.8nm"
}
