{
  "time_tag": "2025-12-05T17:21:00Z",
  "satellite": 18,
  "flux": 0.000001797966092453862,
  "observed_flux": 0.0000018520066760174814,
  "electron_correction": 5.404060132718769E-8,
  "electron_contaminaton": false,
  "energy": "0.1-0.8nm"
}
