{
  "time_tag": "2026-05-24T21:02:00Z",
  "satellite": 18,
  "flux": 8.033273957153142E-7,
  "observed_flux": 8.177441941370489E-7,
  "electron_correction": 1.441680375080523E-8,
  "electron_contaminaton": false,
  "energy": "0.1-0.8nm"
}
