{
  "time_tag": "2026-01-18T12:20:00Z",
  "satellite": 18,
  "flux": 0.000001574820430505497,
  "observed_flux": 0.0000016178871646843618,
  "electron_correction": 4.3066787469570045E-8,
  "electron_contaminaton": false,
  "energy": "0.1-0.8nm"
}
