{
  "time_tag": "2026-05-08T23:30:00Z",
  "satellite": 18,
  "flux": 0.0000024143796508724336,
  "observed_flux": 0.000002457986511217314,
  "electron_correction": 4.360694916272223E-8,
  "electron_contaminaton": false,
  "energy": "0.1-0.8nm"
}
