{
  "time_tag": "2026-06-04T20:24:00Z",
  "satellite": 18,
  "flux": 0.0000014437698609981453,
  "observed_flux": 0.000001455749043088872,
  "electron_correction": 1.1979190972510878E-8,
  "electron_contaminaton": false,
  "energy": "0.1-0.8nm"
}
