{
  "time_tag": "2026-03-13T14:43:00Z",
  "satellite": 18,
  "flux": 0.0000010315217195966397,
  "observed_flux": 0.0000010391418072686065,
  "electron_correction": 7.620179154343987E-9,
  "electron_contaminaton": false,
  "energy": "0.1-0.8nm"
}
