{
  "time_tag": "2026-06-07T13:37:00Z",
  "satellite": 18,
  "flux": 0.0000012810726275347406,
  "observed_flux": 0.0000013157164175936487,
  "electron_correction": 3.4643750979057586E-8,
  "electron_contaminaton": false,
  "energy": "0.1-0.8nm"
}
