{
    "time_tag": "2026-06-02T02:25:00Z",
    "satellite": 18,
    "flux": 8.16806903003453e-07,
    "observed_flux": 8.398119462071918e-07,
    "electron_correction": 2.3005028992884036e-08,
    "electron_contaminaton": false,
    "energy": "0.1-0.8nm"
}