{
  "time_tag": "2026-02-03T00:48:00Z",
  "satellite": 18,
  "flux": 0.000007709397323196754,
  "observed_flux": 0.00000773084866523277,
  "electron_correction": 2.145121236196701E-8,
  "electron_contaminaton": false,
  "energy": "0.1-0.8nm"
}
