{
  "time_tag": "2026-03-24T13:30:00Z",
  "satellite": 18,
  "flux": 7.408160627164762E-7,
  "observed_flux": 7.98062615103845E-7,
  "electron_correction": 5.724653817651415E-8,
  "electron_contaminaton": false,
  "energy": "0.1-0.8nm"
}
