{
    "time_tag": "2026-06-26T04:53:00Z",
    "satellite": 18,
    "flux": 1.3511876204574946e-06,
    "observed_flux": 1.37577160330693e-06,
    "electron_correction": 2.4584007718431167e-08,
    "electron_contaminaton": false,
    "energy": "0.1-0.8nm"
}