{
    "time_tag": "2026-06-09T16:20:00Z",
    "satellite": 18,
    "flux": 1.2058145557602984e-06,
    "observed_flux": 1.2483385489758803e-06,
    "electron_correction": 4.252397900472715e-08,
    "electron_contaminaton": false,
    "energy": "0.1-0.8nm"
}