{
  "time_tag": "2025-12-10T07:22:00Z",
  "satellite": 18,
  "flux": 0.0000014356949122884544,
  "observed_flux": 0.0000014367973335538409,
  "electron_correction": 1.1024270385462387E-9,
  "electron_contaminaton": false,
  "energy": "0.1-0.8nm"
}
