{
  "time_tag": "2026-03-25T15:38:00Z",
  "satellite": 18,
  "flux": 0.000001326151618741278,
  "observed_flux": 0.0000013636702078656526,
  "electron_correction": 3.7518596229801915E-8,
  "electron_contaminaton": false,
  "energy": "0.1-0.8nm"
}
