{
    "time_tag": "2026-05-21T17:49:00Z",
    "satellite": 18,
    "flux": 8.120247230181121e-07,
    "observed_flux": 8.610176678303105e-07,
    "electron_correction": 4.899298389204887e-08,
    "electron_contaminaton": false,
    "energy": "0.1-0.8nm"
}