{
  "time_tag": "2026-05-11T21:07:00Z",
  "satellite": 18,
  "flux": 5.560387421610358E-7,
  "observed_flux": 5.728334713239747E-7,
  "electron_correction": 1.6794691859445265E-8,
  "electron_contaminaton": false,
  "energy": "0.1-0.8nm"
}
