{
  "time_tag": "2026-01-03T11:17:00Z",
  "satellite": 18,
  "flux": 0.0000012737993984046625,
  "observed_flux": 0.0000012920419294459862,
  "electron_correction": 1.8242532817680512E-8,
  "electron_contaminaton": false,
  "energy": "0.1-0.8nm"
}
