{
    "time_tag": "2026-06-09T08:45:00Z",
    "satellite": 18,
    "flux": 9.785576366994064e-07,
    "observed_flux": 1.0097893436977756e-06,
    "electron_correction": 3.123176028907437e-08,
    "electron_contaminaton": false,
    "energy": "0.1-0.8nm"
}