{
  "time_tag": "2026-04-24T23:45:00Z",
  "satellite": 18,
  "flux": 0.0000015775763131387066,
  "observed_flux": 0.0000015870928109507076,
  "electron_correction": 9.516580412594067E-9,
  "electron_contaminaton": false,
  "energy": "0.1-0.8nm"
}
