{
  "time_tag": "2026-05-10T18:00:00Z",
  "satellite": 18,
  "flux": 0.0000011289330359431915,
  "observed_flux": 0.00000114995464173262,
  "electron_correction": 2.1021515195229767E-8,
  "electron_contaminaton": false,
  "energy": "0.1-0.8nm"
}
