{
  "time_tag": "2026-02-20T04:49:00Z",
  "satellite": 18,
  "flux": 5.021508968638955E-7,
  "observed_flux": 5.248269303592679E-7,
  "electron_correction": 2.267604415351343E-8,
  "electron_contaminaton": false,
  "energy": "0.1-0.8nm"
}
