{
  "time_tag": "2026-03-29T17:55:00Z",
  "satellite": 18,
  "flux": 0.0000013886095757698058,
  "observed_flux": 0.0000014030987358637503,
  "electron_correction": 1.448921871372022E-8,
  "electron_contaminaton": false,
  "energy": "0.1-0.8nm"
}
