{
  "time_tag": "2026-03-19T15:00:00Z",
  "satellite": 18,
  "flux": 3.684719160901295E-7,
  "observed_flux": 3.839917610548582E-7,
  "electron_correction": 1.5519841412015012E-8,
  "electron_contaminaton": false,
  "energy": "0.1-0.8nm"
}
