{
  "time_tag": "2026-01-10T14:18:00Z",
  "satellite": 18,
  "flux": 5.679133323610586E-7,
  "observed_flux": 6.019834586368233E-7,
  "electron_correction": 3.407015825018789E-8,
  "electron_contaminaton": false,
  "energy": "0.1-0.8nm"
}
