{
    "time_tag": "2026-06-30T19:14:00Z",
    "satellite": 18,
    "flux": 2.6974912543664686e-06,
    "observed_flux": 2.7157909698871663e-06,
    "electron_correction": 1.8299624926498836e-08,
    "electron_contaminaton": false,
    "energy": "0.1-0.8nm"
}