{
  "time_tag": "2026-02-08T06:12:00Z",
  "satellite": 18,
  "flux": 0.000005183671873965068,
  "observed_flux": 0.0000052110453907516785,
  "electron_correction": 2.7373580735456926E-8,
  "electron_contaminaton": false,
  "energy": "0.1-0.8nm"
}
