{
  "time_tag": "2026-05-22T20:04:00Z",
  "satellite": 18,
  "flux": 7.567111879325239E-7,
  "observed_flux": 7.941514468257083E-7,
  "electron_correction": 3.744027665675276E-8,
  "electron_contaminaton": false,
  "energy": "0.1-0.8nm"
}
