{
  "time_tag": "2026-05-30T09:12:00Z",
  "satellite": 18,
  "flux": 0.0000012512333569247858,
  "observed_flux": 0.000001262902742382721,
  "electron_correction": 1.1669394339719474E-8,
  "electron_contaminaton": false,
  "energy": "0.1-0.8nm"
}
