{
  "time_tag": "2026-03-29T11:24:00Z",
  "satellite": 18,
  "flux": 9.76806290964305E-7,
  "observed_flux": 9.816633337322855E-7,
  "electron_correction": 4.8569690491717665E-9,
  "electron_contaminaton": false,
  "energy": "0.1-0.8nm"
}
