{
    "time_tag": "2026-06-28T10:05:00Z",
    "satellite": 18,
    "flux": 2.2538060875376686e-06,
    "observed_flux": 2.2810811515228124e-06,
    "electron_correction": 2.727514925027208e-08,
    "electron_contaminaton": false,
    "energy": "0.1-0.8nm"
}