{
  "time_tag": "2026-06-22T02:35:00Z",
  "satellite": 18,
  "flux": 6.684674644930055E-7,
  "observed_flux": 6.768463549633452E-7,
  "electron_correction": 8.378859384094994E-9,
  "electron_contaminaton": false,
  "energy": "0.1-0.8nm"
}
