{
  "time_tag": "2026-07-02T10:50:00Z",
  "satellite": 18,
  "flux": 0.000004754706424137112,
  "observed_flux": 0.000004762026946991682,
  "electron_correction": 7.3203123562848305E-9,
  "electron_contaminaton": false,
  "energy": "0.1-0.8nm"
}
