{
  "time_tag": "2026-01-06T21:18:00Z",
  "satellite": 18,
  "flux": 0.000001068110123014776,
  "observed_flux": 0.0000011011243259417824,
  "electron_correction": 3.3014210032433766E-8,
  "electron_contaminaton": false,
  "energy": "0.1-0.8nm"
}
