{
  "time_tag": "2025-12-05T12:24:00Z",
  "satellite": 18,
  "flux": 0.000001672474581937422,
  "observed_flux": 0.0000016918338587856852,
  "electron_correction": 1.9359246650196837E-8,
  "electron_contaminaton": false,
  "energy": "0.1-0.8nm"
}
