{
    "time_tag": "2026-05-12T20:47:00Z",
    "satellite": 18,
    "flux": 6.307989224296762e-07,
    "observed_flux": 6.439267394853232e-07,
    "electron_correction": 1.3127824161074386e-08,
    "electron_contaminaton": false,
    "energy": "0.1-0.8nm"
}