{
  "time_tag": "2026-02-27T09:43:00Z",
  "satellite": 18,
  "flux": 8.933864705795713E-7,
  "observed_flux": 9.398960401085787E-7,
  "electron_correction": 4.650953755458431E-8,
  "electron_contaminaton": false,
  "energy": "0.1-0.8nm"
}
