{
  "time_tag": "2026-05-23T13:04:00Z",
  "satellite": 18,
  "flux": 0.0000010685773759178119,
  "observed_flux": 0.0000010871775657506078,
  "electron_correction": 1.860012233123598E-8,
  "electron_contaminaton": false,
  "energy": "0.1-0.8nm"
}
