{
  "time_tag": "2026-06-26T20:18:00Z",
  "satellite": 18,
  "flux": 0.0000020107991076656617,
  "observed_flux": 0.000002083498202409828,
  "electron_correction": 7.269905921702957E-8,
  "electron_contaminaton": false,
  "energy": "0.1-0.8nm"
}
