{
  "time_tag": "2026-03-24T00:41:00Z",
  "satellite": 18,
  "flux": 6.57983321161737E-7,
  "observed_flux": 7.236748729155806E-7,
  "electron_correction": 6.569154464841631E-8,
  "electron_contaminaton": false,
  "energy": "0.1-0.8nm"
}
