{
  "time_tag": "2026-01-14T07:19:00Z",
  "satellite": 18,
  "flux": 0.0000015403364841404255,
  "observed_flux": 0.0000015767228660479304,
  "electron_correction": 3.638642098735545E-8,
  "electron_contaminaton": false,
  "energy": "0.1-0.8nm"
}
