{
  "time_tag": "2025-12-29T08:19:00Z",
  "satellite": 18,
  "flux": 0.00000423875553678954,
  "observed_flux": 0.000004244202955305809,
  "electron_correction": 5.447374107347969E-9,
  "electron_contaminaton": false,
  "energy": "0.1-0.8nm"
}
