{
  "time_tag": "2026-06-25T19:37:00Z",
  "satellite": 18,
  "flux": 0.0000013005806067667436,
  "observed_flux": 0.0000013891074104321888,
  "electron_correction": 8.852691024685555E-8,
  "electron_contaminaton": false,
  "energy": "0.1-0.8nm"
}
