{
  "time_tag": "2026-03-21T19:06:00Z",
  "satellite": 18,
  "flux": 4.334479797307722E-7,
  "observed_flux": 4.483168254409975E-7,
  "electron_correction": 1.4868831499370572E-8,
  "electron_contaminaton": false,
  "energy": "0.1-0.8nm"
}
