{
    "time_tag": "2026-06-25T13:23:00Z",
    "satellite": 18,
    "flux": 1.95715733752877e-06,
    "observed_flux": 1.9708154468389694e-06,
    "electron_correction": 1.3658117303805284e-08,
    "electron_contaminaton": false,
    "energy": "0.1-0.8nm"
}