{
  "time_tag": "2026-02-26T19:56:00Z",
  "satellite": 18,
  "flux": 8.688660386724223E-7,
  "observed_flux": 9.368213795823976E-7,
  "electron_correction": 6.795531959369328E-8,
  "electron_contaminaton": false,
  "energy": "0.1-0.8nm"
}
