{
  "time_tag": "2026-02-08T17:04:00Z",
  "satellite": 18,
  "flux": 0.000003244397930757259,
  "observed_flux": 0.0000032953118989098584,
  "electron_correction": 5.091399657430884E-8,
  "electron_contaminaton": false,
  "energy": "0.1-0.8nm"
}
