{
    "time_tag": "2026-05-19T10:04:00Z",
    "satellite": 18,
    "flux": 3.5949850030192465e-07,
    "observed_flux": 3.8307757677102927e-07,
    "electron_correction": 2.357907824546146e-08,
    "electron_contaminaton": false,
    "energy": "0.1-0.8nm"
}