{
  "time_tag": "2025-12-10T01:52:00Z",
  "satellite": 18,
  "flux": 0.000003805807637036196,
  "observed_flux": 0.000003823325187113369,
  "electron_correction": 1.751763356594438E-8,
  "electron_contaminaton": false,
  "energy": "0.1-0.8nm"
}
