{
    "time_tag": "2026-06-10T23:42:00Z",
    "satellite": 18,
    "flux": 2.6231107312923996e-06,
    "observed_flux": 2.6737520784081426e-06,
    "electron_correction": 5.064135066845665e-08,
    "electron_contaminaton": false,
    "energy": "0.1-0.8nm"
}