{
  "time_tag": "2026-03-29T07:22:00Z",
  "satellite": 18,
  "flux": 0.0000010891351394093363,
  "observed_flux": 0.0000010964944294755696,
  "electron_correction": 7.359270526308137E-9,
  "electron_contaminaton": false,
  "energy": "0.1-0.8nm"
}
