{
  "time_tag": "2026-03-21T06:11:00Z",
  "satellite": 18,
  "flux": 3.940535862057004E-7,
  "observed_flux": 3.9651507677263E-7,
  "electron_correction": 2.4614925653310138E-9,
  "electron_contaminaton": false,
  "energy": "0.1-0.8nm"
}
