{
  "time_tag": "2026-05-11T16:47:00Z",
  "satellite": 18,
  "flux": 9.285724331675738E-7,
  "observed_flux": 9.455289955440094E-7,
  "electron_correction": 1.6956610338070277E-8,
  "electron_contaminaton": false,
  "energy": "0.1-0.8nm"
}
