{
  "time_tag": "2026-02-06T05:34:00Z",
  "satellite": 18,
  "flux": 0.0000010960202416754328,
  "observed_flux": 0.0000011039738865292748,
  "electron_correction": 7.953592451315217E-9,
  "electron_contaminaton": false,
  "energy": "0.1-0.8nm"
}
