{
  "time_tag": "2026-02-07T04:15:00Z",
  "satellite": 18,
  "flux": 0.0000016525538057976519,
  "observed_flux": 0.0000016777491964603541,
  "electron_correction": 2.5195474151473718E-8,
  "electron_contaminaton": false,
  "energy": "0.1-0.8nm"
}
