{
  "time_tag": "2026-03-28T12:25:00Z",
  "satellite": 18,
  "flux": 0.0000023501054329244653,
  "observed_flux": 0.000002351754574192455,
  "electron_correction": 1.6491951138064564E-9,
  "electron_contaminaton": false,
  "energy": "0.1-0.8nm"
}
