{
  "time_tag": "2026-02-14T16:53:00Z",
  "satellite": 18,
  "flux": 4.562574815736298E-7,
  "observed_flux": 5.066984840595978E-7,
  "electron_correction": 5.0441038013104844E-8,
  "electron_contaminaton": false,
  "energy": "0.1-0.8nm"
}
