{
    "time_tag": "2026-06-17T12:18:00Z",
    "satellite": 18,
    "flux": 1.053840492204472e-06,
    "observed_flux": 1.0611777270241873e-06,
    "electron_correction": 7.337233931536957e-09,
    "electron_contaminaton": false,
    "energy": "0.1-0.8nm"
}