{
  "time_tag": "2026-06-14T15:39:00Z",
  "satellite": 18,
  "flux": 5.01279998843529E-7,
  "observed_flux": 5.322424954101734E-7,
  "electron_correction": 3.0962464592221295E-8,
  "electron_contaminaton": false,
  "energy": "0.1-0.8nm"
}
