{
  "time_tag": "2026-03-19T13:41:00Z",
  "satellite": 18,
  "flux": 2.84865421917857E-7,
  "observed_flux": 2.9749011787316704E-7,
  "electron_correction": 1.262471549523525E-8,
  "electron_contaminaton": false,
  "energy": "0.1-0.8nm"
}
