{
  "time_tag": "2026-03-22T16:40:00Z",
  "satellite": 18,
  "flux": 0.0000010271312476106687,
  "observed_flux": 0.0000011300966207272722,
  "electron_correction": 1.0296539443288566E-7,
  "electron_contaminaton": false,
  "energy": "0.1-0.8nm"
}
