{
  "time_tag": "2026-05-18T23:33:00Z",
  "satellite": 18,
  "flux": 4.770877239934634E-7,
  "observed_flux": 5.231505042502249E-7,
  "electron_correction": 4.60628086784709E-8,
  "electron_contaminaton": false,
  "energy": "0.1-0.8nm"
}
