{
  "time_tag": "2026-02-22T14:05:00Z",
  "satellite": 18,
  "flux": 4.580850543334236E-7,
  "observed_flux": 4.617213278379495E-7,
  "electron_correction": 3.636272616347469E-9,
  "electron_contaminaton": false,
  "energy": "0.1-0.8nm"
}
