{
    "time_tag": "2026-05-26T06:13:00Z",
    "satellite": 18,
    "flux": 1.4627606788053527e-06,
    "observed_flux": 1.465062155148189e-06,
    "electron_correction": 2.301546730976156e-09,
    "electron_contaminaton": false,
    "energy": "0.1-0.8nm"
}