{
  "time_tag": "2026-07-02T06:23:00Z",
  "satellite": 18,
  "flux": 0.000003600612672016723,
  "observed_flux": 0.000003607516418924206,
  "electron_correction": 6.903646099232219E-9,
  "electron_contaminaton": false,
  "energy": "0.1-0.8nm"
}
