{
  "time_tag": "2026-02-27T20:21:00Z",
  "satellite": 18,
  "flux": 0.000001206944716614089,
  "observed_flux": 0.0000012472356729631429,
  "electron_correction": 4.0290988323476995E-8,
  "electron_contaminaton": false,
  "energy": "0.1-0.8nm"
}
