{
  "time_tag": "2025-12-19T21:18:00Z",
  "satellite": 18,
  "flux": 0.000001072892246156698,
  "observed_flux": 0.0000011313742334095878,
  "electron_correction": 5.848201212188542E-8,
  "electron_contaminaton": false,
  "energy": "0.1-0.8nm"
}
