{
  "time_tag": "2026-03-28T10:06:00Z",
  "satellite": 18,
  "flux": 0.0000022547139906237135,
  "observed_flux": 0.0000022602507669944316,
  "electron_correction": 5.5365969586773645E-9,
  "electron_contaminaton": false,
  "energy": "0.1-0.8nm"
}
