{
  "time_tag": "2025-12-22T02:50:00Z",
  "satellite": 18,
  "flux": 0.0000010378779506936553,
  "observed_flux": 0.0000010519902389205527,
  "electron_correction": 1.4112379709274592E-8,
  "electron_contaminaton": false,
  "energy": "0.1-0.8nm"
}
