{
  "time_tag": "2026-01-01T12:20:00Z",
  "satellite": 18,
  "flux": 0.0000010169801498705056,
  "observed_flux": 0.0000010179238643104327,
  "electron_correction": 9.4366148228886E-10,
  "electron_contaminaton": false,
  "energy": "0.1-0.8nm"
}
