{
  "time_tag": "2026-04-22T01:06:00Z",
  "satellite": 18,
  "flux": 5.037612140768033E-7,
  "observed_flux": 5.612490099338174E-7,
  "electron_correction": 5.7487827831437244E-8,
  "electron_contaminaton": false,
  "energy": "0.1-0.8nm"
}
