{
  "time_tag": "2026-04-24T21:02:00Z",
  "satellite": 18,
  "flux": 0.000002204760221502511,
  "observed_flux": 0.0000022391150196199305,
  "electron_correction": 3.4354769695710274E-8,
  "electron_contaminaton": false,
  "energy": "0.1-0.8nm"
}
