{
  "time_tag": "2026-04-25T17:23:00Z",
  "satellite": 18,
  "flux": 0.000001485774873799528,
  "observed_flux": 0.0000014980390687924228,
  "electron_correction": 1.226414259036801E-8,
  "electron_contaminaton": false,
  "energy": "0.1-0.8nm"
}
