{
  "time_tag": "2025-12-23T06:20:00Z",
  "satellite": 18,
  "flux": 9.048333708960854E-7,
  "observed_flux": 9.14662848572334E-7,
  "electron_correction": 9.82946080085867E-9,
  "electron_contaminaton": false,
  "energy": "0.1-0.8nm"
}
