{
  "time_tag": "2026-05-18T08:04:00Z",
  "satellite": 18,
  "flux": 3.334898224238714E-7,
  "observed_flux": 3.561893606729427E-7,
  "electron_correction": 2.2699538249071338E-8,
  "electron_contaminaton": false,
  "energy": "0.1-0.8nm"
}
