{
  "time_tag": "2026-03-24T04:15:00Z",
  "satellite": 18,
  "flux": 6.123235039012798E-7,
  "observed_flux": 6.73163242481678E-7,
  "electron_correction": 6.083970305326147E-8,
  "electron_contaminaton": false,
  "energy": "0.1-0.8nm"
}
