{
    "time_tag": "2026-06-25T19:18:00Z",
    "satellite": 18,
    "flux": 1.329714791609149e-06,
    "observed_flux": 1.41523844376934e-06,
    "electron_correction": 8.552364505476362e-08,
    "electron_contaminaton": false,
    "energy": "0.1-0.8nm"
}