{
  "time_tag": "2026-06-19T22:43:00Z",
  "satellite": 18,
  "flux": 4.6038695700190146E-7,
  "observed_flux": 4.898990368928935E-7,
  "electron_correction": 2.95120425874984E-8,
  "electron_contaminaton": false,
  "energy": "0.1-0.8nm"
}
