{
  "time_tag": "2026-03-16T08:34:00Z",
  "satellite": 18,
  "flux": 4.0023314795689657E-7,
  "observed_flux": 4.2754857076943154E-7,
  "electron_correction": 2.7315417483464444E-8,
  "electron_contaminaton": false,
  "energy": "0.1-0.8nm"
}
