{
    "time_tag": "2026-04-25T00:53:00Z",
    "satellite": 18,
    "flux": 1.3640990346175386e-06,
    "observed_flux": 1.3664309790328844e-06,
    "electron_correction": 2.3319375319630353e-09,
    "electron_contaminaton": false,
    "energy": "0.1-0.8nm"
}