{
  "time_tag": "2026-03-12T11:41:00Z",
  "satellite": 18,
  "flux": 0.000001312915628659539,
  "observed_flux": 0.000001327476411461248,
  "electron_correction": 1.456074727457235E-8,
  "electron_contaminaton": false,
  "energy": "0.1-0.8nm"
}
