{
    "time_tag": "2026-05-12T21:49:00Z",
    "satellite": 18,
    "flux": 1.0856490462174406e-06,
    "observed_flux": 1.0980013485095697e-06,
    "electron_correction": 1.2352332490195295e-08,
    "electron_contaminaton": false,
    "energy": "0.1-0.8nm"
}