{
  "time_tag": "2026-01-07T00:37:00Z",
  "satellite": 18,
  "flux": 0.0000010112329391631647,
  "observed_flux": 0.0000010415672022645595,
  "electron_correction": 3.033430928667258E-8,
  "electron_contaminaton": false,
  "energy": "0.1-0.8nm"
}
