{
  "time_tag": "2026-06-13T22:46:00Z",
  "satellite": 18,
  "flux": 8.014550871848769E-7,
  "observed_flux": 8.643255569040775E-7,
  "electron_correction": 6.287048393005534E-8,
  "electron_contaminaton": false,
  "energy": "0.1-0.8nm"
}
