{
  "time_tag": "2026-01-22T07:19:00Z",
  "satellite": 18,
  "flux": 0.0000015106023738553631,
  "observed_flux": 0.0000015473219718842302,
  "electron_correction": 3.6719583818012325E-8,
  "electron_contaminaton": false,
  "energy": "0.1-0.8nm"
}
