{
  "time_tag": "2026-04-17T23:23:00Z",
  "satellite": 18,
  "flux": 3.3955890899051155E-7,
  "observed_flux": 3.49974300206668E-7,
  "electron_correction": 1.041536812351751E-8,
  "electron_contaminaton": false,
  "energy": "0.1-0.8nm"
}
