{
  "time_tag": "2026-01-27T04:32:00Z",
  "satellite": 18,
  "flux": 0.0000023670065729675116,
  "observed_flux": 0.0000024015225790208206,
  "electron_correction": 3.4516155267283466E-8,
  "electron_contaminaton": false,
  "energy": "0.1-0.8nm"
}
