{
  "time_tag": "2026-03-27T22:57:00Z",
  "satellite": 18,
  "flux": 9.584310873833601E-7,
  "observed_flux": 9.819895012697089E-7,
  "electron_correction": 2.3558397899137162E-8,
  "electron_contaminaton": false,
  "energy": "0.1-0.8nm"
}
