{
  "time_tag": "2026-01-04T21:18:00Z",
  "satellite": 18,
  "flux": 0.0000016792665746834246,
  "observed_flux": 0.0000017194158772326773,
  "electron_correction": 4.014921373141078E-8,
  "electron_contaminaton": false,
  "energy": "0.1-0.8nm"
}
