{
  "time_tag": "2026-01-26T04:35:00Z",
  "satellite": 18,
  "flux": 0.0000013063040569250006,
  "observed_flux": 0.000001354519895357953,
  "electron_correction": 4.821573895696929E-8,
  "electron_contaminaton": false,
  "energy": "0.1-0.8nm"
}
