{
  "time_tag": "2026-06-29T02:14:00Z",
  "satellite": 18,
  "flux": 0.0000018598237829792197,
  "observed_flux": 0.0000018905991510109743,
  "electron_correction": 3.077541421703245E-8,
  "electron_contaminaton": false,
  "energy": "0.1-0.8nm"
}
