{
  "time_tag": "2026-01-28T18:21:00Z",
  "satellite": 18,
  "flux": 7.926451530693157E-7,
  "observed_flux": 8.534374273949652E-7,
  "electron_correction": 6.079225300936741E-8,
  "electron_contaminaton": false,
  "energy": "0.1-0.8nm"
}
