{
  "time_tag": "2026-02-25T17:35:00Z",
  "satellite": 18,
  "flux": 0.0000016350662690456375,
  "observed_flux": 0.0000016991132270050002,
  "electron_correction": 6.404687979966184E-8,
  "electron_contaminaton": false,
  "energy": "0.1-0.8nm"
}
