{
    "time_tag": "2026-05-18T11:53:00Z",
    "satellite": 18,
    "flux": 4.081178417436604e-07,
    "observed_flux": 4.2340170125498844e-07,
    "electron_correction": 1.528388082761012e-08,
    "electron_contaminaton": false,
    "energy": "0.1-0.8nm"
}