{
    "time_tag": "2026-06-06T13:15:00Z",
    "satellite": 18,
    "flux": 5.993213562760502e-06,
    "observed_flux": 6.013679467287147e-06,
    "electron_correction": 2.0466263350726877e-08,
    "electron_contaminaton": false,
    "energy": "0.1-0.8nm"
}