{
  "time_tag": "2026-03-06T10:25:00Z",
  "satellite": 18,
  "flux": 6.775143219783786E-7,
  "observed_flux": 6.779434329473588E-7,
  "electron_correction": 4.2911496578312835E-10,
  "electron_contaminaton": false,
  "energy": "0.1-0.8nm"
}
