{
  "time_tag": "2026-03-22T18:06:00Z",
  "satellite": 18,
  "flux": 9.702058605398634E-7,
  "observed_flux": 9.87100293059484E-7,
  "electron_correction": 1.6894439625048108E-8,
  "electron_contaminaton": false,
  "energy": "0.1-0.8nm"
}
