{
  "time_tag": "2026-02-26T07:32:00Z",
  "satellite": 18,
  "flux": 9.397971894031798E-7,
  "observed_flux": 9.532846547699592E-7,
  "electron_correction": 1.3487441385962029E-8,
  "electron_contaminaton": false,
  "energy": "0.1-0.8nm"
}
