{
    "time_tag": "2026-05-26T21:09:00Z",
    "satellite": 18,
    "flux": 1.548647219351551e-06,
    "observed_flux": 1.5571906715194928e-06,
    "electron_correction": 8.543396212701282e-09,
    "electron_contaminaton": false,
    "energy": "0.1-0.8nm"
}