{
  "time_tag": "2026-02-04T08:42:00Z",
  "satellite": 18,
  "flux": 0.0000023973750558070606,
  "observed_flux": 0.000002400067387497984,
  "electron_correction": 2.692336797949224E-9,
  "electron_contaminaton": false,
  "energy": "0.1-0.8nm"
}
