{
    "time_tag": "2026-05-04T02:56:00Z",
    "satellite": 18,
    "flux": 1.101724819818628e-06,
    "observed_flux": 1.1234591283937334e-06,
    "electron_correction": 2.1734285482466476e-08,
    "electron_contaminaton": false,
    "energy": "0.1-0.8nm"
}