{
  "time_tag": "2026-04-17T19:02:00Z",
  "satellite": 18,
  "flux": 3.618047799136548E-7,
  "observed_flux": 3.713549290296214E-7,
  "electron_correction": 9.550152668680312E-9,
  "electron_contaminaton": false,
  "energy": "0.1-0.8nm"
}
