{
  "time_tag": "2026-03-13T07:30:00Z",
  "satellite": 18,
  "flux": 0.000001812854520721885,
  "observed_flux": 0.0000018165117126045516,
  "electron_correction": 3.657194547201925E-9,
  "electron_contaminaton": false,
  "energy": "0.1-0.8nm"
}
