{
    "time_tag": "2026-06-13T20:11:00Z",
    "satellite": 18,
    "flux": 5.916796794736001e-07,
    "observed_flux": 6.567270816049131e-07,
    "electron_correction": 6.504738081503092e-08,
    "electron_contaminaton": false,
    "energy": "0.1-0.8nm"
}