{
    "time_tag": "2026-05-12T05:49:00Z",
    "satellite": 18,
    "flux": 5.343965767679038e-07,
    "observed_flux": 5.44933527635294e-07,
    "electron_correction": 1.0536968630958654e-08,
    "electron_contaminaton": false,
    "energy": "0.1-0.8nm"
}