{
  "time_tag": "2026-05-03T22:41:00Z",
  "satellite": 18,
  "flux": 8.483333999720344E-7,
  "observed_flux": 8.845157140058291E-7,
  "electron_correction": 3.618228205937157E-8,
  "electron_contaminaton": false,
  "energy": "0.1-0.8nm"
}
