{
    "time_tag": "2026-04-25T10:27:00Z",
    "satellite": 18,
    "flux": 1.2024628404105897e-06,
    "observed_flux": 1.2059566643074504e-06,
    "electron_correction": 3.493840550206073e-09,
    "electron_contaminaton": false,
    "energy": "0.1-0.8nm"
}