{
    "time_tag": "2026-05-23T06:41:00Z",
    "satellite": 18,
    "flux": 1.7445423736717203e-06,
    "observed_flux": 1.758112603056361e-06,
    "electron_correction": 1.3570184975719712e-08,
    "electron_contaminaton": false,
    "energy": "0.1-0.8nm"
}