{
  "time_tag": "2026-05-04T22:31:00Z",
  "satellite": 19,
  "flux": 0.0000010769194886961486,
  "observed_flux": 0.0000010797150480357232,
  "electron_correction": 2.795621734108522E-9,
  "electron_contaminaton": false,
  "energy": "0.1-0.8nm"
}
