{
    "time_tag": "2026-06-06T17:36:00Z",
    "satellite": 18,
    "flux": 1.4506211982734385e-06,
    "observed_flux": 1.500031885370845e-06,
    "electron_correction": 4.9410676439265444e-08,
    "electron_contaminaton": false,
    "energy": "0.1-0.8nm"
}