{
  "time_tag": "2026-01-21T04:30:00Z",
  "satellite": 18,
  "flux": 0.0000012649353493543458,
  "observed_flux": 0.0000012785358194378205,
  "electron_correction": 1.3600497617005658E-8,
  "electron_contaminaton": false,
  "energy": "0.1-0.8nm"
}
