{
  "time_tag": "2026-04-20T21:10:00Z",
  "satellite": 18,
  "flux": 5.038330073148245E-7,
  "observed_flux": 5.702373755411827E-7,
  "electron_correction": 6.640435401550349E-8,
  "electron_contaminaton": false,
  "energy": "0.1-0.8nm"
}
