{
  "time_tag": "2026-02-12T05:49:00Z",
  "satellite": 18,
  "flux": 6.952300282137003E-7,
  "observed_flux": 7.019008307906915E-7,
  "electron_correction": 6.670769714389735E-9,
  "electron_contaminaton": false,
  "energy": "0.1-0.8nm"
}
