{
  "time_tag": "2026-05-22T13:15:00Z",
  "satellite": 18,
  "flux": 0.0000011152953902637819,
  "observed_flux": 0.0000011377029522918747,
  "electron_correction": 2.2407595778872746E-8,
  "electron_contaminaton": false,
  "energy": "0.1-0.8nm"
}
