{
  "time_tag": "2026-05-10T19:59:00Z",
  "satellite": 18,
  "flux": 8.262730943897623E-7,
  "observed_flux": 8.476700941173476E-7,
  "electron_correction": 2.1396958871378047E-8,
  "electron_contaminaton": false,
  "energy": "0.1-0.8nm"
}
