{
  "time_tag": "2026-05-31T10:34:00Z",
  "satellite": 18,
  "flux": 6.824357683399285E-7,
  "observed_flux": 7.041559229037375E-7,
  "electron_correction": 2.172011726031542E-8,
  "electron_contaminaton": false,
  "energy": "0.1-0.8nm"
}
