{
    "time_tag": "2026-04-28T10:20:00Z",
    "satellite": 18,
    "flux": 3.3782148420868907e-06,
    "observed_flux": 3.3836174679890973e-06,
    "electron_correction": 5.402504665852348e-09,
    "electron_contaminaton": false,
    "energy": "0.1-0.8nm"
}