{
  "time_tag": "2026-04-30T18:44:00Z",
  "satellite": 18,
  "flux": 9.907170124279219E-7,
  "observed_flux": 9.948760180122918E-7,
  "electron_correction": 4.159056654629012E-9,
  "electron_contaminaton": false,
  "energy": "0.1-0.8nm"
}
