{
    "time_tag": "2026-05-22T18:15:00Z",
    "satellite": 18,
    "flux": 7.624443014719873e-07,
    "observed_flux": 7.972390108079708e-07,
    "electron_correction": 3.479469512512878e-08,
    "electron_contaminaton": false,
    "energy": "0.1-0.8nm"
}