{
    "time_tag": "2026-05-25T20:59:00Z",
    "satellite": 18,
    "flux": 1.4340188272399246e-06,
    "observed_flux": 1.4410594531000243e-06,
    "electron_correction": 7.0405672403239805e-09,
    "electron_contaminaton": false,
    "energy": "0.1-0.8nm"
}