{
  "time_tag": "2026-01-08T01:48:00Z",
  "satellite": 18,
  "flux": 0.0000010123907259185216,
  "observed_flux": 0.0000010171867188546457,
  "electron_correction": 4.796036900955869E-9,
  "electron_contaminaton": false,
  "energy": "0.1-0.8nm"
}
