{
  "time_tag": "2025-12-21T07:18:00Z",
  "satellite": 18,
  "flux": 8.661913284413458E-7,
  "observed_flux": 8.672000149090309E-7,
  "electron_correction": 1.008695793558445E-9,
  "electron_contaminaton": false,
  "energy": "0.1-0.8nm"
}
