{
  "time_tag": "2026-01-15T12:21:00Z",
  "satellite": 18,
  "flux": 0.0000010573500048849382,
  "observed_flux": 0.0000010637239711286384,
  "electron_correction": 6.374046623847107E-9,
  "electron_contaminaton": false,
  "energy": "0.1-0.8nm"
}
