{
    "time_tag": "2026-06-27T08:13:00Z",
    "satellite": 18,
    "flux": 1.8127655039279489e-06,
    "observed_flux": 1.8483104895494762e-06,
    "electron_correction": 3.5544974963386267e-08,
    "electron_contaminaton": false,
    "energy": "0.1-0.8nm"
}