{
  "time_tag": "2026-03-18T00:24:00Z",
  "satellite": 18,
  "flux": 5.687460316039505E-7,
  "observed_flux": 6.09868607170938E-7,
  "electron_correction": 4.112252938170968E-8,
  "electron_contaminaton": false,
  "energy": "0.1-0.8nm"
}
