{
  "time_tag": "2026-06-16T05:43:00Z",
  "satellite": 18,
  "flux": 5.030706233810633E-7,
  "observed_flux": 5.240714813226077E-7,
  "electron_correction": 2.1000824190764433E-8,
  "electron_contaminaton": false,
  "energy": "0.1-0.8nm"
}
