{
    "time_tag": "2026-06-11T01:23:00Z",
    "satellite": 18,
    "flux": 3.222206487407675e-06,
    "observed_flux": 3.2696825655875728e-06,
    "electron_correction": 4.7475918307782194e-08,
    "electron_contaminaton": false,
    "energy": "0.1-0.8nm"
}