{
  "time_tag": "2026-01-01T18:19:00Z",
  "satellite": 18,
  "flux": 0.000004302872639527777,
  "observed_flux": 0.000004348247330199229,
  "electron_correction": 4.5374907386985797E-8,
  "electron_contaminaton": false,
  "energy": "0.1-0.8nm"
}
