{
  "time_tag": "2026-02-04T00:05:00Z",
  "satellite": 18,
  "flux": 0.000006874609425722156,
  "observed_flux": 0.000006889906217111275,
  "electron_correction": 1.529658177901183E-8,
  "electron_contaminaton": false,
  "energy": "0.1-0.8nm"
}
