{
    "time_tag": "2026-05-05T10:47:00Z",
    "satellite": 18,
    "flux": 8.032926075429714e-07,
    "observed_flux": 8.343955641976208e-07,
    "electron_correction": 3.110293533836739e-08,
    "electron_contaminaton": false,
    "energy": "0.1-0.8nm"
}