{
  "time_tag": "2026-03-28T01:08:00Z",
  "satellite": 18,
  "flux": 9.769233884071582E-7,
  "observed_flux": 9.901669955070247E-7,
  "electron_correction": 1.3243536933771338E-8,
  "electron_contaminaton": false,
  "energy": "0.1-0.8nm"
}
