{
  "time_tag": "2026-02-25T15:02:00Z",
  "satellite": 18,
  "flux": 0.0000010619353361107642,
  "observed_flux": 0.000001124134769270313,
  "electron_correction": 6.2199397632412E-8,
  "electron_contaminaton": false,
  "energy": "0.1-0.8nm"
}
