{
  "time_tag": "2026-02-03T05:32:00Z",
  "satellite": 18,
  "flux": 0.0000033085168524848996,
  "observed_flux": 0.000003318143399155815,
  "electron_correction": 9.626433872256257E-9,
  "electron_contaminaton": false,
  "energy": "0.1-0.8nm"
}
