{
  "time_tag": "2026-04-17T19:34:00Z",
  "satellite": 18,
  "flux": 3.854858334761957E-7,
  "observed_flux": 3.9617253833057475E-7,
  "electron_correction": 1.068670041348696E-8,
  "electron_contaminaton": false,
  "energy": "0.1-0.8nm"
}
