{
  "time_tag": "2026-05-25T20:04:00Z",
  "satellite": 18,
  "flux": 0.0000011915383311134065,
  "observed_flux": 0.0000011987727930318215,
  "electron_correction": 7.234432608527186E-9,
  "electron_contaminaton": false,
  "energy": "0.1-0.8nm"
}
