{
  "time_tag": "2026-03-13T15:44:00Z",
  "satellite": 18,
  "flux": 0.000005010390395909781,
  "observed_flux": 0.000005038934432377573,
  "electron_correction": 2.854391034645687E-8,
  "electron_contaminaton": false,
  "energy": "0.1-0.8nm"
}
