{
  "time_tag": "2026-02-18T07:05:00Z",
  "satellite": 18,
  "flux": 4.6370456630029366E-7,
  "observed_flux": 4.852921620113193E-7,
  "electron_correction": 2.158760636916668E-8,
  "electron_contaminaton": false,
  "energy": "0.1-0.8nm"
}
