{
  "time_tag": "2026-05-03T21:45:00Z",
  "satellite": 18,
  "flux": 8.049194093473488E-7,
  "observed_flux": 8.44048827275401E-7,
  "electron_correction": 3.9129417928052135E-8,
  "electron_contaminaton": false,
  "energy": "0.1-0.8nm"
}
