{
    "time_tag": "2026-05-21T23:15:00Z",
    "satellite": 18,
    "flux": 1.1303887959002168e-06,
    "observed_flux": 1.180712729365041e-06,
    "electron_correction": 5.032399741367044e-08,
    "electron_contaminaton": false,
    "energy": "0.1-0.8nm"
}