{
  "time_tag": "2026-05-16T10:01:00Z",
  "satellite": 18,
  "flux": 4.2265889987902483E-7,
  "observed_flux": 4.516043645708123E-7,
  "electron_correction": 2.894547179721485E-8,
  "electron_contaminaton": false,
  "energy": "0.1-0.8nm"
}
