{
  "time_tag": "2025-12-05T16:23:00Z",
  "satellite": 18,
  "flux": 0.0000035402836147113703,
  "observed_flux": 0.0000035903422030969523,
  "electron_correction": 5.005859549100933E-8,
  "electron_contaminaton": false,
  "energy": "0.1-0.8nm"
}
