{
  "time_tag": "2026-02-07T17:04:00Z",
  "satellite": 18,
  "flux": 0.0000022665844880975783,
  "observed_flux": 0.0000023266989046533126,
  "electron_correction": 6.011445208287114E-8,
  "electron_contaminaton": false,
  "energy": "0.1-0.8nm"
}
