{
    "time_tag": "2026-05-02T08:09:00Z",
    "satellite": 18,
    "flux": 1.8296069583811914e-06,
    "observed_flux": 1.8524461893321131e-06,
    "electron_correction": 2.2839254043560686e-08,
    "electron_contaminaton": false,
    "energy": "0.1-0.8nm"
}