{
    "time_tag": "2026-06-05T10:43:00Z",
    "satellite": 18,
    "flux": 1.054070821737696e-06,
    "observed_flux": 1.0563081787040574e-06,
    "electron_correction": 2.2373813912679452e-09,
    "electron_contaminaton": false,
    "energy": "0.1-0.8nm"
}