{
  "time_tag": "2026-03-19T10:43:00Z",
  "satellite": 18,
  "flux": 2.9406865564851614E-7,
  "observed_flux": 3.026393642358016E-7,
  "electron_correction": 8.570721021783356E-9,
  "electron_contaminaton": false,
  "energy": "0.1-0.8nm"
}
