{
  "time_tag": "2026-02-12T11:11:00Z",
  "satellite": 18,
  "flux": 0.0000010710964488680474,
  "observed_flux": 0.0000010988082976837177,
  "electron_correction": 2.771190033001858E-8,
  "electron_contaminaton": false,
  "energy": "0.1-0.8nm"
}
