{
    "time_tag": "2026-04-25T15:25:00Z",
    "satellite": 18,
    "flux": 1.0490998647583183e-06,
    "observed_flux": 1.0568505786068272e-06,
    "electron_correction": 7.750724506649931e-09,
    "electron_contaminaton": false,
    "energy": "0.1-0.8nm"
}