{
  "time_tag": "2026-04-23T06:40:00Z",
  "satellite": 18,
  "flux": 0.0000021890275547775673,
  "observed_flux": 0.0000022028352759662084,
  "electron_correction": 1.380770253689434E-8,
  "electron_contaminaton": false,
  "energy": "0.1-0.8nm"
}
