{
    "time_tag": "2026-05-01T23:29:00Z",
    "satellite": 18,
    "flux": 2.8245106022950495e-06,
    "observed_flux": 2.8805927740904735e-06,
    "electron_correction": 5.6082082977582104e-08,
    "electron_contaminaton": false,
    "energy": "0.1-0.8nm"
}