{
  "time_tag": "2026-05-23T22:01:00Z",
  "satellite": 18,
  "flux": 0.0000025397077934030676,
  "observed_flux": 0.000002571792492744862,
  "electron_correction": 3.2084734868931264E-8,
  "electron_contaminaton": false,
  "energy": "0.1-0.8nm"
}
