{
  "time_tag": "2025-12-14T07:18:00Z",
  "satellite": 18,
  "flux": 0.0000010820492661878234,
  "observed_flux": 0.0000011060436690968345,
  "electron_correction": 2.399441711986583E-8,
  "electron_contaminaton": false,
  "energy": "0.1-0.8nm"
}
