{
  "time_tag": "2026-02-05T15:02:00Z",
  "satellite": 18,
  "flux": 0.000003834104063571431,
  "observed_flux": 0.000003844057573587634,
  "electron_correction": 9.953777357907256E-9,
  "electron_contaminaton": false,
  "energy": "0.1-0.8nm"
}
