{
  "time_tag": "2026-04-18T15:41:00Z",
  "satellite": 18,
  "flux": 3.728733872776502E-7,
  "observed_flux": 3.9663572692916205E-7,
  "electron_correction": 2.3762346756939223E-8,
  "electron_contaminaton": false,
  "energy": "0.1-0.8nm"
}
