{
  "time_tag": "2026-05-03T12:30:00Z",
  "satellite": 18,
  "flux": 9.344173577119363E-7,
  "observed_flux": 9.547807167109568E-7,
  "electron_correction": 2.0363318142813114E-8,
  "electron_contaminaton": false,
  "energy": "0.1-0.8nm"
}
