{
    "time_tag": "2026-05-17T11:05:00Z",
    "satellite": 18,
    "flux": 6.273173198678705e-07,
    "observed_flux": 6.756208676961251e-07,
    "electron_correction": 4.830352295925877e-08,
    "electron_contaminaton": false,
    "energy": "0.1-0.8nm"
}