{
    "time_tag": "2026-06-13T11:39:00Z",
    "satellite": 18,
    "flux": 5.658387749463145e-07,
    "observed_flux": 5.819708235321741e-07,
    "electron_correction": 1.613199884786809e-08,
    "electron_contaminaton": false,
    "energy": "0.1-0.8nm"
}