{
  "time_tag": "2026-03-13T18:30:00Z",
  "satellite": 18,
  "flux": 0.0000011650902251858497,
  "observed_flux": 0.0000011966443480559974,
  "electron_correction": 3.1554119317434015E-8,
  "electron_contaminaton": false,
  "energy": "0.1-0.8nm"
}
