{
  "time_tag": "2026-04-22T11:19:00Z",
  "satellite": 18,
  "flux": 5.791507078356517E-7,
  "observed_flux": 6.015104645484826E-7,
  "electron_correction": 2.2359740725619304E-8,
  "electron_contaminaton": false,
  "energy": "0.1-0.8nm"
}
