{
  "time_tag": "2026-04-25T15:40:00Z",
  "satellite": 18,
  "flux": 9.85265046438144E-7,
  "observed_flux": 9.92958121059928E-7,
  "electron_correction": 7.693009784759397E-9,
  "electron_contaminaton": false,
  "energy": "0.1-0.8nm"
}
