{
  "time_tag": "2026-03-11T00:47:00Z",
  "satellite": 18,
  "flux": 6.435896580114786E-7,
  "observed_flux": 6.86673729433096E-7,
  "electron_correction": 4.308409629061316E-8,
  "electron_contaminaton": false,
  "energy": "0.1-0.8nm"
}
