{
  "time_tag": "2026-04-18T16:41:00Z",
  "satellite": 18,
  "flux": 4.3380177316976187E-7,
  "observed_flux": 4.765167318510066E-7,
  "electron_correction": 4.2714955128531074E-8,
  "electron_contaminaton": false,
  "energy": "0.1-0.8nm"
}
