{
  "time_tag": "2026-05-25T21:38:00Z",
  "satellite": 18,
  "flux": 0.0000024305500119226053,
  "observed_flux": 0.0000024377227418881375,
  "electron_correction": 7.172596294680034E-9,
  "electron_contaminaton": false,
  "energy": "0.1-0.8nm"
}
