{
  "time_tag": "2026-03-01T00:57:00Z",
  "satellite": 18,
  "flux": 0.0000015050080719447578,
  "observed_flux": 0.0000015570977893730742,
  "electron_correction": 5.2089710322889005E-8,
  "electron_contaminaton": false,
  "energy": "0.1-0.8nm"
}
