{
  "time_tag": "2026-03-07T19:34:00Z",
  "satellite": 18,
  "flux": 0.0000010661773330866708,
  "observed_flux": 0.0000011203305803064723,
  "electron_correction": 5.415326853608349E-8,
  "electron_contaminaton": false,
  "energy": "0.1-0.8nm"
}
