{
  "time_tag": "2026-03-31T11:44:00Z",
  "satellite": 18,
  "flux": 7.412561444652965E-7,
  "observed_flux": 7.484904926968738E-7,
  "electron_correction": 7.234367771502548E-9,
  "electron_contaminaton": false,
  "energy": "0.1-0.8nm"
}
