{
  "time_tag": "2026-03-25T17:06:00Z",
  "satellite": 18,
  "flux": 0.0000015265738966263598,
  "observed_flux": 0.000001570353560964577,
  "electron_correction": 4.377963236379401E-8,
  "electron_contaminaton": false,
  "energy": "0.1-0.8nm"
}
