{
  "time_tag": "2025-12-12T18:19:00Z",
  "satellite": 18,
  "flux": 0.000002930601340267458,
  "observed_flux": 0.0000029398763672361383,
  "electron_correction": 9.275118451057551E-9,
  "electron_contaminaton": false,
  "energy": "0.1-0.8nm"
}
