{
    "time_tag": "2026-06-21T13:34:00Z",
    "satellite": 18,
    "flux": 6.768386242583802e-07,
    "observed_flux": 6.859693826299917e-07,
    "electron_correction": 9.130798339640478e-09,
    "electron_contaminaton": false,
    "energy": "0.1-0.8nm"
}