{
  "time_tag": "2026-02-14T09:08:00Z",
  "satellite": 18,
  "flux": 4.979372079105815E-7,
  "observed_flux": 5.155956728231104E-7,
  "electron_correction": 1.7658457807101513E-8,
  "electron_contaminaton": false,
  "energy": "0.1-0.8nm"
}
