{
  "time_tag": "2026-03-31T09:48:00Z",
  "satellite": 18,
  "flux": 7.188779704847548E-7,
  "observed_flux": 7.297520028259896E-7,
  "electron_correction": 1.087403678212695E-8,
  "electron_contaminaton": false,
  "energy": "0.1-0.8nm"
}
