{
  "time_tag": "2026-02-21T10:21:00Z",
  "satellite": 18,
  "flux": 3.330878826091066E-7,
  "observed_flux": 3.3475981808805955E-7,
  "electron_correction": 1.6719488016292416E-9,
  "electron_contaminaton": false,
  "energy": "0.1-0.8nm"
}
