{
  "time_tag": "2026-06-27T04:43:00Z",
  "satellite": 18,
  "flux": 0.0000015867519778112182,
  "observed_flux": 0.0000016306047427860904,
  "electron_correction": 4.385269036788486E-8,
  "electron_contaminaton": false,
  "energy": "0.1-0.8nm"
}
