{
  "time_tag": "2026-02-05T10:26:00Z",
  "satellite": 18,
  "flux": 0.00000548639854969224,
  "observed_flux": 0.00000548700427316362,
  "electron_correction": 6.057764290190448E-10,
  "electron_contaminaton": false,
  "energy": "0.1-0.8nm"
}
