{
    "time_tag": "2026-05-14T06:17:00Z",
    "satellite": 18,
    "flux": 1.0857031611521961e-06,
    "observed_flux": 1.0888467159020365e-06,
    "electron_correction": 3.143598492627575e-09,
    "electron_contaminaton": false,
    "energy": "0.1-0.8nm"
}