{
  "time_tag": "2026-05-10T10:46:00Z",
  "satellite": 18,
  "flux": 9.448535251976864E-7,
  "observed_flux": 9.55942482505634E-7,
  "electron_correction": 1.1088980400586479E-8,
  "electron_contaminaton": false,
  "energy": "0.1-0.8nm"
}
