{
    "time_tag": "2026-06-27T15:15:00Z",
    "satellite": 18,
    "flux": 1.913358801175491e-06,
    "observed_flux": 1.9568833522498608e-06,
    "electron_correction": 4.352460791778867e-08,
    "electron_contaminaton": false,
    "energy": "0.1-0.8nm"
}