{
  "time_tag": "2026-06-11T20:30:00Z",
  "satellite": 18,
  "flux": 0.0000010551264040259412,
  "observed_flux": 0.0000010749976127044647,
  "electron_correction": 1.9871203349453026E-8,
  "electron_contaminaton": false,
  "energy": "0.1-0.8nm"
}
