{
  "time_tag": "2026-03-23T07:05:00Z",
  "satellite": 18,
  "flux": 6.706089266117488E-7,
  "observed_flux": 7.162148563111259E-7,
  "electron_correction": 4.5605904830381405E-8,
  "electron_contaminaton": false,
  "energy": "0.1-0.8nm"
}
