{
  "time_tag": "2026-06-20T09:12:00Z",
  "satellite": 18,
  "flux": 5.600585950560344E-7,
  "observed_flux": 5.694983542525733E-7,
  "electron_correction": 9.439757420182104E-9,
  "electron_contaminaton": false,
  "energy": "0.1-0.8nm"
}
