{
    "time_tag": "2026-05-21T15:57:00Z",
    "satellite": 18,
    "flux": 6.059705697225581e-07,
    "observed_flux": 6.529376150865573e-07,
    "electron_correction": 4.696705957485392e-08,
    "electron_contaminaton": false,
    "energy": "0.1-0.8nm"
}