{
  "time_tag": "2026-01-05T06:20:00Z",
  "satellite": 18,
  "flux": 8.430243383372726E-7,
  "observed_flux": 8.488418643537443E-7,
  "electron_correction": 5.8175442241292785E-9,
  "electron_contaminaton": false,
  "energy": "0.1-0.8nm"
}
