{
  "time_tag": "2026-06-02T18:12:00Z",
  "satellite": 18,
  "flux": 0.0000027803882858279394,
  "observed_flux": 0.000002822934902724228,
  "electron_correction": 4.254655650015593E-8,
  "electron_contaminaton": false,
  "energy": "0.1-0.8nm"
}
