{
  "time_tag": "2026-02-10T21:57:00Z",
  "satellite": 18,
  "flux": 0.0000013463712775774184,
  "observed_flux": 0.0000013555788882513298,
  "electron_correction": 9.207598239413528E-9,
  "electron_contaminaton": false,
  "energy": "0.1-0.8nm"
}
