{
  "time_tag": "2026-03-11T17:43:00Z",
  "satellite": 18,
  "flux": 7.685833338655357E-7,
  "observed_flux": 8.160801030498988E-7,
  "electron_correction": 4.749679050064515E-8,
  "electron_contaminaton": false,
  "energy": "0.1-0.8nm"
}
