{
  "time_tag": "2026-02-07T21:19:00Z",
  "satellite": 18,
  "flux": 0.0000032546045076742303,
  "observed_flux": 0.0000033046694625227246,
  "electron_correction": 5.0064940637639666E-8,
  "electron_contaminaton": false,
  "energy": "0.1-0.8nm"
}
