{
  "time_tag": "2026-02-06T14:01:00Z",
  "satellite": 18,
  "flux": 0.0000018806688331096666,
  "observed_flux": 0.0000018999758140125778,
  "electron_correction": 1.9306884979641836E-8,
  "electron_contaminaton": false,
  "energy": "0.1-0.8nm"
}
