{
  "time_tag": "2026-03-23T11:28:00Z",
  "satellite": 18,
  "flux": 0.000001596433548911591,
  "observed_flux": 0.00000161986122293456,
  "electron_correction": 2.342770066832145E-8,
  "electron_contaminaton": false,
  "energy": "0.1-0.8nm"
}
