{
    "time_tag": "2026-05-11T01:08:00Z",
    "satellite": 18,
    "flux": 7.824218073437805e-07,
    "observed_flux": 7.986592436282081e-07,
    "electron_correction": 1.6237462929780122e-08,
    "electron_contaminaton": false,
    "energy": "0.1-0.8nm"
}