{
  "time_tag": "2026-05-17T20:11:00Z",
  "satellite": 18,
  "flux": 6.98367330187466E-7,
  "observed_flux": 7.732269864391128E-7,
  "electron_correction": 7.485969888421096E-8,
  "electron_contaminaton": false,
  "energy": "0.1-0.8nm"
}
