{
  "time_tag": "2026-03-08T22:37:00Z",
  "satellite": 18,
  "flux": 5.435639991446806E-7,
  "observed_flux": 5.953531854174798E-7,
  "electron_correction": 5.178918272008559E-8,
  "electron_contaminaton": false,
  "energy": "0.1-0.8nm"
}
