{
  "time_tag": "2026-02-12T22:55:00Z",
  "satellite": 18,
  "flux": 4.579355561418197E-7,
  "observed_flux": 4.935708375342074E-7,
  "electron_correction": 3.563529560324241E-8,
  "electron_contaminaton": false,
  "energy": "0.1-0.8nm"
}
