{
  "time_tag": "2026-03-10T19:57:00Z",
  "satellite": 18,
  "flux": 8.634768278170668E-7,
  "observed_flux": 9.201587545248913E-7,
  "electron_correction": 5.668195868224757E-8,
  "electron_contaminaton": false,
  "energy": "0.1-0.8nm"
}
