{
  "time_tag": "2026-03-10T17:43:00Z",
  "satellite": 18,
  "flux": 7.089637392709847E-7,
  "observed_flux": 7.449299346262706E-7,
  "electron_correction": 3.596618824985853E-8,
  "electron_contaminaton": false,
  "energy": "0.1-0.8nm"
}
