{
    "time_tag": "2026-04-24T23:59:00Z",
    "satellite": 18,
    "flux": 1.464100819248415e-06,
    "observed_flux": 1.472139047109522e-06,
    "electron_correction": 8.038156806833285e-09,
    "electron_contaminaton": false,
    "energy": "0.1-0.8nm"
}