{
  "time_tag": "2026-02-12T22:08:00Z",
  "satellite": 18,
  "flux": 4.6082647031653323E-7,
  "observed_flux": 4.986781618754321E-7,
  "electron_correction": 3.7851716427894644E-8,
  "electron_contaminaton": false,
  "energy": "0.1-0.8nm"
}
