{
  "time_tag": "2026-03-19T21:44:00Z",
  "satellite": 18,
  "flux": 2.799269509523583E-7,
  "observed_flux": 3.0003261031197326E-7,
  "electron_correction": 2.010568245225386E-8,
  "electron_contaminaton": false,
  "energy": "0.1-0.8nm"
}
