{
  "time_tag": "2026-03-10T07:42:00Z",
  "satellite": 18,
  "flux": 6.317602583294502E-7,
  "observed_flux": 6.437025490413362E-7,
  "electron_correction": 1.1942301370027053E-8,
  "electron_contaminaton": false,
  "energy": "0.1-0.8nm"
}
