{
  "time_tag": "2026-02-01T09:22:00Z",
  "satellite": 18,
  "flux": 0.0000033853179957077373,
  "observed_flux": 0.0000034161851090175333,
  "electron_correction": 3.0867120415223326E-8,
  "electron_contaminaton": false,
  "energy": "0.1-0.8nm"
}
