{
  "time_tag": "2026-02-26T06:33:00Z",
  "satellite": 18,
  "flux": 0.0000010495728020032402,
  "observed_flux": 0.000001055146071848867,
  "electron_correction": 5.5732556347720674E-9,
  "electron_contaminaton": false,
  "energy": "0.1-0.8nm"
}
