{
    "time_tag": "2026-06-05T05:02:00Z",
    "satellite": 18,
    "flux": 1.0475189355929615e-06,
    "observed_flux": 1.0530080771786743e-06,
    "electron_correction": 5.489210863629523e-09,
    "electron_contaminaton": false,
    "energy": "0.1-0.8nm"
}