{
  "time_tag": "2026-05-21T00:04:00Z",
  "satellite": 18,
  "flux": 7.51662753373239E-7,
  "observed_flux": 8.01307635356352E-7,
  "electron_correction": 4.9644867772258294E-8,
  "electron_contaminaton": false,
  "energy": "0.1-0.8nm"
}
