{
  "time_tag": "2026-03-14T23:21:00Z",
  "satellite": 18,
  "flux": 4.480203017465101E-7,
  "observed_flux": 4.705994172127248E-7,
  "electron_correction": 2.2579126124355753E-8,
  "electron_contaminaton": false,
  "energy": "0.1-0.8nm"
}
