{
    "time_tag": "2026-05-30T14:23:00Z",
    "satellite": 18,
    "flux": 7.996689532774326e-07,
    "observed_flux": 8.18624641851784e-07,
    "electron_correction": 1.8955701008849246e-08,
    "electron_contaminaton": false,
    "energy": "0.1-0.8nm"
}