{
  "time_tag": "2026-03-07T18:56:00Z",
  "satellite": 18,
  "flux": 6.211935783539957E-7,
  "observed_flux": 6.646302495028067E-7,
  "electron_correction": 4.343664983252893E-8,
  "electron_contaminaton": false,
  "energy": "0.1-0.8nm"
}
