{
    "time_tag": "2026-05-29T21:17:00Z",
    "satellite": 18,
    "flux": 1.2096301134079113e-06,
    "observed_flux": 1.2512458624769351e-06,
    "electron_correction": 4.161580235972906e-08,
    "electron_contaminaton": false,
    "energy": "0.1-0.8nm"
}