{
  "time_tag": "2026-01-13T18:20:00Z",
  "satellite": 18,
  "flux": 8.233441235461214E-7,
  "observed_flux": 8.830540423332423E-7,
  "electron_correction": 5.970988325998405E-8,
  "electron_contaminaton": false,
  "energy": "0.1-0.8nm"
}
