{
  "time_tag": "2026-06-05T15:29:00Z",
  "satellite": 18,
  "flux": 0.0000012064818974977243,
  "observed_flux": 0.000001208303842759051,
  "electron_correction": 1.8219735720137464E-9,
  "electron_contaminaton": false,
  "energy": "0.1-0.8nm"
}
