{
  "time_tag": "2026-02-09T21:44:00Z",
  "satellite": 18,
  "flux": 0.00000132567299715447,
  "observed_flux": 0.0000013605462072519003,
  "electron_correction": 3.4873295362558565E-8,
  "electron_contaminaton": false,
  "energy": "0.1-0.8nm"
}
