{
  "time_tag": "2026-02-22T22:39:00Z",
  "satellite": 18,
  "flux": 4.3250051362520026E-7,
  "observed_flux": 5.013974373468955E-7,
  "electron_correction": 6.889691661626784E-8,
  "electron_contaminaton": false,
  "energy": "0.1-0.8nm"
}
