{
  "time_tag": "2026-04-18T22:55:00Z",
  "satellite": 18,
  "flux": 3.0529383820976363E-7,
  "observed_flux": 3.391999996438244E-7,
  "electron_correction": 3.390615432863342E-8,
  "electron_contaminaton": false,
  "energy": "0.1-0.8nm"
}
