{
    "time_tag": "2026-06-08T23:39:00Z",
    "satellite": 18,
    "flux": 9.177760489365028e-07,
    "observed_flux": 9.630588237996562e-07,
    "electron_correction": 4.528275354687139e-08,
    "electron_contaminaton": false,
    "energy": "0.1-0.8nm"
}