{
  "time_tag": "2026-02-05T08:42:00Z",
  "satellite": 18,
  "flux": 0.000009675759429228492,
  "observed_flux": 0.000009676587069407105,
  "electron_correction": 8.279142371669934E-10,
  "electron_contaminaton": false,
  "energy": "0.1-0.8nm"
}
