{
  "time_tag": "2026-04-25T19:12:00Z",
  "satellite": 18,
  "flux": 0.0000010422033938084496,
  "observed_flux": 0.0000010585579275357304,
  "electron_correction": 1.6354446685795665E-8,
  "electron_contaminaton": false,
  "energy": "0.1-0.8nm"
}
