{
    "time_tag": "2026-04-30T13:39:00Z",
    "satellite": 18,
    "flux": 8.610442705503374e-07,
    "observed_flux": 8.643887099424319e-07,
    "electron_correction": 3.3444327307563526e-09,
    "electron_contaminaton": false,
    "energy": "0.1-0.8nm"
}