{
  "time_tag": "2026-05-09T10:17:00Z",
  "satellite": 18,
  "flux": 9.210547773363942E-7,
  "observed_flux": 9.332762260783056E-7,
  "electron_correction": 1.2221426537450952E-8,
  "electron_contaminaton": false,
  "energy": "0.1-0.8nm"
}
