{
  "time_tag": "2026-02-24T09:45:00Z",
  "satellite": 18,
  "flux": 9.591065008862643E-7,
  "observed_flux": 9.679706636234187E-7,
  "electron_correction": 8.864217804216423E-9,
  "electron_contaminaton": false,
  "energy": "0.1-0.8nm"
}
