{
  "time_tag": "2026-04-24T09:48:00Z",
  "satellite": 18,
  "flux": 0.000007645151526958216,
  "observed_flux": 0.000007662258212803863,
  "electron_correction": 1.710644070840317E-8,
  "electron_contaminaton": false,
  "energy": "0.1-0.8nm"
}
