{
    "time_tag": "2026-05-11T12:21:00Z",
    "satellite": 18,
    "flux": 6.905456189088e-07,
    "observed_flux": 6.995140324761451e-07,
    "electron_correction": 8.968386033814113e-09,
    "electron_contaminaton": false,
    "energy": "0.1-0.8nm"
}