{
    "time_tag": "2026-04-23T12:35:00Z",
    "satellite": 18,
    "flux": 1.2066934687027242e-06,
    "observed_flux": 1.2305240488785785e-06,
    "electron_correction": 2.38305997157795e-08,
    "electron_contaminaton": false,
    "energy": "0.1-0.8nm"
}