{
    "time_tag": "2026-06-02T05:20:00Z",
    "satellite": 18,
    "flux": 2.161916881959769e-06,
    "observed_flux": 2.178050408474519e-06,
    "electron_correction": 1.6133469671331113e-08,
    "electron_contaminaton": false,
    "energy": "0.1-0.8nm"
}