{
  "time_tag": "2026-02-11T15:33:00Z",
  "satellite": 18,
  "flux": 0.0000012665713029491599,
  "observed_flux": 0.0000013072692581772571,
  "electron_correction": 4.069801917694349E-8,
  "electron_contaminaton": false,
  "energy": "0.1-0.8nm"
}
