{
  "time_tag": "2026-03-09T22:42:00Z",
  "satellite": 18,
  "flux": 8.637690029900114E-7,
  "observed_flux": 9.035486527864123E-7,
  "electron_correction": 3.977966755996931E-8,
  "electron_contaminaton": false,
  "energy": "0.1-0.8nm"
}
