{
    "time_tag": "2026-06-23T00:01:00Z",
    "satellite": 18,
    "flux": 7.511288231398794e-07,
    "observed_flux": 7.607309271406848e-07,
    "electron_correction": 9.602123540730645e-09,
    "electron_contaminaton": false,
    "energy": "0.1-0.8nm"
}