{
  "time_tag": "2026-01-23T19:21:00Z",
  "satellite": 18,
  "flux": 0.0000014085452448853175,
  "observed_flux": 0.0000014857655514788348,
  "electron_correction": 7.722029948808995E-8,
  "electron_contaminaton": false,
  "energy": "0.1-0.8nm"
}
