{
  "time_tag": "2026-04-24T13:05:00Z",
  "satellite": 18,
  "flux": 0.000015339812307502143,
  "observed_flux": 0.000015362420526798815,
  "electron_correction": 2.26085461463299E-8,
  "electron_contaminaton": false,
  "energy": "0.1-0.8nm"
}
