{
  "time_tag": "2026-05-01T17:15:00Z",
  "satellite": 18,
  "flux": 9.261067361876485E-7,
  "observed_flux": 9.76749106484931E-7,
  "electron_correction": 5.0642356086427753E-8,
  "electron_contaminaton": false,
  "energy": "0.1-0.8nm"
}
