{
  "time_tag": "2026-02-22T18:43:00Z",
  "satellite": 18,
  "flux": 5.150852757651592E-7,
  "observed_flux": 5.584483915299643E-7,
  "electron_correction": 4.336309800123672E-8,
  "electron_contaminaton": false,
  "energy": "0.1-0.8nm"
}
