{
  "time_tag": "2026-05-08T14:29:00Z",
  "satellite": 18,
  "flux": 6.661686597908556E-7,
  "observed_flux": 6.743748031112773E-7,
  "electron_correction": 8.206118451425937E-9,
  "electron_contaminaton": false,
  "energy": "0.1-0.8nm"
}
