{
  "time_tag": "2026-04-28T15:41:00Z",
  "satellite": 18,
  "flux": 0.0000012433101801434532,
  "observed_flux": 0.0000012523324812718784,
  "electron_correction": 9.022345537346155E-9,
  "electron_contaminaton": false,
  "energy": "0.1-0.8nm"
}
