{
    "time_tag": "2026-06-09T17:59:00Z",
    "satellite": 18,
    "flux": 7.942351771816902e-07,
    "observed_flux": 8.348231403942918e-07,
    "electron_correction": 4.0587998739738396e-08,
    "electron_contaminaton": false,
    "energy": "0.1-0.8nm"
}