{
  "time_tag": "2026-02-06T14:25:00Z",
  "satellite": 18,
  "flux": 0.0000016433124301329372,
  "observed_flux": 0.0000016650271845719544,
  "electron_correction": 2.1714829046004525E-8,
  "electron_contaminaton": false,
  "energy": "0.1-0.8nm"
}
