{
  "time_tag": "2026-06-21T21:55:00Z",
  "satellite": 18,
  "flux": 0.0000023981726826605154,
  "observed_flux": 0.0000024150922399712726,
  "electron_correction": 1.6919424083994272E-8,
  "electron_contaminaton": false,
  "energy": "0.1-0.8nm"
}
