{
  "time_tag": "2026-02-17T21:09:00Z",
  "satellite": 18,
  "flux": 5.483641416503815E-7,
  "observed_flux": 6.0850379668409E-7,
  "electron_correction": 6.013964792828119E-8,
  "electron_contaminaton": false,
  "energy": "0.1-0.8nm"
}
