{
    "time_tag": "2026-06-24T07:48:00Z",
    "satellite": 18,
    "flux": 9.705922821012791e-07,
    "observed_flux": 9.71037479757797e-07,
    "electron_correction": 4.451607693578552e-10,
    "electron_contaminaton": false,
    "energy": "0.1-0.8nm"
}