{
  "time_tag": "2026-03-16T14:54:00Z",
  "satellite": 18,
  "flux": 0.000005363214768294711,
  "observed_flux": 0.0000054042898227635305,
  "electron_correction": 4.107514328666184E-8,
  "electron_contaminaton": false,
  "energy": "0.1-0.8nm"
}
