{
  "time_tag": "2026-05-24T11:50:00Z",
  "satellite": 18,
  "flux": 0.0000012860067499786965,
  "observed_flux": 0.000001292820343223866,
  "electron_correction": 6.813563047103344E-9,
  "electron_contaminaton": false,
  "energy": "0.1-0.8nm"
}
