{
  "time_tag": "2026-06-12T00:01:00Z",
  "satellite": 18,
  "flux": 0.000001128938151850889,
  "observed_flux": 0.0000011407605597923975,
  "electron_correction": 1.1822427481433806E-8,
  "electron_contaminaton": false,
  "energy": "0.1-0.8nm"
}
