{
  "time_tag": "2026-03-09T11:54:00Z",
  "satellite": 18,
  "flux": 6.118413011790835E-7,
  "observed_flux": 6.306062800831569E-7,
  "electron_correction": 1.876497535135968E-8,
  "electron_contaminaton": false,
  "energy": "0.1-0.8nm"
}
