{
  "time_tag": "2026-01-27T19:20:00Z",
  "satellite": 18,
  "flux": 8.668877740092285E-7,
  "observed_flux": 9.214649594468938E-7,
  "electron_correction": 5.457715346324221E-8,
  "electron_contaminaton": false,
  "energy": "0.1-0.8nm"
}
