{
  "time_tag": "2026-02-24T02:35:00Z",
  "satellite": 18,
  "flux": 5.536579124054697E-7,
  "observed_flux": 6.208679224073421E-7,
  "electron_correction": 6.720999579101772E-8,
  "electron_contaminaton": false,
  "energy": "0.1-0.8nm"
}
