{
    "time_tag": "2026-05-08T12:02:00Z",
    "satellite": 18,
    "flux": 6.079103513911832e-07,
    "observed_flux": 6.098011908761691e-07,
    "electron_correction": 1.890889222977421e-09,
    "electron_contaminaton": false,
    "energy": "0.1-0.8nm"
}