{
  "time_tag": "2026-01-22T18:19:00Z",
  "satellite": 18,
  "flux": 0.0000015961715007506427,
  "observed_flux": 0.0000016871531443030108,
  "electron_correction": 9.098172171206897E-8,
  "electron_contaminaton": false,
  "energy": "0.1-0.8nm"
}
