{
    "time_tag": "2026-05-03T10:40:00Z",
    "satellite": 18,
    "flux": 9.781543894860079e-07,
    "observed_flux": 9.936919695974211e-07,
    "electron_correction": 1.553767425832575e-08,
    "electron_contaminaton": false,
    "energy": "0.1-0.8nm"
}