{
    "time_tag": "2026-06-19T14:43:00Z",
    "satellite": 18,
    "flux": 5.572533154918347e-07,
    "observed_flux": 5.722424702980788e-07,
    "electron_correction": 1.4989129937248435e-08,
    "electron_contaminaton": false,
    "energy": "0.1-0.8nm"
}