{
  "time_tag": "2026-06-13T17:07:00Z",
  "satellite": 18,
  "flux": 5.559431315305119E-7,
  "observed_flux": 6.044950282557693E-7,
  "electron_correction": 4.8551925146966823E-8,
  "electron_contaminaton": false,
  "energy": "0.1-0.8nm"
}
