{
  "time_tag": "2026-02-14T19:21:00Z",
  "satellite": 18,
  "flux": 5.013443455936795E-7,
  "observed_flux": 5.551752906285401E-7,
  "electron_correction": 5.383092727129224E-8,
  "electron_contaminaton": false,
  "energy": "0.1-0.8nm"
}
