{
  "time_tag": "2026-03-05T21:44:00Z",
  "satellite": 18,
  "flux": 8.094002623693086E-7,
  "observed_flux": 8.337212307196751E-7,
  "electron_correction": 2.4320945257727544E-8,
  "electron_contaminaton": false,
  "energy": "0.1-0.8nm"
}
