{
  "time_tag": "2026-03-21T10:52:00Z",
  "satellite": 18,
  "flux": 3.661479865968431E-7,
  "observed_flux": 3.66489643965906E-7,
  "electron_correction": 3.4166142137692646E-10,
  "electron_contaminaton": false,
  "energy": "0.1-0.8nm"
}
