{
  "time_tag": "2026-05-20T15:41:00Z",
  "satellite": 18,
  "flux": 7.099963568180101E-7,
  "observed_flux": 7.567663260488189E-7,
  "electron_correction": 4.6769997652518214E-8,
  "electron_contaminaton": false,
  "energy": "0.1-0.8nm"
}
