{
  "time_tag": "2026-05-12T04:20:00Z",
  "satellite": 18,
  "flux": 5.020741014050145E-7,
  "observed_flux": 5.138299457030371E-7,
  "electron_correction": 1.1755796336387903E-8,
  "electron_contaminaton": false,
  "energy": "0.1-0.8nm"
}
