{
    "time_tag": "2026-06-14T17:07:00Z",
    "satellite": 18,
    "flux": 5.127066060595098e-07,
    "observed_flux": 5.583765414485242e-07,
    "electron_correction": 4.566994959986914e-08,
    "electron_contaminaton": false,
    "energy": "0.1-0.8nm"
}