{
  "time_tag": "2025-12-30T19:16:00Z",
  "satellite": 18,
  "flux": 0.000001633806618883682,
  "observed_flux": 0.0000016539156604267191,
  "electron_correction": 2.0109013121327735E-8,
  "electron_contaminaton": false,
  "energy": "0.1-0.8nm"
}
