{
  "time_tag": "2026-03-03T00:53:00Z",
  "satellite": 18,
  "flux": 0.000001864650698735204,
  "observed_flux": 0.0000018904652279161382,
  "electron_correction": 2.5814426152237502E-8,
  "electron_contaminaton": false,
  "energy": "0.1-0.8nm"
}
