{
  "time_tag": "2026-05-31T16:37:00Z",
  "satellite": 18,
  "flux": 7.176251983764814E-7,
  "observed_flux": 7.61366266033292E-7,
  "electron_correction": 4.374106410409695E-8,
  "electron_contaminaton": false,
  "energy": "0.1-0.8nm"
}
