{
  "time_tag": "2026-02-04T22:08:00Z",
  "satellite": 18,
  "flux": 0.000002702628989936784,
  "observed_flux": 0.000002710879471123917,
  "electron_correction": 8.250442107282652E-9,
  "electron_contaminaton": false,
  "energy": "0.1-0.8nm"
}
