{
    "time_tag": "2026-04-24T11:43:00Z",
    "satellite": 18,
    "flux": 2.451537284287042e-06,
    "observed_flux": 2.4733176360314246e-06,
    "electron_correction": 2.1780335757171088e-08,
    "electron_contaminaton": false,
    "energy": "0.1-0.8nm"
}