{
  "time_tag": "2026-02-27T09:13:00Z",
  "satellite": 18,
  "flux": 5.8507584554945424E-8,
  "observed_flux": 1.0459576316179664E-7,
  "electron_correction": 4.6088182159564894E-8,
  "electron_contaminaton": false,
  "energy": "0.1-0.8nm"
}
