{
  "time_tag": "2026-02-06T06:00:00Z",
  "satellite": 18,
  "flux": 0.0000033156597964989487,
  "observed_flux": 0.000003323859118609107,
  "electron_correction": 8.199271483988468E-9,
  "electron_contaminaton": false,
  "energy": "0.1-0.8nm"
}
