{
    "time_tag": "2026-06-09T06:15:00Z",
    "satellite": 18,
    "flux": 1.167103846455575e-06,
    "observed_flux": 1.1921218856514315e-06,
    "electron_correction": 2.5018014326860794e-08,
    "electron_contaminaton": false,
    "energy": "0.1-0.8nm"
}