{
    "time_tag": "2026-06-17T15:59:00Z",
    "satellite": 18,
    "flux": 4.208712311992713e-07,
    "observed_flux": 4.3147184669578564e-07,
    "electron_correction": 1.0600615496514365e-08,
    "electron_contaminaton": false,
    "energy": "0.1-0.8nm"
}