{
  "time_tag": "2026-05-23T23:31:00Z",
  "satellite": 18,
  "flux": 0.0000014590677892556414,
  "observed_flux": 0.0000014898075733071892,
  "electron_correction": 3.073981247325719E-8,
  "electron_contaminaton": false,
  "energy": "0.1-0.8nm"
}
