{
    "time_tag": "2026-06-13T21:12:00Z",
    "satellite": 18,
    "flux": 5.46318347005581e-07,
    "observed_flux": 6.090697297622683e-07,
    "electron_correction": 6.27513543349778e-08,
    "electron_contaminaton": false,
    "energy": "0.1-0.8nm"
}