{
    "time_tag": "2026-05-09T15:45:00Z",
    "satellite": 18,
    "flux": 9.288376645599783e-07,
    "observed_flux": 9.545244665787322e-07,
    "electron_correction": 2.568681090053815e-08,
    "electron_contaminaton": false,
    "energy": "0.1-0.8nm"
}