{
  "time_tag": "2026-05-06T16:32:00Z",
  "satellite": 18,
  "flux": 0.0000010536988384046708,
  "observed_flux": 0.00000109615859855694,
  "electron_correction": 4.2459763704982834E-8,
  "electron_contaminaton": false,
  "energy": "0.1-0.8nm"
}
