{
  "time_tag": "2026-02-27T18:27:00Z",
  "satellite": 18,
  "flux": 0.0000011780246040871134,
  "observed_flux": 0.00000121521975415817,
  "electron_correction": 3.719511454391977E-8,
  "electron_contaminaton": false,
  "energy": "0.1-0.8nm"
}
