{
  "time_tag": "2026-05-28T23:25:00Z",
  "satellite": 19,
  "flux": 8.250012797361705E-7,
  "observed_flux": 8.620521043667395E-7,
  "electron_correction": 3.705081397242793E-8,
  "electron_contaminaton": false,
  "energy": "0.1-0.8nm"
}
