{
  "time_tag": "2026-04-20T00:40:00Z",
  "satellite": 18,
  "flux": 3.9407089502674353E-7,
  "observed_flux": 4.4925363340553304E-7,
  "electron_correction": 5.518275969507158E-8,
  "electron_contaminaton": false,
  "energy": "0.1-0.8nm"
}
