{
  "time_tag": "2026-04-24T19:07:00Z",
  "satellite": 18,
  "flux": 0.000005619819148705574,
  "observed_flux": 0.000005661966497427784,
  "electron_correction": 4.2147522805180415E-8,
  "electron_contaminaton": false,
  "energy": "0.1-0.8nm"
}
