{
  "time_tag": "2025-12-10T11:21:00Z",
  "satellite": 18,
  "flux": 0.0000016575191921219812,
  "observed_flux": 0.0000016581243471591733,
  "electron_correction": 6.051321665978548E-10,
  "electron_contaminaton": false,
  "energy": "0.1-0.8nm"
}
