{
  "time_tag": "2026-03-04T03:29:00Z",
  "satellite": 18,
  "flux": 0.0000025893461952364305,
  "observed_flux": 0.0000026172390334977536,
  "electron_correction": 2.7892850695820925E-8,
  "electron_contaminaton": false,
  "energy": "0.1-0.8nm"
}
