{
    "time_tag": "2026-06-10T23:05:00Z",
    "satellite": 18,
    "flux": 7.481281159016362e-07,
    "observed_flux": 7.961838264236576e-07,
    "electron_correction": 4.8055699863880363e-08,
    "electron_contaminaton": false,
    "energy": "0.1-0.8nm"
}