{
  "time_tag": "2026-02-07T12:41:00Z",
  "satellite": 18,
  "flux": 0.0000015136253068703809,
  "observed_flux": 0.000001543983103147184,
  "electron_correction": 3.035775719695266E-8,
  "electron_contaminaton": false,
  "energy": "0.1-0.8nm"
}
