{
  "time_tag": "2026-01-31T11:22:00Z",
  "satellite": 18,
  "flux": 0.00000284679254036746,
  "observed_flux": 0.0000028878259854536736,
  "electron_correction": 4.103334916294443E-8,
  "electron_contaminaton": false,
  "energy": "0.1-0.8nm"
}
