{
  "time_tag": "2025-12-21T21:18:00Z",
  "satellite": 18,
  "flux": 0.0000015982841432560235,
  "observed_flux": 0.0000016380038232455263,
  "electron_correction": 3.9719655120507014E-8,
  "electron_contaminaton": false,
  "energy": "0.1-0.8nm"
}
