{
  "time_tag": "2026-03-31T14:12:00Z",
  "satellite": 18,
  "flux": 7.825468060218554E-7,
  "observed_flux": 7.914307502687734E-7,
  "electron_correction": 8.883970004092134E-9,
  "electron_contaminaton": false,
  "energy": "0.1-0.8nm"
}
