{
  "time_tag": "2026-03-24T11:29:00Z",
  "satellite": 18,
  "flux": 6.568521371264069E-7,
  "observed_flux": 6.900238531670766E-7,
  "electron_correction": 3.317171604066971E-8,
  "electron_contaminaton": false,
  "energy": "0.1-0.8nm"
}
