{
  "time_tag": "2026-04-26T06:42:00Z",
  "satellite": 18,
  "flux": 9.983070867747301E-7,
  "observed_flux": 9.990641274271184E-7,
  "electron_correction": 7.570808424617326E-10,
  "electron_contaminaton": false,
  "energy": "0.1-0.8nm"
}
