{
  "time_tag": "2026-05-12T21:32:00Z",
  "satellite": 18,
  "flux": 7.045036340969091E-7,
  "observed_flux": 7.174047595981392E-7,
  "electron_correction": 1.290111661944593E-8,
  "electron_contaminaton": false,
  "energy": "0.1-0.8nm"
}
