{
  "time_tag": "2026-03-06T12:26:00Z",
  "satellite": 18,
  "flux": 6.743658786945161E-7,
  "observed_flux": 6.750372563146811E-7,
  "electron_correction": 6.713781752765158E-10,
  "electron_contaminaton": false,
  "energy": "0.1-0.8nm"
}
