{
  "time_tag": "2026-03-12T12:27:00Z",
  "satellite": 18,
  "flux": 9.040716122399317E-7,
  "observed_flux": 9.211163387590204E-7,
  "electron_correction": 1.704477092800971E-8,
  "electron_contaminaton": false,
  "energy": "0.1-0.8nm"
}
