{
  "time_tag": "2026-07-02T03:41:00Z",
  "satellite": 18,
  "flux": 0.0000035869072689820314,
  "observed_flux": 0.000003595273483369965,
  "electron_correction": 8.36619307165165E-9,
  "electron_contaminaton": false,
  "energy": "0.1-0.8nm"
}
