{
  "time_tag": "2025-12-14T17:16:00Z",
  "satellite": 18,
  "flux": 0.000001734650254547887,
  "observed_flux": 0.0000017833780248110997,
  "electron_correction": 4.872777026321273E-8,
  "electron_contaminaton": false,
  "energy": "0.1-0.8nm"
}
