{
  "time_tag": "2026-04-29T08:29:00Z",
  "satellite": 18,
  "flux": 9.109302254728391E-7,
  "observed_flux": 9.122572919295635E-7,
  "electron_correction": 1.327029264253099E-9,
  "electron_contaminaton": false,
  "energy": "0.1-0.8nm"
}
