{
    "time_tag": "2026-06-05T00:15:00Z",
    "satellite": 18,
    "flux": 1.1895499483216554e-06,
    "observed_flux": 1.1993926136710797e-06,
    "electron_correction": 9.842665349424351e-09,
    "electron_contaminaton": false,
    "energy": "0.1-0.8nm"
}