{
  "time_tag": "2026-06-01T19:05:00Z",
  "satellite": 18,
  "flux": 6.962926590858842E-7,
  "observed_flux": 7.355201319114713E-7,
  "electron_correction": 3.9227483483728065E-8,
  "electron_contaminaton": false,
  "energy": "0.1-0.8nm"
}
