{
  "time_tag": "2026-04-24T06:55:00Z",
  "satellite": 18,
  "flux": 0.000001966669742614613,
  "observed_flux": 0.0000019867397895723116,
  "electron_correction": 2.0070189066245803E-8,
  "electron_contaminaton": false,
  "energy": "0.1-0.8nm"
}
