{
  "time_tag": "2026-01-27T13:28:00Z",
  "satellite": 18,
  "flux": 9.887721716950182E-7,
  "observed_flux": 0.000001011205426948436,
  "electron_correction": 2.243332630769146E-8,
  "electron_contaminaton": false,
  "energy": "0.1-0.8nm"
}
