{
  "time_tag": "2026-04-27T02:57:00Z",
  "satellite": 18,
  "flux": 0.000002887466052925447,
  "observed_flux": 0.0000028960348572582006,
  "electron_correction": 8.568788345542089E-9,
  "electron_contaminaton": false,
  "energy": "0.1-0.8nm"
}
