{
    "time_tag": "2026-06-16T21:29:00Z",
    "satellite": 18,
    "flux": 4.4934654397366103e-07,
    "observed_flux": 4.860868898504123e-07,
    "electron_correction": 3.674033166589652e-08,
    "electron_contaminaton": false,
    "energy": "0.1-0.8nm"
}