{
  "time_tag": "2026-02-23T18:34:00Z",
  "satellite": 18,
  "flux": 4.666626978178101E-7,
  "observed_flux": 5.632859370052756E-7,
  "electron_correction": 9.662321787118344E-8,
  "electron_contaminaton": false,
  "energy": "0.1-0.8nm"
}
