{
  "time_tag": "2026-05-13T19:31:00Z",
  "satellite": 18,
  "flux": 6.774393455089012E-7,
  "observed_flux": 6.827115726082411E-7,
  "electron_correction": 5.272222214358635E-9,
  "electron_contaminaton": false,
  "energy": "0.1-0.8nm"
}
