{
  "time_tag": "2026-03-14T19:37:00Z",
  "satellite": 18,
  "flux": 0.0000011773572623496875,
  "observed_flux": 0.000001245130420102214,
  "electron_correction": 6.777320749051796E-8,
  "electron_contaminaton": false,
  "energy": "0.1-0.8nm"
}
