{
  "time_tag": "2026-03-20T12:44:00Z",
  "satellite": 18,
  "flux": 3.179140719566931E-7,
  "observed_flux": 3.1814690260034695E-7,
  "electron_correction": 2.328320036770748E-10,
  "electron_contaminaton": false,
  "energy": "0.1-0.8nm"
}
