{
  "time_tag": "2026-03-09T08:21:00Z",
  "satellite": 18,
  "flux": 6.243610073397576E-7,
  "observed_flux": 6.31190630429046E-7,
  "electron_correction": 6.829639964678336E-9,
  "electron_contaminaton": false,
  "energy": "0.1-0.8nm"
}
