{
  "time_tag": "2025-12-12T10:19:00Z",
  "satellite": 18,
  "flux": 0.0000013456709666570532,
  "observed_flux": 0.0000013551292568081408,
  "electron_correction": 9.458288374730728E-9,
  "electron_contaminaton": false,
  "energy": "0.1-0.8nm"
}
