{
  "time_tag": "2026-05-04T04:29:00Z",
  "satellite": 18,
  "flux": 9.04760838693619E-7,
  "observed_flux": 9.208725941789453E-7,
  "electron_correction": 1.611174127447157E-8,
  "electron_contaminaton": false,
  "energy": "0.1-0.8nm"
}
