{
  "time_tag": "2026-01-02T00:38:00Z",
  "satellite": 18,
  "flux": 0.0000015521733303103247,
  "observed_flux": 0.00000157387171384471,
  "electron_correction": 2.169831603282546E-8,
  "electron_contaminaton": false,
  "energy": "0.1-0.8nm"
}
