{
  "time_tag": "2026-03-14T22:51:00Z",
  "satellite": 18,
  "flux": 4.524967209817987E-7,
  "observed_flux": 4.970770532963797E-7,
  "electron_correction": 4.4580342972722065E-8,
  "electron_contaminaton": false,
  "energy": "0.1-0.8nm"
}
