{
  "time_tag": "2025-12-10T16:23:00Z",
  "satellite": 18,
  "flux": 0.000001466002231609309,
  "observed_flux": 0.0000014744495047125383,
  "electron_correction": 8.447376131925921E-9,
  "electron_contaminaton": false,
  "energy": "0.1-0.8nm"
}
