{
  "time_tag": "2026-02-28T22:37:00Z",
  "satellite": 18,
  "flux": 0.0000011478842907308717,
  "observed_flux": 0.0000012107781230952241,
  "electron_correction": 6.289383946977978E-8,
  "electron_contaminaton": false,
  "energy": "0.1-0.8nm"
}
