{
    "time_tag": "2026-04-25T23:35:00Z",
    "satellite": 18,
    "flux": 1.1820443432952743e-06,
    "observed_flux": 1.1919851203856524e-06,
    "electron_correction": 9.94076287952339e-09,
    "electron_contaminaton": false,
    "energy": "0.1-0.8nm"
}