{
    "time_tag": "2026-06-04T19:25:00Z",
    "satellite": 18,
    "flux": 1.2952100405527744e-06,
    "observed_flux": 1.3069505939711235e-06,
    "electron_correction": 1.174055253017059e-08,
    "electron_contaminaton": false,
    "energy": "0.1-0.8nm"
}