{
  "time_tag": "2026-03-05T18:14:00Z",
  "satellite": 18,
  "flux": 6.550566240548505E-7,
  "observed_flux": 6.773295240236621E-7,
  "electron_correction": 2.227291240330942E-8,
  "electron_contaminaton": false,
  "energy": "0.1-0.8nm"
}
