{
  "time_tag": "2026-06-06T15:33:00Z",
  "satellite": 18,
  "flux": 0.0000028875851967313793,
  "observed_flux": 0.0000029284792617545463,
  "electron_correction": 4.089403660145763E-8,
  "electron_contaminaton": false,
  "energy": "0.1-0.8nm"
}
