{
    "time_tag": "2026-06-07T05:20:00Z",
    "satellite": 18,
    "flux": 1.4030650845597847e-06,
    "observed_flux": 1.4366647747010575e-06,
    "electron_correction": 3.359971856298216e-08,
    "electron_contaminaton": false,
    "energy": "0.1-0.8nm"
}