{
  "time_tag": "2026-03-20T14:43:00Z",
  "satellite": 18,
  "flux": 2.9826799163856776E-7,
  "observed_flux": 3.0050122745706176E-7,
  "electron_correction": 2.2332462545904264E-9,
  "electron_contaminaton": false,
  "energy": "0.1-0.8nm"
}
