{
  "time_tag": "2026-03-13T22:05:00Z",
  "satellite": 18,
  "flux": 0.0000011193943691978347,
  "observed_flux": 0.0000011548758038770757,
  "electron_correction": 3.548145954823667E-8,
  "electron_contaminaton": false,
  "energy": "0.1-0.8nm"
}
