{
  "time_tag": "2026-05-14T01:57:00Z",
  "satellite": 18,
  "flux": 7.636623990947555E-7,
  "observed_flux": 7.667972568015102E-7,
  "electron_correction": 3.1348070805847783E-9,
  "electron_contaminaton": false,
  "energy": "0.1-0.8nm"
}
