{
  "time_tag": "2026-04-18T01:34:00Z",
  "satellite": 18,
  "flux": 3.009113811458519E-7,
  "observed_flux": 3.027655282039632E-7,
  "electron_correction": 1.85412873943136E-9,
  "electron_contaminaton": false,
  "energy": "0.1-0.8nm"
}
