{
  "time_tag": "2026-04-27T01:01:00Z",
  "satellite": 18,
  "flux": 0.0000021747762275481364,
  "observed_flux": 0.0000021777402707812143,
  "electron_correction": 2.964005485495136E-9,
  "electron_contaminaton": false,
  "energy": "0.1-0.8nm"
}
