{
  "time_tag": "2026-06-06T16:35:00Z",
  "satellite": 18,
  "flux": 0.0000016844545598360128,
  "observed_flux": 0.0000017295363932134933,
  "electron_correction": 4.5081900879040404E-8,
  "electron_contaminaton": false,
  "energy": "0.1-0.8nm"
}
