{
  "time_tag": "2026-04-18T15:09:00Z",
  "satellite": 18,
  "flux": 3.8038552929720026E-7,
  "observed_flux": 4.0405683421340655E-7,
  "electron_correction": 2.3671326232488354E-8,
  "electron_contaminaton": false,
  "energy": "0.1-0.8nm"
}
