{
  "time_tag": "2026-04-18T12:45:00Z",
  "satellite": 18,
  "flux": 3.7700155530728807E-7,
  "observed_flux": 3.9265759710360726E-7,
  "electron_correction": 1.565603646724867E-8,
  "electron_contaminaton": false,
  "energy": "0.1-0.8nm"
}
