{
  "time_tag": "2026-01-17T00:37:00Z",
  "satellite": 18,
  "flux": 0.0000012703783340839436,
  "observed_flux": 0.0000013039940540693351,
  "electron_correction": 3.361566314197262E-8,
  "electron_contaminaton": false,
  "energy": "0.1-0.8nm"
}
