{
  "time_tag": "2026-02-24T20:26:00Z",
  "satellite": 18,
  "flux": 0.0000014000969486005488,
  "observed_flux": 0.0000014874273119858117,
  "electron_correction": 8.733027812013461E-8,
  "electron_contaminaton": false,
  "energy": "0.1-0.8nm"
}
