{
  "time_tag": "2026-06-07T16:09:00Z",
  "satellite": 18,
  "flux": 0.0000013107619452057406,
  "observed_flux": 0.0000013527836699722684,
  "electron_correction": 4.202178516266031E-8,
  "electron_contaminaton": false,
  "energy": "0.1-0.8nm"
}
