{
  "time_tag": "2026-02-13T15:45:00Z",
  "satellite": 18,
  "flux": 5.71987584407907E-7,
  "observed_flux": 6.105368584030657E-7,
  "electron_correction": 3.854930241686816E-8,
  "electron_contaminaton": false,
  "energy": "0.1-0.8nm"
}
