{
  "time_tag": "2026-01-17T16:19:00Z",
  "satellite": 18,
  "flux": 0.0000018259710259371786,
  "observed_flux": 0.0000018748213506114553,
  "electron_correction": 4.8850381517695496E-8,
  "electron_contaminaton": false,
  "energy": "0.1-0.8nm"
}
