{
  "time_tag": "2026-06-05T17:22:00Z",
  "satellite": 18,
  "flux": 9.826702580539859E-7,
  "observed_flux": 9.91840011010936E-7,
  "electron_correction": 9.169731640668033E-9,
  "electron_contaminaton": false,
  "energy": "0.1-0.8nm"
}
