{
  "time_tag": "2026-02-08T15:20:00Z",
  "satellite": 18,
  "flux": 0.0000056887074606493115,
  "observed_flux": 0.000005733003035857109,
  "electron_correction": 4.429593047916569E-8,
  "electron_contaminaton": false,
  "energy": "0.1-0.8nm"
}
