{
  "time_tag": "2026-03-21T11:03:00Z",
  "satellite": 18,
  "flux": 3.8264428781076276E-7,
  "observed_flux": 3.8268737512225925E-7,
  "electron_correction": 4.3073017375050426E-11,
  "electron_contaminaton": false,
  "energy": "0.1-0.8nm"
}
