{
  "time_tag": "2026-03-22T10:53:00Z",
  "satellite": 18,
  "flux": 7.317884751500969E-7,
  "observed_flux": 7.760597213746223E-7,
  "electron_correction": 4.4271217802815954E-8,
  "electron_contaminaton": false,
  "energy": "0.1-0.8nm"
}
