{
  "time_tag": "2026-05-15T01:08:00Z",
  "satellite": 18,
  "flux": 9.966787501980434E-7,
  "observed_flux": 0.0000010065612059406703,
  "electron_correction": 9.882430873631165E-9,
  "electron_contaminaton": false,
  "energy": "0.1-0.8nm"
}
