{
  "time_tag": "2026-01-29T23:22:00Z",
  "satellite": 18,
  "flux": 8.0073141361936E-7,
  "observed_flux": 8.68536574216705E-7,
  "electron_correction": 6.780514638649038E-8,
  "electron_contaminaton": false,
  "energy": "0.1-0.8nm"
}
