{
  "time_tag": "2026-04-21T19:37:00Z",
  "satellite": 18,
  "flux": 7.196263709374762E-7,
  "observed_flux": 8.01759711066552E-7,
  "electron_correction": 8.213333302364845E-8,
  "electron_contaminaton": false,
  "energy": "0.1-0.8nm"
}
