{
  "time_tag": "2026-06-03T23:16:00Z",
  "satellite": 18,
  "flux": 0.0000010615220844556461,
  "observed_flux": 0.0000010913927326328121,
  "electron_correction": 2.9870580675606107E-8,
  "electron_contaminaton": false,
  "energy": "0.1-0.8nm"
}
