{
  "time_tag": "2025-12-28T16:20:00Z",
  "satellite": 18,
  "flux": 0.0000018863548802983132,
  "observed_flux": 0.00000193024334294023,
  "electron_correction": 4.38883454023653E-8,
  "electron_contaminaton": false,
  "energy": "0.1-0.8nm"
}
