{
  "time_tag": "2026-05-29T18:02:00Z",
  "satellite": 18,
  "flux": 7.954320722092234E-7,
  "observed_flux": 8.382776854887197E-7,
  "electron_correction": 4.2845599068641604E-8,
  "electron_contaminaton": false,
  "energy": "0.1-0.8nm"
}
