{
  "time_tag": "2026-05-28T08:52:00Z",
  "satellite": 19,
  "flux": 8.976597314358514E-7,
  "observed_flux": 9.161180400951707E-7,
  "electron_correction": 1.8458298001178264E-8,
  "electron_contaminaton": false,
  "energy": "0.1-0.8nm"
}
