{
  "time_tag": "2026-01-04T15:17:00Z",
  "satellite": 18,
  "flux": 0.0000014527653320328682,
  "observed_flux": 0.0000014886628605381702,
  "electron_correction": 3.589754271615675E-8,
  "electron_contaminaton": false,
  "energy": "0.1-0.8nm"
}
