{
  "time_tag": "2026-01-17T22:18:00Z",
  "satellite": 18,
  "flux": 0.0000011301631275273394,
  "observed_flux": 0.0000012100429103156785,
  "electron_correction": 7.987978989376643E-8,
  "electron_contaminaton": false,
  "energy": "0.1-0.8nm"
}
