{
    "time_tag": "2026-05-10T11:27:00Z",
    "satellite": 18,
    "flux": 6.203044904395938e-07,
    "observed_flux": 6.339878950711864e-07,
    "electron_correction": 1.3683377986239975e-08,
    "electron_contaminaton": false,
    "energy": "0.1-0.8nm"
}