{
  "time_tag": "2026-02-22T13:42:00Z",
  "satellite": 18,
  "flux": 5.591447234110092E-7,
  "observed_flux": 5.647570446853933E-7,
  "electron_correction": 5.612326159365466E-9,
  "electron_contaminaton": false,
  "energy": "0.1-0.8nm"
}
