{
  "time_tag": "2026-03-10T11:41:00Z",
  "satellite": 18,
  "flux": 0.0000019092021830147132,
  "observed_flux": 0.0000019101744328509085,
  "electron_correction": 9.723785110438143E-10,
  "electron_contaminaton": false,
  "energy": "0.1-0.8nm"
}
