{
  "time_tag": "2026-03-14T11:04:00Z",
  "satellite": 18,
  "flux": 6.49631488158775E-7,
  "observed_flux": 6.788515065636602E-7,
  "electron_correction": 2.9220013075814677E-8,
  "electron_contaminaton": false,
  "energy": "0.1-0.8nm"
}
