{
  "time_tag": "2026-02-13T16:47:00Z",
  "satellite": 18,
  "flux": 4.595058555878495E-7,
  "observed_flux": 5.066456765234761E-7,
  "electron_correction": 4.713982804105399E-8,
  "electron_contaminaton": false,
  "energy": "0.1-0.8nm"
}
