{
  "time_tag": "2026-05-02T23:02:00Z",
  "satellite": 18,
  "flux": 0.0000012092384622519603,
  "observed_flux": 0.0000012495214605223737,
  "electron_correction": 4.028300537584073E-8,
  "electron_contaminaton": false,
  "energy": "0.1-0.8nm"
}
