{
  "time_tag": "2026-01-02T22:18:00Z",
  "satellite": 18,
  "flux": 0.0000011547876965778414,
  "observed_flux": 0.0000012257405614946038,
  "electron_correction": 7.095281517877083E-8,
  "electron_contaminaton": false,
  "energy": "0.1-0.8nm"
}
