{
  "time_tag": "2026-04-27T14:28:00Z",
  "satellite": 18,
  "flux": 9.224711448041489E-7,
  "observed_flux": 9.292479603573156E-7,
  "electron_correction": 6.776830652199806E-9,
  "electron_contaminaton": false,
  "energy": "0.1-0.8nm"
}
