{
    "time_tag": "2026-04-30T12:18:00Z",
    "satellite": 18,
    "flux": 9.66444417827006e-07,
    "observed_flux": 9.680055654825992e-07,
    "electron_correction": 1.5611846260199513e-09,
    "electron_contaminaton": false,
    "energy": "0.1-0.8nm"
}