{
    "time_tag": "2026-04-27T14:09:00Z",
    "satellite": 18,
    "flux": 8.606623396190116e-07,
    "observed_flux": 8.66976563429489e-07,
    "electron_correction": 6.314232692261612e-09,
    "electron_contaminaton": false,
    "energy": "0.1-0.8nm"
}