{
  "time_tag": "2026-05-09T15:06:00Z",
  "satellite": 18,
  "flux": 8.222184533224208E-7,
  "observed_flux": 8.463412086712196E-7,
  "electron_correction": 2.4122730479803067E-8,
  "electron_contaminaton": false,
  "energy": "0.1-0.8nm"
}
