{
    "time_tag": "2026-06-25T20:49:00Z",
    "satellite": 18,
    "flux": 1.2065829650964588e-06,
    "observed_flux": 1.2934334563396988e-06,
    "electron_correction": 8.685046992695789e-08,
    "electron_contaminaton": false,
    "energy": "0.1-0.8nm"
}