{
  "time_tag": "2026-01-24T23:18:00Z",
  "satellite": 18,
  "flux": 0.0000010314723795090686,
  "observed_flux": 0.0000011004804036929272,
  "electron_correction": 6.900797444586715E-8,
  "electron_contaminaton": false,
  "energy": "0.1-0.8nm"
}
