{
  "time_tag": "2026-05-22T17:53:00Z",
  "satellite": 18,
  "flux": 7.809368298694608E-7,
  "observed_flux": 8.155976729540271E-7,
  "electron_correction": 3.466087861170308E-8,
  "electron_contaminaton": false,
  "energy": "0.1-0.8nm"
}
