{
    "time_tag": "2026-05-13T08:15:00Z",
    "satellite": 18,
    "flux": 6.596584398721461e-07,
    "observed_flux": 6.637404226239596e-07,
    "electron_correction": 4.081977422742966e-09,
    "electron_contaminaton": false,
    "energy": "0.1-0.8nm"
}