{
  "time_tag": "2026-03-17T14:37:00Z",
  "satellite": 18,
  "flux": 3.399460410946631E-7,
  "observed_flux": 3.726893282873789E-7,
  "electron_correction": 3.274327653457476E-8,
  "electron_contaminaton": false,
  "energy": "0.1-0.8nm"
}
