{
  "time_tag": "2026-03-25T20:17:00Z",
  "satellite": 18,
  "flux": 0.0000014801242969042505,
  "observed_flux": 0.0000015353873550338903,
  "electron_correction": 5.5263075893208224E-8,
  "electron_contaminaton": false,
  "energy": "0.1-0.8nm"
}
