{
  "time_tag": "2025-12-28T02:54:00Z",
  "satellite": 18,
  "flux": 0.0000014925961977496627,
  "observed_flux": 0.0000015341491916842642,
  "electron_correction": 4.1552990381887867E-8,
  "electron_contaminaton": false,
  "energy": "0.1-0.8nm"
}
