{
    "time_tag": "2026-05-30T03:16:00Z",
    "satellite": 18,
    "flux": 9.320781373389764e-07,
    "observed_flux": 9.503119144937955e-07,
    "electron_correction": 1.823379847110118e-08,
    "electron_contaminaton": false,
    "energy": "0.1-0.8nm"
}