{
  "time_tag": "2026-04-24T17:03:00Z",
  "satellite": 18,
  "flux": 0.0000027106063953397097,
  "observed_flux": 0.0000027477340154291596,
  "electron_correction": 3.7127740881715E-8,
  "electron_contaminaton": false,
  "energy": "0.1-0.8nm"
}
