{
  "time_tag": "2026-03-18T04:28:00Z",
  "satellite": 18,
  "flux": 0.0000012013604191452032,
  "observed_flux": 0.0000012255070487299236,
  "electron_correction": 2.4146579846728855E-8,
  "electron_contaminaton": false,
  "energy": "0.1-0.8nm"
}
