{
  "time_tag": "2026-03-07T07:24:00Z",
  "satellite": 18,
  "flux": 5.483574909703748E-7,
  "observed_flux": 5.492787522598519E-7,
  "electron_correction": 9.212592910756712E-10,
  "electron_contaminaton": false,
  "energy": "0.1-0.8nm"
}
