{
  "time_tag": "2026-01-16T02:50:00Z",
  "satellite": 18,
  "flux": 9.135886784861214E-7,
  "observed_flux": 9.520699109089037E-7,
  "electron_correction": 3.848120755378659E-8,
  "electron_contaminaton": false,
  "energy": "0.1-0.8nm"
}
