{
  "time_tag": "2026-04-22T11:45:00Z",
  "satellite": 18,
  "flux": 5.217385705691413E-7,
  "observed_flux": 5.433002456811664E-7,
  "electron_correction": 2.1561662677527238E-8,
  "electron_contaminaton": false,
  "energy": "0.1-0.8nm"
}
