{
    "time_tag": "2026-07-02T11:29:00Z",
    "satellite": 18,
    "flux": 3.3797209653130267e-06,
    "observed_flux": 3.3872941003210144e-06,
    "electron_correction": 7.572999116689516e-09,
    "electron_contaminaton": false,
    "energy": "0.1-0.8nm"
}