{
    "time_tag": "2026-06-16T22:56:00Z",
    "satellite": 18,
    "flux": 5.691757110071194e-07,
    "observed_flux": 6.04103490786656e-07,
    "electron_correction": 3.49277549105409e-08,
    "electron_contaminaton": false,
    "energy": "0.1-0.8nm"
}