{
  "time_tag": "2026-03-15T20:39:00Z",
  "satellite": 18,
  "flux": 4.339748329584836E-7,
  "observed_flux": 5.195129801904841E-7,
  "electron_correction": 8.553817565370991E-8,
  "electron_contaminaton": false,
  "energy": "0.1-0.8nm"
}
