{
  "time_tag": "2026-03-01T10:50:00Z",
  "satellite": 18,
  "flux": 8.522032430846593E-7,
  "observed_flux": 8.65901313318318E-7,
  "electron_correction": 1.3698059575517618E-8,
  "electron_contaminaton": false,
  "energy": "0.1-0.8nm"
}
