{
  "time_tag": "2026-03-07T00:49:00Z",
  "satellite": 18,
  "flux": 9.347570539830485E-7,
  "observed_flux": 9.420635365131602E-7,
  "electron_correction": 7.306484306468519E-9,
  "electron_contaminaton": false,
  "energy": "0.1-0.8nm"
}
