{
  "time_tag": "2026-05-13T04:30:00Z",
  "satellite": 18,
  "flux": 7.559884238617087E-7,
  "observed_flux": 7.645423352187208E-7,
  "electron_correction": 8.553890040730039E-9,
  "electron_contaminaton": false,
  "energy": "0.1-0.8nm"
}
