{
  "time_tag": "2026-03-04T21:13:00Z",
  "satellite": 18,
  "flux": 5.55336214347335E-7,
  "observed_flux": 5.966629714748706E-7,
  "electron_correction": 4.132675357482185E-8,
  "electron_contaminaton": false,
  "energy": "0.1-0.8nm"
}
