{
  "time_tag": "2026-02-27T07:55:00Z",
  "satellite": 18,
  "flux": 9.044225066645595E-7,
  "observed_flux": 9.32998375446914E-7,
  "electron_correction": 2.8575845689715607E-8,
  "electron_contaminaton": false,
  "energy": "0.1-0.8nm"
}
