{
    "time_tag": "2026-04-28T22:24:00Z",
    "satellite": 18,
    "flux": 8.885738793651399e-07,
    "observed_flux": 9.001259400065464e-07,
    "electron_correction": 1.155202955516188e-08,
    "electron_contaminaton": false,
    "energy": "0.1-0.8nm"
}