{
  "time_tag": "2026-03-21T07:22:00Z",
  "satellite": 18,
  "flux": 3.96449109985042E-7,
  "observed_flux": 3.964537711453886E-7,
  "electron_correction": 4.647387509548739E-12,
  "electron_contaminaton": false,
  "energy": "0.1-0.8nm"
}
