{
  "time_tag": "2026-05-17T23:31:00Z",
  "satellite": 18,
  "flux": 6.613237815145112E-7,
  "observed_flux": 7.164604198806046E-7,
  "electron_correction": 5.513662770795236E-8,
  "electron_contaminaton": false,
  "energy": "0.1-0.8nm"
}
