{
    "time_tag": "2026-06-12T02:24:00Z",
    "satellite": 18,
    "flux": 1.14471436063468e-06,
    "observed_flux": 1.1487657047837274e-06,
    "electron_correction": 4.051381008451926e-09,
    "electron_contaminaton": false,
    "energy": "0.1-0.8nm"
}