{
    "time_tag": "2026-06-01T22:34:00Z",
    "satellite": 18,
    "flux": 7.324499051719613e-07,
    "observed_flux": 7.655681883989018e-07,
    "electron_correction": 3.311828322694055e-08,
    "electron_contaminaton": false,
    "energy": "0.1-0.8nm"
}