{
    "time_tag": "2026-05-16T10:17:00Z",
    "satellite": 18,
    "flux": 4.019385073661397e-07,
    "observed_flux": 4.2384164089526166e-07,
    "electron_correction": 2.1903131752765148e-08,
    "electron_contaminaton": false,
    "energy": "0.1-0.8nm"
}