{
  "time_tag": "2026-02-12T19:19:00Z",
  "satellite": 18,
  "flux": 5.098295901007077E-7,
  "observed_flux": 5.513649625754624E-7,
  "electron_correction": 4.1535376027468374E-8,
  "electron_contaminaton": false,
  "energy": "0.1-0.8nm"
}
