{
  "time_tag": "2026-01-11T06:20:00Z",
  "satellite": 18,
  "flux": 6.421439024961728E-7,
  "observed_flux": 6.454167760239216E-7,
  "electron_correction": 3.2728582066710032E-9,
  "electron_contaminaton": false,
  "energy": "0.1-0.8nm"
}
