{
    "time_tag": "2026-04-23T21:40:00Z",
    "satellite": 18,
    "flux": 1.3725444887313643e-06,
    "observed_flux": 1.4182132872520015e-06,
    "electron_correction": 4.566885181134239e-08,
    "electron_contaminaton": false,
    "energy": "0.1-0.8nm"
}