{
  "time_tag": "2026-01-02T18:19:00Z",
  "satellite": 18,
  "flux": 0.000001200965584757796,
  "observed_flux": 0.000001259552391275065,
  "electron_correction": 5.858679941184164E-8,
  "electron_contaminaton": false,
  "energy": "0.1-0.8nm"
}
