{
  "time_tag": "2026-06-26T05:07:00Z",
  "satellite": 18,
  "flux": 0.0000013721128198085353,
  "observed_flux": 0.0000013953357438367675,
  "electron_correction": 2.322285652667233E-8,
  "electron_contaminaton": false,
  "energy": "0.1-0.8nm"
}
