{
  "time_tag": "2026-01-04T16:19:00Z",
  "satellite": 18,
  "flux": 0.0000013585574833996361,
  "observed_flux": 0.0000014004529020894552,
  "electron_correction": 4.1895351188259156E-8,
  "electron_contaminaton": false,
  "energy": "0.1-0.8nm"
}
