{
  "time_tag": "2026-03-23T00:57:00Z",
  "satellite": 18,
  "flux": 0.0000022711872134095756,
  "observed_flux": 0.000002368885361647699,
  "electron_correction": 9.769818376526018E-8,
  "electron_contaminaton": false,
  "energy": "0.1-0.8nm"
}
