{
  "time_tag": "2026-01-15T19:19:00Z",
  "satellite": 18,
  "flux": 9.49684022089059E-7,
  "observed_flux": 0.0000010021727803177782,
  "electron_correction": 5.248876533414659E-8,
  "electron_contaminaton": false,
  "energy": "0.1-0.8nm"
}
