{
  "time_tag": "2026-02-13T21:22:00Z",
  "satellite": 18,
  "flux": 4.4600082560464216E-7,
  "observed_flux": 4.887028239863866E-7,
  "electron_correction": 4.27020303561676E-8,
  "electron_contaminaton": false,
  "energy": "0.1-0.8nm"
}
