{
  "time_tag": "2026-04-19T13:21:00Z",
  "satellite": 18,
  "flux": 5.729064582737919E-7,
  "observed_flux": 5.96024904098158E-7,
  "electron_correction": 2.3118474246075493E-8,
  "electron_contaminaton": false,
  "energy": "0.1-0.8nm"
}
