{
  "time_tag": "2026-03-03T20:41:00Z",
  "satellite": 18,
  "flux": 8.334346830451977E-7,
  "observed_flux": 8.535523079444829E-7,
  "electron_correction": 2.0117621346571468E-8,
  "electron_contaminaton": false,
  "energy": "0.1-0.8nm"
}
