{
  "time_tag": "2026-06-21T16:48:00Z",
  "satellite": 18,
  "flux": 7.669685260225378E-7,
  "observed_flux": 7.822886232133897E-7,
  "electron_correction": 1.5320148705200154E-8,
  "electron_contaminaton": false,
  "energy": "0.1-0.8nm"
}
