{
    "time_tag": "2026-06-22T09:42:00Z",
    "satellite": 18,
    "flux": 6.772041274416551e-07,
    "observed_flux": 6.790294833081134e-07,
    "electron_correction": 1.8253991651562274e-09,
    "electron_contaminaton": false,
    "energy": "0.1-0.8nm"
}