{
    "time_tag": "2026-05-08T22:25:00Z",
    "satellite": 18,
    "flux": 7.8507690659535e-07,
    "observed_flux": 8.256236014858587e-07,
    "electron_correction": 4.0546712654077055e-08,
    "electron_contaminaton": false,
    "energy": "0.1-0.8nm"
}