{
  "time_tag": "2026-03-11T14:44:00Z",
  "satellite": 18,
  "flux": 6.283243010329898E-7,
  "observed_flux": 6.673807888546435E-7,
  "electron_correction": 3.90564913743674E-8,
  "electron_contaminaton": false,
  "energy": "0.1-0.8nm"
}
