{
  "time_tag": "2026-02-08T00:15:00Z",
  "satellite": 18,
  "flux": 0.000003475971880106954,
  "observed_flux": 0.000003519980737110018,
  "electron_correction": 4.4008789501504E-8,
  "electron_contaminaton": false,
  "energy": "0.1-0.8nm"
}
