{
  "time_tag": "2026-04-25T06:42:00Z",
  "satellite": 18,
  "flux": 0.0000011052277386625065,
  "observed_flux": 0.0000011070718528571888,
  "electron_correction": 1.844111863213982E-9,
  "electron_contaminaton": false,
  "energy": "0.1-0.8nm"
}
