{
  "time_tag": "2025-12-08T11:21:00Z",
  "satellite": 18,
  "flux": 0.0000014555488405676442,
  "observed_flux": 0.0000014826816823187983,
  "electron_correction": 2.713283464572669E-8,
  "electron_contaminaton": false,
  "energy": "0.1-0.8nm"
}
