{
  "time_tag": "2026-05-02T12:31:00Z",
  "satellite": 18,
  "flux": 0.000002536724423407577,
  "observed_flux": 0.0000025611866476538125,
  "electron_correction": 2.446232727493225E-8,
  "electron_contaminaton": false,
  "energy": "0.1-0.8nm"
}
