{
  "time_tag": "2026-05-12T08:35:00Z",
  "satellite": 18,
  "flux": 5.551135018322384E-7,
  "observed_flux": 5.629192401102046E-7,
  "electron_correction": 7.805712520791985E-9,
  "electron_contaminaton": false,
  "energy": "0.1-0.8nm"
}
