{
  "time_tag": "2026-03-21T14:05:00Z",
  "satellite": 18,
  "flux": 3.548410916209832E-7,
  "observed_flux": 3.602810920710908E-7,
  "electron_correction": 5.43999556512631E-9,
  "electron_contaminaton": false,
  "energy": "0.1-0.8nm"
}
