{
  "time_tag": "2026-02-05T08:18:00Z",
  "satellite": 18,
  "flux": 0.0000020368800051073777,
  "observed_flux": 0.0000020381116883072536,
  "electron_correction": 1.2318202013972268E-9,
  "electron_contaminaton": false,
  "energy": "0.1-0.8nm"
}
