{
  "time_tag": "2025-12-05T14:22:00Z",
  "satellite": 18,
  "flux": 0.0000019710093965841224,
  "observed_flux": 0.00000200704835151555,
  "electron_correction": 3.603887321901311E-8,
  "electron_contaminaton": false,
  "energy": "0.1-0.8nm"
}
