{
    "time_tag": "2026-05-26T23:48:00Z",
    "satellite": 18,
    "flux": 4.70395525553613e-06,
    "observed_flux": 4.710718258138513e-06,
    "electron_correction": 6.763115401042796e-09,
    "electron_contaminaton": false,
    "energy": "0.1-0.8nm"
}