{
  "time_tag": "2026-02-21T21:48:00Z",
  "satellite": 18,
  "flux": 3.369197258962231E-7,
  "observed_flux": 3.639881356320984E-7,
  "electron_correction": 2.7068429275800554E-8,
  "electron_contaminaton": false,
  "energy": "0.1-0.8nm"
}
