{
  "time_tag": "2026-05-12T05:40:00Z",
  "satellite": 18,
  "flux": 5.39760549145285E-7,
  "observed_flux": 5.501840405486291E-7,
  "electron_correction": 1.0423448770779942E-8,
  "electron_contaminaton": false,
  "energy": "0.1-0.8nm"
}
