{
  "time_tag": "2026-01-11T07:17:00Z",
  "satellite": 18,
  "flux": 5.534447495847417E-7,
  "observed_flux": 5.574531769525493E-7,
  "electron_correction": 4.008406051525526E-9,
  "electron_contaminaton": false,
  "energy": "0.1-0.8nm"
}
