{
  "time_tag": "2026-05-04T07:52:00Z",
  "satellite": 18,
  "flux": 9.82683673100837E-7,
  "observed_flux": 9.936588867276441E-7,
  "electron_correction": 1.0975156783388229E-8,
  "electron_contaminaton": false,
  "energy": "0.1-0.8nm"
}
