{
    "time_tag": "2026-06-08T19:05:00Z",
    "satellite": 18,
    "flux": 8.193281928470242e-07,
    "observed_flux": 8.596788916293008e-07,
    "electron_correction": 4.035068812413556e-08,
    "electron_contaminaton": false,
    "energy": "0.1-0.8nm"
}