{
  "time_tag": "2026-01-03T18:19:00Z",
  "satellite": 18,
  "flux": 0.0000012354114460322307,
  "observed_flux": 0.0000013036969903623685,
  "electron_correction": 6.828554433013778E-8,
  "electron_contaminaton": false,
  "energy": "0.1-0.8nm"
}
