{
  "time_tag": "2026-05-07T20:49:00Z",
  "satellite": 18,
  "flux": 9.861366834229557E-7,
  "observed_flux": 0.0000010252620086248498,
  "electron_correction": 3.9125303885612084E-8,
  "electron_contaminaton": false,
  "energy": "0.1-0.8nm"
}
