{
    "time_tag": "2026-06-27T04:38:00Z",
    "satellite": 18,
    "flux": 1.5743706853754702e-06,
    "observed_flux": 1.6200019672396593e-06,
    "electron_correction": 4.56312108099155e-08,
    "electron_contaminaton": false,
    "energy": "0.1-0.8nm"
}