{
  "time_tag": "2026-06-28T23:03:00Z",
  "satellite": 18,
  "flux": 0.0000019722492652363144,
  "observed_flux": 0.0000020116751784371445,
  "electron_correction": 3.942603044038151E-8,
  "electron_contaminaton": false,
  "energy": "0.1-0.8nm"
}
