{
  "time_tag": "2025-12-24T14:18:00Z",
  "satellite": 18,
  "flux": 0.0000013164841448087827,
  "observed_flux": 0.0000013769117686024401,
  "electron_correction": 6.042756695023854E-8,
  "electron_contaminaton": false,
  "energy": "0.1-0.8nm"
}
