{
  "time_tag": "2026-03-27T07:37:00Z",
  "satellite": 18,
  "flux": 0.0000012372313449304784,
  "observed_flux": 0.0000012656651051656809,
  "electron_correction": 2.84337602352025E-8,
  "electron_contaminaton": false,
  "energy": "0.1-0.8nm"
}
