{
  "time_tag": "2026-05-04T20:02:00Z",
  "satellite": 18,
  "flux": 0.0000011604555538724526,
  "observed_flux": 0.0000011661896905934555,
  "electron_correction": 5.734085206654527E-9,
  "electron_contaminaton": false,
  "energy": "0.1-0.8nm"
}
