{
  "time_tag": "2026-03-20T02:58:00Z",
  "satellite": 18,
  "flux": 2.6835294875127147E-7,
  "observed_flux": 2.82760225900347E-7,
  "electron_correction": 1.4407289583573402E-8,
  "electron_contaminaton": false,
  "energy": "0.1-0.8nm"
}
