{
    "time_tag": "2026-05-23T05:45:00Z",
    "satellite": 18,
    "flux": 2.6421041638968745e-06,
    "observed_flux": 2.6582270038488787e-06,
    "electron_correction": 1.6122829293863106e-08,
    "electron_contaminaton": false,
    "energy": "0.1-0.8nm"
}