{
  "time_tag": "2026-04-30T12:22:00Z",
  "satellite": 18,
  "flux": 9.359564501210116E-7,
  "observed_flux": 9.377644119012984E-7,
  "electron_correction": 1.8079472363652371E-9,
  "electron_contaminaton": false,
  "energy": "0.1-0.8nm"
}
