{
  "time_tag": "2026-05-16T20:26:00Z",
  "satellite": 18,
  "flux": 0.0000013844387467543129,
  "observed_flux": 0.000001528842403786257,
  "electron_correction": 1.4440367124279874E-7,
  "electron_contaminaton": false,
  "energy": "0.1-0.8nm"
}
