{
    "time_tag": "2026-05-18T16:50:00Z",
    "satellite": 18,
    "flux": 4.893316827292438e-07,
    "observed_flux": 5.348355784917658e-07,
    "electron_correction": 4.5503899315235685e-08,
    "electron_contaminaton": false,
    "energy": "0.1-0.8nm"
}