{
  "time_tag": "2026-02-09T22:42:00Z",
  "satellite": 18,
  "flux": 0.0000010143082818103721,
  "observed_flux": 0.0000010560652299318463,
  "electron_correction": 4.1756916147051015E-8,
  "electron_contaminaton": false,
  "energy": "0.1-0.8nm"
}
