{
  "time_tag": "2026-05-12T01:05:00Z",
  "satellite": 18,
  "flux": 0.0000013330899264474283,
  "observed_flux": 0.0000013478328355631675,
  "electron_correction": 1.474292954384282E-8,
  "electron_contaminaton": false,
  "energy": "0.1-0.8nm"
}
