{
  "time_tag": "2026-01-04T23:18:00Z",
  "satellite": 18,
  "flux": 9.126915756496601E-7,
  "observed_flux": 9.51534786963748E-7,
  "electron_correction": 3.88432397357974E-8,
  "electron_contaminaton": false,
  "energy": "0.1-0.8nm"
}
