{
    "time_tag": "2026-06-13T21:43:00Z",
    "satellite": 18,
    "flux": 6.400695724551042e-07,
    "observed_flux": 7.094882903402322e-07,
    "electron_correction": 6.941866104170913e-08,
    "electron_contaminaton": false,
    "energy": "0.1-0.8nm"
}