{
  "time_tag": "2026-04-19T13:46:00Z",
  "satellite": 18,
  "flux": 5.737833248531388E-7,
  "observed_flux": 5.975387011858402E-7,
  "electron_correction": 2.375536745091722E-8,
  "electron_contaminaton": false,
  "energy": "0.1-0.8nm"
}
