{
  "time_tag": "2026-02-23T12:30:00Z",
  "satellite": 18,
  "flux": 3.3110242725342687E-7,
  "observed_flux": 3.601541322950652E-7,
  "electron_correction": 2.9051719252493058E-8,
  "electron_contaminaton": false,
  "energy": "0.1-0.8nm"
}
