{
  "time_tag": "2025-12-30T22:17:00Z",
  "satellite": 18,
  "flux": 0.000001507807496636815,
  "observed_flux": 0.000001523109062873118,
  "electron_correction": 1.5301520051025364E-8,
  "electron_contaminaton": false,
  "energy": "0.1-0.8nm"
}
