{
  "time_tag": "2026-05-25T06:45:00Z",
  "satellite": 18,
  "flux": 0.0000010236371963401325,
  "observed_flux": 0.0000010251673074890277,
  "electron_correction": 1.5302048517185085E-9,
  "electron_contaminaton": false,
  "energy": "0.1-0.8nm"
}
