{
  "time_tag": "2026-06-14T16:11:00Z",
  "satellite": 18,
  "flux": 4.826911208510865E-7,
  "observed_flux": 5.214240559325845E-7,
  "electron_correction": 3.873295995049375E-8,
  "electron_contaminaton": false,
  "energy": "0.1-0.8nm"
}
