{
  "time_tag": "2026-03-15T23:41:00Z",
  "satellite": 18,
  "flux": 4.1038916265279113E-7,
  "observed_flux": 4.561037485473207E-7,
  "electron_correction": 4.571458589452959E-8,
  "electron_contaminaton": false,
  "energy": "0.1-0.8nm"
}
