{
    "time_tag": "2026-05-24T17:03:00Z",
    "satellite": 18,
    "flux": 7.54004815917142e-07,
    "observed_flux": 7.718596748418349e-07,
    "electron_correction": 1.7854880240975035e-08,
    "electron_contaminaton": false,
    "energy": "0.1-0.8nm"
}