{
  "time_tag": "2026-06-27T00:04:00Z",
  "satellite": 18,
  "flux": 0.0000018464642153048771,
  "observed_flux": 0.0000019087333384959493,
  "electron_correction": 6.22692297724825E-8,
  "electron_contaminaton": false,
  "energy": "0.1-0.8nm"
}
