{
  "time_tag": "2026-02-18T22:42:00Z",
  "satellite": 18,
  "flux": 5.032840135754668E-7,
  "observed_flux": 5.589534453065426E-7,
  "electron_correction": 5.566942462564839E-8,
  "electron_contaminaton": false,
  "energy": "0.1-0.8nm"
}
