{
  "time_tag": "2026-03-21T17:50:00Z",
  "satellite": 18,
  "flux": 4.781988423019357E-7,
  "observed_flux": 4.940756070936914E-7,
  "electron_correction": 1.587671327740736E-8,
  "electron_contaminaton": false,
  "energy": "0.1-0.8nm"
}
