{
  "time_tag": "2026-02-14T18:40:00Z",
  "satellite": 18,
  "flux": 5.059046657152066E-7,
  "observed_flux": 5.73199258724344E-7,
  "electron_correction": 6.729456458742789E-8,
  "electron_contaminaton": false,
  "energy": "0.1-0.8nm"
}
