{
    "time_tag": "2026-06-13T19:41:00Z",
    "satellite": 18,
    "flux": 5.731546366405382e-07,
    "observed_flux": 6.316947178675036e-07,
    "electron_correction": 5.8540077674251734e-08,
    "electron_contaminaton": false,
    "energy": "0.1-0.8nm"
}