{
    "time_tag": "2026-05-26T10:13:00Z",
    "satellite": 18,
    "flux": 1.3636540643346962e-06,
    "observed_flux": 1.3672532759301248e-06,
    "electron_correction": 3.5992566704834417e-09,
    "electron_contaminaton": false,
    "energy": "0.1-0.8nm"
}