{
    "time_tag": "2026-05-29T02:12:00Z",
    "satellite": 19,
    "flux": 1.2017070503134164e-06,
    "observed_flux": 1.2167319027867052e-06,
    "electron_correction": 1.5024795629869914e-08,
    "electron_contaminaton": false,
    "energy": "0.1-0.8nm"
}