{
    "time_tag": "2026-05-07T12:51:00Z",
    "satellite": 18,
    "flux": 8.798573958301859e-07,
    "observed_flux": 9.055175951289129e-07,
    "electron_correction": 2.566021173322497e-08,
    "electron_contaminaton": false,
    "energy": "0.1-0.8nm"
}