{
  "time_tag": "2026-01-07T05:19:00Z",
  "satellite": 18,
  "flux": 0.0000011987716561634443,
  "observed_flux": 0.0000012166790384071646,
  "electron_correction": 1.7907385796434028E-8,
  "electron_contaminaton": false,
  "energy": "0.1-0.8nm"
}
