{
  "time_tag": "2025-12-22T08:20:00Z",
  "satellite": 18,
  "flux": 0.0000014420832030737074,
  "observed_flux": 0.0000014483898667094763,
  "electron_correction": 6.306649869003422E-9,
  "electron_contaminaton": false,
  "energy": "0.1-0.8nm"
}
