{
    "time_tag": "2026-05-16T14:09:00Z",
    "satellite": 18,
    "flux": 5.278973276290344e-07,
    "observed_flux": 5.756755285801773e-07,
    "electron_correction": 4.77781902930019e-08,
    "electron_contaminaton": false,
    "energy": "0.1-0.8nm"
}