{
  "time_tag": "2026-04-29T11:03:00Z",
  "satellite": 18,
  "flux": 9.769603366294177E-7,
  "observed_flux": 9.792000810193713E-7,
  "electron_correction": 2.2396517973533037E-9,
  "electron_contaminaton": false,
  "energy": "0.1-0.8nm"
}
