{
    "time_tag": "2026-06-14T03:35:00Z",
    "satellite": 18,
    "flux": 5.209455480326142e-07,
    "observed_flux": 5.477515401253186e-07,
    "electron_correction": 2.680602761984119e-08,
    "electron_contaminaton": false,
    "energy": "0.1-0.8nm"
}