{
  "time_tag": "2026-02-14T05:59:00Z",
  "satellite": 18,
  "flux": 6.805195766901306E-7,
  "observed_flux": 6.983227081036603E-7,
  "electron_correction": 1.7803174046093773E-8,
  "electron_contaminaton": false,
  "energy": "0.1-0.8nm"
}
