{
  "time_tag": "2026-02-28T16:21:00Z",
  "satellite": 18,
  "flux": 0.0000013835331174050225,
  "observed_flux": 0.0000014260837133406312,
  "electron_correction": 4.255056040847194E-8,
  "electron_contaminaton": false,
  "energy": "0.1-0.8nm"
}
