{
  "time_tag": "2026-02-28T08:52:00Z",
  "satellite": 18,
  "flux": 0.0000010211249446001602,
  "observed_flux": 0.0000010402762882222305,
  "electron_correction": 1.9151384478277578E-8,
  "electron_contaminaton": false,
  "energy": "0.1-0.8nm"
}
