{
    "time_tag": "2026-06-21T21:18:00Z",
    "satellite": 18,
    "flux": 2.6797883947438095e-06,
    "observed_flux": 2.6985808290191926e-06,
    "electron_correction": 1.8792476907947275e-08,
    "electron_contaminaton": false,
    "energy": "0.1-0.8nm"
}