{
  "time_tag": "2025-12-20T06:19:00Z",
  "satellite": 18,
  "flux": 0.000001323254195995105,
  "observed_flux": 0.0000013468086308421334,
  "electron_correction": 2.3554383332680118E-8,
  "electron_contaminaton": false,
  "energy": "0.1-0.8nm"
}
