{
  "time_tag": "2026-05-13T08:11:00Z",
  "satellite": 18,
  "flux": 6.552782565449888E-7,
  "observed_flux": 6.594049182240269E-7,
  "electron_correction": 4.126674113535955E-9,
  "electron_contaminaton": false,
  "energy": "0.1-0.8nm"
}
