{
    "time_tag": "2026-05-21T23:40:00Z",
    "satellite": 18,
    "flux": 8.815587762001087e-07,
    "observed_flux": 9.291693459090311e-07,
    "electron_correction": 4.761056970892241e-08,
    "electron_contaminaton": false,
    "energy": "0.1-0.8nm"
}