{
  "time_tag": "2026-03-15T11:37:00Z",
  "satellite": 18,
  "flux": 4.363325842859922E-7,
  "observed_flux": 4.550517758161732E-7,
  "electron_correction": 1.871918975382414E-8,
  "electron_contaminaton": false,
  "energy": "0.1-0.8nm"
}
