{
  "time_tag": "2026-06-06T21:34:00Z",
  "satellite": 18,
  "flux": 0.0000016392910993090481,
  "observed_flux": 0.0000016898339936233242,
  "electron_correction": 5.054288010342134E-8,
  "electron_contaminaton": false,
  "energy": "0.1-0.8nm"
}
