{
  "time_tag": "2025-12-22T21:18:00Z",
  "satellite": 18,
  "flux": 7.452608770108782E-7,
  "observed_flux": 7.880933026171988E-7,
  "electron_correction": 4.2832414948179576E-8,
  "electron_contaminaton": false,
  "energy": "0.1-0.8nm"
}
