{
    "time_tag": "2026-04-25T21:34:00Z",
    "satellite": 18,
    "flux": 1.9977362626377726e-06,
    "observed_flux": 2.0072122879355447e-06,
    "electron_correction": 9.476136320074602e-09,
    "electron_contaminaton": false,
    "energy": "0.1-0.8nm"
}