{
  "time_tag": "2026-02-04T14:42:00Z",
  "satellite": 18,
  "flux": 0.000003965712494391482,
  "observed_flux": 0.000003974550509155961,
  "electron_correction": 8.838005882694233E-9,
  "electron_contaminaton": false,
  "energy": "0.1-0.8nm"
}
