{
  "time_tag": "2026-01-07T18:19:00Z",
  "satellite": 18,
  "flux": 0.0000010244735904052504,
  "observed_flux": 0.0000010546901876296033,
  "electron_correction": 3.021663985691703E-8,
  "electron_contaminaton": false,
  "energy": "0.1-0.8nm"
}
