{
    "time_tag": "2026-05-10T14:36:00Z",
    "satellite": 18,
    "flux": 8.247683581430465e-06,
    "observed_flux": 8.262887604360003e-06,
    "electron_correction": 1.5203669434527e-08,
    "electron_contaminaton": false,
    "energy": "0.1-0.8nm"
}