{
  "time_tag": "2026-01-07T02:50:00Z",
  "satellite": 18,
  "flux": 0.000001050566879712278,
  "observed_flux": 0.0000010747318128778716,
  "electron_correction": 2.4164856782249444E-8,
  "electron_contaminaton": false,
  "energy": "0.1-0.8nm"
}
