{
  "time_tag": "2026-01-24T14:18:00Z",
  "satellite": 18,
  "flux": 0.0000013114078001308371,
  "observed_flux": 0.0000013451974609779427,
  "electron_correction": 3.378965729439187E-8,
  "electron_contaminaton": false,
  "energy": "0.1-0.8nm"
}
