{
  "time_tag": "2026-01-16T08:20:00Z",
  "satellite": 18,
  "flux": 8.132204811772681E-7,
  "observed_flux": 8.140892191477178E-7,
  "electron_correction": 8.687429109421885E-10,
  "electron_contaminaton": false,
  "energy": "0.1-0.8nm"
}
