{
  "time_tag": "2026-03-24T16:06:00Z",
  "satellite": 18,
  "flux": 7.064761007313791E-7,
  "observed_flux": 7.810861006873893E-7,
  "electron_correction": 7.460999995601014E-8,
  "electron_contaminaton": false,
  "energy": "0.1-0.8nm"
}
