{
  "time_tag": "2026-01-07T11:18:00Z",
  "satellite": 18,
  "flux": 9.645974614613806E-7,
  "observed_flux": 9.829861937760143E-7,
  "electron_correction": 1.8388753630915744E-8,
  "electron_contaminaton": false,
  "energy": "0.1-0.8nm"
}
