{
  "time_tag": "2026-03-08T00:53:00Z",
  "satellite": 18,
  "flux": 5.975005592517846E-7,
  "observed_flux": 6.145622819531127E-7,
  "electron_correction": 1.7061770662962772E-8,
  "electron_contaminaton": false,
  "energy": "0.1-0.8nm"
}
