{
  "time_tag": "2025-12-29T10:19:00Z",
  "satellite": 18,
  "flux": 0.000002651118620633497,
  "observed_flux": 0.000002686323568923399,
  "electron_correction": 3.5205051318598635E-8,
  "electron_contaminaton": false,
  "energy": "0.1-0.8nm"
}
