{
  "time_tag": "2026-01-25T17:18:00Z",
  "satellite": 18,
  "flux": 0.000002110032482960378,
  "observed_flux": 0.0000021733112589572556,
  "electron_correction": 6.327886836743346E-8,
  "electron_contaminaton": false,
  "energy": "0.1-0.8nm"
}
