{
    "time_tag": "2026-05-07T04:46:00Z",
    "satellite": 18,
    "flux": 1.1591529300858383e-06,
    "observed_flux": 1.1843626452900935e-06,
    "electron_correction": 2.520971875696887e-08,
    "electron_contaminaton": false,
    "energy": "0.1-0.8nm"
}