{
    "time_tag": "2026-05-17T16:26:00Z",
    "satellite": 18,
    "flux": 5.200744226385723e-07,
    "observed_flux": 5.874592261534417e-07,
    "electron_correction": 6.738481062029678e-08,
    "electron_contaminaton": false,
    "energy": "0.1-0.8nm"
}