{
  "time_tag": "2025-12-31T15:18:00Z",
  "satellite": 18,
  "flux": 0.0000061272539824130945,
  "observed_flux": 0.00000613004749538959,
  "electron_correction": 2.7933784174649645E-9,
  "electron_contaminaton": false,
  "energy": "0.1-0.8nm"
}
