{
  "time_tag": "2026-01-31T03:54:00Z",
  "satellite": 18,
  "flux": 0.000001567994672768691,
  "observed_flux": 0.0000016140480738613405,
  "electron_correction": 4.605345083064094E-8,
  "electron_contaminaton": false,
  "energy": "0.1-0.8nm"
}
