{
  "time_tag": "2026-02-20T06:18:00Z",
  "satellite": 18,
  "flux": 5.246979526418727E-7,
  "observed_flux": 5.505186209120438E-7,
  "electron_correction": 2.5820696691880585E-8,
  "electron_contaminaton": false,
  "energy": "0.1-0.8nm"
}
