{
  "time_tag": "2026-02-21T13:43:00Z",
  "satellite": 18,
  "flux": 3.4582717489684E-7,
  "observed_flux": 3.5236374174019147E-7,
  "electron_correction": 6.536581498295391E-9,
  "electron_contaminaton": false,
  "energy": "0.1-0.8nm"
}
