{
    "time_tag": "2026-05-16T18:28:00Z",
    "satellite": 18,
    "flux": 1.809908440009167e-06,
    "observed_flux": 1.973738335436792e-06,
    "electron_correction": 1.638299238493346e-07,
    "electron_contaminaton": false,
    "energy": "0.1-0.8nm"
}