{
  "time_tag": "2026-01-20T14:20:00Z",
  "satellite": 18,
  "flux": 0.0000029633063149958616,
  "observed_flux": 0.0000029695775083382614,
  "electron_correction": 6.271004604485597E-9,
  "electron_contaminaton": false,
  "energy": "0.1-0.8nm"
}
