{
  "time_tag": "2026-03-10T22:40:00Z",
  "satellite": 18,
  "flux": 5.355788630367897E-7,
  "observed_flux": 5.907903641855228E-7,
  "electron_correction": 5.5211504701446756E-8,
  "electron_contaminaton": false,
  "energy": "0.1-0.8nm"
}
