{
  "time_tag": "2026-02-21T20:49:00Z",
  "satellite": 18,
  "flux": 3.504295591483242E-7,
  "observed_flux": 3.7809431319146825E-7,
  "electron_correction": 2.7664754043144058E-8,
  "electron_contaminaton": false,
  "energy": "0.1-0.8nm"
}
