{
  "time_tag": "2026-02-03T22:55:00Z",
  "satellite": 18,
  "flux": 0.0000187229088624008,
  "observed_flux": 0.000018739414372248575,
  "electron_correction": 1.6505238065178673E-8,
  "electron_contaminaton": false,
  "energy": "0.1-0.8nm"
}
