{
  "time_tag": "2026-05-21T15:19:00Z",
  "satellite": 18,
  "flux": 6.425839274015743E-7,
  "observed_flux": 6.919848374309368E-7,
  "electron_correction": 4.9400927792930815E-8,
  "electron_contaminaton": false,
  "energy": "0.1-0.8nm"
}
