{
  "time_tag": "2026-01-18T13:19:00Z",
  "satellite": 18,
  "flux": 0.0000013713433872908354,
  "observed_flux": 0.0000014129554983810522,
  "electron_correction": 4.161210753750311E-8,
  "electron_contaminaton": false,
  "energy": "0.1-0.8nm"
}
