{
    "time_tag": "2026-05-06T01:41:00Z",
    "satellite": 18,
    "flux": 6.824402589700185e-07,
    "observed_flux": 7.267852879522252e-07,
    "electron_correction": 4.434503608763407e-08,
    "electron_contaminaton": false,
    "energy": "0.1-0.8nm"
}