{
  "time_tag": "2026-05-01T16:15:00Z",
  "satellite": 18,
  "flux": 0.0000010417948033136781,
  "observed_flux": 0.0000010801596772580524,
  "electron_correction": 3.836480999552805E-8,
  "electron_contaminaton": false,
  "energy": "0.1-0.8nm"
}
