{
  "time_tag": "2026-03-15T12:46:00Z",
  "satellite": 18,
  "flux": 5.490294370247284E-7,
  "observed_flux": 5.931800615144311E-7,
  "electron_correction": 4.4150599620707E-8,
  "electron_contaminaton": false,
  "energy": "0.1-0.8nm"
}
