{
  "time_tag": "2026-05-17T15:44:00Z",
  "satellite": 18,
  "flux": 4.455122279978241E-7,
  "observed_flux": 5.041196686761396E-7,
  "electron_correction": 5.8607454889170185E-8,
  "electron_contaminaton": false,
  "energy": "0.1-0.8nm"
}
