{
    "time_tag": "2026-05-27T03:29:00Z",
    "satellite": 18,
    "flux": 8.983118959804415e-07,
    "observed_flux": 9.043417890097771e-07,
    "electron_correction": 6.029907240190369e-09,
    "electron_contaminaton": false,
    "energy": "0.1-0.8nm"
}