{
  "time_tag": "2026-01-31T16:23:00Z",
  "satellite": 18,
  "flux": 0.000001802579163268092,
  "observed_flux": 0.0000018535838535171933,
  "electron_correction": 5.100464761653711E-8,
  "electron_contaminaton": false,
  "energy": "0.1-0.8nm"
}
