{
    "time_tag": "2026-06-07T02:25:00Z",
    "satellite": 18,
    "flux": 1.5698899460403481e-06,
    "observed_flux": 1.6091765928649693e-06,
    "electron_correction": 3.9286629061052736e-08,
    "electron_contaminaton": false,
    "energy": "0.1-0.8nm"
}