{
  "time_tag": "2026-03-11T04:56:00Z",
  "satellite": 18,
  "flux": 5.557178610615665E-7,
  "observed_flux": 5.802963300993724E-7,
  "electron_correction": 2.457845660330804E-8,
  "electron_contaminaton": false,
  "energy": "0.1-0.8nm"
}
