{
  "time_tag": "2026-06-11T13:32:00Z",
  "satellite": 18,
  "flux": 6.625714377150871E-7,
  "observed_flux": 6.693811087643553E-7,
  "electron_correction": 6.809652397521404E-9,
  "electron_contaminaton": false,
  "energy": "0.1-0.8nm"
}
