{
    "time_tag": "2026-05-17T15:59:00Z",
    "satellite": 18,
    "flux": 4.350062852154224e-07,
    "observed_flux": 4.977697471986176e-07,
    "electron_correction": 6.276344066691308e-08,
    "electron_contaminaton": false,
    "energy": "0.1-0.8nm"
}