{
  "time_tag": "2026-02-08T14:19:00Z",
  "satellite": 18,
  "flux": 0.000005446535851660883,
  "observed_flux": 0.00000548819434698089,
  "electron_correction": 4.1658584137849175E-8,
  "electron_contaminaton": false,
  "energy": "0.1-0.8nm"
}
