{
  "time_tag": "2026-01-03T15:18:00Z",
  "satellite": 18,
  "flux": 0.000001332487272520666,
  "observed_flux": 0.0000013972223769087577,
  "electron_correction": 6.473512570437379E-8,
  "electron_contaminaton": false,
  "energy": "0.1-0.8nm"
}
