{
  "time_tag": "2026-01-10T23:18:00Z",
  "satellite": 18,
  "flux": 8.481597433274146E-7,
  "observed_flux": 8.520809160472709E-7,
  "electron_correction": 3.92116827896416E-9,
  "electron_contaminaton": false,
  "energy": "0.1-0.8nm"
}
