{
  "time_tag": "2026-02-19T09:26:00Z",
  "satellite": 18,
  "flux": 3.7646805139956996E-7,
  "observed_flux": 3.772248930999922E-7,
  "electron_correction": 7.568327631268801E-10,
  "electron_contaminaton": false,
  "energy": "0.1-0.8nm"
}
