{
    "time_tag": "2026-06-18T04:16:00Z",
    "satellite": 18,
    "flux": 4.4972713908464357e-07,
    "observed_flux": 4.6172812062650337e-07,
    "electron_correction": 1.2000976212789283e-08,
    "electron_contaminaton": false,
    "energy": "0.1-0.8nm"
}