{
  "time_tag": "2026-03-16T06:45:00Z",
  "satellite": 18,
  "flux": 3.529858076944947E-7,
  "observed_flux": 3.7871865288252593E-7,
  "electron_correction": 2.5732838082603848E-8,
  "electron_contaminaton": false,
  "energy": "0.1-0.8nm"
}
