{
  "time_tag": "2026-07-01T18:52:00Z",
  "satellite": 18,
  "flux": 0.0000040931090552476235,
  "observed_flux": 0.00000411183646065183,
  "electron_correction": 1.872730592822336E-8,
  "electron_contaminaton": false,
  "energy": "0.1-0.8nm"
}
