{
    "time_tag": "2026-04-25T14:49:00Z",
    "satellite": 18,
    "flux": 1.1242057098570513e-06,
    "observed_flux": 1.13051487460325e-06,
    "electron_correction": 6.30917540433984e-09,
    "electron_contaminaton": false,
    "energy": "0.1-0.8nm"
}