{
  "time_tag": "2026-03-13T11:41:00Z",
  "satellite": 18,
  "flux": 0.0000018260159322380787,
  "observed_flux": 0.0000018275413822266273,
  "electron_correction": 1.5254384422291878E-9,
  "electron_contaminaton": false,
  "energy": "0.1-0.8nm"
}
