{
  "time_tag": "2026-06-22T10:24:00Z",
  "satellite": 18,
  "flux": 6.688110829600191E-7,
  "observed_flux": 6.712105005135527E-7,
  "electron_correction": 2.3994495279566763E-9,
  "electron_contaminaton": false,
  "energy": "0.1-0.8nm"
}
