{
  "time_tag": "2026-01-24T09:18:00Z",
  "satellite": 18,
  "flux": 0.0000018131586330127902,
  "observed_flux": 0.000001839950982684968,
  "electron_correction": 2.679234079039361E-8,
  "electron_contaminaton": false,
  "energy": "0.1-0.8nm"
}
