{
  "time_tag": "2026-06-28T07:57:00Z",
  "satellite": 18,
  "flux": 0.00000161971252055082,
  "observed_flux": 0.0000016430354889962473,
  "electron_correction": 2.3322945352788338E-8,
  "electron_contaminaton": false,
  "energy": "0.1-0.8nm"
}
