{
  "time_tag": "2026-01-13T10:19:00Z",
  "satellite": 18,
  "flux": 0.0000018441049860484782,
  "observed_flux": 0.000001880943500509602,
  "electron_correction": 3.6838560646401675E-8,
  "electron_contaminaton": false,
  "energy": "0.1-0.8nm"
}
