{
  "time_tag": "2026-03-02T14:15:00Z",
  "satellite": 18,
  "flux": 0.0000012695763871306553,
  "observed_flux": 0.0000012918025049657444,
  "electron_correction": 2.222611072966174E-8,
  "electron_contaminaton": false,
  "energy": "0.1-0.8nm"
}
