{
    "time_tag": "2026-05-05T23:14:00Z",
    "satellite": 18,
    "flux": 5.547273644879169e-07,
    "observed_flux": 6.102875431679422e-07,
    "electron_correction": 5.556016802188424e-08,
    "electron_contaminaton": false,
    "energy": "0.1-0.8nm"
}