{
  "time_tag": "2025-12-27T02:48:00Z",
  "satellite": 18,
  "flux": 0.000005845020496053621,
  "observed_flux": 0.000005875781880604336,
  "electron_correction": 3.07611109917616E-8,
  "electron_contaminaton": false,
  "energy": "0.1-0.8nm"
}
