{
    "time_tag": "2026-04-29T07:08:00Z",
    "satellite": 18,
    "flux": 1.2429732123564463e-06,
    "observed_flux": 1.244774693986983e-06,
    "electron_correction": 1.8014616465222844e-09,
    "electron_contaminaton": false,
    "energy": "0.1-0.8nm"
}