{
  "time_tag": "2026-05-14T04:41:00Z",
  "satellite": 18,
  "flux": 6.379372052833787E-7,
  "observed_flux": 6.392371005858877E-7,
  "electron_correction": 1.299877872007471E-9,
  "electron_contaminaton": false,
  "energy": "0.1-0.8nm"
}
