{
  "time_tag": "2026-01-21T22:19:00Z",
  "satellite": 18,
  "flux": 0.0000014041121403352008,
  "observed_flux": 0.000001510947868155199,
  "electron_correction": 1.0683569939828885E-7,
  "electron_contaminaton": false,
  "energy": "0.1-0.8nm"
}
