{
  "time_tag": "2026-06-27T01:13:00Z",
  "satellite": 18,
  "flux": 0.0000016351457361452049,
  "observed_flux": 0.000001681910248407803,
  "electron_correction": 4.676456555330333E-8,
  "electron_contaminaton": false,
  "energy": "0.1-0.8nm"
}
