{
    "time_tag": "2026-06-11T14:22:00Z",
    "satellite": 18,
    "flux": 6.910037768648181e-07,
    "observed_flux": 7.007446356510627e-07,
    "electron_correction": 9.740833029070473e-09,
    "electron_contaminaton": false,
    "energy": "0.1-0.8nm"
}