{
    "time_tag": "2026-05-09T13:32:00Z",
    "satellite": 18,
    "flux": 9.059526746568736e-07,
    "observed_flux": 9.249234835806419e-07,
    "electron_correction": 1.8970785831129433e-08,
    "electron_contaminaton": false,
    "energy": "0.1-0.8nm"
}