{
  "time_tag": "2026-03-21T14:22:00Z",
  "satellite": 18,
  "flux": 4.286249577489798E-7,
  "observed_flux": 4.418810135575768E-7,
  "electron_correction": 1.3256049591348074E-8,
  "electron_contaminaton": false,
  "energy": "0.1-0.8nm"
}
