{
    "time_tag": "2026-06-20T19:08:00Z",
    "satellite": 18,
    "flux": 4.877561536886788e-07,
    "observed_flux": 5.118907893120195e-07,
    "electron_correction": 2.4134649834195443e-08,
    "electron_contaminaton": false,
    "energy": "0.1-0.8nm"
}