{
  "time_tag": "2026-02-20T23:40:00Z",
  "satellite": 18,
  "flux": 3.3547269140399294E-7,
  "observed_flux": 3.6368649602991354E-7,
  "electron_correction": 2.8213801073206923E-8,
  "electron_contaminaton": false,
  "energy": "0.1-0.8nm"
}
