{
  "time_tag": "2026-02-18T17:06:00Z",
  "satellite": 18,
  "flux": 4.278364542642521E-7,
  "observed_flux": 4.796621055902506E-7,
  "electron_correction": 5.18256477732848E-8,
  "electron_contaminaton": false,
  "energy": "0.1-0.8nm"
}
