{
  "time_tag": "2026-01-23T05:19:00Z",
  "satellite": 18,
  "flux": 0.000001513345068815397,
  "observed_flux": 0.0000015250543583533727,
  "electron_correction": 1.1709224700950926E-8,
  "electron_contaminaton": false,
  "energy": "0.1-0.8nm"
}
