{
  "time_tag": "2026-03-06T04:56:00Z",
  "satellite": 18,
  "flux": 7.685492278142192E-7,
  "observed_flux": 7.748393500150996E-7,
  "electron_correction": 6.2901368558243576E-9,
  "electron_contaminaton": false,
  "energy": "0.1-0.8nm"
}
