{
  "time_tag": "2026-05-28T00:02:00Z",
  "satellite": 19,
  "flux": 7.962356107782398E-7,
  "observed_flux": 8.234329698098009E-7,
  "electron_correction": 2.719733949163583E-8,
  "electron_contaminaton": false,
  "energy": "0.1-0.8nm"
}
