{
    "time_tag": "2026-04-27T21:31:00Z",
    "satellite": 18,
    "flux": 8.451020789834729e-07,
    "observed_flux": 8.569118676859944e-07,
    "electron_correction": 1.180979847248409e-08,
    "electron_contaminaton": false,
    "energy": "0.1-0.8nm"
}