{
  "time_tag": "2025-12-09T05:22:00Z",
  "satellite": 18,
  "flux": 0.0000018571324744698359,
  "observed_flux": 0.0000018795802816384821,
  "electron_correction": 2.2447871117492468E-8,
  "electron_contaminaton": false,
  "energy": "0.1-0.8nm"
}
