{
  "time_tag": "2026-05-05T22:31:00Z",
  "satellite": 18,
  "flux": 5.751225558014994E-7,
  "observed_flux": 6.31702334885631E-7,
  "electron_correction": 5.6579782636845266E-8,
  "electron_contaminaton": false,
  "energy": "0.1-0.8nm"
}
