{
    "time_tag": "2026-05-29T01:21:00Z",
    "satellite": 19,
    "flux": 9.339852340417565e-07,
    "observed_flux": 9.372045042255195e-07,
    "electron_correction": 3.2192604138003844e-09,
    "electron_contaminaton": false,
    "energy": "0.1-0.8nm"
}