{
    "time_tag": "2026-05-12T19:27:00Z",
    "satellite": 18,
    "flux": 6.288202030191314e-07,
    "observed_flux": 6.412790298782056e-07,
    "electron_correction": 1.2458832188144697e-08,
    "electron_contaminaton": false,
    "energy": "0.1-0.8nm"
}