{
  "time_tag": "2026-02-12T21:55:00Z",
  "satellite": 18,
  "flux": 4.635780044282001E-7,
  "observed_flux": 5.001260774406546E-7,
  "electron_correction": 3.6548062354313515E-8,
  "electron_contaminaton": false,
  "energy": "0.1-0.8nm"
}
