{
  "time_tag": "2026-06-23T11:41:00Z",
  "satellite": 18,
  "flux": 9.350669643026777E-7,
  "observed_flux": 9.375070249006967E-7,
  "electron_correction": 2.440069035714032E-9,
  "electron_contaminaton": false,
  "energy": "0.1-0.8nm"
}
