{
  "time_tag": "2026-03-03T07:28:00Z",
  "satellite": 18,
  "flux": 7.89683042512479E-7,
  "observed_flux": 7.896908300608629E-7,
  "electron_correction": 7.775111283969682E-12,
  "electron_contaminaton": false,
  "energy": "0.1-0.8nm"
}
