{
    "time_tag": "2026-06-06T04:40:00Z",
    "satellite": 18,
    "flux": 1.6081577314253082e-06,
    "observed_flux": 1.6223161765083205e-06,
    "electron_correction": 1.4158358041527208e-08,
    "electron_contaminaton": false,
    "energy": "0.1-0.8nm"
}