{
  "time_tag": "2026-02-27T18:10:00Z",
  "satellite": 18,
  "flux": 9.430859222447907E-7,
  "observed_flux": 9.813468295760686E-7,
  "electron_correction": 3.826090733127785E-8,
  "electron_contaminaton": false,
  "energy": "0.1-0.8nm"
}
