{
  "time_tag": "2026-01-13T05:19:00Z",
  "satellite": 18,
  "flux": 6.999266588536557E-7,
  "observed_flux": 7.565366217932024E-7,
  "electron_correction": 5.6609970044974034E-8,
  "electron_contaminaton": false,
  "energy": "0.1-0.8nm"
}
