{
  "time_tag": "2026-03-13T19:23:00Z",
  "satellite": 18,
  "flux": 8.028242177715583E-7,
  "observed_flux": 8.41886048874585E-7,
  "electron_correction": 3.9061799128603525E-8,
  "electron_contaminaton": false,
  "energy": "0.1-0.8nm"
}
