{
  "time_tag": "2026-02-06T08:41:00Z",
  "satellite": 18,
  "flux": 0.0000014558288512489526,
  "observed_flux": 0.0000014620926549469004,
  "electron_correction": 6.263784158022645E-9,
  "electron_contaminaton": false,
  "energy": "0.1-0.8nm"
}
