{
  "time_tag": "2025-12-04T04:23:00Z",
  "satellite": 18,
  "flux": 0.000004411280315252952,
  "observed_flux": 0.000004415169314597733,
  "electron_correction": 3.8890073383868184E-9,
  "electron_contaminaton": false,
  "energy": "0.1-0.8nm"
}
