{
  "time_tag": "2026-02-18T21:12:00Z",
  "satellite": 18,
  "flux": 9.93712433228211E-7,
  "observed_flux": 0.0000010593034858175088,
  "electron_correction": 6.559103837844305E-8,
  "electron_contaminaton": false,
  "energy": "0.1-0.8nm"
}
