{
  "time_tag": "2026-03-28T23:52:00Z",
  "satellite": 18,
  "flux": 0.0000010150965863431338,
  "observed_flux": 0.0000010240456731480663,
  "electron_correction": 8.949063712293537E-9,
  "electron_contaminaton": false,
  "energy": "0.1-0.8nm"
}
