{
  "time_tag": "2026-03-30T19:33:00Z",
  "satellite": 18,
  "flux": 0.0000013738606412516674,
  "observed_flux": 0.0000013929206943430472,
  "electron_correction": 1.9060141909221784E-8,
  "electron_contaminaton": false,
  "energy": "0.1-0.8nm"
}
