{
    "time_tag": "2026-06-27T23:39:00Z",
    "satellite": 18,
    "flux": 2.296879529239959e-06,
    "observed_flux": 2.344979520785273e-06,
    "electron_correction": 4.8099860094907854e-08,
    "electron_contaminaton": false,
    "energy": "0.1-0.8nm"
}