{
  "time_tag": "2025-12-15T01:48:00Z",
  "satellite": 18,
  "flux": 0.0000018177108813688392,
  "observed_flux": 0.0000018590917534311302,
  "electron_correction": 4.138086850957734E-8,
  "electron_contaminaton": false,
  "energy": "0.1-0.8nm"
}
