{
  "time_tag": "2025-12-18T11:34:00Z",
  "satellite": 18,
  "flux": 5.51622406419483E-7,
  "observed_flux": 5.747018576585106E-7,
  "electron_correction": 2.3079454791741227E-8,
  "electron_contaminaton": false,
  "energy": "0.1-0.8nm"
}
