{
  "time_tag": "2026-03-22T14:22:00Z",
  "satellite": 18,
  "flux": 5.86072246733238E-7,
  "observed_flux": 6.099926963543112E-7,
  "electron_correction": 2.392046383192792E-8,
  "electron_contaminaton": false,
  "energy": "0.1-0.8nm"
}
