{
  "time_tag": "2026-02-28T05:23:00Z",
  "satellite": 18,
  "flux": 0.0000010292259275956894,
  "observed_flux": 0.000001051268895935209,
  "electron_correction": 2.204292215424175E-8,
  "electron_contaminaton": false,
  "energy": "0.1-0.8nm"
}
