{
    "time_tag": "2026-05-11T23:52:00Z",
    "satellite": 18,
    "flux": 5.943406904407311e-07,
    "observed_flux": 6.109782475505199e-07,
    "electron_correction": 1.663755355707508e-08,
    "electron_contaminaton": false,
    "energy": "0.1-0.8nm"
}