{
    "time_tag": "2026-06-24T14:48:00Z",
    "satellite": 18,
    "flux": 3.0715514185430948e-06,
    "observed_flux": 3.0750252335565165e-06,
    "electron_correction": 3.4739475740508396e-09,
    "electron_contaminaton": false,
    "energy": "0.1-0.8nm"
}