{
  "time_tag": "2026-02-11T11:56:00Z",
  "satellite": 18,
  "flux": 0.00000107046162156621,
  "observed_flux": 0.0000010792605280585121,
  "electron_correction": 8.79886208338121E-9,
  "electron_contaminaton": false,
  "energy": "0.1-0.8nm"
}
