{
  "time_tag": "2025-12-19T22:19:00Z",
  "satellite": 18,
  "flux": 0.000001115872009904706,
  "observed_flux": 0.0000011692920907080406,
  "electron_correction": 5.3420102119616786E-8,
  "electron_contaminaton": false,
  "energy": "0.1-0.8nm"
}
