{
  "time_tag": "2026-02-28T08:22:00Z",
  "satellite": 18,
  "flux": 0.0000010418865485917195,
  "observed_flux": 0.0000010597927939670626,
  "electron_correction": 1.7906272020695724E-8,
  "electron_contaminaton": false,
  "energy": "0.1-0.8nm"
}
