{
  "time_tag": "2026-02-09T20:24:00Z",
  "satellite": 18,
  "flux": 0.0000012141988463554299,
  "observed_flux": 0.000001247187810804462,
  "electron_correction": 3.298896089631853E-8,
  "electron_contaminaton": false,
  "energy": "0.1-0.8nm"
}
