{
    "time_tag": "2026-04-26T11:02:00Z",
    "satellite": 18,
    "flux": 1.1003064628312131e-06,
    "observed_flux": 1.1045759720218484e-06,
    "electron_correction": 4.269586906247014e-09,
    "electron_contaminaton": false,
    "energy": "0.1-0.8nm"
}