{
  "time_tag": "2026-06-27T15:00:00Z",
  "satellite": 18,
  "flux": 0.0000013457603245115024,
  "observed_flux": 0.0000013875549029762624,
  "electron_correction": 4.179455359576423E-8,
  "electron_contaminaton": false,
  "energy": "0.1-0.8nm"
}
