{
    "time_tag": "2026-05-25T14:43:00Z",
    "satellite": 18,
    "flux": 9.485000873610261e-07,
    "observed_flux": 9.497508699496393e-07,
    "electron_correction": 1.2507722635390905e-09,
    "electron_contaminaton": false,
    "energy": "0.1-0.8nm"
}