{
    "time_tag": "2026-05-09T08:16:00Z",
    "satellite": 18,
    "flux": 8.3949169038533e-07,
    "observed_flux": 8.526590136170853e-07,
    "electron_correction": 1.3167356982535239e-08,
    "electron_contaminaton": false,
    "energy": "0.1-0.8nm"
}