{
  "time_tag": "2026-01-26T12:21:00Z",
  "satellite": 18,
  "flux": 0.0000010841290531971026,
  "observed_flux": 0.000001131031126533344,
  "electron_correction": 4.690210175795073E-8,
  "electron_contaminaton": false,
  "energy": "0.1-0.8nm"
}
