{
    "time_tag": "2026-05-20T07:34:00Z",
    "satellite": 18,
    "flux": 6.545828341586457e-07,
    "observed_flux": 6.883797709633654e-07,
    "electron_correction": 3.3796933252006056e-08,
    "electron_contaminaton": false,
    "energy": "0.1-0.8nm"
}