{
  "time_tag": "2025-12-27T21:18:00Z",
  "satellite": 18,
  "flux": 0.0000016367046100640437,
  "observed_flux": 0.000001686161112957052,
  "electron_correction": 4.945660592170498E-8,
  "electron_contaminaton": false,
  "energy": "0.1-0.8nm"
}
