{
  "time_tag": "2026-05-08T22:30:00Z",
  "satellite": 18,
  "flux": 7.733870575066248E-7,
  "observed_flux": 8.12828488960804E-7,
  "electron_correction": 3.944141013789704E-8,
  "electron_contaminaton": false,
  "energy": "0.1-0.8nm"
}
