{
  "time_tag": "2026-04-19T11:55:00Z",
  "satellite": 18,
  "flux": 3.308102520804823E-7,
  "observed_flux": 3.50495383827365E-7,
  "electron_correction": 1.9685137075953207E-8,
  "electron_contaminaton": false,
  "energy": "0.1-0.8nm"
}
