{
  "time_tag": "2026-03-01T16:39:00Z",
  "satellite": 18,
  "flux": 0.0000013583454574472853,
  "observed_flux": 0.0000013957693454358377,
  "electron_correction": 3.7423880883125094E-8,
  "electron_contaminaton": false,
  "energy": "0.1-0.8nm"
}
