{
  "time_tag": "2026-04-28T17:48:00Z",
  "satellite": 18,
  "flux": 0.0000013244689398561604,
  "observed_flux": 0.000001334754642812186,
  "electron_correction": 1.0285719831415463E-8,
  "electron_contaminaton": false,
  "energy": "0.1-0.8nm"
}
