{
  "time_tag": "2026-03-28T18:08:00Z",
  "satellite": 18,
  "flux": 0.0000013427149951894535,
  "observed_flux": 0.0000013778708307654597,
  "electron_correction": 3.515587820857036E-8,
  "electron_contaminaton": false,
  "energy": "0.1-0.8nm"
}
