{
  "time_tag": "2025-12-14T09:18:00Z",
  "satellite": 18,
  "flux": 9.072854254554841E-7,
  "observed_flux": 9.3734968231729E-7,
  "electron_correction": 3.0064228440096485E-8,
  "electron_contaminaton": false,
  "energy": "0.1-0.8nm"
}
