{
  "time_tag": "2026-05-28T06:05:00Z",
  "satellite": 19,
  "flux": 8.192736231649178E-7,
  "observed_flux": 8.377811013815517E-7,
  "electron_correction": 1.850747288756338E-8,
  "electron_contaminaton": false,
  "energy": "0.1-0.8nm"
}
