{
    "time_tag": "2026-07-01T10:50:00Z",
    "satellite": 18,
    "flux": 3.274984919698909e-06,
    "observed_flux": 3.2834407193149673e-06,
    "electron_correction": 8.455745437174755e-09,
    "electron_contaminaton": false,
    "energy": "0.1-0.8nm"
}