{
  "time_tag": "2026-05-31T18:03:00Z",
  "satellite": 18,
  "flux": 0.0000012477181599024334,
  "observed_flux": 0.0000012929018566865125,
  "electron_correction": 4.518374652207058E-8,
  "electron_contaminaton": false,
  "energy": "0.1-0.8nm"
}
