{
  "time_tag": "2026-01-30T07:28:00Z",
  "satellite": 18,
  "flux": 9.203811259794747E-7,
  "observed_flux": 9.625407528801588E-7,
  "electron_correction": 4.215968019138927E-8,
  "electron_contaminaton": false,
  "energy": "0.1-0.8nm"
}
