{
  "time_tag": "2026-01-10T03:38:00Z",
  "satellite": 18,
  "flux": 4.3434485519355803E-7,
  "observed_flux": 4.4392731979314703E-7,
  "electron_correction": 9.5824690404811E-9,
  "electron_contaminaton": false,
  "energy": "0.1-0.8nm"
}
