{
  "time_tag": "2026-01-15T14:19:00Z",
  "satellite": 18,
  "flux": 9.392292099619226E-7,
  "observed_flux": 9.520674666418927E-7,
  "electron_correction": 1.2838269114467948E-8,
  "electron_contaminaton": false,
  "energy": "0.1-0.8nm"
}
