{
  "time_tag": "2025-12-22T06:20:00Z",
  "satellite": 18,
  "flux": 0.0000016301371488225413,
  "observed_flux": 0.0000016427161426690873,
  "electron_correction": 1.257907644713896E-8,
  "electron_contaminaton": false,
  "energy": "0.1-0.8nm"
}
