{
  "time_tag": "2026-05-27T17:18:00Z",
  "satellite": 18,
  "flux": 9.185025078295439E-7,
  "observed_flux": 9.418188255949644E-7,
  "electron_correction": 2.331630000185214E-8,
  "electron_contaminaton": false,
  "energy": "0.1-0.8nm"
}
