{
  "time_tag": "2026-05-08T13:06:00Z",
  "satellite": 18,
  "flux": 7.142397180359694E-7,
  "observed_flux": 7.173914013947069E-7,
  "electron_correction": 3.1516746989979083E-9,
  "electron_contaminaton": false,
  "energy": "0.1-0.8nm"
}
