{
  "time_tag": "2026-05-03T07:31:00Z",
  "satellite": 18,
  "flux": 0.0000013436264225674677,
  "observed_flux": 0.0000013509252312360331,
  "electron_correction": 7.298884163731145E-9,
  "electron_contaminaton": false,
  "energy": "0.1-0.8nm"
}
