{
  "time_tag": "2026-01-19T19:17:00Z",
  "satellite": 18,
  "flux": 0.000006905427653691731,
  "observed_flux": 0.0000069527459345408715,
  "electron_correction": 4.731842295768729E-8,
  "electron_contaminaton": false,
  "energy": "0.1-0.8nm"
}
