{
    "time_tag": "2026-05-24T14:14:00Z",
    "satellite": 18,
    "flux": 7.859708262003551e-07,
    "observed_flux": 7.95059804659104e-07,
    "electron_correction": 9.089009544993587e-09,
    "electron_contaminaton": false,
    "energy": "0.1-0.8nm"
}