{
  "time_tag": "2026-05-06T04:20:00Z",
  "satellite": 18,
  "flux": 7.098385026438336E-7,
  "observed_flux": 7.449723398167407E-7,
  "electron_correction": 3.513380519848397E-8,
  "electron_contaminaton": false,
  "energy": "0.1-0.8nm"
}
