{
    "time_tag": "2026-05-06T19:58:00Z",
    "satellite": 18,
    "flux": 7.93402193721704e-07,
    "observed_flux": 8.484951763421122e-07,
    "electron_correction": 5.5092947093271505e-08,
    "electron_contaminaton": false,
    "energy": "0.1-0.8nm"
}