{
    "time_tag": "2026-05-08T05:16:00Z",
    "satellite": 18,
    "flux": 5.256623012428463e-07,
    "observed_flux": 5.277670993564243e-07,
    "electron_correction": 2.1047996678902336e-09,
    "electron_contaminaton": false,
    "energy": "0.1-0.8nm"
}