{
  "time_tag": "2026-02-19T19:51:00Z",
  "satellite": 18,
  "flux": 8.974529350780358E-7,
  "observed_flux": 9.444926263313391E-7,
  "electron_correction": 4.703969125330332E-8,
  "electron_contaminaton": false,
  "energy": "0.1-0.8nm"
}
