{
  "time_tag": "2026-05-03T08:17:00Z",
  "satellite": 18,
  "flux": 0.0000012405790812408668,
  "observed_flux": 0.000001255250481335679,
  "electron_correction": 1.4671487136297401E-8,
  "electron_contaminaton": false,
  "energy": "0.1-0.8nm"
}
