{
  "time_tag": "2026-02-20T20:05:00Z",
  "satellite": 18,
  "flux": 4.1119403704215074E-7,
  "observed_flux": 4.5686650196330447E-7,
  "electron_correction": 4.5672489790149484E-8,
  "electron_contaminaton": false,
  "energy": "0.1-0.8nm"
}
