{
    "time_tag": "2026-06-12T22:13:00Z",
    "satellite": 18,
    "flux": 1.3570064538726e-06,
    "observed_flux": 1.4086988358030794e-06,
    "electron_correction": 5.169236061419724e-08,
    "electron_contaminaton": false,
    "energy": "0.1-0.8nm"
}