{
  "time_tag": "2026-01-26T18:20:00Z",
  "satellite": 18,
  "flux": 0.00000107829112039326,
  "observed_flux": 0.0000011233061059101601,
  "electron_correction": 4.501501393860963E-8,
  "electron_contaminaton": false,
  "energy": "0.1-0.8nm"
}
