{
  "time_tag": "2026-05-19T17:58:00Z",
  "satellite": 18,
  "flux": 4.0913280940912955E-7,
  "observed_flux": 4.885127395937161E-7,
  "electron_correction": 7.937994439544127E-8,
  "electron_contaminaton": false,
  "energy": "0.1-0.8nm"
}
