{
    "time_tag": "2026-05-25T21:32:00Z",
    "satellite": 18,
    "flux": 2.2378605990525102e-06,
    "observed_flux": 2.2448866729973815e-06,
    "electron_correction": 7.026178305835629e-09,
    "electron_contaminaton": false,
    "energy": "0.1-0.8nm"
}