{
    "time_tag": "2026-05-31T00:15:00Z",
    "satellite": 18,
    "flux": 7.989853543222125e-07,
    "observed_flux": 8.1745173474701e-07,
    "electron_correction": 1.8466414175577484e-08,
    "electron_contaminaton": false,
    "energy": "0.1-0.8nm"
}