{
  "time_tag": "2026-03-28T03:01:00Z",
  "satellite": 18,
  "flux": 0.0000029566415378212696,
  "observed_flux": 0.000002985025048474199,
  "electron_correction": 2.8383459138581202E-8,
  "electron_contaminaton": false,
  "energy": "0.1-0.8nm"
}
