{
  "time_tag": "2026-02-09T16:01:00Z",
  "satellite": 18,
  "flux": 0.0000016005363931981265,
  "observed_flux": 0.0000016410186844950658,
  "electron_correction": 4.0482291296939366E-8,
  "electron_contaminaton": false,
  "energy": "0.1-0.8nm"
}
