{
    "time_tag": "2026-06-27T12:48:00Z",
    "satellite": 18,
    "flux": 1.7412723991583334e-06,
    "observed_flux": 1.7780644157028291e-06,
    "electron_correction": 3.6791995228213636e-08,
    "electron_contaminaton": false,
    "energy": "0.1-0.8nm"
}