{
  "time_tag": "2026-02-12T11:28:00Z",
  "satellite": 18,
  "flux": 9.717824696053867E-7,
  "observed_flux": 9.941480811903602E-7,
  "electron_correction": 2.2365627572185076E-8,
  "electron_contaminaton": false,
  "energy": "0.1-0.8nm"
}
