{
  "time_tag": "2026-05-25T09:46:00Z",
  "satellite": 18,
  "flux": 9.275670436181827E-7,
  "observed_flux": 9.280690278501424E-7,
  "electron_correction": 5.020070470429516E-10,
  "electron_contaminaton": false,
  "energy": "0.1-0.8nm"
}
