{
  "time_tag": "2026-03-28T14:43:00Z",
  "satellite": 18,
  "flux": 0.0000015034067928354489,
  "observed_flux": 0.0000015132899306991021,
  "electron_correction": 9.883120100084852E-9,
  "electron_contaminaton": false,
  "energy": "0.1-0.8nm"
}
