{
  "time_tag": "2026-05-08T10:44:00Z",
  "satellite": 18,
  "flux": 5.893658112654521E-7,
  "observed_flux": 5.91587820508721E-7,
  "electron_correction": 2.2220345563539468E-9,
  "electron_contaminaton": false,
  "energy": "0.1-0.8nm"
}
