{
  "time_tag": "2026-03-11T23:38:00Z",
  "satellite": 18,
  "flux": 5.907904210289416E-7,
  "observed_flux": 6.430528287637571E-7,
  "electron_correction": 5.226239707667446E-8,
  "electron_contaminaton": false,
  "energy": "0.1-0.8nm"
}
