{
  "time_tag": "2026-03-01T03:02:00Z",
  "satellite": 18,
  "flux": 0.0000017613006093597505,
  "observed_flux": 0.0000017819282902564737,
  "electron_correction": 2.0627632935088513E-8,
  "electron_contaminaton": false,
  "energy": "0.1-0.8nm"
}
