{
    "time_tag": "2026-04-25T11:44:00Z",
    "satellite": 18,
    "flux": 8.676311722410901e-07,
    "observed_flux": 8.716442039258254e-07,
    "electron_correction": 4.0129926048848574e-09,
    "electron_contaminaton": false,
    "energy": "0.1-0.8nm"
}