{
  "time_tag": "2026-06-05T22:10:00Z",
  "satellite": 18,
  "flux": 0.0000011080525155193754,
  "observed_flux": 0.0000011310033869449398,
  "electron_correction": 2.295078260772243E-8,
  "electron_contaminaton": false,
  "energy": "0.1-0.8nm"
}
