{
  "time_tag": "2026-03-28T20:54:00Z",
  "satellite": 18,
  "flux": 0.0000013682787312063738,
  "observed_flux": 0.0000014111402606431511,
  "electron_correction": 4.286158272748253E-8,
  "electron_contaminaton": false,
  "energy": "0.1-0.8nm"
}
