{
  "time_tag": "2026-02-25T22:58:00Z",
  "satellite": 18,
  "flux": 0.0000011468839602457592,
  "observed_flux": 0.0000012112210470149876,
  "electron_correction": 6.433713650721984E-8,
  "electron_contaminaton": false,
  "energy": "0.1-0.8nm"
}
