{
    "time_tag": "2026-06-05T14:52:00Z",
    "satellite": 18,
    "flux": 9.91941305983346e-07,
    "observed_flux": 9.94440142676467e-07,
    "electron_correction": 2.498740103717978e-09,
    "electron_contaminaton": false,
    "energy": "0.1-0.8nm"
}