{
  "time_tag": "2026-05-09T17:03:00Z",
  "satellite": 18,
  "flux": 8.739867780604982E-7,
  "observed_flux": 9.00427494343603E-7,
  "electron_correction": 2.6440694966822775E-8,
  "electron_contaminaton": false,
  "energy": "0.1-0.8nm"
}
