{
  "time_tag": "2026-06-01T00:03:00Z",
  "satellite": 18,
  "flux": 6.617271424147475E-7,
  "observed_flux": 6.917193218214379E-7,
  "electron_correction": 2.999220782839984E-8,
  "electron_contaminaton": false,
  "energy": "0.1-0.8nm"
}
