{
  "time_tag": "2026-02-24T12:45:00Z",
  "satellite": 18,
  "flux": 0.000002760185452643782,
  "observed_flux": 0.0000028050912987964693,
  "electron_correction": 4.490589233796527E-8,
  "electron_contaminaton": false,
  "energy": "0.1-0.8nm"
}
