{
  "time_tag": "2026-02-24T01:32:00Z",
  "satellite": 18,
  "flux": 5.799053610644478E-7,
  "observed_flux": 6.640008791691798E-7,
  "electron_correction": 8.409551810473204E-8,
  "electron_contaminaton": false,
  "energy": "0.1-0.8nm"
}
