{
  "time_tag": "2026-05-26T06:17:00Z",
  "satellite": 18,
  "flux": 0.0000014175695923768217,
  "observed_flux": 0.0000014197137261362514,
  "electron_correction": 2.144111332924581E-9,
  "electron_contaminaton": false,
  "energy": "0.1-0.8nm"
}
