{
    "time_tag": "2026-06-17T13:37:00Z",
    "satellite": 18,
    "flux": 5.159125748832594e-07,
    "observed_flux": 5.255271275927953e-07,
    "electron_correction": 9.614554485892768e-09,
    "electron_contaminaton": false,
    "energy": "0.1-0.8nm"
}