{
  "time_tag": "2026-02-01T23:22:00Z",
  "satellite": 18,
  "flux": 0.000009432358638150617,
  "observed_flux": 0.00000946219552133698,
  "electron_correction": 2.9836588311127343E-8,
  "electron_contaminaton": false,
  "energy": "0.1-0.8nm"
}
