{
  "time_tag": "2026-01-28T14:20:00Z",
  "satellite": 18,
  "flux": 8.54765573876648E-7,
  "observed_flux": 9.036991173161368E-7,
  "electron_correction": 4.8933525675920464E-8,
  "electron_contaminaton": false,
  "energy": "0.1-0.8nm"
}
