{
  "time_tag": "2026-06-20T06:41:00Z",
  "satellite": 18,
  "flux": 5.790411137240881E-7,
  "observed_flux": 5.852418780705193E-7,
  "electron_correction": 6.200798985389611E-9,
  "electron_contaminaton": false,
  "energy": "0.1-0.8nm"
}
