{
    "time_tag": "2026-06-25T00:13:00Z",
    "satellite": 18,
    "flux": 3.093479790550191e-06,
    "observed_flux": 3.0979697385191685e-06,
    "electron_correction": 4.489855598421855e-09,
    "electron_contaminaton": false,
    "energy": "0.1-0.8nm"
}