{
  "time_tag": "2026-02-06T15:09:00Z",
  "satellite": 18,
  "flux": 0.000002001901975745568,
  "observed_flux": 0.0000020574477730406215,
  "electron_correction": 5.5545836374903956E-8,
  "electron_contaminaton": false,
  "energy": "0.1-0.8nm"
}
