{
  "time_tag": "2026-03-19T19:54:00Z",
  "satellite": 18,
  "flux": 3.244725519380154E-7,
  "observed_flux": 3.4357753975200467E-7,
  "electron_correction": 1.9104975379491407E-8,
  "electron_contaminaton": false,
  "energy": "0.1-0.8nm"
}
