{
  "time_tag": "2026-02-14T07:10:00Z",
  "satellite": 18,
  "flux": 7.331742608585046E-7,
  "observed_flux": 7.488937399102724E-7,
  "electron_correction": 1.5719455959128936E-8,
  "electron_contaminaton": false,
  "energy": "0.1-0.8nm"
}
