{
  "time_tag": "2026-03-21T22:20:00Z",
  "satellite": 18,
  "flux": 4.01096912128196E-7,
  "observed_flux": 4.3099947788505233E-7,
  "electron_correction": 2.990258707313842E-8,
  "electron_contaminaton": false,
  "energy": "0.1-0.8nm"
}
