{
    "time_tag": "2026-04-27T12:45:00Z",
    "satellite": 18,
    "flux": 8.522279131284449e-07,
    "observed_flux": 8.584196962146962e-07,
    "electron_correction": 6.191779089448346e-09,
    "electron_contaminaton": false,
    "energy": "0.1-0.8nm"
}