{
    "time_tag": "2026-05-20T13:12:00Z",
    "satellite": 18,
    "flux": 4.784808425029041e-07,
    "observed_flux": 5.149674962012796e-07,
    "electron_correction": 3.648665369837545e-08,
    "electron_contaminaton": false,
    "energy": "0.1-0.8nm"
}