{
    "time_tag": "2026-05-24T07:23:00Z",
    "satellite": 18,
    "flux": 7.874796210671775e-07,
    "observed_flux": 7.928715604066383e-07,
    "electron_correction": 5.391931345855028e-09,
    "electron_contaminaton": false,
    "energy": "0.1-0.8nm"
}