{
  "time_tag": "2026-02-28T06:43:00Z",
  "satellite": 18,
  "flux": 0.0000013054510645815753,
  "observed_flux": 0.0000013267911072034622,
  "electron_correction": 2.134005328002786E-8,
  "electron_contaminaton": false,
  "energy": "0.1-0.8nm"
}
