{
  "time_tag": "2026-06-28T05:11:00Z",
  "satellite": 18,
  "flux": 0.000001753567744344764,
  "observed_flux": 0.0000017840103510025074,
  "electron_correction": 3.044258534146138E-8,
  "electron_contaminaton": false,
  "energy": "0.1-0.8nm"
}
