{
  "time_tag": "2026-02-01T11:22:00Z",
  "satellite": 18,
  "flux": 0.000010785337508423254,
  "observed_flux": 0.000010812650543812197,
  "electron_correction": 2.7312895056752495E-8,
  "electron_contaminaton": false,
  "energy": "0.1-0.8nm"
}
