{
    "time_tag": "2026-06-17T19:03:00Z",
    "satellite": 18,
    "flux": 4.773243063027621e-07,
    "observed_flux": 4.913236466563831e-07,
    "electron_correction": 1.3999352788118813e-08,
    "electron_contaminaton": false,
    "energy": "0.1-0.8nm"
}