{
  "time_tag": "2026-03-19T12:12:00Z",
  "satellite": 18,
  "flux": 3.4191617714895983E-7,
  "observed_flux": 3.513122237563948E-7,
  "electron_correction": 9.396019073903972E-9,
  "electron_contaminaton": false,
  "energy": "0.1-0.8nm"
}
