{
  "time_tag": "2026-06-18T16:56:00Z",
  "satellite": 18,
  "flux": 3.8698445337104204E-7,
  "observed_flux": 4.0247579136121203E-7,
  "electron_correction": 1.549135042466787E-8,
  "electron_contaminaton": false,
  "energy": "0.1-0.8nm"
}
