{
  "time_tag": "2026-03-04T00:50:00Z",
  "satellite": 18,
  "flux": 8.446572223874682E-7,
  "observed_flux": 8.829403554955206E-7,
  "electron_correction": 3.828314021347978E-8,
  "electron_contaminaton": false,
  "energy": "0.1-0.8nm"
}
