{
    "time_tag": "2026-06-26T11:59:00Z",
    "satellite": 18,
    "flux": 1.5431315887326491e-06,
    "observed_flux": 1.5736709428892937e-06,
    "electron_correction": 3.0539393236495016e-08,
    "electron_contaminaton": false,
    "energy": "0.1-0.8nm"
}