{
  "time_tag": "2026-03-20T22:54:00Z",
  "satellite": 18,
  "flux": 3.250766269502492E-7,
  "observed_flux": 3.2508023650734685E-7,
  "electron_correction": 3.6027795330406676E-12,
  "electron_contaminaton": false,
  "energy": "0.1-0.8nm"
}
