{
  "time_tag": "2026-01-18T14:17:00Z",
  "satellite": 18,
  "flux": 0.0000014884784604873857,
  "observed_flux": 0.0000015235601722451975,
  "electron_correction": 3.508170820509804E-8,
  "electron_contaminaton": false,
  "energy": "0.1-0.8nm"
}
