{
    "time_tag": "2026-06-19T10:57:00Z",
    "satellite": 18,
    "flux": 5.932429303356912e-07,
    "observed_flux": 6.022231673341594e-07,
    "electron_correction": 8.98024143936027e-09,
    "electron_contaminaton": false,
    "energy": "0.1-0.8nm"
}