{
  "time_tag": "2026-03-21T07:52:00Z",
  "satellite": 18,
  "flux": 3.8577445593546145E-7,
  "observed_flux": 3.8802937751825084E-7,
  "electron_correction": 2.254936237733318E-9,
  "electron_contaminaton": false,
  "energy": "0.1-0.8nm"
}
