{
  "time_tag": "2026-02-25T23:22:00Z",
  "satellite": 18,
  "flux": 0.000001811084985092748,
  "observed_flux": 0.0000018676687432161998,
  "electron_correction": 5.65837154908877E-8,
  "electron_contaminaton": false,
  "energy": "0.1-0.8nm"
}
