{
    "time_tag": "2026-05-15T23:31:00Z",
    "satellite": 18,
    "flux": 4.297023394883581e-07,
    "observed_flux": 4.5078121502228896e-07,
    "electron_correction": 2.1078873757574e-08,
    "electron_contaminaton": false,
    "energy": "0.1-0.8nm"
}