{
  "time_tag": "2026-07-01T06:45:00Z",
  "satellite": 18,
  "flux": 0.000008439345947408583,
  "observed_flux": 0.000008445964340353385,
  "electron_correction": 6.618225523169485E-9,
  "electron_contaminaton": false,
  "energy": "0.1-0.8nm"
}
