{
  "time_tag": "2026-02-26T05:35:00Z",
  "satellite": 18,
  "flux": 8.305614755954593E-7,
  "observed_flux": 8.568297857891594E-7,
  "electron_correction": 2.6268322628197893E-8,
  "electron_contaminaton": false,
  "energy": "0.1-0.8nm"
}
