{
  "time_tag": "2026-03-13T14:15:00Z",
  "satellite": 18,
  "flux": 0.000001493791842221981,
  "observed_flux": 0.0000014988620478106895,
  "electron_correction": 5.070224240455445E-9,
  "electron_contaminaton": false,
  "energy": "0.1-0.8nm"
}
