{
  "time_tag": "2026-02-22T20:02:00Z",
  "satellite": 18,
  "flux": 4.1483255586172163E-7,
  "observed_flux": 4.7132712666098087E-7,
  "electron_correction": 5.64945601411182E-8,
  "electron_contaminaton": false,
  "energy": "0.1-0.8nm"
}
