{
  "time_tag": "2026-05-30T23:16:00Z",
  "satellite": 18,
  "flux": 8.321857194459881E-7,
  "observed_flux": 8.608822668065841E-7,
  "electron_correction": 2.8696542031525496E-8,
  "electron_contaminaton": false,
  "energy": "0.1-0.8nm"
}
