{
    "time_tag": "2026-06-23T06:11:00Z",
    "satellite": 18,
    "flux": 9.201547186421521e-07,
    "observed_flux": 9.238606821782014e-07,
    "electron_correction": 3.705940665454932e-09,
    "electron_contaminaton": false,
    "energy": "0.1-0.8nm"
}