{
  "time_tag": "2026-03-24T08:28:00Z",
  "satellite": 18,
  "flux": 9.736055517350906E-7,
  "observed_flux": 0.0000010066568165711942,
  "electron_correction": 3.3051328784949874E-8,
  "electron_contaminaton": false,
  "energy": "0.1-0.8nm"
}
