{
  "time_tag": "2025-12-27T13:19:00Z",
  "satellite": 18,
  "flux": 0.000002201796860390459,
  "observed_flux": 0.0000022337778773362515,
  "electron_correction": 3.1981034709360756E-8,
  "electron_contaminaton": false,
  "energy": "0.1-0.8nm"
}
