{
    "time_tag": "2026-06-01T14:55:00Z",
    "satellite": 18,
    "flux": 6.209514822330675e-07,
    "observed_flux": 6.498116817965638e-07,
    "electron_correction": 2.8860162260002653e-08,
    "electron_contaminaton": false,
    "energy": "0.1-0.8nm"
}