{
    "time_tag": "2026-05-09T11:12:00Z",
    "satellite": 18,
    "flux": 6.741236120433314e-07,
    "observed_flux": 6.898021638335194e-07,
    "electron_correction": 1.5678578435540658e-08,
    "electron_contaminaton": false,
    "energy": "0.1-0.8nm"
}