{
    "time_tag": "2026-06-24T05:07:00Z",
    "satellite": 18,
    "flux": 1.1909347676919424e-06,
    "observed_flux": 1.1910560715477914e-06,
    "electron_correction": 1.2127979176490555e-10,
    "electron_contaminaton": false,
    "energy": "0.1-0.8nm"
}