{
    "time_tag": "2026-05-01T15:30:00Z",
    "satellite": 18,
    "flux": 7.021567398624029e-06,
    "observed_flux": 7.056484719214495e-06,
    "electron_correction": 3.4917277957902115e-08,
    "electron_contaminaton": false,
    "energy": "0.1-0.8nm"
}