{
  "time_tag": "2026-02-20T16:24:00Z",
  "satellite": 18,
  "flux": 5.332984187589318E-7,
  "observed_flux": 5.542374879041745E-7,
  "electron_correction": 2.0939072697956362E-8,
  "electron_contaminaton": false,
  "energy": "0.1-0.8nm"
}
