{
  "time_tag": "2026-02-19T15:33:00Z",
  "satellite": 18,
  "flux": 4.151400787577586E-7,
  "observed_flux": 4.419026140567439E-7,
  "electron_correction": 2.676253885169899E-8,
  "electron_contaminaton": false,
  "energy": "0.1-0.8nm"
}
