{
    "time_tag": "2026-06-19T15:50:00Z",
    "satellite": 18,
    "flux": 6.327421147034329e-07,
    "observed_flux": 6.509301897494879e-07,
    "electron_correction": 1.8188076822411858e-08,
    "electron_contaminaton": false,
    "energy": "0.1-0.8nm"
}