{
  "time_tag": "2026-04-18T14:10:00Z",
  "satellite": 18,
  "flux": 3.2043260489444947E-7,
  "observed_flux": 3.3502399787721515E-7,
  "electron_correction": 1.4591408969977238E-8,
  "electron_contaminaton": false,
  "energy": "0.1-0.8nm"
}
