{
    "time_tag": "2026-04-25T08:31:00Z",
    "satellite": 18,
    "flux": 1.817060820030747e-06,
    "observed_flux": 1.8190619357483229e-06,
    "electron_correction": 2.0012216328524346e-09,
    "electron_contaminaton": false,
    "energy": "0.1-0.8nm"
}