{
    "time_tag": "2026-06-23T17:46:00Z",
    "satellite": 18,
    "flux": 1.4763741091883276e-06,
    "observed_flux": 1.4821629292782745e-06,
    "electron_correction": 5.788828971731164e-09,
    "electron_contaminaton": false,
    "energy": "0.1-0.8nm"
}