{
  "time_tag": "2026-05-28T11:41:00Z",
  "satellite": 19,
  "flux": 8.587364277445886E-7,
  "observed_flux": 8.800791988505807E-7,
  "electron_correction": 2.1342760447851106E-8,
  "electron_contaminaton": false,
  "energy": "0.1-0.8nm"
}
