{
    "time_tag": "2026-05-03T19:57:00Z",
    "satellite": 18,
    "flux": 1.0872964821828646e-06,
    "observed_flux": 1.1225928346902947e-06,
    "electron_correction": 3.5296359612857486e-08,
    "electron_contaminaton": false,
    "energy": "0.1-0.8nm"
}