{
  "time_tag": "2026-03-16T20:48:00Z",
  "satellite": 18,
  "flux": 4.1769280301195977E-7,
  "observed_flux": 4.642936914933671E-7,
  "electron_correction": 4.6600899139548346E-8,
  "electron_contaminaton": false,
  "energy": "0.1-0.8nm"
}
