{
  "time_tag": "2026-05-07T22:44:00Z",
  "satellite": 18,
  "flux": 6.608872809010791E-7,
  "observed_flux": 7.007442377471307E-7,
  "electron_correction": 3.985692131891483E-8,
  "electron_contaminaton": false,
  "energy": "0.1-0.8nm"
}
