{
    "time_tag": "2026-05-09T22:44:00Z",
    "satellite": 18,
    "flux": 1.194374704027723e-06,
    "observed_flux": 1.2174388075436582e-06,
    "electron_correction": 2.306407154151202e-08,
    "electron_contaminaton": false,
    "energy": "0.1-0.8nm"
}