{
  "time_tag": "2026-06-04T12:26:00Z",
  "satellite": 18,
  "flux": 0.0000010105608225785545,
  "observed_flux": 0.000001014908207253029,
  "electron_correction": 4.347381565850128E-9,
  "electron_contaminaton": false,
  "energy": "0.1-0.8nm"
}
