{
  "time_tag": "2026-04-17T17:33:00Z",
  "satellite": 18,
  "flux": 4.121340282381425E-7,
  "observed_flux": 4.1949144247155346E-7,
  "electron_correction": 7.357416009767803E-9,
  "electron_contaminaton": false,
  "energy": "0.1-0.8nm"
}
