{
    "time_tag": "2026-05-15T01:26:00Z",
    "satellite": 18,
    "flux": 8.071003207987815e-07,
    "observed_flux": 8.147820835802122e-07,
    "electron_correction": 7.68177788046387e-09,
    "electron_contaminaton": false,
    "energy": "0.1-0.8nm"
}