{
  "time_tag": "2025-12-29T23:18:00Z",
  "satellite": 18,
  "flux": 0.0000019321284980833298,
  "observed_flux": 0.0000019763567706831964,
  "electron_correction": 4.4228240625443505E-8,
  "electron_contaminaton": false,
  "energy": "0.1-0.8nm"
}
