{
  "time_tag": "2026-06-09T22:47:00Z",
  "satellite": 18,
  "flux": 0.000001138058905780781,
  "observed_flux": 0.0000011683138154694461,
  "electron_correction": 3.0254884819669314E-8,
  "electron_contaminaton": false,
  "energy": "0.1-0.8nm"
}
