{
    "time_tag": "2026-04-28T13:02:00Z",
    "satellite": 18,
    "flux": 3.2253765311907046e-06,
    "observed_flux": 3.2318462217517663e-06,
    "electron_correction": 6.469507596307267e-09,
    "electron_contaminaton": false,
    "energy": "0.1-0.8nm"
}