{
    "time_tag": "2026-05-07T21:25:00Z",
    "satellite": 18,
    "flux": 8.059893730205658e-07,
    "observed_flux": 8.43907514536113e-07,
    "electron_correction": 3.7918180595397644e-08,
    "electron_contaminaton": false,
    "energy": "0.1-0.8nm"
}