{
  "time_tag": "2026-03-14T13:17:00Z",
  "satellite": 18,
  "flux": 6.52482015084388E-7,
  "observed_flux": 6.887394761179166E-7,
  "electron_correction": 3.6257443269960277E-8,
  "electron_contaminaton": false,
  "energy": "0.1-0.8nm"
}
