{
    "time_tag": "2026-06-11T20:03:00Z",
    "satellite": 18,
    "flux": 7.390386826955364e-07,
    "observed_flux": 7.598939077979594e-07,
    "electron_correction": 2.0855242865991386e-08,
    "electron_contaminaton": false,
    "energy": "0.1-0.8nm"
}