{
  "time_tag": "2026-01-25T06:19:00Z",
  "satellite": 18,
  "flux": 0.0000012291015991650056,
  "observed_flux": 0.0000012404211702232715,
  "electron_correction": 1.1319546189270113E-8,
  "electron_contaminaton": false,
  "energy": "0.1-0.8nm"
}
