{
  "time_tag": "2026-01-29T15:20:00Z",
  "satellite": 18,
  "flux": 8.161031246345374E-7,
  "observed_flux": 9.093423614103813E-7,
  "electron_correction": 9.323925098669861E-8,
  "electron_contaminaton": false,
  "energy": "0.1-0.8nm"
}
