{
    "time_tag": "2026-06-18T13:37:00Z",
    "satellite": 18,
    "flux": 5.308661457092967e-07,
    "observed_flux": 5.39201494120789e-07,
    "electron_correction": 8.33536439870386e-09,
    "electron_contaminaton": false,
    "energy": "0.1-0.8nm"
}