{
  "time_tag": "2026-03-15T01:52:00Z",
  "satellite": 18,
  "flux": 7.156700121413451E-7,
  "observed_flux": 7.552551437584043E-7,
  "electron_correction": 3.958513161705923E-8,
  "electron_contaminaton": false,
  "energy": "0.1-0.8nm"
}
