{
  "time_tag": "2026-01-03T01:48:00Z",
  "satellite": 18,
  "flux": 0.0000025277595341322012,
  "observed_flux": 0.0000025693220777611714,
  "electron_correction": 4.156263244681213E-8,
  "electron_contaminaton": false,
  "energy": "0.1-0.8nm"
}
