{
  "time_tag": "2026-04-22T06:29:00Z",
  "satellite": 18,
  "flux": 9.859184046945302E-7,
  "observed_flux": 0.0000010046043144029682,
  "electron_correction": 1.8685938130147406E-8,
  "electron_contaminaton": false,
  "energy": "0.1-0.8nm"
}
