{
  "time_tag": "2026-05-08T16:51:00Z",
  "satellite": 18,
  "flux": 6.465178330472554E-7,
  "observed_flux": 6.638989589191624E-7,
  "electron_correction": 1.7381115213765952E-8,
  "electron_contaminaton": false,
  "energy": "0.1-0.8nm"
}
