{
  "time_tag": "2026-03-13T13:49:00Z",
  "satellite": 18,
  "flux": 0.0000013398718010648736,
  "observed_flux": 0.00000134370714022225,
  "electron_correction": 3.835331607859871E-9,
  "electron_contaminaton": false,
  "energy": "0.1-0.8nm"
}
