{
    "time_tag": "2026-06-14T18:47:00Z",
    "satellite": 18,
    "flux": 4.944573674947605e-07,
    "observed_flux": 5.460108809529629e-07,
    "electron_correction": 5.1553531221770754e-08,
    "electron_contaminaton": false,
    "energy": "0.1-0.8nm"
}