{
    "time_tag": "2026-04-25T17:20:00Z",
    "satellite": 18,
    "flux": 1.2204177437524777e-06,
    "observed_flux": 1.2328015372986556e-06,
    "electron_correction": 1.2383766900825321e-08,
    "electron_contaminaton": false,
    "energy": "0.1-0.8nm"
}