{
  "time_tag": "2026-05-03T11:01:00Z",
  "satellite": 18,
  "flux": 9.88015926850494E-7,
  "observed_flux": 0.000001004485170597036,
  "electron_correction": 1.6469277497321855E-8,
  "electron_contaminaton": false,
  "energy": "0.1-0.8nm"
}
