{
  "time_tag": "2026-03-07T23:35:00Z",
  "satellite": 18,
  "flux": 5.5983127822401E-7,
  "observed_flux": 5.879151103727054E-7,
  "electron_correction": 2.8083828595981686E-8,
  "electron_contaminaton": false,
  "energy": "0.1-0.8nm"
}
