{
  "time_tag": "2026-02-28T22:21:00Z",
  "satellite": 18,
  "flux": 0.0000012656807939492865,
  "observed_flux": 0.0000013341890507945209,
  "electron_correction": 6.850827105608914E-8,
  "electron_contaminaton": false,
  "energy": "0.1-0.8nm"
}
