{
  "time_tag": "2026-03-07T23:21:00Z",
  "satellite": 18,
  "flux": 5.688154942617984E-7,
  "observed_flux": 5.983047799418273E-7,
  "electron_correction": 2.9489257258319412E-8,
  "electron_contaminaton": false,
  "energy": "0.1-0.8nm"
}
