{
  "time_tag": "2026-04-26T23:22:00Z",
  "satellite": 18,
  "flux": 0.000003509317366479081,
  "observed_flux": 0.0000035315265449753497,
  "electron_correction": 2.220917316719806E-8,
  "electron_contaminaton": false,
  "energy": "0.1-0.8nm"
}
