{
  "time_tag": "2026-02-24T11:14:00Z",
  "satellite": 18,
  "flux": 0.0000013056283023615833,
  "observed_flux": 0.0000013507018365999102,
  "electron_correction": 4.507346673676693E-8,
  "electron_contaminaton": false,
  "energy": "0.1-0.8nm"
}
