{
  "time_tag": "2026-01-01T05:19:00Z",
  "satellite": 18,
  "flux": 0.000001625335130484018,
  "observed_flux": 0.0000016381699197154376,
  "electron_correction": 1.2834728835287024E-8,
  "electron_contaminaton": false,
  "energy": "0.1-0.8nm"
}
