{
    "time_tag": "2026-04-30T05:24:00Z",
    "satellite": 18,
    "flux": 8.579091286264884e-07,
    "observed_flux": 8.584458441873721e-07,
    "electron_correction": 5.367309374726403e-10,
    "electron_contaminaton": false,
    "energy": "0.1-0.8nm"
}