{
  "time_tag": "2026-06-18T02:36:00Z",
  "satellite": 18,
  "flux": 3.9094149428819946E-7,
  "observed_flux": 4.0426874647891964E-7,
  "electron_correction": 1.3327229986259681E-8,
  "electron_contaminaton": false,
  "energy": "0.1-0.8nm"
}
