{
  "time_tag": "2026-04-30T07:30:00Z",
  "satellite": 18,
  "flux": 0.000001030168618854077,
  "observed_flux": 0.000001030551288749848,
  "electron_correction": 3.8274397540227767E-10,
  "electron_contaminaton": false,
  "energy": "0.1-0.8nm"
}
