{
  "time_tag": "2026-06-29T20:59:00Z",
  "satellite": 18,
  "flux": 0.000005237057848717086,
  "observed_flux": 0.000005268774657452013,
  "electron_correction": 3.171671636437168E-8,
  "electron_contaminaton": false,
  "energy": "0.1-0.8nm"
}
