{
    "time_tag": "2026-05-27T22:01:00Z",
    "satellite": 19,
    "flux": 7.703895903432567e-07,
    "observed_flux": 7.942228990032163e-07,
    "electron_correction": 2.383331931810062e-08,
    "electron_contaminaton": false,
    "energy": "0.1-0.8nm"
}