{
  "time_tag": "2026-02-02T17:25:00Z",
  "satellite": 18,
  "flux": 0.00001705973772914149,
  "observed_flux": 0.000017081547412090003,
  "electron_correction": 2.1810556916079804E-8,
  "electron_contaminaton": false,
  "energy": "0.1-0.8nm"
}
