{
  "time_tag": "2026-01-16T19:18:00Z",
  "satellite": 18,
  "flux": 0.0000029731018003076315,
  "observed_flux": 0.0000030558167054550722,
  "electron_correction": 8.271494778000488E-8,
  "electron_contaminaton": false,
  "energy": "0.1-0.8nm"
}
