{
  "time_tag": "2026-02-04T23:01:00Z",
  "satellite": 18,
  "flux": 0.0000022690335299557773,
  "observed_flux": 0.0000022764370442018844,
  "electron_correction": 7.403509361125771E-9,
  "electron_contaminaton": false,
  "energy": "0.1-0.8nm"
}
