{
  "time_tag": "2026-02-04T21:13:00Z",
  "satellite": 18,
  "flux": 0.0000024130151814460987,
  "observed_flux": 0.000002422041461613844,
  "electron_correction": 9.02626684506913E-9,
  "electron_contaminaton": false,
  "energy": "0.1-0.8nm"
}
