{
  "time_tag": "2026-03-16T06:00:00Z",
  "satellite": 18,
  "flux": 3.5200969250581693E-7,
  "observed_flux": 3.8292995441224775E-7,
  "electron_correction": 3.09202654591445E-8,
  "electron_contaminaton": false,
  "energy": "0.1-0.8nm"
}
