{
    "time_tag": "2026-06-04T07:09:00Z",
    "satellite": 18,
    "flux": 1.2322095699346391e-06,
    "observed_flux": 1.2340434523139265e-06,
    "electron_correction": 1.8337756868547217e-09,
    "electron_contaminaton": false,
    "energy": "0.1-0.8nm"
}