{
    "time_tag": "2026-05-17T01:13:00Z",
    "satellite": 18,
    "flux": 9.373973171022953e-07,
    "observed_flux": 1.0144129873879137e-06,
    "electron_correction": 7.701564896933633e-08,
    "electron_contaminaton": false,
    "energy": "0.1-0.8nm"
}