{
  "time_tag": "2026-06-04T02:22:00Z",
  "satellite": 18,
  "flux": 0.0000010166980928261182,
  "observed_flux": 0.0000010229123290628195,
  "electron_correction": 6.214338377219519E-9,
  "electron_contaminaton": false,
  "energy": "0.1-0.8nm"
}
