{
    "time_tag": "2026-05-05T13:16:00Z",
    "satellite": 18,
    "flux": 1.2818474033338134e-06,
    "observed_flux": 1.3174895912015927e-06,
    "electron_correction": 3.5642191420492964e-08,
    "electron_contaminaton": false,
    "energy": "0.1-0.8nm"
}