{
  "time_tag": "2026-03-09T10:44:00Z",
  "satellite": 18,
  "flux": 7.13384736172884E-7,
  "observed_flux": 7.227249056995788E-7,
  "electron_correction": 9.340186402084782E-9,
  "electron_contaminaton": false,
  "energy": "0.1-0.8nm"
}
