{
  "time_tag": "2026-01-16T20:18:00Z",
  "satellite": 18,
  "flux": 0.000001208643539030163,
  "observed_flux": 0.000001262007572222501,
  "electron_correction": 5.3364033192337956E-8,
  "electron_contaminaton": false,
  "energy": "0.1-0.8nm"
}
