{
  "time_tag": "2026-03-17T20:17:00Z",
  "satellite": 18,
  "flux": 3.77301745402292E-7,
  "observed_flux": 4.2361307350802235E-7,
  "electron_correction": 4.631133521115771E-8,
  "electron_contaminaton": false,
  "energy": "0.1-0.8nm"
}
