{
  "time_tag": "2026-01-20T09:21:00Z",
  "satellite": 18,
  "flux": 0.0000014502556950901635,
  "observed_flux": 0.000001464599108658149,
  "electron_correction": 1.434346597051217E-8,
  "electron_contaminaton": false,
  "energy": "0.1-0.8nm"
}
