{
  "time_tag": "2026-06-17T20:17:00Z",
  "satellite": 18,
  "flux": 4.6272441522887675E-7,
  "observed_flux": 4.775993716066296E-7,
  "electron_correction": 1.487496970042912E-8,
  "electron_contaminaton": false,
  "energy": "0.1-0.8nm"
}
