{
    "time_tag": "2026-04-24T17:51:00Z",
    "satellite": 18,
    "flux": 2.8985407425352605e-06,
    "observed_flux": 2.9365201044129208e-06,
    "electron_correction": 3.79792730598183e-08,
    "electron_contaminaton": false,
    "energy": "0.1-0.8nm"
}