{
    "time_tag": "2026-06-28T20:37:00Z",
    "satellite": 18,
    "flux": 1.7911598888531444e-06,
    "observed_flux": 1.8347554942010902e-06,
    "electron_correction": 4.3595566268095354e-08,
    "electron_contaminaton": false,
    "energy": "0.1-0.8nm"
}