{
    "time_tag": "2026-06-26T19:42:00Z",
    "satellite": 18,
    "flux": 1.3002528476135922e-06,
    "observed_flux": 1.3754239489571773e-06,
    "electron_correction": 7.51711652924314e-08,
    "electron_contaminaton": false,
    "energy": "0.1-0.8nm"
}