{
    "time_tag": "2026-05-16T19:46:00Z",
    "satellite": 18,
    "flux": 1.2522617680588155e-06,
    "observed_flux": 1.4020405387782375e-06,
    "electron_correction": 1.4977878493027674e-07,
    "electron_contaminaton": false,
    "energy": "0.1-0.8nm"
}