{
  "time_tag": "2025-12-17T11:19:00Z",
  "satellite": 18,
  "flux": 6.934042175998911E-7,
  "observed_flux": 6.999839001764485E-7,
  "electron_correction": 6.579695011055264E-9,
  "electron_contaminaton": false,
  "energy": "0.1-0.8nm"
}
