{
  "time_tag": "2026-03-02T11:52:00Z",
  "satellite": 18,
  "flux": 0.0000019302419786981773,
  "observed_flux": 0.000001937492470460711,
  "electron_correction": 7.250310130046955E-9,
  "electron_contaminaton": false,
  "energy": "0.1-0.8nm"
}
