{
  "time_tag": "2026-01-14T17:19:00Z",
  "satellite": 18,
  "flux": 8.935178925639775E-7,
  "observed_flux": 9.417300930181227E-7,
  "electron_correction": 4.821222177042728E-8,
  "electron_contaminaton": false,
  "energy": "0.1-0.8nm"
}
