{
  "time_tag": "2026-03-21T14:52:00Z",
  "satellite": 18,
  "flux": 4.2143255996052176E-7,
  "observed_flux": 4.3742699062931933E-7,
  "electron_correction": 1.5994411128872343E-8,
  "electron_contaminaton": false,
  "energy": "0.1-0.8nm"
}
