{
    "time_tag": "2026-05-17T11:59:00Z",
    "satellite": 18,
    "flux": 6.614612289013166e-07,
    "observed_flux": 7.031401310086949e-07,
    "electron_correction": 4.1678905660091914e-08,
    "electron_contaminaton": false,
    "energy": "0.1-0.8nm"
}