{
  "time_tag": "2026-02-09T00:09:00Z",
  "satellite": 18,
  "flux": 0.000005128400516696274,
  "observed_flux": 0.000005161864464753307,
  "electron_correction": 3.346383792290908E-8,
  "electron_contaminaton": false,
  "energy": "0.1-0.8nm"
}
