{
    "time_tag": "2026-06-16T22:18:00Z",
    "satellite": 18,
    "flux": 4.643799798031978e-07,
    "observed_flux": 5.015063493374328e-07,
    "electron_correction": 3.7126358876093946e-08,
    "electron_contaminaton": false,
    "energy": "0.1-0.8nm"
}