{
  "time_tag": "2026-04-28T09:29:00Z",
  "satellite": 18,
  "flux": 0.000004670591351896292,
  "observed_flux": 0.0000046754939830861986,
  "electron_correction": 4.902835470943501E-9,
  "electron_contaminaton": false,
  "energy": "0.1-0.8nm"
}
