{
  "time_tag": "2026-03-14T14:21:00Z",
  "satellite": 18,
  "flux": 7.053040462778881E-7,
  "observed_flux": 7.539045441262715E-7,
  "electron_correction": 4.860050850652442E-8,
  "electron_contaminaton": false,
  "energy": "0.1-0.8nm"
}
