{
  "time_tag": "2025-12-15T10:18:00Z",
  "satellite": 18,
  "flux": 5.365489528230682E-7,
  "observed_flux": 5.532435807253933E-7,
  "electron_correction": 1.669465810039128E-8,
  "electron_contaminaton": false,
  "energy": "0.1-0.8nm"
}
