{
    "time_tag": "2026-05-03T08:51:00Z",
    "satellite": 18,
    "flux": 1.3216066463428433e-06,
    "observed_flux": 1.335959723292035e-06,
    "electron_correction": 1.4353051192017574e-08,
    "electron_contaminaton": false,
    "energy": "0.1-0.8nm"
}