{
  "time_tag": "2026-03-16T10:34:00Z",
  "satellite": 18,
  "flux": 4.0238140286419366E-7,
  "observed_flux": 4.2472416339478514E-7,
  "electron_correction": 2.234275164880728E-8,
  "electron_contaminaton": false,
  "energy": "0.1-0.8nm"
}
