{
    "time_tag": "2026-05-06T04:03:00Z",
    "satellite": 18,
    "flux": 9.956575013347901e-07,
    "observed_flux": 1.032654040500347e-06,
    "electron_correction": 3.6996514296561145e-08,
    "electron_contaminaton": false,
    "energy": "0.1-0.8nm"
}