{
    "time_tag": "2026-06-08T05:07:00Z",
    "satellite": 18,
    "flux": 1.9323208562127547e-06,
    "observed_flux": 1.9527592485246714e-06,
    "electron_correction": 2.043844382626503e-08,
    "electron_contaminaton": false,
    "energy": "0.1-0.8nm"
}