{
    "time_tag": "2026-04-24T09:44:00Z",
    "satellite": 18,
    "flux": 7.64825199439656e-06,
    "observed_flux": 7.664477379876189e-06,
    "electron_correction": 1.6225511600964637e-08,
    "electron_contaminaton": false,
    "energy": "0.1-0.8nm"
}