{
    "time_tag": "2026-06-21T14:25:00Z",
    "satellite": 18,
    "flux": 6.830630923104763e-07,
    "observed_flux": 6.934137672942597e-07,
    "electron_correction": 1.0350667878356035e-08,
    "electron_contaminaton": false,
    "energy": "0.1-0.8nm"
}