{
  "time_tag": "2025-12-27T07:18:00Z",
  "satellite": 18,
  "flux": 0.000001965770479728235,
  "observed_flux": 0.000001986713868973311,
  "electron_correction": 2.0943367928794032E-8,
  "electron_contaminaton": false,
  "energy": "0.1-0.8nm"
}
