{
  "time_tag": "2026-02-24T05:05:00Z",
  "satellite": 18,
  "flux": 5.603414479082858E-7,
  "observed_flux": 5.809449135085742E-7,
  "electron_correction": 2.0603499351068422E-8,
  "electron_contaminaton": false,
  "energy": "0.1-0.8nm"
}
