{
  "time_tag": "2026-06-05T16:32:00Z",
  "satellite": 18,
  "flux": 9.84226971922908E-7,
  "observed_flux": 9.905979823088273E-7,
  "electron_correction": 6.370973970604155E-9,
  "electron_contaminaton": false,
  "energy": "0.1-0.8nm"
}
