{
  "time_tag": "2026-05-05T01:50:00Z",
  "satellite": 18,
  "flux": 0.0000010821946716532693,
  "observed_flux": 0.0000010858240102606942,
  "electron_correction": 3.629341716049339E-9,
  "electron_contaminaton": false,
  "energy": "0.1-0.8nm"
}
