{
  "time_tag": "2026-02-11T14:34:00Z",
  "satellite": 18,
  "flux": 0.0000027985302040178794,
  "observed_flux": 0.00000283339841189445,
  "electron_correction": 3.486805866259601E-8,
  "electron_contaminaton": false,
  "energy": "0.1-0.8nm"
}
