{
  "time_tag": "2026-05-20T14:17:00Z",
  "satellite": 18,
  "flux": 5.233343927102396E-7,
  "observed_flux": 5.657616384269204E-7,
  "electron_correction": 4.242723150582606E-8,
  "electron_contaminaton": false,
  "energy": "0.1-0.8nm"
}
