{
  "time_tag": "2026-02-04T12:08:00Z",
  "satellite": 18,
  "flux": 0.00001889352461148519,
  "observed_flux": 0.00001889838677016087,
  "electron_correction": 4.86181672698649E-9,
  "electron_contaminaton": false,
  "energy": "0.1-0.8nm"
}
