{
  "time_tag": "2026-05-06T17:12:00Z",
  "satellite": 18,
  "flux": 8.043444950089906E-7,
  "observed_flux": 8.497052590428211E-7,
  "electron_correction": 4.536073561212106E-8,
  "electron_contaminaton": false,
  "energy": "0.1-0.8nm"
}
