{
    "time_tag": "2026-05-02T15:19:00Z",
    "satellite": 18,
    "flux": 2.8723316063405946e-06,
    "observed_flux": 2.9057409847155213e-06,
    "electron_correction": 3.3409296662512133e-08,
    "electron_contaminaton": false,
    "energy": "0.1-0.8nm"
}