{
  "time_tag": "2026-03-30T10:28:00Z",
  "satellite": 18,
  "flux": 0.0000029181435365899233,
  "observed_flux": 0.000002925670514741796,
  "electron_correction": 7.52687245864081E-9,
  "electron_contaminaton": false,
  "energy": "0.1-0.8nm"
}
