{
  "time_tag": "2026-06-16T13:14:00Z",
  "satellite": 18,
  "flux": 5.824977620250138E-7,
  "observed_flux": 6.035169803908502E-7,
  "electron_correction": 2.1019264551114247E-8,
  "electron_contaminaton": false,
  "energy": "0.1-0.8nm"
}
