{
  "time_tag": "2026-05-20T09:07:00Z",
  "satellite": 18,
  "flux": 5.052222036283638E-7,
  "observed_flux": 5.388512249737687E-7,
  "electron_correction": 3.362902489811859E-8,
  "electron_contaminaton": false,
  "energy": "0.1-0.8nm"
}
