{
  "time_tag": "2026-03-09T05:35:00Z",
  "satellite": 18,
  "flux": 6.91332559199509E-7,
  "observed_flux": 7.123911132111971E-7,
  "electron_correction": 2.1058543353547066E-8,
  "electron_contaminaton": false,
  "energy": "0.1-0.8nm"
}
