{
  "time_tag": "2026-02-18T22:07:00Z",
  "satellite": 18,
  "flux": 6.922217039573297E-7,
  "observed_flux": 7.520706617469841E-7,
  "electron_correction": 5.984900752764588E-8,
  "electron_contaminaton": false,
  "energy": "0.1-0.8nm"
}
