{
    "time_tag": "2026-05-13T18:50:00Z",
    "satellite": 18,
    "flux": 7.806596613590955e-07,
    "observed_flux": 7.854441150811908e-07,
    "electron_correction": 4.784438623062215e-09,
    "electron_contaminaton": false,
    "energy": "0.1-0.8nm"
}