{
  "time_tag": "2026-02-07T07:01:00Z",
  "satellite": 18,
  "flux": 0.0000013937536778030335,
  "observed_flux": 0.0000014084848771744873,
  "electron_correction": 1.473111232996871E-8,
  "electron_contaminaton": false,
  "energy": "0.1-0.8nm"
}
