{
  "time_tag": "2025-12-17T13:22:00Z",
  "satellite": 18,
  "flux": 6.993092256379896E-7,
  "observed_flux": 7.172047844505869E-7,
  "electron_correction": 1.7895544601742586E-8,
  "electron_contaminaton": false,
  "energy": "0.1-0.8nm"
}
