{
  "time_tag": "2026-01-16T13:25:00Z",
  "satellite": 18,
  "flux": 0.000001245115299752797,
  "observed_flux": 0.000001260148678738915,
  "electron_correction": 1.5033382538831574E-8,
  "electron_contaminaton": false,
  "energy": "0.1-0.8nm"
}
