{
  "time_tag": "2026-03-23T23:55:00Z",
  "satellite": 18,
  "flux": 6.521824502669915E-7,
  "observed_flux": 7.308399290195666E-7,
  "electron_correction": 7.865747875257512E-8,
  "electron_contaminaton": false,
  "energy": "0.1-0.8nm"
}
