{
  "time_tag": "2026-03-14T10:52:00Z",
  "satellite": 18,
  "flux": 6.257082532101776E-7,
  "observed_flux": 6.656517825831543E-7,
  "electron_correction": 3.994351516212191E-8,
  "electron_contaminaton": false,
  "energy": "0.1-0.8nm"
}
