{
  "time_tag": "2026-01-18T03:47:00Z",
  "satellite": 18,
  "flux": 0.0000017128148783740471,
  "observed_flux": 0.0000017380004919687053,
  "electron_correction": 2.5185684648931783E-8,
  "electron_contaminaton": false,
  "energy": "0.1-0.8nm"
}
