{
  "time_tag": "2026-07-01T19:29:00Z",
  "satellite": 18,
  "flux": 0.000017424552424927242,
  "observed_flux": 0.000017443930119043216,
  "electron_correction": 1.9377832671807482E-8,
  "electron_contaminaton": false,
  "energy": "0.1-0.8nm"
}
