{
  "time_tag": "2026-03-28T11:41:00Z",
  "satellite": 18,
  "flux": 0.0000039146839299064595,
  "observed_flux": 0.0000039165784073702525,
  "electron_correction": 1.8944332769166294E-9,
  "electron_contaminaton": false,
  "energy": "0.1-0.8nm"
}
