{
    "time_tag": "2026-05-20T06:15:00Z",
    "satellite": 18,
    "flux": 6.72852877414698e-07,
    "observed_flux": 6.973706376811606e-07,
    "electron_correction": 2.451774072653734e-08,
    "electron_contaminaton": false,
    "energy": "0.1-0.8nm"
}