{
    "time_tag": "2026-05-28T14:16:00Z",
    "satellite": 19,
    "flux": 8.394594601668359e-07,
    "observed_flux": 8.682712291374628e-07,
    "electron_correction": 2.8811721008992208e-08,
    "electron_contaminaton": false,
    "energy": "0.1-0.8nm"
}