{
  "time_tag": "2026-03-04T20:07:00Z",
  "satellite": 18,
  "flux": 6.002987333886267E-7,
  "observed_flux": 6.413330879695422E-7,
  "electron_correction": 4.1034383002624963E-8,
  "electron_contaminaton": false,
  "energy": "0.1-0.8nm"
}
