{
  "time_tag": "2026-06-26T17:28:00Z",
  "satellite": 18,
  "flux": 0.0000011400703670005896,
  "observed_flux": 0.000001203333795274375,
  "electron_correction": 6.326337143036653E-8,
  "electron_contaminaton": false,
  "energy": "0.1-0.8nm"
}
