{
    "time_tag": "2026-06-02T00:15:00Z",
    "satellite": 18,
    "flux": 6.682318485218275e-07,
    "observed_flux": 6.953649744900758e-07,
    "electron_correction": 2.7133122415534672e-08,
    "electron_contaminaton": false,
    "energy": "0.1-0.8nm"
}