{
  "time_tag": "2026-01-15T00:36:00Z",
  "satellite": 18,
  "flux": 0.0000021183657281653723,
  "observed_flux": 0.000002165237901863293,
  "electron_correction": 4.6872152381638443E-8,
  "electron_contaminaton": false,
  "energy": "0.1-0.8nm"
}
