{
  "time_tag": "2026-02-14T14:37:00Z",
  "satellite": 18,
  "flux": 5.925865025346866E-7,
  "observed_flux": 6.220453769856249E-7,
  "electron_correction": 2.9458851358299398E-8,
  "electron_contaminaton": false,
  "energy": "0.1-0.8nm"
}
