{
    "time_tag": "2026-04-24T21:27:00Z",
    "satellite": 18,
    "flux": 1.9316814814374084e-06,
    "observed_flux": 1.9581200376705965e-06,
    "electron_correction": 2.643854379869026e-08,
    "electron_contaminaton": false,
    "energy": "0.1-0.8nm"
}