{
  "time_tag": "2026-05-05T11:23:00Z",
  "satellite": 18,
  "flux": 7.535174404438294E-7,
  "observed_flux": 7.847746701372671E-7,
  "electron_correction": 3.1257229693437694E-8,
  "electron_contaminaton": false,
  "energy": "0.1-0.8nm"
}
