{
    "time_tag": "2026-05-18T23:32:00Z",
    "satellite": 18,
    "flux": 4.867832217314572e-07,
    "observed_flux": 5.3336736982601e-07,
    "electron_correction": 4.6584112567416014e-08,
    "electron_contaminaton": false,
    "energy": "0.1-0.8nm"
}