{
  "time_tag": "2025-12-08T09:23:00Z",
  "satellite": 18,
  "flux": 0.0000023503528154833475,
  "observed_flux": 0.0000023774930468789535,
  "electron_correction": 2.714014613047766E-8,
  "electron_contaminaton": false,
  "energy": "0.1-0.8nm"
}
