{
  "time_tag": "2026-05-24T09:25:00Z",
  "satellite": 18,
  "flux": 8.847854928717425E-7,
  "observed_flux": 8.91367960775824E-7,
  "electron_correction": 6.582490108542061E-9,
  "electron_contaminaton": false,
  "energy": "0.1-0.8nm"
}
