{
  "time_tag": "2026-03-26T11:04:00Z",
  "satellite": 18,
  "flux": 0.0000017972620298678521,
  "observed_flux": 0.000001808003730729979,
  "electron_correction": 1.074167066406062E-8,
  "electron_contaminaton": false,
  "energy": "0.1-0.8nm"
}
