{
  "time_tag": "2026-02-12T00:51:00Z",
  "satellite": 18,
  "flux": 0.0000010889343684539199,
  "observed_flux": 0.0000011362192253727699,
  "electron_correction": 4.7284817838999516E-8,
  "electron_contaminaton": false,
  "energy": "0.1-0.8nm"
}
