{
  "time_tag": "2026-01-13T23:17:00Z",
  "satellite": 18,
  "flux": 8.352670306521759E-7,
  "observed_flux": 8.870788406056818E-7,
  "electron_correction": 5.1811827717074266E-8,
  "electron_contaminaton": false,
  "energy": "0.1-0.8nm"
}
