{
  "time_tag": "2026-02-09T23:45:00Z",
  "satellite": 18,
  "flux": 0.0000012594921372510726,
  "observed_flux": 0.000001296932396144257,
  "electron_correction": 3.744030863117587E-8,
  "electron_contaminaton": false,
  "energy": "0.1-0.8nm"
}
