{
    "time_tag": "2026-06-25T17:51:00Z",
    "satellite": 18,
    "flux": 1.6618412246316439e-06,
    "observed_flux": 1.7349125300825108e-06,
    "electron_correction": 7.307130545086693e-08,
    "electron_contaminaton": false,
    "energy": "0.1-0.8nm"
}