{
  "time_tag": "2026-04-19T10:23:00Z",
  "satellite": 18,
  "flux": 3.679215865304286E-7,
  "observed_flux": 3.754311137527111E-7,
  "electron_correction": 7.509502353286734E-9,
  "electron_contaminaton": false,
  "energy": "0.1-0.8nm"
}
