{
    "time_tag": "2026-04-23T23:48:00Z",
    "satellite": 18,
    "flux": 1.1243167818975053e-06,
    "observed_flux": 1.1627564617811004e-06,
    "electron_correction": 3.8439637251030945e-08,
    "electron_contaminaton": false,
    "energy": "0.1-0.8nm"
}