{
  "time_tag": "2026-05-10T13:05:00Z",
  "satellite": 18,
  "flux": 7.637168550900242E-7,
  "observed_flux": 7.768205705360742E-7,
  "electron_correction": 1.3103683471626937E-8,
  "electron_contaminaton": false,
  "energy": "0.1-0.8nm"
}
