{
  "time_tag": "2026-02-07T18:20:00Z",
  "satellite": 18,
  "flux": 0.000002515363576094387,
  "observed_flux": 0.0000025710298814374255,
  "electron_correction": 5.566630889575208E-8,
  "electron_contaminaton": false,
  "energy": "0.1-0.8nm"
}
