{
  "time_tag": "2026-02-27T16:26:00Z",
  "satellite": 18,
  "flux": 0.0000010445708085171646,
  "observed_flux": 0.0000010885177061936702,
  "electron_correction": 4.394688701836458E-8,
  "electron_contaminaton": false,
  "energy": "0.1-0.8nm"
}
