{
    "time_tag": "2026-05-31T14:21:00Z",
    "satellite": 18,
    "flux": 7.062496933940565e-07,
    "observed_flux": 7.35394849016302e-07,
    "electron_correction": 2.9145137858677117e-08,
    "electron_contaminaton": false,
    "energy": "0.1-0.8nm"
}