{
  "time_tag": "2026-02-26T04:25:00Z",
  "satellite": 18,
  "flux": 8.896228678167972E-7,
  "observed_flux": 9.190965215566393E-7,
  "electron_correction": 2.9473641305344245E-8,
  "electron_contaminaton": false,
  "energy": "0.1-0.8nm"
}
