{
  "time_tag": "2026-02-21T08:41:00Z",
  "satellite": 18,
  "flux": 3.0987501986601274E-7,
  "observed_flux": 3.1190739946396207E-7,
  "electron_correction": 2.032375601146441E-9,
  "electron_contaminaton": false,
  "energy": "0.1-0.8nm"
}
