{
  "time_tag": "2026-06-06T17:05:00Z",
  "satellite": 18,
  "flux": 0.0000016431824860774213,
  "observed_flux": 0.0000016924610690693953,
  "electron_correction": 4.927861496639707E-8,
  "electron_contaminaton": false,
  "energy": "0.1-0.8nm"
}
