{
  "time_tag": "2026-02-01T16:22:00Z",
  "satellite": 18,
  "flux": 0.00002112557012878824,
  "observed_flux": 0.00002115799543389585,
  "electron_correction": 3.242605828290834E-8,
  "electron_contaminaton": false,
  "energy": "0.1-0.8nm"
}
