{
    "time_tag": "2026-04-22T21:44:00Z",
    "satellite": 18,
    "flux": 7.043392997729825e-07,
    "observed_flux": 7.576525149488589e-07,
    "electron_correction": 5.331322228130375e-08,
    "electron_contaminaton": false,
    "energy": "0.1-0.8nm"
}