{
  "time_tag": "2026-02-27T14:27:00Z",
  "satellite": 18,
  "flux": 0.0000011683263210215955,
  "observed_flux": 0.0000012163034170953324,
  "electron_correction": 4.797707475745483E-8,
  "electron_contaminaton": false,
  "energy": "0.1-0.8nm"
}
