{
    "time_tag": "2026-04-23T06:49:00Z",
    "satellite": 18,
    "flux": 2.883770548578468e-06,
    "observed_flux": 2.8973931875952985e-06,
    "electron_correction": 1.3622774019950157e-08,
    "electron_contaminaton": false,
    "energy": "0.1-0.8nm"
}