{
  "time_tag": "2025-12-08T23:22:00Z",
  "satellite": 18,
  "flux": 0.0000021454993657243904,
  "observed_flux": 0.000002172050926674274,
  "electron_correction": 2.65515147646056E-8,
  "electron_contaminaton": false,
  "energy": "0.1-0.8nm"
}
