{
  "time_tag": "2026-03-01T20:37:00Z",
  "satellite": 18,
  "flux": 0.000001438648041585111,
  "observed_flux": 0.000001489894657424884,
  "electron_correction": 5.1246686894046434E-8,
  "electron_contaminaton": false,
  "energy": "0.1-0.8nm"
}
