{
  "time_tag": "2026-05-09T22:25:00Z",
  "satellite": 18,
  "flux": 0.0000014366777350005577,
  "observed_flux": 0.0000014610211565013742,
  "electron_correction": 2.4343329130260827E-8,
  "electron_contaminaton": false,
  "energy": "0.1-0.8nm"
}
