{
    "time_tag": "2026-06-26T17:05:00Z",
    "satellite": 18,
    "flux": 1.0601587518976885e-06,
    "observed_flux": 1.1288918813079363e-06,
    "electron_correction": 6.873306546140157e-08,
    "electron_contaminaton": false,
    "energy": "0.1-0.8nm"
}