{
    "time_tag": "2026-05-09T20:25:00Z",
    "satellite": 18,
    "flux": 1.0245315706924885e-06,
    "observed_flux": 1.0504940064492985e-06,
    "electron_correction": 2.5962417993241615e-08,
    "electron_contaminaton": false,
    "energy": "0.1-0.8nm"
}