{
    "time_tag": "2026-05-01T10:53:00Z",
    "satellite": 18,
    "flux": 1.062491605807736e-06,
    "observed_flux": 1.0838159596460173e-06,
    "electron_correction": 2.132444620883689e-08,
    "electron_contaminaton": false,
    "energy": "0.1-0.8nm"
}