{
  "time_tag": "2026-04-19T10:09:00Z",
  "satellite": 18,
  "flux": 4.1266849848398124E-7,
  "observed_flux": 4.204920003303414E-7,
  "electron_correction": 7.823506287252258E-9,
  "electron_contaminaton": false,
  "energy": "0.1-0.8nm"
}
