{
  "time_tag": "2026-02-22T10:03:00Z",
  "satellite": 18,
  "flux": 3.364090446211776E-7,
  "observed_flux": 3.5012831745007134E-7,
  "electron_correction": 1.371926039439586E-8,
  "electron_contaminaton": false,
  "energy": "0.1-0.8nm"
}
