{
  "time_tag": "2026-03-19T03:38:00Z",
  "satellite": 18,
  "flux": 4.926914130010118E-7,
  "observed_flux": 5.077737910141877E-7,
  "electron_correction": 1.5082406434885343E-8,
  "electron_contaminaton": false,
  "energy": "0.1-0.8nm"
}
