{
  "time_tag": "2026-02-04T22:51:00Z",
  "satellite": 18,
  "flux": 0.0000021937082692602417,
  "observed_flux": 0.0000022037131657270947,
  "electron_correction": 1.0004972850197191E-8,
  "electron_contaminaton": false,
  "energy": "0.1-0.8nm"
}
