{
  "time_tag": "2025-12-28T22:18:00Z",
  "satellite": 18,
  "flux": 0.000011949429790547583,
  "observed_flux": 0.000012016834261885379,
  "electron_correction": 6.74045139703594E-8,
  "electron_contaminaton": false,
  "energy": "0.1-0.8nm"
}
