{
    "time_tag": "2026-05-29T22:37:00Z",
    "satellite": 18,
    "flux": 6.909219791850774e-07,
    "observed_flux": 7.244912012538407e-07,
    "electron_correction": 3.356923983233173e-08,
    "electron_contaminaton": false,
    "energy": "0.1-0.8nm"
}