{
    "time_tag": "2026-06-25T11:45:00Z",
    "satellite": 18,
    "flux": 1.2433022220648127e-06,
    "observed_flux": 1.2554152135635377e-06,
    "electron_correction": 1.2113006597758158e-08,
    "electron_contaminaton": false,
    "energy": "0.1-0.8nm"
}