{
  "time_tag": "2026-02-27T15:43:00Z",
  "satellite": 18,
  "flux": 9.8264411008131E-7,
  "observed_flux": 0.0000010353766128901043,
  "electron_correction": 5.273244596537552E-8,
  "electron_contaminaton": false,
  "energy": "0.1-0.8nm"
}
