{
  "time_tag": "2026-06-15T23:16:00Z",
  "satellite": 18,
  "flux": 6.114024131420592E-7,
  "observed_flux": 6.502977498712426E-7,
  "electron_correction": 3.889533317646965E-8,
  "electron_contaminaton": false,
  "energy": "0.1-0.8nm"
}
