{
  "time_tag": "2026-02-21T06:28:00Z",
  "satellite": 18,
  "flux": 3.242293473704194E-7,
  "observed_flux": 3.2657976589689497E-7,
  "electron_correction": 2.3504269641705378E-9,
  "electron_contaminaton": false,
  "energy": "0.1-0.8nm"
}
