{
    "time_tag": "2026-05-08T03:13:00Z",
    "satellite": 18,
    "flux": 6.954721811780473e-07,
    "observed_flux": 7.012862965893873e-07,
    "electron_correction": 5.8141322867300005e-09,
    "electron_contaminaton": false,
    "energy": "0.1-0.8nm"
}