{
  "time_tag": "2026-03-15T15:27:00Z",
  "satellite": 18,
  "flux": 5.120635933053563E-7,
  "observed_flux": 5.681955030922836E-7,
  "electron_correction": 5.613192044506832E-8,
  "electron_contaminaton": false,
  "energy": "0.1-0.8nm"
}
