{
  "time_tag": "2025-12-06T23:21:00Z",
  "satellite": 18,
  "flux": 0.0000013152337032806827,
  "observed_flux": 0.000001376669615638093,
  "electron_correction": 6.143593367369249E-8,
  "electron_contaminaton": false,
  "energy": "0.1-0.8nm"
}
