{
  "time_tag": "2026-04-28T01:51:00Z",
  "satellite": 18,
  "flux": 0.000002053686330327764,
  "observed_flux": 0.0000020622492229449563,
  "electron_correction": 8.56268478344191E-9,
  "electron_contaminaton": false,
  "energy": "0.1-0.8nm"
}
