{
    "time_tag": "2026-05-10T19:30:00Z",
    "satellite": 18,
    "flux": 8.990424475996406e-07,
    "observed_flux": 9.205731430483866e-07,
    "electron_correction": 2.1530725646812243e-08,
    "electron_contaminaton": false,
    "energy": "0.1-0.8nm"
}