{
  "time_tag": "2025-12-22T22:18:00Z",
  "satellite": 18,
  "flux": 8.489381571052945E-7,
  "observed_flux": 9.219218100042781E-7,
  "electron_correction": 7.298364579355621E-8,
  "electron_contaminaton": false,
  "energy": "0.1-0.8nm"
}
