{
  "time_tag": "2026-03-17T15:37:00Z",
  "satellite": 18,
  "flux": 3.613283183767635E-7,
  "observed_flux": 3.9527969875052804E-7,
  "electron_correction": 3.395138747919191E-8,
  "electron_contaminaton": false,
  "energy": "0.1-0.8nm"
}
