{
  "time_tag": "2026-02-19T08:30:00Z",
  "satellite": 18,
  "flux": 4.62502555365063E-7,
  "observed_flux": 4.6459842906187987E-7,
  "electron_correction": 2.0958845770024936E-9,
  "electron_contaminaton": false,
  "energy": "0.1-0.8nm"
}
