{
  "time_tag": "2026-06-16T23:10:00Z",
  "satellite": 18,
  "flux": 4.469144414542825E-7,
  "observed_flux": 4.820659569304553E-7,
  "electron_correction": 3.5151504818031754E-8,
  "electron_contaminaton": false,
  "energy": "0.1-0.8nm"
}
