{
  "time_tag": "2026-05-18T10:50:00Z",
  "satellite": 18,
  "flux": 3.671761703571974E-7,
  "observed_flux": 3.826038437182433E-7,
  "electron_correction": 1.5427668031975372E-8,
  "electron_contaminaton": false,
  "energy": "0.1-0.8nm"
}
