{
  "time_tag": "2026-06-20T10:13:00Z",
  "satellite": 18,
  "flux": 5.384863470681012E-7,
  "observed_flux": 5.497804522747174E-7,
  "electron_correction": 1.1294080337620471E-8,
  "electron_contaminaton": false,
  "energy": "0.1-0.8nm"
}
