{
  "time_tag": "2026-02-19T14:07:00Z",
  "satellite": 18,
  "flux": 4.81987683542684E-7,
  "observed_flux": 5.052758069723495E-7,
  "electron_correction": 2.3288102113383502E-8,
  "electron_contaminaton": false,
  "energy": "0.1-0.8nm"
}
