{
    "time_tag": "2026-05-16T13:36:00Z",
    "satellite": 18,
    "flux": 6.261192879719601e-07,
    "observed_flux": 6.691540761494252e-07,
    "electron_correction": 4.3034798835606125e-08,
    "electron_contaminaton": false,
    "energy": "0.1-0.8nm"
}