{
    "time_tag": "2026-05-04T01:06:00Z",
    "satellite": 18,
    "flux": 8.426379736192757e-07,
    "observed_flux": 8.718556046005688e-07,
    "electron_correction": 2.9217613217724647e-08,
    "electron_contaminaton": false,
    "energy": "0.1-0.8nm"
}