{
  "time_tag": "2026-01-26T11:18:00Z",
  "satellite": 18,
  "flux": 0.0000010347224588258541,
  "observed_flux": 0.0000010529623750699102,
  "electron_correction": 1.8239868282421412E-8,
  "electron_contaminaton": false,
  "energy": "0.1-0.8nm"
}
