{
    "time_tag": "2026-05-24T18:20:00Z",
    "satellite": 18,
    "flux": 8.207983341890213e-07,
    "observed_flux": 8.419429491368646e-07,
    "electron_correction": 2.1144588302490774e-08,
    "electron_contaminaton": false,
    "energy": "0.1-0.8nm"
}