{
  "time_tag": "2026-03-31T04:57:00Z",
  "satellite": 18,
  "flux": 8.370474802177341E-7,
  "observed_flux": 8.445371690868342E-7,
  "electron_correction": 7.489696862705841E-9,
  "electron_contaminaton": false,
  "energy": "0.1-0.8nm"
}
