{
    "time_tag": "2026-04-28T15:32:00Z",
    "satellite": 18,
    "flux": 1.1098333061454468e-06,
    "observed_flux": 1.1189484894202906e-06,
    "electron_correction": 9.11527298086412e-09,
    "electron_contaminaton": false,
    "energy": "0.1-0.8nm"
}