{
  "time_tag": "2025-12-26T22:18:00Z",
  "satellite": 18,
  "flux": 0.0000014641859706898686,
  "observed_flux": 0.000001513044139755948,
  "electron_correction": 4.885822235678461E-8,
  "electron_contaminaton": false,
  "energy": "0.1-0.8nm"
}
