{
  "time_tag": "2026-01-31T15:23:00Z",
  "satellite": 18,
  "flux": 0.000003779500502787414,
  "observed_flux": 0.0000038273878999461886,
  "electron_correction": 4.788748242390284E-8,
  "electron_contaminaton": false,
  "energy": "0.1-0.8nm"
}
