{
    "time_tag": "2026-05-09T22:05:00Z",
    "satellite": 18,
    "flux": 2.1003825168008916e-06,
    "observed_flux": 2.124550292137428e-06,
    "electron_correction": 2.4167720269474557e-08,
    "electron_contaminaton": false,
    "energy": "0.1-0.8nm"
}