{
  "time_tag": "2026-05-30T04:59:00Z",
  "satellite": 18,
  "flux": 0.0000010356820894230623,
  "observed_flux": 0.000001047635919348977,
  "electron_correction": 1.1953869893943647E-8,
  "electron_contaminaton": false,
  "energy": "0.1-0.8nm"
}
