{
  "time_tag": "2026-01-24T11:18:00Z",
  "satellite": 18,
  "flux": 0.000001692608179837407,
  "observed_flux": 0.0000017380482404405484,
  "electron_correction": 4.5440017970577173E-8,
  "electron_contaminaton": false,
  "energy": "0.1-0.8nm"
}
