{
  "time_tag": "2026-02-13T09:47:00Z",
  "satellite": 18,
  "flux": 0.0000025547660698066466,
  "observed_flux": 0.0000025637552880652947,
  "electron_correction": 8.989338162734839E-9,
  "electron_contaminaton": false,
  "energy": "0.1-0.8nm"
}
