{
  "time_tag": "2026-03-20T23:41:00Z",
  "satellite": 18,
  "flux": 3.462601796400122E-7,
  "observed_flux": 3.463312054918788E-7,
  "electron_correction": 7.10315070651113E-11,
  "electron_contaminaton": false,
  "energy": "0.1-0.8nm"
}
