{
    "time_tag": "2026-06-19T07:44:00Z",
    "satellite": 18,
    "flux": 6.311573770290124e-07,
    "observed_flux": 6.389815325746895e-07,
    "electron_correction": 7.824174197423872e-09,
    "electron_contaminaton": false,
    "energy": "0.1-0.8nm"
}