{
  "time_tag": "2026-03-17T10:02:00Z",
  "satellite": 18,
  "flux": 6.224212256711326E-7,
  "observed_flux": 6.396718390533351E-7,
  "electron_correction": 1.725059561863418E-8,
  "electron_contaminaton": false,
  "energy": "0.1-0.8nm"
}
