{
    "time_tag": "2026-05-02T15:38:00Z",
    "satellite": 18,
    "flux": 3.701678906509187e-06,
    "observed_flux": 3.7350368984334636e-06,
    "electron_correction": 3.3357810735878957e-08,
    "electron_contaminaton": false,
    "energy": "0.1-0.8nm"
}