{
  "time_tag": "2026-01-07T21:19:00Z",
  "satellite": 18,
  "flux": 0.0000010926618188022985,
  "observed_flux": 0.0000011232186807319522,
  "electron_correction": 3.055682284980321E-8,
  "electron_contaminaton": false,
  "energy": "0.1-0.8nm"
}
