{
  "time_tag": "2026-04-18T05:55:00Z",
  "satellite": 18,
  "flux": 3.544713820247125E-7,
  "observed_flux": 3.546601305970398E-7,
  "electron_correction": 1.8873794194185223E-10,
  "electron_contaminaton": false,
  "energy": "0.1-0.8nm"
}
