{
  "time_tag": "2026-05-29T10:45:00Z",
  "satellite": 19,
  "flux": 7.618860422553553E-7,
  "observed_flux": 7.807133783899189E-7,
  "electron_correction": 1.8827346792704702E-8,
  "electron_contaminaton": false,
  "energy": "0.1-0.8nm"
}
