{
  "time_tag": "2026-05-26T10:18:00Z",
  "satellite": 18,
  "flux": 0.0000013106770211379626,
  "observed_flux": 0.0000013141431054464192,
  "electron_correction": 3.466035902732756E-9,
  "electron_contaminaton": false,
  "energy": "0.1-0.8nm"
}
