{
  "time_tag": "2026-03-04T10:16:00Z",
  "satellite": 18,
  "flux": 5.979960064905754E-7,
  "observed_flux": 6.003241423968575E-7,
  "electron_correction": 2.3281689909282477E-9,
  "electron_contaminaton": false,
  "energy": "0.1-0.8nm"
}
