{
  "time_tag": "2026-01-17T13:19:00Z",
  "satellite": 18,
  "flux": 0.0000030408482416532934,
  "observed_flux": 0.0000030622322810813785,
  "electron_correction": 2.1384087389719753E-8,
  "electron_contaminaton": false,
  "energy": "0.1-0.8nm"
}
