{
  "time_tag": "2026-03-27T05:37:00Z",
  "satellite": 18,
  "flux": 0.0000013857135172656854,
  "observed_flux": 0.0000014260939451560262,
  "electron_correction": 4.038042433762712E-8,
  "electron_contaminaton": false,
  "energy": "0.1-0.8nm"
}
