{
  "time_tag": "2026-01-18T01:48:00Z",
  "satellite": 18,
  "flux": 0.0000014058957731322153,
  "observed_flux": 0.000001463234639231814,
  "electron_correction": 5.733883057246203E-8,
  "electron_contaminaton": false,
  "energy": "0.1-0.8nm"
}
