{
  "time_tag": "2026-03-17T21:54:00Z",
  "satellite": 18,
  "flux": 3.9858468880993314E-7,
  "observed_flux": 4.44996885562432E-7,
  "electron_correction": 4.6412171883503106E-8,
  "electron_contaminaton": false,
  "energy": "0.1-0.8nm"
}
