{
  "time_tag": "2026-01-27T06:19:00Z",
  "satellite": 18,
  "flux": 0.000001171675648947712,
  "observed_flux": 0.000001196747803078324,
  "electron_correction": 2.5072131037973122E-8,
  "electron_contaminaton": false,
  "energy": "0.1-0.8nm"
}
