{
    "time_tag": "2026-07-01T19:34:00Z",
    "satellite": 18,
    "flux": 1.93428568309173e-05,
    "observed_flux": 1.936275657499209e-05,
    "electron_correction": 1.989974407479167e-08,
    "electron_contaminaton": false,
    "energy": "0.1-0.8nm"
}