{
    "time_tag": "2026-04-30T08:57:00Z",
    "satellite": 18,
    "flux": 2.3557770418847213e-06,
    "observed_flux": 2.35613538279722e-06,
    "electron_correction": 3.581714091982491e-10,
    "electron_contaminaton": false,
    "energy": "0.1-0.8nm"
}