{
  "time_tag": "2026-02-24T08:50:00Z",
  "satellite": 18,
  "flux": 7.295444675037288E-7,
  "observed_flux": 7.42217707738746E-7,
  "electron_correction": 1.2673219806913494E-8,
  "electron_contaminaton": false,
  "energy": "0.1-0.8nm"
}
