{
  "time_tag": "2026-01-19T10:19:00Z",
  "satellite": 18,
  "flux": 0.0000018553934069132083,
  "observed_flux": 0.0000018808208324117004,
  "electron_correction": 2.542747168376991E-8,
  "electron_contaminaton": false,
  "energy": "0.1-0.8nm"
}
