{
  "time_tag": "2026-04-19T14:26:00Z",
  "satellite": 18,
  "flux": 4.5985328256392677E-7,
  "observed_flux": 4.811907956536743E-7,
  "electron_correction": 2.133747933896757E-8,
  "electron_contaminaton": false,
  "energy": "0.1-0.8nm"
}
