{
  "time_tag": "2026-03-14T15:50:00Z",
  "satellite": 18,
  "flux": 0.0000011375160511306603,
  "observed_flux": 0.0000011942278206333867,
  "electron_correction": 5.671169844845281E-8,
  "electron_contaminaton": false,
  "energy": "0.1-0.8nm"
}
