{
    "time_tag": "2026-06-21T17:49:00Z",
    "satellite": 18,
    "flux": 1.01841499144939e-06,
    "observed_flux": 1.0356735629102332e-06,
    "electron_correction": 1.725856435541573e-08,
    "electron_contaminaton": false,
    "energy": "0.1-0.8nm"
}