{
  "time_tag": "2026-04-21T05:53:00Z",
  "satellite": 18,
  "flux": 4.876179104940093E-7,
  "observed_flux": 5.157692157808924E-7,
  "electron_correction": 2.8151326603165217E-8,
  "electron_contaminaton": false,
  "energy": "0.1-0.8nm"
}
