{
  "time_tag": "2025-12-23T13:23:00Z",
  "satellite": 18,
  "flux": 9.372938052365498E-7,
  "observed_flux": 9.854554718913278E-7,
  "electron_correction": 4.816165954935059E-8,
  "electron_contaminaton": false,
  "energy": "0.1-0.8nm"
}
