{
  "time_tag": "2026-03-04T09:55:00Z",
  "satellite": 18,
  "flux": 5.594421281784889E-7,
  "observed_flux": 5.631961244034756E-7,
  "electron_correction": 3.7540219821607934E-9,
  "electron_contaminaton": false,
  "energy": "0.1-0.8nm"
}
