{
  "time_tag": "2026-02-27T21:38:00Z",
  "satellite": 18,
  "flux": 9.227283612744941E-7,
  "observed_flux": 9.74889303506643E-7,
  "electron_correction": 5.216092446858056E-8,
  "electron_contaminaton": false,
  "energy": "0.1-0.8nm"
}
