{
  "time_tag": "2025-12-27T20:17:00Z",
  "satellite": 18,
  "flux": 0.000001743532152431726,
  "observed_flux": 0.0000018065654785459628,
  "electron_correction": 6.303336164137363E-8,
  "electron_contaminaton": false,
  "energy": "0.1-0.8nm"
}
