{
    "time_tag": "2026-04-25T11:24:00Z",
    "satellite": 18,
    "flux": 9.444958095627953e-07,
    "observed_flux": 9.485212331128423e-07,
    "electron_correction": 4.025403121943327e-09,
    "electron_contaminaton": false,
    "energy": "0.1-0.8nm"
}