{
    "time_tag": "2026-05-03T22:01:00Z",
    "satellite": 18,
    "flux": 8.219216738325485e-07,
    "observed_flux": 8.591997016083042e-07,
    "electron_correction": 3.727802067032826e-08,
    "electron_contaminaton": false,
    "energy": "0.1-0.8nm"
}