{
  "time_tag": "2026-06-04T15:51:00Z",
  "satellite": 18,
  "flux": 0.0000011381728199921781,
  "observed_flux": 0.0000011454893638074282,
  "electron_correction": 7.3165447034284625E-9,
  "electron_contaminaton": false,
  "energy": "0.1-0.8nm"
}
