{
  "time_tag": "2026-05-07T08:34:00Z",
  "satellite": 18,
  "flux": 6.858958840894047E-7,
  "observed_flux": 7.058436040097149E-7,
  "electron_correction": 1.9947711038525995E-8,
  "electron_contaminaton": false,
  "energy": "0.1-0.8nm"
}
