{
  "time_tag": "2025-12-07T12:24:00Z",
  "satellite": 18,
  "flux": 0.000003460602783889044,
  "observed_flux": 0.000003480206714812084,
  "electron_correction": 1.9603785261779194E-8,
  "electron_contaminaton": false,
  "energy": "0.1-0.8nm"
}
