{
  "time_tag": "2026-06-30T09:17:00Z",
  "satellite": 18,
  "flux": 0.000002625119805088616,
  "observed_flux": 0.0000026450111363374162,
  "electron_correction": 1.989124420731514E-8,
  "electron_contaminaton": false,
  "energy": "0.1-0.8nm"
}
