{
    "time_tag": "2026-06-18T18:07:00Z",
    "satellite": 18,
    "flux": 4.297278621834266e-07,
    "observed_flux": 4.517176250828925e-07,
    "electron_correction": 2.198976112310902e-08,
    "electron_contaminaton": false,
    "energy": "0.1-0.8nm"
}