{
  "time_tag": "2026-03-08T10:04:00Z",
  "satellite": 18,
  "flux": 6.109999617365247E-7,
  "observed_flux": 6.15095075318095E-7,
  "electron_correction": 4.09511757837322E-9,
  "electron_contaminaton": false,
  "energy": "0.1-0.8nm"
}
