{
  "time_tag": "2025-12-24T23:18:00Z",
  "satellite": 18,
  "flux": 0.000002369330104556866,
  "observed_flux": 0.0000024167559331544908,
  "electron_correction": 4.742575399063753E-8,
  "electron_contaminaton": false,
  "energy": "0.1-0.8nm"
}
