{
  "time_tag": "2026-02-12T18:44:00Z",
  "satellite": 18,
  "flux": 5.427236828836612E-7,
  "observed_flux": 5.827591849083547E-7,
  "electron_correction": 4.0035473602983984E-8,
  "electron_contaminaton": false,
  "energy": "0.1-0.8nm"
}
