{
  "time_tag": "2026-03-27T15:02:00Z",
  "satellite": 18,
  "flux": 0.0000012151382406955236,
  "observed_flux": 0.000001249658566848666,
  "electron_correction": 3.4520247993441444E-8,
  "electron_contaminaton": false,
  "energy": "0.1-0.8nm"
}
