{
  "time_tag": "2026-03-15T17:52:00Z",
  "satellite": 18,
  "flux": 5.53337201836257E-7,
  "observed_flux": 6.273443773352483E-7,
  "electron_correction": 7.400714707728184E-8,
  "electron_contaminaton": false,
  "energy": "0.1-0.8nm"
}
