{
  "time_tag": "2026-03-02T17:01:00Z",
  "satellite": 18,
  "flux": 0.0000012414424190865248,
  "observed_flux": 0.0000012694574706983985,
  "electron_correction": 2.801509957350845E-8,
  "electron_contaminaton": false,
  "energy": "0.1-0.8nm"
}
