{
  "time_tag": "2026-06-12T23:43:00Z",
  "satellite": 18,
  "flux": 9.919907597577549E-7,
  "observed_flux": 0.000001029340864988626,
  "electron_correction": 3.735008746730273E-8,
  "electron_contaminaton": false,
  "energy": "0.1-0.8nm"
}
