{
    "time_tag": "2026-05-09T09:55:00Z",
    "satellite": 18,
    "flux": 9.84341340881656e-07,
    "observed_flux": 9.972617363018799e-07,
    "electron_correction": 1.2920435388252827e-08,
    "electron_contaminaton": false,
    "energy": "0.1-0.8nm"
}