{
    "time_tag": "2026-05-03T19:09:00Z",
    "satellite": 18,
    "flux": 1.2922530459036352e-06,
    "observed_flux": 1.3288744185047108e-06,
    "electron_correction": 3.6621397470071315e-08,
    "electron_contaminaton": false,
    "energy": "0.1-0.8nm"
}