{
  "time_tag": "2026-01-20T07:20:00Z",
  "satellite": 18,
  "flux": 0.000001731259885673353,
  "observed_flux": 0.0000017413171917723957,
  "electron_correction": 1.0057231492055507E-8,
  "electron_contaminaton": false,
  "energy": "0.1-0.8nm"
}
