{
  "time_tag": "2026-03-05T15:31:00Z",
  "satellite": 18,
  "flux": 5.571434940065956E-7,
  "observed_flux": 5.751269327447517E-7,
  "electron_correction": 1.7983422750944555E-8,
  "electron_contaminaton": false,
  "energy": "0.1-0.8nm"
}
