{
  "time_tag": "2026-02-07T14:10:00Z",
  "satellite": 18,
  "flux": 0.0000016668914213369135,
  "observed_flux": 0.0000017134616427938454,
  "electron_correction": 4.657028540577812E-8,
  "electron_contaminaton": false,
  "energy": "0.1-0.8nm"
}
