{
  "time_tag": "2026-06-05T20:57:00Z",
  "satellite": 18,
  "flux": 0.0000012040082992825774,
  "observed_flux": 0.000001232305635312514,
  "electron_correction": 2.8297298726442932E-8,
  "electron_contaminaton": false,
  "energy": "0.1-0.8nm"
}
