{
  "time_tag": "2026-05-29T16:54:00Z",
  "satellite": 18,
  "flux": 7.513467039643729E-7,
  "observed_flux": 7.903487357907579E-7,
  "electron_correction": 3.900205314266714E-8,
  "electron_contaminaton": false,
  "energy": "0.1-0.8nm"
}
