{
  "time_tag": "2026-02-07T04:51:00Z",
  "satellite": 18,
  "flux": 0.0000016423241504526231,
  "observed_flux": 0.0000016620169844827615,
  "electron_correction": 1.9692812713856256E-8,
  "electron_contaminaton": false,
  "energy": "0.1-0.8nm"
}
