{
  "time_tag": "2026-02-10T00:57:00Z",
  "satellite": 18,
  "flux": 0.000002242542450403562,
  "observed_flux": 0.0000022805954813520657,
  "electron_correction": 3.805316595162367E-8,
  "electron_contaminaton": false,
  "energy": "0.1-0.8nm"
}
