{
  "time_tag": "2026-03-06T08:43:00Z",
  "satellite": 18,
  "flux": 5.757170811193646E-7,
  "observed_flux": 5.760751946581877E-7,
  "electron_correction": 3.5808322973451823E-10,
  "electron_contaminaton": false,
  "energy": "0.1-0.8nm"
}
