{
  "time_tag": "2026-02-25T15:32:00Z",
  "satellite": 18,
  "flux": 9.039995347848162E-7,
  "observed_flux": 9.625368875276763E-7,
  "electron_correction": 5.85373847172832E-8,
  "electron_contaminaton": false,
  "energy": "0.1-0.8nm"
}
