{
  "time_tag": "2026-03-03T03:34:00Z",
  "satellite": 18,
  "flux": 8.655095484755293E-7,
  "observed_flux": 8.745813033783634E-7,
  "electron_correction": 9.07179042997086E-9,
  "electron_contaminaton": false,
  "energy": "0.1-0.8nm"
}
