{
  "time_tag": "2026-03-28T14:25:00Z",
  "satellite": 18,
  "flux": 0.0000015163024045250495,
  "observed_flux": 0.0000015243603002090822,
  "electron_correction": 8.057975620090474E-9,
  "electron_contaminaton": false,
  "energy": "0.1-0.8nm"
}
