{
  "time_tag": "2026-03-20T17:42:00Z",
  "satellite": 18,
  "flux": 3.2336964750356856E-7,
  "observed_flux": 3.2916156555984344E-7,
  "electron_correction": 5.791917168096461E-9,
  "electron_contaminaton": false,
  "energy": "0.1-0.8nm"
}
