{
  "time_tag": "2026-06-26T22:07:00Z",
  "satellite": 18,
  "flux": 0.00000138594032250694,
  "observed_flux": 0.0000014481091739071417,
  "electron_correction": 6.216881587306489E-8,
  "electron_contaminaton": false,
  "energy": "0.1-0.8nm"
}
