{
  "time_tag": "2026-05-05T12:14:00Z",
  "satellite": 18,
  "flux": 7.937413215586275E-7,
  "observed_flux": 8.267200541922648E-7,
  "electron_correction": 3.297871487006887E-8,
  "electron_contaminaton": false,
  "energy": "0.1-0.8nm"
}
