{
  "time_tag": "2026-02-06T13:35:00Z",
  "satellite": 18,
  "flux": 0.0000017783745533961337,
  "observed_flux": 0.0000017990063270190149,
  "electron_correction": 2.0631746977528564E-8,
  "electron_contaminaton": false,
  "energy": "0.1-0.8nm"
}
