{
  "time_tag": "2026-03-02T14:44:00Z",
  "satellite": 18,
  "flux": 0.0000013753390248893993,
  "observed_flux": 0.000001395522190250631,
  "electron_correction": 2.018309785967176E-8,
  "electron_contaminaton": false,
  "energy": "0.1-0.8nm"
}
