{
    "time_tag": "2026-05-22T13:03:00Z",
    "satellite": 18,
    "flux": 1.4131423995422665e-06,
    "observed_flux": 1.4344293504109373e-06,
    "electron_correction": 2.1286966855882383e-08,
    "electron_contaminaton": false,
    "energy": "0.1-0.8nm"
}