{
  "time_tag": "2026-02-22T11:20:00Z",
  "satellite": 18,
  "flux": 2.933927589765517E-7,
  "observed_flux": 2.9665113743249094E-7,
  "electron_correction": 3.258387781812644E-9,
  "electron_contaminaton": false,
  "energy": "0.1-0.8nm"
}
