{
  "time_tag": "2026-04-26T13:24:00Z",
  "satellite": 18,
  "flux": 0.0000014953570826037321,
  "observed_flux": 0.0000015017543546491652,
  "electron_correction": 6.397206764319208E-9,
  "electron_contaminaton": false,
  "energy": "0.1-0.8nm"
}
