{
  "time_tag": "2025-12-06T17:20:00Z",
  "satellite": 18,
  "flux": 0.0000012222162695252337,
  "observed_flux": 0.0000012875018455815734,
  "electron_correction": 6.528557605633978E-8,
  "electron_contaminaton": false,
  "energy": "0.1-0.8nm"
}
