{
    "time_tag": "2026-06-12T08:33:00Z",
    "satellite": 18,
    "flux": 6.116185886639869e-07,
    "observed_flux": 6.173807491904881e-07,
    "electron_correction": 5.762172072820704e-09,
    "electron_contaminaton": false,
    "energy": "0.1-0.8nm"
}