{
    "time_tag": "2026-06-30T22:22:00Z",
    "satellite": 18,
    "flux": 4.264282324584201e-06,
    "observed_flux": 4.27599343311158e-06,
    "electron_correction": 1.171143448885914e-08,
    "electron_contaminaton": false,
    "energy": "0.1-0.8nm"
}