{
  "time_tag": "2026-05-28T16:47:00Z",
  "satellite": 19,
  "flux": 9.381755603499187E-7,
  "observed_flux": 9.660745945438975E-7,
  "electron_correction": 2.789909103739774E-8,
  "electron_contaminaton": false,
  "energy": "0.1-0.8nm"
}
