{
  "time_tag": "2026-06-07T17:41:00Z",
  "satellite": 18,
  "flux": 9.765205959411105E-7,
  "observed_flux": 0.0000010267203833791427,
  "electron_correction": 5.019978743803222E-8,
  "electron_contaminaton": false,
  "energy": "0.1-0.8nm"
}
