{
    "time_tag": "2026-04-24T19:38:00Z",
    "satellite": 18,
    "flux": 3.291857183285174e-06,
    "observed_flux": 3.3320234251732472e-06,
    "electron_correction": 4.016610688495348e-08,
    "electron_contaminaton": false,
    "energy": "0.1-0.8nm"
}