{
    "time_tag": "2026-05-23T15:39:00Z",
    "satellite": 18,
    "flux": 1.1970196283073165e-06,
    "observed_flux": 1.2208840871608118e-06,
    "electron_correction": 2.386450681512997e-08,
    "electron_contaminaton": false,
    "energy": "0.1-0.8nm"
}