{
    "time_tag": "2026-05-13T15:38:00Z",
    "satellite": 18,
    "flux": 7.392584393528523e-07,
    "observed_flux": 7.448240921803517e-07,
    "electron_correction": 5.565643057536818e-09,
    "electron_contaminaton": false,
    "energy": "0.1-0.8nm"
}