{
  "time_tag": "2026-03-18T03:36:00Z",
  "satellite": 18,
  "flux": 5.580333777288615E-7,
  "observed_flux": 5.85881139159028E-7,
  "electron_correction": 2.7847770311950626E-8,
  "electron_contaminaton": false,
  "energy": "0.1-0.8nm"
}
