{
  "time_tag": "2026-06-23T22:21:00Z",
  "satellite": 18,
  "flux": 0.0000035417467643128475,
  "observed_flux": 0.0000035443574688542867,
  "electron_correction": 2.6106219408461584E-9,
  "electron_contaminaton": false,
  "energy": "0.1-0.8nm"
}
