{
  "time_tag": "2026-06-14T11:50:00Z",
  "satellite": 18,
  "flux": 5.998954861752281E-7,
  "observed_flux": 6.213015808498312E-7,
  "electron_correction": 2.140607513467785E-8,
  "electron_contaminaton": false,
  "energy": "0.1-0.8nm"
}
