{
    "time_tag": "2026-06-17T17:07:00Z",
    "satellite": 18,
    "flux": 5.057246994510933e-07,
    "observed_flux": 5.1794239652736e-07,
    "electron_correction": 1.2217719280727124e-08,
    "electron_contaminaton": false,
    "energy": "0.1-0.8nm"
}