{
  "time_tag": "2026-06-26T21:40:00Z",
  "satellite": 18,
  "flux": 0.000001364103354717372,
  "observed_flux": 0.000001431245777894219,
  "electron_correction": 6.7142444493129E-8,
  "electron_contaminaton": false,
  "energy": "0.1-0.8nm"
}
