{
  "time_tag": "2026-06-21T20:06:00Z",
  "satellite": 18,
  "flux": 0.000005196325219003484,
  "observed_flux": 0.000005214887096371967,
  "electron_correction": 1.8562008818889808E-8,
  "electron_contaminaton": false,
  "energy": "0.1-0.8nm"
}
