{
  "time_tag": "2026-03-25T19:04:00Z",
  "satellite": 18,
  "flux": 0.000001656591848586686,
  "observed_flux": 0.0000017013213664540672,
  "electron_correction": 4.472949299838547E-8,
  "electron_contaminaton": false,
  "energy": "0.1-0.8nm"
}
