{
    "time_tag": "2026-05-26T17:13:00Z",
    "satellite": 18,
    "flux": 1.1082153150709928e-06,
    "observed_flux": 1.1208788919248036e-06,
    "electron_correction": 1.2663615933661276e-08,
    "electron_contaminaton": false,
    "energy": "0.1-0.8nm"
}