{
  "time_tag": "2026-03-16T17:21:00Z",
  "satellite": 18,
  "flux": 4.5837396100978367E-7,
  "observed_flux": 5.052505684943753E-7,
  "electron_correction": 4.68766003791643E-8,
  "electron_contaminaton": false,
  "energy": "0.1-0.8nm"
}
