{
  "time_tag": "2026-02-20T03:59:00Z",
  "satellite": 18,
  "flux": 7.179462500062073E-7,
  "observed_flux": 7.480588237740449E-7,
  "electron_correction": 3.011261284768807E-8,
  "electron_contaminaton": false,
  "energy": "0.1-0.8nm"
}
