{
  "time_tag": "2025-12-28T18:20:00Z",
  "satellite": 18,
  "flux": 0.000001595349772287591,
  "observed_flux": 0.000001648879560889327,
  "electron_correction": 5.352982057615918E-8,
  "electron_contaminaton": false,
  "energy": "0.1-0.8nm"
}
