{
    "time_tag": "2026-04-24T14:21:00Z",
    "satellite": 18,
    "flux": 2.2901226657268126e-06,
    "observed_flux": 2.3153729671321344e-06,
    "electron_correction": 2.5250272983612376e-08,
    "electron_contaminaton": false,
    "energy": "0.1-0.8nm"
}