{
  "time_tag": "2025-12-24T05:18:00Z",
  "satellite": 18,
  "flux": 0.0000010640783330018166,
  "observed_flux": 0.0000010918249699898297,
  "electron_correction": 2.7746665409722482E-8,
  "electron_contaminaton": false,
  "energy": "0.1-0.8nm"
}
