{
  "time_tag": "2026-02-01T19:22:00Z",
  "satellite": 18,
  "flux": 0.000018774149793898687,
  "observed_flux": 0.00001880520358099602,
  "electron_correction": 3.105280654835951E-8,
  "electron_contaminaton": false,
  "energy": "0.1-0.8nm"
}
