{
  "time_tag": "2026-03-23T21:26:00Z",
  "satellite": 18,
  "flux": 7.58735893668927E-7,
  "observed_flux": 8.079347253442393E-7,
  "electron_correction": 4.9198845886166964E-8,
  "electron_contaminaton": false,
  "energy": "0.1-0.8nm"
}
