{
  "time_tag": "2026-01-30T01:53:00Z",
  "satellite": 18,
  "flux": 0.0000012038694876537193,
  "observed_flux": 0.0000012763126733261743,
  "electron_correction": 7.244321409416443E-8,
  "electron_contaminaton": false,
  "energy": "0.1-0.8nm"
}
