{
  "time_tag": "2026-02-21T09:42:00Z",
  "satellite": 18,
  "flux": 3.071659193665255E-7,
  "observed_flux": 3.0871112244312826E-7,
  "electron_correction": 1.5452250590186623E-9,
  "electron_contaminaton": false,
  "energy": "0.1-0.8nm"
}
