{
  "time_tag": "2026-05-30T22:43:00Z",
  "satellite": 18,
  "flux": 0.000001232476279255934,
  "observed_flux": 0.0000012587124729179777,
  "electron_correction": 2.6236188332973143E-8,
  "electron_contaminaton": false,
  "energy": "0.1-0.8nm"
}
