{
  "time_tag": "2026-05-31T08:55:00Z",
  "satellite": 18,
  "flux": 7.940514592519321E-7,
  "observed_flux": 8.150751114044397E-7,
  "electron_correction": 2.1023677021503318E-8,
  "electron_contaminaton": false,
  "energy": "0.1-0.8nm"
}
