{
  "time_tag": "2026-04-21T02:56:00Z",
  "satellite": 18,
  "flux": 4.518591936175653E-7,
  "observed_flux": 4.6449454771391174E-7,
  "electron_correction": 1.2635343438205382E-8,
  "electron_contaminaton": false,
  "energy": "0.1-0.8nm"
}
