{
    "time_tag": "2026-04-22T23:29:00Z",
    "satellite": 18,
    "flux": 1.7466132931076572e-06,
    "observed_flux": 1.7920496020451537e-06,
    "electron_correction": 4.543626630493236e-08,
    "electron_contaminaton": false,
    "energy": "0.1-0.8nm"
}