{
  "time_tag": "2026-03-22T12:44:00Z",
  "satellite": 18,
  "flux": 6.041979645488027E-7,
  "observed_flux": 6.146594841993647E-7,
  "electron_correction": 1.0461522315097227E-8,
  "electron_contaminaton": false,
  "energy": "0.1-0.8nm"
}
