{
  "time_tag": "2026-02-24T23:55:00Z",
  "satellite": 18,
  "flux": 0.0000011772380048569175,
  "observed_flux": 0.0000012363733503661933,
  "electron_correction": 5.913533129842108E-8,
  "electron_contaminaton": false,
  "energy": "0.1-0.8nm"
}
