{
  "time_tag": "2026-03-06T10:45:00Z",
  "satellite": 18,
  "flux": 6.698367087665247E-7,
  "observed_flux": 6.702782116008166E-7,
  "electron_correction": 4.414738019598019E-10,
  "electron_contaminaton": false,
  "energy": "0.1-0.8nm"
}
