{
  "time_tag": "2026-02-25T14:34:00Z",
  "satellite": 18,
  "flux": 0.0000010271044175169664,
  "observed_flux": 0.0000010725234460551292,
  "electron_correction": 4.541906406529961E-8,
  "electron_contaminaton": false,
  "energy": "0.1-0.8nm"
}
