{
  "time_tag": "2026-03-29T08:10:00Z",
  "satellite": 18,
  "flux": 0.0000011657816685328726,
  "observed_flux": 0.0000011745692063414026,
  "electron_correction": 8.787472083326975E-9,
  "electron_contaminaton": false,
  "energy": "0.1-0.8nm"
}
