{
    "time_tag": "2026-04-27T16:51:00Z",
    "satellite": 18,
    "flux": 9.236928804057243e-07,
    "observed_flux": 9.337169331047335e-07,
    "electron_correction": 1.0024067798042324e-08,
    "electron_contaminaton": false,
    "energy": "0.1-0.8nm"
}