{
  "time_tag": "2026-03-29T17:41:00Z",
  "satellite": 18,
  "flux": 0.0000015600135157001205,
  "observed_flux": 0.0000015730331597296754,
  "electron_correction": 1.3019635147770714E-8,
  "electron_contaminaton": false,
  "energy": "0.1-0.8nm"
}
