{
  "time_tag": "2026-01-05T10:19:00Z",
  "satellite": 18,
  "flux": 0.000001727306766952097,
  "observed_flux": 0.0000017315401237283368,
  "electron_correction": 4.233382533413987E-9,
  "electron_contaminaton": false,
  "energy": "0.1-0.8nm"
}
