{
  "time_tag": "2026-05-17T08:57:00Z",
  "satellite": 18,
  "flux": 7.632100391674612E-7,
  "observed_flux": 8.062023084676184E-7,
  "electron_correction": 4.2992237325734095E-8,
  "electron_contaminaton": false,
  "energy": "0.1-0.8nm"
}
