{
    "time_tag": "2026-04-28T20:00:00Z",
    "satellite": 18,
    "flux": 1.667688820816693e-06,
    "observed_flux": 1.679083879935206e-06,
    "electron_correction": 1.1395075993902992e-08,
    "electron_contaminaton": false,
    "energy": "0.1-0.8nm"
}