{
  "time_tag": "2025-12-23T21:17:00Z",
  "satellite": 18,
  "flux": 9.330908028459817E-7,
  "observed_flux": 0.0000010311151754649472,
  "electron_correction": 9.802434419725614E-8,
  "electron_contaminaton": false,
  "energy": "0.1-0.8nm"
}
