{
    "time_tag": "2026-04-30T18:46:00Z",
    "satellite": 18,
    "flux": 9.69801703831763e-07,
    "observed_flux": 9.738329254105338e-07,
    "electron_correction": 4.0311411986238e-09,
    "electron_contaminaton": false,
    "energy": "0.1-0.8nm"
}