{
    "time_tag": "2026-05-01T20:26:00Z",
    "satellite": 18,
    "flux": 9.124666462412279e-07,
    "observed_flux": 9.717060720504378e-07,
    "electron_correction": 5.923937251850475e-08,
    "electron_contaminaton": false,
    "energy": "0.1-0.8nm"
}