{
  "time_tag": "2026-05-01T15:42:00Z",
  "satellite": 18,
  "flux": 0.0000011607950227698893,
  "observed_flux": 0.0000011964073109993478,
  "electron_correction": 3.56122882294585E-8,
  "electron_contaminaton": false,
  "energy": "0.1-0.8nm"
}
