{
    "time_tag": "2026-04-24T18:29:00Z",
    "satellite": 18,
    "flux": 3.5010118153877556e-05,
    "observed_flux": 3.505244603729807e-05,
    "electron_correction": 4.2325947191557134e-08,
    "electron_contaminaton": false,
    "energy": "0.1-0.8nm"
}