{
  "time_tag": "2026-02-04T11:23:00Z",
  "satellite": 18,
  "flux": 0.00000997838651528582,
  "observed_flux": 0.000009983530617319047,
  "electron_correction": 5.144814352320282E-9,
  "electron_contaminaton": false,
  "energy": "0.1-0.8nm"
}
