{
    "time_tag": "2026-05-08T04:21:00Z",
    "satellite": 18,
    "flux": 5.835166234646749e-07,
    "observed_flux": 5.892729859624524e-07,
    "electron_correction": 5.75637715272137e-09,
    "electron_contaminaton": false,
    "energy": "0.1-0.8nm"
}