{
  "time_tag": "2026-01-31T12:23:00Z",
  "satellite": 18,
  "flux": 0.0000034309161947021494,
  "observed_flux": 0.000003473212473181775,
  "electron_correction": 4.2296203872638216E-8,
  "electron_contaminaton": false,
  "energy": "0.1-0.8nm"
}
