{
    "time_tag": "2026-04-29T18:22:00Z",
    "satellite": 18,
    "flux": 1.0139915502804797e-06,
    "observed_flux": 1.020490799419349e-06,
    "electron_correction": 6.499260685188801e-09,
    "electron_contaminaton": false,
    "energy": "0.1-0.8nm"
}