{
  "time_tag": "2026-02-09T22:59:00Z",
  "satellite": 18,
  "flux": 0.000001186323515867116,
  "observed_flux": 0.0000012276531151655945,
  "electron_correction": 4.132959574576489E-8,
  "electron_contaminaton": false,
  "energy": "0.1-0.8nm"
}
