{
  "time_tag": "2026-05-10T18:32:00Z",
  "satellite": 18,
  "flux": 9.404743082086497E-7,
  "observed_flux": 9.615298495191382E-7,
  "electron_correction": 2.1055472032571743E-8,
  "electron_contaminaton": false,
  "energy": "0.1-0.8nm"
}
