{
  "time_tag": "2026-03-10T00:48:00Z",
  "satellite": 18,
  "flux": 7.666570240871806E-7,
  "observed_flux": 7.89032071679685E-7,
  "electron_correction": 2.237503693436338E-8,
  "electron_contaminaton": false,
  "energy": "0.1-0.8nm"
}
