{
  "time_tag": "2026-02-18T06:37:00Z",
  "satellite": 18,
  "flux": 4.775218371833034E-7,
  "observed_flux": 4.998223630536813E-7,
  "electron_correction": 2.2300476132386393E-8,
  "electron_contaminaton": false,
  "energy": "0.1-0.8nm"
}
