{
  "time_tag": "2026-01-08T08:20:00Z",
  "satellite": 18,
  "flux": 8.175615562322491E-7,
  "observed_flux": 8.177148060894979E-7,
  "electron_correction": 1.532619170463434E-10,
  "electron_contaminaton": false,
  "energy": "0.1-0.8nm"
}
