{
  "time_tag": "2026-06-15T18:26:00Z",
  "satellite": 18,
  "flux": 6.707103352709964E-7,
  "observed_flux": 7.156824608500756E-7,
  "electron_correction": 4.497213978993386E-8,
  "electron_contaminaton": false,
  "energy": "0.1-0.8nm"
}
