{
  "time_tag": "2026-04-18T09:31:00Z",
  "satellite": 18,
  "flux": 4.723505071524414E-7,
  "observed_flux": 4.80105825317878E-7,
  "electron_correction": 7.755327047220817E-9,
  "electron_contaminaton": false,
  "energy": "0.1-0.8nm"
}
