{
  "time_tag": "2026-05-30T23:44:00Z",
  "satellite": 18,
  "flux": 7.946002824610332E-7,
  "observed_flux": 8.178074040188221E-7,
  "electron_correction": 2.3207123334145763E-8,
  "electron_contaminaton": false,
  "energy": "0.1-0.8nm"
}
