{
  "time_tag": "2026-02-20T11:38:00Z",
  "satellite": 18,
  "flux": 3.661662901777163E-7,
  "observed_flux": 3.95121674046095E-7,
  "electron_correction": 2.8955401631947097E-8,
  "electron_contaminaton": false,
  "energy": "0.1-0.8nm"
}
