{
  "time_tag": "2025-12-31T04:23:00Z",
  "satellite": 18,
  "flux": 0.0000016622195744275814,
  "observed_flux": 0.000001666782964093727,
  "electron_correction": 4.563450062278207E-9,
  "electron_contaminaton": false,
  "energy": "0.1-0.8nm"
}
