{
    "time_tag": "2026-06-25T09:49:00Z",
    "satellite": 18,
    "flux": 1.1047471843994572e-06,
    "observed_flux": 1.1120579301859834e-06,
    "electron_correction": 7.310705374408144e-09,
    "electron_contaminaton": false,
    "energy": "0.1-0.8nm"
}