{
  "time_tag": "2026-03-19T07:04:00Z",
  "satellite": 18,
  "flux": 3.942748492136161E-7,
  "observed_flux": 4.0332983530788624E-7,
  "electron_correction": 9.054982541556456E-9,
  "electron_contaminaton": false,
  "energy": "0.1-0.8nm"
}
