{
  "time_tag": "2026-02-22T10:39:00Z",
  "satellite": 18,
  "flux": 2.9944609991616744E-7,
  "observed_flux": 3.0202699008441414E-7,
  "electron_correction": 2.5808692960538338E-9,
  "electron_contaminaton": false,
  "energy": "0.1-0.8nm"
}
