{
  "time_tag": "2026-03-13T20:28:00Z",
  "satellite": 18,
  "flux": 0.000006300851964624599,
  "observed_flux": 0.000006339161700452678,
  "electron_correction": 3.8309668326519386E-8,
  "electron_contaminaton": false,
  "energy": "0.1-0.8nm"
}
