{
    "time_tag": "2026-07-01T17:23:00Z",
    "satellite": 18,
    "flux": 5.0080320761480834e-06,
    "observed_flux": 5.023232461098814e-06,
    "electron_correction": 1.5200733116671472e-08,
    "electron_contaminaton": false,
    "energy": "0.1-0.8nm"
}