{
  "time_tag": "2026-03-22T16:54:00Z",
  "satellite": 18,
  "flux": 0.0000010287972145306412,
  "observed_flux": 0.0000010669062930901418,
  "electron_correction": 3.8109096323069025E-8,
  "electron_contaminaton": false,
  "energy": "0.1-0.8nm"
}
