{
  "time_tag": "2026-02-28T18:21:00Z",
  "satellite": 18,
  "flux": 0.000002377654482188518,
  "observed_flux": 0.0000024274347651953576,
  "electron_correction": 4.9780251032416345E-8,
  "electron_contaminaton": false,
  "energy": "0.1-0.8nm"
}
