{
  "time_tag": "2026-03-14T17:41:00Z",
  "satellite": 18,
  "flux": 7.541388526988158E-7,
  "observed_flux": 8.163336815414368E-7,
  "electron_correction": 6.219481463176635E-8,
  "electron_contaminaton": false,
  "energy": "0.1-0.8nm"
}
