{
  "time_tag": "2026-05-26T17:21:00Z",
  "satellite": 18,
  "flux": 0.000001051571075549873,
  "observed_flux": 0.0000010646431292116176,
  "electron_correction": 1.307207142531297E-8,
  "electron_contaminaton": false,
  "energy": "0.1-0.8nm"
}
