{
    "time_tag": "2026-06-19T22:09:00Z",
    "satellite": 18,
    "flux": 4.720032222849113e-07,
    "observed_flux": 4.993186735191557e-07,
    "electron_correction": 2.731542814160548e-08,
    "electron_contaminaton": false,
    "energy": "0.1-0.8nm"
}