{
  "time_tag": "2026-03-20T20:10:00Z",
  "satellite": 18,
  "flux": 3.772599654894293E-7,
  "observed_flux": 3.894082567512669E-7,
  "electron_correction": 1.214830458451388E-8,
  "electron_contaminaton": false,
  "energy": "0.1-0.8nm"
}
