{
  "time_tag": "2026-02-10T19:47:00Z",
  "satellite": 18,
  "flux": 0.0000022910110146767693,
  "observed_flux": 0.000002318332235518028,
  "electron_correction": 2.732108583813897E-8,
  "electron_contaminaton": false,
  "energy": "0.1-0.8nm"
}
