{
  "time_tag": "2026-02-14T16:38:00Z",
  "satellite": 18,
  "flux": 4.617597539890994E-7,
  "observed_flux": 5.096724748909764E-7,
  "electron_correction": 4.791273866544543E-8,
  "electron_contaminaton": false,
  "energy": "0.1-0.8nm"
}
