{
    "time_tag": "2026-04-25T12:00:00Z",
    "satellite": 18,
    "flux": 8.112883733701892e-07,
    "observed_flux": 8.150984172061726e-07,
    "electron_correction": 3.810028736950244e-09,
    "electron_contaminaton": false,
    "energy": "0.1-0.8nm"
}