{
  "time_tag": "2025-12-12T17:17:00Z",
  "satellite": 18,
  "flux": 0.0000016836698932820582,
  "observed_flux": 0.0000016948780512393569,
  "electron_correction": 1.1208168615439718E-8,
  "electron_contaminaton": false,
  "energy": "0.1-0.8nm"
}
