{
    "time_tag": "2026-06-15T22:50:00Z",
    "satellite": 18,
    "flux": 5.940040637142374e-07,
    "observed_flux": 6.338365778901789e-07,
    "electron_correction": 3.9832524834082506e-08,
    "electron_contaminaton": false,
    "energy": "0.1-0.8nm"
}