{
    "time_tag": "2026-06-02T17:23:00Z",
    "satellite": 18,
    "flux": 1.8198327325080754e-06,
    "observed_flux": 1.8607943275128491e-06,
    "electron_correction": 4.096161276834209e-08,
    "electron_contaminaton": false,
    "energy": "0.1-0.8nm"
}