{
  "time_tag": "2026-03-11T18:45:00Z",
  "satellite": 18,
  "flux": 7.538978934462648E-7,
  "observed_flux": 8.065542260737857E-7,
  "electron_correction": 5.2656339732948254E-8,
  "electron_contaminaton": false,
  "energy": "0.1-0.8nm"
}
