{
  "time_tag": "2026-05-18T12:05:00Z",
  "satellite": 18,
  "flux": 4.6356188931895304E-7,
  "observed_flux": 4.830569650948746E-7,
  "electron_correction": 1.9495054459639505E-8,
  "electron_contaminaton": false,
  "energy": "0.1-0.8nm"
}
