{
  "time_tag": "2026-03-03T11:22:00Z",
  "satellite": 18,
  "flux": 6.394530487341399E-7,
  "observed_flux": 6.401226073649013E-7,
  "electron_correction": 6.69524158336543E-10,
  "electron_contaminaton": false,
  "energy": "0.1-0.8nm"
}
