{
  "time_tag": "2026-03-20T10:16:00Z",
  "satellite": 18,
  "flux": 4.979939944860234E-7,
  "observed_flux": 4.980787480235449E-7,
  "electron_correction": 8.477606810997074E-11,
  "electron_contaminaton": false,
  "energy": "0.1-0.8nm"
}
