{
  "time_tag": "2026-04-22T21:59:00Z",
  "satellite": 18,
  "flux": 6.860619237158971E-7,
  "observed_flux": 7.39524409709702E-7,
  "electron_correction": 5.3462454019381767E-8,
  "electron_contaminaton": false,
  "energy": "0.1-0.8nm"
}
