{
  "time_tag": "2026-03-03T19:42:00Z",
  "satellite": 18,
  "flux": 8.432638765043521E-7,
  "observed_flux": 8.639182738079398E-7,
  "electron_correction": 2.065436000009413E-8,
  "electron_contaminaton": false,
  "energy": "0.1-0.8nm"
}
