{
    "time_tag": "2026-04-25T22:19:00Z",
    "satellite": 18,
    "flux": 1.1960484016526607e-06,
    "observed_flux": 1.2058205811626976e-06,
    "electron_correction": 9.772153752862778e-09,
    "electron_contaminaton": false,
    "energy": "0.1-0.8nm"
}