{
  "time_tag": "2026-01-14T06:20:00Z",
  "satellite": 18,
  "flux": 0.0000011265794910286786,
  "observed_flux": 0.000001163528054348717,
  "electron_correction": 3.6948620163457235E-8,
  "electron_contaminaton": false,
  "energy": "0.1-0.8nm"
}
