{
  "time_tag": "2026-04-27T18:19:00Z",
  "satellite": 18,
  "flux": 7.991189363565354E-7,
  "observed_flux": 8.143139211824746E-7,
  "electron_correction": 1.5195011471291764E-8,
  "electron_contaminaton": false,
  "energy": "0.1-0.8nm"
}
