{
    "time_tag": "2026-05-05T00:58:00Z",
    "satellite": 18,
    "flux": 8.052343787312566e-07,
    "observed_flux": 8.128361628223502e-07,
    "electron_correction": 7.601793861056194e-09,
    "electron_contaminaton": false,
    "energy": "0.1-0.8nm"
}