{
  "time_tag": "2026-06-21T15:20:00Z",
  "satellite": 18,
  "flux": 8.058282787715143E-7,
  "observed_flux": 8.172166872100206E-7,
  "electron_correction": 1.1388415543933661E-8,
  "electron_contaminaton": false,
  "energy": "0.1-0.8nm"
}
