{
  "time_tag": "2026-02-13T23:05:00Z",
  "satellite": 18,
  "flux": 4.5561102979263524E-7,
  "observed_flux": 4.970191866959794E-7,
  "electron_correction": 4.1408164008771564E-8,
  "electron_contaminaton": false,
  "energy": "0.1-0.8nm"
}
