{
  "time_tag": "2026-05-14T10:59:00Z",
  "satellite": 18,
  "flux": 0.0000022669082682114094,
  "observed_flux": 0.0000022731915123586077,
  "electron_correction": 6.283321418720789E-9,
  "electron_contaminaton": false,
  "energy": "0.1-0.8nm"
}
