{
  "time_tag": "2026-03-11T22:39:00Z",
  "satellite": 18,
  "flux": 6.226431423783652E-7,
  "observed_flux": 6.747811198692943E-7,
  "electron_correction": 5.213794906921976E-8,
  "electron_contaminaton": false,
  "energy": "0.1-0.8nm"
}
