{
  "time_tag": "2026-03-27T19:28:00Z",
  "satellite": 18,
  "flux": 0.0000013899541499995394,
  "observed_flux": 0.0000014242184533941327,
  "electron_correction": 3.42643531325848E-8,
  "electron_contaminaton": false,
  "energy": "0.1-0.8nm"
}
