{
  "time_tag": "2026-02-04T13:22:00Z",
  "satellite": 18,
  "flux": 0.000014293414096755441,
  "observed_flux": 0.000014299614122137427,
  "electron_correction": 6.1997331712859705E-9,
  "electron_contaminaton": false,
  "energy": "0.1-0.8nm"
}
