{
  "time_tag": "2026-04-24T19:58:00Z",
  "satellite": 18,
  "flux": 0.0000025300887500634417,
  "observed_flux": 0.0000025686101707833586,
  "electron_correction": 3.852143137805797E-8,
  "electron_contaminaton": false,
  "energy": "0.1-0.8nm"
}
