{
  "time_tag": "2026-05-09T08:06:00Z",
  "satellite": 18,
  "flux": 0.0000012002572020719526,
  "observed_flux": 0.0000012139747695982805,
  "electron_correction": 1.3717595948037342E-8,
  "electron_contaminaton": false,
  "energy": "0.1-0.8nm"
}
