{
  "time_tag": "2026-03-13T16:10:00Z",
  "satellite": 18,
  "flux": 0.000002297924538652296,
  "observed_flux": 0.0000023285085717361653,
  "electron_correction": 3.058403663658282E-8,
  "electron_contaminaton": false,
  "energy": "0.1-0.8nm"
}
