{
  "time_tag": "2026-02-20T15:41:00Z",
  "satellite": 18,
  "flux": 3.522020506352419E-7,
  "observed_flux": 3.727007538145699E-7,
  "electron_correction": 2.049871561382588E-8,
  "electron_contaminaton": false,
  "energy": "0.1-0.8nm"
}
