{
  "time_tag": "2026-04-20T12:07:00Z",
  "satellite": 18,
  "flux": 3.6057957686352893E-7,
  "observed_flux": 3.614622983150184E-7,
  "electron_correction": 8.827440445280388E-10,
  "electron_contaminaton": false,
  "energy": "0.1-0.8nm"
}
