{
  "time_tag": "2026-03-29T17:07:00Z",
  "satellite": 18,
  "flux": 0.000002023350134550128,
  "observed_flux": 0.000002037505510088522,
  "electron_correction": 1.4155426164563778E-8,
  "electron_contaminaton": false,
  "energy": "0.1-0.8nm"
}
