{
  "time_tag": "2026-03-01T05:47:00Z",
  "satellite": 18,
  "flux": 0.0000013025152156842523,
  "observed_flux": 0.00000130737589643104,
  "electron_correction": 4.8606891844826805E-9,
  "electron_contaminaton": false,
  "energy": "0.1-0.8nm"
}
