{
  "time_tag": "2026-06-06T10:52:00Z",
  "satellite": 18,
  "flux": 0.0000011876695680257399,
  "observed_flux": 0.000001209202196150727,
  "electron_correction": 2.1532651217626153E-8,
  "electron_contaminaton": false,
  "energy": "0.1-0.8nm"
}
