{
  "time_tag": "2026-03-19T22:22:00Z",
  "satellite": 18,
  "flux": 2.7201025432077586E-7,
  "observed_flux": 2.919329631367873E-7,
  "electron_correction": 1.99226981578704E-8,
  "electron_contaminaton": false,
  "energy": "0.1-0.8nm"
}
