{
  "time_tag": "2026-03-08T17:21:00Z",
  "satellite": 18,
  "flux": 9.609603921489906E-7,
  "observed_flux": 0.0000010227053053313284,
  "electron_correction": 6.174488476062834E-8,
  "electron_contaminaton": false,
  "energy": "0.1-0.8nm"
}
