{
  "time_tag": "2026-04-27T22:12:00Z",
  "satellite": 18,
  "flux": 8.611863790974894E-7,
  "observed_flux": 8.717919399714447E-7,
  "electron_correction": 1.060554666310054E-8,
  "electron_contaminaton": false,
  "energy": "0.1-0.8nm"
}
