{
  "time_tag": "2026-04-17T22:07:00Z",
  "satellite": 18,
  "flux": 3.6747124454450386E-7,
  "observed_flux": 3.775971606501116E-7,
  "electron_correction": 1.0125915217429338E-8,
  "electron_contaminaton": false,
  "energy": "0.1-0.8nm"
}
