{
  "time_tag": "2026-02-23T09:18:00Z",
  "satellite": 18,
  "flux": 2.996318073655857E-7,
  "observed_flux": 3.180208238973137E-7,
  "electron_correction": 1.8389011202657457E-8,
  "electron_contaminaton": false,
  "energy": "0.1-0.8nm"
}
