{
    "time_tag": "2026-07-01T15:49:00Z",
    "satellite": 18,
    "flux": 4.58200747743831e-06,
    "observed_flux": 4.594163328874856e-06,
    "electron_correction": 1.2156087692005713e-08,
    "electron_contaminaton": false,
    "energy": "0.1-0.8nm"
}