{
  "time_tag": "2026-02-25T22:05:00Z",
  "satellite": 18,
  "flux": 0.0000010371064718128764,
  "observed_flux": 0.000001101614998333389,
  "electron_correction": 6.450845546623896E-8,
  "electron_contaminaton": false,
  "energy": "0.1-0.8nm"
}
