{
  "time_tag": "2026-04-22T13:08:00Z",
  "satellite": 18,
  "flux": 0.00000127122029880411,
  "observed_flux": 0.000001296746972911933,
  "electron_correction": 2.5526665226038858E-8,
  "electron_contaminaton": false,
  "energy": "0.1-0.8nm"
}
