{
  "time_tag": "2026-04-26T07:13:00Z",
  "satellite": 18,
  "flux": 0.0000011901818197657121,
  "observed_flux": 0.000001190936586681346,
  "electron_correction": 7.547054647893958E-10,
  "electron_contaminaton": false,
  "energy": "0.1-0.8nm"
}
