{
  "time_tag": "2026-05-07T23:13:00Z",
  "satellite": 18,
  "flux": 7.045223355817143E-7,
  "observed_flux": 7.375735435743991E-7,
  "electron_correction": 3.305118667640272E-8,
  "electron_contaminaton": false,
  "energy": "0.1-0.8nm"
}
