{
  "time_tag": "2026-01-17T14:17:00Z",
  "satellite": 18,
  "flux": 0.0000022443337002187036,
  "observed_flux": 0.0000022751771666662535,
  "electron_correction": 3.084347000026355E-8,
  "electron_contaminaton": false,
  "energy": "0.1-0.8nm"
}
