{
  "time_tag": "2025-12-19T01:48:00Z",
  "satellite": 18,
  "flux": 5.47579020349076E-7,
  "observed_flux": 5.920952617088915E-7,
  "electron_correction": 4.4516252017956504E-8,
  "electron_contaminaton": false,
  "energy": "0.1-0.8nm"
}
