{
    "time_tag": "2026-06-18T19:02:00Z",
    "satellite": 18,
    "flux": 4.306383516450296e-07,
    "observed_flux": 4.468877818908368e-07,
    "electron_correction": 1.624943735123452e-08,
    "electron_contaminaton": false,
    "energy": "0.1-0.8nm"
}