{
  "time_tag": "2026-03-15T20:53:00Z",
  "satellite": 18,
  "flux": 4.328447573698213E-7,
  "observed_flux": 5.164653771316807E-7,
  "electron_correction": 8.362061265643206E-8,
  "electron_contaminaton": false,
  "energy": "0.1-0.8nm"
}
