{
  "time_tag": "2026-06-10T12:19:00Z",
  "satellite": 18,
  "flux": 6.178927947075863E-7,
  "observed_flux": 6.258028975025809E-7,
  "electron_correction": 7.910109012243538E-9,
  "electron_contaminaton": false,
  "energy": "0.1-0.8nm"
}
