{
  "time_tag": "2026-05-18T17:10:00Z",
  "satellite": 18,
  "flux": 4.234570951666683E-7,
  "observed_flux": 4.6510564288837486E-7,
  "electron_correction": 4.164855482713392E-8,
  "electron_contaminaton": false,
  "energy": "0.1-0.8nm"
}
