{
    "time_tag": "2026-05-28T18:07:00Z",
    "satellite": 19,
    "flux": 1.0078069863084238e-06,
    "observed_flux": 1.027813937071187e-06,
    "electron_correction": 2.0006924117410563e-08,
    "electron_contaminaton": false,
    "energy": "0.1-0.8nm"
}