{
  "time_tag": "2026-05-02T08:43:00Z",
  "satellite": 18,
  "flux": 0.0000011424032209106372,
  "observed_flux": 0.000001164344780590909,
  "electron_correction": 2.1941469086073084E-8,
  "electron_contaminaton": false,
  "energy": "0.1-0.8nm"
}
