{
  "time_tag": "2026-04-18T15:24:00Z",
  "satellite": 18,
  "flux": 3.7747116721220664E-7,
  "observed_flux": 4.0738976281318173E-7,
  "electron_correction": 2.9918599153688774E-8,
  "electron_contaminaton": false,
  "energy": "0.1-0.8nm"
}
