{
  "time_tag": "2026-04-23T21:31:00Z",
  "satellite": 18,
  "flux": 0.0000013858334568794817,
  "observed_flux": 0.0000014339109384309268,
  "electron_correction": 4.807738918088944E-8,
  "electron_contaminaton": false,
  "energy": "0.1-0.8nm"
}
