{
  "time_tag": "2026-01-10T12:20:00Z",
  "satellite": 18,
  "flux": 4.1285835550297634E-7,
  "observed_flux": 4.318673347825097E-7,
  "electron_correction": 1.9008963292321823E-8,
  "electron_contaminaton": false,
  "energy": "0.1-0.8nm"
}
