{
  "time_tag": "2026-02-03T10:43:00Z",
  "satellite": 18,
  "flux": 0.000012984355635126121,
  "observed_flux": 0.00001298583720199531,
  "electron_correction": 1.4819780957964213E-9,
  "electron_contaminaton": false,
  "energy": "0.1-0.8nm"
}
