{
    "time_tag": "2026-05-24T11:32:00Z",
    "satellite": 18,
    "flux": 9.12980738121405e-07,
    "observed_flux": 9.199936243931006e-07,
    "electron_correction": 7.012896041658223e-09,
    "electron_contaminaton": false,
    "energy": "0.1-0.8nm"
}