{
  "time_tag": "2026-04-30T02:56:00Z",
  "satellite": 18,
  "flux": 0.0000011369083949830383,
  "observed_flux": 0.000001139625055657234,
  "electron_correction": 2.7167559313312495E-9,
  "electron_contaminaton": false,
  "energy": "0.1-0.8nm"
}
