{
  "time_tag": "2026-05-21T01:15:00Z",
  "satellite": 18,
  "flux": 6.095391995586397E-7,
  "observed_flux": 6.486395704996539E-7,
  "electron_correction": 3.910036738830058E-8,
  "electron_contaminaton": false,
  "energy": "0.1-0.8nm"
}
