{
  "time_tag": "2026-02-28T11:32:00Z",
  "satellite": 18,
  "flux": 0.0000010895419109147042,
  "observed_flux": 0.0000011214509640922188,
  "electron_correction": 3.1908978570527324E-8,
  "electron_contaminaton": false,
  "energy": "0.1-0.8nm"
}
