{
  "time_tag": "2026-04-26T19:41:00Z",
  "satellite": 18,
  "flux": 0.0000070028645495767705,
  "observed_flux": 0.000007033276233414654,
  "electron_correction": 3.041169094331053E-8,
  "electron_contaminaton": false,
  "energy": "0.1-0.8nm"
}
