{
  "time_tag": "2025-12-20T04:19:00Z",
  "satellite": 18,
  "flux": 7.637033263563353E-7,
  "observed_flux": 7.937916279843193E-7,
  "electron_correction": 3.0088305180697716E-8,
  "electron_contaminaton": false,
  "energy": "0.1-0.8nm"
}
