{
  "time_tag": "2026-06-22T06:03:00Z",
  "satellite": 18,
  "flux": 0.000001028105543809943,
  "observed_flux": 0.0000010324994264010456,
  "electron_correction": 4.393862162999085E-9,
  "electron_contaminaton": false,
  "energy": "0.1-0.8nm"
}
