{
  "time_tag": "2026-02-27T04:21:00Z",
  "satellite": 18,
  "flux": 8.90973069544998E-7,
  "observed_flux": 9.276335504182498E-7,
  "electron_correction": 3.6660519953102266E-8,
  "electron_contaminaton": false,
  "energy": "0.1-0.8nm"
}
