{
  "time_tag": "2026-03-01T14:22:00Z",
  "satellite": 18,
  "flux": 0.0000011283829053354566,
  "observed_flux": 0.0000011648598956526257,
  "electron_correction": 3.647699386988279E-8,
  "electron_contaminaton": false,
  "energy": "0.1-0.8nm"
}
