{
  "time_tag": "2026-05-04T19:26:00Z",
  "satellite": 18,
  "flux": 0.000001041824702951999,
  "observed_flux": 0.0000010483505548108951,
  "electron_correction": 6.525822993097563E-9,
  "electron_contaminaton": false,
  "energy": "0.1-0.8nm"
}
