{
  "time_tag": "2025-12-29T13:23:00Z",
  "satellite": 18,
  "flux": 0.0000020227259938110365,
  "observed_flux": 0.0000020512150058493717,
  "electron_correction": 2.8489118619745568E-8,
  "electron_contaminaton": false,
  "energy": "0.1-0.8nm"
}
