{
  "time_tag": "2026-02-04T21:55:00Z",
  "satellite": 18,
  "flux": 0.000002478849864928634,
  "observed_flux": 0.0000024875505459931446,
  "electron_correction": 8.700760112390071E-9,
  "electron_contaminaton": false,
  "energy": "0.1-0.8nm"
}
