{
  "time_tag": "2026-02-11T04:33:00Z",
  "satellite": 18,
  "flux": 0.0000013598784107671236,
  "observed_flux": 0.0000013693056644115131,
  "electron_correction": 9.42718436647283E-9,
  "electron_contaminaton": false,
  "energy": "0.1-0.8nm"
}
