{
  "time_tag": "2026-02-24T23:41:00Z",
  "satellite": 18,
  "flux": 0.0000016088725942609017,
  "observed_flux": 0.000001666798084443144,
  "electron_correction": 5.7925522156665465E-8,
  "electron_contaminaton": false,
  "energy": "0.1-0.8nm"
}
