{
  "time_tag": "2026-03-13T21:12:00Z",
  "satellite": 18,
  "flux": 0.0000024548201054130914,
  "observed_flux": 0.0000024863593353074975,
  "electron_correction": 3.153903094244015E-8,
  "electron_contaminaton": false,
  "energy": "0.1-0.8nm"
}
