{
  "time_tag": "2026-02-18T14:08:00Z",
  "satellite": 18,
  "flux": 4.3146391703885456E-7,
  "observed_flux": 4.934863113703614E-7,
  "electron_correction": 6.20223943315068E-8,
  "electron_contaminaton": false,
  "energy": "0.1-0.8nm"
}
