{
  "time_tag": "2026-04-26T20:18:00Z",
  "satellite": 18,
  "flux": 0.000006008982836647192,
  "observed_flux": 0.0000060489342104119714,
  "electron_correction": 3.9951085994971436E-8,
  "electron_contaminaton": false,
  "energy": "0.1-0.8nm"
}
