{
  "time_tag": "2026-07-01T02:13:00Z",
  "satellite": 18,
  "flux": 0.0000017981399196287384,
  "observed_flux": 0.000001801659550437762,
  "electron_correction": 3.519659896866756E-9,
  "electron_contaminaton": false,
  "energy": "0.1-0.8nm"
}
