{
  "time_tag": "2026-03-22T13:17:00Z",
  "satellite": 18,
  "flux": 5.024803613196127E-7,
  "observed_flux": 5.061279466644919E-7,
  "electron_correction": 3.647598667555485E-9,
  "electron_contaminaton": false,
  "energy": "0.1-0.8nm"
}
