{
  "time_tag": "2026-02-22T15:49:00Z",
  "satellite": 18,
  "flux": 5.749732281401521E-7,
  "observed_flux": 5.98220765368751E-7,
  "electron_correction": 2.3247542557669476E-8,
  "electron_contaminaton": false,
  "energy": "0.1-0.8nm"
}
