{
  "time_tag": "2026-06-09T03:41:00Z",
  "satellite": 18,
  "flux": 9.981516768675647E-7,
  "observed_flux": 0.0000010311089226888726,
  "electron_correction": 3.2957231610453164E-8,
  "electron_contaminaton": false,
  "energy": "0.1-0.8nm"
}
