{
  "time_tag": "2026-02-09T20:44:00Z",
  "satellite": 18,
  "flux": 0.0000016425173043899122,
  "observed_flux": 0.0000016750809663790278,
  "electron_correction": 3.256359448755575E-8,
  "electron_contaminaton": false,
  "energy": "0.1-0.8nm"
}
