{
    "time_tag": "2026-04-25T14:26:00Z",
    "satellite": 18,
    "flux": 1.316633529313549e-06,
    "observed_flux": 1.3226434703028644e-06,
    "electron_correction": 6.00997118738178e-09,
    "electron_contaminaton": false,
    "energy": "0.1-0.8nm"
}