{
  "time_tag": "2026-06-01T07:11:00Z",
  "satellite": 18,
  "flux": 7.057753350636631E-7,
  "observed_flux": 7.218469022518548E-7,
  "electron_correction": 1.6071565411834854E-8,
  "electron_contaminaton": false,
  "energy": "0.1-0.8nm"
}
