{
    "time_tag": "2026-04-25T14:07:00Z",
    "satellite": 18,
    "flux": 1.1529217545103165e-06,
    "observed_flux": 1.158336317530484e-06,
    "electron_correction": 5.41455325020479e-09,
    "electron_contaminaton": false,
    "energy": "0.1-0.8nm"
}