{
  "time_tag": "2026-04-19T20:20:00Z",
  "satellite": 18,
  "flux": 4.2590988869051216E-7,
  "observed_flux": 4.875697072748153E-7,
  "electron_correction": 6.165979726802107E-8,
  "electron_contaminaton": false,
  "energy": "0.1-0.8nm"
}
