{
  "time_tag": "2026-04-25T08:12:00Z",
  "satellite": 18,
  "flux": 0.000004584398539009271,
  "observed_flux": 0.000004585865553963231,
  "electron_correction": 1.4667883574404073E-9,
  "electron_contaminaton": false,
  "energy": "0.1-0.8nm"
}
