{
  "time_tag": "2026-05-10T19:35:00Z",
  "satellite": 18,
  "flux": 0.0000012073021480318857,
  "observed_flux": 0.000001228523160534678,
  "electron_correction": 2.12210444772154E-8,
  "electron_contaminaton": false,
  "energy": "0.1-0.8nm"
}
