{
    "time_tag": "2026-04-24T15:50:00Z",
    "satellite": 18,
    "flux": 1.6552050965401577e-06,
    "observed_flux": 1.6899490447030985e-06,
    "electron_correction": 3.474390197766297e-08,
    "electron_contaminaton": false,
    "energy": "0.1-0.8nm"
}