{
  "time_tag": "2026-02-22T02:36:00Z",
  "satellite": 18,
  "flux": 3.163064263844717E-7,
  "observed_flux": 3.1660812283007544E-7,
  "electron_correction": 3.016986660497878E-10,
  "electron_contaminaton": false,
  "energy": "0.1-0.8nm"
}
