{
    "time_tag": "2026-04-30T22:26:00Z",
    "satellite": 18,
    "flux": 9.486105341238726e-07,
    "observed_flux": 9.510910103927017e-07,
    "electron_correction": 2.480471383847771e-09,
    "electron_contaminaton": false,
    "energy": "0.1-0.8nm"
}