{
    "time_tag": "2026-05-21T08:57:00Z",
    "satellite": 18,
    "flux": 6.458096208916686e-07,
    "observed_flux": 6.652225579273363e-07,
    "electron_correction": 1.941290683760144e-08,
    "electron_contaminaton": false,
    "energy": "0.1-0.8nm"
}