{
  "time_tag": "2026-03-20T22:40:00Z",
  "satellite": 18,
  "flux": 3.055471324842074E-7,
  "observed_flux": 3.055486388348072E-7,
  "electron_correction": 1.5172466148044572E-12,
  "electron_contaminaton": false,
  "energy": "0.1-0.8nm"
}
