{
    "time_tag": "2026-04-28T06:40:00Z",
    "satellite": 18,
    "flux": 1.8542455109127332e-06,
    "observed_flux": 1.8593908635011758e-06,
    "electron_correction": 5.145252224281194e-09,
    "electron_contaminaton": false,
    "energy": "0.1-0.8nm"
}