{
  "time_tag": "2026-05-24T05:07:00Z",
  "satellite": 18,
  "flux": 9.114348813454853E-7,
  "observed_flux": 9.236932214662374E-7,
  "electron_correction": 1.2258328574432653E-8,
  "electron_contaminaton": false,
  "energy": "0.1-0.8nm"
}
