{
  "time_tag": "2026-02-10T01:40:00Z",
  "satellite": 18,
  "flux": 0.0000013550411495089065,
  "observed_flux": 0.00000139104838581261,
  "electron_correction": 3.6007218540135E-8,
  "electron_contaminaton": false,
  "energy": "0.1-0.8nm"
}
