{
    "time_tag": "2026-05-23T00:01:00Z",
    "satellite": 18,
    "flux": 1.0585443988020415e-06,
    "observed_flux": 1.0893295439018402e-06,
    "electron_correction": 3.078512023080293e-08,
    "electron_contaminaton": false,
    "energy": "0.1-0.8nm"
}