{
  "time_tag": "2026-05-17T03:41:00Z",
  "satellite": 18,
  "flux": 0.000009585090992914047,
  "observed_flux": 0.00000964818991633365,
  "electron_correction": 6.309831945827682E-8,
  "electron_contaminaton": false,
  "energy": "0.1-0.8nm"
}
