{
  "time_tag": "2025-12-07T20:22:00Z",
  "satellite": 18,
  "flux": 0.0000032870948416530155,
  "observed_flux": 0.0000033283311040577246,
  "electron_correction": 4.1236106085307256E-8,
  "electron_contaminaton": false,
  "energy": "0.1-0.8nm"
}
