{
  "time_tag": "2026-03-21T10:03:00Z",
  "satellite": 18,
  "flux": 3.9282863895095943E-7,
  "observed_flux": 3.9764353232385474E-7,
  "electron_correction": 4.814873388880869E-9,
  "electron_contaminaton": false,
  "energy": "0.1-0.8nm"
}
