{
  "time_tag": "2026-03-27T01:51:00Z",
  "satellite": 18,
  "flux": 0.00000149465961385431,
  "observed_flux": 0.0000015329587768064812,
  "electron_correction": 3.82991416358891E-8,
  "electron_contaminaton": false,
  "energy": "0.1-0.8nm"
}
