{
    "time_tag": "2026-06-12T23:54:00Z",
    "satellite": 18,
    "flux": 8.316143862430181e-07,
    "observed_flux": 8.675173148731119e-07,
    "electron_correction": 3.590292863009381e-08,
    "electron_contaminaton": false,
    "energy": "0.1-0.8nm"
}