{
  "time_tag": "2026-03-08T11:46:00Z",
  "satellite": 18,
  "flux": 6.321881187432155E-7,
  "observed_flux": 6.520907049889502E-7,
  "electron_correction": 1.9902573811236834E-8,
  "electron_contaminaton": false,
  "energy": "0.1-0.8nm"
}
