{
  "time_tag": "2026-05-02T05:16:00Z",
  "satellite": 18,
  "flux": 0.0000010955401421597344,
  "observed_flux": 0.0000011206909675820498,
  "electron_correction": 2.515089292387529E-8,
  "electron_contaminaton": false,
  "energy": "0.1-0.8nm"
}
