{
  "time_tag": "2026-02-24T00:21:00Z",
  "satellite": 18,
  "flux": 5.418813771029818E-7,
  "observed_flux": 6.321737373582437E-7,
  "electron_correction": 9.029234604440717E-8,
  "electron_contaminaton": false,
  "energy": "0.1-0.8nm"
}
