{
    "time_tag": "2026-05-11T07:30:00Z",
    "satellite": 18,
    "flux": 5.935638114351605e-07,
    "observed_flux": 6.018291855980351e-07,
    "electron_correction": 8.265356399306256e-09,
    "electron_contaminaton": false,
    "energy": "0.1-0.8nm"
}