{
    "time_tag": "2026-06-28T23:17:00Z",
    "satellite": 18,
    "flux": 1.971477104234509e-06,
    "observed_flux": 2.0109553133806912e-06,
    "electron_correction": 3.9478383229152314e-08,
    "electron_contaminaton": false,
    "energy": "0.1-0.8nm"
}