{
  "time_tag": "2026-05-20T07:54:00Z",
  "satellite": 18,
  "flux": 6.070250151424261E-7,
  "observed_flux": 6.41836322756717E-7,
  "electron_correction": 3.481128629800878E-8,
  "electron_contaminaton": false,
  "energy": "0.1-0.8nm"
}
