{
    "time_tag": "2026-05-11T16:26:00Z",
    "satellite": 18,
    "flux": 7.536842758781859e-07,
    "observed_flux": 7.7041886470397e-07,
    "electron_correction": 1.6734627905634625e-08,
    "electron_contaminaton": false,
    "energy": "0.1-0.8nm"
}