{
  "time_tag": "2026-02-12T07:43:00Z",
  "satellite": 18,
  "flux": 0.000001092186266760109,
  "observed_flux": 0.000001094154640668421,
  "electron_correction": 1.9683774610257387E-9,
  "electron_contaminaton": false,
  "energy": "0.1-0.8nm"
}
