{
  "time_tag": "2026-06-16T07:35:00Z",
  "satellite": 18,
  "flux": 4.932632577947516E-7,
  "observed_flux": 5.148581863068102E-7,
  "electron_correction": 2.159494627562708E-8,
  "electron_contaminaton": false,
  "energy": "0.1-0.8nm"
}
