{
  "time_tag": "2026-02-07T23:52:00Z",
  "satellite": 18,
  "flux": 0.000005147464435140137,
  "observed_flux": 0.000005189327112020692,
  "electron_correction": 4.186232160918735E-8,
  "electron_contaminaton": false,
  "energy": "0.1-0.8nm"
}
