{
  "time_tag": "2026-05-02T19:03:00Z",
  "satellite": 18,
  "flux": 0.0000016832927940413356,
  "observed_flux": 0.0000017279759276789264,
  "electron_correction": 4.468307679417194E-8,
  "electron_contaminaton": false,
  "energy": "0.1-0.8nm"
}
