{
  "time_tag": "2026-03-08T06:28:00Z",
  "satellite": 18,
  "flux": 6.157368375170336E-7,
  "observed_flux": 6.202390068210661E-7,
  "electron_correction": 4.5021684158541575E-9,
  "electron_contaminaton": false,
  "energy": "0.1-0.8nm"
}
