{
  "time_tag": "2026-05-19T16:09:00Z",
  "satellite": 18,
  "flux": 4.5453921870830527E-7,
  "observed_flux": 5.007842105442251E-7,
  "electron_correction": 4.624500249406083E-8,
  "electron_contaminaton": false,
  "energy": "0.1-0.8nm"
}
