{
    "time_tag": "2026-06-11T17:02:00Z",
    "satellite": 18,
    "flux": 7.717855510236404e-07,
    "observed_flux": 7.921197493487853e-07,
    "electron_correction": 2.033418056157643e-08,
    "electron_contaminaton": false,
    "energy": "0.1-0.8nm"
}