{
    "time_tag": "2026-06-13T16:51:00Z",
    "satellite": 18,
    "flux": 5.626458232654841e-07,
    "observed_flux": 6.113340305091697e-07,
    "electron_correction": 4.8688228559967683e-08,
    "electron_contaminaton": false,
    "energy": "0.1-0.8nm"
}