{
  "time_tag": "2026-03-16T17:47:00Z",
  "satellite": 18,
  "flux": 4.5094094502928783E-7,
  "observed_flux": 5.073205784356105E-7,
  "electron_correction": 5.6379629853609003E-8,
  "electron_contaminaton": false,
  "energy": "0.1-0.8nm"
}
