{
  "time_tag": "2026-06-21T12:10:00Z",
  "satellite": 18,
  "flux": 6.016481393089634E-7,
  "observed_flux": 6.091640329941583E-7,
  "electron_correction": 7.515851052630751E-9,
  "electron_contaminaton": false,
  "energy": "0.1-0.8nm"
}
