{
  "time_tag": "2026-02-14T10:00:00Z",
  "satellite": 18,
  "flux": 5.251390575722326E-7,
  "observed_flux": 5.44264992186072E-7,
  "electron_correction": 1.9125945271980527E-8,
  "electron_contaminaton": false,
  "energy": "0.1-0.8nm"
}
