{
    "time_tag": "2026-04-26T23:02:00Z",
    "satellite": 18,
    "flux": 3.1860163289820775e-05,
    "observed_flux": 3.188796836184338e-05,
    "electron_correction": 2.780620000919498e-08,
    "electron_contaminaton": false,
    "energy": "0.1-0.8nm"
}