{
  "time_tag": "2026-01-10T16:19:00Z",
  "satellite": 18,
  "flux": 5.261334763417835E-7,
  "observed_flux": 6.37283278592804E-7,
  "electron_correction": 1.1114979514559309E-7,
  "electron_contaminaton": false,
  "energy": "0.1-0.8nm"
}
