{
  "time_tag": "2026-02-24T07:31:00Z",
  "satellite": 18,
  "flux": 0.0000010439158586450503,
  "observed_flux": 0.0000010572333621894359,
  "electron_correction": 1.3317592362227515E-8,
  "electron_contaminaton": false,
  "energy": "0.1-0.8nm"
}
