{
  "time_tag": "2026-04-19T04:07:00Z",
  "satellite": 18,
  "flux": 2.7328820806360454E-7,
  "observed_flux": 2.827322873599769E-7,
  "electron_correction": 9.444067750052909E-9,
  "electron_contaminaton": false,
  "energy": "0.1-0.8nm"
}
