{
  "time_tag": "2026-02-07T21:49:00Z",
  "satellite": 18,
  "flux": 0.0000024900200514821336,
  "observed_flux": 0.0000025355977868457558,
  "electron_correction": 4.5577586149647686E-8,
  "electron_contaminaton": false,
  "energy": "0.1-0.8nm"
}
