{
    "time_tag": "2026-06-28T23:44:00Z",
    "satellite": 18,
    "flux": 2.3397194581775693e-06,
    "observed_flux": 2.3757515918987337e-06,
    "electron_correction": 3.6032169248301216e-08,
    "electron_contaminaton": false,
    "energy": "0.1-0.8nm"
}