{
  "time_tag": "2026-03-08T05:22:00Z",
  "satellite": 18,
  "flux": 7.170590947680466E-7,
  "observed_flux": 7.265390422617202E-7,
  "electron_correction": 9.479937723710918E-9,
  "electron_contaminaton": false,
  "energy": "0.1-0.8nm"
}
