{
    "time_tag": "2026-05-01T01:54:00Z",
    "satellite": 18,
    "flux": 1.0632743396854494e-06,
    "observed_flux": 1.0743370921773021e-06,
    "electron_correction": 1.1062802229844237e-08,
    "electron_contaminaton": false,
    "energy": "0.1-0.8nm"
}