{
    "time_tag": "2026-06-12T03:45:00Z",
    "satellite": 18,
    "flux": 8.034131724343752e-07,
    "observed_flux": 8.077627171587665e-07,
    "electron_correction": 4.349577586992837e-09,
    "electron_contaminaton": false,
    "energy": "0.1-0.8nm"
}