{
    "time_tag": "2026-06-26T19:01:00Z",
    "satellite": 18,
    "flux": 1.1879690191562986e-06,
    "observed_flux": 1.25358633340511e-06,
    "electron_correction": 6.561729293252938e-08,
    "electron_contaminaton": false,
    "energy": "0.1-0.8nm"
}