{
  "time_tag": "2026-05-18T20:37:00Z",
  "satellite": 18,
  "flux": 4.7927193236319E-7,
  "observed_flux": 5.271319309940736E-7,
  "electron_correction": 4.785999507816996E-8,
  "electron_contaminaton": false,
  "energy": "0.1-0.8nm"
}
