{
  "time_tag": "2026-05-15T12:43:00Z",
  "satellite": 18,
  "flux": 4.2140018763348053E-7,
  "observed_flux": 4.2218908902214025E-7,
  "electron_correction": 7.889116582227018E-10,
  "electron_contaminaton": false,
  "energy": "0.1-0.8nm"
}
