{
    "time_tag": "2026-05-29T06:30:00Z",
    "satellite": 19,
    "flux": 3.875386028084904e-06,
    "observed_flux": 3.877143171848729e-06,
    "electron_correction": 1.7572726607184563e-09,
    "electron_contaminaton": false,
    "energy": "0.1-0.8nm"
}