{
  "time_tag": "2026-01-10T10:18:00Z",
  "satellite": 18,
  "flux": 4.0723878669268743E-7,
  "observed_flux": 4.0889051433623536E-7,
  "electron_correction": 1.6517401890681072E-9,
  "electron_contaminaton": false,
  "energy": "0.1-0.8nm"
}
