{
    "time_tag": "2026-05-14T12:59:00Z",
    "satellite": 18,
    "flux": 6.67546373733785e-07,
    "observed_flux": 6.743593417013471e-07,
    "electron_correction": 6.812943542655603e-09,
    "electron_contaminaton": false,
    "energy": "0.1-0.8nm"
}