{
  "time_tag": "2026-03-06T22:22:00Z",
  "satellite": 18,
  "flux": 6.876321094750892E-7,
  "observed_flux": 7.030010351627425E-7,
  "electron_correction": 1.5368895489586976E-8,
  "electron_contaminaton": false,
  "energy": "0.1-0.8nm"
}
