{
  "time_tag": "2026-03-05T10:43:00Z",
  "satellite": 18,
  "flux": 7.359780624938139E-7,
  "observed_flux": 7.453789407918521E-7,
  "electron_correction": 9.400864975361856E-9,
  "electron_contaminaton": false,
  "energy": "0.1-0.8nm"
}
