{
    "time_tag": "2026-05-02T21:01:00Z",
    "satellite": 18,
    "flux": 1.4119763136477559e-06,
    "observed_flux": 1.4553870641975664e-06,
    "electron_correction": 4.341075410252415e-08,
    "electron_contaminaton": false,
    "energy": "0.1-0.8nm"
}