{
  "time_tag": "2026-05-24T06:22:00Z",
  "satellite": 18,
  "flux": 8.346155482286122E-7,
  "observed_flux": 8.419616506216698E-7,
  "electron_correction": 7.346099284433194E-9,
  "electron_contaminaton": false,
  "energy": "0.1-0.8nm"
}
