{
    "time_tag": "2026-05-29T20:33:00Z",
    "satellite": 18,
    "flux": 8.871731438375718e-07,
    "observed_flux": 9.348680691800837e-07,
    "electron_correction": 4.769493600065289e-08,
    "electron_contaminaton": false,
    "energy": "0.1-0.8nm"
}