{
    "time_tag": "2026-06-26T02:09:00Z",
    "satellite": 18,
    "flux": 1.187357952403545e-06,
    "observed_flux": 1.2106099802622339e-06,
    "electron_correction": 2.325209536024886e-08,
    "electron_contaminaton": false,
    "energy": "0.1-0.8nm"
}