{
    "time_tag": "2026-06-18T14:37:00Z",
    "satellite": 18,
    "flux": 3.9905501125758747e-07,
    "observed_flux": 4.0991497485265427e-07,
    "electron_correction": 1.0859950272390506e-08,
    "electron_contaminaton": false,
    "energy": "0.1-0.8nm"
}