{
    "time_tag": "2026-05-16T15:32:00Z",
    "satellite": 18,
    "flux": 6.290407554843114e-07,
    "observed_flux": 7.038643161649816e-07,
    "electron_correction": 7.482352515353341e-08,
    "electron_contaminaton": false,
    "energy": "0.1-0.8nm"
}