{
  "time_tag": "2026-06-19T15:06:00Z",
  "satellite": 18,
  "flux": 8.878267294676334E-7,
  "observed_flux": 9.037375434672867E-7,
  "electron_correction": 1.5910815776010168E-8,
  "electron_contaminaton": false,
  "energy": "0.1-0.8nm"
}
