{
    "time_tag": "2026-05-23T22:22:00Z",
    "satellite": 18,
    "flux": 1.5100346217877814e-06,
    "observed_flux": 1.5415993175338372e-06,
    "electron_correction": 3.156468508791477e-08,
    "electron_contaminaton": false,
    "energy": "0.1-0.8nm"
}