{
  "time_tag": "2026-06-10T00:29:00Z",
  "satellite": 18,
  "flux": 7.436227065227285E-7,
  "observed_flux": 7.709790565968433E-7,
  "electron_correction": 2.735632698147583E-8,
  "electron_contaminaton": false,
  "energy": "0.1-0.8nm"
}
