{
  "time_tag": "2026-02-07T17:37:00Z",
  "satellite": 18,
  "flux": 0.0000027141929876961512,
  "observed_flux": 0.000002777043391688494,
  "electron_correction": 6.285031872721447E-8,
  "electron_contaminaton": false,
  "energy": "0.1-0.8nm"
}
