{
  "time_tag": "2026-04-28T22:14:00Z",
  "satellite": 18,
  "flux": 9.410377401763981E-7,
  "observed_flux": 9.526881399324338E-7,
  "electron_correction": 1.1650400644214187E-8,
  "electron_contaminaton": false,
  "energy": "0.1-0.8nm"
}
