{
    "time_tag": "2026-05-16T16:24:00Z",
    "satellite": 18,
    "flux": 1.2449554560589604e-05,
    "observed_flux": 1.2526514183264226e-05,
    "electron_correction": 7.695890502645852e-08,
    "electron_contaminaton": false,
    "energy": "0.1-0.8nm"
}