{
  "time_tag": "2026-06-18T09:05:00Z",
  "satellite": 18,
  "flux": 4.708318783741561E-7,
  "observed_flux": 4.770732289216539E-7,
  "electron_correction": 6.24134743887339E-9,
  "electron_contaminaton": false,
  "energy": "0.1-0.8nm"
}
