{
  "time_tag": "2026-05-26T08:50:00Z",
  "satellite": 18,
  "flux": 0.0000024678840873093577,
  "observed_flux": 0.000002471538209647406,
  "electron_correction": 3.654111901951751E-9,
  "electron_contaminaton": false,
  "energy": "0.1-0.8nm"
}
