{
  "time_tag": "2026-07-01T00:05:00Z",
  "satellite": 18,
  "flux": 0.000002229011897725286,
  "observed_flux": 0.000002238336037407862,
  "electron_correction": 9.324361727180985E-9,
  "electron_contaminaton": false,
  "energy": "0.1-0.8nm"
}
