{
  "time_tag": "2026-03-12T01:32:00Z",
  "satellite": 18,
  "flux": 5.893900265618868E-7,
  "observed_flux": 6.277612669691734E-7,
  "electron_correction": 3.8371215538290926E-8,
  "electron_contaminaton": false,
  "energy": "0.1-0.8nm"
}
