{
  "time_tag": "2026-06-14T12:29:00Z",
  "satellite": 18,
  "flux": 9.88359374787251E-7,
  "observed_flux": 0.0000010108476544701261,
  "electron_correction": 2.248823349759732E-8,
  "electron_contaminaton": false,
  "energy": "0.1-0.8nm"
}
