{
  "time_tag": "2026-05-13T20:17:00Z",
  "satellite": 18,
  "flux": 8.375428706131061E-7,
  "observed_flux": 8.438956342615711E-7,
  "electron_correction": 6.3527827443010665E-9,
  "electron_contaminaton": false,
  "energy": "0.1-0.8nm"
}
