{
    "time_tag": "2026-06-26T08:50:00Z",
    "satellite": 18,
    "flux": 1.24360224162956e-06,
    "observed_flux": 1.2707813539236668e-06,
    "electron_correction": 2.717909275418151e-08,
    "electron_contaminaton": false,
    "energy": "0.1-0.8nm"
}