{
  "time_tag": "2026-02-08T04:08:00Z",
  "satellite": 18,
  "flux": 0.000001976858357011224,
  "observed_flux": 0.0000020178865725029027,
  "electron_correction": 4.1028222597105923E-8,
  "electron_contaminaton": false,
  "energy": "0.1-0.8nm"
}
