{
    "time_tag": "2026-05-08T08:41:00Z",
    "satellite": 18,
    "flux": 6.999956667641527e-07,
    "observed_flux": 7.01323187968228e-07,
    "electron_correction": 1.3274980004140957e-09,
    "electron_contaminaton": false,
    "energy": "0.1-0.8nm"
}