{
  "time_tag": "2026-05-04T11:52:00Z",
  "satellite": 18,
  "flux": 0.0000011008943374690716,
  "observed_flux": 0.000001104231841964065,
  "electron_correction": 3.337533138747517E-9,
  "electron_contaminaton": false,
  "energy": "0.1-0.8nm"
}
