{
  "time_tag": "2026-04-18T21:13:00Z",
  "satellite": 18,
  "flux": 3.281762701590196E-7,
  "observed_flux": 3.6944524595128314E-7,
  "electron_correction": 4.12689615814088E-8,
  "electron_contaminaton": false,
  "energy": "0.1-0.8nm"
}
