{
  "time_tag": "2025-12-26T10:19:00Z",
  "satellite": 18,
  "flux": 0.0000023442159999831347,
  "observed_flux": 0.0000023595507627760526,
  "electron_correction": 1.533482318905044E-8,
  "electron_contaminaton": false,
  "energy": "0.1-0.8nm"
}
