{
  "time_tag": "2026-03-13T19:55:00Z",
  "satellite": 18,
  "flux": 0.0000011383291393940453,
  "observed_flux": 0.0000011837734064101824,
  "electron_correction": 4.5444309648701164E-8,
  "electron_contaminaton": false,
  "energy": "0.1-0.8nm"
}
