{
  "time_tag": "2026-03-03T11:55:00Z",
  "satellite": 18,
  "flux": 7.353415298894106E-7,
  "observed_flux": 7.368433330157131E-7,
  "electron_correction": 1.501784696600339E-9,
  "electron_contaminaton": false,
  "energy": "0.1-0.8nm"
}
