{
  "time_tag": "2026-02-23T16:00:00Z",
  "satellite": 18,
  "flux": 3.878516281474731E-7,
  "observed_flux": 4.409617986311787E-7,
  "electron_correction": 5.311016337827823E-8,
  "electron_contaminaton": false,
  "energy": "0.1-0.8nm"
}
