{
  "time_tag": "2026-05-19T22:05:00Z",
  "satellite": 18,
  "flux": 0.0000012591906397574348,
  "observed_flux": 0.0000013038589941061218,
  "electron_correction": 4.4668425402960565E-8,
  "electron_contaminaton": false,
  "energy": "0.1-0.8nm"
}
