{
  "time_tag": "2026-03-08T20:21:00Z",
  "satellite": 18,
  "flux": 9.010431654132844E-7,
  "observed_flux": 9.601784540791414E-7,
  "electron_correction": 5.9135221164297036E-8,
  "electron_contaminaton": false,
  "energy": "0.1-0.8nm"
}
