{
    "time_tag": "2026-06-07T00:30:00Z",
    "satellite": 18,
    "flux": 9.339460120827425e-07,
    "observed_flux": 9.81139578470902e-07,
    "electron_correction": 4.719358415172792e-08,
    "electron_contaminaton": false,
    "energy": "0.1-0.8nm"
}