{
  "time_tag": "2025-12-14T15:18:00Z",
  "satellite": 18,
  "flux": 8.421204142905481E-7,
  "observed_flux": 8.865536074154079E-7,
  "electron_correction": 4.443317891400511E-8,
  "electron_contaminaton": false,
  "energy": "0.1-0.8nm"
}
