{
  "time_tag": "2026-01-22T20:20:00Z",
  "satellite": 18,
  "flux": 0.0000019235799300076906,
  "observed_flux": 0.0000020006161776109366,
  "electron_correction": 7.703631155209223E-8,
  "electron_contaminaton": false,
  "energy": "0.1-0.8nm"
}
