{
    "time_tag": "2026-06-21T12:53:00Z",
    "satellite": 18,
    "flux": 5.521567345567746e-07,
    "observed_flux": 5.605817818832293e-07,
    "electron_correction": 8.425064201844634e-09,
    "electron_contaminaton": false,
    "energy": "0.1-0.8nm"
}