{
  "time_tag": "2026-03-09T12:20:00Z",
  "satellite": 18,
  "flux": 8.204070809370023E-7,
  "observed_flux": 8.510693874086428E-7,
  "electron_correction": 3.066227094450369E-8,
  "electron_contaminaton": false,
  "energy": "0.1-0.8nm"
}
