{
  "time_tag": "2026-05-11T13:29:00Z",
  "satellite": 18,
  "flux": 6.523879960695922E-7,
  "observed_flux": 6.633795237576123E-7,
  "electron_correction": 1.0991540122518018E-8,
  "electron_contaminaton": false,
  "energy": "0.1-0.8nm"
}
