{
  "time_tag": "2026-03-04T07:55:00Z",
  "satellite": 18,
  "flux": 5.413515395957802E-7,
  "observed_flux": 5.424236633189139E-7,
  "electron_correction": 1.0721035170746518E-9,
  "electron_contaminaton": false,
  "energy": "0.1-0.8nm"
}
