{
  "time_tag": "2026-03-19T23:41:00Z",
  "satellite": 18,
  "flux": 2.640064167280798E-7,
  "observed_flux": 2.8335406909718586E-7,
  "electron_correction": 1.9347652369106072E-8,
  "electron_contaminaton": false,
  "energy": "0.1-0.8nm"
}
