{
  "time_tag": "2026-04-26T23:56:00Z",
  "satellite": 18,
  "flux": 0.000002259293751194491,
  "observed_flux": 0.000002276603026984958,
  "electron_correction": 1.7309314870317394E-8,
  "electron_contaminaton": false,
  "energy": "0.1-0.8nm"
}
