{
  "time_tag": "2026-04-18T23:55:00Z",
  "satellite": 18,
  "flux": 4.1182008203577425E-7,
  "observed_flux": 4.42741395545454E-7,
  "electron_correction": 3.0921320615107106E-8,
  "electron_contaminaton": false,
  "energy": "0.1-0.8nm"
}
