{
  "time_tag": "2026-02-12T15:43:00Z",
  "satellite": 18,
  "flux": 6.80356095017487E-7,
  "observed_flux": 7.282392857632658E-7,
  "electron_correction": 4.788317653492413E-8,
  "electron_contaminaton": false,
  "energy": "0.1-0.8nm"
}
