{
  "time_tag": "2026-02-27T12:30:00Z",
  "satellite": 18,
  "flux": 9.56039230004535E-7,
  "observed_flux": 0.000001000132215267513,
  "electron_correction": 4.409301368468732E-8,
  "electron_contaminaton": false,
  "energy": "0.1-0.8nm"
}
