{
  "time_tag": "2026-02-28T20:21:00Z",
  "satellite": 18,
  "flux": 0.0000010000330803450197,
  "observed_flux": 0.0000010540568382566562,
  "electron_correction": 5.402376501706385E-8,
  "electron_contaminaton": false,
  "energy": "0.1-0.8nm"
}
