{
  "time_tag": "2026-02-06T09:26:00Z",
  "satellite": 18,
  "flux": 0.0000020721540749946143,
  "observed_flux": 0.000002077547378576128,
  "electron_correction": 5.393249402629863E-9,
  "electron_contaminaton": false,
  "energy": "0.1-0.8nm"
}
