{
  "time_tag": "2026-01-27T01:49:00Z",
  "satellite": 18,
  "flux": 0.0000013214988712206832,
  "observed_flux": 0.0000013629695558847743,
  "electron_correction": 4.147070242765949E-8,
  "electron_contaminaton": false,
  "energy": "0.1-0.8nm"
}
