{
    "time_tag": "2026-05-26T04:48:00Z",
    "satellite": 18,
    "flux": 1.4948961961636087e-06,
    "observed_flux": 1.499103632340848e-06,
    "electron_correction": 4.207408643708277e-09,
    "electron_contaminaton": false,
    "energy": "0.1-0.8nm"
}