{
  "time_tag": "2026-01-10T17:17:00Z",
  "satellite": 18,
  "flux": 5.631005706163705E-7,
  "observed_flux": 6.089892963245802E-7,
  "electron_correction": 4.588871149735496E-8,
  "electron_contaminaton": false,
  "energy": "0.1-0.8nm"
}
