{
  "time_tag": "2026-04-18T00:55:00Z",
  "satellite": 18,
  "flux": 3.387261529042007E-7,
  "observed_flux": 3.4127867820643587E-7,
  "electron_correction": 2.552542177625128E-9,
  "electron_contaminaton": false,
  "energy": "0.1-0.8nm"
}
