{
    "time_tag": "2026-07-01T01:25:00Z",
    "satellite": 18,
    "flux": 2.101292693623691e-06,
    "observed_flux": 2.105581415889901e-06,
    "electron_correction": 4.288796429108288e-09,
    "electron_contaminaton": false,
    "energy": "0.1-0.8nm"
}