{
  "time_tag": "2025-12-06T14:21:00Z",
  "satellite": 18,
  "flux": 0.0000013147061963536544,
  "observed_flux": 0.0000013527233022614382,
  "electron_correction": 3.801716630391638E-8,
  "electron_contaminaton": false,
  "energy": "0.1-0.8nm"
}
