{
  "time_tag": "2026-05-17T14:25:00Z",
  "satellite": 18,
  "flux": 4.814337444258854E-7,
  "observed_flux": 5.378543619372067E-7,
  "electron_correction": 5.642062461674868E-8,
  "electron_contaminaton": false,
  "energy": "0.1-0.8nm"
}
