{
    "time_tag": "2026-06-06T06:00:00Z",
    "satellite": 18,
    "flux": 1.216565351569443e-06,
    "observed_flux": 1.2275557992325048e-06,
    "electron_correction": 1.0990444110348108e-08,
    "electron_contaminaton": false,
    "energy": "0.1-0.8nm"
}