{
  "time_tag": "2026-02-23T17:39:00Z",
  "satellite": 18,
  "flux": 3.902512730746821E-7,
  "observed_flux": 4.604767127602827E-7,
  "electron_correction": 7.022542547474586E-8,
  "electron_contaminaton": false,
  "energy": "0.1-0.8nm"
}
