{
  "time_tag": "2026-03-11T04:18:00Z",
  "satellite": 18,
  "flux": 6.001449719406082E-7,
  "observed_flux": 6.437454089791572E-7,
  "electron_correction": 4.360042638040795E-8,
  "electron_contaminaton": false,
  "energy": "0.1-0.8nm"
}
