{
    "time_tag": "2026-05-12T16:31:00Z",
    "satellite": 18,
    "flux": 9.193695973408467e-07,
    "observed_flux": 9.303187766818155e-07,
    "electron_correction": 1.0949204209964591e-08,
    "electron_contaminaton": false,
    "energy": "0.1-0.8nm"
}