storm,station,max_chi,mean_chi,violations,total_obs
2024 May G5 Storm,BOU,0.009887497554369197,0.0011459735049083408,0,4320
