{
  "timestamp": "20251228_202748",
  "analysis": {
    "data_points": 573,
    "chi_mean": 0.13477870855148338,
    "chi_std": 0.020759746769679916,
    "chi_min": 0.0399,
    "chi_max": 0.15,
    "sampling_rate_hz": 0.0002777777777777778,
    "frequency_resolution_hz": 4.847779716889665e-07
  },
  "peaks": {
    "total_detected": 6,
    "frequencies_hz": [
      1.0665115377157263e-05,
      2.3754120612759357e-05,
      3.781268179173938e-05,
      9.695559433779329e-05,
      0.00011101415551677332,
      0.00012361838278068644
    ],
    "power": [
      0.333636382697324,
      0.16468170671644147,
      0.16386565015267165,
      0.10942921442988456,
      0.09152815705168141,
      0.053944862875436234
    ],
    "zscore": [
      1.8443962049269786,
      1.3675703085237958,
      1.3642153632134535,
      1.091527862090883,
      0.9708883157848087,
      0.6138386828019152
    ]
  },
  "sideband_triplets": []
}