{
  "fine_structure_constant": 0.0072973525693,
  "pi": 3.141592653589793,
  "e": 2.718281828459045,
  "golden_ratio": 1.618033988749895,
  "chi_boundary": 0.15,
  "sqrt_2": 1.4142135623730951,
  "sqrt_3": 1.7320508075688772,
  "sqrt_5": 2.23606797749979,
  "electron_charge": 1.602176634e-19,
  "planck_constant": 6.62607015e-34,
  "speed_of_light": 299792458,
  "gravitational_constant": 6.67430e-11,
  "boltzmann_constant": 1.380649e-23,
  "avogadro_number": 6.02214076e23,
  "proton_mass": 1.67262192369e-27,
  "electron_mass": 9.1093837015e-31,
  "fine_structure_inverse": 137.035999084,
  "rydberg_constant": 10973731.568160
}
