{
  "analysis_date": "2025-12-28T13:29:08.159593",
  "dataset_period": "December 2-27, 2025",
  "total_observations": 561,
  "at_boundary_count": 315,
  "at_boundary_pct": 56.14973262032086,
  "below_count": 246,
  "below_pct": 43.85026737967914,
  "violations_count": 0,
  "violations_pct": 0.0,
  "chi_mean": 0.13490320855614973,
  "chi_std": 0.020889484462651424,
  "chi_max": 0.15,
  "chi_min": 0.0399,
  "validation_status": "CONFIRMED",
  "attractor_state": true
}