{
  "Newton_Gravity": {
    "original": 1.986117532348633e+20,
    "fixed": 1.5017901945925396e+20,
    "change_pct": -24.385633270321332
  },
  "Einstein_Energy": {
    "original": 8.987551787368176e+16,
    "fixed": 8.962704563226845e+16,
    "change_pct": -0.27646265333628983
  },
  "Schroedinger_H": {
    "original": -13.6,
    "fixed": -15.639999999999999,
    "change_pct": 15.0
  },
  "Planck_Photon": {
    "original": 3.313035075e-19,
    "fixed": 3.8099903362499997e-19,
    "change_pct": 15.0
  },
  "Gravity_Control": {
    "F_per_pack": 1.5999999999999998e-17,
    "F_total": 1439.9999999999998,
    "equivalentKG_lift": 146.93877551020404,
    "element_119_binding_mev_per_nucleon": 8.5
  }
}