B_nT,T_ci_seconds,ratio_6h_to_Tci,log2_ratio,nearest_power,power_of_2,error_percent,match
3,21.87217856619111,987.5559462278792,9.947718670670026,10,1024.0,3.558989626183673,True
5,13.123307139714667,1645.9265770464651,10.684684264836232,11,2048.0,19.63249135515307,False
7,9.373790814081906,2304.2972078650514,11.170111092006474,11,2048.0,12.514512102785712,False
10,6.5616535698573335,3291.8531540929303,11.684684264836232,12,4096.0,19.63249135515307,False
15,4.374435713238222,4937.779731139396,12.269646765557388,12,4096.0,20.55126296727041,False
