chi_mean,chi_max,chi_at_boundary,A_mean,A_at_boundary,A_predicted,A_IC_parker,ratio_A_to_chi,predicted_ratio,match
0.13479416909278635,0.15,0.14950405107562686,0.40438250727835917,0.4485121532268807,0.44999999999999996,0.43,3.0,3.0,True
