environment,location,B_min_nT,B_max_nT,B_range_orders,observations,chi_mean,chi_max,chi_std,violations,violation_rate,at_boundary,attractor_fraction
Earth Solar Wind,1 AU,3,15,0.6989700043360189,573,0.13477870855148338,0.15,0.02077788547717672,0,0.0,317,0.5532286212914486
Earth Magnetosphere,Ground,10000,60000,0.7781512503836436,1438,0.0001197908364578535,0.0004041724489505,9.485963087589289e-05,0,0.0,0,0.0
