{
  "frequencies": [
    0.0,
    0.03225806451612903,
    0.06451612903225806,
    0.0967741935483871,
    0.12903225806451613,
    0.16129032258064516,
    0.1935483870967742,
    0.22580645161290322,
    0.25806451612903225,
    0.29032258064516125,
    0.3225806451612903,
    0.3548387096774194,
    0.3870967741935484,
    0.4193548387096774,
    0.45161290322580644
  ],
  "power": [
    20.97634286243813,
    595.1632626383797,
    3303.89128696536,
    1167.0225755686492,
    188.50641992297213,
    103.04910321835791,
    8.731197120475246,
    7.715877885460319,
    8.427967368316226,
    3.848753489552411,
    1.9434926844729388,
    4.789407092156615,
    1.0133433892585497,
    0.7943898663641125,
    0.476791934208652
  ],
  "bands": [
    {
      "freq_start": 0.03225806451612903,
      "freq_end": 0.0967741935483871,
      "freq_center": 0.06451612903225806,
      "power_peak": 3303.89128696536,
      "power_mean": 1688.692375057463
    }
  ],
  "gaps": [],
  "chi_matches": {
    "band_matches": [],
    "gap_matches": [],
    "num_band_matches": 0,
    "num_gap_matches": 0
  },
  "reference_freq": 0.06451612903225806,
  "num_bands": 1,
  "num_gaps": 0
}