{
  "frequencies": [
    0.0,
    0.03225806451612903,
    0.06451612903225806,
    0.0967741935483871,
    0.12903225806451613,
    0.16129032258064516,
    0.1935483870967742,
    0.22580645161290322,
    0.25806451612903225,
    0.29032258064516125,
    0.3225806451612903,
    0.3548387096774194,
    0.3870967741935484,
    0.4193548387096774,
    0.45161290322580644
  ],
  "power": [
    17.75437659876762,
    464.49993374911276,
    3878.3837361990786,
    1055.5885933616646,
    227.0602670610141,
    92.05729512259735,
    8.548260207005809,
    7.6598227957645815,
    8.638576766132608,
    4.167041976640747,
    1.9183089475704909,
    5.405984286563202,
    0.8341602402578001,
    0.9474500861324041,
    0.40782932597153543
  ],
  "bands": [
    {
      "freq_start": 0.03225806451612903,
      "freq_end": 0.0967741935483871,
      "freq_center": 0.06451612903225806,
      "power_peak": 3878.3837361990786,
      "power_mean": 1799.4907544366188
    }
  ],
  "gaps": [],
  "chi_matches": {
    "band_matches": [],
    "gap_matches": [],
    "num_band_matches": 0,
    "num_gap_matches": 0
  },
  "reference_freq": 0.06451612903225806,
  "num_bands": 1,
  "num_gaps": 0
}