mode,bounded_density_J_m3
0.15,1.4023737165203465e+64
0.3,2.2437979464325543e+65
0.45,1.1359227103814804e+66
0.6,3.590076714292087e+66
