timestamp,Bx,By,Bz,B_total,B_baseline,delta_B,chi
2026-07-08 00:00:00,20181.83,905.74,44676.17,49031.66,49020.445,11.215000000003783,0.00022878209285949534
2026-07-08 00:01:00,20182.06,905.5,44676.2,49031.79,49020.44,11.349999999998545,0.00023153606944365543
2026-07-08 00:02:00,20182.13,905.66,44676.26,49031.87,49020.43,11.440000000002328,0.00023337208588342307
2026-07-08 00:03:00,20182.2,905.86,44676.21,49031.84,49020.42,11.419999999998254,0.00023296414025008872
2026-07-08 00:04:00,20181.97,905.89,44676.17,49031.71,49020.41,11.299999999995634,0.00023051622783235866
2026-07-08 00:05:00,20182.01,905.97,44676.14,49031.7,49020.4,11.299999999995634,0.00023051627485690926
2026-07-08 00:06:00,20182.09,906.45,44675.99,49031.63,49020.39,11.239999999997963,0.00022929234141135887
2026-07-08 00:07:00,20182.15,906.22,44676.0,49031.66,49020.38,11.280000000006112,0.00023010837533299645
2026-07-08 00:08:00,20182.22,906.1,44676.07,49031.74,49020.345,11.394999999996799,0.00023245450434909829
2026-07-08 00:09:00,20182.37,906.17,44676.12,49031.84,49020.31,11.529999999998836,0.00023520863087154767
2026-07-08 00:10:00,20182.48,906.7,44676.0,49031.78,49020.305,11.474999999998545,0.00023408667081933793
2026-07-08 00:11:00,20182.83,907.05,44675.85,49031.79,49020.3,11.489999999997963,0.00023439269037517032
2026-07-08 00:12:00,20183.29,907.06,44675.87,49032.0,49020.3,11.69999999999709,0.00023867662988592662
2026-07-08 00:13:00,20183.14,907.25,44675.8,49031.88,49020.3,11.57999999999447,0.00023622866445114512
2026-07-08 00:14:00,20182.9,907.05,44675.79,49031.77,49020.275,11.494999999995343,0.00023449480852556098
2026-07-08 00:15:00,20182.98,907.06,44675.88,49031.89,49020.25,11.639999999999418,0.00023745288936713742
2026-07-08 00:16:00,20182.63,907.5,44675.75,49031.63,49020.25,11.37999999999738,0.00023214895884858565
2026-07-08 00:17:00,20182.53,907.39,44675.77,49031.6,49020.25,11.349999999998545,0.00023153696686570438
2026-07-08 00:18:00,20182.52,907.93,44675.7,49031.55,49020.235,11.315000000002328,0.00023082304684998609
2026-07-08 00:19:00,20182.41,908.29,44675.54,49031.37,49020.22,11.150000000001455,0.00022745715951502166
2026-07-08 00:20:00,20182.42,908.19,44675.64,49031.45,49020.215,11.235000000000582,0.0002291911612382888
2026-07-08 00:21:00,20182.19,908.39,44675.52,49031.25,49020.21,11.040000000000873,0.00022521323348065773
2026-07-08 00:22:00,20182.18,908.06,44675.72,49031.43,49020.18,11.25,0.0002294973213072657
2026-07-08 00:23:00,20182.4,907.77,44675.78,49031.59,49020.15,11.439999999995052,0.00023337341888988615
2026-07-08 00:24:00,20182.11,907.96,44675.79,49031.48,49020.145000000004,11.334999999999127,0.00023123146616557593
2026-07-08 00:25:00,20182.01,908.0,44675.82,49031.45,49020.14,11.309999999997672,0.00023072149528739966
2026-07-08 00:26:00,20181.72,908.2,44675.7,49031.23,49020.14,11.090000000003783,0.00022623354400872343
2026-07-08 00:27:00,20181.9,908.33,44675.68,49031.28,49020.14,11.139999999999418,0.00022725353293563458
2026-07-08 00:28:00,20182.64,907.73,44675.84,49031.73,49020.119999999995,11.610000000007858,0.0002368415254799021
2026-07-08 00:29:00,20183.11,907.71,44675.82,49031.9,49020.1,11.80000000000291,0.0002407175831955241
2026-07-08 00:30:00,20183.86,907.32,44675.9,49032.26,49020.1,12.160000000003492,0.0002480615094625162
2026-07-08 00:31:00,20183.89,906.54,44676.05,49032.39,49020.1,12.290000000000873,0.0002507134828366501
2026-07-08 00:32:00,20183.46,905.81,44676.2,49032.34,49020.1,12.239999999997963,0.0002496934930772879
2026-07-08 00:33:00,20183.13,906.19,44676.2,49032.21,49020.1,12.110000000000582,0.0002470415197031541
2026-07-08 00:34:00,20182.37,906.65,44675.92,49031.67,49020.075,11.595000000001164,0.00023653574581436614
2026-07-08 00:35:00,20182.13,906.92,44675.8,49031.49,49020.05,11.439999999995052,0.00023337389496736645
2026-07-08 00:36:00,20181.9,907.47,44675.66,49031.26,49020.025,11.235000000000582,0.00022919204957566998
2026-07-08 00:37:00,20182.02,908.34,44675.41,49031.11,49020.0,11.110000000000582,0.00022664218686251699
2026-07-08 00:38:00,20182.24,908.82,44675.24,49031.07,49019.985,11.084999999999127,0.00022613226013837269
2026-07-08 00:39:00,20182.54,908.96,44675.17,49031.12,49019.97,11.150000000001455,0.00022745831953796493
2026-07-08 00:40:00,20182.59,909.51,44674.98,49030.97,49019.96,11.010000000002037,0.00022460238645649727
2026-07-08 00:41:00,20183.0,909.81,44674.86,49031.05,49019.95,11.10000000000582,0.00022643841945995093
2026-07-08 00:42:00,20183.07,909.83,44674.78,49031.01,49019.935,11.075000000004366,0.00022592849215333243
2026-07-08 00:43:00,20183.23,910.13,44674.69,49031.0,49019.92,11.080000000001746,0.00022603056063742548
2026-07-08 00:44:00,20183.53,910.67,44674.5,49030.95,49019.895000000004,11.054999999993015,0.0002255206788997205
2026-07-08 00:45:00,20183.99,911.38,44674.21,49030.88,49019.87,11.009999999994761,0.000224602798824125
2026-07-08 00:46:00,20184.38,911.39,44674.12,49030.95,49019.865000000005,11.084999999991851,0.00022613281370709303
2026-07-08 00:47:00,20184.74,911.2,44674.15,49031.13,49019.86,11.269999999996799,0.0002299068173592662
2026-07-08 00:48:00,20184.63,911.99,44673.93,49030.89,49019.82,11.069999999999709,0.00022582702262064017
2026-07-08 00:49:00,20184.97,912.24,44673.76,49030.88,49019.78,11.099999999998545,0.00022643920474548325
2026-07-08 00:50:00,20184.36,913.06,44673.57,49030.46,49019.774999999994,10.685000000004948,0.00021797325671129558
2026-07-08 00:51:00,20183.87,914.44,44673.16,49029.92,49019.77,10.150000000001455,0.00020705931504781552
2026-07-08 00:52:00,20183.88,915.83,44672.66,49029.5,49019.77,9.730000000003201,0.0001984913433907014
2026-07-08 00:53:00,20184.07,916.39,44672.45,49029.4,49019.77,9.630000000004657,0.00019645135013902874
2026-07-08 00:54:00,20184.46,916.52,44672.48,49029.59,49019.765,9.82499999999709,0.00020042935742342074
2026-07-08 00:55:00,20184.25,917.36,44672.25,49029.32,49019.76,9.559999999997672,0.00019502339464733551
2026-07-08 00:56:00,20184.38,917.15,44672.38,49029.47,49019.76,9.709999999999127,0.00019808338514915467
2026-07-08 00:57:00,20184.11,917.63,44672.34,49029.34,49019.76,9.57999999999447,0.00019543139338084212
2026-07-08 00:58:00,20183.68,918.75,44672.1,49028.95,49019.735,9.214999999996508,0.00018798551236550966
2026-07-08 00:59:00,20183.08,919.57,44671.78,49028.43,49019.71,8.720000000001164,0.00017788762928220433
2026-07-08 01:00:00,20182.54,920.07,44671.72,49028.16,49019.71,8.450000000004366,0.00017237964076091772
2026-07-08 01:01:00,20181.81,920.89,44671.66,49027.81,49019.71,8.099999999998545,0.00016523965564052797
2026-07-08 01:02:00,20181.34,921.9,44671.51,49027.49,49019.705,7.7849999999962165,0.00015881368523119869
2026-07-08 01:03:00,20180.71,922.89,44671.3,49027.07,49019.7,7.370000000002619,0.00015034771734634484
2026-07-08 01:04:00,20180.89,924.05,44671.09,49026.98,49019.69,7.290000000000873,0.00014871575075241954
2026-07-08 01:05:00,20181.19,924.71,44670.89,49026.94,49019.68,7.260000000002037,0.00014810378199127446
2026-07-08 01:06:00,20181.57,924.96,44670.72,49026.95,49019.655,7.294999999998254,0.0001488178568371861
2026-07-08 01:07:00,20182.13,925.38,44670.77,49027.23,49019.63,7.600000000005821,0.00015503992992207044
2026-07-08 01:08:00,20182.45,924.84,44670.86,49027.43,49019.63,7.80000000000291,0.0001591199280778519
2026-07-08 01:09:00,20182.56,923.94,44671.12,49027.71,49019.63,8.080000000001746,0.00016483192549600532
2026-07-08 01:10:00,20182.72,923.8,44671.42,49028.03,49019.63,8.400000000001455,0.0001713599225453447
2026-07-08 01:11:00,20182.78,923.92,44671.41,49028.06,49019.63,8.430000000000291,0.00017197192226869708
2026-07-08 01:12:00,20182.95,924.14,44671.33,49028.05,49019.604999999996,8.445000000006985,0.0001722780099922671
2026-07-08 01:13:00,20183.39,923.94,44671.4,49028.29,49019.58,8.709999999999127,0.00017768410092455151
2026-07-08 01:14:00,20183.75,922.9,44671.69,49028.69,49019.57,9.12000000000262,0.00018604814362922032
2026-07-08 01:15:00,20183.78,922.47,44671.93,49028.9,49019.56,9.340000000003783,0.0001905361859633947
2026-07-08 01:16:00,20183.65,922.41,44671.93,49028.85,49019.55,9.299999999995634,0.0001897202238697751
2026-07-08 01:17:00,20183.29,922.71,44671.79,49028.59,49019.54,9.049999999995634,0.00018462025551434458
2026-07-08 01:18:00,20183.13,923.07,44671.71,49028.46,49019.53,8.930000000000291,0.00018217228928960134
2026-07-08 01:19:00,20182.99,922.96,44671.72,49028.41,49019.52,8.890000000006694,0.00018135632499067096
2026-07-08 01:20:00,20182.88,922.08,44671.94,49028.55,49019.515,9.035000000003492,0.00018431434909144844
2026-07-08 01:21:00,20183.32,921.05,44672.37,49029.1,49019.51,9.589999999996508,0.00019563639049016417
2026-07-08 01:22:00,20183.48,920.52,44672.54,49029.31,49019.475000000006,9.834999999991851,0.00020063454371944722
2026-07-08 01:23:00,20183.91,920.17,44672.54,49029.47,49019.44,10.029999999998836,0.00020461270059386307
2026-07-08 01:24:00,20183.92,919.5,44672.7,49029.6,49019.44,10.159999999996217,0.00020726470967428874
2026-07-08 01:25:00,20183.89,919.1,44672.76,49029.64,49019.44,10.19999999999709,0.00020808071246830012
2026-07-08 01:26:00,20183.39,919.74,44672.45,49029.16,49019.43,9.730000000003201,0.00019849272013165394
2026-07-08 01:27:00,20182.81,920.47,44672.09,49028.61,49019.42,9.190000000002328,0.00018747671841083246
2026-07-08 01:28:00,20183.04,920.41,44672.05,49028.67,49019.405,9.264999999999418,0.0001890067821100525
2026-07-08 01:29:00,20183.14,920.83,44671.92,49028.6,49019.39,9.209999999999127,0.00018788483496018875
2026-07-08 01:30:00,20183.07,920.99,44671.8,49028.46,49019.354999999996,9.105000000003201,0.000185742958062243
2026-07-08 01:31:00,20182.93,921.16,44671.68,49028.3,49019.32,8.980000000003201,0.0001831930757098059
2026-07-08 01:32:00,20183.1,921.27,44671.64,49028.33,49019.305,9.025000000001455,0.0001841111374386368
2026-07-08 01:33:00,20183.37,921.49,44671.63,49028.44,49019.29,9.150000000001455,0.00018666121031131735
2026-07-08 01:34:00,20183.13,921.49,44671.52,49028.23,49019.265,8.965000000003783,0.0001828872791137073
2026-07-08 01:35:00,20183.15,921.54,44671.53,49028.26,49019.24,9.020000000004075,0.0001840093808064767
2026-07-08 01:36:00,20182.74,921.93,44671.37,49027.97,49019.205,8.764999999999418,0.00017880746943977198
2026-07-08 01:37:00,20182.88,921.69,44671.48,49028.12,49019.17,8.950000000004366,0.00018258163081921554
2026-07-08 01:38:00,20182.69,922.0,44671.39,49027.95,49019.149999999994,8.80000000000291,0.00017952167673252007
2026-07-08 01:39:00,20182.24,922.29,44671.28,49027.67,49019.13,8.540000000000873,0.0001742176982741406
2026-07-08 01:40:00,20182.25,922.06,44671.3,49027.68,49019.13,8.55000000000291,0.00017442170026279354
2026-07-08 01:41:00,20182.32,922.1,44671.21,49027.65,49019.13,8.520000000004075,0.00017380969429698314
2026-07-08 01:42:00,20181.93,921.98,44671.04,49027.33,49019.115,8.215000000003783,0.00016758768492666144
2026-07-08 01:43:00,20181.79,921.99,44670.97,49027.25,49019.1,8.150000000001455,0.0001662617224714745
2026-07-08 01:44:00,20181.46,922.51,44670.72,49026.91,49019.09,7.820000000006985,0.0001595296852717377
2026-07-08 01:45:00,20180.82,923.49,44670.29,49026.26,49019.08,7.180000000000291,0.00014647357722748553
2026-07-08 01:46:00,20180.68,923.83,44670.06,49026.0,49019.075,6.92500000000291,0.00014127153562165157
2026-07-08 01:47:00,20180.81,922.7,44670.31,49026.25,49019.07,7.180000000000291,0.00014647360710842312
2026-07-08 01:48:00,20181.01,922.62,44670.5,49026.51,49019.05,7.459999999999127,0.0001521857318736109
2026-07-08 01:49:00,20181.11,922.7,44670.31,49026.38,49019.03,7.349999999998545,0.00014994176751352578
2026-07-08 01:50:00,20181.79,922.76,44670.4,49026.73,49019.015,7.7150000000037835,0.0001573879034493815
2026-07-08 01:51:00,20181.63,922.38,44670.54,49026.79,49019.0,7.790000000000873,0.00015891797058285303
2026-07-08 01:52:00,20181.49,921.85,44670.75,49026.91,49018.990000000005,7.919999999998254,0.00016157003642870352
2026-07-08 01:53:00,20181.25,921.14,44670.91,49026.94,49018.98,7.959999999999127,0.00016238607984089278
2026-07-08 01:54:00,20181.04,920.5,44671.13,49027.04,49018.935,8.105000000003201,0.00016534426951550867
2026-07-08 01:55:00,20181.04,919.71,44671.36,49027.23,49018.89,8.340000000003783,0.00017013849150814683
2026-07-08 01:56:00,20180.82,919.58,44671.43,49027.2,49018.865,8.334999999999127,0.000170036576734266
2026-07-08 01:57:00,20180.48,919.36,44671.45,49027.07,49018.84,8.230000000003201,0.0001678946299015481
2026-07-08 01:58:00,20180.19,919.39,44671.51,49027.01,49018.835,8.17500000000291,0.0001667726293373335
2026-07-08 01:59:00,20180.0,919.58,44671.37,49026.79,49018.83,7.959999999999127,0.00016238657675018205
2026-07-08 02:00:00,20179.97,919.45,44671.39,49026.79,49018.795,7.995000000002619,0.00016310070453593605
2026-07-08 02:01:00,20179.77,919.01,44671.46,49026.76,49018.76,8.0,0.00016320282275602237
2026-07-08 02:02:00,20179.32,919.03,44671.41,49026.54,49018.76,7.779999999998836,0.000158714745130208
2026-07-08 02:03:00,20179.27,919.17,44671.29,49026.43,49018.76,7.669999999998254,0.00015647070631730084
2026-07-08 02:04:00,20179.53,919.12,44671.23,49026.48,49018.71000000001,7.769999999996799,0.00015851090328563924
2026-07-08 02:05:00,20179.73,919.0,44671.14,49026.47,49018.66,7.809999999997672,0.00015932708074838583
2026-07-08 02:06:00,20179.66,918.84,44670.84,49026.17,49018.655,7.514999999999418,0.00015330898001994175
2026-07-08 02:07:00,20180.22,918.26,44670.84,49026.39,49018.65,7.739999999997963,0.00015789908534808613
2026-07-08 02:08:00,20180.63,918.01,44670.74,49026.45,49018.635,7.814999999995052,0.00015942916403108843
2026-07-08 02:09:00,20180.54,918.29,44670.38,49026.11,49018.62,7.489999999997963,0.00015279907920700262
2026-07-08 02:10:00,20181.17,918.12,44670.22,49026.2,49018.59,7.610000000000582,0.00015524722355336173
2026-07-08 02:11:00,20181.76,917.57,44670.15,49026.37,49018.56,7.810000000004948,0.00015932740578272696
2026-07-08 02:12:00,20182.32,917.01,44670.12,49026.56,49018.56,8.0,0.00016320348863777312
2026-07-08 02:13:00,20182.55,917.16,44669.81,49026.39,49018.56,7.830000000001746,0.00015973541450425607
2026-07-08 02:14:00,20182.68,916.76,44669.69,49026.32,49018.55,7.769999999996799,0.00015851142067639288
2026-07-08 02:15:00,20182.68,916.78,44669.58,49026.23,49018.54,7.690000000002328,0.00015687941746127747
2026-07-08 02:16:00,20182.66,916.66,44669.61,49026.25,49018.535,7.7149999999965075,0.0001573894446253138
2026-07-08 02:17:00,20182.46,916.99,44669.51,49026.07,49018.53,7.540000000000873,0.00015381938218059322
2026-07-08 02:18:00,20182.19,918.02,44669.13,49025.63,49018.515,7.114999999997963,0.00014514923595702488
2026-07-08 02:19:00,20181.8,919.52,44668.57,49025.0,49018.5,6.5,0.0001326029968277283
2026-07-08 02:20:00,20181.58,920.51,44668.11,49024.51,49018.490000000005,6.019999999996799,0.00012281080057743103
2026-07-08 02:21:00,20181.69,921.32,44667.89,49024.37,49018.48,5.889999999999418,0.00012015876461284434
2026-07-08 02:22:00,20182.03,922.08,44667.59,49024.23,49018.46000000001,5.769999999996799,0.00011771075631500454
2026-07-08 02:23:00,20182.11,922.58,44667.28,49024.01,49018.44,5.569999999999709,0.0001136307071379609
2026-07-08 02:24:00,20182.66,922.62,44667.21,49024.16,49018.41,5.75,0.00011730286641284366
2026-07-08 02:25:00,20183.11,922.28,44667.29,49024.42,49018.38,6.040000000000873,0.00012321908639169375
2026-07-08 02:26:00,20182.8,922.6,44667.21,49024.21,49018.354999999996,5.855000000003201,0.00011944505277672419
2026-07-08 02:27:00,20182.87,923.28,44667.0,49024.07,49018.33,5.739999999997963,0.00011709905253806
2026-07-08 02:28:00,20183.38,922.81,44667.12,49024.37,49018.33,6.040000000000873,0.00012321921207843827
2026-07-08 02:29:00,20183.61,922.45,44667.31,49024.63,49018.33,6.299999999995634,0.00012852335034660778
2026-07-08 02:30:00,20183.47,922.3,44667.47,49024.71,49018.305,6.404999999998836,0.00013066547282691304
2026-07-08 02:31:00,20183.16,921.69,44667.71,49024.78,49018.28,6.5,0.00013260359196609918
2026-07-08 02:32:00,20182.96,921.34,44667.89,49024.85,49018.265,6.584999999999127,0.00013433768004638937
2026-07-08 02:33:00,20183.01,920.73,44668.19,49025.15,49018.25,6.900000000001455,0.0001407638991600364
2026-07-08 02:34:00,20182.59,921.14,44668.16,49024.97,49018.229999999996,6.740000000005239,0.00013749986484630798
2026-07-08 02:35:00,20182.09,921.35,44668.05,49024.67,49018.21,6.459999999999127,0.00013178775805969102
2026-07-08 02:36:00,20182.18,921.06,44668.22,49024.87,49018.18,6.690000000002328,0.00013647997538877063
2026-07-08 02:37:00,20182.55,921.1,44668.51,49025.28,49018.15,7.129999999997381,0.00014545632587107798
2026-07-08 02:38:00,20182.54,921.49,44668.48,49025.25,49018.15,7.099999999998545,0.0001448443076696804
2026-07-08 02:39:00,20182.61,921.7,44668.33,49025.17,49018.15,7.019999999996799,0.00014321225913252128
2026-07-08 02:40:00,20182.32,920.83,44668.56,49025.23,49018.125,7.105000000003201,0.00014494638462820032
2026-07-08 02:41:00,20181.54,920.59,44668.57,49024.9,49018.1,6.80000000000291,0.00013872426715851716
2026-07-08 02:42:00,20181.03,920.97,44668.72,49024.84,49018.075,6.764999999999418,0.0001380103155825564
2026-07-08 02:43:00,20180.97,921.61,44668.68,49024.79,49018.05,6.739999999997963,0.00013750036976170946
2026-07-08 02:44:00,20181.1,922.14,44668.56,49024.74,49018.04,6.69999999999709,0.0001366843717128855
2026-07-08 02:45:00,20180.85,922.72,44668.4,49024.51,49018.03,6.480000000003201,0.00013219625513312554
2026-07-08 02:46:00,20180.88,923.39,44668.26,49024.41,49018.0,6.4100000000034925,0.000130768289199957
2026-07-08 02:47:00,20180.87,923.7,44668.06,49024.25,49017.97,6.279999999998836,0.00012811628062114435
2026-07-08 02:48:00,20181.4,923.6,44668.13,49024.5,49017.97,6.529999999998836,0.000133216451028038
2026-07-08 02:49:00,20181.8,923.3,44668.18,49024.73,49017.97,6.760000000002037,0.00013790860780244545
2026-07-08 02:50:00,20181.83,923.18,44668.27,49024.81,49017.97,6.8399999999965075,0.0001395406623325386
2026-07-08 02:51:00,20182.03,923.28,44668.24,49024.86,49017.97,6.889999999999418,0.0001405606964139767
2026-07-08 02:52:00,20182.31,922.98,44668.34,49025.06,49017.945,7.114999999997963,0.0001451509238095959
2026-07-08 02:53:00,20182.42,922.81,44668.38,49025.14,49017.92,7.220000000001164,0.00014729307159506492
2026-07-08 02:54:00,20182.64,922.71,44668.33,49025.18,49017.92,7.260000000002037,0.00014810909969256218
2026-07-08 02:55:00,20182.9,922.49,44668.23,49025.2,49017.92,7.279999999998836,0.0001485171137412366
2026-07-08 02:56:00,20183.35,922.49,44668.36,49025.49,49017.92,7.569999999999709,0.00015443331744798044
2026-07-08 02:57:00,20183.71,922.51,44668.33,49025.63,49017.92,7.709999999999127,0.00015728941578914665
2026-07-08 02:58:00,20184.12,922.64,44668.22,49025.71,49017.915,7.794999999998254,0.00015902349171722735
2026-07-08 02:59:00,20184.35,922.34,44668.28,49025.86,49017.91,7.94999999999709,0.00016218561746098698
2026-07-08 03:00:00,20184.7,922.24,44668.43,49026.12,49017.905,8.215000000003783,0.00016759182180478305
2026-07-08 03:01:00,20184.48,922.36,44668.43,49026.03,49017.9,8.12999999999738,0.00016585777848494897
2026-07-08 03:02:00,20184.7,922.64,44668.36,49026.06,49017.89,8.169999999998254,0.0001666738409180455
2026-07-08 03:03:00,20184.75,922.24,44668.43,49026.14,49017.88,8.260000000002037,0.00016850993963839393
2026-07-08 03:04:00,20184.94,922.24,44668.43,49026.22,49017.875,8.345000000001164,0.0001702440181260645
2026-07-08 03:05:00,20185.14,922.66,44668.21,49026.11,49017.87,8.239999999997963,0.00016810195955062842
2026-07-08 03:06:00,20186.19,922.07,44668.29,49026.61,49017.854999999996,8.755000000004657,0.00017860838667878588
2026-07-08 03:07:00,20187.54,920.78,44668.57,49027.4,49017.84,9.560000000004948,0.00019503103359929668
2026-07-08 03:08:00,20188.59,919.5,44668.99,49028.17,49017.83,10.339999999996508,0.00021094365050424523
2026-07-08 03:09:00,20189.08,918.8,44668.98,49028.33,49017.82,10.510000000002037,0.00021441182002794162
2026-07-08 03:10:00,20189.92,917.3,44669.31,49028.95,49017.81,11.139999999999418,0.000227264335146744
2026-07-08 03:11:00,20190.05,916.28,44669.53,49029.17,49017.8,11.369999999995343,0.00023195655455763708
2026-07-08 03:12:00,20190.54,915.38,44669.56,49029.4,49017.795,11.605000000003201,0.00023675075551650584
2026-07-08 03:13:00,20189.84,914.26,44669.76,49029.28,49017.79,11.489999999997963,0.00023440469266358118
2026-07-08 03:14:00,20187.88,915.39,44669.48,49028.24,49017.785,10.45499999999447,0.0002132899313992762
2026-07-08 03:15:00,20185.55,918.22,44668.78,49026.7,49017.78,8.919999999998254,0.0001819747854757652
2026-07-08 03:16:00,20184.49,920.45,44668.25,49025.83,49017.770000000004,8.059999999997672,0.00016443016481569177
2026-07-08 03:17:00,20183.66,921.95,44667.9,49025.2,49017.76,7.439999999995052,0.00015178172156367513
2026-07-08 03:18:00,20183.36,922.52,44667.69,49024.9,49017.75,7.150000000001455,0.0001458655283035524
2026-07-08 03:19:00,20183.65,921.88,44667.93,49025.25,49017.74,7.510000000002037,0.0001532098379077052
2026-07-08 03:20:00,20183.9,920.75,44668.52,49025.84,49017.72,8.119999999995343,0.00016565437968137529
2026-07-08 03:21:00,20183.61,920.38,44668.54,49025.73,49017.7,8.030000000006112,0.00016381837581131128
2026-07-08 03:22:00,20183.52,919.91,44668.52,49025.67,49017.66499999999,8.005000000004657,0.00016330847256809677
2026-07-08 03:23:00,20184.26,919.24,44668.83,49026.25,49017.63,8.62000000000262,0.0001758550954014427
2026-07-08 03:24:00,20184.8,917.96,44669.13,49026.72,49017.61,9.110000000000582,0.00018585157456678492
2026-07-08 03:25:00,20185.29,916.6,44669.38,49027.13,49017.59,9.540000000000873,0.00019462401150282732
2026-07-08 03:26:00,20185.75,915.64,44669.4,49027.33,49017.59,9.740000000005239,0.00019870417945895013
2026-07-08 03:27:00,20185.93,914.91,44669.54,49027.5,49017.59,9.910000000003492,0.00020217232222154318
2026-07-08 03:28:00,20186.35,914.45,44669.6,49027.71,49017.585,10.125,0.00020655852384404496
2026-07-08 03:29:00,20186.51,913.87,44669.47,49027.66,49017.58,10.080000000001746,0.00020564050693652657
2026-07-08 03:30:00,20186.58,913.57,44669.27,49027.5,49017.575,9.92500000000291,0.00020247839677917383
2026-07-08 03:31:00,20186.51,913.08,44669.25,49027.44,49017.57,9.87000000000262,0.0002013563707870998
2026-07-08 03:32:00,20186.8,912.67,44669.34,49027.64,49017.565,10.07499999999709,0.00020553856561412401
2026-07-08 03:33:00,20186.74,912.5,44669.12,49027.42,49017.56,9.860000000000582,0.00020115240334281394
2026-07-08 03:34:00,20186.89,912.46,44668.75,49027.13,49017.56,9.569999999999709,0.00019523615618565488
2026-07-08 03:35:00,20187.06,912.59,44668.5,49026.96,49017.56,9.400000000001455,0.0001917680113004698
2026-07-08 03:36:00,20187.02,912.5,44668.0,49026.5,49017.545,8.955000000001746,0.00018268968794748382
2026-07-08 03:37:00,20187.43,912.53,44667.82,49026.49,49017.53,8.959999999999127,0.00018279174817660391
2026-07-08 03:38:00,20187.84,912.06,44667.86,49026.69,49017.515,9.17500000000291,0.00018717799137722322
2026-07-08 03:39:00,20188.21,911.57,44667.75,49026.74,49017.5,9.239999999997963,0.00018850410567650252
2026-07-08 03:40:00,20188.34,911.13,44667.8,49026.83,49017.5,9.330000000001746,0.00019034018462797464
2026-07-08 03:41:00,20188.07,911.71,44667.29,49026.26,49017.5,8.760000000002037,0.00017871168460247946
2026-07-08 03:42:00,20188.07,912.01,44666.91,49025.93,49017.494999999995,8.435000000004948,0.00017208141705333878
2026-07-08 03:43:00,20188.09,912.5,44666.63,49025.7,49017.49,8.209999999999127,0.00016749123629135492
2026-07-08 03:44:00,20187.93,912.66,44666.39,49025.4,49017.485,7.915000000000873,0.0001614729927494418
2026-07-08 03:45:00,20187.73,912.7,44666.22,49025.18,49017.48,7.69999999999709,0.00015708681882457216
2026-07-08 03:46:00,20187.56,912.97,44665.96,49024.87,49017.42,7.450000000004366,0.00015198678347420907
2026-07-08 03:47:00,20187.44,912.11,44666.15,49024.98,49017.36,7.620000000002619,0.00015545512855042823
2026-07-08 03:48:00,20186.92,911.79,44666.1,49024.72,49017.354999999996,7.365000000005239,0.00015025290532312972
2026-07-08 03:49:00,20186.69,911.72,44666.12,49024.66,49017.35,7.310000000004948,0.0001491308689679256
2026-07-08 03:50:00,20187.16,910.74,44666.45,49025.11,49017.345,7.764999999999418,0.00015841331267532784
2026-07-08 03:51:00,20186.78,910.68,44666.25,49024.78,49017.34,7.440000000002328,0.00015178302208978148
2026-07-08 03:52:00,20186.71,910.58,44665.98,49024.52,49017.34,7.180000000000291,0.00014647877669413093
2026-07-08 03:53:00,20186.27,910.99,44665.92,49024.27,49017.34,6.930000000000291,0.0001413785407368146
2026-07-08 03:54:00,20186.32,910.35,44666.03,49024.36,49017.335,7.025000000001455,0.00014331664501959266
2026-07-08 03:55:00,20186.0,909.96,44666.2,49024.38,49017.33,7.049999999995634,0.0001438266833382323
2026-07-08 03:56:00,20185.68,909.45,44666.33,49024.36,49017.295,7.065000000002328,0.00014413280047383947
2026-07-08 03:57:00,20185.51,909.14,44666.3,49024.27,49017.26,7.009999999994761,0.00014301084964754785
2026-07-08 03:58:00,20184.73,909.78,44666.04,49023.73,49017.225000000006,6.504999999997381,0.00013270845095774762
2026-07-08 03:59:00,20184.12,910.51,44665.71,49023.18,49017.19,5.989999999997963,0.00012220202749276248
2026-07-08 04:00:00,20183.88,910.96,44665.67,49023.05,49017.175,5.875,0.0001198559484507216
2026-07-08 04:01:00,20183.06,911.27,44665.52,49022.6,49017.16,5.439999999995052,0.00011098154197417908
2026-07-08 04:02:00,20182.92,911.94,44665.4,49022.44,49017.155,5.2850000000034925,0.00010781939506696161
2026-07-08 04:03:00,20182.29,912.5,44664.84,49021.68,49017.15,4.529999999998836,9.241663376999348e-05
2026-07-08 04:04:00,20182.06,913.59,44664.88,49021.64,49017.14,4.5,9.18046218118805e-05
2026-07-08 04:05:00,20181.51,914.38,44664.48,49021.07,49017.13,3.9400000000023283,8.038006305147463e-05
2026-07-08 04:06:00,20180.12,915.52,44664.04,49020.14,49017.13,3.0100000000020373,6.140710400633488e-05
2026-07-08 04:07:00,20179.63,916.1,44663.85,49019.76,49017.13,2.6300000000046566,5.3654712138484174e-05
2026-07-08 04:08:00,20179.52,916.4,44663.91,49019.77,49017.115,2.654999999998836,5.4164754494401315e-05
2026-07-08 04:09:00,20179.74,915.95,44664.19,49020.1,49017.1,3.0,6.120313115218975e-05
2026-07-08 04:10:00,20179.1,914.62,44664.3,49019.92,49017.065,2.8549999999959255,5.8245021402157094e-05
2026-07-08 04:11:00,20178.98,913.41,44664.8,49020.3,49017.03,3.2700000000040745,6.671150822487765e-05
2026-07-08 04:12:00,20178.28,912.53,44665.12,49020.3,49017.03,3.2700000000040745,6.671150822487765e-05
2026-07-08 04:13:00,20177.38,913.46,44664.78,49019.63,49017.03,2.599999999998545,5.3042789414180026e-05
2026-07-08 04:14:00,20176.58,913.24,44664.61,49019.17,49017.03,2.139999999999418,4.365829590245305e-05
2026-07-08 04:15:00,20175.76,913.42,44664.4,49018.65,49017.03,1.6200000000026193,3.304973801967641e-05
2026-07-08 04:16:00,20175.88,912.66,44664.86,49019.1,49017.024999999994,2.0750000000043656,4.233223048531333e-05
2026-07-08 04:17:00,20175.39,912.29,44665.06,49019.07,49017.02,2.0500000000029104,4.182220787805767e-05
2026-07-08 04:18:00,20174.56,912.95,44664.84,49018.54,49017.015,1.5250000000014552,3.111164561941308e-05
2026-07-08 04:19:00,20174.19,913.34,44664.68,49018.25,49017.01,1.2399999999979627,2.529734065782394e-05
2026-07-08 04:20:00,20173.98,913.27,44664.54,49018.03,49017.005000000005,1.0249999999941792,2.0911110338017982e-05
2026-07-08 04:21:00,20173.39,913.19,44664.44,49017.7,49017.0,0.6999999999970896,1.4280759736358603e-05
2026-07-08 04:22:00,20173.29,912.82,44664.72,49017.92,49017.0,0.9199999999982538,1.8768998510685146e-05
2026-07-08 04:23:00,20173.08,912.74,44664.83,49017.92,49017.0,0.9199999999982538,1.8768998510685146e-05
2026-07-08 04:24:00,20172.98,912.63,44664.8,49017.84,49016.994999999995,0.8450000000011642,1.7238918868877298e-05
2026-07-08 04:25:00,20172.45,913.16,44664.63,49017.48,49016.99,0.4900000000052387,9.996533855000863e-06
2026-07-08 04:26:00,20172.03,913.32,44664.69,49017.34,49016.975,0.36499999999796273,7.446399946099545e-06
2026-07-08 04:27:00,20171.46,913.87,44664.53,49017.0,49016.96,0.040000000000873115,8.160440794548074e-07
2026-07-08 04:28:00,20171.34,913.81,44664.62,49017.02,49016.955,0.06499999999505235,1.3260717642508056e-06
2026-07-08 04:29:00,20171.28,913.51,44665.0,49017.35,49016.95,0.4000000000014552,8.160442459219826e-06
2026-07-08 04:30:00,20170.51,913.44,44665.0,49017.03,49016.95,0.08000000000174623,1.6320884918736525e-06
2026-07-08 04:31:00,20170.11,913.09,44665.29,49017.13,49016.95,0.18000000000029104,3.6721991066414997e-06
2026-07-08 04:32:00,20170.59,912.61,44665.83,49017.8,49016.94,0.8600000000005821,1.7544954866635536e-05
2026-07-08 04:33:00,20170.82,912.56,44665.82,49017.88,49016.93,0.9499999999970896,1.9381058748417938e-05
2026-07-08 04:34:00,20170.46,912.04,44665.65,49017.58,49016.93,0.6500000000014552,1.3260724406882585e-05
2026-07-08 04:35:00,20170.35,911.5,44666.13,49017.97,49016.93,1.0400000000008731,2.1217159050982447e-05
2026-07-08 04:36:00,20169.81,911.26,44666.31,49017.9,49016.92,0.9800000000032014,1.999309626151952e-05
2026-07-08 04:37:00,20169.65,911.28,44666.25,49017.79,49016.91,0.8799999999973807,1.795298806059747e-05
2026-07-08 04:38:00,20170.27,911.16,44666.44,49018.21,49016.885,1.3249999999970896,2.7031501491722487e-05
2026-07-08 04:39:00,20170.49,911.05,44666.7,49018.53,49016.86,1.6699999999982538,3.40699098228294e-05
2026-07-08 04:40:00,20170.18,911.69,44666.35,49018.1,49016.854999999996,1.2450000000026193,2.5399426381040144e-05
2026-07-08 04:41:00,20169.55,911.52,44666.08,49017.59,49016.85,0.7399999999979627,1.5096849348702798e-05
2026-07-08 04:42:00,20169.66,911.53,44665.99,49017.56,49016.845,0.7149999999965075,1.4586822142398343e-05
2026-07-08 04:43:00,20169.6,911.67,44665.94,49017.49,49016.84,0.6500000000014552,1.3260748754947386e-05
2026-07-08 04:44:00,20169.33,912.76,44665.65,49017.13,49016.81,0.31999999999970896,6.528372613389345e-06
2026-07-08 04:45:00,20170.23,913.74,44665.45,49017.34,49016.78,0.5599999999976717,1.1424659065684685e-05
2026-07-08 04:46:00,20171.08,913.88,44664.99,49017.26,49016.765,0.49500000000261934,1.0098585657430052e-05
2026-07-08 04:47:00,20171.86,913.62,44664.95,49017.53,49016.75,0.7799999999988358,1.591292772366254e-05
2026-07-08 04:48:00,20171.34,912.68,44665.3,49017.63,49016.735,0.8949999999967986,1.8259070090996445e-05
2026-07-08 04:49:00,20170.4,912.2,44665.03,49016.99,49016.72,0.2699999999967986,5.508324506348009e-06
2026-07-08 04:50:00,20169.83,912.62,44665.28,49017.0,49016.7,0.3000000000029104,6.120363059996091e-06
2026-07-08 04:51:00,20169.09,913.27,44664.89,49016.35,49016.68,0.33000000000174623,6.732402112949025e-06
2026-07-08 04:52:00,20168.41,914.69,44664.4,49015.65,49016.634999999995,0.9849999999933061,2.0095218694496394e-05
2026-07-08 04:53:00,20168.8,915.26,44664.27,49015.71,49016.59,0.8799999999973807,1.7953105264919095e-05
2026-07-08 04:54:00,20169.45,916.26,44663.81,49015.57,49016.585,1.014999999999418,2.0707276934927596e-05
2026-07-08 04:55:00,20170.18,916.28,44663.51,49015.61,49016.58,0.9700000000011642,1.978922234070929e-05
2026-07-08 04:56:00,20171.28,916.15,44663.67,49016.18,49016.58,0.4000000000014552,8.160504058044342e-06
2026-07-08 04:57:00,20171.84,914.68,44663.88,49016.58,49016.58,0.0,0.0
2026-07-08 04:58:00,20172.25,913.42,44664.08,49016.91,49016.575,0.33500000000640284,6.834422845872092e-06
2026-07-08 04:59:00,20172.55,913.11,44664.16,49017.1,49016.57,0.5299999999988358,1.081267008276662e-05
2026-07-08 05:00:00,20172.89,912.31,44664.28,49017.33,49016.55,0.7799999999988358,1.5912992652457912e-05
2026-07-08 05:01:00,20173.54,911.49,44664.49,49017.76,49016.53,1.2300000000032014,2.5093575575488545e-05
2026-07-08 05:02:00,20173.76,910.9,44664.64,49017.97,49016.53,1.4400000000023283,2.9377844576152745e-05
2026-07-08 05:03:00,20174.67,910.08,44664.94,49018.62,49016.53,2.0900000000037835,4.263867719734105e-05
2026-07-08 05:04:00,20175.26,909.44,44665.15,49019.03,49016.485,2.5449999999982538,5.192130769879263e-05
2026-07-08 05:05:00,20175.32,909.29,44665.08,49018.98,49016.44,2.540000000000873,5.1819348773612956e-05
2026-07-08 05:06:00,20175.93,908.4,44664.99,49019.13,49016.435,2.694999999999709,5.4981558736364834e-05
2026-07-08 05:07:00,20176.55,907.61,44665.18,49019.54,49016.43,3.110000000000582,6.344811321429533e-05
2026-07-08 05:08:00,20177.01,906.51,44665.17,49019.71,49016.39,3.319999999999709,6.77324462286943e-05
2026-07-08 05:09:00,20177.76,905.92,44665.64,49020.44,49016.35,4.0900000000037835,8.344154552519278e-05
2026-07-08 05:10:00,20178.94,904.95,44665.99,49021.22,49016.35,4.870000000002619,9.935460310697593e-05
2026-07-08 05:11:00,20179.17,904.69,44665.66,49021.01,49016.35,4.6600000000034925,9.507031837343034e-05
2026-07-08 05:12:00,20179.58,904.67,44665.47,49021.0,49016.345,4.654999999998836,9.496832128137739e-05
2026-07-08 05:13:00,20180.4,904.78,44665.54,49021.41,49016.34,5.070000000006985,0.00010343489538400838
2026-07-08 05:14:00,20180.23,905.57,44665.11,49020.96,49016.335,4.625,9.435629979271197e-05
2026-07-08 05:15:00,20180.39,906.15,44664.97,49020.9,49016.33,4.569999999999709,9.323423438677904e-05
2026-07-08 05:16:00,20180.63,907.08,44664.68,49020.75,49016.32,4.430000000000291,9.037806183736949e-05
2026-07-08 05:17:00,20180.65,908.03,44664.39,49020.51,49016.31,4.200000000004366,8.568576459558799e-05
2026-07-08 05:18:00,20180.91,907.89,44664.0,49020.25,49016.31,3.9400000000023283,8.038140773963459e-05
2026-07-08 05:19:00,20181.07,907.63,44663.88,49020.21,49016.31,3.900000000001455,7.956535283870727e-05
2026-07-08 05:20:00,20181.24,907.93,44663.9,49020.31,49016.259999999995,4.05000000000291,8.262564300097377e-05
2026-07-08 05:21:00,20180.75,908.1,44663.9,49020.1,49016.21,3.889999999999418,7.936150102179296e-05
2026-07-08 05:22:00,20180.35,909.24,44663.41,49019.51,49016.195,3.3150000000023283,6.763070858524061e-05
2026-07-08 05:23:00,20180.34,909.44,44663.27,49019.39,49016.18,3.209999999999127,6.548857948536844e-05
2026-07-08 05:24:00,20180.01,910.33,44662.98,49019.0,49016.16,2.8399999999965075,5.794007527306316e-05
2026-07-08 05:25:00,20180.09,911.11,44662.67,49018.76,49016.14,2.6200000000026193,5.3451781392876294e-05
2026-07-08 05:26:00,20181.19,911.35,44663.02,49019.56,49016.115,3.444999999999709,7.028300794544221e-05
2026-07-08 05:27:00,20180.47,911.96,44662.53,49018.83,49016.09,2.7400000000052387,5.5900011608539945e-05
2026-07-08 05:28:00,20180.48,912.93,44662.14,49018.5,49016.08,2.4199999999982538,4.937155317190305e-05
2026-07-08 05:29:00,20180.63,912.64,44662.14,49018.56,49016.07,2.4899999999979627,5.079966631347562e-05
2026-07-08 05:30:00,20179.97,913.3,44662.12,49018.28,49016.07,2.209999999999127,4.508725403728057e-05
2026-07-08 05:31:00,20179.55,913.77,44661.96,49017.97,49016.07,1.9000000000014552,3.8762797588657255e-05
2026-07-08 05:32:00,20179.42,913.18,44661.86,49017.82,49016.06,1.7600000000020373,3.590659877603458e-05
2026-07-08 05:33:00,20178.84,913.34,44662.08,49017.78,49016.05,1.7299999999959255,3.529456167920355e-05
2026-07-08 05:34:00,20178.46,913.82,44661.99,49017.56,49016.045,1.514999999999418,3.090824647315829e-05
2026-07-08 05:35:00,20178.03,913.43,44662.22,49017.59,49016.04,1.5499999999956344,3.162230159751042e-05
2026-07-08 05:36:00,20177.11,913.91,44662.12,49017.15,49016.03,1.1200000000026193,2.284966775160329e-05
2026-07-08 05:37:00,20176.63,914.32,44662.14,49016.95,49016.02,0.930000000000291,1.897338870027169e-05
2026-07-08 05:38:00,20175.71,914.88,44662.11,49016.58,49015.99,0.5900000000037835,1.2036888370586486e-05
2026-07-08 05:39:00,20175.25,914.62,44662.31,49016.57,49015.96,0.6100000000005821,1.2444926101632654e-05
2026-07-08 05:40:00,20175.02,913.75,44662.4,49016.53,49015.955,0.5749999999970896,1.1730874161221373e-05
2026-07-08 05:41:00,20174.5,912.88,44662.45,49016.35,49015.95,0.4000000000014552,8.160608944669137e-06
2026-07-08 05:42:00,20174.53,912.07,44662.92,49016.78,49015.91,0.8699999999953434,1.774933893903721e-05
2026-07-08 05:43:00,20174.52,911.27,44663.09,49016.93,49015.87,1.0599999999976717,2.1625648998939968e-05
2026-07-08 05:44:00,20174.19,910.33,44663.17,49016.84,49015.854999999996,0.9850000000005821,2.0095538474246386e-05
2026-07-08 05:45:00,20174.18,910.32,44663.29,49016.95,49015.84,1.110000000000582,2.26457406422206e-05
2026-07-08 05:46:00,20174.16,910.52,44663.08,49016.75,49015.825,0.9250000000029104,1.8871456310342843e-05
2026-07-08 05:47:00,20173.98,910.76,44662.93,49016.53,49015.81,0.7200000000011642,1.4689138055683751e-05
2026-07-08 05:48:00,20173.8,911.0,44662.49,49016.07,49015.795,0.2750000000014552,5.61043639099305e-06
2026-07-08 05:49:00,20174.02,910.54,44662.82,49016.44,49015.78,0.6600000000034925,1.3465051459009577e-05
2026-07-08 05:50:00,20174.31,909.89,44663.14,49016.86,49015.774999999994,1.0850000000064028,2.213573079292132e-05
2026-07-08 05:51:00,20174.44,908.83,44663.28,49017.03,49015.77,1.2600000000020373,2.57060125751781e-05
2026-07-08 05:52:00,20174.18,907.9,44663.23,49016.85,49015.759999999995,1.0900000000037835,2.2237745574153774e-05
2026-07-08 05:53:00,20174.15,907.9,44663.39,49017.01,49015.75,1.2600000000020373,2.57060230640567e-05
2026-07-08 05:54:00,20173.65,908.11,44663.13,49016.59,49015.740000000005,0.8499999999912689,1.7341368303146474e-05
2026-07-08 05:55:00,20173.21,908.6,44663.09,49016.34,49015.73,0.6099999999933061,1.2444984497697088e-05
2026-07-08 05:56:00,20173.18,909.35,44663.08,49016.33,49015.72,0.6100000000005821,1.2444987036823739e-05
2026-07-08 05:57:00,20172.7,909.51,44662.59,49015.69,49015.71,0.01999999999679858,4.08032445042591e-07
2026-07-08 05:58:00,20172.87,910.38,44662.68,49015.87,49015.7,0.17000000000552973,3.4682764911146784e-06
2026-07-08 05:59:00,20172.92,910.35,44662.54,49015.77,49015.69,0.07999999999447027,1.6321304462809821e-06
2026-07-08 06:00:00,20172.8,911.02,44662.64,49015.81,49015.67,0.13999999999941792,2.856229446612031e-06
2026-07-08 06:01:00,20172.5,912.46,44662.43,49015.55,49015.65,0.09999999999854481,2.0401647228700385e-06
2026-07-08 06:02:00,20172.09,913.34,44662.2,49015.16,49015.64,0.47999999999592546,9.792792667726576e-06
2026-07-08 06:03:00,20171.77,913.04,44662.02,49014.88,49015.63,0.75,1.5301241665158647e-05
2026-07-08 06:04:00,20171.83,912.82,44662.52,49015.38,49015.63,0.25,5.100413888386215e-06
2026-07-08 06:05:00,20170.81,914.27,44662.44,49014.88,49015.63,0.75,1.5301241665158647e-05
2026-07-08 06:06:00,20170.13,915.6,44662.21,49014.42,49015.63,1.2099999999991269,2.468600321977147e-05
2026-07-08 06:07:00,20169.97,915.5,44662.15,49014.29,49015.63,1.3399999999965075,2.733821844167886e-05
2026-07-08 06:08:00,20170.62,914.98,44662.58,49014.96,49015.63,0.6699999999982538,1.366910922083943e-05
2026-07-08 06:09:00,20170.42,915.21,44662.93,49015.19,49015.63,0.43999999999505235,8.976728443458799e-06
2026-07-08 06:10:00,20170.21,914.81,44663.13,49015.28,49015.63,0.3499999999985448,7.140579443711013e-06
2026-07-08 06:11:00,20169.75,913.46,44663.48,49015.39,49015.63,0.23999999999796273,4.896397332809203e-06
2026-07-08 06:12:00,20169.12,912.99,44664.28,49015.84,49015.63,0.20999999999912689,4.284347666226607e-06
2026-07-08 06:13:00,20167.56,913.99,44664.09,49015.04,49015.63,0.5899999999965075,1.2036976776520215e-05
2026-07-08 06:14:00,20166.21,914.79,44664.24,49014.64,49015.63,0.9899999999979627,2.0197638997967847e-05
2026-07-08 06:15:00,20166.07,915.91,44664.22,49014.59,49015.63,1.0400000000008731,2.1217721775704468e-05
2026-07-08 06:16:00,20166.19,915.55,44664.44,49014.83,49015.63,0.7999999999956344,1.6321324442746823e-05
2026-07-08 06:17:00,20166.59,915.01,44664.85,49015.36,49015.63,0.2699999999967986,5.508446999391798e-06
2026-07-08 06:18:00,20166.06,914.75,44664.92,49015.23,49015.63,0.39999999999417923,8.160662221299191e-06
2026-07-08 06:19:00,20165.47,915.31,44665.01,49015.08,49015.63,0.5499999999956344,1.1220910554360608e-05
2026-07-08 06:20:00,20165.46,914.69,44665.4,49015.41,49015.63,0.2199999999938882,4.488364221655178e-06
2026-07-08 06:21:00,20165.0,915.11,44665.47,49015.28,49015.63,0.3499999999985448,7.140579443711013e-06
2026-07-08 06:22:00,20164.6,915.61,44665.38,49015.08,49015.63,0.5499999999956344,1.1220910554360608e-05
2026-07-08 06:23:00,20163.57,915.76,44665.4,49014.69,49015.63,0.9399999999950523,1.917755622023123e-05
2026-07-08 06:24:00,20162.66,916.02,44665.82,49014.7,49015.63,0.930000000000291,1.897353966480266e-05
2026-07-08 06:25:00,20161.62,917.31,44665.89,49014.36,49015.63,1.2699999999967986,2.5910102552936657e-05
2026-07-08 06:26:00,20161.0,917.48,44665.78,49013.98,49015.63,1.6499999999941792,3.3662731663230264e-05
2026-07-08 06:27:00,20160.44,916.98,44666.08,49014.01,49015.63,1.6199999999953434,3.305068199664767e-05
2026-07-08 06:28:00,20159.84,917.21,44666.4,49014.09,49015.63,1.5400000000008731,3.14185495524769e-05
2026-07-08 06:29:00,20159.21,917.25,44666.57,49013.98,49015.63,1.6499999999941792,3.3662731663230264e-05
2026-07-08 06:30:00,20159.14,916.3,44667.12,49014.43,49015.63,1.1999999999970896,2.4481986664194457e-05
2026-07-08 06:31:00,20159.14,916.37,44667.36,49014.67,49015.63,0.9599999999991269,1.9585589331385253e-05
2026-07-08 06:32:00,20159.29,916.59,44667.66,49015.0,49015.63,0.6299999999973807,1.2853042998679823e-05
2026-07-08 06:33:00,20159.74,916.18,44668.09,49015.55,49015.63,0.07999999999447027,1.6321324441707732e-06
2026-07-08 06:34:00,20159.48,915.99,44668.05,49015.39,49015.63,0.23999999999796273,4.896397332809203e-06
2026-07-08 06:35:00,20159.04,916.2,44668.02,49015.2,49015.63,0.43000000000029104,8.772711888030228e-06
2026-07-08 06:36:00,20158.57,916.33,44668.24,49015.21,49015.63,0.41999999999825377,8.568695332453215e-06
2026-07-08 06:37:00,20157.97,916.91,44668.44,49015.18,49015.63,0.4499999999970896,9.18074499903581e-06
2026-07-08 06:38:00,20157.57,917.73,44668.23,49014.86,49015.63,0.7699999999967986,1.570927477616423e-05
2026-07-08 06:39:00,20157.86,917.8,44668.23,49014.99,49015.63,0.6399999999994179,1.3057059554256836e-05
2026-07-08 06:40:00,20158.19,917.68,44668.4,49015.29,49015.63,0.33999999999650754,6.9365628881340005e-06
2026-07-08 06:41:00,20158.04,917.57,44668.41,49015.22,49015.63,0.4099999999962165,8.364678776876203e-06
2026-07-08 06:42:00,20158.75,916.62,44669.28,49016.31,49015.63,0.680000000000291,1.3873125776416442e-05
2026-07-08 06:43:00,20158.76,916.53,44669.71,49016.68,49015.63,1.0500000000029104,2.142173833128148e-05
2026-07-08 06:44:00,20158.46,916.74,44669.45,49016.31,49015.63,0.680000000000291,1.3873125776416442e-05
2026-07-08 06:45:00,20158.25,917.03,44669.66,49016.43,49015.63,0.8000000000029104,1.6321324442895264e-05
2026-07-08 06:46:00,20158.8,916.63,44670.01,49016.96,49015.63,1.3300000000017462,2.713420188625029e-05
2026-07-08 06:47:00,20158.54,916.2,44670.09,49016.93,49015.63,1.3000000000029104,2.6522152219667695e-05
2026-07-08 06:48:00,20158.5,916.61,44670.34,49017.16,49015.63,1.5300000000061118,3.121453299704833e-05
2026-07-08 06:49:00,20158.98,916.89,44670.49,49017.5,49015.63,1.8700000000026193,3.815109588518233e-05
2026-07-08 06:50:00,20159.34,917.04,44670.16,49017.36,49015.63,1.7300000000032014,3.529486410769792e-05
2026-07-08 06:51:00,20159.42,916.76,44670.36,49017.57,49015.63,1.9400000000023283,3.957921177392453e-05
2026-07-08 06:52:00,20159.66,915.94,44670.92,49018.15,49015.63,2.5200000000040745,5.141217199501617e-05
2026-07-08 06:53:00,20159.77,915.51,44671.24,49018.48,49015.63,2.8500000000058208,5.81447183277216e-05
2026-07-08 06:54:00,20160.06,915.15,44671.32,49018.66,49015.63,3.030000000006112,6.181701632736561e-05
2026-07-08 06:55:00,20161.04,914.7,44671.55,49019.24,49015.63,3.610000000000582,7.364997654830882e-05
2026-07-08 06:56:00,20161.52,913.42,44671.85,49019.7,49015.63,4.069999999999709,8.303473810292164e-05
2026-07-08 06:57:00,20161.11,913.17,44672.23,49019.86,49015.63,4.230000000003201,8.629900299156008e-05
2026-07-08 06:58:00,20161.39,912.14,44672.42,49020.14,49015.63,4.510000000002037,9.201146654652888e-05
2026-07-08 06:59:00,20161.11,910.98,44672.92,49020.46,49015.63,4.830000000001746,9.85399963236573e-05
2026-07-08 07:00:00,20161.29,910.33,44673.18,49020.78,49015.63,5.150000000001455,0.00010506852610078572
2026-07-08 07:01:00,20161.64,909.8,44673.54,49021.22,49015.63,5.5900000000037835,0.00011404525454439295
2026-07-08 07:02:00,20161.62,909.26,44673.76,49021.41,49015.63,5.780000000006112,0.00011792156909961398
2026-07-08 07:03:00,20162.11,910.56,44673.56,49021.45,49015.63,5.819999999999709,0.00011873763532162515
2026-07-08 07:04:00,20163.28,910.03,44673.35,49021.73,49015.63,6.100000000005821,0.0001244500988767424
2026-07-08 07:05:00,20164.19,908.75,44673.72,49022.41,49015.63,6.780000000006112,0.00013832322465315885
2026-07-08 07:06:00,20164.88,906.84,44674.21,49023.12,49015.63,7.490000000005239,0.00015280840009615788
2026-07-08 07:07:00,20164.99,907.18,44674.46,49023.39,49015.63,7.760000000002037,0.0001583168470955497
2026-07-08 07:08:00,20165.22,907.5,44674.14,49023.2,49015.63,7.569999999999709,0.00015444053254032867
2026-07-08 07:09:00,20165.77,906.52,44674.24,49023.49,49015.63,7.860000000000582,0.00016035701265087448
2026-07-08 07:10:00,20166.14,905.62,44674.4,49023.77,49015.63,8.139999999999418,0.00016606947620584328
2026-07-08 07:11:00,20166.39,903.47,44674.95,49024.35,49015.63,8.720000000001164,0.00017790243642693492
2026-07-08 07:12:00,20166.38,903.17,44675.38,49024.72,49015.63,9.090000000003783,0.00018545104898179998
2026-07-08 07:13:00,20166.15,904.11,44674.94,49024.22,49015.63,8.590000000003783,0.00017525022120502753
2026-07-08 07:14:00,20165.49,903.88,44674.56,49023.61,49015.63,7.980000000003201,0.0001628052113173533
2026-07-08 07:15:00,20165.57,903.64,44674.75,49023.8,49015.63,8.17000000000553,0.0001666815258725743
2026-07-08 07:16:00,20166.23,903.67,44675.01,49024.3,49015.63,8.67000000000553,0.00017688235364934676
2026-07-08 07:17:00,20166.92,903.09,44674.9,49024.52,49015.63,8.889999999999418,0.00018137071787100193
2026-07-08 07:18:00,20167.08,902.52,44674.91,49024.57,49015.63,8.940000000002328,0.00018239080064873855
2026-07-08 07:19:00,20166.59,902.43,44674.89,49024.33,49015.63,8.700000000004366,0.00017749440331592934
2026-07-08 07:20:00,20166.27,902.48,44674.93,49024.23,49015.63,8.60000000000582,0.00017545423776060454
2026-07-08 07:21:00,20166.82,903.87,44674.56,49024.15,49015.63,8.520000000004075,0.00017382210531628533
2026-07-08 07:22:00,20167.51,903.75,44674.08,49024.03,49015.63,8.400000000001455,0.0001713739066498065
2026-07-08 07:23:00,20167.51,902.93,44674.15,49024.08,49015.63,8.450000000004366,0.00017239398942754314
2026-07-08 07:24:00,20167.74,902.11,44674.59,49024.53,49015.63,8.900000000001455,0.00018157473442657895
2026-07-08 07:25:00,20167.98,901.48,44674.95,49024.97,49015.63,9.340000000003783,0.00019055146287018618
2026-07-08 07:26:00,20167.51,901.8,44674.58,49024.42,49015.63,8.790000000000873,0.00017933055231567714
2026-07-08 07:27:00,20167.29,902.29,44674.45,49024.2,49015.63,8.569999999999709,0.00017484218809387352
2026-07-08 07:28:00,20167.97,901.93,44674.66,49024.64,49015.63,9.010000000002037,0.00018381891653748077
2026-07-08 07:29:00,20168.26,901.65,44674.46,49024.58,49015.63,8.950000000004366,0.00018259481720431556
2026-07-08 07:30:00,20168.27,901.19,44674.69,49024.77,49015.63,9.139999999999418,0.00018647113175938813
2026-07-08 07:31:00,20167.74,901.35,44674.73,49024.59,49015.63,8.959999999999127,0.00018279883375974413
2026-07-08 07:32:00,20167.38,902.15,44674.36,49024.13,49015.63,8.5,0.00017341407220513132
2026-07-08 07:33:00,20168.03,902.56,44674.23,49024.29,49015.63,8.660000000003492,0.00017667833709376975
2026-07-08 07:34:00,20168.62,902.77,44674.14,49024.48,49015.63,8.85000000000582,0.00018055465164899077
2026-07-08 07:35:00,20168.66,903.26,44673.95,49024.35,49015.63,8.720000000001164,0.00017790243642693492
2026-07-08 07:36:00,20168.95,903.87,44673.77,49024.31,49015.63,8.680000000000291,0.00017708637020477533
2026-07-08 07:37:00,20169.42,904.38,44673.8,49024.53,49015.63,8.900000000001455,0.00018157473442657895
2026-07-08 07:38:00,20169.79,904.7,44673.53,49024.45,49015.63,8.819999999999709,0.00017994260198225974
2026-07-08 07:39:00,20170.2,905.25,44673.57,49024.67,49015.63,9.040000000000873,0.00018443096620406334
2026-07-08 07:40:00,20169.93,906.09,44673.11,49024.16,49015.63,8.530000000006112,0.00017402612187186235
2026-07-08 07:41:00,20170.17,906.46,44673.01,49024.17,49015.63,8.540000000000873,0.00017423013842729091
2026-07-08 07:42:00,20170.41,907.42,44672.99,49024.25,49015.63,8.62000000000262,0.00017586227087161013
2026-07-08 07:43:00,20170.74,908.09,44672.61,49024.07,49015.63,8.440000000002328,0.00017218997287196612
2026-07-08 07:44:00,20171.59,908.68,44672.5,49024.31,49015.63,8.680000000000291,0.00017708637020477533
2026-07-08 07:45:00,20172.07,909.32,44672.17,49024.23,49015.63,8.60000000000582,0.00017545423776060454
2026-07-08 07:46:00,20172.66,909.06,44672.12,49024.41,49015.63,8.780000000006112,0.00017912653576024858
2026-07-08 07:47:00,20173.14,909.05,44672.09,49024.57,49015.63,8.940000000002328,0.00018239080064873855
2026-07-08 07:48:00,20174.0,908.93,44672.49,49025.29,49015.63,9.660000000003492,0.0001970799926473146
2026-07-08 07:49:00,20174.28,908.93,44672.11,49025.05,49015.63,9.42000000000553,0.0001921835953145054
2026-07-08 07:50:00,20174.71,908.42,44672.04,49025.16,49015.63,9.530000000006112,0.0001944277774254072
2026-07-08 07:51:00,20174.97,908.35,44672.32,49025.5,49015.63,9.87000000000262,0.0002013643403135412
2026-07-08 07:52:00,20175.19,908.46,44672.45,49025.72,49015.63,10.090000000003783,0.00020585270453534483
2026-07-08 07:53:00,20175.1,908.45,44672.48,49025.7,49015.63,10.069999999999709,0.00020544467142419082
2026-07-08 07:54:00,20175.22,908.05,44672.45,49025.73,49015.63,10.10000000000582,0.00020605672109092184
2026-07-08 07:55:00,20175.51,907.64,44672.59,49025.97,49015.63,10.340000000003783,0.00021095311842373105
2026-07-08 07:56:00,20175.11,907.91,44672.72,49025.91,49015.63,10.280000000006112,0.00020972901909056585
2026-07-08 07:57:00,20174.45,908.48,44672.59,49025.52,49015.63,9.889999999999418,0.00020177237342454678
2026-07-08 07:58:00,20174.05,909.0,44672.45,49025.22,49015.63,9.590000000003783,0.0001956518767585724
2026-07-08 07:59:00,20173.61,909.64,44672.31,49024.95,49015.63,9.319999999999709,0.00019014342975903217
2026-07-08 08:00:00,20173.04,909.92,44672.15,49024.58,49015.63,8.950000000004366,0.00018259481720431556
2026-07-08 08:01:00,20173.08,909.62,44672.39,49024.81,49015.63,9.180000000000291,0.00018728719798154775
2026-07-08 08:02:00,20172.29,910.26,44672.4,49024.52,49015.63,8.889999999999418,0.00018137071787100193
2026-07-08 08:03:00,20171.46,911.11,44671.95,49023.78,49015.63,8.150000000001455,0.0001662734927614203
2026-07-08 08:04:00,20171.53,911.61,44671.56,49023.45,49015.63,7.819999999999709,0.00015954094642871487
2026-07-08 08:05:00,20170.86,912.32,44671.15,49022.81,49015.63,7.180000000000291,0.00014648388687445803
2026-07-08 08:06:00,20170.97,912.51,44671.4,49023.11,49015.63,7.480000000003201,0.00015260438354058086
2026-07-08 08:07:00,20170.42,913.71,44671.16,49022.69,49015.63,7.060000000004948,0.00014403568820812765
2026-07-08 08:08:00,20170.34,914.92,44670.95,49022.47,49015.63,6.8400000000037835,0.00013954732398632403
2026-07-08 08:09:00,20170.09,915.56,44670.84,49022.27,49015.63,6.639999999999418,0.00013546699287552598
2026-07-08 08:10:00,20170.02,915.76,44670.68,49022.11,49015.63,6.480000000003201,0.00013220272798703602
2026-07-08 08:11:00,20170.06,916.4,44670.56,49022.03,49015.63,6.400000000001455,0.0001305705955427168
2026-07-08 08:12:00,20169.66,916.9,44670.29,49021.62,49015.63,5.990000000005239,0.00012220591676584058
2026-07-08 08:13:00,20169.33,917.55,44669.96,49021.22,49015.63,5.5900000000037835,0.00011404525454439295
2026-07-08 08:14:00,20169.99,917.71,44669.92,49021.47,49015.63,5.8400000000037835,0.00011914566843277918
2026-07-08 08:15:00,20170.64,918.02,44669.8,49021.64,49015.63,6.010000000002037,0.00012261394987684616
2026-07-08 08:16:00,20170.59,918.16,44669.5,49021.35,49015.63,5.720000000001164,0.00011669746976630035
2026-07-08 08:17:00,20170.57,918.21,44669.55,49021.39,49015.63,5.760000000002037,0.00011751353598845995
2026-07-08 08:18:00,20170.27,918.61,44669.32,49021.05,49015.63,5.42000000000553,0.00011057697310032595
2026-07-08 08:19:00,20169.41,919.05,44669.05,49020.45,49015.63,4.819999999999709,9.833597976808029e-05
2026-07-08 08:20:00,20169.71,919.31,44669.2,49020.72,49015.63,5.0900000000037835,0.00010384442676762053
2026-07-08 08:21:00,20170.34,919.42,44669.07,49020.85,49015.63,5.220000000001164,0.00010649664198952792
2026-07-08 08:22:00,20170.3,919.3,44668.6,49020.4,49015.63,4.7700000000040745,9.731589699049211e-05
2026-07-08 08:23:00,20170.82,919.42,44668.52,49020.56,49015.63,4.930000000000291,0.0001005801618789821
2026-07-08 08:24:00,20171.04,919.58,44668.66,49020.76,49015.63,5.130000000004657,0.00010466049298978013
2026-07-08 08:25:00,20170.44,920.29,44668.49,49020.38,49015.63,4.75,9.690786387933809e-05
2026-07-08 08:26:00,20170.04,920.89,44667.72,49019.58,49015.63,3.9500000000043656,8.058653943659127e-05
2026-07-08 08:27:00,20170.73,920.77,44667.85,49019.97,49015.63,4.3400000000037835,8.854318510246188e-05
2026-07-08 08:28:00,20170.76,921.14,44667.62,49019.78,49015.63,4.150000000001455,8.466687054724085e-05
2026-07-08 08:29:00,20170.49,921.68,44667.25,49019.32,49015.63,3.6900000000023283,7.528210899262804e-05
2026-07-08 08:30:00,20171.06,921.49,44667.44,49019.71,49015.63,4.080000000001746,8.323875465849866e-05
2026-07-08 08:31:00,20171.45,921.55,44667.33,49019.77,49015.63,4.139999999999418,8.446285399166385e-05
2026-07-08 08:32:00,20171.78,921.8,44667.28,49019.87,49015.63,4.240000000005239,8.650301954713708e-05
2026-07-08 08:33:00,20172.43,921.65,44667.26,49020.1,49015.63,4.470000000001164,9.119540032436927e-05
2026-07-08 08:34:00,20172.48,922.0,44667.09,49019.95,49015.63,4.319999999999709,8.813515199130785e-05
2026-07-08 08:35:00,20172.9,921.35,44667.21,49020.22,49015.63,4.5900000000037835,9.36435989908481e-05
2026-07-08 08:36:00,20173.21,921.05,44667.3,49020.42,49015.63,4.790000000000873,9.772393010149769e-05
2026-07-08 08:37:00,20173.45,921.13,44667.25,49020.48,49015.63,4.850000000005821,9.894802943481132e-05
2026-07-08 08:38:00,20174.0,920.98,44667.45,49020.89,49015.63,5.260000000002037,0.00010731270821168753
2026-07-08 08:39:00,20174.4,920.6,44667.49,49021.07,49015.63,5.440000000002328,0.00011098500621133153
2026-07-08 08:40:00,20174.44,921.09,44667.57,49021.17,49015.63,5.540000000000873,0.00011302517176665634
2026-07-08 08:41:00,20174.42,920.92,44667.31,49020.91,49015.63,5.280000000006112,0.00010772074132284155
2026-07-08 08:42:00,20174.29,921.02,44667.23,49020.8,49015.63,5.17000000000553,0.00010547655921193974
2026-07-08 08:43:00,20174.28,921.36,44667.27,49020.83,49015.63,5.200000000004366,0.00010608860887852234
2026-07-08 08:44:00,20174.47,921.13,44667.32,49020.92,49015.63,5.290000000000873,0.00010792475787827013
2026-07-08 08:45:00,20175.14,920.33,44667.41,49021.26,49015.63,5.630000000004657,0.00011486132076655257
2026-07-08 08:46:00,20175.2,920.32,44667.3,49021.21,49015.63,5.580000000001746,0.00011384123798881595
2026-07-08 08:47:00,20175.84,920.05,44667.37,49021.53,49015.63,5.900000000001455,0.00012036976776594437
2026-07-08 08:48:00,20175.64,919.81,44667.52,49021.55,49015.63,5.92000000000553,0.00012077780087709839
2026-07-08 08:49:00,20174.55,920.21,44667.28,49020.9,49015.63,5.2700000000040745,0.00010751672476726455
2026-07-08 08:50:00,20174.23,920.18,44667.18,49020.72,49015.63,5.0900000000037835,0.00010384442676762053
2026-07-08 08:51:00,20173.91,920.66,44667.14,49020.57,49015.63,4.940000000002328,0.00010078417843455911
2026-07-08 08:52:00,20173.94,920.99,44667.01,49020.47,49015.63,4.8400000000037835,9.874401287923432e-05
2026-07-08 08:53:00,20174.67,920.5,44667.09,49020.84,49015.63,5.209999999999127,0.0001062926254339509
2026-07-08 08:54:00,20174.86,920.43,44666.95,49020.78,49015.63,5.150000000001455,0.00010506852610078572
2026-07-08 08:55:00,20175.5,920.4,44666.88,49020.98,49015.63,5.350000000005821,0.00010914885721158376
2026-07-08 08:56:00,20176.0,919.39,44667.09,49021.38,49015.63,5.75,0.00011730951943288295
2026-07-08 08:57:00,20175.29,919.39,44667.15,49021.12,49015.63,5.490000000005239,0.00011200508898906816
2026-07-08 08:58:00,20173.9,920.51,44666.64,49020.15,49015.63,4.5200000000040745,9.22154831021059e-05
2026-07-08 08:59:00,20173.94,920.94,44666.5,49020.05,49015.63,4.42000000000553,9.01753175467811e-05
2026-07-08 09:00:00,20173.89,920.49,44666.52,49020.0,49015.63,4.370000000002619,8.915523476904448e-05
2026-07-08 09:01:00,20174.06,920.44,44666.69,49020.25,49015.63,4.620000000002619,9.425564865743069e-05
2026-07-08 09:02:00,20173.98,920.36,44666.79,49019.29,49015.63,3.6600000000034925,7.467005932604543e-05
2026-07-08 09:03:00,20173.36,920.84,44666.48,49019.76,49015.63,4.130000000004657,8.425883743623527e-05
2026-07-08 09:04:00,20173.25,921.14,44666.3,49019.63,49015.63,4.0,8.160662221417944e-05
2026-07-08 09:05:00,20173.74,921.46,44666.12,49019.63,49015.63,4.0,8.160662221417944e-05
2026-07-08 09:06:00,20172.74,921.76,44665.72,49018.84,49015.63,3.209999999999127,6.54893143268612e-05
2026-07-08 09:07:00,20171.97,922.31,44665.45,49018.33,49015.63,2.7000000000043656,5.5084469994660185e-05
2026-07-08 09:08:00,20171.78,922.24,44665.27,49018.05,49015.63,2.4200000000055297,4.937200643969138e-05
2026-07-08 09:09:00,20171.54,922.8,44664.98,49017.74,49015.63,2.110000000000582,4.304749321799153e-05
2026-07-08 09:10:00,20172.24,922.76,44665.01,49017.91,49015.63,2.280000000006112,4.651577466220697e-05
2026-07-08 09:11:00,20172.47,922.16,44665.08,49018.15,49015.63,2.5200000000040745,5.141217199501617e-05
2026-07-08 09:12:00,20172.95,921.98,44665.02,49018.33,49015.63,2.7000000000043656,5.5084469994660185e-05
2026-07-08 09:13:00,20174.31,921.24,44665.25,49019.08,49015.63,3.4500000000043656,7.038571165981883e-05
2026-07-08 09:14:00,20175.01,920.01,44665.41,49019.52,49015.63,3.889999999999418,7.936244010327764e-05
2026-07-08 09:15:00,20175.27,919.13,44665.51,49019.68,49015.63,4.05000000000291,8.262670499191606e-05
2026-07-08 09:16:00,20174.58,918.88,44665.53,49019.42,49015.63,3.790000000000873,7.732227454795283e-05
2026-07-08 09:17:00,20173.06,919.46,44665.29,49018.56,49015.63,2.930000000000291,5.977685077189238e-05
2026-07-08 09:18:00,20173.98,919.23,44665.24,49018.89,49015.63,3.2600000000020373,6.65093971045978e-05
2026-07-08 09:19:00,20175.01,918.56,44665.4,49019.44,49015.63,3.8100000000049477,7.773030765910685e-05
2026-07-08 09:20:00,20175.04,918.34,44665.42,49019.44,49015.63,3.8100000000049477,7.773030765910685e-05
2026-07-08 09:21:00,20174.52,918.27,44665.29,49019.13,49015.63,3.5,7.140579443740701e-05
2026-07-08 09:22:00,20173.5,917.96,44664.96,49018.44,49015.63,2.8100000000049477,5.7328652105562e-05
2026-07-08 09:23:00,20173.58,917.53,44665.32,49018.76,49015.63,3.1300000000046566,6.385718188269041e-05
2026-07-08 09:24:00,20173.01,918.21,44665.14,49018.38,49015.63,2.75,5.610455277224837e-05
2026-07-08 09:25:00,20172.28,918.77,44664.95,49017.92,49015.63,2.290000000000873,4.671979121763554e-05
2026-07-08 09:26:00,20171.9,918.44,44664.69,49017.5,49015.63,1.8700000000026193,3.815109588518233e-05
2026-07-08 09:27:00,20172.3,918.24,44664.92,49017.87,49015.63,2.2400000000052387,4.5699708440047366e-05
2026-07-08 09:28:00,20171.25,918.21,44664.63,49017.19,49015.63,1.5600000000049477,3.182658266363092e-05
2026-07-08 09:29:00,20170.73,918.22,44664.67,49017.03,49015.63,1.4000000000014552,2.8562317774992493e-05
2026-07-08 09:30:00,20170.14,918.51,44664.59,49016.72,49015.63,1.0900000000037835,2.223780455344109e-05
2026-07-08 09:31:00,20169.1,918.84,44664.32,49016.02,49015.63,0.3899999999994179,7.95664566587062e-06
2026-07-08 09:32:00,20168.99,918.74,44664.09,49015.73,49015.63,0.10000000000582077,2.0401655554732395e-06
2026-07-08 09:33:00,20169.37,918.32,44664.29,49016.07,49015.63,0.4400000000023283,8.97672844360724e-06
2026-07-08 09:34:00,20168.38,918.29,44664.26,49015.59,49015.63,0.040000000000873115,8.160662221596074e-07
2026-07-08 09:35:00,20167.57,918.48,44663.87,49014.94,49015.63,0.6899999999950523,1.4077142331845013e-05
2026-07-08 09:36:00,20167.11,918.49,44663.78,49014.67,49015.63,0.9599999999991269,1.9585589331385253e-05
2026-07-08 09:37:00,20166.59,918.53,44663.87,49014.54,49015.63,1.0899999999965075,2.2237804553292645e-05
2026-07-08 09:38:00,20166.31,917.98,44663.89,49014.44,49015.63,1.1899999999950523,2.4277970108617442e-05
2026-07-08 09:39:00,20166.55,917.11,44663.83,49014.47,49015.63,1.1599999999962165,2.3665920442034848e-05
2026-07-08 09:40:00,20166.29,917.38,44663.97,49014.49,49015.63,1.139999999999418,2.3257887331029265e-05
2026-07-08 09:41:00,20165.72,917.36,44663.83,49014.13,49015.63,1.5,3.0602483330317293e-05
2026-07-08 09:42:00,20165.78,916.47,44663.99,49014.3,49015.63,1.3299999999944703,2.713420188610185e-05
2026-07-08 09:43:00,20165.27,916.12,44664.08,49014.16,49015.63,1.4699999999938882,2.9990433663586255e-05
2026-07-08 09:44:00,20164.78,915.95,44664.06,49013.95,49015.63,1.680000000000291,3.4274781329961306e-05
2026-07-08 09:45:00,20164.75,915.59,44664.05,49013.91,49015.63,1.7199999999938882,3.509084755197247e-05
2026-07-08 09:46:00,20164.53,915.15,44663.99,49013.77,49015.63,1.860000000000582,3.794707932960532e-05
2026-07-08 09:47:00,20164.13,914.71,44664.29,49013.86,49015.63,1.7699999999967986,3.611093032970909e-05
2026-07-08 09:48:00,20163.78,914.19,44664.27,49013.71,49015.63,1.9199999999982538,3.9171178662770506e-05
2026-07-08 09:49:00,20163.02,913.86,44664.35,49013.47,49015.63,2.1599999999962165,4.406757599557971e-05
2026-07-08 09:50:00,20163.0,913.31,44664.56,49013.65,49015.63,1.9799999999959255,4.0395277995935694e-05
2026-07-08 09:51:00,20162.43,913.17,44664.6,49013.45,49015.63,2.180000000000291,4.447560910673373e-05
2026-07-08 09:52:00,20161.34,913.89,44664.64,49013.04,49015.63,2.5899999999965075,5.284028788360994e-05
2026-07-08 09:53:00,20161.14,913.74,44664.58,49012.93,49015.63,2.6999999999970896,5.5084469994511744e-05
2026-07-08 09:54:00,20161.15,913.44,44664.65,49012.99,49015.63,2.639999999999418,5.3860370661346555e-05
2026-07-08 09:55:00,20161.51,913.04,44664.85,49013.3,49015.63,2.3299999999944703,4.753585743964671e-05
2026-07-08 09:56:00,20161.42,912.24,44664.98,49013.37,49015.63,2.2599999999947613,4.610774155090451e-05
2026-07-08 09:57:00,20161.23,912.07,44665.17,49013.46,49015.63,2.1699999999982538,4.427159255115672e-05
2026-07-08 09:58:00,20161.48,911.6,44665.3,49013.66,49015.63,1.9699999999938882,4.019126144035868e-05
2026-07-08 09:59:00,20161.98,910.9,44665.36,49013.9,49015.63,1.7299999999959255,3.529486410754948e-05
2026-07-08 10:00:00,20161.8,910.7,44665.62,49014.06,49015.63,1.569999999999709,3.203059921905949e-05
2026-07-08 10:01:00,20161.21,910.43,44665.59,49013.79,49015.63,1.8399999999965075,3.753904621845129e-05
2026-07-08 10:02:00,20160.76,910.38,44665.56,49013.59,49015.63,2.040000000000873,4.161937732924933e-05
2026-07-08 10:03:00,20160.11,910.46,44665.57,49013.32,49015.63,2.3099999999976717,4.7127824328641125e-05
2026-07-08 10:04:00,20159.63,910.07,44665.49,49013.05,49015.63,2.5799999999944703,5.2636271328032926e-05
2026-07-08 10:05:00,20159.31,910.82,44665.3,49012.76,49015.63,2.8699999999953434,5.8552751438578744e-05
2026-07-08 10:06:00,20159.22,910.47,44665.33,49012.77,49015.63,2.860000000000582,5.8348734883150174e-05
2026-07-08 10:07:00,20158.72,910.46,44665.21,49012.44,49015.63,3.1899999999950523,6.508128121570717e-05
2026-07-08 10:08:00,20158.41,910.43,44665.15,49012.26,49015.63,3.3699999999953434,6.875357921535118e-05
2026-07-08 10:09:00,20157.89,910.61,44664.96,49011.85,49015.63,3.779999999998836,7.711825799237582e-05
2026-07-08 10:10:00,20157.45,910.15,44664.94,49011.65,49015.63,3.9799999999959255,8.119858910302541e-05
2026-07-08 10:11:00,20157.57,910.07,44665.0,49011.76,49015.63,3.8699999999953434,7.89544069921236e-05
2026-07-08 10:12:00,20157.48,909.92,44665.19,49011.89,49015.63,3.7399999999979627,7.630219177021622e-05
2026-07-08 10:13:00,20157.2,910.08,44665.01,49011.61,49015.63,4.019999999996799,8.201465532518502e-05
2026-07-08 10:14:00,20156.79,910.12,44664.91,49011.34,49015.63,4.290000000000873,8.752310232472527e-05
2026-07-08 10:15:00,20156.68,910.14,44664.89,49011.3,49015.63,4.32999999999447,8.833916854673643e-05
2026-07-08 10:16:00,20157.13,909.78,44665.14,49011.7,49015.63,3.930000000000291,8.017850632543724e-05
2026-07-08 10:17:00,20157.39,909.33,44665.19,49011.84,49015.63,3.790000000000873,7.732227454795283e-05
2026-07-08 10:18:00,20157.51,909.35,44665.19,49011.89,49015.63,3.7399999999979627,7.630219177021622e-05
2026-07-08 10:19:00,20157.15,909.61,44664.89,49011.49,49015.63,4.139999999999418,8.446285399166385e-05
2026-07-08 10:20:00,20158.23,909.22,44665.25,49012.25,49015.63,3.3799999999973807,6.89575957709282e-05
2026-07-08 10:21:00,20158.1,909.14,44665.1,49012.04,49015.63,3.5899999999965075,7.32419434371548e-05
2026-07-08 10:22:00,20157.19,909.95,44664.74,49011.38,49015.63,4.25,8.670703610256566e-05
2026-07-08 10:23:00,20156.19,910.68,44664.36,49010.64,49015.63,4.989999999997963,0.00010180426121214729
2026-07-08 10:24:00,20155.73,911.1,44664.3,49010.38,49015.63,5.25,0.00010710869165611051
2026-07-08 10:25:00,20155.8,911.01,44664.35,49010.48,49015.63,5.149999999994179,0.00010506852610063728
2026-07-08 10:26:00,20156.79,911.08,44664.41,49010.93,49015.63,4.69999999999709,9.588778110160146e-05
2026-07-08 10:27:00,20157.95,910.8,44664.59,49011.57,49015.63,4.059999999997672,8.283072154734464e-05
2026-07-08 10:28:00,20158.67,909.89,44664.78,49012.03,49015.63,3.599999999998545,7.34459599927318e-05
2026-07-08 10:29:00,20159.65,908.74,44665.24,49012.83,49015.63,2.7999999999956344,5.7124635549836544e-05
2026-07-08 10:30:00,20159.75,908.32,44665.35,49012.97,49015.63,2.6599999999962165,5.426840377235214e-05
2026-07-08 10:31:00,20159.71,907.51,44665.48,49013.06,49015.63,2.569999999999709,5.2432254772604356e-05
2026-07-08 10:32:00,20159.88,907.03,44665.85,49013.44,49015.63,2.1899999999950523,4.46796256621623e-05
2026-07-08 10:33:00,20159.75,906.9,44665.88,49013.39,49015.63,2.2399999999979627,4.5699708439898925e-05
2026-07-08 10:34:00,20158.99,906.51,44665.85,49013.06,49015.63,2.569999999999709,5.2432254772604356e-05
2026-07-08 10:35:00,20157.93,906.95,44665.84,49012.64,49015.63,2.9899999999979627,6.100095010505757e-05
2026-07-08 10:36:00,20157.36,907.21,44665.94,49012.5,49015.63,3.1299999999973807,6.385718188254197e-05
2026-07-08 10:37:00,20157.44,907.06,44666.11,49012.69,49015.63,2.9399999999950523,5.998086732732095e-05
2026-07-08 10:38:00,20156.7,907.33,44665.98,49012.27,49015.63,3.360000000000582,6.854956265992261e-05
2026-07-08 10:39:00,20156.8,907.26,44666.04,49012.41,49015.63,3.219999999993888,6.569333088228976e-05
2026-07-08 10:40:00,20156.22,907.43,44666.23,49012.33,49015.63,3.2999999999956344,6.732546332660897e-05
2026-07-08 10:41:00,20156.46,906.98,44666.35,49012.52,49015.63,3.110000000000582,6.344914877153639e-05
2026-07-08 10:42:00,20156.86,906.66,44666.66,49012.98,49015.63,2.6499999999941792,5.4064387216775126e-05
2026-07-08 10:43:00,20156.51,906.75,44666.93,49013.06,49015.63,2.569999999999709,5.2432254772604356e-05
2026-07-08 10:44:00,20155.42,907.29,44666.71,49012.43,49015.63,3.1999999999970896,6.528529777128417e-05
2026-07-08 10:45:00,20155.4,907.42,44666.65,49012.37,49015.63,3.2599999999947613,6.650939710444936e-05
2026-07-08 10:46:00,20155.75,907.08,44666.73,49012.6,49015.63,3.029999999998836,6.181701632721717e-05
2026-07-08 10:47:00,20155.7,907.4,44666.8,49012.63,49015.63,3.0,6.120496666063459e-05
2026-07-08 10:48:00,20155.77,907.04,44666.64,49012.51,49015.63,3.1199999999953434,6.365316532696496e-05
2026-07-08 10:49:00,20156.57,906.71,44666.84,49013.03,49015.63,2.599999999998545,5.304430443918695e-05
2026-07-08 10:50:00,20157.22,906.27,44667.23,49013.62,49015.63,2.0099999999947613,4.100732766251829e-05
2026-07-08 10:51:00,20157.01,906.25,44667.29,49013.6,49015.63,2.029999999998836,4.141536077367232e-05
2026-07-08 10:52:00,20157.03,906.2,44667.26,49013.57,49015.63,2.0599999999976717,4.202741044025491e-05
2026-07-08 10:53:00,20156.67,906.12,44667.23,49013.4,49015.63,2.2299999999959255,4.5495691884321913e-05
2026-07-08 10:54:00,20156.65,905.78,44667.27,49013.43,49015.63,2.1999999999970896,4.488364221773931e-05
2026-07-08 10:55:00,20157.52,905.63,44667.35,49013.85,49015.63,1.7799999999988358,3.63149468852861e-05
2026-07-08 10:56:00,20157.91,905.17,44667.48,49014.1,49015.63,1.5299999999988358,3.121453299689989e-05
2026-07-08 10:57:00,20157.49,905.05,44667.68,49014.12,49015.63,1.5099999999947613,3.0806499885745864e-05
2026-07-08 10:58:00,20156.96,905.08,44667.48,49013.72,49015.63,1.9099999999962165,3.8967162107193495e-05
2026-07-08 10:59:00,20157.06,905.08,44667.61,49013.88,49015.63,1.75,3.5702897218703506e-05
2026-07-08 11:00:00,20156.28,905.33,44667.48,49013.47,49015.63,2.1599999999962165,4.406757599557971e-05
2026-07-08 11:01:00,20156.44,905.42,44667.74,49013.75,49015.63,1.8799999999973807,3.83551124406109e-05
2026-07-08 11:02:00,20156.41,905.2,44667.6,49013.59,49015.63,2.040000000000873,4.161937732924933e-05
2026-07-08 11:03:00,20156.07,904.95,44667.63,49013.5,49015.63,2.1299999999973807,4.345552632899711e-05
2026-07-08 11:04:00,20155.59,904.89,44667.92,49013.56,49015.63,2.069999999999709,4.2231426995831924e-05
2026-07-08 11:05:00,20154.9,904.43,44667.91,49013.26,49015.63,2.3699999999953434,4.835192366180631e-05
2026-07-08 11:06:00,20154.44,904.07,44668.08,49013.24,49015.63,2.389999999999418,4.875995677296034e-05
2026-07-08 11:07:00,20155.16,902.83,44668.52,49013.94,49015.63,1.6899999999950523,3.4478797885389877e-05
2026-07-08 11:08:00,20155.94,901.95,44668.98,49014.64,49015.63,0.9899999999979627,2.0197638997967847e-05
2026-07-08 11:09:00,20155.89,901.14,44669.11,49014.73,49015.63,0.8999999999941792,1.836148999807162e-05
2026-07-08 11:10:00,20155.58,900.45,44669.32,49014.79,49015.63,0.8399999999965075,1.713739066490643e-05
2026-07-08 11:11:00,20155.05,900.07,44669.58,49014.78,49015.63,0.8499999999985448,1.7341407220483444e-05
2026-07-08 11:12:00,20155.09,899.28,44669.87,49015.07,49015.63,0.5599999999976717,1.1424927109937621e-05
2026-07-08 11:13:00,20154.75,898.72,44669.9,49014.96,49015.63,0.6699999999982538,1.366910922083943e-05
2026-07-08 11:14:00,20154.51,897.76,44670.13,49015.06,49015.63,0.569999999999709,1.1628943665514633e-05
2026-07-08 11:15:00,20154.26,897.17,44670.38,49015.17,49015.63,0.4599999999991269,9.384761554612822e-06
2026-07-08 11:16:00,20153.46,897.09,44670.46,49014.93,49015.63,0.6999999999970896,1.4281158887422026e-05
2026-07-08 11:17:00,20152.32,896.8,44670.37,49014.35,49015.63,1.2799999999988358,2.6114119108513672e-05
2026-07-08 11:18:00,20151.04,896.85,44670.19,49013.67,49015.63,1.9599999999991269,3.998724488493011e-05
2026-07-08 11:19:00,20150.46,896.52,44670.29,49013.51,49015.63,2.1199999999953434,4.32515097734201e-05
2026-07-08 11:20:00,20149.76,896.7,44670.45,49013.36,49015.63,2.2699999999967986,4.631175810648152e-05
2026-07-08 11:21:00,20149.16,896.01,44670.46,49013.12,49015.63,2.5099999999947613,5.120815543929072e-05
2026-07-08 11:22:00,20149.18,895.51,44670.72,49013.33,49015.63,2.2999999999956344,4.692380777306411e-05
2026-07-08 11:23:00,20148.41,895.51,44670.56,49012.88,49015.63,2.75,5.610455277224837e-05
2026-07-08 11:24:00,20147.84,895.38,44670.72,49012.82,49015.63,2.8099999999976717,5.7328652105413556e-05
2026-07-08 11:25:00,20146.82,895.36,44670.43,49012.16,49015.63,3.469999999993888,7.079374477067597e-05
2026-07-08 11:26:00,20145.6,896.31,44669.96,49011.22,49015.63,4.4099999999962165,8.997130099105564e-05
2026-07-08 11:27:00,20144.69,896.57,44669.74,49010.67,49015.63,4.959999999999127,0.00010119221154556469
2026-07-08 11:28:00,20144.23,896.18,44669.92,49010.67,49015.63,4.959999999999127,0.00010119221154556469
2026-07-08 11:29:00,20143.75,896.45,44670.0,49010.53,49015.63,5.099999999998545,0.00010404844332304909
2026-07-08 11:30:00,20143.48,896.65,44669.62,49010.09,49015.63,5.540000000000873,0.00011302517176665634
2026-07-08 11:31:00,20143.17,896.88,44669.5,49009.85,49015.63,5.779999999998836,0.00011792156909946554
2026-07-08 11:32:00,20142.65,896.93,44669.26,49009.41,49015.63,6.219999999993888,0.00012689829754292434
2026-07-08 11:33:00,20142.24,897.08,44668.97,49008.98,49015.63,6.649999999994179,0.00013567100943095458
2026-07-08 11:34:00,20142.2,896.43,44669.16,49009.1,49015.63,6.529999999998836,0.0001332228107646242
2026-07-08 11:35:00,20142.0,896.68,44669.05,49008.91,49015.63,6.719999999993888,0.00013709912531969677
2026-07-08 11:36:00,20141.54,896.95,44668.86,49008.53,49015.63,7.099999999998545,0.00014485175443013882
2026-07-08 11:37:00,20140.22,897.48,44668.33,49007.55,49015.63,8.07999999999447,0.00016484537687252966
2026-07-08 11:38:00,20139.89,897.6,44668.3,49007.39,49015.63,8.239999999997963,0.00016810964176116808
2026-07-08 11:39:00,20139.87,897.4,44668.21,49007.27,49015.63,8.360000000000582,0.0001705578404276469
2026-07-08 11:40:00,20140.49,896.98,44668.05,49007.39,49015.63,8.239999999997963,0.00016810964176116808
2026-07-08 11:41:00,20140.92,896.96,44668.12,49007.61,49015.63,8.019999999996799,0.00016362127753936445
2026-07-08 11:42:00,20141.84,896.45,44668.1,49007.96,49015.63,7.669999999998254,0.00015648069809565346
2026-07-08 11:43:00,20142.46,895.76,44667.78,49007.95,49015.63,7.680000000000291,0.00015668471465123045
2026-07-08 11:44:00,20142.76,895.51,44667.62,49007.94,49015.63,7.689999999995052,0.00015688873120665904
2026-07-08 11:45:00,20142.91,895.41,44667.62,49007.96,49015.63,7.669999999998254,0.00015648069809565346
2026-07-08 11:46:00,20142.76,895.23,44667.43,49007.73,49015.63,7.899999999994179,0.00016117307887288565
2026-07-08 11:47:00,20142.49,895.73,44667.15,49007.36,49015.63,8.269999999996799,0.00016872169142775068
2026-07-08 11:48:00,20142.32,895.6,44666.84,49007.02,49015.63,8.610000000000582,0.0001756582543160331
2026-07-08 11:49:00,20142.36,895.56,44666.92,49007.1,49015.63,8.529999999998836,0.0001740261218717139
2026-07-08 11:50:00,20141.72,895.64,44666.79,49006.73,49015.63,8.89999999999418,0.0001815747344264305
2026-07-08 11:51:00,20140.98,895.45,44666.85,49006.47,49015.63,9.159999999996217,0.00018687916487039374
2026-07-08 11:52:00,20140.2,895.66,44666.8,49006.1,49015.63,9.529999999998836,0.00019442777742525877
2026-07-08 11:53:00,20139.27,895.9,44666.44,49005.4,49015.63,10.229999999995925,0.00020870893631268078
2026-07-08 11:54:00,20139.0,895.8,44666.18,49005.06,49015.63,10.569999999999709,0.00021564549920096324
2026-07-08 11:55:00,20139.12,895.71,44666.23,49005.12,49015.63,10.509999999994761,0.0002144213998676496
2026-07-08 11:56:00,20139.07,895.82,44666.09,49004.98,49015.63,10.64999999999418,0.000217277631645134
2026-07-08 11:57:00,20139.3,895.81,44665.87,49004.85,49015.63,10.779999999998836,0.00021992984686718985
2026-07-08 11:58:00,20139.63,895.75,44665.85,49004.98,49015.63,10.64999999999418,0.000217277631645134
2026-07-08 11:59:00,20140.19,895.38,44665.76,49005.16,49015.63,10.469999999993888,0.00021360533364549
2026-07-08 12:00:00,20140.26,895.46,44665.5,49004.96,49015.63,10.669999999998254,0.00021768566475628803
2026-07-08 12:01:00,20140.49,895.51,44665.47,49005.01,49015.63,10.619999999995343,0.00021666558197855142
2026-07-08 12:02:00,20140.76,895.33,44665.41,49005.06,49015.63,10.569999999999709,0.00021564549920096324
2026-07-08 12:03:00,20142.02,894.87,44665.67,49005.78,49015.63,9.849999999998545,0.0002009563072023872
2026-07-08 12:04:00,20141.8,894.48,44665.45,49005.49,49015.63,10.139999999999418,0.000206872787312933
2026-07-08 12:05:00,20141.75,894.4,44665.33,49005.37,49015.63,10.259999999994761,0.00020932098597926339
2026-07-08 12:06:00,20141.68,894.44,44665.05,49005.11,49015.63,10.519999999996799,0.0002146254164232266
2026-07-08 12:07:00,20141.64,894.3,44664.88,49004.94,49015.63,10.689999999995052,0.00021809369786729362
2026-07-08 12:08:00,20141.97,893.77,44665.01,49005.16,49015.63,10.469999999993888,0.00021360533364549
2026-07-08 12:09:00,20141.91,893.84,44664.9,49005.02,49015.63,10.610000000000582,0.00021646156542312283
2026-07-08 12:10:00,20141.62,893.83,44664.85,49004.88,49015.63,10.75,0.00021931779720060725
2026-07-08 12:11:00,20142.09,893.39,44664.93,49005.14,49015.63,10.489999999997963,0.00021401336675664403
2026-07-08 12:12:00,20143.0,892.89,44665.01,49005.58,49015.63,10.049999999995634,0.00020503663831303678
2026-07-08 12:13:00,20143.45,893.07,44664.84,49005.6,49015.63,10.029999999998836,0.0002046286052020312
2026-07-08 12:14:00,20144.17,892.64,44664.65,49005.73,49015.63,9.89999999999418,0.00020197638997997537
2026-07-08 12:15:00,20144.61,892.89,44664.82,49006.05,49015.63,9.57999999999447,0.00019544786020284696
2026-07-08 12:16:00,20145.26,892.56,44664.76,49006.26,49015.63,9.369999999995343,0.00019116351253662035
2026-07-08 12:17:00,20145.34,892.46,44664.58,49006.12,49015.63,9.509999999994761,0.00019401974431410474
2026-07-08 12:18:00,20144.91,892.23,44664.49,49005.87,49015.63,9.759999999994761,0.00019912015820249096
2026-07-08 12:19:00,20144.85,891.67,44664.5,49005.85,49015.63,9.779999999998836,0.00019952819131364497
2026-07-08 12:20:00,20144.9,891.73,44664.63,49005.99,49015.63,9.639999999999418,0.00019667195953616058
2026-07-08 12:21:00,20144.79,891.78,44664.61,49005.89,49015.63,9.739999999997963,0.00019871212509148538
2026-07-08 12:22:00,20145.09,891.38,44664.77,49006.18,49015.63,9.44999999999709,0.00019279564498093956
2026-07-08 12:23:00,20144.64,891.3,44664.82,49006.02,49015.63,9.610000000000582,0.00019605990986957798
2026-07-08 12:24:00,20145.04,890.8,44664.83,49006.22,49015.63,9.409999999996217,0.00019197957875877994
2026-07-08 12:25:00,20145.93,890.37,44665.07,49006.79,49015.63,8.839999999996508,0.00018035063509326532
2026-07-08 12:26:00,20146.66,890.22,44665.29,49007.26,49015.63,8.369999999995343,0.00017076185698307547
2026-07-08 12:27:00,20147.18,890.28,44665.37,49007.52,49015.63,8.110000000000582,0.00016545742653926068
2026-07-08 12:28:00,20148.1,889.53,44665.36,49007.89,49015.63,7.739999999997963,0.00015790881398439565
2026-07-08 12:29:00,20149.05,888.98,44665.76,49008.62,49015.63,7.009999999994761,0.00014301560543024259
2026-07-08 12:30:00,20149.58,889.24,44665.88,49008.94,49015.63,6.689999999995052,0.00013648707565311417
2026-07-08 12:31:00,20149.91,889.24,44665.92,49009.09,49015.63,6.540000000000873,0.0001334268273202012
2026-07-08 12:32:00,20150.38,888.88,44665.95,49009.3,49015.63,6.32999999999447,0.00012914247965382616
2026-07-08 12:33:00,20150.39,888.94,44665.88,49009.25,49015.63,6.379999999997381,0.00013016256243156277
2026-07-08 12:34:00,20150.72,888.42,44665.94,49009.45,49015.63,6.180000000000291,0.00012608223132091318
2026-07-08 12:35:00,20151.07,887.78,44666.12,49009.75,49015.63,5.879999999997381,0.00011996173465479034
2026-07-08 12:36:00,20151.29,887.25,44666.34,49010.04,49015.63,5.5899999999965075,0.00011404525454424451
2026-07-08 12:37:00,20151.22,886.67,44666.59,49010.22,49015.63,5.4099999999962165,0.0001103729565446005
2026-07-08 12:38:00,20151.2,886.16,44666.88,49010.48,49015.63,5.149999999994179,0.00010506852610063728
2026-07-08 12:39:00,20151.25,885.75,44667.15,49010.73,49015.63,4.899999999994179,9.996811221225106e-05
2026-07-08 12:40:00,20151.05,886.01,44667.4,49010.88,49015.63,4.75,9.690786387933809e-05
2026-07-08 12:41:00,20150.59,885.8,44667.15,49010.46,49015.63,5.169999999998254,0.0001054765592117913
2026-07-08 12:42:00,20150.17,885.84,44666.97,49010.12,49015.63,5.509999999994761,0.0001124131220999253
2026-07-08 12:43:00,20150.86,885.41,44667.25,49010.65,49015.63,4.9799999999959255,0.00010160024465657027
2026-07-08 12:44:00,20150.68,885.33,44667.55,49010.84,49015.63,4.790000000000873,9.772393010149769e-05
2026-07-08 12:45:00,20150.52,885.06,44667.49,49010.72,49015.63,4.9099999999962165,0.00010017212876782807
2026-07-08 12:46:00,20150.64,884.68,44667.89,49011.09,49015.63,4.540000000000873,9.262351621311148e-05
2026-07-08 12:47:00,20150.41,884.72,44667.87,49010.99,49015.63,4.639999999999418,9.466368176843627e-05
2026-07-08 12:48:00,20150.34,884.57,44668.06,49011.14,49015.63,4.489999999997963,9.160343343537486e-05
2026-07-08 12:49:00,20150.39,884.19,44668.13,49011.22,49015.63,4.4099999999962165,8.997130099105564e-05
2026-07-08 12:50:00,20150.55,883.78,44668.34,49011.48,49015.63,4.149999999994179,8.466687054709241e-05
2026-07-08 12:51:00,20150.93,883.21,44668.61,49011.87,49015.63,3.7599999999947613,7.67102248812218e-05
2026-07-08 12:52:00,20150.58,883.23,44668.67,49011.78,49015.63,3.849999999998545,7.854637388111802e-05
2026-07-08 12:53:00,20150.78,882.55,44668.85,49012.01,49015.63,3.6199999999953434,7.385399310373739e-05
2026-07-08 12:54:00,20150.88,882.2,44669.15,49012.35,49015.63,3.279999999998836,6.691743021560339e-05
2026-07-08 12:55:00,20150.58,882.1,44669.2,49012.3,49015.63,3.3299999999944703,6.793751299319157e-05
2026-07-08 12:56:00,20150.27,882.23,44669.23,49012.19,49015.63,3.4399999999950523,7.018169510409338e-05
2026-07-08 12:57:00,20150.41,882.11,44669.35,49012.31,49015.63,3.319999999999709,6.773349643776299e-05
2026-07-08 12:58:00,20149.99,882.21,44669.5,49012.26,49015.63,3.3699999999953434,6.875357921535118e-05
2026-07-08 12:59:00,20150.04,882.13,44669.57,49012.37,49015.63,3.2599999999947613,6.650939710444936e-05
2026-07-08 13:00:00,20150.0,881.98,44669.53,49012.32,49015.63,3.3099999999976717,6.752947988218599e-05
2026-07-08 13:01:00,20149.9,882.02,44669.72,49012.43,49015.63,3.1999999999970896,6.528529777128417e-05
2026-07-08 13:02:00,20149.31,881.86,44669.61,49012.08,49015.63,3.5499999999956344,7.24258772149952e-05
2026-07-08 13:03:00,20149.25,881.45,44669.75,49012.2,49015.63,3.430000000000291,6.99776785486648e-05
2026-07-08 13:04:00,20149.18,881.06,44669.99,49012.4,49015.63,3.2299999999959255,6.589734743786678e-05
2026-07-08 13:05:00,20148.91,881.06,44670.22,49012.47,49015.63,3.1599999999962165,6.446923154912457e-05
2026-07-08 13:06:00,20149.22,880.94,44670.26,49012.62,49015.63,3.0099999999947613,6.140898321606315e-05
2026-07-08 13:07:00,20149.64,880.73,44670.29,49012.82,49015.63,2.8099999999976717,5.7328652105413556e-05
2026-07-08 13:08:00,20149.42,880.81,44670.29,49012.77,49015.63,2.860000000000582,5.8348734883150174e-05
2026-07-08 13:09:00,20149.48,880.65,44670.51,49012.99,49015.63,2.639999999999418,5.3860370661346555e-05
2026-07-08 13:10:00,20149.57,880.69,44670.36,49012.88,49015.63,2.75,5.610455277224837e-05
2026-07-08 13:11:00,20148.28,881.01,44670.38,49012.39,49015.63,3.2399999999979627,6.610136399344378e-05
2026-07-08 13:12:00,20149.4,880.66,44670.77,49013.19,49015.63,2.4399999999950523,4.978003955054852e-05
2026-07-08 13:13:00,20149.74,880.2,44670.91,49013.42,49015.63,2.209999999999127,4.508765877331633e-05
2026-07-08 13:14:00,20149.55,879.63,44670.7,49013.14,49015.63,2.4899999999979627,5.080012232828514e-05
2026-07-08 13:15:00,20149.99,879.22,44671.31,49013.88,49015.63,1.75,3.5702897218703506e-05
2026-07-08 13:16:00,20149.82,879.2,44671.48,49013.95,49015.63,1.680000000000291,3.4274781329961306e-05
2026-07-08 13:17:00,20148.95,879.08,44671.42,49013.54,49015.63,2.0899999999965075,4.263946010683751e-05
2026-07-08 13:18:00,20148.59,879.15,44671.37,49013.39,49015.63,2.2399999999979627,4.5699708439898925e-05
2026-07-08 13:19:00,20148.94,878.44,44671.72,49013.82,49015.63,1.8099999999976717,3.6926996551868694e-05
2026-07-08 13:20:00,20146.94,879.29,44671.39,49012.71,49015.63,2.9199999999982538,5.957283421631537e-05
2026-07-08 13:21:00,20146.17,879.75,44671.25,49012.3,49015.63,3.3299999999944703,6.793751299319157e-05
2026-07-08 13:22:00,20146.11,879.89,44671.53,49012.52,49015.63,3.110000000000582,6.344914877153639e-05
2026-07-08 13:23:00,20145.49,880.41,44671.45,49012.19,49015.63,3.4399999999950523,7.018169510409338e-05
2026-07-08 13:24:00,20145.04,880.31,44671.3,49011.88,49015.63,3.75,7.650620832579322e-05
2026-07-08 13:25:00,20145.12,880.28,44671.42,49012.01,49015.63,3.6199999999953434,7.385399310373739e-05
2026-07-08 13:26:00,20145.3,880.4,44671.48,49012.17,49015.63,3.459999999999127,7.05897282152474e-05
2026-07-08 13:27:00,20144.89,880.4,44671.55,49012.05,49015.63,3.5799999999944703,7.303792688157778e-05
2026-07-08 13:28:00,20145.97,879.76,44672.21,49013.05,49015.63,2.5799999999944703,5.2636271328032926e-05
2026-07-08 13:29:00,20146.36,879.45,44672.19,49013.21,49015.63,2.4199999999982538,4.937200643954294e-05
2026-07-08 13:30:00,20146.89,879.04,44672.46,49013.63,49015.63,2.0,4.080331110708972e-05
2026-07-08 13:31:00,20146.79,879.07,44672.36,49013.49,49015.63,2.139999999999418,4.3659542884574124e-05
2026-07-08 13:32:00,20146.6,879.2,44672.33,49013.4,49015.63,2.2299999999959255,4.5495691884321913e-05
2026-07-08 13:33:00,20146.64,878.65,44672.57,49013.65,49015.63,1.9799999999959255,4.0395277995935694e-05
2026-07-08 13:34:00,20146.03,878.75,44672.51,49013.35,49015.63,2.279999999998836,4.651577466205853e-05
2026-07-08 13:35:00,20145.39,878.92,44672.57,49013.13,49015.63,2.5,5.100413888386215e-05
2026-07-08 13:36:00,20145.63,878.75,44672.69,49013.35,49015.63,2.279999999998836,4.651577466205853e-05
2026-07-08 13:37:00,20146.14,878.47,44672.92,49013.75,49015.63,1.8799999999973807,3.83551124406109e-05
2026-07-08 13:38:00,20146.34,878.22,44673.07,49013.97,49015.63,1.6599999999962165,3.3866748218807276e-05
2026-07-08 13:39:00,20146.76,878.39,44673.12,49014.2,49015.63,1.430000000000291,2.9174367441575087e-05
2026-07-08 13:40:00,20147.62,877.85,44673.41,49014.82,49015.63,0.8099999999976717,1.6525340998323835e-05
2026-07-08 13:41:00,20148.76,877.18,44673.68,49015.53,49015.63,0.09999999999854481,2.040165555324798e-06
2026-07-08 13:42:00,20149.39,876.81,44673.65,49015.78,49015.63,0.1500000000014552,3.0602483330614173e-06
2026-07-08 13:43:00,20149.16,877.09,44673.47,49015.52,49015.63,0.11000000000058208,2.24418211090181e-06
2026-07-08 13:44:00,20149.81,876.72,44673.75,49016.05,49015.63,0.42000000000552973,8.568695332601657e-06
2026-07-08 13:45:00,20149.8,876.42,44673.88,49016.14,49015.63,0.5100000000020373,1.0404844332349443e-05
2026-07-08 13:46:00,20149.5,875.84,44673.89,49016.04,49015.63,0.41000000000349246,8.364678777024645e-06
2026-07-08 13:47:00,20149.47,875.42,44674.11,49016.21,49015.63,0.5800000000017462,1.1832960221091644e-05
2026-07-08 13:48:00,20148.97,875.64,44674.11,49015.96,49015.63,0.33000000000174623,6.73254633270543e-06
2026-07-08 13:49:00,20148.84,875.69,44674.17,49015.95,49015.63,0.31999999999970896,6.528529777128418e-06
2026-07-08 13:50:00,20148.8,875.67,44674.31,49016.09,49015.63,0.4599999999991269,9.384761554612822e-06
2026-07-08 13:51:00,20148.2,875.78,44674.24,49015.75,49015.63,0.12000000000261934,2.4481986664788224e-06
2026-07-08 13:52:00,20147.73,875.73,44673.93,49015.36,49015.63,0.2699999999967986,5.508446999391798e-06
2026-07-08 13:53:00,20147.6,875.51,44674.05,49015.39,49015.63,0.23999999999796273,4.896397332809203e-06
2026-07-08 13:54:00,20147.41,875.5,44673.99,49015.28,49015.63,0.3499999999985448,7.140579443711013e-06
2026-07-08 13:55:00,20146.21,875.55,44673.68,49014.49,49015.63,1.139999999999418,2.3257887331029265e-05
2026-07-08 13:56:00,20146.0,875.82,44673.54,49014.32,49015.63,1.3099999999976717,2.6726168775096266e-05
2026-07-08 13:57:00,20145.26,876.08,44673.46,49013.95,49015.63,1.680000000000291,3.4274781329961306e-05
2026-07-08 13:58:00,20145.05,876.59,44673.39,49013.81,49015.63,1.819999999999709,3.7131013107445705e-05
2026-07-08 13:59:00,20144.85,876.55,44673.3,49013.63,49015.63,2.0,4.080331110708972e-05
2026-07-08 14:00:00,20145.62,876.66,44673.37,49014.02,49015.63,1.610000000000582,3.28466654412191e-05
2026-07-08 14:01:00,20145.59,876.64,44673.33,49013.96,49015.63,1.6699999999982538,3.407076477438429e-05
2026-07-08 14:02:00,20145.64,876.73,44673.11,49013.78,49015.63,1.8499999999985448,3.77430627740283e-05
2026-07-08 14:03:00,20146.37,876.68,44673.31,49014.21,49015.63,1.4199999999982538,2.8970350885998075e-05
2026-07-08 14:04:00,20145.64,876.92,44673.14,49013.74,49015.63,1.889999999999418,3.855912899618791e-05
2026-07-08 14:05:00,20145.06,877.22,44672.99,49013.37,49015.63,2.2599999999947613,4.610774155090451e-05
2026-07-08 14:06:00,20144.54,877.63,44672.84,49013.05,49015.63,2.5799999999944703,5.2636271328032926e-05
2026-07-08 14:07:00,20144.93,877.58,44672.87,49013.25,49015.63,2.3799999999973807,4.8555940217383325e-05
2026-07-08 14:08:00,20145.55,877.35,44673.0,49013.61,49015.63,2.0199999999967986,4.12113442180953e-05
2026-07-08 14:09:00,20145.62,877.79,44673.09,49013.71,49015.63,1.9199999999982538,3.9171178662770506e-05
2026-07-08 14:10:00,20145.42,877.52,44672.97,49013.52,49015.63,2.110000000000582,4.304749321799153e-05
2026-07-08 14:11:00,20145.78,877.62,44672.91,49013.61,49015.63,2.0199999999967986,4.12113442180953e-05
2026-07-08 14:12:00,20146.13,877.83,44672.83,49013.76,49015.63,1.8699999999953434,3.815109588503389e-05
2026-07-08 14:13:00,20146.71,878.02,44673.01,49014.12,49015.63,1.5099999999947613,3.0806499885745864e-05
2026-07-08 14:14:00,20146.73,878.27,44672.86,49013.93,49015.63,1.6999999999970896,3.468281444096689e-05
2026-07-08 14:15:00,20147.08,878.21,44672.47,49013.75,49015.63,1.8799999999973807,3.83551124406109e-05
2026-07-08 14:16:00,20147.98,877.93,44672.99,49014.58,49015.63,1.0499999999956344,2.142173833113304e-05
2026-07-08 14:17:00,20147.94,877.93,44672.94,49014.52,49015.63,1.110000000000582,2.264583766444667e-05
2026-07-08 14:18:00,20148.57,877.65,44673.0,49014.83,49015.63,0.7999999999956344,1.6321324442746823e-05
2026-07-08 14:19:00,20150.18,877.48,44673.15,49015.63,49015.63,0.0,0.0
2026-07-08 14:20:00,,,,49015.63,49015.63,0.0,0.0
2026-07-08 14:21:00,,,,49015.63,49015.63,0.0,0.0
2026-07-08 14:22:00,,,,49015.63,49015.63,0.0,0.0
2026-07-08 14:23:00,,,,49015.63,49015.63,0.0,0.0
2026-07-08 14:24:00,,,,49015.63,49015.63,0.0,0.0
2026-07-08 14:25:00,,,,49015.63,49015.63,0.0,0.0
2026-07-08 14:26:00,,,,49015.63,49015.63,0.0,0.0
2026-07-08 14:27:00,,,,49015.63,49015.63,0.0,0.0
2026-07-08 14:28:00,,,,49015.63,49015.63,0.0,0.0
2026-07-08 14:29:00,,,,49015.63,49015.63,0.0,0.0
2026-07-08 14:30:00,,,,49015.63,49015.63,0.0,0.0
2026-07-08 14:31:00,,,,49015.63,49015.63,0.0,0.0
2026-07-08 14:32:00,,,,49015.63,49015.63,0.0,0.0
2026-07-08 14:33:00,,,,49015.63,49015.63,0.0,0.0
2026-07-08 14:34:00,,,,49015.63,49015.63,0.0,0.0
2026-07-08 14:35:00,,,,49015.63,49015.63,0.0,0.0
2026-07-08 14:36:00,,,,49015.63,49015.63,0.0,0.0
2026-07-08 14:37:00,,,,49015.63,49015.63,0.0,0.0
2026-07-08 14:38:00,,,,49015.63,49015.63,0.0,0.0
2026-07-08 14:39:00,,,,49015.63,49015.63,0.0,0.0
2026-07-08 14:40:00,,,,49015.63,49015.63,0.0,0.0
2026-07-08 14:41:00,,,,49015.63,49015.63,0.0,0.0
2026-07-08 14:42:00,,,,49015.63,49015.63,0.0,0.0
2026-07-08 14:43:00,,,,49015.63,49015.63,0.0,0.0
2026-07-08 14:44:00,,,,49015.63,49015.63,0.0,0.0
2026-07-08 14:45:00,,,,49015.63,49015.63,0.0,0.0
2026-07-08 14:46:00,,,,49015.63,49015.63,0.0,0.0
2026-07-08 14:47:00,,,,49015.63,49015.63,0.0,0.0
2026-07-08 14:48:00,,,,49015.63,49015.63,0.0,0.0
2026-07-08 14:49:00,,,,49015.63,49015.63,0.0,0.0
2026-07-08 14:50:00,,,,49015.63,49015.63,0.0,0.0
2026-07-08 14:51:00,,,,49015.63,49015.63,0.0,0.0
2026-07-08 14:52:00,,,,49015.63,49015.63,0.0,0.0
2026-07-08 14:53:00,,,,49015.63,49015.63,0.0,0.0
2026-07-08 14:54:00,,,,49015.63,49015.63,0.0,0.0
2026-07-08 14:55:00,,,,49015.63,49015.63,0.0,0.0
2026-07-08 14:56:00,,,,49015.63,49015.63,0.0,0.0
2026-07-08 14:57:00,,,,49015.63,49015.63,0.0,0.0
2026-07-08 14:58:00,,,,49015.63,49015.63,0.0,0.0
2026-07-08 14:59:00,,,,49015.63,49015.63,0.0,0.0
2026-07-08 15:00:00,,,,49015.63,49015.63,0.0,0.0
2026-07-08 15:01:00,,,,49015.63,49015.63,0.0,0.0
2026-07-08 15:02:00,,,,49015.63,49015.63,0.0,0.0
2026-07-08 15:03:00,,,,49015.63,49015.63,0.0,0.0
2026-07-08 15:04:00,,,,49015.63,49015.63,0.0,0.0
2026-07-08 15:05:00,,,,49015.63,49015.63,0.0,0.0
2026-07-08 15:06:00,,,,49015.63,49015.63,0.0,0.0
2026-07-08 15:07:00,,,,49015.63,49015.63,0.0,0.0
2026-07-08 15:08:00,,,,49015.63,49015.63,0.0,0.0
2026-07-08 15:09:00,,,,49015.63,49015.63,0.0,0.0
2026-07-08 15:10:00,,,,49015.63,49015.63,0.0,0.0
2026-07-08 15:11:00,,,,49015.63,49015.63,0.0,0.0
2026-07-08 15:12:00,,,,49015.63,49015.63,0.0,0.0
2026-07-08 15:13:00,,,,49015.63,49015.63,0.0,0.0
2026-07-08 15:14:00,,,,49015.63,49015.63,0.0,0.0
2026-07-08 15:15:00,,,,49015.63,49015.63,0.0,0.0
2026-07-08 15:16:00,,,,49015.63,49015.63,0.0,0.0
2026-07-08 15:17:00,,,,49015.63,49015.63,0.0,0.0
2026-07-08 15:18:00,,,,49015.63,49015.63,0.0,0.0
2026-07-08 15:19:00,,,,49015.63,49015.63,0.0,0.0
2026-07-08 15:20:00,,,,49015.63,49015.63,0.0,0.0
2026-07-08 15:21:00,,,,49015.63,49015.63,0.0,0.0
2026-07-08 15:22:00,,,,49015.63,49015.63,0.0,0.0
2026-07-08 15:23:00,,,,49015.63,49015.63,0.0,0.0
2026-07-08 15:24:00,,,,49015.63,49015.63,0.0,0.0
2026-07-08 15:25:00,,,,49015.63,49015.63,0.0,0.0
2026-07-08 15:26:00,,,,49015.63,49015.63,0.0,0.0
2026-07-08 15:27:00,,,,49015.63,49015.63,0.0,0.0
2026-07-08 15:28:00,,,,49015.63,49015.63,0.0,0.0
2026-07-08 15:29:00,,,,49015.63,49015.63,0.0,0.0
2026-07-08 15:30:00,,,,49015.63,49015.63,0.0,0.0
2026-07-08 15:31:00,,,,49015.63,49015.63,0.0,0.0
2026-07-08 15:32:00,,,,49015.63,49015.63,0.0,0.0
2026-07-08 15:33:00,,,,49015.63,49015.63,0.0,0.0
2026-07-08 15:34:00,,,,49015.63,49015.63,0.0,0.0
2026-07-08 15:35:00,,,,49015.63,49015.63,0.0,0.0
2026-07-08 15:36:00,,,,49015.63,49015.63,0.0,0.0
2026-07-08 15:37:00,,,,49015.63,49015.63,0.0,0.0
2026-07-08 15:38:00,,,,49015.63,49015.63,0.0,0.0
2026-07-08 15:39:00,,,,49015.63,49015.63,0.0,0.0
2026-07-08 15:40:00,,,,49015.63,49015.63,0.0,0.0
2026-07-08 15:41:00,,,,49015.63,49015.63,0.0,0.0
2026-07-08 15:42:00,,,,49015.63,49015.63,0.0,0.0
2026-07-08 15:43:00,,,,49015.63,49015.63,0.0,0.0
2026-07-08 15:44:00,,,,49015.63,49015.63,0.0,0.0
2026-07-08 15:45:00,,,,49015.63,49015.63,0.0,0.0
2026-07-08 15:46:00,,,,49015.63,49015.63,0.0,0.0
2026-07-08 15:47:00,,,,49015.63,49015.63,0.0,0.0
2026-07-08 15:48:00,,,,49015.63,49015.63,0.0,0.0
2026-07-08 15:49:00,,,,49015.63,49015.63,0.0,0.0
2026-07-08 15:50:00,,,,49015.63,49015.63,0.0,0.0
2026-07-08 15:51:00,,,,49015.63,49015.63,0.0,0.0
2026-07-08 15:52:00,,,,49015.63,49015.63,0.0,0.0
2026-07-08 15:53:00,,,,49015.63,49015.63,0.0,0.0
2026-07-08 15:54:00,,,,49015.63,49015.63,0.0,0.0
2026-07-08 15:55:00,,,,49015.63,49015.63,0.0,0.0
2026-07-08 15:56:00,,,,49015.63,49015.63,0.0,0.0
2026-07-08 15:57:00,,,,49015.63,49015.63,0.0,0.0
2026-07-08 15:58:00,,,,49015.63,49015.63,0.0,0.0
2026-07-08 15:59:00,,,,49015.63,49015.63,0.0,0.0
2026-07-08 16:00:00,,,,49015.63,49015.63,0.0,0.0
2026-07-08 16:01:00,,,,49015.63,49015.63,0.0,0.0
2026-07-08 16:02:00,,,,49015.63,49015.63,0.0,0.0
2026-07-08 16:03:00,,,,49015.63,49015.63,0.0,0.0
2026-07-08 16:04:00,,,,49015.63,49015.63,0.0,0.0
2026-07-08 16:05:00,,,,49015.63,49015.63,0.0,0.0
2026-07-08 16:06:00,,,,49015.63,49015.63,0.0,0.0
2026-07-08 16:07:00,,,,49015.63,49015.63,0.0,0.0
2026-07-08 16:08:00,,,,49015.63,49015.63,0.0,0.0
2026-07-08 16:09:00,,,,49015.63,49015.63,0.0,0.0
2026-07-08 16:10:00,,,,49015.63,49015.63,0.0,0.0
2026-07-08 16:11:00,,,,49015.63,49015.63,0.0,0.0
2026-07-08 16:12:00,,,,49015.63,49015.63,0.0,0.0
2026-07-08 16:13:00,,,,49015.63,49015.63,0.0,0.0
2026-07-08 16:14:00,,,,49015.63,49015.63,0.0,0.0
2026-07-08 16:15:00,,,,49015.63,49015.63,0.0,0.0
2026-07-08 16:16:00,,,,49015.63,49015.63,0.0,0.0
2026-07-08 16:17:00,,,,49015.63,49015.63,0.0,0.0
2026-07-08 16:18:00,,,,49015.63,49015.63,0.0,0.0
2026-07-08 16:19:00,,,,49015.63,49015.63,0.0,0.0
2026-07-08 16:20:00,,,,49015.63,49015.63,0.0,0.0
2026-07-08 16:21:00,,,,49015.63,49015.63,0.0,0.0
2026-07-08 16:22:00,,,,49015.63,49015.63,0.0,0.0
2026-07-08 16:23:00,,,,49015.63,49015.63,0.0,0.0
2026-07-08 16:24:00,,,,49015.63,49015.63,0.0,0.0
2026-07-08 16:25:00,,,,49015.63,49015.63,0.0,0.0
2026-07-08 16:26:00,,,,49015.63,49015.63,0.0,0.0
2026-07-08 16:27:00,,,,49015.63,49015.63,0.0,0.0
2026-07-08 16:28:00,,,,49015.63,49015.63,0.0,0.0
2026-07-08 16:29:00,,,,49015.63,49015.63,0.0,0.0
2026-07-08 16:30:00,,,,49015.63,49015.63,0.0,0.0
2026-07-08 16:31:00,,,,49015.63,49015.63,0.0,0.0
2026-07-08 16:32:00,,,,49015.63,49015.63,0.0,0.0
2026-07-08 16:33:00,,,,49015.63,49015.63,0.0,0.0
2026-07-08 16:34:00,,,,49015.63,49015.63,0.0,0.0
2026-07-08 16:35:00,,,,49015.63,49015.63,0.0,0.0
2026-07-08 16:36:00,,,,49015.63,49015.63,0.0,0.0
2026-07-08 16:37:00,,,,49015.63,49015.63,0.0,0.0
2026-07-08 16:38:00,,,,49015.63,49015.63,0.0,0.0
2026-07-08 16:39:00,,,,49015.63,49015.63,0.0,0.0
2026-07-08 16:40:00,,,,49015.63,49015.63,0.0,0.0
2026-07-08 16:41:00,,,,49015.63,49015.63,0.0,0.0
2026-07-08 16:42:00,,,,49015.63,49015.63,0.0,0.0
2026-07-08 16:43:00,,,,49015.63,49015.63,0.0,0.0
2026-07-08 16:44:00,,,,49015.63,49015.63,0.0,0.0
2026-07-08 16:45:00,,,,49015.63,49015.63,0.0,0.0
2026-07-08 16:46:00,,,,49015.63,49015.63,0.0,0.0
2026-07-08 16:47:00,,,,49015.63,49015.63,0.0,0.0
2026-07-08 16:48:00,,,,49015.63,49015.63,0.0,0.0
2026-07-08 16:49:00,,,,49015.63,49015.63,0.0,0.0
2026-07-08 16:50:00,,,,49015.63,49015.63,0.0,0.0
2026-07-08 16:51:00,,,,49015.63,49015.63,0.0,0.0
2026-07-08 16:52:00,,,,49015.63,49015.63,0.0,0.0
2026-07-08 16:53:00,,,,49015.63,49015.63,0.0,0.0
2026-07-08 16:54:00,,,,49015.63,49015.63,0.0,0.0
2026-07-08 16:55:00,,,,49015.63,49015.63,0.0,0.0
2026-07-08 16:56:00,,,,49015.63,49015.63,0.0,0.0
2026-07-08 16:57:00,,,,49015.63,49015.63,0.0,0.0
2026-07-08 16:58:00,,,,49015.63,49015.63,0.0,0.0
2026-07-08 16:59:00,,,,49015.63,49015.63,0.0,0.0
2026-07-08 17:00:00,,,,49015.63,49015.63,0.0,0.0
2026-07-08 17:01:00,,,,49015.63,49015.63,0.0,0.0
2026-07-08 17:02:00,,,,49015.63,49015.63,0.0,0.0
2026-07-08 17:03:00,,,,49015.63,49015.63,0.0,0.0
2026-07-08 17:04:00,,,,49015.63,49015.63,0.0,0.0
2026-07-08 17:05:00,,,,49015.63,49015.63,0.0,0.0
2026-07-08 17:06:00,,,,49015.63,49015.63,0.0,0.0
2026-07-08 17:07:00,,,,49015.63,49015.63,0.0,0.0
2026-07-08 17:08:00,,,,49015.63,49015.63,0.0,0.0
2026-07-08 17:09:00,,,,49015.63,49015.63,0.0,0.0
2026-07-08 17:10:00,,,,49015.63,49015.63,0.0,0.0
2026-07-08 17:11:00,,,,49015.63,49015.63,0.0,0.0
2026-07-08 17:12:00,,,,49015.63,49015.63,0.0,0.0
2026-07-08 17:13:00,,,,49015.63,49015.63,0.0,0.0
2026-07-08 17:14:00,,,,49015.63,49015.63,0.0,0.0
2026-07-08 17:15:00,,,,49015.63,49015.63,0.0,0.0
2026-07-08 17:16:00,,,,49015.63,49015.63,0.0,0.0
2026-07-08 17:17:00,,,,49015.63,49015.63,0.0,0.0
2026-07-08 17:18:00,,,,49015.63,49015.63,0.0,0.0
2026-07-08 17:19:00,,,,49015.63,49015.63,0.0,0.0
2026-07-08 17:20:00,,,,49015.63,49015.63,0.0,0.0
2026-07-08 17:21:00,,,,49015.63,49015.63,0.0,0.0
2026-07-08 17:22:00,,,,49015.63,49015.63,0.0,0.0
2026-07-08 17:23:00,,,,49015.63,49015.63,0.0,0.0
2026-07-08 17:24:00,,,,49015.63,49015.63,0.0,0.0
2026-07-08 17:25:00,,,,49015.63,49015.63,0.0,0.0
2026-07-08 17:26:00,,,,49015.63,49015.63,0.0,0.0
2026-07-08 17:27:00,,,,49015.63,49015.63,0.0,0.0
2026-07-08 17:28:00,,,,49015.63,49015.63,0.0,0.0
2026-07-08 17:29:00,,,,49015.63,49015.63,0.0,0.0
2026-07-08 17:30:00,,,,49015.63,49015.63,0.0,0.0
2026-07-08 17:31:00,,,,49015.63,49015.63,0.0,0.0
2026-07-08 17:32:00,,,,49015.63,49015.63,0.0,0.0
2026-07-08 17:33:00,,,,49015.63,49015.63,0.0,0.0
2026-07-08 17:34:00,,,,49015.63,49015.63,0.0,0.0
2026-07-08 17:35:00,,,,49015.63,49015.63,0.0,0.0
2026-07-08 17:36:00,,,,49015.63,49015.63,0.0,0.0
2026-07-08 17:37:00,,,,49015.63,49015.63,0.0,0.0
2026-07-08 17:38:00,,,,49015.63,49015.63,0.0,0.0
2026-07-08 17:39:00,,,,49015.63,49015.63,0.0,0.0
2026-07-08 17:40:00,,,,49015.63,49015.63,0.0,0.0
2026-07-08 17:41:00,,,,49015.63,49015.63,0.0,0.0
2026-07-08 17:42:00,,,,49015.63,49015.63,0.0,0.0
2026-07-08 17:43:00,,,,49015.63,49015.63,0.0,0.0
2026-07-08 17:44:00,,,,49015.63,49015.63,0.0,0.0
2026-07-08 17:45:00,,,,49015.63,49015.63,0.0,0.0
2026-07-08 17:46:00,,,,49015.63,49015.63,0.0,0.0
2026-07-08 17:47:00,,,,49015.63,49015.63,0.0,0.0
2026-07-08 17:48:00,,,,49015.63,49015.63,0.0,0.0
2026-07-08 17:49:00,,,,49015.63,49015.63,0.0,0.0
2026-07-08 17:50:00,,,,49015.63,49015.63,0.0,0.0
2026-07-08 17:51:00,,,,49015.63,49015.63,0.0,0.0
2026-07-08 17:52:00,,,,49015.63,49015.63,0.0,0.0
2026-07-08 17:53:00,,,,49015.63,49015.63,0.0,0.0
2026-07-08 17:54:00,,,,49015.63,49015.63,0.0,0.0
2026-07-08 17:55:00,,,,49015.63,49015.63,0.0,0.0
2026-07-08 17:56:00,,,,49015.63,49015.63,0.0,0.0
2026-07-08 17:57:00,,,,49015.63,49015.63,0.0,0.0
2026-07-08 17:58:00,,,,49015.63,49015.63,0.0,0.0
2026-07-08 17:59:00,,,,49015.63,49015.63,0.0,0.0
2026-07-08 18:00:00,,,,49015.63,49015.63,0.0,0.0
2026-07-08 18:01:00,,,,49015.63,49015.63,0.0,0.0
2026-07-08 18:02:00,,,,49015.63,49015.63,0.0,0.0
2026-07-08 18:03:00,,,,49015.63,49015.63,0.0,0.0
2026-07-08 18:04:00,,,,49015.63,49015.63,0.0,0.0
2026-07-08 18:05:00,,,,49015.63,49015.63,0.0,0.0
2026-07-08 18:06:00,,,,49015.63,49015.63,0.0,0.0
2026-07-08 18:07:00,,,,49015.63,49015.63,0.0,0.0
2026-07-08 18:08:00,,,,49015.63,49015.63,0.0,0.0
2026-07-08 18:09:00,,,,49015.63,49015.63,0.0,0.0
2026-07-08 18:10:00,,,,49015.63,49015.63,0.0,0.0
2026-07-08 18:11:00,,,,49015.63,49015.63,0.0,0.0
2026-07-08 18:12:00,,,,49015.63,49015.63,0.0,0.0
2026-07-08 18:13:00,,,,49015.63,49015.63,0.0,0.0
2026-07-08 18:14:00,,,,49015.63,49015.63,0.0,0.0
2026-07-08 18:15:00,,,,49015.63,49015.63,0.0,0.0
2026-07-08 18:16:00,,,,49015.63,49015.63,0.0,0.0
2026-07-08 18:17:00,,,,49015.63,49015.63,0.0,0.0
2026-07-08 18:18:00,,,,49015.63,49015.63,0.0,0.0
2026-07-08 18:19:00,,,,49015.63,49015.63,0.0,0.0
2026-07-08 18:20:00,,,,49015.63,49015.63,0.0,0.0
2026-07-08 18:21:00,,,,49015.63,49015.63,0.0,0.0
2026-07-08 18:22:00,,,,49015.63,49015.63,0.0,0.0
2026-07-08 18:23:00,,,,49015.63,49015.63,0.0,0.0
2026-07-08 18:24:00,,,,49015.63,49015.63,0.0,0.0
2026-07-08 18:25:00,,,,49015.63,49015.63,0.0,0.0
2026-07-08 18:26:00,,,,49015.63,49015.63,0.0,0.0
2026-07-08 18:27:00,,,,49015.63,49015.63,0.0,0.0
2026-07-08 18:28:00,,,,49015.63,49015.63,0.0,0.0
2026-07-08 18:29:00,,,,49015.63,49015.63,0.0,0.0
2026-07-08 18:30:00,,,,49015.63,49015.63,0.0,0.0
2026-07-08 18:31:00,,,,49015.63,49015.63,0.0,0.0
2026-07-08 18:32:00,,,,49015.63,49015.63,0.0,0.0
2026-07-08 18:33:00,,,,49015.63,49015.63,0.0,0.0
2026-07-08 18:34:00,,,,49015.63,49015.63,0.0,0.0
2026-07-08 18:35:00,,,,49015.63,49015.63,0.0,0.0
2026-07-08 18:36:00,,,,49015.63,49015.63,0.0,0.0
2026-07-08 18:37:00,,,,49015.63,49015.63,0.0,0.0
2026-07-08 18:38:00,,,,49015.63,49015.63,0.0,0.0
2026-07-08 18:39:00,,,,49015.63,49015.63,0.0,0.0
2026-07-08 18:40:00,,,,49015.63,49015.63,0.0,0.0
2026-07-08 18:41:00,,,,49015.63,49015.63,0.0,0.0
2026-07-08 18:42:00,,,,49015.63,49015.63,0.0,0.0
2026-07-08 18:43:00,,,,49015.63,49015.63,0.0,0.0
2026-07-08 18:44:00,,,,49015.63,49015.63,0.0,0.0
2026-07-08 18:45:00,,,,49015.63,49015.63,0.0,0.0
2026-07-08 18:46:00,,,,49015.63,49015.63,0.0,0.0
2026-07-08 18:47:00,,,,49015.63,49015.63,0.0,0.0
2026-07-08 18:48:00,,,,49015.63,49015.63,0.0,0.0
2026-07-08 18:49:00,,,,49015.63,49015.63,0.0,0.0
2026-07-08 18:50:00,,,,49015.63,49015.63,0.0,0.0
2026-07-08 18:51:00,,,,49015.63,49015.63,0.0,0.0
2026-07-08 18:52:00,,,,49015.63,49015.63,0.0,0.0
2026-07-08 18:53:00,,,,49015.63,49015.63,0.0,0.0
2026-07-08 18:54:00,,,,49015.63,49015.63,0.0,0.0
2026-07-08 18:55:00,,,,49015.63,49015.63,0.0,0.0
2026-07-08 18:56:00,,,,49015.63,49015.63,0.0,0.0
2026-07-08 18:57:00,,,,49015.63,49015.63,0.0,0.0
2026-07-08 18:58:00,,,,49015.63,49015.63,0.0,0.0
2026-07-08 18:59:00,,,,49015.63,49015.63,0.0,0.0
2026-07-08 19:00:00,,,,49015.63,49015.63,0.0,0.0
2026-07-08 19:01:00,,,,49015.63,49015.63,0.0,0.0
2026-07-08 19:02:00,,,,49015.63,49015.63,0.0,0.0
2026-07-08 19:03:00,,,,49015.63,49015.63,0.0,0.0
2026-07-08 19:04:00,,,,49015.63,49015.63,0.0,0.0
2026-07-08 19:05:00,,,,49015.63,49015.63,0.0,0.0
2026-07-08 19:06:00,,,,49015.63,49015.63,0.0,0.0
2026-07-08 19:07:00,,,,49015.63,49015.63,0.0,0.0
2026-07-08 19:08:00,,,,49015.63,49015.63,0.0,0.0
2026-07-08 19:09:00,,,,49015.63,49015.63,0.0,0.0
2026-07-08 19:10:00,,,,49015.63,49015.63,0.0,0.0
2026-07-08 19:11:00,,,,49015.63,49015.63,0.0,0.0
2026-07-08 19:12:00,,,,49015.63,49015.63,0.0,0.0
2026-07-08 19:13:00,,,,49015.63,49015.63,0.0,0.0
2026-07-08 19:14:00,,,,49015.63,49015.63,0.0,0.0
2026-07-08 19:15:00,,,,49015.63,49015.63,0.0,0.0
2026-07-08 19:16:00,,,,49015.63,49015.63,0.0,0.0
2026-07-08 19:17:00,,,,49015.63,49015.63,0.0,0.0
2026-07-08 19:18:00,,,,49015.63,49015.63,0.0,0.0
2026-07-08 19:19:00,,,,49015.63,49015.63,0.0,0.0
2026-07-08 19:20:00,,,,49015.63,49015.63,0.0,0.0
2026-07-08 19:21:00,,,,49015.63,49015.63,0.0,0.0
2026-07-08 19:22:00,,,,49015.63,49015.63,0.0,0.0
2026-07-08 19:23:00,,,,49015.63,49015.63,0.0,0.0
2026-07-08 19:24:00,,,,49015.63,49015.63,0.0,0.0
2026-07-08 19:25:00,,,,49015.63,49015.63,0.0,0.0
2026-07-08 19:26:00,,,,49015.63,49015.63,0.0,0.0
2026-07-08 19:27:00,,,,49015.63,49015.63,0.0,0.0
2026-07-08 19:28:00,,,,49015.63,49015.63,0.0,0.0
2026-07-08 19:29:00,,,,49015.63,49015.63,0.0,0.0
2026-07-08 19:30:00,,,,49015.63,49015.63,0.0,0.0
2026-07-08 19:31:00,,,,49015.63,49015.63,0.0,0.0
2026-07-08 19:32:00,,,,49015.63,49015.63,0.0,0.0
2026-07-08 19:33:00,,,,49015.63,49015.63,0.0,0.0
2026-07-08 19:34:00,,,,49015.63,49015.63,0.0,0.0
2026-07-08 19:35:00,,,,49015.63,49015.63,0.0,0.0
2026-07-08 19:36:00,,,,49015.63,49015.63,0.0,0.0
2026-07-08 19:37:00,,,,49015.63,49015.63,0.0,0.0
2026-07-08 19:38:00,,,,49015.63,49015.63,0.0,0.0
2026-07-08 19:39:00,,,,49015.63,49015.63,0.0,0.0
2026-07-08 19:40:00,,,,49015.63,49015.63,0.0,0.0
2026-07-08 19:41:00,,,,49015.63,49015.63,0.0,0.0
2026-07-08 19:42:00,,,,49015.63,49015.63,0.0,0.0
2026-07-08 19:43:00,,,,49015.63,49015.63,0.0,0.0
2026-07-08 19:44:00,,,,49015.63,49015.63,0.0,0.0
2026-07-08 19:45:00,,,,49015.63,49015.63,0.0,0.0
2026-07-08 19:46:00,,,,49015.63,49015.63,0.0,0.0
2026-07-08 19:47:00,,,,49015.63,49015.63,0.0,0.0
2026-07-08 19:48:00,,,,49015.63,49015.63,0.0,0.0
2026-07-08 19:49:00,,,,49015.63,49015.63,0.0,0.0
2026-07-08 19:50:00,,,,49015.63,49015.63,0.0,0.0
2026-07-08 19:51:00,,,,49015.63,49015.63,0.0,0.0
2026-07-08 19:52:00,,,,49015.63,49015.63,0.0,0.0
2026-07-08 19:53:00,,,,49015.63,49015.63,0.0,0.0
2026-07-08 19:54:00,,,,49015.63,49015.63,0.0,0.0
2026-07-08 19:55:00,,,,49015.63,49015.63,0.0,0.0
2026-07-08 19:56:00,,,,49015.63,49015.63,0.0,0.0
2026-07-08 19:57:00,,,,49015.63,49015.63,0.0,0.0
2026-07-08 19:58:00,,,,49015.63,49015.63,0.0,0.0
2026-07-08 19:59:00,,,,49015.63,49015.63,0.0,0.0
2026-07-08 20:00:00,,,,49015.63,49015.63,0.0,0.0
2026-07-08 20:01:00,,,,49015.63,49015.63,0.0,0.0
2026-07-08 20:02:00,,,,49015.63,49015.63,0.0,0.0
2026-07-08 20:03:00,,,,49015.63,49015.63,0.0,0.0
2026-07-08 20:04:00,,,,49015.63,49015.63,0.0,0.0
2026-07-08 20:05:00,,,,49015.63,49015.63,0.0,0.0
2026-07-08 20:06:00,,,,49015.63,49015.63,0.0,0.0
2026-07-08 20:07:00,,,,49015.63,49015.63,0.0,0.0
2026-07-08 20:08:00,,,,49015.63,49015.63,0.0,0.0
2026-07-08 20:09:00,,,,49015.63,49015.63,0.0,0.0
2026-07-08 20:10:00,,,,49015.63,49015.63,0.0,0.0
2026-07-08 20:11:00,,,,49015.63,49015.63,0.0,0.0
2026-07-08 20:12:00,,,,49015.63,49015.63,0.0,0.0
2026-07-08 20:13:00,,,,49015.63,49015.63,0.0,0.0
2026-07-08 20:14:00,,,,49015.63,49015.63,0.0,0.0
2026-07-08 20:15:00,,,,49015.63,49015.63,0.0,0.0
2026-07-08 20:16:00,,,,49015.63,49015.63,0.0,0.0
2026-07-08 20:17:00,,,,49015.63,49015.63,0.0,0.0
2026-07-08 20:18:00,,,,49015.63,49015.63,0.0,0.0
2026-07-08 20:19:00,,,,49015.63,49015.63,0.0,0.0
2026-07-08 20:20:00,,,,49015.63,49015.63,0.0,0.0
2026-07-08 20:21:00,,,,49015.63,49015.63,0.0,0.0
2026-07-08 20:22:00,,,,49015.63,49015.63,0.0,0.0
2026-07-08 20:23:00,,,,49015.63,49015.63,0.0,0.0
2026-07-08 20:24:00,,,,49015.63,49015.63,0.0,0.0
2026-07-08 20:25:00,,,,49015.63,49015.63,0.0,0.0
2026-07-08 20:26:00,,,,49015.63,49015.63,0.0,0.0
2026-07-08 20:27:00,,,,49015.63,49015.63,0.0,0.0
2026-07-08 20:28:00,,,,49015.63,49015.63,0.0,0.0
2026-07-08 20:29:00,,,,49015.63,49015.63,0.0,0.0
2026-07-08 20:30:00,,,,49015.63,49015.63,0.0,0.0
2026-07-08 20:31:00,,,,49015.63,49015.63,0.0,0.0
2026-07-08 20:32:00,,,,49015.63,49015.63,0.0,0.0
2026-07-08 20:33:00,,,,49015.63,49015.63,0.0,0.0
2026-07-08 20:34:00,,,,49015.63,49015.63,0.0,0.0
2026-07-08 20:35:00,,,,49015.63,49015.63,0.0,0.0
2026-07-08 20:36:00,,,,49015.63,49015.63,0.0,0.0
2026-07-08 20:37:00,,,,49015.63,49015.63,0.0,0.0
2026-07-08 20:38:00,,,,49015.63,49015.63,0.0,0.0
2026-07-08 20:39:00,,,,49015.63,49015.63,0.0,0.0
2026-07-08 20:40:00,,,,49015.63,49015.63,0.0,0.0
2026-07-08 20:41:00,,,,49015.63,49015.63,0.0,0.0
2026-07-08 20:42:00,,,,49015.63,49015.63,0.0,0.0
2026-07-08 20:43:00,,,,49015.63,49015.63,0.0,0.0
2026-07-08 20:44:00,,,,49015.63,49015.63,0.0,0.0
2026-07-08 20:45:00,,,,49015.63,49015.63,0.0,0.0
2026-07-08 20:46:00,,,,49015.63,49015.63,0.0,0.0
2026-07-08 20:47:00,,,,49015.63,49015.63,0.0,0.0
2026-07-08 20:48:00,,,,49015.63,49015.63,0.0,0.0
2026-07-08 20:49:00,,,,49015.63,49015.63,0.0,0.0
2026-07-08 20:50:00,,,,49015.63,49015.63,0.0,0.0
2026-07-08 20:51:00,,,,49015.63,49015.63,0.0,0.0
2026-07-08 20:52:00,,,,49015.63,49015.63,0.0,0.0
2026-07-08 20:53:00,,,,49015.63,49015.63,0.0,0.0
2026-07-08 20:54:00,,,,49015.63,49015.63,0.0,0.0
2026-07-08 20:55:00,,,,49015.63,49015.63,0.0,0.0
2026-07-08 20:56:00,,,,49015.63,49015.63,0.0,0.0
2026-07-08 20:57:00,,,,49015.63,49015.63,0.0,0.0
2026-07-08 20:58:00,,,,49015.63,49015.63,0.0,0.0
2026-07-08 20:59:00,,,,49015.63,49015.63,0.0,0.0
2026-07-08 21:00:00,,,,49015.63,49015.63,0.0,0.0
2026-07-08 21:01:00,,,,49015.63,49015.63,0.0,0.0
2026-07-08 21:02:00,,,,49015.63,49015.63,0.0,0.0
2026-07-08 21:03:00,,,,49015.63,49015.63,0.0,0.0
2026-07-08 21:04:00,,,,49015.63,49015.63,0.0,0.0
2026-07-08 21:05:00,,,,49015.63,49015.63,0.0,0.0
2026-07-08 21:06:00,,,,49015.63,49015.63,0.0,0.0
2026-07-08 21:07:00,,,,49015.63,49015.63,0.0,0.0
2026-07-08 21:08:00,,,,49015.63,49015.63,0.0,0.0
2026-07-08 21:09:00,,,,49015.63,49015.63,0.0,0.0
2026-07-08 21:10:00,,,,49015.63,49015.63,0.0,0.0
2026-07-08 21:11:00,,,,49015.63,49015.63,0.0,0.0
2026-07-08 21:12:00,,,,49015.63,49015.63,0.0,0.0
2026-07-08 21:13:00,,,,49015.63,49015.63,0.0,0.0
2026-07-08 21:14:00,,,,49015.63,49015.63,0.0,0.0
2026-07-08 21:15:00,,,,49015.63,49015.63,0.0,0.0
2026-07-08 21:16:00,,,,49015.63,49015.63,0.0,0.0
2026-07-08 21:17:00,,,,49015.63,49015.63,0.0,0.0
2026-07-08 21:18:00,,,,49015.63,49015.63,0.0,0.0
2026-07-08 21:19:00,,,,49015.63,49015.63,0.0,0.0
2026-07-08 21:20:00,,,,49015.63,49015.63,0.0,0.0
2026-07-08 21:21:00,,,,49015.63,49015.63,0.0,0.0
2026-07-08 21:22:00,,,,49015.63,49015.63,0.0,0.0
2026-07-08 21:23:00,,,,49015.63,49015.63,0.0,0.0
2026-07-08 21:24:00,,,,49015.63,49015.63,0.0,0.0
2026-07-08 21:25:00,,,,49015.63,49015.63,0.0,0.0
2026-07-08 21:26:00,,,,49015.63,49015.63,0.0,0.0
2026-07-08 21:27:00,,,,49015.63,49015.63,0.0,0.0
2026-07-08 21:28:00,,,,49015.63,49015.63,0.0,0.0
2026-07-08 21:29:00,,,,49015.63,49015.63,0.0,0.0
2026-07-08 21:30:00,,,,49015.63,49015.63,0.0,0.0
2026-07-08 21:31:00,,,,49015.63,49015.63,0.0,0.0
2026-07-08 21:32:00,,,,49015.63,49015.63,0.0,0.0
2026-07-08 21:33:00,,,,49015.63,49015.63,0.0,0.0
2026-07-08 21:34:00,,,,49015.63,49015.63,0.0,0.0
2026-07-08 21:35:00,,,,49015.63,49015.63,0.0,0.0
2026-07-08 21:36:00,,,,49015.63,49015.63,0.0,0.0
2026-07-08 21:37:00,,,,49015.63,49015.63,0.0,0.0
2026-07-08 21:38:00,,,,49015.63,49015.63,0.0,0.0
2026-07-08 21:39:00,,,,49015.63,49015.63,0.0,0.0
2026-07-08 21:40:00,,,,49015.63,49015.63,0.0,0.0
2026-07-08 21:41:00,,,,49015.63,49015.63,0.0,0.0
2026-07-08 21:42:00,,,,49015.63,49015.63,0.0,0.0
2026-07-08 21:43:00,,,,49015.63,49015.63,0.0,0.0
2026-07-08 21:44:00,,,,49015.63,49015.63,0.0,0.0
2026-07-08 21:45:00,,,,49015.63,49015.63,0.0,0.0
2026-07-08 21:46:00,,,,49015.63,49015.63,0.0,0.0
2026-07-08 21:47:00,,,,49015.63,49015.63,0.0,0.0
2026-07-08 21:48:00,,,,49015.63,49015.63,0.0,0.0
2026-07-08 21:49:00,,,,49015.63,49015.63,0.0,0.0
2026-07-08 21:50:00,,,,49015.63,49015.63,0.0,0.0
2026-07-08 21:51:00,,,,49015.63,49015.63,0.0,0.0
2026-07-08 21:52:00,,,,49015.63,49015.63,0.0,0.0
2026-07-08 21:53:00,,,,49015.63,49015.63,0.0,0.0
2026-07-08 21:54:00,,,,49015.63,49015.63,0.0,0.0
2026-07-08 21:55:00,,,,49015.63,49015.63,0.0,0.0
2026-07-08 21:56:00,,,,49015.63,49015.63,0.0,0.0
2026-07-08 21:57:00,,,,49015.63,49015.63,0.0,0.0
2026-07-08 21:58:00,,,,49015.63,49015.63,0.0,0.0
2026-07-08 21:59:00,,,,49015.63,49015.63,0.0,0.0
2026-07-08 22:00:00,,,,49015.63,49015.63,0.0,0.0
2026-07-08 22:01:00,,,,49015.63,49015.63,0.0,0.0
2026-07-08 22:02:00,,,,49015.63,49015.63,0.0,0.0
2026-07-08 22:03:00,,,,49015.63,49015.63,0.0,0.0
2026-07-08 22:04:00,,,,49015.63,49015.63,0.0,0.0
2026-07-08 22:05:00,,,,49015.63,49015.63,0.0,0.0
2026-07-08 22:06:00,,,,49015.63,49015.63,0.0,0.0
2026-07-08 22:07:00,,,,49015.63,49015.63,0.0,0.0
2026-07-08 22:08:00,,,,49015.63,49015.63,0.0,0.0
2026-07-08 22:09:00,,,,49015.63,49015.63,0.0,0.0
2026-07-08 22:10:00,,,,49015.63,49015.63,0.0,0.0
2026-07-08 22:11:00,,,,49015.63,49015.63,0.0,0.0
2026-07-08 22:12:00,,,,49015.63,49015.63,0.0,0.0
2026-07-08 22:13:00,,,,49015.63,49015.63,0.0,0.0
2026-07-08 22:14:00,,,,49015.63,49015.63,0.0,0.0
2026-07-08 22:15:00,,,,49015.63,49015.63,0.0,0.0
2026-07-08 22:16:00,,,,49015.63,49015.63,0.0,0.0
2026-07-08 22:17:00,,,,49015.63,49015.63,0.0,0.0
2026-07-08 22:18:00,,,,49015.63,49015.63,0.0,0.0
2026-07-08 22:19:00,,,,49015.63,49015.63,0.0,0.0
2026-07-08 22:20:00,,,,49015.63,49015.63,0.0,0.0
2026-07-08 22:21:00,,,,49015.63,49015.63,0.0,0.0
2026-07-08 22:22:00,,,,49015.63,49015.63,0.0,0.0
2026-07-08 22:23:00,,,,49015.63,49015.63,0.0,0.0
2026-07-08 22:24:00,,,,49015.63,49015.63,0.0,0.0
2026-07-08 22:25:00,,,,49015.63,49015.63,0.0,0.0
2026-07-08 22:26:00,,,,49015.63,49015.63,0.0,0.0
2026-07-08 22:27:00,,,,49015.63,49015.63,0.0,0.0
2026-07-08 22:28:00,,,,49015.63,49015.63,0.0,0.0
2026-07-08 22:29:00,,,,49015.63,49015.63,0.0,0.0
2026-07-08 22:30:00,,,,49015.63,49015.63,0.0,0.0
2026-07-08 22:31:00,,,,49015.63,49015.63,0.0,0.0
2026-07-08 22:32:00,,,,49015.63,49015.63,0.0,0.0
2026-07-08 22:33:00,,,,49015.63,49015.63,0.0,0.0
2026-07-08 22:34:00,,,,49015.63,49015.63,0.0,0.0
2026-07-08 22:35:00,,,,49015.63,49015.63,0.0,0.0
2026-07-08 22:36:00,,,,49015.63,49015.63,0.0,0.0
2026-07-08 22:37:00,,,,49015.63,49015.63,0.0,0.0
2026-07-08 22:38:00,,,,49015.63,49015.63,0.0,0.0
2026-07-08 22:39:00,,,,49015.63,49015.63,0.0,0.0
2026-07-08 22:40:00,,,,49015.63,49015.63,0.0,0.0
2026-07-08 22:41:00,,,,49015.63,49015.63,0.0,0.0
2026-07-08 22:42:00,,,,49015.63,49015.63,0.0,0.0
2026-07-08 22:43:00,,,,49015.63,49015.63,0.0,0.0
2026-07-08 22:44:00,,,,49015.63,49015.63,0.0,0.0
2026-07-08 22:45:00,,,,49015.63,49015.63,0.0,0.0
2026-07-08 22:46:00,,,,49015.63,49015.63,0.0,0.0
2026-07-08 22:47:00,,,,49015.63,49015.63,0.0,0.0
2026-07-08 22:48:00,,,,49015.63,49015.63,0.0,0.0
2026-07-08 22:49:00,,,,49015.63,49015.63,0.0,0.0
2026-07-08 22:50:00,,,,49015.63,49015.63,0.0,0.0
2026-07-08 22:51:00,,,,49015.63,49015.63,0.0,0.0
2026-07-08 22:52:00,,,,49015.63,49015.63,0.0,0.0
2026-07-08 22:53:00,,,,49015.63,49015.63,0.0,0.0
2026-07-08 22:54:00,,,,49015.63,49015.63,0.0,0.0
2026-07-08 22:55:00,,,,49015.63,49015.63,0.0,0.0
2026-07-08 22:56:00,,,,49015.63,49015.63,0.0,0.0
2026-07-08 22:57:00,,,,49015.63,49015.63,0.0,0.0
2026-07-08 22:58:00,,,,49015.63,49015.63,0.0,0.0
2026-07-08 22:59:00,,,,49015.63,49015.63,0.0,0.0
2026-07-08 23:00:00,,,,49015.63,49015.63,0.0,0.0
2026-07-08 23:01:00,,,,49015.63,49015.63,0.0,0.0
2026-07-08 23:02:00,,,,49015.63,49015.63,0.0,0.0
2026-07-08 23:03:00,,,,49015.63,49015.63,0.0,0.0
2026-07-08 23:04:00,,,,49015.63,49015.63,0.0,0.0
2026-07-08 23:05:00,,,,49015.63,49015.63,0.0,0.0
2026-07-08 23:06:00,,,,49015.63,49015.63,0.0,0.0
2026-07-08 23:07:00,,,,49015.63,49015.63,0.0,0.0
2026-07-08 23:08:00,,,,49015.63,49015.63,0.0,0.0
2026-07-08 23:09:00,,,,49015.63,49015.63,0.0,0.0
2026-07-08 23:10:00,,,,49015.63,49015.63,0.0,0.0
2026-07-08 23:11:00,,,,49015.63,49015.63,0.0,0.0
2026-07-08 23:12:00,,,,49015.63,49015.63,0.0,0.0
2026-07-08 23:13:00,,,,49015.63,49015.63,0.0,0.0
2026-07-08 23:14:00,,,,49015.63,49015.63,0.0,0.0
2026-07-08 23:15:00,,,,49015.63,49015.63,0.0,0.0
2026-07-08 23:16:00,,,,49015.63,49015.63,0.0,0.0
2026-07-08 23:17:00,,,,49015.63,49015.63,0.0,0.0
2026-07-08 23:18:00,,,,49015.63,49015.63,0.0,0.0
2026-07-08 23:19:00,,,,49015.63,49015.63,0.0,0.0
2026-07-08 23:20:00,,,,49015.63,49015.63,0.0,0.0
2026-07-08 23:21:00,,,,49015.63,49015.63,0.0,0.0
2026-07-08 23:22:00,,,,49015.63,49015.63,0.0,0.0
2026-07-08 23:23:00,,,,49015.63,49015.63,0.0,0.0
2026-07-08 23:24:00,,,,49015.63,49015.63,0.0,0.0
2026-07-08 23:25:00,,,,49015.63,49015.63,0.0,0.0
2026-07-08 23:26:00,,,,49015.63,49015.63,0.0,0.0
2026-07-08 23:27:00,,,,49015.63,49015.63,0.0,0.0
2026-07-08 23:28:00,,,,49015.63,49015.63,0.0,0.0
2026-07-08 23:29:00,,,,49015.63,49015.63,0.0,0.0
2026-07-08 23:30:00,,,,49015.63,49015.63,0.0,0.0
2026-07-08 23:31:00,,,,49015.63,49015.63,0.0,0.0
2026-07-08 23:32:00,,,,49015.63,49015.63,0.0,0.0
2026-07-08 23:33:00,,,,49015.63,49015.63,0.0,0.0
2026-07-08 23:34:00,,,,49015.63,49015.63,0.0,0.0
2026-07-08 23:35:00,,,,49015.63,49015.63,0.0,0.0
2026-07-08 23:36:00,,,,49015.63,49015.63,0.0,0.0
2026-07-08 23:37:00,,,,49015.63,49015.63,0.0,0.0
2026-07-08 23:38:00,,,,49015.63,49015.63,0.0,0.0
2026-07-08 23:39:00,,,,49015.63,49015.63,0.0,0.0
2026-07-08 23:40:00,,,,49015.63,49015.63,0.0,0.0
2026-07-08 23:41:00,,,,49015.63,49015.63,0.0,0.0
2026-07-08 23:42:00,,,,49015.63,49015.63,0.0,0.0
2026-07-08 23:43:00,,,,49015.63,49015.63,0.0,0.0
2026-07-08 23:44:00,,,,49015.63,49015.63,0.0,0.0
2026-07-08 23:45:00,,,,49015.63,49015.63,0.0,0.0
2026-07-08 23:46:00,,,,49015.63,49015.63,0.0,0.0
2026-07-08 23:47:00,,,,49015.63,49015.63,0.0,0.0
2026-07-08 23:48:00,,,,49015.63,49015.63,0.0,0.0
2026-07-08 23:49:00,,,,49015.63,49015.63,0.0,0.0
2026-07-08 23:50:00,,,,49015.63,49015.63,0.0,0.0
2026-07-08 23:51:00,,,,49015.63,49015.63,0.0,0.0
2026-07-08 23:52:00,,,,49015.63,49015.63,0.0,0.0
2026-07-08 23:53:00,,,,49015.63,49015.63,0.0,0.0
2026-07-08 23:54:00,,,,49015.63,49015.63,0.0,0.0
2026-07-08 23:55:00,,,,49015.63,49015.63,0.0,0.0
2026-07-08 23:56:00,,,,49015.63,49015.63,0.0,0.0
2026-07-08 23:57:00,,,,49015.63,49015.63,0.0,0.0
2026-07-08 23:58:00,,,,49015.63,49015.63,0.0,0.0
2026-07-08 23:59:00,,,,49015.63,49015.63,0.0,0.0
