timestamp,Bx,By,Bz,B_total,B_plasma_raw,B_plasma_baseline,delta_B,chi
2026-08-18 00:00:00,20188.7,953.8,44675.92,49034.77,32.291999999994005,25.776999999994587,6.514999999999418,0.2527446948830658
2026-08-18 00:01:00,20187.48,954.29,44675.69,49034.07,31.591999999996915,25.76199999999517,5.830000000001746,0.2263023057217157
2026-08-18 00:02:00,20186.31,954.76,44675.71,49033.62,31.141999999999825,25.711999999995896,5.430000000003929,0.21118543870584924
2026-08-18 00:03:00,20185.46,955.27,44675.63,49033.22,30.74199999999837,25.661999999996624,5.080000000001746,0.19795807029858992
2026-08-18 00:04:00,20185.8,955.3,44675.79,49033.5,31.021999999997206,25.62699999999677,5.395000000000437,0.2105201545245685
2026-08-18 00:05:00,20186.09,955.37,44675.76,49033.59,31.111999999993714,25.591999999996915,5.519999999996799,0.21569240387611222
2026-08-18 00:06:00,20186.41,955.04,44675.91,49033.85,31.37199999999575,25.581999999998516,5.789999999997235,0.22633101399411973
2026-08-18 00:07:00,20186.58,955.2,44675.76,49033.78,31.301999999996042,25.572000000000116,5.7299999999959255,0.2240732050678828
2026-08-18 00:08:00,20185.92,954.67,44675.8,49033.56,31.081999999994878,25.506999999997788,5.57499999999709,0.2185674520718851
2026-08-18 00:09:00,20185.77,953.98,44676.05,49033.72,31.24199999999837,25.44199999999546,5.80000000000291,0.22796949925335844
2026-08-18 00:10:00,20185.57,952.99,44676.38,49033.91,31.4320000000007,25.426999999996042,6.005000000004657,0.2361662799388678
2026-08-18 00:11:00,20185.16,952.36,44676.5,49033.84,31.361999999993714,25.411999999996624,5.94999999999709,0.2341413505429671
2026-08-18 00:12:00,20184.3,952.43,44676.41,49033.41,30.9320000000007,25.351999999995314,5.580000000005384,0.22010097822682295
2026-08-18 00:13:00,20183.21,952.82,44676.38,49032.94,30.461999999999534,25.291999999994005,5.17000000000553,0.2044124624389829
2026-08-18 00:14:00,20182.53,951.58,44676.59,49032.84,30.361999999993714,25.276999999994587,5.084999999999127,0.2011710250425373
2026-08-18 00:15:00,20182.41,950.05,44677.14,49033.27,30.791999999994005,25.26199999999517,5.529999999998836,0.2189058665188779
2026-08-18 00:16:00,20182.86,949.12,44677.55,49033.8,31.322000000000116,25.26199999999517,6.060000000004948,0.23988599477500225
2026-08-18 00:17:00,20182.6,948.74,44677.47,49033.62,31.141999999999825,25.26199999999517,5.880000000004657,0.23276066819752123
2026-08-18 00:18:00,20182.11,947.62,44677.64,49033.55,31.072000000000116,25.23699999999735,5.835000000002765,0.23120814676876716
2026-08-18 00:19:00,20180.67,947.5,44677.65,49032.95,30.471999999994296,25.211999999999534,5.259999999994761,0.20863081072484763
2026-08-18 00:20:00,20180.22,947.31,44677.63,49032.75,30.271999999997206,25.12199999999939,5.149999999997817,0.2049996019424386
2026-08-18 00:21:00,20181.15,945.4,44678.09,49033.53,31.051999999996042,25.031999999999243,6.019999999996799,0.24049217002225073
2026-08-18 00:22:00,20181.98,944.46,44678.38,49034.1,31.62199999999575,25.016999999999825,6.6049999999959255,0.26402046608290247
2026-08-18 00:23:00,20181.72,943.82,44678.25,49033.88,31.401999999994587,25.002000000000407,6.399999999994179,0.25597952163803195
2026-08-18 00:24:00,20180.11,943.51,44678.18,49033.15,30.67199999999866,24.98199999999997,5.68999999999869,0.2277639900728003
2026-08-18 00:25:00,20179.49,943.31,44678.14,49032.85,30.37199999999575,24.961999999999534,5.4099999999962165,0.21672942873152462
2026-08-18 00:26:00,20179.12,941.6,44678.59,49033.08,30.601999999998952,24.956999999998516,5.645000000000437,0.22618904515770213
2026-08-18 00:27:00,20179.03,940.04,44678.98,49033.36,30.881999999997788,24.951999999997497,5.930000000000291,0.23765630009622019
2026-08-18 00:28:00,20178.48,939.65,44679.12,49033.27,30.791999999994005,24.951999999997497,5.8399999999965075,0.23404937479949878
2026-08-18 00:29:00,20178.36,939.61,44678.98,49033.09,30.611999999993714,24.951999999997497,5.6599999999962165,0.22683552420634756
2026-08-18 00:30:00,20179.1,939.87,44678.82,49033.26,30.781999999999243,24.94699999999648,5.835000000002765,0.23389585922169354
2026-08-18 00:31:00,20179.47,940.14,44678.5,49033.13,30.651999999994587,24.94199999999546,5.709999999999127,0.22893112019886802
2026-08-18 00:32:00,20179.62,940.07,44678.28,49032.98,30.502000000000407,24.81199999999808,5.690000000002328,0.22932452039346965
2026-08-18 00:33:00,20179.34,939.6,44678.11,49032.69,30.211999999999534,24.6820000000007,5.529999999998836,0.22404991491770032
2026-08-18 00:34:00,20179.31,939.15,44678.21,49032.76,30.281999999999243,24.662000000000262,5.619999999998981,0.22788095045004142
2026-08-18 00:35:00,20179.57,937.93,44678.46,49033.08,30.601999999998952,24.641999999999825,5.959999999999127,0.24186348510669464
2026-08-18 00:36:00,20179.72,936.86,44678.7,49033.36,30.881999999997788,24.61199999999735,6.270000000000437,0.2547537786446088
2026-08-18 00:37:00,20181.41,935.72,44679.02,49034.31,31.831999999994878,24.581999999994878,7.25,0.2949312505085636
2026-08-18 00:38:00,20183.13,934.69,44679.09,49035.06,32.58199999999488,24.526999999994587,8.055000000000291,0.32841358502882817
2026-08-18 00:39:00,20184.66,934.07,44679.0,49035.6,33.12199999999575,24.471999999994296,8.650000000001455,0.3534651847010245
2026-08-18 00:40:00,20186.51,933.54,44678.91,49036.25,33.771999999997206,24.456999999994878,9.315000000002328,0.38087255182582813
2026-08-18 00:41:00,20188.12,932.85,44678.76,49036.76,34.28199999999924,24.44199999999546,9.840000000003783,0.4025857131169958
2026-08-18 00:42:00,20188.86,932.29,44678.57,49036.87,34.391999999999825,24.43199999999706,9.960000000002765,0.407662082514897
2026-08-18 00:43:00,20189.04,931.43,44678.47,49036.83,34.35199999999895,24.42199999999866,9.930000000000291,0.4066006060110079
2026-08-18 00:44:00,20189.43,930.22,44678.79,49037.27,34.791999999994005,24.406999999999243,10.384999999994761,0.42549268652415634
2026-08-18 00:45:00,20189.85,929.81,44678.92,49037.55,35.072000000000116,24.391999999999825,10.680000000000291,0.43784847490982154
2026-08-18 00:46:00,20190.1,929.59,44678.68,49037.44,34.961999999999534,24.381999999997788,10.580000000001746,0.43392666721362916
2026-08-18 00:47:00,20190.45,929.26,44678.66,49037.56,35.08199999999488,24.37199999999575,10.709999999999127,0.43943870014775127
2026-08-18 00:48:00,20190.6,929.03,44678.89,49037.8,35.322000000000116,24.356999999996333,10.965000000003783,0.45017859342305844
2026-08-18 00:49:00,20190.08,929.03,44678.48,49037.21,34.73199999999633,24.341999999996915,10.389999999999418,0.4268342782023143
2026-08-18 00:50:00,20190.46,929.11,44678.43,49037.33,34.85199999999895,24.31699999999546,10.535000000003492,0.43323600773144133
2026-08-18 00:51:00,20191.15,929.39,44678.1,49037.32,34.841999999996915,24.291999999994005,10.55000000000291,0.4342993578134989
2026-08-18 00:52:00,20191.01,929.28,44677.85,49037.02,34.541999999994005,24.25199999999677,10.289999999997235,0.4242949035130548
2026-08-18 00:53:00,20190.57,929.46,44677.55,49036.59,34.111999999993714,24.211999999999534,9.89999999999418,0.4088881546338332
2026-08-18 00:54:00,20190.29,929.49,44677.57,49036.48,34.00200000000041,24.206999999998516,9.795000000001892,0.4046350229273554
2026-08-18 00:55:00,20188.72,930.74,44676.74,49035.1,32.62199999999575,24.201999999997497,8.419999999998254,0.34790513180725247
2026-08-18 00:56:00,20188.49,931.17,44676.57,49034.87,32.391999999999825,24.161999999996624,8.230000000003201,0.3406174985516245
2026-08-18 00:57:00,20188.08,931.56,44676.37,49034.52,32.041999999994005,24.12199999999575,7.919999999998254,0.3283309841638193
2026-08-18 00:58:00,20187.34,932.38,44676.16,49034.04,31.56199999999808,24.116999999994732,7.445000000003347,0.3087034042378809
2026-08-18 00:59:00,20187.23,932.28,44676.33,49034.14,31.661999999996624,24.111999999993714,7.55000000000291,0.3131220968814233
2026-08-18 01:00:00,20186.63,932.53,44675.62,49033.27,30.791999999994005,24.096999999994296,6.694999999999709,0.2778354151969662
2026-08-18 01:01:00,20186.86,932.4,44676.41,49034.07,31.591999999996915,24.081999999994878,7.510000000002037,0.3118511751517164
2026-08-18 01:02:00,20186.94,932.78,44676.85,49034.53,32.05199999999604,24.06199999999444,7.990000000001601,0.33205884797620505
2026-08-18 01:03:00,20186.45,933.69,44676.63,49034.15,31.67199999999866,24.041999999994005,7.630000000004657,0.31736128441920636
2026-08-18 01:04:00,20186.57,933.85,44676.59,49034.15,31.67199999999866,24.031999999995605,7.640000000003056,0.31790945406143695
2026-08-18 01:05:00,20187.1,933.52,44676.81,49034.55,32.072000000000116,24.021999999997206,8.05000000000291,0.3351094829741007
2026-08-18 01:06:00,20187.06,933.69,44676.82,49034.55,32.072000000000116,23.99699999999575,8.075000000004366,0.3365003958830602
2026-08-18 01:07:00,20187.26,933.89,44676.81,49034.63,32.15199999999459,23.971999999994296,8.180000000000291,0.34123143667621547
2026-08-18 01:08:00,20187.68,934.01,44676.67,49034.68,32.2019999999975,23.956999999994878,8.24500000000262,0.3441582835916176
2026-08-18 01:09:00,20187.99,934.21,44676.55,49034.7,32.221999999994296,23.94199999999546,8.279999999998836,0.34583576977697794
2026-08-18 01:10:00,20188.31,934.71,44676.32,49034.64,32.161999999996624,23.896999999997206,8.264999999999418,0.3458593128844786
2026-08-18 01:11:00,20188.26,935.43,44676.06,49034.39,31.911999999996624,23.851999999998952,8.059999999997672,0.33791715579398063
2026-08-18 01:12:00,20188.73,935.41,44676.05,49034.58,32.10199999999895,23.851999999998952,8.25,0.3458829448264448
2026-08-18 01:13:00,20189.19,935.24,44676.04,49034.75,32.271999999997206,23.851999999998952,8.419999999998254,0.35301022975006807
2026-08-18 01:14:00,20189.74,935.43,44675.93,49034.87,32.391999999999825,23.826999999997497,8.565000000002328,0.35946615184468156
2026-08-18 01:15:00,20188.65,935.86,44674.82,49033.43,30.951999999997497,23.801999999996042,7.150000000001455,0.3003949247963467
2026-08-18 01:16:00,20189.7,935.79,44675.66,49034.61,32.13199999999779,23.791999999997643,8.340000000000146,0.3505379959650711
2026-08-18 01:17:00,20189.85,936.52,44675.57,49034.62,32.141999999999825,23.781999999999243,8.360000000000582,0.35152636447737146
2026-08-18 01:18:00,20190.02,936.94,44675.28,49034.44,31.961999999999534,23.756999999997788,8.205000000001746,0.34537189039030647
2026-08-18 01:19:00,20190.61,937.23,44675.27,49034.66,32.1820000000007,23.731999999996333,8.450000000004366,0.3560593291760354
2026-08-18 01:20:00,20190.79,937.21,44675.11,49034.59,32.111999999993714,23.731999999996333,8.37999999999738,0.35310972526540857
2026-08-18 01:21:00,20191.18,937.11,44675.18,49034.8,32.322000000000116,23.731999999996333,8.590000000003783,0.36195853699667585
2026-08-18 01:22:00,20192.11,936.58,44675.42,49035.41,32.9320000000007,23.716999999996915,9.215000000003783,0.38853986591917117
2026-08-18 01:23:00,20191.61,936.68,44675.04,49034.86,32.38199999999779,23.701999999997497,8.680000000000291,0.36621382161847976
2026-08-18 01:24:00,20191.18,936.98,44674.9,49034.55,32.072000000000116,23.68699999999808,8.385000000002037,0.353991640984621
2026-08-18 01:25:00,20191.19,937.23,44674.88,49034.53,32.05199999999604,23.67199999999866,8.37999999999738,0.35400473132806076
2026-08-18 01:26:00,20191.07,937.45,44674.83,49034.46,31.981999999996333,23.666999999997643,8.31499999999869,0.3513330798157569
2026-08-18 01:27:00,20191.35,937.36,44674.84,49034.58,32.10199999999895,23.661999999996624,8.440000000002328,0.3566900515596117
2026-08-18 01:28:00,20191.8,937.27,44674.88,49034.81,32.33199999999488,23.656999999995605,8.674999999999272,0.3666990742698095
2026-08-18 01:29:00,20192.34,937.38,44674.89,49035.01,32.53199999999924,23.651999999994587,8.880000000004657,0.3754439370880555
2026-08-18 01:30:00,20192.27,937.62,44674.72,49034.84,32.361999999993714,23.641999999996187,8.719999999997526,0.3688351239319403
2026-08-18 01:31:00,20191.86,937.61,44674.73,49034.68,32.2019999999975,23.631999999997788,8.569999999999709,0.3626438727149844
2026-08-18 01:32:00,20191.41,937.94,44674.73,49034.52,32.041999999994005,23.606999999996333,8.434999999997672,0.35730927267331647
2026-08-18 01:33:00,20191.25,938.23,44674.67,49034.41,31.9320000000007,23.581999999994878,8.35000000000582,0.3540836231026899
2026-08-18 01:34:00,20191.42,938.72,44674.55,49034.37,31.891999999999825,23.57199999999648,8.320000000003347,0.3529611403361866
2026-08-18 01:35:00,20191.9,938.84,44674.49,49034.51,32.03199999999924,23.56199999999808,8.470000000001164,0.35947712418308525
2026-08-18 01:36:00,20192.68,938.72,44674.56,49034.9,32.42199999999866,23.536999999996624,8.885000000002037,0.37749075923028896
2026-08-18 01:37:00,20193.23,938.59,44674.54,49035.1,32.62199999999575,23.51199999999517,9.110000000000582,0.38746172167414317
2026-08-18 01:38:00,20193.45,938.92,44674.33,49035.02,32.541999999994005,23.48699999999735,9.054999999996653,0.3855324221909002
2026-08-18 01:39:00,20193.27,939.29,44674.13,49034.76,32.28199999999924,23.461999999999534,8.819999999999709,0.3759270309436486
2026-08-18 01:40:00,20192.93,939.79,44673.98,49034.5,32.021999999997206,23.451999999997497,8.569999999999709,0.3654272556711847
2026-08-18 01:41:00,20192.25,940.52,44673.78,49034.05,31.572000000000116,23.44199999999546,8.130000000004657,0.34681341182519543
2026-08-18 01:42:00,20190.94,941.18,44673.59,49033.34,30.861999999993714,23.44199999999546,7.419999999998254,0.316525893695064
2026-08-18 01:43:00,20189.77,941.46,44673.59,49032.88,30.401999999994587,23.44199999999546,6.959999999999127,0.29690299462505226
2026-08-18 01:44:00,20189.32,941.26,44673.74,49032.85,30.37199999999575,23.391999999996187,6.979999999999563,0.2983926128591271
2026-08-18 01:45:00,20189.64,941.19,44674.0,49033.19,30.711999999999534,23.341999999996915,7.370000000002619,0.3157398680491643
2026-08-18 01:46:00,20190.24,941.26,44673.95,49033.4,30.92199999999866,23.331999999998516,7.5900000000001455,0.3253043031030614
2026-08-18 01:47:00,20190.35,941.35,44673.89,49033.4,30.92199999999866,23.322000000000116,7.599999999998545,0.3258725666751782
2026-08-18 01:48:00,20190.5,941.38,44673.85,49033.42,30.94199999999546,23.31199999999808,7.629999999997381,0.3272992450239366
2026-08-18 01:49:00,20190.63,941.77,44673.67,49033.3,30.822000000000116,23.301999999996042,7.5200000000040745,0.3227190799075338
2026-08-18 01:50:00,20190.47,941.94,44673.47,49033.06,30.581999999994878,23.286999999996624,7.294999999998254,0.3132649117533092
2026-08-18 01:51:00,20190.5,941.61,44673.49,49033.09,30.611999999993714,23.271999999997206,7.3399999999965075,0.3154004812649273
2026-08-18 01:52:00,20190.1,940.2,44673.8,49033.17,30.69199999999546,23.256999999997788,7.434999999997672,0.3196886958764406
2026-08-18 01:53:00,20188.67,940.21,44673.87,49032.67,30.19199999999546,23.24199999999837,6.94999999999709,0.29902762240760594
2026-08-18 01:54:00,20186.91,940.17,44674.04,49032.1,29.62199999999575,23.231999999996333,6.389999999999418,0.2750516528925803
2026-08-18 01:55:00,20185.95,939.11,44674.46,49032.07,29.591999999996915,23.221999999994296,6.370000000002619,0.2743088450608985
2026-08-18 01:56:00,20185.35,939.07,44674.62,49031.96,29.481999999996333,23.221999999994296,6.260000000002037,0.26957195762654274
2026-08-18 01:57:00,20185.35,938.65,44674.81,49032.14,29.661999999996624,23.221999999994296,6.440000000002328,0.27732322797364184
2026-08-18 01:58:00,20185.53,937.72,44675.09,49032.46,29.981999999996333,23.18699999999444,6.795000000001892,0.2930521412862173
2026-08-18 01:59:00,20186.01,936.91,44675.3,49032.83,30.351999999998952,23.151999999994587,7.200000000004366,0.31098825155520254
2026-08-18 02:00:00,20186.18,936.87,44675.41,49032.98,30.502000000000407,23.13199999999415,7.370000000006257,0.31860625972713646
2026-08-18 02:01:00,20185.39,937.44,44675.13,49032.41,29.9320000000007,23.111999999993714,6.820000000006985,0.2950848044309813
2026-08-18 02:02:00,20184.19,938.22,44674.85,49031.69,29.211999999999534,23.086999999995896,6.125000000003638,0.2653008186427308
2026-08-18 02:03:00,20183.94,938.27,44674.81,49031.56,29.081999999994878,23.06199999999808,6.019999999996799,0.26103546960355994
2026-08-18 02:04:00,20184.13,937.05,44675.19,49031.96,29.481999999996333,23.04699999999866,6.434999999997672,0.2792120449515358
2026-08-18 02:05:00,20184.09,935.66,44675.53,49032.23,29.752000000000407,23.031999999999243,6.720000000001164,0.2917679749913766
2026-08-18 02:06:00,20183.97,936.08,44675.54,49032.19,29.711999999999534,23.021999999997206,6.690000000002328,0.29059160802724093
2026-08-18 02:07:00,20183.86,935.91,44675.41,49032.02,29.541999999994005,23.01199999999517,6.529999999998836,0.28376499217800305
2026-08-18 02:08:00,20183.91,934.64,44675.62,49032.23,29.752000000000407,23.00199999999677,6.750000000003638,0.29345274323991766
2026-08-18 02:09:00,20183.35,934.31,44675.78,49032.14,29.661999999996624,22.99199999999837,6.669999999998254,0.29010090466243593
2026-08-18 02:10:00,20182.95,934.08,44675.85,49032.02,29.541999999994005,22.981999999996333,6.559999999997672,0.28544077974061083
2026-08-18 02:11:00,20182.05,934.13,44675.78,49031.59,29.111999999993714,22.971999999994296,6.139999999999418,0.2672819084102796
2026-08-18 02:12:00,20180.67,935.11,44675.52,49030.81,28.331999999994878,22.951999999997497,5.379999999997381,0.2344022307423304
2026-08-18 02:13:00,20180.76,935.9,44675.33,49030.69,28.211999999999534,22.9320000000007,5.279999999998836,0.23024594453160105
2026-08-18 02:14:00,20181.12,936.05,44675.12,49030.66,28.1820000000007,22.92699999999968,5.255000000001019,0.22920573995730326
2026-08-18 02:15:00,20181.45,935.96,44675.04,49030.71,28.231999999996333,22.92199999999866,5.309999999997672,0.2316551784311134
2026-08-18 02:16:00,20182.08,935.11,44675.14,49031.05,28.572000000000116,22.916999999997643,5.655000000002474,0.2467600471267206
2026-08-18 02:17:00,20182.8,933.95,44675.51,49031.66,29.1820000000007,22.911999999996624,6.2700000000040745,0.2736557262572014
2026-08-18 02:18:00,20183.04,932.6,44675.9,49032.09,29.611999999993714,22.911999999996624,6.69999999999709,0.29242318435745795
2026-08-18 02:19:00,20184.18,930.71,44676.19,49032.8,30.322000000000116,22.911999999996624,7.4100000000034925,0.3234113128493621
2026-08-18 02:20:00,20184.31,929.99,44676.22,49032.86,30.381999999997788,22.911999999996624,7.470000000001164,0.32603002793305974
2026-08-18 02:21:00,20184.54,929.57,44676.15,49032.88,30.401999999994587,22.911999999996624,7.489999999997963,0.3269029329608531
2026-08-18 02:22:00,20185.19,929.07,44676.05,49033.03,30.551999999996042,22.896999999997206,7.654999999998836,0.3343232737913163
2026-08-18 02:23:00,20184.86,928.35,44675.93,49032.76,30.281999999999243,22.881999999997788,7.400000000001455,0.3233983043441207
2026-08-18 02:24:00,20184.43,928.02,44675.75,49032.43,29.951999999997497,22.836999999995896,7.115000000001601,0.3115558085564163
2026-08-18 02:25:00,20183.93,928.43,44675.6,49032.11,29.631999999997788,22.791999999994005,6.8400000000037835,0.30010530010554504
2026-08-18 02:26:00,20183.33,927.68,44675.64,49031.89,29.411999999996624,22.781999999995605,6.630000000001019,0.2910192257046044
2026-08-18 02:27:00,20183.19,927.26,44675.72,49031.88,29.401999999994587,22.771999999997206,6.629999999997381,0.29114702265932696
2026-08-18 02:28:00,20182.15,927.06,44675.81,49031.54,29.06199999999808,22.766999999996187,6.295000000001892,0.2764966837968527
2026-08-18 02:29:00,20181.38,926.64,44675.71,49031.14,28.661999999996624,22.76199999999517,5.900000000001455,0.25920393638532235
2026-08-18 02:30:00,20180.26,926.83,44675.4,49030.39,27.911999999996624,22.706999999994878,5.205000000001746,0.2292244682257859
2026-08-18 02:31:00,20179.99,926.91,44675.34,49030.24,27.76199999999517,22.651999999994587,5.110000000000582,0.22558714462307095
2026-08-18 02:32:00,20179.9,927.45,44675.11,49029.99,27.51199999999517,22.601999999995314,4.9099999999998545,0.21723741261839097
2026-08-18 02:33:00,20179.35,928.83,44674.65,49029.37,26.891999999999825,22.551999999996042,4.3400000000037835,0.1924441291240043
2026-08-18 02:34:00,20179.78,930.45,44674.01,49028.99,26.51199999999517,22.506999999997788,4.004999999997381,0.17794463944540695
2026-08-18 02:35:00,20181.63,930.38,44673.83,49029.59,27.111999999993714,22.461999999999534,4.649999999994179,0.20701629418548106
2026-08-18 02:36:00,20184.03,929.53,44673.83,49030.56,28.081999999994878,22.461999999999534,5.619999999995343,0.2502003383490099
2026-08-18 02:37:00,20185.53,928.03,44673.99,49031.27,28.791999999994005,22.461999999999534,6.32999999999447,0.28180927789130983
2026-08-18 02:38:00,20186.11,927.3,44674.02,49031.52,29.041999999994005,22.441999999999098,6.599999999994907,0.2940914357007028
2026-08-18 02:39:00,20187.43,925.96,44674.13,49032.15,29.67199999999866,22.42199999999866,7.25,0.3233431451253426
2026-08-18 02:40:00,20187.97,925.78,44674.1,49032.33,29.851999999998952,22.391999999996187,7.460000000002765,0.3331546981066468
2026-08-18 02:41:00,20188.9,925.5,44673.86,49032.48,30.002000000000407,22.361999999993714,7.640000000006694,0.3416510151153225
2026-08-18 02:42:00,20188.49,925.57,44673.56,49032.04,29.56199999999808,22.356999999996333,7.205000000001746,0.32227042984313314
2026-08-18 02:43:00,20187.68,926.16,44673.27,49031.45,28.971999999994296,22.351999999998952,6.619999999995343,0.2961703650678084
2026-08-18 02:44:00,20187.93,926.99,44672.97,49031.29,28.81199999999808,22.351999999998952,6.459999999999127,0.28901216893340326
2026-08-18 02:45:00,20188.25,925.72,44673.05,49031.48,29.002000000000407,22.351999999998952,6.650000000001455,0.29751252684331453
2026-08-18 02:46:00,20188.54,924.12,44673.52,49032.0,29.521999999997206,22.281999999999243,7.239999999997963,0.3249259491965806
2026-08-18 02:47:00,20188.39,923.26,44673.9,49032.26,29.781999999999243,22.211999999999534,7.569999999999709,0.3408067711147068
2026-08-18 02:48:00,20188.16,923.32,44673.86,49032.13,29.651999999994587,22.17199999999866,7.4799999999959255,0.3373624391122306
2026-08-18 02:49:00,20187.77,923.77,44673.76,49031.89,29.411999999996624,22.131999999997788,7.279999999998836,0.3289354780408261
2026-08-18 02:50:00,20187.58,924.71,44673.42,49031.52,29.041999999994005,21.896999999997206,7.144999999996799,0.32630040644826735
2026-08-18 02:51:00,20188.63,924.54,44673.24,49031.79,29.31199999999808,21.661999999996624,7.650000000001455,0.3531529867972785
2026-08-18 02:52:00,20189.52,923.69,44673.24,49032.13,29.651999999994587,21.641999999996187,8.0099999999984,0.37011366786802563
2026-08-18 02:53:00,20189.98,922.9,44673.34,49032.4,29.92199999999866,21.62199999999575,8.30000000000291,0.3838682823052697
2026-08-18 02:54:00,20190.88,922.41,44673.55,49032.96,30.481999999996333,21.616999999994732,8.8650000000016,0.41009390757291764
2026-08-18 02:55:00,20191.06,922.73,44673.21,49032.7,30.221999999994296,21.611999999993714,8.610000000000582,0.3983897834537797
2026-08-18 02:56:00,20190.99,923.67,44672.73,49032.27,29.791999999994005,21.591999999996915,8.19999999999709,0.37977028529076795
2026-08-18 02:57:00,20191.59,924.27,44672.49,49032.3,29.822000000000116,21.572000000000116,8.25,0.3824402002595937
2026-08-18 02:58:00,20192.14,924.75,44672.33,49032.38,29.901999999994587,21.56199999999808,8.339999999996508,0.38679157777558903
2026-08-18 02:59:00,20191.8,925.74,44671.66,49031.65,29.17199999999866,21.551999999996042,7.620000000002619,0.3535634743877143
2026-08-18 03:00:00,20191.91,926.38,44671.13,49031.22,28.74199999999837,21.466999999996915,7.275000000001455,0.3388922532259981
2026-08-18 03:01:00,20192.45,927.23,44671.12,49031.45,28.971999999994296,21.381999999997788,7.5899999999965075,0.35497147133089946
2026-08-18 03:02:00,20193.01,927.92,44670.83,49031.43,28.951999999997497,21.356999999996333,7.595000000001164,0.3556211078336128
2026-08-18 03:03:00,20194.29,928.26,44670.72,49031.86,29.381999999997788,21.331999999994878,8.05000000000291,0.3773673354586932
2026-08-18 03:04:00,20193.97,928.73,44670.23,49031.28,28.801999999996042,21.301999999996042,7.5,0.3520796169374422
2026-08-18 03:05:00,20193.44,928.35,44670.17,49031.01,28.531999999999243,21.271999999997206,7.260000000002037,0.34129371944354037
2026-08-18 03:06:00,20192.69,927.88,44670.34,49030.85,28.37199999999575,21.256999999997788,7.114999999997963,0.3347132709224586
2026-08-18 03:07:00,20190.99,928.78,44670.11,49029.95,27.471999999994296,21.271999999997206,6.19999999999709,0.29146295599839717
2026-08-18 03:08:00,20187.97,930.34,44669.68,49028.37,25.891999999999825,21.301999999996042,4.5900000000037835,0.21547272556589223
2026-08-18 03:09:00,20186.88,931.41,44669.6,49027.89,25.411999999996624,21.331999999994878,4.080000000001746,0.1912619538722448
2026-08-18 03:10:00,20188.53,930.91,44669.87,49028.8,26.322000000000116,21.356999999996333,4.9650000000037835,0.2324764714147416
2026-08-18 03:11:00,20189.97,930.31,44669.94,49029.42,26.94199999999546,21.381999999997788,5.559999999997672,0.26003180245057744
2026-08-18 03:12:00,20191.45,929.7,44670.04,49030.11,27.631999999997788,21.466999999996915,6.165000000000873,0.28718498159974654
2026-08-18 03:13:00,20192.87,929.37,44670.01,49030.65,28.17199999999866,21.551999999996042,6.620000000002619,0.30716406830010373
2026-08-18 03:14:00,20193.69,929.2,44669.79,49030.78,28.301999999996042,21.56199999999808,6.739999999997963,0.31258695853810237
2026-08-18 03:15:00,20195.15,928.79,44670.13,49031.69,29.211999999999534,21.551999999996042,7.6600000000034925,0.35541945063125924
2026-08-18 03:16:00,20195.47,928.22,44669.97,49031.65,29.17199999999866,21.466999999996915,7.705000000001746,0.3589229980902247
2026-08-18 03:17:00,20195.99,927.96,44669.88,49031.8,29.322000000000116,21.381999999997788,7.940000000002328,0.37134037975882284
2026-08-18 03:18:00,20196.83,927.47,44670.02,49032.26,29.781999999999243,21.466999999996915,8.315000000002328,0.38733870592087966
2026-08-18 03:19:00,20197.04,927.76,44669.76,49032.1,29.62199999999575,21.531999999999243,8.089999999996508,0.3757198588146383
2026-08-18 03:20:00,20198.06,927.86,44669.68,49032.46,29.981999999996333,21.49199999999837,8.489999999997963,0.395030709100996
2026-08-18 03:21:00,20199.05,927.65,44669.55,49032.73,30.252000000000407,21.531999999999243,8.720000000001164,0.4049786364481456
2026-08-18 03:22:00,20199.81,927.55,44669.5,49033.0,30.521999999997206,21.541999999997643,8.979999999999563,0.4168600872714022
2026-08-18 03:23:00,20200.26,927.49,44669.11,49032.82,30.341999999996915,21.551999999996042,8.790000000000873,0.4078507795101377
2026-08-18 03:24:00,20200.36,927.29,44669.12,49032.87,30.391999999999825,21.56199999999808,8.830000000001746,0.40951674241733294
2026-08-18 03:25:00,20200.49,927.39,44668.99,49032.82,30.341999999996915,21.572000000000116,8.769999999996799,0.40654552197277727
2026-08-18 03:26:00,20200.02,927.92,44668.77,49032.44,29.961999999999534,21.572000000000116,8.389999999999418,0.3889300945670023
2026-08-18 03:27:00,20199.85,927.95,44668.79,49032.4,29.92199999999866,21.572000000000116,8.349999999998545,0.38707583905055165
2026-08-18 03:28:00,20199.23,927.63,44668.73,49032.06,29.581999999994878,21.581999999998516,7.999999999996362,0.3706792697616955
2026-08-18 03:29:00,20199.44,926.54,44668.76,49032.17,29.69199999999546,21.591999999996915,8.099999999998545,0.37513894034826334
2026-08-18 03:30:00,20199.5,926.72,44668.98,49032.4,29.92199999999866,21.601999999995314,8.320000000003347,0.3851495231925355
2026-08-18 03:31:00,20200.3,926.37,44669.46,49033.16,30.6820000000007,21.611999999993714,9.070000000006985,0.4196742550439396
2026-08-18 03:32:00,20200.27,926.27,44669.58,49033.26,30.781999999999243,21.616999999994732,9.165000000004511,0.42397187398837693
2026-08-18 03:33:00,20200.05,926.29,44669.34,49032.94,30.461999999999534,21.62199999999575,8.840000000003783,0.40884284525046344
2026-08-18 03:34:00,20200.36,926.28,44669.6,49033.3,30.822000000000116,21.641999999996187,9.180000000003929,0.4241752148602507
2026-08-18 03:35:00,20199.69,926.83,44669.29,49032.75,30.271999999997206,21.661999999996624,8.610000000000582,0.39747022435610396
2026-08-18 03:36:00,20199.02,927.76,44668.77,49032.04,29.56199999999808,21.69199999999546,7.870000000002619,0.36280656463231914
2026-08-18 03:37:00,20199.04,927.62,44669.23,49032.46,29.981999999996333,21.721999999994296,8.260000000002037,0.3802596446001384
2026-08-18 03:38:00,20198.53,927.43,44669.13,49032.16,29.6820000000007,21.781999999995605,7.900000000005093,0.3626847856030983
2026-08-18 03:39:00,20199.02,927.09,44669.44,49032.63,30.151999999994587,21.841999999996915,8.309999999997672,0.3804596648658019
2026-08-18 03:40:00,20199.24,926.86,44669.45,49032.72,30.24199999999837,21.851999999995314,8.390000000003056,0.38394654951514073
2026-08-18 03:41:00,20199.53,926.31,44669.49,49032.88,30.401999999994587,21.861999999993714,8.540000000000873,0.3906321471047173
2026-08-18 03:42:00,20200.23,926.14,44669.55,49033.21,30.731999999996333,21.901999999994587,8.830000000001746,0.4031595288103337
2026-08-18 03:43:00,20200.3,926.72,44669.23,49032.96,30.481999999996333,21.94199999999546,8.540000000000873,0.3892079117675071
2026-08-18 03:44:00,20200.45,927.05,44668.87,49032.69,30.211999999999534,21.971999999997934,8.2400000000016,0.37502275623531656
2026-08-18 03:45:00,20200.9,927.51,44668.79,49032.81,30.331999999994878,22.002000000000407,8.32999999999447,0.3786019452774437
2026-08-18 03:46:00,20200.88,927.12,44668.69,49032.71,30.231999999996333,22.002000000000407,8.229999999995925,0.3740569039176335
2026-08-18 03:47:00,20200.3,927.47,44668.84,49032.6,30.12199999999575,22.002000000000407,8.119999999995343,0.36905735842174314
2026-08-18 03:48:00,20200.8,926.94,44669.24,49033.19,30.711999999999534,22.066999999999098,8.645000000000437,0.3917614537545108
2026-08-18 03:49:00,20200.62,925.73,44669.54,49033.31,30.831999999994878,22.131999999997788,8.69999999999709,0.3930959696366329
2026-08-18 03:50:00,20199.53,925.67,44669.5,49032.84,30.361999999993714,22.166999999997643,8.194999999996071,0.3696936888165716
2026-08-18 03:51:00,20199.76,926.29,44669.68,49033.13,30.651999999994587,22.201999999997497,8.44999999999709,0.3805963426717432
2026-08-18 03:52:00,20201.06,925.65,44669.67,49033.64,31.161999999996624,22.206999999998516,8.954999999998108,0.4032512270904988
2026-08-18 03:53:00,20203.22,923.71,44670.07,49034.85,32.37199999999575,22.211999999999534,10.159999999996217,0.45741040878788175
2026-08-18 03:54:00,20205.78,920.29,44671.04,49036.71,34.23199999999633,22.256999999997788,11.974999999998545,0.5380329783888096
2026-08-18 03:55:00,20205.12,919.02,44671.16,49036.52,34.041999999994005,22.301999999996042,11.739999999997963,0.5264101874271386
2026-08-18 03:56:00,20204.78,918.68,44671.26,49036.46,33.98199999999633,22.31199999999808,11.669999999998254,0.5230369307995365
2026-08-18 03:57:00,20204.74,917.24,44671.51,49036.64,34.161999999996624,22.322000000000116,11.839999999996508,0.5304184212882558
2026-08-18 03:58:00,20203.97,917.16,44671.34,49036.18,33.7019999999975,22.336999999999534,11.364999999997963,0.5087970631686529
2026-08-18 03:59:00,20203.85,917.68,44671.03,49035.83,33.35199999999895,22.351999999998952,11.0,0.49212598425199156
2026-08-18 04:00:00,20203.28,918.87,44670.37,49035.03,32.55199999999604,22.351999999998952,10.19999999999709,0.45633500357898926
2026-08-18 04:01:00,20201.72,919.31,44670.14,49034.19,31.711999999999534,22.351999999998952,9.360000000000582,0.41875447387262976
2026-08-18 04:02:00,20198.45,921.31,44669.35,49032.16,29.6820000000007,22.356999999996333,7.325000000004366,0.32763787628060864
2026-08-18 04:03:00,20197.11,922.67,44669.16,49031.48,29.002000000000407,22.361999999993714,6.640000000006694,0.29693229585942943
2026-08-18 04:04:00,20196.48,923.4,44669.28,49031.34,28.861999999993714,22.361999999993714,6.5,0.29067167516330505
2026-08-18 04:05:00,20196.84,923.94,44669.09,49031.33,28.851999999998952,22.361999999993714,6.490000000005239,0.2902244879709804
2026-08-18 04:06:00,20197.72,923.06,44669.47,49032.02,29.541999999994005,22.391999999996187,7.149999999997817,0.3193104680242513
2026-08-18 04:07:00,20198.16,920.9,44669.86,49032.53,30.051999999996042,22.42199999999866,7.629999999997381,0.3402907858352438
2026-08-18 04:08:00,20198.0,919.65,44670.29,49032.82,30.341999999996915,22.441999999999098,7.899999999997817,0.3520185366722277
2026-08-18 04:09:00,20198.42,919.15,44670.73,49033.38,30.901999999994587,22.461999999999534,8.439999999995052,0.37574570385518774
2026-08-18 04:10:00,20198.85,917.66,44670.78,49033.59,31.111999999993714,22.461999999999534,8.64999999999418,0.38509482681837587
2026-08-18 04:11:00,20198.24,917.06,44670.63,49033.18,30.701999999997497,22.461999999999534,8.239999999997963,0.36684177722367256
2026-08-18 04:12:00,20199.07,917.34,44671.06,49033.94,31.461999999999534,22.506999999997788,8.955000000001746,0.39787621628838254
2026-08-18 04:13:00,20199.18,917.62,44670.99,49033.91,31.4320000000007,22.551999999996042,8.880000000004657,0.393756651295061
2026-08-18 04:14:00,20199.13,917.46,44670.6,49033.53,31.051999999996042,22.601999999995314,8.450000000000728,0.3738607202903495
2026-08-18 04:15:00,20199.78,916.46,44670.27,49033.47,30.99199999999837,22.651999999994587,8.340000000003783,0.3681794102068593
2026-08-18 04:16:00,20201.57,914.26,44670.75,49034.61,32.13199999999779,22.706999999994878,9.42500000000291,0.41507024265667136
2026-08-18 04:17:00,20202.73,912.38,44671.11,49035.37,32.891999999999825,22.76199999999517,10.130000000004657,0.4450399789125212
2026-08-18 04:18:00,20203.07,910.39,44671.2,49035.56,33.08199999999488,22.766999999996187,10.31499999999869,0.4530680370712179
2026-08-18 04:19:00,20202.22,910.36,44670.89,49034.9,32.42199999999866,22.771999999997206,9.650000000001455,0.4237660284561145
2026-08-18 04:20:00,20202.38,910.94,44670.79,49034.92,32.44199999999546,22.781999999995605,9.659999999999854,0.42401896233876385
2026-08-18 04:21:00,20202.86,910.8,44670.54,49034.88,32.40199999999459,22.791999999994005,9.610000000000582,0.4216391716393081
2026-08-18 04:22:00,20203.59,910.11,44670.79,49035.41,32.9320000000007,22.836999999995896,10.095000000004802,0.4420458028640634
2026-08-18 04:23:00,20202.17,911.75,44669.91,49034.07,31.591999999996915,22.881999999997788,8.709999999999127,0.3806485447076291
2026-08-18 04:24:00,20201.99,914.26,44669.68,49033.82,31.341999999996915,22.896999999997206,8.444999999999709,0.3688256103419985
2026-08-18 04:25:00,20200.83,916.92,44668.76,49032.54,30.06199999999808,22.911999999996624,7.150000000001455,0.312063547486143
2026-08-18 04:26:00,20200.71,918.76,44668.28,49032.1,29.62199999999575,22.911999999996624,6.709999999999127,0.29285963687151345
2026-08-18 04:27:00,20201.51,918.61,44668.24,49032.39,29.911999999996624,22.911999999996624,7.0,0.3055167597765813
2026-08-18 04:28:00,20202.06,917.64,44668.29,49032.63,30.151999999994587,22.911999999996624,7.239999999997963,0.31599162011168946
2026-08-18 04:29:00,20201.87,916.72,44668.67,49032.88,30.401999999994587,22.911999999996624,7.489999999997963,0.3269029329608531
2026-08-18 04:30:00,20201.64,916.87,44669.08,49033.15,30.67199999999866,22.911999999996624,7.760000000002037,0.33868715083812767
2026-08-18 04:31:00,20200.69,919.43,44668.17,49031.99,29.51199999999517,22.911999999996624,6.599999999998545,0.288058659217856
2026-08-18 04:32:00,20202.96,919.27,44668.31,49033.06,30.581999999994878,22.916999999997643,7.664999999997235,0.33446786228555325
2026-08-18 04:33:00,20204.63,917.66,44668.62,49033.97,31.49199999999837,22.92199999999866,8.569999999999709,0.373876625076355
2026-08-18 04:34:00,20205.2,916.23,44668.13,49033.74,31.26199999999517,22.92699999999968,8.334999999995489,0.3635451650890045
2026-08-18 04:35:00,20205.96,915.81,44668.34,49034.24,31.76199999999517,22.9320000000007,8.82999999999447,0.38505145647977507
2026-08-18 04:36:00,20205.44,916.26,44668.32,49034.0,31.521999999997206,22.951999999997497,8.569999999999709,0.37338794004882553
2026-08-18 04:37:00,20204.69,917.23,44668.0,49033.43,30.951999999997497,22.971999999994296,7.980000000003201,0.3473794184226529
2026-08-18 04:38:00,20203.72,918.75,44667.47,49032.57,30.091999999996915,22.981999999996333,7.110000000000582,0.309372552432413
2026-08-18 04:39:00,20202.26,920.03,44667.03,49031.58,29.101999999998952,22.99199999999837,6.110000000000582,0.26574460681980755
2026-08-18 04:40:00,20200.95,921.19,44666.88,49030.93,28.451999999997497,23.00199999999677,5.450000000000728,0.23693591861583746
2026-08-18 04:41:00,20199.51,922.48,44666.5,49030.01,27.531999999999243,23.01199999999517,4.5200000000040745,0.19641925951699216
2026-08-18 04:42:00,20199.17,922.58,44666.63,49030.02,27.541999999994005,23.021999999997206,4.519999999996799,0.19633394144719604
2026-08-18 04:43:00,20198.83,921.3,44667.3,49030.47,27.99199999999837,23.031999999999243,4.959999999999127,0.21535255296975034
2026-08-18 04:44:00,20197.28,921.17,44667.4,49029.92,27.44199999999546,23.041999999997643,4.399999999997817,0.19095564621119118
2026-08-18 04:45:00,20196.49,921.61,44667.52,49029.71,27.231999999996333,23.051999999996042,4.180000000000291,0.18132916883571962
2026-08-18 04:46:00,20195.69,921.81,44667.36,49029.25,26.771999999997206,23.05699999999706,3.7150000000001455,0.1611224357028503
2026-08-18 04:47:00,20196.4,922.04,44668.08,49030.22,27.74199999999837,23.06199999999808,4.680000000000291,0.20293122886135984
2026-08-18 04:48:00,20196.65,921.98,44667.72,49029.98,27.502000000000407,23.086999999995896,4.415000000004511,0.1912331615196992
2026-08-18 04:49:00,20197.62,921.37,44667.75,49030.39,27.911999999996624,23.111999999993714,4.80000000000291,0.20768431983403496
2026-08-18 04:50:00,20199.19,919.46,44668.38,49031.58,29.101999999998952,23.13199999999415,5.970000000004802,0.25808403942617636
2026-08-18 04:51:00,20199.37,916.71,44668.95,49032.13,29.651999999994587,23.151999999994587,6.5,0.28075328265383204
2026-08-18 04:52:00,20198.99,915.19,44669.64,49032.56,30.081999999994878,23.166999999997643,6.914999999997235,0.29848491388604215
2026-08-18 04:53:00,20197.89,915.4,44669.7,49032.19,29.711999999999534,23.1820000000007,6.529999999998836,0.28168406522295913
2026-08-18 04:54:00,20196.72,915.19,44669.66,49031.65,29.17199999999866,23.201999999997497,5.970000000001164,0.25730540470656876
2026-08-18 04:55:00,20195.67,915.98,44669.93,49031.48,29.002000000000407,23.221999999994296,5.780000000006112,0.24890190336782067
2026-08-18 04:56:00,20193.42,917.81,44668.93,49029.68,27.201999999997497,23.221999999994296,3.9800000000032014,0.17138919989682969
2026-08-18 04:57:00,20191.74,920.57,44668.17,49028.36,25.881999999997788,23.221999999994296,2.6600000000034925,0.11454655068487408
2026-08-18 04:58:00,20191.88,921.58,44667.76,49028.07,25.591999999996915,23.231999999996333,2.360000000000582,0.10158402203860858
2026-08-18 04:59:00,20191.8,921.55,44668.08,49028.32,25.841999999996915,23.24199999999837,2.599999999998545,0.11186644867045552
2026-08-18 05:00:00,20191.01,923.25,44667.41,49027.43,24.951999999997497,23.256999999997788,1.694999999999709,0.07288128305455864
2026-08-18 05:01:00,20191.04,923.76,44667.47,49027.51,25.031999999999243,23.271999999997206,1.7600000000020373,0.07562736335520147
2026-08-18 05:02:00,20189.85,924.95,44667.33,49026.9,24.42199999999866,23.286999999996624,1.1350000000020373,0.04873964014266337
2026-08-18 05:03:00,20189.0,925.79,44667.07,49026.33,23.851999999998952,23.301999999996042,0.5500000000029104,0.023603124195476947
2026-08-18 05:04:00,20187.65,926.29,44666.73,49025.47,22.99199999999837,23.31199999999808,-0.31999999999970896,0.013726835964298873
2026-08-18 05:05:00,20185.86,927.22,44666.55,49024.61,22.131999999997788,23.322000000000116,-1.1900000000023283,0.05102478346635462
2026-08-18 05:06:00,20184.04,926.86,44666.55,49023.86,21.381999999997788,23.331999999998516,-1.9500000000007276,0.08357620435457104
2026-08-18 05:07:00,20181.91,925.98,44666.88,49023.29,20.81199999999808,23.341999999996915,-2.529999999998836,0.1083883129123113
2026-08-18 05:08:00,20181.05,927.55,44666.9,49022.99,20.51199999999517,23.36699999999837,-2.8550000000032014,0.12218085334032612
2026-08-18 05:09:00,20181.31,925.5,44667.66,49023.75,21.271999999997206,23.391999999999825,-2.1200000000026193,0.09062927496591293
2026-08-18 05:10:00,20179.94,925.58,44667.84,49023.34,20.861999999993714,23.412000000000262,-2.5500000000065484,0.1089185033319033
2026-08-18 05:11:00,20178.26,928.2,44667.1,49022.02,19.541999999994005,23.4320000000007,-3.890000000006694,0.16601229088454156
2026-08-18 05:12:00,20177.55,929.95,44666.68,49021.39,18.911999999996624,23.43699999999808,-4.525000000001455,0.1930707855101688
2026-08-18 05:13:00,20178.17,930.42,44667.09,49022.04,19.56199999999808,23.44199999999546,-3.8799999999973807,0.16551488780812781
2026-08-18 05:14:00,20179.58,930.27,44667.23,49022.74,20.26199999999517,23.44199999999546,-3.180000000000291,0.13565395444078607
2026-08-18 05:15:00,20180.49,928.46,44667.64,49023.44,20.961999999999534,23.44199999999546,-2.4799999999959255,0.10579302107313394
2026-08-18 05:16:00,20180.43,928.32,44667.79,49023.54,21.06199999999808,23.451999999997497,-2.389999999999418,0.10191028483710016
2026-08-18 05:17:00,20180.12,929.06,44667.99,49023.61,21.131999999997788,23.461999999999534,-2.3300000000017462,0.0993095217799758
2026-08-18 05:18:00,20179.98,928.85,44667.62,49023.23,20.752000000000407,23.48699999999735,-2.734999999996944,0.11644739643195183
2026-08-18 05:19:00,20180.85,925.48,44668.25,49024.09,21.611999999993714,23.51199999999517,-1.9000000000014552,0.08080979925152457
2026-08-18 05:20:00,20181.74,923.83,44669.31,49025.39,22.911999999996624,23.531999999995605,-0.6199999999989814,0.026347101818761567
2026-08-18 05:21:00,20181.38,922.98,44669.49,49025.4,22.92199999999866,23.551999999996042,-0.6299999999973807,0.026749320652067192
2026-08-18 05:22:00,20180.56,921.4,44669.61,49025.13,22.651999999994587,23.55699999999706,-0.9050000000024738,0.03841745553349691
2026-08-18 05:23:00,20179.73,920.9,44669.67,49024.84,22.361999999993714,23.56199999999808,-1.2000000000043656,0.05092946269435801
2026-08-18 05:24:00,20180.16,920.76,44669.57,49024.94,22.461999999999534,23.57199999999648,-1.109999999996944,0.047089767520664766
2026-08-18 05:25:00,20180.53,920.47,44669.36,49024.9,22.42199999999866,23.581999999994878,-1.1599999999962165,0.04919006021526878
2026-08-18 05:26:00,20181.46,919.19,44669.74,49025.59,23.111999999993714,23.591999999996915,-0.4800000000032014,0.0203458799594466
2026-08-18 05:27:00,20182.72,917.41,44670.2,49026.5,24.021999999997206,23.601999999998952,0.41999999999825377,0.01779510210991748
2026-08-18 05:28:00,20183.16,915.59,44670.51,49026.92,24.44199999999546,23.61199999999735,0.8299999999981083,0.035151617821370544
2026-08-18 05:29:00,20183.21,914.94,44670.45,49026.87,24.391999999999825,23.62199999999575,0.7700000000040745,0.03259673186030874
2026-08-18 05:30:00,20184.24,913.24,44670.65,49027.44,24.961999999999534,23.62699999999677,1.3350000000027649,0.056503153172342974
2026-08-18 05:31:00,20184.97,910.7,44671.24,49028.24,25.76199999999517,23.631999999997788,2.1299999999973807,0.09013202437362813
2026-08-18 05:32:00,20185.36,909.59,44671.43,49028.54,26.06199999999808,23.641999999996187,2.4200000000018917,0.10236020641241358
2026-08-18 05:33:00,20186.53,908.55,44671.61,49029.18,26.701999999997497,23.651999999994587,3.0500000000029104,0.12895315406746188
2026-08-18 05:34:00,20186.86,908.74,44671.53,49029.22,26.74199999999837,23.656999999995605,3.085000000002765,0.13040537684420417
2026-08-18 05:35:00,20187.84,908.17,44671.15,49029.28,26.801999999996042,23.661999999996624,3.139999999999418,0.13270222297353843
2026-08-18 05:36:00,20188.89,907.23,44671.08,49029.63,27.151999999994587,23.666999999997643,3.484999999996944,0.14725144716260155
2026-08-18 05:37:00,20189.52,906.32,44671.35,49030.12,27.641999999999825,23.67199999999866,3.970000000001164,0.16770868536673658
2026-08-18 05:38:00,20189.52,906.37,44671.06,49029.88,27.401999999994587,23.68699999999808,3.7149999999965075,0.15683708363223747
2026-08-18 05:39:00,20190.65,906.55,44670.57,49029.89,27.411999999996624,23.701999999997497,3.709999999999127,0.15652687536914686
2026-08-18 05:40:00,20192.81,905.24,44670.79,49030.94,28.461999999999534,23.716999999996915,4.745000000002619,0.20006746215808224
2026-08-18 05:41:00,20193.82,902.71,44671.21,49031.7,29.221999999994296,23.731999999996333,5.489999999997963,0.23133322096741998
2026-08-18 05:42:00,20193.82,902.51,44671.04,49031.53,29.051999999996042,23.731999999996333,5.319999999999709,0.2241698971852575
2026-08-18 05:43:00,20194.55,901.17,44670.96,49031.74,29.26199999999517,23.731999999996333,5.529999999998836,0.2330187089162182
2026-08-18 05:44:00,20194.34,901.52,44670.69,49031.4,28.92199999999866,23.73699999999735,5.18500000000131,0.2184353540886333
2026-08-18 05:45:00,20194.76,901.47,44670.55,49031.45,28.971999999994296,23.74199999999837,5.2299999999959255,0.22028472748699707
2026-08-18 05:46:00,20195.53,900.1,44670.43,49031.64,29.161999999996624,23.75199999999677,5.4099999999998545,0.22777029302798038
2026-08-18 05:47:00,20195.99,900.59,44670.38,49031.78,29.301999999996042,23.76199999999517,5.540000000000873,0.2331453581349213
2026-08-18 05:48:00,20196.3,901.2,44669.77,49031.37,28.891999999999825,23.766999999996187,5.125000000003638,0.21563512433224472
2026-08-18 05:49:00,20197.54,900.99,44669.85,49031.94,29.461999999999534,23.771999999997206,5.690000000002328,0.2393572269898619
2026-08-18 05:50:00,20199.44,899.86,44670.33,49033.13,30.651999999994587,23.776999999998225,6.874999999996362,0.289144972031664
2026-08-18 05:51:00,20199.7,899.11,44669.89,49032.82,30.341999999996915,23.781999999999243,6.559999999997672,0.2758388697333227
2026-08-18 05:52:00,20200.27,898.62,44669.51,49032.71,30.231999999996333,23.791999999997643,6.43999999999869,0.2706792199058225
2026-08-18 05:53:00,20200.46,898.08,44669.42,49032.68,30.201999999997497,23.801999999996042,6.400000000001455,0.2688849676498832
2026-08-18 05:54:00,20200.52,898.91,44669.37,49032.69,30.211999999999534,23.80699999999706,6.405000000002474,0.2690385180830539
2026-08-18 05:55:00,20200.74,898.7,44669.04,49032.47,29.99199999999837,23.81199999999808,6.180000000000291,0.2595330085671422
2026-08-18 05:56:00,20201.76,897.64,44669.1,49032.92,30.44199999999546,23.831999999998516,6.609999999996944,0.2773581738837427
2026-08-18 05:57:00,20202.53,896.55,44668.98,49033.11,30.631999999997788,23.851999999998952,6.779999999998836,0.28425289283913857
2026-08-18 05:58:00,20202.64,896.64,44668.92,49033.11,30.631999999997788,23.851999999998952,6.779999999998836,0.28425289283913857
2026-08-18 05:59:00,20202.96,896.91,44668.74,49033.07,30.591999999996915,23.851999999998952,6.739999999997963,0.28257588462176164
2026-08-18 06:00:00,20203.13,897.16,44668.61,49033.02,30.541999999994005,23.856999999996333,6.684999999997672,0.28021125874999786
2026-08-18 06:01:00,20203.17,897.87,44668.51,49032.95,30.471999999994296,23.861999999993714,6.610000000000582,0.2770094711257365
2026-08-18 06:02:00,20202.76,898.27,44668.14,49032.45,29.971999999994296,23.901999999994587,6.069999999999709,0.2539536440465686
2026-08-18 06:03:00,20202.99,898.27,44668.21,49032.62,30.141999999999825,23.94199999999546,6.200000000004366,0.2589591512824969
2026-08-18 06:04:00,20202.92,899.11,44667.74,49032.19,29.711999999999534,23.951999999997497,5.760000000002037,0.24048096192395788
2026-08-18 06:05:00,20203.33,899.2,44667.45,49032.08,29.601999999998952,23.961999999999534,5.639999999999418,0.23537267339952958
2026-08-18 06:06:00,20204.05,898.15,44667.52,49032.44,29.961999999999534,23.966999999996915,5.995000000002619,0.25013560312109945
2026-08-18 06:07:00,20204.63,897.51,44667.8,49032.91,30.4320000000007,23.971999999994296,6.460000000006403,0.26948106123844234
2026-08-18 06:08:00,20203.83,897.9,44667.57,49032.38,29.901999999994587,23.99699999999575,5.904999999998836,0.24607242571987673
2026-08-18 06:09:00,20203.63,899.18,44667.57,49032.31,29.831999999994878,24.021999999997206,5.809999999997672,0.24186162684199264
2026-08-18 06:10:00,20204.18,899.05,44667.58,49032.56,30.081999999994878,24.031999999995605,6.049999999999272,0.25174766977365093
2026-08-18 06:11:00,20204.13,899.18,44667.41,49032.38,29.901999999994587,24.041999999994005,5.860000000000582,0.24374012145420695
2026-08-18 06:12:00,20203.83,900.5,44667.12,49032.02,29.541999999994005,24.06199999999444,5.479999999999563,0.2277449921037665
2026-08-18 06:13:00,20203.88,901.39,44667.24,49032.16,29.6820000000007,24.081999999994878,5.600000000005821,0.2325388256792215
2026-08-18 06:14:00,20203.65,901.33,44667.08,49031.93,29.451999999997497,24.081999999994878,5.370000000002619,0.22298812391013045
2026-08-18 06:15:00,20202.99,902.84,44666.64,49031.27,28.791999999994005,24.081999999994878,4.709999999999127,0.19558176231210567
2026-08-18 06:16:00,20202.08,903.7,44666.07,49030.39,27.911999999996624,24.096999999994296,3.8150000000023283,0.15831846287933068
2026-08-18 06:17:00,20201.91,905.1,44666.09,49030.4,27.92199999999866,24.111999999993714,3.8100000000049477,0.15801260783037246
2026-08-18 06:18:00,20201.61,906.67,44665.89,49030.11,27.631999999997788,24.116999999994732,3.515000000003056,0.14574781274635418
2026-08-18 06:19:00,20202.3,906.36,44665.63,49030.16,27.6820000000007,24.12199999999575,3.5600000000049477,0.14758311914458067
2026-08-18 06:20:00,20203.81,905.33,44666.38,49031.43,28.951999999997497,24.12699999999677,4.825000000000728,0.1999834210635957
2026-08-18 06:21:00,20204.53,904.55,44667.18,49032.42,29.94199999999546,24.131999999997788,5.809999999997672,0.24075915796445402
2026-08-18 06:22:00,20202.71,904.73,44666.91,49031.44,28.961999999999534,24.166999999997643,4.795000000001892,0.19841105639931972
2026-08-18 06:23:00,20201.63,907.15,44666.59,49030.75,28.271999999997206,24.201999999997497,4.069999999999709,0.1681679200066164
2026-08-18 06:24:00,20200.49,908.98,44665.88,49029.66,27.1820000000007,24.206999999998516,2.975000000002183,0.12289833519239746
2026-08-18 06:25:00,20200.02,910.65,44665.3,49028.97,26.49199999999837,24.211999999999534,2.279999999998836,0.09416818106719312
2026-08-18 06:26:00,20200.65,911.09,44665.44,49029.38,26.901999999994587,24.23199999999997,2.669999999994616,0.11018487949796216
2026-08-18 06:27:00,20200.42,911.84,44665.42,49029.27,26.791999999994005,24.252000000000407,2.539999999993597,0.10473363021579889
2026-08-18 06:28:00,20199.37,913.83,44664.98,49028.47,25.99199999999837,24.256999999997788,1.735000000000582,0.07152574514576165
2026-08-18 06:29:00,20199.25,914.13,44664.9,49028.35,25.87199999999575,24.26199999999517,1.610000000000582,0.0663589151760326
2026-08-18 06:30:00,20199.1,915.47,44665.3,49028.67,26.19199999999546,24.266999999996187,1.9249999999992724,0.07932583343633638
2026-08-18 06:31:00,20196.83,917.07,44664.95,49027.48,25.002000000000407,24.271999999997206,0.7300000000032014,0.030075807514967266
2026-08-18 06:32:00,20198.57,919.2,44664.75,49028.05,25.572000000000116,24.271999999997206,1.3000000000029104,0.05355965721831987
2026-08-18 06:33:00,20199.49,918.69,44664.75,49028.4,25.92199999999866,24.271999999997206,1.6500000000014552,0.06797956493085222
2026-08-18 06:34:00,20198.77,918.56,44664.95,49028.28,25.801999999996042,24.281999999995605,1.5200000000004366,0.06259780907671163
2026-08-18 06:35:00,20198.19,918.88,44664.79,49027.92,25.44199999999546,24.291999999994005,1.1500000000014552,0.04734068829251355
2026-08-18 06:36:00,20198.06,919.35,44665.24,49028.27,25.791999999994005,24.31199999999444,1.4799999999995634,0.06087528792365506
2026-08-18 06:37:00,20197.19,920.88,44665.05,49027.77,25.291999999994005,24.331999999994878,0.9599999999991269,0.03945421666937896
2026-08-18 06:38:00,20195.01,921.76,44664.79,49026.68,24.201999999997497,24.336999999995896,-0.1349999999983993,0.005547109339623703
2026-08-18 06:39:00,20195.91,922.52,44664.76,49027.06,24.581999999994878,24.341999999996915,0.23999999999796273,0.009859502095061751
2026-08-18 06:40:00,20196.31,921.85,44665.04,49027.43,24.951999999997497,24.346999999997934,0.6049999999995634,0.02484905737871667
2026-08-18 06:41:00,20196.38,922.52,44665.35,49027.74,25.26199999999517,24.351999999998952,0.9099999999962165,0.037368593955168186
2026-08-18 06:42:00,20196.3,923.05,44665.37,49027.74,25.26199999999517,24.36199999999735,0.8999999999978172,0.036942779738852106
2026-08-18 06:43:00,20196.18,922.6,44665.9,49028.14,25.661999999996624,24.37199999999575,1.2900000000008731,0.052929591334363126
2026-08-18 06:44:00,20195.45,922.75,44665.41,49027.42,24.94199999999546,24.381999999997788,0.5599999999976717,0.02296776310383572
2026-08-18 06:45:00,20194.06,923.04,44665.42,49026.85,24.37199999999575,24.391999999999825,-0.020000000004074536,0.0008199409644176238
2026-08-18 06:46:00,20192.77,924.37,44665.16,49026.14,23.661999999996624,24.406999999999243,-0.7450000000026193,0.030524029991504175
2026-08-18 06:47:00,20192.75,924.12,44665.07,49026.06,23.581999999994878,24.42199999999866,-0.8400000000037835,0.03439521742706697
2026-08-18 06:48:00,20193.67,923.63,44665.89,49027.16,24.6820000000007,24.43199999999706,0.250000000003638,0.01023248199098183
2026-08-18 06:49:00,20193.14,924.34,44666.09,49027.12,24.641999999999825,24.44199999999546,0.20000000000436557,0.008182636445642858
2026-08-18 06:50:00,20192.44,925.36,44666.04,49026.82,24.341999999996915,24.456999999994878,-0.11499999999796273,0.004702130269370193
2026-08-18 06:51:00,20191.45,925.26,44665.96,49026.33,23.851999999998952,24.471999999994296,-0.6199999999953434,0.025335076822306634
2026-08-18 06:52:00,20190.44,926.0,44665.97,49025.94,23.461999999999534,24.481999999996333,-1.0199999999967986,0.041663262805201835
2026-08-18 06:53:00,20190.18,927.14,44666.17,49026.04,23.56199999999808,24.49199999999837,-0.930000000000291,0.037971582557584226
2026-08-18 06:54:00,20189.63,927.76,44665.76,49025.45,22.971999999994296,24.511999999998807,-1.540000000004511,0.06282637075736724
2026-08-18 06:55:00,20189.69,928.18,44665.79,49025.51,23.031999999999243,24.531999999999243,-1.5,0.06114462742540544
2026-08-18 06:56:00,20189.95,928.86,44665.79,49025.63,23.151999999994587,24.54699999999866,-1.3950000000040745,0.05682975516373286
2026-08-18 06:57:00,20190.27,929.73,44665.81,49025.8,23.322000000000116,24.56199999999808,-1.2399999999979627,0.050484488233778185
2026-08-18 06:58:00,20189.94,930.35,44665.84,49025.7,23.221999999994296,24.57199999999648,-1.3500000000021828,0.054940582777241426
2026-08-18 06:59:00,20189.36,931.52,44665.73,49025.39,22.911999999996624,24.581999999994878,-1.6699999999982538,0.06793588804810845
2026-08-18 07:00:00,20188.4,932.88,44665.37,49024.69,22.211999999999534,24.61199999999735,-2.399999999997817,0.09751340809353468
2026-08-18 07:01:00,20188.79,933.18,44665.55,49025.03,22.551999999996042,24.641999999999825,-2.0900000000037835,0.08481454427415787
2026-08-18 07:02:00,20189.9,932.88,44665.91,49025.82,23.341999999996915,24.662000000000262,-1.320000000003347,0.05352363960762845
2026-08-18 07:03:00,20191.37,932.81,44666.13,49026.59,24.111999999993714,24.6820000000007,-0.5700000000069849,0.02309375253249205
2026-08-18 07:04:00,20191.36,932.41,44666.13,49026.56,24.081999999994878,24.756999999997788,-0.6750000000029104,0.027265015955203406
2026-08-18 07:05:00,20189.76,932.79,44665.89,49025.72,23.24199999999837,24.831999999994878,-1.5899999999965075,0.06403028350502721
2026-08-18 07:06:00,20188.75,935.16,44665.95,49025.39,22.911999999996624,24.88699999999517,-1.9749999999985448,0.07935870132996858
2026-08-18 07:07:00,20189.68,935.74,44665.63,49025.49,23.01199999999517,24.94199999999546,-1.930000000000291,0.07737952048755682
2026-08-18 07:08:00,20191.3,934.39,44665.77,49026.28,23.801999999996042,24.94699999999648,-1.1450000000004366,0.04589730228085935
2026-08-18 07:09:00,20193.32,931.74,44666.49,49027.69,25.211999999999534,24.951999999997497,0.26000000000203727,0.010420006412394331
2026-08-18 07:10:00,20191.2,935.44,44665.73,49026.21,23.731999999996333,24.951999999997497,-1.2200000000011642,0.04889387624243694
2026-08-18 07:11:00,20189.75,937.6,44664.79,49024.83,22.351999999998952,24.951999999997497,-2.599999999998545,0.10420006412306852
2026-08-18 07:12:00,20190.45,937.84,44664.95,49025.24,22.76199999999517,24.956999999998516,-2.195000000003347,0.08795127619519484
2026-08-18 07:13:00,20190.84,936.18,44665.62,49025.99,23.51199999999517,24.961999999999534,-1.4500000000043656,0.05808829420737091
2026-08-18 07:14:00,20191.06,935.94,44666.01,49026.42,23.94199999999546,24.98199999999997,-1.040000000004511,0.04162997358115893
2026-08-18 07:15:00,20191.0,936.91,44666.05,49026.45,23.971999999994296,25.002000000000407,-1.0300000000061118,0.041196704263902685
2026-08-18 07:16:00,20190.97,937.5,44665.83,49026.26,23.781999999999243,25.016999999999825,-1.235000000000582,0.04936643082706123
2026-08-18 07:17:00,20190.81,937.78,44665.79,49026.15,23.67199999999866,25.031999999999243,-1.360000000000582,0.05433045701504567
2026-08-18 07:18:00,20190.01,938.53,44665.7,49025.75,23.271999999997206,25.031999999999243,-1.7600000000020373,0.07031000319599275
2026-08-18 07:19:00,20190.88,938.0,44665.72,49026.11,23.631999999997788,25.031999999999243,-1.4000000000014552,0.055928411633169445
2026-08-18 07:20:00,20191.26,936.8,44666.01,49026.52,24.041999999994005,25.06199999999808,-1.0200000000040745,0.040699066315703164
2026-08-18 07:21:00,20190.71,936.63,44666.37,49026.6,24.12199999999575,25.091999999996915,-0.9700000000011642,0.03865773951862281
2026-08-18 07:22:00,20190.07,937.08,44666.17,49026.18,23.701999999997497,25.151999999998225,-1.4500000000007276,0.05764949109418058
2026-08-18 07:23:00,20190.78,935.87,44666.48,49026.77,24.291999999994005,25.211999999999534,-0.9200000000055297,0.036490560050989475
2026-08-18 07:24:00,20189.46,937.98,44666.15,49025.92,23.44199999999546,25.23699999999735,-1.7950000000018917,0.07112572809771685
2026-08-18 07:25:00,20188.94,938.84,44665.63,49025.25,22.771999999997206,25.26199999999517,-2.4899999999979627,0.09856701765491406
2026-08-18 07:26:00,20189.39,938.18,44665.46,49025.27,22.791999999994005,25.26199999999517,-2.470000000001164,0.09777531470198862
2026-08-18 07:27:00,20189.6,937.34,44665.94,49025.78,23.301999999996042,25.26199999999517,-1.9599999999991269,0.07758688939907774
2026-08-18 07:28:00,20190.53,935.65,44666.82,49026.95,24.471999999994296,25.276999999994587,-0.805000000000291,0.031847133757980116
2026-08-18 07:29:00,20189.97,937.63,44666.8,49026.69,24.211999999999534,25.291999999994005,-1.0799999999944703,0.04270124940671858
2026-08-18 07:30:00,20187.24,942.47,44664.64,49023.7,21.221999999994296,25.351999999995314,-4.130000000001019,0.1629062795835351
2026-08-18 07:31:00,20187.22,943.66,44664.06,49023.23,20.752000000000407,25.411999999996624,-4.6599999999962165,0.1833779316856932
2026-08-18 07:32:00,20187.92,941.62,44664.7,49024.05,21.572000000000116,25.426999999996042,-3.8549999999959255,0.15161049278312524
2026-08-18 07:33:00,20188.5,939.67,44665.44,49024.94,22.461999999999534,25.44199999999546,-2.9799999999959255,0.11712915651271351
2026-08-18 07:34:00,20189.27,938.18,44666.42,49026.13,23.651999999994587,25.451999999997497,-1.8000000000029104,0.07072135785019203
2026-08-18 07:35:00,20188.3,940.29,44666.2,49025.54,23.06199999999808,25.461999999999534,-2.400000000001455,0.09425811012495088
2026-08-18 07:36:00,20188.56,940.52,44665.86,49025.36,22.881999999997788,25.516999999999825,-2.6350000000020373,0.10326449033985403
2026-08-18 07:37:00,20189.44,938.84,44666.44,49026.21,23.731999999996333,25.572000000000116,-1.8400000000037835,0.07195369935882118
2026-08-18 07:38:00,20188.4,938.6,44666.6,49025.92,23.44199999999546,25.581999999998516,-2.140000000003056,0.08365256821214839
2026-08-18 07:39:00,20187.69,939.36,44666.66,49025.7,23.221999999994296,25.591999999996915,-2.3700000000026193,0.09260706470783468
2026-08-18 07:40:00,20187.25,938.73,44666.56,49025.41,22.9320000000007,25.62699999999677,-2.694999999996071,0.10516252390043355
2026-08-18 07:41:00,20186.19,938.97,44666.39,49024.83,22.351999999998952,25.661999999996624,-3.3099999999976717,0.12898449068654458
2026-08-18 07:42:00,20184.97,939.98,44666.17,49024.14,21.661999999996624,25.711999999995896,-4.049999999999272,0.15751400124455192
2026-08-18 07:43:00,20184.11,940.13,44665.82,49023.48,21.002000000000407,25.76199999999517,-4.759999999994761,0.18476826333342342
2026-08-18 07:44:00,20183.94,939.98,44665.93,49023.52,21.041999999994005,25.776999999994587,-4.735000000000582,0.18369088722510674
2026-08-18 07:45:00,20183.77,940.48,44665.94,49023.46,20.981999999996333,25.791999999994005,-4.809999999997672,0.18649193548382403
2026-08-18 07:46:00,20184.3,940.38,44666.4,49024.1,21.62199999999575,25.796999999995023,-4.174999999999272,0.16184052409195168
2026-08-18 07:47:00,20183.64,941.0,44666.21,49023.66,21.1820000000007,25.801999999996042,-4.619999999995343,0.17905588714037873
2026-08-18 07:48:00,20184.21,940.88,44666.35,49024.03,21.551999999996042,25.82199999999648,-4.270000000000437,0.1653628688715444
2026-08-18 07:49:00,20183.88,941.0,44666.25,49023.81,21.331999999994878,25.841999999996915,-4.510000000002037,0.17452209581311723
2026-08-18 07:50:00,20183.71,940.8,44666.23,49023.72,21.24199999999837,25.841999999996915,-4.599999999998545,0.1780047983901824
2026-08-18 07:51:00,20183.06,940.57,44666.37,49023.58,21.101999999998952,25.841999999996915,-4.739999999997963,0.1834223357324715
2026-08-18 07:52:00,20182.51,941.43,44666.21,49023.23,20.752000000000407,25.856999999996333,-5.1049999999959255,0.19743203001108595
2026-08-18 07:53:00,20182.45,942.16,44666.29,49023.26,20.781999999999243,25.87199999999575,-5.0899999999965075,0.19673778602339764
2026-08-18 07:54:00,20182.59,942.94,44665.31,49022.49,20.01199999999517,25.87699999999677,-5.865000000001601,0.22664914789204055
2026-08-18 07:55:00,20183.19,941.62,44665.4,49022.77,20.291999999994005,25.881999999997788,-5.5900000000037835,0.21598021791222707
2026-08-18 07:56:00,20183.26,940.02,44666.06,49023.36,20.881999999997788,25.886999999998807,-5.005000000001019,0.19334028663040326
2026-08-18 07:57:00,20182.27,939.54,44665.96,49022.86,20.381999999997788,25.891999999999825,-5.510000000002037,0.21280704464707534
2026-08-18 07:58:00,20181.52,939.42,44666.07,49022.66,20.1820000000007,25.906999999999243,-5.724999999998545,0.22098274597594134
2026-08-18 07:59:00,20181.47,938.8,44666.47,49022.98,20.502000000000407,25.92199999999866,-5.419999999998254,0.2090888048761104
2026-08-18 08:00:00,20180.95,939.86,44666.15,49022.52,20.041999999994005,25.93699999999808,-5.8950000000040745,0.22728148976383203
2026-08-18 08:01:00,20180.93,940.46,44665.82,49022.21,19.731999999996333,25.951999999997497,-6.220000000001164,0.23967324291005565
2026-08-18 08:02:00,20180.47,940.92,44665.67,49021.9,19.42199999999866,25.971999999997934,-6.549999999999272,0.2521946711843444
2026-08-18 08:03:00,20180.46,941.15,44665.7,49021.95,19.471999999994296,25.99199999999837,-6.5200000000040745,0.2508464142814898
2026-08-18 08:04:00,20180.66,940.69,44665.52,49021.81,19.331999999994878,25.99699999999939,-6.665000000004511,0.2563757356619867
2026-08-18 08:05:00,20180.17,940.98,44665.06,49021.21,18.731999999996333,26.002000000000407,-7.2700000000040745,0.27959387739419894
2026-08-18 08:06:00,20180.64,941.47,44665.23,49021.58,19.101999999998952,26.031999999999243,-6.930000000000291,0.2662108174554584
2026-08-18 08:07:00,20180.71,941.67,44664.82,49021.24,18.76199999999517,26.06199999999808,-7.30000000000291,0.280101296907507
2026-08-18 08:08:00,20181.26,941.36,44664.8,49021.44,18.961999999999534,26.076999999997497,-7.114999999997963,0.272845802814689
2026-08-18 08:09:00,20181.4,941.4,44664.76,49021.46,18.981999999996333,26.091999999996915,-7.110000000000582,0.2724973171853987
2026-08-18 08:10:00,20180.89,941.63,44664.56,49021.07,18.591999999996915,26.076999999997497,-7.485000000000582,0.28703455152054685
2026-08-18 08:11:00,20180.15,940.99,44664.2,49020.45,17.971999999994296,26.06199999999808,-8.090000000003783,0.31041362903861486
2026-08-18 08:12:00,20180.6,940.88,44664.55,49020.94,18.461999999999534,26.031999999999243,-7.569999999999709,0.29079594345420745
2026-08-18 08:13:00,20180.79,940.38,44664.53,49020.99,18.51199999999517,26.002000000000407,-7.490000000005239,0.2880547650182725
2026-08-18 08:14:00,20180.81,939.65,44664.92,49021.32,18.841999999996915,25.99699999999939,-7.155000000002474,0.2752240643152149
2026-08-18 08:15:00,20181.51,938.34,44664.96,49021.62,19.141999999999825,25.99199999999837,-6.849999999998545,0.26354262850103777
2026-08-18 08:16:00,20180.55,938.07,44665.02,49021.3,18.822000000000116,25.971999999997934,-7.149999999997817,0.2752964731248416
2026-08-18 08:17:00,20177.91,941.15,44664.4,49019.71,17.231999999996333,25.951999999997497,-8.720000000001164,0.336004932182568
2026-08-18 08:18:00,20177.08,943.59,44663.31,49018.41,15.932000000000698,25.93699999999808,-10.00499999999738,0.38574237575656867
2026-08-18 08:19:00,20177.91,943.84,44662.77,49018.28,15.801999999996042,25.92199999999866,-10.12000000000262,0.39040197515635916
2026-08-18 08:20:00,20180.0,943.45,44662.84,49019.19,16.711999999999534,25.906999999999243,-9.194999999999709,0.3549233797815254
2026-08-18 08:21:00,20181.38,941.07,44662.99,49019.84,17.361999999993714,25.891999999999825,-8.530000000006112,0.3294453885372381
2026-08-18 08:22:00,20181.64,939.3,44663.63,49020.5,18.021999999997206,25.891999999999825,-7.870000000002619,0.30395488954127425
2026-08-18 08:23:00,20181.43,939.33,44663.65,49020.41,17.9320000000007,25.891999999999825,-7.959999999999127,0.3074308666769342
2026-08-18 08:24:00,20181.08,939.5,44663.34,49019.98,17.502000000000407,25.886999999998807,-8.3849999999984,0.3239077529261323
2026-08-18 08:25:00,20181.21,939.29,44663.19,49019.91,17.4320000000007,25.881999999997788,-8.44999999999709,0.3264817247507075
2026-08-18 08:26:00,20180.78,938.91,44663.22,49019.76,17.281999999999243,25.87699999999677,-8.594999999997526,0.33214823974953045
2026-08-18 08:27:00,20180.21,939.41,44663.16,49019.49,17.01199999999517,25.87199999999575,-8.860000000000582,0.34245516388381403
2026-08-18 08:28:00,20178.9,940.08,44662.6,49018.43,15.951999999997497,25.856999999996333,-9.904999999998836,0.3830684147426322
2026-08-18 08:29:00,20178.88,940.87,44662.11,49018.01,15.531999999999243,25.841999999996915,-10.309999999997672,0.398962928565858
2026-08-18 08:30:00,20179.71,941.11,44662.41,49018.62,16.141999999999825,25.856999999996333,-9.714999999996508,0.3757203078469229
2026-08-18 08:31:00,20179.87,941.41,44661.89,49018.22,15.74199999999837,25.87199999999575,-10.12999999999738,0.3915429808286582
2026-08-18 08:32:00,20179.55,942.34,44661.09,49017.39,14.911999999996624,25.87699999999677,-10.965000000000146,0.4237353634502266
2026-08-18 08:33:00,20180.46,941.64,44661.32,49017.96,15.481999999996333,25.881999999997788,-10.400000000001455,0.4018236612318346
2026-08-18 08:34:00,20179.99,941.47,44661.03,49017.48,15.002000000000407,25.886999999998807,-10.8849999999984,0.4204813226715688
2026-08-18 08:35:00,20180.07,941.72,44660.93,49017.44,14.961999999999534,25.891999999999825,-10.930000000000291,0.4221381121582097
2026-08-18 08:36:00,20179.88,941.81,44661.01,49017.42,14.94199999999546,25.891999999999825,-10.950000000004366,0.422910551521877
2026-08-18 08:37:00,20179.89,941.16,44660.78,49017.25,14.771999999997206,25.891999999999825,-11.12000000000262,0.4294762861116443
2026-08-18 08:38:00,20179.81,940.51,44660.86,49017.25,14.771999999997206,25.906999999999243,-11.135000000002037,0.4298066159726083
2026-08-18 08:39:00,20179.71,940.05,44660.94,49017.26,14.781999999999243,25.92199999999866,-11.139999999999418,0.42975079083404033
2026-08-18 08:40:00,20179.3,939.57,44660.67,49016.85,14.37199999999575,25.93699999999808,-11.565000000002328,0.44588811350592533
2026-08-18 08:41:00,20178.78,939.4,44660.65,49016.61,14.131999999997788,25.951999999997497,-11.819999999999709,0.4554562268804273
2026-08-18 08:42:00,20178.5,939.6,44660.38,49016.26,13.781999999999243,25.971999999997934,-12.18999999999869,0.4693516094255221
2026-08-18 08:43:00,20178.44,939.5,44660.28,49016.13,13.651999999994587,25.99199999999837,-12.340000000003783,0.47476146506634953
2026-08-18 08:44:00,20178.32,939.57,44660.28,49016.08,13.601999999998952,25.99699999999939,-12.395000000000437,0.47678578297498664
2026-08-18 08:45:00,20177.97,939.27,44660.03,49015.69,13.211999999999534,26.002000000000407,-12.790000000000873,0.49188523959697994
2026-08-18 08:46:00,20177.98,939.35,44660.1,49015.77,13.291999999994005,26.031999999999243,-12.740000000005239,0.48939766441324556
2026-08-18 08:47:00,20177.65,939.24,44659.73,49015.3,12.822000000000116,26.06199999999808,-13.239999999997963,0.5080193385004581
2026-08-18 08:48:00,20178.13,938.66,44659.68,49015.43,12.951999999997497,26.066999999999098,-13.1150000000016,0.5031265584839857
2026-08-18 08:49:00,20176.88,940.24,44659.13,49014.46,11.981999999996333,26.072000000000116,-14.090000000003783,0.5404265111998973
2026-08-18 08:50:00,20177.39,940.24,44658.95,49014.51,12.031999999999243,26.081999999998516,-14.049999999999272,0.5386856836132226
2026-08-18 08:51:00,20178.06,939.79,44659.07,49014.87,12.391999999999825,26.091999999996915,-13.69999999999709,0.5250651540701636
2026-08-18 08:52:00,20178.15,940.43,44658.92,49014.78,12.301999999996042,26.11199999999735,-13.81000000000131,0.5288756127452018
2026-08-18 08:53:00,20178.19,940.17,44658.43,49014.37,11.891999999999825,26.131999999997788,-14.239999999997963,0.544925761518413
2026-08-18 08:54:00,20178.55,939.52,44658.32,49014.41,11.932000000000698,26.161999999996624,-14.229999999995925,0.5439186606527697
2026-08-18 08:55:00,20178.99,939.41,44658.2,49014.45,11.971999999994296,26.19199999999546,-14.220000000001164,0.5429138668297049
2026-08-18 08:56:00,20179.31,939.21,44657.79,49014.21,11.731999999996333,26.19699999999648,-14.465000000000146,0.5521624613506161
2026-08-18 08:57:00,20179.06,939.5,44657.45,49013.8,11.322000000000116,26.201999999997497,-14.87999999999738,0.5678955804899932
2026-08-18 08:58:00,20178.64,938.86,44657.55,49013.73,11.252000000000407,26.216999999996915,-14.964999999996508,0.570812831368893
2026-08-18 08:59:00,20178.21,938.73,44657.36,49013.37,10.891999999999825,26.231999999996333,-15.339999999996508,0.5847819457151057
2026-08-18 09:00:00,20177.48,939.06,44656.6,49012.38,9.901999999994587,26.256999999997788,-16.3550000000032,0.6228815173098442
2026-08-18 09:01:00,20177.79,939.38,44656.6,49012.51,10.031999999999243,26.281999999999243,-16.25,0.6182938893539482
2026-08-18 09:02:00,20178.0,938.36,44656.91,49012.87,10.391999999999825,26.30199999999968,-15.909999999999854,0.6048969660101912
2026-08-18 09:03:00,20177.33,937.82,44657.02,49012.68,10.201999999997497,26.322000000000116,-16.12000000000262,0.6124154699491888
2026-08-18 09:04:00,20176.7,937.78,44656.87,49012.29,9.81199999999808,26.322000000000116,-16.510000000002037,0.6272319732543866
2026-08-18 09:05:00,20176.34,937.51,44656.83,49012.1,9.62199999999575,26.322000000000116,-16.700000000004366,0.6344502697365053
2026-08-18 09:06:00,20176.16,937.94,44656.81,49012.02,9.541999999994005,26.322000000000116,-16.780000000006112,0.6374895524658475
2026-08-18 09:07:00,20176.02,937.95,44656.36,49011.55,9.072000000000116,26.322000000000116,-17.25,0.6553453385001111
2026-08-18 09:08:00,20174.83,938.16,44656.13,49010.86,8.381999999997788,26.346999999997934,-17.965000000000146,0.6818613124834537
2026-08-18 09:09:00,20174.54,936.99,44656.14,49010.74,8.261999999995169,26.37199999999575,-18.110000000000582,0.6867131806462725
2026-08-18 09:10:00,20173.93,935.86,44656.49,49010.8,8.322000000000116,26.37199999999575,-18.049999999995634,0.684438040345766
2026-08-18 09:11:00,20174.15,934.86,44657.04,49011.37,8.891999999999825,26.37199999999575,-17.479999999995925,0.6628242074927477
2026-08-18 09:12:00,20173.37,934.45,44657.04,49011.04,8.56199999999808,26.37699999999677,-17.81499999999869,0.6753990218751516
2026-08-18 09:13:00,20172.11,934.36,44657.11,49010.59,8.111999999993714,26.381999999997788,-18.270000000004075,0.6925176256540674
2026-08-18 09:14:00,20170.87,934.45,44657.24,49010.19,7.711999999999534,26.391999999996187,-18.679999999996653,0.7077902394664805
2026-08-18 09:15:00,20170.22,934.51,44657.24,49009.95,7.471999999994296,26.381999999997788,-18.910000000003492,0.7167765900995026
2026-08-18 09:16:00,20170.1,935.02,44657.05,49009.74,7.261999999995169,26.37699999999677,-19.1150000000016,0.7246843841226804
2026-08-18 09:17:00,20170.67,934.91,44657.06,49009.99,7.511999999995169,26.37199999999575,-18.860000000000582,0.7151524344002587
2026-08-18 09:18:00,20171.62,934.54,44656.86,49010.18,7.701999999997497,26.37199999999575,-18.669999999998254,0.7079478234491605
2026-08-18 09:19:00,20171.83,934.78,44656.1,49009.57,7.091999999996915,26.37199999999575,-19.279999999998836,0.7310784165024247
2026-08-18 09:20:00,20172.01,932.88,44656.59,49010.05,7.572000000000116,26.346999999997934,-18.774999999997817,0.7126048506471055
2026-08-18 09:21:00,20171.16,931.42,44656.8,49009.87,7.391999999999825,26.322000000000116,-18.93000000000029,0.7191702758149155
2026-08-18 09:22:00,20170.77,932.2,44656.89,49009.81,7.331999999994878,26.346999999997934,-19.015000000003056,0.7217140471402644
2026-08-18 09:23:00,20169.98,933.43,44656.32,49008.97,6.49199999999837,26.37199999999575,-19.87999999999738,0.7538298195055583
2026-08-18 09:24:00,20169.37,934.11,44655.64,49008.13,5.651999999994587,26.37199999999575,-20.720000000001164,0.7856817837101662
2026-08-18 09:25:00,20169.76,933.22,44655.6,49008.24,5.761999999995169,26.37199999999575,-20.610000000000582,0.7815106931595595
2026-08-18 09:26:00,20169.18,932.8,44655.26,49007.69,5.211999999999534,26.37699999999677,-21.164999999997235,0.8024036092049827
2026-08-18 09:27:00,20168.77,932.3,44655.12,49007.43,4.951999999997497,26.381999999997788,-21.43000000000029,0.8122962626033693
2026-08-18 09:28:00,20168.7,931.25,44655.76,49007.96,5.481999999996333,26.391999999996187,-20.909999999999854,0.7922855410731614
2026-08-18 09:29:00,20167.85,931.35,44655.48,49007.33,4.851999999998952,26.401999999994587,-21.549999999995634,0.8162260434815565
2026-08-18 09:30:00,20167.17,931.87,44654.96,49006.59,4.111999999993714,26.421999999995023,-22.31000000000131,0.8443721141475101
2026-08-18 09:31:00,20167.18,932.15,44654.76,49006.43,3.951999999997497,26.44199999999546,-22.489999999997963,0.8505408062930877
2026-08-18 09:32:00,20167.24,931.88,44654.51,49006.23,3.7520000000004075,26.44699999999648,-22.69499999999607,0.8581313570536958
2026-08-18 09:33:00,20168.12,931.14,44654.86,49006.9,4.421999999998661,26.451999999997497,-22.029999999998836,0.8328292756691713
2026-08-18 09:34:00,20168.75,930.57,44654.9,49007.18,4.701999999997497,26.466999999996915,-21.764999999999418,0.8223448067405431
2026-08-18 09:35:00,20168.97,931.2,44654.45,49006.86,4.381999999997788,26.481999999996333,-22.099999999998545,0.8345291141153087
2026-08-18 09:36:00,20169.19,931.39,44653.98,49006.53,4.051999999996042,26.48699999999735,-22.43500000000131,0.847019292483239
2026-08-18 09:37:00,20169.46,930.55,44653.87,49006.51,4.031999999999243,26.49199999999837,-22.459999999999127,0.847803110372962
2026-08-18 09:38:00,20169.25,929.4,44653.83,49006.38,3.9019999999945867,26.49199999999837,-22.590000000003783,0.8527102521517882
2026-08-18 09:39:00,20168.54,929.55,44653.82,49006.07,3.591999999996915,26.49199999999837,-22.900000000001455,0.8644118979315591
2026-08-18 09:40:00,20168.11,929.96,44653.63,49005.72,3.24199999999837,26.50199999999677,-23.2599999999984,0.8776696098408133
2026-08-18 09:41:00,20167.23,930.24,44653.3,49005.07,2.591999999996915,26.51199999999517,-23.919999999998254,0.9022329511165741
2026-08-18 09:42:00,20166.47,929.68,44653.13,49004.61,2.131999999997788,26.526999999994587,-24.3949999999968,0.919629057187084
2026-08-18 09:43:00,20166.04,929.03,44653.32,49004.59,2.1119999999937136,26.541999999994005,-24.43000000000029,0.9204280009044461
2026-08-18 09:44:00,20165.65,929.22,44653.16,49004.3,1.8220000000001164,26.541999999994005,-24.719999999993888,0.9313540803255019
2026-08-18 09:45:00,20165.74,929.35,44652.89,49004.1,1.6219999999957508,26.541999999994005,-24.919999999998254,0.9388893075127678
2026-08-18 09:46:00,20166.27,928.97,44652.88,49004.3,1.8220000000001164,26.546999999995023,-24.724999999994907,0.9313670094549117
2026-08-18 09:47:00,20166.74,928.64,44652.81,49004.44,1.9619999999995343,26.551999999996042,-24.589999999996508,0.9261072612232666
2026-08-18 09:48:00,20167.18,927.97,44652.59,49004.4,1.9219999999986612,26.596999999997934,-24.674999999999272,0.9277362108508925
2026-08-18 09:49:00,20167.4,927.41,44652.65,49004.55,2.0720000000001164,26.641999999999825,-24.56999999999971,0.9222280609563798
2026-08-18 09:50:00,20167.49,927.2,44652.76,49004.67,2.19199999999546,26.641999999999825,-24.450000000004366,0.9177238946026772
2026-08-18 09:51:00,20167.23,927.76,44652.44,49004.28,1.8019999999960419,26.641999999999825,-24.840000000003783,0.9323624352527567
2026-08-18 09:52:00,20166.92,928.37,44651.9,49003.66,1.1820000000006985,26.641999999999825,-25.459999999999127,0.9556339614142817
2026-08-18 09:53:00,20167.41,928.53,44651.65,49003.63,1.1519999999945867,26.641999999999825,-25.49000000000524,0.9567600030029805
2026-08-18 09:54:00,20167.46,928.44,44651.45,49003.46,0.9819999999963329,26.641999999999825,-25.660000000003492,0.9631409053375746
2026-08-18 09:55:00,20166.97,928.02,44651.14,49002.99,0.5119999999951688,26.641999999999825,-26.130000000004657,0.9807822235569712
2026-08-18 09:56:00,20166.61,927.51,44650.9,49002.63,0.1519999999945867,26.651999999998225,-26.500000000003638,0.9942968632750039
2026-08-18 09:57:00,20166.95,927.79,44651.04,49002.89,0.41199999999662396,26.661999999996624,-26.25,0.9845472957768856
2026-08-18 09:58:00,20166.8,927.95,44650.97,49002.74,0.26199999999516876,26.666999999997643,-26.405000000002474,0.9901751228111452
2026-08-18 09:59:00,20165.61,928.01,44650.54,49001.86,0.1,26.67199999999866,-26.57199999999866,0.9962507498500297
2026-08-18 10:00:00,20165.17,927.74,44650.33,49001.52,0.1,26.67699999999968,-26.57699999999968,0.9962514525621321
2026-08-18 10:01:00,20165.19,928.6,44650.51,49001.71,0.1,26.6820000000007,-26.582000000000697,0.9962521550108688
2026-08-18 10:02:00,20165.28,929.3,44649.97,49001.25,0.1,26.6820000000007,-26.582000000000697,0.9962521550108688
2026-08-18 10:03:00,20166.29,929.25,44649.61,49001.32,0.1,26.6820000000007,-26.582000000000697,0.9962521550108688
2026-08-18 10:04:00,20167.28,929.38,44649.28,49001.42,0.1,26.691999999999098,-26.591999999999096,0.996253559118837
2026-08-18 10:05:00,20169.1,928.62,44649.32,49002.2,0.1,26.701999999997497,-26.601999999997496,0.9962549621751176
2026-08-18 10:06:00,20170.53,927.83,44649.66,49003.09,0.6119999999937136,26.701999999997497,-26.090000000003783,0.9770803685119552
2026-08-18 10:07:00,20170.39,927.02,44649.21,49002.59,0.11199999999371357,26.701999999997497,-26.590000000003783,0.9958055576363671
2026-08-18 10:08:00,20170.02,926.28,44649.09,49002.33,0.1,26.706999999998516,-26.606999999998514,0.9962556633092445
2026-08-18 10:09:00,20169.25,926.1,44648.92,49001.83,0.1,26.711999999999534,-26.611999999999533,0.9962563641808924
2026-08-18 10:10:00,20168.18,926.09,44648.76,49001.26,0.1,26.716999999996915,-26.616999999996914,0.996257064790208
2026-08-18 10:11:00,20167.83,926.21,44648.71,49001.09,0.1,26.721999999994296,-26.621999999994294,0.9962577651373392
2026-08-18 10:12:00,20167.02,926.74,44648.51,49000.57,0.1,26.716999999996915,-26.616999999996914,0.996257064790208
2026-08-18 10:13:00,20167.14,926.67,44648.65,49000.75,0.1,26.711999999999534,-26.611999999999533,0.9962563641808924
2026-08-18 10:14:00,20167.58,926.44,44648.91,49001.15,0.1,26.706999999998516,-26.606999999998514,0.9962556633092445
2026-08-18 10:15:00,20167.86,926.52,44648.88,49001.22,0.1,26.701999999997497,-26.601999999997496,0.9962549621751176
2026-08-18 10:16:00,20167.35,926.94,44648.37,49000.57,0.1,26.701999999997497,-26.601999999997496,0.9962549621751176
2026-08-18 10:17:00,20168.01,926.5,44648.71,49001.15,0.1,26.701999999997497,-26.601999999997496,0.9962549621751176
2026-08-18 10:18:00,20168.68,925.88,44648.64,49001.34,0.1,26.691999999999098,-26.591999999999096,0.996253559118837
2026-08-18 10:19:00,20169.06,925.48,44648.49,49001.34,0.1,26.6820000000007,-26.582000000000697,0.9962521550108688
2026-08-18 10:20:00,20169.21,925.26,44648.52,49001.44,0.1,26.6820000000007,-26.582000000000697,0.9962521550108688
2026-08-18 10:21:00,20168.82,925.45,44648.6,49001.36,0.1,26.6820000000007,-26.582000000000697,0.9962521550108688
2026-08-18 10:22:00,20167.72,924.94,44648.41,49000.73,0.1,26.6820000000007,-26.582000000000697,0.9962521550108688
2026-08-18 10:23:00,20165.71,924.7,44648.26,48999.78,0.1,26.6820000000007,-26.582000000000697,0.9962521550108688
2026-08-18 10:24:00,20163.71,924.95,44648.25,48998.96,0.1,26.691999999999098,-26.591999999999096,0.996253559118837
2026-08-18 10:25:00,20162.49,925.3,44648.51,48998.71,0.1,26.701999999997497,-26.601999999997496,0.9962549621751176
2026-08-18 10:26:00,20161.3,926.34,44648.21,48997.95,0.1,26.701999999997497,-26.601999999997496,0.9962549621751176
2026-08-18 10:27:00,20160.97,927.72,44648.29,48997.93,0.1,26.701999999997497,-26.601999999997496,0.9962549621751176
2026-08-18 10:28:00,20160.75,928.25,44648.0,48997.58,0.1,26.706999999998516,-26.606999999998514,0.9962556633092445
2026-08-18 10:29:00,20161.13,928.2,44647.52,48997.31,0.1,26.701999999997497,-26.601999999997496,0.9962549621751176
2026-08-18 10:30:00,20163.67,927.15,44648.56,48999.27,0.1,26.701999999997497,-26.601999999997496,0.9962549621751176
2026-08-18 10:31:00,20164.99,926.41,44648.7,48999.91,0.1,26.701999999997497,-26.601999999997496,0.9962549621751176
2026-08-18 10:32:00,20166.47,926.0,44648.59,49000.42,0.1,26.691999999999098,-26.591999999999096,0.996253559118837
2026-08-18 10:33:00,20168.4,925.41,44649.25,49001.8,0.1,26.6820000000007,-26.582000000000697,0.9962521550108688
2026-08-18 10:34:00,20168.63,925.35,44648.93,49001.58,0.1,26.6820000000007,-26.582000000000697,0.9962521550108688
2026-08-18 10:35:00,20169.06,924.85,44648.56,49001.4,0.1,26.6820000000007,-26.582000000000697,0.9962521550108688
2026-08-18 10:36:00,20169.78,924.72,44648.73,49001.85,0.1,26.67699999999968,-26.57699999999968,0.9962514525621321
2026-08-18 10:37:00,20169.86,924.39,44648.72,49001.88,0.1,26.67199999999866,-26.57199999999866,0.9962507498500297
2026-08-18 10:38:00,20170.33,924.04,44648.73,49002.1,0.1,26.666999999997643,-26.56699999999764,0.9962500468744137
2026-08-18 10:39:00,20170.31,923.66,44648.65,49001.99,0.1,26.661999999996624,-26.561999999996623,0.9962493436351356
2026-08-18 10:40:00,20170.06,924.04,44648.76,49002.0,0.1,26.651999999998225,-26.551999999998223,0.9962479363650004
2026-08-18 10:41:00,20169.69,924.11,44648.37,49001.49,0.1,26.641999999999825,-26.541999999999824,0.9962465280384355
2026-08-18 10:42:00,20170.23,923.69,44648.43,49001.77,0.1,26.641999999999825,-26.541999999999824,0.9962465280384355
2026-08-18 10:43:00,20169.69,923.5,44648.51,49001.63,0.1,26.641999999999825,-26.541999999999824,0.9962465280384355
2026-08-18 10:44:00,20168.72,923.12,44648.44,49001.14,0.1,26.641999999999825,-26.541999999999824,0.9962465280384355
2026-08-18 10:45:00,20168.19,922.39,44648.56,49001.02,0.1,26.641999999999825,-26.541999999999824,0.9962465280384355
2026-08-18 10:46:00,20167.49,922.84,44648.91,49001.07,0.1,26.641999999999825,-26.541999999999824,0.9962465280384355
2026-08-18 10:47:00,20166.48,923.86,44648.98,49000.74,0.1,26.641999999999825,-26.541999999999824,0.9962465280384355
2026-08-18 10:48:00,20165.61,924.28,44648.39,48999.85,0.1,26.651999999998225,-26.551999999998223,0.9962479363650004
2026-08-18 10:49:00,20165.49,924.25,44648.24,48999.66,0.1,26.661999999996624,-26.561999999996623,0.9962493436351356
2026-08-18 10:50:00,20166.1,923.73,44648.5,49000.15,0.1,26.666999999997643,-26.56699999999764,0.9962500468744137
2026-08-18 10:51:00,20166.73,923.35,44648.71,49000.58,0.1,26.67199999999866,-26.57199999999866,0.9962507498500297
2026-08-18 10:52:00,20167.77,922.73,44648.98,49001.25,0.1,26.67699999999968,-26.57699999999968,0.9962514525621321
2026-08-18 10:53:00,20168.3,922.15,44648.82,49001.31,0.1,26.6820000000007,-26.582000000000697,0.9962521550108688
2026-08-18 10:54:00,20169.81,921.1,44649.06,49002.13,0.1,26.6820000000007,-26.582000000000697,0.9962521550108688
2026-08-18 10:55:00,20170.32,920.62,44649.02,49002.3,0.1,26.6820000000007,-26.582000000000697,0.9962521550108688
2026-08-18 10:56:00,20171.15,919.8,44649.27,49002.85,0.37199999999575084,26.691999999999098,-26.320000000003347,0.9860632399222328
2026-08-18 10:57:00,20171.79,919.26,44649.45,49003.26,0.7819999999992433,26.701999999997497,-25.919999999998254,0.9707138042094481
2026-08-18 10:58:00,20171.55,918.85,44649.09,49002.82,0.341999999996915,26.701999999997497,-26.360000000000582,0.9871919706390178
2026-08-18 10:59:00,20171.69,918.16,44648.99,49002.76,0.2819999999992433,26.701999999997497,-26.419999999998254,0.98943899333386
2026-08-18 11:00:00,20172.12,917.56,44649.05,49002.99,0.5119999999951688,26.706999999998516,-26.195000000003347,0.980828996143513
2026-08-18 11:01:00,20172.51,916.88,44649.33,49003.4,0.9219999999986612,26.711999999999534,-25.790000000000873,0.9654836777478782
2026-08-18 11:02:00,20172.29,916.28,44649.24,49003.23,0.7520000000004075,26.711999999999534,-25.959999999999127,0.9718478586402958
2026-08-18 11:03:00,20171.97,915.96,44649.25,49003.1,0.6219999999957508,26.711999999999534,-26.090000000003783,0.97671458520531
2026-08-18 11:04:00,20171.84,915.36,44649.3,49003.05,0.5720000000001164,26.716999999996915,-26.1449999999968,0.9785904105999856
2026-08-18 11:05:00,20171.77,915.26,44649.24,49002.97,0.4919999999983702,26.711999999999534,-26.220000000001164,0.9815813117700517
2026-08-18 11:06:00,20171.65,915.24,44649.18,49002.87,0.3919999999998254,26.711999999999534,-26.31999999999971,0.9853249475891048
2026-08-18 11:07:00,20171.86,914.8,44649.05,49002.85,0.37199999999575084,26.711999999999534,-26.340000000003783,0.9860736747530788
2026-08-18 11:08:00,20171.3,914.69,44648.9,49002.48,0.1,26.706999999998516,-26.606999999998514,0.9962556633092445
2026-08-18 11:09:00,20170.64,914.53,44648.89,49002.17,0.1,26.701999999997497,-26.601999999997496,0.9962549621751176
2026-08-18 11:10:00,20171.15,913.88,44649.01,49002.49,0.1,26.701999999997497,-26.601999999997496,0.9962549621751176
2026-08-18 11:11:00,20171.44,913.72,44649.02,49002.61,0.1319999999977881,26.701999999997497,-26.56999999999971,0.995056550071238
2026-08-18 11:12:00,20171.4,913.67,44648.85,49002.44,0.1,26.691999999999098,-26.591999999999096,0.996253559118837
2026-08-18 11:13:00,20170.89,914.08,44648.49,49001.91,0.1,26.6820000000007,-26.582000000000697,0.9962521550108688
2026-08-18 11:14:00,20170.98,913.93,44648.49,49001.94,0.1,26.6820000000007,-26.582000000000697,0.9962521550108688
2026-08-18 11:15:00,20171.1,913.59,44648.61,49002.09,0.1,26.6820000000007,-26.582000000000697,0.9962521550108688
2026-08-18 11:16:00,20170.84,913.31,44648.6,49001.98,0.1,26.67699999999968,-26.57699999999968,0.9962514525621321
2026-08-18 11:17:00,20171.17,913.0,44648.34,49001.86,0.1,26.67199999999866,-26.57199999999866,0.9962507498500297
2026-08-18 11:18:00,20171.6,912.61,44648.35,49002.05,0.1,26.666999999997643,-26.56699999999764,0.9962500468744137
2026-08-18 11:19:00,20171.54,912.26,44648.26,49001.91,0.1,26.661999999996624,-26.561999999996623,0.9962493436351356
2026-08-18 11:20:00,20171.78,911.9,44648.3,49002.04,0.1,26.651999999998225,-26.551999999998223,0.9962479363650004
2026-08-18 11:21:00,20172.08,911.25,44648.11,49001.99,0.1,26.641999999999825,-26.541999999999824,0.9962465280384355
2026-08-18 11:22:00,20172.11,911.15,44648.22,49002.11,0.1,26.641999999999825,-26.541999999999824,0.9962465280384355
2026-08-18 11:23:00,20172.33,910.92,44648.19,49002.17,0.1,26.641999999999825,-26.541999999999824,0.9962465280384355
2026-08-18 11:24:00,20172.57,910.59,44648.22,49002.29,0.1,26.641999999999825,-26.541999999999824,0.9962465280384355
2026-08-18 11:25:00,20172.46,909.96,44647.89,49001.92,0.1,26.641999999999825,-26.541999999999824,0.9962465280384355
2026-08-18 11:26:00,20172.67,909.23,44647.83,49001.95,0.1,26.641999999999825,-26.541999999999824,0.9962465280384355
2026-08-18 11:27:00,20173.11,909.06,44647.94,49002.23,0.1,26.641999999999825,-26.541999999999824,0.9962465280384355
2026-08-18 11:28:00,20173.91,908.35,44647.97,49002.56,0.1,26.651999999998225,-26.551999999998223,0.9962479363650004
2026-08-18 11:29:00,20174.57,907.79,44648.29,49003.1,0.6219999999957508,26.661999999996624,-26.040000000000873,0.9766709174107032
2026-08-18 11:30:00,20174.81,907.27,44648.31,49003.21,0.7319999999963329,26.666999999997643,-25.93500000000131,0.9725503431208461
2026-08-18 11:31:00,20175.04,906.7,44648.25,49003.22,0.7419999999983702,26.67199999999866,-25.93000000000029,0.9721805638872822
2026-08-18 11:32:00,20174.98,906.53,44648.13,49003.11,0.6319999999977881,26.67699999999968,-26.04500000000189,0.9763091801927579
2026-08-18 11:33:00,20175.45,905.9,44648.64,49003.77,1.2919999999940046,26.6820000000007,-25.390000000006694,0.9515778427406503
2026-08-18 11:34:00,20175.53,905.4,44648.72,49003.85,1.3719999999957508,26.6820000000007,-25.310000000004948,0.9485795667492799
2026-08-18 11:35:00,20175.22,904.99,44648.57,49003.58,1.1019999999989523,26.6820000000007,-25.580000000001746,0.9586987482198139
2026-08-18 11:36:00,20175.75,904.28,44648.89,49004.08,1.6019999999989523,26.68699999999808,-25.084999999999127,0.9399707722861668
2026-08-18 11:37:00,20175.46,903.94,44648.7,49003.77,1.2919999999940046,26.6820000000007,-25.390000000006694,0.9515778427406503
2026-08-18 11:38:00,20175.27,904.02,44648.85,49003.83,1.3519999999989523,26.68699999999808,-25.334999999999127,0.9493386292951981
2026-08-18 11:39:00,20174.95,904.54,44648.86,49003.7,1.2219999999942956,26.69199999999546,-25.470000000001164,0.9542184924323953
2026-08-18 11:40:00,20174.89,904.16,44648.6,49003.45,0.9719999999942956,26.69699999999648,-25.725000000002183,0.9635914147659129
2026-08-18 11:41:00,20175.93,903.22,44649.16,49004.37,1.8919999999998254,26.701999999997497,-24.80999999999767,0.9291438843532319
2026-08-18 11:42:00,20175.9,902.44,44649.23,49004.41,1.9320000000006985,26.701999999997497,-24.7699999999968,0.9276458692232462
2026-08-18 11:43:00,20176.12,901.36,44649.31,49004.56,2.0819999999948777,26.701999999997497,-24.62000000000262,0.9220283124861406
2026-08-18 11:44:00,20176.15,900.88,44649.71,49004.91,2.4320000000006985,26.706999999998516,-24.274999999997817,0.9089377316808015
2026-08-18 11:45:00,20176.42,900.5,44649.73,49005.04,2.561999999998079,26.711999999999534,-24.150000000001455,0.9040880503145357
2026-08-18 11:46:00,20176.61,900.3,44649.88,49005.24,2.7619999999951688,26.711999999999534,-23.950000000004366,0.8966007786764294
2026-08-18 11:47:00,20176.1,900.2,44649.66,49004.85,2.371999999995751,26.711999999999534,-24.340000000003783,0.9112009583709272
2026-08-18 11:48:00,20175.76,899.87,44649.76,49004.77,2.2919999999940046,26.711999999999534,-24.42000000000553,0.9141958670262786
2026-08-18 11:49:00,20176.02,899.66,44650.03,49005.12,2.6419999999998254,26.711999999999534,-24.06999999999971,0.9010931416591842
2026-08-18 11:50:00,20176.38,899.58,44650.11,49005.34,2.8619999999937136,26.716999999996915,-23.8550000000032,0.8928771942959897
2026-08-18 11:51:00,20177.21,899.12,44650.35,49005.9,3.4219999999986612,26.721999999994296,-23.299999999995634,0.8719407229997982
2026-08-18 11:52:00,20177.85,898.46,44650.49,49006.28,3.801999999996042,26.721999999994296,-22.919999999998254,0.8577202305217853
2026-08-18 11:53:00,20178.24,897.75,44650.84,49006.75,4.271999999997206,26.721999999994296,-22.44999999999709,0.840131726667236
2026-08-18 11:54:00,20178.32,896.69,44650.79,49006.72,4.24199999999837,26.721999999994296,-22.479999999995925,0.8412543971259907
2026-08-18 11:55:00,20178.18,896.52,44651.26,49007.08,4.601999999998952,26.721999999994296,-22.119999999995343,0.8277823516203902
2026-08-18 11:56:00,20178.2,896.16,44651.32,49007.13,4.651999999994587,26.726999999995314,-22.075000000000728,0.8259438021478129
2026-08-18 11:57:00,20178.43,895.29,44651.49,49007.35,4.871999999995751,26.731999999996333,-21.860000000000582,0.8177465210236264
2026-08-18 11:58:00,20178.47,894.65,44651.77,49007.62,5.141999999999825,26.73699999999735,-21.594999999997526,0.8076822380970066
2026-08-18 11:59:00,20178.52,894.19,44652.02,49007.85,5.371999999995751,26.74199999999837,-21.37000000000262,0.7991174930821899
2026-08-18 12:00:00,20177.84,894.35,44652.04,49007.59,5.111999999993714,26.74199999999837,-21.630000000004657,0.8088400269241633
2026-08-18 12:01:00,20177.08,894.7,44651.95,49007.2,4.721999999994296,26.74199999999837,-22.020000000004075,0.8234238276869874
2026-08-18 12:02:00,20176.36,895.26,44651.74,49006.73,4.2520000000004075,26.73699999999735,-22.484999999996944,0.840969443093809
2026-08-18 12:03:00,20176.57,895.49,44651.8,49006.9,4.421999999998661,26.731999999996333,-22.30999999999767,0.834580278318148
2026-08-18 12:04:00,20176.98,895.59,44651.94,49007.18,4.701999999997497,26.726999999995314,-22.024999999997817,0.8240730347589209
2026-08-18 12:05:00,20177.45,895.1,44651.84,49007.27,4.791999999994005,26.721999999994296,-21.93000000000029,0.8206721053815198
2026-08-18 12:06:00,20178.42,894.81,44652.24,49008.04,5.561999999998079,26.721999999994296,-21.159999999996217,0.7918568969388793
2026-08-18 12:07:00,20179.35,894.38,44652.29,49008.47,5.99199999999837,26.721999999994296,-20.729999999995925,0.775765287029427
2026-08-18 12:08:00,20180.63,893.17,44652.58,49009.22,6.74199999999837,26.721999999994296,-19.979999999995925,0.7476985255594712
2026-08-18 12:09:00,20181.86,892.17,44652.83,49009.94,7.461999999999534,26.721999999994296,-19.25999999999476,0.72075443454827
2026-08-18 12:10:00,20182.87,890.9,44653.14,49010.62,8.141999999999825,26.716999999996915,-18.57499999999709,0.6952502152187459
2026-08-18 12:11:00,20182.47,889.92,44653.17,49010.46,7.981999999996333,26.711999999999534,-18.7300000000032,0.70118298891897
2026-08-18 12:12:00,20181.69,889.41,44653.11,49010.07,7.591999999996915,26.711999999999534,-19.12000000000262,0.7157831686134678
2026-08-18 12:13:00,20180.76,890.03,44652.99,49009.64,7.161999999996624,26.711999999999534,-19.55000000000291,0.7318808026356414
2026-08-18 12:14:00,20180.92,890.16,44653.3,49009.96,7.481999999996333,26.711999999999534,-19.2300000000032,0.719901168014508
2026-08-18 12:15:00,20180.54,890.28,44653.02,49009.57,7.091999999996915,26.711999999999534,-19.62000000000262,0.7345013477090058
2026-08-18 12:16:00,20180.55,890.11,44652.85,49009.4,6.921999999998661,26.706999999998516,-19.784999999999854,0.7408170142659585
2026-08-18 12:17:00,20181.95,888.91,44653.45,49010.51,8.031999999999243,26.701999999997497,-18.669999999998254,0.6991985619054754
2026-08-18 12:18:00,20182.26,888.26,44653.63,49010.78,8.301999999996042,26.701999999997497,-18.400000000001455,0.6890869597784128
2026-08-18 12:19:00,20182.08,888.14,44653.65,49010.75,8.271999999997206,26.701999999997497,-18.43000000000029,0.690210471125834
2026-08-18 12:20:00,20181.86,887.58,44653.62,49010.55,8.072000000000116,26.69699999999648,-18.624999999996362,0.697643930029547
2026-08-18 12:21:00,20181.77,887.14,44653.53,49010.44,7.961999999999534,26.69199999999546,-18.729999999995925,0.701708377041777
2026-08-18 12:22:00,20181.35,887.25,44653.5,49010.29,7.811999999998079,26.68699999999808,-18.875,0.7072732041818622
2026-08-18 12:23:00,20180.81,887.19,44653.37,49009.93,7.451999999997497,26.6820000000007,-19.2300000000032,0.7207105914100405
2026-08-18 12:24:00,20180.82,886.83,44653.4,49009.97,7.49199999999837,26.6820000000007,-19.19000000000233,0.7192114534143552
2026-08-18 12:25:00,20180.86,886.79,44653.52,49010.08,7.601999999998952,26.6820000000007,-19.080000000001746,0.7150888239262891
2026-08-18 12:26:00,20180.45,886.89,44653.41,49009.79,7.311999999998079,26.67699999999968,-19.3650000000016,0.7259062113431732
2026-08-18 12:27:00,20180.34,886.56,44653.28,49009.65,7.171999999998661,26.67199999999866,-19.5,0.7311037792441879
2026-08-18 12:28:00,20180.88,886.19,44653.18,49009.79,7.311999999998079,26.666999999997643,-19.354999999999563,0.7258034274572046
2026-08-18 12:29:00,20181.68,885.68,44653.57,49010.44,7.961999999999534,26.661999999996624,-18.69999999999709,0.7013727402295198
2026-08-18 12:30:00,20181.99,885.32,44653.54,49010.54,8.06199999999808,26.651999999998225,-18.590000000000146,0.6975086297464124
2026-08-18 12:31:00,20182.21,884.47,44653.65,49010.73,8.252000000000407,26.641999999999825,-18.389999999999418,0.6902634937316845
2026-08-18 12:32:00,20182.85,883.7,44654.38,49011.66,9.182000000000698,26.641999999999825,-17.459999999999127,0.655356204489124
2026-08-18 12:33:00,20182.24,883.5,44654.39,49011.42,8.94199999999546,26.641999999999825,-17.700000000004366,0.6643645371970753
2026-08-18 12:34:00,20180.68,883.69,44653.85,49010.29,7.811999999998079,26.641999999999825,-18.830000000001746,0.7067787703626556
2026-08-18 12:35:00,20180.03,883.95,44653.89,49010.07,7.591999999996915,26.641999999999825,-19.05000000000291,0.7150364086781411
2026-08-18 12:36:00,20179.63,883.83,44653.99,49009.99,7.511999999995169,26.641999999999825,-19.130000000004657,0.7180391862474582
2026-08-18 12:37:00,20179.32,884.05,44654.17,49010.0,7.521999999997206,26.641999999999825,-19.12000000000262,0.7176638390512253
2026-08-18 12:38:00,20179.44,883.85,44653.95,49009.82,7.341999999996915,26.641999999999825,-19.30000000000291,0.7244200885820523
2026-08-18 12:39:00,20179.45,883.76,44653.7,49009.62,7.141999999999825,26.641999999999825,-19.5,0.731927032505072
2026-08-18 12:40:00,20179.62,883.16,44653.58,49009.57,7.091999999996915,26.60699999999997,-19.515000000003056,0.733453602435565
2026-08-18 12:41:00,20180.2,882.91,44653.9,49010.11,7.631999999997788,26.572000000000116,-18.94000000000233,0.7127803703147014
2026-08-18 12:42:00,20180.15,882.5,44653.69,49009.9,7.421999999998661,26.56199999999808,-19.139999999999418,0.7205782697086365
2026-08-18 12:43:00,20180.5,881.97,44654.0,49010.32,7.841999999996915,26.551999999996042,-18.709999999999127,0.7046550165713286
2026-08-18 12:44:00,20180.97,881.22,44654.31,49010.77,8.291999999994005,26.546999999995023,-18.25500000000102,0.6876483218444435
2026-08-18 12:45:00,20180.34,881.53,44653.79,49010.02,7.541999999994005,26.541999999994005,-19.0,0.7158465827746323
2026-08-18 12:46:00,20180.25,882.12,44653.46,49009.71,7.231999999996333,26.541999999994005,-19.30999999999767,0.7275261849145518
2026-08-18 12:47:00,20181.16,881.74,44653.51,49010.12,7.641999999999825,26.541999999994005,-18.89999999999418,0.7120789691808623
2026-08-18 12:48:00,20182.63,881.25,44653.88,49011.08,8.601999999998952,26.526999999994587,-17.924999999995634,0.6757266181626
2026-08-18 12:49:00,20185.25,879.75,44654.15,49012.36,9.881999999997788,26.51199999999517,-16.62999999999738,0.6272631261315785
2026-08-18 12:50:00,20187.6,878.42,44654.49,49013.58,11.101999999998952,26.50199999999677,-15.399999999997817,0.581088219756988
2026-08-18 12:51:00,20189.68,876.98,44654.72,49014.59,12.111999999993714,26.49199999999837,-14.380000000004657,0.542805375207819
2026-08-18 12:52:00,20190.61,875.61,44654.68,49014.92,12.44199999999546,26.49199999999837,-14.05000000000291,0.5303487845388711
2026-08-18 12:53:00,20191.15,874.34,44654.8,49015.25,12.771999999997206,26.49199999999837,-13.720000000001164,0.5178921938699234
2026-08-18 12:54:00,20191.16,873.61,44655.03,49015.43,12.951999999997497,26.48699999999735,-13.534999999999854,0.5110053988749653
2026-08-18 12:55:00,20190.5,873.71,44654.76,49014.91,12.432000000000698,26.481999999996333,-14.049999999995634,0.5305490521862993
2026-08-18 12:56:00,20190.65,873.07,44654.48,49014.7,12.221999999994296,26.476999999995314,-14.255000000001019,0.5383918117612849
2026-08-18 12:57:00,20191.19,872.27,44655.01,49015.37,12.891999999999825,26.471999999994296,-13.57999999999447,0.512994862496124
2026-08-18 12:58:00,20190.68,871.54,44654.91,49015.1,12.62199999999575,26.461999999995896,-13.840000000000146,0.5230141334745028
2026-08-18 12:59:00,20189.12,872.16,44654.73,49014.3,11.822000000000116,26.451999999997497,-14.62999999999738,0.5530772720398747
2026-08-18 13:00:00,20188.12,872.89,44654.63,49013.83,11.351999999998952,26.44699999999648,-15.094999999997526,0.5707641698491147
2026-08-18 13:01:00,20187.47,873.37,44654.53,49013.44,10.961999999999534,26.44199999999546,-15.479999999995925,0.5854322668481424
2026-08-18 13:02:00,20187.26,873.28,44654.28,49013.13,10.651999999994587,26.43199999999706,-15.780000000002474,0.597003631961419
2026-08-18 13:03:00,20187.52,872.9,44654.74,49013.64,11.161999999996624,26.42199999999866,-15.260000000002037,0.5775490121869203
2026-08-18 13:04:00,20186.06,872.68,44654.25,49012.59,10.111999999993714,26.411999999996624,-16.30000000000291,0.617143722550545
2026-08-18 13:05:00,20184.22,873.6,44653.85,49011.49,9.011999999995169,26.401999999994587,-17.389999999999418,0.6586622225590101
2026-08-18 13:06:00,20183.9,873.99,44653.55,49011.1,8.62199999999575,26.391999999996187,-17.770000000000437,0.6733100939679829
2026-08-18 13:07:00,20184.14,874.17,44653.63,49011.29,8.81199999999808,26.381999999997788,-17.56999999999971,0.6659843832916831
2026-08-18 13:08:00,20184.33,874.3,44653.78,49011.49,9.011999999995169,26.381999999997788,-17.37000000000262,0.658403456902588
2026-08-18 13:09:00,20183.54,874.2,44653.51,49010.92,8.44199999999546,26.381999999997788,-17.94000000000233,0.6800090971118123
2026-08-18 13:10:00,20183.51,874.26,44653.91,49011.29,8.81199999999808,26.37699999999677,-17.56499999999869,0.6659210675968018
2026-08-18 13:11:00,20182.94,874.27,44653.74,49010.89,8.411999999996624,26.37199999999575,-17.959999999999127,0.6810253298954202
2026-08-18 13:12:00,20183.34,874.18,44654.17,49011.44,8.961999999999534,26.37199999999575,-17.409999999996217,0.6601698771423867
2026-08-18 13:13:00,20183.32,874.08,44654.04,49011.33,8.851999999998952,26.37199999999575,-17.5199999999968,0.6643409676929933
2026-08-18 13:14:00,20183.02,873.88,44653.85,49011.03,8.551999999996042,26.346999999997934,-17.79500000000189,0.6754089649676732
2026-08-18 13:15:00,20183.05,873.64,44654.12,49011.26,8.781999999999243,26.322000000000116,-17.540000000000873,0.6663627383937692
2026-08-18 13:16:00,20182.5,873.61,44654.1,49011.03,8.551999999996042,26.322000000000116,-17.770000000004075,0.675100676240559
2026-08-18 13:17:00,20182.51,873.29,44654.44,49011.35,8.87199999999575,26.322000000000116,-17.450000000004366,0.6629435453234667
2026-08-18 13:18:00,20182.24,873.44,44654.36,49011.18,8.701999999997497,26.322000000000116,-17.62000000000262,0.6694020211231115
2026-08-18 13:19:00,20182.76,872.99,44654.36,49011.39,8.911999999996624,26.322000000000116,-17.410000000003492,0.6614239039587955
2026-08-18 13:20:00,20183.58,872.8,44654.6,49011.94,9.461999999999534,26.322000000000116,-16.860000000000582,0.6405288351949133
2026-08-18 13:21:00,20184.18,872.2,44654.82,49012.37,9.891999999999825,26.322000000000116,-16.43000000000029,0.6241926905250443
2026-08-18 13:22:00,20184.17,871.81,44654.95,49012.46,9.981999999996333,26.30199999999968,-16.320000000003347,0.620485134210461
2026-08-18 13:23:00,20183.14,871.8,44654.74,49011.85,9.37199999999575,26.281999999999243,-16.910000000003492,0.6434061334755338
2026-08-18 13:24:00,20182.22,871.92,44655.06,49011.76,9.281999999999243,26.271999999997206,-16.989999999997963,0.6466961023142421
2026-08-18 13:25:00,20181.29,871.89,44655.0,49011.32,8.841999999996915,26.26199999999517,-17.419999999998254,0.6633158175310889
2026-08-18 13:26:00,20181.02,871.59,44655.11,49011.32,8.841999999996915,26.256999999997788,-17.415000000000873,0.6632517043075119
2026-08-18 13:27:00,20181.08,871.41,44655.9,49012.06,9.581999999994878,26.252000000000407,-16.67000000000553,0.6349992381534844
2026-08-18 13:28:00,20179.66,872.01,44655.55,49011.17,8.69199999999546,26.252000000000407,-17.560000000004948,0.6689014170350707
2026-08-18 13:29:00,20178.97,872.21,44655.72,49011.05,8.572000000000116,26.252000000000407,-17.68000000000029,0.6734724973335371
2026-08-18 13:30:00,20178.68,872.2,44655.8,49011.01,8.531999999999243,26.24199999999837,-17.709999999999127,0.6748723420471087
2026-08-18 13:31:00,20178.41,872.36,44655.77,49010.87,8.391999999999825,26.231999999996333,-17.839999999996508,0.6800853918877326
2026-08-18 13:32:00,20178.16,872.72,44655.89,49010.88,8.401999999994587,26.216999999996915,-17.81500000000233,0.679520921539628
2026-08-18 13:33:00,20177.63,872.87,44655.8,49010.6,8.12199999999575,26.201999999997497,-18.080000000001746,0.6900236623159863
2026-08-18 13:34:00,20177.29,872.97,44655.95,49010.57,8.091999999996915,26.19699999999648,-18.104999999999563,0.6911096690461502
2026-08-18 13:35:00,20177.65,872.85,44656.32,49011.06,8.581999999994878,26.19199999999546,-17.610000000000582,0.6723427000612261
2026-08-18 13:36:00,20177.78,873.0,44656.56,49011.33,8.851999999998952,26.19199999999546,-17.339999999996508,0.6620342089187352
2026-08-18 13:37:00,20177.41,873.2,44656.51,49011.15,8.671999999998661,26.19199999999546,-17.5199999999968,0.66890653634697
2026-08-18 13:38:00,20177.42,873.19,44656.47,49011.11,8.631999999997788,26.161999999996624,-17.529999999998836,0.6700558061310717
2026-08-18 13:39:00,20177.18,873.24,44656.34,49010.9,8.421999999998661,26.131999999997788,-17.709999999999127,0.677713148630056
2026-08-18 13:40:00,20177.22,873.42,44656.21,49010.82,8.341999999996915,26.11199999999735,-17.770000000000437,0.6805300245098896
2026-08-18 13:41:00,20176.85,873.69,44656.24,49010.7,8.221999999994296,26.091999999996915,-17.87000000000262,0.684884255710744
2026-08-18 13:42:00,20177.39,873.66,44656.44,49011.11,8.631999999997788,26.091999999996915,-17.459999999999127,0.6691706270121567
2026-08-18 13:43:00,20178.3,873.11,44656.55,49011.57,9.091999999996915,26.091999999996915,-17.0,0.6515407021309984
2026-08-18 13:44:00,20178.87,872.74,44656.46,49011.7,9.221999999994296,26.081999999998516,-16.86000000000422,0.6464228203360624
2026-08-18 13:45:00,20179.94,872.3,44656.76,49012.39,9.911999999996624,26.072000000000116,-16.160000000003492,0.6198220312980753
2026-08-18 13:46:00,20180.5,872.17,44656.96,49012.81,10.331999999994878,26.066999999999098,-15.73500000000422,0.6036367821385186
2026-08-18 13:47:00,20180.85,872.69,44657.31,49013.26,10.781999999999243,26.06199999999808,-15.279999999998836,0.5862942214718733
2026-08-18 13:48:00,20180.91,872.07,44656.71,49012.74,10.261999999995169,26.031999999999243,-15.770000000004075,0.6057928703136345
2026-08-18 13:49:00,20181.16,872.11,44656.76,49012.89,10.411999999996624,26.002000000000407,-15.590000000003783,0.5995692639029129
2026-08-18 13:50:00,20181.8,871.5,44657.17,49013.49,11.011999999995169,25.99699999999939,-14.98500000000422,0.5764126629997528
2026-08-18 13:51:00,20181.78,871.15,44657.22,49013.52,11.041999999994005,25.99199999999837,-14.950000000004366,0.5751769775317522
2026-08-18 13:52:00,20181.25,871.16,44657.35,49013.44,10.961999999999534,25.971999999997934,-15.0099999999984,0.5779300785461109
2026-08-18 13:53:00,20180.49,871.54,44657.27,49013.06,10.581999999994878,25.951999999997497,-15.37000000000262,0.592247225647507
2026-08-18 13:54:00,20179.46,871.84,44657.16,49012.55,10.072000000000116,25.951999999997497,-15.87999999999738,0.6118988902588977
2026-08-18 13:55:00,20178.94,872.04,44657.27,49012.44,9.961999999999534,25.951999999997497,-15.989999999997963,0.6161374845869106
2026-08-18 13:56:00,20178.02,872.65,44657.18,49011.98,9.502000000000407,25.93699999999808,-16.43499999999767,0.633650769171411
2026-08-18 13:57:00,20177.2,872.89,44657.16,49011.65,9.171999999998661,25.92199999999866,-16.75,0.6461692770619885
2026-08-18 13:58:00,20176.41,873.26,44657.39,49011.54,9.06199999999808,25.906999999999243,-16.845000000001164,0.6502103678543119
2026-08-18 13:59:00,20175.59,873.5,44657.32,49011.15,8.671999999998661,25.891999999999825,-17.220000000001164,0.6650702919821289
2026-08-18 14:00:00,20175.51,873.19,44657.46,49011.24,8.761999999995169,25.891999999999825,-17.130000000004657,0.6615943148464689
2026-08-18 14:01:00,20175.22,873.55,44657.96,49011.57,9.091999999996915,25.891999999999825,-16.80000000000291,0.648849065348487
2026-08-18 14:02:00,20174.29,874.27,44657.72,49010.99,8.511999999995169,25.886999999998807,-17.375000000003638,0.6711863097309244
2026-08-18 14:03:00,20173.22,875.34,44657.44,49010.31,7.831999999994878,25.881999999997788,-18.05000000000291,0.6973958735802663
2026-08-18 14:04:00,20172.67,876.24,44657.05,49009.77,7.291999999994005,25.87699999999677,-18.585000000002765,0.718205356107937
2026-08-18 14:05:00,20172.97,876.77,44657.06,49009.92,7.44199999999546,25.87199999999575,-18.43000000000029,0.7123531230675371
2026-08-18 14:06:00,20174.82,875.71,44657.51,49011.07,8.591999999996915,25.856999999996333,-17.264999999999418,0.667710871330853
2026-08-18 14:07:00,20176.27,874.39,44657.53,49011.66,9.182000000000698,25.841999999996915,-16.659999999996217,0.6446869437349356
2026-08-18 14:08:00,20177.61,873.01,44658.06,49012.65,10.171999999998661,25.841999999996915,-15.669999999998254,0.6063772153858109
2026-08-18 14:09:00,20177.95,873.13,44657.96,49012.71,10.231999999996333,25.841999999996915,-15.610000000000582,0.6040554136677674
2026-08-18 14:10:00,20179.29,872.58,44658.44,49013.67,11.19199999999546,25.82199999999648,-14.630000000001019,0.566571140887732
2026-08-18 14:11:00,20180.98,872.89,44658.6,49014.51,12.031999999999243,25.801999999996042,-13.769999999996799,0.5336795597240102
2026-08-18 14:12:00,20183.39,870.65,44658.82,49015.66,13.182000000000698,25.796999999995023,-12.614999999994325,0.48901035004057675
2026-08-18 14:13:00,20186.03,868.97,44659.26,49017.11,14.631999999997788,25.791999999994005,-11.159999999996217,0.4326923076922616
2026-08-18 14:14:00,20188.8,867.69,44660.08,49018.97,16.49199999999837,25.776999999994587,-9.284999999996217,0.36020483376646495
2026-08-18 14:15:00,20188.86,866.9,44660.34,49019.19,16.711999999999534,25.76199999999517,-9.049999999995634,0.3512926015059907
2026-08-18 14:16:00,20187.77,867.77,44659.96,49018.42,15.94199999999546,25.76199999999517,-9.819999999999709,0.3811815852807061
2026-08-18 14:17:00,20189.41,867.32,44660.11,49019.22,16.74199999999837,25.76199999999517,-9.019999999996799,0.3501280956446895
2026-08-18 14:18:00,20191.22,866.51,44660.42,49020.24,17.76199999999517,25.716999999996915,-7.955000000001746,0.3093284597737956
2026-08-18 14:19:00,20190.33,864.66,44660.97,49020.31,17.831999999994878,25.67199999999866,-7.8400000000037835,0.30539108756638333
2026-08-18 14:20:00,20184.07,867.62,44660.06,49016.97,14.49199999999837,25.666999999997643,-11.174999999999272,0.43538395605253044
2026-08-18 14:21:00,20180.93,870.88,44659.51,49015.26,12.781999999999243,25.661999999996624,-12.87999999999738,0.5019094380796149
2026-08-18 14:22:00,20180.12,872.65,44659.24,49014.73,12.252000000000407,25.656999999995605,-13.404999999995198,0.5224695015004674
2026-08-18 14:23:00,20180.2,872.86,44659.26,49014.8,12.322000000000116,25.651999999994587,-13.32999999999447,0.5196475908310184
2026-08-18 14:24:00,20181.77,871.96,44659.79,49015.92,13.44199999999546,25.62199999999575,-12.180000000000291,0.4753727265632
2026-08-18 14:25:00,20182.89,871.21,44660.2,49016.71,14.231999999996333,25.591999999996915,-11.360000000000582,0.4438887152235836
2026-08-18 14:26:00,20183.61,870.86,44660.56,49017.34,14.861999999993714,25.581999999998516,-10.720000000004802,0.41904464076324854
2026-08-18 14:27:00,20185.08,869.91,44661.28,49018.58,16.101999999998952,25.572000000000116,-9.470000000001164,0.37032692006886914
2026-08-18 14:28:00,20185.5,869.51,44661.64,49019.07,16.591999999996915,25.55199999999968,-8.960000000002765,0.3506574827803255
2026-08-18 14:29:00,20186.97,868.35,44662.09,49020.04,17.56199999999808,25.531999999999243,-7.970000000001164,0.31215729280907883
2026-08-18 14:30:00,20188.4,867.55,44662.93,49021.37,18.891999999999825,25.506999999997788,-6.614999999997963,0.2593405731759335
2026-08-18 14:31:00,20187.74,867.59,44662.87,49021.04,18.56199999999808,25.481999999996333,-6.919999999998254,0.2715642414252904
2026-08-18 14:32:00,20187.47,867.41,44662.63,49020.73,18.252000000000407,25.471999999997934,-7.219999999997526,0.2834484924622374
2026-08-18 14:33:00,20188.03,866.69,44663.61,49021.84,19.361999999993714,25.461999999999534,-6.100000000005821,0.2395726965676668
2026-08-18 14:34:00,20186.64,866.87,44663.58,49021.18,18.701999999997497,25.461999999999534,-6.760000000002037,0.265493676851864
2026-08-18 14:35:00,20185.24,867.3,44663.59,49020.55,18.072000000000116,25.461999999999534,-7.389999999999418,0.2902364307595457
2026-08-18 14:36:00,20183.62,867.85,44663.88,49020.29,17.81199999999808,25.451999999997497,-7.639999999999418,0.3001728744303068
2026-08-18 14:37:00,20181.34,869.11,44663.67,49019.2,16.721999999994296,25.44199999999546,-8.720000000001164,0.34274035060147473
2026-08-18 14:38:00,20179.16,870.53,44663.47,49018.15,15.671999999998661,25.426999999996042,-9.75499999999738,0.383647304046836
2026-08-18 14:39:00,20177.93,871.54,44663.36,49017.58,15.101999999998952,25.411999999996624,-10.309999999997672,0.40571383598296246
2026-08-18 14:40:00,20177.62,871.92,44663.45,49017.53,15.051999999996042,25.391999999996187,-10.340000000000146,0.4072148708255237
2026-08-18 14:41:00,20177.74,872.35,44663.52,49017.67,15.19199999999546,25.37199999999575,-10.180000000000291,0.40122970203381664
2026-08-18 14:42:00,20179.01,872.56,44663.8,49018.45,15.971999999994296,25.36199999999735,-9.390000000003056,0.3702389401468353
2026-08-18 14:43:00,20179.89,871.58,44664.07,49019.03,16.551999999996042,25.351999999998952,-8.80000000000291,0.3471126538341462
2026-08-18 14:44:00,20180.16,871.31,44664.39,49019.43,16.951999999997497,25.336999999999534,-8.385000000002037,0.33093894304780325
2026-08-18 14:45:00,20179.47,871.68,44664.31,49019.08,16.601999999998952,25.322000000000116,-8.720000000001164,0.3443645841561142
2026-08-18 14:46:00,20179.46,871.92,44664.37,49019.14,16.661999999996624,25.30699999999706,-8.645000000000437,0.3416050895009855
2026-08-18 14:47:00,20179.3,871.92,44664.05,49018.8,16.322000000000116,25.291999999994005,-8.969999999993888,0.3546575992407091
2026-08-18 14:48:00,20179.52,871.56,44664.66,49019.41,16.9320000000007,25.276999999994587,-8.344999999993888,0.33014202634789236
2026-08-18 14:49:00,20179.27,871.85,44664.66,49019.32,16.841999999996915,25.26199999999517,-8.419999999998254,0.3333069432348929
2026-08-18 14:50:00,20180.04,871.47,44665.15,49020.06,17.581999999994878,25.26199999999517,-7.680000000000291,0.3040139339720434
2026-08-18 14:51:00,20180.14,870.87,44665.42,49020.33,17.851999999998952,25.26199999999517,-7.4099999999962165,0.29332594410567786
2026-08-18 14:52:00,20179.72,870.97,44665.49,49020.23,17.752000000000407,25.23699999999735,-7.484999999996944,0.296588342512887
2026-08-18 14:53:00,20180.77,870.26,44665.89,49021.02,18.541999999994005,25.211999999999534,-6.67000000000553,0.2645565603683029
2026-08-18 14:54:00,20179.92,870.03,44666.22,49020.94,18.461999999999534,25.197000000000116,-6.735000000000582,0.26729372544352703
2026-08-18 14:55:00,20177.72,871.39,44666.09,49019.82,17.341999999996915,25.1820000000007,-7.8400000000037835,0.3113334921770934
2026-08-18 14:56:00,20175.97,872.99,44665.6,49018.8,16.322000000000116,25.166999999997643,-8.844999999997526,0.3514522986449857
2026-08-18 14:57:00,20175.62,873.87,44665.61,49018.71,16.231999999996333,25.151999999994587,-8.919999999998254,0.3546437659033148
2026-08-18 14:58:00,20176.2,873.55,44665.85,49019.16,16.6820000000007,25.146999999997206,-8.464999999996508,0.3366206704576072
2026-08-18 14:59:00,20177.41,873.0,44666.21,49019.96,17.481999999996333,25.141999999999825,-7.6600000000034925,0.30466947736868766
2026-08-18 15:00:00,20178.06,872.97,44666.5,49020.49,18.01199999999517,25.141999999999825,-7.130000000004657,0.28358921326882136
2026-08-18 15:01:00,20179.85,872.71,44667.14,49021.79,19.31199999999808,25.141999999999825,-5.830000000001746,0.23188290509910853
2026-08-18 15:02:00,20181.18,872.59,44667.14,49022.36,19.881999999997788,25.136999999998807,-5.255000000001019,0.20905438198676327
2026-08-18 15:03:00,20182.21,871.74,44667.51,49023.08,20.601999999998952,25.131999999997788,-4.529999999998836,0.18024828903387055
2026-08-18 15:04:00,20182.4,871.47,44667.66,49023.3,20.822000000000116,25.11199999999735,-4.289999999997235,0.17083466071988243
2026-08-18 15:05:00,20182.94,871.32,44667.86,49023.72,21.24199999999837,25.091999999996915,-3.849999999998545,0.15343535788295146
2026-08-18 15:06:00,20184.28,870.84,44668.36,49024.68,22.201999999997497,25.06699999999546,-2.8649999999979627,0.11429369290295933
2026-08-18 15:07:00,20183.87,870.83,44668.02,49024.2,21.721999999994296,25.041999999994005,-3.319999999999709,0.1325772701861075
2026-08-18 15:08:00,20183.7,871.2,44668.22,49024.32,21.841999999996915,25.036999999996624,-3.194999999999709,0.1276111355194368
2026-08-18 15:09:00,20183.86,871.66,44668.32,49024.48,22.002000000000407,25.031999999999243,-3.029999999998836,0.12104506232018726
2026-08-18 15:10:00,20183.74,871.94,44668.37,49024.48,22.002000000000407,25.031999999999243,-3.029999999998836,0.12104506232018726
2026-08-18 15:11:00,20183.93,871.85,44668.63,49024.8,22.322000000000116,25.031999999999243,-2.709999999999127,0.10826142537548773
2026-08-18 15:12:00,20183.17,872.59,44668.54,49024.42,21.94199999999546,25.021999999997206,-3.0800000000017462,0.12309167932228
2026-08-18 15:13:00,20182.39,873.33,44668.48,49024.07,21.591999999996915,25.01199999999517,-3.4199999999982538,0.13673436750355486
2026-08-18 15:14:00,20181.6,874.01,44668.58,49023.84,21.361999999993714,25.006999999997788,-3.6450000000040745,0.1457591874276961
2026-08-18 15:15:00,20181.19,874.4,44668.54,49023.64,21.161999999996624,25.002000000000407,-3.8400000000037835,0.1535877129831102
2026-08-18 15:16:00,20180.77,874.82,44668.74,49023.66,21.1820000000007,24.98199999999997,-3.7999999999992724,0.15210951885354562
2026-08-18 15:17:00,20180.73,874.99,44669.17,49024.05,21.572000000000116,24.961999999999534,-3.389999999999418,0.1358064257671453
2026-08-18 15:18:00,20180.32,875.14,44669.31,49024.01,21.531999999999243,24.956999999998516,-3.4249999999992724,0.1372360459990975
2026-08-18 15:19:00,20180.15,875.28,44669.3,49023.93,21.451999999997497,24.951999999997497,-3.5,0.1402693170888246
2026-08-18 15:20:00,20180.85,875.29,44669.45,49024.34,21.861999999993714,24.951999999997497,-3.0900000000037835,0.1238377685157139
2026-08-18 15:21:00,20181.47,875.26,44669.63,49024.78,22.301999999996042,24.951999999997497,-2.650000000001455,0.10620391151016836
2026-08-18 15:22:00,20182.73,874.46,44669.9,49025.53,23.051999999996042,24.94699999999648,-1.8950000000004366,0.07596103739931472
2026-08-18 15:23:00,20183.03,874.35,44669.92,49025.66,23.1820000000007,24.94199999999546,-1.7599999999947613,0.07056370780190369
2026-08-18 15:24:00,20183.51,874.55,44669.99,49025.91,23.4320000000007,24.921999999995023,-1.4899999999943248,0.05978653398582065
2026-08-18 15:25:00,20183.81,874.39,44670.05,49026.08,23.601999999998952,24.901999999994587,-1.2999999999956344,0.0522046421972499
2026-08-18 15:26:00,20184.07,874.74,44670.11,49026.25,23.771999999997206,24.896999999997206,-1.125,0.045186167008078336
2026-08-18 15:27:00,20184.19,875.09,44670.01,49026.22,23.74199999999837,24.891999999999825,-1.1500000000014552,0.046199582195141545
2026-08-18 15:28:00,20185.11,874.83,44670.49,49027.04,24.56199999999808,24.87699999999677,-0.3149999999986903,0.012662298508611619
2026-08-18 15:29:00,20185.45,874.68,44670.93,49027.57,25.091999999996915,24.861999999993714,0.23000000000320142,0.00925106588380901
2026-08-18 15:30:00,20184.73,875.09,44670.41,49026.81,24.331999999994878,24.861999999993714,-0.5299999999988358,0.021317673557998948
2026-08-18 15:31:00,20184.56,875.36,44670.37,49026.73,24.252000000000407,24.861999999993714,-0.6099999999933061,0.024535435604274007
2026-08-18 15:32:00,20184.88,875.44,44671.11,49027.51,25.031999999999243,24.856999999996333,0.17500000000291038,0.007040270346499425
2026-08-18 15:33:00,20184.14,876.12,44670.7,49026.83,24.351999999998952,24.851999999998952,-0.5,0.0201191051022059
2026-08-18 15:34:00,20183.67,876.3,44670.48,49026.44,23.961999999999534,24.851999999998952,-0.8899999999994179,0.03581200708190308
2026-08-18 15:35:00,20183.5,876.52,44670.73,49026.61,24.131999999997788,24.851999999998952,-0.7200000000011642,0.028971511347223342
2026-08-18 15:36:00,20183.57,876.68,44671.1,49026.97,24.49199999999837,24.841999999996915,-0.3499999999985448,0.014089042750124316
2026-08-18 15:37:00,20182.83,876.86,44670.96,49026.56,24.081999999994878,24.831999999994878,-0.75,0.030202963917532005
2026-08-18 15:38:00,20182.2,877.04,44670.9,49026.24,23.76199999999517,24.82199999999648,-1.0600000000013097,0.04270405285639594
2026-08-18 15:39:00,20182.1,877.16,44671.06,49026.34,23.861999999993714,24.81199999999808,-0.9500000000043656,0.038287925197664
2026-08-18 15:40:00,20182.44,877.16,44671.35,49026.74,24.26199999999517,24.74699999999939,-0.48500000000422006,0.019598335151906576
2026-08-18 15:41:00,20182.42,877.17,44671.36,49026.75,24.271999999997206,24.6820000000007,-0.41000000000349246,0.01661129568120415
2026-08-18 15:42:00,20182.17,877.42,44671.47,49026.75,24.271999999997206,24.662000000000262,-0.3900000000030559,0.015813802611428583
2026-08-18 15:43:00,20181.28,878.11,44671.07,49026.03,23.551999999996042,24.641999999999825,-1.0900000000037835,0.04423342261195484
2026-08-18 15:44:00,20181.43,878.46,44671.28,49026.29,23.81199999999808,24.641999999999825,-0.8300000000017462,0.03368233097969938
2026-08-18 15:45:00,20181.03,878.97,44671.01,49025.87,23.391999999999825,24.641999999999825,-1.25,0.050726402077753786
2026-08-18 15:46:00,20180.58,879.63,44670.65,49025.39,22.911999999996624,24.636999999998807,-1.7250000000021828,0.07001664163665489
2026-08-18 15:47:00,20180.39,880.16,44670.12,49024.84,22.361999999993714,24.631999999997788,-2.2700000000040745,0.09215654433274921
2026-08-18 15:48:00,20181.97,879.31,44670.81,49026.1,23.62199999999575,24.62199999999575,-1.0,0.04061408496467275
2026-08-18 15:49:00,20183.17,878.91,44671.29,49027.01,24.531999999999243,24.611999999993714,-0.07999999999447027,0.0032504469362299167
2026-08-18 15:50:00,20184.17,878.38,44671.16,49027.31,24.831999999994878,24.611999999993714,0.22000000000116415,0.00893872907529743
2026-08-18 15:51:00,20185.56,877.72,44671.78,49028.43,25.951999999997497,24.611999999993714,1.3400000000037835,0.05444498618576815
2026-08-18 15:52:00,20186.44,877.61,44672.25,49029.2,26.721999999994296,24.611999999993714,2.110000000000582,0.08573053794901353
2026-08-18 15:53:00,20186.94,877.57,44672.17,49029.32,26.841999999996915,24.611999999993714,2.2300000000032014,0.09060620835380184
2026-08-18 15:54:00,20187.01,877.88,44672.28,49029.45,26.971999999994296,24.596999999994296,2.375,0.09655649062896088
2026-08-18 15:55:00,20186.91,877.82,44672.3,49029.43,26.951999999997497,24.581999999994878,2.3700000000026193,0.0964120087870439
2026-08-18 15:56:00,20185.85,878.14,44672.03,49028.76,26.281999999999243,24.57199999999648,1.7100000000027649,0.06959140485117248
2026-08-18 15:57:00,20185.56,878.9,44672.24,49028.85,26.37199999999575,24.56199999999808,1.8099999999976717,0.07369106750255733
2026-08-18 15:58:00,20184.91,879.17,44672.2,49028.57,26.091999999996915,24.56199999999808,1.5299999999988358,0.062291344353023186
2026-08-18 15:59:00,20184.65,879.38,44672.24,49028.48,26.002000000000407,24.56199999999808,1.4400000000023283,0.058627147626514164
2026-08-18 16:00:00,20184.82,879.23,44672.42,49028.71,26.231999999996333,24.55699999999706,1.6749999999992724,0.0682086574092712
2026-08-18 16:01:00,20184.92,879.1,44672.49,49028.8,26.322000000000116,24.551999999996042,1.7700000000040745,0.07209188660819321
2026-08-18 16:02:00,20184.32,879.84,44672.19,49028.32,25.841999999996915,24.541999999997643,1.2999999999992724,0.05297041805881335
2026-08-18 16:03:00,20184.05,880.16,44671.88,49027.94,25.461999999999534,24.531999999999243,0.930000000000291,0.03790966900376324
2026-08-18 16:04:00,20185.21,879.56,44672.21,49028.68,26.201999999997497,24.531999999999243,1.6699999999982538,0.06807435186688021
2026-08-18 16:05:00,20186.03,879.58,44672.05,49028.88,26.401999999994587,24.531999999999243,1.8699999999953434,0.07622696885681562
2026-08-18 16:06:00,20186.97,879.48,44672.73,49029.88,27.401999999994587,24.516999999999825,2.8849999999947613,0.11767345107455161
2026-08-18 16:07:00,20186.4,879.5,44672.45,49029.38,26.901999999994587,24.502000000000407,2.3999999999941792,0.09795118765791117
2026-08-18 16:08:00,20186.27,879.82,44672.27,49029.18,26.701999999997497,24.49699999999939,2.2049999999981083,0.09001102175769128
2026-08-18 16:09:00,20186.57,880.04,44672.17,49029.2,26.721999999994296,24.49199999999837,2.2299999999959255,0.09105013882067915
2026-08-18 16:10:00,20186.61,880.01,44672.06,49029.12,26.641999999999825,24.49199999999837,2.150000000001455,0.08778376612778042
2026-08-18 16:11:00,20187.41,879.65,44672.47,49029.82,27.341999999996915,24.49199999999837,2.849999999998545,0.116364527192501
2026-08-18 16:12:00,20187.94,879.65,44672.76,49030.3,27.822000000000116,24.48699999999735,3.335000000002765,0.1361947155634878
2026-08-18 16:13:00,20187.87,879.85,44672.66,49030.18,27.701999999997497,24.481999999996333,3.220000000001164,0.13152520218943087
2026-08-18 16:14:00,20187.65,879.91,44672.49,49029.94,27.461999999999534,24.476999999995314,2.98500000000422,0.12195121951239088
2026-08-18 16:15:00,20188.26,879.79,44673.14,49030.78,28.301999999996042,24.471999999994296,3.8300000000017462,0.1565053939196894
2026-08-18 16:16:00,20187.41,879.96,44672.9,49030.2,27.721999999994296,24.456999999994878,3.264999999999418,0.13349961156315582
2026-08-18 16:17:00,20186.42,880.4,44672.6,49029.53,27.051999999996042,24.44199999999546,2.610000000000582,0.10678340561333226
2026-08-18 16:18:00,20185.63,880.9,44672.48,49029.12,26.641999999999825,24.43199999999706,2.210000000002765,0.09045514079907624
2026-08-18 16:19:00,20185.22,881.37,44672.66,49029.12,26.641999999999825,24.42199999999866,2.220000000001164,0.09090164605688665
2026-08-18 16:20:00,20185.03,881.86,44672.76,49029.15,26.67199999999866,24.416999999997643,2.2550000000010186,0.09235368800430996
2026-08-18 16:21:00,20185.07,881.87,44672.53,49028.96,26.481999999996333,24.411999999996624,2.069999999999709,0.08479436342782219
2026-08-18 16:22:00,20185.12,882.13,44672.45,49028.92,26.44199999999546,24.406999999995605,2.0349999999998545,0.08337771950670794
2026-08-18 16:23:00,20185.46,882.31,44672.6,49029.19,26.711999999999534,24.401999999994587,2.3100000000049477,0.09466437177302926
2026-08-18 16:24:00,20185.68,882.5,44672.57,49029.25,26.771999999997206,24.396999999997206,2.375,0.09734803459442849
2026-08-18 16:25:00,20185.69,882.69,44672.52,49029.22,26.74199999999837,24.391999999999825,2.349999999998545,0.09634306329938347
2026-08-18 16:26:00,20185.85,882.87,44672.38,49029.16,26.6820000000007,24.381999999997788,2.3000000000029104,0.0943318841769797
2026-08-18 16:27:00,20185.73,883.18,44672.22,49028.97,26.49199999999837,24.37199999999575,2.1200000000026193,0.08698506482861434
2026-08-18 16:28:00,20186.0,883.41,44672.15,49029.02,26.541999999994005,24.37199999999575,2.1699999999982538,0.08903659937627738
2026-08-18 16:29:00,20186.98,883.25,44673.15,49030.31,27.831999999994878,24.37199999999575,3.459999999999127,0.14196619071064048
2026-08-18 16:30:00,20186.41,883.91,44672.94,49029.91,27.4320000000007,24.36199999999735,3.070000000003347,0.12601592644297188
2026-08-18 16:31:00,20185.73,884.17,44672.56,49029.29,26.81199999999808,24.351999999998952,2.459999999999127,0.10101839684622342
2026-08-18 16:32:00,20185.99,884.24,44672.76,49029.59,27.111999999993714,24.346999999997934,2.76499999999578,0.11356635314396084
2026-08-18 16:33:00,20185.67,884.68,44672.92,49029.61,27.131999999997788,24.341999999996915,2.790000000000873,0.11461671185610166
2026-08-18 16:34:00,20184.84,885.34,44672.45,49028.85,26.37199999999575,24.341999999996915,2.029999999998836,0.08339495522139073
2026-08-18 16:35:00,20184.89,885.78,44672.61,49029.03,26.551999999996042,24.341999999996915,2.209999999999127,0.09078958179276177
2026-08-18 16:36:00,20184.5,886.1,44672.55,49028.8,26.322000000000116,24.336999999995896,1.98500000000422,0.08156305214301494
2026-08-18 16:37:00,20184.84,886.25,44672.79,49029.16,26.6820000000007,24.331999999994878,2.3500000000058208,0.09658063455557765
2026-08-18 16:38:00,20184.59,886.6,44672.65,49028.93,26.451999999997497,24.31199999999444,2.140000000003056,0.0880223757816529
2026-08-18 16:39:00,20184.26,887.18,44672.43,49028.61,26.131999999997788,24.291999999994005,1.8400000000037835,0.07574510126808158
2026-08-18 16:40:00,20184.43,887.32,44672.6,49028.86,26.381999999997788,24.281999999995605,2.100000000002183,0.08648381517183769
2026-08-18 16:41:00,20184.57,887.54,44672.84,49029.14,26.661999999996624,24.271999999997206,2.389999999999418,0.09846736980882058
2026-08-18 16:42:00,20185.17,887.22,44673.41,49029.89,27.411999999996624,24.271999999997206,3.139999999999418,0.1293671720500898
2026-08-18 16:43:00,20184.91,887.2,44673.08,49029.49,27.01199999999517,24.271999999997206,2.7399999999979627,0.11288727752135293
2026-08-18 16:44:00,20185.08,887.49,44673.17,49029.64,27.161999999996624,24.266999999996187,2.8950000000004366,0.11929781184328064
2026-08-18 16:45:00,20185.62,887.38,44673.42,49030.08,27.601999999998952,24.26199999999517,3.3400000000037835,0.1376638364522483
2026-08-18 16:46:00,20186.04,887.44,44673.62,49030.44,27.961999999999534,24.256999999997788,3.7050000000017462,0.15273941542656075
2026-08-18 16:47:00,20185.78,887.74,44673.55,49030.26,27.781999999999243,24.252000000000407,3.529999999998836,0.14555500577266933
2026-08-18 16:48:00,20186.14,887.76,44673.69,49030.55,28.072000000000116,24.252000000000407,3.819999999999709,0.15751278245091724
2026-08-18 16:49:00,20186.72,887.68,44674.04,49031.1,28.62199999999575,24.252000000000407,4.369999999995343,0.18019132442665636
2026-08-18 16:50:00,20186.69,888.09,44673.9,49030.95,28.471999999994296,24.252000000000407,4.219999999993888,0.17400626752407294
2026-08-18 16:51:00,20187.13,888.07,44673.84,49031.07,28.591999999996915,24.252000000000407,4.3399999999965075,0.1789543130461997
2026-08-18 16:52:00,20186.83,888.38,44673.69,49030.82,28.341999999996915,24.23199999999997,4.109999999996944,0.16961043248584307
2026-08-18 16:53:00,20186.5,888.67,44673.57,49030.6,28.12199999999575,24.211999999999534,3.9099999999962165,0.1614901701634021
2026-08-18 16:54:00,20185.98,889.26,44673.54,49030.37,27.891999999999825,24.206999999998516,3.6850000000013097,0.15222869417943305
2026-08-18 16:55:00,20185.28,889.52,44673.26,49029.82,27.341999999996915,24.201999999997497,3.139999999999418,0.12974134369059345
2026-08-18 16:56:00,20184.67,890.09,44673.36,49029.69,27.211999999999534,24.191999999999098,3.0200000000004366,0.12483465608467878
2026-08-18 16:57:00,20184.14,890.28,44673.38,49029.49,27.01199999999517,24.1820000000007,2.8299999999944703,0.11702919526897645
2026-08-18 16:58:00,20184.11,890.37,44673.27,49029.39,26.911999999996624,24.162000000000262,2.749999999996362,0.11381508153283389
2026-08-18 16:59:00,20184.55,890.3,44673.71,49029.95,27.471999999994296,24.141999999999825,3.3299999999944703,0.13793389114383622
2026-08-18 17:00:00,20184.99,890.05,44673.6,49030.04,27.56199999999808,24.136999999998807,3.4249999999992724,0.14189833036414806
2026-08-18 17:01:00,20185.77,889.96,44673.9,49030.63,28.151999999994587,24.131999999997788,4.019999999996799,0.1665837891595047
2026-08-18 17:02:00,20186.38,889.84,44673.97,49030.94,28.461999999999534,24.12699999999677,4.335000000002765,0.17967422389867557
2026-08-18 17:03:00,20187.19,890.43,44674.39,49031.66,29.1820000000007,24.12199999999575,5.060000000004948,0.20976701766046923
2026-08-18 17:04:00,20185.28,891.25,44673.9,49030.44,27.961999999999534,24.12699999999677,3.835000000002765,0.15895055332214028
2026-08-18 17:05:00,20185.03,891.16,44673.94,49030.38,27.901999999994587,24.131999999997788,3.7699999999967986,0.15622410077893023
2026-08-18 17:06:00,20186.14,890.95,44674.01,49030.92,28.44199999999546,24.136999999998807,4.304999999996653,0.17835687947950724
2026-08-18 17:07:00,20187.27,890.97,44673.89,49031.27,28.791999999994005,24.141999999999825,4.649999999994179,0.19261038853426446
2026-08-18 17:08:00,20188.72,890.54,44674.1,49032.04,29.56199999999808,24.162000000000262,5.399999999997817,0.2234914328283155
2026-08-18 17:09:00,20188.98,891.06,44674.19,49032.21,29.731999999996333,24.1820000000007,5.549999999995634,0.22950955255956804
2026-08-18 17:10:00,20189.72,890.72,44674.12,49032.45,29.971999999994296,24.191999999999098,5.779999999995198,0.23892195767176808
2026-08-18 17:11:00,20191.21,890.54,44674.09,49033.02,30.541999999994005,24.201999999997497,6.3399999999965075,0.2619618213369624
2026-08-18 17:12:00,20191.24,890.87,44673.8,49032.76,30.281999999999243,24.206999999998516,6.075000000000728,0.25096046598096006
2026-08-18 17:13:00,20189.92,891.8,44673.33,49031.82,29.341999999996915,24.211999999999534,5.129999999997381,0.21187840740118452
2026-08-18 17:14:00,20188.6,892.02,44673.18,49031.16,28.6820000000007,24.23199999999997,4.450000000000728,0.18364146583033727
2026-08-18 17:15:00,20189.08,891.95,44673.4,49031.53,29.051999999996042,24.252000000000407,4.799999999995634,0.19792182088056876
2026-08-18 17:16:00,20187.77,892.26,44672.89,49030.54,28.06199999999808,24.252000000000407,3.8099999999976717,0.15710044532399833
2026-08-18 17:17:00,20186.96,892.74,44672.94,49030.27,27.791999999994005,24.252000000000407,3.539999999993597,0.1459673428992882
2026-08-18 17:18:00,20186.6,893.14,44672.83,49030.03,27.551999999996042,24.252000000000407,3.2999999999956344,0.13607125185533478
2026-08-18 17:19:00,20185.53,893.3,44672.71,49029.49,27.01199999999517,24.252000000000407,2.7599999999947613,0.11380504700621454
2026-08-18 17:20:00,20185.96,893.1,44673.06,49030.0,27.521999999997206,24.256999999997788,3.264999999999418,0.13460032155665233
2026-08-18 17:21:00,20187.15,893.05,44673.66,49031.02,28.541999999994005,24.26199999999517,4.279999999998836,0.17640755090263327
2026-08-18 17:22:00,20187.64,893.32,44673.83,49031.38,28.901999999994587,24.266999999996187,4.634999999998399,0.19100012362463953
2026-08-18 17:23:00,20186.98,893.71,44673.67,49030.97,28.49199999999837,24.271999999997206,4.220000000001164,0.1738628872775894
2026-08-18 17:24:00,20187.1,894.04,44673.83,49031.17,28.69199999999546,24.271999999997206,4.419999999998254,0.18210283454180795
2026-08-18 17:25:00,20186.71,893.96,44673.78,49030.94,28.461999999999534,24.271999999997206,4.190000000002328,0.1726268951879866
2026-08-18 17:26:00,20187.66,892.78,44673.7,49031.27,28.791999999994005,24.281999999995605,4.509999999998399,0.18573428877354484
2026-08-18 17:27:00,20190.78,892.69,44674.09,49032.9,30.42199999999866,24.291999999994005,6.130000000004657,0.2523464515069228
2026-08-18 17:28:00,20192.1,892.53,44674.19,49033.53,31.051999999996042,24.31199999999444,6.740000000001601,0.2772293517605767
2026-08-18 17:29:00,20193.25,892.2,44674.33,49034.11,31.631999999997788,24.291999999994005,7.3400000000037835,0.30215708875372943
2026-08-18 17:30:00,20195.61,891.8,44674.45,49035.18,32.7019999999975,24.281999999995605,8.420000000001892,0.3467589160696572
2026-08-18 17:31:00,20196.57,891.78,44674.32,49035.44,32.961999999999534,24.271999999997206,8.690000000002328,0.35802570863560185
2026-08-18 17:32:00,20196.79,891.93,44674.25,49035.48,33.00200000000041,24.271999999997206,8.730000000003201,0.3596736980885055
2026-08-18 17:33:00,20197.02,891.8,44674.48,49035.79,33.31199999999808,24.271999999997206,9.040000000000873,0.3724456163481342
2026-08-18 17:34:00,20197.28,891.13,44674.65,49036.02,33.541999999994005,24.266999999996187,9.274999999997817,0.38220628837512977
2026-08-18 17:35:00,20196.91,891.16,44674.28,49035.52,33.041999999994005,24.26199999999517,8.779999999998836,0.36188277965545235
2026-08-18 17:36:00,20196.52,891.02,44674.29,49035.37,32.891999999999825,24.256999999997788,8.635000000002037,0.3559797171951529
2026-08-18 17:37:00,20195.98,891.43,44674.51,49035.35,32.87199999999575,24.252000000000407,8.619999999995343,0.355434603331486
2026-08-18 17:38:00,20194.91,891.75,44674.34,49034.76,32.28199999999924,24.252000000000407,8.029999999998836,0.3311067128483713
2026-08-18 17:39:00,20193.36,892.15,44673.87,49033.71,31.231999999996333,24.252000000000407,6.9799999999959255,0.2878113145305875
2026-08-18 17:40:00,20193.57,892.22,44674.25,49034.16,31.6820000000007,24.252000000000407,7.430000000000291,0.3063664852383377
2026-08-18 17:41:00,20193.59,892.33,44673.96,49033.89,31.411999999996624,24.252000000000407,7.1599999999962165,0.2952333828136276
2026-08-18 17:42:00,20193.73,892.36,44673.76,49033.78,31.301999999996042,24.23199999999997,7.069999999996071,0.29176295807180913
2026-08-18 17:43:00,20194.49,891.89,44674.09,49034.38,31.901999999994587,24.211999999999534,7.689999999995052,0.31761110193272757
2026-08-18 17:44:00,20194.17,892.45,44673.89,49034.05,31.572000000000116,24.206999999998516,7.365000000001601,0.30425083653497137
2026-08-18 17:45:00,20194.9,892.44,44674.08,49034.53,32.05199999999604,24.201999999997497,7.849999999998545,0.3243533592264836
2026-08-18 17:46:00,20195.48,892.29,44674.34,49035.0,32.521999999997206,24.191999999999098,8.329999999998108,0.34432870370363833
2026-08-18 17:47:00,20195.68,892.15,44674.37,49035.1,32.62199999999575,24.1820000000007,8.439999999995052,0.34901993218074634
2026-08-18 17:48:00,20195.68,891.69,44674.33,49035.08,32.60199999999895,24.162000000000262,8.43999999999869,0.34930883205026897
2026-08-18 17:49:00,20197.12,891.43,44674.86,49036.13,33.65199999999459,24.141999999999825,9.509999999994761,0.393919310744546
2026-08-18 17:50:00,20197.29,891.04,44674.48,49035.84,33.361999999993714,24.136999999998807,9.224999999994907,0.38219331317045874
2026-08-18 17:51:00,20197.69,891.21,44674.35,49035.89,33.411999999996624,24.131999999997788,9.279999999998836,0.3845516326868758
2026-08-18 17:52:00,20197.65,891.23,44674.29,49035.82,33.341999999996915,24.12699999999677,9.215000000000146,0.3819372487255514
2026-08-18 17:53:00,20198.04,890.96,44674.19,49035.88,33.40199999999459,24.12199999999575,9.279999999998836,0.3847110521515824
2026-08-18 17:54:00,20198.25,890.78,44674.36,49036.11,33.63199999999779,24.116999999994732,9.515000000003056,0.39453497532881926
2026-08-18 17:55:00,20197.96,890.8,44674.45,49036.08,33.60199999999895,24.111999999993714,9.490000000005239,0.39357996018611946
2026-08-18 17:56:00,20197.64,890.68,44674.2,49035.72,33.24199999999837,24.111999999993714,9.130000000004657,0.37864963503678817
2026-08-18 17:57:00,20197.63,890.49,44674.19,49035.72,33.24199999999837,24.111999999993714,9.130000000004657,0.37864963503678817
2026-08-18 17:58:00,20198.12,890.48,44674.31,49036.02,33.541999999994005,24.096999999994296,9.444999999999709,0.3919575050837011
2026-08-18 17:59:00,20198.47,890.56,44674.54,49036.36,33.88199999999779,24.081999999994878,9.80000000000291,0.4069429449383355
2026-08-18 18:00:00,20197.62,890.96,44674.16,49035.68,33.2019999999975,24.081999999994878,9.12000000000262,0.3787060875344473
2026-08-18 18:01:00,20197.68,890.49,44674.32,49035.84,33.361999999993714,24.081999999994878,9.279999999998836,0.385350053982261
2026-08-18 18:02:00,20197.31,889.94,44674.5,49035.86,33.38199999999779,24.06199999999444,9.320000000003347,0.3873327237970867
2026-08-18 18:03:00,20197.9,889.57,44674.66,49036.23,33.75200000000041,24.041999999994005,9.710000000006403,0.4038765493722995
2026-08-18 18:04:00,20199.13,889.18,44674.46,49036.54,34.06199999999808,24.01199999999517,10.05000000000291,0.4185407296353878
2026-08-18 18:05:00,20200.46,889.48,44674.63,49037.24,34.76199999999517,23.981999999996333,10.779999999998836,0.4495037945125713
2026-08-18 18:06:00,20200.51,889.03,44674.45,49037.09,34.611999999993714,23.976999999995314,10.6349999999984,0.44355006881596853
2026-08-18 18:07:00,20200.56,888.73,44674.45,49037.11,34.63199999999779,23.971999999994296,10.660000000003492,0.44468546637769185
2026-08-18 18:08:00,20201.22,888.29,44674.82,49037.7,35.221999999994296,23.966999999996915,11.25499999999738,0.46960403888675384
2026-08-18 18:09:00,20200.65,887.95,44674.55,49037.21,34.73199999999633,23.961999999999534,10.769999999996799,0.4494616476085889
2026-08-18 18:10:00,20201.22,888.09,44674.34,49037.26,34.78199999999924,23.951999999997497,10.830000000001746,0.4521543086173546
2026-08-18 18:11:00,20201.23,888.01,44674.22,49037.16,34.6820000000007,23.94199999999546,10.740000000005239,0.4485840781892605
2026-08-18 18:12:00,20201.52,887.78,44674.35,49037.4,34.92199999999866,23.93699999999808,10.985000000000582,0.4589129799056466
2026-08-18 18:13:00,20203.23,887.26,44674.86,49038.55,36.072000000000116,23.9320000000007,12.139999999999418,0.5072706000333889
2026-08-18 18:14:00,20203.27,888.18,44674.57,49038.31,35.83199999999488,23.912000000000262,11.919999999994616,0.4984944797588861
2026-08-18 18:15:00,20202.68,888.52,44674.46,49037.97,35.49199999999837,23.891999999999825,11.599999999998545,0.4855181650761188
2026-08-18 18:16:00,20202.0,889.15,44674.27,49037.52,35.041999999994005,23.87699999999677,11.164999999997235,0.4676048079741486
2026-08-18 18:17:00,20202.76,888.7,44674.5,49038.05,35.572000000000116,23.861999999993714,11.710000000006403,0.49073841253916217
2026-08-18 18:18:00,20203.71,888.58,44674.52,49038.44,35.961999999999534,23.856999999996333,12.105000000003201,0.5073982478939122
2026-08-18 18:19:00,20204.25,888.93,44674.36,49038.52,36.041999999994005,23.851999999998952,12.189999999995052,0.5110682542342607
2026-08-18 18:20:00,20204.04,889.59,44674.15,49038.27,35.791999999994005,23.841999999996915,11.94999999999709,0.5012163409109401
2026-08-18 18:21:00,20204.74,889.21,44674.52,49038.87,36.391999999999825,23.831999999994878,12.560000000004948,0.5270224907690352
2026-08-18 18:22:00,20206.21,889.36,44674.66,49039.61,37.13199999999779,23.82199999999648,13.31000000000131,0.5587272269332246
2026-08-18 18:23:00,20206.46,890.23,44674.32,49039.42,36.94199999999546,23.81199999999808,13.12999999999738,0.5514026541239055
2026-08-18 18:24:00,20205.72,891.3,44673.98,49038.82,36.341999999996915,23.80699999999706,12.534999999999854,0.5265258117361029
2026-08-18 18:25:00,20204.22,891.59,44673.85,49038.1,35.62199999999575,23.801999999996042,11.819999999999709,0.49659692462825283
2026-08-18 18:26:00,20206.31,890.53,44674.59,49039.63,37.15199999999459,23.791999999997643,13.359999999996944,0.5615332885002634
2026-08-18 18:27:00,20207.93,894.39,44674.43,49040.18,37.7019999999975,23.781999999999243,13.919999999998254,0.585316626019624
2026-08-18 18:28:00,20206.5,896.52,44673.31,49038.61,36.13199999999779,23.776999999998225,12.354999999999563,0.5196198006477052
2026-08-18 18:29:00,20207.3,894.58,44673.85,49039.42,36.94199999999546,23.771999999997206,13.169999999998254,0.5540131246844945
2026-08-18 18:30:00,20207.35,893.52,44674.81,49040.28,37.80199999999604,23.766999999996187,14.034999999999854,0.5905246770733414
2026-08-18 18:31:00,20206.81,893.81,44674.63,49039.91,37.4320000000007,23.76199999999517,13.67000000000553,0.5752882753980435
2026-08-18 18:32:00,20207.09,894.04,44674.51,49039.92,37.44199999999546,23.75199999999677,13.68999999999869,0.576372515998676
2026-08-18 18:33:00,20206.61,894.25,44675.11,49040.28,37.80199999999604,23.74199999999837,14.059999999997672,0.5921994777187531
2026-08-18 18:34:00,20205.16,893.97,44674.84,49039.42,36.94199999999546,23.73699999999735,13.204999999998108,0.5563045035176973
2026-08-18 18:35:00,20205.96,893.16,44675.14,49040.03,37.55199999999604,23.731999999996333,13.819999999999709,0.5823360862970607
2026-08-18 18:36:00,20207.89,892.57,44676.0,49041.59,39.111999999993714,23.731999999996333,15.37999999999738,0.6480701162986582
2026-08-18 18:37:00,20210.15,891.76,44676.15,49042.64,40.161999999996624,23.731999999996333,16.43000000000029,0.6923141749537683
2026-08-18 18:38:00,20212.27,890.89,44676.39,49043.7,41.221999999994296,23.721999999997934,17.499999999996362,0.7377118286821468
2026-08-18 18:39:00,20214.82,889.98,44676.84,49045.15,42.67199999999866,23.711999999999534,18.959999999999127,0.7995951417003837
2026-08-18 18:40:00,20214.54,891.44,44676.48,49044.71,42.23199999999633,23.706999999998516,18.524999999997817,0.7814147720082244
2026-08-18 18:41:00,20212.59,893.94,44675.79,49043.31,40.83199999999488,23.701999999997497,17.12999999999738,0.722723820774584
2026-08-18 18:42:00,20213.18,893.55,44675.85,49043.65,41.17199999999866,23.68699999999808,17.485000000000582,0.738168615696458
2026-08-18 18:43:00,20215.89,893.76,44676.3,49045.14,42.661999999996624,23.67199999999866,18.989999999997963,0.802213585670794
2026-08-18 18:44:00,20214.35,895.93,44675.46,49043.76,41.28199999999924,23.666999999997643,17.6150000000016,0.7442852917565959
2026-08-18 18:45:00,20211.92,895.4,44675.64,49042.93,40.4519999999975,23.661999999996624,16.790000000000873,0.7095765362185474
2026-08-18 18:46:00,20209.0,895.93,44675.54,49041.66,39.1820000000007,23.656999999995605,15.525000000005093,0.6562539628865866
2026-08-18 18:47:00,20206.69,897.61,44675.53,49040.72,38.24199999999837,23.651999999994587,14.590000000003783,0.6168611533911349
2026-08-18 18:48:00,20204.46,898.27,44674.51,49038.93,36.4519999999975,23.661999999996624,12.790000000000873,0.5405291184178302
2026-08-18 18:49:00,20205.26,898.17,44675.95,49040.55,38.072000000000116,23.651999999994587,14.42000000000553,0.6096736005415537
2026-08-18 18:50:00,20204.37,899.41,44676.19,49040.43,37.9519999999975,23.641999999996187,14.31000000000131,0.6052787412233998
2026-08-18 18:51:00,20203.93,898.55,44676.62,49040.64,38.161999999996624,23.631999999997788,14.529999999998836,0.6148442789438133
2026-08-18 18:52:00,20205.08,897.94,44676.88,49041.35,38.87199999999575,23.62699999999677,15.244999999998981,0.6452363821052637
2026-08-18 18:53:00,20207.73,898.32,44677.26,49042.77,40.291999999994005,23.631999999997788,16.659999999996217,0.7049763033174414
2026-08-18 18:54:00,20211.91,897.49,44677.97,49045.12,42.641999999999825,23.641999999996187,19.000000000003638,0.8036545131548389
2026-08-18 18:55:00,20214.61,896.63,44678.42,49046.6,44.12199999999575,23.651999999994587,20.470000000001164,0.8654659225437954
2026-08-18 18:56:00,20215.12,894.89,44678.71,49047.05,44.572000000000116,23.661999999996624,20.910000000003492,0.8836953765533968
2026-08-18 18:57:00,20216.02,893.81,44679.46,49048.06,45.58199999999488,23.67199999999866,21.909999999996217,0.9255660696180067
2026-08-18 18:58:00,20215.98,892.32,44679.36,49047.94,45.461999999999534,23.68699999999808,21.775000000001455,0.9192806180606755
2026-08-18 18:59:00,20216.57,891.89,44679.65,49048.43,45.9519999999975,23.701999999997497,22.25,0.9387393468906569
2026-08-18 19:00:00,20216.75,891.49,44679.76,49048.6,46.12199999999575,23.706999999998516,22.414999999997235,0.9455013287214172
2026-08-18 19:01:00,20216.47,891.38,44679.54,49048.27,45.791999999994005,23.711999999999534,22.07999999999447,0.931174089068611
2026-08-18 19:02:00,20216.44,889.58,44679.81,49048.46,45.98199999999633,23.721999999997934,22.2599999999984,0.9383694460838183
2026-08-18 19:03:00,20215.85,887.88,44680.39,49048.72,46.24199999999837,23.731999999996333,22.510000000002037,0.9485083431655787
2026-08-18 19:04:00,20213.5,887.4,44680.45,49047.8,45.322000000000116,23.721999999997934,21.600000000002183,0.9105471714022454
2026-08-18 19:05:00,20210.8,886.46,44680.12,49046.37,43.891999999999825,23.711999999999534,20.18000000000029,0.8510458839406497
2026-08-18 19:06:00,20209.7,886.84,44680.1,49045.93,43.4519999999975,23.721999999997934,19.729999999999563,0.8317173931372263
2026-08-18 19:07:00,20209.02,887.25,44680.08,49045.63,43.15199999999459,23.731999999996333,19.419999999998254,0.8183043991235991
2026-08-18 19:08:00,20205.71,888.61,44679.29,49043.57,41.091999999996915,23.731999999996333,17.360000000000582,0.7315017697624837
2026-08-18 19:09:00,20203.29,890.07,44678.84,49042.22,39.74199999999837,23.731999999996333,16.010000000002037,0.674616551491847
2026-08-18 19:10:00,20201.86,892.07,44678.16,49041.05,38.572000000000116,23.721999999997934,14.850000000002183,0.6260011803390725
2026-08-18 19:11:00,20204.99,889.07,44679.12,49043.19,40.711999999999534,23.711999999999534,17.0,0.7169365721997442
2026-08-18 19:12:00,20209.3,887.61,44679.88,49045.59,43.111999999993714,23.721999999997934,19.38999999999578,0.8173847061798106
2026-08-18 19:13:00,20209.43,891.93,44678.51,49044.45,41.971999999994296,23.731999999996333,18.239999999997963,0.7685825046351248
2026-08-18 19:14:00,20208.06,894.33,44677.59,49043.09,40.611999999993714,23.73699999999735,16.874999999996362,0.710915448455923
2026-08-18 19:15:00,20203.76,894.15,44677.48,49041.26,38.78199999999924,23.731999999996333,15.05000000000291,0.6341648407216095
2026-08-18 19:16:00,20199.9,896.33,44677.46,49039.67,37.19199999999546,23.721999999997934,13.469999999997526,0.5678273332770719
2026-08-18 19:17:00,20193.93,895.32,44677.36,49037.15,34.67199999999866,23.711999999999534,10.959999999999127,0.4622132253710924
2026-08-18 19:18:00,20192.14,894.08,44678.2,49037.18,34.7019999999975,23.721999999997934,10.979999999999563,0.4628614787960762
2026-08-18 19:19:00,20191.35,897.05,44677.8,49036.51,34.03199999999924,23.731999999996333,10.30000000000291,0.43401314680619
2026-08-18 19:20:00,20191.67,899.89,44677.33,49036.3,33.822000000000116,23.73699999999735,10.085000000002765,0.4248641361589034
2026-08-18 19:21:00,20194.64,899.77,44677.92,49038.05,35.572000000000116,23.731999999996333,11.840000000003783,0.49890443283354174
2026-08-18 19:22:00,20196.22,901.29,44677.83,49038.61,36.13199999999779,23.721999999997934,12.409999999999854,0.5231430739398422
2026-08-18 19:23:00,20199.11,902.75,44677.5,49039.54,37.06199999999808,23.731999999996333,13.330000000001746,0.561688858924819
2026-08-18 19:24:00,20204.13,902.97,44678.01,49042.05,39.572000000000116,23.721999999997934,15.850000000002183,0.6681561419780611
2026-08-18 19:25:00,20204.32,906.36,44676.92,49041.16,38.6820000000007,23.731999999996333,14.950000000004366,0.6299511208497672
2026-08-18 19:26:00,20204.3,906.37,44676.57,49040.84,38.361999999993714,23.73699999999735,14.624999999996362,0.6161267219951129
2026-08-18 19:27:00,20203.59,905.27,44677.09,49041.01,38.53199999999924,23.74199999999837,14.790000000000873,0.6229466767754144
2026-08-18 19:28:00,20203.88,902.73,44678.49,49042.4,39.92199999999866,23.75199999999677,16.17000000000189,0.6807847760190338
2026-08-18 19:29:00,20204.07,902.99,44679.15,49043.05,40.572000000000116,23.74199999999837,16.830000000001746,0.7088703563306756
2026-08-18 19:30:00,20204.41,903.9,44678.99,49043.05,40.572000000000116,23.73699999999735,16.835000000002765,0.7092303155413339
2026-08-18 19:31:00,20204.02,905.53,44678.76,49042.71,40.23199999999633,23.74199999999837,16.489999999997963,0.6945497430713122
2026-08-18 19:32:00,20203.75,905.28,44679.25,49043.05,40.572000000000116,23.75199999999677,16.820000000003347,0.7081508925566535
2026-08-18 19:33:00,20203.15,905.43,44679.62,49043.15,40.67199999999866,23.76199999999517,16.910000000003492,0.7116404343071682
2026-08-18 19:34:00,20203.36,907.64,44679.51,49043.15,40.67199999999866,23.766999999996187,16.905000000002474,0.711280346699423
2026-08-18 19:35:00,20204.97,908.49,44679.72,49044.01,41.53199999999924,23.771999999997206,17.760000000002037,0.7470974255428288
2026-08-18 19:36:00,20203.49,910.28,44679.13,49042.91,40.4320000000007,23.791999999997643,16.640000000003056,0.6993947545395387
2026-08-18 19:37:00,20202.45,910.08,44679.36,49042.68,40.2019999999975,23.81199999999808,16.389999999999418,0.6883084159247749
2026-08-18 19:38:00,20202.3,909.78,44680.22,49043.41,40.9320000000007,23.82199999999648,17.11000000000422,0.7182436403327491
2026-08-18 19:39:00,20200.86,911.86,44680.11,49042.77,40.291999999994005,23.831999999994878,16.459999999999127,0.690668009399239
2026-08-18 19:40:00,20200.86,912.79,44680.18,49042.85,40.37199999999575,23.846999999994296,16.525000000001455,0.6929592820902172
2026-08-18 19:41:00,20201.65,913.48,44680.18,49043.19,40.711999999999534,23.861999999993714,16.85000000000582,0.7061436593751681
2026-08-18 19:42:00,20202.26,913.56,44680.26,49043.51,41.03199999999924,23.87699999999677,17.155000000002474,0.7184738451231224
2026-08-18 19:43:00,20203.49,914.59,44680.28,49044.04,41.56199999999808,23.891999999999825,17.669999999998254,0.7395781014564868
2026-08-18 19:44:00,20203.81,914.78,44680.48,49044.35,41.87199999999575,23.912000000000262,17.95999999999549,0.7510873201737743
2026-08-18 19:45:00,20204.91,913.18,44680.51,49044.79,42.31199999999808,23.9320000000007,18.37999999999738,0.7680093598527847
2026-08-18 19:46:00,20204.73,911.99,44680.85,49045.0,42.521999999997206,23.947000000000116,18.57499999999709,0.7756712740634317
2026-08-18 19:47:00,20204.63,911.86,44681.25,49045.33,42.85199999999895,23.961999999999534,18.889999999999418,0.7883315249144389
2026-08-18 19:48:00,20203.43,911.55,44681.41,49044.96,42.48199999999633,23.971999999997934,18.5099999999984,0.7721508426497579
2026-08-18 19:49:00,20202.16,910.07,44681.76,49044.76,42.28199999999924,23.981999999996333,18.30000000000291,0.7630723042284092
2026-08-18 19:50:00,20200.59,909.97,44682.18,49044.49,42.01199999999517,24.031999999995605,17.979999999999563,0.7481691078563104
2026-08-18 19:51:00,20198.47,909.09,44682.78,49044.18,41.7019999999975,24.081999999994878,17.62000000000262,0.7316668050828987
2026-08-18 19:52:00,20196.82,906.77,44684.72,49045.23,42.75200000000041,24.096999999994296,18.655000000006112,0.7741627588500862
2026-08-18 19:53:00,20193.87,907.28,44685.02,49044.3,41.822000000000116,24.111999999993714,17.710000000006403,0.7344890510953476
2026-08-18 19:54:00,20193.74,907.03,44685.21,49044.42,41.94199999999546,24.12199999999575,17.81999999999971,0.7387447143687442
2026-08-18 19:55:00,20193.5,906.94,44685.41,49044.49,42.01199999999517,24.131999999997788,17.87999999999738,0.740924912978577
2026-08-18 19:56:00,20193.29,906.85,44685.39,49044.4,41.92199999999866,24.136999999998807,17.784999999999854,0.7368355636574857
2026-08-18 19:57:00,20192.94,905.61,44685.88,49044.69,42.211999999999534,24.141999999999825,18.06999999999971,0.7484881120039698
2026-08-18 19:58:00,20191.17,903.57,44686.29,49044.3,41.822000000000116,24.162000000000262,17.659999999999854,0.7308997599536323
2026-08-18 19:59:00,20188.79,902.56,44686.69,49043.67,41.19199999999546,24.1820000000007,17.00999999999476,0.7034157637910128
2026-08-18 20:00:00,20184.99,902.04,44687.32,49042.67,40.19199999999546,24.217000000000553,15.974999999994907,0.6596605690215362
2026-08-18 20:01:00,20180.67,900.61,44687.78,49041.33,38.85199999999895,24.252000000000407,14.599999999998545,0.6020122051788842
2026-08-18 20:02:00,20177.85,900.63,44688.58,49040.9,38.42199999999866,24.252000000000407,14.169999999998254,0.5842817087249718
2026-08-18 20:03:00,20175.51,902.98,44688.75,49040.13,37.65199999999459,24.252000000000407,13.39999999999418,0.552531749958517
2026-08-18 20:04:00,20172.35,905.74,44687.92,49038.12,35.641999999999825,24.252000000000407,11.389999999999418,0.46965198746491943
2026-08-18 20:05:00,20168.89,907.11,44687.12,49036.02,33.541999999994005,24.252000000000407,9.289999999993597,0.38306119082935186
2026-08-18 20:06:00,20164.76,908.41,44687.53,49034.73,32.25200000000041,24.256999999997788,7.995000000002619,0.32959558065726796
2026-08-18 20:07:00,20160.41,909.69,44686.89,49032.39,29.911999999996624,24.26199999999517,5.650000000001455,0.23287445387859948
2026-08-18 20:08:00,20155.36,916.01,44685.74,49029.39,26.911999999996624,24.266999999996187,2.6450000000004366,0.10899575555284345
2026-08-18 20:09:00,20153.92,920.48,44685.16,49028.37,25.891999999999825,24.271999999997206,1.6200000000026193,0.06674357284124942
2026-08-18 20:10:00,20153.41,921.37,44684.97,49028.01,25.531999999999243,24.271999999997206,1.2600000000020373,0.05191166776541621
2026-08-18 20:11:00,20151.88,924.52,44684.57,49027.09,24.611999999993714,24.271999999997206,0.33999999999650754,0.014007910349231488
2026-08-18 20:12:00,20150.43,924.87,44684.91,49026.82,24.341999999996915,24.301999999996042,0.040000000000873115,0.0016459550654629096
2026-08-18 20:13:00,20148.67,925.8,44685.58,49026.73,24.252000000000407,24.331999999994878,-0.07999999999447027,0.0032878513888906424
2026-08-18 20:14:00,20144.86,928.25,44685.81,49025.43,22.951999999997497,24.336999999995896,-1.3849999999983993,0.05690923285526699
2026-08-18 20:15:00,20141.54,930.93,44686.0,49024.29,21.81199999999808,24.341999999996915,-2.529999999998836,0.10393558458627707
2026-08-18 20:16:00,20138.77,934.58,44685.98,49023.22,20.74199999999837,24.346999999997934,-3.6049999999995634,0.1480675237195494
2026-08-18 20:17:00,20137.8,937.4,44685.98,49022.89,20.411999999996624,24.351999999998952,-3.9400000000023283,0.16179369250995804
2026-08-18 20:18:00,20137.34,938.91,44686.18,49022.91,20.4320000000007,24.36199999999735,-3.929999999996653,0.16131680485990807
2026-08-18 20:19:00,20135.72,941.1,44686.53,49022.6,20.12199999999575,24.37199999999575,-4.25,0.17438043656658217
2026-08-18 20:20:00,20134.64,943.33,44686.85,49022.5,20.021999999997206,24.38699999999517,-4.364999999997963,0.1789888055110849
2026-08-18 20:21:00,20134.61,946.03,44686.96,49022.64,20.161999999996624,24.401999999994587,-4.239999999997963,0.17375624948770196
2026-08-18 20:22:00,20134.05,948.27,44686.71,49022.22,19.74199999999837,24.406999999995605,-4.664999999997235,0.1911336911540982
2026-08-18 20:23:00,20133.68,950.91,44686.76,49022.16,19.6820000000007,24.411999999996624,-4.7299999999959255,0.1937571686054637
2026-08-18 20:24:00,20135.2,953.98,44686.43,49022.55,20.072000000000116,24.44699999999648,-4.374999999996362,0.17895856342279184
2026-08-18 20:25:00,20137.05,956.27,44686.3,49023.23,20.752000000000407,24.481999999996333,-3.7299999999959255,0.15235683359188318
2026-08-18 20:26:00,20139.2,956.1,44686.83,49024.6,22.12199999999575,24.48699999999735,-2.3650000000016007,0.09658185976239868
2026-08-18 20:27:00,20141.81,954.6,44688.04,49026.73,24.252000000000407,24.49199999999837,-0.23999999999796273,0.009799118079290327
2026-08-18 20:28:00,20143.19,953.99,44688.62,49027.8,25.322000000000116,24.49199999999837,0.8300000000017462,0.033888616691238015
2026-08-18 20:29:00,20144.35,953.89,44688.94,49028.55,26.072000000000116,24.49199999999837,1.5800000000017462,0.06451086068928023
2026-08-18 20:30:00,20145.64,953.77,44688.88,49029.02,26.541999999994005,24.49699999999939,2.044999999994616,0.08347960974791471
2026-08-18 20:31:00,20147.01,954.02,44689.28,49029.94,27.461999999999534,24.502000000000407,2.959999999999127,0.12080646477834779
2026-08-18 20:32:00,20146.66,954.32,44689.36,49029.88,27.401999999994587,24.516999999999825,2.8849999999947613,0.11767345107455161
2026-08-18 20:33:00,20146.3,954.93,44689.52,49029.88,27.401999999994587,24.531999999999243,2.8699999999953434,0.11699005380708592
2026-08-18 20:34:00,20147.2,957.78,44688.92,49029.75,27.271999999997206,24.531999999999243,2.7399999999979627,0.11169085276365756
2026-08-18 20:35:00,20148.95,958.39,44688.85,49030.41,27.9320000000007,24.531999999999243,3.400000000001455,0.13859448883097833
2026-08-18 20:36:00,20149.05,960.28,44688.28,49029.97,27.49199999999837,24.541999999997643,2.9500000000007276,0.12020210251817337
2026-08-18 20:37:00,20150.71,963.72,44687.48,49029.99,27.51199999999517,24.551999999996042,2.959999999999127,0.12056044314107217
2026-08-18 20:38:00,20154.76,968.24,44686.26,49030.62,28.141999999999825,24.55699999999706,3.585000000002765,0.14598688764927287
2026-08-18 20:39:00,20157.11,971.53,44685.08,49030.55,28.072000000000116,24.56199999999808,3.5100000000020373,0.14290367233948018
2026-08-18 20:40:00,20159.36,974.21,44683.98,49030.52,28.041999999994005,24.56199999999808,3.4799999999959255,0.1416822734303476
2026-08-18 20:41:00,20161.95,976.94,44683.26,49030.96,28.481999999996333,24.56199999999808,3.9199999999982538,0.15959612409407054
2026-08-18 20:42:00,20166.2,979.44,44682.43,49031.99,29.51199999999517,24.586999999995896,4.924999999999272,0.20030910643836558
2026-08-18 20:43:00,20171.19,980.25,44681.79,49033.46,30.981999999996333,24.611999999993714,6.370000000002619,0.25881683731530336
2026-08-18 20:44:00,20179.3,977.94,44681.64,49036.6,34.12199999999575,24.611999999993714,9.510000000002037,0.38639687957112245
2026-08-18 20:45:00,20186.89,973.85,44681.63,49039.61,37.13199999999779,24.611999999993714,12.520000000004075,0.5086949455553093
2026-08-18 20:46:00,20194.88,967.75,44682.39,49043.43,40.9519999999975,24.611999999993714,16.340000000003783,0.6639037867710043
2026-08-18 20:47:00,20200.16,961.5,44683.25,49046.26,43.78199999999924,24.611999999993714,19.17000000000553,0.7788883471481565
2026-08-18 20:48:00,20207.6,956.7,44684.22,49050.1,47.62199999999575,24.62199999999575,23.0,0.9341239541874734
2026-08-18 20:49:00,20212.63,951.23,44684.2,49052.0,49.521999999997206,24.631999999997788,24.889999999999418,1.0104741799286154
2026-08-18 20:50:00,20215.71,947.42,44684.2,49053.2,50.721999999994296,24.636999999998807,26.08499999999549,1.0587733896171105
2026-08-18 20:51:00,20219.82,941.03,44685.03,49055.55,53.072000000000116,24.641999999999825,28.43000000000029,1.1537212888564439
2026-08-18 20:52:00,20224.37,934.65,44685.97,49058.13,55.65199999999459,24.726999999998952,30.924999999995634,1.2506571763657923
2026-08-18 20:53:00,20227.04,929.23,44686.79,49059.85,57.37199999999575,24.81199999999808,32.55999999999767,1.3122682572948652
2026-08-18 20:54:00,20226.8,925.29,44687.12,49059.96,57.48199999999633,24.82199999999648,32.659999999999854,1.3157682700831717
2026-08-18 20:55:00,20225.64,920.88,44687.56,49059.8,57.322000000000116,24.831999999994878,32.49000000000524,1.3083923969076974
2026-08-18 20:56:00,20224.68,916.39,44688.44,49060.14,57.661999999996624,24.841999999996915,32.81999999999971,1.321149665888567
2026-08-18 20:57:00,20223.92,913.53,44688.92,49060.21,57.73199999999633,24.851999999998952,32.87999999999738,1.3230323515209548
2026-08-18 20:58:00,20222.22,911.41,44688.84,49059.42,56.94199999999546,24.851999999998952,32.08999999999651,1.2912441654594342
2026-08-18 20:59:00,20218.41,907.81,44689.41,49058.3,55.822000000000116,24.851999999998952,30.970000000001164,1.2461773700306804
2026-08-18 21:00:00,20214.92,907.93,44689.07,49056.57,54.091999999996915,24.856999999996333,29.235000000000582,1.1761274490085245
2026-08-18 21:01:00,20213.54,905.26,44689.17,49056.05,53.572000000000116,24.861999999993714,28.710000000006403,1.154774354437039
2026-08-18 21:02:00,20208.9,906.53,44688.47,49053.55,51.072000000000116,24.861999999993714,26.210000000006403,1.0542192904839929
2026-08-18 21:03:00,20204.35,909.01,44687.13,49050.52,48.041999999994005,24.861999999993714,23.18000000000029,0.9323465529726551
2026-08-18 21:04:00,20200.96,911.33,44686.02,49048.16,45.6820000000007,24.87699999999677,20.80500000000393,0.8363146681676501
2026-08-18 21:05:00,20197.29,914.73,44684.58,49045.41,42.9320000000007,24.891999999999825,18.040000000000873,0.7247308372168166
2026-08-18 21:06:00,20194.07,917.29,44683.5,49043.15,40.67199999999866,24.896999999997206,15.775000000001455,0.633610475157779
2026-08-18 21:07:00,20191.26,920.13,44682.5,49041.16,38.6820000000007,24.901999999994587,13.780000000006112,0.5533692072929527
2026-08-18 21:08:00,20188.26,923.93,44681.43,49039.02,36.541999999994005,24.956999999994878,11.584999999999127,0.4641984212846698
2026-08-18 21:09:00,20185.36,927.04,44680.55,49037.08,34.60199999999895,25.01199999999517,9.590000000003783,0.38341596033926256
2026-08-18 21:10:00,20182.78,930.74,44679.85,49035.47,32.99199999999837,25.021999999997206,7.970000000001164,0.31851970266173985
2026-08-18 21:11:00,20179.83,935.71,44678.45,49033.09,30.611999999993714,25.031999999999243,5.57999999999447,0.2229146692231799
2026-08-18 21:12:00,20177.27,941.07,44677.19,49030.99,28.51199999999517,25.036999999996624,3.474999999998545,0.13879458401561742
2026-08-18 21:13:00,20175.12,945.44,44675.99,49029.12,26.641999999999825,25.041999999994005,1.6000000000058208,0.06389266033089225
2026-08-18 21:14:00,20174.02,949.76,44674.74,49027.62,25.141999999999825,25.06699999999546,0.07500000000436557,0.002991981489782549
2026-08-18 21:15:00,20174.02,953.41,44673.83,49026.85,24.37199999999575,25.091999999996915,-0.7200000000011642,0.028694404591154656
2026-08-18 21:16:00,20174.43,955.84,44673.11,49026.41,23.9320000000007,25.11199999999735,-1.179999999996653,0.046989487097673525
2026-08-18 21:17:00,20175.01,956.86,44672.78,49026.37,23.891999999999825,25.131999999997788,-1.2399999999979627,0.04933948750589177
2026-08-18 21:18:00,20176.03,957.7,44672.55,49026.59,24.111999999993714,25.136999999998807,-1.0250000000050932,0.04077654453614758
2026-08-18 21:19:00,20177.87,958.07,44672.54,49027.34,24.861999999993714,25.141999999999825,-0.2800000000061118,0.011136743298310148
2026-08-18 21:20:00,20180.51,957.52,44672.95,49028.8,26.322000000000116,25.141999999999825,1.180000000000291,0.04693341818472274
2026-08-18 21:21:00,20182.89,956.32,44673.32,49030.07,27.591999999996915,25.141999999999825,2.4499999999970896,0.09744650385797099
2026-08-18 21:22:00,20185.47,954.59,44673.61,49031.36,28.881999999997788,25.146999999997206,3.735000000000582,0.1485266632203045
2026-08-18 21:23:00,20187.2,952.33,44674.02,49032.4,29.92199999999866,25.151999999994587,4.7700000000040745,0.18964694656508832
2026-08-18 21:24:00,20189.45,949.53,44674.9,49034.07,31.591999999996915,25.166999999997643,6.424999999999272,0.25529463185917567
2026-08-18 21:25:00,20191.16,947.36,44675.73,49035.48,33.00200000000041,25.1820000000007,7.819999999999709,0.3105392740846435
2026-08-18 21:26:00,20191.85,945.6,44676.09,49036.03,33.55199999999604,25.252000000000407,8.299999999995634,0.3286868366860249
2026-08-18 21:27:00,20192.14,944.17,44676.32,49036.35,33.87199999999575,25.322000000000116,8.549999999995634,0.33765105441890825
2026-08-18 21:28:00,20192.74,942.05,44676.78,49036.98,34.50200000000041,25.336999999999534,9.165000000000873,0.36172396100568505
2026-08-18 21:29:00,20192.42,940.31,44677.12,49037.12,34.641999999999825,25.351999999998952,9.290000000000873,0.36644051751346074
2026-08-18 21:30:00,20192.52,939.33,44677.24,49037.24,34.76199999999517,25.36199999999735,9.399999999997817,0.3706332308177115
2026-08-18 21:31:00,20192.81,939.04,44677.11,49037.23,34.75200000000041,25.37199999999575,9.380000000004657,0.3696988806560865
2026-08-18 21:32:00,20193.16,938.64,44677.01,49037.29,34.81199999999808,25.416999999997643,9.395000000000437,0.3696344965968174
2026-08-18 21:33:00,20193.77,938.31,44676.77,49037.31,34.83199999999488,25.461999999999534,9.369999999995343,0.367999371612423
2026-08-18 21:34:00,20193.84,937.59,44676.43,49037.01,34.53199999999924,25.461999999999534,9.069999999999709,0.35621710784698274
2026-08-18 21:35:00,20193.57,935.99,44676.25,49036.7,34.221999999994296,25.461999999999534,8.759999999994761,0.3440421019556563
2026-08-18 21:36:00,20192.83,934.39,44676.29,49036.41,33.9320000000007,25.471999999997934,8.460000000002765,0.3321293969850601
2026-08-18 21:37:00,20192.17,932.65,44676.44,49036.25,33.771999999997206,25.481999999996333,8.290000000000873,0.325327682285616
2026-08-18 21:38:00,20192.63,931.5,44676.43,49036.4,33.92199999999866,25.506999999997788,8.415000000000873,0.329909436625303
2026-08-18 21:39:00,20193.01,930.52,44676.17,49036.3,33.822000000000116,25.531999999999243,8.290000000000873,0.3246905843647626
2026-08-18 21:40:00,20194.44,929.39,44676.04,49036.76,34.28199999999924,25.591999999996915,8.690000000002328,0.33955923726177617
2026-08-18 21:41:00,20195.11,929.25,44675.58,49036.61,34.13199999999779,25.651999999994587,8.480000000003201,0.3305785123968888
2026-08-18 21:42:00,20196.62,929.06,44675.44,49037.11,34.63199999999779,25.661999999996624,8.970000000001164,0.3495440729484196
2026-08-18 21:43:00,20198.68,927.98,44675.4,49037.9,35.42199999999866,25.67199999999866,9.75,0.3797912122156633
2026-08-18 21:44:00,20201.88,924.44,44676.79,49040.4,37.92199999999866,25.716999999996915,12.205000000001746,0.4745887934052654
2026-08-18 21:45:00,20202.01,919.84,44677.8,49041.28,38.80199999999604,25.76199999999517,13.040000000000873,0.5061718810652636
2026-08-18 21:46:00,20201.61,915.82,44678.88,49042.04,39.56199999999808,25.801999999996042,13.760000000002037,0.5332919928689306
2026-08-18 21:47:00,20201.19,913.61,44679.52,49042.42,39.94199999999546,25.841999999996915,14.099999999998545,0.5456234037613276
2026-08-18 21:48:00,20200.75,912.51,44679.63,49042.31,39.83199999999488,25.86699999999837,13.964999999996508,0.5398770634398031
2026-08-18 21:49:00,20199.48,911.76,44679.66,49041.79,39.31199999999808,25.891999999999825,13.419999999998254,0.5183068129151223
2026-08-18 21:50:00,20198.29,911.95,44679.45,49041.12,38.641999999999825,25.92199999999866,12.720000000001164,0.49070287786443256
2026-08-18 21:51:00,20197.04,912.22,44679.25,49040.43,37.9519999999975,25.951999999997497,12.0,0.4623921085080594
2026-08-18 21:52:00,20195.7,912.39,44679.27,49039.91,37.4320000000007,25.951999999997497,11.480000000003201,0.44235511713950015
2026-08-18 21:53:00,20194.67,912.39,44679.23,49039.46,36.98199999999633,25.951999999997497,11.029999999998836,0.42501541307027974
2026-08-18 21:54:00,20193.39,913.26,44678.99,49038.71,36.23199999999633,25.976999999998952,10.25499999999738,0.39477229857172863
2026-08-18 21:55:00,20191.57,913.88,44678.63,49037.67,35.19199999999546,26.002000000000407,9.189999999995052,0.35343435120355776
2026-08-18 21:56:00,20189.86,914.95,44678.59,49036.94,34.461999999999534,26.037000000000262,8.424999999999272,0.32357798517491215
2026-08-18 21:57:00,20188.01,917.33,44677.93,49035.63,33.15199999999459,26.072000000000116,7.07999999999447,0.2715556919298266
2026-08-18 21:58:00,20187.14,919.28,44677.28,49034.74,32.26199999999517,26.081999999998516,6.179999999996653,0.23694501955360037
2026-08-18 21:59:00,20186.56,920.76,44676.96,49034.23,31.752000000000407,26.091999999996915,5.6600000000034925,0.21692472788610156
2026-08-18 22:00:00,20185.83,921.38,44676.88,49033.86,31.381999999997788,26.091999999996915,5.290000000000873,0.20274413613373826
2026-08-18 22:01:00,20184.66,921.98,44676.74,49033.27,30.791999999994005,26.091999999996915,4.69999999999709,0.18013184117728212
2026-08-18 22:02:00,20183.82,921.36,44676.98,49033.15,30.67199999999866,26.11199999999735,4.56000000000131,0.17463235294124435
2026-08-18 22:03:00,20182.65,921.79,44677.1,49032.76,30.281999999999243,26.131999999997788,4.150000000001455,0.15880912291450353
2026-08-18 22:04:00,20182.28,922.4,44676.87,49032.4,29.92199999999866,26.161999999996624,3.7600000000020373,0.14371989909038002
2026-08-18 22:05:00,20180.55,923.82,44676.48,49031.37,28.891999999999825,26.19199999999546,2.7000000000043656,0.10308491142351991
2026-08-18 22:06:00,20180.44,924.21,44676.31,49031.19,28.711999999999534,26.19699999999648,2.515000000003056,0.09600335916339253
2026-08-18 22:07:00,20179.75,924.27,44676.35,49030.94,28.461999999999534,26.201999999997497,2.2600000000020373,0.08625295778956771
2026-08-18 22:08:00,20179.09,925.18,44676.27,49030.62,28.141999999999825,26.216999999996915,1.9250000000029104,0.07342563985212408
2026-08-18 22:09:00,20178.25,926.04,44675.95,49030.0,27.521999999997206,26.231999999996333,1.2900000000008731,0.04917657822510878
2026-08-18 22:10:00,20177.16,926.9,44675.74,49029.38,26.901999999994587,26.24199999999837,0.6599999999962165,0.025150522063724468
2026-08-18 22:11:00,20176.42,927.87,44675.49,49028.86,26.381999999997788,26.252000000000407,0.12999999999738066,0.004952003656764385
2026-08-18 22:12:00,20175.31,929.12,44675.14,49028.13,25.651999999994587,26.252000000000407,-0.6000000000058208,0.022855401493440935
2026-08-18 22:13:00,20175.21,931.02,44674.84,49027.85,25.37199999999575,26.252000000000407,-0.8800000000046566,0.03352125552356555
2026-08-18 22:14:00,20175.82,932.25,44674.64,49027.94,25.461999999999534,26.256999999997788,-0.7949999999982538,0.03027764024825078
2026-08-18 22:15:00,20175.34,933.4,44674.38,49027.52,25.041999999994005,26.26199999999517,-1.2200000000011642,0.04645495392587726
2026-08-18 22:16:00,20175.72,934.5,44674.33,49027.66,25.1820000000007,26.271999999997206,-1.0899999999965075,0.04148903775870217
2026-08-18 22:17:00,20175.75,935.0,44674.26,49027.62,25.141999999999825,26.281999999999243,-1.139999999999418,0.043375694391577915
2026-08-18 22:18:00,20177.04,934.28,44674.59,49028.43,25.951999999997497,26.30199999999968,-0.3500000000021828,0.01330697285385853
2026-08-18 22:19:00,20177.86,932.74,44675.0,49029.12,26.641999999999825,26.322000000000116,0.31999999999970896,0.012157130917092453
2026-08-18 22:20:00,20176.93,931.52,44675.36,49029.05,26.572000000000116,26.322000000000116,0.25,0.009497758528987117
2026-08-18 22:21:00,20176.42,930.64,44675.79,49029.21,26.731999999996333,26.322000000000116,0.4099999999962165,0.015576323987395132
2026-08-18 22:22:00,20176.25,930.57,44675.95,49029.28,26.801999999996042,26.322000000000116,0.47999999999592546,0.01823569637550047
2026-08-18 22:23:00,20176.15,931.0,44675.88,49029.19,26.711999999999534,26.322000000000116,0.3899999999994179,0.014816503305197789
2026-08-18 22:24:00,20176.43,930.9,44676.0,49029.4,26.92199999999866,26.346999999997934,0.5750000000007276,0.02182411659774444
2026-08-18 22:25:00,20175.95,930.26,44676.16,49029.34,26.861999999993714,26.37199999999575,0.48999999999796273,0.018580312452526986
2026-08-18 22:26:00,20175.36,929.51,44676.48,49029.38,26.901999999994587,26.37199999999575,0.5299999999988358,0.020097072652772684
2026-08-18 22:27:00,20175.02,929.6,44676.59,49029.33,26.851999999998952,26.37199999999575,0.4800000000032014,0.018201122402672486
2026-08-18 22:28:00,20174.33,930.32,44676.46,49028.95,26.471999999994296,26.37699999999677,0.09499999999752617,0.003601622625679107
2026-08-18 22:29:00,20172.97,932.25,44675.96,49027.96,25.481999999996333,26.381999999997788,-0.9000000000014552,0.03411416875147944
2026-08-18 22:30:00,20172.21,933.86,44675.52,49027.29,24.81199999999808,26.381999999997788,-1.569999999999709,0.05951027215525133
2026-08-18 22:31:00,20172.17,934.71,44675.32,49027.09,24.611999999993714,26.381999999997788,-1.7700000000040745,0.0670911985446222
2026-08-18 22:32:00,20171.62,935.45,44675.3,49026.89,24.411999999996624,26.391999999996187,-1.9799999999995634,0.07502273416186153
2026-08-18 22:33:00,20172.65,935.05,44675.64,49027.61,25.131999999997788,26.401999999994587,-1.2699999999967986,0.048102416483488335
2026-08-18 22:34:00,20172.28,935.09,44675.56,49027.38,24.901999999994587,26.411999999996624,-1.5100000000020373,0.05717098288665116
2026-08-18 22:35:00,20171.85,934.5,44675.71,49027.33,24.851999999998952,26.42199999999866,-1.569999999999709,0.05942018015289488
2026-08-18 22:36:00,20171.26,934.01,44675.98,49027.33,24.851999999998952,26.43199999999706,-1.5799999999981083,0.05977602905562515
2026-08-18 22:37:00,20170.79,934.04,44675.94,49027.11,24.631999999997788,26.44199999999546,-1.8099999999976717,0.06845170561977092
2026-08-18 22:38:00,20170.51,933.77,44675.93,49026.98,24.502000000000407,26.44699999999648,-1.944999999996071,0.07354331304103792
2026-08-18 22:39:00,20170.25,933.36,44676.11,49027.03,24.551999999996042,26.451999999997497,-1.9000000000014552,0.07182821714810354
2026-08-18 22:40:00,20170.26,933.33,44676.18,49027.09,24.611999999993714,26.461999999995896,-1.8500000000021828,0.06991157130989606
2026-08-18 22:41:00,20171.88,931.96,44676.63,49028.15,25.67199999999866,26.471999999994296,-0.7999999999956344,0.030220610456172817
2026-08-18 22:42:00,20172.63,930.68,44676.95,49028.73,26.252000000000407,26.476999999995314,-0.22499999999490683,0.008497941609508126
2026-08-18 22:43:00,20172.85,929.83,44677.08,49028.9,26.42199999999866,26.481999999996333,-0.059999999997671694,0.0022656899024877278
2026-08-18 22:44:00,20172.98,928.7,44677.42,49029.24,26.76199999999517,26.48699999999735,0.2749999999978172,0.010382451768710867
2026-08-18 22:45:00,20172.88,928.18,44677.61,49029.36,26.881999999997788,26.49199999999837,0.3899999999994179,0.014721425335929409
2026-08-18 22:46:00,20172.99,927.94,44677.56,49029.37,26.891999999999825,26.516999999996187,0.375000000003638,0.014141871252543346
2026-08-18 22:47:00,20173.47,928.34,44677.35,49029.39,26.911999999996624,26.541999999994005,0.37000000000261934,0.013940170296236265
2026-08-18 22:48:00,20174.38,928.23,44677.12,49029.55,27.072000000000116,26.541999999994005,0.5300000000061118,0.01996835204604896
2026-08-18 22:49:00,20175.26,928.18,44676.96,49029.75,27.271999999997206,26.541999999994005,0.7300000000032014,0.0275035792330407
2026-08-18 22:50:00,20176.71,927.91,44676.9,49030.29,27.81199999999808,26.546999999995023,1.265000000003056,0.04765133536758553
2026-08-18 22:51:00,20178.47,927.45,44676.85,49030.94,28.461999999999534,26.551999999996042,1.9100000000034925,0.07193431756567405
2026-08-18 22:52:00,20179.44,927.08,44676.73,49031.23,28.752000000000407,26.56199999999808,2.1900000000023283,0.08244861079747333
2026-08-18 22:53:00,20180.36,926.12,44676.89,49031.74,29.26199999999517,26.572000000000116,2.6899999999950523,0.10123438205611322
2026-08-18 22:54:00,20180.17,925.56,44676.86,49031.62,29.141999999999825,26.60699999999997,2.5349999999998545,0.09527567933250111
2026-08-18 22:55:00,20178.35,923.57,44677.13,49031.08,28.601999999998952,26.641999999999825,1.9599999999991269,0.07356805044663087
2026-08-18 22:56:00,20175.59,922.3,44677.49,49030.27,27.791999999994005,26.641999999999825,1.1499999999941792,0.043164927557772945
2026-08-18 22:57:00,20174.91,922.17,44677.76,49030.24,27.76199999999517,26.641999999999825,1.1199999999953434,0.0420388859693473
2026-08-18 22:58:00,20174.49,923.14,44677.61,49029.94,27.461999999999534,26.641999999999825,0.819999999999709,0.030778470084817745
2026-08-18 22:59:00,20174.71,924.45,44677.17,49029.66,27.1820000000007,26.641999999999825,0.5400000000008731,0.020268748592480918
2026-08-18 23:00:00,20175.27,925.67,44676.76,49029.54,27.06199999999808,26.641999999999825,0.41999999999825377,0.015764582238505236
2026-08-18 23:01:00,20176.2,925.55,44676.61,49029.78,27.301999999996042,26.641999999999825,0.6599999999962165,0.0247729149461835
2026-08-18 23:02:00,20175.77,926.18,44676.48,49029.48,27.002000000000407,26.641999999999825,0.3600000000005821,0.013512499061653947
2026-08-18 23:03:00,20175.74,927.21,44676.22,49029.25,26.771999999997206,26.641999999999825,0.12999999999738066,0.004879513549935497
2026-08-18 23:04:00,20174.82,927.22,44676.05,49028.74,26.26199999999517,26.651999999998225,-0.3900000000030559,0.014633048176612708
2026-08-18 23:05:00,20174.04,927.64,44676.32,49028.67,26.19199999999546,26.661999999996624,-0.47000000000116415,0.017628084914905997
2026-08-18 23:06:00,20173.8,927.99,44676.32,49028.57,26.091999999996915,26.666999999997643,-0.5750000000007276,0.021562230472148287
2026-08-18 23:07:00,20171.7,928.88,44675.94,49027.37,24.891999999999825,26.67199999999866,-1.7799999999988358,0.06673665266942581
2026-08-18 23:08:00,20170.45,930.2,44675.64,49026.62,24.141999999999825,26.67699999999968,-2.5349999999998545,0.09502567754994508
2026-08-18 23:09:00,20170.75,931.13,44675.77,49026.88,24.401999999994587,26.6820000000007,-2.280000000006112,0.08545086575241931
2026-08-18 23:10:00,20170.07,931.6,44675.6,49026.46,23.981999999996333,26.6820000000007,-2.7000000000043656,0.1011918147067047
2026-08-18 23:11:00,20169.67,931.62,44675.62,49026.31,23.831999999994878,26.6820000000007,-2.8500000000058208,0.10681358219045597
2026-08-18 23:12:00,20169.42,931.81,44675.59,49026.19,23.711999999999534,26.68699999999808,-2.974999999998545,0.1114774984074178
2026-08-18 23:13:00,20169.97,931.48,44675.86,49026.66,24.1820000000007,26.69199999999546,-2.5099999999947613,0.0940356661170084
2026-08-18 23:14:00,20170.5,931.47,44675.97,49026.97,24.49199999999837,26.69699999999648,-2.2049999999981083,0.08259354983700037
2026-08-18 23:15:00,20171.73,931.18,44675.99,49027.49,25.01199999999517,26.701999999997497,-1.6900000000023283,0.06329113924059945
2026-08-18 23:16:00,20171.9,930.97,44675.76,49027.34,24.861999999993714,26.706999999998516,-1.8450000000048021,0.06908301194461769
2026-08-18 23:17:00,20171.85,931.11,44675.42,49027.04,24.56199999999808,26.711999999999534,-2.150000000001455,0.0804881701108675
2026-08-18 23:18:00,20172.31,931.36,44675.13,49026.96,24.481999999996333,26.711999999999534,-2.2300000000032014,0.08348307876621894
2026-08-18 23:19:00,20172.82,931.11,44674.97,49027.01,24.531999999999243,26.711999999999534,-2.180000000000291,0.08161126085655619
2026-08-18 23:20:00,20173.13,930.63,44674.96,49027.12,24.641999999999825,26.711999999999534,-2.069999999999709,0.07749326145551606
2026-08-18 23:21:00,20173.65,929.59,44675.32,49027.63,25.151999999994587,26.711999999999534,-1.5600000000049477,0.058400718778263506
2026-08-18 23:22:00,20173.61,928.34,44675.58,49027.83,25.351999999998952,26.716999999996915,-1.3649999999979627,0.051091065613583876
2026-08-18 23:23:00,20174.33,927.1,44676.27,49028.73,26.252000000000407,26.721999999994296,-0.4699999999938882,0.017588503854276946
2026-08-18 23:24:00,20175.27,925.77,44677.01,49029.77,27.291999999994005,26.721999999994296,0.569999999999709,0.021330738717155552
2026-08-18 23:25:00,20175.14,925.59,44677.5,49030.15,27.67199999999866,26.721999999994296,0.9500000000043656,0.03555123119544078
2026-08-18 23:26:00,20175.11,925.6,44677.39,49030.04,27.56199999999808,26.721999999994296,0.8400000000037835,0.03143477284649213
2026-08-18 23:27:00,20174.65,925.18,44677.44,49029.89,27.411999999996624,26.721999999994296,0.6900000000023283,0.02582142055244651
2026-08-18 23:28:00,20174.54,924.75,44677.54,49029.92,27.44199999999546,26.726999999995314,0.7150000000001455,0.0267519736596053
2026-08-18 23:29:00,20174.47,924.23,44677.65,49029.98,27.502000000000407,26.731999999996333,0.7700000000040745,0.028804429148742337
2026-08-18 23:30:00,20173.98,924.45,44677.49,49029.64,27.161999999996624,26.73699999999735,0.4249999999992724,0.015895575419804558
2026-08-18 23:31:00,20174.62,923.59,44677.7,49030.08,27.601999999998952,26.74199999999837,0.8600000000005821,0.03215915040014339
2026-08-18 23:32:00,20174.77,923.77,44677.62,49030.07,27.591999999996915,26.75199999999677,0.8400000000001455,0.03139952153110971
2026-08-18 23:33:00,20174.65,924.22,44677.48,49029.91,27.4320000000007,26.76199999999517,0.6700000000055297,0.02503549809452398
2026-08-18 23:34:00,20175.6,924.72,44677.36,49030.18,27.701999999997497,26.766999999996187,0.9350000000013097,0.03493107184224765
2026-08-18 23:35:00,20174.04,925.21,44676.95,49029.17,26.69199999999546,26.771999999997206,-0.08000000000174623,0.0029881966234033535
2026-08-18 23:36:00,20171.82,925.07,44676.9,49028.24,25.76199999999517,26.771999999997206,-1.0100000000020373,0.037725982369719954
2026-08-18 23:37:00,20173.27,923.7,44677.61,49029.47,26.99199999999837,26.771999999997206,0.22000000000116415,0.008217540714223334
2026-08-18 23:38:00,20174.65,923.3,44677.86,49030.23,27.752000000000407,26.786999999996624,0.9650000000037835,0.03602493746981391
2026-08-18 23:39:00,20174.27,922.63,44677.75,49029.95,27.471999999994296,26.801999999996042,0.6699999999982538,0.024998134467515584
2026-08-18 23:40:00,20172.76,923.26,44677.58,49029.2,26.721999999994296,26.80699999999706,-0.08500000000276486,0.003170813593567881
2026-08-18 23:41:00,20172.42,923.09,44677.71,49029.19,26.711999999999534,26.81199999999808,-0.09999999999854481,0.003729673280566611
2026-08-18 23:42:00,20173.4,922.44,44677.84,49029.7,27.221999999994296,26.826999999997497,0.3949999999967986,0.01472397211752471
2026-08-18 23:43:00,20174.64,920.77,44678.25,49030.55,28.072000000000116,26.841999999996915,1.2300000000032014,0.04582370911270929
2026-08-18 23:44:00,20176.79,918.47,44678.93,49032.01,29.531999999999243,26.846999999997934,2.6850000000013097,0.10001117443295401
2026-08-18 23:45:00,20177.01,916.89,44679.21,49032.31,29.831999999994878,26.851999999998952,2.9799999999959255,0.11097869804841508
2026-08-18 23:46:00,20175.95,915.8,44679.11,49031.76,29.281999999999243,26.856999999996333,2.4250000000029104,0.090293033473703
2026-08-18 23:47:00,20177.04,913.7,44679.77,49032.76,30.281999999999243,26.861999999993714,3.4200000000055297,0.12731740004490844
2026-08-18 23:48:00,20176.99,913.4,44679.64,49032.62,30.141999999999825,26.87199999999575,3.2700000000040745,0.12168800238183208
2026-08-18 23:49:00,20176.99,911.51,44679.76,49032.71,30.231999999996333,26.881999999997788,3.349999999998545,0.12461870396543488
2026-08-18 23:50:00,20176.23,911.71,44679.56,49032.21,29.731999999996333,26.886999999998807,2.844999999997526,0.10581321828384173
2026-08-18 23:51:00,20176.3,910.66,44679.59,49032.26,29.781999999999243,26.891999999999825,2.889999999999418,0.10746690465563873
2026-08-18 23:52:00,20176.59,909.62,44679.79,49032.55,30.072000000000116,26.896999999997206,3.1750000000029104,0.11804290441325205
2026-08-18 23:53:00,20176.67,909.31,44679.77,49032.55,30.072000000000116,26.901999999994587,3.1700000000055297,0.11783510519686892
2026-08-18 23:54:00,20176.9,909.78,44679.46,49032.36,29.881999999997788,26.901999999994587,2.9800000000032014,0.11077243327647762
2026-08-18 23:55:00,20177.02,910.91,44678.96,49031.99,29.51199999999517,26.901999999994587,2.610000000000582,0.09701880901052365
2026-08-18 23:56:00,20177.62,911.52,44678.45,49031.78,29.301999999996042,26.901999999994587,2.400000000001455,0.0892126979407456
2026-08-18 23:57:00,20178.93,909.07,44678.78,49032.58,30.101999999998952,26.901999999994587,3.2000000000043656,0.11895026392108429
2026-08-18 23:58:00,20179.33,906.61,44679.19,49033.07,30.591999999996915,26.906999999995605,3.6850000000013097,0.1369532092021374
2026-08-18 23:59:00,20180.05,904.45,44679.72,49033.78,31.301999999996042,26.911999999996624,4.389999999999418,0.16312425683709753
