timestamp,Bx,By,Bz,B_total,B_plasma_raw,B_plasma_baseline,delta_B,chi
2026-07-31 00:00:00,20197.11,903.13,44670.44,49032.33,26.100500000000466,25.9004999999961,0.20000000000436557,0.007721858651547101
2026-07-31 00:01:00,20197.15,903.11,44670.47,49032.39,26.160499999998137,25.9004999999961,0.26000000000203727,0.010038416246870772
2026-07-31 00:02:00,20197.15,903.09,44670.56,49032.46,26.230499999997846,25.89549999999872,0.3349999999991269,0.012936610607987621
2026-07-31 00:03:00,20196.96,903.22,44670.5,49032.33,26.100500000000466,25.89050000000134,0.20999999999912689,0.008111083215817232
2026-07-31 00:04:00,20196.76,903.32,44670.45,49032.2,25.97049999999581,25.88550000000032,0.0849999999954889,0.003283691641864668
2026-07-31 00:05:00,20196.72,903.29,44670.46,49032.19,25.960500000001048,25.8804999999993,0.08000000000174623,0.003091130387811224
2026-07-31 00:06:00,20196.71,903.24,44670.49,49032.23,26.00050000000192,25.875499999998283,0.12500000000363798,0.004830824525270865
2026-07-31 00:07:00,20196.57,903.31,44670.5,49032.18,25.95049999999901,25.870499999997264,0.08000000000174623,0.0030923252353744495
2026-07-31 00:08:00,20196.51,903.36,44670.51,49032.15,25.920500000000175,25.860499999998865,0.06000000000130967,0.0023201407552565613
2026-07-31 00:09:00,20196.5,903.43,44670.51,49032.17,25.940499999996973,25.850500000000466,0.08999999999650754,0.003481557416549232
2026-07-31 00:10:00,20196.5,903.45,44670.53,49032.18,25.95049999999901,25.84049999999843,0.11000000000058208,0.0042568835742570294
2026-07-31 00:11:00,20196.49,903.49,44670.52,49032.16,25.930500000002212,25.83049999999639,0.10000000000582077,0.003871392346483217
2026-07-31 00:12:00,20196.41,903.56,44670.49,49032.11,25.8804999999993,25.83049999999639,0.05000000000291038,0.0019356961732416085
2026-07-31 00:13:00,20196.59,903.4,44670.53,49032.22,25.990499999999884,25.83049999999639,0.16000000000349246,0.006194227754147802
2026-07-31 00:14:00,20196.75,903.25,44670.57,49032.32,26.09049999999843,25.810499999995955,0.2800000000024738,0.010848298173321622
2026-07-31 00:15:00,20197.0,903.07,44670.66,49032.49,26.260499999996682,25.790499999995518,0.47000000000116415,0.01822376456451972
2026-07-31 00:16:00,20197.08,902.96,44670.7,49032.56,26.33049999999639,25.785499999998137,0.5449999999982538,0.02113590971663505
2026-07-31 00:17:00,20197.07,902.91,44670.74,49032.59,26.360499999995227,25.780500000000757,0.5799999999944703,0.02249762417309413
2026-07-31 00:18:00,20197.05,902.8,44670.75,49032.59,26.360499999995227,25.750499999998283,0.6099999999969441,0.023688860410360373
2026-07-31 00:19:00,20197.11,902.69,44670.8,49032.66,26.430500000002212,25.72049999999581,0.7100000000064028,0.02760444003835534
2026-07-31 00:20:00,20197.14,902.59,44670.84,49032.72,26.490499999999884,25.695499999997992,0.7950000000018917,0.030939269521976762
2026-07-31 00:21:00,20197.11,902.54,44670.91,49032.76,26.530500000000757,25.670500000000175,0.8600000000005821,0.033501490037224683
2026-07-31 00:22:00,20197.09,902.52,44670.87,49032.72,26.490499999999884,25.615499999999884,0.875,0.03415900528976612
2026-07-31 00:23:00,20197.16,902.42,44670.87,49032.74,26.510499999996682,25.560499999999593,0.9499999999970896,0.037166722090612656
2026-07-31 00:24:00,20197.28,902.27,44670.97,49032.87,26.64050000000134,25.555499999998574,1.0850000000027649,0.04245661403622803
2026-07-31 00:25:00,20197.28,902.12,44671.01,49032.9,26.670500000000175,25.550499999997555,1.1200000000026193,0.043834758615398
2026-07-31 00:26:00,20197.38,902.03,44671.05,49032.98,26.75050000000192,25.540499999999156,1.2100000000027649,0.04737573657535306
2026-07-31 00:27:00,20197.52,901.89,44671.22,49033.19,26.960500000001048,25.530500000000757,1.430000000000291,0.056011437300493475
2026-07-31 00:28:00,20197.47,901.75,44671.18,49033.14,26.910499999998137,25.51550000000134,1.3949999999967986,0.05467264995774041
2026-07-31 00:29:00,20197.52,901.5,44671.19,49033.16,26.930500000002212,25.50050000000192,1.430000000000291,0.05607733181703038
2026-07-31 00:30:00,20197.38,901.45,44671.2,49033.11,26.8804999999993,25.470499999999447,1.4099999999998545,0.055358159439346896
2026-07-31 00:31:00,20197.21,901.43,44671.2,49033.03,26.800499999997555,25.440499999996973,1.360000000000582,0.05345806882729286
2026-07-31 00:32:00,20197.13,901.43,44671.23,49033.03,26.800499999997555,25.425499999997555,1.375,0.05407956579025515
2026-07-31 00:33:00,20197.19,901.32,44671.29,49033.12,26.89050000000134,25.410499999998137,1.4800000000032014,0.05824363944051907
2026-07-31 00:34:00,20197.26,901.14,44671.36,49033.2,26.97049999999581,25.410499999998137,1.5599999999976717,0.0613919442749173
2026-07-31 00:35:00,20197.32,900.89,44671.48,49033.33,27.100500000000466,25.410499999998137,1.6900000000023283,0.06650793963135129
2026-07-31 00:36:00,20197.46,900.78,44671.52,49033.42,27.190499999996973,25.39549999999872,1.7949999999982538,0.07068181370708765
2026-07-31 00:37:00,20197.5,900.54,44671.53,49033.46,27.230499999997846,25.3804999999993,1.8499999999985448,0.0728906049919661
2026-07-31 00:38:00,20197.54,900.33,44671.6,49033.53,27.300499999997555,25.3804999999993,1.9199999999982538,0.07564862788354472
2026-07-31 00:39:00,20197.76,900.31,44671.66,49033.68,27.45049999999901,25.3804999999993,2.069999999999709,0.08155867693700936
2026-07-31 00:40:00,20197.8,900.38,44671.61,49033.63,27.4004999999961,25.375499999998283,2.024999999997817,0.07980138322389527
2026-07-31 00:41:00,20197.93,900.47,44671.58,49033.66,27.430500000002212,25.370499999997264,2.0600000000049477,0.08119666541870163
2026-07-31 00:42:00,20198.03,900.44,44671.6,49033.73,27.50050000000192,25.360499999998865,2.140000000003056,0.08438319433777534
2026-07-31 00:43:00,20197.94,900.3,44671.67,49033.75,27.52049999999872,25.350500000000466,2.1699999999982538,0.08559988954845917
2026-07-31 00:44:00,20197.9,900.18,44671.73,49033.79,27.560499999999593,25.335500000001048,2.224999999998545,0.0878214363244638
2026-07-31 00:45:00,20197.83,900.17,44671.78,49033.81,27.58049999999639,25.32050000000163,2.2599999999947613,0.08925574139509945
2026-07-31 00:46:00,20197.66,900.34,44671.76,49033.72,27.490499999999884,25.310499999999593,2.180000000000291,0.0861302621441823
2026-07-31 00:47:00,20197.53,900.54,44671.68,49033.6,27.370499999997264,25.300499999997555,2.069999999999709,0.08181656489001835
2026-07-31 00:48:00,20197.56,900.62,44671.68,49033.6,27.370499999997264,25.295499999996537,2.0750000000007276,0.08203040066418975
2026-07-31 00:49:00,20197.55,900.7,44671.72,49033.64,27.410499999998137,25.290499999995518,2.1200000000026193,0.08382594254771535
2026-07-31 00:50:00,20197.4,900.85,44671.64,49033.5,27.27049999999872,25.27049999999872,2.0,0.07914366553887345
2026-07-31 00:51:00,20197.37,900.94,44671.63,49033.49,27.260499999996682,25.25050000000192,2.0099999999947613,0.0796023841109922
2026-07-31 00:52:00,20197.39,900.91,44671.63,49033.5,27.27049999999872,25.245500000000902,2.024999999997817,0.08021231506596205
2026-07-31 00:53:00,20197.41,900.86,44671.68,49033.55,27.32050000000163,25.240499999999884,2.0800000000017462,0.08240724232886654
2026-07-31 00:54:00,20197.39,900.86,44671.68,49033.55,27.32050000000163,25.210500000001048,2.110000000000582,0.08369528569447232
2026-07-31 00:55:00,20197.34,900.78,44671.75,49033.57,27.34049999999843,25.180500000002212,2.1599999999962165,0.08578066360858708
2026-07-31 00:56:00,20197.0,900.86,44671.74,49033.43,27.20049999999901,25.160500000001775,2.039999999997235,0.08107946980374361
2026-07-31 00:57:00,20196.76,901.01,44671.71,49033.31,27.08049999999639,25.14050000000134,1.9399999999950523,0.07716632525188238
2026-07-31 00:58:00,20196.58,901.21,44671.69,49033.21,26.980499999997846,25.14050000000134,1.8399999999965075,0.07318867962038979
2026-07-31 00:59:00,20196.55,901.37,44671.65,49033.17,26.940499999996973,25.14050000000134,1.7999999999956344,0.07159762136773487
2026-07-31 01:00:00,20196.3,901.59,44671.59,49033.0,26.77049999999872,25.13550000000032,1.6349999999983993,0.06504744285963591
2026-07-31 01:01:00,20196.09,901.59,44671.61,49032.94,26.710500000001048,25.1304999999993,1.5800000000017462,0.06287180915627584
2026-07-31 01:02:00,20196.08,901.54,44671.68,49033.0,26.77049999999872,25.125499999998283,1.6450000000004366,0.06547133390382476
2026-07-31 01:03:00,20195.98,901.55,44671.71,49032.99,26.760499999996682,25.120499999997264,1.639999999999418,0.06528532473476231
2026-07-31 01:04:00,20195.93,901.48,44671.74,49032.99,26.760499999996682,25.120499999997264,1.639999999999418,0.06528532473476231
2026-07-31 01:05:00,20196.04,901.37,44671.78,49033.07,26.84049999999843,25.120499999997264,1.7200000000011642,0.06846997472189453
2026-07-31 01:06:00,20195.97,901.33,44671.77,49033.04,26.810499999999593,25.115499999996246,1.695000000003347,0.06748820449537538
2026-07-31 01:07:00,20195.78,901.31,44671.75,49032.95,26.72049999999581,25.110499999995227,1.610000000000582,0.06411660460766963
2026-07-31 01:08:00,20195.63,901.3,44671.78,49032.91,26.680500000002212,25.105499999997846,1.5750000000043656,0.06273525721473384
2026-07-31 01:09:00,20195.65,901.25,44671.83,49032.97,26.740499999999884,25.100500000000466,1.639999999999418,0.06533734387758759
2026-07-31 01:10:00,20195.75,901.26,44671.89,49033.05,26.82050000000163,25.095499999999447,1.7250000000021828,0.06873742304406052
2026-07-31 01:11:00,20195.78,901.29,44671.88,49033.06,26.83049999999639,25.09049999999843,1.7399999999979627,0.06934895677639233
2026-07-31 01:12:00,20195.91,901.11,44671.88,49033.11,26.8804999999993,25.09049999999843,1.7900000000008731,0.0713417428907748
2026-07-31 01:13:00,20195.99,900.91,44671.86,49033.12,26.89050000000134,25.09049999999843,1.8000000000029104,0.0717403001137093
2026-07-31 01:14:00,20196.19,900.69,44671.95,49033.28,27.050499999997555,25.070499999997992,1.9799999999995634,0.07897728405894267
2026-07-31 01:15:00,20196.08,900.62,44671.88,49033.18,26.95049999999901,25.050499999997555,1.9000000000014552,0.07584678948530531
2026-07-31 01:16:00,20195.86,900.66,44671.84,49033.05,26.82050000000163,25.035499999998137,1.7850000000034925,0.07129875576695593
2026-07-31 01:17:00,20195.77,900.74,44671.88,49033.05,26.82050000000163,25.02049999999872,1.8000000000029104,0.07194100837325403
2026-07-31 01:18:00,20195.93,900.93,44671.87,49033.12,26.89050000000134,25.01050000000032,1.8800000000010186,0.07516842925975069
2026-07-31 01:19:00,20196.0,901.04,44671.75,49033.04,26.810499999999593,25.00050000000192,1.8099999999976717,0.07239855202886072
2026-07-31 01:20:00,20195.92,901.03,44671.68,49032.97,26.740499999999884,24.990499999999884,1.75,0.07002661011184283
2026-07-31 01:21:00,20195.95,900.94,44671.71,49033.0,26.77049999999872,24.980499999997846,1.7900000000008731,0.07165589159548558
2026-07-31 01:22:00,20195.87,901.07,44671.7,49032.95,26.72049999999581,24.970499999999447,1.749999999996362,0.07008269758300398
2026-07-31 01:23:00,20195.74,901.26,44671.61,49032.82,26.59049999999843,24.960500000001048,1.6299999999973807,0.06530317902274843
2026-07-31 01:24:00,20195.74,901.26,44671.62,49032.83,26.600500000000466,24.95550000000003,1.6450000000004366,0.06591733285249482
2026-07-31 01:25:00,20195.65,901.13,44671.67,49032.83,26.600500000000466,24.95049999999901,1.6500000000014552,0.06613093925979521
2026-07-31 01:26:00,20195.35,901.06,44671.69,49032.73,26.50050000000192,24.94050000000061,1.5600000000013097,0.06254886630184926
2026-07-31 01:27:00,20195.07,901.12,44671.68,49032.61,26.3804999999993,24.930500000002212,1.4499999999970896,0.05816168949667921
2026-07-31 01:28:00,20194.79,901.19,44671.6,49032.43,26.20049999999901,24.920500000000175,1.2799999999988358,0.05136333540654589
2026-07-31 01:29:00,20194.73,901.28,44671.63,49032.42,26.190499999996973,24.910499999998137,1.2799999999988358,0.0513839545572723
2026-07-31 01:30:00,20194.51,901.24,44671.55,49032.26,26.030500000000757,24.90549999999712,1.125000000003638,0.04517074541783012
2026-07-31 01:31:00,20194.24,901.29,44671.48,49032.08,25.850500000000466,24.9004999999961,0.9500000000043656,0.03815184434065639
2026-07-31 01:32:00,20194.25,901.53,44671.49,49032.12,25.89050000000134,24.89549999999872,0.9950000000026193,0.039967062320606955
2026-07-31 01:33:00,20194.33,901.52,44671.48,49032.14,25.910499999998137,24.89050000000134,1.0199999999967986,0.04097949016680033
2026-07-31 01:34:00,20194.55,900.73,44671.74,49032.45,26.22049999999581,24.875499999998283,1.3449999999975262,0.05406926493930249
2026-07-31 01:35:00,20194.57,901.39,44671.5,49032.24,26.010499999996682,24.860499999995227,1.1500000000014552,0.04625812031140468
2026-07-31 01:36:00,20194.19,901.92,44671.13,49031.76,25.530500000000757,24.850499999996828,0.680000000003929,0.027363634534678008
2026-07-31 01:37:00,20194.44,901.48,44671.36,49032.06,25.83049999999639,24.84049999999843,0.9899999999979627,0.039854270244078234
2026-07-31 01:38:00,20194.33,901.54,44671.28,49031.95,25.72049999999581,24.83549999999741,0.8849999999983993,0.03563447484441592
2026-07-31 01:39:00,20194.05,902.04,44671.01,49031.61,25.3804999999993,24.83049999999639,0.5500000000029104,0.022150178208372378
2026-07-31 01:40:00,20194.34,901.79,44671.08,49031.79,25.560499999999593,24.83049999999639,0.7300000000032014,0.0293993274401767
2026-07-31 01:41:00,20194.11,902.46,44670.83,49031.47,25.240499999999884,24.83049999999639,0.41000000000349246,0.016511951028112686
2026-07-31 01:42:00,20193.89,903.32,44670.53,49031.13,24.9004999999961,24.815499999996973,0.08499999999912689,0.0034252785557066048
2026-07-31 01:43:00,20194.19,903.05,44670.66,49031.36,25.1304999999993,24.800499999997555,0.33000000000174623,0.013306183343149484
2026-07-31 01:44:00,20194.05,903.24,44670.6,49031.25,25.02049999999872,24.790499999999156,0.22999999999956344,0.009277747524235947
2026-07-31 01:45:00,20193.74,903.41,44670.47,49031.01,24.780500000000757,24.780500000000757,0.0,0.0
2026-07-31 01:46:00,20193.75,902.8,44670.77,49031.28,25.050499999997555,24.77049999999872,0.27999999999883585,0.011303768595662192
2026-07-31 01:47:00,20192.95,903.24,44670.71,49030.9,24.670500000000175,24.760499999996682,-0.08999999999650754,0.003634821590699687
2026-07-31 01:48:00,20191.98,904.13,44670.44,49030.28,24.050499999997555,24.750499999998283,-0.7000000000007276,0.028282256924133903
2026-07-31 01:49:00,20191.28,904.53,44670.36,49029.94,23.710500000001048,24.740499999999884,-1.0299999999988358,0.041632141630073796
2026-07-31 01:50:00,20191.09,904.88,44670.4,49029.91,23.680500000002212,24.735499999998865,-1.054999999996653,0.042651250227272605
2026-07-31 01:51:00,20191.17,905.34,44670.31,49029.86,23.6304999999993,24.730499999997846,-1.0999999999985448,0.04447948889018179
2026-07-31 01:52:00,20191.39,905.58,44670.25,49029.89,23.660499999998137,24.725499999996828,-1.0649999999986903,0.04307294089093555
2026-07-31 01:53:00,20191.34,906.03,44670.13,49029.77,23.540499999995518,24.72049999999581,-1.180000000000291,0.04773366234503716
2026-07-31 01:54:00,20191.19,906.12,44670.14,49029.72,23.490499999999884,24.71549999999843,-1.2249999999985448,0.049564038761045606
2026-07-31 01:55:00,20191.33,905.7,44670.33,49029.94,23.710500000001048,24.710500000001048,-1.0,0.040468626697151316
2026-07-31 01:56:00,20191.14,906.17,44670.28,49029.82,23.59049999999843,24.70550000000003,-1.1150000000016007,0.04513165084704213
2026-07-31 01:57:00,20190.41,906.54,44670.1,49029.37,23.14050000000134,24.70049999999901,-1.5599999999976717,0.06315661626273696
2026-07-31 01:58:00,20190.94,905.34,44670.62,49030.04,23.810499999999593,24.685499999999593,-0.875,0.03544590954203943
2026-07-31 01:59:00,20190.71,905.83,44670.56,49029.89,23.660499999998137,24.670500000000175,-1.0100000000020373,0.040939583713424134
2026-07-31 02:00:00,20190.43,906.23,44670.35,49029.59,23.360499999995227,24.670500000000175,-1.3100000000049477,0.05309985610364356
2026-07-31 02:01:00,20191.14,905.51,44670.66,49030.16,23.930500000002212,24.670500000000175,-0.7399999999979627,0.02999533856216767
2026-07-31 02:02:00,20191.49,905.67,44670.58,49030.23,24.00050000000192,24.665499999999156,-0.6649999999972351,0.026960734629229405
2026-07-31 02:03:00,20191.54,905.88,44670.39,49030.09,23.860499999995227,24.660499999998137,-0.8000000000029104,0.03244054256819492
2026-07-31 02:04:00,20192.12,905.11,44670.63,49030.52,24.290499999995518,24.65549999999712,-0.3650000000016007,0.014803999107770817
2026-07-31 02:05:00,20192.47,905.42,44670.52,49030.56,24.33049999999639,24.6504999999961,-0.31999999999970896,0.012981481105850168
2026-07-31 02:06:00,20192.61,905.73,44670.25,49030.38,24.1504999999961,24.630499999995664,-0.47999999999956344,0.019488033129642028
2026-07-31 02:07:00,20193.23,905.01,44670.46,49030.82,24.59049999999843,24.610499999995227,-0.01999999999679858,0.0008126612623393453
2026-07-31 02:08:00,20193.45,905.33,44670.34,49030.8,24.57050000000163,24.600499999996828,-0.029999999995197868,0.0012194874085974569
2026-07-31 02:09:00,20193.35,905.14,44670.28,49030.69,24.460500000001048,24.59049999999843,-0.12999999999738066,0.005286594416436793
2026-07-31 02:10:00,20192.9,904.63,44670.51,49030.71,24.480499999997846,24.59049999999843,-0.11000000000058208,0.004473272198637242
2026-07-31 02:11:00,20192.95,904.6,44670.61,49030.82,24.59049999999843,24.59049999999843,0.0,0.0
2026-07-31 02:12:00,20192.77,905.03,44670.43,49030.59,24.360499999995227,24.58549999999741,-0.2250000000021828,0.009151735779309207
2026-07-31 02:13:00,20192.71,904.93,44670.43,49030.56,24.33049999999639,24.58049999999639,-0.25,0.010170663737517004
2026-07-31 02:14:00,20192.8,904.65,44670.5,49030.66,24.430500000002212,24.57549999999901,-0.14499999999679858,0.005900185143610686
2026-07-31 02:15:00,20192.78,904.61,44670.55,49030.7,24.47049999999581,24.57050000000163,-0.10000000000582077,0.004069921247260501
2026-07-31 02:16:00,20192.61,904.68,44670.57,49030.65,24.420500000000175,24.545500000000175,-0.125,0.005092583161882997
2026-07-31 02:17:00,20192.92,904.76,44670.54,49030.75,24.52049999999872,24.52049999999872,0.0,0.0
2026-07-31 02:18:00,20193.5,904.91,44670.48,49030.93,24.70049999999901,24.500499999998283,0.2000000000007276,0.008163098712301448
2026-07-31 02:19:00,20193.9,904.94,44670.32,49030.96,24.730499999997846,24.480499999997846,0.25,0.010212209717939666
2026-07-31 02:20:00,20194.14,903.59,44670.66,49031.35,25.120499999997264,24.475499999996828,0.6450000000004366,0.02635288349576189
2026-07-31 02:21:00,20193.7,903.27,44670.86,49031.35,25.120499999997264,24.47049999999581,0.6500000000014552,0.026562595778654566
2026-07-31 02:22:00,20194.23,901.74,44671.26,49031.9,25.670500000000175,24.47049999999581,1.2000000000043656,0.049038638360661656
2026-07-31 02:23:00,20194.39,903.07,44670.99,49031.73,25.50050000000192,24.47049999999581,1.0300000000061118,0.042091497926331226
2026-07-31 02:24:00,20194.69,903.19,44670.63,49031.55,25.32050000000163,24.46549999999843,0.8550000000032014,0.03494717050553867
2026-07-31 02:25:00,20195.84,901.14,44671.14,49032.46,26.230499999997846,24.460500000001048,1.7699999999967986,0.07236156251902957
2026-07-31 02:26:00,20196.7,899.61,44671.81,49033.38,27.1504999999961,24.44550000000163,2.7049999999944703,0.11065431265444724
2026-07-31 02:27:00,20196.29,899.9,44671.52,49032.95,26.72049999999581,24.430500000002212,2.289999999993597,0.09373528990374286
2026-07-31 02:28:00,20197.41,898.38,44671.95,49033.78,27.550499999997555,24.425500000001193,3.124999999996362,0.12794006263929947
2026-07-31 02:29:00,20197.6,899.23,44671.46,49033.41,27.180500000002212,24.420500000000175,2.7600000000020373,0.11301979893949828
2026-07-31 02:30:00,20198.94,898.58,44671.54,49034.02,27.790499999995518,24.420500000000175,3.3699999999953434,0.1379988124729354
2026-07-31 02:31:00,20199.46,898.32,44671.33,49034.04,27.810499999999593,24.420500000000175,3.389999999999418,0.13881779652338788
2026-07-31 02:32:00,20199.62,897.62,44671.34,49034.09,27.860499999995227,24.415499999999156,3.444999999996071,0.14109889209707727
2026-07-31 02:33:00,20199.99,897.44,44671.25,49034.15,27.920500000000175,24.410499999998137,3.5100000000020373,0.14379058192180844
2026-07-31 02:34:00,20198.99,899.8,44670.78,49033.34,27.110499999995227,24.400499999999738,2.709999999995489,0.11106329788305641
2026-07-31 02:35:00,20198.84,899.37,44670.6,49033.14,26.910499999998137,24.39050000000134,2.5199999999967986,0.10331891515125398
2026-07-31 02:36:00,20200.01,898.46,44670.96,49033.92,27.690499999996973,24.39050000000134,3.2999999999956344,0.13529857936473025
2026-07-31 02:37:00,20199.61,900.93,44670.33,49033.22,26.990499999999884,24.39050000000134,2.599999999998545,0.10659888071168701
2026-07-31 02:38:00,20199.16,901.42,44669.85,49032.62,26.39050000000134,24.375499999998283,2.015000000003056,0.08266497097508554
2026-07-31 02:39:00,20199.11,901.2,44670.02,49032.75,26.52049999999872,24.360499999995227,2.1600000000034925,0.08866813078565365
2026-07-31 02:40:00,20199.14,902.02,44669.86,49032.62,26.39050000000134,24.360499999995227,2.030000000006112,0.08333162291441101
2026-07-31 02:41:00,20198.67,902.31,44669.6,49032.21,25.980499999997846,24.360499999995227,1.6200000000026193,0.06650109808924023
2026-07-31 02:42:00,20198.34,903.07,44669.58,49032.06,25.83049999999639,24.350499999996828,1.4799999999995634,0.06077903944476525
2026-07-31 02:43:00,20197.98,904.3,44669.27,49031.64,25.410499999998137,24.34049999999843,1.069999999999709,0.04395965571782741
2026-07-31 02:44:00,20197.94,904.11,44669.3,49031.67,25.440499999996973,24.33549999999741,1.1049999999995634,0.04540691582255064
2026-07-31 02:45:00,20197.61,904.36,44669.38,49031.6,25.370499999997264,24.33049999999639,1.0400000000008731,0.04274470315040905
2026-07-31 02:46:00,20197.74,905.01,44669.29,49031.58,25.350500000000466,24.33049999999639,1.0200000000040745,0.04192268962841807
2026-07-31 02:47:00,20198.05,905.03,44669.36,49031.78,25.550499999997555,24.33049999999639,1.2200000000011642,0.05014282484952406
2026-07-31 02:48:00,20197.09,905.68,44669.08,49031.12,24.89050000000134,24.32549999999901,0.5650000000023283,0.02322665515620856
2026-07-31 02:49:00,20196.59,905.87,44669.12,49030.97,24.740499999999884,24.32050000000163,0.41999999999825377,0.017269381797176277
2026-07-31 02:50:00,20196.78,905.91,44669.26,49031.18,24.95049999999901,24.305499999998574,0.6450000000004366,0.02653720351362755
2026-07-31 02:51:00,20196.7,906.42,44669.25,49031.14,24.910499999998137,24.290499999995518,0.6200000000026193,0.02552438196013807
2026-07-31 02:52:00,20196.39,906.98,44669.23,49030.99,24.760499999996682,24.22049999999581,0.5400000000008731,0.022295163188248243
2026-07-31 02:53:00,20195.84,907.44,44669.09,49030.65,24.420500000000175,24.1504999999961,0.27000000000407454,0.011179892756014083
2026-07-31 02:54:00,20195.95,907.53,44669.24,49030.84,24.610499999995227,24.1404999999977,0.4699999999975262,0.019469356475531614
2026-07-31 02:55:00,20195.72,908.01,44669.39,49030.89,24.660499999998137,24.1304999999993,0.5299999999988358,0.021963904602012026
2026-07-31 02:56:00,20195.49,908.31,44669.26,49030.7,24.47049999999581,24.09049999999843,0.37999999999738066,0.015773852763429793
2026-07-31 02:57:00,20195.43,908.11,44669.21,49030.62,24.39050000000134,24.050499999997555,0.3400000000037835,0.014136920230507393
2026-07-31 02:58:00,20195.32,908.39,44669.21,49030.59,24.360499999995227,24.050499999997555,0.3099999999976717,0.012889544915810616
2026-07-31 02:59:00,20195.27,908.61,44669.29,49030.64,24.410499999998137,24.050499999997555,0.3600000000005821,0.01496850377333605
2026-07-31 03:00:00,20195.55,908.59,44669.6,49031.03,24.800499999997555,24.025499999999738,0.7749999999978172,0.03225739318631561
2026-07-31 03:01:00,20195.95,908.49,44669.74,49031.32,25.09049999999843,24.00050000000192,1.0899999999965075,0.04541572050567364
2026-07-31 03:02:00,20195.83,908.98,44669.67,49031.21,24.980499999997846,23.965500000002066,1.01499999999578,0.042352548454891094
2026-07-31 03:03:00,20195.33,909.12,44669.59,49030.95,24.72049999999581,23.930500000002212,0.7899999999935972,0.033012264682874326
2026-07-31 03:04:00,20195.8,908.38,44669.8,49031.33,25.100500000000466,23.89549999999872,1.2050000000017462,0.05042790483571429
2026-07-31 03:05:00,20195.86,908.93,44669.83,49031.37,25.14050000000134,23.860499999995227,1.2800000000061118,0.05364514574323119
2026-07-31 03:06:00,20195.6,908.91,44669.64,49031.09,24.860499999995227,23.84549999999581,1.014999999999418,0.04256568325258838
2026-07-31 03:07:00,20195.49,908.75,44669.67,49031.07,24.84049999999843,23.83049999999639,1.0100000000020373,0.04238266087586036
2026-07-31 03:08:00,20195.61,909.19,44669.73,49031.19,24.960500000001048,23.820499999997992,1.140000000003056,0.047857937490949055
2026-07-31 03:09:00,20195.99,909.22,44669.81,49031.41,25.180500000002212,23.810499999999593,1.3700000000026193,0.05753764095683177
2026-07-31 03:10:00,20196.03,909.72,44669.73,49031.37,25.14050000000134,23.790499999999156,1.3500000000021828,0.05674533952637526
2026-07-31 03:11:00,20195.97,909.94,44669.53,49031.16,24.930500000002212,23.77049999999872,1.1600000000034925,0.04879998317256915
2026-07-31 03:12:00,20196.49,910.12,44669.65,49031.48,25.25050000000192,23.7554999999993,1.4950000000026193,0.062932794510857
2026-07-31 03:13:00,20196.51,909.95,44669.46,49031.32,25.09049999999843,23.740499999999884,1.3499999999985448,0.056864851203578336
2026-07-31 03:14:00,20196.88,909.3,44669.63,49031.61,25.3804999999993,23.725500000000466,1.6549999999988358,0.06975616952219356
2026-07-31 03:15:00,20196.73,909.27,44669.72,49031.64,25.410499999998137,23.710500000001048,1.6999999999970896,0.07169819278366187
2026-07-31 03:16:00,20196.49,909.32,44669.7,49031.52,25.290499999995518,23.710500000001048,1.5799999999944703,0.0666371438811666
2026-07-31 03:17:00,20196.8,908.48,44670.12,49032.02,25.790499999995518,23.710500000001048,2.0799999999944703,0.08772484764110323
2026-07-31 03:18:00,20196.75,908.56,44670.26,49032.13,25.9004999999961,23.69550000000163,2.2049999999944703,0.09305564347636971
2026-07-31 03:19:00,20196.74,908.62,44670.27,49032.13,25.9004999999961,23.680500000002212,2.219999999993888,0.09374802052294845
2026-07-31 03:20:00,20196.8,908.75,44670.39,49032.27,26.040499999995518,23.69550000000163,2.344999999993888,0.09896393830025646
2026-07-31 03:21:00,20196.73,909.0,44670.31,49032.18,25.95049999999901,23.710500000001048,2.2399999999979627,0.09447291284443027
2026-07-31 03:22:00,20196.42,909.0,44670.26,49032.01,25.780500000000757,23.69550000000163,2.084999999999127,0.08799139077035655
2026-07-31 03:23:00,20196.56,909.1,44670.4,49032.18,25.95049999999901,23.680500000002212,2.2699999999967986,0.09585946242674717
2026-07-31 03:24:00,20196.58,909.14,44670.44,49032.23,26.00050000000192,23.670500000000175,2.3300000000017462,0.09843476056702347
2026-07-31 03:25:00,20196.29,909.09,44670.54,49032.2,25.97049999999581,23.680500000002212,2.289999999993597,0.09670403918808232
2026-07-31 03:26:00,20196.17,909.01,44670.63,49032.23,26.00050000000192,23.69550000000163,2.305000000000291,0.09727585406512344
2026-07-31 03:27:00,20196.27,909.16,44670.78,49032.42,26.190499999996973,23.710500000001048,2.4799999999959255,0.10459501064911393
2026-07-31 03:28:00,20196.74,909.06,44670.87,49032.69,26.460500000001048,23.710500000001048,2.75,0.11598237067965157
2026-07-31 03:29:00,20196.8,908.58,44670.9,49032.73,26.50050000000192,23.710500000001048,2.790000000000873,0.11766938698048332
2026-07-31 03:30:00,20196.67,909.35,44670.89,49032.67,26.440499999996973,23.725500000000466,2.7149999999965075,0.1144338370106617
2026-07-31 03:31:00,20196.53,909.3,44670.82,49032.56,26.33049999999639,23.740499999999884,2.5899999999965075,0.10909627008683559
2026-07-31 03:32:00,20196.58,909.57,44671.15,49032.88,26.6504999999961,23.7554999999993,2.8949999999967986,0.12186651512268248
2026-07-31 03:33:00,20196.16,910.04,44670.89,49032.49,26.260499999996682,23.77049999999872,2.4899999999979627,0.10475168801657925
2026-07-31 03:34:00,20196.51,909.64,44671.21,49032.91,26.680500000002212,23.785499999998137,2.8950000000040745,0.12171280822367835
2026-07-31 03:35:00,20196.22,909.83,44671.35,49032.93,26.70049999999901,23.800499999997555,2.900000000001455,0.12184617970218076
2026-07-31 03:36:00,20195.73,910.23,44670.97,49032.4,26.170500000000175,23.805499999998574,2.3650000000016007,0.09934678960751685
2026-07-31 03:37:00,20196.11,910.11,44671.34,49032.89,26.660499999998137,23.810499999999593,2.849999999998545,0.11969509250114839
2026-07-31 03:38:00,20196.08,910.53,44671.54,49033.06,26.83049999999639,23.820499999997992,3.0099999999983993,0.12636174723446833
2026-07-31 03:39:00,20195.98,910.76,44671.63,49033.11,26.8804999999993,23.83049999999639,3.0500000000029104,0.12798724323884822
2026-07-31 03:40:00,20196.29,910.98,44672.05,49033.62,27.39050000000134,23.84549999999581,3.5450000000055297,0.14866536663127855
2026-07-31 03:41:00,20196.35,911.27,44672.0,49033.6,27.370499999997264,23.860499999995227,3.5100000000020373,0.14710504809214978
2026-07-31 03:42:00,20196.27,911.67,44671.86,49033.45,27.22049999999581,23.89549999999872,3.3249999999970896,0.13914753823930312
2026-07-31 03:43:00,20196.39,912.02,44671.86,49033.5,27.27049999999872,23.930500000002212,3.3399999999965075,0.13957084055896027
2026-07-31 03:44:00,20196.45,912.27,44671.88,49033.55,27.32050000000163,23.930500000002212,3.389999999999418,0.14166022439978707
2026-07-31 03:45:00,20196.52,912.45,44671.99,49033.68,27.45049999999901,23.930500000002212,3.5199999999967986,0.1470926223855111
2026-07-31 03:46:00,20196.45,912.69,44672.07,49033.72,27.490499999999884,23.930500000002212,3.5599999999976717,0.14876412945811174
2026-07-31 03:47:00,20196.39,913.01,44672.1,49033.73,27.50050000000192,23.930500000002212,3.569999999999709,0.1491820062263379
2026-07-31 03:48:00,20196.35,913.22,44672.26,49033.86,27.6304999999993,23.965500000002066,3.664999999997235,0.15292816757409272
2026-07-31 03:49:00,20196.46,913.22,44672.36,49034.0,27.77049999999872,24.00050000000192,3.7699999999967986,0.15708006083192003
2026-07-31 03:50:00,20196.58,913.42,44672.41,49034.1,27.870499999997264,24.025499999999738,3.844999999997526,0.16003829264729424
2026-07-31 03:51:00,20196.69,913.67,44672.4,49034.14,27.910499999998137,24.050499999997555,3.860000000000582,0.16049562379164567
2026-07-31 03:52:00,20196.73,913.63,44672.47,49034.22,27.990499999999884,24.050499999997555,3.9400000000023283,0.16382195796356536
2026-07-31 03:53:00,20196.59,913.74,44672.44,49034.13,27.9004999999961,24.050499999997555,3.849999999998545,0.16007983202008008
2026-07-31 03:54:00,20196.61,914.13,44672.55,49034.25,28.02049999999872,24.09049999999843,3.930000000000291,0.16313484568608155
2026-07-31 03:55:00,20196.9,913.98,44672.67,49034.48,28.25050000000192,24.1304999999993,4.120000000002619,0.17073827728404875
2026-07-31 03:56:00,20197.16,913.64,44672.96,49034.84,28.610499999995227,24.1404999999977,4.469999999997526,0.18516600733199196
2026-07-31 03:57:00,20197.12,913.78,44672.96,49034.82,28.59049999999843,24.1504999999961,4.440000000002328,0.1838471253184425
2026-07-31 03:58:00,20197.03,913.99,44672.95,49034.78,28.550499999997555,24.170499999996537,4.380000000001019,0.18121263523723738
2026-07-31 03:59:00,20196.94,914.17,44673.11,49034.91,28.680500000002212,24.190499999996973,4.490000000005239,0.18561005353365165
2026-07-31 04:00:00,20196.98,914.11,44673.09,49034.89,28.660499999998137,24.240499999996246,4.420000000001892,0.1823394731957912
2026-07-31 04:01:00,20197.06,914.38,44673.01,49034.87,28.64050000000134,24.290499999995518,4.350000000005821,0.17908235730045174
2026-07-31 04:02:00,20197.77,914.48,44673.69,49035.77,29.540499999995518,24.305499999998574,5.234999999996944,0.21538334944754278
2026-07-31 04:03:00,20197.48,914.41,44673.37,49035.36,29.1304999999993,24.32050000000163,4.809999999997672,0.19777553915410248
2026-07-31 04:04:00,20197.75,914.52,44673.54,49035.62,29.39050000000134,24.32549999999901,5.065000000002328,0.2082177139217091
2026-07-31 04:05:00,20197.66,915.02,44673.47,49035.52,29.290499999995518,24.33049999999639,4.959999999999127,0.2038593534863592
2026-07-31 04:06:00,20197.6,915.09,44673.56,49035.57,29.34049999999843,24.33049999999639,5.010000000002037,0.2059143872917852
2026-07-31 04:07:00,20197.85,914.89,44673.74,49035.86,29.6304999999993,24.33049999999639,5.30000000000291,0.21783358336259825
2026-07-31 04:08:00,20198.19,914.84,44673.93,49036.15,29.920500000000175,24.33049999999639,5.5900000000037835,0.22975277943341127
2026-07-31 04:09:00,20198.43,914.81,44674.05,49036.37,30.14050000000134,24.33049999999639,5.810000000004948,0.23879492817680728
2026-07-31 04:10:00,20198.24,914.69,44673.93,49036.18,29.95049999999901,24.33549999999741,5.615000000001601,0.23073287994913597
2026-07-31 04:11:00,20198.17,914.53,44673.95,49036.18,29.95049999999901,24.34049999999843,5.610000000000582,0.2304800640907518
2026-07-31 04:12:00,20198.51,914.46,44674.34,49036.67,30.440499999996973,24.350499999996828,6.0900000000001455,0.25009753393158
2026-07-31 04:13:00,20198.57,914.79,44674.5,49036.84,30.610499999995227,24.360499999995227,6.25,0.25656287843029596
2026-07-31 04:14:00,20198.66,914.67,44674.71,49037.05,30.82050000000163,24.360499999995227,6.460000000006403,0.26518339114581674
2026-07-31 04:15:00,20198.28,914.76,44674.56,49036.77,30.540499999995518,24.360499999995227,6.180000000000291,0.2536893741918886
2026-07-31 04:16:00,20198.42,915.23,44674.7,49036.97,30.740499999999884,24.375499999998283,6.365000000001601,0.26112284876216074
2026-07-31 04:17:00,20198.64,915.41,44674.81,49037.15,30.920500000000175,24.39050000000134,6.529999999998836,0.2677271888644545
2026-07-31 04:18:00,20198.56,915.5,44674.82,49037.13,30.9004999999961,24.39050000000134,6.509999999994761,0.2669071974741971
2026-07-31 04:19:00,20198.7,915.38,44674.77,49037.15,30.920500000000175,24.39050000000134,6.529999999998836,0.2677271888644545
2026-07-31 04:20:00,20199.21,915.14,44675.07,49037.62,31.39050000000134,24.400499999999738,6.990000000001601,0.28646953955868426
2026-07-31 04:21:00,20199.21,915.34,44675.07,49037.63,31.4004999999961,24.410499999998137,6.989999999997963,0.2863521845107022
2026-07-31 04:22:00,20199.09,915.43,44675.05,49037.57,31.34049999999843,24.415499999999156,6.924999999999272,0.28363129978904844
2026-07-31 04:23:00,20199.31,915.49,44675.16,49037.75,31.52049999999872,24.420500000000175,7.099999999998545,0.29073933785133366
2026-07-31 04:24:00,20199.49,915.93,44675.42,49038.06,31.83049999999639,24.420500000000175,7.4099999999962165,0.3034335906306654
2026-07-31 04:25:00,20199.62,915.84,44675.52,49038.22,31.990499999999884,24.420500000000175,7.569999999999709,0.3099854630330933
2026-07-31 04:26:00,20199.6,915.97,44675.6,49038.27,32.04049999999552,24.425500000001193,7.614999999994325,0.31176434463957553
2026-07-31 04:27:00,20199.46,916.48,44675.54,49038.16,31.930500000002212,24.430500000002212,7.5,0.3069933075458677
2026-07-31 04:28:00,20199.47,916.88,44675.56,49038.19,31.960500000001048,24.44550000000163,7.514999999999418,0.3074185432901318
2026-07-31 04:29:00,20199.45,917.35,44675.46,49038.11,31.8804999999993,24.460500000001048,7.419999999998254,0.303346211238443
2026-07-31 04:30:00,20200.12,916.94,44675.69,49038.58,32.350500000000466,24.46549999999843,7.885000000002037,0.32229057243884424
2026-07-31 04:31:00,20200.45,916.87,44675.97,49038.97,32.740499999999884,24.47049999999581,8.270000000004075,0.3379579493678303
2026-07-31 04:32:00,20200.46,917.04,44676.11,49039.12,32.89050000000134,24.47049999999581,8.42000000000553,0.34408777916295014
2026-07-31 04:33:00,20200.47,917.33,44676.07,49039.08,32.850500000000466,24.47049999999581,8.380000000004657,0.3424531578842317
2026-07-31 04:34:00,20200.28,917.56,44675.88,49038.84,32.61049999999523,24.475499999996828,8.1349999999984,0.33237318951602435
2026-07-31 04:35:00,20200.53,917.84,44676.12,49039.17,32.94049999999697,24.480499999997846,8.459999999999127,0.34558117685504264
2026-07-31 04:36:00,20200.52,918.15,44676.16,49039.2,32.97049999999581,24.500499999998283,8.469999999997526,0.34570723046460766
2026-07-31 04:37:00,20200.54,918.58,44676.16,49039.21,32.980499999997846,24.52049999999872,8.459999999999127,0.3450174343916139
2026-07-31 04:38:00,20200.71,918.49,44676.12,49039.25,33.02049999999872,24.545500000000175,8.474999999998545,0.3452771383756079
2026-07-31 04:39:00,20201.21,918.48,44676.37,49039.68,33.45049999999901,24.57050000000163,8.87999999999738,0.36140900673558907
2026-07-31 04:40:00,20201.46,918.55,44676.65,49040.03,33.800499999997555,24.57549999999901,9.224999999998545,0.37537384793794293
2026-07-31 04:41:00,20201.42,918.28,44676.54,49039.9,33.670500000000175,24.58049999999639,9.090000000003783,0.36980533349627215
2026-07-31 04:42:00,20201.49,918.2,44676.45,49039.85,33.620499999997264,24.58549999999741,9.034999999999854,0.3674930345122453
2026-07-31 04:43:00,20201.67,918.38,44676.64,49040.1,33.870499999997264,24.59049999999843,9.279999999998836,0.37738150911935214
2026-07-31 04:44:00,20201.68,918.25,44676.64,49040.1,33.870499999997264,24.59049999999843,9.279999999998836,0.37738150911935214
2026-07-31 04:45:00,20201.95,918.25,44676.8,49040.36,34.1304999999993,24.59049999999843,9.540000000000873,0.38795469795252163
2026-07-31 04:46:00,20202.31,918.18,44677.04,49040.71,34.480499999997846,24.600499999996828,9.880000000001019,0.40161785329575794
2026-07-31 04:47:00,20202.33,918.39,44677.19,49040.88,34.6504999999961,24.610499999995227,10.040000000000873,0.40795595375968874
2026-07-31 04:48:00,20202.26,918.35,44676.96,49040.64,34.41049999999814,24.630499999995664,9.780000000002474,0.3970686750169179
2026-07-31 04:49:00,20202.29,918.29,44676.82,49040.52,34.29049999999552,24.6504999999961,9.639999999999418,0.3910671183140684
2026-07-31 04:50:00,20202.67,918.4,44677.21,49041.03,34.800499999997555,24.65549999999712,10.145000000000437,0.41147005739091164
2026-07-31 04:51:00,20202.35,918.92,44677.0,49040.71,34.480499999997846,24.660499999998137,9.819999999999709,0.3982076600231322
2026-07-31 04:52:00,20202.28,919.65,44676.97,49040.68,34.45049999999901,24.665499999999156,9.784999999999854,0.39670795240316187
2026-07-31 04:53:00,20202.61,919.58,44677.07,49040.9,34.670500000000175,24.670500000000175,10.0,0.40534241300338175
2026-07-31 04:54:00,20202.9,919.01,44677.15,49041.07,34.84049999999843,24.670500000000175,10.169999999998254,0.41223323402436846
2026-07-31 04:55:00,20203.13,919.11,44677.28,49041.29,35.06049999999959,24.670500000000175,10.389999999999418,0.42115076711049004
2026-07-31 04:56:00,20202.99,919.57,44677.34,49041.29,35.06049999999959,24.685499999999593,10.375,0.4202872131413247
2026-07-31 04:57:00,20202.55,920.3,44677.17,49040.97,34.740499999999884,24.70049999999901,10.040000000000873,0.4064695046659491
2026-07-31 04:58:00,20202.38,920.96,44676.9,49040.66,34.43050000000221,24.70550000000003,9.725000000002183,0.39363704438291763
2026-07-31 04:59:00,20202.41,921.4,44677.02,49040.81,34.58049999999639,24.710500000001048,9.869999999995343,0.39942534550069503
2026-07-31 05:00:00,20202.5,921.16,44677.11,49040.92,34.69049999999697,24.71549999999843,9.974999999998545,0.4035928870546491
2026-07-31 05:01:00,20202.73,921.21,44677.35,49041.24,35.01049999999668,24.72049999999581,10.290000000000873,0.4162537165511465
2026-07-31 05:02:00,20202.83,921.39,44677.46,49041.38,35.1504999999961,24.725499999996828,10.424999999999272,0.4216294918202103
2026-07-31 05:03:00,20202.93,921.94,44677.58,49041.53,35.300499999997555,24.730499999997846,10.569999999999709,0.4274074523362095
2026-07-31 05:04:00,20202.23,922.59,44677.09,49040.81,34.58049999999639,24.735499999998865,9.844999999997526,0.3980109559134838
2026-07-31 05:05:00,20202.35,923.13,44677.19,49040.96,34.730499999997846,24.740499999999884,9.989999999997963,0.40379135425710916
2026-07-31 05:06:00,20202.05,923.6,44677.07,49040.72,34.490499999999884,24.750499999998283,9.7400000000016,0.39352740348689025
2026-07-31 05:07:00,20202.0,923.99,44677.05,49040.7,34.47049999999581,24.760499999996682,9.709999999999127,0.3921568627451153
2026-07-31 05:08:00,20202.15,924.45,44677.09,49040.82,34.59049999999843,24.77049999999872,9.819999999999709,0.39643931289236056
2026-07-31 05:09:00,20202.37,924.84,44677.16,49040.99,34.76049999999668,24.780500000000757,9.979999999995925,0.40273602227540284
2026-07-31 05:10:00,20202.51,924.99,44677.39,49041.24,35.01049999999668,24.790499999999156,10.219999999997526,0.41225469433847134
2026-07-31 05:11:00,20202.21,925.18,44677.24,49041.0,34.77049999999872,24.800499999997555,9.970000000001164,0.40200802403186014
2026-07-31 05:12:00,20201.76,926.22,44677.02,49040.63,34.4004999999961,24.815499999996973,9.584999999999127,0.38625052890331835
2026-07-31 05:13:00,20201.71,927.07,44677.11,49040.7,34.47049999999581,24.83049999999639,9.639999999999418,0.38823221441375805
2026-07-31 05:14:00,20202.09,927.07,44677.26,49041.0,34.77049999999872,24.83049999999639,9.940000000002328,0.40031412980019626
2026-07-31 05:15:00,20202.53,926.23,44677.51,49041.39,35.16049999999814,24.83049999999639,10.330000000001746,0.41602061980239013
2026-07-31 05:16:00,20203.01,926.24,44677.95,49041.99,35.76049999999668,24.83549999999741,10.924999999999272,0.4398945058484996
2026-07-31 05:17:00,20203.16,926.03,44678.12,49042.19,35.96050000000105,24.84049999999843,11.12000000000262,0.44765604557087507
2026-07-31 05:18:00,20202.82,926.42,44677.94,49041.89,35.66049999999814,24.850499999996828,10.81000000000131,0.4350013078208764
2026-07-31 05:19:00,20202.93,926.76,44678.06,49042.06,35.83049999999639,24.860499999995227,10.970000000001164,0.44126224331784436
2026-07-31 05:20:00,20202.87,927.06,44678.02,49042.0,35.77049999999872,24.875499999998283,10.895000000000437,0.4379811461076637
2026-07-31 05:21:00,20202.66,927.46,44677.95,49041.86,35.6304999999993,24.89050000000134,10.739999999997963,0.4314899258752289
2026-07-31 05:22:00,20202.82,927.34,44677.92,49041.88,35.6504999999961,24.89549999999872,10.75499999999738,0.43200578417778046
2026-07-31 05:23:00,20202.63,927.71,44677.8,49041.71,35.480499999997846,24.9004999999961,10.580000000001746,0.4248910664445856
2026-07-31 05:24:00,20202.75,928.32,44677.9,49041.85,35.620499999997264,24.90549999999712,10.715000000000146,0.43022625524488106
2026-07-31 05:25:00,20202.66,928.99,44677.7,49041.65,35.420500000000175,24.910499999998137,10.510000000002037,0.4219104393730685
2026-07-31 05:26:00,20202.65,929.31,44677.42,49041.41,35.18050000000221,24.920500000000175,10.260000000002037,0.4117092353685506
2026-07-31 05:27:00,20202.54,929.91,44677.29,49041.27,35.04049999999552,24.930500000002212,10.109999999993306,0.40552736607739154
2026-07-31 05:28:00,20202.84,930.03,44677.47,49041.54,35.31049999999959,24.94050000000061,10.369999999998981,0.4157895791984414
2026-07-31 05:29:00,20202.83,929.96,44677.42,49041.49,35.26049999999668,24.95049999999901,10.309999999997672,0.4132181719804445
2026-07-31 05:30:00,20202.79,931.02,44677.4,49041.48,35.25050000000192,24.95550000000003,10.295000000001892,0.4125343110737865
2026-07-31 05:31:00,20202.69,932.0,44677.11,49041.19,34.96050000000105,24.960500000001048,10.0,0.40063300014020475
2026-07-31 05:32:00,20202.73,932.27,44677.13,49041.24,35.01049999999668,24.970499999999447,10.039999999997235,0.4020744478483594
2026-07-31 05:33:00,20202.82,932.71,44677.16,49041.31,35.08049999999639,24.980499999997846,10.099999999998545,0.40431536598544526
2026-07-31 05:34:00,20202.61,933.26,44676.91,49041.0,34.77049999999872,24.990499999999884,9.779999999998836,0.39134871251070935
2026-07-31 05:35:00,20202.47,933.75,44676.86,49040.91,34.68050000000221,25.00050000000192,9.680000000000291,0.3871922561548588
2026-07-31 05:36:00,20202.32,934.34,44676.66,49040.67,34.44049999999697,25.01050000000032,9.429999999996653,0.3770416425100071
2026-07-31 05:37:00,20202.25,934.69,44676.54,49040.54,34.31049999999959,25.02049999999872,9.290000000000873,0.37129553765917345
2026-07-31 05:38:00,20202.67,934.36,44676.67,49040.83,34.600500000000466,25.035499999998137,9.565000000002328,0.3820574783808208
2026-07-31 05:39:00,20202.67,934.48,44676.74,49040.89,34.66049999999814,25.050499999997555,9.610000000000582,0.3836250773438263
2026-07-31 05:40:00,20202.72,934.69,44676.66,49040.83,34.600500000000466,25.070499999997992,9.530000000002474,0.3801280389303459
2026-07-31 05:41:00,20202.37,934.7,44676.32,49040.38,34.1504999999961,25.09049999999843,9.059999999997672,0.36109284390499347
2026-07-31 05:42:00,20202.74,934.75,44676.59,49040.79,34.56049999999959,25.09049999999843,9.470000000001164,0.37743369004211785
2026-07-31 05:43:00,20202.71,934.38,44676.63,49040.81,34.58049999999639,25.09049999999843,9.489999999997963,0.3782308044876968
2026-07-31 05:44:00,20202.68,934.17,44676.6,49040.76,34.53050000000076,25.095499999999447,9.43500000000131,0.3759638182144814
2026-07-31 05:45:00,20202.86,934.02,44676.85,49041.06,34.83049999999639,25.100500000000466,9.729999999995925,0.38764168044444314
2026-07-31 05:46:00,20202.83,933.87,44676.91,49041.08,34.850500000000466,25.105499999997846,9.74500000000262,0.38816195654352453
2026-07-31 05:47:00,20202.52,933.95,44676.68,49040.76,34.53050000000076,25.110499999995227,9.42000000000553,0.37514187292197765
2026-07-31 05:48:00,20202.41,933.82,44676.57,49040.61,34.3804999999993,25.115499999996246,9.265000000003056,0.36889570185759557
2026-07-31 05:49:00,20202.5,934.03,44676.83,49040.89,34.66049999999814,25.120499999997264,9.540000000000873,0.37976951095726247
2026-07-31 05:50:00,20202.31,933.74,44676.66,49040.66,34.43050000000221,25.120499999997264,9.310000000004948,0.3706136422446194
2026-07-31 05:51:00,20201.92,933.73,44676.48,49040.35,34.120499999997264,25.120499999997264,9.0,0.35827312354455443
2026-07-31 05:52:00,20201.79,933.91,44676.57,49040.35,34.120499999997264,25.125499999998283,8.994999999998981,0.3580028258143956
2026-07-31 05:53:00,20201.13,933.91,44676.43,49039.96,33.730499999997846,25.1304999999993,8.599999999998545,0.3422136447742299
2026-07-31 05:54:00,20201.12,934.09,44676.36,49039.89,33.66049999999814,25.13550000000032,8.524999999997817,0.33916174335094623
2026-07-31 05:55:00,20201.17,933.89,44676.42,49039.97,33.740499999999884,25.14050000000134,8.599999999998545,0.3420775243132828
2026-07-31 05:56:00,20201.06,933.51,44676.51,49040.0,33.77049999999872,25.14050000000134,8.62999999999738,0.34327081800270165
2026-07-31 05:57:00,20200.69,933.64,44676.4,49039.76,33.53050000000076,25.14050000000134,8.389999999999418,0.33372446848706155
2026-07-31 05:58:00,20200.34,933.81,44676.34,49039.55,33.32050000000163,25.160500000001775,8.159999999999854,0.3243178792154082
2026-07-31 05:59:00,20200.3,934.02,44676.37,49039.58,33.350500000000466,25.180500000002212,8.169999999998254,0.32445741744594175
2026-07-31 06:00:00,20200.02,934.01,44676.18,49039.27,33.04049999999552,25.210500000001048,7.82999999999447,0.3105848753493245
2026-07-31 06:01:00,20199.89,934.41,44676.22,49039.28,33.050499999997555,25.240499999999884,7.809999999997672,0.30942334739794014
2026-07-31 06:02:00,20199.63,935.16,44675.99,49038.97,32.740499999999884,25.245500000000902,7.494999999998981,0.2968845932938034
2026-07-31 06:03:00,20199.45,935.06,44675.8,49038.7,32.47049999999581,25.25050000000192,7.219999999993888,0.2859349319812811
2026-07-31 06:04:00,20199.26,935.43,44675.74,49038.58,32.350500000000466,25.27049999999872,7.080000000001746,0.2801685760076811
2026-07-31 06:05:00,20199.38,935.87,44675.72,49038.62,32.39050000000134,25.290499999995518,7.100000000005821,0.2807378264568545
2026-07-31 06:06:00,20199.27,936.08,44675.7,49038.56,32.33049999999639,25.295499999996537,7.0349999999998545,0.27811270779390873
2026-07-31 06:07:00,20198.9,936.24,44675.53,49038.26,32.03050000000076,25.300499999997555,6.730000000003201,0.26600264816916075
2026-07-31 06:08:00,20198.97,936.5,44675.36,49038.14,31.910499999998137,25.310499999999593,6.599999999998545,0.2607613441061477
2026-07-31 06:09:00,20198.89,936.62,44675.43,49038.2,31.97049999999581,25.32050000000163,6.649999999994179,0.2626330443709149
2026-07-31 06:10:00,20198.87,936.77,44675.46,49038.23,32.00050000000192,25.335500000001048,6.665000000000873,0.2630696058889936
2026-07-31 06:11:00,20198.8,936.09,44675.17,49037.95,31.72049999999581,25.350500000000466,6.369999999995343,0.25127709512614055
2026-07-31 06:12:00,20199.1,936.1,44675.54,49038.4,32.170500000000175,25.360499999998865,6.81000000000131,0.2685278287100654
2026-07-31 06:13:00,20198.8,935.95,44675.62,49038.34,32.11049999999523,25.370499999997264,6.739999999997963,0.2656628761750336
2026-07-31 06:14:00,20198.37,936.3,44675.63,49038.16,31.930500000002212,25.375499999998283,6.555000000003929,0.2583200331029683
2026-07-31 06:15:00,20197.97,936.41,44675.55,49037.94,31.710500000001048,25.3804999999993,6.330000000001746,0.24940407005385712
2026-07-31 06:16:00,20197.91,936.75,44675.71,49038.07,31.84049999999843,25.3804999999993,6.459999999999127,0.25452611256670693
2026-07-31 06:17:00,20197.81,936.65,44675.78,49038.08,31.850500000000466,25.3804999999993,6.470000000001164,0.25492011583701435
2026-07-31 06:18:00,20198.0,936.5,44675.91,49038.29,32.06049999999959,25.3804999999993,6.680000000000291,0.26319418451175014
2026-07-31 06:19:00,20198.18,936.29,44676.05,49038.48,32.25050000000192,25.3804999999993,6.870000000002619,0.2706802466461578
2026-07-31 06:20:00,20197.69,936.99,44675.9,49038.14,31.910499999998137,25.39549999999872,6.514999999999418,0.2565415132602133
2026-07-31 06:21:00,20197.09,937.6,44675.77,49037.79,31.560499999999593,25.410499999998137,6.150000000001455,0.24202593416115015
2026-07-31 06:22:00,20196.67,938.27,44675.67,49037.54,31.310499999999593,25.410499999998137,5.900000000001455,0.23218748155297564
2026-07-31 06:23:00,20196.63,938.45,44675.51,49037.39,31.160499999998137,25.410499999998137,5.75,0.22628440998801366
2026-07-31 06:24:00,20196.75,938.09,44675.75,49037.65,31.420500000000175,25.425499999997555,5.995000000002619,0.23578690684561546
2026-07-31 06:25:00,20196.41,938.39,44675.7,49037.47,31.240499999999884,25.440499999996973,5.80000000000291,0.22798294058700105
2026-07-31 06:26:00,20196.55,937.96,44675.8,49037.62,31.39050000000134,25.470499999999447,5.920000000001892,0.2324257474333845
2026-07-31 06:27:00,20196.28,938.17,44675.73,49037.44,31.210500000001048,25.50050000000192,5.709999999999127,0.22391717809449607
2026-07-31 06:28:00,20196.64,938.18,44676.06,49037.9,31.670500000000175,25.51550000000134,6.154999999998836,0.24122592149863858
2026-07-31 06:29:00,20196.42,937.88,44676.28,49037.99,31.760499999996682,25.530500000000757,6.2299999999959255,0.24402185621103153
2026-07-31 06:30:00,20195.91,938.12,44676.29,49037.8,31.57050000000163,25.540499999999156,6.030000000002474,0.2360956128502838
2026-07-31 06:31:00,20195.71,938.41,44676.45,49037.86,31.6304999999993,25.550499999997555,6.080000000001746,0.23796011819738666
2026-07-31 06:32:00,20195.01,938.84,44676.34,49037.49,31.260499999996682,25.555499999998574,5.704999999998108,0.2232396157382335
2026-07-31 06:33:00,20194.73,939.14,44676.5,49037.53,31.300499999997555,25.560499999999593,5.739999999997963,0.22456524715862577
2026-07-31 06:34:00,20194.41,939.46,44676.49,49037.38,31.1504999999961,25.615499999999884,5.5349999999962165,0.21608010774711567
2026-07-31 06:35:00,20194.17,939.53,44676.49,49037.29,31.060499999999593,25.670500000000175,5.389999999999418,0.20996864104709223
2026-07-31 06:36:00,20193.89,939.67,44676.53,49037.21,30.980499999997846,25.695499999997992,5.2849999999998545,0.20567803701038187
2026-07-31 06:37:00,20193.89,939.99,44676.64,49037.32,31.09049999999843,25.72049999999581,5.370000000002619,0.20878287747141364
2026-07-31 06:38:00,20193.6,940.26,44676.48,49037.07,30.84049999999843,25.750499999998283,5.0900000000001455,0.1976660647366259
2026-07-31 06:39:00,20193.24,940.58,44676.42,49036.86,30.6304999999993,25.780500000000757,4.849999999998545,0.18812668489743808
2026-07-31 06:40:00,20193.32,940.88,44676.56,49037.02,30.790499999995518,25.785499999998137,5.004999999997381,0.19410133602209545
2026-07-31 06:41:00,20193.41,940.67,44676.72,49037.2,30.97049999999581,25.790499999995518,5.180000000000291,0.20084914988081623
2026-07-31 06:42:00,20193.54,940.69,44676.65,49037.18,30.95049999999901,25.810499999995955,5.140000000003056,0.19914375932290584
2026-07-31 06:43:00,20193.63,940.63,44676.69,49037.28,31.050499999997555,25.83049999999639,5.220000000001164,0.20208668047470602
2026-07-31 06:44:00,20193.52,940.73,44676.74,49037.29,31.060499999999593,25.83049999999639,5.230000000003201,0.20247381970941067
2026-07-31 06:45:00,20193.68,940.7,44676.69,49037.3,31.07050000000163,25.83049999999639,5.240000000005239,0.20286095894411532
2026-07-31 06:46:00,20193.64,940.64,44676.61,49037.22,30.990499999999884,25.84049999999843,5.150000000001455,0.19929954915739898
2026-07-31 06:47:00,20193.81,940.71,44676.96,49037.61,31.3804999999993,25.850500000000466,5.529999999998836,0.21392236126955905
2026-07-31 06:48:00,20193.71,940.44,44676.92,49037.53,31.300499999997555,25.860499999998865,5.43999999999869,0.21035942847195255
2026-07-31 06:49:00,20193.7,939.76,44677.06,49037.64,31.410499999998137,25.870499999997264,5.540000000000873,0.21414352254504007
2026-07-31 06:50:00,20193.57,940.4,44676.98,49037.53,31.300499999997555,25.870499999997264,5.430000000000291,0.20989157534647052
2026-07-31 06:51:00,20193.64,940.68,44676.91,49037.52,31.290499999995518,25.870499999997264,5.419999999998254,0.2095050346919784
2026-07-31 06:52:00,20193.41,940.17,44677.02,49037.51,31.280500000000757,25.875499999998283,5.405000000002474,0.20888485246672847
2026-07-31 06:53:00,20193.45,940.08,44677.26,49037.74,31.510499999996682,25.8804999999993,5.629999999997381,0.2175383010373653
2026-07-31 06:54:00,20192.6,940.39,44677.05,49037.19,30.960500000001048,25.88550000000032,5.075000000000728,0.19605570686294121
2026-07-31 06:55:00,20191.67,941.24,44676.91,49036.71,30.480499999997846,25.89050000000134,4.5899999999965075,0.1772851045748931
2026-07-31 06:56:00,20191.04,941.79,44676.85,49036.41,30.180500000002212,25.89549999999872,4.2850000000034925,0.16547276553855705
2026-07-31 06:57:00,20191.13,941.63,44676.99,49036.57,30.34049999999843,25.9004999999961,4.440000000002328,0.1714252620606937
2026-07-31 06:58:00,20190.9,941.13,44677.06,49036.54,30.310499999999593,25.9004999999961,4.4100000000034925,0.17026698326303186
2026-07-31 06:59:00,20190.63,940.96,44677.13,49036.5,30.27049999999872,25.9004999999961,4.370000000002619,0.16872261153272244
2026-07-31 07:00:00,20190.69,940.6,44677.38,49036.73,30.50050000000192,25.9004999999961,4.600000000005821,0.17760274898193137
2026-07-31 07:01:00,20190.77,940.89,44677.34,49036.73,30.50050000000192,25.9004999999961,4.600000000005821,0.17760274898193137
2026-07-31 07:02:00,20190.44,941.04,44677.12,49036.42,30.190499999996973,25.90549999999712,4.2849999999998545,0.16540889000406597
2026-07-31 07:03:00,20189.87,940.66,44677.04,49036.11,29.8804999999993,25.910499999998137,3.970000000001164,0.15321973717224482
2026-07-31 07:04:00,20189.56,940.7,44677.24,49036.15,29.920500000000175,25.915499999999156,4.005000000001019,0.154540718874849
2026-07-31 07:05:00,20188.7,941.92,44677.02,49035.61,29.3804999999993,25.920500000000175,3.459999999999127,0.13348507937729223
2026-07-31 07:06:00,20187.85,942.77,44676.62,49034.91,28.680500000002212,25.925500000001193,2.7550000000010186,0.10626603151340926
2026-07-31 07:07:00,20187.73,942.33,44676.6,49034.85,28.620499999997264,25.930500000002212,2.6899999999950523,0.10373884036153652
2026-07-31 07:08:00,20187.94,941.41,44676.84,49035.13,28.9004999999961,25.935499999999593,2.9649999999965075,0.11432206820753617
2026-07-31 07:09:00,20187.46,941.56,44676.72,49034.83,28.600500000000466,25.940499999996973,2.6600000000034925,0.10254235654685927
2026-07-31 07:10:00,20187.35,942.05,44676.5,49034.6,28.370499999997264,25.945499999997992,2.4249999999992724,0.0934651480988788
2026-07-31 07:11:00,20187.41,941.6,44676.36,49034.5,28.27049999999872,25.95049999999901,2.319999999999709,0.0894009749330378
2026-07-31 07:12:00,20187.24,941.85,44676.33,49034.41,28.180500000002212,25.95049999999901,2.2300000000032014,0.08593283366421789
2026-07-31 07:13:00,20186.9,941.71,44676.23,49034.17,27.940499999996973,25.95049999999901,1.9899999999979627,0.07668445694680405
2026-07-31 07:14:00,20186.22,941.75,44676.08,49033.76,27.530500000000757,25.95049999999901,1.5800000000017462,0.06088514672171274
2026-07-31 07:15:00,20185.94,941.77,44676.1,49033.66,27.430500000002212,25.95049999999901,1.4800000000032014,0.057031656422930496
2026-07-31 07:16:00,20185.94,941.78,44676.17,49033.72,27.490499999999884,25.95049999999901,1.5400000000008731,0.059343750602143766
2026-07-31 07:17:00,20185.82,942.19,44675.98,49033.51,27.280500000000757,25.95049999999901,1.3300000000017462,0.05125142097461694
2026-07-31 07:18:00,20185.43,942.32,44675.71,49033.11,26.8804999999993,25.95049999999901,0.930000000000291,0.03583745977920759
2026-07-31 07:19:00,20185.13,941.92,44675.69,49032.95,26.72049999999581,25.95049999999901,0.7699999999967986,0.029671875300931693
2026-07-31 07:20:00,20185.14,941.68,44675.8,49033.04,26.810499999999593,25.95550000000003,0.8549999999995634,0.03294099516478444
2026-07-31 07:21:00,20185.13,942.21,44675.64,49032.92,26.690499999996973,25.960500000001048,0.7299999999959255,0.0281196433040926
2026-07-31 07:22:00,20184.55,942.0,44675.46,49032.51,26.280500000000757,25.96549999999843,0.3150000000023283,0.012131482159109102
2026-07-31 07:23:00,20183.9,941.95,44675.56,49032.35,26.120499999997264,25.960500000001048,0.1599999999962165,0.006163209491196627
2026-07-31 07:24:00,20183.99,941.9,44675.65,49032.47,26.240499999999884,25.95550000000003,0.2849999999998545,0.010980331721594813
2026-07-31 07:25:00,20183.61,941.73,44675.51,49032.18,25.95049999999901,25.95049999999901,0.0,0.0
2026-07-31 07:26:00,20183.85,941.5,44675.71,49032.45,26.22049999999581,25.95049999999901,0.2699999999967986,0.010404423806740096
2026-07-31 07:27:00,20183.4,941.47,44675.76,49032.31,26.08049999999639,25.95049999999901,0.12999999999738066,0.005009537388388879
2026-07-31 07:28:00,20183.1,941.33,44675.66,49032.1,25.870499999997264,25.95049999999901,-0.08000000000174623,0.0030827922391379464
2026-07-31 07:29:00,20183.53,940.69,44675.96,49032.53,26.300499999997555,25.95049999999901,0.3499999999985448,0.013487216045878042
2026-07-31 07:30:00,20183.0,941.55,44675.73,49032.13,25.9004999999961,25.95049999999901,-0.05000000000291038,0.001926745149531311
2026-07-31 07:31:00,20182.27,942.49,44675.41,49031.53,25.300499999997555,25.95049999999901,-0.6500000000014552,0.025047686942505153
2026-07-31 07:32:00,20181.82,942.73,44675.27,49031.23,25.00050000000192,25.95049999999901,-0.9499999999970896,0.036608157838851886
2026-07-31 07:33:00,20181.87,942.5,44675.37,49031.34,25.110499999995227,25.95049999999901,-0.8400000000037835,0.032369318510387685
2026-07-31 07:34:00,20181.37,942.94,44675.12,49030.94,24.710500000001048,25.945499999997992,-1.234999999996944,0.047599776454377046
2026-07-31 07:35:00,20181.43,943.47,44675.05,49030.9,24.670500000000175,25.940499999996973,-1.2699999999967986,0.048958192787222556
2026-07-31 07:36:00,20181.09,943.76,44675.09,49030.81,24.58049999999639,25.935499999999593,-1.3550000000032014,0.05224499238507924
2026-07-31 07:37:00,20180.72,943.3,44675.07,49030.62,24.39050000000134,25.930500000002212,-1.5400000000008731,0.05938952199150582
2026-07-31 07:38:00,20181.38,943.06,44675.26,49031.06,24.83049999999639,25.925500000001193,-1.0950000000048021,0.04223640816974607
2026-07-31 07:39:00,20181.35,942.94,44675.29,49031.06,24.83049999999639,25.920500000000175,-1.0900000000037835,0.04205165795427465
2026-07-31 07:40:00,20180.8,942.66,44675.33,49030.88,24.6504999999961,25.915499999999156,-1.265000000003056,0.04881248673585681
2026-07-31 07:41:00,20180.12,942.27,44675.31,49030.57,24.34049999999843,25.910499999998137,-1.569999999999709,0.06059319580864213
2026-07-31 07:42:00,20179.65,942.81,44675.3,49030.36,24.1304999999993,25.90549999999712,-1.7749999999978172,0.0685182683213223
2026-07-31 07:43:00,20179.23,943.2,44675.38,49030.28,24.050499999997555,25.9004999999961,-1.8499999999985448,0.0714271925251954
2026-07-31 07:44:00,20178.68,943.51,44675.3,49029.97,23.740499999999884,25.9004999999961,-2.1599999999962165,0.08339607343474226
2026-07-31 07:45:00,20179.02,943.17,44675.17,49030.0,23.77049999999872,25.9004999999961,-2.1299999999973807,0.08223779463708042
2026-07-31 07:46:00,20177.35,944.26,44674.74,49028.95,22.72049999999581,25.9004999999961,-3.180000000000291,0.12277755255693017
2026-07-31 07:47:00,20177.84,943.68,44675.14,49029.5,23.27049999999872,25.9004999999961,-2.6299999999973807,0.10154244126552679
2026-07-31 07:48:00,20177.03,943.25,44675.18,49029.21,22.980499999997846,25.89549999999872,-2.915000000000873,0.11256782066386119
2026-07-31 07:49:00,20178.14,941.73,44676.2,49030.55,24.32050000000163,25.89050000000134,-1.569999999999709,0.06064000308992209
2026-07-31 07:50:00,20177.4,941.92,44675.95,49030.06,23.83049999999639,25.88550000000032,-2.055000000003929,0.07938807440474024
2026-07-31 07:51:00,20176.8,941.65,44675.92,49029.78,23.550499999997555,25.8804999999993,-2.3300000000017462,0.09002917254310423
2026-07-31 07:52:00,20176.27,942.21,44675.82,49029.47,23.240499999999884,25.875499999998283,-2.6349999999983993,0.10183378098968422
2026-07-31 07:53:00,20176.51,942.36,44675.8,49029.56,23.33049999999639,25.870499999997264,-2.540000000000873,0.09818132622102943
2026-07-31 07:54:00,20176.02,942.58,44675.72,49029.28,23.050499999997555,25.870499999997264,-2.819999999999709,0.10900446454455875
2026-07-31 07:55:00,20176.08,942.36,44675.77,49029.36,23.1304999999993,25.870499999997264,-2.7399999999979627,0.1059121393091843
2026-07-31 07:56:00,20176.23,941.84,44675.79,49029.43,23.20049999999901,25.860499999998865,-2.6599999999998545,0.10285957348079006
2026-07-31 07:57:00,20176.18,940.91,44676.05,49029.61,23.3804999999993,25.860499999995227,-2.4799999999959255,0.09589915121503387
2026-07-31 07:58:00,20176.25,940.87,44676.15,49029.73,23.50050000000192,25.855499999997846,-2.3549999999959255,0.09108313511616954
2026-07-31 07:59:00,20175.48,940.91,44676.02,49029.32,23.09049999999843,25.850500000000466,-2.7600000000020373,0.10676776077839839
2026-07-31 08:00:00,20175.06,941.77,44675.78,49028.94,22.710500000001048,25.855499999997846,-3.1449999999967986,0.1216375626074553
2026-07-31 08:01:00,20174.64,942.07,44675.5,49028.52,22.290499999995518,25.860499999995227,-3.569999999999709,0.13804837493476027
2026-07-31 08:02:00,20174.24,942.34,44675.35,49028.23,22.00050000000192,25.865499999996246,-3.8649999999943248,0.14942684270533668
2026-07-31 08:03:00,20174.54,941.66,44675.45,49028.44,22.210500000001048,25.870499999997264,-3.6599999999962165,0.14147387951514673
2026-07-31 08:04:00,20174.29,940.66,44675.71,49028.56,22.33049999999639,25.870499999997264,-3.540000000000873,0.1368353916623663
2026-07-31 08:05:00,20174.27,940.25,44675.78,49028.61,22.3804999999993,25.870499999997264,-3.4899999999979627,0.13490268839018696
2026-07-31 08:06:00,20174.41,940.2,44675.63,49028.52,22.290499999995518,25.875499999998283,-3.585000000002765,0.13854804738084298
2026-07-31 08:07:00,20174.44,940.07,44675.54,49028.45,22.22049999999581,25.8804999999993,-3.6600000000034925,0.14141921523941156
2026-07-31 08:08:00,20173.67,940.81,44675.17,49027.82,21.59049999999843,25.88550000000032,-4.295000000001892,0.1659230070889818
2026-07-31 08:09:00,20173.17,941.26,44674.81,49027.3,21.07050000000163,25.89050000000134,-4.819999999999709,0.18616867190666306
2026-07-31 08:10:00,20172.94,941.26,44674.58,49026.99,20.760499999996682,25.89549999999872,-5.135000000002037,0.19829700140959977
2026-07-31 08:11:00,20173.63,940.59,44674.58,49027.25,21.02049999999872,25.9004999999961,-4.879999999997381,0.18841335109353546
2026-07-31 08:12:00,20174.13,939.95,44674.82,49027.67,21.440499999996973,25.9004999999961,-4.459999999999127,0.17219744792570793
2026-07-31 08:13:00,20174.17,939.13,44674.7,49027.57,21.34049999999843,25.9004999999961,-4.559999999997672,0.17605837725134102
2026-07-31 08:14:00,20173.64,939.71,44674.28,49026.99,20.760499999996682,25.9004999999961,-5.139999999999418,0.19845176734040623
2026-07-31 08:15:00,20173.64,939.69,44674.19,49026.89,20.660499999998137,25.9004999999961,-5.239999999997963,0.20231269666603932
2026-07-31 08:16:00,20173.33,939.94,44674.01,49026.59,20.360499999995227,25.90549999999712,-5.545000000001892,0.2140472100520163
2026-07-31 08:17:00,20172.65,940.18,44673.66,49026.01,19.780500000000757,25.910499999998137,-6.129999999997381,0.23658362439929068
2026-07-31 08:18:00,20172.45,940.23,44673.3,49025.61,19.3804999999993,25.915499999999156,-6.5349999999998545,0.25216569234628183
2026-07-31 08:19:00,20172.63,939.66,44673.33,49025.7,19.47049999999581,25.920500000000175,-6.450000000004366,0.24883779248102167
2026-07-31 08:20:00,20172.16,938.83,44673.36,49025.52,19.290499999995518,25.925500000001193,-6.635000000005675,0.25592563306417887
2026-07-31 08:21:00,20172.13,938.05,44673.38,49025.49,19.260499999996682,25.930500000002212,-6.67000000000553,0.25722604654769327
2026-07-31 08:22:00,20171.81,937.83,44673.38,49025.36,19.1304999999993,25.935499999999593,-6.805000000000291,0.26238167762335013
2026-07-31 08:23:00,20171.77,937.61,44673.17,49025.15,18.920500000000175,25.940499999996973,-7.019999999996799,0.27061930186378896
2026-07-31 08:24:00,20171.79,937.39,44673.12,49025.1,18.870499999997264,25.945499999997992,-7.075000000000728,0.27268697847415835
2026-07-31 08:25:00,20171.91,937.75,44672.7,49024.78,18.550499999997555,25.95049999999901,-7.400000000001455,0.2851582821140917
2026-07-31 08:26:00,20171.59,937.62,44672.2,49024.21,17.980499999997846,25.95049999999901,-7.970000000001164,0.30712317681745893
2026-07-31 08:27:00,20171.67,937.61,44672.05,49024.1,17.870499999997264,25.95049999999901,-8.080000000001746,0.3113620161462035
2026-07-31 08:28:00,20171.72,937.54,44671.86,49023.94,17.710500000001048,25.95049999999901,-8.239999999997963,0.31752760062419905
2026-07-31 08:29:00,20172.26,936.77,44671.97,49024.25,18.02049999999872,25.95049999999901,-7.930000000000291,0.30558178069788994
2026-07-31 08:30:00,20172.06,936.66,44671.69,49023.89,17.660499999998137,25.95049999999901,-8.290000000000873,0.31945434577373033
2026-07-31 08:31:00,20172.36,936.41,44671.49,49023.84,17.610499999995227,25.95049999999901,-8.340000000003783,0.32138109092326167
2026-07-31 08:32:00,20172.24,936.63,44671.34,49023.65,17.420500000000175,25.95049999999901,-8.529999999998836,0.3287027224908638
2026-07-31 08:33:00,20171.78,937.25,44670.67,49022.87,16.64050000000134,25.95049999999901,-9.309999999997672,0.3587599468217578
2026-07-31 08:34:00,20170.96,937.6,44670.09,49022.0,15.77049999999872,25.95550000000003,-10.18500000000131,0.392402380998297
2026-07-31 08:35:00,20170.89,936.99,44670.03,49021.93,15.70049999999901,25.960500000001048,-10.260000000002037,0.3952158086324078
2026-07-31 08:36:00,20170.86,936.22,44670.08,49021.94,15.710500000001048,25.96549999999843,-10.25499999999738,0.3949471413990873
2026-07-31 08:37:00,20171.04,935.35,44670.27,49022.17,15.940499999996973,25.97049999999581,-10.029999999998836,0.3862074276583221
2026-07-31 08:38:00,20170.96,934.34,44670.42,49022.24,16.010499999996682,25.97049999999581,-9.959999999999127,0.38351206176241254
2026-07-31 08:39:00,20170.93,933.41,44670.09,49021.91,15.680500000002212,25.97049999999581,-10.289999999993597,0.39621878670011196
2026-07-31 08:40:00,20170.81,933.51,44670.44,49022.19,15.960500000001048,25.975499999996828,-10.01499999999578,0.3855556197184656
2026-07-31 08:41:00,20170.16,933.64,44670.04,49021.55,15.32050000000163,25.980499999997846,-10.659999999996217,0.41030773079798694
2026-07-31 08:42:00,20170.15,933.55,44669.51,49021.08,14.850500000000466,25.985499999998865,-11.1349999999984,0.42850820649973587
2026-07-31 08:43:00,20170.18,933.41,44669.15,49020.76,14.530500000000757,25.990499999999884,-11.459999999999127,0.4409303399318666
2026-07-31 08:44:00,20170.4,933.11,44669.05,49020.75,14.52049999999872,25.995500000000902,-11.475000000002183,0.4414225539036289
2026-07-31 08:45:00,20170.34,932.6,44668.91,49020.59,14.360499999995227,26.00050000000192,-11.640000000006694,0.44768369839063993
2026-07-31 08:46:00,20170.02,931.56,44668.82,49020.36,14.130499999999302,26.00050000000192,-11.87000000000262,0.4565296821215647
2026-07-31 08:47:00,20169.73,930.91,44668.91,49020.32,14.090499999998428,26.00050000000192,-11.910000000003492,0.45806811407482984
2026-07-31 08:48:00,20169.56,930.77,44668.69,49020.04,13.810499999999593,26.00050000000192,-12.190000000002328,0.46883713774740593
2026-07-31 08:49:00,20169.44,930.54,44668.39,49019.71,13.480499999997846,26.00050000000192,-12.520000000004075,0.4815292013616334
2026-07-31 08:50:00,20169.28,930.6,44667.98,49019.28,13.050499999997555,26.0054999999993,-12.955000000001746,0.49816384995489776
2026-07-31 08:51:00,20169.29,930.55,44667.62,49018.96,12.730499999997846,26.010499999996682,-13.279999999998836,0.5105630418485047
2026-07-31 08:52:00,20168.65,930.47,44667.33,49018.44,12.210500000001048,26.02049999999872,-13.809999999997672,0.5307353817181972
2026-07-31 08:53:00,20168.59,930.77,44666.83,49017.96,11.730499999997846,26.030500000000757,-14.30000000000291,0.5493555636657957
2026-07-31 08:54:00,20167.96,930.84,44666.46,49017.38,11.1504999999961,26.035499999998137,-14.885000000002037,0.5717193831500491
2026-07-31 08:55:00,20168.26,930.35,44666.25,49017.32,11.090499999998428,26.040499999995518,-14.94999999999709,0.5741057199362402
2026-07-31 08:56:00,20168.6,929.72,44666.07,49017.27,11.040499999995518,26.045499999996537,-15.005000000001019,0.5761071970207143
2026-07-31 08:57:00,20168.99,928.96,44665.98,49017.33,11.100500000000466,26.050499999997555,-14.94999999999709,0.5738853380932609
2026-07-31 08:58:00,20168.3,927.86,44665.84,49016.9,10.670500000000175,26.065499999996973,-15.394999999996799,0.5906274577506123
2026-07-31 08:59:00,20167.82,927.4,44665.6,49016.48,10.25050000000192,26.08049999999639,-15.82999999999447,0.6069668909720543
2026-07-31 09:00:00,20167.77,927.19,44665.54,49016.41,10.180500000002212,26.08549999999741,-15.904999999995198,0.6097257096853339
2026-07-31 09:01:00,20167.74,927.19,44665.18,49016.06,9.830499999996391,26.09049999999843,-16.260000000002037,0.6232153465822049
2026-07-31 09:02:00,20168.14,926.99,44664.76,49015.85,9.620499999997264,26.09049999999843,-16.470000000001164,0.6312642532723465
2026-07-31 09:03:00,20168.05,927.0,44664.41,49015.49,9.260499999996682,26.09049999999843,-16.830000000001746,0.6450623790269546
2026-07-31 09:04:00,20168.0,926.76,44664.06,49015.15,8.920500000000175,26.095499999999447,-17.174999999999272,0.6581594527792008
2026-07-31 09:05:00,20168.17,926.39,44663.84,49015.0,8.77049999999872,26.100500000000466,-17.330000000001746,0.6639719545603125
2026-07-31 09:06:00,20168.1,926.2,44663.51,49014.66,8.430500000002212,26.100500000000466,-17.669999999998254,0.6769985249323935
2026-07-31 09:07:00,20168.14,925.87,44663.29,49014.45,8.220499999995809,26.100500000000466,-17.880000000004657,0.6850443478095951
2026-07-31 09:08:00,20168.06,925.59,44663.0,49014.16,7.930500000002212,26.100500000000466,-18.169999999998254,0.6961552460680036
2026-07-31 09:09:00,20168.06,925.58,44662.71,49013.9,7.670500000000175,26.100500000000466,-18.43000000000029,0.706116741058599
2026-07-31 09:10:00,20167.83,925.62,44662.33,49013.46,7.230499999997846,26.110499999998865,-18.88000000000102,0.723080752953863
2026-07-31 09:11:00,20167.52,925.31,44661.92,49012.96,6.730499999997846,26.120499999997264,-19.389999999999418,0.7423288221895235
2026-07-31 09:12:00,20167.27,925.12,44661.68,49012.64,6.410499999998137,26.125499999998283,-19.715000000000146,0.7546267057090368
2026-07-31 09:13:00,20167.3,925.02,44661.46,49012.47,6.240499999999884,26.1304999999993,-19.889999999999418,0.7611794646103194
2026-07-31 09:14:00,20167.0,924.86,44661.08,49012.01,5.780500000000757,26.1304999999993,-20.349999999998545,0.7787834140180666
2026-07-31 09:15:00,20167.14,924.59,44661.12,49012.08,5.850500000000466,26.1304999999993,-20.279999999998836,0.7761045521516763
2026-07-31 09:16:00,20166.85,924.49,44660.91,49011.78,5.550499999997555,26.14549999999872,-20.595000000001164,0.7877072536383765
2026-07-31 09:17:00,20167.18,923.86,44660.96,49011.94,5.710500000001048,26.160499999998137,-20.44999999999709,0.7817128877505608
2026-07-31 09:18:00,20166.95,923.83,44660.58,49011.51,5.280500000000757,26.165499999999156,-20.8849999999984,0.7981884542622565
2026-07-31 09:19:00,20167.08,923.25,44660.48,49011.46,5.230499999997846,26.170500000000175,-20.94000000000233,0.8001375594658944
2026-07-31 09:20:00,20167.4,922.98,44660.46,49011.55,5.32050000000163,26.180499999998574,-20.859999999996944,0.7967762265807788
2026-07-31 09:21:00,20167.27,922.94,44660.12,49011.2,4.970499999995809,26.190499999996973,-21.220000000001164,0.810217445257006
2026-07-31 09:22:00,20167.27,922.58,44660.07,49011.16,4.930500000002212,26.190499999996973,-21.25999999999476,0.811744716595606
2026-07-31 09:23:00,20166.77,922.58,44659.98,49010.86,4.6304999999993015,26.190499999996973,-21.55999999999767,0.8231992516370502
2026-07-31 09:24:00,20167.21,922.22,44660.04,49011.08,4.850500000000466,26.195499999997992,-21.344999999997526,0.8148346089976967
2026-07-31 09:25:00,20167.23,921.9,44659.98,49011.03,4.800499999997555,26.20049999999901,-21.400000000001455,0.8167783057576101
2026-07-31 09:26:00,20167.18,921.66,44660.16,49011.16,4.930500000002212,26.20550000000003,-21.274999999997817,0.8118524737172652
2026-07-31 09:27:00,20166.94,921.24,44660.06,49010.97,4.740499999999884,26.210500000001048,-21.470000000001164,0.8191373686118275
2026-07-31 09:28:00,20166.82,920.82,44660.04,49010.88,4.6504999999961,26.21549999999843,-21.56500000000233,0.8226049474548882
2026-07-31 09:29:00,20166.83,920.15,44660.02,49010.87,4.640500000001339,26.22049999999581,-21.57999999999447,0.8230201559847417
2026-07-31 09:30:00,20167.16,919.75,44660.23,49011.2,4.970499999995809,26.22049999999581,-21.25,0.810434583627444
2026-07-31 09:31:00,20167.27,919.45,44660.23,49011.25,5.020499999998719,26.22049999999581,-21.19999999999709,0.8085276787246802
2026-07-31 09:32:00,20167.44,918.87,44660.3,49011.38,5.1504999999961,26.225499999996828,-21.075000000000728,0.8036071762217413
2026-07-31 09:33:00,20167.52,918.51,44660.34,49011.44,5.210500000001048,26.230499999997846,-21.0199999999968,0.8013571986808686
2026-07-31 09:34:00,20167.02,918.39,44660.1,49011.01,4.780500000000757,26.230499999997846,-21.44999999999709,0.8177503288156478
2026-07-31 09:35:00,20166.32,918.75,44659.87,49010.52,4.290499999995518,26.230499999997846,-21.94000000000233,0.8364308724577927
2026-07-31 09:36:00,20166.63,918.52,44659.77,49010.54,4.3104999999995925,26.235499999998865,-21.924999999999272,0.8356997198452563
2026-07-31 09:37:00,20166.62,917.96,44659.83,49010.58,4.350500000000466,26.240499999999884,-21.889999999999418,0.8342066652693171
2026-07-31 09:38:00,20166.84,917.14,44659.94,49010.76,4.530500000000757,26.250499999998283,-21.719999999997526,0.8274128111845087
2026-07-31 09:39:00,20166.29,916.54,44659.87,49010.46,4.230499999997846,26.260499999996682,-22.029999999998836,0.8389025342244671
2026-07-31 09:40:00,20166.42,915.92,44660.04,49010.67,4.440499999996973,26.260499999996682,-21.81999999999971,0.8309057329450111
2026-07-31 09:41:00,20166.27,915.92,44659.97,49010.54,4.3104999999995925,26.260499999996682,-21.94999999999709,0.8358561337369762
2026-07-31 09:42:00,20166.85,915.28,44660.11,49010.88,4.6504999999961,26.260499999996682,-21.610000000000582,0.8229089316655552
2026-07-31 09:43:00,20166.51,914.89,44659.86,49010.5,4.270499999998719,26.260499999996682,-21.989999999997963,0.8373793339807216
2026-07-31 09:44:00,20166.46,914.39,44659.82,49010.43,4.2004999999990105,26.2654999999977,-22.06499999999869,0.8400753840589603
2026-07-31 09:45:00,20166.37,914.04,44659.86,49010.43,4.2004999999990105,26.27049999999872,-22.06999999999971,0.8401058221198981
2026-07-31 09:46:00,20166.26,913.61,44659.74,49010.28,4.050499999997555,26.275499999999738,-22.225000000002183,0.845844988677757
2026-07-31 09:47:00,20166.54,913.13,44660.0,49010.64,4.410499999998137,26.280500000000757,-21.87000000000262,0.8321759479462716
2026-07-31 09:48:00,20166.22,912.27,44659.76,49010.25,4.020499999998719,26.280500000000757,-22.260000000002037,0.8470158482525597
2026-07-31 09:49:00,20166.0,911.73,44659.72,49010.13,3.9004999999961,26.280500000000757,-22.380000000004657,0.8515819714238319
2026-07-31 09:50:00,20165.91,911.11,44659.76,49010.12,3.8905000000013388,26.290499999999156,-22.399999999997817,0.8520187900571894
2026-07-31 09:51:00,20166.0,910.69,44659.77,49010.17,3.940499999996973,26.300499999997555,-22.360000000000582,0.8501739510656703
2026-07-31 09:52:00,20166.14,910.55,44659.91,49010.34,4.110499999995227,26.300499999997555,-22.19000000000233,0.8437101956238243
2026-07-31 09:53:00,20166.69,910.04,44659.86,49010.53,4.300499999997555,26.300499999997555,-22.0,0.8364859983651278
2026-07-31 09:54:00,20166.59,909.6,44659.79,49010.4,4.170500000000175,26.300499999997555,-22.12999999999738,0.8414288701735495
2026-07-31 09:55:00,20166.87,908.85,44659.65,49010.37,4.140500000001339,26.300499999997555,-22.159999999996217,0.8425695328985485
2026-07-31 09:56:00,20167.02,908.14,44659.79,49010.53,4.300499999997555,26.305499999998574,-22.00500000000102,0.8365170781776515
2026-07-31 09:57:00,20167.17,907.77,44659.87,49010.68,4.4504999999990105,26.310499999999593,-21.860000000000582,0.8308470002470847
2026-07-31 09:58:00,20167.12,907.3,44659.9,49010.68,4.4504999999990105,26.310499999999593,-21.860000000000582,0.8308470002470847
2026-07-31 09:59:00,20167.19,906.75,44659.83,49010.62,4.390500000001339,26.310499999999593,-21.919999999998254,0.833127458619129
2026-07-31 10:00:00,20167.32,906.18,44659.72,49010.57,4.340499999998428,26.320499999997992,-21.979999999999563,0.8350905187971824
2026-07-31 10:01:00,20167.28,905.73,44659.66,49010.48,4.250500000001921,26.33049999999639,-22.07999999999447,0.8385712386774842
2026-07-31 10:02:00,20167.42,905.45,44659.55,49010.44,4.210500000001048,26.33049999999639,-22.119999999995343,0.8400903894722233
2026-07-31 10:03:00,20167.43,904.95,44659.57,49010.46,4.230499999997846,26.33049999999639,-22.099999999998545,0.8393308140749919
2026-07-31 10:04:00,20166.91,904.33,44659.34,49010.0,3.7704999999987194,26.33549999999741,-22.56499999999869,0.8568282356515315
2026-07-31 10:05:00,20166.91,903.95,44659.42,49010.1,3.8704999999972642,26.34049999999843,-22.470000000001164,0.8530589776201098
2026-07-31 10:06:00,20166.38,903.42,44659.16,49009.64,3.4104999999981374,26.34049999999843,-22.93000000000029,0.8705225792981022
2026-07-31 10:07:00,20166.21,903.4,44659.29,49009.69,3.4605000000010477,26.34049999999843,-22.87999999999738,0.8686243617242932
2026-07-31 10:08:00,20166.14,902.91,44659.3,49009.66,3.430500000002212,26.33549999999741,-22.904999999995198,0.8697385658141084
2026-07-31 10:09:00,20165.69,902.89,44659.12,49009.29,3.0604999999995925,26.34049999999843,-23.279999999998836,0.8838101023139358
2026-07-31 10:10:00,20164.98,902.58,44658.83,49008.75,2.5204999999987194,26.34049999999843,-23.81999999999971,0.9043108521099117
2026-07-31 10:11:00,20164.7,902.18,44658.91,49008.7,2.470499999995809,26.34049999999843,-23.87000000000262,0.9062090696837206
2026-07-31 10:12:00,20164.63,901.84,44658.92,49008.67,2.440499999996973,26.34049999999843,-23.900000000001455,0.9073480002278955
2026-07-31 10:13:00,20164.3,901.24,44658.72,49008.35,2.1204999999972642,26.34049999999843,-24.220000000001164,0.9194965926995543
2026-07-31 10:14:00,20164.99,900.9,44658.98,49008.85,2.6204999999972642,26.345499999999447,-23.725000000002183,0.9005332979067652
2026-07-31 10:15:00,20165.17,900.53,44658.9,49008.86,2.6304999999993015,26.350500000000466,-23.720000000001164,0.9001726722453367
2026-07-31 10:16:00,20165.17,900.21,44658.7,49008.65,2.4205000000001746,26.350500000000466,-23.93000000000029,0.9081421604903083
2026-07-31 10:17:00,20164.91,899.99,44658.63,49008.47,2.2404999999998836,26.350500000000466,-24.110000000000582,0.914973150414609
2026-07-31 10:18:00,20164.46,899.76,44658.45,49008.13,1.9004999999961,26.350500000000466,-24.450000000004366,0.9278761313828555
2026-07-31 10:19:00,20164.4,899.59,44658.38,49008.04,1.8104999999995925,26.350500000000466,-24.540000000000873,0.9312916263448678
2026-07-31 10:20:00,20164.21,899.49,44658.33,49007.91,1.680500000002212,26.350500000000466,-24.669999999998254,0.9362251190678665
2026-07-31 10:21:00,20164.76,899.27,44658.14,49007.95,1.720499999995809,26.350500000000466,-24.630000000004657,0.9347071213071563
2026-07-31 10:22:00,20165.67,898.73,44658.12,49008.28,2.0504999999975553,26.355499999997846,-24.30500000000029,0.9221984026105472
2026-07-31 10:23:00,20165.92,898.54,44657.79,49008.09,1.860499999995227,26.360499999995227,-24.5,0.9294209138675077
2026-07-31 10:24:00,20166.67,897.97,44657.62,49008.22,1.9904999999998836,26.360499999995227,-24.369999999995343,0.9244892926917075
2026-07-31 10:25:00,20167.03,897.48,44657.57,49008.33,2.1005000000004657,26.360499999995227,-24.25999999999476,0.9203163824661579
2026-07-31 10:26:00,20166.85,897.26,44657.32,49008.02,1.790499999995518,26.365499999996246,-24.575000000000728,0.9320892833439239
2026-07-31 10:27:00,20166.77,897.17,44656.98,49007.68,1.4504999999990105,26.370499999997264,-24.919999999998254,0.9449953546576986
2026-07-31 10:28:00,20166.36,897.19,44656.61,49007.21,0.9804999999978463,26.370499999997264,-25.389999999999418,0.9628183007528128
2026-07-31 10:29:00,20166.76,897.06,44656.6,49007.34,1.110499999995227,26.370499999997264,-25.260000000002037,0.9578885497053395
2026-07-31 10:30:00,20167.66,896.69,44656.64,49007.72,1.4904999999998836,26.370499999997264,-24.87999999999738,0.9434785081814893
2026-07-31 10:31:00,20168.64,896.04,44656.53,49008.01,1.7805000000007567,26.370499999997264,-24.589999999996508,0.9324813712291787
2026-07-31 10:32:00,20169.46,895.34,44656.42,49008.24,2.010499999996682,26.370499999997264,-24.360000000000582,0.9237595039913202
2026-07-31 10:33:00,20170.02,894.84,44656.21,49008.28,2.0504999999975553,26.370499999997264,-24.31999999999971,0.9222426575151109
2026-07-31 10:34:00,20170.42,894.05,44656.0,49008.23,2.000500000001921,26.375499999998283,-24.374999999996362,0.924153096623683
2026-07-31 10:35:00,20170.25,893.77,44655.67,49007.86,1.6304999999993015,26.3804999999993,-24.75,0.9381929834537123
2026-07-31 10:36:00,20169.99,893.6,44655.2,49007.35,1.1204999999972642,26.3804999999993,-25.260000000002037,0.9575254449310174
2026-07-31 10:37:00,20170.28,893.12,44655.25,49007.48,1.2505000000019209,26.3804999999993,-25.12999999999738,0.9525975625935084
2026-07-31 10:38:00,20170.13,892.67,44655.03,49007.18,0.9504999999990105,26.3804999999993,-25.43000000000029,0.963969598756694
2026-07-31 10:39:00,20169.82,892.92,44654.95,49006.98,0.7505000000019209,26.3804999999993,-25.62999999999738,0.9715509561986339
2026-07-31 10:40:00,20170.15,892.6,44654.64,49006.85,0.6204999999972642,26.3804999999993,-25.760000000002037,0.9764788385361429
2026-07-31 10:41:00,20170.09,892.29,44654.27,49006.48,0.25050000000192085,26.3804999999993,-26.12999999999738,0.9905043498037593
2026-07-31 10:42:00,20169.74,892.43,44654.11,49006.2,0.1,26.3804999999993,-26.2804999999993,0.9962093212789749
2026-07-31 10:43:00,20170.04,892.3,44653.93,49006.17,0.1,26.3804999999993,-26.2804999999993,0.9962093212789749
2026-07-31 10:44:00,20170.86,891.6,44653.73,49006.32,0.1,26.3804999999993,-26.2804999999993,0.9962093212789749
2026-07-31 10:45:00,20171.47,891.06,44653.59,49006.42,0.1904999999969732,26.3804999999993,-26.19000000000233,0.9927787570365619
2026-07-31 10:46:00,20171.46,890.93,44653.28,49006.11,0.1,26.3804999999993,-26.2804999999993,0.9962093212789749
2026-07-31 10:47:00,20171.66,890.85,44652.94,49005.9,0.1,26.3804999999993,-26.2804999999993,0.9962093212789749
2026-07-31 10:48:00,20172.1,890.23,44652.65,49005.79,0.1,26.3804999999993,-26.2804999999993,0.9962093212789749
2026-07-31 10:49:00,20173.37,889.52,44652.72,49006.36,0.1304999999993015,26.3804999999993,-26.25,0.9950531642690887
2026-07-31 10:50:00,20174.05,888.77,44652.7,49006.6,0.37049999999726424,26.3804999999993,-26.010000000002037,0.9859555353387057
2026-07-31 10:51:00,20174.55,888.05,44652.61,49006.71,0.4804999999978463,26.3804999999993,-25.900000000001455,0.981785788745556
2026-07-31 10:52:00,20174.93,887.21,44652.52,49006.77,0.540499999995518,26.375499999998283,-25.835000000002765,0.9795074974883679
2026-07-31 10:53:00,20175.06,886.82,44652.39,49006.71,0.4804999999978463,26.370499999997264,-25.889999999999418,0.9817788817050153
2026-07-31 10:54:00,20175.12,886.08,44652.19,49006.54,0.31049999999959255,26.370499999997264,-26.05999999999767,0.9882254792286977
2026-07-31 10:55:00,20175.34,885.55,44652.26,49006.67,0.4404999999969732,26.370499999997264,-25.93000000000029,0.9832957281812246
2026-07-31 10:56:00,20175.67,885.39,44652.25,49006.8,0.5705000000016298,26.370499999997264,-25.799999999995634,0.9783659771334753
2026-07-31 10:57:00,20175.61,885.1,44652.16,49006.69,0.46050000000104774,26.370499999997264,-25.909999999996217,0.9825373049429819
2026-07-31 10:58:00,20175.54,884.76,44652.12,49006.62,0.3905000000013388,26.370499999997264,-25.979999999995925,0.9851917862762792
2026-07-31 10:59:00,20175.33,884.6,44652.07,49006.48,0.25050000000192085,26.370499999997264,-26.119999999995343,0.9905007489428738
2026-07-31 11:00:00,20175.25,884.4,44652.09,49006.46,0.23049999999784632,26.370499999997264,-26.139999999999418,0.9912591721811164
2026-07-31 11:01:00,20175.23,883.84,44652.08,49006.45,0.22049999999580905,26.370499999997264,-26.150000000001455,0.9916383838002377
2026-07-31 11:02:00,20174.95,883.62,44651.83,49006.13,0.1,26.375499999998283,-26.27549999999828,0.9962086026805176
2026-07-31 11:03:00,20174.84,883.74,44651.76,49006.0,0.1,26.3804999999993,-26.2804999999993,0.9962093212789749
2026-07-31 11:04:00,20175.72,883.27,44651.84,49006.41,0.1805000000022119,26.3804999999993,-26.19999999999709,0.9931578249084658
2026-07-31 11:05:00,20176.1,882.55,44651.71,49006.44,0.21050000000104774,26.3804999999993,-26.169999999998254,0.9920206212922025
2026-07-31 11:06:00,20175.75,881.83,44651.72,49006.31,0.1,26.3804999999993,-26.2804999999993,0.9962093212789749
2026-07-31 11:07:00,20175.46,881.18,44651.61,49006.08,0.1,26.3804999999993,-26.2804999999993,0.9962093212789749
2026-07-31 11:08:00,20174.98,880.77,44651.78,49006.04,0.1,26.3804999999993,-26.2804999999993,0.9962093212789749
2026-07-31 11:09:00,20174.44,880.21,44651.78,49005.82,0.1,26.3804999999993,-26.2804999999993,0.9962093212789749
2026-07-31 11:10:00,20173.77,879.75,44651.85,49005.57,0.1,26.3804999999993,-26.2804999999993,0.9962093212789749
2026-07-31 11:11:00,20172.91,880.0,44651.68,49005.07,0.1,26.3804999999993,-26.2804999999993,0.9962093212789749
2026-07-31 11:12:00,20172.12,880.18,44651.5,49004.59,0.1,26.3804999999993,-26.2804999999993,0.9962093212789749
2026-07-31 11:13:00,20171.73,880.0,44651.1,49004.05,0.1,26.3804999999993,-26.2804999999993,0.9962093212789749
2026-07-31 11:14:00,20171.79,880.05,44651.0,49004.0,0.1,26.38550000000032,-26.28550000000032,0.9962100396050861
2026-07-31 11:15:00,20171.94,879.73,44650.86,49003.93,0.1,26.39050000000134,-26.290500000001337,0.9962107576590062
2026-07-31 11:16:00,20172.18,879.8,44650.67,49003.86,0.1,26.39050000000134,-26.290500000001337,0.9962107576590062
2026-07-31 11:17:00,20172.45,879.78,44650.35,49003.69,0.1,26.39050000000134,-26.290500000001337,0.9962107576590062
2026-07-31 11:18:00,20172.14,879.95,44650.06,49003.29,0.1,26.39050000000134,-26.290500000001337,0.9962107576590062
2026-07-31 11:19:00,20172.19,879.79,44649.92,49003.17,0.1,26.39050000000134,-26.290500000001337,0.9962107576590062
2026-07-31 11:20:00,20172.62,879.2,44649.98,49003.39,0.1,26.39050000000134,-26.290500000001337,0.9962107576590062
2026-07-31 11:21:00,20172.67,878.71,44649.84,49003.27,0.1,26.39050000000134,-26.290500000001337,0.9962107576590062
2026-07-31 11:22:00,20172.79,878.36,44649.78,49003.25,0.1,26.39050000000134,-26.290500000001337,0.9962107576590062
2026-07-31 11:23:00,20172.81,877.91,44649.58,49003.08,0.1,26.39050000000134,-26.290500000001337,0.9962107576590062
2026-07-31 11:24:00,20173.22,877.51,44649.69,49003.33,0.1,26.39549999999872,-26.295499999998718,0.9962114754408893
2026-07-31 11:25:00,20174.27,876.92,44649.78,49003.84,0.1,26.4004999999961,-26.3004999999961,0.9962121929508905
2026-07-31 11:26:00,20174.86,876.39,44649.55,49003.85,0.1,26.40549999999712,-26.305499999997117,0.9962129101891647
2026-07-31 11:27:00,20175.73,875.59,44649.63,49004.27,0.1,26.410499999998137,-26.310499999998136,0.9962136271558657
2026-07-31 11:28:00,20176.68,874.71,44649.93,49004.93,0.1,26.410499999998137,-26.310499999998136,0.9962136271558657
2026-07-31 11:29:00,20177.42,874.04,44650.08,49005.35,0.1,26.410499999998137,-26.310499999998136,0.9962136271558657
2026-07-31 11:30:00,20177.88,873.22,44650.19,49005.61,0.1,26.415499999999156,-26.315499999999155,0.9962143438511478
2026-07-31 11:31:00,20177.98,872.92,44650.29,49005.74,0.1,26.420500000000175,-26.320500000000173,0.996215060275165
2026-07-31 11:32:00,20177.99,872.58,44650.32,49005.75,0.1,26.420500000000175,-26.320500000000173,0.996215060275165
2026-07-31 11:33:00,20177.81,872.33,44650.23,49005.62,0.1,26.420500000000175,-26.320500000000173,0.996215060275165
2026-07-31 11:34:00,20177.93,871.85,44650.22,49005.66,0.1,26.425500000001193,-26.325500000001192,0.9962157764280715
2026-07-31 11:35:00,20177.8,871.79,44649.89,49005.32,0.1,26.430500000002212,-26.33050000000221,0.9962164923100209
2026-07-31 11:36:00,20177.99,871.5,44649.93,49005.42,0.1,26.430500000002212,-26.33050000000221,0.9962164923100209
2026-07-31 11:37:00,20177.87,871.21,44649.84,49005.27,0.1,26.430500000002212,-26.33050000000221,0.9962164923100209
2026-07-31 11:38:00,20178.37,870.87,44649.98,49005.61,0.1,26.435499999999593,-26.33549999999959,0.9962172079211665
2026-07-31 11:39:00,20178.82,870.45,44650.04,49005.86,0.1,26.440499999996973,-26.340499999996972,0.9962179232616625
2026-07-31 11:40:00,20179.06,869.98,44649.91,49005.84,0.1,26.440499999996973,-26.340499999996972,0.9962179232616625
2026-07-31 11:41:00,20179.03,869.64,44649.73,49005.66,0.1,26.440499999996973,-26.340499999996972,0.9962179232616625
2026-07-31 11:42:00,20179.5,869.15,44649.85,49005.97,0.1,26.445499999997992,-26.34549999999799,0.9962186383316629
2026-07-31 11:43:00,20179.59,868.82,44649.81,49005.96,0.1,26.45049999999901,-26.35049999999901,0.9962193531313206
2026-07-31 11:44:00,20180.08,868.42,44649.91,49006.22,0.1,26.45049999999901,-26.35049999999901,0.9962193531313206
2026-07-31 11:45:00,20180.62,867.83,44649.94,49006.44,0.21050000000104774,26.45049999999901,-26.239999999997963,0.9920417383413903
2026-07-31 11:46:00,20180.73,867.61,44649.8,49006.34,0.11049999999522697,26.45049999999901,-26.340000000003783,0.9958223852102898
2026-07-31 11:47:00,20180.66,867.37,44649.59,49006.14,0.1,26.45049999999901,-26.35049999999901,0.9962193531313206
2026-07-31 11:48:00,20180.89,866.63,44649.53,49006.18,0.1,26.45049999999901,-26.35049999999901,0.9962193531313206
2026-07-31 11:49:00,20181.15,866.15,44649.64,49006.36,0.1304999999993015,26.45049999999901,-26.31999999999971,0.9950662558363998
2026-07-31 11:50:00,20180.82,865.75,44649.35,49005.96,0.1,26.445499999997992,-26.34549999999799,0.9962186383316629
2026-07-31 11:51:00,20181.01,865.67,44649.38,49006.08,0.1,26.440499999996973,-26.340499999996972,0.9962179232616625
2026-07-31 11:52:00,20181.54,865.26,44649.44,49006.34,0.11049999999522697,26.440499999996973,-26.330000000001746,0.9958208052043176
2026-07-31 11:53:00,20181.84,865.07,44649.45,49006.47,0.24049999999988358,26.440499999996973,-26.19999999999709,0.9909041054443029
2026-07-31 11:54:00,20182.03,864.73,44649.17,49006.29,0.1,26.435499999999593,-26.33549999999959,0.9962172079211665
2026-07-31 11:55:00,20182.26,864.42,44649.03,49006.23,0.1,26.430500000002212,-26.33050000000221,0.9962164923100209
2026-07-31 11:56:00,20182.45,864.19,44648.98,49006.25,0.1,26.430500000002212,-26.33050000000221,0.9962164923100209
2026-07-31 11:57:00,20182.31,864.1,44648.97,49006.19,0.1,26.430500000002212,-26.33050000000221,0.9962164923100209
2026-07-31 11:58:00,20182.08,864.28,44648.79,49005.91,0.1,26.425500000001193,-26.325500000001192,0.9962157764280715
2026-07-31 11:59:00,20181.9,864.37,44648.6,49005.69,0.1,26.420500000000175,-26.320500000000173,0.996215060275165
2026-07-31 12:00:00,20181.91,864.19,44648.6,49005.67,0.1,26.420500000000175,-26.320500000000173,0.996215060275165
2026-07-31 12:01:00,20182.33,863.73,44648.59,49005.81,0.1,26.420500000000175,-26.320500000000173,0.996215060275165
2026-07-31 12:02:00,20182.71,863.42,44648.65,49006.03,0.1,26.425500000001193,-26.325500000001192,0.9962157764280715
2026-07-31 12:03:00,20182.66,863.45,44648.55,49005.93,0.1,26.430500000002212,-26.33050000000221,0.9962164923100209
2026-07-31 12:04:00,20182.74,863.23,44648.51,49005.92,0.1,26.430500000002212,-26.33050000000221,0.9962164923100209
2026-07-31 12:05:00,20182.42,863.38,44648.34,49005.64,0.1,26.430500000002212,-26.33050000000221,0.9962164923100209
2026-07-31 12:06:00,20182.72,863.34,44648.44,49005.85,0.1,26.435499999999593,-26.33549999999959,0.9962172079211665
2026-07-31 12:07:00,20182.76,863.25,44648.27,49005.7,0.1,26.440499999996973,-26.340499999996972,0.9962179232616625
2026-07-31 12:08:00,20183.0,863.1,44648.03,49005.61,0.1,26.440499999996973,-26.340499999996972,0.9962179232616625
2026-07-31 12:09:00,20183.24,862.94,44647.87,49005.57,0.1,26.440499999996973,-26.340499999996972,0.9962179232616625
2026-07-31 12:10:00,20183.44,862.74,44647.79,49005.57,0.1,26.445499999997992,-26.34549999999799,0.9962186383316629
2026-07-31 12:11:00,20183.62,862.83,44647.95,49005.78,0.1,26.45049999999901,-26.35049999999901,0.9962193531313206
2026-07-31 12:12:00,20183.66,862.8,44648.03,49005.88,0.1,26.45049999999901,-26.35049999999901,0.9962193531313206
2026-07-31 12:13:00,20183.44,862.8,44647.92,49005.66,0.1,26.45049999999901,-26.35049999999901,0.9962193531313206
2026-07-31 12:14:00,20183.39,862.58,44647.77,49005.49,0.1,26.45049999999901,-26.35049999999901,0.9962193531313206
2026-07-31 12:15:00,20183.62,862.53,44647.89,49005.7,0.1,26.45049999999901,-26.35049999999901,0.9962193531313206
2026-07-31 12:16:00,20183.97,862.54,44648.03,49005.97,0.1,26.45049999999901,-26.35049999999901,0.9962193531313206
2026-07-31 12:17:00,20183.98,862.38,44648.0,49005.95,0.1,26.45049999999901,-26.35049999999901,0.9962193531313206
2026-07-31 12:18:00,20184.21,861.99,44648.13,49006.14,0.1,26.45049999999901,-26.35049999999901,0.9962193531313206
2026-07-31 12:19:00,20184.46,861.9,44647.97,49006.12,0.1,26.45049999999901,-26.35049999999901,0.9962193531313206
2026-07-31 12:20:00,20184.91,861.68,44648.15,49006.47,0.24049999999988358,26.45550000000003,-26.215000000000146,0.9909092627242017
2026-07-31 12:21:00,20185.03,861.53,44648.14,49006.49,0.26049999999668216,26.45049999999901,-26.19000000000233,0.9901514149072157
2026-07-31 12:22:00,20184.99,861.58,44647.97,49006.32,0.1,26.45049999999901,-26.35049999999901,0.9962193531313206
2026-07-31 12:23:00,20184.95,861.71,44648.03,49006.34,0.11049999999522697,26.45049999999901,-26.340000000003783,0.9958223852102898
2026-07-31 12:24:00,20185.38,861.55,44648.12,49006.6,0.37049999999726424,26.45049999999901,-26.080000000001746,0.9859927033516463
2026-07-31 12:25:00,20185.33,861.34,44648.04,49006.49,0.26049999999668216,26.45049999999901,-26.19000000000233,0.9901514149072157
2026-07-31 12:26:00,20185.25,861.41,44647.83,49006.27,0.1,26.45049999999901,-26.35049999999901,0.9962193531313206
2026-07-31 12:27:00,20185.6,861.55,44647.9,49006.48,0.25050000000192085,26.45049999999901,-26.19999999999709,0.9905294795938856
2026-07-31 12:28:00,20185.98,861.38,44647.93,49006.66,0.4305000000022119,26.45049999999901,-26.0199999999968,0.9837243152302517
2026-07-31 12:29:00,20186.56,860.75,44648.27,49007.21,0.9804999999978463,26.45049999999901,-25.470000000001164,0.9629307574526802
2026-07-31 12:30:00,20186.95,860.41,44648.5,49007.55,1.3205000000016298,26.445499999997992,-25.124999999996362,0.9500671191695476
2026-07-31 12:31:00,20187.22,860.18,44648.68,49007.83,1.6005000000004657,26.440499999996973,-24.839999999996508,0.9394678618028914
2026-07-31 12:32:00,20187.06,860.14,44648.66,49007.76,1.5305000000007567,26.440499999996973,-24.909999999996217,0.9421153155197166
2026-07-31 12:33:00,20187.01,859.88,44648.55,49007.66,1.430500000002212,26.440499999996973,-25.00999999999476,0.9458973922579991
2026-07-31 12:34:00,20186.77,859.96,44648.39,49007.43,1.2004999999990105,26.435499999999593,-25.235000000000582,0.954587581093642
2026-07-31 12:35:00,20186.7,859.77,44648.45,49007.45,1.220499999995809,26.430500000002212,-25.210000000006403,0.9538222886439641
2026-07-31 12:36:00,20186.63,859.77,44648.49,49007.47,1.2404999999998836,26.425500000001193,-25.18500000000131,0.9530567065902319
2026-07-31 12:37:00,20187.07,859.54,44648.72,49007.85,1.6204999999972642,26.420500000000175,-24.80000000000291,0.9386650517591547
2026-07-31 12:38:00,20187.69,859.07,44649.08,49008.39,2.1604999999981374,26.420500000000175,-24.260000000002037,0.9182263772450134
2026-07-31 12:39:00,20187.64,858.78,44649.05,49008.34,2.110499999995227,26.420500000000175,-24.310000000004948,0.920118847107541
2026-07-31 12:40:00,20187.73,858.96,44649.24,49008.54,2.3104999999995925,26.415499999999156,-24.104999999999563,0.9125324146807872
2026-07-31 12:41:00,20187.42,858.9,44649.36,49008.56,2.330499999996391,26.410499999998137,-24.080000000001746,0.9117585808675884
2026-07-31 12:42:00,20187.25,858.61,44649.52,49008.6,2.3704999999972642,26.410499999998137,-24.040000000000873,0.9102440317299016
2026-07-31 12:43:00,20187.09,858.7,44649.57,49008.6,2.3704999999972642,26.410499999998137,-24.040000000000873,0.9102440317299016
2026-07-31 12:44:00,20187.19,858.51,44649.83,49008.87,2.6405000000013388,26.40549999999712,-23.76499999999578,0.9000018935448438
2026-07-31 12:45:00,20186.9,858.59,44649.63,49008.57,2.3404999999984284,26.4004999999961,-24.05999999999767,0.9113463760156522
2026-07-31 12:46:00,20187.04,858.65,44649.74,49008.73,2.500500000001921,26.39549999999872,-23.8949999999968,0.9052679433993657
2026-07-31 12:47:00,20186.88,858.51,44649.75,49008.67,2.440499999996973,26.39050000000134,-23.950000000004366,0.9075235406681628
2026-07-31 12:48:00,20187.22,858.39,44649.85,49008.91,2.680500000002212,26.39050000000134,-23.709999999999127,0.8984293590495793
2026-07-31 12:49:00,20187.7,858.35,44650.41,49009.61,3.3804999999993015,26.39050000000134,-23.010000000002037,0.8719046626627336
2026-07-31 12:50:00,20187.95,858.12,44650.42,49009.71,3.4804999999978463,26.39050000000134,-22.910000000003492,0.868115420321795
2026-07-31 12:51:00,20187.73,857.86,44650.54,49009.73,3.500500000001921,26.39050000000134,-22.889999999999418,0.8673575718534419
2026-07-31 12:52:00,20187.56,857.69,44650.65,49009.76,3.5305000000007567,26.39050000000134,-22.860000000000582,0.8662207991511879
2026-07-31 12:53:00,20187.29,857.85,44650.66,49009.65,3.4205000000001746,26.39050000000134,-22.970000000001164,0.870388965726303
2026-07-31 12:54:00,20187.11,858.06,44650.81,49009.73,3.500500000001921,26.39050000000134,-22.889999999999418,0.8673575718534419
2026-07-31 12:55:00,20187.35,857.95,44650.98,49009.99,3.760499999996682,26.39050000000134,-22.630000000004657,0.8575055417670566
2026-07-31 12:56:00,20187.36,857.83,44651.16,49010.14,3.9104999999981374,26.38550000000032,-22.475000000002183,0.8517935987569654
2026-07-31 12:57:00,20187.39,857.98,44651.42,49010.36,4.1304999999993015,26.3804999999993,-22.25,0.8434260154280847
2026-07-31 12:58:00,20188.15,857.52,44651.81,49011.03,4.800499999997555,26.3804999999993,-21.580000000001746,0.8180284679972828
2026-07-31 12:59:00,20188.64,857.64,44652.12,49011.51,5.280500000000757,26.3804999999993,-21.099999999998545,0.7998332101362409
2026-07-31 13:00:00,20188.98,857.25,44652.2,49011.73,5.500500000001921,26.3804999999993,-20.87999999999738,0.7914937169499415
2026-07-31 13:01:00,20189.35,856.79,44652.33,49012.0,5.770499999998719,26.3804999999993,-20.610000000000582,0.7812588844032952
2026-07-31 13:02:00,20189.53,856.39,44652.56,49012.28,6.050499999997555,26.3804999999993,-20.330000000001746,0.770644983984469
2026-07-31 13:03:00,20189.35,856.34,44652.84,49012.45,6.220499999995809,26.3804999999993,-20.160000000003492,0.7642008301587925
2026-07-31 13:04:00,20188.98,856.24,44652.96,49012.42,6.190499999996973,26.3804999999993,-20.19000000000233,0.7653380337750559
2026-07-31 13:05:00,20188.87,856.12,44653.15,49012.56,6.330499999996391,26.3804999999993,-20.05000000000291,0.7600310835656429
2026-07-31 13:06:00,20188.85,856.23,44653.33,49012.72,6.490499999999884,26.3804999999993,-19.889999999999418,0.7539659976118703
2026-07-31 13:07:00,20188.91,856.2,44653.56,49012.95,6.720499999995809,26.3804999999993,-19.660000000003492,0.745247436553667
2026-07-31 13:08:00,20189.23,856.19,44653.72,49013.22,6.990499999999884,26.375499999998283,-19.3849999999984,0.7349623703815913
2026-07-31 13:09:00,20189.84,855.94,44653.91,49013.64,7.410499999998137,26.370499999997264,-18.959999999999127,0.7189852297074797
2026-07-31 13:10:00,20189.71,855.71,44653.91,49013.57,7.340499999998428,26.370499999997264,-19.029999999998836,0.721639711040777
2026-07-31 13:11:00,20189.72,855.89,44654.06,49013.72,7.490499999999884,26.370499999997264,-18.87999999999738,0.7159515367550611
2026-07-31 13:12:00,20189.84,855.88,44654.39,49014.08,7.850500000000466,26.370499999997264,-18.5199999999968,0.7022999184694534
2026-07-31 13:13:00,20189.87,855.84,44654.49,49014.17,7.940499999996973,26.370499999997264,-18.43000000000029,0.6988870138981894
2026-07-31 13:14:00,20189.85,855.76,44654.57,49014.23,8.00050000000192,26.365499999996246,-18.364999999994325,0.6965542090988959
2026-07-31 13:15:00,20189.66,855.67,44654.58,49014.15,7.920500000000175,26.360499999995227,-18.439999999995052,0.6995314959882548
2026-07-31 13:16:00,20189.85,855.66,44654.85,49014.48,8.25050000000192,26.360499999995227,-18.109999999993306,0.6870127653116058
2026-07-31 13:17:00,20190.19,855.42,44655.11,49014.85,8.620499999997264,26.360499999995227,-17.739999999997963,0.6729766127350079
2026-07-31 13:18:00,20189.99,855.34,44655.14,49014.79,8.560499999999593,26.355499999997846,-17.794999999998254,0.6751911365748974
2026-07-31 13:19:00,20189.48,855.3,44655.11,49014.56,8.330499999996391,26.350500000000466,-18.020000000004075,0.6838579913096053
2026-07-31 13:20:00,20189.57,855.24,44655.41,49014.87,8.640500000001339,26.350500000000466,-17.709999999999127,0.6720935086620297
2026-07-31 13:21:00,20189.33,855.39,44655.51,49014.86,8.630499999999302,26.350500000000466,-17.720000000001164,0.6724730081023453
2026-07-31 13:22:00,20189.04,855.62,44655.53,49014.78,8.550499999997555,26.350500000000466,-17.80000000000291,0.6755090036243182
2026-07-31 13:23:00,20189.27,855.97,44655.8,49015.13,8.9004999999961,26.350500000000466,-17.450000000004366,0.6622265232160323
2026-07-31 13:24:00,20189.06,855.88,44655.64,49014.89,8.660499999998137,26.350500000000466,-17.69000000000233,0.6713345097816745
2026-07-31 13:25:00,20189.51,855.62,44655.95,49015.34,9.110499999995227,26.350500000000466,-17.24000000000524,0.6542570349710607
2026-07-31 13:26:00,20189.26,855.49,44656.07,49015.34,9.110499999995227,26.345499999999447,-17.23500000000422,0.654191417889377
2026-07-31 13:27:00,20189.55,855.5,44656.42,49015.79,9.560499999999593,26.34049999999843,-16.779999999998836,0.6370418177331424
2026-07-31 13:28:00,20190.02,855.43,44656.69,49016.23,10.00050000000192,26.34049999999843,-16.339999999996508,0.620337503084508
2026-07-31 13:29:00,20189.26,855.3,44656.76,49015.96,9.730499999997846,26.34049999999843,-16.610000000000582,0.630587877982634
2026-07-31 13:30:00,20189.57,855.27,44656.97,49016.28,10.050499999997555,26.345499999999447,-16.29500000000189,0.618511700290457
2026-07-31 13:31:00,20190.32,855.14,44657.27,49016.87,10.640500000001339,26.350500000000466,-15.709999999999127,0.5961936206143659
2026-07-31 13:32:00,20191.05,854.85,44657.61,49017.47,11.240499999999884,26.350500000000466,-15.110000000000582,0.573423654200122
2026-07-31 13:33:00,20191.71,854.36,44658.01,49018.09,11.860499999995227,26.350500000000466,-14.490000000005239,0.549894688905523
2026-07-31 13:34:00,20191.52,853.81,44657.97,49017.96,11.730499999997846,26.350500000000466,-14.62000000000262,0.5548281816285217
2026-07-31 13:35:00,20192.38,853.25,44658.46,49018.77,12.540499999995518,26.350500000000466,-13.810000000004948,0.5240887269693062
2026-07-31 13:36:00,20192.05,853.32,44658.67,49018.81,12.580499999996391,26.350500000000466,-13.770000000004075,0.5225707292083198
2026-07-31 13:37:00,20191.4,853.49,44658.65,49018.53,12.300499999997555,26.350500000000466,-14.05000000000291,0.5331967135349486
2026-07-31 13:38:00,20191.32,853.7,44658.81,49018.65,12.420500000000175,26.355499999997846,-13.934999999997672,0.5287321431958723
2026-07-31 13:39:00,20191.52,853.71,44658.93,49018.84,12.610499999995227,26.360499999995227,-13.75,0.5216137781909482
2026-07-31 13:40:00,20191.05,853.73,44659.1,49018.8,12.57050000000163,26.360499999995227,-13.789999999993597,0.5231312000908971
2026-07-31 13:41:00,20190.83,853.75,44659.21,49018.82,12.590499999998428,26.360499999995227,-13.769999999996799,0.5223724891409227
2026-07-31 13:42:00,20190.82,853.8,44659.38,49018.97,12.740499999999884,26.365499999996246,-13.624999999996362,0.5167738142647893
2026-07-31 13:43:00,20190.86,853.96,44659.5,49019.08,12.850500000000466,26.370499999997264,-13.519999999996799,0.51269410894743
2026-07-31 13:44:00,20190.56,854.14,44659.49,49018.95,12.720499999995809,26.370499999997264,-13.650000000001455,0.5176238599951791
2026-07-31 13:45:00,20190.54,854.08,44659.66,49019.11,12.880499999999302,26.370499999997264,-13.489999999997963,0.511556474090342
2026-07-31 13:46:00,20191.15,853.95,44659.87,49019.54,13.310499999999593,26.370499999997264,-13.059999999997672,0.4952503744714369
2026-07-31 13:47:00,20191.29,853.62,44659.93,49019.66,13.430500000002212,26.370499999997264,-12.939999999995052,0.490699835042809
2026-07-31 13:48:00,20190.95,853.74,44660.28,49019.83,13.600500000000466,26.375499999998283,-12.774999999997817,0.4843510075637864
2026-07-31 13:49:00,20190.17,853.85,44660.2,49019.43,13.20049999999901,26.3804999999993,-13.180000000000291,0.4996114554311192
2026-07-31 13:50:00,20190.57,853.5,44660.44,49019.83,13.600500000000466,26.3804999999993,-12.779999999998836,0.48444874054696363
2026-07-31 13:51:00,20191.02,853.39,44660.86,49020.39,14.160499999998137,26.3804999999993,-12.220000000001164,0.46322093970931133
2026-07-31 13:52:00,20190.39,853.3,44660.97,49020.22,13.990499999999884,26.3804999999993,-12.389999999999418,0.4696650935349878
2026-07-31 13:53:00,20189.64,853.32,44661.04,49019.97,13.740499999999884,26.3804999999993,-12.639999999999418,0.47914179033755055
2026-07-31 13:54:00,20190.06,853.42,44661.41,49020.5,14.27049999999872,26.3804999999993,-12.110000000000582,0.45905119311616166
2026-07-31 13:55:00,20189.98,853.29,44661.39,49020.44,14.210500000001048,26.3804999999993,-12.169999999998254,0.46132560034868847
2026-07-31 13:56:00,20189.02,853.35,44661.42,49020.07,13.840499999998428,26.3804999999993,-12.540000000000873,0.4753511116165806
2026-07-31 13:57:00,20189.56,853.92,44661.75,49020.61,14.380499999999302,26.3804999999993,-12.0,0.454881446523012
2026-07-31 13:58:00,20189.8,853.83,44661.79,49020.72,14.490499999999884,26.38550000000032,-11.895000000000437,0.4508157889750163
2026-07-31 13:59:00,20188.94,854.04,44661.87,49020.46,14.230499999997846,26.39050000000134,-12.160000000003492,0.46077186866496944
2026-07-31 14:00:00,20188.18,854.45,44661.98,49020.25,14.02049999999872,26.39050000000134,-12.37000000000262,0.4687292775810232
2026-07-31 14:01:00,20188.52,854.5,44662.14,49020.57,14.340499999998428,26.39050000000134,-12.05000000000291,0.4566037020898543
2026-07-31 14:02:00,20188.85,854.43,44662.35,49020.89,14.660499999998137,26.39050000000134,-11.730000000003201,0.44447812659868535
2026-07-31 14:03:00,20188.76,854.9,44662.41,49020.91,14.680500000002212,26.39050000000134,-11.709999999999127,0.4437202781303322
2026-07-31 14:04:00,20188.53,855.16,44662.49,49020.88,14.6504999999961,26.39050000000134,-11.740000000005239,0.4448570508328619
2026-07-31 14:05:00,20188.29,855.19,44662.59,49020.87,14.640500000001339,26.39050000000134,-11.75,0.4452359750667628
2026-07-31 14:06:00,20187.51,855.72,44662.6,49020.57,14.340499999998428,26.39050000000134,-12.05000000000291,0.4566037020898543
2026-07-31 14:07:00,20187.89,855.64,44662.89,49021.01,14.780500000000757,26.39050000000134,-11.610000000000582,0.43993103578939363
2026-07-31 14:08:00,20186.88,856.28,44662.92,49020.61,14.380499999999302,26.39549999999872,-12.014999999999418,0.4551912257771211
2026-07-31 14:09:00,20187.4,856.34,44663.14,49021.04,14.810499999999593,26.4004999999961,-11.589999999996508,0.4390068369916562
2026-07-31 14:10:00,20187.91,856.42,44663.39,49021.46,15.230499999997846,26.40549999999712,-11.174999999999272,0.42320728636081467
2026-07-31 14:11:00,20186.81,856.54,44663.46,49021.07,14.840499999998428,26.410499999998137,-11.569999999999709,0.43808333806631927
2026-07-31 14:12:00,20186.03,856.84,44663.8,49021.06,14.830499999996391,26.410499999998137,-11.580000000001746,0.43846197535080983
2026-07-31 14:13:00,20185.21,856.71,44663.78,49020.71,14.480499999997846,26.410499999998137,-11.930000000000291,0.45171428030522454
2026-07-31 14:14:00,20185.24,856.78,44664.13,49021.06,14.830499999996391,26.415499999999156,-11.585000000002765,0.43856826484462286
2026-07-31 14:15:00,20185.29,857.0,44664.36,49021.29,15.060499999999593,26.420500000000175,-11.360000000000582,0.4299691527412618
2026-07-31 14:16:00,20185.25,857.15,44664.6,49021.49,15.260499999996682,26.420500000000175,-11.160000000003492,0.42239927329170224
2026-07-31 14:17:00,20185.4,857.07,44664.76,49021.7,15.470499999995809,26.420500000000175,-10.950000000004366,0.41445089986958206
2026-07-31 14:18:00,20185.37,857.02,44665.07,49021.95,15.720499999995809,26.425500000001193,-10.705000000005384,0.40510113337514525
2026-07-31 14:19:00,20184.2,857.56,44665.08,49021.49,15.260499999996682,26.430500000002212,-11.17000000000553,0.4226178089708706
2026-07-31 14:20:00,20183.61,858.13,44665.01,49021.19,14.960500000001048,26.435499999999593,-11.474999999998545,0.4340753910460828
2026-07-31 14:21:00,20183.6,858.38,44665.09,49021.27,15.040499999995518,26.440499999996973,-11.400000000001455,0.4311567481705248
2026-07-31 14:22:00,20183.72,858.54,44665.54,49021.73,15.50050000000192,26.440499999996973,-10.939999999995052,0.41375919517393034
2026-07-31 14:23:00,20182.93,858.9,44665.59,49021.44,15.210500000001048,26.440499999996973,-11.229999999995925,0.42472721771514194
2026-07-31 14:24:00,20182.97,858.94,44665.64,49021.51,15.280500000000757,26.445499999997992,-11.164999999997235,0.42218903026972765
2026-07-31 14:25:00,20183.33,858.89,44665.85,49021.84,15.610499999995227,26.45049999999901,-10.840000000003783,0.409822120564987
2026-07-31 14:26:00,20182.96,859.07,44666.05,49021.88,15.6504999999961,26.45049999999901,-10.80000000000291,0.40830986181748224
2026-07-31 14:27:00,20182.87,859.52,44666.3,49022.07,15.840499999998428,26.45049999999901,-10.610000000000582,0.4011266327669034
2026-07-31 14:28:00,20182.81,859.32,44666.55,49022.27,16.040499999995518,26.445499999997992,-10.405000000002474,0.3934506815905641
2026-07-31 14:29:00,20182.18,859.61,44666.5,49021.97,15.740499999999884,26.440499999996973,-10.69999999999709,0.40468221100199747
2026-07-31 14:30:00,20182.65,859.47,44666.8,49022.45,16.22049999999581,26.440499999996973,-10.220000000001164,0.3865282426581318
2026-07-31 14:31:00,20183.26,859.43,44667.17,49023.03,16.800499999997555,26.440499999996973,-9.639999999999418,0.36459219757570854
2026-07-31 14:32:00,20183.87,859.65,44667.3,49023.4,17.170500000000175,26.435499999999593,-9.264999999999418,0.3504756861038967
2026-07-31 14:33:00,20182.64,859.81,44667.36,49022.95,16.72049999999581,26.430500000002212,-9.710000000006403,0.3673785966972093
2026-07-31 14:34:00,20182.18,859.98,44667.47,49022.87,16.64050000000134,26.425500000001193,-9.784999999999854,0.3702862765131942
2026-07-31 14:35:00,20182.6,860.59,44667.77,49023.32,17.09049999999843,26.420500000000175,-9.330000000001746,0.35313487632715823
2026-07-31 14:36:00,20182.19,860.74,44667.87,49023.25,17.02049999999872,26.420500000000175,-9.400000000001455,0.35578433413453164
2026-07-31 14:37:00,20182.04,860.71,44667.94,49023.25,17.02049999999872,26.420500000000175,-9.400000000001455,0.35578433413453164
2026-07-31 14:38:00,20181.63,860.9,44668.19,49023.31,17.08049999999639,26.415499999999156,-9.335000000002765,0.35339100149545016
2026-07-31 14:39:00,20181.43,861.41,44668.35,49023.38,17.1504999999961,26.420500000000175,-9.270000000004075,0.35086391249234544
2026-07-31 14:40:00,20180.24,861.53,44668.1,49022.66,16.430500000002212,26.415499999999156,-9.984999999996944,0.37799776646276856
2026-07-31 14:41:00,20180.69,861.98,44668.81,49023.49,17.260499999996682,26.420500000000175,-9.160000000003492,0.3467004787950051
2026-07-31 14:42:00,20180.5,862.29,44668.91,49023.51,17.280500000000757,26.420500000000175,-9.139999999999418,0.3459434908498839
2026-07-31 14:43:00,20179.27,862.97,44668.79,49022.9,16.670500000000175,26.420500000000175,-9.75,0.36903162317139854
2026-07-31 14:44:00,20178.75,863.56,44668.92,49022.83,16.600500000000466,26.425500000001193,-9.825000000000728,0.3717999659419986
2026-07-31 14:45:00,20178.23,864.26,44669.07,49022.74,16.510499999996682,26.430500000002212,-9.92000000000553,0.3753239628461323
2026-07-31 14:46:00,20177.61,864.77,44669.18,49022.57,16.34049999999843,26.435499999999593,-10.095000000001164,0.38187286035828033
2026-07-31 14:47:00,20176.33,865.63,44669.06,49021.98,15.75050000000192,26.440499999996973,-10.689999999995052,0.4043040033280867
2026-07-31 14:48:00,20176.55,865.43,44669.52,49022.48,16.25050000000192,26.440499999996973,-10.189999999995052,0.3853936196363994
2026-07-31 14:49:00,20176.55,865.48,44669.79,49022.73,16.50050000000192,26.440499999996973,-9.939999999995052,0.3759384277905558
2026-07-31 14:50:00,20176.43,865.61,44669.96,49022.83,16.600500000000466,26.445499999997992,-9.844999999997526,0.37227505624768953
2026-07-31 14:51:00,20175.29,866.21,44669.92,49022.35,16.120499999997264,26.45049999999901,-10.330000000001746,0.3905408215346452
2026-07-31 14:52:00,20175.67,866.39,44670.08,49022.65,16.420500000000175,26.45049999999901,-10.029999999998836,0.379198880928497
2026-07-31 14:53:00,20175.51,867.17,44670.0,49022.53,16.300499999997555,26.45049999999901,-10.150000000001455,0.3837356571710113
2026-07-31 14:54:00,20174.92,867.61,44669.96,49022.28,16.050499999997555,26.45049999999901,-10.400000000001455,0.3931872743427097
2026-07-31 14:55:00,20174.89,867.79,44670.08,49022.38,16.1504999999961,26.45049999999901,-10.30000000000291,0.3894066274740854
2026-07-31 14:56:00,20174.47,868.38,44670.05,49022.18,15.95049999999901,26.45049999999901,-10.5,0.3969679212113341
2026-07-31 14:57:00,20174.49,868.26,44670.06,49022.2,15.970499999995809,26.45049999999901,-10.480000000003201,0.39621179183771926
2026-07-31 14:58:00,20175.06,868.51,44670.18,49022.55,16.32050000000163,26.45049999999901,-10.12999999999738,0.3829795277971214
2026-07-31 14:59:00,20175.08,869.14,44670.22,49022.62,16.39050000000134,26.45049999999901,-10.059999999997672,0.38033307498905683
2026-07-31 15:00:00,20174.92,869.79,44670.26,49022.6,16.370499999997264,26.45550000000003,-10.085000000002765,0.38120617640954635
2026-07-31 15:01:00,20175.43,870.14,44670.28,49022.84,16.610499999995227,26.460500000001048,-9.85000000000582,0.37225298085846564
2026-07-31 15:02:00,20176.16,870.56,44670.46,49023.3,17.07050000000163,26.460500000001048,-9.389999999999418,0.35486857769123964
2026-07-31 15:03:00,20176.18,870.93,44670.53,49023.36,17.1304999999993,26.460500000001048,-9.330000000001746,0.3526010468434601
2026-07-31 15:04:00,20176.01,871.01,44670.47,49023.25,17.02049999999872,26.460500000001048,-9.440000000002328,0.3567581867312392
2026-07-31 15:05:00,20176.29,871.9,44670.7,49023.59,17.360499999995227,26.460500000001048,-9.10000000000582,0.3439088452601221
2026-07-31 15:06:00,20177.02,872.01,44670.71,49023.9,17.670500000000175,26.460500000001048,-8.790000000000873,0.33219326921261977
2026-07-31 15:07:00,20178.1,871.86,44670.99,49024.6,18.370499999997264,26.460500000001048,-8.090000000003783,0.30573874265427575
2026-07-31 15:08:00,20178.72,872.07,44671.25,49025.08,18.850500000000466,26.46549999999843,-7.614999999997963,0.2877330864710062
2026-07-31 15:09:00,20178.74,872.65,44671.19,49025.04,18.810499999999593,26.47049999999581,-7.6599999999962165,0.2893787423734886
2026-07-31 15:10:00,20178.66,872.86,44671.18,49025.0,18.77049999999872,26.475499999996828,-7.704999999998108,0.2910237766991759
2026-07-31 15:11:00,20178.85,872.99,44671.15,49025.04,18.810499999999593,26.480499999997846,-7.669999999998254,0.28964709880851486
2026-07-31 15:12:00,20179.47,873.75,44671.45,49025.58,19.350500000000466,26.480499999997846,-7.129999999997381,0.2692547346159612
2026-07-31 15:13:00,20179.24,874.45,44671.33,49025.4,19.170500000000175,26.480499999997846,-7.309999999997672,0.2760521893468124
2026-07-31 15:14:00,20179.42,874.67,44671.44,49025.57,19.34049999999843,26.480499999997846,-7.139999999999418,0.2696323709899737
2026-07-31 15:15:00,20180.09,874.86,44671.55,49025.95,19.72049999999581,26.480499999997846,-6.760000000002037,0.255282188780521
2026-07-31 15:16:00,20180.83,875.07,44671.87,49026.56,20.33049999999639,26.480499999997846,-6.150000000001455,0.23224636997042938
2026-07-31 15:17:00,20182.69,874.98,44672.43,49027.82,21.59049999999843,26.480499999997846,-4.889999999999418,0.18466418685447086
2026-07-31 15:18:00,20185.02,874.29,44672.89,49029.17,22.940499999996973,26.485499999998865,-3.5450000000018917,0.13384682184599286
2026-07-31 15:19:00,20186.62,874.01,44673.28,49030.16,23.930500000002212,26.490499999999884,-2.5599999999976717,0.09663841754582522
2026-07-31 15:20:00,20186.29,874.36,44673.42,49030.16,23.930500000002212,26.490499999999884,-2.5599999999976717,0.09663841754582522
2026-07-31 15:21:00,20185.41,874.88,44673.46,49029.83,23.600500000000466,26.490499999999884,-2.889999999999418,0.109095713557669
2026-07-31 15:22:00,20184.38,875.46,44673.55,49029.51,23.280500000000757,26.490499999999884,-3.209999999999127,0.12117551575089715
2026-07-31 15:23:00,20184.34,875.98,44673.78,49029.71,23.480499999997846,26.490499999999884,-3.0100000000020373,0.11362563938023255
2026-07-31 15:24:00,20184.22,876.4,44674.17,49030.03,23.800499999997555,26.495500000000902,-2.695000000003347,0.10171538563164519
2026-07-31 15:25:00,20184.86,876.68,44674.31,49030.42,24.190499999996973,26.50050000000192,-2.3100000000049477,0.0871681666385457
2026-07-31 15:26:00,20185.42,876.74,44674.21,49030.56,24.33049999999639,26.50050000000192,-2.1700000000055297,0.08188524744836409
2026-07-31 15:27:00,20186.52,877.04,44674.86,49031.61,25.3804999999993,26.50050000000192,-1.1200000000026193,0.04226335352172744
2026-07-31 15:28:00,20186.97,877.15,44675.2,49032.1,25.870499999997264,26.50050000000192,-0.6300000000046566,0.02377313635609181
2026-07-31 15:29:00,20187.03,877.31,44675.42,49032.32,26.09049999999843,26.50050000000192,-0.41000000000349246,0.015471406200013688
2026-07-31 15:30:00,20187.3,877.3,44675.7,49032.68,26.45049999999901,26.50050000000192,-0.05000000000291038,0.0018867568537539578
2026-07-31 15:31:00,20187.25,877.56,44675.95,49032.91,26.680500000002212,26.50050000000192,0.18000000000029104,0.006792324673129865
2026-07-31 15:32:00,20186.98,878.14,44676.28,49033.11,26.8804999999993,26.50050000000192,0.37999999999738066,0.014339352087596577
2026-07-31 15:33:00,20186.98,878.73,44676.37,49033.19,26.960500000001048,26.50050000000192,0.4599999999991269,0.017358163053493088
2026-07-31 15:34:00,20186.89,878.9,44676.49,49033.26,27.030500000000757,26.50050000000192,0.5299999999988358,0.019999622648583893
2026-07-31 15:35:00,20186.18,879.56,44676.51,49033.0,26.77049999999872,26.50050000000192,0.2699999999967986,0.010188487009557518
2026-07-31 15:36:00,20186.12,880.2,44676.66,49033.13,26.9004999999961,26.50050000000192,0.39999999999417923,0.015094054828933426
2026-07-31 15:37:00,20186.85,880.05,44677.05,49033.77,27.540499999995518,26.50050000000192,1.0399999999935972,0.03924454255555638
2026-07-31 15:38:00,20186.5,880.57,44676.85,49033.46,27.230499999997846,26.50050000000192,0.7299999999959255,0.027546650063050605
2026-07-31 15:39:00,20186.8,880.64,44676.86,49033.6,27.370499999997264,26.50050000000192,0.8699999999953434,0.032829569253232216
2026-07-31 15:40:00,20187.93,880.34,44677.63,49034.77,28.540499999995518,26.50050000000192,2.039999999993597,0.07697967962843906
2026-07-31 15:41:00,20188.34,880.43,44677.85,49035.13,28.9004999999961,26.50050000000192,2.3999999999941792,0.0905643289746988
2026-07-31 15:42:00,20188.5,880.92,44678.08,49035.41,29.180500000002212,26.495500000000902,2.6850000000013097,0.10133796305037528
2026-07-31 15:43:00,20188.2,880.97,44677.95,49035.18,28.95049999999901,26.490499999999884,2.459999999999127,0.09286347936049293
2026-07-31 15:44:00,20188.0,881.22,44678.28,49035.4,29.170500000000175,26.490499999999884,2.680000000000291,0.10116834336838877
2026-07-31 15:45:00,20187.82,881.45,44678.46,49035.49,29.260499999996682,26.490499999999884,2.7699999999967986,0.10456578773510544
2026-07-31 15:46:00,20187.29,881.67,44678.6,49035.4,29.170500000000175,26.490499999999884,2.680000000000291,0.10116834336838877
2026-07-31 15:47:00,20186.55,882.22,44678.49,49035.02,28.790499999995518,26.490499999999884,2.2999999999956344,0.08682357826374151
2026-07-31 15:48:00,20187.02,882.2,44678.46,49035.18,28.95049999999901,26.485499999998865,2.4650000000001455,0.09306979290556158
2026-07-31 15:49:00,20188.28,882.11,44679.08,49036.25,30.02049999999872,26.480499999997846,3.540000000000873,0.1336832763732241
2026-07-31 15:50:00,20188.55,882.42,44679.07,49036.34,30.110499999995227,26.480499999997846,3.6299999999973807,0.13708200373851234
2026-07-31 15:51:00,20188.88,882.73,44679.02,49036.43,30.20049999999901,26.480499999997846,3.720000000001164,0.14048073110407533
2026-07-31 15:52:00,20188.53,883.16,44678.93,49036.21,29.980499999997846,26.480499999997846,3.5,0.13217273087744885
2026-07-31 15:53:00,20188.28,883.45,44679.03,49036.22,29.990499999999884,26.480499999997846,3.5100000000020373,0.13255036725146135
2026-07-31 15:54:00,20188.24,883.52,44679.42,49036.55,30.32050000000163,26.480499999997846,3.8400000000037835,0.14501236759140107
2026-07-31 15:55:00,20188.42,883.5,44679.72,49036.9,30.670500000000175,26.480499999997846,4.190000000002328,0.15822964067909098
2026-07-31 15:56:00,20188.35,883.59,44679.87,49037.0,30.77049999999872,26.475499999996828,4.295000000001892,0.16222545372145591
2026-07-31 15:57:00,20188.53,884.0,44680.18,49037.37,31.14050000000134,26.47049999999581,4.67000000000553,0.17642281029849338
2026-07-31 15:58:00,20188.17,884.28,44680.06,49037.11,30.8804999999993,26.46549999999843,4.415000000000873,0.1668209555837273
2026-07-31 15:59:00,20188.11,884.59,44679.98,49037.01,30.780500000000757,26.460500000001048,4.319999999999709,0.16326222104644803
2026-07-31 16:00:00,20188.34,884.79,44680.05,49037.19,30.960500000001048,26.460500000001048,4.5,0.17006481359006148
2026-07-31 16:01:00,20188.38,885.14,44680.0,49037.15,30.920500000000175,26.460500000001048,4.459999999999127,0.16855312635811684
2026-07-31 16:02:00,20188.34,885.41,44680.08,49037.22,30.990499999999884,26.460500000001048,4.529999999998836,0.17119857901395122
2026-07-31 16:03:00,20187.81,885.66,44680.0,49036.93,30.70049999999901,26.460500000001048,4.239999999997963,0.1602388465825587
2026-07-31 16:04:00,20187.33,885.92,44679.75,49036.52,30.290499999995518,26.45550000000003,3.834999999995489,0.1449604052085761
2026-07-31 16:05:00,20187.46,886.14,44680.08,49036.88,30.6504999999961,26.45049999999901,4.19999999999709,0.15878716848442362
2026-07-31 16:06:00,20187.75,886.32,44680.1,49037.03,30.800499999997555,26.45049999999901,4.349999999998545,0.16445813878749768
2026-07-31 16:07:00,20188.41,886.3,44680.31,49037.49,31.260499999996682,26.45049999999901,4.809999999997672,0.1818491143833898
2026-07-31 16:08:00,20188.65,886.45,44680.52,49037.79,31.560499999999593,26.45049999999901,5.110000000000582,0.19319105498953792
2026-07-31 16:09:00,20188.49,886.79,44680.58,49037.78,31.550499999997555,26.45049999999901,5.099999999998545,0.19281299030259297
2026-07-31 16:10:00,20188.2,887.15,44680.48,49037.56,31.33049999999639,26.45049999999901,4.879999999997381,0.18449556719145435
2026-07-31 16:11:00,20188.02,887.32,44680.37,49037.41,31.180500000002212,26.45049999999901,4.730000000003201,0.17882459688865535
2026-07-31 16:12:00,20188.06,887.42,44680.44,49037.48,31.25050000000192,26.45049999999901,4.80000000000291,0.1814710496967199
2026-07-31 16:13:00,20187.92,887.48,44680.44,49037.4,31.170500000000175,26.45049999999901,4.720000000001164,0.1784465322017104
2026-07-31 16:14:00,20187.89,887.75,44680.42,49037.39,31.160499999998137,26.445499999997992,4.7150000000001455,0.17829120266209766
2026-07-31 16:15:00,20188.05,887.99,44680.55,49037.59,31.360499999995227,26.440499999996973,4.919999999998254,0.18607817552613667
2026-07-31 16:16:00,20188.14,888.34,44680.8,49037.86,31.6304999999993,26.435499999999593,5.194999999999709,0.19651604849538648
2026-07-31 16:17:00,20187.71,888.32,44680.56,49037.45,31.22049999999581,26.430500000002212,4.789999999993597,0.18123001834975488
2026-07-31 16:18:00,20187.19,888.59,44680.17,49036.9,30.670500000000175,26.425500000001193,4.244999999998981,0.16064029062832452
2026-07-31 16:19:00,20187.46,888.69,44680.39,49037.21,30.980499999997846,26.420500000000175,4.559999999997672,0.17259325145238136
2026-07-31 16:20:00,20187.32,888.86,44680.51,49037.25,31.02049999999872,26.420500000000175,4.599999999998545,0.17410722734234835
2026-07-31 16:21:00,20187.38,889.05,44680.57,49037.34,31.110499999995227,26.420500000000175,4.689999999995052,0.17751367309456753
2026-07-31 16:22:00,20187.01,889.16,44680.41,49037.03,30.800499999997555,26.415499999999156,4.384999999998399,0.1660010221271049
2026-07-31 16:23:00,20187.15,889.24,44680.45,49037.13,30.9004999999961,26.410499999998137,4.489999999997963,0.17000814070154974
2026-07-31 16:24:00,20187.19,889.6,44680.63,49037.32,31.09049999999843,26.410499999998137,4.680000000000291,0.17720224910549293
2026-07-31 16:25:00,20187.16,889.57,44680.63,49037.31,31.08049999999639,26.410499999998137,4.669999999998254,0.17682361182100237
2026-07-31 16:26:00,20187.15,889.74,44680.55,49037.22,30.990499999999884,26.40549999999712,4.585000000002765,0.17363806782690216
2026-07-31 16:27:00,20186.62,890.25,44680.4,49036.88,30.6504999999961,26.4004999999961,4.25,0.1609817995871528
2026-07-31 16:28:00,20186.75,890.4,44680.49,49037.02,30.790499999995518,26.39549999999872,4.394999999996799,0.16650565437279127
2026-07-31 16:29:00,20187.13,890.59,44680.83,49037.48,31.25050000000192,26.39050000000134,4.860000000000582,0.18415717777231713
2026-07-31 16:30:00,20186.64,890.96,44680.61,49037.1,30.870499999997264,26.39050000000134,4.4799999999959255,0.16975805687636453
2026-07-31 16:31:00,20186.39,891.11,44680.65,49037.05,30.82050000000163,26.39050000000134,4.430000000000291,0.1678634357060331
2026-07-31 16:32:00,20185.76,891.52,44680.54,49036.7,30.47049999999581,26.39050000000134,4.07999999999447,0.15460108751233448
2026-07-31 16:33:00,20185.48,892.2,44680.59,49036.62,30.39050000000134,26.39050000000134,4.0,0.15156969363974904
2026-07-31 16:34:00,20185.26,892.52,44680.33,49036.31,30.08049999999639,26.38550000000032,3.694999999996071,0.140039036591917
2026-07-31 16:35:00,20185.18,892.83,44680.53,49036.46,30.230499999997846,26.3804999999993,3.849999999998545,0.14594113075941118
2026-07-31 16:36:00,20185.22,892.91,44680.55,49036.49,30.260499999996682,26.3804999999993,3.8799999999973807,0.14707833437567458
2026-07-31 16:37:00,20184.91,893.19,44680.41,49036.24,30.010499999996682,26.3804999999993,3.6299999999973807,0.13760163757311183
2026-07-31 16:38:00,20185.45,893.42,44680.67,49036.71,30.480499999997846,26.3804999999993,4.099999999998545,0.15541782756197392
2026-07-31 16:39:00,20185.27,893.86,44680.62,49036.59,30.360499999995227,26.3804999999993,3.9799999999959255,0.15086901309664452
2026-07-31 16:40:00,20185.14,894.28,44680.7,49036.63,30.4004999999961,26.3804999999993,4.019999999996799,0.15238528458508765
2026-07-31 16:41:00,20184.72,894.84,44680.49,49036.27,30.040499999995518,26.3804999999993,3.6599999999962165,0.13873884118937524
2026-07-31 16:42:00,20184.42,895.06,44680.33,49036.01,29.780500000000757,26.3804999999993,3.400000000001455,0.12888307651490855
2026-07-31 16:43:00,20184.39,895.36,44680.46,49036.13,29.9004999999961,26.3804999999993,3.5199999999967986,0.13343189097996216
2026-07-31 16:44:00,20184.02,895.79,44680.53,49036.03,29.800499999997555,26.375499999998283,3.4249999999992724,0.12985535819224261
2026-07-31 16:45:00,20183.91,895.79,44680.46,49035.93,29.70049999999901,26.370499999997264,3.3300000000017462,0.12627746914173382
2026-07-31 16:46:00,20184.19,895.83,44680.67,49036.24,30.010499999996682,26.370499999997264,3.639999999999418,0.13803302933201098
2026-07-31 16:47:00,20183.8,896.19,44680.64,49036.05,29.82050000000163,26.370499999997264,3.4500000000043656,0.1308280085703617
2026-07-31 16:48:00,20183.75,896.48,44680.61,49036.0,29.77049999999872,26.370499999997264,3.400000000001455,0.12893195047503112
2026-07-31 16:49:00,20183.51,896.62,44680.62,49035.93,29.70049999999901,26.370499999997264,3.3300000000017462,0.12627746914173382
2026-07-31 16:50:00,20183.26,897.14,44680.65,49035.86,29.6304999999993,26.365499999996246,3.265000000003056,0.12383607365699573
2026-07-31 16:51:00,20182.73,897.29,44680.57,49035.56,29.33049999999639,26.360499999995227,2.970000000001164,0.11266857608928897
2026-07-31 16:52:00,20182.29,897.59,44680.4,49035.23,29.00050000000192,26.360499999995227,2.640000000006694,0.100149845412916
2026-07-31 16:53:00,20182.19,897.93,44680.38,49035.19,28.960500000001048,26.360499999995227,2.6000000000058208,0.09863242351269101
2026-07-31 16:54:00,20182.23,897.92,44680.51,49035.33,29.100500000000466,26.355499999997846,2.7450000000026193,0.10415283337454587
2026-07-31 16:55:00,20182.07,898.06,44680.53,49035.28,29.050499999997555,26.350500000000466,2.6999999999970896,0.10246484886423567
2026-07-31 16:56:00,20181.76,898.45,44680.6,49035.22,28.990499999999884,26.350500000000466,2.639999999999418,0.10018785222289411
2026-07-31 16:57:00,20181.63,898.56,44680.65,49035.22,28.990499999999884,26.350500000000466,2.639999999999418,0.10018785222289411
2026-07-31 16:58:00,20181.34,898.91,44680.62,49035.07,28.84049999999843,26.350500000000466,2.4899999999979627,0.0944953606192641
2026-07-31 16:59:00,20181.06,899.36,44680.53,49034.89,28.660499999998137,26.350500000000466,2.3099999999976717,0.08766437069496331
2026-07-31 17:00:00,20180.88,899.48,44680.53,49034.82,28.59049999999843,26.350500000000466,2.2399999999979627,0.08500787461330613
2026-07-31 17:01:00,20181.27,899.42,44680.57,49035.02,28.790499999995518,26.350500000000466,2.4399999999950523,0.09259786341796206
2026-07-31 17:02:00,20181.21,899.62,44680.61,49035.04,28.810499999999593,26.345499999999447,2.4650000000001455,0.09356436583098432
2026-07-31 17:03:00,20181.09,899.72,44680.59,49034.96,28.730499999997846,26.34049999999843,2.389999999999418,0.09073480002276192
2026-07-31 17:04:00,20180.93,900.13,44680.53,49034.86,28.6304999999993,26.34049999999843,2.290000000000873,0.08693836487542035
2026-07-31 17:05:00,20180.64,900.59,44680.5,49034.73,28.50050000000192,26.34049999999843,2.1600000000034925,0.08200299918390393
2026-07-31 17:06:00,20180.45,900.85,44680.55,49034.7,28.47049999999581,26.34049999999843,2.1299999999973807,0.08086406863945285
2026-07-31 17:07:00,20180.31,900.91,44680.57,49034.66,28.430500000002212,26.34049999999843,2.0900000000037835,0.0793454945807372
2026-07-31 17:08:00,20180.15,901.09,44680.41,49034.45,28.22049999999581,26.34049999999843,1.8799999999973807,0.0713729807709608
2026-07-31 17:09:00,20179.95,901.26,44680.47,49034.42,28.190499999996973,26.34049999999843,1.8499999999985448,0.07023405022678594
2026-07-31 17:10:00,20179.79,901.61,44680.35,49034.25,28.02049999999872,26.33549999999741,1.6850000000013097,0.06398207742406543
2026-07-31 17:11:00,20180.04,901.62,44680.38,49034.39,28.160499999998137,26.33049999999639,1.8300000000017462,0.06950114885786435
2026-07-31 17:12:00,20180.61,901.56,44680.49,49034.71,28.480499999997846,26.33049999999639,2.150000000001455,0.08165435521550103
2026-07-31 17:13:00,20180.26,901.86,44680.33,49034.42,28.190499999996973,26.33049999999639,1.860000000000582,0.0706405119538496
2026-07-31 17:14:00,20180.22,902.31,44680.28,49034.38,28.1504999999961,26.320499999997992,1.8299999999981083,0.06952755456766581
2026-07-31 17:15:00,20180.44,902.45,44680.35,49034.51,28.280500000000757,26.310499999999593,1.9700000000011642,0.07487504988507229
2026-07-31 17:16:00,20180.97,902.43,44680.42,49034.81,28.58049999999639,26.310499999999593,2.2699999999967986,0.08627734174557054
2026-07-31 17:17:00,20181.06,902.7,44680.62,49035.02,28.790499999995518,26.310499999999593,2.4799999999959255,0.09425894604800228
2026-07-31 17:18:00,20180.84,902.71,44680.4,49034.73,28.50050000000192,26.310499999999593,2.1900000000023283,0.08323673058293693
2026-07-31 17:19:00,20181.26,902.63,44680.35,49034.86,28.6304999999993,26.310499999999593,2.319999999999709,0.08817772372245852
2026-07-31 17:20:00,20181.32,902.88,44680.38,49034.91,28.680500000002212,26.305499999998574,2.375000000003638,0.09028530155305038
2026-07-31 17:21:00,20181.59,902.94,44680.37,49035.01,28.780500000000757,26.300499999997555,2.4800000000032014,0.0942947852703725
2026-07-31 17:22:00,20181.79,903.06,44680.35,49035.08,28.850500000000466,26.300499999997555,2.5500000000029104,0.09695633162879594
2026-07-31 17:23:00,20181.72,903.05,44680.14,49034.86,28.6304999999993,26.300499999997555,2.3300000000017462,0.0885914716451004
2026-07-31 17:24:00,20181.72,903.39,44680.13,49034.85,28.620499999997264,26.300499999997555,2.319999999999709,0.08821125073667514
2026-07-31 17:25:00,20181.85,903.62,44680.11,49034.89,28.660499999998137,26.300499999997555,2.360000000000582,0.08973213437009948
2026-07-31 17:26:00,20181.87,903.58,44679.71,49034.52,28.290499999995518,26.300499999997555,1.9899999999979627,0.07566396076113183
2026-07-31 17:27:00,20181.89,903.69,44679.48,49034.35,28.120499999997264,26.300499999997555,1.819999999999709,0.06920020531928588
2026-07-31 17:28:00,20182.4,903.94,44679.71,49034.76,28.530500000000757,26.300499999997555,2.2300000000032014,0.08478926256167786
2026-07-31 17:29:00,20182.55,903.9,44679.7,49034.8,28.57050000000163,26.300499999997555,2.2700000000040745,0.0863101461951022
2026-07-31 17:30:00,20182.63,904.24,44679.55,49034.72,28.490499999999884,26.290499999999156,2.2000000000007276,0.08368041688065264
2026-07-31 17:31:00,20182.6,904.19,44679.5,49034.65,28.420500000000175,26.280500000000757,2.139999999999418,0.08142919655255251
2026-07-31 17:32:00,20182.83,904.34,44679.45,49034.7,28.47049999999581,26.280500000000757,2.1899999999950523,0.08333174787370824
2026-07-31 17:33:00,20182.89,904.49,44679.14,49034.45,28.22049999999581,26.280500000000757,1.9399999999950523,0.07381899126709905
2026-07-31 17:34:00,20183.41,904.32,44679.19,49034.7,28.47049999999581,26.275499999999738,2.194999999996071,0.08353789651942277
2026-07-31 17:35:00,20183.36,904.35,44678.88,49034.4,28.170500000000175,26.27049999999872,1.9000000000014552,0.07232447041364069
2026-07-31 17:36:00,20183.8,904.57,44679.01,49034.71,28.480499999997846,26.27049999999872,2.209999999999127,0.08412477874418967
2026-07-31 17:37:00,20183.83,904.87,44678.88,49034.6,28.370499999997264,26.27049999999872,2.099999999998545,0.07993757256232836
2026-07-31 17:38:00,20183.88,905.05,44678.84,49034.59,28.360499999995227,26.2654999999977,2.094999999997526,0.0797624259959913
2026-07-31 17:39:00,20183.83,904.81,44678.36,49034.12,27.89050000000134,26.260499999996682,1.6300000000046566,0.06207040993145076
2026-07-31 17:40:00,20183.98,905.18,44678.32,49034.16,27.930500000002212,26.260499999996682,1.6700000000055297,0.06359361017519624
2026-07-31 17:41:00,20184.27,905.49,44678.35,49034.31,28.08049999999639,26.260499999996682,1.819999999999709,0.06930561108889545
2026-07-31 17:42:00,20184.65,905.49,44678.29,49034.41,28.180500000002212,26.2554999999993,1.9250000000029104,0.07331797147275662
2026-07-31 17:43:00,20184.25,905.8,44677.93,49033.92,27.690499999996973,26.25050000000192,1.4399999999950523,0.05485609797889362
2026-07-31 17:44:00,20184.35,905.96,44677.69,49033.74,27.510499999996682,26.245500000000902,1.26499999999578,0.04819873883125627
2026-07-31 17:45:00,20184.37,905.94,44677.47,49033.55,27.32050000000163,26.240499999999884,1.0800000000017462,0.041157752329481184
2026-07-31 17:46:00,20184.57,905.97,44677.24,49033.44,27.210500000001048,26.235499999998865,0.9750000000021828,0.037163385489212136
2026-07-31 17:47:00,20184.64,906.43,44677.06,49033.3,27.07050000000163,26.230499999997846,0.8400000000037835,0.03202378910062151
2026-07-31 17:48:00,20185.02,906.59,44677.3,49033.68,27.45049999999901,26.225499999996828,1.2250000000021828,0.04671026291214013
2026-07-31 17:49:00,20185.22,906.62,44677.07,49033.56,27.33049999999639,26.22049999999581,1.110000000000582,0.04233328883891457
2026-07-31 17:50:00,20185.45,906.8,44676.88,49033.49,27.260499999996682,26.21549999999843,1.0449999999982538,0.039861913753249656
2026-07-31 17:51:00,20185.5,907.25,44676.77,49033.4,27.170500000000175,26.210500000001048,0.9599999999991269,0.036626542797698954
2026-07-31 17:52:00,20185.44,907.23,44676.4,49033.03,26.800499999997555,26.20049999999901,0.5999999999985448,0.022900326329595523
2026-07-31 17:53:00,20185.5,907.61,44676.32,49032.99,26.760499999996682,26.190499999996973,0.569999999999709,0.021763616578521786
2026-07-31 17:54:00,20185.84,907.65,44676.32,49033.14,26.910499999998137,26.160499999998137,0.75,0.028669176812371834
2026-07-31 17:55:00,20185.96,907.87,44676.08,49032.98,26.75050000000192,26.1304999999993,0.6200000000026193,0.023727062245369815
2026-07-31 17:56:00,20186.09,908.23,44675.89,49032.86,26.6304999999993,26.1304999999993,0.5,0.01913472761715288
2026-07-31 17:57:00,20185.97,908.67,44675.93,49032.85,26.620499999997264,26.1304999999993,0.48999999999796273,0.01875203306473186
2026-07-31 17:58:00,20185.93,908.91,44675.71,49032.64,26.410499999998137,26.125499999998283,0.2849999999998545,0.01090888212665301
2026-07-31 17:59:00,20185.89,909.1,44675.57,49032.51,26.280500000000757,26.120499999997264,0.16000000000349246,0.0061254570166539395
2026-07-31 18:00:00,20186.09,909.44,44675.58,49032.62,26.39050000000134,26.110499999998865,0.2800000000024738,0.010723655234579422
2026-07-31 18:01:00,20186.43,909.45,44675.5,49032.68,26.45049999999901,26.100500000000466,0.3499999999985448,0.013409704794871307
2026-07-31 18:02:00,20186.35,909.56,44675.38,49032.54,26.310499999999593,26.095499999999447,0.21500000000014552,0.00823896840451994
2026-07-31 18:03:00,20186.41,909.56,44675.35,49032.53,26.300499999997555,26.09049999999843,0.20999999999912689,0.008048906690141605
2026-07-31 18:04:00,20186.82,909.64,44675.21,49032.58,26.350500000000466,26.08549999999741,0.2650000000030559,0.010158900538731565
2026-07-31 18:05:00,20187.42,909.5,44675.35,49032.94,26.710500000001048,26.08049999999639,0.6300000000046566,0.024155978604886556
2026-07-31 18:06:00,20187.48,909.55,44675.21,49032.83,26.600500000000466,26.08049999999639,0.5200000000040745,0.019938268054835853
2026-07-31 18:07:00,20188.01,909.69,44675.14,49033.0,26.77049999999872,26.08049999999639,0.6900000000023283,0.026456547995721853
2026-07-31 18:08:00,20188.52,909.7,44675.01,49033.08,26.850500000000466,26.065499999996973,0.7850000000034925,0.030116437436595637
2026-07-31 18:09:00,20189.48,909.75,44675.26,49033.69,27.460500000001048,26.050499999997555,1.4100000000034925,0.05412564058285349
2026-07-31 18:10:00,20189.75,909.56,44675.05,49033.61,27.3804999999993,26.045499999996537,1.3350000000027649,0.051256455049929636
2026-07-31 18:11:00,20190.17,909.59,44675.18,49033.89,27.660499999998137,26.040499999995518,1.6200000000026193,0.06221078704337083
2026-07-31 18:12:00,20190.59,909.56,44675.18,49034.07,27.84049999999843,26.03049999999712,1.8100000000013097,0.06953381610040184
2026-07-31 18:13:00,20191.1,909.74,44675.2,49034.3,28.07050000000163,26.02049999999872,2.0500000000029104,0.07878403566430357
2026-07-31 18:14:00,20191.55,909.76,44675.26,49034.53,28.300499999997555,25.985499999998865,2.3149999999986903,0.089088145311762
2026-07-31 18:15:00,20192.05,909.65,44675.16,49034.65,28.420500000000175,25.95049999999901,2.470000000001164,0.09518121038135136
2026-07-31 18:16:00,20192.61,909.62,44675.17,49034.89,28.660499999998137,25.95049999999901,2.709999999999127,0.10442958709848482
2026-07-31 18:17:00,20192.95,909.53,44675.03,49034.91,28.680500000002212,25.95049999999901,2.7300000000032014,0.1052002851584095
2026-07-31 18:18:00,20193.34,909.52,44675.09,49035.12,28.89050000000134,25.94050000000061,2.9500000000007276,0.11372178639581573
2026-07-31 18:19:00,20193.72,909.5,44674.85,49035.07,28.84049999999843,25.930500000002212,2.9099999999962165,0.11222305778893459
2026-07-31 18:20:00,20194.16,909.53,44674.86,49035.22,28.990499999999884,25.925500000001193,3.0649999999986903,0.11822337081246453
2026-07-31 18:21:00,20194.19,909.62,44674.65,49035.05,28.82050000000163,25.920500000000175,2.900000000001455,0.11188055785966458
2026-07-31 18:22:00,20194.49,909.56,44674.54,49035.07,28.84049999999843,25.920500000000175,2.9199999999982538,0.11265214791374527
2026-07-31 18:23:00,20194.73,909.57,44674.56,49035.18,28.95049999999901,25.920500000000175,3.029999999998836,0.1168958932118908
2026-07-31 18:24:00,20195.16,909.48,44674.69,49035.48,29.25050000000192,25.910499999998137,3.3400000000037835,0.12890527006441496
2026-07-31 18:25:00,20195.53,909.27,44674.63,49035.57,29.34049999999843,25.9004999999961,3.4400000000023283,0.13281596880380095
2026-07-31 18:26:00,20195.88,909.2,44674.62,49035.71,29.480499999997846,25.885499999996682,3.595000000001164,0.13888084062512313
2026-07-31 18:27:00,20195.91,909.31,44674.44,49035.56,29.33049999999639,25.870499999997264,3.459999999999127,0.13374306642699185
2026-07-31 18:28:00,20196.29,909.37,44674.51,49035.79,29.560499999999593,25.870499999997264,3.6900000000023283,0.14263350147862308
2026-07-31 18:29:00,20196.19,909.52,44674.24,49035.49,29.260499999996682,25.870499999997264,3.389999999999418,0.13103728184610952
2026-07-31 18:30:00,20196.79,909.18,44674.49,49035.96,29.730499999997846,25.865499999996246,3.8650000000016007,0.14942684270561798
2026-07-31 18:31:00,20196.84,909.0,44674.41,49035.91,29.680500000002212,25.860499999995227,3.820000000006985,0.1477156280817343
2026-07-31 18:32:00,20197.17,909.03,44674.52,49036.14,29.910499999998137,25.850499999996828,4.06000000000131,0.15705692346383274
2026-07-31 18:33:00,20197.62,908.92,44674.6,49036.39,30.160499999998137,25.84049999999843,4.319999999999709,0.16717942764265287
2026-07-31 18:34:00,20197.71,908.91,44674.28,49036.13,29.9004999999961,25.83549999999741,4.06499999999869,0.15734164231383554
2026-07-31 18:35:00,20197.89,908.64,44674.33,49036.25,30.02049999999872,25.83049999999639,4.190000000002328,0.16221133930829498
2026-07-31 18:36:00,20198.12,908.3,44674.27,49036.28,30.050499999997555,25.82549999999901,4.224999999998545,0.16359799423045854
2026-07-31 18:37:00,20198.16,908.26,44674.09,49036.14,29.910499999998137,25.82050000000163,4.0899999999965075,0.15840127030833057
2026-07-31 18:38:00,20198.39,908.32,44674.1,49036.24,30.010499999996682,25.805499999998574,4.204999999998108,0.16294975877229043
2026-07-31 18:39:00,20198.66,908.37,44673.98,49036.23,30.00050000000192,25.790499999995518,4.210000000006403,0.16323840173735035
2026-07-31 18:40:00,20198.82,908.11,44673.68,49036.03,29.800499999997555,25.77049999999872,4.029999999998836,0.15638035738534511
2026-07-31 18:41:00,20198.89,908.19,44673.58,49035.97,29.740499999999884,25.75050000000192,3.9899999999979627,0.1549484476028685
2026-07-31 18:42:00,20199.11,908.4,44673.51,49035.99,29.760499999996682,25.745500000000902,4.01499999999578,0.15594958342217627
2026-07-31 18:43:00,20199.15,908.37,44673.22,49035.75,29.52049999999872,25.740499999999884,3.779999999998836,0.14685029428328328
2026-07-31 18:44:00,20198.98,908.42,44672.97,49035.45,29.22049999999581,25.735499999998865,3.484999999996944,0.13541605952855384
2026-07-31 18:45:00,20199.4,908.21,44672.88,49035.55,29.32050000000163,25.730499999997846,3.5900000000037835,0.1395231340239826
2026-07-31 18:46:00,20199.84,908.03,44672.84,49035.7,29.47049999999581,25.720499999999447,3.749999999996362,0.14579809879265343
2026-07-31 18:47:00,20199.64,908.15,44672.42,49035.24,29.010499999996682,25.710500000001048,3.2999999999956344,0.12835222963363216
2026-07-31 18:48:00,20199.59,908.34,44672.29,49035.1,28.870499999997264,25.70049999999901,3.1699999999982538,0.12334390381503768
2026-07-31 18:49:00,20199.9,908.25,44672.2,49035.15,28.920500000000175,25.690499999996973,3.2300000000032014,0.12572740896454263
2026-07-31 18:50:00,20199.86,908.19,44671.95,49034.89,28.660499999998137,25.675499999997555,2.985000000000582,0.11625869019107189
2026-07-31 18:51:00,20199.78,908.22,44671.81,49034.76,28.530500000000757,25.660499999998137,2.8700000000026193,0.11184505368183892
2026-07-31 18:52:00,20199.46,908.22,44671.61,49034.45,28.22049999999581,25.660499999998137,2.5599999999976717,0.09976422906793934
2026-07-31 18:53:00,20199.54,907.97,44671.39,49034.28,28.050499999997555,25.660499999998137,2.389999999999418,0.09313926073145852
2026-07-31 18:54:00,20199.52,907.87,44671.32,49034.2,27.97049999999581,25.6404999999977,2.3299999999981083,0.09087186287312327
2026-07-31 18:55:00,20199.78,907.76,44671.23,49034.23,28.00050000000192,25.620499999997264,2.3800000000046566,0.09289436193692202
2026-07-31 18:56:00,20199.95,907.74,44671.31,49034.36,28.1304999999993,25.620499999997264,2.5100000000020373,0.09796842372328039
2026-07-31 18:57:00,20199.72,907.73,44670.9,49033.89,27.660499999998137,25.620499999997264,2.040000000000873,0.07962373880295431
2026-07-31 18:58:00,20199.73,907.89,44670.77,49033.79,27.560499999999593,25.615499999996246,1.945000000003347,0.07593058890139298
2026-07-31 18:59:00,20199.68,907.94,44670.46,49033.5,27.27049999999872,25.610499999995227,1.6600000000034925,0.0648171648348842
2026-07-31 19:00:00,20199.63,907.97,44670.33,49033.37,27.14050000000134,25.59549999999581,1.5450000000055297,0.0603621730384553
2026-07-31 19:01:00,20199.57,907.85,44670.29,49033.3,27.07050000000163,25.58049999999639,1.4900000000052387,0.058247493207929824
2026-07-31 19:02:00,20199.67,907.77,44670.25,49033.29,27.060499999999593,25.57549999999901,1.485000000000582,0.05806338097009402
2026-07-31 19:03:00,20199.96,907.64,44670.22,49033.37,27.14050000000134,25.57050000000163,1.569999999999709,0.061398877612858914
2026-07-31 19:04:00,20199.81,907.7,44669.98,49033.1,26.870499999997264,25.56550000000061,1.304999999996653,0.051045354090341354
2026-07-31 19:05:00,20199.76,907.58,44669.82,49032.92,26.690499999996973,25.560499999999593,1.1299999999973807,0.04420883785518275
2026-07-31 19:06:00,20199.66,907.48,44669.59,49032.68,26.45049999999901,25.535499999998137,0.9150000000008731,0.0358324685242482
2026-07-31 19:07:00,20199.61,907.51,44669.59,49032.63,26.4004999999961,25.510499999996682,0.8899999999994179,0.034887595303876195
2026-07-31 19:08:00,20199.47,907.4,44669.49,49032.49,26.260499999996682,25.495499999997264,0.7649999999994179,0.0300052950520484
2026-07-31 19:09:00,20199.53,907.23,44669.47,49032.5,26.27049999999872,25.480499999997846,0.7900000000008731,0.031004101175445532
2026-07-31 19:10:00,20199.99,906.96,44669.47,49032.69,26.460500000001048,25.45550000000003,1.0050000000010186,0.039480662332345366
2026-07-31 19:11:00,20200.24,906.75,44669.5,49032.81,26.58049999999639,25.430500000002212,1.1499999999941792,0.04522128939635789
2026-07-31 19:12:00,20200.23,906.34,44669.43,49032.73,26.50050000000192,25.430500000002212,1.069999999999709,0.042075460568986686
2026-07-31 19:13:00,20200.09,906.13,44669.08,49032.36,26.1304999999993,25.430500000002212,0.6999999999970896,0.0275260022412862
2026-07-31 19:14:00,20200.76,906.25,44669.11,49032.65,26.420500000000175,25.430500000002212,0.9899999999979627,0.03892963174132937
2026-07-31 19:15:00,20201.03,906.27,44669.18,49032.81,26.58049999999639,25.430500000002212,1.1499999999941792,0.04522128939635789
2026-07-31 19:16:00,20201.07,906.25,44669.04,49032.71,26.480499999997846,25.425500000001193,1.054999999996653,0.041493775933476376
2026-07-31 19:17:00,20201.22,905.99,44669.13,49032.84,26.610499999995227,25.420500000000175,1.1899999999950523,0.046812611868179
2026-07-31 19:18:00,20201.21,905.81,44669.12,49032.82,26.59049999999843,25.400499999999738,1.1899999999986903,0.046849471467046024
2026-07-31 19:19:00,20201.04,905.57,44668.97,49032.6,26.370499999997264,25.3804999999993,0.9899999999979627,0.03900632375240795
2026-07-31 19:20:00,20200.86,905.42,44668.88,49032.44,26.210500000001048,25.3804999999993,0.8300000000017462,0.03270227142892256
2026-07-31 19:21:00,20200.61,905.28,44668.8,49032.28,26.050499999997555,25.3804999999993,0.6699999999982538,0.026398219105150496
2026-07-31 19:22:00,20200.4,905.03,44668.63,49032.05,25.82050000000163,25.3804999999993,0.4400000000023283,0.0173361438900865
2026-07-31 19:23:00,20200.3,905.0,44668.59,49031.97,25.740499999999884,25.3804999999993,0.3600000000005821,0.014184117728200468
2026-07-31 19:24:00,20200.31,905.35,44668.69,49032.07,25.84049999999843,25.350500000000466,0.48999999999796273,0.019329007317329193
2026-07-31 19:25:00,20200.31,905.21,44668.5,49031.89,25.660499999998137,25.32050000000163,0.33999999999650754,0.013427854900040902
2026-07-31 19:26:00,20200.57,905.1,44668.52,49032.02,25.790499999995518,25.310499999999593,0.47999999999592546,0.018964461389381213
2026-07-31 19:27:00,20200.53,905.17,44668.41,49031.89,25.660499999998137,25.300499999997555,0.3600000000005821,0.014228967806984719
2026-07-31 19:28:00,20200.38,905.36,44668.4,49031.84,25.610499999995227,25.300499999997555,0.3099999999976717,0.012252722278125003
2026-07-31 19:29:00,20200.28,905.16,44668.42,49031.81,25.58049999999639,25.300499999997555,0.27999999999883585,0.011066974960924207
2026-07-31 19:30:00,20199.97,905.13,44668.34,49031.61,25.3804999999993,25.300499999997555,0.08000000000174623,0.003161992846060511
2026-07-31 19:31:00,20200.12,904.88,44668.33,49031.66,25.430500000002212,25.300499999997555,0.1300000000046566,0.005138238374920226
2026-07-31 19:32:00,20200.26,905.13,44668.61,49031.98,25.75050000000192,25.290499999999156,0.46000000000276486,0.018188647911380963
2026-07-31 19:33:00,20200.01,905.12,44668.54,49031.8,25.57050000000163,25.300499999997555,0.27000000000407454,0.01067172585538233
2026-07-31 19:34:00,20199.67,905.14,44668.36,49031.51,25.280500000000757,25.300499999997555,-0.01999999999679858,0.0007904982113713369
2026-07-31 19:35:00,20199.74,905.21,44668.46,49031.61,25.3804999999993,25.300499999997555,0.08000000000174623,0.003161992846060511
2026-07-31 19:36:00,20199.7,905.21,44668.61,49031.74,25.510499999996682,25.310499999999593,0.19999999999708962,0.00790185891219426
2026-07-31 19:37:00,20199.46,905.05,44668.39,49031.44,25.210500000001048,25.32050000000163,-0.11000000000058208,0.004344305997139669
2026-07-31 19:38:00,20199.62,905.01,44668.28,49031.41,25.180500000002212,25.350500000000466,-0.16999999999825377,0.006705982130460963
2026-07-31 19:39:00,20199.5,905.05,44668.32,49031.39,25.160499999998137,25.3804999999993,-0.22000000000116415,0.00866807194504325
2026-07-31 19:40:00,20199.52,905.18,44668.43,49031.5,25.27049999999872,25.3804999999993,-0.11000000000058208,0.004334035972521625
2026-07-31 19:41:00,20199.57,905.25,44668.37,49031.48,25.25050000000192,25.3804999999993,-0.12999999999738066,0.005122042512849795
2026-07-31 19:42:00,20199.45,905.18,44668.49,49031.53,25.300499999997555,25.3804999999993,-0.08000000000174623,0.003152026161886032
2026-07-31 19:43:00,20199.03,905.14,44668.57,49031.43,25.20049999999901,25.3804999999993,-0.18000000000029104,0.007092058864100234
2026-07-31 19:44:00,20198.44,905.06,44668.42,49031.04,24.810499999999593,25.400499999999738,-0.5900000000001455,0.023227889214785205
2026-07-31 19:45:00,20198.26,904.94,44668.36,49030.93,24.70049999999901,25.420500000000175,-0.7200000000011642,0.028323597096876898
2026-07-31 19:46:00,20197.99,904.73,44668.31,49030.76,24.530500000000757,25.425500000001193,-0.8950000000004366,0.03520088100530548
2026-07-31 19:47:00,20198.36,904.67,44668.69,49031.27,25.040499999995518,25.430500000002212,-0.3900000000066939,0.015335915534757869
2026-07-31 19:48:00,20198.38,904.58,44668.64,49031.22,24.990499999999884,25.430500000002212,-0.4400000000023283,0.017302058551829105
2026-07-31 19:49:00,20198.54,904.51,44668.82,49031.45,25.22049999999581,25.430500000002212,-0.21000000000640284,0.008257800672671971
2026-07-31 19:50:00,20198.54,904.67,44668.88,49031.5,25.27049999999872,25.430500000002212,-0.16000000000349246,0.006291657655314624
2026-07-31 19:51:00,20198.65,904.81,44668.87,49031.53,25.300499999997555,25.430500000002212,-0.1300000000046566,0.00511197184501466
2026-07-31 19:52:00,20198.88,904.8,44668.9,49031.66,25.430500000002212,25.45550000000003,-0.024999999997817213,0.0009821060280810507
2026-07-31 19:53:00,20199.1,904.7,44669.01,49031.85,25.620499999997264,25.480499999997846,0.13999999999941792,0.005494397676632317
2026-07-31 19:54:00,20198.72,904.72,44668.79,49031.5,25.27049999999872,25.495499999997264,-0.2249999999985448,0.008825086779963874
2026-07-31 19:55:00,20199.31,904.16,44668.86,49031.79,25.560499999999593,25.510499999996682,0.05000000000291038,0.0019599772643780753
2026-07-31 19:56:00,20199.8,904.13,44668.99,49032.09,25.860499999995227,25.535499999998137,0.3249999999970896,0.012727379530344553
2026-07-31 19:57:00,20200.01,904.24,44668.7,49031.92,25.690499999996973,25.560499999999593,0.12999999999738066,0.005085972496523258
2026-07-31 19:58:00,20200.36,904.34,44668.68,49032.06,25.83049999999639,25.56550000000061,0.26499999999577994,0.010365531673379108
2026-07-31 19:59:00,20200.81,904.59,44668.8,49032.36,26.1304999999993,25.57050000000163,0.5599999999976717,0.02190023660067797
2026-07-31 20:00:00,20200.89,904.42,44668.73,49032.33,26.100500000000466,25.57549999999901,0.5250000000014552,0.02052745791876896
2026-07-31 20:01:00,20201.27,903.95,44668.96,49032.67,26.440499999996973,25.58049999999639,0.8600000000005821,0.03361935849575667
2026-07-31 20:02:00,20201.55,903.44,44669.26,49033.04,26.810499999999593,25.59549999999581,1.2150000000037835,0.04746928170983112
2026-07-31 20:03:00,20201.41,902.88,44669.37,49033.08,26.850500000000466,25.610499999995227,1.2400000000052387,0.048417641202064376
2026-07-31 20:04:00,20201.34,902.57,44669.43,49033.1,26.870499999997264,25.615499999996246,1.2550000000010186,0.048993773301368414
2026-07-31 20:05:00,20201.45,902.59,44669.5,49033.21,26.980499999997846,25.620499999997264,1.360000000000582,0.05308249253530287
2026-07-31 20:06:00,20201.4,902.66,44669.69,49033.36,27.1304999999993,25.620499999997264,1.5100000000020373,0.058937179212044985
2026-07-31 20:07:00,20200.92,902.64,44669.68,49033.17,26.940499999996973,25.620499999997264,1.319999999999709,0.05152124275481938
2026-07-31 20:08:00,20200.57,902.42,44669.55,49032.9,26.670500000000175,25.6404999999977,1.0300000000024738,0.040170823501981874
2026-07-31 20:09:00,20200.65,902.32,44669.62,49032.99,26.760499999996682,25.660499999998137,1.0999999999985448,0.042867442177612465
2026-07-31 20:10:00,20200.61,902.28,44669.54,49032.89,26.660499999998137,25.660499999998137,1.0,0.03897040197969925
2026-07-31 20:11:00,20200.57,902.16,44669.45,49032.81,26.58049999999639,25.660499999998137,0.9199999999982538,0.03585276982125526
2026-07-31 20:12:00,20200.92,902.15,44669.56,49033.06,26.83049999999639,25.675499999997555,1.1549999999988358,0.04498451831508426
2026-07-31 20:13:00,20201.06,902.33,44669.56,49033.12,26.89050000000134,25.690499999996973,1.2000000000043656,0.04670987329964411
2026-07-31 20:14:00,20200.95,902.42,44669.53,49033.05,26.82050000000163,25.70049999999901,1.1200000000026193,0.0435789186981834
2026-07-31 20:15:00,20200.67,902.61,44669.47,49032.88,26.6504999999961,25.710500000001048,0.9399999999950523,0.03656093813792085
2026-07-31 20:16:00,20200.7,902.8,44669.52,49032.94,26.710500000001048,25.720499999999447,0.9900000000016007,0.03849069808136008
2026-07-31 20:17:00,20200.72,903.11,44669.41,49032.86,26.6304999999993,25.730499999997846,0.9000000000014552,0.034977944462856556
2026-07-31 20:18:00,20200.96,903.08,44669.45,49032.98,26.75050000000192,25.735499999998865,1.015000000003056,0.03943968448264462
2026-07-31 20:19:00,20201.09,902.84,44669.55,49033.11,26.8804999999993,25.740499999999884,1.139999999999418,0.044288183990187566
2026-07-31 20:20:00,20201.08,902.7,44669.51,49033.08,26.850500000000466,25.745500000000902,1.1049999999995634,0.04292012196304305
2026-07-31 20:21:00,20201.03,902.67,44669.48,49033.05,26.82050000000163,25.75050000000192,1.069999999999709,0.041552591211806725
2026-07-31 20:22:00,20200.96,902.62,44669.62,49033.14,26.910499999998137,25.77049999999872,1.139999999999418,0.044236627151179625
2026-07-31 20:23:00,20200.91,902.89,44669.65,49033.15,26.920500000000175,25.790499999995518,1.1300000000046566,0.04381458288923646
2026-07-31 20:24:00,20200.88,903.13,44669.56,49033.06,26.83049999999639,25.805499999998574,1.0249999999978172,0.03972021468283404
2026-07-31 20:25:00,20200.58,903.38,44669.57,49032.95,26.72049999999581,25.82050000000163,0.8999999999941792,0.03485602525102622
2026-07-31 20:26:00,20200.39,903.13,44669.38,49032.7,26.47049999999581,25.82549999999901,0.6449999999967986,0.024975315095422095
2026-07-31 20:27:00,20200.45,903.34,44669.27,49032.61,26.3804999999993,25.83049999999639,0.5500000000029104,0.02129265790453097
2026-07-31 20:28:00,20200.7,903.56,44669.42,49032.85,26.620499999997264,25.83549999999741,0.7849999999998545,0.030384548392712863
2026-07-31 20:29:00,20200.51,903.73,44669.35,49032.72,26.490499999999884,25.84049999999843,0.6500000000014552,0.025154312029623836
2026-07-31 20:30:00,20200.3,903.69,44669.26,49032.54,26.310499999999593,25.850499999996828,0.46000000000276486,0.017794626796496057
2026-07-31 20:31:00,20200.42,903.78,44669.28,49032.64,26.410499999998137,25.860499999995227,0.5500000000029104,0.021267956922836444
2026-07-31 20:32:00,20200.59,903.86,44669.45,49032.87,26.64050000000134,25.865499999996246,0.7750000000050932,0.029962691616446838
2026-07-31 20:33:00,20200.43,903.57,44669.36,49032.72,26.490499999999884,25.870499999997264,0.6200000000026193,0.023965520573730113
2026-07-31 20:34:00,20200.41,903.63,44669.43,49032.75,26.52049999999872,25.89549999999872,0.625,0.024135467552278616
2026-07-31 20:35:00,20200.16,903.78,44669.33,49032.57,26.34049999999843,25.920500000000175,0.41999999999825377,0.01620339113822075
2026-07-31 20:36:00,20199.93,903.82,44669.37,49032.53,26.300499999997555,25.920500000000175,0.37999999999738066,0.014660211029778674
2026-07-31 20:37:00,20199.92,903.93,44669.52,49032.65,26.420500000000175,25.920500000000175,0.5,0.0192897513551049
2026-07-31 20:38:00,20199.85,903.78,44669.49,49032.57,26.34049999999843,25.925500000001193,0.41499999999723514,0.016007405835845635
2026-07-31 20:39:00,20199.8,903.73,44669.56,49032.62,26.39050000000134,25.930500000002212,0.4599999999991269,0.0177397273480684
2026-07-31 20:40:00,20199.57,903.58,44669.62,49032.58,26.350500000000466,25.94050000000061,0.4099999999998545,0.015805400821103866
2026-07-31 20:41:00,20199.65,903.4,44669.73,49032.71,26.480499999997846,25.95049999999901,0.5299999999988358,0.020423498583798234
2026-07-31 20:42:00,20199.86,903.28,44669.83,49032.89,26.660499999998137,25.985499999998865,0.6749999999992724,0.025976025090889223
2026-07-31 20:43:00,20200.07,903.22,44669.9,49033.04,26.810499999999593,26.02049999999872,0.7900000000008731,0.03036067715842939
2026-07-31 20:44:00,20200.41,903.18,44669.9,49033.18,26.95049999999901,26.03049999999712,0.9200000000018917,0.03534315514500273
2026-07-31 20:45:00,20200.69,902.91,44669.92,49033.3,27.07050000000163,26.040499999995518,1.0300000000061118,0.039553772009227516
2026-07-31 20:46:00,20200.96,903.02,44669.94,49033.43,27.20049999999901,26.045499999996537,1.1550000000024738,0.04434547234657148
2026-07-31 20:47:00,20200.95,903.4,44669.94,49033.45,27.22049999999581,26.050499999997555,1.1699999999982538,0.04491276558984909
2026-07-31 20:48:00,20201.08,903.46,44669.78,49033.35,27.120499999997264,26.065499999996973,1.055000000000291,0.04047495731907746
2026-07-31 20:49:00,20201.46,903.41,44669.85,49033.57,27.34049999999843,26.08049999999639,1.2600000000020373,0.048311957209494126
2026-07-31 20:50:00,20201.55,903.43,44669.84,49033.59,27.360499999995227,26.08549999999741,1.2749999999978172,0.04887772900645737
2026-07-31 20:51:00,20201.3,903.31,44669.84,49033.48,27.25050000000192,26.09049999999843,1.1600000000034925,0.0444606274315771
2026-07-31 20:52:00,20201.12,903.1,44670.0,49033.56,27.33049999999639,26.095499999999447,1.234999999996944,0.04732616734674447
2026-07-31 20:53:00,20200.89,902.94,44670.1,49033.56,27.33049999999639,26.100500000000466,1.2299999999959255,0.047125533993444706
2026-07-31 20:54:00,20200.97,902.83,44670.13,49033.61,27.3804999999993,26.115499999999884,1.264999999999418,0.04843866669217222
2026-07-31 20:55:00,20201.1,902.76,44670.08,49033.61,27.3804999999993,26.1304999999993,1.25,0.0478368190428822
2026-07-31 20:56:00,20201.36,902.74,44670.15,49033.78,27.550499999997555,26.1304999999993,1.4199999999982538,0.054342626432647353
2026-07-31 20:57:00,20201.52,902.68,44670.01,49033.71,27.480499999997846,26.1304999999993,1.3499999999985448,0.05166376456625709
2026-07-31 20:58:00,20201.68,902.66,44670.03,49033.8,27.57050000000163,26.160499999998137,1.4100000000034925,0.05389805240739255
2026-07-31 20:59:00,20201.89,902.79,44670.14,49033.99,27.760499999996682,26.190499999996973,1.569999999999709,0.059945400049632135
2026-07-31 21:00:00,20201.81,902.64,44670.08,49033.9,27.670500000000175,26.20049999999901,1.4700000000011642,0.056105799507689534
2026-07-31 21:01:00,20201.7,902.39,44670.08,49033.86,27.6304999999993,26.210500000001048,1.4199999999982538,0.05417676122157902
2026-07-31 21:02:00,20201.58,902.16,44670.25,49033.96,27.730499999997846,26.220499999999447,1.5099999999983993,0.05758852806004581
2026-07-31 21:03:00,20201.09,901.7,44670.29,49033.78,27.550499999997555,26.230499999997846,1.319999999999709,0.050323097157881753
2026-07-31 21:04:00,20200.91,901.54,44670.48,49033.87,27.64050000000134,26.240499999999884,1.4000000000014552,0.05335264190855591
2026-07-31 21:05:00,20201.0,901.39,44670.56,49033.97,27.740499999999884,26.25050000000192,1.4899999999979627,0.05676082360327817
2026-07-31 21:06:00,20200.73,900.99,44670.55,49033.86,27.6304999999993,26.2554999999993,1.375,0.052369979623318415
2026-07-31 21:07:00,20200.08,900.93,44670.52,49033.55,27.32050000000163,26.260499999996682,1.0600000000049477,0.04036480645856254
2026-07-31 21:08:00,20199.79,900.96,44670.48,49033.42,27.190499999996973,26.260499999996682,0.930000000000291,0.03541440566632047
2026-07-31 21:09:00,20199.8,901.2,44670.48,49033.43,27.20049999999901,26.260499999996682,0.9400000000023283,0.0357952057273261
2026-07-31 21:10:00,20199.87,901.11,44670.44,49033.43,27.20049999999901,26.2654999999977,0.9350000000013097,0.035598027831238374
2026-07-31 21:11:00,20199.9,900.83,44670.34,49033.34,27.110499999995227,26.27049999999872,0.8399999999965075,0.03197502902482056
2026-07-31 21:12:00,20200.14,900.85,44670.44,49033.53,27.300499999997555,26.27049999999872,1.0299999999988358,0.03920747606626772
2026-07-31 21:13:00,20199.86,901.04,44670.22,49033.21,26.980499999997846,26.27049999999872,0.7099999999991269,0.02702651262820127
2026-07-31 21:14:00,20199.58,901.38,44670.17,49033.05,26.82050000000163,26.275499999999738,0.5450000000018917,0.020741755627938466
2026-07-31 21:15:00,20199.3,901.61,44669.99,49032.78,26.550499999997555,26.280500000000757,0.2699999999967986,0.010273777135016107
2026-07-31 21:16:00,20199.41,902.01,44670.1,49032.95,26.72049999999581,26.290499999999156,0.42999999999665306,0.016355717844722117
2026-07-31 21:17:00,20199.17,902.25,44669.98,49032.74,26.510499999996682,26.300499999997555,0.20999999999912689,0.007984639075270295
2026-07-31 21:18:00,20199.08,902.13,44669.87,49032.61,26.3804999999993,26.300499999997555,0.08000000000174623,0.0030417672668486785
2026-07-31 21:19:00,20199.05,902.12,44669.9,49032.61,26.3804999999993,26.300499999997555,0.08000000000174623,0.0030417672668486785
2026-07-31 21:20:00,20199.22,902.19,44669.99,49032.77,26.540499999995518,26.300499999997555,0.23999999999796273,0.009125301800269388
2026-07-31 21:21:00,20199.29,902.23,44669.92,49032.73,26.50050000000192,26.300499999997555,0.20000000000436557,0.007604418167121696
2026-07-31 21:22:00,20199.3,902.37,44669.73,49032.57,26.34049999999843,26.300499999997555,0.040000000000873115,0.0015208836334243392
2026-07-31 21:23:00,20199.51,902.49,44669.8,49032.71,26.480499999997846,26.300499999997555,0.18000000000029104,0.0068439763502712025
2026-07-31 21:24:00,20199.87,902.54,44669.92,49032.97,26.740499999999884,26.305499999998574,0.4350000000013097,0.016536465758162106
2026-07-31 21:25:00,20200.03,902.25,44669.68,49032.81,26.58049999999639,26.310499999999593,0.2699999999967986,0.010262062674476075
2026-07-31 21:26:00,20200.31,902.05,44669.76,49032.99,26.760499999996682,26.310499999999593,0.4499999999970896,0.017103437790885637
2026-07-31 21:27:00,20200.53,901.94,44669.91,49033.22,26.990499999999884,26.310499999999593,0.680000000000291,0.02584519488418318
2026-07-31 21:28:00,20200.75,901.64,44670.02,49033.42,27.190499999996973,26.310499999999593,0.8799999999973807,0.03344672279118201
2026-07-31 21:29:00,20200.77,901.39,44670.18,49033.56,27.33049999999639,26.310499999999593,1.0199999999967986,0.0387677923261365
2026-07-31 21:30:00,20200.75,901.33,44670.07,49033.45,27.22049999999581,26.320499999997992,0.8999999999978172,0.03419387929552577
2026-07-31 21:31:00,20200.83,901.35,44669.86,49033.29,27.060499999999593,26.33049999999639,0.7300000000032014,0.027724502003505496
2026-07-31 21:32:00,20200.86,901.34,44669.89,49033.33,27.100500000000466,26.33049999999639,0.7700000000040745,0.029243652798244625
2026-07-31 21:33:00,20200.88,901.4,44669.9,49033.35,27.120499999997264,26.33049999999639,0.7900000000008731,0.03000322819547602
2026-07-31 21:34:00,20200.78,901.21,44669.98,49033.38,27.1504999999961,26.33549999999741,0.8149999999986903,0.030946820831150745
2026-07-31 21:35:00,20200.82,900.92,44670.07,49033.47,27.240499999999884,26.34049999999843,0.9000000000014552,0.034167916326626635
2026-07-31 21:36:00,20200.66,900.74,44670.13,49033.46,27.230499999997846,26.34049999999843,0.8899999999994179,0.03378827281180961
2026-07-31 21:37:00,20200.39,900.6,44670.17,49033.38,27.1504999999961,26.34049999999843,0.8099999999976717,0.03075112469382586
2026-07-31 21:38:00,20199.95,900.81,44670.15,49033.19,26.960500000001048,26.34049999999843,0.6200000000026193,0.023537897913959733
2026-07-31 21:39:00,20199.56,901.2,44670.02,49032.91,26.680500000002212,26.34049999999843,0.3400000000037835,0.012907879501292829
2026-07-31 21:40:00,20199.14,901.57,44669.86,49032.61,26.3804999999993,26.34049999999843,0.040000000000873115,0.0015185740589918756
2026-07-31 21:41:00,20199.14,901.74,44669.91,49032.66,26.430500000002212,26.34049999999843,0.0900000000037835,0.0034167916328007772
2026-07-31 21:42:00,20199.31,901.77,44669.93,49032.75,26.52049999999872,26.345499999999447,0.1749999999992724,0.006642500616776151
2026-07-31 21:43:00,20199.61,901.65,44669.94,49032.87,26.64050000000134,26.350500000000466,0.2900000000008731,0.011005483766944385
2026-07-31 21:44:00,20199.67,901.41,44670.0,49032.95,26.72049999999581,26.350500000000466,0.3699999999953434,0.014041479288641082
2026-07-31 21:45:00,20199.67,901.35,44669.99,49032.93,26.70049999999901,26.350500000000466,0.3499999999985448,0.013282480408285939
2026-07-31 21:46:00,20199.75,901.2,44670.06,49033.02,26.790499999995518,26.350500000000466,0.43999999999505235,0.01669797537029827
2026-07-31 21:47:00,20199.8,901.11,44670.11,49033.09,26.860499999995227,26.350500000000466,0.5099999999947613,0.019354471451955457
2026-07-31 21:48:00,20199.81,901.14,44670.15,49033.14,26.910499999998137,26.350500000000466,0.5599999999976717,0.021251968653257503
2026-07-31 21:49:00,20199.82,901.19,44670.13,49033.12,26.89050000000134,26.350500000000466,0.5400000000008731,0.020492969772902356
2026-07-31 21:50:00,20199.88,901.18,44670.15,49033.17,26.940499999996973,26.355499999997846,0.5849999999991269,0.022196505473209564
2026-07-31 21:51:00,20200.02,901.09,44670.22,49033.29,27.060499999999593,26.360499999995227,0.7000000000043656,0.02655488325352297
2026-07-31 21:52:00,20199.86,901.13,44670.3,49033.29,27.060499999999593,26.360499999995227,0.7000000000043656,0.02655488325352297
2026-07-31 21:53:00,20199.97,901.06,44670.3,49033.33,27.100500000000466,26.360499999995227,0.7400000000052387,0.028072305153747944
2026-07-31 21:54:00,20200.22,900.83,44670.3,49033.42,27.190499999996973,26.365499999996246,0.8250000000007276,0.031290891505977324
2026-07-31 21:55:00,20199.98,900.82,44670.22,49033.25,27.02049999999872,26.370499999997264,0.6500000000014552,0.024648755237918228
2026-07-31 21:56:00,20199.77,900.89,44670.18,49033.13,26.9004999999961,26.370499999997264,0.5299999999988358,0.020098215809290335
2026-07-31 21:57:00,20199.58,901.19,44670.15,49033.04,26.810499999999593,26.370499999997264,0.4400000000023283,0.016685311238026353
2026-07-31 21:58:00,20199.35,901.38,44670.12,49032.93,26.70049999999901,26.370499999997264,0.33000000000174623,0.012513983428519766
2026-07-31 21:59:00,20199.16,901.57,44670.09,49032.81,26.58049999999639,26.370499999997264,0.20999999999912689,0.007963443999891875
2026-07-31 22:00:00,20199.09,901.67,44670.03,49032.75,26.52049999999872,26.375499999998283,0.14500000000043656,0.005497526113265948
2026-07-31 22:01:00,20199.2,901.53,44670.22,49032.97,26.740499999999884,26.3804999999993,0.3600000000005821,0.013646443395712424
2026-07-31 22:02:00,20198.98,901.66,44670.17,49032.84,26.610499999995227,26.3804999999993,0.22999999999592546,0.008718561058203277
2026-07-31 22:03:00,20198.74,901.7,44669.99,49032.58,26.350500000000466,26.3804999999993,-0.029999999998835847,0.0011372036162634006
2026-07-31 22:04:00,20198.72,901.83,44670.01,49032.6,26.370499999997264,26.3804999999993,-0.010000000002037268,0.0003790678721797363
2026-07-31 22:05:00,20198.79,901.97,44669.97,49032.58,26.350500000000466,26.3804999999993,-0.029999999998835847,0.0011372036162634006
2026-07-31 22:06:00,20198.85,902.07,44669.91,49032.56,26.33049999999639,26.3804999999993,-0.05000000000291038,0.0018953393606228732
2026-07-31 22:07:00,20198.89,902.14,44669.9,49032.56,26.33049999999639,26.3804999999993,-0.05000000000291038,0.0018953393606228732
2026-07-31 22:08:00,20198.98,902.21,44669.9,49032.6,26.370499999997264,26.3804999999993,-0.010000000002037268,0.0003790678721797363
2026-07-31 22:09:00,20198.95,902.22,44669.93,49032.61,26.3804999999993,26.3804999999993,0.0,0.0
2026-07-31 22:10:00,20199.02,902.07,44669.99,49032.69,26.460500000001048,26.38550000000032,0.0750000000007276,0.002842470296212946
2026-07-31 22:11:00,20199.13,901.93,44669.97,49032.72,26.490499999999884,26.39050000000134,0.09999999999854481,0.0037892423409385855
2026-07-31 22:12:00,20199.11,901.93,44669.99,49032.73,26.50050000000192,26.39050000000134,0.11000000000058208,0.004168166575115155
2026-07-31 22:13:00,20199.13,901.9,44670.08,49032.81,26.58049999999639,26.39050000000134,0.18999999999505235,0.007199560447700601
2026-07-31 22:14:00,20199.27,901.73,44670.2,49032.97,26.740499999999884,26.39050000000134,0.3499999999985448,0.013262348193422901
2026-07-31 22:15:00,20199.35,901.74,44670.31,49033.1,26.870499999997264,26.39050000000134,0.47999999999592546,0.01818836323661549
2026-07-31 22:16:00,20199.58,901.81,44670.36,49033.24,27.010499999996682,26.39549999999872,0.6149999999979627,0.023299426038453242
2026-07-31 22:17:00,20199.6,901.47,44670.34,49033.22,26.990499999999884,26.4004999999961,0.5900000000037835,0.02234806158988923
2026-07-31 22:18:00,20199.43,901.5,44670.41,49033.2,26.97049999999581,26.40549999999712,0.5649999999986903,0.02139705743116972
2026-07-31 22:19:00,20199.32,901.67,44670.4,49033.16,26.930500000002212,26.410499999998137,0.5200000000040745,0.01968913878965227
2026-07-31 22:20:00,20199.25,901.55,44670.33,49033.07,26.84049999999843,26.410499999998137,0.43000000000029104,0.016281403229788206
2026-07-31 22:21:00,20199.11,901.44,44670.41,49033.08,26.850500000000466,26.410499999998137,0.4400000000023283,0.016660040514278766
2026-07-31 22:22:00,20199.25,901.27,44670.42,49033.15,26.920500000000175,26.415499999999156,0.5050000000010186,0.01911756355174177
2026-07-31 22:23:00,20198.9,901.3,44670.41,49033.0,26.77049999999872,26.420500000000175,0.3499999999985448,0.013247289036866922
2026-07-31 22:24:00,20199.41,900.95,44670.47,49033.26,27.030500000000757,26.420500000000175,0.6100000000005821,0.02308813232151466
2026-07-31 22:25:00,20198.51,901.17,44670.38,49032.81,26.58049999999639,26.420500000000175,0.1599999999962165,0.006055903559592568
2026-07-31 22:26:00,20199.3,900.85,44670.47,49033.22,26.990499999999884,26.425500000001193,0.5649999999986903,0.02138086318134623
2026-07-31 22:27:00,20199.11,900.49,44670.51,49033.16,26.930500000002212,26.430500000002212,0.5,0.018917538449895317
2026-07-31 22:28:00,20197.96,900.81,44670.38,49032.59,26.360499999995227,26.435499999999593,-0.07500000000436557,0.0028370940592902247
2026-07-31 22:29:00,20200.63,900.14,44670.69,49033.95,27.72049999999581,26.440499999996973,1.2799999999988358,0.04841058225067538
2026-07-31 22:30:00,20198.93,900.33,44670.47,49033.04,26.810499999999593,26.445499999997992,0.3650000000016007,0.01380197008949078
2026-07-31 22:31:00,20199.42,900.56,44670.5,49033.29,27.060499999999593,26.45049999999901,0.6100000000005821,0.02306194589896618
2026-07-31 22:32:00,20199.55,900.93,44670.25,49033.12,26.89050000000134,26.45049999999901,0.4400000000023283,0.016634846222277264
2026-07-31 22:33:00,20199.42,900.73,44670.3,49033.13,26.9004999999961,26.45049999999901,0.4499999999970896,0.017012910908947146
2026-07-31 22:34:00,20200.55,900.89,44670.28,49033.55,27.32050000000163,26.45049999999901,0.8700000000026193,0.03289162775760957
2026-07-31 22:35:00,20201.1,900.21,44670.25,49033.72,27.490499999999884,26.45049999999901,1.0400000000008731,0.039318727434298484
2026-07-31 22:36:00,20199.74,900.76,44670.21,49033.15,26.920500000000175,26.45049999999901,0.47000000000116415,0.017769040282837063
2026-07-31 22:37:00,20200.87,901.19,44670.07,49033.49,27.260499999996682,26.45049999999901,0.8099999999976717,0.030623239636214893
2026-07-31 22:38:00,20200.73,901.05,44669.98,49033.35,27.120499999997264,26.45049999999901,0.6699999999982538,0.025330334020085776
2026-07-31 22:39:00,20201.54,900.95,44669.99,49033.69,27.460500000001048,26.45049999999901,1.0100000000020373,0.038184533373738686
2026-07-31 22:40:00,20200.36,901.22,44669.88,49033.09,26.860499999995227,26.45550000000003,0.40499999999519787,0.015308725973623535
2026-07-31 22:41:00,20200.17,902.14,44669.72,49032.9,26.670500000000175,26.460500000001048,0.20999999999912689,0.007936357967503206
2026-07-31 22:42:00,20200.45,902.57,44669.52,49032.85,26.620499999997264,26.460500000001048,0.1599999999962165,0.0060467489275036436
2026-07-31 22:43:00,20199.81,902.52,44669.53,49032.59,26.360499999995227,26.460500000001048,-0.10000000000582077,0.0037792180799991236
2026-07-31 22:44:00,20199.73,903.32,44669.49,49032.54,26.310499999999593,26.460500000001048,-0.1500000000014552,0.0056688271197237105
2026-07-31 22:45:00,20200.13,903.62,44669.36,49032.57,26.34049999999843,26.460500000001048,-0.12000000000261934,0.004535061695833963
2026-07-31 22:46:00,20199.11,903.86,44669.36,49032.18,25.95049999999901,26.46549999999843,-0.5149999999994179,0.01945929606466715
2026-07-31 22:47:00,20199.71,904.23,44669.41,49032.48,26.25050000000192,26.47049999999581,-0.2199999999938882,0.008311138814677585
2026-07-31 22:48:00,20199.93,904.17,44669.32,49032.49,26.260499999996682,26.475499999996828,-0.21500000000014552,0.00812071537837515
2026-07-31 22:49:00,20199.14,904.33,44669.47,49032.31,26.08049999999639,26.480499999997846,-0.4000000000014552,0.015105454957477681
2026-07-31 22:50:00,20199.77,904.95,44669.36,49032.46,26.230499999997846,26.480499999997846,-0.25,0.009440909348389205
2026-07-31 22:51:00,20199.22,904.55,44669.4,49032.27,26.040499999995518,26.480499999997846,-0.4400000000023283,0.016616000453252927
2026-07-31 22:52:00,20198.84,904.92,44669.44,49032.15,25.920500000000175,26.480499999997846,-0.5599999999976717,0.021147636940303895
2026-07-31 22:53:00,20199.98,905.54,44669.31,49032.53,26.300499999997555,26.480499999997846,-0.18000000000029104,0.006797454730851218
2026-07-31 22:54:00,20198.93,904.72,44669.4,49032.16,25.930500000002212,26.480499999997846,-0.5499999999956344,0.02077000056629139
2026-07-31 22:55:00,20199.24,905.32,44669.62,49032.5,26.27049999999872,26.480499999997846,-0.20999999999912689,0.00793036385261396
2026-07-31 22:56:00,20200.15,905.1,44669.43,49032.68,26.45049999999901,26.485499999998865,-0.03499999999985448,0.0013214777897285676
2026-07-31 22:57:00,20199.23,904.32,44669.68,49032.53,26.300499999997555,26.490499999999884,-0.1900000000023283,0.007172382552323631
2026-07-31 22:58:00,20199.58,905.06,44669.68,49032.69,26.460500000001048,26.490499999999884,-0.029999999998835847,0.0011324814555722232
2026-07-31 22:59:00,20199.72,905.22,44669.54,49032.62,26.39050000000134,26.490499999999884,-0.09999999999854481,0.0037749381853322984
2026-07-31 23:00:00,20199.81,904.96,44669.62,49032.73,26.50050000000192,26.490499999999884,0.010000000002037268,0.0003774938186156287
2026-07-31 23:01:00,20199.62,905.07,44669.72,49032.73,26.50050000000192,26.490499999999884,0.010000000002037268,0.0003774938186156287
2026-07-31 23:02:00,20199.98,905.19,44669.64,49032.81,26.58049999999639,26.495500000000902,0.0849999999954889,0.0032080919399704107
2026-07-31 23:03:00,20199.72,905.02,44669.72,49032.77,26.540499999995518,26.50050000000192,0.03999999999359716,0.0015094054826736952
2026-07-31 23:04:00,20199.94,905.74,44669.69,49032.84,26.610499999995227,26.50050000000192,0.10999999999330612,0.004150865077764501
2026-07-31 23:05:00,20199.79,905.52,44669.57,49032.68,26.45049999999901,26.50050000000192,-0.05000000000291038,0.0018867568537539578
2026-07-31 23:06:00,20199.95,905.32,44669.83,49032.98,26.75050000000192,26.50050000000192,0.25,0.00943378426822067
2026-07-31 23:07:00,20200.38,905.31,44669.79,49033.11,26.8804999999993,26.50050000000192,0.37999999999738066,0.014339352087596577
2026-07-31 23:08:00,20200.18,905.2,44669.83,49033.07,26.84049999999843,26.50050000000192,0.33999999999650754,0.012829946604648323
2026-07-31 23:09:00,20200.35,905.58,44669.82,49033.15,26.920500000000175,26.50050000000192,0.41999999999825377,0.01584875757054483
2026-07-31 23:10:00,20200.01,905.31,44669.84,49033.01,26.780500000000757,26.50050000000192,0.27999999999883585,0.010565838380363221
2026-07-31 23:11:00,20199.78,905.51,44669.92,49032.98,26.75050000000192,26.50050000000192,0.25,0.00943378426822067
2026-07-31 23:12:00,20199.8,905.31,44669.93,49032.99,26.760499999996682,26.5054999999993,0.25499999999738066,0.009620644771741238
2026-07-31 23:13:00,20199.57,905.18,44670.12,49033.08,26.850500000000466,26.510499999996682,0.3400000000037835,0.012825107033206693
2026-07-31 23:14:00,20199.98,905.25,44670.11,49033.24,27.010499999996682,26.5154999999977,0.49499999999898137,0.01866832607339195
2026-07-31 23:15:00,20199.82,905.3,44670.16,49033.21,26.980499999997846,26.52049999999872,0.4599999999991269,0.01734507267959311
2026-07-31 23:16:00,20199.93,905.39,44669.99,49033.1,26.870499999997264,26.52049999999872,0.3499999999985448,0.013197337908356241
2026-07-31 23:17:00,20199.94,905.18,44669.95,49033.07,26.84049999999843,26.52049999999872,0.31999999999970896,0.012066137516250615
2026-07-31 23:18:00,20199.61,904.83,44670.13,49033.11,26.8804999999993,26.52049999999872,0.3600000000005821,0.013574404705816235
2026-07-31 23:19:00,20199.65,905.17,44670.13,49033.11,26.8804999999993,26.52049999999872,0.3600000000005821,0.013574404705816235
2026-07-31 23:20:00,20199.84,905.24,44670.06,49033.14,26.910499999998137,26.53049999999712,0.38000000000101863,0.014323137521006385
2026-07-31 23:21:00,20199.76,904.97,44670.12,49033.13,26.9004999999961,26.540499999995518,0.3600000000005821,0.013564175505383955
2026-07-31 23:22:00,20199.64,904.63,44670.25,49033.21,26.980499999997846,26.540499999995518,0.4400000000023283,0.016578436728863534
2026-07-31 23:23:00,20200.29,904.64,44670.32,49033.52,27.290499999995518,26.540499999995518,0.75,0.028258698969504215
2026-07-31 23:24:00,20200.33,904.21,44670.32,49033.53,27.300499999997555,26.545499999996537,0.7550000000010186,0.028441732120363796
2026-07-31 23:25:00,20200.23,904.04,44670.46,49033.62,27.39050000000134,26.550499999997555,0.8400000000037835,0.03163782226337963
2026-07-31 23:26:00,20200.29,904.03,44670.33,49033.53,27.300499999997555,26.550499999997555,0.75,0.028248055592176007
2026-07-31 23:27:00,20199.93,903.71,44670.38,49033.43,27.20049999999901,26.550499999997555,0.6500000000014552,0.024481648179940682
2026-07-31 23:28:00,20200.31,903.63,44670.57,49033.75,27.52049999999872,26.565499999996973,0.9550000000017462,0.03594888106761985
2026-07-31 23:29:00,20200.39,903.46,44670.5,49033.72,27.490499999999884,26.58049999999639,0.9100000000034925,0.03423562385973236
2026-07-31 23:30:00,20200.51,903.42,44670.62,49033.89,27.660499999998137,26.58049999999639,1.0800000000017462,0.040631289855416294
2026-07-31 23:31:00,20200.74,903.62,44670.58,49033.95,27.72049999999581,26.58049999999639,1.139999999999418,0.04288858373618151
2026-07-31 23:32:00,20200.54,903.28,44670.49,49033.8,27.57050000000163,26.58049999999639,0.9900000000052387,0.037245349034268474
2026-07-31 23:33:00,20200.23,903.32,44670.55,49033.71,27.480499999997846,26.58049999999639,0.9000000000014552,0.033859408212846914
2026-07-31 23:34:00,20200.53,903.57,44670.44,49033.74,27.510499999996682,26.58049999999639,0.930000000000291,0.03498805515322952
2026-07-31 23:35:00,20199.84,903.24,44670.32,49033.34,27.110499999995227,26.58049999999639,0.5299999999988358,0.0199394292808227
2026-07-31 23:36:00,20199.79,903.46,44670.32,49033.33,27.100500000000466,26.58049999999639,0.5200000000040745,0.019563213634210985
2026-07-31 23:37:00,20199.94,903.59,44670.21,49033.29,27.060499999999593,26.58049999999639,0.4800000000032014,0.018058351046942932
2026-07-31 23:38:00,20199.73,903.42,44670.33,49033.3,27.07050000000163,26.58049999999639,0.4900000000052387,0.01843456669382838
2026-07-31 23:39:00,20199.7,903.78,44670.34,49033.3,27.07050000000163,26.58049999999639,0.4900000000052387,0.01843456669382838
2026-07-31 23:40:00,20199.34,903.75,44670.28,49033.1,26.870499999997264,26.58049999999639,0.2900000000008731,0.010910253757488102
2026-07-31 23:41:00,20199.02,903.74,44670.28,49032.97,26.740499999999884,26.58049999999639,0.16000000000349246,0.006019450349072222
2026-07-31 23:42:00,20199.04,903.93,44670.32,49033.03,26.800499999997555,26.58049999999639,0.22000000000116415,0.008276744229837438
2026-07-31 23:43:00,20198.86,904.09,44670.28,49032.93,26.70049999999901,26.58049999999639,0.12000000000261934,0.004514587761804166
2026-07-31 23:44:00,20198.68,904.36,44670.18,49032.78,26.550499999997555,26.58549999999741,-0.03499999999985448,0.001316507118536717
2026-07-31 23:45:00,20198.63,904.46,44670.14,49032.71,26.480499999997846,26.59049999999843,-0.11000000000058208,0.004136815780093965
2026-07-31 23:46:00,20197.94,904.66,44670.13,49032.42,26.190499999996973,26.595499999999447,-0.4050000000024738,0.015228140098982244
2026-07-31 23:47:00,20197.32,904.49,44670.22,49032.25,26.02049999999872,26.600500000000466,-0.5800000000017462,0.02180410142673018
2026-07-31 23:48:00,20196.87,904.46,44670.32,49032.15,25.920500000000175,26.605499999997846,-0.6849999999976717,0.02574655616311391
2026-07-31 23:49:00,20196.42,904.65,44670.31,49031.96,25.730499999997846,26.610499999995227,-0.8799999999973807,0.03306965295644721
2026-07-31 23:50:00,20196.17,904.84,44670.38,49031.94,25.710500000001048,26.610499999995227,-0.8999999999941792,0.03382123597806658
2026-07-31 23:51:00,20195.97,905.12,44670.37,49031.85,25.620499999997264,26.610499999995227,-0.9899999999979627,0.03720335957603729
2026-07-31 23:52:00,20195.7,905.39,44670.35,49031.71,25.480499999997846,26.610499999995227,-1.1299999999973807,0.04246444072819313
2026-07-31 23:53:00,20195.55,905.65,44670.36,49031.66,25.430500000002212,26.610499999995227,-1.179999999993015,0.04434339828237826
2026-07-31 23:54:00,20195.45,905.62,44670.39,49031.65,25.420500000000175,26.615499999996246,-1.194999999996071,0.04489864928317107
2026-07-31 23:55:00,20195.17,905.9,44670.39,49031.55,25.32050000000163,26.620499999997264,-1.2999999999956344,0.04883454480553588
2026-07-31 23:56:00,20194.81,906.15,44670.3,49031.34,25.110499999995227,26.620499999997264,-1.5100000000020373,0.05672320204362023
2026-07-31 23:57:00,20194.6,906.3,44670.31,49031.26,25.030500000000757,26.620499999997264,-1.5899999999965075,0.05972840480068635
2026-07-31 23:58:00,20194.33,906.55,44670.3,49031.14,24.910499999998137,26.620499999997264,-1.7099999999991269,0.0642362089366955
2026-07-31 23:59:00,20194.27,906.47,44670.39,49031.19,24.960500000001048,26.620499999997264,-1.6599999999962165,0.06235795721329002
