timestamp,Bx,By,Bz,B_total,B_baseline,delta_B,chi
2026-07-04 00:00:00,20220.24,902.16,44663.61,49035.67,48995.825,39.845000000001164,0.0008132325560392373
2026-07-04 00:01:00,20221.27,901.6,44663.89,49036.33,48995.83,40.5,0.0008266009576733366
2026-07-04 00:02:00,20221.65,901.97,44663.68,49036.3,48995.880000000005,40.419999999998254,0.0008249673237831069
2026-07-04 00:03:00,20222.05,901.28,44663.75,49036.52,48995.93,40.58999999999651,0.0008284361578603877
2026-07-04 00:04:00,20221.49,900.83,44663.86,49036.38,48995.965,40.41500000000087,0.0008248638433797738
2026-07-04 00:05:00,20220.47,901.69,44663.72,49035.85,48996.0,39.849999999998545,0.0008133317005469537
2026-07-04 00:06:00,20220.49,903.02,44663.39,49035.57,48996.095,39.474999999998545,0.000805676452378471
2026-07-04 00:07:00,20220.56,902.7,44663.43,49035.63,48996.19,39.43999999999505,0.0008049605489731967
2026-07-04 00:08:00,20221.33,902.89,44663.43,49035.95,48996.28,39.669999999998254,0.0008096533042916372
2026-07-04 00:09:00,20222.25,901.3,44663.79,49036.62,48996.37,40.25,0.0008214894287066572
2026-07-04 00:10:00,20222.93,900.08,44664.29,49037.35,48996.385,40.96499999999651,0.0008360820905459965
2026-07-04 00:11:00,20223.01,901.5,44663.91,49037.05,48996.4,40.650000000001455,0.0008296527908173143
2026-07-04 00:12:00,20223.56,901.39,44663.75,49037.12,48996.41,40.70999999999913,0.000830877201003076
2026-07-04 00:13:00,20224.49,901.11,44663.79,49037.56,48996.42,41.13999999999942,0.0008396531828243659
2026-07-04 00:14:00,20228.54,898.78,44664.29,49039.63,48996.445,43.18499999999767,0.0008813904763906376
2026-07-04 00:15:00,20230.18,893.16,44665.42,49041.22,48996.47,44.75,0.0009133311032407029
2026-07-04 00:16:00,20227.68,890.66,44666.7,49041.29,48996.494999999995,44.79500000000553,0.0009142490702652411
2026-07-04 00:17:00,20223.26,903.46,44663.38,49036.67,48996.52,40.150000000001455,0.000819445952488084
2026-07-04 00:18:00,20223.92,904.85,44661.64,49035.41,48996.55,38.86000000000058,0.0007931170664057077
2026-07-04 00:19:00,20221.63,904.43,44662.1,49034.89,48996.58,38.30999999999767,0.0007818913075157015
2026-07-04 00:20:00,20222.95,904.21,44662.39,49035.69,48996.66,39.029999999998836,0.0007965849100734383
2026-07-04 00:21:00,20223.37,902.56,44663.11,49036.49,48996.74,39.75,0.0008112784646488726
2026-07-04 00:22:00,20222.16,905.15,44662.65,49035.61,48996.765,38.845000000001164,0.0007928074435118556
2026-07-04 00:23:00,20221.01,906.56,44662.17,49034.74,48996.79,37.94999999999709,0.0007745405362269056
2026-07-04 00:24:00,20220.7,906.71,44662.23,49034.68,48996.805,37.875,0.0007730095870536864
2026-07-04 00:25:00,20220.75,904.6,44662.94,49035.3,48996.82,38.4800000000032,0.0007853570905214502
2026-07-04 00:26:00,20218.56,904.51,44663.38,49034.79,48996.835,37.955000000001746,0.0007746418722760714
2026-07-04 00:27:00,20217.46,905.78,44663.28,49034.28,48996.85,37.43000000000029,0.0007639266605914521
2026-07-04 00:28:00,20216.32,906.81,44663.09,49033.67,48996.875,36.794999999998254,0.0007509662606033191
2026-07-04 00:29:00,20216.05,906.88,44663.14,49033.6,48996.9,36.69999999999709,0.000749026979257812
2026-07-04 00:30:00,20215.18,907.16,44663.35,49033.43,48996.965,36.46500000000378,0.0007442297701501264
2026-07-04 00:31:00,20214.35,908.12,44663.29,49033.05,48997.03,36.020000000004075,0.0007351465997021468
2026-07-04 00:32:00,20216.88,909.84,44663.04,49033.91,48997.04,36.87000000000262,0.0007524944363986604
2026-07-04 00:33:00,20220.96,907.18,44663.39,49035.84,48997.05,38.7899999999936,0.000791680315447432
2026-07-04 00:34:00,20221.46,904.63,44664.03,49036.57,48997.105,39.46499999999651,0.0008054557509060282
2026-07-04 00:35:00,20220.41,905.63,44663.92,49036.07,48997.16,38.90999999999622,0.0007941276596438694
2026-07-04 00:36:00,20220.38,906.51,44663.4,49035.6,48997.17,38.43000000000029,0.0007843310134034332
2026-07-04 00:37:00,20219.9,906.54,44663.37,49035.38,48997.18,38.19999999999709,0.0007796367056225907
2026-07-04 00:38:00,20220.36,906.55,44663.4,49035.63,48997.225,38.404999999998836,0.0007838199000045174
2026-07-04 00:39:00,20223.53,906.3,44663.43,49036.93,48997.27,39.66000000000349,0.0008094328520752992
2026-07-04 00:40:00,20223.15,905.39,44663.6,49036.88,48997.274999999994,39.6050000000032,0.0008083102580705398
2026-07-04 00:41:00,20221.35,908.6,44662.9,49035.57,48997.28,38.29000000000087,0.0007814719510960787
2026-07-04 00:42:00,20221.91,910.81,44661.92,49034.97,48997.31,37.66000000000349,0.0007686136238908523
2026-07-04 00:43:00,20224.08,913.03,44661.13,49035.17,48997.34,37.830000000001746,0.0007720827293890188
2026-07-04 00:44:00,20227.23,910.65,44661.21,49036.49,48997.384999999995,39.1050000000032,0.0007981038171731656
2026-07-04 00:45:00,20224.53,911.89,44660.26,49034.53,48997.43,37.099999999998545,0.0007571825705960199
2026-07-04 00:46:00,20227.6,911.08,44661.49,49036.9,48997.545,39.3550000000032,0.0008032035074411015
2026-07-04 00:47:00,20227.54,906.81,44662.43,49037.65,48997.66,39.98999999999796,0.0008161614248516758
2026-07-04 00:48:00,20224.27,904.58,44663.41,49037.16,48997.665,39.49500000000262,0.000806058819333587
2026-07-04 00:49:00,20223.39,903.78,44664.14,49037.45,48997.67,39.779999999998836,0.0008118753401947243
2026-07-04 00:50:00,20223.38,904.01,44664.23,49037.53,48997.68,39.849999999998545,0.0008133038135682862
2026-07-04 00:51:00,20227.28,905.52,44664.09,49039.03,48997.69,41.33999999999651,0.000843713244440636
2026-07-04 00:52:00,20232.06,904.82,44663.64,49040.57,48997.705,42.86499999999796,0.0008748368928707572
2026-07-04 00:53:00,20233.72,902.0,44664.01,49041.52,48997.72,43.799999999995634,0.0008939191456254624
2026-07-04 00:54:00,20230.93,902.76,44663.6,49039.99,48997.735,42.25499999999738,0.0008623868021653936
2026-07-04 00:55:00,20226.56,904.69,44662.96,49037.66,48997.75,39.91000000000349,0.0008145271976775156
2026-07-04 00:56:00,20223.01,908.09,44662.22,49035.6,48997.775,37.82499999999709,0.0007719738294238277
2026-07-04 00:57:00,20222.45,910.56,44661.85,49035.11,48997.8,37.30999999999767,0.0007614627595524221
2026-07-04 00:58:00,20223.45,911.13,44661.78,49035.45,48997.875,37.57499999999709,0.0007668699918108099
2026-07-04 00:59:00,20223.84,911.44,44661.78,49035.61,48997.95,37.66000000000349,0.0007686035844357467
2026-07-04 01:00:00,20224.18,912.16,44661.88,49035.85,48997.955,37.8949999999968,0.0007733996245352852
2026-07-04 01:01:00,20225.36,912.79,44661.8,49036.27,48997.96,38.30999999999767,0.0007818692859865527
2026-07-04 01:02:00,20224.78,914.22,44661.51,49035.8,48997.965,37.8350000000064,0.0007721749260404265
2026-07-04 01:03:00,20225.8,914.67,44661.31,49036.04,48997.97,38.06999999999971,0.0007769709643072909
2026-07-04 01:04:00,20219.6,915.31,44661.09,49033.29,48997.990000000005,35.299999999995634,0.00072043771591438
2026-07-04 01:05:00,20215.08,918.83,44660.82,49031.29,48998.01,33.279999999998836,0.0006792112577633017
2026-07-04 01:06:00,20215.45,921.23,44660.75,49031.44,48998.03,33.41000000000349,0.0006818641484158341
2026-07-04 01:07:00,20217.69,921.29,44661.01,49032.59,48998.05,34.5399999999936,0.0007049260123615857
2026-07-04 01:08:00,20216.03,922.22,44660.93,49031.83,48998.17,33.66000000000349,0.0006869644315288406
2026-07-04 01:09:00,20214.05,924.3,44660.79,49030.93,48998.29,32.63999999999942,0.000666145696104893
2026-07-04 01:10:00,20213.24,927.07,44660.27,49030.19,48998.555,31.635000000002037,0.0006456312844328172
2026-07-04 01:11:00,20215.12,926.25,44660.72,49031.37,48998.82,32.55000000000291,0.000664301711755567
2026-07-04 01:12:00,20217.68,924.39,44661.66,49033.23,48998.96,34.270000000004075,0.0006994025995654617
2026-07-04 01:13:00,20218.88,923.68,44662.02,49034.03,48999.1,34.93000000000029,0.0007128702363921029
2026-07-04 01:14:00,20218.77,921.03,44662.7,49034.56,48999.185,35.375,0.0007219507834671128
2026-07-04 01:15:00,20217.99,920.17,44663.45,49034.9,48999.27,35.63000000000466,0.0007271536902489498
2026-07-04 01:16:00,20218.67,920.73,44663.57,49035.3,48999.42,35.88000000000466,0.0007322535654504616
2026-07-04 01:17:00,20224.66,920.06,44663.71,49037.89,48999.57,38.31999999999971,0.0007820476791939135
2026-07-04 01:18:00,20228.55,913.21,44665.07,49040.58,48999.615000000005,40.96499999999651,0.0008360269769465842
2026-07-04 01:19:00,20226.21,911.73,44665.67,49040.11,48999.66,40.44999999999709,0.0008255159321513065
2026-07-04 01:20:00,20223.11,915.3,44664.76,49038.1,48999.865000000005,38.234999999993306,0.0007803082722777563
2026-07-04 01:21:00,20224.27,918.1,44663.97,49037.93,49000.07,37.86000000000058,0.000772651957435991
2026-07-04 01:22:00,20229.81,907.77,44665.8,49041.67,49000.17,41.5,0.0008469358371613813
2026-07-04 01:23:00,20226.46,905.68,44667.16,49041.49,49000.27,41.220000000001164,0.0008412198545028664
2026-07-04 01:24:00,20228.57,905.35,44667.46,49042.61,49000.88,41.7300000000032,0.0008516173587087253
2026-07-04 01:25:00,20225.56,908.57,44666.14,49040.23,49001.49,38.74000000000524,0.0007905882045628662
2026-07-04 01:26:00,20226.82,907.29,44666.06,49040.67,49001.66499999999,39.00500000000466,0.0007959933606338614
2026-07-04 01:27:00,20229.17,905.58,44666.63,49042.12,49001.84,40.28000000000611,0.0008220099490142842
2026-07-04 01:28:00,20234.02,902.04,44667.14,49044.5,49001.92999999999,42.570000000006985,0.0008687412924349508
2026-07-04 01:29:00,20234.5,898.05,44667.76,49045.18,49002.02,43.16000000000349,0.0008807800168238676
2026-07-04 01:30:00,20228.29,896.73,44667.95,49042.75,49002.024999999994,40.72500000000582,0.0008310881029917809
2026-07-04 01:31:00,20219.26,904.57,44666.55,49037.92,49002.03,35.88999999999942,0.0007324186365340256
2026-07-04 01:32:00,20222.16,912.76,44664.25,49037.22,49002.479999999996,34.74000000000524,0.0007089437106041417
2026-07-04 01:33:00,20228.34,905.44,44664.93,49040.24,49002.93,37.30999999999767,0.0007613830438301887
2026-07-04 01:34:00,20226.72,896.92,44667.56,49041.79,49003.16,38.62999999999738,0.0007883165085679654
2026-07-04 01:35:00,20224.03,898.34,44668.2,49041.28,49003.39,37.88999999999942,0.0007732118124888792
2026-07-04 01:36:00,20225.06,898.79,44667.5,49041.08,49003.455,37.625,0.0007678030049105721
2026-07-04 01:37:00,20221.4,899.89,44667.07,49039.22,49003.52,35.700000000004366,0.0007285190941386326
2026-07-04 01:38:00,20224.53,896.99,44667.8,49041.13,49003.55,37.57999999999447,0.0007668832156036546
2026-07-04 01:39:00,20226.58,895.14,44668.13,49042.24,49003.58,38.65999999999622,0.0007889219522328005
2026-07-04 01:40:00,20227.17,892.85,44668.39,49042.66,49003.625,39.03500000000349,0.0007965737228624105
2026-07-04 01:41:00,20225.39,891.91,44668.39,49041.92,49003.67,38.25,0.0007805537830125785
2026-07-04 01:42:00,20225.37,890.82,44668.54,49042.04,49003.725,38.31500000000233,0.0007818793367239394
2026-07-04 01:43:00,20226.65,888.15,44668.78,49042.74,49003.78,38.95999999999913,0.0007950407091044635
2026-07-04 01:44:00,20223.89,884.96,44669.59,49042.27,49003.994999999995,38.275000000001455,0.0007810587687800037
2026-07-04 01:45:00,20222.65,885.38,44669.59,49041.8,49004.21,37.59000000000378,0.0007670769511436626
2026-07-04 01:46:00,20222.81,886.23,44669.04,49041.39,49004.255000000005,37.13499999999476,0.0007577913387316011
2026-07-04 01:47:00,20224.06,882.78,44669.59,49042.31,49004.3,38.00999999999476,0.0007756462188011003
2026-07-04 01:48:00,20221.35,883.13,44669.32,49040.96,49004.305,36.654999999998836,0.000747995507741592
2026-07-04 01:49:00,20221.46,883.42,44669.11,49040.83,49004.31,36.520000000004075,0.0007452405716967359
2026-07-04 01:50:00,20220.61,881.26,44669.3,49040.62,49004.325,36.29500000000553,0.0007406489121114418
2026-07-04 01:51:00,20219.77,880.56,44669.41,49040.36,49004.31,36.05000000000291,0.0007356495785779437
2026-07-04 01:52:00,20218.94,881.2,44669.42,49040.03,49004.325,35.705000000001746,0.0007286091584773742
2026-07-04 01:53:00,20219.17,880.79,44668.99,49039.73,49004.31,35.42000000000553,0.0007227935665251797
2026-07-04 01:54:00,20216.45,883.63,44668.19,49037.94,49004.305,33.63500000000204,0.0006863682690735444
2026-07-04 01:55:00,20215.73,883.2,44668.18,49037.63,49004.3,33.32999999999447,0.0006801443954917113
2026-07-04 01:56:00,20215.09,884.28,44667.8,49037.05,49004.305,32.74500000000262,0.0006682065993998409
2026-07-04 01:57:00,20216.74,882.62,44668.21,49038.09,49004.31,33.779999999998836,0.0006893271224510424
2026-07-04 01:58:00,20216.54,882.91,44668.0,49037.82,49004.325,33.49500000000262,0.0006835110982551564
2026-07-04 01:59:00,20219.71,879.89,44668.51,49039.54,49004.34,35.200000000004366,0.0007183037257517266
2026-07-04 02:00:00,20219.55,880.09,44668.27,49039.24,49004.479999999996,34.76000000000204,0.0007093229027224049
2026-07-04 02:01:00,20218.61,878.96,44668.31,49038.86,49004.62,34.23999999999796,0.0006987096318673211
2026-07-04 02:02:00,20216.34,882.62,44667.03,49036.84,49004.86,31.979999999995925,0.0006525883351160666
2026-07-04 02:03:00,20216.98,883.74,44666.62,49036.74,49005.1,31.639999999999418,0.0006456470857114753
2026-07-04 02:04:00,20214.78,886.52,44665.43,49034.81,49005.32,29.489999999997963,0.0006017713995133174
2026-07-04 02:05:00,20213.85,887.85,44664.98,49034.04,49005.54,28.5,0.0005815669003953431
2026-07-04 02:06:00,20210.35,890.01,44664.14,49031.87,49005.635,26.235000000000582,0.0005353465984065012
2026-07-04 02:07:00,20203.7,896.97,44662.69,49027.94,49005.73,22.209999999999127,0.00045321230803008395
2026-07-04 02:08:00,20199.84,902.05,44661.33,49025.25,49005.850000000006,19.39999999999418,0.00039587110518426224
2026-07-04 02:09:00,20197.73,905.01,44660.68,49023.85,49005.97,17.87999999999738,0.00036485350662373135
2026-07-04 02:10:00,20196.2,909.1,44660.37,49023.02,49006.06,16.959999999999127,0.00034607964810880795
2026-07-04 02:11:00,20196.2,909.64,44660.4,49023.07,49006.15,16.919999999998254,0.0003452627884459043
2026-07-04 02:12:00,20194.64,912.33,44660.31,49022.39,49006.229999999996,16.160000000003492,0.00032975399250265717
2026-07-04 02:13:00,20193.52,913.72,44660.27,49021.94,49006.31,15.630000000004657,0.00031893852036614585
2026-07-04 02:14:00,20192.25,917.16,44660.02,49021.24,49006.69,14.549999999995634,0.00029689823981165906
2026-07-04 02:15:00,20193.07,918.35,44660.25,49021.81,49007.07,14.739999999997963,0.0003007729292936297
2026-07-04 02:16:00,20192.45,922.06,44659.37,49020.82,49007.19,13.62999999999738,0.00027812245509276046
2026-07-04 02:17:00,20195.55,924.89,44659.11,49021.89,49007.31,14.580000000001746,0.0002975066372751687
2026-07-04 02:18:00,20198.29,922.93,44659.46,49023.32,49007.43,15.889999999999418,0.0003242365494374918
2026-07-04 02:19:00,20200.28,920.97,44660.15,49024.71,49007.55,17.159999999996217,0.0003501501299288827
2026-07-04 02:20:00,20202.62,920.58,44660.6,49026.06,49007.56,18.5,0.00037749277866516923
2026-07-04 02:21:00,20205.43,919.01,44660.57,49027.18,49007.57,19.610000000000582,0.00040014226373600204
2026-07-04 02:22:00,20209.93,917.11,44660.97,49029.34,49007.67,21.669999999998254,0.0004421756839286229
2026-07-04 02:23:00,20211.85,915.08,44661.05,49030.16,49007.77,22.390000000006694,0.0004568663295637956
2026-07-04 02:24:00,20213.88,915.97,44660.88,49030.82,49007.80499999999,23.015000000006694,0.0004696190739415221
2026-07-04 02:25:00,20215.95,917.07,44659.96,49030.86,49007.84,23.020000000004075,0.00046972076304534286
2026-07-04 02:26:00,20217.48,917.0,44659.21,49030.81,49007.91499999999,22.895000000004075,0.00046716943579428095
2026-07-04 02:27:00,20218.98,919.24,44658.23,49030.55,49007.99,22.560000000004948,0.0004603331007863197
2026-07-04 02:28:00,20221.67,919.25,44657.69,49031.15,49008.005,23.145000000004075,0.00047226978531372734
2026-07-04 02:29:00,20221.59,921.5,44656.54,49030.13,49008.02,22.110000000000582,0.00045115064840408947
2026-07-04 02:30:00,20221.58,925.32,44655.32,49029.07,49008.1,20.970000000001164,0.0004278884510928023
2026-07-04 02:31:00,20224.2,928.22,44654.41,49029.36,49008.18,21.18000000000029,0.00043217275156923375
2026-07-04 02:32:00,20226.18,928.31,44653.83,49029.64,49008.19,21.44999999999709,0.00043768194662967735
2026-07-04 02:33:00,20225.22,931.22,44653.09,49028.62,49008.2,20.42000000000553,0.00041666496627106345
2026-07-04 02:34:00,20225.56,932.62,44652.65,49028.4,49008.27,20.130000000004657,0.00041074700249579626
2026-07-04 02:35:00,20225.88,932.93,44652.96,49028.81,49008.34,20.470000000001164,0.0004176840105174174
2026-07-04 02:36:00,20225.64,934.04,44652.87,49028.64,49008.395,20.24500000000262,0.00041309249160276766
2026-07-04 02:37:00,20224.2,938.01,44652.11,49027.43,49008.45,18.9800000000032,0.00038728015270842484
2026-07-04 02:38:00,20223.74,939.64,44651.79,49026.99,49008.47,18.5199999999968,0.000377893862020112
2026-07-04 02:39:00,20224.51,945.27,44650.9,49026.59,49008.49,18.099999999998545,0.00036932376410696484
2026-07-04 02:40:00,20228.35,945.46,44650.8,49028.08,49008.494999999995,19.585000000006403,0.00039962459569522395
2026-07-04 02:41:00,20227.5,945.6,44650.87,49027.8,49008.5,19.30000000000291,0.0003938092371732028
2026-07-04 02:42:00,20225.26,950.71,44650.22,49026.36,49008.565,17.794999999998254,0.00036309979694362104
2026-07-04 02:43:00,20223.47,954.23,44649.46,49025.02,49008.63,16.389999999999418,0.00033443089513009075
2026-07-04 02:44:00,20222.29,956.24,44649.27,49024.44,49008.634999999995,15.805000000007567,0.000322494189034393
2026-07-04 02:45:00,20224.49,956.84,44649.78,49025.78,49008.64,17.139999999999418,0.0003497342509402305
2026-07-04 02:46:00,20223.57,955.87,44650.42,49025.97,49008.68,17.290000000000873,0.0003527946478052637
2026-07-04 02:47:00,20222.52,955.6,44650.9,49025.97,49008.72,17.25,0.00035197817857720014
2026-07-04 02:48:00,20222.96,955.29,44651.51,49026.7,49008.82,17.87999999999738,0.00036483228937153313
2026-07-04 02:49:00,20222.26,954.3,44652.04,49026.89,49008.92,17.970000000001164,0.0003666679453454833
2026-07-04 02:50:00,20221.59,954.9,44652.4,49026.94,49009.024999999994,17.91500000000815,0.0003655449174924037
2026-07-04 02:51:00,20220.64,956.34,44651.78,49026.02,49009.13,16.889999999999418,0.00034462966390138775
2026-07-04 02:52:00,20220.61,956.47,44651.71,49025.95,49009.18,16.7699999999968,0.00034218079143533516
2026-07-04 02:53:00,20222.85,951.82,44652.62,49027.63,49009.23,18.39999999999418,0.000375439483542063
2026-07-04 02:54:00,20221.74,948.59,44653.72,49028.1,49009.245,18.854999999995925,0.00038472333128159646
2026-07-04 02:55:00,20220.2,950.28,44653.36,49027.17,49009.26,17.909999999996217,0.00036544114316348
2026-07-04 02:56:00,20218.41,949.83,44653.09,49026.17,49009.350000000006,16.819999999992433,0.00034319981799375897
2026-07-04 02:57:00,20215.13,952.5,44652.5,49024.35,49009.44,14.909999999996217,0.00030422710400274344
2026-07-04 02:58:00,20216.31,950.88,44652.64,49024.96,49009.445,15.514999999999418,0.0003165716322639324
2026-07-04 02:59:00,20217.66,947.7,44653.38,49026.13,49009.45,16.68000000000029,0.0003403425257781977
2026-07-04 03:00:00,20217.99,943.84,44654.15,49026.91,49009.535,17.375,0.00035452284948224867
2026-07-04 03:01:00,20217.04,939.82,44655.08,49027.27,49009.62,17.64999999999418,0.00036013337789589427
2026-07-04 03:02:00,20213.5,939.78,44655.25,49025.98,49009.645000000004,16.334999999999127,0.00033330174091240867
2026-07-04 03:03:00,20211.08,941.84,44654.69,49024.51,49009.67,14.840000000003783,0.0003027973867198817
2026-07-04 03:04:00,20208.15,944.32,44653.87,49022.63,49009.68,12.94999999999709,0.00026423351468520277
2026-07-04 03:05:00,20206.8,946.05,44653.33,49021.6,49009.69,11.909999999996217,0.00024301316739600302
2026-07-04 03:06:00,20205.6,945.56,44653.19,49020.99,49009.75,11.239999999997963,0.00022934212070043129
2026-07-04 03:07:00,20203.84,945.66,44653.17,49020.25,49009.81,10.440000000002328,0.00021301857730120417
2026-07-04 03:08:00,20201.35,947.87,44652.64,49018.78,49009.85,8.930000000000291,0.00018220827037830744
2026-07-04 03:09:00,20200.49,949.29,44652.1,49017.98,49009.89,8.090000000003783,0.0001650687238841749
2026-07-04 03:10:00,20198.69,950.03,44651.77,49016.95,49009.925,7.024999999994179,0.00014333831361697
2026-07-04 03:11:00,20196.31,951.62,44651.39,49015.66,49009.96,5.700000000004366,0.00011630289026974039
2026-07-04 03:12:00,20193.16,954.5,44650.56,49013.67,49010.05,3.6199999999953434,7.386240169098671e-05
2026-07-04 03:13:00,20192.37,956.26,44650.22,49013.09,49010.14,2.9499999999970896,6.019162565128542e-05
2026-07-04 03:14:00,20191.29,956.61,44650.16,49012.59,49010.19,2.3999999999941792,4.8969408198461975e-05
2026-07-04 03:15:00,20190.08,957.97,44649.91,49011.89,49010.24,1.6500000000014552,3.366643379019273e-05
2026-07-04 03:16:00,20189.34,960.76,44649.11,49010.93,49010.255,0.6750000000029104,1.377262778989643e-05
2026-07-04 03:17:00,20189.09,962.61,44648.45,49010.24,49010.27,0.029999999998835847,6.121166032922457e-07
2026-07-04 03:18:00,20186.48,965.0,44647.64,49008.49,49010.28999999999,1.7999999999956344,3.6726981211407535e-05
2026-07-04 03:19:00,20186.69,967.18,44647.15,49008.2,49010.31,2.110000000000582,4.305216596264301e-05
2026-07-04 03:20:00,20187.74,967.33,44647.03,49008.5,49010.39,1.889999999999418,3.856325158806975e-05
2026-07-04 03:21:00,20187.12,968.39,44646.74,49007.99,49010.47,2.4800000000032014,5.060143271434045e-05
2026-07-04 03:22:00,20186.92,968.69,44646.64,49007.84,49010.485,2.6450000000040745,5.396804377683825e-05
2026-07-04 03:23:00,20187.59,968.79,44646.72,49008.18,49010.5,2.319999999999709,4.7336795176537865e-05
2026-07-04 03:24:00,20188.02,966.53,44647.16,49008.72,49010.515,1.7949999999982538,3.662479367944315e-05
2026-07-04 03:25:00,20189.15,966.16,44647.46,49009.44,49010.53,1.0899999999965075,2.2240118603012608e-05
2026-07-04 03:26:00,20189.42,964.26,44648.14,49010.14,49010.555,0.4150000000008731,8.467563772760237e-06
2026-07-04 03:27:00,20190.25,963.07,44648.77,49011.03,49010.58,0.4499999999970896,9.181690973603854e-06
2026-07-04 03:28:00,20189.74,961.15,44649.34,49011.3,49010.62,0.680000000000291,1.3874543925383744e-05
2026-07-04 03:29:00,20188.4,961.37,44649.66,49011.06,49010.66,0.39999999999417923,8.161489765577105e-06
2026-07-04 03:30:00,20188.4,960.28,44650.07,49011.42,49010.68,0.7399999999979627,1.5098749905081153e-05
2026-07-04 03:31:00,20189.96,958.18,44650.71,49012.6,49010.7,1.9000000000014552,3.876704474740119e-05
2026-07-04 03:32:00,20189.86,954.3,44651.71,49013.39,49010.75,2.639999999999418,5.386573353803845e-05
2026-07-04 03:33:00,20188.83,951.85,44652.65,49013.78,49010.8,2.9799999999959255,6.080292506949336e-05
2026-07-04 03:34:00,20188.56,950.7,44653.09,49014.06,49010.865000000005,3.194999999992433,6.518962683054937e-05
2026-07-04 03:35:00,20189.21,948.09,44654.09,49015.19,49010.93,4.260000000002037,8.691938716531267e-05
2026-07-04 03:36:00,20190.39,947.2,44654.45,49015.98,49010.935,5.04500000000553,0.00010293621209237347
2026-07-04 03:37:00,20194.7,941.75,44655.45,49018.56,49010.94,7.619999999995343,0.00015547549179826674
2026-07-04 03:38:00,20194.71,938.39,44656.31,49019.25,49010.985,8.264999999999418,0.00016863566402510412
2026-07-04 03:39:00,20192.97,939.07,44655.53,49017.84,49011.03,6.809999999997672,0.00013894831428757306
2026-07-04 03:40:00,20192.26,941.58,44654.22,49016.42,49011.045,5.375,0.00010966915722772286
2026-07-04 03:41:00,20192.32,942.43,44653.15,49015.49,49011.06,4.430000000000291,9.038776145629765e-05
2026-07-04 03:42:00,20191.78,941.04,44652.56,49014.71,49011.1,3.610000000000582,7.36567838714206e-05
2026-07-04 03:43:00,20191.13,940.89,44652.07,49013.99,49011.14,2.849999999998545,5.815004507135612e-05
2026-07-04 03:44:00,20189.45,941.71,44651.39,49012.68,49011.145000000004,1.5349999999962165,3.131940704499388e-05
2026-07-04 03:45:00,20189.12,941.85,44650.88,49012.1,49011.15,0.9499999999970896,1.938334440218378e-05
2026-07-04 03:46:00,20188.59,942.71,44650.39,49011.45,49011.15,0.2999999999956344,6.121056126935084e-06
2026-07-04 03:47:00,20190.03,940.48,44650.48,49012.12,49011.15,0.9700000000011642,1.9791414810735193e-05
2026-07-04 03:48:00,20196.73,931.12,44652.77,49016.78,49011.225000000006,5.554999999993015,0.00011334138250968048
2026-07-04 03:49:00,20197.72,925.35,44654.85,49018.93,49011.3,7.629999999997381,0.00015567838437253
2026-07-04 03:50:00,20197.97,920.48,44655.75,49019.78,49011.315,8.464999999996508,0.00017271521892437506
2026-07-04 03:51:00,20194.55,924.95,44654.66,49017.44,49011.33,6.110000000000582,0.00012466505193800252
2026-07-04 03:52:00,20194.54,929.26,44653.07,49016.05,49011.33,4.720000000001164,9.630426270825876e-05
2026-07-04 03:53:00,20191.46,936.28,44650.3,49012.39,49011.33,1.0599999999976717,2.1627652218327308e-05
2026-07-04 03:54:00,20191.49,940.48,44648.32,49010.7,49011.375,0.6750000000029104,1.3772313060037805e-05
2026-07-04 03:55:00,20194.12,940.86,44647.06,49010.66,49011.42,0.7599999999947613,1.5506590096650157e-05
2026-07-04 03:56:00,20195.77,940.02,44646.9,49011.15,49011.435,0.2849999999962165,5.814969506528762e-06
2026-07-04 03:57:00,20196.36,943.36,44645.84,49010.5,49011.45,0.9499999999970896,1.9383225756371006e-05
2026-07-04 03:58:00,20200.26,945.43,44644.96,49011.33,49011.49,0.1599999999962165,3.2645406209078014e-06
2026-07-04 03:59:00,20204.46,948.23,44643.56,49011.8,49011.53,0.27000000000407454,5.508907801981994e-06
2026-07-04 04:00:00,20208.51,945.98,44642.97,49012.88,49011.6,1.2799999999988358,2.6116266353247718e-05
2026-07-04 04:01:00,20210.73,945.94,44642.13,49013.02,49011.67,1.3499999999985448,2.7544460329520395e-05
2026-07-04 04:02:00,20210.2,944.46,44641.52,49012.21,49011.735,0.4749999999985448,9.691556522097102e-06
2026-07-04 04:03:00,20206.92,946.11,44640.84,49010.27,49011.8,1.5300000000061118,3.121697223946298e-05
2026-07-04 04:04:00,20206.37,948.63,44639.86,49009.23,49011.805,2.5749999999970896,5.253836295147852e-05
2026-07-04 04:05:00,20208.73,947.92,44640.0,49010.31,49011.81,1.5,3.0604868500061514e-05
2026-07-04 04:06:00,20209.66,950.27,44638.85,49009.69,49011.85,2.1599999999962165,4.407097467237447e-05
2026-07-04 04:07:00,20211.54,949.45,44638.89,49010.47,49011.89,1.4199999999982538,2.8972561555945993e-05
2026-07-04 04:08:00,20212.05,950.52,44638.08,49009.96,49011.9,1.9400000000023283,3.958222390893494e-05
2026-07-04 04:09:00,20216.13,948.31,44638.61,49012.09,49011.91,0.17999999999301508,3.6725767266163485e-06
2026-07-04 04:10:00,20220.18,947.04,44638.2,49013.34,49012.0,1.3399999999965075,2.7340243205674274e-05
2026-07-04 04:11:00,20223.87,935.16,44640.86,49017.07,49012.09,4.980000000003201,0.00010160758294541616
2026-07-04 04:12:00,20222.85,931.84,44642.07,49017.65,49012.095,5.555000000000291,0.00011333937061862568
2026-07-04 04:13:00,20222.3,927.83,44643.12,49018.32,49012.1,6.220000000001164,0.0001269074371430966
2026-07-04 04:14:00,20220.81,924.99,44643.56,49018.06,49012.11,5.94999999999709,0.00012139856863940544
2026-07-04 04:15:00,20219.23,923.17,44644.01,49017.79,49012.12,5.669999999998254,0.0001156856712176142
2026-07-04 04:16:00,20217.56,921.88,44644.09,49017.15,49012.130000000005,5.019999999996799,0.0001024236245190078
2026-07-04 04:17:00,20216.04,923.09,44643.37,49015.9,49012.14,3.7600000000020373,7.67156871746885e-05
2026-07-04 04:18:00,20216.69,921.35,44643.09,49015.88,49012.175,3.7049999999944703,7.559346223656611e-05
2026-07-04 04:19:00,20214.1,920.95,44642.65,49014.42,49012.21,2.209999999999127,4.509080492389809e-05
2026-07-04 04:20:00,20214.06,924.12,44641.9,49013.79,49012.285,1.5049999999973807,3.070658713417219e-05
2026-07-04 04:21:00,20216.9,926.17,44640.99,49014.16,49012.36,1.8000000000029104,3.672543007524858e-05
2026-07-04 04:22:00,20220.9,924.4,44640.96,49015.72,49012.375,3.345000000001164,6.824807000275266e-05
2026-07-04 04:23:00,20221.38,922.3,44640.95,49015.88,49012.39,3.4899999999979627,7.120648472759568e-05
2026-07-04 04:24:00,20223.59,924.7,44639.98,49015.95,49012.43,3.5199999999967986,7.181851624163091e-05
2026-07-04 04:25:00,20221.14,920.13,44640.17,49015.01,49012.47,2.540000000000873,5.1823546130216925e-05
2026-07-04 04:26:00,20213.9,923.85,44639.83,49011.81,49012.53,0.7200000000011642,1.4690121077225848e-05
2026-07-04 04:27:00,20216.43,931.24,44637.55,49010.94,49012.59,1.6499999999941792,3.366481959011306e-05
2026-07-04 04:28:00,20220.27,928.63,44636.7,49011.67,49012.595,0.9250000000029104,1.8872699966261946e-05
2026-07-04 04:29:00,20218.15,930.76,44635.7,49009.89,49012.6,2.709999999999127,5.529190453065389e-05
2026-07-04 04:30:00,20212.54,932.24,44633.85,49005.97,49012.634999999995,6.664999999993597,0.00013598534337102254
2026-07-04 04:31:00,20208.7,935.89,44632.97,49003.67,49012.67,9.0,0.00018362598895346857
2026-07-04 04:32:00,20206.58,937.95,44631.87,49001.84,49012.675,10.835000000006403,0.00022106526526059642
2026-07-04 04:33:00,20202.47,943.5,44630.59,48999.1,49012.68,13.580000000001746,0.0002770711579126411
2026-07-04 04:34:00,20199.52,946.35,44629.25,48996.74,49012.78,16.040000000000873,0.0003272615836114759
2026-07-04 04:35:00,20198.37,948.38,44629.09,48996.19,49012.88,16.689999999995052,0.00034052273606437845
2026-07-04 04:36:00,20198.35,944.41,44630.24,48997.16,49012.95,15.789999999993597,0.00032215975573789374
2026-07-04 04:37:00,20194.7,940.11,44632.56,48997.69,49013.02,15.32999999999447,0.0003127740343279086
2026-07-04 04:38:00,20189.89,939.59,44634.36,48997.34,49013.05499999999,15.714999999996508,0.00032062886102481286
2026-07-04 04:39:00,20187.85,946.76,44633.47,48995.83,49013.09,17.25999999999476,0.0003521508233819733
2026-07-04 04:40:00,20191.51,947.8,44632.48,48996.47,49013.119999999995,16.64999999999418,0.0003397049606308307
2026-07-04 04:41:00,20199.06,940.23,44633.41,49000.27,49013.15,12.880000000004657,0.00026278661950934914
2026-07-04 04:42:00,20202.51,934.89,44633.95,49002.03,49013.244999999995,11.214999999996508,0.00022881570073551564
2026-07-04 04:43:00,20203.76,935.34,44632.77,49001.49,49013.34,11.849999999998545,0.00024177091379609195
2026-07-04 04:44:00,20200.02,940.79,44630.27,48997.72,49013.365,15.644999999996799,0.0003191986512249628
2026-07-04 04:45:00,20196.17,949.97,44626.15,48992.59,49013.39,20.80000000000291,0.0004243738292740598
2026-07-04 04:46:00,20193.59,952.87,44623.81,48989.46,49013.53,24.06999999999971,0.0004910888891291794
2026-07-04 04:47:00,20187.48,958.28,44622.06,48985.47,49013.67,28.19999999999709,0.0005753496932589845
2026-07-04 04:48:00,20181.08,962.44,44621.14,48982.11,49013.725,31.614999999997963,0.0006450234092593036
2026-07-04 04:49:00,20175.43,965.11,44621.0,48979.74,49013.78,34.04000000000087,0.0006944985675457163
2026-07-04 04:50:00,20169.06,970.6,44620.57,48976.84,49013.785,36.945000000006985,0.0007537675370307962
2026-07-04 04:51:00,20161.3,975.02,44620.35,48973.56,49013.79,40.2300000000032,0.0008207894145709442
2026-07-04 04:52:00,20152.82,976.73,44621.0,48970.75,49013.805,43.05500000000029,0.0008784259863114135
2026-07-04 04:53:00,20149.3,975.1,44623.26,48971.36,49013.82,42.45999999999913,0.0008662862841541249
2026-07-04 04:54:00,20146.91,969.98,44626.4,48973.17,49013.845,40.67500000000291,0.0008298675608902527
2026-07-04 04:55:00,20143.48,968.67,44628.49,48973.64,49013.87,40.2300000000032,0.0008207880748858068
2026-07-04 04:56:00,20142.94,965.03,44630.55,48975.23,49013.91,38.68000000000029,0.0007891637292352373
2026-07-04 04:57:00,20141.8,964.73,44631.45,48975.57,49013.95,38.37999999999738,0.0007830423787513021
2026-07-04 04:58:00,20142.29,961.21,44632.75,48976.9,49013.97,37.06999999999971,0.0007563149852990832
2026-07-04 04:59:00,20142.51,960.89,44632.96,48977.15,49013.99,36.83999999999651,0.0007516221389035357
2026-07-04 05:00:00,20139.33,971.92,44629.89,48973.23,49014.024999999994,40.79499999999098,0.0008323127921037088
2026-07-04 05:01:00,20135.29,981.79,44625.78,48968.02,49014.06,46.04000000000087,0.000939322308741632
2026-07-04 05:02:00,20129.77,991.68,44622.44,48962.93,49014.11,51.18000000000029,0.0010441891120740597
2026-07-04 05:03:00,20128.32,990.03,44622.6,48962.5,49014.16,51.66000000000349,0.001053981135247518
2026-07-04 05:04:00,20126.85,997.25,44621.61,48961.13,49014.225000000006,53.09500000000844,0.0010832569524461201
2026-07-04 05:05:00,20133.61,1005.32,44619.68,48962.28,49014.29,52.01000000000204,0.001061119114446053
2026-07-04 05:06:00,20138.67,1010.97,44616.98,48961.99,49014.354999999996,52.36499999999796,0.0010683604833726357
2026-07-04 05:07:00,20142.99,1019.91,44613.84,48961.06,49014.42,53.36000000000058,0.001088659214982052
2026-07-04 05:08:00,20147.02,1020.41,44612.22,48961.27,49014.565,53.29500000000553,0.0010873298579719217
2026-07-04 05:09:00,20153.42,1023.17,44611.01,48962.82,49014.71,51.88999999999942,0.0010586617772501239
2026-07-04 05:10:00,20155.02,1021.27,44609.89,48962.4,49014.71,52.30999999999767,0.0010672306334159208
2026-07-04 05:11:00,20155.9,1015.03,44611.1,48963.74,49014.71,50.970000000001164,0.001039891901839288
2026-07-04 05:12:00,20150.87,1016.23,44611.06,48961.67,49014.86,53.19000000000233,0.0010851811063012794
2026-07-04 05:13:00,20147.08,1014.07,44611.82,48960.79,49015.01,54.220000000001164,0.0011061917563620035
2026-07-04 05:14:00,20143.92,1014.3,44612.89,48960.49,49015.01,54.520000000004075,0.0011123123304474297
2026-07-04 05:15:00,20143.58,1011.31,44614.78,48962.02,49015.01,52.99000000000524,0.0010810974026120822
2026-07-04 05:16:00,20140.6,1011.43,44615.58,48961.53,49015.06,53.529999999998836,0.0010921133219055294
2026-07-04 05:17:00,20138.13,1010.31,44617.16,48961.96,49015.11,53.150000000001455,0.0010843594964899895
2026-07-04 05:18:00,20139.78,1009.81,44618.3,48963.66,49015.15,51.48999999999796,0.0010504915316998512
2026-07-04 05:19:00,20140.54,1004.0,44620.46,48965.81,49015.19,49.38000000000466,0.0010074427947745312
2026-07-04 05:20:00,20142.57,997.72,44622.14,48968.06,49015.34,47.279999999998836,0.000964595981584517
2026-07-04 05:21:00,20141.96,991.7,44624.38,48969.74,49015.49,45.75,0.0009333784075197453
2026-07-04 05:22:00,20144.92,982.91,44625.98,48972.25,49015.575,43.32499999999709,0.0008839027186766062
2026-07-04 05:23:00,20148.2,971.9,44629.06,48976.18,49015.66,39.4800000000032,0.0008054568682744086
2026-07-04 05:24:00,20151.61,965.37,44630.07,48978.33,49015.665,37.33499999999913,0.0007616952661970235
2026-07-04 05:25:00,20151.51,958.36,44630.5,48978.55,49015.67,37.11999999999534,0.0007573088361333293
2026-07-04 05:26:00,20149.87,959.91,44629.08,48976.57,49015.695,39.125,0.0007982137150151599
2026-07-04 05:27:00,20145.72,955.88,44628.06,48973.91,49015.72,41.80999999999767,0.0008529916524738935
2026-07-04 05:28:00,20140.86,950.99,44627.9,48971.7,49015.8,44.10000000000582,0.0008997098894643323
2026-07-04 05:29:00,20136.45,954.13,44627.27,48969.36,49015.88,46.5199999999968,0.0009490801756491325
2026-07-04 05:30:00,20132.27,955.57,44625.13,48965.74,49015.88,50.13999999999942,0.0010229337920690073
2026-07-04 05:31:00,20125.93,959.97,44623.27,48961.56,49015.88,54.31999999999971,0.0011082122773272602
2026-07-04 05:32:00,20125.28,956.7,44623.38,48961.36,49015.89,54.529999999998836,0.001112496376175131
2026-07-04 05:33:00,20126.52,959.23,44622.87,48961.45,49015.9,54.450000000004366,0.0011108640257549971
2026-07-04 05:34:00,20129.42,960.0,44621.18,48961.08,49015.925,54.845000000001164,0.001118922064614738
2026-07-04 05:35:00,20123.04,966.61,44617.72,48955.43,49015.95,60.5199999999968,0.0012347001333238834
2026-07-04 05:36:00,20115.15,968.39,44615.57,48950.31,49015.965,65.65499999999884,0.0013394615407449153
2026-07-04 05:37:00,20106.48,970.85,44614.83,48946.17,49015.98,69.81000000000495,0.0014242294043698594
2026-07-04 05:38:00,20104.61,972.09,44614.46,48945.11,49016.015,70.90499999999884,0.0014465680247567829
2026-07-04 05:39:00,20103.69,975.78,44613.2,48943.67,49016.05,72.38000000000466,0.0014766591759230834
2026-07-04 05:40:00,20103.35,975.2,44612.72,48943.09,49016.235,73.14500000000407,0.0014922606764881895
2026-07-04 05:41:00,20099.82,967.8,44614.79,48943.42,49016.42,73.0,0.0014892968519528763
2026-07-04 05:42:00,20094.13,968.68,44615.06,48941.3,49016.59,75.2899999999936,0.0015360105629541672
2026-07-04 05:43:00,20087.59,967.51,44616.08,48939.6,49016.76,77.16000000000349,0.0015741554521352184
2026-07-04 05:44:00,20089.91,963.96,44617.61,48941.89,49016.770000000004,74.88000000000466,0.001527640438160341
2026-07-04 05:45:00,20090.48,959.27,44619.26,48943.51,49016.78,73.2699999999968,0.0014947942316895725
2026-07-04 05:46:00,20092.5,957.45,44620.23,48945.2,49016.865,71.66500000000087,0.0014620478074230344
2026-07-04 05:47:00,20092.74,953.34,44620.6,48945.57,49016.95,71.37999999999738,0.0014562309568424267
2026-07-04 05:48:00,20096.81,949.58,44621.66,48948.12,49017.009999999995,68.88999999999214,0.0014054304821936741
2026-07-04 05:49:00,20098.13,948.2,44621.65,48948.61,49017.07,68.45999999999913,0.001396656307690344
2026-07-04 05:50:00,20096.9,949.26,44620.54,48947.11,49017.11,70.0,0.0014280727688760109
2026-07-04 05:51:00,20100.75,940.59,44622.32,48950.18,49017.15,66.97000000000116,0.0013662565041011392
2026-07-04 05:52:00,20102.86,939.42,44622.7,48951.34,49017.21,65.87000000000262,0.0013438137339926654
2026-07-04 05:53:00,20112.19,938.85,44622.23,48954.72,49017.27,62.549999999995634,0.0012760808588482312
2026-07-04 05:54:00,20116.2,936.93,44621.6,48955.71,49017.34,61.62999999999738,0.001257310168197568
2026-07-04 05:55:00,20120.42,931.38,44622.02,48957.74,49017.41,59.67000000000553,0.001217322579875304
2026-07-04 05:56:00,20125.69,928.14,44623.55,48961.22,49017.425,56.205000000001746,0.0011466330595701782
2026-07-04 05:57:00,20131.98,931.79,44621.97,48962.39,49017.44,55.05000000000291,0.0011230696666329964
2026-07-04 05:58:00,20137.86,929.29,44620.65,48963.57,49017.475000000006,53.90500000000611,0.0010997098483756273
2026-07-04 05:59:00,20143.27,929.7,44620.39,48965.46,49017.51,52.05000000000291,0.0010618654435935833
2026-07-04 06:00:00,20141.08,937.4,44616.48,48961.17,49017.58,56.41000000000349,0.0011508116067746202
2026-07-04 06:01:00,20138.77,941.2,44614.3,48958.32,49017.65,59.330000000001746,0.0012103803425909186
2026-07-04 06:02:00,20138.57,947.8,44612.28,48956.5,49017.72,61.220000000001164,0.0012489360990270695
2026-07-04 06:03:00,20136.08,950.78,44610.55,48954.0,49017.79,63.79000000000087,0.0013013642597922278
2026-07-04 06:04:00,20138.27,950.58,44610.6,48954.93,49017.815,62.88500000000204,0.0012829009208183196
2026-07-04 06:05:00,20139.13,949.6,44610.96,48955.59,49017.84,62.25,0.0012699457993253069
2026-07-04 06:06:00,20141.37,951.42,44610.51,48956.13,49017.85,61.720000000001164,0.0012591331525148729
2026-07-04 06:07:00,20142.15,951.45,44609.89,48955.87,49017.86,61.98999999999796,0.0012646410920427362
2026-07-04 06:08:00,20141.88,951.23,44609.47,48955.37,49017.92,62.549999999995634,0.0012760639374334048
2026-07-04 06:09:00,20139.08,951.81,44609.19,48953.99,49017.98,63.99000000000524,0.0013054393510300757
2026-07-04 06:10:00,20140.64,951.39,44609.17,48954.6,49018.0,63.400000000001455,0.0012934024235995237
2026-07-04 06:11:00,20141.22,949.3,44609.58,48955.18,49018.02,62.83999999999651,0.0012819775258159452
2026-07-04 06:12:00,20141.62,951.09,44609.15,48954.97,49018.03999999999,63.06999999999243,0.0012866691528260299
2026-07-04 06:13:00,20140.82,957.83,44606.63,48952.48,49018.06,65.57999999999447,0.0013378742447170385
2026-07-04 06:14:00,20141.35,959.2,44605.2,48951.42,49018.085,66.66500000000087,0.0013600082500163128
2026-07-04 06:15:00,20140.28,959.72,44604.7,48950.57,49018.11,67.54000000000087,0.0013778581018321773
2026-07-04 06:16:00,20141.87,963.18,44603.35,48950.02,49018.205,68.18500000000495,0.0013910138080332592
2026-07-04 06:17:00,20141.31,962.13,44602.53,48949.05,49018.3,69.25,0.0014127376918416183
2026-07-04 06:18:00,20142.94,957.65,44604.24,48951.19,49018.31,67.11999999999534,0.001369284253169792
2026-07-04 06:19:00,20143.97,956.88,44604.08,48951.42,49018.32,66.90000000000146,0.0013647958559167563
2026-07-04 06:20:00,20141.26,961.68,44602.34,48948.82,49018.44,69.62000000000262,0.0014202818367945332
2026-07-04 06:21:00,20139.43,967.44,44600.12,48946.16,49018.56,72.39999999999418,0.0014769915721717282
2026-07-04 06:22:00,20136.94,965.87,44599.73,48944.78,49018.67,73.88999999999942,0.0015073848392867335
2026-07-04 06:23:00,20136.76,966.54,44599.87,48944.85,49018.78,73.93000000000029,0.0015081974704388868
2026-07-04 06:24:00,20134.12,967.0,44599.24,48943.19,49018.79,75.59999999999854,0.001542265731161429
2026-07-04 06:25:00,20133.57,965.91,44600.26,48943.91,49018.8,74.88999999999942,0.0015277811778337987
2026-07-04 06:26:00,20132.68,967.47,44599.69,48943.02,49018.865000000005,75.84500000000844,0.0015472614472001429
2026-07-04 06:27:00,20129.22,963.59,44600.71,48942.51,49018.93,76.41999999999825,0.0015589895577075683
2026-07-04 06:28:00,20133.52,964.02,44601.57,48945.05,49018.97,73.91999999999825,0.001507987621934901
2026-07-04 06:29:00,20133.67,961.79,44601.57,48945.06,49019.01,73.95000000000437,0.0015085983988661616
2026-07-04 06:30:00,20131.94,960.6,44602.72,48945.39,49019.130000000005,73.74000000000524,0.0015043106640204595
2026-07-04 06:31:00,20130.98,965.01,44602.14,48944.52,49019.25,74.7300000000032,0.001524503128872906
2026-07-04 06:32:00,20130.43,965.81,44601.64,48943.9,49019.395000000004,75.49500000000262,0.001540104687134605
2026-07-04 06:33:00,20131.7,962.56,44602.51,48945.15,49019.54,74.38999999999942,0.0015175581003003989
2026-07-04 06:34:00,20129.26,963.69,44603.06,48944.65,49019.604999999996,74.95499999999447,0.0015290820886866485
2026-07-04 06:35:00,20127.82,963.98,44603.28,48944.28,49019.67,75.38999999999942,0.001537954049874253
2026-07-04 06:36:00,20129.34,963.91,44603.94,48945.5,49019.725,74.22499999999854,0.0015141863810945195
2026-07-04 06:37:00,20130.42,967.55,44603.36,48945.47,49019.78,74.30999999999767,0.001515918676093562
2026-07-04 06:38:00,20131.48,965.69,44603.63,48946.13,49019.785,73.65500000000611,0.0015025565697606815
2026-07-04 06:39:00,20131.61,966.49,44604.29,48946.79,49019.79,73.0,0.0014891944661533638
2026-07-04 06:40:00,20131.65,964.7,44605.17,48947.58,49019.885,72.30500000000029,0.0014750136602727708
2026-07-04 06:41:00,20132.09,965.1,44605.39,48947.96,49019.98,72.02000000000407,0.0014691968458576293
2026-07-04 06:42:00,20130.37,964.62,44605.81,48947.62,49020.115000000005,72.49500000000262,0.0014788826994796445
2026-07-04 06:43:00,20128.28,967.41,44605.87,48946.9,49020.25,73.34999999999854,0.001496320398202754
2026-07-04 06:44:00,20127.85,969.43,44605.53,48946.43,49020.45,74.0199999999968,0.0015099820585081697
2026-07-04 06:45:00,20128.88,961.4,44607.95,48948.93,49020.65,71.72000000000116,0.0014630568954104273
2026-07-04 06:46:00,20130.4,964.99,44608.43,48950.01,49020.72,70.70999999999913,0.0014424512736654852
2026-07-04 06:47:00,20127.88,970.56,44606.92,48947.72,49020.79,73.06999999999971,0.0014905920528820468
2026-07-04 06:48:00,20129.64,970.75,44606.53,48948.1,49020.805,72.70500000000175,0.0014831457786138303
2026-07-04 06:49:00,20125.96,975.39,44606.08,48946.24,49020.82,74.58000000000175,0.0015213943789598326
2026-07-04 06:50:00,20123.09,982.51,44603.77,48943.13,49020.835,77.70500000000175,0.0015851423175472581
2026-07-04 06:51:00,20123.25,984.4,44603.92,48943.37,49020.85,77.47999999999593,0.001580551948813534
2026-07-04 06:52:00,20122.38,984.0,44604.33,48943.39,49020.92,77.52999999999884,0.0015815696645431958
2026-07-04 06:53:00,20124.47,982.92,44605.39,48945.2,49020.99,75.79000000000087,0.0015460724069424317
2026-07-04 06:54:00,20125.71,981.69,44606.23,48946.43,49021.055,74.625,0.0015223050585100627
2026-07-04 06:55:00,20126.69,980.82,44607.06,48947.59,49021.12,73.53000000000611,0.0014999657290573145
2026-07-04 06:56:00,20129.19,979.75,44607.95,48949.36,49021.18,71.81999999999971,0.0014650810119217798
2026-07-04 06:57:00,20125.19,980.92,44608.09,48947.88,49021.24,73.36000000000058,0.0014964941727300368
2026-07-04 06:58:00,20122.36,980.07,44608.63,48947.19,49021.24,74.04999999999563,0.0015105697040710443
2026-07-04 06:59:00,20116.54,984.44,44608.7,48945.0,49021.24,76.23999999999796,0.001555244216588523
2026-07-04 07:00:00,20116.73,986.39,44608.83,48945.23,49021.259999999995,76.02999999999156,0.0015509597264532077
2026-07-04 07:01:00,20119.47,982.83,44610.03,48947.4,49021.28,73.87999999999738,0.001507100589784628
2026-07-04 07:02:00,20120.01,980.84,44611.25,48948.68,49021.380000000005,72.70000000000437,0.0014830263856301957
2026-07-04 07:03:00,20118.98,978.25,44612.97,48949.78,49021.48,71.70000000000437,0.0014626241394589548
2026-07-04 07:04:00,20118.68,981.61,44612.83,48949.59,49021.515,71.92500000000291,0.0014672129166143255
2026-07-04 07:05:00,20118.37,981.0,44613.25,48949.82,49021.55,71.7300000000032,0.0014632340266679286
2026-07-04 07:06:00,20113.91,981.57,44613.23,48948.01,49021.575,73.56499999999505,0.0015006657782822167
2026-07-04 07:07:00,20116.7,969.99,44616.8,48952.23,49021.6,69.36999999999534,0.0014150904907223622
2026-07-04 07:08:00,20126.43,951.63,44623.5,48962.0,49021.604999999996,59.604999999995925,0.0012158924621092258
2026-07-04 07:09:00,20135.13,930.17,44631.07,48972.0,49021.61,49.61000000000058,0.0010120026657631314
2026-07-04 07:10:00,20140.33,917.18,44635.74,48978.12,49021.71,43.58999999999651,0.000889197867638573
2026-07-04 07:11:00,20141.9,911.72,44637.75,48980.42,49021.81,41.38999999999942,0.000844318069855018
2026-07-04 07:12:00,20134.3,915.05,44636.68,48976.36,49021.85,45.48999999999796,0.0009279535554043343
2026-07-04 07:13:00,20127.48,922.6,44634.75,48972.0,49021.89,49.88999999999942,0.001017708619557496
2026-07-04 07:14:00,20124.04,928.11,44632.93,48969.02,49021.915,52.895000000004075,0.0010790072154464809
2026-07-04 07:15:00,20116.86,938.44,44629.65,48963.29,49021.94,58.650000000001455,0.001196403079927099
2026-07-04 07:16:00,20108.81,948.5,44626.89,48957.7,49022.165,64.46500000000378,0.001315017400802347
2026-07-04 07:17:00,20104.51,953.23,44625.2,48954.54,49022.39,67.84999999999854,0.0013840614462085293
2026-07-04 07:18:00,20105.94,954.39,44625.64,48955.55,49022.49,66.93999999999505,0.0013654957143138804
2026-07-04 07:19:00,20105.66,956.12,44624.88,48954.78,49022.59,67.80999999999767,0.0013832398492204855
2026-07-04 07:20:00,20108.37,952.01,44626.26,48957.09,49022.61,65.52000000000407,0.00133652614579281
2026-07-04 07:21:00,20109.15,953.55,44626.58,48957.67,49022.63,64.95999999999913,0.0013251023047926873
2026-07-04 07:22:00,20102.98,968.09,44622.27,48951.48,49022.685,71.20499999999447,0.0014524908213410684
2026-07-04 07:23:00,20098.92,977.6,44619.46,48947.46,49022.74,75.27999999999884,0.0015356138804154733
2026-07-04 07:24:00,20096.97,987.07,44616.55,48944.22,49022.795,78.57499999999709,0.0016028257874728907
2026-07-04 07:25:00,20096.56,991.02,44615.42,48943.11,49022.85,79.73999999999796,0.0016265884174420289
2026-07-04 07:26:00,20100.33,991.95,44615.47,48944.71,49022.935,78.22499999999854,0.0015956816947006243
2026-07-04 07:27:00,20100.51,995.07,44614.78,48944.22,49023.02,78.79999999999563,0.0016074081115360832
2026-07-04 07:28:00,20101.58,995.32,44614.88,48944.74,49023.045,78.30500000000029,0.0015973099998174388
2026-07-04 07:29:00,20099.94,993.98,44615.26,48944.42,49023.07,78.65000000000146,0.0016043466882021355
2026-07-04 07:30:00,20102.59,987.06,44617.96,48947.84,49023.104999999996,75.26499999999942,0.0015352964688793054
2026-07-04 07:31:00,20105.12,985.07,44619.96,48950.63,49023.14,72.51000000000204,0.0014790974221561906
2026-07-04 07:32:00,20107.29,983.21,44620.87,48952.31,49023.229999999996,70.91999999999825,0.0014466611033177182
2026-07-04 07:33:00,20108.88,981.84,44621.78,48953.73,49023.32,69.58999999999651,0.0014195285019455335
2026-07-04 07:34:00,20108.32,986.7,44621.04,48952.91,49023.375,70.46499999999651,0.0014373755376898573
2026-07-04 07:35:00,20106.64,991.52,44619.43,48950.84,49023.43,72.59000000000378,0.0014807205452577223
2026-07-04 07:36:00,20109.92,986.07,44621.26,48953.79,49023.445,69.65499999999884,0.0014208507786427256
2026-07-04 07:37:00,20113.75,980.91,44623.5,48957.27,49023.46,66.19000000000233,0.0013501698982487636
2026-07-04 07:38:00,20114.73,977.63,44625.29,48959.22,49023.58,64.36000000000058,0.0013128376181421385
2026-07-04 07:39:00,20114.65,978.87,44625.39,48959.31,49023.7,64.38999999999942,0.001313446353498398
2026-07-04 07:40:00,20119.48,973.47,44627.31,48962.94,49023.774999999994,60.83499999999185,0.0012409285086673121
2026-07-04 07:41:00,20121.62,967.73,44628.8,48965.06,49023.85,58.79000000000087,0.001199212220174484
2026-07-04 07:42:00,20124.24,964.39,44630.65,48967.73,49023.899999999994,56.16999999999098,0.0011457676765820545
2026-07-04 07:43:00,20125.37,963.42,44630.65,48968.19,49023.95,55.75999999999476,0.0011374032488201127
2026-07-04 07:44:00,20125.79,964.91,44630.87,48968.54,49023.965,55.424999999995634,0.0011305695081986053
2026-07-04 07:45:00,20120.37,967.02,44629.27,48964.94,49023.98,59.04000000000087,0.0012043085853086768
2026-07-04 07:46:00,20119.22,965.72,44630.08,48965.22,49024.165,58.94499999999971,0.001202366220821909
2026-07-04 07:47:00,20117.62,965.91,44630.4,48964.85,49024.35,59.5,0.0012136825883464035
2026-07-04 07:48:00,20117.6,965.97,44630.92,48965.31,49024.395000000004,59.0850000000064,0.0012052163009866087
2026-07-04 07:49:00,20114.13,965.83,44630.63,48963.64,49024.44,60.80000000000291,0.0012401977462670234
2026-07-04 07:50:00,20111.93,965.42,44631.05,48963.14,49024.475000000006,61.3350000000064,0.0012511097773103413
2026-07-04 07:51:00,20112.9,959.89,44632.78,48965.02,49024.51,59.49000000000524,0.0012134746476814401
2026-07-04 07:52:00,20113.25,955.66,44634.88,48966.98,49024.61,57.62999999999738,0.0011755320440080478
2026-07-04 07:53:00,20114.07,949.25,44637.04,48969.18,49024.71,55.529999999998836,0.0011326941046667862
2026-07-04 07:54:00,20115.78,947.82,44638.43,48971.12,49024.795,53.674999999995634,0.0010948541447240246
2026-07-04 07:55:00,20123.16,945.67,44639.38,48974.95,49024.88,49.93000000000029,0.001018462462325258
2026-07-04 07:56:00,20128.38,945.03,44639.28,48976.95,49024.91,47.9600000000064,0.000978278185518472
2026-07-04 07:57:00,20130.89,944.07,44639.2,48977.87,49024.94,47.06999999999971,0.0009601235615994575
2026-07-04 07:58:00,20129.9,943.39,44639.06,48977.33,49024.95,47.61999999999534,0.0009713421431331464
2026-07-04 07:59:00,20128.92,941.65,44639.69,48977.49,49024.96,47.470000000001164,0.000968282279067666
2026-07-04 08:00:00,20127.22,944.05,44639.59,48976.73,49024.99,48.25999999999476,0.000984395917265761
2026-07-04 08:01:00,20124.19,947.98,44638.21,48974.29,49025.02,50.729999999995925,0.0010347777522578456
2026-07-04 08:02:00,20123.81,946.99,44638.28,48974.22,49025.075,50.854999999995925,0.0010373263069968976
2026-07-04 08:03:00,20124.78,945.39,44639.57,48975.74,49025.13,49.38999999999942,0.0010074425095863984
2026-07-04 08:04:00,20125.76,946.75,44639.35,48975.95,49025.19,49.24000000000524,0.001004381625038174
2026-07-04 08:05:00,20126.91,946.48,44639.65,48976.67,49025.25,48.580000000001746,0.0009909179453445264
2026-07-04 08:06:00,20124.74,950.18,44638.59,48974.9,49025.270000000004,50.37000000000262,0.001027429323693732
2026-07-04 08:07:00,20122.61,956.57,44636.7,48972.38,49025.29,52.91000000000349,0.0010792388989438613
2026-07-04 08:08:00,20119.43,961.3,44634.42,48969.15,49025.479999999996,56.32999999999447,0.001148994359667554
2026-07-04 08:09:00,20120.31,966.16,44633.58,48968.81,49025.67,56.86000000000058,0.001159800569783148
2026-07-04 08:10:00,20121.22,966.55,44633.57,48969.21,49025.725,56.51499999999942,0.0011527621468116875
2026-07-04 08:11:00,20120.96,967.7,44633.2,48968.8,49025.78,56.979999999995925,0.00116224565932446
2026-07-04 08:12:00,20122.55,967.17,44634.16,48970.31,49025.795,55.48500000000058,0.001131751152633029
2026-07-04 08:13:00,20119.95,971.04,44633.32,48968.53,49025.81,57.279999999998836,0.001168364173891239
2026-07-04 08:14:00,20118.44,970.96,44633.46,48968.09,49025.854999999996,57.76499999999942,0.0011782558407191354
2026-07-04 08:15:00,20113.32,971.67,44634.22,48966.65,49025.9,59.25,0.0012085448711803353
2026-07-04 08:16:00,20108.64,971.49,44634.49,48965.04,49025.925,60.88500000000204,0.0012418939571257866
2026-07-04 08:17:00,20110.04,968.54,44636.41,48967.3,49025.95,58.64999999999418,0.001196305222030255
2026-07-04 08:18:00,20109.65,967.77,44637.7,48968.29,49025.96,57.669999999998254,0.0011763155683233587
2026-07-04 08:19:00,20106.53,967.7,44638.15,48967.43,49025.97,58.54000000000087,0.0011940610252076781
2026-07-04 08:20:00,20105.55,968.58,44638.55,48967.4,49025.97,58.56999999999971,0.001194672945787706
2026-07-04 08:21:00,20105.52,968.65,44639.02,48967.86,49025.97,58.11000000000058,0.0011852901635602637
2026-07-04 08:22:00,20107.73,966.23,44640.08,48969.66,49025.975000000006,56.31500000000233,0.001148676798370707
2026-07-04 08:23:00,20105.54,966.9,44640.34,48969.02,49025.97,56.950000000004366,0.0011616292344650062
2026-07-04 08:24:00,20106.79,966.71,44641.32,48970.43,49025.97,55.54000000000087,0.0011328689672025025
2026-07-04 08:25:00,20107.99,966.11,44641.61,48971.15,49025.97,54.81999999999971,0.0011181828732812365
2026-07-04 08:26:00,20107.68,966.59,44641.81,48971.21,49025.96,54.75,0.0011167552863829693
2026-07-04 08:27:00,20106.75,968.29,44641.45,48970.54,49025.95,55.40999999999622,0.0011302177724245267
2026-07-04 08:28:00,20105.65,969.79,44641.32,48970.0,49025.96,55.95999999999913,0.0011414360881459359
2026-07-04 08:29:00,20104.59,970.93,44640.92,48969.23,49025.97,56.73999999999796,0.0011573457904045135
2026-07-04 08:30:00,20103.21,971.45,44640.84,48968.6,49025.97,57.37000000000262,0.0011701961225856952
2026-07-04 08:31:00,20103.09,971.98,44640.96,48968.68,49025.97,57.29000000000087,0.0011685643343721883
2026-07-04 08:32:00,20103.91,972.07,44640.96,48969.03,49025.975000000006,56.945000000006985,0.0011615271292413252
2026-07-04 08:33:00,20104.69,971.75,44641.39,48969.72,49025.98,56.26000000000204,0.0011475548270529633
2026-07-04 08:34:00,20104.51,971.79,44641.52,48969.75,49026.0,56.25,0.0011473503855097295
2026-07-04 08:35:00,20104.96,971.49,44641.64,48970.04,49026.02,55.979999999995925,0.0011418426378481453
2026-07-04 08:36:00,20106.85,970.41,44641.94,48971.07,49026.03999999999,54.96999999999389,0.0011212408752571878
2026-07-04 08:37:00,20108.52,969.07,44642.69,48972.4,49026.06,53.65999999999622,0.0010945199349080106
2026-07-04 08:38:00,20105.76,969.04,44642.32,48970.93,49026.095,55.16500000000087,0.0011252170910206263
2026-07-04 08:39:00,20106.96,966.38,44643.36,48972.33,49026.13,53.799999999995634,0.0010973739921955013
2026-07-04 08:40:00,20107.39,966.7,44643.88,48972.96,49026.149999999994,53.18999999999505,0.0010849312050812692
2026-07-04 08:41:00,20104.68,967.91,44643.16,48971.24,49026.17,54.93000000000029,0.0011204220113461912
2026-07-04 08:42:00,20106.65,964.39,44644.3,48973.04,49026.205,53.16500000000087,0.0010844200565799632
2026-07-04 08:43:00,20108.46,963.46,44645.03,48974.41,49026.24,51.82999999999447,0.0010571889665614673
2026-07-04 08:44:00,20109.94,960.72,44645.78,48975.64,49026.285,50.645000000004075,0.001033017288583136
2026-07-04 08:45:00,20110.02,956.73,44646.91,48976.63,49026.33,49.700000000004366,0.0010137409836715162
2026-07-04 08:46:00,20110.08,955.18,44647.98,48977.59,49026.33,48.74000000000524,0.0009941596688963917
2026-07-04 08:47:00,20109.37,954.85,44648.65,48977.91,49026.33,48.419999999998254,0.0009876325639712018
2026-07-04 08:48:00,20109.56,952.95,44648.63,48977.93,49026.345,48.41500000000087,0.0009875302758139705
2026-07-04 08:49:00,20108.36,952.48,44648.9,48977.68,49026.36,48.68000000000029,0.0009929352291298047
2026-07-04 08:50:00,20107.18,951.21,44649.26,48977.52,49026.405,48.88500000000204,0.0009971157379375876
2026-07-04 08:51:00,20107.09,949.61,44650.2,48978.32,49026.45,48.12999999999738,0.0009817149722241235
2026-07-04 08:52:00,20107.96,948.73,44651.01,48979.36,49026.52,47.15999999999622,0.0009619283604056788
2026-07-04 08:53:00,20108.14,949.55,44650.82,48979.29,49026.59,47.299999999995634,0.0009647825802283136
2026-07-04 08:54:00,20108.73,949.93,44650.48,48979.23,49026.645,47.4149999999936,0.0009671271611588679
2026-07-04 08:55:00,20109.56,948.77,44651.04,48980.05,49026.7,46.64999999999418,0.0009515223337486345
2026-07-04 08:56:00,20109.06,948.96,44651.42,48980.19,49026.795,46.604999999995925,0.0009506026245443115
2026-07-04 08:57:00,20106.49,950.99,44651.18,48978.95,49026.89,47.94000000000233,0.0009778307373770258
2026-07-04 08:58:00,20103.95,952.71,44650.45,48977.29,49026.9,49.61000000000058,0.0010118934707273063
2026-07-04 08:59:00,20103.2,953.17,44650.54,48977.09,49026.91,49.820000000006985,0.0010161766262651874
2026-07-04 09:00:00,20102.74,954.22,44650.72,48977.08,49026.925,49.845000000001164,0.0010166862392450916
2026-07-04 09:01:00,20104.12,952.79,44651.31,48978.16,49026.94,48.779999999998836,0.0009949631773877553
2026-07-04 09:02:00,20105.51,951.15,44652.0,48979.32,49026.965,47.6449999999968,0.0009718121446024
2026-07-04 09:03:00,20105.9,950.45,44652.48,48979.9,49026.99,47.08999999999651,0.0009604913538440053
2026-07-04 09:04:00,20105.77,950.89,44652.99,48980.33,49027.035,46.705000000001746,0.0009526376620573066
2026-07-04 09:05:00,20104.94,950.81,44652.86,48979.86,49027.08,47.220000000001164,0.0009631411864626889
2026-07-04 09:06:00,20104.42,951.4,44653.02,48979.81,49027.125,47.31500000000233,0.0009650780052879366
2026-07-04 09:07:00,20103.83,951.32,44653.36,48979.88,49027.17,47.29000000000087,0.000964567198147494
2026-07-04 09:08:00,20103.46,951.98,44653.35,48979.73,49027.175,47.44499999999971,0.0009677286117342006
2026-07-04 09:09:00,20103.64,951.27,44653.65,48980.08,49027.18,47.099999999998545,0.0009606916000471278
2026-07-04 09:10:00,20104.99,949.59,44654.28,48981.17,49027.195,46.025000000001455,0.0009387646998773121
2026-07-04 09:11:00,20105.15,949.7,44654.67,48981.58,49027.21,45.62999999999738,0.0009307076621328724
2026-07-04 09:12:00,20104.12,950.37,44654.42,48980.94,49027.24,46.299999999995634,0.0009443729649067669
2026-07-04 09:13:00,20103.73,949.98,44654.79,48981.12,49027.27,46.14999999999418,0.000941312865268537
2026-07-04 09:14:00,20103.6,948.53,44655.71,48981.89,49027.35,45.45999999999913,0.0009272375521010034
2026-07-04 09:15:00,20103.08,948.46,44656.16,48982.08,49027.43,45.349999999998545,0.0009249923971131782
2026-07-04 09:16:00,20102.52,948.68,44656.3,48981.98,49027.46,45.479999999995925,0.0009276434063685111
2026-07-04 09:17:00,20103.93,948.7,44656.35,48982.63,49027.49,44.86000000000058,0.0009149968721629556
2026-07-04 09:18:00,20105.84,949.07,44656.56,48983.6,49027.53999999999,43.93999999999505,0.0008962309754883696
2026-07-04 09:19:00,20107.08,948.09,44656.68,48984.19,49027.59,43.39999999999418,0.000885215854990918
2026-07-04 09:20:00,20107.58,947.7,44656.79,48984.48,49027.61,43.12999999999738,0.0008797083928830588
2026-07-04 09:21:00,20107.37,947.71,44657.11,48984.68,49027.63,42.94999999999709,0.0008760366348525738
2026-07-04 09:22:00,20106.56,947.04,44657.21,48984.43,49027.715,43.28499999999622,0.0008828679859951911
2026-07-04 09:23:00,20105.35,947.8,44657.3,48984.04,49027.8,43.76000000000204,0.0008925548362358098
2026-07-04 09:24:00,20105.05,949.0,44656.93,48983.59,49027.87,44.28000000000611,0.0009031597742264983
2026-07-04 09:25:00,20104.18,949.48,44656.79,48983.1,49027.94,44.84000000000378,0.0009145805432576563
2026-07-04 09:26:00,20104.8,947.44,44657.32,48983.84,49027.95,44.11000000000058,0.0008996908906042489
2026-07-04 09:27:00,20105.96,946.93,44658.13,48985.02,49027.96,42.94000000000233,0.0008758267731311343
2026-07-04 09:28:00,20105.68,945.3,44658.42,48985.14,49027.965,42.82499999999709,0.0008734810837039043
2026-07-04 09:29:00,20104.51,944.69,44658.85,48985.05,49027.97,42.919999999998254,0.0008754186640808962
2026-07-04 09:30:00,20104.94,942.89,44659.42,48985.7,49028.025,42.325000000004366,0.0008632817658880684
2026-07-04 09:31:00,20104.45,940.84,44660.3,48986.26,49028.08,41.81999999999971,0.0008529805776607958
2026-07-04 09:32:00,20104.87,940.26,44660.75,48986.85,49028.09,41.23999999999796,0.0008411504506905728
2026-07-04 09:33:00,20103.49,940.11,44660.68,48986.2,49028.1,41.900000000001455,0.0008546119470263268
2026-07-04 09:34:00,20102.41,939.72,44660.73,48985.8,49028.149999999994,42.34999999999127,0.0008637894760457263
2026-07-04 09:35:00,20100.91,938.94,44661.16,48985.58,49028.2,42.61999999999534,0.0008692956298619028
2026-07-04 09:36:00,20102.4,937.39,44661.95,48986.87,49028.21,41.33999999999651,0.0008431880339909719
2026-07-04 09:37:00,20100.59,937.85,44661.8,48986.01,49028.22,42.20999999999913,0.0008609327444479756
2026-07-04 09:38:00,20101.83,937.51,44662.33,48986.98,49028.265,41.28499999999622,0.000842065286217985
2026-07-04 09:39:00,20100.84,939.35,44661.62,48985.96,49028.31,42.349999999998545,0.0008637866571374487
2026-07-04 09:40:00,20099.56,940.18,44660.98,48984.87,49028.32,43.44999999999709,0.000886222493448625
2026-07-04 09:41:00,20098.21,940.39,44660.96,48984.32,49028.33,44.01000000000204,0.0008976442803579488
2026-07-04 09:42:00,20097.52,940.68,44660.97,48984.06,49028.365000000005,44.30500000000757,0.0009036605646549209
2026-07-04 09:43:00,20097.36,938.98,44661.36,48984.33,49028.4,44.06999999999971,0.000898866779254467
2026-07-04 09:44:00,20098.24,937.46,44662.38,48985.58,49028.41,42.830000000001746,0.0008735751373540717
2026-07-04 09:45:00,20098.38,938.01,44662.6,48985.84,49028.42,42.580000000001746,0.0008684758758287897
2026-07-04 09:46:00,20098.42,938.23,44662.36,48985.64,49028.465,42.82499999999709,0.0008734721758063829
2026-07-04 09:47:00,20099.37,937.33,44662.78,48986.39,49028.51,42.12000000000262,0.0008590919854591261
2026-07-04 09:48:00,20100.53,937.95,44663.15,48987.22,49028.565,41.345000000001164,0.000843283910104266
2026-07-04 09:49:00,20101.85,937.31,44662.95,48987.56,49028.62,41.06000000000495,0.0008374700328095089
2026-07-04 09:50:00,20103.59,936.15,44663.47,48988.72,49028.630000000005,39.91000000000349,0.0008140141790623864
2026-07-04 09:51:00,20103.37,934.69,44663.92,48989.05,49028.64,39.58999999999651,0.0008074872156355246
2026-07-04 09:52:00,20111.36,932.71,44665.1,48993.29,49028.695,35.404999999998836,0.0007221281333308757
2026-07-04 09:53:00,20107.77,940.75,44661.57,48988.76,49028.75,39.98999999999796,0.0008156438824158879
2026-07-04 09:54:00,20109.2,939.19,44661.18,48988.98,49028.78,39.799999999995634,0.0008117681084456034
2026-07-04 09:55:00,20109.5,935.08,44662.32,48990.08,49028.81,38.729999999995925,0.0007899437086071623
2026-07-04 09:56:00,20114.3,932.39,44663.84,48993.35,49028.83,35.4800000000032,0.000723655857176343
2026-07-04 09:57:00,20109.44,934.67,44662.57,48990.22,49028.85,38.62999999999738,0.0007879034486837317
2026-07-04 09:58:00,20108.67,933.07,44663.05,48990.36,49028.895000000004,38.53500000000349,0.0007859650926255525
2026-07-04 09:59:00,20110.71,932.13,44663.43,48991.49,49028.94,37.450000000004366,0.0007638345842272821
2026-07-04 10:00:00,20107.08,932.89,44663.0,48989.6,49028.955,39.3550000000032,0.0008026889416672902
2026-07-04 10:01:00,20104.61,929.41,44663.74,48989.23,49028.97,39.73999999999796,0.0008105411963579484
2026-07-04 10:02:00,20099.59,928.72,44664.25,48987.62,49029.020000000004,41.400000000001455,0.0008443978688540267
2026-07-04 10:03:00,20094.9,927.69,44664.67,48986.11,49029.07,42.95999999999913,0.0008762148659968286
2026-07-04 10:04:00,20097.04,921.99,44667.26,48989.28,49029.09,39.80999999999767,0.0008119669363636501
2026-07-04 10:05:00,20097.63,925.32,44667.23,48989.48,49029.11,39.62999999999738,0.0008082953168025563
2026-07-04 10:06:00,20095.11,926.86,44666.01,48987.4,49029.15,41.75,0.0008515342403447745
2026-07-04 10:07:00,20096.2,926.92,44666.18,48988.01,49029.19,41.18000000000029,0.0008399078181793395
2026-07-04 10:08:00,20092.49,928.03,44665.46,48985.83,49029.245,43.41500000000087,0.0008854919140606972
2026-07-04 10:09:00,20090.55,924.56,44666.34,48985.81,49029.3,43.49000000000524,0.0008870206182834598
2026-07-04 10:10:00,20091.44,923.56,44667.33,48987.07,49029.32,42.25,0.0008617292673037276
2026-07-04 10:11:00,20091.13,926.35,44666.72,48986.41,49029.34,42.929999999993015,0.0008755981622431185
2026-07-04 10:12:00,20090.17,928.3,44665.63,48985.07,49029.35,44.279999999998836,0.0009031325114446518
2026-07-04 10:13:00,20091.0,929.78,44665.3,48985.14,49029.36,44.220000000001164,0.0009019085707013342
2026-07-04 10:14:00,20091.12,930.83,44664.85,48984.79,49029.35,44.55999999999767,0.0009088433764673134
2026-07-04 10:15:00,20089.75,930.05,44664.84,48984.21,49029.34,45.12999999999738,0.0009204692537161908
2026-07-04 10:16:00,20087.81,929.08,44665.23,48983.76,49029.32,45.55999999999767,0.0009292398915587178
2026-07-04 10:17:00,20087.23,928.75,44665.65,48983.93,49029.3,45.37000000000262,0.0009253650368249724
2026-07-04 10:18:00,20087.93,928.83,44665.96,48984.48,49029.245,44.76499999999942,0.0009130265008159806
2026-07-04 10:19:00,20089.19,927.87,44666.43,48985.41,49029.19,43.779999999998836,0.0008929374521585781
2026-07-04 10:20:00,20089.52,927.02,44666.6,48985.67,49029.15,43.4800000000032,0.0008868193717411621
2026-07-04 10:21:00,20089.29,927.37,44666.56,48985.55,49029.19,43.63999999999942,0.000890082010328937
2026-07-04 10:22:00,20090.78,926.57,44666.89,48986.46,49029.245,42.78500000000349,0.0008726424402416045
2026-07-04 10:23:00,20091.53,926.38,44667.08,48986.93,49029.3,42.37000000000262,0.0008641771348969415
2026-07-04 10:24:00,20091.27,927.8,44666.87,48986.65,49029.32,42.669999999998254,0.0008702955700792557
2026-07-04 10:25:00,20092.0,928.64,44666.5,48986.63,49029.34,42.70999999999913,0.0008711110530959448
2026-07-04 10:26:00,20093.64,929.69,44666.19,48987.04,49029.35,42.30999999999767,0.0008629524968207343
2026-07-04 10:27:00,20095.34,929.93,44665.95,48987.53,49029.36,41.830000000001746,0.000853162268485694
2026-07-04 10:28:00,20095.98,930.58,44665.88,48987.72,49029.395000000004,41.67500000000291,0.0008500002906420303
2026-07-04 10:29:00,20095.52,929.88,44666.12,48987.75,49029.43,41.68000000000029,0.0008501016634295012
2026-07-04 10:30:00,20098.45,927.95,44667.14,48989.86,49029.43,39.56999999999971,0.0008070662865140327
2026-07-04 10:31:00,20103.38,928.63,44667.26,48991.96,49029.43,37.470000000001164,0.0007642348687309064
2026-07-04 10:32:00,20108.12,929.32,44666.86,48993.52,49029.485,35.96500000000378,0.0007335381964547207
2026-07-04 10:33:00,20109.7,930.72,44665.97,48993.36,49029.54,36.18000000000029,0.0007379224850977654
2026-07-04 10:34:00,20109.83,929.98,44665.73,48993.2,49029.57,36.37000000000262,0.0007417972460293374
2026-07-04 10:35:00,20110.0,930.22,44665.86,48993.38,49029.6,36.220000000001164,0.0007387374157651942
2026-07-04 10:36:00,20108.53,928.22,44666.66,48993.48,49029.615,36.13499999999476,0.0007370035436744662
2026-07-04 10:37:00,20107.89,924.78,44668.0,48994.4,49029.63,35.229999999995925,0.0007185450920187635
2026-07-04 10:38:00,20108.56,922.59,44669.53,48996.0,49029.634999999995,33.63499999999476,0.0006860136731589938
2026-07-04 10:39:00,20106.8,923.33,44669.65,48995.42,49029.64,34.220000000001164,0.0006979451613350855
2026-07-04 10:40:00,20106.02,923.03,44670.05,48995.44,49029.64,34.19999999999709,0.0006975372448175652
2026-07-04 10:41:00,20103.49,925.48,44669.56,48994.03,49029.64,35.61000000000058,0.0007262953592969597
2026-07-04 10:42:00,20105.51,923.14,44670.57,48995.75,49029.66,33.91000000000349,0.000691622173190748
2026-07-04 10:43:00,20103.97,924.16,44670.45,48995.0,49029.68,34.68000000000029,0.0007073266641756644
2026-07-04 10:44:00,20105.54,921.82,44671.33,48996.42,49029.705,33.28500000000349,0.000678874164141993
2026-07-04 10:45:00,20108.25,921.18,44671.49,48997.66,49029.73,32.06999999999971,0.0006540929350416514
2026-07-04 10:46:00,20111.93,921.01,44672.11,48999.66,49029.76,30.099999999998545,0.0006139128561918016
2026-07-04 10:47:00,20108.39,921.17,44671.04,48997.28,49029.79,32.51000000000204,0.0006630662705265928
2026-07-04 10:48:00,20106.48,919.04,44671.91,48997.27,49029.81,32.54000000000087,0.0006636778727064387
2026-07-04 10:49:00,20106.44,919.62,44672.71,48997.96,49029.83,31.87000000000262,0.0006500124516034956
2026-07-04 10:50:00,20104.78,919.39,44672.25,48996.9,49029.86,32.95999999999913,0.000672243404325428
2026-07-04 10:51:00,20104.21,920.08,44672.37,48996.79,49029.89,33.099999999998545,0.0006750983940612257
2026-07-04 10:52:00,20102.77,920.74,44672.58,48996.4,49029.915,33.51499999999942,0.0006835622700957041
2026-07-04 10:53:00,20101.92,920.14,44672.97,48996.37,49029.94,33.56999999999971,0.0006846836851115809
2026-07-04 10:54:00,20100.33,919.31,44673.18,48995.93,49029.990000000005,34.06000000000495,0.0006946768702176963
2026-07-04 10:55:00,20099.4,919.7,44673.5,48995.82,49030.04,34.220000000001164,0.0006979394673143478
2026-07-04 10:56:00,20100.2,919.69,44673.89,48996.52,49029.990000000005,33.47000000000844,0.0006826434188546323
2026-07-04 10:57:00,20102.45,919.91,44674.23,48997.75,49029.94,32.19000000000233,0.0006565376176271545
2026-07-04 10:58:00,20101.82,921.44,44673.51,48996.85,49029.915,33.06500000000233,0.0006743841999318646
2026-07-04 10:59:00,20103.6,918.92,44674.04,48998.05,49029.89,31.839999999996508,0.0006493997844987314
2026-07-04 11:00:00,20107.35,920.27,44674.02,48999.57,49029.86,30.290000000000873,0.0006177867935988574
2026-07-04 11:01:00,20105.12,920.66,44673.35,48998.01,49029.83,31.81999999999971,0.0006489926642617302
2026-07-04 11:02:00,20099.02,919.3,44673.51,48995.7,49029.81,34.11000000000058,0.0006956992082979841
2026-07-04 11:03:00,20098.47,918.05,44674.75,48996.58,49029.79,33.20999999999913,0.0006773433049580495
2026-07-04 11:04:00,20098.26,917.98,44675.11,48996.82,49029.76,32.94000000000233,0.0006718368598990149
2026-07-04 11:05:00,20098.21,917.68,44675.39,48997.05,49029.73,32.68000000000029,0.0006665343659857047
2026-07-04 11:06:00,20098.13,918.06,44675.57,48997.18,49029.705,32.525000000001455,0.0006633733570292021
2026-07-04 11:07:00,20097.81,918.68,44675.52,48997.03,49029.68,32.650000000001455,0.0006659231714341488
2026-07-04 11:08:00,20100.09,918.65,44675.54,48997.97,49029.66,31.69000000000233,0.00064634345822513
2026-07-04 11:09:00,20100.46,918.97,44675.05,48997.67,49029.64,31.970000000001164,0.0006520545531233997
2026-07-04 11:10:00,20100.18,917.78,44675.49,48997.95,49029.64,31.69000000000233,0.0006463437218793026
2026-07-04 11:11:00,20100.08,917.33,44675.92,48998.29,49029.64,31.349999999998545,0.0006394091410827929
2026-07-04 11:12:00,20101.27,917.73,44675.95,48998.82,49029.634999999995,30.814999999995052,0.000628497438334898
2026-07-04 11:13:00,20102.6,916.38,44676.77,49000.07,49029.63,29.55999999999767,0.0006029007357387292
2026-07-04 11:14:00,20098.53,919.04,44675.65,48997.43,49029.615,32.18499999999767,0.000656439990401672
2026-07-04 11:15:00,20098.21,918.63,44676.19,48997.8,49029.6,31.799999999995634,0.0006485877918644173
2026-07-04 11:16:00,20100.08,917.05,44676.97,48999.27,49029.57,30.30000000000291,0.0006179944062328695
2026-07-04 11:17:00,20104.83,916.01,44677.89,49002.02,49029.54,27.520000000004075,0.0005612942727997055
2026-07-04 11:18:00,20107.05,914.86,44677.95,49002.93,49029.485,26.55500000000029,0.0005416128682567294
2026-07-04 11:19:00,20107.86,914.17,44678.1,49003.39,49029.43,26.040000000000873,0.0005311095805111516
2026-07-04 11:20:00,20108.85,915.88,44677.84,49003.58,49029.43,25.849999999998545,0.00052723435699739
2026-07-04 11:21:00,20110.45,914.42,44677.98,49004.34,49029.43,25.090000000003783,0.0005117334629426404
2026-07-04 11:22:00,20110.07,913.95,44678.15,49004.31,49029.395000000004,25.085000000006403,0.0005116318486085011
2026-07-04 11:23:00,20109.64,913.85,44678.22,49004.21,49029.36,25.150000000001455,0.0005129579500936063
2026-07-04 11:24:00,20109.58,913.94,44678.35,49004.3,49029.35,25.049999999995634,0.0005109184600651576
2026-07-04 11:25:00,20108.28,914.96,44678.33,49003.78,49029.34,25.55999999999767,0.0005213204991133405
2026-07-04 11:26:00,20107.79,915.51,44678.24,49003.52,49029.32,25.80000000000291,0.0005262157419275427
2026-07-04 11:27:00,20109.61,915.14,44678.65,49004.62,49029.3,24.68000000000029,0.0005033724731946059
2026-07-04 11:28:00,20111.4,914.87,44678.89,49005.54,49029.245,23.705000000001746,0.00048348694743314413
2026-07-04 11:29:00,20111.65,912.44,44679.48,49006.15,49029.19,23.040000000000873,0.00046992414110861046
2026-07-04 11:30:00,20114.67,910.21,44680.57,49008.34,49029.15,20.810000000004948,0.00042444137824141243
2026-07-04 11:31:00,20115.45,909.54,44680.89,49008.92,49029.11,20.19000000000233,0.00041179617578214917
2026-07-04 11:32:00,20113.72,909.3,44680.68,49008.02,49029.09,21.06999999999971,0.00042974487187095886
2026-07-04 11:33:00,20112.24,909.66,44680.81,49007.55,49029.07,21.5199999999968,0.00043892327551790805
2026-07-04 11:34:00,20112.17,909.08,44681.1,49007.77,49029.020000000004,21.250000000007276,0.00043341678051095605
2026-07-04 11:35:00,20113.01,908.03,44681.69,49008.63,49028.97,20.340000000003783,0.00041485676733579724
2026-07-04 11:36:00,20112.38,908.28,44681.78,49008.45,49028.955,20.505000000004657,0.0004182222525445353
2026-07-04 11:37:00,20110.42,909.8,44681.37,49007.31,49028.94,21.630000000004657,0.0004411680121986047
2026-07-04 11:38:00,20108.73,910.44,44681.0,49006.31,49028.895000000004,22.585000000006403,0.0004606467267925659
2026-07-04 11:39:00,20109.85,910.49,44681.32,49007.07,49028.85,21.779999999998836,0.000444228245206625
2026-07-04 11:40:00,20112.22,909.16,44682.02,49008.64,49028.83,20.19000000000233,0.0004117985275194682
2026-07-04 11:41:00,20113.3,907.91,44682.25,49009.26,49028.81,19.549999999995634,0.00039874514596612964
2026-07-04 11:42:00,20114.27,907.29,44682.23,49009.62,49028.78,19.159999999996217,0.0003907908783370954
2026-07-04 11:43:00,20114.55,907.48,44682.17,49009.67,49028.75,19.080000000001746,0.0003891594217678759
2026-07-04 11:44:00,20114.35,907.91,44682.0,49009.45,49028.695,19.24500000000262,0.00039252523445714024
2026-07-04 11:45:00,20114.36,908.35,44681.64,49009.13,49028.64,19.510000000002037,0.00039793067888487297
2026-07-04 11:46:00,20115.9,907.22,44681.71,49009.81,49028.64,18.830000000001746,0.0003840612344132276
2026-07-04 11:47:00,20117.87,906.57,44681.92,49010.8,49028.64,17.839999999996508,0.0003638689549617633
2026-07-04 11:48:00,20118.78,906.22,44681.91,49011.14,49028.64,17.5,0.00035693423272601483
2026-07-04 11:49:00,20118.23,906.4,44681.54,49010.58,49028.64,18.05999999999767,0.00036835612817319983
2026-07-04 11:50:00,20118.19,905.73,44681.5,49010.53,49028.695,18.165000000000873,0.00037049731794821123
2026-07-04 11:51:00,20119.21,905.74,44681.74,49011.15,49028.75,17.599999999998545,0.00035897305152586073
2026-07-04 11:52:00,20120.01,905.92,44681.58,49011.33,49028.78,17.44999999999709,0.00035591340433102945
2026-07-04 11:53:00,20120.7,905.91,44681.49,49011.53,49028.81,17.279999999998836,0.0003524458374575854
2026-07-04 11:54:00,20121.03,904.82,44681.78,49011.91,49028.83,16.919999999998254,0.00034510307506824565
2026-07-04 11:55:00,20120.88,904.03,44682.11,49012.14,49028.85,16.709999999999127,0.00034081974184585457
2026-07-04 11:56:00,20120.68,903.89,44682.45,49012.36,49028.869999999995,16.50999999999476,0.000336740373579786
2026-07-04 11:57:00,20120.82,903.74,44682.73,49012.67,49028.85,16.18000000000029,0.000330009779956093
2026-07-04 11:58:00,20120.52,902.95,44682.66,49012.47,49028.83,16.360000000000582,0.0003336812238840001
2026-07-04 11:59:00,20122.38,902.32,44683.48,49013.95,49028.81,14.860000000000582,0.0003030871032766364
2026-07-04 12:00:00,20120.97,902.26,44683.23,49013.15,49028.78,15.62999999999738,0.0003187923501257298
2026-07-04 12:01:00,20121.83,901.99,44683.57,49013.82,49028.75,14.930000000000291,0.00030451520791373
2026-07-04 12:02:00,20122.75,901.99,44683.7,49014.29,49028.735,14.444999999999709,0.0002946231429385178
2026-07-04 12:03:00,20124.1,901.17,44683.99,49015.11,49028.72,13.610000000000582,0.0002775923989041644
2026-07-04 12:04:00,20123.25,901.75,44683.94,49014.71,49028.68,13.970000000001164,0.0002849352664603894
2026-07-04 12:05:00,20121.49,902.29,44683.78,49013.87,49028.64,14.769999999996799,0.00030125249242069125
2026-07-04 12:06:00,20123.06,901.37,44684.34,49015.01,49028.64,13.62999999999738,0.000278000776688837
2026-07-04 12:07:00,20125.88,899.93,44685.03,49016.76,49028.64,11.87999999999738,0.0002423073534162355
2026-07-04 12:08:00,20126.44,899.22,44685.37,49017.27,49028.630000000005,11.360000000007858,0.0002317013549023878
2026-07-04 12:09:00,20126.4,899.0,44685.52,49017.41,49028.62,11.209999999999127,0.0002286419646320685
2026-07-04 12:10:00,20126.56,898.25,44685.97,49017.86,49028.565,10.705000000001746,0.00021834210322088248
2026-07-04 12:11:00,20126.78,898.24,44686.15,49018.11,49028.51,10.400000000001455,0.00021212147789115873
2026-07-04 12:12:00,20127.79,897.96,44686.46,49018.8,49028.465,9.664999999993597,0.00019713038129979385
2026-07-04 12:13:00,20128.55,897.13,44686.95,49019.54,49028.42,8.87999999999738,0.00018111944052036312
2026-07-04 12:14:00,20130.63,895.03,44687.91,49021.24,49028.41,7.17000000000553,0.00014624174024826684
2026-07-04 12:15:00,20132.93,894.21,44688.58,49022.74,49028.4,5.6600000000034925,0.00011544329409084311
2026-07-04 12:16:00,20130.96,894.92,44688.21,49021.61,49028.4,6.790000000000873,0.00013849116022551975
2026-07-04 12:17:00,20130.34,895.04,44688.33,49021.48,49028.4,6.919999999998254,0.0001411426846480459
2026-07-04 12:18:00,20129.66,894.95,44688.71,49021.55,49028.365000000005,6.815000000002328,0.00013900116799738942
2026-07-04 12:19:00,20127.99,895.59,44688.62,49020.79,49028.33,7.540000000000873,0.00015378863608042273
2026-07-04 12:20:00,20125.51,896.47,44688.6,49019.79,49028.32,8.529999999998836,0.00017398107869082268
2026-07-04 12:21:00,20126.49,895.88,44689.34,49020.85,49028.31,7.459999999999127,0.00015215698848275878
2026-07-04 12:22:00,20126.91,895.76,44689.63,49021.28,49028.295,7.014999999999418,0.00014308064353450224
2026-07-04 12:23:00,20128.99,895.23,44690.14,49022.59,49028.28,5.690000000002328,0.0001160554683950228
2026-07-04 12:24:00,20130.18,895.31,44690.53,49023.43,49028.25,4.819999999999709,9.831066782925576e-05
2026-07-04 12:25:00,20130.39,894.88,44690.49,49023.46,49028.22,4.760000000002037,9.708694298920167e-05
2026-07-04 12:26:00,20132.85,894.04,44691.02,49024.94,49028.21,3.2699999999967986,6.669629586715074e-05
2026-07-04 12:27:00,20133.98,893.68,44691.32,49025.67,49028.2,2.529999999998836,5.160295503401789e-05
2026-07-04 12:28:00,20134.26,893.25,44691.47,49025.9,49028.149999999994,2.249999999992724,4.589200285943329e-05
2026-07-04 12:29:00,20133.27,893.04,44691.81,49025.81,49028.1,2.290000000000873,4.6707908321980116e-05
2026-07-04 12:30:00,20133.35,892.62,44692.25,49026.24,49028.09,1.8499999999985448,3.7733470751125424e-05
2026-07-04 12:31:00,20134.25,891.92,44692.79,49027.08,49028.08,1.0,2.0396474836461064e-05
2026-07-04 12:32:00,20134.73,892.13,44693.01,49027.49,49028.025,0.5350000000034925,1.0912126278867901e-05
2026-07-04 12:33:00,20135.68,891.87,44693.1,49027.96,49027.97,0.010000000002037268,2.0396520602499488e-07
2026-07-04 12:34:00,20137.62,891.52,44693.39,49028.97,49027.965,1.0050000000046566,2.0498505291921798e-05
2026-07-04 12:35:00,20137.79,891.87,44693.16,49028.85,49027.96,0.8899999999994179,1.815290703507586e-05
2026-07-04 12:36:00,20139.11,891.34,44693.43,49029.63,49027.95,1.680000000000291,3.426616858343641e-05
2026-07-04 12:37:00,20139.91,890.98,44693.66,49030.14,49027.94,2.1999999999970896,4.4872372773506074e-05
2026-07-04 12:38:00,20139.4,891.32,44693.38,49029.68,49027.87,1.8099999999976717,3.6917777582376545e-05
2026-07-04 12:39:00,20138.54,892.09,44693.32,49029.3,49027.8,1.5,3.0594886982487484e-05
2026-07-04 12:40:00,20139.52,890.49,44693.88,49030.18,49027.715,2.4650000000037835,5.027768477490301e-05
2026-07-04 12:41:00,20139.75,890.11,44694.12,49030.49,49027.63,2.860000000000582,5.833445345003587e-05
2026-07-04 12:42:00,20139.0,889.9,44694.28,49030.32,49027.61,2.709999999999127,5.527497669168713e-05
2026-07-04 12:43:00,20139.54,889.65,44694.72,49030.95,49027.59,3.360000000000582,6.853284038641471e-05
2026-07-04 12:44:00,20138.55,890.12,44694.46,49030.3,49027.53999999999,2.7600000000093132,5.62948905861749e-05
2026-07-04 12:45:00,20137.44,890.83,44694.29,49029.73,49027.49,2.2400000000052387,4.568865344738714e-05
2026-07-04 12:46:00,20137.25,890.7,44694.45,49029.79,49027.46,2.3300000000017462,4.752438735357178e-05
2026-07-04 12:47:00,20138.44,890.39,44694.8,49030.6,49027.43,3.1699999999982538,6.465768244426138e-05
2026-07-04 12:48:00,20140.45,889.25,44695.13,49031.7,49027.35,4.349999999998545,8.872598661764392e-05
2026-07-04 12:49:00,20141.59,888.17,44695.38,49032.37,49027.27,5.100000000005821,0.0001040237402573266
2026-07-04 12:50:00,20143.12,886.8,44695.65,49033.21,49027.24,5.970000000001164,0.00012176904104740883
2026-07-04 12:51:00,20143.64,886.54,44695.73,49033.5,49027.21,6.290000000000873,0.00012829610332712942
2026-07-04 12:52:00,20143.08,886.3,44695.89,49033.4,49027.195,6.205000000001746,0.00012656241092319774
2026-07-04 12:53:00,20141.55,886.84,44695.36,49032.29,49027.18,5.110000000000582,0.00010422789970788819
2026-07-04 12:54:00,20141.16,887.29,44695.44,49032.26,49027.175,5.084999999999127,0.00010371798905401192
2026-07-04 12:55:00,20142.99,886.27,44695.83,49033.32,49027.17,6.150000000001455,0.0001254406485220635
2026-07-04 12:56:00,20145.33,885.37,44696.19,49034.58,49027.125,7.455000000001746,0.0001520586818011814
2026-07-04 12:57:00,20147.81,883.61,44696.43,49035.78,49027.08,8.69999999999709,0.00017745295049179127
2026-07-04 12:58:00,20148.46,883.92,44696.31,49035.93,49027.075,8.855000000003201,0.00018061448699526134
2026-07-04 12:59:00,20147.99,883.4,44696.28,49035.69,49027.07,8.62000000000262,0.0001758212350850789
2026-07-04 13:00:00,20149.3,882.2,44696.5,49036.43,49027.03,9.400000000001455,0.00019173096963045601
2026-07-04 13:01:00,20154.01,880.88,44696.89,49038.67,49026.99,11.680000000000291,0.00023823612259288795
2026-07-04 13:02:00,20161.85,878.88,44697.08,49042.0,49026.99,15.010000000002037,0.00030615789384585995
2026-07-04 13:03:00,20166.21,875.8,44697.05,49043.68,49026.99,16.69000000000233,0.00034042473339689685
2026-07-04 13:04:00,20164.69,875.8,44696.7,49042.71,49026.965,15.74500000000262,0.000321149799911184
2026-07-04 13:05:00,20157.47,878.16,44695.59,49038.8,49026.94,11.860000000000582,0.00024190781639646654
2026-07-04 13:06:00,20154.54,881.26,44694.38,49036.55,49026.925,9.625,0.000196320695209826
2026-07-04 13:07:00,20154.12,875.13,44695.34,49037.26,49026.91,10.349999999998545,0.00021110855242556677
2026-07-04 13:08:00,20163.62,874.89,44696.89,49042.44,49026.9,15.540000000000873,0.0003169688477142318
2026-07-04 13:09:00,20155.1,877.48,44694.51,49036.83,49026.89,9.940000000002328,0.00020274588088296704
2026-07-04 13:10:00,20141.8,882.57,44693.13,49030.2,49026.795,3.404999999998836,6.945181711345471e-05
2026-07-04 13:11:00,20118.83,888.25,44690.96,49019.01,49026.7,7.689999999995052,0.00015685330646351994
2026-07-04 13:12:00,20112.34,887.33,44692.64,49018.02,49026.68,8.660000000003492,0.00017663851600808973
2026-07-04 13:13:00,20125.85,886.61,44694.44,49025.13,49026.66,1.5300000000061118,3.1207510362853834e-05
2026-07-04 13:14:00,20135.92,884.0,44694.38,49029.11,49026.625,2.485000000000582,5.0686744192580704e-05
2026-07-04 13:15:00,20143.96,882.56,44694.78,49032.69,49026.59,6.100000000005821,0.00012442227778855966
2026-07-04 13:16:00,20141.04,885.37,44692.93,49029.83,49026.52,3.3100000000049477,6.751447991831661e-05
2026-07-04 13:17:00,20134.56,886.17,44691.96,49026.33,49026.45,0.11999999999534339,2.4476583557517092e-06
2026-07-04 13:18:00,20128.77,887.8,44691.6,49023.7,49026.45,2.75,5.6092170654820005e-05
2026-07-04 13:19:00,20126.8,888.53,44691.52,49022.85,49026.45,3.599999999998545,7.342975067537104e-05
2026-07-04 13:20:00,20124.19,890.4,44690.77,49021.12,49026.435,5.314999999995052,0.00010841090118004812
2026-07-04 13:21:00,20121.93,890.98,44690.51,49019.98,49026.42,6.439999999995052,0.00013135774547672567
2026-07-04 13:22:00,20122.76,890.28,44690.85,49020.65,49026.39,5.739999999997963,0.00011707980130696881
2026-07-04 13:23:00,20129.92,888.67,44691.3,49023.95,49026.36,2.4100000000034925,4.915722888673547e-05
2026-07-04 13:24:00,20136.08,887.61,44691.19,49026.33,49026.345,0.014999999999417923,3.0595794973942937e-07
2026-07-04 13:25:00,20141.88,886.58,44690.77,49028.31,49026.33,1.9799999999959255,4.038646172364779e-05
2026-07-04 13:26:00,20157.61,879.81,44691.76,49035.51,49026.33,9.180000000000291,0.00018724632253730374
2026-07-04 13:27:00,20182.13,875.12,44692.4,49046.07,49026.33,19.739999999997963,0.00040264078506382103
2026-07-04 13:28:00,20198.87,877.96,44688.77,49049.41,49026.32,23.090000000003783,0.0004709715108130446
2026-07-04 13:29:00,20188.75,881.03,44683.92,49040.92,49026.31,14.610000000000582,0.0002980032558028655
2026-07-04 13:30:00,20177.96,875.01,44684.58,49037.11,49026.274999999994,10.835000000006403,0.00022100394125408067
2026-07-04 13:31:00,20176.42,866.37,44687.99,49039.46,49026.24,13.220000000001164,0.00026965151722834884
2026-07-04 13:32:00,20179.07,861.28,44690.08,49042.37,49026.205,16.165000000000873,0.00032972162540422764
2026-07-04 13:33:00,20187.77,857.56,44691.6,49047.24,49026.17,21.06999999999971,0.00042977046748705254
2026-07-04 13:34:00,20181.88,856.63,44690.41,49043.65,49026.17,17.4800000000032,0.0003565442701317113
2026-07-04 13:35:00,20170.11,857.03,44690.36,49038.84,49026.17,12.669999999998254,0.00025843340403703275
2026-07-04 13:36:00,20148.57,865.67,44688.19,49028.2,49026.165,2.0349999999962165,4.150844758092371e-05
2026-07-04 13:37:00,20130.27,871.71,44686.81,49019.67,49026.16,6.490000000005239,0.00013237830578624225
2026-07-04 13:38:00,20138.16,864.4,44690.66,49026.45,49026.145000000004,0.3049999999930151,6.221170357021036e-06
2026-07-04 13:39:00,20167.45,860.54,44693.22,49040.52,49026.13,14.389999999999418,0.00029351694698315814
2026-07-04 13:40:00,20175.78,861.45,44691.51,49042.29,49026.1,16.19000000000233,0.0003302322640389982
2026-07-04 13:41:00,20166.47,864.87,44688.2,49035.48,49026.07,9.410000000003492,0.00019193869710550923
2026-07-04 13:42:00,20154.07,866.47,44687.0,49029.43,49026.065,3.3649999999979627,6.863695872793305e-05
2026-07-04 13:43:00,20151.19,864.98,44688.03,49029.19,49026.06,3.1300000000046566,6.384359665052947e-05
2026-07-04 13:44:00,20150.58,863.82,44688.79,49029.6,49026.03999999999,3.5600000000049477,7.261447181956666e-05
2026-07-04 13:45:00,20149.49,864.0,44688.36,49028.75,49026.02,2.7300000000032014,5.5684715993735605e-05
2026-07-04 13:46:00,20139.51,867.0,44686.65,49023.14,49026.005,2.8649999999979627,5.843837367531707e-05
2026-07-04 13:47:00,20129.85,870.21,44685.52,49018.3,49025.99,7.689999999995052,0.00015685557803106175
2026-07-04 13:48:00,20124.7,874.13,44684.88,49015.67,49025.985,10.315000000002328,0.00021039862840088432
2026-07-04 13:49:00,20109.64,879.69,44682.66,49007.57,49025.98,18.410000000003492,0.0003755151860300088
2026-07-04 13:50:00,20099.93,880.47,44682.61,49003.7,49025.975000000006,22.27500000000873,0.00045435098435082076
2026-07-04 13:51:00,20101.03,881.58,44683.65,49005.1,49025.97,20.87000000000262,0.00042569275018939187
2026-07-04 13:52:00,20087.89,885.88,44682.89,48999.08,49025.97,26.889999999999418,0.0005484848132530457
2026-07-04 13:53:00,20071.5,890.33,44682.4,48992.11,49025.97,33.86000000000058,0.0006906543613517608
2026-07-04 13:54:00,20078.77,888.41,44684.57,48997.12,49025.97,28.849999999998545,0.0005884636244830759
2026-07-04 13:55:00,20095.99,884.28,44686.41,49005.73,49025.97,20.239999999997963,0.00041284241800821
2026-07-04 13:56:00,20121.65,877.86,44688.06,49017.51,49025.96,8.44999999999709,0.0001723576652042528
2026-07-04 13:57:00,20139.74,873.29,44688.16,49024.88,49025.95,1.069999999999709,2.1825176258689713e-05
2026-07-04 13:58:00,20154.51,869.8,44687.59,49030.21,49025.93,4.279999999998836,8.730074064885329e-05
2026-07-04 13:59:00,20153.34,869.47,44685.63,49027.97,49025.91,2.0599999999976717,4.201859792092939e-05
2026-07-04 14:00:00,20167.11,864.47,44685.78,49033.73,49025.905,7.825000000004366,0.00015960949624498243
2026-07-04 14:01:00,20198.1,857.18,44687.12,49047.4,49025.9,21.5,0.0004385437085295731
2026-07-04 14:02:00,20206.23,856.34,44684.28,49048.02,49025.9,22.119999999995343,0.0004511900852405635
2026-07-04 14:03:00,20195.67,854.98,44682.0,49041.59,49025.9,15.689999999995052,0.0003200349203175271
2026-07-04 14:04:00,20185.94,852.15,44682.65,49038.19,49025.875,12.315000000002328,0.0002511938848618679
2026-07-04 14:05:00,20184.7,847.34,44684.8,49039.6,49025.85,13.75,0.0002804642856778618
2026-07-04 14:06:00,20180.3,846.91,44685.04,49037.98,49025.845,12.135000000002037,0.0002475225057314573
2026-07-04 14:07:00,20171.97,846.65,44685.4,49034.88,49025.84,9.040000000000873,0.00018439255706788243
2026-07-04 14:08:00,20155.02,849.01,44684.85,49027.59,49025.83,1.7599999999947613,3.589944321176737e-05
2026-07-04 14:09:00,20154.84,850.65,44685.9,49028.51,49025.84,2.6700000000055297,5.44610760367498e-05
2026-07-04 14:10:00,20156.49,852.52,44686.28,49029.54,49025.845,3.694999999999709,7.536841027420759e-05
2026-07-04 14:11:00,20166.66,853.02,44686.23,49033.71,49025.85,7.860000000000582,0.00016032358439477506
2026-07-04 14:12:00,20183.99,850.28,44686.65,49041.08,49025.875,15.205000000001746,0.00031014234830080537
2026-07-04 14:13:00,20185.11,850.21,44685.12,49040.06,49025.9,14.159999999996217,0.0002888269261756789
2026-07-04 14:14:00,20176.24,849.98,44683.83,49035.28,49025.9,9.37999999999738,0.0001913274412095929
2026-07-04 14:15:00,20172.59,847.47,44684.91,49034.82,49025.9,8.919999999998254,0.00018194464558525704
2026-07-04 14:16:00,20161.41,848.4,44685.05,49030.3,49025.905,4.3950000000040745,8.96464838334769e-05
2026-07-04 14:17:00,20149.08,852.12,44684.99,49025.29,49025.91,0.6200000000026193,1.2646374131609577e-05
2026-07-04 14:18:00,20144.07,852.49,44685.66,49023.98,49025.93,1.9499999999970896,3.977487015538695e-05
2026-07-04 14:19:00,20160.55,848.28,44688.39,49033.09,49025.95,7.139999999999418,0.00014563715746455537
2026-07-04 14:20:00,20162.09,850.55,44687.1,49032.49,49025.96,6.529999999998836,0.00013319474009277607
2026-07-04 14:21:00,20157.71,853.1,44686.29,49030.04,49025.95,4.0900000000037835,8.34252064468671e-05
2026-07-04 14:22:00,20153.71,852.9,44686.04,49028.22,49025.93,2.290000000000873,4.6709975721029115e-05
2026-07-04 14:23:00,20162.29,848.83,44687.8,49033.28,49025.91,7.369999999995343,0.00015032867314437087
2026-07-04 14:24:00,20180.48,842.89,44690.28,49042.82,49025.905,16.915000000000873,0.000345021677825241
2026-07-04 14:25:00,20186.36,839.28,44690.31,49045.15,49025.9,19.25,0.0003926495994974085
2026-07-04 14:26:00,20187.89,838.51,44689.74,49045.24,49025.9,19.339999999996508,0.00039448536385862387
2026-07-04 14:27:00,20184.53,839.07,44689.25,49043.41,49025.9,17.510000000002037,0.0003571581551792427
2026-07-04 14:28:00,20183.29,839.19,44689.58,49043.21,49025.875,17.334999999999127,0.0003535887936727111
2026-07-04 14:29:00,20181.28,838.41,44689.9,49042.71,49025.85,16.860000000000582,0.0003439002077475573
2026-07-04 14:30:00,20184.5,835.82,44690.78,49044.82,49025.845,18.974999999998545,0.00038704075370854995
2026-07-04 14:31:00,20191.68,833.14,44691.98,49048.8,49025.84,22.960000000006403,0.0004683244591016983
2026-07-04 14:32:00,20191.73,835.3,44691.57,49048.31,49025.83,22.479999999995925,0.0004585337973879468
2026-07-04 14:33:00,20178.81,837.74,44690.59,49042.3,49025.82,16.4800000000032,0.000336149400458844
2026-07-04 14:34:00,20176.53,835.58,44691.61,49042.3,49025.815,16.485000000000582,0.00033625142182747153
2026-07-04 14:35:00,20193.03,830.64,44695.08,49052.12,49025.81,26.310000000004948,0.0005366561001236889
2026-07-04 14:36:00,20198.9,828.9,44695.43,49054.72,49025.8,28.919999999998254,0.0005898934846549827
2026-07-04 14:37:00,20200.35,826.27,44695.72,49055.54,49025.79,29.75,0.0006068234698512762
2026-07-04 14:38:00,20187.4,830.74,44693.56,49048.3,49025.785,22.514999999999418,0.0004592481283063477
2026-07-04 14:39:00,20178.72,835.27,44692.99,49044.38,49025.78,18.599999999998545,0.0003793922299655109
2026-07-04 14:40:00,20168.59,841.33,44692.11,49039.5,49025.744999999995,13.755000000004657,0.00028056687358865546
2026-07-04 14:41:00,20157.25,843.06,44692.47,49035.3,49025.71,9.590000000003783,0.00019561164947950338
2026-07-04 14:42:00,20162.77,840.58,44694.78,49039.66,49025.705,13.955000000001746,0.0002846465950872455
2026-07-04 14:43:00,20177.14,834.42,44697.71,49048.12,49025.7,22.42000000000553,0.00045731116536848086
2026-07-04 14:44:00,20190.37,831.4,44698.72,49054.28,49025.705,28.57499999999709,0.0005828575030180002
2026-07-04 14:45:00,20200.07,826.71,44699.62,49059.01,49025.71,33.30000000000291,0.0006792354460547927
2026-07-04 14:46:00,20206.82,822.77,44699.87,49061.95,49025.705,36.24499999999534,0.0007393060436355855
2026-07-04 14:47:00,20203.53,823.93,44699.16,49059.84,49025.7,34.13999999999942,0.0006963694552040954
2026-07-04 14:48:00,20202.49,822.54,44699.58,49059.81,49025.69,34.11999999999534,0.0006959616478624848
2026-07-04 14:49:00,20192.51,822.76,44698.41,49054.73,49025.68,29.05000000000291,0.0005925466000676158
2026-07-04 14:50:00,20203.1,817.78,44701.2,49061.6,49025.675,35.924999999995634,0.0007327793039054666
2026-07-04 14:51:00,20225.82,808.09,44704.51,49073.75,49025.67,48.080000000001746,0.000980710717467028
2026-07-04 14:52:00,20242.06,806.9,44704.05,49079.84,49025.64,54.19999999999709,0.0011055439561828686
2026-07-04 14:53:00,20242.91,805.36,44702.33,49078.6,49025.61,52.98999999999796,0.0010808636547306185
2026-07-04 14:54:00,20241.08,803.64,44701.95,49077.46,49025.61,51.849999999998545,0.0010576105019396709
2026-07-04 14:55:00,20242.01,800.32,44703.18,49078.93,49025.61,53.31999999999971,0.0010875948305385636
2026-07-04 14:56:00,20233.88,800.8,44702.71,49075.16,49025.59,49.570000000006985,0.0010111046088380983
2026-07-04 14:57:00,20233.27,800.04,44703.84,49075.98,49025.57,50.41000000000349,0.0010282389373545988
2026-07-04 14:58:00,20227.54,805.93,44702.57,49072.48,49025.59,46.890000000006694,0.0009564392799761654
2026-07-04 14:59:00,20217.19,809.12,44701.29,49067.21,49025.61,41.599999999998545,0.000848536101845516
2026-07-04 15:00:00,20219.62,808.62,44702.85,49069.61,49025.59,44.020000000004075,0.0008978984240680036
2026-07-04 15:01:00,20217.51,810.38,44702.4,49068.32,49025.57,42.75,0.0008719939411209294
2026-07-04 15:02:00,20214.38,810.98,44702.46,49067.18,49025.520000000004,41.65999999999622,0.0008497615119634879
2026-07-04 15:03:00,20214.51,812.34,44703.01,49067.71,49025.47,42.23999999999796,0.000861592963820601
2026-07-04 15:04:00,20211.25,814.86,44702.52,49065.98,49025.520000000004,40.45999999999913,0.000825284464091337
2026-07-04 15:05:00,20207.42,815.27,44702.47,49064.43,49025.57,38.86000000000058,0.0007926475918587092
2026-07-04 15:06:00,20214.95,814.83,44703.8,49068.68,49025.59,43.09000000000378,0.0008789287390524782
2026-07-04 15:07:00,20214.72,815.98,44703.6,49068.4,49025.61,42.79000000000087,0.0008728091297589336
2026-07-04 15:08:00,20207.82,817.44,44702.83,49064.91,49025.61,39.30000000000291,0.0008016218462147214
2026-07-04 15:09:00,20209.48,816.69,44703.98,49066.63,49025.61,41.0199999999968,0.0008367055504255184
2026-07-04 15:10:00,20199.19,820.44,44702.28,49060.89,49025.64,35.25,0.0007190115213182327
2026-07-04 15:11:00,20200.6,820.83,44703.3,49062.54,49025.67,36.87000000000262,0.0007520549948629488
2026-07-04 15:12:00,20214.63,819.38,44704.71,49069.46,49025.675,43.78499999999622,0.0008931034605846062
2026-07-04 15:13:00,20212.41,820.24,44703.43,49067.34,49025.68,41.65999999999622,0.0008497587386854443
2026-07-04 15:14:00,20211.97,817.58,44704.61,49068.21,49025.69,42.5199999999968,0.0008673003888368893
2026-07-04 15:15:00,20214.91,813.45,44706.14,49070.81,49025.7,45.11000000000058,0.0009201296462875713
2026-07-04 15:16:00,20223.11,811.94,44707.48,49075.27,49025.705,49.56499999999505,0.0010110002497668326
2026-07-04 15:17:00,20225.28,813.57,44706.54,49075.38,49025.71,49.669999999998254,0.0010131418800461687
2026-07-04 15:18:00,20224.74,813.97,44706.14,49074.76,49025.75,49.01000000000204,0.0009996787402538876
2026-07-04 15:19:00,20216.95,817.07,44705.36,49070.9,49025.79,45.11000000000058,0.0009201279571425688
2026-07-04 15:20:00,20209.33,813.8,44706.31,49068.71,49025.8,42.90999999999622,0.0008752534379856365
2026-07-04 15:21:00,20222.89,811.86,44709.09,49076.71,49025.81,50.900000000001455,0.0010382286391596887
2026-07-04 15:22:00,20223.41,813.1,44708.17,49076.05,49025.815,50.23500000000058,0.001024664250864582
2026-07-04 15:23:00,20221.92,812.28,44708.05,49075.33,49025.82,49.51000000000204,0.0010098760204317243
2026-07-04 15:24:00,20215.55,812.64,44707.76,49072.47,49025.83,46.63999999999942,0.0009513352451146552
2026-07-04 15:25:00,20208.57,814.8,44707.02,49068.96,49025.84,43.12000000000262,0.0008795361792883634
2026-07-04 15:26:00,20206.75,815.16,44707.46,49068.66,49025.845,42.81500000000233,0.0008733148811611983
2026-07-04 15:27:00,20205.68,817.77,44707.08,49067.92,49025.85,42.06999999999971,0.0008581187271612773
2026-07-04 15:28:00,20205.1,818.84,44706.87,49067.5,49025.875,41.625,0.0008490414500506111
2026-07-04 15:29:00,20204.47,818.61,44706.92,49067.3,49025.9,41.400000000001455,0.0008444516061918588
2026-07-04 15:30:00,20208.22,816.21,44708.12,49069.88,49025.9,43.979999999995925,0.0008970768512152949
2026-07-04 15:31:00,20202.08,817.27,44707.28,49066.6,49025.9,40.69999999999709,0.0008301734389373186
2026-07-04 15:32:00,20192.57,821.02,44705.97,49061.55,49025.905,35.645000000004075,0.0007270645998274601
2026-07-04 15:33:00,20177.34,827.87,44703.87,49053.58,49025.91,27.669999999998254,0.0005643954390647364
2026-07-04 15:34:00,20173.57,831.78,44703.91,49052.18,49025.94,26.239999999997963,0.0005352268615348928
2026-07-04 15:35:00,20175.49,834.67,44704.47,49053.53,49025.97,27.55999999999767,0.0005621510395408325
2026-07-04 15:36:00,20174.72,836.04,44704.37,49053.12,49025.979999999996,27.140000000006694,0.0005535840385038034
2026-07-04 15:37:00,20180.1,832.68,44705.94,49056.73,49025.99,30.74000000000524,0.0006270143652378104
2026-07-04 15:38:00,20185.03,832.03,44706.37,49059.1,49026.03,33.06999999999971,0.0006745396272143535
2026-07-04 15:39:00,20186.22,833.16,44705.51,49058.77,49026.07,32.69999999999709,0.0006669920717691035
2026-07-04 15:40:00,20184.45,835.07,44704.96,49057.58,49026.115000000005,31.464999999996508,0.0006418008035104658
2026-07-04 15:41:00,20179.7,834.8,44704.31,49055.08,49026.16,28.919999999998254,0.0005898891530562102
2026-07-04 15:42:00,20184.99,832.16,44705.65,49058.42,49026.165,32.25499999999738,0.0006579139934766951
2026-07-04 15:43:00,20184.49,831.84,44705.72,49058.28,49026.17,32.11000000000058,0.0006549563223070573
2026-07-04 15:44:00,20180.42,834.18,44705.1,49056.06,49026.205,29.854999999995925,0.0006089600449391488
2026-07-04 15:45:00,20179.06,835.31,44704.94,49055.41,49026.24,29.17000000000553,0.0005949875005712356
2026-07-04 15:46:00,20184.23,833.72,44706.28,49058.73,49026.274999999994,32.45500000000902,0.0006619919624733682
2026-07-04 15:47:00,20187.01,833.17,44706.9,49060.4,49026.31,34.09000000000378,0.0006953409302067357
2026-07-04 15:48:00,20190.04,833.08,44707.06,49061.78,49026.32,35.45999999999913,0.0007232849620367004
2026-07-04 15:49:00,20192.37,833.26,44706.99,49062.65,49026.33,36.31999999999971,0.000740826408992876
2026-07-04 15:50:00,20191.47,834.22,44706.61,49061.95,49026.33,35.61999999999534,0.0007265483669692457
2026-07-04 15:51:00,20190.27,834.39,44706.83,49061.67,49026.33,35.33999999999651,0.000720837150159853
2026-07-04 15:52:00,20190.66,835.34,44707.04,49062.03,49026.375,35.654999999998836,0.0007272616015358842
2026-07-04 15:53:00,20190.41,835.03,44707.28,49062.15,49026.42,35.7300000000032,0.0007287907214110923
2026-07-04 15:54:00,20192.82,834.75,44707.59,49063.41,49026.435,36.97500000000582,0.0007541849616437708
2026-07-04 15:55:00,20191.36,835.17,44707.62,49062.86,49026.45,36.41000000000349,0.0007426603394698881
2026-07-04 15:56:00,20190.95,836.6,44707.78,49062.83,49026.45,36.38000000000466,0.0007420484248809501
2026-07-04 15:57:00,20190.48,837.79,44707.6,49062.5,49026.45,36.05000000000291,0.0007353173644023361
2026-07-04 15:58:00,20190.91,838.09,44707.69,49062.78,49026.555,36.224999999998545,0.0007388852836997938
2026-07-04 15:59:00,20199.72,834.95,44708.77,49067.32,49026.66,40.65999999999622,0.0008293446871558498
2026-07-04 16:00:00,20205.64,832.39,44709.52,49070.34,49026.825,43.51499999999942,0.0008875753222852881
2026-07-04 16:01:00,20203.85,832.97,44709.15,49069.25,49026.99,42.26000000000204,0.0008619741901349041
2026-07-04 16:02:00,20203.91,833.8,44708.5,49068.7,49027.03,41.669999999998254,0.0008499393089893118
2026-07-04 16:03:00,20198.15,835.58,44707.84,49065.77,49027.07,38.69999999999709,0.0007893598373306235
2026-07-04 16:04:00,20198.46,835.37,44708.27,49066.41,49027.075,39.3350000000064,0.0008023117838460974
2026-07-04 16:05:00,20213.94,831.09,44710.4,49074.55,49027.08,47.470000000001164,0.0009682404091779719
2026-07-04 16:06:00,20226.28,826.87,44711.5,49080.51,49027.145000000004,53.36499999999796,0.0010884786377015827
2026-07-04 16:07:00,20234.63,824.41,44712.18,49084.48,49027.21,57.270000000004075,0.0011681268422168848
2026-07-04 16:08:00,20226.65,827.52,44710.09,49079.29,49027.35,51.94000000000233,0.001059408676993603
2026-07-04 16:09:00,20230.77,826.3,44710.84,49081.65,49027.49,54.16000000000349,0.001104686370850384
2026-07-04 16:10:00,20221.05,831.05,44709.41,49076.47,49027.53999999999,48.93000000000757,0.0009980105059321266
2026-07-04 16:11:00,20207.01,835.86,44707.85,49069.38,49027.59,41.79000000000087,0.0008523772023059032
2026-07-04 16:12:00,20204.64,837.8,44708.48,49069.06,49027.774999999994,41.28500000000349,0.0008420737021005644
2026-07-04 16:13:00,20201.79,840.41,44707.92,49067.37,49027.96,39.41000000000349,0.0008038270407335629
2026-07-04 16:14:00,20191.75,845.45,44706.57,49062.11,49027.965,34.145000000004075,0.0006964392668552341
2026-07-04 16:15:00,20193.11,845.12,44707.09,49063.3,49027.97,35.330000000001746,0.0007206090727395351
2026-07-04 16:16:00,20198.19,844.06,44707.81,49065.95,49028.085,37.86499999999796,0.0007723124409203003
2026-07-04 16:17:00,20209.05,839.19,44709.34,49071.71,49028.2,43.51000000000204,0.0008874484480360698
2026-07-04 16:18:00,20213.23,837.58,44709.67,49073.67,49028.21,45.45999999999913,0.0009272212874995667
2026-07-04 16:19:00,20218.48,834.84,44710.14,49076.16,49028.22,47.94000000000233,0.0009778042115337316
2026-07-04 16:20:00,20217.13,835.44,44709.52,49075.05,49028.25,46.80000000000291,0.0009545517125331398
2026-07-04 16:21:00,20215.35,836.24,44709.38,49074.23,49028.28,45.950000000004366,0.0009372141955623237
2026-07-04 16:22:00,20210.1,838.2,44708.68,49071.49,49028.295,43.19499999999971,0.0008810218670667562
2026-07-04 16:23:00,20220.19,834.81,44709.86,49076.71,49028.31,48.400000000001455,0.0009871847510142906
2026-07-04 16:24:00,20240.39,828.04,44712.33,49087.01,49028.32,58.69000000000233,0.001197063248343046
2026-07-04 16:25:00,20243.51,825.15,44712.08,49088.03,49028.33,59.69999999999709,0.0012176633387267542
2026-07-04 16:26:00,20245.02,823.94,44711.95,49088.44,49028.365000000005,60.07499999999709,0.001225311103072621
2026-07-04 16:27:00,20241.45,824.46,44711.35,49086.43,49028.4,58.029999999998836,0.0011835997095560702
2026-07-04 16:28:00,20240.82,823.23,44711.57,49086.37,49028.41,57.95999999999913,0.001182171724516441
2026-07-04 16:29:00,20239.78,821.78,44711.9,49086.23,49028.42,57.81000000000495,0.0011791120333880828
2026-07-04 16:30:00,20239.5,819.92,44712.08,49086.26,49028.465,57.79500000000553,0.0011788050064387196
2026-07-04 16:31:00,20240.46,818.41,44712.58,49087.07,49028.51,58.55999999999767,0.0011944070908946175
2026-07-04 16:32:00,20237.58,818.23,44712.46,49085.75,49028.575,57.17500000000291,0.001166156674959509
2026-07-04 16:33:00,20232.0,819.22,44712.0,49083.08,49028.64,54.44000000000233,0.0011103714074060045
2026-07-04 16:34:00,20229.29,819.38,44712.02,49081.97,49028.68,53.29000000000087,0.0010869148424962874
2026-07-04 16:35:00,20221.13,820.64,44711.45,49078.19,49028.72,49.470000000001164,0.0010090004389264327
2026-07-04 16:36:00,20220.65,819.45,44712.07,49078.49,49028.735,49.75499999999738,0.001014813047899306
2026-07-04 16:37:00,20217.49,818.26,44712.63,49077.65,49028.75,48.900000000001455,0.0009973739897509411
2026-07-04 16:38:00,20191.99,824.37,44710.2,49065.13,49028.8,36.32999999999447,0.0007409930489833418
2026-07-04 16:39:00,20170.3,830.78,44708.42,49054.75,49028.85,25.900000000001455,0.0005282604017838773
2026-07-04 16:40:00,20152.75,838.53,44706.74,49046.26,49028.869999999995,17.390000000006694,0.0003546889822263229
2026-07-04 16:41:00,20145.18,843.57,44706.11,49042.76,49028.89,13.87000000000262,0.00028289443224194184
2026-07-04 16:42:00,20145.47,845.73,44705.97,49042.78,49028.915,13.864999999997963,0.00028279230735573003
2026-07-04 16:43:00,20146.61,846.98,44706.02,49043.31,49028.94,14.369999999995343,0.00029309220227880396
2026-07-04 16:44:00,20149.26,847.9,44705.99,49044.4,49028.945,15.455000000001746,0.0003152219571520812
2026-07-04 16:45:00,20156.72,845.21,44706.62,49047.98,49028.95,19.030000000006112,0.0003881380286546237
2026-07-04 16:46:00,20165.89,845.26,44707.17,49052.22,49028.96,23.260000000002037,0.0004744134894968614
2026-07-04 16:47:00,20166.3,849.01,44705.51,49050.86,49028.97,21.889999999999418,0.0004464707294483122
2026-07-04 16:48:00,20164.01,850.34,44705.05,49049.59,49029.04,20.549999999995634,0.0004191393508825715
2026-07-04 16:49:00,20157.38,856.38,44703.71,49045.66,49029.11,16.55000000000291,0.00033755456707255975
2026-07-04 16:50:00,20151.58,856.94,44703.51,49043.23,49029.15,14.080000000001746,0.00028717609830074037
2026-07-04 16:51:00,20153.85,855.95,44704.48,49045.02,49029.19,15.82999999999447,0.00032286888688135517
2026-07-04 16:52:00,20154.41,856.92,44704.49,49045.29,49029.21000000001,16.07999999999447,0.00032796775636389954
2026-07-04 16:53:00,20160.04,854.94,44705.28,49048.27,49029.23,19.039999999993597,0.0003883397720093421
2026-07-04 16:54:00,20161.58,855.35,44704.91,49048.57,49029.265,19.30500000000029,0.00039374442998483237
2026-07-04 16:55:00,20165.28,855.51,44705.04,49050.19,49029.3,20.889999999999418,0.0004260717570921758
2026-07-04 16:56:00,20166.21,855.99,44704.93,49050.48,49029.365000000005,21.114999999997963,0.00043066027879410556
2026-07-04 16:57:00,20166.95,856.39,44705.01,49050.87,49029.43,21.44000000000233,0.0004372883796528397
2026-07-04 16:58:00,20166.97,856.71,44704.67,49050.56,49029.43,21.12999999999738,0.00043096564655141576
2026-07-04 16:59:00,20169.8,855.82,44705.0,49052.02,49029.43,22.589999999996508,0.0004607436798673064
2026-07-04 17:00:00,20174.63,854.56,44705.57,49054.45,49029.485,24.964999999996508,0.0005091834025994054
2026-07-04 17:01:00,20173.02,855.67,44704.99,49053.27,49029.54,23.729999999995925,0.00048399393508476575
2026-07-04 17:02:00,20172.69,855.89,44704.9,49053.08,49029.54,23.540000000000873,0.0004801187202653925
2026-07-04 17:03:00,20172.77,855.86,44704.81,49053.03,49029.54,23.489999999997963,0.00047909892689178735
2026-07-04 17:04:00,20174.79,853.93,44705.41,49054.36,49029.57,24.790000000000873,0.0005056132452314159
2026-07-04 17:05:00,20174.2,853.66,44705.41,49054.12,49029.6,24.520000000004075,0.0005001060583811427
2026-07-04 17:06:00,20173.07,852.6,44705.45,49053.67,49029.615,24.05500000000029,0.0004906218415135483
2026-07-04 17:07:00,20174.17,851.25,44706.07,49054.68,49029.63,25.05000000000291,0.000510915542295606
2026-07-04 17:08:00,20175.22,850.87,44706.43,49055.4,49029.634999999995,25.765000000006694,0.0005254985071784992
2026-07-04 17:09:00,20171.65,852.39,44705.74,49053.35,49029.64,23.709999999999127,0.0004835850314217915
2026-07-04 17:10:00,20170.85,853.48,44705.87,49053.16,49029.66,23.5,0.00047930171247363327
2026-07-04 17:11:00,20169.99,854.34,44705.76,49052.73,49029.68,23.05000000000291,0.0004701234028042384
2026-07-04 17:12:00,20170.4,854.18,44706.3,49053.39,49029.705,23.68499999999767,0.0004830744953492515
2026-07-04 17:13:00,20170.64,854.47,44706.54,49053.69,49029.73,23.959999999999127,0.0004886830908511861
2026-07-04 17:14:00,20169.11,855.87,44706.63,49053.19,49029.76,23.43000000000029,0.00047787303058387985
2026-07-04 17:15:00,20169.0,855.94,44706.99,49053.47,49029.79,23.68000000000029,0.0004829716790547194
2026-07-04 17:16:00,20167.06,857.06,44706.95,49052.65,49029.81,22.840000000003783,0.0004658390477141108
2026-07-04 17:17:00,20165.84,858.23,44706.99,49052.23,49029.83,22.400000000001455,0.00045686472908434424
2026-07-04 17:18:00,20168.07,858.04,44707.71,49053.79,49029.86,23.93000000000029,0.00048806992310400826
2026-07-04 17:19:00,20167.07,861.06,44706.96,49052.71,49029.89,22.81999999999971,0.0004654303731866359
2026-07-04 17:20:00,20163.35,862.19,44706.41,49050.75,49029.915,20.834999999999127,0.0004249446485885021
2026-07-04 17:21:00,20163.04,863.57,44707.27,49051.41,49029.94,21.470000000001164,0.0004378957020955188
2026-07-04 17:22:00,20161.42,867.39,44706.46,49050.1,49029.97,20.12999999999738,0.0004105652114410305
2026-07-04 17:23:00,20162.67,867.71,44707.07,49051.17,49030.0,21.169999999998254,0.00043177646338972577
2026-07-04 17:24:00,20166.2,868.68,44707.24,49052.81,49030.020000000004,22.789999999993597,0.00046481726909337575
2026-07-04 17:25:00,20175.54,866.22,44709.06,49058.21,49030.04,28.169999999998254,0.0005745457274764258
2026-07-04 17:26:00,20171.34,870.25,44708.1,49055.61,49030.065,25.544999999998254,0.0005210068556914671
2026-07-04 17:27:00,20162.87,873.28,44707.61,49051.81,49030.09,21.720000000001164,0.000442993272090693
2026-07-04 17:28:00,20157.48,874.45,44708.06,49050.06,49030.115,19.94499999999971,0.0004067908060178874
2026-07-04 17:29:00,20156.69,875.79,44708.7,49050.35,49030.14,20.209999999999127,0.0004121954373370977
2026-07-04 17:30:00,20156.2,877.89,44708.64,49050.11,49030.14,19.970000000001164,0.00040730048904614926
2026-07-04 17:31:00,20149.89,881.23,44708.39,49047.38,49030.14,17.239999999997963,0.00035162045223607283
2026-07-04 17:32:00,20149.24,884.57,44708.84,49047.59,49030.16,17.429999999993015,0.00035549547462200847
2026-07-04 17:33:00,20142.55,893.07,44707.25,49043.54,49030.18,13.360000000000582,0.00027248523256493415
2026-07-04 17:34:00,20134.48,899.05,44706.04,49039.26,49030.19,9.069999999999709,0.00018498806551636265
2026-07-04 17:35:00,20133.73,899.88,44706.93,49039.87,49030.2,9.67000000000553,0.00019722538353923765
2026-07-04 17:36:00,20134.12,904.32,44707.16,49040.22,49030.205,10.014999999999418,0.00020426184226640328
2026-07-04 17:37:00,20125.24,909.11,44706.02,49035.7,49030.21,5.489999999997963,0.00011197178229499655
2026-07-04 17:38:00,20124.06,910.91,44706.8,49035.97,49030.21,5.760000000002037,0.0001174785912604094
2026-07-04 17:39:00,20127.52,912.83,44707.32,49037.91,49030.21,7.700000000004366,0.0001570460334557891
2026-07-04 17:40:00,20136.39,912.09,44708.57,49042.63,49030.255000000005,12.374999999992724,0.0002523951792621255
2026-07-04 17:41:00,20139.08,913.44,44708.65,49043.81,49030.3,13.509999999994761,0.00027554389836478176
2026-07-04 17:42:00,20142.41,913.06,44709.15,49045.61,49030.3,15.309999999997672,0.00031225589074506316
2026-07-04 17:43:00,20142.93,913.89,44709.26,49045.91,49030.3,15.610000000000582,0.0003183745561418262
2026-07-04 17:44:00,20141.46,914.25,44709.34,49045.4,49030.31,15.090000000003783,0.0003077688066831269
2026-07-04 17:45:00,20142.13,913.26,44710.37,49046.61,49030.32,16.290000000000873,0.00033224339551528266
2026-07-04 17:46:00,20142.91,913.35,44710.89,49047.38,49030.405,16.974999999998545,0.00034621374226867074
2026-07-04 17:47:00,20141.64,915.1,44710.92,49046.93,49030.49,16.44000000000233,0.0003353015643939583
2026-07-04 17:48:00,20141.6,916.28,44711.18,49047.17,49030.53,16.639999999999418,0.0003393803819783188
2026-07-04 17:49:00,20139.0,918.41,44711.36,49046.3,49030.57,15.730000000003201,0.00032082025560794424
2026-07-04 17:50:00,20134.64,919.37,44711.07,49044.29,49030.585,13.705000000001746,0.00027951940610134975
2026-07-04 17:51:00,20136.18,920.11,44711.85,49045.66,49030.6,15.060000000004948,0.0003071551235351994
2026-07-04 17:52:00,20140.65,920.52,44712.51,49048.09,49030.64,17.44999999999709,0.000355899902591463
2026-07-04 17:53:00,20144.5,919.92,44712.74,49049.85,49030.68,19.169999999998254,0.00039097968863573287
2026-07-04 17:54:00,20150.26,919.06,44713.35,49052.74,49030.715,22.025000000001455,0.00044920821570726546
2026-07-04 17:55:00,20154.57,919.4,44713.53,49054.63,49030.75,23.87999999999738,0.00048704129551347633
2026-07-04 17:56:00,20154.33,922.76,44712.63,49053.75,49030.755000000005,22.994999999995343,0.00046899135042883475
2026-07-04 17:57:00,20152.34,925.11,44712.01,49052.43,49030.76,21.669999999998254,0.0004419674506370746
2026-07-04 17:58:00,20151.89,926.81,44711.59,49051.89,49030.79,21.099999999998545,0.00043034183214258926
2026-07-04 17:59:00,20153.33,927.95,44711.68,49052.58,49030.82,21.760000000002037,0.0004438024899441216
2026-07-04 18:00:00,20155.26,928.71,44711.75,49053.45,49030.86,22.589999999996508,0.0004607302421372276
2026-07-04 18:01:00,20157.65,929.55,44711.94,49054.61,49030.9,23.709999999999127,0.0004835726042148752
2026-07-04 18:02:00,20159.64,929.58,44712.06,49055.54,49030.915,24.625,0.0005022341516571739
2026-07-04 18:03:00,20161.62,928.91,44712.31,49056.57,49030.93,25.639999999999418,0.0005229352166071379
2026-07-04 18:04:00,20164.3,927.89,44712.82,49058.1,49030.93,27.169999999998254,0.0005541400091737655
2026-07-04 18:05:00,20168.64,926.47,44713.63,49060.6,49030.93,29.669999999998254,0.0006051282323218885
2026-07-04 18:06:00,20172.35,924.69,44714.26,49062.64,49030.94,31.69999999999709,0.0006465305376563673
2026-07-04 18:07:00,20173.26,923.96,44714.24,49062.97,49030.95,32.020000000004075,0.0006530568956955572
2026-07-04 18:08:00,20173.36,923.58,44714.21,49062.97,49030.96,32.01000000000204,0.0006528528097349519
2026-07-04 18:09:00,20174.18,922.16,44714.65,49063.7,49030.97,32.729999999995925,0.0006675372728705127
2026-07-04 18:10:00,20175.65,920.62,44715.24,49064.79,49031.015,33.775000000001455,0.0006888497005416154
2026-07-04 18:11:00,20175.23,919.7,44715.47,49064.81,49031.06,33.75,0.0006883391874456722
2026-07-04 18:12:00,20175.7,918.26,44715.96,49065.42,49031.075,34.345000000001164,0.0007004741380849016
2026-07-04 18:13:00,20176.18,917.27,44716.13,49065.77,49031.09,34.68000000000029,0.000707306323396039
2026-07-04 18:14:00,20177.28,916.18,44716.46,49066.48,49031.215,35.265000000006694,0.0007192356950568469
2026-07-04 18:15:00,20177.18,915.67,44716.34,49066.32,49031.34,34.9800000000032,0.0007134212526111504
2026-07-04 18:16:00,20177.85,914.31,44716.46,49066.67,49031.399999999994,35.270000000004075,0.0007193349567828796
2026-07-04 18:17:00,20180.42,911.85,44716.88,49068.1,49031.46,36.63999999999942,0.0007472753207838277
2026-07-04 18:18:00,20183.43,910.23,44717.45,49069.79,49031.479999999996,38.31000000000495,0.000781334766970219
2026-07-04 18:19:00,20183.64,909.76,44717.08,49069.52,49031.5,38.0199999999968,0.0007754198831362858
2026-07-04 18:20:00,20182.4,909.84,44716.56,49068.54,49031.509999999995,37.03000000000611,0.0007552286274684609
2026-07-04 18:21:00,20178.71,909.83,44716.18,49066.69,49031.52,35.17000000000553,0.0007172936918946329
2026-07-04 18:22:00,20176.08,908.74,44716.36,49065.78,49031.535,34.24499999999534,0.0006984280626742634
2026-07-04 18:23:00,20173.74,908.74,44716.08,49064.56,49031.55,33.00999999999476,0.0006732399852746805
2026-07-04 18:24:00,20172.73,908.82,44716.11,49064.19,49031.625,32.56500000000233,0.0006641631803963734
2026-07-04 18:25:00,20173.48,907.69,44716.34,49064.7,49031.7,33.0,0.0006730339759788056
2026-07-04 18:26:00,20172.38,907.49,44716.2,49064.09,49031.705,32.38499999999476,0.0006604910027092625
2026-07-04 18:27:00,20171.03,907.54,44715.96,49063.34,49031.71,31.62999999999738,0.0006450927369246837
2026-07-04 18:28:00,20170.48,906.96,44715.98,49063.13,49031.785,31.344999999993888,0.0006392791940981526
2026-07-04 18:29:00,20172.7,905.91,44716.41,49064.41,49031.86,32.55000000000291,0.0006638540736574731
2026-07-04 18:30:00,20172.85,905.12,44716.16,49064.22,49031.905,32.31500000000233,0.000659060666723072
2026-07-04 18:31:00,20168.12,906.63,44715.24,49061.45,49031.95,29.5,0.0006016485169364058
2026-07-04 18:32:00,20168.69,905.14,44715.61,49062.05,49031.985,30.06500000000233,0.0006131711779566406
2026-07-04 18:33:00,20169.78,904.65,44715.57,49062.42,49032.02,30.400000000001455,0.0006200030102778033
2026-07-04 18:34:00,20169.03,904.0,44715.26,49061.83,49032.03,29.80000000000291,0.0006077659848063177
2026-07-04 18:35:00,20171.29,902.92,44715.51,49062.96,49032.04,30.919999999998254,0.0006306080677042654
2026-07-04 18:36:00,20172.97,903.41,44715.08,49063.26,49032.04,31.220000000001164,0.00063672651596795
2026-07-04 18:37:00,20171.59,904.37,44714.34,49062.04,49032.04,30.0,0.0006118448263625172
2026-07-04 18:38:00,20172.67,902.1,44714.41,49062.51,49032.15,30.360000000000582,0.0006191855751787466
2026-07-04 18:39:00,20173.2,901.78,44714.3,49062.6,49032.26,30.339999999996508,0.0006187762913640226
2026-07-04 18:40:00,20172.93,900.67,44713.8,49062.06,49032.275,29.784999999996217,0.0006074570270295681
2026-07-04 18:41:00,20177.35,898.4,44714.78,49064.69,49032.29,32.400000000001455,0.0006607890433019028
2026-07-04 18:42:00,20177.37,899.38,44714.07,49064.05,49032.29,31.760000000002037,0.0006477364202243467
2026-07-04 18:43:00,20174.84,899.28,44713.28,49062.31,49032.29,30.0199999999968,0.0006122496012321023
2026-07-04 18:44:00,20175.7,897.87,44713.84,49063.14,49032.33,30.80999999999767,0.0006283609202336024
2026-07-04 18:45:00,20173.29,897.92,44713.33,49061.7,49032.37,29.32999999999447,0.0005981762660053852
2026-07-04 18:46:00,20173.67,896.33,44713.56,49062.03,49032.43,29.599999999998545,0.0006036820936673656
2026-07-04 18:47:00,20174.59,895.81,44714.0,49062.82,49032.49,30.330000000001746,0.0006185694424248442
2026-07-04 18:48:00,20174.75,894.97,44713.76,49062.63,49032.53999999999,30.090000000003783,0.0006136741029529327
2026-07-04 18:49:00,20171.95,896.1,44712.95,49060.74,49032.59,28.150000000001455,0.0005741079555455149
2026-07-04 18:50:00,20166.82,897.22,44711.97,49057.8,49032.64,25.160000000003492,0.0005131275819536434
2026-07-04 18:51:00,20164.69,897.28,44712.12,49057.09,49032.69,24.39999999999418,0.0004976271952445232
2026-07-04 18:52:00,20165.66,897.01,44712.5,49057.82,49032.785,25.034999999996217,0.0005105767498214962
2026-07-04 18:53:00,20165.43,896.72,44711.74,49057.04,49032.88,24.160000000003492,0.0004927305922067701
2026-07-04 18:54:00,20167.14,896.6,44711.59,49057.59,49032.985,24.604999999995925,0.0005018050604097614
2026-07-04 18:55:00,20165.59,898.26,44710.7,49056.14,49033.09,23.05000000000291,0.0004700907081320576
2026-07-04 18:56:00,20163.01,899.39,44710.05,49054.53,49033.09,21.44000000000233,0.000437255738930635
2026-07-04 18:57:00,20161.66,900.38,44709.46,49053.45,49033.09,20.360000000000582,0.00041522979685760337
2026-07-04 18:58:00,20158.44,900.64,44708.85,49051.6,49033.13,18.470000000001164,0.00037668409094016974
2026-07-04 18:59:00,20159.16,899.03,44709.53,49052.5,49033.17,19.330000000001746,0.0003942229311301257
2026-07-04 19:00:00,20160.1,898.38,44709.31,49052.68,49033.17,19.510000000002037,0.0003978939154862318
2026-07-04 19:01:00,20161.46,898.19,44709.35,49053.25,49033.17,20.080000000001746,0.0004095186992805431
2026-07-04 19:02:00,20159.21,897.67,44708.57,49051.63,49033.19,18.439999999995052,0.00037607179952997246
2026-07-04 19:03:00,20160.54,896.58,44709.05,49052.6,49033.21,19.389999999999418,0.000395446269987207
2026-07-04 19:04:00,20161.69,897.21,44708.72,49052.76,49033.235,19.525000000001455,0.00039819930298299624
2026-07-04 19:05:00,20160.3,897.92,44707.86,49051.41,49033.26,18.150000000001455,0.00037015690982001713
2026-07-04 19:06:00,20158.4,898.01,44707.24,49050.08,49033.270000000004,16.80999999999767,0.0003428284509680401
2026-07-04 19:07:00,20159.11,896.86,44707.42,49050.54,49033.28,17.260000000002037,0.00035200582135239654
2026-07-04 19:08:00,20160.69,895.95,44707.43,49051.17,49033.3,17.869999999995343,0.0003644462028865147
2026-07-04 19:09:00,20163.07,895.75,44707.32,49052.03,49033.32,18.709999999999127,0.0003815772621555939
2026-07-04 19:10:00,20156.72,899.73,44705.49,49047.8,49033.36,14.440000000002328,0.0002944933816487862
2026-07-04 19:11:00,20148.88,901.31,44704.53,49043.78,49033.4,10.37999999999738,0.00021169243821553025
2026-07-04 19:12:00,20143.54,901.09,44704.6,49041.69,49033.405,8.285000000003492,0.00016896644236726968
2026-07-04 19:13:00,20140.08,901.1,44704.85,49040.52,49033.41,7.109999999993306,0.00014500317232665045
2026-07-04 19:14:00,20136.87,901.86,44704.83,49039.2,49033.455,5.744999999995343,0.00011716490302376903
2026-07-04 19:15:00,20135.4,901.63,44704.56,49038.4,49033.5,4.900000000001455,9.993167936209847e-05
2026-07-04 19:16:00,20147.61,897.42,44706.34,49044.94,49033.520000000004,11.419999999998254,0.0002329019005773653
2026-07-04 19:17:00,20154.95,898.88,44705.21,49046.87,49033.54,13.330000000001746,0.0002718547345348051
2026-07-04 19:18:00,20158.27,898.65,44704.2,49047.32,49033.55,13.769999999996799,0.000280828126864092
2026-07-04 19:19:00,20165.57,896.06,44704.53,49050.53,49033.56,16.970000000001164,0.000346089494623706
2026-07-04 19:20:00,20169.95,895.15,44703.82,49051.64,49033.61,18.029999999998836,0.000367706966711177
2026-07-04 19:21:00,20172.15,894.01,44703.3,49052.03,49033.66,18.369999999995343,0.0003746406040257925
2026-07-04 19:22:00,20173.17,893.01,44703.03,49052.18,49033.685,18.49500000000262,0.0003771896809306219
2026-07-04 19:23:00,20173.99,891.39,44703.0,49052.46,49033.71,18.75,0.0003823899925173926
2026-07-04 19:24:00,20172.31,890.79,44702.64,49051.42,49033.72,17.69999999999709,0.0003609760793184178
2026-07-04 19:25:00,20169.96,890.06,44702.03,49049.89,49033.73,16.159999999996217,0.0003295690537920777
2026-07-04 19:26:00,20168.04,889.78,44701.7,49048.81,49033.775,15.034999999996217,0.0003066253821982137
2026-07-04 19:27:00,20167.0,888.87,44701.76,49048.43,49033.82,14.610000000000582,0.000297957613744974
2026-07-04 19:28:00,20167.53,887.36,44701.95,49048.82,49033.880000000005,14.939999999995052,0.00030468728968613233
2026-07-04 19:29:00,20172.83,883.95,44702.57,49051.48,49033.94,17.540000000000873,0.00035771141376770606
2026-07-04 19:30:00,20174.63,882.61,44702.49,49052.09,49034.14,17.94999999999709,0.0003660714759144769
2026-07-04 19:31:00,20176.66,881.42,44702.46,49052.89,49034.34,18.55000000000291,0.00037830630533627885
2026-07-04 19:32:00,20175.4,880.87,44701.87,49051.81,49034.35,17.459999999999127,0.0003560769134290375
2026-07-04 19:33:00,20172.84,880.72,44701.35,49050.29,49034.36,15.930000000000291,0.000324874231049417
2026-07-04 19:34:00,20171.75,880.03,44701.33,49049.82,49034.445,15.375,0.0003135550937713275
2026-07-04 19:35:00,20171.52,879.45,44701.25,49049.65,49034.53,15.12000000000262,0.00030835413330162684
2026-07-04 19:36:00,20172.08,878.83,44701.17,49049.79,49034.555,15.235000000000582,0.00031069926095996143
2026-07-04 19:37:00,20171.52,878.86,44700.65,49049.08,49034.58,14.5,0.0002957096808007736
2026-07-04 19:38:00,20170.13,879.17,44700.18,49048.1,49034.59,13.510000000002037,0.00027551979123312823
2026-07-04 19:39:00,20167.57,879.32,44699.64,49046.58,49034.6,11.980000000003201,0.00024431727800376066
2026-07-04 19:40:00,20167.14,878.33,44699.98,49046.69,49034.71,11.980000000003201,0.0002443167299246432
2026-07-04 19:41:00,20167.55,877.83,44699.86,49046.75,49034.82,11.930000000000291,0.00024329649828428636
2026-07-04 19:42:00,20168.82,877.48,44699.61,49047.04,49034.85,12.190000000002328,0.0002485987007200456
2026-07-04 19:43:00,20169.79,877.41,44699.33,49047.19,49034.88,12.310000000004948,0.00025104578618332393
2026-07-04 19:44:00,20170.33,877.26,44699.08,49047.18,49034.884999999995,12.29500000000553,0.0002507398559210556
2026-07-04 19:45:00,20169.92,877.46,44698.74,49046.69,49034.89,11.80000000000291,0.00024064497748445873
2026-07-04 19:46:00,20171.96,876.53,44698.54,49047.34,49034.895000000004,12.444999999992433,0.0002537988507978335
2026-07-04 19:47:00,20175.82,876.01,44698.6,49048.96,49034.9,14.059999999997672,0.0002867345502896441
2026-07-04 19:48:00,20178.15,875.81,44698.13,49049.45,49034.9,14.549999999995634,0.00029672743290994036
2026-07-04 19:49:00,20173.62,878.15,44696.92,49046.5,49034.9,11.599999999998545,0.00023656620080796624
2026-07-04 19:50:00,20167.12,880.53,44695.82,49042.94,49034.9,8.040000000000873,0.00016396484952555982
2026-07-04 19:51:00,20169.15,879.23,44696.48,49044.38,49034.9,9.479999999995925,0.0001933316882464515
2026-07-04 19:52:00,20173.44,878.41,44697.05,49046.61,49034.975000000006,11.634999999994761,0.00023727961521331987
2026-07-04 19:53:00,20173.77,879.23,44696.51,49046.24,49035.05,11.189999999995052,0.00022820411114080747
2026-07-04 19:54:00,20165.17,882.73,44695.01,49041.4,49035.055,6.345000000001164,0.0001293972240879747
2026-07-04 19:55:00,20157.5,882.99,44694.97,49038.29,49035.06,3.2300000000032014,6.587123580562972e-05
2026-07-04 19:56:00,20157.38,881.43,44696.0,49039.17,49035.17,4.0,8.15741028327219e-05
2026-07-04 19:57:00,20161.48,880.44,44696.87,49041.64,49035.28,6.360000000000582,0.00012970253254392718
2026-07-04 19:58:00,20170.04,878.67,44697.71,49045.84,49035.29,10.549999999995634,0.00021515116969830574
2026-07-04 19:59:00,20172.14,879.56,44696.99,49046.04,49035.3,10.739999999997963,0.00021902588543351345
2026-07-04 20:00:00,20172.33,879.28,44696.34,49045.5,49035.350000000006,10.14999999999418,0.00020699352609890984
2026-07-04 20:01:00,20169.84,880.27,44695.9,49044.1,49035.4,8.69999999999709,0.00017742284145733672
2026-07-04 20:02:00,20166.36,880.97,44695.25,49042.13,49035.44,6.689999999995052,0.00013643193575901537
2026-07-04 20:03:00,20170.96,878.98,44695.85,49044.53,49035.48,9.049999999995634,0.00018456024087039902
2026-07-04 20:04:00,20175.81,878.53,44696.01,49046.65,49035.495,11.154999999998836,0.00022748827150615765
2026-07-04 20:05:00,20182.94,877.22,44696.26,49049.75,49035.51,14.239999999997963,0.00029040179249686525
2026-07-04 20:06:00,20186.71,876.27,44695.73,49050.76,49035.600000000006,15.159999999996217,0.0003091631386175802
2026-07-04 20:07:00,20184.5,876.84,44694.65,49048.86,49035.69,13.169999999998254,0.0002685798853854866
2026-07-04 20:08:00,20178.05,877.66,44693.69,49045.37,49035.695,9.67500000000291,0.00019730524875813242
2026-07-04 20:09:00,20172.66,878.91,44693.5,49043.05,49035.7,7.350000000005821,0.00014989079385031357
2026-07-04 20:10:00,20170.57,878.07,44693.92,49042.56,49035.735,6.82499999999709,0.00013918420923020915
2026-07-04 20:11:00,20168.12,879.61,44693.62,49041.37,49035.77,5.600000000005821,0.00011420234657283491
2026-07-04 20:12:00,20175.58,876.89,44694.78,49045.4,49035.77,9.630000000004657,0.00019638724955281945
2026-07-04 20:13:00,20180.96,876.24,44695.13,49047.91,49035.77,12.140000000006694,0.0002475743727488463
2026-07-04 20:14:00,20189.81,872.35,44696.14,49052.38,49035.774999999994,16.6050000000032,0.00033863031633543476
2026-07-04 20:15:00,20199.93,869.49,44696.67,49056.93,49035.78,21.150000000001455,0.00043131770311396
2026-07-04 20:16:00,20204.52,869.65,44695.6,49057.78,49035.815,21.964999999996508,0.0004479379000837756
2026-07-04 20:17:00,20198.12,872.59,44693.16,49052.95,49035.85,17.099999999998545,0.0003487244536395014
2026-07-04 20:18:00,20183.79,876.3,44691.33,49045.51,49035.865,9.645000000004075,0.00019669276763046954
2026-07-04 20:19:00,20171.08,877.52,44690.63,49039.74,49035.88,3.860000000000582,7.87178694458136e-05
2026-07-04 20:20:00,20160.36,880.27,44690.24,49035.05,49035.905,0.8549999999959255,1.743620312495355e-05
2026-07-04 20:21:00,20145.58,885.04,44689.38,49028.33,49035.93,7.599999999998545,0.00015498839320470816
2026-07-04 20:22:00,20129.31,891.53,44688.72,49021.25,49035.95,14.69999999999709,0.0002997800593237633
2026-07-04 20:23:00,20122.85,893.09,44689.63,49019.54,49035.97,16.43000000000029,0.0003350601609390064
2026-07-04 20:24:00,20125.68,893.77,44691.26,49022.19,49036.0,13.809999999997672,0.0002816298229871456
2026-07-04 20:25:00,20128.0,900.09,44690.84,49022.84,49036.03,13.190000000002328,0.0002689858865002393
2026-07-04 20:26:00,20134.6,902.45,44690.55,49025.35,49036.035,10.685000000004948,0.0002179009783316483
2026-07-04 20:27:00,20143.3,901.09,44691.19,49029.43,49036.04,6.610000000000582,0.00013479881328101907
2026-07-04 20:28:00,20145.48,901.79,44690.81,49029.94,49036.07,6.129999999997381,0.00012501001813557613
2026-07-04 20:29:00,20143.2,903.28,44690.12,49028.42,49036.1,7.680000000000291,0.00015661930700035874
2026-07-04 20:30:00,20140.51,903.6,44689.99,49027.21,49036.115,8.904999999998836,0.0001816008466412732
2026-07-04 20:31:00,20143.35,902.42,44690.61,49028.94,49036.13,7.189999999995052,0.00014662657921812045
2026-07-04 20:32:00,20151.45,898.79,44691.81,49033.26,49036.149999999994,2.889999999992142,5.893611141968002e-05
2026-07-04 20:33:00,20157.51,898.62,44691.97,49035.85,49036.17,0.31999999999970896,6.525795142640809e-06
2026-07-04 20:34:00,20163.2,899.1,44691.4,49037.65,49036.215,1.4350000000049477,2.926408573755025e-05
2026-07-04 20:35:00,20169.52,897.17,44691.34,49040.14,49036.26,3.8799999999973807,7.912512087988318e-05
2026-07-04 20:36:00,20172.84,894.82,44691.1,49041.21,49036.345,4.864999999997963,9.921212521035086e-05
2026-07-04 20:37:00,20172.54,893.02,44690.73,49040.73,49036.43,4.30000000000291,8.768990727919855e-05
2026-07-04 20:38:00,20169.86,892.57,44690.26,49039.2,49036.435,2.764999999999418,5.63866439311793e-05
2026-07-04 20:39:00,20167.32,893.14,44690.06,49038.0,49036.44,1.5599999999976717,3.181307615311535e-05
2026-07-04 20:40:00,20166.66,892.62,44690.17,49037.81,49036.46000000001,1.3499999999912689,2.753053544222541e-05
2026-07-04 20:41:00,20166.39,892.55,44690.21,49037.74,49036.48,1.2599999999947613,2.5695155932782312e-05
2026-07-04 20:42:00,20163.51,894.23,44689.66,49036.1,49036.51,0.41000000000349246,8.361117053466742e-06
2026-07-04 20:43:00,20162.94,894.98,44689.51,49035.77,49036.54,0.7700000000040745,1.5702576079064195e-05
2026-07-04 20:44:00,20165.16,893.32,44690.25,49037.31,49036.545,0.7649999999994179,1.5600609708522856e-05
2026-07-04 20:45:00,20164.16,894.88,44689.87,49036.56,49036.55,0.00999999999476131,2.0392951777319795e-07
2026-07-04 20:46:00,20162.44,896.23,44689.33,49035.4,49036.555,1.1549999999988358,2.355385691345642e-05
2026-07-04 20:47:00,20160.53,896.64,44689.21,49034.53,49036.56,2.029999999998836,4.139768368741274e-05
2026-07-04 20:48:00,20160.38,895.87,44689.7,49034.9,49036.634999999995,1.7349999999933061,3.538171002136069e-05
2026-07-04 20:49:00,20159.22,895.85,44689.9,49034.6,49036.71,2.110000000000582,4.302898787460623e-05
2026-07-04 20:50:00,20159.24,895.13,44690.2,49034.89,49036.75,1.860000000000582,3.793073562176494e-05
2026-07-04 20:51:00,20162.37,893.13,44691.01,49036.87,49036.79,0.08000000000174623,1.6314281583632662e-06
2026-07-04 20:52:00,20169.73,890.64,44691.84,49040.59,49036.81,3.779999999998836,7.708494904131888e-05
2026-07-04 20:53:00,20173.78,890.91,44691.37,49041.78,49036.83,4.94999999999709,0.00010094453495458596
2026-07-04 20:54:00,20173.51,891.05,44690.57,49040.93,49036.850000000006,4.07999999999447,8.3202734270135e-05
2026-07-04 20:55:00,20173.72,889.33,44690.7,49041.13,49036.87,4.259999999994761,8.687340770311729e-05
2026-07-04 20:56:00,20172.95,887.99,44690.9,49040.97,49036.945,4.025000000001455,8.20809697668045e-05
2026-07-04 20:57:00,20171.54,888.11,44690.7,49040.21,49037.02,3.1900000000023283,6.505289269214011e-05
2026-07-04 20:58:00,20172.19,888.3,44690.68,49040.47,49037.065,3.404999999998836,6.943727158219676e-05
2026-07-04 20:59:00,20173.95,888.23,44690.67,49041.19,49037.11,4.080000000001746,8.320229312049071e-05
2026-07-04 21:00:00,20176.28,887.49,44690.71,49042.16,49037.125,5.0350000000034925,0.00010267730826396312
2026-07-04 21:01:00,20177.79,886.75,44690.72,49042.75,49037.14,5.610000000000582,0.00011440308305094021
2026-07-04 21:02:00,20177.66,886.56,44690.45,49042.44,49037.2,5.240000000005239,0.00010685765092634243
2026-07-04 21:03:00,20177.42,886.52,44690.29,49042.2,49037.26,4.939999999995052,0.00010073972322260771
2026-07-04 21:04:00,20176.38,886.97,44690.1,49041.61,49037.285,4.32499999999709,8.819819449623056e-05
2026-07-04 21:05:00,20174.12,887.95,44689.86,49040.48,49037.31,3.1700000000055297,6.464465526362538e-05
2026-07-04 21:06:00,20170.4,888.67,44689.46,49038.63,49037.335,1.2949999999982538,2.640844980662701e-05
2026-07-04 21:07:00,20166.34,890.45,44689.15,49036.71,49037.36,0.6500000000014552,1.3255199708986274e-05
2026-07-04 21:08:00,20160.44,892.52,44688.58,49033.82,49037.375,3.555000000000291,7.249572392486937e-05
2026-07-04 21:09:00,20154.02,893.55,44688.86,49031.5,49037.39,5.889999999999418,0.00012011242849587667
2026-07-04 21:10:00,20149.35,895.5,44689.13,49029.89,49037.395000000004,7.505000000004657,0.00015304646586558393
2026-07-04 21:11:00,20149.05,896.94,44689.57,49030.21,49037.4,7.190000000002328,0.00014662278179516713
2026-07-04 21:12:00,20151.31,899.42,44689.49,49031.09,49037.525,6.435000000004948,0.00013122603557183906
2026-07-04 21:13:00,20153.97,901.02,44689.1,49031.86,49037.65,5.790000000000873,0.00011807254222012827
2026-07-04 21:14:00,20156.62,901.67,44689.04,49032.88,49037.695,4.815000000002328,9.818977013504262e-05
2026-07-04 21:15:00,20158.89,900.43,44689.21,49033.94,49037.74,3.7999999999956344,7.749133626459201e-05
2026-07-04 21:16:00,20160.93,899.39,44689.35,49034.9,49037.774999999994,2.874999999992724,5.8628271776048655e-05
2026-07-04 21:17:00,20166.48,896.5,44690.37,49038.04,49037.81,0.23000000000320142,4.690258394557209e-06
2026-07-04 21:18:00,20173.04,895.32,44690.62,49040.9,49037.86,3.040000000000873,6.199291730921523e-05
2026-07-04 21:19:00,20176.51,896.0,44689.79,49041.56,49037.91,3.6499999999941792,7.443220969234168e-05
2026-07-04 21:20:00,20175.28,895.38,44689.11,49040.41,49037.94500000001,2.4649999999965075,5.02671961477282e-05
2026-07-04 21:21:00,20172.53,893.05,44689.53,49039.65,49037.98,1.6699999999982538,3.405523636981486e-05
2026-07-04 21:22:00,20169.64,892.2,44689.66,49038.57,49037.990000000005,0.5799999999944703,1.1827564710431039e-05
2026-07-04 21:23:00,20169.83,892.65,44689.95,49038.94,49038.0,0.9400000000023283,1.9168807863337174e-05
2026-07-04 21:24:00,20177.5,891.15,44690.69,49042.74,49038.020000000004,4.719999999993888,9.625184703611377e-05
2026-07-04 21:25:00,20181.16,892.82,44689.8,49043.37,49038.04,5.330000000001746,0.00010869113039594866
2026-07-04 21:26:00,20178.79,892.87,44688.69,49041.44,49038.100000000006,3.3399999999965075,6.811030606806763e-05
2026-07-04 21:27:00,20179.91,890.6,44689.3,49042.41,49038.16,4.25,8.666719958497626e-05
2026-07-04 21:28:00,20177.62,890.08,44689.11,49041.28,49038.175,3.1049999999959255,6.331801703460468e-05
2026-07-04 21:29:00,20175.58,890.77,44689.02,49040.38,49038.19,2.1899999999950523,4.465907081796967e-05
2026-07-04 21:30:00,20175.23,892.58,44688.64,49039.93,49038.240000000005,1.6899999999950523,3.446290078916071e-05
2026-07-04 21:31:00,20175.25,893.34,44688.03,49039.39,49038.29,1.0999999999985448,2.243145101508525e-05
2026-07-04 21:32:00,20175.28,892.83,44688.06,49039.43,49038.32,1.110000000000582,2.263535944951993e-05
2026-07-04 21:33:00,20175.26,892.41,44688.34,49039.66,49038.35,1.3100000000049477,2.6713786251065702e-05
2026-07-04 21:34:00,20174.69,893.05,44688.13,49039.26,49038.375,0.8850000000020373,1.8047090671378024e-05
2026-07-04 21:35:00,20173.31,893.18,44688.15,49038.71,49038.4,0.3099999999976717,6.321576560362322e-06
2026-07-04 21:36:00,20173.12,893.66,44688.17,49038.66,49038.415,0.24500000000261934,4.996083172806856e-06
2026-07-04 21:37:00,20174.44,894.23,44688.3,49039.33,49038.43,0.9000000000014552,1.835295297996806e-05
2026-07-04 21:38:00,20172.91,895.0,44687.91,49038.35,49038.5,0.1500000000014552,3.0588211303660428e-06
2026-07-04 21:39:00,20169.33,895.47,44687.79,49036.79,49038.57,1.7799999999988358,3.6297958933118073e-05
2026-07-04 21:40:00,20167.54,895.87,44687.98,49036.26,49038.6,2.3399999999965075,4.77175123269528e-05
2026-07-04 21:41:00,20167.91,896.6,44688.11,49036.54,49038.63,2.0899999999965075,4.261946143268088e-05
2026-07-04 21:42:00,20167.0,898.25,44687.66,49035.77,49038.645000000004,2.875000000007276,5.8627231645720956e-05
2026-07-04 21:43:00,20165.47,898.45,44687.56,49035.06,49038.66,3.6000000000058208,7.341146760547332e-05
2026-07-04 21:44:00,20167.18,898.25,44687.85,49036.03,49038.665,2.6350000000020373,5.3733110393646266e-05
2026-07-04 21:45:00,20167.59,899.68,44687.66,49036.04,49038.67,2.6299999999973807,5.363114456402225e-05
2026-07-04 21:46:00,20166.54,901.87,44686.86,49034.9,49038.675,3.775000000001455,7.698005706723224e-05
2026-07-04 21:47:00,20164.56,904.33,44686.05,49033.41,49038.68,5.269999999996799,0.00010746618791527013
2026-07-04 21:48:00,20163.99,905.01,44686.03,49033.17,49038.695,5.525000000001455,0.00011266613028755059
2026-07-04 21:49:00,20161.81,907.5,44685.33,49031.71,49038.71,7.0,0.00014274437480105002
2026-07-04 21:50:00,20164.33,907.43,44685.71,49033.09,49038.744999999995,5.654999999998836,0.00011531698048143028
2026-07-04 21:51:00,20170.65,908.06,44685.94,49035.88,49038.78,2.900000000001455,5.913687086019382e-05
2026-07-04 21:52:00,20174.36,910.17,44684.89,49036.48,49038.79,2.3099999999976717,4.710556683795974e-05
2026-07-04 21:53:00,20176.64,908.51,44684.64,49037.14,49038.8,1.6600000000034925,3.3850746755701454e-05
2026-07-04 21:54:00,20178.95,906.67,44685.06,49038.43,49038.82,0.3899999999994179,7.952883042443067e-06
2026-07-04 21:55:00,20179.9,906.79,44684.91,49038.68,49038.84,0.1599999999962165,3.2627199174412875e-06
2026-07-04 21:56:00,20183.69,906.95,44684.69,49040.05,49038.89,1.1600000000034925,2.365469528375321e-05
2026-07-04 21:57:00,20188.07,905.51,44684.69,49041.8,49038.94,2.860000000000582,5.8320999597474615e-05
2026-07-04 21:58:00,20188.38,905.1,44684.4,49041.65,49039.055,2.595000000001164,5.291700665930785e-05
2026-07-04 21:59:00,20189.15,903.11,44684.68,49042.19,49039.17,3.0200000000040745,6.158342402622382e-05
2026-07-04 22:00:00,20188.58,902.72,44684.7,49041.95,49039.185,2.764999999999418,5.638348190328649e-05
2026-07-04 22:01:00,20188.48,902.34,44684.75,49041.95,49039.2,2.75,5.607758691006379e-05
2026-07-04 22:02:00,20188.64,902.39,44684.75,49042.02,49039.2,2.819999999999709,5.7505016395041296e-05
2026-07-04 22:03:00,20189.11,902.65,44684.66,49042.14,49039.2,2.9400000000023283,5.995203836935204e-05
2026-07-04 22:04:00,20188.1,903.92,44684.22,49041.35,49039.229999999996,2.1200000000026193,4.3230695098651006e-05
2026-07-04 22:05:00,20187.68,904.29,44684.05,49041.02,49039.26,1.7599999999947613,3.588961171099974e-05
2026-07-04 22:06:00,20185.67,905.65,44683.45,49039.69,49039.26,0.43000000000029104,8.768484679424016e-06
2026-07-04 22:07:00,20185.13,904.87,44683.84,49039.81,49039.26,0.5499999999956344,1.1215503659631781e-05
2026-07-04 22:08:00,20185.79,903.25,44684.46,49040.63,49039.295,1.3349999999991269,2.722306672636968e-05
2026-07-04 22:09:00,20187.9,902.74,44684.78,49041.76,49039.33,2.430000000000291,4.955206361914592e-05
2026-07-04 22:10:00,20186.87,904.24,44684.3,49040.9,49039.36,1.5400000000008731,3.140334621008254e-05
2026-07-04 22:11:00,20178.7,908.54,44682.67,49036.13,49039.39,3.2600000000020373,6.647717273812005e-05
2026-07-04 22:12:00,20163.62,907.67,44682.29,49029.64,49039.41,9.770000000004075,0.000199227519254495
2026-07-04 22:13:00,20149.91,906.67,44683.82,49025.47,49039.43,13.959999999999127,0.00028466888787245543
2026-07-04 22:14:00,20145.35,910.48,44684.73,49024.54,49039.445,14.904999999998836,0.0003039390025722933
2026-07-04 22:15:00,20147.72,917.17,44684.09,49025.03,49039.46,14.430000000000291,0.0002942528323109653
2026-07-04 22:16:00,20149.37,921.71,44682.92,49024.73,49039.479999999996,14.749999999992724,0.00030077806697772336
2026-07-04 22:17:00,20150.77,921.31,44682.92,49025.3,49039.5,14.19999999999709,0.0002895624955392508
2026-07-04 22:18:00,20152.95,920.18,44683.44,49026.66,49039.515,12.854999999995925,0.00026213554518220514
2026-07-04 22:19:00,20156.14,917.57,44684.26,49028.64,49039.53,10.889999999999418,0.00022206574981447453
2026-07-04 22:20:00,20159.17,916.54,44684.59,49030.14,49039.565,9.42500000000291,0.00019219175374012617
2026-07-04 22:21:00,20161.06,916.56,44684.21,49030.57,49039.6,9.029999999998836,0.00018413690160602524
2026-07-04 22:22:00,20162.22,915.93,44684.07,49030.9,49039.625,8.724999999998545,0.00017791734745113865
2026-07-04 22:23:00,20162.5,915.45,44684.03,49030.97,49039.65,8.680000000000291,0.00017699963193049483
2026-07-04 22:24:00,20162.15,915.35,44683.96,49030.76,49039.655,8.894999999996799,0.00018138382090976778
2026-07-04 22:25:00,20162.02,915.25,44683.93,49030.68,49039.66,8.980000000003201,0.00018311709338937507
2026-07-04 22:26:00,20162.51,914.64,44684.01,49030.93,49039.66,8.730000000003201,0.0001780191787627239
2026-07-04 22:27:00,20163.39,913.36,44684.31,49031.55,49039.66,8.110000000000582,0.0001653763504885756
2026-07-04 22:28:00,20163.91,912.2,44684.55,49031.95,49039.675,7.725000000005821,0.00015752551378054238
2026-07-04 22:29:00,20163.83,911.29,44684.68,49032.02,49039.69,7.67000000000553,0.00015640392506570757
2026-07-04 22:30:00,20163.6,910.15,44685.1,49032.29,49039.715,7.424999999995634,0.00015140789460125605
2026-07-04 22:31:00,20163.37,910.29,44684.94,49032.04,49039.74,7.69999999999709,0.00015701551435625658
2026-07-04 22:32:00,20163.68,910.71,44684.76,49032.04,49039.774999999994,7.734999999993306,0.00015772910866726665
2026-07-04 22:33:00,20166.23,909.79,44684.88,49033.17,49039.81,6.639999999999418,0.00013540019832865212
2026-07-04 22:34:00,20167.13,908.88,44685.06,49033.66,49039.84,6.179999999993015,0.0001260199870144971
2026-07-04 22:35:00,20170.51,912.48,44684.21,49034.34,49039.87,5.530000000006112,0.00011276538865225604
2026-07-04 22:36:00,20175.98,910.23,44684.11,49036.44,49039.9,3.459999999999127,7.055479313781485e-05
2026-07-04 22:37:00,20177.66,906.96,44684.47,49037.4,49039.93,2.529999999998836,5.159061197678781e-05
2026-07-04 22:38:00,20179.83,904.37,44685.07,49038.78,49039.93,1.1500000000014552,2.345027817130765e-05
2026-07-04 22:39:00,20182.63,903.61,44685.09,49039.93,49039.93,0.0,0.0
2026-07-04 22:40:00,20184.85,903.12,44684.74,49040.48,49039.990000000005,0.48999999999796273,9.991845430595778e-06
2026-07-04 22:41:00,20183.73,903.54,44684.2,49039.53,49040.05,0.5200000000040745,1.0603578095945549e-05
2026-07-04 22:42:00,20181.89,905.28,44683.48,49038.16,49040.055,1.8949999999967986,3.864188162098918e-05
2026-07-04 22:43:00,20180.86,906.5,44683.07,49037.39,49040.06,2.6699999999982538,5.4445284120742387e-05
2026-07-04 22:44:00,20180.55,907.21,44682.78,49037.02,49040.1,3.0800000000017462,6.280574468652687e-05
2026-07-04 22:45:00,20177.73,904.74,44683.17,49036.17,49040.14,3.970000000001164,8.095409189290985e-05
2026-07-04 22:46:00,20172.99,906.76,44683.26,49034.36,49040.175,5.815000000002328,0.00011857624896326997
2026-07-04 22:47:00,20170.16,910.96,44682.51,49032.59,49040.21,7.620000000002619,0.00015538269513940947
2026-07-04 22:48:00,20168.55,913.78,44681.92,49031.46,49040.215,8.75499999999738,0.0001785269497696407
2026-07-04 22:49:00,20167.19,915.17,44681.8,49030.82,49040.22,9.400000000001455,0.0001916794011120149
2026-07-04 22:50:00,20166.68,915.66,44681.92,49030.75,49040.3,9.55000000000291,0.00019473779728107108
2026-07-04 22:51:00,20167.51,915.01,44682.39,49031.52,49040.38,8.860000000000582,0.00018066744181020991
2026-07-04 22:52:00,20171.1,912.65,44683.05,49033.54,49040.395000000004,6.855000000003201,0.0001397827240176838
2026-07-04 22:53:00,20177.33,906.06,44684.59,49037.36,49040.41,3.0500000000029104,6.219360727210294e-05
2026-07-04 22:54:00,20167.36,901.94,44685.05,49033.56,49040.44,6.880000000004657,0.00014029237910599205
2026-07-04 22:55:00,20149.6,909.78,44683.75,49025.28,49040.47,15.190000000002328,0.0003097441765954186
2026-07-04 22:56:00,20139.79,919.2,44682.09,49019.99,49040.475000000006,20.485000000007858,0.00041771618239847506
2026-07-04 22:57:00,20138.15,924.93,44681.31,49018.74,49040.48,21.74000000000524,0.00044330724332235813
2026-07-04 22:58:00,20140.83,927.52,44681.22,49019.82,49040.48,20.660000000003492,0.0004212846203789908
2026-07-04 22:59:00,20144.51,926.18,44681.75,49021.77,49040.48,18.710000000006403,0.00038152155117581236
2026-07-04 23:00:00,20144.53,924.25,44682.48,49022.4,49040.5,18.099999999998545,0.0003690826969545283
2026-07-04 23:01:00,20144.16,923.19,44683.15,49022.84,49040.52,17.68000000000029,0.0003605182000517183
2026-07-04 23:02:00,20144.86,922.11,44683.73,49023.64,49040.52,16.87999999999738,0.00034420515932533715
2026-07-04 23:03:00,20146.06,921.46,44684.03,49024.38,49040.52,16.139999999999418,0.000329115596653531
2026-07-04 23:04:00,20146.19,920.47,44684.16,49024.53,49040.55499999999,16.02499999999418,0.00032677036383446683
2026-07-04 23:05:00,20145.82,919.99,44684.3,49024.49,49040.59,16.099999999998545,0.00032829947600545884
2026-07-04 23:06:00,20144.69,919.2,44684.41,49024.12,49040.61,16.489999999997963,0.00033625193487597246
2026-07-04 23:07:00,20143.67,919.65,44684.45,49023.75,49040.63,16.87999999999738,0.00034420438726006134
2026-07-04 23:08:00,20144.72,919.95,44684.39,49024.13,49040.68,16.55000000000291,0.00033747492897739
2026-07-04 23:09:00,20146.28,919.37,44684.41,49024.77,49040.73,15.960000000006403,0.0003254437688836688
2026-07-04 23:10:00,20146.75,918.62,44684.42,49024.96,49040.815,15.855000000003201,0.00032330213109229937
2026-07-04 23:11:00,20146.82,918.19,44684.52,49025.07,49040.9,15.830000000001746,0.00032279179215719423
2026-07-04 23:12:00,20146.53,918.89,44684.3,49024.77,49040.9,16.130000000004657,0.0003289091350282041
2026-07-04 23:13:00,20146.47,920.05,44683.94,49024.43,49040.9,16.470000000001164,0.00033584212361521023
2026-07-04 23:14:00,20146.89,920.48,44683.64,49024.36,49040.91,16.55000000000291,0.00033747334623282705
2026-07-04 23:15:00,20147.58,919.88,44683.69,49024.67,49040.92,16.25,0.0003313559370419641
2026-07-04 23:16:00,20148.16,918.92,44683.96,49025.12,49040.925,15.805000000000291,0.0003222818492922042
2026-07-04 23:17:00,20148.69,918.49,44684.06,49025.43,49040.93,15.5,0.00031606252165283165
2026-07-04 23:18:00,20149.93,918.04,44684.11,49025.97,49040.95,14.979999999995925,0.0003054590092564668
2026-07-04 23:19:00,20150.48,917.5,44684.09,49026.17,49040.97,14.80000000000291,0.00030178848420010676
2026-07-04 23:20:00,20149.99,917.31,44684.03,49025.91,49040.994999999995,15.084999999991851,0.0003075997948245514
2026-07-04 23:21:00,20150.41,917.59,44683.92,49025.99,49041.02,15.029999999998836,0.0003064781279018837
2026-07-04 23:22:00,20151.58,917.09,44683.88,49026.42,49041.05,14.630000000004657,0.0002983215082059755
2026-07-04 23:23:00,20151.52,916.95,44683.78,49026.31,49041.08,14.770000000004075,0.00030117607524149295
2026-07-04 23:24:00,20151.29,917.22,44683.62,49026.07,49041.104999999996,15.034999999996217,0.00030657955199003405
2026-07-04 23:25:00,20151.05,917.39,44683.47,49025.84,49041.13,15.290000000000873,0.00031177911275700364
2026-07-04 23:26:00,20151.02,917.39,44683.42,49025.79,49041.16,15.37000000000262,0.0003134102048157633
2026-07-04 23:27:00,20151.16,917.6,44683.38,49025.82,49041.19,15.37000000000262,0.0003134100130931288
2026-07-04 23:28:00,20151.21,918.45,44683.12,49025.61,49041.2,15.589999999996508,0.0003178959731816617
2026-07-04 23:29:00,20151.21,918.92,44682.86,49025.38,49041.21,15.830000000001746,0.0003227897517210882
2026-07-04 23:30:00,20151.64,918.57,44682.92,49025.61,49041.244999999995,15.634999999994761,0.00031881327645729145
2026-07-04 23:31:00,20151.68,918.22,44682.99,49025.68,49041.28,15.599999999998545,0.00031809936445375295
2026-07-04 23:32:00,20151.71,918.02,44683.01,49025.71,49041.315,15.605000000003201,0.0003182010922831739
2026-07-04 23:33:00,20151.0,917.6,44683.03,49025.43,49041.35,15.919999999998254,0.00032462401626379074
2026-07-04 23:34:00,20150.02,917.71,44683.07,49025.08,49041.36,16.279999999998836,0.0003319646926593968
2026-07-04 23:35:00,20149.17,918.73,44682.87,49024.56,49041.37,16.810000000004948,0.00034277182713298885
2026-07-04 23:36:00,20150.05,919.52,44682.73,49024.82,49041.385,16.56500000000233,0.00033777594168684933
2026-07-04 23:37:00,20152.56,919.2,44682.75,49025.85,49041.4,15.55000000000291,0.0003170790393423293
2026-07-04 23:38:00,20153.75,918.02,44682.92,49026.45,49041.42,14.970000000001164,0.00030525217255130793
2026-07-04 23:39:00,20152.86,917.16,44683.02,49026.16,49041.44,15.279999999998836,0.0003115732327598626
2026-07-04 23:40:00,20151.41,917.1,44683.02,49025.57,49041.5,15.930000000000291,0.0003248269322920443
2026-07-04 23:41:00,20150.55,917.08,44683.06,49025.27,49041.56,16.290000000000873,0.0003321672475345579
2026-07-04 23:42:00,20150.1,917.46,44682.99,49025.02,49041.575,16.55500000000029,0.0003375707244312666
2026-07-04 23:43:00,20150.41,917.62,44682.98,49025.14,49041.59,16.44999999999709,0.00033542958130022073
2026-07-04 23:44:00,20151.72,917.49,44683.0,49025.7,49041.6,15.900000000001455,0.000324214544386836
2026-07-04 23:45:00,20154.62,917.02,44683.12,49026.99,49041.61,14.62000000000262,0.00029811419323310593
2026-07-04 23:46:00,20158.12,916.8,44683.09,49028.4,49041.625,13.224999999998545,0.0002696688782233163
2026-07-04 23:47:00,20162.0,915.55,44683.16,49030.0,49041.64,11.639999999999418,0.00023734932192315383
2026-07-04 23:48:00,20164.67,914.58,44683.16,49031.06,49041.645000000004,10.585000000006403,0.00021583696876412693
2026-07-04 23:49:00,20165.47,913.33,44683.12,49031.34,49041.65,10.310000000004948,0.00021022946821742228
2026-07-04 23:50:00,20164.22,911.9,44683.28,49030.93,49041.67,10.739999999997963,0.00021899743626181497
2026-07-04 23:51:00,20161.91,911.33,44683.41,49030.09,49041.69,11.60000000000582,0.0002365334473588863
2026-07-04 23:52:00,20160.24,910.99,44683.54,49029.54,49041.725000000006,12.185000000004948,0.00024846189647702944
2026-07-04 23:53:00,20159.4,911.1,44683.57,49029.23,49041.76,12.529999999998836,0.00025549654009152274
2026-07-04 23:54:00,20158.85,911.73,44683.42,49028.89,49041.770000000004,12.880000000004657,0.00026263326140154924
2026-07-04 23:55:00,20159.46,912.25,44683.21,49028.95,49041.78,12.830000000001746,0.00026161366899818373
2026-07-04 23:56:00,20159.09,912.27,44683.14,49028.72,49041.79,13.069999999999709,0.0002665074011368612
2026-07-04 23:57:00,20158.18,912.2,44683.06,49028.28,49041.8,13.520000000004075,0.00027568319270508164
2026-07-04 23:58:00,20155.41,913.33,44682.97,49027.07,49041.875,14.805000000000291,0.00030188486879835426
2026-07-04 23:59:00,20154.42,917.11,44682.02,49025.9,49041.95,16.049999999995634,0.00032727083649805187
