timestamp,Bx,By,Bz,B_total,B_baseline,delta_B,chi
2026-07-28 00:00:00,20208.99,914.27,44670.88,49037.82,49028.825,8.99500000000262,0.00018346350335751713
2026-07-28 00:01:00,20208.95,914.14,44670.95,49037.86,49028.82,9.040000000000873,0.0001843813495817536
2026-07-28 00:02:00,20208.62,913.51,44671.01,49037.77,49028.815,8.95499999999447,0.0001826476940141113
2026-07-28 00:03:00,20208.89,912.99,44671.18,49038.03,49028.81,9.220000000001164,0.00018805269799534527
2026-07-28 00:04:00,20208.74,912.45,44671.24,49038.01,49028.805,9.205000000001746,0.00018774677457469638
2026-07-28 00:05:00,20208.66,911.95,44671.28,49038.02,49028.8,9.219999999993888,0.0001880527363507548
2026-07-28 00:06:00,20208.79,911.21,44671.36,49038.12,49028.795,9.325000000004366,0.0001901943541546221
2026-07-28 00:07:00,20208.51,911.11,44671.32,49037.95,49028.79,9.159999999996217,0.00018682900393822112
2026-07-28 00:08:00,20208.33,910.94,44671.24,49037.81,49028.775,9.034999999996217,0.0001842795378835432
2026-07-28 00:09:00,20207.87,910.72,44671.14,49037.55,49028.76,8.790000000000873,0.0001792825272350529
2026-07-28 00:10:00,20207.33,910.39,44671.13,49037.31,49028.76,8.549999999995634,0.00017438744116709528
2026-07-28 00:11:00,20207.06,910.28,44671.11,49037.17,49028.76,8.409999999996217,0.0001715319742941942
2026-07-28 00:12:00,20206.51,910.15,44671.07,49036.9,49028.755000000005,8.144999999996799,0.00016612700036941174
2026-07-28 00:13:00,20205.47,910.34,44670.88,49036.31,49028.75,7.559999999997672,0.00015419524258721
2026-07-28 00:14:00,20204.94,910.27,44670.89,49036.11,49028.744999999995,7.365000000005239,0.00015021799966540524
2026-07-28 00:15:00,20203.78,910.27,44670.86,49035.59,49028.74,6.849999999998545,0.00013971397184587132
2026-07-28 00:16:00,20203.12,910.78,44670.7,49035.18,49028.735,6.444999999999709,0.00013145352414251988
2026-07-28 00:17:00,20202.07,911.33,44670.52,49034.61,49028.73,5.879999999997381,0.00011992968204555534
2026-07-28 00:18:00,20202.01,911.47,44670.35,49034.45,49028.73,5.719999999993888,0.00011666628933676006
2026-07-28 00:19:00,20201.13,911.47,44670.35,49034.09,49028.73,5.359999999993306,0.00010932365574211908
2026-07-28 00:20:00,20200.71,911.42,44670.33,49033.91,49028.72,5.190000000002328,0.00010585632257995575
2026-07-28 00:21:00,20200.13,911.29,44670.34,49033.68,49028.71,4.970000000001164,0.00010136917736569379
2026-07-28 00:22:00,20199.64,911.44,44670.3,49033.44,49028.71,4.730000000003201,9.64740863058237e-05
2026-07-28 00:23:00,20198.46,911.71,44670.16,49032.83,49028.71,4.120000000002619,8.403239652853643e-05
2026-07-28 00:24:00,20198.05,912.04,44670.17,49032.67,49028.695,3.974999999998545,8.107497048409191e-05
2026-07-28 00:25:00,20197.87,911.92,44670.18,49032.6,49028.68,3.9199999999982538,7.995320290079711e-05
2026-07-28 00:26:00,20197.43,912.03,44670.08,49032.36,49028.675,3.6849999999976717,7.516009763669264e-05
2026-07-28 00:27:00,20196.74,912.51,44669.88,49031.9,49028.67,3.2300000000032014,6.587982092932975e-05
2026-07-28 00:28:00,20195.93,912.51,44669.77,49031.47,49028.67,2.8000000000029104,5.710944229168179e-05
2026-07-28 00:29:00,20195.64,912.78,44669.77,49031.34,49028.67,2.6699999999982538,5.445793247090435e-05
2026-07-28 00:30:00,20195.12,913.18,44669.61,49030.98,49028.67,2.3100000000049477,4.711528989068942e-05
2026-07-28 00:31:00,20194.66,913.47,44669.43,49030.66,49028.67,1.9900000000052387,4.058849648593851e-05
2026-07-28 00:32:00,20194.3,913.15,44669.51,49030.57,49028.665,1.9049999999988358,3.885482095012858e-05
2026-07-28 00:33:00,20193.97,913.41,44669.52,49030.44,49028.66,1.7799999999988358,3.630529571884762e-05
2026-07-28 00:34:00,20193.3,913.69,44669.41,49030.08,49028.655,1.4250000000029104,2.9064635772751883e-05
2026-07-28 00:35:00,20192.72,913.67,44669.42,49029.84,49028.65,1.1899999999950523,2.4271522874789583e-05
2026-07-28 00:36:00,20191.18,914.46,44669.23,49029.05,49028.645000000004,0.40499999999883585,8.260477114936295e-06
2026-07-28 00:37:00,20190.31,914.54,44669.29,49028.76,49028.64,0.12000000000261934,2.447549024460384e-06
2026-07-28 00:38:00,20189.22,915.42,44669.18,49028.23,49028.634999999995,0.4049999999915599,8.260478799614958e-06
2026-07-28 00:39:00,20188.89,915.65,44669.23,49028.14,49028.63,0.48999999999796273,9.994160554720023e-06
2026-07-28 00:40:00,20188.12,916.0,44669.09,49027.73,49028.625,0.8949999999967986,1.8254642058528026e-05
2026-07-28 00:41:00,20187.92,916.04,44669.29,49027.81,49028.62,0.8100000000049477,1.652096265415889e-05
2026-07-28 00:42:00,20188.22,916.61,44669.19,49027.86,49028.62,0.7600000000020373,1.5501150144589778e-05
2026-07-28 00:43:00,20188.78,916.78,44669.11,49028.01,49028.62,0.6100000000005821,1.2441712616030841e-05
2026-07-28 00:44:00,20189.51,917.33,44668.95,49028.18,49028.61,0.43000000000029104,8.770389370620359e-06
2026-07-28 00:45:00,20190.17,917.0,44668.83,49028.34,49028.6,0.26000000000203727,5.303027212729657e-06
2026-07-28 00:46:00,20191.42,916.65,44669.02,49029.01,49028.59,0.42000000000552973,8.566430321686383e-06
2026-07-28 00:47:00,20191.93,916.24,44669.06,49029.25,49028.58,0.6699999999982538,1.3665498776392335e-05
2026-07-28 00:48:00,20192.08,915.71,44669.17,49029.4,49028.575,0.8250000000043656,1.6826921851274804e-05
2026-07-28 00:49:00,20191.6,915.25,44669.25,49029.27,49028.57,0.6999999999970896,1.4277389693337775e-05
2026-07-28 00:50:00,20190.98,914.9,44669.35,49029.09,49028.565,0.5249999999941792,1.07080433619499e-05
2026-07-28 00:51:00,20190.58,914.57,44669.5,49029.06,49028.56,0.5,1.0198137575323444e-05
2026-07-28 00:52:00,20190.12,914.48,44669.56,49028.92,49028.555,0.36499999999796273,7.444641189159312e-06
2026-07-28 00:53:00,20189.82,914.27,44669.66,49028.89,49028.55,0.33999999999650754,6.934734965576333e-06
2026-07-28 00:54:00,20189.57,914.53,44669.6,49028.74,49028.545,0.19499999999970896,3.977274871194097e-06
2026-07-28 00:55:00,20189.65,914.29,44669.71,49028.86,49028.54,0.31999999999970896,6.5268107106536105e-06
2026-07-28 00:56:00,20189.6,914.69,44669.64,49028.79,49028.535,0.25499999999738066,5.201052815414139e-06
2026-07-28 00:57:00,20189.38,914.82,44669.55,49028.62,49028.53,0.0900000000037835,1.8356658868577847e-06
2026-07-28 00:58:00,20189.44,914.74,44669.63,49028.71,49028.520000000004,0.18999999999505235,3.8752954401856785e-06
2026-07-28 00:59:00,20189.29,914.27,44669.65,49028.66,49028.51,0.1500000000014552,3.059444392690196e-06
2026-07-28 01:00:00,20188.97,914.13,44669.77,49028.64,49028.51,0.12999999999738066,2.651518473585688e-06
2026-07-28 01:01:00,20189.05,914.3,44669.78,49028.67,49028.51,0.1599999999962165,3.263407352094047e-06
2026-07-28 01:02:00,20188.51,914.35,44669.72,49028.4,49028.51,0.11000000000058208,2.2435925546295834e-06
2026-07-28 01:03:00,20188.32,914.47,44669.7,49028.33,49028.51,0.18000000000029104,3.6713332711985543e-06
2026-07-28 01:04:00,20188.07,914.39,44669.73,49028.25,49028.505000000005,0.2550000000046566,5.20105599802924e-06
2026-07-28 01:05:00,20187.64,914.27,44669.77,49028.1,49028.5,0.4000000000014552,8.158520044493615e-06
2026-07-28 01:06:00,20186.95,914.47,44669.76,49027.84,49028.5,0.6600000000034925,1.3461558073436725e-05
2026-07-28 01:07:00,20186.74,914.26,44669.82,49027.79,49028.5,0.7099999999991269,1.4481373078905675e-05
2026-07-28 01:08:00,20186.75,914.17,44669.94,49027.9,49028.494999999995,0.5949999999938882,1.213579980364252e-05
2026-07-28 01:09:00,20186.88,914.18,44669.94,49027.96,49028.49,0.5299999999988358,1.0810041263739428e-05
2026-07-28 01:10:00,20187.04,914.57,44669.86,49027.95,49028.485,0.5350000000034925,1.0912023898015458e-05
2026-07-28 01:11:00,20186.95,914.74,44669.66,49027.74,49028.48,0.7400000000052387,1.5093268239301701e-05
2026-07-28 01:12:00,20186.92,914.34,44669.73,49027.78,49028.475000000006,0.6950000000069849,1.4175435805559623e-05
2026-07-28 01:13:00,20187.37,913.83,44669.93,49028.14,49028.47,0.33000000000174623,6.730783155210559e-06
2026-07-28 01:14:00,20187.48,913.74,44669.94,49028.18,49028.465,0.2849999999962165,5.812949681296702e-06
2026-07-28 01:15:00,20188.13,913.34,44669.99,49028.49,49028.46,0.029999999998835847,6.118895025223278e-07
2026-07-28 01:16:00,20188.94,912.84,44670.09,49028.89,49028.455,0.4349999999976717,8.872398691691829e-06
2026-07-28 01:17:00,20189.28,912.7,44670.04,49028.98,49028.45,0.5300000000061118,1.0810050083290657e-05
2026-07-28 01:18:00,20189.64,912.31,44670.0,49029.09,49028.45,0.6399999999994179,1.3053645383433863e-05
2026-07-28 01:19:00,20189.67,911.94,44670.03,49029.12,49028.45,0.6700000000055297,1.366553501090754e-05
2026-07-28 01:20:00,20189.71,911.65,44670.01,49029.13,49028.45,0.680000000000291,1.3869498219917029e-05
2026-07-28 01:21:00,20189.57,911.87,44669.93,49029.01,49028.45,0.5600000000049477,1.1421939710615931e-05
2026-07-28 01:22:00,20189.62,911.99,44669.81,49028.91,49028.435,0.47500000000582077,9.688255397216347e-06
2026-07-28 01:23:00,20189.63,912.22,44669.72,49028.84,49028.42,0.41999999999825377,8.56646002457868e-06
2026-07-28 01:24:00,20189.21,912.68,44669.53,49028.5,49028.42,0.08000000000174623,1.6317066713907206e-06
2026-07-28 01:25:00,20188.77,913.05,44669.42,49028.23,49028.42,0.18999999999505235,3.8753033443674575e-06
2026-07-28 01:26:00,20188.82,913.22,44669.4,49028.24,49028.415,0.17500000000291038,3.569358707657802e-06
2026-07-28 01:27:00,20188.94,913.77,44669.29,49028.19,49028.41,0.22000000000116415,4.4871942614733816e-06
2026-07-28 01:28:00,20189.63,913.97,44669.23,49028.42,49028.41,0.00999999999476131,2.0396337541358795e-07
2026-07-28 01:29:00,20190.55,913.9,44669.26,49028.82,49028.41,0.4099999999962165,8.36249839626079e-06
2026-07-28 01:30:00,20191.13,913.6,44669.25,49029.03,49028.405,0.625,1.2747712270060591e-05
2026-07-28 01:31:00,20191.72,913.46,44669.23,49029.26,49028.4,0.8600000000005821,1.7540853872461308e-05
2026-07-28 01:32:00,20192.03,913.57,44669.12,49029.3,49028.385,0.9150000000008731,1.8662658376384886e-05
2026-07-28 01:33:00,20192.51,913.51,44669.09,49029.46,49028.37,1.0899999999965075,2.223202606973284e-05
2026-07-28 01:34:00,20193.11,913.38,44669.08,49029.7,49028.354999999996,1.3450000000011642,2.7433104781940252e-05
2026-07-28 01:35:00,20193.0,913.28,44669.04,49029.61,49028.34,1.2700000000040745,2.5903385674572596e-05
2026-07-28 01:36:00,20192.91,913.03,44669.08,49029.61,49028.335,1.2750000000014552,2.600537015995863e-05
2026-07-28 01:37:00,20192.78,912.92,44669.12,49029.59,49028.33,1.2599999999947613,2.569942724940379e-05
2026-07-28 01:38:00,20192.72,912.76,44669.23,49029.66,49028.33,1.3300000000017462,2.71271732078524e-05
2026-07-28 01:39:00,20192.52,912.64,44669.17,49029.52,49028.33,1.1899999999950523,2.427168129110358e-05
2026-07-28 01:40:00,20192.6,912.92,44669.18,49029.56,49028.29,1.2699999999967986,2.5903412091198746e-05
2026-07-28 01:41:00,20192.32,913.57,44669.03,49029.32,49028.25,1.069999999999709,2.1824152401925603e-05
2026-07-28 01:42:00,20192.16,913.74,44668.97,49029.2,49028.244999999995,0.9550000000017462,1.947856791532608e-05
2026-07-28 01:43:00,20192.27,913.8,44668.99,49029.27,49028.24,1.0299999999988358,2.1008300522287478e-05
2026-07-28 01:44:00,20192.08,914.22,44668.91,49029.13,49028.24,0.8899999999994179,1.8152803363926952e-05
2026-07-28 01:45:00,20191.8,914.17,44668.91,49029.01,49028.24,0.7700000000040745,1.5705234371131304e-05
2026-07-28 01:46:00,20191.46,914.36,44668.99,49028.94,49028.235,0.7050000000017462,1.4379469299715688e-05
2026-07-28 01:47:00,20191.3,914.63,44668.99,49028.88,49028.23,0.6499999999941792,1.3257668082126953e-05
2026-07-28 01:48:00,20191.22,914.89,44668.96,49028.83,49028.23,0.5999999999985448,1.223784746050479e-05
2026-07-28 01:49:00,20190.93,915.18,44668.92,49028.67,49028.23,0.43999999999505235,8.974421470957697e-06
2026-07-28 01:50:00,20190.6,915.39,44668.95,49028.57,49028.21000000001,0.3599999999933061,7.342711471483582e-06
2026-07-28 01:51:00,20190.34,915.61,44668.93,49028.46,49028.19,0.2699999999967986,5.507035850126194e-06
2026-07-28 01:52:00,20190.47,915.45,44669.06,49028.62,49028.185,0.43500000000494765,8.872447552462888e-06
2026-07-28 01:53:00,20190.37,915.36,44669.16,49028.68,49028.18,0.5,1.0198216617463671e-05
2026-07-28 01:54:00,20190.3,915.1,44669.33,49028.8,49028.18,0.6200000000026193,1.2645788605708377e-05
2026-07-28 01:55:00,20189.92,914.82,44669.42,49028.73,49028.18,0.5500000000029104,1.12180382792694e-05
2026-07-28 01:56:00,20189.62,914.6,44669.56,49028.73,49028.17,0.5600000000049477,1.1422004941341839e-05
2026-07-28 01:57:00,20188.94,914.78,44669.57,49028.45,49028.16,0.28999999999359716,5.914968050883352e-06
2026-07-28 01:58:00,20188.18,914.73,44669.57,49028.16,49028.15,0.010000000002037268,2.039644571952494e-07
2026-07-28 01:59:00,20187.71,914.85,44669.64,49028.01,49028.14,0.12999999999738066,2.6515384837642354e-06
2026-07-28 02:00:00,20187.72,914.7,44669.73,49028.09,49028.14,0.05000000000291038,1.0198224938353849e-06
2026-07-28 02:01:00,20187.54,914.63,44669.85,49028.13,49028.14,0.010000000002037268,2.039644987967577e-07
2026-07-28 02:02:00,20187.29,914.4,44669.95,49028.12,49028.134999999995,0.014999999992141966,3.0594677917367174e-07
2026-07-28 02:03:00,20187.38,914.05,44670.16,49028.33,49028.13,0.20000000000436557,4.079290807223641e-06
2026-07-28 02:04:00,20187.51,913.95,44670.23,49028.45,49028.125,0.3249999999970896,6.628848237559352e-06
2026-07-28 02:05:00,20187.55,913.94,44670.21,49028.45,49028.12,0.32999999999447027,6.730831204510193e-06
2026-07-28 02:06:00,20187.48,913.85,44670.2,49028.41,49028.11,0.3000000000029104,6.1189387068543e-06
2026-07-28 02:07:00,20187.43,913.79,44670.17,49028.37,49028.1,0.27000000000407454,5.507045959441107e-06
2026-07-28 02:08:00,20187.58,913.7,44670.17,49028.42,49028.1,0.31999999999970896,6.526869285159102e-06
2026-07-28 02:09:00,20187.61,913.34,44670.26,49028.51,49028.1,0.41000000000349246,8.36255127168894e-06
2026-07-28 02:10:00,20187.7,913.26,44670.33,49028.6,49028.095,0.5049999999973807,1.0300216641037769e-05
2026-07-28 02:11:00,20187.59,913.39,44670.22,49028.47,49028.09,0.3800000000046566,7.750658857089e-06
2026-07-28 02:12:00,20187.51,913.62,44670.18,49028.41,49028.05,0.3600000000005821,7.34273543411541e-06
2026-07-28 02:13:00,20187.63,913.61,44670.28,49028.54,49028.01,0.5299999999988358,1.0810147097523147e-05
2026-07-28 02:14:00,20187.72,913.6,44670.28,49028.58,49028.01,0.569999999999709,1.162600725584638e-05
2026-07-28 02:15:00,20187.86,913.6,44670.3,49028.67,49028.01,0.6599999999962165,1.3461692611962355e-05
2026-07-28 02:16:00,20187.91,913.49,44670.39,49028.76,49027.985,0.7750000000014552,1.580729862753803e-05
2026-07-28 02:17:00,20187.88,913.58,44670.36,49028.71,49027.96,0.75,1.529739356889416e-05
2026-07-28 02:18:00,20187.55,913.62,44670.32,49028.55,49027.955,0.5950000000011642,1.213593346900078e-05
2026-07-28 02:19:00,20187.37,913.59,44670.36,49028.51,49027.95,0.5600000000049477,1.1422056194577739e-05
2026-07-28 02:20:00,20187.3,913.51,44670.39,49028.5,49027.925,0.5749999999970896,1.1728010108465524e-05
2026-07-28 02:21:00,20187.28,913.39,44670.43,49028.53,49027.9,0.6299999999973807,1.2849826323325711e-05
2026-07-28 02:22:00,20187.13,913.2,44670.53,49028.56,49027.880000000005,0.6799999999930151,1.3869659467083117e-05
2026-07-28 02:23:00,20186.87,913.05,44670.56,49028.48,49027.86,0.6200000000026193,1.264587114352165e-05
2026-07-28 02:24:00,20186.72,913.0,44670.66,49028.51,49027.85,0.6600000000034925,1.346173654368879e-05
2026-07-28 02:25:00,20186.84,913.14,44670.75,49028.65,49027.84,0.8100000000049477,1.652122549157678e-05
2026-07-28 02:26:00,20187.11,912.99,44670.84,49028.83,49027.84,0.9900000000052387,2.0192608934132907e-05
2026-07-28 02:27:00,20187.19,912.86,44670.96,49028.97,49027.84,1.1300000000046566,2.304812938943785e-05
2026-07-28 02:28:00,20186.96,912.93,44670.9,49028.81,49027.825,0.9850000000005821,2.009063220733496e-05
2026-07-28 02:29:00,20186.86,912.8,44670.87,49028.75,49027.81,0.9400000000023283,1.91727919318103e-05
2026-07-28 02:30:00,20187.38,912.58,44671.05,49029.11,49027.8,1.3099999999976717,2.6719534631324915e-05
2026-07-28 02:31:00,20187.48,912.45,44671.17,49029.27,49027.79,1.4799999999959255,3.0186961313082345e-05
2026-07-28 02:32:00,20187.21,912.84,44671.05,49029.04,49027.785,1.2549999999973807,2.5597729940224315e-05
2026-07-28 02:33:00,20187.47,912.87,44670.92,49029.06,49027.78,1.2799999999988358,2.6107647541839257e-05
2026-07-28 02:34:00,20187.76,913.14,44670.98,49029.22,49027.759999999995,1.4600000000064028,2.9779047625394328e-05
2026-07-28 02:35:00,20187.94,913.2,44670.94,49029.24,49027.74,1.5,3.059492442441769e-05
2026-07-28 02:36:00,20188.08,913.17,44670.94,49029.3,49027.735,1.5650000000023283,3.1920707738228746e-05
2026-07-28 02:37:00,20188.09,913.45,44670.86,49029.24,49027.73,1.5099999999947613,3.07988968690731e-05
2026-07-28 02:38:00,20187.93,913.5,44670.86,49029.18,49027.520000000004,1.6599999999962165,3.385853496151175e-05
2026-07-28 02:39:00,20187.85,913.69,44670.87,49029.16,49027.31,1.8500000000058208,3.773407107193564e-05
2026-07-28 02:40:00,20187.96,913.9,44670.91,49029.23,49027.22,2.0100000000020373,4.099763355952137e-05
2026-07-28 02:41:00,20188.05,914.02,44670.87,49029.24,49027.13,2.110000000000582,4.3037395825547654e-05
2026-07-28 02:42:00,20188.24,913.92,44670.89,49029.36,49027.020000000004,2.3399999999965075,4.772878302610494e-05
2026-07-28 02:43:00,20188.35,914.06,44670.93,49029.43,49026.91,2.5199999999967986,5.140034319921036e-05
2026-07-28 02:44:00,20188.49,914.02,44670.88,49029.44,49026.895000000004,2.5449999999982538,5.191028312109616e-05
2026-07-28 02:45:00,20188.65,914.0,44670.96,49029.58,49026.88,2.7000000000043656,5.507182998396728e-05
2026-07-28 02:46:00,20188.76,913.74,44671.07,49029.72,49026.715,3.0050000000046566,6.129311335676185e-05
2026-07-28 02:47:00,20188.68,913.83,44671.16,49029.77,49026.55,3.219999999993888,6.567869858258204e-05
2026-07-28 02:48:00,20188.42,913.99,44671.0,49029.52,49026.39,3.1299999999973807,6.384316691474492e-05
2026-07-28 02:49:00,20188.9,913.85,44671.26,49029.95,49026.23,3.719999999993888,7.587774952293676e-05
2026-07-28 02:50:00,20189.23,913.61,44671.39,49030.2,49026.11,4.0899999999965075,8.342493418295898e-05
2026-07-28 02:51:00,20189.34,913.38,44671.48,49030.32,49025.99,4.330000000001746,8.832050102408429e-05
2026-07-28 02:52:00,20189.27,913.42,44671.56,49030.36,49025.78,4.580000000001746,9.342023727112035e-05
2026-07-28 02:53:00,20189.16,913.47,44671.49,49030.26,49025.57,4.690000000002328,9.566436453471787e-05
2026-07-28 02:54:00,20189.25,913.58,44671.42,49030.23,49025.509999999995,4.72000000000844,9.627640793555111e-05
2026-07-28 02:55:00,20189.31,913.98,44671.45,49030.28,49025.45,4.830000000001746,9.85202583556448e-05
2026-07-28 02:56:00,20189.39,914.16,44671.55,49030.4,49025.104999999996,5.29500000000553,0.00010800588800382029
2026-07-28 02:57:00,20189.56,913.98,44671.38,49030.34,49024.76,5.57999999999447,0.00011382003705871217
2026-07-28 02:58:00,20189.64,914.11,44671.5,49030.48,49024.695,5.7850000000034925,0.00011800175401404318
2026-07-28 02:59:00,20189.35,914.37,44671.44,49030.31,49024.63,5.680000000000291,0.00011586012989797763
2026-07-28 03:00:00,20189.24,914.48,44671.43,49030.25,49024.524999999994,5.725000000005821,0.00011677828597025308
2026-07-28 03:01:00,20189.22,914.73,44671.55,49030.36,49024.42,5.940000000002328,0.00012116410556213268
2026-07-28 03:02:00,20189.22,914.95,44671.49,49030.3,49024.295,6.005000000004657,0.00012249028772376344
2026-07-28 03:03:00,20189.32,915.09,44671.56,49030.41,49024.17,6.240000000005239,0.00012728415391846998
2026-07-28 03:04:00,20189.2,915.24,44671.58,49030.39,49024.119999999995,6.2700000000040745,0.00012789622740814267
2026-07-28 03:05:00,20189.16,915.22,44671.6,49030.4,49024.07,6.330000000001746,0.0001291202464422425
2026-07-28 03:06:00,20189.01,915.3,44671.63,49030.35,49024.119999999995,6.230000000003201,0.00012708030251237966
2026-07-28 03:07:00,20188.94,915.34,44671.56,49030.27,49024.17,6.099999999998545,0.00012442841969580607
2026-07-28 03:08:00,20189.09,915.41,44671.7,49030.47,49024.17,6.30000000000291,0.00012850804001379138
2026-07-28 03:09:00,20188.95,915.48,44671.75,49030.45,49024.17,6.279999999998836,0.00012810007798191864
2026-07-28 03:10:00,20189.04,915.24,44671.87,49030.59,49024.295,6.294999999998254,0.00012840572210162847
2026-07-28 03:11:00,20189.08,915.23,44671.93,49030.65,49024.42,6.230000000003201,0.00012707952485726913
2026-07-28 03:12:00,20189.16,915.32,44671.9,49030.67,49024.524999999994,6.1450000000040745,0.00012534542660034087
2026-07-28 03:13:00,20188.98,915.48,44671.86,49030.56,49024.63,5.930000000000291,0.00012095960744630386
2026-07-28 03:14:00,20188.81,915.6,44671.79,49030.43,49024.64,5.790000000000873,0.00011810387592853049
2026-07-28 03:15:00,20189.05,915.54,44671.91,49030.64,49024.65,5.989999999997963,0.0001221834322121211
2026-07-28 03:16:00,20189.03,915.51,44671.96,49030.67,49024.655,6.014999999999418,0.0001226933672455098
2026-07-28 03:17:00,20189.08,915.51,44672.1,49030.82,49024.66,6.1599999999962165,0.0001256510499001159
2026-07-28 03:18:00,20189.09,915.68,44672.2,49030.92,49024.71000000001,6.209999999991851,0.0001266708155946634
2026-07-28 03:19:00,20189.07,915.7,44672.23,49030.93,49024.76,6.169999999998254,0.00012585477215999128
2026-07-28 03:20:00,20189.29,915.84,44672.33,49031.11,49024.76,6.349999999998545,0.000129526386258669
2026-07-28 03:21:00,20189.49,915.8,44672.32,49031.2,49024.76,6.439999999995052,0.00013136219330793362
2026-07-28 03:22:00,20189.96,915.07,44672.4,49031.45,49024.78,6.669999999998254,0.00013605364470780398
2026-07-28 03:23:00,20190.26,914.89,44672.51,49031.66,49024.8,6.860000000000582,0.0001399291787014038
2026-07-28 03:24:00,20190.88,914.41,44672.64,49032.02,49024.9,7.119999999995343,0.00014523232071856024
2026-07-28 03:25:00,20191.06,914.3,44672.8,49032.24,49025.0,7.239999999997963,0.00014767975522688348
2026-07-28 03:26:00,20191.02,914.54,44672.83,49032.25,49025.130000000005,7.119999999995343,0.00014523163936526722
2026-07-28 03:27:00,20190.68,914.83,44672.64,49031.94,49025.26,6.680000000000291,0.000136256289104847
2026-07-28 03:28:00,20190.26,915.05,44672.61,49031.74,49025.315,6.424999999995634,0.00013105474182053972
2026-07-28 03:29:00,20190.11,915.51,44672.53,49031.63,49025.37,6.259999999994761,0.0001276889904144479
2026-07-28 03:30:00,20190.54,915.83,44672.6,49031.88,49025.385,6.494999999995343,0.00013248238642073578
2026-07-28 03:31:00,20191.03,915.91,44672.59,49032.07,49025.4,6.669999999998254,0.00013605192410461218
2026-07-28 03:32:00,20191.39,915.86,44672.54,49032.17,49025.425,6.744999999995343,0.0001375816731827484
2026-07-28 03:33:00,20191.8,915.51,44672.74,49032.52,49025.45,7.069999999999709,0.00014421081295530605
2026-07-28 03:34:00,20192.03,915.44,44672.86,49032.71,49025.509999999995,7.200000000004366,0.00014686231718965016
2026-07-28 03:35:00,20192.19,914.96,44672.99,49032.88,49025.57,7.309999999997672,0.00014910586455185878
2026-07-28 03:36:00,20192.36,914.65,44673.25,49033.19,49025.725,7.4650000000037835,0.00015226699860132172
2026-07-28 03:37:00,20191.52,915.07,44672.75,49032.39,49025.88,6.510000000002037,0.00013278700963658454
2026-07-28 03:38:00,20191.76,914.94,44672.87,49032.61,49025.78,6.830000000001746,0.0001393144586379196
2026-07-28 03:39:00,20191.81,915.57,44673.04,49032.78,49025.68,7.099999999998545,0.00014482206060167945
2026-07-28 03:40:00,20191.54,915.93,44672.79,49032.44,49025.625,6.815000000002328,0.00013900893665307333
2026-07-28 03:41:00,20191.27,915.91,44672.91,49032.43,49025.57,6.860000000000582,0.00013992698096117152
2026-07-28 03:42:00,20191.02,915.97,44672.99,49032.41,49025.509999999995,6.900000000008731,0.0001407430539735075
2026-07-28 03:43:00,20190.86,916.13,44673.01,49032.36,49025.45,6.9100000000034925,0.00014094720191254733
2026-07-28 03:44:00,20190.66,916.34,44672.99,49032.28,49025.425,6.8549999999959255,0.0001398254069188778
2026-07-28 03:45:00,20190.54,916.78,44673.04,49032.28,49025.4,6.879999999997381,0.00014033541796695958
2026-07-28 03:46:00,20190.58,916.9,44672.92,49032.19,49025.385,6.805000000000291,0.00013880564119996794
2026-07-28 03:47:00,20190.72,916.85,44672.88,49032.23,49025.37,6.860000000000582,0.00013992755179615334
2026-07-28 03:48:00,20190.92,917.08,44673.35,49032.74,49025.385,7.3549999999959255,0.00015002431903382145
2026-07-28 03:49:00,20190.97,916.46,44673.14,49032.54,49025.4,7.139999999999418,0.0001456387913204057
2026-07-28 03:50:00,20190.91,916.71,44673.03,49032.43,49025.425,7.004999999997381,0.00014288504383179503
2026-07-28 03:51:00,20190.98,916.96,44672.94,49032.38,49025.45,6.930000000000291,0.0001413551532928365
2026-07-28 03:52:00,20190.84,916.95,44672.68,49032.08,49025.455,6.625,0.00013513388096041126
2026-07-28 03:53:00,20190.98,917.53,44672.95,49032.41,49025.46,6.950000000004366,0.00014176307575705288
2026-07-28 03:54:00,20191.15,917.73,44673.19,49032.68,49025.515,7.165000000000873,0.00014614838824234428
2026-07-28 03:55:00,20190.83,918.06,44672.98,49032.36,49025.57,6.790000000000873,0.0001384991546248391
2026-07-28 03:56:00,20190.78,918.31,44672.97,49032.35,49025.625,6.724999999998545,0.00013717316199433552
2026-07-28 03:57:00,20190.45,918.78,44672.68,49031.96,49025.68,6.279999999998836,0.0001280961324758542
2026-07-28 03:58:00,20190.62,919.28,44672.73,49032.08,49025.78,6.30000000000291,0.0001285038198270973
2026-07-28 03:59:00,20190.8,919.61,44673.02,49032.42,49025.88,6.540000000000873,0.000133398931339955
2026-07-28 04:00:00,20190.54,919.72,44672.79,49032.12,49025.935,6.185000000004948,0.00012615771631902477
2026-07-28 04:01:00,20190.6,919.87,44672.81,49032.16,49025.99,6.17000000000553,0.0001258516146232953
2026-07-28 04:02:00,20190.9,919.83,44673.22,49032.64,49025.99,6.650000000001455,0.00013564233990994278
2026-07-28 04:03:00,20190.65,919.82,44673.35,49032.66,49025.99,6.67000000000553,0.000136050286796973
2026-07-28 04:04:00,20190.1,920.37,44673.37,49032.47,49026.0,6.470000000001164,0.00013197079100887618
2026-07-28 04:05:00,20189.88,920.81,44673.44,49032.47,49026.01,6.459999999999127,0.0001317667907300457
2026-07-28 04:06:00,20189.85,920.82,44673.52,49032.52,49026.03,6.489999999997963,0.00013237865680737278
2026-07-28 04:07:00,20189.95,920.84,44673.47,49032.52,49026.05,6.469999999993888,0.0001319706564162091
2026-07-28 04:08:00,20189.84,921.31,44673.53,49032.53,49026.14,6.389999999999418,0.00013033863159529627
2026-07-28 04:09:00,20189.91,921.41,44673.74,49032.75,49026.23,6.519999999996799,0.00013299003411024665
2026-07-28 04:10:00,20190.17,920.82,44673.7,49032.81,49026.275,6.5349999999962165,0.00013329587042858583
2026-07-28 04:11:00,20190.63,920.49,44673.93,49033.2,49026.32,6.879999999997381,0.00014033278451242885
2026-07-28 04:12:00,20191.21,920.09,44674.23,49033.7,49026.380000000005,7.319999999992433,0.00014930737288766644
2026-07-28 04:13:00,20191.35,920.36,44674.49,49033.99,49026.44,7.549999999995634,0.0001539985362999156
2026-07-28 04:14:00,20191.03,920.58,44674.23,49033.64,49026.495,7.144999999996799,0.00014573752416926396
2026-07-28 04:15:00,20190.63,920.62,44673.99,49033.25,49026.55,6.69999999999709,0.00013666064611923722
2026-07-28 04:16:00,20190.66,920.66,44674.14,49033.41,49026.57,6.8400000000037835,0.00013951618479538305
2026-07-28 04:17:00,20190.75,921.03,44674.46,49033.74,49026.59,7.150000000001455,0.000145839227243858
2026-07-28 04:18:00,20190.08,921.64,44674.32,49033.35,49026.6,6.75,0.000137680361273268
2026-07-28 04:19:00,20189.82,922.05,44674.31,49033.24,49026.61,6.629999999997381,0.00013523268282260146
2026-07-28 04:20:00,20189.55,922.18,44674.35,49033.17,49026.725,6.444999999999709,0.00013145891348034585
2026-07-28 04:21:00,20189.71,922.33,44674.55,49033.42,49026.84,6.580000000001746,0.0001342121988690633
2026-07-28 04:22:00,20189.35,922.35,44674.61,49033.32,49026.86,6.459999999999127,0.0001317645062318722
2026-07-28 04:23:00,20189.49,922.36,44674.71,49033.49,49026.88,6.610000000000582,0.00013482399859017304
2026-07-28 04:24:00,20190.16,922.04,44675.01,49034.01,49026.88,7.130000000004657,0.00014543042510566974
2026-07-28 04:25:00,20190.16,922.36,44674.85,49033.88,49026.88,7.0,0.00014277881847672136
2026-07-28 04:26:00,20191.04,922.22,44675.02,49034.39,49026.895000000004,7.494999999995343,0.0001528752738674424
2026-07-28 04:27:00,20191.68,921.22,44675.19,49034.8,49026.91,7.889999999999418,0.00016093202692152978
2026-07-28 04:28:00,20191.86,920.13,44675.57,49035.19,49026.95,8.240000000005239,0.0001680708263517359
2026-07-28 04:29:00,20191.79,919.67,44675.6,49035.18,49026.99,8.190000000002328,0.0001670508428113235
2026-07-28 04:30:00,20192.0,920.35,44675.54,49035.22,49026.99,8.230000000003201,0.0001678667199435087
2026-07-28 04:31:00,20191.7,921.06,44675.18,49034.77,49026.99,7.779999999998836,0.00015868810220653638
2026-07-28 04:32:00,20191.86,921.79,44675.24,49034.92,49027.035,7.884999999994761,0.00016082963205902133
2026-07-28 04:33:00,20191.91,922.0,44675.19,49034.9,49027.08,7.819999999999709,0.0001595036865340483
2026-07-28 04:34:00,20191.95,922.1,44675.15,49034.88,49027.104999999996,7.775000000001455,0.00015858574557892937
2026-07-28 04:35:00,20192.38,922.22,44675.27,49035.17,49027.13,8.040000000000873,0.00016399083527836268
2026-07-28 04:36:00,20192.57,922.26,44675.6,49035.56,49027.145000000004,8.414999999993597,0.00017163960903686308
2026-07-28 04:37:00,20192.73,922.75,44675.36,49035.39,49027.16,8.229999999995925,0.00016786613787125187
2026-07-28 04:38:00,20192.65,922.4,44675.2,49035.2,49027.19500000001,8.004999999990105,0.00016327672835433687
2026-07-28 04:39:00,20192.83,922.14,44675.57,49035.62,49027.23,8.389999999999418,0.0001711293907487618
2026-07-28 04:40:00,20192.66,922.22,44675.91,49035.87,49027.270000000004,8.599999999998545,0.00017541258161016398
2026-07-28 04:41:00,20192.04,922.59,44675.73,49035.45,49027.31,8.139999999999418,0.00016602991271598254
2026-07-28 04:42:00,20192.25,922.87,44675.69,49035.52,49027.315,8.20499999999447,0.0001673556873345903
2026-07-28 04:43:00,20192.35,923.07,44675.58,49035.46,49027.32,8.139999999999418,0.00016602987885120822
2026-07-28 04:44:00,20192.51,923.77,44675.78,49035.72,49027.345,8.375,0.000170823037633386
2026-07-28 04:45:00,20192.04,924.09,44675.43,49035.23,49027.37,7.860000000000582,0.00016031861386814306
2026-07-28 04:46:00,20192.1,924.47,44675.66,49035.46,49027.375,8.084999999999127,0.00016490787034792556
2026-07-28 04:47:00,20191.86,923.88,44675.59,49035.28,49027.38,7.900000000001455,0.00016113445181042624
2026-07-28 04:48:00,20192.01,924.56,44675.65,49035.41,49027.395000000004,8.014999999999418,0.00016348002988939993
2026-07-28 04:49:00,20192.15,924.47,44675.83,49035.63,49027.41,8.219999999993888,0.00016766131435443738
2026-07-28 04:50:00,20192.26,924.7,44675.94,49035.78,49027.42,8.360000000000582,0.00017051682507463338
2026-07-28 04:51:00,20192.21,924.89,44675.89,49035.7,49027.43,8.269999999996799,0.00016868108322212278
2026-07-28 04:52:00,20192.36,924.15,44676.09,49035.95,49027.43,8.519999999996799,0.0001737802695347645
2026-07-28 04:53:00,20192.51,924.18,44676.23,49036.13,49027.43,8.69999999999709,0.00017745168367987247
2026-07-28 04:54:00,20192.31,924.52,44676.29,49036.11,49027.505000000005,8.604999999995925,0.00017551372438789052
2026-07-28 04:55:00,20192.12,925.64,44676.05,49035.83,49027.58,8.25,0.00016827263348507106
2026-07-28 04:56:00,20192.16,926.21,44676.4,49036.17,49027.615000000005,8.554999999993015,0.0001744934971850663
2026-07-28 04:57:00,20192.68,925.35,44676.1,49036.1,49027.65,8.44999999999709,0.00017235172397610512
2026-07-28 04:58:00,20192.96,924.61,44676.36,49036.42,49027.69,8.729999999995925,0.0001780626417437967
2026-07-28 04:59:00,20193.18,925.0,44676.35,49036.53,49027.73,8.799999999995634,0.00017949025989976762
2026-07-28 05:00:00,20193.0,925.44,44676.22,49036.34,49027.735,8.604999999995925,0.00017551290101400617
2026-07-28 05:01:00,20193.34,924.89,44676.24,49036.5,49027.74,8.760000000002037,0.00017867435863864084
2026-07-28 05:02:00,20193.57,925.34,44676.66,49036.97,49027.759999999995,9.210000000006403,0.00018785275933484223
2026-07-28 05:03:00,20193.14,925.19,44676.79,49036.9,49027.78,9.12000000000262,0.00018601698873582732
2026-07-28 05:04:00,20192.89,925.52,44676.64,49036.67,49027.785,8.884999999994761,0.00018122376933803476
2026-07-28 05:05:00,20193.3,925.51,44676.87,49037.06,49027.79,9.269999999996799,0.00018907644011685614
2026-07-28 05:06:00,20193.22,926.6,44676.71,49036.87,49027.8,9.069999999999709,0.00018499708328743506
2026-07-28 05:07:00,20192.94,925.94,44676.43,49036.51,49027.81,8.700000000004366,0.0001774503083047023
2026-07-28 05:08:00,20193.22,926.09,44676.63,49036.82,49027.825,8.99500000000262,0.00018346724538570943
2026-07-28 05:09:00,20193.58,926.13,44676.97,49037.27,49027.84,9.430000000000291,0.00019233969924027433
2026-07-28 05:10:00,20193.64,926.1,44676.96,49037.28,49027.84,9.440000000002328,0.00019254366498712422
2026-07-28 05:11:00,20193.64,925.92,44676.86,49037.18,49027.84,9.340000000003783,0.00019050400751907047
2026-07-28 05:12:00,20193.91,925.91,44677.08,49037.49,49027.85,9.639999999999418,0.000196622939818887
2026-07-28 05:13:00,20193.57,926.03,44676.95,49037.24,49027.86,9.37999999999738,0.00019131979246080454
2026-07-28 05:14:00,20193.6,926.52,44677.07,49037.37,49027.86,9.510000000002037,0.00019397134608775576
2026-07-28 05:15:00,20193.7,927.09,44677.1,49037.44,49027.86,9.580000000001746,0.00019539910573298011
2026-07-28 05:16:00,20193.93,927.51,44677.13,49037.58,49027.880000000005,9.69999999999709,0.0001978466129883056
2026-07-28 05:17:00,20193.95,927.79,44677.34,49037.78,49027.9,9.87999999999738,0.0002015179112300829
2026-07-28 05:18:00,20193.58,928.57,44676.99,49037.32,49027.925,9.394999999996799,0.00019162548690357175
2026-07-28 05:19:00,20193.7,928.51,44677.06,49037.44,49027.95,9.490000000005239,0.00019356305943865162
2026-07-28 05:20:00,20193.98,928.08,44677.49,49037.94,49027.95,9.990000000005239,0.0002037613238980059
2026-07-28 05:21:00,20193.5,928.58,44677.45,49037.71,49027.95,9.760000000002037,0.00019907012224663765
2026-07-28 05:22:00,20193.17,929.53,44677.12,49037.3,49027.955,9.345000000001164,0.00019060554330689835
2026-07-28 05:23:00,20193.59,929.64,44677.31,49037.65,49027.96,9.690000000002328,0.00019764232491016002
2026-07-28 05:24:00,20193.89,929.01,44677.74,49038.16,49027.985,10.17500000000291,0.00020753453359347544
2026-07-28 05:25:00,20193.73,928.12,44678.07,49038.35,49028.01,10.339999999996508,0.00021089985092188134
2026-07-28 05:26:00,20193.81,927.86,44678.41,49038.69,49028.01,10.680000000000291,0.00021783466226755463
2026-07-28 05:27:00,20193.25,929.1,44678.0,49038.12,49028.01,10.110000000000582,0.00020620865501170825
2026-07-28 05:28:00,20192.96,929.77,44677.92,49037.95,49028.020000000004,9.929999999993015,0.0002025372429886627
2026-07-28 05:29:00,20192.04,931.02,44677.61,49037.3,49028.03,9.270000000004075,0.00018907551455777592
2026-07-28 05:30:00,20191.82,931.45,44677.76,49037.36,49028.06,9.30000000000291,0.0001896872933581894
2026-07-28 05:31:00,20191.69,931.67,44677.76,49037.31,49028.09,9.220000000001164,0.00018805545963551028
2026-07-28 05:32:00,20191.39,931.94,44677.83,49037.25,49028.095,9.154999999998836,0.00018672966999837206
2026-07-28 05:33:00,20191.09,931.88,44678.08,49037.37,49028.1,9.270000000004075,0.0001890752446047078
2026-07-28 05:34:00,20190.48,932.35,44678.19,49037.22,49028.1,9.12000000000262,0.00018601577462725702
2026-07-28 05:35:00,20190.07,933.63,44678.05,49036.95,49028.1,8.849999999998545,0.0001805087286678159
2026-07-28 05:36:00,20190.16,934.66,44678.12,49037.06,49028.11,8.94999999999709,0.00018254833808598964
2026-07-28 05:37:00,20189.37,935.57,44677.7,49036.33,49028.12,8.209999999999127,0.00016745492178772358
2026-07-28 05:38:00,20189.33,936.38,44677.75,49036.42,49028.125,8.294999999998254,0.0001691886034801097
2026-07-28 05:39:00,20189.3,936.42,44677.94,49036.58,49028.13,8.450000000004366,0.0001723500366015258
2026-07-28 05:40:00,20189.62,935.96,44678.14,49036.87,49028.134999999995,8.735000000007858,0.00017816300783229586
2026-07-28 05:41:00,20189.52,935.48,44678.16,49036.85,49028.14,8.709999999999127,0.00017765307841576545
2026-07-28 05:42:00,20189.92,935.14,44678.63,49037.44,49028.14,9.30000000000291,0.0001896869838423997
2026-07-28 05:43:00,20190.04,934.87,44678.85,49037.68,49028.14,9.540000000000873,0.00019458213181248305
2026-07-28 05:44:00,20189.8,934.24,44678.93,49037.64,49028.15,9.489999999997963,0.00019356226983881632
2026-07-28 05:45:00,20189.37,934.74,44679.05,49037.58,49028.16,9.419999999998254,0.00019213447945014156
2026-07-28 05:46:00,20189.09,935.39,44678.93,49037.38,49028.17,9.209999999999127,0.00018785118840860523
2026-07-28 05:47:00,20188.74,936.45,44678.78,49037.11,49028.18,8.930000000000291,0.00018214014878790709
2026-07-28 05:48:00,20188.5,936.75,44678.16,49036.46,49028.18,8.279999999998836,0.00016888246718517463
2026-07-28 05:49:00,20188.58,936.63,44678.25,49036.59,49028.18,8.409999999996217,0.00017153400350566179
2026-07-28 05:50:00,20188.8,936.13,44678.53,49036.94,49028.185,8.755000000004657,0.00017857075476085147
2026-07-28 05:51:00,20188.84,935.43,44678.73,49037.12,49028.19,8.930000000000291,0.00018214011163782083
2026-07-28 05:52:00,20188.98,934.94,44679.06,49037.46,49028.21000000001,9.249999999992724,0.00018866689197897951
2026-07-28 05:53:00,20188.61,935.38,44679.05,49037.29,49028.23,9.059999999997672,0.00018479149665402302
2026-07-28 05:54:00,20188.68,936.06,44678.83,49037.13,49028.23,8.89999999999418,0.00018152807066447593
2026-07-28 05:55:00,20188.86,935.85,44678.91,49037.29,49028.23,9.059999999997672,0.00018479149665402302
2026-07-28 05:56:00,20188.44,934.87,44679.19,49037.34,49028.235,9.104999999995925,0.00018570931627450845
2026-07-28 05:57:00,20187.76,934.69,44679.23,49037.09,49028.24,8.849999999998545,0.00018050821322565413
2026-07-28 05:58:00,20187.49,935.01,44679.23,49037.0,49028.24,8.760000000002037,0.00017867253648105739
2026-07-28 05:59:00,20186.75,936.08,44678.82,49036.33,49028.24,8.090000000003783,0.0001650069429374537
2026-07-28 06:00:00,20186.68,936.7,44678.6,49036.12,49028.244999999995,7.875000000007276,0.00016062169877806715
2026-07-28 06:01:00,20186.55,937.08,44678.49,49035.98,49028.25,7.730000000003201,0.0001576642038009352
2026-07-28 06:02:00,20186.4,937.16,44678.48,49035.92,49028.25,7.669999999998254,0.000156440419553997
2026-07-28 06:03:00,20186.12,936.99,44678.45,49035.74,49028.25,7.489999999997963,0.00015276906681347923
2026-07-28 06:04:00,20185.89,937.08,44678.24,49035.48,49028.265,7.2150000000037835,0.0001471600106592347
2026-07-28 06:05:00,20185.85,937.6,44678.26,49035.5,49028.28,7.220000000001164,0.00014726194759435095
2026-07-28 06:06:00,20185.86,937.62,44678.32,49035.55,49028.305,7.245000000002619,0.00014777178203494122
2026-07-28 06:07:00,20185.78,937.37,44678.1,49035.31,49028.33,6.9799999999959255,0.00014236666841387264
2026-07-28 06:08:00,20185.65,937.02,44678.22,49035.36,49028.33,7.029999999998836,0.00014338648695557928
2026-07-28 06:09:00,20185.49,936.97,44678.46,49035.52,49028.33,7.189999999995052,0.0001466499062887733
2026-07-28 06:10:00,20185.26,936.73,44678.56,49035.5,49028.335,7.165000000000873,0.00014613998211444206
2026-07-28 06:11:00,20185.44,936.47,44678.55,49035.57,49028.34,7.230000000003201,0.00014746573104459996
2026-07-28 06:12:00,20185.14,936.41,44678.59,49035.47,49028.354999999996,7.115000000005239,0.00014512010447842355
2026-07-28 06:13:00,20184.53,938.03,44678.15,49034.88,49028.37,6.509999999994761,0.00013278026579294317
2026-07-28 06:14:00,20184.98,937.89,44677.96,49034.89,49028.385,6.504999999997381,0.0001326782434297475
2026-07-28 06:15:00,20185.38,937.1,44678.07,49035.14,49028.4,6.739999999997963,0.00013747134313985286
2026-07-28 06:16:00,20185.09,936.18,44678.56,49035.47,49028.405,7.065000000002328,0.0001441001395008124
2026-07-28 06:17:00,20184.36,936.29,44678.86,49035.41,49028.41,7.0,0.00014277436286430663
2026-07-28 06:18:00,20182.89,938.14,44678.28,49034.31,49028.41,5.899999999994179,0.00012033839155693972
2026-07-28 06:19:00,20182.22,939.9,44677.77,49033.63,49028.41,5.219999999993888,0.00010646888202154399
2026-07-28 06:20:00,20182.2,941.7,44677.33,49033.25,49028.415,4.834999999999127,9.861628200705911e-05
2026-07-28 06:21:00,20182.75,942.88,44676.98,49033.18,49028.42,4.760000000002037,9.708654694567023e-05
2026-07-28 06:22:00,20183.4,942.27,44676.97,49033.41,49028.42,4.990000000005239,0.00010177770362588146
2026-07-28 06:23:00,20183.56,940.95,44677.22,49033.69,49028.42,5.2700000000040745,0.00010748867697560058
2026-07-28 06:24:00,20183.68,939.45,44677.9,49034.33,49028.435,5.8950000000040745,0.00012023634855985256
2026-07-28 06:25:00,20182.82,939.59,44677.92,49033.99,49028.45,5.540000000000873,0.00011299561785046995
2026-07-28 06:26:00,20182.01,940.24,44677.76,49033.53,49028.45,5.080000000001746,0.00010361331023113613
2026-07-28 06:27:00,20181.88,941.25,44677.35,49033.13,49028.45,4.680000000000291,9.545478186645287e-05
2026-07-28 06:28:00,20182.27,941.57,44677.38,49033.32,49028.45,4.870000000002619,9.933008283971081e-05
2026-07-28 06:29:00,20183.31,941.22,44677.46,49033.82,49028.45,5.370000000002619,0.0001095282432955278
2026-07-28 06:30:00,20183.86,940.35,44677.83,49034.35,49028.455,5.894999999996799,0.00012023629951212614
2026-07-28 06:31:00,20183.77,938.8,44677.98,49034.43,49028.46,5.970000000001164,0.00012176601100669211
2026-07-28 06:32:00,20183.39,937.08,44678.54,49034.74,49028.465,6.275000000001455,0.0001279868745636123
2026-07-28 06:33:00,20182.25,935.93,44678.98,49034.64,49028.47,6.169999999998254,0.00012584524868914436
2026-07-28 06:34:00,20181.49,936.08,44679.17,49034.51,49028.475000000006,6.0349999999962165,0.0001230917339361711
2026-07-28 06:35:00,20181.44,935.97,44679.43,49034.73,49028.48,6.25,0.00012747692769590245
2026-07-28 06:36:00,20181.07,935.93,44679.34,49034.5,49028.485,6.014999999999418,0.0001226837827030433
2026-07-28 06:37:00,20180.7,937.32,44679.05,49034.1,49028.49,5.610000000000582,0.00011442326696173149
2026-07-28 06:38:00,20181.76,936.94,44678.8,49034.32,49028.494999999995,5.825000000004366,0.00011880846026386015
2026-07-28 06:39:00,20182.04,935.53,44679.16,49034.71,49028.5,6.209999999999127,0.00012666102369028476
2026-07-28 06:40:00,20181.22,933.54,44679.66,49034.8,49028.5,6.30000000000291,0.00012849669070036634
2026-07-28 06:41:00,20180.01,933.64,44679.82,49034.48,49028.5,5.980000000003201,0.00012196987466480111
2026-07-28 06:42:00,20179.07,935.07,44679.48,49033.77,49028.505000000005,5.264999999992142,0.0001073865091336589
2026-07-28 06:43:00,20178.56,936.77,44678.76,49032.95,49028.51,4.439999999995052,9.055955402265033e-05
2026-07-28 06:44:00,20178.57,938.01,44678.43,49032.68,49028.51,4.169999999998254,8.50525541159267e-05
2026-07-28 06:45:00,20177.89,939.0,44677.92,49031.95,49028.51,3.4399999999950523,7.016325807158023e-05
2026-07-28 06:46:00,20177.26,939.83,44677.51,49031.34,49028.51,2.8299999999944703,5.77215175414156e-05
2026-07-28 06:47:00,20177.05,940.98,44677.11,49030.91,49028.51,2.400000000001455,4.895111028259792e-05
2026-07-28 06:48:00,20177.16,941.54,44676.67,49030.56,49028.520000000004,2.039999999993597,4.1608435253472816e-05
2026-07-28 06:49:00,20177.53,941.85,44676.51,49030.59,49028.53,2.0599999999976717,4.2016352519597706e-05
2026-07-28 06:50:00,20178.34,941.68,44676.83,49031.21,49028.535,2.6749999999956344,5.456006384844324e-05
2026-07-28 06:51:00,20178.18,941.78,44676.22,49030.58,49028.54,2.040000000000873,4.160841828047242e-05
2026-07-28 06:52:00,20178.65,940.4,44676.23,49030.77,49028.545,2.224999999998545,4.538172609443223e-05
2026-07-28 06:53:00,20179.14,939.22,44676.89,49031.54,49028.55,2.9899999999979627,6.098487513903557e-05
2026-07-28 06:54:00,20178.85,938.59,44676.94,49031.45,49028.555,2.8949999999967986,5.9047222582774436e-05
2026-07-28 06:55:00,20178.9,938.31,44676.77,49031.32,49028.56,2.7600000000020373,5.6293719415826964e-05
2026-07-28 06:56:00,20179.25,938.62,44676.67,49031.38,49028.565,2.8149999999950523,5.741550869365751e-05
2026-07-28 06:57:00,20179.14,938.32,44676.53,49031.19,49028.57,2.6200000000026193,5.343822999533985e-05
2026-07-28 06:58:00,20179.33,938.22,44676.47,49031.21,49028.57,2.639999999999418,5.38461554150859e-05
2026-07-28 06:59:00,20179.25,937.55,44676.48,49031.18,49028.57,2.610000000000582,5.323426728539262e-05
2026-07-28 07:00:00,20179.1,936.68,44676.52,49031.13,49028.57,2.5599999999976717,5.2214453735804895e-05
2026-07-28 07:01:00,20178.86,935.98,44676.65,49031.14,49028.57,2.569999999999709,5.241841644575212e-05
2026-07-28 07:02:00,20178.64,935.69,44676.69,49031.08,49028.575,2.5050000000046566,5.109265362096811e-05
2026-07-28 07:03:00,20178.52,935.57,44676.63,49030.98,49028.58,2.400000000001455,4.895104039320443e-05
2026-07-28 07:04:00,20178.38,935.43,44676.55,49030.84,49028.59,2.25,4.5891591008429985e-05
2026-07-28 07:05:00,20178.13,935.15,44676.48,49030.69,49028.6,2.0900000000037835,4.2628180286685394e-05
2026-07-28 07:06:00,20178.11,934.41,44676.56,49030.75,49028.61,2.139999999999418,4.364798430955758e-05
2026-07-28 07:07:00,20177.82,933.71,44676.43,49030.49,49028.62,1.8699999999953434,3.8140987855569736e-05
2026-07-28 07:08:00,20177.5,933.41,44676.32,49030.26,49028.62,1.639999999999418,3.344985031190798e-05
2026-07-28 07:09:00,20177.49,933.54,44676.25,49030.2,49028.62,1.5799999999944703,3.222607530039537e-05
2026-07-28 07:10:00,20177.27,933.34,44676.11,49029.97,49028.625,1.3450000000011642,2.7432953708189127e-05
2026-07-28 07:11:00,20177.07,933.19,44675.96,49029.74,49028.63,1.110000000000582,2.263983309345136e-05
2026-07-28 07:12:00,20177.0,932.95,44675.84,49029.6,49028.634999999995,0.9650000000037835,1.968237541191558e-05
2026-07-28 07:13:00,20176.44,932.29,44675.73,49029.26,49028.64,0.6200000000026193,1.264566995948938e-05
2026-07-28 07:14:00,20175.78,932.57,44675.63,49028.9,49028.645000000004,0.25499999999738066,5.201041146402896e-06
2026-07-28 07:15:00,20175.56,932.42,44675.42,49028.63,49028.65,0.020000000004074536,4.079247542829455e-07
2026-07-28 07:16:00,20175.5,933.47,44675.0,49028.24,49028.655,0.4150000000008731,8.464437786451068e-06
2026-07-28 07:17:00,20175.8,933.1,44674.71,49028.1,49028.66,0.5600000000049477,1.1421890788060444e-05
2026-07-28 07:18:00,20175.24,932.42,44674.69,49027.84,49028.665,0.8250000000043656,1.6826890962753432e-05
2026-07-28 07:19:00,20174.57,932.68,44674.4,49027.31,49028.67,1.360000000000582,2.7738871970228482e-05
2026-07-28 07:20:00,20174.36,932.35,44674.3,49027.13,49028.67,1.5400000000008731,3.141019326041015e-05
2026-07-28 07:21:00,20174.09,931.62,44674.16,49026.88,49028.67,1.7900000000008731,3.6509250607876437e-05
2026-07-28 07:22:00,20174.16,931.44,44674.17,49026.91,49028.67,1.7599999999947613,3.5897363726055824e-05
2026-07-28 07:23:00,20173.86,931.54,44673.91,49026.55,49028.67,2.1199999999953434,4.324000630641915e-05
2026-07-28 07:24:00,20173.7,931.76,44673.64,49026.23,49028.675,2.444999999999709,4.986877577253941e-05
2026-07-28 07:25:00,20173.68,931.85,44673.37,49025.99,49028.68,2.6900000000023283,5.486584586822097e-05
2026-07-28 07:26:00,20173.4,931.48,44673.04,49025.57,49028.695,3.125,6.373818434286289e-05
2026-07-28 07:27:00,20173.35,931.97,44672.92,49025.45,49028.71,3.2600000000020373,6.649165356384121e-05
2026-07-28 07:28:00,20172.85,932.51,44672.38,49024.76,49028.71,3.9499999999970896,8.056504036098624e-05
2026-07-28 07:29:00,20172.83,932.35,44672.01,49024.42,49028.71,4.290000000000873,8.749975269593822e-05
2026-07-28 07:30:00,20173.28,932.06,44672.04,49024.63,49028.72,4.0900000000037835,8.342049313144997e-05
2026-07-28 07:31:00,20173.15,932.24,44671.59,49024.17,49028.73,4.560000000004948,9.300669219873627e-05
2026-07-28 07:32:00,20172.89,932.13,44671.27,49023.78,49028.73,4.950000000004366,0.00010096121192623928
2026-07-28 07:33:00,20173.93,932.78,44670.99,49023.97,49028.73,4.760000000002037,9.708593308458198e-05
2026-07-28 07:34:00,20173.8,930.43,44671.21,49024.07,49028.735,4.665000000000873,9.514828396043408e-05
2026-07-28 07:35:00,20172.66,931.76,44670.99,49023.43,49028.74,5.309999999997672,0.00010830382343086264
2026-07-28 07:36:00,20173.74,931.86,44670.41,49023.34,49028.744999999995,5.404999999998836,0.00011024145121395288
2026-07-28 07:37:00,20174.06,930.96,44670.53,49023.56,49028.75,5.190000000002328,0.00010585625780796631
2026-07-28 07:38:00,20173.52,931.73,44670.07,49022.94,49028.755000000005,5.815000000002328,0.00011860386828101851
2026-07-28 07:39:00,20173.53,932.96,44669.38,49022.34,49028.76,6.42000000000553,0.00013094355231512136
2026-07-28 07:40:00,20172.82,933.61,44669.01,49021.72,49028.76,7.040000000000873,0.00014358919132364091
2026-07-28 07:41:00,20172.58,934.75,44668.33,49021.03,49028.76,7.730000000003201,0.00015766256376875941
2026-07-28 07:42:00,20173.47,935.0,44668.19,49021.27,49028.775,7.505000000004657,0.00015307337374847029
2026-07-28 07:43:00,20173.34,934.86,44667.88,49020.92,49028.79,7.870000000002619,0.0001605179324230237
2026-07-28 07:44:00,20173.83,933.89,44667.78,49021.02,49028.795,7.775000000001455,0.00015858027920126236
2026-07-28 07:45:00,20174.19,932.86,44668.15,49021.49,49028.8,7.310000000004948,0.00014909604151039688
2026-07-28 07:46:00,20174.37,932.21,44668.27,49021.65,49028.805,7.154999999998836,0.0001459346194548049
2026-07-28 07:47:00,20174.4,930.93,44668.32,49021.7,49028.81,7.110000000000582,0.00014501677687059063
2026-07-28 07:48:00,20174.65,930.4,44668.52,49021.98,49028.815,6.834999999999127,0.00013940781558761164
2026-07-28 07:49:00,20174.08,929.98,44668.53,49021.74,49028.82,7.080000000001746,0.00014440486228307648
2026-07-28 07:50:00,20173.67,930.41,44668.37,49021.44,49028.825,7.384999999994761,0.0001506256778536863
2026-07-28 07:51:00,20173.73,930.01,44668.27,49021.37,49028.83,7.459999999999127,0.00015215537470502816
2026-07-28 07:52:00,20173.51,929.74,44668.34,49021.33,49028.83,7.5,0.00015297122121820978
2026-07-28 07:53:00,20173.31,930.0,44668.04,49020.99,49028.83,7.8400000000037835,0.00015990591658017911
2026-07-28 07:54:00,20173.28,930.1,44667.89,49020.85,49028.835,7.985000000000582,0.00016286334358139618
2026-07-28 07:55:00,20173.33,929.6,44667.72,49020.71,49028.84,8.12999999999738,0.00016582076997941173
2026-07-28 07:56:00,20173.48,930.14,44667.53,49020.6,49028.85,8.25,0.00016826827469948815
2026-07-28 07:57:00,20173.75,929.97,44667.57,49020.72,49028.86,8.139999999999418,0.00016602466384083614
2026-07-28 07:58:00,20173.56,929.71,44667.3,49020.42,49028.869999999995,8.44999999999709,0.0001723474352967362
2026-07-28 07:59:00,20173.55,929.39,44667.03,49020.2,49028.88,8.680000000000291,0.00017703851281123068
2026-07-28 08:00:00,20173.09,927.48,44667.82,49020.7,49028.884999999995,8.184999999997672,0.00016694240548194544
2026-07-28 08:01:00,20172.98,930.29,44667.58,49020.48,49028.89,8.409999999996217,0.00017153151947752065
2026-07-28 08:02:00,20175.31,930.05,44666.87,49020.79,49028.89,8.099999999998545,0.00016520871673820364
2026-07-28 08:03:00,20174.86,929.55,44667.02,49020.72,49028.89,8.169999999998254,0.00016663644638902195
2026-07-28 08:04:00,20174.02,928.84,44666.79,49020.17,49028.895000000004,8.72500000000582,0.00017795628475832098
2026-07-28 08:05:00,20173.53,928.13,44666.78,49019.95,49028.9,8.950000000004366,0.0001825453966946916
2026-07-28 08:06:00,20173.5,927.31,44667.08,49020.19,49028.905,8.714999999996508,0.00017775228714564414
2026-07-28 08:07:00,20173.16,928.09,44666.8,49019.8,49028.91,9.110000000000582,0.0001858087401902384
2026-07-28 08:08:00,20173.46,928.85,44666.53,49019.69,49028.915,9.224999999998545,0.00018815427590022224
2026-07-28 08:09:00,20174.28,930.4,44665.83,49019.41,49028.92,9.509999999994761,0.0001939671524478769
2026-07-28 08:10:00,20174.86,930.44,44665.33,49019.19,49028.93,9.739999999997963,0.0001986582207687984
2026-07-28 08:11:00,20175.43,930.29,44665.22,49019.32,49028.94,9.62000000000262,0.00019621064620207207
2026-07-28 08:12:00,20175.59,930.23,44665.05,49019.22,49028.955,9.735000000000582,0.00019855613891833063
2026-07-28 08:13:00,20175.71,929.95,44664.65,49018.91,49028.97,10.059999999997672,0.0002051848121630471
2026-07-28 08:14:00,20175.61,928.92,44664.95,49019.13,49028.975000000006,9.84500000000844,0.0002007996291990285
2026-07-28 08:15:00,20175.56,928.62,44665.11,49019.25,49028.98,9.730000000003201,0.00019845405717196647
2026-07-28 08:16:00,20175.29,927.5,44665.34,49019.33,49028.995,9.665000000000873,0.00019712825033433527
2026-07-28 08:17:00,20174.88,927.81,44665.41,49019.23,49029.01,9.779999999998836,0.00019947374013872267
2026-07-28 08:18:00,20174.93,927.39,44665.32,49019.16,49029.01,9.849999999998545,0.00020090146629512905
2026-07-28 08:19:00,20174.9,927.11,44665.31,49019.14,49029.01,9.87000000000262,0.00020130938805418708
2026-07-28 08:20:00,20174.75,927.04,44665.29,49019.05,49029.01,9.959999999999127,0.00020314503596950307
2026-07-28 08:21:00,20174.47,927.07,44665.03,49018.69,49029.01,10.319999999999709,0.0002104876276310639
2026-07-28 08:22:00,20174.73,926.91,44665.23,49018.98,49029.020000000004,10.040000000000873,0.00020477668123900647
2026-07-28 08:23:00,20174.44,926.78,44665.22,49018.85,49029.03,10.180000000000291,0.00020763209062060357
2026-07-28 08:24:00,20174.62,926.87,44665.18,49018.89,49029.035,10.145000000004075,0.00020691820673207363
2026-07-28 08:25:00,20174.5,926.7,44665.13,49018.8,49029.04,10.239999999997963,0.00020885581279988274
2026-07-28 08:26:00,20174.45,926.66,44665.14,49018.79,49029.045,10.25499999999738,0.0002091617326015096
2026-07-28 08:27:00,20174.59,926.61,44665.0,49018.71,49029.05,10.340000000003783,0.0002108953773324954
2026-07-28 08:28:00,20174.55,926.29,44664.96,49018.65,49029.055,10.404999999998836,0.0002122211003250794
2026-07-28 08:29:00,20174.32,925.78,44664.83,49018.43,49029.06,10.62999999999738,0.00021681019379113899
2026-07-28 08:30:00,20174.84,925.59,44665.23,49019.01,49029.06,10.049999999995634,0.00020498047484482948
2026-07-28 08:31:00,20174.79,925.44,44665.17,49018.93,49029.06,10.12999999999738,0.00020661216021676494
2026-07-28 08:32:00,20174.3,925.12,44665.08,49018.64,49029.075,10.434999999997672,0.0002128328955828286
2026-07-28 08:33:00,20174.35,924.84,44665.23,49018.79,49029.09,10.299999999995634,0.0002100793630882326
2026-07-28 08:34:00,20173.98,924.52,44665.04,49018.46,49029.09,10.62999999999738,0.00021681006112896203
2026-07-28 08:35:00,20173.53,924.18,44664.91,49018.15,49029.09,10.939999999995052,0.00022313283807623297
2026-07-28 08:36:00,20173.96,924.01,44665.31,49018.7,49029.1,10.400000000001455,0.00021211892529133627
2026-07-28 08:37:00,20173.78,923.75,44665.31,49018.61,49029.11,10.5,0.00021415848666231143
2026-07-28 08:38:00,20173.71,923.37,44665.39,49018.65,49029.115000000005,10.465000000003783,0.00021344460327305076
2026-07-28 08:39:00,20173.15,923.09,44665.28,49018.31,49029.12,10.810000000004948,0.0002204812160610867
2026-07-28 08:40:00,20173.16,922.94,44665.72,49018.72,49029.125,10.404999999998836,0.00021222079733217421
2026-07-28 08:41:00,20172.77,922.73,44665.4,49018.25,49029.13,10.87999999999738,0.00022190889375351718
2026-07-28 08:42:00,20172.52,922.84,44665.22,49018.0,49029.13,11.12999999999738,0.00022700790326072237
2026-07-28 08:43:00,20172.48,922.51,44665.31,49018.06,49029.13,11.069999999999709,0.00022578414097904062
2026-07-28 08:44:00,20171.9,922.16,44665.4,49017.91,49029.145000000004,11.235000000000582,0.00022914941714771044
2026-07-28 08:45:00,20171.76,921.88,44665.48,49017.9,49029.16,11.260000000002037,0.00022965924768040156
2026-07-28 08:46:00,20171.61,921.61,44665.61,49017.95,49029.16,11.210000000006403,0.0002286394464030467
2026-07-28 08:47:00,20171.48,921.38,44665.66,49017.94,49029.16,11.220000000001164,0.00022884340665842864
2026-07-28 08:48:00,20171.33,921.39,44665.69,49017.91,49029.17,11.259999999994761,0.0002296592008389039
2026-07-28 08:49:00,20171.54,921.22,44665.67,49017.97,49029.18,11.209999999999127,0.00022863935313621658
2026-07-28 08:50:00,20171.85,921.03,44665.75,49018.19,49029.19,11.0,0.00022435614375844267
2026-07-28 08:51:00,20171.8,921.06,44665.74,49018.2,49029.2,11.0,0.00022435609799874363
2026-07-28 08:52:00,20171.68,920.81,44665.72,49018.09,49029.21,11.12000000000262,0.00022680357280899731
2026-07-28 08:53:00,20172.08,921.01,44665.71,49018.24,49029.22,10.980000000003201,0.00022394808646768603
2026-07-28 08:54:00,20172.32,920.6,44665.67,49018.29,49029.225000000006,10.935000000004948,0.00022303024369659007
2026-07-28 08:55:00,20171.87,919.97,44665.8,49018.21,49029.23,11.020000000004075,0.00022476388064842287
2026-07-28 08:56:00,20171.5,919.71,44666.02,49018.26,49029.235,10.974999999998545,0.00022384603798118703
2026-07-28 08:57:00,20171.07,919.62,44666.06,49018.12,49029.24,11.119999999995343,0.0002268034340323314
2026-07-28 08:58:00,20171.05,919.0,44666.13,49018.19,49029.24,11.049999999995634,0.0002253757145735001
2026-07-28 08:59:00,20170.83,918.88,44666.39,49018.31,49029.24,10.930000000000291,0.00022292819550130273
2026-07-28 09:00:00,20170.36,918.9,44666.42,49018.15,49029.24,11.089999999996508,0.00022619155426428206
2026-07-28 09:01:00,20170.02,918.49,44666.35,49017.92,49029.24,11.319999999999709,0.00023088263248624105
2026-07-28 09:02:00,20170.04,918.21,44666.55,49018.11,49029.244999999995,11.134999999994761,0.00022710935075575327
2026-07-28 09:03:00,20169.8,917.41,44666.6,49018.05,49029.25,11.19999999999709,0.00022843506682229667
2026-07-28 09:04:00,20169.06,916.35,44667.18,49018.26,49029.255000000005,10.99500000000262,0.00022425386639064
2026-07-28 09:05:00,20169.28,916.98,44667.06,49018.25,49029.26,11.010000000002037,0.0002245597832804745
2026-07-28 09:06:00,20169.19,916.68,44666.94,49018.1,49029.26,11.160000000003492,0.00022761918087288064
2026-07-28 09:07:00,20169.27,917.5,44666.7,49017.93,49029.26,11.330000000001746,0.00023108649814420503
2026-07-28 09:08:00,20169.47,917.38,44666.63,49017.94,49029.265,11.32499999999709,0.00023098449466858395
2026-07-28 09:09:00,20169.53,917.24,44666.54,49017.88,49029.27,11.389999999999418,0.00023231020979915505
2026-07-28 09:10:00,20169.01,916.85,44666.41,49017.55,49029.27,11.719999999993888,0.00023904088312948346
2026-07-28 09:11:00,20168.94,916.18,44666.39,49017.51,49029.27,11.759999999994761,0.0002398567223210699
2026-07-28 09:12:00,20168.14,915.48,44666.87,49017.59,49029.27,11.680000000000291,0.00023822504393804543
2026-07-28 09:13:00,20166.58,915.69,44666.85,49016.95,49029.27,12.319999999999709,0.0002512784710031316
2026-07-28 09:14:00,20165.82,915.37,44666.81,49016.59,49029.285,12.695000000006985,0.0002589268842082234
2026-07-28 09:15:00,20165.66,914.75,44667.04,49016.75,49029.3,12.55000000000291,0.0002559693897323215
2026-07-28 09:16:00,20165.68,914.57,44667.15,49016.86,49029.3,12.440000000002328,0.0002537258333282818
2026-07-28 09:17:00,20165.31,914.4,44667.0,49016.55,49029.3,12.75,0.0002600485831941308
2026-07-28 09:18:00,20164.59,914.72,44666.63,49015.94,49029.31,13.369999999995343,0.0002726940273072443
2026-07-28 09:19:00,20163.97,915.27,44666.64,49015.72,49029.32,13.599999999998545,0.00027738504225631813
2026-07-28 09:20:00,20163.69,915.0,44666.4,49015.37,49029.34,13.969999999993888,0.0002849314308533194
2026-07-28 09:21:00,20164.01,914.54,44666.4,49015.49,49029.36,13.87000000000262,0.00028289172038963224
2026-07-28 09:22:00,20164.23,913.71,44666.36,49015.53,49029.380000000005,13.85000000000582,0.000282483686312285
2026-07-28 09:23:00,20163.8,912.95,44666.37,49015.34,49029.4,14.060000000004948,0.00028676671548101643
2026-07-28 09:24:00,20163.98,913.33,44666.3,49015.36,49029.415,14.055000000000291,0.00028666464815050907
2026-07-28 09:25:00,20164.37,913.6,44665.85,49015.11,49029.43,14.319999999999709,0.0002920694774546575
2026-07-28 09:26:00,20163.99,913.43,44665.49,49014.63,49029.435,14.805000000000291,0.00030196146457735624
2026-07-28 09:27:00,20164.1,913.66,44665.44,49014.65,49029.44,14.790000000000873,0.00030165549514742313
2026-07-28 09:28:00,20164.92,913.35,44665.56,49015.1,49029.45,14.349999999998545,0.00029268123546151437
2026-07-28 09:29:00,20165.01,912.94,44665.41,49014.97,49029.46,14.489999999997963,0.0002955366018715679
2026-07-28 09:30:00,20164.98,912.33,44665.63,49015.16,49029.49,14.32999999999447,0.00029227307891627
2026-07-28 09:31:00,20164.37,911.86,44665.48,49014.76,49029.52,14.759999999994761,0.0003010431266713352
2026-07-28 09:32:00,20163.31,911.66,44665.3,49014.15,49029.52,15.369999999995343,0.00031348461090370343
2026-07-28 09:33:00,20162.79,911.25,44665.44,49014.08,49029.52,15.439999999995052,0.00031491232220904984
2026-07-28 09:34:00,20162.97,910.97,44665.52,49014.22,49029.53999999999,15.319999999992433,0.0003124646896542867
2026-07-28 09:35:00,20162.61,910.33,44665.37,49013.92,49029.56,15.639999999999418,0.0003189912371230625
2026-07-28 09:36:00,20162.63,910.25,44665.38,49013.94,49029.57,15.62999999999738,0.0003187872135121189
2026-07-28 09:37:00,20162.66,910.22,44665.11,49013.7,49029.58,15.880000000004657,0.0003238861112007212
2026-07-28 09:38:00,20162.9,909.99,44665.1,49013.78,49029.585,15.805000000000291,0.0003223563895146225
2026-07-28 09:39:00,20162.84,909.76,44664.82,49013.5,49029.59,16.089999999996508,0.0003281691729422275
2026-07-28 09:40:00,20162.88,909.67,44664.77,49013.46,49029.595,16.135000000002037,0.00032908695248251666
2026-07-28 09:41:00,20163.01,909.63,44664.45,49013.21,49029.6,16.389999999999418,0.0003342878587628579
2026-07-28 09:42:00,20163.32,909.55,44664.5,49013.38,49029.604999999996,16.224999999998545,0.0003309225110012317
2026-07-28 09:43:00,20163.3,909.49,44664.21,49013.1,49029.61,16.510000000002037,0.00033673529118428714
2026-07-28 09:44:00,20163.37,909.16,44664.02,49012.97,49029.61,16.639999999999418,0.00033938675016993643
2026-07-28 09:45:00,20163.28,908.97,44663.77,49012.68,49029.61,16.93000000000029,0.0003453015432919065
2026-07-28 09:46:00,20163.36,908.81,44663.67,49012.64,49029.630000000005,16.99000000000524,0.00034652515223968113
2026-07-28 09:47:00,20163.33,908.65,44663.6,49012.55,49029.65,17.099999999998545,0.0003487685512745562
2026-07-28 09:48:00,20163.3,908.54,44663.47,49012.43,49029.655,17.224999999998545,0.000351317993161456
2026-07-28 09:49:00,20163.51,908.29,44663.38,49012.42,49029.66,17.24000000000524,0.00035162389459778503
2026-07-28 09:50:00,20163.37,907.88,44663.07,49012.08,49029.68,17.599999999998545,0.00035896624248819376
2026-07-28 09:51:00,20163.5,907.7,44663.02,49012.07,49029.7,17.62999999999738,0.000359577970087465
2026-07-28 09:52:00,20163.43,907.46,44662.86,49011.89,49029.71,17.81999999999971,0.0003634530981317187
2026-07-28 09:53:00,20163.33,907.14,44662.72,49011.72,49029.72,18.0,0.0003671242666692773
2026-07-28 09:54:00,20163.37,906.77,44662.58,49011.59,49029.725000000006,18.135000000009313,0.00036987766094974655
2026-07-28 09:55:00,20163.51,906.51,44662.3,49011.4,49029.72,18.31999999999971,0.0003736509202989474
2026-07-28 09:56:00,20163.66,906.16,44662.22,49011.38,49029.725000000006,18.34500000000844,0.0003741607769574159
2026-07-28 09:57:00,20163.56,906.13,44661.98,49011.11,49029.73,18.62000000000262,0.00037976958061981207
2026-07-28 09:58:00,20163.59,905.94,44661.67,49010.84,49029.735,18.895000000004075,0.000385378383138397
2026-07-28 09:59:00,20163.64,905.46,44661.35,49010.57,49029.74,19.169999999998254,0.0003909871845128743
2026-07-28 10:00:00,20163.75,905.16,44661.27,49010.51,49029.755,19.244999999995343,0.0003925167482479842
2026-07-28 10:01:00,20163.93,904.94,44661.09,49010.42,49029.77,19.349999999998545,0.00039465818420111995
2026-07-28 10:02:00,20163.88,904.57,44660.74,49010.07,49029.78999999999,19.719999999993888,0.00040220445569915536
2026-07-28 10:03:00,20163.85,904.15,44660.49,49009.83,49029.81,19.979999999995925,0.000407507187973927
2026-07-28 10:04:00,20163.82,903.63,44660.32,49009.65,49029.815,20.165000000000873,0.00041128036073562326
2026-07-28 10:05:00,20163.95,903.35,44660.14,49009.54,49029.82,20.279999999998836,0.0004136258301580311
2026-07-28 10:06:00,20163.65,903.2,44659.76,49009.07,49029.83,20.760000000002037,0.00042341570427639736
2026-07-28 10:07:00,20163.4,903.05,44659.35,49008.6,49029.84,21.239999999997963,0.00043320557440118025
2026-07-28 10:08:00,20163.24,902.76,44659.13,49008.33,49029.884999999995,21.554999999993015,0.0004396298298475107
2026-07-28 10:09:00,20163.02,902.61,44658.81,49007.95,49029.93,21.9800000000032,0.0004482976010776112
2026-07-28 10:10:00,20162.91,902.39,44658.29,49007.42,49029.94,22.520000000004075,0.00045931118822507377
2026-07-28 10:11:00,20163.06,901.86,44658.01,49007.22,49029.95,22.729999999995925,0.0004635941908975213
2026-07-28 10:12:00,20162.97,901.33,44657.78,49006.97,49029.96,22.989999999997963,0.00046889697646088156
2026-07-28 10:13:00,20162.67,901.19,44657.47,49006.58,49029.97,23.389999999999418,0.00047705515626461566
2026-07-28 10:14:00,20162.5,901.07,44657.28,49006.33,49030.025,23.69499999999971,0.00048327529916616826
2026-07-28 10:15:00,20162.32,900.61,44657.1,49006.09,49030.08,23.99000000000524,0.0004892914716844279
2026-07-28 10:16:00,20162.45,900.08,44656.95,49005.99,49030.100000000006,24.110000000007858,0.0004917387482384873
2026-07-28 10:17:00,20162.24,899.77,44656.62,49005.6,49030.12,24.520000000004075,0.0005001007543935049
2026-07-28 10:18:00,20161.89,899.4,44656.32,49005.16,49030.16,25.0,0.0005098902389875945
2026-07-28 10:19:00,20161.81,899.32,44656.02,49004.85,49030.2,25.349999999998545,0.0005170282805291136
2026-07-28 10:20:00,20162.13,898.86,44655.89,49004.86,49030.16,25.30000000000291,0.000516008921855505
2026-07-28 10:21:00,20161.89,898.26,44655.59,49004.46,49030.12,25.660000000003492,0.0005233517682600714
2026-07-28 10:22:00,20161.68,897.8,44655.4,49004.2,49030.11,25.910000000003492,0.0005284507825906059
2026-07-28 10:23:00,20161.26,897.65,44655.18,49003.83,49030.1,26.2699999999968,0.0005357933187979792
2026-07-28 10:24:00,20161.32,897.31,44654.9,49003.62,49030.09,26.469999999993888,0.0005398725558120308
2026-07-28 10:25:00,20161.09,896.7,44654.72,49003.33,49030.08,26.75,0.0005455834459172818
2026-07-28 10:26:00,20160.66,896.46,44654.43,49002.91,49030.025,27.114999999997963,0.000553028475918541
2026-07-28 10:27:00,20160.6,896.03,44654.32,49002.75,49029.97,27.220000000001164,0.000555170643588017
2026-07-28 10:28:00,20160.71,895.59,44654.41,49002.89,49029.96,27.06999999999971,0.0005521114029054828
2026-07-28 10:29:00,20160.12,895.22,44653.94,49002.22,49029.95,27.729999999995925,0.0005655726754768448
2026-07-28 10:30:00,20160.14,894.86,44653.88,49002.17,49029.94,27.770000000004075,0.0005663886188725516
2026-07-28 10:31:00,20160.14,894.5,44653.9,49002.18,49029.93,27.75,0.0005659808202867106
2026-07-28 10:32:00,20159.71,894.25,44653.67,49001.79,49029.884999999995,28.094999999993888,0.0005730178645125089
2026-07-28 10:33:00,20159.28,893.88,44653.32,49001.27,49029.84,28.56999999999971,0.0005827063682035207
2026-07-28 10:34:00,20159.35,893.37,44653.25,49001.24,49029.84,28.599999999998545,0.0005833182404837247
2026-07-28 10:35:00,20159.43,892.94,44653.24,49001.27,49029.84,28.56999999999971,0.0005827063682035207
2026-07-28 10:36:00,20159.1,892.54,44652.93,49000.82,49029.83,29.010000000002037,0.0005916806156578972
2026-07-28 10:37:00,20159.16,891.97,44652.72,49000.69,49029.82,29.12999999999738,0.0005941282264547857
2026-07-28 10:38:00,20159.39,891.49,44652.76,49000.79,49029.815,29.025000000001455,0.0005919867329705702
2026-07-28 10:39:00,20159.2,891.09,44652.69,49000.63,49029.81,29.18000000000029,0.0005951481353894762
2026-07-28 10:40:00,20159.52,890.56,44652.8,49000.86,49029.78999999999,28.929999999993015,0.0005900494372909412
2026-07-28 10:41:00,20159.26,890.16,44652.62,49000.59,49029.77,29.18000000000029,0.0005951486209296983
2026-07-28 10:42:00,20159.17,889.6,44652.34,49000.29,49029.755,29.464999999996508,0.000600961599746858
2026-07-28 10:43:00,20159.15,889.4,44652.36,49000.29,49029.74,29.44999999999709,0.0006006558468390224
2026-07-28 10:44:00,20159.33,889.04,44652.4,49000.41,49029.735,29.32499999999709,0.0005981064347991498
2026-07-28 10:45:00,20159.08,888.38,44652.08,48999.99,49029.73,29.74000000000524,0.0006065707479932123
2026-07-28 10:46:00,20158.92,888.07,44652.17,49000.0,49029.725000000006,29.72500000000582,0.0006062648729929816
2026-07-28 10:47:00,20158.62,888.04,44652.1,48999.85,49029.72,29.87000000000262,0.0006092223247451264
2026-07-28 10:48:00,20158.77,887.44,44652.01,48999.78,49029.71,29.93000000000029,0.0006104461968059834
2026-07-28 10:49:00,20158.61,886.98,44651.87,48999.61,49029.7,30.089999999996508,0.0006137096494572985
2026-07-28 10:50:00,20158.62,886.6,44651.88,48999.61,49029.685,30.07499999999709,0.0006134039001065802
2026-07-28 10:51:00,20158.76,886.16,44652.07,48999.82,49029.67,29.849999999998545,0.0006088150297564423
2026-07-28 10:52:00,20158.61,885.66,44651.98,48999.67,49029.665,29.99500000000262,0.0006117724850863782
2026-07-28 10:53:00,20158.27,885.2,44651.9,48999.44,49029.66,30.220000000001164,0.0006163616064235641
2026-07-28 10:54:00,20158.34,884.65,44651.87,48999.45,49029.655,30.205000000001746,0.0006160557319850965
2026-07-28 10:55:00,20158.3,884.27,44651.98,48999.52,49029.66,30.140000000006694,0.0006147299410195113
2026-07-28 10:56:00,20158.18,883.83,44652.09,48999.57,49029.665,30.095000000001164,0.0006138120666335608
2026-07-28 10:57:00,20157.98,883.36,44652.06,48999.45,49029.67,30.220000000001164,0.000616361480711601
2026-07-28 10:58:00,20158.02,882.87,44651.97,48999.37,49029.685,30.314999999995052,0.0006182988938231003
2026-07-28 10:59:00,20157.74,882.74,44651.91,48999.2,49029.7,30.5,0.0006220719278314981
2026-07-28 11:00:00,20157.1,882.3,44651.67,48998.71,49029.705,30.99500000000262,0.0006321677848154016
2026-07-28 11:01:00,20156.86,881.96,44651.59,48998.57,49029.71,31.139999999999418,0.0006351251108766382
2026-07-28 11:02:00,20157.33,881.47,44651.84,48998.97,49029.715,30.744999999995343,0.00062706870721144
2026-07-28 11:03:00,20156.61,880.99,44651.65,48998.49,49029.72,31.2300000000032,0.0006369606026712614
2026-07-28 11:04:00,20156.34,880.69,44651.78,48998.48,49029.725000000006,31.24500000000262,0.0006372664745723664
2026-07-28 11:05:00,20156.14,880.64,44651.78,48998.38,49029.73,31.35000000000582,0.0006394079673701205
2026-07-28 11:06:00,20155.8,880.42,44651.61,48998.09,49029.735,31.645000000004075,0.0006454246591380532
2026-07-28 11:07:00,20155.86,880.09,44651.42,48997.95,49029.74,31.790000000000873,0.0006483819820378585
2026-07-28 11:08:00,20156.12,879.49,44651.38,48997.99,49029.755,31.764999999999418,0.0006478718892231752
2026-07-28 11:09:00,20156.13,878.91,44651.41,48998.06,49029.77,31.709999999999127,0.0006467499235668275
2026-07-28 11:10:00,20155.77,878.69,44651.24,48997.74,49029.78999999999,32.049999999995634,0.000653684219328609
2026-07-28 11:11:00,20155.65,878.58,44651.21,48997.67,49029.81,32.13999999999942,0.0006555195706448672
2026-07-28 11:12:00,20155.56,878.53,44651.12,48997.54,49029.815,32.275000000001455,0.0006582729304608115
2026-07-28 11:13:00,20155.27,878.39,44650.71,48997.06,49029.82,32.76000000000204,0.0006681648025630532
2026-07-28 11:14:00,20155.3,878.01,44650.53,48996.89,49029.83,32.94000000000233,0.0006718359007159994
2026-07-28 11:15:00,20155.69,877.66,44650.69,48997.17,49029.84,32.669999999998254,0.0006663289131679454
2026-07-28 11:16:00,20155.9,877.24,44650.69,48997.24,49029.84,32.599999999998545,0.0006649012111807533
2026-07-28 11:17:00,20155.7,876.91,44650.61,48997.08,49029.84,32.75999999999476,0.0006681645300085573
2026-07-28 11:18:00,20155.52,876.43,44650.55,48996.96,49029.884999999995,32.924999999995634,0.000671529211214663
2026-07-28 11:19:00,20155.61,875.79,44650.57,48997.0,49029.89,32.88999999999942,0.0006708152924675013
2026-07-28 11:20:00,20156.03,875.36,44650.46,48997.07,49029.865,32.794999999998254,0.0006688780399456179
2026-07-28 11:21:00,20155.15,875.36,44650.2,48996.48,49029.84,33.359999999993306,0.0006804019756130819
2026-07-28 11:22:00,20154.58,875.31,44650.23,48996.24,49029.865,33.625,0.0006858064977335752
2026-07-28 11:23:00,20154.13,875.28,44650.09,48995.96,49029.89,33.93000000000029,0.00069202684321748
2026-07-28 11:24:00,20153.47,875.44,44650.01,48995.62,49029.91,34.29000000000087,0.0006993690178097588
2026-07-28 11:25:00,20152.81,875.39,44649.89,48995.25,49029.93,34.68000000000029,0.0007073230575691275
2026-07-28 11:26:00,20152.41,875.28,44649.76,48994.97,49029.935,34.96499999999651,0.0007131357608366502
2026-07-28 11:27:00,20152.4,875.11,44649.95,48995.14,49029.94,34.80000000000291,0.0007097703974347696
2026-07-28 11:28:00,20152.48,874.86,44649.98,48995.17,49029.945,34.775000000001455,0.0007092604325785284
2026-07-28 11:29:00,20152.84,874.33,44650.16,48995.46,49029.95,34.48999999999796,0.0007034475866281317
2026-07-28 11:30:00,20153.59,873.51,44650.45,48996.03,49029.96,33.93000000000029,0.0006920258552117989
2026-07-28 11:31:00,20153.78,872.79,44650.63,48996.25,49029.97,33.720000000001164,0.0006877426194631806
2026-07-28 11:32:00,20152.53,872.89,44650.27,48995.42,49030.005000000005,34.5850000000064,0.0007053843865609722
2026-07-28 11:33:00,20152.95,872.34,44650.41,48995.71,49030.04,34.330000000001746,0.0007001829898568662
2026-07-28 11:34:00,20152.88,872.16,44650.42,48995.68,49030.055,34.375,0.0007011005800421803
2026-07-28 11:35:00,20152.47,872.44,44650.23,48995.37,49030.07,34.69999999999709,0.0007077289508254238
2026-07-28 11:36:00,20152.65,872.33,44650.12,48995.34,49030.075,34.73500000000058,0.0007084427262246812
2026-07-28 11:37:00,20153.05,871.82,44650.14,48995.52,49030.08,34.56000000000495,0.000704873416482391
2026-07-28 11:38:00,20153.79,870.97,44650.3,48995.95,49030.09,34.13999999999942,0.0006963071044739959
2026-07-28 11:39:00,20154.43,870.63,44650.51,48996.38,49030.1,33.720000000001164,0.0006877407959600565
2026-07-28 11:40:00,20154.32,870.32,44650.37,48996.22,49030.11,33.88999999999942,0.0006912079128519071
2026-07-28 11:41:00,20154.96,869.92,44650.55,48996.63,49030.12,33.49000000000524,0.0006830495213963425
2026-07-28 11:42:00,20154.84,870.37,44650.39,48996.44,49030.135,33.69499999999971,0.0006872304145195543
2026-07-28 11:43:00,20155.52,870.38,44650.15,48996.51,49030.15,33.63999999999942,0.000686108445517695
2026-07-28 11:44:00,20156.42,870.15,44649.96,48996.71,49030.16,33.450000000004366,0.0006822331397654905
2026-07-28 11:45:00,20159.24,868.44,44650.36,48998.2,49030.17,31.970000000001164,0.0006520475046282965
2026-07-28 11:46:00,20161.24,866.97,44650.78,48999.3,49030.185,30.88499999999476,0.0006299180800560871
2026-07-28 11:47:00,20162.07,866.5,44650.57,48999.48,49030.2,30.719999999993888,0.0006265526145109319
2026-07-28 11:48:00,20164.03,865.71,44650.41,49000.11,49030.2,30.089999999996508,0.0006137033909712077
2026-07-28 11:49:00,20165.44,865.04,44650.4,49000.67,49030.2,29.529999999998836,0.0006022818589358974
2026-07-28 11:50:00,20167.33,863.98,44650.65,49001.64,49030.215,28.57499999999709,0.0005828038893975295
2026-07-28 11:51:00,20169.19,862.63,44650.62,49002.38,49030.23,27.85000000000582,0.0005680169152787131
2026-07-28 11:52:00,20171.16,861.59,44650.85,49003.35,49030.240000000005,26.890000000006694,0.0005484370461985642
2026-07-28 11:53:00,20172.05,860.28,44650.92,49003.76,49030.25,26.489999999997963,0.0005402787054929959
2026-07-28 11:54:00,20172.72,858.9,44651.06,49004.12,49030.25,26.12999999999738,0.0005329362995293188
2026-07-28 11:55:00,20172.85,858.66,44651.08,49004.19,49030.25,26.05999999999767,0.0005315086094808342
2026-07-28 11:56:00,20172.98,858.58,44651.1,49004.27,49030.255000000005,25.985000000007858,0.0005299788875258319
2026-07-28 11:57:00,20172.45,858.61,44650.9,49003.87,49030.26,26.389999999999418,0.000538239038503965
2026-07-28 11:58:00,20172.45,858.19,44650.95,49003.92,49030.26,26.340000000003783,0.0005372192601059791
2026-07-28 11:59:00,20172.77,858.23,44651.02,49004.11,49030.26,26.150000000001455,0.0005333441021932466
2026-07-28 12:00:00,20171.31,858.45,44650.75,49003.27,49030.265,26.99500000000262,0.000550578300973952
2026-07-28 12:01:00,20172.16,857.85,44651.2,49004.01,49030.26,26.25,0.0005353836589893669
2026-07-28 12:02:00,20172.12,857.18,44651.11,49003.91,49030.26,26.349999999998545,0.0005374232157854872
2026-07-28 12:03:00,20171.25,857.33,44650.91,49003.38,49030.26,26.880000000004657,0.0005482328668052068
2026-07-28 12:04:00,20171.28,857.23,44650.9,49003.36,49030.255000000005,26.895000000004075,0.000548538856263425
2026-07-28 12:05:00,20171.12,857.29,44650.77,49003.19,49030.25,27.05999999999767,0.0005519041816021267
2026-07-28 12:06:00,20170.51,857.33,44650.65,49002.82,49030.25,27.43000000000029,0.0005594505432870583
2026-07-28 12:07:00,20170.23,856.93,44650.76,49002.81,49030.25,27.44000000000233,0.0005596544990083128
2026-07-28 12:08:00,20169.12,857.06,44650.53,49002.15,49030.240000000005,28.090000000003783,0.0005729117377358091
2026-07-28 12:09:00,20168.02,857.86,44650.48,49001.68,49030.23,28.55000000000291,0.000582293821587272
2026-07-28 12:10:00,20166.01,859.2,44649.96,49000.39,49030.215,29.82499999999709,0.0006082983727482552
2026-07-28 12:11:00,20164.98,859.66,44649.7,48999.76,49030.2,30.439999999995052,0.0006208418484932766
2026-07-28 12:12:00,20164.74,859.87,44649.72,48999.67,49030.2,30.529999999998836,0.0006226774518561792
2026-07-28 12:13:00,20164.88,859.85,44649.71,48999.71,49030.2,30.489999999997963,0.0006218616281393501
2026-07-28 12:14:00,20164.05,859.89,44649.63,48999.32,49030.185,30.864999999997963,0.0006295101680729527
2026-07-28 12:15:00,20162.69,860.16,44649.52,48998.66,49030.17,31.50999999999476,0.0006426655261443059
2026-07-28 12:16:00,20161.74,859.82,44649.59,48998.34,49030.16,31.820000000006985,0.0006489882961835528
2026-07-28 12:17:00,20160.07,860.69,44649.52,48997.6,49030.15,32.55000000000291,0.0006638772265637145
2026-07-28 12:18:00,20158.42,861.8,44649.15,48996.61,49030.135,33.525000000001455,0.0006837631591265546
2026-07-28 12:19:00,20156.52,863.23,44648.67,48995.43,49030.12,34.69000000000233,0.0007075242728347866
2026-07-28 12:20:00,20156.33,863.57,44648.6,48995.29,49030.11,34.81999999999971,0.0007101758490853826
2026-07-28 12:21:00,20156.23,863.56,44648.61,48995.24,49030.1,34.86000000000058,0.0007109918193110065
2026-07-28 12:22:00,20156.46,864.0,44648.59,48995.35,49030.09,34.73999999999796,0.0007085444876808908
2026-07-28 12:23:00,20157.17,863.88,44648.51,48995.57,49030.08,34.51000000000204,0.0007038536343404302
2026-07-28 12:24:00,20158.15,863.55,44648.6,48996.05,49030.075,34.02499999999418,0.0006939618183328126
2026-07-28 12:25:00,20157.77,863.51,44648.16,48995.48,49030.07,34.58999999999651,0.0007054854296556482
2026-07-28 12:26:00,20158.2,863.59,44648.02,48995.53,49030.055,34.525000000001455,0.0007041599280278486
2026-07-28 12:27:00,20159.55,863.43,44647.93,48996.02,49030.04,34.020000000004075,0.0006938603354189406
2026-07-28 12:28:00,20160.08,863.31,44647.95,48996.24,49030.005000000005,33.765000000006694,0.0006886599338508469
2026-07-28 12:29:00,20161.06,862.64,44648.25,48996.89,49029.97,33.080000000001746,0.000674689378761638
2026-07-28 12:30:00,20161.53,862.59,44648.14,48996.98,49029.96,32.979999999995925,0.0006726499470934899
2026-07-28 12:31:00,20162.0,862.66,44648.01,48997.06,49029.95,32.88999999999942,0.0006708144715627778
2026-07-28 12:32:00,20162.22,862.74,44647.83,48996.98,49029.945,32.96499999999651,0.0006723442173960527
2026-07-28 12:33:00,20162.38,862.57,44647.57,48996.83,49029.94,33.11000000000058,0.0006753016626167721
2026-07-28 12:34:00,20161.86,862.57,44647.11,48996.19,49029.935,33.74499999999534,0.0006882530029867539
2026-07-28 12:35:00,20162.52,862.45,44647.16,48996.5,49029.93,33.43000000000029,0.000681828426024681
2026-07-28 12:36:00,20163.12,862.49,44647.16,48996.73,49029.935,33.20499999999447,0.000677239323282694
2026-07-28 12:37:00,20163.46,862.45,44647.05,48996.77,49029.94,33.17000000000553,0.0006765254046814156
2026-07-28 12:38:00,20163.76,862.64,44646.96,48996.83,49029.945,33.11499999999796,0.0006754035722454504
2026-07-28 12:39:00,20165.0,862.18,44646.67,48997.07,49029.95,32.87999999999738,0.0006706105145935777
2026-07-28 12:40:00,20165.48,861.95,44646.91,48997.46,49029.96,32.5,0.0006628600145706829
2026-07-28 12:41:00,20165.84,861.88,44646.97,48997.66,49029.97,32.30999999999767,0.000658984698542497
2026-07-28 12:42:00,20166.61,861.85,44646.99,48998.0,49030.005000000005,32.00500000000466,0.0006527635475461333
2026-07-28 12:43:00,20167.01,861.66,44646.82,48998.02,49030.04,32.020000000004075,0.0006530690164642753
2026-07-28 12:44:00,20167.78,861.25,44647.02,48998.49,49030.055,31.56500000000233,0.0006437887944445978
2026-07-28 12:45:00,20167.74,861.16,44646.8,48998.27,49030.07,31.80000000000291,0.0006485815745317702
2026-07-28 12:46:00,20168.06,861.43,44646.77,48998.4,49030.085,31.68499999999767,0.0006462358774209278
2026-07-28 12:47:00,20168.45,861.51,44646.71,48998.49,49030.1,31.610000000000582,0.0006447060071262466
2026-07-28 12:48:00,20169.3,861.12,44646.74,48998.85,49030.11,31.260000000002037,0.0006375674050089228
2026-07-28 12:49:00,20170.04,861.05,44646.97,48999.36,49030.12,30.760000000002037,0.0006273694618736817
2026-07-28 12:50:00,20170.67,860.68,44647.2,48999.76,49030.135,30.375,0.0006195169562555762
2026-07-28 12:51:00,20171.04,860.73,44647.23,49000.01,49030.15,30.139999999999418,0.0006147237975000977
2026-07-28 12:52:00,20171.56,860.71,44647.37,49000.34,49030.16,29.820000000006985,0.0006081970770645453
2026-07-28 12:53:00,20172.37,860.52,44647.48,49000.77,49030.17,29.400000000001455,0.0005996307987510845
2026-07-28 12:54:00,20173.48,859.93,44647.77,49001.47,49030.185,28.714999999996508,0.0005856596298789513
2026-07-28 12:55:00,20173.8,859.52,44647.96,49001.79,49030.2,28.409999999996217,0.0005794387948651284
2026-07-28 12:56:00,20173.89,859.29,44648.33,49002.08,49030.2,28.119999999995343,0.0005735240729182289
2026-07-28 12:57:00,20173.7,859.67,44648.23,49001.99,49030.2,28.209999999999127,0.0005753596762811314
2026-07-28 12:58:00,20173.9,860.17,44648.31,49002.15,49030.215,28.064999999995052,0.0005724021401903919
2026-07-28 12:59:00,20174.2,859.93,44648.46,49002.41,49030.23,27.81999999999971,0.000567405047865362
2026-07-28 13:00:00,20174.58,859.79,44648.68,49002.75,49030.240000000005,27.49000000000524,0.0005606743919671867
2026-07-28 13:01:00,20174.75,860.06,44648.82,49002.96,49030.25,27.290000000000873,0.0005565951631900893
2026-07-28 13:02:00,20174.84,860.01,44648.89,49003.05,49030.25,27.19999999999709,0.0005547595616990957
2026-07-28 13:03:00,20174.94,860.24,44648.95,49003.14,49030.25,27.110000000000582,0.0005529239602082507
2026-07-28 13:04:00,20175.06,860.36,44649.04,49003.27,49030.255000000005,26.985000000007858,0.0005503744575672278
2026-07-28 13:05:00,20175.49,860.56,44649.12,49003.53,49030.26,26.7300000000032,0.0005451735316109521
2026-07-28 13:06:00,20175.91,860.57,44649.1,49003.69,49030.26,26.56999999999971,0.0005419102407370409
2026-07-28 13:07:00,20176.84,860.23,44649.23,49004.17,49030.26,26.090000000003783,0.0005321203681156042
2026-07-28 13:08:00,20177.69,860.25,44649.58,49004.85,49030.265,25.415000000000873,0.000518353306880982
2026-07-28 13:09:00,20178.04,860.13,44649.66,49005.04,49030.27,25.229999999995925,0.0005145800747170254
2026-07-28 13:10:00,20178.27,859.85,44649.63,49005.11,49030.27,25.159999999996217,0.0005131523852509117
2026-07-28 13:11:00,20179.16,859.35,44649.75,49005.59,49030.27,24.68000000000029,0.0005033625146261746
2026-07-28 13:12:00,20179.86,859.11,44650.02,49006.12,49030.27,24.14999999999418,0.0004925528658111444
2026-07-28 13:13:00,20180.23,859.38,44650.07,49006.32,49030.27,23.94999999999709,0.000488473753050862
2026-07-28 13:14:00,20180.9,859.3,44650.2,49006.69,49030.274999999994,23.58499999999185,0.00048102932320881036
2026-07-28 13:15:00,20180.95,859.49,44650.02,49006.55,49030.28,23.729999999995925,0.00048398663030266043
2026-07-28 13:16:00,20181.71,859.39,44650.12,49006.96,49030.285,23.325000000004366,0.00047572638013432646
2026-07-28 13:17:00,20182.53,859.23,44650.25,49007.41,49030.29,22.87999999999738,0.00046665030943111657
2026-07-28 13:18:00,20183.4,858.52,44650.2,49007.72,49030.295,22.57499999999709,0.00046042961805547143
2026-07-28 13:19:00,20183.6,858.23,44650.21,49007.78,49030.3,22.520000000004075,0.0004593078157793053
2026-07-28 13:20:00,20184.36,858.11,44650.53,49008.38,49030.3,21.92000000000553,0.00044707048498592765
2026-07-28 13:21:00,20185.0,857.75,44650.8,49008.88,49030.3,21.42000000000553,0.00043687270932475484
2026-07-28 13:22:00,20184.97,857.33,44650.68,49008.75,49030.305,21.55500000000029,0.00043962606392108493
2026-07-28 13:23:00,20185.31,857.4,44650.88,49009.07,49030.31,21.239999999997963,0.00043320142173276007
2026-07-28 13:24:00,20185.75,857.31,44650.97,49009.34,49030.315,20.97500000000582,0.00042779655810911717
2026-07-28 13:25:00,20185.74,857.24,44650.88,49009.25,49030.32,21.06999999999971,0.00042973409106854103
2026-07-28 13:26:00,20185.9,857.15,44650.88,49009.31,49030.325,21.014999999999418,0.00042861229249448006
2026-07-28 13:27:00,20185.92,857.1,44651.01,49009.44,49030.33,20.889999999999418,0.000426062806430212
2026-07-28 13:28:00,20185.68,857.2,44651.11,49009.44,49030.335,20.8949999999968,0.000426164740665076
2026-07-28 13:29:00,20185.72,857.22,44651.08,49009.44,49030.34,20.89999999999418,0.0004262666748791499
2026-07-28 13:30:00,20185.64,857.58,44651.13,49009.44,49030.345,20.904999999998836,0.0004263686090725822
2026-07-28 13:31:00,20185.43,857.64,44651.02,49009.27,49030.35,21.080000000001746,0.00042993778343417384
2026-07-28 13:32:00,20185.71,857.75,44651.19,49009.51,49030.354999999996,20.844999999993888,0.0004251447904057372
2026-07-28 13:33:00,20186.23,857.37,44651.4,49009.92,49030.36,20.44000000000233,0.00041688455887336595
2026-07-28 13:34:00,20186.2,857.14,44651.4,49009.9,49030.36,20.459999999999127,0.000417292469400574
2026-07-28 13:35:00,20186.7,857.56,44651.64,49010.34,49030.36,20.020000000004075,0.00040831843780066217
2026-07-28 13:36:00,20186.73,857.42,44651.66,49010.36,49030.36,20.0,0.00040791052727330574
2026-07-28 13:37:00,20186.88,857.4,44651.53,49010.32,49030.36,20.040000000000873,0.00040872634832787017
2026-07-28 13:38:00,20188.05,857.28,44651.67,49010.92,49030.36,19.44000000000233,0.0003964890325097007
2026-07-28 13:39:00,20189.17,856.53,44651.82,49011.51,49030.36,18.849999999998545,0.000384455671955061
2026-07-28 13:40:00,20190.31,855.56,44651.97,49012.09,49030.375,18.285000000003492,0.0003729320854674983
2026-07-28 13:41:00,20190.33,855.43,44652.16,49012.26,49030.39,18.12999999999738,0.0003697706667231768
2026-07-28 13:42:00,20191.39,855.02,44652.52,49013.01,49030.395000000004,17.385000000002037,0.00035457597272063655
2026-07-28 13:43:00,20192.51,854.27,44652.72,49013.63,49030.4,16.770000000004075,0.00034203269808127354
2026-07-28 13:44:00,20193.16,853.73,44652.93,49014.1,49030.4,16.30000000000291,0.00033244680851069765
2026-07-28 13:45:00,20193.05,853.49,44652.96,49014.07,49030.4,16.330000000001746,0.0003330586738024113
2026-07-28 13:46:00,20193.25,853.55,44653.12,49014.29,49030.405,16.114999999997963,0.00032867360569422104
2026-07-28 13:47:00,20193.01,853.68,44653.07,49014.15,49030.41,16.260000000002037,0.00033163092048388
2026-07-28 13:48:00,20193.12,853.32,44653.1,49014.22,49030.41,16.19000000000233,0.00033020323509434915
2026-07-28 13:49:00,20193.91,853.04,44653.53,49014.91,49030.41,15.5,0.00031613033625458155
2026-07-28 13:50:00,20193.93,853.02,44653.76,49015.13,49030.42,15.290000000000873,0.00031184721648317256
2026-07-28 13:51:00,20194.27,852.71,44654.01,49015.49,49030.43,14.940000000002328,0.00030470872884456304
2026-07-28 13:52:00,20193.61,852.98,44653.97,49015.19,49030.43,15.239999999997963,0.00031082737801805865
2026-07-28 13:53:00,20192.65,853.62,44654.01,49014.86,49030.43,15.569999999999709,0.00031755789210903735
2026-07-28 13:54:00,20192.16,854.06,44654.04,49014.69,49030.44,15.75,0.00032122901609693896
2026-07-28 13:55:00,20191.25,854.24,44653.91,49014.2,49030.45,16.25,0.0003314266950435903
2026-07-28 13:56:00,20191.27,854.38,44654.18,49014.46,49030.45,15.989999999997963,0.00032612386792285126
2026-07-28 13:57:00,20190.88,854.54,44654.37,49014.47,49030.45,15.979999999995925,0.0003259199130335521
2026-07-28 13:58:00,20190.06,855.15,44654.29,49014.07,49030.45,16.37999999999738,0.00033407810860388556
2026-07-28 13:59:00,20189.39,855.74,44654.37,49013.86,49030.45,16.589999999996508,0.00033836116127827727
2026-07-28 14:00:00,20188.94,856.2,44654.55,49013.86,49030.46,16.599999999998545,0.0003385650471155797
2026-07-28 14:01:00,20188.73,856.62,44654.54,49013.78,49030.47,16.69000000000233,0.00034040057131825023
2026-07-28 14:02:00,20188.54,857.07,44654.7,49013.86,49030.47,16.610000000000582,0.00033876893286971516
2026-07-28 14:03:00,20188.67,857.08,44654.85,49014.05,49030.47,16.419999999998254,0.0003348937915544814
2026-07-28 14:04:00,20188.69,857.32,44654.9,49014.11,49030.475000000006,16.36500000000524,0.00033377200608407804
2026-07-28 14:05:00,20188.87,857.6,44655.05,49014.32,49030.48,16.160000000003492,0.000329590899375317
2026-07-28 14:06:00,20189.25,857.47,44655.04,49014.47,49030.485,16.014999999999418,0.0003266335219812616
2026-07-28 14:07:00,20189.35,857.38,44655.1,49014.56,49030.49,15.930000000000291,0.0003248998735276823
2026-07-28 14:08:00,20188.82,857.59,44655.1,49014.33,49030.49,16.159999999996217,0.00032959083215354805
2026-07-28 14:09:00,20189.2,857.68,44655.51,49014.86,49030.49,15.62999999999738,0.0003187812318416027
2026-07-28 14:10:00,20189.11,857.84,44655.41,49014.75,49030.494999999995,15.744999999995343,0.00032112667840688425
2026-07-28 14:11:00,20189.65,857.98,44655.65,49015.18,49030.5,15.319999999999709,0.0003124585717053611
2026-07-28 14:12:00,20189.66,858.08,44655.73,49015.26,49030.509999999995,15.249999999992724,0.00031103082550013706
2026-07-28 14:13:00,20189.12,858.39,44655.44,49014.77,49030.52,15.75,0.00032122849196786
2026-07-28 14:14:00,20189.46,858.49,44655.54,49015.02,49030.524999999994,15.50499999999738,0.00031623157206653167
2026-07-28 14:15:00,20189.87,858.64,44655.86,49015.48,49030.53,15.049999999995634,0.00030695160749834104
2026-07-28 14:16:00,20190.13,858.63,44655.99,49015.7,49030.54,14.840000000003783,0.00030266850008186293
2026-07-28 14:17:00,20190.09,858.6,44655.87,49015.56,49030.55,14.990000000005239,0.0003057277554505352
2026-07-28 14:18:00,20190.52,858.6,44656.08,49015.93,49030.555,14.625,0.00029828338675750253
2026-07-28 14:19:00,20190.56,858.77,44656.17,49016.02,49030.56,14.540000000000873,0.0002965497436700881
2026-07-28 14:20:00,20190.51,858.81,44656.23,49016.07,49030.56,14.489999999997963,0.0002955299715116034
2026-07-28 14:21:00,20190.93,858.92,44656.27,49016.28,49030.56,14.279999999998836,0.0002912469284462351
2026-07-28 14:22:00,20191.3,858.98,44656.31,49016.48,49030.57,14.089999999996508,0.0002873717356334325
2026-07-28 14:23:00,20191.56,858.8,44656.42,49016.69,49030.58,13.889999999999418,0.00028329259005297137
2026-07-28 14:24:00,20192.23,858.59,44656.53,49017.04,49030.58,13.540000000000873,0.00027615418785584164
2026-07-28 14:25:00,20192.4,858.5,44656.54,49017.11,49030.58,13.470000000001164,0.00027472650741641573
2026-07-28 14:26:00,20192.36,858.55,44656.56,49017.13,49030.585,13.455000000001746,0.0002744205479090602
2026-07-28 14:27:00,20192.24,858.74,44656.58,49017.09,49030.59,13.5,0.0002753383143054163
2026-07-28 14:28:00,20192.46,858.95,44656.69,49017.32,49030.59,13.269999999996799,0.0002706473652468143
2026-07-28 14:29:00,20192.82,859.13,44656.87,49017.63,49030.59,12.959999999999127,0.00026432478173318185
2026-07-28 14:30:00,20192.49,859.33,44656.78,49017.4,49030.604999999996,13.20499999999447,0.0002693215798580187
2026-07-28 14:31:00,20191.88,859.84,44656.49,49016.91,49030.62,13.709999999999127,0.0002796211836603152
2026-07-28 14:32:00,20191.8,860.2,44656.65,49017.03,49030.630000000005,13.60000000000582,0.000277377631085014
2026-07-28 14:33:00,20192.15,860.48,44656.78,49017.29,49030.64,13.349999999998545,0.0002722787220399029
2026-07-28 14:34:00,20191.66,860.89,44656.54,49016.88,49030.645000000004,13.765000000006694,0.00028074278851536
2026-07-28 14:35:00,20191.52,861.32,44656.79,49017.06,49030.65,13.590000000003783,0.00027717356388307687
2026-07-28 14:36:00,20192.17,861.4,44656.78,49017.33,49030.65,13.319999999999709,0.0002716668043356494
2026-07-28 14:37:00,20193.21,861.56,44657.05,49017.99,49030.65,12.660000000003492,0.0002582058365533292
2026-07-28 14:38:00,20192.77,861.51,44656.97,49017.75,49030.66,12.910000000003492,0.000263304634284007
2026-07-28 14:39:00,20193.56,861.09,44657.35,49018.41,49030.67,12.259999999994761,0.0002500475722643554
2026-07-28 14:40:00,20193.97,860.74,44657.36,49018.58,49030.67,12.089999999996508,0.0002465803547044433
2026-07-28 14:41:00,20195.05,861.26,44657.96,49019.58,49030.67,11.089999999996508,0.00022618495729298638
2026-07-28 14:42:00,20195.73,860.94,44658.32,49020.17,49030.68,10.510000000002037,0.00021435558307578107
2026-07-28 14:43:00,20196.21,860.75,44658.53,49020.56,49030.69,10.130000000004657,0.00020660529150221332
2026-07-28 14:44:00,20196.15,861.11,44658.73,49020.72,49030.7,9.979999999995925,0.00020354594162424615
2026-07-28 14:45:00,20196.11,861.26,44658.62,49020.62,49030.71,10.089999999996508,0.0002057893919952721
2026-07-28 14:46:00,20196.36,861.41,44658.92,49020.98,49030.725,9.744999999995343,0.00019875292482408416
2026-07-28 14:47:00,20196.35,861.73,44659.18,49021.23,49030.74,9.509999999994761,0.0001939599524705269
2026-07-28 14:48:00,20196.44,861.99,44659.32,49021.39,49030.744999999995,9.354999999995925,0.00019079865092802334
2026-07-28 14:49:00,20195.92,862.7,44659.53,49021.38,49030.75,9.37000000000262,0.00019110456193312603
2026-07-28 14:50:00,20195.53,862.99,44659.64,49021.34,49030.759999999995,9.419999999998254,0.0001921242909552749
2026-07-28 14:51:00,20195.42,863.44,44659.92,49021.54,49030.77,9.229999999995925,0.0001882491341660742
2026-07-28 14:52:00,20195.34,863.85,44660.18,49021.76,49030.77,9.009999999994761,0.00018376215588690044
2026-07-28 14:53:00,20195.22,864.18,44660.29,49021.81,49030.77,8.959999999999127,0.00018274238809627358
2026-07-28 14:54:00,20194.93,864.73,44660.42,49021.82,49030.795,8.974999999998545,0.00018304822510013441
2026-07-28 14:55:00,20194.66,865.16,44660.62,49021.89,49030.82,8.930000000000291,0.00018213034169121159
2026-07-28 14:56:00,20194.21,865.64,44660.72,49021.8,49030.82,9.019999999996799,0.00018396592184256348
2026-07-28 14:57:00,20194.13,866.05,44660.78,49021.83,49030.82,8.989999999997963,0.00018335406179211284
2026-07-28 14:58:00,20194.35,866.27,44661.08,49022.21,49030.825,8.614999999997963,0.0001757057932432906
2026-07-28 14:59:00,20194.36,866.96,44661.34,49022.45,49030.83,8.380000000004657,0.0001709128725743508
2026-07-28 15:00:00,20194.39,867.07,44661.39,49022.52,49030.83,8.310000000004948,0.00016948519941442858
2026-07-28 15:01:00,20194.71,867.3,44661.69,49022.91,49030.83,7.919999999998254,0.00016153102038040664
2026-07-28 15:02:00,20194.73,867.28,44661.89,49023.11,49030.835,7.724999999998545,0.00015755391479664878
2026-07-28 15:03:00,20195.14,867.44,44662.15,49023.53,49030.84,7.309999999997672,0.000149089838150798
2026-07-28 15:04:00,20195.59,867.45,44662.53,49024.04,49030.865,6.82499999999709,0.00013919803372828705
2026-07-28 15:05:00,20195.92,867.42,44662.52,49024.17,49030.89,6.720000000001164,0.00013705645563442075
2026-07-28 15:06:00,20196.45,867.53,44662.82,49024.65,49030.9,6.25,0.0001274706358643223
2026-07-28 15:07:00,20196.51,867.65,44662.8,49024.66,49030.91,6.25,0.00012747060986630679
2026-07-28 15:08:00,20196.38,868.26,44663.01,49024.8,49030.915,6.114999999997963,0.0001247172319749277
2026-07-28 15:09:00,20196.76,868.48,44663.33,49025.26,49030.92,5.6599999999962165,0.00011543736075105702
2026-07-28 15:10:00,20196.01,868.64,44663.12,49024.76,49030.925,6.165000000000873,0.00012573697110549869
2026-07-28 15:11:00,20196.1,869.1,44663.34,49025.0,49030.93,5.930000000000291,0.00012094406530735376
2026-07-28 15:12:00,20196.37,869.36,44663.65,49025.4,49030.93,5.529999999998836,0.0001127859496036244
2026-07-28 15:13:00,20196.43,869.65,44663.59,49025.37,49030.93,5.559999999997672,0.00011339780828137813
2026-07-28 15:14:00,20197.01,869.83,44663.88,49025.88,49030.935,5.055000000000291,0.00010309817669192503
2026-07-28 15:15:00,20197.55,869.87,44664.24,49026.44,49030.94,4.5,9.17787829480732e-05
2026-07-28 15:16:00,20197.78,870.21,44664.34,49026.61,49030.945,4.334999999999127,8.841355189052805e-05
2026-07-28 15:17:00,20198.78,870.11,44664.54,49027.23,49030.95,3.719999999993888,7.587044509628894e-05
2026-07-28 15:18:00,20199.36,870.06,44664.5,49027.41,49030.955,3.5449999999982538,7.230126355887324e-05
2026-07-28 15:19:00,20199.48,870.36,44664.63,49027.58,49030.96,3.3799999999973807,6.893603551709738e-05
2026-07-28 15:20:00,20199.22,870.53,44664.59,49027.43,49030.97,3.540000000000873,7.21992650767642e-05
2026-07-28 15:21:00,20199.01,870.68,44664.61,49027.38,49030.96,3.5800000000017462,7.301509087323083e-05
2026-07-28 15:22:00,20198.64,871.05,44664.7,49027.32,49030.955,3.6350000000020373,7.41368386563557e-05
2026-07-28 15:23:00,20199.46,871.05,44665.14,49028.03,49030.95,2.9199999999982538,5.955422034446108e-05
2026-07-28 15:24:00,20199.1,871.46,44665.19,49027.95,49030.945,2.9950000000026193,6.108387264415604e-05
2026-07-28 15:25:00,20198.52,871.74,44665.11,49027.65,49030.94,3.290000000000873,6.710048797760909e-05
2026-07-28 15:26:00,20197.84,872.06,44665.12,49027.37,49030.935,3.5649999999950523,7.270919879449683e-05
2026-07-28 15:27:00,20198.94,871.82,44665.58,49028.25,49030.93,2.680000000000291,5.4659375214793825e-05
2026-07-28 15:28:00,20199.08,871.83,44665.89,49028.57,49030.92,2.349999999998545,4.792893953445183e-05
2026-07-28 15:29:00,20197.41,872.57,44665.84,49027.86,49030.91,3.0500000000029104,6.220565761481707e-05
2026-07-28 15:30:00,20195.48,873.42,44665.59,49026.84,49030.9,4.060000000004948,8.280492505756466e-05
2026-07-28 15:31:00,20194.84,873.88,44665.58,49026.59,49030.89,4.30000000000291,8.769981536135507e-05
2026-07-28 15:32:00,20195.32,874.09,44665.81,49026.99,49030.865,3.875,7.903185065162527e-05
2026-07-28 15:33:00,20195.0,874.54,44665.94,49026.99,49030.84,3.849999999998545,7.852200778119537e-05
2026-07-28 15:34:00,20193.95,874.85,44665.66,49026.32,49030.835,4.514999999999418,9.208490942484292e-05
2026-07-28 15:35:00,20193.05,875.05,44665.76,49026.05,49030.83,4.779999999998836,9.748968149221287e-05
2026-07-28 15:36:00,20192.53,875.42,44665.95,49026.01,49030.83,4.819999999999709,9.830549472647534e-05
2026-07-28 15:37:00,20191.85,876.16,44665.89,49025.68,49030.83,5.150000000001455,0.00010503595390902938
2026-07-28 15:38:00,20190.15,877.28,44665.44,49024.6,49030.825,6.224999999998545,0.00012696094752634787
2026-07-28 15:39:00,20189.12,878.12,44665.25,49024.03,49030.82,6.790000000000873,0.00013848432475738472
2026-07-28 15:40:00,20188.94,878.8,44665.41,49024.12,49030.795,6.674999999995634,0.0001361389306454369
2026-07-28 15:41:00,20189.38,879.18,44665.44,49024.33,49030.77,6.439999999995052,0.0001313460914441085
2026-07-28 15:42:00,20190.2,879.22,44665.53,49024.75,49030.77,6.019999999996799,0.00012278004200213047
2026-07-28 15:43:00,20190.33,879.15,44665.47,49024.74,49030.77,6.029999999998836,0.00012298399556031522
2026-07-28 15:44:00,20190.24,879.4,44665.39,49024.65,49030.759999999995,6.109999999993306,0.000124615649441153
2026-07-28 15:45:00,20190.84,879.58,44665.61,49025.08,49030.75,5.669999999998254,0.00011564171463822711
2026-07-28 15:46:00,20191.17,879.77,44665.58,49025.19,49030.744999999995,5.554999999993015,0.00011329625931633336
2026-07-28 15:47:00,20191.71,880.14,44665.66,49025.46,49030.74,5.279999999998836,0.00010768754458935019
2026-07-28 15:48:00,20192.86,879.96,44665.71,49025.99,49030.725,4.735000000000582,9.65720984138126e-05
2026-07-28 15:49:00,20194.35,879.67,44666.01,49026.88,49030.71,3.8300000000017462,7.811430835902124e-05
2026-07-28 15:50:00,20194.79,879.95,44666.13,49027.16,49030.7,3.539999999993597,7.219966266020263e-05
2026-07-28 15:51:00,20194.74,880.17,44666.06,49027.08,49030.69,3.610000000000582,7.362735462218831e-05
2026-07-28 15:52:00,20195.77,880.02,44665.98,49027.43,49030.67,3.2399999999979627,6.608108761307898e-05
2026-07-28 15:53:00,20197.31,879.96,44666.23,49028.28,49030.65,2.3700000000026193,4.83371115822984e-05
2026-07-28 15:54:00,20197.91,880.02,44666.28,49028.57,49030.635,2.0650000000023283,4.211652571912088e-05
2026-07-28 15:55:00,20198.72,879.76,44666.57,49029.16,49030.62,1.4599999999991269,2.9777310586713503e-05
2026-07-28 15:56:00,20199.32,879.62,44666.86,49029.65,49030.604999999996,0.9549999999944703,1.9477630349339362e-05
2026-07-28 15:57:00,20199.93,880.06,44667.23,49030.25,49030.59,0.33999999999650754,6.934446434287402e-06
2026-07-28 15:58:00,20200.52,880.44,44667.5,49030.74,49030.585,0.15499999999883585,3.1612920791957886e-06
2026-07-28 15:59:00,20201.05,880.51,44667.55,49031.02,49030.58,0.43999999999505235,8.973991333470915e-06
2026-07-28 16:00:00,20201.49,880.77,44667.61,49031.24,49030.58,0.6599999999962165,1.346098700028057e-05
2026-07-28 16:01:00,20201.73,880.92,44667.76,49031.48,49030.58,0.9000000000014552,1.8355891364153864e-05
2026-07-28 16:02:00,20202.69,880.88,44668.09,49032.18,49030.57,1.610000000000582,3.2836656804124084e-05
2026-07-28 16:03:00,20202.79,881.43,44668.17,49032.31,49030.56,1.75,3.569202554488466e-05
2026-07-28 16:04:00,20202.36,881.79,44668.09,49032.04,49030.555,1.485000000000582,3.028723619385059e-05
2026-07-28 16:05:00,20202.19,882.45,44668.36,49032.24,49030.55,1.6899999999950523,3.4468305984637173e-05
2026-07-28 16:06:00,20202.41,882.72,44668.6,49032.54,49030.54,2.0,4.079090297598191e-05
2026-07-28 16:07:00,20202.05,883.19,44668.6,49032.41,49030.53,1.8800000000046566,3.834345661783906e-05
2026-07-28 16:08:00,20201.56,883.78,44668.66,49032.27,49030.524999999994,1.7450000000026193,3.5590073734731973e-05
2026-07-28 16:09:00,20201.56,884.28,44668.86,49032.45,49030.52,1.930000000000291,3.9363237428448466e-05
2026-07-28 16:10:00,20202.05,884.31,44669.19,49032.96,49030.509999999995,2.4500000000043656,4.996888671980703e-05
2026-07-28 16:11:00,20202.46,884.17,44669.42,49033.34,49030.5,2.8399999999965075,5.792312948055817e-05
2026-07-28 16:12:00,20202.52,884.51,44669.64,49033.57,49030.494999999995,3.0750000000043656,6.271607088617738e-05
2026-07-28 16:13:00,20202.32,884.73,44669.37,49033.26,49030.49,2.7700000000040745,5.649545823433693e-05
2026-07-28 16:14:00,20203.72,884.7,44670.21,49034.61,49030.49,4.120000000002619,8.402934582139847e-05
2026-07-28 16:15:00,20203.52,885.07,44670.25,49034.55,49030.49,4.060000000004948,8.28056174842419e-05
2026-07-28 16:16:00,20203.61,885.44,44670.64,49034.95,49030.479999999996,4.470000000001164,9.116777971582503e-05
2026-07-28 16:17:00,20204.25,885.23,44670.72,49035.27,49030.47,4.799999999995634,9.789830690987939e-05
2026-07-28 16:18:00,20205.18,885.13,44670.98,49035.87,49030.46,5.4100000000034925,0.00011033957258413428
2026-07-28 16:19:00,20206.16,884.98,44671.33,49036.59,49030.45,6.139999999999418,0.00012522830200415084
2026-07-28 16:20:00,20207.0,884.89,44671.61,49037.19,49030.45,6.740000000005239,0.00013746559535972522
2026-07-28 16:21:00,20207.26,884.98,44671.62,49037.29,49030.45,6.8400000000037835,0.00013950514425227148
2026-07-28 16:22:00,20207.36,885.35,44671.78,49037.5,49030.44,7.059999999997672,0.00014399218118372323
2026-07-28 16:23:00,20206.63,885.94,44671.79,49037.21,49030.43,6.779999999998836,0.00013828147132298934
2026-07-28 16:24:00,20207.34,886.0,44672.1,49037.78,49030.42,7.360000000000582,0.0001501108903411511
2026-07-28 16:25:00,20207.65,886.01,44672.28,49038.07,49030.41,7.6599999999962165,0.00015622957262638056
2026-07-28 16:26:00,20206.98,886.25,44672.16,49037.69,49030.385,7.305000000000291,0.00014898924411872944
2026-07-28 16:27:00,20207.85,886.14,44672.69,49038.55,49030.36,8.190000000002328,0.00016703936091846619
2026-07-28 16:28:00,20208.8,886.27,44672.99,49039.19,49030.36,8.830000000001746,0.0001800924977912001
2026-07-28 16:29:00,20208.08,886.71,44672.91,49038.83,49030.36,8.470000000001164,0.00017275010830026873
2026-07-28 16:30:00,20207.72,887.1,44673.02,49038.8,49030.345,8.455000000001746,0.00017244422816118765
2026-07-28 16:31:00,20207.39,887.59,44673.09,49038.72,49030.33,8.389999999999418,0.0001711185708927396
2026-07-28 16:32:00,20206.92,887.83,44673.1,49038.55,49030.315,8.235000000000582,0.00016795731375579743
2026-07-28 16:33:00,20206.71,888.29,44673.08,49038.45,49030.3,8.14999999999418,0.00016622374327699766
2026-07-28 16:34:00,20206.38,888.43,44673.12,49038.36,49030.295,8.065000000002328,0.0001644901381890998
2026-07-28 16:35:00,20206.77,888.43,44673.48,49038.84,49030.29,8.549999999995634,0.00017438199937213576
2026-07-28 16:36:00,20206.82,888.85,44673.57,49038.94,49030.28,8.660000000003492,0.00017662554649909183
2026-07-28 16:37:00,20206.45,889.01,44673.24,49038.5,49030.27,8.230000000003201,0.00016785549008812724
2026-07-28 16:38:00,20206.6,889.18,44673.63,49038.91,49030.27,8.640000000006694,0.000176217671246899
2026-07-28 16:39:00,20206.28,889.69,44673.58,49038.74,49030.27,8.470000000001164,0.00017275042540049575
2026-07-28 16:40:00,20206.64,889.95,44673.9,49039.19,49030.265,8.92500000000291,0.00018203042549337457
2026-07-28 16:41:00,20206.33,890.05,44673.86,49039.01,49030.26,8.75,0.0001784612196631223
2026-07-28 16:42:00,20206.75,890.08,44674.04,49039.37,49030.255000000005,9.114999999997963,0.00018590562092728178
2026-07-28 16:43:00,20206.67,890.45,44673.96,49039.26,49030.25,9.010000000002037,0.0001837641048128867
2026-07-28 16:44:00,20206.82,890.76,44674.07,49039.43,49030.225,9.205000000001746,0.00018774133710383232
2026-07-28 16:45:00,20206.99,890.69,44674.07,49039.5,49030.2,9.30000000000291,0.00018967901415867998
2026-07-28 16:46:00,20206.32,891.15,44674.02,49039.18,49030.185,8.99500000000262,0.00018345841444413518
2026-07-28 16:47:00,20206.62,891.35,44674.31,49039.57,49030.17,9.400000000001455,0.00019171869075716963
2026-07-28 16:48:00,20206.42,891.61,44674.28,49039.46,49030.16,9.299999999995634,0.00018967916890329613
2026-07-28 16:49:00,20206.2,892.04,44674.39,49039.49,49030.15,9.339999999996508,0.00019049503213831707
2026-07-28 16:50:00,20206.24,892.24,44674.53,49039.63,49030.135,9.494999999995343,0.00019365641151090739
2026-07-28 16:51:00,20206.27,892.42,44674.55,49039.67,49030.12,9.549999999995634,0.00019477823019800142
2026-07-28 16:52:00,20206.51,892.39,44674.41,49039.66,49030.11,9.55000000000291,0.0001947782699243977
2026-07-28 16:53:00,20206.69,892.72,44674.57,49039.87,49030.1,9.770000000004075,0.00019926534924473077
2026-07-28 16:54:00,20206.62,892.92,44674.58,49039.86,49030.085,9.775000000001455,0.00019936738841063513
2026-07-28 16:55:00,20207.01,892.92,44674.68,49040.13,49030.07,10.059999999997672,0.0002051802087983491
2026-07-28 16:56:00,20206.69,893.4,44674.67,49039.99,49030.055,9.934999999997672,0.0002026308149154161
2026-07-28 16:57:00,20206.48,893.62,44674.7,49039.94,49030.04,9.900000000001455,0.00020191702882562312
2026-07-28 16:58:00,20206.67,893.54,44674.88,49040.18,49030.005000000005,10.174999999995634,0.00020752598332379597
2026-07-28 16:59:00,20206.81,893.94,44675.13,49040.46,49029.97,10.489999999997963,0.00021395077337387646
2026-07-28 17:00:00,20206.59,893.89,44675.13,49040.37,49029.955,10.415000000000873,0.0002124211617163604
2026-07-28 17:01:00,20206.72,893.86,44675.15,49040.43,49029.94,10.489999999997963,0.00021395090428415702
2026-07-28 17:02:00,20206.9,894.0,44675.33,49040.69,49029.935,10.755000000004657,0.00021935578743893208
2026-07-28 17:03:00,20206.77,894.27,44675.43,49040.73,49029.93,10.80000000000291,0.00022027361654407645
2026-07-28 17:04:00,20206.52,894.57,44675.36,49040.56,49029.91,10.64999999999418,0.00021721434936336164
2026-07-28 17:05:00,20206.18,894.93,44675.19,49040.28,49029.89,10.389999999999418,0.00021191155028084743
2026-07-28 17:06:00,20206.59,894.98,44675.63,49040.86,49029.865,10.99500000000262,0.00022425107635932955
2026-07-28 17:07:00,20206.25,894.89,44675.45,49040.55,49029.84,10.710000000006403,0.00021843840404142464
2026-07-28 17:08:00,20205.9,895.01,44675.47,49040.42,49029.83,10.589999999996508,0.00021599095897327213
2026-07-28 17:09:00,20205.89,895.03,44675.89,49040.79,49029.82,10.970000000001164,0.0002237413884040603
2026-07-28 17:10:00,20205.76,895.01,44675.91,49040.76,49029.815,10.944999999999709,0.00022323151739405317
2026-07-28 17:11:00,20205.98,895.22,44675.84,49040.78,49029.81,10.970000000001164,0.0002237414340378061
2026-07-28 17:12:00,20205.5,895.77,44675.78,49040.54,49029.774999999994,10.765000000006694,0.00021956046096492784
2026-07-28 17:13:00,20204.62,895.91,44675.88,49040.27,49029.74,10.529999999998836,0.00021476760839439157
2026-07-28 17:14:00,20204.92,895.77,44676.19,49040.68,49029.735,10.944999999999709,0.00022323188163264005
2026-07-28 17:15:00,20204.58,895.78,44676.19,49040.52,49029.73,10.789999999993597,0.00022007055719037403
2026-07-28 17:16:00,20204.78,895.7,44676.34,49040.75,49029.725000000006,11.02499999999418,0.00022486359040345787
2026-07-28 17:17:00,20204.8,895.82,44676.52,49040.93,49029.72,11.209999999999127,0.000228636834964571
2026-07-28 17:18:00,20204.35,895.99,44676.52,49040.74,49029.715,11.025000000001455,0.00022486363626632248
2026-07-28 17:19:00,20203.31,895.99,44676.28,49040.09,49029.71,10.37999999999738,0.0002117083702921633
2026-07-28 17:20:00,20203.01,896.19,44676.63,49040.31,49029.69,10.619999999995343,0.00021660344986874978
2026-07-28 17:21:00,20202.53,896.16,44676.84,49040.28,49029.67,10.610000000000582,0.00021639958009100576
2026-07-28 17:22:00,20202.62,895.98,44676.91,49040.4,49029.66,10.739999999997963,0.00021905108050918488
2026-07-28 17:23:00,20202.27,896.07,44676.94,49040.27,49029.65,10.619999999995343,0.00021660362658096363
2026-07-28 17:24:00,20201.35,896.22,44676.84,49039.81,49029.625,10.184999999997672,0.0002077315500576982
2026-07-28 17:25:00,20200.82,896.31,44676.84,49039.6,49029.6,10.0,0.00020395842511462464
2026-07-28 17:26:00,20200.77,896.45,44677.05,49039.77,49029.59,10.180000000000291,0.00020762971911452436
2026-07-28 17:27:00,20200.63,896.44,44677.0,49039.67,49029.58,10.089999999996508,0.0002057941348874803
2026-07-28 17:28:00,20200.63,896.67,44677.11,49039.77,49029.575,10.194999999999709,0.00020793572042995906
2026-07-28 17:29:00,20200.49,896.97,44677.08,49039.69,49029.57,10.12000000000262,0.00020640605251081377
2026-07-28 17:30:00,20200.21,897.17,44676.94,49039.48,49029.57,9.910000000003492,0.00020212292296268339
2026-07-28 17:31:00,20200.29,897.21,44677.04,49039.58,49029.57,10.010000000002037,0.0002041625084617719
2026-07-28 17:32:00,20200.52,897.35,44677.1,49039.73,49029.555,10.17500000000291,0.00020752788802596536
2026-07-28 17:33:00,20200.69,897.67,44677.07,49039.78,49029.54,10.239999999997963,0.00020885368290214353
2026-07-28 17:34:00,20200.38,897.97,44677.08,49039.67,49029.535,10.134999999994761,0.00020671213789799883
2026-07-28 17:35:00,20200.08,898.32,44676.94,49039.42,49029.53,9.889999999999418,0.00020171517042891126
2026-07-28 17:36:00,20199.99,898.36,44676.91,49039.36,49029.520000000004,9.839999999996508,0.0002006954177808901
2026-07-28 17:37:00,20199.95,898.76,44677.25,49039.66,49029.51,10.150000000001455,0.00020701818149929408
2026-07-28 17:38:00,20199.99,899.07,44677.37,49039.79,49029.47,10.319999999999709,0.00021048565281247603
2026-07-28 17:39:00,20199.64,899.35,44677.23,49039.51,49029.43,10.080000000001746,0.0002055908053591842
2026-07-28 17:40:00,20199.76,899.57,44677.19,49039.53,49029.425,10.104999999995925,0.00020610072420787975
2026-07-28 17:41:00,20199.73,899.6,44677.25,49039.57,49029.42,10.150000000001455,0.00020701856150860963
2026-07-28 17:42:00,20199.47,899.56,44677.45,49039.64,49029.41,10.229999999995925,0.00020865027745583568
2026-07-28 17:43:00,20199.23,899.53,44677.46,49039.57,49029.4,10.169999999998254,0.00020742656446944596
2026-07-28 17:44:00,20199.08,899.59,44677.37,49039.41,49029.39,10.020000000004075,0.00020436721729566847
2026-07-28 17:45:00,20199.31,899.66,44677.53,49039.66,49029.38,10.280000000006112,0.00020967020182605027
2026-07-28 17:46:00,20199.3,899.62,44677.56,49039.67,49029.335,10.334999999999127,0.0002107921716661898
2026-07-28 17:47:00,20199.37,900.0,44677.52,49039.67,49029.29,10.37999999999738,0.00021171018385127298
2026-07-28 17:48:00,20200.03,900.59,44677.58,49040.01,49029.275,10.735000000000582,0.00021895082070865992
2026-07-28 17:49:00,20199.62,900.86,44677.54,49039.8,49029.26,10.540000000000873,0.0002149736708243378
2026-07-28 17:50:00,20200.24,900.92,44677.5,49040.02,49029.255000000005,10.764999999992142,0.00021956278960372008
2026-07-28 17:51:00,20200.23,901.89,44677.37,49039.9,49029.25,10.650000000001455,0.0002172172733623593
2026-07-28 17:52:00,20199.68,902.54,44677.22,49039.56,49029.240000000005,10.319999999992433,0.00021048664021698952
2026-07-28 17:53:00,20198.64,902.64,44677.25,49039.2,49029.23,9.969999999993888,0.00020334808439769272
2026-07-28 17:54:00,20199.35,902.92,44677.46,49039.66,49029.205,10.455000000001746,0.00021324025139713657
2026-07-28 17:55:00,20198.16,903.18,44677.14,49038.91,49029.18,9.730000000003201,0.00019845324763749264
2026-07-28 17:56:00,20198.26,903.51,44677.1,49038.91,49029.17,9.740000000005239,0.00019865724832799004
2026-07-28 17:57:00,20198.44,903.72,44677.3,49039.16,49029.16,10.0,0.00020396025548877442
2026-07-28 17:58:00,20197.74,904.25,44677.28,49038.87,49029.16,9.709999999999127,0.00019804540807958216
2026-07-28 17:59:00,20198.15,905.05,44677.31,49039.09,49029.16,9.929999999993015,0.00020253253370021052
2026-07-28 18:00:00,20198.02,905.13,44677.28,49039.0,49029.155,9.845000000001164,0.00020079889200621883
2026-07-28 18:01:00,20197.77,904.75,44677.4,49039.0,49029.15,9.849999999998545,0.00020090089263221053
2026-07-28 18:02:00,20197.56,905.19,44677.56,49039.07,49029.145000000004,9.924999999995634,0.00020243061550421967
2026-07-28 18:03:00,20197.55,905.59,44677.63,49039.14,49029.14,10.0,0.00020396033868838001
2026-07-28 18:04:00,20197.8,905.85,44677.46,49039.09,49029.130000000005,9.959999999991851,0.0002031445387668892
2026-07-28 18:05:00,20198.27,905.74,44677.72,49039.52,49029.12,10.39999999999418,0.00021211883876345687
2026-07-28 18:06:00,20198.53,905.87,44677.87,49039.76,49029.115000000005,10.644999999996799,0.000217115891241292
2026-07-28 18:07:00,20198.49,906.24,44677.76,49039.66,49029.11,10.55000000000291,0.00021517828897981036
2026-07-28 18:08:00,20198.98,906.64,44677.96,49040.04,49029.104999999996,10.935000000004948,0.0002230307895688683
2026-07-28 18:09:00,20199.02,906.96,44678.02,49040.12,49029.1,11.020000000004075,0.00022476447660683298
2026-07-28 18:10:00,20199.04,906.92,44677.89,49039.98,49029.055,10.92500000000291,0.00022282705632411048
2026-07-28 18:11:00,20199.38,906.84,44677.85,49040.1,49029.01,11.089999999996508,0.00022619261535153387
2026-07-28 18:12:00,20199.82,907.06,44678.21,49040.6,49029.0,11.599999999998545,0.0002365946684614931
2026-07-28 18:13:00,20199.68,907.36,44678.18,49040.53,49028.99,11.540000000000873,0.00023537095094149142
2026-07-28 18:14:00,20199.45,907.56,44678.16,49040.42,49028.99,11.430000000000291,0.0002331273803519161
2026-07-28 18:15:00,20200.11,907.04,44678.37,49040.88,49028.99,11.889999999999418,0.00024250958463552724
2026-07-28 18:16:00,20200.72,906.9,44678.61,49041.34,49028.97,12.369999999995343,0.000252299813763074
2026-07-28 18:17:00,20200.76,906.99,44678.5,49041.28,49028.95,12.330000000001746,0.0002514840721655623
2026-07-28 18:18:00,20200.53,906.9,44678.38,49041.06,49028.94,12.119999999995343,0.0002472009388739659
2026-07-28 18:19:00,20200.18,906.95,44678.38,49040.92,49028.93,11.989999999997963,0.00024454949353367415
2026-07-28 18:20:00,20200.1,906.8,44678.58,49041.09,49028.915,12.174999999995634,0.0002483228519333058
2026-07-28 18:21:00,20200.41,906.53,44678.65,49041.29,49028.9,12.389999999999418,0.0002527080966531865
2026-07-28 18:22:00,20200.38,906.33,44678.48,49041.13,49028.89,12.239999999997963,0.00024964872751551104
2026-07-28 18:23:00,20200.11,906.46,44678.35,49040.9,49028.88,12.020000000004075,0.00024516162718797726
2026-07-28 18:24:00,20200.27,906.59,44678.59,49041.18,49028.835,12.345000000001164,0.0002517906044473862
2026-07-28 18:25:00,20200.12,906.54,44678.68,49041.19,49028.79,12.400000000001455,0.0002529126254186868
2026-07-28 18:26:00,20199.73,906.33,44678.43,49040.77,49028.76,12.009999999994761,0.0002449582653119263
2026-07-28 18:27:00,20199.79,906.07,44678.67,49041.01,49028.73,12.279999999998836,0.00025046539039454694
2026-07-28 18:28:00,20199.73,905.71,44678.75,49041.05,49028.725000000006,12.32499999999709,0.0002513832452301602
2026-07-28 18:29:00,20199.51,905.65,44678.67,49040.89,49028.72,12.169999999998254,0.000248221858535125
2026-07-28 18:30:00,20199.8,905.46,44678.71,49041.05,49028.7,12.35000000000582,0.0002518932788347605
2026-07-28 18:31:00,20200.29,905.34,44678.79,49041.32,49028.68,12.639999999999418,0.0002578082869047141
2026-07-28 18:32:00,20200.58,905.28,44678.65,49041.31,49028.68,12.62999999999738,0.0002576043246523745
2026-07-28 18:33:00,20200.78,905.19,44678.69,49041.42,49028.68,12.739999999997963,0.00025984790942766486
2026-07-28 18:34:00,20199.93,904.95,44678.48,49040.87,49028.655,12.215000000003783,0.00024914001822003444
2026-07-28 18:35:00,20199.62,904.91,44678.66,49040.89,49028.63,12.260000000002037,0.0002500579763293822
2026-07-28 18:36:00,20199.56,904.65,44678.61,49040.83,49028.604999999996,12.22500000000582,0.00024934423486056397
2026-07-28 18:37:00,20200.01,904.4,44678.8,49041.19,49028.58,12.610000000000582,0.0002571969247324842
2026-07-28 18:38:00,20199.78,904.61,44678.51,49040.83,49028.575,12.255000000004657,0.000249956275498618
2026-07-28 18:39:00,20199.37,904.55,44678.35,49040.54,49028.57,11.970000000001164,0.00024414336375711476
2026-07-28 18:40:00,20200.31,904.41,44678.75,49041.28,49028.57,12.709999999999127,0.00025923660429009304
2026-07-28 18:41:00,20200.38,904.22,44678.45,49041.02,49028.57,12.44999999999709,0.000253933573832504
2026-07-28 18:42:00,20200.08,903.99,44678.31,49040.76,49028.555,12.205000000001746,0.0002489365636005741
2026-07-28 18:43:00,20200.27,903.88,44678.39,49040.9,49028.54,12.360000000000582,0.00025209806369923683
2026-07-28 18:44:00,20200.71,903.97,44678.44,49041.13,49028.53,12.599999999998545,0.00025699322414925646
2026-07-28 18:45:00,20200.86,904.0,44678.11,49040.89,49028.52,12.37000000000262,0.0002523021294545016
2026-07-28 18:46:00,20200.92,905.0,44677.8,49040.65,49028.399999999994,12.250000000007276,0.0002498551859739922
2026-07-28 18:47:00,20199.46,905.43,44677.64,49039.94,49028.28,11.660000000003492,0.00023782192644741958
2026-07-28 18:48:00,20199.11,905.42,44677.59,49039.72,49028.265,11.455000000001746,0.00023364073764392328
2026-07-28 18:49:00,20199.59,906.37,44677.32,49039.71,49028.25,11.459999999999127,0.00023374279114590316
2026-07-28 18:50:00,20200.08,906.16,44677.63,49040.2,49028.244999999995,11.955000000001746,0.00024383903604956178
2026-07-28 18:51:00,20200.45,907.7,44677.28,49040.03,49028.24,11.790000000000873,0.000240473653551522
2026-07-28 18:52:00,20199.39,908.22,44676.83,49039.22,49028.17,11.05000000000291,0.00022538063321561686
2026-07-28 18:53:00,20199.68,908.55,44676.87,49039.37,49028.1,11.270000000004075,0.0002298681776369893
2026-07-28 18:54:00,20199.81,909.65,44676.43,49039.04,49028.065,10.974999999998545,0.00022385137981681603
2026-07-28 18:55:00,20199.25,910.48,44676.24,49038.65,49028.03,10.62000000000262,0.00021661078366808987
2026-07-28 18:56:00,20197.42,911.0,44676.16,49037.84,49027.99,9.849999999998545,0.00020090564593813748
2026-07-28 18:57:00,20196.71,910.98,44676.32,49037.68,49027.95,9.730000000003201,0.00019845822637910013
2026-07-28 18:58:00,20196.49,911.4,44676.4,49037.68,49027.905,9.775000000001455,0.0001993762531766645
2026-07-28 18:59:00,20196.04,912.34,44676.36,49037.47,49027.86,9.610000000000582,0.00019601100272376935
2026-07-28 19:00:00,20196.58,912.98,44676.21,49037.58,49027.85,9.730000000003201,0.0001984586311658211
2026-07-28 19:01:00,20197.9,912.67,44676.58,49038.47,49027.84,10.630000000004657,0.00021681558885736465
2026-07-28 19:02:00,20198.95,914.09,44676.12,49038.49,49027.744999999995,10.74500000000262,0.0002191616196095215
2026-07-28 19:03:00,20199.82,914.58,44675.85,49038.62,49027.65,10.970000000001164,0.0002237512913631627
2026-07-28 19:04:00,20200.64,914.56,44676.05,49039.15,49027.615000000005,11.534999999996217,0.0002352755686768817
2026-07-28 19:05:00,20201.11,915.57,44675.91,49039.22,49027.58,11.639999999999418,0.00023741738833528837
2026-07-28 19:06:00,20201.26,915.45,44675.91,49039.27,49027.505000000005,11.764999999992142,0.0002399673407813051
2026-07-28 19:07:00,20202.07,915.42,44676.1,49039.78,49027.43,12.349999999998545,0.0002518998038444712
2026-07-28 19:08:00,20202.62,915.09,44676.25,49040.14,49027.43,12.709999999999127,0.0002592426321346872
2026-07-28 19:09:00,20203.86,915.91,44676.38,49040.77,49027.43,13.339999999996508,0.0002720925816424909
2026-07-28 19:10:00,20203.7,916.26,44675.89,49040.24,49027.42,12.819999999999709,0.0002614863274469615
2026-07-28 19:11:00,20202.18,916.41,44675.99,49039.73,49027.41,12.319999999999709,0.00025128800399612603
2026-07-28 19:12:00,20201.3,916.37,44676.21,49039.59,49027.395000000004,12.194999999992433,0.0002487384859014523
2026-07-28 19:13:00,20200.57,916.5,44676.44,49039.47,49027.38,12.090000000003783,0.0002465969015681398
2026-07-28 19:14:00,20199.66,915.63,44676.45,49039.12,49027.375,11.74500000000262,0.00023956004171144427
2026-07-28 19:15:00,20199.3,915.62,44676.9,49039.39,49027.37,12.019999999996799,0.0002451691779509445
2026-07-28 19:16:00,20199.09,916.13,44677.03,49039.41,49027.345,12.065000000002328,0.00024608715809518807
2026-07-28 19:17:00,20198.6,915.47,44677.16,49039.32,49027.32,12.0,0.0002447614921639608
2026-07-28 19:18:00,20198.05,915.61,44677.26,49039.18,49027.315,11.864999999997963,0.00024200795005800262
2026-07-28 19:19:00,20197.91,915.72,44677.23,49039.1,49027.31,11.790000000000873,0.0002404782151009483
2026-07-28 19:20:00,20197.74,915.38,44677.62,49039.39,49027.275,12.114999999997963,0.0002471073499393544
2026-07-28 19:21:00,20197.76,915.31,44677.64,49039.39,49027.32,12.069999999999709,0.00024618926753491134
2026-07-28 19:22:00,20197.49,914.74,44677.68,49039.35,49027.345,12.00499999999738,0.00024486335125831064
2026-07-28 19:23:00,20197.52,915.04,44677.9,49039.55,49027.37,12.180000000000291,0.0002484326611849726
2026-07-28 19:24:00,20197.24,915.04,44677.91,49039.43,49027.375,12.055000000000291,0.0002458830398323445
2026-07-28 19:25:00,20196.94,914.57,44677.87,49039.27,49027.38,11.889999999999418,0.00024251754835766094
2026-07-28 19:26:00,20197.07,914.01,44678.15,49039.57,49027.395000000004,12.174999999995634,0.000248330550705287
2026-07-28 19:27:00,20196.91,913.61,44678.26,49039.59,49027.41,12.179999999993015,0.00024843245849603344
2026-07-28 19:28:00,20196.61,913.36,44678.33,49039.54,49027.42,12.12000000000262,0.00024720860285943296
2026-07-28 19:29:00,20197.16,912.92,44678.44,49039.84,49027.43,12.409999999996217,0.00025312360855945777
2026-07-28 19:30:00,20197.93,913.07,44678.57,49040.27,49027.43,12.839999999996508,0.00026189420901720744
2026-07-28 19:31:00,20198.17,912.38,44678.55,49040.35,49027.43,12.919999999998254,0.00026352594863728843
2026-07-28 19:32:00,20199.31,911.57,44678.8,49041.02,49027.505000000005,13.514999999992142,0.0002756615903663085
2026-07-28 19:33:00,20200.49,912.21,44678.64,49041.39,49027.58,13.809999999997672,0.0002816781901125381
2026-07-28 19:34:00,20201.34,911.75,44678.45,49041.56,49027.615000000005,13.944999999992433,0.00028443153924563597
2026-07-28 19:35:00,20201.94,911.62,44678.42,49041.76,49027.65,14.110000000000582,0.00028779678405961904
2026-07-28 19:36:00,20202.05,911.25,44678.34,49041.75,49027.755000000005,13.994999999995343,0.00028545055754633964
2026-07-28 19:37:00,20203.1,911.09,44678.56,49042.36,49027.86,14.5,0.00029575021222627297
2026-07-28 19:38:00,20204.02,910.93,44678.45,49042.63,49027.905,14.724999999998545,0.00030033916399239464
2026-07-28 19:39:00,20204.99,910.63,44678.54,49043.1,49027.95,15.150000000001455,0.0003090074131184652
2026-07-28 19:40:00,20204.74,910.73,44678.3,49042.79,49027.99,14.80000000000291,0.00030186838171425976
2026-07-28 19:41:00,20204.61,910.8,44678.29,49042.71,49028.03,14.680000000000291,0.0002994205559554461
2026-07-28 19:42:00,20204.18,911.05,44678.1,49042.38,49028.14,14.239999999997963,0.0002904454462273699
2026-07-28 19:43:00,20203.32,911.29,44678.0,49041.94,49028.25,13.690000000002328,0.0002792267723200875
2026-07-28 19:44:00,20201.67,911.16,44677.95,49041.22,49028.265,12.955000000001746,0.00026423533445455897
2026-07-28 19:45:00,20201.16,911.4,44678.0,49041.07,49028.28,12.790000000000873,0.0002608698489932927
2026-07-28 19:46:00,20201.2,911.61,44677.97,49041.06,49028.399999999994,12.660000000003492,0.0002582176860758967
2026-07-28 19:47:00,20200.99,911.38,44678.13,49041.13,49028.52,12.610000000000582,0.00025719723948429575
2026-07-28 19:48:00,20200.2,911.68,44677.95,49040.64,49028.53,12.110000000000582,0.0002469990432101591
2026-07-28 19:49:00,20199.46,911.81,44677.62,49040.04,49028.54,11.5,0.00023455725991432746
2026-07-28 19:50:00,20198.81,912.28,44677.58,49039.75,49028.555,11.194999999999709,0.0002283363235975384
2026-07-28 19:51:00,20198.83,912.43,44677.73,49039.9,49028.57,11.330000000001746,0.00023108975032316354
2026-07-28 19:52:00,20199.24,912.53,44677.88,49040.21,49028.57,11.639999999999418,0.00023741259433019194
2026-07-28 19:53:00,20199.22,913.01,44677.8,49040.11,49028.57,11.540000000000873,0.00023537296723116487
2026-07-28 19:54:00,20198.94,912.66,44677.47,49039.7,49028.575,11.125,0.0002269084916296262
2026-07-28 19:55:00,20198.65,912.59,44677.44,49039.56,49028.58,10.979999999995925,0.0002239510097986914
2026-07-28 19:56:00,20198.4,912.8,44677.6,49039.59,49028.630000000005,10.959999999991851,0.00022354285649001104
2026-07-28 19:57:00,20198.14,912.27,44677.68,49039.56,49028.68,10.87999999999738,0.00022191093050021702
2026-07-28 19:58:00,20198.19,912.33,44677.71,49039.61,49028.68,10.930000000000291,0.0002229307417617666
2026-07-28 19:59:00,20198.65,912.13,44677.81,49039.88,49028.68,11.19999999999709,0.00022843772257374846
2026-07-28 20:00:00,20198.33,912.05,44677.84,49039.76,49028.7,11.060000000004948,0.00022558215902124568
2026-07-28 20:01:00,20197.7,912.02,44677.53,49039.23,49028.72,10.510000000002037,0.00021436415227650318
2026-07-28 20:02:00,20197.98,912.18,44677.59,49039.42,49028.725000000006,10.694999999992433,0.00021813742861949667
2026-07-28 20:03:00,20198.19,911.87,44677.74,49039.63,49028.73,10.89999999999418,0.00022231862828170704
2026-07-28 20:04:00,20197.87,911.74,44677.39,49039.19,49028.76,10.430000000000291,0.00021273228203202142
2026-07-28 20:05:00,20197.68,911.89,44677.34,49039.07,49028.79,10.279999999998836,0.00020967272494383068
2026-07-28 20:06:00,20197.37,911.22,44677.69,49039.26,49028.835,10.42500000000291,0.0002126299758091929
2026-07-28 20:07:00,20197.28,910.87,44677.7,49039.22,49028.88,10.340000000003783,0.0002108961085793472
2026-07-28 20:08:00,20197.31,911.15,44677.69,49039.22,49028.905,10.315000000002328,0.00021038609775197566
2026-07-28 20:09:00,20196.6,912.34,44676.96,49038.26,49028.93,9.330000000001746,0.00019029581106505376
2026-07-28 20:10:00,20195.35,911.02,44677.05,49037.83,49028.94,8.889999999999418,0.00018132148074177042
2026-07-28 20:11:00,20193.63,910.36,44677.3,49037.35,49028.95,8.400000000001455,0.00017132734843396515
2026-07-28 20:12:00,20192.64,909.91,44677.56,49037.18,49028.97,8.209999999999127,0.00016745201867383972
2026-07-28 20:13:00,20191.94,909.06,44677.88,49037.17,49028.99,8.180000000000291,0.00016684006747845083
2026-07-28 20:14:00,20191.53,909.65,44677.82,49036.94,49028.99,7.950000000004366,0.00016214896533671948
2026-07-28 20:15:00,20191.04,909.64,44677.61,49036.55,49028.99,7.560000000004948,0.00015419448779191552
2026-07-28 20:16:00,20191.11,909.82,44677.63,49036.61,49029.0,7.610000000000582,0.0001552142609476143
2026-07-28 20:17:00,20191.18,909.87,44677.6,49036.61,49029.01,7.599999999998545,0.0001550102684104481
2026-07-28 20:18:00,20192.15,909.53,44677.77,49037.15,49029.055,8.095000000001164,0.0001651061804067234
2026-07-28 20:19:00,20192.93,909.17,44677.68,49037.38,49029.1,8.279999999998836,0.00016887929821267036
2026-07-28 20:20:00,20193.61,909.08,44677.54,49037.56,49029.104999999996,8.455000000001746,0.00017244858946541543
2026-07-28 20:21:00,20194.08,909.02,44677.37,49037.59,49029.11,8.479999999995925,0.00017295847303766936
2026-07-28 20:22:00,20193.69,909.26,44677.13,49037.2,49029.115000000005,8.084999999991851,0.00016490201791306757
2026-07-28 20:23:00,20193.23,909.49,44676.71,49036.65,49029.12,7.529999999998836,0.00015358219768168052
2026-07-28 20:24:00,20193.44,909.09,44676.83,49036.83,49029.130000000005,7.69999999999709,0.000157049492821861
2026-07-28 20:25:00,20193.32,908.92,44677.05,49036.96,49029.14,7.819999999999709,0.00015949698485430723
2026-07-28 20:26:00,20192.82,909.16,44676.74,49036.47,49029.145000000004,7.32499999999709,0.00014940093285324655
2026-07-28 20:27:00,20192.71,908.49,44676.71,49036.42,49029.15,7.269999999996799,0.00014827913598332418
2026-07-28 20:28:00,20193.32,908.01,44677.14,49037.05,49029.155,7.8950000000040745,0.00016102663812998764
2026-07-28 20:29:00,20194.02,907.76,44677.33,49037.5,49029.16,8.339999999996508,0.00017010285307756664
2026-07-28 20:30:00,20194.9,907.33,44677.11,49037.65,49029.16,8.489999999997963,0.00017316225690992794
2026-07-28 20:31:00,20195.6,907.07,44677.23,49038.04,49029.16,8.87999999999738,0.00018111670687397826
2026-07-28 20:32:00,20196.11,907.35,44677.01,49038.05,49029.17,8.880000000004657,0.00018111666993352442
2026-07-28 20:33:00,20196.42,907.21,44676.74,49037.92,49029.18,8.739999999997963,0.00017826119058075135
2026-07-28 20:34:00,20196.77,906.1,44676.66,49037.97,49029.205,8.764999999999418,0.0001787709998560943
2026-07-28 20:35:00,20197.23,906.4,44676.55,49038.08,49029.23,8.849999999998545,0.00018050456839723047
2026-07-28 20:36:00,20197.64,906.27,44676.54,49038.23,49029.240000000005,8.989999999997963,0.0001833599704991952
2026-07-28 20:37:00,20197.74,906.19,44676.33,49038.08,49029.25,8.830000000001746,0.00018009657500373238
2026-07-28 20:38:00,20197.9,906.26,44676.19,49038.02,49029.270000000004,8.749999999992724,0.00017846482315548903
2026-07-28 20:39:00,20197.75,906.09,44676.25,49038.02,49029.29,8.729999999995925,0.00017805683092689953
2026-07-28 20:40:00,20197.46,905.54,44676.26,49037.92,49029.335,8.584999999999127,0.0001750992543545436
2026-07-28 20:41:00,20197.23,905.11,44676.35,49037.88,49029.38,8.5,0.00017336543925295406
2026-07-28 20:42:00,20198.32,905.54,44676.46,49038.39,49029.39,9.0,0.00018356336882837008
2026-07-28 20:43:00,20198.86,905.56,44676.1,49038.28,49029.4,8.87999999999738,0.0001811158203036827
2026-07-28 20:44:00,20199.21,905.27,44676.06,49038.39,49029.41,8.979999999995925,0.0001831553755184067
2026-07-28 20:45:00,20200.54,904.92,44676.14,49038.99,49029.42,9.569999999999709,0.00019518892942236945
2026-07-28 20:46:00,20201.2,905.17,44676.04,49039.17,49029.425,9.744999999995343,0.00019875819469625318
2026-07-28 20:47:00,20200.87,904.61,44675.96,49038.96,49029.43,9.529999999998836,0.00019437305308258397
2026-07-28 20:48:00,20200.89,904.74,44675.82,49038.85,49029.47,9.37999999999738,0.00019131351001749317
2026-07-28 20:49:00,20200.51,905.21,44675.48,49038.39,49029.51,8.87999999999738,0.0001811154139618646
2026-07-28 20:50:00,20199.12,905.07,44675.44,49037.78,49029.520000000004,8.259999999994761,0.00016846993403147248
2026-07-28 20:51:00,20197.69,905.17,44675.35,49037.13,49029.53,7.599999999998545,0.0001550086243942894
2026-07-28 20:52:00,20197.13,905.08,44675.61,49037.14,49029.535,7.6049999999959255,0.00015511058793431194
2026-07-28 20:53:00,20196.29,904.87,44675.69,49036.86,49029.54,7.319999999999709,0.00014929774988710294
2026-07-28 20:54:00,20195.48,904.89,44675.8,49036.63,49029.555,7.07499999999709,0.0001443007182096001
2026-07-28 20:55:00,20194.93,905.23,44675.82,49036.43,49029.57,6.860000000000582,0.00013991556523951937
2026-07-28 20:56:00,20194.37,905.68,44675.71,49036.13,49029.57,6.559999999997672,0.00013379680874210548
2026-07-28 20:57:00,20194.39,905.93,44675.69,49036.09,49029.57,6.519999999996799,0.0001329809745424404
2026-07-28 20:58:00,20194.7,906.13,44675.62,49036.16,49029.575,6.585000000006403,0.00013430669142056408
2026-07-28 20:59:00,20195.06,906.51,44675.58,49036.27,49029.58,6.689999999995052,0.0001364482420611201
2026-07-28 21:00:00,20195.36,906.71,44675.54,49036.37,49029.615000000005,6.754999999997381,0.00013777387401466197
2026-07-28 21:01:00,20195.3,907.11,44675.33,49036.15,49029.65,6.5,0.00013257284112776655
2026-07-28 21:02:00,20195.36,907.05,44675.31,49036.15,49029.66,6.489999999997963,0.0001323688559128895
2026-07-28 21:03:00,20195.23,906.99,44675.33,49036.12,49029.67,6.450000000004366,0.00013155299637962822
2026-07-28 21:04:00,20195.11,907.13,44675.21,49035.97,49029.69,6.279999999998836,0.00012808565585462268
2026-07-28 21:05:00,20195.09,907.2,44675.2,49035.95,49029.71,6.239999999997963,0.00012726977173631993
2026-07-28 21:06:00,20194.64,907.03,44675.28,49035.84,49029.715,6.125,0.00012492424237016268
2026-07-28 21:07:00,20194.3,907.17,44675.24,49035.67,49029.72,5.94999999999709,0.00012135496592672953
2026-07-28 21:08:00,20194.36,907.18,44675.31,49035.76,49029.725000000006,6.0349999999962165,0.00012308859574464707
2026-07-28 21:09:00,20194.51,907.28,44675.25,49035.77,49029.73,6.039999999993597,0.00012319056213431313
2026-07-28 21:10:00,20194.65,907.96,44675.09,49035.7,49029.770000000004,5.929999999993015,0.00012094692673437005
2026-07-28 21:11:00,20194.61,908.07,44675.0,49035.6,49029.81,5.790000000000873,0.00011809142234083455
2026-07-28 21:12:00,20194.68,907.88,44675.04,49035.67,49029.815,5.8549999999959255,0.00011941713424772101
2026-07-28 21:13:00,20196.11,906.75,44675.48,49036.64,49029.82,6.819999999999709,0.0001390990217789849
2026-07-28 21:14:00,20197.76,906.69,44675.57,49037.38,49029.83,7.549999999995634,0.00015398788859752593
2026-07-28 21:15:00,20199.03,906.95,44675.37,49037.73,49029.84,7.890000000006694,0.00016092240970002543
2026-07-28 21:16:00,20199.33,906.84,44674.86,49037.37,49029.865,7.505000000004657,0.00015306997072100153
2026-07-28 21:17:00,20199.21,906.7,44674.8,49037.25,49029.89,7.360000000000582,0.0001501125129997351
2026-07-28 21:18:00,20199.78,906.42,44674.94,49037.61,49029.91,7.69999999999709,0.0001570469943754147
2026-07-28 21:19:00,20199.6,905.57,44675.07,49037.64,49029.93,7.709999999999127,0.00015725088736612774
2026-07-28 21:20:00,20199.47,905.76,44675.09,49037.61,49029.935,7.67500000000291,0.00015653702171954565
2026-07-28 21:21:00,20199.07,906.15,44674.91,49037.28,49029.94,7.3399999999965075,0.00014970444589564066
2026-07-28 21:22:00,20197.98,906.53,44674.59,49036.54,49029.990000000005,6.549999999995634,0.00013359170581098698
2026-07-28 21:23:00,20197.59,906.48,44674.47,49036.31,49030.04,6.269999999996799,0.00012788078492281056
2026-07-28 21:24:00,20197.21,906.85,44674.64,49036.31,49030.055,6.254999999997381,0.0001275748110010764
2026-07-28 21:25:00,20196.67,906.97,44674.39,49035.85,49030.07,5.779999999998836,0.00011788683964756395
2026-07-28 21:26:00,20196.52,907.3,44674.28,49035.7,49030.085,5.614999999997963,0.00011452152285679217
2026-07-28 21:27:00,20196.37,907.42,44674.21,49035.58,49030.1,5.480000000003201,0.00011176807716082981
2026-07-28 21:28:00,20196.49,907.55,44674.25,49035.66,49030.11,5.55000000000291,0.00011319574849011985
2026-07-28 21:29:00,20196.48,907.49,44674.29,49035.71,49030.12,5.5899999999965075,0.00011401155045095765
2026-07-28 21:30:00,20196.74,907.21,44674.31,49035.82,49030.135,5.684999999997672,0.00011594909946704555
2026-07-28 21:31:00,20197.16,906.84,44674.21,49035.9,49030.15,5.75,0.00011727477888605276
2026-07-28 21:32:00,20197.34,906.73,44674.27,49036.01,49030.16,5.849999999998545,0.00011931431592306744
2026-07-28 21:33:00,20197.12,906.65,44674.17,49035.82,49030.17,5.650000000001455,0.0001152351705083106
2026-07-28 21:34:00,20196.01,907.16,44673.98,49035.22,49030.21,5.010000000002037,0.000102181899690049
2026-07-28 21:35:00,20195.37,907.34,44673.94,49034.92,49030.25,4.669999999998254,9.52473218064002e-05
2026-07-28 21:36:00,20194.45,906.55,44674.17,49034.74,49030.259999999995,4.480000000003201,9.137214446758394e-05
2026-07-28 21:37:00,20193.47,906.77,44674.23,49034.39,49030.27,4.120000000002619,8.402972286309293e-05
2026-07-28 21:38:00,20193.09,907.0,44674.16,49034.18,49030.27,3.9100000000034925,7.974665446475193e-05
2026-07-28 21:39:00,20193.16,907.07,44674.07,49034.14,49030.27,3.8700000000026193,7.893083191266578e-05
2026-07-28 21:40:00,20193.53,906.98,44674.16,49034.36,49030.28,4.080000000001746,8.321388333906611e-05
2026-07-28 21:41:00,20194.13,907.1,44674.19,49034.63,49030.29,4.3399999999965075,8.851671079237972e-05
2026-07-28 21:42:00,20194.77,907.19,44674.07,49034.78,49030.295,4.485000000000582,9.147405700905088e-05
2026-07-28 21:43:00,20195.5,906.77,44673.97,49035.01,49030.3,4.709999999999127,9.606304672822982e-05
2026-07-28 21:44:00,20195.64,906.74,44673.88,49034.97,49030.315,4.654999999998836,9.494126235980405e-05
2026-07-28 21:45:00,20195.99,906.92,44673.75,49035.02,49030.33,4.689999999995052,9.565507717355874e-05
2026-07-28 21:46:00,20196.13,907.1,44673.61,49034.94,49030.345,4.595000000001164,9.37174723123234e-05
2026-07-28 21:47:00,20196.31,907.29,44673.45,49034.87,49030.36,4.510000000002037,9.1983823900172e-05
2026-07-28 21:48:00,20195.36,907.48,44673.35,49034.38,49030.36,4.019999999996799,8.199001598186917e-05
2026-07-28 21:49:00,20192.27,908.49,44672.93,49032.76,49030.36,2.400000000001455,4.894926327282637e-05
2026-07-28 21:50:00,20190.4,909.22,44672.87,49031.94,49030.385,1.555000000000291,3.171502732438856e-05
2026-07-28 21:51:00,20187.57,910.51,44672.54,49030.49,49030.41,0.07999999999447027,1.6316404450721556e-06
2026-07-28 21:52:00,20185.28,910.7,44672.79,49029.81,49030.42,0.6100000000005821,1.2441255857089989e-05
2026-07-28 21:53:00,20184.17,910.37,44673.21,49029.73,49030.43,0.6999999999970896,1.4276848071638157e-05
2026-07-28 21:54:00,20183.37,910.52,44673.39,49029.57,49030.44,0.8700000000026193,1.7744078984455764e-05
2026-07-28 21:55:00,20183.23,910.44,44673.72,49029.82,49030.45,0.6299999999973807,1.2849158023175e-05
2026-07-28 21:56:00,20183.33,910.22,44673.78,49029.93,49030.45,0.5199999999967986,1.0605654241329594e-05
2026-07-28 21:57:00,20183.6,910.05,44673.85,49030.12,49030.45,0.32999999999447027,6.730511345387821e-06
2026-07-28 21:58:00,20185.15,909.6,44674.01,49030.89,49030.46,0.43000000000029104,8.770058449386179e-06
2026-07-28 21:59:00,20186.31,909.34,44674.0,49031.34,49030.47,0.8699999999953434,1.7744068127336805e-05
2026-07-28 22:00:00,20187.67,908.75,44673.94,49031.84,49030.479999999996,1.360000000000582,2.7737847967235528e-05
2026-07-28 22:01:00,20188.6,908.42,44673.91,49032.18,49030.49,1.6900000000023283,3.446834816462834e-05
2026-07-28 22:02:00,20189.51,908.14,44673.84,49032.47,49030.494999999995,1.9750000000058208,4.028105365866326e-05
2026-07-28 22:03:00,20189.7,908.06,44673.75,49032.45,49030.5,1.9499999999970896,3.9771162847555904e-05
2026-07-28 22:04:00,20189.5,907.85,44673.54,49032.18,49030.509999999995,1.6700000000055297,3.406042482538994e-05
2026-07-28 22:05:00,20189.09,907.38,44673.53,49032.01,49030.52,1.4900000000052387,3.0389235113256778e-05
2026-07-28 22:06:00,20188.88,907.14,44673.46,49031.88,49030.524999999994,1.3550000000032014,2.7635845220976148e-05
2026-07-28 22:07:00,20188.46,906.81,44673.51,49031.75,49030.53,1.2200000000011642,2.488245589026193e-05
2026-07-28 22:08:00,20187.99,906.69,44673.64,49031.65,49030.54,1.110000000000582,2.263895115168183e-05
2026-07-28 22:09:00,20187.39,906.68,44673.51,49031.3,49030.55,0.75,1.5296585496185542e-05
2026-07-28 22:10:00,20187.19,906.48,44673.54,49031.24,49030.565,0.6749999999956344,1.3766922734739737e-05
2026-07-28 22:11:00,20186.71,906.23,44673.55,49031.06,49030.58,0.47999999999592546,9.789808727449797e-06
2026-07-28 22:12:00,20186.42,906.14,44673.56,49030.95,49030.600000000006,0.34999999999126885,7.138399285166178e-06
2026-07-28 22:13:00,20186.28,906.18,44673.63,49030.94,49030.62,0.31999999999970896,6.526533827222844e-06
2026-07-28 22:14:00,20185.86,906.55,44673.5,49030.65,49030.635,0.014999999999417923,3.0593117954556214e-07
2026-07-28 22:15:00,20185.53,906.87,44673.31,49030.36,49030.65,0.2900000000008731,5.9146676619802736e-06
2026-07-28 22:16:00,20185.5,907.05,44673.23,49030.27,49030.68,0.41000000000349246,8.362111233282763e-06
2026-07-28 22:17:00,20185.72,907.16,44673.17,49030.3,49030.71,0.4099999999962165,8.362106116681086e-06
2026-07-28 22:18:00,20185.67,907.15,44673.15,49030.27,49030.725,0.45500000000174623,9.27989541255501e-06
2026-07-28 22:19:00,20185.2,907.19,44673.17,49030.1,49030.74,0.6399999999994179,1.305303570779103e-05
2026-07-28 22:20:00,20184.44,906.9,44673.23,49029.84,49030.755,0.9150000000008731,1.8661756279316383e-05
2026-07-28 22:21:00,20183.44,906.82,44673.36,49029.54,49030.77,1.2299999999959255,2.5086287651528326e-05
2026-07-28 22:22:00,20182.57,907.23,44673.39,49029.23,49030.795,1.5649999999950523,3.1918715574468096e-05
2026-07-28 22:23:00,20181.75,907.27,44673.35,49028.88,49030.82,1.9400000000023283,3.956694993072374e-05
2026-07-28 22:24:00,20181.19,907.65,44673.38,49028.68,49030.825,2.1449999999967986,4.3747989147578054e-05
2026-07-28 22:25:00,20181.05,908.0,44673.34,49028.58,49030.83,2.25,4.5889494426262004e-05
2026-07-28 22:26:00,20180.87,908.16,44673.33,49028.52,49030.83,2.3100000000049477,4.71132142777299e-05
2026-07-28 22:27:00,20181.15,908.0,44673.24,49028.54,49030.83,2.290000000000873,4.670530766052447e-05
2026-07-28 22:28:00,20181.27,907.76,44673.32,49028.68,49030.86,2.180000000000291,4.446179406194978e-05
2026-07-28 22:29:00,20181.29,907.78,44673.4,49028.72,49030.89,2.1699999999982538,4.425781379857175e-05
2026-07-28 22:30:00,20181.31,907.81,44673.37,49028.73,49030.91,2.180000000000291,4.446174872137374e-05
2026-07-28 22:31:00,20181.55,907.86,44673.31,49028.79,49030.93,2.139999999999418,4.3645919014781444e-05
2026-07-28 22:32:00,20182.03,907.88,44673.25,49028.93,49030.935,2.0049999999973807,4.089255079466424e-05
2026-07-28 22:33:00,20182.48,907.89,44673.26,49029.12,49030.94,1.819999999999709,3.711941888121478e-05
2026-07-28 22:34:00,20182.34,907.84,44673.19,49028.99,49030.945,1.9550000000017462,3.987277830361512e-05
2026-07-28 22:35:00,20182.36,907.9,44673.14,49028.95,49030.95,2.0,4.0790561879792254e-05
2026-07-28 22:36:00,20182.51,907.63,44673.14,49029.01,49030.955,1.944999999999709,3.9668817382808655e-05
2026-07-28 22:37:00,20182.6,907.42,44673.21,49029.1,49030.96,1.860000000000582,3.793521481122503e-05
2026-07-28 22:38:00,20182.39,907.29,44673.21,49028.99,49030.979999999996,1.9899999999979627,4.058658423710811e-05
2026-07-28 22:39:00,20182.48,907.0,44673.3,49029.11,49031.0,1.889999999999418,3.85470416675046e-05
2026-07-28 22:40:00,20182.53,906.99,44673.33,49029.15,49031.009999999995,1.8599999999933061,3.79351761261558e-05
2026-07-28 22:41:00,20182.68,907.12,44673.23,49029.14,49031.02,1.8799999999973807,3.8343073425708475e-05
2026-07-28 22:42:00,20183.08,907.3,44673.18,49029.25,49031.02,1.7699999999967986,3.609959572525309e-05
2026-07-28 22:43:00,20183.29,907.18,44673.12,49029.29,49031.02,1.7299999999959255,3.528378565234673e-05
2026-07-28 22:44:00,20183.21,907.36,44673.01,49029.18,49031.03999999999,1.8599999999933061,3.793515291524117e-05
2026-07-28 22:45:00,20183.29,907.4,44672.96,49029.16,49031.06,1.8999999999941792,3.875094684867468e-05
2026-07-28 22:46:00,20183.64,907.22,44673.07,49029.38,49031.119999999995,1.7399999999979627,3.5487665792622376e-05
2026-07-28 22:47:00,20184.46,907.6,44672.98,49029.67,49031.18,1.5100000000020373,3.0796729754454966e-05
2026-07-28 22:48:00,20184.67,907.66,44672.72,49029.51,49031.19,1.680000000000291,3.426390426176258e-05
2026-07-28 22:49:00,20184.86,909.24,44672.48,49029.4,49031.2,1.7999999999956344,3.671131850731034e-05
2026-07-28 22:50:00,20185.06,908.42,44672.42,49029.42,49031.22,1.8000000000029104,3.67113035327881e-05
2026-07-28 22:51:00,20185.26,909.1,44672.35,49029.43,49031.24,1.8099999999976717,3.691524016112323e-05
2026-07-28 22:52:00,20185.42,909.01,44672.37,49029.53,49031.24,1.7099999999991269,3.4875724130149e-05
2026-07-28 22:53:00,20185.38,908.8,44672.45,49029.58,49031.24,1.6599999999962165,3.385596611458769e-05
2026-07-28 22:54:00,20185.53,908.93,44672.53,49029.71,49031.270000000004,1.5600000000049477,3.1816430616725764e-05
2026-07-28 22:55:00,20185.91,908.73,44672.61,49029.94,49031.3,1.360000000000582,2.773738407916131e-05
2026-07-28 22:56:00,20186.26,908.74,44672.61,49030.07,49031.3,1.2300000000032014,2.5086016483413684e-05
2026-07-28 22:57:00,20186.45,908.54,44672.62,49030.15,49031.3,1.1500000000014552,2.345440565519281e-05
2026-07-28 22:58:00,20186.93,908.4,44672.73,49030.45,49031.32,0.8700000000026193,1.7743760518840188e-05
2026-07-28 22:59:00,20187.37,907.98,44672.83,49030.71,49031.34,0.6299999999973807,1.2848924789683103e-05
2026-07-28 23:00:00,20187.46,907.67,44672.91,49030.83,49031.41,0.5800000000017462,1.1829151966091659e-05
2026-07-28 23:01:00,20187.3,907.38,44672.99,49030.82,49031.48,0.6600000000034925,1.3460739916549376e-05
2026-07-28 23:02:00,20187.26,906.85,44673.17,49030.96,49031.495,0.5350000000034925,1.0911354018544456e-05
2026-07-28 23:03:00,20187.11,906.4,44673.33,49031.02,49031.51,0.4900000000052387,9.993573520481802e-06
2026-07-28 23:04:00,20187.18,905.89,44673.45,49031.18,49031.58,0.4000000000014552,8.158007553528872e-06
2026-07-28 23:05:00,20186.71,905.82,44673.39,49030.93,49031.65,0.7200000000011642,1.4684392632129739e-05
2026-07-28 23:06:00,20186.41,905.7,44673.36,49030.77,49031.685,0.9150000000008731,1.8661402315683687e-05
2026-07-28 23:07:00,20186.4,905.83,44673.44,49030.83,49031.72,0.8899999999994179,1.815151497845513e-05
2026-07-28 23:08:00,20186.06,905.9,44673.3,49030.58,49031.735,1.1549999999988358,2.355617234427531e-05
2026-07-28 23:09:00,20185.88,906.22,44673.27,49030.5,49031.75,1.25,2.549368521417245e-05
2026-07-28 23:10:00,20186.03,906.28,44673.34,49030.62,49031.785,1.1650000000008731,2.3760097659117917e-05
2026-07-28 23:11:00,20185.67,906.44,44673.28,49030.41,49031.82,1.4099999999962165,2.8756835866916962e-05
2026-07-28 23:12:00,20185.69,906.37,44673.32,49030.45,49031.83,1.3800000000046566,2.8144982555304514e-05
2026-07-28 23:13:00,20185.57,906.42,44673.39,49030.47,49031.84,1.3699999999953434,2.794102770761496e-05
2026-07-28 23:14:00,20185.15,906.32,44673.37,49030.29,49031.86,1.569999999999709,3.201999679391541e-05
2026-07-28 23:15:00,20185.27,906.15,44673.5,49030.43,49031.88,1.4499999999970896,2.9572596441276364e-05
2026-07-28 23:16:00,20185.11,906.3,44673.48,49030.36,49031.91,1.5500000000029104,3.1612066509399904e-05
2026-07-28 23:17:00,20184.66,906.51,44673.32,49030.04,49031.94,1.9000000000014552,3.875025136679183e-05
2026-07-28 23:18:00,20184.32,906.88,44673.28,49029.89,49031.955,2.0650000000023283,4.211539189090723e-05
2026-07-28 23:19:00,20183.83,907.24,44673.13,49029.57,49031.97,2.400000000001455,4.894765598856124e-05
2026-07-28 23:20:00,20183.99,907.28,44673.28,49029.72,49031.990000000005,2.2700000000040745,4.629630573843881e-05
2026-07-28 23:21:00,20184.76,906.98,44673.44,49030.17,49032.01,1.8400000000037835,3.752650564404322e-05
2026-07-28 23:22:00,20185.39,906.85,44673.55,49030.52,49032.025,1.5050000000046566,3.0694224845999256e-05
2026-07-28 23:23:00,20185.48,907.55,44673.26,49030.33,49032.04,1.7099999999991269,3.487515510264567e-05
2026-07-28 23:24:00,20186.2,907.3,44673.2,49030.55,49032.11,1.5599999999976717,3.1815885549238484e-05
2026-07-28 23:25:00,20186.41,907.74,44673.06,49030.53,49032.18,1.6500000000014552,3.365136936602564e-05
2026-07-28 23:26:00,20187.33,907.34,44673.18,49031.0,49032.18,1.180000000000291,2.4065827789021233e-05
2026-07-28 23:27:00,20187.72,907.21,44673.23,49031.2,49032.18,0.9800000000032014,1.9986873926535622e-05
2026-07-28 23:28:00,20188.29,906.91,44673.32,49031.51,49032.18,0.6699999999982538,1.366449543949002e-05
2026-07-28 23:29:00,20188.83,906.43,44673.43,49031.82,49032.18,0.3600000000005821,7.342116952592809e-06
2026-07-28 23:30:00,20188.87,906.83,44673.29,49031.72,49032.18,0.4599999999991269,9.381593883835613e-06
2026-07-28 23:31:00,20188.36,907.24,44673.03,49031.3,49032.18,0.8799999999973807,1.7947396995144426e-05
2026-07-28 23:32:00,20190.19,906.1,44673.38,49032.33,49032.21,0.12000000000261934,2.4473708201735012e-06
2026-07-28 23:33:00,20189.87,907.22,44673.13,49031.97,49032.24,0.2699999999967986,5.506580976043489e-06
2026-07-28 23:34:00,20190.71,907.22,44672.96,49032.18,49032.255,0.07499999999708962,1.5296053586988732e-06
2026-07-28 23:35:00,20193.68,904.98,44673.49,49033.8,49032.27,1.5300000000061118,3.120393977284984e-05
2026-07-28 23:36:00,20191.9,907.64,44672.72,49032.44,49032.28999999999,0.15000000000873115,3.059208533983038e-06
2026-07-28 23:37:00,20196.24,903.25,44673.64,49034.97,49032.31,2.6600000000034925,5.4249942537961045e-05
2026-07-28 23:38:00,20196.59,904.17,44673.62,49035.12,49032.32,2.8000000000029104,5.710519102508122e-05
2026-07-28 23:39:00,20198.39,904.14,44673.17,49035.44,49032.33,3.110000000000582,6.342753852408364e-05
2026-07-28 23:40:00,20198.93,903.89,44673.06,49035.55,49032.37,3.180000000000291,6.485511510049974e-05
2026-07-28 23:41:00,20200.67,903.48,44672.94,49036.15,49032.41,3.7399999999979627,7.627607943394915e-05
2026-07-28 23:42:00,20201.21,903.39,44672.79,49036.23,49032.425,3.805000000000291,7.760170948102793e-05
2026-07-28 23:43:00,20201.12,904.44,44672.31,49035.78,49032.44,3.3399999999965075,6.811816829830429e-05
2026-07-28 23:44:00,20201.16,905.51,44671.92,49035.45,49032.445,3.0049999999973807,6.12859505577864e-05
2026-07-28 23:45:00,20200.94,906.13,44671.5,49034.99,49032.45,2.540000000000873,5.1802428799720865e-05
2026-07-28 23:46:00,20201.05,906.32,44671.48,49035.01,49032.45,2.5600000000049477,5.2210321939959104e-05
2026-07-28 23:47:00,20201.05,907.21,44671.23,49034.8,49032.45,2.3500000000058208,4.792744396834792e-05
2026-07-28 23:48:00,20200.86,908.1,44670.9,49034.43,49032.46,1.9700000000011642,4.017746611124884e-05
2026-07-28 23:49:00,20200.3,909.05,44670.5,49033.86,49032.47,1.389999999999418,2.8348561677586667e-05
2026-07-28 23:50:00,20200.84,909.22,44670.41,49034.01,49032.5,1.5100000000020373,3.07959006781632e-05
2026-07-28 23:51:00,20200.91,909.7,44670.28,49033.93,49032.53,1.4000000000014552,2.8552473225457776e-05
2026-07-28 23:52:00,20200.52,910.79,44669.93,49033.47,49032.535,0.9349999999976717,1.9068971245269527e-05
2026-07-28 23:53:00,20200.08,911.59,44669.76,49033.14,49032.54,0.5999999999985448,1.2236771743795952e-05
2026-07-28 23:54:00,20199.93,912.19,44669.66,49033.0,49032.65,0.3499999999985448,7.138100836861658e-06
2026-07-28 23:55:00,20199.99,912.15,44669.62,49032.99,49032.76,0.22999999999592546,4.690741455221478e-06
2026-07-28 23:56:00,20199.89,912.42,44669.59,49032.92,49032.84,0.08000000000174623,1.6315595833679272e-06
2026-07-28 23:57:00,20199.93,912.72,44669.63,49032.97,49032.92,0.05000000000291038,1.019723075903095e-06
2026-07-28 23:58:00,20200.02,913.09,44669.55,49032.94,49032.93,0.010000000002037268,2.0394457361689926e-07
2026-07-28 23:59:00,20199.45,913.41,44669.34,49032.53,49032.94,0.41000000000349246,8.361725811331982e-06
