timestamp,Bx,By,Bz,B_total,B_plasma_raw,B_plasma_baseline,delta_B,chi
2026-08-04 00:00:00,20183.37,955.05,44665.18,49022.81,9.131499999995867,9.696499999998196,-0.5650000000023283,0.05826844737817083
2026-08-04 00:01:00,20183.87,955.13,44665.6,49023.4,9.72149999999965,9.691500000000815,0.029999999998835847,0.003095496053122151
2026-08-04 00:02:00,20183.73,955.0,44665.63,49023.37,9.691500000000815,9.681499999998778,0.010000000002037268,0.0010328977949737677
2026-08-04 00:03:00,20183.65,953.36,44666.4,49024.01,10.331500000000233,9.67149999999674,0.6600000000034925,0.06824174119875044
2026-08-04 00:04:00,20183.19,952.15,44667.08,49024.42,10.74149999999645,9.656499999997322,1.0849999999991269,0.11235955056173849
2026-08-04 00:05:00,20182.83,949.69,44668.02,49025.08,11.401499999999942,9.641499999997905,1.7600000000020373,0.18254420992609238
2026-08-04 00:06:00,20182.46,946.99,44669.12,49025.9,12.22149999999965,9.626499999998487,2.595000000001164,0.2695683789540926
2026-08-04 00:07:00,20182.26,945.51,44669.84,49026.44,12.761500000000524,9.611499999999069,3.150000000001455,0.3277324038913552
2026-08-04 00:08:00,20182.42,942.92,44670.59,49027.13,13.451499999995576,9.60649999999805,3.844999999997526,0.4002498308435233
2026-08-04 00:09:00,20181.92,940.68,44671.26,49027.5,13.821499999998196,9.601499999997031,4.220000000001164,0.4395146591680955
2026-08-04 00:10:00,20181.51,938.71,44671.84,49027.81,14.131499999995867,9.596499999996013,4.5349999999998545,0.4725681237953148
2026-08-04 00:11:00,20180.95,936.83,44672.16,49027.85,14.17149999999674,9.591499999994994,4.580000000001746,0.4775061252154654
2026-08-04 00:12:00,20180.45,934.39,44672.57,49027.98,14.301500000001397,9.576499999995576,4.725000000005821,0.4933952905558402
2026-08-04 00:13:00,20179.54,931.79,44673.23,49028.17,14.49149999999645,9.561499999996158,4.930000000000291,0.5156094755009436
2026-08-04 00:14:00,20178.47,928.81,44674.04,49028.42,14.74149999999645,9.556499999998778,5.184999999997672,0.5425626536910307
2026-08-04 00:15:00,20178.01,925.65,44674.94,49029.0,15.321499999998196,9.551500000001397,5.769999999996799,0.6040935978637862
2026-08-04 00:16:00,20177.66,923.4,44675.55,49029.37,15.691500000000815,9.536499999998341,6.155000000002474,0.6454149845334813
2026-08-04 00:17:00,20177.06,921.73,44675.76,49029.28,15.601499999997031,9.521499999995285,6.080000000001746,0.6385548495515158
2026-08-04 00:18:00,20176.94,919.69,44675.98,49029.4,15.72149999999965,9.506499999995867,6.2150000000037835,0.6537632146432951
2026-08-04 00:19:00,20177.43,917.47,44676.33,49029.87,16.191500000000815,9.49149999999645,6.700000000004366,0.7058947479330846
2026-08-04 00:20:00,20178.34,915.32,44676.52,49030.39,16.711499999997613,9.49149999999645,7.220000000001164,0.7606806089663241
2026-08-04 00:21:00,20178.35,913.38,44676.57,49030.39,16.711499999997613,9.49149999999645,7.220000000001164,0.7606806089663241
2026-08-04 00:22:00,20178.29,910.41,44676.85,49030.57,16.891499999997905,9.48149999999805,7.4099999999998545,0.7815219110901628
2026-08-04 00:23:00,20178.83,906.7,44677.39,49031.23,17.551500000001397,9.47149999999965,8.080000000001746,0.8530855725072105
2026-08-04 00:24:00,20180.09,904.1,44677.77,49032.05,18.371500000001106,9.461499999997613,8.910000000003492,0.9417111451678635
2026-08-04 00:25:00,20181.12,903.0,44677.4,49032.09,18.411499999994703,9.451499999995576,8.959999999999127,0.9479976723274952
2026-08-04 00:26:00,20183.12,901.87,44676.88,49032.42,18.74149999999645,9.43149999999514,9.31000000000131,0.9871176377040881
2026-08-04 00:27:00,20183.6,903.08,44675.56,49031.43,17.751499999998487,9.411499999994703,8.340000000003783,0.8861499229674842
2026-08-04 00:28:00,20183.95,903.84,44674.41,49030.54,16.86149999999907,9.386499999996886,7.475000000002183,0.7963564693980357
2026-08-04 00:29:00,20183.91,904.84,44673.33,49029.56,15.881499999995867,9.361499999999069,6.519999999996799,0.696469582865721
2026-08-04 00:30:00,20183.57,905.99,44672.4,49028.6,14.92149999999674,9.351499999997031,5.569999999999709,0.5956263701012112
2026-08-04 00:31:00,20183.27,907.15,44671.49,49027.66,13.981500000001688,9.341499999994994,4.640000000006694,0.49670823743608417
2026-08-04 00:32:00,20182.98,907.68,44670.94,49027.05,13.371500000001106,9.316499999997177,4.055000000003929,0.43524928889659825
2026-08-04 00:33:00,20182.73,907.75,44670.64,49026.67,12.99149999999645,9.29149999999936,3.6999999999970896,0.39821342086824996
2026-08-04 00:34:00,20182.23,908.87,44670.19,49026.08,12.401499999999942,9.246499999997468,3.155000000002474,0.3412101876389269
2026-08-04 00:35:00,20181.91,909.33,44669.81,49025.62,11.941500000000815,9.201499999995576,2.7400000000052387,0.2977775362719726
2026-08-04 00:36:00,20181.95,910.24,44669.49,49025.37,11.691500000000815,9.191499999997177,2.500000000003638,0.27199042593748635
2026-08-04 00:37:00,20181.99,911.43,44668.94,49024.89,11.211499999997613,9.181499999998778,2.029999999998836,0.22109677068007472
2026-08-04 00:38:00,20181.94,913.03,44668.42,49024.43,10.751499999998487,9.156499999997322,1.5950000000011642,0.17419319609038722
2026-08-04 00:39:00,20181.54,914.38,44667.83,49023.75,10.071499999998196,9.131499999995867,0.9400000000023283,0.10294037124270423
2026-08-04 00:40:00,20181.49,915.29,44667.51,49023.45,9.771499999995285,9.131499999995867,0.6399999999994179,0.07008706127139107
2026-08-04 00:41:00,20181.93,915.76,44667.38,49023.53,9.851499999997031,9.131499999995867,0.7200000000011642,0.07884794393051416
2026-08-04 00:42:00,20182.75,915.99,44667.32,49023.82,10.141499999997905,9.126499999998487,1.014999999999418,0.11121459486107338
2026-08-04 00:43:00,20183.5,915.76,44667.49,49024.27,10.591499999994994,9.121500000001106,1.4699999999938882,0.16115770432425697
2026-08-04 00:44:00,20183.98,915.57,44667.58,49024.55,10.871500000001106,9.091499999998632,1.7800000000024738,0.1957872738275028
2026-08-04 00:45:00,20184.3,915.77,44667.54,49024.65,10.97149999999965,9.061499999996158,1.9100000000034925,0.2107818793802684
2026-08-04 00:46:00,20184.71,915.83,44667.5,49024.78,11.101499999997031,9.04649999999674,2.055000000000291,0.22715967501254977
2026-08-04 00:47:00,20184.18,916.32,44667.42,49024.49,10.811499999996158,9.031499999997322,1.7799999999988358,0.19708796988311617
2026-08-04 00:48:00,20183.29,917.52,44667.18,49023.93,10.251499999998487,9.021499999998923,1.2299999999995634,0.13634096325441558
2026-08-04 00:49:00,20183.71,917.94,44667.2,49024.13,10.451499999995576,9.011500000000524,1.4399999999950523,0.15979581645619137
2026-08-04 00:50:00,20184.53,918.19,44667.24,49024.53,10.851499999997031,9.001499999998487,1.8499999999985448,0.20552130200509425
2026-08-04 00:51:00,20184.86,918.01,44667.27,49024.68,11.001499999998487,8.99149999999645,2.0100000000020373,0.22354445865571163
2026-08-04 00:52:00,20185.54,916.88,44667.68,49025.33,11.651499999999942,8.976499999997031,2.6750000000029104,0.29800033420640504
2026-08-04 00:53:00,20186.29,915.83,44668.1,49025.99,12.311499999996158,8.961499999997613,3.349999999998545,0.37382134687267055
2026-08-04 00:54:00,20187.28,914.07,44668.65,49026.86,13.181499999998778,8.961499999997613,4.220000000001164,0.4709033085981463
2026-08-04 00:55:00,20188.36,912.0,44669.1,49027.68,14.001499999998487,8.961499999997613,5.040000000000873,0.562405847235643
2026-08-04 00:56:00,20190.02,909.16,44669.97,49029.09,15.411499999994703,8.951499999999214,6.459999999995489,0.7216667597604933
2026-08-04 00:57:00,20190.86,906.97,44670.35,49029.74,16.06149999999616,8.941500000000815,7.119999999995343,0.7962869764574954
2026-08-04 00:58:00,20191.49,904.81,44670.76,49030.35,16.67149999999674,8.941500000000815,7.7299999999959255,0.86450819213725
2026-08-04 00:59:00,20192.16,902.36,44671.24,49031.01,17.331500000000233,8.941500000000815,8.389999999999418,0.938321310741895
2026-08-04 01:00:00,20193.47,898.46,44672.14,49032.3,18.621500000001106,8.926499999997759,9.695000000003347,1.086091973338462
2026-08-04 01:01:00,20194.68,893.84,44673.16,49033.64,19.961499999997613,8.911499999994703,11.05000000000291,1.2399708242169645
2026-08-04 01:02:00,20197.45,890.2,44673.87,49035.35,21.67149999999674,8.906499999997322,12.764999999999418,1.4332229270760968
2026-08-04 01:03:00,20200.44,887.37,44674.2,49036.82,23.141499999997905,8.901499999999942,14.239999999997963,1.5997303825195817
2026-08-04 01:04:00,20202.87,885.74,44673.76,49037.39,23.711499999997613,8.896499999998923,14.81499999999869,1.6652616197381536
2026-08-04 01:05:00,20204.9,885.52,44672.81,49037.34,23.661499999994703,8.891499999997905,14.769999999996799,1.6611370409942394
2026-08-04 01:06:00,20207.22,885.7,44671.73,49037.31,23.631499999995867,8.881499999999505,14.749999999996362,1.6607555030115615
2026-08-04 01:07:00,20210.69,885.92,44670.49,49037.6,23.92149999999674,8.871500000001106,15.049999999995634,1.6964436679246755
2026-08-04 01:08:00,20213.41,885.94,44669.22,49037.56,23.881499999995867,8.84649999999965,15.034999999996217,1.6995421918269158
2026-08-04 01:09:00,20215.14,885.56,44668.07,49037.2,23.521499999995285,8.821499999998196,14.69999999999709,1.666383268151686
2026-08-04 01:10:00,20215.78,886.54,44666.7,49036.21,22.531499999997322,8.816499999997177,13.715000000000146,1.55560596608683
2026-08-04 01:11:00,20216.3,887.87,44665.31,49035.19,21.511500000000524,8.811499999996158,12.700000000004366,1.4412983033546958
2026-08-04 01:12:00,20216.97,889.33,44663.99,49034.28,20.60149999999703,8.806499999998778,11.794999999998254,1.3393516152841527
2026-08-04 01:13:00,20217.28,890.22,44662.82,49033.35,19.67149999999674,8.801500000001397,10.869999999995343,1.2350167585063476
2026-08-04 01:14:00,20217.31,890.95,44661.92,49032.57,18.891499999997905,8.776499999999942,10.114999999997963,1.1525095425281182
2026-08-04 01:15:00,20217.27,891.48,44661.17,49031.88,18.201499999995576,8.751499999998487,9.44999999999709,1.0798148888760468
2026-08-04 01:16:00,20216.73,891.56,44660.76,49031.29,17.61149999999907,8.741500000000087,8.869999999998981,1.0146999942800312
2026-08-04 01:17:00,20216.26,891.42,44660.57,49030.92,17.24149999999645,8.731500000001688,8.509999999994761,0.97463207925249
2026-08-04 01:18:00,20215.61,891.42,44660.52,49030.61,16.931499999998778,8.72149999999965,8.209999999999127,0.9413518316802678
2026-08-04 01:19:00,20214.72,891.99,44660.32,49030.08,16.401499999999942,8.711499999997613,7.690000000002328,0.8827412041559358
2026-08-04 01:20:00,20214.26,892.08,44660.3,49029.87,16.191500000000815,8.656499999997322,7.5350000000034925,0.8704441748981486
2026-08-04 01:21:00,20213.82,892.32,44660.33,49029.72,16.04149999999936,8.601499999997031,7.440000000002328,0.864965413009928
2026-08-04 01:22:00,20212.64,892.49,44660.27,49029.18,15.501499999998487,8.591499999998632,6.9099999999998545,0.8042833032649659
2026-08-04 01:23:00,20211.45,892.33,44660.44,49028.86,15.181499999998778,8.581500000000233,6.599999999998545,0.7690963118334051
2026-08-04 01:24:00,20210.49,891.74,44660.75,49028.74,15.061499999996158,8.566500000000815,6.494999999995343,0.7581859569246163
2026-08-04 01:25:00,20209.45,891.44,44660.98,49028.52,14.841499999994994,8.551500000001397,6.289999999993597,0.7355434719046448
2026-08-04 01:26:00,20208.74,890.56,44661.37,49028.57,14.891499999997905,8.551500000001397,6.3399999999965075,0.7413903993446146
2026-08-04 01:27:00,20208.05,890.07,44661.64,49028.53,14.851499999997031,8.551500000001397,6.299999999995634,0.7367128573928089
2026-08-04 01:28:00,20207.77,889.17,44661.95,49028.68,15.001499999998487,8.511500000000524,6.489999999997963,0.7624977970977576
2026-08-04 01:29:00,20206.73,888.95,44662.03,49028.31,14.631499999995867,8.47149999999965,6.1599999999962165,0.7271439532546149
2026-08-04 01:30:00,20205.96,888.4,44662.14,49028.09,14.411499999994703,8.466499999998632,5.944999999996071,0.7021791767550973
2026-08-04 01:31:00,20205.45,888.15,44662.19,49027.92,14.24149999999645,8.461499999997613,5.779999999998836,0.6830940140637554
2026-08-04 01:32:00,20204.71,888.33,44662.07,49027.52,13.841499999994994,8.441499999997177,5.399999999997817,0.6396967363619763
2026-08-04 01:33:00,20203.84,889.03,44661.78,49026.91,13.231500000001688,8.42149999999674,4.810000000004948,0.5711571572768283
2026-08-04 01:34:00,20202.82,890.26,44661.25,49026.04,12.361499999999069,8.391499999997905,3.970000000001164,0.4730977775132164
2026-08-04 01:35:00,20201.22,891.76,44660.75,49024.95,11.271499999995285,8.361499999999069,2.9099999999962165,0.3480236799613156
2026-08-04 01:36:00,20199.49,894.05,44660.09,49023.68,10.001499999998487,8.331500000000233,1.6699999999982538,0.20044409770127913
2026-08-04 01:37:00,20197.38,896.36,44659.39,49022.23,8.551500000001397,8.301500000001397,0.25,0.03011503945069661
2026-08-04 01:38:00,20195.99,898.58,44658.8,49021.16,7.481500000001688,8.296500000000378,-0.8149999999986903,0.09823419514236764
2026-08-04 01:39:00,20194.84,900.51,44658.33,49020.3,6.621500000001106,8.29149999999936,-1.6699999999982538,0.2014110836396771
2026-08-04 01:40:00,20194.02,902.32,44657.91,49019.62,5.941500000000815,8.146499999998923,-2.2049999999981083,0.27066838519590003
2026-08-04 01:41:00,20192.4,904.2,44657.46,49018.58,4.901499999999942,8.001499999998487,-3.099999999998545,0.3874273573703845
2026-08-04 01:42:00,20190.5,906.19,44657.0,49017.41,3.731500000001688,7.986499999999069,-4.254999999997381,0.5327740562196052
2026-08-04 01:43:00,20188.91,907.75,44656.75,49016.58,2.901499999999942,7.971499999999651,-5.069999999999709,0.6360158063099707
2026-08-04 01:44:00,20187.52,908.69,44656.74,49016.03,2.3514999999970314,7.951499999999214,-5.600000000002183,0.7042696346604711
2026-08-04 01:45:00,20186.72,908.57,44657.16,49016.08,2.401499999999942,7.931499999998778,-5.529999999998836,0.6972199457857515
2026-08-04 01:46:00,20186.21,908.33,44657.6,49016.27,2.591499999994994,7.896499999998923,-5.305000000003929,0.6718166276204207
2026-08-04 01:47:00,20185.63,908.44,44657.92,49016.33,2.651499999999942,7.861499999999069,-5.209999999999127,0.6627233988424276
2026-08-04 01:48:00,20184.75,909.23,44657.91,49015.99,2.3114999999961583,7.806499999998778,-5.495000000002619,0.7039005956579106
2026-08-04 01:49:00,20183.76,910.08,44657.87,49015.55,1.871500000001106,7.751499999998487,-5.879999999997381,0.7585628588013325
2026-08-04 01:50:00,20183.06,910.1,44658.07,49015.45,1.7714999999952852,7.741500000000087,-5.970000000004802,0.7711683782218866
2026-08-04 01:51:00,20183.04,909.75,44658.47,49015.8,2.121500000001106,7.731500000001688,-5.610000000000582,0.7256030524476954
2026-08-04 01:52:00,20182.37,909.28,44658.8,49015.81,2.1314999999958673,7.7115000000012515,-5.580000000005384,0.723594631395251
2026-08-04 01:53:00,20181.76,909.05,44659.12,49015.86,2.1814999999987776,7.691500000000815,-5.510000000002037,0.7163752193982258
2026-08-04 01:54:00,20181.12,908.66,44659.39,49015.84,2.161499999994703,7.626499999998487,-5.4650000000037835,0.7165803448508317
2026-08-04 01:55:00,20180.34,909.15,44659.52,49015.65,1.9714999999996508,7.561499999996158,-5.5899999999965075,0.7392713086027042
2026-08-04 01:56:00,20180.36,909.29,44659.86,49015.97,2.2914999999993597,7.54649999999674,-5.254999999997381,0.6963493010004175
2026-08-04 01:57:00,20179.66,909.69,44659.84,49015.68,2.0014999999984866,7.5314999999973224,-5.529999999998836,0.7342494854943639
2026-08-04 01:58:00,20179.08,910.36,44659.88,49015.49,1.8114999999961583,7.5314999999973224,-5.720000000001164,0.7594768638389694
2026-08-04 01:59:00,20179.39,910.05,44659.95,49015.67,1.9914999999964493,7.5314999999973224,-5.540000000000873,0.7355772422495974
2026-08-04 02:00:00,20179.42,910.11,44660.16,49015.87,2.191500000000815,7.506499999999505,-5.31499999999869,0.7080530207152522
2026-08-04 02:01:00,20178.95,910.95,44660.09,49015.61,1.9314999999987776,7.481500000001688,-5.55000000000291,0.741829846956046
2026-08-04 02:02:00,20179.39,911.6,44659.99,49015.72,2.0414999999993597,7.471499999999651,-5.430000000000291,0.7267616944389407
2026-08-04 02:03:00,20179.61,911.93,44660.05,49015.86,2.1814999999987776,7.4614999999976135,-5.279999999998836,0.7076325135697279
2026-08-04 02:04:00,20179.79,911.87,44660.25,49016.12,2.441500000000815,7.441499999997177,-4.999999999996362,0.6719075455215022
2026-08-04 02:05:00,20180.07,911.82,44660.41,49016.38,2.701499999995576,7.42149999999674,-4.720000000001164,0.635990028970321
2026-08-04 02:06:00,20180.42,912.36,44660.42,49016.53,2.8514999999970314,7.411499999998341,-4.56000000000131,0.6152600688122958
2026-08-04 02:07:00,20180.81,912.7,44660.47,49016.75,3.0714999999981956,7.401499999999942,-4.330000000001746,0.5850165506994232
2026-08-04 02:08:00,20181.18,912.66,44660.61,49017.03,3.3514999999970314,7.3914999999979045,-4.040000000000873,0.5465737671652598
2026-08-04 02:09:00,20181.65,912.85,44660.77,49017.37,3.691500000000815,7.381499999995867,-3.6899999999950523,0.49989839463484637
2026-08-04 02:10:00,20181.99,913.28,44660.89,49017.63,3.951499999995576,7.346499999996013,-3.3950000000004366,0.4621248213438071
2026-08-04 02:11:00,20182.26,913.74,44660.84,49017.7,4.021499999995285,7.311499999996158,-3.290000000000873,0.4499760651032759
2026-08-04 02:12:00,20182.16,914.14,44660.89,49017.7,4.021499999995285,7.311499999996158,-3.290000000000873,0.4499760651032759
2026-08-04 02:13:00,20182.6,913.86,44661.11,49018.08,4.401499999999942,7.311499999996158,-2.9099999999962165,0.3980031457290222
2026-08-04 02:14:00,20183.14,913.57,44661.43,49018.58,4.901499999999942,7.29649999999674,-2.3949999999967986,0.3282395669153524
2026-08-04 02:15:00,20183.68,913.48,44661.63,49018.99,5.311499999996158,7.2814999999973224,-1.9700000000011642,0.27054865069036443
2026-08-04 02:16:00,20184.71,913.39,44661.82,49019.58,5.901499999999942,7.276499999996304,-1.374999999996362,0.18896447467835642
2026-08-04 02:17:00,20185.69,912.91,44661.99,49020.12,6.441500000000815,7.271499999995285,-0.8299999999944703,0.11414426184349975
2026-08-04 02:18:00,20186.4,912.59,44662.12,49020.52,6.841499999994994,7.271499999995285,-0.43000000000029104,0.059134979027789296
2026-08-04 02:19:00,20187.03,912.14,44662.32,49020.96,7.2814999999973224,7.271499999995285,0.010000000002037268,0.0013752320706929453
2026-08-04 02:20:00,20187.37,912.11,44662.46,49021.21,7.5314999999973224,7.2664999999979045,0.2649999999994179,0.036468726346864974
2026-08-04 02:21:00,20187.42,912.68,44662.36,49021.14,7.4614999999976135,7.261500000000524,0.19999999999708962,0.027542518762938124
2026-08-04 02:22:00,20187.36,912.91,44662.28,49021.06,7.381499999995867,7.246500000001106,0.1349999999947613,0.01862968329465821
2026-08-04 02:23:00,20188.25,912.94,44662.48,49021.61,7.931499999998778,7.231500000001688,0.6999999999970896,0.09679872778772401
2026-08-04 02:24:00,20189.26,912.99,44662.5,49022.04,8.361499999999069,7.216499999998632,1.1450000000004366,0.15866417238282457
2026-08-04 02:25:00,20190.24,913.14,44662.56,49022.49,8.811499999996158,7.201499999995576,1.610000000000582,0.22356453516650296
2026-08-04 02:26:00,20191.0,913.36,44662.45,49022.71,9.031499999997322,7.186499999996158,1.8450000000011642,0.2567313713215265
2026-08-04 02:27:00,20192.0,913.17,44662.6,49023.24,9.561499999996158,7.17149999999674,2.389999999999418,0.3332636129122923
2026-08-04 02:28:00,20193.62,912.91,44662.91,49024.18,10.501499999998487,7.1564999999973224,3.345000000001164,0.46740725214873413
2026-08-04 02:29:00,20194.38,912.53,44662.63,49024.24,10.561499999996158,7.1414999999979045,3.4199999999982538,0.4788909892878607
2026-08-04 02:30:00,20195.05,913.3,44662.54,49024.46,10.781499999997322,7.096499999999651,3.6849999999976717,0.5192700627066656
2026-08-04 02:31:00,20195.15,913.66,44662.27,49024.26,10.581500000000233,7.051500000001397,3.529999999998836,0.5006027086432867
2026-08-04 02:32:00,20195.78,913.63,44662.28,49024.51,10.831500000000233,7.03150000000096,3.7999999999992724,0.5404252293250023
2026-08-04 02:33:00,20196.18,914.08,44662.17,49024.58,10.901499999999942,7.011500000000524,3.889999999999418,0.5548028239319871
2026-08-04 02:34:00,20196.26,914.27,44662.1,49024.55,10.871500000001106,7.006499999999505,3.8650000000016007,0.551630628702187
2026-08-04 02:35:00,20195.79,915.26,44661.97,49024.25,10.571499999998196,7.001499999998487,3.569999999999709,0.5098907376991332
2026-08-04 02:36:00,20195.1,916.4,44661.76,49023.8,10.121500000001106,6.991500000000087,3.1300000000010186,0.447686476435812
2026-08-04 02:37:00,20194.63,917.63,44661.63,49023.52,9.841499999994994,6.981500000001688,2.859999999993306,0.40965408579712304
2026-08-04 02:38:00,20194.31,918.5,44661.54,49023.32,9.641499999997905,6.976500000000669,2.664999999997235,0.381996703217513
2026-08-04 02:39:00,20194.24,919.02,44661.6,49023.35,9.67149999999674,6.971499999999651,2.6999999999970896,0.3872911138201571
2026-08-04 02:40:00,20194.36,919.43,44661.67,49023.47,9.79149999999936,6.9614999999976135,2.8300000000017462,0.4065215829925614
2026-08-04 02:41:00,20194.05,920.21,44661.59,49023.28,9.601499999997031,6.951499999995576,2.650000000001455,0.3812126879095363
2026-08-04 02:42:00,20193.74,920.17,44661.6,49023.17,9.49149999999645,6.946499999998196,2.5449999999982538,0.3663715540198539
2026-08-04 02:43:00,20193.59,920.08,44661.9,49023.38,9.701499999995576,6.941500000000815,2.7599999999947613,0.3976085860396798
2026-08-04 02:44:00,20193.69,920.12,44662.11,49023.61,9.931499999998778,6.911499999998341,3.0200000000004366,0.4369529045794924
2026-08-04 02:45:00,20193.92,920.45,44662.17,49023.77,10.091499999994994,6.881499999995867,3.209999999999127,0.4664680665554101
2026-08-04 02:46:00,20193.93,920.51,44662.13,49023.74,10.061499999996158,6.876499999998487,3.1849999999976717,0.4631716716350429
2026-08-04 02:47:00,20193.84,920.8,44662.41,49023.97,10.29149999999936,6.871500000001106,3.4199999999982538,0.4977079240337195
2026-08-04 02:48:00,20193.18,921.58,44662.14,49023.46,9.781499999997322,6.871500000001106,2.9099999999962165,0.42348832132660236
2026-08-04 02:49:00,20192.81,922.39,44661.84,49023.04,9.361499999999069,6.871500000001106,2.4899999999979627,0.3623662955682983
2026-08-04 02:50:00,20192.64,922.96,44662.08,49023.2,9.521499999995285,6.866500000000087,2.654999999995198,0.3866598703844992
2026-08-04 02:51:00,20192.39,923.55,44662.12,49023.15,9.47149999999965,6.861499999999069,2.610000000000582,0.38038329811279403
2026-08-04 02:52:00,20191.96,923.93,44662.18,49023.02,9.341499999994994,6.85649999999805,2.484999999996944,0.362429811127784
2026-08-04 02:53:00,20191.04,924.45,44662.08,49022.57,8.891499999997905,6.851499999997031,2.040000000000873,0.29774501933908737
2026-08-04 02:54:00,20190.55,924.49,44662.14,49022.43,8.751499999998487,6.846499999996013,1.9050000000024738,0.27824435843183865
2026-08-04 02:55:00,20190.67,924.37,44662.58,49022.88,9.201499999995576,6.841499999994994,2.360000000000582,0.34495359204886483
2026-08-04 02:56:00,20189.6,923.77,44662.66,49022.5,8.821499999998196,6.841499999994994,1.9800000000032014,0.28941021705834247
2026-08-04 02:57:00,20188.06,923.84,44662.76,49021.97,8.29149999999936,6.841499999994994,1.4500000000043656,0.21194182562382907
2026-08-04 02:58:00,20187.08,923.99,44662.85,49021.65,7.971499999999651,6.831499999996595,1.140000000003056,0.16687403937694856
2026-08-04 02:59:00,20186.19,923.65,44663.13,49021.54,7.861499999999069,6.821499999998196,1.0400000000008731,0.15245913655371227
2026-08-04 03:00:00,20185.1,923.57,44663.3,49021.24,7.561499999996158,6.806499999998778,0.7549999999973807,0.11092338206090006
2026-08-04 03:01:00,20184.71,923.31,44663.64,49021.41,7.731500000001688,6.79149999999936,0.9400000000023283,0.13840830449862576
2026-08-04 03:02:00,20184.54,922.56,44664.02,49021.68,8.001499999998487,6.79149999999936,1.2099999999991269,0.17816388132212926
2026-08-04 03:03:00,20184.59,921.52,44664.49,49022.1,8.42149999999674,6.79149999999936,1.6299999999973807,0.24000588971472198
2026-08-04 03:04:00,20184.69,920.24,44664.79,49022.39,8.711499999997613,6.786499999998341,1.9249999999992724,0.2836513666838198
2026-08-04 03:05:00,20184.87,919.18,44665.04,49022.67,8.99149999999645,6.7814999999973224,2.209999999999127,0.325886603258866
2026-08-04 03:06:00,20184.79,918.53,44665.12,49022.69,9.011500000000524,6.7814999999973224,2.2300000000032014,0.32883580328895995
2026-08-04 03:07:00,20184.57,917.86,44665.16,49022.64,8.961499999997613,6.7814999999973224,2.180000000000291,0.32146280321479787
2026-08-04 03:08:00,20184.73,917.07,44665.29,49022.81,9.131499999995867,6.786499999998341,2.344999999997526,0.3455389375964193
2026-08-04 03:09:00,20185.16,916.52,44665.5,49023.17,9.49149999999645,6.79149999999936,2.6999999999970896,0.3975557682393204
2026-08-04 03:10:00,20185.59,916.07,44665.7,49023.52,9.841499999994994,6.79149999999936,3.0499999999956344,0.4490907752331476
2026-08-04 03:11:00,20185.98,915.43,44665.86,49023.8,10.121500000001106,6.79149999999936,3.3300000000017462,0.49031878082928076
2026-08-04 03:12:00,20186.3,914.62,44666.11,49024.14,10.461499999997613,6.806499999998778,3.654999999998836,0.5369867038859167
2026-08-04 03:13:00,20185.81,914.46,44666.02,49023.86,10.181499999998778,6.821499999998196,3.360000000000582,0.4925602873270499
2026-08-04 03:14:00,20185.58,914.52,44665.91,49023.69,10.011500000000524,6.831499999996595,3.180000000003929,0.46549074141923646
2026-08-04 03:15:00,20185.42,914.44,44665.97,49023.67,9.99149999999645,6.841499999994994,3.150000000001455,0.4604253453195586
2026-08-04 03:16:00,20185.28,914.5,44665.96,49023.62,9.941500000000815,6.841499999994994,3.1000000000058208,0.4531170065056039
2026-08-04 03:17:00,20185.39,914.43,44666.03,49023.72,10.04149999999936,6.841499999994994,3.2000000000043656,0.4677336841345768
2026-08-04 03:18:00,20185.01,914.91,44665.84,49023.4,9.72149999999965,6.846499999996013,2.875000000003638,0.41992258818451944
2026-08-04 03:19:00,20185.12,915.46,44665.66,49023.29,9.611499999999069,6.851499999997031,2.7600000000020373,0.40283149675300783
2026-08-04 03:20:00,20185.41,916.02,44665.51,49023.27,9.591499999994994,6.85649999999805,2.734999999996944,0.39889156275034227
2026-08-04 03:21:00,20185.6,916.5,44665.25,49023.13,9.451499999995576,6.861499999999069,2.5899999999965075,0.37746848356727525
2026-08-04 03:22:00,20186.18,916.71,44665.28,49023.41,9.731500000001688,6.866500000000087,2.8650000000016007,0.4172431369695717
2026-08-04 03:23:00,20186.18,916.18,44665.45,49023.55,9.871500000001106,6.871500000001106,3.0,0.43658589827541544
2026-08-04 03:24:00,20186.32,916.13,44665.83,49023.95,10.271499999995285,6.871500000001106,3.3999999999941792,0.49479735137795705
2026-08-04 03:25:00,20186.6,916.15,44665.81,49024.05,10.371500000001106,6.871500000001106,3.5,0.5093502146546514
2026-08-04 03:26:00,20186.7,916.66,44665.81,49024.11,10.431499999998778,6.876499999998487,3.555000000000291,0.5169781138662217
2026-08-04 03:27:00,20187.0,916.94,44665.74,49024.17,10.49149999999645,6.881499999995867,3.610000000000582,0.524594928431701
2026-08-04 03:28:00,20187.44,917.08,44665.89,49024.49,10.811499999996158,6.911499999998341,3.899999999997817,0.5642769297545762
2026-08-04 03:29:00,20187.79,917.41,44665.94,49024.68,11.001499999998487,6.941500000000815,4.059999999997672,0.5848879925084196
2026-08-04 03:30:00,20188.5,917.16,44666.01,49025.03,11.351499999997031,6.946499999998196,4.404999999998836,0.6341322968401325
2026-08-04 03:31:00,20188.88,917.25,44665.97,49025.14,11.461499999997613,6.951499999995576,4.510000000002037,0.6487808386686194
2026-08-04 03:32:00,20189.05,916.92,44666.15,49025.36,11.681499999998778,6.9614999999976135,4.720000000001164,0.6780147956622542
2026-08-04 03:33:00,20189.58,917.12,44666.29,49025.7,12.021499999995285,6.971499999999651,5.049999999995634,0.724377823997115
2026-08-04 03:34:00,20189.47,917.75,44666.33,49025.71,12.031499999997322,6.976500000000669,5.054999999996653,0.7245753601370556
2026-08-04 03:35:00,20189.38,918.49,44666.28,49025.63,11.951499999995576,6.981500000001688,4.969999999993888,0.711881400844043
2026-08-04 03:36:00,20189.35,919.04,44666.53,49025.87,12.191500000000815,6.991500000000087,5.200000000000728,0.7437602803405081
2026-08-04 03:37:00,20189.18,919.13,44666.47,49025.74,12.061499999996158,7.001499999998487,5.059999999997672,0.7227022780830915
2026-08-04 03:38:00,20189.56,919.03,44666.41,49025.84,12.161499999994703,7.006499999999505,5.154999999995198,0.7357453792900253
2026-08-04 03:39:00,20190.01,918.9,44666.34,49025.97,12.29149999999936,7.011500000000524,5.279999999998836,0.753048563074726
2026-08-04 03:40:00,20190.65,919.21,44666.5,49026.37,12.691500000000815,7.026499999999942,5.665000000000873,0.8062335444390408
2026-08-04 03:41:00,20191.59,919.62,44666.78,49027.02,13.341499999994994,7.04149999999936,6.299999999995634,0.8946957324428328
2026-08-04 03:42:00,20192.44,919.56,44666.88,49027.44,13.761500000000524,7.046500000000378,6.7150000000001455,0.9529553679131179
2026-08-04 03:43:00,20192.95,918.81,44667.13,49027.86,14.181499999998778,7.051500000001397,7.129999999997381,1.0111323831803116
2026-08-04 03:44:00,20193.27,918.57,44667.45,49028.29,14.611499999999069,7.096499999999651,7.514999999999418,1.0589727330373828
2026-08-04 03:45:00,20193.03,918.6,44667.38,49028.13,14.451499999995576,7.1414999999979045,7.309999999997672,1.0235944829517352
2026-08-04 03:46:00,20193.02,918.56,44667.66,49028.37,14.691500000000815,7.1564999999973224,7.5350000000034925,1.0528889820451774
2026-08-04 03:47:00,20192.39,918.73,44667.5,49027.97,14.29149999999936,7.17149999999674,7.120000000002619,0.9928187966263481
2026-08-04 03:48:00,20192.14,918.97,44667.44,49027.82,14.141499999997905,7.181499999998778,6.959999999999127,0.9691568613799779
2026-08-04 03:49:00,20192.22,918.9,44667.5,49027.92,14.24149999999645,7.191500000000815,7.049999999995634,0.9803239936028416
2026-08-04 03:50:00,20192.12,919.37,44667.52,49027.89,14.211499999997613,7.196499999998196,7.014999999999418,0.9747794066561769
2026-08-04 03:51:00,20191.7,919.73,44667.35,49027.58,13.901499999999942,7.201499999995576,6.700000000004366,0.930361730196276
2026-08-04 03:52:00,20191.19,919.87,44667.42,49027.43,13.751499999998487,7.2114999999976135,6.540000000000873,0.9068848367195503
2026-08-04 03:53:00,20191.13,919.94,44667.3,49027.3,13.621500000001106,7.221499999999651,6.400000000001455,0.8862424704011306
2026-08-04 03:54:00,20190.72,920.46,44667.25,49027.09,13.411499999994703,7.226500000000669,6.184999999994034,0.8558776724546406
2026-08-04 03:55:00,20190.74,920.1,44667.22,49027.08,13.401499999999942,7.231500000001688,6.169999999998254,0.8532116435036733
2026-08-04 03:56:00,20190.55,919.5,44667.32,49027.09,13.411499999994703,7.236499999999069,6.174999999995634,0.8533130657080673
2026-08-04 03:57:00,20191.31,918.87,44667.9,49027.91,14.231500000001688,7.241499999996449,6.990000000005239,0.9652696264598034
2026-08-04 03:58:00,20191.26,918.65,44667.89,49027.87,14.191500000000815,7.251499999998487,6.940000000002328,0.9570433703376925
2026-08-04 03:59:00,20191.55,918.78,44668.06,49028.15,14.47149999999965,7.261500000000524,7.209999999999127,0.9929078014182479
2026-08-04 04:00:00,20191.86,918.19,44668.23,49028.41,14.731500000001688,7.2664999999979045,7.4650000000037835,1.0273171403022
2026-08-04 04:01:00,20192.29,917.92,44668.43,49028.78,15.101499999997031,7.271499999995285,7.830000000001746,1.076806711133442
2026-08-04 04:02:00,20191.71,919.09,44668.46,49028.57,14.891499999997905,7.271499999995285,7.620000000002619,1.0479268376548938
2026-08-04 04:03:00,20192.3,919.09,44668.51,49028.86,15.181499999998778,7.271499999995285,7.9100000000034925,1.0878085676969842
2026-08-04 04:04:00,20192.36,919.79,44668.8,49029.16,15.481500000001688,7.276499999996304,8.205000000005384,1.1276025561752974
2026-08-04 04:05:00,20192.43,920.03,44668.48,49028.91,15.231500000001688,7.2814999999973224,7.950000000004366,1.0918080065930493
2026-08-04 04:06:00,20192.66,920.2,44668.55,49029.06,15.381499999995867,7.29649999999674,8.084999999999127,1.1080655108617472
2026-08-04 04:07:00,20192.53,919.95,44668.21,49028.71,15.031499999997322,7.311499999996158,7.720000000001164,1.0558708883273227
2026-08-04 04:08:00,20193.02,919.88,44668.7,49029.35,15.67149999999674,7.311499999996158,8.360000000000582,1.1434042262196504
2026-08-04 04:09:00,20193.37,920.06,44668.78,49029.56,15.881499999995867,7.311499999996158,8.569999999999709,1.1721261027154772
2026-08-04 04:10:00,20193.61,919.21,44668.62,49029.5,15.821499999998196,7.331499999996595,8.4900000000016,1.1580167769222593
2026-08-04 04:11:00,20194.1,918.28,44669.05,49030.08,16.401499999999942,7.351499999997031,9.05000000000291,1.231041284092575
2026-08-04 04:12:00,20194.76,917.88,44669.63,49030.88,17.201499999995576,7.361499999999069,9.839999999996508,1.3366840997076346
2026-08-04 04:13:00,20194.64,917.87,44669.76,49030.92,17.24149999999645,7.371500000001106,9.869999999995343,1.3389405141414723
2026-08-04 04:14:00,20194.74,918.2,44669.72,49030.95,17.271499999995285,7.376499999998487,9.894999999996799,1.3414220836438457
2026-08-04 04:15:00,20195.03,918.0,44669.8,49031.14,17.461499999997613,7.381499999995867,10.080000000001746,1.3655761024192088
2026-08-04 04:16:00,20195.8,916.69,44670.16,49031.75,18.071499999998196,7.3914999999979045,10.680000000000291,1.4449029290405626
2026-08-04 04:17:00,20196.08,916.04,44670.62,49032.28,18.60149999999703,7.401499999999942,11.19999999999709,1.5132067824085897
2026-08-04 04:18:00,20196.28,914.96,44670.99,49032.67,18.99149999999645,7.411499999998341,11.579999999998108,1.5624367536936787
2026-08-04 04:19:00,20196.39,914.5,44671.14,49032.85,19.17149999999674,7.42149999999674,11.75,1.5832378899151331
2026-08-04 04:20:00,20196.07,914.51,44670.98,49032.58,18.901499999999942,7.426499999997759,11.475000000002183,1.5451423954764216
2026-08-04 04:21:00,20196.24,914.8,44671.03,49032.69,19.011500000000524,7.431499999998778,11.580000000001746,1.558231850905423
2026-08-04 04:22:00,20196.37,915.17,44671.1,49032.81,19.131499999995867,7.436499999999796,11.694999999996071,1.5726484233169356
2026-08-04 04:23:00,20196.57,915.09,44671.1,49032.88,19.201499999995576,7.441500000000815,11.759999999994761,1.5803265470662464
2026-08-04 04:24:00,20196.64,915.15,44671.0,49032.83,19.151499999999942,7.451499999999214,11.700000000000728,1.5701536603371082
2026-08-04 04:25:00,20196.56,915.44,44670.98,49032.78,19.10149999999703,7.4614999999976135,11.639999999999418,1.5600080412789843
2026-08-04 04:26:00,20196.19,915.98,44670.78,49032.45,18.771499999995285,7.471499999999651,11.299999999995634,1.5124138392553252
2026-08-04 04:27:00,20196.18,916.23,44670.81,49032.49,18.81149999999616,7.481500000001688,11.32999999999447,1.514402192072701
2026-08-04 04:28:00,20195.95,917.13,44670.59,49032.21,18.531499999997322,7.496500000001106,11.034999999996217,1.4720202761281382
2026-08-04 04:29:00,20196.37,916.96,44670.64,49032.43,18.751499999998487,7.511500000000524,11.239999999997963,1.49637222924811
2026-08-04 04:30:00,20196.5,916.66,44670.8,49032.62,18.941500000000815,7.521499999998923,11.420000000001892,1.5183141660577713
2026-08-04 04:31:00,20196.36,916.01,44671.03,49032.76,19.081500000000233,7.5314999999973224,11.55000000000291,1.5335590519826086
2026-08-04 04:32:00,20196.06,916.23,44671.14,49032.77,19.091499999994994,7.5314999999973224,11.559999999997672,1.5348868087368759
2026-08-04 04:33:00,20195.46,916.7,44671.05,49032.44,18.761500000000524,7.5314999999973224,11.230000000003201,1.4910708358238325
2026-08-04 04:34:00,20195.39,916.79,44670.88,49032.27,18.591499999994994,7.536499999998341,11.054999999996653,1.4668612751275907
2026-08-04 04:35:00,20195.33,917.06,44671.02,49032.36,18.681499999998778,7.54149999999936,11.139999999999418,1.477159716236871
2026-08-04 04:36:00,20194.94,917.31,44671.13,49032.3,18.621500000001106,7.551499999997759,11.070000000003347,1.4659339204140411
2026-08-04 04:37:00,20194.89,918.49,44671.09,49032.26,18.581500000000233,7.561499999996158,11.020000000004075,1.457382794420376
2026-08-04 04:38:00,20194.68,919.84,44670.61,49031.75,18.071499999998196,7.621499999997468,10.450000000000728,1.371121170373837
2026-08-04 04:39:00,20195.06,919.85,44670.78,49032.06,18.381499999995867,7.681499999998778,10.69999999999709,1.3929571047319915
2026-08-04 04:40:00,20194.9,920.15,44670.65,49031.89,18.211499999997613,7.686499999999796,10.524999999997817,1.3692838092757558
2026-08-04 04:41:00,20194.3,919.92,44670.48,49031.47,17.79149999999936,7.691500000000815,10.099999999998545,1.3131378794770168
2026-08-04 04:42:00,20194.43,920.07,44670.79,49031.83,18.151499999999942,7.7115000000012515,10.43999999999869,1.3538222135767355
2026-08-04 04:43:00,20194.55,920.44,44670.77,49031.85,18.17149999999674,7.731500000001688,10.439999999995052,1.3503201189927923
2026-08-04 04:44:00,20194.53,921.03,44670.63,49031.74,18.06149999999616,7.731500000001688,10.32999999999447,1.3360926081604108
2026-08-04 04:45:00,20196.24,920.39,44670.77,49032.56,18.881499999995867,7.731500000001688,11.14999999999418,1.442152234364838
2026-08-04 04:46:00,20197.52,917.67,44671.59,49033.76,20.081500000000233,7.741500000000087,12.340000000000146,1.5940063295227032
2026-08-04 04:47:00,20197.02,917.7,44671.55,49033.52,19.841499999994994,7.751499999998487,12.089999999996508,1.5596981229438003
2026-08-04 04:48:00,20196.59,919.54,44671.03,49032.92,19.24149999999645,7.756499999999505,11.484999999996944,1.4806936118091507
2026-08-04 04:49:00,20197.09,920.41,44670.9,49033.03,19.35149999999703,7.761500000000524,11.589999999996508,1.4932680538550185
2026-08-04 04:50:00,20197.28,920.28,44670.9,49033.07,19.391499999997905,7.7664999999979045,11.625,1.4968132363359474
2026-08-04 04:51:00,20196.78,921.81,44670.6,49032.64,18.961499999997613,7.771499999995285,11.190000000002328,1.4398764717247787
2026-08-04 04:52:00,20196.77,924.13,44670.21,49032.31,18.631499999995867,7.776499999996304,10.854999999999563,1.3958721790014432
2026-08-04 04:53:00,20196.29,926.21,44669.71,49031.7,18.021499999995285,7.7814999999973224,10.239999999997963,1.315941656493155
2026-08-04 04:54:00,20195.74,927.33,44669.47,49031.27,17.591499999994994,7.786499999998341,9.804999999996653,1.2592307198354513
2026-08-04 04:55:00,20195.15,928.12,44668.98,49030.6,16.92149999999674,7.79149999999936,9.12999999999738,1.1717897709039506
2026-08-04 04:56:00,20195.0,928.98,44669.16,49030.71,17.031499999997322,7.816499999997177,9.215000000000146,1.1789163948063037
2026-08-04 04:57:00,20194.31,930.2,44668.88,49030.21,16.531499999997322,7.841499999994994,8.690000000002328,1.1082063380740772
2026-08-04 04:58:00,20193.7,931.13,44668.65,49029.77,16.091499999994994,7.851499999997031,8.239999999997963,1.0494809908935971
2026-08-04 04:59:00,20193.56,931.47,44668.67,49029.74,16.06149999999616,7.861499999999069,8.19999999999709,1.0430579405963316
2026-08-04 05:00:00,20193.26,931.37,44668.61,49029.55,15.871500000001106,7.876499999998487,7.995000000002619,1.015044753380836
2026-08-04 05:01:00,20192.75,931.54,44668.63,49029.37,15.691500000000815,7.8914999999979045,7.80000000000291,0.9884052461515531
2026-08-04 05:02:00,20192.59,931.93,44668.71,49029.38,15.701499999995576,7.8914999999979045,7.809999999997672,0.9896724323639037
2026-08-04 05:03:00,20192.26,932.36,44668.79,49029.33,15.651499999999942,7.8914999999979045,7.760000000002037,0.9833365012993851
2026-08-04 05:04:00,20191.84,932.3,44668.64,49029.03,15.351499999997031,7.901499999996304,7.450000000000728,0.9428589508326536
2026-08-04 05:05:00,20191.55,932.19,44668.65,49028.91,15.231500000001688,7.911499999994703,7.320000000006985,0.9252354167998339
2026-08-04 05:06:00,20191.02,932.29,44668.6,49028.67,14.99149999999645,7.916499999995722,7.075000000000728,0.8937030253274239
2026-08-04 05:07:00,20190.8,932.64,44668.62,49028.61,14.931499999998778,7.92149999999674,7.010000000002037,0.8849334090771851
2026-08-04 05:08:00,20190.58,933.03,44668.48,49028.4,14.72149999999965,7.926499999997759,6.795000000001892,0.857250993503288
2026-08-04 05:09:00,20190.38,932.82,44668.57,49028.38,14.701499999995576,7.931499999998778,6.769999999996799,0.8535585954734718
2026-08-04 05:10:00,20189.81,933.38,44668.62,49028.19,14.511500000000524,7.931499999998778,6.580000000001746,0.8296034797960992
2026-08-04 05:11:00,20189.91,932.54,44668.85,49028.44,14.761500000000524,7.931499999998778,6.830000000001746,0.8611233688460945
2026-08-04 05:12:00,20189.36,932.12,44669.02,49028.36,14.681499999998778,7.951499999999214,6.729999999999563,0.8463811859397885
2026-08-04 05:13:00,20188.59,932.7,44668.97,49028.0,14.321499999998196,7.971499999999651,6.349999999998545,0.7965878441947969
2026-08-04 05:14:00,20188.15,932.87,44669.03,49027.88,14.201499999995576,7.971499999999651,6.2299999999959255,0.781534215642752
2026-08-04 05:15:00,20188.04,932.51,44669.22,49028.01,14.331500000000233,7.971499999999651,6.360000000000582,0.7978423132410287
2026-08-04 05:16:00,20187.55,932.21,44669.52,49028.08,14.401499999999942,7.976500000000669,6.424999999999272,0.8054911301947888
2026-08-04 05:17:00,20186.75,932.61,44669.74,49027.96,14.281499999997322,7.981500000001688,6.299999999995634,0.789325314789739
2026-08-04 05:18:00,20185.62,933.83,44669.48,49027.29,13.611499999999069,7.991500000000087,5.619999999998981,0.7032472001500244
2026-08-04 05:19:00,20185.39,934.47,44669.54,49027.27,13.591499999994994,8.001499999998487,5.5899999999965075,0.6986190089355202
2026-08-04 05:20:00,20185.85,933.26,44670.18,49028.01,14.331500000000233,8.04649999999674,6.2850000000034925,0.78108494376512
2026-08-04 05:21:00,20184.94,933.45,44670.33,49027.77,14.091499999994994,8.091499999994994,6.0,0.7415188778352236
2026-08-04 05:22:00,20183.93,933.99,44670.17,49027.23,13.551500000001397,8.131499999995867,5.42000000000553,0.6665436881274407
2026-08-04 05:23:00,20183.57,934.63,44670.26,49027.18,13.501499999998487,8.17149999999674,5.330000000001746,0.6522670256383617
2026-08-04 05:24:00,20183.87,934.34,44670.67,49027.67,13.99149999999645,8.181499999998778,5.809999999997672,0.7101387276170066
2026-08-04 05:25:00,20183.27,933.78,44670.99,49027.7,14.021499999995285,8.191500000000815,5.82999999999447,0.711713361410473
2026-08-04 05:26:00,20182.54,934.61,44671.0,49027.43,13.751499999998487,8.216499999998632,5.5349999999998545,0.6736444958316529
2026-08-04 05:27:00,20182.03,934.97,44670.95,49027.18,13.501499999998487,8.24149999999645,5.260000000002037,0.6382333313115699
2026-08-04 05:28:00,20181.46,934.84,44671.02,49026.99,13.311499999996158,8.251499999998487,5.059999999997672,0.6132218384534448
2026-08-04 05:29:00,20180.46,935.67,44670.98,49026.57,12.891499999997905,8.261500000000524,4.629999999997381,0.5604309144824895
2026-08-04 05:30:00,20180.59,936.95,44671.08,49026.74,13.061499999996158,8.271499999998923,4.789999999997235,0.5790968989902507
2026-08-04 05:31:00,20181.35,936.92,44671.29,49027.24,13.561499999996158,8.281499999997322,5.279999999998836,0.6375656583952838
2026-08-04 05:32:00,20180.63,937.13,44671.03,49026.71,13.031499999997322,8.286499999998341,4.744999999998981,0.5726181137995452
2026-08-04 05:33:00,20180.54,938.4,44670.88,49026.58,12.901499999999942,8.29149999999936,4.610000000000582,0.5559910751976045
2026-08-04 05:34:00,20180.48,939.14,44670.71,49026.39,12.711499999997613,8.296500000000378,4.414999999997235,0.5321521123361699
2026-08-04 05:35:00,20180.51,939.83,44670.53,49026.25,12.571499999998196,8.301500000001397,4.269999999996799,0.5143648738175125
2026-08-04 05:36:00,20180.43,940.2,44670.51,49026.2,12.521499999995285,8.316500000000815,4.20499999999447,0.5056213551366631
2026-08-04 05:37:00,20180.3,940.62,44670.53,49026.18,12.501499999998487,8.331500000000233,4.169999999998254,0.5005101122244658
2026-08-04 05:38:00,20180.45,940.62,44670.55,49026.25,12.571499999998196,8.34649999999965,4.224999999998545,0.5062002036780353
2026-08-04 05:39:00,20180.89,940.86,44670.67,49026.55,12.871500000001106,8.361499999999069,4.510000000002037,0.5393769060578293
2026-08-04 05:40:00,20180.76,941.4,44670.27,49026.14,12.461499999997613,8.361499999999069,4.099999999998545,0.49034264187035836
2026-08-04 05:41:00,20181.04,941.54,44670.32,49026.31,12.631499999995867,8.361499999999069,4.269999999996799,0.5106739221428301
2026-08-04 05:42:00,20181.67,941.16,44670.61,49026.83,13.151499999999942,8.376499999998487,4.775000000001455,0.5700471557335782
2026-08-04 05:43:00,20182.17,940.92,44670.86,49027.25,13.571499999998196,8.391499999997905,5.180000000000291,0.6172913066795668
2026-08-04 05:44:00,20182.19,941.15,44670.7,49027.13,13.451499999995576,8.406499999997322,5.044999999998254,0.6001308511270874
2026-08-04 05:45:00,20182.25,941.54,44670.86,49027.29,13.611499999999069,8.42149999999674,5.190000000002328,0.6162797601382577
2026-08-04 05:46:00,20182.51,942.12,44670.76,49027.31,13.631499999995867,8.431499999998778,5.19999999999709,0.61673486330995
2026-08-04 05:47:00,20182.09,943.05,44670.22,49026.68,13.001499999998487,8.441500000000815,4.559999999997672,0.5401883551498231
2026-08-04 05:48:00,20182.34,943.57,44669.96,49026.56,12.881499999995867,8.451499999999214,4.429999999996653,0.5241673075781891
2026-08-04 05:49:00,20183.03,942.79,44670.06,49026.92,13.24149999999645,8.461499999997613,4.779999999998836,0.5649116586893794
2026-08-04 05:50:00,20183.49,943.12,44670.49,49027.5,13.821499999998196,8.461499999997613,5.360000000000582,0.6334574248067238
2026-08-04 05:51:00,20183.62,943.35,44670.4,49027.47,13.79149999999936,8.461499999997613,5.330000000001746,0.6299119541456302
2026-08-04 05:52:00,20183.55,944.01,44670.2,49027.27,13.591499999994994,8.466499999998632,5.124999999996362,0.6053268765129853
2026-08-04 05:53:00,20183.62,943.86,44670.16,49027.27,13.591499999994994,8.47149999999965,5.119999999995343,0.604379389717943
2026-08-04 05:54:00,20184.37,943.42,44670.6,49027.96,14.281499999997322,8.486499999999069,5.794999999998254,0.6828492311316667
2026-08-04 05:55:00,20184.46,943.38,44670.68,49028.07,14.391499999997905,8.501499999998487,5.889999999999418,0.6928189143092944
2026-08-04 05:56:00,20184.64,943.49,44670.66,49028.12,14.441500000000815,8.506499999999505,5.93500000000131,0.697701757479769
2026-08-04 05:57:00,20185.13,943.3,44670.63,49028.3,14.621500000001106,8.511500000000524,6.110000000000582,0.7178523174528821
2026-08-04 05:58:00,20185.24,942.89,44670.81,49028.5,14.821499999998196,8.516499999997905,6.305000000000291,0.740327599366153
2026-08-04 05:59:00,20184.88,943.72,44670.64,49028.21,14.531499999997322,8.521499999995285,6.010000000002037,0.7052748929185428
2026-08-04 06:00:00,20185.35,943.87,44670.62,49028.4,14.72149999999965,8.526499999996304,6.195000000003347,0.7265583768258995
2026-08-04 06:01:00,20185.88,943.21,44670.96,49028.91,15.231500000001688,8.531499999997322,6.700000000004366,0.7853249721627461
2026-08-04 06:02:00,20186.17,943.04,44671.25,49029.28,15.601499999997031,8.54149999999936,7.059999999997672,0.826552713223462
2026-08-04 06:03:00,20186.21,942.7,44670.96,49029.03,15.351499999997031,8.551500000001397,6.799999999995634,0.7951821317891041
2026-08-04 06:04:00,20186.48,942.59,44671.14,49029.31,15.631499999995867,8.551500000001397,7.07999999999447,0.8279249254508932
2026-08-04 06:05:00,20186.6,942.59,44671.18,49029.4,15.72149999999965,8.551500000001397,7.169999999998254,0.8384493948426688
2026-08-04 06:06:00,20187.58,941.43,44671.72,49030.26,16.581500000000233,8.561499999999796,8.020000000000437,0.9367517374292621
2026-08-04 06:07:00,20187.9,940.52,44671.6,49030.26,16.581500000000233,8.571499999998196,8.010000000002037,0.9344922125653297
2026-08-04 06:08:00,20188.31,940.3,44671.88,49030.67,16.99149999999645,8.576499999999214,8.414999999997235,0.9811694747272205
2026-08-04 06:09:00,20188.37,940.79,44671.88,49030.7,17.021499999995285,8.581500000000233,8.439999999995052,0.9835110411926613
2026-08-04 06:10:00,20188.26,941.18,44671.65,49030.45,16.771499999995285,8.586499999997613,8.184999999997672,0.9532405520293422
2026-08-04 06:11:00,20188.66,940.67,44671.5,49030.47,16.79149999999936,8.591499999994994,8.200000000004366,0.954431705756753
2026-08-04 06:12:00,20188.93,940.81,44671.55,49030.64,16.961499999997613,8.596499999996013,8.3650000000016,0.9730704356430502
2026-08-04 06:13:00,20188.87,941.29,44671.34,49030.44,16.761500000000524,8.601499999997031,8.160000000003492,0.9486717433013205
2026-08-04 06:14:00,20189.05,940.92,44671.45,49030.61,16.931499999998778,8.641499999997905,8.290000000000873,0.9593241914022893
2026-08-04 06:15:00,20188.58,940.93,44671.47,49030.42,16.74149999999645,8.681499999998778,8.059999999997672,0.9284109888842719
2026-08-04 06:16:00,20188.73,940.93,44671.62,49030.63,16.951499999995576,8.691499999997177,8.2599999999984,0.9503537939367293
2026-08-04 06:17:00,20188.9,940.15,44671.87,49030.9,17.22149999999965,8.701499999995576,8.520000000004075,0.9791415273238414
2026-08-04 06:18:00,20188.35,940.19,44671.8,49030.61,16.931499999998778,8.706499999996595,8.225000000002183,0.9446964911279389
2026-08-04 06:19:00,20187.92,941.37,44671.56,49030.25,16.571499999998196,8.711499999997613,7.860000000000582,0.9022556390980584
2026-08-04 06:20:00,20188.46,941.23,44671.67,49030.55,16.871500000001106,8.72149999999965,8.150000000001455,0.9344722811445029
2026-08-04 06:21:00,20188.33,941.46,44671.87,49030.67,16.99149999999645,8.731500000001688,8.259999999994761,0.946000114527076
2026-08-04 06:22:00,20187.52,942.07,44671.5,49030.03,16.35149999999703,8.736499999999069,7.614999999997963,0.8716305156525811
2026-08-04 06:23:00,20187.04,942.62,44671.37,49029.74,16.06149999999616,8.74149999999645,7.319999999999709,0.8373848881773932
2026-08-04 06:24:00,20186.87,942.79,44671.54,49029.81,16.131499999995867,8.746499999997468,7.384999999998399,0.844337735094099
2026-08-04 06:25:00,20186.45,942.94,44671.27,49029.39,15.711499999997613,8.751499999998487,6.959999999999127,0.7952922356167892
2026-08-04 06:26:00,20185.86,943.2,44671.2,49029.1,15.42149999999674,8.761499999996886,6.6599999999998545,0.7601438109915222
2026-08-04 06:27:00,20185.75,943.57,44671.26,49029.14,15.461499999997613,8.771499999995285,6.690000000002328,0.7626973721719118
2026-08-04 06:28:00,20185.66,943.5,44671.37,49029.21,15.531499999997322,8.786499999998341,6.744999999998981,0.7676549251693228
2026-08-04 06:29:00,20185.37,943.74,44671.72,49029.39,15.711499999997613,8.801500000001397,6.9099999999962165,0.7850934499795625
2026-08-04 06:30:00,20184.36,944.76,44671.52,49028.82,15.141499999997905,8.806499999998778,6.334999999999127,0.7193550218588549
2026-08-04 06:31:00,20183.63,946.07,44671.23,49028.28,14.601499999997031,8.811499999996158,5.790000000000873,0.6570958406631559
2026-08-04 06:32:00,20183.53,945.85,44671.51,49028.5,14.821499999998196,8.816499999997177,6.005000000001019,0.6811092837297047
2026-08-04 06:33:00,20182.81,946.03,44671.55,49028.24,14.561499999996158,8.821499999998196,5.739999999997963,0.6506829904210324
2026-08-04 06:34:00,20182.42,945.77,44671.58,49028.12,14.441500000000815,8.821499999998196,5.620000000002619,0.637079861701952
2026-08-04 06:35:00,20182.02,946.36,44671.58,49027.97,14.29149999999936,8.821499999998196,5.470000000001164,0.6200759508022766
2026-08-04 06:36:00,20181.79,946.41,44671.67,49027.96,14.281499999997322,8.831499999996595,5.450000000000728,0.6171092113460713
2026-08-04 06:37:00,20181.73,946.19,44671.84,49028.08,14.401499999999942,8.841499999994994,5.560000000004948,0.6288525702661422
2026-08-04 06:38:00,20181.15,946.67,44671.78,49027.77,14.091499999994994,8.841499999994994,5.25,0.5937906463838684
2026-08-04 06:39:00,20181.13,946.68,44671.89,49027.87,14.191500000000815,8.841499999994994,5.350000000005821,0.6051009444108861
2026-08-04 06:40:00,20181.26,946.0,44672.12,49028.12,14.441500000000815,8.85649999999805,5.585000000002765,0.6306102862309032
2026-08-04 06:41:00,20180.78,945.98,44672.19,49027.98,14.301500000001397,8.871500000001106,5.430000000000291,0.6120723665670534
2026-08-04 06:42:00,20181.16,945.3,44672.31,49028.25,14.571499999998196,8.871500000001106,5.69999999999709,0.6425069041307985
2026-08-04 06:43:00,20180.79,945.33,44672.3,49028.09,14.411499999994703,8.871500000001106,5.539999999993597,0.6244716226109346
2026-08-04 06:44:00,20180.38,946.17,44672.05,49027.71,14.031499999997322,8.881499999999505,5.149999999997817,0.5798570061361373
2026-08-04 06:45:00,20180.39,946.46,44672.19,49027.84,14.161499999994703,8.891499999997905,5.269999999996799,0.5927008941121341
2026-08-04 06:46:00,20179.81,946.4,44672.03,49027.45,13.771499999995285,8.896499999998923,4.874999999996362,0.5479683021409489
2026-08-04 06:47:00,20179.38,946.81,44672.09,49027.34,13.661499999994703,8.901499999999942,4.759999999994761,0.5347413357293481
2026-08-04 06:48:00,20179.07,946.07,44672.26,49027.36,13.681499999998778,8.906499999997322,4.775000000001455,0.5361253017462405
2026-08-04 06:49:00,20179.06,945.93,44672.49,49027.56,13.881499999995867,8.911499999994703,4.970000000001164,0.5577063345120483
2026-08-04 06:50:00,20178.78,946.07,44672.43,49027.4,13.72149999999965,8.926499999997759,4.795000000001892,0.5371646221926955
2026-08-04 06:51:00,20178.11,945.98,44672.44,49027.13,13.451499999995576,8.941500000000815,4.509999999994761,0.5043896437951518
2026-08-04 06:52:00,20177.53,945.8,44672.73,49027.17,13.49149999999645,8.941500000000815,4.549999999995634,0.5088631661349012
2026-08-04 06:53:00,20176.78,946.07,44672.65,49026.78,13.101499999997031,8.941500000000815,4.1599999999962165,0.4652463233233616
2026-08-04 06:54:00,20176.63,946.14,44672.69,49026.78,13.101499999997031,8.951499999999214,4.149999999997817,0.4636094509298086
2026-08-04 06:55:00,20176.24,946.27,44672.52,49026.47,12.79149999999936,8.961499999997613,3.8300000000017462,0.4273838085145083
2026-08-04 06:56:00,20175.75,946.74,44672.57,49026.32,12.641499999997905,8.961499999997613,3.680000000000291,0.41064553925138325
2026-08-04 06:57:00,20175.19,947.11,44672.63,49026.15,12.47149999999965,8.961499999997613,3.5100000000020373,0.3916755007535538
2026-08-04 06:58:00,20174.82,947.19,44672.55,49025.94,12.261500000000524,8.961499999997613,3.3000000000029104,0.36824192378550347
2026-08-04 06:59:00,20174.32,947.31,44672.64,49025.82,12.141499999997905,8.961499999997613,3.180000000000291,0.354851308374841
2026-08-04 07:00:00,20174.16,947.41,44672.77,49025.85,12.17149999999674,8.976499999997031,3.194999999999709,0.3559293711358286
2026-08-04 07:01:00,20174.19,947.26,44673.03,49026.1,12.42149999999674,8.99149999999645,3.430000000000291,0.38147138964595956
2026-08-04 07:02:00,20173.88,946.41,44673.1,49026.05,12.371500000001106,8.99149999999645,3.3800000000046566,0.3759105822172042
2026-08-04 07:03:00,20172.93,945.89,44673.45,49025.96,12.281499999997322,8.99149999999645,3.290000000000873,0.3659011288441497
2026-08-04 07:04:00,20171.95,944.97,44673.76,49025.81,12.131499999995867,9.001499999998487,3.1299999999973807,0.3477198244734663
2026-08-04 07:05:00,20170.8,944.5,44674.2,49025.74,12.061499999996158,9.011500000000524,3.0499999999956344,0.33845641680025046
2026-08-04 07:06:00,20169.75,945.29,44674.27,49025.4,11.72149999999965,9.021499999998923,2.7000000000007276,0.2992850412903674
2026-08-04 07:07:00,20168.58,944.76,44674.4,49025.02,11.341499999994994,9.031499999997322,2.3099999999976717,0.2557714665336164
2026-08-04 07:08:00,20167.98,944.52,44674.5,49024.88,11.201499999995576,9.04149999999936,2.1599999999962165,0.23889841287356847
2026-08-04 07:09:00,20166.85,944.86,44674.51,49024.42,10.74149999999645,9.051500000001397,1.6899999999950523,0.18670938518420058
2026-08-04 07:10:00,20166.49,944.85,44674.76,49024.51,10.831500000000233,9.056499999998778,1.7750000000014552,0.1959918290732286
2026-08-04 07:11:00,20165.8,945.49,44674.69,49024.18,10.501499999998487,9.061499999996158,1.4400000000023283,0.1589140870720012
2026-08-04 07:12:00,20165.24,945.33,44674.67,49023.9,10.22149999999965,9.066499999997177,1.1550000000024738,0.12739204764824721
2026-08-04 07:13:00,20164.52,946.19,44674.48,49023.48,9.801500000001397,9.071499999998196,0.7300000000032014,0.08047180730897278
2026-08-04 07:14:00,20164.27,946.75,44674.54,49023.44,9.761500000000524,9.071499999998196,0.6900000000023283,0.07606239320977408
2026-08-04 07:15:00,20164.25,946.36,44674.78,49023.65,9.97149999999965,9.071499999998196,0.9000000000014552,0.09921181722996573
2026-08-04 07:16:00,20164.32,946.68,44674.78,49023.67,9.99149999999645,9.076499999999214,0.9149999999972351,0.10080978350656249
2026-08-04 07:17:00,20165.36,946.83,44674.84,49024.17,10.49149999999645,9.081500000000233,1.4099999999962165,0.1552606948187172
2026-08-04 07:18:00,20165.52,946.03,44674.94,49024.29,10.611499999999069,9.086499999997613,1.5250000000014552,0.16783139822834486
2026-08-04 07:19:00,20164.38,946.66,44675.1,49023.97,10.29149999999936,9.091499999994994,1.2000000000043656,0.1319914205582166
2026-08-04 07:20:00,20162.7,947.48,44674.5,49022.74,9.061499999996158,9.10649999999805,-0.04500000000189175,0.004941525284346498
2026-08-04 07:21:00,20162.24,948.38,44674.52,49022.62,8.941500000000815,9.121500000001106,-0.18000000000029104,0.019733596447982154
2026-08-04 07:22:00,20162.21,948.35,44674.55,49022.62,8.941500000000815,9.126499999998487,-0.1849999999976717,0.020270640442415205
2026-08-04 07:23:00,20161.46,948.62,44674.52,49022.28,8.601499999997031,9.131499999995867,-0.5299999999988358,0.05804084761529603
2026-08-04 07:24:00,20160.67,948.44,44674.72,49022.15,8.47149999999965,9.131499999995867,-0.6599999999962165,0.07227728193577344
2026-08-04 07:25:00,20160.95,947.48,44674.95,49022.48,8.801500000001397,9.131499999995867,-0.32999999999447027,0.036138640967488325
2026-08-04 07:26:00,20161.03,946.74,44675.31,49022.8,9.121500000001106,9.136499999996886,-0.014999999995779945,0.0016417665403365685
2026-08-04 07:27:00,20160.76,947.02,44675.24,49022.64,8.961499999997613,9.141499999997905,-0.18000000000029104,0.0196904227971703
2026-08-04 07:28:00,20160.01,947.21,44675.34,49022.41,8.731500000001688,9.161499999998341,-0.42999999999665306,0.04693554548891895
2026-08-04 07:29:00,20159.29,947.28,44675.47,49022.26,8.581500000000233,9.181499999998778,-0.5999999999985448,0.06534879921566462
2026-08-04 07:30:00,20158.63,946.85,44675.74,49022.23,8.551500000001397,9.186499999999796,-0.6349999999983993,0.06912316986865655
2026-08-04 07:31:00,20158.65,946.5,44676.13,49022.59,8.911499999994703,9.191500000000815,-0.2800000000061118,0.030462927705607025
2026-08-04 07:32:00,20158.84,945.39,44676.36,49022.86,9.181499999998778,9.196499999998196,-0.014999999999417923,0.0016310552927114518
2026-08-04 07:33:00,20159.06,944.2,44676.7,49023.23,9.551500000001397,9.201499999995576,0.35000000000582077,0.03803727653165126
2026-08-04 07:34:00,20158.97,943.9,44676.95,49023.4,9.72149999999965,9.201499999995576,0.5200000000040745,0.056512525132241975
2026-08-04 07:35:00,20158.37,944.19,44676.86,49023.09,9.411499999994703,9.201499999995576,0.20999999999912689,0.022822365918516312
2026-08-04 07:36:00,20158.35,944.02,44676.75,49022.97,9.29149999999936,9.206499999996595,0.08500000000276486,0.00923260739725154
2026-08-04 07:37:00,20157.53,943.9,44676.7,49022.58,8.901499999999942,9.211499999997613,-0.3099999999976717,0.033653585192178474
2026-08-04 07:38:00,20157.17,944.39,44676.81,49022.55,8.871500000001106,9.23149999999805,-0.3599999999969441,0.03899691274408494
2026-08-04 07:39:00,20156.66,944.88,44676.58,49022.14,8.461499999997613,9.251499999998487,-0.7900000000008731,0.08539155812581768
2026-08-04 07:40:00,20156.14,945.42,44676.61,49021.98,8.301500000001397,9.271499999998923,-0.9699999999975262,0.10462169012539922
2026-08-04 07:41:00,20155.39,946.51,44676.33,49021.43,7.751499999998487,9.29149999999936,-1.5400000000008731,0.16574288328052297
2026-08-04 07:42:00,20154.63,947.24,44676.18,49020.99,7.311499999996158,9.296500000000378,-1.98500000000422,0.21352121766300644
2026-08-04 07:43:00,20154.22,947.66,44675.95,49020.63,6.951499999995576,9.301500000001397,-2.3500000000058208,0.2526474224593311
2026-08-04 07:44:00,20153.92,947.77,44675.97,49020.52,6.841499999994994,9.306499999998778,-2.4650000000037835,0.2648686401981526
2026-08-04 07:45:00,20153.59,947.3,44676.08,49020.47,6.79149999999936,9.311499999996158,-2.5199999999967986,0.27063308811661263
2026-08-04 07:46:00,20153.44,947.25,44676.3,49020.62,6.941500000000815,9.326499999995576,-2.3849999999947613,0.25572294000920953
2026-08-04 07:47:00,20153.0,947.98,44676.12,49020.29,6.611499999999069,9.341499999994994,-2.7299999999959255,0.2922442862492521
2026-08-04 07:48:00,20153.31,948.45,44676.64,49020.88,7.201499999995576,9.351499999997031,-2.150000000001455,0.22990964016490806
2026-08-04 07:49:00,20152.95,947.25,44676.21,49020.36,6.681499999998778,9.361499999999069,-2.680000000000291,0.28627890829467045
2026-08-04 07:50:00,20153.64,946.2,44676.85,49021.21,7.5314999999973224,9.371499999997468,-1.8400000000001455,0.1963399669210524
2026-08-04 07:51:00,20153.68,945.98,44677.01,49021.37,7.691500000000815,9.381499999995867,-1.6899999999950523,0.1801417683734794
2026-08-04 07:52:00,20152.88,946.73,44677.08,49021.1,7.42149999999674,9.396499999995285,-1.9749999999985448,0.21018464321817015
2026-08-04 07:53:00,20152.01,947.49,44676.99,49020.65,6.971499999999651,9.411499999994703,-2.4399999999950523,0.2592572916109468
2026-08-04 07:54:00,20151.44,947.33,44676.79,49020.26,6.581500000000233,9.411499999994703,-2.8299999999944703,0.3006959570733744
2026-08-04 07:55:00,20150.6,947.7,44676.61,49019.77,6.091499999994994,9.411499999994703,-3.319999999999709,0.3527599213729562
2026-08-04 07:56:00,20150.21,947.6,44676.89,49019.84,6.161499999994703,9.411499999994703,-3.25,0.3453222121874121
2026-08-04 07:57:00,20149.75,947.8,44677.19,49019.91,6.231500000001688,9.411499999994703,-3.179999999993015,0.3378845030010949
2026-08-04 07:58:00,20149.5,947.4,44677.37,49020.01,6.331500000000233,9.42149999999674,-3.0899999999965075,0.3279732526665156
2026-08-04 07:59:00,20148.98,946.92,44677.23,49019.66,5.981500000001688,9.431499999998778,-3.4499999999970896,0.3657954726180922
2026-08-04 08:00:00,20148.82,946.96,44677.48,49019.82,6.1414999999979045,9.436499999999796,-3.2950000000018917,0.34917607163693776
2026-08-04 08:01:00,20149.38,946.79,44677.79,49020.32,6.6414999999979045,9.441500000000815,-2.8000000000029104,0.29656304612642787
2026-08-04 08:02:00,20149.4,945.73,44678.2,49020.69,7.011500000000524,9.446499999998196,-2.4349999999976717,0.257767427089201
2026-08-04 08:03:00,20148.36,944.89,44678.44,49020.47,6.79149999999936,9.451499999995576,-2.6599999999962165,0.28143680897185225
2026-08-04 08:04:00,20147.51,944.31,44678.54,49020.18,6.501499999998487,9.461499999997613,-2.959999999999127,0.3128468001902313
2026-08-04 08:05:00,20147.62,944.11,44678.67,49020.36,6.681499999998778,9.47149999999965,-2.790000000000873,0.2945679142692262
2026-08-04 08:06:00,20148.06,943.43,44678.89,49020.73,7.051500000001397,9.48149999999805,-2.429999999996653,0.25628856193610217
2026-08-04 08:07:00,20147.75,942.05,44679.35,49020.99,7.311499999996158,9.49149999999645,-2.180000000000291,0.2296791866407951
2026-08-04 08:08:00,20147.4,941.48,44679.47,49020.95,7.271499999995285,9.49149999999645,-2.220000000001164,0.2338934836434699
2026-08-04 08:09:00,20147.19,941.83,44679.41,49020.82,7.1414999999979045,9.49149999999645,-2.349999999998545,0.24758994890158814
2026-08-04 08:10:00,20146.46,942.48,44679.08,49020.23,6.551500000001397,9.506499999995867,-2.9549999999944703,0.3108399516116084
2026-08-04 08:11:00,20145.4,943.12,44678.79,49019.54,5.861499999999069,9.521499999995285,-3.6599999999962165,0.3843932153545165
2026-08-04 08:12:00,20144.96,943.49,44678.46,49019.08,5.401499999999942,9.536499999998341,-4.134999999998399,0.4335972316886823
2026-08-04 08:13:00,20144.95,944.28,44678.32,49018.96,5.2814999999973224,9.551500000001397,-4.2700000000040745,0.44705020153938646
2026-08-04 08:14:00,20145.22,944.3,44678.32,49019.08,5.401499999999942,9.556499999998778,-4.154999999998836,0.434782608695586
2026-08-04 08:15:00,20145.46,944.16,44678.38,49019.24,5.561499999996158,9.561499999996158,-4.0,0.4183444020291384
2026-08-04 08:16:00,20145.65,944.07,44678.25,49019.18,5.501499999998487,9.561499999996158,-4.059999999997672,0.424619568059332
2026-08-04 08:17:00,20146.16,943.52,44678.39,49019.5,5.821499999998196,9.561499999996158,-3.7399999999979627,0.39115201589703136
2026-08-04 08:18:00,20145.47,943.53,44678.25,49019.09,5.411499999994703,9.576499999995576,-4.165000000000873,0.4349188116747034
2026-08-04 08:19:00,20146.1,943.54,44678.28,49019.39,5.7114999999976135,9.591499999994994,-3.8799999999973807,0.40452483970175734
2026-08-04 08:20:00,20146.65,943.03,44678.38,49019.69,6.011500000000524,9.596499999996013,-3.584999999995489,0.373573698744019
2026-08-04 08:21:00,20147.25,942.2,44678.54,49020.07,6.3914999999979045,9.601499999997031,-3.209999999999127,0.33432276206843925
2026-08-04 08:22:00,20147.56,941.28,44678.82,49020.44,6.761500000000524,9.60649999999805,-2.844999999997526,0.2961536459686778
2026-08-04 08:23:00,20147.41,940.94,44678.98,49020.53,6.851499999997031,9.611499999999069,-2.7600000000020373,0.28715601102869526
2026-08-04 08:24:00,20147.07,941.42,44678.8,49020.23,6.551500000001397,9.626499999998487,-3.0749999999970896,0.31943073806654265
2026-08-04 08:25:00,20146.96,941.85,44678.62,49020.02,6.341499999994994,9.641499999997905,-3.3000000000029104,0.3422703936113289
2026-08-04 08:26:00,20146.86,941.63,44678.39,49019.77,6.091499999994994,9.656499999997322,-3.5650000000023283,0.36918138041767895
2026-08-04 08:27:00,20146.53,941.67,44678.29,49019.57,5.8914999999979045,9.67149999999674,-3.779999999998836,0.39083906322701856
2026-08-04 08:28:00,20146.99,941.42,44678.55,49019.97,6.29149999999936,9.681499999998778,-3.389999999999418,0.35015235242471165
2026-08-04 08:29:00,20146.61,941.66,44678.34,49019.64,5.9614999999976135,9.691500000000815,-3.7300000000032014,0.38487334262011946
2026-08-04 08:30:00,20147.16,941.23,44678.45,49019.96,6.2814999999973224,9.696499999998196,-3.415000000000873,0.35218893415165353
2026-08-04 08:31:00,20147.41,940.98,44678.59,49020.17,6.491499999996449,9.701499999995576,-3.209999999999127,0.3308766685564697
2026-08-04 08:32:00,20147.48,941.31,44678.5,49020.11,6.431499999998778,9.711499999997613,-3.279999999998836,0.3377439118570398
2026-08-04 08:33:00,20147.66,941.27,44678.26,49019.97,6.29149999999936,9.72149999999965,-3.430000000000291,0.35282620994706726
2026-08-04 08:34:00,20147.65,941.54,44678.14,49019.85,6.17149999999674,9.72149999999965,-3.5500000000029104,0.36516998405627094
2026-08-04 08:35:00,20147.73,942.1,44677.81,49019.59,5.911499999994703,9.72149999999965,-3.8100000000049477,0.3919148279591714
2026-08-04 08:36:00,20147.51,942.55,44677.47,49019.22,5.54149999999936,9.72149999999965,-4.180000000000291,0.4299747981279063
2026-08-04 08:37:00,20148.03,942.15,44677.59,49019.53,5.851499999997031,9.72149999999965,-3.8700000000026193,0.398086715013399
2026-08-04 08:38:00,20148.11,941.74,44677.53,49019.5,5.821499999998196,9.72650000000067,-3.905000000002474,0.40148049144113557
2026-08-04 08:39:00,20148.68,941.09,44677.55,49019.75,6.071499999998196,9.731500000001688,-3.6600000000034925,0.37609823768204875
2026-08-04 08:40:00,20149.59,940.22,44677.94,49020.46,6.7814999999973224,9.746500000001106,-2.9650000000037835,0.30421176832744545
2026-08-04 08:41:00,20150.06,939.57,44677.86,49020.55,6.871500000001106,9.761500000000524,-2.889999999999418,0.2960610561900592
2026-08-04 08:42:00,20150.24,939.68,44677.77,49020.55,6.871500000001106,9.766499999997905,-2.8949999999967986,0.29642144063865455
2026-08-04 08:43:00,20150.49,939.43,44677.66,49020.56,6.881499999995867,9.771499999995285,-2.889999999999418,0.29575807194400167
2026-08-04 08:44:00,20150.28,939.35,44677.31,49020.14,6.4614999999976135,9.776499999996304,-3.3149999999986903,0.33907840229120273
2026-08-04 08:45:00,20150.56,939.51,44677.17,49020.14,6.4614999999976135,9.781499999997322,-3.319999999999709,0.33941624495226885
2026-08-04 08:46:00,20150.98,938.84,44677.36,49020.46,6.7814999999973224,9.786499999998341,-3.0050000000010186,0.3070556378686484
2026-08-04 08:47:00,20151.24,938.4,44677.18,49020.39,6.7114999999976135,9.79149999999936,-3.0800000000017462,0.31455854567757213
2026-08-04 08:48:00,20151.55,937.12,44677.67,49020.94,7.261500000000524,9.796500000000378,-2.5349999999998545,0.25876588577550724
2026-08-04 08:49:00,20151.58,937.04,44677.58,49020.85,7.17149999999674,9.801500000001397,-2.6300000000046566,0.26832627659075464
2026-08-04 08:50:00,20151.87,936.44,44677.54,49020.91,7.231500000001688,9.821499999998196,-2.5899999999965075,0.2637071730384344
2026-08-04 08:51:00,20152.2,936.0,44677.57,49021.08,7.401499999999942,9.841499999994994,-2.4399999999950523,0.24792968551504277
2026-08-04 08:52:00,20152.04,935.78,44677.5,49020.95,7.271499999995285,9.841499999994994,-2.569999999999709,0.26113905400609827
2026-08-04 08:53:00,20151.79,935.49,44677.31,49020.66,6.981500000001688,9.841499999994994,-2.859999999993306,0.2906061067921314
2026-08-04 08:54:00,20151.73,935.24,44677.18,49020.5,6.821499999998196,9.846499999996013,-3.024999999997817,0.3072157619457718
2026-08-04 08:55:00,20152.14,934.92,44677.19,49020.68,7.001499999998487,9.851499999997031,-2.849999999998545,0.2892960462873069
2026-08-04 08:56:00,20152.02,934.91,44677.15,49020.54,6.861499999999069,9.861499999999069,-3.0,0.30421335496631174
2026-08-04 08:57:00,20151.74,934.92,44676.77,49020.14,6.4614999999976135,9.871500000001106,-3.4100000000034925,0.34543888973338505
2026-08-04 08:58:00,20151.4,934.84,44676.69,49019.93,6.251499999998487,9.901499999999942,-3.650000000001455,0.36863101550285077
2026-08-04 08:59:00,20151.19,934.92,44676.31,49019.51,5.831500000000233,9.931499999998778,-4.099999999998545,0.41282787091567735
2026-08-04 09:00:00,20151.03,934.49,44676.21,49019.37,5.691500000000815,9.936499999999796,-4.244999999998981,0.4272128012880862
2026-08-04 09:01:00,20150.9,933.66,44676.46,49019.49,5.811499999996158,9.941500000000815,-4.130000000004657,0.4154302670627489
2026-08-04 09:02:00,20150.63,933.11,44676.53,49019.45,5.771499999995285,9.946499999998196,-4.17500000000291,0.41974563916992585
2026-08-04 09:03:00,20149.77,932.88,44676.46,49019.02,5.341499999994994,9.951499999995576,-4.610000000000582,0.46324674672186417
2026-08-04 09:04:00,20149.23,932.8,44676.27,49018.65,4.971499999999651,9.961499999997613,-4.989999999997963,0.5009285750137187
2026-08-04 09:05:00,20149.0,932.9,44676.11,49018.42,4.741499999996449,9.97149999999965,-5.230000000003201,0.5244948102094353
2026-08-04 09:06:00,20149.22,932.64,44676.1,49018.45,4.771499999995285,9.98149999999805,-5.210000000002765,0.5219656364277696
2026-08-04 09:07:00,20149.52,932.32,44675.8,49018.33,4.651499999999942,9.99149999999645,-5.3399999999965075,0.5344542861430621
2026-08-04 09:08:00,20149.16,931.98,44675.86,49018.21,4.5314999999973224,9.99149999999645,-5.459999999999127,0.5464644948207044
2026-08-04 09:09:00,20148.71,931.65,44675.75,49017.91,4.231500000001688,9.99149999999645,-5.759999999994761,0.5764900165137175
2026-08-04 09:10:00,20148.28,931.97,44675.39,49017.4,3.7214999999996508,9.996499999997468,-6.274999999997817,0.6277197018956041
2026-08-04 09:11:00,20148.03,931.94,44675.17,49017.1,3.4214999999967404,10.001499999998487,-6.580000000001746,0.6579013148030537
2026-08-04 09:12:00,20147.19,932.07,44674.75,49016.4,2.7214999999996508,10.001499999998487,-7.279999999998836,0.7278908163775372
2026-08-04 09:13:00,20147.38,932.03,44674.77,49016.49,2.8114999999961583,10.001499999998487,-7.190000000002328,0.7188921661754153
2026-08-04 09:14:00,20147.8,931.47,44674.88,49016.76,3.081500000000233,10.006499999999505,-6.924999999999272,0.6920501673911572
2026-08-04 09:15:00,20147.82,930.84,44675.0,49016.86,3.1814999999987776,10.011500000000524,-6.830000000001746,0.6822154522300743
2026-08-04 09:16:00,20147.03,931.06,44674.87,49016.43,2.7514999999984866,10.026499999999942,-7.275000000001455,0.7255772203661793
2026-08-04 09:17:00,20146.88,931.4,44674.74,49016.25,2.5714999999981956,10.04149999999936,-7.470000000001164,0.7439127620377075
2026-08-04 09:18:00,20146.44,931.83,44674.26,49015.66,1.981500000001688,10.051499999997759,-8.069999999996071,0.8028652439932219
2026-08-04 09:19:00,20145.95,932.4,44674.09,49015.31,1.6314999999958673,10.061499999996158,-8.430000000000291,0.837847239477564
2026-08-04 09:20:00,20145.79,932.35,44673.9,49015.08,1.4014999999999418,10.066499999997177,-8.664999999997235,0.8607758406595803
2026-08-04 09:21:00,20146.03,932.87,44673.9,49015.19,1.5115000000005239,10.071499999998196,-8.559999999997672,0.8499230501910545
2026-08-04 09:22:00,20146.25,932.77,44673.69,49015.08,1.4014999999999418,10.081499999996595,-8.679999999996653,0.860982988642522
2026-08-04 09:23:00,20146.54,932.71,44673.62,49015.14,1.4614999999976135,10.091499999994994,-8.62999999999738,0.855175147401443
2026-08-04 09:24:00,20146.71,932.63,44673.7,49015.27,1.5914999999949941,10.096499999996013,-8.505000000001019,0.8423711187049351
2026-08-04 09:25:00,20146.78,932.37,44673.85,49015.4,1.7214999999996508,10.101499999997031,-8.37999999999738,0.8295797653813635
2026-08-04 09:26:00,20146.55,932.21,44673.64,49015.14,1.4614999999976135,10.111499999999069,-8.650000000001455,0.8554616031253772
2026-08-04 09:27:00,20146.89,932.05,44673.84,49015.48,1.801500000001397,10.121500000001106,-8.319999999999709,0.8220125475471818
2026-08-04 09:28:00,20146.96,931.39,44674.1,49015.71,2.0314999999973224,10.121500000001106,-8.090000000003783,0.799288642987986
2026-08-04 09:29:00,20146.98,930.98,44674.51,49016.07,2.3914999999979045,10.121500000001106,-7.730000000003201,0.7637207923729049
2026-08-04 09:30:00,20146.52,930.82,44674.63,49015.96,2.2814999999973224,10.126499999998487,-7.845000000001164,0.7747000444380918
2026-08-04 09:31:00,20145.74,931.69,44674.35,49015.43,1.7514999999984866,10.131499999995867,-8.37999999999738,0.8271233282338053
2026-08-04 09:32:00,20145.58,932.61,44674.18,49015.19,1.5115000000005239,10.136499999996886,-8.624999999996362,0.8508854140974706
2026-08-04 09:33:00,20145.98,932.61,44674.0,49015.23,1.551500000001397,10.141499999997905,-8.589999999996508,0.8470147414088924
2026-08-04 09:34:00,20146.23,932.38,44674.09,49015.37,1.691500000000815,10.161499999998341,-8.469999999997526,0.8335383555576351
2026-08-04 09:35:00,20145.63,932.05,44673.84,49014.95,1.2714999999952852,10.181499999998778,-8.910000000003492,0.8751166331095185
2026-08-04 09:36:00,20145.58,931.97,44673.94,49015.0,1.3214999999981956,10.186499999999796,-8.8650000000016,0.8702694743044007
2026-08-04 09:37:00,20146.03,931.43,44674.1,49015.31,1.6314999999958673,10.191500000000815,-8.560000000004948,0.8399156159548902
2026-08-04 09:38:00,20145.93,931.49,44674.2,49015.34,1.661499999994703,10.206500000000233,-8.54500000000553,0.83721158085586
2026-08-04 09:39:00,20145.71,931.69,44673.86,49014.96,1.2814999999973224,10.22149999999965,-8.940000000002328,0.8746270116913011
2026-08-04 09:40:00,20146.15,931.48,44673.77,49015.07,1.3914999999979045,10.236499999999069,-8.845000000001164,0.8640648659211614
2026-08-04 09:41:00,20146.08,931.12,44673.94,49015.21,1.5314999999973224,10.251499999998487,-8.720000000001164,0.8506072282107449
2026-08-04 09:42:00,20146.71,930.52,44674.1,49015.6,1.9214999999967404,10.261499999996886,-8.340000000000146,0.8127466744630587
2026-08-04 09:43:00,20147.31,929.98,44674.15,49015.88,2.201499999995576,10.271499999995285,-8.069999999999709,0.7856690843599682
2026-08-04 09:44:00,20147.45,929.73,44674.09,49015.87,2.191500000000815,10.281499999997322,-8.089999999996508,0.7868501677769406
2026-08-04 09:45:00,20147.7,929.86,44673.93,49015.84,2.161499999994703,10.29149999999936,-8.130000000004657,0.7899723072443436
2026-08-04 09:46:00,20148.56,929.71,44673.75,49016.01,2.331500000000233,10.29149999999936,-7.959999999999127,0.7734538211144752
2026-08-04 09:47:00,20149.7,928.74,44673.83,49016.54,2.8614999999990687,10.29149999999936,-7.430000000000291,0.7219550114172621
2026-08-04 09:48:00,20150.49,928.14,44674.05,49017.04,3.3614999999990687,10.311499999999796,-6.950000000000728,0.674004751976033
2026-08-04 09:49:00,20150.41,927.94,44673.91,49016.87,3.191500000000815,10.331500000000233,-7.139999999999418,0.6910903547402852
2026-08-04 09:50:00,20150.81,927.57,44673.98,49017.08,3.401499999999942,10.34649999999965,-6.944999999999709,0.6712414826269698
2026-08-04 09:51:00,20151.19,927.1,44673.9,49017.17,3.4914999999964493,10.361499999999069,-6.870000000002619,0.6630314143708186
2026-08-04 09:52:00,20151.74,926.81,44674.03,49017.5,3.8214999999981956,10.366500000000087,-6.545000000001892,0.6313606328077785
2026-08-04 09:53:00,20152.1,926.16,44674.03,49017.63,3.951499999995576,10.371500000001106,-6.42000000000553,0.6190040013503201
2026-08-04 09:54:00,20152.76,925.42,44674.05,49017.89,4.2114999999976135,10.401499999999942,-6.190000000002328,0.5951064750278674
2026-08-04 09:55:00,20152.78,925.07,44673.75,49017.63,3.951499999995576,10.431499999998778,-6.480000000003201,0.6211954177255391
2026-08-04 09:56:00,20153.66,924.97,44673.88,49018.11,4.431499999998778,10.441499999997177,-6.009999999998399,0.5755877986879303
2026-08-04 09:57:00,20154.44,924.49,44674.12,49018.64,4.9614999999976135,10.451499999995576,-5.489999999997963,0.5252834521360844
2026-08-04 09:58:00,20154.88,924.04,44674.11,49018.79,5.111499999999069,10.456499999996595,-5.344999999997526,0.5111653038779005
2026-08-04 09:59:00,20154.85,923.94,44674.0,49018.68,5.001499999998487,10.461499999997613,-5.459999999999127,0.5219136835062249
2026-08-04 10:00:00,20154.9,923.7,44673.82,49018.54,4.861499999999069,10.476499999997031,-5.614999999997963,0.5359614375029402
2026-08-04 10:01:00,20154.88,923.63,44673.8,49018.5,4.821499999998196,10.49149999999645,-5.669999999998254,0.5404374970214147
2026-08-04 10:02:00,20154.4,923.75,44673.69,49018.21,4.5314999999973224,10.49149999999645,-5.959999999999127,0.5680789210314201
2026-08-04 10:03:00,20154.22,923.53,44673.77,49018.2,4.521499999995285,10.49149999999645,-5.970000000001164,0.5690320735836806
2026-08-04 10:04:00,20153.86,923.4,44673.53,49017.83,4.151499999999942,10.496499999997468,-6.344999999997526,0.6044872100222985
2026-08-04 10:05:00,20153.58,923.63,44673.34,49017.56,3.8814999999958673,10.501499999998487,-6.620000000002619,0.6303861353143431
2026-08-04 10:06:00,20153.15,923.7,44673.42,49017.47,3.7914999999993597,10.501499999998487,-6.709999999999127,0.6389563395705464
2026-08-04 10:07:00,20153.16,923.8,44673.36,49017.4,3.7214999999996508,10.501499999998487,-6.779999999998836,0.645622053992269
2026-08-04 10:08:00,20152.83,924.37,44673.08,49017.03,3.3514999999970314,10.531499999997322,-7.180000000000291,0.6817642311163763
2026-08-04 10:09:00,20152.38,924.8,44672.79,49016.6,2.9214999999967404,10.561499999996158,-7.639999999999418,0.723382095346513
2026-08-04 10:10:00,20152.93,924.45,44672.74,49016.79,3.1114999999990687,10.561499999996158,-7.44999999999709,0.7053922264829616
2026-08-04 10:11:00,20152.1,924.67,44672.44,49016.2,2.521499999995285,10.561499999996158,-8.040000000000873,0.761255503479979
2026-08-04 10:12:00,20151.94,924.79,44672.31,49016.01,2.331500000000233,10.566499999997177,-8.234999999996944,0.7793498320161969
2026-08-04 10:13:00,20152.49,924.99,44672.35,49016.27,2.591499999994994,10.571499999998196,-7.980000000003201,0.7548597644614826
2026-08-04 10:14:00,20152.5,924.79,44672.12,49016.06,2.3814999999958673,10.576499999999214,-8.195000000003347,0.7748309932401036
2026-08-04 10:15:00,20152.95,924.22,44672.23,49016.34,2.661499999994703,10.581500000000233,-7.92000000000553,0.7484761139730053
2026-08-04 10:16:00,20152.51,924.15,44671.96,49015.9,2.2214999999996508,10.586499999997613,-8.364999999997963,0.7901572757757378
2026-08-04 10:17:00,20152.86,924.14,44671.8,49015.91,2.231500000001688,10.591499999994994,-8.359999999993306,0.7893121842984712
2026-08-04 10:18:00,20153.4,923.86,44671.77,49016.09,2.411499999994703,10.601499999997031,-8.190000000002328,0.7725321888416377
2026-08-04 10:19:00,20154.22,923.33,44671.91,49016.57,2.8914999999979045,10.611499999999069,-7.720000000001164,0.7275126042502795
2026-08-04 10:20:00,20154.76,922.66,44672.06,49016.9,3.2214999999996508,10.676499999997759,-7.454999999998108,0.6982625392216244
2026-08-04 10:21:00,20154.98,922.57,44671.98,49016.91,3.231500000001688,10.74149999999645,-7.509999999994761,0.6991574733507652
2026-08-04 10:22:00,20154.87,921.92,44671.64,49016.54,2.8614999999990687,10.74149999999645,-7.879999999997381,0.7336033142484741
2026-08-04 10:23:00,20155.18,921.59,44671.79,49016.8,3.121500000001106,10.74149999999645,-7.619999999995343,0.7093981287527684
2026-08-04 10:24:00,20154.87,921.68,44671.64,49016.54,2.8614999999990687,10.746499999997468,-7.884999999998399,0.7337272600381759
2026-08-04 10:25:00,20155.04,921.2,44671.61,49016.58,2.901499999999942,10.751499999998487,-7.849999999998545,0.7301306794400455
2026-08-04 10:26:00,20155.18,920.42,44671.63,49016.62,2.941500000000815,10.751499999998487,-7.809999999997672,0.7264102683345367
2026-08-04 10:27:00,20154.83,920.24,44671.67,49016.52,2.841499999994994,10.751499999998487,-7.9100000000034925,0.7357112960986473
2026-08-04 10:28:00,20154.6,920.25,44671.52,49016.29,2.6114999999990687,10.766499999997905,-8.154999999998836,0.7574420656666905
2026-08-04 10:29:00,20154.67,919.7,44671.67,49016.45,2.771499999995285,10.781499999997322,-8.010000000002037,0.7429392941616683
2026-08-04 10:30:00,20154.29,919.54,44671.71,49016.33,2.651499999999942,10.79649999999674,-8.144999999996799,0.7544111517620764
2026-08-04 10:31:00,20154.22,919.2,44671.61,49016.23,2.551500000001397,10.811499999996158,-8.259999999994761,0.7640012949172359
2026-08-04 10:32:00,20153.54,918.68,44671.71,49016.02,2.341499999994994,10.811499999996158,-8.470000000001164,0.7834250566530244
2026-08-04 10:33:00,20152.56,918.75,44671.52,49015.45,1.7714999999952852,10.811499999996158,-9.040000000000873,0.8361466956485303
2026-08-04 10:34:00,20151.63,919.06,44671.23,49014.81,1.1314999999958673,10.821499999998196,-9.690000000002328,0.8954396340621859
2026-08-04 10:35:00,20151.37,919.33,44671.31,49014.77,1.0914999999949941,10.831500000000233,-9.740000000005239,0.8992291003097475
2026-08-04 10:36:00,20150.8,919.85,44670.96,49014.22,0.5414999999993597,10.831500000000233,-10.290000000000873,0.9500069242487792
2026-08-04 10:37:00,20151.56,919.42,44670.98,49014.56,0.8814999999958673,10.831500000000233,-9.950000000004366,0.9186169967229055
2026-08-04 10:38:00,20152.48,918.78,44671.2,49015.11,1.4314999999987776,10.841499999998632,-9.409999999999854,0.8679610754970292
2026-08-04 10:39:00,20152.35,918.52,44670.65,49014.56,0.8814999999958673,10.851499999997031,-9.970000000001164,0.9187669907389662
2026-08-04 10:40:00,20152.89,918.13,44671.06,49015.14,1.4614999999976135,10.861499999999069,-9.400000000001455,0.8654421580815045
2026-08-04 10:41:00,20152.58,917.84,44670.66,49014.65,0.9714999999996508,10.871500000001106,-9.900000000001455,0.9106379064526926
2026-08-04 10:42:00,20153.09,917.27,44670.74,49014.93,1.2514999999984866,10.871500000001106,-9.62000000000262,0.8848824909167677
2026-08-04 10:43:00,20153.44,916.63,44670.8,49015.12,1.441500000000815,10.871500000001106,-9.430000000000291,0.8674056018028177
2026-08-04 10:44:00,20154.07,915.82,44670.84,49015.4,1.7214999999996508,10.871500000001106,-9.150000000001455,0.8416501862668927
2026-08-04 10:45:00,20154.09,915.39,44670.81,49015.36,1.6814999999987776,10.871500000001106,-9.190000000002328,0.845329531343549
2026-08-04 10:46:00,20153.92,915.03,44670.66,49015.14,1.4614999999976135,10.886500000000524,-9.42500000000291,0.8657511596934236
2026-08-04 10:47:00,20153.47,914.63,44670.53,49014.82,1.1414999999979045,10.901499999999942,-9.760000000002037,0.8952896390406907
2026-08-04 10:48:00,20153.11,914.25,44670.59,49014.74,1.0614999999961583,10.936499999999796,-9.875000000003638,0.9029396973441066
2026-08-04 10:49:00,20152.74,913.74,44670.5,49014.5,0.8214999999981956,10.97149999999965,-10.150000000001455,0.9251241853895801
2026-08-04 10:50:00,20152.27,913.3,44670.33,49014.13,0.4514999999955762,10.986499999999069,-10.535000000003492,0.9589041095894403
2026-08-04 10:51:00,20151.84,913.25,44670.27,49013.9,0.22149999999965075,11.001499999998487,-10.779999999998836,0.9798663818570484
2026-08-04 10:52:00,20151.37,913.13,44670.24,49013.68,0.1,11.001499999998487,-10.901499999998487,0.9909103304094884
2026-08-04 10:53:00,20150.75,913.16,44669.99,49013.19,0.1,11.001499999998487,-10.901499999998487,0.9909103304094884
2026-08-04 10:54:00,20151.01,913.01,44669.92,49013.24,0.1,11.051499999997759,-10.95149999999776,0.9909514545536787
2026-08-04 10:55:00,20150.83,913.31,44669.66,49012.91,0.1,11.101499999997031,-11.001499999997032,0.9909922082601427
2026-08-04 10:56:00,20150.41,913.48,44669.33,49012.45,0.1,11.151499999996304,-11.051499999996304,0.9910325965116771
2026-08-04 10:57:00,20150.89,913.22,44669.36,49012.69,0.1,11.201499999995576,-11.101499999995577,0.9910726242021123
2026-08-04 10:58:00,20151.39,912.66,44669.29,49012.83,0.1,11.206499999996595,-11.106499999996595,0.9910766073261027
2026-08-04 10:59:00,20151.85,911.93,44669.22,49012.92,0.1,11.211499999997613,-11.111499999997614,0.9910805868973803
2026-08-04 11:00:00,20152.48,911.17,44669.31,49013.24,0.1,11.22149999999965,-11.121499999999651,0.9910885354007929
2026-08-04 11:01:00,20152.62,910.71,44669.25,49013.24,0.1,11.231500000001688,-11.131500000001688,0.9910964697502573
2026-08-04 11:02:00,20152.37,910.48,44669.25,49013.11,0.1,11.251499999998487,-11.151499999998487,0.9911122961382915
2026-08-04 11:03:00,20152.46,910.24,44669.3,49013.2,0.1,11.271499999995285,-11.171499999995286,0.99112806636206
2026-08-04 11:04:00,20151.92,910.39,44669.08,49012.79,0.1,11.30649999999514,-11.20649999999514,0.9911555300048607
2026-08-04 11:05:00,20151.67,910.34,44668.93,49012.55,0.1,11.341499999994994,-11.241499999994994,0.9911828241414237
2026-08-04 11:06:00,20150.96,910.43,44668.69,49012.04,0.1,11.346499999996013,-11.246499999996013,0.9911867095580105
2026-08-04 11:07:00,20151.22,910.46,44668.72,49012.19,0.1,11.351499999997031,-11.251499999997032,0.991190591551775
2026-08-04 11:08:00,20151.79,910.41,44668.67,49012.38,0.1,11.376499999998487,-11.276499999998487,0.9912099503362183
2026-08-04 11:09:00,20152.8,909.72,44668.66,49012.76,0.1,11.401499999999942,-11.301499999999942,0.9912292242248827
2026-08-04 11:10:00,20153.66,909.03,44668.57,49013.01,0.1,11.431499999998778,-11.331499999998778,0.9912522416130858
2026-08-04 11:11:00,20154.39,908.48,44668.65,49013.38,0.1,11.461499999997613,-11.361499999997614,0.9912751385071744
2026-08-04 11:12:00,20154.72,907.74,44668.56,49013.4,0.1,11.506499999999505,-11.406499999999506,0.9913092599834873
2026-08-04 11:13:00,20154.43,907.25,44668.44,49013.17,0.1,11.551500000001397,-11.451500000001397,0.9913431156126921
2026-08-04 11:14:00,20154.37,907.08,44668.53,49013.24,0.1,11.60150000000067,-11.50150000000067,0.9913804249450507
2026-08-04 11:15:00,20154.46,906.84,44668.61,49013.33,0.1,11.651499999999942,-11.551499999999942,0.9914174140668583
2026-08-04 11:16:00,20154.22,907.02,44668.44,49013.09,0.1,11.651499999999942,-11.551499999999942,0.9914174140668583
2026-08-04 11:17:00,20154.12,907.06,44668.28,49012.92,0.1,11.651499999999942,-11.551499999999942,0.9914174140668583
2026-08-04 11:18:00,20154.53,906.58,44668.29,49013.08,0.1,11.66649999999936,-11.56649999999936,0.9914284489778421
2026-08-04 11:19:00,20154.79,906.09,44668.3,49013.18,0.1,11.681499999998778,-11.581499999998778,0.9914394555493721
2026-08-04 11:20:00,20155.33,905.35,44668.27,49013.38,0.1,11.686499999999796,-11.586499999999797,0.9914431181277541
2026-08-04 11:21:00,20155.74,904.75,44668.35,49013.6,0.1,11.691500000000815,-11.591500000000815,0.9914467775734515
2026-08-04 11:22:00,20156.08,904.37,44668.56,49013.91,0.23150000000168802,11.706500000000233,-11.474999999998545,0.9802246615126909
2026-08-04 11:23:00,20156.14,903.82,44668.45,49013.83,0.1514999999999418,11.72149999999965,-11.569999999999709,0.9870750330589134
2026-08-04 11:24:00,20156.12,903.44,44668.54,49013.89,0.21149999999761349,11.72149999999965,-11.510000000002037,0.981956234270561
2026-08-04 11:25:00,20156.13,902.78,44668.43,49013.79,0.11149999999906868,11.72149999999965,-11.610000000000582,0.9904875655846886
2026-08-04 11:26:00,20155.77,902.7,44668.45,49013.65,0.1,11.826499999999214,-11.726499999999215,0.9915444129708699
2026-08-04 11:27:00,20155.18,902.6,44668.48,49013.46,0.1,11.931499999998778,-11.831499999998778,0.9916188241210233
2026-08-04 11:28:00,20154.72,903.09,44668.51,49013.32,0.1,11.936499999999796,-11.836499999999797,0.9916223348552757
2026-08-04 11:29:00,20155.62,902.71,44668.68,49013.83,0.1514999999999418,11.941500000000815,-11.790000000000873,0.9873131516141246
2026-08-04 11:30:00,20156.02,902.36,44668.48,49013.8,0.12150000000110595,11.946499999998196,-11.82499999999709,0.9898296572216864
2026-08-04 11:31:00,20156.38,901.81,44668.5,49013.96,0.28149999999732245,11.951499999995576,-11.669999999998254,0.9764464711544637
2026-08-04 11:32:00,20156.86,901.25,44668.61,49014.25,0.5714999999981956,11.98149999999805,-11.409999999999854,0.9523014647583117
2026-08-04 11:33:00,20157.04,900.88,44668.8,49014.48,0.801500000001397,12.011500000000524,-11.209999999999127,0.9332722807308528
2026-08-04 11:34:00,20156.57,900.61,44668.59,49014.09,0.4114999999947031,12.016499999997905,-11.605000000003201,0.965755419631775
2026-08-04 11:35:00,20157.5,900.31,44668.47,49014.38,0.7014999999955762,12.021499999995285,-11.319999999999709,0.9416462171945389
2026-08-04 11:36:00,20157.74,899.81,44668.49,49014.43,0.7514999999984866,12.026499999996304,-11.274999999997817,0.937512992142459
2026-08-04 11:37:00,20157.3,899.78,44668.35,49014.14,0.4614999999976135,12.031499999997322,-11.569999999999709,0.9616423554837122
2026-08-04 11:38:00,20157.54,899.11,44668.44,49014.32,0.6414999999979045,12.036499999998341,-11.395000000000437,0.946703776014789
2026-08-04 11:39:00,20157.7,898.43,44668.77,49014.63,0.9514999999955762,12.04149999999936,-11.090000000003783,0.9209816052820972
2026-08-04 11:40:00,20157.7,897.79,44668.64,49014.55,0.871500000001106,12.051499999997759,-11.179999999996653,0.9276853503712179
2026-08-04 11:41:00,20157.99,897.45,44668.82,49014.82,1.1414999999979045,12.061499999996158,-10.919999999998254,0.9053600298471776
2026-08-04 11:42:00,20158.73,896.8,44669.0,49015.28,1.6014999999970314,12.061499999996158,-10.459999999999127,0.8672221531320697
2026-08-04 11:43:00,20158.82,896.33,44669.03,49015.25,1.5714999999981956,12.061499999996158,-10.489999999997963,0.869709405961224
2026-08-04 11:44:00,20158.36,895.96,44668.93,49015.0,1.3214999999981956,12.096499999996013,-10.774999999997817,0.8907535237466514
2026-08-04 11:45:00,20157.99,895.84,44668.85,49014.77,1.0914999999949941,12.131499999995867,-11.040000000000873,0.9100276140629464
2026-08-04 11:46:00,20157.98,895.65,44668.74,49014.69,1.0115000000005239,12.136499999996886,-11.124999999996362,0.9166563671568588
2026-08-04 11:47:00,20157.62,895.67,44668.67,49014.46,0.7814999999973224,12.141499999997905,-11.360000000000582,0.9356339826217965
2026-08-04 11:48:00,20157.03,895.57,44668.54,49014.06,0.38149999999586726,12.151499999996304,-11.770000000000437,0.9686046990086834
2026-08-04 11:49:00,20156.7,895.77,44668.25,49013.73,0.1,12.161499999994703,-12.061499999994703,0.9917773300990796
2026-08-04 11:50:00,20157.21,895.47,44668.3,49013.99,0.3114999999961583,12.166499999995722,-11.854999999999563,0.9743969095470129
2026-08-04 11:51:00,20157.65,895.07,44668.46,49014.32,0.6414999999979045,12.17149999999674,-11.529999999998836,0.9472949102412951
2026-08-04 11:52:00,20157.54,894.99,44668.41,49014.24,0.5614999999961583,12.17149999999674,-11.610000000000582,0.9538676416221248
2026-08-04 11:53:00,20157.47,894.78,44668.31,49014.1,0.42149999999674037,12.17149999999674,-11.75,0.9653699215382777
2026-08-04 11:54:00,20157.52,894.44,44668.16,49013.97,0.2914999999993597,12.181499999998778,-11.889999999999418,0.9760702704921899
2026-08-04 11:55:00,20157.61,894.25,44668.12,49013.96,0.28149999999732245,12.191500000000815,-11.910000000003492,0.976910142312488
2026-08-04 11:56:00,20157.87,893.94,44668.09,49014.04,0.3614999999990687,12.196499999998196,-11.834999999999127,0.9703603492806033
2026-08-04 11:57:00,20157.59,893.89,44667.87,49013.71,0.1,12.201499999995576,-12.101499999995577,0.9918042863582317
2026-08-04 11:58:00,20157.35,893.88,44667.62,49013.38,0.1,12.206499999996595,-12.106499999996595,0.9918076434686415
2026-08-04 11:59:00,20157.51,894.01,44667.89,49013.71,0.1,12.211499999997613,-12.111499999997614,0.9918109978299129
2026-08-04 12:00:00,20157.64,893.29,44667.57,49013.46,0.1,12.216499999998632,-12.116499999998632,0.9918143494454212
2026-08-04 12:01:00,20157.66,893.23,44667.45,49013.35,0.1,12.22149999999965,-12.121499999999651,0.9918176983185368
2026-08-04 12:02:00,20157.77,893.29,44667.31,49013.27,0.1,12.22149999999965,-12.121499999999651,0.9918176983185368
2026-08-04 12:03:00,20157.74,893.38,44667.19,49013.14,0.1,12.22149999999965,-12.121499999999651,0.9918176983185368
2026-08-04 12:04:00,20157.75,893.38,44666.94,49012.91,0.1,12.22650000000067,-12.12650000000067,0.9918210444526239
2026-08-04 12:05:00,20158.14,893.12,44666.94,49013.08,0.1,12.231500000001688,-12.131500000001688,0.9918243878510415
2026-08-04 12:06:00,20158.2,892.8,44666.82,49012.98,0.1,12.231500000001688,-12.131500000001688,0.9918243878510415
2026-08-04 12:07:00,20157.86,893.02,44666.7,49012.74,0.1,12.231500000001688,-12.131500000001688,0.9918243878510415
2026-08-04 12:08:00,20157.75,893.29,44666.59,49012.61,0.1,12.231500000001688,-12.131500000001688,0.9918243878510415
2026-08-04 12:09:00,20157.97,892.89,44666.46,49012.58,0.1,12.231500000001688,-12.131500000001688,0.9918243878510415
2026-08-04 12:10:00,20158.26,892.51,44666.51,49012.73,0.1,12.22650000000067,-12.12650000000067,0.9918210444526239
2026-08-04 12:11:00,20157.8,892.84,44666.38,49012.43,0.1,12.22149999999965,-12.121499999999651,0.9918176983185368
2026-08-04 12:12:00,20158.04,892.54,44666.24,49012.39,0.1,12.216499999998632,-12.116499999998632,0.9918143494454212
2026-08-04 12:13:00,20158.26,892.38,44666.35,49012.58,0.1,12.211499999997613,-12.111499999997614,0.9918109978299129
2026-08-04 12:14:00,20158.54,892.14,44666.5,49012.83,0.1,12.206499999996595,-12.106499999996595,0.9918076434686415
2026-08-04 12:15:00,20158.97,891.6,44666.43,49012.93,0.1,12.201499999995576,-12.101499999995577,0.9918042863582317
2026-08-04 12:16:00,20159.36,891.2,44666.42,49013.07,0.1,12.196499999998196,-12.096499999998196,0.9918009264953048
2026-08-04 12:17:00,20159.25,891.18,44666.4,49013.02,0.1,12.191500000000815,-12.091500000000815,0.9917975638764719
2026-08-04 12:18:00,20158.69,891.13,44666.22,49012.62,0.1,12.181499999998778,-12.081499999998778,0.9917908303575086
2026-08-04 12:19:00,20159.03,890.69,44666.12,49012.67,0.1,12.17149999999674,-12.07149999999674,0.9917840857741423
2026-08-04 12:20:00,20159.34,890.37,44666.28,49012.93,0.1,12.17149999999674,-12.07149999999674,0.9917840857741423
2026-08-04 12:21:00,20159.48,890.06,44666.21,49012.91,0.1,12.17149999999674,-12.07149999999674,0.9917840857741423
2026-08-04 12:22:00,20159.46,889.74,44666.03,49012.72,0.1,12.166499999995722,-12.066499999995722,0.9917807093247825
2026-08-04 12:23:00,20159.51,889.64,44666.05,49012.78,0.1,12.161499999994703,-12.061499999994703,0.9917773300990796
2026-08-04 12:24:00,20159.9,889.32,44666.09,49012.97,0.1,12.151499999996304,-12.051499999996304,0.9917705633049393
2026-08-04 12:25:00,20159.88,888.86,44666.05,49012.92,0.1,12.141499999997905,-12.041499999997905,0.9917637853642453
2026-08-04 12:26:00,20159.56,888.71,44665.93,49012.66,0.1,12.136499999996886,-12.036499999996886,0.991760392205329
2026-08-04 12:27:00,20159.5,888.63,44665.84,49012.57,0.1,12.131499999995867,-12.031499999995868,0.9917569962494305
2026-08-04 12:28:00,20159.65,888.62,44665.83,49012.62,0.1,12.096499999996013,-11.996499999996013,0.9917331459513056
2026-08-04 12:29:00,20159.65,888.16,44665.71,49012.49,0.1,12.061499999996158,-11.961499999996159,0.9917091572358304
2026-08-04 12:30:00,20159.92,888.09,44665.83,49012.7,0.1,12.061499999996158,-11.961499999996159,0.9917091572358304
2026-08-04 12:31:00,20160.06,888.24,44665.92,49012.85,0.1,12.061499999996158,-11.961499999996159,0.9917091572358304
2026-08-04 12:32:00,20160.05,888.02,44665.83,49012.75,0.1,12.051499999997759,-11.95149999999776,0.991702277724763
2026-08-04 12:33:00,20160.43,887.69,44665.79,49012.85,0.1,12.04149999999936,-11.94149999999936,0.9916953867873599
2026-08-04 12:34:00,20160.76,887.21,44665.8,49013.0,0.1,12.036499999998341,-11.936499999998341,0.9916919370248816
2026-08-04 12:35:00,20161.04,886.9,44665.71,49013.03,0.1,12.031499999997322,-11.931499999997323,0.9916884843951276
2026-08-04 12:36:00,20161.08,886.65,44665.79,49013.1,0.1,12.036499999998341,-11.936499999998341,0.9916919370248816
2026-08-04 12:37:00,20161.15,886.57,44665.72,49013.08,0.1,12.04149999999936,-11.94149999999936,0.9916953867873599
2026-08-04 12:38:00,20161.38,886.31,44665.82,49013.26,0.1,12.051499999997759,-11.95149999999776,0.991702277724763
2026-08-04 12:39:00,20161.99,886.1,44666.01,49013.68,0.1,12.061499999996158,-11.961499999996159,0.9917091572358304
2026-08-04 12:40:00,20162.16,885.75,44666.12,49013.83,0.1514999999999418,12.061499999996158,-11.909999999996217,0.9874393732122878
2026-08-04 12:41:00,20162.45,885.29,44666.2,49014.01,0.33150000000023283,12.061499999996158,-11.729999999995925,0.9725158562367584
2026-08-04 12:42:00,20162.84,884.91,44666.36,49014.32,0.6414999999979045,12.096499999996013,-11.454999999998108,0.946968131277798
2026-08-04 12:43:00,20162.73,884.83,44666.61,49014.5,0.8214999999981956,12.131499999995867,-11.309999999997672,0.9322837241892202
2026-08-04 12:44:00,20162.78,884.41,44666.68,49014.57,0.8914999999979045,12.136499999996886,-11.244999999998981,0.9265438965106799
2026-08-04 12:45:00,20162.6,884.09,44666.7,49014.5,0.8214999999981956,12.141499999997905,-11.319999999999709,0.9323394967674227
2026-08-04 12:46:00,20162.21,883.98,44666.82,49014.45,0.7714999999952852,12.151499999996304,-11.380000000001019,0.9365098958979945
2026-08-04 12:47:00,20162.29,883.98,44666.92,49014.57,0.8914999999979045,12.161499999994703,-11.269999999996799,0.9266948978334668
2026-08-04 12:48:00,20161.88,884.06,44666.69,49014.21,0.5314999999973224,12.166499999995722,-11.6349999999984,0.9563144700614384
2026-08-04 12:49:00,20161.85,884.18,44666.84,49014.35,0.6714999999967404,12.17149999999674,-11.5,0.9448301359736335
2026-08-04 12:50:00,20162.0,883.87,44666.84,49014.42,0.7414999999964493,12.17149999999674,-11.430000000000291,0.939078996015557
2026-08-04 12:51:00,20162.67,883.58,44667.19,49014.98,1.301500000001397,12.17149999999674,-10.869999999995343,0.8930698763503475
2026-08-04 12:52:00,20162.68,883.57,44667.25,49015.04,1.3614999999990687,12.181499999998778,-10.819999999999709,0.8882321553175548
2026-08-04 12:53:00,20162.85,883.68,44667.35,49015.21,1.5314999999973224,12.191500000000815,-10.660000000003492,0.8743796907683862
2026-08-04 12:54:00,20163.03,883.41,44667.5,49015.41,1.731500000001688,12.181499999998778,-10.44999999999709,0.8578582276401213
2026-08-04 12:55:00,20162.63,883.45,44667.37,49015.15,1.4714999999996508,12.17149999999674,-10.69999999999709,0.8791028221665329
2026-08-04 12:56:00,20162.85,883.47,44667.55,49015.4,1.7214999999996508,12.17149999999674,-10.44999999999709,0.8585630366018887
2026-08-04 12:57:00,20162.78,883.5,44667.63,49015.44,1.7615000000005239,12.17149999999674,-10.409999999996217,0.8552766709114739
2026-08-04 12:58:00,20162.61,883.6,44667.54,49015.28,1.6014999999970314,12.166499999995722,-10.56499999999869,0.8683680598366338
2026-08-04 12:59:00,20162.52,883.96,44667.59,49015.3,1.621500000001106,12.161499999994703,-10.539999999993597,0.8666694075564846
2026-08-04 13:00:00,20162.64,883.92,44667.63,49015.4,1.7214999999996508,12.151499999996304,-10.429999999996653,0.8583302472945583
2026-08-04 13:01:00,20162.89,883.82,44667.67,49015.52,1.8414999999949941,12.141499999997905,-10.30000000000291,0.8483301074829871
2026-08-04 13:02:00,20162.67,884.15,44667.66,49015.43,1.7514999999984866,12.136499999996886,-10.3849999999984,0.8556832694764606
2026-08-04 13:03:00,20162.72,884.21,44667.67,49015.47,1.7914999999993597,12.131499999995867,-10.339999999996508,0.8523265878085999
2026-08-04 13:04:00,20163.19,884.22,44667.91,49015.86,2.1814999999987776,12.096499999996013,-9.914999999997235,0.8196585789278307
2026-08-04 13:05:00,20163.18,884.26,44667.78,49015.74,2.0614999999961583,12.061499999996158,-10.0,0.8290842764169618
2026-08-04 13:06:00,20163.29,884.18,44667.69,49015.71,2.0314999999973224,12.061499999996158,-10.029999999998836,0.8315715292461162
2026-08-04 13:07:00,20163.94,883.73,44667.88,49016.13,2.451499999995576,12.061499999996158,-9.610000000000582,0.7967499896367486
2026-08-04 13:08:00,20164.05,883.68,44667.97,49016.26,2.581500000000233,12.051499999997759,-9.469999999997526,0.7857942994647378
2026-08-04 13:09:00,20164.05,883.66,44667.96,49016.24,2.5614999999961583,12.04149999999936,-9.480000000003201,0.7872773325585438
2026-08-04 13:10:00,20164.0,883.67,44667.83,49016.08,2.401499999999942,12.036499999998341,-9.6349999999984,0.8004818676525342
2026-08-04 13:11:00,20163.37,884.14,44667.7,49015.73,2.051500000001397,12.031499999997322,-9.979999999995925,0.8294892573659266
2026-08-04 13:12:00,20163.67,884.06,44667.71,49015.86,2.1814999999987776,12.026499999996304,-9.844999999997526,0.8186089053340998
2026-08-04 13:13:00,20163.43,884.34,44667.67,49015.75,2.0714999999981956,12.021499999995285,-9.94999999999709,0.8276837333112333
2026-08-04 13:14:00,20164.06,884.09,44667.84,49016.15,2.4714999999996508,12.016499999997905,-9.544999999998254,0.7943244705196952
2026-08-04 13:15:00,20164.34,883.7,44667.84,49016.26,2.581500000000233,12.011500000000524,-9.430000000000291,0.7850809640760837
2026-08-04 13:16:00,20164.73,883.47,44667.95,49016.52,2.841499999994994,11.98149999999805,-9.140000000003056,0.7628427158539869
2026-08-04 13:17:00,20165.07,882.8,44667.94,49016.63,2.951499999995576,11.951499999995576,-9.0,0.7530435510189794
2026-08-04 13:18:00,20165.06,882.46,44667.88,49016.55,2.871500000001106,11.941499999997177,-9.069999999996071,0.7595360716826375
2026-08-04 13:19:00,20165.01,882.43,44667.99,49016.63,2.951499999995576,11.931499999998778,-8.980000000003201,0.752629593932374
2026-08-04 13:20:00,20164.91,882.53,44668.1,49016.7,3.021499999995285,11.826499999999214,-8.805000000003929,0.744514437915234
2026-08-04 13:21:00,20164.93,882.41,44668.21,49016.8,3.121500000001106,11.72149999999965,-8.599999999998545,0.7336944930255344
2026-08-04 13:22:00,20164.51,882.05,44668.06,49016.49,2.8114999999961583,11.72149999999965,-8.910000000003492,0.7601416201001372
2026-08-04 13:23:00,20163.72,882.46,44668.06,49016.18,2.5014999999984866,11.72149999999965,-9.220000000001164,0.7865887471741193
2026-08-04 13:24:00,20163.48,882.69,44668.0,49016.02,2.341499999994994,11.701499999999214,-9.36000000000422,0.7998974490454086
2026-08-04 13:25:00,20163.28,882.97,44667.86,49015.82,2.1414999999979045,11.681499999998778,-9.540000000000873,0.8166759405899817
2026-08-04 13:26:00,20163.23,883.02,44667.73,49015.68,2.0014999999984866,11.66649999999936,-9.665000000000873,0.8284404062916387
2026-08-04 13:27:00,20163.04,883.53,44667.76,49015.64,1.9614999999976135,11.651499999999942,-9.690000000002328,0.8316525769216304
2026-08-04 13:28:00,20163.55,883.63,44667.87,49015.94,2.261500000000524,11.60150000000067,-9.340000000000146,0.8050683101322765
2026-08-04 13:29:00,20163.34,883.53,44667.7,49015.71,2.0314999999973224,11.551500000001397,-9.520000000004075,0.8241353936720706
2026-08-04 13:30:00,20163.42,883.79,44667.73,49015.76,2.081500000000233,11.506499999999505,-9.424999999999272,0.8191022465562663
2026-08-04 13:31:00,20163.96,883.63,44667.77,49016.02,2.341499999994994,11.461499999997613,-9.12000000000262,0.7957073681459249
2026-08-04 13:32:00,20164.32,883.64,44667.79,49016.18,2.5014999999984866,11.406499999997322,-8.904999999998836,0.7806952176391466
2026-08-04 13:33:00,20164.46,883.75,44667.83,49016.28,2.6014999999970314,11.351499999997031,-8.75,0.770823239219688
2026-08-04 13:34:00,20165.11,883.47,44668.0,49016.71,3.0314999999973224,11.346499999996013,-8.31499999999869,0.7328251002513209
2026-08-04 13:35:00,20165.79,883.05,44668.02,49016.99,3.3114999999961583,11.341499999994994,-8.029999999998836,0.7080192214435815
2026-08-04 13:36:00,20166.42,882.58,44668.1,49017.35,3.6714999999967404,11.346499999996013,-7.674999999999272,0.6764200414226387
2026-08-04 13:37:00,20166.7,882.03,44668.25,49017.55,3.871500000001106,11.351499999997031,-7.4799999999959255,0.6589437519268715
2026-08-04 13:38:00,20167.01,881.74,44668.42,49017.82,4.1414999999979045,11.406499999997322,-7.264999999999418,0.6369175470127667
2026-08-04 13:39:00,20166.65,881.95,44668.42,49017.67,3.9914999999964493,11.461499999997613,-7.470000000001164,0.6517471535141752
2026-08-04 13:40:00,20166.37,881.73,44668.36,49017.49,3.8114999999961583,11.506499999999505,-7.695000000003347,0.6687524442709493
2026-08-04 13:41:00,20166.21,881.91,44668.52,49017.58,3.901499999999942,11.551500000001397,-7.650000000001455,0.662251655629185
2026-08-04 13:42:00,20166.08,882.23,44668.68,49017.68,4.001499999998487,11.60150000000067,-7.600000000002183,0.6550877041763344
2026-08-04 13:43:00,20165.8,882.43,44668.63,49017.54,3.8614999999990687,11.651499999999942,-7.790000000000873,0.6685834441918133
2026-08-04 13:44:00,20165.32,882.43,44668.48,49017.2,3.521499999995285,11.66649999999936,-8.145000000004075,0.6981528307551126
2026-08-04 13:45:00,20165.92,882.1,44668.81,49017.73,4.051500000001397,11.681499999998778,-7.629999999997381,0.6531695415826888
2026-08-04 13:46:00,20165.68,881.9,44668.85,49017.68,4.001499999998487,11.701499999999214,-7.700000000000728,0.6580352946204542
2026-08-04 13:47:00,20165.74,881.79,44668.85,49017.71,4.0314999999973224,11.72149999999965,-7.690000000002328,0.6560593780661653
2026-08-04 13:48:00,20165.59,881.87,44668.83,49017.6,3.9214999999967404,11.72149999999965,-7.80000000000291,0.665443842511892
2026-08-04 13:49:00,20165.54,882.21,44669.03,49017.78,4.101499999997031,11.72149999999965,-7.620000000002619,0.6500874461462139
2026-08-04 13:50:00,20165.56,882.43,44669.24,49017.97,4.29149999999936,11.826499999999214,-7.5349999999998545,0.6371284826449376
2026-08-04 13:51:00,20165.44,882.36,44669.09,49017.78,4.101499999997031,11.931499999998778,-7.830000000001746,0.6562460713240204
2026-08-04 13:52:00,20165.17,882.67,44669.21,49017.8,4.121500000001106,11.941499999997177,-7.819999999996071,0.6548591048024051
2026-08-04 13:53:00,20165.02,882.85,44669.09,49017.65,3.9714999999996508,11.951499999995576,-7.9799999999959255,0.6676986152364874
2026-08-04 13:54:00,20165.33,882.75,44669.19,49017.86,4.181499999998778,11.98149999999805,-7.799999999999272,0.6510036305972159
2026-08-04 13:55:00,20165.33,882.8,44669.24,49017.91,4.231500000001688,12.011500000000524,-7.779999999998836,0.6477126087498228
2026-08-04 13:56:00,20165.14,882.88,44669.3,49017.89,4.2114999999976135,12.016499999997905,-7.805000000000291,0.6495235717556403
2026-08-04 13:57:00,20165.07,882.95,44669.43,49017.97,4.29149999999936,12.021499999995285,-7.7299999999959255,0.6430145988436515
2026-08-04 13:58:00,20165.08,883.05,44669.51,49018.05,4.371500000001106,12.026499999996304,-7.654999999995198,0.6365110381239388
2026-08-04 13:59:00,20165.07,883.27,44669.51,49018.04,4.361499999999069,12.031499999997322,-7.669999999998254,0.6374932468935678
2026-08-04 14:00:00,20165.13,883.46,44669.56,49018.13,4.451499999995576,12.036499999998341,-7.585000000002765,0.6301665766629677
2026-08-04 14:01:00,20164.94,883.5,44669.5,49018.0,4.321499999998196,12.04149999999936,-7.720000000001164,0.6411161400159096
2026-08-04 14:02:00,20164.67,883.66,44669.5,49017.88,4.201499999995576,12.051499999997759,-7.850000000002183,0.6513711986062849
2026-08-04 14:03:00,20164.79,883.62,44669.68,49018.11,4.431499999998778,12.061499999996158,-7.629999999997381,0.6325913029059247
2026-08-04 14:04:00,20164.84,883.84,44669.78,49018.22,4.54149999999936,12.061499999996158,-7.519999999996799,0.6234713758652899
2026-08-04 14:05:00,20164.47,884.08,44669.81,49018.1,4.42149999999674,12.061499999996158,-7.639999999999418,0.6334203871825106
2026-08-04 14:06:00,20164.35,884.12,44669.81,49018.05,4.371500000001106,12.096499999996013,-7.724999999994907,0.6386144752612287
2026-08-04 14:07:00,20163.89,884.16,44669.68,49017.73,4.051500000001397,12.131499999995867,-8.07999999999447,0.666034703045561
2026-08-04 14:08:00,20163.67,884.47,44669.69,49017.67,3.9914999999964493,12.136499999996886,-8.145000000000437,0.6711160548759961
2026-08-04 14:09:00,20163.6,884.58,44669.7,49017.66,3.981500000001688,12.141499999997905,-8.159999999996217,0.6720751142772824
2026-08-04 14:10:00,20163.56,884.78,44669.83,49017.76,4.081500000000233,12.151499999996304,-8.069999999996071,0.6641155412910773
2026-08-04 14:11:00,20163.54,884.83,44669.86,49017.78,4.101499999997031,12.161499999994703,-8.059999999997672,0.6627471940139935
2026-08-04 14:12:00,20163.57,884.9,44669.92,49017.85,4.17149999999674,12.166499999995722,-7.994999999998981,0.657132289483565
2026-08-04 14:13:00,20163.58,885.02,44669.76,49017.7,4.021499999995285,12.17149999999674,-8.150000000001455,0.6695970094075206
2026-08-04 14:14:00,20163.72,885.1,44669.78,49017.79,4.111499999999069,12.17149999999674,-8.059999999997672,0.6622026866039379
2026-08-04 14:15:00,20163.89,885.26,44670.08,49018.13,4.451499999995576,12.17149999999674,-7.720000000001164,0.6342685782363088
2026-08-04 14:16:00,20164.1,885.24,44670.14,49018.28,4.601499999997031,12.181499999998778,-7.580000000001746,0.622255058900998
2026-08-04 14:17:00,20164.38,885.2,44670.25,49018.49,4.811499999996158,12.191500000000815,-7.380000000004657,0.6053397859167586
2026-08-04 14:18:00,20164.48,885.24,44670.27,49018.55,4.871500000001106,12.196499999998196,-7.32499999999709,0.6005821342186834
2026-08-04 14:19:00,20164.93,885.09,44670.34,49018.78,5.101499999997031,12.201499999995576,-7.099999999998545,0.5818956685654321
2026-08-04 14:20:00,20164.89,884.91,44670.31,49018.73,5.051500000001397,12.206499999996595,-7.154999999995198,0.5861631098183094
2026-08-04 14:21:00,20164.89,885.08,44670.41,49018.82,5.1414999999979045,12.211499999997613,-7.069999999999709,0.5789624534251395
2026-08-04 14:22:00,20164.68,885.27,44670.35,49018.69,5.011500000000524,12.216499999998632,-7.204999999998108,0.5897761224572435
2026-08-04 14:23:00,20165.1,885.1,44670.5,49019.0,5.321499999998196,12.22149999999965,-6.900000000001455,0.5645788160210818
2026-08-04 14:24:00,20164.99,885.27,44670.57,49019.01,5.331500000000233,12.22650000000067,-6.895000000000437,0.5639389849916214
2026-08-04 14:25:00,20164.77,885.17,44670.48,49018.82,5.1414999999979045,12.231500000001688,-7.0900000000037835,0.5796509013614688
2026-08-04 14:26:00,20164.33,885.46,44670.24,49018.44,4.761500000000524,12.231500000001688,-7.470000000001164,0.610718227527297
2026-08-04 14:27:00,20164.59,885.79,44670.6,49018.86,5.181499999998778,12.231500000001688,-7.05000000000291,0.5763806565018139
2026-08-04 14:28:00,20164.58,885.9,44670.61,49018.88,5.201499999995576,12.246500000001106,-7.04500000000553,0.5752664026460534
2026-08-04 14:29:00,20164.49,886.15,44670.68,49018.92,5.241499999996449,12.261500000000524,-7.0200000000040745,0.5725237532115789
2026-08-04 14:30:00,20164.1,886.31,44670.58,49018.67,4.991499999996449,12.271499999998923,-7.280000000002474,0.5932445096364024
2026-08-04 14:31:00,20164.12,886.42,44670.59,49018.69,5.011500000000524,12.281499999997322,-7.269999999996799,0.5919472377151311
2026-08-04 14:32:00,20164.17,886.53,44670.68,49018.8,5.121500000001106,12.281499999997322,-7.1599999999962165,0.5829906770343832
2026-08-04 14:33:00,20164.26,886.7,44670.73,49018.89,5.2114999999976135,12.281499999997322,-7.069999999999709,0.5756625819322763
2026-08-04 14:34:00,20164.0,886.76,44670.72,49018.78,5.101499999997031,12.286499999998341,-7.18500000000131,0.584788182151327
2026-08-04 14:35:00,20164.28,886.9,44670.91,49019.06,5.381499999995867,12.29149999999936,-6.9100000000034925,0.5621771142662696
2026-08-04 14:36:00,20163.97,887.01,44670.8,49018.83,5.151499999999942,12.29149999999936,-7.139999999999418,0.5808892323963544
2026-08-04 14:37:00,20163.25,887.21,44670.73,49018.45,4.771499999995285,12.29149999999936,-7.5200000000040745,0.6118049058295949
2026-08-04 14:38:00,20163.39,887.24,44670.71,49018.51,4.831500000000233,12.296500000000378,-7.4650000000001455,0.6070833163908361
2026-08-04 14:39:00,20163.42,887.53,44670.81,49018.61,4.931499999998778,12.301500000001397,-7.370000000002619,0.5991139291957714
2026-08-04 14:40:00,20163.26,887.58,44670.91,49018.66,4.981500000001688,12.311499999999796,-7.329999999998108,0.5953783048367972
2026-08-04 14:41:00,20163.3,887.61,44670.96,49018.73,5.051500000001397,12.321499999998196,-7.269999999996799,0.5900255650690146
2026-08-04 14:42:00,20163.42,887.75,44671.0,49018.81,5.131499999995867,12.34649999999965,-7.2150000000037835,0.5843761389870804
2026-08-04 14:43:00,20162.96,887.86,44670.86,49018.49,4.811499999996158,12.371500000001106,-7.560000000004948,0.6110819221601481
2026-08-04 14:44:00,20163.19,888.0,44671.05,49018.77,5.091499999994994,12.391499999997905,-7.30000000000291,0.5891135052256906
2026-08-04 14:45:00,20163.27,888.14,44671.21,49018.96,5.2814999999973224,12.411499999994703,-7.129999999997381,0.5744672279740904
2026-08-04 14:46:00,20163.2,888.06,44671.16,49018.9,5.221499999999651,12.416499999995722,-7.194999999996071,0.5794708653806266
2026-08-04 14:47:00,20163.09,888.17,44671.09,49018.78,5.101499999997031,12.42149999999674,-7.319999999999709,0.5893008090811601
2026-08-04 14:48:00,20163.68,888.3,44671.35,49019.26,5.581500000000233,12.441499999997177,-6.859999999996944,0.5513804605552788
2026-08-04 14:49:00,20163.45,888.42,44671.41,49019.22,5.54149999999936,12.461499999997613,-6.919999999998254,0.5553103558961264
2026-08-04 14:50:00,20163.22,888.7,44671.41,49019.13,5.451499999995576,12.466499999998632,-7.015000000003056,0.5627080575946597
2026-08-04 14:51:00,20162.88,888.69,44671.29,49018.88,5.201499999995576,12.47149999999965,-7.2700000000040745,0.5829290782988636
2026-08-04 14:52:00,20162.64,888.9,44671.41,49018.9,5.221499999999651,12.47650000000067,-7.255000000001019,0.581493207229642
2026-08-04 14:53:00,20162.16,889.36,44671.54,49018.83,5.151499999999942,12.481500000001688,-7.330000000001746,0.587269158354425
2026-08-04 14:54:00,20162.08,889.25,44671.46,49018.71,5.0314999999973224,12.491500000000087,-7.460000000002765,0.5972061001483179
2026-08-04 14:55:00,20161.62,889.53,44671.42,49018.5,4.821499999998196,12.501499999998487,-7.680000000000291,0.6143262808463961
2026-08-04 14:56:00,20161.74,889.86,44671.62,49018.73,5.051500000001397,12.511499999996886,-7.459999999995489,0.596251448667014
2026-08-04 14:57:00,20162.21,889.72,44671.74,49019.02,5.341499999994994,12.521499999995285,-7.180000000000291,0.5734137283874132
2026-08-04 14:58:00,20162.18,889.92,44671.9,49019.15,5.471499999999651,12.54649999999674,-7.07499999999709,0.5639022835052746
2026-08-04 14:59:00,20162.03,889.93,44671.9,49019.1,5.42149999999674,12.571499999998196,-7.150000000001455,0.5687467684844674
2026-08-04 15:00:00,20162.0,890.15,44672.0,49019.17,5.491499999996449,12.571499999998196,-7.080000000001746,0.5631786183035248
2026-08-04 15:01:00,20162.01,890.01,44671.98,49019.16,5.481500000001688,12.571499999998196,-7.0899999999965075,0.5639740683289604
2026-08-04 15:02:00,20162.86,890.11,44672.39,49019.88,6.201499999995576,12.601499999997031,-6.400000000001455,0.5078760465026356
2026-08-04 15:03:00,20163.05,890.0,44672.51,49020.05,6.371500000001106,12.631499999995867,-6.259999999994761,0.4955864307482729
2026-08-04 15:04:00,20163.09,890.06,44672.63,49020.17,6.491499999996449,12.636499999996886,-6.145000000000437,0.48628971629817996
2026-08-04 15:05:00,20163.6,889.9,44672.71,49020.46,6.7814999999973224,12.641499999997905,-5.860000000000582,0.46355258474085775
2026-08-04 15:06:00,20163.75,890.04,44672.93,49020.72,7.04149999999936,12.651499999996304,-5.609999999996944,0.44342568074920624
2026-08-04 15:07:00,20164.0,889.66,44672.99,49020.87,7.191500000000815,12.661499999994703,-5.469999999993888,0.43201832326313444
2026-08-04 15:08:00,20164.07,889.76,44673.01,49020.92,7.241499999996449,12.676499999997759,-5.43500000000131,0.4287461049976153
2026-08-04 15:09:00,20164.46,889.69,44673.32,49021.36,7.681499999998778,12.691500000000815,-5.010000000002037,0.39475239333425644
2026-08-04 15:10:00,20163.98,890.07,44673.35,49021.19,7.511500000000524,12.701499999999214,-5.18999999999869,0.40861315592638753
2026-08-04 15:11:00,20163.98,889.85,44673.38,49021.22,7.54149999999936,12.711499999997613,-5.169999999998254,0.4067183259252822
2026-08-04 15:12:00,20163.71,890.03,44673.31,49021.05,7.371500000001106,12.73149999999805,-5.359999999996944,0.42100302399542594
2026-08-04 15:13:00,20163.25,890.64,44673.36,49020.9,7.221499999999651,12.751499999998487,-5.529999999998836,0.4336744696701951
2026-08-04 15:14:00,20163.33,890.72,44673.55,49021.12,7.441500000000815,12.771499999998923,-5.329999999998108,0.41733547351513584
2026-08-04 15:15:00,20163.09,891.06,44673.56,49021.03,7.351499999997031,12.79149999999936,-5.440000000002328,0.4252824141033187
2026-08-04 15:16:00,20163.13,891.05,44673.62,49021.11,7.431499999998778,12.79149999999936,-5.360000000000582,0.4190282609546066
2026-08-04 15:17:00,20163.68,890.88,44673.76,49021.45,7.771499999995285,12.79149999999936,-5.0200000000040745,0.3924481100734336
2026-08-04 15:18:00,20163.79,890.85,44673.7,49021.47,7.79149999999936,12.831500000000233,-5.040000000000873,0.39278338463942497
2026-08-04 15:19:00,20163.98,891.06,44673.74,49021.59,7.911499999994703,12.871500000001106,-4.960000000006403,0.3853474730999477
2026-08-04 15:20:00,20163.75,891.38,44673.84,49021.57,7.8914999999979045,12.876499999998487,-4.985000000000582,0.3871393624044708
2026-08-04 15:21:00,20163.91,891.65,44673.83,49021.61,7.931499999998778,12.881499999995867,-4.94999999999709,0.38427201801022226
2026-08-04 15:22:00,20163.77,892.0,44673.79,49021.52,7.841499999994994,12.886499999996886,-5.045000000001892,0.39149497536205413
2026-08-04 15:23:00,20163.61,892.1,44673.79,49021.46,7.7814999999973224,12.891499999997905,-5.110000000000582,0.3963852150642992
2026-08-04 15:24:00,20163.29,892.63,44673.89,49021.44,7.761500000000524,12.896499999998923,-5.134999999998399,0.3981700461364578
2026-08-04 15:25:00,20163.47,892.62,44673.99,49021.6,7.92149999999674,12.901499999999942,-4.980000000003201,0.38600162771795715
2026-08-04 15:26:00,20163.38,892.69,44673.81,49021.41,7.731500000001688,12.951499999999214,-5.219999999997526,0.40304211867334616
2026-08-04 15:27:00,20163.76,892.8,44674.11,49021.85,8.17149999999674,13.001499999998487,-4.830000000001746,0.3714955966621012
2026-08-04 15:28:00,20163.39,893.04,44674.06,49021.66,7.981500000001688,13.016499999997905,-5.0349999999962165,0.38681673260838373
2026-08-04 15:29:00,20163.03,893.14,44674.11,49021.57,7.8914999999979045,13.031499999997322,-5.139999999999418,0.3944288838583796
2026-08-04 15:30:00,20163.23,893.16,44674.23,49021.77,8.091499999994994,13.031499999997322,-4.940000000002328,0.37908145647111563
2026-08-04 15:31:00,20163.06,893.34,44674.19,49021.65,7.971499999999651,13.031499999997322,-5.059999999997672,0.3882899129032507
2026-08-04 15:32:00,20163.51,893.13,44674.45,49022.07,8.391499999997905,13.04149999999936,-4.650000000001455,0.35655407736852995
2026-08-04 15:33:00,20163.8,892.95,44674.55,49022.27,8.591499999994994,13.051500000001397,-4.460000000006403,0.3417231735820347
2026-08-04 15:34:00,20163.57,892.87,44674.3,49021.94,8.261500000000524,13.056499999998778,-4.794999999998254,0.3672500287212272
2026-08-04 15:35:00,20164.53,892.49,44674.75,49022.75,9.071499999998196,13.061499999996158,-3.9899999999979627,0.30547793132482
2026-08-04 15:36:00,20164.2,892.86,44674.68,49022.55,8.871500000001106,13.061499999996158,-4.189999999995052,0.3207901083333679
2026-08-04 15:37:00,20164.06,892.81,44674.53,49022.36,8.681499999998778,13.061499999996158,-4.379999999997381,0.3353366764918783
2026-08-04 15:38:00,20163.99,892.87,44674.37,49022.19,8.511500000000524,13.081499999996595,-4.569999999996071,0.3493483163243711
2026-08-04 15:39:00,20164.03,892.82,44674.12,49021.96,8.281499999997322,13.101499999997031,-4.819999999999709,0.3678968057093311
2026-08-04 15:40:00,20164.47,893.0,44674.68,49022.67,8.99149999999645,13.101499999997031,-4.110000000000582,0.3137045376484764
2026-08-04 15:41:00,20164.45,893.17,44674.81,49022.77,9.091499999994994,13.101499999997031,-4.010000000002037,0.30607182383719006
2026-08-04 15:42:00,20164.0,893.52,44674.73,49022.52,8.841499999994994,13.101499999997031,-4.260000000002037,0.3251536083656835
2026-08-04 15:43:00,20163.63,893.55,44674.56,49022.2,8.521499999995285,13.101499999997031,-4.580000000001746,0.3495782925621329
2026-08-04 15:44:00,20163.23,893.72,44674.57,49022.04,8.361499999999069,13.081499999996595,-4.719999999997526,0.36081489125855254
2026-08-04 15:45:00,20163.13,893.79,44674.47,49021.92,8.24149999999645,13.061499999996158,-4.819999999999709,0.3690234659113522
2026-08-04 15:46:00,20162.91,894.27,44674.64,49022.01,8.331500000000233,13.061499999996158,-4.7299999999959255,0.3621329862571157
2026-08-04 15:47:00,20163.21,893.99,44674.38,49021.87,8.191500000000815,13.061499999996158,-4.869999999995343,0.37285151016321066
2026-08-04 15:48:00,20163.62,893.98,44674.6,49022.25,8.571499999998196,13.056499999998778,-4.485000000000582,0.34350706544640613
2026-08-04 15:49:00,20164.0,893.88,44675.0,49022.75,9.071499999998196,13.051500000001397,-3.9800000000032014,0.304945791671668
2026-08-04 15:50:00,20163.82,894.3,44674.94,49022.64,8.961499999997613,13.04149999999936,-4.080000000001746,0.3128474485298429
2026-08-04 15:51:00,20163.3,894.71,44674.7,49022.21,8.531499999997322,13.031499999997322,-4.5,0.34531711621846484
2026-08-04 15:52:00,20163.29,894.84,44674.67,49022.18,8.501499999998487,13.031499999997322,-4.529999999998836,0.3476192303264986
2026-08-04 15:53:00,20163.39,894.76,44674.57,49022.14,8.461499999997613,13.031499999997322,-4.569999999999709,0.3506887158040631
2026-08-04 15:54:00,20163.84,894.68,44674.79,49022.52,8.841499999994994,13.016499999997905,-4.17500000000291,0.32074674451685037
2026-08-04 15:55:00,20164.08,894.59,44675.08,49022.88,9.201499999995576,13.001499999998487,-3.8000000000029104,0.29227396838852077
2026-08-04 15:56:00,20164.08,894.65,44675.12,49022.93,9.251499999998487,12.951499999999214,-3.7000000000007276,0.28568119522842544
2026-08-04 15:57:00,20164.03,894.9,44675.2,49022.99,9.311499999996158,12.901499999999942,-3.5900000000037835,0.27826221757189473
2026-08-04 15:58:00,20164.05,895.06,44675.27,49023.06,9.381499999995867,12.896499999998923,-3.515000000003056,0.272554569069387
2026-08-04 15:59:00,20164.07,895.14,44675.32,49023.09,9.411499999994703,12.891499999997905,-3.4800000000032014,0.269945312803302
2026-08-04 16:00:00,20164.3,895.47,44675.37,49023.24,9.561499999996158,12.886499999996886,-3.3250000000007276,0.2580219609670222
2026-08-04 16:01:00,20164.19,895.69,44675.27,49023.11,9.431499999998778,12.881499999995867,-3.4499999999970896,0.26782595194645004
2026-08-04 16:02:00,20164.14,895.9,44675.32,49023.12,9.441500000000815,12.876499999998487,-3.4349999999976717,0.26676503708290883
2026-08-04 16:03:00,20163.4,896.53,44675.3,49022.82,9.141499999997905,12.871500000001106,-3.7300000000032014,0.2897875150528595
2026-08-04 16:04:00,20163.33,896.95,44675.37,49022.87,9.191500000000815,12.831500000000233,-3.639999999999418,0.2836768889061569
2026-08-04 16:05:00,20163.12,897.57,44675.48,49022.89,9.211499999997613,12.79149999999936,-3.5800000000017462,0.27987335339889186
2026-08-04 16:06:00,20162.38,897.87,44675.27,49022.42,8.74149999999645,12.79149999999936,-4.05000000000291,0.3166165031468642
2026-08-04 16:07:00,20162.13,898.06,44675.05,49022.12,8.441500000000815,12.79149999999936,-4.349999999998545,0.34006957745368116
2026-08-04 16:08:00,20162.59,898.11,44675.19,49022.45,8.771499999995285,12.771499999998923,-4.000000000003638,0.31319735348267436
2026-08-04 16:09:00,20163.0,898.22,44675.61,49022.98,9.301500000001397,12.751499999998487,-3.4499999999970896,0.27055640512861223
2026-08-04 16:10:00,20162.65,898.51,44675.51,49022.76,9.081500000000233,12.73149999999805,-3.649999999997817,0.28669049208642944
2026-08-04 16:11:00,20162.4,898.64,44675.57,49022.73,9.051500000001397,12.711499999997613,-3.6599999999962165,0.2879282539430361
2026-08-04 16:12:00,20162.05,898.8,44675.35,49022.38,8.701499999995576,12.686499999996158,-3.985000000000582,0.31411342765946393
2026-08-04 16:13:00,20162.24,898.85,44675.38,49022.5,8.821499999998196,12.661499999994703,-3.8399999999965075,0.30328160170581003
2026-08-04 16:14:00,20162.89,899.09,44675.72,49023.09,9.411499999994703,12.651499999996304,-3.2400000000016007,0.2560961150853691
2026-08-04 16:15:00,20163.56,899.04,44676.04,49023.63,9.951499999995576,12.641499999997905,-2.6900000000023283,0.21279120357574452
2026-08-04 16:16:00,20164.0,899.08,44676.05,49023.81,10.131499999995867,12.636499999996886,-2.5050000000010186,0.19823527084253045
2026-08-04 16:17:00,20164.03,899.24,44675.99,49023.78,10.101499999997031,12.631499999995867,-2.529999999998836,0.20029291849738065
2026-08-04 16:18:00,20163.94,899.23,44675.91,49023.68,10.001499999998487,12.601499999997031,-2.599999999998545,0.20632464389153332
2026-08-04 16:19:00,20164.26,899.27,44676.0,49023.87,10.191500000000815,12.571499999998196,-2.3799999999973807,0.18931710615262476
2026-08-04 16:20:00,20164.7,899.19,44676.01,49024.04,10.361499999999069,12.571499999998196,-2.209999999999127,0.1757944557132756
2026-08-04 16:21:00,20165.15,899.45,44676.2,49024.43,10.751499999998487,12.571499999998196,-1.819999999999709,0.14477190470508453
2026-08-04 16:22:00,20164.97,899.6,44676.05,49024.24,10.561499999996158,12.54649999999674,-1.985000000000582,0.15821145339346412
2026-08-04 16:23:00,20165.26,899.72,44676.26,49024.55,10.871500000001106,12.521499999995285,-1.6499999999941792,0.13177334983786293
2026-08-04 16:24:00,20165.8,899.91,44676.42,49024.91,11.231500000001688,12.511499999996886,-1.2799999999951979,0.10230587859133729
2026-08-04 16:25:00,20166.45,899.88,44676.59,49025.33,11.651499999999942,12.501499999998487,-0.8499999999985448,0.06799184097897434
2026-08-04 16:26:00,20166.78,899.68,44676.34,49025.23,11.551500000001397,12.491500000000087,-0.9399999999986903,0.07525117079603601
2026-08-04 16:27:00,20167.07,899.66,44676.39,49025.4,11.72149999999965,12.481500000001688,-0.7600000000020373,0.06089011737386808
2026-08-04 16:28:00,20167.75,899.67,44676.63,49025.9,12.22149999999965,12.47650000000067,-0.25500000000101863,0.020438424237647173
2026-08-04 16:29:00,20167.78,899.74,44676.75,49026.0,12.321499999998196,12.47149999999965,-0.1500000000014552,0.012027422523470263
2026-08-04 16:30:00,20167.22,899.99,44676.68,49025.72,12.04149999999936,12.466499999998632,-0.4249999999992724,0.03409136485776433
2026-08-04 16:31:00,20167.07,900.22,44676.91,49025.88,12.201499999995576,12.461499999997613,-0.26000000000203727,0.02086426192690182
2026-08-04 16:32:00,20167.06,900.49,44677.01,49025.98,12.301500000001397,12.441499999997177,-0.13999999999577994,0.011252662459977632
2026-08-04 16:33:00,20166.91,900.94,44677.07,49025.96,12.281499999997322,12.42149999999674,-0.13999999999941792,0.01127078050150583
2026-08-04 16:34:00,20166.53,901.01,44676.93,49025.69,12.011500000000524,12.416499999995722,-0.40499999999519787,0.03261788748804715
2026-08-04 16:35:00,20167.23,901.16,44677.48,49026.47,12.79149999999936,12.411499999994703,0.3800000000046566,0.030616766708682977
2026-08-04 16:36:00,20166.45,901.65,44677.27,49025.97,12.29149999999936,12.391499999997905,-0.09999999999854481,0.00807004801666963
2026-08-04 16:37:00,20166.49,901.62,44677.17,49025.89,12.211499999997613,12.371500000001106,-0.16000000000349246,0.012932950733821943
2026-08-04 16:38:00,20166.12,902.28,44677.36,49025.91,12.231500000001688,12.34649999999965,-0.11499999999796273,0.009314380593525776
2026-08-04 16:39:00,20165.94,902.26,44677.1,49025.61,11.931499999998778,12.321499999998196,-0.3899999999994179,0.03165199042320132
2026-08-04 16:40:00,20166.05,903.06,44677.35,49025.91,12.231500000001688,12.311499999999796,-0.07999999999810825,0.006497989684287826
2026-08-04 16:41:00,20166.11,902.95,44677.25,49025.85,12.17149999999674,12.301500000001397,-0.1300000000046566,0.010567816933271702
2026-08-04 16:42:00,20166.66,902.83,44677.55,49026.34,12.661499999994703,12.296500000000378,0.36499999999432475,0.0296832431988219
2026-08-04 16:43:00,20166.79,903.19,44677.6,49026.43,12.751499999998487,12.29149999999936,0.4599999999991269,0.03742423626076157
2026-08-04 16:44:00,20166.39,903.05,44677.48,49026.16,12.481500000001688,12.286499999998341,0.19500000000334694,0.015871078012727243
2026-08-04 16:45:00,20166.32,902.57,44677.43,49026.09,12.411499999994703,12.281499999997322,0.12999999999738066,0.010585026258796482
2026-08-04 16:46:00,20167.27,902.24,44677.73,49026.74,13.061499999996158,12.281499999997322,0.7799999999988358,0.06351015755396376
2026-08-04 16:47:00,20167.53,902.06,44677.91,49027.02,13.341499999994994,12.281499999997322,1.0599999999976717,0.08630867565019767
2026-08-04 16:48:00,20167.63,901.97,44678.13,49027.22,13.54149999999936,12.271499999998923,1.2700000000004366,0.1034918306645926
2026-08-04 16:49:00,20167.19,902.1,44677.76,49026.71,13.031499999997322,12.261500000000524,0.7699999999967986,0.06279818945453376
2026-08-04 16:50:00,20167.3,902.17,44677.72,49026.73,13.051500000001397,12.246500000001106,0.805000000000291,0.06573306659047225
2026-08-04 16:51:00,20168.88,901.62,44677.72,49027.36,13.681499999998778,12.231500000001688,1.4499999999970896,0.11854637615966067
2026-08-04 16:52:00,20170.12,901.49,44677.83,49027.95,14.271499999995285,12.231500000001688,2.039999999993597,0.16678248783823044
2026-08-04 16:53:00,20170.92,901.61,44678.07,49028.5,14.821499999998196,12.231500000001688,2.5899999999965075,0.21174835465774028
2026-08-04 16:54:00,20171.4,901.49,44678.04,49028.66,14.981500000001688,12.22650000000067,2.7550000000010186,0.2253302253302963
2026-08-04 16:55:00,20171.8,901.55,44678.04,49028.82,15.141499999997905,12.22149999999965,2.9199999999982538,0.23892320909858342
2026-08-04 16:56:00,20171.84,901.56,44677.8,49028.63,14.951499999995576,12.216499999998632,2.734999999996944,0.22387754266747845
2026-08-04 16:57:00,20171.74,901.75,44677.84,49028.65,14.97149999999965,12.211499999997613,2.7600000000020373,0.22601645989457286
2026-08-04 16:58:00,20171.45,901.92,44677.8,49028.49,14.811499999996158,12.206499999996595,2.6049999999995634,0.21341088764185395
2026-08-04 16:59:00,20171.14,901.96,44677.6,49028.18,14.501499999998487,12.201499999995576,2.3000000000029104,0.18850141376091006
2026-08-04 17:00:00,20170.97,902.0,44677.49,49028.01,14.331500000000233,12.186499999996158,2.1450000000040745,0.17601444221103277
2026-08-04 17:01:00,20171.24,901.93,44677.85,49028.44,14.761500000000524,12.17149999999674,2.5900000000037835,0.21279217845002482
2026-08-04 17:02:00,20171.02,902.03,44677.74,49028.25,14.571499999998196,12.17149999999674,2.400000000001455,0.19718194142070394
2026-08-04 17:03:00,20171.16,902.16,44677.91,49028.48,14.801500000001397,12.17149999999674,2.6300000000046566,0.21607854414043962
2026-08-04 17:04:00,20171.0,902.2,44677.93,49028.42,14.74149999999645,12.156499999997322,2.584999999999127,0.21264344178009265
2026-08-04 17:05:00,20170.55,902.27,44677.56,49027.91,14.231500000001688,12.141499999997905,2.0900000000037835,0.17213688588758755
2026-08-04 17:06:00,20170.99,902.38,44677.71,49028.25,14.571499999998196,12.136499999996886,2.4350000000013097,0.2006344498003489
2026-08-04 17:07:00,20171.13,902.34,44677.85,49028.42,14.74149999999645,12.131499999995867,2.610000000000582,0.21514239788991232
2026-08-04 17:08:00,20170.84,902.27,44677.67,49028.11,14.431499999998778,12.096499999996013,2.335000000002765,0.19303104203724503
2026-08-04 17:09:00,20170.53,902.63,44677.51,49027.85,14.17149999999674,12.061499999996158,2.110000000000582,0.1749367823240272
2026-08-04 17:10:00,20170.54,902.54,44677.45,49027.81,14.131499999995867,12.051499999997759,2.0799999999981083,0.17259262332477243
2026-08-04 17:11:00,20171.03,902.25,44677.46,49028.01,14.331500000000233,12.04149999999936,2.290000000000873,0.19017564256952996
2026-08-04 17:12:00,20171.28,902.55,44677.57,49028.21,14.531499999997322,12.026499999999942,2.5049999999973807,0.2082900261919422
2026-08-04 17:13:00,20171.06,902.84,44677.4,49027.96,14.281499999997322,12.011500000000524,2.2699999999967986,0.18898555550902882
2026-08-04 17:14:00,20171.35,902.61,44677.32,49028.01,14.331500000000233,11.97149999999965,2.360000000000582,0.19713486196388513
2026-08-04 17:15:00,20171.5,902.67,44677.35,49028.1,14.42149999999674,11.931499999998778,2.4899999999979627,0.20869127938634857
2026-08-04 17:16:00,20171.72,902.73,44677.43,49028.25,14.571499999998196,11.826499999999214,2.7449999999989814,0.232105863949534
2026-08-04 17:17:00,20171.85,902.62,44677.42,49028.3,14.621500000001106,11.72149999999965,2.900000000001455,0.2474086081134276
2026-08-04 17:18:00,20171.45,902.7,44677.12,49027.85,14.17149999999674,11.72149999999965,2.4499999999970896,0.20901761719892187
2026-08-04 17:19:00,20171.57,902.92,44677.18,49027.98,14.301500000001397,11.72149999999965,2.5800000000017462,0.22010834790784653
2026-08-04 17:20:00,20171.93,902.87,44677.28,49028.22,14.54149999999936,11.686499999999796,2.8549999999995634,0.24429897745258317
2026-08-04 17:21:00,20172.12,903.12,44677.14,49028.17,14.49149999999645,11.651499999999942,2.8399999999965075,0.2437454405009245
2026-08-04 17:22:00,20172.1,903.15,44676.89,49027.95,14.271499999995285,11.60150000000067,2.669999999994616,0.23014265396668204
2026-08-04 17:23:00,20172.2,903.25,44676.83,49027.94,14.261500000000524,11.551500000001397,2.709999999999127,0.23460156689597014
2026-08-04 17:24:00,20172.46,903.48,44676.97,49028.16,14.481500000001688,11.446499999998196,3.0350000000034925,0.2651465513479204
2026-08-04 17:25:00,20172.11,903.69,44676.8,49027.87,14.191500000000815,11.341499999994994,2.8500000000058208,0.25128951196994037
2026-08-04 17:26:00,20171.64,904.03,44676.45,49027.37,13.691500000000815,11.286499999998341,2.405000000002474,0.21308643069178465
2026-08-04 17:27:00,20171.89,904.05,44676.61,49027.62,13.941500000000815,11.231500000001688,2.709999999999127,0.24128566976794905
2026-08-04 17:28:00,20172.39,904.23,44676.81,49028.01,14.331500000000233,11.216499999998632,3.1150000000016007,0.2777158650204592
2026-08-04 17:29:00,20172.3,904.29,44676.81,49027.96,14.281499999997322,11.201499999995576,3.0800000000017462,0.2749631745750982
2026-08-04 17:30:00,20172.61,904.44,44676.94,49028.22,14.54149999999936,11.036499999998341,3.5050000000010186,0.3175825669371219
2026-08-04 17:31:00,20172.76,904.55,44676.78,49028.11,14.431499999998778,10.871500000001106,3.5599999999976717,0.3274617118150494
2026-08-04 17:32:00,20173.12,904.63,44676.85,49028.34,14.661499999994703,10.85150000000067,3.8099999999940337,0.3511035340730589
2026-08-04 17:33:00,20173.68,904.75,44677.02,49028.72,15.04149999999936,10.831500000000233,4.209999999999127,0.3886811614272295
2026-08-04 17:34:00,20173.79,904.79,44676.98,49028.74,15.061499999996158,10.79149999999936,4.269999999996799,0.39568178659102554
2026-08-04 17:35:00,20173.97,904.81,44677.02,49028.84,15.161499999994703,10.751499999998487,4.4099999999962165,0.4101753243730491
2026-08-04 17:36:00,20173.95,904.94,44676.96,49028.78,15.101499999997031,10.746499999997468,4.354999999999563,0.4052482203508668
2026-08-04 17:37:00,20173.85,905.19,44676.89,49028.68,15.001499999998487,10.74149999999645,4.260000000002037,0.39659265465749155
2026-08-04 17:38:00,20174.25,905.48,44677.2,49029.13,15.451499999995576,10.676499999997759,4.774999999997817,0.44724394698626135
2026-08-04 17:39:00,20174.04,905.57,44676.94,49028.81,15.131499999995867,10.611499999999069,4.519999999996799,0.42595297554513456
2026-08-04 17:40:00,20174.54,905.49,44677.21,49029.26,15.581500000000233,10.586499999997613,4.995000000002619,0.47182732725676524
2026-08-04 17:41:00,20174.97,905.4,44677.08,49029.32,15.641499999997905,10.561499999996158,5.080000000001746,0.48099228329343313
2026-08-04 17:42:00,20175.11,906.03,44677.23,49029.52,15.841499999994994,10.531499999997322,5.309999999997672,0.504201680672176
2026-08-04 17:43:00,20174.53,906.45,44677.11,49029.18,15.501499999998487,10.501499999998487,5.0,0.4761224586964453
2026-08-04 17:44:00,20174.87,906.24,44677.33,49029.52,15.841499999994994,10.496499999997468,5.344999999997526,0.5092173581668952
2026-08-04 17:45:00,20175.22,906.37,44677.38,49029.7,16.021499999995285,10.49149999999645,5.529999999998836,0.5270933612925423
2026-08-04 17:46:00,20174.89,906.47,44677.35,49029.54,15.861499999999069,10.426499999997759,5.43500000000131,0.5212679230808496
2026-08-04 17:47:00,20174.88,907.11,44677.42,49029.62,15.941500000000815,10.361499999999069,5.580000000001746,0.5385320658208027
2026-08-04 17:48:00,20175.08,907.02,44677.46,49029.73,16.051500000001397,10.326499999999214,5.725000000002183,0.5543988766767655
2026-08-04 17:49:00,20175.52,906.95,44677.51,49029.97,16.29149999999936,10.29149999999936,6.0,0.5830053927999197
2026-08-04 17:50:00,20175.81,907.0,44677.84,49030.39,16.711499999997613,10.256499999999505,6.454999999998108,0.629356993126156
2026-08-04 17:51:00,20175.85,907.17,44677.94,49030.47,16.79149999999936,10.22149999999965,6.569999999999709,0.6427628038937468
2026-08-04 17:52:00,20175.83,907.49,44678.01,49030.54,16.86149999999907,10.206500000000233,6.654999999998836,0.6520354675940513
2026-08-04 17:53:00,20175.51,907.48,44677.87,49030.28,16.60149999999703,10.191500000000815,6.4099999999962165,0.6289555021337099
2026-08-04 17:54:00,20175.48,907.6,44678.03,49030.41,16.731500000001688,10.161499999998341,6.570000000003347,0.6465580868970545
2026-08-04 17:55:00,20175.57,907.81,44677.95,49030.38,16.701499999995576,10.131499999995867,6.569999999999709,0.648472585500902
2026-08-04 17:56:00,20175.67,907.92,44678.07,49030.54,16.86149999999907,10.11649999999645,6.745000000002619,0.666732565611129
2026-08-04 17:57:00,20175.58,907.7,44678.12,49030.54,16.86149999999907,10.101499999997031,6.760000000002037,0.6692075434345418
2026-08-04 17:58:00,20176.15,907.2,44678.22,49030.86,17.181499999998778,10.051499999997759,7.130000000001019,0.7093468636524507
2026-08-04 17:59:00,20176.85,907.03,44678.32,49031.22,17.54149999999936,10.001499999998487,7.540000000000873,0.753886916962657
2026-08-04 18:00:00,20177.74,907.08,44678.42,49031.67,17.99149999999645,9.996499999997468,7.994999999998981,0.7997799229731413
2026-08-04 18:01:00,20178.33,906.93,44678.61,49032.09,18.411499999994703,9.99149999999645,8.419999999998254,0.8427163088626578
2026-08-04 18:02:00,20178.79,906.83,44678.77,49032.42,18.74149999999645,9.98149999999805,8.7599999999984,0.8776236036667946
2026-08-04 18:03:00,20179.08,906.6,44678.82,49032.58,18.901499999999942,9.97149999999965,8.930000000000291,0.8955523241238132
2026-08-04 18:04:00,20179.31,906.67,44678.8,49032.64,18.961499999997613,9.961499999997613,9.0,0.9034783918086791
2026-08-04 18:05:00,20179.69,906.75,44678.81,49032.82,19.141499999997905,9.951499999995576,9.190000000002328,0.9234788725324237
2026-08-04 18:06:00,20179.79,906.79,44678.78,49032.83,19.151499999999942,9.876499999998487,9.275000000001455,0.9390978585534224
2026-08-04 18:07:00,20179.92,906.81,44678.87,49032.97,19.29149999999936,9.801500000001397,9.489999999997963,0.9682191501297363
2026-08-04 18:08:00,20180.11,907.23,44678.87,49033.06,19.381499999995867,9.78150000000096,9.599999999994907,0.9814445637166043
2026-08-04 18:09:00,20180.35,907.68,44678.85,49033.15,19.47149999999965,9.761500000000524,9.709999999999127,0.9947241714898946
2026-08-04 18:10:00,20180.41,907.9,44678.66,49032.99,19.31149999999616,9.741500000000087,9.569999999996071,0.982394908381254
2026-08-04 18:11:00,20180.41,908.29,44678.51,49032.87,19.191500000000815,9.72149999999965,9.470000000001164,0.9741295067635143
2026-08-04 18:12:00,20180.41,908.71,44678.7,49033.05,19.371500000001106,9.641499999997905,9.730000000003201,1.0091790696473906
2026-08-04 18:13:00,20180.2,909.12,44678.83,49033.09,19.411499999994703,9.561499999996158,9.849999999998545,1.0301730899966013
2026-08-04 18:14:00,20180.86,908.87,44678.98,49033.51,19.831500000000233,9.556499999998778,10.275000000001455,1.0751844294462167
2026-08-04 18:15:00,20181.56,908.72,44679.18,49033.96,20.281499999997322,9.551500000001397,10.729999999995925,1.123383761712229
2026-08-04 18:16:00,20181.95,908.52,44679.33,49034.25,20.571499999998196,9.496500000001106,11.07499999999709,1.1662191333644816
2026-08-04 18:17:00,20182.06,908.6,44679.41,49034.36,20.681499999998778,9.441500000000815,11.239999999997963,1.1904887994489215
2026-08-04 18:18:00,20181.82,908.49,44679.33,49034.19,20.511500000000524,9.436499999999796,11.075000000000728,1.1736342923754535
2026-08-04 18:19:00,20181.76,908.45,44679.42,49034.24,20.56149999999616,9.431499999998778,11.12999999999738,1.18008800296865
2026-08-04 18:20:00,20181.94,908.43,44679.67,49034.55,20.871500000001106,9.42149999999674,11.450000000004366,1.2153054184586665
2026-08-04 18:21:00,20181.57,908.82,44679.53,49034.27,20.591499999994994,9.411499999994703,11.180000000000291,1.1879084099247286
2026-08-04 18:22:00,20181.34,908.6,44679.44,49034.1,20.42149999999674,9.411499999994703,11.010000000002037,1.1698454019028033
2026-08-04 18:23:00,20181.53,908.54,44679.64,49034.35,20.67149999999674,9.411499999994703,11.260000000002037,1.1964086489941428
2026-08-04 18:24:00,20181.85,908.69,44679.81,49034.64,20.961499999997613,9.411499999994703,11.55000000000291,1.2272220156201892
2026-08-04 18:25:00,20181.87,908.71,44679.87,49034.7,21.021499999995285,9.411499999994703,11.610000000000582,1.2335971949218634
2026-08-04 18:26:00,20181.83,908.6,44679.76,49034.58,20.901499999999942,9.396499999995285,11.505000000004657,1.2243920608748395
2026-08-04 18:27:00,20182.27,908.5,44679.97,49034.96,21.281499999997322,9.381499999995867,11.900000000001455,1.2684538719828062
2026-08-04 18:28:00,20182.29,908.46,44679.92,49034.91,21.231500000001688,9.346499999996013,11.885000000005675,1.2715989942770818
2026-08-04 18:29:00,20182.34,908.51,44680.03,49035.05,21.371500000001106,9.311499999996158,12.060000000004948,1.2951726359888227
2026-08-04 18:30:00,20182.23,908.73,44679.94,49034.94,21.261500000000524,9.306499999998778,11.955000000001746,1.2845860420140027
2026-08-04 18:31:00,20182.3,909.28,44679.94,49034.96,21.281499999997322,9.301500000001397,11.979999999995925,1.2879643068315998
2026-08-04 18:32:00,20182.51,909.58,44680.07,49035.16,21.481500000001688,9.296500000000378,12.18500000000131,1.3107083310924341
2026-08-04 18:33:00,20182.53,909.57,44679.94,49035.05,21.371500000001106,9.29149999999936,12.080000000001746,1.300113006511605
2026-08-04 18:34:00,20182.62,909.82,44680.05,49035.19,21.511500000000524,9.271499999998923,12.2400000000016,1.320174729008577
2026-08-04 18:35:00,20182.78,909.88,44680.08,49035.28,21.60149999999703,9.251499999998487,12.349999999998545,1.334918661838682
2026-08-04 18:36:00,20182.51,910.2,44680.11,49035.2,21.521499999995285,9.23149999999805,12.289999999997235,1.3313112711910124
2026-08-04 18:37:00,20182.41,910.27,44680.12,49035.17,21.49149999999645,9.211499999997613,12.279999999998836,1.333116213429085
2026-08-04 18:38:00,20182.51,910.05,44680.24,49035.32,21.641499999997905,9.206499999996595,12.43500000000131,1.35067615271883
2026-08-04 18:39:00,20182.5,909.9,44680.13,49035.21,21.531499999997322,9.201499999995576,12.330000000001746,1.3399989132215044
2026-08-04 18:40:00,20182.72,909.95,44680.31,49035.47,21.79149999999936,9.196499999998196,12.595000000001164,1.3695427608333208
2026-08-04 18:41:00,20183.03,909.65,44680.35,49035.62,21.941500000000815,9.191500000000815,12.75,1.3871511722786127
2026-08-04 18:42:00,20183.3,909.66,44680.4,49035.77,22.091499999994994,9.186499999999796,12.904999999995198,1.4047787514282353
2026-08-04 18:43:00,20183.28,909.81,44680.43,49035.79,22.11149999999907,9.181499999998778,12.930000000000291,1.4082666231010197
2026-08-04 18:44:00,20183.26,909.79,44680.42,49035.77,22.091499999994994,9.161499999998341,12.929999999996653,1.4113409376192756
2026-08-04 18:45:00,20183.06,909.91,44680.32,49035.61,21.931499999998778,9.141499999997905,12.790000000000873,1.3991139309745453
2026-08-04 18:46:00,20183.12,909.96,44680.21,49035.57,21.891499999997905,9.131499999999505,12.7599999999984,1.3973607840988984
2026-08-04 18:47:00,20183.58,910.24,44680.64,49036.14,22.461499999997613,9.121500000001106,13.339999999996508,1.4624787589754855
2026-08-04 18:48:00,20183.72,910.04,44680.38,49035.95,22.271499999995285,9.10649999999805,13.164999999997235,1.4456706747927364
2026-08-04 18:49:00,20183.78,910.05,44680.37,49035.96,22.281499999997322,9.091499999994994,13.190000000002328,1.450805697630709
2026-08-04 18:50:00,20184.05,909.92,44680.53,49036.23,22.551500000001397,9.086499999997613,13.465000000003783,1.481868706323372
2026-08-04 18:51:00,20184.16,909.92,44680.61,49036.34,22.661499999994703,9.081500000000233,13.57999999999447,1.4953476848531764
2026-08-04 18:52:00,20184.04,910.13,44680.61,49036.28,22.60149999999703,9.076499999999214,13.524999999997817,1.4901118272460738
2026-08-04 18:53:00,20183.88,910.21,44680.55,49036.19,22.511500000000524,9.071499999998196,13.440000000002328,1.4815631372986828
2026-08-04 18:54:00,20183.69,910.18,44680.47,49036.03,22.35149999999703,9.071499999998196,13.279999999998836,1.463925480901888
2026-08-04 18:55:00,20183.58,910.28,44680.59,49036.09,22.411499999994703,9.071499999998196,13.339999999996508,1.470539602050285
2026-08-04 18:56:00,20183.33,910.41,44680.67,49036.07,22.391499999997905,9.066499999997177,13.325000000000728,1.4696961341206505
2026-08-04 18:57:00,20182.97,910.51,44680.73,49035.97,22.29149999999936,9.061499999996158,13.230000000003201,1.4600231749720036
2026-08-04 18:58:00,20182.73,910.43,44680.59,49035.75,22.071499999998196,9.056499999998778,13.014999999999418,1.4370893833159801
2026-08-04 18:59:00,20182.36,910.4,44680.42,49035.45,21.771499999995285,9.051500000001397,12.719999999993888,1.4052919405614457
2026-08-04 19:00:00,20182.12,910.5,44680.36,49035.3,21.621500000001106,9.021499999998923,12.600000000002183,1.3966635260215803
2026-08-04 19:01:00,20182.5,910.25,44680.57,49035.65,21.97149999999965,8.99149999999645,12.980000000003201,1.4435856086312993
2026-08-04 19:02:00,20182.05,910.48,44680.35,49035.27,21.591499999994994,8.976499999997031,12.614999999997963,1.4053361555174215
2026-08-04 19:03:00,20181.8,910.18,44680.56,49035.34,21.661499999994703,8.961499999997613,12.69999999999709,1.4171734642638478
2026-08-04 19:04:00,20181.34,910.56,44680.32,49034.94,21.261500000000524,8.961499999997613,12.30000000000291,1.3725380795632636
2026-08-04 19:05:00,20181.06,910.39,44680.29,49034.8,21.121500000001106,8.961499999997613,12.160000000003492,1.3569156949178967
2026-08-04 19:06:00,20180.9,910.52,44680.24,49034.7,21.021499999995285,8.951499999999214,12.069999999996071,1.3483773669214245
2026-08-04 19:07:00,20180.86,910.61,44680.16,49034.59,20.911499999994703,8.941500000000815,11.969999999993888,1.3387015601401104
2026-08-04 19:08:00,20181.18,910.55,44680.17,49034.75,21.071499999998196,8.941500000000815,12.12999999999738,1.356595649499108
2026-08-04 19:09:00,20181.23,910.45,44680.12,49034.71,21.031499999997322,8.941500000000815,12.089999999996508,1.3521221271593586
2026-08-04 19:10:00,20181.2,910.53,44680.03,49034.62,20.941500000000815,8.926499999997759,12.015000000003056,1.3459922702073681
2026-08-04 19:11:00,20181.63,910.13,44680.08,49034.84,21.161499999994703,8.911499999994703,12.25,1.374628289289938
2026-08-04 19:12:00,20181.88,910.32,44680.22,49035.06,21.381499999995867,8.906499999997322,12.474999999998545,1.4006624375458705
2026-08-04 19:13:00,20181.9,910.86,44680.19,49035.04,21.36149999999907,8.901499999999942,12.459999999999127,1.3997640847047361
2026-08-04 19:14:00,20181.57,911.08,44679.88,49034.65,20.97149999999965,8.886500000000524,12.084999999999127,1.3599279806446198
2026-08-04 19:15:00,20181.94,911.06,44680.0,49034.91,21.231500000001688,8.871500000001106,12.360000000000582,1.39322549737914
2026-08-04 19:16:00,20182.2,910.93,44680.06,49035.07,21.391499999997905,8.871500000001106,12.519999999996799,1.411260778898184
2026-08-04 19:17:00,20182.2,911.02,44680.01,49035.01,21.331500000000233,8.871500000001106,12.459999999999127,1.404497548328645
2026-08-04 19:18:00,20182.34,910.98,44679.78,49034.86,21.181499999998778,8.85649999999805,12.325000000000728,1.3916332637050122
2026-08-04 19:19:00,20182.54,911.01,44679.71,49034.88,21.201499999995576,8.841499999994994,12.360000000000582,1.3979528360580875
2026-08-04 19:20:00,20183.09,911.04,44679.96,49035.35,21.67149999999674,8.841499999994994,12.830000000001746,1.4511112367821082
2026-08-04 19:21:00,20183.3,911.0,44679.93,49035.39,21.711499999997613,8.841499999994994,12.87000000000262,1.4556353559927508
2026-08-04 19:22:00,20183.5,910.91,44679.94,49035.49,21.81149999999616,8.831499999996595,12.979999999999563,1.4697390024349848
2026-08-04 19:23:00,20183.42,911.0,44679.85,49035.37,21.691500000000815,8.821499999998196,12.87000000000262,1.4589355551782863
2026-08-04 19:24:00,20183.68,911.02,44679.96,49035.58,21.901499999999942,8.831499999996595,13.070000000003347,1.4799297967512186
2026-08-04 19:25:00,20183.75,910.71,44679.89,49035.53,21.85149999999703,8.841499999994994,13.010000000002037,1.471469773229588
2026-08-04 19:26:00,20183.91,910.54,44679.89,49035.6,21.92149999999674,8.841499999994994,13.080000000001746,1.4793869818480068
2026-08-04 19:27:00,20183.99,910.81,44680.0,49035.74,22.06149999999616,8.841499999994994,13.220000000001164,1.4952213990848442
2026-08-04 19:28:00,20184.19,910.75,44680.07,49035.87,22.191500000000815,8.831499999996595,13.36000000000422,1.5127668006578012
2026-08-04 19:29:00,20184.59,911.0,44680.16,49036.12,22.441500000000815,8.841499999994994,13.60000000000582,1.5382005315855365
2026-08-04 19:30:00,20184.89,910.66,44680.01,49036.1,22.42149999999674,8.841499999994994,13.580000000001746,1.5359384719798037
2026-08-04 19:31:00,20185.22,910.89,44680.1,49036.32,22.641499999997905,8.841499999994994,13.80000000000291,1.560821127637926
2026-08-04 19:32:00,20185.35,910.88,44680.11,49036.38,22.701499999995576,8.841499999994994,13.860000000000582,1.5676073064534783
2026-08-04 19:33:00,20185.42,910.9,44680.22,49036.51,22.831500000000233,8.841499999994994,13.990000000005239,1.5823106938882723
2026-08-04 19:34:00,20185.38,910.95,44680.13,49036.4,22.72149999999965,8.831499999996595,13.890000000003056,1.5727792560729674
2026-08-04 19:35:00,20185.36,911.2,44680.02,49036.3,22.621500000001106,8.821499999998196,13.80000000000291,1.5643598027552834
2026-08-04 19:36:00,20185.53,911.31,44679.94,49036.29,22.61149999999907,8.79649999999674,13.815000000002328,1.5705109986935084
2026-08-04 19:37:00,20185.31,911.39,44679.61,49035.89,22.211499999997613,8.771499999995285,13.440000000002328,1.5322350795199855
2026-08-04 19:38:00,20185.57,911.96,44679.77,49036.18,22.501499999998487,8.756499999995867,13.74500000000262,1.569691086622407
2026-08-04 19:39:00,20185.67,911.34,44679.82,49036.25,22.571499999998196,8.74149999999645,13.830000000001746,1.5821083338108293
2026-08-04 19:40:00,20185.38,912.44,44680.02,49036.34,22.661499999994703,8.756499999995867,13.904999999998836,1.5879632273174669
2026-08-04 19:41:00,20185.06,912.34,44679.76,49035.97,22.29149999999936,8.771499999995285,13.520000000004075,1.5413555264220877
2026-08-04 19:42:00,20184.89,912.95,44679.64,49035.81,22.131499999995867,8.79649999999674,13.334999999999127,1.5159438413009798
2026-08-04 19:43:00,20184.86,913.14,44679.56,49035.71,22.031499999997322,8.821499999998196,13.209999999999127,1.4974777532167804
2026-08-04 19:44:00,20184.45,913.44,44679.48,49035.46,21.781499999997322,8.831499999996595,12.950000000000728,1.466342070996515
2026-08-04 19:45:00,20184.31,913.33,44679.49,49035.42,21.74149999999645,8.841499999994994,12.900000000001455,1.459028445400527
2026-08-04 19:46:00,20184.36,913.65,44679.41,49035.39,21.711499999997613,8.841499999994994,12.87000000000262,1.4556353559927508
2026-08-04 19:47:00,20184.27,913.76,44679.6,49035.51,21.831500000000233,8.841499999994994,12.990000000005239,1.4692077136246784
2026-08-04 19:48:00,20184.2,913.58,44679.39,49035.31,21.631499999995867,8.85649999999805,12.774999999997817,1.4424434031502997
2026-08-04 19:49:00,20183.95,913.76,44679.05,49034.89,21.211499999997613,8.871500000001106,12.339999999996508,1.390971087188747
2026-08-04 19:50:00,20184.07,913.95,44679.21,49035.1,21.42149999999674,8.91649999999936,12.50499999999738,1.4024561206749597
2026-08-04 19:51:00,20184.09,913.71,44679.36,49035.25,21.571499999998196,8.961499999997613,12.610000000000582,1.4071305027064598
2026-08-04 19:52:00,20184.23,914.0,44679.5,49035.43,21.751499999998487,8.976499999997031,12.775000000001455,1.4231604745731277
2026-08-04 19:53:00,20183.91,913.98,44679.34,49035.15,21.47149999999965,8.99149999999645,12.480000000003201,1.38797753433889
2026-08-04 19:54:00,20184.12,913.95,44679.35,49035.24,21.56149999999616,9.021499999998923,12.539999999997235,1.3900127473256922
2026-08-04 19:55:00,20184.14,913.69,44679.48,49035.36,21.681499999998778,9.051500000001397,12.62999999999738,1.3953488372087977
2026-08-04 19:56:00,20183.96,913.8,44679.19,49035.03,21.35149999999703,9.061499999999796,12.289999999997235,1.356287590354523
2026-08-04 19:57:00,20183.93,913.84,44679.22,49035.04,21.36149999999907,9.071499999998196,12.290000000000873,1.3547924819493267
2026-08-04 19:58:00,20183.95,913.59,44679.33,49035.14,21.461499999997613,9.071499999998196,12.389999999999418,1.3658160171969225
2026-08-04 19:59:00,20184.2,913.56,44679.55,49035.44,21.761500000000524,9.071499999998196,12.690000000002328,1.3988866229405117
2026-08-04 20:00:00,20183.92,913.58,44679.48,49035.26,21.581500000000233,9.076499999999214,12.505000000001019,1.377733707927296
2026-08-04 20:01:00,20184.02,913.17,44679.62,49035.42,21.74149999999645,9.081500000000233,12.659999999996217,1.3940428343330828
2026-08-04 20:02:00,20183.69,912.99,44679.53,49035.2,21.521499999995285,9.086499999997613,12.434999999997672,1.368513729158745
2026-08-04 20:03:00,20183.8,912.85,44679.66,49035.36,21.681499999998778,9.091499999994994,12.590000000003783,1.3848099873520008
2026-08-04 20:04:00,20183.94,912.54,44679.71,49035.47,21.79149999999936,9.11649999999645,12.67500000000291,1.3903362035877636
2026-08-04 20:05:00,20183.96,912.29,44679.79,49035.53,21.85149999999703,9.141499999997905,12.709999999999127,1.3903626319534037
2026-08-04 20:06:00,20184.02,912.06,44679.92,49035.67,21.99149999999645,9.16649999999936,12.82499999999709,1.3991163475697361
2026-08-04 20:07:00,20183.76,911.91,44679.85,49035.51,21.831500000000233,9.191500000000815,12.639999999999418,1.3751835935373222
2026-08-04 20:08:00,20183.65,911.84,44679.84,49035.45,21.771499999995285,9.196499999998196,12.57499999999709,1.3673680204425116
2026-08-04 20:09:00,20183.39,911.64,44679.79,49035.31,21.631499999995867,9.201499999995576,12.430000000000291,1.3508667065159232
2026-08-04 20:10:00,20183.12,911.44,44679.72,49035.13,21.451499999995576,9.206499999996595,12.244999999998981,1.3300385597136273
2026-08-04 20:11:00,20182.95,910.99,44679.74,49035.06,21.381499999995867,9.211499999997613,12.169999999998254,1.3211746186833204
2026-08-04 20:12:00,20183.15,911.05,44679.94,49035.32,21.641499999997905,9.23149999999805,12.409999999999854,1.3443102421061015
2026-08-04 20:13:00,20183.34,911.24,44680.0,49035.47,21.79149999999936,9.251499999998487,12.540000000000873,1.3554558720210694
2026-08-04 20:14:00,20183.27,910.75,44679.96,49035.39,21.711499999997613,9.276499999999942,12.434999999997672,1.3404840187568317
2026-08-04 20:15:00,20183.28,910.49,44679.91,49035.35,21.67149999999674,9.301500000001397,12.369999999995343,1.3298930280055352
2026-08-04 20:16:00,20183.19,910.36,44679.84,49035.25,21.571499999998196,9.306499999998778,12.264999999999418,1.3178960941278708
2026-08-04 20:17:00,20183.33,909.95,44679.86,49035.32,21.641499999997905,9.311499999996158,12.330000000001746,1.3241690382867244
2026-08-04 20:18:00,20183.29,909.65,44680.01,49035.43,21.751499999998487,9.346499999996013,12.405000000002474,1.327234793773901
2026-08-04 20:19:00,20183.27,909.59,44680.0,49035.41,21.731500000001688,9.381499999995867,12.35000000000582,1.316420615041439
2026-08-04 20:20:00,20183.28,909.47,44679.85,49035.29,21.61149999999907,9.396499999995285,12.215000000003783,1.2999521098291824
2026-08-04 20:21:00,20183.38,910.23,44679.5,49035.01,21.331500000000233,9.411499999994703,11.92000000000553,1.2665356213156498
2026-08-04 20:22:00,20182.8,910.3,44679.56,49034.83,21.151499999999942,9.411499999994703,11.740000000005239,1.2474100834098545
2026-08-04 20:23:00,20183.44,910.33,44679.22,49034.79,21.11149999999907,9.411499999994703,11.700000000004366,1.2431599638751474
2026-08-04 20:24:00,20183.21,910.93,44679.39,49034.85,21.17149999999674,9.42149999999674,11.75,1.2471474818239203
2026-08-04 20:25:00,20183.26,911.43,44678.99,49034.53,20.85149999999703,9.431499999998778,11.419999999998254,1.2108360282033328
2026-08-04 20:26:00,20183.82,912.27,44678.8,49034.59,20.911499999994703,9.436499999999796,11.474999999994907,1.2160228898421188
2026-08-04 20:27:00,20183.71,912.81,44678.3,49034.11,20.431499999998778,9.441500000000815,10.989999999997963,1.1640099560448036
2026-08-04 20:28:00,20183.12,913.56,44678.32,49033.9,20.22149999999965,9.501499999998487,10.720000000001164,1.1282429090146684
2026-08-04 20:29:00,20183.14,914.57,44678.28,49033.88,20.201499999995576,9.561499999996158,10.639999999999418,1.1127961093974474
2026-08-04 20:30:00,20183.47,914.02,44678.01,49033.76,20.081500000000233,9.756499999995867,10.325000000004366,1.0582688464109813
2026-08-04 20:31:00,20183.4,916.2,44677.76,49033.54,19.86149999999907,9.951499999995576,9.910000000003492,0.9958297744066621
2026-08-04 20:32:00,20183.67,916.05,44677.67,49033.57,19.891499999997905,9.976499999997031,9.915000000000873,0.9938355134570063
2026-08-04 20:33:00,20184.02,916.18,44677.88,49033.9,20.22149999999965,10.001499999998487,10.220000000001164,1.0218467229918222
2026-08-04 20:34:00,20184.17,915.73,44677.87,49033.95,20.271499999995285,10.051499999997759,10.219999999997526,1.0167636671143416
2026-08-04 20:35:00,20183.68,916.12,44677.8,49033.7,20.021499999995285,10.101499999997031,9.919999999998254,0.9820323714301014
2026-08-04 20:36:00,20183.51,916.15,44677.84,49033.67,19.99149999999645,10.11649999999645,9.875,0.9761281075474192
2026-08-04 20:37:00,20184.01,915.83,44678.16,49034.15,20.47149999999965,10.131499999995867,10.340000000003783,1.0205793811388246
2026-08-04 20:38:00,20184.06,915.79,44678.23,49034.23,20.551500000001397,10.161499999998341,10.390000000003056,1.0224868375736607
2026-08-04 20:39:00,20184.01,915.44,44678.16,49034.13,20.451499999995576,10.191500000000815,10.259999999994761,1.0067212873467046
2026-08-04 20:40:00,20184.36,915.25,44678.23,49034.34,20.661499999994703,10.276499999999942,10.384999999994761,1.0105580693810947
2026-08-04 20:41:00,20184.14,915.1,44678.28,49034.3,20.621500000001106,10.361499999999069,10.260000000002037,0.9902041210252337
2026-08-04 20:42:00,20184.37,914.8,44678.36,49034.45,20.771499999995285,10.461499999997613,10.309999999997672,0.9855183291115064
2026-08-04 20:43:00,20184.61,914.57,44678.5,49034.68,21.001499999998487,10.561499999996158,10.440000000002328,0.9884959522800858
2026-08-04 20:44:00,20184.9,914.32,44678.66,49034.94,21.261500000000524,10.656499999997322,10.605000000003201,0.9951672688036284
2026-08-04 20:45:00,20184.94,913.71,44678.73,49035.01,21.331500000000233,10.751499999998487,10.580000000001746,0.984048737385782
2026-08-04 20:46:00,20184.97,913.14,44678.87,49035.13,21.451499999995576,10.811499999999796,10.63999999999578,0.9841372612492235
2026-08-04 20:47:00,20184.77,912.71,44678.93,49035.1,21.42149999999674,10.871500000001106,10.549999999995634,0.9704272639465171
2026-08-04 20:48:00,20184.56,912.4,44678.94,49035.01,21.331500000000233,11.051500000001397,10.279999999998836,0.9301904718814221
2026-08-04 20:49:00,20184.32,912.27,44678.95,49034.93,21.251499999998487,11.231500000001688,10.019999999996799,0.892133731023932
2026-08-04 20:50:00,20184.46,912.06,44679.07,49035.08,21.401499999999942,11.391500000001543,10.0099999999984,0.8787253654037698
2026-08-04 20:51:00,20184.19,912.09,44678.99,49034.9,21.22149999999965,11.551500000001397,9.669999999998254,0.8371207202525286
2026-08-04 20:52:00,20184.18,912.15,44678.97,49034.89,21.211499999997613,11.60150000000067,9.609999999996944,0.8283411627803637
2026-08-04 20:53:00,20184.17,912.09,44678.96,49034.85,21.17149999999674,11.651499999999942,9.519999999996799,0.817062180834815
2026-08-04 20:54:00,20184.05,912.09,44678.81,49034.68,21.001499999998487,11.686499999999796,9.31499999999869,0.7970735463995938
2026-08-04 20:55:00,20183.93,911.94,44678.67,49034.5,20.821499999998196,11.72149999999965,9.099999999998545,0.7763511495967936
2026-08-04 20:56:00,20184.09,911.82,44678.85,49034.73,21.051500000001397,11.826499999999214,9.225000000002183,0.7800279034374326
2026-08-04 20:57:00,20183.95,911.61,44678.79,49034.61,20.931499999998778,11.931499999998778,9.0,0.7543058291079011
2026-08-04 20:58:00,20183.93,911.24,44678.84,49034.64,20.961499999997613,11.97149999999965,8.989999999997963,0.7509501733281732
2026-08-04 20:59:00,20184.07,911.05,44678.86,49034.72,21.04149999999936,12.011500000000524,9.029999999998836,0.751779544602959
2026-08-04 21:00:00,20184.18,910.79,44678.95,49034.84,21.161499999994703,12.026499999999942,9.134999999994761,0.7595726104847467
2026-08-04 21:01:00,20184.34,910.56,44679.05,49034.98,21.301500000001397,12.04149999999936,9.260000000002037,0.769007183490639
2026-08-04 21:02:00,20184.26,910.31,44678.93,49034.85,21.17149999999674,12.10649999999805,9.06499999999869,0.7487713211911081
2026-08-04 21:03:00,20184.37,910.2,44678.96,49034.91,21.231500000001688,12.17149999999674,9.060000000004948,0.7443618288631125
2026-08-04 21:04:00,20184.48,909.99,44679.11,49035.09,21.411499999994703,12.186499999996158,9.224999999998545,0.7569851885284087
2026-08-04 21:05:00,20184.31,909.67,44678.96,49034.88,21.201499999995576,12.201499999995576,9.0,0.7376142277591495
2026-08-04 21:06:00,20184.26,909.41,44678.9,49034.8,21.121500000001106,12.206499999996595,8.915000000004511,0.7303485847709825
2026-08-04 21:07:00,20184.28,909.45,44678.85,49034.78,21.10149999999703,12.211499999997613,8.889999999999418,0.7280022929207023
2026-08-04 21:08:00,20184.55,909.29,44679.05,49035.06,21.381499999995867,12.216499999998632,9.164999999997235,0.7502148733269154
2026-08-04 21:09:00,20184.66,908.93,44679.02,49035.07,21.391499999997905,12.22149999999965,9.169999999998254,0.7503170641900353
2026-08-04 21:10:00,20184.7,908.39,44678.91,49034.99,21.31149999999616,12.22650000000067,9.084999999995489,0.7430581114787544
2026-08-04 21:11:00,20184.65,908.28,44679.02,49035.07,21.391499999997905,12.231500000001688,9.159999999996217,0.7488860728442915
2026-08-04 21:12:00,20184.6,908.37,44679.15,49035.16,21.481500000001688,12.231500000001688,9.25,0.7562441237786636
2026-08-04 21:13:00,20184.52,907.94,44678.93,49034.93,21.251499999998487,12.231500000001688,9.019999999996799,0.7374402158357972
2026-08-04 21:14:00,20184.42,907.67,44678.82,49034.77,21.091499999994994,12.256499999999505,8.834999999995489,0.7208420022025738
2026-08-04 21:15:00,20184.5,907.52,44678.83,49034.81,21.131499999995867,12.281499999997322,8.849999999998545,0.7205960184016996
2026-08-04 21:16:00,20184.23,907.42,44678.73,49034.61,20.931499999998778,12.286499999998341,8.645000000000437,0.7036177918855332
2026-08-04 21:17:00,20184.31,907.75,44679.09,49034.97,21.29149999999936,12.29149999999936,9.0,0.7322133181467249
2026-08-04 21:18:00,20184.3,907.33,44679.04,49034.9,21.22149999999965,12.296500000000378,8.924999999999272,0.7258162891878989
2026-08-04 21:19:00,20184.14,907.3,44678.88,49034.7,21.021499999995285,12.301500000001397,8.719999999993888,0.708856643498183
2026-08-04 21:20:00,20184.24,907.21,44678.8,49034.68,21.001499999998487,12.311499999999796,8.68999999999869,0.7058441294723498
2026-08-04 21:21:00,20184.13,906.86,44678.63,49034.46,20.781499999997322,12.321499999998196,8.459999999999127,0.6866047153350132
2026-08-04 21:22:00,20184.15,906.75,44678.62,49034.46,20.781499999997322,12.36649999999645,8.415000000000873,0.68046739174409
2026-08-04 21:23:00,20184.41,906.51,44678.67,49034.63,20.951499999995576,12.411499999994703,8.540000000000873,0.688071546549935
2026-08-04 21:24:00,20184.73,906.64,44678.99,49035.05,21.371500000001106,12.446499999998196,8.92500000000291,0.7170690555581252
2026-08-04 21:25:00,20184.59,905.95,44678.53,49034.56,20.881499999995867,12.481500000001688,8.39999999999418,0.6729960341299558
2026-08-04 21:26:00,20184.71,905.96,44678.57,49034.64,20.961499999997613,12.571499999998196,8.389999999999418,0.667382571689983
2026-08-04 21:27:00,20184.59,905.64,44678.49,49034.51,20.831500000000233,12.661499999994703,8.17000000000553,0.6452631994636455
2026-08-04 21:28:00,20184.13,905.95,44678.57,49034.41,20.731500000001688,12.706499999996595,8.025000000005093,0.6315665210724625
2026-08-04 21:29:00,20183.83,906.24,44678.6,49034.31,20.631499999995867,12.751499999998487,7.879999999997381,0.6179665137433491
2026-08-04 21:30:00,20183.57,905.88,44678.17,49033.8,20.121500000001106,12.771499999998923,7.350000000002183,0.5755001370240616
2026-08-04 21:31:00,20183.46,906.03,44678.11,49033.71,20.031499999997322,12.79149999999936,7.239999999997963,0.566000859945927
2026-08-04 21:32:00,20183.33,905.98,44678.18,49033.73,20.051500000001397,12.911499999998341,7.140000000003056,0.5529953917053768
2026-08-04 21:33:00,20183.3,905.83,44678.06,49033.6,19.92149999999674,13.031499999997322,6.889999999999418,0.5287188734988937
2026-08-04 21:34:00,20183.21,905.72,44678.01,49033.5,19.821499999998196,13.04149999999936,6.779999999998836,0.5198788482919272
2026-08-04 21:35:00,20183.17,905.85,44678.05,49033.52,19.841499999994994,13.051500000001397,6.789999999993597,0.5202467149364342
2026-08-04 21:36:00,20182.95,905.98,44677.92,49033.33,19.651499999999942,13.056499999998778,6.595000000001164,0.5051123961246721
2026-08-04 21:37:00,20183.07,905.92,44677.89,49033.36,19.681499999998778,13.061499999996158,6.620000000002619,0.5068330589905116
2026-08-04 21:38:00,20183.14,905.67,44677.96,49033.44,19.761500000000524,13.201499999995576,6.560000000004948,0.49691322955778855
2026-08-04 21:39:00,20183.34,905.61,44677.92,49033.48,19.801500000001397,13.341499999994994,6.460000000006403,0.4842034254026029
2026-08-04 21:40:00,20183.54,905.75,44677.81,49033.47,19.79149999999936,13.441499999997177,6.350000000002183,0.4724175129266463
2026-08-04 21:41:00,20183.96,905.86,44677.74,49033.58,19.901499999999942,13.54149999999936,6.360000000000582,0.4696673189824527
2026-08-04 21:42:00,20184.0,905.97,44677.64,49033.49,19.81149999999616,13.611499999999069,6.19999999999709,0.45549718987602494
2026-08-04 21:43:00,20184.19,905.94,44677.58,49033.52,19.841499999994994,13.681499999998778,6.1599999999962165,0.4502430289074127
2026-08-04 21:44:00,20184.45,905.9,44677.47,49033.53,19.85149999999703,13.686499999999796,6.164999999997235,0.4504438680449587
2026-08-04 21:45:00,20185.09,905.89,44677.47,49033.8,20.121500000001106,13.691500000000815,6.430000000000291,0.4696344447284745
2026-08-04 21:46:00,20185.28,906.05,44677.36,49033.77,20.091499999994994,13.816500000000815,6.274999999994179,0.4541671190239069
2026-08-04 21:47:00,20185.08,906.39,44677.16,49033.51,19.831500000000233,13.941500000000815,5.889999999999418,0.42247964709673086
2026-08-04 21:48:00,20185.03,906.38,44677.08,49033.42,19.74149999999645,14.036499999998341,5.704999999998108,0.40644035193949934
2026-08-04 21:49:00,20185.4,906.41,44677.13,49033.61,19.931499999998778,14.131499999995867,5.80000000000291,0.41043059830906886
2026-08-04 21:50:00,20185.44,906.69,44676.98,49033.5,19.821499999998196,14.151499999996304,5.670000000001892,0.4006642405401104
2026-08-04 21:51:00,20185.5,906.71,44676.89,49033.44,19.761500000000524,14.17149999999674,5.5900000000037835,0.3944536569879737
2026-08-04 21:52:00,20185.19,906.58,44676.89,49033.31,19.631499999995867,14.17149999999674,5.459999999999127,0.3852803161274659
2026-08-04 21:53:00,20185.36,906.19,44677.12,49033.59,19.911499999994703,14.17149999999674,5.739999999997963,0.4050382810570005
2026-08-04 21:54:00,20185.45,905.73,44677.26,49033.78,20.10149999999703,14.181499999998778,5.919999999998254,0.4174452631949204
2026-08-04 21:55:00,20185.43,905.32,44677.35,49033.83,20.151499999999942,14.191500000000815,5.959999999999127,0.4199697001725529
2026-08-04 21:56:00,20185.36,905.28,44677.36,49033.82,20.141499999997905,14.211500000001251,5.929999999996653,0.4172677057310017
2026-08-04 21:57:00,20185.45,905.42,44677.3,49033.79,20.11149999999907,14.231500000001688,5.879999999997381,0.41316797245523545
2026-08-04 21:58:00,20185.57,905.41,44677.36,49033.89,20.211499999997613,14.246500000001106,5.9649999999965075,0.4186993296596388
2026-08-04 21:59:00,20185.35,905.63,44677.2,49033.66,19.981500000001688,14.261500000000524,5.720000000001164,0.4010798303124464
2026-08-04 22:00:00,20185.21,905.83,44677.05,49033.47,19.79149999999936,14.266499999997905,5.525000000001455,0.38727087933286136
2026-08-04 22:01:00,20185.09,905.93,44676.97,49033.36,19.681499999998778,14.271499999995285,5.4100000000034925,0.3790771817962569
2026-08-04 22:02:00,20184.9,905.83,44677.02,49033.32,19.641499999997905,14.271499999995285,5.370000000002619,0.3762743930213638
2026-08-04 22:03:00,20184.97,905.95,44677.02,49033.33,19.651499999999942,14.271499999995285,5.380000000004657,0.3769750902152145
2026-08-04 22:04:00,20185.01,905.64,44677.01,49033.34,19.661499999994703,14.276499999996304,5.384999999998399,0.37719328967182386
2026-08-04 22:05:00,20184.67,905.49,44677.01,49033.2,19.521499999995285,14.281499999997322,5.239999999997963,0.36690823793011557
2026-08-04 22:06:00,20184.82,905.53,44677.0,49033.25,19.571499999998196,14.281499999997322,5.290000000000873,0.37040927073499735
2026-08-04 22:07:00,20184.87,905.66,44676.89,49033.18,19.501499999998487,14.281499999997322,5.220000000001164,0.3655078248084685
2026-08-04 22:08:00,20184.62,905.41,44676.86,49033.04,19.36149999999907,14.29149999999936,5.069999999999709,0.35475632368890153
2026-08-04 22:09:00,20184.63,905.34,44676.97,49033.15,19.47149999999965,14.301500000001397,5.169999999998254,0.36150054190104175
2026-08-04 22:10:00,20184.56,905.32,44676.91,49033.08,19.401499999999942,14.316500000000815,5.084999999999127,0.3551845772359751
2026-08-04 22:11:00,20184.64,905.27,44676.93,49033.12,19.441500000000815,14.331500000000233,5.110000000000582,0.35655723406485706
2026-08-04 22:12:00,20184.68,905.21,44676.91,49033.12,19.441500000000815,14.331500000000233,5.110000000000582,0.35655723406485706
2026-08-04 22:13:00,20184.81,905.13,44676.94,49033.2,19.521499999995285,14.331500000000233,5.189999999995052,0.3621393434040378
2026-08-04 22:14:00,20184.89,905.1,44677.05,49033.33,19.651499999999942,14.331500000000233,5.319999999999709,0.37121027108115845
2026-08-04 22:15:00,20184.78,905.0,44676.84,49033.1,19.42149999999674,14.331500000000233,5.0899999999965075,0.3551617067296811
2026-08-04 22:16:00,20184.71,905.0,44676.9,49033.12,19.441500000000815,14.331500000000233,5.110000000000582,0.35655723406485706
2026-08-04 22:17:00,20184.63,904.95,44676.85,49033.04,19.36149999999907,14.331500000000233,5.029999999998836,0.3509751247251686
2026-08-04 22:18:00,20184.59,904.9,44676.73,49032.92,19.24149999999645,14.376499999998487,4.864999999997963,0.33839947135940424
2026-08-04 22:19:00,20184.52,904.96,44676.67,49032.84,19.161499999994703,14.42149999999674,4.739999999997963,0.3286759352355188
2026-08-04 22:20:00,20184.53,905.16,44676.63,49032.8,19.121500000001106,14.426499999997759,4.695000000003347,0.32544276158486646
2026-08-04 22:21:00,20184.62,905.27,44676.62,49032.84,19.161499999994703,14.431499999998778,4.7299999999959255,0.3277552575959759
2026-08-04 22:22:00,20184.75,905.39,44676.56,49032.81,19.131499999995867,14.431499999998778,4.69999999999709,0.32567647160707397
2026-08-04 22:23:00,20184.88,905.48,44676.58,49032.9,19.22149999999965,14.431499999998778,4.790000000000873,0.331912829574284
2026-08-04 22:24:00,20184.89,905.49,44676.45,49032.76,19.081500000000233,14.456500000000233,4.625,0.31992529312073636
2026-08-04 22:25:00,20184.94,905.54,44676.46,49032.79,19.11149999999907,14.481500000001688,4.629999999997381,0.3197182612296268
2026-08-04 22:26:00,20184.64,905.6,44676.32,49032.54,18.86149999999907,14.486499999999069,4.375,0.30200531529356855
2026-08-04 22:27:00,20184.41,905.7,44676.39,49032.51,18.831500000000233,14.49149999999645,4.3400000000037835,0.2994859055311629
2026-08-04 22:28:00,20184.14,905.96,44676.34,49032.37,18.691500000000815,14.496499999997468,4.195000000003347,0.28938019521981717
2026-08-04 22:29:00,20184.0,906.21,44676.26,49032.26,18.581500000000233,14.501499999998487,4.080000000001746,0.281350205151341
2026-08-04 22:30:00,20183.88,906.43,44676.17,49032.13,18.451499999995576,14.516499999997905,3.9349999999976717,0.2710708504114793
2026-08-04 22:31:00,20183.76,906.77,44676.1,49032.02,18.341499999994994,14.531499999997322,3.8099999999976717,0.26218903760784323
2026-08-04 22:32:00,20183.64,906.88,44676.04,49031.92,18.24149999999645,14.536499999998341,3.7049999999981083,0.2548756578267486
2026-08-04 22:33:00,20183.57,906.82,44676.08,49031.93,18.251499999998487,14.54149999999936,3.709999999999127,0.25513186397546955
2026-08-04 22:34:00,20183.35,906.84,44676.12,49031.87,18.191500000000815,14.54149999999936,3.650000000001455,0.251005742186268
2026-08-04 22:35:00,20183.05,906.77,44676.12,49031.75,18.071499999998196,14.54149999999936,3.529999999998836,0.24275349860736453
2026-08-04 22:36:00,20182.68,906.77,44676.12,49031.6,17.92149999999674,14.556499999998778,3.3649999999979627,0.23116820664295987
2026-08-04 22:37:00,20182.52,906.54,44676.16,49031.58,17.901499999999942,14.571499999998196,3.3300000000017462,0.22852829152813084
2026-08-04 22:38:00,20182.61,906.42,44676.37,49031.81,18.131499999995867,14.571499999998196,3.5599999999976717,0.24431252787963575
2026-08-04 22:39:00,20182.38,906.74,44676.3,49031.65,17.97149999999965,14.571499999998196,3.400000000001455,0.23333218954821922
2026-08-04 22:40:00,20182.36,906.78,44676.28,49031.62,17.941500000000815,14.571499999998196,3.3700000000026193,0.23127337611110982
2026-08-04 22:41:00,20182.65,906.66,44676.29,49031.74,18.06149999999616,14.571499999998196,3.4899999999979627,0.2395086298595474
2026-08-04 22:42:00,20182.81,906.55,44676.38,49031.88,18.201499999995576,14.59649999999965,3.6049999999959255,0.2469770150375783
2026-08-04 22:43:00,20183.26,906.38,44676.33,49032.02,18.341499999994994,14.621500000001106,3.719999999993888,0.2544198611629181
2026-08-04 22:44:00,20183.68,905.57,44676.55,49032.38,18.701499999995576,14.641499999997905,4.059999999997672,0.27729399310168035
2026-08-04 22:45:00,20183.68,905.78,44676.45,49032.3,18.621500000001106,14.661499999994703,3.960000000006403,0.2700951471546454
2026-08-04 22:46:00,20184.29,905.12,44676.63,49032.69,19.011500000000524,14.701499999995576,4.310000000004948,0.29316736387485937
2026-08-04 22:47:00,20184.48,905.21,44676.55,49032.7,19.021499999995285,14.74149999999645,4.279999999998836,0.290336804260073
2026-08-04 22:48:00,20184.93,904.68,44676.67,49032.98,19.301500000001397,14.74149999999645,4.560000000004948,0.30933080080087144
2026-08-04 22:49:00,20185.27,904.41,44676.68,49033.13,19.451499999995576,14.74149999999645,4.709999999999127,0.31950615608996785
2026-08-04 22:50:00,20185.09,904.56,44676.59,49032.97,19.29149999999936,14.751499999998487,4.540000000000873,0.30776531200226004
2026-08-04 22:51:00,20185.38,904.35,44676.6,49033.09,19.411499999994703,14.761500000000524,4.649999999994179,0.3150086373331988
2026-08-04 22:52:00,20185.33,904.43,44676.44,49032.93,19.251499999998487,14.78150000000096,4.469999999997526,0.30240503331848834
2026-08-04 22:53:00,20185.64,904.03,44676.44,49033.05,19.371500000001106,14.801500000001397,4.569999999999709,0.30875249130150845
2026-08-04 22:54:00,20186.03,903.46,44676.63,49033.38,19.701499999995576,14.806499999998778,4.894999999996799,0.3305980481543378
2026-08-04 22:55:00,20185.58,903.88,44676.3,49032.9,19.22149999999965,14.811499999996158,4.4100000000034925,0.29774161968771806
2026-08-04 22:56:00,20185.51,903.72,44676.16,49032.74,19.06149999999616,14.816499999997177,4.244999999998981,0.2865049100664658
2026-08-04 22:57:00,20184.94,904.22,44675.94,49032.31,18.631499999995867,14.821499999998196,3.8099999999976717,0.2570590021251652
2026-08-04 22:58:00,20185.43,903.79,44676.07,49032.64,18.961499999997613,14.886499999996886,4.075000000000728,0.2737379504921627
2026-08-04 22:59:00,20185.24,904.5,44676.03,49032.54,18.86149999999907,14.951499999995576,3.9100000000034925,0.2615122228542052
2026-08-04 23:00:00,20185.42,904.55,44675.86,49032.46,18.781499999997322,14.961499999997613,3.819999999999709,0.2553219931156848
2026-08-04 23:01:00,20185.33,904.9,44675.8,49032.36,18.681499999998778,14.97149999999965,3.709999999999127,0.2478041612396362
2026-08-04 23:02:00,20185.25,905.15,44675.71,49032.24,18.56149999999616,14.97650000000067,3.584999999995489,0.23937502086571152
2026-08-04 23:03:00,20185.32,905.26,44675.66,49032.22,18.54149999999936,14.981500000001688,3.5599999999976717,0.23762640590042858
2026-08-04 23:04:00,20185.28,905.22,44675.62,49032.17,18.49149999999645,14.991500000000087,3.499999999996362,0.23346563052371955
2026-08-04 23:05:00,20185.31,905.19,44675.56,49032.11,18.431499999998778,15.001499999998487,3.430000000000291,0.22864380228648049
2026-08-04 23:06:00,20185.42,905.11,44675.64,49032.24,18.56149999999616,15.021499999998923,3.539999999997235,0.23566221748809965
2026-08-04 23:07:00,20185.19,905.14,44675.61,49032.13,18.451499999995576,15.04149999999936,3.4099999999962165,0.22670611308688374
2026-08-04 23:08:00,20185.04,905.25,44675.59,49032.05,18.371500000001106,15.051499999997759,3.320000000003347,0.22057602232361168
2026-08-04 23:09:00,20184.96,905.44,44675.56,49031.99,18.31149999999616,15.061499999996158,3.25,0.21578196062814653
2026-08-04 23:10:00,20185.03,905.66,44675.5,49031.96,18.281499999997322,15.081499999996595,3.2000000000007276,0.21218048602602196
2026-08-04 23:11:00,20185.01,905.93,44675.4,49031.87,18.191500000000815,15.101499999997031,3.0900000000037835,0.20461543555305042
2026-08-04 23:12:00,20185.09,906.05,44675.36,49031.87,18.191500000000815,15.11649999999645,3.0750000000043656,0.20342010386035708
2026-08-04 23:13:00,20185.14,906.04,44675.3,49031.83,18.151499999999942,15.131499999995867,3.0200000000040745,0.19958365000197598
2026-08-04 23:14:00,20185.06,906.04,44675.28,49031.78,18.10149999999703,15.136499999996886,2.9650000000001455,0.19588412116412351
2026-08-04 23:15:00,20185.03,905.93,44675.35,49031.82,18.141499999997905,15.141499999997905,3.0,0.1981309645676066
2026-08-04 23:16:00,20184.96,906.44,44675.28,49031.74,18.06149999999616,15.151499999996304,2.9099999999998545,0.1920601920602293
2026-08-04 23:17:00,20185.35,906.94,44675.13,49031.76,18.081500000000233,15.161499999994703,2.9200000000055297,0.1925930811599479
2026-08-04 23:18:00,20185.5,908.06,44674.78,49031.54,17.86149999999907,15.30649999999514,2.555000000003929,0.16692254924409503
2026-08-04 23:19:00,20185.73,908.91,44674.41,49031.31,17.631499999995867,15.451499999995576,2.180000000000291,0.14108662589398538
2026-08-04 23:20:00,20186.19,909.17,44674.25,49031.36,17.681499999998778,15.476499999997031,2.2050000000017462,0.14247407359559133
2026-08-04 23:21:00,20186.45,908.68,44674.34,49031.55,17.871500000001106,15.501499999998487,2.3700000000026193,0.15288843015210468
2026-08-04 23:22:00,20186.38,908.25,44674.51,49031.67,17.99149999999645,15.54149999999936,2.4499999999970896,0.15764244120562304
2026-08-04 23:23:00,20185.72,908.34,44674.58,49031.46,17.781499999997322,15.581500000000233,2.1999999999970896,0.14119308153881568
2026-08-04 23:24:00,20185.46,908.36,44674.64,49031.43,17.751499999998487,15.611499999999069,2.139999999999418,0.1370784357684749
2026-08-04 23:25:00,20185.31,908.29,44674.74,49031.44,17.761500000000524,15.641499999997905,2.1200000000026193,0.1355368730622321
2026-08-04 23:26:00,20185.04,908.37,44674.76,49031.36,17.681499999998778,15.74149999999645,1.9400000000023283,0.12324111425231178
2026-08-04 23:27:00,20184.95,908.61,44674.76,49031.32,17.641499999997905,15.841499999994994,1.8000000000029104,0.11362560363623894
2026-08-04 23:28:00,20185.09,908.56,44674.76,49031.39,17.711499999997613,15.841499999994994,1.8700000000026193,0.11804437711095606
2026-08-04 23:29:00,20185.37,908.26,44674.89,49031.61,17.931499999998778,15.841499999994994,2.0900000000037835,0.13193195088876963
2026-08-04 23:30:00,20185.54,907.84,44675.06,49031.83,18.151499999999942,15.851499999997031,2.3000000000029104,0.14509667854798228
2026-08-04 23:31:00,20185.61,907.64,44675.16,49031.93,18.251499999998487,15.861499999999069,2.389999999999418,0.15067931784506877
2026-08-04 23:32:00,20185.7,907.39,44675.22,49032.02,18.341499999994994,15.901499999999942,2.4399999999950523,0.1534446435867724
2026-08-04 23:33:00,20185.56,907.22,44675.23,49031.98,18.301500000001397,15.941500000000815,2.360000000000582,0.1480412759150934
2026-08-04 23:34:00,20185.27,907.3,44675.26,49031.89,18.211499999997613,15.98149999999805,2.2299999999995634,0.1395363388918334
2026-08-04 23:35:00,20185.16,907.11,44675.33,49031.89,18.211499999997613,16.021499999995285,2.1900000000023283,0.1366913210375416
2026-08-04 23:36:00,20184.99,906.9,44675.38,49031.87,18.191500000000815,16.03649999999834,2.155000000002474,0.13438094347287105
2026-08-04 23:37:00,20184.68,906.75,44675.45,49031.81,18.131499999995867,16.051500000001397,2.0799999999944703,0.12958290502409678
2026-08-04 23:38:00,20184.47,906.77,44675.5,49031.77,18.091499999994994,16.17150000000038,1.9199999999946158,0.11872739077974034
2026-08-04 23:39:00,20184.28,906.73,44675.53,49031.72,18.04149999999936,16.29149999999936,1.75,0.10741797870055358
2026-08-04 23:40:00,20183.92,906.75,44675.5,49031.54,17.86149999999907,16.446499999998196,1.4150000000008731,0.08603654272951865
2026-08-04 23:41:00,20183.71,906.79,44675.48,49031.43,17.751499999998487,16.60149999999703,1.1500000000014552,0.06927084901976693
2026-08-04 23:42:00,20183.44,906.96,44675.42,49031.27,17.591499999994994,16.651499999996304,0.9399999999986903,0.056451370747313996
2026-08-04 23:43:00,20183.22,907.2,44675.29,49031.07,17.391499999997905,16.701499999995576,0.6900000000023283,0.041313654462324406
2026-08-04 23:44:00,20183.4,907.08,44675.34,49031.19,17.511500000000524,16.706499999996595,0.805000000003929,0.04818483823685949
2026-08-04 23:45:00,20183.52,906.76,44675.42,49031.32,17.641499999997905,16.711499999997613,0.930000000000291,0.055650300691166193
2026-08-04 23:46:00,20183.73,906.75,44675.49,49031.47,17.79149999999936,16.72149999999965,1.069999999999709,0.06398947462845626
2026-08-04 23:47:00,20184.07,906.71,44675.46,49031.58,17.901499999999942,16.731500000001688,1.1699999999982538,0.06992798015707712
2026-08-04 23:48:00,20184.36,906.61,44675.45,49031.68,18.001499999998487,16.761500000000524,1.2399999999979627,0.0739790591532932
2026-08-04 23:49:00,20184.7,906.57,44675.43,49031.78,18.10149999999703,16.79149999999936,1.3099999999976717,0.0780156626863426
2026-08-04 23:50:00,20184.81,906.19,44675.34,49031.73,18.051500000001397,16.826499999999214,1.2250000000021828,0.07280183044615576
2026-08-04 23:51:00,20184.9,905.9,44675.43,49031.86,18.181499999998778,16.86149999999907,1.319999999999709,0.07828485010229112
2026-08-04 23:52:00,20184.89,905.68,44675.59,49031.99,18.31149999999616,16.86149999999907,1.4499999999970896,0.0859947217031207
2026-08-04 23:53:00,20184.65,905.62,44675.6,49031.9,18.22149999999965,16.86149999999907,1.360000000000582,0.08065711828726135
2026-08-04 23:54:00,20184.68,905.45,44675.62,49031.93,18.251499999998487,16.86149999999907,1.389999999999418,0.08243631942588113
2026-08-04 23:55:00,20184.64,905.23,44675.57,49031.87,18.191500000000815,16.86149999999907,1.3300000000017462,0.07887791714864156
2026-08-04 23:56:00,20184.8,905.17,44675.65,49032.01,18.331500000000233,17.021499999998923,1.3100000000013097,0.07696148988052713
2026-08-04 23:57:00,20184.77,905.02,44675.61,49031.95,18.271499999995285,17.181499999998778,1.0899999999965075,0.06344032825984838
2026-08-04 23:58:00,20184.65,904.98,44675.44,49031.75,18.071499999998196,17.28649999999834,0.7849999999998545,0.04541115899690104
2026-08-04 23:59:00,20184.94,905.15,44675.56,49031.98,18.301500000001397,17.391499999997905,0.9100000000034925,0.05232441135057943
