timestamp,Bx,By,Bz,B_total,B_plasma_raw,B_plasma_baseline,delta_B,chi
2026-08-17 00:00:00,20192.68,909.59,44672.33,49032.29,10.040500000002794,9.830500000003667,0.20999999999912689,0.021362087381013025
2026-08-17 00:01:00,20192.74,909.46,44672.5,49032.46,10.210500000001048,9.830500000003667,0.37999999999738066,0.03865520573696545
2026-08-17 00:02:00,20192.86,909.34,44672.68,49032.66,10.410500000005413,9.825500000002648,0.5850000000027649,0.05953895476083733
2026-08-17 00:03:00,20192.61,909.43,44672.6,49032.49,10.240499999999884,9.82050000000163,0.41999999999825377,0.04276767985318304
2026-08-17 00:04:00,20192.5,909.52,44672.5,49032.36,10.110500000002503,9.82050000000163,0.2900000000008731,0.029530064660742834
2026-08-17 00:05:00,20192.58,909.65,44672.48,49032.37,10.12050000000454,9.82050000000163,0.3000000000029104,0.03054834275269697
2026-08-17 00:06:00,20192.66,909.6,44672.49,49032.41,10.160500000005413,9.815500000000611,0.34500000000480213,0.035148489634229604
2026-08-17 00:07:00,20192.86,909.47,44672.52,49032.51,10.260500000003958,9.810499999999593,0.4500000000043656,0.045869221752651165
2026-08-17 00:08:00,20192.62,909.59,44672.44,49032.35,10.100500000000466,9.800500000001193,0.2999999999992724,0.030610683128333847
2026-08-17 00:09:00,20192.78,909.57,44672.44,49032.42,10.170500000000175,9.790500000002794,0.37999999999738066,0.03881313518178563
2026-08-17 00:10:00,20192.77,909.5,44672.48,49032.45,10.20049999999901,9.785500000001775,0.41499999999723514,0.042409687803092316
2026-08-17 00:11:00,20192.54,909.6,44672.42,49032.3,10.050500000004831,9.780500000000757,0.27000000000407454,0.02760595061643614
2026-08-17 00:12:00,20192.42,909.67,44672.41,49032.23,9.980500000005122,9.775499999999738,0.2050000000053842,0.02097079433332205
2026-08-17 00:13:00,20192.13,909.66,44672.41,49032.12,9.87050000000454,9.77049999999872,0.10000000000582077,0.010234890743138414
2026-08-17 00:14:00,20192.02,909.58,44672.45,49032.11,9.860500000002503,9.77049999999872,0.0900000000037835,0.009211401668675635
2026-08-17 00:15:00,20191.96,909.37,44672.44,49032.09,9.840499999998428,9.77049999999872,0.06999999999970896,0.007164423519750078
2026-08-17 00:16:00,20191.95,909.37,44672.43,49032.08,9.830500000003667,9.765500000001339,0.0650000000023283,0.006656085198128042
2026-08-17 00:17:00,20192.3,908.99,44672.45,49032.24,9.990499999999884,9.760500000003958,0.22999999999592546,0.023564366579153957
2026-08-17 00:18:00,20192.6,908.75,44672.45,49032.36,10.110500000002503,9.75550000000294,0.35499999999956344,0.03638972887083763
2026-08-17 00:19:00,20193.05,908.66,44672.41,49032.48,10.230500000005122,9.75050000000192,0.4800000000032014,0.049228244705718356
2026-08-17 00:20:00,20193.3,908.67,44672.25,49032.44,10.19050000000425,9.740500000003522,0.4500000000007276,0.04619886042816743
2026-08-17 00:21:00,20193.61,908.56,44672.14,49032.46,10.210500000001048,9.730500000005122,0.47999999999592546,0.04932942808649841
2026-08-17 00:22:00,20193.88,908.43,44672.0,49032.44,10.19050000000425,9.730500000005122,0.4599999999991269,0.04727403524987254
2026-08-17 00:23:00,20193.73,908.67,44671.79,49032.21,9.960500000001048,9.730500000005122,0.22999999999592546,0.023637017624562395
2026-08-17 00:24:00,20193.86,908.81,44671.65,49032.13,9.880499999999302,9.725500000004104,0.15499999999519787,0.015937483933487477
2026-08-17 00:25:00,20193.82,908.87,44671.55,49032.03,9.780500000000757,9.720500000003085,0.059999999997671694,0.006172521989368103
2026-08-17 00:26:00,20193.74,908.87,44671.51,49031.96,9.710500000001048,9.720500000003085,-0.010000000002037268,0.0010287536651441896
2026-08-17 00:27:00,20193.72,908.8,44671.47,49031.92,9.670500000000175,9.720500000003085,-0.05000000000291038,0.005143768324972431
2026-08-17 00:28:00,20193.61,908.56,44671.49,49031.89,9.640500000001339,9.715500000002066,-0.0750000000007276,0.007719623282457068
2026-08-17 00:29:00,20193.83,908.12,44671.61,49032.07,9.82050000000163,9.710500000001048,0.11000000000058208,0.011327943978226684
2026-08-17 00:30:00,20194.0,907.45,44671.7,49032.2,9.95049999999901,9.700500000002648,0.24999999999636202,0.025771867429131876
2026-08-17 00:31:00,20194.17,907.14,44671.77,49032.32,10.07050000000163,9.69050000000425,0.37999999999738066,0.03921366286540571
2026-08-17 00:32:00,20194.48,907.0,44671.72,49032.41,10.160500000005413,9.68550000000323,0.4750000000021828,0.049042382943784456
2026-08-17 00:33:00,20194.52,907.02,44671.6,49032.32,10.07050000000163,9.680500000002212,0.3899999999994179,0.040287175249143
2026-08-17 00:34:00,20194.5,906.78,44671.54,49032.25,10.00050000000192,9.675500000001193,0.3250000000007276,0.033589995349148624
2026-08-17 00:35:00,20194.68,906.22,44671.67,49032.42,10.170500000000175,9.670500000000175,0.5,0.05170363476552308
2026-08-17 00:36:00,20194.52,906.25,44671.63,49032.32,10.07050000000163,9.670500000000175,0.4000000000014552,0.04136290781256895
2026-08-17 00:37:00,20194.53,906.27,44671.52,49032.23,9.980500000005122,9.670500000000175,0.31000000000494765,0.03205625355513594
2026-08-17 00:38:00,20194.16,906.57,44671.34,49031.92,9.670500000000175,9.660500000001775,0.00999999999839929,0.0010351431083688682
2026-08-17 00:39:00,20193.98,906.67,44671.21,49031.73,9.480500000005122,9.650500000003376,-0.16999999999825377,0.01761566758180346
2026-08-17 00:40:00,20193.8,907.03,44671.1,49031.56,9.310499999999593,9.650500000003376,-0.3400000000037835,0.03523133516436087
2026-08-17 00:41:00,20193.66,907.27,44670.98,49031.4,9.150500000003376,9.650500000003376,-0.5,0.051810787005836495
2026-08-17 00:42:00,20193.25,907.75,44670.77,49031.05,8.800500000004831,9.645500000002357,-0.8449999999975262,0.08760561920038563
2026-08-17 00:43:00,20193.05,907.93,44670.65,49030.87,8.62050000000454,9.640500000001339,-1.0199999999967986,0.10580364088964855
2026-08-17 00:44:00,20193.1,908.18,44670.59,49030.83,8.580500000003667,9.63550000000032,-1.054999999996653,0.10949094494282788
2026-08-17 00:45:00,20192.96,908.38,44670.52,49030.71,8.460500000001048,9.630499999999302,-1.1699999999982538,0.12148901926154806
2026-08-17 00:46:00,20192.75,908.23,44670.49,49030.59,8.340499999998428,9.630499999999302,-1.2900000000008731,0.1339494314937923
2026-08-17 00:47:00,20192.74,908.25,44670.49,49030.6,8.350500000000466,9.630499999999302,-1.2799999999988358,0.13291106380758305
2026-08-17 00:48:00,20192.81,908.21,44670.52,49030.65,8.400500000003376,9.630499999999302,-1.2299999999959255,0.1277192253772924
2026-08-17 00:49:00,20192.76,908.11,44670.54,49030.66,8.410500000005413,9.630499999999302,-1.2199999999938882,0.1266808576910832
2026-08-17 00:50:00,20192.88,907.77,44670.63,49030.77,8.52049999999872,9.62550000000192,-1.1050000000032014,0.11479923120907806
2026-08-17 00:51:00,20192.91,907.68,44670.65,49030.81,8.560499999999593,9.62050000000454,-1.0600000000049477,0.11018138350443817
2026-08-17 00:52:00,20192.86,907.71,44670.6,49030.74,8.490499999999884,9.610500000002503,-1.1200000000026193,0.1165392019148148
2026-08-17 00:53:00,20192.86,908.06,44670.49,49030.65,8.400500000003376,9.600500000000466,-1.1999999999970896,0.12499348992209067
2026-08-17 00:54:00,20193.03,908.07,44670.45,49030.69,8.44050000000425,9.585500000001048,-1.1449999999967986,0.11945125449863579
2026-08-17 00:55:00,20192.96,908.04,44670.44,49030.64,8.390500000001339,9.57050000000163,-1.180000000000291,0.12329554359752261
2026-08-17 00:56:00,20192.94,908.26,44670.36,49030.57,8.32050000000163,9.565500000000611,-1.2449999999989814,0.1301552454130889
2026-08-17 00:57:00,20193.07,908.1,44670.34,49030.61,8.360500000002503,9.560499999999593,-1.1999999999970896,0.1255164478842258
2026-08-17 00:58:00,20193.26,907.96,44670.38,49030.73,8.480500000005122,9.560499999999593,-1.0799999999944703,0.1129648030954988
2026-08-17 00:59:00,20193.37,907.75,44670.43,49030.83,8.580500000003667,9.560499999999593,-0.9799999999959255,0.10250509910527349
2026-08-17 01:00:00,20193.94,907.29,44670.52,49031.13,8.880499999999302,9.540499999999156,-0.6599999999998545,0.06917876421570283
2026-08-17 01:01:00,20194.01,907.06,44670.56,49031.19,8.94050000000425,9.52049999999872,-0.5799999999944703,0.06092117010603942
2026-08-17 01:02:00,20194.31,907.05,44670.52,49031.27,9.02049999999872,9.505499999999302,-0.4850000000005821,0.05102309189423152
2026-08-17 01:03:00,20194.26,906.93,44670.37,49031.12,8.87050000000454,9.490499999999884,-0.6199999999953434,0.0653284863806281
2026-08-17 01:04:00,20194.57,906.9,44670.29,49031.16,8.910500000005413,9.485500000002503,-0.5749999999970896,0.06061883928068503
2026-08-17 01:05:00,20194.37,907.12,44670.13,49030.92,8.670500000000175,9.480500000005122,-0.8100000000049477,0.0854385317234861
2026-08-17 01:06:00,20194.26,906.97,44670.11,49030.85,8.600500000000466,9.470500000003085,-0.8700000000026193,0.09186420991524587
2026-08-17 01:07:00,20194.06,907.06,44670.03,49030.7,8.45049999999901,9.460500000001048,-1.0100000000020373,0.10675968500628143
2026-08-17 01:08:00,20193.68,907.3,44669.98,49030.5,8.25050000000192,9.460500000001048,-1.2099999999991269,0.12790021669034332
2026-08-17 01:09:00,20193.72,907.44,44669.99,49030.54,8.290500000002794,9.460500000001048,-1.1699999999982538,0.12367211035337712
2026-08-17 01:10:00,20193.57,907.62,44669.92,49030.41,8.160500000005413,9.455500000000029,-1.2949999999946158,0.13695732642320468
2026-08-17 01:11:00,20193.61,907.75,44669.9,49030.42,8.170500000000175,9.45049999999901,-1.2799999999988358,0.13544256917612507
2026-08-17 01:12:00,20193.83,907.76,44669.91,49030.51,8.260500000003958,9.44550000000163,-1.1849999999976717,0.1254565666187568
2026-08-17 01:13:00,20194.08,907.67,44669.94,49030.64,8.390500000001339,9.44050000000425,-1.0500000000029104,0.11122292251495554
2026-08-17 01:14:00,20194.38,907.57,44669.93,49030.76,8.510500000003958,9.425500000004831,-0.9150000000008731,0.09707707813913363
2026-08-17 01:15:00,20194.57,907.63,44669.9,49030.81,8.560499999999593,9.410500000005413,-0.8500000000058208,0.0903246373737136
2026-08-17 01:16:00,20194.78,907.57,44669.94,49030.93,8.680500000002212,9.410500000005413,-0.7300000000032014,0.07757292386193948
2026-08-17 01:17:00,20195.03,907.61,44669.88,49030.98,8.730500000005122,9.410500000005413,-0.680000000000291,0.07225970989850697
2026-08-17 01:18:00,20195.2,907.94,44669.79,49030.97,8.720500000003085,9.405500000004395,-0.6850000000013097,0.07282972728733078
2026-08-17 01:19:00,20195.26,908.02,44669.7,49030.91,8.660500000005413,9.400500000003376,-0.7399999999979627,0.07871921706267719
2026-08-17 01:20:00,20195.45,907.97,44669.66,49030.95,8.70049999999901,9.395500000002357,-0.6950000000033469,0.07397158214072402
2026-08-17 01:21:00,20195.68,907.95,44669.7,49031.08,8.830500000003667,9.390500000001339,-0.5599999999976717,0.05963473723418262
2026-08-17 01:22:00,20195.69,907.8,44669.74,49031.11,8.860500000002503,9.37550000000192,-0.5149999999994179,0.0549304037117287
2026-08-17 01:23:00,20195.64,907.7,44669.8,49031.15,8.900500000003376,9.360500000002503,-0.4599999999991269,0.049142674002350714
2026-08-17 01:24:00,20195.55,907.61,44669.83,49031.14,8.890500000001339,9.360500000002503,-0.47000000000116415,0.050210993002621496
2026-08-17 01:25:00,20195.47,907.63,44669.85,49031.12,8.87050000000454,9.360500000002503,-0.48999999999796273,0.052347631002385736
2026-08-17 01:26:00,20195.56,907.42,44669.93,49031.23,8.980500000005122,9.355500000001484,-0.374999999996362,0.04008337341631153
2026-08-17 01:27:00,20195.65,907.33,44669.99,49031.32,9.07050000000163,9.350500000000466,-0.27999999999883585,0.029944922731278745
2026-08-17 01:28:00,20195.72,907.44,44669.96,49031.33,9.080500000003667,9.340500000002066,-0.2599999999983993,0.027835768962940075
2026-08-17 01:29:00,20195.46,907.54,44669.96,49031.22,8.970500000003085,9.330500000003667,-0.3600000000005821,0.038583141310802274
2026-08-17 01:30:00,20195.1,907.79,44669.91,49031.03,8.780500000000757,9.32050000000163,-0.5400000000008731,0.05793680596542875
2026-08-17 01:31:00,20194.85,908.36,44669.77,49030.82,8.57050000000163,9.310499999999593,-0.7399999999979627,0.07948015681198595
2026-08-17 01:32:00,20194.72,908.4,44669.77,49030.78,8.530500000000757,9.305500000002212,-0.7750000000014552,0.08328407930807274
2026-08-17 01:33:00,20194.56,908.24,44669.91,49030.84,8.590499999998428,9.300500000004831,-0.7100000000064028,0.0763399817220616
2026-08-17 01:34:00,20194.36,908.63,44669.92,49030.77,8.52049999999872,9.295500000003813,-0.7750000000050932,0.08337367543486368
2026-08-17 01:35:00,20194.41,909.02,44669.88,49030.75,8.50050000000192,9.290500000002794,-0.7900000000008731,0.08503309832631564
2026-08-17 01:36:00,20194.32,909.1,44669.83,49030.67,8.420500000000175,9.285500000001775,-0.8650000000016007,0.09315599590775245
2026-08-17 01:37:00,20194.53,908.87,44669.91,49030.82,8.57050000000163,9.280500000000757,-0.7099999999991269,0.0765044986799277
2026-08-17 01:38:00,20194.51,908.86,44670.0,49030.9,8.650500000003376,9.280500000000757,-0.6299999999973807,0.0678842734763568
2026-08-17 01:39:00,20194.57,908.87,44670.07,49030.99,8.740499999999884,9.280500000000757,-0.5400000000008731,0.05818652012292755
2026-08-17 01:40:00,20194.66,908.77,44670.11,49031.05,8.800500000004831,9.26050000000032,-0.4599999999954889,0.04967334377144571
2026-08-17 01:41:00,20194.96,908.7,44670.13,49031.2,8.95049999999901,9.240499999999884,-0.2900000000008731,0.03138358313953539
2026-08-17 01:42:00,20195.28,908.84,44670.1,49031.29,9.040500000002794,9.240499999999884,-0.19999999999708962,0.021643850440678767
2026-08-17 01:43:00,20195.2,908.8,44670.07,49031.23,8.980500000005122,9.240499999999884,-0.2599999999947613,0.028137005572724916
2026-08-17 01:44:00,20195.32,908.86,44670.06,49031.28,9.030500000000757,9.235500000002503,-0.20500000000174623,0.022196957392852653
2026-08-17 01:45:00,20194.99,908.93,44670.04,49031.12,8.87050000000454,9.230500000005122,-0.3600000000005821,0.03900113753321947
2026-08-17 01:46:00,20195.38,908.91,44670.07,49031.31,9.060499999999593,9.220500000003085,-0.16000000000349246,0.017352638143640683
2026-08-17 01:47:00,20195.34,908.93,44670.07,49031.31,9.060499999999593,9.210500000001048,-0.1500000000014552,0.016285760816615615
2026-08-17 01:48:00,20195.37,908.69,44670.18,49031.43,9.180500000002212,9.210500000001048,-0.029999999998835847,0.0032571521631651304
2026-08-17 01:49:00,20195.36,908.5,44670.28,49031.49,9.240499999999884,9.210500000001048,0.029999999998835847,0.0032571521631651304
2026-08-17 01:50:00,20195.67,908.51,44670.31,49031.66,9.410500000005413,9.205500000000029,0.2050000000053842,0.022269295530431107
2026-08-17 01:51:00,20195.77,908.43,44670.36,49031.74,9.490499999999884,9.20049999999901,0.2900000000008731,0.031520026085637115
2026-08-17 01:52:00,20195.87,908.5,44670.4,49031.81,9.560499999999593,9.190500000000611,0.36999999999898137,0.04025896305956768
2026-08-17 01:53:00,20195.9,908.7,44670.38,49031.81,9.560499999999593,9.180500000002212,0.37999999999738066,0.041392081041042326
2026-08-17 01:54:00,20195.5,908.86,44670.33,49031.61,9.360500000002503,9.165500000002794,0.19499999999970896,0.021275435055332446
2026-08-17 01:55:00,20195.52,908.83,44670.35,49031.64,9.390500000001339,9.150500000003376,0.23999999999796273,0.026228074968348634
2026-08-17 01:56:00,20195.54,908.95,44670.35,49031.66,9.410500000005413,9.150500000003376,0.26000000000203727,0.02841374788284152
2026-08-17 01:57:00,20195.64,909.04,44670.36,49031.71,9.460500000001048,9.150500000003376,0.3099999999976717,0.03387793016748345
2026-08-17 01:58:00,20195.44,909.03,44670.38,49031.65,9.400500000003376,9.140500000001339,0.26000000000203727,0.028444833433838322
2026-08-17 01:59:00,20195.17,908.99,44670.42,49031.58,9.330500000003667,9.130499999999302,0.20000000000436557,0.02190460544377426
2026-08-17 02:00:00,20195.35,909.06,44670.46,49031.69,9.44050000000425,9.110499999998865,0.3300000000053842,0.03622194171619838
2026-08-17 02:01:00,20195.52,909.18,44670.47,49031.77,9.52049999999872,9.090499999998428,0.43000000000029104,0.047302128595827005
2026-08-17 02:02:00,20195.84,909.06,44670.56,49031.97,9.720500000003085,9.085500000001048,0.6350000000020373,0.06989158549358472
2026-08-17 02:03:00,20196.02,909.17,44670.58,49032.06,9.810499999999593,9.080500000003667,0.7299999999959255,0.08039204889550472
2026-08-17 02:04:00,20195.89,909.3,44670.56,49032.0,9.75050000000192,9.075500000002648,0.6749999999992724,0.07437606743419926
2026-08-17 02:05:00,20195.82,909.55,44670.53,49031.94,9.69050000000425,9.07050000000163,0.6200000000026193,0.06835345350339099
2026-08-17 02:06:00,20196.21,909.61,44670.58,49032.13,9.880499999999302,9.07050000000163,0.8099999999976717,0.08930047957637684
2026-08-17 02:07:00,20196.16,909.88,44670.5,49032.04,9.790500000002794,9.07050000000163,0.7200000000011642,0.07937820406824704
2026-08-17 02:08:00,20195.85,909.87,44670.45,49031.88,9.630499999999302,9.065500000000611,0.5649999999986903,0.062324196128029585
2026-08-17 02:09:00,20195.91,909.89,44670.52,49031.98,9.730500000005122,9.060499999999593,0.6700000000055297,0.0739473538994051
2026-08-17 02:10:00,20196.01,910.11,44670.53,49032.02,9.77049999999872,9.060499999999593,0.7099999999991269,0.0783621212956414
2026-08-17 02:11:00,20196.08,910.02,44670.56,49032.08,9.830500000003667,9.060499999999593,0.7700000000040745,0.08498427239160192
2026-08-17 02:12:00,20196.02,910.17,44670.51,49032.01,9.760500000003958,9.060499999999593,0.7000000000043656,0.07725842944698384
2026-08-17 02:13:00,20195.68,910.34,44670.5,49031.88,9.630499999999302,9.060499999999593,0.569999999999709,0.06291043540640523
2026-08-17 02:14:00,20195.64,910.47,44670.52,49031.88,9.630499999999302,9.050500000001193,0.5799999999981083,0.06408485718999302
2026-08-17 02:15:00,20195.48,910.32,44670.59,49031.87,9.62050000000454,9.040500000002794,0.5800000000017462,0.06415574359842564
2026-08-17 02:16:00,20195.6,910.27,44670.67,49031.98,9.730500000005122,9.035500000001775,0.6950000000033469,0.07691882020953023
2026-08-17 02:17:00,20195.7,910.17,44670.71,49032.07,9.82050000000163,9.030500000000757,0.7900000000008731,0.08748131332714766
2026-08-17 02:18:00,20195.98,909.97,44670.81,49032.26,10.010500000003958,9.025499999999738,0.98500000000422,0.10913522796568043
2026-08-17 02:19:00,20196.05,910.1,44670.79,49032.28,10.030500000000757,9.02049999999872,1.0100000000020373,0.1119671858546844
2026-08-17 02:20:00,20196.2,910.19,44670.78,49032.33,10.080500000003667,9.01050000000032,1.070000000003347,0.11875034681796892
2026-08-17 02:21:00,20196.68,910.19,44670.77,49032.51,10.260500000003958,9.00050000000192,1.2600000000020373,0.13999222265449346
2026-08-17 02:22:00,20197.0,910.0,44670.76,49032.61,10.360500000002503,9.00050000000192,1.360000000000582,0.15110271651578155
2026-08-17 02:23:00,20197.1,909.64,44670.75,49032.66,10.410500000005413,9.00050000000192,1.4100000000034925,0.15665796344682978
2026-08-17 02:24:00,20197.03,909.46,44670.75,49032.61,10.360500000002503,8.990500000003522,1.3699999999989814,0.1523830710192364
2026-08-17 02:25:00,20197.08,909.85,44670.74,49032.64,10.390500000001339,8.980500000005122,1.4099999999962165,0.1570068481705264
2026-08-17 02:26:00,20197.27,909.84,44670.97,49032.93,10.680500000002212,8.980500000005122,1.6999999999970896,0.18929903680152776
2026-08-17 02:27:00,20196.82,910.1,44670.74,49032.54,10.290500000002794,8.980500000005122,1.3099999999976717,0.14587161071175597
2026-08-17 02:28:00,20196.48,910.56,44670.58,49032.26,10.010500000003958,8.975500000004104,1.0349999999998545,0.11531391008850551
2026-08-17 02:29:00,20196.25,910.98,44670.58,49032.17,9.920500000000175,8.970500000003085,0.9499999999970896,0.10590268100961629
2026-08-17 02:30:00,20196.27,911.27,44670.59,49032.2,9.95049999999901,8.960500000001048,0.9899999999979627,0.11048490597598873
2026-08-17 02:31:00,20195.68,911.66,44670.53,49031.9,9.650500000003376,8.95049999999901,0.7000000000043656,0.07820792134567264
2026-08-17 02:32:00,20195.18,911.99,44670.53,49031.71,9.460500000001048,8.94550000000163,0.5149999999994179,0.05757084567652161
2026-08-17 02:33:00,20194.93,912.38,44670.44,49031.55,9.300500000004831,8.94050000000425,0.3600000000005821,0.04026620435103305
2026-08-17 02:34:00,20194.81,912.73,44670.4,49031.45,9.20049999999901,8.94050000000425,0.2599999999947613,0.02908114758622423
2026-08-17 02:35:00,20194.8,912.98,44670.43,49031.48,9.230500000005122,8.94050000000425,0.2900000000008731,0.032436664616155166
2026-08-17 02:36:00,20194.5,913.45,44670.3,49031.25,9.00050000000192,8.925500000004831,0.07499999999708962,0.008402890594033837
2026-08-17 02:37:00,20194.15,913.76,44670.27,49031.08,8.830500000003667,8.910500000005413,-0.08000000000174623,0.008978171819953721
2026-08-17 02:38:00,20194.09,913.95,44670.47,49031.25,9.00050000000192,8.905500000004395,0.09499999999752617,0.010667564987645758
2026-08-17 02:39:00,20194.09,914.19,44670.7,49031.46,9.210500000001048,8.900500000003376,0.3099999999976717,0.03482950396017686
2026-08-17 02:40:00,20193.78,914.48,44670.53,49031.19,8.94050000000425,8.895500000002357,0.04500000000189175,0.005058737564148145
2026-08-17 02:41:00,20193.88,914.47,44670.65,49031.34,9.090499999998428,8.890500000001339,0.19999999999708962,0.02249592261369546
2026-08-17 02:42:00,20194.25,914.61,44670.69,49031.53,9.280500000000757,8.88550000000032,0.39500000000043656,0.04445444825844604
2026-08-17 02:43:00,20194.28,915.2,44670.52,49031.4,9.150500000003376,8.880499999999302,0.27000000000407454,0.030403693486188366
2026-08-17 02:44:00,20193.73,915.56,44670.31,49031.0,8.75050000000192,8.87550000000192,-0.125,0.014083713593597313
2026-08-17 02:45:00,20193.84,915.97,44670.35,49031.08,8.830500000003667,8.87050000000454,-0.040000000000873115,0.004509328673789825
2026-08-17 02:46:00,20194.25,916.38,44670.41,49031.31,9.060499999999593,8.87050000000454,0.18999999999505235,0.021419311199476366
2026-08-17 02:47:00,20194.54,916.53,44670.45,49031.46,9.210500000001048,8.87050000000454,0.33999999999650754,0.03832929372598315
2026-08-17 02:48:00,20194.88,916.24,44670.69,49031.82,9.57050000000163,8.87050000000454,0.6999999999970896,0.07891325178927133
2026-08-17 02:49:00,20194.89,916.31,44670.72,49031.85,9.600500000000466,8.87050000000454,0.7299999999959255,0.08229524829440864
2026-08-17 02:50:00,20194.96,916.47,44670.88,49032.02,9.77049999999872,8.87050000000454,0.8999999999941792,0.10145989515740021
2026-08-17 02:51:00,20195.15,916.5,44671.04,49032.24,9.990499999999884,8.87050000000454,1.1199999999953434,0.12626120286283413
2026-08-17 02:52:00,20194.83,916.71,44670.83,49031.93,9.680500000002212,8.865500000003522,0.8149999999986903,0.09192938920516233
2026-08-17 02:53:00,20194.82,916.8,44670.77,49031.9,9.650500000003376,8.860500000002503,0.7900000000008731,0.0891597539642966
2026-08-17 02:54:00,20194.82,916.73,44670.86,49031.97,9.720500000003085,8.860500000002503,0.8600000000005821,0.09705998532818003
2026-08-17 02:55:00,20195.05,916.29,44671.09,49032.26,10.010500000003958,8.860500000002503,1.1500000000014552,0.12978951526450316
2026-08-17 02:56:00,20195.06,916.42,44671.4,49032.55,10.300500000004831,8.845500000003085,1.4550000000017462,0.164490418857186
2026-08-17 02:57:00,20194.67,916.23,44671.35,49032.34,10.090499999998428,8.830500000003667,1.2599999999947613,0.1426872770504771
2026-08-17 02:58:00,20194.84,915.94,44671.43,49032.49,10.240499999999884,8.830500000003667,1.4099999999962165,0.1596738576519598
2026-08-17 02:59:00,20194.67,915.93,44671.51,49032.49,10.240499999999884,8.830500000003667,1.4099999999962165,0.1596738576519598
2026-08-17 03:00:00,20194.64,915.84,44671.47,49032.43,10.180500000002212,8.830500000003667,1.3499999999985448,0.1528792254116963
2026-08-17 03:01:00,20194.78,916.07,44671.63,49032.63,10.380499999999302,8.830500000003667,1.5499999999956344,0.17552799954645726
2026-08-17 03:02:00,20194.64,916.01,44671.67,49032.6,10.350500000000466,8.81550000000425,1.5349999999962165,0.1741251205258325
2026-08-17 03:03:00,20194.78,916.09,44671.74,49032.74,10.490499999999884,8.800500000004831,1.6899999999950523,0.19203454349117943
2026-08-17 03:04:00,20194.51,916.24,44671.66,49032.55,10.300500000004831,8.800500000004831,1.5,0.17044486108734463
2026-08-17 03:05:00,20194.6,916.25,44671.7,49032.61,10.360500000002503,8.800500000004831,1.5599999999976717,0.17726265553057385
2026-08-17 03:06:00,20194.58,916.07,44671.8,49032.68,10.430500000002212,8.790500000002794,1.639999999999418,0.18656504180637012
2026-08-17 03:07:00,20194.82,916.09,44671.91,49032.89,10.640500000001339,8.780500000000757,1.860000000000582,0.21183303912082704
2026-08-17 03:08:00,20194.9,916.01,44671.96,49032.97,10.720500000003085,8.765500000001339,1.9550000000017462,0.2230334835436025
2026-08-17 03:09:00,20195.03,915.96,44672.03,49033.09,10.840499999998428,8.75050000000192,2.0899999999965075,0.2388434946569966
2026-08-17 03:10:00,20194.85,916.1,44671.95,49032.94,10.69050000000425,8.75050000000192,1.9400000000023283,0.22170161705067168
2026-08-17 03:11:00,20194.84,916.09,44672.0,49032.98,10.730500000005122,8.75050000000192,1.9800000000032014,0.22627278441263549
2026-08-17 03:12:00,20195.05,915.8,44672.07,49033.13,10.880499999999302,8.745500000000902,2.1349999999983993,0.24412555028279448
2026-08-17 03:13:00,20195.12,915.81,44672.2,49033.28,11.030500000000757,8.740499999999884,2.290000000000873,0.2619987414908648
2026-08-17 03:14:00,20195.01,915.79,44672.15,49033.18,10.930500000002212,8.735500000002503,2.194999999999709,0.25127353900739285
2026-08-17 03:15:00,20195.02,915.72,44672.05,49033.08,10.830500000003667,8.730500000005122,2.099999999998545,0.24053605177221382
2026-08-17 03:16:00,20195.04,915.85,44672.07,49033.11,10.860500000002503,8.725500000004104,2.1349999999983993,0.24468511833102918
2026-08-17 03:17:00,20195.24,915.5,44672.39,49033.5,11.25050000000192,8.720500000003085,2.529999999998836,0.2901209793014094
2026-08-17 03:18:00,20195.08,915.69,44672.41,49033.45,11.20049999999901,8.710500000001048,2.4899999999979627,0.28586189082115415
2026-08-17 03:19:00,20195.05,915.76,44672.35,49033.37,11.12050000000454,8.70049999999901,2.4200000000055297,0.27814493419985115
2026-08-17 03:20:00,20195.23,915.42,44672.6,49033.67,11.420500000000175,8.690500000000611,2.7299999999995634,0.31413612565437793
2026-08-17 03:21:00,20195.15,915.48,44672.49,49033.53,11.280500000000757,8.680500000002212,2.599999999998545,0.29952191694002445
2026-08-17 03:22:00,20195.01,915.29,44672.43,49033.42,11.170500000000175,8.675500000001193,2.4949999999989814,0.28759149328553263
2026-08-17 03:23:00,20195.03,915.43,44672.4,49033.4,11.150500000003376,8.670500000000175,2.4800000000032014,0.28602733406414294
2026-08-17 03:24:00,20195.22,915.41,44672.56,49033.63,11.380499999999302,8.665500000002794,2.7149999999965075,0.31331140730432544
2026-08-17 03:25:00,20195.33,915.45,44672.64,49033.76,11.510500000003958,8.660500000005413,2.849999999998545,0.32908030714124625
2026-08-17 03:26:00,20195.26,915.65,44672.62,49033.71,11.460500000001048,8.655500000004395,2.804999999996653,0.32407139968750837
2026-08-17 03:27:00,20195.51,915.59,44672.75,49033.94,11.69050000000425,8.650500000003376,3.040000000000873,0.3514247731344647
2026-08-17 03:28:00,20195.42,915.8,44672.81,49033.94,11.69050000000425,8.635500000003958,3.055000000000291,0.3537722193270674
2026-08-17 03:29:00,20195.26,915.99,44672.5,49033.59,11.340499999998428,8.62050000000454,2.719999999993888,0.31552694159183986
2026-08-17 03:30:00,20195.33,915.97,44672.32,49033.46,11.210500000001048,8.610500000002503,2.599999999998545,0.3019569130709934
2026-08-17 03:31:00,20195.19,916.19,44672.23,49033.32,11.07050000000163,8.600500000000466,2.470000000001164,0.28719260508121974
2026-08-17 03:32:00,20195.35,916.08,44672.27,49033.43,11.180500000002212,8.595499999999447,2.585000000002765,0.30073875865312444
2026-08-17 03:33:00,20195.93,915.87,44672.89,49034.22,11.970500000003085,8.590499999998428,3.3800000000046566,0.3934578895297451
2026-08-17 03:34:00,20195.39,916.15,44672.37,49033.52,11.27049999999872,8.585500000001048,2.6849999999976717,0.3127365907631872
2026-08-17 03:35:00,20195.42,916.29,44672.22,49033.41,11.160500000005413,8.580500000003667,2.5800000000017462,0.30068177845121424
2026-08-17 03:36:00,20195.54,916.16,44672.25,49033.5,11.25050000000192,8.580500000003667,2.6699999999982538,0.3111706776990983
2026-08-17 03:37:00,20196.56,915.59,44673.2,49034.76,12.510500000003958,8.580500000003667,3.930000000000291,0.4580152671754107
2026-08-17 03:38:00,20196.31,915.78,44672.96,49034.45,12.20049999999901,8.575500000002648,3.624999999996362,0.4227158766247149
2026-08-17 03:39:00,20196.28,915.82,44672.85,49034.35,12.100500000000466,8.57050000000163,3.529999999998836,0.4118779534447424
2026-08-17 03:40:00,20196.44,915.96,44672.95,49034.49,12.240499999999884,8.57050000000163,3.6699999999982538,0.42821305641415974
2026-08-17 03:41:00,20196.4,916.06,44672.78,49034.33,12.080500000003667,8.57050000000163,3.5100000000020373,0.40954436730661803
2026-08-17 03:42:00,20196.33,916.25,44672.78,49034.3,12.050500000004831,8.575500000002648,3.475000000002183,0.4052241851788362
2026-08-17 03:43:00,20196.53,916.21,44672.93,49034.52,12.27049999999872,8.580500000003667,3.6899999999950523,0.4300448691793573
2026-08-17 03:44:00,20196.56,916.18,44672.95,49034.54,12.290500000002794,8.575500000002648,3.7150000000001455,0.43321089149309056
2026-08-17 03:45:00,20196.51,916.04,44673.0,49034.56,12.310499999999593,8.580500000003667,3.7299999999959255,0.43470660217869955
2026-08-17 03:46:00,20196.35,916.37,44672.98,49034.49,12.240499999999884,8.580500000003667,3.6599999999962165,0.42654856943006264
2026-08-17 03:47:00,20196.47,916.6,44673.16,49034.69,12.44050000000425,8.580500000003667,3.860000000000582,0.4498572344267738
2026-08-17 03:48:00,20196.33,916.67,44672.86,49034.38,12.130499999999302,8.585500000001048,3.5449999999982538,0.4129054801698004
2026-08-17 03:49:00,20196.53,916.8,44672.91,49034.5,12.25050000000192,8.590499999998428,3.6600000000034925,0.4260520342243364
2026-08-17 03:50:00,20196.92,916.74,44673.37,49035.07,12.82050000000163,8.595499999999447,4.225000000002183,0.49153626897823915
2026-08-17 03:51:00,20196.15,916.99,44673.14,49034.55,12.300500000004831,8.600500000000466,3.7000000000043656,0.430207546073387
2026-08-17 03:52:00,20196.19,917.43,44673.12,49034.56,12.310499999999593,8.610500000002503,3.6999999999970896,0.42970791475477776
2026-08-17 03:53:00,20197.09,917.41,44673.12,49034.94,12.69050000000425,8.62050000000454,4.069999999999709,0.47213038686822867
2026-08-17 03:54:00,20197.19,916.83,44673.41,49035.23,12.980500000005122,8.635500000003958,4.345000000001164,0.5031555787156705
2026-08-17 03:55:00,20197.26,916.81,44673.54,49035.37,13.12050000000454,8.650500000003376,4.470000000001164,0.516733136812834
2026-08-17 03:56:00,20197.19,916.92,44673.54,49035.36,13.110500000002503,8.655500000004395,4.454999999998108,0.5147016347982031
2026-08-17 03:57:00,20197.0,916.9,44673.75,49035.46,13.210500000001048,8.660500000005413,4.549999999995634,0.525373823681403
2026-08-17 03:58:00,20197.05,916.8,44673.73,49035.46,13.210500000001048,8.660500000005413,4.549999999995634,0.525373823681403
2026-08-17 03:59:00,20197.32,916.91,44673.8,49035.64,13.390500000001339,8.660500000005413,4.7299999999959255,0.5461578430798417
2026-08-17 04:00:00,20197.67,916.71,44674.07,49036.02,13.77049999999872,8.665500000002794,5.1049999999959255,0.5891177658524355
2026-08-17 04:01:00,20197.46,916.98,44674.01,49035.88,13.630499999999302,8.670500000000175,4.959999999999127,0.5720546681274468
2026-08-17 04:02:00,20196.76,917.33,44673.31,49034.96,12.710500000001048,8.675500000001193,4.0349999999998545,0.4651028759148521
2026-08-17 04:03:00,20197.9,916.59,44674.28,49036.32,14.07050000000163,8.680500000002212,5.389999999999418,0.6209319739644081
2026-08-17 04:04:00,20197.98,917.01,44674.54,49036.57,14.32050000000163,8.690500000000611,5.630000000001019,0.6478338415511907
2026-08-17 04:05:00,20197.75,917.51,44674.35,49036.32,14.07050000000163,8.70049999999901,5.370000000002619,0.6172059077068249
2026-08-17 04:06:00,20197.65,917.64,44674.1,49036.05,13.800500000004831,8.70049999999901,5.100000000005821,0.5861732084370325
2026-08-17 04:07:00,20197.73,917.37,44674.2,49036.18,13.930500000002212,8.70049999999901,5.230000000003201,0.6011148784556976
2026-08-17 04:08:00,20197.77,917.18,44674.34,49036.31,14.060499999999593,8.710500000001048,5.349999999998545,0.6142012513630563
2026-08-17 04:09:00,20197.74,917.32,44674.47,49036.42,14.170500000000175,8.720500000003085,5.44999999999709,0.6249641648982468
2026-08-17 04:10:00,20197.48,917.12,44674.35,49036.21,13.960500000001048,8.725500000004104,5.234999999996944,0.5999656180155272
2026-08-17 04:11:00,20197.31,917.17,44674.32,49036.11,13.860500000002503,8.730500000005122,5.129999999997381,0.5875952121865152
2026-08-17 04:12:00,20197.94,916.55,44674.81,49036.8,14.550500000004831,8.735500000002503,5.815000000002328,0.6656745463912384
2026-08-17 04:13:00,20197.74,917.35,44674.86,49036.79,14.540500000002794,8.740499999999884,5.80000000000291,0.6635775985358947
2026-08-17 04:14:00,20198.37,916.86,44675.1,49037.25,15.00050000000192,8.745500000000902,6.255000000001019,0.7152249728432192
2026-08-17 04:15:00,20197.54,916.73,44675.04,49036.84,14.590499999998428,8.75050000000192,5.8399999999965075,0.6673904348317496
2026-08-17 04:16:00,20197.54,917.62,44674.83,49036.67,14.420500000000175,8.75050000000192,5.669999999998254,0.6479629735440271
2026-08-17 04:17:00,20197.6,917.76,44674.82,49036.71,14.460500000001048,8.75050000000192,5.709999999999127,0.6525341409059909
2026-08-17 04:18:00,20197.48,917.56,44674.68,49036.53,14.280500000000757,8.75050000000192,5.529999999998836,0.6319638877775695
2026-08-17 04:19:00,20197.22,917.68,44674.66,49036.39,14.140500000001339,8.75050000000192,5.389999999999418,0.6159648020111119
2026-08-17 04:20:00,20197.18,918.28,44674.58,49036.32,14.07050000000163,8.765500000001339,5.305000000000291,0.6052136215845623
2026-08-17 04:21:00,20196.8,918.59,44674.39,49035.99,13.740499999999884,8.780500000000757,4.959999999999127,0.5648881043219293
2026-08-17 04:22:00,20197.07,918.93,44674.57,49036.26,14.010500000003958,8.790500000002794,5.220000000001164,0.5938228769693994
2026-08-17 04:23:00,20196.91,919.41,44674.5,49036.15,13.900500000003376,8.800500000004831,5.099999999998545,0.5795125276968064
2026-08-17 04:24:00,20196.84,919.84,44674.52,49036.15,13.900500000003376,8.800500000004831,5.099999999998545,0.5795125276968064
2026-08-17 04:25:00,20196.76,919.76,44674.44,49036.04,13.790500000002794,8.800500000004831,4.989999999997963,0.5670132378836683
2026-08-17 04:26:00,20196.63,919.83,44674.29,49035.85,13.600500000000466,8.81550000000425,4.7849999999962165,0.542793942486973
2026-08-17 04:27:00,20196.58,920.18,44674.34,49035.89,13.640500000001339,8.800500000004831,4.8399999999965075,0.5499687517747686
2026-08-17 04:28:00,20196.37,920.39,44674.27,49035.74,13.490499999999884,8.800500000004831,4.689999999995052,0.5329242656658687
2026-08-17 04:29:00,20196.43,921.11,44674.38,49035.87,13.62050000000454,8.800500000004831,4.819999999999709,0.5476961536273011
2026-08-17 04:30:00,20196.06,921.22,44674.08,49035.45,13.20049999999901,8.790500000002794,4.4099999999962165,0.5016779477839503
2026-08-17 04:31:00,20195.76,921.57,44674.09,49035.34,13.090499999998428,8.780500000000757,4.309999999997672,0.4908604293602073
2026-08-17 04:32:00,20195.25,922.12,44674.01,49035.08,12.830500000003667,8.765500000001339,4.065000000002328,0.46374992869793025
2026-08-17 04:33:00,20194.93,922.52,44674.26,49035.18,12.930500000002212,8.75050000000192,4.180000000000291,0.4776869893148247
2026-08-17 04:34:00,20194.74,923.22,44674.16,49035.03,12.780500000000757,8.75050000000192,4.029999999998836,0.46054511170766826
2026-08-17 04:35:00,20194.51,923.9,44674.02,49034.82,12.57050000000163,8.75050000000192,3.819999999999709,0.4365464830579819
2026-08-17 04:36:00,20195.05,923.98,44674.4,49035.41,13.160500000005413,8.75050000000192,4.4100000000034925,0.5039712016459087
2026-08-17 04:37:00,20195.35,923.77,44674.79,49035.86,13.610500000002503,8.75050000000192,4.860000000000582,0.5553968344665465
2026-08-17 04:38:00,20195.15,924.47,44674.87,49035.86,13.610500000002503,8.745500000000902,4.865000000001601,0.5562860899892629
2026-08-17 04:39:00,20195.3,924.49,44674.93,49035.99,13.740499999999884,8.740499999999884,5.0,0.572049653909967
2026-08-17 04:40:00,20195.34,924.4,44675.19,49036.22,13.970500000003085,8.735500000002503,5.235000000000582,0.5992788048765476
2026-08-17 04:41:00,20195.1,924.41,44674.86,49035.84,13.590499999998428,8.730500000005122,4.859999999993306,0.5566691483867424
2026-08-17 04:42:00,20195.5,924.43,44675.2,49036.31,14.060499999999593,8.725500000004104,5.334999999995489,0.6114262792955109
2026-08-17 04:43:00,20195.86,924.69,44675.53,49036.75,14.50050000000192,8.720500000003085,5.779999999998836,0.6628060317638658
2026-08-17 04:44:00,20195.26,925.17,44675.12,49036.14,13.890500000001339,8.710500000001048,5.180000000000291,0.5946845760862944
2026-08-17 04:45:00,20195.03,925.5,44675.02,49035.96,13.710500000001048,8.70049999999901,5.010000000002037,0.5758289753465441
2026-08-17 04:46:00,20195.13,925.98,44675.08,49036.07,13.82050000000163,8.70049999999901,5.120000000002619,0.5884719269011208
2026-08-17 04:47:00,20195.13,926.6,44675.12,49036.12,13.87050000000454,8.70049999999901,5.17000000000553,0.5942187230625962
2026-08-17 04:48:00,20195.45,927.08,44675.1,49036.23,13.980500000005122,8.690500000000611,5.290000000004511,0.6087106610671583
2026-08-17 04:49:00,20195.77,926.95,44675.24,49036.49,14.240499999999884,8.680500000002212,5.559999999997672,0.6405160993026041
2026-08-17 04:50:00,20196.49,926.58,44675.77,49037.27,15.02049999999872,8.675500000001193,6.344999999997526,0.731369949858412
2026-08-17 04:51:00,20196.55,925.75,44675.92,49037.4,15.150500000003376,8.670500000000175,6.480000000003201,0.7473617438444231
2026-08-17 04:52:00,20196.43,925.36,44675.8,49037.24,14.990499999999884,8.665500000002794,6.32499999999709,0.7299059488771623
2026-08-17 04:53:00,20197.11,925.04,44676.38,49038.05,15.800500000004831,8.660500000005413,7.139999999999418,0.8244327694700023
2026-08-17 04:54:00,20196.59,925.15,44676.04,49037.51,15.260500000003958,8.660500000005413,6.599999999998545,0.7620807112746861
2026-08-17 04:55:00,20196.48,925.34,44676.06,49037.48,15.230500000005122,8.660500000005413,6.569999999999709,0.7586167080417531
2026-08-17 04:56:00,20196.39,925.37,44675.84,49037.25,15.00050000000192,8.655500000004395,6.344999999997526,0.7330599041065571
2026-08-17 04:57:00,20196.12,925.85,44675.94,49037.24,14.990499999999884,8.650500000003376,6.3399999999965075,0.7329056123916575
2026-08-17 04:58:00,20195.92,926.05,44675.91,49037.15,14.900500000003376,8.635500000003958,6.264999999999418,0.7254936019913781
2026-08-17 04:59:00,20195.78,926.14,44676.01,49037.16,14.910500000005413,8.62050000000454,6.290000000000873,0.7296560524328706
2026-08-17 05:00:00,20195.85,926.66,44675.82,49037.04,14.790500000002794,8.610500000002503,6.180000000000291,0.7177283549153353
2026-08-17 05:01:00,20196.57,926.95,44675.92,49037.42,15.170500000000175,8.600500000000466,6.569999999999709,0.7639090750537008
2026-08-17 05:02:00,20196.49,927.47,44675.94,49037.43,15.180500000002212,8.600500000000466,6.580000000001746,0.7650717981514319
2026-08-17 05:03:00,20196.68,927.63,44676.06,49037.61,15.360500000002503,8.600500000000466,6.760000000002037,0.7860008139063626
2026-08-17 05:04:00,20196.35,928.37,44675.55,49037.02,14.77049999999872,8.595499999999447,6.174999999999272,0.7183991623523552
2026-08-17 05:05:00,20196.26,928.83,44675.37,49036.84,14.590499999998428,8.590499999998428,6.0,0.6984459577441473
2026-08-17 05:06:00,20196.55,929.19,44675.36,49036.96,14.710500000001048,8.585500000001048,6.125,0.7134121483896398
2026-08-17 05:07:00,20196.75,929.22,44675.12,49036.82,14.57050000000163,8.580500000003667,5.989999999997963,0.6980945166360238
2026-08-17 05:08:00,20196.48,929.5,44674.78,49036.41,14.160500000005413,8.580500000003667,5.580000000001746,0.65031175339425
2026-08-17 05:09:00,20196.93,929.66,44675.1,49036.89,14.640500000001339,8.580500000003667,6.059999999997672,0.7062525493846608
2026-08-17 05:10:00,20196.84,929.84,44675.18,49036.91,14.660500000005413,8.575500000002648,6.085000000002765,0.7095796163490042
2026-08-17 05:11:00,20196.86,930.0,44675.01,49036.77,14.52049999999872,8.57050000000163,5.94999999999709,0.6942418762027838
2026-08-17 05:12:00,20197.01,930.25,44674.86,49036.71,14.460500000001048,8.57050000000163,5.889999999999418,0.6872411177875617
2026-08-17 05:13:00,20197.13,930.45,44674.79,49036.7,14.45049999999901,8.57050000000163,5.879999999997381,0.6860743247180751
2026-08-17 05:14:00,20197.05,930.5,44674.85,49036.72,14.470500000003085,8.565500000000611,5.905000000002474,0.6893934971691148
2026-08-17 05:15:00,20197.74,930.4,44675.15,49037.28,15.030500000000757,8.560499999999593,6.470000000001164,0.755796974475962
2026-08-17 05:16:00,20197.76,930.69,44675.07,49037.22,14.970500000003085,8.560499999999593,6.4100000000034925,0.7487880380823314
2026-08-17 05:17:00,20197.36,931.03,44674.7,49036.73,14.480500000005122,8.560499999999593,5.92000000000553,0.6915483908656984
2026-08-17 05:18:00,20197.24,930.95,44674.36,49036.36,14.110500000002503,8.545500000000175,5.565000000002328,0.6512199403197255
2026-08-17 05:19:00,20197.16,931.11,44674.11,49036.09,13.840499999998428,8.530500000000757,5.309999999997672,0.6224723052572769
2026-08-17 05:20:00,20197.71,931.04,44674.46,49036.64,14.390500000001339,8.525499999999738,5.865000000001601,0.6879361914259318
2026-08-17 05:21:00,20197.61,931.12,44674.44,49036.59,14.340499999998428,8.52049999999872,5.819999999999709,0.6830585059562917
2026-08-17 05:22:00,20197.5,931.22,44674.4,49036.5,14.25050000000192,8.52049999999872,5.730000000003201,0.6724957455553151
2026-08-17 05:23:00,20197.36,930.98,44674.15,49036.23,13.980500000005122,8.52049999999872,5.460000000006403,0.6408074643515315
2026-08-17 05:24:00,20197.48,931.12,44674.38,49036.48,14.230500000005122,8.515500000001339,5.7150000000037835,0.6711291174919717
2026-08-17 05:25:00,20197.25,931.41,44674.23,49036.26,14.010500000003958,8.510500000003958,5.5,0.6462605017328525
2026-08-17 05:26:00,20196.74,931.7,44674.24,49036.07,13.82050000000163,8.50550000000294,5.31499999999869,0.6248897772026164
2026-08-17 05:27:00,20196.81,932.15,44674.24,49036.1,13.850500000000466,8.50050000000192,5.349999999998545,0.629374742661883
2026-08-17 05:28:00,20196.86,932.33,44673.73,49035.65,13.400500000003376,8.495500000000902,4.905000000002474,0.5773644870816259
2026-08-17 05:29:00,20196.94,932.71,44673.89,49035.84,13.590499999998428,8.490499999999884,5.099999999998545,0.6006713385546922
2026-08-17 05:30:00,20197.18,931.83,44674.04,49036.06,13.810499999999593,8.485500000002503,5.32499999999709,0.6275410995221872
2026-08-17 05:31:00,20198.36,930.18,44674.29,49036.75,14.50050000000192,8.480500000005122,6.019999999996799,0.7098638051993588
2026-08-17 05:32:00,20197.73,931.94,44674.56,49036.75,14.50050000000192,8.480500000005122,6.019999999996799,0.7098638051993588
2026-08-17 05:33:00,20197.56,931.91,44674.5,49036.65,14.400500000003376,8.480500000005122,5.919999999998254,0.698072047638073
2026-08-17 05:34:00,20198.89,930.88,44674.66,49037.31,15.060499999999593,8.485500000002503,6.57499999999709,0.774851216780997
2026-08-17 05:35:00,20198.69,931.71,44674.33,49036.94,14.69050000000425,8.480500000005122,6.209999999999127,0.7322681445664024
2026-08-17 05:36:00,20198.39,931.5,44674.43,49036.91,14.660500000005413,8.485500000002503,6.17500000000291,0.7277119792588638
2026-08-17 05:37:00,20198.04,932.2,44674.28,49036.65,14.400500000003376,8.490499999999884,5.9100000000034925,0.6960720805610474
2026-08-17 05:38:00,20197.23,933.09,44673.81,49035.89,13.640500000001339,8.495500000000902,5.145000000000437,0.6056147372138061
2026-08-17 05:39:00,20197.52,932.45,44673.87,49036.05,13.800500000004831,8.50050000000192,5.30000000000291,0.6234927357216297
2026-08-17 05:40:00,20197.39,933.56,44673.93,49036.06,13.810499999999593,8.50550000000294,5.304999999996653,0.6237140673675645
2026-08-17 05:41:00,20197.47,933.91,44673.85,49036.02,13.77049999999872,8.510500000003958,5.259999999994761,0.6180600434748035
2026-08-17 05:42:00,20197.18,934.04,44673.53,49035.63,13.380499999999302,8.515500000001339,4.864999999997963,0.5713111385117959
2026-08-17 05:43:00,20197.08,933.85,44673.19,49035.27,13.02049999999872,8.52049999999872,4.5,0.5281380200693241
2026-08-17 05:44:00,20197.12,933.6,44673.58,49035.65,13.400500000003376,8.52049999999872,4.880000000004657,0.5727363417646136
2026-08-17 05:45:00,20197.19,933.75,44673.9,49035.96,13.710500000001048,8.52049999999872,5.190000000002328,0.6091191831468937
2026-08-17 05:46:00,20196.95,932.7,44674.15,49036.09,13.840499999998428,8.525499999999738,5.31499999999869,0.6234238461085981
2026-08-17 05:47:00,20196.46,932.54,44673.97,49035.74,13.490499999999884,8.530500000000757,4.959999999999127,0.5814430572649536
2026-08-17 05:48:00,20196.0,932.7,44673.88,49035.46,13.210500000001048,8.545500000000175,4.665000000000873,0.5459013515886464
2026-08-17 05:49:00,20196.37,932.48,44674.13,49035.83,13.580500000003667,8.560499999999593,5.0200000000040745,0.5864143449569901
2026-08-17 05:50:00,20196.73,932.41,44674.47,49036.29,14.040500000002794,8.560499999999593,5.480000000003201,0.6401495239768077
2026-08-17 05:51:00,20196.64,932.46,44674.53,49036.3,14.050500000004831,8.560499999999593,5.490000000005239,0.6413176800426961
2026-08-17 05:52:00,20196.5,933.16,44674.07,49035.84,13.590499999998428,8.565500000000611,5.024999999997817,0.5866557702407867
2026-08-17 05:53:00,20196.41,933.78,44674.03,49035.76,13.510500000003958,8.57050000000163,4.940000000002328,0.5763957762092514
2026-08-17 05:54:00,20196.2,933.95,44673.73,49035.43,13.180500000002212,8.57050000000163,4.610000000000582,0.5378916049238324
2026-08-17 05:55:00,20196.36,934.06,44673.88,49035.62,13.37050000000454,8.57050000000163,4.80000000000291,0.560060673239834
2026-08-17 05:56:00,20196.33,935.15,44673.76,49035.53,13.280500000000757,8.575500000002648,4.704999999998108,0.5486560550401324
2026-08-17 05:57:00,20196.46,935.11,44673.47,49035.31,13.060499999999593,8.580500000003667,4.4799999999959255,0.5221140959144585
2026-08-17 05:58:00,20196.66,935.57,44673.39,49035.32,13.07050000000163,8.580500000003667,4.489999999997963,0.523279529164506
2026-08-17 05:59:00,20196.92,935.96,44673.32,49035.36,13.110500000002503,8.580500000003667,4.529999999998836,0.5279412621638483
2026-08-17 06:00:00,20197.47,935.61,44673.41,49035.67,13.420500000000175,8.585500000001048,4.834999999999127,0.5631588142797201
2026-08-17 06:01:00,20197.89,935.83,44673.68,49036.08,13.830500000003667,8.590499999998428,5.240000000005239,0.6099761364304985
2026-08-17 06:02:00,20197.56,936.38,44673.34,49035.65,13.400500000003376,8.595499999999447,4.805000000003929,0.5590134372641775
2026-08-17 06:03:00,20198.21,935.65,44673.59,49036.14,13.890500000001339,8.600500000000466,5.290000000000873,0.6150805185745697
2026-08-17 06:04:00,20198.3,936.19,44673.51,49036.09,13.840499999998428,8.600500000000466,5.239999999997963,0.6092669030867599
2026-08-17 06:05:00,20198.19,936.5,44673.16,49035.74,13.490499999999884,8.600500000000466,4.889999999999418,0.5685715946746297
2026-08-17 06:06:00,20198.67,936.85,44673.22,49036.01,13.760500000003958,8.610500000002503,5.150000000001455,0.5981069624295869
2026-08-17 06:07:00,20198.22,936.52,44672.91,49035.56,13.310499999999593,8.62050000000454,4.689999999995052,0.5440519691424607
2026-08-17 06:08:00,20199.21,936.48,44673.52,49036.5,14.25050000000192,8.635500000003958,5.614999999997963,0.650222917028011
2026-08-17 06:09:00,20198.86,936.14,44673.45,49036.3,14.050500000004831,8.650500000003376,5.400000000001455,0.6242413733309459
2026-08-17 06:10:00,20198.53,936.15,44673.4,49036.11,13.860500000002503,8.655500000004395,5.204999999998108,0.6013517416666242
2026-08-17 06:11:00,20198.88,935.92,44673.4,49036.26,14.010500000003958,8.660500000005413,5.349999999998545,0.6177472432302062
2026-08-17 06:12:00,20199.2,934.34,44673.94,49036.86,14.610500000002503,8.660500000005413,5.94999999999709,0.6870273078913886
2026-08-17 06:13:00,20199.6,933.97,44674.24,49037.28,15.030500000000757,8.660500000005413,6.369999999995343,0.7355233531541322
2026-08-17 06:14:00,20199.75,933.03,44674.24,49037.31,15.060499999999593,8.665500000002794,6.394999999996799,0.7379839593785398
2026-08-17 06:15:00,20198.96,933.78,44674.27,49037.03,14.780500000000757,8.670500000000175,6.110000000000582,0.7046883109394452
2026-08-17 06:16:00,20197.58,932.86,44674.48,49036.65,14.400500000003376,8.675500000001193,5.725000000002183,0.6599043282809516
2026-08-17 06:17:00,20196.67,932.36,44674.56,49036.33,14.080500000003667,8.680500000002212,5.400000000001455,0.6220839813374897
2026-08-17 06:18:00,20197.71,931.84,44674.8,49036.99,14.740499999999884,8.690500000000611,6.049999999999272,0.6961624762670556
2026-08-17 06:19:00,20197.44,931.83,44674.96,49037.02,14.77049999999872,8.70049999999901,6.069999999999709,0.6976610539624618
2026-08-17 06:20:00,20196.96,933.12,44674.09,49036.04,13.790500000002794,8.70049999999901,5.0900000000037835,0.5850238492045702
2026-08-17 06:21:00,20197.73,931.76,44674.63,49036.84,14.590499999998428,8.70049999999901,5.889999999999418,0.6769725877823215
2026-08-17 06:22:00,20196.67,932.58,44674.42,49036.23,13.980500000005122,8.710500000001048,5.2700000000040745,0.605016933586297
2026-08-17 06:23:00,20196.53,932.56,44674.19,49035.96,13.710500000001048,8.720500000003085,4.989999999997963,0.5722148959344301
2026-08-17 06:24:00,20196.19,933.51,44673.81,49035.47,13.220500000003085,8.725500000004104,4.494999999998981,0.5151567245426472
2026-08-17 06:25:00,20195.97,933.33,44673.69,49035.29,13.040500000002794,8.730500000005122,4.309999999997672,0.49367161101828566
2026-08-17 06:26:00,20196.21,933.57,44673.62,49035.33,13.080500000003667,8.735500000002503,4.345000000001164,0.4973956842767923
2026-08-17 06:27:00,20196.4,933.38,44673.77,49035.55,13.300500000004831,8.740499999999884,4.560000000004948,0.5217092843664559
2026-08-17 06:28:00,20196.56,932.8,44673.8,49035.62,13.37050000000454,8.745500000000902,4.625000000003638,0.5288434051801681
2026-08-17 06:29:00,20197.04,932.71,44674.15,49036.14,13.890500000001339,8.75050000000192,5.139999999999418,0.5873950059994617
2026-08-17 06:30:00,20197.09,932.95,44673.83,49035.85,13.600500000000466,8.75050000000192,4.849999999998545,0.5542540426258477
2026-08-17 06:31:00,20197.15,932.01,44673.62,49035.69,13.44050000000425,8.75050000000192,4.690000000002328,0.535969373178824
2026-08-17 06:32:00,20197.87,931.47,44674.11,49036.42,14.170500000000175,8.75050000000192,5.419999999998254,0.6193931775323769
2026-08-17 06:33:00,20197.46,932.22,44673.71,49035.89,13.640500000001339,8.75050000000192,4.889999999999418,0.5588252099878115
2026-08-17 06:34:00,20197.73,931.8,44673.53,49035.85,13.600500000000466,8.75550000000294,4.844999999997526,0.5533664553704414
2026-08-17 06:35:00,20198.14,931.41,44673.67,49036.12,13.87050000000454,8.760500000003958,5.110000000000582,0.5833000399518604
2026-08-17 06:36:00,20198.81,930.22,44673.82,49036.51,14.260500000003958,8.770500000002357,5.490000000001601,0.6259620318111995
2026-08-17 06:37:00,20198.96,930.62,44674.08,49036.82,14.57050000000163,8.780500000000757,5.790000000000873,0.6594157508114998
2026-08-17 06:38:00,20198.32,930.51,44673.61,49036.14,13.890500000001339,8.790500000002794,5.099999999998545,0.5801717763491182
2026-08-17 06:39:00,20198.55,929.99,44673.69,49036.29,14.040500000002794,8.800500000004831,5.239999999997963,0.5954207147315591
2026-08-17 06:40:00,20198.13,930.63,44673.42,49035.89,13.640500000001339,8.800500000004831,4.8399999999965075,0.5499687517747686
2026-08-17 06:41:00,20198.34,930.74,44673.3,49035.88,13.630499999999302,8.800500000004831,4.82999999999447,0.5488324527006214
2026-08-17 06:42:00,20199.0,929.66,44673.48,49036.29,14.040500000002794,8.81550000000425,5.224999999998545,0.5927060291527453
2026-08-17 06:43:00,20198.93,930.4,44673.31,49036.1,13.850500000000466,8.830500000003667,5.019999999996799,0.5684842307904098
2026-08-17 06:44:00,20199.36,930.03,44673.02,49036.03,13.780500000000757,8.830500000003667,4.94999999999709,0.5605571598431611
2026-08-17 06:45:00,20200.04,929.26,44673.41,49036.64,14.390500000001339,8.830500000003667,5.559999999997672,0.6296359209552531
2026-08-17 06:46:00,20200.5,928.18,44673.41,49036.83,14.580500000003667,8.830500000003667,5.75,0.6511522563838528
2026-08-17 06:47:00,20200.5,928.65,44673.16,49036.58,14.330500000003667,8.830500000003667,5.5,0.6228412887149897
2026-08-17 06:48:00,20201.42,928.26,44673.42,49037.19,14.94050000000425,8.840500000002066,6.100000000002183,0.6900062213676553
2026-08-17 06:49:00,20201.2,927.55,44673.32,49037.0,14.75050000000192,8.850500000000466,5.900000000001455,0.6666290040112022
2026-08-17 06:50:00,20202.2,926.48,44673.76,49037.8,15.550500000004831,8.855500000001484,6.695000000003347,0.7560273276497346
2026-08-17 06:51:00,20202.79,925.91,44673.99,49038.22,15.970500000003085,8.860500000002503,7.110000000000582,0.8024377856778482
2026-08-17 06:52:00,20202.28,925.35,44673.82,49037.85,15.600500000000466,8.860500000002503,6.739999999997963,0.7606794198968522
2026-08-17 06:53:00,20203.03,923.92,44674.69,49038.93,16.680500000002212,8.860500000002503,7.819999999999709,0.8825687037974719
2026-08-17 06:54:00,20202.53,923.63,44674.43,49038.47,16.220500000003085,8.865500000003522,7.354999999999563,0.8296204387791599
2026-08-17 06:55:00,20202.41,923.34,44674.36,49038.37,16.12050000000454,8.87050000000454,7.25,0.8173158221065655
2026-08-17 06:56:00,20202.1,924.06,44673.96,49037.87,15.62050000000454,8.87050000000454,6.75,0.760949213685423
2026-08-17 06:57:00,20202.51,922.9,44674.23,49038.28,16.030500000000757,8.87050000000454,7.1599999999962165,0.8071698325903334
2026-08-17 06:58:00,20202.17,922.59,44674.12,49038.04,15.790500000002794,8.87050000000454,6.919999999998254,0.7801138605484146
2026-08-17 06:59:00,20202.15,923.42,44673.86,49037.8,15.550500000004831,8.87050000000454,6.680000000000291,0.7530578885064959
2026-08-17 07:00:00,20202.77,923.48,44673.55,49037.77,15.52049999999872,8.87050000000454,6.649999999994179,0.7496758920005384
2026-08-17 07:01:00,20202.58,923.12,44674.21,49038.3,16.05050000000483,8.87050000000454,7.180000000000291,0.8094244969276384
2026-08-17 07:02:00,20203.21,920.82,44674.49,49038.75,16.50050000000192,8.87550000000192,7.625,0.8591065292094361
2026-08-17 07:03:00,20203.24,920.93,44674.21,49038.52,16.27049999999872,8.880499999999302,7.389999999999418,0.8321603513315691
2026-08-17 07:04:00,20203.18,920.84,44674.61,49038.87,16.62050000000454,8.88550000000032,7.73500000000422,0.8705193855161715
2026-08-17 07:05:00,20202.93,921.26,44674.17,49038.38,16.1304999999993,8.890500000001339,7.239999999997963,0.814352398627397
2026-08-17 07:06:00,20202.59,922.09,44673.68,49037.78,15.530500000000757,8.895500000002357,6.634999999998399,0.7458827497045294
2026-08-17 07:07:00,20202.01,923.38,44673.27,49037.19,14.94050000000425,8.900500000003376,6.040000000000873,0.6786135610357376
2026-08-17 07:08:00,20202.4,923.23,44673.06,49037.17,14.920500000000175,8.905500000004395,6.01499999999578,0.6754252989717379
2026-08-17 07:09:00,20202.21,922.55,44673.06,49037.08,14.830500000003667,8.910500000005413,5.919999999998254,0.6643847146618772
2026-08-17 07:10:00,20203.44,920.74,44673.81,49038.23,15.980500000005122,8.925500000004831,7.055000000000291,0.7904319085761551
2026-08-17 07:11:00,20203.84,920.62,44674.27,49038.8,16.55050000000483,8.94050000000425,7.610000000000582,0.8511828197524708
2026-08-17 07:12:00,20202.16,922.37,44673.57,49037.5,15.25050000000192,8.94050000000425,6.309999999997672,0.7057770818180944
2026-08-17 07:13:00,20201.31,922.61,44673.04,49036.69,14.44050000000425,8.94050000000425,5.5,0.6151781220286769
2026-08-17 07:14:00,20202.16,922.17,44673.26,49037.23,14.980500000005122,8.94550000000163,6.0350000000034925,0.6746408808901003
2026-08-17 07:15:00,20201.72,921.83,44673.51,49037.28,15.030500000000757,8.95049999999901,6.080000000001746,0.6792916596840868
2026-08-17 07:16:00,20201.64,922.45,44673.49,49037.24,14.990499999999884,8.960500000001048,6.029999999998836,0.6729535182186408
2026-08-17 07:17:00,20201.81,922.64,44673.47,49037.3,15.050500000004831,8.970500000003085,6.080000000001746,0.6777771584638154
2026-08-17 07:18:00,20201.94,922.35,44673.37,49037.26,15.010500000003958,8.975500000004104,6.0349999999998545,0.6723859395016539
2026-08-17 07:19:00,20201.54,921.05,44673.35,49037.03,14.780500000000757,8.980500000005122,5.799999999995634,0.6458437726175966
2026-08-17 07:20:00,20201.02,921.25,44673.48,49036.98,14.730500000005122,8.980500000005122,5.75,0.6402761538886165
2026-08-17 07:21:00,20200.75,921.88,44673.41,49036.8,14.550500000004831,8.980500000005122,5.569999999999709,0.6202327264625056
2026-08-17 07:22:00,20200.08,922.99,44673.16,49036.32,14.07050000000163,8.990500000003522,5.079999999998108,0.5650408764802979
2026-08-17 07:23:00,20199.54,923.33,44672.82,49035.79,13.540500000002794,9.00050000000192,4.540000000000873,0.5044164213099166
2026-08-17 07:24:00,20199.64,924.05,44672.59,49035.64,13.390500000001339,9.00050000000192,4.389999999999418,0.48775068051758025
2026-08-17 07:25:00,20199.69,924.42,44672.29,49035.38,13.130499999999302,9.00050000000192,4.129999999997381,0.4588633964775845
2026-08-17 07:26:00,20199.65,923.58,44672.39,49035.44,13.19050000000425,9.00550000000294,4.18500000000131,0.46471600688467535
2026-08-17 07:27:00,20200.0,923.45,44672.91,49036.05,13.800500000004831,9.010500000003958,4.790000000000873,0.5316020198655756
2026-08-17 07:28:00,20200.19,923.79,44672.44,49035.71,13.460500000001048,9.015500000001339,4.444999999999709,0.4930397648493205
2026-08-17 07:29:00,20200.49,923.47,44672.5,49035.88,13.630499999999302,9.02049999999872,4.610000000000582,0.5110581453357614
2026-08-17 07:30:00,20200.38,922.88,44672.37,49035.7,13.45049999999901,9.025499999999738,4.424999999999272,0.49027754695024106
2026-08-17 07:31:00,20200.65,923.07,44672.37,49035.8,13.550500000004831,9.030500000000757,4.5200000000040745,0.5005259952387682
2026-08-17 07:32:00,20200.9,923.47,44672.3,49035.85,13.600500000000466,9.035500000001775,4.56499999999869,0.5052293730283651
2026-08-17 07:33:00,20200.89,923.06,44672.45,49035.98,13.730500000005122,9.040500000002794,4.690000000002328,0.5187766163376891
2026-08-17 07:34:00,20200.57,923.86,44672.18,49035.62,13.37050000000454,9.050500000001193,4.320000000003347,0.47732169493428844
2026-08-17 07:35:00,20200.57,924.25,44671.98,49035.45,13.20049999999901,9.060499999999593,4.139999999999418,0.45692842558353336
2026-08-17 07:36:00,20200.78,923.7,44672.07,49035.6,13.350500000000466,9.060499999999593,4.290000000000873,0.4734838033222301
2026-08-17 07:37:00,20200.55,923.45,44671.86,49035.32,13.07050000000163,9.060499999999593,4.010000000002037,0.4425804315437578
2026-08-17 07:38:00,20201.0,922.29,44672.3,49035.88,13.630499999999302,9.060499999999593,4.569999999999709,0.5043871751007024
2026-08-17 07:39:00,20201.05,921.89,44672.45,49036.03,13.780500000000757,9.060499999999593,4.720000000001164,0.5209425528393992
2026-08-17 07:40:00,20200.97,921.67,44671.99,49035.58,13.330500000003667,9.065500000000611,4.265000000003056,0.4704649495342528
2026-08-17 07:41:00,20200.63,922.7,44672.1,49035.57,13.32050000000163,9.07050000000163,4.25,0.46855189901320066
2026-08-17 07:42:00,20200.16,923.44,44671.66,49035.0,12.75050000000192,9.07050000000163,3.680000000000291,0.40571082079263876
2026-08-17 07:43:00,20199.58,923.81,44671.28,49034.41,12.160500000005413,9.07050000000163,3.0900000000037835,0.34066479245942655
2026-08-17 07:44:00,20199.41,923.48,44671.3,49034.35,12.100500000000466,9.075500000002648,3.024999999997817,0.33331496887190065
2026-08-17 07:45:00,20199.19,924.12,44671.25,49034.23,11.980500000005122,9.080500000003667,2.900000000001455,0.31936567369641367
2026-08-17 07:46:00,20198.98,924.33,44671.21,49034.12,11.87050000000454,9.085500000001048,2.7850000000034925,0.3065323867704773
2026-08-17 07:47:00,20199.21,924.07,44671.22,49034.22,11.970500000003085,9.090499999998428,2.8800000000046566,0.3168142566421159
2026-08-17 07:48:00,20199.29,924.01,44671.16,49034.19,11.94050000000425,9.110499999998865,2.830000000005384,0.3106305910768604
2026-08-17 07:49:00,20199.08,924.22,44670.99,49033.95,11.70049999999901,9.130499999999302,2.569999999999709,0.2814741799463234
2026-08-17 07:50:00,20198.94,924.21,44670.95,49033.87,11.62050000000454,9.140500000001339,2.4800000000032014,0.27131994967483597
2026-08-17 07:51:00,20198.28,925.05,44670.86,49033.52,11.27049999999872,9.150500000003376,2.1199999999953434,0.23168132888853737
2026-08-17 07:52:00,20198.02,925.66,44670.44,49033.06,10.810499999999593,9.150500000003376,1.6599999999962165,0.18141085186553785
2026-08-17 07:53:00,20198.69,924.96,44670.56,49033.44,11.19050000000425,9.150500000003376,2.040000000000873,0.22293863723295126
2026-08-17 07:54:00,20197.49,924.57,44670.67,49033.0,10.75050000000192,9.165500000002794,1.5849999999991269,0.17293110032171116
2026-08-17 07:55:00,20197.64,924.85,44670.39,49032.82,10.57050000000163,9.180500000002212,1.389999999999418,0.15140787538795086
2026-08-17 07:56:00,20197.65,925.67,44670.15,49032.66,10.410500000005413,9.190500000000611,1.2200000000048021,0.13274577008919222
2026-08-17 07:57:00,20197.12,925.94,44669.99,49032.33,10.080500000003667,9.20049999999901,0.8800000000046566,0.09564697570835838
2026-08-17 07:58:00,20197.21,925.55,44670.27,49032.62,10.37050000000454,9.205500000000029,1.165000000004511,0.12655477703595758
2026-08-17 07:59:00,20196.85,924.51,44670.37,49032.53,10.280500000000757,9.210500000001048,1.069999999999709,0.11617176049069945
2026-08-17 08:00:00,20196.6,925.94,44670.2,49032.31,10.060499999999593,9.210500000001048,0.8499999999985448,0.09228597795976853
2026-08-17 08:01:00,20196.86,926.65,44669.94,49032.18,9.930500000002212,9.210500000001048,0.7200000000011642,0.07817165191912298
2026-08-17 08:02:00,20196.93,926.44,44670.04,49032.29,10.040500000002794,9.220500000003085,0.819999999999709,0.08893227048418574
2026-08-17 08:03:00,20196.82,925.5,44670.26,49032.42,10.170500000000175,9.230500000005122,0.9399999999950523,0.10183630355826127
2026-08-17 08:04:00,20196.78,925.39,44670.11,49032.26,10.010500000003958,9.235500000002503,0.7750000000014552,0.08391532672851985
2026-08-17 08:05:00,20196.78,925.95,44670.22,49032.36,10.110500000002503,9.240499999999884,0.8700000000026193,0.09415074941860617
2026-08-17 08:06:00,20196.5,925.81,44670.1,49032.15,9.900500000003376,9.240499999999884,0.6600000000034925,0.07142470645565724
2026-08-17 08:07:00,20195.96,925.78,44669.83,49031.7,9.45049999999901,9.240499999999884,0.20999999999912689,0.022726042962948924
2026-08-17 08:08:00,20195.93,925.87,44669.76,49031.61,9.360500000002503,9.240499999999884,0.12000000000261934,0.012986310264879699
2026-08-17 08:09:00,20195.33,926.11,44669.72,49031.32,9.07050000000163,9.240499999999884,-0.16999999999825377,0.01839727287465569
2026-08-17 08:10:00,20195.19,925.53,44669.83,49031.38,9.130499999999302,9.26050000000032,-0.13000000000101863,0.014038118892177976
2026-08-17 08:11:00,20195.3,925.34,44670.03,49031.6,9.350500000000466,9.280500000000757,0.06999999999970896,0.007542697052928533
2026-08-17 08:12:00,20195.31,925.1,44669.95,49031.53,9.280500000000757,9.280500000000757,0.0,0.0
2026-08-17 08:13:00,20195.29,924.73,44669.94,49031.54,9.290500000002794,9.280500000000757,0.010000000002037268,0.0010775281506423633
2026-08-17 08:14:00,20195.09,924.57,44670.0,49031.49,9.240499999999884,9.285500000001775,-0.04500000000189175,0.004846265683257029
2026-08-17 08:15:00,20194.23,925.12,44669.97,49031.12,8.87050000000454,9.290500000002794,-0.41999999999825377,0.045207469996031154
2026-08-17 08:16:00,20193.84,925.08,44669.71,49030.73,8.480500000005122,9.295500000003813,-0.8149999999986903,0.087676832875946
2026-08-17 08:17:00,20193.75,925.41,44669.73,49030.72,8.470500000003085,9.300500000004831,-0.8300000000017462,0.08924251384348315
2026-08-17 08:18:00,20193.58,925.25,44669.57,49030.5,8.25050000000192,9.305500000002212,-1.055000000000291,0.11337381118693679
2026-08-17 08:19:00,20193.14,925.12,44669.29,49030.07,7.82050000000163,9.310499999999593,-1.4899999999979627,0.1600343697973286
2026-08-17 08:20:00,20193.2,924.22,44669.55,49030.3,8.050500000004831,9.32050000000163,-1.2699999999967986,0.13625878439961123
2026-08-17 08:21:00,20194.1,923.46,44670.05,49031.11,8.860500000002503,9.330500000003667,-0.47000000000116415,0.05037243448914629
2026-08-17 08:22:00,20194.25,923.8,44669.87,49031.0,8.75050000000192,9.330500000003667,-0.5800000000017462,0.062161727667490306
2026-08-17 08:23:00,20194.07,923.68,44669.65,49030.71,8.460500000001048,9.330500000003667,-0.8700000000026193,0.09324259150123546
2026-08-17 08:24:00,20193.27,923.92,44669.39,49030.17,7.920500000000175,9.340500000002066,-1.4200000000018917,0.1520261227987343
2026-08-17 08:25:00,20192.9,924.25,44669.51,49030.12,7.87050000000454,9.350500000000466,-1.4799999999959255,0.15828030586555283
2026-08-17 08:26:00,20192.79,924.43,44669.0,49029.62,7.37050000000454,9.350500000000466,-1.9799999999959255,0.21175338217163006
2026-08-17 08:27:00,20193.01,924.07,44669.35,49030.02,7.770499999998719,9.350500000000466,-1.5800000000017462,0.1689749211273908
2026-08-17 08:28:00,20193.59,923.19,44669.68,49030.56,8.310499999999593,9.355500000001484,-1.0450000000018917,0.11169900058807396
2026-08-17 08:29:00,20193.15,923.38,44669.43,49030.13,7.8804999999993015,9.360500000002503,-1.4800000000032014,0.1581112120082053
2026-08-17 08:30:00,20192.94,922.72,44669.45,49030.06,7.8104999999995925,9.360500000002503,-1.5500000000029104,0.1655894450085461
2026-08-17 08:31:00,20192.69,922.61,44669.35,49029.85,7.600500000000466,9.360500000002503,-1.7600000000020373,0.18802414400956857
2026-08-17 08:32:00,20191.95,922.74,44669.37,49029.57,7.32050000000163,9.370500000000902,-2.0499999999992724,0.21877167707156236
2026-08-17 08:33:00,20191.91,922.09,44669.42,49029.61,7.360500000002503,9.380499999999302,-2.0199999999967986,0.2153403336705878
2026-08-17 08:34:00,20192.15,921.29,44669.82,49030.05,7.800500000004831,9.38550000000032,-1.584999999995489,0.1688775238394795
2026-08-17 08:35:00,20192.35,920.91,44670.04,49030.33,8.080500000003667,9.390500000001339,-1.3099999999976717,0.13950268888743783
2026-08-17 08:36:00,20192.07,920.51,44670.26,49030.41,8.160500000005413,9.395500000002357,-1.234999999996944,0.13144590495414127
2026-08-17 08:37:00,20191.48,920.15,44670.16,49030.06,7.8104999999995925,9.400500000003376,-1.5900000000037835,0.16913993936526914
2026-08-17 08:38:00,20191.08,920.69,44669.8,49029.57,7.32050000000163,9.400500000003376,-2.0800000000017462,0.2212648263391308
2026-08-17 08:39:00,20190.87,920.88,44669.5,49029.23,6.980500000005122,9.400500000003376,-2.4199999999982538,0.2574331152595484
2026-08-17 08:40:00,20191.12,920.96,44669.8,49029.62,7.37050000000454,9.405500000004395,-2.0349999999998545,0.21636276646631264
2026-08-17 08:41:00,20190.64,920.51,44669.58,49029.22,6.970500000003085,9.410500000005413,-2.4400000000023283,0.2592848414006615
2026-08-17 08:42:00,20190.79,920.35,44669.77,49029.44,7.190500000004249,9.410500000005413,-2.220000000001164,0.2359066999627955
2026-08-17 08:43:00,20190.82,920.45,44669.61,49029.31,7.0604999999995925,9.410500000005413,-2.3500000000058208,0.24972105626741076
2026-08-17 08:44:00,20190.58,920.68,44669.28,49028.91,6.660500000005413,9.420500000003813,-2.7599999999983993,0.2929780797194716
2026-08-17 08:45:00,20190.67,920.4,44669.28,49028.96,6.710500000001048,9.430500000002212,-2.720000000001164,0.2884258522878454
2026-08-17 08:46:00,20191.25,919.99,44669.39,49029.27,7.020499999998719,9.43550000000323,-2.415000000004511,0.25594828043068035
2026-08-17 08:47:00,20191.22,920.31,44669.19,49029.06,6.8104999999995925,9.44050000000425,-2.6300000000046566,0.2785869392514669
2026-08-17 08:48:00,20190.87,920.41,44668.79,49028.57,6.32050000000163,9.43550000000323,-3.1150000000016007,0.330136187801445
2026-08-17 08:49:00,20190.75,919.98,44668.93,49028.65,6.400500000003376,9.430500000002212,-3.029999999998836,0.32129791633509625
2026-08-17 08:50:00,20190.58,919.63,44668.85,49028.51,6.260500000003958,9.420500000003813,-3.1599999999998545,0.33543867098334224
2026-08-17 08:51:00,20190.14,919.13,44669.03,49028.47,6.220500000003085,9.410500000005413,-3.1900000000023283,0.33898305084751007
2026-08-17 08:52:00,20190.0,919.3,44668.85,49028.26,6.010500000003958,9.410500000005413,-3.400000000001455,0.36129854949253487
2026-08-17 08:53:00,20189.76,919.49,44668.52,49027.89,5.640500000001339,9.410500000005413,-3.7700000000040745,0.4006163328199252
2026-08-17 08:54:00,20189.34,919.65,44668.6,49027.76,5.510500000003958,9.405500000004395,-3.8950000000004366,0.41411939822429605
2026-08-17 08:55:00,20189.58,919.63,44668.69,49027.94,5.690500000004249,9.400500000003376,-3.709999999999127,0.3946598585179293
2026-08-17 08:56:00,20189.81,919.08,44668.74,49028.08,5.830500000003667,9.400500000003376,-3.569999999999709,0.37976703366825454
2026-08-17 08:57:00,20189.87,918.89,44668.79,49028.12,5.87050000000454,9.400500000003376,-3.529999999998836,0.3755119408539512
2026-08-17 08:58:00,20189.05,918.73,44668.28,49027.34,5.090499999998428,9.395500000002357,-4.305000000003929,0.4581980735461496
2026-08-17 08:59:00,20189.06,918.54,44668.39,49027.43,5.180500000002212,9.390500000001339,-4.209999999999127,0.4483254352801796
2026-08-17 09:00:00,20189.27,918.45,44668.48,49027.6,5.350500000000466,9.38550000000032,-4.0349999999998545,0.4299184912897253
2026-08-17 09:01:00,20188.79,918.55,44668.07,49027.03,4.780500000000757,9.380499999999302,-4.599999999998545,0.49037897766631705
2026-08-17 09:02:00,20188.62,918.56,44667.94,49026.85,4.600500000000466,9.370500000000902,-4.770000000000437,0.5090443412838138
2026-08-17 09:03:00,20188.74,918.27,44668.28,49027.22,4.970500000003085,9.360500000002503,-4.389999999999418,0.46899204102326203
2026-08-17 09:04:00,20188.32,918.31,44668.19,49026.96,4.710500000001048,9.360500000002503,-4.650000000001455,0.49676833502486106
2026-08-17 09:05:00,20188.02,918.62,44668.03,49026.69,4.440500000004249,9.360500000002503,-4.919999999998254,0.5256129480259536
2026-08-17 09:06:00,20187.72,918.53,44667.99,49026.53,4.280500000000757,9.355500000001484,-5.075000000000728,0.5424616535727564
2026-08-17 09:07:00,20187.65,918.5,44667.84,49026.36,4.110500000002503,9.360500000002503,-5.25,0.5608674750278934
2026-08-17 09:08:00,20187.68,918.65,44667.9,49026.41,4.160500000005413,9.360500000002503,-5.19999999999709,0.5555258800273168
2026-08-17 09:09:00,20187.56,918.56,44667.9,49026.37,4.12050000000454,9.360500000002503,-5.239999999997963,0.5597991560276226
2026-08-17 09:10:00,20187.76,917.91,44667.91,49026.45,4.2004999999990105,9.370500000000902,-5.170000000001892,0.5517314977857525
2026-08-17 09:11:00,20187.13,918.24,44667.85,49026.14,3.8905000000013388,9.380499999999302,-5.489999999997963,0.5852566494321594
2026-08-17 09:12:00,20186.96,918.59,44667.7,49025.96,3.7105000000010477,9.38550000000032,-5.674999999999272,0.6046561184805369
2026-08-17 09:13:00,20186.68,918.55,44667.73,49025.38,3.1304999999993015,9.390500000001339,-6.260000000002037,0.6666311697993871
2026-08-17 09:14:00,20186.37,918.3,44667.76,49025.74,3.4904999999998836,9.38550000000032,-5.895000000000437,0.6280965318843147
2026-08-17 09:15:00,20186.62,918.32,44667.83,49025.91,3.6605000000054133,9.390500000001339,-5.7299999999959255,0.6101911506304359
2026-08-17 09:16:00,20186.4,918.36,44667.83,49025.82,3.57050000000163,9.395500000002357,-5.825000000000728,0.6199776488743831
2026-08-17 09:17:00,20186.39,917.66,44668.01,49025.98,3.7305000000051223,9.400500000003376,-5.669999999998254,0.60315940641415
2026-08-17 09:18:00,20186.7,917.21,44668.27,49026.33,4.080500000003667,9.400500000003376,-5.319999999999709,0.5659273442899632
2026-08-17 09:19:00,20186.16,917.61,44667.87,49025.76,3.510500000003958,9.400500000003376,-5.889999999999418,0.6265624168924315
2026-08-17 09:20:00,20186.57,917.59,44668.02,49025.63,3.3804999999993015,9.400500000003376,-6.0200000000040745,0.640391468539111
2026-08-17 09:21:00,20186.13,917.66,44667.86,49025.74,3.4904999999998836,9.400500000003376,-5.9100000000034925,0.6286899632999702
2026-08-17 09:22:00,20185.32,917.63,44667.73,49025.29,3.040500000002794,9.405500000004395,-6.365000000001601,0.6767316995373587
2026-08-17 09:23:00,20185.59,917.54,44667.8,49025.46,3.2105000000010477,9.410500000005413,-6.200000000004366,0.6588385314277455
2026-08-17 09:24:00,20186.25,917.39,44667.69,49025.62,3.37050000000454,9.410500000005413,-6.040000000000873,0.64183624674538
2026-08-17 09:25:00,20187.11,917.59,44667.72,49026.0,3.750500000001921,9.410500000005413,-5.6600000000034925,0.6014558206259217
2026-08-17 09:26:00,20187.55,917.64,44667.67,49026.17,3.9205000000001746,9.420500000003813,-5.500000000003638,0.5838331298764834
2026-08-17 09:27:00,20187.92,916.9,44668.01,49026.59,4.340499999998428,9.430500000002212,-5.0900000000037835,0.5397380838770574
2026-08-17 09:28:00,20187.1,916.68,44667.34,49025.65,3.400500000003376,9.43550000000323,-6.0349999999998545,0.6396057442634506
2026-08-17 09:29:00,20187.63,916.48,44667.81,49026.29,4.040500000002794,9.44050000000425,-5.400000000001455,0.5720036015040543
2026-08-17 09:30:00,20186.73,916.92,44667.59,49025.71,3.4605000000010477,9.44550000000163,-5.985000000000582,0.6336350643162935
2026-08-17 09:31:00,20186.64,916.92,44667.51,49025.61,3.360500000002503,9.45049999999901,-6.0899999999965075,0.644410348658499
2026-08-17 09:32:00,20186.63,916.75,44667.86,49025.93,3.680500000002212,9.455500000000029,-5.774999999997817,0.6107556448625455
2026-08-17 09:33:00,20186.7,916.6,44667.91,49025.99,3.7404999999998836,9.460500000001048,-5.720000000001164,0.6046192061730914
2026-08-17 09:34:00,20186.7,916.53,44667.44,49025.56,3.3104999999995925,9.460500000001048,-6.150000000001455,0.6500713492945166
2026-08-17 09:35:00,20187.27,916.03,44667.93,49026.24,3.9904999999998836,9.460500000001048,-5.470000000001164,0.5781935415676295
2026-08-17 09:36:00,20186.47,916.71,44667.58,49025.62,3.37050000000454,9.470500000003085,-6.099999999998545,0.6441053798634241
2026-08-17 09:37:00,20186.15,916.86,44667.46,49025.37,3.12050000000454,9.480500000005122,-6.360000000000582,0.6708506935285212
2026-08-17 09:38:00,20186.47,917.29,44667.34,49025.43,3.180500000002212,9.480500000005122,-6.30000000000291,0.6645219134011399
2026-08-17 09:39:00,20186.44,917.31,44667.18,49025.25,3.000500000001921,9.480500000005122,-6.480000000003201,0.6835082537840516
2026-08-17 09:40:00,20186.05,917.32,44666.62,49024.59,2.3404999999984284,9.480500000005122,-7.140000000006694,0.7531248351883166
2026-08-17 09:41:00,20187.14,916.92,44667.4,49025.72,3.470500000003085,9.480500000005122,-6.010000000002037,0.6339328094508507
2026-08-17 09:42:00,20186.85,916.96,44667.44,49025.65,3.400500000003376,9.485500000002503,-6.084999999999127,0.641505455695274
2026-08-17 09:43:00,20186.51,916.81,44666.9,49025.02,2.7704999999987194,9.490499999999884,-6.720000000001164,0.7080764975503131
2026-08-17 09:44:00,20186.99,916.74,44666.79,49025.12,2.87050000000454,9.505499999999302,-6.634999999994761,0.698016937561964
2026-08-17 09:45:00,20187.32,916.71,44666.91,49025.35,3.1005000000004657,9.52049999999872,-6.419999999998254,0.6743343311799924
2026-08-17 09:46:00,20187.33,916.87,44667.09,49025.52,3.2704999999987194,9.525499999999738,-6.255000000001019,0.65665844312647
2026-08-17 09:47:00,20186.77,916.95,44666.74,49024.96,2.7105000000010477,9.530500000000757,-6.819999999999709,0.7155972929016492
2026-08-17 09:48:00,20186.5,917.04,44666.57,49024.7,2.4504999999990105,9.545500000000175,-7.095000000001164,0.7432821748468948
2026-08-17 09:49:00,20186.55,916.75,44666.62,49024.77,2.5204999999987194,9.560499999999593,-7.040000000000873,0.7363631609226686
2026-08-17 09:50:00,20187.08,916.32,44666.85,49025.18,2.930500000002212,9.560499999999593,-6.629999999997381,0.6934783745617554
2026-08-17 09:51:00,20187.53,916.2,44666.92,49025.42,3.1705000000001746,9.560499999999593,-6.389999999999418,0.6683750849850625
2026-08-17 09:52:00,20187.48,916.26,44666.74,49025.24,2.9904999999998836,9.565500000000611,-6.575000000000728,0.687366055093859
2026-08-17 09:53:00,20187.17,916.48,44666.61,49025.0,2.750500000001921,9.57050000000163,-6.819999999999709,0.7126064468939499
2026-08-17 09:54:00,20187.37,916.87,44666.8,49025.28,3.0305000000007567,9.575500000002648,-6.545000000001892,0.6835152211372859
2026-08-17 09:55:00,20187.26,915.92,44666.36,49024.82,2.57050000000163,9.580500000003667,-7.010000000002037,0.7316945879650701
2026-08-17 09:56:00,20187.1,915.88,44666.18,49024.58,2.330500000003667,9.580500000003667,-7.25,0.7567454725742107
2026-08-17 09:57:00,20186.55,915.85,44666.23,49024.42,2.1705000000001746,9.580500000003667,-7.4100000000034925,0.7734460623141439
2026-08-17 09:58:00,20186.43,915.75,44666.5,49024.6,2.3505000000004657,9.585500000001048,-7.235000000000582,0.7547858744979178
2026-08-17 09:59:00,20186.05,915.56,44666.15,49024.11,1.860500000002503,9.590499999998428,-7.7299999999959255,0.8060059433811785
2026-08-17 10:00:00,20185.74,915.97,44666.1,49023.95,1.7004999999990105,9.595499999999447,-7.895000000000437,0.8227815121672546
2026-08-17 10:01:00,20186.29,915.83,44666.3,49024.37,2.12050000000454,9.600500000000466,-7.4799999999959255,0.779126087182497
2026-08-17 10:02:00,20186.33,915.94,44666.19,49024.28,2.0305000000007567,9.610500000002503,-7.580000000001746,0.7887206701003873
2026-08-17 10:03:00,20186.67,915.82,44666.04,49024.28,2.0305000000007567,9.62050000000454,-7.5900000000037835,0.7889402837690558
2026-08-17 10:04:00,20186.84,915.92,44665.87,49024.19,1.9405000000042492,9.62550000000192,-7.684999999997672,0.7984000831121644
2026-08-17 10:05:00,20186.71,916.14,44665.64,49023.93,1.680500000002212,9.630499999999302,-7.94999999999709,0.825502310367859
2026-08-17 10:06:00,20186.99,916.16,44665.48,49023.89,1.6405000000013388,9.630499999999302,-7.989999999997963,0.8296557811119404
2026-08-17 10:07:00,20187.44,916.07,44665.38,49023.97,1.720500000003085,9.630499999999302,-7.9099999999962165,0.8213488396237776
2026-08-17 10:08:00,20187.77,915.59,44665.23,49023.96,1.7105000000010477,9.630499999999302,-7.919999999998254,0.8223872073099868
2026-08-17 10:09:00,20187.36,915.03,44665.1,49023.67,1.4205000000001746,9.630499999999302,-8.209999999999127,0.8524998702040104
2026-08-17 10:10:00,20186.79,915.19,44665.15,49023.48,1.2305000000051223,9.63550000000032,-8.404999999995198,0.8722951585278313
2026-08-17 10:11:00,20186.9,915.47,44665.08,49023.46,1.2105000000010477,9.640500000001339,-8.430000000000291,0.8744359732378113
2026-08-17 10:12:00,20186.67,915.81,44664.51,49022.86,0.6105000000025029,9.640500000001339,-9.029999999998836,0.9366734090552961
2026-08-17 10:13:00,20187.58,915.92,44664.54,49023.26,1.0105000000039581,9.640500000001339,-8.62999999999738,0.8951817851767213
2026-08-17 10:14:00,20187.95,915.69,44664.59,49023.44,1.1905000000042492,9.645500000002357,-8.454999999998108,0.8765745684511992
2026-08-17 10:15:00,20188.18,915.29,44664.47,49023.41,1.1605000000054133,9.650500000003376,-8.489999999997963,0.8797471633588926
2026-08-17 10:16:00,20189.17,914.44,44664.77,49024.08,1.830500000003667,9.650500000003376,-7.819999999999709,0.8103207087712526
2026-08-17 10:17:00,20189.93,913.9,44664.96,49024.56,2.3104999999995925,9.650500000003376,-7.3400000000037835,0.7605823532460718
2026-08-17 10:18:00,20189.93,914.07,44664.47,49024.12,1.8705000000045402,9.660500000001775,-7.789999999997235,0.8063764815481397
2026-08-17 10:19:00,20190.16,913.65,44664.14,49023.91,1.6605000000054133,9.670500000000175,-8.009999999994761,0.828292228943138
2026-08-17 10:20:00,20190.61,912.93,44664.29,49024.22,1.970500000003085,9.670500000000175,-7.69999999999709,0.7962359753887546
2026-08-17 10:21:00,20190.42,912.89,44664.19,49024.05,1.8005000000048312,9.670500000000175,-7.869999999995343,0.8138152112088518
2026-08-17 10:22:00,20190.57,912.59,44664.07,49024.01,1.7605000000039581,9.675500000001193,-7.914999999997235,0.8180455790394563
2026-08-17 10:23:00,20190.58,912.68,44663.79,49023.74,1.4904999999998836,9.680500000002212,-8.190000000002328,0.8460306802335062
2026-08-17 10:24:00,20191.06,912.32,44663.52,49023.67,1.4205000000001746,9.68550000000323,-8.265000000003056,0.8533374632182437
2026-08-17 10:25:00,20191.52,912.05,44663.6,49023.92,1.6705000000001746,9.69050000000425,-8.020000000004075,0.8276146741654773
2026-08-17 10:26:00,20191.93,911.84,44663.55,49024.05,1.8005000000048312,9.700500000002648,-7.899999999997817,0.8143910107721932
2026-08-17 10:27:00,20192.81,911.2,44663.89,49024.71,2.4605000000010477,9.710500000001048,-7.25,0.7466144894700806
2026-08-17 10:28:00,20192.91,911.24,44663.61,49024.49,2.2404999999998836,9.715500000002066,-7.475000000002183,0.7693891204776484
2026-08-17 10:29:00,20192.43,910.9,44662.95,49023.68,1.430500000002212,9.720500000003085,-8.290000000000873,0.8528367882308773
2026-08-17 10:30:00,20192.71,910.55,44663.34,49024.15,1.900500000003376,9.720500000003085,-7.819999999999709,0.804485365978831
2026-08-17 10:31:00,20192.68,910.51,44663.39,49024.18,1.930500000002212,9.720500000003085,-7.790000000000873,0.801399104984147
2026-08-17 10:32:00,20191.5,910.77,44662.6,49023.0,0.7505000000019209,9.725500000004104,-8.975000000002183,0.9228317310162353
2026-08-17 10:33:00,20192.5,909.95,44663.46,49024.2,1.9504999999990105,9.730500000005122,-7.780000000006112,0.7995478135760768
2026-08-17 10:34:00,20191.8,909.86,44663.31,49023.74,1.4904999999998836,9.730500000005122,-8.240000000005239,0.8468218488259495
2026-08-17 10:35:00,20191.23,910.1,44662.76,49023.02,0.7704999999987194,9.730500000005122,-8.960000000006403,0.9208159909564448
2026-08-17 10:36:00,20192.2,909.55,44663.18,49023.8,1.5505000000048312,9.740500000003522,-8.18999999999869,0.8408192597911534
2026-08-17 10:37:00,20192.6,909.26,44663.19,49023.96,1.7105000000010477,9.75050000000192,-8.040000000000873,0.8245730988153724
2026-08-17 10:38:00,20192.37,909.12,44662.99,49023.68,1.430500000002212,9.75550000000294,-8.325000000000728,0.8533647685918937
2026-08-17 10:39:00,20192.08,909.1,44662.69,49023.28,1.0305000000007567,9.760500000003958,-8.730000000003201,0.8944213923466688
2026-08-17 10:40:00,20192.24,909.2,44662.82,49023.48,1.2305000000051223,9.760500000003958,-8.529999999998836,0.8739306387987682
2026-08-17 10:41:00,20192.2,909.4,44662.3,49022.98,0.7305000000051223,9.760500000003958,-9.029999999998836,0.9251575226674017
2026-08-17 10:42:00,20192.58,909.0,44662.2,49023.04,0.790500000002794,9.765500000001339,-8.974999999998545,0.9190517638623025
2026-08-17 10:43:00,20192.53,908.44,44662.31,49023.11,0.8605000000025029,9.77049999999872,-8.909999999996217,0.9119287651601642
2026-08-17 10:44:00,20192.94,907.98,44662.64,49023.55,1.3005000000048312,9.77049999999872,-8.469999999993888,0.8668952458927381
2026-08-17 10:45:00,20192.89,907.51,44662.45,49023.35,1.1005000000004657,9.77049999999872,-8.669999999998254,0.8873650273782703
2026-08-17 10:46:00,20193.41,907.09,44662.46,49023.57,1.3205000000016298,9.775499999999738,-8.454999999998108,0.8649173955294701
2026-08-17 10:47:00,20193.48,907.17,44662.18,49023.36,1.110500000002503,9.780500000000757,-8.669999999998254,0.8864577475586711
2026-08-17 10:48:00,20193.63,906.95,44662.19,49023.43,1.180500000002212,9.785500000001775,-8.604999999999563,0.8793623218024631
2026-08-17 10:49:00,20193.19,906.97,44661.85,49022.94,0.6905000000042492,9.790500000002794,-9.099999999998545,0.9294724477805983
2026-08-17 10:50:00,20193.58,906.98,44662.05,49023.29,1.040500000002794,9.790500000002794,-8.75,0.8937235074814874
2026-08-17 10:51:00,20194.09,906.32,44662.29,49023.69,1.4405000000042492,9.790500000002794,-8.349999999998545,0.8528675757107566
2026-08-17 10:52:00,20193.67,905.88,44662.14,49023.39,1.1405000000013388,9.800500000001193,-8.659999999999854,0.8836283863066986
2026-08-17 10:53:00,20193.14,905.92,44661.9,49022.96,0.7105000000010477,9.810499999999593,-9.099999999998545,0.9275775954333544
2026-08-17 10:54:00,20193.5,905.59,44661.93,49023.12,0.8705000000045402,9.810499999999593,-8.939999999995052,0.9112685388099917
2026-08-17 10:55:00,20193.93,904.89,44662.22,49023.55,1.3005000000048312,9.810499999999593,-8.509999999994761,0.8674379491356317
2026-08-17 10:56:00,20194.25,904.42,44662.03,49023.49,1.2404999999998836,9.815500000000611,-8.575000000000728,0.8736182568386932
2026-08-17 10:57:00,20194.89,904.05,44662.15,49023.85,1.6005000000004657,9.82050000000163,-8.220000000001164,0.8370245914158954
2026-08-17 10:58:00,20195.83,903.59,44662.28,49024.34,2.0904999999984284,9.82050000000163,-7.730000000003201,0.7871289649205151
2026-08-17 10:59:00,20195.56,902.85,44662.08,49024.02,1.7704999999987194,9.82050000000163,-8.05000000000291,0.8197138638563795
2026-08-17 11:00:00,20195.18,902.75,44661.92,49023.74,1.4904999999998836,9.82050000000163,-8.330000000001746,0.8482256504251682
2026-08-17 11:01:00,20195.67,902.5,44662.32,49024.29,2.040500000002794,9.82050000000163,-7.779999999998836,0.792220355378804
2026-08-17 11:02:00,20195.52,902.77,44662.0,49023.93,1.680500000002212,9.825500000002648,-8.145000000000437,0.8289654470508616
2026-08-17 11:03:00,20195.8,902.36,44661.93,49023.98,1.7305000000051223,9.830500000003667,-8.099999999998545,0.8239662275566373
2026-08-17 11:04:00,20196.09,901.82,44661.97,49024.13,1.8804999999993015,9.830500000003667,-7.950000000004366,0.8087075937135852
2026-08-17 11:05:00,20195.96,901.62,44661.99,49024.08,1.830500000003667,9.830500000003667,-8.0,0.8137938049943559
2026-08-17 11:06:00,20195.55,901.55,44661.66,49023.62,1.3705000000045402,9.835500000001048,-8.464999999996508,0.8606578211576031
2026-08-17 11:07:00,20196.01,901.07,44661.62,49023.77,1.5204999999987194,9.840499999998428,-8.319999999999709,0.845485493623397
2026-08-17 11:08:00,20196.83,900.87,44661.48,49023.96,1.7105000000010477,9.850500000000466,-8.139999999999418,0.8263539921830397
2026-08-17 11:09:00,20197.0,900.56,44661.41,49023.97,1.720500000003085,9.860500000002503,-8.139999999999418,0.8255159474668984
2026-08-17 11:10:00,20197.56,900.19,44661.7,49024.46,2.2105000000010477,9.865500000003522,-7.655000000002474,0.7759363438244125
2026-08-17 11:11:00,20197.54,899.83,44661.51,49024.29,2.040500000002794,9.87050000000454,-7.830000000001746,0.7932728838456152
2026-08-17 11:12:00,20197.73,899.82,44661.61,49024.46,2.2105000000010477,9.87550000000192,-7.665000000000873,0.776163232241343
2026-08-17 11:13:00,20196.7,899.84,44661.08,49023.57,1.3205000000016298,9.880499999999302,-8.559999999997672,0.8663529173623072
2026-08-17 11:14:00,20196.57,899.75,44661.02,49023.47,1.220500000003085,9.880499999999302,-8.659999999996217,0.8764738626584514
2026-08-17 11:15:00,20196.94,899.34,44661.3,49023.84,1.5904999999984284,9.880499999999302,-8.290000000000873,0.8390263650626445
2026-08-17 11:16:00,20196.86,899.49,44661.31,49023.81,1.5604999999995925,9.890500000001339,-8.330000000001746,0.8422223345635326
2026-08-17 11:17:00,20196.09,899.27,44661.13,49023.34,1.0904999999984284,9.900500000003376,-8.810000000004948,0.8898540477755612
2026-08-17 11:18:00,20196.06,899.6,44661.1,49023.3,1.0505000000048312,9.905500000004395,-8.854999999999563,0.8939478067735738
2026-08-17 11:19:00,20196.47,899.62,44660.71,49023.12,0.8705000000045402,9.910500000005413,-9.040000000000873,0.9121638666057147
2026-08-17 11:20:00,20196.45,899.14,44660.52,49022.93,0.6805000000022119,9.915500000002794,-9.235000000000582,0.9313700771517301
2026-08-17 11:21:00,20196.08,898.59,44660.56,49022.81,0.5604999999995925,9.920500000000175,-9.360000000000582,0.943500831611352
2026-08-17 11:22:00,20195.74,898.67,44660.52,49022.62,0.3705000000045402,9.925500000001193,-9.554999999996653,0.962671905696993
2026-08-17 11:23:00,20195.85,898.69,44660.45,49022.62,0.3705000000045402,9.930500000002212,-9.559999999997672,0.9626907003671056
2026-08-17 11:24:00,20195.87,898.66,44660.39,49022.58,0.3305000000036671,9.93550000000323,-9.604999999999563,0.9667354436109346
2026-08-17 11:25:00,20195.45,898.2,44660.08,49022.11,0.1,9.94050000000425,-9.84050000000425,0.9899401438559472
2026-08-17 11:26:00,20195.04,898.11,44659.81,49021.7,0.1,9.94550000000163,-9.84550000000163,0.9899452013473446
2026-08-17 11:27:00,20195.47,898.47,44659.87,49021.94,0.1,9.95049999999901,-9.85049999999901,0.9899502537560917
2026-08-17 11:28:00,20195.78,898.35,44659.57,49021.79,0.1,9.95049999999901,-9.85049999999901,0.9899502537560917
2026-08-17 11:29:00,20196.84,897.23,44660.22,49022.79,0.540500000002794,9.95049999999901,-9.409999999996217,0.9456811215513946
2026-08-17 11:30:00,20197.16,896.71,44660.22,49022.92,0.6705000000001746,9.955500000000029,-9.284999999999854,0.9326502938074258
2026-08-17 11:31:00,20197.63,896.28,44660.14,49023.01,0.7605000000039581,9.960500000001048,-9.19999999999709,0.9236484112239468
2026-08-17 11:32:00,20197.37,895.77,44660.14,49022.91,0.6605000000054133,9.960500000001048,-9.299999999995634,0.9336880678675424
2026-08-17 11:33:00,20196.92,895.84,44659.59,49022.23,0.1,9.960500000001048,-9.860500000001048,0.9899603433562583
2026-08-17 11:34:00,20196.7,895.34,44659.55,49022.09,0.1,9.965500000002066,-9.865500000002067,0.9899653805629443
2026-08-17 11:35:00,20197.61,894.96,44659.98,49022.86,0.6105000000025029,9.970500000003085,-9.360000000000582,0.9387693696402072
2026-08-17 11:36:00,20197.86,894.75,44659.86,49022.85,0.6005000000004657,9.970500000003085,-9.37000000000262,0.9397723283686595
2026-08-17 11:37:00,20197.73,894.44,44659.79,49022.72,0.470500000003085,9.970500000003085,-9.5,0.9528107918356211
2026-08-17 11:38:00,20197.49,894.28,44659.58,49022.44,0.19050000000424916,9.975500000004104,-9.784999999999854,0.9809032128711171
2026-08-17 11:39:00,20197.58,894.28,44659.27,49022.18,0.1,9.980500000005122,-9.880500000005123,0.9899804619007115
2026-08-17 11:40:00,20197.41,894.14,44659.15,49022.01,0.1,9.980500000005122,-9.880500000005123,0.9899804619007115
2026-08-17 11:41:00,20198.11,893.54,44659.54,49022.66,0.4105000000054133,9.980500000005122,-9.569999999999709,0.9588697961018784
2026-08-17 11:42:00,20198.32,893.18,44659.49,49022.69,0.44050000000424916,9.985500000002503,-9.544999999998254,0.9558860347499736
2026-08-17 11:43:00,20198.09,892.99,44659.12,49022.24,0.1,9.990499999999884,-9.890499999999884,0.989990490966418
2026-08-17 11:44:00,20198.36,892.87,44659.1,49022.34,0.1,9.990499999999884,-9.890499999999884,0.989990490966418
2026-08-17 11:45:00,20198.59,892.59,44659.24,49022.55,0.30050000000483124,9.990499999999884,-9.689999999995052,0.9699214253536025
2026-08-17 11:46:00,20198.46,892.5,44658.86,49022.15,0.1,9.990499999999884,-9.890499999999884,0.989990490966418
2026-08-17 11:47:00,20198.49,892.68,44658.63,49021.97,0.1,9.990499999999884,-9.890499999999884,0.989990490966418
2026-08-17 11:48:00,20197.88,892.61,44658.45,49021.53,0.1,9.995500000000902,-9.895500000000903,0.9899954979740893
2026-08-17 11:49:00,20198.45,892.05,44658.87,49022.13,0.1,10.00050000000192,-9.900500000001921,0.9900004999750032
2026-08-17 11:50:00,20199.19,891.69,44658.76,49022.33,0.1,10.00550000000294,-9.90550000000294,0.9900054969766658
2026-08-17 11:51:00,20199.0,891.4,44658.8,49022.29,0.1,10.010500000003958,-9.910500000003958,0.9900104889865681
2026-08-17 11:52:00,20198.84,891.32,44658.79,49022.23,0.1,10.010500000003958,-9.910500000003958,0.9900104889865681
2026-08-17 11:53:00,20198.74,891.28,44658.73,49022.13,0.1,10.010500000003958,-9.910500000003958,0.9900104889865681
2026-08-17 11:54:00,20198.76,890.86,44658.67,49022.07,0.1,10.010500000003958,-9.910500000003958,0.9900104889865681
2026-08-17 11:55:00,20198.78,890.62,44658.49,49021.92,0.1,10.010500000003958,-9.910500000003958,0.9900104889865681
2026-08-17 11:56:00,20198.88,890.66,44658.36,49021.83,0.1,10.010500000003958,-9.910500000003958,0.9900104889865681
2026-08-17 11:57:00,20199.32,890.86,44658.53,49022.19,0.1,10.010500000003958,-9.910500000003958,0.9900104889865681
2026-08-17 11:58:00,20199.57,890.43,44658.5,49022.26,0.1,10.010500000003958,-9.910500000003958,0.9900104889865681
2026-08-17 11:59:00,20199.53,889.8,44658.72,49022.4,0.15050000000337604,10.010500000003958,-9.860000000000582,0.9849657859244477
2026-08-17 12:00:00,20199.62,889.53,44658.87,49022.56,0.31049999999959255,10.020500000002357,-9.710000000002765,0.9690135222793753
2026-08-17 12:01:00,20199.92,889.18,44658.79,49022.61,0.36050000000250293,10.010500000003958,-9.650000000001455,0.9639878127963278
2026-08-17 12:02:00,20201.03,888.66,44658.98,49023.23,0.9805000000051223,10.010500000003958,-9.029999999998836,0.9020528445127881
2026-08-17 12:03:00,20202.3,887.95,44659.36,49024.08,1.830500000003667,10.010500000003958,-8.180000000000291,0.817142000898762
2026-08-17 12:04:00,20202.46,886.84,44659.32,49024.1,1.8505000000004657,10.010500000003958,-8.160000000003492,0.8151440986963954
2026-08-17 12:05:00,20202.68,886.17,44659.37,49024.22,1.970500000003085,10.010500000003958,-8.040000000000873,0.8031566854800154
2026-08-17 12:06:00,20202.55,886.09,44659.54,49024.32,2.07050000000163,10.010500000003958,-7.940000000002328,0.7931671744667288
2026-08-17 12:07:00,20202.3,886.19,44659.22,49023.93,1.680500000002212,10.010500000003958,-8.330000000001746,0.8321262674190553
2026-08-17 12:08:00,20202.19,885.87,44659.26,49023.93,1.680500000002212,10.010500000003958,-8.330000000001746,0.8321262674190553
2026-08-17 12:09:00,20201.69,886.38,44659.18,49023.64,1.3905000000013388,10.010500000003958,-8.62000000000262,0.8610958493580951
2026-08-17 12:10:00,20201.27,886.81,44658.87,49023.2,0.9504999999990105,10.00550000000294,-9.055000000003929,0.905002248763307
2026-08-17 12:11:00,20201.28,887.15,44658.92,49023.26,1.0105000000039581,10.00050000000192,-8.989999999997963,0.8989550522470112
2026-08-17 12:12:00,20201.85,887.18,44658.73,49023.31,1.0604999999995925,9.995500000000902,-8.93500000000131,0.8939022560152572
2026-08-17 12:13:00,20201.75,886.79,44658.42,49022.97,0.720500000003085,10.00050000000192,-9.279999999998836,0.9279536023195893
2026-08-17 12:14:00,20201.43,886.69,44658.47,49022.89,0.6405000000013388,10.00550000000294,-9.3650000000016,0.9359852081354104
2026-08-17 12:15:00,20201.83,886.41,44658.78,49023.35,1.1005000000004657,10.010500000003958,-8.910000000003492,0.890065431297135
2026-08-17 12:16:00,20201.81,886.36,44658.87,49023.39,1.1405000000013388,10.010500000003958,-8.87000000000262,0.886069626891675
2026-08-17 12:17:00,20201.15,886.05,44658.48,49022.77,0.5204999999987194,10.010500000003958,-9.490000000005239,0.9480045951752146
2026-08-17 12:18:00,20200.96,885.86,44658.47,49022.68,0.4305000000022119,10.010500000003958,-9.580000000001746,0.9569951550869545
2026-08-17 12:19:00,20200.6,886.46,44658.44,49022.52,0.27049999999871943,10.010500000003958,-9.740000000005239,0.9729783727087945
2026-08-17 12:20:00,20200.34,887.14,44658.37,49022.35,0.10050000000046566,10.010500000003958,-9.910000000003492,0.9899605414314544
2026-08-17 12:21:00,20199.53,887.23,44657.79,49021.5,0.1,10.010500000003958,-9.910500000003958,0.9900104889865681
2026-08-17 12:22:00,20199.52,887.43,44657.79,49021.49,0.1,10.00550000000294,-9.90550000000294,0.9900054969766658
2026-08-17 12:23:00,20200.24,887.12,44658.0,49021.99,0.1,10.00050000000192,-9.900500000001921,0.9900004999750032
2026-08-17 12:24:00,20201.18,887.01,44657.93,49022.31,0.1,10.00550000000294,-9.90550000000294,0.9900054969766658
2026-08-17 12:25:00,20201.86,885.8,44657.74,49022.38,0.1304999999993015,10.010500000003958,-9.880000000004657,0.9869636881275411
2026-08-17 12:26:00,20203.11,884.79,44658.1,49023.21,0.9605000000010477,10.010500000003958,-9.05000000000291,0.9040507467158815
2026-08-17 12:27:00,20203.42,884.33,44658.18,49023.41,1.1605000000054133,10.010500000003958,-8.849999999998545,0.8840717246885815
2026-08-17 12:28:00,20202.97,884.08,44657.68,49022.78,0.5305000000007567,10.010500000003958,-9.480000000003201,0.9470056440736679
2026-08-17 12:29:00,20203.62,883.28,44657.8,49023.12,0.8705000000045402,10.010500000003958,-9.139999999999418,0.9130413066276214
2026-08-17 12:30:00,20203.22,883.43,44657.66,49022.81,0.5604999999995925,10.010500000003958,-9.450000000004366,0.9440087907697546
2026-08-17 12:31:00,20202.71,883.38,44657.47,49022.44,0.19050000000424916,10.010500000003958,-9.819999999999709,0.9809699815189877
2026-08-17 12:32:00,20202.47,883.32,44657.36,49022.25,0.1,10.010500000003958,-9.910500000003958,0.9900104889865681
2026-08-17 12:33:00,20202.66,883.11,44657.6,49022.54,0.29050000000279397,10.010500000003958,-9.720000000001164,0.9709804705057011
2026-08-17 12:34:00,20202.47,883.25,44657.52,49022.38,0.1304999999993015,10.010500000003958,-9.880000000004657,0.9869636881275411
2026-08-17 12:35:00,20201.65,883.3,44656.9,49021.48,0.1,10.010500000003958,-9.910500000003958,0.9900104889865681
2026-08-17 12:36:00,20201.72,883.52,44656.97,49021.56,0.1,10.010500000003958,-9.910500000003958,0.9900104889865681
2026-08-17 12:37:00,20202.48,882.86,44657.32,49022.21,0.1,10.010500000003958,-9.910500000003958,0.9900104889865681
2026-08-17 12:38:00,20202.85,881.52,44657.58,49022.55,0.30050000000483124,10.010500000003958,-9.709999999999127,0.9699815194041544
2026-08-17 12:39:00,20201.95,881.53,44657.53,49022.15,0.1,10.010500000003958,-9.910500000003958,0.9900104889865681
2026-08-17 12:40:00,20200.68,882.05,44657.22,49021.37,0.1,10.010500000003958,-9.910500000003958,0.9900104889865681
2026-08-17 12:41:00,20198.71,883.43,44656.78,49020.17,0.1,10.010500000003958,-9.910500000003958,0.9900104889865681
2026-08-17 12:42:00,20196.99,884.34,44656.27,49019.03,0.1,10.010500000003958,-9.910500000003958,0.9900104889865681
2026-08-17 12:43:00,20197.21,885.04,44656.33,49019.19,0.1,10.010500000003958,-9.910500000003958,0.9900104889865681
2026-08-17 12:44:00,20197.44,884.9,44656.69,49019.6,0.1,10.020500000002357,-9.920500000002358,0.9900204580609774
2026-08-17 12:45:00,20197.71,884.65,44656.93,49019.93,0.1,10.030500000000757,-9.930500000000757,0.9900304072578643
2026-08-17 12:46:00,20197.73,884.36,44656.79,49019.81,0.1,10.035500000001775,-9.935500000001776,0.9900353744208079
2026-08-17 12:47:00,20198.15,884.1,44657.19,49020.35,0.1,10.040500000002794,-9.940500000002794,0.9900403366366245
2026-08-17 12:48:00,20198.17,883.91,44657.02,49020.22,0.1,10.050500000001193,-9.950500000001194,0.9900502462564064
2026-08-17 12:49:00,20198.36,883.7,44657.02,49020.3,0.1,10.060499999999593,-9.960499999999593,0.990060136176134
2026-08-17 12:50:00,20197.74,883.51,44657.14,49020.14,0.1,10.07050000000163,-9.97050000000163,0.9900700064544975
2026-08-17 12:51:00,20197.67,883.4,44657.52,49020.45,0.1,10.080500000003667,-9.980500000003667,0.9900798571499466
2026-08-17 12:52:00,20197.03,883.94,44657.33,49020.01,0.1,10.080500000003667,-9.980500000003667,0.9900798571499466
2026-08-17 12:53:00,20196.17,884.51,44657.52,49019.84,0.1,10.080500000003667,-9.980500000003667,0.9900798571499466
2026-08-17 12:54:00,20195.63,884.36,44657.52,49019.61,0.1,10.085500000001048,-9.985500000001048,0.9900847751722781
2026-08-17 12:55:00,20195.11,884.47,44657.51,49019.37,0.1,10.090499999998428,-9.990499999998429,0.9900896883206962
2026-08-17 12:56:00,20195.04,884.46,44657.46,49019.3,0.1,10.090499999998428,-9.990499999998429,0.9900896883206962
2026-08-17 12:57:00,20195.45,884.11,44657.83,49019.83,0.1,10.090499999998428,-9.990499999998429,0.9900896883206962
2026-08-17 12:58:00,20196.14,883.48,44658.26,49020.49,0.1,10.100500000000466,-10.000500000000466,0.9900995000247518
2026-08-17 12:59:00,20196.38,882.92,44658.41,49020.7,0.1,10.110500000002503,-10.010500000002503,0.990109292319868
2026-08-17 13:00:00,20196.17,882.43,44658.41,49020.64,0.1,10.110500000002503,-10.010500000002503,0.990109292319868
2026-08-17 13:01:00,20197.26,881.36,44659.18,49021.75,0.1,10.110500000002503,-10.010500000002503,0.990109292319868
2026-08-17 13:02:00,20197.3,880.91,44659.16,49021.75,0.1,10.115500000003522,-10.015500000003522,0.990114181207062
2026-08-17 13:03:00,20197.51,880.6,44659.39,49022.03,0.1,10.12050000000454,-10.02050000000454,0.9901190652635784
2026-08-17 13:04:00,20198.13,879.71,44659.42,49022.29,0.1,10.135500000003958,-10.035500000003958,0.9901336885205505
2026-08-17 13:05:00,20198.44,879.57,44659.74,49022.72,0.470500000003085,10.150500000003376,-9.680000000000291,0.9536476035660383
2026-08-17 13:06:00,20199.91,878.96,44659.84,49023.4,1.150500000003376,10.160500000001775,-9.0099999999984,0.8867673834945943
2026-08-17 13:07:00,20201.34,876.96,44660.2,49024.27,2.0204999999987194,10.170500000000175,-8.150000000001455,0.8013372007277239
2026-08-17 13:08:00,20204.04,874.9,44661.06,49026.14,3.8905000000013388,10.175500000001193,-6.2849999999998545,0.6176600658443435
2026-08-17 13:09:00,20206.11,873.02,44661.85,49027.66,5.410500000005413,10.180500000002212,-4.769999999996799,0.468542802415968
2026-08-17 13:10:00,20207.26,871.23,44662.21,49028.43,6.180500000002212,10.205500000003667,-4.025000000001455,0.3943951790701101
2026-08-17 13:11:00,20207.77,870.48,44662.68,49029.04,6.790500000002794,10.230500000005122,-3.4400000000023283,0.33624945017356006
2026-08-17 13:12:00,20207.38,870.22,44662.85,49029.05,6.800500000004831,10.235500000002503,-3.4349999999976717,0.3355966977672641
2026-08-17 13:13:00,20207.23,870.59,44662.79,49028.92,6.670500000000175,10.240499999999884,-3.569999999999709,0.3486157902445925
2026-08-17 13:14:00,20206.36,871.32,44662.5,49028.32,6.07050000000163,10.240499999999884,-4.169999999998254,0.4072066793611934
2026-08-17 13:15:00,20205.73,871.63,44662.23,49027.83,5.580500000003667,10.240499999999884,-4.6599999999962165,0.4550559054730013
2026-08-17 13:16:00,20205.29,872.15,44662.14,49027.58,5.330500000003667,10.240499999999884,-4.9099999999962165,0.47946877593831083
2026-08-17 13:17:00,20205.05,872.09,44662.22,49027.55,5.300500000004831,10.240499999999884,-4.939999999995052,0.48239832039403435
2026-08-17 13:18:00,20204.87,871.92,44662.39,49027.63,5.3804999999993015,10.245500000000902,-4.865000000001601,0.4748426138305766
2026-08-17 13:19:00,20204.53,872.27,44662.4,49027.49,5.240499999999884,10.25050000000192,-5.010000000002037,0.4887566460173746
2026-08-17 13:20:00,20204.25,872.61,44662.43,49027.41,5.160500000005413,10.25550000000294,-5.094999999997526,0.49680659158461954
2026-08-17 13:21:00,20204.29,872.64,44662.55,49027.53,5.280500000000757,10.260500000003958,-4.980000000003201,0.48535646411006095
2026-08-17 13:22:00,20203.51,872.52,44662.5,49027.18,4.930500000002212,10.260500000003958,-5.330000000001746,0.5194678621899216
2026-08-17 13:23:00,20203.78,872.52,44662.66,49027.44,5.190500000004249,10.260500000003958,-5.069999999999709,0.49412796647314977
2026-08-17 13:24:00,20204.1,872.3,44662.83,49027.71,5.460500000001048,10.270500000002357,-4.81000000000131,0.46833162942409867
2026-08-17 13:25:00,20204.24,871.99,44662.88,49027.8,5.550500000004831,10.280500000000757,-4.7299999999959255,0.46009435338705096
2026-08-17 13:26:00,20202.78,872.76,44662.69,49027.06,4.8104999999995925,10.285500000001775,-5.475000000002183,0.5323027563075434
2026-08-17 13:27:00,20202.97,873.33,44663.22,49027.62,5.37050000000454,10.290500000002794,-4.919999999998254,0.4781108789657371
2026-08-17 13:28:00,20202.42,874.08,44662.98,49027.2,4.9504999999990105,10.295500000003813,-5.345000000004802,0.5191588558110652
2026-08-17 13:29:00,20201.41,874.64,44662.6,49026.43,4.180500000002212,10.300500000004831,-6.120000000002619,0.5941459152468083
2026-08-17 13:30:00,20200.39,875.18,44662.74,49026.16,3.9105000000054133,10.300500000004831,-6.389999999999418,0.6203582350367867
2026-08-17 13:31:00,20200.44,875.88,44662.51,49025.98,3.7305000000051223,10.300500000004831,-6.569999999999709,0.6378331148970077
2026-08-17 13:32:00,20200.06,875.97,44662.47,49025.8,3.5505000000048312,10.31050000000323,-6.759999999998399,0.6556423063863325
2026-08-17 13:33:00,20201.41,876.05,44662.95,49026.78,4.530500000000757,10.32050000000163,-5.790000000000873,0.5610193304587916
2026-08-17 13:34:00,20199.92,875.93,44662.81,49026.05,3.8005000000048312,10.330500000000029,-6.529999999995198,0.632108804026444
2026-08-17 13:35:00,20199.01,876.59,44662.6,49025.5,3.250500000001921,10.340499999998428,-7.0899999999965075,0.6856534983799222
2026-08-17 13:36:00,20196.11,877.79,44662.58,49024.31,2.0604999999995925,10.345499999999447,-8.284999999999854,0.8008312793002076
2026-08-17 13:37:00,20193.97,880.09,44661.91,49022.87,0.6205000000045402,10.350500000000466,-9.729999999995925,0.9400512052553488
2026-08-17 13:38:00,20194.66,880.52,44661.81,49023.09,0.8404999999984284,10.355500000001484,-9.515000000003056,0.9188354014776391
2026-08-17 13:39:00,20194.21,880.68,44661.71,49022.8,0.5505000000048312,10.360500000002503,-9.809999999997672,0.9468654987689109
2026-08-17 13:40:00,20195.95,879.94,44662.0,49023.79,1.540500000002794,10.360500000002503,-8.819999999999709,0.8513102649483691
2026-08-17 13:41:00,20196.03,878.48,44662.4,49024.12,1.8705000000045402,10.360500000002503,-8.489999999997963,0.8194585203412877
2026-08-17 13:42:00,20191.49,880.67,44662.11,49022.07,0.1,10.360500000002503,-10.260500000002503,0.9903479561797234
2026-08-17 13:43:00,20191.89,883.18,44661.33,49021.55,0.1,10.360500000002503,-10.260500000002503,0.9903479561797234
2026-08-17 13:44:00,20190.56,883.03,44661.13,49020.84,0.1,10.365500000003522,-10.265500000003522,0.9903526120302961
2026-08-17 13:45:00,20190.95,883.2,44661.26,49021.12,0.1,10.37050000000454,-10.27050000000454,0.9903572633913548
2026-08-17 13:46:00,20191.68,883.45,44661.48,49021.63,0.1,10.37550000000192,-10.275500000001921,0.9903619102693865
2026-08-17 13:47:00,20191.61,883.08,44661.61,49021.71,0.1,10.380499999999302,-10.280499999999302,0.9903665526708727
2026-08-17 13:48:00,20192.16,882.62,44661.53,49021.85,0.1,10.38550000000032,-10.28550000000032,0.9903711906022824
2026-08-17 13:49:00,20193.36,882.04,44661.91,49022.69,0.44050000000424916,10.390500000001339,-9.94999999999709,0.9576055050282284
2026-08-17 13:50:00,20193.62,881.75,44661.79,49022.65,0.40050000000337604,10.400500000003376,-10.0,0.9614922359498826
2026-08-17 13:51:00,20193.43,881.91,44661.73,49022.54,0.29050000000279397,10.410500000005413,-10.12000000000262,0.9720954805242166
2026-08-17 13:52:00,20192.97,882.04,44661.74,49022.35,0.10050000000046566,10.410500000005413,-10.310000000004948,0.9903462850006807
2026-08-17 13:53:00,20192.37,881.88,44661.93,49022.28,0.1,10.410500000005413,-10.310500000005414,0.9903943134335577
2026-08-17 13:54:00,20192.33,882.08,44662.08,49022.41,0.1605000000054133,10.420500000003813,-10.2599999999984,0.9845976680576407
2026-08-17 13:55:00,20192.25,882.1,44661.81,49022.12,0.1,10.430500000002212,-10.330500000002212,0.9904127318920495
2026-08-17 13:56:00,20193.69,882.12,44662.03,49022.92,0.6705000000001746,10.430500000002212,-9.760000000002037,0.9357173673361745
2026-08-17 13:57:00,20193.3,881.31,44662.21,49022.91,0.6605000000054133,10.430500000002212,-9.769999999996799,0.9366760941464672
2026-08-17 13:58:00,20192.36,881.55,44662.22,49022.53,0.2805000000007567,10.43550000000323,-10.155000000002474,0.9731205979588261
2026-08-17 13:59:00,20191.23,882.2,44661.73,49021.63,0.1,10.44050000000425,-10.34050000000425,0.9904219146592635
2026-08-17 14:00:00,20191.27,882.98,44661.72,49021.65,0.1,10.450500000002648,-10.350500000002649,0.9904310798526411
2026-08-17 14:01:00,20191.47,883.39,44661.61,49021.66,0.1,10.460500000001048,-10.360500000001048,0.990440227522586
2026-08-17 14:02:00,20192.8,882.92,44661.83,49022.39,0.14050000000133878,10.475500000000466,-10.334999999999127,0.9865877523744612
2026-08-17 14:03:00,20192.07,882.74,44661.87,49022.12,0.1,10.490499999999884,-10.390499999999884,0.9904675658929507
2026-08-17 14:04:00,20192.83,882.61,44662.32,49022.84,0.5904999999984284,10.520500000002357,-9.930000000003929,0.9438714889978331
2026-08-17 14:05:00,20191.81,882.97,44662.06,49022.17,0.1,10.550500000004831,-10.450500000004832,0.990521776219141
2026-08-17 14:06:00,20191.08,883.16,44662.0,49021.85,0.1,10.56050000000323,-10.46050000000323,0.9905307513848806
2026-08-17 14:07:00,20190.55,883.84,44662.09,49021.71,0.1,10.57050000000163,-10.47050000000163,0.9905397095690852
2026-08-17 14:08:00,20189.56,884.32,44662.1,49021.34,0.1,10.600500000000466,-10.500500000000466,0.99056648271308
2026-08-17 14:09:00,20188.74,885.3,44662.42,49021.29,0.1,10.630499999999302,-10.530499999999302,0.9905931047457781
2026-08-17 14:10:00,20188.56,886.02,44662.41,49021.24,0.1,10.63550000000032,-10.53550000000032,0.9905975271496407
2026-08-17 14:11:00,20188.52,886.22,44662.56,49021.36,0.1,10.640500000001339,-10.54050000000134,0.990601945397304
2026-08-17 14:12:00,20188.66,886.42,44662.65,49021.5,0.1,10.655500000000757,-10.555500000000757,0.9906151752616027
2026-08-17 14:13:00,20188.63,886.49,44662.32,49021.19,0.1,10.670500000000175,-10.570500000000175,0.9906283679302752
2026-08-17 14:14:00,20189.22,886.31,44662.98,49022.03,0.1,10.675500000001193,-10.575500000001194,0.9906327572479051
2026-08-17 14:15:00,20189.97,886.17,44663.39,49022.71,0.46050000000104774,10.680500000002212,-10.220000000001164,0.9568840410092269
2026-08-17 14:16:00,20190.79,885.76,44663.33,49022.98,0.7305000000051223,10.68550000000323,-9.954999999998108,0.9316363296050815
2026-08-17 14:17:00,20191.46,885.18,44663.71,49023.59,1.3404999999984284,10.69050000000425,-9.35000000000582,0.8746082970863949
2026-08-17 14:18:00,20191.28,885.13,44663.76,49023.54,1.290500000002794,10.705500000003667,-9.415000000000873,0.8794544860116433
2026-08-17 14:19:00,20191.13,885.31,44663.72,49023.46,1.2105000000010477,10.720500000003085,-9.510000000002037,0.8870854904154938
2026-08-17 14:20:00,20191.38,885.25,44663.55,49023.4,1.150500000003376,10.725500000004104,-9.575000000000728,0.8927322735534068
2026-08-17 14:21:00,20191.88,884.99,44663.71,49023.75,1.5005000000019209,10.730500000005122,-9.230000000003201,0.8601649503749867
2026-08-17 14:22:00,20193.42,884.53,44664.1,49024.73,2.4805000000051223,10.740500000003522,-8.2599999999984,0.7690517201243602
2026-08-17 14:23:00,20193.62,884.05,44664.02,49024.73,2.4805000000051223,10.75050000000192,-8.269999999996799,0.7692665457416232
2026-08-17 14:24:00,20193.78,883.9,44664.21,49024.96,2.7105000000010477,10.75550000000294,-8.045000000001892,0.7479894007716696
2026-08-17 14:25:00,20194.87,883.73,44664.33,49025.52,3.2704999999987194,10.760500000003958,-7.490000000005239,0.6960643092795394
2026-08-17 14:26:00,20194.93,883.07,44664.39,49025.57,3.32050000000163,10.775500000003376,-7.455000000001746,0.6918472460674132
2026-08-17 14:27:00,20195.04,882.91,44664.9,49026.06,3.8104999999995925,10.790500000002794,-6.980000000003201,0.6468652981790829
2026-08-17 14:28:00,20194.88,883.0,44664.62,49025.75,3.500500000001921,10.800500000001193,-7.299999999999272,0.6758946345075196
2026-08-17 14:29:00,20194.02,883.23,44664.55,49025.34,3.0904999999984284,10.810499999999593,-7.720000000001164,0.7141205309653998
2026-08-17 14:30:00,20194.88,883.48,44664.84,49025.95,3.7004999999990105,10.82050000000163,-7.120000000002619,0.6580102583061362
2026-08-17 14:31:00,20195.39,883.05,44664.86,49026.17,3.9205000000001746,10.830500000003667,-6.9100000000034925,0.638013018789636
2026-08-17 14:32:00,20195.79,882.72,44664.66,49026.15,3.900500000003376,10.835500000001048,-6.934999999997672,0.6400258409853723
2026-08-17 14:33:00,20196.41,882.32,44665.23,49026.92,4.670500000000175,10.840499999998428,-6.169999999998254,0.5691619390248741
2026-08-17 14:34:00,20196.68,882.3,44665.22,49027.01,4.760500000003958,10.850500000000466,-6.0899999999965075,0.5612644578587389
2026-08-17 14:35:00,20197.36,881.83,44665.49,49027.53,5.280500000000757,10.860500000002503,-5.580000000001746,0.513788499608716
2026-08-17 14:36:00,20197.72,881.59,44665.5,49027.67,5.420500000000175,10.870500000000902,-5.450000000000728,0.5013568833080608
2026-08-17 14:37:00,20198.59,881.05,44665.75,49028.24,5.990499999999884,10.880499999999302,-4.889999999999418,0.44942787555716485
2026-08-17 14:38:00,20199.98,880.24,44665.94,49029.0,6.750500000001921,10.880499999999302,-4.129999999997381,0.37957814438653054
2026-08-17 14:39:00,20200.91,879.09,44666.14,49029.54,7.290500000002794,10.880499999999302,-3.5899999999965075,0.32994807223902745
2026-08-17 14:40:00,20201.7,878.38,44666.52,49030.19,7.940500000004249,10.895500000002357,-2.9549999999981083,0.27121288605364313
2026-08-17 14:41:00,20202.19,878.19,44666.75,49030.59,8.340499999998428,10.910500000005413,-2.570000000006985,0.23555290774993903
2026-08-17 14:42:00,20201.14,878.77,44666.38,49029.84,7.590499999998428,10.910500000005413,-3.320000000006985,0.30429402868845035
2026-08-17 14:43:00,20200.92,879.22,44666.27,49029.68,7.430500000002212,10.910500000005413,-3.4800000000032014,0.318958801154986
2026-08-17 14:44:00,20200.96,879.7,44666.08,49029.5,7.250500000001921,10.920500000003813,-3.6700000000018917,0.33606519847997895
2026-08-17 14:45:00,20200.43,879.56,44665.83,49029.05,6.800500000004831,10.930500000002212,-4.129999999997381,0.3778418187636929
2026-08-17 14:46:00,20200.32,879.46,44665.98,49029.15,6.900500000003376,10.940500000000611,-4.039999999997235,0.3692701430462053
2026-08-17 14:47:00,20200.38,879.86,44666.19,49029.38,7.1304999999993015,10.95049999999901,-3.819999999999709,0.34884251860646126
2026-08-17 14:48:00,20199.36,880.14,44665.73,49028.51,6.260500000003958,10.990499999999884,-4.7299999999959255,0.43037168463636555
2026-08-17 14:49:00,20198.37,880.45,44665.49,49027.89,5.640500000001339,11.030500000000757,-5.389999999999418,0.48864512034803936
2026-08-17 14:50:00,20197.37,880.9,44665.28,49027.34,5.090499999998428,11.035500000001775,-5.945000000003347,0.5387159621224584
2026-08-17 14:51:00,20196.25,881.58,44665.2,49026.81,4.5604999999995925,11.040500000002794,-6.480000000003201,0.5869299397673621
2026-08-17 14:52:00,20195.24,882.15,44665.0,49026.21,3.9605000000010477,11.045500000003813,-7.085000000002765,0.641437689556862
2026-08-17 14:53:00,20194.28,882.49,44664.81,49025.65,3.400500000003376,11.050500000004831,-7.650000000001455,0.6922763675850062
2026-08-17 14:54:00,20193.71,882.79,44665.1,49025.69,3.440500000004249,11.06050000000323,-7.619999999998981,0.6889381131049008
2026-08-17 14:55:00,20193.11,883.31,44664.81,49025.18,2.930500000002212,11.07050000000163,-8.139999999999418,0.7352874757236095
2026-08-17 14:56:00,20192.48,883.91,44664.49,49024.67,2.4205000000001746,11.085500000001048,-8.665000000000873,0.7816517071850665
2026-08-17 14:57:00,20191.54,884.08,44664.38,49024.19,1.9405000000042492,11.100500000000466,-9.159999999996217,0.82518805459176
2026-08-17 14:58:00,20191.32,884.18,44664.31,49024.03,1.7805000000007567,11.110500000002503,-9.330000000001746,0.8397461860402002
2026-08-17 14:59:00,20191.79,884.12,44664.54,49024.42,2.1705000000001746,11.12050000000454,-8.950000000004366,0.8048199271616124
2026-08-17 15:00:00,20192.82,883.85,44664.72,49025.0,2.750500000001921,11.12050000000454,-8.37000000000262,0.7526639989208401
2026-08-17 15:01:00,20193.53,883.64,44664.67,49025.24,2.9904999999998836,11.12050000000454,-8.130000000004657,0.7310822355111135
2026-08-17 15:02:00,20194.81,882.75,44665.05,49026.12,3.87050000000454,11.135500000003958,-7.264999999999418,0.6524179426156738
2026-08-17 15:03:00,20195.43,882.12,44665.01,49026.31,4.0604999999995925,11.150500000003376,-7.0900000000037835,0.6358459261917974
2026-08-17 15:04:00,20196.66,881.64,44665.04,49026.82,4.57050000000163,11.155500000004395,-6.585000000002765,0.5902917843216504
2026-08-17 15:05:00,20197.31,881.07,44665.16,49027.19,4.940500000004249,11.160500000005413,-6.220000000001164,0.5573227005956854
2026-08-17 15:06:00,20199.05,880.61,44665.66,49028.33,6.080500000003667,11.165500000002794,-5.084999999999127,0.4554207155969598
2026-08-17 15:07:00,20199.28,880.48,44665.14,49027.96,5.710500000001048,11.170500000000175,-5.459999999999127,0.48878743118025525
2026-08-17 15:08:00,20199.97,880.07,44665.11,49028.2,5.9504999999990105,11.175500000001193,-5.225000000002183,0.46754060221033733
2026-08-17 15:09:00,20200.94,879.96,44665.32,49028.77,6.520499999998719,11.180500000002212,-4.6600000000034925,0.41679710209763166
2026-08-17 15:10:00,20200.99,879.8,44665.32,49028.81,6.5604999999995925,11.18550000000323,-4.625000000003638,0.4134817397525638
2026-08-17 15:11:00,20200.56,879.8,44665.29,49028.58,6.330500000003667,11.19050000000425,-4.860000000000582,0.4342969483042524
2026-08-17 15:12:00,20201.1,879.9,44665.11,49028.64,6.390500000001339,11.19050000000425,-4.80000000000291,0.42893525758465556
2026-08-17 15:13:00,20200.45,880.63,44664.99,49028.28,6.030500000000757,11.19050000000425,-5.1600000000034925,0.4611054019035372
2026-08-17 15:14:00,20200.36,880.67,44665.14,49028.39,6.140500000001339,11.19550000000163,-5.055000000000291,0.4515207002813233
2026-08-17 15:15:00,20200.39,880.82,44665.21,49028.48,6.230500000005122,11.20049999999901,-4.969999999993888,0.44373019061598384
2026-08-17 15:16:00,20200.35,881.01,44665.21,49028.45,6.2004999999990105,11.205500000000029,-5.005000000001019,0.44665566016697206
2026-08-17 15:17:00,20200.09,880.86,44665.18,49028.32,6.07050000000163,11.210500000001048,-5.139999999999418,0.4584987288701608
2026-08-17 15:18:00,20200.54,880.88,44665.41,49028.71,6.460500000001048,11.205500000000029,-4.744999999998981,0.4234527687295497
2026-08-17 15:19:00,20199.62,881.27,44665.25,49028.19,5.940500000004249,11.210500000001048,-5.269999999996799,0.4700950002226757
2026-08-17 15:20:00,20198.15,881.76,44665.34,49027.69,5.440500000004249,11.230500000001484,-5.789999999997235,0.515560304527534
2026-08-17 15:21:00,20197.73,882.21,44665.5,49027.68,5.430500000002212,11.210500000001048,-5.779999999998836,0.5155880647605634
2026-08-17 15:22:00,20196.45,882.85,44665.29,49027.0,4.750500000001921,11.200500000002648,-6.450000000000728,0.5758671487879293
2026-08-17 15:23:00,20195.45,883.24,44664.88,49026.21,3.9605000000010477,11.210500000001048,-7.25,0.6467151331340549
2026-08-17 15:24:00,20195.36,883.68,44664.73,49026.03,3.7805000000007567,11.230500000001484,-7.450000000000728,0.6633720671385729
2026-08-17 15:25:00,20195.16,884.02,44664.78,49026.01,3.760500000003958,11.210500000001048,-7.44999999999709,0.6645555505995623
2026-08-17 15:26:00,20195.01,884.25,44664.84,49026.01,3.760500000003958,11.200500000002648,-7.43999999999869,0.6642560599970475
2026-08-17 15:27:00,20194.76,884.41,44664.7,49025.8,3.5505000000048312,11.19050000000425,-7.639999999999418,0.6827219516551107
2026-08-17 15:28:00,20195.27,884.05,44664.81,49026.1,3.8505000000004657,11.19050000000425,-7.3400000000037835,0.6559134980564761
2026-08-17 15:29:00,20196.88,883.41,44665.7,49027.55,5.300500000004831,11.19050000000425,-5.889999999999418,0.5263393056607999
2026-08-17 15:30:00,20197.52,883.16,44665.51,49027.63,5.3804999999993015,11.18550000000323,-5.805000000003929,0.518975459300188
2026-08-17 15:31:00,20198.18,882.79,44665.93,49028.27,6.020499999998719,11.180500000002212,-5.1600000000034925,0.4615178212067861
2026-08-17 15:32:00,20198.46,882.35,44666.13,49028.56,6.3104999999995925,11.18550000000323,-4.875000000003638,0.4358321040634956
2026-08-17 15:33:00,20198.95,882.09,44665.86,49028.52,6.270499999998719,11.19050000000425,-4.92000000000553,0.4396586390244995
2026-08-17 15:34:00,20199.56,881.88,44666.42,49029.25,7.000500000001921,11.175500000004831,-4.17500000000291,0.37358507449341016
2026-08-17 15:35:00,20199.62,882.29,44666.31,49029.18,6.930500000002212,11.160500000005413,-4.230000000003201,0.3790152770934232
2026-08-17 15:36:00,20200.4,881.65,44666.52,49029.67,7.420500000000175,11.155500000004395,-3.73500000000422,0.33481242436490954
2026-08-17 15:37:00,20200.66,881.66,44666.71,49029.95,7.7004999999990105,11.12050000000454,-3.4200000000055297,0.30754012859171204
2026-08-17 15:38:00,20200.31,882.15,44666.45,49029.57,7.32050000000163,11.110500000002503,-3.790000000000873,0.341118761531886
2026-08-17 15:39:00,20201.23,882.1,44666.75,49030.22,7.970500000003085,11.100500000000466,-3.1299999999973807,0.2819692806627854
2026-08-17 15:40:00,20201.69,882.01,44667.35,49030.95,8.70049999999901,11.075500000002648,-2.375000000003638,0.2144372714552905
2026-08-17 15:41:00,20201.86,882.08,44667.21,49030.91,8.660500000005413,11.050500000004831,-2.389999999999418,0.21627980634345714
2026-08-17 15:42:00,20202.11,882.13,44667.22,49031.0,8.75050000000192,11.045500000003813,-2.2950000000018917,0.2077769227288126
2026-08-17 15:43:00,20201.8,881.97,44667.04,49030.72,8.470500000003085,11.040500000002794,-2.569999999999709,0.2327793125310501
2026-08-17 15:44:00,20202.83,881.62,44667.6,49031.65,9.400500000003376,10.995500000000902,-1.5949999999975262,0.1450593424580415
2026-08-17 15:45:00,20203.56,881.59,44667.9,49032.22,9.970500000003085,10.95049999999901,-0.9799999999959255,0.08949363042747034
2026-08-17 15:46:00,20204.42,881.23,44667.94,49032.59,10.340499999998428,10.930500000002212,-0.5900000000037835,0.05397740268090793
2026-08-17 15:47:00,20204.94,881.14,44668.04,49032.88,10.630499999999302,10.910500000005413,-0.2800000000061118,0.025663351817604405
2026-08-17 15:48:00,20205.15,880.92,44668.46,49033.35,11.100500000000466,10.910500000005413,0.18999999999505235,0.017414417303969396
2026-08-17 15:49:00,20203.27,882.19,44668.43,49032.57,10.32050000000163,10.910500000005413,-0.5900000000037835,0.05407634847197569
2026-08-17 15:50:00,20200.84,883.12,44668.3,49031.49,9.240499999999884,10.895500000002357,-1.6550000000024738,0.15189757239246623
2026-08-17 15:51:00,20200.75,883.16,44668.7,49031.83,9.580500000003667,10.880499999999302,-1.2999999999956344,0.11947980331746867
2026-08-17 15:52:00,20200.79,883.45,44668.93,49032.06,9.810499999999593,10.845499999999447,-1.0349999999998545,0.09543128486468187
2026-08-17 15:53:00,20200.65,883.83,44669.18,49032.24,9.990499999999884,10.810499999999593,-0.819999999999709,0.0758521807501725
2026-08-17 15:54:00,20201.46,883.93,44669.67,49033.01,10.760500000003958,10.800500000001193,-0.039999999997235136,0.003703532243621195
2026-08-17 15:55:00,20202.98,883.32,44669.83,49033.77,11.52049999999872,10.790500000002794,0.7299999999959255,0.06765210138508285
2026-08-17 15:56:00,20204.85,882.44,44670.11,49034.77,12.52049999999872,10.775500000003376,1.7449999999953434,0.1619414412319425
2026-08-17 15:57:00,20204.74,882.44,44670.4,49034.98,12.730500000005122,10.760500000003958,1.9700000000011642,0.1830769945634905
2026-08-17 15:58:00,20205.32,882.09,44670.76,49035.56,13.310499999999593,10.75550000000294,2.554999999996653,0.23755287992152432
2026-08-17 15:59:00,20206.58,881.52,44671.65,49036.88,14.630499999999302,10.75050000000192,3.8799999999973807,0.3609134458859297
2026-08-17 16:00:00,20207.91,881.33,44671.56,49037.33,15.080500000003667,10.710500000001048,4.370000000002619,0.40801083049364567
2026-08-17 16:01:00,20209.51,880.8,44672.1,49038.48,16.230500000005122,10.670500000000175,5.560000000004948,0.5210627430771619
2026-08-17 16:02:00,20211.72,880.1,44672.87,49040.03,17.780500000000757,10.650499999999738,7.130000000001019,0.6694521383973705
2026-08-17 16:03:00,20212.01,880.09,44673.32,49040.58,18.330500000003667,10.630499999999302,7.700000000004366,0.7243309345755018
2026-08-17 16:04:00,20212.56,880.19,44673.69,49041.14,18.89050000000134,10.600500000000466,8.290000000000873,0.7820385830857515
2026-08-17 16:05:00,20214.62,880.18,44674.44,49042.68,20.430500000002212,10.57050000000163,9.860000000000582,0.9327846364882514
2026-08-17 16:06:00,20214.25,880.92,44674.93,49042.97,20.720500000003085,10.56050000000323,10.159999999999854,0.9620756592961267
2026-08-17 16:07:00,20212.62,881.87,44674.58,49042.0,19.75050000000192,10.550500000004831,9.19999999999709,0.8719965878387638
2026-08-17 16:08:00,20211.56,882.64,44674.8,49041.79,19.540500000002794,10.50550000000294,9.034999999999854,0.8600257008231237
2026-08-17 16:09:00,20210.28,883.52,44674.86,49041.34,19.09049999999843,10.460500000001048,8.62999999999738,0.8250083648005847
2026-08-17 16:10:00,20208.89,884.13,44674.96,49040.87,18.62050000000454,10.450500000002648,8.170000000001892,0.7817807760394069
2026-08-17 16:11:00,20207.58,884.37,44675.27,49040.62,18.37050000000454,10.44050000000425,7.930000000000291,0.7595421675204314
2026-08-17 16:12:00,20206.79,884.95,44675.66,49040.68,18.430500000002212,10.43550000000323,7.994999999998981,0.7661348282302244
2026-08-17 16:13:00,20205.27,885.53,44675.53,49039.94,17.69050000000425,10.430500000002212,7.260000000002037,0.6960356646374093
2026-08-17 16:14:00,20203.46,886.14,44675.38,49039.07,16.82050000000163,10.420500000003813,6.399999999997817,0.6141739839734635
2026-08-17 16:15:00,20202.44,886.73,44675.76,49039.02,16.77049999999872,10.410500000005413,6.359999999993306,0.61092166562509
2026-08-17 16:16:00,20200.11,887.03,44675.45,49037.78,15.530500000000757,10.390500000004977,5.13999999999578,0.4946826427980673
2026-08-17 16:17:00,20199.2,887.02,44675.43,49037.39,15.140500000001339,10.37050000000454,4.769999999996799,0.4599585362320727
2026-08-17 16:18:00,20197.96,887.29,44675.38,49036.85,14.600500000000466,10.355500000001484,4.244999999998981,0.409927091883383
2026-08-17 16:19:00,20196.58,887.73,44675.34,49036.26,14.010500000003958,10.340499999998428,3.6700000000055297,0.3549151395006129
2026-08-17 16:20:00,20195.02,888.12,44675.26,49035.55,13.300500000004831,10.330500000000029,2.970000000004802,0.28749818498666996
2026-08-17 16:21:00,20193.09,888.17,44674.96,49034.49,12.240499999999884,10.32050000000163,1.9199999999982538,0.18603749818302898
2026-08-17 16:22:00,20191.31,888.46,44674.83,49033.66,11.410500000005413,10.300500000001193,1.11000000000422,0.10776175913830313
2026-08-17 16:23:00,20189.93,888.55,44674.93,49033.2,10.95049999999901,10.280500000000757,0.6699999999982538,0.06517192743526136
2026-08-17 16:24:00,20188.66,888.85,44674.74,49032.5,10.25050000000192,10.270500000002357,-0.020000000000436557,0.0019473248625122405
2026-08-17 16:25:00,20187.53,889.02,44674.57,49031.89,9.640500000001339,10.260500000003958,-0.6200000000026193,0.06042590517054531
2026-08-17 16:26:00,20185.79,889.54,44674.21,49030.85,8.600500000000466,10.25550000000294,-1.6550000000024738,0.1613768221931646
2026-08-17 16:27:00,20184.18,889.91,44673.67,49029.71,7.460500000001048,10.25050000000192,-2.790000000000873,0.2721818447880933
2026-08-17 16:28:00,20183.49,889.95,44673.52,49029.31,7.0604999999995925,10.245500000000902,-3.1850000000013097,0.31086818603299293
2026-08-17 16:29:00,20184.43,889.66,44674.35,49030.42,8.170500000000175,10.240499999999884,-2.069999999999709,0.20213856745273498
2026-08-17 16:30:00,20183.85,890.11,44673.97,49029.84,7.590499999998428,10.235500000002503,-2.6450000000040745,0.2584143422405772
2026-08-17 16:31:00,20183.43,890.39,44673.65,49029.39,7.140500000001339,10.230500000005122,-3.0900000000037835,0.3020380235572295
2026-08-17 16:32:00,20183.82,890.45,44674.0,49029.85,7.600500000000466,10.200500000002648,-2.600000000002183,0.2548894662027849
2026-08-17 16:33:00,20182.98,891.01,44673.57,49029.15,6.900500000003376,10.170500000000175,-3.2699999999967986,0.3215181161198311
2026-08-17 16:34:00,20182.12,891.33,44673.01,49028.3,6.050500000004831,10.160500000001775,-4.109999999996944,0.4045076521820999
2026-08-17 16:35:00,20182.26,891.55,44673.49,49028.77,6.520499999998719,10.150500000003376,-3.6300000000046566,0.35761785133771234
2026-08-17 16:36:00,20181.6,892.08,44673.09,49028.15,5.900500000003376,10.135500000003958,-4.235000000000582,0.417838291154746
2026-08-17 16:37:00,20180.56,892.67,44672.42,49027.14,4.890500000001339,10.12050000000454,-5.230000000003201,0.5167728867151677
2026-08-17 16:38:00,20180.96,892.64,44672.41,49027.3,5.050500000004831,10.115500000003522,-5.06499999999869,0.5007167218621845
2026-08-17 16:39:00,20181.06,892.82,44672.27,49027.2,4.9504999999990105,10.110500000002503,-5.1600000000034925,0.51036051629516
2026-08-17 16:40:00,20180.27,893.37,44671.97,49026.62,4.37050000000454,10.110500000002503,-5.739999999997963,0.5677266208393791
2026-08-17 16:41:00,20180.59,893.25,44672.03,49026.81,4.5604999999995925,10.110500000002503,-5.55000000000291,0.5489342762476175
2026-08-17 16:42:00,20180.8,893.45,44672.19,49027.03,4.780500000000757,10.100500000000466,-5.319999999999709,0.5267065986831804
2026-08-17 16:43:00,20180.46,893.99,44671.73,49026.49,4.240499999999884,10.090499999998428,-5.849999999998545,0.5797532332391314
2026-08-17 16:44:00,20180.9,894.16,44671.57,49026.52,4.270499999998719,10.085500000001048,-5.815000000002328,0.5765703237322616
2026-08-17 16:45:00,20181.15,893.95,44671.41,49026.49,4.240499999999884,10.080500000003667,-5.8400000000037835,0.5793363424434957
2026-08-17 16:46:00,20181.54,893.74,44671.49,49026.71,4.460500000001048,10.07050000000163,-5.610000000000582,0.557072637902753
2026-08-17 16:47:00,20181.69,894.04,44671.24,49026.56,4.3104999999995925,10.060499999999593,-5.75,0.5715421698722959
2026-08-17 16:48:00,20182.1,894.17,44671.26,49026.75,4.500500000001921,10.050500000001193,-5.549999999999272,0.552211332769376
2026-08-17 16:49:00,20182.39,894.11,44671.38,49026.97,4.720500000003085,10.040500000002794,-5.319999999999709,0.5298540909315501
2026-08-17 16:50:00,20182.23,894.68,44671.01,49026.57,4.32050000000163,10.025500000003376,-5.705000000001746,0.5690489252406189
2026-08-17 16:51:00,20182.51,894.84,44670.85,49026.55,4.300500000004831,10.010500000003958,-5.709999999999127,0.5704010788668767
2026-08-17 16:52:00,20182.21,894.96,44670.62,49026.22,3.970500000003085,10.010500000003958,-6.040000000000873,0.6033664652113766
2026-08-17 16:53:00,20182.48,895.22,44670.76,49026.45,4.2004999999990105,10.010500000003958,-5.810000000004948,0.5803905898808901
2026-08-17 16:54:00,20182.73,895.42,44670.7,49026.49,4.240499999999884,10.00050000000192,-5.760000000002037,0.5759712014400211
2026-08-17 16:55:00,20183.79,895.23,44671.06,49027.26,5.010500000003958,9.990499999999884,-4.9799999999959255,0.49847354987197673
2026-08-17 16:56:00,20183.66,895.64,44670.63,49026.83,4.580500000003667,9.980500000001484,-5.399999999997817,0.5410550573615565
2026-08-17 16:57:00,20184.18,895.84,44670.5,49026.92,4.670500000000175,9.970500000003085,-5.30000000000291,0.5315681259717437
2026-08-17 16:58:00,20184.89,895.91,44670.81,49027.5,5.250500000001921,9.970500000003085,-4.720000000001164,0.47339651973318325
2026-08-17 16:59:00,20184.81,895.89,44670.42,49027.11,4.860500000002503,9.970500000003085,-5.110000000000582,0.5125119101347978
2026-08-17 17:00:00,20185.03,896.35,44670.42,49027.21,4.960500000001048,9.965500000002066,-5.005000000001019,0.5022327028247434
2026-08-17 17:01:00,20185.86,896.39,44670.78,49027.86,5.610500000002503,9.960500000001048,-4.349999999998545,0.43672506400261907
2026-08-17 17:02:00,20185.86,896.5,44670.56,49027.68,5.430500000002212,9.950500000002648,-4.520000000000437,0.4542485302245348
2026-08-17 17:03:00,20186.1,896.64,44670.46,49027.69,5.440500000004249,9.94050000000425,-4.5,0.4526935264823778
2026-08-17 17:04:00,20186.65,896.66,44670.7,49028.14,5.890500000001339,9.93550000000323,-4.045000000001892,0.40712596245791116
2026-08-17 17:05:00,20186.15,897.16,44670.35,49027.61,5.360500000002503,9.930500000002212,-4.569999999999709,0.4601983787320569
2026-08-17 17:06:00,20186.33,897.36,44670.27,49027.65,5.400500000003376,9.920500000003813,-4.520000000000437,0.4556221964617408
2026-08-17 17:07:00,20187.04,897.34,44670.51,49028.13,5.8804999999993015,9.910500000005413,-4.030000000006112,0.4066394228347622
2026-08-17 17:08:00,20187.21,897.45,44670.36,49028.06,5.8104999999995925,9.905500000004395,-4.095000000004802,0.41340669325152546
2026-08-17 17:09:00,20186.53,897.69,44670.19,49027.63,5.3804999999993015,9.900500000003376,-4.5200000000040745,0.45654259885889936
2026-08-17 17:10:00,20187.25,897.77,44670.3,49028.03,5.780500000000757,9.860500000002503,-4.080000000001746,0.4137721210892663
2026-08-17 17:11:00,20187.84,897.69,44670.36,49028.31,6.0604999999995925,9.82050000000163,-3.7600000000020373,0.3828725624969618
2026-08-17 17:12:00,20188.28,897.83,44670.45,49028.59,6.340499999998428,9.815500000000611,-3.475000000002183,0.35403188834007093
2026-08-17 17:13:00,20189.13,898.08,44670.52,49029.01,6.760500000003958,9.810499999999593,-3.0499999999956344,0.3108913918756191
2026-08-17 17:14:00,20189.58,897.86,44670.63,49029.27,7.020499999998719,9.800500000001193,-2.780000000002474,0.2836589969901674
2026-08-17 17:15:00,20189.89,897.81,44670.69,49029.45,7.2004999999990105,9.790500000002794,-2.5900000000037835,0.26454215821490673
2026-08-17 17:16:00,20189.9,897.79,44670.45,49029.23,6.980500000005122,9.775500000003376,-2.7949999999982538,0.28591887882945
2026-08-17 17:17:00,20190.67,897.67,44670.72,49029.8,7.550500000004831,9.760500000003958,-2.209999999999127,0.2264228266992706
2026-08-17 17:18:00,20190.37,897.88,44670.65,49029.62,7.37050000000454,9.700500000002648,-2.3299999999981083,0.24019380444280936
2026-08-17 17:19:00,20190.42,897.92,44670.45,49029.45,7.2004999999990105,9.640500000001339,-2.4400000000023283,0.2530989056586266
2026-08-17 17:20:00,20190.73,898.02,44670.58,49029.7,7.4504999999990105,9.615499999999884,-2.165000000000873,0.22515729811251617
2026-08-17 17:21:00,20190.49,898.11,44670.61,49029.63,7.3804999999993015,9.590499999998428,-2.209999999999127,0.23043636932375675
2026-08-17 17:22:00,20190.44,898.23,44670.57,49029.58,7.330500000003667,9.585500000001048,-2.2549999999973807,0.2352511606068681
2026-08-17 17:23:00,20190.04,898.48,44670.35,49029.21,6.960500000001048,9.580500000003667,-2.6200000000026193,0.27347215698571226
2026-08-17 17:24:00,20190.07,898.69,44670.31,49029.19,6.940500000004249,9.580500000003667,-2.639999999999418,0.27555973070282425
2026-08-17 17:25:00,20190.15,898.63,44670.25,49029.16,6.910500000005413,9.580500000003667,-2.6699999999982538,0.27869109127887187
2026-08-17 17:26:00,20190.15,898.67,44670.39,49029.3,7.050500000004831,9.555500000002212,-2.5049999999973807,0.26215268693389154
2026-08-17 17:27:00,20190.17,898.91,44670.31,49029.25,7.000500000001921,9.530500000000757,-2.529999999998836,0.265463511882759
2026-08-17 17:28:00,20191.34,898.64,44670.77,49030.13,7.8804999999993015,9.50550000000294,-1.625000000003638,0.17095365840861979
2026-08-17 17:29:00,20191.93,898.7,44670.81,49030.39,8.140500000001339,9.480500000005122,-1.3400000000037835,0.1413427561840683
2026-08-17 17:30:00,20191.81,898.94,44670.51,49030.08,7.830500000003667,9.480500000005122,-1.6500000000014552,0.17404145350989544
2026-08-17 17:31:00,20192.38,898.85,44670.72,49030.5,8.25050000000192,9.480500000005122,-1.2300000000032014,0.12973999261669078
2026-08-17 17:32:00,20192.78,898.85,44671.08,49031.01,8.760500000003958,9.465500000002066,-0.7049999999981083,0.07448100998340862
2026-08-17 17:33:00,20193.12,899.05,44671.02,49031.1,8.850500000000466,9.45049999999901,-0.5999999999985448,0.06348870430121238
2026-08-17 17:34:00,20192.91,898.99,44670.63,49030.64,8.390500000001339,9.440500000000611,-1.0499999999992724,0.11122292251461305
2026-08-17 17:35:00,20193.55,898.73,44671.01,49031.26,9.010500000003958,9.430500000002212,-0.41999999999825377,0.04453634483836014
2026-08-17 17:36:00,20193.9,898.79,44671.21,49031.58,9.330500000003667,9.415500000002794,-0.08499999999912689,0.009027667144506575
2026-08-17 17:37:00,20193.95,898.7,44671.29,49031.68,9.430500000002212,9.400500000003376,0.029999999998835847,0.003191319610534022
2026-08-17 17:38:00,20194.48,898.6,44671.65,49032.21,9.960500000001048,9.400500000003376,0.5599999999976717,0.05957129939869907
2026-08-17 17:39:00,20193.92,899.0,44671.24,49031.6,9.350500000000466,9.400500000003376,-0.05000000000291038,0.005318866018072701
2026-08-17 17:40:00,20194.2,898.62,44671.13,49031.63,9.380499999999302,9.390500000001339,-0.010000000002037268,0.0010649060222603526
2026-08-17 17:41:00,20193.94,899.14,44671.36,49031.73,9.480500000005122,9.380499999999302,0.10000000000582077,0.010660412558587304
2026-08-17 17:42:00,20194.14,899.25,44671.38,49031.83,9.580500000003667,9.370500000000902,0.21000000000276486,0.022410757163731355
2026-08-17 17:43:00,20194.25,899.19,44671.34,49031.84,9.590499999998428,9.360500000002503,0.22999999999592546,0.024571337000786706
2026-08-17 17:44:00,20194.67,899.12,44671.55,49032.19,9.94050000000425,9.355500000001484,0.5850000000027649,0.06253006253034814
2026-08-17 17:45:00,20194.64,899.09,44671.78,49032.37,10.12050000000454,9.350500000000466,0.7700000000040745,0.08234853751179469
2026-08-17 17:46:00,20194.46,899.22,44671.61,49032.16,9.910500000005413,9.350500000000466,0.5600000000049477,0.059889845463335624
2026-08-17 17:47:00,20194.38,899.74,44671.82,49032.34,10.090499999998428,9.350500000000466,0.7399999999979627,0.07914015293277642
2026-08-17 17:48:00,20194.15,899.26,44671.58,49032.01,9.760500000003958,9.340500000002066,0.42000000000189175,0.04496547294061333
2026-08-17 17:49:00,20194.42,899.03,44671.9,49032.4,10.150500000003376,9.330500000003667,0.819999999999709,0.08788382187443189
2026-08-17 17:50:00,20194.63,898.9,44671.89,49032.48,10.230500000005122,9.31050000000323,0.9200000000018917,0.09881316792885157
2026-08-17 17:51:00,20194.92,898.47,44672.02,49032.71,10.460500000001048,9.290500000002794,1.1699999999982538,0.12593509498927957
2026-08-17 17:52:00,20195.33,898.35,44672.2,49033.04,10.790500000002794,9.285500000001775,1.5050000000010186,0.16208066340000332
2026-08-17 17:53:00,20196.25,898.54,44672.54,49033.72,11.470500000003085,9.280500000000757,2.1900000000023283,0.23597866494285327
2026-08-17 17:54:00,20196.23,898.47,44672.56,49033.73,11.480500000005122,9.26050000000032,2.220000000004802,0.23972787646506402
2026-08-17 17:55:00,20195.96,898.3,44672.21,49033.3,11.050500000004831,9.240499999999884,1.8100000000049477,0.19587684649152864
2026-08-17 17:56:00,20196.1,898.57,44672.38,49033.52,11.27049999999872,9.240499999999884,2.029999999998836,0.21968508197596032
2026-08-17 17:57:00,20196.42,898.69,44672.58,49033.82,11.57050000000163,9.240499999999884,2.3300000000017462,0.2521508576377659
2026-08-17 17:58:00,20195.69,898.53,44672.18,49033.16,10.910500000005413,9.220499999999447,1.6900000000059663,0.18328724038892333
2026-08-17 17:59:00,20195.27,898.58,44672.5,49033.29,11.040500000002794,9.20049999999901,1.8400000000037835,0.19998913102592047
2026-08-17 18:00:00,20195.84,898.36,44672.64,49033.65,11.400500000003376,9.165499999999156,2.23500000000422,0.24384921717357763
2026-08-17 18:01:00,20195.85,898.44,44672.75,49033.73,11.480500000005122,9.130499999999302,2.3500000000058208,0.257379113959367
2026-08-17 18:02:00,20195.9,897.68,44672.85,49033.86,11.610500000002503,9.100500000000466,2.5100000000020373,0.2758090214825459
2026-08-17 18:03:00,20197.48,897.48,44673.14,49034.76,12.510500000003958,9.07050000000163,3.4400000000023283,0.3792514194368238
2026-08-17 18:04:00,20198.63,897.9,44673.23,49035.31,13.060499999999593,9.040500000002794,4.019999999996799,0.44466567114601585
2026-08-17 18:05:00,20199.59,897.56,44673.14,49035.64,13.390500000001339,9.010500000003958,4.379999999997381,0.486099550523884
2026-08-17 18:06:00,20200.46,897.53,44673.35,49036.18,13.930500000002212,8.99550000000454,4.934999999997672,0.5486076371513736
2026-08-17 18:07:00,20200.73,897.27,44673.3,49036.24,13.990499999999884,8.980500000005122,5.009999999994761,0.557875396691933
2026-08-17 18:08:00,20201.94,897.12,44673.44,49036.87,14.62050000000454,8.950500000002648,5.670000000001892,0.6334841628959516
2026-08-17 18:09:00,20202.39,897.46,44673.48,49037.08,14.830500000003667,8.920500000000175,5.9100000000034925,0.6625189171014378
2026-08-17 18:10:00,20201.24,897.22,44673.44,49036.55,14.300500000004831,8.895500000002357,5.405000000002474,0.6076105896240842
2026-08-17 18:11:00,20200.55,896.5,44673.54,49036.35,14.100500000000466,8.87050000000454,5.2299999999959255,0.5895947240846907
2026-08-17 18:12:00,20200.66,896.06,44673.61,49036.45,14.20049999999901,8.865500000003522,5.334999999995489,0.6017709097054165
2026-08-17 18:13:00,20201.74,895.97,44673.93,49037.18,14.930500000002212,8.860500000002503,6.069999999999709,0.6850629196995649
2026-08-17 18:14:00,20202.14,895.85,44673.94,49037.35,15.100500000000466,8.855500000001484,6.244999999998981,0.7052114505107486
2026-08-17 18:15:00,20201.63,895.99,44673.99,49037.18,14.930500000002212,8.850500000000466,6.080000000001746,0.6869668380319108
2026-08-17 18:16:00,20200.43,895.74,44673.79,49036.52,14.27049999999872,8.835500000001048,5.434999999997672,0.6151321373999239
2026-08-17 18:17:00,20201.59,895.64,44674.23,49037.4,15.150500000003376,8.82050000000163,6.330000000001746,0.7176463919279606
2026-08-17 18:18:00,20202.1,896.0,44673.98,49037.37,15.12050000000454,8.81050000000323,6.31000000000131,0.7161909085748818
2026-08-17 18:19:00,20202.58,896.59,44673.59,49037.22,14.970500000003085,8.800500000004831,6.169999999998254,0.7010965286057459
2026-08-17 18:20:00,20202.76,896.49,44673.57,49037.27,15.02049999999872,8.780500000004395,6.239999999994325,0.7106656796299985
2026-08-17 18:21:00,20202.97,896.59,44673.63,49037.41,15.160500000005413,8.760500000003958,6.400000000001455,0.7305519091374424
2026-08-17 18:22:00,20203.47,896.69,44673.56,49037.56,15.310499999999593,8.75550000000294,6.554999999996653,0.7486722631482442
2026-08-17 18:23:00,20204.14,896.48,44673.84,49038.08,15.830500000003667,8.75050000000192,7.080000000001746,0.8090966230501334
2026-08-17 18:24:00,20203.9,896.27,44673.84,49037.97,15.720500000003085,8.75050000000192,6.970000000001164,0.7965259128049408
2026-08-17 18:25:00,20203.88,896.24,44673.75,49037.87,15.62050000000454,8.75050000000192,6.870000000002619,0.785097994400447
2026-08-17 18:26:00,20204.1,895.99,44673.95,49038.15,15.900500000003376,8.725500000000466,7.17500000000291,0.822302446851473
2026-08-17 18:27:00,20204.23,895.57,44674.17,49038.42,16.170500000000175,8.70049999999901,7.470000000001164,0.858571346474572
2026-08-17 18:28:00,20203.56,896.29,44673.49,49037.54,15.290500000002794,8.680500000002212,6.610000000000582,0.7614768734518631
2026-08-17 18:29:00,20203.07,895.81,44673.45,49037.29,15.040500000002794,8.660500000005413,6.379999999997381,0.7366780208987233
2026-08-17 18:30:00,20202.79,895.38,44673.85,49037.53,15.280500000000757,8.63050000000294,6.649999999997817,0.77052314466086
2026-08-17 18:31:00,20202.36,895.12,44673.5,49037.04,14.790500000002794,8.600500000000466,6.190000000002328,0.719725597349223
2026-08-17 18:32:00,20202.87,894.61,44673.58,49037.33,15.080500000003667,8.595499999999447,6.48500000000422,0.7544645454022032
2026-08-17 18:33:00,20204.34,894.06,44674.31,49038.57,16.32050000000163,8.590499999998428,7.730000000003201,0.8998312088940825
2026-08-17 18:34:00,20204.41,894.18,44674.04,49038.34,16.09049999999843,8.535500000001775,7.554999999996653,0.8851268232669535
2026-08-17 18:35:00,20205.56,893.88,44674.14,49038.9,16.650500000003376,8.480500000005122,8.169999999998254,0.9633865927708648
2026-08-17 18:36:00,20206.2,893.7,44674.15,49039.16,16.910500000005413,8.475500000004104,8.43500000000131,0.9952215208538996
2026-08-17 18:37:00,20206.68,894.21,44673.95,49039.19,16.94050000000425,8.470500000003085,8.470000000001164,0.9999409716071164
2026-08-17 18:38:00,20207.11,894.21,44673.76,49039.19,16.94050000000425,8.470500000003085,8.470000000001164,0.9999409716071164
2026-08-17 18:39:00,20207.45,894.15,44673.67,49039.23,16.980500000005122,8.470500000003085,8.510000000002037,1.0046632430197673
2026-08-17 18:40:00,20207.74,894.35,44673.53,49039.25,17.00050000000192,8.465500000002066,8.534999999999854,1.0082097926877056
2026-08-17 18:41:00,20208.07,894.67,44673.71,49039.55,17.30050000000483,8.460500000001048,8.840000000003783,1.0448555049941124
2026-08-17 18:42:00,20207.86,894.73,44673.42,49039.19,16.94050000000425,8.425500000001193,8.515000000003056,1.0106225149844934
2026-08-17 18:43:00,20207.63,894.77,44673.21,49038.92,16.670500000000175,8.390500000001339,8.279999999998836,0.9868303438409528
2026-08-17 18:44:00,20208.32,894.7,44673.48,49039.42,17.170500000000175,8.365499999999884,8.805000000000291,1.0525372063834098
2026-08-17 18:45:00,20208.1,894.29,44673.37,49039.24,16.990499999999884,8.340499999998428,8.650000000001455,1.0371080870455112
2026-08-17 18:46:00,20208.23,894.56,44673.4,49039.32,17.07050000000163,8.32549999999901,8.74500000000262,1.0503873641227144
2026-08-17 18:47:00,20207.74,894.19,44673.54,49039.25,17.00050000000192,8.310499999999593,8.690000000002328,1.0456651224358047
2026-08-17 18:48:00,20207.76,893.77,44674.17,49039.82,17.57050000000163,8.300500000001193,9.270000000000437,1.1168001927593643
2026-08-17 18:49:00,20207.48,892.8,44673.65,49039.2,16.95049999999901,8.290500000002794,8.659999999996217,1.0445690850965923
2026-08-17 18:50:00,20208.09,892.3,44673.8,49039.59,17.34049999999843,8.270500000002357,9.069999999996071,1.0966688833799028
2026-08-17 18:51:00,20208.44,892.49,44673.76,49039.69,17.44050000000425,8.25050000000192,9.190000000002328,1.1138718865523531
2026-08-17 18:52:00,20208.66,892.61,44673.9,49039.92,17.670500000000175,8.25050000000192,9.419999999998254,1.141748984909528
2026-08-17 18:53:00,20208.39,892.68,44673.61,49039.55,17.30050000000483,8.25050000000192,9.05000000000291,1.096903217986886
2026-08-17 18:54:00,20209.28,891.81,44673.96,49040.22,17.970500000003085,8.210500000001048,9.760000000002037,1.188721758723682
2026-08-17 18:55:00,20210.19,891.89,44674.19,49040.79,18.540500000002794,8.170500000000175,10.37000000000262,1.2692001713484362
2026-08-17 18:56:00,20210.55,892.15,44673.94,49040.7,18.45049999999901,8.165500000002794,10.284999999996217,1.2595676933430529
2026-08-17 18:57:00,20210.76,892.44,44673.85,49040.73,18.480500000005122,8.160500000005413,10.319999999999709,1.2646283928672095
2026-08-17 18:58:00,20210.47,892.65,44673.85,49040.6,18.350500000000466,8.150500000003376,10.19999999999709,1.2514569658294417
2026-08-17 18:59:00,20211.01,892.9,44673.69,49040.7,18.45049999999901,8.140500000001339,10.309999999997672,1.266506971315764
2026-08-17 19:00:00,20211.96,893.28,44673.63,49041.03,18.780500000000757,8.110500000002503,10.669999999998254,1.3155785709876038
2026-08-17 19:01:00,20212.35,893.27,44673.84,49041.38,19.1304999999993,8.080500000003667,11.049999999995634,1.3674896355411943
2026-08-17 19:02:00,20212.38,894.09,44673.75,49041.34,19.09049999999843,8.06550000000425,11.02499999999418,1.3669332341439924
2026-08-17 19:03:00,20212.71,894.41,44673.8,49041.52,19.27049999999872,8.050500000004831,11.219999999993888,1.3937022545167572
2026-08-17 19:04:00,20211.88,895.13,44673.49,49040.89,18.64050000000134,8.010500000003958,10.62999999999738,1.327008301603162
2026-08-17 19:05:00,20211.25,895.24,44673.46,49040.62,18.37050000000454,7.970500000003085,10.400000000001455,1.304811492377822
2026-08-17 19:06:00,20210.98,895.99,44673.64,49040.67,18.420500000000175,7.955500000003667,10.464999999996508,1.3154421469413216
2026-08-17 19:07:00,20210.44,896.64,44673.65,49040.48,18.230500000005122,7.940500000004249,10.290000000000873,1.2958881682507861
2026-08-17 19:08:00,20209.86,896.31,44673.69,49040.28,18.030500000000757,7.930500000002212,10.099999999998545,1.2735640880140884
2026-08-17 19:09:00,20209.35,896.32,44673.86,49040.21,17.960500000001048,7.920500000000175,10.040000000000873,1.2675967426299668
2026-08-17 19:10:00,20208.42,896.8,44673.48,49039.48,17.230500000005122,7.900499999999738,9.330000000005384,1.1809379153225357
2026-08-17 19:11:00,20207.33,896.53,44673.17,49038.76,16.510500000003958,7.8804999999993015,8.630000000004657,1.0951081784157632
2026-08-17 19:12:00,20206.74,896.5,44673.21,49038.57,16.32050000000163,7.8804999999993015,8.440000000002328,1.0709980331201163
2026-08-17 19:13:00,20206.27,896.56,44673.41,49038.57,16.32050000000163,7.8804999999993015,8.440000000002328,1.0709980331201163
2026-08-17 19:14:00,20205.5,896.62,44673.47,49038.29,16.040500000002794,7.875500000001921,8.165000000000873,1.0367595708207582
2026-08-17 19:15:00,20205.31,896.69,44673.53,49038.28,16.030500000000757,7.87050000000454,8.159999999996217,1.0367829235742976
2026-08-17 19:16:00,20205.41,896.69,44673.92,49038.68,16.430500000002212,7.850500000004104,8.579999999998108,1.092924017577686
2026-08-17 19:17:00,20205.47,897.19,44673.91,49038.71,16.460500000001048,7.830500000003667,8.62999999999738,1.1021007598484567
2026-08-17 19:18:00,20206.81,897.18,44674.49,49039.79,17.540500000002794,7.8255000000026484,9.715000000000146,1.241454220177223
2026-08-17 19:19:00,20207.78,896.97,44674.66,49040.33,18.080500000003667,7.82050000000163,10.260000000002037,1.3119365769451952
2026-08-17 19:20:00,20207.44,897.51,44674.32,49039.87,17.62050000000454,7.815500000000611,9.805000000003929,1.2545582496325458
2026-08-17 19:21:00,20207.75,897.48,44674.59,49040.25,18.00050000000192,7.8104999999995925,10.190000000002328,1.3046539914221702
2026-08-17 19:22:00,20207.69,896.71,44674.44,49040.08,17.830500000003667,7.8104999999995925,10.020000000004075,1.282888419435964
2026-08-17 19:23:00,20208.74,896.42,44674.96,49040.98,18.730500000005122,7.8104999999995925,10.92000000000553,1.3981179181878367
2026-08-17 19:24:00,20209.87,896.58,44674.94,49041.42,19.170500000000175,7.805500000002212,11.364999999997963,1.4560245980391702
2026-08-17 19:25:00,20210.03,896.89,44674.66,49041.24,18.990499999999884,7.800500000004831,11.189999999995052,1.4345234279838628
2026-08-17 19:26:00,20210.06,896.58,44674.71,49041.29,19.040500000002794,7.800500000004831,11.239999999997963,1.4409332735069549
2026-08-17 19:27:00,20210.48,895.75,44675.0,49041.72,19.470500000003085,7.800500000004831,11.669999999998254,1.496057945002375
2026-08-17 19:28:00,20211.16,895.42,44675.56,49042.49,20.240499999999884,7.785500000001775,12.454999999998108,1.599768800975566
2026-08-17 19:29:00,20211.29,895.43,44675.67,49042.65,20.400500000003376,7.770499999998719,12.630000000004657,1.6253780323025209
2026-08-17 19:30:00,20210.67,895.34,44675.45,49042.19,19.94050000000425,7.735499999998865,12.205000000005384,1.5777907051912836
2026-08-17 19:31:00,20210.99,894.79,44675.61,49042.46,20.210500000001048,7.7004999999990105,12.510000000002037,1.6245698331281924
2026-08-17 19:32:00,20212.55,895.94,44675.52,49043.04,20.790500000002794,7.680500000002212,13.110000000000582,1.7069201223874495
2026-08-17 19:33:00,20212.2,896.86,44674.78,49042.24,19.990499999999884,7.660500000005413,12.32999999999447,1.6095555120404357
2026-08-17 19:34:00,20212.82,896.06,44675.27,49042.94,20.69050000000425,7.6305000000029395,13.06000000000131,1.7115523229141312
2026-08-17 19:35:00,20213.16,895.94,44675.3,49043.1,20.850500000000466,7.600500000000466,13.25,1.7433063614234838
2026-08-17 19:36:00,20213.55,895.93,44675.61,49043.54,21.290500000002794,7.600500000000466,13.690000000002328,1.8011972896521926
2026-08-17 19:37:00,20213.46,896.1,44675.57,49043.47,21.220500000003085,7.600500000000466,13.62000000000262,1.7919873692522577
2026-08-17 19:38:00,20213.38,895.92,44675.6,49043.46,21.210500000001048,7.595499999999447,13.6150000000016,1.7925087222701062
2026-08-17 19:39:00,20213.58,895.64,44675.8,49043.72,21.470500000003085,7.590499999998428,13.880000000004657,1.828601541401427
2026-08-17 19:40:00,20214.25,894.99,44676.01,49044.16,21.910500000005413,7.590499999998428,14.320000000006985,1.886568737238647
2026-08-17 19:41:00,20214.51,895.09,44676.09,49044.35,22.100500000000466,7.590499999998428,14.510000000002037,1.9116000263493895
2026-08-17 19:42:00,20214.8,895.45,44675.88,49044.29,22.040500000002794,7.57050000000163,14.470000000001164,1.9113664883426522
2026-08-17 19:43:00,20215.63,895.2,44675.87,49044.61,22.360500000002503,7.550500000004831,14.809999999997672,1.9614595059914173
2026-08-17 19:44:00,20216.52,894.17,44676.22,49045.27,23.02049999999872,7.5055000000029395,15.51499999999578,2.0671507561108124
2026-08-17 19:45:00,20217.16,894.82,44675.99,49045.32,23.07050000000163,7.460500000001048,15.610000000000582,2.092353059446202
2026-08-17 19:46:00,20217.63,895.37,44675.46,49045.03,22.780500000000757,7.455500000000029,15.325000000000728,2.0555294748844033
2026-08-17 19:47:00,20218.59,895.04,44675.73,49045.68,23.430500000002212,7.4504999999990105,15.980000000003201,2.1448224951352692
2026-08-17 19:48:00,20218.47,894.82,44676.18,49046.03,23.780500000000757,7.440500000000611,16.340000000000146,2.196088972515127
2026-08-17 19:49:00,20217.52,894.53,44676.05,49045.51,23.260500000003958,7.430500000002212,15.830000000001746,2.1304084516515758
2026-08-17 19:50:00,20217.18,894.63,44675.92,49045.28,23.030500000000757,7.425500000001193,15.604999999999563,2.1015419837044047
2026-08-17 19:51:00,20216.96,894.51,44676.21,49045.45,23.20049999999901,7.420500000000175,15.779999999998836,2.1265413381845515
2026-08-17 19:52:00,20216.38,894.29,44676.36,49045.35,23.100500000000466,7.400499999999738,15.700000000000728,2.1214782784948696
2026-08-17 19:53:00,20215.31,893.78,44676.5,49045.02,22.77049999999872,7.3804999999993015,15.389999999999418,2.0852245782807226
2026-08-17 19:54:00,20213.87,893.61,44676.53,49044.45,22.20049999999901,7.375500000001921,14.82499999999709,2.0100332180859914
2026-08-17 19:55:00,20212.92,893.15,44676.64,49044.15,21.900500000003376,7.37050000000454,14.529999999998836,1.971372362796267
2026-08-17 19:56:00,20212.79,892.72,44677.32,49044.7,22.45049999999901,7.37050000000454,15.07999999999447,2.0459941659297445
2026-08-17 19:57:00,20211.47,892.8,44677.4,49044.24,21.990499999999884,7.37050000000454,14.619999999995343,1.983583203308641
2026-08-17 19:58:00,20210.15,892.9,44677.34,49043.66,21.410500000005413,7.37050000000454,14.040000000000873,1.904891120004372
2026-08-17 19:59:00,20209.51,893.38,44677.38,49043.46,21.210500000001048,7.37050000000454,13.839999999996508,1.877755918864118
2026-08-17 20:00:00,20209.09,893.6,44677.47,49043.37,21.12050000000454,7.365500000003522,13.755000000001019,1.8674903265215452
2026-08-17 20:01:00,20208.93,894.18,44677.39,49043.24,20.990499999999884,7.360500000002503,13.62999999999738,1.851776373886658
2026-08-17 20:02:00,20209.66,894.14,44677.57,49043.71,21.460500000001048,7.345500000003085,14.114999999997963,1.9215846436582988
2026-08-17 20:03:00,20209.44,893.98,44677.77,49043.78,21.530500000000757,7.330500000003667,14.19999999999709,1.9371120660241439
2026-08-17 20:04:00,20209.06,894.36,44677.73,49043.58,21.330500000003667,7.3255000000026484,14.005000000001019,1.9118148931808008
2026-08-17 20:05:00,20208.06,894.34,44677.51,49042.98,20.730500000005122,7.32050000000163,13.410000000003492,1.8318420872891887
2026-08-17 20:06:00,20207.05,894.81,44677.44,49042.52,20.27049999999872,7.32050000000163,12.94999999999709,1.7690048493947417
2026-08-17 20:07:00,20206.26,895.13,44677.48,49042.24,19.990499999999884,7.32050000000163,12.669999999998254,1.7307560958944652
2026-08-17 20:08:00,20206.19,895.28,44677.67,49042.38,20.1304999999993,7.32050000000163,12.809999999997672,1.7498804726446036
2026-08-17 20:09:00,20206.0,895.44,44677.75,49042.37,20.12050000000454,7.32050000000163,12.80000000000291,1.7485144457345894
2026-08-17 20:10:00,20205.4,894.87,44677.92,49042.28,20.030500000000757,7.305500000002212,12.724999999998545,1.7418383409752505
2026-08-17 20:11:00,20205.41,893.88,44678.5,49042.8,20.55050000000483,7.290500000002794,13.260000000002037,1.818805294560998
2026-08-17 20:12:00,20204.88,893.36,44678.42,49042.53,20.280500000000757,7.270500000002357,13.0099999999984,1.7894230107962563
2026-08-17 20:13:00,20204.53,893.93,44678.41,49042.37,20.12050000000454,7.250500000001921,12.87000000000262,1.775049996551853
2026-08-17 20:14:00,20204.91,894.04,44678.68,49042.76,20.510500000003958,7.225500000000466,13.285000000003492,1.8386270846311863
2026-08-17 20:15:00,20204.7,894.15,44678.67,49042.67,20.420500000000175,7.2004999999990105,13.220000000001164,1.8359836122495634
2026-08-17 20:16:00,20204.63,894.68,44678.51,49042.49,20.240499999999884,7.2004999999990105,13.040000000000873,1.8109853482400757
2026-08-17 20:17:00,20204.1,894.63,44678.61,49042.38,20.1304999999993,7.2004999999990105,12.930000000000291,1.7957086313453328
2026-08-17 20:18:00,20204.23,894.51,44678.82,49042.62,20.37050000000454,7.19550000000163,13.17500000000291,1.8310054895420647
2026-08-17 20:19:00,20204.46,893.97,44679.03,49042.89,20.64050000000134,7.190500000004249,13.44999999999709,1.8705236075362133
2026-08-17 20:20:00,20204.44,893.72,44679.4,49043.22,20.970500000003085,7.165500000002794,13.805000000000291,1.926592701136684
2026-08-17 20:21:00,20203.66,893.54,44679.09,49042.6,20.350500000000466,7.140500000001339,13.209999999999127,1.8500105034656746
2026-08-17 20:22:00,20202.41,893.31,44679.07,49042.06,19.810499999999593,7.13550000000032,12.674999999999272,1.7763296195079117
2026-08-17 20:23:00,20200.58,893.44,44679.01,49041.28,19.030500000000757,7.1304999999993015,11.900000000001455,1.6688871748127931
2026-08-17 20:24:00,20199.91,893.63,44678.76,49040.77,18.52049999999872,7.095499999999447,11.424999999999272,1.6101754633218466
2026-08-17 20:25:00,20199.55,894.32,44678.61,49040.5,18.25050000000192,7.0604999999995925,11.190000000002328,1.5848735925221973
2026-08-17 20:26:00,20199.06,894.8,44678.21,49039.94,17.69050000000425,7.0604999999995925,10.630000000004657,1.5055590963820225
2026-08-17 20:27:00,20198.6,894.79,44678.2,49039.75,17.50050000000192,7.0604999999995925,10.440000000002328,1.4786488209054502
2026-08-17 20:28:00,20197.47,894.45,44678.17,49039.27,17.02049999999872,7.055500000002212,9.964999999996508,1.412373325773281
2026-08-17 20:29:00,20199.5,893.32,44678.75,49040.62,18.37050000000454,7.050500000004831,11.319999999999709,1.6055598893684069
2026-08-17 20:30:00,20199.1,893.36,44678.95,49040.64,18.39050000000134,7.035500000001775,11.354999999999563,1.613957785515841
2026-08-17 20:31:00,20197.57,894.96,44678.71,49039.83,17.580500000003667,7.020499999998719,10.560000000004948,1.5041663699176517
2026-08-17 20:32:00,20199.71,891.22,44680.12,49041.95,19.70049999999901,7.020499999998719,12.680000000000291,1.8061391638775877
2026-08-17 20:33:00,20197.47,893.24,44680.45,49041.31,19.060499999999593,7.020499999998719,12.040000000000873,1.7149775657008859
2026-08-17 20:34:00,20197.86,892.57,44680.23,49041.27,19.02049999999872,7.01050000000032,12.0099999999984,1.7131445688606877
2026-08-17 20:35:00,20195.89,892.24,44680.76,49040.95,18.70049999999901,7.000500000001921,11.69999999999709,1.6713091921996828
2026-08-17 20:36:00,20194.87,893.18,44680.69,49040.5,18.25050000000192,7.000500000001921,11.25,1.6070280694231716
2026-08-17 20:37:00,20193.88,891.19,44681.01,49040.34,18.09049999999843,7.000500000001921,11.089999999996508,1.5841725591019877
2026-08-17 20:38:00,20191.69,892.26,44681.45,49039.87,17.62050000000454,6.990500000003522,10.630000000001019,1.5206351476998303
2026-08-17 20:39:00,20190.58,892.74,44681.56,49039.54,17.290500000002794,6.980500000005122,10.309999999997672,1.4769715636401557
2026-08-17 20:40:00,20189.29,895.7,44680.8,49038.38,16.1304999999993,6.990500000003522,9.13999999999578,1.3074887347101316
2026-08-17 20:41:00,20188.11,897.83,44680.64,49037.77,15.52049999999872,6.980500000005122,8.539999999993597,1.2234080653230184
2026-08-17 20:42:00,20185.75,898.51,44680.23,49036.47,14.220500000003085,6.990500000003522,7.229999999999563,1.0342607824899395
2026-08-17 20:43:00,20184.08,900.85,44680.38,49035.95,13.70049999999901,6.980500000005122,6.719999999993888,0.9626817563195985
2026-08-17 20:44:00,20182.87,904.19,44679.85,49035.03,12.780500000000757,6.970500000003085,5.809999999997672,0.8335126604971093
2026-08-17 20:45:00,20182.2,906.81,44678.96,49034.0,11.75050000000192,6.980500000005122,4.769999999996799,0.6833321395305921
2026-08-17 20:46:00,20179.64,908.37,44678.9,49032.92,10.670500000000175,6.990500000003522,3.679999999996653,0.5264287246970601
2026-08-17 20:47:00,20175.96,909.98,44678.63,49031.23,8.980500000005122,6.980500000005122,2.0,0.28651242747633154
2026-08-17 20:48:00,20172.4,911.46,44678.76,49029.91,7.660500000005413,6.990500000003522,0.6700000000018917,0.09584436020335516
2026-08-17 20:49:00,20169.85,913.75,44678.64,49028.79,6.540500000002794,7.000500000001921,-0.4599999999991269,0.06570959217184497
2026-08-17 20:50:00,20167.23,915.55,44678.64,49027.78,5.530500000000757,7.000500000001921,-1.4700000000011642,0.20998500107146073
2026-08-17 20:51:00,20166.47,918.06,44678.85,49027.7,5.4504999999990105,7.000500000001921,-1.5500000000029104,0.22141275623205273
2026-08-17 20:52:00,20165.56,919.77,44678.5,49027.03,4.780500000000757,7.01050000000032,-2.2299999999995634,0.3180942871406407
2026-08-17 20:53:00,20164.86,921.18,44678.61,49026.87,4.62050000000454,7.020499999998719,-2.3999999999941792,0.3418559931621134
2026-08-17 20:54:00,20165.0,921.89,44678.77,49027.1,4.850500000000466,7.035500000001775,-2.1850000000013097,0.31056783455344444
2026-08-17 20:55:00,20164.27,922.45,44678.72,49026.76,4.510500000003958,7.050500000004831,-2.540000000000873,0.360258137720606
2026-08-17 20:56:00,20164.5,925.44,44678.38,49026.6,4.350500000000466,7.055500000002212,-2.7050000000017462,0.3833888455815886
2026-08-17 20:57:00,20166.39,927.72,44677.86,49026.94,4.690500000004249,7.0604999999995925,-2.3699999999953434,0.33567027830826146
2026-08-17 20:58:00,20168.78,927.52,44677.98,49028.01,5.760500000003958,7.095499999999447,-1.334999999995489,0.1881474173765898
2026-08-17 20:59:00,20170.4,926.98,44678.57,49029.19,6.940500000004249,7.1304999999993015,-0.18999999999505235,0.026646097748414692
2026-08-17 21:00:00,20171.53,926.03,44679.02,49030.05,7.800500000004831,7.13550000000032,0.6650000000045111,0.0931959918722558
2026-08-17 21:01:00,20172.02,925.41,44679.36,49030.54,8.290500000002794,7.140500000001339,1.1500000000014552,0.16105314753886135
2026-08-17 21:02:00,20171.84,924.5,44679.77,49030.84,8.590499999998428,7.170500000000175,1.4199999999982538,0.1980336099293242
2026-08-17 21:03:00,20170.94,923.62,44680.43,49031.05,8.800500000004831,7.2004999999990105,1.6000000000058208,0.22220679119589481
2026-08-17 21:04:00,20170.47,923.54,44680.77,49031.17,8.920500000000175,7.2004999999990105,1.7200000000011642,0.2388723005348796
2026-08-17 21:05:00,20169.68,923.08,44681.02,49031.07,8.82050000000163,7.2004999999990105,1.6200000000026193,0.2249843760853888
2026-08-17 21:06:00,20170.43,922.85,44681.32,49031.65,9.400500000003376,7.225500000000466,2.1750000000029104,0.3010172306418615
2026-08-17 21:07:00,20171.37,923.62,44681.34,49032.04,9.790500000002794,7.250500000001921,2.540000000000873,0.35032066754019725
2026-08-17 21:08:00,20170.61,923.32,44681.32,49031.73,9.480500000005122,7.270500000002357,2.210000000002765,0.30396809022791393
2026-08-17 21:09:00,20172.85,923.43,44681.37,49032.69,10.44050000000425,7.290500000002794,3.150000000001455,0.43206913106100375
2026-08-17 21:10:00,20172.31,921.89,44681.43,49032.51,10.260500000003958,7.305500000002212,2.9550000000017462,0.40448976798314307
2026-08-17 21:11:00,20171.41,921.54,44681.58,49032.26,10.010500000003958,7.32050000000163,2.6900000000023283,0.3674612389866443
2026-08-17 21:12:00,20171.85,923.63,44681.14,49032.07,9.82050000000163,7.3255000000026484,2.4949999999989814,0.34059108593243864
2026-08-17 21:13:00,20172.65,925.82,44680.05,49031.45,9.20049999999901,7.330500000003667,1.8699999999953434,0.2550985608068219
2026-08-17 21:14:00,20174.3,925.66,44679.67,49031.78,9.530500000000757,7.350500000004104,2.179999999996653,0.2965784640494437
2026-08-17 21:15:00,20175.95,925.61,44679.43,49032.22,9.970500000003085,7.37050000000454,2.599999999998545,0.3527576148154051
2026-08-17 21:16:00,20176.67,924.16,44679.64,49032.68,10.430500000002212,7.375500000001921,3.055000000000291,0.4142092061554465
2026-08-17 21:17:00,20177.23,923.06,44679.93,49033.16,10.910500000005413,7.3804999999993015,3.530000000006112,0.47828737890474166
2026-08-17 21:18:00,20178.15,923.0,44679.84,49033.44,11.19050000000425,7.400499999999738,3.790000000004511,0.5121275589493474
2026-08-17 21:19:00,20179.02,922.59,44680.03,49033.97,11.720500000003085,7.420500000000175,4.30000000000291,0.5794757765653
2026-08-17 21:20:00,20179.89,922.63,44680.86,49035.07,12.82050000000163,7.425500000001193,5.395000000000437,0.7265504006463631
2026-08-17 21:21:00,20180.06,921.82,44681.96,49036.12,13.87050000000454,7.430500000002212,6.440000000002328,0.866698068770663
2026-08-17 21:22:00,20179.26,922.03,44681.97,49035.81,13.560499999999593,7.440500000000611,6.119999999998981,0.8225253679186182
2026-08-17 21:23:00,20178.9,921.21,44682.26,49035.92,13.670500000000175,7.4504999999990105,6.220000000001164,0.8348432991077096
2026-08-17 21:24:00,20178.18,918.91,44683.16,49036.41,14.160500000005413,7.455500000000029,6.705000000005384,0.8993360606271019
2026-08-17 21:25:00,20177.38,916.84,44683.86,49036.67,14.420500000000175,7.460500000001048,6.959999999999127,0.9329133436094296
2026-08-17 21:26:00,20177.74,915.23,44684.65,49037.51,15.260500000003958,7.5055000000029395,7.755000000001019,1.0332422889878066
2026-08-17 21:27:00,20177.85,916.06,44684.77,49037.67,15.420500000000175,7.550500000004831,7.869999999995343,1.0423150784703408
2026-08-17 21:28:00,20177.7,917.08,44684.38,49037.27,15.02049999999872,7.57050000000163,7.44999999999709,0.9840829535691812
2026-08-17 21:29:00,20177.69,916.45,44684.49,49037.36,15.110500000002503,7.590499999998428,7.5200000000040745,0.9907120743041475
2026-08-17 21:30:00,20178.01,915.89,44684.42,49037.41,15.160500000005413,7.590499999998428,7.570000000006985,0.9972992556496347
2026-08-17 21:31:00,20178.8,916.43,44684.32,49037.67,15.420500000000175,7.590499999998428,7.830000000001746,1.0315525986434844
2026-08-17 21:32:00,20179.85,917.94,44684.17,49037.97,15.720500000003085,7.595499999999447,8.125000000003638,1.0697123296694397
2026-08-17 21:33:00,20179.15,920.16,44683.21,49036.85,14.600500000000466,7.600500000000466,7.0,0.9209920399973122
2026-08-17 21:34:00,20179.31,920.99,44682.59,49036.37,14.12050000000454,7.6305000000029395,6.490000000001601,0.8505340410194746
2026-08-17 21:35:00,20179.52,921.38,44682.35,49036.25,14.00050000000192,7.660500000005413,6.3399999999965075,0.8276222178698555
2026-08-17 21:36:00,20180.1,921.95,44682.42,49036.56,14.310499999999593,7.680500000002212,6.629999999997381,0.8632250504518548
2026-08-17 21:37:00,20180.44,922.3,44682.13,49036.44,14.19050000000425,7.7004999999990105,6.490000000005239,0.8428024154283582
2026-08-17 21:38:00,20179.99,922.16,44682.09,49036.22,13.970500000003085,7.750500000001921,6.220000000001164,0.8025288691051703
2026-08-17 21:39:00,20179.64,922.6,44682.12,49036.11,13.860500000002503,7.800500000004831,6.059999999997672,0.7768732773532361
2026-08-17 21:40:00,20179.91,922.77,44682.0,49036.12,13.87050000000454,7.815500000004249,6.055000000000291,0.774742498880046
2026-08-17 21:41:00,20180.36,922.31,44682.35,49036.62,14.37050000000454,7.830500000003667,6.540000000000873,0.8351957090859856
2026-08-17 21:42:00,20180.32,922.04,44682.38,49036.61,14.360500000002503,7.855500000001484,6.505000000001019,0.828082235376461
2026-08-17 21:43:00,20179.63,922.14,44682.21,49036.18,13.930500000002212,7.8804999999993015,6.05000000000291,0.7677177844049802
2026-08-17 21:44:00,20178.79,922.58,44682.14,49035.78,13.530500000000757,7.910500000001775,5.619999999998981,0.7104481385497402
2026-08-17 21:45:00,20178.56,922.81,44682.27,49035.81,13.560499999999593,7.940500000004249,5.619999999995343,0.7077639947096953
2026-08-17 21:46:00,20178.5,922.62,44682.43,49035.93,13.680500000002212,7.955500000003667,5.724999999998545,0.7196279303621276
2026-08-17 21:47:00,20178.81,921.83,44682.69,49036.29,14.040500000002794,7.970500000003085,6.069999999999709,0.7615582460319126
2026-08-17 21:48:00,20178.63,921.35,44682.73,49036.24,13.990499999999884,8.055500000002212,5.934999999997672,0.7367637018181419
2026-08-17 21:49:00,20178.86,921.04,44683.08,49036.65,14.400500000003376,8.140500000001339,6.260000000002037,0.7689945335054368
2026-08-17 21:50:00,20178.88,920.43,44683.11,49036.67,14.420500000000175,8.155500000000757,6.264999999999418,0.7681932438230441
2026-08-17 21:51:00,20178.55,920.72,44683.14,49036.56,14.310499999999593,8.170500000000175,6.139999999999418,0.751483997307299
2026-08-17 21:52:00,20178.26,920.63,44683.11,49036.43,14.180500000002212,8.210500000001048,5.970000000001164,0.7271177151209308
2026-08-17 21:53:00,20177.8,920.46,44683.29,49036.39,14.140500000001339,8.25050000000192,5.889999999999418,0.713896127507187
2026-08-17 21:54:00,20176.53,920.82,44683.37,49035.95,13.70049999999901,8.270500000002357,5.429999999996653,0.6565503899395569
2026-08-17 21:55:00,20175.93,920.39,44683.49,49035.8,13.550500000004831,8.290500000002794,5.260000000002037,0.6344611302093076
2026-08-17 21:56:00,20175.33,920.28,44683.6,49035.66,13.410500000005413,8.315500000000611,5.095000000004802,0.612711201972753
2026-08-17 21:57:00,20174.39,920.73,44683.52,49035.21,12.960500000001048,8.340499999998428,4.620000000002619,0.553923625682332
2026-08-17 21:58:00,20173.53,921.04,44683.62,49034.96,12.710500000001048,8.365499999999884,4.345000000001164,0.5193951347798965
2026-08-17 21:59:00,20172.97,920.77,44683.69,49034.78,12.530500000000757,8.390500000001339,4.139999999999418,0.4934151719204764
2026-08-17 22:00:00,20172.28,920.7,44683.76,49034.57,12.32050000000163,8.430500000002212,3.889999999999418,0.461419844611636
2026-08-17 22:01:00,20172.03,920.83,44683.88,49034.57,12.32050000000163,8.470500000003085,3.849999999998545,0.4545186234575459
2026-08-17 22:02:00,20171.12,921.23,44683.74,49034.07,11.82050000000163,8.530500000000757,3.290000000000873,0.3856749311295447
2026-08-17 22:03:00,20170.39,921.63,44683.61,49033.68,11.430500000002212,8.590499999998428,2.8400000000037835,0.33059775333267016
2026-08-17 22:04:00,20170.76,921.78,44683.72,49033.93,11.680500000002212,8.595499999999447,3.085000000002765,0.358908731313241
2026-08-17 22:05:00,20171.82,921.58,44683.76,49034.4,12.150500000003376,8.600500000000466,3.5500000000029104,0.4127666996108038
2026-08-17 22:06:00,20172.74,921.01,44683.83,49034.82,12.57050000000163,8.63050000000294,3.9399999999986903,0.4565204796938009
2026-08-17 22:07:00,20173.65,920.62,44683.93,49035.29,13.040500000002794,8.660500000005413,4.379999999997381,0.5057444720275553
2026-08-17 22:08:00,20173.39,920.91,44683.73,49034.99,12.740499999999884,8.680500000002212,4.059999999997672,0.4677149933755702
2026-08-17 22:09:00,20173.23,920.67,44683.64,49034.84,12.590499999998428,8.70049999999901,3.889999999999418,0.44710074133668876
2026-08-17 22:10:00,20173.96,919.6,44683.97,49035.43,13.180500000002212,8.725500000000466,4.455000000001746,0.5105724600311167
2026-08-17 22:11:00,20175.01,918.57,44684.23,49036.08,13.830500000003667,8.75050000000192,5.080000000001746,0.5805382549569317
2026-08-17 22:12:00,20175.79,917.86,44684.31,49036.45,14.20049999999901,8.75550000000294,5.444999999996071,0.6218948089765568
2026-08-17 22:13:00,20176.12,917.1,44684.4,49036.66,14.410500000005413,8.760500000003958,5.650000000001455,0.6449403572854178
2026-08-17 22:14:00,20176.39,916.71,44684.51,49036.86,14.610500000002503,8.780500000004395,5.829999999998108,0.6639713000393133
2026-08-17 22:15:00,20176.88,916.75,44684.42,49036.97,14.720500000003085,8.800500000004831,5.919999999998254,0.6726890517578551
2026-08-17 22:16:00,20177.84,916.44,44684.42,49037.37,15.12050000000454,8.81050000000323,6.31000000000131,0.7161909085748818
2026-08-17 22:17:00,20178.1,916.01,44684.33,49037.38,15.130499999999302,8.82050000000163,6.309999999997672,0.7153789467713288
2026-08-17 22:18:00,20178.95,915.51,44684.51,49037.89,15.640500000001339,8.835500000001048,6.805000000000291,0.7701884443437818
2026-08-17 22:19:00,20180.0,915.17,44684.38,49038.19,15.94050000000425,8.850500000000466,7.0900000000037835,0.8010846844814881
2026-08-17 22:20:00,20180.69,915.07,44684.12,49038.22,15.970500000003085,8.88550000000032,7.085000000002765,0.7973664959768735
2026-08-17 22:21:00,20180.71,915.26,44683.77,49037.89,15.640500000001339,8.920500000000175,6.720000000001164,0.7533210021860919
2026-08-17 22:22:00,20180.69,915.07,44683.63,49037.76,15.510500000003958,8.950500000002648,6.56000000000131,0.7329199486061526
2026-08-17 22:23:00,20180.21,915.14,44683.57,49037.5,15.25050000000192,8.980500000005122,6.269999999996799,0.6981793886747087
2026-08-17 22:24:00,20179.58,915.25,44683.47,49037.17,14.920500000000175,8.99550000000454,5.924999999995634,0.6586626646648485
2026-08-17 22:25:00,20179.33,915.03,44683.45,49037.04,14.790500000002794,9.010500000003958,5.779999999998836,0.6414738360797178
2026-08-17 22:26:00,20179.5,915.59,44683.5,49037.18,14.930500000002212,9.105500000001484,5.825000000000728,0.6397232441930457
2026-08-17 22:27:00,20180.7,916.51,44682.9,49037.14,14.890500000001339,9.20049999999901,5.690000000002328,0.6184446497476159
2026-08-17 22:28:00,20180.3,918.97,44682.4,49036.56,14.310499999999593,9.220499999999447,5.0900000000001455,0.5520308009327531
2026-08-17 22:29:00,20179.34,920.2,44681.47,49035.34,13.090499999998428,9.240499999999884,3.849999999998545,0.41664412098897174
2026-08-17 22:30:00,20178.63,921.61,44681.19,49034.82,12.57050000000163,9.285500000001775,3.2849999999998545,0.35377739486287507
2026-08-17 22:31:00,20179.64,923.67,44680.44,49034.59,12.340499999998428,9.330500000003667,3.0099999999947613,0.32259793151423594
2026-08-17 22:32:00,20180.16,926.66,44679.49,49033.98,11.730500000005122,9.340500000002066,2.390000000003056,0.25587495316123626
2026-08-17 22:33:00,20180.04,928.99,44678.83,49033.37,11.12050000000454,9.350500000000466,1.7700000000040745,0.18929469012394914
2026-08-17 22:34:00,20181.24,929.66,44678.47,49033.55,11.300500000004831,9.365499999999884,1.9350000000049477,0.20660936415620862
2026-08-17 22:35:00,20182.11,931.39,44678.45,49033.9,11.650500000003376,9.380499999999302,2.2700000000040745,0.24199136506628044
2026-08-17 22:36:00,20183.8,932.36,44678.18,49034.36,12.110500000002503,9.390500000001339,2.720000000001164,0.28965443799592955
2026-08-17 22:37:00,20184.48,934.09,44677.65,49034.2,11.95049999999901,9.400500000003376,2.5499999999956344,0.2712621669054538
2026-08-17 22:38:00,20186.6,936.37,44677.05,49034.59,12.340499999998428,9.400500000003376,2.9399999999950523,0.3127493218439441
2026-08-17 22:39:00,20187.69,937.87,44676.28,49034.32,12.07050000000163,9.400500000003376,2.6699999999982538,0.2840274453483639
2026-08-17 22:40:00,20189.37,939.57,44675.68,49034.51,12.260500000003958,9.415500000002794,2.845000000001164,0.3021613297223005
2026-08-17 22:41:00,20188.86,940.12,44675.49,49034.12,11.87050000000454,9.430500000002212,2.4400000000023283,0.2587349557289387
2026-08-17 22:42:00,20190.46,941.24,44675.26,49034.58,12.330500000003667,9.455500000003667,2.875,0.30405584051598383
2026-08-17 22:43:00,20189.34,942.06,44674.9,49033.81,11.560499999999593,9.480500000005122,2.0799999999944703,0.21939771109048536
2026-08-17 22:44:00,20189.23,941.18,44674.96,49033.81,11.560499999999593,9.480500000005122,2.0799999999944703,0.21939771109048536
2026-08-17 22:45:00,20188.88,941.12,44675.3,49033.98,11.730500000005122,9.480500000005122,2.25,0.23732925478601175
2026-08-17 22:46:00,20188.22,940.26,44675.79,49034.15,11.900500000003376,9.50550000000294,2.3950000000004366,0.25195939193095535
2026-08-17 22:47:00,20187.85,940.15,44676.0,49034.19,11.94050000000425,9.530500000000757,2.4100000000034925,0.25287235716943507
2026-08-17 22:48:00,20187.91,939.96,44676.18,49034.37,12.12050000000454,9.555500000002212,2.5650000000023283,0.2684317932082816
2026-08-17 22:49:00,20188.7,939.55,44676.46,49034.95,12.70049999999901,9.580500000003667,3.1199999999953434,0.32566149992110527
2026-08-17 22:50:00,20189.46,937.17,44677.16,49035.85,13.600500000000466,9.580500000003667,4.019999999996799,0.4196023172063316
2026-08-17 22:51:00,20190.45,936.14,44678.18,49037.18,14.930500000002212,9.580500000003667,5.349999999998545,0.5584259694166794
2026-08-17 22:52:00,20190.99,934.46,44679.32,49038.39,16.14050000000134,9.585500000001048,6.555000000000291,0.6838453914766652
2026-08-17 22:53:00,20190.79,935.55,44679.28,49038.29,16.040500000002794,9.590499999998428,6.450000000004366,0.6725405349048978
2026-08-17 22:54:00,20190.28,935.37,44679.25,49038.05,15.800500000004831,9.615499999999884,6.185000000004948,0.6432322812131478
2026-08-17 22:55:00,20189.21,935.3,44679.35,49037.69,15.44050000000425,9.640500000001339,5.80000000000291,0.6016285462374467
2026-08-17 22:56:00,20187.58,936.33,44679.09,49036.81,14.560499999999593,9.700500000002648,4.859999999996944,0.5010051028292992
2026-08-17 22:57:00,20186.81,936.51,44679.08,49036.5,14.25050000000192,9.760500000003958,4.489999999997963,0.46001741714012007
2026-08-17 22:58:00,20186.71,936.78,44679.04,49036.43,14.180500000002212,9.775500000003376,4.404999999998836,0.4506163367599933
2026-08-17 22:59:00,20185.72,937.95,44678.68,49035.71,13.460500000001048,9.790500000002794,3.6699999999982538,0.3748531739949141
2026-08-17 23:00:00,20184.78,938.59,44678.48,49035.16,12.910500000005413,9.800500000001193,3.11000000000422,0.3173307484315944
2026-08-17 23:01:00,20184.39,939.93,44678.2,49034.77,12.52049999999872,9.810499999999593,2.709999999999127,0.27623464655208596
2026-08-17 23:02:00,20184.07,941.49,44677.6,49034.12,11.87050000000454,9.815500000000611,2.055000000003929,0.2093627426013755
2026-08-17 23:03:00,20183.64,943.29,44677.22,49033.64,11.390500000001339,9.82050000000163,1.569999999999709,0.15986966040420023
2026-08-17 23:04:00,20183.96,944.28,44677.0,49033.59,11.340499999998428,9.865500000003522,1.4749999999949068,0.1495109218989793
2026-08-17 23:05:00,20183.87,943.84,44677.07,49033.61,11.360500000002503,9.910500000005413,1.4499999999970896,0.14630946975392742
2026-08-17 23:06:00,20183.76,943.71,44677.51,49033.96,11.710500000001048,9.925500000004831,1.7849999999962165,0.1798398065583948
2026-08-17 23:07:00,20183.28,944.38,44677.61,49033.86,11.610500000002503,9.94050000000425,1.6699999999982538,0.16799959760550676
2026-08-17 23:08:00,20182.24,945.11,44677.26,49033.13,10.880499999999302,9.950500000002648,0.9299999999966531,0.09346264006797704
2026-08-17 23:09:00,20180.75,946.49,44677.06,49032.36,10.110500000002503,9.960500000001048,0.1500000000014552,0.015059484965758688
2026-08-17 23:10:00,20181.28,948.12,44676.94,49032.49,10.240499999999884,9.965500000002066,0.2749999999978172,0.02759520345168433
2026-08-17 23:11:00,20182.35,948.53,44676.77,49032.8,10.550500000004831,9.970500000003085,0.5800000000017462,0.05817160623856043
2026-08-17 23:12:00,20183.47,947.61,44677.12,49033.57,11.32050000000163,9.970500000003085,1.3499999999985448,0.13539942831333707
2026-08-17 23:13:00,20184.76,947.5,44677.39,49034.34,12.090499999998428,9.970500000003085,2.1199999999953434,0.21262725038811367
2026-08-17 23:14:00,20186.76,948.37,44677.37,49035.14,12.890500000001339,9.980500000001484,2.9099999999998545,0.29156855868938647
2026-08-17 23:15:00,20189.99,949.56,44676.8,49035.96,13.710500000001048,9.990499999999884,3.720000000001164,0.37235373604936767
2026-08-17 23:16:00,20190.87,949.8,44676.61,49036.14,13.890500000001339,10.00050000000192,3.889999999999418,0.3889805509723185
2026-08-17 23:17:00,20192.23,949.86,44676.66,49036.75,14.50050000000192,10.010500000003958,4.489999999997963,0.4485290445028907
2026-08-17 23:18:00,20192.25,950.56,44676.33,49036.48,14.230500000005122,10.050500000001193,4.180000000003929,0.4158997064826061
2026-08-17 23:19:00,20192.88,949.39,44676.54,49036.91,14.660500000005413,10.090499999998428,4.570000000006985,0.4529012437448785
2026-08-17 23:20:00,20192.65,948.63,44676.89,49037.12,14.87050000000454,10.100500000000466,4.7700000000040745,0.472253848819747
2026-08-17 23:21:00,20192.15,949.44,44676.98,49037.0,14.75050000000192,10.110500000002503,4.639999999999418,0.45892883635807025
2026-08-17 23:22:00,20190.95,950.5,44676.6,49036.19,13.94050000000425,10.115500000003522,3.8250000000007276,0.3781325688299536
2026-08-17 23:23:00,20190.82,948.93,44677.25,49036.71,14.460500000001048,10.12050000000454,4.3399999999965075,0.4288325675603538
2026-08-17 23:24:00,20189.99,949.93,44677.25,49036.37,14.12050000000454,10.135500000003958,3.985000000000582,0.3931725124561221
2026-08-17 23:25:00,20189.25,949.9,44677.2,49036.04,13.790500000002794,10.150500000003376,3.639999999999418,0.35860302448137604
2026-08-17 23:26:00,20190.45,949.49,44677.77,49037.05,14.800500000004831,10.19050000000425,4.610000000000582,0.45238212060239047
2026-08-17 23:27:00,20192.04,950.09,44677.62,49037.58,15.330500000003667,10.230500000005122,5.099999999998545,0.4985093592684611
2026-08-17 23:28:00,20194.14,950.36,44677.39,49038.21,15.960500000001048,10.235500000002503,5.724999999998545,0.5593278296123438
2026-08-17 23:29:00,20195.28,950.51,44676.95,49038.28,16.030500000000757,10.240499999999884,5.790000000000873,0.5654020799766554
2026-08-17 23:30:00,20197.17,950.01,44677.03,49039.14,16.89050000000134,10.245500000000902,6.645000000000437,0.6485774242350155
2026-08-17 23:31:00,20198.77,949.47,44677.21,49039.92,17.670500000000175,10.25050000000192,7.419999999998254,0.7238671284324534
2026-08-17 23:32:00,20199.22,949.61,44676.97,49039.89,17.64050000000134,10.25550000000294,7.384999999998399,0.7201014089996862
2026-08-17 23:33:00,20199.93,948.53,44676.92,49040.12,17.87050000000454,10.260500000003958,7.610000000000582,0.7416792553966811
2026-08-17 23:34:00,20199.96,947.44,44676.88,49040.06,17.810499999999593,10.290500000002794,7.519999999996799,0.7307710995573351
2026-08-17 23:35:00,20199.65,947.18,44677.02,49040.06,17.810499999999593,10.32050000000163,7.489999999997963,0.725740031974883
2026-08-17 23:36:00,20199.42,947.26,44676.6,49039.58,17.330500000003667,10.330500000000029,7.000000000003638,0.6776051497994887
2026-08-17 23:37:00,20199.48,945.83,44676.59,49039.59,17.34049999999843,10.340499999998428,7.0,0.6769498573570972
2026-08-17 23:38:00,20199.54,944.24,44676.96,49039.91,17.660500000005413,10.38550000000032,7.275000000005093,0.7004958836844513
2026-08-17 23:39:00,20199.83,943.56,44677.2,49040.25,18.00050000000192,10.430500000002212,7.569999999999709,0.7257561957718329
2026-08-17 23:40:00,20199.1,943.71,44677.45,49040.15,17.900500000003376,10.43550000000323,7.4650000000001455,0.7153466532507148
2026-08-17 23:41:00,20197.74,943.92,44676.9,49039.11,16.860500000002503,10.44050000000425,6.419999999998254,0.6149130788751153
2026-08-17 23:42:00,20197.12,944.55,44677.08,49039.01,16.760500000003958,10.450500000002648,6.31000000000131,0.6037988612984748
2026-08-17 23:43:00,20196.77,944.53,44676.99,49038.82,16.57050000000163,10.460500000001048,6.110000000000582,0.5841020983700559
2026-08-17 23:44:00,20196.31,944.91,44677.39,49038.99,16.740499999999884,10.50550000000294,6.234999999996944,0.5934986435671981
2026-08-17 23:45:00,20195.44,945.41,44677.28,49038.53,16.280500000000757,10.550500000004831,5.7299999999959255,0.5431022226428417
2026-08-17 23:46:00,20193.93,946.84,44676.97,49037.68,15.430500000002212,10.590500000002066,4.8400000000001455,0.45701336103103735
2026-08-17 23:47:00,20193.49,947.57,44676.79,49037.35,15.100500000000466,10.630499999999302,4.470000000001164,0.4204882178638312
2026-08-17 23:48:00,20193.2,948.27,44676.59,49037.06,14.810499999999593,10.650499999999738,4.1599999999998545,0.3905919909863346
2026-08-17 23:49:00,20193.05,948.29,44676.65,49037.04,14.790500000002794,10.670500000000175,4.120000000002619,0.3861112412729068
2026-08-17 23:50:00,20193.28,948.81,44676.75,49037.24,14.990499999999884,10.715500000002066,4.274999999997817,0.39895478512407195
2026-08-17 23:51:00,20193.26,949.31,44676.59,49037.09,14.840499999998428,10.760500000003958,4.07999999999447,0.37916453696324237
2026-08-17 23:52:00,20192.46,950.1,44676.27,49036.49,14.240499999999884,10.775500000003376,3.4649999999965075,0.3215628045098067
2026-08-17 23:53:00,20192.03,949.93,44676.39,49036.44,14.19050000000425,10.790500000002794,3.400000000001455,0.3150919790557041
2026-08-17 23:54:00,20192.17,949.38,44676.64,49036.72,14.470500000003085,10.835500000001048,3.6350000000020373,0.33547136726516413
2026-08-17 23:55:00,20191.62,949.35,44676.67,49036.51,14.260500000003958,10.880499999999302,3.3800000000046566,0.31064748862688973
2026-08-17 23:56:00,20190.59,950.44,44676.37,49035.83,13.580500000003667,10.895500000002357,2.6850000000013097,0.2464320132165324
2026-08-17 23:57:00,20189.97,951.53,44676.19,49035.45,13.20049999999901,10.910500000005413,2.289999999993597,0.20988955593166775
2026-08-17 23:58:00,20189.93,952.14,44676.08,49035.35,13.100500000000466,10.910500000005413,2.1899999999950523,0.20072407313999963
2026-08-17 23:59:00,20189.91,952.57,44675.91,49035.19,12.94050000000425,10.910500000005413,2.029999999998836,0.18605930067346396
