timestamp,Bx,By,Bz,B_total,B_plasma_raw,B_plasma_baseline,delta_B,chi
2026-08-03 00:00:00,20189.98,903.6,44676.0,49034.49,32.684000000001106,25.369000000006054,7.314999999995052,0.28834404194068775
2026-08-03 00:01:00,20190.06,903.59,44676.02,49034.53,32.72400000000198,25.354000000006636,7.369999999995343,0.29068391575267866
2026-08-03 00:02:00,20190.34,903.56,44676.05,49034.66,32.854000000006636,25.354000000006636,7.5,0.2958113118244868
2026-08-03 00:03:00,20190.37,903.56,44675.99,49034.64,32.83400000000256,25.354000000006636,7.4799999999959255,0.29502248165946077
2026-08-03 00:04:00,20190.88,903.3,44676.04,49034.89,33.08400000000256,25.349000000005617,7.734999999996944,0.3051402422184398
2026-08-03 00:05:00,20191.17,903.19,44676.08,49035.03,33.22400000000198,25.3440000000046,7.879999999997381,0.3109217171715574
2026-08-03 00:06:00,20191.27,903.07,44676.07,49035.06,33.254000000000815,25.33400000000256,7.919999999998254,0.31262335201695163
2026-08-03 00:07:00,20190.85,902.87,44676.09,49034.88,33.074000000000524,25.324000000000524,7.75,0.3060338019270194
2026-08-03 00:08:00,20189.5,902.55,44676.12,49034.36,32.554000000003725,25.324000000000524,7.230000000003201,0.2854999210236555
2026-08-03 00:09:00,20187.94,902.53,44676.21,49033.81,32.004000000000815,25.324000000000524,6.680000000000291,0.2637813931448489
2026-08-03 00:10:00,20186.68,903.23,44676.17,49033.28,31.47400000000198,25.319000000003143,6.154999999998836,0.2430980686440251
2026-08-03 00:11:00,20186.05,904.26,44675.99,49032.87,31.064000000005763,25.314000000005763,5.75,0.22714703326217472
2026-08-03 00:12:00,20185.87,905.13,44675.81,49032.65,30.8440000000046,25.314000000005763,5.529999999998836,0.21845619025035856
2026-08-03 00:13:00,20186.06,905.62,44675.72,49032.66,30.854000000006636,25.314000000005763,5.540000000000873,0.21885122856915587
2026-08-03 00:14:00,20186.56,905.9,44675.68,49032.82,31.014000000002852,25.294000000005326,5.719999999997526,0.22614058670025783
2026-08-03 00:15:00,20187.23,905.89,44675.72,49033.13,31.324000000000524,25.27400000000489,6.049999999995634,0.239376434280069
2026-08-03 00:16:00,20187.65,905.41,44675.79,49033.36,31.554000000003725,25.264000000002852,6.290000000000873,0.24897086763775186
2026-08-03 00:17:00,20187.27,905.22,44675.86,49033.27,31.463999999999942,25.254000000000815,6.209999999999127,0.2459016393442198
2026-08-03 00:18:00,20186.56,905.43,44675.82,49032.95,31.144000000000233,25.244000000002416,5.899999999997817,0.23371890350171337
2026-08-03 00:19:00,20185.69,905.75,44675.78,49032.56,30.754000000000815,25.234000000004016,5.519999999996799,0.21875247681683127
2026-08-03 00:20:00,20184.82,906.37,44675.67,49032.11,30.304000000003725,25.189000000002125,5.115000000001601,0.2030648298861078
2026-08-03 00:21:00,20184.32,906.93,44675.59,49031.85,30.044000000001688,25.144000000000233,4.900000000001455,0.1948775055679848
2026-08-03 00:22:00,20184.41,907.36,44675.58,49031.88,30.074000000000524,25.134000000001834,4.93999999999869,0.19654651070256743
2026-08-03 00:23:00,20184.96,907.66,44675.56,49032.09,30.28399999999965,25.124000000003434,5.1599999999962165,0.20538130870862567
2026-08-03 00:24:00,20185.66,907.66,44675.57,49032.39,30.58400000000256,25.124000000003434,5.459999999999127,0.21732208247087967
2026-08-03 00:25:00,20186.08,907.44,44675.6,49032.59,30.78399999999965,25.124000000003434,5.6599999999962165,0.22528259831218925
2026-08-03 00:26:00,20186.12,907.22,44675.66,49032.66,30.854000000006636,25.114000000005035,5.740000000001601,0.22855777653900017
2026-08-03 00:27:00,20186.14,906.95,44675.75,49032.73,30.924000000006345,25.104000000006636,5.819999999999709,0.23183556405346442
2026-08-03 00:28:00,20185.56,906.47,44675.89,49032.61,30.804000000003725,25.104000000006636,5.69999999999709,0.22705544933060798
2026-08-03 00:29:00,20184.91,906.1,44676.05,49032.49,30.684000000001106,25.104000000006636,5.57999999999447,0.22227533460775156
2026-08-03 00:30:00,20185.49,906.26,44676.21,49032.88,31.074000000000524,25.0940000000046,5.9799999999959255,0.23830397704609985
2026-08-03 00:31:00,20187.46,906.86,44676.11,49033.6,31.794000000001688,25.08400000000256,6.709999999999127,0.26750119598144
2026-08-03 00:32:00,20188.97,906.8,44675.84,49033.98,32.174000000006345,25.08400000000256,7.0900000000037835,0.2826502950088925
2026-08-03 00:33:00,20189.16,906.34,44675.78,49033.98,32.174000000006345,25.08400000000256,7.0900000000037835,0.2826502950088925
2026-08-03 00:34:00,20190.33,906.34,44675.89,49034.58,32.77400000000489,25.079000000001543,7.695000000003347,0.3068304158859155
2026-08-03 00:35:00,20195.14,905.02,44676.25,49036.85,35.04400000000169,25.074000000000524,9.970000000001164,0.3976230358140287
2026-08-03 00:36:00,20198.98,902.88,44676.55,49038.64,36.83400000000256,25.069000000003143,11.764999999999418,0.4693047189755452
2026-08-03 00:37:00,20200.51,901.55,44676.55,49039.23,37.424000000006345,25.064000000005763,12.360000000000582,0.4931375678262743
2026-08-03 00:38:00,20200.89,900.23,44676.59,49039.39,37.58400000000256,25.03400000000329,12.549999999999272,0.5013182072380612
2026-08-03 00:39:00,20199.75,899.55,44676.48,49038.8,36.994000000006054,25.004000000000815,11.990000000005239,0.4795232762759898
2026-08-03 00:40:00,20197.53,899.01,44676.45,49037.87,36.06400000000576,24.989000000001397,11.075000000004366,0.44319500580270305
2026-08-03 00:41:00,20194.74,898.68,44676.51,49036.78,34.97400000000198,24.97400000000198,10.0,0.4004164330903823
2026-08-03 00:42:00,20192.09,899.2,44676.52,49035.73,33.924000000006345,24.954000000001543,8.970000000004802,0.3594614089927165
2026-08-03 00:43:00,20190.62,900.88,44676.24,49034.91,33.104000000006636,24.934000000001106,8.17000000000553,0.32766503569444
2026-08-03 00:44:00,20190.39,903.41,44675.67,49034.33,32.52400000000489,24.934000000001106,7.5900000000037835,0.304403625571647
2026-08-03 00:45:00,20191.41,905.27,44675.16,49034.32,32.51400000000285,24.934000000001106,7.580000000001746,0.30400256677634596
2026-08-03 00:46:00,20193.08,905.73,44674.95,49034.82,33.01400000000285,24.91400000000067,8.100000000002183,0.32511840732126374
2026-08-03 00:47:00,20194.38,905.27,44675.04,49035.41,33.604000000006636,24.894000000000233,8.710000000006403,0.34988350606597257
2026-08-03 00:48:00,20195.57,903.65,44675.45,49036.25,34.44400000000314,24.889000000002852,9.555000000000291,0.38390453614043135
2026-08-03 00:49:00,20195.93,901.84,44675.97,49036.84,35.03399999999965,24.88400000000547,10.14999999999418,0.40789262176466595
2026-08-03 00:50:00,20195.35,900.47,44676.35,49036.93,35.124000000003434,24.879000000004453,10.244999999998981,0.41179307849982505
2026-08-03 00:51:00,20194.38,899.78,44676.63,49036.77,34.96399999999994,24.874000000003434,10.089999999996508,0.40564444801781435
2026-08-03 00:52:00,20194.39,898.87,44676.95,49037.05,35.244000000006054,24.869000000002416,10.375000000003638,0.41718605492792754
2026-08-03 00:53:00,20194.41,898.69,44677.08,49037.16,35.354000000006636,24.864000000001397,10.490000000005239,0.4218951093952964
2026-08-03 00:54:00,20194.29,898.61,44677.01,49037.06,35.254000000000815,24.859000000004016,10.394999999996799,0.4181584134516722
2026-08-03 00:55:00,20194.9,898.22,44677.08,49037.37,35.56400000000576,24.854000000006636,10.709999999999127,0.43091655266742845
2026-08-03 00:56:00,20194.65,897.9,44677.06,49037.25,35.44400000000314,24.854000000006636,10.589999999996508,0.4260883559987801
2026-08-03 00:57:00,20194.48,897.56,44677.09,49037.21,35.40400000000227,24.854000000006636,10.549999999995634,0.4244789571092306
2026-08-03 00:58:00,20194.9,896.82,44677.29,49037.55,35.744000000006054,24.854000000006636,10.889999999999418,0.4381588476702547
2026-08-03 00:59:00,20194.36,896.72,44677.28,49037.31,35.504000000000815,24.854000000006636,10.64999999999418,0.4285024543329579
2026-08-03 01:00:00,20194.33,896.41,44677.36,49037.37,35.56400000000576,24.824000000004162,10.7400000000016,0.43264582661939255
2026-08-03 01:01:00,20193.95,896.69,44677.25,49037.13,35.324000000000524,24.794000000001688,10.529999999998836,0.4246995240783302
2026-08-03 01:02:00,20193.47,897.01,44677.13,49036.82,35.01400000000285,24.794000000001688,10.220000000001164,0.4121964991530398
2026-08-03 01:03:00,20192.98,897.24,44676.98,49036.5,34.69400000000314,24.794000000001688,9.900000000001455,0.39929015084297736
2026-08-03 01:04:00,20192.79,897.15,44677.04,49036.49,34.684000000001106,24.78400000000329,9.899999999997817,0.3994512588765536
2026-08-03 01:05:00,20192.5,897.85,44676.88,49036.23,34.424000000006345,24.77400000000489,9.650000000001455,0.3895212723015884
2026-08-03 01:06:00,20192.41,898.1,44676.83,49036.14,34.33400000000256,24.76900000000387,9.56499999999869,0.3861681941134965
2026-08-03 01:07:00,20191.83,898.95,44676.67,49035.75,33.94400000000314,24.764000000002852,9.180000000000291,0.37069940235823107
2026-08-03 01:08:00,20191.12,899.78,44676.39,49035.25,33.44400000000314,24.749000000003434,8.694999999999709,0.35132732635655994
2026-08-03 01:09:00,20190.4,900.41,44676.26,49034.84,33.03399999999965,24.734000000004016,8.299999999995634,0.33557046979842675
2026-08-03 01:10:00,20189.9,900.89,44676.24,49034.64,32.83400000000256,24.70900000000256,8.125,0.3288275527135521
2026-08-03 01:11:00,20189.33,901.76,44676.14,49034.33,32.52400000000489,24.684000000001106,7.8400000000037835,0.31761464916559035
2026-08-03 01:12:00,20188.78,902.96,44675.89,49033.89,32.08400000000256,24.684000000001106,7.400000000001455,0.2997893372225378
2026-08-03 01:13:00,20188.9,903.31,44675.85,49033.92,32.1140000000014,24.684000000001106,7.430000000000291,0.30100469940041963
2026-08-03 01:14:00,20189.35,903.27,44675.94,49034.19,32.38400000000547,24.674000000002707,7.710000000002765,0.3124746696928718
2026-08-03 01:15:00,20189.46,902.96,44676.13,49034.38,32.574000000000524,24.664000000004307,7.9099999999962165,0.3207103470643381
2026-08-03 01:16:00,20188.9,903.38,44676.07,49034.11,32.304000000003725,24.64900000000489,7.654999999998836,0.31056026613644844
2026-08-03 01:17:00,20188.86,903.81,44676.04,49034.09,32.28399999999965,24.63400000000547,7.649999999994179,0.31054639928523503
2026-08-03 01:18:00,20188.73,904.32,44675.95,49033.96,32.15400000000227,24.624000000003434,7.529999999998836,0.30579922027281453
2026-08-03 01:19:00,20188.52,904.23,44676.01,49033.93,32.124000000003434,24.614000000001397,7.510000000002037,0.30511091248889294
2026-08-03 01:20:00,20187.47,904.65,44675.98,49033.47,31.664000000004307,24.604000000002998,7.06000000000131,0.28694521216064256
2026-08-03 01:21:00,20187.04,904.69,44676.08,49033.39,31.58400000000256,24.5940000000046,6.989999999997963,0.2842156623565364
2026-08-03 01:22:00,20186.62,905.07,44676.09,49033.24,31.434000000001106,24.58900000000358,6.844999999997526,0.2783765098213237
2026-08-03 01:23:00,20186.63,905.11,44676.24,49033.36,31.554000000003725,24.58400000000256,6.970000000001164,0.28351773511228595
2026-08-03 01:24:00,20186.3,905.3,44676.28,49033.29,31.484000000004016,24.574000000004162,6.9099999999998545,0.2811915032147263
2026-08-03 01:25:00,20186.18,905.55,44676.3,49033.25,31.444000000003143,24.564000000005763,6.879999999997381,0.2800846767625699
2026-08-03 01:26:00,20186.54,905.12,44676.38,49033.47,31.664000000004307,24.559000000004744,7.104999999999563,0.2893033103953008
2026-08-03 01:27:00,20186.37,905.01,44676.51,49033.52,31.713999999999942,24.554000000003725,7.1599999999962165,0.2916021829435176
2026-08-03 01:28:00,20186.71,904.92,44676.6,49033.72,31.914000000004307,24.52900000000227,7.385000000002037,0.3010722002528172
2026-08-03 01:29:00,20186.55,905.28,44676.47,49033.54,31.734000000004016,24.504000000000815,7.230000000003201,0.2950538687562423
2026-08-03 01:30:00,20186.81,904.96,44676.51,49033.7,31.894000000000233,24.489000000001397,7.404999999998836,0.30238066070474146
2026-08-03 01:31:00,20187.24,904.16,44676.72,49034.07,32.26400000000285,24.47400000000198,7.790000000000873,0.3182969682111728
2026-08-03 01:32:00,20186.8,904.34,44676.69,49033.85,32.04400000000169,24.46900000000096,7.575000000000728,0.30957538109446364
2026-08-03 01:33:00,20186.85,904.24,44676.74,49033.91,32.104000000006636,24.463999999999942,7.640000000006694,0.3122956180512881
2026-08-03 01:34:00,20186.75,904.05,44676.74,49033.85,32.04400000000169,24.454000000001543,7.5900000000001455,0.310378670156198
2026-08-03 01:35:00,20186.43,904.17,44676.69,49033.68,31.874000000003434,24.444000000003143,7.430000000000291,0.30396007200128194
2026-08-03 01:36:00,20187.28,903.44,44676.88,49034.19,32.38400000000547,24.429000000003725,7.955000000001746,0.3256375619141403
2026-08-03 01:37:00,20188.51,902.95,44677.05,49034.84,33.03399999999965,24.414000000004307,8.619999999995343,0.3530761038745729
2026-08-03 01:38:00,20189.19,903.08,44676.91,49034.99,33.184000000001106,24.414000000004307,8.769999999996799,0.3592201196033117
2026-08-03 01:39:00,20188.98,903.03,44676.73,49034.74,32.934000000001106,24.414000000004307,8.519999999996799,0.3489800933888464
2026-08-03 01:40:00,20189.03,902.9,44676.71,49034.74,32.934000000001106,24.40400000000227,8.529999999998836,0.3495328634649255
2026-08-03 01:41:00,20189.08,903.45,44676.5,49034.58,32.77400000000489,24.394000000000233,8.380000000004657,0.3435270968272762
2026-08-03 01:42:00,20189.56,903.86,44676.33,49034.61,32.804000000003725,24.384000000001834,8.420000000001892,0.34530839895018284
2026-08-03 01:43:00,20188.13,905.98,44675.52,49033.34,31.53399999999965,24.374000000003434,7.1599999999962165,0.2937556412568806
2026-08-03 01:44:00,20187.33,906.81,44675.1,49032.67,30.864000000001397,24.369000000002416,6.494999999998981,0.2665271451433517
2026-08-03 01:45:00,20186.55,908.38,44674.77,49032.07,30.264000000002852,24.364000000001397,5.900000000001455,0.24216056476773587
2026-08-03 01:46:00,20186.64,910.11,44674.15,49031.57,29.764000000002852,24.304000000003725,5.459999999999127,0.22465437788011397
2026-08-03 01:47:00,20186.08,912.26,44673.37,49030.66,28.854000000006636,24.244000000006054,4.610000000000582,0.19015014024086088
2026-08-03 01:48:00,20187.37,913.91,44672.83,49030.72,28.914000000004307,24.244000000006054,4.669999999998254,0.19262497937622042
2026-08-03 01:49:00,20187.73,915.25,44672.47,49030.56,28.754000000000815,24.244000000006054,4.509999999994761,0.1860254083481948
2026-08-03 01:50:00,20186.98,917.75,44671.59,49029.51,27.70400000000518,24.2190000000046,3.485000000000582,0.14389528882282177
2026-08-03 01:51:00,20186.02,919.83,44670.89,49028.51,26.70400000000518,24.194000000003143,2.5100000000020373,0.10374473009844222
2026-08-03 01:52:00,20185.29,921.83,44670.34,49027.76,25.95400000000518,24.189000000002125,1.765000000003056,0.07296705113906739
2026-08-03 01:53:00,20184.84,922.34,44670.46,49027.67,25.864000000001397,24.184000000001106,1.680000000000291,0.06946741647371048
2026-08-03 01:54:00,20184.34,923.47,44670.43,49027.44,25.63400000000547,24.179000000003725,1.4550000000017462,0.06017618594654543
2026-08-03 01:55:00,20184.04,924.79,44670.31,49027.24,25.434000000001106,24.174000000006345,1.2599999999947613,0.052122114668421884
2026-08-03 01:56:00,20183.47,925.29,44670.66,49027.34,25.53399999999965,24.174000000006345,1.3599999999933061,0.056258790435713954
2026-08-03 01:57:00,20182.92,925.34,44670.71,49027.16,25.354000000006636,24.174000000006345,1.180000000000291,0.04881277405476882
2026-08-03 01:58:00,20182.96,927.97,44670.53,49027.06,25.254000000000815,24.14400000000387,1.109999999996944,0.04597415506944857
2026-08-03 01:59:00,20182.17,927.42,44670.54,49026.74,24.934000000001106,24.114000000001397,0.819999999999709,0.03400514224100777
2026-08-03 02:00:00,20181.6,928.28,44670.7,49026.66,24.854000000006636,24.069000000003143,0.7850000000034925,0.03261456645491669
2026-08-03 02:01:00,20180.95,928.07,44671.24,49026.89,25.08400000000256,24.02400000000489,1.0599999999976717,0.044122544122438226
2026-08-03 02:02:00,20179.79,928.97,44671.31,49026.49,24.684000000001106,24.01900000000387,0.6649999999972351,0.02768641492140089
2026-08-03 02:03:00,20179.36,929.19,44671.59,49026.58,24.77400000000489,24.014000000002852,0.7600000000020373,0.03164820521370646
2026-08-03 02:04:00,20178.71,929.33,44671.98,49026.68,24.874000000003434,23.994000000002416,0.8800000000010186,0.03667583562561182
2026-08-03 02:05:00,20178.52,929.69,44672.06,49026.7,24.894000000000233,23.97400000000198,0.9199999999982538,0.03837490614825135
2026-08-03 02:06:00,20177.62,930.78,44672.07,49026.37,24.564000000005763,23.96900000000096,0.5950000000048021,0.02482373065229164
2026-08-03 02:07:00,20176.11,930.91,44672.02,49025.71,23.90400000000227,23.963999999999942,-0.059999999997671694,0.0025037556333530227
2026-08-03 02:08:00,20176.01,929.08,44673.1,49026.6,24.794000000001688,23.963999999999942,0.8300000000017462,0.03463528626280038
2026-08-03 02:09:00,20175.29,927.9,44673.58,49026.74,24.934000000001106,23.963999999999942,0.9700000000011642,0.04047738274082651
2026-08-03 02:10:00,20173.69,930.74,44673.14,49025.72,23.914000000004307,23.954000000001543,-0.039999999997235136,0.0016698672454384471
2026-08-03 02:11:00,20174.0,931.39,44673.28,49025.98,24.174000000006345,23.944000000003143,0.23000000000320142,0.009605746742531375
2026-08-03 02:12:00,20174.48,932.98,44672.75,49025.75,23.944000000003143,23.944000000003143,0.0,0.0
2026-08-03 02:13:00,20175.67,939.69,44671.1,49024.84,23.03399999999965,23.944000000003143,-0.9100000000034925,0.0380053458070236
2026-08-03 02:14:00,20178.64,940.51,44670.07,49025.14,23.33400000000256,23.929000000003725,-0.5950000000011642,0.024865226294499207
2026-08-03 02:15:00,20182.21,941.89,44669.89,49026.44,24.63400000000547,23.914000000004307,0.7200000000011642,0.030107886593670422
2026-08-03 02:16:00,20184.19,944.93,44668.91,49026.4,24.5940000000046,23.90900000000329,0.6850000000013097,0.02865029905061757
2026-08-03 02:17:00,20185.06,946.93,44667.59,49025.59,23.78399999999965,23.90400000000227,-0.12000000000261934,0.005020080321394242
2026-08-03 02:18:00,20187.18,946.99,44667.46,49026.36,24.554000000003725,23.89900000000125,0.6550000000024738,0.027407004477276852
2026-08-03 02:19:00,20188.35,948.78,44666.95,49026.42,24.614000000001397,23.894000000000233,0.7200000000011642,0.03013308780451817
2026-08-03 02:20:00,20189.48,950.22,44666.47,49026.47,24.664000000004307,23.884000000001834,0.7800000000024738,0.03265784625700946
2026-08-03 02:21:00,20190.07,951.79,44666.01,49026.27,24.463999999999942,23.874000000003434,0.5899999999965075,0.02471307698736796
2026-08-03 02:22:00,20191.48,951.9,44666.08,49026.93,25.124000000003434,23.874000000003434,1.25,0.05235821395659798
2026-08-03 02:23:00,20191.92,952.54,44666.19,49027.21,25.40400000000227,23.874000000003434,1.5299999999988358,0.06408645388282716
2026-08-03 02:24:00,20192.86,953.17,44666.18,49027.62,25.814000000005763,23.869000000002416,1.945000000003347,0.0814864468558863
2026-08-03 02:25:00,20194.05,953.97,44666.22,49028.14,26.33400000000256,23.864000000001397,2.470000000001164,0.10350318471341852
2026-08-03 02:26:00,20194.43,954.58,44666.1,49028.2,26.394000000000233,23.84900000000198,2.5449999999982538,0.10671306973030495
2026-08-03 02:27:00,20193.66,955.86,44666.02,49027.85,26.044000000001688,23.83400000000256,2.209999999999127,0.0927246790299106
2026-08-03 02:28:00,20193.86,956.51,44666.06,49027.99,26.184000000001106,23.824000000004162,2.359999999996944,0.09905977165868586
2026-08-03 02:29:00,20193.76,956.62,44666.22,49028.07,26.264000000002852,23.814000000005763,2.4499999999970896,0.10288065843606688
2026-08-03 02:30:00,20192.95,957.02,44666.44,49027.94,26.13400000000547,23.799000000002707,2.335000000002765,0.09811336610792468
2026-08-03 02:31:00,20191.99,957.12,44666.81,49027.9,26.0940000000046,23.78399999999965,2.3100000000049477,0.09712411705369078
2026-08-03 02:32:00,20191.27,957.28,44667.01,49027.8,25.994000000006054,23.77900000000227,2.2150000000037835,0.09314941755345356
2026-08-03 02:33:00,20191.48,957.51,44667.29,49028.14,26.33400000000256,23.77400000000489,2.5599999999976717,0.10768065954391963
2026-08-03 02:34:00,20191.68,957.55,44667.48,49028.41,26.604000000006636,23.76900000000387,2.835000000002765,0.11927300265060807
2026-08-03 02:35:00,20192.33,957.49,44667.78,49028.94,27.13400000000547,23.764000000002852,3.3700000000026193,0.141811142905328
2026-08-03 02:36:00,20192.4,958.2,44667.62,49028.83,27.02400000000489,23.749000000003434,3.275000000001455,0.13790054318080683
2026-08-03 02:37:00,20192.09,958.43,44667.53,49028.63,26.824000000000524,23.734000000004016,3.0899999999965075,0.1301929721073559
2026-08-03 02:38:00,20191.11,958.84,44667.55,49028.27,26.463999999999942,23.734000000004016,2.7299999999959255,0.1150248588520883
2026-08-03 02:39:00,20188.44,958.83,44667.62,49027.23,25.424000000006345,23.734000000004016,1.6900000000023283,0.07120586500387809
2026-08-03 02:40:00,20184.84,959.32,44667.68,49025.82,24.014000000002852,23.734000000004016,0.27999999999883585,0.011797421420695562
2026-08-03 02:41:00,20181.84,960.85,44667.85,49024.79,22.984000000004016,23.734000000004016,-0.75,0.03160023594842307
2026-08-03 02:42:00,20179.5,960.95,44668.1,49024.06,22.254000000000815,23.734000000004016,-1.4800000000032014,0.062357798938356405
2026-08-03 02:43:00,20177.83,961.15,44668.72,49023.94,22.13400000000547,23.734000000004016,-1.5999999999985448,0.0674138366899079
2026-08-03 02:44:00,20176.18,960.98,44669.15,49023.66,21.854000000006636,23.744000000002416,-1.88999999999578,0.07959905660358775
2026-08-03 02:45:00,20173.85,960.83,44669.48,49023.01,21.20400000000518,23.734000000004016,-2.529999999998836,0.10659812926596476
2026-08-03 02:46:00,20171.3,959.34,44670.18,49022.55,20.744000000006054,23.734000000004016,-2.9899999999979627,0.1259796073142941
2026-08-03 02:47:00,20169.8,956.5,44671.5,49023.1,21.294000000001688,23.734000000004016,-2.4400000000023283,0.10280610095230115
2026-08-03 02:48:00,20168.32,954.08,44672.5,49023.35,21.544000000001688,23.734000000004016,-2.1900000000023283,0.09227268896949346
2026-08-03 02:49:00,20167.0,950.16,44674.09,49024.2,22.394000000000233,23.734000000004016,-1.3400000000037835,0.05645908822800862
2026-08-03 02:50:00,20166.77,946.32,44675.89,49025.68,23.874000000003434,23.729000000002998,0.14500000000043656,0.006110666273354049
2026-08-03 02:51:00,20167.33,943.78,44676.77,49026.66,24.854000000006636,23.72400000000198,1.1300000000046566,0.04763109087862765
2026-08-03 02:52:00,20168.36,937.99,44677.88,49028.04,26.234000000004016,23.729000000002998,2.5050000000010186,0.1055670276876692
2026-08-03 02:53:00,20168.96,934.58,44678.84,49029.08,27.27400000000489,23.734000000004016,3.540000000000873,0.14915311367659367
2026-08-03 02:54:00,20171.17,930.22,44679.95,49030.91,29.104000000006636,23.734000000004016,5.370000000002619,0.22625768939081953
2026-08-03 02:55:00,20174.32,923.9,44681.22,49033.21,31.40400000000227,23.734000000004016,7.669999999998254,0.3231650796324663
2026-08-03 02:56:00,20176.1,919.92,44681.73,49034.35,32.54400000000169,23.734000000004016,8.809999999997672,0.3711974382740449
2026-08-03 02:57:00,20177.6,915.06,44682.3,49035.45,33.64400000000023,23.734000000004016,9.909999999996217,0.41754445099833737
2026-08-03 02:58:00,20178.15,912.16,44682.45,49035.76,33.95400000000518,23.744000000002416,10.210000000002765,0.4300033692723099
2026-08-03 02:59:00,20178.95,909.1,44682.71,49036.23,34.424000000006345,23.754000000000815,10.67000000000553,0.449187505262489
2026-08-03 03:00:00,20178.93,907.09,44682.68,49036.14,34.33400000000256,23.759000000001834,10.575000000000728,0.4450944905088561
2026-08-03 03:01:00,20179.18,905.67,44682.4,49035.99,34.184000000001106,23.754000000000815,10.430000000000291,0.4390839437568381
2026-08-03 03:02:00,20179.31,903.83,44682.1,49035.72,33.91400000000431,23.759000000001834,10.155000000002474,0.4274169788291464
2026-08-03 03:03:00,20179.76,902.21,44681.82,49035.6,33.79400000000169,23.764000000002852,10.029999999998836,0.4220669920887743
2026-08-03 03:04:00,20180.53,902.42,44681.12,49035.28,33.47400000000198,23.76900000000387,9.704999999998108,0.4083049349992228
2026-08-03 03:05:00,20182.28,902.93,44680.27,49035.22,33.41400000000431,23.77400000000489,9.639999999999418,0.4054849835954166
2026-08-03 03:06:00,20184.03,903.22,44679.14,49034.9,33.0940000000046,23.77900000000227,9.315000000002328,0.3917322006813339
2026-08-03 03:07:00,20185.83,903.16,44678.25,49034.84,33.03399999999965,23.78399999999965,9.25,0.3889169189371063
2026-08-03 03:08:00,20187.26,903.76,44677.26,49034.53,32.72400000000198,23.799000000002707,8.924999999999272,0.3750157569645051
2026-08-03 03:09:00,20188.84,904.63,44676.23,49034.25,32.44400000000314,23.814000000005763,8.62999999999738,0.3623918703281806
2026-08-03 03:10:00,20189.89,905.59,44675.11,49033.68,31.874000000003434,23.824000000004162,8.049999999999272,0.3378945601073651
2026-08-03 03:11:00,20191.35,906.36,44674.22,49033.46,31.65400000000227,23.83400000000256,7.819999999999709,0.32810271041364725
2026-08-03 03:12:00,20193.05,907.09,44673.3,49033.34,31.53399999999965,23.84900000000198,7.684999999997672,0.3222357331543056
2026-08-03 03:13:00,20195.02,909.71,44671.98,49032.99,31.184000000001106,23.864000000001397,7.319999999999709,0.3067381830371807
2026-08-03 03:14:00,20196.93,910.93,44670.72,49032.67,30.864000000001397,23.869000000002416,6.994999999998981,0.2930579412626534
2026-08-03 03:15:00,20198.19,911.51,44670.03,49032.54,30.734000000004016,23.874000000003434,6.860000000000582,0.2873418781938341
2026-08-03 03:16:00,20198.93,912.82,44669.28,49032.19,30.38400000000547,23.874000000003434,6.510000000002037,0.2726815782860476
2026-08-03 03:17:00,20200.02,914.86,44668.4,49031.89,30.08400000000256,23.874000000003434,6.209999999999127,0.26011560693634217
2026-08-03 03:18:00,20201.0,917.04,44667.38,49031.39,29.58400000000256,23.874000000003434,5.709999999999127,0.239172321353703
2026-08-03 03:19:00,20200.49,918.08,44666.72,49030.56,28.754000000000815,23.874000000003434,4.879999999997381,0.2044064672864488
2026-08-03 03:20:00,20197.85,919.59,44666.13,49028.98,27.174000000006345,23.884000000001834,3.290000000004511,0.13774912075047138
2026-08-03 03:21:00,20194.51,921.89,44665.55,49027.15,25.3440000000046,23.894000000000233,1.4500000000043656,0.06068469071751701
2026-08-03 03:22:00,20191.49,924.32,44665.14,49025.57,23.764000000002852,23.89900000000125,-0.1349999999983993,0.005648771915075619
2026-08-03 03:23:00,20190.26,927.36,44664.73,49024.75,22.944000000003143,23.90400000000227,-0.9599999999991269,0.04016064257024078
2026-08-03 03:24:00,20191.12,929.42,44664.31,49024.77,22.963999999999942,23.90900000000329,-0.9450000000033469,0.03952486511369011
2026-08-03 03:25:00,20191.69,930.72,44664.06,49024.78,22.97400000000198,23.914000000004307,-0.9400000000023283,0.039307518608436856
2026-08-03 03:26:00,20191.92,931.06,44664.02,49024.86,23.054000000003725,23.919000000005326,-0.8650000000016007,0.036163719219089764
2026-08-03 03:27:00,20193.83,929.49,44664.66,49026.2,24.394000000000233,23.924000000006345,0.4699999999938882,0.01964554422311334
2026-08-03 03:28:00,20195.65,927.78,44665.47,49027.65,25.8440000000046,23.934000000004744,1.9099999999998545,0.0798027910085851
2026-08-03 03:29:00,20197.38,927.99,44665.5,49028.36,26.554000000003725,23.944000000003143,2.610000000000582,0.10900434346810221
2026-08-03 03:30:00,20198.9,927.97,44665.44,49028.9,27.0940000000046,23.944000000003143,3.150000000001455,0.13155696625463756
2026-08-03 03:31:00,20198.89,927.9,44665.49,49028.93,27.124000000003434,23.944000000003143,3.180000000000291,0.13280988974272775
2026-08-03 03:32:00,20198.13,927.76,44665.38,49028.52,26.713999999999942,23.949000000004162,2.76499999999578,0.11545367238695976
2026-08-03 03:33:00,20197.71,928.57,44665.4,49028.39,26.58400000000256,23.95400000000518,2.6299999999973807,0.10979377139504098
2026-08-03 03:34:00,20196.49,930.02,44664.99,49027.53,25.72400000000198,23.95900000000256,1.764999999999418,0.07366751533867145
2026-08-03 03:35:00,20193.91,931.67,44664.67,49026.22,24.414000000004307,23.963999999999942,0.4500000000043656,0.018778167251058533
2026-08-03 03:36:00,20191.38,932.87,44664.59,49025.15,23.3440000000046,23.963999999999942,-0.6199999999953434,0.025872141545457555
2026-08-03 03:37:00,20189.14,934.76,44664.48,49024.17,22.364000000001397,23.963999999999942,-1.5999999999985448,0.06676681689194411
2026-08-03 03:38:00,20188.62,936.37,44664.54,49024.05,22.244000000006054,23.96900000000096,-1.7249999999949068,0.07196795861299335
2026-08-03 03:39:00,20188.62,937.39,44664.68,49024.19,22.38400000000547,23.97400000000198,-1.5899999999965075,0.0663218486692407
2026-08-03 03:40:00,20188.05,937.99,44664.43,49023.74,21.934000000001106,23.994000000002416,-2.0600000000013097,0.08585479703263742
2026-08-03 03:41:00,20187.07,938.62,44664.3,49023.23,21.424000000006345,24.014000000002852,-2.5899999999965075,0.10785375197785459
2026-08-03 03:42:00,20186.57,939.11,44664.14,49022.9,21.0940000000046,24.01900000000387,-2.9249999999992724,0.12177859194799122
2026-08-03 03:43:00,20186.25,938.02,44664.62,49023.17,21.364000000001397,24.02400000000489,-2.6600000000034925,0.11072261072273357
2026-08-03 03:44:00,20185.4,937.48,44664.86,49023.05,21.244000000006054,24.044000000005326,-2.7999999999992724,0.1164531691897626
2026-08-03 03:45:00,20184.4,937.59,44665.39,49023.12,21.314000000005763,24.064000000005763,-2.75,0.11427859042550455
2026-08-03 03:46:00,20183.66,938.25,44665.61,49023.03,21.22400000000198,24.069000000003143,-2.845000000001164,0.11820183638708681
2026-08-03 03:47:00,20183.3,938.55,44665.48,49022.77,20.963999999999942,24.074000000000524,-3.110000000000582,0.12918501287698406
2026-08-03 03:48:00,20182.83,939.28,44665.43,49022.55,20.744000000006054,24.079000000001543,-3.334999999995489,0.13850242950269012
2026-08-03 03:49:00,20182.62,939.75,44665.36,49022.42,20.614000000001397,24.08400000000256,-3.470000000001164,0.14407905663514345
2026-08-03 03:50:00,20182.6,940.0,44665.53,49022.58,20.77400000000489,24.09900000000198,-3.3249999999970896,0.13797252998036502
2026-08-03 03:51:00,20182.56,940.14,44665.52,49022.57,20.764000000002852,24.114000000001397,-3.349999999998545,0.13892344696020364
2026-08-03 03:52:00,20182.53,939.84,44665.59,49022.61,20.804000000003725,24.129000000000815,-3.3249999999970896,0.13780098636482976
2026-08-03 03:53:00,20182.03,940.22,44665.49,49022.32,20.514000000002852,24.144000000000233,-3.6299999999973807,0.15034791252474095
2026-08-03 03:54:00,20181.29,940.06,44665.27,49021.82,20.014000000002852,24.14900000000125,-4.134999999998399,0.1712286223031258
2026-08-03 03:55:00,20180.68,939.81,44665.6,49021.85,20.044000000001688,24.15400000000227,-4.110000000000582,0.17015815185891348
2026-08-03 03:56:00,20180.42,940.02,44665.73,49021.87,20.064000000005763,24.15900000000329,-4.094999999997526,0.16950204892574067
2026-08-03 03:57:00,20180.77,941.17,44665.62,49021.96,20.15400000000227,24.164000000004307,-4.010000000002037,0.16594934613480064
2026-08-03 03:58:00,20181.22,942.51,44665.22,49021.79,19.984000000004016,24.169000000005326,-4.18500000000131,0.1731556953121928
2026-08-03 03:59:00,20181.59,942.59,44665.19,49021.94,20.13400000000547,24.174000000006345,-4.040000000000873,0.1671217010010678
2026-08-03 04:00:00,20180.91,943.14,44664.93,49021.4,19.5940000000046,24.174000000006345,-4.580000000001746,0.18945975014480615
2026-08-03 04:01:00,20180.1,944.02,44665.09,49021.25,19.444000000003143,24.174000000006345,-4.730000000003201,0.19566476379589476
2026-08-03 04:02:00,20179.61,945.21,44665.3,49021.25,19.444000000003143,24.179000000003725,-4.735000000000582,0.19583109309730976
2026-08-03 04:03:00,20178.66,946.31,44665.09,49020.69,18.88400000000547,24.184000000001106,-5.299999999995634,0.2191531591132729
2026-08-03 04:04:00,20178.54,947.44,44665.21,49020.77,18.963999999999942,24.189000000002125,-5.225000000002183,0.21600727603463243
2026-08-03 04:05:00,20178.55,949.39,44665.22,49020.82,19.014000000002852,24.194000000003143,-5.180000000000291,0.214102670083476
2026-08-03 04:06:00,20178.78,950.45,44665.02,49020.74,18.934000000001106,24.2190000000046,-5.2850000000034925,0.21821710227517607
2026-08-03 04:07:00,20179.01,951.05,44664.81,49020.67,18.864000000001397,24.244000000006054,-5.380000000004657,0.22191057581270884
2026-08-03 04:08:00,20178.7,950.96,44664.95,49020.68,18.874000000003434,24.244000000006054,-5.370000000002619,0.2214981026233822
2026-08-03 04:09:00,20178.88,950.94,44665.31,49021.07,19.264000000002852,24.244000000006054,-4.980000000003201,0.20541164824294497
2026-08-03 04:10:00,20178.61,951.69,44665.13,49020.79,18.984000000004016,24.249000000003434,-5.264999999999418,0.21712235556099932
2026-08-03 04:11:00,20178.88,952.34,44665.24,49021.02,19.213999999999942,24.254000000000815,-5.040000000000873,0.2078007751299045
2026-08-03 04:12:00,20179.35,952.57,44665.57,49021.51,19.70400000000518,24.27400000000125,-4.569999999996071,0.18826728186519878
2026-08-03 04:13:00,20179.15,953.21,44665.54,49021.42,19.614000000001397,24.294000000001688,-4.680000000000291,0.19264015806371804
2026-08-03 04:14:00,20179.14,952.76,44665.96,49021.81,20.004000000000815,24.309000000001106,-4.305000000000291,0.1770949031223043
2026-08-03 04:15:00,20178.46,952.42,44665.8,49021.4,19.5940000000046,24.324000000000524,-4.7299999999959255,0.19445814833069494
2026-08-03 04:16:00,20178.53,950.91,44666.58,49022.12,20.314000000005763,24.324000000000524,-4.009999999994761,0.16485775365871874
2026-08-03 04:17:00,20178.39,950.33,44667.4,49022.77,20.963999999999942,24.324000000000524,-3.360000000000582,0.13813517513568943
2026-08-03 04:18:00,20177.79,949.97,44667.69,49022.77,20.963999999999942,24.34400000000096,-3.3800000000010186,0.13884324679596144
2026-08-03 04:19:00,20176.85,950.43,44667.72,49022.42,20.614000000001397,24.364000000001397,-3.75,0.15391561319979416
2026-08-03 04:20:00,20176.28,950.95,44667.98,49022.45,20.644000000000233,24.369000000002416,-3.725000000002183,0.15285813943952617
2026-08-03 04:21:00,20176.18,950.63,44668.26,49022.64,20.83400000000256,24.374000000003434,-3.540000000000873,0.14523672766063733
2026-08-03 04:22:00,20176.31,950.83,44668.47,49022.88,21.074000000000524,24.384000000001834,-3.3100000000013097,0.13574475065621147
2026-08-03 04:23:00,20176.42,950.49,44668.82,49023.26,21.45400000000518,24.394000000000233,-2.9399999999950523,0.12052143969808249
2026-08-03 04:24:00,20176.88,950.2,44669.29,49023.89,22.08400000000256,24.40400000000227,-2.319999999999709,0.09506638256021525
2026-08-03 04:25:00,20176.78,949.01,44669.63,49024.12,22.314000000005763,24.414000000004307,-2.099999999998545,0.08601622020144893
2026-08-03 04:26:00,20176.49,947.9,44670.04,49024.35,22.544000000001688,24.414000000004307,-1.8700000000026193,0.07659539608430775
2026-08-03 04:27:00,20176.22,947.64,44670.5,49024.65,22.8440000000046,24.414000000004307,-1.569999999999709,0.06430736462683018
2026-08-03 04:28:00,20176.32,947.69,44670.77,49024.94,23.13400000000547,24.429000000003725,-1.2949999999982538,0.053010765892916464
2026-08-03 04:29:00,20176.74,947.5,44670.9,49025.23,23.424000000006345,24.444000000003143,-1.0199999999967986,0.04172803141861673
2026-08-03 04:30:00,20176.99,946.51,44671.14,49025.53,23.72400000000198,24.454000000001543,-0.7299999999995634,0.029851966958351083
2026-08-03 04:31:00,20177.56,945.52,44671.59,49026.17,24.364000000001397,24.463999999999942,-0.09999999999854481,0.004087638979665837
2026-08-03 04:32:00,20177.45,944.73,44672.0,49026.49,24.684000000001106,24.463999999999942,0.22000000000116415,0.00899280575544329
2026-08-03 04:33:00,20177.81,944.67,44672.27,49026.87,25.064000000005763,24.463999999999942,0.6000000000058208,0.024525833878589854
2026-08-03 04:34:00,20177.37,944.18,44672.19,49026.6,24.794000000001688,24.46900000000096,0.3250000000007276,0.013282112060186965
2026-08-03 04:35:00,20177.11,943.93,44672.41,49026.69,24.88400000000547,24.47400000000198,0.41000000000349246,0.01675247201125518
2026-08-03 04:36:00,20177.22,943.75,44672.61,49026.91,25.104000000006636,24.489000000001397,0.6150000000052387,0.025113316182988427
2026-08-03 04:37:00,20177.53,943.51,44672.72,49027.13,25.324000000000524,24.504000000000815,0.819999999999709,0.03346392425725113
2026-08-03 04:38:00,20177.64,943.36,44672.85,49027.28,25.47400000000198,24.52900000000227,0.944999999999709,0.03852582657261289
2026-08-03 04:39:00,20177.78,943.65,44672.82,49027.29,25.484000000004016,24.554000000003725,0.930000000000291,0.037875702533198254
2026-08-03 04:40:00,20177.97,943.45,44672.71,49027.28,25.47400000000198,24.559000000004744,0.9149999999972351,0.03725721731328875
2026-08-03 04:41:00,20178.07,943.47,44672.96,49027.54,25.734000000004016,24.564000000005763,1.1699999999982538,0.04763067904241896
2026-08-03 04:42:00,20178.04,944.18,44672.58,49027.19,25.38400000000547,24.574000000004162,0.8100000000013097,0.032961666802359096
2026-08-03 04:43:00,20178.38,944.63,44672.52,49027.3,25.494000000006054,24.58400000000256,0.9100000000034925,0.037015945330434334
2026-08-03 04:44:00,20178.73,944.81,44672.55,49027.49,25.684000000001106,24.58900000000358,1.0949999999975262,0.04453210785299796
2026-08-03 04:45:00,20179.17,944.8,44672.38,49027.5,25.694000000003143,24.5940000000046,1.0999999999985448,0.0447263560217264
2026-08-03 04:46:00,20179.2,945.31,44672.08,49027.26,25.45400000000518,24.599000000005617,0.8549999999995634,0.03475751046787952
2026-08-03 04:47:00,20178.79,946.65,44671.83,49026.89,25.08400000000256,24.604000000006636,0.47999999999592546,0.01950902292293107
2026-08-03 04:48:00,20178.89,947.13,44671.63,49026.78,24.97400000000198,24.609000000004016,0.36499999999796273,0.014831972042663382
2026-08-03 04:49:00,20179.3,947.38,44671.57,49026.88,25.074000000000524,24.614000000001397,0.4599999999991269,0.018688551230970213
2026-08-03 04:50:00,20179.83,947.62,44671.72,49027.23,25.424000000006345,24.624000000003434,0.8000000000029104,0.032488628979970714
2026-08-03 04:51:00,20180.11,947.78,44671.48,49027.13,25.324000000000524,24.63400000000547,0.6899999999950523,0.028010067386331862
2026-08-03 04:52:00,20180.27,947.35,44671.57,49027.26,25.45400000000518,24.639000000002852,0.8150000000023283,0.033077641138123864
2026-08-03 04:53:00,20181.35,946.87,44671.8,49027.9,26.0940000000046,24.644000000000233,1.4500000000043656,0.058837850998391165
2026-08-03 04:54:00,20182.11,946.64,44671.76,49028.19,26.38400000000547,24.65400000000227,1.7300000000032014,0.07017116897878811
2026-08-03 04:55:00,20182.34,946.71,44671.7,49028.21,26.40400000000227,24.664000000004307,1.7399999999979627,0.07054816736935042
2026-08-03 04:56:00,20182.65,946.3,44671.89,49028.51,26.70400000000518,24.664000000004307,2.040000000000873,0.0827116445021293
2026-08-03 04:57:00,20182.47,945.55,44671.93,49028.44,26.63400000000547,24.664000000004307,1.9700000000011642,0.07987349983785355
2026-08-03 04:58:00,20181.9,945.36,44671.93,49028.22,26.414000000004307,24.674000000002707,1.7400000000016007,0.0705195752614659
2026-08-03 04:59:00,20182.19,944.75,44672.34,49028.69,26.88400000000547,24.684000000001106,2.2000000000043656,0.08912655971496787
2026-08-03 05:00:00,20182.71,944.26,44672.5,49029.04,27.234000000004016,24.684000000001106,2.5500000000029104,0.10330578512408022
2026-08-03 05:01:00,20182.3,945.6,44672.05,49028.5,26.694000000003143,24.684000000001106,2.0100000000020373,0.08142926592132342
2026-08-03 05:02:00,20182.52,946.02,44671.72,49028.29,26.484000000004016,24.684000000001106,1.8000000000029104,0.07292173067585601
2026-08-03 05:03:00,20182.66,946.57,44671.59,49028.23,26.424000000006345,24.684000000001106,1.7400000000052387,0.07049100632009239
2026-08-03 05:04:00,20182.58,946.77,44671.59,49028.2,26.394000000000233,24.70900000000256,1.6849999999976717,0.0681937755472701
2026-08-03 05:05:00,20183.23,945.68,44671.9,49028.76,26.95400000000518,24.734000000004016,2.220000000001164,0.08975499312690238
2026-08-03 05:06:00,20182.81,945.83,44671.67,49028.35,26.544000000001688,24.749000000003434,1.7949999999982538,0.07252818295680652
2026-08-03 05:07:00,20182.95,945.81,44671.7,49028.42,26.614000000001397,24.764000000002852,1.8499999999985448,0.07470521725078064
2026-08-03 05:08:00,20183.23,946.34,44671.53,49028.41,26.604000000006636,24.76900000000387,1.8350000000027649,0.07408454116042142
2026-08-03 05:09:00,20183.12,946.78,44671.46,49028.31,26.504000000000815,24.77400000000489,1.7299999999959255,0.06983127472332219
2026-08-03 05:10:00,20182.61,946.48,44671.37,49028.02,26.213999999999942,24.78400000000329,1.429999999996653,0.05769851517093542
2026-08-03 05:11:00,20183.45,946.65,44671.36,49028.38,26.574000000000524,24.794000000001688,1.7799999999988358,0.07179156247474044
2026-08-03 05:12:00,20183.42,946.25,44671.33,49028.31,26.504000000000815,24.794000000001688,1.7099999999991269,0.06896829878192347
2026-08-03 05:13:00,20183.85,946.83,44671.53,49028.7,26.894000000000233,24.794000000001688,2.099999999998545,0.08469791078480285
2026-08-03 05:14:00,20183.84,947.35,44671.06,49028.26,26.45400000000518,24.824000000004162,1.6300000000010186,0.06566226232681056
2026-08-03 05:15:00,20183.37,947.99,44670.83,49027.85,26.044000000001688,24.854000000006636,1.1899999999950523,0.04787961696285244
2026-08-03 05:16:00,20183.37,948.37,44670.88,49027.92,26.114000000001397,24.854000000006636,1.2599999999947613,0.050696065019490824
2026-08-03 05:17:00,20184.13,947.27,44671.3,49028.57,26.764000000002852,24.854000000006636,1.9099999999962165,0.07684879697415734
2026-08-03 05:18:00,20183.89,946.62,44671.23,49028.4,26.5940000000046,24.854000000006636,1.7399999999979627,0.07000885169379167
2026-08-03 05:19:00,20184.45,947.04,44671.16,49028.57,26.764000000002852,24.854000000006636,1.9099999999962165,0.07684879697415734
2026-08-03 05:20:00,20184.7,946.2,44671.18,49028.68,26.874000000003434,24.854000000006636,2.0199999999967986,0.08127464392034518
2026-08-03 05:21:00,20185.43,947.15,44671.07,49028.88,27.074000000000524,24.854000000006636,2.219999999993888,0.08932163836779977
2026-08-03 05:22:00,20186.48,947.69,44670.71,49029.01,27.20400000000518,24.859000000004016,2.345000000001164,0.09433203266425783
2026-08-03 05:23:00,20187.07,948.14,44670.43,49028.99,27.184000000001106,24.864000000001397,2.319999999999709,0.09330759330757636
2026-08-03 05:24:00,20188.14,948.98,44670.18,49029.2,27.394000000000233,24.869000000002416,2.524999999997817,0.1015320278257096
2026-08-03 05:25:00,20188.54,949.72,44669.66,49028.92,27.114000000001397,24.874000000003434,2.2399999999979627,0.09005387151232827
2026-08-03 05:26:00,20188.68,949.31,44669.69,49029.0,27.194000000003143,24.879000000004453,2.3149999999986903,0.09305036376053201
2026-08-03 05:27:00,20189.31,949.18,44669.78,49029.33,27.52400000000489,24.88400000000547,2.639999999999418,0.10609226812404908
2026-08-03 05:28:00,20189.49,948.73,44669.62,49029.24,27.434000000001106,24.889000000002852,2.5449999999982538,0.10225400779452617
2026-08-03 05:29:00,20190.68,947.52,44669.87,49029.95,28.144000000000233,24.894000000000233,3.25,0.13055354703944602
2026-08-03 05:30:00,20191.0,948.21,44669.73,49029.96,28.15400000000227,24.91400000000067,3.2400000000016007,0.1300473629285347
2026-08-03 05:31:00,20191.57,947.17,44669.65,49030.1,28.294000000001688,24.934000000001106,3.360000000000582,0.13475575519372876
2026-08-03 05:32:00,20192.08,946.18,44669.98,49030.59,28.78399999999965,24.934000000001106,3.849999999998545,0.15440763615939576
2026-08-03 05:33:00,20191.96,946.03,44669.92,49030.47,28.664000000004307,24.934000000001106,3.7300000000032014,0.1495949306169502
2026-08-03 05:34:00,20191.82,946.2,44669.72,49030.24,28.434000000001106,24.954000000001543,3.4799999999995634,0.13945660014423933
2026-08-03 05:35:00,20192.42,944.7,44670.08,49030.8,28.994000000006054,24.97400000000198,4.0200000000040745,0.16096740610249682
2026-08-03 05:36:00,20192.82,943.62,44670.55,49031.38,29.574000000000524,24.989000000001397,4.584999999999127,0.18348073152182443
2026-08-03 05:37:00,20192.96,942.84,44670.68,49031.54,29.734000000004016,25.004000000000815,4.730000000003201,0.18916973284286703
2026-08-03 05:38:00,20193.28,942.55,44670.75,49031.72,29.914000000004307,25.03400000000329,4.880000000001019,0.19493488855158494
2026-08-03 05:39:00,20193.28,942.03,44670.49,49031.47,29.664000000004307,25.064000000005763,4.599999999998545,0.18353016278317455
2026-08-03 05:40:00,20193.43,940.34,44670.81,49031.79,29.984000000004016,25.069000000003143,4.915000000000873,0.19605887749811549
2026-08-03 05:41:00,20193.52,939.36,44671.1,49032.06,30.254000000000815,25.074000000000524,5.180000000000291,0.20658849804579177
2026-08-03 05:42:00,20194.03,937.7,44671.5,49032.61,30.804000000003725,25.079000000001543,5.725000000002183,0.2282786394992556
2026-08-03 05:43:00,20193.92,936.36,44671.85,49032.87,31.064000000005763,25.08400000000256,5.980000000003201,0.23839897942922145
2026-08-03 05:44:00,20193.83,935.1,44672.14,49033.07,31.264000000002852,25.08400000000256,6.180000000000291,0.2463721894434564
2026-08-03 05:45:00,20193.68,934.18,44672.35,49033.18,31.374000000003434,25.08400000000256,6.290000000000873,0.25075745495137264
2026-08-03 05:46:00,20193.62,933.55,44672.52,49033.31,31.504000000000815,25.0940000000046,6.4099999999962165,0.25543954730194635
2026-08-03 05:47:00,20193.77,933.49,44672.57,49033.41,31.604000000006636,25.104000000006636,6.5,0.25892288081573783
2026-08-03 05:48:00,20193.83,933.1,44672.19,49033.08,31.27400000000489,25.104000000006636,6.169999999998254,0.24577756532810002
2026-08-03 05:49:00,20193.6,932.49,44672.31,49033.09,31.28399999999965,25.104000000006636,6.179999999993015,0.24617590822145402
2026-08-03 05:50:00,20194.14,932.16,44672.75,49033.7,31.894000000000233,25.114000000005035,6.779999999995198,0.26996894162593926
2026-08-03 05:51:00,20193.53,931.91,44672.5,49033.22,31.414000000004307,25.124000000003434,6.290000000000873,0.2503582232128647
2026-08-03 05:52:00,20192.67,931.57,44672.36,49032.73,30.924000000006345,25.124000000003434,5.80000000000291,0.23085495940145348
2026-08-03 05:53:00,20191.97,931.81,44672.41,49032.49,30.684000000001106,25.124000000003434,5.559999999997672,0.22130234039153446
2026-08-03 05:54:00,20191.49,932.57,44672.34,49032.23,30.424000000006345,25.134000000001834,5.290000000004511,0.21047187077282267
2026-08-03 05:55:00,20191.7,932.23,44672.3,49032.28,30.47400000000198,25.144000000000233,5.330000000001746,0.21197900095456956
2026-08-03 05:56:00,20191.9,932.33,44672.19,49032.29,30.484000000004016,25.144000000000233,5.3400000000037835,0.21237671014968718
2026-08-03 05:57:00,20192.41,931.12,44672.27,49032.54,30.734000000004016,25.144000000000233,5.5900000000037835,0.2223194400256018
2026-08-03 05:58:00,20192.23,930.78,44672.33,49032.5,30.694000000003143,25.189000000002125,5.505000000001019,0.218547778792352
2026-08-03 05:59:00,20192.67,930.48,44672.32,49032.68,30.874000000003434,25.234000000004016,5.639999999999418,0.22350796544339066
2026-08-03 06:00:00,20193.35,929.32,44672.43,49033.01,31.20400000000518,25.234000000004016,5.970000000001164,0.2365855591662128
2026-08-03 06:01:00,20194.31,928.06,44672.93,49033.83,32.02400000000489,25.234000000004016,6.790000000000873,0.26908139811364795
2026-08-03 06:02:00,20193.41,928.6,44672.6,49033.18,31.374000000003434,25.244000000002416,6.130000000001019,0.2428299794010629
2026-08-03 06:03:00,20192.52,929.47,44672.08,49032.36,30.554000000003725,25.254000000000815,5.30000000000291,0.209867743723875
2026-08-03 06:04:00,20191.48,930.79,44671.34,49031.29,29.484000000004016,25.254000000000815,4.230000000003201,0.16749821810418408
2026-08-03 06:05:00,20190.78,932.59,44671.16,49030.89,29.08400000000256,25.254000000000815,3.8300000000017462,0.15165914310610687
2026-08-03 06:06:00,20190.62,933.14,44670.92,49030.61,28.804000000003725,25.264000000002852,3.540000000000873,0.14012032932237467
2026-08-03 06:07:00,20191.28,933.1,44670.84,49030.81,29.004000000000815,25.27400000000489,3.7299999999959255,0.1475824958453432
2026-08-03 06:08:00,20191.69,933.16,44670.58,49030.74,28.934000000001106,25.27400000000489,3.6599999999962165,0.14481285115120315
2026-08-03 06:09:00,20192.73,932.5,44670.92,49031.47,29.664000000004307,25.27400000000489,4.389999999999418,0.1736962886760532
2026-08-03 06:10:00,20193.38,932.23,44671.21,49031.99,30.184000000001106,25.294000000005326,4.88999999999578,0.19332648058807425
2026-08-03 06:11:00,20193.79,931.57,44671.29,49032.2,30.394000000000233,25.314000000005763,5.07999999999447,0.20067946590792896
2026-08-03 06:12:00,20193.7,930.65,44671.49,49032.34,30.53399999999965,25.314000000005763,5.219999999993888,0.20621000236994153
2026-08-03 06:13:00,20193.53,930.16,44671.53,49032.28,30.47400000000198,25.314000000005763,5.1599999999962165,0.20383977245773255
2026-08-03 06:14:00,20193.03,931.02,44671.47,49032.05,30.244000000006054,25.319000000003143,4.92500000000291,0.19451795094602073
2026-08-03 06:15:00,20192.32,930.8,44671.39,49031.71,29.90400000000227,25.324000000000524,4.580000000001746,0.18085610488081075
2026-08-03 06:16:00,20191.41,931.4,44671.57,49031.5,29.694000000003143,25.324000000000524,4.370000000002619,0.17256357605443567
2026-08-03 06:17:00,20190.03,933.15,44671.08,49030.54,28.734000000004016,25.324000000000524,3.4100000000034925,0.13465487284802646
2026-08-03 06:18:00,20189.54,934.49,44670.74,49030.06,28.254000000000815,25.33400000000256,2.9199999999982538,0.11526012473347906
2026-08-03 06:19:00,20189.48,934.91,44670.64,49029.92,28.114000000001397,25.3440000000046,2.7699999999967986,0.10929608585843971
2026-08-03 06:20:00,20189.43,934.85,44670.67,49029.93,28.124000000003434,25.349000000005617,2.774999999997817,0.10947177403436831
2026-08-03 06:21:00,20189.36,934.9,44670.83,49030.04,28.234000000004016,25.354000000006636,2.8799999999973807,0.1135915437404996
2026-08-03 06:22:00,20188.96,933.94,44671.13,49030.14,28.33400000000256,25.354000000006636,2.9799999999959255,0.1175356945647687
2026-08-03 06:23:00,20188.21,933.39,44671.47,49030.13,28.324000000000524,25.354000000006636,2.969999999993888,0.1171412794822557
2026-08-03 06:24:00,20187.25,934.41,44671.26,49029.57,27.764000000002852,25.369000000006054,2.3949999999967986,0.09440655918625988
2026-08-03 06:25:00,20186.48,935.06,44671.31,49029.32,27.514000000002852,25.38400000000547,2.1299999999973807,0.08391112511806341
2026-08-03 06:26:00,20185.9,936.75,44671.01,49028.84,27.03399999999965,25.39400000000387,1.63999999999578,0.06458218476787941
2026-08-03 06:27:00,20185.38,938.83,44670.49,49028.19,26.38400000000547,25.40400000000227,0.9800000000032014,0.038576602110026524
2026-08-03 06:28:00,20185.8,940.12,44670.29,49028.22,26.414000000004307,25.40400000000227,1.0100000000020373,0.039757518501100104
2026-08-03 06:29:00,20185.78,940.54,44670.08,49028.02,26.213999999999942,25.40400000000227,0.8099999999976717,0.03188474256013223
2026-08-03 06:30:00,20186.37,940.24,44670.48,49028.61,26.804000000003725,25.414000000004307,1.389999999999418,0.05469426300461094
2026-08-03 06:31:00,20185.87,940.67,44670.56,49028.48,26.674000000006345,25.424000000006345,1.25,0.049166142227803966
2026-08-03 06:32:00,20184.99,941.21,44670.48,49028.07,26.264000000002852,25.424000000006345,0.8399999999965075,0.0330396475769469
2026-08-03 06:33:00,20184.93,941.64,44670.62,49028.19,26.38400000000547,25.424000000006345,0.9599999999991269,0.0377595972309191
2026-08-03 06:34:00,20184.98,941.85,44670.75,49028.32,26.514000000002852,25.429000000003725,1.0849999999991269,0.04266782020523685
2026-08-03 06:35:00,20184.66,942.52,44670.66,49028.13,26.324000000000524,25.434000000001106,0.8899999999994179,0.03499252968464965
2026-08-03 06:36:00,20184.63,942.28,44670.94,49028.36,26.554000000003725,25.444000000003143,1.110000000000582,0.043625216160998466
2026-08-03 06:37:00,20184.38,942.44,44671.09,49028.4,26.5940000000046,25.45400000000518,1.139999999999418,0.04478667400012516
2026-08-03 06:38:00,20184.28,943.45,44670.86,49028.16,26.354000000006636,25.45400000000518,0.9000000000014552,0.03535790052648983
2026-08-03 06:39:00,20184.9,943.25,44670.76,49028.31,26.504000000000815,25.45400000000518,1.0499999999956344,0.041250883947333256
2026-08-03 06:40:00,20184.83,944.25,44670.86,49028.4,26.5940000000046,25.46400000000358,1.1300000000010186,0.0443763744895091
2026-08-03 06:41:00,20185.14,943.49,44671.17,49028.8,26.994000000006054,25.47400000000198,1.5200000000040745,0.05966868179335622
2026-08-03 06:42:00,20185.04,943.31,44671.37,49028.93,27.124000000003434,25.47400000000198,1.6500000000014552,0.06477192431503992
2026-08-03 06:43:00,20184.63,944.07,44671.32,49028.77,26.963999999999942,25.47400000000198,1.4899999999979627,0.0584910104419348
2026-08-03 06:44:00,20184.02,945.26,44671.18,49028.38,26.574000000000524,25.479000000002998,1.0949999999975262,0.04297656893902419
2026-08-03 06:45:00,20184.19,945.79,44671.03,49028.31,26.504000000000815,25.484000000004016,1.0199999999967986,0.040025113796760235
2026-08-03 06:46:00,20184.08,946.75,44670.87,49028.16,26.354000000006636,25.489000000005035,0.8650000000016007,0.033936207775959425
2026-08-03 06:47:00,20183.64,947.85,44670.88,49028.01,26.20400000000518,25.494000000006054,0.7099999999991269,0.027849690123125374
2026-08-03 06:48:00,20183.47,947.34,44670.66,49027.73,25.924000000006345,25.504000000004453,0.42000000000189175,0.016468005018891875
2026-08-03 06:49:00,20184.48,946.96,44671.06,49028.49,26.684000000001106,25.514000000002852,1.1699999999982538,0.04585717645207035
2026-08-03 06:50:00,20185.25,946.07,44671.48,49029.18,27.374000000003434,25.52400000000125,1.8500000000021828,0.07248080238215374
2026-08-03 06:51:00,20185.36,945.73,44671.61,49029.35,27.544000000001688,25.53399999999965,2.0100000000020373,0.07871857131675666
2026-08-03 06:52:00,20185.8,944.79,44671.95,49029.8,27.994000000006054,25.549000000002707,2.445000000003347,0.09569846177944687
2026-08-03 06:53:00,20184.78,945.74,44671.79,49029.25,27.444000000003143,25.564000000005763,1.8799999999973807,0.07354091691429185
2026-08-03 06:54:00,20184.42,946.17,44671.73,49029.07,27.264000000002852,25.574000000004162,1.6899999999986903,0.06608274028303805
2026-08-03 06:55:00,20184.56,945.67,44671.9,49029.25,27.444000000003143,25.58400000000256,1.860000000000582,0.07270168855536256
2026-08-03 06:56:00,20185.08,944.97,44672.34,49029.86,28.054000000003725,25.59900000000198,2.4550000000017462,0.09590218367911077
2026-08-03 06:57:00,20184.99,944.91,44672.48,49029.95,28.144000000000233,25.614000000001397,2.529999999998836,0.09877410790968602
2026-08-03 06:58:00,20184.88,944.35,44672.58,49029.98,28.174000000006345,25.624000000003434,2.5500000000029104,0.09951607867634127
2026-08-03 06:59:00,20184.73,944.18,44672.86,49030.17,28.364000000001397,25.63400000000547,2.7299999999959255,0.10649918077535081
2026-08-03 07:00:00,20184.31,944.8,44672.77,49029.94,28.13400000000547,25.63400000000547,2.5,0.09752672232189538
2026-08-03 07:01:00,20184.56,943.66,44673.18,49030.39,28.58400000000256,25.63400000000547,2.9499999999970896,0.11508153233972303
2026-08-03 07:02:00,20184.13,943.34,44673.34,49030.35,28.544000000001688,25.63400000000547,2.9099999999962165,0.11352110478253863
2026-08-03 07:03:00,20183.72,943.4,44673.38,49030.21,28.40400000000227,25.63400000000547,2.7699999999967986,0.1080596083325352
2026-08-03 07:04:00,20183.81,942.77,44673.65,49030.48,28.674000000006345,25.639000000002852,3.0350000000034925,0.11837435157389738
2026-08-03 07:05:00,20183.55,943.14,44673.64,49030.38,28.574000000000524,25.644000000000233,2.930000000000291,0.11425674621744909
2026-08-03 07:06:00,20183.61,943.88,44673.43,49030.22,28.414000000004307,25.66400000000067,2.750000000003638,0.10715399002507661
2026-08-03 07:07:00,20183.66,944.11,44673.36,49030.19,28.38400000000547,25.684000000001106,2.7000000000043656,0.10512381249043176
2026-08-03 07:08:00,20184.17,943.88,44673.49,49030.51,28.70400000000518,25.689000000002125,3.015000000003056,0.1173654093192731
2026-08-03 07:09:00,20184.39,943.89,44673.49,49030.59,28.78399999999965,25.694000000003143,3.0899999999965075,0.12026153965891373
2026-08-03 07:10:00,20184.66,943.39,44673.42,49030.63,28.824000000000524,25.70900000000256,3.1149999999979627,0.1211637947799468
2026-08-03 07:11:00,20185.3,941.9,44673.81,49031.23,29.424000000006345,25.72400000000198,3.7000000000043656,0.1438345513918551
2026-08-03 07:12:00,20184.82,941.55,44674.23,49031.39,29.58400000000256,25.729000000002998,3.8549999999995634,0.14983093007886486
2026-08-03 07:13:00,20184.09,941.34,44674.19,49031.06,29.254000000000815,25.734000000004016,3.5199999999967986,0.13678402113920296
2026-08-03 07:14:00,20183.74,941.9,44674.09,49030.85,29.044000000001688,25.754000000004453,3.289999999997235,0.12774714607426677
2026-08-03 07:15:00,20183.93,942.24,44674.15,49031.0,29.194000000003143,25.77400000000489,3.4199999999982538,0.13269186001387465
2026-08-03 07:16:00,20184.47,942.06,44674.4,49031.44,29.63400000000547,25.794000000005326,3.8400000000001455,0.14887183065826753
2026-08-03 07:17:00,20184.28,942.26,44674.15,49031.15,29.3440000000046,25.814000000005763,3.529999999998836,0.1367475013557778
2026-08-03 07:18:00,20184.48,941.79,44674.38,49031.43,29.624000000003434,25.814000000005763,3.8099999999976717,0.14759432865874414
2026-08-03 07:19:00,20184.75,941.18,44674.66,49031.79,29.984000000004016,25.814000000005763,4.169999999998254,0.16154024947692427
2026-08-03 07:20:00,20185.07,939.69,44675.04,49032.23,30.424000000006345,25.82900000000518,4.595000000001164,0.17790080916799886
2026-08-03 07:21:00,20184.68,939.45,44675.15,49032.14,30.33400000000256,25.8440000000046,4.489999999997963,0.17373471598812737
2026-08-03 07:22:00,20185.04,939.39,44675.35,49032.43,30.624000000003434,25.854000000002998,4.770000000000437,0.1844975632397263
2026-08-03 07:23:00,20185.28,938.65,44675.63,49032.8,30.994000000006054,25.864000000001397,5.130000000004657,0.1983451902259658
2026-08-03 07:24:00,20185.3,937.98,44675.8,49032.96,31.15400000000227,25.89400000000387,5.259999999998399,0.20313586158946526
2026-08-03 07:25:00,20185.79,936.67,44676.12,49033.47,31.664000000004307,25.924000000006345,5.739999999997963,0.22141644807886737
2026-08-03 07:26:00,20185.17,936.05,44675.98,49033.07,31.264000000002852,25.939000000005763,5.32499999999709,0.20528933266494107
2026-08-03 07:27:00,20184.39,936.05,44676.15,49032.92,31.114000000001397,25.95400000000518,5.1599999999962165,0.19881328504258253
2026-08-03 07:28:00,20183.86,936.86,44675.99,49032.57,30.764000000002852,25.9690000000046,4.794999999998254,0.18464322846460798
2026-08-03 07:29:00,20182.99,938.1,44675.73,49032.0,30.194000000003143,25.984000000004016,4.209999999999127,0.1620227832511729
2026-08-03 07:30:00,20182.33,939.12,44675.36,49031.4,29.5940000000046,25.989000000005035,3.6049999999995634,0.13871253222512853
2026-08-03 07:31:00,20181.92,939.16,44675.24,49031.13,29.324000000000524,25.994000000006054,3.3299999999944703,0.12810648611193717
2026-08-03 07:32:00,20181.48,940.04,44675.19,49030.92,29.114000000001397,26.01900000000387,3.094999999997526,0.11895153541631369
2026-08-03 07:33:00,20182.3,939.03,44675.55,49031.56,29.754000000000815,26.044000000001688,3.709999999999127,0.14245123636917856
2026-08-03 07:34:00,20182.71,937.24,44676.03,49032.13,30.324000000000524,26.044000000001688,4.279999999998836,0.1643372753800706
2026-08-03 07:35:00,20182.31,936.24,44676.33,49032.22,30.414000000004307,26.044000000001688,4.370000000002619,0.16779296575035849
2026-08-03 07:36:00,20182.45,934.62,44676.81,49032.7,30.894000000000233,26.064000000002125,4.829999999998108,0.18531307550635798
2026-08-03 07:37:00,20181.37,935.05,44676.94,49032.36,30.554000000003725,26.08400000000256,4.470000000001164,0.1713694218678395
2026-08-03 07:38:00,20180.39,935.41,44676.65,49031.72,29.914000000004307,26.08900000000358,3.8250000000007276,0.14661351527464458
2026-08-03 07:39:00,20179.8,936.4,44676.2,49031.07,29.264000000002852,26.0940000000046,3.1699999999982538,0.12148386602275217
2026-08-03 07:40:00,20179.07,937.82,44675.67,49030.32,28.514000000002852,26.0940000000046,2.4199999999982538,0.09274162642744797
2026-08-03 07:41:00,20178.54,938.33,44675.39,49029.87,28.064000000005763,26.0940000000046,1.9700000000011642,0.07549628267037699
2026-08-03 07:42:00,20178.37,937.84,44675.31,49029.71,27.90400000000227,26.104000000002998,1.7999999999992724,0.06895494943300129
2026-08-03 07:43:00,20178.3,937.31,44675.46,49029.82,28.014000000002852,26.114000000001397,1.9000000000014552,0.07275790763580277
2026-08-03 07:44:00,20178.15,937.13,44675.61,49029.9,28.0940000000046,26.124000000003434,1.9700000000011642,0.07540958505592196
2026-08-03 07:45:00,20177.82,937.33,44675.55,49029.67,27.864000000001397,26.13400000000547,1.7299999999959255,0.06619729088526682
2026-08-03 07:46:00,20175.71,939.68,44674.54,49027.96,26.15400000000227,26.14400000000387,0.00999999999839929,0.0003824969399631965
2026-08-03 07:47:00,20174.21,941.84,44673.72,49026.66,24.854000000006636,26.15400000000227,-1.2999999999956344,0.04970558996694661
2026-08-03 07:48:00,20174.45,941.75,44673.88,49026.91,25.104000000006636,26.15400000000227,-1.0499999999956344,0.040146822665578626
2026-08-03 07:49:00,20175.06,941.03,44673.82,49027.08,25.27400000000489,26.15400000000227,-0.8799999999973807,0.033646860900715156
2026-08-03 07:50:00,20173.48,943.45,44672.86,49025.62,23.814000000005763,26.164000000004307,-2.349999999998545,0.08981807063133151
2026-08-03 07:51:00,20173.48,943.86,44672.76,49025.54,23.734000000004016,26.174000000006345,-2.4400000000023283,0.09322228165361568
2026-08-03 07:52:00,20173.29,945.13,44672.38,49025.13,23.324000000000524,26.179000000003725,-2.8550000000032014,0.1090568776501316
2026-08-03 07:53:00,20173.04,946.6,44671.76,49024.48,22.674000000006345,26.184000000001106,-3.5099999999947613,0.13405132905570627
2026-08-03 07:54:00,20173.17,947.41,44670.86,49023.74,21.934000000001106,26.194000000003143,-4.260000000002037,0.16263266396890608
2026-08-03 07:55:00,20174.59,946.27,44670.94,49024.37,22.564000000005763,26.20400000000518,-3.639999999999418,0.13891009006253618
2026-08-03 07:56:00,20176.09,944.85,44671.51,49025.48,23.674000000006345,26.20900000000256,-2.5349999999962165,0.09672249990445911
2026-08-03 07:57:00,20176.97,943.18,44671.77,49026.05,24.244000000006054,26.213999999999942,-1.9699999999938882,0.0751506828409969
2026-08-03 07:58:00,20177.17,941.59,44672.25,49026.54,24.734000000004016,26.213999999999942,-1.4799999999959255,0.056458381017621455
2026-08-03 07:59:00,20177.51,939.56,44672.78,49027.12,25.314000000005763,26.213999999999942,-0.8999999999941792,0.03433279926734498
2026-08-03 08:00:00,20176.98,938.52,44672.95,49027.04,25.234000000004016,26.22400000000198,-0.9899999999979627,0.037751677852268455
2026-08-03 08:01:00,20176.7,938.43,44672.99,49026.95,25.144000000000233,26.234000000004016,-1.0900000000037835,0.041549134710818655
2026-08-03 08:02:00,20176.8,938.89,44672.9,49026.93,25.124000000003434,26.249000000003434,-1.125,0.04285877557239715
2026-08-03 08:03:00,20176.83,938.98,44672.78,49026.81,25.004000000000815,26.264000000002852,-1.2600000000020373,0.0479744136461278
2026-08-03 08:04:00,20176.66,938.76,44672.56,49026.57,24.764000000002852,26.264000000002852,-1.5,0.05711239719767884
2026-08-03 08:05:00,20176.51,939.36,44672.46,49026.39,24.58400000000256,26.264000000002852,-1.680000000000291,0.06396588486141139
2026-08-03 08:06:00,20176.4,939.54,44672.41,49026.31,24.504000000000815,26.27400000000125,-1.7700000000004366,0.0673669787622879
2026-08-03 08:07:00,20176.02,939.7,44672.28,49026.05,24.244000000006054,26.28399999999965,-2.039999999993597,0.07761375741871954
2026-08-03 08:08:00,20175.85,940.33,44672.22,49025.92,24.114000000001397,26.304000000000087,-2.1899999999986903,0.08325729927002293
2026-08-03 08:09:00,20175.42,940.43,44671.98,49025.54,23.734000000004016,26.324000000000524,-2.5899999999965075,0.09838930253747363
2026-08-03 08:10:00,20175.08,940.49,44671.97,49025.39,23.58400000000256,26.329000000001543,-2.7449999999989814,0.10425766265330322
2026-08-03 08:11:00,20174.63,941.48,44671.83,49025.09,23.28399999999965,26.33400000000256,-3.0500000000029104,0.11581985266205717
2026-08-03 08:12:00,20175.04,942.51,44671.66,49025.13,23.324000000000524,26.33400000000256,-3.0100000000020373,0.11430090377465423
2026-08-03 08:13:00,20175.53,941.55,44671.61,49025.26,23.45400000000518,26.33400000000256,-2.8799999999973807,0.10936431989052557
2026-08-03 08:14:00,20175.52,940.67,44672.1,49025.67,23.864000000001397,26.3440000000046,-2.4800000000032014,0.09413908290323293
2026-08-03 08:15:00,20174.81,940.63,44672.28,49025.54,23.734000000004016,26.354000000006636,-2.6200000000026193,0.0994156484784837
2026-08-03 08:16:00,20174.5,940.39,44672.34,49025.48,23.674000000006345,26.354000000006636,-2.680000000000291,0.10169234271835836
2026-08-03 08:17:00,20174.26,940.51,44672.36,49025.42,23.614000000001397,26.354000000006636,-2.7400000000052387,0.10396903695850909
2026-08-03 08:18:00,20174.19,940.29,44672.49,49025.49,23.684000000001106,26.369000000006054,-2.6850000000049477,0.10182411164641554
2026-08-03 08:19:00,20174.23,939.81,44672.64,49025.64,23.83400000000256,26.38400000000547,-2.5500000000029104,0.09664948453617274
2026-08-03 08:20:00,20174.01,938.61,44672.95,49025.83,24.02400000000489,26.38400000000547,-2.360000000000582,0.0894481503941818
2026-08-03 08:21:00,20173.39,938.62,44673.07,49025.68,23.874000000003434,26.38400000000547,-2.5100000000020373,0.09513341419047593
2026-08-03 08:22:00,20173.5,938.09,44673.38,49025.99,24.184000000001106,26.38400000000547,-2.2000000000043656,0.0833838690116703
2026-08-03 08:23:00,20173.0,939.03,44673.33,49025.75,23.944000000003143,26.38400000000547,-2.4400000000023283,0.09248029108557544
2026-08-03 08:24:00,20172.84,939.84,44673.1,49025.48,23.674000000006345,26.389000000002852,-2.7149999999965075,0.1028837773313204
2026-08-03 08:25:00,20172.5,939.37,44673.28,49025.5,23.694000000003143,26.394000000000233,-2.6999999999970896,0.10229597635815207
2026-08-03 08:26:00,20172.36,938.83,44673.44,49025.58,23.77400000000489,26.394000000000233,-2.6199999999953434,0.09926498446598925
2026-08-03 08:27:00,20172.27,938.35,44673.68,49025.77,23.963999999999942,26.394000000000233,-2.430000000000291,0.09206637872244713
2026-08-03 08:28:00,20172.47,937.41,44674.07,49026.18,24.374000000003434,26.394000000000233,-2.0199999999967986,0.07653254527531941
2026-08-03 08:29:00,20172.18,936.63,44674.29,49026.25,24.444000000003143,26.394000000000233,-1.9499999999970896,0.07388042736974587
2026-08-03 08:30:00,20171.2,936.59,44674.77,49026.28,24.47400000000198,26.39900000000125,-1.9249999999992724,0.07291942876621013
2026-08-03 08:31:00,20169.82,939.18,44674.19,49025.23,23.424000000006345,26.40400000000227,-2.9799999999959255,0.1128616876229234
2026-08-03 08:32:00,20170.51,939.82,44673.77,49025.15,23.3440000000046,26.40900000000329,-3.0649999999986903,0.11605891930774768
2026-08-03 08:33:00,20171.97,937.87,44674.34,49026.22,24.414000000004307,26.414000000004307,-2.0,0.07571742257892307
2026-08-03 08:34:00,20172.61,935.44,44675.09,49027.12,25.314000000005763,26.414000000004307,-1.0999999999985448,0.041644582418352595
2026-08-03 08:35:00,20172.4,934.36,44675.53,49027.44,25.63400000000547,26.414000000004307,-0.7799999999988358,0.029529794805735924
2026-08-03 08:36:00,20172.16,934.32,44675.85,49027.62,25.814000000005763,26.419000000005326,-0.6049999999995634,0.022900185472555415
2026-08-03 08:37:00,20171.49,933.73,44675.84,49027.32,25.514000000002852,26.424000000006345,-0.9100000000034925,0.034438389343145394
2026-08-03 08:38:00,20171.08,933.32,44676.16,49027.45,25.644000000000233,26.439000000005763,-0.7950000000055297,0.030069215931213603
2026-08-03 08:39:00,20170.28,932.66,44676.52,49027.42,25.614000000001397,26.45400000000518,-0.8400000000037835,0.03175323202553939
2026-08-03 08:40:00,20169.39,932.78,44676.63,49027.16,25.354000000006636,26.45900000000256,-1.1049999999959255,0.04176272723821076
2026-08-03 08:41:00,20168.13,932.53,44676.65,49026.67,24.864000000001397,26.463999999999942,-1.5999999999985448,0.060459492140211166
2026-08-03 08:42:00,20166.38,933.1,44676.7,49026.0,24.194000000003143,26.47400000000198,-2.279999999998836,0.0861222331343456
2026-08-03 08:43:00,20164.94,934.54,44676.3,49025.07,23.264000000002852,26.484000000004016,-3.220000000001164,0.12158284247095136
2026-08-03 08:44:00,20164.35,936.57,44675.92,49024.53,22.72400000000198,26.494000000002416,-3.7700000000004366,0.1422963689892086
2026-08-03 08:45:00,20163.93,937.24,44675.45,49023.94,22.13400000000547,26.504000000000815,-4.369999999995343,0.1648807727133719
2026-08-03 08:46:00,20163.53,937.65,44675.27,49023.63,21.824000000000524,26.504000000000815,-4.680000000000291,0.17657712043465693
2026-08-03 08:47:00,20162.74,938.49,44675.05,49023.1,21.294000000001688,26.504000000000815,-5.209999999999127,0.19657410202229728
2026-08-03 08:48:00,20162.41,939.77,44674.69,49022.69,20.88400000000547,26.504000000000815,-5.619999999995343,0.21204346513715555
2026-08-03 08:49:00,20163.05,940.59,44674.73,49023.01,21.20400000000518,26.504000000000815,-5.299999999995634,0.19996981587667792
2026-08-03 08:50:00,20163.62,940.4,44674.08,49022.64,20.83400000000256,26.504000000000815,-5.669999999998254,0.2139299728342167
2026-08-03 08:51:00,20164.26,939.77,44674.32,49023.09,21.28399999999965,26.504000000000815,-5.220000000001164,0.1969514035617644
2026-08-03 08:52:00,20164.26,938.89,44674.62,49023.35,21.544000000001688,26.509000000001834,-4.9650000000001455,0.18729488098380936
2026-08-03 08:53:00,20163.43,939.22,44674.47,49022.88,21.074000000000524,26.514000000002852,-5.440000000002328,0.2051746247266253
2026-08-03 08:54:00,20163.07,940.25,44674.16,49022.47,20.664000000004307,26.52900000000227,-5.864999999997963,0.22107881940508353
2026-08-03 08:55:00,20163.51,940.54,44673.77,49022.3,20.494000000006054,26.544000000001688,-6.049999999995634,0.22792344785997776
2026-08-03 08:56:00,20164.24,941.14,44673.53,49022.37,20.564000000005763,26.549000000002707,-5.984999999996944,0.22543221966915267
2026-08-03 08:57:00,20165.58,940.93,44673.42,49022.83,21.02400000000489,26.554000000003725,-5.529999999998836,0.2082548768546381
2026-08-03 08:58:00,20166.75,940.76,44673.12,49023.04,21.234000000004016,26.554000000003725,-5.319999999999709,0.20034646380955648
2026-08-03 08:59:00,20166.99,941.15,44672.61,49022.69,20.88400000000547,26.554000000003725,-5.669999999998254,0.21352715221802585
2026-08-03 09:00:00,20167.94,941.24,44672.49,49022.95,21.144000000000233,26.564000000002125,-5.420000000001892,0.20403553681679937
2026-08-03 09:01:00,20169.49,940.54,44672.42,49023.52,21.713999999999942,26.574000000000524,-4.860000000000582,0.18288552720706278
2026-08-03 09:02:00,20171.39,940.41,44672.26,49024.15,22.3440000000046,26.574000000000524,-4.2299999999959255,0.15917814405041927
2026-08-03 09:03:00,20172.03,939.6,44672.0,49024.15,22.3440000000046,26.574000000000524,-4.2299999999959255,0.15917814405041927
2026-08-03 09:04:00,20173.19,938.42,44672.11,49024.7,22.894000000000233,26.579000000001543,-3.6850000000013097,0.13864328981530893
2026-08-03 09:05:00,20173.36,938.05,44672.07,49024.72,22.914000000004307,26.58400000000256,-3.6699999999982538,0.13805296418890686
2026-08-03 09:06:00,20173.67,937.28,44672.0,49024.79,22.984000000004016,26.58900000000358,-3.6049999999995634,0.13558238369246975
2026-08-03 09:07:00,20174.49,935.98,44672.08,49025.15,23.3440000000046,26.5940000000046,-3.25,0.12220801684588396
2026-08-03 09:08:00,20174.86,935.04,44672.18,49025.37,23.564000000005763,26.5940000000046,-3.029999999998836,0.11393547416704189
2026-08-03 09:09:00,20174.84,934.33,44672.25,49025.43,23.624000000003434,26.5940000000046,-2.970000000001164,0.11167932616382081
2026-08-03 09:10:00,20174.87,933.93,44672.0,49025.2,23.394000000000233,26.5940000000046,-3.2000000000043656,0.1203278935099576
2026-08-03 09:11:00,20174.97,933.65,44671.78,49025.04,23.234000000004016,26.5940000000046,-3.360000000000582,0.126344288185305
2026-08-03 09:12:00,20175.32,931.84,44672.04,49025.38,23.574000000000524,26.5940000000046,-3.0200000000040745,0.11355944950002077
2026-08-03 09:13:00,20174.81,930.94,44672.34,49025.44,23.63400000000547,26.5940000000046,-2.959999999999127,0.1113033014965261
2026-08-03 09:14:00,20175.24,929.23,44672.76,49025.98,24.174000000006345,26.599000000005617,-2.4249999999992724,0.09116884093382309
2026-08-03 09:15:00,20173.95,927.72,44673.07,49025.7,23.894000000000233,26.604000000006636,-2.710000000006403,0.10186438129626098
2026-08-03 09:16:00,20173.12,926.59,44673.54,49025.77,23.963999999999942,26.604000000006636,-2.640000000006694,0.0992331980155629
2026-08-03 09:17:00,20172.41,925.53,44673.9,49025.78,23.97400000000198,26.604000000006636,-2.6300000000046566,0.09885731468967075
2026-08-03 09:18:00,20171.2,925.26,44674.05,49025.41,23.604000000006636,26.609000000004016,-3.0049999999973807,0.11293171483321159
2026-08-03 09:19:00,20169.32,925.41,44673.8,49024.43,22.624000000003434,26.614000000001397,-3.9899999999979627,0.1499210941608835
2026-08-03 09:20:00,20168.12,925.81,44673.65,49023.83,22.02400000000489,26.624000000003434,-4.599999999998545,0.17277644230761535
2026-08-03 09:21:00,20166.32,926.1,44673.36,49022.82,21.014000000002852,26.63400000000547,-5.620000000002619,0.21100848539466338
2026-08-03 09:22:00,20165.05,925.93,44673.33,49022.27,20.463999999999942,26.654000000005908,-6.190000000005966,0.2322353117732646
2026-08-03 09:23:00,20164.13,925.89,44673.34,49021.91,20.104000000006636,26.674000000006345,-6.569999999999709,0.24630726550191745
2026-08-03 09:24:00,20164.16,925.4,44673.43,49021.98,20.174000000006345,26.674000000006345,-6.5,0.24368298717846795
2026-08-03 09:25:00,20163.23,924.98,44673.27,49021.46,19.65400000000227,26.674000000006345,-7.0200000000040745,0.26317762615289814
2026-08-03 09:26:00,20162.0,924.67,44673.27,49020.95,19.144000000000233,26.679000000003725,-7.5350000000034925,0.2824318752577848
2026-08-03 09:27:00,20160.88,924.77,44673.0,49020.25,18.444000000003143,26.684000000001106,-8.239999999997963,0.30879928046760685
2026-08-03 09:28:00,20160.21,924.67,44672.8,49019.8,17.994000000006054,26.689000000002125,-8.694999999996071,0.3257896511669744
2026-08-03 09:29:00,20159.03,924.2,44672.8,49019.32,17.514000000002852,26.694000000003143,-9.180000000000291,0.34389750505728667
2026-08-03 09:30:00,20157.65,924.3,44672.79,49018.73,16.924000000006345,26.699000000004162,-9.774999999997817,0.3661185812201316
2026-08-03 09:31:00,20156.81,925.13,44672.3,49017.96,16.15400000000227,26.70400000000518,-10.55000000000291,0.39507189934095505
2026-08-03 09:32:00,20156.89,925.34,44672.02,49017.75,15.944000000003143,26.70400000000518,-10.760000000002037,0.402935889754342
2026-08-03 09:33:00,20156.66,925.59,44671.63,49017.31,15.504000000000815,26.70400000000518,-11.200000000004366,0.4194128220492133
2026-08-03 09:34:00,20156.62,924.89,44671.49,49017.16,15.354000000006636,26.70900000000256,-11.354999999995925,0.42513759406922147
2026-08-03 09:35:00,20156.57,924.49,44671.14,49016.8,14.994000000006054,26.713999999999942,-11.719999999993888,0.43872126974597264
2026-08-03 09:36:00,20156.02,924.67,44670.87,49016.35,14.544000000001688,26.713999999999942,-12.169999999998254,0.45556636969372916
2026-08-03 09:37:00,20156.69,923.9,44670.92,49016.65,14.844000000004598,26.713999999999942,-11.869999999995343,0.4443363030618915
2026-08-03 09:38:00,20157.0,922.86,44670.78,49016.63,14.824000000000524,26.739000000001397,-11.915000000000873,0.4456037996933412
2026-08-03 09:39:00,20157.17,921.91,44670.85,49016.73,14.924000000006345,26.764000000002852,-11.839999999996508,0.4423852936778974
2026-08-03 09:40:00,20156.28,921.72,44670.32,49015.86,14.054000000003725,26.764000000002852,-12.709999999999127,0.47489164549386387
2026-08-03 09:41:00,20155.76,922.04,44670.45,49015.8,13.994000000006054,26.764000000002852,-12.769999999996799,0.4771334628603885
2026-08-03 09:42:00,20155.43,921.51,44670.39,49015.6,13.794000000001688,26.78400000000329,-12.9900000000016,0.4849910394265235
2026-08-03 09:43:00,20154.73,921.11,44670.3,49015.23,13.424000000006345,26.804000000003725,-13.37999999999738,0.4991792269808805
2026-08-03 09:44:00,20153.61,921.26,44670.1,49014.61,12.804000000003725,26.814000000002125,-14.0099999999984,0.5224882524053588
2026-08-03 09:45:00,20152.8,921.51,44669.82,49014.02,12.213999999999942,26.824000000000524,-14.610000000000582,0.5446614971667274
2026-08-03 09:46:00,20151.67,921.86,44669.37,49013.15,11.344000000004598,26.84900000000198,-15.50499999999738,0.5774889195126909
2026-08-03 09:47:00,20151.34,921.71,44669.17,49012.83,11.02400000000489,26.874000000003434,-15.849999999998545,0.589789387511964
2026-08-03 09:48:00,20151.36,921.41,44668.92,49012.62,10.814000000005763,26.879000000004453,-16.06499999999869,0.5976784850625406
2026-08-03 09:49:00,20150.95,921.2,44668.74,49012.28,10.474000000001979,26.88400000000547,-16.410000000003492,0.6104002380598182
2026-08-03 09:50:00,20150.61,921.22,44668.46,49011.9,10.094000000004598,26.889000000002852,-16.794999999998254,0.6246048570045919
2026-08-03 09:51:00,20150.45,921.59,44668.71,49012.05,10.244000000006054,26.894000000000233,-16.64999999999418,0.6190971964004623
2026-08-03 09:52:00,20149.86,921.42,44668.06,49011.21,9.40400000000227,26.91400000000067,-17.5099999999984,0.6505907706025846
2026-08-03 09:53:00,20149.66,920.79,44667.91,49011.01,9.20400000000518,26.934000000001106,-17.729999999995925,0.658275785252662
2026-08-03 09:54:00,20149.38,920.35,44667.7,49010.69,8.884000000005472,26.944000000003143,-18.05999999999767,0.6702790973870087
2026-08-03 09:55:00,20148.71,920.13,44667.58,49010.31,8.504000000000815,26.95400000000518,-18.450000000004366,0.6844995176968472
2026-08-03 09:56:00,20147.79,920.12,44667.24,49009.61,7.804000000003725,26.95900000000256,-19.154999999998836,0.7105233873658895
2026-08-03 09:57:00,20147.63,919.86,44667.15,49009.45,7.644000000000233,26.963999999999942,-19.31999999999971,0.716510903426782
2026-08-03 09:58:00,20148.03,919.32,44667.17,49009.63,7.824000000000524,26.979000000002998,-19.155000000002474,0.7099966640720689
2026-08-03 09:59:00,20148.26,918.81,44666.99,49009.55,7.744000000006054,26.994000000006054,-19.25,0.7131214343926681
2026-08-03 10:00:00,20147.93,918.3,44666.83,49009.26,7.4540000000051805,27.00900000000547,-19.55500000000029,0.7240179199524724
2026-08-03 10:01:00,20146.88,918.12,44666.52,49008.54,6.734000000004016,27.02400000000489,-20.290000000000873,0.7508140911781084
2026-08-03 10:02:00,20145.92,918.39,44666.4,49008.06,6.254000000000815,27.02900000000227,-20.775000000001455,0.7686188908209594
2026-08-03 10:03:00,20145.49,917.79,44666.38,49007.86,6.054000000003725,27.03399999999965,-20.979999999995925,0.7760597765775022
2026-08-03 10:04:00,20144.75,917.06,44666.14,49007.32,5.514000000002852,27.054000000000087,-21.539999999997235,0.7961854069637453
2026-08-03 10:05:00,20143.84,916.83,44666.04,49006.88,5.074000000000524,27.074000000000524,-22.0,0.8125877225382129
2026-08-03 10:06:00,20143.56,916.35,44666.05,49006.75,4.944000000003143,27.08400000000256,-22.139999999999418,0.8174568010632597
2026-08-03 10:07:00,20143.59,915.68,44666.11,49006.8,4.994000000006054,27.0940000000046,-22.099999999998545,0.8156787480621095
2026-08-03 10:08:00,20142.68,915.59,44666.03,49006.34,4.533999999999651,27.104000000002998,-22.570000000003347,0.8327184179457221
2026-08-03 10:09:00,20142.29,915.28,44665.89,49006.06,4.254000000000815,27.114000000001397,-22.860000000000582,0.8431068820535297
2026-08-03 10:10:00,20141.61,914.42,44665.82,49005.7,3.894000000000233,27.119000000002416,-23.225000000002183,0.856410634610425
2026-08-03 10:11:00,20140.85,914.13,44665.82,49005.38,3.574000000000524,27.124000000003434,-23.55000000000291,0.868234773632205
2026-08-03 10:12:00,20139.92,914.53,44665.55,49004.77,2.963999999999942,27.124000000003434,-24.160000000003492,0.8907240819938222
2026-08-03 10:13:00,20139.94,914.21,44665.5,49004.73,2.9240000000063446,27.124000000003434,-24.19999999999709,0.8921987907386089
2026-08-03 10:14:00,20139.61,913.73,44665.46,49004.55,2.7440000000060536,27.129000000004453,-24.3849999999984,0.8988536252716428
2026-08-03 10:15:00,20139.34,913.18,44665.29,49004.26,2.4540000000051805,27.13400000000547,-24.68000000000029,0.9095599616715307
2026-08-03 10:16:00,20138.82,913.06,44665.12,49003.91,2.1040000000066357,27.154000000005908,-25.049999999999272,0.9225160197390374
2026-08-03 10:17:00,20138.74,912.68,44665.22,49003.96,2.15400000000227,27.174000000006345,-25.020000000004075,0.9207330536541632
2026-08-03 10:18:00,20138.54,912.09,44664.96,49003.65,1.8440000000045984,27.179000000003725,-25.334999999999127,0.9321535008644782
2026-08-03 10:19:00,20138.31,911.96,44664.81,49003.42,1.614000000001397,27.184000000001106,-25.56999999999971,0.9406268393171965
2026-08-03 10:20:00,20137.43,912.17,44664.81,49003.04,1.2340000000040163,27.189000000002125,-25.95499999999811,0.9546139983079952
2026-08-03 10:21:00,20136.25,912.3,44664.52,49002.29,0.48400000000401633,27.194000000003143,-26.709999999999127,0.9822019563137472
2026-08-03 10:22:00,20135.58,912.06,44664.37,49001.89,0.1,27.199000000004162,-27.09900000000416,0.9963233942424359
2026-08-03 10:23:00,20135.33,911.54,44664.32,49001.73,0.1,27.20400000000518,-27.10400000000518,0.996324069989708
2026-08-03 10:24:00,20135.85,911.25,44664.35,49001.96,0.1540000000022701,27.2190000000046,-27.06500000000233,0.9943421874425128
2026-08-03 10:25:00,20136.8,910.38,44664.26,49002.25,0.4440000000031432,27.234000000004016,-26.790000000000873,0.9836968495262144
2026-08-03 10:26:00,20138.1,909.51,44664.42,49002.9,1.0940000000045984,27.249000000003434,-26.154999999998836,0.9598517376782832
2026-08-03 10:27:00,20138.34,908.6,44664.35,49002.94,1.1340000000054715,27.264000000002852,-26.12999999999738,0.9584066901406487
2026-08-03 10:28:00,20138.16,907.52,44664.43,49002.9,1.0940000000045984,27.26900000000387,-26.174999999999272,0.9598811837616178
2026-08-03 10:29:00,20137.71,906.94,44664.45,49002.74,0.934000000001106,27.27400000000489,-26.340000000003783,0.9657549314364986
2026-08-03 10:30:00,20138.25,906.25,44664.67,49003.14,1.3340000000025611,27.324000000004162,-25.9900000000016,0.9511784511783649
2026-08-03 10:31:00,20138.04,906.37,44664.49,49002.9,1.0940000000045984,27.374000000003434,-26.279999999998836,0.9600350697740754
2026-08-03 10:32:00,20136.86,906.87,44663.98,49001.97,0.16400000000430737,27.374000000003434,-27.209999999999127,0.9940089135674623
2026-08-03 10:33:00,20136.47,906.86,44663.72,49001.59,0.1,27.374000000003434,-27.274000000003433,0.9963468985168412
2026-08-03 10:34:00,20136.12,907.3,44663.65,49001.38,0.1,27.384000000001834,-27.284000000001832,0.9963482325445517
2026-08-03 10:35:00,20136.57,906.42,44663.41,49001.33,0.1,27.394000000000233,-27.29400000000023,0.9963495655983062
2026-08-03 10:36:00,20136.29,905.22,44663.76,49001.51,0.1,27.41400000000067,-27.314000000000668,0.9963522287882104
2026-08-03 10:37:00,20135.71,904.57,44663.93,49001.43,0.1,27.434000000001106,-27.334000000001105,0.9963548880950646
2026-08-03 10:38:00,20135.01,904.07,44663.85,49001.06,0.1,27.439000000002125,-27.339000000002123,0.9963555523160468
2026-08-03 10:39:00,20133.5,904.26,44663.73,49000.33,0.1,27.444000000003143,-27.344000000003142,0.996356216295001
2026-08-03 10:40:00,20132.7,903.82,44663.8,49000.07,0.1,27.444000000003143,-27.344000000003142,0.996356216295001
2026-08-03 10:41:00,20131.97,903.37,44663.81,48999.76,0.1,27.444000000003143,-27.344000000003142,0.996356216295001
2026-08-03 10:42:00,20132.49,902.84,44664.09,49000.23,0.1,27.479000000002998,-27.379000000002996,0.9963608573820012
2026-08-03 10:43:00,20132.53,901.83,44664.1,49000.23,0.1,27.514000000002852,-27.41400000000285,0.9963654866613364
2026-08-03 10:44:00,20132.33,901.46,44664.06,49000.11,0.1,27.51900000000387,-27.41900000000387,0.9963661470256918
2026-08-03 10:45:00,20132.18,901.28,44664.1,49000.09,0.1,27.52400000000489,-27.424000000004888,0.9963668071501242
2026-08-03 10:46:00,20131.76,900.9,44664.0,48999.8,0.1,27.53400000000329,-27.434000000003287,0.9963681266797418
2026-08-03 10:47:00,20132.42,899.98,44663.85,48999.93,0.1,27.544000000001688,-27.444000000001687,0.9963694452512346
2026-08-03 10:48:00,20132.82,898.79,44663.7,48999.94,0.1,27.624000000003434,-27.524000000003433,0.9963799594555462
2026-08-03 10:49:00,20132.28,898.85,44664.12,49000.11,0.1,27.70400000000518,-27.60400000000518,0.9963904129367607
2026-08-03 10:50:00,20132.38,898.53,44664.32,49000.32,0.1,27.734000000004016,-27.634000000004015,0.9963943174442926
2026-08-03 10:51:00,20132.24,897.77,44664.15,49000.09,0.1,27.764000000002852,-27.66400000000285,0.9963982135139032
2026-08-03 10:52:00,20132.57,897.13,44664.23,49000.28,0.1,27.77900000000227,-27.67900000000227,0.996400158393031
2026-08-03 10:53:00,20132.31,896.79,44664.15,49000.09,0.1,27.794000000001688,-27.694000000001687,0.9964021011729152
2026-08-03 10:54:00,20132.55,896.07,44664.11,49000.13,0.1,27.829000000001543,-27.72900000000154,0.9964066261813218
2026-08-03 10:55:00,20132.31,895.53,44663.97,48999.91,0.1,27.864000000001397,-27.764000000001396,0.9964111398219927
2026-08-03 10:56:00,20132.57,894.94,44664.1,49000.13,0.1,27.864000000001397,-27.764000000001396,0.9964111398219927
2026-08-03 10:57:00,20132.72,894.54,44664.08,49000.16,0.1,27.864000000001397,-27.764000000001396,0.9964111398219927
2026-08-03 10:58:00,20132.61,894.34,44663.93,48999.98,0.1,27.884000000001834,-27.784000000001832,0.9964137139578254
2026-08-03 10:59:00,20132.12,894.04,44663.87,48999.71,0.1,27.90400000000227,-27.80400000000227,0.9964162844036699
2026-08-03 11:00:00,20131.14,894.01,44663.6,48999.08,0.1,27.949000000004162,-27.84900000000416,0.9964220544563317
2026-08-03 11:01:00,20131.52,893.58,44663.83,48999.44,0.1,27.994000000006054,-27.894000000006052,0.9964278059584204
2026-08-03 11:02:00,20131.15,892.53,44663.92,48999.36,0.1,28.004000000004453,-27.90400000000445,0.9964290815597777
2026-08-03 11:03:00,20131.07,892.07,44664.05,48999.44,0.1,28.014000000002852,-27.91400000000285,0.9964303562504465
2026-08-03 11:04:00,20131.74,891.43,44664.17,48999.8,0.1,28.03400000000329,-27.934000000003287,0.9964329029036174
2026-08-03 11:05:00,20132.12,890.54,44664.24,49000.01,0.1,28.054000000003725,-27.954000000003724,0.9964354459257151
2026-08-03 11:06:00,20132.43,889.95,44664.36,49000.23,0.1,28.059000000004744,-27.959000000004743,0.9964360811147944
2026-08-03 11:07:00,20131.75,889.87,44664.29,48999.88,0.1,28.064000000005763,-27.96400000000576,0.9964367160775377
2026-08-03 11:08:00,20130.55,889.89,44664.11,48999.26,0.1,28.064000000005763,-27.96400000000576,0.9964367160775377
2026-08-03 11:09:00,20129.77,890.37,44664.02,48998.88,0.1,28.064000000005763,-27.96400000000576,0.9964367160775377
2026-08-03 11:10:00,20129.73,890.08,44663.88,48998.7,0.1,28.074000000004162,-27.97400000000416,0.9964379853245
2026-08-03 11:11:00,20129.95,890.27,44663.66,48998.59,0.1,28.08400000000256,-27.98400000000256,0.996439253667569
2026-08-03 11:12:00,20130.21,889.9,44663.6,48998.63,0.1,28.08900000000358,-27.98900000000358,0.9964398875004454
2026-08-03 11:13:00,20130.41,889.32,44663.8,48998.89,0.1,28.0940000000046,-27.994000000004597,0.9964405211077103
2026-08-03 11:14:00,20130.93,888.6,44663.76,48999.05,0.1,28.104000000002998,-28.004000000002996,0.9964417876458871
2026-08-03 11:15:00,20130.67,888.3,44663.84,48999.0,0.1,28.114000000001397,-28.014000000001396,0.9964430532830619
2026-08-03 11:16:00,20130.39,888.38,44663.91,48998.95,0.1,28.119000000002416,-28.019000000002414,0.9964436857640744
2026-08-03 11:17:00,20131.07,887.23,44664.01,48999.32,0.1,28.114000000001397,-28.014000000001396,0.9964430532830619
2026-08-03 11:18:00,20132.3,886.2,44664.29,49000.04,0.1,28.104000000002998,-28.004000000002996,0.9964417876458871
2026-08-03 11:19:00,20132.89,885.56,44664.18,49000.17,0.1,28.0940000000046,-27.994000000004597,0.9964405211077103
2026-08-03 11:20:00,20133.13,885.34,44663.97,49000.07,0.1,28.08900000000358,-27.98900000000358,0.9964398875004454
2026-08-03 11:21:00,20133.15,884.79,44663.79,48999.92,0.1,28.08400000000256,-27.98400000000256,0.996439253667569
2026-08-03 11:22:00,20133.34,884.29,44663.68,48999.88,0.1,28.074000000004162,-27.97400000000416,0.9964379853245
2026-08-03 11:23:00,20133.72,884.12,44663.54,48999.9,0.1,28.064000000005763,-27.96400000000576,0.9964367160775377
2026-08-03 11:24:00,20133.92,883.78,44663.42,48999.85,0.1,28.074000000004162,-27.97400000000416,0.9964379853245
2026-08-03 11:25:00,20133.78,883.0,44663.36,48998.75,0.1,28.08400000000256,-27.98400000000256,0.996439253667569
2026-08-03 11:26:00,20133.56,883.3,44663.12,48999.45,0.1,28.08900000000358,-27.98900000000358,0.9964398875004454
2026-08-03 11:27:00,20134.64,882.77,44663.2,48999.97,0.1,28.0940000000046,-27.994000000004597,0.9964405211077103
2026-08-03 11:28:00,20134.79,882.25,44663.2,49000.01,0.1,28.104000000002998,-28.004000000002996,0.9964417876458871
2026-08-03 11:29:00,20135.28,881.57,44663.23,49000.21,0.1,28.114000000001397,-28.014000000001396,0.9964430532830619
2026-08-03 11:30:00,20135.68,880.88,44663.29,49000.43,0.1,28.119000000002416,-28.019000000002414,0.9964436857640744
2026-08-03 11:31:00,20136.72,880.44,44663.31,49000.85,0.1,28.124000000003434,-28.024000000003433,0.9964443180201966
2026-08-03 11:32:00,20137.12,879.86,44663.16,49000.87,0.1,28.129000000004453,-28.02900000000445,0.9964449500515488
2026-08-03 11:33:00,20137.46,879.42,44663.25,49001.09,0.1,28.13400000000547,-28.03400000000547,0.9964455818582505
2026-08-03 11:34:00,20137.52,878.82,44663.08,49000.91,0.1,28.139000000002852,-28.03900000000285,0.9964462134404211
2026-08-03 11:35:00,20137.21,878.92,44663.01,49000.73,0.1,28.144000000000233,-28.04400000000023,0.9964468447981808
2026-08-03 11:36:00,20136.57,878.67,44662.83,49000.3,0.1,28.144000000000233,-28.04400000000023,0.9964468447981808
2026-08-03 11:37:00,20136.94,878.34,44662.91,49000.53,0.1,28.144000000000233,-28.04400000000023,0.9964468447981808
2026-08-03 11:38:00,20137.47,878.13,44663.03,49000.86,0.1,28.14900000000125,-28.04900000000125,0.9964474759316495
2026-08-03 11:39:00,20137.74,877.88,44662.96,49000.9,0.1,28.15400000000227,-28.05400000000227,0.9964481068409464
2026-08-03 11:40:00,20137.59,877.57,44662.87,49000.75,0.1,28.164000000004307,-28.064000000004306,0.9964493679875023
2026-08-03 11:41:00,20136.77,877.99,44662.71,49000.33,0.1,28.174000000006345,-28.074000000006343,0.9964506282388025
2026-08-03 11:42:00,20137.31,877.56,44662.84,49000.64,0.1,28.179000000003725,-28.079000000003724,0.9964512580290291
2026-08-03 11:43:00,20138.29,877.38,44663.03,49001.21,0.1,28.184000000001106,-28.084000000001105,0.9964518875957992
2026-08-03 11:44:00,20139.66,876.3,44663.09,49001.81,0.1,28.20900000000256,-28.10900000000256,0.99645503208196
2026-08-03 11:45:00,20140.04,875.05,44663.27,49002.09,0.28399999999965075,28.234000000004016,-27.950000000004366,0.9899412056386055
2026-08-03 11:46:00,20139.76,874.56,44663.47,49002.16,0.3540000000066357,28.244000000002416,-27.88999999999578,0.987466364537367
2026-08-03 11:47:00,20140.03,874.41,44663.6,49002.4,0.5940000000045984,28.254000000000815,-27.659999999996217,0.9789764281162108
2026-08-03 11:48:00,20139.84,874.1,44663.47,49002.2,0.39400000000023283,28.259000000001834,-27.8650000000016,0.9860575391910469
2026-08-03 11:49:00,20139.91,873.78,44663.52,49002.27,0.4639999999999418,28.264000000002852,-27.80000000000291,0.9835833569204679
2026-08-03 11:50:00,20140.42,873.5,44663.57,49002.51,0.7040000000051805,28.259000000001834,-27.554999999996653,0.9750875827168288
2026-08-03 11:51:00,20141.19,872.64,44663.79,49003.02,1.2139999999999418,28.254000000000815,-27.040000000000873,0.9570326325476072
2026-08-03 11:52:00,20140.34,872.62,44663.92,49002.78,0.9740000000019791,28.244000000002416,-27.270000000000437,0.9655147996033885
2026-08-03 11:53:00,20139.48,872.78,44663.74,49002.27,0.4639999999999418,28.234000000004016,-27.770000000004075,0.9835659134377036
2026-08-03 11:54:00,20139.24,872.56,44663.94,49002.33,0.5240000000048894,28.20900000000256,-27.68499999999767,0.981424368109297
2026-08-03 11:55:00,20138.34,872.86,44663.83,49001.87,0.1,28.184000000001106,-28.084000000001105,0.9964518875957992
2026-08-03 11:56:00,20138.31,872.92,44663.97,49002.01,0.20400000000518048,28.179000000003725,-27.974999999998545,0.9927605663790356
2026-08-03 11:57:00,20139.38,872.81,44664.19,49002.64,0.8340000000025611,28.174000000006345,-27.340000000003783,0.9703982395115222
2026-08-03 11:58:00,20140.95,872.02,44664.48,49003.54,1.7340000000040163,28.164000000004307,-26.43000000000029,0.9384320409031476
2026-08-03 11:59:00,20142.03,870.99,44664.72,49004.21,2.40400000000227,28.15400000000227,-25.75,0.9146124884562735
2026-08-03 12:00:00,20141.1,871.39,44664.63,49003.72,1.9140000000043074,28.14900000000125,-26.234999999996944,0.9320046893316202
2026-08-03 12:01:00,20142.23,870.66,44664.94,49004.46,2.65400000000227,28.144000000000233,-25.489999999997963,0.9056992609436382
2026-08-03 12:02:00,20143.48,869.88,44665.28,49005.23,3.4240000000063446,28.144000000000233,-24.719999999993888,0.8783399658894856
2026-08-03 12:03:00,20145.53,868.42,44665.65,49006.37,4.564000000005763,28.144000000000233,-23.57999999999447,0.8378339965887676
2026-08-03 12:04:00,20147.23,866.97,44665.95,49007.32,5.514000000002852,28.139000000002852,-22.625,0.8040442091047196
2026-08-03 12:05:00,20148.86,866.28,44666.26,49008.27,6.463999999999942,28.13400000000547,-21.67000000000553,0.7702424113173141
2026-08-03 12:06:00,20149.7,864.81,44666.35,49008.67,6.864000000001397,28.129000000004453,-21.265000000003056,0.7559813715382591
2026-08-03 12:07:00,20151.13,864.03,44666.7,49009.56,7.754000000000815,28.124000000003434,-20.37000000000262,0.7242924192860237
2026-08-03 12:08:00,20151.77,863.59,44666.78,49009.89,8.084000000002561,28.119000000002416,-20.034999999999854,0.712507557167685
2026-08-03 12:09:00,20153.56,862.03,44667.04,49010.84,9.03399999999965,28.114000000001397,-19.080000000001746,0.6786654335918332
2026-08-03 12:10:00,20155.37,859.74,44667.62,49012.07,10.264000000002852,28.104000000002998,-17.840000000000146,0.634785083973749
2026-08-03 12:11:00,20153.97,859.39,44667.54,49011.41,9.604000000006636,28.0940000000046,-18.489999999997963,0.658147647184272
2026-08-03 12:12:00,20152.58,859.0,44667.48,49010.77,8.963999999999942,28.08900000000358,-19.125000000003638,0.6808715155399339
2026-08-03 12:13:00,20151.58,858.85,44667.41,49010.31,8.504000000000815,28.08400000000256,-19.580000000001746,0.6971941318900428
2026-08-03 12:14:00,20151.59,858.99,44667.55,49010.46,8.65400000000227,28.074000000004162,-19.42000000000189,0.6917432499821548
2026-08-03 12:15:00,20150.44,859.38,44667.21,49009.67,7.864000000001397,28.064000000005763,-20.200000000004366,0.719783352337522
2026-08-03 12:16:00,20150.27,859.02,44666.98,49009.4,7.594000000004598,28.064000000005763,-20.470000000001164,0.729404218928056
2026-08-03 12:17:00,20150.96,858.33,44667.19,49009.87,8.064000000005763,28.064000000005763,-20.0,0.7126567844924421
2026-08-03 12:18:00,20151.56,857.66,44667.25,49010.15,8.344000000004598,28.059000000004744,-19.715000000000146,0.7026266082182834
2026-08-03 12:19:00,20150.76,856.96,44667.03,49009.6,7.794000000001688,28.054000000003725,-20.260000000002037,0.7221786554501799
2026-08-03 12:20:00,20150.93,856.47,44666.81,49009.47,7.664000000004307,28.044000000001688,-20.37999999999738,0.7267151618883239
2026-08-03 12:21:00,20151.95,855.91,44666.92,49009.98,8.174000000006345,28.03399999999965,-19.859999999993306,0.7084254833414266
2026-08-03 12:22:00,20151.74,855.83,44666.56,49009.56,7.754000000000815,28.02400000000125,-20.270000000000437,0.7233085926348677
2026-08-03 12:23:00,20152.27,855.34,44666.45,49009.66,7.854000000006636,28.014000000002852,-20.159999999996217,0.7196401799098366
2026-08-03 12:24:00,20150.87,855.53,44666.0,49008.69,6.8840000000054715,28.014000000002852,-21.12999999999738,0.7542657242805465
2026-08-03 12:25:00,20149.72,855.7,44665.63,49007.87,6.064000000005763,28.014000000002852,-21.94999999999709,0.7835368030268742
2026-08-03 12:26:00,20148.82,855.9,44665.34,49007.25,5.444000000003143,28.004000000004453,-22.56000000000131,0.8055992001141881
2026-08-03 12:27:00,20148.37,856.47,44664.77,49006.57,4.764000000002852,27.994000000006054,-23.2300000000032,0.8298206758590476
2026-08-03 12:28:00,20148.98,856.27,44664.79,49006.83,5.024000000004889,27.984000000004016,-22.959999999999127,0.820468839336615
2026-08-03 12:29:00,20148.71,856.45,44664.54,49006.49,4.684000000001106,27.97400000000198,-23.290000000000873,0.8325588046042477
2026-08-03 12:30:00,20149.46,855.71,44664.91,49007.13,5.324000000000524,27.939000000002125,-22.6150000000016,0.8094419986398897
2026-08-03 12:31:00,20149.8,854.6,44665.02,49007.32,5.514000000002852,27.90400000000227,-22.389999999999418,0.8023939220182625
2026-08-03 12:32:00,20148.75,854.7,44664.92,49006.81,5.004000000000815,27.884000000001834,-22.88000000000102,0.8205422464495594
2026-08-03 12:33:00,20146.86,855.57,44664.63,49005.79,3.9840000000040163,27.864000000001397,-23.87999999999738,0.8570198105080457
2026-08-03 12:34:00,20146.26,855.84,44664.32,49005.27,3.463999999999942,27.864000000001397,-24.400000000001455,0.8756818834338297
2026-08-03 12:35:00,20147.34,855.73,44664.51,49005.88,4.074000000000524,27.864000000001397,-23.790000000000873,0.8537898363479645
2026-08-03 12:36:00,20147.14,855.5,44664.32,49005.62,3.8140000000057626,27.829000000001543,-24.01499999999578,0.862948722555408
2026-08-03 12:37:00,20145.22,856.32,44663.92,49004.48,2.6740000000063446,27.794000000001688,-25.119999999995343,0.9037921853635251
2026-08-03 12:38:00,20145.06,856.88,44663.97,49004.49,2.684000000001106,27.77900000000227,-25.095000000001164,0.9033802512689123
2026-08-03 12:39:00,20144.07,858.07,44663.59,49003.75,1.9440000000031432,27.764000000002852,-25.81999999999971,0.9299812707101662
2026-08-03 12:40:00,20144.07,858.62,44663.34,49003.55,1.7440000000060536,27.734000000004016,-25.989999999997963,0.9371168962282469
2026-08-03 12:41:00,20145.65,858.07,44663.71,49004.52,2.713999999999942,27.70400000000518,-24.99000000000524,0.9020358071036878
2026-08-03 12:42:00,20146.72,857.33,44663.56,49004.8,2.9940000000060536,27.639000000002852,-24.6449999999968,0.8916748073372501
2026-08-03 12:43:00,20146.71,856.94,44663.56,49004.76,2.9540000000051805,27.574000000000524,-24.619999999995343,0.8928700950168592
2026-08-03 12:44:00,20146.24,856.96,44663.54,49004.57,2.764000000002852,27.559000000001106,-24.794999999998254,0.8997060851263565
2026-08-03 12:45:00,20147.18,856.34,44663.69,49005.05,3.2440000000060536,27.544000000001688,-24.299999999995634,0.882224803949831
2026-08-03 12:46:00,20147.42,855.87,44663.26,49004.76,2.9540000000051805,27.53400000000329,-24.57999999999811,0.892714462119386
2026-08-03 12:47:00,20147.25,856.53,44663.56,49004.96,3.15400000000227,27.52400000000489,-24.37000000000262,0.885409097514834
2026-08-03 12:48:00,20146.18,857.37,44663.26,49004.26,2.4540000000051805,27.51900000000387,-25.06499999999869,0.9108252480102897
2026-08-03 12:49:00,20146.73,857.41,44663.13,49004.39,2.584000000002561,27.514000000002852,-24.93000000000029,0.9060841753288401
2026-08-03 12:50:00,20149.49,856.49,44663.35,49005.69,3.8840000000054715,27.494000000002416,-23.609999999996944,0.8587328144320532
2026-08-03 12:51:00,20150.91,855.76,44663.33,49006.24,4.434000000001106,27.47400000000198,-23.040000000000873,0.8386110504476674
2026-08-03 12:52:00,20152.83,854.75,44663.81,49007.45,5.644000000000233,27.45900000000256,-21.81500000000233,0.7944571907207215
2026-08-03 12:53:00,20154.04,853.66,44663.94,49008.02,6.213999999999942,27.444000000003143,-21.2300000000032,0.7735752805713734
2026-08-03 12:54:00,20155.02,852.86,44663.95,49008.42,6.614000000001397,27.444000000003143,-20.830000000001746,0.7590001457513249
2026-08-03 12:55:00,20155.97,851.65,44664.12,49008.94,7.1340000000054715,27.444000000003143,-20.30999999999767,0.7400524704851824
2026-08-03 12:56:00,20154.6,851.65,44664.0,49008.25,6.444000000003143,27.439000000002125,-20.99499999999898,0.7651517912459403
2026-08-03 12:57:00,20152.91,852.84,44663.53,49007.17,5.364000000001397,27.434000000001106,-22.06999999999971,0.8044761974192177
2026-08-03 12:58:00,20151.28,853.7,44663.16,49006.19,4.3840000000054715,27.41400000000067,-23.029999999995198,0.8400817100749484
2026-08-03 12:59:00,20151.16,854.18,44663.16,49006.15,4.344000000004598,27.394000000000233,-23.049999999995634,0.8414251295902547
2026-08-03 13:00:00,20151.44,853.83,44663.07,49006.17,4.364000000001397,27.384000000001834,-23.020000000000437,0.8406368682441898
2026-08-03 13:01:00,20152.51,853.14,44663.12,49006.65,4.844000000004598,27.374000000003434,-22.529999999998836,0.8230437641556224
2026-08-03 13:02:00,20153.1,852.64,44663.35,49007.09,5.283999999999651,27.374000000003434,-22.090000000003783,0.8069701176299048
2026-08-03 13:03:00,20152.7,852.44,44663.14,49006.74,4.934000000001106,27.374000000003434,-22.44000000000233,0.8197559728209072
2026-08-03 13:04:00,20152.63,852.35,44663.1,49006.66,4.854000000006636,27.374000000003434,-22.5199999999968,0.8226784540072322
2026-08-03 13:05:00,20151.58,853.21,44662.84,49006.01,4.2040000000051805,27.374000000003434,-23.169999999998254,0.8464236136478172
2026-08-03 13:06:00,20150.83,853.64,44662.61,49005.52,3.713999999999942,27.324000000004162,-23.61000000000422,0.8640755379886043
2026-08-03 13:07:00,20151.21,853.78,44662.65,49005.7,3.894000000000233,27.27400000000489,-23.380000000004657,0.8572266627557551
2026-08-03 13:08:00,20151.77,853.85,44662.76,49006.03,4.224000000001979,27.26900000000387,-23.04500000000189,0.8450988301734065
2026-08-03 13:09:00,20151.92,854.38,44662.57,49005.92,4.114000000001397,27.264000000002852,-23.150000000001455,0.8491050469483213
2026-08-03 13:10:00,20152.66,854.89,44662.15,49005.87,4.064000000005763,27.254000000004453,-23.18999999999869,0.850884273867869
2026-08-03 13:11:00,20155.69,853.17,44662.63,49007.53,5.724000000001979,27.244000000006054,-21.520000000004075,0.7898986932902398
2026-08-03 13:12:00,20156.63,852.05,44662.93,49008.16,6.354000000006636,27.239000000005035,-20.8849999999984,0.7667315246519527
2026-08-03 13:13:00,20156.96,852.95,44662.89,49008.25,6.444000000003143,27.234000000004016,-20.790000000000873,0.7633840052874278
2026-08-03 13:14:00,20158.02,853.32,44662.38,49008.24,6.434000000001106,27.2190000000046,-20.785000000003492,0.7636210000367384
2026-08-03 13:15:00,20159.39,852.72,44662.54,49008.93,7.124000000003434,27.20400000000518,-20.080000000001746,0.7381267460666785
2026-08-03 13:16:00,20161.33,852.0,44662.84,49009.98,8.174000000006345,27.199000000004162,-19.024999999997817,0.699474245376481
2026-08-03 13:17:00,20163.89,850.81,44663.22,49011.35,9.544000000001688,27.194000000003143,-17.650000000001455,0.64904022946236
2026-08-03 13:18:00,20164.18,850.14,44663.29,49011.52,9.713999999999942,27.189000000002125,-17.475000000002183,0.6427231601015417
2026-08-03 13:19:00,20162.66,850.54,44663.17,49010.8,8.994000000006054,27.184000000001106,-18.189999999995052,0.6691436138903146
2026-08-03 13:20:00,20159.21,852.51,44662.88,49009.17,7.364000000001397,27.179000000003725,-19.81500000000233,0.7290555208064907
2026-08-03 13:21:00,20157.05,853.63,44662.57,49008.02,6.213999999999942,27.174000000006345,-20.960000000006403,0.7713255317583539
2026-08-03 13:22:00,20154.19,855.23,44662.1,49006.44,4.6340000000054715,27.154000000005908,-22.520000000000437,0.8293437430947757
2026-08-03 13:23:00,20152.74,856.38,44661.98,49005.77,3.963999999999942,27.13400000000547,-23.17000000000553,0.8539102233360676
2026-08-03 13:24:00,20152.62,857.28,44662.16,49005.91,4.104000000006636,27.129000000004453,-23.024999999997817,0.8487227689923712
2026-08-03 13:25:00,20152.91,858.02,44661.93,49005.83,4.024000000004889,27.124000000003434,-23.099999999998545,0.851644300250539
2026-08-03 13:26:00,20153.79,857.77,44662.05,49006.3,4.494000000006054,27.124000000003434,-22.62999999999738,0.8343164724964797
2026-08-03 13:27:00,20155.35,857.4,44662.4,49007.25,5.444000000003143,27.124000000003434,-21.68000000000029,0.7992921398022985
2026-08-03 13:28:00,20155.44,857.18,44662.49,49007.35,5.544000000001688,27.124000000003434,-21.580000000001746,0.7956053679397955
2026-08-03 13:29:00,20155.81,856.92,44662.86,49007.83,6.024000000004889,27.124000000003434,-21.099999999998545,0.7779088629994054
2026-08-03 13:30:00,20155.27,857.39,44662.66,49007.43,5.624000000003434,27.119000000002416,-21.49499999999898,0.792617721892292
2026-08-03 13:31:00,20154.7,857.69,44662.53,49007.11,5.304000000003725,27.114000000001397,-21.80999999999767,0.8043815003318046
2026-08-03 13:32:00,20154.1,857.68,44662.75,49007.06,5.254000000000815,27.104000000002998,-21.850000000002183,0.8061540731995191
2026-08-03 13:33:00,20153.74,858.1,44662.72,49006.89,5.084000000002561,27.0940000000046,-22.010000000002037,0.8123569794049716
2026-08-03 13:34:00,20152.85,858.65,44662.47,49006.31,4.504000000000815,27.08400000000256,-22.580000000001746,0.833702555014016
2026-08-03 13:35:00,20152.12,859.37,44662.45,49005.99,4.184000000001106,27.074000000000524,-22.889999999999418,0.845460589495419
2026-08-03 13:36:00,20151.86,860.14,44662.3,49005.75,3.944000000003143,27.054000000000087,-23.109999999996944,0.8542174909439222
2026-08-03 13:37:00,20152.4,860.22,44662.22,49005.91,4.104000000006636,27.03399999999965,-22.929999999993015,0.8481911666787494
2026-08-03 13:38:00,20152.29,860.64,44662.1,49005.77,3.963999999999942,27.02900000000227,-23.06500000000233,0.8533427059824777
2026-08-03 13:39:00,20151.82,861.58,44661.95,49005.22,3.4140000000043074,27.02400000000489,-23.610000000000582,0.873667850799153
2026-08-03 13:40:00,20151.67,862.02,44661.83,49005.24,3.434000000001106,27.00900000000547,-23.575000000004366,0.8728571957495498
2026-08-03 13:41:00,20151.35,862.21,44661.92,49005.25,3.444000000003143,26.994000000006054,-23.55000000000291,0.8724160924649044
2026-08-03 13:42:00,20150.82,863.35,44661.75,49004.89,3.084000000002561,26.979000000002998,-23.895000000000437,0.8856888691203447
2026-08-03 13:43:00,20150.27,864.27,44661.54,49004.49,2.684000000001106,26.963999999999942,-24.279999999998836,0.900459872422448
2026-08-03 13:44:00,20150.05,864.76,44661.46,49004.33,2.5240000000048894,26.95900000000256,-24.43499999999767,0.9063763492709429
2026-08-03 13:45:00,20148.97,866.04,44661.22,49003.7,1.8940000000002328,26.95400000000518,-25.060000000004948,0.929732136232104
2026-08-03 13:46:00,20148.7,867.0,44661.1,49003.51,1.7040000000051805,26.944000000003143,-25.239999999997963,0.9367577197147795
2026-08-03 13:47:00,20148.62,868.28,44660.93,49003.33,1.5240000000048894,26.934000000001106,-25.409999999996217,0.9434172421472924
2026-08-03 13:48:00,20148.92,869.02,44660.59,49003.14,1.3340000000025611,26.91400000000067,-25.57999999999811,0.9504347179905429
2026-08-03 13:49:00,20150.45,869.25,44660.93,49004.08,2.2740000000048894,26.894000000000233,-24.619999999995343,0.915445824347257
2026-08-03 13:50:00,20151.26,869.6,44661.08,49004.56,2.754000000000815,26.889000000002852,-24.135000000002037,0.8975789356242135
2026-08-03 13:51:00,20151.13,869.7,44660.96,49004.4,2.5940000000045984,26.88400000000547,-24.290000000000873,0.9035113822346351
2026-08-03 13:52:00,20151.6,870.03,44661.13,49004.75,2.944000000003143,26.889000000002852,-23.94499999999971,0.8905128491203529
2026-08-03 13:53:00,20152.06,870.51,44661.23,49005.03,3.224000000001979,26.894000000000233,-23.669999999998254,0.8801219602884677
2026-08-03 13:54:00,20152.57,870.79,44661.4,49005.39,3.584000000002561,26.91400000000067,-23.32999999999811,0.8668351044065367
2026-08-03 13:55:00,20153.07,871.42,44661.4,49005.61,3.8040000000037253,26.934000000001106,-23.12999999999738,0.8587658721317454
2026-08-03 13:56:00,20154.0,871.49,44661.51,49006.11,4.304000000003725,26.944000000003143,-22.639999999999418,0.8402612826602129
2026-08-03 13:57:00,20154.94,871.78,44661.86,49006.81,5.004000000000815,26.95400000000518,-21.950000000004366,0.8143503747124785
2026-08-03 13:58:00,20155.13,871.98,44661.83,49006.87,5.064000000005763,26.95900000000256,-21.8949999999968,0.81215920471808
2026-08-03 13:59:00,20154.93,872.85,44661.74,49006.69,4.8840000000054715,26.963999999999942,-22.07999999999447,0.8188696039161296
2026-08-03 14:00:00,20155.77,873.16,44662.02,49007.3,5.494000000006054,26.979000000002998,-21.484999999996944,0.7963601319542813
2026-08-03 14:01:00,20156.66,873.46,44662.23,49007.85,6.044000000001688,26.994000000006054,-20.950000000004366,0.7760983922352992
2026-08-03 14:02:00,20157.85,873.67,44662.49,49008.58,6.774000000004889,27.00900000000547,-20.235000000000582,0.7491947128733564
2026-08-03 14:03:00,20159.35,873.17,44662.67,49009.35,7.544000000001688,27.02400000000489,-19.4800000000032,0.7208407341622142
2026-08-03 14:04:00,20160.77,872.52,44663.06,49010.27,8.463999999999942,27.02900000000227,-18.56500000000233,0.686854859595278
2026-08-03 14:05:00,20161.43,872.5,44663.32,49010.78,8.974000000001979,27.03399999999965,-18.05999999999767,0.6680476437078459
2026-08-03 14:06:00,20161.98,872.98,44663.38,49011.07,9.264000000002852,27.054000000000087,-17.789999999997235,0.6575737414059725
2026-08-03 14:07:00,20164.3,872.6,44663.8,49012.41,10.604000000006636,27.074000000000524,-16.469999999993888,0.6083327177363363
2026-08-03 14:08:00,20166.07,871.5,44664.15,49013.42,11.614000000001397,27.08400000000256,-15.470000000001164,0.5711859400383881
2026-08-03 14:09:00,20166.82,871.46,44664.48,49014.0,12.194000000003143,27.0940000000046,-14.900000000001455,0.5499372554808787
2026-08-03 14:10:00,20167.44,871.3,44664.73,49014.48,12.674000000006345,27.104000000002998,-14.429999999996653,0.5323937426208329
2026-08-03 14:11:00,20168.43,871.03,44665.0,49015.14,13.334000000002561,27.114000000001397,-13.779999999998836,0.5082245334512844
2026-08-03 14:12:00,20168.96,870.86,44665.29,49015.61,13.804000000003725,27.119000000002416,-13.31499999999869,0.49098418083253453
2026-08-03 14:13:00,20169.07,870.75,44665.19,49015.57,13.764000000002852,27.124000000003434,-13.360000000000582,0.49255272083759366
2026-08-03 14:14:00,20169.64,871.01,44665.46,49016.06,14.254000000000815,27.124000000003434,-12.87000000000262,0.4744875387111411
2026-08-03 14:15:00,20170.5,870.9,44665.74,49016.68,14.874000000003434,27.124000000003434,-12.25,0.4516295531631931
2026-08-03 14:16:00,20170.79,870.74,44666.0,49017.04,15.234000000004016,27.124000000003434,-11.889999999999418,0.43835717445796757
2026-08-03 14:17:00,20171.09,870.52,44666.16,49017.31,15.504000000000815,27.124000000003434,-11.62000000000262,0.42840289042918256
2026-08-03 14:18:00,20171.75,870.47,44666.44,49017.83,16.02400000000489,27.129000000004453,-11.104999999999563,0.4093405580743021
2026-08-03 14:19:00,20172.29,870.28,44666.6,49018.2,16.394000000000233,27.13400000000547,-10.740000000005239,0.3958133706789663
2026-08-03 14:20:00,20172.94,870.29,44666.8,49018.63,16.824000000000524,27.154000000005908,-10.330000000005384,0.3804227738087625
2026-08-03 14:21:00,20173.58,870.11,44666.98,49019.05,17.244000000006054,27.174000000006345,-9.930000000000291,0.3654228306468673
2026-08-03 14:22:00,20174.01,870.19,44667.36,49019.58,17.77400000000489,27.179000000003725,-9.404999999998836,0.34603922145765287
2026-08-03 14:23:00,20174.23,870.24,44667.53,49019.81,18.004000000000815,27.184000000001106,-9.180000000000291,0.33769864626250434
2026-08-03 14:24:00,20174.64,870.28,44667.77,49020.19,18.38400000000547,27.189000000002125,-8.804999999996653,0.3238442016990682
2026-08-03 14:25:00,20175.04,869.88,44667.79,49020.38,18.574000000000524,27.194000000003143,-8.62000000000262,0.3169816871369281
2026-08-03 14:26:00,20175.56,869.73,44668.1,49020.88,19.074000000000524,27.199000000004162,-8.125000000003638,0.29872421780221314
2026-08-03 14:27:00,20175.87,869.97,44668.36,49021.24,19.434000000001106,27.20400000000518,-7.7700000000040745,0.28561976179983073
2026-08-03 14:28:00,20175.91,870.19,44668.42,49021.31,19.504000000000815,27.2190000000046,-7.7150000000037835,0.2834417135090371
2026-08-03 14:29:00,20175.84,870.38,44668.42,49021.28,19.47400000000198,27.234000000004016,-7.760000000002037,0.2849379452155722
2026-08-03 14:30:00,20176.14,870.47,44668.61,49021.58,19.77400000000489,27.239000000005035,-7.4650000000001455,0.27405558206978103
2026-08-03 14:31:00,20175.96,870.7,44668.67,49021.56,19.754000000000815,27.244000000006054,-7.490000000005239,0.2749229188079421
2026-08-03 14:32:00,20175.73,870.97,44668.66,49021.47,19.664000000004307,27.254000000004453,-7.5900000000001455,0.27849123064500275
2026-08-03 14:33:00,20175.65,871.11,44668.81,49021.59,19.78399999999965,27.264000000002852,-7.480000000003201,0.27435446009398545
2026-08-03 14:34:00,20175.97,871.12,44669.09,49021.96,20.15400000000227,27.26900000000387,-7.115000000001601,0.26091899226229753
2026-08-03 14:35:00,20176.72,871.3,44669.21,49022.39,20.58400000000256,27.27400000000489,-6.690000000002328,0.24528855320089202
2026-08-03 14:36:00,20178.03,870.92,44669.36,49023.06,21.254000000000815,27.324000000004162,-6.070000000003347,0.22214902649694124
2026-08-03 14:37:00,20179.27,870.53,44669.76,49023.91,22.104000000006636,27.374000000003434,-5.269999999996799,0.19251844816234884
2026-08-03 14:38:00,20180.53,869.72,44670.04,49024.67,22.864000000001397,27.374000000003434,-4.510000000002037,0.16475487689053378
2026-08-03 14:39:00,20181.59,869.31,44670.4,49025.42,23.614000000001397,27.374000000003434,-3.7600000000020373,0.1373566157668432
2026-08-03 14:40:00,20182.64,868.64,44670.74,49026.13,24.324000000000524,27.374000000003434,-3.0500000000029104,0.11141959523644801
2026-08-03 14:41:00,20182.13,869.03,44671.1,49025.88,24.074000000000524,27.374000000003434,-3.3000000000029104,0.12055234894434487
2026-08-03 14:42:00,20181.42,869.09,44671.11,49025.97,24.164000000004307,27.384000000001834,-3.219999999997526,0.11758691206534146
2026-08-03 14:43:00,20180.43,869.34,44671.08,49025.56,23.754000000000815,27.394000000000233,-3.639999999999418,0.132875812221632
2026-08-03 14:44:00,20179.68,869.7,44671.18,49025.34,23.53399999999965,27.41400000000067,-3.8800000000010186,0.14153352301747005
2026-08-03 14:45:00,20178.77,870.32,44671.15,49024.96,23.15400000000227,27.434000000001106,-4.279999999998836,0.15601078953118988
2026-08-03 14:46:00,20178.22,870.76,44671.24,49024.85,23.044000000001688,27.439000000002125,-4.395000000000437,0.1601734757097597
2026-08-03 14:47:00,20178.0,871.09,44671.31,49024.83,23.02400000000489,27.444000000003143,-4.419999999998254,0.1610552397608857
2026-08-03 14:48:00,20178.42,871.21,44671.46,49025.12,23.314000000005763,27.444000000003143,-4.129999999997381,0.15048826701635723
2026-08-03 14:49:00,20178.11,871.3,44671.25,49024.8,22.994000000006054,27.444000000003143,-4.44999999999709,0.16214837487234296
2026-08-03 14:50:00,20178.84,871.66,44671.61,49025.44,23.63400000000547,27.45900000000256,-3.8249999999970896,0.13929859062590527
2026-08-03 14:51:00,20179.32,871.89,44671.88,49025.87,24.064000000005763,27.47400000000198,-3.4099999999962165,0.12411734731003753
2026-08-03 14:52:00,20179.37,872.02,44671.88,49025.89,24.08400000000256,27.494000000002416,-3.4099999999998545,0.12402706044953644
2026-08-03 14:53:00,20179.78,872.27,44671.95,49026.13,24.324000000000524,27.514000000002852,-3.1900000000023283,0.1159409755034527
2026-08-03 14:54:00,20180.15,872.5,44672.12,49026.45,24.644000000000233,27.51900000000387,-2.875000000003638,0.10447327301149147
2026-08-03 14:55:00,20179.3,872.92,44672.09,49026.06,24.254000000000815,27.514000000002852,-3.2600000000020373,0.11848513484050663
2026-08-03 14:56:00,20178.51,873.34,44672.0,49025.68,23.874000000003434,27.494000000002416,-3.6199999999989814,0.13166509056516562
2026-08-03 14:57:00,20178.71,873.26,44672.21,49025.95,24.144000000000233,27.47400000000198,-3.3300000000017462,0.1212055033850734
2026-08-03 14:58:00,20178.29,873.89,44672.39,49025.96,24.15400000000227,27.45900000000256,-3.305000000000291,0.1203612658873223
2026-08-03 14:59:00,20177.75,874.27,44672.39,49025.73,23.924000000006345,27.444000000003143,-3.5199999999967986,0.128261186415843
2026-08-03 15:00:00,20177.38,874.37,44672.29,49025.5,23.694000000003143,27.444000000003143,-3.75,0.13664188893745702
2026-08-03 15:01:00,20177.52,874.79,44672.51,49025.76,23.95400000000518,27.444000000003143,-3.4899999999979627,0.12716805130438577
2026-08-03 15:02:00,20177.9,875.04,44672.72,49026.1,24.294000000001688,27.439000000002125,-3.1450000000004366,0.11461787966034451
2026-08-03 15:03:00,20178.07,875.51,44673.0,49026.41,24.604000000006636,27.434000000001106,-2.8299999999944703,0.1031566669094684
2026-08-03 15:04:00,20177.78,875.73,44672.96,49026.27,24.463999999999942,27.41400000000067,-2.9500000000007276,0.107609250747817
2026-08-03 15:05:00,20177.92,875.98,44673.12,49026.47,24.664000000004307,27.394000000000233,-2.7299999999959255,0.0996568591660912
2026-08-03 15:06:00,20177.8,876.32,44673.18,49026.49,24.684000000001106,27.384000000001834,-2.7000000000007276,0.09859772129712777
2026-08-03 15:07:00,20178.09,876.62,44673.22,49026.66,24.854000000006636,27.374000000003434,-2.5199999999967986,0.0920581573754834
2026-08-03 15:08:00,20178.53,876.92,44673.34,49026.95,25.144000000000233,27.374000000003434,-2.2300000000032014,0.08146416307455694
2026-08-03 15:09:00,20178.59,877.22,44673.46,49027.08,25.27400000000489,27.374000000003434,-2.099999999998545,0.07671513114628047
2026-08-03 15:10:00,20178.44,877.23,44673.49,49027.04,25.234000000004016,27.374000000003434,-2.139999999999418,0.07817637173957585
2026-08-03 15:11:00,20178.37,877.44,44673.53,49027.06,25.254000000000815,27.374000000003434,-2.1200000000026193,0.07744575144306105
2026-08-03 15:12:00,20178.53,877.72,44673.82,49027.39,25.58400000000256,27.319000000003143,-1.735000000000582,0.06350891321060004
2026-08-03 15:13:00,20178.11,878.04,44673.81,49027.21,25.40400000000227,27.264000000002852,-1.860000000000582,0.06822183098592971
2026-08-03 15:14:00,20178.06,878.58,44674.09,49027.44,25.63400000000547,27.254000000004453,-1.6199999999989814,0.059440816026958124
2026-08-03 15:15:00,20177.91,878.76,44674.08,49027.37,25.564000000005763,27.244000000006054,-1.680000000000291,0.06166495375128167
2026-08-03 15:16:00,20178.05,879.16,44674.23,49027.58,25.77400000000489,27.239000000005035,-1.4650000000001455,0.05378317853077847
2026-08-03 15:17:00,20178.14,879.38,44674.42,49027.79,25.984000000004016,27.234000000004016,-1.25,0.045898509216413884
2026-08-03 15:18:00,20178.03,879.53,44674.57,49027.89,26.08400000000256,27.2190000000046,-1.1350000000020373,0.04169881332899245
2026-08-03 15:19:00,20177.92,879.75,44674.69,49027.96,26.15400000000227,27.20400000000518,-1.0500000000029104,0.03859726510817198
2026-08-03 15:20:00,20177.74,879.91,44674.8,49027.98,26.174000000006345,27.199000000004162,-1.0249999999978172,0.0376852090149513
2026-08-03 15:21:00,20177.7,880.12,44674.93,49028.09,26.28399999999965,27.20400000000518,-0.9200000000055297,0.033818556094888784
2026-08-03 15:22:00,20177.62,880.25,44675.07,49028.2,26.394000000000233,27.2190000000046,-0.8250000000043656,0.030309710129109307
2026-08-03 15:23:00,20177.64,880.3,44675.31,49028.4,26.5940000000046,27.234000000004016,-0.6399999999994179,0.023500036718782535
2026-08-03 15:24:00,20177.35,880.64,44675.51,49028.48,26.674000000006345,27.239000000005035,-0.5649999999986903,0.020742317999874662
2026-08-03 15:25:00,20177.24,880.72,44675.6,49028.52,26.713999999999942,27.244000000006054,-0.5300000000061118,0.019453824695565777
2026-08-03 15:26:00,20177.3,880.86,44675.8,49028.74,26.934000000001106,27.254000000004453,-0.32000000000334694,0.011741395758541669
2026-08-03 15:27:00,20177.74,880.82,44676.08,49029.18,27.374000000003434,27.264000000002852,0.11000000000058208,0.004034624413166468
2026-08-03 15:28:00,20177.96,881.07,44676.44,49029.6,27.794000000001688,27.319000000003143,0.4749999999985448,0.017387166440883273
2026-08-03 15:29:00,20177.84,881.19,44676.57,49029.67,27.864000000001397,27.374000000003434,0.48999999999796273,0.017900197267403422
2026-08-03 15:30:00,20177.92,881.3,44676.76,49029.89,28.08400000000256,27.374000000003434,0.7099999999991269,0.025937020530395184
2026-08-03 15:31:00,20177.91,881.79,44677.01,49030.12,28.314000000005763,27.374000000003434,0.9400000000023283,0.03433915394177725
2026-08-03 15:32:00,20177.88,881.94,44677.12,49030.2,28.394000000000233,27.374000000003434,1.0199999999967986,0.03726163512810224
2026-08-03 15:33:00,20177.68,882.09,44677.39,49030.36,28.554000000003725,27.374000000003434,1.180000000000291,0.04310659750128381
2026-08-03 15:34:00,20177.66,882.11,44677.5,49030.45,28.644000000000233,27.384000000001834,1.2599999999983993,0.04601226993858877
2026-08-03 15:35:00,20177.69,882.34,44677.74,49030.68,28.874000000003434,27.394000000000233,1.4800000000032014,0.05402642914518467
2026-08-03 15:36:00,20177.41,882.86,44677.8,49030.64,28.83400000000256,27.41400000000067,1.4200000000018917,0.05179835120748001
2026-08-03 15:37:00,20177.4,883.2,44677.86,49030.69,28.88400000000547,27.434000000001106,1.4500000000043656,0.05285412262172148
2026-08-03 15:38:00,20177.36,883.32,44677.71,49030.54,28.734000000004016,27.439000000002125,1.2950000000018917,0.04719559750726307
2026-08-03 15:39:00,20178.04,883.15,44677.8,49030.91,29.104000000006636,27.444000000003143,1.6600000000034925,0.06048680950310823
2026-08-03 15:40:00,20178.64,883.53,44678.51,49031.8,29.994000000006054,27.444000000003143,2.5500000000029104,0.09291648447757682
2026-08-03 15:41:00,20179.71,883.63,44679.04,49032.73,30.924000000006345,27.444000000003143,3.4800000000032014,0.12680367293407677
2026-08-03 15:42:00,20180.07,883.85,44679.27,49033.06,31.254000000000815,27.45900000000256,3.7949999999982538,0.13820605266025346
2026-08-03 15:43:00,20180.04,883.97,44679.26,49033.06,31.254000000000815,27.47400000000198,3.779999999998836,0.13758462546402284
2026-08-03 15:44:00,20179.93,884.25,44679.49,49033.22,31.414000000004307,27.494000000002416,3.9200000000018917,0.1425765621590728
2026-08-03 15:45:00,20179.77,884.44,44679.72,49033.36,31.554000000003725,27.514000000002852,4.040000000000873,0.1468343388820402
2026-08-03 15:46:00,20179.51,884.74,44679.79,49033.33,31.52400000000489,27.51900000000387,4.005000000001019,0.14553581162107837
2026-08-03 15:47:00,20179.46,884.91,44679.77,49033.28,31.47400000000198,27.52400000000489,3.9499999999970896,0.14351111756998938
2026-08-03 15:48:00,20179.65,885.12,44679.93,49033.53,31.72400000000198,27.53400000000329,4.18999999999869,0.15217549211876916
2026-08-03 15:49:00,20180.39,885.17,44680.64,49034.47,32.66400000000431,27.544000000001688,5.120000000002619,0.185884403136883
2026-08-03 15:50:00,20180.2,885.34,44680.57,49034.33,32.52400000000489,27.559000000001106,4.9650000000037835,0.18015893174656497
2026-08-03 15:51:00,20180.13,885.54,44680.45,49034.19,32.38400000000547,27.574000000000524,4.810000000004948,0.1744396895628076
2026-08-03 15:52:00,20180.54,885.72,44680.81,49034.69,32.88400000000547,27.669000000001688,5.2150000000037835,0.1884780801620393
2026-08-03 15:53:00,20180.83,885.78,44680.92,49034.91,33.104000000006636,27.764000000002852,5.3400000000037835,0.1923353983577019
2026-08-03 15:54:00,20181.82,885.49,44681.6,49035.93,34.124000000003434,27.77900000000227,6.345000000001164,0.2284099499622249
2026-08-03 15:55:00,20181.98,885.69,44681.98,49036.33,34.52400000000489,27.794000000001688,6.730000000003201,0.2421385910629198
2026-08-03 15:56:00,20181.87,885.76,44682.07,49036.38,34.574000000000524,27.829000000001543,6.744999999998981,0.24237306406980516
2026-08-03 15:57:00,20182.14,885.98,44682.37,49036.79,34.984000000004016,27.864000000001397,7.120000000002619,0.2555268446742127
2026-08-03 15:58:00,20182.38,886.07,44682.54,49037.03,35.22400000000198,27.864000000001397,7.360000000000582,0.26414010910135705
2026-08-03 15:59:00,20182.53,886.25,44682.65,49037.18,35.374000000003434,27.864000000001397,7.510000000002037,0.26952339936842024
2026-08-03 16:00:00,20182.45,886.27,44682.61,49037.1,35.29400000000169,27.884000000001834,7.4099999999998545,0.26574379572512435
2026-08-03 16:01:00,20182.52,886.54,44683.02,49037.51,35.70400000000518,27.90400000000227,7.80000000000291,0.279529816513843
2026-08-03 16:02:00,20182.29,886.94,44683.25,49037.63,35.824000000000524,27.939000000002125,7.884999999998399,0.2822219836070654
2026-08-03 16:03:00,20181.71,887.24,44683.15,49037.29,35.484000000004016,27.97400000000198,7.510000000002037,0.2684635733181349
2026-08-03 16:04:00,20181.21,887.72,44682.9,49036.89,35.08400000000256,27.984000000004016,7.099999999998545,0.2537164093766983
2026-08-03 16:05:00,20181.24,888.2,44683.51,49037.46,35.65400000000227,27.994000000006054,7.6599999999962165,0.27363006358485964
2026-08-03 16:06:00,20181.34,888.08,44683.53,49037.52,35.71399999999994,28.004000000004453,7.709999999995489,0.27531781174097497
2026-08-03 16:07:00,20181.89,888.1,44683.69,49037.9,36.0940000000046,28.014000000002852,8.080000000001746,0.28842721496397955
2026-08-03 16:08:00,20183.09,887.97,44684.25,49038.87,37.06400000000576,28.014000000002852,9.05000000000291,0.3230527593346894
2026-08-03 16:09:00,20183.5,888.08,44684.54,49039.31,37.504000000000815,28.014000000002852,9.489999999997963,0.3387591918325479
2026-08-03 16:10:00,20183.36,888.25,44684.65,49039.36,37.554000000003725,28.02400000000125,9.530000000002474,0.3400656580074953
2026-08-03 16:11:00,20182.17,888.48,44684.61,49038.85,37.04400000000169,28.03399999999965,9.010000000002037,0.3213954483841817
2026-08-03 16:12:00,20182.22,888.77,44685.04,49039.25,37.44400000000314,28.044000000001688,9.400000000001455,0.3351875624019715
2026-08-03 16:13:00,20181.37,889.61,44684.99,49038.86,37.054000000003725,28.054000000003725,9.0,0.32080986668563505
2026-08-03 16:14:00,20179.99,890.4,44684.84,49038.18,36.374000000003434,28.059000000004744,8.31499999999869,0.2963398553047965
2026-08-03 16:15:00,20179.21,890.81,44685.03,49038.05,36.244000000006054,28.064000000005763,8.180000000000291,0.29147662485741915
2026-08-03 16:16:00,20178.9,891.23,44685.03,49037.93,36.124000000003434,28.064000000005763,8.059999999997672,0.2872006841503712
2026-08-03 16:17:00,20178.27,891.35,44684.95,49037.6,35.79400000000169,28.064000000005763,7.7299999999959255,0.27544184720618364
2026-08-03 16:18:00,20177.91,891.96,44685.02,49037.54,35.734000000004016,28.074000000004162,7.6599999999998545,0.27285032414328986
2026-08-03 16:19:00,20177.8,892.15,44685.08,49037.56,35.754000000000815,28.08400000000256,7.669999999998254,0.2731092436973919
2026-08-03 16:20:00,20178.14,892.28,44685.24,49037.86,36.054000000003725,28.08900000000358,7.9650000000001455,0.2835629605895237
2026-08-03 16:21:00,20178.98,892.59,44685.33,49038.25,36.44400000000314,28.0940000000046,8.349999999998545,0.29721648750612867
2026-08-03 16:22:00,20178.89,892.98,44685.18,49038.09,36.28399999999965,28.104000000002998,8.179999999996653,0.29106177056631727
2026-08-03 16:23:00,20178.42,893.41,44685.34,49038.06,36.254000000000815,28.114000000001397,8.139999999999418,0.28953546275873276
2026-08-03 16:24:00,20176.87,893.95,44685.25,49037.34,35.53399999999965,28.119000000002416,7.414999999997235,0.2637007005937835
2026-08-03 16:25:00,20175.79,894.46,44685.34,49037.0,35.19400000000314,28.124000000003434,7.069999999999709,0.2513867159720824
2026-08-03 16:26:00,20175.03,894.92,44685.36,49036.71,34.90400000000227,28.129000000004453,6.774999999997817,0.24085463400749207
2026-08-03 16:27:00,20174.5,895.62,44685.2,49036.36,34.554000000003725,28.13400000000547,6.419999999998254,0.2281936447002561
2026-08-03 16:28:00,20174.77,895.76,44685.37,49036.63,34.824000000000524,28.139000000002852,6.684999999997672,0.2375706315077648
2026-08-03 16:29:00,20175.31,896.13,44685.37,49036.87,35.06400000000576,28.144000000000233,6.92000000000553,0.24587833996608416
2026-08-03 16:30:00,20175.94,896.34,44685.28,49037.04,35.234000000004016,28.144000000000233,7.0900000000037835,0.25191870380911474
2026-08-03 16:31:00,20176.92,896.37,44685.39,49037.55,35.744000000006054,28.144000000000233,7.600000000005821,0.27003979533846495
2026-08-03 16:32:00,20177.8,896.29,44685.44,49037.94,36.13400000000547,28.14900000000125,7.98500000000422,0.28366904685792976
2026-08-03 16:33:00,20178.5,896.38,44685.34,49038.15,36.3440000000046,28.15400000000227,8.190000000002328,0.29090004972656347
2026-08-03 16:34:00,20179.83,896.57,44685.58,49038.9,37.0940000000046,28.164000000004307,8.930000000000291,0.3170714387160533
2026-08-03 16:35:00,20180.3,896.89,44685.39,49038.92,37.1140000000014,28.174000000006345,8.939999999995052,0.3173138354508781
2026-08-03 16:36:00,20180.64,896.83,44685.23,49038.91,37.104000000006636,28.179000000003725,8.92500000000291,0.3167252209092491
2026-08-03 16:37:00,20181.31,897.3,44685.32,49039.27,37.46399999999994,28.184000000001106,9.279999999998836,0.3292648311097953
2026-08-03 16:38:00,20181.52,897.54,44685.08,49039.15,37.3440000000046,28.20900000000256,9.135000000002037,0.32383281931302804
2026-08-03 16:39:00,20181.65,897.96,44685.15,49039.28,37.47400000000198,28.234000000004016,9.239999999997963,0.3272649996456984
2026-08-03 16:40:00,20181.62,898.08,44685.17,49039.27,37.46399999999994,28.244000000002416,9.219999999997526,0.32644101402056147
2026-08-03 16:41:00,20181.26,898.64,44685.14,49039.12,37.31400000000576,28.254000000000815,9.060000000004948,0.3206625610534681
2026-08-03 16:42:00,20181.55,898.77,44685.21,49039.3,37.494000000006054,28.259000000001834,9.23500000000422,0.3267985420575258
2026-08-03 16:43:00,20182.18,898.85,44685.24,49039.58,37.77400000000489,28.264000000002852,9.510000000002037,0.33647042173793795
2026-08-03 16:44:00,20182.54,899.05,44685.33,49039.8,37.994000000006054,28.26900000000387,9.725000000002183,0.344016413739462
2026-08-03 16:45:00,20183.03,899.01,44685.32,49040.0,38.19400000000314,28.27400000000489,9.919999999998254,0.3508523732049423
2026-08-03 16:46:00,20183.65,899.2,44685.29,49040.23,38.424000000006345,28.28400000000329,10.140000000003056,0.358506576156197
2026-08-03 16:47:00,20183.96,899.17,44685.41,49040.45,38.64400000000023,28.294000000001688,10.349999999998545,0.3658019368063168
2026-08-03 16:48:00,20184.62,899.41,44685.4,49040.72,38.91400000000431,28.304000000003725,10.610000000000582,0.3748586772187389
2026-08-03 16:49:00,20185.58,899.73,44685.74,49041.43,39.624000000003434,28.314000000005763,11.309999999997672,0.3994490358125086
2026-08-03 16:50:00,20185.5,899.24,44685.43,49041.1,39.29400000000169,28.319000000003143,10.974999999998545,0.38754899537403603
2026-08-03 16:51:00,20185.98,899.38,44685.53,49041.39,39.58400000000256,28.324000000000524,11.260000000002037,0.3975427199548732
2026-08-03 16:52:00,20185.5,899.5,44685.49,49041.16,39.354000000006636,28.324000000000524,11.030000000006112,0.3894223979665975
2026-08-03 16:53:00,20184.92,899.87,44685.56,49040.99,39.184000000001106,28.324000000000524,10.860000000000582,0.38342042084452693
2026-08-03 16:54:00,20184.44,900.29,44685.42,49040.67,38.8640000000014,28.329000000001543,10.534999999999854,0.37188040523842286
2026-08-03 16:55:00,20183.65,900.5,44685.25,49040.2,38.39400000000023,28.33400000000256,10.059999999997672,0.3550504694006057
2026-08-03 16:56:00,20183.1,900.75,44685.3,49040.03,38.22400000000198,28.33400000000256,9.889999999999418,0.34905061057381676
2026-08-03 16:57:00,20182.33,901.2,44685.27,49039.7,37.89400000000023,28.33400000000256,9.559999999997672,0.3374038257922216
2026-08-03 16:58:00,20182.2,901.2,44685.27,49039.65,37.8440000000046,28.34900000000198,9.49500000000262,0.33493244911644
2026-08-03 16:59:00,20182.23,901.24,44685.45,49039.83,38.02400000000489,28.364000000001397,9.660000000003492,0.34057255676219916
2026-08-03 17:00:00,20182.37,901.38,44685.52,49039.96,38.15400000000227,28.374000000003434,9.779999999998836,0.34468175089862735
2026-08-03 17:01:00,20182.42,901.28,44685.64,49040.08,38.27400000000489,28.38400000000547,9.889999999999418,0.34843573844410625
2026-08-03 17:02:00,20182.35,901.46,44685.59,49040.02,38.21399999999994,28.389000000002852,9.82499999999709,0.3460847511358661
2026-08-03 17:03:00,20182.39,901.56,44685.83,49040.24,38.434000000001106,28.394000000000233,10.040000000000873,0.3535958301049796
2026-08-03 17:04:00,20182.0,901.59,44685.64,49039.92,38.1140000000014,28.39900000000125,9.715000000000146,0.34208951019401096
2026-08-03 17:05:00,20181.71,902.0,44685.49,49039.67,37.8640000000014,28.40400000000227,9.459999999999127,0.33305168286151143
2026-08-03 17:06:00,20181.83,902.26,44685.67,49039.9,38.0940000000046,28.40900000000329,9.68500000000131,0.3409130909218976
2026-08-03 17:07:00,20181.94,902.37,44685.73,49040.01,38.20400000000518,28.414000000004307,9.790000000000873,0.34454846202574047
2026-08-03 17:08:00,20181.36,902.55,44685.45,49039.51,37.70400000000518,28.424000000002707,9.280000000002474,0.32648466085004185
2026-08-03 17:09:00,20181.1,903.05,44685.37,49039.35,37.54400000000169,28.434000000001106,9.110000000000582,0.32039108110009945
2026-08-03 17:10:00,20181.06,903.51,44685.48,49039.43,37.624000000003434,28.45900000000256,9.165000000000873,0.3220422361994465
2026-08-03 17:11:00,20181.25,903.85,44685.56,49039.59,37.78399999999965,28.484000000004016,9.299999999995634,0.32649908720665366
2026-08-03 17:12:00,20181.36,903.92,44685.58,49039.65,37.8440000000046,28.499000000003434,9.345000000001164,0.32790624232429344
2026-08-03 17:13:00,20181.02,904.29,44685.42,49039.38,37.574000000000524,28.514000000002852,9.059999999997672,0.3177386546958254
2026-08-03 17:14:00,20180.95,904.71,44685.57,49039.5,37.69400000000314,28.514000000002852,9.180000000000291,0.32194711369851203
2026-08-03 17:15:00,20181.04,905.04,44685.59,49039.53,37.72400000000198,28.514000000002852,9.209999999999127,0.32299922844911994
2026-08-03 17:16:00,20181.17,905.25,44685.65,49039.65,37.8440000000046,28.52900000000227,9.315000000002328,0.3265098671527774
2026-08-03 17:17:00,20181.21,905.56,44685.76,49039.79,37.984000000004016,28.544000000001688,9.440000000002328,0.3307174887892997
2026-08-03 17:18:00,20181.34,905.85,44685.79,49039.87,38.06400000000576,28.544000000001688,9.520000000004075,0.3335201793723203
2026-08-03 17:19:00,20181.31,906.17,44685.71,49039.78,37.97400000000198,28.544000000001688,9.430000000000291,0.3303671524663584
2026-08-03 17:20:00,20181.38,906.35,44685.88,49039.97,38.16400000000431,28.549000000002707,9.6150000000016,0.3367893796630596
2026-08-03 17:21:00,20181.59,906.43,44685.91,49040.09,38.28399999999965,28.554000000003725,9.729999999995925,0.3407578622958134
2026-08-03 17:22:00,20182.15,906.49,44686.01,49040.39,38.58400000000256,28.564000000002125,10.020000000000437,0.3507912057134747
2026-08-03 17:23:00,20182.39,906.62,44686.04,49040.53,38.72400000000198,28.574000000000524,10.150000000001455,0.3552180303773105
2026-08-03 17:24:00,20182.7,906.76,44685.99,49040.61,38.804000000003725,28.579000000001543,10.225000000002183,0.35778018825017077
2026-08-03 17:25:00,20182.42,906.99,44685.91,49040.42,38.6140000000014,28.58400000000256,10.029999999998836,0.35089560593331715
2026-08-03 17:26:00,20182.23,907.23,44686.03,49040.46,38.65400000000227,28.614000000001397,10.040000000000873,0.3508771929824695
2026-08-03 17:27:00,20182.15,907.32,44685.9,49040.3,38.494000000006054,28.644000000000233,9.85000000000582,0.34387655355417335
2026-08-03 17:28:00,20182.36,907.51,44685.99,49040.48,38.674000000006345,28.65400000000227,10.020000000004075,0.34968939764093254
2026-08-03 17:29:00,20182.45,907.53,44686.06,49040.6,38.79400000000169,28.664000000004307,10.12999999999738,0.35340496790384657
2026-08-03 17:30:00,20182.45,907.65,44686.33,49040.84,39.03399999999965,28.669000000005326,10.364999999994325,0.3615403397395235
2026-08-03 17:31:00,20182.49,907.38,44686.28,49040.81,39.004000000000815,28.674000000006345,10.32999999999447,0.3602566785238259
2026-08-03 17:32:00,20182.7,907.37,44686.46,49041.06,39.254000000000815,28.674000000006345,10.57999999999447,0.36897537839129974
2026-08-03 17:33:00,20182.94,907.41,44686.58,49041.27,39.46399999999994,28.674000000006345,10.789999999993597,0.37629908627994735
2026-08-03 17:34:00,20183.25,907.3,44686.58,49041.38,39.574000000000524,28.674000000006345,10.89999999999418,0.38013531422165614
2026-08-03 17:35:00,20182.85,907.48,44686.59,49041.23,39.424000000006345,28.674000000006345,10.75,0.37490409430137484
2026-08-03 17:36:00,20182.35,907.25,44686.48,49040.92,39.1140000000014,28.674000000006345,10.439999999995052,0.3640929064655347
2026-08-03 17:37:00,20182.45,907.27,44686.54,49041.02,39.21399999999994,28.674000000006345,10.539999999993597,0.3675803864124735
2026-08-03 17:38:00,20182.45,907.27,44686.68,49041.16,39.354000000006636,28.65900000000329,10.695000000003347,0.373181199623229
2026-08-03 17:39:00,20182.54,907.02,44686.59,49041.1,39.29400000000169,28.644000000000233,10.650000000001455,0.3718056137411454
2026-08-03 17:40:00,20183.41,906.83,44686.84,49041.69,39.88400000000547,28.614000000001397,11.270000000004075,0.393863143915689
2026-08-03 17:41:00,20184.42,906.78,44686.87,49042.12,40.31400000000576,28.58400000000256,11.730000000003201,0.4103694374475983
2026-08-03 17:42:00,20185.02,906.53,44686.76,49042.26,40.45400000000518,28.579000000001543,11.875000000003638,0.4155148885546379
2026-08-03 17:43:00,20185.41,906.46,44686.72,49042.38,40.574000000000524,28.574000000000524,12.0,0.41996220340168616
2026-08-03 17:44:00,20185.58,906.29,44686.69,49042.41,40.604000000006636,28.564000000002125,12.040000000004511,0.421509592494175
2026-08-03 17:45:00,20185.27,906.19,44686.68,49042.28,40.47400000000198,28.554000000003725,11.919999999998254,0.4174546473347587
2026-08-03 17:46:00,20185.06,905.81,44686.41,49041.94,40.13400000000547,28.549000000002707,11.585000000002765,0.40579354793518746
2026-08-03 17:47:00,20185.51,905.49,44686.52,49042.23,40.424000000006345,28.544000000001688,11.880000000004657,0.4161995515696453
2026-08-03 17:48:00,20185.33,905.01,44686.48,49042.1,40.29400000000169,28.544000000001688,11.75,0.411645179372173
2026-08-03 17:49:00,20185.32,904.87,44686.62,49042.22,40.41400000000431,28.544000000001688,11.87000000000262,0.41584921524670393
2026-08-03 17:50:00,20185.29,904.76,44686.5,49042.11,40.304000000003725,28.52900000000227,11.775000000001455,0.41273791580498853
2026-08-03 17:51:00,20185.88,904.44,44686.58,49042.41,40.604000000006636,28.514000000002852,12.090000000003783,0.4240022445115583
2026-08-03 17:52:00,20186.34,904.87,44686.51,49042.53,40.72400000000198,28.514000000002852,12.209999999999127,0.4282107035139898
2026-08-03 17:53:00,20186.37,905.0,44686.21,49042.28,40.47400000000198,28.514000000002852,11.959999999999127,0.4194430805919173
2026-08-03 17:54:00,20186.66,904.78,44686.08,49042.28,40.47400000000198,28.499000000003434,11.974999999998545,0.42019018211155135
2026-08-03 17:55:00,20186.93,904.86,44686.0,49042.32,40.51400000000285,28.484000000004016,12.029999999998836,0.42234236764489325
2026-08-03 17:56:00,20187.28,905.2,44686.07,49042.53,40.72400000000198,28.449000000004162,12.274999999997817,0.43147386551358646
2026-08-03 17:57:00,20187.24,905.48,44685.96,49042.42,40.6140000000014,28.414000000004307,12.19999999999709,0.42936580558862675
2026-08-03 17:58:00,20187.36,905.76,44685.93,49042.44,40.63400000000547,28.40900000000329,12.225000000002183,0.4303213770284335
2026-08-03 17:59:00,20188.94,905.77,44685.94,49043.1,41.29400000000169,28.40400000000227,12.889999999999418,0.4538093226305586
2026-08-03 18:00:00,20190.97,906.04,44685.97,49043.97,42.16400000000431,28.39900000000125,13.765000000003056,0.4847001654988714
2026-08-03 18:01:00,20192.33,906.14,44686.08,49044.62,42.81400000000576,28.394000000000233,14.42000000000553,0.5078537719238364
2026-08-03 18:02:00,20193.51,906.3,44685.98,49045.01,43.20400000000518,28.389000000002852,14.815000000002328,0.5218570573109599
2026-08-03 18:03:00,20194.96,906.17,44686.11,49045.72,43.91400000000431,28.38400000000547,15.529999999998836,0.5471392333707668
2026-08-03 18:04:00,20195.97,906.28,44686.07,49046.09,44.28399999999965,28.374000000003434,15.909999999996217,0.560724607034408
2026-08-03 18:05:00,20196.85,907.03,44686.35,49046.72,44.91400000000431,28.364000000001397,16.55000000000291,0.5834861091525206
2026-08-03 18:06:00,20196.41,907.79,44686.03,49046.25,44.44400000000314,28.34900000000198,16.095000000001164,0.5677448939997898
2026-08-03 18:07:00,20195.43,908.09,44685.94,49045.78,43.97400000000198,28.33400000000256,15.639999999999418,0.5519870120702338
2026-08-03 18:08:00,20194.8,908.36,44686.04,49045.63,43.824000000000524,28.33400000000256,15.489999999997963,0.5466930189876672
2026-08-03 18:09:00,20195.28,909.1,44686.28,49046.06,44.254000000000815,28.33400000000256,15.919999999998254,0.5618691324908878
2026-08-03 18:10:00,20195.06,909.61,44686.19,49045.9,44.0940000000046,28.329000000001543,15.765000000003056,0.5564968759928764
2026-08-03 18:11:00,20194.1,909.91,44686.16,49045.47,43.66400000000431,28.324000000000524,15.340000000003783,0.5415901708799428
2026-08-03 18:12:00,20193.06,909.96,44686.38,49045.26,43.45400000000518,28.324000000000524,15.130000000004657,0.5341759638470688
2026-08-03 18:13:00,20191.69,910.41,44686.55,49044.87,43.06400000000576,28.324000000000524,14.740000000005239,0.5204067222145519
2026-08-03 18:14:00,20191.44,910.47,44686.63,49044.85,43.04400000000169,28.319000000003143,14.724999999998545,0.5199689254562982
2026-08-03 18:15:00,20191.99,910.43,44686.94,49045.35,43.54400000000169,28.314000000005763,15.229999999995925,0.5378964469871027
2026-08-03 18:16:00,20192.35,911.23,44686.98,49045.54,43.734000000004016,28.294000000005326,15.43999999999869,0.5456987347139246
2026-08-03 18:17:00,20192.32,911.51,44687.07,49045.63,43.824000000000524,28.27400000000489,15.549999999995634,0.5499752422718025
2026-08-03 18:18:00,20192.49,911.64,44687.07,49045.69,43.88400000000547,28.26900000000387,15.6150000000016,0.5523718560967654
2026-08-03 18:19:00,20192.41,911.95,44687.17,49045.76,43.95400000000518,28.27400000000489,15.680000000000291,0.5545731060337263
2026-08-03 18:20:00,20192.67,911.88,44687.5,49046.18,44.374000000003434,28.294000000005326,16.07999999999811,0.5683183713859857
2026-08-03 18:21:00,20192.36,912.25,44687.54,49046.06,44.254000000000815,28.314000000005763,15.939999999995052,0.56297238115391
2026-08-03 18:22:00,20191.43,912.12,44687.43,49045.59,43.78399999999965,28.319000000003143,15.464999999996508,0.546099791659126
2026-08-03 18:23:00,20190.7,912.14,44687.72,49045.56,43.754000000000815,28.314000000005763,15.439999999995052,0.5453132725857142
2026-08-03 18:24:00,20189.87,912.13,44687.87,49045.36,43.554000000003725,28.294000000005326,15.2599999999984,0.5393369618998913
2026-08-03 18:25:00,20189.24,911.92,44688.01,49045.24,43.434000000001106,28.314000000005763,15.119999999995343,0.534011443102079
2026-08-03 18:26:00,20188.62,911.8,44688.23,49045.17,43.3640000000014,28.319000000003143,15.044999999998254,0.5312687594899743
2026-08-03 18:27:00,20188.06,911.34,44688.44,49045.12,43.31400000000576,28.324000000000524,14.990000000005239,0.5292331591584861
2026-08-03 18:28:00,20187.37,911.37,44688.47,49044.86,43.054000000003725,28.329000000001543,14.725000000002183,0.5197853789403573
2026-08-03 18:29:00,20186.42,911.69,44688.4,49044.41,42.604000000006636,28.33400000000256,14.270000000004075,0.5036352085834257
2026-08-03 18:30:00,20185.46,911.69,44688.57,49044.17,42.3640000000014,28.34900000000198,14.014999999999418,0.4943736992485957
2026-08-03 18:31:00,20185.62,911.73,44688.66,49044.31,42.504000000000815,28.364000000001397,14.139999999999418,0.4985192497531632
2026-08-03 18:32:00,20184.76,912.12,44688.64,49043.96,42.15400000000227,28.374000000003434,13.779999999998836,0.48565588214552646
2026-08-03 18:33:00,20184.1,911.88,44688.69,49043.73,41.924000000006345,28.38400000000547,13.540000000000873,0.4770293122885521
2026-08-03 18:34:00,20183.91,912.13,44688.6,49043.57,41.76400000000285,28.389000000002852,13.375,0.47113318538865956
2026-08-03 18:35:00,20183.25,912.48,44688.35,49043.09,41.28399999999965,28.394000000000233,12.889999999999418,0.453969148411612
2026-08-03 18:36:00,20182.91,912.63,44688.22,49042.84,41.03399999999965,28.39900000000125,12.6349999999984,0.4449100320433058
2026-08-03 18:37:00,20182.61,912.69,44688.39,49042.86,41.054000000003725,28.40400000000227,12.650000000001455,0.44535980847769485
2026-08-03 18:38:00,20182.58,912.69,44688.32,49042.79,40.984000000004016,28.40900000000329,12.575000000000728,0.44264141645250704
2026-08-03 18:39:00,20182.59,912.62,44688.44,49042.9,41.0940000000046,28.414000000004307,12.680000000000291,0.4462588864643615
2026-08-03 18:40:00,20182.66,912.63,44688.48,49042.96,41.15400000000227,28.449000000004162,12.704999999998108,0.44658863228922807
2026-08-03 18:41:00,20182.44,912.66,44688.4,49042.8,40.994000000006054,28.484000000004016,12.510000000002037,0.43919393343632473
2026-08-03 18:42:00,20182.32,912.64,44688.45,49042.79,40.984000000004016,28.499000000003434,12.485000000000582,0.438085546861261
2026-08-03 18:43:00,20182.22,913.0,44688.38,49042.7,40.89400000000023,28.514000000002852,12.37999999999738,0.43417268710093787
2026-08-03 18:44:00,20182.18,913.41,44688.16,49042.5,40.69400000000314,28.514000000002852,12.180000000000291,0.4271585887633819
2026-08-03 18:45:00,20182.06,913.76,44688.19,49042.47,40.66400000000431,28.514000000002852,12.150000000001455,0.4261064740127741
2026-08-03 18:46:00,20182.02,913.5,44688.0,49042.3,40.494000000006054,28.52900000000227,11.965000000003783,0.41939780574162544
2026-08-03 18:47:00,20182.32,913.86,44688.56,49042.95,41.14400000000023,28.544000000001688,12.599999999998545,0.44142376681606643
2026-08-03 18:48:00,20182.28,913.39,44688.23,49042.6,40.79400000000169,28.544000000001688,12.25,0.4291619955156697
2026-08-03 18:49:00,20182.29,913.43,44688.1,49042.48,40.674000000006345,28.544000000001688,12.130000000004657,0.4249579596413936
2026-08-03 18:50:00,20182.51,913.71,44688.17,49042.64,40.83400000000256,28.549000000002707,12.284999999999854,0.43031279554445656
2026-08-03 18:51:00,20182.85,913.47,44688.13,49042.74,40.934000000001106,28.554000000003725,12.37999999999738,0.4335644743291926
2026-08-03 18:52:00,20183.8,913.05,44688.46,49043.41,41.604000000006636,28.564000000002125,13.040000000004511,0.4565186948607877
2026-08-03 18:53:00,20183.83,912.68,44688.44,49043.4,41.5940000000046,28.574000000000524,13.020000000004075,0.45565899069097204
2026-08-03 18:54:00,20184.47,912.04,44688.37,49043.59,41.78399999999965,28.579000000001543,13.204999999998108,0.46205255607254964
2026-08-03 18:55:00,20185.56,911.88,44688.66,49044.29,42.484000000004016,28.58400000000256,13.900000000001455,0.48628603414498356
2026-08-03 18:56:00,20186.53,912.01,44688.71,49044.73,42.924000000006345,28.614000000001397,14.310000000004948,0.5001048437829122
2026-08-03 18:57:00,20186.9,912.12,44688.64,49044.82,43.01400000000285,28.644000000000233,14.37000000000262,0.5016757436113148
2026-08-03 18:58:00,20187.31,911.44,44688.83,49045.16,43.354000000006636,28.65900000000329,14.695000000003347,0.5127534107959685
2026-08-03 18:59:00,20187.44,911.6,44688.74,49045.14,43.33400000000256,28.674000000006345,14.659999999996217,0.5112645602285336
2026-08-03 19:00:00,20187.35,911.62,44688.7,49045.05,43.244000000006054,28.674000000006345,14.569999999999709,0.5081258282763649
2026-08-03 19:01:00,20186.82,911.66,44688.71,49044.84,43.03399999999965,28.674000000006345,14.359999999993306,0.5008021203874635
2026-08-03 19:02:00,20186.69,911.11,44688.81,49044.89,43.08400000000256,28.689000000005763,14.394999999996799,0.5017602565441077
2026-08-03 19:03:00,20186.19,910.7,44688.82,49044.68,42.874000000003434,28.70400000000518,14.169999999998254,0.49365942028970516
2026-08-03 19:04:00,20185.35,910.65,44688.67,49044.2,42.39400000000023,28.70900000000256,13.684999999997672,0.47667978682630713
2026-08-03 19:05:00,20184.73,910.51,44688.49,49043.78,41.97400000000198,28.713999999999942,13.260000000002037,0.4617956397576814
2026-08-03 19:06:00,20184.44,910.24,44688.44,49043.61,41.804000000003725,28.713999999999942,13.090000000003783,0.45587518283777284
2026-08-03 19:07:00,20183.84,910.07,44688.47,49043.38,41.574000000000524,28.713999999999942,12.860000000000582,0.4478651528871146
2026-08-03 19:08:00,20182.63,909.82,44688.35,49042.79,40.984000000004016,28.72400000000198,12.260000000002037,0.42682077705059157
2026-08-03 19:09:00,20181.76,910.2,44688.13,49042.24,40.434000000001106,28.734000000004016,11.69999999999709,0.4071831280015123
2026-08-03 19:10:00,20181.15,911.37,44687.89,49041.77,39.96399999999994,28.72400000000198,11.239999999997963,0.3913104024508142
2026-08-03 19:11:00,20180.77,911.62,44687.49,49041.26,39.45400000000518,28.713999999999942,10.740000000005239,0.37403357247354113
2026-08-03 19:12:00,20179.95,912.63,44687.19,49040.68,38.874000000003434,28.713999999999942,10.160000000003492,0.3538343665112319
2026-08-03 19:13:00,20178.62,912.07,44687.01,49039.97,38.16400000000431,28.713999999999942,9.450000000004366,0.3291077523160961
2026-08-03 19:14:00,20178.04,911.48,44687.2,49039.93,38.124000000003434,28.694000000003143,9.430000000000291,0.3286401338258611
2026-08-03 19:15:00,20177.76,911.0,44687.5,49040.08,38.27400000000489,28.674000000006345,9.599999999998545,0.33479807491094443
2026-08-03 19:16:00,20178.05,911.34,44687.44,49040.12,38.31400000000576,28.65900000000329,9.655000000002474,0.33689242471828623
2026-08-03 19:17:00,20177.28,910.35,44687.5,49039.85,38.04400000000169,28.644000000000233,9.400000000001455,0.3281664571987634
2026-08-03 19:18:00,20176.3,910.64,44687.24,49039.23,37.424000000006345,28.59900000000198,8.825000000004366,0.30857722297995577
2026-08-03 19:19:00,20176.14,910.7,44687.15,49039.07,37.26400000000285,28.554000000003725,8.709999999999127,0.305036072003852
2026-08-03 19:20:00,20175.77,911.38,44687.18,49038.95,37.14400000000023,28.549000000002707,8.594999999997526,0.3010613331464048
2026-08-03 19:21:00,20174.65,911.65,44686.93,49038.29,36.484000000004016,28.544000000001688,7.940000000002328,0.2781670403588095
2026-08-03 19:22:00,20174.15,912.17,44687.16,49038.29,36.484000000004016,28.52900000000227,7.955000000001746,0.27883907602794045
2026-08-03 19:23:00,20173.13,912.17,44687.18,49037.9,36.0940000000046,28.514000000002852,7.580000000001746,0.26583432699729914
2026-08-03 19:24:00,20173.59,914.19,44687.01,49037.97,36.16400000000431,28.514000000002852,7.650000000001455,0.2682892614154692
2026-08-03 19:25:00,20173.13,913.54,44686.7,49037.48,35.674000000006345,28.514000000002852,7.1600000000034925,0.2511047204882786
2026-08-03 19:26:00,20172.83,912.75,44686.81,49037.46,35.65400000000227,28.499000000003434,7.154999999998836,0.251061440752236
2026-08-03 19:27:00,20172.22,911.93,44687.47,49037.8,35.994000000006054,28.484000000004016,7.510000000002037,0.2636567897767511
2026-08-03 19:28:00,20171.36,913.39,44687.25,49037.27,35.46399999999994,28.439000000002125,7.024999999997817,0.24701993740979966
2026-08-03 19:29:00,20171.42,914.51,44686.6,49036.72,34.91400000000431,28.394000000000233,6.5200000000040745,0.22962597731929354
2026-08-03 19:30:00,20172.44,914.98,44686.61,49037.16,35.354000000006636,28.364000000001397,6.990000000005239,0.24643914821622107
2026-08-03 19:31:00,20173.11,915.29,44686.71,49037.53,35.72400000000198,28.33400000000256,7.389999999999418,0.2608173925318963
2026-08-03 19:32:00,20173.48,915.65,44686.66,49037.63,35.824000000000524,28.329000000001543,7.494999999998981,0.26456987539265675
2026-08-03 19:33:00,20173.61,915.82,44686.75,49037.78,35.97400000000198,28.324000000000524,7.650000000001455,0.27008897048444125
2026-08-03 19:34:00,20173.54,916.16,44686.59,49037.61,35.804000000003725,28.319000000003143,7.485000000000582,0.26431018044421595
2026-08-03 19:35:00,20173.55,916.45,44686.64,49037.66,35.854000000006636,28.314000000005763,7.540000000000873,0.26629935720842474
2026-08-03 19:36:00,20173.95,916.9,44686.65,49037.84,36.03399999999965,28.294000000005326,7.739999999994325,0.2735562310027874
2026-08-03 19:37:00,20174.3,916.66,44686.63,49037.96,36.15400000000227,28.27400000000489,7.879999999997381,0.2787012803280759
2026-08-03 19:38:00,20174.43,916.05,44686.86,49038.2,36.39400000000023,28.26900000000387,8.124999999996362,0.28741731225
2026-08-03 19:39:00,20173.66,915.11,44687.38,49038.35,36.54400000000169,28.264000000002852,8.279999999998836,0.29295216529854234
2026-08-03 19:40:00,20172.33,915.17,44687.46,49037.87,36.06400000000576,28.22400000000198,7.8400000000037835,0.27777777777789237
2026-08-03 19:41:00,20171.71,916.63,44687.07,49037.29,35.484000000004016,28.184000000001106,7.30000000000291,0.25901220550676357
2026-08-03 19:42:00,20172.17,916.64,44686.95,49037.4,35.5940000000046,28.22400000000198,7.370000000002619,0.26112528344678654
2026-08-03 19:43:00,20173.14,917.1,44687.25,49038.07,36.26400000000285,28.264000000002852,8.0,0.28304557033679567
2026-08-03 19:44:00,20173.35,918.0,44687.04,49037.96,36.15400000000227,28.26900000000387,7.884999999998399,0.27892744702668365
2026-08-03 19:45:00,20173.63,917.74,44687.07,49038.1,36.29400000000169,28.27400000000489,8.019999999996799,0.28365282591764207
2026-08-03 19:46:00,20173.0,917.27,44687.19,49037.95,36.14400000000023,28.294000000005326,7.849999999994907,0.2774439810558221
2026-08-03 19:47:00,20172.49,916.86,44687.56,49038.07,36.26400000000285,28.314000000005763,7.94999999999709,0.28077982623421177
2026-08-03 19:48:00,20170.54,915.59,44687.64,49037.31,35.504000000000815,28.319000000003143,7.184999999997672,0.2537165860375322
2026-08-03 19:49:00,20169.41,915.86,44687.84,49037.05,35.244000000006054,28.324000000000524,6.92000000000553,0.2443157746082969
2026-08-03 19:50:00,20169.28,917.21,44687.5,49036.71,34.90400000000227,28.329000000001543,6.575000000000728,0.23209432030782484
2026-08-03 19:51:00,20169.18,918.83,44687.41,49036.62,34.81400000000576,28.33400000000256,6.480000000003201,0.22870050116477078
2026-08-03 19:52:00,20169.37,919.74,44687.32,49036.62,34.81400000000576,28.364000000001397,6.450000000004366,0.2274009307574407
2026-08-03 19:53:00,20169.5,920.63,44687.14,49036.53,34.72400000000198,28.394000000000233,6.330000000001746,0.22293442276543263
2026-08-03 19:54:00,20170.22,921.31,44687.18,49036.86,35.054000000003725,28.439000000002125,6.615000000001601,0.23260311544010362
2026-08-03 19:55:00,20170.57,922.34,44686.85,49036.72,34.91400000000431,28.484000000004016,6.430000000000291,0.2257407667462219
2026-08-03 19:56:00,20170.78,922.18,44686.99,49036.95,35.14400000000023,28.499000000003434,6.644999999996799,0.23316607600252634
2026-08-03 19:57:00,20170.56,921.91,44687.22,49037.06,35.254000000000815,28.514000000002852,6.739999999997963,0.2363751139790029
2026-08-03 19:58:00,20171.02,921.65,44687.73,49037.73,35.924000000006345,28.52900000000227,7.3950000000040745,0.2592099267413329
2026-08-03 19:59:00,20171.55,922.49,44687.78,49038.0,36.19400000000314,28.544000000001688,7.650000000001455,0.2680072869955508
2026-08-03 20:00:00,20171.81,923.85,44687.32,49037.71,35.90400000000227,28.549000000002707,7.354999999999563,0.25762723738130466
2026-08-03 20:01:00,20172.46,924.87,44687.27,49037.94,36.13400000000547,28.554000000003725,7.580000000001746,0.2654619317784113
2026-08-03 20:02:00,20172.06,925.55,44686.98,49037.52,35.71399999999994,28.59900000000198,7.114999999997963,0.24878492254965104
2026-08-03 20:03:00,20171.32,925.69,44686.87,49037.13,35.324000000000524,28.644000000000233,6.680000000000291,0.23320765256249953
2026-08-03 20:04:00,20170.59,925.9,44687.21,49037.14,35.33400000000256,28.65900000000329,6.674999999999272,0.23291112739448364
2026-08-03 20:05:00,20169.13,925.8,44687.2,49036.54,34.734000000004016,28.674000000006345,6.059999999997672,0.2113412847874845
2026-08-03 20:06:00,20168.35,925.14,44687.48,49036.48,34.674000000006345,28.694000000003143,5.980000000003201,0.20840593852382192
2026-08-03 20:07:00,20167.91,924.94,44687.73,49036.52,34.71399999999994,28.713999999999942,6.0,0.2089573030577423
2026-08-03 20:08:00,20167.69,925.43,44687.63,49036.35,34.54400000000169,28.713999999999942,5.830000000001746,0.20303684613783374
2026-08-03 20:09:00,20168.03,926.18,44687.67,49036.52,34.71399999999994,28.713999999999942,6.0,0.2089573030577423
2026-08-03 20:10:00,20168.87,926.5,44687.78,49036.97,35.16400000000431,28.72400000000198,6.440000000002328,0.224202757276211
2026-08-03 20:11:00,20169.78,926.41,44687.93,49037.48,35.674000000006345,28.734000000004016,6.940000000002328,0.2415257186608672
2026-08-03 20:12:00,20170.42,926.56,44687.63,49037.47,35.66400000000431,28.744000000002416,6.920000000001892,0.24074589479548114
2026-08-03 20:13:00,20171.48,926.79,44687.68,49037.95,36.14400000000023,28.754000000000815,7.389999999999418,0.25700772066492344
2026-08-03 20:14:00,20172.17,926.51,44687.74,49038.28,36.47400000000198,28.769000000000233,7.705000000001746,0.26782300392789754
2026-08-03 20:15:00,20172.5,926.16,44687.89,49038.52,36.71399999999994,28.78399999999965,7.930000000000291,0.275500277932198
2026-08-03 20:16:00,20172.86,926.27,44687.9,49038.68,36.874000000003434,28.804000000000087,8.070000000003347,0.2801694209138773
2026-08-03 20:17:00,20173.57,926.12,44688.01,49039.08,37.27400000000489,28.824000000000524,8.450000000004366,0.2931584790453862
2026-08-03 20:18:00,20174.55,925.59,44688.28,49039.72,37.91400000000431,28.824000000000524,9.090000000003783,0.31536219816831873
2026-08-03 20:19:00,20175.09,925.03,44688.4,49040.03,38.22400000000198,28.824000000000524,9.400000000001455,0.32611712461841813
2026-08-03 20:20:00,20175.85,924.38,44688.78,49040.69,38.88400000000547,28.829000000001543,10.055000000003929,0.34878074161446426
2026-08-03 20:21:00,20176.09,924.03,44688.97,49040.94,39.13400000000547,28.83400000000256,10.30000000000291,0.3572171741694526
2026-08-03 20:22:00,20175.5,923.94,44688.85,49040.59,38.78399999999965,28.854000000002998,9.929999999996653,0.34414639218117493
2026-08-03 20:23:00,20175.56,923.99,44688.95,49040.7,38.89400000000023,28.874000000003434,10.019999999996799,0.347025005194833
2026-08-03 20:24:00,20175.83,923.92,44689.01,49040.88,39.074000000000524,28.879000000004453,10.194999999996071,0.3530246892203504
2026-08-03 20:25:00,20176.13,924.47,44688.97,49040.98,39.174000000006345,28.88400000000547,10.290000000000873,0.3562525965932324
2026-08-03 20:26:00,20176.93,924.7,44688.65,49041.01,39.20400000000518,28.889000000002852,10.315000000002328,0.357056319014203
2026-08-03 20:27:00,20177.14,925.0,44688.36,49040.83,39.02400000000489,28.894000000000233,10.130000000004657,0.3505918183707543
2026-08-03 20:28:00,20177.35,925.06,44688.35,49040.91,39.104000000006636,28.90400000000227,10.200000000004366,0.35289233324119723
2026-08-03 20:29:00,20177.69,924.97,44688.29,49040.99,39.184000000001106,28.914000000004307,10.269999999996799,0.35519125683043745
2026-08-03 20:30:00,20178.17,924.42,44688.32,49041.22,39.41400000000431,28.919000000005326,10.494999999998981,0.36291019744794245
2026-08-03 20:31:00,20178.94,923.9,44688.57,49041.73,39.924000000006345,28.924000000006345,11.0,0.38030701147827367
2026-08-03 20:32:00,20179.33,923.1,44688.68,49041.98,40.174000000006345,28.924000000006345,11.25,0.3889503526482344
2026-08-03 20:33:00,20179.43,922.52,44688.86,49042.17,40.3640000000014,28.924000000006345,11.439999999995052,0.39551929193723356
2026-08-03 20:34:00,20179.36,922.16,44688.86,49042.14,40.33400000000256,28.939000000005763,11.394999999996799,0.3937592867754425
2026-08-03 20:35:00,20179.07,922.44,44688.7,49041.87,40.06400000000576,28.95400000000518,11.110000000000582,0.3837120950472679
2026-08-03 20:36:00,20179.02,922.89,44688.47,49041.66,39.854000000006636,28.95400000000518,10.900000000001455,0.37645921116251657
2026-08-03 20:37:00,20179.44,922.61,44688.48,49041.83,40.02400000000489,28.95400000000518,11.069999999999709,0.3823305933548984
2026-08-03 20:38:00,20179.3,922.33,44688.21,49041.52,39.71399999999994,28.974000000005617,10.739999999994325,0.3706771588317886
2026-08-03 20:39:00,20179.18,922.58,44688.34,49041.6,39.79400000000169,28.994000000006054,10.799999999995634,0.3724908601777395
2026-08-03 20:40:00,20179.01,922.86,44688.25,49041.46,39.65400000000227,29.00900000000547,10.644999999996799,0.3669550829051257
2026-08-03 20:41:00,20179.46,923.67,44687.97,49041.41,39.604000000006636,29.02400000000489,10.580000000001746,0.3645259095920605
2026-08-03 20:42:00,20180.39,923.36,44687.83,49041.66,39.854000000006636,29.02900000000227,10.825000000004366,0.3729029591099769
2026-08-03 20:43:00,20181.49,922.61,44687.86,49042.11,40.304000000003725,29.03399999999965,11.270000000004075,0.3881655989530967
2026-08-03 20:44:00,20181.98,922.28,44687.83,49042.28,40.47400000000198,29.049000000002707,11.424999999999272,0.3933009742159182
2026-08-03 20:45:00,20181.79,921.88,44687.79,49042.16,40.354000000006636,29.064000000005763,11.290000000000873,0.38845306908886024
2026-08-03 20:46:00,20181.62,921.56,44687.86,49042.14,40.33400000000256,29.0840000000062,11.249999999996362,0.38681061752145385
2026-08-03 20:47:00,20181.67,921.28,44687.91,49042.21,40.40400000000227,29.104000000006636,11.299999999995634,0.3882627817479748
2026-08-03 20:48:00,20181.22,921.19,44687.94,49042.05,40.244000000006054,29.114000000005035,11.130000000001019,0.38229030706873307
2026-08-03 20:49:00,20180.56,921.23,44687.97,49041.8,39.994000000006054,29.124000000003434,10.87000000000262,0.3732316989424989
2026-08-03 20:50:00,20180.21,920.83,44688.01,49041.71,39.90400000000227,29.164000000004307,10.739999999997963,0.3682622411190638
2026-08-03 20:51:00,20180.24,920.84,44687.99,49041.7,39.89400000000023,29.20400000000518,10.689999999995052,0.3660457471576892
2026-08-03 20:52:00,20180.29,921.11,44687.95,49041.68,39.874000000003434,29.20900000000256,10.665000000000873,0.36512718682597617
2026-08-03 20:53:00,20179.96,921.19,44687.76,49041.36,39.554000000003725,29.213999999999942,10.340000000003783,0.35393989183281316
2026-08-03 20:54:00,20179.88,921.12,44687.82,49041.39,39.58400000000256,29.229000000002998,10.354999999999563,0.35427144274516753
2026-08-03 20:55:00,20179.43,920.81,44687.7,49041.1,39.29400000000169,29.244000000006054,10.049999999995634,0.34366023799731754
2026-08-03 20:56:00,20179.73,920.03,44687.98,49041.46,39.65400000000227,29.28400000000329,10.369999999998981,0.35411828985103866
2026-08-03 20:57:00,20179.84,919.81,44688.05,49041.54,39.734000000004016,29.324000000000524,10.410000000003492,0.35499931796491974
2026-08-03 20:58:00,20179.78,919.81,44687.8,49041.29,39.484000000004016,29.33400000000256,10.150000000001455,0.3460148632985808
2026-08-03 20:59:00,20179.88,920.01,44687.72,49041.26,39.45400000000518,29.3440000000046,10.110000000000582,0.34453380588873356
2026-08-03 21:00:00,20179.44,919.97,44687.55,49040.93,39.124000000003434,29.38400000000547,9.739999999997963,0.3314729104273125
2026-08-03 21:01:00,20179.15,920.01,44687.46,49040.73,38.924000000006345,29.424000000006345,9.5,0.32286568787377484
2026-08-03 21:02:00,20179.4,919.76,44687.43,49040.81,39.004000000000815,29.4590000000062,9.544999999994616,0.3240096405170782
2026-08-03 21:03:00,20180.03,919.09,44687.62,49041.23,39.424000000006345,29.494000000006054,9.930000000000291,0.33667864650431456
2026-08-03 21:04:00,20180.62,918.39,44687.75,49041.58,39.77400000000489,29.504000000004453,10.270000000000437,0.34808839479388853
2026-08-03 21:05:00,20181.1,917.68,44687.9,49041.89,40.08400000000256,29.514000000002852,10.569999999999709,0.35813512231478917
2026-08-03 21:06:00,20181.62,916.83,44688.09,49042.26,40.45400000000518,29.544000000001688,10.910000000003492,0.369279718386233
2026-08-03 21:07:00,20181.5,916.87,44687.86,49042.01,40.20400000000518,29.574000000000524,10.630000000004657,0.3594373436127838
2026-08-03 21:08:00,20180.99,917.41,44687.6,49041.58,39.77400000000489,29.58400000000256,10.190000000002328,0.34444294213093046
2026-08-03 21:09:00,20179.94,918.22,44687.35,49040.93,39.124000000003434,29.5940000000046,9.529999999998836,0.32202473474343973
2026-08-03 21:10:00,20178.77,919.33,44686.94,49040.09,38.28399999999965,29.614000000005035,8.669999999994616,0.29276693455774777
2026-08-03 21:11:00,20177.03,921.37,44686.41,49038.93,37.124000000003434,29.63400000000547,7.489999999997963,0.25275021934253156
2026-08-03 21:12:00,20175.47,923.61,44686.07,49038.03,36.22400000000198,29.654000000005908,6.569999999996071,0.22155527078959877
2026-08-03 21:13:00,20174.71,926.27,44685.47,49037.23,35.424000000006345,29.674000000006345,5.75,0.19377232594186058
2026-08-03 21:14:00,20173.33,928.7,44684.98,49036.26,34.45400000000518,29.674000000006345,4.779999999998836,0.1610837770438031
2026-08-03 21:15:00,20172.62,931.74,44684.43,49035.53,33.72400000000198,29.674000000006345,4.049999999995634,0.13648311653281556
2026-08-03 21:16:00,20171.71,934.46,44683.93,49034.73,32.924000000006345,29.7090000000062,3.2150000000001455,0.10821636541113719
2026-08-03 21:17:00,20170.61,937.66,44683.42,49033.88,32.074000000000524,29.744000000006054,2.3299999999944703,0.07833512641184763
2026-08-03 21:18:00,20169.12,941.39,44682.69,49032.69,30.88400000000547,29.789000000004307,1.0950000000011642,0.03675853502974272
2026-08-03 21:19:00,20168.47,944.51,44682.07,49031.9,30.0940000000046,29.83400000000256,0.26000000000203727,0.008714889052826136
2026-08-03 21:20:00,20167.79,947.62,44681.57,49031.23,29.424000000006345,29.879000000004453,-0.45499999999810825,0.015228086615952355
2026-08-03 21:21:00,20167.18,951.16,44681.0,49030.52,28.713999999999942,29.924000000006345,-1.2100000000064028,0.040435770619106616
2026-08-03 21:22:00,20166.92,954.17,44680.55,49030.07,28.264000000002852,29.939000000005763,-1.6750000000029104,0.055947092421343
2026-08-03 21:23:00,20167.02,957.24,44680.2,49029.87,28.064000000005763,29.95400000000518,-1.889999999999418,0.06309674834743577
2026-08-03 21:24:00,20167.85,960.12,44680.06,49030.13,28.324000000000524,29.96400000000358,-1.640000000003056,0.05473234548133961
2026-08-03 21:25:00,20169.23,961.09,44679.67,49030.35,28.544000000001688,29.97400000000198,-1.430000000000291,0.04770801361180345
2026-08-03 21:26:00,20171.22,960.39,44679.91,49031.38,29.574000000000524,29.984000000004016,-0.41000000000349246,0.013673959445152
2026-08-03 21:27:00,20173.29,959.57,44680.39,49032.65,30.8440000000046,29.994000000006054,0.8499999999985448,0.02833900113350581
2026-08-03 21:28:00,20174.95,958.27,44680.98,49033.82,32.01400000000285,30.044000000005326,1.9699999999975262,0.0655704966048854
2026-08-03 21:29:00,20176.41,956.36,44681.64,49034.99,33.184000000001106,30.0940000000046,3.0899999999965075,0.10267827473901892
2026-08-03 21:30:00,20177.67,953.63,44682.53,49036.27,34.46399999999994,30.099000000005617,4.364999999994325,0.1450214292831493
2026-08-03 21:31:00,20178.1,952.13,44683.16,49036.98,35.174000000006345,30.104000000006636,5.069999999999709,0.1684161573212394
2026-08-03 21:32:00,20178.38,950.02,44683.89,49037.73,35.924000000006345,30.129000000004453,5.795000000001892,0.19233960635935596
2026-08-03 21:33:00,20179.41,947.46,44684.79,49038.91,37.104000000006636,30.15400000000227,6.950000000004366,0.23048351794136243
2026-08-03 21:34:00,20180.25,946.04,44685.24,49039.63,37.824000000000524,30.164000000004307,7.6599999999962165,0.25394510011918586
2026-08-03 21:35:00,20181.07,943.47,44685.81,49040.44,38.63400000000547,30.174000000006345,8.459999999999127,0.28037383177561304
2026-08-03 21:36:00,20181.91,941.34,44686.13,49041.03,39.22400000000198,30.254000000004453,8.969999999997526,0.2964897203674293
2026-08-03 21:37:00,20181.98,939.06,44686.62,49041.47,39.66400000000431,30.33400000000256,9.330000000001746,0.3075756576778848
2026-08-03 21:38:00,20182.38,937.27,44687.15,49042.09,40.28399999999965,30.379000000004453,9.904999999995198,0.3260475986699281
2026-08-03 21:39:00,20182.51,935.33,44687.36,49042.3,40.494000000006054,30.424000000006345,10.069999999999709,0.33098869313691853
2026-08-03 21:40:00,20183.05,932.71,44687.73,49042.79,40.984000000004016,30.434000000004744,10.549999999999272,0.34665177104546324
2026-08-03 21:41:00,20183.73,929.64,44688.32,49043.56,41.754000000000815,30.444000000003143,11.309999999997672,0.37150177374840704
2026-08-03 21:42:00,20183.85,926.81,44688.89,49044.07,42.26400000000285,30.46400000000358,11.799999999999272,0.38734243697472054
2026-08-03 21:43:00,20183.94,924.93,44688.96,49044.13,42.324000000000524,30.484000000004016,11.839999999996508,0.38840047237878716
2026-08-03 21:44:00,20182.66,923.83,44688.81,49043.46,41.65400000000227,30.509000000001834,11.145000000000437,0.3653020420203798
2026-08-03 21:45:00,20181.17,924.05,44688.63,49042.7,40.89400000000023,30.53399999999965,10.360000000000582,0.33929390187989455
2026-08-03 21:46:00,20180.6,923.3,44688.41,49042.26,40.45400000000518,30.634000000001834,9.820000000003347,0.32055885617296986
2026-08-03 21:47:00,20180.08,922.23,44688.53,49042.13,40.324000000000524,30.734000000004016,9.589999999996508,0.3120322769569615
2026-08-03 21:48:00,20179.49,922.31,44688.3,49041.67,39.8640000000014,30.734000000004016,9.12999999999738,0.2970651395847006
2026-08-03 21:49:00,20177.99,922.91,44687.85,49040.66,38.854000000006636,30.734000000004016,8.12000000000262,0.26420251187614885
2026-08-03 21:50:00,20176.41,923.21,44687.54,49039.75,37.94400000000314,30.759000000001834,7.18500000000131,0.23359016873113175
2026-08-03 21:51:00,20175.32,923.22,44687.38,49039.17,37.3640000000014,30.78399999999965,6.580000000001746,0.2137474012474604
2026-08-03 21:52:00,20174.35,923.76,44687.16,49038.58,36.77400000000489,30.809000000001106,5.9650000000037835,0.19361225615903047
2026-08-03 21:53:00,20173.62,924.7,44686.74,49037.92,36.1140000000014,30.83400000000256,5.279999999998836,0.17123954076663414
2026-08-03 21:54:00,20173.41,925.45,44686.32,49037.47,35.66400000000431,30.83900000000358,4.825000000000728,0.15645773209248573
2026-08-03 21:55:00,20173.01,926.1,44685.89,49036.92,35.1140000000014,30.8440000000046,4.269999999996799,0.13843859421593055
2026-08-03 21:56:00,20172.42,926.16,44685.55,49036.37,34.56400000000576,30.8440000000046,3.720000000001164,0.1206069251718522
2026-08-03 21:57:00,20171.51,926.2,44685.34,49035.82,34.01400000000285,30.8440000000046,3.1699999999982538,0.10277525612753798
2026-08-03 21:58:00,20171.14,926.73,44685.09,49035.46,33.65400000000227,30.849000000005617,2.804999999996653,0.0909267723425765
2026-08-03 21:59:00,20171.29,927.32,44684.73,49035.2,33.39400000000023,30.854000000006636,2.539999999993597,0.08232319958491771
2026-08-03 22:00:00,20170.7,928.98,44683.98,49034.3,32.494000000006054,30.869000000006054,1.625,0.05264180893451947
2026-08-03 22:01:00,20170.61,929.31,44683.54,49033.88,32.074000000000524,30.88400000000547,1.1899999999950523,0.038531278331655275
2026-08-03 22:02:00,20170.33,931.16,44683.04,49033.33,31.52400000000489,30.904000000005908,0.6199999999989814,0.020062127879849304
2026-08-03 22:03:00,20169.87,931.76,44682.63,49032.78,30.97400000000198,30.924000000006345,0.049999999995634425,0.00161686715805278
2026-08-03 22:04:00,20169.56,931.99,44682.56,49032.59,30.78399999999965,30.929000000003725,-0.14500000000407454,0.00468815674622707
2026-08-03 22:05:00,20168.8,933.63,44682.2,49031.98,30.174000000006345,30.934000000001106,-0.7599999999947613,0.024568436024915437
2026-08-03 22:06:00,20168.93,933.85,44681.85,49031.73,29.924000000006345,30.939000000002125,-1.01499999999578,0.03280649019023595
2026-08-03 22:07:00,20169.48,932.84,44682.17,49032.23,30.424000000006345,30.944000000003143,-0.5199999999967986,0.01680455015501376
2026-08-03 22:08:00,20169.47,932.46,44682.25,49032.29,30.484000000004016,30.95900000000256,-0.4749999999985448,0.01534287283176154
2026-08-03 22:09:00,20169.43,932.38,44682.32,49032.34,30.53399999999965,30.97400000000198,-0.4400000000023283,0.014205462646164532
2026-08-03 22:10:00,20169.3,931.28,44682.62,49032.54,30.734000000004016,31.02400000000125,-0.28999999999723514,0.00934760185653763
2026-08-03 22:11:00,20169.24,930.78,44682.79,49032.66,30.854000000006636,31.074000000000524,-0.2199999999938882,0.007079873849323694
2026-08-03 22:12:00,20169.29,930.44,44682.78,49032.65,30.8440000000046,31.08400000000256,-0.23999999999796273,0.007721014026442638
2026-08-03 22:13:00,20169.5,929.67,44682.96,49032.88,31.074000000000524,31.0940000000046,-0.020000000004074536,0.0006432109089879584
2026-08-03 22:14:00,20169.41,929.01,44683.08,49032.93,31.124000000003434,31.109000000004016,0.014999999999417923,0.00048217557618104043
2026-08-03 22:15:00,20169.52,928.46,44683.15,49033.05,31.244000000006054,31.124000000003434,0.12000000000261934,0.00385554555978043
2026-08-03 22:16:00,20169.91,927.15,44683.38,49033.39,31.58400000000256,31.124000000003434,0.4599999999991269,0.014779591312140988
2026-08-03 22:17:00,20170.4,925.22,44683.79,49033.93,32.124000000003434,31.124000000003434,1.0,0.03212954633080226
2026-08-03 22:18:00,20171.05,923.31,44684.32,49034.66,32.854000000006636,31.184000000004744,1.6700000000018917,0.05355310415602994
2026-08-03 22:19:00,20171.39,921.54,44684.6,49035.01,33.20400000000518,31.244000000006054,1.9599999999991269,0.062732044552514
2026-08-03 22:20:00,20171.05,919.99,44684.74,49034.97,33.16400000000431,31.244000000006054,1.9199999999982538,0.06145179874529131
2026-08-03 22:21:00,20170.98,917.75,44685.17,49035.3,33.494000000006054,31.244000000006054,2.25,0.07201382665470375
2026-08-03 22:22:00,20171.1,915.71,44685.55,49035.67,33.8640000000014,31.249000000003434,2.6149999999979627,0.08368267784561667
2026-08-03 22:23:00,20170.45,914.57,44685.73,49035.54,33.734000000004016,31.254000000000815,2.4800000000032014,0.07934984322016819
2026-08-03 22:24:00,20169.89,914.43,44685.6,49035.18,33.374000000003434,31.254000000000815,2.1200000000026193,0.06783131759143035
2026-08-03 22:25:00,20168.93,914.79,44685.2,49034.43,32.624000000003434,31.254000000000815,1.3700000000026193,0.0438343891982653
2026-08-03 22:26:00,20168.09,915.36,44684.85,49033.79,31.984000000004016,31.33400000000256,0.6500000000014552,0.020744239484311037
2026-08-03 22:27:00,20167.23,916.08,44684.43,49033.05,31.244000000006054,31.414000000004307,-0.16999999999825377,0.005411599923544613
2026-08-03 22:28:00,20167.03,916.91,44684.05,49032.64,30.83400000000256,31.429000000003725,-0.5950000000011642,0.018931560024216285
2026-08-03 22:29:00,20166.61,918.3,44683.46,49031.96,30.15400000000227,31.444000000003143,-1.2900000000008731,0.04102531484546318
2026-08-03 22:30:00,20166.37,919.88,44682.81,49031.3,29.494000000006054,31.45900000000256,-1.9649999999965075,0.062462252455461
2026-08-03 22:31:00,20166.46,920.92,44682.34,49030.93,29.124000000003434,31.47400000000198,-2.349999999998545,0.07466480269423642
2026-08-03 22:32:00,20166.72,921.62,44682.1,49030.83,29.02400000000489,31.499000000003434,-2.474999999998545,0.07857392298162719
2026-08-03 22:33:00,20167.12,922.16,44681.79,49030.73,28.924000000006345,31.52400000000489,-2.599999999998545,0.08247684304016437
2026-08-03 22:34:00,20167.3,922.27,44681.71,49030.73,28.924000000006345,31.52400000000489,-2.599999999998545,0.08247684304016437
2026-08-03 22:35:00,20167.61,922.7,44681.71,49030.87,29.064000000005763,31.52400000000489,-2.459999999999127,0.07803578226109457
2026-08-03 22:36:00,20167.7,923.01,44681.49,49030.7,28.894000000000233,31.539000000004307,-2.6450000000040745,0.08386442182706215
2026-08-03 22:37:00,20167.98,922.91,44681.47,49030.8,28.994000000006054,31.554000000003725,-2.5599999999976717,0.08113075996695726
2026-08-03 22:38:00,20168.51,922.75,44681.51,49031.05,29.244000000006054,31.569000000003143,-2.3249999999970896,0.07364819918264304
2026-08-03 22:39:00,20168.72,922.56,44681.53,49031.15,29.3440000000046,31.58400000000256,-2.2399999999979627,0.07092198581553258
2026-08-03 22:40:00,20169.48,922.63,44681.57,49031.48,29.674000000006345,31.604000000002998,-1.929999999996653,0.061068219212646185
2026-08-03 22:41:00,20169.76,923.03,44681.34,49031.4,29.5940000000046,31.624000000003434,-2.029999999998836,0.06419175309886843
2026-08-03 22:42:00,20170.64,922.71,44681.35,49031.78,29.97400000000198,31.64900000000489,-1.6750000000029104,0.05292426300997351
2026-08-03 22:43:00,20171.84,922.55,44681.35,49032.25,30.444000000003143,31.674000000006345,-1.2300000000032014,0.03883311233197433
2026-08-03 22:44:00,20172.78,922.56,44681.23,49032.54,30.734000000004016,31.699000000004162,-0.9650000000001455,0.03044260071295684
2026-08-03 22:45:00,20173.7,921.81,44681.28,49032.93,31.124000000003434,31.72400000000198,-0.5999999999985448,0.018913125709195164
2026-08-03 22:46:00,20174.46,920.58,44681.51,49033.43,31.624000000003434,31.814000000002125,-0.18999999999869033,0.005972213490874383
2026-08-03 22:47:00,20174.74,919.56,44681.74,49033.74,31.934000000001106,31.90400000000227,0.029999999998835847,0.0009403209628521098
2026-08-03 22:48:00,20175.08,919.08,44681.9,49034.01,32.20400000000518,31.90900000000329,0.29500000000189175,0.009245040584219542
2026-08-03 22:49:00,20175.25,918.75,44681.91,49034.08,32.27400000000489,31.914000000004307,0.3600000000005821,0.011280315848860484
2026-08-03 22:50:00,20174.85,918.83,44681.69,49033.71,31.90400000000227,31.919000000005326,-0.015000000003055902,0.00046993953454222873
2026-08-03 22:51:00,20174.59,918.87,44681.55,49033.48,31.674000000006345,31.924000000006345,-0.25,0.007831098859790449
2026-08-03 22:52:00,20174.27,919.08,44681.43,49033.25,31.444000000003143,31.929000000003725,-0.4850000000005821,0.015189952707586378
2026-08-03 22:53:00,20173.72,920.01,44681.1,49032.74,30.934000000001106,31.934000000001106,-1.0,0.031314586334313436
2026-08-03 22:54:00,20173.29,921.05,44680.61,49032.14,30.33400000000256,31.95900000000256,-1.625,0.0508463969460831
2026-08-03 22:55:00,20172.97,921.85,44680.32,49031.76,29.95400000000518,31.984000000004016,-2.029999999998836,0.06346923461726428
2026-08-03 22:56:00,20172.93,922.67,44680.08,49031.55,29.744000000006054,31.999000000003434,-2.2549999999973807,0.07047095221716737
2026-08-03 22:57:00,20173.04,922.95,44679.91,49031.44,29.63400000000547,32.01400000000285,-2.3799999999973807,0.07434247516702594
2026-08-03 22:58:00,20173.11,922.94,44679.93,49031.48,29.674000000006345,32.04400000000169,-2.3699999999953434,0.07396080389449565
2026-08-03 22:59:00,20172.9,923.27,44679.84,49031.32,29.514000000002852,32.074000000000524,-2.5599999999976717,0.07981542682539221
2026-08-03 23:00:00,20172.38,923.25,44679.85,49031.13,29.324000000000524,32.074000000000524,-2.75,0.08573922803516727
2026-08-03 23:01:00,20171.97,923.56,44679.89,49031.01,29.20400000000518,32.074000000000524,-2.8699999999953434,0.08948057616746576
2026-08-03 23:02:00,20171.27,924.34,44679.7,49030.56,28.754000000000815,32.09900000000198,-3.345000000001164,0.10420885385840549
2026-08-03 23:03:00,20170.87,924.71,44679.6,49030.32,28.514000000002852,32.124000000003434,-3.610000000000582,0.11237703897398195
2026-08-03 23:04:00,20170.87,924.41,44679.79,49030.48,28.674000000006345,32.16400000000431,-3.4899999999979627,0.10850640467595744
2026-08-03 23:05:00,20171.0,923.87,44680.05,49030.76,28.95400000000518,32.20400000000518,-3.25,0.10091914047942731
2026-08-03 23:06:00,20170.71,923.48,44680.21,49030.76,28.95400000000518,32.239000000005035,-3.2849999999998545,0.10189522007504394
2026-08-03 23:07:00,20170.41,923.13,44680.3,49030.72,28.914000000004307,32.27400000000489,-3.360000000000582,0.10410857036624134
2026-08-03 23:08:00,20170.06,923.26,44680.24,49030.52,28.713999999999942,32.27900000000227,-3.5650000000023283,0.11044332228390215
2026-08-03 23:09:00,20170.39,922.87,44680.45,49030.84,29.03399999999965,32.28399999999965,-3.25,0.10066906207409351
2026-08-03 23:10:00,20170.5,922.22,44680.6,49031.02,29.213999999999942,32.33400000000256,-3.1200000000026193,0.0964928558174792
2026-08-03 23:11:00,20169.66,922.38,44680.5,49030.59,28.78399999999965,32.38400000000547,-3.6000000000058208,0.1111660079052993
2026-08-03 23:12:00,20169.24,923.07,44680.36,49030.29,28.484000000004016,32.43900000000576,-3.9550000000017462,0.12192114430164443
2026-08-03 23:13:00,20168.95,923.09,44680.31,49030.14,28.33400000000256,32.494000000006054,-4.1600000000034925,0.1280236351327235
2026-08-03 23:14:00,20168.7,922.82,44680.36,49030.08,28.27400000000489,32.50900000000547,-4.235000000000582,0.1302716170906478
2026-08-03 23:15:00,20168.41,922.98,44680.39,49029.99,28.184000000001106,32.52400000000489,-4.3400000000037835,0.13343992128899063
2026-08-03 23:16:00,20168.24,923.36,44680.29,49029.84,28.03399999999965,32.57400000000416,-4.540000000004511,0.13937496162595725
2026-08-03 23:17:00,20168.33,923.54,44680.22,49029.82,28.014000000002852,32.624000000003434,-4.610000000000582,0.14130701324178815
2026-08-03 23:18:00,20168.57,923.73,44680.08,49029.78,27.97400000000198,32.64400000000387,-4.670000000001892,0.14305844871956067
2026-08-03 23:19:00,20168.14,924.62,44679.82,49029.38,27.574000000000524,32.66400000000431,-5.0900000000037835,0.1558290472692601
2026-08-03 23:20:00,20168.38,925.55,44679.47,49029.18,27.374000000003434,32.689000000002125,-5.31499999999869,0.1625929211660909
2026-08-03 23:21:00,20168.81,926.16,44679.12,49029.05,27.244000000006054,32.71399999999994,-5.469999999993888,0.1672067004950143
2026-08-03 23:22:00,20169.57,925.89,44679.02,49029.28,27.47400000000198,32.7390000000014,-5.264999999999418,0.16081737377437286
2026-08-03 23:23:00,20171.87,924.15,44679.51,49030.63,28.824000000000524,32.76400000000285,-3.9400000000023283,0.12025393724825983
2026-08-03 23:24:00,20174.25,922.77,44679.89,49031.91,30.104000000006636,32.809000000004744,-2.7049999999981083,0.08244688957291345
2026-08-03 23:25:00,20176.43,921.17,44680.02,49032.9,31.0940000000046,32.854000000006636,-1.7600000000020373,0.05357034151097832
2026-08-03 23:26:00,20178.36,920.36,44680.09,49033.73,31.924000000006345,32.854000000006636,-0.930000000000291,0.028307055457481682
2026-08-03 23:27:00,20179.89,919.43,44679.82,49034.09,32.28399999999965,32.854000000006636,-0.5700000000069849,0.01734948560317982
2026-08-03 23:28:00,20180.93,918.45,44679.85,49034.52,32.71399999999994,32.869000000006054,-0.1550000000061118,0.004715689555693305
2026-08-03 23:29:00,20181.75,917.99,44679.53,49034.57,32.76400000000285,32.88400000000547,-0.12000000000261934,0.003649191096052773
2026-08-03 23:30:00,20182.97,918.27,44679.18,49034.74,32.934000000001106,32.90400000000591,0.029999999995197868,0.0009117432529538197
2026-08-03 23:31:00,20184.74,917.92,44678.88,49035.19,33.38400000000547,32.924000000006345,0.4599999999991269,0.013971570890506569
2026-08-03 23:32:00,20186.25,917.9,44678.38,49035.35,33.54400000000169,32.929000000003725,0.6149999999979627,0.018676546509092083
2026-08-03 23:33:00,20187.66,918.19,44677.96,49035.53,33.72400000000198,32.934000000001106,0.7900000000008731,0.02398736867677314
2026-08-03 23:34:00,20189.08,918.08,44677.47,49035.66,33.854000000006636,33.01900000000387,0.8350000000027649,0.025288470274771102
2026-08-03 23:35:00,20190.5,918.42,44677.07,49035.87,34.06400000000576,33.104000000006636,0.9599999999991269,0.0289995166746899
2026-08-03 23:36:00,20191.29,918.62,44676.42,49035.61,33.804000000003725,33.13400000000547,0.6699999999982538,0.02022092110817116
2026-08-03 23:37:00,20193.11,917.79,44676.23,49036.18,34.374000000003434,33.16400000000431,1.2099999999991269,0.03648534555539047
2026-08-03 23:38:00,20193.76,917.56,44675.85,49036.09,34.28399999999965,33.17400000000271,1.109999999996944,0.03345993850596411
2026-08-03 23:39:00,20194.41,917.17,44675.62,49036.13,34.324000000000524,33.184000000001106,1.139999999999418,0.03435390549660619
2026-08-03 23:40:00,20194.49,916.69,44675.41,49035.97,34.16400000000431,33.19400000000314,0.9700000000011642,0.02922214858110117
2026-08-03 23:41:00,20194.75,916.38,44675.27,49035.94,34.13400000000547,33.20400000000518,0.930000000000291,0.028008673653781048
2026-08-03 23:42:00,20194.53,916.57,44674.95,49035.56,33.754000000000815,33.28900000000431,0.46499999999650754,0.013968578208911273
2026-08-03 23:43:00,20194.35,917.0,44674.65,49035.22,33.41400000000431,33.374000000003434,0.040000000000873115,0.0011985377839296757
2026-08-03 23:44:00,20194.19,917.99,44674.1,49034.66,32.854000000006636,33.37900000000445,-0.5249999999978172,0.015728452020664106
2026-08-03 23:45:00,20193.16,919.03,44673.5,49033.72,31.914000000004307,33.38400000000547,-1.4700000000011642,0.04403306973403197
2026-08-03 23:46:00,20192.21,920.77,44672.84,49032.75,30.944000000003143,33.38900000000285,-2.444999999999709,0.07322770972474468
2026-08-03 23:47:00,20191.32,923.53,44671.95,49031.64,29.83400000000256,33.39400000000023,-3.5599999999976717,0.10660597712156815
2026-08-03 23:48:00,20190.85,926.22,44671.01,49030.63,28.824000000000524,33.40400000000227,-4.580000000001746,0.13710932822420774
2026-08-03 23:49:00,20189.15,929.96,44669.83,49028.93,27.124000000003434,33.41400000000431,-6.290000000000873,0.18824444843478969
2026-08-03 23:50:00,20188.11,933.6,44668.72,49027.56,25.754000000000815,33.45400000000518,-7.700000000004366,0.23016679619785896
2026-08-03 23:51:00,20187.6,936.77,44667.94,49026.7,24.894000000000233,33.494000000006054,-8.60000000000582,0.2567624052070301
2026-08-03 23:52:00,20186.66,940.68,44666.98,49025.51,23.70400000000518,33.51900000000387,-9.81499999999869,0.29281899818006374
2026-08-03 23:53:00,20185.82,943.83,44666.22,49024.55,22.744000000006054,33.54400000000169,-10.799999999995634,0.32196518006186176
2026-08-03 23:54:00,20185.12,947.03,44665.56,49023.72,21.914000000004307,33.59900000000198,-11.684999999997672,0.3477782076846627
2026-08-03 23:55:00,20184.31,950.04,44664.97,49022.9,21.0940000000046,33.65400000000227,-12.559999999997672,0.37320972246974576
2026-08-03 23:56:00,20184.54,951.41,44664.83,49022.91,21.104000000006636,33.689000000002125,-12.584999999995489,0.3735640713584462
2026-08-03 23:57:00,20184.25,953.47,44664.49,49022.51,20.70400000000518,33.72400000000198,-13.019999999996799,0.3860751986714516
2026-08-03 23:58:00,20183.72,954.61,44664.52,49022.35,20.544000000001688,33.72400000000198,-13.180000000000291,0.3908195943541548
2026-08-03 23:59:00,20183.67,954.77,44664.88,49022.65,20.8440000000046,33.72400000000198,-12.87999999999738,0.3819238524491942
