timestamp,Bx,By,Bz,B_total,B_plasma_raw,B_plasma_baseline,delta_B,chi
2026-08-06 00:00:00,20191.44,917.65,44671.23,49030.88,16.4004999999961,15.050499999997555,1.3499999999985448,0.08969801667710468
2026-08-06 00:01:00,20191.31,917.32,44671.34,49030.92,16.440499999996973,15.050499999997555,1.389999999999418,0.09235573568982051
2026-08-06 00:02:00,20191.37,917.31,44671.47,49031.06,16.58049999999639,15.045499999996537,1.5349999999998545,0.10202386095511667
2026-08-06 00:03:00,20191.53,916.71,44671.66,49031.28,16.800499999997555,15.040499999995518,1.7600000000020373,0.11701738639025044
2026-08-06 00:04:00,20191.56,916.53,44671.76,49031.38,16.9004999999961,15.040499999995518,1.860000000000582,0.12366610152595568
2026-08-06 00:05:00,20191.47,916.7,44671.78,49031.37,16.89050000000134,15.040499999995518,1.8500000000058208,0.12300123001272378
2026-08-06 00:06:00,20191.49,916.69,44671.85,49031.45,16.97049999999581,15.035499999998137,1.9349999999976717,0.1286954208372127
2026-08-06 00:07:00,20191.31,917.02,44671.83,49031.36,16.8804999999993,15.030500000000757,1.8499999999985448,0.12308306443554451
2026-08-06 00:08:00,20191.06,916.96,44671.83,49031.26,16.780500000000757,15.025499999999738,1.7550000000010186,0.11680143755622437
2026-08-06 00:09:00,20191.08,916.77,44671.97,49031.39,16.910499999998137,15.02049999999872,1.889999999999418,0.1258280350187796
2026-08-06 00:10:00,20190.97,916.89,44671.98,49031.36,16.8804999999993,15.0154999999977,1.8650000000016007,0.12420498817900745
2026-08-06 00:11:00,20191.08,916.31,44672.12,49031.52,17.040499999995518,15.010499999996682,2.029999999998836,0.13523866626689882
2026-08-06 00:12:00,20190.87,916.57,44672.19,49031.5,17.02049999999872,15.005499999999302,2.014999999999418,0.1342840958314959
2026-08-06 00:13:00,20190.98,916.1,44672.37,49031.72,17.240499999999884,15.00050000000192,2.2399999999979627,0.14932835572132103
2026-08-06 00:14:00,20190.93,916.08,44672.42,49031.73,17.25050000000192,14.980500000001484,2.2700000000004366,0.15153032275292624
2026-08-06 00:15:00,20191.05,915.65,44672.58,49031.92,17.440499999996973,14.960500000001048,2.4799999999959255,0.16576986063271626
2026-08-06 00:16:00,20190.93,915.71,44672.57,49031.87,17.39050000000134,14.95049999999901,2.4400000000023283,0.16320524397194006
2026-08-06 00:17:00,20191.31,914.9,44672.81,49032.23,17.75050000000192,14.940499999996973,2.8100000000049477,0.18807938154717158
2026-08-06 00:18:00,20191.32,914.7,44672.89,49032.3,17.82050000000163,14.935499999999593,2.8850000000020373,0.1931639382680269
2026-08-06 00:19:00,20191.18,914.36,44672.94,49032.29,17.810499999999593,14.930500000002212,2.8799999999973807,0.1928937409997625
2026-08-06 00:20:00,20191.28,914.54,44672.92,49032.31,17.83049999999639,14.930500000002212,2.8999999999941792,0.1942332808676032
2026-08-06 00:21:00,20191.13,914.42,44672.87,49032.19,17.710500000001048,14.930500000002212,2.779999999998836,0.18619604165958434
2026-08-06 00:22:00,20191.55,914.33,44672.96,49032.44,17.960500000001048,14.925500000001193,3.0349999999998545,0.20334327158216556
2026-08-06 00:23:00,20191.21,914.23,44672.83,49032.18,17.70049999999901,14.920500000000175,2.779999999998836,0.1863208337521399
2026-08-06 00:24:00,20191.08,914.21,44672.84,49032.14,17.660499999998137,14.910499999998137,2.75,0.1844337882700341
2026-08-06 00:25:00,20191.1,914.04,44672.85,49032.15,17.670500000000175,14.9004999999961,2.7700000000040745,0.18589980202038855
2026-08-06 00:26:00,20191.09,913.84,44672.91,49032.19,17.710500000001048,14.89549999999872,2.8150000000023283,0.18898324997499716
2026-08-06 00:27:00,20190.98,913.5,44672.97,49032.21,17.730499999997846,14.890500000001339,2.8399999999965075,0.1907256304352609
2026-08-06 00:28:00,20190.99,913.27,44673.01,49032.25,17.77049999999872,14.890500000001339,2.8799999999973807,0.1934119069203265
2026-08-06 00:29:00,20190.92,912.96,44673.06,49032.26,17.780500000000757,14.890500000001339,2.889999999999418,0.19408347604171505
2026-08-06 00:30:00,20191.08,912.64,44673.17,49032.41,17.930500000002212,14.88550000000032,3.0450000000018917,0.20456148600999807
2026-08-06 00:31:00,20191.08,912.37,44673.19,49032.43,17.95049999999901,14.880499999999302,3.069999999999709,0.20631027183225384
2026-08-06 00:32:00,20190.96,912.09,44673.24,49032.42,17.940499999996973,14.875499999998283,3.0649999999986903,0.20604349433626057
2026-08-06 00:33:00,20190.69,912.37,44673.17,49032.25,17.77049999999872,14.870499999997264,2.900000000001455,0.19501697992683426
2026-08-06 00:34:00,20190.92,912.0,44673.16,49032.34,17.860499999995227,14.870499999997264,2.9899999999979627,0.20106923102777396
2026-08-06 00:35:00,20190.59,912.08,44673.09,49032.14,17.660499999998137,14.870499999997264,2.790000000000873,0.18761978413647062
2026-08-06 00:36:00,20190.64,911.67,44673.23,49032.27,17.790499999995518,14.865499999996246,2.9249999999992724,0.1967643200699614
2026-08-06 00:37:00,20190.32,911.72,44673.16,49032.07,17.59049999999843,14.860499999995227,2.7300000000032014,0.18370848894748348
2026-08-06 00:38:00,20190.24,911.48,44673.18,49032.05,17.57050000000163,14.850499999996828,2.720000000004802,0.1831588162018372
2026-08-06 00:39:00,20190.34,911.28,44673.23,49032.13,17.6504999999961,14.840499999998428,2.8099999999976717,0.1893467201238482
2026-08-06 00:40:00,20190.12,911.27,44673.19,49032.01,17.530500000000757,14.83549999999741,2.695000000003347,0.18165885881863217
2026-08-06 00:41:00,20189.74,911.27,44673.09,49031.77,17.290499999995518,14.830499999996391,2.459999999999127,0.1658743804996275
2026-08-06 00:42:00,20189.43,911.3,44673.06,49031.62,17.14050000000134,14.82549999999901,2.3150000000023283,0.1561498769014524
2026-08-06 00:43:00,20189.37,911.54,44673.05,49031.58,17.100500000000466,14.82050000000163,2.279999999998836,0.1538409635301498
2026-08-06 00:44:00,20189.05,912.45,44672.68,49031.12,16.64050000000134,14.82050000000163,1.819999999999709,0.12280287439691703
2026-08-06 00:45:00,20189.39,911.69,44672.9,49031.47,16.990499999999884,14.82050000000163,2.1699999999982538,0.14641881178084512
2026-08-06 00:46:00,20188.95,912.6,44672.61,49031.03,16.550499999997555,14.815500000000611,1.734999999996944,0.11710708379716328
2026-08-06 00:47:00,20188.9,912.19,44672.66,49031.05,16.57050000000163,14.810499999999593,1.7600000000020373,0.11883461058047234
2026-08-06 00:48:00,20188.76,912.39,44672.68,49031.01,16.530500000000757,14.805499999998574,1.7250000000021828,0.11651075613808037
2026-08-06 00:49:00,20188.23,912.51,44672.63,49030.75,16.27049999999872,14.800499999997555,1.4700000000011642,0.09932096888628134
2026-08-06 00:50:00,20187.95,913.07,44672.48,49030.52,16.040499999995518,14.800499999997555,1.2399999999979627,0.08378095334604693
2026-08-06 00:51:00,20187.57,912.95,44672.48,49030.37,15.890500000001339,14.800499999997555,1.0900000000037835,0.07364616060295014
2026-08-06 00:52:00,20187.49,913.06,44672.52,49030.39,15.910499999998137,14.800499999997555,1.110000000000582,0.07499746630186585
2026-08-06 00:53:00,20187.56,912.74,44672.66,49030.53,16.050499999997555,14.800499999997555,1.25,0.08445660619575059
2026-08-06 00:54:00,20187.69,913.31,44672.47,49030.42,15.940499999996973,14.795499999996537,1.1450000000004366,0.0773883951201855
2026-08-06 00:55:00,20187.93,913.38,44672.39,49030.44,15.960500000001048,14.790499999995518,1.1700000000055297,0.07910483080395418
2026-08-06 00:56:00,20188.39,912.44,44672.48,49030.7,16.22049999999581,14.780499999997119,1.4399999999986903,0.09742566218997809
2026-08-06 00:57:00,20188.86,912.37,44672.63,49031.01,16.530500000000757,14.77049999999872,1.7600000000020373,0.11915642666139872
2026-08-06 00:58:00,20189.01,911.87,44672.58,49031.02,16.540499999995518,14.755499999999302,1.7849999999962165,0.12097184100818685
2026-08-06 00:59:00,20189.3,911.84,44672.56,49031.13,16.6504999999961,14.740499999999884,1.9099999999962165,0.12957498049565697
2026-08-06 01:00:00,20189.47,911.97,44672.44,49031.09,16.610499999995227,14.730499999997846,1.8799999999973807,0.12762635348410817
2026-08-06 01:01:00,20189.9,911.67,44672.4,49031.23,16.75050000000192,14.720499999995809,2.030000000006112,0.13790292449350836
2026-08-06 01:02:00,20189.97,911.59,44672.34,49031.21,16.730499999997846,14.71049999999741,2.0200000000004366,0.1373168824989492
2026-08-06 01:03:00,20189.9,911.6,44672.35,49031.19,16.710500000001048,14.70049999999901,2.0100000000020373,0.13673004319595747
2026-08-06 01:04:00,20189.8,911.52,44672.32,49031.11,16.6304999999993,14.680499999998574,1.9500000000007276,0.1328292633085329
2026-08-06 01:05:00,20189.76,911.5,44672.36,49031.13,16.6504999999961,14.660499999998137,1.9899999999979627,0.1357388902150824
2026-08-06 01:06:00,20190.05,911.55,44672.34,49031.22,16.740499999999884,14.650499999999738,2.0900000000001455,0.14265724719294104
2026-08-06 01:07:00,20190.11,911.41,44672.3,49031.21,16.730499999997846,14.640500000001339,2.0899999999965075,0.14275468733966165
2026-08-06 01:08:00,20190.33,911.17,44672.32,49031.31,16.83049999999639,14.640500000001339,2.1899999999950523,0.14958505515486847
2026-08-06 01:09:00,20190.18,911.25,44672.27,49031.18,16.70049999999901,14.640500000001339,2.0599999999976717,0.1407055769951493
2026-08-06 01:10:00,20190.05,911.45,44672.15,49031.01,16.530500000000757,14.625499999998283,1.9050000000024738,0.13025195719822893
2026-08-06 01:11:00,20190.05,911.69,44672.07,49030.95,16.47049999999581,14.610499999995227,1.860000000000582,0.12730570480142292
2026-08-06 01:12:00,20189.83,911.97,44671.96,49030.77,16.290499999995518,14.605499999997846,1.6849999999976717,0.11536749854492624
2026-08-06 01:13:00,20189.83,912.11,44671.89,49030.73,16.25050000000192,14.600500000000466,1.6500000000014552,0.11300982843062926
2026-08-06 01:14:00,20189.75,912.21,44671.83,49030.65,16.170500000000175,14.600500000000466,1.569999999999709,0.10753056402175672
2026-08-06 01:15:00,20189.69,912.19,44671.84,49030.63,16.1504999999961,14.600500000000466,1.5499999999956344,0.10616074791928941
2026-08-06 01:16:00,20189.63,912.12,44671.83,49030.6,16.120499999997264,14.600500000000466,1.5199999999967986,0.10410602376608678
2026-08-06 01:17:00,20189.56,912.2,44671.84,49030.57,16.09049999999843,14.600500000000466,1.4899999999979627,0.10205129961288416
2026-08-06 01:18:00,20189.73,911.93,44671.95,49030.72,16.240499999999884,14.585500000001048,1.6549999999988358,0.11346885605558377
2026-08-06 01:19:00,20189.75,911.76,44671.96,49030.74,16.260499999996682,14.57050000000163,1.6899999999950523,0.11598778353487274
2026-08-06 01:20:00,20189.52,911.74,44671.99,49030.67,16.190499999996973,14.57050000000163,1.6199999999953434,0.1111835558144993
2026-08-06 01:21:00,20189.69,911.5,44672.04,49030.79,16.310499999999593,14.57050000000163,1.7399999999979627,0.11941937476392492
2026-08-06 01:22:00,20189.83,911.46,44672.02,49030.83,16.350500000000466,14.565500000000611,1.7849999999998545,0.12254986097283166
2026-08-06 01:23:00,20189.87,911.45,44671.99,49030.81,16.33049999999639,14.560499999999593,1.7699999999967986,0.12156175955474387
2026-08-06 01:24:00,20189.96,911.17,44672.05,49030.88,16.4004999999961,14.560499999999593,1.8399999999965075,0.126369286768762
2026-08-06 01:25:00,20190.04,910.89,44672.1,49030.96,16.480499999997846,14.560499999999593,1.9199999999982538,0.1318636035849255
2026-08-06 01:26:00,20189.89,910.79,44672.1,49030.91,16.430500000002212,14.560499999999593,1.8700000000026193,0.1284296555751981
2026-08-06 01:27:00,20189.76,910.77,44672.03,49030.8,16.32050000000163,14.560499999999593,1.7600000000020373,0.12087496995309821
2026-08-06 01:28:00,20189.54,910.78,44672.0,49030.69,16.210500000001048,14.550499999997555,1.6600000000034925,0.11408542661790119
2026-08-06 01:29:00,20189.51,910.86,44671.95,49030.63,16.1504999999961,14.540499999995518,1.610000000000582,0.11072521577669807
2026-08-06 01:30:00,20189.26,911.07,44671.87,49030.45,15.970499999995809,14.540499999995518,1.430000000000291,0.0983459991059958
2026-08-06 01:31:00,20189.12,911.11,44671.84,49030.37,15.890500000001339,14.540499999995518,1.3500000000058208,0.09284412503051731
2026-08-06 01:32:00,20188.94,911.15,44671.82,49030.27,15.790499999995518,14.535499999998137,1.2549999999973807,0.08634033916945007
2026-08-06 01:33:00,20188.86,911.09,44671.81,49030.22,15.740499999999884,14.530500000000757,1.2099999999991269,0.0832731151714713
2026-08-06 01:34:00,20189.05,910.84,44671.95,49030.43,15.95049999999901,14.525499999999738,1.4249999999992724,0.09810333551335913
2026-08-06 01:35:00,20189.07,910.59,44671.98,49030.46,15.980499999997846,14.52049999999872,1.4599999999991269,0.10054750180773772
2026-08-06 01:36:00,20189.09,910.57,44671.97,49030.47,15.990499999999884,14.51050000000032,1.4799999999995634,0.10199510699145659
2026-08-06 01:37:00,20189.07,910.52,44671.92,49030.42,15.940499999996973,14.50050000000192,1.4399999999950523,0.09930692045066457
2026-08-06 01:38:00,20189.0,910.53,44671.96,49030.41,15.930500000002212,14.50050000000192,1.430000000000291,0.09861728905900498
2026-08-06 01:39:00,20188.89,910.59,44671.94,49030.35,15.870499999997264,14.50050000000192,1.3699999999953434,0.09447950070653853
2026-08-06 01:40:00,20188.69,910.61,44671.86,49030.2,15.720499999995809,14.50050000000192,1.2199999999938882,0.08413502982612507
2026-08-06 01:41:00,20188.59,910.34,44671.94,49030.23,15.75050000000192,14.50050000000192,1.25,0.08620392400260918
2026-08-06 01:42:00,20188.54,909.97,44672.05,49030.3,15.82050000000163,14.50050000000192,1.319999999999709,0.09103134374673523
2026-08-06 01:43:00,20188.4,909.72,44672.07,49030.26,15.780500000000757,14.50050000000192,1.2799999999988358,0.08827281817859152
2026-08-06 01:44:00,20188.33,909.84,44671.96,49030.14,15.660499999998137,14.50050000000192,1.1599999999962165,0.0799972414741604
2026-08-06 01:45:00,20188.31,909.6,44671.94,49030.13,15.6504999999961,14.50050000000192,1.1499999999941792,0.07930761008199903
2026-08-06 01:46:00,20188.14,909.3,44672.01,49030.09,15.610499999995227,14.495500000000902,1.1149999999943248,0.07692042357933533
2026-08-06 01:47:00,20188.09,909.2,44672.04,49030.11,15.630499999999302,14.490499999999884,1.139999999999418,0.07867223353227473
2026-08-06 01:48:00,20187.97,909.36,44672.0,49030.03,15.550499999997555,14.485499999998865,1.0649999999986903,0.07352179765964405
2026-08-06 01:49:00,20187.76,909.5,44671.98,49029.92,15.440499999996973,14.480499999997846,0.9599999999991269,0.06629605331302577
2026-08-06 01:50:00,20187.61,909.46,44671.94,49029.84,15.360499999995227,14.480499999997846,0.8799999999973807,0.06077138220348134
2026-08-06 01:51:00,20187.45,909.5,44671.95,49029.77,15.290499999995518,14.480499999997846,0.8099999999976717,0.05593729498275558
2026-08-06 01:52:00,20187.32,909.31,44671.99,49029.74,15.260499999996682,14.475499999996828,0.7849999999998545,0.054229560291528894
2026-08-06 01:53:00,20187.21,909.37,44671.98,49029.68,15.20049999999901,14.470499999995809,0.7300000000032014,0.05044746207825665
2026-08-06 01:54:00,20187.1,909.47,44671.98,49029.64,15.160499999998137,14.46049999999741,0.7000000000007276,0.048407731406303584
2026-08-06 01:55:00,20186.87,909.6,44671.94,49029.52,15.040499999995518,14.45049999999901,0.5899999999965075,0.04082903705730237
2026-08-06 01:56:00,20186.8,909.47,44671.97,49029.53,15.050499999997555,14.45049999999901,0.5999999999985448,0.041521054634689865
2026-08-06 01:57:00,20186.78,909.62,44671.93,49029.5,15.02049999999872,14.45049999999901,0.569999999999709,0.0394450019030309
2026-08-06 01:58:00,20186.93,909.52,44671.95,49029.57,15.090499999998428,14.445499999997992,0.6450000000004366,0.04465058322664679
2026-08-06 01:59:00,20186.97,909.43,44671.95,49029.59,15.110499999995227,14.440499999996973,0.6699999999982538,0.04639728541244376
2026-08-06 02:00:00,20187.15,909.34,44671.97,49029.66,15.180500000002212,14.435499999999593,0.7450000000026193,0.05160888088411488
2026-08-06 02:01:00,20187.03,909.07,44671.88,49029.53,15.050499999997555,14.430500000002212,0.6199999999953434,0.042964554242420454
2026-08-06 02:02:00,20187.1,909.42,44671.99,49029.67,15.190499999996973,14.430500000002212,0.7599999999947613,0.05266622778106405
2026-08-06 02:03:00,20186.71,909.67,44671.82,49029.36,14.880499999999302,14.430500000002212,0.4499999999970896,0.031183950659853826
2026-08-06 02:04:00,20186.84,910.01,44671.81,49029.41,14.930500000002212,14.420500000000175,0.5100000000020373,0.03536631878242995
2026-08-06 02:05:00,20186.84,909.95,44671.77,49029.37,14.890500000001339,14.410499999998137,0.4800000000032014,0.03330904548789171
2026-08-06 02:06:00,20186.68,910.03,44671.76,49029.3,14.82050000000163,14.410499999998137,0.41000000000349246,0.028451476354293428
2026-08-06 02:07:00,20186.5,910.51,44671.67,49029.14,14.660499999998137,14.410499999998137,0.25,0.017348461191494555
2026-08-06 02:08:00,20186.29,910.87,44671.57,49028.97,14.490499999999884,14.410499999998137,0.08000000000174623,0.005551507581399436
2026-08-06 02:09:00,20186.17,911.07,44671.54,49028.91,14.430500000002212,14.410499999998137,0.020000000004074536,0.0013878768956023123
2026-08-06 02:10:00,20186.15,911.22,44671.53,49028.89,14.410499999998137,14.39549999999872,0.014999999999417923,0.0010419922892167175
2026-08-06 02:11:00,20186.08,911.15,44671.57,49028.89,14.410499999998137,14.380499999999302,0.029999999998835847,0.0020861583393371095
2026-08-06 02:12:00,20185.77,911.24,44671.62,49028.81,14.330499999996391,14.370499999997264,-0.040000000000873115,0.002783480045988708
2026-08-06 02:13:00,20185.64,911.34,44671.62,49028.76,14.280500000000757,14.360499999995227,-0.07999999999447027,0.005570836669649167
2026-08-06 02:14:00,20185.62,911.63,44671.57,49028.72,14.240499999999884,14.350499999996828,-0.1099999999969441,0.007665238144801116
2026-08-06 02:15:00,20185.75,911.76,44671.58,49028.77,14.290499999995518,14.340499999998428,-0.05000000000291038,0.0034866287788372693
2026-08-06 02:16:00,20185.57,911.96,44671.56,49028.69,14.210500000001048,14.33549999999741,-0.12499999999636202,0.008719612151399296
2026-08-06 02:17:00,20185.27,912.2,44671.51,49028.52,14.040499999995518,14.330499999996391,-0.2900000000008731,0.0202365583895151
2026-08-06 02:18:00,20185.14,912.15,44671.56,49028.52,14.040499999995518,14.320499999997992,-0.2800000000024738,0.019552389930694674
2026-08-06 02:19:00,20185.16,911.93,44671.69,49028.65,14.170500000000175,14.310499999999593,-0.13999999999941792,0.009783026449070396
2026-08-06 02:20:00,20185.07,911.76,44671.8,49028.69,14.210500000001048,14.305499999998574,-0.09499999999752617,0.006640802488381088
2026-08-06 02:21:00,20184.96,911.51,44671.89,49028.72,14.240499999999884,14.300499999997555,-0.059999999997671694,0.004195657494331104
2026-08-06 02:22:00,20185.0,911.31,44671.89,49028.74,14.260499999996682,14.295499999996537,-0.03499999999985448,0.002448322898804726
2026-08-06 02:23:00,20185.12,911.25,44671.84,49028.76,14.280500000000757,14.290499999995518,-0.00999999999476131,0.0006997655781648261
2026-08-06 02:24:00,20184.96,911.5,44671.83,49028.68,14.20049999999901,14.285499999998137,-0.08499999999912689,0.005950089251278427
2026-08-06 02:25:00,20184.68,911.9,44671.74,49028.5,14.02049999999872,14.280500000000757,-0.26000000000203727,0.018206645425722034
2026-08-06 02:26:00,20184.5,912.15,44671.74,49028.42,13.940499999996973,14.280500000000757,-0.3400000000037835,0.02380869017217643
2026-08-06 02:27:00,20184.41,912.48,44671.73,49028.39,13.910499999998137,14.280500000000757,-0.37000000000261934,0.025909456951969452
2026-08-06 02:28:00,20184.48,912.45,44671.8,49028.48,14.00050000000192,14.280500000000757,-0.27999999999883585,0.01960715661208088
2026-08-06 02:29:00,20184.64,912.28,44671.89,49028.6,14.120499999997264,14.280500000000757,-0.16000000000349246,0.01120408949290879
2026-08-06 02:30:00,20184.64,912.09,44671.87,49028.58,14.100500000000466,14.27049999999872,-0.16999999999825377,0.011912687011546129
2026-08-06 02:31:00,20184.49,912.17,44671.9,49028.56,14.080499999996391,14.260499999996682,-0.18000000000029104,0.012622278321260328
2026-08-06 02:32:00,20184.21,911.71,44671.91,49028.44,13.960500000001048,14.255499999999302,-0.29499999999825377,0.02069376731775583
2026-08-06 02:33:00,20184.17,911.72,44672.09,49028.59,14.110499999995227,14.25050000000192,-0.14000000000669388,0.009824216694619487
2026-08-06 02:34:00,20184.26,911.6,44672.24,49028.76,14.280500000000757,14.25050000000192,0.029999999998835847,0.0021051892915218274
2026-08-06 02:35:00,20184.14,911.66,44672.21,49028.67,14.190499999996973,14.25050000000192,-0.06000000000494765,0.004210378583554231
2026-08-06 02:36:00,20183.89,911.69,44672.2,49028.57,14.090499999998428,14.25050000000192,-0.16000000000349246,0.011227676222130514
2026-08-06 02:37:00,20183.74,912.11,44672.16,49028.49,14.010499999996682,14.25050000000192,-0.2400000000052387,0.01684151433319577
2026-08-06 02:38:00,20183.58,912.4,44672.25,49028.49,14.010499999996682,14.245500000000902,-0.23500000000422006,0.016496437471777415
2026-08-06 02:39:00,20183.3,912.49,44672.21,49028.36,13.880499999999302,14.240499999999884,-0.3600000000005821,0.02528001123560163
2026-08-06 02:40:00,20183.15,912.53,44672.14,49028.23,13.75050000000192,14.240499999999884,-0.48999999999796273,0.03440890418159241
2026-08-06 02:41:00,20183.15,912.64,44672.19,49028.29,13.810499999999593,14.240499999999884,-0.43000000000029104,0.030195568975829118
2026-08-06 02:42:00,20183.11,912.63,44672.17,49028.24,13.760499999996682,14.235499999998865,-0.4750000000021828,0.03336728601048229
2026-08-06 02:43:00,20182.78,912.7,44672.1,49028.05,13.57050000000163,14.230499999997846,-0.6599999999962165,0.04637925582349998
2026-08-06 02:44:00,20182.63,912.63,44672.1,49027.99,13.510499999996682,14.220499999999447,-0.7100000000027649,0.04992792095937502
2026-08-06 02:45:00,20182.6,912.52,44672.15,49028.02,13.540499999995518,14.210500000001048,-0.6700000000055297,0.04714823546008095
2026-08-06 02:46:00,20182.85,912.55,44672.27,49028.24,13.760499999996682,14.210500000001048,-0.4500000000043656,0.03166672530905545
2026-08-06 02:47:00,20182.84,912.62,44672.29,49028.24,13.760499999996682,14.210500000001048,-0.4500000000043656,0.03166672530905545
2026-08-06 02:48:00,20182.83,912.68,44672.3,49028.25,13.77049999999872,14.205500000000029,-0.4350000000013097,0.030621942205575924
2026-08-06 02:49:00,20182.92,912.74,44672.5,49028.47,13.990499999999884,14.20049999999901,-0.20999999999912689,0.014788211682626775
2026-08-06 02:50:00,20183.17,912.65,44672.49,49028.57,14.090499999998428,14.20049999999901,-0.11000000000058208,0.007746206119544364
2026-08-06 02:51:00,20183.41,912.23,44672.6,49028.78,14.300499999997555,14.20049999999901,0.09999999999854481,0.007042005563082411
2026-08-06 02:52:00,20183.58,912.08,44672.75,49028.98,14.50050000000192,14.195499999997992,0.305000000003929,0.02148568208262986
2026-08-06 02:53:00,20183.56,912.0,44672.76,49028.98,14.50050000000192,14.190499999996973,0.31000000000494765,0.0218456009305531
2026-08-06 02:54:00,20183.48,912.09,44672.62,49028.82,14.340499999998428,14.185499999999593,0.15499999999883585,0.010926650452845533
2026-08-06 02:55:00,20183.69,912.23,44672.7,49028.98,14.50050000000192,14.180500000002212,0.31999999999970896,0.022566200063443394
2026-08-06 02:56:00,20183.49,912.57,44672.59,49028.79,14.310499999999593,14.180500000002212,0.12999999999738066,0.009167518775597502
2026-08-06 02:57:00,20183.19,912.81,44672.41,49028.48,14.00050000000192,14.180500000002212,-0.18000000000029104,0.012693487535718978
2026-08-06 02:58:00,20183.12,913.18,44672.45,49028.53,14.050499999997555,14.175500000001193,-0.12500000000363798,0.008818031110269652
2026-08-06 02:59:00,20183.16,913.21,44672.46,49028.56,14.080499999996391,14.170500000000175,-0.0900000000037835,0.006351222610619413
2026-08-06 03:00:00,20183.13,913.32,44672.53,49028.61,14.130499999999302,14.150499999999738,-0.020000000000436557,0.0014133776191962778
2026-08-06 03:01:00,20183.23,913.26,44672.57,49028.68,14.20049999999901,14.130499999999302,0.06999999999970896,0.004953823290026002
2026-08-06 03:02:00,20183.47,913.17,44672.79,49028.98,14.50050000000192,14.125499999998283,0.375000000003638,0.026547732823877637
2026-08-06 03:03:00,20183.38,912.95,44672.68,49028.84,14.360499999995227,14.120499999997264,0.23999999999796273,0.016996565277292534
2026-08-06 03:04:00,20183.29,912.8,44672.6,49028.73,14.25050000000192,14.115499999996246,0.13500000000567525,0.00956395451848756
2026-08-06 03:05:00,20183.51,912.82,44672.81,49029.01,14.530500000000757,14.110499999995227,0.42000000000552973,0.029765068566363472
2026-08-06 03:06:00,20183.45,912.83,44672.77,49028.95,14.470499999995809,14.105499999997846,0.36499999999796273,0.025876431179186733
2026-08-06 03:07:00,20183.5,912.66,44672.72,49028.93,14.45049999999901,14.100500000000466,0.3499999999985448,0.02482181482915735
2026-08-06 03:08:00,20183.44,912.68,44672.75,49028.93,14.45049999999901,14.095499999999447,0.35499999999956344,0.025185342839883464
2026-08-06 03:09:00,20183.37,912.72,44672.82,49028.96,14.480499999997846,14.090499999998428,0.3899999999994179,0.027678222916110957
2026-08-06 03:10:00,20183.34,912.81,44672.89,49029.02,14.540499999995518,14.090499999998428,0.4499999999970896,0.03193641105689222
2026-08-06 03:11:00,20183.5,912.73,44673.11,49029.28,14.800499999997555,14.090499999998428,0.7099999999991269,0.05038855966780498
2026-08-06 03:12:00,20183.26,912.75,44672.96,49029.05,14.57050000000163,14.08549999999741,0.48500000000422006,0.03443257250394443
2026-08-06 03:13:00,20183.36,912.75,44672.9,49029.04,14.560499999999593,14.080499999996391,0.4800000000032014,0.03408969851946483
2026-08-06 03:14:00,20183.33,912.67,44672.98,49029.08,14.600500000000466,14.080499999996391,0.5200000000040745,0.03693050672946329
2026-08-06 03:15:00,20183.28,912.68,44672.98,49029.05,14.57050000000163,14.080499999996391,0.4900000000052387,0.034799900572093624
2026-08-06 03:16:00,20183.27,912.73,44673.04,49029.09,14.610499999995227,14.065499999996973,0.5449999999982538,0.038747289467020087
2026-08-06 03:17:00,20183.15,912.74,44673.07,49029.08,14.600500000000466,14.050499999997555,0.5500000000029104,0.0391445144303054
2026-08-06 03:18:00,20182.97,912.76,44672.99,49028.96,14.480499999997846,14.045499999996537,0.4350000000013097,0.03097077355746801
2026-08-06 03:19:00,20182.75,912.85,44672.95,49028.86,14.380499999999302,14.040499999995518,0.3400000000037835,0.024215661835681922
2026-08-06 03:20:00,20182.89,912.94,44673.25,49029.18,14.70049999999901,14.040499999995518,0.6600000000034925,0.04700687297487292
2026-08-06 03:21:00,20183.02,913.02,44673.35,49029.31,14.830499999996391,14.040499999995518,0.7900000000008731,0.05626580249999112
2026-08-06 03:22:00,20182.74,913.16,44673.16,49029.04,14.560499999999593,14.030499999997119,0.5300000000024738,0.03777484765351076
2026-08-06 03:23:00,20182.64,913.33,44673.13,49028.98,14.50050000000192,14.02049999999872,0.4800000000032014,0.03423558360994581
2026-08-06 03:24:00,20182.68,913.3,44673.25,49029.08,14.600500000000466,14.0154999999977,0.5850000000027649,0.04173950269365066
2026-08-06 03:25:00,20182.29,913.3,44673.04,49028.71,14.230499999997846,14.010499999996682,0.22000000000116415,0.015702508832748027
2026-08-06 03:26:00,20182.34,913.56,44673.02,49028.73,14.25050000000192,14.010499999996682,0.2400000000052387,0.01713000963600839
2026-08-06 03:27:00,20182.44,914.09,44673.27,49029.0,14.52049999999872,14.010499999996682,0.5100000000020373,0.03640127047586867
2026-08-06 03:28:00,20182.09,914.05,44673.04,49028.66,14.180500000002212,14.005499999999302,0.17500000000291038,0.012495091214374289
2026-08-06 03:29:00,20181.87,914.17,44672.95,49028.47,13.990499999999884,14.00050000000192,-0.010000000002037268,0.0007142602051380948
2026-08-06 03:30:00,20181.98,914.09,44673.11,49028.66,14.180500000002212,14.00050000000192,0.18000000000029104,0.012856683689887244
2026-08-06 03:31:00,20182.34,914.25,44673.64,49029.27,14.790499999995518,14.00050000000192,0.7899999999935972,0.056426556193956555
2026-08-06 03:32:00,20182.27,914.3,44673.64,49029.25,14.77049999999872,13.995500000000902,0.7749999999978172,0.05537494194546585
2026-08-06 03:33:00,20182.15,914.47,44673.51,49029.12,14.640500000001339,13.990499999999884,0.6500000000014552,0.04646009792369541
2026-08-06 03:34:00,20181.92,914.67,44673.36,49028.89,14.410499999998137,13.990499999999884,0.41999999999825377,0.030020370965888086
2026-08-06 03:35:00,20182.02,914.53,44673.35,49028.92,14.440499999996973,13.990499999999884,0.4499999999970896,0.03216468317766294
2026-08-06 03:36:00,20182.05,914.65,44673.44,49029.02,14.540499999995518,13.975500000000466,0.5649999999950523,0.04042789166720572
2026-08-06 03:37:00,20182.32,914.59,44673.73,49029.4,14.920500000000175,13.960500000001048,0.9599999999991269,0.06876544536363703
2026-08-06 03:38:00,20182.45,914.72,44673.86,49029.56,15.080499999996391,13.95049999999901,1.1299999999973807,0.08100068097899436
2026-08-06 03:39:00,20182.5,914.88,44673.89,49029.61,15.130499999999302,13.940499999996973,1.1900000000023283,0.08536279186561362
2026-08-06 03:40:00,20182.46,915.04,44673.93,49029.65,15.170500000000175,13.925499999997555,1.2450000000026193,0.08940433018583448
2026-08-06 03:41:00,20182.4,915.12,44673.87,49029.57,15.090499999998428,13.910499999998137,1.180000000000291,0.08482800762017534
2026-08-06 03:42:00,20182.2,915.11,44673.75,49029.38,14.9004999999961,13.905499999997119,0.9949999999989814,0.07155442091253011
2026-08-06 03:43:00,20182.27,915.37,44674.0,49029.64,15.160499999998137,13.9004999999961,1.2600000000020373,0.09064422143105577
2026-08-06 03:44:00,20182.15,915.25,44674.02,49029.59,15.110499999995227,13.8904999999977,1.2199999999975262,0.0878298117416744
2026-08-06 03:45:00,20182.11,915.22,44674.19,49029.74,15.260499999996682,13.880499999999302,1.3799999999973807,0.09942004970984115
2026-08-06 03:46:00,20181.99,915.23,44674.1,49029.61,15.130499999999302,13.845499999999447,1.2849999999998545,0.09280993824707709
2026-08-06 03:47:00,20182.02,915.28,44674.18,49029.69,15.210500000001048,13.810499999999593,1.4000000000014552,0.10137214438300543
2026-08-06 03:48:00,20181.49,915.78,44674.04,49029.35,14.870499999997264,13.790499999999156,1.0799999999981083,0.07831478191495408
2026-08-06 03:49:00,20181.26,915.82,44673.79,49029.04,14.560499999999593,13.77049999999872,0.7900000000008731,0.057369013470894056
2026-08-06 03:50:00,20181.73,915.85,44674.23,49029.63,15.1504999999961,13.77049999999872,1.3799999999973807,0.10021422606277978
2026-08-06 03:51:00,20181.6,916.0,44674.34,49029.67,15.190499999996973,13.77049999999872,1.4199999999982538,0.10311898623858144
2026-08-06 03:52:00,20181.29,916.19,44674.29,49029.49,15.010499999996682,13.7654999999977,1.2449999999989814,0.09044350005442514
2026-08-06 03:53:00,20181.31,916.29,44674.31,49029.51,15.030500000000757,13.760499999996682,1.2700000000040745,0.09229315795242765
2026-08-06 03:54:00,20181.31,916.53,44674.37,49029.59,15.110499999995227,13.760499999996682,1.3499999999985448,0.09810690018523094
2026-08-06 03:55:00,20181.09,916.43,44674.28,49029.42,14.940499999996973,13.760499999996682,1.180000000000291,0.08575269793979692
2026-08-06 03:56:00,20181.04,916.81,44674.34,49029.48,15.00050000000192,13.760499999996682,1.2400000000052387,0.09011300461506033
2026-08-06 03:57:00,20181.17,916.91,44674.59,49029.75,15.27049999999872,13.760499999996682,1.5100000000020373,0.10973438465189501
2026-08-06 03:58:00,20181.04,916.8,44674.54,49029.64,15.160499999998137,13.755499999999302,1.4049999999988358,0.1021409617970199
2026-08-06 03:59:00,20181.28,916.7,44674.7,49029.87,15.390500000001339,13.75050000000192,1.639999999999418,0.11926839024029591
2026-08-06 04:00:00,20180.98,917.2,44674.75,49029.8,15.32050000000163,13.690500000000611,1.6300000000010186,0.11906066250326473
2026-08-06 04:01:00,20181.0,917.25,44674.88,49029.93,15.45049999999901,13.630499999999302,1.819999999999709,0.1335240820219216
2026-08-06 04:02:00,20180.95,917.31,44674.94,49029.95,15.470499999995809,13.600500000000466,1.8699999999953434,0.13749494503843823
2026-08-06 04:03:00,20181.33,917.45,44675.24,49030.38,15.9004999999961,13.57050000000163,2.3299999999944703,0.1716959581440765
2026-08-06 04:04:00,20181.17,917.74,44675.28,49030.36,15.880499999999302,13.555499999998574,2.3250000000007276,0.17151709638161428
2026-08-06 04:05:00,20181.07,917.94,44675.16,49030.21,15.730499999997846,13.540499999995518,2.1900000000023283,0.16173701118888173
2026-08-06 04:06:00,20181.01,917.9,44675.09,49030.13,15.6504999999961,13.530499999997119,2.1199999999989814,0.15668304940685363
2026-08-06 04:07:00,20181.07,918.04,44675.23,49030.28,15.800499999997555,13.52049999999872,2.279999999998836,0.16863281683362685
2026-08-06 04:08:00,20180.91,918.23,44675.15,49030.15,15.670500000000175,13.5154999999977,2.155000000002474,0.1594465613556909
2026-08-06 04:09:00,20180.9,918.63,44675.4,49030.39,15.910499999998137,13.510499999996682,2.400000000001455,0.17763961363399167
2026-08-06 04:10:00,20180.63,918.74,44675.17,49030.07,15.590499999998428,13.510499999996682,2.0800000000017462,0.15395433181616203
2026-08-06 04:11:00,20180.52,918.87,44675.2,49030.03,15.550499999997555,13.510499999996682,2.040000000000873,0.150993671588866
2026-08-06 04:12:00,20180.62,918.61,44675.21,49030.09,15.610499999995227,13.370499999997264,2.2399999999979627,0.1675330017574826
2026-08-06 04:13:00,20180.26,918.82,44675.27,49030.01,15.530500000000757,13.230499999997846,2.3000000000029104,0.17384074675963002
2026-08-06 04:14:00,20180.64,919.15,44675.6,49030.48,16.00050000000192,13.230499999997846,2.7700000000040745,0.20936472544533657
2026-08-06 04:15:00,20180.07,918.92,44675.45,49030.1,15.620499999997264,13.230499999997846,2.389999999999418,0.1806432107629951
2026-08-06 04:16:00,20180.64,918.49,44675.77,49030.62,16.14050000000134,13.130499999999302,3.0100000000020373,0.22923727200047198
2026-08-06 04:17:00,20180.5,919.11,44675.86,49030.67,16.190499999996973,13.030500000000757,3.1599999999962165,0.24250796208864073
2026-08-06 04:18:00,20180.47,918.87,44676.02,49030.78,16.300499999997555,13.01050000000032,3.289999999997235,0.25287267975843775
2026-08-06 04:19:00,20180.3,918.85,44675.91,49030.6,16.120499999997264,12.990499999999884,3.1299999999973807,0.24094530618508977
2026-08-06 04:20:00,20180.23,918.86,44675.9,49030.57,16.09049999999843,12.945499999997992,3.1450000000004366,0.24294156270525855
2026-08-06 04:21:00,20180.06,918.79,44675.76,49030.39,15.910499999998137,12.9004999999961,3.0100000000020373,0.23332428975643946
2026-08-06 04:22:00,20180.13,918.98,44676.01,49030.65,16.170500000000175,12.860499999998865,3.3100000000013097,0.25737724038735676
2026-08-06 04:23:00,20179.98,918.97,44676.1,49030.67,16.190499999996973,12.82050000000163,3.3699999999953434,0.26286026285986624
2026-08-06 04:24:00,20180.2,918.87,44676.31,49030.94,16.460500000001048,12.840499999998428,3.6200000000026193,0.28192048596262315
2026-08-06 04:25:00,20180.14,919.26,44676.17,49030.78,16.300499999997555,12.860499999995227,3.4400000000023283,0.26748571206435245
2026-08-06 04:26:00,20180.01,919.1,44676.1,49030.66,16.180500000002212,12.880499999995664,3.3000000000065484,0.25620123442472414
2026-08-06 04:27:00,20180.13,919.33,44676.15,49030.78,16.300499999997555,12.9004999999961,3.400000000001455,0.26355567613677633
2026-08-06 04:28:00,20180.19,919.35,44676.19,49030.83,16.350500000000466,12.945499999997992,3.405000000002474,0.2630257618479782
2026-08-06 04:29:00,20180.11,919.5,44676.18,49030.79,16.310499999999593,12.990499999999884,3.319999999999709,0.2555713790846956
2026-08-06 04:30:00,20179.95,919.69,44676.16,49030.7,16.22049999999581,13.01050000000032,3.209999999995489,0.2467238000073333
2026-08-06 04:31:00,20180.0,919.62,44676.15,49030.71,16.230499999997846,13.030500000000757,3.1999999999970896,0.24557768312780812
2026-08-06 04:32:00,20179.93,919.96,44676.14,49030.68,16.20049999999901,13.070499999997992,3.1300000000010186,0.2394705634827665
2026-08-06 04:33:00,20179.78,919.93,44676.06,49030.54,16.060499999999593,13.110499999995227,2.9500000000043656,0.22501048777738755
2026-08-06 04:34:00,20179.94,919.64,44676.22,49030.78,16.300499999997555,13.125499999998283,3.1749999999992724,0.24189554683628722
2026-08-06 04:35:00,20180.17,920.06,44676.43,49031.08,16.600500000000466,13.140500000001339,3.459999999999127,0.2633080932992485
2026-08-06 04:36:00,20180.13,920.38,44676.41,49031.03,16.550499999997555,13.165499999999156,3.3849999999983993,0.2571113896166964
2026-08-06 04:37:00,20179.75,920.83,44676.09,49030.6,16.120499999997264,13.190499999996973,2.930000000000291,0.2221295629431002
2026-08-06 04:38:00,20179.69,921.54,44676.19,49030.67,16.190499999996973,13.195499999997992,2.9949999999989814,0.22697131597888956
2026-08-06 04:39:00,20179.67,921.96,44676.26,49030.73,16.25050000000192,13.20049999999901,3.0500000000029104,0.23105185409667353
2026-08-06 04:40:00,20179.65,922.34,44676.07,49030.57,16.09049999999843,13.215499999998428,2.875,0.21754757670919314
2026-08-06 04:41:00,20179.46,923.2,44675.91,49030.35,15.870499999997264,13.230499999997846,2.639999999999418,0.19953894410640927
2026-08-06 04:42:00,20179.88,923.58,44676.03,49030.65,16.170500000000175,13.230499999997846,2.9400000000023283,0.2222138241187262
2026-08-06 04:43:00,20179.98,923.83,44675.84,49030.52,16.040499999995518,13.230499999997846,2.8099999999976717,0.2123880427797989
2026-08-06 04:44:00,20180.0,924.04,44675.87,49030.56,16.08049999999639,13.245499999997264,2.834999999999127,0.2140349552678051
2026-08-06 04:45:00,20180.23,924.15,44675.99,49030.77,16.290499999995518,13.260499999996682,3.029999999998836,0.22849817126047992
2026-08-06 04:46:00,20180.25,923.73,44675.96,49030.75,16.27049999999872,13.2654999999977,3.0050000000010186,0.22652745844495417
2026-08-06 04:47:00,20180.27,924.1,44675.93,49030.71,16.230499999997846,13.27049999999872,2.959999999999127,0.22305112844274236
2026-08-06 04:48:00,20180.41,924.55,44676.1,49030.94,16.460500000001048,13.300499999997555,3.1600000000034925,0.23758505319379522
2026-08-06 04:49:00,20180.47,924.82,44676.2,49031.05,16.57050000000163,13.330499999996391,3.2400000000052387,0.24305164847575977
2026-08-06 04:50:00,20180.52,925.16,44675.88,49030.8,16.32050000000163,13.385499999996682,2.9350000000049477,0.21926711740358412
2026-08-06 04:51:00,20180.63,925.12,44675.86,49030.83,16.350500000000466,13.440499999996973,2.9100000000034925,0.2165098024630146
2026-08-06 04:52:00,20180.87,925.22,44676.11,49031.14,16.660499999998137,13.45049999999901,3.209999999999127,0.23865283818440675
2026-08-06 04:53:00,20180.87,925.57,44676.02,49031.06,16.58049999999639,13.460500000001048,3.1199999999953434,0.23178930946065157
2026-08-06 04:54:00,20180.75,925.92,44675.91,49030.92,16.440499999996973,13.465499999998428,2.974999999998545,0.22093498199093178
2026-08-06 04:55:00,20180.83,926.1,44675.82,49030.87,16.39050000000134,13.470499999995809,2.9200000000055297,0.21676997884313412
2026-08-06 04:56:00,20180.86,926.19,44675.77,49030.85,16.370499999997264,13.490499999996246,2.8800000000010186,0.21348356250708425
2026-08-06 04:57:00,20181.27,926.2,44676.0,49031.22,16.740499999999884,13.510499999996682,3.2300000000032014,0.23907331334917248
2026-08-06 04:58:00,20181.24,926.55,44675.75,49030.98,16.50050000000192,13.510499999996682,2.9900000000052387,0.22130935198593485
2026-08-06 04:59:00,20181.31,927.0,44675.6,49030.88,16.4004999999961,13.510499999996682,2.889999999999418,0.21390770141742554
2026-08-06 05:00:00,20181.54,927.2,44675.6,49030.99,16.510499999996682,13.5154999999977,2.9949999999989814,0.2215974251784611
2026-08-06 05:01:00,20181.92,927.05,44675.8,49031.33,16.850500000000466,13.52049999999872,3.3300000000017462,0.24629266669147307
2026-08-06 05:02:00,20181.36,927.96,44675.24,49030.61,16.1304999999993,13.530499999997119,2.600000000002183,0.19215845681997978
2026-08-06 05:03:00,20182.09,927.73,44675.63,49031.26,16.780500000000757,13.540499999995518,3.2400000000052387,0.23928215353984794
2026-08-06 05:04:00,20182.12,927.11,44675.54,49031.17,16.690499999996973,13.545499999996537,3.1450000000004366,0.23218042892482674
2026-08-06 05:05:00,20182.12,928.4,44675.27,49030.95,16.47049999999581,13.550499999997555,2.9199999999982538,0.21549020331344088
2026-08-06 05:06:00,20182.22,928.2,44675.24,49030.96,16.480499999997846,13.560499999999593,2.9199999999982538,0.21533129309379018
2026-08-06 05:07:00,20182.21,928.45,44675.23,49030.95,16.47049999999581,13.57050000000163,2.8999999999941792,0.2136988320248945
2026-08-06 05:08:00,20182.38,928.35,44675.05,49030.86,16.3804999999993,13.57050000000163,2.8099999999976717,0.2070667993071246
2026-08-06 05:09:00,20182.54,928.34,44675.26,49031.11,16.6304999999993,13.57050000000163,3.0599999999976717,0.22548911241275593
2026-08-06 05:10:00,20182.74,928.4,44675.14,49031.09,16.610499999995227,13.585500000001048,3.0249999999941792,0.22266386956637194
2026-08-06 05:11:00,20182.53,929.04,44674.86,49030.75,16.27049999999872,13.600500000000466,2.6699999999982538,0.19631631190016266
2026-08-06 05:12:00,20182.58,929.16,44674.77,49030.7,16.22049999999581,13.600500000000466,2.6199999999953434,0.19263997647110429
2026-08-06 05:13:00,20182.85,929.06,44674.89,49030.93,16.45049999999901,13.600500000000466,2.849999999998545,0.2095511194440239
2026-08-06 05:14:00,20182.69,929.08,44674.95,49030.91,16.430500000002212,13.610499999998865,2.820000000003347,0.20719297601143102
2026-08-06 05:15:00,20182.73,929.28,44674.84,49030.82,16.34049999999843,13.620499999997264,2.720000000001164,0.19969898315052387
2026-08-06 05:16:00,20183.2,929.5,44674.96,49031.13,16.6504999999961,13.625499999998283,3.024999999997817,0.22201020146036465
2026-08-06 05:17:00,20183.15,929.88,44674.97,49031.11,16.6304999999993,13.630499999999302,3.0,0.22009464069551035
2026-08-06 05:18:00,20182.68,929.5,44674.76,49030.72,16.240499999999884,13.63550000000032,2.6049999999995634,0.19104543287737907
2026-08-06 05:19:00,20182.57,929.81,44674.55,49030.5,16.02049999999872,13.640500000001339,2.3799999999973807,0.17448040760948258
2026-08-06 05:20:00,20182.75,930.21,44674.32,49030.37,15.890500000001339,13.655500000000757,2.235000000000582,0.16367031598992773
2026-08-06 05:21:00,20183.02,931.13,44674.6,49030.75,16.27049999999872,13.670500000000175,2.599999999998545,0.19019055630726833
2026-08-06 05:22:00,20183.05,931.54,44674.27,49030.47,15.990499999999884,13.670500000000175,2.319999999999709,0.16970849639732852
2026-08-06 05:23:00,20183.07,931.96,44674.23,49030.44,15.960500000001048,13.670500000000175,2.290000000000873,0.1675139899784824
2026-08-06 05:24:00,20182.88,932.21,44674.06,49030.24,15.760499999996682,13.685499999999593,2.0749999999970896,0.15162032808426082
2026-08-06 05:25:00,20182.81,932.34,44674.04,49030.21,15.730499999997846,13.70049999999901,2.029999999998836,0.14816977482566202
2026-08-06 05:26:00,20182.81,933.33,44674.15,49030.29,15.810499999999593,13.715499999998428,2.095000000001164,0.1527468922023553
2026-08-06 05:27:00,20183.05,932.83,44674.27,49030.5,16.02049999999872,13.730499999997846,2.290000000000873,0.16678198171961928
2026-08-06 05:28:00,20183.04,933.3,44674.15,49030.39,15.910499999998137,13.735499999998865,2.1749999999992724,0.15834880419347327
2026-08-06 05:29:00,20183.11,933.36,44673.92,49030.23,15.75050000000192,13.740499999999884,2.0100000000020373,0.14628288635799674
2026-08-06 05:30:00,20183.66,934.28,44674.08,49030.6,16.120499999997264,13.745500000000902,2.374999999996362,0.17278382015904886
2026-08-06 05:31:00,20183.95,934.29,44673.93,49030.58,16.100500000000466,13.75050000000192,2.349999999998545,0.17090287625891543
2026-08-06 05:32:00,20184.32,934.11,44673.98,49030.79,16.310499999999593,13.75050000000192,2.5599999999976717,0.18617504817987085
2026-08-06 05:33:00,20184.53,933.28,44674.16,49031.0,16.52049999999872,13.75050000000192,2.7699999999967986,0.20144722010082627
2026-08-06 05:34:00,20184.68,932.73,44674.39,49031.26,16.780500000000757,13.755499999999302,3.025000000001455,0.21991203518604258
2026-08-06 05:35:00,20184.7,933.07,44674.35,49031.24,16.760499999996682,13.760499999996682,3.0,0.21801533374519264
2026-08-06 05:36:00,20185.28,932.77,44674.53,49031.64,17.160499999998137,13.760499999996682,3.400000000001455,0.24708404491132407
2026-08-06 05:37:00,20185.2,933.06,44674.59,49031.67,17.190499999996973,13.760499999996682,3.430000000000291,0.2492641982486914
2026-08-06 05:38:00,20185.78,933.15,44674.45,49031.78,17.300499999997555,13.760499999996682,3.540000000000873,0.25725809381939074
2026-08-06 05:39:00,20185.64,933.04,44674.2,49031.49,17.010499999996682,13.760499999996682,3.25,0.23618327822395868
2026-08-06 05:40:00,20186.1,932.42,44674.52,49031.95,17.47049999999581,13.7654999999977,3.7049999999981083,0.2691511387162636
2026-08-06 05:41:00,20186.18,931.97,44674.55,49031.99,17.510499999996682,13.77049999999872,3.7399999999979627,0.2715950764313794
2026-08-06 05:42:00,20185.81,932.22,44674.48,49031.79,17.310499999999593,13.77049999999872,3.540000000000873,0.2570712755528995
2026-08-06 05:43:00,20185.46,932.61,44674.38,49031.57,17.09049999999843,13.77049999999872,3.319999999999709,0.2410950945862545
2026-08-06 05:44:00,20185.3,932.56,44674.25,49031.39,16.910499999998137,13.780499999997119,3.1300000000010186,0.22713254236070338
2026-08-06 05:45:00,20185.52,932.37,44674.5,49031.71,17.230499999997846,13.790499999995518,3.4400000000023283,0.249447083137192
2026-08-06 05:46:00,20185.27,932.75,44674.54,49031.66,17.180500000002212,13.800499999997555,3.3800000000046566,0.24491866236768634
2026-08-06 05:47:00,20184.61,934.34,44674.33,49031.2,16.72049999999581,13.810499999999593,2.9099999999962165,0.21070924296703974
2026-08-06 05:48:00,20184.76,935.06,44673.76,49030.76,16.280500000000757,13.845499999999447,2.4350000000013097,0.17586941605585982
2026-08-06 05:49:00,20184.5,936.14,44673.3,49030.26,15.780500000000757,13.880499999999302,1.9000000000014552,0.13688267713710248
2026-08-06 05:50:00,20185.07,936.77,44673.41,49030.53,16.050499999997555,13.880499999999302,2.1699999999982538,0.156334425993182
2026-08-06 05:51:00,20185.23,937.08,44673.16,49030.43,15.95049999999901,13.880499999999302,2.069999999999709,0.1491300745650238
2026-08-06 05:52:00,20185.58,937.01,44673.29,49030.68,16.20049999999901,13.8904999999977,2.3100000000013097,0.16630070911786415
2026-08-06 05:53:00,20186.03,936.63,44673.57,49031.12,16.64050000000134,13.9004999999961,2.7400000000052387,0.19711521168346516
2026-08-06 05:54:00,20186.64,936.35,44673.57,49031.38,16.9004999999961,13.905499999997119,2.9949999999989814,0.21538240264640623
2026-08-06 05:55:00,20187.16,935.88,44673.8,49031.77,17.290499999995518,13.910499999998137,3.3799999999973807,0.24298192013211842
2026-08-06 05:56:00,20187.49,935.9,44673.92,49032.01,17.530500000000757,13.925499999997555,3.6050000000032014,0.2588775986502341
2026-08-06 05:57:00,20187.59,935.45,44673.85,49031.99,17.510499999996682,13.940499999996973,3.569999999999709,0.2560883755963189
2026-08-06 05:58:00,20187.97,934.58,44674.12,49032.38,17.9004999999961,13.95049999999901,3.9499999999970896,0.2831439733341006
2026-08-06 05:59:00,20187.88,934.16,44674.34,49032.55,18.07050000000163,13.960500000001048,4.110000000000582,0.2944020629633805
2026-08-06 06:00:00,20187.72,934.61,44674.28,49032.43,17.95049999999901,13.975500000000466,3.974999999998545,0.2844263174840551
2026-08-06 06:01:00,20187.73,934.73,44674.19,49032.35,17.870499999997264,13.990499999999884,3.8799999999973807,0.2773310460667891
2026-08-06 06:02:00,20187.91,935.24,44674.34,49032.55,18.07050000000163,13.990499999999884,4.080000000001746,0.29162646081282156
2026-08-06 06:03:00,20187.76,935.34,44674.1,49032.3,17.82050000000163,13.990499999999884,3.8300000000017462,0.27375719238067103
2026-08-06 06:04:00,20187.71,935.3,44673.88,49032.09,17.610499999995227,13.995500000000902,3.6149999999943248,0.2582973098491724
2026-08-06 06:05:00,20188.08,935.44,44674.25,49032.59,18.110499999995227,14.00050000000192,4.109999999993306,0.2935609442514726
2026-08-06 06:06:00,20188.28,935.34,44674.44,49032.8,18.32050000000163,14.00050000000192,4.319999999999709,0.30856040855677414
2026-08-06 06:07:00,20188.42,935.06,44674.48,49032.9,18.420500000000175,14.00050000000192,4.419999999998254,0.315703010606596
2026-08-06 06:08:00,20188.19,935.38,44674.22,49032.58,18.100500000000466,14.00050000000192,4.099999999998545,0.2928466840468542
2026-08-06 06:09:00,20188.74,935.17,44674.6,49033.15,18.670500000000175,14.00050000000192,4.669999999998254,0.3335595157314105
2026-08-06 06:10:00,20188.29,935.71,44674.46,49032.86,18.3804999999993,14.00050000000192,4.379999999997381,0.3128459697865633
2026-08-06 06:11:00,20188.37,935.35,44674.51,49032.92,18.440499999996973,14.00050000000192,4.439999999995052,0.3171315310163525
2026-08-06 06:12:00,20188.24,935.51,44674.48,49032.83,18.350500000000466,14.005499999999302,4.345000000001164,0.31023526471753105
2026-08-06 06:13:00,20187.91,935.86,44674.24,49032.51,18.030500000000757,14.010499999996682,4.0200000000040745,0.2869276613971683
2026-08-06 06:14:00,20188.15,936.05,44674.28,49032.65,18.170500000000175,14.010499999996682,4.1600000000034925,0.2969201670179135
2026-08-06 06:15:00,20188.01,936.46,44674.2,49032.55,18.07050000000163,14.010499999996682,4.060000000004948,0.2897826630031697
2026-08-06 06:16:00,20188.14,936.75,44674.25,49032.64,18.160499999998137,14.0154999999977,4.145000000000437,0.2957439977168932
2026-08-06 06:17:00,20188.39,937.07,44674.32,49032.82,18.34049999999843,14.02049999999872,4.319999999999709,0.3081202524874365
2026-08-06 06:18:00,20188.29,937.27,44674.18,49032.67,18.190499999996973,14.030499999997119,4.1599999999998545,0.2964969174299354
2026-08-06 06:19:00,20188.22,936.94,44674.21,49032.66,18.180500000002212,14.040499999995518,4.140000000006694,0.2948612941140284
2026-08-06 06:20:00,20188.33,936.81,44674.27,49032.75,18.27049999999872,14.040499999995518,4.230000000003201,0.30127132224668296
2026-08-06 06:21:00,20188.59,936.77,44674.44,49033.02,18.540499999995518,14.040499999995518,4.5,0.3205014066451648
2026-08-06 06:22:00,20188.55,936.96,44674.53,49033.07,18.59049999999843,14.045499999996537,4.545000000001892,0.3235911857892572
2026-08-06 06:23:00,20188.48,936.93,44674.49,49033.03,18.550499999997555,14.050499999997555,4.5,0.3202732998826222
2026-08-06 06:24:00,20188.54,937.01,44674.53,49033.08,18.600500000000466,14.060499999999593,4.540000000000873,0.32289036662999215
2026-08-06 06:25:00,20188.41,937.34,44674.32,49032.83,18.350500000000466,14.07050000000163,4.279999999998836,0.30418250950558545
2026-08-06 06:26:00,20188.59,937.33,44674.59,49033.16,18.680500000002212,14.07549999999901,4.605000000003201,0.32716422151991226
2026-08-06 06:27:00,20188.28,937.84,44674.3,49032.79,18.310499999999593,14.080499999996391,4.230000000003201,0.30041546820100745
2026-08-06 06:28:00,20188.14,938.24,44674.23,49032.67,18.190499999996973,14.080499999996391,4.110000000000582,0.2918930435710121
2026-08-06 06:29:00,20188.07,938.52,44674.15,49032.56,18.08049999999639,14.080499999996391,4.0,0.28408082099364546
2026-08-06 06:30:00,20187.93,938.69,44674.17,49032.52,18.040499999995518,14.08549999999741,3.9549999999981083,0.28078520464299
2026-08-06 06:31:00,20187.79,939.03,44674.13,49032.44,17.960500000001048,14.090499999998428,3.8700000000026193,0.2746531350912353
2026-08-06 06:32:00,20187.72,939.28,44674.14,49032.44,17.960500000001048,14.090499999998428,3.8700000000026193,0.2746531350912353
2026-08-06 06:33:00,20187.93,939.51,44674.47,49032.82,18.34049999999843,14.090499999998428,4.25,0.3016216599837106
2026-08-06 06:34:00,20188.02,938.72,44674.58,49032.94,18.460500000001048,14.095499999999447,4.365000000001601,0.309673299989484
2026-08-06 06:35:00,20188.2,938.36,44674.81,49033.21,18.730499999997846,14.100500000000466,4.629999999997381,0.328357150455461
2026-08-06 06:36:00,20188.3,938.13,44674.82,49033.29,18.810499999999593,14.105499999997846,4.705000000001746,0.33355783205150225
2026-08-06 06:37:00,20188.66,937.85,44675.05,49033.62,19.14050000000134,14.110499999995227,5.030000000006112,0.3564721306833786
2026-08-06 06:38:00,20188.58,937.68,44675.08,49033.62,19.14050000000134,14.115499999996246,5.025000000005093,0.35599164039576564
2026-08-06 06:39:00,20188.26,937.66,44675.05,49033.46,18.980499999997846,14.120499999997264,4.860000000000582,0.34418044686813665
2026-08-06 06:40:00,20188.28,937.6,44675.26,49033.62,19.14050000000134,14.120499999997264,5.0200000000040745,0.3555114903866752
2026-08-06 06:41:00,20187.93,938.07,44675.25,49033.49,19.010499999996682,14.120499999997264,4.889999999999418,0.3463050175277338
2026-08-06 06:42:00,20187.88,937.93,44675.09,49033.34,18.860499999995227,14.125499999998283,4.734999999996944,0.33520937311936
2026-08-06 06:43:00,20187.8,938.03,44675.19,49033.41,18.930500000002212,14.130499999999302,4.80000000000291,0.3396907398891156
2026-08-06 06:44:00,20187.65,938.24,44675.1,49033.26,18.780500000000757,14.150499999999738,4.630000000001019,0.32719691883686824
2026-08-06 06:45:00,20187.72,937.8,44675.12,49033.29,18.810499999999593,14.170500000000175,4.639999999999418,0.3274408101336834
2026-08-06 06:46:00,20187.39,938.12,44674.91,49032.97,18.490499999999884,14.175500000001193,4.31499999999869,0.30439843391755683
2026-08-06 06:47:00,20187.68,938.1,44675.01,49033.18,18.70049999999901,14.180500000002212,4.519999999996799,0.31874757589620206
2026-08-06 06:48:00,20187.81,937.99,44675.0,49033.24,18.760499999996682,14.180500000002212,4.57999999999447,0.3229787384079374
2026-08-06 06:49:00,20187.82,937.43,44675.05,49033.27,18.790499999995518,14.180500000002212,4.609999999993306,0.32509431966380503
2026-08-06 06:50:00,20188.2,936.89,44675.47,49033.79,19.310499999999593,14.185499999999593,5.125,0.3612844101371222
2026-08-06 06:51:00,20188.04,936.93,44675.66,49033.86,19.3804999999993,14.190499999996973,5.190000000002328,0.36573764138003845
2026-08-06 06:52:00,20187.48,937.06,44675.61,49033.56,19.08049999999639,14.195499999997992,4.884999999998399,0.3441231376139685
2026-08-06 06:53:00,20187.39,937.11,44675.35,49033.34,18.860499999995227,14.20049999999901,4.6599999999962165,0.32815745924414924
2026-08-06 06:54:00,20187.18,937.2,44675.56,49033.34,18.860499999995227,14.20049999999901,4.6599999999962165,0.32815745924414924
2026-08-06 06:55:00,20186.95,937.22,44675.18,49032.99,18.510499999996682,14.20049999999901,4.309999999997672,0.3035104397731046
2026-08-06 06:56:00,20186.81,937.42,44675.15,49032.94,18.460500000001048,14.205500000000029,4.255000000001019,0.2995318714583091
2026-08-06 06:57:00,20186.89,937.79,44675.3,49033.11,18.6304999999993,14.210500000001048,4.419999999998254,0.3110376130324709
2026-08-06 06:58:00,20186.58,938.02,44674.99,49032.72,18.240499999999884,14.210500000001048,4.029999999998836,0.28359311776493007
2026-08-06 06:59:00,20186.31,938.19,44674.96,49032.55,18.07050000000163,14.210500000001048,3.860000000000582,0.27163013264841473
2026-08-06 07:00:00,20186.42,938.17,44674.95,49032.58,18.100500000000466,14.215499999998428,3.8850000000020373,0.27329323625637275
2026-08-06 07:01:00,20186.4,938.7,44674.98,49032.62,18.14050000000134,14.220499999995809,3.9200000000055297,0.2756583805074846
2026-08-06 07:02:00,20186.86,938.49,44675.16,49032.96,18.480499999997846,14.225499999996828,4.255000000001019,0.29911075181905505
2026-08-06 07:03:00,20186.63,938.16,44675.07,49032.78,18.300499999997555,14.230499999997846,4.069999999999709,0.28600541091320225
2026-08-06 07:04:00,20186.84,937.72,44675.15,49032.92,18.440499999996973,14.230499999997846,4.209999999999127,0.29584343487577835
2026-08-06 07:05:00,20186.81,937.59,44675.27,49032.98,18.50050000000192,14.230499999997846,4.2700000000040745,0.30005973086010473
2026-08-06 07:06:00,20186.59,937.84,44675.06,49032.75,18.27049999999872,14.235499999998865,4.0349999999998545,0.28344631379299473
2026-08-06 07:07:00,20186.29,938.02,44674.84,49032.41,17.930500000002212,14.240499999999884,3.6900000000023283,0.25912011516466127
2026-08-06 07:08:00,20186.23,937.94,44674.85,49032.41,17.930500000002212,14.240499999999884,3.6900000000023283,0.25912011516466127
2026-08-06 07:09:00,20185.69,938.1,44674.68,49032.03,17.550499999997555,14.240499999999884,3.3099999999976717,0.23243565886013123
2026-08-06 07:10:00,20185.54,938.31,44674.68,49031.89,17.410499999998137,14.245500000000902,3.164999999997235,0.22217542381783964
2026-08-06 07:11:00,20185.59,938.17,44674.62,49031.93,17.45049999999901,14.25050000000192,3.1999999999970896,0.22455352443750454
2026-08-06 07:12:00,20185.48,938.41,44674.51,49031.81,17.33049999999639,14.25050000000192,3.0799999999944703,0.21613276727090663
2026-08-06 07:13:00,20185.33,938.33,44674.25,49031.53,17.050499999997555,14.25050000000192,2.7999999999956344,0.19648433388268882
2026-08-06 07:14:00,20185.56,938.01,44674.55,49031.81,17.33049999999639,14.25050000000192,3.0799999999944703,0.21613276727090663
2026-08-06 07:15:00,20185.21,938.15,44674.4,49031.62,17.14050000000134,14.25050000000192,2.889999999999418,0.20279990175776488
2026-08-06 07:16:00,20185.42,938.19,44674.4,49031.7,17.22049999999581,14.255499999999302,2.9649999999965075,0.20798989863537953
2026-08-06 07:17:00,20185.23,938.24,44674.37,49031.6,17.120499999997264,14.260499999996682,2.860000000000582,0.20055397777085288
2026-08-06 07:18:00,20185.17,938.26,44674.25,49031.48,17.00050000000192,14.27049999999872,2.7300000000032014,0.19130373848172427
2026-08-06 07:19:00,20184.98,937.96,44674.24,49031.4,16.920500000000175,14.280500000000757,2.639999999999418,0.18486747662891903
2026-08-06 07:20:00,20184.66,938.18,44674.18,49031.21,16.730499999997846,14.280500000000757,2.4499999999970896,0.1715626203562172
2026-08-06 07:21:00,20184.52,937.92,44674.03,49031.02,16.540499999995518,14.280500000000757,2.2599999999947613,0.15825776408351538
2026-08-06 07:22:00,20184.46,937.72,44674.1,49031.05,16.57050000000163,14.280500000000757,2.290000000000873,0.1603585308638179
2026-08-06 07:23:00,20184.3,937.69,44674.08,49030.97,16.490499999999884,14.280500000000757,2.209999999999127,0.15475648611736353
2026-08-06 07:24:00,20184.2,937.76,44674.19,49031.02,16.540499999995518,14.285499999998137,2.2549999999973807,0.157852367785354
2026-08-06 07:25:00,20184.05,937.55,44674.14,49030.91,16.430500000002212,14.290499999995518,2.140000000006694,0.14974983380619047
2026-08-06 07:26:00,20184.1,937.32,44674.19,49030.96,16.480499999997846,14.290499999995518,2.1900000000023283,0.15324866169854204
2026-08-06 07:27:00,20183.9,937.79,44674.26,49030.96,16.480499999997846,14.290499999995518,2.1900000000023283,0.15324866169854204
2026-08-06 07:28:00,20183.33,938.07,44673.98,49030.48,16.00050000000192,14.295499999996537,1.7050000000053842,0.11926830121407417
2026-08-06 07:29:00,20183.4,938.04,44674.07,49030.57,16.09049999999843,14.300499999997555,1.7900000000008731,0.12517044858579623
2026-08-06 07:30:00,20183.31,937.99,44674.17,49030.62,16.14050000000134,14.300499999997555,1.8400000000037835,0.12866682983141137
2026-08-06 07:31:00,20183.05,938.05,44674.2,49030.55,16.07050000000163,14.300499999997555,1.7700000000040745,0.12377189608785547
2026-08-06 07:32:00,20182.91,938.08,44674.2,49030.49,16.010499999996682,14.305499999998574,1.7049999999981083,0.11918492887338983
2026-08-06 07:33:00,20182.59,938.01,44674.05,49030.22,15.740499999999884,14.310499999999593,1.430000000000291,0.09992662730165486
2026-08-06 07:34:00,20182.46,938.11,44674.15,49030.27,15.790499999995518,14.315500000000611,1.4749999999949068,0.10303517166671397
2026-08-06 07:35:00,20182.12,937.98,44674.24,49030.2,15.720499999995809,14.32050000000163,1.3999999999941792,0.09776194965217834
2026-08-06 07:36:00,20181.39,938.73,44674.16,49029.84,15.360499999995227,14.32050000000163,1.0399999999935972,0.07262316259861588
2026-08-06 07:37:00,20180.89,939.68,44673.84,49029.37,14.890500000001339,14.32050000000163,0.569999999999709,0.039803079501389206
2026-08-06 07:38:00,20181.01,939.78,44673.69,49029.28,14.800499999997555,14.32549999999901,0.4749999999985448,0.03315765592814056
2026-08-06 07:39:00,20181.32,939.46,44673.73,49029.44,14.960500000001048,14.330499999996391,0.6300000000046566,0.04396217857051849
2026-08-06 07:40:00,20181.54,938.69,44673.6,49029.41,14.930500000002212,14.33549999999741,0.5950000000048021,0.04150535384220359
2026-08-06 07:41:00,20181.62,938.32,44673.86,49029.69,15.210500000001048,14.340499999998428,0.8700000000026193,0.06066734074841984
2026-08-06 07:42:00,20182.04,937.83,44673.96,49029.96,15.480499999997846,14.350499999996828,1.1300000000010186,0.07874290094430636
2026-08-06 07:43:00,20182.12,937.33,44674.01,49030.01,15.530500000000757,14.360499999995227,1.1700000000055297,0.0814734862996357
2026-08-06 07:44:00,20181.86,937.33,44674.09,49029.96,15.480499999997846,14.370499999997264,1.110000000000582,0.07724157127454113
2026-08-06 07:45:00,20181.38,937.15,44674.05,49029.73,15.25050000000192,14.380499999999302,0.8700000000026193,0.06049859184330598
2026-08-06 07:46:00,20181.3,936.93,44674.1,49029.75,15.27049999999872,14.3904999999977,0.8800000000010186,0.061151454084372274
2026-08-06 07:47:00,20181.05,937.25,44674.18,49029.7,15.220499999995809,14.4004999999961,0.819999999999709,0.05694246727543704
2026-08-06 07:48:00,20180.87,937.43,44674.1,49029.57,15.090499999998428,14.405499999997119,0.6850000000013097,0.04755128249636921
2026-08-06 07:49:00,20180.75,937.1,44674.11,49029.52,15.040499999995518,14.410499999998137,0.6299999999973807,0.04371812220238452
2026-08-06 07:50:00,20180.37,936.91,44674.04,49029.29,14.810499999999593,14.410499999998137,0.4000000000014552,0.027757537906492272
2026-08-06 07:51:00,20180.39,937.03,44674.06,49029.32,14.840499999998428,14.410499999998137,0.43000000000029104,0.029839353249390833
2026-08-06 07:52:00,20180.24,937.13,44674.16,49029.35,14.870499999997264,14.410499999998137,0.4599999999991269,0.0319211685922894
2026-08-06 07:53:00,20180.2,936.85,44674.18,49029.34,14.860499999995227,14.410499999998137,0.4499999999970896,0.03122723014448824
2026-08-06 07:54:00,20180.1,936.19,44674.11,49029.22,14.740499999999884,14.420500000000175,0.31999999999970896,0.022190631392788398
2026-08-06 07:55:00,20180.13,935.7,44674.21,49029.3,14.82050000000163,14.430500000002212,0.3899999999994179,0.02702609057200777
2026-08-06 07:56:00,20179.89,935.52,44674.23,49029.2,14.720499999995809,14.430500000002212,0.28999999999359716,0.020096323758258736
2026-08-06 07:57:00,20179.79,935.35,44674.38,49029.28,14.800499999997555,14.430500000002212,0.3699999999953434,0.025640137209056283
2026-08-06 07:58:00,20179.53,935.21,44674.28,49029.12,14.640500000001339,14.435499999999593,0.20500000000174623,0.014201101451404663
2026-08-06 07:59:00,20179.18,935.33,44674.21,49028.91,14.430500000002212,14.440499999996973,-0.00999999999476131,0.0006924967968396805
2026-08-06 08:00:00,20178.94,935.65,44674.1,49028.73,14.25050000000192,14.445499999997992,-0.19499999999607098,0.013499013533356276
2026-08-06 08:01:00,20178.38,935.62,44673.83,49028.25,13.77049999999872,14.45049999999901,-0.680000000000291,0.047057195252782784
2026-08-06 08:02:00,20178.38,935.79,44673.96,49028.38,13.9004999999961,14.45049999999901,-0.5500000000029104,0.038060966748759424
2026-08-06 08:03:00,20177.96,935.67,44673.84,49028.11,13.630499999999302,14.45049999999901,-0.819999999999709,0.05674544133419363
2026-08-06 08:04:00,20177.83,935.51,44673.78,49028.0,13.52049999999872,14.46049999999741,-0.9399999999986903,0.06500466788830668
2026-08-06 08:05:00,20177.64,935.56,44673.86,49027.99,13.510499999996682,14.470499999995809,-0.9599999999991269,0.066341867938178
2026-08-06 08:06:00,20177.32,935.55,44673.7,49027.71,13.230499999997846,14.475499999996828,-1.2449999999989814,0.0860073917998863
2026-08-06 08:07:00,20177.26,935.35,44673.73,49027.71,13.230499999997846,14.480499999997846,-1.25,0.08632298608474748
2026-08-06 08:08:00,20176.91,935.19,44673.53,49027.38,12.9004999999961,14.480499999997846,-1.5800000000017462,0.10911225441124141
2026-08-06 08:09:00,20176.82,935.09,44673.71,49027.51,13.030500000000757,14.480499999997846,-1.4499999999970896,0.1001346638581061
2026-08-06 08:10:00,20176.55,934.92,44673.8,49027.47,12.990499999999884,14.480499999997846,-1.4899999999979627,0.1028969994128783
2026-08-06 08:11:00,20176.19,935.01,44673.67,49027.21,12.730499999997846,14.480499999997846,-1.75,0.12085218051864648
2026-08-06 08:12:00,20176.03,934.77,44673.67,49027.14,12.660499999998137,14.485499999998865,-1.8250000000007276,0.12598805702259988
2026-08-06 08:13:00,20175.58,935.1,44673.52,49026.83,12.350500000000466,14.490499999999884,-2.139999999999418,0.14768296470097203
2026-08-06 08:14:00,20175.3,935.39,44673.63,49026.81,12.330499999996391,14.495500000000902,-2.165000000004511,0.14935669690623823
2026-08-06 08:15:00,20174.83,935.35,44673.6,49026.59,12.110499999995227,14.50050000000192,-2.390000000006694,0.16482190269345037
2026-08-06 08:16:00,20174.38,935.44,44673.25,49026.1,11.620499999997264,14.50050000000192,-2.8800000000046566,0.1986138409023327
2026-08-06 08:17:00,20174.31,935.4,44673.31,49026.14,11.660499999998137,14.50050000000192,-2.8400000000037835,0.19585531533418898
2026-08-06 08:18:00,20173.98,935.38,44673.26,49025.96,11.480499999997846,14.50050000000192,-3.0200000000040745,0.20826868039058477
2026-08-06 08:19:00,20174.01,935.15,44673.36,49026.05,11.57050000000163,14.50050000000192,-2.930000000000291,0.202061997862136
2026-08-06 08:20:00,20173.64,934.94,44673.35,49025.91,11.430500000002212,14.50050000000192,-3.069999999999709,0.21171683735038807
2026-08-06 08:21:00,20173.34,934.86,44673.44,49025.77,11.290499999995518,14.50050000000192,-3.210000000006403,0.22137167683914194
2026-08-06 08:22:00,20172.98,934.61,44673.32,49025.61,11.130499999999302,14.50050000000192,-3.3700000000026193,0.232405779111215
2026-08-06 08:23:00,20172.76,934.24,44673.36,49025.56,11.080499999996391,14.50050000000192,-3.4200000000055297,0.23585393607152005
2026-08-06 08:24:00,20172.81,934.0,44673.47,49025.66,11.180500000002212,14.50050000000192,-3.319999999999709,0.22895762215090992
2026-08-06 08:25:00,20172.71,933.82,44673.41,49025.57,11.090499999998428,14.50050000000192,-3.4100000000034925,0.2351643046793587
2026-08-06 08:26:00,20172.42,933.69,44673.47,49025.5,11.02049999999872,14.505499999999302,-3.485000000000582,0.24025369687365136
2026-08-06 08:27:00,20172.3,933.31,44673.54,49025.49,11.010499999996682,14.510499999996682,-3.5,0.24120464491236004
2026-08-06 08:28:00,20171.99,933.21,44673.6,49025.41,10.930500000002212,14.510499999996682,-3.5799999999944703,0.24671789393854718
2026-08-06 08:29:00,20171.33,933.12,44673.3,49024.86,10.380499999999302,14.510499999996682,-4.129999999997381,0.28462148099640433
2026-08-06 08:30:00,20170.81,933.03,44673.25,49024.63,10.1504999999961,14.5154999999977,-4.365000000001601,0.3007130308981635
2026-08-06 08:31:00,20170.79,932.8,44673.48,49024.82,10.340499999998428,14.52049999999872,-4.180000000000291,0.2878688750387838
2026-08-06 08:32:00,20170.06,932.73,44673.27,49024.31,9.830499999996391,14.525499999999738,-4.695000000003347,0.32322467384967346
2026-08-06 08:33:00,20169.68,932.69,44673.27,49024.15,9.670500000000175,14.530500000000757,-4.860000000000582,0.3344688758129678
2026-08-06 08:34:00,20169.41,932.4,44673.3,49024.05,9.57050000000163,14.535499999998137,-4.9649999999965075,0.3415775171130779
2026-08-06 08:35:00,20168.98,932.28,44673.26,49023.86,9.380499999999302,14.540499999995518,-5.1599999999962165,0.3548708778926314
2026-08-06 08:36:00,20168.79,932.12,44673.29,49023.81,9.330499999996391,14.540499999995518,-5.209999999999127,0.3583095491902433
2026-08-06 08:37:00,20168.75,932.2,44673.51,49023.96,9.480499999997846,14.540499999995518,-5.059999999997672,0.347993535297908
2026-08-06 08:38:00,20168.33,932.08,44673.24,49023.54,9.060499999999593,14.550499999997555,-5.489999999997963,0.37730662176549845
2026-08-06 08:39:00,20168.07,931.86,44673.13,49023.34,8.860499999995227,14.560499999999593,-5.700000000004366,0.3914700731434034
2026-08-06 08:40:00,20167.92,931.83,44673.3,49023.46,8.980499999997846,14.560499999999593,-5.580000000001746,0.38322859791915814
2026-08-06 08:41:00,20167.35,931.97,44673.02,49022.97,8.490499999999884,14.560499999999593,-6.069999999999709,0.41688128841728506
2026-08-06 08:42:00,20167.35,931.72,44672.97,49022.92,8.440499999996973,14.560499999999593,-6.120000000002619,0.4203152364275122
2026-08-06 08:43:00,20167.15,931.52,44673.02,49022.9,8.420500000000175,14.560499999999593,-6.139999999999418,0.42168881563130317
2026-08-06 08:44:00,20167.05,931.12,44672.98,49022.82,8.340499999998428,14.565500000000611,-6.225000000002183,0.4273797672583792
2026-08-06 08:45:00,20166.87,930.83,44673.01,49022.77,8.290499999995518,14.57050000000163,-6.280000000006112,0.43100785834428534
2026-08-06 08:46:00,20166.51,930.57,44672.98,49022.58,8.100500000000466,14.57050000000163,-6.470000000001164,0.444047905013585
2026-08-06 08:47:00,20166.39,930.57,44672.98,49022.54,8.060499999999593,14.57050000000163,-6.510000000002037,0.4467931779967269
2026-08-06 08:48:00,20166.17,930.3,44672.99,49022.46,7.980499999997846,14.585500000001048,-6.605000000003201,0.45284700558792823
2026-08-06 08:49:00,20165.99,930.29,44673.22,49022.6,8.120499999997264,14.600500000000466,-6.480000000003201,0.4438204171092082
2026-08-06 08:50:00,20165.49,930.05,44672.87,49022.07,7.590499999998428,14.600500000000466,-7.010000000002037,0.4801205438171168
2026-08-06 08:51:00,20165.72,929.68,44673.06,49022.34,7.860499999995227,14.600500000000466,-6.740000000005239,0.4616280264377948
2026-08-06 08:52:00,20165.62,929.37,44673.16,49022.36,7.8804999999993015,14.600500000000466,-6.720000000001164,0.46025821033532754
2026-08-06 08:53:00,20165.38,929.27,44673.09,49022.19,7.710500000001048,14.600500000000466,-6.889999999999418,0.47190164720380795
2026-08-06 08:54:00,20165.35,928.85,44673.0,49022.09,7.610499999995227,14.605499999997846,-6.995000000002619,0.47892917051820555
2026-08-06 08:55:00,20165.29,928.45,44672.91,49021.99,7.510499999996682,14.610499999995227,-7.099999999998545,0.48595188391915844
2026-08-06 08:56:00,20165.02,928.35,44672.81,49021.79,7.3104999999995925,14.615499999996246,-7.304999999996653,0.4998118435906079
2026-08-06 08:57:00,20164.82,928.28,44672.76,49021.65,7.170500000000175,14.620499999997264,-7.44999999999709,0.5095584966313385
2026-08-06 08:58:00,20164.67,927.94,44672.77,49021.6,7.120499999997264,14.630499999999302,-7.510000000002037,0.5133112333824815
2026-08-06 08:59:00,20164.28,927.5,44672.7,49021.37,6.890500000001339,14.640500000001339,-7.75,0.5293535056862329
2026-08-06 09:00:00,20164.19,927.29,44672.73,49021.36,6.8804999999993015,14.640500000001339,-7.760000000002037,0.5300365424679025
2026-08-06 09:01:00,20163.75,927.32,44672.46,49020.93,6.4504999999990105,14.640500000001339,-8.190000000002328,0.5594071240737393
2026-08-06 09:02:00,20163.82,927.05,44672.61,49021.09,6.610499999995227,14.650499999999738,-8.040000000004511,0.5487867308286171
2026-08-06 09:03:00,20164.15,926.72,44673.18,49021.73,7.250500000001921,14.660499999998137,-7.4099999999962165,0.5054397871830536
2026-08-06 09:04:00,20163.71,926.45,44672.9,49021.3,6.82050000000163,14.665499999999156,-7.844999999997526,0.534928914799903
2026-08-06 09:05:00,20163.55,926.37,44672.74,49021.09,6.610499999995227,14.670500000000175,-8.060000000004948,0.5494018608776015
2026-08-06 09:06:00,20163.68,926.16,44672.85,49021.23,6.750500000001921,14.685499999999593,-7.934999999997672,0.540328895849504
2026-08-06 09:07:00,20163.46,925.96,44672.77,49021.08,6.600500000000466,14.70049999999901,-8.099999999998545,0.5510016666099173
2026-08-06 09:08:00,20163.47,925.4,44672.63,49020.95,6.470499999995809,14.71049999999741,-8.2400000000016,0.5601441147481766
2026-08-06 09:09:00,20163.85,924.96,44672.84,49021.29,6.8104999999995925,14.720499999995809,-7.9099999999962165,0.5373458781969681
2026-08-06 09:10:00,20163.45,924.6,44672.69,49020.96,6.480499999997846,14.725499999996828,-8.244999999998981,0.5599130759567252
2026-08-06 09:11:00,20162.86,924.74,44672.26,49020.35,5.870499999997264,14.730499999997846,-8.860000000000582,0.6014731339738554
2026-08-06 09:12:00,20162.95,924.66,44672.15,49020.27,5.790499999995518,14.735499999998865,-8.945000000003347,0.6070374266230556
2026-08-06 09:13:00,20162.7,924.63,44672.04,49020.07,5.590499999998428,14.740499999999884,-9.150000000001455,0.6207387809098421
2026-08-06 09:14:00,20162.92,924.16,44672.22,49020.33,5.850500000000466,14.755499999999302,-8.904999999998836,0.6035037782521269
2026-08-06 09:15:00,20162.64,924.02,44672.16,49020.14,5.660499999998137,14.77049999999872,-9.110000000000582,0.616769913002361
2026-08-06 09:16:00,20162.65,923.8,44672.09,49020.09,5.610499999995227,14.780499999997119,-9.170000000001892,0.620412029363261
2026-08-06 09:17:00,20162.99,923.33,44672.38,49020.47,5.990499999999884,14.790499999995518,-8.799999999995634,0.5949765051890268
2026-08-06 09:18:00,20162.34,923.53,44671.96,49019.83,5.350500000000466,14.795499999996537,-9.444999999996071,0.6383697745935103
2026-08-06 09:19:00,20162.29,923.42,44671.94,49019.79,5.3104999999995925,14.800499999997555,-9.489999999997963,0.6411945542380008
2026-08-06 09:20:00,20162.2,923.15,44671.96,49019.76,5.280500000000757,14.800499999997555,-9.519999999996799,0.6432215127866201
2026-08-06 09:21:00,20162.28,923.13,44672.01,49019.84,5.360499999995227,14.800499999997555,-9.440000000002328,0.6378162899904657
2026-08-06 09:22:00,20162.12,922.91,44671.96,49019.72,5.240499999999884,14.800499999997555,-9.559999999997672,0.6459241241849432
2026-08-06 09:23:00,20161.84,922.65,44671.88,49019.53,5.050499999997555,14.800499999997555,-9.75,0.6587615283268545
2026-08-06 09:24:00,20162.15,922.52,44672.09,49019.86,5.3804999999993015,14.805499999998574,-9.424999999999272,0.636587754550686
2026-08-06 09:25:00,20162.11,922.26,44672.01,49019.75,5.270499999998719,14.810499999999593,-9.540000000000873,0.6441376050775555
2026-08-06 09:26:00,20162.05,922.15,44671.84,49019.57,5.090499999998428,14.810499999999593,-9.720000000001164,0.6562911447960185
2026-08-06 09:27:00,20161.79,922.07,44671.62,49019.26,4.780500000000757,14.810499999999593,-10.029999999998836,0.6772222409776247
2026-08-06 09:28:00,20161.83,921.79,44671.73,49019.37,4.890500000001339,14.815500000000611,-9.924999999999272,0.6699065168235202
2026-08-06 09:29:00,20162.05,921.46,44672.07,49019.79,5.3104999999995925,14.82050000000163,-9.510000000002037,0.6416787557775373
2026-08-06 09:30:00,20161.98,921.3,44672.04,49019.75,5.270499999998719,14.82050000000163,-9.55000000000291,0.6443777200500563
2026-08-06 09:31:00,20161.98,921.28,44672.13,49019.8,5.32050000000163,14.82050000000163,-9.5,0.6410040147092848
2026-08-06 09:32:00,20162.28,921.31,44672.29,49020.07,5.590499999998428,14.82549999999901,-9.235000000000582,0.6229132238373882
2026-08-06 09:33:00,20161.94,921.34,44672.17,49019.83,5.350500000000466,14.830499999996391,-9.479999999995925,0.6392232224131508
2026-08-06 09:34:00,20161.82,921.15,44671.98,49019.59,5.110499999995227,14.83549999999741,-9.725000000002183,0.6555222270906865
2026-08-06 09:35:00,20161.98,921.07,44672.06,49019.73,5.250500000001921,14.840499999998428,-9.589999999996508,0.6462046427005508
2026-08-06 09:36:00,20161.65,920.8,44671.96,49019.49,5.010499999996682,14.850499999996828,-9.840000000000146,0.6626039527290157
2026-08-06 09:37:00,20161.72,920.72,44672.05,49019.61,5.1304999999993015,14.860499999995227,-9.729999999995925,0.6547558965040914
2026-08-06 09:38:00,20161.94,920.49,44672.03,49019.67,5.190499999996973,14.865499999996246,-9.674999999999272,0.6508358279238314
2026-08-06 09:39:00,20161.92,920.21,44671.82,49019.47,4.990499999999884,14.870499999997264,-9.87999999999738,0.6644026764398775
2026-08-06 09:40:00,20161.86,920.04,44671.7,49019.33,4.850500000000466,14.870499999997264,-10.019999999996799,0.6738172892638877
2026-08-06 09:41:00,20161.64,920.26,44671.65,49019.21,4.730499999997846,14.870499999997264,-10.139999999999418,0.6818869573989633
2026-08-06 09:42:00,20161.68,920.12,44671.59,49019.17,4.690499999996973,14.875499999998283,-10.18500000000131,0.68468286780293
2026-08-06 09:43:00,20161.42,919.98,44671.61,49019.06,4.580499999996391,14.880499999999302,-10.30000000000291,0.6921810423039141
2026-08-06 09:44:00,20161.58,919.53,44671.7,49019.2,4.720499999995809,14.88550000000032,-10.165000000004511,0.6828793120825161
2026-08-06 09:45:00,20161.7,919.49,44671.6,49019.16,4.680500000002212,14.890500000001339,-10.209999999999127,0.6856720727979725
2026-08-06 09:46:00,20161.59,919.2,44671.62,49019.13,4.6504999999961,14.890500000001339,-10.240000000005239,0.6876867801621381
2026-08-06 09:47:00,20161.43,919.37,44671.35,49018.83,4.350500000000466,14.890500000001339,-10.540000000000873,0.7078338537993973
2026-08-06 09:48:00,20161.35,919.33,44671.41,49018.83,4.350500000000466,14.890500000001339,-10.540000000000873,0.7078338537993973
2026-08-06 09:49:00,20160.86,919.21,44671.1,49018.35,3.8704999999972642,14.890500000001339,-11.020000000004075,0.740069171619696
2026-08-06 09:50:00,20161.04,919.19,44671.15,49018.46,3.9804999999978463,14.89549999999872,-10.915000000000873,0.73277164244247
2026-08-06 09:51:00,20161.19,918.94,44671.19,49018.57,4.090499999998428,14.9004999999961,-10.809999999997672,0.7254790107714842
2026-08-06 09:52:00,20161.0,918.99,44671.11,49018.44,3.9605000000010477,14.910499999998137,-10.94999999999709,0.7343818114750316
2026-08-06 09:53:00,20161.36,918.73,44670.88,49018.37,3.8905000000013388,14.920500000000175,-11.029999999998836,0.7392513655707722
2026-08-06 09:54:00,20161.44,918.33,44670.88,49018.39,3.9104999999981374,14.920500000000175,-11.010000000002037,0.7379109279180931
2026-08-06 09:55:00,20161.2,918.21,44670.67,49018.09,3.610499999995227,14.920500000000175,-11.310000000004948,0.7580174927116929
2026-08-06 09:56:00,20161.68,917.81,44670.7,49018.31,3.830499999996391,14.920500000000175,-11.090000000003783,0.7432726785297847
2026-08-06 09:57:00,20161.7,917.85,44670.54,49018.19,3.7105000000010477,14.920500000000175,-11.209999999999127,0.7513153044468346
2026-08-06 09:58:00,20161.24,917.73,44670.37,49017.84,3.360499999995227,14.925500000001193,-11.565000000005966,0.7748484137888206
2026-08-06 09:59:00,20161.55,917.16,44670.33,49017.93,3.4504999999990105,14.930500000002212,-11.480000000003201,0.7688958842638559
2026-08-06 10:00:00,20161.59,917.08,44670.06,49017.7,3.220499999995809,14.930500000002212,-11.710000000006403,0.7843005927467043
2026-08-06 10:01:00,20161.77,917.19,44670.05,49017.75,3.2704999999987194,14.930500000002212,-11.660000000003492,0.7809517430763715
2026-08-06 10:02:00,20162.18,916.95,44670.09,49017.95,3.470499999995809,14.935499999999593,-11.465000000003783,0.7676341602225635
2026-08-06 10:03:00,20162.49,916.96,44670.27,49018.23,3.750500000001921,14.940499999996973,-11.189999999995052,0.7489709179744533
2026-08-06 10:04:00,20162.42,916.45,44669.88,49017.84,3.360499999995227,14.95049999999901,-11.590000000003783,0.7752249088662286
2026-08-06 10:05:00,20162.48,916.34,44669.72,49017.72,3.2404999999998836,14.960500000001048,-11.720000000001164,0.7833962768624273
2026-08-06 10:06:00,20162.64,916.12,44669.68,49017.75,3.2704999999987194,14.965499999998428,-11.694999999999709,0.7814640339448022
2026-08-06 10:07:00,20163.12,915.94,44669.77,49018.0,3.5204999999987194,14.970499999995809,-11.44999999999709,0.7648375137771146
2026-08-06 10:08:00,20162.92,915.65,44669.53,49017.71,3.2304999999978463,14.970499999995809,-11.739999999997963,0.7842089442571223
2026-08-06 10:09:00,20162.86,915.42,44669.35,49017.51,3.0305000000007567,14.970499999995809,-11.939999999995052,0.7975685514844791
2026-08-06 10:10:00,20163.66,914.94,44669.56,49018.0,3.5204999999987194,14.985499999998865,-11.465000000000146,0.7650729038070812
2026-08-06 10:11:00,20163.84,914.6,44669.37,49017.91,3.430500000002212,15.00050000000192,-11.569999999999709,0.7713076230791125
2026-08-06 10:12:00,20163.98,914.5,44669.26,49017.86,3.3804999999993015,15.005499999999302,-11.625,0.7747159374896232
2026-08-06 10:13:00,20164.33,914.31,44669.27,49018.0,3.5204999999987194,15.010499999996682,-11.489999999997963,0.7654641750774792
2026-08-06 10:14:00,20164.67,913.8,44669.23,49018.09,3.610499999995227,15.0154999999977,-11.405000000002474,0.7595484665848103
2026-08-06 10:15:00,20164.65,913.61,44669.06,49017.93,3.4504999999990105,15.02049999999872,-11.569999999999709,0.7702806164908422
2026-08-06 10:16:00,20165.09,913.49,44669.04,49018.09,3.610499999995227,15.02049999999872,-11.410000000003492,0.7596285077064322
2026-08-06 10:17:00,20165.06,913.29,44668.84,49017.91,3.430500000002212,15.02049999999872,-11.589999999996508,0.7716121300887118
2026-08-06 10:18:00,20164.94,912.92,44668.53,49017.57,3.0904999999984284,15.025499999999738,-11.93500000000131,0.7943163289076249
2026-08-06 10:19:00,20165.06,912.8,44668.37,49017.47,2.9904999999998836,15.030500000000757,-12.040000000000873,0.8010378896244481
2026-08-06 10:20:00,20164.97,912.63,44668.29,49017.36,2.8804999999993015,15.035499999998137,-12.154999999998836,0.8084200724951177
2026-08-06 10:21:00,20165.48,912.41,44668.34,49017.6,3.1204999999972642,15.040499999995518,-11.919999999998254,0.7925268441874809
2026-08-06 10:22:00,20165.45,912.17,44668.19,49017.45,2.970499999995809,15.040499999995518,-12.069999999999709,0.8024999168912806
2026-08-06 10:23:00,20165.4,912.03,44667.95,49017.23,2.750500000001921,15.040499999995518,-12.289999999993597,0.8171270901896386
2026-08-06 10:24:00,20165.2,911.86,44667.57,49016.82,2.3404999999984284,15.045499999996537,-12.704999999998108,0.8444385364395356
2026-08-06 10:25:00,20165.46,911.38,44667.44,49016.8,2.32050000000163,15.050499999997555,-12.729999999995925,0.84581907577808
2026-08-06 10:26:00,20165.95,911.13,44667.42,49016.97,2.4904999999998836,15.050499999997555,-12.559999999997672,0.8345237699744004
2026-08-06 10:27:00,20166.11,910.85,44667.24,49016.85,2.3704999999972642,15.050499999997555,-12.680000000000291,0.8424969270125479
2026-08-06 10:28:00,20166.38,910.59,44667.02,49016.76,2.2805000000007567,15.050499999997555,-12.769999999996799,0.8484767947907959
2026-08-06 10:29:00,20166.57,910.27,44667.06,49016.87,2.3905000000013388,15.050499999997555,-12.659999999996217,0.8411680675059482
2026-08-06 10:30:00,20166.5,910.22,44666.81,49016.61,2.1304999999993015,15.055499999998574,-12.924999999999272,0.8584902527315929
2026-08-06 10:31:00,20166.72,909.94,44666.91,49016.79,2.3104999999995925,15.060499999999593,-12.75,0.8465854387304768
2026-08-06 10:32:00,20166.39,909.7,44666.55,49016.32,1.8404999999984284,15.070499999997992,-13.229999999999563,0.8778739922365765
2026-08-06 10:33:00,20166.6,909.23,44666.44,49016.33,1.8505000000004657,15.080499999996391,-13.229999999995925,0.8772918669804776
2026-08-06 10:34:00,20166.4,908.97,44666.42,49016.2,1.720499999995809,15.08549999999741,-13.3650000000016,0.8859500845185042
2026-08-06 10:35:00,20166.46,909.02,44666.33,49016.12,1.6405000000013388,15.090499999998428,-13.44999999999709,0.8912892216956688
2026-08-06 10:36:00,20166.51,908.73,44666.21,49016.02,1.540499999995518,15.090499999998428,-13.55000000000291,0.8979159073592208
2026-08-06 10:37:00,20166.58,908.45,44666.0,49015.87,1.3905000000013388,15.090499999998428,-13.69999999999709,0.9078559358535845
2026-08-06 10:38:00,20166.37,908.31,44665.79,49015.6,1.1204999999972642,15.090499999998428,-13.970000000001164,0.9257479871444033
2026-08-06 10:39:00,20166.44,907.84,44665.55,49015.41,0.9305000000022119,15.090499999998428,-14.159999999996217,0.9383386899040914
2026-08-06 10:40:00,20166.65,907.52,44665.68,49015.58,1.1005000000004657,15.100499999996828,-13.999999999996362,0.9271216184894079
2026-08-06 10:41:00,20166.46,907.44,44665.42,49015.26,0.7805000000007567,15.110499999995227,-14.32999999999447,0.9483471758048375
2026-08-06 10:42:00,20166.65,907.29,44665.4,49015.32,0.8404999999984284,15.110499999995227,-14.269999999996799,0.9443764269879426
2026-08-06 10:43:00,20166.53,907.08,44665.17,49015.05,0.5705000000016298,15.110499999995227,-14.539999999993597,0.9622447966644512
2026-08-06 10:44:00,20166.45,906.64,44664.86,49014.74,0.26049999999668216,15.110499999995227,-14.849999999998545,0.9827603322195319
2026-08-06 10:45:00,20166.51,906.1,44664.69,49014.58,0.10050000000046566,15.110499999995227,-15.009999999994761,0.9933489957314121
2026-08-06 10:46:00,20166.35,906.22,44664.6,49014.47,0.1,15.120499999997264,-15.020499999997265,0.9933864620878927
2026-08-06 10:47:00,20166.58,905.95,44664.42,49014.38,0.1,15.130499999999302,-15.030499999999302,0.9933908330854893
2026-08-06 10:48:00,20166.33,905.58,44663.99,49013.88,0.1,15.130499999999302,-15.030499999999302,0.9933908330854893
2026-08-06 10:49:00,20166.4,905.53,44663.78,49013.74,0.1,15.130499999999302,-15.030499999999302,0.9933908330854893
2026-08-06 10:50:00,20166.56,905.38,44663.69,49013.71,0.1,15.1404999999977,-15.040499999997701,0.9933951983091698
2026-08-06 10:51:00,20166.31,905.39,44663.46,49013.41,0.1,15.1504999999961,-15.0504999999961,0.9933995577703689
2026-08-06 10:52:00,20165.95,905.35,44663.3,49013.1,0.1,15.155499999997119,-15.055499999997119,0.9934017353436034
2026-08-06 10:53:00,20165.96,904.97,44663.07,49012.89,0.1,15.160499999998137,-15.060499999998138,0.9934039114804912
2026-08-06 10:54:00,20166.4,904.77,44663.01,49013.0,0.1,15.160499999998137,-15.060499999998138,0.9934039114804912
2026-08-06 10:55:00,20166.61,904.34,44662.84,49012.91,0.1,15.160499999998137,-15.060499999998138,0.9934039114804912
2026-08-06 10:56:00,20166.54,904.08,44662.37,49012.47,0.1,15.160499999998137,-15.060499999998138,0.9934039114804912
2026-08-06 10:57:00,20166.94,903.75,44662.38,49012.61,0.1,15.160499999998137,-15.060499999998138,0.9934039114804912
2026-08-06 10:58:00,20166.85,903.74,44662.1,49012.3,0.1,15.165499999999156,-15.065499999999156,0.9934060861824533
2026-08-06 10:59:00,20167.23,903.51,44662.01,49012.4,0.1,15.170500000000175,-15.070500000000175,0.9934082594509082
2026-08-06 11:00:00,20167.02,903.11,44661.68,49012.03,0.1,15.175500000001193,-15.075500000001194,0.9934104312872728
2026-08-06 11:01:00,20167.14,902.77,44661.62,49012.0,0.1,15.180500000002212,-15.080500000002212,0.9934126016929623
2026-08-06 11:02:00,20167.36,902.44,44661.57,49012.02,0.1,15.185499999999593,-15.085499999999593,0.9934147706693884
2026-08-06 11:03:00,20167.4,901.98,44661.45,49011.92,0.1,15.190499999996973,-15.090499999996974,0.9934169382179638
2026-08-06 11:04:00,20167.52,901.85,44661.43,49011.95,0.1,15.190499999996973,-15.090499999996974,0.9934169382179638
2026-08-06 11:05:00,20167.31,901.73,44661.13,49011.59,0.1,15.190499999996973,-15.090499999996974,0.9934169382179638
2026-08-06 11:06:00,20167.4,901.39,44661.06,49011.57,0.1,15.195499999997992,-15.095499999997992,0.9934191043400998
2026-08-06 11:07:00,20167.5,901.13,44660.96,49011.53,0.1,15.20049999999901,-15.10049999999901,0.9934212690372023
2026-08-06 11:08:00,20167.54,900.97,44660.79,49011.37,0.1,15.205500000000029,-15.10550000000003,0.9934234323106771
2026-08-06 11:09:00,20167.57,900.61,44660.57,49011.2,0.1,15.210500000001048,-15.110500000001048,0.9934255941619281
2026-08-06 11:10:00,20167.76,900.26,44660.62,49011.3,0.1,15.210500000001048,-15.110500000001048,0.9934255941619281
2026-08-06 11:11:00,20168.19,899.75,44660.68,49011.53,0.1,15.210500000001048,-15.110500000001048,0.9934255941619281
2026-08-06 11:12:00,20168.07,899.48,44660.47,49011.28,0.1,15.215499999998428,-15.115499999998429,0.9934277545923558
2026-08-06 11:13:00,20167.93,899.38,44660.31,49011.08,0.1,15.220499999995809,-15.12049999999581,0.9934299136033621
2026-08-06 11:14:00,20168.17,898.96,44660.28,49011.16,0.1,15.235499999998865,-15.135499999998865,0.9934363821338317
2026-08-06 11:15:00,20168.43,898.61,44660.37,49011.34,0.1,15.25050000000192,-15.150500000001921,0.9934428379397405
2026-08-06 11:16:00,20168.8,898.24,44660.44,49011.55,0.1,15.255499999999302,-15.155499999999302,0.9934449870538492
2026-08-06 11:17:00,20168.47,897.89,44660.14,49011.12,0.1,15.260499999996682,-15.160499999996683,0.9934471347596723
2026-08-06 11:18:00,20168.65,897.42,44660.49,49011.43,0.1,15.260499999996682,-15.160499999996683,0.9934471347596723
2026-08-06 11:19:00,20168.75,897.32,44660.34,49011.41,0.1,15.260499999996682,-15.160499999996683,0.9934471347596723
2026-08-06 11:20:00,20168.63,897.21,44660.3,49011.28,0.1,15.260499999996682,-15.160499999996683,0.9934471347596723
2026-08-06 11:21:00,20168.72,896.76,44660.18,49011.21,0.1,15.260499999996682,-15.160499999996683,0.9934471347596723
2026-08-06 11:22:00,20168.43,896.62,44660.09,49011.04,0.1,15.2654999999977,-15.165499999997701,0.9934492810585952
2026-08-06 11:23:00,20168.46,896.56,44660.17,49011.04,0.1,15.27049999999872,-15.17049999999872,0.9934514259519984
2026-08-06 11:24:00,20168.75,896.47,44660.12,49011.2,0.1,15.27049999999872,-15.17049999999872,0.9934514259519984
2026-08-06 11:25:00,20168.72,895.92,44659.98,49010.87,0.1,15.27049999999872,-15.17049999999872,0.9934514259519984
2026-08-06 11:26:00,20168.8,895.81,44660.09,49010.73,0.1,15.280499999997119,-15.180499999997119,0.9934557115277629
2026-08-06 11:27:00,20169.28,895.51,44660.32,49011.52,0.1,15.290499999995518,-15.190499999995518,0.993459991497987
2026-08-06 11:28:00,20169.56,895.44,44660.49,49011.81,0.1,15.305499999998574,-15.205499999998574,0.993466400966972
2026-08-06 11:29:00,20169.53,895.33,44660.27,49011.66,0.1,15.32050000000163,-15.22050000000163,0.9934727978851873
2026-08-06 11:30:00,20169.39,895.21,44659.86,49011.28,0.1,15.335500000001048,-15.235500000001048,0.9934791822894595
2026-08-06 11:31:00,20169.51,894.83,44659.99,49011.47,0.1,15.350500000000466,-15.250500000000466,0.9934855542164752
2026-08-06 11:32:00,20170.02,894.61,44660.37,49012.01,0.1,15.355499999997846,-15.255499999997847,0.9934876754257423
2026-08-06 11:33:00,20170.48,894.38,44660.64,49012.46,0.1,15.360499999995227,-15.260499999995227,0.9934897952540588
2026-08-06 11:34:00,20170.37,894.09,44660.59,49012.32,0.1,15.360499999995227,-15.260499999995227,0.9934897952540588
2026-08-06 11:35:00,20170.3,894.1,44660.51,49012.24,0.1,15.360499999995227,-15.260499999995227,0.9934897952540588
2026-08-06 11:36:00,20170.52,893.83,44660.52,49012.34,0.1,15.375499999998283,-15.275499999998283,0.9934961464667809
2026-08-06 11:37:00,20170.9,893.58,44660.69,49012.63,0.1,15.390500000001339,-15.29050000000134,0.9935024852993736
2026-08-06 11:38:00,20171.29,893.27,44660.74,49012.84,0.1,15.405500000000757,-15.305500000000757,0.9935088117879981
2026-08-06 11:39:00,20171.5,892.88,44660.72,49012.9,0.1,15.420500000000175,-15.320500000000175,0.9935151259686782
2026-08-06 11:40:00,20171.72,893.02,44660.86,49013.37,0.1,15.430499999998574,-15.330499999998574,0.9935193286024426
2026-08-06 11:41:00,20171.69,892.84,44660.82,49012.98,0.1,15.440499999996973,-15.340499999996974,0.9935235257925573
2026-08-06 11:42:00,20171.96,892.53,44660.94,49013.18,0.1,15.445499999997992,-15.345499999997992,0.9935256223495509
2026-08-06 11:43:00,20172.13,892.34,44660.92,49013.21,0.1,15.45049999999901,-15.35049999999901,0.9935277175495935
2026-08-06 11:44:00,20172.25,892.33,44660.89,49013.23,0.1,15.46049999999741,-15.36049999999741,0.9935319038840906
2026-08-06 11:45:00,20172.32,892.0,44660.8,49013.17,0.1,15.470499999995809,-15.37049999999581,0.9935360848065656
2026-08-06 11:46:00,20172.51,891.66,44660.82,49013.28,0.1,15.470499999995809,-15.37049999999581,0.9935360848065656
2026-08-06 11:47:00,20172.8,891.48,44660.99,49013.58,0.1,15.470499999995809,-15.37049999999581,0.9935360848065656
2026-08-06 11:48:00,20172.7,891.54,44661.06,49013.6,0.1,15.475499999996828,-15.375499999996828,0.9935381732415741
2026-08-06 11:49:00,20172.72,891.4,44661.23,49013.74,0.1,15.480499999997846,-15.380499999997847,0.993540260327508
2026-08-06 11:50:00,20172.85,891.14,44661.06,49013.62,0.1,15.480499999997846,-15.380499999997847,0.993540260327508
2026-08-06 11:51:00,20172.95,891.18,44661.11,49013.72,0.1,15.480499999997846,-15.380499999997847,0.993540260327508
2026-08-06 11:52:00,20173.24,891.24,44661.17,49013.89,0.1,15.505499999999302,-15.405499999999302,0.9935506755667342
2026-08-06 11:53:00,20172.96,891.24,44661.02,49013.64,0.1,15.530500000000757,-15.430500000000757,0.9935610572743959
2026-08-06 11:54:00,20173.57,890.68,44661.25,49014.09,0.1,15.530500000000757,-15.430500000000757,0.9935610572743959
2026-08-06 11:55:00,20173.94,890.52,44661.37,49014.34,0.1,15.530500000000757,-15.430500000000757,0.9935610572743959
2026-08-06 11:56:00,20174.31,890.22,44661.42,49014.54,0.1,15.530500000000757,-15.430500000000757,0.9935610572743959
2026-08-06 11:57:00,20174.19,890.2,44661.43,49014.48,0.1,15.530500000000757,-15.430500000000757,0.9935610572743959
2026-08-06 11:58:00,20174.02,890.18,44661.34,49014.33,0.1,15.540499999999156,-15.440499999999156,0.9935652006048709
2026-08-06 11:59:00,20174.06,889.99,44661.33,49014.36,0.1,15.550499999997555,-15.450499999997556,0.9935693386064747
2026-08-06 12:00:00,20174.31,889.79,44661.45,49014.56,0.1,15.550499999997555,-15.450499999997556,0.9935693386064747
2026-08-06 12:01:00,20174.53,889.74,44661.56,49014.74,0.26049999999668216,15.550499999997555,-15.290000000000873,0.9832481270700799
2026-08-06 12:02:00,20174.58,889.82,44661.48,49014.67,0.1904999999969732,15.540499999999156,-15.350000000002183,0.9877417071524737
2026-08-06 12:03:00,20175.09,889.67,44661.79,49015.17,0.6904999999969732,15.530500000000757,-14.840000000003783,0.9555391004798983
2026-08-06 12:04:00,20175.12,889.5,44661.67,49015.1,0.6204999999972642,15.530500000000757,-14.910000000003492,0.9600463603878024
2026-08-06 12:05:00,20175.02,889.6,44661.54,49014.94,0.46050000000104774,15.530500000000757,-15.069999999999709,0.9703486687485254
2026-08-06 12:06:00,20175.2,889.34,44661.53,49014.99,0.5104999999966822,15.530500000000757,-15.020000000004075,0.9671291973860044
2026-08-06 12:07:00,20175.28,889.29,44661.57,49015.08,0.6005000000004657,15.530500000000757,-14.930000000000291,0.9613341489327172
2026-08-06 12:08:00,20175.4,889.34,44661.72,49015.27,0.790499999995518,15.505499999999302,-14.715000000003783,0.949018090355322
2026-08-06 12:09:00,20175.64,889.06,44661.61,49015.27,0.790499999995518,15.480499999997846,-14.690000000002328,0.9489357578892395
2026-08-06 12:10:00,20175.84,888.96,44661.69,49015.43,0.9504999999990105,15.480499999997846,-14.529999999998836,0.9386001744130266
2026-08-06 12:11:00,20175.95,888.83,44661.69,49015.46,0.9804999999978463,15.480499999997846,-14.5,0.9366622525113542
2026-08-06 12:12:00,20176.2,888.73,44661.78,49015.61,1.1304999999993015,15.475499999996828,-14.344999999997526,0.92694904849604
2026-08-06 12:13:00,20176.46,888.76,44661.58,49015.56,1.0804999999963911,15.470499999995809,-14.389999999999418,0.9301573963351745
2026-08-06 12:14:00,20176.9,888.66,44661.78,49015.91,1.430500000002212,15.470499999995809,-14.039999999993597,0.9075336931577778
2026-08-06 12:15:00,20176.89,888.49,44661.94,49016.04,1.5604999999995925,15.470499999995809,-13.909999999996217,0.8991306034064823
2026-08-06 12:16:00,20177.11,888.51,44662.05,49016.25,1.7704999999987194,15.46049999999741,-13.68999999999869,0.8854823582679076
2026-08-06 12:17:00,20178.02,888.19,44662.23,49016.77,2.290499999995518,15.45049999999901,-13.160000000003492,0.8517523704737281
2026-08-06 12:18:00,20178.06,888.13,44662.09,49016.67,2.190499999996973,15.445499999997992,-13.255000000001019,0.8581787575671064
2026-08-06 12:19:00,20178.0,887.96,44662.02,49016.58,2.1005000000004657,15.440499999996973,-13.339999999996508,0.8639616592726351
2026-08-06 12:20:00,20178.29,887.65,44662.02,49016.7,2.220499999995809,15.430499999998574,-13.210000000002765,0.8560966916175099
2026-08-06 12:21:00,20178.18,887.7,44662.09,49016.72,2.2404999999998836,15.420500000000175,-13.180000000000291,0.854706397328241
2026-08-06 12:22:00,20178.34,887.97,44662.22,49016.89,2.4104999999981374,15.405500000000757,-12.99500000000262,0.8435299081498154
2026-08-06 12:23:00,20178.13,888.13,44662.14,49016.72,2.2404999999998836,15.390500000001339,-13.150000000001455,0.8544231831324721
2026-08-06 12:24:00,20178.43,888.14,44662.3,49016.96,2.4804999999978463,15.375499999998283,-12.895000000000437,0.8386719131086389
2026-08-06 12:25:00,20178.3,888.25,44662.11,49016.77,2.290499999995518,15.360499999995227,-13.069999999999709,0.8508837602945067
2026-08-06 12:26:00,20178.51,888.06,44662.09,49016.84,2.360499999995227,15.360499999995227,-13.0,0.8463266169723668
2026-08-06 12:27:00,20178.75,888.16,44662.24,49017.08,2.6005000000004657,15.360499999995227,-12.759999999994761,0.8307021255817666
2026-08-06 12:28:00,20178.89,888.45,44662.04,49016.96,2.4804999999978463,15.355499999997846,-12.875,0.8384617889356781
2026-08-06 12:29:00,20179.46,888.3,44662.02,49017.17,2.690499999996973,15.350500000000466,-12.660000000003492,0.8247288361944632
2026-08-06 12:30:00,20179.56,888.2,44662.28,49017.43,2.9504999999990105,15.335500000001048,-12.385000000002037,0.8076032734505684
2026-08-06 12:31:00,20179.65,888.18,44662.49,49017.6,3.1204999999972642,15.32050000000163,-12.200000000004366,0.7963186580074454
2026-08-06 12:32:00,20180.0,888.16,44662.56,49017.83,3.3505000000004657,15.305499999998574,-11.954999999998108,0.781091764398368
2026-08-06 12:33:00,20180.58,887.89,44662.45,49017.98,3.500500000001921,15.290499999995518,-11.789999999993597,0.7710670023869104
2026-08-06 12:34:00,20181.04,887.85,44662.63,49018.32,3.8404999999984284,15.280499999997119,-11.43999999999869,0.7486666012238374
2026-08-06 12:35:00,20180.83,887.77,44662.57,49018.18,3.7004999999990105,15.27049999999872,-11.569999999999709,0.7576700173537657
2026-08-06 12:36:00,20180.69,887.83,44662.46,49018.02,3.540499999995518,15.27049999999872,-11.730000000003201,0.768147735830797
2026-08-06 12:37:00,20180.94,887.96,44662.58,49018.24,3.760499999996682,15.27049999999872,-11.510000000002037,0.7537408729251173
2026-08-06 12:38:00,20181.53,887.75,44662.61,49018.5,4.020499999998719,15.2654999999977,-11.244999999998981,0.7366283449609037
2026-08-06 12:39:00,20181.68,887.6,44662.51,49018.48,4.000500000001921,15.260499999996682,-11.259999999994761,0.7378526260605622
2026-08-06 12:40:00,20181.65,887.52,44662.21,49018.22,3.7404999999998836,15.260499999996682,-11.519999999996799,0.7548900756855479
2026-08-06 12:41:00,20181.92,887.49,44662.38,49018.49,4.010499999996682,15.260499999996682,-11.25,0.7371973395368727
2026-08-06 12:42:00,20182.74,886.99,44662.81,49019.19,4.710500000001048,15.260499999996682,-10.549999999995634,0.6913272828542923
2026-08-06 12:43:00,20183.01,886.83,44662.94,49019.42,4.940499999996973,15.260499999996682,-10.319999999999709,0.6762556928018055
2026-08-06 12:44:00,20182.6,887.05,44662.88,49019.2,4.720499999995809,15.255499999999302,-10.535000000003492,0.690570613877223
2026-08-06 12:45:00,20182.95,886.69,44662.92,49019.39,4.910499999998137,15.25050000000192,-10.340000000003783,0.6780105570310797
2026-08-06 12:46:00,20182.91,886.52,44662.81,49019.24,4.760499999996682,15.235499999998865,-10.475000000002183,0.6875389714812749
2026-08-06 12:47:00,20183.04,886.71,44662.9,49019.38,4.9004999999961,15.220499999995809,-10.319999999999709,0.6780329161330148
2026-08-06 12:48:00,20183.15,886.64,44663.03,49019.51,5.030500000000757,15.215499999998428,-10.184999999997672,0.6693831947684088
2026-08-06 12:49:00,20182.82,886.38,44662.84,49019.2,4.720499999995809,15.210500000001048,-10.490000000005239,0.68965517241409
2026-08-06 12:50:00,20182.87,886.32,44662.96,49019.35,4.870499999997264,15.210500000001048,-10.340000000003783,0.6797935636568865
2026-08-06 12:51:00,20183.09,886.39,44663.19,49019.63,5.1504999999961,15.210500000001048,-10.060000000004948,0.6613852273103615
2026-08-06 12:52:00,20183.22,886.48,44663.2,49019.67,5.190499999996973,15.205500000000029,-10.015000000003056,0.6586432540858924
2026-08-06 12:53:00,20183.04,886.56,44663.05,49019.46,4.980499999997846,15.20049999999901,-10.220000000001164,0.672346304398002
2026-08-06 12:54:00,20183.45,886.03,44663.12,49019.69,5.210500000001048,15.195499999997992,-9.984999999996944,0.657102431640832
2026-08-06 12:55:00,20183.09,885.93,44662.92,49019.38,4.9004999999961,15.190499999996973,-10.290000000000873,0.6773970573715759
2026-08-06 12:56:00,20183.36,885.79,44662.88,49019.46,4.980499999997846,15.190499999996973,-10.209999999999127,0.672130607945832
2026-08-06 12:57:00,20183.66,885.91,44662.99,49019.68,5.2004999999990105,15.190499999996973,-9.989999999997963,0.6576478720252759
2026-08-06 12:58:00,20183.72,885.95,44662.84,49019.59,5.110499999995227,15.185499999999593,-10.075000000004366,0.6634618550594077
2026-08-06 12:59:00,20183.83,885.91,44662.87,49019.66,5.180500000002212,15.180500000002212,-10.0,0.6587398307037675
2026-08-06 13:00:00,20183.78,885.81,44662.89,49019.67,5.190499999996973,15.175500000001193,-9.98500000000422,0.6579684359660923
2026-08-06 13:01:00,20183.63,885.86,44662.69,49019.43,4.9504999999990105,15.170500000000175,-10.220000000001164,0.6736758841172701
2026-08-06 13:02:00,20184.11,885.9,44662.91,49019.82,5.340499999998428,15.165499999999156,-9.825000000000728,0.6478520325740182
2026-08-06 13:03:00,20184.38,885.62,44663.05,49020.05,5.57050000000163,15.160499999998137,-9.589999999996508,0.632564889020658
2026-08-06 13:04:00,20184.17,885.58,44662.91,49019.84,5.360499999995227,15.160499999998137,-9.80000000000291,0.6464166749120487
2026-08-06 13:05:00,20183.9,885.58,44662.96,49019.77,5.290499999995518,15.160499999998137,-9.87000000000262,0.6510339368756857
2026-08-06 13:06:00,20184.02,885.31,44662.88,49019.75,5.270499999998719,15.160499999998137,-9.889999999999418,0.6523531545793763
2026-08-06 13:07:00,20184.44,885.23,44663.04,49020.05,5.57050000000163,15.160499999998137,-9.589999999996508,0.632564889020658
2026-08-06 13:08:00,20184.46,885.24,44663.07,49020.09,5.610499999995227,15.155499999997119,-9.545000000001892,0.6298043614531824
2026-08-06 13:09:00,20184.46,885.32,44663.11,49020.13,5.6504999999961,15.1504999999961,-9.5,0.627042011814953
2026-08-06 13:10:00,20184.4,884.98,44662.87,49019.89,5.410499999998137,15.1404999999977,-9.729999999999563,0.6426472045177531
2026-08-06 13:11:00,20184.57,884.74,44662.79,49019.9,5.420500000000175,15.130499999999302,-9.709999999999127,0.6417501073989342
2026-08-06 13:12:00,20185.01,884.73,44662.99,49020.26,5.780500000000757,15.130499999999302,-9.349999999998545,0.6179571065066571
2026-08-06 13:13:00,20185.03,885.05,44663.04,49020.3,5.82050000000163,15.130499999999302,-9.309999999997672,0.6153134397407952
2026-08-06 13:14:00,20184.6,885.18,44662.93,49020.01,5.530500000000757,15.120499999997264,-9.589999999996508,0.634238285770857
2026-08-06 13:15:00,20184.6,885.23,44662.99,49020.07,5.590499999998428,15.110499999995227,-9.519999999996799,0.6300254789715632
2026-08-06 13:16:00,20184.24,885.54,44662.9,49019.85,5.370499999997264,15.110499999995227,-9.739999999997963,0.6445848913008199
2026-08-06 13:17:00,20184.66,885.5,44663.12,49020.21,5.730499999997846,15.110499999995227,-9.37999999999738,0.6207603983984874
2026-08-06 13:18:00,20184.88,885.37,44662.97,49020.17,5.690499999996973,15.110499999995227,-9.419999999998254,0.6234075642765778
2026-08-06 13:19:00,20185.03,885.05,44662.74,49020.05,5.57050000000163,15.110499999995227,-9.539999999993597,0.6313490619103677
2026-08-06 13:20:00,20184.95,885.03,44662.8,49020.07,5.590499999998428,15.100499999996828,-9.5099999999984,0.6297804708453626
2026-08-06 13:21:00,20184.51,885.1,44662.72,49019.82,5.340499999998428,15.090499999998428,-9.75,0.6461018521587102
2026-08-06 13:22:00,20184.49,885.18,44662.7,49019.78,5.300499999997555,15.090499999998428,-9.790000000000873,0.6487525264240345
2026-08-06 13:23:00,20184.48,885.12,44662.64,49019.72,5.240499999999884,15.090499999998428,-9.849999999998545,0.65272853782178
2026-08-06 13:24:00,20184.33,885.28,44662.59,49019.63,5.1504999999961,15.090499999998428,-9.940000000002328,0.6586925549188803
2026-08-06 13:25:00,20184.37,885.12,44662.54,49019.6,5.120499999997264,15.090499999998428,-9.970000000001164,0.660680560617753
2026-08-06 13:26:00,20184.54,885.18,44662.66,49019.79,5.3104999999995925,15.08549999999741,-9.774999999997817,0.6479732193165288
2026-08-06 13:27:00,20184.79,885.3,44662.64,49019.88,5.4004999999961,15.080499999996391,-9.680000000000291,0.6418885315475354
2026-08-06 13:28:00,20185.33,885.08,44662.96,49020.33,5.850500000000466,15.070499999997992,-9.219999999997526,0.6117912478019146
2026-08-06 13:29:00,20184.96,885.05,44662.65,49019.9,5.420500000000175,15.060499999999593,-9.639999999999418,0.6400849905381414
2026-08-06 13:30:00,20185.16,885.0,44662.69,49020.04,5.5604999999995925,15.055499999998574,-9.494999999998981,0.6306665338248402
2026-08-06 13:31:00,20184.91,885.29,44662.69,49019.93,5.4504999999990105,15.050499999997555,-9.599999999998545,0.6378525630377797
2026-08-06 13:32:00,20184.82,885.31,44662.49,49019.71,5.230499999997846,15.050499999997555,-9.819999999999709,0.6524700176074751
2026-08-06 13:33:00,20184.87,885.29,44662.54,49019.77,5.290499999995518,15.050499999997555,-9.760000000002037,0.648483439088643
2026-08-06 13:34:00,20184.68,885.16,44662.48,49019.62,5.140500000001339,15.050499999997555,-9.909999999996217,0.6584498853857231
2026-08-06 13:35:00,20184.67,884.97,44662.38,49019.54,5.0604999999995925,15.050499999997555,-9.989999999997963,0.6637653234111548
2026-08-06 13:36:00,20184.66,884.75,44662.35,49019.49,5.010499999996682,15.045499999996537,-10.034999999999854,0.6669768369281289
2026-08-06 13:37:00,20184.98,884.71,44662.36,49019.63,5.1504999999961,15.040499999995518,-9.889999999999418,0.6575579269307779
2026-08-06 13:38:00,20185.17,884.73,44662.39,49019.72,5.240499999999884,15.040499999995518,-9.799999999995634,0.6515740833083046
2026-08-06 13:39:00,20184.85,884.76,44662.24,49019.45,4.970499999995809,15.040499999995518,-10.069999999999709,0.6695256141752408
2026-08-06 13:40:00,20184.92,884.91,44662.19,49019.49,5.010499999996682,15.035499999998137,-10.025000000001455,0.6667553456820656
2026-08-06 13:41:00,20184.71,884.94,44662.09,49019.31,4.830499999996391,15.030500000000757,-10.200000000004366,0.6786201390508534
2026-08-06 13:42:00,20184.68,885.15,44661.87,49019.09,4.610499999995227,15.025499999999738,-10.415000000004511,0.6931549698848419
2026-08-06 13:43:00,20184.9,885.1,44662.01,49019.28,4.800499999997555,15.02049999999872,-10.220000000001164,0.6804034486203545
2026-08-06 13:44:00,20184.92,885.04,44661.92,49019.19,4.710500000001048,15.02049999999872,-10.309999999997672,0.6863952598114943
2026-08-06 13:45:00,20184.41,885.21,44661.55,49018.69,4.210500000001048,15.02049999999872,-10.809999999997672,0.7196830997635627
2026-08-06 13:46:00,20184.76,884.98,44661.74,49019.0,4.520499999998719,15.0154999999977,-10.494999999998981,0.6989444240951409
2026-08-06 13:47:00,20184.56,885.1,44661.55,49018.75,4.270499999998719,15.010499999996682,-10.739999999997963,0.7154991505946062
2026-08-06 13:48:00,20184.58,884.97,44661.38,49018.58,4.100500000000466,15.005499999999302,-10.904999999998836,0.7267335310385754
2026-08-06 13:49:00,20184.61,884.88,44661.49,49018.67,4.190499999996973,15.00050000000192,-10.810000000004948,0.720642645245396
2026-08-06 13:50:00,20184.78,884.86,44661.65,49018.88,4.4004999999961,14.985499999998865,-10.585000000002765,0.7063494711556882
2026-08-06 13:51:00,20184.58,884.96,44661.71,49018.85,4.370499999997264,14.970499999995809,-10.599999999998545,0.7080591830601191
2026-08-06 13:52:00,20184.69,885.12,44661.85,49019.02,4.540499999995518,14.970499999995809,-10.430000000000291,0.6967035169168171
2026-08-06 13:53:00,20184.53,884.99,44661.66,49018.77,4.290499999995518,14.970499999995809,-10.680000000000291,0.7134030259512562
2026-08-06 13:54:00,20184.6,885.01,44661.72,49018.85,4.370499999997264,14.965499999998428,-10.595000000001164,0.7079616451172548
2026-08-06 13:55:00,20184.29,885.06,44661.54,49018.57,4.090499999998428,14.960500000001048,-10.87000000000262,0.7265799939842825
2026-08-06 13:56:00,20184.25,885.06,44661.44,49018.47,3.9904999999998836,14.95049999999901,-10.959999999999127,0.733085849971563
2026-08-06 13:57:00,20184.55,884.9,44661.52,49018.67,4.190499999996973,14.940499999996973,-10.75,0.7195207657041048
2026-08-06 13:58:00,20184.32,885.0,44661.46,49018.51,4.030500000000757,14.935499999999593,-10.904999999998836,0.7301396002811512
2026-08-06 13:59:00,20184.02,885.11,44661.34,49018.29,3.8104999999995925,14.930500000002212,-11.12000000000262,0.7447841666388247
2026-08-06 14:00:00,20184.48,884.93,44661.41,49018.55,4.07050000000163,14.930500000002212,-10.860000000000582,0.7273701483539716
2026-08-06 14:01:00,20184.78,884.88,44661.48,49018.75,4.270499999998719,14.930500000002212,-10.660000000003492,0.7139747496736153
2026-08-06 14:02:00,20184.91,884.61,44661.55,49018.86,4.3804999999993015,14.925500000001193,-10.545000000001892,0.7065089946736155
2026-08-06 14:03:00,20184.99,884.3,44661.54,49018.88,4.4004999999961,14.920500000000175,-10.520000000004075,0.7050702054223351
2026-08-06 14:04:00,20184.71,884.35,44661.37,49018.62,4.140500000001339,14.925500000001193,-10.784999999999854,0.7225888579946396
2026-08-06 14:05:00,20184.95,884.34,44661.63,49018.96,4.480499999997846,14.920500000000175,-10.440000000002328,0.6997084548106435
2026-08-06 14:06:00,20184.8,884.37,44661.59,49018.86,4.3804999999993015,14.925500000001193,-10.545000000001892,0.7065089946736155
2026-08-06 14:07:00,20184.64,884.48,44661.37,49018.58,4.100500000000466,14.930500000002212,-10.830000000001746,0.7253608385519669
2026-08-06 14:08:00,20184.76,884.51,44661.36,49018.63,4.1504999999961,14.935499999999593,-10.785000000003492,0.7221050517226599
2026-08-06 14:09:00,20184.99,884.63,44661.53,49018.87,4.390500000001339,14.940499999996973,-10.549999999995634,0.7061343328535037
2026-08-06 14:10:00,20184.84,884.53,44661.42,49018.71,4.230499999997846,14.95049999999901,-10.720000000001164,0.7170328751548024
2026-08-06 14:11:00,20184.78,884.41,44661.43,49018.69,4.210500000001048,14.960500000001048,-10.75,0.7185588716954144
2026-08-06 14:12:00,20184.99,884.3,44661.45,49018.77,4.290499999995518,14.965499999998428,-10.67500000000291,0.7133072733957456
2026-08-06 14:13:00,20184.66,884.54,44661.25,49018.45,3.970499999995809,14.970499999995809,-11.0,0.7347783975153187
2026-08-06 14:14:00,20184.55,884.66,44661.42,49018.57,4.090499999998428,14.970499999995809,-10.87999999999738,0.726762633178613
2026-08-06 14:15:00,20184.5,884.72,44661.4,49018.51,4.030500000000757,14.970499999995809,-10.939999999995052,0.7307705153467229
2026-08-06 14:16:00,20184.5,884.67,44661.32,49018.47,3.9904999999998836,14.985499999998865,-10.994999999998981,0.7337092522771889
2026-08-06 14:17:00,20184.41,884.68,44661.35,49018.46,3.9804999999978463,15.00050000000192,-11.020000000004075,0.7346421785942244
2026-08-06 14:18:00,20184.27,884.66,44661.26,49018.31,3.830499999996391,15.005499999999302,-11.17500000000291,0.7447269334579608
2026-08-06 14:19:00,20183.9,884.95,44661.03,49017.96,3.4804999999978463,15.010499999996682,-11.529999999998836,0.7681289763832907
2026-08-06 14:20:00,20184.05,884.68,44661.09,49018.07,3.5904999999984284,15.0154999999977,-11.424999999999272,0.7608804235623869
2026-08-06 14:21:00,20184.19,884.8,44661.24,49018.27,3.790499999995518,15.02049999999872,-11.230000000003201,0.7476448853236682
2026-08-06 14:22:00,20184.04,884.92,44661.14,49018.13,3.6504999999961,15.025499999999738,-11.375000000003638,0.7570463545308865
2026-08-06 14:23:00,20183.89,885.02,44661.06,49017.99,3.510499999996682,15.030500000000757,-11.520000000004075,0.7664415688103187
2026-08-06 14:24:00,20183.9,885.11,44661.06,49017.98,3.500500000001921,15.035499999998137,-11.534999999996217,0.7671843304178542
2026-08-06 14:25:00,20183.88,884.86,44661.01,49017.93,3.4504999999990105,15.040499999995518,-11.589999999996508,0.7705860842392181
2026-08-06 14:26:00,20183.72,884.84,44660.88,49017.74,3.260499999996682,15.045499999996537,-11.784999999999854,0.7832906849225727
2026-08-06 14:27:00,20183.78,885.07,44660.86,49017.77,3.290499999995518,15.050499999997555,-11.760000000002037,0.781369389721534
2026-08-06 14:28:00,20184.05,884.99,44661.06,49018.05,3.57050000000163,15.055499999998574,-11.484999999996944,0.7628441433361915
2026-08-06 14:29:00,20183.83,885.02,44661.16,49018.06,3.580499999996391,15.060499999999593,-11.480000000003201,0.7622588891473399
2026-08-06 14:30:00,20183.25,885.35,44660.93,49017.61,3.1304999999993015,15.070499999997992,-11.93999999999869,0.7922763013835162
2026-08-06 14:31:00,20183.0,885.43,44660.89,49017.47,2.9904999999998836,15.080499999996391,-12.089999999996508,0.8016975564470277
2026-08-06 14:32:00,20183.02,885.59,44660.93,49017.53,3.0504999999975553,15.08549999999741,-12.034999999999854,0.7977859533990866
2026-08-06 14:33:00,20183.28,886.13,44661.15,49017.84,3.360499999995227,15.090499999998428,-11.730000000003201,0.7773102282896142
2026-08-06 14:34:00,20182.45,886.12,44660.73,49017.11,2.6304999999993015,15.090499999998428,-12.459999999999127,0.8256850336304579
2026-08-06 14:35:00,20182.59,886.29,44660.91,49017.34,2.860499999995227,15.090499999998428,-12.230000000003201,0.8104436566054455
2026-08-06 14:36:00,20182.68,886.13,44661.02,49017.47,2.9904999999998836,15.100499999996828,-12.109999999996944,0.8019601999933438
2026-08-06 14:37:00,20182.63,886.33,44661.0,49017.43,2.9504999999990105,15.110499999995227,-12.159999999996217,0.8047384269216807
2026-08-06 14:38:00,20182.69,886.25,44661.02,49017.5,3.0204999999987194,15.110499999995227,-12.089999999996508,0.8001058866351429
2026-08-06 14:39:00,20182.58,886.36,44661.15,49017.57,3.0904999999984284,15.110499999995227,-12.019999999996799,0.795473346348605
2026-08-06 14:40:00,20182.6,886.4,44661.18,49017.61,3.1304999999993015,15.120499999997264,-11.989999999997963,0.7929631956615278
2026-08-06 14:41:00,20182.58,886.61,44661.23,49017.66,3.180500000002212,15.130499999999302,-11.94999999999709,0.78979544628384
2026-08-06 14:42:00,20182.63,886.86,44661.59,49018.0,3.5204999999987194,15.130499999999302,-11.610000000000582,0.7673242787747343
2026-08-06 14:43:00,20182.64,886.59,44661.52,49017.94,3.4605000000010477,15.130499999999302,-11.669999999998254,0.7712897789232869
2026-08-06 14:44:00,20182.5,887.06,44661.74,49018.09,3.610499999995227,15.1404999999977,-11.530000000002474,0.7615336349528896
2026-08-06 14:45:00,20182.42,886.86,44661.61,49017.94,3.4605000000010477,15.1504999999961,-11.689999999995052,0.7715916966435472
2026-08-06 14:46:00,20182.19,886.78,44661.72,49017.94,3.4605000000010477,15.155499999997119,-11.694999999996071,0.7716670515653258
2026-08-06 14:47:00,20182.31,887.02,44661.99,49018.24,3.760499999996682,15.160499999998137,-11.400000000001455,0.7519540912240926
2026-08-06 14:48:00,20182.42,887.27,44662.37,49018.64,4.160499999998137,15.160499999998137,-11.0,0.7255697371459616
2026-08-06 14:49:00,20182.26,887.12,44662.36,49018.56,4.080499999996391,15.160499999998137,-11.080000000001746,0.7308466079616838
2026-08-06 14:50:00,20182.38,887.09,44662.52,49018.76,4.280500000000757,15.165499999999156,-10.8849999999984,0.7177475190398606
2026-08-06 14:51:00,20182.52,886.95,44662.57,49018.88,4.4004999999961,15.170500000000175,-10.770000000004075,0.7099304571374675
2026-08-06 14:52:00,20182.55,886.93,44662.86,49019.15,4.670500000000175,15.180499999998574,-10.5099999999984,0.6923355620697201
2026-08-06 14:53:00,20182.53,886.76,44662.94,49019.22,4.740499999999884,15.190499999996973,-10.44999999999709,0.6879299562225847
2026-08-06 14:54:00,20182.35,887.05,44663.14,49019.33,4.850500000000466,15.20049999999901,-10.349999999998545,0.6808986546494668
2026-08-06 14:55:00,20182.14,887.22,44663.3,49019.37,4.890500000001339,15.210500000001048,-10.319999999999709,0.6784786824890042
2026-08-06 14:56:00,20182.07,887.18,44663.48,49019.49,5.010499999996682,15.210500000001048,-10.200000000004366,0.6705893954836241
2026-08-06 14:57:00,20181.89,887.21,44663.62,49019.54,5.0604999999995925,15.210500000001048,-10.150000000001455,0.6673021925643967
2026-08-06 14:58:00,20181.78,887.33,44663.74,49019.61,5.1304999999993015,15.215499999998428,-10.084999999999127,0.6628109493608602
2026-08-06 14:59:00,20181.77,887.44,44663.9,49019.75,5.270499999998719,15.220499999995809,-9.94999999999709,0.6537235964652823
2026-08-06 15:00:00,20181.74,887.41,44664.01,49019.83,5.350500000000466,15.235499999998865,-9.8849999999984,0.6488136260706334
2026-08-06 15:01:00,20181.88,887.13,44664.12,49020.01,5.530500000000757,15.25050000000192,-9.720000000001164,0.6373561522572991
2026-08-06 15:02:00,20181.58,887.3,44664.15,49019.93,5.4504999999990105,15.255499999999302,-9.805000000000291,0.6427190193701118
2026-08-06 15:03:00,20181.79,887.33,44664.47,49020.31,5.830499999996391,15.260499999996682,-9.430000000000291,0.6179351921629266
2026-08-06 15:04:00,20181.77,887.41,44664.64,49020.45,5.970499999995809,15.260499999996682,-9.290000000000873,0.6087611808265059
2026-08-06 15:05:00,20181.69,887.4,44664.62,49020.41,5.930500000002212,15.260499999996682,-9.32999999999447,0.6113823269222174
2026-08-06 15:06:00,20181.54,887.87,44664.89,49020.6,6.120499999997264,15.2654999999977,-9.145000000000437,0.5990632471914981
2026-08-06 15:07:00,20181.21,887.95,44664.8,49020.37,5.890500000001339,15.27049999999872,-9.37999999999738,0.6142562457023782
2026-08-06 15:08:00,20181.17,888.34,44664.94,49020.5,6.020499999998719,15.27049999999872,-9.25,0.6057430994401477
2026-08-06 15:09:00,20180.97,888.45,44664.9,49020.4,5.920500000000175,15.27049999999872,-9.349999999998545,0.612291673488054
2026-08-06 15:10:00,20181.04,888.32,44664.96,49020.49,6.010499999996682,15.295500000000175,-9.285000000003492,0.6070412866531585
2026-08-06 15:11:00,20181.23,887.99,44665.06,49020.64,6.160499999998137,15.32050000000163,-9.160000000003492,0.5978917137170796
2026-08-06 15:12:00,20181.24,888.15,44665.16,49020.73,6.250500000001921,15.335500000001048,-9.084999999999127,0.5924162890025435
2026-08-06 15:13:00,20181.34,888.36,44665.34,49020.94,6.460500000001048,15.350500000000466,-8.889999999999418,0.5791342301553141
2026-08-06 15:14:00,20181.15,888.39,44665.47,49020.99,6.510499999996682,15.355499999997846,-8.845000000001164,0.5760151085931688
2026-08-06 15:15:00,20181.03,888.6,44665.66,49021.13,6.6504999999961,15.360499999995227,-8.709999999999127,0.5670388333714289
2026-08-06 15:16:00,20181.02,888.62,44665.68,49021.14,6.660499999998137,15.375499999998283,-8.715000000000146,0.5668108354200591
2026-08-06 15:17:00,20180.87,888.82,44665.73,49021.12,6.640500000001339,15.390500000001339,-8.75,0.5685325363048139
2026-08-06 15:18:00,20180.45,889.06,44665.61,49020.85,6.370499999997264,15.405500000000757,-9.035000000003492,0.5864788549545973
2026-08-06 15:19:00,20180.46,889.12,44665.76,49021.0,6.520499999998719,15.420500000000175,-8.900000000001455,0.5771537887877406
2026-08-06 15:20:00,20180.34,889.44,44665.92,49021.11,6.6304999999993015,15.435499999999593,-8.805000000000291,0.5704382754041348
2026-08-06 15:21:00,20180.38,889.32,44665.96,49021.16,6.680500000002212,15.45049999999901,-8.769999999996799,0.5676191709004472
2026-08-06 15:22:00,20180.2,889.47,44665.96,49021.09,6.610499999995227,15.46049999999741,-8.850000000002183,0.5724265062581201
2026-08-06 15:23:00,20180.46,889.4,44666.11,49021.34,6.860499999995227,15.470499999995809,-8.610000000000582,0.5565430981547406
2026-08-06 15:24:00,20180.48,889.49,44666.3,49021.52,7.040499999995518,15.470499999995809,-8.430000000000291,0.5449080508065398
2026-08-06 15:25:00,20180.38,889.6,44666.34,49021.51,7.030500000000757,15.470499999995809,-8.439999999995052,0.5455544423255446
2026-08-06 15:26:00,20180.16,889.69,44666.29,49021.35,6.870499999997264,15.475499999996828,-8.604999999999563,0.5560401925625231
2026-08-06 15:27:00,20180.33,889.63,44666.52,49021.64,7.160499999998137,15.480499999997846,-8.319999999999709,0.5374503407513237
2026-08-06 15:28:00,20180.23,889.83,44666.61,49021.67,7.190499999996973,15.480499999997846,-8.290000000000873,0.5355124188496513
2026-08-06 15:29:00,20180.12,890.22,44666.79,49021.8,7.32050000000163,15.480499999997846,-8.159999999996217,0.5271147572751107
2026-08-06 15:30:00,20180.13,890.43,44666.94,49021.93,7.4504999999990105,15.505499999999302,-8.055000000000291,0.5194930830995875
2026-08-06 15:31:00,20179.98,890.54,44667.05,49021.96,7.480499999997846,15.530500000000757,-8.05000000000291,0.5183348894113208
2026-08-06 15:32:00,20179.87,890.48,44667.18,49022.06,7.580499999996391,15.530500000000757,-7.950000000004366,0.5118959466858104
2026-08-06 15:33:00,20179.82,890.79,44667.29,49022.14,7.660499999998137,15.530500000000757,-7.870000000002619,0.5067447925052146
2026-08-06 15:34:00,20179.42,891.21,44667.2,49021.9,7.420500000000175,15.530500000000757,-8.110000000000582,0.5221982550465334
2026-08-06 15:35:00,20179.47,891.23,44667.28,49021.99,7.510499999996682,15.530500000000757,-8.020000000004075,0.5164032065937145
2026-08-06 15:36:00,20179.35,891.38,44667.38,49022.02,7.540499999995518,15.540499999999156,-8.000000000003638,0.5147839516105706
2026-08-06 15:37:00,20179.76,891.48,44667.64,49022.42,7.940499999996973,15.550499999997555,-7.610000000000582,0.4893733320473154
2026-08-06 15:38:00,20179.81,891.45,44667.68,49022.48,8.00050000000192,15.570499999997992,-7.569999999996071,0.4861757811243728
2026-08-06 15:39:00,20180.07,891.54,44667.94,49022.82,8.340499999998428,15.590499999998428,-7.25,0.4650267791283622
2026-08-06 15:40:00,20180.25,891.61,44668.17,49023.1,8.620499999997264,15.595499999999447,-6.975000000002183,0.44724439742248917
2026-08-06 15:41:00,20180.18,891.48,44667.86,49022.8,8.32050000000163,15.600500000000466,-7.279999999998836,0.466651709881005
2026-08-06 15:42:00,20180.11,891.75,44668.16,49023.07,8.590499999998428,15.605499999997846,-7.014999999999418,0.4495210022107838
2026-08-06 15:43:00,20179.84,891.9,44668.21,49023.01,8.530500000000757,15.610499999995227,-7.07999999999447,0.45354088594193875
2026-08-06 15:44:00,20179.68,892.01,44668.14,49022.88,8.4004999999961,15.615499999996246,-7.2150000000001455,0.46204092088001536
2026-08-06 15:45:00,20179.78,892.27,44668.39,49023.15,8.670500000000175,15.620499999997264,-6.94999999999709,0.4449281393040112
2026-08-06 15:46:00,20179.87,892.2,44668.47,49023.26,8.780500000000757,15.635499999996682,-6.8549999999959255,0.4384253781457184
2026-08-06 15:47:00,20179.69,892.42,44668.33,49023.06,8.580499999996391,15.6504999999961,-7.069999999999709,0.45174275582259166
2026-08-06 15:48:00,20180.02,892.59,44668.72,49023.57,9.090499999998428,15.660499999998137,-6.569999999999709,0.4195268350308413
2026-08-06 15:49:00,20180.32,892.48,44669.07,49023.99,9.510499999996682,15.670500000000175,-6.1600000000034925,0.39309530646778496
2026-08-06 15:50:00,20180.18,892.89,44668.99,49023.84,9.360499999995227,15.675500000001193,-6.315000000005966,0.4028579630637291
2026-08-06 15:51:00,20180.29,892.9,44669.12,49024.01,9.530500000000757,15.680500000002212,-6.150000000001455,0.3922068811581638
2026-08-06 15:52:00,20180.33,893.1,44669.36,49024.25,9.77049999999872,15.680500000002212,-5.9100000000034925,0.37690124677163733
2026-08-06 15:53:00,20180.13,893.23,44669.36,49024.17,9.690499999996973,15.680500000002212,-5.990000000005239,0.38200312490063415
2026-08-06 15:54:00,20180.2,893.33,44669.53,49024.33,9.850500000000466,15.69550000000163,-5.845000000001164,0.3723997324074134
2026-08-06 15:55:00,20179.88,893.37,44669.37,49024.06,9.580499999996391,15.710500000001048,-6.130000000004657,0.39018490818269613
2026-08-06 15:56:00,20179.87,893.52,44669.49,49024.18,9.70049999999901,15.715499999998428,-6.014999999999418,0.38274315166555434
2026-08-06 15:57:00,20180.24,893.63,44669.82,49024.63,10.1504999999961,15.720499999995809,-5.569999999999709,0.35431443020267767
2026-08-06 15:58:00,20180.16,893.81,44669.8,49024.59,10.110499999995227,15.725499999996828,-5.615000000001601,0.3570633684145327
2026-08-06 15:59:00,20180.18,894.24,44669.88,49024.68,10.20049999999901,15.730499999997846,-5.529999999998836,0.35154635898411324
2026-08-06 16:00:00,20180.45,894.03,44669.86,49024.77,10.290499999995518,15.730499999997846,-5.440000000002328,0.3458249896699452
2026-08-06 16:01:00,20180.33,893.98,44669.81,49024.68,10.20049999999901,15.730499999997846,-5.529999999998836,0.35154635898411324
2026-08-06 16:02:00,20180.4,894.32,44669.86,49024.77,10.290499999995518,15.735499999998865,-5.445000000003347,0.3460328556451171
2026-08-06 16:03:00,20181.11,894.26,44670.57,49025.68,11.20049999999901,15.740499999999884,-4.540000000000873,0.2884279406626795
2026-08-06 16:04:00,20180.84,894.32,44670.24,49025.28,10.800499999997555,15.735499999998865,-4.93500000000131,0.31362206475813703
2026-08-06 16:05:00,20181.04,894.49,44670.4,49025.52,11.040499999995518,15.730499999997846,-4.690000000002328,0.2981469120500283
2026-08-06 16:06:00,20181.19,894.55,44670.56,49025.71,11.230499999997846,15.735499999998865,-4.505000000001019,0.2862953195005779
2026-08-06 16:07:00,20181.52,894.59,44670.79,49026.05,11.57050000000163,15.740499999999884,-4.169999999998254,0.2649216988023433
2026-08-06 16:08:00,20181.19,894.88,44670.73,49025.82,11.340499999998428,15.735499999998865,-4.395000000000437,0.2793047567602398
2026-08-06 16:09:00,20181.13,895.2,44670.63,49025.77,11.290499999995518,15.740499999999884,-4.450000000004366,0.2827102061563736
2026-08-06 16:10:00,20181.42,895.14,44670.62,49025.88,11.4004999999961,15.735499999998865,-4.335000000002765,0.27549172253840537
2026-08-06 16:11:00,20182.03,895.2,44670.77,49026.26,11.780500000000757,15.740499999999884,-3.959999999999127,0.25158031828716726
2026-08-06 16:12:00,20182.07,895.29,44670.81,49026.32,11.840499999998428,15.745500000000902,-3.905000000002474,0.24800736718441777
2026-08-06 16:13:00,20181.98,895.84,44670.81,49026.29,11.810499999999593,15.75050000000192,-3.9400000000023283,0.2501507888639629
2026-08-06 16:14:00,20182.5,895.61,44671.02,49026.7,12.220499999995809,15.755499999999302,-3.5350000000034925,0.22436609437997201
2026-08-06 16:15:00,20182.88,895.8,44671.19,49027.0,12.52049999999872,15.75050000000192,-3.2300000000032014,0.20507285483018364
2026-08-06 16:16:00,20182.7,895.84,44671.08,49026.82,12.340499999998428,15.755499999999302,-3.415000000000873,0.2167497064517803
2026-08-06 16:17:00,20182.66,895.72,44670.94,49026.69,12.210500000001048,15.75050000000192,-3.540000000000873,0.22475476968987915
2026-08-06 16:18:00,20182.87,895.86,44671.14,49026.95,12.470499999995809,15.745500000000902,-3.275000000005093,0.20799593534691851
2026-08-06 16:19:00,20182.93,895.92,44671.31,49027.12,12.640500000001339,15.740499999999884,-3.099999999998545,0.19694418855808696
2026-08-06 16:20:00,20183.07,896.07,44671.44,49027.3,12.82050000000163,15.735499999998865,-2.914999999997235,0.1852499126178034
2026-08-06 16:21:00,20183.12,896.09,44671.37,49027.25,12.77049999999872,15.730499999997846,-2.959999999999127,0.1881694796732165
2026-08-06 16:22:00,20182.99,896.2,44671.37,49027.22,12.740499999999884,15.725499999996828,-2.984999999996944,0.18981908365378183
2026-08-06 16:23:00,20182.99,896.14,44671.5,49027.34,12.860499999995227,15.720499999995809,-2.860000000000582,0.18192805572350398
2026-08-06 16:24:00,20183.3,896.38,44671.69,49027.62,13.140500000001339,15.715499999998428,-2.5749999999970896,0.16385097515175126
2026-08-06 16:25:00,20183.19,896.3,44671.7,49027.59,13.110499999995227,15.710500000001048,-2.6000000000058208,0.16549441456386796
2026-08-06 16:26:00,20183.36,896.44,44671.73,49027.68,13.20049999999901,15.69550000000163,-2.4950000000026193,0.15896276002690965
2026-08-06 16:27:00,20183.44,896.6,44671.83,49027.81,13.330499999996391,15.680500000002212,-2.3500000000058208,0.14986767003638207
2026-08-06 16:28:00,20183.23,896.65,44671.77,49027.67,13.190499999996973,15.680500000002212,-2.4900000000052387,0.15879595676189454
2026-08-06 16:29:00,20183.19,896.87,44671.86,49027.74,13.260499999996682,15.680500000002212,-2.4200000000055297,0.15433181339913832
2026-08-06 16:30:00,20183.38,896.81,44671.96,49027.92,13.440499999996973,15.640500000001339,-2.2000000000043656,0.14066046481916672
2026-08-06 16:31:00,20183.47,896.87,44672.06,49028.05,13.57050000000163,15.600500000000466,-2.029999999998836,0.13012403448599566
2026-08-06 16:32:00,20183.48,897.25,44672.09,49028.08,13.600500000000466,15.565500000000611,-1.9650000000001455,0.12624072467958422
2026-08-06 16:33:00,20183.23,897.19,44672.06,49027.95,13.470499999995809,15.530500000000757,-2.0600000000049477,0.1326422201477639
2026-08-06 16:34:00,20182.92,897.36,44671.97,49027.75,13.27049999999872,15.530500000000757,-2.2600000000020373,0.14552010559878478
2026-08-06 16:35:00,20183.08,897.61,44672.13,49027.94,13.460500000001048,15.530500000000757,-2.069999999999709,0.133286114419987
2026-08-06 16:36:00,20183.19,897.55,44672.27,49028.12,13.640500000001339,15.505499999999302,-1.8649999999979627,0.12027990068027776
2026-08-06 16:37:00,20183.11,897.62,44672.35,49028.15,13.670500000000175,15.480499999997846,-1.8099999999976717,0.11692128807195656
2026-08-06 16:38:00,20183.0,897.92,44672.27,49028.03,13.550499999997555,15.480499999997846,-1.930000000000291,0.12467297567911628
2026-08-06 16:39:00,20183.12,897.94,44672.29,49028.1,13.620499999997264,15.480499999997846,-1.860000000000582,0.12015115790839061
2026-08-06 16:40:00,20183.07,898.37,44672.44,49028.23,13.75050000000192,15.475499999996828,-1.7249999999949068,0.1114665115825182
2026-08-06 16:41:00,20183.09,898.48,44672.35,49028.15,13.670500000000175,15.470499999995809,-1.7999999999956344,0.11635047348153725
2026-08-06 16:42:00,20183.2,898.74,44672.35,49028.21,13.730499999997846,15.445499999997992,-1.7150000000001455,0.11103557670521307
2026-08-06 16:43:00,20183.24,898.83,44672.33,49028.22,13.740499999999884,15.420500000000175,-1.680000000000291,0.10894588372622625
2026-08-06 16:44:00,20183.2,899.02,44672.2,49028.08,13.600500000000466,15.3904999999977,-1.7899999999972351,0.1163055131410612
2026-08-06 16:45:00,20183.61,898.9,44672.21,49028.27,13.790499999995518,15.360499999995227,-1.569999999999709,0.1022102145112592
2026-08-06 16:46:00,20183.56,899.05,44672.14,49028.18,13.70049999999901,15.355499999997846,-1.6549999999988358,0.10777897170388903
2026-08-06 16:47:00,20184.07,899.49,44672.55,49028.78,14.300499999997555,15.350500000000466,-1.0500000000029104,0.06840168072719967
2026-08-06 16:48:00,20183.99,899.41,44672.27,49028.48,14.00050000000192,15.310499999999593,-1.3099999999976717,0.08556219587849558
2026-08-06 16:49:00,20184.04,899.43,44672.12,49028.36,13.880499999999302,15.27049999999872,-1.389999999999418,0.09102517926718408
2026-08-06 16:50:00,20184.21,899.54,44672.17,49028.48,14.00050000000192,15.2654999999977,-1.26499999999578,0.08286659460849435
2026-08-06 16:51:00,20184.28,899.53,44672.22,49028.55,14.07050000000163,15.260499999996682,-1.1899999999950523,0.0779790963595761
2026-08-06 16:52:00,20184.5,899.55,44672.35,49028.77,14.290499999995518,15.255499999999302,-0.9650000000037835,0.06325587493060389
2026-08-06 16:53:00,20184.53,899.49,44672.39,49028.8,14.32050000000163,15.25050000000192,-0.930000000000291,0.060981607160432376
2026-08-06 16:54:00,20184.58,899.45,44672.45,49028.88,14.4004999999961,15.235499999998865,-0.8350000000027649,0.05480620918268695
2026-08-06 16:55:00,20184.38,899.38,44672.34,49028.7,14.220499999995809,15.220499999995809,-1.0,0.06570086396637925
2026-08-06 16:56:00,20184.35,899.59,44672.37,49028.71,14.230499999997846,15.215499999998428,-0.9850000000005821,0.06473661726533363
2026-08-06 16:57:00,20184.71,899.64,44672.63,49029.1,14.620499999997264,15.210500000001048,-0.5900000000037835,0.03878899444487314
2026-08-06 16:58:00,20184.42,899.61,44672.42,49028.8,14.32050000000163,15.150499999999738,-0.8299999999981083,0.05478367050579998
2026-08-06 16:59:00,20184.25,899.86,44672.27,49028.6,14.120499999997264,15.090499999998428,-0.9700000000011642,0.06427885093278984
2026-08-06 17:00:00,20184.71,899.75,44672.5,49028.98,14.50050000000192,15.07549999999901,-0.5749999999970896,0.038141355178742155
2026-08-06 17:01:00,20184.71,899.64,44672.51,49028.99,14.510499999996682,15.060499999999593,-0.5500000000029104,0.03651937186699813
2026-08-06 17:02:00,20184.73,899.95,44672.44,49028.96,14.480499999997846,15.055499999998574,-0.5750000000007276,0.038192022848844744
2026-08-06 17:03:00,20185.11,899.88,44672.76,49029.4,14.920500000000175,15.050499999997555,-0.12999999999738066,0.008637586790963873
2026-08-06 17:04:00,20185.03,899.77,44672.79,49029.37,14.890500000001339,15.045499999996537,-0.15499999999519787,0.010302083679188697
2026-08-06 17:05:00,20185.0,899.98,44672.71,49029.29,14.810499999999593,15.040499999995518,-0.22999999999592546,0.015292044812073668
2026-08-06 17:06:00,20185.08,900.29,44672.79,49029.4,14.920500000000175,15.030499999997119,-0.1099999999969441,0.007318452479755509
2026-08-06 17:07:00,20185.26,900.32,44672.86,49029.54,15.060499999999593,15.02049999999872,0.040000000000873115,0.002663027196223596
2026-08-06 17:08:00,20184.82,900.27,44672.46,49028.99,14.510499999996682,14.995499999997264,-0.4850000000005821,0.03234303624425131
2026-08-06 17:09:00,20184.97,900.23,44672.62,49029.21,14.730499999997846,14.970499999995809,-0.23999999999796273,0.016031528672925413
2026-08-06 17:10:00,20185.2,900.18,44672.78,49029.45,14.970499999995809,14.970499999995809,0.0,0.0
2026-08-06 17:11:00,20185.11,900.01,44672.5,49029.15,14.670500000000175,14.970499999995809,-0.2999999999956344,0.020039410841035263
2026-08-06 17:12:00,20185.52,900.11,44672.63,49029.45,14.970499999995809,14.965499999998428,0.004999999997380655,0.00033410176722335907
2026-08-06 17:13:00,20185.42,900.59,44672.73,49029.5,15.02049999999872,14.960500000001048,0.059999999997671694,0.004010561144190869
2026-08-06 17:14:00,20185.48,900.58,44672.73,49029.53,15.050499999997555,14.94550000000163,0.10499999999592546,0.007025526077810312
2026-08-06 17:15:00,20185.57,900.63,44672.93,49029.74,15.260499999996682,14.930500000002212,0.32999999999447027,0.02210240782253919
2026-08-06 17:16:00,20185.47,900.7,44673.06,49029.83,15.350500000000466,14.925500000001193,0.4249999999992724,0.028474757964506277
2026-08-06 17:17:00,20185.52,900.55,44673.13,49029.9,15.420500000000175,14.920500000000175,0.5,0.03351094132234135
2026-08-06 17:18:00,20185.83,900.44,44673.2,49030.08,15.600500000000466,14.920500000000175,0.680000000000291,0.04557488019840374
2026-08-06 17:19:00,20185.81,900.34,44673.06,49029.95,15.470499999995809,14.920500000000175,0.5499999999956344,0.0368620354542829
2026-08-06 17:20:00,20185.96,900.27,44673.22,49030.16,15.680500000002212,14.905500000000757,0.7750000000014552,0.051994230317762964
2026-08-06 17:21:00,20185.91,900.37,44673.27,49030.19,15.710500000001048,14.890500000001339,0.819999999999709,0.0550686679426235
2026-08-06 17:22:00,20185.77,900.43,44673.31,49030.16,15.680500000002212,14.890500000001339,0.7900000000008731,0.05305396057894645
2026-08-06 17:23:00,20185.79,900.4,44673.47,49030.31,15.830499999996391,14.890500000001339,0.9399999999950523,0.06312749739733171
2026-08-06 17:24:00,20185.79,900.51,44673.57,49030.41,15.930500000002212,14.880499999999302,1.0500000000029104,0.07056214508940961
2026-08-06 17:25:00,20185.84,900.72,44673.72,49030.56,16.08049999999639,14.870499999997264,1.2099999999991269,0.08136915369351061
2026-08-06 17:26:00,20185.45,900.55,44673.28,49030.01,15.530500000000757,14.865499999996246,0.6650000000045111,0.04473445225553658
2026-08-06 17:27:00,20185.82,900.58,44673.7,49030.54,16.060499999999593,14.860499999995227,1.2000000000043656,0.08075098415293906
2026-08-06 17:28:00,20185.83,900.59,44673.83,49030.67,16.190499999996973,14.850499999996828,1.3400000000001455,0.090232652099285
2026-08-06 17:29:00,20185.84,900.71,44674.03,49030.86,16.3804999999993,14.840499999998428,1.5400000000008731,0.10377008860894418
2026-08-06 17:30:00,20185.69,900.84,44673.93,49030.7,16.22049999999581,14.830500000000029,1.38999999999578,0.09372576784301118
2026-08-06 17:31:00,20185.84,900.59,44673.9,49030.72,16.240499999999884,14.82050000000163,1.4199999999982538,0.09581323167221738
2026-08-06 17:32:00,20185.66,900.86,44673.96,49030.72,16.240499999999884,14.815500000000611,1.4249999999992724,0.09618305153381349
2026-08-06 17:33:00,20185.75,900.61,44674.23,49030.99,16.510499999996682,14.810499999999593,1.6999999999970896,0.11478343067399051
2026-08-06 17:34:00,20186.01,900.41,44674.12,49030.99,16.510499999996682,14.810499999999593,1.6999999999970896,0.11478343067399051
2026-08-06 17:35:00,20186.99,900.13,44674.45,49031.69,17.210500000001048,14.810499999999593,2.400000000001455,0.16204719624600933
2026-08-06 17:36:00,20187.41,900.01,44674.52,49031.94,17.460500000001048,14.805499999998574,2.655000000002474,0.1793252507515943
2026-08-06 17:37:00,20187.75,899.84,44674.42,49031.98,17.50050000000192,14.800499999997555,2.7000000000043656,0.1824262693831162
2026-08-06 17:38:00,20188.1,900.08,44674.62,49032.31,17.83049999999639,14.800499999997555,3.029999999998836,0.20472281341842075
2026-08-06 17:39:00,20188.43,899.93,44674.39,49032.23,17.75050000000192,14.800499999997555,2.9500000000043656,0.19931759062226634
2026-08-06 17:40:00,20188.39,900.37,44674.66,49032.47,17.990499999999884,14.77049999999872,3.220000000001164,0.2180020987780673
2026-08-06 17:41:00,20188.47,900.34,44674.78,49032.61,18.1304999999993,14.740499999999884,3.389999999999418,0.22997863030422608
2026-08-06 17:42:00,20188.9,900.2,44675.05,49033.03,18.550499999997555,14.735499999998865,3.8149999999986903,0.25889857826330864
2026-08-06 17:43:00,20188.8,900.09,44674.95,49032.89,18.410499999998137,14.730499999997846,3.680000000000291,0.24982179830968596
2026-08-06 17:44:00,20188.9,900.06,44675.02,49032.99,18.510499999996682,14.725499999996828,3.7849999999998545,0.25703711249198125
2026-08-06 17:45:00,20188.66,900.02,44674.95,49032.83,18.350500000000466,14.720499999995809,3.6300000000046566,0.24659488468501004
2026-08-06 17:46:00,20188.73,899.63,44674.95,49032.85,18.370499999997264,14.695499999997992,3.6749999999992724,0.25007655404714196
2026-08-06 17:47:00,20188.9,899.93,44675.2,49033.16,18.680500000002212,14.670500000000175,4.010000000002037,0.27333765038696634
2026-08-06 17:48:00,20188.91,900.02,44675.18,49033.16,18.680500000002212,14.655500000000757,4.025000000001455,0.2746409197912898
2026-08-06 17:49:00,20189.12,899.74,44675.2,49033.26,18.780500000000757,14.640500000001339,4.139999999999418,0.28277722755363816
2026-08-06 17:50:00,20189.06,899.94,44675.39,49033.41,18.930500000002212,14.630499999999302,4.30000000000291,0.2939065650526719
2026-08-06 17:51:00,20188.91,899.87,44675.54,49033.47,18.990499999999884,14.620499999997264,4.370000000002619,0.29889538661491993
2026-08-06 17:52:00,20188.52,899.93,44675.54,49033.3,18.82050000000163,14.565499999996973,4.255000000004657,0.29212866019055583
2026-08-06 17:53:00,20188.33,899.91,44675.53,49033.23,18.75050000000192,14.510499999996682,4.240000000005239,0.29220219840847717
2026-08-06 17:54:00,20188.64,899.6,44675.86,49033.64,19.160499999998137,14.510499999996682,4.650000000001455,0.3204575996693786
2026-08-06 17:55:00,20188.19,899.61,44675.79,49033.4,18.920500000000175,14.510499999996682,4.4100000000034925,0.30391785258981435
2026-08-06 17:56:00,20187.77,899.81,44675.84,49033.27,18.790499999995518,14.505499999999302,4.2849999999962165,0.2954051911341507
2026-08-06 17:57:00,20187.94,899.82,44676.11,49033.57,19.09049999999843,14.50050000000192,4.5899999999965075,0.31654080893734005
2026-08-06 17:58:00,20187.55,899.83,44675.73,49033.06,18.58049999999639,14.490499999999884,4.0899999999965075,0.2822538904797309
2026-08-06 17:59:00,20187.85,899.94,44675.9,49033.35,18.870499999997264,14.480499999997846,4.389999999999418,0.30316632712959296
2026-08-06 18:00:00,20188.03,899.71,44675.86,49033.38,18.9004999999961,14.455500000000029,4.444999999996071,0.3074954169690472
2026-08-06 18:01:00,20188.32,899.71,44675.87,49033.51,19.030500000000757,14.430500000002212,4.599999999998545,0.3187692734137999
2026-08-06 18:02:00,20188.43,899.66,44675.79,49033.47,18.990499999999884,14.415499999999156,4.575000000000728,0.3173667233187191
2026-08-06 18:03:00,20188.56,899.78,44675.79,49033.53,19.050499999997555,14.4004999999961,4.650000000001455,0.3229054546719013
2026-08-06 18:04:00,20188.72,899.74,44675.82,49033.63,19.1504999999961,14.360499999998865,4.789999999997235,0.3335538456180226
2026-08-06 18:05:00,20188.94,899.66,44675.85,49033.75,19.27049999999872,14.32050000000163,4.94999999999709,0.3456583219857216
2026-08-06 18:06:00,20189.17,899.55,44675.86,49033.85,19.370499999997264,14.32050000000163,5.049999999995634,0.35264131838937607
2026-08-06 18:07:00,20189.02,899.42,44675.78,49033.71,19.230499999997846,14.32050000000163,4.9099999999962165,0.3428651234241582
2026-08-06 18:08:00,20188.84,899.4,44675.81,49033.67,19.190499999996973,14.310499999999593,4.879999999997381,0.3410083505116886
2026-08-06 18:09:00,20188.77,899.5,44675.88,49033.7,19.22049999999581,14.300499999997555,4.919999999998254,0.34404391454837907
2026-08-06 18:10:00,20188.53,899.37,44675.72,49033.45,18.97049999999581,14.295499999996537,4.674999999999272,0.32702598719879716
2026-08-06 18:11:00,20188.58,899.2,44675.73,49033.49,19.010499999996682,14.290499999995518,4.720000000001164,0.3302893530669077
2026-08-06 18:12:00,20188.47,899.32,44675.82,49033.52,19.040499999995518,14.27049999999872,4.769999999996799,0.3342559826212975
2026-08-06 18:13:00,20188.26,899.15,44675.83,49033.45,18.97049999999581,14.25050000000192,4.719999999993888,0.33121644854519156
2026-08-06 18:14:00,20188.24,899.23,44675.83,49033.43,18.95049999999901,14.240499999999884,4.709999999999127,0.33074681366519193
2026-08-06 18:15:00,20188.26,899.19,44675.8,49033.42,18.940499999996973,14.230499999997846,4.709999999999127,0.33097923474226765
2026-08-06 18:16:00,20187.96,899.1,44675.42,49032.95,18.47049999999581,14.225499999996828,4.244999999998981,0.29840778882991303
2026-08-06 18:17:00,20188.13,899.23,44675.84,49033.4,18.920500000000175,14.220499999995809,4.700000000004366,0.33050877254707994
2026-08-06 18:18:00,20187.95,899.14,44675.81,49033.3,18.82050000000163,14.170499999996537,4.650000000005093,0.32814650153531844
2026-08-06 18:19:00,20187.47,899.25,44675.63,49032.94,18.460500000001048,14.120499999997264,4.3400000000037835,0.30735455543391693
2026-08-06 18:20:00,20187.26,899.16,44675.54,49032.77,18.290499999995518,14.095499999999447,4.194999999996071,0.29761271327702
2026-08-06 18:21:00,20187.42,899.05,44675.68,49032.97,18.490499999999884,14.07050000000163,4.419999999998254,0.3141324046762902
2026-08-06 18:22:00,20187.28,898.85,44675.54,49032.78,18.300499999997555,14.035500000001775,4.26499999999578,0.3038723237501507
2026-08-06 18:23:00,20187.27,898.71,44675.54,49032.77,18.290499999995518,14.00050000000192,4.289999999993597,0.30641762794135985
2026-08-06 18:24:00,20187.42,898.79,44675.53,49032.83,18.350500000000466,14.00050000000192,4.349999999998545,0.3107031891716687
2026-08-06 18:25:00,20187.49,898.52,44675.52,49032.83,18.350500000000466,14.00050000000192,4.349999999998545,0.3107031891716687
2026-08-06 18:26:00,20187.65,898.52,44675.36,49032.75,18.27049999999872,13.95049999999901,4.319999999999709,0.30966632020357804
2026-08-06 18:27:00,20187.89,898.49,44675.23,49032.75,18.27049999999872,13.9004999999961,4.370000000002619,0.3143771806772307
2026-08-06 18:28:00,20187.94,898.51,44675.14,49032.69,18.210500000001048,13.8904999999977,4.320000000003347,0.3110039235451612
2026-08-06 18:29:00,20188.06,898.1,44675.09,49032.67,18.190499999996973,13.880499999999302,4.309999999997672,0.31050754655796897
2026-08-06 18:30:00,20188.16,898.22,44675.06,49032.67,18.190499999996973,13.83549999999741,4.354999999999563,0.3147699757869523
2026-08-06 18:31:00,20188.1,898.39,44674.92,49032.53,18.050499999997555,13.790499999995518,4.260000000002037,0.3089083064430892
2026-08-06 18:32:00,20188.45,898.63,44674.86,49032.63,18.1504999999961,13.780499999997119,4.369999999998981,0.3171147636152458
2026-08-06 18:33:00,20188.89,898.54,44674.94,49032.88,18.4004999999961,13.77049999999872,4.629999999997381,0.33622599034151346
2026-08-06 18:34:00,20189.05,898.31,44674.67,49032.7,18.22049999999581,13.76050000000032,4.459999999995489,0.3241161295007729
2026-08-06 18:35:00,20189.09,898.22,44674.72,49032.74,18.260499999996682,13.75050000000192,4.509999999994761,0.3279880731605492
2026-08-06 18:36:00,20188.96,898.59,44674.57,49032.56,18.08049999999639,13.745500000000902,4.334999999995489,0.3153759412167767
2026-08-06 18:37:00,20188.97,898.61,44674.45,49032.45,17.97049999999581,13.740499999999884,4.2299999999959255,0.3078490593498025
2026-08-06 18:38:00,20189.02,898.68,44674.49,49032.5,18.02049999999872,13.735499999998865,4.2849999999998545,0.3119653452732124
2026-08-06 18:39:00,20188.65,898.88,44674.17,49032.06,17.58049999999639,13.730499999997846,3.849999999998545,0.28039765485591556
2026-08-06 18:40:00,20188.91,899.12,44674.24,49032.26,17.780500000000757,13.715499999998428,4.065000000002328,0.29638000802032693
2026-08-06 18:41:00,20189.0,899.0,44674.14,49032.19,17.710500000001048,13.70049999999901,4.010000000002037,0.292690047808644
2026-08-06 18:42:00,20189.29,899.11,44674.09,49032.27,17.790499999995518,13.685499999999593,4.1049999999959255,0.299952504475251
2026-08-06 18:43:00,20189.41,899.38,44673.91,49032.16,17.680500000002212,13.670500000000175,4.010000000002037,0.2933323579972924
2026-08-06 18:44:00,20189.7,899.45,44673.97,49032.33,17.850500000000466,13.670500000000175,4.180000000000291,0.3057678943711084
2026-08-06 18:45:00,20189.69,899.47,44673.55,49031.93,17.45049999999901,13.670500000000175,3.779999999998836,0.276507808785252
2026-08-06 18:46:00,20190.07,899.3,44673.64,49032.18,17.70049999999901,13.655500000000757,4.044999999998254,0.29621764124331074
2026-08-06 18:47:00,20190.43,899.28,44673.7,49032.39,17.910499999998137,13.640500000001339,4.269999999996799,0.3130383783582991
2026-08-06 18:48:00,20190.48,899.33,44673.45,49032.17,17.690499999996973,13.63550000000032,4.054999999996653,0.29738550108148276
2026-08-06 18:49:00,20190.64,899.37,44673.47,49032.27,17.790499999995518,13.630499999999302,4.1599999999962165,0.30519790176416345
2026-08-06 18:50:00,20190.82,899.34,44673.61,49032.46,17.980499999997846,13.625499999998283,4.354999999999563,0.319621298300988
2026-08-06 18:51:00,20190.79,899.41,44673.53,49032.4,17.920500000000175,13.620499999997264,4.30000000000291,0.3157005983630391
2026-08-06 18:52:00,20190.64,899.31,44673.38,49032.19,17.710500000001048,13.610499999998865,4.100000000002183,0.3012380147681955
2026-08-06 18:53:00,20190.66,899.29,44673.38,49032.2,17.72049999999581,13.600500000000466,4.119999999995343,0.3029300393364363
2026-08-06 18:54:00,20190.8,899.01,44673.34,49032.22,17.740499999999884,13.600500000000466,4.139999999999418,0.30440057350827365
2026-08-06 18:55:00,20191.12,898.96,44673.54,49032.53,18.050499999997555,13.600500000000466,4.44999999999709,0.3271938531669378
2026-08-06 18:56:00,20191.45,898.86,44673.67,49032.79,18.310499999999593,13.585500000001048,4.724999999998545,0.3477972838686968
2026-08-06 18:57:00,20191.37,898.59,44673.52,49032.61,18.1304999999993,13.57050000000163,4.559999999997672,0.33602299104654393
2026-08-06 18:58:00,20191.36,898.78,44673.59,49032.67,18.190499999996973,13.560499999999593,4.629999999997381,0.3414328380220139
2026-08-06 18:59:00,20191.14,898.64,44673.52,49032.52,18.040499999995518,13.550499999997555,4.489999999997963,0.33135308660187984
2026-08-06 19:00:00,20191.18,898.72,44673.4,49032.43,17.95049999999901,13.535499999998137,4.415000000000873,0.3261793062688102
2026-08-06 19:01:00,20191.67,898.77,44673.54,49032.76,18.280500000000757,13.52049999999872,4.760000000002037,0.35205798602141103
2026-08-06 19:02:00,20192.18,898.68,44673.5,49032.93,18.45049999999901,13.5154999999977,4.93500000000131,0.3651363249603899
2026-08-06 19:03:00,20192.68,898.73,44673.42,49033.05,18.57050000000163,13.510499999996682,5.060000000004948,0.37452351874513823
2026-08-06 19:04:00,20192.92,898.75,44673.48,49033.2,18.72049999999581,13.490499999996246,5.229999999999563,0.387680219413737
2026-08-06 19:05:00,20192.94,898.71,44673.38,49033.11,18.6304999999993,13.470499999995809,5.1600000000034925,0.3830592776812366
2026-08-06 19:06:00,20193.12,898.53,44673.49,49033.28,18.800499999997555,13.465499999998428,5.334999999999127,0.3961976903939512
2026-08-06 19:07:00,20193.36,898.63,44673.53,49033.42,18.940499999996973,13.460500000001048,5.4799999999959255,0.4071171204632442
2026-08-06 19:08:00,20193.65,898.68,44673.58,49033.58,19.100500000000466,13.45049999999901,5.650000000001455,0.4200587338762032
2026-08-06 19:09:00,20193.74,898.66,44673.51,49033.55,19.07050000000163,13.440499999996973,5.630000000004657,0.4188832260708995
2026-08-06 19:10:00,20193.87,898.69,44673.46,49033.55,19.07050000000163,13.385499999996682,5.685000000004948,0.4247133091783166
2026-08-06 19:11:00,20194.18,898.5,44673.56,49033.76,19.280500000000757,13.330499999996391,5.950000000004366,0.44634484828070786
2026-08-06 19:12:00,20194.0,898.53,44673.45,49033.59,19.110499999995227,13.300499999997555,5.809999999997672,0.436825683244896
2026-08-06 19:13:00,20193.96,898.77,44673.55,49033.68,19.20049999999901,13.27049999999872,5.930000000000291,0.4468558079952423
2026-08-06 19:14:00,20193.68,899.04,44673.55,49033.57,19.09049999999843,13.2654999999977,5.825000000000728,0.43910896686907674
2026-08-06 19:15:00,20193.54,899.01,44673.51,49033.47,18.990499999999884,13.260499999996682,5.730000000003201,0.4321104030771566
2026-08-06 19:16:00,20193.54,899.11,44673.59,49033.55,19.07050000000163,13.245499999997264,5.825000000004366,0.4397719980374896
2026-08-06 19:17:00,20193.65,898.91,44673.83,49033.82,19.34049999999843,13.230499999997846,6.110000000000582,0.4618117229130854
2026-08-06 19:18:00,20193.28,898.94,44673.75,49033.6,19.120499999997264,13.230499999997846,5.889999999999418,0.445183477570793
2026-08-06 19:19:00,20193.28,898.97,44673.63,49033.5,19.02049999999872,13.230499999997846,5.790000000000873,0.4376251842335373
2026-08-06 19:20:00,20193.5,898.83,44673.62,49033.58,19.100500000000466,13.215499999998428,5.885000000002037,0.4453104309335808
2026-08-06 19:21:00,20193.82,898.78,44673.81,49033.89,19.410499999998137,13.20049999999901,6.209999999999127,0.47043672588156454
2026-08-06 19:22:00,20193.86,898.6,44673.78,49033.87,19.39050000000134,13.195499999997992,6.195000000003347,0.4694782312155121
2026-08-06 19:23:00,20194.13,898.55,44673.88,49034.07,19.59049999999843,13.190499999996973,6.400000000001455,0.4851976801488134
2026-08-06 19:24:00,20194.17,898.09,44673.89,49034.08,19.600500000000466,13.165499999999156,6.43500000000131,0.48877748661286863
2026-08-06 19:25:00,20194.19,897.68,44673.84,49034.04,19.560499999999593,13.140500000001339,6.419999999998254,0.4885658840985959
2026-08-06 19:26:00,20194.52,897.68,44673.9,49034.22,19.740499999999884,13.125499999998283,6.615000000001601,0.5039808007315886
2026-08-06 19:27:00,20194.84,897.81,44674.13,49034.56,20.08049999999639,13.110499999995227,6.970000000001164,0.5316349490868923
2026-08-06 19:28:00,20194.56,898.1,44673.95,49034.3,19.82050000000163,13.070499999997992,6.750000000003638,0.5164301289166195
2026-08-06 19:29:00,20194.4,898.09,44673.88,49034.17,19.690499999996973,13.030500000000757,6.6599999999962165,0.5111085530099252
2026-08-06 19:30:00,20194.11,898.19,44673.58,49033.79,19.310499999999593,13.01050000000032,6.299999999999272,0.4842242803888488
2026-08-06 19:31:00,20194.0,898.57,44673.8,49033.94,19.460500000001048,12.990499999999884,6.470000000001164,0.49805627189109136
2026-08-06 19:32:00,20193.54,898.57,44673.67,49033.64,19.160499999998137,12.945499999997992,6.2150000000001455,0.4800896064270294
2026-08-06 19:33:00,20193.77,898.8,44673.88,49033.92,19.440499999996973,12.9004999999961,6.540000000000873,0.5069570946864734
2026-08-06 19:34:00,20193.35,898.82,44673.77,49033.65,19.170500000000175,12.880499999995664,6.290000000004511,0.4883350801604463
2026-08-06 19:35:00,20193.16,899.08,44673.76,49033.57,19.09049999999843,12.860499999995227,6.230000000003201,0.4844290657443734
2026-08-06 19:36:00,20193.19,899.18,44673.86,49033.67,19.190499999996973,12.840499999998428,6.349999999998545,0.49452902924335673
2026-08-06 19:37:00,20193.35,898.99,44673.76,49033.65,19.170500000000175,12.82050000000163,6.349999999998545,0.49530049530031883
2026-08-06 19:38:00,20193.75,899.11,44673.88,49033.91,19.430500000002212,12.795500000000175,6.635000000002037,0.5185416748077016
2026-08-06 19:39:00,20193.77,898.97,44673.68,49033.73,19.25050000000192,12.77049999999872,6.480000000003201,0.5074194432484125
2026-08-06 19:40:00,20194.05,898.71,44673.87,49034.02,19.540499999995518,12.755499999999302,6.7849999999962165,0.5319274038647319
2026-08-06 19:41:00,20194.17,898.59,44673.89,49034.09,19.610499999995227,12.740499999999884,6.869999999995343,0.5392253051289515
2026-08-06 19:42:00,20194.59,898.51,44673.99,49034.35,19.870499999997264,12.735499999998865,7.134999999998399,0.5602449844920918
2026-08-06 19:43:00,20194.74,898.35,44673.92,49034.34,19.860499999995227,12.730499999997846,7.129999999997381,0.5600722673892296
2026-08-06 19:44:00,20194.76,898.2,44673.85,49034.28,19.800499999997555,12.695499999997992,7.104999999999563,0.559647119057988
2026-08-06 19:45:00,20194.63,898.22,44673.76,49034.15,19.670500000000175,12.660499999998137,7.010000000002037,0.5536906125352923
2026-08-06 19:46:00,20194.67,898.02,44673.82,49034.21,19.730499999997846,12.650499999999738,7.079999999998108,0.5596616734515043
2026-08-06 19:47:00,20194.95,898.0,44674.02,49034.51,20.030500000000757,12.640500000001339,7.389999999999418,0.5846287725959127
2026-08-06 19:48:00,20194.99,898.18,44674.17,49034.65,20.170500000000175,12.580500000000029,7.5900000000001455,0.603314653630629
2026-08-06 19:49:00,20194.81,898.02,44673.97,49034.4,19.920500000000175,12.52049999999872,7.400000000001455,0.5910307096363733
2026-08-06 19:50:00,20194.54,898.27,44673.91,49034.22,19.740499999999884,12.495499999997264,7.245000000002619,0.5798087311435481
2026-08-06 19:51:00,20194.33,898.1,44673.82,49034.06,19.58049999999639,12.470499999995809,7.110000000000582,0.5701455434828573
2026-08-06 19:52:00,20194.52,897.91,44674.14,49034.44,19.960500000001048,12.410499999998137,7.55000000000291,0.6083558277268477
2026-08-06 19:53:00,20194.0,898.11,44673.95,49034.06,19.58049999999639,12.350500000000466,7.2299999999959255,0.585401400752654
2026-08-06 19:54:00,20194.23,898.33,44674.06,49034.25,19.77049999999872,12.345499999999447,7.424999999999272,0.6014337207889194
2026-08-06 19:55:00,20194.2,898.03,44673.95,49034.13,19.6504999999961,12.340499999998428,7.309999999997672,0.5923584943882827
2026-08-06 19:56:00,20194.09,898.24,44673.94,49034.11,19.6304999999993,12.33549999999741,7.295000000001892,0.5913825949498134
2026-08-06 19:57:00,20194.38,898.49,44674.02,49034.3,19.82050000000163,12.330499999996391,7.490000000005239,0.6074368435998079
2026-08-06 19:58:00,20194.59,898.64,44674.09,49034.44,19.960500000001048,12.2754999999961,7.685000000004948,0.626043745672876
2026-08-06 19:59:00,20194.5,898.51,44673.9,49034.23,19.75050000000192,12.220499999995809,7.530000000006112,0.616177734135976
2026-08-06 20:00:00,20194.52,898.46,44673.9,49034.21,19.730499999997846,12.215499999998428,7.514999999999418,0.6152019974622721
2026-08-06 20:01:00,20194.78,898.52,44673.98,49034.41,19.930500000002212,12.210500000001048,7.720000000001164,0.6322427419025021
2026-08-06 20:02:00,20194.81,898.63,44673.85,49034.3,19.82050000000163,12.160499999998137,7.6600000000034925,0.6299083096915971
2026-08-06 20:03:00,20195.04,898.53,44674.05,49034.57,20.09049999999843,12.110499999995227,7.980000000003201,0.6589323314484411
2026-08-06 20:04:00,20195.04,898.53,44673.99,49034.51,20.030500000000757,11.975499999996828,8.055000000003929,0.6726232725152238
2026-08-06 20:05:00,20195.13,898.46,44674.03,49034.59,20.110499999995227,11.840499999998428,8.269999999996799,0.6984502343649251
2026-08-06 20:06:00,20195.14,898.34,44674.1,49034.65,20.170500000000175,11.82549999999901,8.345000000001164,0.7056784068328495
2026-08-06 20:07:00,20195.21,898.46,44674.11,49034.68,20.20049999999901,11.810499999999593,8.389999999999418,0.7103848270606415
2026-08-06 20:08:00,20195.22,898.25,44674.08,49034.66,20.180500000002212,11.795500000000175,8.385000000002037,0.7108643126617704
2026-08-06 20:09:00,20195.33,898.18,44674.16,49034.77,20.290499999995518,11.780500000000757,8.509999999994761,0.7223802045748665
2026-08-06 20:10:00,20195.4,898.13,44674.16,49034.8,20.32050000000163,11.720499999999447,8.600000000002183,0.7337570922744412
2026-08-06 20:11:00,20195.58,897.96,44674.17,49034.89,20.410499999998137,11.660499999998137,8.75,0.7503966382231806
2026-08-06 20:12:00,20195.57,898.1,44674.14,49034.86,20.3804999999993,11.6404999999977,8.7400000000016,0.7508268545168444
2026-08-06 20:13:00,20195.7,898.34,44674.21,49034.98,20.50050000000192,11.620499999997264,8.880000000004657,0.7641667742357684
2026-08-06 20:14:00,20195.65,898.29,44674.13,49034.89,20.410499999998137,11.595499999999447,8.81499999999869,0.7602087016514261
2026-08-06 20:15:00,20195.86,898.31,44674.19,49035.02,20.540499999995518,11.57050000000163,8.969999999993888,0.7752473963953697
2026-08-06 20:16:00,20195.83,898.29,44674.08,49034.91,20.430500000002212,11.57050000000163,8.860000000000582,0.7657404606541924
2026-08-06 20:17:00,20195.88,898.24,44674.0,49034.86,20.3804999999993,11.57050000000163,8.809999999997672,0.7614191262258702
2026-08-06 20:18:00,20195.95,898.31,44674.06,49034.94,20.460500000001048,11.525499999999738,8.93500000000131,0.7752375168106818
2026-08-06 20:19:00,20195.76,898.46,44673.9,49034.71,20.230499999997846,11.57050000000163,8.659999999996217,0.748455122941532
2026-08-06 20:20:00,20195.86,898.37,44673.92,49034.78,20.300499999997555,11.50050000000192,8.799999999995634,0.7651841224289522
2026-08-06 20:21:00,20195.88,898.52,44673.94,49034.81,20.33049999999639,11.57050000000163,8.759999999994761,0.7570977917975479
2026-08-06 20:22:00,20195.69,898.54,44673.83,49034.63,20.1504999999961,11.675500000001193,8.474999999994907,0.7258789773452136
2026-08-06 20:23:00,20195.5,898.67,44673.77,49034.5,20.02049999999872,11.780500000000757,8.239999999997963,0.6994609736426666
2026-08-06 20:24:00,20195.59,898.74,44673.86,49034.63,20.1504999999961,11.795500000000175,8.354999999995925,0.7083209698610319
2026-08-06 20:25:00,20195.45,898.41,44673.96,49034.64,20.160499999998137,11.810499999999593,8.349999999998545,0.7069980102450221
2026-08-06 20:26:00,20194.99,898.2,44673.66,49034.18,19.70049999999901,11.82549999999901,7.875,0.6659337871549329
2026-08-06 20:27:00,20195.35,898.52,44673.96,49034.61,20.1304999999993,11.840499999998428,8.290000000000873,0.700139352223468
2026-08-06 20:28:00,20195.77,898.71,44674.13,49034.95,20.47049999999581,12.025499999999738,8.444999999996071,0.7022577023821259
2026-08-06 20:29:00,20195.67,898.71,44674.03,49034.79,20.310499999999593,12.210500000001048,8.099999999998545,0.6633634986280537
2026-08-06 20:30:00,20195.53,898.62,44673.63,49034.38,19.9004999999961,12.215499999998428,7.684999999997672,0.6291187425810373
2026-08-06 20:31:00,20195.82,898.87,44673.77,49034.65,20.170500000000175,12.220499999995809,7.950000000004366,0.6505462133306404
2026-08-06 20:32:00,20195.94,899.11,44673.89,49034.82,20.34049999999843,12.280499999997119,8.06000000000131,0.6563250681978096
2026-08-06 20:33:00,20195.69,899.11,44673.69,49034.52,20.040499999995518,12.340499999998428,7.69999999999709,0.6239617519547888
2026-08-06 20:34:00,20195.56,899.16,44673.44,49034.25,19.77049999999872,12.405499999997119,7.365000000001601,0.5936882834229423
2026-08-06 20:35:00,20195.82,899.04,44673.69,49034.57,20.09049999999843,12.470499999995809,7.620000000002619,0.6110420592602687
2026-08-06 20:36:00,20195.87,899.0,44673.77,49034.67,20.190499999996973,12.495499999997264,7.694999999999709,0.6158216958106033
2026-08-06 20:37:00,20195.89,899.09,44673.81,49034.72,20.240499999999884,12.52049999999872,7.720000000001164,0.6165887943773773
2026-08-06 20:38:00,20195.78,898.87,44673.77,49034.63,20.1504999999961,12.580500000000029,7.569999999996071,0.6017248916971546
2026-08-06 20:39:00,20195.75,898.67,44673.85,49034.7,20.22049999999581,12.640500000001339,7.57999999999447,0.5996598235824269
2026-08-06 20:40:00,20195.77,898.78,44674.01,49034.83,20.350500000000466,12.690500000000611,7.6599999999998545,0.6036011189472035
2026-08-06 20:41:00,20195.56,898.71,44674.01,49034.75,20.27049999999872,12.740499999999884,7.529999999998836,0.5910286095521294
2026-08-06 20:42:00,20195.38,899.09,44673.93,49034.61,20.1304999999993,12.755499999999302,7.375,0.5781819607228571
2026-08-06 20:43:00,20195.49,899.02,44673.82,49034.56,20.08049999999639,12.77049999999872,7.309999999997672,0.5724129830467409
2026-08-06 20:44:00,20195.61,899.09,44673.87,49034.66,20.180500000002212,12.795500000000175,7.385000000002037,0.5771560314174465
2026-08-06 20:45:00,20195.7,899.03,44673.94,49034.75,20.27049999999872,12.82050000000163,7.44999999999709,0.5811005811002802
2026-08-06 20:46:00,20195.51,899.07,44673.76,49034.51,20.030500000000757,12.840499999998428,7.190000000002328,0.5599470425608978
2026-08-06 20:47:00,20195.38,899.06,44673.75,49034.45,19.97049999999581,12.860499999995227,7.110000000000582,0.5528556432489578
2026-08-06 20:48:00,20195.51,898.83,44673.72,49034.46,19.980499999997846,12.985499999995227,6.995000000002619,0.5386777559589689
2026-08-06 20:49:00,20195.69,898.89,44673.86,49034.68,20.20049999999901,13.110499999995227,7.0900000000037835,0.540787918081413
2026-08-06 20:50:00,20195.8,899.06,44673.92,49034.77,20.290499999995518,13.125499999998283,7.164999999997235,0.5458839663249532
2026-08-06 20:51:00,20195.7,898.99,44673.81,49034.63,20.1504999999961,13.140500000001339,7.009999999994761,0.5334652410482134
2026-08-06 20:52:00,20195.69,899.15,44673.77,49034.6,20.120499999997264,13.165499999999156,6.954999999998108,0.5282746572480008
2026-08-06 20:53:00,20195.79,899.24,44673.94,49034.79,20.310499999999593,13.190499999996973,7.120000000002619,0.5397824191656309
2026-08-06 20:54:00,20195.63,899.32,44673.86,49034.65,20.170500000000175,13.195499999997992,6.975000000002183,0.52858929180427
2026-08-06 20:55:00,20195.38,899.47,44673.82,49034.51,20.030500000000757,13.20049999999901,6.830000000001746,0.5174046437636649
2026-08-06 20:56:00,20195.32,899.44,44673.79,49034.47,19.990499999999884,13.230499999997846,6.760000000002037,0.5109406296060721
2026-08-06 20:57:00,20195.38,899.38,44673.7,49034.42,19.940499999996973,13.260499999996682,6.680000000000291,0.5037517439012075
2026-08-06 20:58:00,20195.48,899.27,44673.62,49034.39,19.910499999998137,13.2654999999977,6.645000000000437,0.5009234480420329
2026-08-06 20:59:00,20195.67,899.34,44673.69,49034.52,20.040499999995518,13.27049999999872,6.769999999996799,0.510154101201722
2026-08-06 21:00:00,20195.55,899.46,44673.66,49034.45,19.97049999999581,13.300499999997555,6.669999999998254,0.5014849065824202
2026-08-06 21:01:00,20195.5,899.52,44673.6,49034.38,19.9004999999961,13.330499999996391,6.569999999999709,0.4928547316305831
2026-08-06 21:02:00,20195.59,899.62,44673.75,49034.54,20.060499999999593,13.385499999996682,6.67500000000291,0.49867393821706807
2026-08-06 21:03:00,20195.34,899.54,44673.71,49034.4,19.920500000000175,13.440499999996973,6.480000000003201,0.4821249209482282
2026-08-06 21:04:00,20195.19,899.39,44673.64,49034.27,19.790499999995518,13.45049999999901,6.3399999999965075,0.4713579420837124
2026-08-06 21:05:00,20195.2,899.64,44673.68,49034.32,19.84049999999843,13.460500000001048,6.379999999997381,0.47397942126940934
2026-08-06 21:06:00,20195.23,899.73,44673.68,49034.34,19.860499999995227,13.465499999998428,6.394999999996799,0.47491738145613194
2026-08-06 21:07:00,20195.16,899.76,44673.61,49034.25,19.77049999999872,13.470499999995809,6.30000000000291,0.46768865298280465
2026-08-06 21:08:00,20195.17,899.84,44673.61,49034.24,19.760499999996682,13.510499999996682,6.25,0.4626031605049062
2026-08-06 21:09:00,20194.99,899.77,44673.56,49034.13,19.6504999999961,13.550499999997555,6.099999999998545,0.4501678904837198
2026-08-06 21:10:00,20194.78,899.88,44673.47,49033.95,19.47049999999581,13.560499999999593,5.9099999999962165,0.4358246377343309
2026-08-06 21:11:00,20194.46,899.83,44673.3,49033.68,19.20049999999901,13.57050000000163,5.629999999997381,0.41487049113862456
2026-08-06 21:12:00,20194.59,900.04,44673.55,49033.95,19.47049999999581,13.585500000001048,5.884999999994761,0.43318243715684424
2026-08-06 21:13:00,20194.45,900.06,44673.48,49033.84,19.360499999995227,13.600500000000466,5.759999999994761,0.42351384140248993
2026-08-06 21:14:00,20194.4,900.23,44673.51,49033.85,19.370499999997264,13.600500000000466,5.769999999996799,0.4242491084884086
2026-08-06 21:15:00,20194.2,900.44,44673.46,49033.72,19.240499999999884,13.600500000000466,5.639999999999418,0.41469063637360576
2026-08-06 21:16:00,20194.16,900.58,44673.46,49033.71,19.230499999997846,13.610499999998865,5.619999999998981,0.4129164982917196
2026-08-06 21:17:00,20193.9,900.58,44673.43,49033.57,19.09049999999843,13.620499999997264,5.470000000001164,0.4016005286151215
2026-08-06 21:18:00,20193.73,900.45,44673.32,49033.41,18.930500000002212,13.630499999999302,5.30000000000291,0.38883386522894847
2026-08-06 21:19:00,20193.76,900.59,44673.38,49033.47,18.990499999999884,13.640500000001339,5.349999999998545,0.3922143616434896
2026-08-06 21:20:00,20193.71,900.91,44673.44,49033.52,19.040499999995518,13.655500000000757,5.384999999994761,0.39434660027054763
2026-08-06 21:21:00,20193.56,900.84,44673.26,49033.29,18.810499999999593,13.670500000000175,5.139999999999418,0.37599209977684445
2026-08-06 21:22:00,20193.5,900.98,44673.31,49033.31,18.83049999999639,13.670500000000175,5.1599999999962165,0.37745510405589777
2026-08-06 21:23:00,20193.52,901.04,44673.41,49033.42,18.940499999996973,13.670500000000175,5.269999999996799,0.3855016275920216
2026-08-06 21:24:00,20193.58,901.28,44673.49,49033.52,19.040499999995518,13.685499999999593,5.3549999999959255,0.39129005151409046
2026-08-06 21:25:00,20193.6,901.29,44673.55,49033.58,19.100500000000466,13.70049999999901,5.400000000001455,0.3941461990439652
2026-08-06 21:26:00,20193.56,901.29,44673.48,49033.5,19.02049999999872,13.715499999998428,5.305000000000291,0.3867886697532645
2026-08-06 21:27:00,20193.52,901.32,44673.38,49033.38,18.9004999999961,13.730499999997846,5.169999999998254,0.3765339936636732
2026-08-06 21:28:00,20193.72,901.52,44673.52,49033.59,19.110499999995227,13.735499999998865,5.374999999996362,0.3913217574894839
2026-08-06 21:29:00,20193.73,901.42,44673.37,49033.46,18.980499999997846,13.740499999999884,5.239999999997963,0.3813543903058846
2026-08-06 21:30:00,20193.67,901.51,44673.28,49033.36,18.8804999999993,13.745500000000902,5.134999999998399,0.3735768069548625
2026-08-06 21:31:00,20193.66,901.63,44673.41,49033.47,18.990499999999884,13.75050000000192,5.239999999997963,0.3810770517433716
2026-08-06 21:32:00,20193.88,901.7,44673.46,49033.61,19.1304999999993,13.77049999999872,5.360000000000582,0.3892378635489692
2026-08-06 21:33:00,20193.79,901.75,44673.36,49033.48,19.00050000000192,13.790499999995518,5.210000000006403,0.3777963090539209
2026-08-06 21:34:00,20193.83,901.66,44673.36,49033.51,19.030500000000757,13.83549999999741,5.195000000003347,0.37548335802857286
2026-08-06 21:35:00,20193.79,901.63,44673.33,49033.47,18.990499999999884,13.880499999999302,5.110000000000582,0.3681423579842829
2026-08-06 21:36:00,20194.0,901.56,44673.39,49033.6,19.120499999997264,13.940500000000611,5.179999999996653,0.37157921164925406
2026-08-06 21:37:00,20194.08,901.45,44673.43,49033.68,19.20049999999901,14.00050000000192,5.19999999999709,0.37141530659593414
2026-08-06 21:38:00,20193.93,901.39,44673.48,49033.66,19.180500000002212,14.00050000000192,5.180000000000291,0.36998678618617764
2026-08-06 21:39:00,20193.95,901.29,44673.53,49033.7,19.22049999999581,14.00050000000192,5.219999999993888,0.37284382700569063
2026-08-06 21:40:00,20193.94,901.12,44673.6,49033.77,19.290499999995518,14.035500000001775,5.254999999993743,0.3744077517717985
2026-08-06 21:41:00,20194.06,901.2,44673.62,49033.83,19.350500000000466,14.07050000000163,5.279999999998836,0.37525318929662943
2026-08-06 21:42:00,20194.05,901.38,44673.55,49033.75,19.27049999999872,14.095499999999447,5.174999999999272,0.3671384484409546
2026-08-06 21:43:00,20194.02,901.3,44673.49,49033.69,19.210500000001048,14.120499999997264,5.0900000000037835,0.360468821925907
2026-08-06 21:44:00,20194.12,901.13,44673.61,49033.84,19.360499999995227,14.170499999996537,5.18999999999869,0.36625383719699084
2026-08-06 21:45:00,20193.93,901.17,44673.63,49033.78,19.300499999997555,14.220499999995809,5.080000000001746,0.35723075841237956
2026-08-06 21:46:00,20193.81,901.02,44673.65,49033.75,19.27049999999872,14.225499999996828,5.045000000001892,0.3546448279500205
2026-08-06 21:47:00,20193.67,901.12,44673.63,49033.68,19.20049999999901,14.230499999997846,4.970000000001164,0.34924985067298525
2026-08-06 21:48:00,20193.52,901.2,44673.63,49033.62,19.14050000000134,14.260499999996682,4.880000000004657,0.34220399004283103
2026-08-06 21:49:00,20193.64,901.12,44673.71,49033.74,19.260499999996682,14.290499999995518,4.970000000001164,0.347783492530193
2026-08-06 21:50:00,20193.36,901.12,44673.71,49033.63,19.1504999999961,14.295499999996537,4.854999999999563,0.3396173621070085
2026-08-06 21:51:00,20193.22,901.1,44673.72,49033.58,19.100500000000466,14.300499999997555,4.80000000000291,0.3356525995597169
2026-08-06 21:52:00,20193.24,901.15,44673.75,49033.62,19.14050000000134,14.310499999999593,4.830000000001746,0.33751441249445396
2026-08-06 21:53:00,20193.2,901.26,44673.73,49033.58,19.100500000000466,14.32050000000163,4.779999999998836,0.33378722809945827
2026-08-06 21:54:00,20193.35,901.14,44673.74,49033.65,19.170500000000175,14.32050000000163,4.849999999998545,0.33867532558206714
2026-08-06 21:55:00,20193.21,901.35,44673.75,49033.6,19.120499999997264,14.32050000000163,4.799999999995634,0.3351838273799859
2026-08-06 21:56:00,20193.24,901.36,44673.67,49033.53,19.050499999997555,14.360499999998865,4.68999999999869,0.3265902997805829
2026-08-06 21:57:00,20193.34,901.42,44673.7,49033.6,19.120499999997264,14.4004999999961,4.720000000001164,0.32776639700027377
2026-08-06 21:58:00,20193.44,901.44,44673.61,49033.57,19.09049999999843,14.440499999996973,4.650000000001455,0.32201101069924376
2026-08-06 21:59:00,20193.54,901.4,44673.64,49033.62,19.14050000000134,14.480499999997846,4.6600000000034925,0.32181209212417977
2026-08-06 22:00:00,20193.58,901.38,44673.56,49033.59,19.110499999995227,14.490499999999884,4.619999999995343,0.3188295779990601
2026-08-06 22:01:00,20193.8,901.58,44673.6,49033.71,19.230499999997846,14.50050000000192,4.7299999999959255,0.3261956484255921
2026-08-06 22:02:00,20193.85,901.56,44673.59,49033.72,19.240499999999884,14.505499999999302,4.735000000000582,0.3264279066561518
2026-08-06 22:03:00,20193.88,901.53,44673.56,49033.71,19.230499999997846,14.510499999996682,4.720000000001164,0.32528169256760575
2026-08-06 22:04:00,20193.98,901.44,44673.6,49033.78,19.300499999997555,14.510499999996682,4.790000000000873,0.3301057854658329
2026-08-06 22:05:00,20193.95,901.39,44673.55,49033.73,19.25050000000192,14.510499999996682,4.740000000005239,0.3266600048245286
2026-08-06 22:06:00,20193.96,901.31,44673.57,49033.76,19.280500000000757,14.565499999996973,4.7150000000037835,0.3237101369678187
2026-08-06 22:07:00,20194.05,901.31,44673.58,49033.8,19.32050000000163,14.620499999997264,4.700000000004366,0.321466434116839
2026-08-06 22:08:00,20194.09,901.32,44673.63,49033.85,19.370499999997264,14.64549999999872,4.724999999998545,0.3226246970058351
2026-08-06 22:09:00,20194.11,901.19,44673.68,49033.92,19.440499999996973,14.670500000000175,4.769999999996799,0.325142292355185
2026-08-06 22:10:00,20193.96,901.15,44673.66,49033.83,19.350500000000466,14.70049999999901,4.650000000001455,0.3163157715725158
2026-08-06 22:11:00,20193.91,901.18,44673.58,49033.74,19.260499999996682,14.730499999997846,4.529999999998836,0.30752520281046114
2026-08-06 22:12:00,20193.96,901.19,44673.52,49033.71,19.230499999997846,14.77049999999872,4.459999999999127,0.3019532175619995
2026-08-06 22:13:00,20193.79,901.24,44673.45,49033.58,19.100500000000466,14.810499999999593,4.290000000000873,0.289659363289625
2026-08-06 22:14:00,20194.09,901.22,44673.59,49033.83,19.350500000000466,14.850500000000466,4.5,0.3030201003333126
2026-08-06 22:15:00,20193.95,901.26,44673.58,49033.75,19.27049999999872,14.890500000001339,4.379999999997381,0.2941472751080882
2026-08-06 22:16:00,20193.79,901.41,44673.55,49033.67,19.190499999996973,14.905500000000757,4.2849999999962165,0.28747777665935387
2026-08-06 22:17:00,20193.58,901.49,44673.54,49033.57,19.09049999999843,14.920500000000175,4.169999999998254,0.27948125062820983
2026-08-06 22:18:00,20193.54,901.23,44673.47,49033.48,19.00050000000192,14.920500000000175,4.080000000001746,0.27344928119042244
2026-08-06 22:19:00,20193.42,901.32,44673.44,49033.4,18.920500000000175,14.920500000000175,4.0,0.2680875305787308
2026-08-06 22:20:00,20193.37,901.4,44673.3,49033.26,18.780500000000757,14.945499999997992,3.835000000002765,0.2565989762807052
2026-08-06 22:21:00,20193.31,901.52,44673.24,49033.19,18.710500000001048,14.970499999995809,3.7400000000052387,0.24982465515555832
2026-08-06 22:22:00,20193.21,901.65,44673.18,49033.08,18.600500000000466,14.970499999995809,3.6300000000046566,0.24247687118036623
2026-08-06 22:23:00,20193.15,901.78,44673.04,49032.94,18.460500000001048,14.970499999995809,3.4900000000052387,0.23312514612111926
2026-08-06 22:24:00,20193.15,901.84,44673.12,49033.02,18.540499999995518,14.995499999997264,3.5449999999982538,0.23640425460964293
2026-08-06 22:25:00,20193.24,901.78,44673.15,49033.09,18.610499999995227,15.02049999999872,3.5899999999965075,0.23900669085561824
2026-08-06 22:26:00,20193.28,901.91,44673.21,49033.17,18.690499999996973,15.035499999998137,3.654999999998836,0.2430913504705057
2026-08-06 22:27:00,20193.21,901.88,44673.16,49033.08,18.600500000000466,15.050499999997555,3.5500000000029104,0.23587256237357476
2026-08-06 22:28:00,20193.21,901.81,44673.15,49033.07,18.59049999999843,15.055499999998574,3.5349999999998545,0.23479791438346048
2026-08-06 22:29:00,20193.27,901.79,44673.13,49033.07,18.59049999999843,15.060499999999593,3.529999999998836,0.23438796852687038
2026-08-06 22:30:00,20193.28,901.86,44673.11,49033.08,18.600500000000466,15.160499999998137,3.4400000000023283,0.22690544507125432
2026-08-06 22:31:00,20193.16,902.02,44673.03,49032.95,18.47049999999581,15.260499999996682,3.209999999999127,0.2103469742144638
2026-08-06 22:32:00,20193.27,902.16,44673.07,49033.03,18.550499999997555,15.305499999998574,3.2449999999989814,0.21201528862169047
2026-08-06 22:33:00,20193.27,902.16,44673.05,49033.01,18.530500000000757,15.350500000000466,3.180000000000291,0.20715937591610661
2026-08-06 22:34:00,20193.51,902.19,44673.15,49033.21,18.730499999997846,15.38550000000032,3.344999999997526,0.21741249878115476
2026-08-06 22:35:00,20193.49,902.11,44673.11,49033.16,18.680500000002212,15.420500000000175,3.2600000000020373,0.211406893421225
2026-08-06 22:36:00,20193.47,902.01,44673.14,49033.17,18.690499999996973,15.445499999997992,3.2449999999989814,0.21009355475701033
2026-08-06 22:37:00,20193.38,901.91,44673.08,49033.08,18.600500000000466,15.470499999995809,3.1300000000046566,0.20232054555479814
2026-08-06 22:38:00,20193.42,901.84,44673.17,49033.18,18.70049999999901,15.500499999998283,3.2000000000007276,0.20644495338867017
2026-08-06 22:39:00,20193.47,901.85,44673.22,49033.23,18.75050000000192,15.530500000000757,3.220000000001164,0.20733395576452834
2026-08-06 22:40:00,20193.5,901.84,44673.2,49033.24,18.760499999996682,15.565500000000611,3.194999999996071,0.2052616363108121
2026-08-06 22:41:00,20193.64,901.96,44673.18,49033.27,18.790499999995518,15.600500000000466,3.1899999999950523,0.20448062562065045
2026-08-06 22:42:00,20193.63,901.96,44673.19,49033.28,18.800499999997555,15.640500000001339,3.1599999999962165,0.20203957673961484
2026-08-06 22:43:00,20193.47,901.98,44673.16,49033.19,18.710500000001048,15.680500000002212,3.029999999998836,0.1932336341314632
2026-08-06 22:44:00,20193.36,902.0,44673.17,49033.16,18.680500000002212,15.680500000002212,3.0,0.19132042983320538
2026-08-06 22:45:00,20193.31,901.92,44673.19,49033.14,18.660499999998137,15.680500000002212,2.9799999999959255,0.19004496030072415
2026-08-06 22:46:00,20193.25,901.86,44673.2,49033.12,18.64050000000134,15.69550000000163,2.944999999999709,0.18763339810769986
2026-08-06 22:47:00,20193.24,901.94,44673.22,49033.13,18.6504999999961,15.710500000001048,2.9399999999950523,0.18713599185225527
2026-08-06 22:48:00,20193.21,902.02,44673.24,49033.16,18.680500000002212,15.77049999999872,2.9100000000034925,0.184521733616799
2026-08-06 22:49:00,20193.24,902.03,44673.29,49033.21,18.730499999997846,15.830499999996391,2.900000000001455,0.18319067622640575
2026-08-06 22:50:00,20193.22,901.95,44673.32,49033.23,18.75050000000192,15.880499999999302,2.8700000000026193,0.1807247882625072
2026-08-06 22:51:00,20193.14,902.08,44673.3,49033.19,18.710500000001048,15.930500000002212,2.779999999998836,0.17450801920833933
2026-08-06 22:52:00,20192.98,902.12,44673.25,49033.08,18.600500000000466,15.995500000000902,2.6049999999995634,0.16285830389793482
2026-08-06 22:53:00,20192.88,902.02,44673.25,49033.03,18.550499999997555,16.060499999999593,2.4899999999979627,0.15503875968979958
2026-08-06 22:54:00,20192.86,902.18,44673.26,49033.03,18.550499999997555,16.070499999997992,2.4799999999995634,0.15432002737935183
2026-08-06 22:55:00,20192.89,902.32,44673.28,49033.07,18.59049999999843,16.08049999999639,2.5100000000020373,0.15608967382871183
2026-08-06 22:56:00,20192.95,902.34,44673.26,49033.08,18.600500000000466,16.135499999996682,2.4650000000037835,0.15276873973563201
2026-08-06 22:57:00,20193.16,902.31,44673.34,49033.24,18.760499999996682,16.190499999996973,2.569999999999709,0.158735060683746
2026-08-06 22:58:00,20193.09,902.33,44673.28,49033.15,18.670500000000175,16.20549999999639,2.4650000000037835,0.15210885193325305
2026-08-06 22:59:00,20193.07,902.32,44673.32,49033.18,18.70049999999901,16.22049999999581,2.4800000000032014,0.15289294411416676
2026-08-06 23:00:00,20192.97,902.27,44673.35,49033.16,18.680500000002212,16.230499999997846,2.4500000000043656,0.1509503712149774
2026-08-06 23:01:00,20192.93,902.36,44673.39,49033.17,18.690499999996973,16.240499999999884,2.4499999999970896,0.1508574243402055
2026-08-06 23:02:00,20192.79,902.31,44673.38,49033.1,18.620499999997264,16.240499999999884,2.3799999999973807,0.14654721221621242
2026-08-06 23:03:00,20192.67,902.37,44673.37,49033.05,18.57050000000163,16.240499999999884,2.3300000000017462,0.1434684892707591
2026-08-06 23:04:00,20192.49,902.36,44673.29,49032.9,18.420500000000175,16.310499999999593,2.110000000000582,0.12936451978790564
2026-08-06 23:05:00,20192.41,902.49,44673.34,49032.91,18.430500000002212,16.3804999999993,2.0500000000029104,0.12514880498171593
2026-08-06 23:06:00,20192.39,902.67,44673.44,49033.0,18.52049999999872,16.445499999997992,2.0750000000007276,0.12617433340433437
2026-08-06 23:07:00,20192.32,902.66,44673.49,49033.03,18.550499999997555,16.510499999996682,2.040000000000873,0.12355773598626832
2026-08-06 23:08:00,20192.33,902.66,44673.54,49033.07,18.59049999999843,16.510499999996682,2.0800000000017462,0.12598043669193326
2026-08-06 23:09:00,20192.34,902.87,44673.55,49033.09,18.610499999995227,16.510499999996682,2.099999999998545,0.1271917870445454
2026-08-06 23:10:00,20192.26,902.89,44673.55,49033.06,18.58049999999639,16.860499999998865,1.7199999999975262,0.10201358204072489
2026-08-06 23:11:00,20192.14,902.92,44673.49,49032.97,18.490499999999884,17.210500000001048,1.2799999999988358,0.0743732024054361
2026-08-06 23:12:00,20192.2,903.03,44673.57,49033.06,18.58049999999639,17.33050000000003,1.249999999996362,0.07212717463410519
2026-08-06 23:13:00,20192.1,903.04,44673.55,49033.0,18.52049999999872,17.45049999999901,1.069999999999709,0.06131629466203087
2026-08-06 23:14:00,20192.05,903.19,44673.52,49032.95,18.47049999999581,17.45550000000003,1.01499999999578,0.058147861705237794
2026-08-06 23:15:00,20192.13,903.11,44673.58,49033.04,18.560499999999593,17.460500000001048,1.0999999999985448,0.06299934137043492
2026-08-06 23:16:00,20192.25,903.26,44673.69,49033.19,18.710500000001048,17.480500000001484,1.2299999999995634,0.0703641200194193
2026-08-06 23:17:00,20192.13,903.36,44673.58,49033.06,18.58049999999639,17.50050000000192,1.0799999999944703,0.06171252249903441
2026-08-06 23:18:00,20192.18,903.4,44673.64,49033.13,18.6504999999961,17.540499999999156,1.109999999996944,0.0632821185255265
2026-08-06 23:19:00,20192.12,903.38,44673.61,49033.09,18.610499999995227,17.58049999999639,1.0299999999988358,0.058587639714402166
2026-08-06 23:20:00,20192.15,903.4,44673.71,49033.19,18.710500000001048,17.6304999999993,1.0800000000017462,0.0612574799354408
2026-08-06 23:21:00,20192.04,903.43,44673.59,49033.03,18.550499999997555,17.680500000002212,0.8699999999953434,0.049206753202411385
2026-08-06 23:22:00,20192.13,903.38,44673.69,49033.16,18.680500000002212,17.685499999999593,0.9950000000026193,0.05626077860409048
2026-08-06 23:23:00,20192.23,903.44,44673.74,49033.24,18.760499999996682,17.690499999996973,1.069999999999709,0.06048444080155406
2026-08-06 23:24:00,20192.3,903.46,44673.74,49033.27,18.790499999995518,17.695499999997992,1.0949999999975262,0.06188013901826173
2026-08-06 23:25:00,20192.26,903.48,44673.72,49033.23,18.75050000000192,17.70049999999901,1.0500000000029104,0.05932035818214
2026-08-06 23:26:00,20192.42,903.43,44673.8,49033.37,18.89050000000134,17.70550000000003,1.1850000000013097,0.0669283555957927
2026-08-06 23:27:00,20192.46,903.41,44673.82,49033.41,18.930500000002212,17.710500000001048,1.2200000000011642,0.06888568928043205
2026-08-06 23:28:00,20192.34,903.47,44673.81,49033.36,18.8804999999993,17.710500000001048,1.1699999999982538,0.06606250529336746
2026-08-06 23:29:00,20192.36,903.49,44673.81,49033.37,18.89050000000134,17.710500000001048,1.180000000000291,0.06662714209086255
2026-08-06 23:30:00,20192.32,903.53,44673.83,49033.36,18.8804999999993,17.71549999999843,1.1650000000008731,0.06576162117924848
2026-08-06 23:31:00,20192.32,903.6,44673.86,49033.39,18.910499999998137,17.72049999999581,1.1900000000023283,0.06715386134717473
2026-08-06 23:32:00,20192.4,903.63,44673.87,49033.43,18.95049999999901,17.730499999997846,1.2200000000011642,0.06880798623847677
2026-08-06 23:33:00,20192.23,903.81,44673.8,49033.3,18.82050000000163,17.740499999999884,1.0800000000017462,0.06087765282837312
2026-08-06 23:34:00,20192.27,903.96,44673.76,49033.28,18.800499999997555,17.745500000000902,1.054999999996653,0.05945169197805637
2026-08-06 23:35:00,20192.45,903.88,44673.81,49033.4,18.920500000000175,17.75050000000192,1.1699999999982538,0.06591363623549348
2026-08-06 23:36:00,20192.5,903.84,44673.83,49033.45,18.97049999999581,17.76550000000134,1.2049999999944703,0.06782809377694855
2026-08-06 23:37:00,20192.59,903.8,44673.86,49033.51,19.030500000000757,17.780500000000757,1.25,0.07030173504681797
2026-08-06 23:38:00,20192.61,903.96,44673.87,49033.55,19.07050000000163,17.785499999998137,1.2850000000034925,0.07224986646445852
2026-08-06 23:39:00,20192.58,903.97,44673.82,49033.49,19.010499999996682,17.790499999995518,1.2200000000011642,0.06857592535350167
2026-08-06 23:40:00,20192.82,903.91,44673.92,49033.67,19.190499999996973,17.790499999995518,1.4000000000014552,0.07869368483189387
2026-08-06 23:41:00,20192.83,903.84,44673.93,49033.67,19.190499999996973,17.790499999995518,1.4000000000014552,0.07869368483189387
2026-08-06 23:42:00,20192.6,903.99,44673.85,49033.51,19.030500000000757,17.810499999995955,1.2200000000048021,0.06849891917717522
2026-08-06 23:43:00,20192.56,903.96,44673.87,49033.49,19.010499999996682,17.83049999999639,1.180000000000291,0.06617873867813745
2026-08-06 23:44:00,20192.38,903.94,44673.83,49033.39,18.910499999998137,17.84049999999843,1.069999999999709,0.05997589753649299
2026-08-06 23:45:00,20192.3,903.9,44673.84,49033.37,18.89050000000134,17.850500000000466,1.0400000000008731,0.058261673342530795
2026-08-06 23:46:00,20192.22,903.88,44673.85,49033.34,18.860499999995227,17.8804999999993,0.9799999999959255,0.05480831072933999
2026-08-06 23:47:00,20192.13,904.04,44673.83,49033.31,18.83049999999639,17.910499999998137,0.9199999999982538,0.05136651684756704
2026-08-06 23:48:00,20192.02,904.19,44673.73,49033.17,18.690499999996973,17.915499999999156,0.7749999999978172,0.043258630794443566
2026-08-06 23:49:00,20192.17,904.43,44673.72,49033.22,18.740499999999884,17.920500000000175,0.819999999999709,0.04575765185121514
2026-08-06 23:50:00,20192.2,904.53,44673.63,49033.16,18.680500000002212,17.935499999999593,0.7450000000026193,0.04153773243024372
2026-08-06 23:51:00,20192.25,904.58,44673.59,49033.14,18.660499999998137,17.95049999999901,0.7099999999991269,0.0395532157878146
2026-08-06 23:52:00,20192.3,904.49,44673.59,49033.17,18.690499999996973,17.96049999999741,0.7299999999995634,0.04064474819741481
2026-08-06 23:53:00,20192.27,904.62,44673.55,49033.11,18.6304999999993,17.97049999999581,0.6600000000034925,0.03672685790621554
2026-08-06 23:54:00,20192.22,904.74,44673.55,49033.09,18.610499999995227,17.975499999996828,0.6349999999983993,0.03532586019852084
2026-08-06 23:55:00,20192.14,904.78,44673.45,49032.98,18.50050000000192,17.980499999997846,0.5200000000040745,0.02892021912650576
2026-08-06 23:56:00,20192.12,904.81,44673.46,49032.97,18.490499999999884,17.985499999998865,0.5050000000010186,0.028078174084737735
2026-08-06 23:57:00,20192.04,904.81,44673.4,49032.89,18.410499999998137,17.990499999999884,0.41999999999825377,0.02334565465096893
2026-08-06 23:58:00,20191.97,904.86,44673.37,49032.82,18.34049999999843,18.0054999999993,0.3349999999991269,0.01860542611974896
2026-08-06 23:59:00,20191.8,904.96,44673.31,49032.71,18.230499999997846,18.02049999999872,0.20999999999912689,0.011653394744826271
