timestamp,Bx,By,Bz,B_total,B_baseline,delta_B,chi
2026-07-27 00:00:00,20186.05,900.78,44673.46,49030.59,49028.515,2.0749999999970896,4.232230978231932e-05
2026-07-27 00:01:00,20186.18,900.92,44673.29,49030.51,49028.51,2.0,4.07925919021402e-05
2026-07-27 00:02:00,20186.5,900.01,44673.43,49030.73,49028.505000000005,2.224999999998545,4.538176311920065e-05
2026-07-27 00:03:00,20186.73,899.37,44673.61,49030.99,49028.5,2.4899999999979627,5.078678727674644e-05
2026-07-27 00:04:00,20186.36,900.52,44673.31,49030.55,49028.494999999995,2.055000000007567,4.191440100308131e-05
2026-07-27 00:05:00,20186.38,900.38,44673.11,49030.39,49028.49,1.9000000000014552,3.875297811540709e-05
2026-07-27 00:06:00,20186.79,900.08,44673.18,49030.61,49028.475,2.1350000000020373,4.354612294186261e-05
2026-07-27 00:07:00,20186.75,900.19,44673.09,49030.52,49028.46,2.0599999999976717,4.201641250811614e-05
2026-07-27 00:08:00,20186.76,900.66,44672.88,49030.34,49028.455,1.8849999999947613,3.844706099743019e-05
2026-07-27 00:09:00,20186.77,900.92,44672.76,49030.25,49028.45,1.8000000000029104,3.671337764100049e-05
2026-07-27 00:10:00,20186.54,901.35,44672.65,49030.04,49028.445,1.5950000000011642,3.2532135171759256e-05
2026-07-27 00:11:00,20186.35,901.51,44672.52,49029.84,49028.44,1.3999999999941792,2.85548551003087e-05
2026-07-27 00:12:00,20186.03,901.39,44672.51,49029.69,49028.42,1.2700000000040745,2.590334340784538e-05
2026-07-27 00:13:00,20185.5,902.61,44672.31,49029.32,49028.4,0.9199999999982538,1.8764634375142852e-05
2026-07-27 00:14:00,20185.22,902.49,44672.17,49029.07,49028.385,0.6849999999976717,1.3971498347287426e-05
2026-07-27 00:15:00,20184.9,902.53,44672.32,49029.07,49028.37,0.6999999999970896,1.42774479346772e-05
2026-07-27 00:16:00,20184.63,902.98,44672.22,49028.91,49028.37,0.5400000000008731,1.1014031263957442e-05
2026-07-27 00:17:00,20184.28,902.78,44672.21,49028.74,49028.37,0.3699999999953434,7.5466510511229186e-06
2026-07-27 00:18:00,20183.8,902.79,44672.29,49028.61,49028.37,0.23999999999796273,4.895125006153839e-06
2026-07-27 00:19:00,20183.62,902.96,44672.28,49028.54,49028.37,0.16999999999825377,3.4673802126861194e-06
2026-07-27 00:20:00,20183.83,902.82,44672.41,49028.73,49028.365000000005,0.36499999999796273,7.444670039434574e-06
2026-07-27 00:21:00,20183.51,903.26,44672.28,49028.5,49028.36,0.13999999999941792,2.8554901693513288e-06
2026-07-27 00:22:00,20183.43,904.0,44672.03,49028.25,49028.354999999996,0.10499999999592546,2.1416178453453207e-06
2026-07-27 00:23:00,20183.51,904.21,44671.97,49028.24,49028.35,0.11000000000058208,2.2435998764099156e-06
2026-07-27 00:24:00,20183.35,904.46,44671.91,49028.11,49028.34,0.22999999999592546,4.691164334666959e-06
2026-07-27 00:25:00,20183.42,904.25,44672.0,49028.21,49028.33,0.12000000000261934,2.4475645000068195e-06
2026-07-27 00:26:00,20183.38,904.25,44672.03,49028.24,49028.33,0.0900000000037835,1.8356733750422152e-06
2026-07-27 00:27:00,20183.44,904.14,44672.07,49028.29,49028.33,0.040000000000873115,8.158548333356065e-07
2026-07-27 00:28:00,20183.29,904.29,44672.06,49028.23,49028.32,0.08999999999650754,1.8356737493046373e-06
2026-07-27 00:29:00,20183.4,904.02,44672.14,49028.33,49028.31,0.020000000004074536,4.0792758314685e-07
2026-07-27 00:30:00,20183.4,904.1,44672.13,49028.33,49028.3,0.029999999998835847,6.118914993755819e-07
2026-07-27 00:31:00,20183.65,903.54,44672.22,49028.53,49028.29,0.23999999999796273,4.895132993583148e-06
2026-07-27 00:32:00,20185.43,902.61,44672.81,49029.76,49028.29,1.4700000000011642,2.9982689585975038e-05
2026-07-27 00:33:00,20184.37,902.67,44672.36,49028.94,49028.29,0.6500000000014552,1.3257651857763246e-05
2026-07-27 00:34:00,20186.21,901.81,44672.9,49030.16,49028.275,1.8850000000020373,3.8447202150229376e-05
2026-07-27 00:35:00,20185.49,902.39,44672.46,49029.47,49028.26,1.2099999999991269,2.4679643944107478e-05
2026-07-27 00:36:00,20186.93,901.04,44672.93,49030.47,49028.26,2.209999999999127,4.507604389793002e-05
2026-07-27 00:37:00,20186.59,902.03,44672.57,49030.01,49028.26,1.75,3.569369991918946e-05
2026-07-27 00:38:00,20187.7,901.42,44672.64,49030.52,49028.255000000005,2.264999999992142,4.6197850606596984e-05
2026-07-27 00:39:00,20187.81,901.55,44672.49,49030.44,49028.25,2.1900000000023283,4.46681250096083e-05
2026-07-27 00:40:00,20188.36,901.48,44672.4,49030.58,49028.25,2.3300000000017462,4.752362158555009e-05
2026-07-27 00:41:00,20188.21,901.55,44672.28,49030.4,49028.25,2.150000000001455,4.385226884503231e-05
2026-07-27 00:42:00,20188.41,901.03,44672.36,49030.56,49028.244999999995,2.3150000000023283,4.7217680339207096e-05
2026-07-27 00:43:00,20188.24,901.4,44672.28,49030.42,49028.24,2.180000000000291,4.446417003751901e-05
2026-07-27 00:44:00,20188.41,901.12,44672.21,49030.43,49028.24,2.1900000000023283,4.466813412030145e-05
2026-07-27 00:45:00,20188.53,901.07,44672.27,49030.52,49028.24,2.279999999998836,4.650381086489819e-05
2026-07-27 00:46:00,20188.3,900.96,44672.18,49030.34,49028.24,2.099999999998545,4.283245737555631e-05
2026-07-27 00:47:00,20188.45,900.75,44672.25,49030.46,49028.24,2.220000000001164,4.528002636850036e-05
2026-07-27 00:48:00,20188.32,900.5,44672.28,49030.43,49028.235,2.194999999999709,4.477012072736677e-05
2026-07-27 00:49:00,20187.89,900.92,44672.2,49030.19,49028.23,1.9599999999991269,3.9976968371061464e-05
2026-07-27 00:50:00,20187.7,900.96,44672.11,49030.03,49028.225000000006,1.804999999993015,3.681552819815555e-05
2026-07-27 00:51:00,20187.35,901.41,44672.09,49029.86,49028.22,1.639999999999418,3.345012321474077e-05
2026-07-27 00:52:00,20187.17,901.46,44672.05,49029.74,49028.22,1.5199999999967986,3.100255322336398e-05
2026-07-27 00:53:00,20186.96,901.82,44672.0,49029.62,49028.22,1.4000000000014552,2.8554983232135597e-05
2026-07-27 00:54:00,20186.63,902.31,44671.83,49029.34,49028.22,1.1199999999953434,2.2843986585589755e-05
2026-07-27 00:55:00,20186.58,902.38,44671.81,49029.31,49028.22,1.0899999999965075,2.223209408778266e-05
2026-07-27 00:56:00,20186.41,902.5,44671.81,49029.23,49028.215,1.0150000000066939,2.0702364954683623e-05
2026-07-27 00:57:00,20186.35,902.56,44671.8,49029.21,49028.21,1.0,2.039642075450032e-05
2026-07-27 00:58:00,20186.31,902.55,44671.83,49029.22,49028.205,1.014999999999418,2.0702369177077112e-05
2026-07-27 00:59:00,20186.07,902.78,44671.79,49029.07,49028.2,0.8700000000026193,1.7744889675791064e-05
2026-07-27 01:00:00,20186.09,902.6,44671.85,49029.14,49028.2,0.9400000000023283,1.9172639419809993e-05
2026-07-27 01:01:00,20186.26,902.42,44671.97,49029.31,49028.2,1.110000000000582,2.264003165526334e-05
2026-07-27 01:02:00,20186.01,902.67,44671.94,49029.19,49028.2,0.9900000000052387,2.0192460665601405e-05
2026-07-27 01:03:00,20185.86,903.3,44671.76,49028.97,49028.2,0.7700000000040745,1.570524718435665e-05
2026-07-27 01:04:00,20185.92,903.95,44671.61,49028.87,49028.195,0.6750000000029104,1.3767588221489907e-05
2026-07-27 01:05:00,20185.84,904.56,44671.39,49028.64,49028.19,0.4499999999970896,9.178393083593125e-06
2026-07-27 01:06:00,20185.6,904.63,44671.36,49028.54,49028.185,0.3550000000032014,7.240733060038862e-06
2026-07-27 01:07:00,20185.0,905.18,44671.32,49028.26,49028.18,0.08000000000174623,1.6317146588298043e-06
2026-07-27 01:08:00,20185.0,905.49,44671.24,49028.2,49028.17,0.029999999998835847,6.118931218284477e-07
2026-07-27 01:09:00,20185.4,905.18,44671.41,49028.51,49028.16,0.3499999999985448,7.138754544297497e-06
2026-07-27 01:10:00,20185.23,905.4,44671.39,49028.44,49028.16,0.27999999999883585,5.711003635437998e-06
2026-07-27 01:11:00,20185.24,905.19,44671.47,49028.52,49028.16,0.3599999999933061,7.342718959742852e-06
2026-07-27 01:12:00,20184.98,905.33,44671.51,49028.46,49028.15,0.3099999999976717,6.322898171717099e-06
2026-07-27 01:13:00,20184.86,905.45,44671.49,49028.4,49028.14,0.26000000000203727,5.303076967676874e-06
2026-07-27 01:14:00,20184.61,905.45,44671.54,49028.35,49028.14,0.20999999999912689,4.28325447384149e-06
2026-07-27 01:15:00,20184.29,905.33,44671.6,49028.26,49028.14,0.12000000000261934,2.4475739851158814e-06
2026-07-27 01:16:00,20184.04,905.41,44671.66,49028.22,49028.130000000005,0.08999999999650754,1.8356808631393352e-06
2026-07-27 01:17:00,20184.0,905.61,44671.66,49028.22,49028.12,0.09999999999854481,2.0396458195530403e-06
2026-07-27 01:18:00,20184.04,905.93,44671.63,49028.19,49028.12,0.06999999999970896,1.4277520737019686e-06
2026-07-27 01:19:00,20184.16,905.75,44671.72,49028.31,49028.12,0.18999999999505235,3.875327057106255e-06
2026-07-27 01:20:00,20184.02,906.2,44671.67,49028.22,49028.115000000005,0.10499999999592546,2.141628328886914e-06
2026-07-27 01:21:00,20184.17,906.52,44671.57,49028.2,49028.11,0.08999999999650754,1.8356816119672478e-06
2026-07-27 01:22:00,20184.71,906.81,44671.52,49028.37,49028.11,0.26000000000203727,5.303080212597167e-06
2026-07-27 01:23:00,20185.18,907.12,44671.38,49028.45,49028.11,0.33999999999650754,6.93479720096303e-06
2026-07-27 01:24:00,20185.59,907.21,44671.37,49028.61,49028.11,0.5,1.0198231177991565e-05
2026-07-27 01:25:00,20185.88,907.25,44671.36,49028.71,49028.11,0.5999999999985448,1.2237877413560197e-05
2026-07-27 01:26:00,20186.05,907.23,44671.37,49028.78,49028.11,0.6699999999982538,1.366562977847308e-05
2026-07-27 01:27:00,20186.0,907.08,44671.44,49028.82,49028.11,0.7099999999991269,1.4481488272730214e-05
2026-07-27 01:28:00,20186.07,906.74,44671.55,49028.95,49028.1,0.8499999999985448,1.733699653868995e-05
2026-07-27 01:29:00,20186.14,906.34,44671.72,49029.13,49028.09,1.0400000000008731,2.1212329503369867e-05
2026-07-27 01:30:00,20185.98,906.19,44671.83,49029.16,49028.09,1.070000000006985,2.182422362378353e-05
2026-07-27 01:31:00,20185.7,906.26,44671.84,49029.04,49028.09,0.9500000000043656,1.9376647142574095e-05
2026-07-27 01:32:00,20185.57,906.57,44671.78,49028.94,49028.085,0.8550000000032014,1.7438984206770497e-05
2026-07-27 01:33:00,20185.63,906.97,44671.74,49028.94,49028.08,0.8600000000005821,1.7540968359368388e-05
2026-07-27 01:34:00,20185.5,907.2,44671.66,49028.82,49028.05,0.7699999999967986,1.5705295233989494e-05
2026-07-27 01:35:00,20185.46,907.43,44671.61,49028.76,49028.02,0.7400000000052387,1.5093409850229292e-05
2026-07-27 01:36:00,20185.52,907.62,44671.55,49028.75,49028.015,0.7350000000005821,1.499142888001038e-05
2026-07-27 01:37:00,20185.67,907.86,44671.54,49028.79,49028.01,0.7799999999988358,1.590927308693206e-05
2026-07-27 01:38:00,20185.87,908.07,44671.46,49028.82,49028.0,0.819999999999709,1.6725136656598452e-05
2026-07-27 01:39:00,20185.95,908.44,44671.36,49028.78,49027.99,0.7900000000008731,1.6113244699627155e-05
2026-07-27 01:40:00,20185.86,908.76,44671.28,49028.66,49027.99,0.6700000000055297,1.3665663226363752e-05
2026-07-27 01:41:00,20185.79,908.98,44671.27,49028.62,49027.99,0.6300000000046566,1.2849802735226483e-05
2026-07-27 01:42:00,20185.72,909.15,44671.27,49028.6,49027.979999999996,0.6200000000026193,1.2645840191715412e-05
2026-07-27 01:43:00,20185.51,909.25,44671.25,49028.49,49027.97,0.5199999999967986,1.060619071107367e-05
2026-07-27 01:44:00,20185.23,909.48,44671.25,49028.37,49027.97,0.4000000000014552,8.158608239367349e-06
2026-07-27 01:45:00,20184.83,909.83,44671.16,49028.14,49027.97,0.16999999999825377,3.467408501682892e-06
2026-07-27 01:46:00,20184.76,909.92,44671.21,49028.16,49027.96,0.20000000000436557,4.079304951794151e-06
2026-07-27 01:47:00,20184.63,910.27,44671.21,49028.12,49027.95,0.17000000000552973,3.4674099162932517e-06
2026-07-27 01:48:00,20184.62,910.38,44671.21,49028.12,49027.93,0.1900000000023283,3.87534207547266e-06
2026-07-27 01:49:00,20184.58,910.53,44671.22,49028.11,49027.91,0.19999999999708962,4.079309111832211e-06
2026-07-27 01:50:00,20184.52,910.68,44671.23,49028.11,49027.87,0.23999999999796273,4.895174928014672e-06
2026-07-27 01:51:00,20184.54,910.53,44671.31,49028.2,49027.83,0.3699999999953434,7.546734171089019e-06
2026-07-27 01:52:00,20184.54,910.77,44671.37,49028.24,49027.75,0.48999999999796273,9.99433994009439e-06
2026-07-27 01:53:00,20184.58,910.97,44671.37,49028.25,49027.67,0.5800000000017462,1.183005433465931e-05
2026-07-27 01:54:00,20184.35,911.1,44671.37,49028.16,49027.395000000004,0.7649999999994179,1.5603521255808468e-05
2026-07-27 01:55:00,20184.05,911.43,44671.31,49027.99,49027.12,0.8699999999953434,1.7745280571148038e-05
2026-07-27 01:56:00,20183.84,911.35,44671.36,49027.95,49027.08500000001,0.8649999999906868,1.7643308795346217e-05
2026-07-27 01:57:00,20183.79,911.43,44671.41,49027.97,49027.05,0.9199999999982538,1.8765151074728212e-05
2026-07-27 01:58:00,20183.78,911.48,44671.46,49028.01,49027.045,0.9650000000037835,1.96830137325997e-05
2026-07-27 01:59:00,20183.84,911.53,44671.53,49028.11,49027.04,1.069999999999709,2.1824691027639217e-05
2026-07-27 02:00:00,20183.83,911.88,44671.51,49028.09,49026.990000000005,1.0999999999912689,2.2436621134425523e-05
2026-07-27 02:01:00,20183.88,911.92,44671.49,49028.09,49026.94,1.1499999999941792,2.3456491471712882e-05
2026-07-27 02:02:00,20183.79,912.33,44671.41,49027.99,49026.83,1.1599999999962165,2.3660514049066938e-05
2026-07-27 02:03:00,20183.8,912.52,44671.37,49027.97,49026.72,1.25,2.5496300792710588e-05
2026-07-27 02:04:00,20183.94,912.37,44671.45,49028.08,49026.66,1.4199999999982538,2.8963833147072505e-05
2026-07-27 02:05:00,20184.03,912.57,44671.46,49028.14,49026.6,1.5400000000008731,3.141151946088191e-05
2026-07-27 02:06:00,20184.07,912.48,44671.49,49028.18,49026.59,1.5900000000037835,3.243138060394948e-05
2026-07-27 02:07:00,20184.12,912.5,44671.59,49028.29,49026.58,1.7099999999991269,3.4879039084495124e-05
2026-07-27 02:08:00,20184.26,912.57,44671.62,49028.37,49026.53,1.8400000000037835,3.7530700214838445e-05
2026-07-27 02:09:00,20184.36,912.32,44671.76,49028.54,49026.48,2.0599999999976717,4.201810939715989e-05
2026-07-27 02:10:00,20184.46,912.48,44671.79,49028.61,49026.455,2.154999999998836,4.3955860157517724e-05
2026-07-27 02:11:00,20184.56,912.46,44671.8,49028.66,49026.43,2.2300000000032014,4.5485669668446214e-05
2026-07-27 02:12:00,20184.71,912.53,44671.84,49028.75,49026.415,2.334999999999127,4.7627386175373556e-05
2026-07-27 02:13:00,20184.82,912.67,44671.81,49028.77,49026.4,2.3699999999953434,4.834130182912356e-05
2026-07-27 02:14:00,20184.91,912.86,44671.78,49028.79,49026.4,2.389999999999418,4.8749245304558727e-05
2026-07-27 02:15:00,20185.08,912.81,44671.82,49028.89,49026.4,2.4899999999979627,5.078896268128932e-05
2026-07-27 02:16:00,20185.08,912.91,44671.85,49028.92,49026.395000000004,2.5249999999941792,5.1502869015643085e-05
2026-07-27 02:17:00,20185.12,912.94,44671.83,49028.92,49026.39,2.529999999998836,5.1604860157944236e-05
2026-07-27 02:18:00,20185.05,913.0,44671.86,49028.91,49026.365,2.5450000000055297,5.1910844297869725e-05
2026-07-27 02:19:00,20185.06,913.05,44671.89,49028.94,49026.34,2.6000000000058208,5.303271669893818e-05
2026-07-27 02:20:00,20185.16,913.02,44671.94,49029.02,49026.335,2.6849999999976717,5.476648417626306e-05
2026-07-27 02:21:00,20185.34,912.86,44672.04,49029.18,49026.33,2.849999999998545,5.813202823867389e-05
2026-07-27 02:22:00,20185.52,912.91,44672.07,49029.3,49026.33,2.970000000001164,6.05796925856201e-05
2026-07-27 02:23:00,20185.74,913.01,44672.06,49029.37,49026.33,3.040000000000873,6.200749678796828e-05
2026-07-27 02:24:00,20185.76,913.19,44672.05,49029.36,49026.315,3.0449999999982538,6.210950180527036e-05
2026-07-27 02:25:00,20185.67,913.28,44672.02,49029.31,49026.3,3.0099999999947613,6.139561827008689e-05
2026-07-27 02:26:00,20185.45,913.49,44671.95,49029.16,49026.295,2.8650000000052387,5.8438028001203005e-05
2026-07-27 02:27:00,20185.44,913.27,44672.02,49029.22,49026.29,2.930000000000291,5.9763853230588955e-05
2026-07-27 02:28:00,20185.55,913.15,44672.17,49029.4,49026.28,3.1200000000026193,6.363933792249013e-05
2026-07-27 02:29:00,20185.53,912.85,44672.33,49029.52,49026.27,3.25,6.629099052405986e-05
2026-07-27 02:30:00,20185.32,912.85,44672.33,49029.45,49026.25,3.1999999999970896,6.527115575833538e-05
2026-07-27 02:31:00,20185.37,912.74,44672.41,49029.52,49026.23,3.289999999993597,6.710693438988878e-05
2026-07-27 02:32:00,20185.47,912.78,44672.38,49029.55,49026.215,3.335000000006403,6.80248312052318e-05
2026-07-27 02:33:00,20185.57,912.89,44672.37,49029.58,49026.2,3.3800000000046566,6.89427285819553e-05
2026-07-27 02:34:00,20185.89,913.2,44672.35,49029.7,49026.195,3.5049999999973807,7.149239299516066e-05
2026-07-27 02:35:00,20186.07,913.38,44672.38,49029.81,49026.19,3.6199999999953434,7.383808531716095e-05
2026-07-27 02:36:00,20185.98,913.64,44672.31,49029.72,49026.18,3.540000000000873,7.220631915439614e-05
2026-07-27 02:37:00,20185.93,913.69,44672.3,49029.7,49026.17,3.529999999998836,7.200236118788875e-05
2026-07-27 02:38:00,20185.8,913.75,44672.29,49029.64,49026.155,3.485000000000582,7.108450581124671e-05
2026-07-27 02:39:00,20185.8,913.69,44672.39,49029.73,49026.14,3.5900000000037835,7.322624216395139e-05
2026-07-27 02:40:00,20186.05,913.54,44672.42,49029.85,49026.130000000005,3.719999999993888,7.587790429295332e-05
2026-07-27 02:41:00,20186.17,913.29,44672.5,49029.97,49026.12,3.849999999998545,7.852956750398655e-05
2026-07-27 02:42:00,20186.11,913.24,44672.56,49029.99,49026.11,3.8799999999973807,7.914150235450826e-05
2026-07-27 02:43:00,20185.95,913.24,44672.58,49029.94,49026.1,3.8400000000037835,7.832562655409636e-05
2026-07-27 02:44:00,20185.95,913.49,44672.63,49029.99,49026.085,3.904999999998836,7.965147533193474e-05
2026-07-27 02:45:00,20185.8,913.43,44672.52,49029.83,49026.07,3.7600000000020373,7.669388959796365e-05
2026-07-27 02:46:00,20185.76,913.42,44672.47,49029.77,49026.065,3.7049999999944703,7.557204519666161e-05
2026-07-27 02:47:00,20185.98,913.41,44672.58,49029.96,49026.06,3.900000000001455,7.954952937277552e-05
2026-07-27 02:48:00,20186.0,913.32,44672.68,49030.07,49026.055,4.014999999999418,8.189522897568279e-05
2026-07-27 02:49:00,20185.96,913.48,44672.56,49029.95,49026.05,3.8999999999941792,7.954954559859868e-05
2026-07-27 02:50:00,20186.4,913.5,44672.69,49030.24,49026.05,4.189999999995052,8.546476822005958e-05
2026-07-27 02:51:00,20186.62,913.75,44672.69,49030.33,49026.05,4.279999999998836,8.730052696472254e-05
2026-07-27 02:52:00,20186.73,913.68,44672.62,49030.32,49026.045,4.275000000001455,8.719854926093784e-05
2026-07-27 02:53:00,20186.88,913.64,44672.59,49030.35,49026.04,4.309999999997672,8.791246447801355e-05
2026-07-27 02:54:00,20186.95,913.54,44672.55,49030.35,49026.035,4.314999999995052,8.801446007198118e-05
2026-07-27 02:55:00,20187.2,913.62,44672.75,49030.62,49026.03,4.5900000000037835,9.362373416741644e-05
2026-07-27 02:56:00,20187.04,913.66,44672.85,49030.64,49026.03,4.610000000000582,9.40316807214572e-05
2026-07-27 02:57:00,20186.9,913.47,44672.75,49030.5,49026.03,4.470000000001164,9.11760548427267e-05
2026-07-27 02:58:00,20187.2,913.34,44673.06,49030.9,49026.020000000004,4.879999999997381,9.953897950511545e-05
2026-07-27 02:59:00,20187.06,913.55,44672.97,49030.78,49026.01,4.769999999996799,9.729529284550789e-05
2026-07-27 03:00:00,20187.12,913.6,44672.95,49030.79,49026.01,4.779999999998836,9.74992662058127e-05
2026-07-27 03:01:00,20187.23,913.51,44673.01,49030.89,49026.01,4.879999999997381,9.953899980841558e-05
2026-07-27 03:02:00,20187.07,913.59,44673.03,49030.83,49026.01,4.819999999999709,9.831515964688353e-05
2026-07-27 03:03:00,20186.91,913.7,44673.04,49030.77,49026.01,4.759999999994761,9.709131948520309e-05
2026-07-27 03:04:00,20186.86,913.77,44673.14,49030.86,49026.0,4.860000000000582,9.913107330805251e-05
2026-07-27 03:05:00,20186.93,913.86,44673.13,49030.87,49025.99,4.880000000004657,9.953904041518911e-05
2026-07-27 03:06:00,20186.95,913.83,44673.15,49030.88,49025.979999999996,4.900000000001455,9.994700768860623e-05
2026-07-27 03:07:00,20186.84,913.8,44673.2,49030.89,49025.97,4.919999999998254,0.0001003549751284524
2026-07-27 03:08:00,20186.86,913.92,44673.24,49030.95,49025.96,4.989999999997963,0.00010178281057623273
2026-07-27 03:09:00,20187.08,914.07,44673.3,49031.09,49025.95,5.139999999999418,0.000104842435485685
2026-07-27 03:10:00,20187.12,913.99,44673.22,49031.03,49025.94,5.0899999999965075,0.00010382258861322204
2026-07-27 03:11:00,20187.03,914.1,44673.21,49031.0,49025.93,5.069999999999709,0.00010341466240415447
2026-07-27 03:12:00,20187.04,914.25,44673.1,49030.9,49025.93,4.970000000001164,0.00010137492547313562
2026-07-27 03:13:00,20187.1,914.25,44673.11,49030.94,49025.93,5.010000000002037,0.00010219082024557285
2026-07-27 03:14:00,20187.34,914.39,44673.25,49031.17,49025.91,5.259999999994761,0.000107290206341805
2026-07-27 03:15:00,20187.41,914.57,44673.25,49031.19,49025.89,5.30000000000291,0.00010810614554887041
2026-07-27 03:16:00,20187.42,914.45,44673.18,49031.14,49025.89,5.25,0.00010708627625118076
2026-07-27 03:17:00,20187.61,914.5,44673.42,49031.42,49025.89,5.529999999998836,0.00011279754431788665
2026-07-27 03:18:00,20187.52,914.6,44673.32,49031.31,49025.884999999995,5.42500000000291,0.00011065583007839452
2026-07-27 03:19:00,20187.68,914.56,44673.42,49031.46,49025.88,5.580000000001746,0.00011381743683135818
2026-07-27 03:20:00,20187.89,914.63,44673.57,49031.69,49025.869999999995,5.820000000006985,0.0001187128346729387
2026-07-27 03:21:00,20187.8,914.76,44673.53,49031.62,49025.86,5.760000000002037,0.0001174890149811148
2026-07-27 03:22:00,20187.91,914.67,44673.42,49031.58,49025.854999999996,5.725000000005821,0.00011677511794553754
2026-07-27 03:23:00,20188.02,914.41,44673.57,49031.74,49025.85,5.889999999999418,0.00012014070128308673
2026-07-27 03:24:00,20188.06,914.56,44673.68,49031.85,49025.84,6.010000000002037,0.00012258841459936306
2026-07-27 03:25:00,20188.01,914.69,44673.71,49031.87,49025.83,6.040000000000873,0.0001232003619316771
2026-07-27 03:26:00,20188.17,914.78,44673.72,49031.94,49025.83,6.110000000000582,0.0001246281806957798
2026-07-27 03:27:00,20188.32,914.74,44673.83,49032.1,49025.83,6.269999999996799,0.00012789176644223665
2026-07-27 03:28:00,20188.5,914.83,44673.87,49032.21,49025.825,6.385000000002037,0.000130237481980202
2026-07-27 03:29:00,20188.53,914.72,44673.84,49032.18,49025.82,6.360000000000582,0.00012972755988580268
2026-07-27 03:30:00,20188.52,914.82,44673.91,49032.24,49025.82,6.419999999998254,0.0001309514047903381
2026-07-27 03:31:00,20188.49,914.82,44673.97,49032.28,49025.82,6.459999999999127,0.0001317673013934112
2026-07-27 03:32:00,20188.6,914.88,44674.05,49032.39,49025.81,6.580000000001746,0.00013421501857902493
2026-07-27 03:33:00,20188.58,914.93,44674.14,49032.49,49025.8,6.689999999995052,0.00013645876252901638
2026-07-27 03:34:00,20188.54,915.0,44674.18,49032.51,49025.795,6.7150000000037835,0.00013696871208317547
2026-07-27 03:35:00,20188.13,914.81,44674.04,49032.22,49025.79,6.430000000000291,0.0001311554591981137
2026-07-27 03:36:00,20188.14,914.95,44674.1,49032.28,49025.785,6.494999999995343,0.00013248130550067364
2026-07-27 03:37:00,20188.4,914.95,44674.33,49032.58,49025.78,6.80000000000291,0.00013870253568638602
2026-07-27 03:38:00,20188.55,914.89,44674.58,49032.87,49025.765,7.105000000003201,0.0001449237967016568
2026-07-27 03:39:00,20188.36,914.94,44674.38,49032.61,49025.75,6.860000000000582,0.00013992646721367
2026-07-27 03:40:00,20187.96,915.43,44674.14,49032.22,49025.740000000005,6.4799999999959255,0.00013217546537789995
2026-07-27 03:41:00,20188.3,915.21,44674.31,49032.51,49025.73,6.779999999998836,0.00013829472809479503
2026-07-27 03:42:00,20188.42,915.29,44674.31,49032.57,49025.73,6.8399999999965075,0.00013951857524602913
2026-07-27 03:43:00,20188.56,915.49,44674.54,49032.84,49025.73,7.109999999993306,0.00014502588742673094
2026-07-27 03:44:00,20188.6,915.45,44674.55,49032.87,49025.7,7.17000000000553,0.00014624982407197715
2026-07-27 03:45:00,20188.72,915.39,44674.85,49033.2,49025.67,7.529999999998836,0.000153593005460177
2026-07-27 03:46:00,20188.8,915.28,44674.87,49033.24,49025.7,7.540000000000873,0.00015379688612301046
2026-07-27 03:47:00,20188.6,915.24,44674.81,49033.11,49025.73,7.379999999997381,0.00015053319960758117
2026-07-27 03:48:00,20188.65,915.26,44674.98,49033.28,49025.73,7.549999999995634,0.00015400076653617669
2026-07-27 03:49:00,20188.57,915.25,44675.26,49033.5,49025.73,7.769999999996799,0.00015848820609089959
2026-07-27 03:50:00,20188.59,915.32,44675.16,49033.44,49025.740000000005,7.69999999999709,0.0001570603523780995
2026-07-27 03:51:00,20188.56,915.54,44675.33,49033.59,49025.75,7.8399999999965075,0.00015991596252982378
2026-07-27 03:52:00,20188.43,915.45,44675.16,49033.38,49025.765,7.614999999997963,0.00015532649006084787
2026-07-27 03:53:00,20188.56,915.46,44675.33,49033.57,49025.78,7.790000000000873,0.00015889599308773614
2026-07-27 03:54:00,20188.45,915.77,44675.26,49033.46,49025.78,7.680000000000291,0.00015665227559868075
2026-07-27 03:55:00,20188.34,916.03,44674.98,49033.16,49025.78,7.380000000004657,0.00015053304608319656
2026-07-27 03:56:00,20188.5,915.9,44674.96,49033.2,49025.785,7.414999999993597,0.00015124694076787545
2026-07-27 03:57:00,20188.83,915.77,44675.21,49033.55,49025.79,7.760000000002037,0.00015828403785032402
2026-07-27 03:58:00,20189.08,915.89,44675.5,49033.93,49025.795,8.135000000002037,0.00016593305626154634
2026-07-27 03:59:00,20189.12,915.76,44675.49,49033.94,49025.8,8.139999999999418,0.00016603502645544626
2026-07-27 04:00:00,20189.57,915.63,44675.62,49034.24,49025.81,8.430000000000291,0.00017195024416731292
2026-07-27 04:01:00,20189.6,915.49,44675.83,49034.42,49025.82,8.599999999998545,0.00017541776965685724
2026-07-27 04:02:00,20189.67,915.75,44676.01,49034.63,49025.82,8.809999999997672,0.0001797012268228797
2026-07-27 04:03:00,20189.6,916.01,44676.07,49034.66,49025.82,8.840000000003783,0.00018031314927529583
2026-07-27 04:04:00,20189.64,916.02,44676.14,49034.75,49025.825,8.92500000000291,0.00018204691099033847
2026-07-27 04:05:00,20189.59,915.93,44676.16,49034.75,49025.83,8.919999999998254,0.00018194490536923603
2026-07-27 04:06:00,20189.32,916.2,44676.04,49034.53,49025.83,8.69999999999709,0.00017745747496772802
2026-07-27 04:07:00,20189.37,916.32,44676.03,49034.55,49025.83,8.720000000001164,0.00017786542318612788
2026-07-27 04:08:00,20189.4,916.22,44676.39,49034.88,49025.84,9.040000000000873,0.00018439255706788243
2026-07-27 04:09:00,20189.28,916.57,44676.3,49034.77,49025.85,8.919999999998254,0.00018194483114516635
2026-07-27 04:10:00,20189.81,916.59,44676.58,49035.23,49025.854999999996,9.375000000007276,0.00019122562982343248
2026-07-27 04:11:00,20189.73,916.64,44676.54,49035.16,49025.86,9.30000000000291,0.00018969580543825055
2026-07-27 04:12:00,20190.02,916.58,44676.74,49035.46,49025.869999999995,9.590000000003783,0.00019561101108463315
2026-07-27 04:13:00,20189.96,917.1,44676.89,49035.58,49025.88,9.700000000004366,0.0001978546840975494
2026-07-27 04:14:00,20189.94,916.85,44676.67,49035.38,49025.884999999995,9.49500000000262,0.00019367319937218104
2026-07-27 04:15:00,20190.21,916.79,44676.8,49035.61,49025.89,9.720000000001164,0.00019826259145935268
2026-07-27 04:16:00,20190.64,916.67,44677.15,49036.08,49025.89,10.190000000002328,0.00020784936285710119
2026-07-27 04:17:00,20190.77,916.95,44677.15,49036.15,49025.89,10.260000000002037,0.00020927717987377767
2026-07-27 04:18:00,20190.8,917.0,44677.27,49036.27,49025.91,10.359999999993306,0.00021131683226264042
2026-07-27 04:19:00,20191.0,916.99,44677.17,49036.26,49025.93,10.330000000001746,0.00021070482497734865
2026-07-27 04:20:00,20191.44,917.05,44677.3,49036.56,49025.93,10.62999999999738,0.00021682403577040518
2026-07-27 04:21:00,20191.49,917.4,44677.33,49036.61,49025.93,10.680000000000291,0.0002178439042359888
2026-07-27 04:22:00,20191.78,917.5,44677.29,49036.7,49025.94,10.759999999994761,0.00021947564901345616
2026-07-27 04:23:00,20191.8,917.34,44677.19,49036.61,49025.95,10.660000000003492,0.00021743586814745034
2026-07-27 04:24:00,20192.13,917.41,44677.34,49036.89,49025.96,10.930000000000291,0.00022294311014002156
2026-07-27 04:25:00,20192.26,917.56,44677.32,49036.92,49025.97,10.94999999999709,0.00022335101171883166
2026-07-27 04:26:00,20192.51,917.35,44677.39,49037.08,49025.979999999996,11.10000000000582,0.00022641056843750642
2026-07-27 04:27:00,20192.91,917.39,44677.55,49037.38,49025.99,11.389999999999418,0.0002323257521163656
2026-07-27 04:28:00,20193.14,917.43,44677.44,49037.37,49026.0,11.37000000000262,0.00023191775792442008
2026-07-27 04:29:00,20192.99,917.43,44677.44,49037.34,49026.01,11.32999999999447,0.00023110181717815644
2026-07-27 04:30:00,20193.09,917.32,44677.5,49037.43,49026.01,11.419999999998254,0.00023293757742060293
2026-07-27 04:31:00,20193.14,917.5,44677.53,49037.47,49026.01,11.459999999999127,0.00023375347086167377
2026-07-27 04:32:00,20192.95,917.81,44677.46,49037.34,49026.01,11.32999999999447,0.00023110181717815644
2026-07-27 04:33:00,20193.37,918.0,44677.62,49037.67,49026.01,11.659999999996217,0.00023783293806687951
2026-07-27 04:34:00,20193.12,918.08,44677.31,49037.26,49026.020000000004,11.239999999997963,0.00022926601017169988
2026-07-27 04:35:00,20193.16,918.33,44677.5,49037.47,49026.03,11.440000000002328,0.00023334542894871008
2026-07-27 04:36:00,20193.33,918.59,44677.69,49037.72,49026.03,11.690000000002328,0.00023844476087503573
2026-07-27 04:37:00,20193.41,918.86,44677.67,49037.73,49026.03,11.700000000004366,0.00023864873415213033
2026-07-27 04:38:00,20193.37,918.82,44677.5,49037.57,49026.035,11.534999999996217,0.00023528315108485145
2026-07-27 04:39:00,20193.61,919.06,44677.63,49037.78,49026.04,11.739999999997963,0.00023946457841583703
2026-07-27 04:40:00,20193.83,918.95,44677.74,49037.98,49026.045,11.935000000004948,0.00024344203167938486
2026-07-27 04:41:00,20193.95,919.2,44677.86,49038.13,49026.05,12.07999999999447,0.0002463996181620683
2026-07-27 04:42:00,20193.44,919.67,44677.47,49037.56,49026.05,11.509999999994761,0.00023477314611303093
2026-07-27 04:43:00,20193.86,919.86,44677.7,49037.96,49026.05,11.909999999996217,0.00024293207386677523
2026-07-27 04:44:00,20193.78,919.98,44677.82,49038.03,49026.055,11.974999999998545,0.00024425787471577193
2026-07-27 04:45:00,20193.68,919.97,44677.67,49037.84,49026.06,11.779999999998836,0.00024028037333611628
2026-07-27 04:46:00,20193.51,920.3,44677.73,49037.83,49026.065,11.764999999999418,0.0002399743891336051
2026-07-27 04:47:00,20193.18,920.97,44677.89,49037.86,49026.07,11.790000000000873,0.00024048429743605542
2026-07-27 04:48:00,20192.95,921.52,44677.85,49037.73,49026.075,11.655000000006112,0.00023773063619729118
2026-07-27 04:49:00,20192.84,921.99,44677.52,49037.4,49026.08,11.319999999999709,0.0002308975141394072
2026-07-27 04:50:00,20192.92,921.93,44677.53,49037.44,49026.09,11.35000000000582,0.00023150938612493514
2026-07-27 04:51:00,20193.07,922.01,44677.65,49037.61,49026.1,11.510000000002037,0.00023477290667628137
2026-07-27 04:52:00,20192.91,922.44,44677.57,49037.48,49026.11,11.37000000000262,0.0002319172375699932
2026-07-27 04:53:00,20193.42,922.44,44677.64,49037.76,49026.12,11.639999999999418,0.0002374244586355073
2026-07-27 04:54:00,20193.5,922.59,44677.86,49037.98,49026.130000000005,11.849999999998545,0.00024170784028840423
2026-07-27 04:55:00,20193.63,922.73,44677.84,49038.03,49026.14,11.889999999999418,0.00024252368226418433
2026-07-27 04:56:00,20194.14,922.56,44678.36,49038.69,49026.155,12.535000000003492,0.00025567985088782697
2026-07-27 04:57:00,20193.76,922.39,44678.06,49038.27,49026.17,12.099999999998545,0.0002468069604457894
2026-07-27 04:58:00,20193.57,922.88,44677.93,49038.1,49026.18,11.919999999998254,0.00024313540235030047
2026-07-27 04:59:00,20193.59,923.24,44678.11,49038.26,49026.19,12.069999999999709,0.00024619494192797175
2026-07-27 05:00:00,20193.22,923.77,44677.82,49037.87,49026.195,11.67500000000291,0.00023813799949196364
2026-07-27 05:01:00,20193.07,924.71,44677.61,49037.61,49026.2,11.410000000003492,0.000232732702106292
2026-07-27 05:02:00,20193.09,925.46,44677.68,49037.71,49026.215,11.49500000000262,0.0002344663972122388
2026-07-27 05:03:00,20193.44,925.43,44677.95,49038.1,49026.23,11.869999999995343,0.0002421152921608564
2026-07-27 05:04:00,20193.43,925.48,44677.8,49037.96,49026.245,11.714999999996508,0.00023895364615414676
2026-07-27 05:05:00,20193.77,925.24,44677.81,49038.09,49026.26,11.82999999999447,0.00024129925472582387
2026-07-27 05:06:00,20193.83,925.21,44678.0,49038.27,49026.265,12.00499999999738,0.0002448687453551149
2026-07-27 05:07:00,20193.44,925.23,44677.81,49037.93,49026.27,11.660000000003492,0.00023783167677254445
2026-07-27 05:08:00,20193.24,925.49,44677.68,49037.75,49026.28,11.470000000001164,0.00023395615575975097
2026-07-27 05:09:00,20193.54,926.16,44677.86,49038.08,49026.29,11.790000000000873,0.00024048321828963343
2026-07-27 05:10:00,20193.46,925.97,44677.78,49037.96,49026.295,11.665000000000873,0.00023793354158214227
2026-07-27 05:11:00,20193.39,925.72,44677.68,49037.86,49026.3,11.559999999997672,0.00023579180970209195
2026-07-27 05:12:00,20193.33,926.23,44677.63,49037.78,49026.315,11.464999999996508,0.0002338540026921564
2026-07-27 05:13:00,20193.05,927.15,44677.5,49037.57,49026.33,11.239999999997963,0.00022926456049224901
2026-07-27 05:14:00,20192.88,927.67,44677.19,49037.24,49026.33,10.909999999996217,0.00022253348353825825
2026-07-27 05:15:00,20193.01,927.67,44677.23,49037.3,49026.33,10.970000000001164,0.00022375731571180554
2026-07-27 05:16:00,20193.16,927.51,44677.31,49037.41,49026.335,11.075000000004366,0.00022589899897686348
2026-07-27 05:17:00,20193.29,927.84,44677.44,49037.61,49026.34,11.270000000004075,0.00022987642969073512
2026-07-27 05:18:00,20193.32,927.74,44677.21,49037.4,49026.365,11.035000000003492,0.0002250829732125458
2026-07-27 05:19:00,20193.59,927.62,44677.35,49037.63,49026.39,11.239999999997963,0.00022926427991124703
2026-07-27 05:20:00,20193.52,928.01,44677.21,49037.49,49026.395000000004,11.094999999993888,0.0002263066660315099
2026-07-27 05:21:00,20193.41,928.67,44676.97,49037.25,49026.4,10.849999999998545,0.00022130933537846026
2026-07-27 05:22:00,20192.96,928.81,44676.58,49036.72,49026.4,10.319999999999709,0.00021049883328165455
2026-07-27 05:23:00,20192.95,929.01,44676.55,49036.69,49026.4,10.290000000000873,0.0002098869180686502
2026-07-27 05:24:00,20193.37,929.17,44676.74,49037.04,49026.415,10.625,0.00021671990497367592
2026-07-27 05:25:00,20193.38,929.95,44676.72,49037.01,49026.43,10.580000000001746,0.00021580196640876657
2026-07-27 05:26:00,20193.41,930.07,44676.51,49036.82,49026.43,10.389999999999418,0.00021192650576432788
2026-07-27 05:27:00,20193.05,930.57,44676.36,49036.58,49026.43,10.150000000001455,0.00020703118705566478
2026-07-27 05:28:00,20193.37,930.45,44676.41,49036.75,49026.455,10.294999999998254,0.00020998866836279012
2026-07-27 05:29:00,20193.42,930.65,44676.26,49036.64,49026.48,10.159999999996217,0.00020723494731818837
2026-07-27 05:30:00,20193.81,930.59,44676.23,49036.79,49026.53,10.260000000002037,0.00020927444793669952
2026-07-27 05:31:00,20193.8,930.33,44676.41,49036.93,49026.58,10.349999999998545,0.0002111099734062328
2026-07-27 05:32:00,20193.54,930.56,44676.42,49036.85,49026.59,10.260000000002037,0.00020927419182125532
2026-07-27 05:33:00,20193.29,930.57,44676.18,49036.51,49026.6,9.910000000003492,0.00020213516743978764
2026-07-27 05:34:00,20193.07,930.73,44676.12,49036.38,49026.649999999994,9.730000000003201,0.00019846348873527362
2026-07-27 05:35:00,20192.64,931.95,44675.79,49035.93,49026.7,9.230000000003201,0.00018826476185432024
2026-07-27 05:36:00,20192.24,932.28,44675.8,49035.75,49026.71,9.040000000000873,0.00018438928494285815
2026-07-27 05:37:00,20191.8,933.56,44675.48,49035.3,49026.72,8.580000000001746,0.0001750066086412011
2026-07-27 05:38:00,20191.91,934.76,44675.17,49035.11,49026.72,8.389999999999418,0.0001711311709206616
2026-07-27 05:39:00,20191.5,935.97,44674.77,49034.61,49026.72,7.889999999999418,0.00016093265060357736
2026-07-27 05:40:00,20191.26,936.83,44674.42,49034.2,49026.770000000004,7.429999999993015,0.0001515498573532993
2026-07-27 05:41:00,20190.95,937.34,44674.3,49033.97,49026.82,7.150000000001455,0.00014583854306686534
2026-07-27 05:42:00,20191.31,937.57,44674.6,49034.4,49026.82,7.580000000001746,0.00015460925264991176
2026-07-27 05:43:00,20191.46,937.14,44674.58,49034.43,49026.82,7.610000000000582,0.0001552211626207978
2026-07-27 05:44:00,20191.03,937.17,44674.67,49034.34,49026.83,7.509999999994761,0.0001531814314732313
2026-07-27 05:45:00,20190.64,937.7,44674.26,49033.82,49026.84,6.980000000003201,0.00014237099515292443
2026-07-27 05:46:00,20190.26,939.14,44674.07,49033.5,49026.89,6.610000000000582,0.0001348239710901626
2026-07-27 05:47:00,20189.94,939.67,44673.95,49033.28,49026.94,6.3399999999965075,0.00012931665733159173
2026-07-27 05:48:00,20189.98,939.78,44674.02,49033.36,49026.990000000005,6.369999999995343,0.0001299284332975641
2026-07-27 05:49:00,20190.15,940.45,44673.98,49033.42,49027.04,6.379999999997381,0.0001301322698657186
2026-07-27 05:50:00,20190.01,940.81,44673.84,49033.22,49027.045,6.17500000000291,0.00012595089098278126
2026-07-27 05:51:00,20189.77,940.84,44673.59,49032.91,49027.05,5.860000000000582,0.0001195258535849206
2026-07-27 05:52:00,20189.37,940.86,44673.66,49032.8,49027.08500000001,5.7149999999965075,0.00011656821938315335
2026-07-27 05:53:00,20189.07,940.85,44673.7,49032.73,49027.12,5.610000000000582,0.00011442646437319961
2026-07-27 05:54:00,20188.74,941.38,44673.5,49032.42,49027.26,5.1599999999962165,0.00010524757043318791
2026-07-27 05:55:00,20188.74,941.36,44673.54,49032.46,49027.4,5.059999999997672,0.00010320759412079106
2026-07-27 05:56:00,20188.95,941.36,44673.55,49032.54,49027.405,5.135000000002037,0.00010473734026922366
2026-07-27 05:57:00,20189.36,940.29,44673.93,49033.05,49027.41,5.639999999999418,0.0001150376901410745
2026-07-27 05:58:00,20189.45,940.56,44673.98,49033.13,49027.535,5.594999999993888,0.00011411954527173123
2026-07-27 05:59:00,20189.29,940.43,44673.83,49032.93,49027.66,5.269999999996799,0.00010749034320619826
2026-07-27 06:00:00,20188.78,940.72,44673.66,49032.57,49027.665,4.904999999998836,0.00010004555591213319
2026-07-27 06:01:00,20188.44,941.17,44673.8,49032.55,49027.67,4.880000000004657,9.95356295741702e-05
2026-07-27 06:02:00,20188.24,941.07,44673.76,49032.46,49027.67,4.790000000000873,9.76999314876859e-05
2026-07-27 06:03:00,20188.25,941.18,44673.72,49032.43,49027.67,4.760000000002037,9.708803212557393e-05
2026-07-27 06:04:00,20188.08,941.67,44673.51,49032.17,49027.68,4.489999999997963,9.158091918683411e-05
2026-07-27 06:05:00,20187.92,941.94,44673.42,49032.04,49027.69,4.349999999998545,8.872537131564928e-05
2026-07-27 06:06:00,20187.87,942.47,44673.46,49032.02,49027.7,4.319999999999709,8.811345423096963e-05
2026-07-27 06:07:00,20187.42,942.85,44673.22,49031.65,49027.71,3.9400000000023283,8.036271732867655e-05
2026-07-27 06:08:00,20187.4,942.2,44673.18,49031.6,49027.770000000004,3.8299999999944703,7.811899256267356e-05
2026-07-27 06:09:00,20187.08,943.09,44673.06,49031.37,49027.83,3.540000000000873,7.220388909729175e-05
2026-07-27 06:10:00,20186.33,943.48,44672.89,49030.93,49027.835,3.095000000001164,6.312740507512037e-05
2026-07-27 06:11:00,20186.7,942.52,44673.11,49031.27,49027.84,3.430000000000291,6.996025115526793e-05
2026-07-27 06:12:00,20186.9,942.61,44673.17,49031.41,49027.875,3.5350000000034925,7.210184002475107e-05
2026-07-27 06:13:00,20186.53,942.56,44673.17,49031.25,49027.91,3.3399999999965075,6.812446216851804e-05
2026-07-27 06:14:00,20186.74,942.02,44673.42,49031.57,49027.93,3.639999999999418,7.424339555023878e-05
2026-07-27 06:15:00,20186.48,942.07,44673.46,49031.53,49027.95,3.5800000000017462,7.301957352901246e-05
2026-07-27 06:16:00,20186.26,941.89,44673.62,49031.53,49027.96,3.569999999999709,7.281559338793025e-05
2026-07-27 06:17:00,20185.91,942.17,44673.64,49031.4,49027.97,3.430000000000291,6.996006565232643e-05
2026-07-27 06:18:00,20185.23,942.96,44673.34,49030.89,49027.97,2.9199999999982538,5.9557840147129356e-05
2026-07-27 06:19:00,20184.63,943.49,44673.04,49030.39,49027.97,2.4199999999982538,4.9359579847957274e-05
2026-07-27 06:20:00,20184.78,943.6,44673.04,49030.49,49027.97,2.5199999999967986,5.139923190776201e-05
2026-07-27 06:21:00,20184.64,943.88,44672.93,49030.34,49027.97,2.3699999999953434,4.8339753817980705e-05
2026-07-27 06:22:00,20184.24,944.33,44672.79,49030.05,49027.979999999996,2.070000000006985,4.222078902714297e-05
2026-07-27 06:23:00,20184.36,944.3,44672.71,49030.0,49027.99,2.0100000000020373,4.099698967879445e-05
2026-07-27 06:24:00,20184.83,943.73,44673.0,49030.43,49027.99,2.4400000000023283,4.9767489958334585e-05
2026-07-27 06:25:00,20184.54,943.93,44672.95,49030.25,49027.99,2.2600000000020373,4.609611774829108e-05
2026-07-27 06:26:00,20184.12,944.32,44672.76,49029.89,49028.0,1.889999999999418,3.8549400342649466e-05
2026-07-27 06:27:00,20183.92,944.24,44672.8,49029.87,49028.01,1.860000000000582,3.793749736121417e-05
2026-07-27 06:28:00,20184.14,943.92,44673.1,49030.23,49028.015,2.2150000000037835,4.517825165884818e-05
2026-07-27 06:29:00,20183.95,943.94,44673.14,49030.2,49028.02,2.180000000000291,4.446436955847475e-05
2026-07-27 06:30:00,20183.75,944.15,44673.27,49030.25,49028.05,2.1999999999970896,4.487227209724004e-05
2026-07-27 06:31:00,20183.72,943.47,44673.11,49030.06,49028.08,1.9799999999959255,4.03850201761098e-05
2026-07-27 06:32:00,20182.98,944.83,44672.93,49029.61,49028.085,1.5250000000014552,3.1104620953509713e-05
2026-07-27 06:33:00,20182.23,944.23,44672.96,49029.34,49028.09,1.25,2.5495588345375073e-05
2026-07-27 06:34:00,20182.77,942.83,44673.35,49029.89,49028.09,1.8000000000029104,3.6713647217399465e-05
2026-07-27 06:35:00,20183.25,941.69,44673.74,49030.41,49028.09,2.320000000006985,4.73198119691586e-05
2026-07-27 06:36:00,20183.41,941.01,44674.01,49030.7,49028.1,2.599999999998545,5.3030812941936253e-05
2026-07-27 06:37:00,20183.06,942.11,44673.76,49030.35,49028.11,2.2399999999979627,4.568807567736065e-05
2026-07-27 06:38:00,20182.45,942.89,44673.18,49029.62,49028.11,1.5100000000020373,3.079865815757608e-05
2026-07-27 06:39:00,20182.36,943.76,44673.06,49029.49,49028.11,1.3799999999973807,2.8147118051203294e-05
2026-07-27 06:40:00,20182.54,943.55,44673.04,49029.53,49028.11,1.4199999999982538,2.8962976545460427e-05
2026-07-27 06:41:00,20182.3,943.08,44673.15,49029.52,49028.11,1.4099999999962165,2.8759011921859042e-05
2026-07-27 06:42:00,20182.5,942.94,44673.21,49029.66,49028.11,1.5500000000029104,3.161451665183321e-05
2026-07-27 06:43:00,20182.7,942.7,44672.87,49029.41,49028.11,1.3000000000029104,2.651540106283743e-05
2026-07-27 06:44:00,20182.2,943.5,44672.74,49029.1,49028.115000000005,0.9849999999933061,2.009051337162985e-05
2026-07-27 06:45:00,20181.97,943.7,44672.62,49028.91,49028.12,0.7900000000008731,1.6113201974721304e-05
2026-07-27 06:46:00,20182.04,942.83,44672.66,49028.96,49028.12,0.8399999999965075,1.7133024884423623e-05
2026-07-27 06:47:00,20181.73,943.12,44672.58,49028.78,49028.12,0.6599999999962165,1.3461662409168789e-05
2026-07-27 06:48:00,20181.43,943.03,44672.44,49028.53,49028.130000000005,0.39999999999417923,8.158581614150473e-06
2026-07-27 06:49:00,20181.18,942.79,44672.35,49028.36,49028.14,0.22000000000116415,4.487218972638248e-06
2026-07-27 06:50:00,20182.0,941.89,44672.87,49029.14,49028.14,1.0,2.0396449875520465e-05
2026-07-27 06:51:00,20181.52,942.1,44672.63,49028.73,49028.14,0.5900000000037835,1.2033905426634245e-05
2026-07-27 06:52:00,20180.4,942.33,44672.24,49027.91,49028.15,0.23999999999796273,4.8951469716471605e-06
2026-07-27 06:53:00,20181.58,940.69,44672.69,49028.8,49028.16,0.6399999999994179,1.3053722595329254e-05
2026-07-27 06:54:00,20180.65,944.17,44671.84,49027.67,49028.16,0.4900000000052387,9.9942563621649e-06
2026-07-27 06:55:00,20179.45,944.72,44671.04,49026.48,49028.16,1.680000000000291,3.426602181277639e-05
2026-07-27 06:56:00,20179.68,944.23,44671.58,49027.04,49028.17,1.1299999999973807,2.3047974256379152e-05
2026-07-27 06:57:00,20179.45,943.43,44671.7,49027.05,49028.18,1.1299999999973807,2.304796955541447e-05
2026-07-27 06:58:00,20178.36,944.03,44671.66,49026.6,49028.185,1.5849999999991269,3.2328343380427546e-05
2026-07-27 06:59:00,20177.72,944.07,44671.66,49026.34,49028.19,1.8500000000058208,3.773339378846783e-05
2026-07-27 07:00:00,20177.58,944.07,44671.5,49026.14,49028.195,2.055000000000291,4.191465747413893e-05
2026-07-27 07:01:00,20177.67,944.12,44671.78,49026.43,49028.2,1.7699999999967986,3.610167209884921e-05
2026-07-27 07:02:00,20176.94,943.65,44671.67,49026.03,49028.2,2.1699999999982538,4.4260242064735274e-05
2026-07-27 07:03:00,20177.5,943.82,44671.83,49026.39,49028.2,1.8099999999976717,3.691752909545265e-05
2026-07-27 07:04:00,20177.49,944.35,44671.4,49026.01,49028.2,2.1899999999950523,4.4668170562962794e-05
2026-07-27 07:05:00,20177.54,944.35,44671.41,49026.05,49028.2,2.1499999999941792,4.385231356635935e-05
2026-07-27 07:06:00,20177.66,944.37,44671.4,49026.06,49028.205,2.1450000000040745,4.375032698023667e-05
2026-07-27 07:07:00,20177.65,944.38,44671.17,49025.86,49028.21,2.349999999998545,4.7931588773046063e-05
2026-07-27 07:08:00,20178.05,944.0,44671.17,49026.03,49028.215,2.1849999999976717,4.4566174803583446e-05
2026-07-27 07:09:00,20178.16,944.77,44671.07,49025.99,49028.22,2.2300000000032014,4.548400900549115e-05
2026-07-27 07:10:00,20177.75,945.16,44670.56,49025.39,49028.22,2.8300000000017462,5.772185896207829e-05
2026-07-27 07:11:00,20178.19,944.02,44670.87,49025.83,49028.22,2.389999999999418,4.87474356605118e-05
2026-07-27 07:12:00,20178.68,943.4,44671.3,49026.4,49028.22,1.819999999999709,3.712147820173176e-05
2026-07-27 07:13:00,20177.89,944.3,44670.8,49025.62,49028.22,2.599999999998545,5.303068314530988e-05
2026-07-27 07:14:00,20177.71,943.85,44670.66,49025.43,49028.225000000006,2.7950000000055297,5.700797856756041e-05
2026-07-27 07:15:00,20177.92,943.03,44671.0,49025.8,49028.23,2.430000000000291,4.9563282215170544e-05
2026-07-27 07:16:00,20178.28,942.63,44671.32,49026.2,49028.235,2.0350000000034925,4.150669507077896e-05
2026-07-27 07:17:00,20178.15,942.69,44671.17,49026.01,49028.24,2.2299999999959255,4.5483990451134396e-05
2026-07-27 07:18:00,20177.96,942.17,44671.0,49025.78,49028.24,2.459999999999127,5.017516435424006e-05
2026-07-27 07:19:00,20177.64,942.56,44670.95,49025.64,49028.24,2.599999999998545,5.3030661512600596e-05
2026-07-27 07:20:00,20177.45,943.06,44670.91,49025.52,49028.24,2.720000000001164,5.5478230505544644e-05
2026-07-27 07:21:00,20177.21,943.81,44670.58,49025.12,49028.24,3.1199999999953434,6.363679381506134e-05
2026-07-27 07:22:00,20176.45,944.54,44670.21,49024.49,49028.244999999995,3.7549999999973807,7.658850525849703e-05
2026-07-27 07:23:00,20176.23,944.42,44670.41,49024.58,49028.25,3.6699999999982538,7.485480309817817e-05
2026-07-27 07:24:00,20176.28,944.73,44670.33,49024.54,49028.25,3.709999999999127,7.567065926275417e-05
2026-07-27 07:25:00,20176.6,944.87,44670.15,49024.52,49028.25,3.7300000000032014,7.607858734511636e-05
2026-07-27 07:26:00,20176.73,944.38,44670.11,49024.51,49028.255000000005,3.7450000000026193,7.638452561696554e-05
2026-07-27 07:27:00,20176.7,944.24,44670.35,49024.72,49028.26,3.540000000000873,7.220325583654963e-05
2026-07-27 07:28:00,20176.5,944.41,44670.15,49024.46,49028.26,3.8000000000029104,7.750631982458506e-05
2026-07-27 07:29:00,20176.89,944.48,44670.39,49024.84,49028.26,3.4200000000055297,6.97556878421859e-05
2026-07-27 07:30:00,20177.12,944.78,44670.13,49024.7,49028.275,3.5750000000043656,7.291710752630732e-05
2026-07-27 07:31:00,20177.48,944.83,44670.12,49024.83,49028.29,3.459999999999127,7.057150065807163e-05
2026-07-27 07:32:00,20177.92,944.8,44670.16,49025.05,49028.29,3.2399999999979627,6.608429541389192e-05
2026-07-27 07:33:00,20177.82,944.58,44670.1,49024.94,49028.29,3.349999999998545,6.832789803598177e-05
2026-07-27 07:34:00,20178.2,944.18,44670.19,49025.19,49028.295,3.1049999999959255,6.333077664634117e-05
2026-07-27 07:35:00,20177.86,944.07,44670.23,49025.06,49028.3,3.2400000000052387,6.608428193523411e-05
2026-07-27 07:36:00,20178.33,943.42,44670.35,49025.39,49028.305,2.915000000000873,5.945545129493816e-05
2026-07-27 07:37:00,20178.71,942.66,44670.53,49025.67,49028.31,2.639999999999418,5.384644096440236e-05
2026-07-27 07:38:00,20178.81,942.7,44670.47,49025.64,49028.32,2.680000000000291,5.466228498142076e-05
2026-07-27 07:39:00,20178.93,943.1,44670.31,49025.57,49028.33,2.7600000000020373,5.629398349896962e-05
2026-07-27 07:40:00,20179.22,943.29,44670.16,49025.56,49028.33,2.7700000000040745,5.649794720734062e-05
2026-07-27 07:41:00,20178.71,943.72,44669.8,49025.03,49028.33,3.3000000000029104,6.73080237487777e-05
2026-07-27 07:42:00,20178.8,943.56,44669.92,49025.18,49028.34,3.1599999999962165,6.445251868605416e-05
2026-07-27 07:43:00,20179.02,943.91,44669.78,49025.17,49028.35,3.180000000000291,6.48604327904221e-05
2026-07-27 07:44:00,20179.47,943.8,44669.67,49025.24,49028.354999999996,3.1149999999979627,6.353466274766842e-05
2026-07-27 07:45:00,20179.95,942.25,44669.94,49025.64,49028.36,2.720000000001164,5.547809471908022e-05
2026-07-27 07:46:00,20181.63,939.34,44670.85,49027.12,49028.365000000005,1.2450000000026193,2.5393463559362407e-05
2026-07-27 07:47:00,20182.6,938.32,44671.44,49028.02,49028.37,0.35000000000582077,7.138723967487003e-06
2026-07-27 07:48:00,20181.91,938.37,44671.56,49027.83,49028.37,0.5400000000008731,1.1014031263957442e-05
2026-07-27 07:49:00,20181.3,939.4,44670.83,49026.94,49028.37,1.430000000000291,2.916678649525348e-05
2026-07-27 07:50:00,20181.34,940.53,44670.53,49026.72,49028.37,1.6500000000014552,3.3653984417623004e-05
2026-07-27 07:51:00,20180.92,941.09,44670.23,49026.27,49028.37,2.1000000000058208,4.28323438043284e-05
2026-07-27 07:52:00,20180.36,941.19,44670.26,49026.07,49028.385,2.3150000000023283,4.721754550965381e-05
2026-07-27 07:53:00,20179.58,941.99,44670.15,49025.67,49028.4,2.7300000000032014,5.568201287423618e-05
2026-07-27 07:54:00,20179.11,942.13,44669.8,49025.16,49028.42,3.2599999999947613,6.649204685761363e-05
2026-07-27 07:55:00,20180.02,941.34,44670.01,49025.73,49028.44,2.709999999999127,5.527404094438099e-05
2026-07-27 07:56:00,20180.52,940.79,44670.46,49026.33,49028.445,2.1149999999979627,4.3138223127369485e-05
2026-07-27 07:57:00,20180.23,940.76,44670.66,49026.4,49028.45,2.0499999999956344,4.181245786876058e-05
2026-07-27 07:58:00,20180.14,940.79,44670.6,49026.29,49028.455,2.165000000000873,4.4158030270398546e-05
2026-07-27 07:59:00,20179.76,941.79,44670.12,49025.73,49028.46,2.7299999999959255,5.568194473160947e-05
2026-07-27 08:00:00,20180.18,941.86,44670.0,49025.79,49028.475,2.6849999999976717,5.4764093723038946e-05
2026-07-27 08:01:00,20180.37,942.22,44669.95,49025.83,49028.49,2.6599999999962165,5.42541693614512e-05
2026-07-27 08:02:00,20179.86,941.72,44669.84,49025.55,49028.494999999995,2.944999999992433,6.006710995294539e-05
2026-07-27 08:03:00,20179.9,940.97,44670.2,49025.85,49028.5,2.650000000001455,5.405019529460324e-05
2026-07-27 08:04:00,20180.24,941.12,44670.09,49025.88,49028.505000000005,2.625000000007276,5.354028233182463e-05
2026-07-27 08:05:00,20180.49,941.34,44670.02,49025.93,49028.51,2.5800000000017462,5.262244355379648e-05
2026-07-27 08:06:00,20180.53,940.9,44669.83,49025.82,49028.515,2.694999999999709,5.4968011982408785e-05
2026-07-27 08:07:00,20180.7,940.19,44670.02,49026.01,49028.52,2.5099999999947613,5.119469239525814e-05
2026-07-27 08:08:00,20180.98,939.86,44670.17,49026.23,49028.524999999994,2.294999999990978,4.6809484886420267e-05
2026-07-27 08:09:00,20181.05,939.71,44669.98,49026.1,49028.53,2.430000000000291,4.956297894308255e-05
2026-07-27 08:10:00,20181.06,939.84,44669.79,49025.93,49028.53,2.599999999998545,5.3030347840299206e-05
2026-07-27 08:11:00,20181.38,939.57,44669.89,49026.17,49028.53,2.360000000000582,4.8135238808925786e-05
2026-07-27 08:12:00,20181.56,939.32,44670.02,49026.33,49028.53,2.1999999999970896,4.4871832787911234e-05
2026-07-27 08:13:00,20181.1,938.61,44669.67,49025.82,49028.53,2.709999999999127,5.527393947970961e-05
2026-07-27 08:14:00,20181.23,938.76,44669.68,49025.89,49028.535,2.6450000000040745,5.394817528208979e-05
2026-07-27 08:15:00,20181.45,938.84,44669.68,49025.97,49028.54,2.569999999999709,5.241844851997855e-05
2026-07-27 08:16:00,20181.48,938.57,44669.75,49026.04,49028.54,2.5,5.0990708677027703e-05
2026-07-27 08:17:00,20180.73,938.08,44669.58,49025.58,49028.54,2.959999999999127,6.0372999073582996e-05
2026-07-27 08:18:00,20180.8,937.11,44669.91,49025.89,49028.54,2.650000000001455,5.405015119767905e-05
2026-07-27 08:19:00,20181.57,937.78,44669.87,49026.19,49028.54,2.349999999998545,4.793126615637636e-05
2026-07-27 08:20:00,20182.06,938.27,44669.5,49026.05,49028.57,2.5199999999967986,5.1398602896164394e-05
2026-07-27 08:21:00,20182.04,937.23,44669.6,49026.12,49028.6,2.4799999999959255,5.0582721105557277e-05
2026-07-27 08:22:00,20181.4,936.36,44669.74,49025.95,49028.604999999996,2.654999999998836,5.4152060822428785e-05
2026-07-27 08:23:00,20181.69,936.38,44670.01,49026.3,49028.61,2.3099999999976717,4.71153475490672e-05
2026-07-27 08:24:00,20182.16,936.41,44670.11,49026.58,49028.61,2.029999999998836,4.140439633101644e-05
2026-07-27 08:25:00,20180.91,936.4,44669.76,49025.75,49028.61,2.860000000000582,5.833328744177292e-05
2026-07-27 08:26:00,20180.12,936.1,44669.74,49025.42,49028.61,3.1900000000023283,6.506405137739634e-05
2026-07-27 08:27:00,20179.72,936.12,44669.8,49025.31,49028.61,3.3000000000029104,6.73076393559375e-05
2026-07-27 08:28:00,20180.13,936.63,44669.66,49025.36,49028.615000000005,3.2550000000046566,6.638980113969478e-05
2026-07-27 08:29:00,20179.72,936.89,44669.25,49024.82,49028.62,3.8000000000029104,7.750575072280048e-05
2026-07-27 08:30:00,20180.21,936.99,44669.19,49024.98,49028.625,3.6449999999967986,7.43443243614684e-05
2026-07-27 08:31:00,20180.31,936.53,44669.09,49024.94,49028.63,3.6899999999950523,7.526214785106279e-05
2026-07-27 08:32:00,20179.98,936.4,44669.2,49024.87,49028.634999999995,3.764999999992142,7.679185847193467e-05
2026-07-27 08:33:00,20180.31,936.17,44669.3,49025.09,49028.64,3.5500000000029104,7.240665863876523e-05
2026-07-27 08:34:00,20180.43,936.28,44669.04,49024.92,49028.64,3.720000000001164,7.587401975663947e-05
2026-07-27 08:35:00,20180.32,936.39,44668.85,49024.72,49028.64,3.9199999999982538,7.99532681305917e-05
2026-07-27 08:36:00,20180.42,936.02,44668.96,49024.84,49028.65,3.8100000000049477,7.770966567517049e-05
2026-07-27 08:37:00,20180.31,936.2,44668.6,49024.48,49028.66,4.180000000000291,8.525625623870386e-05
2026-07-27 08:38:00,20180.39,936.76,44668.5,49024.44,49028.66,4.220000000001164,8.607210558071878e-05
2026-07-27 08:39:00,20180.44,936.56,44668.22,49024.21,49028.66,4.450000000004366,9.076323929726747e-05
2026-07-27 08:40:00,20181.2,935.86,44668.48,49024.74,49028.685,3.944999999999709,8.046310032585433e-05
2026-07-27 08:41:00,20180.86,935.74,44668.15,49024.27,49028.71,4.440000000002328,9.055918460841267e-05
2026-07-27 08:42:00,20180.91,935.61,44668.12,49024.25,49028.715,4.4649999999965075,9.106908063971302e-05
2026-07-27 08:43:00,20180.97,935.57,44668.1,49024.27,49028.72,4.450000000004366,9.07631282237098e-05
2026-07-27 08:44:00,20180.77,935.55,44668.02,49024.11,49028.725000000006,4.615000000005239,9.412849304168604e-05
2026-07-27 08:45:00,20180.64,935.47,44667.83,49023.88,49028.73,4.850000000005821,9.892159148331642e-05
2026-07-27 08:46:00,20180.41,935.38,44667.47,49023.46,49028.73,5.2700000000040745,0.00010748799734368143
2026-07-27 08:47:00,20180.62,935.68,44667.67,49023.72,49028.73,5.010000000002037,0.0001021849841919633
2026-07-27 08:48:00,20180.13,935.97,44667.51,49023.38,49028.735,5.355000000003201,0.0001092216635816364
2026-07-27 08:49:00,20180.52,935.7,44667.41,49023.43,49028.74,5.309999999997672,0.00010830382343086264
2026-07-27 08:50:00,20180.79,935.56,44667.19,49023.36,49028.744999999995,5.384999999994761,0.00010983352725008078
2026-07-27 08:51:00,20180.8,934.94,44667.16,49023.31,49028.75,5.440000000002328,0.0001109553068353227
2026-07-27 08:52:00,20180.84,934.52,44667.08,49023.25,49028.75,5.5,0.00011217907860184076
2026-07-27 08:53:00,20180.61,934.43,44666.93,49023.04,49028.75,5.709999999999127,0.00011646227978480232
2026-07-27 08:54:00,20180.5,934.51,44666.75,49022.83,49028.755000000005,5.92500000000291,0.00012084744962426457
2026-07-27 08:55:00,20180.34,934.45,44666.57,49022.6,49028.76,6.1600000000034925,0.00012564054240824145
2026-07-27 08:56:00,20180.13,934.26,44666.34,49022.31,49028.765,6.455000000001746,0.00013165740560672386
2026-07-27 08:57:00,20180.15,934.09,44666.28,49022.27,49028.77,6.5,0.00013257522063066238
2026-07-27 08:58:00,20179.55,934.27,44665.94,49021.74,49028.774999999994,7.0349999999962165,0.00014348716646492223
2026-07-27 08:59:00,20179.21,934.51,44665.77,49021.44,49028.78,7.3399999999965075,0.00014970798783890826
2026-07-27 09:00:00,20179.81,934.17,44665.77,49021.68,49028.78,7.099999999998545,0.0001448129037679205
2026-07-27 09:01:00,20180.14,933.95,44665.86,49021.88,49028.78,6.900000000001455,0.0001407336670421221
2026-07-27 09:02:00,20179.87,933.54,44665.66,49021.58,49028.78,7.19999999999709,0.0001468525221308197
2026-07-27 09:03:00,20180.03,933.15,44665.67,49021.65,49028.78,7.129999999997381,0.0001454247892767754
2026-07-27 09:04:00,20179.86,932.49,44665.77,49021.67,49028.78,7.110000000000582,0.00014501686560425492
2026-07-27 09:05:00,20179.87,932.34,44665.56,49021.48,49028.78,7.299999999995634,0.0001488921404937189
2026-07-27 09:06:00,20180.21,932.05,44665.45,49021.51,49028.785,7.275000000001455,0.00014838222077095026
2026-07-27 09:07:00,20179.8,931.89,44665.46,49021.33,49028.79,7.459999999999127,0.00015215549884056137
2026-07-27 09:08:00,20180.09,931.81,44665.35,49021.35,49028.79,7.440000000002328,0.00015174757525124172
2026-07-27 09:09:00,20180.09,931.87,44665.09,49021.1,49028.79,7.690000000002328,0.00015684662011855336
2026-07-27 09:10:00,20179.86,931.65,44664.83,49020.76,49028.795,8.034999999996217,0.0001638832853223543
2026-07-27 09:11:00,20179.8,931.13,44664.66,49020.58,49028.8,8.220000000001164,0.0001676565610416972
2026-07-27 09:12:00,20180.21,930.94,44664.8,49020.87,49028.81,7.939999999995052,0.0001619455989242866
2026-07-27 09:13:00,20180.3,930.66,44664.61,49020.73,49028.82,8.089999999996508,0.00016500499094199101
2026-07-27 09:14:00,20180.33,930.32,44664.44,49020.58,49028.82,8.239999999997963,0.0001680644159903902
2026-07-27 09:15:00,20180.52,929.98,44664.39,49020.63,49028.82,8.190000000002328,0.00016704460764102274
2026-07-27 09:16:00,20180.97,929.35,44664.39,49020.8,49028.82,8.019999999996799,0.00016357725925275783
2026-07-27 09:17:00,20181.24,928.85,44664.33,49020.84,49028.82,7.980000000003201,0.00016276141257332322
2026-07-27 09:18:00,20181.28,928.56,44664.07,49020.62,49028.84,8.219999999993888,0.00016765642425955598
2026-07-27 09:19:00,20181.51,928.34,44663.91,49020.55,49028.86,8.309999999997672,0.0001694920094001303
2026-07-27 09:20:00,20181.49,928.06,44663.75,49020.4,49028.865000000005,8.465000000003783,0.00017265339509702667
2026-07-27 09:21:00,20181.43,927.91,44663.44,49020.1,49028.87,8.770000000004075,0.000178874202077349
2026-07-27 09:22:00,20181.59,927.9,44663.22,49019.97,49028.880000000005,8.910000000003492,0.00018172962547795282
2026-07-27 09:23:00,20182.08,927.55,44663.03,49020.01,49028.89,8.87999999999738,0.0001811177042759357
2026-07-27 09:24:00,20182.58,927.41,44662.99,49020.15,49028.89,8.739999999997963,0.0001782622449742991
2026-07-27 09:25:00,20182.96,926.93,44662.87,49020.2,49028.89,8.690000000002328,0.00017724243808094224
2026-07-27 09:26:00,20183.27,926.13,44662.73,49020.19,49028.9,8.709999999999127,0.00017765032460445015
2026-07-27 09:27:00,20183.65,925.65,44662.78,49020.37,49028.91,8.540000000000873,0.00017418294634738714
2026-07-27 09:28:00,20183.76,925.3,44662.7,49020.32,49028.91,8.590000000003783,0.0001752027528248901
2026-07-27 09:29:00,20183.85,925.06,44662.63,49020.3,49028.91,8.610000000000582,0.00017561067541580226
2026-07-27 09:30:00,20184.11,924.83,44662.55,49020.33,49028.91,8.580000000001746,0.00017499879152935984
2026-07-27 09:31:00,20184.07,924.4,44662.4,49020.16,49028.91,8.75,0.0001784661335526325
2026-07-27 09:32:00,20183.92,924.19,44662.22,49019.92,49028.915,8.99500000000262,0.0001834631665824671
2026-07-27 09:33:00,20184.19,924.01,44662.38,49020.17,49028.92,8.75,0.00017846609715245615
2026-07-27 09:34:00,20183.95,923.79,44662.2,49019.91,49028.92,9.009999999994761,0.00018376908975345084
2026-07-27 09:35:00,20184.05,923.8,44662.02,49019.78,49028.92,9.139999999999418,0.0001864205860540966
2026-07-27 09:36:00,20184.14,923.63,44661.91,49019.71,49028.93,9.220000000001164,0.00018805223772987018
2026-07-27 09:37:00,20184.48,923.39,44662.0,49019.94,49028.94,9.0,0.00018356505361935216
2026-07-27 09:38:00,20184.68,923.18,44662.0,49020.02,49028.94,8.92000000000553,0.00018193336425395958
2026-07-27 09:39:00,20184.89,922.71,44661.67,49019.78,49028.94,9.160000000003492,0.0001868284323504341
2026-07-27 09:40:00,20185.14,922.52,44661.57,49019.79,49028.94,9.150000000001455,0.00018662447117970436
2026-07-27 09:41:00,20185.54,921.99,44661.3,49019.71,49028.94,9.230000000003201,0.00018825616054524535
2026-07-27 09:42:00,20185.68,922.09,44661.57,49020.02,49028.94,8.92000000000553,0.00018193336425395958
2026-07-27 09:43:00,20185.85,921.55,44661.62,49020.13,49028.94,8.810000000004948,0.00017968979137637786
2026-07-27 09:44:00,20186.08,921.41,44661.57,49020.17,49028.945,8.775000000001455,0.00017897590902683007
2026-07-27 09:45:00,20185.95,921.34,44661.36,49019.91,49028.95,9.039999999993597,0.00018438086069543806
2026-07-27 09:46:00,20186.17,921.06,44661.11,49019.77,49028.955,9.185000000004948,0.00018733827796258248
2026-07-27 09:47:00,20186.29,920.94,44661.19,49019.9,49028.96,9.059999999997672,0.00018478874526397607
2026-07-27 09:48:00,20186.66,920.77,44661.25,49020.1,49028.965,8.864999999997963,0.00018081148561871463
2026-07-27 09:49:00,20186.97,920.36,44661.09,49020.08,49028.97,8.889999999999418,0.00018132136979421385
2026-07-27 09:50:00,20187.23,920.07,44661.04,49020.13,49028.994999999995,8.864999999997963,0.0001808113749832719
2026-07-27 09:51:00,20187.33,919.84,44661.04,49020.16,49029.02,8.859999999993306,0.00018070930236813436
2026-07-27 09:52:00,20187.27,919.79,44661.15,49020.23,49029.03,8.799999999995634,0.00017948550073284408
2026-07-27 09:53:00,20187.31,919.38,44660.98,49020.09,49029.04,8.950000000004366,0.00018254487544533537
2026-07-27 09:54:00,20187.28,919.19,44660.87,49019.98,49029.045,9.064999999995052,0.00018489040526885754
2026-07-27 09:55:00,20187.35,918.88,44660.78,49019.93,49029.05,9.12000000000262,0.00018601217033580334
2026-07-27 09:56:00,20187.91,918.41,44660.95,49020.3,49029.06,8.759999999994761,0.0001786695482229266
2026-07-27 09:57:00,20188.13,918.41,44660.8,49020.24,49029.07,8.830000000001746,0.0001800972361907282
2026-07-27 09:58:00,20188.42,918.21,44660.79,49020.35,49029.07,8.720000000001164,0.00017785366926195345
2026-07-27 09:59:00,20188.61,917.89,44660.8,49020.43,49029.07,8.639999999999418,0.00017622198422281756
2026-07-27 10:00:00,20189.03,917.88,44660.68,49020.49,49029.07,8.580000000001746,0.00017499822044353985
2026-07-27 10:01:00,20189.36,917.63,44660.46,49020.42,49029.07,8.650000000001455,0.00017642594485274665
2026-07-27 10:02:00,20189.44,917.54,44660.47,49020.47,49029.08,8.610000000000582,0.00017561006651563892
2026-07-27 10:03:00,20189.4,917.44,44660.4,49020.38,49029.09,8.709999999999127,0.000177649636164961
2026-07-27 10:04:00,20189.5,917.13,44660.27,49020.3,49029.095,8.794999999998254,0.00017938328251823236
2026-07-27 10:05:00,20189.75,917.1,44660.13,49020.28,49029.1,8.819999999999709,0.00017989316548742908
2026-07-27 10:06:00,20190.01,917.04,44659.97,49020.25,49029.115,8.864999999997963,0.0001808109324428549
2026-07-27 10:07:00,20190.42,917.01,44660.07,49020.5,49029.13,8.62999999999738,0.0001760178081886703
2026-07-27 10:08:00,20190.4,916.86,44659.99,49020.41,49029.134999999995,8.724999999991269,0.00017795541365335673
2026-07-27 10:09:00,20190.73,916.47,44659.86,49020.44,49029.14,8.69999999999709,0.00017744549465883126
2026-07-27 10:10:00,20190.98,916.28,44659.75,49020.43,49029.14,8.709999999999127,0.00017764945499756119
2026-07-27 10:11:00,20190.9,915.83,44659.53,49020.19,49029.14,8.94999999999709,0.00018254450312604075
2026-07-27 10:12:00,20191.14,915.78,44659.69,49020.45,49029.15,8.700000000004366,0.00017744545846714384
2026-07-27 10:13:00,20191.24,915.77,44659.46,49020.28,49029.16,8.880000000004657,0.00018111670687412666
2026-07-27 10:14:00,20191.48,915.69,44659.26,49020.2,49029.16,8.960000000006403,0.00018274838891807246
2026-07-27 10:15:00,20191.74,915.44,44659.21,49020.23,49029.16,8.930000000000291,0.00018213650815148148
2026-07-27 10:16:00,20192.19,914.99,44659.2,49020.41,49029.17,8.759999999994761,0.0001786691473666546
2026-07-27 10:17:00,20192.24,914.75,44658.9,49020.16,49029.18,9.019999999996799,0.00018397207540482623
2026-07-27 10:18:00,20192.3,914.74,44658.84,49020.12,49029.185,9.064999999995052,0.00018488987732500657
2026-07-27 10:19:00,20192.35,914.65,44658.71,49020.01,49029.19,9.180000000000291,0.00018723539997296082
2026-07-27 10:20:00,20192.62,914.33,44658.74,49020.16,49029.2,9.039999999993597,0.0001843799205370187
2026-07-27 10:21:00,20192.68,914.08,44658.38,49019.83,49029.21,9.37999999999738,0.00019131452454562047
2026-07-27 10:22:00,20192.86,913.94,44658.27,49019.8,49029.215,9.414999999993597,0.0001920283651287013
2026-07-27 10:23:00,20193.2,913.52,44658.19,49019.85,49029.22,9.37000000000262,0.0001911105255193254
2026-07-27 10:24:00,20193.71,913.24,44658.21,49020.07,49029.22,9.150000000001455,0.00018662340538971362
2026-07-27 10:25:00,20193.77,912.95,44657.85,49019.76,49029.22,9.459999999999127,0.00019294616557226745
2026-07-27 10:26:00,20193.86,912.64,44657.6,49019.57,49029.225000000006,9.655000000006112,0.0001969233656050266
2026-07-27 10:27:00,20194.26,912.34,44657.55,49019.69,49029.23,9.540000000000873,0.00019457780593333553
2026-07-27 10:28:00,20194.63,912.14,44657.49,49019.78,49029.26,9.480000000003201,0.00019335392783825824
2026-07-27 10:29:00,20194.7,911.83,44657.28,49019.62,49029.29,9.669999999998254,0.00019722904410808832
2026-07-27 10:30:00,20194.89,911.63,44657.24,49019.65,49029.295,9.644999999996799,0.00019671912475993788
2026-07-27 10:31:00,20194.84,911.36,44657.1,49019.49,49029.3,9.810000000004948,0.00020008443930476157
2026-07-27 10:32:00,20194.8,911.05,44656.89,49019.29,49029.305,10.014999999999418,0.0002042655917720926
2026-07-27 10:33:00,20195.17,910.86,44656.8,49019.34,49029.31,9.970000000001164,0.00020334775259943827
2026-07-27 10:34:00,20195.18,910.59,44656.6,49019.17,49029.31,10.139999999999418,0.00020681506633479888
2026-07-27 10:35:00,20195.03,910.38,44656.4,49018.92,49029.31,10.389999999999418,0.0002119140571221463
2026-07-27 10:36:00,20195.04,910.23,44656.11,49018.66,49029.31,10.64999999999418,0.00021721700754088075
2026-07-27 10:37:00,20195.21,909.87,44656.01,49018.61,49029.31,10.69999999999709,0.0002182368056984096
2026-07-27 10:38:00,20195.39,909.36,44655.97,49018.64,49029.315,10.67500000000291,0.000217726884416046
2026-07-27 10:39:00,20195.23,909.07,44655.72,49018.33,49029.32,10.989999999997963,0.00022415158929387484
2026-07-27 10:40:00,20195.84,908.98,44655.8,49018.66,49029.33,10.669999999998254,0.0002176248380305881
2026-07-27 10:41:00,20195.69,908.45,44655.45,49018.26,49029.34,11.07999999999447,0.00022598713341836685
2026-07-27 10:42:00,20196.31,907.69,44655.49,49018.55,49029.34,10.789999999993597,0.00022007230772418308
2026-07-27 10:43:00,20197.02,907.35,44655.45,49018.8,49029.34,10.539999999993597,0.0002149733200567986
2026-07-27 10:44:00,20196.69,906.9,44655.28,49018.49,49029.35,10.860000000000582,0.00022149997909416672
2026-07-27 10:45:00,20196.4,906.28,44655.05,49018.18,49029.36,11.180000000000291,0.0002280266354690392
2026-07-27 10:46:00,20196.47,906.0,44654.95,49018.11,49029.365000000005,11.255000000004657,0.0002295563077352655
2026-07-27 10:47:00,20196.44,905.66,44654.72,49017.89,49029.37,11.480000000003201,0.00023414537041783733
2026-07-27 10:48:00,20196.12,905.34,44654.66,49017.69,49029.375,11.684999999997672,0.00023832651344214914
2026-07-27 10:49:00,20195.9,904.91,44654.63,49017.58,49029.38,11.799999999995634,0.0002406720215510707
2026-07-27 10:50:00,20195.78,904.48,44654.55,49017.45,49029.39,11.940000000002328,0.00024352740264568513
2026-07-27 10:51:00,20195.58,904.37,44654.42,49017.25,49029.4,12.150000000001455,0.000247810497375074
2026-07-27 10:52:00,20195.56,904.22,44654.34,49017.16,49029.405,12.244999999995343,0.00024974808484817107
2026-07-27 10:53:00,20195.2,903.9,44654.25,49016.93,49029.41,12.480000000003201,0.00025454110094335627
2026-07-27 10:54:00,20195.17,903.44,44654.25,49016.91,49029.43,12.519999999996799,0.0002553568336404645
2026-07-27 10:55:00,20195.6,902.9,44654.32,49017.15,49029.45,12.299999999995634,0.00025086963039552015
2026-07-27 10:56:00,20195.63,902.53,44654.29,49017.1,49029.45,12.349999999998545,0.0002518894256410901
2026-07-27 10:57:00,20195.86,902.07,44654.25,49017.15,49029.45,12.299999999995634,0.00025086963039552015
2026-07-27 10:58:00,20196.32,901.48,44654.35,49017.43,49029.46,12.029999999998836,0.000245362686025888
2026-07-27 10:59:00,20196.15,901.15,44654.34,49017.34,49029.47,12.130000000004657,0.0002474022256411227
2026-07-27 11:00:00,20196.2,900.68,44654.32,49017.33,49029.479999999996,12.14999999999418,0.00024781009302962583
2026-07-27 11:01:00,20196.65,900.03,44654.33,49017.53,49029.49,11.959999999999127,0.0002439348237152605
2026-07-27 11:02:00,20196.35,899.73,44654.39,49017.46,49029.5,12.040000000000873,0.0002455664446914791
2026-07-27 11:03:00,20196.01,899.43,44654.41,49017.33,49029.51,12.180000000000291,0.00024842181779912326
2026-07-27 11:04:00,20195.35,899.34,44654.51,49017.15,49029.515,12.364999999997963,0.0002521950298712513
2026-07-27 11:05:00,20194.91,899.02,44654.75,49017.18,49029.52,12.339999999996508,0.00025168510725776037
2026-07-27 11:06:00,20194.33,898.61,44654.67,49016.86,49029.52,12.659999999996217,0.0002582117875107938
2026-07-27 11:07:00,20194.74,898.51,44654.76,49017.13,49029.52,12.389999999999418,0.00025270490104735714
2026-07-27 11:08:00,20194.84,898.34,44654.73,49017.13,49029.52,12.389999999999418,0.00025270490104735714
2026-07-27 11:09:00,20194.89,898.01,44654.76,49017.16,49029.52,12.359999999993306,0.00025209302477351007
2026-07-27 11:10:00,20194.96,897.46,44654.86,49017.27,49029.524999999994,12.25499999999738,0.0002499514323256728
2026-07-27 11:11:00,20195.39,896.97,44655.03,49017.6,49029.53,11.930000000000291,0.00024332274855582526
2026-07-27 11:12:00,20195.59,896.76,44655.21,49017.83,49029.54,11.709999999999127,0.00023883560808441454
2026-07-27 11:13:00,20195.65,896.09,44655.16,49017.81,49029.55,11.740000000005239,0.00023944743527128513
2026-07-27 11:14:00,20196.04,895.48,44655.48,49018.24,49029.565,11.325000000004366,0.00023098308133071067
2026-07-27 11:15:00,20196.29,894.95,44655.52,49018.38,49029.58,11.200000000004366,0.0002284335293103544
2026-07-27 11:16:00,20196.47,894.77,44655.78,49018.68,49029.595,10.915000000000873,0.00022262064371530855
2026-07-27 11:17:00,20196.2,894.25,44655.78,49018.55,49029.61,11.059999999997672,0.0002255779721681994
2026-07-27 11:18:00,20196.15,893.43,44655.67,49018.45,49029.615000000005,11.165000000008149,0.00022771951197267504
2026-07-27 11:19:00,20196.08,893.09,44655.68,49018.39,49029.62,11.230000000003201,0.00022904521797238487
2026-07-27 11:20:00,20196.41,892.66,44655.97,49018.81,49029.62,10.810000000004948,0.00022047896761192412
2026-07-27 11:21:00,20195.93,892.57,44656.02,49018.62,49029.62,11.0,0.00022435417610823822
2026-07-27 11:22:00,20195.67,892.41,44656.07,49018.57,49029.625,11.055000000000291,0.00022547592399493758
2026-07-27 11:23:00,20195.58,892.11,44656.23,49018.65,49029.63,10.979999999995925,0.00022394621374862355
2026-07-27 11:24:00,20195.89,891.67,44656.35,49018.89,49029.634999999995,10.744999999995343,0.00021915317134209433
2026-07-27 11:25:00,20196.09,891.08,44656.39,49019.01,49029.64,10.62999999999738,0.0002168076290178223
2026-07-27 11:26:00,20196.08,890.62,44656.33,49018.94,49029.645000000004,10.705000000001746,0.00021833729369245372
2026-07-27 11:27:00,20196.62,890.22,44656.59,49019.39,49029.65,10.260000000002037,0.0002092611307647931
2026-07-27 11:28:00,20196.76,889.92,44656.71,49019.56,49029.655,10.095000000001164,0.00020589579918523114
2026-07-27 11:29:00,20196.46,889.65,44656.59,49019.32,49029.66,10.340000000003783,0.0002108927534884758
2026-07-27 11:30:00,20197.06,889.09,44656.83,49019.79,49029.675,9.885000000002037,0.00020161259482144307
2026-07-27 11:31:00,20196.99,888.64,44656.85,49019.78,49029.69,9.910000000003492,0.00020212242826751488
2026-07-27 11:32:00,20197.2,888.02,44656.98,49019.95,49029.695,9.74500000000262,0.0001987571001614964
2026-07-27 11:33:00,20197.57,887.5,44657.19,49020.29,49029.7,9.409999999996217,0.00019192448658662437
2026-07-27 11:34:00,20197.64,886.81,44657.3,49020.39,49029.7,9.309999999997672,0.00018988490649540324
2026-07-27 11:35:00,20197.69,886.37,44657.25,49020.37,49029.7,9.32999999999447,0.0001902928225135881
2026-07-27 11:36:00,20197.74,885.79,44657.39,49020.5,49029.71,9.209999999999127,0.0001878452880916311
2026-07-27 11:37:00,20197.16,885.48,44657.24,49020.12,49029.72,9.599999999998545,0.00019579960889025156
2026-07-27 11:38:00,20196.88,884.94,44657.4,49020.16,49029.725000000006,9.565000000002328,0.0001950857362549418
2026-07-27 11:39:00,20196.83,884.41,44657.25,49019.98,49029.73,9.75,0.0001988589372203355
2026-07-27 11:40:00,20197.42,884.09,44657.38,49020.35,49029.735,9.385000000002037,0.00019141445492214137
2026-07-27 11:41:00,20196.16,883.92,44657.17,49019.63,49029.74,10.110000000000582,0.00020620137899977813
2026-07-27 11:42:00,20195.22,883.37,44657.25,49019.31,49029.75,10.440000000002328,0.00021293194438075513
2026-07-27 11:43:00,20194.79,883.17,44657.33,49019.21,49029.76,10.55000000000291,0.00021517543630649854
2026-07-27 11:44:00,20195.22,882.82,44657.23,49019.3,49029.765,10.464999999996508,0.00021344177358379157
2026-07-27 11:45:00,20195.19,882.77,44657.02,49019.08,49029.77,10.689999999995052,0.0002180308004707151
2026-07-27 11:46:00,20195.27,882.11,44656.97,49019.06,49029.78999999999,10.729999999995925,0.00021884654207158396
2026-07-27 11:47:00,20195.93,881.62,44657.17,49019.51,49029.81,10.299999999995634,0.00021007627808461088
2026-07-27 11:48:00,20195.78,881.43,44657.13,49019.41,49029.82,10.409999999996217,0.00021231976784732672
2026-07-27 11:49:00,20196.12,880.9,44656.74,49019.17,49029.83,10.660000000003492,0.00021741866125180308
2026-07-27 11:50:00,20196.08,880.54,44656.53,49018.96,49029.835,10.875,0.00022180372420180488
2026-07-27 11:51:00,20196.75,880.15,44656.75,49019.43,49029.84,10.409999999996217,0.00021231968123893973
2026-07-27 11:52:00,20196.42,879.88,44656.5,49019.07,49029.845,10.775000000001455,0.00021976410490388975
2026-07-27 11:53:00,20196.87,879.34,44656.3,49019.07,49029.85,10.779999999998836,0.00021986606118515223
2026-07-27 11:54:00,20196.87,879.06,44656.24,49019.0,49029.854999999996,10.854999999995925,0.00022139571899602652
2026-07-27 11:55:00,20197.52,878.35,44656.23,49019.24,49029.86,10.62000000000262,0.00021660269884520616
2026-07-27 11:56:00,20197.56,877.81,44656.07,49019.09,49029.865000000005,10.775000000008731,0.0002197640152590412
2026-07-27 11:57:00,20197.65,877.46,44656.01,49019.08,49029.87,10.790000000000873,0.00022006992880056327
2026-07-27 11:58:00,20197.5,876.93,44655.87,49018.9,49029.87,10.970000000001164,0.00022374116023561073
2026-07-27 11:59:00,20197.56,876.56,44655.74,49018.78,49029.87,11.090000000003783,0.00022618864785902519
2026-07-27 12:00:00,20197.61,876.09,44655.57,49018.66,49029.875,11.214999999996508,0.00022873809080680926
2026-07-27 12:01:00,20197.64,875.71,44655.51,49018.6,49029.87,11.270000000004075,0.00022985987929407265
2026-07-27 12:02:00,20197.63,875.19,44655.35,49018.47,49029.87,11.400000000001455,0.000232511324219327
2026-07-27 12:03:00,20198.08,874.5,44655.43,49018.68,49029.87,11.190000000002328,0.00022822822087846303
2026-07-27 12:04:00,20197.84,874.09,44655.07,49018.25,49029.865000000005,11.615000000005239,0.00023689643036963772
2026-07-27 12:05:00,20198.08,873.42,44655.0,49018.29,49029.86,11.569999999999709,0.00023597864648195423
2026-07-27 12:06:00,20198.56,872.73,44655.07,49018.52,49029.854999999996,11.334999999999127,0.00023118567248463467
2026-07-27 12:07:00,20198.06,872.57,44654.73,49018.02,49029.85,11.830000000001746,0.00024128158662532612
2026-07-27 12:08:00,20197.79,872.37,44654.49,49017.69,49029.845,12.154999999998836,0.0002479102269240059
2026-07-27 12:09:00,20197.81,871.94,44654.32,49017.54,49029.84,12.299999999995634,0.00025086763489327385
2026-07-27 12:10:00,20198.02,871.38,44654.14,49017.46,49029.835,12.375,0.00025239734133308833
2026-07-27 12:11:00,20197.44,870.91,44654.05,49017.12,49029.83,12.709999999999127,0.00025922994226166245
2026-07-27 12:12:00,20197.1,870.62,44653.85,49016.79,49029.82,13.029999999998836,0.0002657566354516259
2026-07-27 12:13:00,20196.51,870.49,44653.5,49016.24,49029.83,13.590000000003783,0.0002771781994757841
2026-07-27 12:14:00,20196.72,870.18,44653.41,49016.23,49029.84,13.609999999993306,0.00027758605779650323
2026-07-27 12:15:00,20196.46,869.98,44653.29,49016.01,49029.85,13.839999999996508,0.00028227702103915284
2026-07-27 12:16:00,20195.96,869.83,44653.0,49015.54,49029.854999999996,14.314999999995052,0.0002919649670592551
2026-07-27 12:17:00,20196.08,869.5,44652.84,49015.45,49029.86,14.410000000003492,0.0002939025320489084
2026-07-27 12:18:00,20196.89,868.92,44652.83,49015.75,49029.865000000005,14.115000000005239,0.00028788576105614886
2026-07-27 12:19:00,20196.21,868.75,44652.52,49015.18,49029.87,14.690000000002328,0.00029961327655982626
2026-07-27 12:20:00,20194.93,868.41,44652.23,49014.4,49029.87,15.470000000001164,0.0003155219461116491
2026-07-27 12:21:00,20194.91,868.22,44652.13,49014.27,49029.87,15.60000000000582,0.0003181733910370519
2026-07-27 12:22:00,20194.63,868.14,44652.01,49014.05,49029.875,15.82499999999709,0.0003227623974158019
2026-07-27 12:23:00,20193.82,868.17,44651.72,49013.47,49029.88,16.409999999996217,0.00033469386423128544
2026-07-27 12:24:00,20193.89,867.74,44651.65,49013.43,49029.884999999995,16.45499999999447,0.00033561163767760157
2026-07-27 12:25:00,20194.77,867.24,44651.67,49013.79,49029.89,16.099999999998545,0.0003283711221868649
2026-07-27 12:26:00,20193.65,866.95,44651.25,49012.93,49029.89,16.959999999999127,0.0003459114429993444
2026-07-27 12:27:00,20192.07,867.12,44651.05,49012.13,49029.89,17.760000000002037,0.0003622280204993737
2026-07-27 12:28:00,20190.89,867.2,44650.78,49011.4,49029.89,18.489999999997963,0.00037711689746801314
2026-07-27 12:29:00,20191.04,867.32,44650.76,49011.45,49029.89,18.44000000000233,0.00037609711137435406
2026-07-27 12:30:00,20191.64,867.23,44650.7,49011.65,49029.9,18.25,0.00037222184830073077
2026-07-27 12:31:00,20192.05,866.67,44650.85,49011.94,49029.91,17.970000000001164,0.00036651097258798076
2026-07-27 12:32:00,20192.67,866.4,44650.82,49012.17,49029.91,17.74000000000524,0.0003618199584703549
2026-07-27 12:33:00,20193.21,865.59,44650.52,49012.1,49029.91,17.810000000004948,0.0003632476584192169
2026-07-27 12:34:00,20193.61,865.26,44650.36,49012.09,49029.91,17.820000000006985,0.000363451615554811
2026-07-27 12:35:00,20193.45,864.74,44650.27,49011.92,49029.91,17.99000000000524,0.000366918886859169
2026-07-27 12:36:00,20192.71,864.48,44650.05,49011.42,49029.91,18.49000000000524,0.00037711674363679715
2026-07-27 12:37:00,20193.44,864.16,44650.14,49011.8,49029.91,18.110000000000582,0.00036936637248570476
2026-07-27 12:38:00,20193.82,863.7,44650.08,49011.87,49029.91,18.040000000000873,0.00036793867253684273
2026-07-27 12:39:00,20193.06,863.5,44649.88,49011.39,49029.91,18.520000000004075,0.0003777286150434311
2026-07-27 12:40:00,20192.73,863.23,44649.54,49010.93,49029.9,18.970000000001164,0.0003869067650556327
2026-07-27 12:41:00,20192.58,862.99,44649.43,49010.78,49029.89,19.110000000000582,0.00038976224503054326
2026-07-27 12:42:00,20192.61,862.78,44649.34,49010.72,49029.89,19.169999999998254,0.0003909859883429935
2026-07-27 12:43:00,20192.99,862.48,44649.39,49010.92,49029.89,18.970000000001164,0.0003869068439680604
2026-07-27 12:44:00,20193.55,861.83,44649.36,49011.09,49029.89,18.80000000000291,0.0003834395712493524
2026-07-27 12:45:00,20194.07,861.02,44649.21,49011.16,49029.89,18.729999999995925,0.00038201187071796255
2026-07-27 12:46:00,20194.14,860.53,44649.1,49011.08,49029.884999999995,18.804999999993015,0.0003835415889715633
2026-07-27 12:47:00,20194.28,860.24,44649.17,49011.2,49029.88,18.68000000000029,0.0003809921623304053
2026-07-27 12:48:00,20194.19,859.71,44648.8,49010.84,49029.875,19.035000000003492,0.00038823268466426833
2026-07-27 12:49:00,20194.35,859.31,44648.91,49010.98,49029.87,18.889999999999418,0.0003852753433774027
2026-07-27 12:50:00,20194.29,858.91,44648.87,49010.91,49029.87,18.959999999999127,0.00038670304449102405
2026-07-27 12:51:00,20194.15,858.35,44648.79,49010.77,49029.87,19.10000000000582,0.0003895584467184151
2026-07-27 12:52:00,20194.34,858.18,44648.95,49010.98,49029.87,18.889999999999418,0.0003852753433774027
2026-07-27 12:53:00,20194.57,857.68,44648.98,49011.11,49029.87,18.760000000002037,0.00038262389845214836
2026-07-27 12:54:00,20194.18,857.41,44648.98,49010.94,49029.875,18.93499999999767,0.00038619311185267497
2026-07-27 12:55:00,20194.06,857.08,44649.01,49010.9,49029.88,18.979999999995925,0.0003871108801407616
2026-07-27 12:56:00,20193.69,856.99,44648.9,49010.65,49029.884999999995,19.234999999993306,0.0003923117502721719
2026-07-27 12:57:00,20193.72,856.93,44648.9,49010.66,49029.89,19.229999999995925,0.0003922097316554438
2026-07-27 12:58:00,20193.56,856.59,44648.85,49010.54,49029.89,19.349999999998545,0.00039465721828049267
2026-07-27 12:59:00,20193.27,856.51,44648.65,49010.23,49029.89,19.659999999996217,0.0004009798920616835
2026-07-27 13:00:00,20192.86,856.23,44648.59,49010.0,49029.89,19.889999999999418,0.0004056709080929902
2026-07-27 13:01:00,20192.76,856.04,44648.74,49010.1,49029.89,19.790000000000873,0.0004036313359055236
2026-07-27 13:02:00,20192.95,855.58,44648.82,49010.25,49029.9,19.650000000001455,0.0004007758531019124
2026-07-27 13:03:00,20192.78,855.4,44648.85,49010.21,49029.91,19.700000000004366,0.00040179555703863954
2026-07-27 13:04:00,20192.78,855.2,44649.1,49010.43,49029.91,19.4800000000032,0.00039730850005645943
2026-07-27 13:05:00,20192.67,854.97,44649.12,49010.4,49029.91,19.510000000002037,0.00039792037146309337
2026-07-27 13:06:00,20192.57,854.91,44649.11,49010.36,49029.91,19.55000000000291,0.0003987362000053214
2026-07-27 13:07:00,20192.53,854.66,44649.15,49010.37,49029.91,19.540000000000873,0.0003985322428697273
2026-07-27 13:08:00,20192.43,854.55,44649.28,49010.45,49029.915,19.465000000003783,0.00039700252386739367
2026-07-27 13:09:00,20192.12,854.33,44649.37,49010.39,49029.92,19.529999999998836,0.00039832820449225363
2026-07-27 13:10:00,20192.08,853.96,44649.26,49010.26,49029.93,19.669999999998254,0.0004011835219833733
2026-07-27 13:11:00,20192.36,853.66,44649.48,49010.57,49029.94,19.37000000000262,0.0003950647298365574
2026-07-27 13:12:00,20192.8,852.98,44649.64,49010.89,49029.945,19.05500000000029,0.0003886400443647304
2026-07-27 13:13:00,20193.28,852.81,44649.85,49011.28,49029.95,18.669999999998254,0.0003807876614191582
2026-07-27 13:14:00,20193.08,852.89,44649.83,49011.17,49029.955,18.785000000003492,0.0003831331274932537
2026-07-27 13:15:00,20192.97,852.77,44649.71,49011.01,49029.96,18.94999999999709,0.00038649837772653883
2026-07-27 13:16:00,20192.49,852.93,44649.76,49010.86,49029.965,19.104999999995925,0.0003896596703668038
2026-07-27 13:17:00,20192.44,852.6,44649.92,49010.97,49029.97,19.0,0.00038751808332740156
2026-07-27 13:18:00,20192.01,852.85,44649.9,49010.78,49029.97,19.19000000000233,0.0003913932641607231
2026-07-27 13:19:00,20191.13,852.89,44649.52,49010.06,49029.97,19.910000000003492,0.0004060781599499957
2026-07-27 13:20:00,20191.23,852.79,44649.58,49010.18,49029.979999999996,19.799999999995634,0.0004038345518394182
2026-07-27 13:21:00,20191.93,852.61,44649.8,49010.66,49029.99,19.32999999999447,0.0003942484997446353
2026-07-27 13:22:00,20192.28,852.44,44649.89,49010.89,49029.99,19.099999999998545,0.00038955749328112337
2026-07-27 13:23:00,20191.93,852.62,44649.84,49010.7,49029.99,19.290000000000873,0.0003934326725337059
2026-07-27 13:24:00,20192.86,851.98,44649.96,49011.18,49029.994999999995,18.814999999995052,0.00038374468526858004
2026-07-27 13:25:00,20192.89,851.57,44650.06,49011.28,49030.0,18.720000000001164,0.0003818070569039601
2026-07-27 13:26:00,20192.19,851.71,44649.92,49010.85,49030.025,19.17500000000291,0.0003910868901250389
2026-07-27 13:27:00,20191.89,852.0,44650.14,49010.93,49030.05,19.12000000000262,0.00038996492967073495
2026-07-27 13:28:00,20191.44,851.96,44650.2,49010.81,49030.055,19.24500000000262,0.00039251434655748643
2026-07-27 13:29:00,20190.74,852.08,44650.22,49010.55,49030.06,19.50999999999476,0.0003979191540861823
2026-07-27 13:30:00,20190.64,852.02,44650.42,49010.7,49030.065,19.36500000000524,0.0003949617443910229
2026-07-27 13:31:00,20190.69,851.76,44650.65,49010.94,49030.07,19.12999999999738,0.0003901687270688657
2026-07-27 13:32:00,20189.53,852.32,44650.8,49010.6,49030.134999999995,19.534999999996217,0.00039842843589959966
2026-07-27 13:33:00,20188.79,852.48,44650.89,49010.37,49030.2,19.82999999999447,0.00040444460760907504
2026-07-27 13:34:00,20189.71,852.44,44650.97,49010.84,49030.2,19.360000000000582,0.00039485867893666724
2026-07-27 13:35:00,20190.37,852.32,44651.03,49011.16,49030.2,19.039999999993597,0.0003883320892020346
2026-07-27 13:36:00,20190.11,852.22,44651.14,49011.15,49030.215,19.064999999995052,0.00038884186006516705
2026-07-27 13:37:00,20190.43,851.79,44651.41,49011.53,49030.23,18.700000000004366,0.00038139735424460306
2026-07-27 13:38:00,20191.38,851.25,44651.69,49012.16,49030.235,18.07499999999709,0.00036865007887474104
2026-07-27 13:39:00,20192.21,850.47,44651.71,49012.51,49030.24,17.729999999995925,0.0003616135674635883
2026-07-27 13:40:00,20192.08,850.61,44652.06,49012.77,49030.244999999995,17.474999999998545,0.0003564126591657567
2026-07-27 13:41:00,20191.45,850.3,44652.18,49012.61,49030.25,17.639999999999418,0.00035977789221958726
2026-07-27 13:42:00,20191.48,850.32,44652.41,49012.82,49030.25,17.43000000000029,0.00035549482207413363
2026-07-27 13:43:00,20191.54,850.22,44652.47,49012.9,49030.25,17.349999999998545,0.00035386317630439464
2026-07-27 13:44:00,20191.71,850.21,44652.59,49013.09,49030.285,17.195000000006985,0.0003507016122791655
2026-07-27 13:45:00,20191.89,850.01,44652.76,49013.31,49030.32,17.010000000002037,0.00034692818647730705
2026-07-27 13:46:00,20191.27,850.12,44652.83,49013.11,49030.325,17.214999999996508,0.0003511092369874462
2026-07-27 13:47:00,20190.87,850.23,44652.82,49012.94,49030.33,17.389999999999418,0.00035467842047971976
2026-07-27 13:48:00,20190.87,850.1,44652.96,49013.06,49030.335,17.275000000001455,0.0003523328975827201
2026-07-27 13:49:00,20191.11,849.99,44653.06,49013.24,49030.34,17.099999999998545,0.0003487636430830083
2026-07-27 13:50:00,20191.42,850.03,44653.2,49013.53,49030.345,16.81500000000233,0.00034295088072503523
2026-07-27 13:51:00,20191.29,850.0,44653.39,49013.63,49030.35,16.720000000001164,0.00034101327035195885
2026-07-27 13:52:00,20190.7,850.04,44653.42,49013.42,49030.35,16.93000000000029,0.0003452963317618637
2026-07-27 13:53:00,20190.58,849.95,44653.41,49013.37,49030.35,16.979999999995925,0.0003463161082879467
2026-07-27 13:54:00,20190.76,850.04,44653.77,49013.76,49030.35,16.589999999996508,0.0003383618513838165
2026-07-27 13:55:00,20190.33,850.16,44653.59,49013.4,49030.35,16.94999999999709,0.0003457042423722672
2026-07-27 13:56:00,20190.53,850.12,44653.69,49013.61,49030.369999999995,16.75999999999476,0.00034182895213710936
2026-07-27 13:57:00,20190.96,849.93,44654.02,49014.11,49030.39,16.279999999998836,0.0003320389660371626
2026-07-27 13:58:00,20190.64,850.11,44654.34,49014.27,49030.4,16.130000000004657,0.0003289795718575548
2026-07-27 13:59:00,20190.35,850.03,44654.48,49014.27,49030.41,16.140000000006694,0.0003291834598161976
2026-07-27 14:00:00,20189.86,850.03,44654.59,49014.17,49030.42,16.25,0.000331426897831999
2026-07-27 14:01:00,20189.48,850.16,44654.79,49014.2,49030.43,16.2300000000032,0.0003310189202909948
2026-07-27 14:02:00,20189.64,850.27,44655.27,49014.68,49030.46,15.779999999998836,0.0003218407496074652
2026-07-27 14:03:00,20189.56,850.35,44655.36,49014.74,49030.49,15.75,0.0003212286885160642
2026-07-27 14:04:00,20189.38,850.52,44655.46,49014.74,49030.494999999995,15.75499999999738,0.00032133063310899436
2026-07-27 14:05:00,20188.4,850.9,44655.36,49014.27,49030.5,16.2300000000032,0.00033101844770098613
2026-07-27 14:06:00,20188.83,850.7,44655.62,49014.69,49030.54,15.849999999998545,0.00032326790608462695
2026-07-27 14:07:00,20189.3,850.55,44655.96,49015.17,49030.58,15.410000000003492,0.0003142936510235753
2026-07-27 14:08:00,20189.82,850.45,44656.18,49015.57,49030.600000000006,15.030000000006112,0.0003065432607393365
2026-07-27 14:09:00,20189.56,850.41,44656.16,49015.45,49030.62,15.17000000000553,0.00030939849424717716
2026-07-27 14:10:00,20189.06,850.47,44656.3,49015.37,49030.630000000005,15.260000000002037,0.0003112340184085343
2026-07-27 14:11:00,20189.04,850.32,44656.55,49015.57,49030.64,15.069999999999709,0.0003073588270518131
2026-07-27 14:12:00,20188.98,850.24,44656.78,49015.75,49030.67,14.919999999998254,0.0003042993293789021
2026-07-27 14:13:00,20188.58,850.23,44656.68,49015.49,49030.7,15.209999999999127,0.0003102138048202275
2026-07-27 14:14:00,20188.61,850.24,44656.87,49015.68,49030.72,15.040000000000873,0.0003067464642575282
2026-07-27 14:15:00,20188.7,850.22,44657.19,49016.02,49030.74,14.720000000001164,0.0003002198212794905
2026-07-27 14:16:00,20188.44,850.35,44657.45,49016.17,49030.74,14.569999999999709,0.0002971605160354445
2026-07-27 14:17:00,20188.1,850.52,44657.57,49016.15,49030.74,14.589999999996508,0.00029756842340124804
2026-07-27 14:18:00,20187.98,850.32,44657.6,49016.12,49030.744999999995,14.624999999992724,0.00029828223087356156
2026-07-27 14:19:00,20188.48,850.26,44657.89,49016.58,49030.75,14.169999999998254,0.00028900230977495255
2026-07-27 14:20:00,20187.6,850.18,44657.99,49016.29,49030.759999999995,14.469999999993888,0.0002951208588240095
2026-07-27 14:21:00,20187.19,850.26,44658.34,49016.45,49030.77,14.319999999999709,0.00029206149526103117
2026-07-27 14:22:00,20186.12,850.51,44658.48,49016.14,49030.77,14.62999999999738,0.00029838405556342236
2026-07-27 14:23:00,20185.25,850.74,44658.56,49015.86,49030.77,14.909999999996217,0.0003040947551914077
2026-07-27 14:24:00,20184.41,851.31,44658.81,49015.75,49030.774999999994,15.02499999999418,0.0003064401898602292
2026-07-27 14:25:00,20184.27,851.45,44659.0,49015.88,49030.78,14.900000000001455,0.00030389073965377374
2026-07-27 14:26:00,20184.09,851.75,44658.91,49015.73,49030.785,15.055000000000291,0.0003070519878480487
2026-07-27 14:27:00,20184.36,851.86,44659.53,49016.4,49030.79,14.389999999999418,0.00029348905045175526
2026-07-27 14:28:00,20183.97,852.07,44659.63,49016.35,49030.805,14.455000000001746,0.00029481465784626104
2026-07-27 14:29:00,20183.81,852.03,44659.78,49016.42,49030.82,14.400000000001455,0.0002936928242277297
2026-07-27 14:30:00,20183.71,852.03,44659.96,49016.54,49030.82,14.279999999998836,0.0002912453840257788
2026-07-27 14:31:00,20183.31,852.65,44660.17,49016.57,49030.82,14.25,0.0002906335239753282
2026-07-27 14:32:00,20182.37,852.63,44660.19,49016.22,49030.825,14.604999999995925,0.000297873837529675
2026-07-27 14:33:00,20183.82,852.45,44660.81,49017.38,49030.83,13.450000000004366,0.00027431720001485526
2026-07-27 14:34:00,20182.96,852.96,44660.74,49016.99,49030.845,13.855000000003201,0.00028257722256271945
2026-07-27 14:35:00,20183.66,853.11,44660.87,49017.38,49030.86,13.480000000003201,0.00027492889172254375
2026-07-27 14:36:00,20184.08,852.9,44661.19,49017.84,49030.865000000005,13.025000000008731,0.00026564899477112485
2026-07-27 14:37:00,20183.7,853.49,44661.45,49017.91,49030.87,12.959999999999127,0.0002643232722568277
2026-07-27 14:38:00,20183.07,853.67,44661.57,49017.77,49030.875,13.105000000003201,0.00026728056556207087
2026-07-27 14:39:00,20182.73,853.66,44661.78,49017.83,49030.88,13.049999999995634,0.00026615879625239514
2026-07-27 14:40:00,20182.79,853.81,44661.91,49017.96,49030.884999999995,12.924999999995634,0.00026360935561321475
2026-07-27 14:41:00,20182.79,854.54,44662.18,49018.22,49030.89,12.669999999998254,0.0002584085257273171
2026-07-27 14:42:00,20182.55,854.74,44662.31,49018.25,49030.89,12.639999999999418,0.00025779666655040154
2026-07-27 14:43:00,20183.51,854.52,44662.8,49019.09,49030.89,11.80000000000291,0.00024066460959617315
2026-07-27 14:44:00,20184.26,854.49,44662.81,49019.4,49030.89,11.489999999997963,0.00023434206476769976
2026-07-27 14:45:00,20184.34,854.66,44662.98,49019.58,49030.89,11.309999999997672,0.0002306709097060582
2026-07-27 14:46:00,20184.12,854.46,44662.77,49019.3,49030.895000000004,11.595000000001164,0.000236483547771281
2026-07-27 14:47:00,20183.79,854.66,44662.99,49019.36,49030.9,11.540000000000873,0.00023536178205990247
2026-07-27 14:48:00,20183.11,855.16,44663.18,49019.3,49030.9,11.599999999998545,0.00023658550016415248
2026-07-27 14:49:00,20182.87,855.82,44663.84,49019.81,49030.9,11.090000000003783,0.00022618389627773063
2026-07-27 14:50:00,20182.79,856.05,44663.79,49019.73,49030.905,11.174999999995634,0.000227917473683091
2026-07-27 14:51:00,20182.45,856.34,44663.95,49019.72,49030.91,11.190000000002328,0.00022822337990468312
2026-07-27 14:52:00,20182.31,856.36,44664.04,49019.74,49030.92,11.180000000000291,0.00022801938042362434
2026-07-27 14:53:00,20182.16,857.0,44664.51,49020.12,49030.93,10.809999999997672,0.0002204730768924365
2026-07-27 14:54:00,20182.26,857.22,44664.77,49020.4,49030.935,10.534999999996217,0.0002148643504350104
2026-07-27 14:55:00,20182.57,857.25,44664.9,49020.67,49030.94,10.270000000004075,0.0002094595779726857
2026-07-27 14:56:00,20182.74,857.24,44665.11,49020.95,49030.945,9.99500000000262,0.00020385085378229236
2026-07-27 14:57:00,20182.3,857.69,44665.13,49020.79,49030.95,10.159999999996217,0.0002072160543492675
2026-07-27 14:58:00,20182.35,858.08,44665.35,49021.0,49030.965,9.964999999996508,0.00020323891238927295
2026-07-27 14:59:00,20182.62,858.2,44665.56,49021.31,49030.98,9.67000000000553,0.00019722224601681487
2026-07-27 15:00:00,20182.39,858.56,44665.66,49021.29,49030.990000000005,9.700000000004366,0.00019783406372182909
2026-07-27 15:01:00,20182.67,858.73,44665.99,49021.71,49031.0,9.290000000000873,0.00018947196671495326
2026-07-27 15:02:00,20182.59,859.04,44666.19,49021.86,49031.0,9.139999999999418,0.0001864126776936921
2026-07-27 15:03:00,20182.32,859.39,44666.26,49021.84,49031.0,9.160000000003492,0.00018682058289660607
2026-07-27 15:04:00,20181.86,859.96,44666.47,49021.86,49031.015,9.154999999998836,0.00018671854947320253
2026-07-27 15:05:00,20181.75,860.11,44666.63,49021.95,49031.03,9.080000000001746,0.00018518884877600464
2026-07-27 15:06:00,20181.41,860.47,44666.52,49021.71,49031.035,9.325000000004366,0.0001901856650589645
2026-07-27 15:07:00,20181.75,860.57,44666.56,49021.92,49031.04,9.12000000000262,0.00018600462074642144
2026-07-27 15:08:00,20182.21,860.8,44666.89,49022.39,49031.065,8.67500000000291,0.00017692864717506972
2026-07-27 15:09:00,20182.27,860.96,44667.1,49022.62,49031.09,8.469999999993888,0.0001727475363079607
2026-07-27 15:10:00,20182.23,860.79,44667.23,49022.71,49031.09,8.37999999999738,0.00017091196626461662
2026-07-27 15:11:00,20182.44,860.83,44667.22,49022.79,49031.14,8.349999999998545,0.00017029993591824593
2026-07-27 15:12:00,20182.8,861.21,44667.52,49023.21,49031.155,7.944999999999709,0.00016203982957366004
2026-07-27 15:13:00,20182.6,861.62,44667.65,49023.26,49031.17,7.9099999999962165,0.00016132594837113242
2026-07-27 15:14:00,20182.03,861.92,44667.74,49023.1,49031.18,8.080000000001746,0.00016479309696404911
2026-07-27 15:15:00,20181.54,862.35,44667.84,49023.01,49031.19,8.180000000000291,0.0001668325814649877
2026-07-27 15:16:00,20181.12,862.94,44668.18,49023.12,49031.175,8.055000000000291,0.00016428323408525884
2026-07-27 15:17:00,20180.16,863.49,44668.05,49022.63,49031.21,8.580000000001746,0.00017499058252900033
2026-07-27 15:18:00,20179.92,863.77,44668.19,49022.67,49031.125,8.455000000001746,0.00017244148487316466
2026-07-27 15:19:00,20179.44,864.25,44668.1,49022.39,49031.04,8.650000000001455,0.00017641885630003881
2026-07-27 15:20:00,20179.21,864.84,44668.31,49022.5,49031.020000000004,8.520000000004075,0.00017376754552534445
2026-07-27 15:21:00,20177.92,865.56,44668.27,49021.95,49031.0,9.05000000000291,0.00018457710428102447
2026-07-27 15:22:00,20177.54,866.12,44668.13,49021.69,49030.990000000005,9.30000000000291,0.00018967595800131528
2026-07-27 15:23:00,20178.88,866.3,44668.37,49022.46,49030.98,8.520000000004075,0.0001737676872867741
2026-07-27 15:24:00,20179.55,866.3,44668.54,49022.91,49030.955,8.044999999998254,0.00016408001842913836
2026-07-27 15:25:00,20179.26,866.39,44668.49,49022.75,49030.93,8.180000000000291,0.0001668334661406645
2026-07-27 15:26:00,20179.14,866.71,44668.52,49022.72,49030.92,8.19999999999709,0.0001672414060351527
2026-07-27 15:27:00,20180.09,866.64,44668.63,49023.21,49030.91,7.700000000004366,0.00015704379135537898
2026-07-27 15:28:00,20181.46,866.68,44668.87,49024.0,49030.9,6.900000000001455,0.00014072758199424148
2026-07-27 15:29:00,20182.89,866.66,44669.43,49025.05,49030.89,5.8399999999965075,0.00011910858644410713
2026-07-27 15:30:00,20182.81,866.96,44669.35,49024.95,49030.854999999996,5.904999999998836,0.0001204343672978747
2026-07-27 15:31:00,20182.59,867.08,44669.43,49024.94,49030.82,5.879999999997381,0.0001199245698929241
2026-07-27 15:32:00,20183.07,867.19,44669.83,49025.49,49030.82,5.330000000001746,0.00010870713563431625
2026-07-27 15:33:00,20182.96,867.77,44669.64,49025.29,49030.82,5.529999999998836,0.0001127862026374194
2026-07-27 15:34:00,20182.62,868.17,44669.45,49025.01,49030.795,5.7849999999962165,0.00011798707322604532
2026-07-27 15:35:00,20182.61,868.81,44669.74,49025.26,49030.77,5.509999999994761,0.00011237841053678663
2026-07-27 15:36:00,20182.35,868.99,44669.71,49025.15,49030.759999999995,5.609999999993306,0.00011441796945414076
2026-07-27 15:37:00,20182.4,869.46,44670.02,49025.43,49030.75,5.319999999999709,0.00010850333719145045
2026-07-27 15:38:00,20181.88,870.11,44669.77,49025.0,49030.744999999995,5.744999999995343,0.00011717137889696238
2026-07-27 15:39:00,20182.2,870.62,44669.96,49025.34,49030.74,5.400000000001455,0.00011013498878461666
2026-07-27 15:40:00,20182.44,871.0,44670.2,49025.66,49030.74,5.07999999999447,0.00010360847093057275
2026-07-27 15:41:00,20182.02,871.41,44670.11,49025.41,49030.74,5.32999999999447,0.00010870731300393325
2026-07-27 15:42:00,20181.63,871.95,44670.27,49025.41,49030.72,5.309999999997672,0.000108299449814273
2026-07-27 15:43:00,20181.36,872.28,44670.43,49025.44,49030.7,5.259999999994761,0.00010727972474377812
2026-07-27 15:44:00,20181.6,872.4,44670.55,49025.67,49030.64,4.970000000001164,0.00010136518715646306
2026-07-27 15:45:00,20181.68,872.72,44670.63,49025.78,49030.58,4.80000000000291,9.789808727538835e-05
2026-07-27 15:46:00,20181.98,873.06,44670.83,49026.08,49030.535,4.455000000001746,9.086174564486693e-05
2026-07-27 15:47:00,20182.05,873.53,44671.17,49026.43,49030.49,4.059999999997672,8.280561748409351e-05
2026-07-27 15:48:00,20182.08,873.55,44670.96,49026.26,49030.46,4.19999999999709,8.566103601714301e-05
2026-07-27 15:49:00,20182.43,873.69,44671.31,49026.7,49030.43,3.7300000000032014,7.607520472496777e-05
2026-07-27 15:50:00,20182.55,874.03,44671.37,49026.82,49030.42,3.599999999998545,7.342380505813625e-05
2026-07-27 15:51:00,20182.48,874.41,44671.27,49026.72,49030.41,3.6900000000023283,7.525941553420271e-05
2026-07-27 15:52:00,20182.65,874.59,44671.31,49026.82,49030.4,3.5800000000017462,7.301592481402856e-05
2026-07-27 15:53:00,20182.61,874.91,44671.34,49026.84,49030.39,3.5500000000029104,7.240407428949496e-05
2026-07-27 15:54:00,20183.07,875.09,44671.76,49027.41,49030.369999999995,2.959999999991851,6.0370745723351694e-05
2026-07-27 15:55:00,20183.37,875.22,44672.09,49027.84,49030.35,2.5100000000020373,5.1192781613878696e-05
2026-07-27 15:56:00,20182.99,875.57,44672.11,49027.71,49030.345,2.6350000000020373,5.374222840981513e-05
2026-07-27 15:57:00,20182.93,876.19,44672.44,49027.97,49030.34,2.3699999999953434,4.83374171991331e-05
2026-07-27 15:58:00,20182.43,876.49,44672.34,49027.69,49030.295,2.6049999999959255,5.31304166127478e-05
2026-07-27 15:59:00,20182.24,876.94,44672.37,49027.67,49030.25,2.5800000000017462,5.2620576072970184e-05
2026-07-27 16:00:00,20181.9,877.32,44672.23,49027.4,49030.25,2.849999999998545,5.8127380545653855e-05
2026-07-27 16:01:00,20182.21,877.47,44672.37,49027.66,49030.25,2.5899999999965075,5.282453179407626e-05
2026-07-27 16:02:00,20183.05,877.55,44672.71,49028.3,49030.240000000005,1.9400000000023283,3.956741798535614e-05
2026-07-27 16:03:00,20183.5,877.64,44672.89,49028.64,49030.23,1.5900000000037835,3.24289729010813e-05
2026-07-27 16:04:00,20183.51,877.8,44672.74,49028.53,49030.215,1.6849999999976717,3.436656355673072e-05
2026-07-27 16:05:00,20183.58,878.08,44672.92,49028.72,49030.2,1.4799999999959255,3.018547752193394e-05
2026-07-27 16:06:00,20183.93,878.18,44673.13,49029.05,49030.2,1.1499999999941792,2.345493185820534e-05
2026-07-27 16:07:00,20183.79,878.41,44672.99,49028.86,49030.2,1.3399999999965075,2.7330094513106364e-05
2026-07-27 16:08:00,20183.38,878.98,44673.2,49028.89,49030.13,1.2399999999979627,2.529057132824169e-05
2026-07-27 16:09:00,20182.9,879.49,44673.12,49028.63,49030.06,1.430000000000291,2.916578115548484e-05
2026-07-27 16:10:00,20182.95,879.44,44673.28,49028.78,49030.055,1.2750000000014552,2.600445787795782e-05
2026-07-27 16:11:00,20183.28,879.63,44673.47,49029.09,49030.05,0.9600000000064028,1.9579829104934685e-05
2026-07-27 16:12:00,20183.8,879.7,44673.52,49029.38,49030.025,0.6450000000040745,1.3155204387598712e-05
2026-07-27 16:13:00,20183.99,879.95,44673.32,49029.29,49030.0,0.7099999999991269,1.4480930042813112e-05
2026-07-27 16:14:00,20184.16,880.33,44673.48,49029.51,49029.985,0.4749999999985448,9.687949119269459e-06
2026-07-27 16:15:00,20184.2,880.64,44673.61,49029.65,49029.97,0.31999999999970896,6.526620350771354e-06
2026-07-27 16:16:00,20184.29,880.88,44673.86,49029.91,49029.945,0.0349999999962165,7.138494647753837e-07
2026-07-27 16:17:00,20184.01,881.0,44673.68,49029.63,49029.92,0.2900000000008731,5.914755724685521e-06
2026-07-27 16:18:00,20184.2,881.34,44673.85,49029.87,49029.915,0.04499999999825377,9.178070163542761e-07
2026-07-27 16:19:00,20184.23,881.63,44673.87,49029.89,49029.91,0.020000000004074536,4.079142711882305e-07
2026-07-27 16:20:00,20184.28,881.86,44673.82,49029.88,49029.91,0.030000000006111804,6.118714067823457e-07
2026-07-27 16:21:00,20184.3,882.17,44673.85,49029.91,49029.91,0.0,0.0
2026-07-27 16:22:00,20184.16,882.49,44673.93,49029.91,49029.91,0.0,0.0
2026-07-27 16:23:00,20184.25,882.72,44673.89,49029.92,49029.91,0.00999999999476131,2.039571354457169e-07
2026-07-27 16:24:00,20183.51,883.39,44673.71,49029.45,49029.9,0.4500000000043656,9.17807297188788e-06
2026-07-27 16:25:00,20185.84,881.94,44674.08,49030.77,49029.89,0.8799999999973807,1.7948235249913484e-05
2026-07-27 16:26:00,20191.37,880.73,44674.63,49033.48,49029.89,3.5900000000037835,7.322064153119216e-05
2026-07-27 16:27:00,20194.27,879.99,44674.92,49034.91,49029.89,5.0200000000040745,0.00010238652381239433
2026-07-27 16:28:00,20194.47,879.79,44674.9,49034.96,49029.89,5.069999999999709,0.00010340630990605341
2026-07-27 16:29:00,20195.62,879.63,44675.24,49035.74,49029.89,5.849999999998545,0.00011931497296850034
2026-07-27 16:30:00,20196.9,879.56,44675.15,49036.17,49029.884999999995,6.2850000000034925,0.00012818712505655464
2026-07-27 16:31:00,20198.26,879.76,44675.29,49036.86,49029.88,6.980000000003201,0.0001423621677230946
2026-07-27 16:32:00,20197.21,880.77,44674.92,49036.11,49029.875,6.235000000000582,0.00012716736479545548
2026-07-27 16:33:00,20196.21,881.62,44674.71,49035.54,49029.87,5.669999999998254,0.0001156437902037728
2026-07-27 16:34:00,20196.01,882.21,44674.67,49035.44,49029.87,5.569999999999709,0.00011360421718433495
2026-07-27 16:35:00,20195.29,882.91,44674.57,49035.06,49029.87,5.189999999995052,0.0001058538397102634
2026-07-27 16:36:00,20193.89,883.52,44674.24,49034.2,49029.765,4.434999999997672,9.045525712794405e-05
2026-07-27 16:37:00,20193.43,884.07,44674.19,49033.96,49029.66,4.299999999995634,8.770201547380981e-05
2026-07-27 16:38:00,20194.47,884.16,44674.24,49034.44,49029.655,4.7850000000034925,9.759399693927058e-05
2026-07-27 16:39:00,20192.94,885.45,44674.11,49033.7,49029.65,4.049999999995634,8.260307793336551e-05
2026-07-27 16:40:00,20190.66,886.13,44673.88,49032.57,49029.64,2.930000000000291,5.975976980455682e-05
2026-07-27 16:41:00,20189.21,886.22,44673.85,49031.97,49029.63,2.3400000000037835,4.77262422743917e-05
2026-07-27 16:42:00,20190.85,886.02,44674.28,49033.03,49029.625,3.404999999998836,6.94478083403419e-05
2026-07-27 16:43:00,20191.04,886.51,44674.22,49033.06,49029.62,3.4399999999950523,7.016166961920268e-05
2026-07-27 16:44:00,20190.11,887.19,44674.12,49032.6,49029.615000000005,2.984999999993306,6.088157127061483e-05
2026-07-27 16:45:00,20189.3,887.23,44674.04,49032.2,49029.61,2.5899999999965075,5.28252213304676e-05
2026-07-27 16:46:00,20189.86,887.16,44674.34,49032.69,49029.57,3.1200000000026193,6.363506757254081e-05
2026-07-27 16:47:00,20190.06,887.73,44674.51,49032.94,49029.53,3.4100000000034925,6.954992226120651e-05
2026-07-27 16:48:00,20188.98,888.27,44674.23,49032.25,49029.524999999994,2.7250000000058208,5.55787558620203e-05
2026-07-27 16:49:00,20188.33,888.88,44674.24,49032.02,49029.52,2.5,5.0989689476870266e-05
2026-07-27 16:50:00,20187.97,889.13,44674.34,49031.97,49029.515,2.4550000000017462,5.0071880172621455e-05
2026-07-27 16:51:00,20188.3,889.31,44674.59,49032.34,49029.51,2.8299999999944703,5.7720340260273255e-05
2026-07-27 16:52:00,20188.12,889.62,44674.53,49032.22,49029.5,2.720000000001164,5.547680478081898e-05
2026-07-27 16:53:00,20188.57,889.59,44674.62,49032.48,49029.49,2.9900000000052387,6.098370592892642e-05
2026-07-27 16:54:00,20189.9,889.24,44674.86,49033.24,49029.47,3.7699999999967986,7.689253014557976e-05
2026-07-27 16:55:00,20191.47,888.78,44675.1,49034.09,49029.45,4.639999999999418,9.463699878337241e-05
2026-07-27 16:56:00,20192.3,888.71,44675.18,49034.5,49029.43,5.069999999999709,0.00010340728007647058
2026-07-27 16:57:00,20192.97,888.96,44675.4,49034.97,49029.41,5.559999999997672,0.00011340132381763663
2026-07-27 16:58:00,20193.4,889.08,44675.43,49035.17,49029.395000000004,5.774999999994179,0.00011778648298626117
2026-07-27 16:59:00,20194.11,889.08,44675.4,49035.44,49029.38,6.060000000004948,0.00012359936022044227
2026-07-27 17:00:00,20195.09,889.45,44675.52,49035.93,49029.36,6.569999999999709,0.00013400134123716298
2026-07-27 17:01:00,20195.34,889.83,44675.56,49036.09,49029.34,6.75,0.00013767266701938065
2026-07-27 17:02:00,20195.28,890.16,44675.68,49036.17,49029.315,6.8549999999959255,0.00013981431313074484
2026-07-27 17:03:00,20195.57,890.2,44675.83,49036.43,49029.29,7.139999999999418,0.0001456272362907849
2026-07-27 17:04:00,20196.24,890.26,44676.04,49036.89,49029.215,7.67500000000291,0.00015653932048479484
2026-07-27 17:05:00,20197.25,890.67,44676.24,49037.49,49029.14,8.349999999998545,0.00017030688280476763
2026-07-27 17:06:00,20197.95,891.2,44676.21,49037.76,49029.119999999995,8.640000000006694,0.00017622180451141474
2026-07-27 17:07:00,20197.57,891.73,44676.11,49037.51,49029.1,8.410000000003492,0.00017153078477890666
2026-07-27 17:08:00,20197.04,892.04,44676.03,49037.23,49029.095,8.135000000002037,0.00016592188780971864
2026-07-27 17:09:00,20198.13,892.09,44676.29,49037.93,49029.09,8.840000000003783,0.00018030112327199594
2026-07-27 17:10:00,20199.6,892.0,44676.49,49038.7,49029.07,9.62999999999738,0.00019641408658164187
2026-07-27 17:11:00,20200.86,892.05,44676.8,49039.5,49029.05,10.44999999999709,0.00021313894517632076
2026-07-27 17:12:00,20201.6,892.44,44677.1,49040.06,49029.005000000005,11.054999999993015,0.00022547877526768112
2026-07-27 17:13:00,20201.43,892.92,44677.17,49040.07,49028.96,11.110000000000582,0.0002266007681990518
2026-07-27 17:14:00,20201.28,893.25,44677.19,49040.04,49028.935,11.105000000003201,0.00022649890314776778
2026-07-27 17:15:00,20202.41,893.26,44677.49,49040.77,49028.91,11.859999999993306,0.0002418980964494888
2026-07-27 17:16:00,20203.34,893.65,44677.78,49041.41,49028.9,12.510000000002037,0.0002551556326983073
2026-07-27 17:17:00,20203.47,893.86,44677.81,49041.51,49028.89,12.62000000000262,0.0002573992599057947
2026-07-27 17:18:00,20203.83,894.07,44677.97,49041.79,49028.875,12.915000000000873,0.00026341620116718717
2026-07-27 17:19:00,20202.61,894.77,44677.88,49041.23,49028.86,12.37000000000262,0.0002523003798171652
2026-07-27 17:20:00,20203.6,894.53,44678.28,49042.01,49028.83,13.180000000000291,0.0002688214260874732
2026-07-27 17:21:00,20205.14,894.36,44678.56,49042.89,49028.8,14.089999999996508,0.00028738211010664156
2026-07-27 17:22:00,20206.04,894.71,44678.54,49043.22,49028.79,14.430000000000291,0.0002943168697412335
2026-07-27 17:23:00,20204.75,895.16,44678.39,49042.55,49028.78,13.770000000004075,0.0002808554485753893
2026-07-27 17:24:00,20204.4,895.46,44678.64,49042.66,49028.78,13.880000000004657,0.0002830990287746229
2026-07-27 17:25:00,20205.46,895.18,44679.03,49043.46,49028.78,14.680000000000291,0.0002994159756779649
2026-07-27 17:26:00,20206.34,894.94,44678.94,49043.72,49028.755000000005,14.964999999996508,0.00030522904364992554
2026-07-27 17:27:00,20207.56,894.78,44679.41,49044.63,49028.73,15.89999999999418,0.00032429965042933355
2026-07-27 17:28:00,20208.0,895.06,44679.6,49044.98,49028.725000000006,16.25499999999738,0.00033154033681270274
2026-07-27 17:29:00,20208.51,895.45,44679.88,49045.44,49028.72,16.720000000001164,0.0003410246076177629
2026-07-27 17:30:00,20208.59,895.75,44679.77,49045.39,49028.68,16.709999999999127,0.0003408209235900115
2026-07-27 17:31:00,20208.39,896.07,44679.78,49045.3,49028.64,16.660000000003492,0.0003398013895552374
2026-07-27 17:32:00,20208.24,896.34,44679.88,49045.35,49028.634999999995,16.715000000003783,0.00034092321762585855
2026-07-27 17:33:00,20208.72,896.41,44680.04,49045.7,49028.63,17.06999999999971,0.00034816391973423915
2026-07-27 17:34:00,20208.76,896.72,44679.95,49045.64,49028.58,17.05999999999767,0.00034796031212810306
2026-07-27 17:35:00,20207.94,897.49,44680.03,49045.38,49028.53,16.849999999998545,0.0003436774465805633
2026-07-27 17:36:00,20206.96,897.72,44679.98,49044.95,49028.53,16.419999999998254,0.0003349070428992722
2026-07-27 17:37:00,20206.51,898.01,44680.07,49044.85,49028.53,16.31999999999971,0.0003328674141362123
2026-07-27 17:38:00,20206.4,898.14,44680.26,49044.98,49028.445,16.535000000003492,0.0003372532006675613
2026-07-27 17:39:00,20205.98,898.59,44680.11,49044.69,49028.36,16.330000000001746,0.00033307253189790047
2026-07-27 17:40:00,20205.38,898.97,44680.24,49044.57,49028.33,16.239999999997963,0.00033123706232698446
2026-07-27 17:41:00,20205.45,899.0,44680.32,49044.67,49028.3,16.369999999995343,0.00033388879483880416
2026-07-27 17:42:00,20205.55,899.15,44680.35,49044.74,49028.16,16.57999999999447,0.00033817300098544327
2026-07-27 17:43:00,20205.22,899.72,44680.4,49044.65,49028.02,16.630000000004657,0.00033919379163190066
2026-07-27 17:44:00,20204.35,900.19,44680.35,49044.26,49027.994999999995,16.265000000006694,0.0003317492383689501
2026-07-27 17:45:00,20203.01,900.54,44680.16,49043.55,49027.97,15.580000000001746,0.0003177777909222378
2026-07-27 17:46:00,20202.12,900.71,44679.99,49043.06,49027.94,15.119999999995343,0.0003083955801527729
2026-07-27 17:47:00,20202.05,901.13,44680.23,49043.25,49027.91,15.339999999996508,0.00031288300888201244
2026-07-27 17:48:00,20202.24,901.37,44680.28,49043.37,49027.875,15.49500000000262,0.0003160446990615567
2026-07-27 17:49:00,20201.8,901.81,44680.23,49043.16,49027.84,15.320000000006985,0.0003124755241105255
2026-07-27 17:50:00,20201.45,901.73,44680.04,49042.84,49027.835,15.00499999999738,0.00030605063429778984
2026-07-27 17:51:00,20201.54,901.69,44680.14,49042.96,49027.83,15.12999999999738,0.000308600237864849
2026-07-27 17:52:00,20201.46,901.88,44680.16,49042.94,49027.770000000004,15.169999999998254,0.00030941647968076567
2026-07-27 17:53:00,20201.85,901.73,44680.16,49043.11,49027.71,15.400000000001455,0.0003141080829596458
2026-07-27 17:54:00,20202.53,901.6,44680.53,49043.71,49027.7,16.010000000002037,0.00032655009311067086
2026-07-27 17:55:00,20202.72,901.56,44680.58,49043.84,49027.69,16.14999999999418,0.0003294056889075169
2026-07-27 17:56:00,20203.21,901.42,44680.63,49044.08,49027.68,16.400000000001455,0.00033450491640643523
2026-07-27 17:57:00,20203.49,901.77,44680.68,49044.25,49027.67,16.580000000001746,0.0003381763808070371
2026-07-27 17:58:00,20203.43,901.84,44680.52,49044.08,49027.67,16.410000000003492,0.0003347089510883037
2026-07-27 17:59:00,20203.24,902.12,44680.46,49043.95,49027.67,16.279999999998836,0.0003320573871856206
2026-07-27 18:00:00,20203.52,902.15,44680.46,49044.05,49027.665,16.385000000002037,0.0003341990690358604
2026-07-27 18:01:00,20204.06,902.04,44680.59,49044.4,49027.66,16.739999999997963,0.00034143991371397213
2026-07-27 18:02:00,20204.42,902.11,44680.68,49044.63,49027.535,17.094999999993888,0.00034868161330146185
2026-07-27 18:03:00,20204.94,901.82,44680.64,49044.81,49027.41,17.39999999999418,0.0003549035121372754
2026-07-27 18:04:00,20205.6,901.84,44680.54,49044.98,49027.405,17.575000000004366,0.0003584729805708535
2026-07-27 18:05:00,20204.92,902.32,44680.27,49044.46,49027.4,17.05999999999767,0.00034796868689748327
2026-07-27 18:06:00,20203.72,902.82,44680.23,49043.95,49027.26,16.689999999995052,0.0003404228586299755
2026-07-27 18:07:00,20203.01,903.11,44680.13,49043.57,49027.12,16.44999999999709,0.0003355285809159724
2026-07-27 18:08:00,20202.56,903.47,44680.11,49043.38,49027.08500000001,16.294999999990978,0.00033236730268566806
2026-07-27 18:09:00,20202.4,903.91,44680.13,49043.35,49027.05,16.299999999995634,0.00033246952447670486
2026-07-27 18:10:00,20202.43,903.79,44680.12,49043.34,49027.045,16.294999999998254,0.00033236757385639407
2026-07-27 18:11:00,20202.36,903.67,44680.04,49043.24,49027.04,16.19999999999709,0.00033042990153998874
2026-07-27 18:12:00,20202.2,903.77,44680.1,49043.22,49026.990000000005,16.229999999995925,0.0003310421463768411
2026-07-27 18:13:00,20202.06,904.38,44680.07,49043.15,49026.94,16.209999999999127,0.00033063454500727814
2026-07-27 18:14:00,20201.31,904.77,44679.88,49042.68,49026.89,15.790000000000873,0.00032206815484320695
2026-07-27 18:15:00,20201.36,904.83,44679.93,49042.75,49026.84,15.910000000003492,0.0003245161221894679
2026-07-27 18:16:00,20201.36,904.86,44679.94,49042.75,49026.83,15.919999999998254,0.00032472015832959734
2026-07-27 18:17:00,20201.49,904.67,44679.89,49042.76,49026.82,15.940000000002328,0.00032512816454345454
2026-07-27 18:18:00,20202.15,904.49,44679.98,49043.11,49026.82,16.290000000000873,0.0003322671142040392
2026-07-27 18:19:00,20202.3,904.68,44679.87,49043.07,49026.82,16.25,0.00033145123424280833
2026-07-27 18:20:00,20202.24,904.73,44679.87,49043.05,49026.770000000004,16.279999999998836,0.00033206348286862124
2026-07-27 18:21:00,20201.49,904.72,44679.72,49042.61,49026.72,15.889999999999418,0.0003241089756769251
2026-07-27 18:22:00,20201.59,904.46,44679.73,49042.67,49026.72,15.94999999999709,0.0003253327981149277
2026-07-27 18:23:00,20201.77,903.98,44679.68,49042.67,49026.72,15.94999999999709,0.0003253327981149277
2026-07-27 18:24:00,20202.01,903.84,44679.76,49042.84,49026.71,16.12999999999738,0.0003290043325362314
2026-07-27 18:25:00,20202.09,903.86,44679.63,49042.76,49026.7,16.060000000004948,0.00032757660621671354
2026-07-27 18:26:00,20201.83,903.89,44679.52,49042.54,49026.649999999994,15.890000000006694,0.00032410943843821054
2026-07-27 18:27:00,20201.46,903.9,44679.34,49042.24,49026.6,15.639999999999418,0.0003190104963427898
2026-07-27 18:28:00,20201.17,903.79,44679.17,49041.96,49026.59,15.37000000000262,0.00031350334583748573
2026-07-27 18:29:00,20201.25,903.61,44679.25,49042.08,49026.58,15.5,0.0003161550326373979
2026-07-27 18:30:00,20201.03,903.57,44679.0,49041.74,49026.53,15.209999999999127,0.00031024019036222076
2026-07-27 18:31:00,20200.83,903.69,44678.81,49041.49,49026.48,15.009999999994761,0.00030616107866595276
2026-07-27 18:32:00,20200.94,903.78,44678.86,49041.58,49026.455,15.125,0.00030850690713819714
2026-07-27 18:33:00,20200.43,903.8,44678.69,49041.22,49026.43,14.790000000000873,0.00030167401542394325
2026-07-27 18:34:00,20200.14,903.69,44678.48,49040.92,49026.43,14.489999999997963,0.00029555486703800304
2026-07-27 18:35:00,20200.17,903.9,44678.47,49040.92,49026.43,14.489999999997963,0.00029555486703800304
2026-07-27 18:36:00,20200.07,903.89,44678.38,49040.8,49026.415,14.385000000002037,0.0002934132548749901
2026-07-27 18:37:00,20200.13,904.07,44678.37,49040.81,49026.4,14.409999999996217,0.0002939232739910786
2026-07-27 18:38:00,20199.61,904.01,44678.19,49040.44,49026.4,14.040000000000873,0.0002863763196971606
2026-07-27 18:39:00,20199.88,903.52,44678.4,49040.72,49026.4,14.319999999999709,0.0002920875283520656
2026-07-27 18:40:00,20199.32,903.69,44678.11,49040.22,49026.395000000004,13.82499999999709,0.00028199095609614147
2026-07-27 18:41:00,20199.04,904.08,44677.96,49039.98,49026.39,13.590000000003783,0.0002771976480422846
2026-07-27 18:42:00,20198.24,904.32,44677.87,49039.57,49026.365,13.205000000001746,0.0002693448718868255
2026-07-27 18:43:00,20197.08,903.79,44677.81,49039.06,49026.34,12.720000000001164,0.0002594523678496328
2026-07-27 18:44:00,20198.04,904.5,44677.57,49039.23,49026.335,12.895000000004075,0.00026302190445204755
2026-07-27 18:45:00,20197.23,903.58,44677.62,49038.95,49026.33,12.619999999995343,0.0002574127004814626
2026-07-27 18:46:00,20196.97,903.29,44677.74,49038.95,49026.33,12.619999999995343,0.0002574127004814626
2026-07-27 18:47:00,20196.85,903.93,44677.63,49038.8,49026.33,12.470000000001164,0.0002543531200479653
2026-07-27 18:48:00,20196.11,903.62,44677.33,49038.22,49026.315,11.904999999998836,0.00024282877471004777
2026-07-27 18:49:00,20196.08,903.52,44677.19,49038.09,49026.3,11.789999999993597,0.00024048316923760504
2026-07-27 18:50:00,20196.02,903.62,44677.45,49038.29,49026.295,11.99500000000262,0.00024466462334146646
2026-07-27 18:51:00,20195.43,904.02,44677.6,49038.19,49026.29,11.900000000001455,0.00024272691243823374
2026-07-27 18:52:00,20194.28,904.3,44677.39,49037.54,49026.28,11.260000000002037,0.00022967273878422018
2026-07-27 18:53:00,20193.09,904.14,44677.15,49036.84,49026.27,10.569999999999709,0.0002155986984120903
2026-07-27 18:54:00,20193.37,903.53,44677.26,49037.04,49026.265,10.775000000001455,0.0002197801525366343
2026-07-27 18:55:00,20193.54,903.3,44677.16,49037.02,49026.26,10.759999999994761,0.00021947421647082116
2026-07-27 18:56:00,20194.16,903.22,44677.21,49037.31,49026.245,11.064999999995052,0.00022569544128853947
2026-07-27 18:57:00,20194.78,903.43,44676.96,49037.35,49026.23,11.119999999995343,0.00022681735878927144
2026-07-27 18:58:00,20194.98,903.86,44676.92,49037.4,49026.215,11.185000000004948,0.000228143249484076
2026-07-27 18:59:00,20194.84,903.93,44676.87,49037.29,49026.2,11.090000000003783,0.0002262055798736958
2026-07-27 19:00:00,20194.58,903.98,44676.72,49037.05,49026.195,10.855000000003201,0.0002214122470651292
2026-07-27 19:01:00,20195.25,903.71,44676.86,49037.45,49026.2,11.25,0.00022946914098991968
2026-07-27 19:02:00,20195.71,903.83,44676.66,49037.47,49026.195,11.275000000001455,0.000229979095869085
2026-07-27 19:03:00,20196.01,903.81,44676.45,49037.4,49026.2,11.200000000004366,0.00022844927814116465
2026-07-27 19:04:00,20196.34,904.14,44676.59,49037.66,49026.195,11.465000000003783,0.00023385457508998575
2026-07-27 19:05:00,20196.5,903.46,44676.36,49037.51,49026.2,11.310000000004948,0.0002306929764086335
2026-07-27 19:06:00,20196.96,903.02,44676.32,49037.66,49026.215,11.445000000006985,0.00023344653467551973
2026-07-27 19:07:00,20197.51,902.93,44676.33,49037.88,49026.23,11.64999999999418,0.00023762789837183438
2026-07-27 19:08:00,20198.13,902.66,44676.08,49037.9,49026.245,11.654999999998836,0.00023772981185891018
2026-07-27 19:09:00,20198.84,902.6,44676.01,49038.13,49026.26,11.869999999995343,0.00024211514400640274
2026-07-27 19:10:00,20198.79,902.38,44675.87,49037.98,49026.265,11.715000000003783,0.0002389535486744459
2026-07-27 19:11:00,20198.69,902.1,44675.81,49037.88,49026.27,11.610000000000582,0.00023681181537980726
2026-07-27 19:12:00,20198.62,901.89,44675.72,49037.75,49026.28,11.470000000001164,0.00023395615575975097
2026-07-27 19:13:00,20198.79,901.7,44675.54,49037.66,49026.27,11.390000000006694,0.0002323244252521494
2026-07-27 19:14:00,20199.03,901.69,44675.44,49037.68,49026.28,11.400000000001455,0.00023252835010124072
2026-07-27 19:15:00,20198.94,902.13,44675.27,49037.5,49026.29,11.209999999999127,0.00022865283096067695
2026-07-27 19:16:00,20198.3,902.44,44675.06,49037.03,49026.295,10.735000000000582,0.00021896412935141403
2026-07-27 19:17:00,20196.9,902.36,44674.92,49036.33,49026.3,10.029999999998836,0.0002045840701827149
2026-07-27 19:18:00,20195.46,902.16,44674.77,49035.6,49026.315,9.284999999996217,0.0001893880867855603
2026-07-27 19:19:00,20194.82,902.0,44674.88,49035.44,49026.33,9.110000000000582,0.00018581851833495555
2026-07-27 19:20:00,20194.52,901.64,44674.81,49035.24,49026.33,8.909999999996217,0.00018173907775671187
2026-07-27 19:21:00,20193.36,901.15,44674.74,49034.7,49026.33,8.369999999995343,0.00017072458819567655
2026-07-27 19:22:00,20192.44,900.84,44674.85,49034.42,49026.365000000005,8.054999999993015,0.0001642993519913829
2026-07-27 19:23:00,20191.26,901.11,44674.5,49033.64,49026.4,7.239999999997963,0.00014767553807740243
2026-07-27 19:24:00,20191.84,901.67,44674.55,49033.93,49026.415,7.514999999999418,0.00015328471396489868
2026-07-27 19:25:00,20191.21,901.22,44674.15,49033.29,49026.43,6.860000000000582,0.00013992452642382043
2026-07-27 19:26:00,20190.0,900.84,44674.07,49032.73,49026.505000000005,6.224999999998545,0.00012697213476666437
2026-07-27 19:27:00,20191.88,900.26,44674.51,49033.91,49026.58,7.330000000001746,0.0001495107347892051
2026-07-27 19:28:00,20196.09,900.15,44674.72,49035.79,49026.64,9.150000000001455,0.0001866332263439113
2026-07-27 19:29:00,20196.48,901.15,44673.87,49035.18,49026.7,8.480000000003201,0.00017296697513810233
2026-07-27 19:30:00,20195.93,901.1,44673.5,49034.62,49026.71,7.9100000000034925,0.00016134062432505655
2026-07-27 19:31:00,20194.78,900.98,44673.42,49034.08,49026.72,7.360000000000582,0.0001501222190674918
2026-07-27 19:32:00,20194.65,900.93,44673.43,49034.05,49026.72,7.330000000001746,0.0001495103078484905
2026-07-27 19:33:00,20195.14,900.6,44673.61,49034.4,49026.72,7.680000000000291,0.0001566492720704198
2026-07-27 19:34:00,20195.05,900.08,44673.39,49034.15,49026.770000000004,7.379999999997381,0.00015053000636177706
2026-07-27 19:35:00,20194.82,900.07,44673.3,49033.98,49026.82,7.1600000000034925,0.00014604251305721017
2026-07-27 19:36:00,20194.79,900.28,44673.21,49033.9,49026.82,7.080000000001746,0.00014441075313474842
2026-07-27 19:37:00,20194.45,899.87,44673.16,49033.69,49026.82,6.870000000002619,0.00014012738333839763
2026-07-27 19:38:00,20193.91,900.02,44672.91,49033.26,49026.83,6.430000000000291,0.00013115267701379615
2026-07-27 19:39:00,20194.3,899.6,44672.86,49033.36,49026.84,6.5200000000040745,0.00013298837942653607
2026-07-27 19:40:00,20194.51,899.37,44673.0,49033.57,49026.89,6.680000000000291,0.00013625175898369837
2026-07-27 19:41:00,20195.21,898.84,44673.08,49033.91,49026.94,6.970000000001164,0.00014216673526842922
2026-07-27 19:42:00,20195.69,898.24,44673.22,49034.23,49027.03,7.200000000004366,0.00014685776397233049
2026-07-27 19:43:00,20195.65,897.92,44673.27,49034.26,49027.12,7.139999999999418,0.00014563368192949979
2026-07-27 19:44:00,20195.35,897.83,44672.96,49033.84,49027.26,6.57999999999447,0.00013421104911827563
2026-07-27 19:45:00,20195.7,897.96,44672.83,49033.87,49027.4,6.470000000001164,0.00013196702252212363
2026-07-27 19:46:00,20195.99,898.08,44672.62,49033.8,49027.405,6.3950000000040745,0.0001304372523898435
2026-07-27 19:47:00,20196.23,898.17,44672.8,49034.06,49027.41,6.649999999994179,0.0001356384112477934
2026-07-27 19:48:00,20196.23,897.87,44672.36,49033.66,49027.405,6.255000000004657,0.00012758170659868
2026-07-27 19:49:00,20196.87,898.05,44672.21,49033.77,49027.4,6.369999999995343,0.0001299273467488658
2026-07-27 19:50:00,20197.29,898.74,44672.04,49033.8,49027.405,6.3950000000040745,0.0001304372523898435
2026-07-27 19:51:00,20197.6,898.95,44671.95,49033.85,49027.41,6.439999999995052,0.00013135509299787713
2026-07-27 19:52:00,20198.39,898.73,44672.03,49034.26,49027.535,6.724999999998545,0.00013716781804344323
2026-07-27 19:53:00,20199.14,899.05,44671.84,49034.39,49027.66,6.7299999999959255,0.00013726945157072407
2026-07-27 19:54:00,20199.01,899.45,44671.42,49033.96,49027.665,6.294999999998254,0.00012839689591577028
2026-07-27 19:55:00,20198.92,899.62,44671.19,49033.72,49027.67,6.05000000000291,0.0001233997046974272
2026-07-27 19:56:00,20198.83,899.9,44671.13,49033.63,49027.68,5.94999999999709,0.0001213600154034841
2026-07-27 19:57:00,20198.93,899.87,44671.1,49033.64,49027.69,5.94999999999709,0.0001213599906501222
2026-07-27 19:58:00,20199.21,899.78,44671.17,49033.83,49027.7,6.130000000004657,0.0001250313598232154
2026-07-27 19:59:00,20198.97,899.56,44671.19,49033.74,49027.71,6.029999999998836,0.0001229916714445532
2026-07-27 20:00:00,20198.77,900.07,44671.12,49033.6,49027.774999999994,5.825000000004366,0.00011881020503182872
2026-07-27 20:01:00,20198.39,900.11,44670.96,49033.31,49027.84,5.470000000001164,0.00011156926350418791
2026-07-27 20:02:00,20198.56,899.84,44671.03,49033.44,49027.905,5.5350000000034925,0.00011289489118499949
2026-07-27 20:03:00,20198.7,899.6,44671.16,49033.61,49027.97,5.639999999999418,0.00011503637617464924
2026-07-27 20:04:00,20199.17,899.19,44671.3,49033.92,49028.135,5.7849999999962165,0.00011799347456304867
2026-07-27 20:05:00,20199.54,900.09,44671.07,49033.87,49028.3,5.569999999999709,0.00011360785505513568
2026-07-27 20:06:00,20199.82,900.5,44670.87,49033.8,49028.415,5.385000000002037,0.00010983426651671357
2026-07-27 20:07:00,20199.64,900.09,44671.06,49033.9,49028.53,5.370000000002619,0.00010952806457796347
2026-07-27 20:08:00,20199.47,899.87,44671.31,49034.06,49028.58,5.4799999999959255,0.00011177154223099925
2026-07-27 20:09:00,20200.16,901.37,44670.77,49033.88,49028.63,5.25,0.00010708029165815974
2026-07-27 20:10:00,20198.92,900.03,44670.53,49033.13,49028.634999999995,4.495000000002619,9.168111655571524e-05
2026-07-27 20:11:00,20198.4,901.82,44670.51,49032.92,49028.64,4.279999999998836,8.729591520382445e-05
2026-07-27 20:12:00,20199.91,901.27,44670.34,49033.38,49028.68,4.69999999999709,9.58622585800207e-05
2026-07-27 20:13:00,20199.95,900.21,44670.77,49033.77,49028.72,5.049999999995634,0.00010300085337727834
2026-07-27 20:14:00,20199.2,900.52,44670.98,49033.67,49028.75,4.919999999998254,0.00010034928485833829
2026-07-27 20:15:00,20199.04,900.83,44670.92,49033.54,49028.78,4.760000000002037,9.708583407545604e-05
2026-07-27 20:16:00,20199.18,900.29,44670.83,49033.52,49028.82,4.69999999999709,9.586198484885195e-05
2026-07-27 20:17:00,20199.16,900.27,44670.99,49033.66,49028.86,4.80000000000291,9.79015216752523e-05
2026-07-27 20:18:00,20198.92,900.15,44671.07,49033.62,49028.875,4.745000000002619,9.67797037970506e-05
2026-07-27 20:19:00,20199.03,899.9,44671.01,49033.61,49028.89,4.720000000001164,9.626977074131526e-05
2026-07-27 20:20:00,20199.25,899.52,44671.08,49033.75,49028.97,4.779999999998836,9.749337993432936e-05
2026-07-27 20:21:00,20199.59,899.59,44671.27,49034.07,49029.05,5.019999999996799,0.00010238827796983214
2026-07-27 20:22:00,20199.52,899.79,44671.17,49033.94,49029.07,4.870000000002619,9.932882675528252e-05
2026-07-27 20:23:00,20199.21,899.79,44670.87,49033.55,49029.09,4.460000000006403,9.096640382284075e-05
2026-07-27 20:24:00,20199.31,899.98,44671.1,49033.81,49029.19,4.619999999995343,9.422958037845094e-05
2026-07-27 20:25:00,20199.24,899.98,44671.27,49033.94,49029.29,4.650000000001455,9.484126733227128e-05
2026-07-27 20:26:00,20199.35,899.7,44671.23,49033.95,49029.335,4.614999999997963,9.41273219389568e-05
2026-07-27 20:27:00,20199.36,899.61,44671.3,49034.0,49029.38,4.620000000002619,9.422921521754139e-05
2026-07-27 20:28:00,20199.42,899.4,44671.56,49034.26,49029.41499999999,4.84500000000844,9.881822983220259e-05
2026-07-27 20:29:00,20198.91,899.3,44671.54,49034.03,49029.45,4.580000000001746,9.341324448880716e-05
2026-07-27 20:30:00,20198.6,899.29,44671.45,49033.81,49029.479999999996,4.330000000001746,8.831421422380467e-05
2026-07-27 20:31:00,20198.18,899.43,44671.46,49033.66,49029.51,4.150000000001455,8.464290179529543e-05
2026-07-27 20:32:00,20198.11,899.2,44671.7,49033.85,49029.57,4.279999999998836,8.729425936223458e-05
2026-07-27 20:33:00,20198.03,899.32,44671.76,49033.87,49029.63,4.240000000005239,8.647831933476224e-05
2026-07-27 20:34:00,20197.22,899.59,44671.17,49033.0,49029.64,3.360000000000582,6.852997492946272e-05
2026-07-27 20:35:00,20196.24,899.99,44671.48,49032.9,49029.65,3.25,6.628642056388327e-05
2026-07-27 20:36:00,20194.75,899.9,44671.56,49032.35,49029.76,2.5899999999965075,5.2825059718760756e-05
2026-07-27 20:37:00,20194.03,900.28,44671.51,49032.03,49029.87,2.1599999999962165,4.405477722042127e-05
2026-07-27 20:38:00,20193.46,900.62,44671.34,49031.65,49029.875,1.7750000000014552,3.620241740370448e-05
2026-07-27 20:39:00,20193.4,899.12,44672.0,49032.2,49029.88,2.319999999999709,4.7318084400771714e-05
2026-07-27 20:40:00,20193.3,900.71,44671.71,49031.93,49029.884999999995,2.0450000000055297,4.1709255487862755e-05
2026-07-27 20:41:00,20192.9,901.24,44671.24,49031.35,49029.89,1.4599999999991269,2.977775393742729e-05
2026-07-27 20:42:00,20192.68,902.07,44671.39,49031.4,49029.9,1.5,3.05935765726628e-05
2026-07-27 20:43:00,20191.95,902.69,44670.99,49030.74,49029.91,0.8299999999944703,1.6928442250750006e-05
2026-07-27 20:44:00,20192.09,902.51,44671.11,49030.91,49029.91,1.0,2.0395713555256373e-05
2026-07-27 20:45:00,20192.39,902.03,44671.3,49031.21,49029.91,1.2999999999956344,2.6514427621744245e-05
2026-07-27 20:46:00,20192.66,901.83,44671.49,49031.5,49029.91,1.5899999999965075,3.24291845527864e-05
2026-07-27 20:47:00,20193.33,901.9,44671.46,49031.74,49029.91,1.8299999999944703,3.732415580600638e-05
2026-07-27 20:48:00,20193.81,901.69,44671.41,49031.87,49029.915,1.9550000000017462,3.987361593430758e-05
2026-07-27 20:49:00,20194.22,901.62,44671.56,49032.17,49029.92,2.25,4.5890346139663294e-05
2026-07-27 20:50:00,20194.66,902.37,44671.31,49032.14,49029.945,2.194999999999709,4.476855929574689e-05
2026-07-27 20:51:00,20195.19,902.48,44671.11,49032.18,49029.97,2.209999999999127,4.507447179753785e-05
2026-07-27 20:52:00,20195.31,901.92,44671.23,49032.32,49030.085,2.235000000000582,4.5584257094406056e-05
2026-07-27 20:53:00,20195.72,901.67,44671.33,49032.59,49030.2,2.389999999999418,4.8745467079461596e-05
2026-07-27 20:54:00,20196.16,901.07,44671.61,49033.01,49030.39,2.6200000000026193,5.3436246377045327e-05
2026-07-27 20:55:00,20196.11,901.42,44671.53,49032.92,49030.58,2.3399999999965075,4.772531754665165e-05
2026-07-27 20:56:00,20195.8,901.6,44671.41,49032.71,49030.66,2.0499999999956344,4.181057322083028e-05
2026-07-27 20:57:00,20195.8,901.06,44671.5,49032.76,49030.74,2.0200000000040745,4.119864395283601e-05
2026-07-27 20:58:00,20196.49,900.93,44671.57,49033.11,49030.74,2.3700000000026193,4.8337022855511044e-05
2026-07-27 20:59:00,20197.11,900.73,44671.64,49033.42,49030.74,2.680000000000291,5.4659587026430584e-05
2026-07-27 21:00:00,20198.16,900.69,44671.96,49034.13,49030.744999999995,3.3850000000020373,6.903831463303357e-05
2026-07-27 21:01:00,20199.27,901.07,44671.67,49034.32,49030.75,3.569999999999709,7.281144995741874e-05
2026-07-27 21:02:00,20200.19,900.32,44671.59,49034.6,49030.759999999995,3.8400000000037835,7.831818230033114e-05
2026-07-27 21:03:00,20200.62,900.18,44671.61,49034.8,49030.77,4.030000000006112,8.219328393182714e-05
2026-07-27 21:04:00,20200.69,899.84,44671.65,49034.85,49030.795,4.055000000000291,8.27031256580745e-05
2026-07-27 21:05:00,20200.35,899.46,44671.76,49034.79,49030.82,3.970000000001164,8.096948001279938e-05
2026-07-27 21:06:00,20199.9,899.58,44671.89,49034.73,49030.82,3.9100000000034925,7.974575991189811e-05
2026-07-27 21:07:00,20199.38,899.81,44671.86,49034.51,49030.82,3.6900000000023283,7.525878620839562e-05
2026-07-27 21:08:00,20198.89,899.75,44672.0,49034.42,49030.865000000005,3.554999999993015,7.250534943638083e-05
2026-07-27 21:09:00,20198.07,899.42,44672.14,49034.21,49030.91,3.2999999999956344,6.730448200932094e-05
2026-07-27 21:10:00,20197.32,900.29,44672.01,49033.8,49030.94500000001,2.8549999999959255,5.822853302125678e-05
2026-07-27 21:11:00,20196.71,900.84,44671.73,49033.32,49030.98,2.3399999999965075,4.772492819838615e-05
2026-07-27 21:12:00,20196.77,901.09,44671.91,49033.5,49030.990000000005,2.5099999999947613,5.1192113395931046e-05
2026-07-27 21:13:00,20196.93,901.34,44671.94,49033.6,49031.0,2.599999999998545,5.302767636798239e-05
2026-07-27 21:14:00,20196.98,901.2,44671.82,49033.51,49031.020000000004,2.4899999999979627,5.078417703727074e-05
2026-07-27 21:15:00,20197.0,901.22,44671.83,49033.53,49031.04,2.4899999999979627,5.078415632215761e-05
2026-07-27 21:16:00,20197.19,901.32,44671.79,49033.59,49031.125,2.4649999999965075,5.027418807943949e-05
2026-07-27 21:17:00,20197.09,901.18,44671.84,49033.57,49031.21,2.360000000000582,4.813260778187163e-05
2026-07-27 21:18:00,20197.19,900.97,44672.06,49033.81,49031.21,2.599999999998545,5.302744925117175e-05
2026-07-27 21:19:00,20197.16,901.02,44672.18,49033.91,49031.21,2.7000000000043656,5.506696653018283e-05
2026-07-27 21:20:00,20197.01,901.01,44672.16,49033.83,49031.215,2.6150000000052387,5.3333371404425504e-05
2026-07-27 21:21:00,20197.13,901.01,44672.14,49033.86,49031.22,2.639999999999418,5.3843245181323614e-05
2026-07-27 21:22:00,20196.67,900.71,44672.19,49033.7,49031.235,2.4649999999965075,5.02740752909142e-05
2026-07-27 21:23:00,20196.22,900.52,44672.26,49033.59,49031.25,2.3399999999965075,4.7724665391898175e-05
2026-07-27 21:24:00,20195.48,900.9,44672.23,49033.27,49031.25,2.0199999999967986,4.119821542377155e-05
2026-07-27 21:25:00,20194.91,901.06,44672.25,49033.05,49031.25,1.8000000000029104,3.671128107080505e-05
2026-07-27 21:26:00,20194.89,901.0,44672.15,49032.95,49031.3,1.6499999999941792,3.36519733312023e-05
2026-07-27 21:27:00,20195.18,900.93,44672.32,49033.22,49031.35,1.8700000000026193,3.813886421651901e-05
2026-07-27 21:28:00,20195.15,900.66,44672.34,49033.23,49031.354999999996,1.875000000007276,3.824083588975414e-05
2026-07-27 21:29:00,20195.35,899.88,44672.5,49033.46,49031.36,2.099999999998545,4.282973182874276e-05
2026-07-27 21:30:00,20197.23,898.76,44673.04,49034.71,49031.369999999995,3.3400000000037835,6.81196548251412e-05
2026-07-27 21:31:00,20198.91,897.84,44673.01,49035.32,49031.38,3.9400000000023283,8.035670217730622e-05
2026-07-27 21:32:00,20199.29,897.25,44672.94,49035.41,49031.38,4.030000000006112,8.219226136417355e-05
2026-07-27 21:33:00,20199.9,897.73,44672.87,49035.61,49031.38,4.230000000003201,8.627128177920347e-05
2026-07-27 21:34:00,20200.2,897.65,44672.67,49035.54,49031.39,4.150000000001455,8.463965635078783e-05
2026-07-27 21:35:00,20199.03,897.38,44672.61,49034.99,49031.4,3.5899999999965075,7.32183865848519e-05
2026-07-27 21:36:00,20195.81,898.1,44672.35,49033.45,49031.41,2.039999999993597,4.160598277703205e-05
2026-07-27 21:37:00,20192.86,900.18,44671.91,49031.88,49031.42,0.4599999999991269,9.3817393010263e-06
2026-07-27 21:38:00,20190.65,902.06,44671.43,49030.58,49031.445,0.8649999999979627,1.7641739907888962e-05
2026-07-27 21:39:00,20189.49,902.88,44671.26,49029.97,49031.47,1.5,3.059259695864717e-05
2026-07-27 21:40:00,20189.24,902.49,44671.62,49030.2,49031.479999999996,1.2799999999988358,2.610567741375206e-05
2026-07-27 21:41:00,20189.91,901.87,44672.02,49030.82,49031.49,0.6699999999982538,1.366468773431633e-05
2026-07-27 21:42:00,20190.47,901.65,44672.2,49031.21,49031.494999999995,0.2849999999962165,5.812590458361846e-06
2026-07-27 21:43:00,20191.55,901.69,44672.29,49031.73,49031.5,0.23000000000320142,4.69086199694485e-06
2026-07-27 21:44:00,20192.26,901.3,44672.3,49032.03,49031.515,0.5149999999994179,1.0503448649290522e-05
2026-07-27 21:45:00,20192.45,901.28,44672.23,49032.03,49031.53,0.5,1.0197519840804479e-05
2026-07-27 21:46:00,20192.27,901.01,44672.18,49031.91,49031.53,0.3800000000046566,7.750115079106375e-06
2026-07-27 21:47:00,20192.44,900.62,44672.43,49032.21,49031.53,0.680000000000291,1.3868626983500027e-05
2026-07-27 21:48:00,20192.81,900.07,44672.49,49032.4,49031.58,0.819999999999709,1.672391548466741e-05
2026-07-27 21:49:00,20192.9,899.73,44672.49,49032.44,49031.63,0.8100000000049477,1.6519948449703746e-05
2026-07-27 21:50:00,20194.41,898.98,44672.64,49033.19,49031.64,1.5500000000029104,3.161224058593411e-05
2026-07-27 21:51:00,20195.13,898.87,44672.61,49033.44,49031.65,1.7900000000008731,3.6507031682614656e-05
2026-07-27 21:52:00,20195.83,898.31,44672.56,49033.67,49031.655,2.014999999999418,4.109590018936579e-05
2026-07-27 21:53:00,20196.13,897.49,44672.7,49033.91,49031.66,2.25,4.588871761633198e-05
2026-07-27 21:54:00,20195.91,897.81,44672.58,49033.71,49031.69500000001,2.014999999992142,4.1095866663229604e-05
2026-07-27 21:55:00,20195.4,898.38,44672.22,49033.18,49031.73,1.4499999999970896,2.9572686911049018e-05
2026-07-27 21:56:00,20194.35,898.29,44672.15,49032.7,49031.73,0.9699999999938882,1.9783107795582333e-05
2026-07-27 21:57:00,20193.23,898.67,44672.07,49032.18,49031.73,0.4499999999970896,9.177730420629449e-06
2026-07-27 21:58:00,20193.08,898.91,44672.09,49032.15,49031.735,0.4150000000008731,8.463906080436947e-06
2026-07-27 21:59:00,20193.3,898.53,44672.24,49032.36,49031.74,0.6200000000026193,1.264487044519773e-05
2026-07-27 22:00:00,20192.88,898.52,44672.23,49032.18,49031.75,0.43000000000029104,8.769827713681258e-06
2026-07-27 22:01:00,20192.49,898.59,44672.23,49032.03,49031.76,0.2699999999967986,5.5066348831206255e-06
2026-07-27 22:02:00,20192.3,898.26,44672.38,49032.07,49031.765,0.30500000000029104,6.220457289275453e-06
2026-07-27 22:03:00,20191.71,897.69,44672.46,49031.9,49031.77,0.1300000000046566,2.6513421808891792e-06
2026-07-27 22:04:00,20191.11,897.88,44672.57,49031.76,49031.78999999999,0.02999999999155989,6.118479458237175e-07
2026-07-27 22:05:00,20190.47,898.36,44672.44,49031.38,49031.81,0.43000000000029104,8.76981698208349e-06
2026-07-27 22:06:00,20189.81,898.67,44672.35,49031.04,49031.815,0.7750000000014552,1.580606387916611e-05
2026-07-27 22:07:00,20189.23,899.07,44672.27,49030.74,49031.82,1.0800000000017462,2.2026512579009838e-05
2026-07-27 22:08:00,20189.32,899.15,44672.24,49030.75,49031.84,1.0899999999965075,2.2230452701683386e-05
2026-07-27 22:09:00,20189.92,899.19,44672.25,49031.0,49031.86,0.8600000000005821,1.7539616078210822e-05
2026-07-27 22:10:00,20190.49,899.23,44672.24,49031.22,49031.865000000005,0.6450000000040745,1.3154710717287104e-05
2026-07-27 22:11:00,20190.92,899.36,44672.18,49031.36,49031.87,0.5100000000020373,1.0401398111106863e-05
2026-07-27 22:12:00,20191.8,899.09,44672.27,49031.82,49031.875,0.05500000000029104,1.1217192897536763e-06
2026-07-27 22:13:00,20192.61,899.42,44672.18,49032.06,49031.88,0.18000000000029104,3.6710809375510594e-06
2026-07-27 22:14:00,20193.25,899.9,44671.98,49032.14,49031.884999999995,0.2550000000046566,5.200697464612193e-06
2026-07-27 22:15:00,20194.18,900.42,44671.7,49032.29,49031.89,0.4000000000014552,8.15795597521236e-06
2026-07-27 22:16:00,20195.02,900.74,44671.5,49032.43,49031.895000000004,0.5349999999962165,1.0911265004059428e-05
2026-07-27 22:17:00,20195.73,901.1,44671.29,49032.54,49031.9,0.6399999999994179,1.3052726898191134e-05
2026-07-27 22:18:00,20196.14,900.67,44671.38,49032.78,49031.905,0.875,1.7845523236349884e-05
2026-07-27 22:19:00,20196.34,900.22,44671.59,49033.03,49031.91,1.1199999999953434,2.284226741310594e-05
2026-07-27 22:20:00,20196.16,899.81,44671.59,49032.96,49031.92,1.0400000000008731,2.1210672557812812e-05
2026-07-27 22:21:00,20195.99,899.64,44671.7,49032.99,49031.93,1.0599999999976717,2.16185656978559e-05
2026-07-27 22:22:00,20195.9,899.57,44671.73,49032.98,49031.95,1.0300000000061118,2.1006710930446615e-05
2026-07-27 22:23:00,20195.55,899.94,44671.68,49032.82,49031.97,0.8499999999985448,1.733562816257525e-05
2026-07-27 22:24:00,20195.34,900.21,44671.62,49032.67,49031.97,0.6999999999970896,1.427639966326235e-05
2026-07-27 22:25:00,20195.18,900.37,44671.65,49032.62,49031.97,0.6500000000014552,1.3256656830256976e-05
2026-07-27 22:26:00,20195.32,900.25,44671.78,49032.8,49031.994999999995,0.805000000007567,1.6417851241981223e-05
2026-07-27 22:27:00,20195.25,900.15,44671.84,49032.82,49032.02,0.8000000000029104,1.6315868691579714e-05
2026-07-27 22:28:00,20195.45,900.29,44671.9,49032.96,49032.024999999994,0.9350000000049477,1.9069169588752407e-05
2026-07-27 22:29:00,20195.83,900.13,44671.96,49033.17,49032.03,1.139999999999418,2.3250108143583243e-05
2026-07-27 22:30:00,20195.77,899.79,44672.05,49033.22,49032.03,1.1900000000023283,2.4269849728888002e-05
2026-07-27 22:31:00,20195.82,899.43,44672.21,49033.36,49032.03,1.3300000000017462,2.712512616756325e-05
2026-07-27 22:32:00,20195.22,899.3,44672.11,49033.04,49032.03,1.0100000000020373,2.0598780021998627e-05
2026-07-27 22:33:00,20195.38,899.36,44672.34,49033.3,49032.03,1.2700000000040745,2.5901436265316256e-05
2026-07-27 22:34:00,20195.52,899.34,44672.4,49033.42,49032.03,1.389999999999418,2.8348816069810242e-05
2026-07-27 22:35:00,20195.55,898.95,44672.53,49033.55,49032.03,1.5200000000040745,3.1000144191543255e-05
2026-07-27 22:36:00,20195.29,898.76,44672.58,49033.48,49032.045,1.4350000000049477,2.9266574543340947e-05
2026-07-27 22:37:00,20195.38,898.42,44672.74,49033.65,49032.06,1.5900000000037835,3.2427762570118074e-05
2026-07-27 22:38:00,20195.18,898.5,44672.69,49033.52,49032.065,1.4549999999944703,2.9674458948332488e-05
2026-07-27 22:39:00,20194.81,898.2,44672.82,49033.49,49032.07,1.4199999999982538,2.896063739504071e-05
2026-07-27 22:40:00,20194.79,897.95,44673.0,49033.64,49032.104999999996,1.5350000000034925,3.1306018781031175e-05
2026-07-27 22:41:00,20193.52,898.93,44672.66,49032.82,49032.14,0.680000000000291,1.3868454446415984e-05
2026-07-27 22:42:00,20192.48,899.36,44672.6,49032.36,49032.14,0.22000000000116415,4.486852909156406e-06
2026-07-27 22:43:00,20192.21,899.67,44672.6,49032.26,49032.14,0.12000000000261934,2.4473743141257825e-06
2026-07-27 22:44:00,20191.92,899.47,44672.68,49032.22,49032.14,0.08000000000174623,1.631582876083855e-06
2026-07-27 22:45:00,20191.75,899.62,44672.79,49032.24,49032.14,0.09999999999854481,2.039478595030623e-06
2026-07-27 22:46:00,20191.85,899.93,44672.72,49032.22,49032.145000000004,0.07499999999708962,1.5296087902556498e-06
2026-07-27 22:47:00,20191.85,900.26,44672.85,49032.35,49032.15,0.19999999999708962,4.078956358166828e-06
2026-07-27 22:48:00,20191.83,900.74,44672.65,49032.17,49032.155,0.014999999999417923,3.0592169565906134e-07
2026-07-27 22:49:00,20191.9,900.58,44672.7,49032.25,49032.16,0.08999999999650754,1.8355299867782193e-06
2026-07-27 22:50:00,20191.9,900.43,44672.81,49032.34,49032.16,0.17999999999301508,3.6710599735564387e-06
2026-07-27 22:51:00,20192.02,901.09,44672.64,49032.25,49032.16,0.08999999999650754,1.8355299867782193e-06
2026-07-27 22:52:00,20192.24,900.69,44672.64,49032.34,49032.165,0.17499999999563443,3.569085721498009e-06
2026-07-27 22:53:00,20192.14,900.59,44672.75,49032.4,49032.17,0.23000000000320142,4.690797898669413e-06
2026-07-27 22:54:00,20192.19,900.58,44672.81,49032.47,49032.17,0.3000000000029104,6.118432041716905e-06
2026-07-27 22:55:00,20192.12,899.99,44673.03,49032.63,49032.17,0.4599999999991269,9.381595797190435e-06
2026-07-27 22:56:00,20191.88,899.9,44673.11,49032.59,49032.175,0.41499999999359716,8.463830127739533e-06
2026-07-27 22:57:00,20191.52,900.03,44673.01,49032.37,49032.18,0.1900000000023283,3.875006169465202e-06
2026-07-27 22:58:00,20191.19,900.33,44672.93,49032.16,49032.18,0.01999999999679858,4.078953861892043e-07
2026-07-27 22:59:00,20190.72,900.52,44672.84,49031.89,49032.18,0.2900000000008731,5.914483100708007e-06
2026-07-27 23:00:00,20190.41,900.71,44672.8,49031.73,49032.18,0.4499999999970896,9.177646190666816e-06
2026-07-27 23:01:00,20190.19,900.96,44672.62,49031.49,49032.18,0.6900000000023283,1.4072390825827615e-05
2026-07-27 23:02:00,20190.31,901.37,44672.6,49031.53,49032.18,0.6500000000014552,1.3256600053300816e-05
2026-07-27 23:03:00,20190.68,901.49,44672.54,49031.63,49032.18,0.5500000000029104,1.1217123122058011e-05
2026-07-27 23:04:00,20191.59,901.2,44672.77,49032.21,49032.19,0.01999999999679858,4.078953029998982e-07
2026-07-27 23:05:00,20192.22,900.7,44672.83,49032.51,49032.2,0.31000000000494765,6.32237590817764e-06
2026-07-27 23:06:00,20192.0,900.43,44672.81,49032.4,49032.2,0.20000000000436557,4.078952198848218e-06
2026-07-27 23:07:00,20189.85,900.84,44672.66,49031.38,49032.2,0.819999999999709,1.6723704014906714e-05
2026-07-27 23:08:00,20189.55,900.88,44672.83,49031.42,49032.205,0.7850000000034925,1.600988574761205e-05
2026-07-27 23:09:00,20190.78,900.42,44673.08,49032.14,49032.21,0.06999999999970896,1.4276329783974445e-06
2026-07-27 23:10:00,20191.96,900.3,44673.18,49032.71,49032.21,0.5,1.0197378417167001e-05
2026-07-27 23:11:00,20191.68,900.96,44672.9,49032.35,49032.21,0.13999999999941792,2.855265956794889e-06
2026-07-27 23:12:00,20191.29,900.87,44672.85,49032.16,49032.215,0.05499999999301508,1.1217115113607468e-06
2026-07-27 23:13:00,20191.14,900.29,44673.14,49032.34,49032.22,0.11999999999534339,2.447370320889884e-06
2026-07-27 23:14:00,20190.93,902.2,44673.02,49032.18,49032.22,0.040000000000873115,8.157901070127584e-07
2026-07-27 23:15:00,20191.2,903.89,44672.14,49031.53,49032.22,0.6900000000023283,1.4072379345710397e-05
2026-07-27 23:16:00,20191.36,904.63,44671.98,49031.47,49032.22,0.75,1.529606450615534e-05
2026-07-27 23:17:00,20191.4,906.65,44671.71,49031.25,49032.22,0.9700000000011642,1.9782910094651314e-05
2026-07-27 23:18:00,20192.0,907.67,44671.11,49030.98,49032.229999999996,1.249999999992724,2.5493435644120697e-05
2026-07-27 23:19:00,20191.14,906.66,44671.33,49030.82,49032.24,1.4199999999982538,2.896053698542538e-05
2026-07-27 23:20:00,20192.72,907.03,44671.7,49031.81,49032.244999999995,0.4349999999976717,8.871712890112858e-06
2026-07-27 23:21:00,20192.54,908.13,44671.14,49031.25,49032.25,1.0,2.039474019650332e-05
2026-07-27 23:22:00,20193.58,908.95,44671.12,49031.66,49032.25,0.5899999999965075,1.2032896715865732e-05
2026-07-27 23:23:00,20195.15,911.42,44670.49,49031.77,49032.25,0.4800000000032014,9.789475294386887e-06
2026-07-27 23:24:00,20196.15,911.56,44670.14,49031.86,49032.25,0.3899999999994179,7.953948676624424e-06
2026-07-27 23:25:00,20198.02,911.77,44670.16,49032.65,49032.25,0.4000000000014552,8.157896078631006e-06
2026-07-27 23:26:00,20199.62,911.83,44670.12,49033.28,49032.255000000005,1.0249999999941792,2.090460656957709e-05
2026-07-27 23:27:00,20200.88,911.2,44670.29,49033.91,49032.26,1.6500000000014552,3.3651314461162e-05
2026-07-27 23:28:00,20202.37,910.66,44670.52,49034.73,49032.275,2.4550000000017462,5.006906165381366e-05
2026-07-27 23:29:00,20202.64,910.67,44670.59,49034.89,49032.29,2.599999999998545,5.302628125258977e-05
2026-07-27 23:30:00,20202.6,911.13,44670.48,49034.81,49032.305,2.5049999999973807,5.108876688537038e-05
2026-07-27 23:31:00,20203.68,910.75,44670.7,49035.44,49032.32,3.1200000000026193,6.363149857079207e-05
2026-07-27 23:32:00,20204.06,911.97,44670.58,49035.48,49032.33,3.150000000001455,6.424332680093838e-05
2026-07-27 23:33:00,20204.82,912.44,44670.27,49035.53,49032.34,3.1900000000023283,6.505910180918e-05
2026-07-27 23:34:00,20205.37,912.96,44670.15,49035.65,49032.34,3.3100000000049477,6.750646614061144e-05
2026-07-27 23:35:00,20205.66,913.02,44670.19,49035.82,49032.34,3.4800000000032014,7.097356561002802e-05
2026-07-27 23:36:00,20205.92,913.95,44670.05,49035.81,49032.34,3.470000000001164,7.076961858237164e-05
2026-07-27 23:37:00,20206.39,915.65,44669.6,49035.63,49032.34,3.290000000000873,6.709857208529868e-05
2026-07-27 23:38:00,20206.57,916.37,44669.32,49035.46,49032.34,3.1200000000026193,6.363147261588209e-05
2026-07-27 23:39:00,20207.42,916.83,44669.25,49035.75,49032.34,3.4100000000034925,6.954593641673011e-05
2026-07-27 23:40:00,20207.43,917.16,44669.23,49035.74,49032.345,3.3949999999967986,6.924000881452434e-05
2026-07-27 23:41:00,20208.11,917.19,44669.28,49036.07,49032.35,3.720000000001164,7.586827879963258e-05
2026-07-27 23:42:00,20208.39,917.58,44669.27,49036.19,49032.35,3.8400000000037835,7.831564263193145e-05
2026-07-27 23:43:00,20208.79,917.58,44669.3,49036.39,49032.35,4.040000000000873,8.239458235228117e-05
2026-07-27 23:44:00,20209.04,917.6,44669.35,49036.53,49032.35,4.180000000000291,8.524984015655565e-05
2026-07-27 23:45:00,20209.17,917.53,44669.42,49036.65,49032.35,4.30000000000291,8.76972039888545e-05
2026-07-27 23:46:00,20209.4,917.46,44669.55,49036.85,49032.354999999996,4.495000000002619,9.167416086791303e-05
2026-07-27 23:47:00,20209.63,917.09,44669.71,49037.08,49032.36,4.720000000001164,9.626295776913785e-05
2026-07-27 23:48:00,20209.89,917.02,44669.9,49037.36,49032.36,5.0,0.00010197347221304461
2026-07-27 23:49:00,20210.31,916.86,44669.97,49037.57,49032.36,5.209999999999127,0.00010625635804597467
2026-07-27 23:50:00,20210.85,916.17,44670.17,49037.97,49032.365000000005,5.6049999999959255,0.00011431225069392277
2026-07-27 23:51:00,20210.83,915.6,44670.36,49038.13,49032.37,5.759999999994761,0.00011747341603097629
2026-07-27 23:52:00,20210.76,915.25,44670.53,49038.25,49032.385,5.864999999997963,0.00011961482191816617
2026-07-27 23:53:00,20210.36,915.53,44670.46,49038.03,49032.4,5.629999999997381,0.0001148220360414212
2026-07-27 23:54:00,20210.13,915.42,44670.52,49037.99,49032.4,5.5899999999965075,0.00011400624892920818
2026-07-27 23:55:00,20209.91,915.43,44670.54,49037.92,49032.4,5.519999999996799,0.00011257862148287252
2026-07-27 23:56:00,20209.56,915.51,44670.55,49037.79,49032.4,5.389999999999418,0.00010992731336829153
2026-07-27 23:57:00,20209.04,915.35,44670.59,49037.6,49032.4,5.19999999999709,0.00010605232458531684
2026-07-27 23:58:00,20209.11,915.29,44670.65,49037.68,49032.415,5.264999999999418,0.00010737794579360241
2026-07-27 23:59:00,20209.05,914.74,44670.79,49037.78,49032.43,5.349999999998545,0.00010911145949728669
