timestamp,Bx,By,Bz,B_total,B_baseline,delta_B,chi
2026-07-06 00:00:00,20154.68,914.71,44679.63,49023.86,49024.665,0.805000000000291,1.6420305982718924e-05
2026-07-06 00:01:00,20154.99,914.27,44679.78,49024.11,49024.66,0.5500000000029104,1.1218843741148033e-05
2026-07-06 00:02:00,20155.26,913.95,44679.88,49024.29,49024.66,0.37000000000261934,7.547222153149442e-06
2026-07-06 00:03:00,20155.51,913.77,44679.95,49024.45,49024.66,0.21000000000640284,4.283558519455368e-06
2026-07-06 00:04:00,20155.45,914.19,44679.8,49024.31,49024.655,0.34500000000116415,7.037275428071123e-06
2026-07-06 00:05:00,20155.14,914.72,44679.58,49023.99,49024.65,0.6600000000034925,1.3462615235468125e-05
2026-07-06 00:06:00,20155.03,915.0,44679.47,49023.86,49024.65,0.7900000000008731,1.6114342478750446e-05
2026-07-06 00:07:00,20155.45,914.83,44679.58,49024.11,49024.65,0.5400000000008731,1.1014867010797081e-05
2026-07-06 00:08:00,20155.55,915.11,44679.52,49024.09,49024.645000000004,0.555000000007567,1.1320836693617403e-05
2026-07-06 00:09:00,20155.83,915.31,44679.43,49024.14,49024.64,0.5,1.0198953016279162e-05
2026-07-06 00:10:00,20156.25,914.94,44679.49,49024.36,49024.64,0.27999999999883585,5.711413689092584e-06
2026-07-06 00:11:00,20156.36,914.82,44679.53,49024.44,49024.64,0.19999999999708962,4.079581206452298e-06
2026-07-06 00:12:00,20156.22,915.14,44679.4,49024.27,49024.634999999995,0.36499999999796273,7.445236461178401e-06
2026-07-06 00:13:00,20156.65,914.65,44679.56,49024.57,49024.63,0.059999999997671694,1.2238746115508e-06
2026-07-06 00:14:00,20156.74,914.35,44679.69,49024.73,49024.625,0.10500000000320142,2.141780788801575e-06
2026-07-06 00:15:00,20156.83,914.34,44679.76,49024.83,49024.62,0.20999999999912689,4.283562014333347e-06
2026-07-06 00:16:00,20156.85,914.62,44679.7,49024.78,49024.62,0.1599999999962165,3.2636662965713245e-06
2026-07-06 00:17:00,20156.77,914.78,44679.63,49024.69,49024.62,0.06999999999970896,1.4278540047777822e-06
2026-07-06 00:18:00,20156.93,914.57,44679.73,49024.83,49024.61,0.22000000000116415,4.487542073280423e-06
2026-07-06 00:19:00,20156.87,914.55,44679.74,49024.82,49024.6,0.22000000000116415,4.487542988645785e-06
2026-07-06 00:20:00,20156.63,914.79,44679.71,49024.7,49024.585,0.11499999999796273,2.345761825377262e-06
2026-07-06 00:21:00,20156.32,915.35,44679.54,49024.42,49024.57,0.1500000000014552,3.0596902737026594e-06
2026-07-06 00:22:00,20156.14,915.35,44679.47,49024.31,49024.57,0.26000000000203727,5.303463141074715e-06
2026-07-06 00:23:00,20155.85,915.55,44679.5,49024.23,49024.57,0.33999999999650754,6.935297953587508e-06
2026-07-06 00:24:00,20155.95,915.84,44679.49,49024.27,49024.565,0.29500000000552973,6.017391485381456e-06
2026-07-06 00:25:00,20156.22,916.1,44679.45,49024.34,49024.56,0.22000000000116415,4.487546650110968e-06
2026-07-06 00:26:00,20156.52,916.25,44679.42,49024.43,49024.555,0.125,2.549742674869767e-06
2026-07-06 00:27:00,20156.71,916.32,44679.44,49024.52,49024.55,0.030000000006111804,6.119383045048206e-07
2026-07-06 00:28:00,20156.81,916.53,44679.43,49024.56,49024.54,0.01999999999679858,4.079589527367024e-07
2026-07-06 00:29:00,20156.5,916.71,44679.4,49024.39,49024.53,0.13999999999941792,2.855713252109055e-06
2026-07-06 00:30:00,20155.87,916.85,44679.38,49024.12,49024.53,0.4099999999962165,8.36316023827697e-06
2026-07-06 00:31:00,20155.46,917.25,44679.39,49023.96,49024.53,0.569999999999709,1.1626832526486413e-05
2026-07-06 00:32:00,20155.37,917.44,44679.4,49023.94,49024.524999999994,0.5849999999918509,1.1932803020362787e-05
2026-07-06 00:33:00,20155.42,917.64,44679.43,49023.99,49024.52,0.5299999999988358,1.0810916659639622e-05
2026-07-06 00:34:00,20155.67,917.74,44679.47,49024.14,49024.52,0.37999999999738066,7.751223265365591e-06
2026-07-06 00:35:00,20155.61,918.12,44679.49,49024.14,49024.52,0.37999999999738066,7.751223265365591e-06
2026-07-06 00:36:00,20155.37,918.59,44679.42,49023.99,49024.52,0.5299999999988358,1.0810916659639622e-05
2026-07-06 00:37:00,20155.28,918.94,44679.39,49023.93,49024.52,0.5899999999965075,1.203479401728987e-05
2026-07-06 00:38:00,20155.39,919.07,44679.39,49023.98,49024.52,0.5399999999935972,1.1014896219149054e-05
2026-07-06 00:39:00,20155.5,918.9,44679.47,49024.1,49024.52,0.41999999999825377,8.56714150384856e-06
2026-07-06 00:40:00,20155.64,919.01,44679.56,49024.23,49024.515,0.2849999999962165,5.813418041896315e-06
2026-07-06 00:41:00,20155.6,918.97,44679.57,49024.23,49024.51,0.27999999999883585,5.711428834247111e-06
2026-07-06 00:42:00,20155.5,918.87,44679.65,49024.25,49024.5,0.25,5.099491070791135e-06
2026-07-06 00:43:00,20155.35,918.88,44679.69,49024.24,49024.49,0.25,5.099492110983715e-06
2026-07-06 00:44:00,20155.23,919.24,44679.69,49024.19,49024.485,0.29499999999825377,6.017401304638973e-06
2026-07-06 00:45:00,20155.13,919.39,44679.63,49024.1,49024.48,0.3800000000046566,7.751229589883596e-06
2026-07-06 00:46:00,20154.91,919.51,44679.71,49024.08,49024.475000000006,0.39500000000407454,8.057200000695051e-06
2026-07-06 00:47:00,20154.54,920.2,44679.57,49023.82,49024.47,0.6500000000014552,1.3258684897592063e-05
2026-07-06 00:48:00,20154.34,921.22,44679.3,49023.51,49024.47,0.9599999999991269,1.9582057694843552e-05
2026-07-06 00:49:00,20154.17,921.89,44679.17,49023.32,49024.47,1.1500000000014552,2.3457673280332354e-05
2026-07-06 00:50:00,20154.14,922.53,44679.05,49023.21,49024.47,1.2600000000020373,2.570145072454709e-05
2026-07-06 00:51:00,20154.51,922.61,44679.09,49023.41,49024.47,1.0599999999976717,2.162185537136193e-05
2026-07-06 00:52:00,20155.1,922.15,44679.24,49023.78,49024.465,0.6849999999976717,1.3972615509372141e-05
2026-07-06 00:53:00,20155.45,921.5,44679.48,49024.13,49024.46,0.33000000000174623,6.731333705700098e-06
2026-07-06 00:54:00,20155.77,921.19,44679.67,49024.42,49024.46,0.040000000000873115,8.159192370680496e-07
2026-07-06 00:55:00,20156.25,921.1,44679.75,49024.7,49024.46,0.23999999999796273,4.895515422259883e-06
2026-07-06 00:56:00,20156.41,921.42,44679.62,49024.65,49024.46,0.1900000000023283,3.875616376036132e-06
2026-07-06 00:57:00,20156.19,921.46,44679.58,49024.53,49024.46,0.06999999999970896,1.4278586648319832e-06
2026-07-06 00:58:00,20156.03,921.88,44679.46,49024.36,49024.46,0.09999999999854481,2.0397980925959167e-06
2026-07-06 00:59:00,20156.38,922.26,44679.49,49024.53,49024.46,0.06999999999970896,1.4278586648319832e-06
2026-07-06 01:00:00,20156.93,922.96,44679.26,49024.57,49024.455,0.11499999999796273,2.3457680457225425e-06
2026-07-06 01:01:00,20157.17,923.72,44679.02,49024.46,49024.45,0.010000000002037268,2.039798509118872e-07
2026-07-06 01:02:00,20156.97,924.24,44678.84,49024.22,49024.45,0.22999999999592546,4.691536569934502e-06
2026-07-06 01:03:00,20157.08,924.44,44678.83,49024.26,49024.45,0.18999999999505235,3.875617166435368e-06
2026-07-06 01:04:00,20157.62,924.62,44678.88,49024.52,49024.445,0.07499999999708962,1.529849037497306e-06
2026-07-06 01:05:00,20158.08,925.37,44678.68,49024.55,49024.44,0.11000000000058208,2.243778817271183e-06
2026-07-06 01:06:00,20158.33,925.59,44678.53,49024.52,49024.44,0.07999999999447027,1.6318391397121571e-06
2026-07-06 01:07:00,20158.44,926.04,44678.42,49024.47,49024.44,0.029999999998835847,6.119396774106108e-07
2026-07-06 01:08:00,20159.0,925.46,44678.61,49024.86,49024.435,0.4250000000029104,8.669146314545194e-06
2026-07-06 01:09:00,20159.39,925.2,44678.77,49025.16,49024.43,0.7300000000032014,1.4890535188337762e-05
2026-07-06 01:10:00,20159.37,925.32,44678.79,49025.17,49024.425,0.7449999999953434,1.519650663919757e-05
2026-07-06 01:11:00,20159.33,925.57,44678.71,49025.09,49024.42,0.6699999999982538,1.366665837144537e-05
2026-07-06 01:12:00,20159.48,925.2,44678.84,49025.26,49024.42,0.8400000000037835,1.713431795835185e-05
2026-07-06 01:13:00,20159.23,925.05,44678.97,49025.27,49024.42,0.8499999999985448,1.7338297933938736e-05
2026-07-06 01:14:00,20158.93,925.18,44678.94,49025.13,49024.41,0.7199999999938882,1.4686561245589455e-05
2026-07-06 01:15:00,20158.56,925.12,44679.04,49025.06,49024.4,0.6599999999962165,1.346268388794593e-05
2026-07-06 01:16:00,20158.11,925.35,44679.06,49024.9,49024.395000000004,0.5049999999973807,1.0300994025472024e-05
2026-07-06 01:17:00,20158.07,925.75,44679.02,49024.86,49024.39,0.47000000000116415,9.5870647243375e-06
2026-07-06 01:18:00,20158.17,925.7,44679.06,49024.94,49024.39,0.5500000000029104,1.1218905528511632e-05
2026-07-06 01:19:00,20158.34,925.68,44679.15,49025.09,49024.39,0.6999999999970896,1.427860703615261e-05
2026-07-06 01:20:00,20158.14,925.9,44679.11,49024.98,49024.384999999995,0.5950000000084401,1.213681721878694e-05
2026-07-06 01:21:00,20157.58,926.46,44679.01,49024.66,49024.38,0.2800000000061118,5.711443979630376e-06
2026-07-06 01:22:00,20157.19,926.81,44678.95,49024.46,49024.375,0.08499999999912689,1.733831384880009e-06
2026-07-06 01:23:00,20156.81,926.96,44678.99,49024.34,49024.37,0.030000000006111804,6.119405513240007e-07
2026-07-06 01:24:00,20156.57,927.07,44679.04,49024.31,49024.365000000005,0.055000000007566996,1.1218911251082393e-06
2026-07-06 01:25:00,20156.48,926.93,44679.19,49024.39,49024.36,0.029999999998835847,6.119406759993572e-07
2026-07-06 01:26:00,20156.16,926.89,44679.31,49024.38,49024.36,0.01999999999679858,4.079604506167664e-07
2026-07-06 01:27:00,20155.76,926.84,44679.37,49024.27,49024.36,0.0900000000037835,1.8358220281464867e-06
2026-07-06 01:28:00,20155.83,926.43,44679.59,49024.49,49024.35,0.13999999999941792,2.855723737273782e-06
2026-07-06 01:29:00,20156.2,925.87,44679.84,49024.85,49024.34,0.5100000000020373,1.0402995736445147e-05
2026-07-06 01:30:00,20156.51,925.51,44679.99,49025.11,49024.34,0.7700000000040745,1.5706483758966965e-05
2026-07-06 01:31:00,20156.96,924.61,44680.22,49025.49,49024.34,1.1500000000014552,2.3457735484076998e-05
2026-07-06 01:32:00,20157.36,923.87,44680.51,49025.88,49024.325,1.555000000000291,3.171894768567015e-05
2026-07-06 01:33:00,20157.89,923.19,44680.67,49026.24,49024.31,1.930000000000291,3.936822364252126e-05
2026-07-06 01:34:00,20157.88,922.76,44680.75,49026.3,49024.31,1.9900000000052387,4.0592106242907626e-05
2026-07-06 01:35:00,20157.62,922.47,44680.81,49026.25,49024.31,1.9400000000023283,3.957220407594372e-05
2026-07-06 01:36:00,20157.71,922.18,44680.91,49026.36,49024.31,2.0500000000029104,4.181598884314558e-05
2026-07-06 01:37:00,20157.71,922.26,44680.85,49026.3,49024.31,1.9900000000052387,4.0592106242907626e-05
2026-07-06 01:38:00,20157.6,922.26,44680.74,49026.18,49024.31,1.8700000000026193,3.8144341042283294e-05
2026-07-06 01:39:00,20157.32,922.1,44680.75,49026.07,49024.31,1.7600000000020373,3.590055627508143e-05
2026-07-06 01:40:00,20157.03,921.65,44680.83,49026.03,49024.3,1.7299999999959255,3.5288622173002474e-05
2026-07-06 01:41:00,20156.76,921.08,44681.0,49026.05,49024.29,1.7600000000020373,3.590057092110946e-05
2026-07-06 01:42:00,20156.62,920.76,44681.17,49026.13,49024.29,1.8399999999965075,3.753241505377248e-05
2026-07-06 01:43:00,20156.45,920.64,44681.2,49026.09,49024.29,1.7999999999956344,3.671649298736676e-05
2026-07-06 01:44:00,20156.29,920.7,44681.09,49025.94,49024.28,1.6600000000034925,3.3860772662107274e-05
2026-07-06 01:45:00,20156.03,920.14,44681.09,49025.82,49024.27,1.5500000000029104,3.161699297109188e-05
2026-07-06 01:46:00,20155.83,919.09,44681.39,49025.99,49024.27,1.7200000000011642,3.508466316787918e-05
2026-07-06 01:47:00,20155.52,918.5,44681.6,49026.05,49024.27,1.7800000000061118,3.6308546766858784e-05
2026-07-06 01:48:00,20155.15,918.17,44681.62,49025.91,49024.27,1.6400000000066939,3.345281836948707e-05
2026-07-06 01:49:00,20155.15,917.76,44681.74,49026.01,49024.27,1.7400000000052387,3.549262436758852e-05
2026-07-06 01:50:00,20155.35,917.39,44681.74,49026.07,49024.265,1.805000000000291,3.6818502021402895e-05
2026-07-06 01:51:00,20155.64,917.02,44681.76,49026.22,49024.26,1.9599999999991269,3.9980205718538673e-05
2026-07-06 01:52:00,20155.73,917.17,44681.58,49026.1,49024.26,1.8399999999965075,3.7532438021430764e-05
2026-07-06 01:53:00,20155.98,917.1,44681.45,49026.09,49024.26,1.8299999999944703,3.7328457379968005e-05
2026-07-06 01:54:00,20155.92,917.01,44681.32,49025.94,49024.255000000005,1.6849999999976717,3.437074158490877e-05
2026-07-06 01:55:00,20155.92,916.99,44681.25,49025.86,49024.25,1.610000000000582,3.284088996773193e-05
2026-07-06 01:56:00,20156.14,916.68,44681.22,49025.91,49024.244999999995,1.665000000008149,3.396278718842379e-05
2026-07-06 01:57:00,20156.17,915.91,44681.33,49026.0,49024.24,1.7600000000020373,3.590060753623182e-05
2026-07-06 01:58:00,20156.14,915.43,44681.46,49026.11,49024.235,1.875,3.824638977028402e-05
2026-07-06 01:59:00,20156.0,915.5,44681.41,49026.01,49024.23,1.7799999999988358,3.630857639169112e-05
2026-07-06 02:00:00,20156.35,915.73,44681.27,49026.02,49024.23,1.7899999999935972,3.6512557157829854e-05
2026-07-06 02:01:00,20156.84,915.78,44681.14,49026.11,49024.23,1.8799999999973807,3.834838405411733e-05
2026-07-06 02:02:00,20157.28,915.73,44681.06,49026.21,49024.23,1.9799999999959255,4.038819171654354e-05
2026-07-06 02:03:00,20157.66,915.62,44680.99,49026.31,49024.23,2.0799999999944703,4.242799937896975e-05
2026-07-06 02:04:00,20157.94,915.77,44680.88,49026.31,49024.23,2.0799999999944703,4.242799937896975e-05
2026-07-06 02:05:00,20157.97,915.88,44680.75,49026.22,49024.23,1.9899999999979627,4.0592172482830685e-05
2026-07-06 02:06:00,20158.31,915.58,44680.77,49026.37,49024.225000000006,2.1449999999967986,4.375387882208843e-05
2026-07-06 02:07:00,20158.59,914.96,44680.9,49026.6,49024.22,2.3799999999973807,4.8547432269139226e-05
2026-07-06 02:08:00,20159.27,913.81,44681.18,49027.11,49024.22,2.889999999999418,5.895045346972206e-05
2026-07-06 02:09:00,20159.6,912.73,44681.44,49027.46,49024.22,3.2399999999979627,6.608978174457365e-05
2026-07-06 02:10:00,20159.51,911.75,44681.67,49027.61,49024.205,3.404999999998836,6.945548632555767e-05
2026-07-06 02:11:00,20159.62,910.88,44681.95,49027.9,49024.19,3.709999999999127,7.56769260236452e-05
2026-07-06 02:12:00,20159.94,910.22,44682.08,49028.13,49024.18,3.9499999999970896,8.057248484313434e-05
2026-07-06 02:13:00,20160.36,909.84,44682.05,49028.28,49024.17,4.110000000000582,8.38361975327799e-05
2026-07-06 02:14:00,20161.05,908.53,44682.22,49028.71,49024.17,4.540000000000873,9.260738121626278e-05
2026-07-06 02:15:00,20161.78,907.55,44682.5,49029.23,49024.17,5.060000000004948,0.00010321439404287616
2026-07-06 02:16:00,20161.47,907.72,44682.32,49028.92,49024.17,4.75,9.689098255003603e-05
2026-07-06 02:17:00,20161.6,908.22,44682.05,49028.75,49024.17,4.580000000001746,9.342330527985984e-05
2026-07-06 02:18:00,20161.84,907.94,44681.86,49028.67,49024.155,4.514999999999418,9.209745685569528e-05
2026-07-06 02:19:00,20161.85,907.59,44681.94,49028.72,49024.14,4.580000000001746,9.342336244963698e-05
2026-07-06 02:20:00,20161.4,907.59,44681.84,49028.45,49024.14,4.309999999997672,8.791587165012322e-05
2026-07-06 02:21:00,20160.87,907.55,44681.76,49028.16,49024.14,4.0200000000040745,8.200041856938387e-05
2026-07-06 02:22:00,20161.12,907.43,44681.78,49028.28,49024.14,4.139999999999418,8.444819225792472e-05
2026-07-06 02:23:00,20161.05,907.45,44681.63,49028.11,49024.14,3.970000000001164,8.098051286572623e-05
2026-07-06 02:24:00,20160.51,907.68,44681.54,49027.81,49024.14,3.6699999999982538,7.486107864407727e-05
2026-07-06 02:25:00,20159.92,908.28,44681.41,49027.46,49024.14,3.319999999999709,6.772173871891907e-05
2026-07-06 02:26:00,20160.33,908.59,44681.29,49027.54,49024.134999999995,3.405000000006112,6.945558549898151e-05
2026-07-06 02:27:00,20160.92,908.52,44681.23,49027.72,49024.13,3.5900000000037835,7.322924445581765e-05
2026-07-06 02:28:00,20161.14,908.16,44681.07,49027.65,49024.125,3.525000000001455,7.190337410410599e-05
2026-07-06 02:29:00,20161.16,908.15,44680.95,49027.57,49024.12,3.4499999999970896,7.037352225796383e-05
2026-07-06 02:30:00,20161.41,908.06,44681.0,49027.71,49024.12,3.5899999999965075,7.322925939306013e-05
2026-07-06 02:31:00,20161.12,907.99,44680.89,49027.49,49024.12,3.3699999999953434,6.874167246643781e-05
2026-07-06 02:32:00,20161.11,907.73,44680.87,49027.47,49024.115000000005,3.3549999999959255,6.843570761034493e-05
2026-07-06 02:33:00,20161.35,907.49,44680.88,49027.56,49024.11,3.4499999999970896,7.037353661284396e-05
2026-07-06 02:34:00,20161.46,907.32,44680.79,49027.52,49024.11,3.4099999999962165,6.955761155064756e-05
2026-07-06 02:35:00,20161.5,906.92,44680.8,49027.54,49024.11,3.430000000000291,6.996557408181996e-05
2026-07-06 02:36:00,20161.42,906.61,44680.88,49027.58,49024.104999999996,3.4750000000058208,7.088349700633639e-05
2026-07-06 02:37:00,20161.8,906.08,44681.19,49028.0,49024.1,3.900000000001455,7.955270978970456e-05
2026-07-06 02:38:00,20161.97,905.8,44681.48,49028.34,49024.1,4.239999999997963,8.648807423283574e-05
2026-07-06 02:39:00,20161.93,905.99,44681.7,49028.51,49024.1,4.4100000000034925,8.995575645454976e-05
2026-07-06 02:40:00,20161.99,905.92,44681.42,49028.28,49024.095,4.184999999997672,8.53661857500413e-05
2026-07-06 02:41:00,20161.89,906.18,44681.29,49028.12,49024.09,4.030000000006112,8.220448355096672e-05
2026-07-06 02:42:00,20161.6,906.67,44680.97,49027.73,49024.085,3.6450000000040745,7.435120920674143e-05
2026-07-06 02:43:00,20161.47,907.63,44680.67,49027.42,49024.08,3.3399999999965075,6.812978438343988e-05
2026-07-06 02:44:00,20161.42,908.35,44680.35,49027.12,49024.08,3.040000000000873,6.201034267243512e-05
2026-07-06 02:45:00,20161.23,909.47,44679.96,49026.71,49024.08,2.6299999999973807,5.3647105667202334e-05
2026-07-06 02:46:00,20161.27,910.47,44679.69,49026.5,49024.04,2.459999999999127,5.017946297365796e-05
2026-07-06 02:47:00,20161.22,910.69,44679.56,49026.37,49024.0,2.3700000000026193,4.834366840736413e-05
2026-07-06 02:48:00,20161.12,911.04,44679.53,49026.3,49023.994999999995,2.305000000007567,4.7017792001805793e-05
2026-07-06 02:49:00,20160.99,911.71,44679.38,49026.12,49023.99,2.1300000000046566,4.34481159123249e-05
2026-07-06 02:50:00,20160.8,912.42,44679.16,49025.86,49023.99,1.8700000000026193,3.8144590026283446e-05
2026-07-06 02:51:00,20160.7,913.12,44679.0,49025.67,49023.99,1.680000000000291,3.426893649415911e-05
2026-07-06 02:52:00,20160.45,913.47,44678.94,49025.51,49023.99,1.5200000000040745,3.1005228256697884e-05
2026-07-06 02:53:00,20160.17,913.72,44678.92,49025.4,49023.99,1.4100000000034925,2.8761428843378365e-05
2026-07-06 02:54:00,20160.09,913.63,44679.01,49025.45,49023.985,1.4649999999965075,2.9883331597717067e-05
2026-07-06 02:55:00,20159.89,913.24,44679.05,49025.4,49023.98,1.4199999999982538,2.8965416516534433e-05
2026-07-06 02:56:00,20159.45,913.11,44679.28,49025.43,49023.97,1.4599999999991269,2.978134981722465e-05
2026-07-06 02:57:00,20159.11,913.07,44679.4,49025.41,49023.96,1.4500000000043656,2.9577374002515618e-05
2026-07-06 02:58:00,20158.75,913.0,44679.43,49025.29,49023.96,1.3300000000017462,2.7129591326399302e-05
2026-07-06 02:59:00,20158.4,913.4,44679.42,49025.16,49023.96,1.2000000000043656,2.4477826760717934e-05
2026-07-06 03:00:00,20158.18,913.84,44679.43,49025.09,49023.955,1.1349999999947613,2.315194683894356e-05
2026-07-06 03:01:00,20157.91,914.39,44679.47,49025.02,49023.95,1.069999999999709,2.1826066647010472e-05
2026-07-06 03:02:00,20157.73,914.93,44679.51,49024.99,49023.945,1.0449999999982538,2.131611399283052e-05
2026-07-06 03:03:00,20157.21,915.12,44679.37,49024.65,49023.94,0.7099999999991269,1.448272007511283e-05
2026-07-06 03:04:00,20156.93,915.41,44679.29,49024.45,49023.935,0.5149999999994179,1.0505072675202795e-05
2026-07-06 03:05:00,20156.8,915.87,44679.26,49024.4,49023.93,0.47000000000116415,9.587154681421178e-06
2026-07-06 03:06:00,20156.66,916.1,44679.15,49024.26,49023.925,0.3349999999991269,6.833398182604246e-06
2026-07-06 03:07:00,20156.32,915.96,44679.15,49024.12,49023.92,0.20000000000436557,4.079641122218819e-06
2026-07-06 03:08:00,20156.11,915.9,44679.3,49024.17,49023.91,0.2599999999947613,5.303534540487719e-06
2026-07-06 03:09:00,20155.87,916.14,44679.4,49024.17,49023.9,0.2699999999967986,5.5075177616794786e-06
2026-07-06 03:10:00,20155.54,916.29,44679.31,49023.96,49023.9,0.059999999997671694,1.2238928358957915e-06
2026-07-06 03:11:00,20155.66,916.47,44679.45,49024.14,49023.9,0.23999999999796273,4.8955713437315825e-06
2026-07-06 03:12:00,20155.57,916.52,44679.52,49024.17,49023.880000000005,0.28999999999359716,5.915484453568284e-06
2026-07-06 03:13:00,20155.04,916.95,44679.39,49023.82,49023.86,0.040000000000873115,8.15929223053287e-07
2026-07-06 03:14:00,20154.3,917.23,44679.12,49023.27,49023.86,0.5900000000037835,1.2034956039850463e-05
2026-07-06 03:15:00,20154.04,917.32,44678.98,49023.04,49023.86,0.819999999999709,1.6726549072221343e-05
2026-07-06 03:16:00,20154.1,917.67,44679.23,49023.29,49023.845,0.555000000000291,1.1321021433555264e-05
2026-07-06 03:17:00,20153.88,917.73,44679.32,49023.28,49023.83,0.5500000000029104,1.1219033682250252e-05
2026-07-06 03:18:00,20153.72,918.01,44679.35,49023.27,49023.825,0.555000000000291,1.1321026052134673e-05
2026-07-06 03:19:00,20153.79,917.88,44679.49,49023.43,49023.82,0.3899999999994179,7.95531641555917e-06
2026-07-06 03:20:00,20153.55,918.06,44679.59,49023.41,49023.82,0.4099999999962165,8.363281359882125e-06
2026-07-06 03:21:00,20153.5,918.14,44679.48,49023.28,49023.82,0.5400000000008731,1.1015053498500792e-05
2026-07-06 03:22:00,20153.58,918.25,44679.54,49023.37,49023.8,0.43000000000029104,8.771249882715968e-06
2026-07-06 03:23:00,20153.42,918.54,44679.39,49023.16,49023.78,0.6199999999953434,1.2646923594943993e-05
2026-07-06 03:24:00,20153.38,918.74,44679.3,49023.1,49023.770000000004,0.6700000000055297,1.3666839576098078e-05
2026-07-06 03:25:00,20153.41,918.98,44679.32,49023.11,49023.76,0.6500000000014552,1.3258876920119043e-05
2026-07-06 03:26:00,20153.47,919.31,44679.26,49023.1,49023.729999999996,0.6299999999973807,1.2850919340437391e-05
2026-07-06 03:27:00,20153.7,919.42,44679.34,49023.29,49023.7,0.4099999999962165,8.363301831485925e-06
2026-07-06 03:28:00,20153.62,919.19,44679.38,49023.28,49023.649999999994,0.3699999999953434,7.547377643144552e-06
2026-07-06 03:29:00,20153.44,919.24,44679.3,49023.16,49023.6,0.43999999999505235,8.97526905398731e-06
2026-07-06 03:30:00,20153.63,919.54,44679.43,49023.35,49023.59,0.23999999999796273,4.895602300809932e-06
2026-07-06 03:31:00,20153.67,919.72,44679.34,49023.3,49023.58,0.27999999999883585,5.711537182695263e-06
2026-07-06 03:32:00,20153.89,919.96,44679.44,49023.47,49023.565,0.09500000000116415,1.937843565664067e-06
2026-07-06 03:33:00,20153.48,919.93,44679.26,49023.15,49023.55,0.4000000000014552,8.15934382559923e-06
2026-07-06 03:34:00,20153.19,919.93,44679.12,49022.89,49023.54,0.6500000000014552,1.3258936421185723e-05
2026-07-06 03:35:00,20153.05,920.05,44679.15,49022.87,49023.53,0.6599999999962165,1.346292280454338e-05
2026-07-06 03:36:00,20152.78,920.29,44679.32,49022.91,49023.520000000004,0.6100000000005821,1.2443006948513326e-05
2026-07-06 03:37:00,20152.33,920.66,44679.05,49022.48,49023.51,1.0299999999988358,2.1010327493866427e-05
2026-07-06 03:38:00,20152.6,920.91,44679.17,49022.72,49023.5,0.7799999999988358,1.5910736687483265e-05
2026-07-06 03:39:00,20153.01,921.5,44679.62,49023.3,49023.49,0.18999999999505235,3.875693060511448e-06
2026-07-06 03:40:00,20152.52,921.85,44678.99,49022.53,49023.479999999996,0.9499999999970896,1.9378469255897167e-05
2026-07-06 03:41:00,20151.98,922.44,44678.69,49022.03,49023.47,1.4400000000023283,2.9373685706098085e-05
2026-07-06 03:42:00,20152.42,922.47,44678.93,49022.46,49023.45,0.9899999999979627,2.019441716154132e-05
2026-07-06 03:43:00,20152.43,922.44,44679.03,49022.52,49023.43,0.9100000000034925,1.8562552640716744e-05
2026-07-06 03:44:00,20152.58,922.65,44679.04,49022.59,49023.42,0.8300000000017462,1.6930683334654055e-05
2026-07-06 03:45:00,20152.92,922.73,44679.23,49022.92,49023.41,0.4900000000052387,9.995224730495872e-06
2026-07-06 03:46:00,20153.15,922.41,44679.38,49023.14,49023.41,0.27000000000407454,5.507572810705631e-06
2026-07-06 03:47:00,20153.31,922.62,44679.75,49023.55,49023.41,0.13999999999941792,2.855778494384987e-06
2026-07-06 03:48:00,20153.01,922.66,44679.4,49023.1,49023.405,0.30500000000029104,6.221518068773294e-06
2026-07-06 03:49:00,20152.88,923.05,44679.3,49022.99,49023.4,0.41000000000349246,8.363353011082308e-06
2026-07-06 03:50:00,20153.02,923.31,44679.4,49023.14,49023.39,0.25,5.099606534758204e-06
2026-07-06 03:51:00,20152.73,923.45,44679.43,49023.04,49023.38,0.33999999999650754,6.935466301925889e-06
2026-07-06 03:52:00,20152.5,923.4,44679.45,49022.98,49023.375,0.3949999999967986,8.057380790220962e-06
2026-07-06 03:53:00,20152.41,923.94,44679.41,49022.91,49023.37,0.4599999999991269,9.383279852020106e-06
2026-07-06 03:54:00,20152.47,923.9,44679.37,49022.91,49023.365000000005,0.45500000000174623,9.281288626387564e-06
2026-07-06 03:55:00,20152.68,923.87,44679.71,49023.31,49023.36,0.05000000000291038,1.0199219311550735e-06
2026-07-06 03:56:00,20152.66,924.3,44679.78,49023.36,49023.365000000005,0.005000000004656613,1.0199218280215184e-07
2026-07-06 03:57:00,20152.71,924.38,44679.53,49023.15,49023.37,0.22000000000116415,4.4876555814331845e-06
2026-07-06 03:58:00,20152.95,924.52,44679.55,49023.26,49023.375,0.11499999999796273,2.3458197237126725e-06
2026-07-06 03:59:00,20153.04,924.62,44679.41,49023.19,49023.38,0.18999999999505235,3.875701756897471e-06
2026-07-06 04:00:00,20153.12,924.45,44679.54,49023.33,49023.39,0.059999999997671694,1.2239055682944752e-06
2026-07-06 04:01:00,20153.11,924.14,44679.42,49023.21,49023.4,0.1900000000023283,3.875700175881891e-06
2026-07-06 04:02:00,20153.31,923.77,44679.68,49023.53,49023.405,0.125,2.5498024871997367e-06
2026-07-06 04:03:00,20153.43,923.11,44680.06,49023.9,49023.41,0.48999999999796273,9.995224730347455e-06
2026-07-06 04:04:00,20153.35,923.13,44680.11,49023.92,49023.41,0.5099999999947613,1.0403193086624558e-05
2026-07-06 04:05:00,20153.76,922.47,44680.63,49024.52,49023.41,1.1099999999933061,2.2642243776867136e-05
2026-07-06 04:06:00,20153.76,922.32,44680.53,49024.44,49023.42,1.0200000000040745,2.0806381929373236e-05
2026-07-06 04:07:00,20153.92,922.03,44680.24,49024.22,49023.43,0.7900000000008731,1.6114743501237535e-05
2026-07-06 04:08:00,20154.86,921.61,44680.65,49025.0,49023.45,1.5500000000029104,3.1617521818699225e-05
2026-07-06 04:09:00,20155.39,921.2,44680.74,49025.29,49023.47,1.819999999999709,3.7125074989585784e-05
2026-07-06 04:10:00,20155.46,920.1,44680.54,49025.11,49023.479999999996,1.6300000000046566,3.3249373565578305e-05
2026-07-06 04:11:00,20155.97,919.24,44680.67,49025.42,49023.49,1.930000000000291,3.936888214201582e-05
2026-07-06 04:12:00,20156.67,919.02,44680.64,49025.67,49023.5,2.1699999999982538,4.426448539982363e-05
2026-07-06 04:13:00,20157.79,918.18,44681.13,49026.55,49023.51,3.040000000000873,6.201106367130532e-05
2026-07-06 04:14:00,20157.94,917.86,44680.79,49026.29,49023.520000000004,2.7699999999967986,5.650349056935933e-05
2026-07-06 04:15:00,20158.27,917.25,44680.72,49026.35,49023.53,2.819999999999709,5.752339743791826e-05
2026-07-06 04:16:00,20158.87,916.49,44680.74,49026.6,49023.54,3.0599999999976717,6.241899299801018e-05
2026-07-06 04:17:00,20159.28,915.93,44680.95,49026.94,49023.55,3.389999999999418,6.915043892169004e-05
2026-07-06 04:18:00,20158.98,915.9,44680.79,49026.7,49023.565,3.1349999999947613,6.39488376660237e-05
2026-07-06 04:19:00,20158.49,916.76,44680.14,49025.93,49023.58,2.349999999998545,4.793611564064772e-05
2026-07-06 04:20:00,20158.91,916.87,44679.89,49025.88,49023.59,2.290000000000873,4.671220528730909e-05
2026-07-06 04:21:00,20159.27,917.24,44679.66,49025.82,49023.6,2.220000000001164,4.5284312045650755e-05
2026-07-06 04:22:00,20159.33,918.24,44679.06,49025.32,49023.649999999994,1.6700000000055297,3.406519098446423e-05
2026-07-06 04:23:00,20159.37,918.86,44678.8,49025.09,49023.7,1.389999999999418,2.8353633038702056e-05
2026-07-06 04:24:00,20159.56,919.46,44678.81,49025.18,49023.729999999996,1.4500000000043656,2.9577512767885384e-05
2026-07-06 04:25:00,20159.44,919.55,44678.68,49024.99,49023.76,1.2299999999959255,2.5089874787162908e-05
2026-07-06 04:26:00,20159.45,920.36,44678.33,49024.7,49023.770000000004,0.9299999999930151,1.8970389262046045e-05
2026-07-06 04:27:00,20159.74,920.99,44678.11,49024.64,49023.78,0.8600000000005821,1.7542506922162716e-05
2026-07-06 04:28:00,20159.99,920.91,44678.16,49024.79,49023.8,0.9899999999979627,2.01942729857327e-05
2026-07-06 04:29:00,20159.81,921.0,44677.89,49024.46,49023.82,0.6399999999994179,1.3054878220412402e-05
2026-07-06 04:30:00,20160.17,921.52,44678.09,49024.81,49023.82,0.9899999999979627,2.0194264747177245e-05
2026-07-06 04:31:00,20160.13,921.51,44677.91,49024.62,49023.82,0.8000000000029104,1.631859777558971e-05
2026-07-06 04:32:00,20160.33,921.56,44678.04,49024.84,49023.825,1.014999999999418,2.0704218816043383e-05
2026-07-06 04:33:00,20160.07,921.23,44677.98,49024.66,49023.83,0.8300000000017462,1.6930541738614592e-05
2026-07-06 04:34:00,20159.49,921.13,44678.0,49024.46,49023.845,0.6149999999979627,1.2544915642540129e-05
2026-07-06 04:35:00,20159.49,921.56,44678.02,49024.47,49023.86,0.6100000000005821,1.2442920651302897e-05
2026-07-06 04:36:00,20160.01,922.94,44677.99,49024.68,49023.86,0.819999999999709,1.6726549072221343e-05
2026-07-06 04:37:00,20160.04,922.84,44677.99,49024.68,49023.86,0.819999999999709,1.6726549072221343e-05
2026-07-06 04:38:00,20160.07,923.68,44678.05,49024.76,49023.880000000005,0.8799999999973807,1.795043558358458e-05
2026-07-06 04:39:00,20160.43,924.96,44677.7,49024.63,49023.9,0.7299999999959255,1.4890696170560184e-05
2026-07-06 04:40:00,20160.81,925.09,44677.7,49024.77,49023.9,0.8699999999953434,1.7746446121082644e-05
2026-07-06 04:41:00,20161.02,924.89,44677.61,49024.75,49023.9,0.8499999999985448,1.7338481842500184e-05
2026-07-06 04:42:00,20161.33,924.73,44677.65,49024.93,49023.91,1.0199999999967986,2.080617396688266e-05
2026-07-06 04:43:00,20161.76,924.97,44677.48,49024.96,49023.92,1.0400000000008731,2.1214133835092606e-05
2026-07-06 04:44:00,20162.58,924.8,44677.62,49025.43,49023.925,1.5049999999973807,3.0699296312920285e-05
2026-07-06 04:45:00,20163.01,924.24,44677.77,49025.71,49023.93,1.7799999999988358,3.6308798580587805e-05
2026-07-06 04:46:00,20163.09,924.01,44677.69,49025.67,49023.935,1.735000000000582,3.5390875905832164e-05
2026-07-06 04:47:00,20163.54,923.94,44678.2,49026.31,49023.94,2.3699999999953434,4.8343727574636865e-05
2026-07-06 04:48:00,20163.67,923.67,44678.24,49026.36,49023.945,2.415000000000873,4.92616414285075e-05
2026-07-06 04:49:00,20163.64,924.62,44677.89,49026.06,49023.95,2.110000000000582,4.304018750020311e-05
2026-07-06 04:50:00,20163.97,924.7,44677.72,49026.04,49023.955,2.084999999999127,4.2530228334273046e-05
2026-07-06 04:51:00,20164.44,924.53,44677.57,49026.1,49023.96,2.139999999999418,4.3652124389776306e-05
2026-07-06 04:52:00,20164.75,924.78,44677.65,49026.3,49023.96,2.3400000000037835,4.77317621833035e-05
2026-07-06 04:53:00,20164.87,925.4,44677.36,49026.09,49023.96,2.1299999999973807,4.344814250006284e-05
2026-07-06 04:54:00,20164.9,925.44,44677.21,49025.97,49023.97,2.0,4.0796369612660906e-05
2026-07-06 04:55:00,20165.3,925.25,44677.45,49026.34,49023.98,2.359999999993306,4.8139706323177065e-05
2026-07-06 04:56:00,20165.61,925.1,44677.3,49026.34,49023.985,2.3549999999959255,4.8037710520593656e-05
2026-07-06 04:57:00,20165.74,924.36,44677.27,49026.34,49023.99,2.349999999998545,4.7935714738815524e-05
2026-07-06 04:58:00,20165.88,924.53,44677.12,49026.25,49023.99,2.2600000000020373,4.6099878855271415e-05
2026-07-06 04:59:00,20166.11,923.8,44677.21,49026.42,49023.99,2.430000000000291,4.9567568857620346e-05
2026-07-06 05:00:00,20165.79,924.47,44677.33,49026.4,49023.99,2.4100000000034925,4.9159605327993346e-05
2026-07-06 05:01:00,20165.51,924.36,44676.93,49025.92,49023.99,1.930000000000291,3.9368480615312854e-05
2026-07-06 05:02:00,20165.33,924.82,44676.95,49025.89,49023.994999999995,1.8950000000040745,3.8654540496017815e-05
2026-07-06 05:03:00,20165.49,924.96,44677.09,49026.09,49024.0,2.0899999999965075,4.2632180156586726e-05
2026-07-06 05:04:00,20165.63,925.89,44676.89,49025.99,49024.015,1.9749999999985448,4.028637801286869e-05
2026-07-06 05:05:00,20165.35,926.53,44676.5,49025.53,49024.03,1.5,3.0597239761806605e-05
2026-07-06 05:06:00,20165.2,926.6,44676.35,49025.33,49024.055,1.2750000000014552,2.600764053486508e-05
2026-07-06 05:07:00,20165.29,927.14,44676.55,49025.55,49024.08,1.4700000000011642,2.998526438438343e-05
2026-07-06 05:08:00,20165.05,928.03,44676.42,49025.34,49024.08,1.2599999999947613,2.5701655186487156e-05
2026-07-06 05:09:00,20165.06,928.83,44676.18,49025.14,49024.08,1.0599999999976717,2.1622027379150647e-05
2026-07-06 05:10:00,20165.66,928.4,44676.27,49025.47,49024.085,1.3850000000020373,2.8251419684876063e-05
2026-07-06 05:11:00,20166.36,927.66,44676.51,49025.97,49024.09,1.8800000000046566,3.834849356723718e-05
2026-07-06 05:12:00,20166.18,928.25,44676.44,49025.83,49024.09,1.7400000000052387,3.549275468458953e-05
2026-07-06 05:13:00,20166.0,928.8,44676.44,49025.77,49024.09,1.680000000000291,3.4268866591920244e-05
2026-07-06 05:14:00,20165.77,928.62,44676.32,49025.57,49024.095,1.4749999999985448,3.008724587365753e-05
2026-07-06 05:15:00,20166.01,928.33,44676.55,49025.88,49024.1,1.7799999999988358,3.630867267321248e-05
2026-07-06 05:16:00,20166.37,928.24,44676.85,49026.29,49024.1,2.1900000000023283,4.4671906266557235e-05
2026-07-06 05:17:00,20166.2,928.83,44676.66,49026.05,49024.1,1.9500000000043656,3.977635489492649e-05
2026-07-06 05:18:00,20165.77,929.17,44676.28,49025.54,49024.104999999996,1.4350000000049477,2.927131459115771e-05
2026-07-06 05:19:00,20165.74,929.28,44676.3,49025.54,49024.11,1.430000000000291,2.9169320972890503e-05
2026-07-06 05:20:00,20166.08,929.8,44676.62,49025.98,49024.11,1.8700000000026193,3.814449665690248e-05
2026-07-06 05:21:00,20165.88,930.01,44676.31,49025.61,49024.11,1.5,3.05971898316971e-05
2026-07-06 05:22:00,20166.04,930.04,44676.11,49025.5,49024.115000000005,1.3849999999947613,2.8251402396448385e-05
2026-07-06 05:23:00,20166.39,929.68,44676.61,49026.09,49024.12,1.9699999999938882,4.018430111532626e-05
2026-07-06 05:24:00,20166.03,929.96,44676.58,49025.9,49024.12,1.7799999999988358,3.630865786063749e-05
2026-07-06 05:25:00,20166.2,929.75,44676.72,49026.11,49024.12,1.9899999999979627,4.0592263563281965e-05
2026-07-06 05:26:00,20165.75,929.58,44676.86,49026.05,49024.125,1.9250000000029104,3.926638160299465e-05
2026-07-06 05:27:00,20165.91,929.81,44677.17,49026.42,49024.13,2.290000000000873,4.671169075312246e-05
2026-07-06 05:28:00,20166.03,928.93,44677.31,49026.57,49024.134999999995,2.4350000000049477,4.966941283114833e-05
2026-07-06 05:29:00,20166.11,929.26,44677.75,49026.99,49024.14,2.849999999998545,5.81346251050716e-05
2026-07-06 05:30:00,20165.41,929.62,44677.41,49026.41,49024.14,2.2700000000040745,4.6303718943444485e-05
2026-07-06 05:31:00,20165.26,929.78,44677.43,49026.38,49024.14,2.2399999999979627,4.569177552116085e-05
2026-07-06 05:32:00,20165.49,929.42,44677.89,49026.88,49024.14,2.7399999999979627,5.5890832557143535e-05
2026-07-06 05:33:00,20165.3,929.24,44677.96,49026.87,49024.14,2.7300000000032014,5.5686851416530745e-05
2026-07-06 05:34:00,20165.53,929.35,44678.07,49027.05,49024.14,2.9100000000034925,5.935851194949045e-05
2026-07-06 05:35:00,20165.42,928.89,44678.16,49027.09,49024.14,2.9499999999970896,6.0174436512238455e-05
2026-07-06 05:36:00,20165.28,928.72,44678.37,49027.23,49024.155,3.0750000000043656,6.272418157955737e-05
2026-07-06 05:37:00,20165.17,929.49,44678.18,49027.03,49024.17,2.860000000000582,5.833857054592831e-05
2026-07-06 05:38:00,20165.2,929.78,44678.39,49027.25,49024.17,3.0800000000017462,6.282615289563793e-05
2026-07-06 05:39:00,20165.3,930.25,44678.12,49027.07,49024.17,2.900000000001455,5.915449460952537e-05
2026-07-06 05:40:00,20165.72,930.67,44678.5,49027.61,49024.17,3.4400000000023283,7.016946946786306e-05
2026-07-06 05:41:00,20165.49,930.43,44678.48,49027.48,49024.17,3.3100000000049477,6.751771626128392e-05
2026-07-06 05:42:00,20165.74,929.59,44678.94,49027.99,49024.18,3.8099999999976717,7.771675120313428e-05
2026-07-06 05:43:00,20165.23,929.97,44678.86,49027.7,49024.19,3.5099999999947613,7.15973073699894e-05
2026-07-06 05:44:00,20164.83,930.74,44678.53,49027.26,49024.2,3.0600000000049477,6.241815266755904e-05
2026-07-06 05:45:00,20165.34,931.0,44678.62,49027.56,49024.21,3.349999999998545,6.833358456971658e-05
2026-07-06 05:46:00,20165.53,931.95,44678.76,49027.76,49024.215,3.5450000000055297,7.231120375931628e-05
2026-07-06 05:47:00,20165.2,932.67,44678.47,49027.37,49024.22,3.150000000001455,6.425395447396114e-05
2026-07-06 05:48:00,20164.72,932.94,44678.13,49026.87,49024.22,2.650000000001455,5.4054914081273606e-05
2026-07-06 05:49:00,20165.17,931.99,44678.41,49027.31,49024.22,3.0899999999965075,6.303006962673771e-05
2026-07-06 05:50:00,20165.3,931.61,44678.96,49027.86,49024.225000000006,3.6349999999947613,7.414701609244737e-05
2026-07-06 05:51:00,20165.43,931.3,44679.24,49028.15,49024.23,3.9199999999982538,7.996046036823533e-05
2026-07-06 05:52:00,20165.24,931.25,44679.32,49028.15,49024.23,3.9199999999982538,7.996046036823533e-05
2026-07-06 05:53:00,20164.73,932.58,44679.03,49027.69,49024.23,3.459999999999127,7.057734512095604e-05
2026-07-06 05:54:00,20163.98,933.45,44678.53,49026.95,49024.23,2.719999999993888,5.548276841867558e-05
2026-07-06 05:55:00,20163.71,934.03,44678.42,49026.76,49024.23,2.529999999998836,5.160713386011031e-05
2026-07-06 05:56:00,20164.11,934.35,44678.51,49027.01,49024.23,2.779999999998836,5.670665301625004e-05
2026-07-06 05:57:00,20164.1,934.63,44678.46,49026.97,49024.23,2.7399999999979627,5.589072995124987e-05
2026-07-06 05:58:00,20164.1,934.79,44678.43,49026.93,49024.235,2.694999999999709,5.49728108964823e-05
2026-07-06 05:59:00,20163.85,934.66,44678.52,49026.91,49024.24,2.6700000000055297,5.446285347831052e-05
2026-07-06 06:00:00,20163.63,934.95,44678.65,49026.94,49024.244999999995,2.695000000006985,5.497279968323806e-05
2026-07-06 06:01:00,20163.29,935.56,44678.67,49026.83,49024.25,2.5800000000017462,5.262701622159944e-05
2026-07-06 06:02:00,20163.15,935.34,44678.46,49026.59,49024.255000000005,2.334999999991851,4.7629484629431916e-05
2026-07-06 06:03:00,20163.8,935.15,44678.91,49027.27,49024.26,3.0099999999947613,6.139817306767632e-05
2026-07-06 06:04:00,20163.74,935.3,44678.99,49027.32,49024.26,3.0599999999976717,6.24180762748417e-05
2026-07-06 06:05:00,20163.15,935.73,44678.85,49026.95,49024.26,2.6899999999950523,5.487079254220364e-05
2026-07-06 06:06:00,20162.9,935.77,44679.08,49027.06,49024.265,2.7949999999982538,5.701258346245994e-05
2026-07-06 06:07:00,20162.91,935.66,44679.18,49027.15,49024.27,2.8800000000046566,5.8746412746271524e-05
2026-07-06 06:08:00,20162.66,935.97,44679.08,49026.99,49024.27,2.720000000001164,5.548272314919048e-05
2026-07-06 06:09:00,20162.67,936.3,44679.25,49027.15,49024.27,2.8800000000046566,5.8746412746271524e-05
2026-07-06 06:10:00,20162.42,936.63,44679.24,49027.04,49024.27,2.7700000000040745,5.650262614831541e-05
2026-07-06 06:11:00,20162.47,936.43,44679.14,49026.97,49024.27,2.7000000000043656,5.507476194962956e-05
2026-07-06 06:12:00,20162.54,936.83,44679.32,49027.16,49024.28,2.8800000000046566,5.874640076314546e-05
2026-07-06 06:13:00,20161.96,937.5,44679.14,49026.78,49024.29,2.4899999999979627,5.079114863260565e-05
2026-07-06 06:14:00,20162.05,937.1,44679.23,49026.85,49024.29,2.5599999999976717,5.2219012248778546e-05
2026-07-06 06:15:00,20161.77,936.81,44679.4,49026.92,49024.29,2.6299999999973807,5.364687586495145e-05
2026-07-06 06:16:00,20162.37,936.88,44679.78,49027.52,49024.3,3.219999999993888,6.568171294631209e-05
2026-07-06 06:17:00,20162.02,937.5,44679.5,49027.13,49024.31,2.819999999999709,5.752248221341022e-05
2026-07-06 06:18:00,20162.19,937.05,44679.54,49027.22,49024.31,2.9100000000034925,5.935830611391558e-05
2026-07-06 06:19:00,20161.29,937.97,44679.4,49026.73,49024.31,2.4200000000055297,4.936326487829262e-05
2026-07-06 06:20:00,20160.68,939.1,44679.37,49026.49,49024.31,2.180000000000291,4.446773447704396e-05
2026-07-06 06:21:00,20160.54,939.06,44679.52,49026.57,49024.31,2.2600000000020373,4.609957794412685e-05
2026-07-06 06:22:00,20160.55,938.51,44679.74,49026.77,49024.31,2.459999999999127,5.017918661168565e-05
2026-07-06 06:23:00,20161.17,937.36,44680.07,49027.3,49024.31,2.9900000000052387,6.0990149580998464e-05
2026-07-06 06:24:00,20161.3,937.15,44680.52,49027.74,49024.325,3.415000000000873,6.965929668589774e-05
2026-07-06 06:25:00,20161.11,937.22,44680.57,49027.73,49024.34,3.390000000006694,6.914932460093688e-05
2026-07-06 06:26:00,20161.08,936.42,44680.76,49027.87,49024.34,3.530000000006112,7.200504892072207e-05
2026-07-06 06:27:00,20161.24,936.19,44681.03,49028.19,49024.34,3.8500000000058208,7.8532418794538e-05
2026-07-06 06:28:00,20161.24,936.08,44681.21,49028.34,49024.35,3.9899999999979627,8.138812651259962e-05
2026-07-06 06:29:00,20161.16,936.14,44681.37,49028.45,49024.36,4.0899999999965075,8.342791216441189e-05
2026-07-06 06:30:00,20160.83,935.79,44681.47,49028.41,49024.36,4.05000000000291,8.261199126317835e-05
2026-07-06 06:31:00,20160.06,935.74,44681.62,49028.23,49024.36,3.8700000000026193,7.89403472070338e-05
2026-07-06 06:32:00,20159.58,935.89,44681.82,49028.23,49024.365000000005,3.8649999999979627,7.883834905353618e-05
2026-07-06 06:33:00,20159.48,935.83,44682.07,49028.41,49024.37,4.040000000000873,8.240799422819452e-05
2026-07-06 06:34:00,20159.67,935.72,44682.24,49028.63,49024.37,4.259999999994761,8.68955582701983e-05
2026-07-06 06:35:00,20159.77,935.14,44682.59,49028.98,49024.37,4.610000000000582,9.40348647009759e-05
2026-07-06 06:36:00,20159.25,936.09,44682.65,49028.83,49024.375,4.455000000001746,9.087316258497423e-05
2026-07-06 06:37:00,20158.78,937.23,44682.4,49028.45,49024.38,4.069999999999709,8.301991784495203e-05
2026-07-06 06:38:00,20158.67,937.1,44682.51,49028.49,49024.384999999995,4.105000000003201,8.373383980244122e-05
2026-07-06 06:39:00,20158.45,937.88,44682.69,49028.57,49024.39,4.180000000000291,8.526368201624316e-05
2026-07-06 06:40:00,20157.7,939.04,44682.36,49028.0,49024.39,3.610000000000582,7.363681628676221e-05
2026-07-06 06:41:00,20157.19,939.19,44682.15,49027.61,49024.39,3.220000000001164,6.568159236659883e-05
2026-07-06 06:42:00,20157.1,938.55,44682.2,49027.59,49024.395000000004,3.194999999992433,6.517163546826907e-05
2026-07-06 06:43:00,20157.01,937.82,44682.57,49027.88,49024.4,3.4799999999959255,7.098506050040236e-05
2026-07-06 06:44:00,20157.05,937.6,44683.05,49028.34,49024.41,3.929999999993015,8.016414679938045e-05
2026-07-06 06:45:00,20156.87,937.63,44683.17,49028.36,49024.42,3.9400000000023283,8.036811042338346e-05
2026-07-06 06:46:00,20156.04,938.65,44682.93,49027.82,49024.42,3.400000000001455,6.935319173590336e-05
2026-07-06 06:47:00,20155.74,938.7,44682.99,49027.76,49024.42,3.3400000000037835,6.812931188178838e-05
2026-07-06 06:48:00,20155.54,938.43,44682.96,49027.65,49024.425,3.224999999998545,6.578353545194144e-05
2026-07-06 06:49:00,20155.41,938.53,44683.13,49027.75,49024.43,3.319999999999709,6.772133811652086e-05
2026-07-06 06:50:00,20155.86,938.71,44683.35,49028.14,49024.43,3.709999999999127,7.567655554586003e-05
2026-07-06 06:51:00,20155.83,938.65,44683.36,49028.11,49024.43,3.680000000000291,7.506461574362601e-05
2026-07-06 06:52:00,20155.82,938.5,44683.33,49028.06,49024.435,3.625,7.394271856473205e-05
2026-07-06 06:53:00,20155.83,938.49,44683.4,49028.13,49024.44,3.6899999999950523,7.526858032432501e-05
2026-07-06 06:54:00,20155.35,938.68,44683.38,49027.92,49024.44,3.4799999999959255,7.098500258230232e-05
2026-07-06 06:55:00,20155.27,938.76,44683.59,49028.06,49024.44,3.6199999999953434,7.384072107698412e-05
2026-07-06 06:56:00,20155.14,938.6,44683.61,49028.05,49024.445,3.6050000000032014,7.353474373862267e-05
2026-07-06 06:57:00,20154.69,938.47,44683.57,49027.84,49024.45,3.389999999999418,6.914916944503035e-05
2026-07-06 06:58:00,20154.46,938.46,44683.64,49027.79,49024.45,3.3400000000037835,6.812927019076775e-05
2026-07-06 06:59:00,20154.74,938.12,44683.94,49028.19,49024.45,3.7400000000052387,7.628846422561067e-05
2026-07-06 07:00:00,20154.42,937.78,44683.98,49028.08,49024.455,3.625,7.394268839908572e-05
2026-07-06 07:01:00,20154.21,938.02,44684.08,49028.09,49024.46,3.6299999999973807,7.404467076225584e-05
2026-07-06 07:02:00,20153.95,938.28,44684.01,49027.93,49024.46,3.470000000001164,7.078099381413205e-05
2026-07-06 07:03:00,20153.49,938.36,44683.91,49027.65,49024.46,3.1900000000023283,6.506955915480412e-05
2026-07-06 07:04:00,20153.0,938.57,44683.87,49027.41,49024.46,2.9500000000043656,6.0174043732544235e-05
2026-07-06 07:05:00,20152.51,939.26,44683.84,49027.22,49024.46,2.7600000000020373,5.629842735650811e-05
2026-07-06 07:06:00,20152.53,939.54,44683.92,49027.32,49024.46,2.860000000000582,5.833822544910402e-05
2026-07-06 07:07:00,20152.44,939.37,44683.84,49027.19,49024.46,2.7300000000032014,5.568648792874417e-05
2026-07-06 07:08:00,20152.67,939.4,44683.95,49027.4,49024.465,2.9350000000049477,5.9868067912723734e-05
2026-07-06 07:09:00,20152.29,939.6,44683.83,49027.13,49024.47,2.6599999999962165,5.4258618196101184e-05
2026-07-06 07:10:00,20152.08,939.11,44683.97,49027.15,49024.47,2.680000000000291,5.4666577731493906e-05
2026-07-06 07:11:00,20151.95,938.87,44684.26,49027.37,49024.47,2.900000000001455,5.915413261992338e-05
2026-07-06 07:12:00,20151.44,938.9,44684.22,49027.12,49024.47,2.650000000001455,5.4054638428553236e-05
2026-07-06 07:13:00,20150.69,939.01,44684.26,49026.86,49024.47,2.389999999999418,4.8751164469486724e-05
2026-07-06 07:14:00,20150.19,938.99,44684.29,49026.67,49024.475000000006,2.194999999992433,4.4773554433625915e-05
2026-07-06 07:15:00,20149.72,939.03,44684.46,49026.65,49024.48,2.1699999999982538,4.426360055217829e-05
2026-07-06 07:16:00,20149.5,939.59,44684.5,49026.6,49024.485,2.1149999999979627,4.314170765889662e-05
2026-07-06 07:17:00,20149.1,940.31,44684.21,49026.19,49024.49,1.7000000000043656,3.467654635477831e-05
2026-07-06 07:18:00,20148.9,940.59,44684.09,49026.01,49024.5,1.5100000000020373,3.080092606762001e-05
2026-07-06 07:19:00,20148.82,941.02,44683.96,49025.87,49024.51,1.360000000000582,2.7741225766470322e-05
2026-07-06 07:20:00,20148.65,941.23,44683.9,49025.75,49024.515,1.235000000000582,2.5191478181897e-05
2026-07-06 07:21:00,20148.62,941.52,44683.63,49025.47,49024.52,0.9500000000043656,1.9378058163636596e-05
2026-07-06 07:22:00,20148.57,941.84,44683.43,49025.28,49024.52,0.7600000000020373,1.5502446530879595e-05
2026-07-06 07:23:00,20148.64,941.98,44683.52,49025.4,49024.52,0.8800000000046566,1.7950201246328503e-05
2026-07-06 07:24:00,20148.56,942.79,44683.43,49025.29,49024.52,0.7700000000040745,1.570642609053744e-05
2026-07-06 07:25:00,20148.42,941.86,44683.5,49025.28,49024.52,0.7600000000020373,1.5502446530879595e-05
2026-07-06 07:26:00,20147.99,941.73,44683.45,49025.06,49024.52,0.5400000000008731,1.101489621929747e-05
2026-07-06 07:27:00,20148.3,941.23,44683.96,49025.65,49024.52,1.1300000000046566,2.3049690236735754e-05
2026-07-06 07:28:00,20147.92,941.41,44683.86,49025.41,49024.524999999994,0.8850000000093132,1.8052189185092836e-05
2026-07-06 07:29:00,20148.12,940.72,44684.18,49025.77,49024.53,1.2399999999979627,2.5293460233029523e-05
2026-07-06 07:30:00,20147.39,940.75,44684.16,49025.45,49024.53,0.9199999999982538,1.876611565675905e-05
2026-07-06 07:31:00,20146.78,941.04,44683.93,49025.0,49024.53,0.47000000000116415,9.587037346429719e-06
2026-07-06 07:32:00,20146.5,941.46,44683.79,49024.78,49024.54,0.23999999999796273,4.895507433582502e-06
2026-07-06 07:33:00,20146.38,941.34,44683.73,49024.67,49024.55,0.11999999999534339,2.447753217425624e-06
2026-07-06 07:34:00,20146.31,941.23,44683.9,49024.79,49024.555,0.23500000000058208,4.793516228767035e-06
2026-07-06 07:35:00,20146.19,941.22,44683.93,49024.76,49024.56,0.20000000000436557,4.079587863804705e-06
2026-07-06 07:36:00,20145.41,941.62,44683.77,49024.31,49024.565,0.2550000000046566,5.201473995835692e-06
2026-07-06 07:37:00,20145.7,941.5,44684.09,49024.72,49024.57,0.1500000000014552,3.0596902737026594e-06
2026-07-06 07:38:00,20145.7,941.29,44684.15,49024.77,49024.57,0.19999999999708962,4.079587031504603e-06
2026-07-06 07:39:00,20145.24,941.79,44684.02,49024.47,49024.57,0.09999999999854481,2.0397935157523014e-06
2026-07-06 07:40:00,20145.1,941.79,44684.08,49024.48,49024.585,0.10499999999592546,2.141782536168852e-06
2026-07-06 07:41:00,20145.03,941.03,44684.4,49024.72,49024.6,0.12000000000261934,2.4477507211199957e-06
2026-07-06 07:42:00,20144.68,940.56,44684.46,49024.64,49024.61,0.029999999998835847,6.119375554203459e-07
2026-07-06 07:43:00,20144.62,940.47,44684.46,49024.62,49024.62,0.0,0.0
2026-07-06 07:44:00,20144.35,940.42,44684.75,49024.78,49024.62,0.1599999999962165,3.2636662965713245e-06
2026-07-06 07:45:00,20144.14,940.47,44684.74,49024.7,49024.62,0.07999999999447027,1.6318331482114552e-06
2026-07-06 07:46:00,20144.46,940.22,44684.91,49024.97,49024.625,0.34500000000116415,7.037279734442929e-06
2026-07-06 07:47:00,20144.07,940.21,44685.0,49024.9,49024.63,0.27000000000407454,5.507435752275429e-06
2026-07-06 07:48:00,20143.72,939.69,44685.06,49024.79,49024.634999999995,0.1550000000061118,3.161675757629033e-06
2026-07-06 07:49:00,20143.39,939.72,44685.53,49025.1,49024.64,0.4599999999991269,9.383036774959019e-06
2026-07-06 07:50:00,20143.05,939.38,44685.6,49025.02,49024.64,0.37999999999738066,7.751204292318733e-06
2026-07-06 07:51:00,20143.26,939.01,44685.53,49025.04,49024.64,0.4000000000014552,8.159162413053012e-06
2026-07-06 07:52:00,20143.39,939.67,44685.96,49025.51,49024.645000000004,0.8649999999979627,1.7644186918599057e-05
2026-07-06 07:53:00,20143.54,939.54,44686.13,49025.71,49024.65,1.0599999999976717,2.162177598407478e-05
2026-07-06 07:54:00,20143.47,938.87,44686.16,49025.69,49024.65,1.0400000000008731,2.1213817946703812e-05
2026-07-06 07:55:00,20143.13,938.77,44686.17,49025.56,49024.65,0.9099999999962165,1.8562090703273078e-05
2026-07-06 07:56:00,20142.56,938.58,44686.33,49025.46,49024.655,0.805000000000291,1.6420309332116483e-05
2026-07-06 07:57:00,20142.23,939.36,44686.37,49025.38,49024.66,0.7199999999938882,1.4686486351845952e-05
2026-07-06 07:58:00,20142.19,939.89,44686.43,49025.42,49024.66,0.7599999999947613,1.5502402260306572e-05
2026-07-06 07:59:00,20142.3,939.57,44686.37,49025.43,49024.66,0.7699999999967986,1.5706381237458833e-05
2026-07-06 08:00:00,20142.43,939.87,44686.5,49025.6,49024.665,0.9349999999976717,1.907203241465641e-05
2026-07-06 08:01:00,20142.56,939.93,44686.52,49025.66,49024.67,0.9900000000052387,2.0193914614932416e-05
2026-07-06 08:02:00,20142.29,940.11,44686.63,49025.65,49024.67,0.9800000000032014,1.9989935679387572e-05
2026-07-06 08:03:00,20142.26,940.03,44686.85,49025.82,49024.67,1.1500000000014552,2.3457577582907855e-05
2026-07-06 08:04:00,20141.58,939.98,44686.65,49025.37,49024.675,0.694999999999709,1.4176534571615394e-05
2026-07-06 08:05:00,20141.21,939.98,44686.67,49025.22,49024.68,0.5400000000008731,1.1014860270395913e-05
2026-07-06 08:06:00,20140.93,940.16,44686.77,49025.2,49024.68,0.5199999999967986,1.060690248252102e-05
2026-07-06 08:07:00,20140.84,940.21,44686.84,49025.23,49024.68,0.5500000000029104,1.121883916433336e-05
2026-07-06 08:08:00,20141.48,940.1,44687.13,49025.73,49024.685,1.0450000000055297,2.1315792238247523e-05
2026-07-06 08:09:00,20141.42,939.75,44687.25,49025.82,49024.69,1.1299999999973807,2.3049610308548215e-05
2026-07-06 08:10:00,20141.39,939.21,44687.28,49025.83,49024.69,1.139999999999418,2.3253589160878283e-05
2026-07-06 08:11:00,20141.14,939.27,44687.12,49025.59,49024.69,0.8999999999941792,1.835809670584718e-05
2026-07-06 08:12:00,20141.34,939.05,44687.22,49025.75,49024.695,1.055000000000291,2.1519766721655097e-05
2026-07-06 08:13:00,20141.3,939.08,44687.28,49025.79,49024.7,1.0900000000037835,2.2233690364322138e-05
2026-07-06 08:14:00,20141.06,939.05,44687.33,49025.74,49024.7,1.0400000000008731,2.1213796310857042e-05
2026-07-06 08:15:00,20140.13,939.09,44687.12,49025.15,49024.7,0.4500000000043656,9.17904648074064e-06
2026-07-06 08:16:00,20140.16,938.91,44687.18,49025.25,49024.7,0.5500000000029104,1.1218834587522421e-05
2026-07-06 08:17:00,20140.17,938.47,44687.32,49025.37,49024.7,0.6700000000055297,1.3666580315749608e-05
2026-07-06 08:18:00,20139.42,938.42,44687.11,49024.87,49024.7,0.17000000000552973,3.4676397816922845e-06
2026-07-06 08:19:00,20139.4,938.41,44687.13,49024.88,49024.7,0.18000000000029104,3.671618592266573e-06
2026-07-06 08:20:00,20139.01,938.31,44687.1,49024.7,49024.7,0.0,0.0
2026-07-06 08:21:00,20139.09,938.07,44687.28,49024.86,49024.7,0.16000000000349246,3.263660970969582e-06
2026-07-06 08:22:00,20139.17,937.87,44687.12,49024.75,49024.71,0.040000000000873115,8.159150763130086e-07
2026-07-06 08:23:00,20139.23,937.53,44687.19,49024.84,49024.72,0.11999999999534339,2.4477447295026546e-06
2026-07-06 08:24:00,20139.04,937.44,44687.19,49024.75,49024.72,0.029999999998835847,6.119361823756636e-07
2026-07-06 08:25:00,20138.72,937.63,44686.91,49024.37,49024.72,0.3499999999985448,7.139255461296766e-06
2026-07-06 08:26:00,20138.99,937.67,44686.94,49024.51,49024.725000000006,0.2150000000037835,4.385542193327621e-06
2026-07-06 08:27:00,20138.7,937.62,44686.85,49024.29,49024.73,0.4400000000023283,8.97506217785041e-06
2026-07-06 08:28:00,20138.49,937.6,44686.7,49024.08,49024.740000000005,0.6600000000034925,1.346259052069409e-05
2026-07-06 08:29:00,20139.19,937.51,44686.98,49024.6,49024.75,0.1500000000014552,3.0596790396984214e-06
2026-07-06 08:30:00,20138.75,937.76,44686.76,49024.23,49024.75,0.5199999999967986,1.0606887337452993e-05
2026-07-06 08:31:00,20138.4,937.98,44686.47,49023.83,49024.75,0.9199999999982538,1.876603144326598e-05
2026-07-06 08:32:00,20138.13,938.13,44686.32,49023.58,49024.75,1.1699999999982538,2.3865496509380542e-05
2026-07-06 08:33:00,20138.39,938.16,44686.34,49023.7,49024.75,1.0500000000029104,2.1417753277740536e-05
2026-07-06 08:34:00,20138.54,937.92,44686.17,49023.6,49024.755000000005,1.1550000000061118,2.3559526202754336e-05
2026-07-06 08:35:00,20139.0,937.67,44686.3,49023.9,49024.76,0.8600000000005821,1.7542156249221456e-05
2026-07-06 08:36:00,20138.93,937.27,44686.18,49023.76,49024.76,1.0,2.0397856103732072e-05
2026-07-06 08:37:00,20139.11,936.98,44686.36,49024.0,49024.76,0.7600000000020373,1.550237063887793e-05
2026-07-06 08:38:00,20139.04,936.8,44686.33,49023.95,49024.765,0.8150000000023283,1.662425102909373e-05
2026-07-06 08:39:00,20138.5,936.51,44686.08,49023.49,49024.77,1.2799999999988358,2.6109250487025965e-05
2026-07-06 08:40:00,20138.29,936.59,44685.88,49023.23,49024.77,1.5399999999935972,3.141269199210108e-05
2026-07-06 08:41:00,20138.07,936.98,44685.94,49023.21,49024.77,1.5599999999976717,3.1820649031044346e-05
2026-07-06 08:42:00,20138.28,936.98,44685.92,49023.27,49024.774999999994,1.5049999999973807,3.0698764043228773e-05
2026-07-06 08:43:00,20138.12,936.75,44685.66,49022.97,49024.78,1.8099999999976717,3.6920104485887985e-05
2026-07-06 08:44:00,20138.08,936.69,44685.56,49022.88,49024.78,1.9000000000014552,3.875591078637079e-05
2026-07-06 08:45:00,20138.27,936.28,44685.71,49023.08,49024.78,1.6999999999970896,3.467634122982479e-05
2026-07-06 08:46:00,20137.65,936.04,44685.25,49022.4,49024.78,2.3799999999973807,4.8546877721784386e-05
2026-07-06 08:47:00,20137.72,935.94,44685.31,49022.48,49024.78,2.2999999999956344,4.691504989916598e-05
2026-07-06 08:48:00,20137.88,935.54,44685.41,49022.62,49024.785,2.165000000000873,4.4161335944683346e-05
2026-07-06 08:49:00,20137.22,935.23,44685.01,49021.98,49024.79,2.8099999999976717,5.731794057654651e-05
2026-07-06 08:50:00,20137.29,935.18,44685.12,49022.11,49024.79,2.680000000000291,5.466622090579666e-05
2026-07-06 08:51:00,20137.38,934.92,44685.29,49022.3,49024.79,2.4899999999979627,5.0790630617652065e-05
2026-07-06 08:52:00,20136.75,934.83,44685.22,49021.99,49024.79,2.8000000000029104,5.711396214043773e-05
2026-07-06 08:53:00,20135.91,934.89,44684.92,49021.36,49024.79,3.430000000000291,6.996460362196943e-05
2026-07-06 08:54:00,20135.41,934.74,44684.6,49020.85,49024.8,3.9500000000043656,8.057146587042406e-05
2026-07-06 08:55:00,20135.18,934.89,44684.43,49020.62,49024.81,4.189999999995052,8.546692990742958e-05
2026-07-06 08:56:00,20135.06,935.19,44684.2,49020.38,49024.815,4.435000000004948,9.046439032977376e-05
2026-07-06 08:57:00,20135.14,935.5,44684.07,49020.31,49024.82,4.510000000002037,9.19942184387834e-05
2026-07-06 08:58:00,20135.25,935.14,44683.86,49020.15,49024.825,4.674999999995634,9.535985085098488e-05
2026-07-06 08:59:00,20135.08,935.19,44683.56,49019.81,49024.83,5.0200000000040745,0.00010239709143313856
2026-07-06 09:00:00,20135.09,935.15,44683.56,49019.82,49024.83,5.010000000002037,0.00010219311316331004
2026-07-06 09:01:00,20135.19,935.07,44683.61,49019.91,49024.83,4.919999999998254,0.0001003573087351502
2026-07-06 09:02:00,20134.7,935.34,44683.15,49019.29,49024.835,5.544999999998254,0.00011310593906125852
2026-07-06 09:03:00,20134.79,935.26,44682.97,49019.15,49024.84,5.689999999995052,0.00011606361183422634
2026-07-06 09:04:00,20134.9,935.12,44683.02,49019.23,49024.84,5.609999999993306,0.00011443178600875202
2026-07-06 09:05:00,20134.67,935.14,44682.72,49018.87,49024.84,5.969999999993888,0.00012177500222323802
2026-07-06 09:06:00,20134.87,935.08,44682.62,49018.85,49024.845,5.995000000002619,0.00012228493532213348
2026-07-06 09:07:00,20134.97,935.03,44682.38,49018.69,49024.85,6.1599999999962165,0.0001256505629287232
2026-07-06 09:08:00,20135.08,935.07,44682.37,49018.71,49024.854999999996,6.144999999996799,0.00012534458286509565
2026-07-06 09:09:00,20134.87,935.44,44682.08,49018.36,49024.86,6.5,0.00013258579422766327
2026-07-06 09:10:00,20135.06,935.33,44681.91,49018.28,49024.86,6.580000000001746,0.00013421761938742398
2026-07-06 09:11:00,20135.35,935.19,44681.57,49018.1,49024.86,6.760000000002037,0.00013788922599681136
2026-07-06 09:12:00,20135.57,935.2,44681.49,49018.1,49024.86,6.760000000002037,0.00013788922599681136
2026-07-06 09:13:00,20135.63,935.17,44681.19,49017.85,49024.86,7.010000000002037,0.00014298867962095224
2026-07-06 09:14:00,20135.85,934.99,44681.14,49017.9,49024.865000000005,6.9650000000037835,0.00014207076347897712
2026-07-06 09:15:00,20136.0,934.82,44681.04,49017.87,49024.87,7.0,0.00014278467235099245
2026-07-06 09:16:00,20136.14,934.6,44680.85,49017.74,49024.875,7.135000000002037,0.00014553836190305506
2026-07-06 09:17:00,20136.24,934.48,44680.57,49017.52,49024.88,7.360000000000582,0.00015012785344911773
2026-07-06 09:18:00,20136.27,934.6,44680.46,49017.45,49024.89,7.440000000002328,0.0001517596469875267
2026-07-06 09:19:00,20136.14,934.34,44680.12,49017.11,49024.9,7.790000000000873,0.00015889884528068131
2026-07-06 09:20:00,20136.29,934.01,44680.03,49017.09,49024.9,7.810000000004948,0.0001593068012378393
2026-07-06 09:21:00,20136.26,934.02,44679.63,49016.72,49024.9,8.180000000000291,0.00016685398644362948
2026-07-06 09:22:00,20136.67,933.58,44679.45,49016.71,49024.9,8.190000000002328,0.00016705796442220846
2026-07-06 09:23:00,20136.52,933.45,44679.11,49016.35,49024.9,8.55000000000291,0.00017440117164956807
2026-07-06 09:24:00,20136.8,933.34,44678.99,49016.36,49024.915,8.555000000000291,0.00017450310724659678
2026-07-06 09:25:00,20136.88,933.23,44678.83,49016.23,49024.93,8.69999999999709,0.0001774607327332663
2026-07-06 09:26:00,20136.7,932.78,44678.29,49015.65,49024.935,9.284999999996217,0.00018939341785963035
2026-07-06 09:27:00,20137.31,932.58,44678.51,49016.1,49024.94,8.840000000003783,0.00018031638590488398
2026-07-06 09:28:00,20137.14,932.44,44678.25,49015.79,49024.95,9.159999999996217,0.00018684363778027752
2026-07-06 09:29:00,20137.29,932.34,44678.05,49015.66,49024.96,9.299999999995634,0.00018969928787286383
2026-07-06 09:30:00,20137.46,932.27,44677.73,49015.44,49024.965,9.52499999999418,0.00019428876695769552
2026-07-06 09:31:00,20137.55,932.19,44677.39,49015.16,49024.97,9.809999999997672,0.00020010211123020925
2026-07-06 09:32:00,20137.75,932.25,44677.24,49015.11,49024.975000000006,9.865000000005239,0.00020122396798785184
2026-07-06 09:33:00,20138.26,931.86,44677.12,49015.19,49024.98,9.790000000000873,0.0001996941151225533
2026-07-06 09:34:00,20138.44,931.46,44676.8,49014.96,49024.985,10.025000000001455,0.00020448756894064232
2026-07-06 09:35:00,20138.58,931.46,44676.4,49014.67,49024.99,10.319999999999709,0.0002105048874053765
2026-07-06 09:36:00,20138.93,931.46,44676.28,49014.7,49024.99,10.290000000000873,0.0002098929545931753
2026-07-06 09:37:00,20139.11,931.44,44676.15,49014.66,49024.99,10.32999999999447,0.00021070886500934463
2026-07-06 09:38:00,20139.17,930.76,44675.71,49014.27,49024.994999999995,10.724999999998545,0.0002187659580587116
2026-07-06 09:39:00,20139.57,930.24,44675.81,49014.5,49025.0,10.5,0.00021417644059153494
2026-07-06 09:40:00,20139.81,929.83,44675.45,49014.27,49025.0,10.730000000003201,0.0002188679245283672
2026-07-06 09:41:00,20139.75,929.97,44675.16,49013.99,49025.0,11.010000000002037,0.00022457929627745104
2026-07-06 09:42:00,20140.45,929.81,44675.0,49014.2,49025.009999999995,10.809999999997672,0.0002204997000510081
2026-07-06 09:43:00,20141.05,929.27,44674.85,49014.23,49025.02,10.789999999993597,0.00022009170011544305
2026-07-06 09:44:00,20141.47,928.58,44674.57,49014.13,49025.02,10.889999999999418,0.0002221314749081065
2026-07-06 09:45:00,20141.43,928.41,44674.23,49013.8,49025.02,11.219999999993888,0.00022886273172339122
2026-07-06 09:46:00,20141.73,927.98,44674.1,49013.79,49025.03,11.239999999997963,0.00022927063991593606
2026-07-06 09:47:00,20141.7,928.06,44673.88,49013.61,49025.04,11.430000000000291,0.00023314616367473215
2026-07-06 09:48:00,20141.52,927.63,44673.55,49013.2,49025.05,11.85000000000582,0.00024171316500453993
2026-07-06 09:49:00,20140.96,927.45,44673.29,49012.74,49025.06,12.319999999999709,0.00025130004940329925
2026-07-06 09:50:00,20140.52,927.28,44673.04,49011.27,49025.06,13.790000000000873,0.0002812847143889446
2026-07-06 09:51:00,20140.65,926.71,44673.09,49012.41,49025.06,12.64999999999418,0.00025803130072648927
2026-07-06 09:52:00,20140.35,926.56,44673.05,49012.23,49025.065,12.834999999999127,0.00026180485431277095
2026-07-06 09:53:00,20140.08,926.07,44672.86,49011.94,49025.07,13.12999999999738,0.0002678221571126238
2026-07-06 09:54:00,20139.63,925.48,44672.53,49011.46,49025.08,13.62000000000262,0.0002778169867341903
2026-07-06 09:55:00,20139.85,925.18,44672.49,49011.5,49025.09,13.589999999996508,0.00027720499850171634
2026-07-06 09:56:00,20139.69,924.93,44672.19,49011.15,49025.09,13.939999999995052,0.0002843442000819387
2026-07-06 09:57:00,20139.78,924.74,44672.11,49011.12,49025.09,13.969999999993888,0.0002849561316459366
2026-07-06 09:58:00,20139.66,924.35,44671.85,49010.82,49025.09,14.269999999996799,0.000291075447286212
2026-07-06 09:59:00,20139.39,924.02,44671.48,49010.36,49025.09,14.729999999995925,0.0003004583979345255
2026-07-06 10:00:00,20139.12,924.14,44671.38,49010.17,49025.09,14.919999999998254,0.00030433396450670985
2026-07-06 10:01:00,20138.59,924.02,44671.14,49009.73,49025.09,15.359999999993306,0.0003133089607789258
2026-07-06 10:02:00,20138.53,924.34,44670.72,49009.34,49025.095,15.755000000004657,0.0003213660269297725
2026-07-06 10:03:00,20138.52,923.96,44670.4,49009.07,49025.1,16.029999999998836,0.00032697536568000545
2026-07-06 10:04:00,20138.86,923.66,44670.36,49009.16,49025.104999999996,15.944999999992433,0.00032524152676455123
2026-07-06 10:05:00,20138.8,923.44,44670.08,49008.86,49025.11,16.25,0.0003314627952900055
2026-07-06 10:06:00,20138.73,923.52,44669.77,49008.56,49025.11,16.55000000000291,0.0003375821084338803
2026-07-06 10:07:00,20139.08,923.32,44669.37,49008.35,49025.11,16.760000000002037,0.00034186562763453333
2026-07-06 10:08:00,20139.63,923.03,44669.33,49008.51,49025.119999999995,16.609999999993306,0.00033880590195380057
2026-07-06 10:09:00,20139.68,923.11,44669.15,49008.37,49025.13,16.75999999999476,0.00034186548816891995
2026-07-06 10:10:00,20139.52,922.85,44668.9,49008.08,49025.134999999995,17.054999999993015,0.0003478827748254649
2026-07-06 10:11:00,20140.1,922.43,44668.92,49008.33,49025.14,16.80999999999767,0.0003428853033361592
2026-07-06 10:12:00,20140.14,922.4,44668.71,49008.13,49025.145000000004,17.015000000006694,0.0003470667960289907
2026-07-06 10:13:00,20140.04,922.44,44668.41,49007.83,49025.15,17.31999999999971,0.00035328805725224114
2026-07-06 10:14:00,20140.35,921.95,44668.28,49007.82,49025.155,17.334999999999127,0.00035359398659727087
2026-07-06 10:15:00,20140.19,921.77,44667.96,49007.47,49025.16,17.69000000000233,0.0003608351303698413
2026-07-06 10:16:00,20140.33,921.59,44667.9,49007.48,49025.16,17.68000000000029,0.00036063115347303895
2026-07-06 10:17:00,20140.48,921.27,44667.79,49007.42,49025.16,17.74000000000524,0.00036185501485370443
2026-07-06 10:18:00,20140.65,921.05,44667.55,49007.27,49025.165,17.895000000004075,0.00036501661952599394
2026-07-06 10:19:00,20140.83,920.92,44667.38,49007.18,49025.17,17.989999999997963,0.00036695436242236313
2026-07-06 10:20:00,20140.82,920.86,44667.2,49007.02,49025.175,18.155000000006112,0.00037031994276422495
2026-07-06 10:21:00,20141.06,920.54,44667.08,49007.02,49025.18,18.160000000003492,0.0003704218934026044
2026-07-06 10:22:00,20141.43,920.18,44666.9,49006.99,49025.19,18.200000000004366,0.00037123772493292457
2026-07-06 10:23:00,20141.33,920.15,44666.64,49006.72,49025.2,18.479999999995925,0.00037694899765826405
2026-07-06 10:24:00,20141.39,920.33,44666.57,49006.66,49025.2,18.539999999993597,0.0003781728580402242
2026-07-06 10:25:00,20141.51,919.74,44666.39,49006.48,49025.2,18.719999999993888,0.00038184443918625296
2026-07-06 10:26:00,20141.74,919.55,44666.26,49006.54,49025.21,18.669999999998254,0.00038082447785533715
2026-07-06 10:27:00,20142.05,919.38,44666.13,49006.55,49025.22,18.669999999998254,0.00038082440017603704
2026-07-06 10:28:00,20142.55,919.02,44666.03,49006.65,49025.225000000006,18.575000000004366,0.00037888658338649877
2026-07-06 10:29:00,20142.88,918.34,44665.94,49006.69,49025.23,18.540000000000873,0.0003781726266251249
2026-07-06 10:30:00,20143.8,917.87,44666.15,49007.27,49025.23,17.960000000006403,0.0003663419835053584
2026-07-06 10:31:00,20143.98,917.65,44666.08,49007.26,49025.23,17.970000000001164,0.0003665459601107667
2026-07-06 10:32:00,20143.81,917.48,44665.89,49007.01,49025.240000000005,18.2300000000032,0.0003718492760056493
2026-07-06 10:33:00,20143.77,917.31,44665.62,49006.76,49025.25,18.489999999997963,0.00037715258973687973
2026-07-06 10:34:00,20144.02,916.97,44665.51,49006.74,49025.255000000005,18.515000000006694,0.00037766249252567255
2026-07-06 10:35:00,20144.26,916.56,44665.31,49006.65,49025.26,18.610000000000582,0.0003796002305750256
2026-07-06 10:36:00,20144.5,916.32,44665.33,49006.76,49025.265,18.50499999999738,0.00037745843903133175
2026-07-06 10:37:00,20144.61,916.26,44665.03,49006.52,49025.27,18.75,0.00038245582329276314
2026-07-06 10:38:00,20144.93,916.1,44664.86,49006.51,49025.274999999994,18.764999999992142,0.00038276174891404776
2026-07-06 10:39:00,20144.92,915.59,44664.7,49006.34,49025.28,18.94000000000233,0.0003863312968330284
2026-07-06 10:40:00,20144.93,915.45,44664.88,49006.52,49025.28,18.760000000002037,0.00038265972167832673
2026-07-06 10:41:00,20145.42,914.91,44664.63,49006.47,49025.28,18.80999999999767,0.00038367960366565316
2026-07-06 10:42:00,20145.83,914.39,44664.5,49006.52,49025.285,18.765000000006694,0.00038276167083998986
2026-07-06 10:43:00,20146.38,913.93,44664.58,49006.81,49025.29,18.4800000000032,0.0003769483056602664
2026-07-06 10:44:00,20146.99,913.19,44664.4,49006.87,49025.29,18.419999999998254,0.00037572444752490507
2026-07-06 10:45:00,20147.13,912.7,44664.23,49006.76,49025.29,18.529999999998836,0.000377968187439561
2026-07-06 10:46:00,20146.96,912.37,44663.98,49006.46,49025.29,18.830000000001746,0.0003840874781159223
2026-07-06 10:47:00,20146.72,912.38,44663.68,49006.11,49025.29,19.18000000000029,0.00039122665057157827
2026-07-06 10:48:00,20146.73,912.05,44663.56,49005.99,49025.305,19.31500000000233,0.0003939802108319842
2026-07-06 10:49:00,20146.43,912.02,44663.31,49005.64,49025.32,19.68000000000029,0.00040142522272165266
2026-07-06 10:50:00,20145.72,912.39,44663.03,49005.11,49025.325,20.214999999996508,0.00041233790902959864
2026-07-06 10:51:00,20145.78,912.27,44662.97,49005.06,49025.33,20.270000000004075,0.00041345973601817823
2026-07-06 10:52:00,20145.53,911.87,44662.82,49004.81,49025.335,20.525000000001455,0.00041866108615069034
2026-07-06 10:53:00,20144.7,911.89,44662.54,49004.21,49025.34,21.12999999999738,0.0004310016003968026
2026-07-06 10:54:00,20143.83,912.13,44662.28,49003.62,49025.354999999996,21.734999999993306,0.000443342021694556
2026-07-06 10:55:00,20143.92,911.93,44662.24,49003.62,49025.37,21.75,0.00044364785008251846
2026-07-06 10:56:00,20143.69,911.99,44662.11,49003.41,49025.37,21.959999999999127,0.000447931346566056
2026-07-06 10:57:00,20143.18,911.93,44661.89,49003.01,49025.37,22.360000000000582,0.00045609038748714353
2026-07-06 10:58:00,20143.41,911.86,44661.74,49002.98,49025.375,22.3949999999968,0.0004568042569791011
2026-07-06 10:59:00,20144.18,911.51,44661.68,49003.22,49025.38,22.159999999996217,0.0004520107748271654
2026-07-06 11:00:00,20145.22,911.4,44661.7,49003.67,49025.39,21.720000000001164,0.0004430357412761258
2026-07-06 11:01:00,20145.93,910.72,44661.63,49003.88,49025.4,21.520000000004075,0.0004389561329434145
2026-07-06 11:02:00,20146.38,910.29,44661.42,49003.88,49025.4,21.520000000004075,0.0004389561329434145
2026-07-06 11:03:00,20146.64,909.99,44661.32,49003.87,49025.4,21.529999999998836,0.0004391601088415155
2026-07-06 11:04:00,20146.25,909.98,44661.03,49003.44,49025.4,21.959999999999127,0.00044793107246445977
2026-07-06 11:05:00,20146.8,909.65,44661.06,49003.7,49025.4,21.700000000004366,0.00044262769911116204
2026-07-06 11:06:00,20147.54,909.43,44661.12,49004.06,49025.405,21.345000000001164,0.00043538651032054023
2026-07-06 11:07:00,20147.35,909.05,44660.77,49003.66,49025.41,21.75,0.0004436474881087175
2026-07-06 11:08:00,20147.69,908.6,44660.82,49003.83,49025.41,21.580000000001746,0.00044017989854652404
2026-07-06 11:09:00,20148.83,908.42,44660.9,49004.37,49025.41,21.040000000000873,0.0004291652022900139
2026-07-06 11:10:00,20149.58,908.16,44660.86,49004.62,49025.415,20.794999999998254,0.0004241677505432285
2026-07-06 11:11:00,20150.25,907.45,44660.9,49004.93,49025.42,20.489999999997963,0.0004179464449258765
2026-07-06 11:12:00,20150.43,907.05,44660.76,49004.86,49025.42,20.55999999999767,0.0004193742756308395
2026-07-06 11:13:00,20149.91,907.15,44660.44,49004.34,49025.42,21.080000000001746,0.00042998101801069213
2026-07-06 11:14:00,20149.69,906.84,44660.34,49004.17,49025.425,21.255000000004657,0.00043355055055626046
2026-07-06 11:15:00,20149.7,906.82,44660.43,49004.25,49025.43,21.18000000000029,0.0004320206880388462
2026-07-06 11:16:00,20149.45,906.82,44660.3,49004.04,49025.43,21.389999999999418,0.0004363041792800067
2026-07-06 11:17:00,20149.14,906.65,44660.15,49003.76,49025.43,21.669999999998254,0.00044201550093488735
2026-07-06 11:18:00,20149.03,906.45,44660.09,49003.67,49025.43,21.760000000002037,0.0004438512828954695
2026-07-06 11:19:00,20148.8,906.57,44659.96,49003.46,49025.43,21.970000000001164,0.00044813477413663
2026-07-06 11:20:00,20148.69,906.4,44659.91,49003.36,49025.44,22.080000000001746,0.00045037841577764005
2026-07-06 11:21:00,20148.75,906.2,44659.83,49003.31,49025.45,22.139999999999418,0.0004516021780524079
2026-07-06 11:22:00,20148.88,906.27,44660.0,49003.55,49025.45,21.89999999999418,0.00044670676148804715
2026-07-06 11:23:00,20148.5,906.11,44659.72,49003.12,49025.45,22.32999999999447,0.0004554777161656746
2026-07-06 11:24:00,20148.98,906.03,44659.9,49003.48,49025.455,21.974999999998545,0.00044823653344978735
2026-07-06 11:25:00,20148.83,906.29,44659.88,49003.4,49025.46,22.05999999999767,0.0004499702807479557
2026-07-06 11:26:00,20149.2,905.91,44659.88,49003.56,49025.465,21.904999999998836,0.000446808612626088
2026-07-06 11:27:00,20149.61,905.62,44659.92,49003.75,49025.47,21.720000000001164,0.0004430350183282519
2026-07-06 11:28:00,20150.0,905.37,44660.19,49004.15,49025.47,21.31999999999971,0.00043487599404961767
2026-07-06 11:29:00,20150.58,904.88,44660.32,49004.49,49025.47,20.9800000000032,0.000427940823412875
2026-07-06 11:30:00,20151.21,904.67,44660.61,49005.0,49025.479999999996,20.479999999995925,0.0004177419578553015
2026-07-06 11:31:00,20151.12,904.64,44660.48,49004.85,49025.49,20.639999999999418,0.0004210054810262869
2026-07-06 11:32:00,20151.07,904.2,44660.28,49004.65,49025.494999999995,20.844999999993888,0.0004251869358992477
2026-07-06 11:33:00,20150.99,903.94,44660.47,49004.78,49025.5,20.720000000001164,0.0004226371990087029
2026-07-06 11:34:00,20151.38,903.75,44660.59,49005.08,49025.505000000005,20.42500000000291,0.0004166198797952802
2026-07-06 11:35:00,20151.23,903.94,44660.49,49004.91,49025.51,20.599999999998545,0.0004201894075145479
2026-07-06 11:36:00,20150.83,903.97,44660.38,49004.66,49025.51,20.849999999998545,0.0004252887935280743
2026-07-06 11:37:00,20150.77,903.73,44660.39,49004.64,49025.51,20.87000000000262,0.0004256967444092396
2026-07-06 11:38:00,20151.15,903.48,44660.68,49005.08,49025.520000000004,20.44000000000233,0.0004169257154233617
2026-07-06 11:39:00,20151.03,903.29,44660.69,49005.02,49025.53,20.510000000002037,0.00041835345788208793
2026-07-06 11:40:00,20151.56,903.04,44660.94,49005.47,49025.535,20.06500000000233,0.00040927651273978604
2026-07-06 11:41:00,20151.28,903.1,44660.81,49005.23,49025.54,20.30999999999767,0.0004142738662337563
2026-07-06 11:42:00,20151.49,902.91,44660.98,49005.46,49025.54,20.080000000001746,0.000409582433972206
2026-07-06 11:43:00,20151.57,902.44,44660.84,49005.36,49025.54,20.18000000000029,0.00041162218712940827
2026-07-06 11:44:00,20152.04,902.19,44661.01,49005.71,49025.545,19.834999999999127,0.0004045849974742581
2026-07-06 11:45:00,20152.67,901.61,44661.14,49006.06,49025.55,19.49000000000524,0.000397547809254669
2026-07-06 11:46:00,20152.71,901.23,44661.26,49006.17,49025.555,19.385000000002037,0.0003954060285498458
2026-07-06 11:47:00,20152.39,901.2,44661.26,49006.05,49025.56,19.50999999999476,0.00039795567862957123
2026-07-06 11:48:00,20151.86,901.17,44661.28,49005.85,49025.56,19.709999999999127,0.00040203518327988765
2026-07-06 11:49:00,20151.56,901.18,44661.33,49005.77,49025.56,19.790000000000873,0.00040366698514001417
2026-07-06 11:50:00,20151.82,900.75,44661.46,49005.97,49025.565,19.595000000001164,0.0003996894273426765
2026-07-06 11:51:00,20152.28,900.22,44661.74,49006.42,49025.57,19.150000000001455,0.00039061249058402493
2026-07-06 11:52:00,20152.37,899.85,44661.78,49006.5,49025.58,19.080000000001746,0.0003891845848636925
2026-07-06 11:53:00,20152.18,899.42,44661.74,49006.37,49025.59,19.219999999993888,0.00039204015698727726
2026-07-06 11:54:00,20152.26,898.95,44661.96,49006.6,49025.595,18.99500000000262,0.00038745067754919894
2026-07-06 11:55:00,20152.45,898.69,44662.12,49006.8,49025.6,18.799999999995634,0.0003834731242452032
2026-07-06 11:56:00,20152.6,898.68,44662.43,49007.14,49025.604999999996,18.464999999996508,0.0003766399211186993
2026-07-06 11:57:00,20152.5,898.35,44662.25,49006.94,49025.61,18.669999999998254,0.00038082137070804937
2026-07-06 11:58:00,20152.26,897.95,44662.14,49006.72,49025.630000000005,18.910000000003492,0.00038571661394261515
2026-07-06 11:59:00,20152.67,897.71,44662.45,49007.18,49025.65,18.470000000001164,0.0003767415628349887
2026-07-06 12:00:00,20152.41,897.64,44662.44,49007.06,49025.65,18.590000000003783,0.00037918926113175006
2026-07-06 12:01:00,20152.45,897.34,44662.54,49007.13,49025.65,18.520000000004075,0.00037776143712534303
2026-07-06 12:02:00,20152.58,897.17,44662.74,49005.91,49025.655,19.744999999995343,0.0004027483161621266
2026-07-06 12:03:00,20153.1,896.89,44662.97,49007.81,49025.66,17.85000000000582,0.0003640950473691903
2026-07-06 12:04:00,20153.6,896.43,44663.3,49008.29,49025.665,17.375,0.00035440620744257113
2026-07-06 12:05:00,20153.51,896.32,44663.43,49008.37,49025.67,17.299999999995634,0.00035287636048616237
2026-07-06 12:06:00,20153.21,895.9,44663.25,49008.07,49025.67,17.599999999998545,0.00035899560373164804
2026-07-06 12:07:00,20153.31,895.59,44663.56,49008.35,49025.67,17.31999999999971,0.00035328431003594054
2026-07-06 12:08:00,20153.03,895.53,44663.47,49007.98,49025.67,17.689999999995052,0.0003608313767052047
2026-07-06 12:09:00,20152.73,895.78,44663.31,49007.95,49025.67,17.720000000001164,0.000361443301029872
2026-07-06 12:10:00,20152.31,895.91,44663.12,49007.6,49025.67,18.06999999999971,0.00036858241814950634
2026-07-06 12:11:00,20152.45,895.6,44663.16,49007.68,49025.67,17.989999999997963,0.0003669506199506904
2026-07-06 12:12:00,20152.74,895.3,44663.23,49007.85,49025.68,17.830000000001746,0.00036368694937024323
2026-07-06 12:13:00,20153.6,894.67,44663.39,49008.37,49025.69,17.31999999999971,0.0003532841659138241
2026-07-06 12:14:00,20153.86,894.33,44663.5,49008.59,49025.7,17.110000000000582,0.00034900062620218746
2026-07-06 12:15:00,20154.1,894.0,44663.74,49008.89,49025.71,16.81999999999971,0.00034308529137058307
2026-07-06 12:16:00,20153.82,893.75,44663.65,49008.68,49025.71,17.029999999998836,0.00034736875814748704
2026-07-06 12:17:00,20153.98,893.47,44663.49,49008.6,49025.71,17.110000000000582,0.0003490005550149214
2026-07-06 12:18:00,20154.12,893.04,44663.53,49008.68,49025.72,17.040000000000873,0.0003475726618599558
2026-07-06 12:19:00,20154.54,892.24,44663.62,49008.91,49025.73,16.81999999999971,0.0003430851514092642
2026-07-06 12:20:00,20154.52,891.89,44663.62,49008.89,49025.735,16.845000000001164,0.00034359505268000904
2026-07-06 12:21:00,20154.21,892.02,44663.59,49008.71,49025.74,17.029999999998836,0.00034736854558439784
2026-07-06 12:22:00,20153.27,891.9,44663.44,49008.19,49025.744999999995,17.554999999993015,0.0003580771694543962
2026-07-06 12:23:00,20152.01,891.88,44663.23,49007.51,49025.75,18.239999999997963,0.0003720493822123672
2026-07-06 12:24:00,20151.41,891.92,44663.2,49007.22,49025.75,18.529999999998836,0.0003779646410304551
2026-07-06 12:25:00,20151.01,891.41,44663.12,49006.98,49025.75,18.7699999999968,0.0003828600276384716
2026-07-06 12:26:00,20150.82,890.98,44663.24,49007.01,49025.759999999995,18.749999999992724,0.00038245200074395023
2026-07-06 12:27:00,20150.78,890.75,44663.23,49006.99,49025.77,18.779999999998836,0.00038306384581004717
2026-07-06 12:28:00,20150.39,890.63,44663.13,49006.71,49025.77,19.05999999999767,0.00038877512785617997
2026-07-06 12:29:00,20149.72,890.36,44662.89,49006.22,49025.77,19.549999999995634,0.00039876987143691237
2026-07-06 12:30:00,20149.07,890.44,44662.95,49006.01,49025.78,19.7699999999968,0.0004032572250762109
2026-07-06 12:31:00,20148.44,890.42,44662.63,49005.46,49025.79,20.330000000001746,0.00041467970225470604
2026-07-06 12:32:00,20148.47,890.5,44662.57,49005.41,49025.805,20.3949999999968,0.00041600540776427433
2026-07-06 12:33:00,20148.98,890.12,44662.45,49005.52,49025.82,20.30000000000291,0.00041406752605061806
2026-07-06 12:34:00,20149.64,889.79,44662.38,49005.71,49025.82,20.110000000000582,0.00041019201718605795
2026-07-06 12:35:00,20149.86,889.05,44662.21,49005.65,49025.82,20.169999999998254,0.00041141586209059335
2026-07-06 12:36:00,20150.42,888.4,44662.36,49005.88,49025.82,19.94000000000233,0.0004067244566231086
2026-07-06 12:37:00,20150.84,887.92,44662.46,49006.22,49025.82,19.599999999998545,0.00039978933549706145
2026-07-06 12:38:00,20151.33,887.32,44662.61,49006.54,49025.82,19.279999999998836,0.00039326216267262506
2026-07-06 12:39:00,20150.91,887.32,44662.12,49005.92,49025.82,19.900000000001455,0.00040590856002003546
2026-07-06 12:40:00,20151.13,887.09,44662.18,49006.06,49025.825,19.764999999999418,0.0004031548678680964
2026-07-06 12:41:00,20150.62,887.1,44661.99,49005.69,49025.83,20.139999999999418,0.000410803855844958
2026-07-06 12:42:00,20150.24,887.06,44661.71,49005.27,49025.83,20.560000000004948,0.0004193707684297226
2026-07-06 12:43:00,20150.1,886.95,44661.66,49005.16,49025.83,20.669999999998254,0.0004216144836303282
2026-07-06 12:44:00,20149.62,886.94,44661.6,49004.91,49025.845,20.93499999999767,0.00042701966687157906
2026-07-06 12:45:00,20149.29,886.94,44661.39,49004.59,49025.86,21.270000000004075,0.00043385266469581714
2026-07-06 12:46:00,20149.49,886.65,44661.29,49004.58,49025.86,21.279999999998836,0.0004340566386800524
2026-07-06 12:47:00,20149.89,886.21,44661.26,49004.73,49025.86,21.12999999999738,0.00043099702891489063
2026-07-06 12:48:00,20150.12,885.63,44661.28,49004.83,49025.865000000005,21.035000000003492,0.00042905923230530436
2026-07-06 12:49:00,20150.34,885.47,44661.4,49005.02,49025.87,20.85000000000582,0.00042528567060627013
2026-07-06 12:50:00,20150.05,885.43,44661.35,49004.85,49025.875,21.025000000001455,0.0004288551708664344
2026-07-06 12:51:00,20149.68,885.39,44661.28,49004.63,49025.88,21.25,0.0004334445399042302
2026-07-06 12:52:00,20149.98,885.19,44661.46,49004.91,49025.88,20.969999999993888,0.0004277332706724263
2026-07-06 12:53:00,20150.23,884.68,44661.38,49004.93,49025.88,20.94999999999709,0.00042732532287022875
2026-07-06 12:54:00,20150.24,884.37,44661.45,49004.99,49025.88,20.889999999999418,0.0004261014794634878
2026-07-06 12:55:00,20149.86,884.46,44661.4,49004.8,49025.88,21.07999999999447,0.00042997698358488356
2026-07-06 12:56:00,20149.33,884.54,44661.31,49004.49,49025.884999999995,21.3949999999968,0.0004364021169632491
2026-07-06 12:57:00,20149.12,884.51,44661.35,49004.44,49025.89,21.44999999999709,0.0004375239286833363
2026-07-06 12:58:00,20148.93,884.37,44661.36,49004.39,49025.895000000004,21.505000000004657,0.0004386457401747516
2026-07-06 12:59:00,20148.8,884.46,44661.24,49004.21,49025.9,21.69000000000233,0.0004424192110701145
2026-07-06 13:00:00,20149.02,884.33,44661.39,49004.44,49025.905,21.464999999996508,0.00043782975551387595
2026-07-06 13:01:00,20149.04,884.27,44661.5,49004.54,49025.91,21.37000000000262,0.00043589195998610975
2026-07-06 13:02:00,20148.85,884.43,44661.37,49004.34,49025.91,21.570000000006985,0.00043997143551250724
2026-07-06 13:03:00,20148.51,884.42,44661.35,49004.24,49025.91,21.67000000000553,0.00044201117327563177
2026-07-06 13:04:00,20148.74,884.22,44661.56,49004.54,49025.915,21.375,0.0004359939024085527
2026-07-06 13:05:00,20149.13,883.83,44661.76,49004.82,49025.92,21.099999999998545,0.0004303845802383422
2026-07-06 13:06:00,20149.49,883.16,44661.88,49005.07,49025.925,20.8550000000032,0.00042538718035413305
2026-07-06 13:07:00,20149.86,882.56,44662.02,49005.33,49025.93,20.599999999998545,0.00042018580779596727
2026-07-06 13:08:00,20149.82,882.53,44662.19,49005.47,49025.935,20.464999999996508,0.0004174321203664246
2026-07-06 13:09:00,20149.9,882.38,44662.42,49005.71,49025.94,20.2300000000032,0.0004126386969837437
2026-07-06 13:10:00,20149.92,881.99,44662.35,49005.64,49025.94,20.30000000000291,0.00041406651254423496
2026-07-06 13:11:00,20150.13,881.44,44662.42,49005.79,49025.94,20.150000000001455,0.00041100690777171137
2026-07-06 13:12:00,20150.31,881.29,44662.68,49006.09,49025.955,19.86500000000524,0.0004051935347308428
2026-07-06 13:13:00,20150.12,881.28,44662.74,49006.08,49025.97,19.889999999999418,0.0004057033445743025
2026-07-06 13:14:00,20150.06,880.9,44662.9,49006.19,49025.97,19.779999999998836,0.00040345963578076755
2026-07-06 13:15:00,20149.57,880.64,44663.06,49006.13,49025.97,19.840000000003783,0.00040468347694097193
2026-07-06 13:16:00,20149.17,880.39,44663.21,49006.11,49025.975000000006,19.86500000000524,0.00040519336943335113
2026-07-06 13:17:00,20148.74,880.1,44663.29,49006.0,49025.98,19.9800000000032,0.0004075390231873631
2026-07-06 13:18:00,20148.69,880.02,44663.32,49006.02,49025.985,19.965000000003783,0.0004072330214273876
2026-07-06 13:19:00,20148.91,879.81,44663.33,49006.12,49025.99,19.869999999995343,0.0004052952321818559
2026-07-06 13:20:00,20148.81,879.6,44663.45,49006.17,49025.99,19.81999999999971,0.00040427536496457717
2026-07-06 13:21:00,20148.72,879.37,44663.61,49006.29,49025.99,19.69999999999709,0.00040182768364284107
2026-07-06 13:22:00,20148.74,878.98,44663.6,49006.27,49025.994999999995,19.724999999998545,0.0004023375762184642
2026-07-06 13:23:00,20148.91,878.73,44663.72,49006.44,49026.0,19.55999999999767,0.0003989719740545358
2026-07-06 13:24:00,20149.08,878.86,44663.81,49006.59,49026.005000000005,19.41500000000815,0.00039601431933946376
2026-07-06 13:25:00,20148.86,878.99,44663.76,49006.46,49026.01,19.55000000000291,0.00039876791931472516
2026-07-06 13:26:00,20148.81,879.04,44663.76,49006.44,49026.01,19.56999999999971,0.00039917586603518637
2026-07-06 13:27:00,20148.84,879.14,44663.77,49006.47,49026.01,19.540000000000873,0.00039856394595442037
2026-07-06 13:28:00,20148.01,879.35,44663.47,49005.87,49026.01,20.139999999999418,0.00041080234757018605
2026-07-06 13:29:00,20148.35,879.41,44663.84,49006.34,49026.01,19.67000000000553,0.0004012155996379377
2026-07-06 13:30:00,20148.47,879.18,44663.91,49006.45,49026.015,19.56500000000233,0.0003990738386548923
2026-07-06 13:31:00,20148.19,879.0,44663.89,49006.34,49026.02,19.68000000000029,0.0004014194911192116
2026-07-06 13:32:00,20148.07,878.71,44664.01,49006.38,49026.02,19.639999999999418,0.0004006035978445613
2026-07-06 13:33:00,20148.36,878.54,44664.19,49006.64,49026.02,19.37999999999738,0.0003953002915594083
2026-07-06 13:34:00,20148.0,878.67,44664.26,49006.56,49026.02,19.459999999999127,0.00039693207810870897
2026-07-06 13:35:00,20148.21,878.39,44664.33,49006.72,49026.02,19.299999999995634,0.0003936685050101076
2026-07-06 13:36:00,20148.49,878.16,44664.38,49006.87,49026.015,19.1449999999968,0.0003905069583974304
2026-07-06 13:37:00,20149.14,878.03,44664.72,49007.43,49026.01,18.580000000001746,0.00037898250336916556
2026-07-06 13:38:00,20149.57,877.26,44664.86,49007.72,49026.01,18.290000000000873,0.0003730672759215133
2026-07-06 13:39:00,20149.4,877.09,44665.16,49007.92,49026.01,18.090000000003783,0.0003689878087163076
2026-07-06 13:40:00,20149.51,877.65,44665.38,49008.18,49026.01,17.830000000001746,0.00036368450134942137
2026-07-06 13:41:00,20149.46,877.25,44665.27,49008.05,49026.01,17.959999999999127,0.00036633615503279025
2026-07-06 13:42:00,20149.95,877.03,44665.52,49008.49,49026.005000000005,17.515000000006694,0.0003572593769369275
2026-07-06 13:43:00,20150.07,876.82,44665.87,49008.83,49026.0,17.169999999998254,0.0003502223310080009
2026-07-06 13:44:00,20149.95,876.28,44665.93,49008.83,49025.994999999995,17.164999999993597,0.00035012038001459427
2026-07-06 13:45:00,20150.92,875.63,44666.3,49009.56,49026.0,16.44000000000233,0.0003353322726716911
2026-07-06 13:46:00,20151.3,875.1,44666.73,49010.09,49026.005000000005,15.915000000008149,0.0003246236359664253
2026-07-06 13:47:00,20150.2,875.38,44666.71,49009.63,49026.01,16.380000000004657,0.0003341083641113086
2026-07-06 13:48:00,20149.7,875.62,44666.85,49009.56,49026.005000000005,16.445000000006985,0.00033543422516289025
2026-07-06 13:49:00,20149.93,875.6,44666.76,49009.58,49026.01,16.43000000000029,0.0003351282309125358
2026-07-06 13:50:00,20150.26,875.38,44666.98,49009.92,49026.005000000005,16.085000000006403,0.0003280911834445087
2026-07-06 13:51:00,20150.7,874.96,44667.31,49010.39,49026.0,15.610000000000582,0.0003184024803165786
2026-07-06 13:52:00,20150.96,875.01,44667.59,49010.75,49025.994999999995,15.244999999995343,0.0003109574828618031
2026-07-06 13:53:00,20151.08,874.55,44667.69,49010.89,49025.99,15.099999999998545,0.00030799989964503614
2026-07-06 13:54:00,20151.15,874.25,44667.73,49010.93,49025.985,15.055000000000291,0.0003070820504677324
2026-07-06 13:55:00,20151.76,873.94,44667.99,49011.41,49025.99,14.57999999999447,0.00029739328058432825
2026-07-06 13:56:00,20152.46,873.57,44668.16,49011.86,49025.994999999995,14.134999999994761,0.0002883164329453133
2026-07-06 13:57:00,20152.6,873.34,44668.21,49011.94,49026.0,14.059999999997672,0.0002867866030269178
2026-07-06 13:58:00,20152.53,872.71,44668.25,49011.94,49026.0,14.059999999997672,0.0002867866030269178
2026-07-06 13:59:00,20151.98,872.61,44668.47,49011.92,49025.99,14.069999999999709,0.00028699063496728387
2026-07-06 14:00:00,20151.41,872.31,44668.71,49011.9,49025.985,14.084999999999127,0.0002872966244329232
2026-07-06 14:01:00,20150.8,872.35,44669.01,49011.93,49025.98,14.05000000000291,0.0002865827465356717
2026-07-06 14:02:00,20150.29,872.53,44669.0,49011.72,49025.975000000006,14.255000000004657,0.00029076423263391815
2026-07-06 14:03:00,20150.43,872.35,44669.25,49011.98,49025.97,13.989999999997963,0.00028535896383076074
2026-07-06 14:04:00,20150.21,872.42,44669.3,49012.04,49025.97,13.930000000000291,0.00028413512267070473
2026-07-06 14:05:00,20149.87,872.54,44669.42,49012.02,49025.97,13.950000000004366,0.0002845430697241557
2026-07-06 14:06:00,20149.63,872.73,44669.44,49011.95,49025.95,14.0,0.0002855630538520926
2026-07-06 14:07:00,20149.69,872.9,44669.49,49012.01,49025.93,13.919999999998254,0.0002839313808019196
2026-07-06 14:08:00,20149.9,872.57,44669.53,49012.12,49025.925,13.805000000000291,0.00028158571204929414
2026-07-06 14:09:00,20150.26,872.49,44669.76,49012.49,49025.92,13.430000000000291,0.000273936725715709
2026-07-06 14:10:00,20150.63,872.38,44669.98,49012.84,49025.91,13.070000000006985,0.0002665937256443987
2026-07-06 14:11:00,20150.48,872.42,44669.82,49012.64,49025.9,13.260000000002037,0.0002704692825629318
2026-07-06 14:12:00,20150.59,872.67,44670.03,49012.87,49025.895000000004,13.025000000001455,0.00026567592493724907
2026-07-06 14:13:00,20150.58,872.76,44670.13,49012.95,49025.89,12.940000000002328,0.0002639421742267673
2026-07-06 14:14:00,20150.47,872.46,44670.07,49012.86,49025.884999999995,13.02499999999418,0.00026567597912805
2026-07-06 14:15:00,20150.82,872.44,44670.41,49013.3,49025.88,12.57999999999447,0.00025659916762319146
2026-07-06 14:16:00,20150.31,872.57,44670.46,49013.12,49025.88,12.759999999994761,0.00026027069784356267
2026-07-06 14:17:00,20150.05,872.51,44670.51,49013.08,49025.88,12.799999999995634,0.0002610865934481061
2026-07-06 14:18:00,20150.12,872.19,44670.6,49013.17,49025.875,12.705000000001746,0.00025914886781728516
2026-07-06 14:19:00,20150.01,872.55,44671.03,49013.52,49025.87,12.35000000000582,0.0002519078192800213
2026-07-06 14:20:00,20149.08,872.78,44670.94,49013.07,49025.865000000005,12.79500000000553,0.0002609846863488391
2026-07-06 14:21:00,20148.3,873.47,44670.79,49012.62,49025.86,13.239999999997963,0.0002700615552689532
2026-07-06 14:22:00,20148.02,873.79,44670.87,49012.59,49025.845,13.255000000004657,0.00027036759896753755
2026-07-06 14:23:00,20147.61,874.0,44670.99,49012.52,49025.83,13.310000000004948,0.00027148953928989977
2026-07-06 14:24:00,20147.37,874.46,44671.15,49012.58,49025.83,13.25,0.0002702656946348486
2026-07-06 14:25:00,20147.74,874.31,44671.33,49012.92,49025.83,12.910000000003492,0.00026333057492353504
2026-07-06 14:26:00,20147.56,874.35,44671.5,49013.0,49025.825,12.82499999999709,0.0002615968216750476
2026-07-06 14:27:00,20147.46,874.73,44671.72,49013.15,49025.82,12.669999999998254,0.00025843524901772685
2026-07-06 14:28:00,20146.63,875.21,44671.81,49012.9,49025.82,12.919999999998254,0.0002635346027868224
2026-07-06 14:29:00,20145.38,875.71,44671.69,49012.27,49025.82,13.55000000000291,0.0002763849742850382
2026-07-06 14:30:00,20145.29,876.09,44671.92,49012.49,49025.82,13.330000000001746,0.0002718975429682103
2026-07-06 14:31:00,20146.8,875.53,44672.26,49013.41,49025.82,12.409999999996217,0.0002531319210978259
2026-07-06 14:32:00,20147.32,875.23,44672.36,49013.72,49025.805,12.084999999999127,0.0002465028366183712
2026-07-06 14:33:00,20147.09,875.58,44672.63,49013.88,49025.79,11.910000000003492,0.00024293336221616198
2026-07-06 14:34:00,20147.61,875.37,44672.74,49014.18,49025.78,11.599999999998545,0.00023661020793546876
2026-07-06 14:35:00,20147.27,875.81,44672.71,49014.03,49025.77,11.739999999997963,0.0002394658972209506
2026-07-06 14:36:00,20147.05,876.31,44672.85,49014.07,49025.77,11.69999999999709,0.0002386499997857676
2026-07-06 14:37:00,20146.93,876.67,44672.94,49014.1,49025.77,11.669999999998254,0.0002380380767094174
2026-07-06 14:38:00,20146.98,876.59,44673.01,49014.19,49025.759999999995,11.569999999992433,0.00023599838125900412
2026-07-06 14:39:00,20147.08,876.51,44673.31,49014.49,49025.75,11.260000000002037,0.0002296752216947632
2026-07-06 14:40:00,20146.52,876.93,44673.42,49014.37,49025.75,11.37999999999738,0.00023212291499869722
2026-07-06 14:41:00,20146.41,877.21,44673.55,49014.45,49025.75,11.30000000000291,0.0002304911194627907
2026-07-06 14:42:00,20146.5,877.26,44673.72,49014.66,49025.744999999995,11.084999999991851,0.00022610569201940434
2026-07-06 14:43:00,20146.3,877.16,44673.74,49014.59,49025.74,11.150000000001455,0.0002274315492229481
2026-07-06 14:44:00,20145.61,877.55,44673.64,49014.23,49025.735,11.50499999999738,0.000234672667324567
2026-07-06 14:45:00,20144.52,877.93,44673.59,49013.75,49025.73,11.980000000003201,0.0002443614812059545
2026-07-06 14:46:00,20143.48,878.24,44673.67,49013.39,49025.72,12.330000000001746,0.00025150064088812457
2026-07-06 14:47:00,20142.88,878.78,44673.61,49013.09,49025.71,12.62000000000262,0.00025741595583220764
2026-07-06 14:48:00,20143.45,878.82,44673.87,49013.58,49025.71,12.12999999999738,0.00024742120001928336
2026-07-06 14:49:00,20144.14,878.13,44673.96,49013.94,49025.71,11.769999999996799,0.00024007811411597707
2026-07-06 14:50:00,20144.6,877.96,44674.21,49014.33,49025.7,11.369999999995343,0.00023191917708457696
2026-07-06 14:51:00,20144.36,878.3,44674.25,49014.28,49025.69,11.410000000003492,0.00023273512315693043
2026-07-06 14:52:00,20143.22,878.41,44674.04,49013.62,49025.7,12.07999999999447,0.0002464013772367242
2026-07-06 14:53:00,20142.71,878.78,44674.12,49013.51,49025.71,12.19999999999709,0.00024884902227825134
2026-07-06 14:54:00,20142.79,879.09,44674.35,49013.73,49025.71,11.979999999995925,0.000244361580892881
2026-07-06 14:55:00,20142.74,879.07,44674.31,49013.68,49025.71,12.029999999998836,0.0002453814539350646
2026-07-06 14:56:00,20142.88,879.41,44674.43,49013.87,49025.72,11.849999999998545,0.00024170986168073707
2026-07-06 14:57:00,20143.86,878.81,44674.47,49014.32,49025.73,11.410000000003492,0.00023273493326878542
2026-07-06 14:58:00,20145.17,878.26,44674.8,49015.1,49025.735,10.635000000002037,0.00021692688544092275
2026-07-06 14:59:00,20145.32,878.41,44674.95,49015.33,49025.74,10.409999999996217,0.00021233743743584934
2026-07-06 15:00:00,20145.33,878.66,44674.96,49015.31,49025.744999999995,10.434999999997672,0.0002128473519371847
2026-07-06 15:01:00,20145.17,878.37,44675.09,49015.37,49025.75,10.37999999999738,0.00021172547079845552
2026-07-06 15:02:00,20144.6,878.88,44675.32,49015.34,49025.75,10.410000000003492,0.00021233739412458743
2026-07-06 15:03:00,20144.25,879.39,44675.37,49015.24,49025.75,10.510000000002037,0.00021437713854458192
2026-07-06 15:04:00,20144.45,879.41,44675.45,49015.39,49025.759999999995,10.369999999995343,0.0002115214532114412
2026-07-06 15:05:00,20144.35,879.96,44675.39,49015.3,49025.77,10.469999999993888,0.00021356115365437175
2026-07-06 15:06:00,20144.54,880.39,44675.34,49015.36,49025.77,10.409999999996217,0.00021233730750167142
2026-07-06 15:07:00,20144.69,880.71,44675.38,49015.47,49025.77,10.299999999995634,0.00021009358955495518
2026-07-06 15:08:00,20144.81,881.07,44675.38,49015.52,49025.78,10.260000000002037,0.0002092776494326462
2026-07-06 15:09:00,20145.43,881.31,44675.57,49015.94,49025.79,9.849999999998545,0.00020091466144652733
2026-07-06 15:10:00,20146.12,881.27,44675.61,49016.26,49025.805,9.544999999998254,0.00019469338647265972
2026-07-06 15:11:00,20147.13,880.89,44675.81,49016.84,49025.82,8.980000000003201,0.00018316878738597746
2026-07-06 15:12:00,20147.62,880.69,44676.01,49017.21,49025.82,8.610000000000582,0.00017562174380766262
2026-07-06 15:13:00,20147.84,881.07,44676.02,49017.34,49025.82,8.480000000003201,0.00017297007984778636
2026-07-06 15:14:00,20148.15,881.38,44676.22,49017.66,49025.82,8.159999999996217,0.00016644290702320157
2026-07-06 15:15:00,20148.52,881.56,44676.42,49017.97,49025.82,7.849999999998545,0.00016011970834957059
2026-07-06 15:16:00,20149.6,881.28,44676.97,49018.89,49025.825,6.934999999997672,0.0001414560591279733
2026-07-06 15:17:00,20149.95,881.37,44677.0,49019.05,49025.83,6.779999999998836,0.00013829444600935539
2026-07-06 15:18:00,20150.47,881.22,44677.12,49019.37,49025.83,6.459999999999127,0.00013176727451629327
2026-07-06 15:19:00,20150.91,880.91,44677.16,49019.58,49025.83,6.25,0.0001274838182239852
2026-07-06 15:20:00,20151.04,881.0,44677.12,49019.61,49025.850000000006,6.240000000005239,0.0001272797921913692
2026-07-06 15:21:00,20151.52,880.88,44677.29,49019.95,49025.87,5.92000000000553,0.00012075257410027663
2026-07-06 15:22:00,20151.41,881.06,44677.43,49020.03,49025.875,5.845000000001164,0.00011922275737049393
2026-07-06 15:23:00,20151.34,881.16,44677.58,49020.13,49025.88,5.75,0.00011728499315055641
2026-07-06 15:24:00,20151.54,881.28,44677.61,49020.25,49025.88,5.629999999997381,0.00011483730633692615
2026-07-06 15:25:00,20151.45,881.75,44677.74,49020.33,49025.88,5.549999999995634,0.00011320551512783931
2026-07-06 15:26:00,20151.57,882.0,44677.83,49020.47,49025.884999999995,5.414999999993597,0.00011045185619787583
2026-07-06 15:27:00,20152.25,881.72,44677.96,49020.87,49025.89,5.019999999996799,0.00010239487748201611
2026-07-06 15:28:00,20152.65,881.68,44678.35,49021.37,49025.895000000004,4.525000000001455,9.229816202236501e-05
2026-07-06 15:29:00,20152.75,881.78,44678.43,49021.5,49025.9,4.400000000001455,8.974847988515163e-05
2026-07-06 15:30:00,20153.72,881.87,44679.23,49022.62,49025.91,3.290000000000873,6.710737240779157e-05
2026-07-06 15:31:00,20153.32,882.18,44679.08,49022.33,49025.92,3.5899999999965075,7.322657076086502e-05
2026-07-06 15:32:00,20153.53,882.16,44679.2,49022.51,49025.925,3.415000000000873,6.965702329942522e-05
2026-07-06 15:33:00,20153.8,882.01,44679.24,49022.66,49025.93,3.2699999999967986,6.66993976452216e-05
2026-07-06 15:34:00,20153.76,882.37,44679.14,49022.55,49025.95,3.3999999999941792,6.935102736396092e-05
2026-07-06 15:35:00,20153.99,882.52,44679.37,49022.85,49025.97,3.1200000000026193,6.363974032543608e-05
2026-07-06 15:36:00,20153.94,882.5,44679.6,49023.03,49025.97,2.9400000000023283,5.9968216845119605e-05
2026-07-06 15:37:00,20153.32,883.06,44679.35,49022.56,49025.97,3.4100000000034925,6.955497259928753e-05
2026-07-06 15:38:00,20153.36,883.24,44679.69,49022.89,49025.975000000006,3.085000000006403,6.292582656451815e-05
2026-07-06 15:39:00,20152.79,883.94,44679.46,49022.45,49025.98,3.530000000006112,7.200264023291552e-05
2026-07-06 15:40:00,20152.79,884.21,44679.48,49022.48,49025.985,3.5049999999973807,7.14926992287331e-05
2026-07-06 15:41:00,20153.37,884.0,44679.52,49022.75,49025.99,3.2399999999979627,6.608739568538979e-05
2026-07-06 15:42:00,20154.09,883.32,44679.89,49023.38,49026.0,2.6200000000026193,5.3441031289573274e-05
2026-07-06 15:43:00,20153.94,883.35,44679.98,49023.4,49026.01,2.610000000000582,5.3237047028721736e-05
2026-07-06 15:44:00,20153.15,883.63,44679.79,49022.9,49026.015,3.1149999999979627,6.353769524196415e-05
2026-07-06 15:45:00,20152.89,883.67,44679.93,49022.93,49026.02,3.0899999999965075,6.302775546529185e-05
2026-07-06 15:46:00,20152.48,884.12,44679.97,49022.79,49026.03,3.2399999999979627,6.60873417651391e-05
2026-07-06 15:47:00,20152.33,884.19,44679.95,49022.71,49026.04,3.3300000000017462,6.79230874041988e-05
2026-07-06 15:48:00,20152.19,884.38,44679.99,49022.71,49026.045,3.334999999999127,6.802506708422282e-05
2026-07-06 15:49:00,20152.59,884.15,44680.0,49022.89,49026.05,3.1600000000034925,6.445552925441662e-05
2026-07-06 15:50:00,20152.94,884.47,44680.28,49023.28,49026.05,2.7700000000040745,5.650057469455676e-05
2026-07-06 15:51:00,20153.03,884.57,44680.19,49023.23,49026.05,2.819999999999709,5.7520440663682036e-05
2026-07-06 15:52:00,20153.05,884.73,44679.98,49023.06,49026.055,2.9950000000026193,6.108996532563388e-05
2026-07-06 15:53:00,20153.01,885.17,44680.07,49023.13,49026.06,2.930000000000291,5.976413360568423e-05
2026-07-06 15:54:00,20153.26,885.33,44680.07,49023.24,49026.075,2.834999999999127,5.7826370966860534e-05
2026-07-06 15:55:00,20154.02,885.42,44680.6,49024.03,49026.09,2.0599999999976717,4.201844364903813e-05
2026-07-06 15:56:00,20154.18,885.69,44680.72,49024.21,49026.09,1.8799999999973807,3.834692915542277e-05
2026-07-06 15:57:00,20154.21,886.16,44680.56,49024.09,49026.09,2.0,4.0794605484549146e-05
2026-07-06 15:58:00,20154.65,886.3,44680.66,49024.37,49026.09,1.7199999999938882,3.5083360716587604e-05
2026-07-06 15:59:00,20155.04,886.37,44680.82,49024.67,49026.09,1.4199999999982538,2.8964169893994278e-05
2026-07-06 16:00:00,20155.19,886.79,44681.0,49024.9,49026.095,1.194999999999709,2.4374774291113926e-05
2026-07-06 16:01:00,20155.04,886.86,44680.84,49024.69,49026.1,1.4099999999962165,2.876019100022675e-05
2026-07-06 16:02:00,20155.01,887.09,44680.56,49024.43,49026.104999999996,1.6749999999956344,3.416547163996884e-05
2026-07-06 16:03:00,20155.68,887.42,44680.94,49025.07,49026.11,1.0400000000008731,2.1213186198147743e-05
2026-07-06 16:04:00,20155.69,887.44,44681.11,49025.2,49026.15,0.9500000000043656,1.937741389043124e-05
2026-07-06 16:05:00,20155.94,887.48,44681.02,49025.23,49026.19,0.9599999999991269,1.9581370691851168e-05
2026-07-06 16:06:00,20156.44,887.83,44681.26,49025.67,49026.22,0.5500000000029104,1.1218486760817178e-05
2026-07-06 16:07:00,20156.62,887.79,44681.04,49025.56,49026.25,0.6900000000023283,1.4074092960451356e-05
2026-07-06 16:08:00,20156.97,887.99,44681.39,49026.02,49026.270000000004,0.25000000000727596,5.099306963537628e-06
2026-07-06 16:09:00,20157.42,888.21,44681.5,49026.31,49026.29,0.01999999999679858,4.0794439058714373e-07
2026-07-06 16:10:00,20157.48,888.17,44681.61,49026.42,49026.29,0.12999999999738066,2.6516385391874576e-06
2026-07-06 16:11:00,20157.71,888.35,44681.72,49026.62,49026.29,0.33000000000174623,6.731082445800941e-06
2026-07-06 16:12:00,20157.89,888.75,44681.87,49026.83,49026.295,0.5350000000034925,1.0912511337099663e-05
2026-07-06 16:13:00,20158.1,889.03,44681.95,49026.99,49026.3,0.6899999999950523,1.4074078606687682e-05
2026-07-06 16:14:00,20158.52,889.26,44682.05,49027.27,49026.295,0.9749999999985448,1.988728701605016e-05
2026-07-06 16:15:00,20159.13,889.32,44682.38,49027.83,49026.3,1.5299999999988358,3.1207739519377065e-05
2026-07-06 16:16:00,20159.18,889.62,44682.35,49027.81,49026.295,1.514999999999418,3.090178444035834e-05
2026-07-06 16:17:00,20159.4,889.71,44682.4,49027.95,49026.29,1.6599999999962165,3.3859384424075664e-05
2026-07-06 16:18:00,20159.25,889.87,44682.32,49027.82,49026.270000000004,1.5499999999956344,3.161570317292411e-05
2026-07-06 16:19:00,20159.26,889.99,44682.33,49027.83,49026.25,1.5800000000017462,3.222763315574302e-05
2026-07-06 16:20:00,20159.61,890.07,44682.52,49028.15,49026.270000000004,1.8799999999973807,3.83467883646335e-05
2026-07-06 16:21:00,20160.06,890.24,44682.7,49028.49,49026.29,2.1999999999970896,4.4873882971709456e-05
2026-07-06 16:22:00,20160.08,890.38,44682.68,49028.48,49026.295,2.1850000000049477,4.4567920133572155e-05
2026-07-06 16:23:00,20160.06,890.87,44682.76,49028.55,49026.3,2.25,4.589373458735413e-05
2026-07-06 16:24:00,20159.67,891.33,44682.22,49027.91,49026.305,1.6050000000032014,3.2737527333605936e-05
2026-07-06 16:25:00,20160.51,891.25,44682.79,49028.75,49026.31,2.4400000000023283,4.976919535658157e-05
2026-07-06 16:26:00,20160.6,891.42,44682.87,49028.85,49026.31,2.540000000000873,5.180891647772131e-05
2026-07-06 16:27:00,20160.93,891.61,44682.87,49029.0,49026.31,2.6900000000023283,5.486849815950514e-05
2026-07-06 16:28:00,20160.95,891.81,44682.89,49029.02,49026.325,2.694999999999709,5.4970467396846674e-05
2026-07-06 16:29:00,20161.1,892.07,44682.97,49029.18,49026.34,2.8400000000037835,5.792804439417227e-05
2026-07-06 16:30:00,20161.25,892.49,44683.07,49029.34,49026.34,3.0,6.119159619094552e-05
2026-07-06 16:31:00,20161.07,892.72,44682.9,49029.1,49026.34,2.7600000000020373,5.629626849571144e-05
2026-07-06 16:32:00,20161.16,893.01,44682.94,49029.18,49026.34,2.8400000000037835,5.792804439417227e-05
2026-07-06 16:33:00,20161.21,893.07,44682.95,49029.21,49026.34,2.8700000000026193,5.853996035605798e-05
2026-07-06 16:34:00,20161.27,893.3,44682.95,49029.23,49026.35,2.8800000000046566,5.874392036128851e-05
2026-07-06 16:35:00,20161.39,893.49,44682.97,49029.3,49026.36,2.9400000000023283,5.9967739803695975e-05
2026-07-06 16:36:00,20161.71,893.48,44683.25,49029.69,49026.369999999995,3.320000000006985,6.77186583466609e-05
2026-07-06 16:37:00,20161.46,893.79,44683.07,49029.43,49026.38,3.0500000000029104,6.22114053699847e-05
2026-07-06 16:38:00,20161.68,893.54,44682.98,49029.45,49026.39,3.0599999999976717,6.24153644597873e-05
2026-07-06 16:39:00,20161.93,893.71,44683.11,49029.67,49026.4,3.2699999999967986,6.669875821999573e-05
2026-07-06 16:40:00,20162.1,893.95,44683.22,49029.85,49026.405,3.444999999999709,7.026825646301639e-05
2026-07-06 16:41:00,20161.89,894.25,44683.19,49029.73,49026.41,3.319999999999709,6.771860309575407e-05
2026-07-06 16:42:00,20161.99,894.27,44683.14,49029.73,49026.415,3.3150000000023283,6.761661035183438e-05
2026-07-06 16:43:00,20162.38,894.31,44683.3,49030.04,49026.42,3.6200000000026193,7.38377389171516e-05
2026-07-06 16:44:00,20162.29,894.59,44683.3,49030.01,49026.42,3.5900000000037835,7.322582395377397e-05
2026-07-06 16:45:00,20162.42,894.55,44683.1,49029.88,49026.42,3.459999999999127,7.057419244560641e-05
2026-07-06 16:46:00,20162.47,894.73,44683.04,49029.85,49026.42,3.430000000000291,6.99622774822288e-05
2026-07-06 16:47:00,20162.49,894.87,44683.01,49029.83,49026.42,3.4100000000034925,6.955433417335985e-05
2026-07-06 16:48:00,20162.49,895.29,44683.26,49030.08,49026.455,3.625,7.393967195874146e-05
2026-07-06 16:49:00,20162.7,895.28,44683.18,49030.08,49026.49,3.5900000000037835,7.322571940197602e-05
2026-07-06 16:50:00,20162.85,895.46,44683.11,49030.08,49026.53,3.5500000000029104,7.24097748709303e-05
2026-07-06 16:51:00,20162.89,895.7,44683.05,49030.05,49026.57,3.4800000000032014,7.098191858013321e-05
2026-07-06 16:52:00,20163.03,895.95,44683.2,49030.24,49026.57,3.6699999999982538,7.485736815767968e-05
2026-07-06 16:53:00,20163.23,896.1,44683.34,49030.45,49026.57,3.8799999999973807,7.914075979611424e-05
2026-07-06 16:54:00,20163.22,896.29,44683.43,49030.53,49026.58,3.9499999999970896,8.056854057527753e-05
2026-07-06 16:55:00,20163.35,896.24,44683.35,49030.5,49026.59,3.9100000000034925,7.975264035298993e-05
2026-07-06 16:56:00,20163.72,896.25,44683.46,49030.75,49026.595,4.154999999998836,8.474991991589128e-05
2026-07-06 16:57:00,20163.9,896.74,44683.59,49030.96,49026.6,4.360000000000582,8.893131483726348e-05
2026-07-06 16:58:00,20163.89,896.75,44683.44,49030.81,49026.61,4.19999999999709,8.566776287402065e-05
2026-07-06 16:59:00,20164.31,896.81,44683.78,49031.31,49026.62,4.689999999995052,9.566231569696325e-05
2026-07-06 17:00:00,20164.4,896.72,44683.85,49031.39,49026.635,4.754999999997381,9.698809636837978e-05
2026-07-06 17:01:00,20164.37,896.93,44683.91,49031.43,49026.65,4.779999999998836,9.749799343823892e-05
2026-07-06 17:02:00,20164.59,897.11,44683.98,49031.58,49026.66,4.919999999998254,0.00010035356273501506
2026-07-06 17:03:00,20164.98,897.12,44684.27,49032.01,49026.67,5.3400000000037835,0.00010892030806913428
2026-07-06 17:04:00,20165.19,897.27,44684.44,49032.25,49026.7,5.55000000000291,0.00011320362170007182
2026-07-06 17:05:00,20165.07,897.54,44684.32,49032.09,49026.73,5.359999999993306,0.00010932811549930631
2026-07-06 17:06:00,20165.44,897.72,44684.47,49032.39,49026.745,5.644999999996799,0.00011514123566630414
2026-07-06 17:07:00,20165.83,897.89,44684.58,49032.65,49026.76,5.889999999999418,0.00012013847131646916
2026-07-06 17:08:00,20165.96,897.86,44684.57,49032.7,49026.765,5.934999999997672,0.00012105632505015723
2026-07-06 17:09:00,20166.51,898.01,44684.82,49033.15,49026.77,6.380000000004657,0.0001301329865296991
2026-07-06 17:10:00,20166.55,897.99,44684.85,49033.19,49026.774999999994,6.415000000008149,0.0001308468688794674
2026-07-06 17:11:00,20166.49,897.98,44684.92,49033.23,49026.78,6.450000000004366,0.00013156075108347652
2026-07-06 17:12:00,20166.72,898.26,44685.18,49033.57,49026.805,6.764999999999418,0.0001379857406575733
2026-07-06 17:13:00,20166.67,898.45,44685.19,49033.54,49026.83,6.709999999999127,0.0001368638355773589
2026-07-06 17:14:00,20167.13,898.39,44685.35,49033.89,49026.83,7.059999999997672,0.00014400278378181236
2026-07-06 17:15:00,20167.59,898.3,44685.47,49034.17,49026.83,7.3399999999965075,0.00014971394234537512
2026-07-06 17:16:00,20167.78,898.26,44685.47,49034.26,49026.84,7.42000000000553,0.00015134567106518654
2026-07-06 17:17:00,20168.16,898.1,44685.68,49034.6,49026.85,7.75,0.00015807664575635596
2026-07-06 17:18:00,20168.46,898.22,44685.85,49034.87,49026.854999999996,8.015000000006694,0.00016348183051934892
2026-07-06 17:19:00,20167.94,898.68,44685.75,49034.57,49026.86,7.709999999999127,0.00015726073421791904
2026-07-06 17:20:00,20169.04,898.16,44686.07,49035.33,49026.865000000005,8.464999999996508,0.0001726604383126783
2026-07-06 17:21:00,20171.03,897.88,44686.4,49036.44,49026.87,9.569999999999709,0.0001951990816464463
2026-07-06 17:22:00,20171.68,898.11,44686.31,49036.61,49026.87,9.739999999997963,0.00019866656794525047
2026-07-06 17:23:00,20172.33,898.36,44686.38,49036.93,49026.87,10.059999999997672,0.00020519360097835475
2026-07-06 17:24:00,20172.67,898.56,44686.4,49037.1,49026.875,10.224999999998545,0.00020855908111619485
2026-07-06 17:25:00,20173.23,898.75,44686.75,49037.65,49026.88,10.770000000004075,0.00021967541071355294
2026-07-06 17:26:00,20173.21,898.77,44686.65,49037.55,49026.895000000004,10.654999999998836,0.0002173296922025928
2026-07-06 17:27:00,20173.95,898.88,44686.79,49037.99,49026.91,11.07999999999447,0.000225998334384004
2026-07-06 17:28:00,20174.56,898.48,44686.93,49038.35,49026.915,11.434999999997672,0.00023323923196060106
2026-07-06 17:29:00,20175.09,898.52,44687.34,49038.94,49026.92,12.020000000004075,0.00024517142826847117
2026-07-06 17:30:00,20174.72,898.86,44687.34,49038.8,49026.915,11.885000000002037,0.00024241786373876547
2026-07-06 17:31:00,20174.6,898.75,44687.33,49038.74,49026.92,11.819999999999709,0.00024109203678305123
2026-07-06 17:32:00,20174.54,899.17,44687.39,49038.77,49026.925,11.844999999993888,0.0002416019360788768
2026-07-06 17:33:00,20174.83,899.6,44687.48,49038.98,49026.93,12.05000000000291,0.0002457832868589347
2026-07-06 17:34:00,20174.56,899.81,44687.57,49038.94,49026.935,12.005000000004657,0.00024486539898944644
2026-07-06 17:35:00,20174.39,900.13,44687.85,49039.15,49026.93,12.220000000001164,0.0002492507689141695
2026-07-06 17:36:00,20174.46,900.18,44687.99,49039.3,49026.925,12.375,0.00025241232241263346
2026-07-06 17:37:00,20174.71,900.61,44688.26,49039.66,49026.92,12.740000000005239,0.00025985723761568624
2026-07-06 17:38:00,20174.73,900.96,44688.29,49039.7,49026.915,12.784999999996217,0.00026077512729479746
2026-07-06 17:39:00,20174.75,900.89,44688.43,49039.85,49026.91,12.939999999995052,0.0002639366829358622
2026-07-06 17:40:00,20174.66,901.24,44688.48,49039.86,49026.89,12.970000000001164,0.00026454869970339063
2026-07-06 17:41:00,20175.03,901.78,44688.49,49040.03,49026.87,13.159999999996217,0.00026842423348658024
2026-07-06 17:42:00,20175.03,901.83,44688.66,49040.19,49026.865000000005,13.32499999999709,0.00027178976261274485
2026-07-06 17:43:00,20175.41,901.82,44688.66,49040.35,49026.86,13.489999999997963,0.00027515529242537587
2026-07-06 17:44:00,20175.88,901.28,44688.88,49040.72,49026.854999999996,13.865000000005239,0.0002828041896630987
2026-07-06 17:45:00,20175.87,901.07,44689.42,49041.2,49026.85,14.349999999998545,0.0002926967569810939
2026-07-06 17:46:00,20175.55,901.24,44689.5,49041.14,49026.84,14.30000000000291,0.0002916769671470344
2026-07-06 17:47:00,20175.2,901.38,44689.56,49041.06,49026.83,14.229999999995925,0.00029024923699933126
2026-07-06 17:48:00,20175.23,900.92,44689.85,49041.33,49026.83,14.5,0.0002957564256143014
2026-07-06 17:49:00,20174.96,901.09,44689.92,49041.28,49026.83,14.44999999999709,0.0002947365758707444
2026-07-06 17:50:00,20174.73,901.4,44689.87,49041.16,49026.805,14.355000000003201,0.00029279901066372164
2026-07-06 17:51:00,20175.58,901.68,44690.47,49042.04,49026.78,15.260000000002037,0.00031125845915236605
2026-07-06 17:52:00,20175.97,901.75,44690.23,49041.98,49026.774999999994,15.205000000009022,0.00031013665491986826
2026-07-06 17:53:00,20176.94,901.97,44690.25,49042.4,49026.77,15.630000000004657,0.0003188054199777929
2026-07-06 17:54:00,20177.1,902.09,44690.06,49042.29,49026.765,15.525000000001455,0.0003166637651903293
2026-07-06 17:55:00,20178.91,901.56,44690.6,49043.53,49026.76,16.7699999999968,0.00034205809235602757
2026-07-06 17:56:00,20179.6,901.99,44690.82,49044.0,49026.75,17.25,0.0003518487356392174
2026-07-06 17:57:00,20179.52,902.27,44690.74,49043.91,49026.73,17.18000000000029,0.0003504210866194888
2026-07-06 17:58:00,20179.4,902.04,44690.67,49043.81,49026.7,17.110000000000582,0.0003489935076193295
2026-07-06 17:59:00,20180.54,901.74,44691.11,49044.66,49026.67,17.99000000000524,0.0003669431352364996
2026-07-06 18:00:00,20180.77,902.17,44690.97,49044.63,49026.66,17.969999999993888,0.000366535268769969
2026-07-06 18:01:00,20180.42,902.04,44691.07,49044.58,49026.65,17.93000000000029,0.0003657194607422757
2026-07-06 18:02:00,20180.58,901.79,44691.22,49044.77,49026.635,18.13499999999476,0.00036990097321577874
2026-07-06 18:03:00,20180.27,902.34,44691.22,49044.66,49026.65,18.010000000002037,0.000367351226322868
2026-07-06 18:04:00,20180.64,902.24,44691.47,49045.03,49026.635,18.3949999999968,0.00037520421297518785
2026-07-06 18:05:00,20180.75,902.25,44691.28,49044.91,49026.62,18.290000000000873,0.00037306263413632983
2026-07-06 18:06:00,20181.89,901.99,44691.97,49046.0,49026.61,19.389999999999418,0.00039549950526865754
2026-07-06 18:07:00,20181.4,902.42,44691.99,49045.83,49026.6,19.2300000000032,0.00039223605144968654
2026-07-06 18:08:00,20181.73,902.47,44692.45,49046.37,49026.585,19.785000000003492,0.00040355656018063453
2026-07-06 18:09:00,20181.12,902.51,44692.39,49046.06,49026.57,19.489999999997963,0.00039753953825441926
2026-07-06 18:10:00,20180.41,903.16,44692.3,49045.71,49026.53,19.18000000000029,0.00039121675549952834
2026-07-06 18:11:00,20180.76,903.46,44692.35,49045.9,49026.49,19.410000000003492,0.00039590841604209264
2026-07-06 18:12:00,20180.17,903.83,44692.39,49045.71,49026.455,19.25499999999738,0.000392747140293896
2026-07-06 18:13:00,20180.73,904.06,44692.83,49046.34,49026.42,19.919999999998254,0.00040631153569847144
2026-07-06 18:14:00,20180.04,904.64,44692.86,49046.08,49026.365,19.715000000003783,0.0004021305679098131
2026-07-06 18:15:00,20179.95,904.79,44692.97,49046.15,49026.31,19.840000000003783,0.00040468067044009193
2026-07-06 18:16:00,20179.38,905.24,44693.03,49045.99,49026.25,19.739999999997963,0.000402641442084556
2026-07-06 18:17:00,20178.65,905.67,44693.17,49045.81,49026.19,19.619999999995343,0.00040019426351497724
2026-07-06 18:18:00,20177.73,905.8,44693.09,49045.37,49026.104999999996,19.265000000006694,0.00039295391710205606
2026-07-06 18:19:00,20177.21,906.04,44693.18,49045.25,49026.02,19.2300000000032,0.000392240691779655
2026-07-06 18:20:00,20176.98,905.68,44693.53,49045.47,49026.015,19.455000000001746,0.0003968301319208128
2026-07-06 18:21:00,20175.91,905.46,44693.48,49044.99,49026.01,18.979999999995925,0.0003871414377795771
2026-07-06 18:22:00,20175.85,905.33,44693.62,49045.09,49025.94,19.14999999999418,0.00039060954262160356
2026-07-06 18:23:00,20175.4,905.72,44693.58,49044.87,49025.87,19.0,0.0003875504911998502
2026-07-06 18:24:00,20174.65,906.54,44693.64,49044.62,49025.850000000006,18.7699999999968,0.0003828592467034594
2026-07-06 18:25:00,20174.03,906.46,44693.64,49044.38,49025.83,18.549999999995634,0.000378371972488699
2026-07-06 18:26:00,20173.57,905.89,44693.7,49044.23,49025.825,18.405000000006112,0.0003754143861935238
2026-07-06 18:27:00,20173.86,905.13,44693.78,49044.42,49025.82,18.599999999998545,0.00037939192042067926
2026-07-06 18:28:00,20173.95,904.64,44694.28,49044.9,49025.82,19.080000000001746,0.000389182679657408
2026-07-06 18:29:00,20172.64,904.66,44694.2,49044.29,49025.82,18.470000000001164,0.000376740256460803
2026-07-06 18:30:00,20171.96,904.58,44694.31,49044.11,49025.805,18.30500000000029,0.00037337479721139287
2026-07-06 18:31:00,20171.72,904.15,44694.41,49044.1,49025.79,18.30999999999767,0.00037347689858741024
2026-07-06 18:32:00,20171.46,905.1,44694.13,49043.76,49025.78,17.9800000000032,0.00036674582230008786
2026-07-06 18:33:00,20172.09,905.24,44694.13,49044.02,49025.77,18.25,0.00037225320479413176
2026-07-06 18:34:00,20172.12,905.39,44693.95,49043.85,49025.759999999995,18.090000000003783,0.00036898969031798356
2026-07-06 18:35:00,20172.07,905.57,44693.85,49043.75,49025.75,18.0,0.00036715399560435075
2026-07-06 18:36:00,20172.17,905.31,44693.94,49043.87,49025.75,18.12000000000262,0.00036960168890843323
2026-07-06 18:37:00,20171.95,905.4,44694.02,49043.86,49025.75,18.110000000000582,0.00036939771446638925
2026-07-06 18:38:00,20171.45,904.95,44694.08,49043.71,49025.744999999995,17.965000000003783,0.00036644012242962925
2026-07-06 18:39:00,20170.99,904.9,44694.37,49043.79,49025.74,18.05000000000291,0.0003681739429124968
2026-07-06 18:40:00,20169.72,906.03,44694.25,49043.17,49025.735,17.43499999999767,0.0003556295484401748
2026-07-06 18:41:00,20168.79,906.62,44693.82,49042.4,49025.73,16.669999999998254,0.0003400255335310306
2026-07-06 18:42:00,20167.53,907.43,44693.62,49041.73,49025.72,16.010000000002037,0.00032656328147760065
2026-07-06 18:43:00,20166.47,908.44,44693.28,49041.01,49025.71,15.30000000000291,0.000312081150890072
2026-07-06 18:44:00,20165.59,908.93,44693.21,49040.6,49025.7,14.900000000001455,0.00030392222854546606
2026-07-06 18:45:00,20165.07,908.57,44693.16,49040.34,49025.69,14.64999999999418,0.0002988229232468565
2026-07-06 18:46:00,20164.28,909.0,44693.05,49039.91,49025.68,14.230000000003201,0.0002902560454032091
2026-07-06 18:47:00,20164.87,908.88,44692.97,49040.09,49025.67,14.419999999998254,0.00029413162533012307
2026-07-06 18:48:00,20165.8,908.79,44693.03,49040.53,49025.665,14.864999999997963,0.000303208533734279
2026-07-06 18:49:00,20166.91,908.61,44693.14,49041.08,49025.66,15.419999999998254,0.00031452916697089346
2026-07-06 18:50:00,20167.46,907.8,44693.27,49041.4,49025.655,15.74500000000262,0.0003211583812598245
2026-07-06 18:51:00,20167.15,907.23,44693.25,49041.24,49025.65,15.589999999996508,0.00031799680371390296
2026-07-06 18:52:00,20166.23,908.07,44693.08,49040.72,49025.65,15.069999999999709,0.0003073901110949005
2026-07-06 18:53:00,20165.97,908.39,44692.82,49040.39,49025.65,14.739999999997963,0.000300658940778918
2026-07-06 18:54:00,20166.72,908.22,44692.88,49040.74,49025.625,15.114999999997963,0.00030830815517391086
2026-07-06 18:55:00,20167.41,907.7,44692.9,49041.03,49025.6,15.430000000000291,0.0003147335269736687
2026-07-06 18:56:00,20168.31,907.22,44692.94,49041.43,49025.595,15.834999999999127,0.0003229945500916231
2026-07-06 18:57:00,20168.17,907.79,44692.86,49041.3,49025.59,15.710000000006403,0.00032044489418702366
2026-07-06 18:58:00,20168.13,908.02,44692.89,49041.31,49025.575,15.735000000000582,0.00032095493015636396
2026-07-06 18:59:00,20167.36,908.14,44692.75,49040.87,49025.56,15.310000000004948,0.00031228608097500464
2026-07-06 19:00:00,20166.62,908.37,44692.55,49040.4,49025.56,14.840000000003783,0.0003026992450469466
2026-07-06 19:01:00,20166.11,908.23,44692.43,49040.07,49025.56,14.510000000002037,0.00029596806237403586
2026-07-06 19:02:00,20165.68,907.97,44692.31,49039.79,49025.535,14.25499999999738,0.0002907668422179866
2026-07-06 19:03:00,20165.87,907.41,44692.51,49040.04,49025.51,14.529999999998836,0.0002963763151061322
2026-07-06 19:04:00,20165.7,907.78,44692.41,49039.86,49025.490000000005,14.369999999995343,0.00029311282763304033
2026-07-06 19:05:00,20165.52,907.88,44692.19,49039.59,49025.47,14.119999999995343,0.0002880135570346463
2026-07-06 19:06:00,20165.08,908.02,44692.09,49039.33,49025.465,13.865000000005239,0.0002828122079006337
2026-07-06 19:07:00,20164.83,908.09,44691.88,49039.04,49025.46,13.580000000001746,0.00027699893075968583
2026-07-06 19:08:00,20164.99,908.24,44692.0,49039.22,49025.455,13.764999999999418,0.00028077250889358226
2026-07-06 19:09:00,20164.54,908.5,44692.04,49039.08,49025.45,13.630000000004657,0.0002780188657116795
2026-07-06 19:10:00,20164.86,908.51,44691.96,49039.12,49025.44,13.680000000000291,0.0002790388010796087
2026-07-06 19:11:00,20164.71,908.53,44691.59,49038.73,49025.43,13.30000000000291,0.00027128777860801855
2026-07-06 19:12:00,20165.16,908.63,44691.42,49038.75,49025.425,13.32499999999709,0.0002717977457614511
2026-07-06 19:13:00,20165.89,908.56,44691.52,49039.16,49025.42,13.740000000005239,0.00028026276980401674
2026-07-06 19:14:00,20166.36,907.77,44691.86,49039.66,49025.415,14.24500000000262,0.0002905635780952108
2026-07-06 19:15:00,20166.47,907.2,44692.14,49039.95,49025.41,14.539999999993597,0.00029658089549875453
2026-07-06 19:16:00,20166.17,906.45,44692.25,49039.92,49025.405,14.514999999999418,0.0002960709860530355
2026-07-06 19:17:00,20166.96,905.06,44692.59,49040.52,49025.4,15.119999999995343,0.00030841155809020103
2026-07-06 19:18:00,20166.97,904.53,44692.88,49040.75,49025.39,15.360000000000582,0.00031330704355438235
2026-07-06 19:19:00,20165.99,905.16,44692.37,49039.91,49025.38,14.530000000006112,0.0002963771010037273
2026-07-06 19:20:00,20166.27,905.29,44692.46,49040.11,49025.375,14.735000000000582,0.00030055863927610105
2026-07-06 19:21:00,20166.18,905.16,44692.47,49040.09,49025.37,14.719999999993888,0.00030025270589480277
2026-07-06 19:22:00,20165.65,905.48,44692.24,49039.66,49025.37,14.290000000000873,0.0002914817369048081
2026-07-06 19:23:00,20165.21,905.33,44691.89,49039.17,49025.37,13.799999999995634,0.0002814869117764054
2026-07-06 19:24:00,20165.26,905.64,44692.15,49039.43,49025.37,14.059999999997672,0.0002867902883751346
2026-07-06 19:25:00,20164.56,905.65,44691.58,49038.62,49025.37,13.25,0.00027026823051004
2026-07-06 19:26:00,20164.37,905.69,44691.42,49038.4,49025.375,13.025000000001455,0.000265678742895928
2026-07-06 19:27:00,20164.7,904.97,44691.66,49038.75,49025.38,13.37000000000262,0.0002727158871589087
2026-07-06 19:28:00,20164.76,904.5,44691.93,49039.01,49025.375,13.635000000002037,0.0002781212790315635
2026-07-06 19:29:00,20164.75,904.9,44691.91,49039.0,49025.37,13.62999999999738,0.0002780193193849915
2026-07-06 19:30:00,20164.96,904.68,44691.65,49038.83,49025.37,13.459999999999127,0.00027455172699357753
2026-07-06 19:31:00,20164.86,904.39,44691.66,49038.8,49025.37,13.430000000000291,0.0002739397989245219
2026-07-06 19:32:00,20164.15,904.65,44691.49,49038.37,49025.37,13.0,0.00026516882993437885
2026-07-06 19:33:00,20163.9,904.73,44691.46,49038.22,49025.37,12.849999999998545,0.0002621091895889525
2026-07-06 19:34:00,20163.8,904.98,44691.24,49037.99,49025.375,12.614999999997963,0.00025731572680469985
2026-07-06 19:35:00,20163.62,905.49,44690.93,49037.65,49025.38,12.270000000004075,0.00025027852920271246
2026-07-06 19:36:00,20163.08,906.15,44690.61,49037.16,49025.399999999994,11.760000000009313,0.00023987565629264248
2026-07-06 19:37:00,20163.09,906.65,44690.32,49036.91,49025.42,11.490000000005239,0.00023436821143001406
2026-07-06 19:38:00,20163.63,906.67,44689.92,49036.77,49025.425,11.344999999993888,0.00023141053851127017
2026-07-06 19:39:00,20163.92,906.79,44690.1,49037.06,49025.43,11.62999999999738,0.00023722382445186876
2026-07-06 19:40:00,20164.0,907.0,44690.11,49037.09,49025.445,11.644999999996799,0.00023752971543647994
2026-07-06 19:41:00,20163.84,907.81,44689.68,49036.64,49025.46,11.180000000000291,0.0002280447751025751
2026-07-06 19:42:00,20164.24,908.45,44689.34,49036.51,49025.485,11.025000000001455,0.00022488303787308693
2026-07-06 19:43:00,20164.67,908.3,44689.18,49036.55,49025.51,11.040000000000873,0.00022518888635734483
2026-07-06 19:44:00,20164.96,908.11,44689.31,49036.79,49025.535,11.25499999999738,0.00022957424126013881
2026-07-06 19:45:00,20164.86,908.19,44689.19,49036.62,49025.56,11.060000000004948,0.00022559660715767342
2026-07-06 19:46:00,20165.04,908.05,44689.08,49036.59,49025.56,11.029999999998836,0.00022498468146001465
2026-07-06 19:47:00,20165.08,908.22,44689.12,49036.65,49025.56,11.090000000003783,0.0002262085328551838
2026-07-06 19:48:00,20164.65,908.61,44689.04,49036.4,49025.575,10.825000000004366,0.0002208031216360923
2026-07-06 19:49:00,20164.81,908.39,44688.98,49036.41,49025.59,10.820000000006985,0.00022070106652478808
2026-07-06 19:50:00,20165.16,908.18,44689.13,49036.7,49025.595,11.104999999995925,0.00022651433399219174
2026-07-06 19:51:00,20165.12,908.04,44689.16,49036.71,49025.6,11.110000000000582,0.00022661629842369256
2026-07-06 19:52:00,20165.27,908.29,44689.45,49037.05,49025.625,11.42500000000291,0.00023304139416892514
2026-07-06 19:53:00,20165.11,908.02,44689.18,49036.74,49025.65,11.089999999996508,0.00022620811758735493
2026-07-06 19:54:00,20165.43,907.59,44689.43,49037.08,49025.625,11.455000000001746,0.0002336533190551216
2026-07-06 19:55:00,20165.13,907.63,44689.21,49036.77,49025.6,11.169999999998254,0.00022784014882017262
2026-07-06 19:56:00,20164.49,908.53,44689.26,49036.56,49025.625,10.934999999997672,0.00022304662102722142
2026-07-06 19:57:00,20164.15,908.87,44689.2,49036.37,49025.65,10.720000000001164,0.00021866104783926707
2026-07-06 19:58:00,20163.92,909.06,44688.93,49036.05,49025.655,10.395000000004075,0.00021203184332782652
2026-07-06 19:59:00,20164.21,908.81,44688.98,49036.2,49025.66,10.539999999993597,0.0002149894565416069
2026-07-06 20:00:00,20164.03,909.02,44689.03,49036.19,49025.665,10.525000000001455,0.00021468347242207638
2026-07-06 20:01:00,20163.45,909.39,44688.94,49035.86,49025.67,10.190000000002328,0.000207850295569695
2026-07-06 20:02:00,20163.3,909.68,44688.82,49035.71,49025.7,10.010000000002037,0.00020417862468056626
2026-07-06 20:03:00,20163.73,909.5,44688.93,49035.99,49025.73,10.259999999994761,0.00020927786286904367
2026-07-06 20:04:00,20163.45,909.41,44688.94,49035.86,49025.7,10.160000000003492,0.00020723824443105336
2026-07-06 20:05:00,20162.71,909.7,44688.66,49035.32,49025.73,9.589999999996508,0.0001956115696797683
2026-07-06 20:06:00,20162.54,910.44,44688.35,49034.99,49025.735,9.25499999999738,0.00018877840383213796
2026-07-06 20:07:00,20162.75,910.71,44688.27,49035.0,49025.74,9.260000000002037,0.00018888037182104826
2026-07-06 20:08:00,20162.72,911.15,44688.16,49034.91,49025.744999999995,9.165000000008149,0.00018694259516113728
2026-07-06 20:09:00,20162.88,911.39,44688.05,49034.88,49025.75,9.12999999999738,0.00018622866554815338
2026-07-06 20:10:00,20163.0,911.51,44687.73,49034.63,49025.744999999995,8.885000000002037,0.00018123131020246684
2026-07-06 20:11:00,20163.22,911.47,44687.67,49034.67,49025.74,8.930000000000291,0.00018214921386194868
2026-07-06 20:12:00,20163.37,911.52,44687.61,49034.66,49025.744999999995,8.915000000008149,0.00018184323359100713
2026-07-06 20:13:00,20163.43,911.8,44687.42,49034.53,49025.74,8.790000000000873,0.00017929357109144856
2026-07-06 20:14:00,20164.1,911.6,44687.79,49035.13,49025.705,9.424999999995634,0.00019224608804698748
2026-07-06 20:15:00,20164.42,911.33,44687.87,49035.32,49025.67,9.650000000001455,0.0001968356577279098
2026-07-06 20:16:00,20164.69,911.18,44687.97,49035.52,49025.845,9.674999999995634,0.00019734489023076775
2026-07-06 20:17:00,20164.67,911.21,44687.71,49035.25,49026.02,9.230000000003201,0.00018826737312152203
2026-07-06 20:18:00,20165.42,911.72,44687.93,49035.78,49026.16499999999,9.615000000005239,0.00019611976584350908
2026-07-06 20:19:00,20165.62,911.52,44687.78,49035.72,49026.31,9.410000000003492,0.00019193775750211454
2026-07-06 20:20:00,20166.04,911.16,44687.61,49035.74,49026.365,9.375,0.00019122364058603977
2026-07-06 20:21:00,20166.23,911.02,44687.36,49035.59,49026.42,9.169999999998254,0.00018704200714631528
2026-07-06 20:22:00,20166.69,910.87,44687.43,49035.85,49026.520000000004,9.32999999999447,0.00019030516544911753
2026-07-06 20:23:00,20166.81,910.55,44687.36,49035.82,49026.62,9.19999999999709,0.00018765315659119655
2026-07-06 20:24:00,20167.26,910.42,44687.43,49036.07,49026.725000000006,9.344999999993888,0.0001906103252867469
2026-07-06 20:25:00,20167.49,909.88,44687.43,49036.15,49026.83,9.319999999999709,0.00019009999218794503
2026-07-06 20:26:00,20167.71,909.12,44687.57,49036.35,49026.91,9.439999999995052,0.00019254731738131266
2026-07-06 20:27:00,20167.87,908.56,44687.67,49036.5,49026.99,9.510000000002037,0.0001939747881728419
2026-07-06 20:28:00,20168.21,908.34,44687.82,49036.77,49027.13,9.639999999999418,0.00019662582737352602
2026-07-06 20:29:00,20168.61,908.01,44688.02,49037.12,49027.27,9.85000000000582,0.00020090859637923592
2026-07-06 20:30:00,20168.48,907.85,44687.82,49036.89,49027.53999999999,9.35000000000582,0.00019070914020988657
2026-07-06 20:31:00,20168.65,907.9,44687.79,49036.93,49027.81,9.12000000000262,0.0001860168749124756
2026-07-06 20:32:00,20168.87,907.9,44687.63,49036.86,49027.815,9.044999999998254,0.00018448711206074049
2026-07-06 20:33:00,20168.87,907.76,44687.46,49036.7,49027.82,8.87999999999738,0.00018112165705098414
2026-07-06 20:34:00,20169.13,907.45,44687.51,49036.85,49027.825,9.025000000001455,0.0001840791428133199
2026-07-06 20:35:00,20169.41,907.23,44687.61,49037.05,49027.83,9.220000000001164,0.00018805645691439258
2026-07-06 20:36:00,20169.64,906.97,44687.61,49037.14,49027.83,9.309999999997672,0.00018989214901001474
2026-07-06 20:37:00,20169.8,906.9,44687.46,49037.05,49027.83,9.220000000001164,0.00018805645691439258
2026-07-06 20:38:00,20170.19,907.24,44687.49,49037.24,49027.87,9.369999999995343,0.00019111578781610017
2026-07-06 20:39:00,20170.26,907.38,44687.19,49036.99,49027.91,9.07999999999447,0.00018520063367976464
2026-07-06 20:40:00,20170.42,907.44,44687.15,49037.03,49027.93,9.099999999998545,0.00018560848887559694
2026-07-06 20:41:00,20170.37,907.73,44686.94,49036.82,49027.95,8.87000000000262,0.00018091721150899885
2026-07-06 20:42:00,20170.3,907.91,44686.78,49036.67,49028.05,8.619999999995343,0.00017581772067205086
2026-07-06 20:43:00,20170.42,907.89,44686.94,49036.86,49028.15,8.709999999999127,0.00017765304218085175
2026-07-06 20:44:00,20170.28,907.6,44686.93,49036.78,49028.315,8.464999999996508,0.00017265533192394042
2026-07-06 20:45:00,20170.33,906.89,44686.86,49036.71,49028.48,8.229999999995925,0.00016786161838988124
2026-07-06 20:46:00,20170.36,906.65,44687.09,49036.93,49028.485,8.444999999999709,0.00017224680713670245
2026-07-06 20:47:00,20170.42,906.56,44686.97,49036.85,49028.49,8.360000000000582,0.00017051310370767245
2026-07-06 20:48:00,20170.82,906.52,44686.92,49036.96,49028.520000000004,8.439999999995052,0.0001721447027157877
2026-07-06 20:49:00,20171.17,906.56,44686.74,49036.94,49028.55,8.389999999999418,0.0001711247834169972
2026-07-06 20:50:00,20171.39,906.66,44686.61,49036.92,49028.65,8.269999999996799,0.00016867688586156865
2026-07-06 20:51:00,20171.4,906.29,44686.53,49036.84,49028.75,8.089999999996508,0.0001650052265251818
2026-07-06 20:52:00,20171.59,906.13,44686.57,49036.95,49028.8,8.14999999999418,0.00016622882876991032
2026-07-06 20:53:00,20171.61,906.3,44686.42,49036.83,49028.85,7.980000000003201,0.00016276131298211566
2026-07-06 20:54:00,20171.54,906.33,44686.22,49036.63,49028.915,7.7149999999965075,0.00015735612342219907
2026-07-06 20:55:00,20171.47,906.25,44686.12,49036.5,49028.98,7.519999999996799,0.0001533786752242612
2026-07-06 20:56:00,20171.66,906.12,44686.23,49036.66,49028.990000000005,7.669999999998254,0.0001564380583813424
2026-07-06 20:57:00,20171.57,906.09,44686.14,49036.53,49029.0,7.529999999998836,0.00015358257357887855
2026-07-06 20:58:00,20171.58,905.86,44686.06,49036.46,49029.009999999995,7.450000000004366,0.00015195085521825478
2026-07-06 20:59:00,20171.76,905.84,44686.23,49036.69,49029.02,7.67000000000553,0.00015643796265977844
2026-07-06 21:00:00,20171.88,905.86,44686.08,49036.59,49029.024999999994,7.565000000002328,0.00015429635812668778
2026-07-06 21:01:00,20171.96,905.78,44685.98,49036.53,49029.03,7.5,0.000152970597215568
2026-07-06 21:02:00,20172.2,905.67,44686.04,49036.69,49029.065,7.625,0.0001555199961492229
2026-07-06 21:03:00,20172.04,905.56,44685.85,49036.45,49029.1,7.349999999998545,0.0001499109712394995
2026-07-06 21:04:00,20172.1,905.59,44685.78,49036.41,49029.104999999996,7.305000000007567,0.00014899313377243105
2026-07-06 21:05:00,20172.19,905.85,44685.84,49036.5,49029.11,7.389999999999418,0.00015072678251755778
2026-07-06 21:06:00,20172.1,905.73,44685.74,49036.38,49029.115000000005,7.264999999992142,0.00014817726161265896
2026-07-06 21:07:00,20172.03,905.45,44685.73,49036.34,49029.12,7.219999999993888,0.00014725942460304994
2026-07-06 21:08:00,20171.83,905.16,44685.67,49036.2,49029.125,7.07499999999709,0.00014430198376979173
2026-07-06 21:09:00,20172.0,904.6,44685.81,49036.4,49029.13,7.2700000000040745,0.0001482791964696105
2026-07-06 21:10:00,20172.05,904.24,44685.98,49036.56,49029.155,7.404999999998836,0.000151032584591736
2026-07-06 21:11:00,20171.95,904.19,44685.84,49036.4,49029.18,7.220000000001164,0.00014725924439285267
2026-07-06 21:12:00,20172.02,904.26,44685.72,49036.32,49029.18,7.139999999999418,0.00014562756301450316
2026-07-06 21:13:00,20172.33,904.23,44685.63,49036.36,49029.18,7.180000000000291,0.00014644340370367792
2026-07-06 21:14:00,20172.49,904.24,44685.57,49036.37,49029.195,7.17500000000291,0.00014634137884586746
2026-07-06 21:15:00,20172.68,904.56,44685.45,49036.34,49029.21,7.129999999997381,0.00014542351386035755
2026-07-06 21:16:00,20172.98,904.66,44685.3,49036.33,49029.215,7.115000000005239,0.00014511755899019062
2026-07-06 21:17:00,20173.18,904.31,44685.09,49036.23,49029.22,7.010000000002037,0.0001429759641291874
2026-07-06 21:18:00,20173.36,904.03,44685.12,49036.32,49029.225000000006,7.094999999993888,0.0001447096094216029
2026-07-06 21:19:00,20173.43,904.02,44685.17,49036.39,49029.23,7.1599999999962165,0.00014603533443205646
2026-07-06 21:20:00,20173.49,904.14,44685.1,49036.35,49029.255000000005,7.094999999993888,0.0001447095208767477
2026-07-06 21:21:00,20173.73,904.03,44684.97,49036.33,49029.28,7.05000000000291,0.00014379162818631868
2026-07-06 21:22:00,20173.63,903.88,44684.86,49036.2,49029.29,6.9099999999962165,0.00014093616285278077
2026-07-06 21:23:00,20173.66,903.71,44684.73,49036.08,49029.3,6.779999999998836,0.00013828465835732584
2026-07-06 21:24:00,20174.29,903.66,44684.91,49036.51,49029.32,7.190000000002328,0.00014664694513410198
2026-07-06 21:25:00,20174.58,903.26,44684.99,49036.68,49029.34,7.3400000000037835,0.00014970627791448517
2026-07-06 21:26:00,20174.74,902.67,44684.81,49036.58,49029.354999999996,7.225000000005821,0.0001473606985041068
2026-07-06 21:27:00,20174.78,902.57,44684.83,49036.61,49029.37,7.239999999997963,0.00014766659249339657
2026-07-06 21:28:00,20174.8,902.49,44684.87,49036.63,49029.385,7.244999999995343,0.0001477685269761255
2026-07-06 21:29:00,20174.41,902.27,44684.7,49036.33,49029.4,6.930000000000291,0.00014134376516947568
2026-07-06 21:30:00,20174.23,902.03,44684.58,49036.14,49029.405,6.735000000000582,0.00013736654564746567
2026-07-06 21:31:00,20174.09,901.96,44684.6,49036.12,49029.41,6.709999999999127,0.00013685663360010097
2026-07-06 21:32:00,20174.1,901.79,44684.62,49036.12,49029.415,6.705000000001746,0.00013675464004622012
2026-07-06 21:33:00,20174.33,901.76,44684.53,49036.12,49029.42,6.700000000004366,0.00013665264651314182
2026-07-06 21:34:00,20173.98,901.8,44684.34,49035.83,49029.425,6.404999999998836,0.00013063583756078794
2026-07-06 21:35:00,20173.41,901.93,44684.19,49035.46,49029.43,6.029999999998836,0.00012298735677732407
2026-07-06 21:36:00,20172.96,902.42,44683.94,49035.04,49029.43,5.610000000000582,0.00011442107322072849
2026-07-06 21:37:00,20172.87,902.63,44683.78,49034.86,49029.43,5.430000000000291,0.00011074980883930919
2026-07-06 21:38:00,20172.64,902.74,44683.67,49034.68,49029.435,5.245000000002619,0.00010697655398237038
2026-07-06 21:39:00,20172.1,902.9,44683.31,49034.13,49029.44,4.689999999995052,9.565681353886669e-05
2026-07-06 21:40:00,20172.07,903.11,44683.16,49033.99,49029.445,4.544999999998254,9.269939727031896e-05
2026-07-06 21:41:00,20172.49,903.39,44683.34,49034.33,49029.45,4.880000000004657,9.953201596193016e-05
2026-07-06 21:42:00,20172.37,903.97,44683.06,49034.04,49029.455,4.584999999999127,9.351521447666768e-05
2026-07-06 21:43:00,20172.72,904.24,44682.89,49034.02,49029.46,4.559999999997672,9.300530742124575e-05
2026-07-06 21:44:00,20172.98,904.35,44682.94,49034.2,49029.46,4.739999999997963,9.667656955630274e-05
2026-07-06 21:45:00,20172.73,904.62,44682.83,49034.0,49029.46,4.540000000000873,9.259738940630537e-05
2026-07-06 21:46:00,20172.76,905.05,44682.71,49033.9,49029.465,4.435000000004948,9.045581060297003e-05
2026-07-06 21:47:00,20172.72,905.47,44682.48,49033.68,49029.47,4.209999999999127,8.586672464538423e-05
2026-07-06 21:48:00,20172.64,905.72,44682.22,49033.41,49029.47,3.9400000000023283,8.03598325660532e-05
2026-07-06 21:49:00,20172.69,906.05,44682.03,49033.26,49029.47,3.790000000000873,7.730044807746999e-05
2026-07-06 21:50:00,20172.74,906.43,44681.86,49033.13,49029.475000000006,3.65499999999156,7.454699443531793e-05
2026-07-06 21:51:00,20172.52,906.9,44681.61,49032.82,49029.48,3.3399999999965075,6.812228071757048e-05
2026-07-06 21:52:00,20172.49,907.24,44681.49,49032.72,49029.490000000005,3.2299999999959255,6.587871911365844e-05
2026-07-06 21:53:00,20172.41,907.35,44681.43,49032.63,49029.5,3.1299999999973807,6.383911726608227e-05
2026-07-06 21:54:00,20172.34,907.49,44681.38,49032.56,49029.5,3.0599999999976717,6.241140537834715e-05
2026-07-06 21:55:00,20172.35,907.54,44681.41,49032.6,49029.5,3.099999999998545,6.322724074278843e-05
2026-07-06 21:56:00,20172.51,907.5,44681.42,49032.67,49029.505000000005,3.164999999993597,6.45529666268015e-05
2026-07-06 21:57:00,20172.84,907.36,44681.48,49032.88,49029.51,3.3699999999953434,6.873411543365094e-05
2026-07-06 21:58:00,20173.12,907.03,44681.73,49033.22,49029.555,3.665000000000873,7.475083141180606e-05
2026-07-06 21:59:00,20173.04,906.59,44681.68,49033.12,49029.6,3.5200000000040745,7.179336564043097e-05
2026-07-06 22:00:00,20173.07,906.27,44681.93,49033.36,49029.619999999995,3.7400000000052387,7.628041987690785e-05
2026-07-06 22:01:00,20172.8,906.14,44681.93,49033.24,49029.64,3.599999999998545,7.342497313866765e-05
2026-07-06 22:02:00,20172.64,906.13,44681.87,49033.13,49029.655,3.474999999998545,7.087547322122795e-05
2026-07-06 22:03:00,20172.75,906.01,44681.82,49033.13,49029.67,3.459999999999127,7.056951433691328e-05
2026-07-06 22:04:00,20172.85,905.84,44681.86,49033.17,49029.68,3.4899999999979627,7.118137422063458e-05
2026-07-06 22:05:00,20172.8,905.92,44681.75,49033.05,49029.69,3.360000000000582,6.85299050432622e-05
2026-07-06 22:06:00,20173.07,905.94,44681.72,49033.14,49029.71000000001,3.429999999993015,6.99575828613511e-05
2026-07-06 22:07:00,20173.28,905.8,44681.71,49033.21,49029.73,3.4799999999959255,7.097734374625203e-05
2026-07-06 22:08:00,20173.35,905.78,44681.69,49033.21,49029.73,3.4799999999959255,7.097734374625203e-05
2026-07-06 22:09:00,20173.32,905.64,44681.58,49033.1,49029.73,3.3699999999953434,6.873380701862611e-05
2026-07-06 22:10:00,20173.58,905.44,44681.66,49033.28,49029.78,3.5,7.138518671713395e-05
2026-07-06 22:11:00,20173.56,904.98,44681.64,49033.26,49029.83,3.430000000000291,6.99574116410416e-05
2026-07-06 22:12:00,20173.66,904.75,44681.78,49033.41,49029.84,3.570000000006985,7.281280134724048e-05
2026-07-06 22:13:00,20173.44,905.06,44681.71,49033.27,49029.85,3.4199999999982538,6.97534257191946e-05
2026-07-06 22:14:00,20173.36,905.46,44681.7,49033.25,49029.85,3.400000000001455,6.934551094897201e-05
2026-07-06 22:15:00,20173.28,905.35,44681.46,49032.98,49029.85,3.1300000000046566,6.383866155015071e-05
2026-07-06 22:16:00,20173.46,905.19,44681.54,49033.14,49029.865,3.275000000001455,6.679602319935932e-05
2026-07-06 22:17:00,20173.65,904.98,44681.59,49033.24,49029.88,3.360000000000582,6.85296394770002e-05
2026-07-06 22:18:00,20173.52,905.27,44681.29,49032.93,49029.91,3.0199999999967986,6.159505493680895e-05
2026-07-06 22:19:00,20173.69,905.3,44681.15,49032.85,49029.94,2.9099999999962165,5.9351490130239124e-05
2026-07-06 22:20:00,20173.82,905.06,44681.16,49032.92,49029.975000000006,2.944999999992433,6.006529679022746e-05
2026-07-06 22:21:00,20173.89,904.88,44681.23,49033.01,49030.01,3.0,6.118701587048422e-05
2026-07-06 22:22:00,20173.92,904.92,44681.14,49032.94,49030.025,2.915000000000873,5.945336556530153e-05
2026-07-06 22:23:00,20174.2,904.92,44681.07,49032.99,49030.04,2.9499999999970896,6.0167195458072025e-05
2026-07-06 22:24:00,20174.14,904.88,44680.96,49032.85,49030.04,2.8099999999976717,5.731180313125732e-05
2026-07-06 22:25:00,20174.24,904.76,44680.95,49032.9,49030.04,2.860000000000582,5.8331586105183315e-05
2026-07-06 22:26:00,20174.52,904.83,44680.84,49032.92,49030.045,2.875,5.863751501757749e-05
2026-07-06 22:27:00,20174.93,904.75,44680.86,49033.11,49030.05,3.0599999999976717,6.241070527151557e-05
2026-07-06 22:28:00,20175.74,904.59,44680.92,49033.48,49030.065,3.415000000000873,6.965114160058472e-05
2026-07-06 22:29:00,20175.95,904.86,44680.81,49033.47,49030.08,3.389999999999418,6.91412292209072e-05
2026-07-06 22:30:00,20175.86,905.33,44680.66,49033.3,49030.08,3.220000000001164,6.567396993847785e-05
2026-07-06 22:31:00,20175.96,905.01,44680.7,49033.37,49030.08,3.290000000000873,6.710166493713397e-05
2026-07-06 22:32:00,20176.29,905.34,44680.74,49033.55,49030.08,3.470000000001164,7.077288064798515e-05
2026-07-06 22:33:00,20176.47,905.8,44680.54,49033.45,49030.08,3.3699999999953434,6.873331636406352e-05
2026-07-06 22:34:00,20176.75,905.89,44680.53,49033.54,49030.12,3.4199999999982538,6.97530415996994e-05
2026-07-06 22:35:00,20177.14,905.98,44680.48,49033.65,49030.16,3.4899999999979627,7.118067736262665e-05
2026-07-06 22:36:00,20177.57,905.13,44680.54,49033.88,49030.165,3.7149999999965075,7.576968178664109e-05
2026-07-06 22:37:00,20177.66,904.98,44680.63,49033.99,49030.17,3.819999999999709,7.791121262683178e-05
2026-07-06 22:38:00,20177.73,904.73,44680.66,49034.04,49030.205,3.834999999999127,7.821709087284312e-05
2026-07-06 22:39:00,20178.81,904.08,44680.76,49034.57,49030.24,4.330000000001746,8.831284529714206e-05
2026-07-06 22:40:00,20179.4,903.47,44680.9,49034.92,49030.255,4.665000000000873,9.514533424312954e-05
2026-07-06 22:41:00,20179.63,902.94,44680.97,49035.06,49030.27,4.790000000000873,9.769475061020209e-05
2026-07-06 22:42:00,20179.87,902.58,44681.0,49035.19,49030.28999999999,4.900000000008731,9.993822186262272e-05
2026-07-06 22:43:00,20180.22,902.04,44681.05,49035.37,49030.31,5.060000000004948,0.00010320146864266099
2026-07-06 22:44:00,20180.4,901.86,44681.0,49035.4,49030.354999999996,5.04500000000553,0.00010289544099783757
2026-07-06 22:45:00,20181.26,901.12,44681.16,49035.87,49030.4,5.470000000001164,0.00011156343819347107
2026-07-06 22:46:00,20181.11,900.88,44681.03,49035.68,49030.425,5.254999999997381,0.00010717834895368295
2026-07-06 22:47:00,20181.15,901.02,44680.84,49035.53,49030.45,5.080000000001746,0.00010360908374289337
2026-07-06 22:48:00,20181.35,901.27,44680.67,49035.46,49030.475,4.985000000000582,0.00010167146045394384
2026-07-06 22:49:00,20181.38,901.16,44680.56,49035.35,49030.5,4.849999999998545,9.891802041583392e-05
2026-07-06 22:50:00,20180.99,901.17,44680.37,49035.04,49030.515,4.525000000001455,9.228946504032142e-05
2026-07-06 22:51:00,20181.44,901.12,44680.3,49035.16,49030.53,4.630000000004657,9.443095964911366e-05
2026-07-06 22:52:00,20181.52,901.14,44680.19,49035.1,49030.54,4.559999999997672,9.300325878519126e-05
2026-07-06 22:53:00,20181.51,901.73,44680.01,49034.94,49030.55,4.389999999999418,8.953601377099416e-05
2026-07-06 22:54:00,20181.47,902.15,44679.73,49034.67,49030.575,4.095000000001164,8.351931422385245e-05
2026-07-06 22:55:00,20181.38,902.27,44679.53,49034.44,49030.6,3.8400000000037835,7.831843787356842e-05
2026-07-06 22:56:00,20181.08,902.52,44679.38,49034.22,49030.619999999995,3.6000000000058208,7.342350555644251e-05
2026-07-06 22:57:00,20181.71,902.14,44679.42,49034.49,49030.64,3.849999999998545,7.852232807890218e-05
2026-07-06 22:58:00,20181.27,902.62,44679.11,49034.04,49030.695,3.345000000001164,6.822256955568678e-05
2026-07-06 22:59:00,20181.51,903.03,44679.05,49034.09,49030.75,3.3399999999965075,6.8120516206595e-05
2026-07-06 23:00:00,20181.65,903.53,44678.85,49033.97,49030.78,3.1900000000023283,6.506117177826518e-05
2026-07-06 23:01:00,20181.77,903.27,44678.87,49034.04,49030.81,3.2300000000032014,6.587694553696343e-05
2026-07-06 23:02:00,20181.49,903.63,44678.78,49033.84,49030.86,2.9799999999959255,6.0778048763491515e-05
2026-07-06 23:03:00,20181.3,903.56,44678.73,49033.72,49030.91,2.8099999999976717,5.731078619584404e-05
2026-07-06 23:04:00,20181.44,903.41,44678.72,49033.78,49030.935,2.845000000001164,5.802459202544606e-05
2026-07-06 23:05:00,20181.39,903.32,44678.77,49033.81,49030.96,2.849999999998545,5.812653882360339e-05
2026-07-06 23:06:00,20180.94,903.48,44678.76,49033.62,49031.045,2.5750000000043656,5.2517746664472796e-05
2026-07-06 23:07:00,20180.53,903.69,44678.63,49033.34,49031.13,2.209999999999127,4.507340540589473e-05
2026-07-06 23:08:00,20180.47,903.67,44678.74,49033.4,49031.145000000004,2.2549999999973807,4.599117560883762e-05
2026-07-06 23:09:00,20180.27,903.78,44678.76,49033.34,49031.16,2.179999999993015,4.4461522019732244e-05
2026-07-06 23:10:00,20180.0,904.13,44678.57,49033.06,49031.17,1.889999999999418,3.854690801788776e-05
2026-07-06 23:11:00,20179.75,904.41,44678.43,49032.84,49031.18,1.6599999999962165,3.385600754450977e-05
2026-07-06 23:12:00,20179.6,904.37,44678.49,49032.83,49031.205,1.625,3.31421591617012e-05
2026-07-06 23:13:00,20179.44,904.37,44678.49,49032.77,49031.23,1.5399999999935972,3.140855328315437e-05
2026-07-06 23:14:00,20179.2,904.22,44678.48,49032.66,49031.240000000005,1.4199999999982538,2.896112764021986e-05
2026-07-06 23:15:00,20178.81,904.01,44678.55,49032.56,49031.25,1.3099999999976717,2.6717654556995216e-05
2026-07-06 23:16:00,20178.29,903.96,44678.6,49032.39,49031.28,1.110000000000582,2.263860947543246e-05
2026-07-06 23:17:00,20178.08,903.69,44678.67,49032.36,49031.31,1.0500000000029104,2.141488775239557e-05
2026-07-06 23:18:00,20177.55,903.65,44678.69,49032.17,49031.35,0.819999999999709,1.6723993934486997e-05
2026-07-06 23:19:00,20176.95,904.11,44678.54,49031.78,49031.39,0.3899999999994179,7.954088187167811e-06
2026-07-06 23:20:00,20176.38,904.62,44678.39,49031.43,49031.41,0.01999999999679858,4.0790179186767374e-07
2026-07-06 23:21:00,20176.06,904.94,44678.21,49031.16,49031.43,0.2699999999967986,5.506671944848408e-06
2026-07-06 23:22:00,20175.75,904.65,44678.31,49031.13,49031.43,0.3000000000029104,6.118524383296804e-06
2026-07-06 23:23:00,20175.62,904.0,44678.52,49031.25,49031.43,0.18000000000029104,3.6711146299484032e-06
2026-07-06 23:24:00,20175.19,903.79,44678.7,49031.23,49031.505000000005,0.2750000000014552,5.608638772182399e-06
2026-07-06 23:25:00,20174.89,903.55,44678.78,49031.18,49031.58,0.4000000000014552,8.158007553528872e-06
2026-07-06 23:26:00,20174.44,903.79,44678.69,49030.91,49031.68,0.7699999999967986,1.570413251181274e-05
2026-07-06 23:27:00,20174.04,904.05,44678.58,49030.64,49031.78,1.139999999999418,2.3250226689698354e-05
2026-07-06 23:28:00,20173.95,903.98,44678.55,49030.6,49031.895000000004,1.2950000000055297,2.641137977648079e-05
2026-07-06 23:29:00,20173.69,903.82,44678.62,49030.55,49032.01,1.4599999999991269,2.97764664348683e-05
2026-07-06 23:30:00,20173.3,903.92,44678.63,49030.4,49032.05,1.6500000000014552,3.365145858681118e-05
2026-07-06 23:31:00,20173.19,903.88,44678.59,49030.31,49032.09,1.7799999999988358,3.630275601139654e-05
2026-07-06 23:32:00,20173.02,903.73,44678.62,49030.27,49032.13,1.860000000000582,3.793430960475472e-05
2026-07-06 23:33:00,20172.67,903.58,44678.68,49030.17,49032.17,2.0,4.0789546944383656e-05
2026-07-06 23:34:00,20172.54,903.53,44678.72,49030.16,49032.21,2.0499999999956344,4.180925151029567e-05
2026-07-06 23:35:00,20172.32,903.49,44678.69,49030.04,49032.25,2.209999999999127,4.507237583425453e-05
2026-07-06 23:36:00,20171.99,903.53,44678.72,49029.94,49032.305,2.3649999999979627,4.823350646064799e-05
2026-07-06 23:37:00,20171.46,903.9,44678.62,49029.64,49032.36,2.720000000001164,5.547356888392001e-05
2026-07-06 23:38:00,20171.21,903.97,44678.58,49029.51,49032.375,2.8649999999979627,5.8430781702863926e-05
2026-07-06 23:39:00,20170.99,904.09,44678.56,49029.4,49032.39,2.9899999999979627,6.09800990732445e-05
2026-07-06 23:40:00,20170.78,904.29,44678.46,49029.22,49032.39,3.1699999999982538,6.465114182682618e-05
2026-07-06 23:41:00,20170.6,904.56,44678.28,49028.98,49032.39,3.4099999999962165,6.954586549821896e-05
2026-07-06 23:42:00,20170.76,904.72,44678.26,49029.03,49032.475,3.444999999999709,7.025955756872785e-05
2026-07-06 23:43:00,20170.95,904.63,44678.29,49029.13,49032.56,3.430000000000291,6.995351660203528e-05
2026-07-06 23:44:00,20171.11,904.21,44678.48,49029.37,49032.56,3.1899999999950523,6.505880990091181e-05
2026-07-06 23:45:00,20171.11,903.89,44678.54,49029.41,49032.56,3.1499999999941792,6.424302545072456e-05
2026-07-06 23:46:00,20171.2,903.72,44678.6,49029.5,49032.58,3.0800000000017462,6.281537704117846e-05
2026-07-06 23:47:00,20171.28,903.7,44678.52,49029.47,49032.6,3.1299999999973807,6.383508115003857e-05
2026-07-06 23:48:00,20171.48,903.47,44678.58,49029.6,49032.615,3.014999999999418,6.148968395830852e-05
2026-07-06 23:49:00,20171.42,903.49,44678.45,49029.46,49032.63,3.1699999999982538,6.465082537890082e-05
2026-07-06 23:50:00,20171.34,903.15,44678.45,49029.42,49032.64,3.220000000001164,6.567054109265102e-05
2026-07-06 23:51:00,20171.15,903.1,44678.39,49029.28,49032.65,3.3700000000026193,6.872971377240714e-05
2026-07-06 23:52:00,20171.07,903.29,44678.23,49029.12,49032.655,3.5349999999962165,7.20948111008106e-05
2026-07-06 23:53:00,20171.22,903.49,44678.16,49029.11,49032.66,3.5500000000029104,7.240072229413844e-05
2026-07-06 23:54:00,20171.71,903.26,44678.37,49029.5,49032.665,3.165000000000873,6.454880639265422e-05
2026-07-06 23:55:00,20171.7,903.13,44678.35,49029.48,49032.67,3.1899999999950523,6.505866394783422e-05
2026-07-06 23:56:00,20171.63,903.21,44678.35,49029.44,49032.685,3.2449999999953434,6.618034480460011e-05
2026-07-06 23:57:00,20171.65,903.27,44678.37,49029.47,49032.7,3.2299999999959255,6.587440626349203e-05
2026-07-06 23:58:00,20171.62,903.29,44678.37,49029.46,49032.71,3.25,6.628228380605518e-05
2026-07-06 23:59:00,20171.68,903.4,44678.3,49029.43,49032.72,3.290000000000873,6.709805207626404e-05
