timestamp,Bx,By,Bz,B_total,B_plasma_raw,B_plasma_baseline,delta_B,chi
2026-08-14 00:00:00,20199.49,936.35,44665.06,49029.05,23.890999999995984,23.885999999994965,0.005000000001018634,0.0002093276396642254
2026-08-14 00:01:00,20198.77,936.45,44665.02,49028.74,23.580999999991036,23.880999999993946,-0.3000000000029104,0.012562288011514863
2026-08-14 00:02:00,20198.29,936.65,44664.95,49028.47,23.310999999994237,23.880999999993946,-0.569999999999709,0.023868347221634497
2026-08-14 00:03:00,20197.81,936.59,44664.92,49028.24,23.080999999991036,23.880999999993946,-0.8000000000029104,0.03349943469716985
2026-08-14 00:04:00,20197.41,936.81,44664.99,49028.14,22.98099999999249,23.87099999999191,-0.8899999999994179,0.037283733400348525
2026-08-14 00:05:00,20197.16,936.73,44664.94,49028.01,22.85099999999511,23.860999999989872,-1.0099999999947613,0.04232848581346926
2026-08-14 00:06:00,20196.86,936.76,44664.94,49027.88,22.720999999990454,23.85599999999249,-1.1350000000020373,0.047577129443427
2026-08-14 00:07:00,20196.57,936.68,44664.96,49027.78,22.62099999999191,23.85099999999511,-1.2300000000032014,0.05157016477311029
2026-08-14 00:08:00,20196.28,936.27,44665.13,49027.81,22.650999999990745,23.845999999994092,-1.195000000003347,0.050113226537098175
2026-08-14 00:09:00,20196.37,935.49,44665.38,49028.06,22.900999999990745,23.840999999993073,-0.9400000000023283,0.03942787634757776
2026-08-14 00:10:00,20196.49,934.63,44665.64,49028.33,23.17099999999482,23.830999999994674,-0.6599999999998545,0.027695019092778397
2026-08-14 00:11:00,20196.34,933.71,44665.85,49028.44,23.2809999999954,23.820999999996275,-0.5400000000008731,0.022669073506610033
2026-08-14 00:12:00,20196.07,932.97,44666.05,49028.5,23.340999999993073,23.810999999994237,-0.47000000000116415,0.019738776195929526
2026-08-14 00:13:00,20195.93,932.36,44666.15,49028.52,23.360999999989872,23.8009999999922,-0.4400000000023283,0.01848661820942282
2026-08-14 00:14:00,20195.79,931.49,44666.41,49028.68,23.520999999993364,23.8009999999922,-0.27999999999883585,0.011764211587703357
2026-08-14 00:15:00,20195.19,930.47,44666.63,49028.63,23.470999999990454,23.8009999999922,-0.33000000000174623,0.013864963657067114
2026-08-14 00:16:00,20195.04,929.34,44666.95,49028.84,23.68099999998958,23.785999999992782,-0.10500000000320142,0.004414361389188316
2026-08-14 00:17:00,20194.76,928.27,44667.21,49028.96,23.8009999999922,23.770999999993364,0.029999999998835847,0.0012620419838813774
2026-08-14 00:18:00,20194.16,927.32,44667.42,49028.89,23.73099999999249,23.770999999993364,-0.040000000000873115,0.0016827226452771982
2026-08-14 00:19:00,20193.56,926.12,44667.75,49028.93,23.770999999993364,23.770999999993364,0.0,0.0
2026-08-14 00:20:00,20193.04,924.81,44668.11,49029.01,23.85099999999511,23.760999999994965,0.09000000000014552,0.0037877193720872266
2026-08-14 00:21:00,20192.19,923.61,44668.42,49028.91,23.750999999996566,23.750999999996566,0.0,0.0
2026-08-14 00:22:00,20191.21,922.85,44668.63,49028.69,23.5309999999954,23.74099999999453,-0.20999999999912689,0.008845457225861391
2026-08-14 00:23:00,20190.46,922.17,44668.76,49028.49,23.330999999991036,23.73099999999249,-0.4000000000014552,0.016855589735012506
2026-08-14 00:24:00,20189.62,921.56,44668.86,49028.23,23.070999999996275,23.705999999991036,-0.6349999999947613,0.026786467560744175
2026-08-14 00:25:00,20188.9,921.4,44668.84,49027.91,22.750999999996566,23.68099999998958,-0.9299999999930151,0.039271990202838745
2026-08-14 00:26:00,20188.35,921.39,44668.79,49027.64,22.48099999999249,23.67099999999118,-1.1899999999986903,0.05027248531955277
2026-08-14 00:27:00,20188.08,921.33,44668.75,49027.5,22.340999999993073,23.660999999992782,-1.319999999999709,0.055788005578805276
2026-08-14 00:28:00,20188.01,921.16,44668.7,49027.42,22.260999999991327,23.660999999992782,-1.4000000000014552,0.059169096826080146
2026-08-14 00:29:00,20187.63,920.86,44668.63,49027.21,22.0509999999922,23.660999999992782,-1.610000000000582,0.06804446134994604
2026-08-14 00:30:00,20187.0,920.35,44668.65,49026.94,21.7809999999954,23.645999999993364,-1.8649999999979627,0.07887169077215961
2026-08-14 00:31:00,20186.41,919.97,44668.65,49026.71,21.5509999999922,23.630999999993946,-2.0800000000017462,0.08801997376337349
2026-08-14 00:32:00,20185.86,920.0,44668.62,49026.46,21.3009999999922,23.60599999999249,-2.305000000000291,0.09764466661022723
2026-08-14 00:33:00,20185.25,920.11,44668.52,49026.12,20.960999999995693,23.580999999991036,-2.6199999999953434,0.11110639921955555
2026-08-14 00:34:00,20184.98,920.33,44668.41,49025.9,20.74099999999453,23.5609999999906,-2.819999999996071,0.11968931709168525
2026-08-14 00:35:00,20185.22,920.41,44668.31,49025.91,20.750999999996566,23.540999999990163,-2.789999999993597,0.11851663055922701
2026-08-14 00:36:00,20185.55,920.24,44668.2,49025.94,20.7809999999954,23.535999999992782,-2.7549999999973807,0.11705472467701503
2026-08-14 00:37:00,20185.72,920.13,44668.14,49025.94,20.7809999999954,23.5309999999954,-2.75,0.11686711146999862
2026-08-14 00:38:00,20185.52,920.17,44668.02,49025.76,20.60099999999511,23.525999999994383,-2.9249999999992724,0.12433052792654811
2026-08-14 00:39:00,20185.24,920.21,44667.92,49025.56,20.400999999990745,23.520999999993364,-3.1200000000026193,0.1326474214533183
2026-08-14 00:40:00,20184.95,920.5,44667.78,49025.32,20.160999999992782,23.520999999993364,-3.360000000000582,0.14285106925732452
2026-08-14 00:41:00,20184.42,920.84,44667.57,49024.92,19.760999999991327,23.520999999993364,-3.7600000000020373,0.15985714893087447
2026-08-14 00:42:00,20183.72,921.26,44667.41,49024.5,19.340999999993073,23.505999999993946,-4.165000000000873,0.17718880285892732
2026-08-14 00:43:00,20183.21,921.53,44667.34,49024.25,19.090999999993073,23.49099999999453,-4.400000000001455,0.18730577668053638
2026-08-14 00:44:00,20183.01,921.37,44667.43,49024.25,19.090999999993073,23.48099999999249,-4.389999999999418,0.18695966952007248
2026-08-14 00:45:00,20183.45,921.1,44667.59,49024.56,19.400999999990745,23.470999999990454,-4.069999999999709,0.17340547910192852
2026-08-14 00:46:00,20183.63,920.45,44667.72,49024.74,19.580999999991036,23.460999999992055,-3.8800000000010186,0.16538084480637366
2026-08-14 00:47:00,20183.72,919.6,44667.97,49024.99,19.830999999991036,23.450999999993655,-3.6200000000026193,0.15436441942789642
2026-08-14 00:48:00,20184.24,918.8,44668.21,49025.41,20.250999999996566,23.445999999992637,-3.194999999996071,0.13627057920315083
2026-08-14 00:49:00,20184.61,917.96,44668.41,49025.73,20.570999999996275,23.440999999991618,-2.8699999999953434,0.12243504969909004
2026-08-14 00:50:00,20184.74,917.62,44668.5,49025.86,20.700999999993655,23.440999999991618,-2.7399999999979627,0.11688921121108069
2026-08-14 00:51:00,20185.28,917.13,44668.53,49026.1,20.940999999991618,23.440999999991618,-2.5,0.10665074015617482
2026-08-14 00:52:00,20185.51,916.43,44668.63,49026.26,21.10099999999511,23.4359999999906,-2.334999999995489,0.09963304318127776
2026-08-14 00:53:00,20185.67,915.96,44668.68,49026.37,21.210999999995693,23.43099999998958,-2.219999999993888,0.09474627630040866
2026-08-14 00:54:00,20185.44,915.59,44668.7,49026.29,21.130999999993946,23.4259999999922,-2.2949999999982538,0.09796806966614095
2026-08-14 00:55:00,20185.41,915.07,44668.84,49026.39,21.23099999999249,23.42099999999482,-2.1900000000023283,0.0935058281031046
2026-08-14 00:56:00,20185.46,914.51,44668.97,49026.53,21.37099999999191,23.4159999999938,-2.0450000000018917,0.087333447215683
2026-08-14 00:57:00,20185.22,914.39,44668.98,49026.44,21.2809999999954,23.410999999992782,-2.1299999999973807,0.0909828712997325
2026-08-14 00:58:00,20185.45,914.95,44668.81,49026.39,21.23099999999249,23.390999999992346,-2.1599999999998545,0.09234320892653419
2026-08-14 00:59:00,20186.05,914.98,44668.66,49026.49,21.330999999991036,23.37099999999191,-2.040000000000873,0.08728766419928884
2026-08-14 01:00:00,20186.34,914.87,44668.58,49026.54,21.380999999993946,23.37099999999191,-1.9899999999979627,0.08514826066486893
2026-08-14 01:01:00,20186.96,914.73,44668.56,49026.78,21.62099999999191,23.37099999999191,-1.75,0.07487912370033828
2026-08-14 01:02:00,20187.98,913.93,44668.7,49027.31,22.150999999990745,23.37099999999191,-1.2200000000011642,0.05220144623685707
2026-08-14 01:03:00,20188.69,913.4,44668.78,49027.65,22.49099999999453,23.37099999999191,-0.8799999999973807,0.0376535022034866
2026-08-14 01:04:00,20189.19,913.06,44668.77,49027.83,22.67099999999482,23.37099999999191,-0.6999999999970896,0.02995164948001078
2026-08-14 01:05:00,20189.49,912.88,44668.65,49027.84,22.68099999998958,23.37099999999191,-0.6900000000023283,0.02952376877337586
2026-08-14 01:06:00,20189.66,912.18,44668.72,49027.96,22.8009999999922,23.36599999999089,-0.5649999999986903,0.02418043310788798
2026-08-14 01:07:00,20189.68,911.65,44668.87,49028.1,22.940999999991618,23.360999999989872,-0.41999999999825377,0.017978682419350023
2026-08-14 01:08:00,20189.62,911.03,44668.97,49028.14,22.98099999999249,23.360999999989872,-0.37999999999738066,0.016266426950796
2026-08-14 01:09:00,20189.56,910.25,44669.15,49028.28,23.12099999999191,23.360999999989872,-0.23999999999796273,0.010273532811012662
2026-08-14 01:10:00,20189.48,909.93,44669.27,49028.32,23.160999999992782,23.35599999999249,-0.19499999999970896,0.008349032368546483
2026-08-14 01:11:00,20189.38,909.51,44669.3,49028.31,23.150999999990745,23.35099999999511,-0.20000000000436557,0.008564943685684015
2026-08-14 01:12:00,20189.2,909.07,44669.38,49028.3,23.140999999995984,23.345999999994092,-0.20499999999810825,0.008780947485571839
2026-08-14 01:13:00,20188.72,909.2,44669.36,49028.09,22.93099999998958,23.340999999993073,-0.41000000000349246,0.017565656998569646
2026-08-14 01:14:00,20188.27,909.18,44669.27,49027.83,22.67099999999482,23.340999999993073,-0.6699999999982538,0.028704854119294486
2026-08-14 01:15:00,20188.28,908.61,44669.39,49027.93,22.770999999993364,23.340999999993073,-0.569999999999709,0.02442054753437634
2026-08-14 01:16:00,20188.13,908.42,44669.41,49027.9,22.74099999999453,23.335999999992055,-0.5949999999975262,0.025497086047211553
2026-08-14 01:17:00,20187.86,908.55,44669.39,49027.76,22.60099999999511,23.330999999991036,-0.7299999999959255,0.03128884316986867
2026-08-14 01:18:00,20188.07,908.43,44669.34,49027.81,22.650999999990745,23.320999999992637,-0.6700000000018917,0.0287294712920588
2026-08-14 01:19:00,20188.35,908.21,44669.4,49027.98,22.820999999996275,23.310999999994237,-0.48999999999796273,0.021020119256920933
2026-08-14 01:20:00,20188.32,908.33,44669.28,49027.85,22.690999999991618,23.30599999999322,-0.6150000000016007,0.02638805457829656
2026-08-14 01:21:00,20188.73,908.16,44669.2,49027.95,22.790999999990163,23.3009999999922,-0.5100000000020373,0.02188747264075396
2026-08-14 01:22:00,20188.91,908.27,44669.16,49028.0,22.840999999993073,23.29599999999118,-0.45499999999810825,0.019531249999926188
2026-08-14 01:23:00,20188.99,908.23,44669.07,49027.93,22.770999999993364,23.290999999990163,-0.5199999999967986,0.022326220428363668
2026-08-14 01:24:00,20188.87,908.48,44668.94,49027.77,22.610999999989872,23.285999999992782,-0.6750000000029104,0.028987374388178288
2026-08-14 01:25:00,20189.04,908.25,44668.94,49027.83,22.67099999999482,23.2809999999954,-0.6100000000005821,0.02620162364162633
2026-08-14 01:26:00,20189.1,908.03,44668.9,49027.82,22.660999999992782,23.2809999999954,-0.6200000000026193,0.02663115845551058
2026-08-14 01:27:00,20189.23,907.88,44668.88,49027.86,22.700999999993655,23.2809999999954,-0.5800000000017462,0.024913019200286105
2026-08-14 01:28:00,20189.28,907.5,44668.97,49027.95,22.790999999990163,23.265999999995984,-0.47500000000582077,0.020416057766951892
2026-08-14 01:29:00,20189.31,907.19,44668.99,49027.98,22.820999999996275,23.250999999996566,-0.43000000000029104,0.018493828222457296
2026-08-14 01:30:00,20189.37,907.04,44669.04,49028.03,22.87099999999191,23.245999999995547,-0.375000000003638,0.01613180762297642
2026-08-14 01:31:00,20189.49,906.89,44669.0,49028.04,22.880999999993946,23.24099999999453,-0.3600000000005821,0.015489867045336553
2026-08-14 01:32:00,20189.4,907.42,44668.98,49028.01,22.85099999999511,23.24099999999453,-0.3899999999994179,0.016780689299062422
2026-08-14 01:33:00,20189.17,907.76,44668.79,49027.74,22.580999999991036,23.24099999999453,-0.6600000000034925,0.02839808958322137
2026-08-14 01:34:00,20188.94,907.8,44668.77,49027.63,22.470999999990454,23.23599999999351,-0.7650000000030559,0.03292305043911472
2026-08-14 01:35:00,20189.08,907.92,44668.86,49027.75,22.590999999993073,23.23099999999249,-0.6399999999994179,0.027549395204667246
2026-08-14 01:36:00,20188.86,908.19,44668.75,49027.56,22.400999999990745,23.225999999991473,-0.8250000000007276,0.03552053732889996
2026-08-14 01:37:00,20188.96,908.02,44668.73,49027.61,22.450999999993655,23.220999999990454,-0.7699999999967986,0.0331596399809274
2026-08-14 01:38:00,20189.38,907.95,44668.82,49027.86,22.700999999993655,23.215999999993073,-0.5149999999994179,0.02218297725704564
2026-08-14 01:39:00,20189.45,908.02,44668.76,49027.83,22.67099999999482,23.210999999995693,-0.5400000000008731,0.023264831330014793
2026-08-14 01:40:00,20189.34,908.23,44668.69,49027.72,22.560999999994237,23.195999999992637,-0.6349999999983993,0.027375409553310952
2026-08-14 01:41:00,20189.03,908.53,44668.62,49027.55,22.390999999995984,23.18099999998958,-0.7899999999935972,0.034079634182906354
2026-08-14 01:42:00,20188.35,908.87,44668.11,49026.8,21.640999999995984,23.1759999999922,-1.5349999999962165,0.06623230928532677
2026-08-14 01:43:00,20188.37,908.96,44667.77,49026.52,21.360999999989872,23.17099999999482,-1.8100000000049477,0.07811488498577326
2026-08-14 01:44:00,20189.17,908.8,44668.34,49027.36,22.200999999993655,23.17099999999482,-0.9700000000011642,0.04186267316910712
2026-08-14 01:45:00,20189.21,908.89,44668.68,49027.68,22.520999999993364,23.17099999999482,-0.6500000000014552,0.028052306762832872
2026-08-14 01:46:00,20189.28,908.92,44668.87,49027.87,22.710999999995693,23.1659999999938,-0.45499999999810825,0.019640852974109904
2026-08-14 01:47:00,20189.27,909.04,44668.99,49027.99,22.830999999991036,23.160999999992782,-0.33000000000174623,0.014248089460811237
2026-08-14 01:48:00,20188.93,909.35,44668.61,49027.51,22.35099999999511,23.155999999991764,-0.8049999999966531,0.03476420798052079
2026-08-14 01:49:00,20188.99,909.19,44668.68,49027.6,22.440999999991618,23.150999999990745,-0.7099999999991269,0.030668221675064174
2026-08-14 01:50:00,20188.89,909.1,44668.76,49027.63,22.470999999990454,23.145999999993364,-0.6750000000029104,0.02916270629927866
2026-08-14 01:51:00,20188.98,909.08,44668.89,49027.79,22.630999999993946,23.140999999995984,-0.5100000000020373,0.02203880558325594
2026-08-14 01:52:00,20189.06,909.11,44668.91,49027.84,22.68099999998958,23.135999999994965,-0.4550000000053842,0.019666320885437554
2026-08-14 01:53:00,20188.9,909.23,44668.88,49027.74,22.580999999991036,23.130999999993946,-0.5500000000029104,0.023777614456921635
2026-08-14 01:54:00,20188.73,909.15,44668.93,49027.72,22.560999999994237,23.130999999993946,-0.569999999999709,0.024642254982484898
2026-08-14 01:55:00,20188.81,909.27,44668.91,49027.74,22.580999999991036,23.130999999993946,-0.5500000000029104,0.023777614456921635
2026-08-14 01:56:00,20188.75,909.53,44668.76,49027.58,22.42099999999482,23.125999999992928,-0.7049999999981083,0.030485168208869838
2026-08-14 01:57:00,20188.64,909.66,44668.63,49027.41,22.250999999996566,23.12099999999191,-0.8699999999953434,0.037628130270993806
2026-08-14 01:58:00,20188.18,909.64,44668.54,49027.15,21.99099999999453,23.12099999999191,-1.1299999999973807,0.04887331862799083
2026-08-14 01:59:00,20187.97,909.39,44668.69,49027.19,22.0309999999954,23.12099999999191,-1.0899999999965075,0.047143289649967085
2026-08-14 02:00:00,20188.12,909.17,44669.04,49027.58,22.42099999999482,23.11099999999351,-0.6899999999986903,0.029855912768763104
2026-08-14 02:01:00,20188.21,909.04,44669.26,49027.82,22.660999999992782,23.10099999999511,-0.4400000000023283,0.019046794511164946
2026-08-14 02:02:00,20188.24,908.83,44669.45,49028.0,22.840999999993073,23.10099999999511,-0.26000000000203727,0.011254924029353373
2026-08-14 02:03:00,20188.32,908.73,44669.65,49028.21,23.0509999999922,23.10099999999511,-0.05000000000291038,0.0021644084672923667
2026-08-14 02:04:00,20188.17,908.72,44669.74,49028.23,23.070999999996275,23.10099999999511,-0.029999999998835847,0.0012986450802494349
2026-08-14 02:05:00,20188.1,908.79,44669.75,49028.21,23.0509999999922,23.10099999999511,-0.05000000000291038,0.0021644084672923667
2026-08-14 02:06:00,20188.19,908.68,44669.8,49028.29,23.130999999993946,23.095999999994092,0.03499999999985448,0.001515413924483176
2026-08-14 02:07:00,20188.48,908.27,44669.92,49028.52,23.360999999989872,23.090999999993073,0.2699999999967986,0.011692867350780805
2026-08-14 02:08:00,20188.55,908.07,44670.0,49028.61,23.450999999993655,23.085999999992055,0.3650000000016007,0.015810447890571185
2026-08-14 02:09:00,20188.49,907.79,44670.03,49028.6,23.440999999991618,23.080999999991036,0.3600000000005821,0.015597244486838607
2026-08-14 02:10:00,20188.34,908.02,44670.01,49028.53,23.37099999999191,23.075999999993655,0.29499999999825377,0.01278384468704866
2026-08-14 02:11:00,20188.1,908.24,44669.99,49028.4,23.24099999999453,23.070999999996275,0.16999999999825377,0.0073685579297941665
2026-08-14 02:12:00,20187.86,908.33,44669.92,49028.25,23.090999999993073,23.070999999996275,0.01999999999679858,0.0008668891680812192
2026-08-14 02:13:00,20187.7,908.43,44669.91,49028.18,23.020999999993364,23.070999999996275,-0.05000000000291038,0.002167222920676107
2026-08-14 02:14:00,20187.45,908.7,44669.9,49028.07,22.910999999992782,23.070999999996275,-0.16000000000349246,0.006935113345911243
2026-08-14 02:15:00,20187.33,908.95,44669.83,49027.95,22.790999999990163,23.070999999996275,-0.2800000000061118,0.012136448355344677
2026-08-14 02:16:00,20187.15,909.17,44669.79,49027.85,22.690999999991618,23.070999999996275,-0.3800000000046566,0.016470894196381515
2026-08-14 02:17:00,20187.17,909.3,44669.68,49027.76,22.60099999999511,23.070999999996275,-0.47000000000116415,0.020371895453220063
2026-08-14 02:18:00,20187.44,909.38,44669.71,49027.9,22.74099999999453,23.060999999994237,-0.31999999999970896,0.013876241273135984
2026-08-14 02:19:00,20187.85,909.26,44669.83,49028.18,23.020999999993364,23.0509999999922,-0.029999999998835847,0.001301461975569216
2026-08-14 02:20:00,20188.0,909.3,44669.86,49028.26,23.10099999999511,23.0509999999922,0.05000000000291038,0.002169103292825791
2026-08-14 02:21:00,20188.15,909.45,44669.87,49028.34,23.18099999998958,23.0509999999922,0.12999999999738066,0.005639668560905152
2026-08-14 02:22:00,20188.25,909.32,44669.86,49028.37,23.210999999995693,23.0509999999922,0.16000000000349246,0.006941130536790014
2026-08-14 02:23:00,20188.25,909.39,44669.89,49028.39,23.23099999999249,23.0509999999922,0.18000000000029104,0.007808771853730942
2026-08-14 02:24:00,20188.02,909.47,44669.71,49028.13,22.970999999990454,23.04599999999118,-0.0750000000007276,0.0032543608435631473
2026-08-14 02:25:00,20188.23,909.36,44669.94,49028.44,23.2809999999954,23.040999999990163,0.2400000000052387,0.010416214574252037
2026-08-14 02:26:00,20188.28,909.35,44670.12,49028.6,23.440999999991618,23.035999999992782,0.40499999999883585,0.017581177287678537
2026-08-14 02:27:00,20188.04,909.37,44669.97,49028.38,23.220999999990454,23.0309999999954,0.18999999999505235,0.008249750336289796
2026-08-14 02:28:00,20187.73,909.17,44669.91,49028.21,23.0509999999922,23.025999999994383,0.024999999997817213,0.001085729175619878
2026-08-14 02:29:00,20187.96,909.02,44670.21,49028.58,23.42099999999482,23.020999999993364,0.4000000000014552,0.017375439815888558
2026-08-14 02:30:00,20187.49,909.22,44670.28,49028.46,23.3009999999922,23.020999999993364,0.27999999999883585,0.012162807871027173
2026-08-14 02:31:00,20187.33,909.13,44670.36,49028.45,23.290999999990163,23.020999999993364,0.2699999999967986,0.011728421875543044
2026-08-14 02:32:00,20187.16,909.21,44670.37,49028.4,23.24099999999453,23.000999999992928,0.2400000000016007,0.010434328942292705
2026-08-14 02:33:00,20186.88,909.32,44670.36,49028.26,23.10099999999511,22.98099999999249,0.12000000000261934,0.005221704886761175
2026-08-14 02:34:00,20186.41,909.34,44670.17,49027.92,22.760999999991327,22.98099999999249,-0.22000000000116415,0.009573125625570516
2026-08-14 02:35:00,20186.36,909.4,44670.32,49028.03,22.87099999999191,22.98099999999249,-0.11000000000058208,0.004786562812785258
2026-08-14 02:36:00,20186.5,909.33,44670.77,49028.51,23.35099999999511,22.975999999991473,0.375000000003638,0.01632137883024796
2026-08-14 02:37:00,20186.14,909.66,44670.82,49028.41,23.250999999996566,22.970999999990454,0.2800000000061118,0.012189282138619483
2026-08-14 02:38:00,20185.98,909.89,44670.75,49028.28,23.12099999999191,22.965999999993073,0.15499999999883585,0.006749107376072568
2026-08-14 02:39:00,20185.95,909.99,44670.7,49028.23,23.070999999996275,22.960999999995693,0.11000000000058208,0.004790732110997026
2026-08-14 02:40:00,20185.91,910.02,44670.68,49028.2,23.040999999990163,22.950999999993655,0.08999999999650754,0.003921397760295081
2026-08-14 02:41:00,20185.62,910.38,44670.55,49027.96,22.8009999999922,22.940999999991618,-0.13999999999941792,0.0061026110457028495
2026-08-14 02:42:00,20185.64,910.68,44670.4,49027.84,22.68099999998958,22.9359999999906,-0.25500000000101863,0.011117893268273595
2026-08-14 02:43:00,20185.73,910.68,44670.46,49027.93,22.770999999993364,22.93099999998958,-0.1599999999962165,0.006977454101272915
2026-08-14 02:44:00,20185.98,910.71,44670.72,49028.26,23.10099999999511,22.92099999999118,0.18000000000392902,0.007853060512368495
2026-08-14 02:45:00,20186.02,910.8,44670.66,49028.23,23.070999999996275,22.910999999992782,0.16000000000349246,0.00698354502219645
2026-08-14 02:46:00,20186.29,910.82,44670.84,49028.5,23.340999999993073,22.905999999991764,0.4350000000013097,0.01899065746972261
2026-08-14 02:47:00,20186.38,910.92,44670.88,49028.57,23.410999999992782,22.900999999990745,0.5100000000020373,0.022269769879142542
2026-08-14 02:48:00,20186.34,910.69,44670.86,49028.53,23.37099999999191,22.890999999992346,0.47999999999956344,0.020968939757971428
2026-08-14 02:49:00,20186.11,910.59,44670.96,49028.53,23.37099999999191,22.880999999993946,0.48999999999796273,0.021415147939254944
2026-08-14 02:50:00,20186.17,910.61,44671.1,49028.68,23.520999999993364,22.875999999992928,0.6450000000004366,0.02819548872183231
2026-08-14 02:51:00,20185.9,910.74,44671.12,49028.59,23.43099999998958,22.87099999999191,0.5599999999976717,0.024485155874158095
2026-08-14 02:52:00,20186.04,910.75,44671.18,49028.7,23.540999999990163,22.87099999999191,0.6699999999982538,0.02929474006377031
2026-08-14 02:53:00,20185.86,910.54,44671.21,49028.65,23.49099999999453,22.87099999999191,0.6200000000026193,0.027108565432330842
2026-08-14 02:54:00,20185.81,910.38,44671.1,49028.53,23.37099999999191,22.86099999999351,0.5099999999983993,0.02230873540083741
2026-08-14 02:55:00,20186.33,910.17,44671.58,49029.17,24.010999999991327,22.85099999999511,1.1599999999962165,0.0507636427288287
2026-08-14 02:56:00,20186.34,910.15,44671.53,49029.13,23.970999999990454,22.85099999999511,1.1199999999953434,0.04901317228985966
2026-08-14 02:57:00,20186.51,909.77,44671.56,49029.22,24.060999999994237,22.85099999999511,1.2099999999991269,0.05295173077761962
2026-08-14 02:58:00,20186.72,909.33,44671.81,49029.5,24.340999999993073,22.845999999994092,1.4949999999989814,0.06543815109863294
2026-08-14 02:59:00,20186.39,908.94,44671.74,49029.3,24.140999999995984,22.840999999993073,1.3000000000029104,0.05691519635757211
2026-08-14 03:00:00,20186.45,908.53,44671.85,49029.42,24.260999999991327,22.840999999993073,1.4199999999982538,0.06216890679036314
2026-08-14 03:01:00,20186.56,908.53,44672.15,49029.75,24.590999999993073,22.840999999993073,1.75,0.07661661048117555
2026-08-14 03:02:00,20186.49,908.51,44672.28,49029.84,24.68099999998958,22.835999999992055,1.8449999999975262,0.0807934839725945
2026-08-14 03:03:00,20186.12,908.66,44672.17,49029.57,24.410999999992782,22.830999999991036,1.5800000000017462,0.0692041522492386
2026-08-14 03:04:00,20185.84,908.99,44672.02,49029.34,24.18099999998958,22.825999999993655,1.3549999999959255,0.05936213090319382
2026-08-14 03:05:00,20185.57,909.01,44671.79,49029.02,23.860999999989872,22.820999999996275,1.0399999999935972,0.04557206082090035
2026-08-14 03:06:00,20185.35,908.99,44671.82,49028.96,23.8009999999922,22.820999999996275,0.9799999999959255,0.04294290346593425
2026-08-14 03:07:00,20185.39,908.83,44671.86,49029.0,23.840999999993073,22.820999999996275,1.0199999999967986,0.04469567503601793
2026-08-14 03:08:00,20185.75,908.79,44671.96,49029.25,24.090999999993073,22.810999999994237,1.2799999999988358,0.056113278681301094
2026-08-14 03:09:00,20186.17,908.88,44672.21,49029.65,24.49099999999453,22.8009999999922,1.6900000000023283,0.07411955615994502
2026-08-14 03:10:00,20186.33,908.88,44672.04,49029.57,24.410999999992782,22.8009999999922,1.610000000000582,0.07061093811679894
2026-08-14 03:11:00,20186.74,908.59,44672.17,49029.86,24.700999999993655,22.8009999999922,1.9000000000014552,0.08332967852296413
2026-08-14 03:12:00,20186.96,908.29,44672.29,49030.04,24.880999999993946,22.79599999999118,2.085000000002765,0.091463414634303
2026-08-14 03:13:00,20187.17,908.05,44672.39,49030.22,25.060999999994237,22.790999999990163,2.2700000000040745,0.09960071958251303
2026-08-14 03:14:00,20187.02,908.12,44672.37,49030.13,24.970999999990454,22.790999999990163,2.180000000000291,0.09565179237423685
2026-08-14 03:15:00,20187.06,908.17,44672.4,49030.17,25.010999999991327,22.790999999990163,2.220000000001164,0.09740687113343523
2026-08-14 03:16:00,20186.7,908.76,44672.18,49029.82,24.660999999992782,22.790999999990163,1.8700000000026193,0.08204993199084842
2026-08-14 03:17:00,20187.07,908.62,44672.2,49030.02,24.860999999989872,22.790999999990163,2.069999999999709,0.0908253257865211
2026-08-14 03:18:00,20187.15,908.6,44672.16,49030.0,24.840999999993073,22.780999999991764,2.0600000000013097,0.09042623238672817
2026-08-14 03:19:00,20187.25,908.84,44672.22,49030.09,24.93099999998958,22.770999999993364,2.1599999999962165,0.09485749418105686
2026-08-14 03:20:00,20187.36,908.75,44672.35,49030.27,25.110999999989872,22.770999999993364,2.3399999999965075,0.10276228536283824
2026-08-14 03:21:00,20187.14,908.66,44672.29,49030.11,24.950999999993655,22.770999999993364,2.180000000000291,0.09573580431254343
2026-08-14 03:22:00,20187.06,908.54,44672.47,49030.24,25.080999999991036,22.770999999993364,2.3099999999976717,0.10144482016592793
2026-08-14 03:23:00,20186.49,908.6,44672.27,49029.81,24.650999999990745,22.770999999993364,1.8799999999973807,0.0825611523428013
2026-08-14 03:24:00,20186.0,908.56,44672.26,49029.62,24.460999999995693,22.765999999992346,1.695000000003347,0.07445313186347698
2026-08-14 03:25:00,20185.96,908.72,44672.51,49029.83,24.67099999999482,22.760999999991327,1.9100000000034925,0.0839154694435315
2026-08-14 03:26:00,20185.74,909.31,44672.54,49029.77,24.610999999989872,22.755999999993946,1.8549999999959255,0.08151696255916764
2026-08-14 03:27:00,20185.51,909.81,44672.37,49029.53,24.37099999999191,22.750999999996566,1.6199999999953434,0.07120566128941971
2026-08-14 03:28:00,20185.36,910.27,44672.15,49029.3,24.140999999995984,22.745999999995547,1.3950000000004366,0.061329464521265704
2026-08-14 03:29:00,20186.01,910.36,44672.6,49029.96,24.8009999999922,22.74099999999453,2.0599999999976717,0.09058528648688129
2026-08-14 03:30:00,20185.5,910.65,44672.2,49029.42,24.260999999991327,22.74099999999453,1.5199999999967986,0.06683962886404135
2026-08-14 03:31:00,20184.96,911.28,44671.91,49028.93,23.770999999993364,22.74099999999453,1.0299999999988358,0.04529264324344064
2026-08-14 03:32:00,20185.05,911.45,44672.18,49029.21,24.0509999999922,22.73099999999249,1.319999999999709,0.05807047644186991
2026-08-14 03:33:00,20185.11,911.56,44672.39,49029.43,24.270999999993364,22.720999999990454,1.5500000000029104,0.06821882839679423
2026-08-14 03:34:00,20184.81,911.82,44672.09,49029.04,23.880999999993946,22.715999999993073,1.1650000000008731,0.05128543757709229
2026-08-14 03:35:00,20185.12,911.93,44672.33,49029.38,24.220999999990454,22.710999999995693,1.5099999999947613,0.06648760512505164
2026-08-14 03:36:00,20184.73,912.22,44671.85,49028.79,23.630999999993946,22.705999999994674,0.9249999999992724,0.04073813089049103
2026-08-14 03:37:00,20184.86,912.24,44671.82,49028.82,23.660999999992782,22.700999999993655,0.9599999999991269,0.04228888595213406
2026-08-14 03:38:00,20185.47,912.19,44672.31,49029.53,24.37099999999191,22.700999999993655,1.6699999999982538,0.07356504118755652
2026-08-14 03:39:00,20185.93,911.96,44672.71,49030.05,24.890999999995984,22.700999999993655,2.1900000000023283,0.09647152107849612
2026-08-14 03:40:00,20185.86,912.13,44672.78,49030.08,24.92099999999482,22.695999999992637,2.225000000002183,0.09803489601704726
2026-08-14 03:41:00,20185.42,912.31,44672.19,49029.38,24.220999999990454,22.690999999991618,1.5299999999988358,0.06742761447267202
2026-08-14 03:42:00,20185.67,911.99,44672.35,49029.63,24.470999999990454,22.690999999991618,1.7799999999988358,0.07844519853684251
2026-08-14 03:43:00,20185.94,912.06,44672.46,49029.84,24.68099999998958,22.690999999991618,1.9899999999979627,0.08769996915070723
2026-08-14 03:44:00,20186.39,911.84,44672.71,49030.26,25.10099999999511,22.6859999999906,2.415000000004511,0.1064533192279605
2026-08-14 03:45:00,20186.77,911.7,44672.98,49030.66,25.500999999996566,22.68099999998958,2.820000000006985,0.12433314227804243
2026-08-14 03:46:00,20187.1,911.41,44673.26,49031.04,25.880999999993946,22.68099999998958,3.2000000000043656,0.1410872536486855
2026-08-14 03:47:00,20187.2,911.35,44673.28,49031.09,25.93099999998958,22.68099999998958,3.25,0.1432917419867507
2026-08-14 03:48:00,20187.26,911.58,44673.41,49031.23,26.070999999996275,22.68099999998958,3.390000000006694,0.1494643093341674
2026-08-14 03:49:00,20187.28,911.37,44673.35,49031.18,26.020999999993364,22.68099999998958,3.3400000000037835,0.1472598209957814
2026-08-14 03:50:00,20187.45,911.21,44673.3,49031.21,26.0509999999922,22.6759999999922,3.375,0.14883577350507854
2026-08-14 03:51:00,20187.63,911.18,44673.55,49031.5,26.340999999993073,22.67099999999482,3.6699999999982538,0.16188081690261094
2026-08-14 03:52:00,20187.38,911.31,44673.43,49031.29,26.130999999993946,22.67099999999482,3.459999999999127,0.15261788187552017
2026-08-14 03:53:00,20187.38,911.05,44673.4,49031.26,26.10099999999511,22.67099999999482,3.430000000000291,0.15129460544312448
2026-08-14 03:54:00,20187.66,910.89,44673.67,49031.61,26.450999999993655,22.67099999999482,3.779999999998836,0.16673283048827575
2026-08-14 03:55:00,20187.42,910.99,44673.63,49031.49,26.330999999991036,22.67099999999482,3.6599999999962165,0.16143972475837207
2026-08-14 03:56:00,20187.3,911.13,44673.68,49031.49,26.330999999991036,22.67099999999482,3.6599999999962165,0.16143972475837207
2026-08-14 03:57:00,20187.2,911.35,44673.77,49031.53,26.37099999999191,22.67099999999482,3.6999999999970896,0.16320409333500663
2026-08-14 03:58:00,20186.85,911.64,44673.5,49031.14,25.98099999999249,22.6659999999938,3.3149999999986903,0.14625430159708802
2026-08-14 03:59:00,20186.94,911.58,44673.66,49031.32,26.160999999992782,22.67099999999482,3.4899999999979627,0.15394115830791585
2026-08-14 04:00:00,20186.99,911.9,44673.89,49031.55,26.390999999995984,22.67099999999482,3.720000000001164,0.16408627762348438
2026-08-14 04:01:00,20186.97,912.02,44673.94,49031.59,26.43099999998958,22.67099999999482,3.7599999999947613,0.165850646199798
2026-08-14 04:02:00,20186.29,912.63,44673.66,49031.07,25.910999999992782,22.67099999999482,3.2399999999979627,0.14291385470419052
2026-08-14 04:03:00,20186.71,912.78,44673.86,49031.45,26.290999999990163,22.67099999999482,3.6199999999953434,0.15967535618173748
2026-08-14 04:04:00,20187.26,913.0,44674.5,49032.24,27.080999999991036,22.67099999999482,4.4099999999962165,0.19452163556954807
2026-08-14 04:05:00,20187.08,913.36,44674.19,49031.9,26.74099999999453,22.67099999999482,4.069999999999709,0.17952450266863565
2026-08-14 04:06:00,20187.08,913.75,44673.77,49031.52,26.360999999989872,22.67099999999482,3.6899999999950523,0.16276300119076775
2026-08-14 04:07:00,20187.69,913.78,44674.11,49032.09,26.93099999998958,22.67099999999482,4.259999999994761,0.18790525340724867
2026-08-14 04:08:00,20187.91,914.23,44674.18,49032.24,27.080999999991036,22.67099999999482,4.4099999999962165,0.19452163556954807
2026-08-14 04:09:00,20187.97,914.41,44673.99,49032.09,26.93099999998958,22.67099999999482,4.259999999994761,0.18790525340724867
2026-08-14 04:10:00,20187.91,914.71,44673.64,49031.75,26.590999999993073,22.67099999999482,3.9199999999982538,0.17290812050633628
2026-08-14 04:11:00,20188.36,914.65,44673.67,49031.97,26.810999999994237,22.67099999999482,4.139999999999418,0.18261214767766593
2026-08-14 04:12:00,20189.08,914.67,44674.24,49032.78,27.62099999999191,22.6659999999938,4.954999999998108,0.21860937086382526
2026-08-14 04:13:00,20189.32,915.1,44674.17,49032.82,27.660999999992782,22.660999999992782,5.0,0.2206433961432237
2026-08-14 04:14:00,20189.88,915.08,44674.41,49033.27,28.110999999989872,22.660999999992782,5.44999999999709,0.24050130179598542
2026-08-14 04:15:00,20189.96,915.04,44674.04,49032.97,27.810999999994237,22.660999999992782,5.150000000001455,0.22726269802758464
2026-08-14 04:16:00,20191.09,914.61,44674.57,49033.9,28.74099999999453,22.655999999991764,6.085000000002765,0.26858227401151913
2026-08-14 04:17:00,20191.33,914.51,44674.54,49033.95,28.790999999990163,22.650999999990745,6.139999999999418,0.2710697099466658
2026-08-14 04:18:00,20191.32,914.31,44674.38,49033.79,28.630999999993946,22.650999999990745,5.980000000003201,0.2640060041501764
2026-08-14 04:19:00,20191.39,914.04,44674.26,49033.74,28.580999999991036,22.650999999990745,5.930000000000291,0.26179859608859274
2026-08-14 04:20:00,20191.77,913.96,44674.69,49034.28,29.12099999999191,22.640999999992346,6.479999999999563,0.2862064396449695
2026-08-14 04:21:00,20191.46,914.15,44674.5,49033.99,28.830999999991036,22.630999999993946,6.19999999999709,0.27396049666381284
2026-08-14 04:22:00,20191.23,913.99,44674.42,49033.82,28.660999999992782,22.625999999992928,6.0349999999998545,0.2667285423849439
2026-08-14 04:23:00,20191.69,913.81,44674.88,49034.44,29.2809999999954,22.630999999993946,6.650000000001455,0.2938447262605821
2026-08-14 04:24:00,20191.78,913.49,44675.16,49034.72,29.560999999994237,22.640999999992346,6.920000000001892,0.30564021023825055
2026-08-14 04:25:00,20191.58,912.69,44675.18,49034.64,29.48099999999249,22.640999999995984,6.8399999999965075,0.3021067974028409
2026-08-14 04:26:00,20191.9,911.81,44675.72,49035.25,30.090999999993073,22.645999999993364,7.444999999999709,0.3287556301334404
2026-08-14 04:27:00,20191.68,911.09,44676.09,49035.47,30.310999999994237,22.650999999990745,7.6600000000034925,0.338174915015082
2026-08-14 04:28:00,20191.67,910.81,44676.4,49035.75,30.590999999993073,22.650999999990745,7.940000000002328,0.3505364001591794
2026-08-14 04:29:00,20191.06,911.59,44676.69,49035.78,30.62099999999191,22.650999999990745,7.970000000001164,0.35186084499600107
2026-08-14 04:30:00,20190.27,912.1,44676.19,49035.01,29.85099999999511,22.655999999991764,7.195000000003347,0.3175759180793592
2026-08-14 04:31:00,20190.31,912.2,44676.11,49034.95,29.790999999990163,22.660999999992782,7.129999999997381,0.31463748290012145
2026-08-14 04:32:00,20190.73,911.83,44676.56,49035.53,30.37099999999191,22.660999999992782,7.709999999999127,0.34023211685281246
2026-08-14 04:33:00,20191.2,911.55,44676.81,49035.94,30.7809999999954,22.660999999992782,8.12000000000262,0.3583248753367109
2026-08-14 04:34:00,20191.62,911.22,44676.95,49036.25,31.090999999993073,22.6659999999938,8.424999999999272,0.371702108885625
2026-08-14 04:35:00,20191.7,911.32,44677.06,49036.37,31.210999999995693,22.67099999999482,8.540000000000873,0.37669269110329606
2026-08-14 04:36:00,20191.86,911.77,44677.06,49036.44,31.2809999999954,22.67099999999482,8.610000000000582,0.3797803361123263
2026-08-14 04:37:00,20191.98,911.75,44676.96,49036.38,31.220999999990454,22.67099999999482,8.549999999995634,0.37713378324721397
2026-08-14 04:38:00,20192.28,911.49,44676.87,49036.43,31.270999999993364,22.67099999999482,8.599999999998545,0.37933924396808744
2026-08-14 04:39:00,20192.89,911.0,44677.0,49036.79,31.630999999993946,22.67099999999482,8.959999999999127,0.3952185611574776
2026-08-14 04:40:00,20192.94,910.97,44677.06,49036.87,31.710999999995693,22.67099999999482,9.040000000000873,0.39874729831074673
2026-08-14 04:41:00,20192.63,911.04,44677.0,49036.69,31.5309999999954,22.67099999999482,8.860000000000582,0.39080763971605165
2026-08-14 04:42:00,20192.8,911.43,44677.08,49036.84,31.68099999998958,22.6759999999922,9.00499999999738,0.397115893455657
2026-08-14 04:43:00,20192.56,911.52,44676.93,49036.61,31.450999999993655,22.68099999998958,8.770000000004075,0.3866672545305808
2026-08-14 04:44:00,20192.52,911.61,44677.15,49036.78,31.62099999999191,22.68099999998958,8.940000000002328,0.39416251488058
2026-08-14 04:45:00,20192.21,911.61,44677.01,49036.54,31.380999999993946,22.68099999998958,8.700000000004366,0.38358097085703285
2026-08-14 04:46:00,20192.2,911.79,44676.94,49036.46,31.3009999999922,22.68099999998958,8.62000000000262,0.38005378951574353
2026-08-14 04:47:00,20192.8,912.19,44677.66,49037.37,32.21099999999569,22.68099999998958,9.530000000006112,0.42017547727218774
2026-08-14 04:48:00,20192.43,912.19,44677.08,49036.69,31.5309999999954,22.6859999999906,8.845000000004802,0.3898880366749743
2026-08-14 04:49:00,20192.07,912.96,44676.85,49036.34,31.18099999998958,22.690999999991618,8.489999999997963,0.3741571548191397
2026-08-14 04:50:00,20192.2,913.25,44676.84,49036.39,31.23099999999249,22.690999999991618,8.540000000000873,0.3763606716321021
2026-08-14 04:51:00,20192.19,913.35,44676.85,49036.41,31.250999999996566,22.690999999991618,8.560000000004948,0.37724207835741524
2026-08-14 04:52:00,20191.99,913.58,44676.92,49036.4,31.24099999999453,22.695999999992637,8.545000000001892,0.3764980613325989
2026-08-14 04:53:00,20192.37,913.74,44677.29,49036.89,31.73099999999249,22.700999999993655,9.029999999998836,0.39777983348757145
2026-08-14 04:54:00,20192.77,914.0,44677.53,49037.27,32.11099999998987,22.700999999993655,9.409999999996217,0.4145191841768577
2026-08-14 04:55:00,20192.4,913.9,44677.07,49036.71,31.5509999999922,22.700999999993655,8.849999999998545,0.3898506673715263
2026-08-14 04:56:00,20192.61,913.98,44677.27,49037.0,31.840999999993073,22.705999999994674,9.1349999999984,0.4023165683079601
2026-08-14 04:57:00,20192.67,913.88,44677.29,49037.02,31.860999999989872,22.710999999995693,9.14999999999418,0.40288846814301066
2026-08-14 04:58:00,20192.19,914.7,44677.0,49036.56,31.400999999990745,22.715999999993073,8.684999999997672,0.3823296354992217
2026-08-14 04:59:00,20192.7,914.35,44677.05,49036.83,31.67099999999482,22.720999999990454,8.950000000004366,0.3939087188067482
2026-08-14 05:00:00,20192.66,913.8,44677.07,49036.8,31.640999999995984,22.73099999999249,8.910000000003492,0.39197571598286196
2026-08-14 05:01:00,20192.49,913.96,44677.12,49036.79,31.630999999993946,22.74099999999453,8.889999999999418,0.3909238819753554
2026-08-14 05:02:00,20192.78,914.31,44677.29,49037.08,31.92099999999482,22.74099999999453,9.180000000000291,0.4036761795876391
2026-08-14 05:03:00,20192.81,914.46,44677.45,49037.23,32.070999999996275,22.74099999999453,9.330000000001746,0.4102721955940368
2026-08-14 05:04:00,20192.75,913.91,44677.57,49037.32,32.16099999999278,22.745999999995547,9.414999999997235,0.4139189308009794
2026-08-14 05:05:00,20192.56,913.69,44677.65,49037.3,32.140999999995984,22.750999999996566,9.389999999999418,0.41272911080835284
2026-08-14 05:06:00,20192.2,914.04,44677.61,49037.13,31.970999999990454,22.755999999993946,9.214999999996508,0.4049481455439866
2026-08-14 05:07:00,20191.76,913.89,44677.38,49036.72,31.560999999994237,22.760999999991327,8.80000000000291,0.38662624665024664
2026-08-14 05:08:00,20191.53,913.5,44677.34,49036.58,31.42099999999482,22.765999999992346,8.655000000002474,0.38017218659428026
2026-08-14 05:09:00,20191.48,912.63,44677.84,49037.0,31.840999999993073,22.770999999993364,9.069999999999709,0.3983136445479932
2026-08-14 05:10:00,20190.95,912.34,44677.78,49036.71,31.5509999999922,22.770999999993364,8.779999999998836,0.3855781476439943
2026-08-14 05:11:00,20191.14,911.13,44678.02,49036.99,31.830999999991036,22.770999999993364,9.059999999997672,0.39787448948224985
2026-08-14 05:12:00,20190.58,910.58,44678.06,49036.82,31.660999999992782,22.770999999993364,8.889999999999418,0.3904088533662118
2026-08-14 05:13:00,20190.11,910.4,44678.56,49037.06,31.900999999990745,22.770999999993364,9.12999999999738,0.40094857494181374
2026-08-14 05:14:00,20189.3,910.35,44678.28,49036.49,31.330999999991036,22.780999999991764,8.549999999999272,0.3753127606339653
2026-08-14 05:15:00,20189.42,909.07,44678.96,49037.14,31.98099999999249,22.790999999990163,9.190000000002328,0.40322934491712936
2026-08-14 05:16:00,20189.03,908.75,44679.12,49037.12,31.960999999995693,22.790999999990163,9.17000000000553,0.4023518055376898
2026-08-14 05:17:00,20188.81,908.58,44679.52,49037.39,32.23099999999249,22.790999999990163,9.440000000002328,0.4141985871618798
2026-08-14 05:18:00,20187.75,909.16,44678.8,49036.3,31.140999999995984,22.790999999990163,8.35000000000582,0.36637269097492103
2026-08-14 05:19:00,20187.14,909.09,44678.72,49036.0,30.840999999993073,22.790999999990163,8.05000000000291,0.3532096002810928
2026-08-14 05:20:00,20187.28,908.76,44679.48,49036.72,31.560999999994237,22.79599999999118,8.765000000003056,0.3844972802248836
2026-08-14 05:21:00,20186.3,910.11,44678.95,49035.84,30.68099999998958,22.8009999999922,7.879999999997381,0.34559887724222954
2026-08-14 05:22:00,20186.2,910.11,44678.87,49035.74,30.580999999991036,22.8009999999922,7.779999999998836,0.3412131046884565
2026-08-14 05:23:00,20185.74,910.59,44678.78,49035.48,30.320999999996275,22.8009999999922,7.5200000000040745,0.3298100960487105
2026-08-14 05:24:00,20185.5,910.73,44678.79,49035.4,30.24099999999453,22.8009999999922,7.440000000002328,0.32630147800556436
2026-08-14 05:25:00,20185.28,910.84,44678.67,49035.21,30.0509999999922,22.8009999999922,7.25,0.31796851015317223
2026-08-14 05:26:00,20185.17,910.8,44678.8,49035.28,30.12099999999191,22.810999999994237,7.309999999997672,0.3204594274691823
2026-08-14 05:27:00,20185.18,911.17,44678.82,49035.31,30.150999999990745,22.820999999996275,7.32999999999447,0.3211953902105809
2026-08-14 05:28:00,20185.41,911.11,44679.04,49035.58,30.42099999999482,22.820999999996275,7.599999999998545,0.333026598308566
2026-08-14 05:29:00,20185.18,911.22,44679.21,49035.64,30.48099999999249,22.820999999996275,7.6599999999962165,0.3356557556635321
2026-08-14 05:30:00,20184.63,911.97,44678.74,49035.01,29.85099999999511,22.825999999993655,7.025000000001455,0.3077630771928243
2026-08-14 05:31:00,20184.31,910.97,44678.71,49034.85,29.690999999991618,22.830999999991036,6.860000000000582,0.30046866103119774
2026-08-14 05:32:00,20184.48,910.46,44679.36,49035.52,30.360999999989872,22.835999999992055,7.524999999997817,0.3295235592923645
2026-08-14 05:33:00,20184.71,909.71,44679.85,49036.02,30.860999999989872,22.840999999993073,8.019999999996799,0.3511229806050186
2026-08-14 05:34:00,20184.34,909.1,44679.65,49035.67,30.510999999991327,22.840999999993073,7.669999999998254,0.33579965850884724
2026-08-14 05:35:00,20184.16,908.9,44680.18,49036.07,30.910999999992782,22.840999999993073,8.069999999999709,0.35331202661889394
2026-08-14 05:36:00,20183.82,909.21,44680.23,49035.98,30.820999999996275,22.845999999994092,7.975000000002183,0.34907642475725487
2026-08-14 05:37:00,20184.06,907.75,44680.51,49036.32,31.160999999992782,22.85099999999511,8.309999999997672,0.3636602336877795
2026-08-14 05:38:00,20183.85,907.2,44680.61,49036.31,31.150999999990745,22.85099999999511,8.299999999995634,0.36322261607795764
2026-08-14 05:39:00,20183.3,907.87,44680.21,49035.74,30.580999999991036,22.85099999999511,7.7299999999959255,0.338278412323206
2026-08-14 05:40:00,20182.94,907.91,44680.41,49035.78,30.62099999999191,22.85599999999249,7.764999999999418,0.3397357367869255
2026-08-14 05:41:00,20182.8,907.27,44680.47,49035.77,30.610999999989872,22.860999999989872,7.75,0.3390052928569806
2026-08-14 05:42:00,20182.97,907.03,44680.63,49035.99,30.830999999991036,22.86599999999089,7.9650000000001455,0.3483337706640129
2026-08-14 05:43:00,20182.65,907.01,44680.48,49035.72,30.560999999994237,22.87099999999191,7.690000000002328,0.3362336583448493
2026-08-14 05:44:00,20182.55,906.16,44680.63,49035.8,30.640999999995984,22.87099999999191,7.7700000000040745,0.3397315377555342
2026-08-14 05:45:00,20182.79,906.11,44680.51,49035.76,30.60099999999511,22.87099999999191,7.730000000003201,0.33798259805019176
2026-08-14 05:46:00,20183.34,905.33,44680.93,49036.39,31.23099999999249,22.875999999992928,8.354999999999563,0.36522993530346853
2026-08-14 05:47:00,20183.47,905.42,44681.21,49036.67,31.510999999991327,22.880999999993946,8.62999999999738,0.37716883003363766
2026-08-14 05:48:00,20183.16,904.72,44680.5,49035.9,30.74099999999453,22.890999999992346,7.850000000002183,0.34292953562556494
2026-08-14 05:49:00,20183.45,905.39,44680.4,49035.91,30.750999999996566,22.900999999990745,7.850000000005821,0.3427797912758829
2026-08-14 05:50:00,20183.83,906.43,44680.07,49035.82,30.660999999992782,22.905999999991764,7.755000000001019,0.3385575831661489
2026-08-14 05:51:00,20184.36,906.37,44680.05,49036.0,30.840999999993073,22.910999999992782,7.930000000000291,0.34612195015506914
2026-08-14 05:52:00,20184.25,906.7,44679.98,49035.89,30.73099999999249,22.910999999992782,7.819999999999709,0.3413207629523885
2026-08-14 05:53:00,20184.07,907.21,44679.67,49035.54,30.380999999993946,22.910999999992782,7.470000000001164,0.3260442582167307
2026-08-14 05:54:00,20184.81,907.82,44679.6,49035.81,30.650999999990745,22.92099999999118,7.729999999999563,0.33724532088488884
2026-08-14 05:55:00,20185.63,908.47,44679.42,49035.98,30.820999999996275,22.93099999998958,7.890000000006694,0.3440757053774488
2026-08-14 05:56:00,20186.57,908.82,44679.02,49036.02,30.860999999989872,22.9359999999906,7.924999999999272,0.3455266829439536
2026-08-14 05:57:00,20187.29,909.05,44678.9,49036.2,31.040999999990163,22.940999999991618,8.099999999998545,0.3530796390742123
2026-08-14 05:58:00,20188.12,909.2,44678.79,49036.41,31.250999999996566,22.950999999993655,8.30000000000291,0.36164001568581783
2026-08-14 05:59:00,20188.9,909.14,44678.57,49036.54,31.380999999993946,22.960999999995693,8.419999999998254,0.3667087670397558
2026-08-14 06:00:00,20189.86,908.63,44678.55,49036.9,31.74099999999453,22.965999999993073,8.775000000001455,0.3820865627451059
2026-08-14 06:01:00,20190.87,908.41,44678.63,49037.39,32.23099999999249,22.970999999990454,9.260000000002037,0.40311697357563386
2026-08-14 06:02:00,20191.22,908.5,44678.44,49037.37,32.21099999999569,22.970999999990454,9.240000000005239,0.40224631056589083
2026-08-14 06:03:00,20191.49,908.73,44678.23,49037.32,32.16099999999278,22.970999999990454,9.190000000002328,0.4000696530410582
2026-08-14 06:04:00,20191.46,909.68,44677.93,49037.03,31.87099999999191,22.975999999991473,8.895000000000437,0.3871431058497449
2026-08-14 06:05:00,20191.83,909.82,44677.85,49037.1,31.940999999991618,22.98099999999249,8.959999999999127,0.38988729820295265
2026-08-14 06:06:00,20192.17,910.16,44677.91,49037.29,32.130999999993946,22.98099999999249,9.150000000001455,0.39815499760691203
2026-08-14 06:07:00,20192.32,911.12,44677.52,49037.01,31.85099999999511,22.98099999999249,8.87000000000262,0.3859710195381192
2026-08-14 06:08:00,20192.34,911.71,44677.16,49036.71,31.5509999999922,22.98599999999351,8.56499999999869,0.3726181153746241
2026-08-14 06:09:00,20192.84,911.3,44677.33,49037.06,31.900999999990745,22.99099999999453,8.909999999996217,0.38754295158968016
2026-08-14 06:10:00,20192.93,911.98,44677.54,49037.31,32.150999999990745,23.005999999993946,9.144999999996799,0.3975049986959578
2026-08-14 06:11:00,20192.58,913.57,44676.91,49036.61,31.450999999993655,23.020999999993364,8.430000000000291,0.3661873941185318
2026-08-14 06:12:00,20192.7,914.27,44676.5,49036.31,31.150999999990745,23.020999999993364,8.12999999999738,0.35315581425653636
2026-08-14 06:13:00,20192.56,915.36,44676.38,49036.15,30.99099999999453,23.020999999993364,7.970000000001164,0.3462056383303706
2026-08-14 06:14:00,20192.82,915.89,44676.36,49036.24,31.080999999991036,23.025999999994383,8.054999999996653,0.3498219404151228
2026-08-14 06:15:00,20193.13,915.95,44676.5,49036.5,31.340999999993073,23.0309999999954,8.309999999997672,0.36081802787544315
2026-08-14 06:16:00,20193.34,916.08,44676.35,49036.46,31.3009999999922,23.035999999992782,8.264999999999418,0.35878624761251987
2026-08-14 06:17:00,20194.13,916.32,44676.86,49037.27,32.11099999998987,23.040999999990163,9.069999999999709,0.3936461091100031
2026-08-14 06:18:00,20194.15,916.35,44676.71,49037.12,31.960999999995693,23.04599999999118,8.915000000004511,0.3868350256013157
2026-08-14 06:19:00,20193.65,917.13,44676.33,49036.58,31.42099999999482,23.0509999999922,8.37000000000262,0.36310789119801534
2026-08-14 06:20:00,20193.57,916.93,44676.46,49036.68,31.520999999993364,23.0509999999922,8.470000000001164,0.36744609778335124
2026-08-14 06:21:00,20193.93,916.98,44676.68,49037.04,31.880999999993946,23.0509999999922,8.830000000001746,0.3830636414908132
2026-08-14 06:22:00,20193.64,917.23,44676.61,49036.84,31.68099999998958,23.0509999999922,8.62999999999738,0.3743872283198256
2026-08-14 06:23:00,20193.42,917.57,44676.64,49036.79,31.630999999993946,23.0509999999922,8.580000000001746,0.3722181250273155
2026-08-14 06:24:00,20193.41,917.77,44676.64,49036.81,31.650999999990745,23.060999999994237,8.589999999996508,0.3724903516759314
2026-08-14 06:25:00,20194.0,918.15,44676.74,49037.13,31.970999999990454,23.070999999996275,8.89999999999418,0.38576567985764015
2026-08-14 06:26:00,20193.62,917.98,44676.52,49036.79,31.630999999993946,23.070999999996275,8.559999999997672,0.37102856399805184
2026-08-14 06:27:00,20193.59,917.57,44676.74,49036.97,31.810999999994237,23.070999999996275,8.739999999997963,0.3788305665120443
2026-08-14 06:28:00,20192.91,918.08,44676.61,49036.56,31.400999999990745,23.070999999996275,8.32999999999447,0.3610593385633833
2026-08-14 06:29:00,20193.32,918.13,44677.19,49037.28,32.12099999999191,23.070999999996275,9.049999999995634,0.39226734861935314
2026-08-14 06:30:00,20192.45,918.1,44677.26,49036.96,31.8009999999922,23.070999999996275,8.729999999995925,0.378397121927846
2026-08-14 06:31:00,20191.19,919.48,44676.9,49036.14,30.98099999999249,23.070999999996275,7.9099999999962165,0.3428546660308393
2026-08-14 06:32:00,20191.05,921.24,44676.72,49035.98,30.820999999996275,23.075999999993655,7.745000000002619,0.33563009187054726
2026-08-14 06:33:00,20190.32,922.66,44676.52,49035.51,30.35099999999511,23.080999999991036,7.2700000000040745,0.3149776872755469
2026-08-14 06:34:00,20189.34,923.48,44676.05,49034.71,29.5509999999922,23.085999999992055,6.4650000000001455,0.28003985099204587
2026-08-14 06:35:00,20188.89,924.41,44676.06,49034.57,29.410999999992782,23.090999999993073,6.319999999999709,0.27369970984373154
2026-08-14 06:36:00,20189.32,924.82,44676.41,49035.06,29.900999999990745,23.095999999994092,6.804999999996653,0.2946397644613091
2026-08-14 06:37:00,20189.46,925.44,44676.49,49035.21,30.0509999999922,23.10099999999511,6.94999999999709,0.30085277693600104
2026-08-14 06:38:00,20189.01,925.3,44676.33,49034.89,29.73099999999249,23.10099999999511,6.629999999997381,0.2870005627461488
2026-08-14 06:39:00,20188.23,924.33,44676.5,49034.72,29.560999999994237,23.10099999999511,6.459999999999127,0.2796415739578587
2026-08-14 06:40:00,20187.5,924.82,44677.0,49034.9,29.74099999999453,23.10099999999511,6.639999999999418,0.2874334444396703
2026-08-14 06:41:00,20186.01,925.59,44676.91,49034.2,29.040999999990163,23.10099999999511,5.939999999995052,0.25713172589915195
2026-08-14 06:42:00,20185.52,925.71,44677.38,49034.42,29.260999999991327,23.10099999999511,6.1599999999962165,0.26665512315473444
2026-08-14 06:43:00,20185.04,926.36,44677.12,49033.99,28.830999999991036,23.10099999999511,5.7299999999959255,0.24804121033709095
2026-08-14 06:44:00,20184.51,926.8,44677.12,49033.78,28.62099999999191,23.11099999999351,5.509999999998399,0.238414607762535
2026-08-14 06:45:00,20183.93,927.23,44677.1,49033.56,28.400999999990745,23.12099999999191,5.279999999998836,0.2283638250940999
2026-08-14 06:46:00,20183.11,927.86,44676.95,49033.09,27.93099999998958,23.12099999999191,4.809999999997672,0.2080359846027142
2026-08-14 06:47:00,20182.49,929.22,44676.6,49032.58,27.42099999999482,23.12099999999191,4.30000000000291,0.18597811513361945
2026-08-14 06:48:00,20182.66,929.34,44677.26,49033.19,28.0309999999954,23.125999999992928,4.905000000002474,0.21209893626238752
2026-08-14 06:49:00,20182.59,929.24,44677.54,49033.41,28.250999999996566,23.130999999993946,5.120000000002619,0.2213479745797397
2026-08-14 06:50:00,20182.14,929.57,44677.5,49033.19,28.0309999999954,23.130999999993946,4.900000000001455,0.21183692879697105
2026-08-14 06:51:00,20182.41,929.54,44677.97,49033.77,28.610999999989872,23.130999999993946,5.4799999999959255,0.2369115040420803
2026-08-14 06:52:00,20182.17,929.6,44678.19,49033.86,28.700999999993655,23.135999999994965,5.56499999999869,0.24053423236514096
2026-08-14 06:53:00,20181.56,930.11,44678.31,49033.71,28.5509999999922,23.140999999995984,5.4099999999962165,0.2337841925585392
2026-08-14 06:54:00,20181.57,930.39,44678.78,49034.16,29.000999999996566,23.145999999993364,5.855000000003201,0.25295947463945734
2026-08-14 06:55:00,20180.82,931.11,44678.39,49033.51,28.35099999999511,23.150999999990745,5.200000000004366,0.22461232776149817
2026-08-14 06:56:00,20180.39,931.91,44678.38,49033.35,28.190999999991618,23.155999999991764,5.0349999999998545,0.21743824494738492
2026-08-14 06:57:00,20180.12,932.31,44678.55,49033.43,28.270999999993364,23.160999999992782,5.110000000000582,0.22062950649808621
2026-08-14 06:58:00,20179.54,932.31,44678.75,49033.37,28.210999999995693,23.160999999992782,5.05000000000291,0.21803894477805294
2026-08-14 06:59:00,20179.18,933.06,44679.0,49033.44,28.2809999999954,23.160999999992782,5.120000000002619,0.22106126678486313
2026-08-14 07:00:00,20178.95,933.94,44678.75,49033.16,28.000999999996566,23.1659999999938,4.835000000002765,0.20871104204455057
2026-08-14 07:01:00,20178.88,934.27,44679.09,49033.41,28.250999999996566,23.17099999999482,5.080000000001746,0.21923956669987837
2026-08-14 07:02:00,20179.01,934.52,44679.39,49033.76,28.60099999999511,23.17099999999482,5.430000000000291,0.23434465495669177
2026-08-14 07:03:00,20178.93,934.96,44679.22,49033.58,28.42099999999482,23.17099999999482,5.25,0.22657632385314289
2026-08-14 07:04:00,20179.08,935.02,44679.55,49033.92,28.760999999991327,23.1759999999922,5.584999999999127,0.2409820503970058
2026-08-14 07:05:00,20179.07,935.31,44679.87,49034.21,29.0509999999922,23.18099999998958,5.870000000002619,0.2532246236143936
2026-08-14 07:06:00,20179.11,935.09,44679.84,49034.2,29.040999999990163,23.195999999992637,5.844999999997526,0.25198310053454825
2026-08-14 07:07:00,20179.2,935.13,44680.14,49034.54,29.380999999993946,23.210999999995693,6.169999999998254,0.26582223945540473
2026-08-14 07:08:00,20179.14,935.21,44680.33,49034.68,29.520999999993364,23.215999999993073,6.305000000000291,0.27157994486570347
2026-08-14 07:09:00,20178.81,936.32,44680.16,49034.39,29.23099999999249,23.220999999990454,6.010000000002037,0.2588174497224283
2026-08-14 07:10:00,20178.96,937.0,44680.03,49034.35,29.190999999991618,23.225999999991473,5.9650000000001455,0.25682424868691706
2026-08-14 07:11:00,20178.82,937.79,44679.7,49034.01,28.85099999999511,23.23099999999249,5.620000000002619,0.24191812664131704
2026-08-14 07:12:00,20178.98,938.87,44679.86,49034.23,29.070999999996275,23.23599999999351,5.835000000002765,0.25111895334844186
2026-08-14 07:13:00,20179.26,939.65,44679.64,49034.17,29.010999999991327,23.24099999999453,5.769999999996799,0.24826814680943837
2026-08-14 07:14:00,20179.76,938.89,44679.92,49034.62,29.460999999995693,23.24099999999453,6.220000000001164,0.2676304806162656
2026-08-14 07:15:00,20179.95,938.13,44680.44,49035.15,29.99099999999453,23.24099999999453,6.75,0.29043500709959075
2026-08-14 07:16:00,20179.96,938.11,44680.76,49035.45,30.290999999990163,23.245999999995547,7.044999999994616,0.3030628925404786
2026-08-14 07:17:00,20179.81,938.51,44680.78,49035.41,30.250999999996566,23.250999999996566,7.0,0.30106231990026383
2026-08-14 07:18:00,20179.65,938.91,44680.59,49035.18,30.020999999993364,23.265999999995984,6.754999999997381,0.2903378320295086
2026-08-14 07:19:00,20179.54,939.36,44680.36,49034.97,29.810999999994237,23.2809999999954,6.529999999998836,0.28048623340922324
2026-08-14 07:20:00,20180.12,939.7,44680.64,49035.45,30.290999999990163,23.2809999999954,7.009999999994761,0.30110390447129187
2026-08-14 07:21:00,20180.46,939.96,44680.37,49035.33,30.17099999999482,23.2809999999954,6.889999999999418,0.29594948670593096
2026-08-14 07:22:00,20180.63,939.59,44680.58,49035.59,30.43099999998958,23.285999999992782,7.144999999996799,0.3068367259297008
2026-08-14 07:23:00,20180.04,940.06,44680.57,49035.34,30.18099999998958,23.290999999990163,6.889999999999418,0.2958224206776149
2026-08-14 07:24:00,20180.24,940.52,44680.47,49035.34,30.18099999998958,23.29599999999118,6.884999999998399,0.29554429945059263
2026-08-14 07:25:00,20180.54,940.53,44680.45,49035.46,30.3009999999922,23.3009999999922,7.0,0.3004162911464033
2026-08-14 07:26:00,20180.74,940.31,44680.34,49035.46,30.3009999999922,23.3009999999922,7.0,0.3004162911464033
2026-08-14 07:27:00,20181.65,939.48,44680.97,49036.39,31.23099999999249,23.3009999999922,7.930000000000291,0.3403287412558665
2026-08-14 07:28:00,20181.95,939.55,44681.1,49036.61,31.450999999993655,23.3009999999922,8.150000000001455,0.3497703961205177
2026-08-14 07:29:00,20181.7,939.52,44680.87,49036.3,31.140999999995984,23.3009999999922,7.8400000000037835,0.33646624608413406
2026-08-14 07:30:00,20181.98,939.02,44681.04,49036.57,31.410999999992782,23.30599999999322,8.104999999999563,0.3477645241569519
2026-08-14 07:31:00,20181.85,939.2,44681.04,49036.53,31.37099999999191,23.310999999994237,8.059999999997672,0.3457595126764044
2026-08-14 07:32:00,20181.26,939.92,44680.78,49036.06,30.900999999990745,23.320999999992637,7.579999999998108,0.32502894387035297
2026-08-14 07:33:00,20181.62,940.26,44681.09,49036.52,31.360999999989872,23.330999999991036,8.029999999998836,0.34417727487042654
2026-08-14 07:34:00,20181.09,940.95,44680.8,49036.02,30.860999999989872,23.335999999992055,7.524999999997817,0.32246314706892265
2026-08-14 07:35:00,20181.93,941.03,44681.16,49036.7,31.540999999990163,23.340999999993073,8.19999999999709,0.3513131399682757
2026-08-14 07:36:00,20182.05,940.57,44681.22,49036.79,31.630999999993946,23.340999999993073,8.290000000000873,0.3551690158949202
2026-08-14 07:37:00,20182.0,940.49,44681.41,49036.95,31.790999999990163,23.340999999993073,8.44999999999709,0.3620239064307269
2026-08-14 07:38:00,20181.85,940.51,44681.3,49036.77,31.610999999989872,23.345999999994092,8.26499999999578,0.35402210228723857
2026-08-14 07:39:00,20181.09,941.04,44680.99,49036.21,31.0509999999922,23.35099999999511,7.69999999999709,0.3297503318915122
2026-08-14 07:40:00,20181.03,941.41,44680.98,49036.17,31.010999999991327,23.35099999999511,7.6599999999962165,0.32803734315437544
2026-08-14 07:41:00,20181.14,941.83,44680.88,49036.14,30.98099999999249,23.35099999999511,7.629999999997381,0.3267526016016007
2026-08-14 07:42:00,20181.67,941.52,44680.91,49036.37,31.210999999995693,23.35599999999249,7.855000000003201,0.3363161500259345
2026-08-14 07:43:00,20181.83,940.99,44680.97,49036.48,31.320999999996275,23.360999999989872,7.960000000006403,0.34073883823508644
2026-08-14 07:44:00,20182.0,940.43,44681.33,49036.87,31.710999999995693,23.360999999989872,8.35000000000582,0.35743332905309877
2026-08-14 07:45:00,20181.38,940.57,44681.22,49036.52,31.360999999989872,23.360999999989872,8.0,0.342451093703329
2026-08-14 07:46:00,20181.08,940.51,44681.12,49036.32,31.160999999992782,23.36599999999089,7.795000000001892,0.33360438243622914
2026-08-14 07:47:00,20181.37,941.01,44681.3,49036.62,31.460999999995693,23.37099999999191,8.090000000003783,0.3461554918491543
2026-08-14 07:48:00,20181.31,941.16,44681.37,49036.64,31.48099999999249,23.37099999999191,8.110000000000582,0.3470112532627354
2026-08-14 07:49:00,20181.04,941.39,44680.78,49036.02,30.860999999989872,23.37099999999191,7.489999999997963,0.32048264943736066
2026-08-14 07:50:00,20181.19,940.87,44680.83,49036.12,30.960999999995693,23.37099999999191,7.5900000000037835,0.3247614565062005
2026-08-14 07:51:00,20181.09,941.45,44680.77,49036.03,30.87099999999191,23.37099999999191,7.5,0.32091053014430687
2026-08-14 07:52:00,20180.82,942.06,44680.53,49035.72,30.560999999994237,23.37099999999191,7.190000000002328,0.3076462282317752
2026-08-14 07:53:00,20180.88,941.68,44680.77,49035.95,30.790999999990163,23.37099999999191,7.419999999998254,0.3174874844893596
2026-08-14 07:54:00,20180.54,942.1,44680.79,49035.84,30.68099999998958,23.390999999992346,7.289999999997235,0.3116583301269557
2026-08-14 07:55:00,20180.17,942.41,44680.57,49035.5,30.340999999993073,23.410999999992782,6.930000000000291,0.29601469394739344
2026-08-14 07:56:00,20179.9,942.5,44680.11,49034.97,29.810999999994237,23.4159999999938,6.395000000000437,0.2731038606082221
2026-08-14 07:57:00,20180.0,942.5,44680.2,49035.13,29.970999999990454,23.42099999999482,6.549999999995634,0.27966354980560537
2026-08-14 07:58:00,20179.87,942.57,44680.34,49035.18,30.020999999993364,23.4259999999922,6.595000000001164,0.2815248015027474
2026-08-14 07:59:00,20179.36,942.74,44680.1,49034.74,29.580999999991036,23.43099999998958,6.150000000001455,0.2624727924546195
2026-08-14 08:00:00,20179.37,942.84,44679.97,49034.63,29.470999999990454,23.4359999999906,6.0349999999998545,0.25750981396152395
2026-08-14 08:01:00,20179.35,943.3,44680.02,49034.68,29.520999999993364,23.440999999991618,6.080000000001746,0.25937460005989166
2026-08-14 08:02:00,20178.99,944.02,44679.88,49034.43,29.270999999993364,23.440999999991618,5.830000000001746,0.24870952604427418
2026-08-14 08:03:00,20178.36,944.38,44679.78,49034.09,28.93099999998958,23.440999999991618,5.489999999997963,0.234205025382873
2026-08-14 08:04:00,20177.89,944.56,44679.55,49033.66,28.500999999996566,23.445999999992637,5.055000000003929,0.21560180841105164
2026-08-14 08:05:00,20177.71,944.54,44679.59,49033.64,28.48099999999249,23.450999999993655,5.029999999998836,0.21448978721590536
2026-08-14 08:06:00,20177.73,944.36,44679.83,49033.84,28.68099999998958,23.460999999992055,5.219999999997526,0.22249690976511205
2026-08-14 08:07:00,20177.48,943.96,44679.8,49033.71,28.5509999999922,23.470999999990454,5.080000000001746,0.2164373056113422
2026-08-14 08:08:00,20176.63,943.74,44679.78,49033.35,28.190999999991618,23.48099999999249,4.709999999999127,0.20058770921173005
2026-08-14 08:09:00,20176.2,944.01,44679.93,49033.3,28.140999999995984,23.49099999999453,4.650000000001455,0.19794815035556335
2026-08-14 08:10:00,20175.77,944.04,44679.76,49032.98,27.820999999996275,23.505999999993946,4.315000000002328,0.18357015230168636
2026-08-14 08:11:00,20175.41,943.44,44679.91,49032.95,27.790999999990163,23.520999999993364,4.269999999996799,0.181539900514349
2026-08-14 08:12:00,20175.47,942.91,44680.3,49033.32,28.160999999992782,23.520999999993364,4.639999999999418,0.19727052421243685
2026-08-14 08:13:00,20175.04,942.65,44680.32,49033.17,28.010999999991327,23.520999999993364,4.489999999997963,0.19089324433481694
2026-08-14 08:14:00,20174.8,942.48,44680.39,49033.13,27.970999999990454,23.525999999994383,4.444999999996071,0.18893989628483943
2026-08-14 08:15:00,20174.19,942.04,44680.25,49032.74,27.580999999991036,23.5309999999954,4.049999999995634,0.1721133823465397
2026-08-14 08:16:00,20173.71,942.36,44680.49,49032.77,27.610999999989872,23.535999999992782,4.07499999999709,0.1731390210740287
2026-08-14 08:17:00,20172.71,942.58,44680.11,49032.02,26.860999999989872,23.540999999990163,3.319999999999709,0.14103054245788607
2026-08-14 08:18:00,20172.03,943.54,44679.75,49031.43,26.270999999993364,23.54599999999118,2.725000000002183,0.11573090970879145
2026-08-14 08:19:00,20171.81,944.27,44679.56,49031.17,26.010999999991327,23.5509999999922,2.459999999999127,0.10445416330516503
2026-08-14 08:20:00,20172.14,943.82,44679.49,49031.24,26.080999999991036,23.565999999991618,2.514999999999418,0.10672154799288434
2026-08-14 08:21:00,20171.91,943.72,44679.43,49031.08,25.92099999999482,23.580999999991036,2.3400000000037835,0.0992324328910849
2026-08-14 08:22:00,20171.21,943.92,44679.24,49030.65,25.49099999999453,23.60599999999249,1.8850000000020373,0.07985257985269155
2026-08-14 08:23:00,20170.91,943.9,44679.26,49030.55,25.390999999995984,23.630999999993946,1.7600000000020373,0.0744784393382628
2026-08-14 08:24:00,20170.07,944.56,44678.99,49029.97,24.810999999994237,23.645999999993364,1.1650000000008731,0.049268375200930394
2026-08-14 08:25:00,20169.47,944.67,44678.68,49029.44,24.2809999999954,23.660999999992782,0.6200000000026193,0.02620345716591896
2026-08-14 08:26:00,20169.22,944.38,44678.89,49029.53,24.37099999999191,23.660999999992782,0.7099999999991269,0.030007184818872552
2026-08-14 08:27:00,20169.72,943.85,44679.01,49029.84,24.68099999998958,23.660999999992782,1.0199999999967986,0.04310891340167828
2026-08-14 08:28:00,20170.33,943.11,44679.25,49030.29,25.130999999993946,23.67099999999118,1.4600000000027649,0.06167884753509817
2026-08-14 08:29:00,20170.42,942.67,44679.47,49030.5,25.340999999993073,23.68099999998958,1.6600000000034925,0.0700983911154184
2026-08-14 08:30:00,20169.53,943.1,44678.74,49029.49,24.330999999991036,23.705999999991036,0.625,0.02636463342614681
2026-08-14 08:31:00,20169.69,943.15,44678.77,49029.59,24.43099999998958,23.73099999999249,0.6999999999970896,0.029497282036041933
2026-08-14 08:32:00,20170.1,942.85,44679.12,49030.07,24.910999999992782,23.74099999999453,1.1699999999982538,0.04928183311564481
2026-08-14 08:33:00,20170.07,942.76,44678.87,49029.84,24.68099999998958,23.750999999996566,0.9299999999930151,0.03915624605250935
2026-08-14 08:34:00,20169.95,942.79,44678.61,49029.54,24.380999999993946,23.755999999993946,0.625,0.026309142953365856
2026-08-14 08:35:00,20170.46,942.55,44678.88,49029.98,24.820999999996275,23.760999999991327,1.0600000000049477,0.04461091704917026
2026-08-14 08:36:00,20170.46,942.34,44678.79,49029.9,24.74099999999453,23.765999999992346,0.9750000000021828,0.04102499368856757
2026-08-14 08:37:00,20169.99,942.09,44678.67,49029.59,24.43099999998958,23.770999999993364,0.6599999999962165,0.02776492364630856
2026-08-14 08:38:00,20169.85,941.48,44678.68,49029.52,24.360999999989872,23.770999999993364,0.5899999999965075,0.024820159017149984
2026-08-14 08:39:00,20170.11,941.0,44678.83,49029.76,24.60099999999511,23.770999999993364,0.8300000000017462,0.034916494888813175
2026-08-14 08:40:00,20170.24,940.6,44678.59,49029.6,24.440999999991618,23.785999999992782,0.6549999999988358,0.027537206760238568
2026-08-14 08:41:00,20170.21,940.12,44678.8,49029.77,24.610999999989872,23.8009999999922,0.8099999999976717,0.0340321835216141
2026-08-14 08:42:00,20169.79,939.88,44678.44,49029.26,24.10099999999511,23.8009999999922,0.3000000000029104,0.01260451241557114
2026-08-14 08:43:00,20170.08,939.74,44678.49,49029.41,24.250999999996566,23.8009999999922,0.4500000000043656,0.01890676862335671
2026-08-14 08:44:00,20170.26,939.22,44678.46,49029.47,24.310999999994237,23.810999999994237,0.5,0.020998698080724076
2026-08-14 08:45:00,20170.02,938.96,44678.35,49029.25,24.090999999993073,23.820999999996275,0.2699999999967986,0.011334536753152295
2026-08-14 08:46:00,20170.47,938.0,44678.39,49029.48,24.320999999996275,23.830999999994674,0.4900000000016007,0.020561453568952635
2026-08-14 08:47:00,20171.39,937.7,44678.74,49030.16,25.000999999996566,23.840999999993073,1.1600000000034925,0.04865567719490917
2026-08-14 08:48:00,20171.68,936.62,44678.78,49030.27,25.110999999989872,23.845999999994092,1.26499999999578,0.05304872934647712
2026-08-14 08:49:00,20171.59,935.6,44678.52,49029.98,24.820999999996275,23.85099999999511,0.9700000000011642,0.0406691543332088
2026-08-14 08:50:00,20172.12,935.0,44678.85,49030.49,25.330999999991036,23.85599999999249,1.4749999999985448,0.06182930918842258
2026-08-14 08:51:00,20172.22,934.45,44679.08,49030.73,25.570999999996275,23.860999999989872,1.7100000000064028,0.07166506014027613
2026-08-14 08:52:00,20171.83,933.6,44679.04,49030.53,25.37099999999191,23.87099999999191,1.5,0.06283775292197681
2026-08-14 08:53:00,20171.06,932.76,44679.07,49030.25,25.090999999993073,23.880999999993946,1.2099999999991269,0.05066789497924851
2026-08-14 08:54:00,20170.74,932.34,44679.24,49030.23,25.070999999996275,23.880999999993946,1.1900000000023283,0.04983040911195637
2026-08-14 08:55:00,20170.05,932.44,44678.97,49029.7,24.540999999990163,23.880999999993946,0.6599999999962165,0.027637033624906153
2026-08-14 08:56:00,20168.97,932.68,44678.72,49029.04,23.880999999993946,23.885999999994965,-0.005000000001018634,0.0002093276396642254
2026-08-14 08:57:00,20168.91,933.05,44678.69,49028.98,23.820999999996275,23.890999999995984,-0.06999999999970896,0.0029299736302256384
2026-08-14 08:58:00,20169.56,932.22,44678.79,49029.34,24.18099999998958,23.9059999999954,0.27499999999417923,0.011503388270485741
2026-08-14 08:59:00,20169.66,931.37,44679.26,49029.78,24.62099999999191,23.92099999999482,0.6999999999970896,0.029262990677531926
2026-08-14 09:00:00,20169.1,930.84,44679.11,49029.41,24.250999999996566,23.940999999995256,0.3100000000013097,0.012948498391937308
2026-08-14 09:01:00,20168.58,930.32,44679.23,49029.3,24.140999999995984,23.960999999995693,0.18000000000029104,0.0075122073369359955
2026-08-14 09:02:00,20167.96,930.69,44679.31,49029.12,23.960999999995693,23.965999999993073,-0.004999999997380655,0.00020862889081958193
2026-08-14 09:03:00,20167.47,930.62,44679.21,49028.82,23.660999999992782,23.970999999990454,-0.3099999999976717,0.012932293187509705
2026-08-14 09:04:00,20166.87,930.58,44678.89,49028.29,23.130999999993946,23.98099999999249,-0.8499999999985448,0.035444727075551935
2026-08-14 09:05:00,20166.64,930.74,44679.02,49028.33,23.17099999999482,23.99099999999453,-0.819999999999709,0.034179483973152264
2026-08-14 09:06:00,20166.46,930.67,44678.94,49028.19,23.0309999999954,24.000999999992928,-0.9699999999975262,0.04041498270896263
2026-08-14 09:07:00,20166.22,930.6,44678.99,49028.12,22.960999999995693,24.010999999991327,-1.0499999999956344,0.04372995710282844
2026-08-14 09:08:00,20165.67,931.12,44678.72,49027.68,22.520999999993364,24.030999999991764,-1.5099999999983993,0.06283550414044013
2026-08-14 09:09:00,20165.36,931.23,44678.49,49027.37,22.210999999995693,24.0509999999922,-1.8399999999965075,0.07650409546368568
2026-08-14 09:10:00,20165.19,930.76,44678.63,49027.4,22.24099999999453,24.05599999999322,-1.8149999999986903,0.07544895244426347
2026-08-14 09:11:00,20165.03,930.18,44678.86,49027.53,22.37099999999191,24.060999999994237,-1.6900000000023283,0.07023814471562832
2026-08-14 09:12:00,20164.8,929.93,44678.74,49027.32,22.160999999992782,24.075999999993655,-1.9150000000008731,0.07953979066295803
2026-08-14 09:13:00,20164.44,929.61,44678.62,49027.04,21.880999999993946,24.090999999993073,-2.209999999999127,0.09173550288488491
2026-08-14 09:14:00,20164.14,929.51,44678.75,49027.05,21.890999999995984,24.090999999993073,-2.1999999999970896,0.0913204101115654
2026-08-14 09:15:00,20163.68,929.6,44678.82,49026.94,21.7809999999954,24.090999999993073,-2.3099999999976717,0.09588643061717388
2026-08-14 09:16:00,20164.08,928.69,44679.23,49027.45,22.290999999990163,24.095999999994092,-1.805000000003929,0.07490869853935805
2026-08-14 09:17:00,20163.1,928.5,44679.23,49027.04,21.880999999993946,24.10099999999511,-2.220000000001164,0.0921123604830345
2026-08-14 09:18:00,20161.72,928.75,44678.81,49026.12,20.960999999995693,24.120999999995547,-3.1599999999998545,0.13100617719001856
2026-08-14 09:19:00,20160.73,928.65,44678.7,49025.6,20.440999999991618,24.140999999995984,-3.7000000000043656,0.15326622757984265
2026-08-14 09:20:00,20159.85,928.5,44678.73,49025.27,20.110999999989872,24.140999999995984,-4.030000000006112,0.16693591814783076
2026-08-14 09:21:00,20159.31,928.41,44678.75,49025.09,19.93099999998958,24.140999999995984,-4.210000000006403,0.17439211300306962
2026-08-14 09:22:00,20159.33,927.93,44679.02,49025.34,20.18099999998958,24.140999999995984,-3.960000000006403,0.16403628681525462
2026-08-14 09:23:00,20158.85,927.35,44678.8,49024.93,19.770999999993364,24.140999999995984,-4.370000000002619,0.18101984176311448
2026-08-14 09:24:00,20158.77,926.69,44678.83,49024.92,19.760999999991327,24.160999999992782,-4.400000000001455,0.1821116675635433
2026-08-14 09:25:00,20158.55,925.9,44678.85,49024.83,19.67099999999482,24.18099999998958,-4.509999999994761,0.18651006988944646
2026-08-14 09:26:00,20158.36,925.65,44678.89,49024.78,19.62099999999191,24.18099999998958,-4.559999999997672,0.18857780902359855
2026-08-14 09:27:00,20158.37,925.15,44678.92,49024.81,19.650999999990745,24.18099999998958,-4.529999999998836,0.18733716554322766
2026-08-14 09:28:00,20158.04,925.07,44679.1,49024.82,19.660999999992782,24.200999999990017,-4.539999999997235,0.18759555390269442
2026-08-14 09:29:00,20157.14,925.09,44678.71,49024.09,18.93099999998958,24.220999999990454,-5.290000000000873,0.21840551587477636
2026-08-14 09:30:00,20157.26,924.35,44678.61,49024.05,18.890999999995984,24.220999999990454,-5.32999999999447,0.22005697535182572
2026-08-14 09:31:00,20157.44,923.86,44678.69,49024.18,19.020999999993364,24.220999999990454,-5.19999999999709,0.21468973205066427
2026-08-14 09:32:00,20156.93,923.57,44678.38,49023.69,18.5309999999954,24.23599999999351,-5.704999999998108,0.2353936293117526
2026-08-14 09:33:00,20157.23,922.97,44678.71,49024.11,18.950999999993655,24.250999999996566,-5.30000000000291,0.21854768875525385
2026-08-14 09:34:00,20157.09,922.52,44678.44,49023.79,18.630999999993946,24.250999999996566,-5.620000000002619,0.2317430209064952
2026-08-14 09:35:00,20157.22,922.16,44678.41,49023.82,18.660999999992782,24.250999999996566,-5.5900000000037835,0.23050595851736322
2026-08-14 09:36:00,20157.39,921.27,44678.4,49023.86,18.700999999993655,24.255999999993946,-5.555000000000291,0.22901550131933038
2026-08-14 09:37:00,20157.46,920.74,44678.26,49023.74,18.580999999991036,24.260999999991327,-5.680000000000291,0.23412060508644827
2026-08-14 09:38:00,20157.35,919.79,44678.12,49023.57,18.410999999992782,24.260999999991327,-5.849999999998545,0.241127735872414
2026-08-14 09:39:00,20157.0,918.66,44678.23,49023.5,18.340999999993073,24.260999999991327,-5.919999999998254,0.24401302501959402
2026-08-14 09:40:00,20156.37,917.84,44678.3,49023.28,18.12099999999191,24.265999999992346,-6.145000000000437,0.253234978983037
2026-08-14 09:41:00,20155.73,917.86,44677.97,49022.72,17.560999999994237,24.270999999993364,-6.709999999999127,0.2764616208644457
2026-08-14 09:42:00,20154.91,918.12,44677.84,49022.27,17.110999999989872,24.275999999994383,-7.165000000004511,0.2951474707532612
2026-08-14 09:43:00,20153.72,917.99,44677.4,49021.38,16.220999999990454,24.2809999999954,-8.060000000004948,0.3319467896712028
2026-08-14 09:44:00,20152.83,918.15,44677.04,49020.72,15.560999999994237,24.29599999999482,-8.735000000000582,0.3595242015147532
2026-08-14 09:45:00,20152.24,918.17,44676.72,49020.17,15.010999999991327,24.310999999994237,-9.30000000000291,0.38254288182325347
2026-08-14 09:46:00,20152.07,918.25,44676.64,49020.03,14.87099999999191,24.315999999995256,-9.445000000003347,0.3884273729233916
2026-08-14 09:47:00,20151.9,918.62,44676.1,49019.49,14.330999999991036,24.320999999996275,-9.990000000005239,0.41075613667229016
2026-08-14 09:48:00,20151.74,918.63,44675.66,49019.01,13.85099999999511,24.325999999993655,-10.474999999998545,0.43060922469790663
2026-08-14 09:49:00,20152.55,918.62,44675.65,49019.33,14.17099999999482,24.330999999991036,-10.159999999996217,0.4175742879454178
2026-08-14 09:50:00,20152.72,918.6,44675.05,49018.85,13.690999999991618,24.335999999992055,-10.645000000000437,0.4374178172256703
2026-08-14 09:51:00,20153.55,918.5,44674.7,49018.87,13.710999999995693,24.340999999993073,-10.62999999999738,0.4367117209646442
2026-08-14 09:52:00,20154.04,918.36,44674.41,49018.8,13.640999999995984,24.350999999991473,-10.709999999995489,0.43981766662556937
2026-08-14 09:53:00,20155.23,917.4,44674.34,49019.21,14.0509999999922,24.360999999989872,-10.309999999997672,0.42321743770789205
2026-08-14 09:54:00,20157.23,916.07,44674.58,49020.23,15.070999999996275,24.36599999999089,-9.294999999994616,0.3814741853401498
2026-08-14 09:55:00,20156.99,915.8,44673.85,49019.45,14.290999999990163,24.37099999999191,-10.080000000001746,0.4136063353988385
2026-08-14 09:56:00,20157.0,914.9,44673.52,49019.14,13.980999999992491,24.37099999999191,-10.389999999999418,0.4263263715072368
2026-08-14 09:57:00,20157.0,913.88,44673.47,49019.09,13.93099999998958,24.37099999999191,-10.440000000002328,0.4283779902345326
2026-08-14 09:58:00,20156.78,913.48,44673.62,49019.11,13.950999999993655,24.37099999999191,-10.419999999998254,0.42755734274349483
2026-08-14 09:59:00,20156.28,913.35,44673.22,49018.55,13.390999999995984,24.37099999999191,-10.979999999995925,0.45053547248777526
2026-08-14 10:00:00,20155.92,913.48,44672.87,49018.08,12.92099999999482,24.375999999992928,-11.454999999998108,0.4699294387923134
2026-08-14 10:01:00,20156.89,913.13,44672.9,49018.51,13.35099999999511,24.380999999993946,-11.029999999998836,0.4524014601534627
2026-08-14 10:02:00,20156.02,913.64,44672.31,49017.61,12.450999999993655,24.395999999993364,-11.944999999999709,0.48962944745052295
2026-08-14 10:03:00,20156.05,913.39,44672.13,49017.45,12.290999999990163,24.410999999992782,-12.12000000000262,0.4964974806442261
2026-08-14 10:04:00,20155.45,914.22,44671.51,49016.68,11.520999999993364,24.410999999992782,-12.889999999999418,0.5280406374176899
2026-08-14 10:05:00,20155.66,914.53,44671.05,49016.33,11.17099999999482,24.410999999992782,-13.239999999997963,0.5423784359510826
2026-08-14 10:06:00,20155.66,914.25,44670.64,49015.96,10.8009999999922,24.42099999999118,-13.619999999998981,0.557716719217227
2026-08-14 10:07:00,20156.81,913.5,44670.93,49016.69,11.530999999995402,24.43099999998958,-12.89999999999418,0.5280176824526086
2026-08-14 10:08:00,20156.87,913.03,44670.7,49016.49,11.330999999991036,24.43099999998958,-13.099999999998545,0.5362040031109709
2026-08-14 10:09:00,20156.63,912.91,44670.52,49016.23,11.070999999996275,24.43099999998958,-13.359999999993306,0.5468462199663953
2026-08-14 10:10:00,20156.82,912.45,44670.13,49015.95,10.790999999990163,24.4359999999906,-13.645000000000437,0.558397446390804
2026-08-14 10:11:00,20157.64,911.47,44670.19,49016.33,11.17099999999482,24.440999999991618,-13.269999999996799,0.5429401415654576
2026-08-14 10:12:00,20157.57,911.48,44670.03,49016.15,10.990999999994528,24.450999999993655,-13.459999999999127,0.5504887325672823
2026-08-14 10:13:00,20158.05,911.28,44669.57,49015.93,10.770999999993364,24.460999999995693,-13.690000000002328,0.5596664077513077
2026-08-14 10:14:00,20158.7,910.92,44669.34,49015.98,10.820999999996275,24.465999999993073,-13.644999999996799,0.5577127442164908
2026-08-14 10:15:00,20158.92,910.39,44669.05,49015.78,10.62099999999191,24.470999999990454,-13.849999999998545,0.5659760532877262
2026-08-14 10:16:00,20159.33,910.08,44668.75,49015.68,10.520999999993364,24.48099999999249,-13.959999999999127,0.5702381438668114
2026-08-14 10:17:00,20159.57,909.39,44668.74,49015.76,10.60099999999511,24.49099999999453,-13.889999999999418,0.5671471152669356
2026-08-14 10:18:00,20159.87,908.54,44668.59,49015.74,10.580999999991036,24.515999999992346,-13.93500000000131,0.5684043073913224
2026-08-14 10:19:00,20160.53,907.66,44668.59,49015.99,10.830999999991036,24.540999999990163,-13.709999999999127,0.5586569414451172
2026-08-14 10:20:00,20161.27,906.88,44668.55,49016.24,11.080999999991036,24.565999999991618,-13.485000000000582,0.5489294146383287
2026-08-14 10:21:00,20161.49,906.06,44668.32,49016.1,10.940999999991618,24.590999999993073,-13.650000000001455,0.5550811272418893
2026-08-14 10:22:00,20161.81,905.23,44668.23,49016.14,10.980999999992491,24.595999999994092,-13.6150000000016,0.553545291917583
2026-08-14 10:23:00,20162.06,904.51,44668.09,49016.11,10.950999999993655,24.60099999999511,-13.650000000001455,0.5548554936792882
2026-08-14 10:24:00,20162.46,903.78,44667.92,49016.1,10.940999999991618,24.60599999999249,-13.665000000000873,0.5553523530848185
2026-08-14 10:25:00,20162.16,903.2,44667.53,49015.61,10.450999999993655,24.610999999989872,-14.159999999996217,0.5753524846614133
2026-08-14 10:26:00,20162.26,902.71,44667.47,49015.59,10.43099999998958,24.610999999989872,-14.180000000000291,0.5761651294139257
2026-08-14 10:27:00,20162.42,901.93,44667.47,49015.64,10.480999999992491,24.610999999989872,-14.12999999999738,0.5741335175329404
2026-08-14 10:28:00,20162.06,901.38,44666.98,49015.04,9.880999999993946,24.61599999999089,-14.734999999996944,0.5985944101398439
2026-08-14 10:29:00,20162.32,900.4,44666.99,49015.14,9.980999999992491,24.62099999999191,-14.639999999999418,0.5946143536007567
2026-08-14 10:30:00,20162.97,899.37,44667.54,49015.88,10.720999999990454,24.635999999991327,-13.915000000000873,0.5648238350383898
2026-08-14 10:31:00,20162.26,898.82,44667.08,49015.16,10.000999999996566,24.650999999990745,-14.64999999999418,0.5942963774288945
2026-08-14 10:32:00,20161.34,898.88,44666.27,49014.06,8.900999999990745,24.655999999991764,-15.755000000001019,0.6389925373136877
2026-08-14 10:33:00,20161.83,898.15,44666.63,49014.56,9.400999999990745,24.660999999992782,-15.260000000002037,0.618790803292912
2026-08-14 10:34:00,20160.99,898.02,44666.23,49013.85,8.690999999991618,24.6659999999938,-15.975000000002183,0.6476526392607718
2026-08-14 10:35:00,20160.11,898.06,44665.75,49013.06,7.900999999990745,24.67099999999482,-16.770000000004075,0.6797454501239348
2026-08-14 10:36:00,20160.31,897.58,44665.84,49013.22,8.060999999994237,24.6759999999922,-16.614999999997963,0.673326308964306
2026-08-14 10:37:00,20160.14,897.26,44665.68,49013.01,7.850999999995111,24.68099999998958,-16.82999999999447,0.6819010574936823
2026-08-14 10:38:00,20160.31,896.71,44665.51,49012.9,7.7409999999945285,24.68099999998958,-16.939999999995052,0.6863579271505289
2026-08-14 10:39:00,20158.67,897.22,44664.97,49011.75,6.590999999993073,24.68099999998958,-18.089999999996508,0.7329524735628274
2026-08-14 10:40:00,20157.4,897.8,44664.47,49010.8,5.640999999995984,24.68099999998958,-19.039999999993597,0.7714436205989075
2026-08-14 10:41:00,20157.7,897.6,44664.18,49010.64,5.480999999992491,24.68099999998958,-19.19999999999709,0.7779263400998823
2026-08-14 10:42:00,20157.02,897.89,44663.92,49010.13,4.970999999990454,24.68099999998958,-19.709999999999127,0.7985900085088711
2026-08-14 10:43:00,20156.23,897.98,44663.57,49009.5,4.340999999993073,24.68099999998958,-20.339999999996508,0.8241157165432962
2026-08-14 10:44:00,20156.86,897.3,44663.53,49009.71,4.5509999999922,24.690999999991618,-20.139999999999418,0.8156818273867504
2026-08-14 10:45:00,20156.9,896.71,44663.3,49009.5,4.340999999993073,24.700999999993655,-20.360000000000582,0.8242581272015632
2026-08-14 10:46:00,20156.44,896.5,44663.24,49009.26,4.100999999995111,24.715999999993073,-20.614999999997963,0.8340750930572803
2026-08-14 10:47:00,20156.76,896.07,44662.96,49009.13,3.970999999990454,24.73099999999249,-20.760000000002037,0.8394322914564045
2026-08-14 10:48:00,20157.32,894.99,44662.9,49009.28,4.120999999991909,24.73599999999351,-20.6150000000016,0.8334007115138669
2026-08-14 10:49:00,20157.07,894.85,44662.65,49008.94,3.7809999999954016,24.74099999999453,-20.959999999999127,0.8471767511419814
2026-08-14 10:50:00,20157.47,894.35,44662.48,49008.95,3.790999999990163,24.755999999993946,-20.965000000003783,0.8468654063664934
2026-08-14 10:51:00,20158.11,893.73,44662.47,49009.19,4.030999999995402,24.770999999993364,-20.739999999997963,0.8372693875904694
2026-08-14 10:52:00,20157.88,893.46,44662.22,49008.86,3.7009999999936554,24.785999999992782,-21.084999999999127,0.850681836520829
2026-08-14 10:53:00,20156.18,893.42,44661.62,49007.62,2.4609999999956926,24.8009999999922,-22.339999999996508,0.9007701302368265
2026-08-14 10:54:00,20154.23,894.24,44661.16,49006.41,1.2509999999965657,24.80599999999322,-23.554999999996653,0.9495686527454282
2026-08-14 10:55:00,20154.49,894.09,44661.35,49006.7,1.540999999990163,24.810999999994237,-23.270000000004075,0.937890451816109
2026-08-14 10:56:00,20153.32,894.35,44661.03,49005.95,0.7909999999901629,24.815999999995256,-24.025000000005093,0.9681254029662189
2026-08-14 10:57:00,20153.6,893.98,44660.62,49005.69,0.5309999999954016,24.820999999996275,-24.290000000000873,0.9786068248662229
2026-08-14 10:58:00,20153.73,893.7,44660.32,49005.47,0.31099999999423744,24.820999999996275,-24.510000000002037,0.9874702872569887
2026-08-14 10:59:00,20154.38,893.23,44660.51,49005.89,0.7309999999924912,24.820999999996275,-24.090000000003783,0.9705491317838685
2026-08-14 11:00:00,20154.49,893.34,44660.23,49005.69,0.5309999999954016,24.830999999994674,-24.299999999999272,0.9786154403771288
2026-08-14 11:01:00,20154.54,892.74,44660.09,49005.57,0.41099999999278225,24.840999999993073,-24.43000000000029,0.9834547723524457
2026-08-14 11:02:00,20155.52,892.15,44659.98,49005.85,0.6909999999916181,24.850999999991473,-24.159999999999854,0.9721942778965894
2026-08-14 11:03:00,20156.22,891.28,44660.0,49006.14,0.9809999999924912,24.860999999989872,-23.87999999999738,0.9605406057683564
2026-08-14 11:04:00,20156.87,890.38,44660.03,49006.42,1.260999999991327,24.87099999999191,-23.610000000000582,0.9492983796392691
2026-08-14 11:05:00,20156.6,890.12,44659.83,49006.11,0.9509999999936554,24.880999999993946,-23.93000000000029,0.9617780635828991
2026-08-14 11:06:00,20155.69,890.3,44659.67,49005.61,0.45099999999365536,24.885999999994965,-24.43500000000131,0.98187736076534
2026-08-14 11:07:00,20156.27,889.97,44659.62,49005.8,0.6409999999959837,24.890999999995984,-24.25,0.9742477200596165
2026-08-14 11:08:00,20156.11,890.33,44659.14,49005.28,0.12099999999190914,24.900999999994383,-24.780000000002474,0.995140757399625
2026-08-14 11:09:00,20155.86,890.42,44658.88,49004.97,0.1,24.910999999992782,-24.81099999999278,0.9959857091244819
2026-08-14 11:10:00,20157.08,889.44,44658.86,49005.43,0.2709999999933643,24.9159999999938,-24.645000000000437,0.989123454808419
2026-08-14 11:11:00,20156.73,889.77,44658.74,49005.19,0.1,24.92099999999482,-24.820999999994818,0.995987319930981
2026-08-14 11:12:00,20156.5,889.64,44658.31,49004.71,0.1,24.9259999999922,-24.8259999999922,0.9959881248495533
2026-08-14 11:13:00,20158.05,888.71,44658.4,49005.4,0.24099999999452848,24.93099999998958,-24.689999999995052,0.9903333199633135
2026-08-14 11:14:00,20158.79,888.07,44658.58,49005.86,0.7009999999936554,24.940999999991618,-24.239999999997963,0.9718936690592241
2026-08-14 11:15:00,20158.74,888.02,44658.61,49005.86,0.7009999999936554,24.950999999993655,-24.25,0.9719049336702403
2026-08-14 11:16:00,20158.77,888.06,44658.54,49005.81,0.650999999990745,24.960999999992055,-24.31000000000131,0.9739193141304053
2026-08-14 11:17:00,20158.17,888.52,44658.43,49005.47,0.31099999999423744,24.970999999990454,-24.659999999996217,0.9875455528415219
2026-08-14 11:18:00,20158.22,888.07,44658.1,49005.18,0.1,24.98599999999351,-24.88599999999351,0.995997758744896
2026-08-14 11:19:00,20159.09,887.42,44658.11,49005.53,0.37099999999190914,25.000999999996566,-24.630000000004657,0.9851605935765785
2026-08-14 11:20:00,20160.0,886.41,44658.14,49005.92,0.7609999999913271,25.005999999993946,-24.24500000000262,0.9695673038474162
2026-08-14 11:21:00,20159.97,885.85,44658.01,49005.78,0.6209999999919091,25.010999999991327,-24.389999999999418,0.975170924793406
2026-08-14 11:22:00,20160.27,884.89,44658.08,49005.95,0.7909999999901629,25.035999999992782,-24.24500000000262,0.9684054960860204
2026-08-14 11:23:00,20160.29,884.44,44658.02,49005.9,0.7409999999945285,25.060999999994237,-24.31999999999971,0.9704321455650333
2026-08-14 11:24:00,20159.9,884.36,44657.85,49005.57,0.41099999999278225,25.065999999995256,-24.655000000002474,0.9836032873217562
2026-08-14 11:25:00,20159.39,884.39,44657.66,49005.19,0.1,25.070999999996275,-24.970999999996273,0.9960113278289651
2026-08-14 11:26:00,20159.79,883.65,44657.9,49005.57,0.41099999999278225,25.075999999993655,-24.665000000000873,0.9836098261288528
2026-08-14 11:27:00,20158.95,883.17,44657.59,49004.94,0.1,25.080999999991036,-24.980999999991035,0.9960129181452081
2026-08-14 11:28:00,20158.33,883.66,44657.72,49004.8,0.1,25.085999999992055,-24.985999999992053,0.9960137128278708
2026-08-14 11:29:00,20159.27,883.35,44658.22,49005.65,0.4909999999945285,25.090999999993073,-24.599999999998545,0.980431230321842
2026-08-14 11:30:00,20159.44,883.15,44657.69,49005.23,0.1,25.095999999994092,-24.99599999999409,0.996015301243225
2026-08-14 11:31:00,20159.19,883.13,44657.29,49004.76,0.1,25.10099999999511,-25.00099999999511,0.996016094976295
2026-08-14 11:32:00,20159.82,882.19,44657.26,49004.98,0.1,25.10599999999249,-25.00599999999249,0.9960168883932116
2026-08-14 11:33:00,20160.9,881.17,44657.77,49005.87,0.7109999999956926,25.110999999989872,-24.39999999999418,0.9716857154236797
2026-08-14 11:34:00,20160.77,880.52,44657.65,49005.69,0.5309999999954016,25.110999999989872,-24.57999999999447,0.9788538887341955
2026-08-14 11:35:00,20160.99,880.26,44657.81,49005.91,0.7509999999965657,25.110999999989872,-24.359999999993306,0.9700927880213106
2026-08-14 11:36:00,20160.28,880.21,44657.72,49005.54,0.3809999999939464,25.12099999999191,-24.739999999997963,0.984833406313679
2026-08-14 11:37:00,20159.89,880.36,44657.6,49005.29,0.1309999999939464,25.130999999993946,-25.0,0.9947873144724054
2026-08-14 11:38:00,20160.61,879.59,44657.66,49005.63,0.47099999999045394,25.23099999999249,-24.760000000002037,0.9813324878129842
2026-08-14 11:39:00,20160.76,879.46,44657.75,49005.77,0.6109999999898719,25.330999999991036,-24.720000000001164,0.9758793573096172
2026-08-14 11:40:00,20161.72,878.61,44658.02,49006.38,1.220999999990454,25.335999999992055,-24.1150000000016,0.9518077044525246
2026-08-14 11:41:00,20161.44,877.73,44657.8,49006.04,0.8809999999939464,25.340999999993073,-24.459999999999127,0.9652342054380574
2026-08-14 11:42:00,20161.43,877.47,44658.03,49006.24,1.080999999991036,25.35599999999249,-24.275000000001455,0.9573670926016976
2026-08-14 11:43:00,20160.63,877.2,44657.78,49005.69,0.5309999999954016,25.37099999999191,-24.839999999996508,0.9790705924088301
2026-08-14 11:44:00,20159.88,876.51,44657.45,49005.08,0.1,25.380999999993946,-25.280999999993945,0.9960600449154869
2026-08-14 11:45:00,20160.03,876.3,44657.76,49005.4,0.24099999999452848,25.390999999995984,-25.150000000001455,0.9905084478754453
2026-08-14 11:46:00,20160.27,875.86,44657.52,49005.27,0.11099999998987187,25.410999999992782,-25.30000000000291,0.9956318129947699
2026-08-14 11:47:00,20159.38,876.38,44657.62,49004.99,0.1,25.43099999998958,-25.33099999998958,0.9960677912783594
2026-08-14 11:48:00,20159.46,876.23,44657.52,49004.94,0.1,25.445999999992637,-25.345999999992635,0.9960701092509616
2026-08-14 11:49:00,20159.49,875.93,44657.53,49004.95,0.1,25.460999999995693,-25.36099999999569,0.9960724244923601
2026-08-14 11:50:00,20159.82,875.37,44657.63,49005.16,0.1,25.47599999999511,-25.37599999999511,0.9960747370073787
2026-08-14 11:51:00,20160.01,875.04,44657.78,49005.35,0.1909999999916181,25.49099999999453,-25.30000000000291,0.9925071593899157
2026-08-14 11:52:00,20159.33,875.17,44657.63,49004.94,0.1,25.495999999995547,-25.395999999995546,0.9960778161280194
2026-08-14 11:53:00,20159.59,875.08,44657.62,49005.06,0.1,25.500999999996566,-25.400999999996564,0.9960785851535228
2026-08-14 11:54:00,20159.97,874.61,44657.92,49005.47,0.31099999999423744,25.520999999993364,-25.209999999999127,0.9878139571335638
2026-08-14 11:55:00,20158.82,874.7,44657.07,49004.23,0.1,25.540999999990163,-25.44099999999016,0.9960847265181457
2026-08-14 11:56:00,20158.79,874.58,44657.12,49004.27,0.1,25.55599999999322,-25.455999999993217,0.9960870245734846
2026-08-14 11:57:00,20158.71,874.93,44657.18,49004.29,0.1,25.570999999996275,-25.470999999996273,0.9960893199327356
2026-08-14 11:58:00,20158.17,874.94,44656.66,49003.61,0.1,25.575999999993655,-25.475999999993654,0.9960900844541748
2026-08-14 11:59:00,20158.77,874.75,44656.68,49003.87,0.1,25.580999999991036,-25.480999999991035,0.9960908486767509
2026-08-14 12:00:00,20159.47,874.12,44656.8,49004.24,0.1,25.650999999990745,-25.550999999990744,0.9961015165100762
2026-08-14 12:01:00,20159.84,873.92,44656.76,49004.35,0.1,25.720999999990454,-25.620999999990453,0.996112126278137
2026-08-14 12:02:00,20159.74,873.76,44656.6,49004.17,0.1,25.770999999993364,-25.670999999993363,0.9961196693958315
2026-08-14 12:03:00,20160.19,873.53,44656.92,49004.64,0.1,25.820999999996275,-25.720999999996273,0.9961271833004138
2026-08-14 12:04:00,20159.76,873.31,44656.52,49004.11,0.1,25.820999999996275,-25.720999999996273,0.9961271833004138
2026-08-14 12:05:00,20160.24,872.91,44656.31,49004.11,0.1,25.820999999996275,-25.720999999996273,0.9961271833004138
2026-08-14 12:06:00,20160.44,872.43,44656.2,49004.07,0.1,25.85099999999511,-25.75099999999511,0.9961316776913844
2026-08-14 12:07:00,20160.55,872.39,44655.98,49003.92,0.1,25.880999999993946,-25.780999999993945,0.996136161662995
2026-08-14 12:08:00,20161.45,871.87,44655.87,49004.18,0.1,25.895999999993364,-25.795999999993363,0.9961383997528566
2026-08-14 12:09:00,20162.44,871.37,44655.83,49004.53,0.1,25.910999999992782,-25.81099999999278,0.9961406352514365
2026-08-14 12:10:00,20163.07,870.92,44655.77,49004.73,0.1,25.9159999999938,-25.8159999999938,0.9961413798425673
2026-08-14 12:11:00,20163.88,870.35,44655.75,49005.03,0.1,25.92099999999482,-25.820999999994818,0.9961421241464441
2026-08-14 12:12:00,20164.12,869.68,44655.64,49005.0,0.1,25.9259999999922,-25.8259999999922,0.9961428681632326
2026-08-14 12:13:00,20163.82,869.28,44655.42,49004.69,0.1,25.93099999998958,-25.83099999998958,0.9961436118930993
2026-08-14 12:14:00,20163.91,869.26,44655.43,49004.73,0.1,25.955999999991036,-25.855999999991035,0.9961473262444123
2026-08-14 12:15:00,20164.59,868.84,44655.49,49005.07,0.1,25.98099999999249,-25.88099999999249,0.9961510334475182
2026-08-14 12:16:00,20165.3,868.09,44655.5,49005.35,0.1909999999916181,25.98599999999351,-25.79500000000189,0.9926498884017676
2026-08-14 12:17:00,20166.33,867.1,44655.65,49005.88,0.7209999999904539,25.99099999999453,-25.270000000004075,0.9722596283332459
2026-08-14 12:18:00,20166.04,866.73,44655.66,49005.75,0.5909999999930733,26.000999999992928,-25.409999999999854,0.9772701049962219
2026-08-14 12:19:00,20165.53,866.55,44655.39,49005.29,0.1309999999939464,26.010999999991327,-25.87999999999738,0.9949636692171009
2026-08-14 12:20:00,20165.69,866.22,44655.24,49005.21,0.1,26.010999999991327,-25.910999999991326,0.9961554726846321
2026-08-14 12:21:00,20165.81,866.15,44655.36,49005.37,0.21099999999569263,26.010999999991327,-25.799999999995634,0.9918880473647395
2026-08-14 12:22:00,20165.79,866.24,44655.1,49005.14,0.1,26.015999999992346,-25.915999999992344,0.9961562115621144
2026-08-14 12:23:00,20165.5,866.66,44654.85,49004.8,0.1,26.020999999993364,-25.920999999993363,0.9961569501556424
2026-08-14 12:24:00,20165.27,867.26,44654.69,49004.58,0.1,26.020999999993364,-25.920999999993363,0.9961569501556424
2026-08-14 12:25:00,20164.93,867.33,44654.3,49004.08,0.1,26.020999999993364,-25.920999999993363,0.9961569501556424
2026-08-14 12:26:00,20164.87,867.43,44654.15,49003.93,0.1,26.020999999993364,-25.920999999993363,0.9961569501556424
2026-08-14 12:27:00,20165.31,867.3,44654.01,49003.95,0.1,26.020999999993364,-25.920999999993363,0.9961569501556424
2026-08-14 12:28:00,20165.07,867.19,44653.25,49003.17,0.1,26.035999999992782,-25.93599999999278,0.9961591642341362
2026-08-14 12:29:00,20165.8,866.91,44653.74,49003.9,0.1,26.0509999999922,-25.9509999999922,0.9961613757629254
2026-08-14 12:30:00,20164.79,867.36,44653.29,49003.1,0.1,26.060999999994237,-25.960999999994236,0.9961628487011234
2026-08-14 12:31:00,20164.53,867.52,44652.95,49002.85,0.1,26.070999999996275,-25.970999999996273,0.9961643205093776
2026-08-14 12:32:00,20165.13,867.24,44653.17,49002.93,0.1,26.075999999993655,-25.975999999993654,0.9961650559901816
2026-08-14 12:33:00,20165.26,866.87,44652.99,49003.0,0.1,26.080999999991036,-25.980999999991035,0.9961657911889867
2026-08-14 12:34:00,20164.77,867.2,44652.69,49002.54,0.1,26.085999999992055,-25.985999999992053,0.996166526105956
2026-08-14 12:35:00,20164.45,867.28,44652.56,49002.29,0.1,26.090999999993073,-25.990999999993072,0.9961672607412507
2026-08-14 12:36:00,20165.01,867.52,44652.35,49002.33,0.1,26.095999999994092,-25.99599999999409,0.9961679950950328
2026-08-14 12:37:00,20166.1,867.1,44652.67,49003.05,0.1,26.10099999999511,-26.00099999999511,0.9961687291674641
2026-08-14 12:38:00,20165.65,867.21,44652.31,49002.55,0.1,26.11099999999351,-26.01099999999351,0.9961701964689201
2026-08-14 12:39:00,20165.49,866.96,44651.65,49001.89,0.1,26.12099999999191,-26.020999999991908,0.9961716626469113
2026-08-14 12:40:00,20166.94,866.07,44652.02,49002.72,0.1,26.125999999992928,-26.025999999992926,0.9961723953150108
2026-08-14 12:41:00,20167.35,865.97,44652.07,49003.01,0.1,26.130999999993946,-26.030999999993945,0.9961731277027276
2026-08-14 12:42:00,20167.42,865.79,44651.81,49002.8,0.1,26.145999999993364,-26.045999999993363,0.9961753231851899
2026-08-14 12:43:00,20167.68,865.33,44651.65,49002.74,0.1,26.160999999992782,-26.06099999999278,0.9961775161499932
2026-08-14 12:44:00,20168.35,864.89,44651.83,49003.17,0.1,26.17099999999118,-26.07099999999118,0.9961789767299669
2026-08-14 12:45:00,20168.8,864.58,44651.91,49003.41,0.1,26.18099999998958,-26.08099999998958,0.9961804361941851
2026-08-14 12:46:00,20168.96,864.48,44651.83,49003.4,0.1,26.225999999991473,-26.12599999999147,0.9961869900099125
2026-08-14 12:47:00,20169.0,864.48,44651.59,49002.95,0.1,26.270999999993364,-26.170999999993363,0.9961935213733765
2026-08-14 12:48:00,20168.91,864.65,44651.62,49002.76,0.1,26.280999999991764,-26.180999999991762,0.9961949697500083
2026-08-14 12:49:00,20169.03,864.48,44651.64,49002.82,0.1,26.290999999990163,-26.19099999999016,0.996196417024836
2026-08-14 12:50:00,20169.37,864.14,44651.59,49002.99,0.1,26.3109999999906,-26.210999999990598,0.9961993082741045
2026-08-14 12:51:00,20171.05,863.62,44652.01,49004.42,0.1,26.330999999991036,-26.230999999991035,0.9962021951312128
2026-08-14 12:52:00,20172.06,862.77,44652.07,49004.87,0.1,26.330999999991036,-26.230999999991035,0.9962021951312128
2026-08-14 12:53:00,20172.37,862.27,44652.03,49004.64,0.1,26.330999999991036,-26.230999999991035,0.9962021951312128
2026-08-14 12:54:00,20172.85,861.7,44652.35,49004.96,0.1,26.335999999992055,-26.235999999992053,0.9962029161603876
2026-08-14 12:55:00,20172.36,861.68,44652.14,49004.57,0.1,26.340999999993073,-26.240999999993072,0.9962036369158336
2026-08-14 12:56:00,20173.01,861.33,44652.24,49004.94,0.1,26.350999999991473,-26.25099999999147,0.9962050776061617
2026-08-14 12:57:00,20172.22,861.22,44651.93,49004.31,0.1,26.360999999989872,-26.26099999998987,0.996206517203443
2026-08-14 12:58:00,20171.96,861.26,44651.99,49004.24,0.1,26.36599999999089,-26.26599999999089,0.99620723659258
2026-08-14 12:59:00,20172.35,861.03,44652.2,49004.58,0.1,26.37099999999191,-26.270999999991908,0.9962079557089215
2026-08-14 13:00:00,20172.82,860.68,44652.45,49005.01,0.1,26.380999999993946,-26.280999999993945,0.9962093931238382
2026-08-14 13:01:00,20173.03,860.33,44652.56,49005.2,0.1,26.390999999995984,-26.290999999995982,0.9962108294494328
2026-08-14 13:02:00,20173.66,859.95,44652.66,49005.92,0.7609999999913271,26.410999999992782,-25.650000000001455,0.9711862481544987
2026-08-14 13:03:00,20174.69,859.53,44652.99,49006.63,1.470999999990454,26.43099999998958,-24.959999999999127,0.9443456547239593
2026-08-14 13:04:00,20175.62,858.84,44653.55,49007.5,2.3409999999930733,26.440999999991618,-24.099999999998545,0.9114632578195296
2026-08-14 13:05:00,20175.65,858.68,44653.34,49007.31,2.150999999990745,26.450999999993655,-24.30000000000291,0.9186798230694015
2026-08-14 13:06:00,20176.29,858.5,44653.64,49007.85,2.690999999991618,26.505999999993946,-23.81500000000233,0.8984758167964901
2026-08-14 13:07:00,20176.98,857.5,44653.7,49008.18,3.0209999999933643,26.560999999994237,-23.540000000000873,0.886261812431986
2026-08-14 13:08:00,20176.99,857.27,44654.02,49008.48,3.3209999999962747,26.575999999993655,-23.25499999999738,0.8750376279350893
2026-08-14 13:09:00,20177.12,857.38,44654.41,49008.87,3.7109999999956926,26.590999999993073,-22.87999999999738,0.8604415027642187
2026-08-14 13:10:00,20176.89,856.96,44654.35,49008.73,3.5709999999962747,26.6659999999938,-23.094999999997526,0.8660841521039112
2026-08-14 13:11:00,20176.78,856.66,44654.34,49008.69,3.5309999999954016,26.74099999999453,-23.209999999999127,0.8679555738380718
2026-08-14 13:12:00,20177.34,856.42,44654.84,49009.37,4.210999999995693,26.750999999992928,-22.539999999997235,0.8425853239132441
2026-08-14 13:13:00,20177.05,856.67,44654.68,49009.1,3.940999999991618,26.760999999991327,-22.81999999999971,0.8527334554017826
2026-08-14 13:14:00,20176.45,856.49,44654.64,49008.81,3.650999999990745,26.775999999990745,-23.125,0.8636465491487897
2026-08-14 13:15:00,20177.72,855.89,44655.08,49009.73,4.570999999996275,26.790999999990163,-22.219999999993888,0.8293830017543968
2026-08-14 13:16:00,20178.29,855.52,44655.38,49010.22,5.060999999994237,26.790999999990163,-21.729999999995925,0.8110932775933674
2026-08-14 13:17:00,20178.34,855.17,44655.55,49010.39,5.230999999992491,26.790999999990163,-21.55999999999767,0.8047478630885592
2026-08-14 13:18:00,20177.66,855.16,44655.36,49009.94,4.780999999995402,26.790999999990163,-22.00999999999476,0.8215445485425271
2026-08-14 13:19:00,20177.77,854.85,44655.62,49010.21,5.0509999999922,26.790999999990163,-21.739999999997963,0.8114665372702007
2026-08-14 13:20:00,20177.82,854.76,44655.69,49010.27,5.110999999989872,26.8009999999922,-21.69000000000233,0.8092981605167211
2026-08-14 13:21:00,20176.81,854.92,44655.64,49009.83,4.6709999999948195,26.810999999994237,-22.139999999999418,0.8257804632428547
2026-08-14 13:22:00,20176.98,854.41,44655.74,49010.0,4.840999999993073,26.835999999992055,-21.99499999999898,0.819607989268352
2026-08-14 13:23:00,20177.62,853.78,44655.96,49010.46,5.3009999999922,26.860999999989872,-21.55999999999767,0.8026506831467853
2026-08-14 13:24:00,20178.24,853.17,44656.48,49011.17,6.010999999991327,26.875999999992928,-20.8650000000016,0.7763432058344654
2026-08-14 13:25:00,20177.52,852.91,44656.49,49010.85,5.690999999991618,26.890999999995984,-21.200000000004366,0.7883678554165904
2026-08-14 13:26:00,20176.34,853.14,44656.37,49010.26,5.100999999995111,26.890999999995984,-21.790000000000873,0.8103082815813517
2026-08-14 13:27:00,20176.11,853.1,44656.76,49010.52,5.360999999989872,26.890999999995984,-21.530000000006112,0.8006396192037978
2026-08-14 13:28:00,20175.41,853.17,44656.9,49010.36,5.200999999993655,26.900999999994383,-21.700000000000728,0.8066614623993628
2026-08-14 13:29:00,20175.16,853.38,44656.7,49010.09,4.930999999989581,26.910999999992782,-21.9800000000032,0.816766378061354
2026-08-14 13:30:00,20175.28,853.01,44657.38,49010.74,5.580999999991036,26.92099999999118,-21.340000000000146,0.7926897217788023
2026-08-14 13:31:00,20174.63,853.65,44657.15,49010.28,5.120999999991909,26.93099999998958,-21.80999999999767,0.8098473877689693
2026-08-14 13:32:00,20174.33,853.63,44656.93,49009.96,4.8009999999922,26.93099999998958,-22.12999999999738,0.8217296052878075
2026-08-14 13:33:00,20174.21,853.63,44657.27,49010.22,5.060999999994237,26.93099999998958,-21.869999999995343,0.812075303553667
2026-08-14 13:34:00,20173.12,854.29,44657.47,49009.96,4.8009999999922,26.98099999999249,-22.18000000000029,0.8220599681259577
2026-08-14 13:35:00,20171.48,855.06,44657.12,49009.01,3.8509999999951106,27.0309999999954,-23.18000000000029,0.8575339425106077
2026-08-14 13:36:00,20171.92,854.71,44657.65,49009.66,4.500999999996566,27.05599999999322,-22.554999999996653,0.8336413364873708
2026-08-14 13:37:00,20171.38,854.85,44657.75,49009.54,4.380999999993946,27.080999999991036,-22.69999999999709,0.8382260625532515
2026-08-14 13:38:00,20170.89,855.05,44658.02,49009.57,4.410999999992782,27.080999999991036,-22.669999999998254,0.8371182748054266
2026-08-14 13:39:00,20169.69,855.59,44657.84,49008.94,3.7809999999954016,27.080999999991036,-23.299999999995634,0.8603818175105552
2026-08-14 13:40:00,20169.01,855.79,44657.84,49008.66,3.5009999999965657,27.090999999993073,-23.589999999996508,0.8707688900373755
2026-08-14 13:41:00,20168.82,855.61,44658.0,49008.72,3.5609999999942374,27.10099999999511,-23.540000000000873,0.8686026345893185
2026-08-14 13:42:00,20168.61,855.57,44658.3,49008.91,3.7509999999965657,27.205999999994674,-23.45499999999811,0.8621260016173895
2026-08-14 13:43:00,20167.48,855.92,44658.01,49008.2,3.040999999990163,27.310999999994237,-24.270000000004075,0.8886529237307017
2026-08-14 13:44:00,20167.06,856.02,44658.22,49008.23,3.0709999999962747,27.36599999999453,-24.294999999998254,0.8877804575021235
2026-08-14 13:45:00,20166.9,855.71,44658.38,49008.29,3.1309999999939464,27.42099999999482,-24.290000000000873,0.885817439189142
2026-08-14 13:46:00,20166.72,855.16,44658.23,49008.08,2.9209999999948195,27.500999999992928,-24.57999999999811,0.8937856805208694
2026-08-14 13:47:00,20166.81,855.38,44658.75,49008.6,3.440999999991618,27.580999999991036,-24.139999999999418,0.8752402015883131
2026-08-14 13:48:00,20166.78,855.42,44659.18,49008.99,3.830999999991036,27.595999999990454,-23.764999999999418,0.8611755326861733
2026-08-14 13:49:00,20166.33,855.68,44659.02,49008.67,3.510999999991327,27.610999999989872,-24.099999999998545,0.8728405345698231
2026-08-14 13:50:00,20166.55,855.61,44659.21,49008.91,3.7509999999965657,27.61599999999089,-23.864999999994325,0.8641729432214005
2026-08-14 13:51:00,20167.12,855.32,44659.39,49009.32,4.160999999992782,27.62099999999191,-23.459999999999127,0.8493537525797762
2026-08-14 13:52:00,20167.51,855.06,44659.58,49009.63,4.470999999990454,27.640999999992346,-23.17000000000189,0.838247530842166
2026-08-14 13:53:00,20168.34,854.43,44659.96,49010.31,5.150999999990745,27.660999999992782,-22.510000000002037,0.8137811358955899
2026-08-14 13:54:00,20168.94,853.74,44660.44,49010.98,5.820999999996275,27.660999999992782,-21.839999999996508,0.7895593073280867
2026-08-14 13:55:00,20168.76,853.71,44660.42,49010.87,5.710999999995693,27.660999999992782,-21.94999999999709,0.7935360254510978
2026-08-14 13:56:00,20170.08,853.09,44661.16,49012.09,6.930999999989581,27.6759999999922,-20.74500000000262,0.7495664113314231
2026-08-14 13:57:00,20169.88,852.92,44661.26,49012.08,6.9209999999948195,27.690999999991618,-20.7699999999968,0.750063197428879
2026-08-14 13:58:00,20169.68,853.08,44661.36,49012.11,6.950999999993655,27.715999999993073,-20.764999999999418,0.7492062346660632
2026-08-14 13:59:00,20169.66,852.79,44661.42,49012.14,6.980999999992491,27.74099999999453,-20.760000000002037,0.7483508164812419
2026-08-14 14:00:00,20170.57,852.41,44661.92,49012.97,7.810999999994237,27.765999999992346,-19.95499999999811,0.7186847223223947
2026-08-14 14:01:00,20170.71,852.64,44662.44,49013.49,8.330999999991036,27.790999999990163,-19.459999999999127,0.7002266920947794
2026-08-14 14:02:00,20170.96,852.66,44662.66,49013.8,8.640999999995984,27.8009999999922,-19.159999999996217,0.6891838423078879
2026-08-14 14:03:00,20171.73,852.14,44662.98,49014.4,9.240999999994528,27.810999999994237,-18.56999999999971,0.6677214051995094
2026-08-14 14:04:00,20172.86,851.42,44663.57,49015.38,10.220999999990454,27.815999999995256,-17.595000000004802,0.6325496117345342
2026-08-14 14:05:00,20172.81,851.84,44664.0,49015.74,10.580999999991036,27.820999999996275,-17.24000000000524,0.6196757844796215
2026-08-14 14:06:00,20172.94,851.6,44664.07,49015.87,10.710999999995693,27.875999999992928,-17.164999999997235,0.6157626632229011
2026-08-14 14:07:00,20173.31,851.44,44664.4,49016.31,11.150999999990745,27.93099999998958,-16.779999999998836,0.6007661737855822
2026-08-14 14:08:00,20173.29,851.28,44664.72,49016.58,11.42099999999482,27.950999999990017,-16.529999999995198,0.5913920789954242
2026-08-14 14:09:00,20172.76,851.54,44665.06,49016.68,11.520999999993364,27.970999999990454,-16.44999999999709,0.5881091130099998
2026-08-14 14:10:00,20172.7,851.46,44665.48,49017.04,11.880999999993946,27.98599999999351,-16.104999999999563,0.5754663045809797
2026-08-14 14:11:00,20173.14,851.49,44665.61,49017.33,12.17099999999482,28.000999999996566,-15.830000000001746,0.565336952251837
2026-08-14 14:12:00,20172.76,851.8,44665.97,49017.5,12.340999999993073,28.005999999993946,-15.665000000000873,0.559344426194539
2026-08-14 14:13:00,20172.36,852.34,44666.19,49017.55,12.390999999995984,28.010999999991327,-15.619999999995343,0.5576380707579229
2026-08-14 14:14:00,20172.68,852.26,44666.66,49018.1,12.940999999991618,28.020999999993364,-15.080000000001746,0.5381678027195788
2026-08-14 14:15:00,20173.01,852.3,44667.11,49018.67,13.510999999991327,28.0309999999954,-14.520000000004075,0.51799793086249
2026-08-14 14:16:00,20172.79,852.51,44667.45,49018.9,13.740999999994528,28.0309999999954,-14.290000000000873,0.5097927294781927
2026-08-14 14:17:00,20173.12,852.25,44667.96,49019.52,14.360999999989872,28.0309999999954,-13.67000000000553,0.48767436052969115
2026-08-14 14:18:00,20172.46,852.71,44668.06,49019.35,14.190999999991618,28.050999999995838,-13.86000000000422,0.4941000320846414
2026-08-14 14:19:00,20171.56,853.24,44668.22,49019.1,13.940999999991618,28.070999999996275,-14.130000000004657,0.5033664636103642
2026-08-14 14:20:00,20170.97,853.5,44668.53,49019.15,13.990999999994528,28.080999999994674,-14.090000000000146,0.5017627577366482
2026-08-14 14:21:00,20171.36,853.45,44668.95,49019.69,14.530999999995402,28.090999999993073,-13.559999999997672,0.48271688441141347
2026-08-14 14:22:00,20170.51,853.76,44669.32,49019.69,14.530999999995402,28.100999999991473,-13.569999999996071,0.4829009643784986
2026-08-14 14:23:00,20170.12,853.95,44669.51,49019.7,14.540999999990163,28.110999999989872,-13.569999999999709,0.48272918074791354
2026-08-14 14:24:00,20170.26,854.09,44669.84,49020.08,14.92099999999482,28.125999999992928,-13.204999999998108,0.46949441797630054
2026-08-14 14:25:00,20169.88,854.43,44670.08,49020.12,14.960999999995693,28.140999999995984,-13.180000000000291,0.4683557798231112
2026-08-14 14:26:00,20169.11,855.03,44670.05,49019.81,14.650999999990745,28.145999999993364,-13.49500000000262,0.47946422226980034
2026-08-14 14:27:00,20167.86,855.82,44670.29,49019.52,14.360999999989872,28.150999999990745,-13.790000000000873,0.4898582643602503
2026-08-14 14:28:00,20167.5,856.19,44670.27,49019.37,14.210999999995693,28.155999999991764,-13.944999999996071,0.4952763176587637
2026-08-14 14:29:00,20167.72,856.01,44670.81,49019.94,14.780999999995402,28.160999999992782,-13.37999999999738,0.47512517311177904
2026-08-14 14:30:00,20167.93,856.2,44671.21,49020.39,15.230999999992491,28.1759999999922,-12.944999999999709,0.45943356047711853
2026-08-14 14:31:00,20167.04,856.53,44671.09,49019.91,14.750999999996566,28.190999999991618,-13.439999999995052,0.4767478982653701
2026-08-14 14:32:00,20166.15,857.13,44671.09,49019.59,14.43099999998958,28.190999999991618,-13.760000000002037,0.4880990387005118
2026-08-14 14:33:00,20166.87,857.14,44672.06,49020.77,15.610999999989872,28.190999999991618,-12.580000000001746,0.4462417083468301
2026-08-14 14:34:00,20165.93,857.53,44672.0,49020.32,15.160999999992782,28.200999999993655,-13.040000000000873,0.46239495053380403
2026-08-14 14:35:00,20165.65,857.78,44672.23,49020.42,15.260999999991327,28.210999999995693,-12.950000000004366,0.45904079968828976
2026-08-14 14:36:00,20165.56,858.18,44672.49,49020.61,15.450999999993655,28.22599999999511,-12.775000000001455,0.4525968964785541
2026-08-14 14:37:00,20165.0,858.28,44672.63,49020.5,15.340999999993073,28.24099999999453,-12.900000000001455,0.4567826918311658
2026-08-14 14:38:00,20164.98,858.38,44672.82,49020.67,15.510999999991327,28.245999999995547,-12.73500000000422,0.45086029880359085
2026-08-14 14:39:00,20164.39,859.15,44672.88,49020.5,15.340999999993073,28.250999999996566,-12.910000000003492,0.4569749743373708
2026-08-14 14:40:00,20164.89,858.86,44673.16,49020.96,15.8009999999922,28.250999999996566,-12.450000000004366,0.44069236487224805
2026-08-14 14:41:00,20165.04,858.9,44673.5,49021.33,16.17099999999482,28.250999999996566,-12.080000000001746,0.4275954833458361
2026-08-14 14:42:00,20164.65,859.07,44673.67,49021.35,16.190999999991618,28.260999999994965,-12.070000000003347,0.4270903365063337
2026-08-14 14:43:00,20164.32,859.2,44673.88,49021.39,16.23099999999249,28.270999999993364,-12.040000000000873,0.4258781083089986
2026-08-14 14:44:00,20163.91,859.38,44674.01,49021.34,16.18099999998958,28.275999999994383,-12.095000000004802,0.42774791342506735
2026-08-14 14:45:00,20164.2,859.57,44674.45,49021.85,16.690999999991618,28.2809999999954,-11.590000000003783,0.409815777377238
2026-08-14 14:46:00,20162.8,860.6,44674.4,49021.25,16.090999999993073,28.285999999992782,-12.194999999999709,0.4311320087676879
2026-08-14 14:47:00,20162.25,861.16,44674.34,49021.01,15.85099999999511,28.290999999990163,-12.439999999995052,0.4397158106818203
2026-08-14 14:48:00,20162.18,862.02,44674.71,49021.33,16.17099999999482,28.3109999999906,-12.13999999999578,0.4288085903005832
2026-08-14 14:49:00,20162.09,862.06,44674.68,49021.26,16.10099999999511,28.330999999991036,-12.229999999995925,0.4316826091560409
2026-08-14 14:50:00,20162.24,861.97,44674.63,49021.29,16.130999999993946,28.340999999993073,-12.209999999999127,0.43082460040231857
2026-08-14 14:51:00,20162.8,862.13,44674.96,49021.82,16.660999999992782,28.35099999999511,-11.690000000002328,0.4123311347043965
2026-08-14 14:52:00,20162.71,862.56,44675.19,49021.99,16.830999999991036,28.370999999995547,-11.540000000004511,0.40675337492532243
2026-08-14 14:53:00,20162.44,863.17,44675.23,49021.94,16.7809999999954,28.390999999995984,-11.610000000000582,0.4089324081575931
2026-08-14 14:54:00,20162.8,863.22,44675.5,49022.32,17.160999999992782,28.395999999993364,-11.235000000000582,0.3956543175096213
2026-08-14 14:55:00,20162.72,863.2,44675.56,49022.34,17.18099999998958,28.400999999990745,-11.220000000001164,0.3950565120948143
2026-08-14 14:56:00,20162.37,863.66,44675.54,49022.19,17.0309999999954,28.410999999992782,-11.37999999999738,0.4005490831016251
2026-08-14 14:57:00,20161.9,863.92,44675.62,49022.08,16.92099999999482,28.42099999999482,-11.5,0.40463037894521997
2026-08-14 14:58:00,20161.64,864.33,44675.81,49022.15,16.99099999999453,28.4259999999922,-11.434999999997672,0.4022725673679311
2026-08-14 14:59:00,20161.23,865.25,44675.72,49021.91,16.750999999996566,28.43099999998958,-11.679999999993015,0.4108191762511799
2026-08-14 15:00:00,20160.91,865.87,44675.67,49021.75,16.590999999993073,28.4359999999906,-11.844999999997526,0.41654944436634694
2026-08-14 15:01:00,20160.73,866.08,44675.81,49021.82,16.660999999992782,28.440999999991618,-11.779999999998836,0.41419078091495753
2026-08-14 15:02:00,20160.14,866.52,44675.69,49021.48,16.320999999996275,28.460999999992055,-12.13999999999578,0.4265486103790861
2026-08-14 15:03:00,20159.6,867.12,44675.53,49021.12,15.960999999995693,28.48099999999249,-12.519999999996799,0.4395913064850286
2026-08-14 15:04:00,20159.36,867.29,44675.67,49021.15,15.990999999994528,28.48599999999351,-12.494999999998981,0.4386365232044453
2026-08-14 15:05:00,20159.57,867.49,44675.87,49021.41,16.250999999996566,28.49099999999453,-12.239999999997963,0.42960935032116504
2026-08-14 15:06:00,20159.45,867.21,44676.0,49021.46,16.3009999999922,28.495999999995547,-12.195000000003347,0.4279548006739631
2026-08-14 15:07:00,20158.34,867.86,44675.8,49020.86,15.700999999993655,28.500999999996566,-12.80000000000291,0.4491070488756343
2026-08-14 15:08:00,20157.9,868.46,44675.98,49020.83,15.67099999999482,28.515999999995984,-12.845000000001164,0.45044887080947443
2026-08-14 15:09:00,20157.08,869.15,44675.62,49020.19,15.030999999995402,28.5309999999954,-13.5,0.47316953489194824
2026-08-14 15:10:00,20157.82,869.02,44676.16,49020.99,15.830999999991036,28.535999999992782,-12.705000000001746,0.44522708158133445
2026-08-14 15:11:00,20157.69,869.15,44676.1,49020.88,15.720999999990454,28.540999999990163,-12.819999999999709,0.449178374969487
2026-08-14 15:12:00,20157.7,869.44,44675.98,49020.78,15.62099999999191,28.540999999990163,-12.919999999998254,0.452682106443457
2026-08-14 15:13:00,20157.55,869.82,44675.94,49020.68,15.520999999993364,28.540999999990163,-13.019999999996799,0.45618583791742706
2026-08-14 15:14:00,20157.52,869.89,44676.0,49020.73,15.570999999996275,28.54599999999118,-12.974999999994907,0.4545295312828037
2026-08-14 15:15:00,20157.58,869.87,44676.16,49020.9,15.740999999994528,28.5509999999922,-12.809999999997672,0.44867079962177053
2026-08-14 15:16:00,20157.57,869.72,44676.37,49021.08,15.92099999999482,28.5509999999922,-12.62999999999738,0.44236629189873666
2026-08-14 15:17:00,20157.55,870.06,44676.53,49021.24,16.080999999991036,28.5509999999922,-12.470000000001164,0.43676228503395925
2026-08-14 15:18:00,20157.67,870.02,44676.54,49021.29,16.130999999993946,28.565999999991618,-12.434999999997672,0.4353077084646545
2026-08-14 15:19:00,20157.96,870.06,44676.45,49021.32,16.160999999992782,28.580999999991036,-12.419999999998254,0.43455442426794544
2026-08-14 15:20:00,20158.23,870.05,44676.47,49021.44,16.2809999999954,28.590999999993073,-12.309999999997672,0.4305550697772255
2026-08-14 15:21:00,20158.74,870.22,44676.78,49021.93,16.770999999993364,28.60099999999511,-11.830000000001746,0.413621901332253
2026-08-14 15:22:00,20158.17,870.71,44676.52,49021.47,16.310999999994237,28.60599999999249,-12.294999999998254,0.4298049360274586
2026-08-14 15:23:00,20157.68,870.95,44676.48,49021.27,16.110999999989872,28.610999999989872,-12.5,0.4368949005628753
2026-08-14 15:24:00,20157.74,871.36,44676.61,49021.41,16.250999999996566,28.61599999999089,-12.364999999994325,0.4321009225607444
2026-08-14 15:25:00,20158.51,871.36,44676.68,49021.78,16.62099999999191,28.62099999999191,-12.0,0.4192725621048668
2026-08-14 15:26:00,20158.87,871.16,44676.69,49021.94,16.7809999999954,28.625999999992928,-11.844999999997526,0.4137846712778751
2026-08-14 15:27:00,20158.98,871.23,44677.03,49022.29,17.130999999993946,28.630999999993946,-11.5,0.40166253361749266
2026-08-14 15:28:00,20159.11,871.45,44677.36,49022.65,17.49099999999453,28.645999999993364,-11.154999999998836,0.38940864344066956
2026-08-14 15:29:00,20158.69,872.34,44677.66,49022.74,17.580999999991036,28.660999999992782,-11.080000000001746,0.3865880464744613
2026-08-14 15:30:00,20158.16,872.52,44677.0,49021.95,16.790999999990163,28.67099999999118,-11.880000000001019,0.414355969446642
2026-08-14 15:31:00,20157.65,873.37,44676.82,49021.58,16.42099999999482,28.68099999998958,-12.259999999994761,0.42746068826049355
2026-08-14 15:32:00,20158.29,873.89,44677.17,49022.18,17.020999999993364,28.690999999991618,-11.669999999998254,0.40674776062185575
2026-08-14 15:33:00,20158.9,873.72,44677.44,49022.67,17.510999999991327,28.700999999993655,-11.190000000002328,0.389881885648751
2026-08-14 15:34:00,20158.83,873.73,44677.12,49022.36,17.200999999993655,28.720999999994092,-11.520000000000437,0.40110024024242913
2026-08-14 15:35:00,20159.59,873.48,44677.73,49023.2,18.040999999990163,28.74099999999453,-10.700000000004366,0.3722904561430153
2026-08-14 15:36:00,20160.13,873.2,44677.79,49023.47,18.310999999994237,28.750999999992928,-10.43999999999869,0.3631178045981447
2026-08-14 15:37:00,20161.17,872.89,44678.09,49024.17,19.010999999991327,28.760999999991327,-9.75,0.339000730155521
2026-08-14 15:38:00,20161.73,872.44,44678.2,49024.48,19.320999999996275,28.775999999990745,-9.45499999999447,0.32857242146224325
2026-08-14 15:39:00,20161.28,872.76,44678.04,49024.15,18.99099999999453,28.790999999990163,-9.799999999995634,0.34038414782393744
2026-08-14 15:40:00,20161.29,873.33,44678.41,49024.51,19.35099999999511,28.8109999999906,-9.459999999995489,0.3283468119814854
2026-08-14 15:41:00,20161.04,873.63,44678.07,49024.1,18.940999999991618,28.830999999991036,-9.889999999999418,0.3430335402865836
2026-08-14 15:42:00,20161.08,874.07,44678.17,49024.21,19.0509999999922,28.830999999991036,-9.779999999998836,0.33921820262917957
2026-08-14 15:43:00,20161.79,873.66,44677.59,49023.99,18.830999999991036,28.830999999991036,-10.0,0.34684887794398767
2026-08-14 15:44:00,20162.92,873.66,44678.39,49025.17,20.010999999991327,28.840999999993073,-8.830000000001746,0.30616136749779366
2026-08-14 15:45:00,20163.3,873.85,44678.71,49025.61,20.450999999993655,28.85099999999511,-8.400000000001455,0.29115108661754807
2026-08-14 15:46:00,20163.0,874.3,44678.63,49025.43,20.270999999993364,28.885999999994965,-8.6150000000016,0.2982413625979056
2026-08-14 15:47:00,20162.8,874.98,44678.57,49025.3,20.140999999995984,28.92099999999482,-8.779999999998836,0.3035856298191767
2026-08-14 15:48:00,20163.04,874.67,44678.67,49025.5,20.340999999993073,28.9259999999922,-8.584999999999127,0.2967918135933569
2026-08-14 15:49:00,20163.3,874.91,44678.94,49025.85,20.690999999991618,28.93099999998958,-8.239999999997963,0.28481559572779824
2026-08-14 15:50:00,20163.84,875.2,44679.12,49026.25,21.090999999993073,28.965999999993073,-7.875,0.2718704688255846
2026-08-14 15:51:00,20164.43,875.35,44679.36,49026.71,21.5509999999922,29.000999999996566,-7.450000000004366,0.25688769352799035
2026-08-14 15:52:00,20164.79,875.35,44679.53,49027.02,21.860999999989872,29.005999999993946,-7.1450000000040745,0.24632834585966923
2026-08-14 15:53:00,20164.93,875.53,44679.4,49026.96,21.8009999999922,29.010999999991327,-7.209999999999127,0.2485264210127635
2026-08-14 15:54:00,20165.42,875.54,44679.5,49027.24,22.080999999991036,29.025999999990745,-6.944999999999709,0.2392682422656213
2026-08-14 15:55:00,20165.38,875.57,44679.58,49027.3,22.140999999995984,29.040999999990163,-6.899999999994179,0.2375951241347239
2026-08-14 15:56:00,20165.7,875.66,44679.79,49027.6,22.440999999991618,29.040999999990163,-6.599999999998545,0.22726490134639923
2026-08-14 15:57:00,20165.71,875.54,44679.94,49027.76,22.60099999999511,29.040999999990163,-6.439999999995052,0.22175544919242568
2026-08-14 15:58:00,20165.88,875.48,44680.17,49028.02,22.860999999989872,29.04599999999118,-6.18500000000131,0.21293809818918913
2026-08-14 15:59:00,20166.19,875.66,44680.26,49028.26,23.10099999999511,29.0509999999922,-5.94999999999709,0.20481222677355984
2026-08-14 16:00:00,20166.62,875.28,44680.31,49028.46,23.3009999999922,29.060999999994237,-5.760000000002037,0.19820377825963248
2026-08-14 16:01:00,20166.94,875.67,44680.66,49028.92,23.760999999991327,29.070999999996275,-5.310000000004948,0.18265625537496571
2026-08-14 16:02:00,20166.77,875.93,44680.98,49029.15,23.99099999999453,29.080999999994674,-5.0900000000001455,0.1750283690382407
2026-08-14 16:03:00,20165.57,876.64,44680.83,49028.51,23.35099999999511,29.090999999993073,-5.739999999997963,0.19731188340034134
2026-08-14 16:04:00,20164.87,877.25,44680.72,49028.13,22.970999999990454,29.10599999999249,-6.135000000002037,0.21078128220997802
2026-08-14 16:05:00,20164.04,878.59,44680.62,49027.71,22.5509999999922,29.12099999999191,-6.569999999999709,0.225610384258835
2026-08-14 16:06:00,20163.24,879.03,44680.39,49027.2,22.040999999990163,29.145999999993364,-7.105000000003201,0.24377273039198583
2026-08-14 16:07:00,20163.23,879.54,44680.6,49027.39,22.23099999999249,29.17099999999482,-6.940000000002328,0.2379075108842193
2026-08-14 16:08:00,20162.18,880.54,44680.41,49026.81,21.650999999990745,29.18099999999322,-7.530000000002474,0.25804461807354867
2026-08-14 16:09:00,20161.29,881.63,44680.04,49026.11,20.950999999993655,29.190999999991618,-8.239999999997963,0.28227878455689526
2026-08-14 16:10:00,20161.22,882.2,44679.85,49025.94,20.7809999999954,29.190999999991618,-8.409999999996217,0.28810249734502524
2026-08-14 16:11:00,20162.17,882.05,44680.44,49026.87,21.710999999995693,29.190999999991618,-7.4799999999959255,0.25624336268021214
2026-08-14 16:12:00,20162.39,882.15,44680.68,49027.17,22.010999999991327,29.195999999992637,-7.18500000000131,0.24609535552826148
2026-08-14 16:13:00,20162.47,882.51,44680.67,49027.2,22.040999999990163,29.200999999993655,-7.1600000000034925,0.2451970822918752
2026-08-14 16:14:00,20162.38,883.09,44680.42,49026.94,21.7809999999954,29.210999999992055,-7.429999999996653,0.25435623566460147
2026-08-14 16:15:00,20162.69,883.42,44680.61,49027.25,22.090999999993073,29.220999999990454,-7.129999999997381,0.24400260086922795
2026-08-14 16:16:00,20163.14,883.66,44680.77,49027.58,22.42099999999482,29.225999999991473,-6.804999999996653,0.23284062136449185
2026-08-14 16:17:00,20162.82,883.89,44680.22,49026.96,21.8009999999922,29.23099999999249,-7.430000000000291,0.2541822038247819
2026-08-14 16:18:00,20162.23,884.87,44679.98,49026.49,21.330999999991036,29.24599999999191,-7.915000000000873,0.2706353005540266
2026-08-14 16:19:00,20161.86,886.0,44679.76,49026.17,21.010999999991327,29.260999999991327,-8.25,0.28194525135854703
2026-08-14 16:20:00,20162.87,886.52,44680.16,49026.95,21.790999999990163,29.260999999991327,-7.470000000001164,0.2552886094119606
2026-08-14 16:21:00,20163.45,886.82,44680.19,49027.23,22.070999999996275,29.260999999991327,-7.189999999995052,0.24571955845655252
2026-08-14 16:22:00,20164.39,886.41,44680.6,49027.96,22.8009999999922,29.265999999992346,-6.4650000000001455,0.22090480420972583
2026-08-14 16:23:00,20164.4,886.85,44680.79,49028.15,22.99099999999453,29.270999999993364,-6.279999999998836,0.2145468210857251
2026-08-14 16:24:00,20163.64,887.5,44680.75,49027.8,22.640999999995984,29.265999999992346,-6.624999999996362,0.22637189913203357
2026-08-14 16:25:00,20163.77,887.77,44680.97,49028.07,22.910999999992782,29.260999999991327,-6.349999999998545,0.21701240559107438
2026-08-14 16:26:00,20164.03,888.02,44681.13,49028.32,23.160999999992782,29.260999999991327,-6.099999999998545,0.20846861009536083
2026-08-14 16:27:00,20164.2,888.17,44681.21,49028.46,23.3009999999922,29.260999999991327,-5.959999999999127,0.20368408461778112
2026-08-14 16:28:00,20164.55,888.35,44681.31,49028.71,23.5509999999922,29.24599999999191,-5.694999999999709,0.19472748410043372
2026-08-14 16:29:00,20164.76,888.56,44681.63,49029.08,23.92099999999482,29.23099999999249,-5.309999999997672,0.18165646060685695
2026-08-14 16:30:00,20165.82,888.4,44682.11,49029.93,24.770999999993364,29.225999999991473,-4.454999999998108,0.1524327653459046
2026-08-14 16:31:00,20165.8,888.65,44682.07,49029.89,24.73099999999249,29.220999999990454,-4.489999999997963,0.1536566168166534
2026-08-14 16:32:00,20166.62,888.38,44682.47,49030.59,25.43099999998958,29.210999999992055,-3.780000000002474,0.12940330697352032
2026-08-14 16:33:00,20166.59,888.63,44682.59,49030.7,25.540999999990163,29.200999999993655,-3.6600000000034925,0.12533817335037456
2026-08-14 16:34:00,20167.21,888.52,44682.84,49031.17,26.010999999991327,29.195999999992637,-3.1850000000013097,0.10909028634066698
2026-08-14 16:35:00,20167.38,888.93,44682.95,49031.34,26.18099999998958,29.190999999991618,-3.0100000000020373,0.10311397348507764
2026-08-14 16:36:00,20166.85,889.05,44682.68,49030.88,25.720999999990454,29.190999999991618,-3.470000000001164,0.11887225514720841
2026-08-14 16:37:00,20166.84,889.4,44682.99,49031.18,26.020999999993364,29.190999999991618,-3.1699999999982538,0.1085951149326561
2026-08-14 16:38:00,20166.63,890.35,44683.04,49031.15,25.99099999999453,29.18099999999322,-3.1899999999986903,0.10931770672696041
2026-08-14 16:39:00,20166.27,890.8,44682.61,49030.62,25.460999999995693,29.17099999999482,-3.709999999999127,0.12718110452160658
2026-08-14 16:40:00,20166.36,891.27,44682.7,49030.74,25.580999999991036,29.130999999993946,-3.5500000000029104,0.12186330712998689
2026-08-14 16:41:00,20166.46,891.96,44682.91,49030.98,25.820999999996275,29.090999999993073,-3.2699999999967986,0.11240589873148318
2026-08-14 16:42:00,20166.36,892.75,44682.93,49030.98,25.820999999996275,29.080999999994674,-3.2599999999983993,0.11210068429555367
2026-08-14 16:43:00,20166.73,893.57,44683.04,49031.25,26.090999999993073,29.070999999996275,-2.9800000000032014,0.10250765367560742
2026-08-14 16:44:00,20166.84,894.15,44683.02,49031.28,26.12099999999191,29.060999999994237,-2.9400000000023283,0.10116651182006509
2026-08-14 16:45:00,20166.62,894.54,44683.0,49031.18,26.020999999993364,29.0509999999922,-3.029999999998836,0.10429933565108428
2026-08-14 16:46:00,20167.54,894.1,44683.44,49031.95,26.790999999990163,29.04599999999118,-2.2550000000010186,0.07763547476422582
2026-08-14 16:47:00,20167.57,894.23,44683.56,49032.07,26.910999999992782,29.040999999990163,-2.1299999999973807,0.07334458179808209
2026-08-14 16:48:00,20168.56,894.05,44684.04,49032.9,27.74099999999453,29.040999999990163,-1.2999999999956344,0.04476429874990788
2026-08-14 16:49:00,20169.2,893.81,44684.32,49033.4,28.24099999999453,29.040999999990163,-0.7999999999956344,0.027547260769116264
2026-08-14 16:50:00,20169.22,894.08,44684.47,49033.55,28.390999999995984,29.025999999990745,-0.6349999999947613,0.021876937917555427
2026-08-14 16:51:00,20169.05,893.94,44684.43,49033.45,28.290999999990163,29.010999999991327,-0.7200000000011642,0.02481817241740648
2026-08-14 16:52:00,20168.69,894.53,44684.84,49033.69,28.5309999999954,29.005999999993946,-0.4749999999985448,0.016375922222941597
2026-08-14 16:53:00,20169.6,894.53,44685.46,49034.64,29.48099999999249,29.000999999996566,0.47999999999592546,0.01655115340836462
2026-08-14 16:54:00,20168.55,895.39,44684.8,49033.6,28.440999999991618,28.965999999993073,-0.5250000000014552,0.01812469792175588
2026-08-14 16:55:00,20169.63,895.04,44685.54,49034.72,29.560999999994237,28.93099999998958,0.6300000000046566,0.021775949673529554
2026-08-14 16:56:00,20169.16,895.8,44685.56,49034.56,29.400999999990745,28.9259999999922,0.4749999999985448,0.016421212749729408
2026-08-14 16:57:00,20169.39,896.19,44685.74,49034.82,29.660999999992782,28.92099999999482,0.7399999999979627,0.025586943743234856
2026-08-14 16:58:00,20169.48,896.48,44685.57,49034.71,29.5509999999922,28.885999999994965,0.6649999999972351,0.023021532922431316
2026-08-14 16:59:00,20169.45,897.25,44685.86,49034.97,29.810999999994237,28.85099999999511,0.9599999999991269,0.033274409899112324
2026-08-14 17:00:00,20169.05,898.11,44686.05,49034.99,29.830999999991036,28.840999999993073,0.9899999999979627,0.03432613293568879
2026-08-14 17:01:00,20168.5,899.01,44686.04,49034.77,29.610999999989872,28.830999999991036,0.7799999999988358,0.02705421247959066
2026-08-14 17:02:00,20167.88,899.76,44685.93,49034.44,29.2809999999954,28.79599999999118,0.48500000000422006,0.016842617030294785
2026-08-14 17:03:00,20168.1,900.08,44686.31,49034.88,29.720999999990454,28.760999999991327,0.9599999999991269,0.033378533430667094
2026-08-14 17:04:00,20168.12,900.61,44686.28,49034.85,29.690999999991618,28.73099999999249,0.9599999999991269,0.03341338623783989
2026-08-14 17:05:00,20167.78,900.98,44686.06,49034.54,29.380999999993946,28.700999999993655,0.680000000000291,0.023692554266417247
2026-08-14 17:06:00,20167.48,901.28,44686.61,49034.91,29.750999999996566,28.690999999991618,1.0600000000049477,0.03694538356994379
2026-08-14 17:07:00,20167.24,901.72,44686.75,49034.96,29.8009999999922,28.68099999998958,1.1200000000026193,0.03905024232080563
2026-08-14 17:08:00,20167.49,901.78,44687.13,49035.41,30.250999999996566,28.650999999990745,1.6000000000058208,0.0558444731425199
2026-08-14 17:09:00,20167.4,902.01,44687.16,49035.4,30.24099999999453,28.62099999999191,1.6200000000026193,0.05660179588424853
2026-08-14 17:10:00,20167.14,902.36,44686.98,49035.13,29.970999999990454,28.61599999999089,1.3549999999995634,0.047351132233715225
2026-08-14 17:11:00,20167.28,902.51,44687.22,49035.4,30.24099999999453,28.610999999989872,1.6300000000046566,0.056971095033561694
2026-08-14 17:12:00,20167.11,902.24,44687.04,49035.18,30.020999999993364,28.60599999999249,1.4150000000008731,0.04946514717196548
2026-08-14 17:13:00,20167.77,902.61,44687.31,49035.7,30.540999999990163,28.60099999999511,1.9399999999950523,0.067829796160812
2026-08-14 17:14:00,20167.99,902.58,44687.65,49036.09,30.93099999998958,28.575999999993655,2.3549999999959255,0.08241181410961815
2026-08-14 17:15:00,20167.61,902.98,44687.6,49035.89,30.73099999999249,28.5509999999922,2.180000000000291,0.07635459353440813
2026-08-14 17:16:00,20168.25,903.12,44687.86,49036.4,31.24099999999453,28.5509999999922,2.6900000000023283,0.09421736541637993
2026-08-14 17:17:00,20168.28,904.25,44687.96,49036.52,31.360999999989872,28.5509999999922,2.8099999999976717,0.09842037056489929
2026-08-14 17:18:00,20168.3,905.02,44687.62,49036.23,31.070999999996275,28.54599999999118,2.525000000005093,0.08845372381440038
2026-08-14 17:19:00,20168.65,905.63,44687.93,49036.67,31.510999999991327,28.540999999990163,2.970000000001164,0.10406082477846564
2026-08-14 17:20:00,20168.76,906.0,44687.87,49036.65,31.49099999999453,28.540999999990163,2.9500000000043656,0.1033600784837736
2026-08-14 17:21:00,20168.74,906.47,44687.75,49036.55,31.390999999995984,28.540999999990163,2.8500000000058208,0.09985634700980354
2026-08-14 17:22:00,20169.34,906.83,44687.77,49036.83,31.67099999999482,28.535999999992782,3.1350000000020373,0.10986122792272324
2026-08-14 17:23:00,20169.86,906.46,44687.93,49037.17,32.01099999999133,28.5309999999954,3.4799999999959255,0.1219725912164483
2026-08-14 17:24:00,20170.27,906.4,44688.08,49037.47,32.31099999999424,28.515999999995984,3.7949999999982538,0.13308318137181893
2026-08-14 17:25:00,20170.21,906.33,44687.79,49037.18,32.020999999993364,28.500999999996566,3.5199999999967986,0.12350443844065902
2026-08-14 17:26:00,20170.3,906.8,44687.94,49037.37,32.21099999999569,28.495999999995547,3.7150000000001455,0.13036917462102493
2026-08-14 17:27:00,20170.47,907.1,44687.79,49037.31,32.150999999990745,28.49099999999453,3.6599999999962165,0.12846161945866832
2026-08-14 17:28:00,20171.38,907.1,44687.91,49037.79,32.630999999993946,28.48599999999351,4.145000000000437,0.1455100751246711
2026-08-14 17:29:00,20172.46,907.33,44688.64,49038.89,33.73099999999249,28.48099999999249,5.25,0.18433341525934427
2026-08-14 17:30:00,20171.84,906.95,44688.31,49038.34,33.18099999998958,28.460999999992055,4.719999999997526,0.16584097536976367
2026-08-14 17:31:00,20171.76,906.77,44688.34,49038.33,33.17099999999482,28.440999999991618,4.730000000003201,0.1663092015050313
2026-08-14 17:32:00,20171.92,906.53,44688.93,49038.93,33.770999999993364,28.4359999999906,5.335000000002765,0.1876142917430204
2026-08-14 17:33:00,20170.78,906.87,44688.41,49038.0,32.84099999999307,28.43099999998958,4.4100000000034925,0.15511237733477923
2026-08-14 17:34:00,20170.59,907.08,44688.32,49037.85,32.69099999999162,28.4259999999922,4.264999999999418,0.1500386969675856
2026-08-14 17:35:00,20171.13,906.89,44688.97,49038.66,33.500999999996566,28.42099999999482,5.080000000001746,0.17874107174281947
2026-08-14 17:36:00,20170.48,906.44,44688.61,49038.05,32.890999999995984,28.410999999992782,4.480000000003201,0.1576854035410348
2026-08-14 17:37:00,20170.43,906.84,44688.71,49038.13,32.970999999990454,28.400999999990745,4.569999999999709,0.1609098271188056
2026-08-14 17:38:00,20170.57,906.8,44688.76,49038.23,33.070999999996275,28.395999999993364,4.67500000000291,0.1646358642063672
2026-08-14 17:39:00,20170.08,906.59,44688.56,49037.85,32.69099999999162,28.390999999995984,4.299999999995634,0.15145644746561385
2026-08-14 17:40:00,20169.83,906.76,44688.24,49037.45,32.29099999999016,28.370999999995547,3.919999999994616,0.1381692573400737
2026-08-14 17:41:00,20169.87,906.62,44688.63,49037.82,32.66099999999278,28.35099999999511,4.309999999997672,0.15202285633658125
2026-08-14 17:42:00,20169.54,906.67,44688.43,49037.51,32.35099999999511,28.340999999993073,4.010000000002037,0.141491125930737
2026-08-14 17:43:00,20168.57,906.61,44687.83,49036.57,31.410999999992782,28.330999999991036,3.0800000000017462,0.10871483533947693
2026-08-14 17:44:00,20168.04,906.92,44687.66,49036.21,31.0509999999922,28.3109999999906,2.7400000000016007,0.09678216947485113
2026-08-14 17:45:00,20167.96,907.55,44687.78,49036.28,31.12099999999191,28.290999999990163,2.8300000000017462,0.10003181223720371
2026-08-14 17:46:00,20167.49,908.3,44687.41,49035.77,30.610999999989872,28.285999999992782,2.3249999999970896,0.0821961394328531
2026-08-14 17:47:00,20167.77,908.54,44687.24,49035.73,30.570999999996275,28.2809999999954,2.290000000000873,0.08097309147488581
2026-08-14 17:48:00,20167.68,908.97,44686.89,49035.37,30.210999999995693,28.275999999994383,1.9350000000013097,0.06843259301180132
2026-08-14 17:49:00,20168.56,909.37,44687.11,49035.95,30.790999999990163,28.270999999993364,2.5199999999967986,0.08913727848315907
2026-08-14 17:50:00,20169.03,909.11,44686.87,49035.91,30.750999999996566,28.260999999994965,2.4900000000016007,0.0881072856587539
2026-08-14 17:51:00,20169.29,909.06,44686.77,49035.93,30.770999999993364,28.250999999996566,2.5199999999967986,0.08920038228725018
2026-08-14 17:52:00,20169.77,909.34,44686.89,49036.23,31.070999999996275,28.250999999996566,2.819999999999709,0.09981947541680124
2026-08-14 17:53:00,20170.27,909.43,44686.75,49036.31,31.150999999990745,28.250999999996566,2.8999999999941792,0.10265123358445831
2026-08-14 17:54:00,20170.68,909.66,44686.76,49036.49,31.330999999991036,28.245999999995547,3.084999999995489,0.10921900446066612
2026-08-14 17:55:00,20170.7,909.65,44686.61,49036.36,31.200999999993655,28.24099999999453,2.959999999999127,0.10481215254416275
2026-08-14 17:56:00,20170.43,910.34,44686.41,49036.08,30.92099999999482,28.22599999999511,2.694999999999709,0.09547934528449571
2026-08-14 17:57:00,20170.32,910.51,44686.21,49035.87,30.710999999995693,28.210999999995693,2.5,0.08861791499770946
2026-08-14 17:58:00,20171.08,910.95,44686.35,49036.33,31.17099999999482,28.200999999993655,2.970000000001164,0.10531541434707395
2026-08-14 17:59:00,20171.57,911.06,44686.54,49036.69,31.5309999999954,28.190999999991618,3.3400000000037835,0.11847752828933975
2026-08-14 18:00:00,20171.48,911.61,44686.23,49036.39,31.23099999999249,28.190999999991618,3.040000000000873,0.10783583413152342
2026-08-14 18:01:00,20172.12,912.07,44686.3,49036.71,31.5509999999922,28.190999999991618,3.360000000000582,0.11918697456640705
2026-08-14 18:02:00,20172.58,911.93,44686.09,49036.7,31.540999999990163,28.1759999999922,3.3649999999979627,0.1194278818852532
2026-08-14 18:03:00,20172.79,912.29,44685.85,49036.57,31.410999999992782,28.160999999992782,3.25,0.11540783352866847
2026-08-14 18:04:00,20173.24,912.54,44685.97,49036.88,31.720999999990454,28.155999999991764,3.5649999999986903,0.1266159965904153
2026-08-14 18:05:00,20173.1,912.77,44685.7,49036.58,31.42099999999482,28.150999999990745,3.2700000000040745,0.11615928386221269
2026-08-14 18:06:00,20173.72,913.03,44685.54,49036.68,31.520999999993364,28.145999999993364,3.375,0.11991046685144588
2026-08-14 18:07:00,20174.47,912.78,44685.41,49036.88,31.720999999990454,28.140999999995984,3.5799999999944703,0.1272165168258051
2026-08-14 18:08:00,20175.29,912.45,44685.58,49037.36,32.200999999993655,28.11599999999453,4.084999999999127,0.14529093754445588
2026-08-14 18:09:00,20175.43,912.07,44685.6,49037.42,32.26099999999133,28.090999999993073,4.169999999998254,0.1484461215335617
2026-08-14 18:10:00,20175.78,911.4,44685.68,49037.62,32.46099999999569,28.080999999994674,4.380000000001019,0.15597735123399628
2026-08-14 18:11:00,20176.23,911.35,44685.7,49037.83,32.67099999999482,28.070999999996275,4.599999999998545,0.16387018631324696
2026-08-14 18:12:00,20176.45,911.48,44685.74,49037.95,32.79099999999016,28.050999999995838,4.739999999994325,0.1689779330503379
2026-08-14 18:13:00,20176.4,911.58,44685.57,49037.79,32.630999999993946,28.0309999999954,4.599999999998545,0.164104027683611
2026-08-14 18:14:00,20177.05,910.96,44685.77,49038.21,33.0509999999922,28.0309999999954,5.019999999996799,0.17908743890683965
2026-08-14 18:15:00,20177.46,910.19,44685.87,49038.47,33.31099999999424,28.0309999999954,5.279999999998836,0.18836288394990197
2026-08-14 18:16:00,20177.73,909.7,44686.03,49038.71,33.5509999999922,28.020999999993364,5.529999999998836,0.19735198601049733
2026-08-14 18:17:00,20177.26,909.6,44685.74,49038.28,33.12099999999191,28.010999999991327,5.110000000000582,0.18242833172689887
2026-08-14 18:18:00,20177.0,909.25,44685.51,49037.95,32.79099999999016,28.005999999993946,4.7849999999962165,0.1708562450902396
2026-08-14 18:19:00,20177.15,909.22,44685.32,49037.83,32.67099999999482,28.000999999996566,4.669999999998254,0.1667797578657486
2026-08-14 18:20:00,20177.22,909.12,44685.21,49037.76,32.60099999999511,27.98599999999351,4.615000000001601,0.16490388051177984
2026-08-14 18:21:00,20177.32,909.03,44685.15,49037.73,32.570999999996275,27.970999999990454,4.600000000005821,0.16445604375987238
2026-08-14 18:22:00,20177.73,908.61,44684.98,49037.74,32.580999999991036,27.950999999990017,4.630000000001019,0.16564702515125299
2026-08-14 18:23:00,20178.21,907.92,44685.13,49038.1,32.94099999999162,27.93099999998958,5.010000000002037,0.1793705918156853
2026-08-14 18:24:00,20178.33,907.88,44684.99,49037.98,32.820999999996275,27.875999999992928,4.945000000003347,0.17739273927409246
2026-08-14 18:25:00,20178.31,907.64,44684.67,49037.66,32.500999999996566,27.820999999996275,4.680000000000291,0.16821825239929972
2026-08-14 18:26:00,20178.89,907.33,44684.57,49037.82,32.66099999999278,27.80599999999322,4.854999999999563,0.17460260375461223
2026-08-14 18:27:00,20179.29,907.26,44684.47,49037.89,32.73099999999249,27.790999999990163,4.940000000002328,0.1777553884352516
2026-08-14 18:28:00,20179.49,907.08,44684.23,49037.77,32.61099999998987,27.765999999992346,4.844999999997526,0.17449398544978972
2026-08-14 18:29:00,20179.6,906.88,44683.84,49037.44,32.2809999999954,27.74099999999453,4.540000000000873,0.16365668144629858
2026-08-14 18:30:00,20179.97,906.76,44683.72,49037.47,32.31099999999424,27.715999999993073,4.595000000001164,0.16578871410024218
2026-08-14 18:31:00,20180.41,906.71,44683.8,49037.72,32.56099999999424,27.690999999991618,4.870000000002619,0.175869416055906
2026-08-14 18:32:00,20180.71,906.8,44683.53,49037.61,32.450999999993655,27.6759999999922,4.775000000001455,0.17253215782637668
2026-08-14 18:33:00,20181.51,906.61,44683.77,49038.15,32.99099999999453,27.660999999992782,5.330000000001746,0.19269006905040081
2026-08-14 18:34:00,20181.5,906.42,44683.26,49037.68,32.520999999993364,27.635999999991327,4.885000000002037,0.17676219423952708
2026-08-14 18:35:00,20181.89,906.69,44683.16,49037.76,32.60099999999511,27.610999999989872,4.990000000005239,0.1807250733405914
2026-08-14 18:36:00,20182.07,906.77,44683.07,49037.74,32.580999999991036,27.595999999990454,4.985000000000582,0.180642122046757
2026-08-14 18:37:00,20182.08,906.96,44682.83,49037.54,32.380999999993946,27.580999999991036,4.80000000000291,0.17403284870035424
2026-08-14 18:38:00,20182.4,906.98,44682.52,49037.38,32.220999999990454,27.500999999992928,4.719999999997526,0.1716301225409527
2026-08-14 18:39:00,20182.71,906.51,44681.91,49036.94,31.7809999999954,27.42099999999482,4.360000000000582,0.15900222457245927
2026-08-14 18:40:00,20182.87,906.87,44681.96,49037.06,31.900999999990745,27.36599999999453,4.5349999999962165,0.1657165826206652
2026-08-14 18:41:00,20183.08,907.08,44681.72,49036.94,31.7809999999954,27.310999999994237,4.470000000001164,0.16367031598997134
2026-08-14 18:42:00,20183.17,907.18,44681.57,49036.83,31.67099999999482,27.205999999994674,4.4650000000001455,0.16411820921859221
2026-08-14 18:43:00,20183.53,907.53,44681.6,49037.01,31.85099999999511,27.10099999999511,4.75,0.17527028522935895
2026-08-14 18:44:00,20183.3,907.73,44680.93,49036.31,31.150999999990745,27.065999999995256,4.084999999995489,0.15092736274278448
2026-08-14 18:45:00,20184.43,907.34,44681.76,49037.52,32.36099999998987,27.0309999999954,5.32999999999447,0.1971810143907135
2026-08-14 18:46:00,20184.05,907.91,44681.7,49037.32,32.16099999999278,26.970999999994092,5.18999999999869,0.192428905120308
2026-08-14 18:47:00,20184.72,908.1,44681.93,49037.82,32.66099999999278,26.910999999992782,5.75,0.2136672736056461
2026-08-14 18:48:00,20184.93,908.58,44682.0,49037.97,32.81099999999424,26.900999999994383,5.9099999999998545,0.21969443515115009
2026-08-14 18:49:00,20185.09,908.75,44682.03,49038.08,32.92099999999482,26.890999999995984,6.029999999998836,0.2242385928377426
2026-08-14 18:50:00,20185.45,908.85,44682.2,49038.39,33.23099999999249,26.890999999995984,6.3399999999965075,0.2357666133649717
2026-08-14 18:51:00,20185.81,908.72,44682.47,49038.77,33.61099999998987,26.890999999995984,6.719999999993888,0.24989773530158388
2026-08-14 18:52:00,20185.62,908.85,44682.41,49038.64,33.48099999999249,26.875999999992928,6.604999999999563,0.24575829736572785
2026-08-14 18:53:00,20185.8,908.98,44682.28,49038.59,33.43099999998958,26.860999999989872,6.569999999999709,0.2445925319236881
2026-08-14 18:54:00,20185.72,909.06,44682.23,49038.53,33.37099999999191,26.825999999990017,6.545000000001892,0.24397972116619426
2026-08-14 18:55:00,20185.63,909.18,44682.29,49038.52,33.36099999998987,26.790999999990163,6.569999999999709,0.24523160762950696
2026-08-14 18:56:00,20185.41,909.17,44682.11,49038.28,33.12099999999191,26.790999999990163,6.330000000001746,0.23627337538740886
2026-08-14 18:57:00,20185.22,909.06,44682.26,49038.36,33.200999999993655,26.790999999990163,6.4100000000034925,0.23925945280153207
2026-08-14 18:58:00,20184.91,909.39,44682.15,49038.15,32.99099999999453,26.790999999990163,6.200000000004366,0.23142099958966228
2026-08-14 18:59:00,20184.87,909.38,44681.96,49037.93,32.770999999993364,26.790999999990163,5.980000000003201,0.22320928670095916
2026-08-14 19:00:00,20185.15,909.4,44682.03,49038.11,32.950999999993655,26.775999999990745,6.17500000000291,0.23061697042146118
2026-08-14 19:01:00,20185.3,909.44,44682.21,49038.34,33.18099999998958,26.760999999991327,6.419999999998254,0.23990134897800286
2026-08-14 19:02:00,20185.18,909.61,44682.15,49038.25,33.09099999999307,26.660999999992782,6.430000000000291,0.24117624995319126
2026-08-14 19:03:00,20185.05,909.73,44681.99,49038.06,32.900999999990745,26.560999999994237,6.3399999999965075,0.2386958322351524
2026-08-14 19:04:00,20184.98,910.04,44681.77,49037.82,32.66099999999278,26.4159999999938,6.244999999998981,0.2364097516656741
2026-08-14 19:05:00,20185.12,910.18,44681.68,49037.8,32.640999999995984,26.270999999993364,6.370000000002619,0.24247268851601494
2026-08-14 19:06:00,20185.6,910.24,44681.57,49037.9,32.74099999999453,26.225999999991473,6.515000000003056,0.24841760085431153
2026-08-14 19:07:00,20186.15,910.41,44681.62,49038.18,33.020999999993364,26.18099999998958,6.8400000000037835,0.2612581643178834
2026-08-14 19:08:00,20186.53,910.38,44681.66,49038.36,33.200999999993655,26.150999999990745,7.05000000000291,0.26958816106479316
2026-08-14 19:09:00,20187.37,910.34,44681.76,49038.78,33.62099999999191,26.12099999999191,7.5,0.2871253014816555
2026-08-14 19:10:00,20188.0,910.09,44681.68,49038.96,33.8009999999922,26.10599999999249,7.694999999999709,0.29475982532758455
2026-08-14 19:11:00,20188.87,910.53,44681.82,49039.45,34.29099999999016,26.090999999993073,8.19999999999709,0.31428461921732653
2026-08-14 19:12:00,20189.14,910.09,44681.72,49039.45,34.29099999999016,26.085999999992055,8.204999999998108,0.3145365330062335
2026-08-14 19:13:00,20189.0,910.41,44681.57,49039.26,34.10099999999511,26.080999999991036,8.020000000004075,0.3075035466434121
2026-08-14 19:14:00,20189.35,910.72,44681.63,49039.46,34.3009999999922,26.0509999999922,8.25,0.316686499558653
2026-08-14 19:15:00,20189.53,910.87,44681.73,49039.63,34.470999999990454,26.020999999993364,8.44999999999709,0.32473771184809364
2026-08-14 19:16:00,20190.04,910.59,44681.67,49039.77,34.61099999998987,26.020999999993364,8.589999999996508,0.3301179816301717
2026-08-14 19:17:00,20190.33,910.31,44681.89,49040.09,34.93099999998958,26.020999999993364,8.909999999996217,0.3424157411321044
2026-08-14 19:18:00,20190.14,910.25,44681.79,49039.93,34.770999999993364,26.015999999992346,8.755000000001019,0.33652367773691555
2026-08-14 19:19:00,20190.48,909.96,44681.6,49039.89,34.73099999999249,26.010999999991327,8.720000000001164,0.3352427819001219
2026-08-14 19:20:00,20190.97,909.83,44681.83,49040.29,35.130999999993946,26.010999999991327,9.12000000000262,0.3506208911616493
2026-08-14 19:21:00,20190.85,910.31,44681.81,49040.22,35.06099999999424,26.010999999991327,9.05000000000291,0.347929722040903
2026-08-14 19:22:00,20190.57,910.55,44681.67,49040.0,34.84099999999307,26.000999999992928,8.840000000000146,0.3399869235799604
2026-08-14 19:23:00,20190.19,910.95,44681.54,49039.72,34.56099999999424,25.99099999999453,8.569999999999709,0.3297295217575897
2026-08-14 19:24:00,20190.03,911.05,44681.47,49039.6,34.44099999999162,25.955999999994674,8.484999999996944,0.32689936816145343
2026-08-14 19:25:00,20189.84,911.36,44681.52,49039.57,34.41099999999278,25.92099999999482,8.489999999997963,0.3275336599668091
2026-08-14 19:26:00,20189.43,911.37,44681.34,49039.24,34.080999999991036,25.870999999995547,8.209999999995489,0.31734374396029924
2026-08-14 19:27:00,20188.91,911.64,44681.51,49039.19,34.0309999999954,25.820999999996275,8.209999999999127,0.3179582510359905
2026-08-14 19:28:00,20188.52,911.94,44681.53,49039.05,33.890999999995984,25.820999999996275,8.069999999999709,0.31253630765659246
2026-08-14 19:29:00,20188.47,912.02,44681.65,49039.16,34.000999999996566,25.820999999996275,8.180000000000291,0.31679640602615977
2026-08-14 19:30:00,20187.8,912.78,44681.49,49038.72,33.56099999999424,25.770999999993364,7.790000000000873,0.30227775406475804
2026-08-14 19:31:00,20187.54,913.18,44681.01,49038.2,33.04099999999016,25.720999999990454,7.319999999999709,0.28459235644035713
2026-08-14 19:32:00,20188.42,913.45,44681.32,49038.87,33.71099999999569,25.650999999990745,8.060000000004948,0.31421776928805334
2026-08-14 19:33:00,20188.99,913.37,44681.92,49039.63,34.470999999990454,25.580999999991036,8.889999999999418,0.3475235526368216
2026-08-14 19:34:00,20188.86,913.51,44681.74,49039.41,34.250999999996566,25.575999999993655,8.67500000000291,0.33918517360044814
2026-08-14 19:35:00,20188.89,913.53,44681.51,49039.21,34.0509999999922,25.570999999996275,8.479999999995925,0.3316256697038505
2026-08-14 19:36:00,20188.36,913.76,44681.1,49038.64,33.48099999999249,25.55599999999322,7.924999999999272,0.3101033025513138
2026-08-14 19:37:00,20189.25,913.47,44681.97,49039.79,34.630999999993946,25.540999999990163,9.090000000003783,0.3558983595006963
2026-08-14 19:38:00,20188.6,913.73,44681.7,49039.26,34.10099999999511,25.515999999992346,8.585000000002765,0.3364555572975913
2026-08-14 19:39:00,20188.33,914.03,44681.6,49039.06,33.900999999990745,25.49099999999453,8.409999999996217,0.32992036404997926
2026-08-14 19:40:00,20188.52,913.54,44682.11,49039.6,34.44099999999162,25.47599999999511,8.964999999996508,0.3518998272883588
2026-08-14 19:41:00,20188.35,914.1,44682.02,49039.47,34.31099999999424,25.460999999995693,8.849999999998545,0.347590432426065
2026-08-14 19:42:00,20188.03,913.58,44682.11,49039.41,34.250999999996566,25.445999999992637,8.805000000003929,0.34602688045297797
2026-08-14 19:43:00,20187.66,913.47,44681.92,49039.08,33.92099999999482,25.43099999998958,8.490000000005239,0.3338445204674892
2026-08-14 19:44:00,20187.6,913.53,44681.92,49039.06,33.900999999990745,25.410999999992782,8.489999999997963,0.33410727637638715
2026-08-14 19:45:00,20187.61,913.5,44682.15,49039.27,34.11099999998987,25.390999999995984,8.719999999993888,0.3434287739748441
2026-08-14 19:46:00,20187.63,912.83,44682.28,49039.38,34.220999999990454,25.380999999993946,8.839999999996508,0.3482920294708095
2026-08-14 19:47:00,20187.2,912.56,44682.56,49039.44,34.2809999999954,25.37099999999191,8.910000000003492,0.35118836466857173
2026-08-14 19:48:00,20186.99,912.26,44682.59,49039.4,34.24099999999453,25.35599999999249,8.885000000002037,0.3504101593313089
2026-08-14 19:49:00,20186.62,911.54,44682.84,49039.45,34.29099999999016,25.340999999993073,8.94999999999709,0.35318258947948133
2026-08-14 19:50:00,20186.24,910.79,44683.22,49039.63,34.470999999990454,25.335999999992055,9.1349999999984,0.3605541521945557
2026-08-14 19:51:00,20185.21,909.5,44683.49,49039.42,34.26099999999133,25.330999999991036,8.930000000000291,0.35253247009606614
2026-08-14 19:52:00,20183.85,910.15,44683.58,49038.97,33.81099999999424,25.23099999999249,8.580000000001746,0.34005786532457294
2026-08-14 19:53:00,20183.26,911.04,44683.58,49038.74,33.580999999991036,25.130999999993946,8.44999999999709,0.33623811229155726
2026-08-14 19:54:00,20182.44,911.97,44683.07,49037.95,32.79099999999016,25.12099999999191,7.669999999998254,0.3053222403567025
2026-08-14 19:55:00,20181.52,913.36,44682.1,49036.73,31.570999999996275,25.110999999989872,6.460000000006403,0.2572577754772414
2026-08-14 19:56:00,20180.36,913.97,44682.51,49036.62,31.460999999995693,25.100999999991473,6.36000000000422,0.25337635950784354
2026-08-14 19:57:00,20179.45,914.09,44682.49,49036.26,31.10099999999511,25.090999999993073,6.010000000002037,0.23952811765189497
2026-08-14 19:58:00,20178.55,915.68,44682.41,49035.85,30.690999999991618,25.080999999994674,5.609999999996944,0.2236752920536715
2026-08-14 19:59:00,20177.47,917.08,44681.95,49035.02,29.860999999989872,25.070999999996275,4.789999999993597,0.1910573969923142
2026-08-14 20:00:00,20177.32,918.66,44681.52,49034.59,29.43099999998958,25.03599999999642,4.394999999993161,0.17554721201445075
2026-08-14 20:01:00,20176.46,920.29,44681.32,49034.08,28.92099999999482,25.000999999996566,3.9199999999982538,0.15679372825082166
2026-08-14 20:02:00,20175.65,920.9,44681.18,49033.65,28.49099999999453,24.955999999994674,3.5349999999998545,0.14164930277290466
2026-08-14 20:03:00,20174.9,922.78,44681.06,49033.25,28.090999999993073,24.910999999992782,3.180000000000291,0.1276544498414842
2026-08-14 20:04:00,20174.11,924.21,44680.53,49032.47,27.310999999994237,24.86599999999453,2.444999999999709,0.09832703289633422
2026-08-14 20:05:00,20173.62,925.68,44680.41,49032.19,27.0309999999954,24.820999999996275,2.209999999999127,0.08903750856127708
2026-08-14 20:06:00,20174.64,927.22,44680.63,49032.82,27.660999999992782,24.820999999996275,2.8399999999965075,0.1144192417709574
2026-08-14 20:07:00,20174.59,928.32,44680.0,49032.26,27.10099999999511,24.820999999996275,2.279999999998836,0.09185770114013046
2026-08-14 20:08:00,20174.27,929.46,44679.74,49031.92,26.760999999991327,24.815999999995256,1.944999999996071,0.07837685364266775
2026-08-14 20:09:00,20174.71,931.07,44679.66,49032.05,26.890999999995984,24.810999999994237,2.0800000000017462,0.08383378340261292
2026-08-14 20:10:00,20174.48,931.89,44679.64,49031.95,26.790999999990163,24.7909999999938,1.999999999996362,0.08067443830409673
2026-08-14 20:11:00,20174.47,932.51,44679.63,49031.95,26.790999999990163,24.770999999993364,2.0199999999967986,0.0815469702473594
2026-08-14 20:12:00,20174.38,933.24,44679.4,49031.72,26.560999999994237,24.755999999993946,1.805000000000291,0.07291161738571386
2026-08-14 20:13:00,20175.06,934.39,44679.43,49032.05,26.890999999995984,24.74099999999453,2.150000000001455,0.08690028697311873
2026-08-14 20:14:00,20176.2,934.28,44679.81,49032.85,27.690999999991618,24.73599999999351,2.9549999999981083,0.119461513583396
2026-08-14 20:15:00,20176.81,934.65,44680.04,49033.31,28.150999999990745,24.73099999999249,3.4199999999982538,0.13828797865024836
2026-08-14 20:16:00,20176.9,935.22,44679.88,49033.23,28.070999999996275,24.705999999991036,3.3650000000052387,0.13620173237296446
2026-08-14 20:17:00,20177.22,935.71,44680.12,49033.59,28.43099999998958,24.68099999998958,3.75,0.15193873830078128
2026-08-14 20:18:00,20177.44,936.3,44679.91,49033.49,28.330999999991036,24.68099999998958,3.650000000001455,0.1478870386128194
2026-08-14 20:19:00,20178.09,936.77,44679.85,49033.7,28.540999999990163,24.68099999998958,3.860000000000582,0.1563956079576278
2026-08-14 20:20:00,20178.35,936.32,44679.73,49033.7,28.540999999990163,24.650999999990745,3.889999999999418,0.15780292888730188
2026-08-14 20:21:00,20179.61,934.76,44680.41,49034.81,29.650999999990745,24.62099999999191,5.029999999998836,0.204297144713882
2026-08-14 20:22:00,20180.16,934.03,44680.85,49035.42,30.260999999991327,24.61599999999089,5.645000000000437,0.2293223919403041
2026-08-14 20:23:00,20180.53,933.46,44680.72,49035.45,30.290999999990163,24.610999999989872,5.680000000000291,0.23079110966651614
2026-08-14 20:24:00,20181.76,932.84,44681.11,49036.29,31.130999999993946,24.60599999999249,6.525000000001455,0.26517922457951093
2026-08-14 20:25:00,20182.35,932.79,44681.17,49036.58,31.42099999999482,24.60099999999511,6.819999999999709,0.2772245030690242
2026-08-14 20:26:00,20182.5,931.8,44681.17,49036.64,31.48099999999249,24.60599999999249,6.875,0.2794033975453994
2026-08-14 20:27:00,20182.84,931.34,44681.68,49037.22,32.06099999999424,24.610999999989872,7.450000000004366,0.3027101702493776
2026-08-14 20:28:00,20182.93,931.17,44681.73,49037.3,32.140999999995984,24.60599999999249,7.5350000000034925,0.3062261237098997
2026-08-14 20:29:00,20183.01,931.05,44681.8,49037.38,32.220999999990454,24.60099999999511,7.619999999995343,0.3097435063614023
2026-08-14 20:30:00,20183.09,930.83,44681.51,49037.15,31.99099999999453,24.570999999992637,7.420000000001892,0.3019820113143183
2026-08-14 20:31:00,20183.68,930.53,44681.99,49037.83,32.67099999999482,24.60099999999511,8.069999999999709,0.32803544571364224
2026-08-14 20:32:00,20184.02,930.2,44682.06,49038.02,32.86099999998987,24.60599999999249,8.25499999999738,0.33548727952531493
2026-08-14 20:33:00,20183.97,929.6,44681.83,49037.79,32.630999999993946,24.60099999999511,8.029999999998836,0.32640949554897897
2026-08-14 20:34:00,20184.43,928.79,44681.93,49038.05,32.890999999995984,24.570999999992637,8.320000000003347,0.3386105571611184
2026-08-14 20:35:00,20184.84,927.75,44682.12,49038.38,33.220999999990454,24.60099999999511,8.619999999995343,0.3503922604770967
2026-08-14 20:36:00,20184.84,927.15,44682.1,49038.34,33.18099999998958,24.570999999992637,8.609999999996944,0.3504130886003632
2026-08-14 20:37:00,20184.95,926.75,44682.01,49038.3,33.140999999995984,24.540999999990163,8.60000000000582,0.35043396764635787
2026-08-14 20:38:00,20184.91,925.9,44682.04,49038.3,33.140999999995984,24.570999999992637,8.570000000003347,0.34878515322965753
2026-08-14 20:39:00,20184.86,925.09,44682.04,49038.26,33.10099999999511,24.60099999999511,8.5,0.34551440998340266
2026-08-14 20:40:00,20184.79,924.37,44682.05,49038.22,33.06099999999424,24.575999999990017,8.48500000000422,0.3452555338544786
2026-08-14 20:41:00,20184.63,923.73,44682.11,49038.2,33.04099999999016,24.610999999989872,8.430000000000291,0.34252976311420746
2026-08-14 20:42:00,20184.4,923.41,44682.22,49038.22,33.06099999999424,24.580999999991036,8.480000000003201,0.3449818965870507
2026-08-14 20:43:00,20184.44,922.6,44682.53,49038.51,33.35099999999511,24.62099999999191,8.730000000003201,0.3545753624956773
2026-08-14 20:44:00,20184.33,922.38,44682.76,49038.65,33.49099999999453,24.6759999999922,8.815000000002328,0.35722969687166134
2026-08-14 20:45:00,20183.93,922.09,44682.53,49038.26,33.10099999999511,24.73099999999249,8.37000000000262,0.3384416319600971
2026-08-14 20:46:00,20183.76,921.89,44682.56,49038.22,33.06099999999424,24.750999999992928,8.31000000000131,0.3357440103431653
2026-08-14 20:47:00,20183.77,921.46,44682.51,49038.18,33.020999999993364,24.770999999993364,8.25,0.333050744822664
2026-08-14 20:48:00,20183.51,921.07,44682.36,49037.93,32.770999999993364,24.750999999992928,8.020000000000437,0.3240273120279071
2026-08-14 20:49:00,20183.55,920.56,44682.21,49037.8,32.640999999995984,24.73099999999249,7.9100000000034925,0.3198414944808497
2026-08-14 20:50:00,20183.65,919.97,44682.22,49037.85,32.69099999999162,24.6759999999922,8.014999999999418,0.32480953152868985
2026-08-14 20:51:00,20183.85,919.66,44682.3,49037.98,32.820999999996275,24.62099999999191,8.200000000004366,0.3330490231918712
2026-08-14 20:52:00,20183.87,919.32,44682.26,49037.95,32.79099999999016,24.580999999991036,8.209999999999127,0.3339978031814052
2026-08-14 20:53:00,20184.0,918.96,44682.07,49037.83,32.67099999999482,24.540999999990163,8.130000000004657,0.3312823438330922
2026-08-14 20:54:00,20184.14,918.56,44682.05,49037.86,32.700999999993655,24.395999999993364,8.305000000000291,0.3404246597803964
2026-08-14 20:55:00,20184.06,918.15,44681.82,49037.62,32.46099999999569,24.250999999996566,8.209999999999127,0.3385427405055581
2026-08-14 20:56:00,20184.06,917.77,44681.73,49037.53,32.37099999999191,24.215999999993073,8.154999999998836,0.33676081929307766
2026-08-14 20:57:00,20184.25,917.34,44681.75,49037.62,32.46099999999569,24.250999999996566,8.209999999999127,0.3385427405055581
2026-08-14 20:58:00,20184.41,917.02,44681.71,49037.64,32.48099999999249,24.435999999994237,8.044999999998254,0.32922736945490877
2026-08-14 20:59:00,20184.34,916.6,44681.59,49037.48,32.320999999996275,24.62099999999191,7.700000000004366,0.31274115592408497
2026-08-14 21:00:00,20184.28,916.43,44681.59,49037.46,32.3009999999922,24.49099999999453,7.809999999997672,0.31889265444446596
2026-08-14 21:01:00,20184.11,915.94,44681.64,49037.43,32.270999999993364,24.73099999999249,7.540000000000873,0.30488051433436425
2026-08-14 21:02:00,20183.88,915.76,44681.44,49037.13,31.970999999990454,24.750999999992928,7.219999999997526,0.2917053856409676
2026-08-14 21:03:00,20183.68,915.6,44681.3,49036.93,31.770999999993364,24.770999999993364,7.0,0.282588510758624
2026-08-14 21:04:00,20183.45,915.56,44681.14,49036.69,31.5309999999954,25.100999999991473,6.430000000003929,0.25616509302442586
2026-08-14 21:05:00,20183.52,915.17,44681.16,49036.72,31.560999999994237,25.43099999998958,6.130000000004657,0.24104439463674918
2026-08-14 21:06:00,20183.62,914.86,44681.17,49036.77,31.610999999989872,25.445999999992637,6.164999999997235,0.24227776467810339
2026-08-14 21:07:00,20183.66,914.91,44681.27,49036.88,31.720999999990454,25.460999999995693,6.259999999994761,0.24586622677804565
2026-08-14 21:08:00,20183.73,914.93,44681.16,49036.81,31.650999999990745,25.500999999992928,6.149999999997817,0.24116701305829272
2026-08-14 21:09:00,20183.96,914.95,44681.06,49036.81,31.650999999990745,25.540999999990163,6.110000000000582,0.23922320974131536
2026-08-14 21:10:00,20184.33,914.6,44680.94,49036.85,31.690999999991618,25.5609999999906,6.130000000001019,0.23981847345578314
2026-08-14 21:11:00,20184.7,914.52,44680.82,49036.89,31.73099999999249,25.580999999991036,6.150000000001455,0.24041280637987608
2026-08-14 21:12:00,20184.97,914.47,44680.73,49036.9,31.74099999999453,25.650999999990745,6.0900000000037835,0.23741764453650854
2026-08-14 21:13:00,20185.23,914.2,44680.71,49036.99,31.830999999991036,25.720999999990454,6.110000000000582,0.2375490844058493
2026-08-14 21:14:00,20185.5,913.44,44680.67,49037.06,31.900999999990745,25.770999999993364,6.129999999997381,0.23786426603542582
2026-08-14 21:15:00,20185.59,913.0,44680.7,49037.11,31.950999999993655,25.820999999996275,6.129999999997381,0.2374036636845306
2026-08-14 21:16:00,20185.67,912.86,44680.6,49037.05,31.890999999995984,25.820999999996275,6.069999999999709,0.23507997366486907
2026-08-14 21:17:00,20185.9,912.78,44680.52,49037.08,31.92099999999482,25.820999999996275,6.099999999998545,0.23624181867469984
2026-08-14 21:18:00,20186.15,912.81,44680.4,49037.07,31.910999999992782,25.9059999999954,6.004999999997381,0.2317995831081003
2026-08-14 21:19:00,20186.49,912.59,44680.41,49037.2,32.04099999999016,25.99099999999453,6.049999999995634,0.23277288292089215
2026-08-14 21:20:00,20186.56,912.43,44680.28,49037.11,31.950999999993655,26.000999999992928,5.950000000000728,0.22883735240961295
2026-08-14 21:21:00,20186.59,912.47,44680.09,49036.97,31.810999999994237,26.010999999991327,5.80000000000291,0.22298258429144763
2026-08-14 21:22:00,20186.96,912.65,44680.17,49037.2,32.04099999999016,26.015999999992346,6.024999999997817,0.23158825338251807
2026-08-14 21:23:00,20187.03,912.69,44680.05,49037.11,31.950999999993655,26.020999999993364,5.930000000000291,0.22789285577040863
2026-08-14 21:24:00,20187.14,912.69,44679.89,49037.01,31.85099999999511,26.020999999993364,5.830000000001746,0.2240498059261071
2026-08-14 21:25:00,20186.98,912.26,44679.65,49036.7,31.540999999990163,26.020999999993364,5.519999999996799,0.21213635140840884
2026-08-14 21:26:00,20187.39,912.06,44679.76,49036.97,31.810999999994237,26.05599999999322,5.755000000001019,0.22087043291382086
2026-08-14 21:27:00,20187.66,912.15,44679.78,49037.11,31.950999999993655,26.090999999993073,5.860000000000582,0.22459852056272805
2026-08-14 21:28:00,20187.94,912.19,44679.48,49036.94,31.7809999999954,26.10599999999249,5.67500000000291,0.2173829770935625
2026-08-14 21:29:00,20188.15,912.09,44679.34,49036.89,31.73099999999249,26.12099999999191,5.610000000000582,0.2147697255083006
2026-08-14 21:30:00,20188.42,911.82,44679.22,49036.89,31.73099999999249,26.150999999990745,5.580000000001746,0.2133761615236022
2026-08-14 21:31:00,20188.61,911.72,44678.96,49036.73,31.570999999996275,26.18099999998958,5.390000000006694,0.2058744891336786
2026-08-14 21:32:00,20189.13,911.54,44679.09,49037.07,31.910999999992782,26.37099999999191,5.540000000000873,0.21007925372578107
2026-08-14 21:33:00,20189.37,911.37,44679.03,49037.11,31.950999999993655,26.560999999994237,5.389999999999418,0.20292910658486454
2026-08-14 21:34:00,20189.13,911.08,44678.8,49036.8,31.640999999995984,26.660999999992782,4.980000000003201,0.18678969280989272
2026-08-14 21:35:00,20188.79,910.83,44678.72,49036.59,31.43099999998958,26.760999999991327,4.669999999998254,0.17450767908522727
2026-08-14 21:36:00,20188.88,910.49,44678.94,49036.82,31.660999999992782,26.775999999990745,4.885000000002037,0.1824394980581015
2026-08-14 21:37:00,20188.92,910.24,44679.13,49037.01,31.85099999999511,26.790999999990163,5.060000000004948,0.1888693964393567
2026-08-14 21:38:00,20188.6,910.12,44679.05,49036.81,31.650999999990745,26.790999999990163,4.860000000000582,0.18140420290404863
2026-08-14 21:39:00,20188.23,910.14,44678.8,49036.42,31.260999999991327,26.790999999990163,4.470000000001164,0.16684707551053732
2026-08-14 21:40:00,20188.0,910.13,44678.58,49036.13,30.970999999990454,26.790999999990163,4.180000000000291,0.15602254488454428
2026-08-14 21:41:00,20188.2,909.89,44678.74,49036.35,31.190999999991618,26.790999999990163,4.400000000001455,0.16423425777324738
2026-08-14 21:42:00,20188.29,909.58,44678.91,49036.53,31.37099999999191,26.840999999993073,4.529999999998836,0.16877165530345387
2026-08-14 21:43:00,20188.32,909.46,44678.85,49036.5,31.340999999993073,26.890999999995984,4.44999999999709,0.16548287531135897
2026-08-14 21:44:00,20188.9,909.18,44679.03,49036.89,31.73099999999249,26.890999999995984,4.8399999999965075,0.1799858688779603
2026-08-14 21:45:00,20189.11,909.33,44678.79,49036.75,31.590999999993073,26.890999999995984,4.69999999999709,0.1747796660591942
2026-08-14 21:46:00,20189.45,909.32,44678.55,49036.68,31.520999999993364,26.900999999994383,4.619999999998981,0.1717408274785304
2026-08-14 21:47:00,20189.98,909.12,44678.47,49036.83,31.67099999999482,26.910999999992782,4.760000000002037,0.1768793430197062
2026-08-14 21:48:00,20190.44,908.96,44678.48,49037.02,31.860999999989872,26.970999999994092,4.88999999999578,0.18130584702075753
2026-08-14 21:49:00,20190.71,908.76,44678.41,49037.06,31.900999999990745,27.0309999999954,4.869999999995343,0.1801635159630118
2026-08-14 21:50:00,20191.08,908.45,44678.4,49037.19,32.0309999999954,27.065999999995256,4.9650000000001455,0.18344047882956535
2026-08-14 21:51:00,20191.13,908.31,44678.3,49037.1,31.940999999991618,27.10099999999511,4.8399999999965075,0.17859119589673372
2026-08-14 21:52:00,20191.28,908.11,44678.2,49037.07,31.910999999992782,27.205999999994674,4.704999999998108,0.17293979269275267
2026-08-14 21:53:00,20191.09,908.08,44678.04,49036.85,31.690999999991618,27.310999999994237,4.379999999997381,0.1603749405001027
2026-08-14 21:54:00,20191.02,907.99,44677.96,49036.74,31.580999999991036,27.48599999999351,4.094999999997526,0.14898493778645466
2026-08-14 21:55:00,20191.06,907.91,44677.95,49036.76,31.60099999999511,27.660999999992782,3.9400000000023283,0.14243881276900172
2026-08-14 21:56:00,20190.93,907.94,44677.87,49036.64,31.48099999999249,27.6759999999922,3.805000000000291,0.13748374042496617
2026-08-14 21:57:00,20190.68,907.99,44677.74,49036.42,31.260999999991327,27.690999999991618,3.569999999999709,0.12892275468566644
2026-08-14 21:58:00,20190.5,907.9,44677.65,49036.25,31.090999999993073,27.715999999993073,3.375,0.1217708182999294
2026-08-14 21:59:00,20190.49,908.07,44677.55,49036.15,30.99099999999453,27.74099999999453,3.25,0.11715511337012512
2026-08-14 22:00:00,20190.7,908.06,44677.6,49036.29,31.130999999993946,27.9059999999954,3.224999999998545,0.11556654482903592
2026-08-14 22:01:00,20190.51,908.1,44677.38,49036.02,30.860999999989872,28.070999999996275,2.789999999993597,0.09939083039414226
2026-08-14 22:02:00,20190.56,908.3,44677.29,49035.96,30.8009999999922,28.080999999994674,2.719999999997526,0.09686264734154916
2026-08-14 22:03:00,20190.71,908.23,44677.36,49036.09,30.93099999998958,28.090999999993073,2.8399999999965075,0.10109999644004157
2026-08-14 22:04:00,20190.89,908.11,44677.39,49036.18,31.020999999993364,28.12099999999191,2.900000000001455,0.10312577788849221
2026-08-14 22:05:00,20190.99,908.01,44677.27,49036.11,30.950999999993655,28.150999999990745,2.8000000000029104,0.09946360697679767
2026-08-14 22:06:00,20190.81,908.09,44677.19,49035.96,30.8009999999922,28.195999999992637,2.6049999999995634,0.0923889913462989
2026-08-14 22:07:00,20190.98,908.13,44677.2,49036.05,30.890999999995984,28.24099999999453,2.650000000001455,0.09383520413590059
2026-08-14 22:08:00,20190.95,908.16,44677.08,49035.93,30.770999999993364,28.265999999992346,2.5050000000010186,0.08862237316923856
2026-08-14 22:09:00,20191.01,908.16,44677.03,49035.9,30.74099999999453,28.290999999990163,2.4500000000043656,0.08659997879202636
2026-08-14 22:10:00,20191.19,908.19,44677.09,49036.03,30.87099999999191,28.3109999999906,2.5600000000013097,0.09042421673562077
2026-08-14 22:11:00,20191.27,908.17,44677.04,49036.03,30.87099999999191,28.330999999991036,2.540000000000873,0.08965444213058758
2026-08-14 22:12:00,20191.6,908.12,44677.1,49036.2,31.040999999990163,28.36099999999351,2.679999999996653,0.09449596276567351
2026-08-14 22:13:00,20191.84,907.99,44677.18,49036.38,31.220999999990454,28.390999999995984,2.8299999999944703,0.09967947589006625
2026-08-14 22:14:00,20191.81,907.78,44677.09,49036.27,31.110999999989872,28.410999999992782,2.6999999999970896,0.0950336137410783
2026-08-14 22:15:00,20192.11,907.59,44677.03,49036.34,31.18099999998958,28.43099999998958,2.75,0.09672540536741613
2026-08-14 22:16:00,20192.66,907.35,44677.12,49036.64,31.48099999999249,28.4359999999906,3.0450000000018917,0.10708257138848286
2026-08-14 22:17:00,20193.0,907.31,44676.98,49036.65,31.49099999999453,28.440999999991618,3.0500000000029104,0.10723954853921484
2026-08-14 22:18:00,20193.33,907.26,44676.86,49036.68,31.520999999993364,28.465999999993073,3.055000000000291,0.10732101454370246
2026-08-14 22:19:00,20193.95,907.05,44676.87,49036.93,31.770999999993364,28.49099999999453,3.279999999998836,0.11512407426904868
2026-08-14 22:20:00,20194.34,906.79,44676.84,49037.05,31.890999999995984,28.510999999994965,3.3800000000010186,0.11855073480416736
2026-08-14 22:21:00,20194.74,906.48,44676.81,49037.19,32.0309999999954,28.5309999999954,3.5,0.12267358312013474
2026-08-14 22:22:00,20194.94,906.18,44676.77,49037.23,32.070999999996275,28.535999999992782,3.5350000000034925,0.12387860947590365
2026-08-14 22:23:00,20195.17,905.8,44676.8,49037.34,32.18099999998958,28.540999999990163,3.639999999999418,0.1275358256543454
2026-08-14 22:24:00,20195.25,905.71,44676.79,49037.36,32.200999999993655,28.540999999990163,3.6600000000034925,0.1282365719492924
2026-08-14 22:25:00,20195.47,905.54,44676.8,49037.45,32.29099999999016,28.540999999990163,3.75,0.13138993027578896
2026-08-14 22:26:00,20195.53,905.39,44676.76,49037.44,32.2809999999954,28.73099999999249,3.5500000000029104,0.12355991785889242
2026-08-14 22:27:00,20195.48,905.29,44676.68,49037.36,32.200999999993655,28.92099999999482,3.279999999998836,0.11341239929461026
2026-08-14 22:28:00,20195.53,905.05,44676.65,49037.33,32.17099999999482,29.005999999993946,3.165000000000873,0.10911535544375418
2026-08-14 22:29:00,20195.78,904.71,44676.72,49037.49,32.330999999991036,29.090999999993073,3.2399999999979627,0.11137465195416914
2026-08-14 22:30:00,20195.87,904.5,44676.72,49037.53,32.37099999999191,29.130999999993946,3.2399999999979627,0.11122172256354523
2026-08-14 22:31:00,20195.56,904.27,44676.79,49037.46,32.3009999999922,29.17099999999482,3.1299999999973807,0.107298344245927
2026-08-14 22:32:00,20195.35,904.07,44676.88,49037.47,32.31099999999424,29.18099999999322,3.1300000000010186,0.1072615743121122
2026-08-14 22:33:00,20195.0,903.94,44676.83,49037.29,32.130999999993946,29.190999999991618,2.9400000000023283,0.10071597410171534
2026-08-14 22:34:00,20194.87,903.93,44676.86,49037.24,32.080999999991036,29.195999999992637,2.8849999999983993,0.0988149061514977
2026-08-14 22:35:00,20194.75,903.91,44676.72,49037.06,31.900999999990745,29.200999999993655,2.6999999999970896,0.0924625868976294
2026-08-14 22:36:00,20194.53,903.95,44676.65,49036.91,31.750999999996566,29.210999999992055,2.540000000004511,0.08695354489764821
2026-08-14 22:37:00,20194.22,904.06,44676.54,49036.69,31.5309999999954,29.220999999990454,2.3100000000049477,0.07905273604618947
2026-08-14 22:38:00,20193.8,904.33,44676.38,49036.38,31.220999999990454,29.24099999999089,1.9799999999995634,0.06771314250539244
2026-08-14 22:39:00,20193.71,904.57,44676.31,49036.27,31.110999999989872,29.260999999991327,1.8499999999985448,0.06322408666823051
2026-08-14 22:40:00,20193.64,904.95,44676.24,49036.19,31.0309999999954,29.270999999993364,1.7600000000020373,0.060127771514551474
2026-08-14 22:41:00,20193.34,905.54,44675.94,49035.8,30.640999999995984,29.2809999999954,1.360000000000582,0.046446501144113785
2026-08-14 22:42:00,20193.28,906.02,44675.67,49035.54,30.380999999993946,29.2909999999938,1.0900000000001455,0.03721279573931843
2026-08-14 22:43:00,20193.68,906.33,44675.76,49035.8,30.640999999995984,29.3009999999922,1.3400000000037835,0.04573222756916625
2026-08-14 22:44:00,20193.94,906.42,44675.86,49035.98,30.820999999996275,29.340999999993073,1.4800000000032014,0.050441361916892774
2026-08-14 22:45:00,20193.94,906.53,44675.71,49035.86,30.700999999993655,29.380999999993946,1.319999999999709,0.044926993635341916
2026-08-14 22:46:00,20194.35,906.43,44675.82,49036.13,30.970999999990454,29.390999999992346,1.5799999999981083,0.05375795311484875
2026-08-14 22:47:00,20194.68,906.32,44675.93,49036.35,31.190999999991618,29.400999999990745,1.7900000000008731,0.06088228291559595
2026-08-14 22:48:00,20194.55,906.2,44675.85,49036.22,31.060999999994237,29.400999999990745,1.6600000000034925,0.056460664603381346
2026-08-14 22:49:00,20194.61,906.25,44675.84,49036.24,31.080999999991036,29.400999999990745,1.680000000000291,0.0571409135743961
2026-08-14 22:50:00,20194.55,906.14,44675.8,49036.17,31.010999999991327,29.415999999990163,1.5950000000011642,0.05422219200440908
2026-08-14 22:51:00,20194.3,906.2,44675.75,49036.04,30.880999999993946,29.43099999998958,1.4500000000043656,0.04926777887278308
2026-08-14 22:52:00,20194.19,906.13,44675.69,49035.92,30.760999999991327,29.440999999991618,1.319999999999709,0.04483543357902533
2026-08-14 22:53:00,20193.78,906.11,44675.66,49035.74,30.580999999991036,29.450999999993655,1.1299999999973807,0.038368815999376055
2026-08-14 22:54:00,20193.46,905.95,44675.76,49035.69,30.5309999999954,29.465999999993073,1.0650000000023283,0.03614335165962732
2026-08-14 22:55:00,20193.1,906.02,44675.79,49035.58,30.42099999999482,29.48099999999249,0.9400000000023283,0.03188494284463104
2026-08-14 22:56:00,20193.12,906.23,44675.79,49035.59,30.43099999998958,29.49599999999191,0.9349999999976717,0.03169921345260131
2026-08-14 22:57:00,20193.45,906.34,44675.73,49035.68,30.520999999993364,29.510999999991327,1.0100000000020373,0.03422452644784433
2026-08-14 22:58:00,20193.37,906.47,44675.52,49035.46,30.3009999999922,29.530999999991764,0.7700000000004366,0.026074294808867
2026-08-14 22:59:00,20193.59,906.52,44675.51,49035.54,30.380999999993946,29.5509999999922,0.8300000000017462,0.02808703597177643
2026-08-14 23:00:00,20193.92,906.46,44675.6,49035.76,30.60099999999511,29.55599999999322,1.0450000000018917,0.03535661117885138
2026-08-14 23:01:00,20193.99,906.47,44675.59,49035.76,30.60099999999511,29.560999999994237,1.0400000000008731,0.03518148912422028
2026-08-14 23:02:00,20193.73,906.71,44675.4,49035.5,30.340999999993073,29.585999999992055,0.7550000000010186,0.025518826472021274
2026-08-14 23:03:00,20193.84,906.73,44675.45,49035.58,30.42099999999482,29.610999999989872,0.8100000000049477,0.027354699267340674
2026-08-14 23:04:00,20194.09,906.61,44675.46,49035.7,30.540999999990163,29.63099999999031,0.9099999999998545,0.030711079612573054
2026-08-14 23:05:00,20194.21,906.37,44675.51,49035.79,30.630999999993946,29.650999999990745,0.9800000000032014,0.033051161849634324
2026-08-14 23:06:00,20194.32,906.28,44675.52,49035.85,30.690999999991618,29.655999999991764,1.0349999999998545,0.03490018883194436
2026-08-14 23:07:00,20194.57,906.29,44675.54,49035.97,30.810999999994237,29.660999999992782,1.1500000000014552,0.03877145072660177
2026-08-14 23:08:00,20195.08,906.35,44675.5,49036.12,30.960999999995693,29.6659999999938,1.2950000000018917,0.043652666352125745
2026-08-14 23:09:00,20195.66,906.53,44675.37,49036.25,31.090999999993073,29.67099999999482,1.4199999999982538,0.04785817801889056
2026-08-14 23:10:00,20195.9,906.67,44675.23,49036.21,31.0509999999922,29.68099999999322,1.3699999999989814,0.046157474478598914
2026-08-14 23:11:00,20195.96,906.47,44675.18,49036.19,31.0309999999954,29.690999999991618,1.3400000000037835,0.045131521336572084
2026-08-14 23:12:00,20196.0,906.36,44675.15,49036.17,31.010999999991327,29.705999999991036,1.305000000000291,0.043930519087076174
2026-08-14 23:13:00,20196.17,906.06,44675.28,49036.36,31.200999999993655,29.720999999990454,1.4800000000032014,0.04979644022757231
2026-08-14 23:14:00,20196.42,905.85,44675.34,49036.5,31.340999999993073,29.73599999999351,1.6049999999995634,0.05397497982243455
2026-08-14 23:15:00,20196.42,905.76,44675.41,49036.57,31.410999999992782,29.750999999996566,1.6599999999962165,0.055796443816893825
2026-08-14 23:16:00,20196.11,905.84,44675.13,49036.19,31.0309999999954,29.775999999994383,1.2550000000010186,0.04214803868891911
2026-08-14 23:17:00,20196.1,905.84,44675.06,49036.14,30.98099999999249,29.8009999999922,1.180000000000291,0.03959598671187543
2026-08-14 23:18:00,20196.22,905.56,44675.28,49036.37,31.210999999995693,29.80599999999322,1.4050000000024738,0.04713816010208661
2026-08-14 23:19:00,20196.28,905.32,44675.38,49036.48,31.320999999996275,29.810999999994237,1.5100000000020373,0.05065244372890306
2026-08-14 23:20:00,20195.94,905.13,44675.08,49036.07,30.910999999992782,29.820999999992637,1.0900000000001455,0.036551423493525186
2026-08-14 23:21:00,20196.17,905.13,44675.23,49036.31,31.150999999990745,29.830999999991036,1.319999999999709,0.04424927089269906
2026-08-14 23:22:00,20196.49,905.01,44675.38,49036.57,31.410999999992782,29.845999999990454,1.5650000000023283,0.05243583729822519
2026-08-14 23:23:00,20196.44,905.12,44675.34,49036.51,31.35099999999511,29.860999999989872,1.4900000000052387,0.04989786008525314
2026-08-14 23:24:00,20196.36,905.07,44675.26,49036.41,31.250999999996566,29.885999999991327,1.3650000000052387,0.0456735595263881
2026-08-14 23:25:00,20196.23,905.14,44675.27,49036.37,31.210999999995693,29.910999999992782,1.3000000000029104,0.043462271405276455
2026-08-14 23:26:00,20195.75,905.2,44675.22,49036.13,30.970999999990454,29.940999999991618,1.0299999999988358,0.03440098861090559
2026-08-14 23:27:00,20195.4,905.26,44675.19,49035.97,30.810999999994237,29.970999999990454,0.8400000000037835,0.028027092856563046
2026-08-14 23:28:00,20195.26,905.38,44675.24,49035.94,30.7809999999954,29.99599999999191,0.7850000000034925,0.026170156020926264
2026-08-14 23:29:00,20195.18,905.61,44675.2,49035.87,30.710999999995693,30.020999999993364,0.6900000000023283,0.022983911262199154
2026-08-14 23:30:00,20195.02,905.86,44675.19,49035.8,30.640999999995984,30.10599999999249,0.5350000000034925,0.017770544077712943
2026-08-14 23:31:00,20194.85,906.28,44675.12,49035.68,30.520999999993364,30.190999999991618,0.33000000000174623,0.010930409724813284
2026-08-14 23:32:00,20194.98,906.78,44675.02,49035.66,30.500999999996566,30.200999999993655,0.3000000000029104,0.009933445912485461
2026-08-14 23:33:00,20195.16,907.27,44674.82,49035.56,30.400999999990745,30.210999999995693,0.18999999999505235,0.006289099996527074
2026-08-14 23:34:00,20195.35,907.36,44674.75,49035.57,30.410999999992782,30.22599999999511,0.1849999999976717,0.006120558459528275
2026-08-14 23:35:00,20195.51,907.25,44674.78,49035.66,30.500999999996566,30.24099999999453,0.26000000000203727,0.008597599285806829
2026-08-14 23:36:00,20195.68,907.56,44674.73,49035.67,30.510999999991327,30.24099999999453,0.2699999999967986,0.008928276181238962
2026-08-14 23:37:00,20195.76,907.82,44674.59,49035.61,30.450999999993655,30.24099999999453,0.20999999999912689,0.0069442148076837695
2026-08-14 23:38:00,20195.99,907.82,44674.58,49035.69,30.5309999999954,30.245999999995547,0.2849999999998545,0.009422733584602805
2026-08-14 23:39:00,20196.21,907.81,44674.54,49035.74,30.580999999991036,30.250999999996566,0.32999999999447027,0.010908730289726215
2026-08-14 23:40:00,20195.99,907.77,44674.47,49035.57,30.410999999992782,30.250999999996566,0.1599999999962165,0.005289081352558086
2026-08-14 23:41:00,20195.63,907.66,44674.53,49035.5,30.340999999993073,30.250999999996566,0.08999999999650754,0.002975108260768826
2026-08-14 23:42:00,20195.29,907.64,44674.58,49035.43,30.270999999993364,30.255999999993946,0.014999999999417923,0.00049576943414268
2026-08-14 23:43:00,20195.2,907.61,44674.64,49035.42,30.260999999991327,30.260999999991327,0.0,0.0
2026-08-14 23:44:00,20195.14,907.68,44674.66,49035.41,30.250999999996566,30.260999999991327,-0.00999999999476131,0.00033045834555249916
2026-08-14 23:45:00,20195.24,907.61,44674.69,49035.48,30.320999999996275,30.260999999991327,0.06000000000494765,0.0019827500745171955
2026-08-14 23:46:00,20195.09,907.38,44674.73,49035.45,30.290999999990163,30.265999999992346,0.024999999997817213,0.000826009383394685
2026-08-14 23:47:00,20194.73,907.45,44674.78,49035.35,30.190999999991618,30.270999999993364,-0.08000000000174623,0.0026427934327165857
2026-08-14 23:48:00,20194.14,907.63,44674.73,49035.07,29.910999999992782,30.280999999991764,-0.36999999999898137,0.012218883128003765
2026-08-14 23:49:00,20193.5,907.62,44674.76,49034.83,29.67099999999482,30.290999999990163,-0.6199999999953434,0.020468125845813763
2026-08-14 23:50:00,20193.18,908.01,44674.71,49034.67,29.510999999991327,30.290999999990163,-0.7799999999988358,0.025750222838436802
2026-08-14 23:51:00,20192.9,908.15,44674.71,49034.56,29.400999999990745,30.290999999990163,-0.8899999999994179,0.02938166452080509
2026-08-14 23:52:00,20192.67,908.46,44674.71,49034.46,29.3009999999922,30.29599999999118,-0.9949999999989814,0.03284261948769709
2026-08-14 23:53:00,20192.49,908.79,44674.67,49034.36,29.200999999993655,30.3009999999922,-1.0999999999985448,0.036302432262922936
2026-08-14 23:54:00,20192.37,908.91,44674.75,49034.38,29.220999999990454,30.310999999994237,-1.0900000000037835,0.035960542377486415
2026-08-14 23:55:00,20192.09,908.78,44674.74,49034.25,29.090999999993073,30.320999999996275,-1.2300000000032014,0.04056594439508435
2026-08-14 23:56:00,20192.2,908.75,44674.8,49034.35,29.190999999991618,30.330999999994674,-1.140000000003056,0.03758530876012186
2026-08-14 23:57:00,20192.24,909.06,44674.75,49034.33,29.17099999999482,30.340999999993073,-1.1699999999982538,0.038561682212139375
2026-08-14 23:58:00,20192.39,909.08,44674.76,49034.42,29.260999999991327,30.340999999993073,-1.0800000000017462,0.035595398965162416
2026-08-14 23:59:00,20192.64,909.11,44674.88,49034.61,29.450999999993655,30.340999999993073,-0.8899999999994179,0.029333245443446856
