timestamp,Bx,By,Bz,B_total,B_plasma_raw,B_plasma_baseline,delta_B,chi
2026-08-05 00:00:00,20184.69,905.31,44675.65,49031.94,13.281999999999243,12.176999999996042,1.1050000000032014,0.09074484684270022
2026-08-05 00:01:00,20184.55,905.4,44675.56,49031.81,13.151999999994587,12.161999999996624,0.9899999999979627,0.08140108534765972
2026-08-05 00:02:00,20184.49,905.47,44675.5,49031.73,13.072000000000116,12.156999999995605,0.9150000000045111,0.07526527926337434
2026-08-05 00:03:00,20184.45,905.51,44675.46,49031.67,13.011999999995169,12.151999999994587,0.8600000000005821,0.07077024358138291
2026-08-05 00:04:00,20184.46,905.51,44675.5,49031.7,13.041999999994005,12.151999999994587,0.8899999999994179,0.07323897300854298
2026-08-05 00:05:00,20184.37,905.51,44675.46,49031.63,12.971999999994296,12.151999999994587,0.819999999999709,0.0674786043449699
2026-08-05 00:06:00,20184.31,905.52,44675.43,49031.59,12.931999999993423,12.151999999994587,0.7799999999988358,0.06418696510855688
2026-08-05 00:07:00,20184.38,905.57,44675.47,49031.65,12.99199999999837,12.151999999994587,0.8400000000037835,0.06912442396347578
2026-08-05 00:08:00,20184.35,905.59,44675.49,49031.66,13.002000000000407,12.146999999997206,0.8550000000032014,0.07038775006202339
2026-08-05 00:09:00,20184.32,905.66,44675.46,49031.62,12.961999999999534,12.141999999999825,0.819999999999709,0.06753417888319228
2026-08-05 00:10:00,20184.2,905.82,44675.38,49031.52,12.861999999993714,12.141999999999825,0.7199999999938882,0.05929830340914994
2026-08-05 00:11:00,20184.11,905.89,44675.38,49031.48,12.822000000000116,12.141999999999825,0.680000000000291,0.05600395322025208
2026-08-05 00:12:00,20184.03,905.87,44675.4,49031.48,12.822000000000116,12.121999999999389,0.7000000000007276,0.05774624649404082
2026-08-05 00:13:00,20184.03,905.74,44675.48,49031.53,12.87199999999575,12.101999999998952,0.7699999999967986,0.06362584696718437
2026-08-05 00:14:00,20184.0,905.69,44675.52,49031.56,12.901999999994587,12.091999999996915,0.8099999999976717,0.0669864373137511
2026-08-05 00:15:00,20183.95,905.7,44675.55,49031.56,12.901999999994587,12.081999999994878,0.819999999999709,0.06786955802020002
2026-08-05 00:16:00,20183.76,905.81,44675.53,49031.47,12.81199999999808,12.06699999999546,0.7450000000026193,0.061738626005046794
2026-08-05 00:17:00,20183.69,905.79,44675.53,49031.44,12.781999999999243,12.051999999996042,0.7300000000032014,0.06057085960864928
2026-08-05 00:18:00,20183.56,905.76,44675.55,49031.4,12.74199999999837,12.051999999996042,0.6900000000023283,0.05725190839715855
2026-08-05 00:19:00,20183.34,905.8,44675.55,49031.33,12.671999999998661,12.051999999996042,0.6200000000026193,0.051443743777200714
2026-08-05 00:20:00,20183.25,905.91,44675.54,49031.3,12.641999999999825,12.051999999996042,0.5900000000037835,0.048954530368733595
2026-08-05 00:21:00,20183.13,906.05,44675.55,49031.25,12.591999999996915,12.051999999996042,0.5400000000008731,0.04480584135421926
2026-08-05 00:22:00,20182.96,906.17,44675.47,49031.11,12.451999999997497,11.991999999994732,0.46000000000276486,0.038358905937538934
2026-08-05 00:23:00,20183.05,906.1,44675.55,49031.23,12.572000000000116,11.931999999993423,0.6400000000066939,0.05363727790873673
2026-08-05 00:24:00,20183.16,906.01,44675.63,49031.34,12.681999999993423,11.891999999996187,0.7899999999972351,0.06643121426147733
2026-08-05 00:25:00,20183.06,906.21,44675.58,49031.26,12.601999999998952,11.851999999998952,0.75,0.06328045899426817
2026-08-05 00:26:00,20182.89,906.28,44675.58,49031.18,12.521999999997206,11.816999999999098,0.7049999999981083,0.05965981213490413
2026-08-05 00:27:00,20182.78,906.13,44675.62,49031.17,12.511999999995169,11.781999999999243,0.7299999999959255,0.061958920386689216
2026-08-05 00:28:00,20182.59,906.25,44675.61,49031.09,12.431999999993423,11.776999999998225,0.6549999999951979,0.05561688035962441
2026-08-05 00:29:00,20182.66,906.11,44675.62,49031.13,12.471999999994296,11.771999999997206,0.6999999999970896,0.05946313285739516
2026-08-05 00:30:00,20182.68,906.12,44675.68,49031.19,12.531999999999243,11.766999999996187,0.7650000000030559,0.06501232259737433
2026-08-05 00:31:00,20182.71,906.0,44675.72,49031.24,12.581999999994878,11.761999999995169,0.819999999999709,0.06971603468798213
2026-08-05 00:32:00,20182.71,905.86,44675.76,49031.26,12.601999999998952,11.756999999997788,0.8450000000011642,0.07187207621003004
2026-08-05 00:33:00,20182.77,905.84,44675.8,49031.32,12.661999999996624,11.752000000000407,0.9099999999962165,0.07743362831825944
2026-08-05 00:34:00,20182.82,905.8,44675.85,49031.38,12.721999999994296,11.736999999997352,0.9849999999969441,0.08392263781180595
2026-08-05 00:35:00,20182.79,905.6,44675.87,49031.39,12.731999999996333,11.721999999994296,1.0100000000020373,0.08616277085843105
2026-08-05 00:36:00,20182.55,905.46,44675.92,49031.33,12.671999999998661,11.716999999996915,0.9550000000017462,0.08150550482222392
2026-08-05 00:37:00,20182.55,905.53,44675.9,49031.33,12.671999999998661,11.711999999999534,0.9599999999991269,0.0819672131146828
2026-08-05 00:38:00,20182.38,905.4,44675.93,49031.27,12.611999999993714,11.706999999998516,0.9049999999951979,0.07730417698772638
2026-08-05 00:39:00,20182.08,905.67,44675.8,49031.04,12.381999999997788,11.701999999997497,0.680000000000291,0.058109724833399115
2026-08-05 00:40:00,20181.91,905.83,44675.78,49030.96,12.301999999996042,11.701999999997497,0.5999999999985448,0.051273286617558804
2026-08-05 00:41:00,20181.7,905.9,44675.71,49030.81,12.151999999994587,11.701999999997497,0.4499999999970896,0.03845496496301366
2026-08-05 00:42:00,20181.68,906.04,44675.7,49030.8,12.141999999999825,11.701999999997497,0.4400000000023283,0.03760041018649995
2026-08-05 00:43:00,20181.96,906.0,44675.74,49030.94,12.281999999999243,11.701999999997497,0.5800000000017462,0.049564177063909615
2026-08-05 00:44:00,20181.97,906.18,44675.72,49030.93,12.271999999997206,11.701999999997497,0.569999999999709,0.04870962228677413
2026-08-05 00:45:00,20181.94,906.18,44675.67,49030.86,12.201999999997497,11.701999999997497,0.5,0.0427277388480693
2026-08-05 00:46:00,20181.9,906.21,44675.68,49030.85,12.19199999999546,11.696999999996478,0.49499999999898137,0.04231854321613494
2026-08-05 00:47:00,20181.77,906.29,44675.68,49030.81,12.151999999994587,11.69199999999546,0.4599999999991269,0.039343140608903995
2026-08-05 00:48:00,20181.59,906.52,44675.63,49030.71,12.051999999996042,11.69199999999546,0.3600000000005821,0.03079028395490266
2026-08-05 00:49:00,20181.41,906.9,44675.51,49030.51,11.851999999998952,11.69199999999546,0.16000000000349246,0.013684570646899982
2026-08-05 00:50:00,20181.14,907.31,44675.38,49030.3,11.641999999999825,11.68199999999706,-0.039999999997235136,0.0034240712204455744
2026-08-05 00:51:00,20180.86,907.52,44675.34,49030.13,11.471999999994296,11.671999999998661,-0.20000000000436557,0.01713502398940957
2026-08-05 00:52:00,20180.76,907.51,44675.37,49030.14,11.481999999996333,11.656999999999243,-0.17500000000291038,0.015012438878178068
2026-08-05 00:53:00,20180.77,907.58,44675.45,49030.21,11.551999999996042,11.641999999999825,-0.0900000000037835,0.007730630476188357
2026-08-05 00:54:00,20180.92,907.56,44675.54,49030.36,11.701999999997497,11.641999999999825,0.059999999997671694,0.005153753650375588
2026-08-05 00:55:00,20181.01,907.64,44675.5,49030.36,11.701999999997497,11.641999999999825,0.059999999997671694,0.005153753650375588
2026-08-05 00:56:00,20181.19,907.55,44675.44,49030.38,11.721999999994296,11.61699999999837,0.10499999999592546,0.009038478092101248
2026-08-05 00:57:00,20181.11,907.47,44675.43,49030.33,11.671999999998661,11.591999999996915,0.08000000000174623,0.006901311249289814
2026-08-05 00:58:00,20180.87,907.51,44675.41,49030.21,11.551999999996042,11.586999999995896,-0.03499999999985448,0.003020626564241553
2026-08-05 00:59:00,20180.83,907.53,44675.4,49030.19,11.531999999999243,11.581999999994878,-0.049999999995634425,0.004317043688107109
2026-08-05 01:00:00,20180.55,907.79,44675.29,49029.97,11.31199999999808,11.571999999996478,-0.2599999999983993,0.02246802627017615
2026-08-05 01:01:00,20180.64,907.83,44675.32,49030.06,11.401999999994587,11.56199999999808,-0.16000000000349246,0.013838436257007355
2026-08-05 01:02:00,20180.36,908.07,44675.2,49029.83,11.171999999998661,11.55699999999706,-0.3849999999983993,0.03331314354923399
2026-08-05 01:03:00,20180.17,908.21,44675.17,49029.73,11.072000000000116,11.551999999996042,-0.47999999999592546,0.04155124653705765
2026-08-05 01:04:00,20180.22,908.42,44675.16,49029.75,11.091999999996915,11.551999999996042,-0.4599999999991269,0.039819944598276015
2026-08-05 01:05:00,20180.43,908.42,44675.2,49029.87,11.211999999999534,11.551999999996042,-0.33999999999650754,0.029432132963696678
2026-08-05 01:06:00,20180.36,908.58,44675.16,49029.81,11.151999999994587,11.541999999997643,-0.3900000000030559,0.03378963784466605
2026-08-05 01:07:00,20180.28,908.51,44675.07,49029.7,11.041999999994005,11.531999999999243,-0.4900000000052387,0.04249046132546573
2026-08-05 01:08:00,20180.39,908.41,44675.06,49029.73,11.072000000000116,11.511999999998807,-0.4399999999986903,0.03822098679627658
2026-08-05 01:09:00,20180.47,908.52,44675.09,49029.79,11.131999999997788,11.49199999999837,-0.3600000000005821,0.03132613992348009
2026-08-05 01:10:00,20180.62,908.47,44675.1,49029.85,11.19199999999546,11.486999999997352,-0.29500000000189175,0.02568120484042481
2026-08-05 01:11:00,20180.42,908.69,44675.02,49029.7,11.041999999994005,11.481999999996333,-0.4400000000023283,0.03832085002634287
2026-08-05 01:12:00,20180.27,908.86,44675.0,49029.62,10.961999999999534,11.481999999996333,-0.5199999999967986,0.045288277303341284
2026-08-05 01:13:00,20180.11,909.09,44674.98,49029.53,10.87199999999575,11.481999999996333,-0.6100000000005821,0.05312663299083582
2026-08-05 01:14:00,20180.0,909.25,44674.96,49029.48,10.822000000000116,11.476999999995314,-0.6549999999951979,0.05707066306486584
2026-08-05 01:15:00,20179.92,909.24,44674.98,49029.46,10.801999999996042,11.471999999994296,-0.6699999999982538,0.058403068340183655
2026-08-05 01:16:00,20179.69,909.29,44674.99,49029.37,10.711999999999534,11.471999999994296,-0.7599999999947613,0.06624825662440195
2026-08-05 01:17:00,20179.61,909.24,44675.04,49029.39,10.731999999996333,11.471999999994296,-0.7399999999979627,0.06450488145034264
2026-08-05 01:18:00,20179.53,909.44,44675.08,49029.4,10.74199999999837,11.471999999994296,-0.7299999999959255,0.06363319386299586
2026-08-05 01:19:00,20179.56,909.31,44675.11,49029.44,10.781999999999243,11.471999999994296,-0.6899999999950523,0.060146443514242975
2026-08-05 01:20:00,20179.53,909.33,44675.09,49029.41,10.752000000000407,11.436999999994441,-0.6849999999940337,0.05989332866961324
2026-08-05 01:21:00,20179.6,909.58,44675.07,49029.45,10.791999999994005,11.401999999994587,-0.6100000000005821,0.05349938607269529
2026-08-05 01:22:00,20179.43,909.54,44674.94,49029.26,10.601999999998952,11.401999999994587,-0.7999999999956344,0.07016312927521612
2026-08-05 01:23:00,20179.55,909.64,44675.06,49029.4,10.74199999999837,11.401999999994587,-0.6599999999962165,0.05788458165203735
2026-08-05 01:24:00,20179.63,909.54,44675.1,49029.47,10.81199999999808,11.396999999997206,-0.5849999999991269,0.05132929718340531
2026-08-05 01:25:00,20179.79,909.37,44675.25,49029.66,11.002000000000407,11.391999999999825,-0.3899999999994179,0.03423455056174718
2026-08-05 01:26:00,20179.7,909.47,44675.22,49029.59,10.931999999993423,11.351999999998952,-0.42000000000552973,0.036997885835585664
2026-08-05 01:27:00,20179.6,909.55,44675.09,49029.44,10.781999999999243,11.31199999999808,-0.5299999999988358,0.046852899575576895
2026-08-05 01:28:00,20179.43,909.62,44675.03,49029.32,10.661999999996624,11.31199999999808,-0.6500000000014552,0.05746110325332086
2026-08-05 01:29:00,20179.4,909.98,44674.97,49029.26,10.601999999998952,11.31199999999808,-0.7099999999991269,0.06276520509187124
2026-08-05 01:30:00,20179.36,909.95,44675.07,49029.35,10.69199999999546,11.30699999999706,-0.6150000000016007,0.05439108516863541
2026-08-05 01:31:00,20179.27,910.21,44675.07,49029.31,10.651999999994587,11.301999999996042,-0.6500000000014552,0.0575119447886819
2026-08-05 01:32:00,20179.16,910.19,44675.07,49029.26,10.601999999998952,11.296999999995023,-0.694999999996071,0.06152075772296868
2026-08-05 01:33:00,20179.06,910.17,44675.08,49029.24,10.581999999994878,11.291999999994005,-0.7099999999991269,0.06287637265316187
2026-08-05 01:34:00,20179.18,910.26,44675.07,49029.28,10.62199999999575,11.286999999996624,-0.6650000000008731,0.0589173385311484
2026-08-05 01:35:00,20179.04,910.23,44675.1,49029.23,10.572000000000116,11.281999999999243,-0.7099999999991269,0.06293210423676428
2026-08-05 01:36:00,20179.24,910.36,44675.14,49029.34,10.681999999993423,11.281999999999243,-0.6000000000058208,0.05318205991897368
2026-08-05 01:37:00,20179.25,910.19,44675.21,49029.41,10.752000000000407,11.281999999999243,-0.5299999999988358,0.04697748626120115
2026-08-05 01:38:00,20179.22,910.12,44675.23,49029.43,10.771999999997206,11.276999999998225,-0.5050000000010186,0.044781413496594674
2026-08-05 01:39:00,20179.53,910.11,44675.27,49029.59,10.931999999993423,11.271999999997206,-0.3400000000037835,0.03016323633817138
2026-08-05 01:40:00,20179.63,909.88,44675.32,49029.67,11.011999999995169,11.266999999996187,-0.25500000000101863,0.022632466495172178
2026-08-05 01:41:00,20179.62,909.84,44675.32,49029.68,11.021999999997206,11.261999999995169,-0.23999999999796273,0.021310602024335438
2026-08-05 01:42:00,20179.8,909.58,44675.34,49029.76,11.101999999998952,11.25199999999677,-0.1499999999978172,0.013330963384097075
2026-08-05 01:43:00,20179.86,909.66,44675.37,49029.83,11.171999999998661,11.24199999999837,-0.06999999999970896,0.006226650062241515
2026-08-05 01:44:00,20179.93,909.52,44675.41,49029.9,11.24199999999837,11.24199999999837,0.0,0.0
2026-08-05 01:45:00,20179.86,909.28,44675.44,49029.9,11.24199999999837,11.24199999999837,0.0,0.0
2026-08-05 01:46:00,20179.77,909.23,44675.55,49029.93,11.271999999997206,11.236999999997352,0.03499999999985448,0.0031147103319269136
2026-08-05 01:47:00,20180.04,908.95,44675.67,49030.14,11.481999999996333,11.231999999996333,0.25,0.022257834757842026
2026-08-05 01:48:00,20180.24,908.57,44675.81,49030.35,11.69199999999546,11.221999999997934,0.4699999999975262,0.041882017465479655
2026-08-05 01:49:00,20180.19,908.28,44675.85,49030.37,11.711999999999534,11.211999999999534,0.5,0.044595076703533784
2026-08-05 01:50:00,20180.02,908.43,44675.86,49030.3,11.641999999999825,11.201999999997497,0.4400000000023283,0.03927870023231803
2026-08-05 01:51:00,20179.78,909.03,44675.7,49030.06,11.401999999994587,11.19199999999546,0.20999999999912689,0.018763402430236963
2026-08-05 01:52:00,20179.69,909.67,44675.48,49029.84,11.181999999993423,11.186999999994441,-0.005000000001018634,0.0004469473496934941
2026-08-05 01:53:00,20179.66,910.09,44675.35,49029.72,11.06199999999808,11.181999999993423,-0.11999999999534339,0.010731532820194418
2026-08-05 01:54:00,20179.58,910.41,44675.24,49029.57,10.911999999996624,11.176999999996042,-0.2649999999994179,0.02370940323875027
2026-08-05 01:55:00,20179.8,910.23,44675.28,49029.71,11.051999999996042,11.171999999998661,-0.12000000000261934,0.010741138560923177
2026-08-05 01:56:00,20180.3,909.82,44675.31,49029.94,11.281999999999243,11.171999999998661,0.11000000000058208,0.009846043680683429
2026-08-05 01:57:00,20181.02,909.1,44675.48,49030.36,11.701999999997497,11.171999999998661,0.5299999999988358,0.04744002864293764
2026-08-05 01:58:00,20181.72,908.48,44675.67,49030.81,12.151999999994587,11.161999999996624,0.9899999999979627,0.08869378247610304
2026-08-05 01:59:00,20181.81,907.99,44675.8,49030.94,12.281999999999243,11.151999999994587,1.1300000000046566,0.10132711621280534
2026-08-05 02:00:00,20181.73,907.68,44675.88,49030.98,12.322000000000116,11.141999999996187,1.180000000003929,0.10590558248109251
2026-08-05 02:01:00,20181.33,907.49,44675.98,49030.92,12.261999999995169,11.131999999997788,1.1299999999973807,0.10150916277376978
2026-08-05 02:02:00,20180.75,907.33,44676.02,49030.71,12.051999999996042,11.131999999997788,0.9199999999982538,0.08264462809903311
2026-08-05 02:03:00,20180.11,907.82,44676.01,49030.43,11.771999999997206,11.131999999997788,0.6399999999994179,0.057491915199384215
2026-08-05 02:04:00,20179.75,908.1,44675.95,49030.24,11.581999999994878,11.11699999999837,0.46499999999650754,0.041827831249129775
2026-08-05 02:05:00,20179.46,908.63,44675.87,49030.05,11.391999999999825,11.101999999998952,0.2900000000008731,0.026121419564123626
2026-08-05 02:06:00,20179.35,909.01,44675.78,49029.94,11.281999999999243,11.096999999997934,0.18500000000130967,0.01667117238905507
2026-08-05 02:07:00,20179.26,909.23,44675.8,49029.92,11.261999999995169,11.091999999996915,0.16999999999825377,0.015326361341354225
2026-08-05 02:08:00,20179.09,909.65,44675.74,49029.79,11.131999999997788,11.086999999995896,0.04500000000189175,0.004058807612691296
2026-08-05 02:09:00,20178.9,910.28,44675.53,49029.55,10.891999999999825,11.081999999994878,-0.18999999999505235,0.017144919689148184
2026-08-05 02:10:00,20178.96,910.22,44675.66,49029.65,10.99199999999837,11.076999999997497,-0.08499999999912689,0.007673557822438033
2026-08-05 02:11:00,20179.05,910.43,44675.66,49029.7,11.041999999994005,11.072000000000116,-0.030000000006111804,0.002709537572806312
2026-08-05 02:12:00,20179.35,910.11,44675.7,49029.89,11.231999999996333,11.072000000000116,0.1599999999962165,0.014450867051681252
2026-08-05 02:13:00,20179.67,909.81,44675.84,49030.13,11.471999999994296,11.072000000000116,0.39999999999417923,0.036127167629531706
2026-08-05 02:14:00,20179.91,909.82,44675.82,49030.22,11.56199999999808,11.066999999999098,0.49499999999898137,0.04472756844664513
2026-08-05 02:15:00,20180.15,909.5,44675.88,49030.35,11.69199999999546,11.06199999999808,0.6299999999973807,0.05695172663148527
2026-08-05 02:16:00,20180.35,909.59,44675.86,49030.42,11.761999999995169,11.05699999999706,0.7049999999981083,0.06376051370157328
2026-08-05 02:17:00,20180.85,909.04,44675.98,49030.74,12.081999999994878,11.051999999996042,1.0299999999988358,0.09319580166478508
2026-08-05 02:18:00,20181.19,908.88,44676.11,49030.98,12.322000000000116,11.051999999996042,1.2700000000040745,0.11491132826678695
2026-08-05 02:19:00,20181.49,908.72,44676.06,49031.06,12.401999999994587,11.051999999996042,1.3499999999985448,0.12214983713346257
2026-08-05 02:20:00,20181.57,908.25,44676.14,49031.15,12.49199999999837,11.046999999995023,1.445000000003347,0.1308047433696024
2026-08-05 02:21:00,20181.34,908.41,44676.11,49031.04,12.381999999997788,11.041999999994005,1.3400000000037835,0.12135482702449837
2026-08-05 02:22:00,20181.45,908.46,44676.11,49031.08,12.421999999998661,11.041999999994005,1.3800000000046566,0.12497735917455224
2026-08-05 02:23:00,20181.6,908.33,44676.08,49031.13,12.471999999994296,11.041999999994005,1.430000000000291,0.12950552436162538
2026-08-05 02:24:00,20181.53,908.21,44676.14,49031.14,12.481999999996333,11.041999999994005,1.4400000000023283,0.1304111573993036
2026-08-05 02:25:00,20181.45,908.38,44676.1,49031.08,12.421999999998661,11.041999999994005,1.3800000000046566,0.12497735917455224
2026-08-05 02:26:00,20181.57,908.66,44675.95,49030.98,12.322000000000116,11.031999999995605,1.290000000004511,0.11693255982641633
2026-08-05 02:27:00,20181.86,908.26,44676.1,49031.23,12.572000000000116,11.021999999997206,1.5500000000029104,0.14062783523891337
2026-08-05 02:28:00,20181.76,908.74,44675.92,49031.05,12.391999999999825,11.016999999996187,1.375000000003638,0.12480711627522137
2026-08-05 02:29:00,20181.67,908.5,44675.96,49031.05,12.391999999999825,11.011999999995169,1.3800000000046566,0.12531783508947167
2026-08-05 02:30:00,20181.5,908.97,44675.81,49030.86,12.201999999997497,11.006999999997788,1.194999999999709,0.10856727537021432
2026-08-05 02:31:00,20181.66,909.18,44675.79,49030.89,12.231999999996333,11.002000000000407,1.2299999999959255,0.1117978549350918
2026-08-05 02:32:00,20181.8,909.21,44675.8,49030.95,12.291999999994005,10.996999999999389,1.2949999999946158,0.11775938892376901
2026-08-05 02:33:00,20181.76,909.27,44675.73,49030.88,12.221999999994296,10.99199999999837,1.2299999999959255,0.1118995633184232
2026-08-05 02:34:00,20181.72,909.2,44675.76,49030.89,12.231999999996333,10.976999999998952,1.2549999999973807,0.11432996264894785
2026-08-05 02:35:00,20181.69,909.59,44675.65,49030.8,12.141999999999825,10.961999999999534,1.180000000000291,0.10764459040324222
2026-08-05 02:36:00,20181.48,909.87,44675.65,49030.71,12.051999999996042,10.946999999996478,1.1049999999995634,0.10094089704941253
2026-08-05 02:37:00,20181.62,909.65,44675.64,49030.76,12.101999999998952,10.931999999993423,1.1700000000055297,0.1070252469819094
2026-08-05 02:38:00,20181.89,910.19,44675.69,49030.93,12.271999999997206,10.931999999993423,1.3400000000037835,0.12257592389357755
2026-08-05 02:39:00,20182.11,909.78,44675.85,49031.15,12.49199999999837,10.931999999993423,1.5600000000049477,0.14270032930899068
2026-08-05 02:40:00,20182.07,910.04,44675.77,49031.07,12.411999999996624,10.921999999995023,1.4900000000016007,0.13642190075098698
2026-08-05 02:41:00,20182.13,910.02,44675.72,49031.04,12.381999999997788,10.911999999996624,1.4700000000011642,0.13471407624648268
2026-08-05 02:42:00,20182.26,910.14,44675.74,49031.11,12.451999999997497,10.901999999998225,1.5499999999992724,0.14217574756920975
2026-08-05 02:43:00,20182.24,910.21,44675.68,49031.05,12.391999999999825,10.891999999999825,1.5,0.13771575468233788
2026-08-05 02:44:00,20182.24,910.22,44675.66,49031.04,12.381999999997788,10.881999999997788,1.5,0.13784230839921935
2026-08-05 02:45:00,20182.29,910.27,44675.71,49031.11,12.451999999997497,10.87199999999575,1.5800000000017462,0.14532744665216737
2026-08-05 02:46:00,20182.45,910.1,44675.78,49031.23,12.572000000000116,10.846999999997934,1.7250000000021828,0.15903014658454057
2026-08-05 02:47:00,20182.81,909.69,44675.92,49031.5,12.841999999996915,10.822000000000116,2.0199999999967986,0.18665681020114366
2026-08-05 02:48:00,20182.86,909.29,44675.99,49031.59,12.931999999993423,10.816999999999098,2.1149999999943248,0.1955255616154665
2026-08-05 02:49:00,20182.55,909.22,44675.98,49031.46,12.801999999996042,10.81199999999808,1.9899999999979627,0.1840547539769068
2026-08-05 02:50:00,20182.44,909.27,44676.06,49031.47,12.81199999999808,10.80699999999706,2.0050000000010186,0.18552789858439567
2026-08-05 02:51:00,20182.16,909.59,44676.02,49031.32,12.661999999996624,10.801999999996042,1.860000000000582,0.17219033512324233
2026-08-05 02:52:00,20182.27,909.77,44675.93,49031.3,12.641999999999825,10.801999999996042,1.8400000000037835,0.17033882614371948
2026-08-05 02:53:00,20182.28,909.54,44675.92,49031.28,12.62199999999575,10.801999999996042,1.819999999999709,0.16848731716352303
2026-08-05 02:54:00,20182.24,909.6,44675.84,49031.2,12.541999999994005,10.796999999995023,1.7449999999989814,0.16161896823189642
2026-08-05 02:55:00,20182.28,909.15,44675.77,49031.14,12.481999999996333,10.791999999994005,1.6900000000023283,0.15659747961483203
2026-08-05 02:56:00,20182.53,909.03,44675.87,49031.33,12.671999999998661,10.786999999996624,1.8850000000020373,0.17474738110713148
2026-08-05 02:57:00,20182.48,909.08,44675.74,49031.21,12.551999999996042,10.781999999999243,1.7699999999967986,0.16416249304367675
2026-08-05 02:58:00,20182.49,909.16,44675.8,49031.26,12.601999999998952,10.781999999999243,1.819999999999709,0.16879985160451091
2026-08-05 02:59:00,20182.3,908.52,44675.9,49031.28,12.62199999999575,10.781999999999243,1.8399999999965075,0.1706547950284397
2026-08-05 03:00:00,20182.46,908.96,44676.04,49031.47,12.81199999999808,10.776999999998225,2.0349999999998545,0.18882805975690728
2026-08-05 03:01:00,20182.75,908.3,44676.48,49031.97,13.31199999999808,10.771999999997206,2.540000000000873,0.2357965094691359
2026-08-05 03:02:00,20182.66,908.52,44676.5,49031.96,13.301999999996042,10.771999999997206,2.529999999998836,0.23486817675450167
2026-08-05 03:03:00,20182.77,908.32,44676.47,49031.97,13.31199999999808,10.771999999997206,2.540000000000873,0.2357965094691359
2026-08-05 03:04:00,20182.61,908.43,44676.5,49031.94,13.281999999999243,10.761999999998807,2.5200000000004366,0.23415721984767848
2026-08-05 03:05:00,20182.57,908.76,44676.38,49031.84,13.181999999993423,10.752000000000407,2.429999999993015,0.22600446428505608
2026-08-05 03:06:00,20182.68,908.8,44676.35,49031.84,13.181999999993423,10.752000000000407,2.429999999993015,0.22600446428505608
2026-08-05 03:07:00,20182.53,908.72,44676.2,49031.62,12.961999999999534,10.752000000000407,2.209999999999127,0.20554315476181576
2026-08-05 03:08:00,20182.66,908.9,44676.22,49031.73,13.072000000000116,10.746999999999389,2.3250000000007276,0.21633944356572624
2026-08-05 03:09:00,20182.67,908.9,44676.28,49031.77,13.111999999993714,10.74199999999837,2.3699999999953434,0.2206293055292965
2026-08-05 03:10:00,20182.71,908.93,44676.3,49031.8,13.141999999999825,10.74199999999837,2.400000000001455,0.22342208154922913
2026-08-05 03:11:00,20182.92,908.81,44676.31,49031.89,13.231999999996333,10.74199999999837,2.4899999999979627,0.23180040960699502
2026-08-05 03:12:00,20182.8,909.02,44676.2,49031.76,13.101999999998952,10.736999999997352,2.3650000000016007,0.22026636863203727
2026-08-05 03:13:00,20182.39,909.0,44676.01,49031.38,12.721999999994296,10.731999999996333,1.9899999999979627,0.1854267610882075
2026-08-05 03:14:00,20181.86,909.41,44675.85,49031.04,12.381999999997788,10.731999999996333,1.6500000000014552,0.15374580693272633
2026-08-05 03:15:00,20182.05,909.16,44676.12,49031.36,12.701999999997497,10.731999999996333,1.9700000000011642,0.18356317554992893
2026-08-05 03:16:00,20181.98,909.61,44676.01,49031.26,12.601999999998952,10.721999999997934,1.8800000000010186,0.17534042156327
2026-08-05 03:17:00,20181.83,909.6,44675.83,49031.02,12.361999999993714,10.711999999999534,1.6499999999941792,0.15403286034300326
2026-08-05 03:18:00,20181.98,909.81,44675.71,49030.97,12.31199999999808,10.701999999997497,1.610000000000582,0.15043917024864126
2026-08-05 03:19:00,20182.38,909.72,44676.12,49031.49,12.831999999994878,10.69199999999546,2.139999999999418,0.2001496445941196
2026-08-05 03:20:00,20182.51,910.0,44676.33,49031.72,13.06199999999808,10.69199999999546,2.3700000000026193,0.22166105499472744
2026-08-05 03:21:00,20182.6,909.95,44676.15,49031.61,12.951999999997497,10.69199999999546,2.2600000000020373,0.2113729891510472
2026-08-05 03:22:00,20182.77,910.15,44676.11,49031.65,12.99199999999837,10.686999999994441,2.305000000003929,0.2156826050346335
2026-08-05 03:23:00,20182.95,909.91,44676.12,49031.74,13.081999999994878,10.681999999993423,2.400000000001455,0.22467702677428694
2026-08-05 03:24:00,20182.9,909.91,44676.06,49031.65,12.99199999999837,10.671999999995023,2.320000000003347,0.21739130434824108
2026-08-05 03:25:00,20183.2,910.12,44676.2,49031.9,13.24199999999837,10.661999999996624,2.5800000000017462,0.24198086662939067
2026-08-05 03:26:00,20183.4,910.13,44676.21,49031.98,13.322000000000116,10.656999999995605,2.665000000004511,0.25007037627902884
2026-08-05 03:27:00,20183.88,910.28,44676.44,49032.4,13.74199999999837,10.651999999994587,3.0900000000037835,0.29008636875754357
2026-08-05 03:28:00,20183.74,910.58,44676.44,49032.35,13.69199999999546,10.636999999995169,3.055000000000291,0.2872050390149176
2026-08-05 03:29:00,20183.43,910.54,44676.15,49031.94,13.281999999999243,10.62199999999575,2.6600000000034925,0.25042364903074343
2026-08-05 03:30:00,20183.47,910.43,44676.15,49031.97,13.31199999999808,10.611999999997352,2.7000000000007276,0.25442894836047886
2026-08-05 03:31:00,20183.35,910.81,44676.05,49031.83,13.171999999998661,10.601999999998952,2.569999999999709,0.24240709300131702
2026-08-05 03:32:00,20183.71,910.82,44676.18,49032.11,13.451999999997497,10.601999999998952,2.849999999998545,0.26881720430096456
2026-08-05 03:33:00,20183.76,910.88,44676.25,49032.19,13.531999999999243,10.601999999998952,2.930000000000291,0.2763629503867743
2026-08-05 03:34:00,20183.81,910.89,44676.34,49032.29,13.631999999997788,10.601999999998952,3.029999999998836,0.2857951329936932
2026-08-05 03:35:00,20183.73,910.96,44676.17,49032.12,13.461999999999534,10.601999999998952,2.860000000000582,0.26976042256186233
2026-08-05 03:36:00,20183.8,910.89,44676.07,49032.04,13.381999999997788,10.591999999996915,2.790000000000873,0.2634063444110353
2026-08-05 03:37:00,20184.03,910.82,44676.15,49032.2,13.541999999994005,10.581999999994878,2.959999999999127,0.2797202797203326
2026-08-05 03:38:00,20184.26,910.92,44676.25,49032.38,13.721999999994296,10.576999999997497,3.1449999999967986,0.2973432920485528
2026-08-05 03:39:00,20184.71,910.42,44676.46,49032.73,14.072000000000116,10.572000000000116,3.5,0.33106318577373833
2026-08-05 03:40:00,20185.07,910.43,44676.73,49033.14,14.481999999996333,10.516999999999825,3.9649999999965075,0.3770086526572762
2026-08-05 03:41:00,20184.92,910.49,44676.54,49032.91,14.252000000000407,10.461999999999534,3.790000000000873,0.36226342955467805
2026-08-05 03:42:00,20184.7,910.53,44676.27,49032.57,13.911999999996624,10.446999999996478,3.4650000000001455,0.3316741648321349
2026-08-05 03:43:00,20184.83,910.36,44676.37,49032.72,14.06199999999808,10.431999999993423,3.6300000000046566,0.3479677914117087
2026-08-05 03:44:00,20184.61,910.46,44676.28,49032.53,13.87199999999575,10.431999999993423,3.4400000000023283,0.32975460122742495
2026-08-05 03:45:00,20184.61,910.53,44676.39,49032.64,13.981999999996333,10.431999999993423,3.5500000000029104,0.34029907975509477
2026-08-05 03:46:00,20184.55,910.8,44676.49,49032.72,14.06199999999808,10.296999999995023,3.765000000003056,0.3656404778095441
2026-08-05 03:47:00,20184.54,911.33,44676.49,49032.71,14.051999999996042,10.161999999996624,3.889999999999418,0.3827986616808414
2026-08-05 03:48:00,20184.66,911.57,44676.61,49032.89,14.231999999996333,10.106999999996333,4.125,0.40813297714470137
2026-08-05 03:49:00,20184.69,911.54,44676.67,49032.94,14.281999999999243,10.051999999996042,4.230000000003201,0.4208117787509816
2026-08-05 03:50:00,20184.55,911.75,44676.51,49032.77,14.111999999993714,10.106999999996333,4.004999999997381,0.39626001780932363
2026-08-05 03:51:00,20184.62,911.93,44676.66,49032.94,14.281999999999243,10.161999999996624,4.120000000002619,0.4054320015748857
2026-08-05 03:52:00,20184.13,912.07,44676.41,49032.52,13.861999999993714,10.296999999995023,3.5649999999986903,0.3462173448577657
2026-08-05 03:53:00,20183.99,912.16,44676.39,49032.43,13.771999999997206,10.431999999993423,3.3400000000037835,0.3201687116570063
2026-08-05 03:54:00,20183.88,912.19,44676.41,49032.39,13.731999999996333,10.431999999993423,3.3000000000029104,0.3163343558286993
2026-08-05 03:55:00,20183.73,912.7,44676.46,49032.38,13.721999999994296,10.431999999993423,3.290000000000873,0.3153757668714482
2026-08-05 03:56:00,20183.62,913.21,44676.51,49032.4,13.74199999999837,10.446999999996478,3.2950000000018917,0.3154015506846944
2026-08-05 03:57:00,20183.22,913.26,44676.3,49032.05,13.391999999999825,10.461999999999534,2.930000000000291,0.28006117377178563
2026-08-05 03:58:00,20183.07,913.74,44676.14,49031.85,13.19199999999546,10.476999999998952,2.7149999999965075,0.25913906652637003
2026-08-05 03:59:00,20183.02,914.09,44675.96,49031.67,13.011999999995169,10.49199999999837,2.5199999999967986,0.24018299656854653
2026-08-05 04:00:00,20183.47,914.12,44676.21,49032.09,13.431999999993423,10.50199999999677,2.929999999996653,0.2789944772421971
2026-08-05 04:01:00,20183.88,914.07,44676.47,49032.49,13.831999999994878,10.511999999995169,3.319999999999709,0.31582952815841275
2026-08-05 04:02:00,20183.93,913.79,44676.5,49032.52,13.861999999993714,10.541999999997643,3.319999999996071,0.31493075317746283
2026-08-05 04:03:00,20184.08,913.73,44676.6,49032.67,14.011999999995169,10.572000000000116,3.4399999999950523,0.32538781687429197
2026-08-05 04:04:00,20184.24,913.71,44676.7,49032.83,14.171999999998661,10.576999999997497,3.595000000001164,0.33988843717519285
2026-08-05 04:05:00,20184.41,913.51,44676.72,49032.93,14.271999999997206,10.581999999994878,3.6900000000023283,0.34870534870573755
2026-08-05 04:06:00,20184.38,913.64,44676.71,49032.91,14.252000000000407,10.581999999994878,3.6700000000055297,0.34681534681603726
2026-08-05 04:07:00,20184.39,913.37,44676.5,49032.72,14.06199999999808,10.581999999994878,3.4800000000032014,0.3288603288607906
2026-08-05 04:08:00,20184.81,913.36,44676.73,49033.11,14.451999999997497,10.586999999995896,3.8650000000016007,0.36507036932115794
2026-08-05 04:09:00,20184.89,913.38,44676.8,49033.19,14.531999999999243,10.591999999996915,3.9400000000023283,0.3719788519640744
2026-08-05 04:10:00,20184.64,913.4,44676.64,49032.95,14.291999999994005,10.596999999997934,3.694999999996071,0.348683589694894
2026-08-05 04:11:00,20184.4,913.35,44676.38,49032.6,13.94199999999546,10.601999999998952,3.3399999999965075,0.3150348990753478
2026-08-05 04:12:00,20184.66,913.44,44676.53,49032.85,14.19199999999546,10.601999999998952,3.5899999999965075,0.33861535559298833
2026-08-05 04:13:00,20184.47,913.97,44676.32,49032.58,13.921999999998661,10.601999999998952,3.319999999999709,0.31314846255423856
2026-08-05 04:14:00,20184.82,913.85,44676.47,49032.87,14.211999999999534,10.601999999998952,3.610000000000582,0.3405017921147839
2026-08-05 04:15:00,20184.92,913.86,44676.4,49032.84,14.181999999993423,10.601999999998952,3.5799999999944703,0.33767213733209056
2026-08-05 04:16:00,20185.14,913.78,44676.49,49033.02,14.361999999993714,10.611999999997352,3.749999999996362,0.3533735393891159
2026-08-05 04:17:00,20185.36,914.14,44676.81,49033.41,14.752000000000407,10.62199999999575,4.130000000004657,0.3888156656002927
2026-08-05 04:18:00,20185.25,914.04,44676.54,49033.1,14.44199999999546,10.636999999995169,3.805000000000291,0.3577136410643997
2026-08-05 04:19:00,20185.09,914.17,44676.36,49032.87,14.211999999999534,10.651999999994587,3.5600000000049477,0.3342095381155423
2026-08-05 04:20:00,20184.96,914.56,44676.37,49032.83,14.171999999998661,10.656999999995605,3.515000000003056,0.329830158581637
2026-08-05 04:21:00,20185.01,914.53,44676.36,49032.85,14.19199999999546,10.661999999996624,3.529999999998836,0.3310823485274764
2026-08-05 04:22:00,20184.98,914.55,44676.18,49032.68,14.021999999997206,10.671999999995023,3.350000000002183,0.31390554722673775
2026-08-05 04:23:00,20185.24,914.91,44676.29,49032.89,14.231999999996333,10.681999999993423,3.5500000000029104,0.3323347687703704
2026-08-05 04:24:00,20185.36,914.7,44676.3,49032.95,14.291999999994005,10.686999999994441,3.6049999999995634,0.3373257228409693
2026-08-05 04:25:00,20186.06,914.99,44676.67,49033.57,14.911999999996624,10.69199999999546,4.220000000001164,0.3946876169101156
2026-08-05 04:26:00,20185.85,914.79,44676.4,49033.23,14.572000000000116,10.69199999999546,3.8800000000046566,0.36288814066650804
2026-08-05 04:27:00,20186.03,914.76,44676.35,49033.26,14.601999999998952,10.69199999999546,3.9100000000034925,0.36569397680556986
2026-08-05 04:28:00,20186.28,915.1,44676.43,49033.45,14.791999999994005,10.696999999996478,4.094999999997526,0.38281761241459045
2026-08-05 04:29:00,20186.28,915.0,44676.38,49033.41,14.752000000000407,10.701999999997497,4.05000000000291,0.37843393758212085
2026-08-05 04:30:00,20186.5,915.09,44676.57,49033.67,15.011999999995169,10.706999999998516,4.304999999996653,0.4020734099184879
2026-08-05 04:31:00,20186.54,915.15,44676.48,49033.62,14.961999999999534,10.711999999999534,4.25,0.3967513069454989
2026-08-05 04:32:00,20186.71,915.49,44676.62,49033.81,15.151999999994587,10.721999999997934,4.429999999996653,0.4131691848533396
2026-08-05 04:33:00,20186.62,915.94,44676.49,49033.66,15.002000000000407,10.731999999996333,4.2700000000040745,0.39787551248653874
2026-08-05 04:34:00,20186.16,915.85,44676.12,49033.14,14.481999999996333,10.731999999996333,3.75,0.34942228848316076
2026-08-05 04:35:00,20186.49,915.89,44676.47,49033.6,14.94199999999546,10.731999999996333,4.209999999999127,0.3922847558703471
2026-08-05 04:36:00,20186.44,915.9,44676.36,49033.46,14.801999999996042,10.736999999997352,4.06499999999869,0.37859737356800716
2026-08-05 04:37:00,20186.63,916.34,44676.47,49033.65,14.99199999999837,10.74199999999837,4.25,0.39564326940985334
2026-08-05 04:38:00,20186.64,916.68,44676.3,49033.51,14.851999999998952,10.74199999999837,4.110000000000582,0.3826103146528771
2026-08-05 04:39:00,20186.85,917.02,44676.41,49033.7,15.041999999994005,10.74199999999837,4.299999999995634,0.4002978961083864
2026-08-05 04:40:00,20186.72,917.11,44676.1,49033.37,14.711999999999534,10.746999999999389,3.9650000000001455,0.36894016934962043
2026-08-05 04:41:00,20186.71,917.43,44676.17,49033.43,14.771999999997206,10.752000000000407,4.019999999996799,0.37388392857111663
2026-08-05 04:42:00,20187.0,917.95,44676.3,49033.67,15.011999999995169,10.752000000000407,4.259999999994761,0.3962053571423549
2026-08-05 04:43:00,20187.16,917.77,44676.26,49033.7,15.041999999994005,10.752000000000407,4.289999999993597,0.3989955357136751
2026-08-05 04:44:00,20187.21,918.01,44676.17,49033.64,14.981999999996333,10.761999999998807,4.219999999997526,0.3921204237128781
2026-08-05 04:45:00,20187.14,918.13,44676.19,49033.63,14.971999999994296,10.771999999997206,4.19999999999709,0.3898997400666709
2026-08-05 04:46:00,20187.24,918.42,44676.39,49033.86,15.201999999997497,10.771999999997206,4.430000000000291,0.41125139249920534
2026-08-05 04:47:00,20187.18,918.88,44676.26,49033.73,15.072000000000116,10.771999999997206,4.30000000000291,0.39918306721166225
2026-08-05 04:48:00,20187.29,919.23,44676.3,49033.81,15.151999999994587,10.776999999998225,4.374999999996362,0.40595713092670344
2026-08-05 04:49:00,20187.21,919.31,44675.97,49033.46,14.801999999996042,10.781999999999243,4.019999999996799,0.37284362826906703
2026-08-05 04:50:00,20187.65,919.66,44676.17,49033.83,15.171999999998661,10.781999999999243,4.389999999999418,0.40716008161748524
2026-08-05 04:51:00,20187.96,920.14,44676.4,49034.19,15.531999999999243,10.781999999999243,4.75,0.44054906325360166
2026-08-05 04:52:00,20187.84,920.24,44676.38,49034.13,15.471999999994296,10.786999999996624,4.684999999997672,0.43431908779077943
2026-08-05 04:53:00,20187.72,920.43,44676.29,49034.0,15.341999999996915,10.791999999994005,4.55000000000291,0.42160859896269814
2026-08-05 04:54:00,20188.08,920.33,44676.42,49034.27,15.611999999993714,10.796999999995023,4.81499999999869,0.44595721033628877
2026-08-05 04:55:00,20188.11,920.66,44676.44,49034.3,15.641999999999825,10.801999999996042,4.8400000000037835,0.44806517311660404
2026-08-05 04:56:00,20188.03,920.9,44676.54,49034.36,15.701999999997497,10.801999999996042,4.900000000001455,0.4536197000558462
2026-08-05 04:57:00,20188.0,920.82,44676.59,49034.39,15.731999999996333,10.801999999996042,4.930000000000291,0.45639696352546727
2026-08-05 04:58:00,20187.99,920.89,44676.5,49034.32,15.661999999996624,10.80699999999706,4.854999999999563,0.4492458591654376
2026-08-05 04:59:00,20188.33,921.27,44676.81,49034.77,16.111999999993714,10.81199999999808,5.299999999995634,0.4901960784310559
2026-08-05 05:00:00,20188.27,921.02,44676.68,49034.61,15.951999999997497,10.816999999999098,5.134999999998399,0.4747157252471875
2026-08-05 05:01:00,20188.37,921.21,44676.77,49034.74,16.081999999994878,10.822000000000116,5.259999999994761,0.48604694141514554
2026-08-05 05:02:00,20188.49,921.53,44676.81,49034.85,16.19199999999546,10.846999999997934,5.344999999997526,0.4927629759379132
2026-08-05 05:03:00,20188.62,922.02,44677.01,49035.06,16.401999999994587,10.87199999999575,5.529999999998836,0.5086460632819166
2026-08-05 05:04:00,20188.21,922.37,44676.66,49034.57,15.911999999996624,10.881999999997788,5.029999999998836,0.4622312074986086
2026-08-05 05:05:00,20188.32,922.53,44676.56,49034.56,15.901999999994587,10.891999999999825,5.009999999994761,0.4599706206385275
2026-08-05 05:06:00,20188.7,922.62,44676.92,49035.04,16.381999999997788,10.901999999998225,5.479999999999563,0.5026600623739181
2026-08-05 05:07:00,20188.7,922.66,44676.93,49035.04,16.381999999997788,10.911999999996624,5.470000000001164,0.5012829912026078
2026-08-05 05:08:00,20188.63,922.67,44676.92,49035.0,16.341999999996915,10.921999999995023,5.420000000001892,0.4962461087716866
2026-08-05 05:09:00,20189.26,922.4,44677.4,49035.7,17.041999999994005,10.931999999993423,6.110000000000582,0.5589096231251608
2026-08-05 05:10:00,20189.29,922.07,44677.65,49035.92,17.26199999999517,10.931999999993423,6.330000000001746,0.579034028540574
2026-08-05 05:11:00,20189.22,921.85,44677.62,49035.85,17.19199999999546,10.931999999993423,6.260000000002037,0.5726308086357303
2026-08-05 05:12:00,20189.48,922.04,44677.91,49036.22,17.56199999999808,10.946999999996478,6.615000000001601,0.6042751438753748
2026-08-05 05:13:00,20189.47,922.44,44678.02,49036.32,17.661999999996624,10.961999999999534,6.69999999999709,0.6112023353400269
2026-08-05 05:14:00,20189.32,922.61,44677.9,49036.15,17.49199999999837,10.976999999998952,6.514999999999418,0.5935137104855643
2026-08-05 05:15:00,20189.39,922.7,44678.03,49036.3,17.641999999999825,10.99199999999837,6.650000000001455,0.6049854439594652
2026-08-05 05:16:00,20189.47,923.21,44678.12,49036.43,17.771999999997206,10.996999999999389,6.774999999997817,0.6160771119394557
2026-08-05 05:17:00,20189.58,923.29,44678.17,49036.53,17.87199999999575,11.002000000000407,6.869999999995343,0.6244319214683774
2026-08-05 05:18:00,20189.3,923.54,44677.98,49036.24,17.581999999994878,11.006999999997788,6.57499999999709,0.5973471427272109
2026-08-05 05:19:00,20189.27,923.89,44678.06,49036.32,17.661999999996624,11.011999999995169,6.650000000001455,0.6038866690886644
2026-08-05 05:20:00,20189.48,923.89,44678.34,49036.66,18.002000000000407,11.016999999996187,6.98500000000422,0.6340201506768302
2026-08-05 05:21:00,20189.19,923.8,44678.44,49036.63,17.971999999994296,11.021999999997206,6.94999999999709,0.630557067682712
2026-08-05 05:22:00,20189.05,923.96,44678.51,49036.64,17.981999999996333,11.031999999995605,6.950000000000728,0.6299854967370827
2026-08-05 05:23:00,20189.29,924.0,44678.66,49036.88,18.221999999994296,11.041999999994005,7.180000000000291,0.6502445209205026
2026-08-05 05:24:00,20189.44,924.11,44678.9,49037.15,18.49199999999837,11.041999999994005,7.450000000004366,0.6746966129332015
2026-08-05 05:25:00,20189.59,924.04,44679.08,49037.38,18.721999999994296,11.041999999994005,7.680000000000291,0.6955261727951876
2026-08-05 05:26:00,20189.4,924.11,44679.1,49037.32,18.661999999996624,11.041999999994005,7.620000000002619,0.6900923745704363
2026-08-05 05:27:00,20189.58,924.33,44679.38,49037.65,18.99199999999837,11.041999999994005,7.950000000004366,0.7199782648078864
2026-08-05 05:28:00,20189.32,924.26,44679.3,49037.47,18.81199999999808,11.046999999995023,7.765000000003056,0.7029057662719792
2026-08-05 05:29:00,20189.38,924.4,44679.59,49037.77,19.111999999993714,11.051999999996042,8.059999999997672,0.7292797683677668
2026-08-05 05:30:00,20189.18,925.09,44679.51,49037.61,18.951999999997497,11.051999999996042,7.900000000001455,0.7148027506337572
2026-08-05 05:31:00,20189.12,925.79,44679.48,49037.58,18.92199999999866,11.051999999996042,7.870000000002619,0.7120883098086715
2026-08-05 05:32:00,20188.79,926.38,44679.38,49037.38,18.721999999994296,11.05699999999706,7.664999999997235,0.6932260106719067
2026-08-05 05:33:00,20188.73,927.0,44679.35,49037.34,18.681999999993423,11.06199999999808,7.619999999995343,0.6888446935451696
2026-08-05 05:34:00,20188.74,927.59,44679.32,49037.33,18.67199999999866,11.066999999999098,7.604999999999563,0.6871780970452863
2026-08-05 05:35:00,20188.86,927.95,44679.41,49037.45,18.791999999994005,11.072000000000116,7.719999999993888,0.6972543352595563
2026-08-05 05:36:00,20189.16,927.67,44679.57,49037.71,19.051999999996042,11.072000000000116,7.9799999999959255,0.7207369942192776
2026-08-05 05:37:00,20189.07,927.74,44679.53,49037.67,19.01199999999517,11.072000000000116,7.939999999995052,0.717124277456193
2026-08-05 05:38:00,20189.55,927.43,44679.86,49038.14,19.481999999996333,11.076999999997497,8.404999999998836,0.7587794529205322
2026-08-05 05:39:00,20189.16,927.81,44679.8,49037.93,19.271999999997206,11.081999999994878,8.190000000002328,0.7390362750411581
2026-08-05 05:40:00,20189.17,928.08,44679.84,49037.97,19.31199999999808,11.086999999995896,8.225000000002183,0.7418598358442524
2026-08-05 05:41:00,20188.84,928.53,44679.7,49037.7,19.041999999994005,11.091999999996915,7.94999999999709,0.7167327803821945
2026-08-05 05:42:00,20188.87,929.1,44679.65,49037.69,19.031999999999243,11.096999999997934,7.93500000000131,0.7150581238174991
2026-08-05 05:43:00,20189.1,929.27,44679.81,49037.94,19.281999999999243,11.101999999998952,8.180000000000291,0.736804179427226
2026-08-05 05:44:00,20189.1,929.54,44679.74,49037.87,19.211999999999534,11.11699999999837,8.095000000001164,0.7281640730414995
2026-08-05 05:45:00,20189.01,929.72,44679.63,49037.74,19.081999999994878,11.131999999997788,7.94999999999709,0.7141573841177389
2026-08-05 05:46:00,20188.88,929.99,44679.65,49037.71,19.051999999996042,11.131999999997788,7.919999999998254,0.7114624505928698
2026-08-05 05:47:00,20188.79,930.54,44679.83,49037.84,19.181999999993423,11.131999999997788,8.049999999995634,0.7231404958675202
2026-08-05 05:48:00,20188.32,930.68,44679.26,49037.14,18.481999999996333,11.141999999996187,7.3400000000001455,0.6587686232276663
2026-08-05 05:49:00,20188.64,930.51,44679.51,49037.51,18.851999999998952,11.151999999994587,7.700000000004366,0.6904591104741843
2026-08-05 05:50:00,20188.68,930.19,44679.77,49037.75,19.091999999996915,11.161999999996624,7.930000000000291,0.7104461566030004
2026-08-05 05:51:00,20188.54,930.25,44679.88,49037.8,19.141999999999825,11.171999999998661,7.970000000001164,0.7133906194058467
2026-08-05 05:52:00,20188.28,930.47,44679.96,49037.76,19.101999999998952,11.171999999998661,7.930000000000291,0.7098102398855389
2026-08-05 05:53:00,20188.51,930.23,44680.22,49038.09,19.431999999993423,11.171999999998661,8.259999999994761,0.739348370926938
2026-08-05 05:54:00,20188.48,929.93,44680.24,49038.08,19.42199999999866,11.176999999996042,8.24500000000262,0.737675583788632
2026-08-05 05:55:00,20188.55,929.7,44680.39,49038.25,19.591999999996915,11.181999999993423,8.410000000003492,0.7521015918447898
2026-08-05 05:56:00,20188.42,929.83,44680.47,49038.28,19.62199999999575,11.186999999994441,8.43500000000131,0.7540001787794316
2026-08-05 05:57:00,20188.38,929.56,44680.62,49038.39,19.731999999996333,11.19199999999546,8.540000000000873,0.7630450321662203
2026-08-05 05:58:00,20187.73,929.7,44680.58,49038.09,19.431999999993423,11.201999999997497,8.229999999995925,0.7346902338866064
2026-08-05 05:59:00,20187.56,930.02,44680.7,49038.15,19.49199999999837,11.211999999999534,8.279999999998836,0.7384944702104156
2026-08-05 06:00:00,20187.42,930.05,44680.62,49038.01,19.351999999998952,11.221999999997934,8.130000000001019,0.7244697914812436
2026-08-05 06:01:00,20187.41,929.96,44680.89,49038.27,19.611999999993714,11.231999999996333,8.37999999999738,0.7460826210826315
2026-08-05 06:02:00,20187.13,930.2,44680.99,49038.23,19.572000000000116,11.231999999996333,8.340000000003783,0.7425213675219468
2026-08-05 06:03:00,20187.03,929.97,44681.02,49038.21,19.551999999996042,11.231999999996333,8.319999999999709,0.7407407407409566
2026-08-05 06:04:00,20186.84,930.16,44681.11,49038.2,19.541999999994005,11.236999999997352,8.304999999996653,0.7390762659071469
2026-08-05 06:05:00,20186.64,930.6,44681.37,49038.38,19.721999999994296,11.24199999999837,8.479999999995925,0.7543141789714601
2026-08-05 06:06:00,20186.15,930.95,44681.19,49038.01,19.351999999998952,11.24199999999837,8.110000000000582,0.7214018857856038
2026-08-05 06:07:00,20185.63,931.48,44681.01,49037.65,18.99199999999837,11.24199999999837,7.75,0.6893791140367482
2026-08-05 06:08:00,20185.38,931.56,44680.98,49037.55,18.891999999999825,11.25199999999677,7.640000000003056,0.6789904017068299
2026-08-05 06:09:00,20185.07,932.37,44681.2,49037.64,18.981999999996333,11.261999999995169,7.720000000001164,0.6854910317887121
2026-08-05 06:10:00,20184.92,932.58,44681.29,49037.65,18.99199999999837,11.266999999996187,7.725000000002183,0.6856306026453179
2026-08-05 06:11:00,20184.44,932.57,44681.19,49037.36,18.701999999997497,11.271999999997206,7.430000000000291,0.65915542938273
2026-08-05 06:12:00,20184.21,932.88,44681.3,49037.36,18.701999999997497,11.276999999998225,7.424999999999272,0.6584197924980439
2026-08-05 06:13:00,20183.86,932.73,44681.16,49037.09,18.431999999993423,11.281999999999243,7.149999999994179,0.6337528806944388
2026-08-05 06:14:00,20183.63,933.39,44681.14,49037.01,18.351999999998952,11.281999999999243,7.069999999999709,0.626661939372468
2026-08-05 06:15:00,20183.97,933.51,44681.52,49037.48,18.822000000000116,11.281999999999243,7.540000000000873,0.6683212196420297
2026-08-05 06:16:00,20183.92,933.41,44681.68,49037.6,18.94199999999546,11.286999999996624,7.654999999998836,0.6782138743688425
2026-08-05 06:17:00,20183.72,933.07,44681.73,49037.56,18.901999999994587,11.291999999994005,7.610000000000582,0.6739284449171646
2026-08-05 06:18:00,20183.66,933.0,44681.91,49037.7,19.041999999994005,11.296999999995023,7.744999999998981,0.6855802425424797
2026-08-05 06:19:00,20183.39,933.0,44681.95,49037.62,18.961999999999534,11.301999999996042,7.6600000000034925,0.677756149354643
2026-08-05 06:20:00,20183.72,932.48,44682.26,49038.02,19.361999999993714,11.30699999999706,8.054999999996653,0.7123905545236355
2026-08-05 06:21:00,20183.86,932.73,44682.34,49038.17,19.51199999999517,11.31199999999808,8.19999999999709,0.7248939179630907
2026-08-05 06:22:00,20183.79,932.48,44682.33,49038.13,19.471999999994296,11.31199999999808,8.159999999996217,0.7213578500705093
2026-08-05 06:23:00,20183.28,932.28,44682.41,49037.99,19.331999999994878,11.31199999999808,8.019999999996799,0.7089816124467964
2026-08-05 06:24:00,20182.81,932.43,44682.48,49037.86,19.201999999997497,11.326999999997497,7.875,0.6952414584622354
2026-08-05 06:25:00,20182.41,932.44,44682.45,49037.67,19.01199999999517,11.341999999996915,7.669999999998254,0.6762475753835602
2026-08-05 06:26:00,20182.1,932.49,44682.27,49037.39,18.731999999996333,11.36699999999837,7.364999999997963,0.647928213248792
2026-08-05 06:27:00,20181.71,932.43,44682.15,49037.12,18.461999999999534,11.391999999999825,7.069999999999709,0.6206109550561637
2026-08-05 06:28:00,20181.58,932.79,44682.13,49037.04,18.381999999997788,11.396999999997206,6.985000000000582,0.6128805826096599
2026-08-05 06:29:00,20181.89,932.46,44682.67,49037.67,19.01199999999517,11.401999999994587,7.610000000000582,0.6674267672341866
2026-08-05 06:30:00,20181.65,932.4,44682.74,49037.65,18.99199999999837,11.401999999994587,7.5900000000037835,0.6656726890025774
2026-08-05 06:31:00,20181.13,932.45,44682.76,49037.43,18.771999999997206,11.401999999994587,7.370000000002619,0.6463778284516856
2026-08-05 06:32:00,20180.49,932.43,44682.92,49037.33,18.67199999999866,11.43199999999706,7.240000000001601,0.6333100069982035
2026-08-05 06:33:00,20180.2,932.28,44683.14,49037.41,18.752000000000407,11.461999999999534,7.290000000000873,0.6360146571280029
2026-08-05 06:34:00,20180.06,932.14,44683.29,49037.49,18.831999999994878,11.466999999996915,7.364999999997963,0.6422778407604381
2026-08-05 06:35:00,20179.99,932.01,44683.38,49037.54,18.881999999997788,11.471999999994296,7.4100000000034925,0.6459205020926758
2026-08-05 06:36:00,20179.51,931.93,44683.24,49037.23,18.572000000000116,11.471999999994296,7.100000000005821,0.6188981868906338
2026-08-05 06:37:00,20179.72,931.97,44683.46,49037.52,18.861999999993714,11.471999999994296,7.389999999999418,0.6441771269179822
2026-08-05 06:38:00,20179.88,931.88,44683.41,49037.54,18.881999999997788,11.471999999994296,7.4100000000034925,0.6459205020926758
2026-08-05 06:39:00,20179.61,931.89,44683.4,49037.41,18.752000000000407,11.471999999994296,7.280000000006112,0.6345885634597046
2026-08-05 06:40:00,20179.12,932.01,44683.29,49037.11,18.451999999997497,11.476999999995314,6.975000000002183,0.6077372135579882
2026-08-05 06:41:00,20178.75,932.68,44683.14,49036.83,18.17199999999866,11.481999999996333,6.690000000002328,0.5826511060794691
2026-08-05 06:42:00,20178.6,932.75,44683.16,49036.77,18.111999999993714,11.481999999996333,6.629999999997381,0.5774255356209282
2026-08-05 06:43:00,20178.35,933.08,44683.18,49036.68,18.021999999997206,11.481999999996333,6.540000000000873,0.5695871799340674
2026-08-05 06:44:00,20178.34,933.33,44683.01,49036.53,17.87199999999575,11.486999999997352,6.384999999998399,0.555845738661084
2026-08-05 06:45:00,20177.91,932.99,44682.8,49036.18,17.521999999997206,11.49199999999837,6.029999999998836,0.5247128437173417
2026-08-05 06:46:00,20177.75,933.33,44682.75,49036.07,17.411999999996624,11.496999999999389,5.914999999997235,0.5144820387925154
2026-08-05 06:47:00,20177.38,933.67,44682.65,49035.86,17.201999999997497,11.502000000000407,5.69999999999709,0.4955659885234644
2026-08-05 06:48:00,20177.14,933.95,44682.42,49035.53,16.87199999999575,11.516999999999825,5.3549999999959255,0.464964834591995
2026-08-05 06:49:00,20177.16,934.01,44682.41,49035.55,16.891999999999825,11.531999999999243,5.360000000000582,0.4647936177593595
2026-08-05 06:50:00,20176.7,934.03,44682.29,49035.25,16.591999999996915,11.541999999997643,5.049999999999272,0.43753249003641514
2026-08-05 06:51:00,20176.75,933.99,44682.42,49035.39,16.731999999996333,11.551999999996042,5.180000000000291,0.4484072022162453
2026-08-05 06:52:00,20176.19,934.0,44682.34,49035.08,16.42199999999866,11.551999999996042,4.870000000002619,0.421572022161036
2026-08-05 06:53:00,20175.95,934.1,44682.26,49034.92,16.26199999999517,11.551999999996042,4.709999999999127,0.40772160664826357
2026-08-05 06:54:00,20175.5,934.49,44682.4,49034.87,16.211999999999534,11.55699999999706,4.655000000002474,0.4027861901880815
2026-08-05 06:55:00,20175.47,934.87,44682.3,49034.76,16.101999999998952,11.56199999999808,4.540000000000873,0.39266562878408817
2026-08-05 06:56:00,20174.77,935.27,44681.93,49034.15,15.49199999999837,11.571999999996478,3.9200000000018917,0.3387487037679817
2026-08-05 06:57:00,20174.53,935.08,44681.96,49034.08,15.421999999998661,11.581999999994878,3.8400000000037835,0.33154895527590067
2026-08-05 06:58:00,20174.76,935.24,44682.22,49034.39,15.731999999996333,11.586999999995896,4.145000000000437,0.35772848882384606
2026-08-05 06:59:00,20173.99,935.53,44682.03,49033.91,15.252000000000407,11.591999999996915,3.6600000000034925,0.31573498964841845
2026-08-05 07:00:00,20173.58,935.68,44681.91,49033.66,15.002000000000407,11.591999999996915,3.4100000000034925,0.2941683919948585
2026-08-05 07:01:00,20173.68,935.73,44682.03,49033.83,15.171999999998661,11.591999999996915,3.5800000000017462,0.3088336783991286
2026-08-05 07:02:00,20173.56,935.66,44681.85,49033.61,14.951999999997497,11.61699999999837,3.334999999999127,0.28707928036494745
2026-08-05 07:03:00,20173.69,935.63,44681.97,49033.73,15.072000000000116,11.641999999999825,3.430000000000291,0.29462291702459564
2026-08-05 07:04:00,20173.5,935.73,44681.86,49033.57,14.911999999996624,11.641999999999825,3.2699999999967986,0.2808795739560941
2026-08-05 07:05:00,20173.37,935.97,44681.72,49033.4,14.74199999999837,11.641999999999825,3.099999999998545,0.26627727194628
2026-08-05 07:06:00,20173.21,936.22,44681.57,49033.24,14.581999999994878,11.656999999999243,2.9249999999956344,0.25092219267357163
2026-08-05 07:07:00,20172.61,936.21,44681.51,49032.9,14.24199999999837,11.671999999998661,2.569999999999709,0.22018505825908188
2026-08-05 07:08:00,20172.43,936.64,44681.43,49032.77,14.111999999993714,11.676999999996042,2.4349999999976717,0.2085295880790012
2026-08-05 07:09:00,20172.38,936.95,44681.6,49032.91,14.252000000000407,11.681999999993423,2.570000000006985,0.21999657592950111
2026-08-05 07:10:00,20171.91,937.01,44681.28,49032.42,13.761999999995169,11.686999999994441,2.0750000000007276,0.17754770257565797
2026-08-05 07:11:00,20172.03,936.74,44681.47,49032.67,14.011999999995169,11.69199999999546,2.319999999999709,0.19842627437569363
2026-08-05 07:12:00,20171.83,937.13,44681.38,49032.48,13.822000000000116,11.69199999999546,2.1300000000046566,0.18217584673327777
2026-08-05 07:13:00,20171.88,937.01,44681.19,49032.33,13.671999999998661,11.69199999999546,1.9800000000032014,0.1693465617519646
2026-08-05 07:14:00,20172.13,937.37,44681.3,49032.55,13.891999999999825,11.696999999996478,2.195000000003347,0.18765495426211914
2026-08-05 07:15:00,20172.05,937.55,44681.23,49032.45,13.791999999994005,11.701999999997497,2.0899999999965075,0.17860194838463123
2026-08-05 07:16:00,20172.03,937.44,44681.23,49032.45,13.791999999994005,11.701999999997497,2.0899999999965075,0.17860194838463123
2026-08-05 07:17:00,20172.01,937.45,44681.42,49032.59,13.931999999993423,11.701999999997497,2.2299999999959255,0.19056571526204089
2026-08-05 07:18:00,20171.95,937.55,44681.32,49032.48,13.822000000000116,11.701999999997497,2.1200000000026193,0.18116561271603768
2026-08-05 07:19:00,20171.7,937.16,44681.14,49032.21,13.551999999996042,11.701999999997497,1.8499999999985448,0.15809263373773205
2026-08-05 07:20:00,20171.68,936.76,44681.0,49032.07,13.411999999996624,11.701999999997497,1.7099999999991269,0.1461288668603224
2026-08-05 07:21:00,20171.87,937.11,44681.14,49032.3,13.641999999999825,11.701999999997497,1.9400000000023283,0.16578362673070784
2026-08-05 07:22:00,20171.65,936.95,44681.15,49032.19,13.531999999999243,11.706999999998516,1.8250000000007276,0.1558896386777961
2026-08-05 07:23:00,20171.26,937.37,44681.03,49031.95,13.291999999994005,11.711999999999534,1.5799999999944703,0.13490437158423269
2026-08-05 07:24:00,20170.96,937.59,44681.01,49031.8,13.141999999999825,11.716999999996915,1.4250000000029104,0.1216181616457528
2026-08-05 07:25:00,20170.49,937.78,44680.87,49031.48,12.822000000000116,11.721999999994296,1.1000000000058208,0.0938406415292916
2026-08-05 07:26:00,20170.21,937.81,44680.59,49031.1,12.44199999999546,11.726999999995314,0.7150000000001455,0.06097041016461424
2026-08-05 07:27:00,20170.24,937.98,44680.77,49031.28,12.62199999999575,11.731999999996333,0.8899999999994179,0.07586089328330174
2026-08-05 07:28:00,20170.26,938.0,44680.86,49031.37,12.711999999999534,11.736999999997352,0.9750000000021828,0.08307063133700288
2026-08-05 07:29:00,20170.16,938.08,44680.95,49031.41,12.752000000000407,11.74199999999837,1.0100000000020373,0.08601601090122445
2026-08-05 07:30:00,20169.84,938.01,44680.96,49031.27,12.611999999993714,11.746999999999389,0.8649999999943248,0.07363582191149823
2026-08-05 07:31:00,20169.51,938.16,44680.88,49031.08,12.421999999998661,11.752000000000407,0.6699999999982538,0.057011572498147596
2026-08-05 07:32:00,20169.26,938.26,44680.85,49030.96,12.301999999996042,11.756999999997788,0.5449999999982538,0.0463553627624697
2026-08-05 07:33:00,20169.1,938.43,44680.78,49030.82,12.161999999996624,11.761999999995169,0.4000000000014552,0.03400782179915146
2026-08-05 07:34:00,20168.8,938.82,44680.63,49030.59,11.931999999993423,11.761999999995169,0.16999999999825377,0.014453324264438327
2026-08-05 07:35:00,20168.38,939.27,44680.29,49030.13,11.471999999994296,11.761999999995169,-0.2900000000008731,0.024655670804369343
2026-08-05 07:36:00,20168.18,939.61,44680.19,49029.97,11.31199999999808,11.766999999996187,-0.45499999999810825,0.03866745984518192
2026-08-05 07:37:00,20168.32,939.75,44680.11,49029.96,11.301999999996042,11.771999999997206,-0.47000000000116415,0.039925246347373065
2026-08-05 07:38:00,20168.89,939.7,44680.29,49030.36,11.701999999997497,11.776999999998225,-0.0750000000007276,0.006368345079454776
2026-08-05 07:39:00,20168.61,939.35,44680.2,49030.15,11.49199999999837,11.781999999999243,-0.2900000000008731,0.02461381768807433
2026-08-05 07:40:00,20168.74,938.74,44680.46,49030.44,11.781999999999243,11.786999999996624,-0.004999999997380655,0.00042419614807687173
2026-08-05 07:41:00,20168.64,938.82,44680.48,49030.41,11.752000000000407,11.791999999994005,-0.03999999999359716,0.003392130257260642
2026-08-05 07:42:00,20168.97,939.02,44680.16,49030.25,11.591999999996915,11.821999999996478,-0.22999999999956344,0.019455252918256807
2026-08-05 07:43:00,20168.74,939.27,44679.92,49029.95,11.291999999994005,11.851999999998952,-0.5600000000049477,0.04724940938280435
2026-08-05 07:44:00,20168.24,939.46,44679.91,49029.74,11.081999999994878,11.861999999997352,-0.7800000000024738,0.06575619625717821
2026-08-05 07:45:00,20168.2,939.42,44679.92,49029.71,11.051999999996042,11.87199999999575,-0.819999999999709,0.0690700808625339
2026-08-05 07:46:00,20167.81,939.6,44679.8,49029.46,10.801999999996042,11.901999999994587,-1.0999999999985448,0.09242144177441146
2026-08-05 07:47:00,20167.43,939.95,44679.58,49029.12,10.461999999999534,11.931999999993423,-1.4699999999938882,0.12319812269482891
2026-08-05 07:48:00,20167.51,940.29,44679.77,49029.35,10.69199999999546,11.931999999993423,-1.2399999999979627,0.10392222594691973
2026-08-05 07:49:00,20167.13,939.81,44679.36,49028.82,10.161999999996624,11.931999999993423,-1.7699999999967986,0.1483405967145302
2026-08-05 07:50:00,20167.44,939.55,44679.51,49029.09,10.431999999993423,11.946999999996478,-1.515000000003056,0.12681007784410334
2026-08-05 07:51:00,20167.59,938.91,44679.86,49029.43,10.771999999997206,11.961999999999534,-1.1900000000023283,0.09948169202494354
2026-08-05 07:52:00,20167.24,938.51,44680.01,49029.39,10.731999999996333,11.996999999999389,-1.265000000003056,0.10544302742378264
2026-08-05 07:53:00,20166.72,938.75,44679.91,49029.09,10.431999999993423,12.031999999999243,-1.6000000000058208,0.13297872340474745
2026-08-05 07:54:00,20166.15,939.32,44679.44,49028.44,9.781999999999243,12.041999999997643,-2.2599999999983993,0.18767646570327534
2026-08-05 07:55:00,20165.98,939.47,44679.18,49028.15,9.49199999999837,12.051999999996042,-2.5599999999976717,0.21241287753057686
2026-08-05 07:56:00,20165.5,939.53,44679.28,49028.03,9.37199999999575,12.051999999996042,-2.680000000000291,0.22236973116504904
2026-08-05 07:57:00,20165.14,939.93,44679.12,49027.77,9.111999999993714,12.051999999996042,-2.9400000000023283,0.24394291403943694
2026-08-05 07:58:00,20165.48,940.09,44679.01,49027.8,9.141999999999825,12.051999999996042,-2.9099999999962165,0.24145370063036609
2026-08-05 07:59:00,20165.69,939.93,44678.83,49027.73,9.072000000000116,12.051999999996042,-2.9799999999959255,0.24726186525032395
2026-08-05 08:00:00,20165.84,939.33,44678.9,49027.86,9.201999999997497,12.06699999999546,-2.8649999999979627,0.2374243805418945
2026-08-05 08:01:00,20165.83,939.15,44678.97,49027.92,9.261999999995169,12.081999999994878,-2.819999999999709,0.23340506538660027
2026-08-05 08:02:00,20165.75,939.45,44678.92,49027.87,9.211999999999534,12.091999999996915,-2.8799999999973807,0.2381739993382497
2026-08-05 08:03:00,20165.46,939.57,44678.72,49027.57,8.911999999996624,12.101999999998952,-3.1900000000023283,0.2635927945796236
2026-08-05 08:04:00,20165.09,939.61,44678.48,49027.22,8.56199999999808,12.121999999999389,-3.5600000000013097,0.29368091074092467
2026-08-05 08:05:00,20164.75,939.91,44678.35,49026.95,8.291999999994005,12.141999999999825,-3.8500000000058208,0.3170812057326533
2026-08-05 08:06:00,20164.87,940.22,44678.43,49027.08,8.421999999998661,12.141999999999825,-3.720000000001164,0.30637456761663795
2026-08-05 08:07:00,20164.8,939.7,44678.41,49026.99,8.331999999994878,12.141999999999825,-3.8100000000049477,0.31378685554315616
2026-08-05 08:08:00,20164.85,939.89,44678.34,49026.95,8.291999999994005,12.146999999997206,-3.8550000000032014,0.31736231168223333
2026-08-05 08:09:00,20164.49,940.03,44678.1,49026.59,7.9319999999934225,12.151999999994587,-4.220000000001164,0.34726793943408857
2026-08-05 08:10:00,20164.72,939.12,44678.17,49026.76,8.101999999998952,12.151999999994587,-4.049999999995634,0.33327847267918354
2026-08-05 08:11:00,20164.37,939.32,44677.98,49026.43,7.771999999997206,12.151999999994587,-4.379999999997381,0.3604344963791419
2026-08-05 08:12:00,20164.37,939.06,44678.13,49026.57,7.911999999996624,12.151999999994587,-4.239999999997963,0.3489137590519957
2026-08-05 08:13:00,20163.93,939.17,44677.93,49026.2,7.541999999994005,12.151999999994587,-4.610000000000582,0.379361421988367
2026-08-05 08:14:00,20163.71,938.58,44677.95,49026.11,7.451999999997497,12.156999999995605,-4.704999999998108,0.3870198239697137
2026-08-05 08:15:00,20163.46,938.67,44678.01,49026.07,7.411999999996624,12.161999999996624,-4.75,0.3905607630325044
2026-08-05 08:16:00,20163.09,938.17,44677.98,49025.89,7.231999999996333,12.176999999996042,-4.944999999999709,0.4060934548740508
2026-08-05 08:17:00,20162.88,938.17,44677.77,49025.62,6.961999999999534,12.19199999999546,-5.2299999999959255,0.4289698162727914
2026-08-05 08:18:00,20162.74,937.95,44677.92,49025.68,7.021999999997206,12.196999999996478,-5.174999999999272,0.42428466016239785
2026-08-05 08:19:00,20162.23,938.27,44677.59,49025.18,6.521999999997206,12.201999999997497,-5.680000000000291,0.4654974594329992
2026-08-05 08:20:00,20161.82,938.26,44677.55,49024.93,6.271999999997206,12.201999999997497,-5.930000000000291,0.4859859039502956
2026-08-05 08:21:00,20162.04,938.85,44677.39,49024.91,6.2520000000004075,12.201999999997497,-5.94999999999709,0.487624979511417
2026-08-05 08:22:00,20161.72,938.39,44677.13,49024.56,5.901999999994587,12.201999999997497,-6.30000000000291,0.516308801836109
2026-08-05 08:23:00,20161.68,938.1,44677.28,49024.67,6.011999999995169,12.201999999997497,-6.190000000002328,0.507293886248451
2026-08-05 08:24:00,20161.17,937.28,44677.17,49024.34,5.6819999999934225,12.211999999995896,-6.530000000002474,0.5347199475929142
2026-08-05 08:25:00,20161.41,936.81,44677.51,49024.75,6.091999999996915,12.221999999994296,-6.129999999997381,0.5015545737195419
2026-08-05 08:26:00,20161.35,937.57,44677.43,49024.66,6.0020000000004075,12.226999999995314,-6.224999999994907,0.5091191625089795
2026-08-05 08:27:00,20161.18,937.02,44677.08,49024.24,5.581999999994878,12.231999999996333,-6.650000000001455,0.5436559843037483
2026-08-05 08:28:00,20161.4,936.92,44676.95,49024.22,5.561999999998079,12.231999999996333,-6.669999999998254,0.5452910398953772
2026-08-05 08:29:00,20161.75,936.76,44676.99,49024.39,5.731999999996333,12.231999999996333,-6.5,0.5313930673644497
2026-08-05 08:30:00,20161.96,936.82,44676.96,49024.46,5.801999999996042,12.24699999999575,-6.444999999999709,0.5262513268557153
2026-08-05 08:31:00,20162.01,936.55,44677.0,49024.5,5.841999999996915,12.261999999995169,-6.419999999998254,0.5235687489806543
2026-08-05 08:32:00,20161.45,936.59,44676.57,49023.91,5.2520000000004075,12.266999999996187,-7.01499999999578,0.5718594603405853
2026-08-05 08:33:00,20161.77,936.09,44676.67,49024.14,5.481999999996333,12.271999999997206,-6.790000000000873,0.5532920469363118
2026-08-05 08:34:00,20162.1,935.63,44676.6,49024.2,5.541999999994005,12.271999999997206,-6.730000000003201,0.5484028683185083
2026-08-05 08:35:00,20161.79,935.75,44676.76,49024.21,5.551999999996042,12.271999999997206,-6.720000000001164,0.5475880052153433
2026-08-05 08:36:00,20161.63,935.7,44676.53,49023.93,5.271999999997206,12.276999999998225,-7.005000000001019,0.5705791317098665
2026-08-05 08:37:00,20161.73,935.24,44676.68,49024.11,5.451999999997497,12.281999999999243,-6.830000000001746,0.5560983553169001
2026-08-05 08:38:00,20161.74,934.74,44676.66,49024.08,5.421999999998661,12.281999999999243,-6.860000000000582,0.558540954242062
2026-08-05 08:39:00,20161.71,934.51,44676.41,49023.85,5.19199999999546,12.281999999999243,-7.0900000000037835,0.5772675460026234
2026-08-05 08:40:00,20161.7,934.01,44676.52,49023.93,5.271999999997206,12.286999999996624,-7.014999999999418,0.570928623748787
2026-08-05 08:41:00,20161.5,933.88,44676.42,49023.76,5.101999999998952,12.291999999994005,-7.189999999995052,0.5849332899445623
2026-08-05 08:42:00,20162.01,933.82,44676.74,49024.21,5.551999999996042,12.296999999995023,-6.744999999998981,0.5485077661219575
2026-08-05 08:43:00,20162.04,933.57,44676.65,49024.13,5.471999999994296,12.301999999996042,-6.830000000001746,0.5551942773535965
2026-08-05 08:44:00,20162.09,933.13,44676.35,49023.9,5.24199999999837,12.301999999996042,-7.059999999997672,0.5738904243212439
2026-08-05 08:45:00,20161.84,933.01,44676.32,49023.76,5.101999999998952,12.301999999996042,-7.19999999999709,0.5852706876930097
2026-08-05 08:46:00,20162.07,932.82,44676.2,49023.76,5.101999999998952,12.301999999996042,-7.19999999999709,0.5852706876930097
2026-08-05 08:47:00,20162.04,932.52,44676.03,49023.59,4.9319999999934225,12.301999999996042,-7.370000000002619,0.599089578930661
2026-08-05 08:48:00,20162.24,932.41,44676.09,49023.7,5.041999999994005,12.30699999999706,-7.265000000003056,0.5903144551884937
2026-08-05 08:49:00,20162.12,932.06,44676.05,49023.61,4.951999999997497,12.31199999999808,-7.360000000000582,0.5977907732295102
2026-08-05 08:50:00,20162.37,931.77,44676.3,49023.95,5.291999999994005,12.316999999999098,-7.025000000005093,0.5703499228712843
2026-08-05 08:51:00,20162.21,931.45,44676.12,49023.72,5.061999999998079,12.322000000000116,-7.260000000002037,0.5891900665477982
2026-08-05 08:52:00,20162.09,931.11,44676.14,49023.66,5.0020000000004075,12.322000000000116,-7.319999999999709,0.5940594059405648
2026-08-05 08:53:00,20161.94,931.08,44676.08,49023.52,4.861999999993714,12.322000000000116,-7.460000000006403,0.6054211978580045
2026-08-05 08:54:00,20161.92,930.22,44676.14,49023.56,4.901999999994587,12.322000000000116,-7.42000000000553,0.6021749715959633
2026-08-05 08:55:00,20161.82,930.25,44676.01,49023.38,4.721999999994296,12.322000000000116,-7.600000000005821,0.6167829897748538
2026-08-05 08:56:00,20161.65,929.82,44675.96,49023.27,4.611999999993714,12.341999999996915,-7.730000000003201,0.6263166423598391
2026-08-05 08:57:00,20161.79,929.7,44676.21,49023.54,4.881999999997788,12.361999999993714,-7.4799999999959255,0.6050800841287598
2026-08-05 08:58:00,20161.81,929.56,44676.03,49023.39,4.731999999996333,12.37199999999575,-7.639999999999418,0.6175234400260299
2026-08-05 08:59:00,20161.67,929.53,44675.95,49023.24,4.581999999994878,12.381999999997788,-7.80000000000291,0.6299466968183092
2026-08-05 09:00:00,20162.1,929.03,44676.12,49023.57,4.911999999996624,12.381999999997788,-7.470000000001164,0.6032951057989419
2026-08-05 09:01:00,20162.11,928.79,44675.95,49023.15,4.49199999999837,12.381999999997788,-7.889999999999418,0.6372153125505433
2026-08-05 09:02:00,20161.76,928.59,44675.73,49023.01,4.351999999998952,12.381999999997788,-8.029999999998836,0.6485220481344105
2026-08-05 09:03:00,20162.08,927.98,44675.91,49023.36,4.701999999997497,12.381999999997788,-7.680000000000291,0.6202552091747426
2026-08-05 09:04:00,20162.07,927.9,44676.1,49023.5,4.841999999996915,12.381999999997788,-7.540000000000873,0.6089484735908754
2026-08-05 09:05:00,20162.05,927.48,44675.88,49023.31,4.651999999994587,12.381999999997788,-7.730000000003201,0.6242933290263756
2026-08-05 09:06:00,20161.92,927.13,44675.71,49023.1,4.44199999999546,12.381999999997788,-7.940000000002328,0.6412534324021762
2026-08-05 09:07:00,20162.05,926.73,44675.88,49023.31,4.651999999994587,12.381999999997788,-7.730000000003201,0.6242933290263756
2026-08-05 09:08:00,20162.12,926.67,44675.94,49023.38,4.721999999994296,12.386999999998807,-7.665000000004511,0.6187938968277428
2026-08-05 09:09:00,20162.03,926.16,44675.76,49023.18,4.521999999997206,12.391999999999825,-7.870000000002619,0.635087153002157
2026-08-05 09:10:00,20162.12,925.77,44675.76,49023.16,4.5020000000004075,12.391999999999825,-7.889999999999418,0.6367010974822086
2026-08-05 09:11:00,20162.43,925.4,44675.9,49023.49,4.831999999994878,12.391999999999825,-7.560000000004948,0.6100710135575415
2026-08-05 09:12:00,20162.75,925.02,44676.05,49023.74,5.081999999994878,12.391999999999825,-7.310000000004948,0.5898967075536677
2026-08-05 09:13:00,20162.56,924.95,44675.91,49023.53,4.871999999995751,12.391999999999825,-7.5200000000040745,0.6068431245968512
2026-08-05 09:14:00,20162.7,924.37,44675.7,49023.4,4.74199999999837,12.396999999997206,-7.654999999998836,0.6174881019601969
2026-08-05 09:15:00,20162.57,924.2,44675.81,49023.42,4.761999999995169,12.401999999994587,-7.639999999999418,0.6160296726336681
2026-08-05 09:16:00,20162.84,923.95,44676.0,49023.69,5.031999999999243,12.406999999995605,-7.374999999996362,0.5944225034254029
2026-08-05 09:17:00,20162.74,923.29,44675.91,49023.58,4.921999999998661,12.411999999996624,-7.489999999997963,0.603448275862069
2026-08-05 09:18:00,20162.74,923.27,44675.72,49023.4,4.74199999999837,12.416999999997643,-7.674999999999272,0.6181042119675227
2026-08-05 09:19:00,20163.01,922.79,44675.89,49023.63,4.971999999994296,12.421999999998661,-7.450000000004366,0.5997423925297994
2026-08-05 09:20:00,20162.76,922.47,44675.88,49023.52,4.861999999993714,12.421999999998661,-7.560000000004948,0.6085976493322945
2026-08-05 09:21:00,20162.99,922.41,44675.87,49023.61,4.951999999997497,12.421999999998661,-7.470000000001164,0.6013524392208959
2026-08-05 09:22:00,20162.97,921.99,44675.63,49023.38,4.721999999994296,12.421999999998661,-7.700000000004366,0.6198679761717272
2026-08-05 09:23:00,20163.21,921.43,44675.58,49023.45,4.791999999994005,12.421999999998661,-7.630000000004657,0.6142328127520109
2026-08-05 09:24:00,20163.59,921.68,44675.76,49023.74,5.081999999994878,12.426999999996042,-7.345000000001164,0.5910517421745798
2026-08-05 09:25:00,20163.7,920.84,44675.39,49023.46,4.801999999996042,12.431999999993423,-7.629999999997381,0.6137387387388528
2026-08-05 09:26:00,20163.87,920.76,44675.23,49023.4,4.74199999999837,12.436999999994441,-7.694999999996071,0.618718340435757
2026-08-05 09:27:00,20164.12,920.42,44675.37,49023.56,4.901999999994587,12.44199999999546,-7.540000000000873,0.6060118951939901
2026-08-05 09:28:00,20164.3,919.81,44675.39,49023.61,4.951999999997497,12.446999999996478,-7.494999999998981,0.6021531292681852
2026-08-05 09:29:00,20164.45,919.76,44675.41,49023.75,5.091999999996915,12.451999999997497,-7.360000000000582,0.5910697076776471
2026-08-05 09:30:00,20164.45,919.24,44675.46,49023.79,5.131999999997788,12.451999999997497,-7.319999999999709,0.5878573723097639
2026-08-05 09:31:00,20164.53,919.06,44675.31,49023.7,5.041999999994005,12.451999999997497,-7.4100000000034925,0.5950851268876471
2026-08-05 09:32:00,20164.45,918.74,44675.21,49023.53,4.871999999995751,12.451999999997497,-7.580000000001746,0.6087375522007124
2026-08-05 09:33:00,20164.72,918.7,44675.13,49023.57,4.911999999996624,12.451999999997497,-7.540000000000873,0.6055252168328291
2026-08-05 09:34:00,20164.67,918.34,44674.76,49023.22,4.561999999998079,12.461999999995896,-7.899999999997817,0.6339271385010767
2026-08-05 09:35:00,20164.62,918.28,44674.3,49022.79,4.131999999997788,12.471999999994296,-8.339999999996508,0.6686978832585249
2026-08-05 09:36:00,20165.56,917.72,44674.7,49023.51,4.851999999998952,12.471999999994296,-7.619999999995343,0.6109685695958009
2026-08-05 09:37:00,20165.49,917.27,44674.63,49023.31,4.651999999994587,12.471999999994296,-7.819999999999709,0.6270044900579927
2026-08-05 09:38:00,20165.45,916.88,44674.46,49022.96,4.301999999996042,12.476999999995314,-8.174999999999272,0.6552055782641936
2026-08-05 09:39:00,20165.67,916.3,44674.4,49023.26,4.601999999998952,12.481999999996333,-7.879999999997381,0.6313090850824945
2026-08-05 09:40:00,20165.47,916.28,44674.12,49022.93,4.271999999997206,12.481999999996333,-8.209999999999127,0.6577471559046257
2026-08-05 09:41:00,20165.8,915.83,44673.84,49022.84,4.1819999999934225,12.481999999996333,-8.30000000000291,0.6649575388563811
2026-08-05 09:42:00,20166.17,915.46,44674.0,49023.13,4.471999999994296,12.486999999997352,-8.015000000003056,0.6418675422443145
2026-08-05 09:43:00,20166.29,915.08,44674.09,49023.24,4.581999999994878,12.49199999999837,-7.9100000000034925,0.6332052513612332
2026-08-05 09:44:00,20166.58,914.6,44674.01,49023.28,4.621999999995751,12.49199999999837,-7.870000000002619,0.6300032020496035
2026-08-05 09:45:00,20166.73,914.01,44673.81,49023.08,4.421999999998661,12.49199999999837,-8.069999999999709,0.6460134486071696
2026-08-05 09:46:00,20166.56,913.97,44673.73,49022.98,4.322000000000116,12.50199999999677,-8.179999999996653,0.6542953127498614
2026-08-05 09:47:00,20166.23,913.87,44673.57,49022.74,4.081999999994878,12.511999999995169,-8.430000000000291,0.6737531969312297
2026-08-05 09:48:00,20166.13,913.56,44673.44,49022.57,3.911999999996624,12.511999999995169,-8.599999999998545,0.6873401534528345
2026-08-05 09:49:00,20166.21,913.36,44673.38,49022.52,3.8619999999937136,12.511999999995169,-8.650000000001455,0.6913363171359331
2026-08-05 09:50:00,20166.47,913.21,44673.52,49022.74,4.081999999994878,12.516999999996187,-8.43500000000131,0.6738835184152655
2026-08-05 09:51:00,20166.58,912.77,44673.5,49022.76,4.101999999998952,12.521999999997206,-8.419999999998254,0.6724165468775062
2026-08-05 09:52:00,20166.63,912.3,44673.32,49022.6,3.94199999999546,12.526999999998225,-8.585000000002765,0.6853197094279542
2026-08-05 09:53:00,20166.55,912.38,44673.23,49022.48,3.8220000000001164,12.531999999999243,-8.709999999999127,0.6950207468879391
2026-08-05 09:54:00,20166.85,911.94,44673.28,49022.65,3.99199999999837,12.531999999999243,-8.540000000000873,0.6814554739867051
2026-08-05 09:55:00,20166.93,911.62,44672.96,49022.38,3.7219999999942956,12.531999999999243,-8.810000000004948,0.7030003191833291
2026-08-05 09:56:00,20167.22,911.12,44673.27,49022.77,4.111999999993714,12.536999999996624,-8.42500000000291,0.672010847890658
2026-08-05 09:57:00,20167.28,910.85,44673.23,49022.77,4.111999999993714,12.541999999994005,-8.430000000000291,0.6721416042101994
2026-08-05 09:58:00,20166.99,910.75,44673.07,49022.49,3.8319999999948777,12.546999999995023,-8.715000000000146,0.6945883478125131
2026-08-05 09:59:00,20167.04,910.61,44673.1,49022.54,3.881999999997788,12.551999999996042,-8.669999999998254,0.6907265774379372
2026-08-05 10:00:00,20166.92,910.63,44672.93,49022.34,3.6819999999934225,12.56199999999808,-8.880000000004657,0.7068938067191541
2026-08-05 10:01:00,20166.82,910.01,44672.74,49022.11,3.451999999997497,12.572000000000116,-9.12000000000262,0.7254215717469404
2026-08-05 10:02:00,20166.4,910.26,44671.88,49021.16,2.5020000000004075,12.572000000000116,-10.069999999999709,0.8009863188036602
2026-08-05 10:03:00,20166.53,910.04,44671.8,49021.14,2.481999999996333,12.572000000000116,-10.090000000003783,0.8025771555841306
2026-08-05 10:04:00,20166.45,909.87,44671.77,49021.1,2.44199999999546,12.572000000000116,-10.130000000004657,0.8057588291444927
2026-08-05 10:05:00,20167.59,909.72,44672.58,49022.29,3.631999999997788,12.572000000000116,-8.940000000002328,0.7111040407256002
2026-08-05 10:06:00,20168.19,909.28,44672.75,49022.67,4.011999999995169,12.576999999997497,-8.565000000002328,0.6810050091439956
2026-08-05 10:07:00,20167.86,909.18,44672.36,49022.19,3.5319999999992433,12.581999999994878,-9.049999999995634,0.7192815132728755
2026-08-05 10:08:00,20168.59,908.79,44672.73,49022.83,4.171999999998661,12.586999999995896,-8.414999999997235,0.6685469134821624
2026-08-05 10:09:00,20168.69,908.67,44672.7,49022.83,4.171999999998661,12.591999999996915,-8.419999999998254,0.6686785260483098
2026-08-05 10:10:00,20168.74,908.2,44672.24,49022.43,3.771999999997206,12.596999999997934,-8.825000000000728,0.7005636262603934
2026-08-05 10:11:00,20169.32,908.12,44672.49,49022.89,4.231999999996333,12.601999999998952,-8.37000000000262,0.6641802888433038
2026-08-05 10:12:00,20169.14,907.87,44672.17,49022.47,3.811999999998079,12.601999999998952,-8.790000000000873,0.6975083320109192
2026-08-05 10:13:00,20169.02,907.77,44671.99,49022.27,3.6119999999937136,12.601999999998952,-8.990000000005239,0.7133788287578151
2026-08-05 10:14:00,20169.58,907.67,44672.34,49022.82,4.161999999996624,12.601999999998952,-8.440000000002328,0.6697349627045731
2026-08-05 10:15:00,20169.63,907.33,44672.35,49022.87,4.211999999999534,12.601999999998952,-8.389999999999418,0.6657673385177048
2026-08-05 10:16:00,20169.52,907.22,44672.13,49022.62,3.9619999999995343,12.601999999998952,-8.639999999999418,0.6856054594508916
2026-08-05 10:17:00,20169.56,906.82,44672.2,49022.68,4.021999999997206,12.601999999998952,-8.580000000001746,0.6808443104271116
2026-08-05 10:18:00,20169.24,906.8,44671.97,49022.34,3.6819999999934225,12.606999999996333,-8.92500000000291,0.7079400333152619
2026-08-05 10:19:00,20169.48,906.54,44672.05,49022.5,3.841999999996915,12.611999999993714,-8.769999999996799,0.695369489375291
2026-08-05 10:20:00,20169.68,906.33,44671.87,49022.43,3.771999999997206,12.611999999993714,-8.839999999996508,0.7009197589597933
2026-08-05 10:21:00,20170.13,906.24,44672.17,49022.88,4.221999999994296,12.611999999993714,-8.389999999999418,0.6652394544880749
2026-08-05 10:22:00,20169.95,905.71,44672.07,49022.72,4.061999999998079,12.616999999994732,-8.554999999996653,0.6780534199889217
2026-08-05 10:23:00,20170.05,905.74,44672.09,49022.76,4.101999999998952,12.62199999999575,-8.519999999996799,0.6750118840120161
2026-08-05 10:24:00,20170.22,905.65,44672.0,49022.76,4.101999999998952,12.62199999999575,-8.519999999996799,0.6750118840120161
2026-08-05 10:25:00,20170.79,904.84,44672.03,49022.99,4.331999999994878,12.62199999999575,-8.290000000000873,0.6567897322138856
2026-08-05 10:26:00,20170.82,904.79,44671.81,49022.8,4.141999999999825,12.62199999999575,-8.479999999995925,0.671842814133955
2026-08-05 10:27:00,20170.99,904.39,44671.73,49022.81,4.151999999994587,12.62199999999575,-8.470000000001164,0.6710505466648721
2026-08-05 10:28:00,20170.93,903.9,44671.81,49022.81,4.151999999994587,12.631999999997788,-8.480000000003201,0.6713109563018276
2026-08-05 10:29:00,20171.05,903.71,44671.77,49022.82,4.161999999996624,12.641999999999825,-8.480000000003201,0.6707799398831924
2026-08-05 10:30:00,20170.95,903.76,44671.67,49022.74,4.081999999994878,12.641999999999825,-8.560000000004948,0.6771080525237356
2026-08-05 10:31:00,20171.26,903.64,44671.68,49022.84,4.1819999999934225,12.641999999999825,-8.460000000006403,0.6691979117233444
2026-08-05 10:32:00,20171.46,903.28,44671.63,49022.85,4.19199999999546,12.651999999998225,-8.460000000002765,0.6686689851410016
2026-08-05 10:33:00,20171.56,902.95,44671.79,49023.04,4.381999999997788,12.661999999996624,-8.279999999998836,0.6539251303112497
2026-08-05 10:34:00,20171.65,902.78,44671.32,49022.68,4.021999999997206,12.661999999996624,-8.639999999999418,0.6823566577161366
2026-08-05 10:35:00,20172.07,902.26,44671.45,49022.94,4.281999999999243,12.661999999996624,-8.37999999999738,0.6618227768124795
2026-08-05 10:36:00,20171.89,901.98,44671.33,49022.75,4.091999999996915,12.666999999997643,-8.575000000000728,0.6769558695825628
2026-08-05 10:37:00,20172.06,901.62,44671.04,49022.57,3.911999999996624,12.671999999998661,-8.760000000002037,0.6912878787881126
2026-08-05 10:38:00,20172.57,901.29,44670.98,49022.74,4.081999999994878,12.671999999998661,-8.590000000003783,0.677872474747845
2026-08-05 10:39:00,20172.88,900.53,44670.9,49022.75,4.091999999996915,12.671999999998661,-8.580000000001746,0.6770833333335426
2026-08-05 10:40:00,20172.99,900.47,44671.1,49023.02,4.361999999993714,12.671999999998661,-8.310000000004948,0.6557765151519749
2026-08-05 10:41:00,20173.12,900.18,44670.97,49022.94,4.281999999999243,12.671999999998661,-8.389999999999418,0.6620896464646705
2026-08-05 10:42:00,20172.79,899.78,44670.69,49022.54,3.881999999997788,12.671999999998661,-8.790000000000873,0.6936553030304452
2026-08-05 10:43:00,20173.0,899.4,44670.75,49022.66,4.0020000000004075,12.671999999998661,-8.669999999998254,0.6841856060605406
2026-08-05 10:44:00,20173.14,899.24,44670.8,49022.71,4.051999999996042,12.671999999998661,-8.62000000000262,0.6802398989901776
2026-08-05 10:45:00,20173.44,898.46,44670.57,49022.64,3.981999999996333,12.671999999998661,-8.690000000002328,0.6857638888891451
2026-08-05 10:46:00,20173.57,898.34,44670.42,49022.57,3.911999999996624,12.676999999996042,-8.764999999999418,0.6914096395047846
2026-08-05 10:47:00,20173.86,898.12,44670.33,49022.58,3.9219999999986612,12.681999999993423,-8.759999999994761,0.6907427850496218
2026-08-05 10:48:00,20174.14,897.65,44670.16,49022.55,3.8919999999998254,12.69199999999546,-8.799999999995634,0.693350141821524
2026-08-05 10:49:00,20174.55,897.45,44670.15,49022.68,4.021999999997206,12.701999999997497,-8.680000000000291,0.6833569516613133
2026-08-05 10:50:00,20174.88,897.06,44670.11,49022.77,4.111999999993714,12.706999999998516,-8.595000000004802,0.6763988352880936
2026-08-05 10:51:00,20175.22,896.33,44670.01,49022.78,4.121999999995751,12.711999999999534,-8.590000000003783,0.6757394587794288
2026-08-05 10:52:00,20175.38,896.17,44670.03,49022.85,4.19199999999546,12.716999999996915,-8.525000000001455,0.6703625068808307
2026-08-05 10:53:00,20175.55,895.75,44670.03,49022.86,4.201999999997497,12.721999999994296,-8.519999999996799,0.6697060210659188
2026-08-05 10:54:00,20175.88,895.09,44669.91,49022.92,4.261999999995169,12.721999999994296,-8.459999999999127,0.6649897814811287
2026-08-05 10:55:00,20175.65,894.71,44669.52,49022.49,3.8319999999948777,12.721999999994296,-8.889999999999418,0.6987894985067917
2026-08-05 10:56:00,20175.73,894.42,44669.16,49022.23,3.5720000000001164,12.721999999994296,-9.14999999999418,0.7192265367079297
2026-08-05 10:57:00,20176.15,894.14,44669.16,49022.42,3.7619999999951688,12.721999999994296,-8.959999999999127,0.7042917780225707
2026-08-05 10:58:00,20176.28,893.65,44668.96,49022.27,3.6119999999937136,12.726999999995314,-9.1150000000016,0.7161939184414989
2026-08-05 10:59:00,20176.34,893.16,44668.77,49022.09,3.4319999999934225,12.731999999996333,-9.30000000000291,0.7304429783227764
2026-08-05 11:00:00,20176.68,892.95,44668.85,49022.29,3.631999999997788,12.736999999997352,-9.104999999999563,0.7148465101673437
2026-08-05 11:01:00,20177.31,892.19,44669.06,49022.73,4.072000000000116,12.74199999999837,-8.669999999998254,0.6804269345471169
2026-08-05 11:02:00,20177.31,891.68,44668.93,49022.58,3.9219999999986612,12.746999999999389,-8.825000000000728,0.692319761512603
2026-08-05 11:03:00,20177.18,891.21,44668.7,49022.33,3.6719999999986612,12.752000000000407,-9.080000000001746,0.7120451693853087
2026-08-05 11:04:00,20177.34,890.73,44668.68,49022.35,3.69199999999546,12.766999999999825,-9.075000000004366,0.7108169499494391
2026-08-05 11:05:00,20177.22,890.52,44668.31,49021.96,3.301999999996042,12.781999999999243,-9.480000000003201,0.7416679705839276
2026-08-05 11:06:00,20177.09,890.21,44668.2,49021.82,3.161999999996624,12.791999999997643,-9.630000000001019,0.7528142589120382
2026-08-05 11:07:00,20177.36,889.71,44668.31,49022.02,3.3619999999937136,12.801999999996042,-9.440000000002328,0.737384783627968
2026-08-05 11:08:00,20177.27,889.44,44668.14,49021.85,3.19199999999546,12.80699999999706,-9.6150000000016,0.7507613024130403
2026-08-05 11:09:00,20176.78,889.23,44667.78,49021.3,2.6419999999998254,12.81199999999808,-10.169999999998254,0.7937870746175287
2026-08-05 11:10:00,20176.67,888.79,44667.45,49020.95,2.2919999999940046,12.81199999999808,-10.520000000004075,0.8211052138624455
2026-08-05 11:11:00,20176.95,888.48,44667.71,49021.25,2.591999999996915,12.81199999999808,-10.220000000001164,0.7976896659383934
2026-08-05 11:12:00,20176.6,888.49,44667.69,49021.09,2.4319999999934225,12.81199999999808,-10.380000000004657,0.810177958164706
2026-08-05 11:13:00,20176.6,888.41,44667.56,49020.95,2.2919999999940046,12.81199999999808,-10.520000000004075,0.8211052138624455
2026-08-05 11:14:00,20176.46,888.16,44667.01,49020.45,1.7919999999940046,12.81199999999808,-11.020000000004075,0.8601311270688203
2026-08-05 11:15:00,20176.45,888.05,44666.9,49020.35,1.6919999999954598,12.81199999999808,-11.12000000000262,0.8679363097099818
2026-08-05 11:16:00,20176.81,887.66,44666.81,49020.42,1.7619999999951688,12.816999999999098,-11.055000000003929,0.8625263322153942
2026-08-05 11:17:00,20177.13,887.21,44666.65,49020.4,1.7419999999983702,12.822000000000116,-11.080000000001746,0.864139759787993
2026-08-05 11:18:00,20177.5,886.81,44666.49,49020.4,1.7419999999983702,12.822000000000116,-11.080000000001746,0.864139759787993
2026-08-05 11:19:00,20177.9,886.55,44666.47,49020.52,1.8619999999937136,12.822000000000116,-10.960000000006403,0.8547808454224226
2026-08-05 11:20:00,20178.28,885.99,44666.39,49020.58,1.9219999999986612,12.822000000000116,-10.900000000001455,0.85010138823907
2026-08-05 11:21:00,20178.43,885.57,44666.26,49020.52,1.8619999999937136,12.822000000000116,-10.960000000006403,0.8547808454224226
2026-08-05 11:22:00,20178.83,884.97,44666.18,49020.58,1.9219999999986612,12.826999999997497,-10.904999999998836,0.8501598191315946
2026-08-05 11:23:00,20179.33,884.51,44666.26,49020.86,2.201999999997497,12.831999999994878,-10.62999999999738,0.8283977556110991
2026-08-05 11:24:00,20179.38,884.3,44666.21,49020.84,2.1819999999934225,12.836999999995896,-10.655000000002474,0.8300225909484988
2026-08-05 11:25:00,20179.58,883.89,44666.2,49020.9,2.24199999999837,12.841999999996915,-10.599999999998545,0.8254166017755094
2026-08-05 11:26:00,20179.46,883.57,44665.92,49020.6,1.9419999999954598,12.851999999995314,-10.909999999999854,0.8488951136012941
2026-08-05 11:27:00,20179.71,883.23,44666.11,49020.84,2.1819999999934225,12.861999999993714,-10.680000000000291,0.8303529777643843
2026-08-05 11:28:00,20179.23,883.18,44665.9,49020.46,1.8019999999960419,12.866999999994732,-11.06499999999869,0.8599518147200762
2026-08-05 11:29:00,20178.89,883.16,44665.73,49020.18,1.521999999997206,12.87199999999575,-11.349999999998545,0.8817588564327449
2026-08-05 11:30:00,20178.34,883.34,44665.54,49019.79,1.131999999997788,12.886999999995169,-11.75499999999738,0.9121595406224713
2026-08-05 11:31:00,20178.18,883.41,44665.48,49019.66,1.0020000000004075,12.901999999994587,-11.89999999999418,0.9223376220740329
2026-08-05 11:32:00,20178.51,883.41,44665.51,49019.81,1.1519999999945867,12.901999999994587,-11.75,0.9107115175945536
2026-08-05 11:33:00,20178.75,883.35,44665.32,49019.75,1.091999999996915,12.901999999994587,-11.809999999997672,0.9153619593863452
2026-08-05 11:34:00,20178.99,883.16,44665.06,49019.62,0.9619999999995343,12.901999999994587,-11.939999999995052,0.925437916602082
2026-08-05 11:35:00,20179.4,882.81,44664.79,49019.56,0.9019999999945867,12.901999999994587,-12.0,0.9300883583944377
2026-08-05 11:36:00,20179.68,882.48,44664.74,49019.62,0.9619999999995343,12.916999999994005,-11.95499999999447,0.925524502593483
2026-08-05 11:37:00,20180.03,882.15,44664.58,49019.61,0.9519999999974971,12.931999999993423,-11.979999999995925,0.9263841633159619
2026-08-05 11:38:00,20180.09,881.97,44664.5,49019.55,0.8919999999998254,12.931999999993423,-12.039999999993597,0.9310238168883175
2026-08-05 11:39:00,20180.04,881.78,44664.63,49019.62,0.9619999999995343,12.931999999993423,-11.969999999993888,0.9256108877203817
2026-08-05 11:40:00,20179.49,881.9,44664.41,49019.19,0.5319999999992433,12.931999999993423,-12.39999999999418,0.9588617383235761
2026-08-05 11:41:00,20179.67,881.81,44664.41,49019.25,0.591999999996915,12.931999999993423,-12.339999999996508,0.9542220847512205
2026-08-05 11:42:00,20179.03,881.87,44664.27,49018.88,0.22199999999429565,12.936999999994441,-12.715000000000146,0.9828399165189463
2026-08-05 11:43:00,20179.28,881.66,44664.34,49019.05,0.3919999999998254,12.94199999999546,-12.549999999995634,0.9697110183897417
2026-08-05 11:44:00,20178.72,881.84,44664.02,49018.52,0.1,12.946999999996478,-12.846999999996479,0.9922762029813835
2026-08-05 11:45:00,20178.93,881.75,44663.93,49018.53,0.1,12.951999999997497,-12.851999999997497,0.9922791846819009
2026-08-05 11:46:00,20179.04,881.69,44663.78,49018.44,0.1,12.956999999998516,-12.856999999998516,0.9922821640811907
2026-08-05 11:47:00,20179.06,881.69,44663.8,49018.48,0.1,12.961999999999534,-12.861999999999535,0.9922851411819161
2026-08-05 11:48:00,20179.48,881.38,44663.92,49018.75,0.1,12.956999999998516,-12.856999999998516,0.9922821640811907
2026-08-05 11:49:00,20179.91,881.04,44663.94,49018.94,0.2819999999992433,12.961999999999534,-12.680000000000291,0.9782440981330618
2026-08-05 11:50:00,20180.31,880.63,44663.89,49019.07,0.41199999999662396,12.956999999998516,-12.545000000001892,0.9682025160147665
2026-08-05 11:51:00,20180.97,880.27,44663.96,49019.4,0.7419999999983702,12.951999999997497,-12.209999999999127,0.9427115503398307
2026-08-05 11:52:00,20181.19,880.04,44663.97,49019.49,0.8319999999948777,12.946999999996478,-12.1150000000016,0.9357380088055067
2026-08-05 11:53:00,20181.14,879.76,44663.88,49019.35,0.6919999999954598,12.94199999999546,-12.25,0.9465306753209934
2026-08-05 11:54:00,20181.22,879.61,44663.83,49019.34,0.6819999999934225,12.936999999994441,-12.255000000001019,0.9472829867825836
2026-08-05 11:55:00,20181.24,879.41,44663.72,49019.29,0.6319999999977881,12.931999999993423,-12.299999999995634,0.9511289823694626
2026-08-05 11:56:00,20180.85,879.37,44663.52,49018.95,0.2919999999940046,12.931999999993423,-12.639999999999418,0.9774203526141236
2026-08-05 11:57:00,20180.76,879.36,44663.47,49018.89,0.23199999999633292,12.931999999993423,-12.69999999999709,0.9820600061864792
2026-08-05 11:58:00,20180.68,879.42,44663.38,49018.75,0.1,12.916999999994005,-12.816999999994005,0.9922582643028531
2026-08-05 11:59:00,20180.57,879.6,44663.28,49018.6,0.1,12.901999999994587,-12.801999999994587,0.9922492636800464
2026-08-05 12:00:00,20180.64,879.4,44663.37,49018.7,0.1,12.901999999994587,-12.801999999994587,0.9922492636800464
2026-08-05 12:01:00,20180.84,878.89,44663.37,49018.77,0.11199999999371357,12.901999999994587,-12.790000000000873,0.9913191753221392
2026-08-05 12:02:00,20180.87,878.71,44663.27,49018.69,0.1,12.901999999994587,-12.801999999994587,0.9922492636800464
2026-08-05 12:03:00,20181.09,878.57,44663.34,49018.84,0.18199999999342253,12.901999999994587,-12.720000000001164,0.9858936598981942
2026-08-05 12:04:00,20181.17,878.46,44663.4,49018.93,0.27199999999720603,12.886999999995169,-12.614999999997963,0.978893458524303
2026-08-05 12:05:00,20181.15,878.36,44663.43,49018.93,0.27199999999720603,12.87199999999575,-12.599999999998545,0.9788688626478173
2026-08-05 12:06:00,20180.89,878.37,44663.33,49018.76,0.10199999999895226,12.866999999994732,-12.76499999999578,0.9920727442295023
2026-08-05 12:07:00,20180.54,878.22,44663.16,49018.47,0.1,12.861999999993714,-12.761999999993714,0.9922251593842288
2026-08-05 12:08:00,20180.46,878.37,44663.16,49018.43,0.1,12.851999999995314,-12.751999999995315,0.9922191098661659
2026-08-05 12:09:00,20180.47,878.74,44663.23,49018.5,0.1,12.841999999996915,-12.741999999996915,0.9922130509266451
2026-08-05 12:10:00,20180.46,878.22,44663.02,49018.32,0.1,12.836999999995896,-12.736999999995897,0.9922100179169563
2026-08-05 12:11:00,20180.81,877.9,44663.13,49018.55,0.1,12.831999999994878,-12.731999999994878,0.9922069825436378
2026-08-05 12:12:00,20180.65,877.65,44662.94,49018.31,0.1,12.836999999995896,-12.736999999995897,0.9922100179169563
2026-08-05 12:13:00,20181.03,877.61,44662.95,49018.47,0.1,12.841999999996915,-12.741999999996915,0.9922130509266451
2026-08-05 12:14:00,20180.92,877.8,44662.95,49018.44,0.1,12.836999999995896,-12.736999999995897,0.9922100179169563
2026-08-05 12:15:00,20181.1,877.52,44662.86,49018.46,0.1,12.831999999994878,-12.731999999994878,0.9922069825436378
2026-08-05 12:16:00,20181.27,877.17,44662.86,49018.53,0.1,12.826999999997497,-12.726999999997497,0.9922039448039277
2026-08-05 12:17:00,20181.44,876.84,44662.78,49018.54,0.1,12.831999999994878,-12.731999999994878,0.9922069825436378
2026-08-05 12:18:00,20181.67,876.85,44662.87,49018.69,0.1,12.836999999995896,-12.736999999995897,0.9922100179169563
2026-08-05 12:19:00,20181.76,876.46,44662.69,49018.55,0.1,12.841999999996915,-12.741999999996915,0.9922130509266451
2026-08-05 12:20:00,20182.07,876.32,44662.73,49018.71,0.1,12.87199999999575,-12.771999999995751,0.9922311995027943
2026-08-05 12:21:00,20181.86,876.28,44662.64,49018.53,0.1,12.901999999994587,-12.801999999994587,0.9922492636800464
2026-08-05 12:22:00,20181.78,876.21,44662.55,49018.4,0.1,12.916999999994005,-12.816999999994005,0.9922582643028531
2026-08-05 12:23:00,20181.96,876.12,44662.64,49018.54,0.1,12.931999999993423,-12.831999999993423,0.992267244045774
2026-08-05 12:24:00,20181.94,876.05,44662.77,49018.57,0.1,12.936999999994441,-12.836999999994442,0.9922702326659935
2026-08-05 12:25:00,20181.49,876.17,44662.23,49017.98,0.1,12.94199999999546,-12.84199999999546,0.9922732189769715
2026-08-05 12:26:00,20181.57,875.83,44662.27,49018.05,0.1,12.946999999996478,-12.846999999996479,0.9922762029813835
2026-08-05 12:27:00,20181.61,875.88,44662.11,49017.92,0.1,12.951999999997497,-12.851999999997497,0.9922791846819009
2026-08-05 12:28:00,20181.26,875.77,44661.79,49017.49,0.1,12.956999999998516,-12.856999999998516,0.9922821640811907
2026-08-05 12:29:00,20181.65,875.37,44662.3,49018.06,0.1,12.961999999999534,-12.861999999999535,0.9922851411819161
2026-08-05 12:30:00,20181.77,875.42,44662.48,49018.26,0.1,12.971999999997934,-12.871999999997934,0.9922910884983028
2026-08-05 12:31:00,20181.45,875.62,44662.16,49017.87,0.1,12.981999999996333,-12.881999999996333,0.9922970266522856
2026-08-05 12:32:00,20181.84,875.53,44662.54,49018.37,0.1,12.986999999997352,-12.886999999997352,0.9922999922999908
2026-08-05 12:33:00,20181.49,875.44,44662.05,49017.8,0.1,12.99199999999837,-12.89199999999837,0.9923029556650237
2026-08-05 12:34:00,20181.18,875.32,44661.84,49017.44,0.1,12.99199999999837,-12.89199999999837,0.9923029556650237
2026-08-05 12:35:00,20181.37,875.11,44661.98,49017.64,0.1,12.99199999999837,-12.89199999999837,0.9923029556650237
2026-08-05 12:36:00,20181.32,875.24,44661.83,49017.51,0.1,13.00199999999677,-12.90199999999677,0.9923088755576046
2026-08-05 12:37:00,20181.63,875.03,44661.9,49017.7,0.1,13.011999999995169,-12.91199999999517,0.9923147863510577
2026-08-05 12:38:00,20182.21,874.76,44662.23,49018.27,0.1,13.021999999997206,-12.921999999997206,0.9923206880663477
2026-08-05 12:39:00,20182.26,874.79,44662.17,49018.23,0.1,13.031999999999243,-12.931999999999244,0.9923265807243704
2026-08-05 12:40:00,20182.31,874.42,44662.11,49018.21,0.1,13.031999999999243,-12.931999999999244,0.9923265807243704
2026-08-05 12:41:00,20182.05,874.49,44662.18,49018.09,0.1,13.031999999999243,-12.931999999999244,0.9923265807243704
2026-08-05 12:42:00,20182.07,874.49,44661.88,49017.88,0.1,13.046999999998661,-12.946999999998662,0.9923354027745834
2026-08-05 12:43:00,20182.36,874.5,44662.15,49018.28,0.1,13.06199999999808,-12.96199999999808,0.992344204562853
2026-08-05 12:44:00,20182.22,874.41,44662.12,49018.2,0.1,13.066999999999098,-12.966999999999098,0.9923471340016832
2026-08-05 12:45:00,20182.15,874.23,44662.19,49018.17,0.1,13.072000000000116,-12.972000000000117,0.9923500611995105
2026-08-05 12:46:00,20182.16,874.06,44662.09,49018.11,0.1,13.076999999997497,-12.976999999997497,0.9923529861589035
2026-08-05 12:47:00,20182.47,874.25,44662.51,49018.62,0.1,13.081999999994878,-12.981999999994878,0.9923559088824309
2026-08-05 12:48:00,20182.78,873.84,44662.45,49018.69,0.1,13.091999999996915,-12.991999999996915,0.99236174763214
2026-08-05 12:49:00,20182.8,873.72,44662.5,49018.73,0.1,13.101999999998952,-13.001999999998953,0.9923675774690881
2026-08-05 12:50:00,20182.77,873.71,44662.63,49018.83,0.17199999999866122,13.106999999996333,-12.934999999997672,0.9868772411689396
2026-08-05 12:51:00,20182.66,873.69,44662.71,49018.85,0.1919999999954598,13.111999999993714,-12.919999999998254,0.9853569249545796
2026-08-05 12:52:00,20182.18,873.67,44662.52,49018.49,0.1,13.111999999993714,-13.011999999993714,0.9923733984136632
2026-08-05 12:53:00,20182.36,873.71,44663.03,49019.03,0.37199999999575084,13.111999999993714,-12.739999999997963,0.9716290420991512
2026-08-05 12:54:00,20182.28,873.5,44663.12,49019.06,0.4019999999945867,13.111999999993714,-12.709999999999127,0.969341061623339
2026-08-05 12:55:00,20181.95,873.38,44663.01,49018.83,0.17199999999866122,13.111999999993714,-12.939999999995052,0.9868822452716028
2026-08-05 12:56:00,20181.94,873.24,44663.03,49018.86,0.20199999999749707,13.12699999999677,-12.924999999999272,0.9846118686678185
2026-08-05 12:57:00,20182.09,873.34,44663.31,49019.2,0.5419999999940046,13.141999999999825,-12.60000000000582,0.9587581798817523
2026-08-05 12:58:00,20181.72,873.35,44663.45,49019.16,0.5020000000004075,13.141999999999825,-12.639999999999418,0.961801856642793
2026-08-05 12:59:00,20181.7,873.44,44663.59,49019.3,0.6419999999998254,13.141999999999825,-12.5,0.9511489879774895
2026-08-05 13:00:00,20181.44,873.21,44663.54,49019.13,0.47199999999429565,13.156999999999243,-12.685000000004948,0.9641255605385481
2026-08-05 13:01:00,20181.29,873.48,44663.68,49019.19,0.5319999999992433,13.171999999998661,-12.639999999999418,0.9596112966900017
2026-08-05 13:02:00,20181.44,873.39,44663.88,49019.43,0.771999999997206,13.171999999998661,-12.400000000001455,0.9413908290314846
2026-08-05 13:03:00,20181.41,873.3,44664.11,49019.62,0.9619999999995343,13.171999999998661,-12.209999999999127,0.9269662921348594
2026-08-05 13:04:00,20181.28,873.45,44664.39,49019.83,1.1719999999986612,13.176999999996042,-12.00499999999738,0.911057145025498
2026-08-05 13:05:00,20181.03,873.3,44664.22,49019.58,0.9219999999986612,13.181999999993423,-12.259999999994761,0.9300561371567956
2026-08-05 13:06:00,20180.97,873.16,44664.19,49019.54,0.8819999999977881,13.181999999993423,-12.299999999995634,0.9330905780611267
2026-08-05 13:07:00,20180.93,873.21,44664.42,49019.71,1.0519999999960419,13.181999999993423,-12.12999999999738,0.9201942042181332
2026-08-05 13:08:00,20181.04,873.17,44664.54,49019.86,1.201999999997497,13.186999999994441,-11.984999999996944,0.9088496246304691
2026-08-05 13:09:00,20180.87,873.19,44664.59,49019.84,1.1819999999934225,13.19199999999546,-12.010000000002037,0.910400242571723
2026-08-05 13:10:00,20180.7,872.93,44664.52,49019.7,1.0419999999940046,13.196999999996478,-12.155000000002474,0.9210426612113145
2026-08-05 13:11:00,20180.78,872.79,44664.74,49019.89,1.231999999996333,13.201999999997497,-11.970000000001164,0.9066808059387542
2026-08-05 13:12:00,20180.9,872.66,44664.92,49020.13,1.4719999999942956,13.211999999995896,-11.7400000000016,0.8885861338181386
2026-08-05 13:13:00,20180.61,872.72,44664.93,49020.03,1.3719999999957508,13.221999999994296,-11.849999999998545,0.8962335501439765
2026-08-05 13:14:00,20180.53,872.55,44665.03,49020.1,1.4419999999954598,13.226999999995314,-11.784999999999854,0.8909805700464224
2026-08-05 13:15:00,20180.27,872.44,44665.11,49019.98,1.3220000000001164,13.231999999996333,-11.909999999996217,0.9000906892381739
2026-08-05 13:16:00,20180.41,872.29,44665.31,49020.18,1.521999999997206,13.236999999997352,-11.715000000000146,0.8850192641839155
2026-08-05 13:17:00,20180.19,872.2,44665.29,49020.08,1.4219999999986612,13.24199999999837,-11.819999999999709,0.8926144086996801
2026-08-05 13:18:00,20179.95,871.94,44665.06,49019.83,1.1719999999986612,13.261999999998807,-12.090000000000146,0.9116272055497838
2026-08-05 13:19:00,20179.93,872.0,44665.12,49019.88,1.2219999999942956,13.281999999999243,-12.060000000004948,0.9079957837679291
2026-08-05 13:20:00,20180.19,871.88,44665.24,49020.11,1.451999999997497,13.281999999999243,-11.830000000001746,0.8906791145913583
2026-08-05 13:21:00,20180.23,871.75,44665.47,49020.19,1.5319999999992433,13.281999999999243,-11.75,0.8846559253125034
2026-08-05 13:22:00,20180.09,871.54,44665.37,49020.06,1.4019999999945867,13.286999999996624,-11.885000000002037,0.8944833295706373
2026-08-05 13:23:00,20179.72,871.79,44665.2,49019.8,1.1419999999998254,13.291999999994005,-12.14999999999418,0.9140836593439406
2026-08-05 13:24:00,20179.9,871.46,44665.13,49019.83,1.1719999999986612,13.296999999995023,-12.124999999996362,0.9118598180041287
2026-08-05 13:25:00,20179.6,871.43,44664.98,49019.56,0.9019999999945867,13.301999999996042,-12.400000000001455,0.9321906480232405
2026-08-05 13:26:00,20179.35,871.67,44664.79,49019.32,0.661999999996624,13.30699999999706,-12.645000000000437,0.9502517472009642
2026-08-05 13:27:00,20179.56,871.57,44664.74,49019.37,0.7119999999995343,13.31199999999808,-12.599999999998545,0.9465144230769503
2026-08-05 13:28:00,20179.28,871.55,44664.71,49019.23,0.5720000000001164,13.31199999999808,-12.739999999997963,0.957031249999985
2026-08-05 13:29:00,20179.92,871.24,44664.99,49019.76,1.1019999999989523,13.31199999999808,-12.209999999999127,0.9172175480769899
2026-08-05 13:30:00,20179.61,871.24,44664.86,49019.52,0.8619999999937136,13.31199999999808,-12.450000000004366,0.9352463942312321
2026-08-05 13:31:00,20179.29,871.23,44664.66,49019.22,0.5619999999980791,13.31199999999808,-12.75,0.9577824519232151
2026-08-05 13:32:00,20179.39,871.23,44664.71,49019.33,0.6719999999986612,13.316999999999098,-12.645000000000437,0.9495381842758349
2026-08-05 13:33:00,20179.38,871.41,44664.72,49019.33,0.6719999999986612,13.322000000000116,-12.650000000001455,0.9495571235551227
2026-08-05 13:34:00,20179.02,871.44,44664.48,49018.96,0.3019999999960419,13.351999999998952,-13.05000000000291,0.9773816656683594
2026-08-05 13:35:00,20178.98,871.38,44664.45,49018.92,0.26199999999516876,13.381999999997788,-13.12000000000262,0.9804214616652808
2026-08-05 13:36:00,20178.69,871.22,44664.29,49018.66,0.1,13.381999999997788,-13.281999999997788,0.9925272754446259
2026-08-05 13:37:00,20178.73,871.35,44664.06,49018.49,0.1,13.381999999997788,-13.281999999997788,0.9925272754446259
2026-08-05 13:38:00,20178.99,871.33,44664.28,49018.78,0.12199999999575084,13.386999999998807,-13.265000000003056,0.9908866811088547
2026-08-05 13:39:00,20179.08,871.31,44664.16,49018.7,0.1,13.391999999999825,-13.291999999999826,0.9925328554360812
2026-08-05 13:40:00,20179.43,871.27,44664.15,49018.82,0.16199999999662396,13.401999999998225,-13.2400000000016,0.9879122519029514
2026-08-05 13:41:00,20179.72,871.08,44664.15,49018.93,0.27199999999720603,13.411999999996624,-13.139999999999418,0.9797196540413604
2026-08-05 13:42:00,20179.74,871.13,44664.04,49018.84,0.18199999999342253,13.411999999996624,-13.230000000003201,0.9864300626309672
2026-08-05 13:43:00,20180.1,871.18,44664.06,49019.01,0.35199999999895226,13.411999999996624,-13.059999999997672,0.973754846406275
2026-08-05 13:44:00,20180.15,871.02,44663.91,49018.9,0.24199999999837019,13.411999999996624,-13.169999999998254,0.9819564569043818
2026-08-05 13:45:00,20180.15,870.92,44663.79,49018.8,0.14199999999982538,13.411999999996624,-13.269999999996799,0.9894124664479674
2026-08-05 13:46:00,20179.67,871.0,44663.56,49018.38,0.1,13.411999999996624,-13.311999999996624,0.9925439904563059
2026-08-05 13:47:00,20179.47,871.41,44663.54,49018.29,0.1,13.411999999996624,-13.311999999996624,0.9925439904563059
2026-08-05 13:48:00,20179.54,871.2,44663.49,49018.25,0.1,13.416999999997643,-13.316999999997643,0.9925467690243708
2026-08-05 13:49:00,20179.92,871.1,44663.61,49018.51,0.1,13.421999999998661,-13.321999999998662,0.9925495455222761
2026-08-05 13:50:00,20179.87,870.98,44663.5,49018.39,0.1,13.426999999996042,-13.326999999996042,0.9925523199523327
2026-08-05 13:51:00,20179.98,871.12,44663.55,49018.48,0.1,13.431999999993423,-13.331999999993423,0.9925550923168517
2026-08-05 13:52:00,20179.92,871.21,44663.43,49018.36,0.1,13.431999999993423,-13.331999999993423,0.9925550923168517
2026-08-05 13:53:00,20179.86,871.09,44663.26,49018.18,0.1,13.431999999993423,-13.331999999993423,0.9925550923168517
2026-08-05 13:54:00,20179.78,871.14,44663.11,49018.03,0.1,13.44199999999546,-13.34199999999546,0.9925606308585007
2026-08-05 13:55:00,20180.2,870.96,44663.29,49018.33,0.1,13.451999999997497,-13.351999999997497,0.9925661611656246
2026-08-05 13:56:00,20180.33,870.97,44663.33,49018.42,0.1,13.456999999998516,-13.356999999998516,0.9925689232369762
2026-08-05 13:57:00,20180.28,871.08,44663.19,49018.27,0.1,13.461999999999534,-13.361999999999535,0.9925716832565739
2026-08-05 13:58:00,20180.12,871.34,44663.16,49018.16,0.1,13.461999999999534,-13.361999999999535,0.9925716832565739
2026-08-05 13:59:00,20180.34,871.22,44663.06,49018.18,0.1,13.461999999999534,-13.361999999999535,0.9925716832565739
2026-08-05 14:00:00,20180.39,871.19,44663.03,49018.17,0.1,13.461999999999534,-13.361999999999535,0.9925716832565739
2026-08-05 14:01:00,20180.53,871.02,44663.25,49018.43,0.1,13.461999999999534,-13.361999999999535,0.9925716832565739
2026-08-05 14:02:00,20180.39,870.89,44663.1,49018.24,0.1,13.466999999996915,-13.366999999996915,0.9925744412267007
2026-08-05 14:03:00,20180.6,870.95,44663.16,49018.38,0.1,13.471999999994296,-13.371999999994296,0.9925771971496405
2026-08-05 14:04:00,20180.69,871.05,44663.3,49018.53,0.1,13.481999999996333,-13.381999999996333,0.9925827028630747
2026-08-05 14:05:00,20180.55,871.26,44663.4,49018.57,0.1,13.49199999999837,-13.39199999999837,0.9925882004150599
2026-08-05 14:06:00,20180.47,871.02,44663.29,49018.43,0.1,13.496999999999389,-13.39699999999939,0.9925909461361782
2026-08-05 14:07:00,20180.45,871.0,44663.32,49018.45,0.1,13.502000000000407,-13.402000000000408,0.9925936898237301
2026-08-05 14:08:00,20180.63,870.95,44663.43,49018.61,0.1,13.502000000000407,-13.402000000000408,0.9925936898237301
2026-08-05 14:09:00,20180.39,871.11,44663.39,49018.5,0.1,13.502000000000407,-13.402000000000408,0.9925936898237301
2026-08-05 14:10:00,20180.34,871.0,44663.44,49018.51,0.1,13.506999999997788,-13.406999999997788,0.9925964314799721
2026-08-05 14:11:00,20180.41,871.15,44663.59,49018.69,0.1,13.511999999995169,-13.41199999999517,0.9925991711071613
2026-08-05 14:12:00,20180.29,871.17,44663.68,49018.72,0.1,13.521999999997206,-13.421999999997206,0.9926046442833886
2026-08-05 14:13:00,20180.34,871.32,44663.84,49018.84,0.18199999999342253,13.531999999999243,-13.35000000000582,0.9865503990545793
2026-08-05 14:14:00,20179.91,871.45,44663.59,49018.47,0.1,13.531999999999243,-13.431999999999244,0.992610109370381
2026-08-05 14:15:00,20180.19,871.55,44663.92,49018.88,0.22199999999429565,13.531999999999243,-13.310000000004948,0.9835944428026672
2026-08-05 14:16:00,20180.13,871.53,44664.07,49019.0,0.341999999996915,13.531999999999243,-13.190000000002328,0.9747265740469306
2026-08-05 14:17:00,20180.52,871.47,44664.36,49019.43,0.771999999997206,13.531999999999243,-12.760000000002037,0.9429500443395471
2026-08-05 14:18:00,20180.2,871.49,44664.29,49019.23,0.5720000000001164,13.531999999999243,-12.959999999999127,0.9577298255985702
2026-08-05 14:19:00,20180.15,871.57,44664.27,49019.2,0.5419999999940046,13.531999999999243,-12.990000000005239,0.9599467927879075
2026-08-05 14:20:00,20180.05,871.56,44664.35,49019.22,0.5619999999980791,13.531999999999243,-12.970000000001164,0.9584688146616827
2026-08-05 14:21:00,20179.94,871.89,44664.35,49019.18,0.521999999997206,13.531999999999243,-13.010000000002037,0.9614247709135948
2026-08-05 14:22:00,20180.09,871.97,44664.49,49019.38,0.7219999999942956,13.536999999996624,-12.815000000002328,0.9466646967574444
2026-08-05 14:23:00,20179.95,871.94,44664.53,49019.35,0.6919999999954598,13.541999999994005,-12.849999999998545,0.9488997193918353
2026-08-05 14:24:00,20180.18,872.12,44664.74,49019.64,0.9819999999963329,13.546999999995023,-12.56499999999869,0.9275116261905445
2026-08-05 14:25:00,20180.37,871.88,44664.66,49019.65,0.9919999999983702,13.551999999996042,-12.559999999997672,0.9268004722551166
2026-08-05 14:26:00,20179.93,871.93,44664.43,49019.27,0.6119999999937136,13.551999999996042,-12.940000000002328,0.9548406139319737
2026-08-05 14:27:00,20180.15,872.21,44664.79,49019.69,1.0319999999992433,13.551999999996042,-12.519999999996799,0.9238488783943666
2026-08-05 14:28:00,20180.18,872.33,44664.91,49019.8,1.1419999999998254,13.551999999996042,-12.409999999996217,0.9157319952774381
2026-08-05 14:29:00,20180.12,872.36,44664.9,49019.76,1.1019999999989523,13.551999999996042,-12.44999999999709,0.9186835891381882
2026-08-05 14:30:00,20180.1,872.19,44664.98,49019.82,1.161999999996624,13.55699999999706,-12.395000000000437,0.9142878217897119
2026-08-05 14:31:00,20180.13,872.33,44665.11,49019.95,1.2919999999940046,13.56199999999808,-12.270000000004075,0.9047338150719519
2026-08-05 14:32:00,20180.04,872.39,44665.08,49019.91,1.2520000000004075,13.56199999999808,-12.309999999997672,0.9076832325615259
2026-08-05 14:33:00,20180.41,872.46,44665.26,49020.23,1.5720000000001164,13.56199999999808,-11.989999999997963,0.8840878926411784
2026-08-05 14:34:00,20180.65,872.13,44665.41,49020.46,1.8019999999960419,13.566999999999098,-11.765000000003056,0.8671777106216436
2026-08-05 14:35:00,20180.46,872.2,44665.22,49020.23,1.5720000000001164,13.572000000000116,-12.0,0.8841732979663939
2026-08-05 14:36:00,20180.45,872.17,44665.21,49020.22,1.5619999999980791,13.576999999997497,-12.014999999999418,0.8849524931871277
2026-08-05 14:37:00,20180.52,872.37,44665.42,49020.45,1.7919999999940046,13.581999999994878,-11.790000000000873,0.868060668532272
2026-08-05 14:38:00,20180.54,872.12,44665.38,49020.41,1.7520000000004075,13.586999999995896,-11.834999999995489,0.8710532126296506
2026-08-05 14:39:00,20180.78,872.13,44665.66,49020.75,2.091999999996915,13.591999999996915,-11.5,0.8460859329018989
2026-08-05 14:40:00,20180.99,872.25,44665.83,49021.0,2.341999999996915,13.591999999996915,-11.25,0.8276927604475098
2026-08-05 14:41:00,20181.2,872.44,44666.17,49021.39,2.731999999996333,13.591999999996915,-10.860000000000582,0.7989994114187057
2026-08-05 14:42:00,20181.17,872.34,44666.26,49021.45,2.7919999999940046,13.591999999996915,-10.80000000000291,0.7945850500298236
2026-08-05 14:43:00,20181.12,872.25,44666.29,49021.45,2.7919999999940046,13.591999999996915,-10.80000000000291,0.7945850500298236
2026-08-05 14:44:00,20181.4,872.26,44666.59,49021.85,3.19199999999546,13.596999999997934,-10.405000000002474,0.7652423328678426
2026-08-05 14:45:00,20181.18,872.38,44666.63,49021.79,3.131999999997788,13.601999999998952,-10.470000000001164,0.7697397441554161
2026-08-05 14:46:00,20180.95,872.37,44666.58,49021.64,2.981999999996333,13.601999999998952,-10.62000000000262,0.7807675341864018
2026-08-05 14:47:00,20181.39,872.59,44666.96,49022.16,3.5020000000004075,13.601999999998952,-10.099999999998545,0.7425378620790563
2026-08-05 14:48:00,20181.4,872.68,44667.18,49022.37,3.7119999999995343,13.606999999996333,-9.894999999996799,0.7271992356874745
2026-08-05 14:49:00,20181.4,872.69,44667.13,49022.33,3.6719999999986612,13.611999999993714,-9.939999999995052,0.7302380252717927
2026-08-05 14:50:00,20181.45,872.88,44667.29,49022.49,3.8319999999948777,13.616999999994732,-9.784999999999854,0.718587060292549
2026-08-05 14:51:00,20181.75,872.91,44667.42,49022.76,4.101999999998952,13.62199999999575,-9.519999999996799,0.6988694758478761
2026-08-05 14:52:00,20181.79,872.91,44667.6,49022.92,4.261999999995169,13.62699999999677,-9.3650000000016,0.6872385704853468
2026-08-05 14:53:00,20181.67,873.1,44667.69,49022.94,4.281999999999243,13.631999999997788,-9.349999999998545,0.6858861502347463
2026-08-05 14:54:00,20181.95,873.22,44667.92,49023.27,4.611999999993714,13.636999999998807,-9.025000000005093,0.6618024492194678
2026-08-05 14:55:00,20181.83,873.41,44667.97,49023.29,4.631999999997788,13.641999999999825,-9.010000000002037,0.6604603430583604
2026-08-05 14:56:00,20181.65,873.58,44667.98,49023.24,4.581999999994878,13.651999999998225,-9.070000000003347,0.6643715206566456
2026-08-05 14:57:00,20181.47,873.58,44668.02,49023.19,4.531999999999243,13.661999999996624,-9.12999999999738,0.6682769726247721
2026-08-05 14:58:00,20181.97,873.45,44668.32,49023.69,5.031999999999243,13.666999999997643,-8.6349999999984,0.6318138581985724
2026-08-05 14:59:00,20182.07,873.81,44668.56,49023.96,5.301999999996042,13.671999999998661,-8.37000000000262,0.612200117027753
2026-08-05 15:00:00,20181.88,874.09,44668.49,49023.82,5.161999999996624,13.68199999999706,-8.520000000000437,0.622715977196482
2026-08-05 15:01:00,20182.11,874.16,44668.65,49024.07,5.411999999996624,13.69199999999546,-8.279999999998836,0.6047326906223767
2026-08-05 15:02:00,20182.19,874.23,44668.64,49024.09,5.4319999999934225,13.69199999999546,-8.260000000002037,0.6032719836404307
2026-08-05 15:03:00,20182.3,874.54,44668.8,49024.28,5.621999999995751,13.69199999999546,-8.069999999999709,0.5893952673095519
2026-08-05 15:04:00,20182.52,874.61,44669.0,49024.56,5.901999999994587,13.69199999999546,-7.790000000000873,0.5689453695591189
2026-08-05 15:05:00,20182.58,874.9,44669.14,49024.71,6.051999999996042,13.69199999999546,-7.639999999999418,0.5579900671926636
2026-08-05 15:06:00,20182.45,875.01,44669.17,49024.68,6.021999999997206,13.696999999996478,-7.674999999999272,0.5603416806600895
2026-08-05 15:07:00,20182.31,875.17,44669.22,49024.67,6.011999999995169,13.701999999997497,-7.690000000002328,0.5612319369437844
2026-08-05 15:08:00,20182.33,875.43,44669.3,49024.76,6.101999999998952,13.701999999997497,-7.599999999998545,0.5546635527660146
2026-08-05 15:09:00,20182.55,875.69,44669.52,49025.05,6.391999999999825,13.701999999997497,-7.309999999997672,0.5334987593051385
2026-08-05 15:10:00,20182.45,875.99,44669.64,49025.11,6.451999999997497,13.701999999997497,-7.25,0.5291198365203127
2026-08-05 15:11:00,20182.48,875.86,44669.55,49025.02,6.361999999993714,13.701999999997497,-7.3400000000037835,0.5356882206980823
2026-08-05 15:12:00,20182.74,875.92,44669.66,49025.22,6.561999999998079,13.701999999997497,-7.139999999999418,0.5210918114144447
2026-08-05 15:13:00,20183.01,876.1,44669.71,49025.39,6.731999999996333,13.701999999997497,-6.970000000001164,0.5086848635237511
2026-08-05 15:14:00,20183.58,876.31,44670.01,49025.91,7.2520000000004075,13.701999999997497,-6.44999999999709,0.47073419938682437
2026-08-05 15:15:00,20184.05,876.35,44670.13,49026.21,7.551999999996042,13.701999999997497,-6.150000000001455,0.44883958546216457
2026-08-05 15:16:00,20184.29,876.56,44670.29,49026.44,7.781999999999243,13.701999999997497,-5.919999999998254,0.4320537147861141
2026-08-05 15:17:00,20184.31,876.69,44670.36,49026.52,7.861999999993714,13.701999999997497,-5.8400000000037835,0.4262151510731901
2026-08-05 15:18:00,20184.04,876.8,44670.26,49026.3,7.641999999999825,13.701999999997497,-6.059999999997672,0.4422712012843949
2026-08-05 15:19:00,20183.99,876.94,44670.28,49026.31,7.651999999994587,13.701999999997497,-6.05000000000291,0.4415413808206113
2026-08-05 15:20:00,20183.73,877.26,44670.34,49026.27,7.611999999993714,13.706999999998516,-6.095000000004802,0.44466331071755033
2026-08-05 15:21:00,20183.49,877.72,44670.41,49026.25,7.591999999996915,13.711999999999534,-6.120000000002619,0.4463243873981058
2026-08-05 15:22:00,20183.42,877.93,44670.32,49026.14,7.481999999996333,13.711999999999534,-6.230000000003201,0.45434655775987554
2026-08-05 15:23:00,20183.55,878.04,44670.5,49026.36,7.701999999997497,13.711999999999534,-6.010000000002037,0.43830221703633615
2026-08-05 15:24:00,20183.83,878.23,44670.65,49026.61,7.951999999997497,13.716999999996915,-5.764999999999418,0.4202814026391131
2026-08-05 15:25:00,20183.84,878.41,44670.6,49026.58,7.921999999998661,13.721999999994296,-5.799999999995634,0.422678909779773
2026-08-05 15:26:00,20183.9,878.6,44670.59,49026.6,7.94199999999546,13.721999999994296,-5.779999999998836,0.42122139629800603
2026-08-05 15:27:00,20183.95,878.82,44670.53,49026.59,7.9319999999934225,13.721999999994296,-5.790000000000873,0.4219501530391547
2026-08-05 15:28:00,20184.29,878.74,44670.85,49027.01,8.351999999998952,13.721999999994296,-5.369999999995343,0.39134236991674504
2026-08-05 15:29:00,20184.31,879.0,44671.09,49027.21,8.551999999996042,13.721999999994296,-5.169999999998254,0.37676723509695403
2026-08-05 15:30:00,20184.39,879.15,44671.13,49027.29,8.631999999997788,13.726999999995314,-5.094999999997526,0.37116631456248744
2026-08-05 15:31:00,20184.48,879.33,44671.28,49027.46,8.801999999996042,13.731999999996333,-4.930000000000291,0.35901543839219396
2026-08-05 15:32:00,20184.35,879.53,44671.34,49027.47,8.81199999999808,13.731999999996333,-4.919999999998254,0.35828721235068217
2026-08-05 15:33:00,20184.33,879.92,44671.34,49027.46,8.801999999996042,13.731999999996333,-4.930000000000291,0.35901543839219396
2026-08-05 15:34:00,20184.47,880.07,44671.4,49027.56,8.901999999994587,13.736999999997352,-4.835000000002765,0.3519691344546624
2026-08-05 15:35:00,20184.73,880.35,44671.64,49027.9,9.24199999999837,13.74199999999837,-4.5,0.32746325134627663
2026-08-05 15:36:00,20184.6,880.53,44671.65,49027.87,9.211999999999534,13.74199999999837,-4.529999999998836,0.32964633968850043
2026-08-05 15:37:00,20184.58,880.8,44671.63,49027.86,9.201999999997497,13.74199999999837,-4.540000000000873,0.33037403580275154
2026-08-05 15:38:00,20184.56,881.0,44671.81,49028.01,9.351999999998952,13.746999999999389,-4.395000000000437,0.3197061176984529
2026-08-05 15:39:00,20184.54,881.1,44671.8,49028.0,9.341999999996915,13.752000000000407,-4.4100000000034925,0.32068062827249577
2026-08-05 15:40:00,20184.6,881.15,44671.98,49028.19,9.531999999999243,13.746999999999389,-4.2150000000001455,0.3066123517858684
2026-08-05 15:41:00,20184.33,881.81,44671.97,49028.09,9.431999999993423,13.74199999999837,-4.310000000004948,0.3136370251786828
2026-08-05 15:42:00,20184.6,882.06,44672.36,49028.53,9.87199999999575,13.74199999999837,-3.8700000000026193,0.2816183961579885
2026-08-05 15:43:00,20184.6,882.19,44672.29,49028.46,9.801999999996042,13.74199999999837,-3.9400000000023283,0.2867122689566872
2026-08-05 15:44:00,20184.66,882.48,44672.38,49028.58,9.921999999998661,13.736999999997352,-3.8149999999986903,0.27771711436262836
2026-08-05 15:45:00,20184.6,882.54,44672.34,49028.52,9.861999999993714,13.731999999996333,-3.8700000000026193,0.2818234780078396
2026-08-05 15:46:00,20184.78,882.87,44672.46,49028.71,10.051999999996042,13.731999999996333,-3.680000000000291,0.2679871832217648
2026-08-05 15:47:00,20184.85,883.21,44672.35,49028.65,9.99199999999837,13.731999999996333,-3.7399999999979627,0.27235653946977584
2026-08-05 15:48:00,20184.89,883.22,44672.34,49028.66,10.002000000000407,13.726999999995314,-3.724999999994907,0.2713630072117854
2026-08-05 15:49:00,20185.27,883.52,44672.83,49029.25,10.591999999996915,13.721999999994296,-3.1299999999973807,0.2281008599328583
2026-08-05 15:50:00,20185.09,883.99,44672.82,49029.15,10.49199999999837,13.716999999996915,-3.224999999998545,0.23510971786828536
2026-08-05 15:51:00,20185.22,884.22,44672.77,49029.17,10.511999999995169,13.711999999999534,-3.2000000000043656,0.23337222870511043
2026-08-05 15:52:00,20185.21,884.52,44672.85,49029.24,10.581999999994878,13.711999999999534,-3.1300000000046566,0.22826721120221433
2026-08-05 15:53:00,20185.44,884.55,44672.88,49029.36,10.701999999997497,13.711999999999534,-3.0100000000020373,0.2195157526255936
2026-08-05 15:54:00,20185.65,884.74,44673.34,49029.89,11.231999999996333,13.706999999998516,-2.475000000002183,0.18056467498376383
2026-08-05 15:55:00,20185.98,884.72,44673.47,49030.12,11.461999999999534,13.701999999997497,-2.2399999999979627,0.1634797839730238
2026-08-05 15:56:00,20185.95,885.02,44673.52,49030.16,11.502000000000407,13.701999999997497,-2.1999999999970896,0.16056050211629627
2026-08-05 15:57:00,20186.07,885.49,44673.73,49030.42,11.761999999995169,13.701999999997497,-1.9400000000023283,0.14158517004836393
2026-08-05 15:58:00,20185.89,885.65,44673.78,49030.4,11.74199999999837,13.701999999997497,-1.9599999999991269,0.14304481097646218
2026-08-05 15:59:00,20185.55,886.11,44673.76,49030.25,11.591999999996915,13.701999999997497,-2.110000000000582,0.15399211793905762
2026-08-05 16:00:00,20185.16,886.45,44673.67,49030.0,11.341999999996915,13.706999999998516,-2.3650000000016007,0.17253957831778338
2026-08-05 16:01:00,20185.47,886.77,44673.88,49030.34,11.681999999993423,13.711999999999534,-2.030000000006112,0.1480455075850482
2026-08-05 16:02:00,20185.39,887.18,44674.0,49030.39,11.731999999996333,13.706999999998516,-1.9750000000021828,0.14408696286586392
2026-08-05 16:03:00,20185.49,887.41,44674.14,49030.59,11.931999999993423,13.701999999997497,-1.7700000000040745,0.12917822215767025
2026-08-05 16:04:00,20185.44,887.46,44674.09,49030.53,11.87199999999575,13.701999999997497,-1.8300000000017462,0.13355714494249601
2026-08-05 16:05:00,20185.74,887.79,44674.31,49030.86,12.201999999997497,13.701999999997497,-1.5,0.10947306962489228
2026-08-05 16:06:00,20185.51,888.18,44673.93,49030.45,11.791999999994005,13.701999999997497,-1.9100000000034925,0.13939570865595105
2026-08-05 16:07:00,20185.9,888.32,44674.3,49030.96,12.301999999996042,13.701999999997497,-1.4000000000014552,0.102174864983339
2026-08-05 16:08:00,20185.51,888.69,44674.14,49030.62,11.961999999999534,13.701999999997497,-1.7399999999979627,0.12698876076472637
2026-08-05 16:09:00,20185.93,888.85,44674.58,49031.19,12.531999999999243,13.701999999997497,-1.1699999999982538,0.08538899430728854
2026-08-05 16:10:00,20185.4,889.07,44674.26,49030.69,12.031999999999243,13.701999999997497,-1.6699999999982538,0.12188001751558596
2026-08-05 16:11:00,20185.77,889.24,44674.61,49031.17,12.511999999995169,13.701999999997497,-1.1900000000023283,0.08684863523591779
2026-08-05 16:12:00,20185.87,889.54,44674.75,49031.33,12.671999999998661,13.701999999997497,-1.0299999999988358,0.07517150780900773
2026-08-05 16:13:00,20185.82,889.97,44674.82,49031.38,12.721999999994296,13.701999999997497,-0.9800000000032014,0.0715224054884966
2026-08-05 16:14:00,20185.74,890.53,44674.92,49031.47,12.81199999999808,13.701999999997497,-0.8899999999994179,0.06495402131072693
2026-08-05 16:15:00,20185.98,890.66,44675.03,49031.69,13.031999999999243,13.701999999997497,-0.6699999999982538,0.048897971098991105
2026-08-05 16:16:00,20186.04,890.91,44675.02,49031.69,13.031999999999243,13.696999999996478,-0.6649999999972351,0.048550777542338185
2026-08-05 16:17:00,20186.08,891.02,44674.94,49031.64,12.981999999996333,13.69199999999546,-0.7099999999991269,0.05185509786732123
2026-08-05 16:18:00,20185.96,891.29,44674.91,49031.56,12.901999999994587,13.69199999999546,-0.7900000000008731,0.057697925796168205
2026-08-05 16:19:00,20186.15,891.59,44675.06,49031.77,13.111999999993714,13.69199999999546,-0.5800000000017462,0.04236050248334345
2026-08-05 16:20:00,20186.23,891.74,44675.09,49031.83,13.171999999998661,13.68199999999706,-0.5099999999983993,0.03727525215600854
2026-08-05 16:21:00,20186.42,892.18,44675.27,49032.07,13.411999999996624,13.671999999998661,-0.26000000000203727,0.019016968987862985
2026-08-05 16:22:00,20186.35,892.3,44675.09,49031.88,13.221999999994296,13.666999999997643,-0.44500000000334694,0.032560181459239314
2026-08-05 16:23:00,20186.43,892.68,44675.25,49032.07,13.411999999996624,13.661999999996624,-0.25,0.018298931342414126
2026-08-05 16:24:00,20186.38,892.85,44675.34,49032.13,13.471999999994296,13.651999999998225,-0.18000000000392902,0.013184881336357488
2026-08-05 16:25:00,20186.28,893.22,44675.45,49032.21,13.551999999996042,13.641999999999825,-0.0900000000037835,0.006597273127384889
2026-08-05 16:26:00,20186.24,893.41,44675.37,49032.12,13.461999999999534,13.631999999997788,-0.16999999999825377,0.01247065727686923
2026-08-05 16:27:00,20186.38,893.63,44675.39,49032.19,13.531999999999243,13.62199999999575,-0.08999999999650754,0.006606959330240465
2026-08-05 16:28:00,20186.29,893.91,44675.45,49032.22,13.56199999999808,13.616999999994732,-0.05499999999665306,0.004039068810800788
2026-08-05 16:29:00,20186.34,894.17,44675.58,49032.36,13.701999999997497,13.611999999993714,0.0900000000037835,0.0066118131063638745
2026-08-05 16:30:00,20186.38,894.47,44675.6,49032.39,13.731999999996333,13.606999999996333,0.125,0.009186448151689107
2026-08-05 16:31:00,20186.42,894.63,44675.74,49032.54,13.881999999997788,13.601999999998952,0.27999999999883585,0.02058520805755458
2026-08-05 16:32:00,20186.43,894.73,44675.83,49032.63,13.971999999994296,13.601999999998952,0.3699999999953434,0.027201882075825017
2026-08-05 16:33:00,20186.54,894.98,44675.94,49032.8,14.141999999999825,13.601999999998952,0.5400000000008731,0.03970004411122737
2026-08-05 16:34:00,20186.55,895.13,44675.94,49032.79,14.131999999997788,13.596999999997934,0.5349999999998545,0.039346914760604236
2026-08-05 16:35:00,20186.44,895.36,44675.92,49032.74,14.081999999994878,13.591999999996915,0.48999999999796273,0.03605061801045276
2026-08-05 16:36:00,20186.71,895.57,44676.22,49033.12,14.461999999999534,13.591999999996915,0.8700000000026193,0.0640082401414668
2026-08-05 16:37:00,20186.81,895.75,44676.33,49033.26,14.601999999998952,13.591999999996915,1.0100000000020373,0.07430841671588188
2026-08-05 16:38:00,20186.93,895.82,44676.38,49033.37,14.711999999999534,13.591999999996915,1.1200000000026193,0.08240141259585591
2026-08-05 16:39:00,20186.73,896.12,44676.34,49033.24,14.581999999994878,13.591999999996915,0.9899999999979627,0.07283696291923097
2026-08-05 16:40:00,20186.85,896.62,44676.53,49033.47,14.81199999999808,13.586999999995896,1.2250000000021828,0.09015971148911112
2026-08-05 16:41:00,20186.82,896.7,44676.39,49033.34,14.681999999993423,13.581999999994878,1.0999999999985448,0.0809895449859343
2026-08-05 16:42:00,20186.97,896.89,44676.63,49033.63,14.971999999994296,13.576999999997497,1.3949999999967986,0.10274729321625217
2026-08-05 16:43:00,20186.95,897.21,44676.73,49033.7,15.041999999994005,13.572000000000116,1.4699999999938882,0.10831122900043293
2026-08-05 16:44:00,20186.83,897.38,44676.75,49033.67,15.011999999995169,13.566999999999098,1.444999999996071,0.1065084395957962
2026-08-05 16:45:00,20186.98,897.41,44676.57,49033.58,14.921999999998661,13.56199999999808,1.360000000000582,0.10028019466161146
2026-08-05 16:46:00,20186.95,897.57,44676.65,49033.65,14.99199999999837,13.56199999999808,1.430000000000291,0.10544167526917074
2026-08-05 16:47:00,20187.11,897.84,44676.85,49033.89,15.231999999996333,13.56199999999808,1.6699999999982538,0.12313818020929733
2026-08-05 16:48:00,20187.05,898.14,44676.88,49033.9,15.24199999999837,13.55699999999706,1.6850000000013097,0.12429003466856052
2026-08-05 16:49:00,20187.09,898.3,44676.99,49034.03,15.37199999999575,13.551999999996042,1.819999999999709,0.13429752066117479
2026-08-05 16:50:00,20187.11,898.45,44677.15,49034.17,15.511999999995169,13.551999999996042,1.9599999999991269,0.14462809917353153
2026-08-05 16:51:00,20187.18,898.37,44677.02,49034.08,15.421999999998661,13.551999999996042,1.8700000000026193,0.13798701298724658
2026-08-05 16:52:00,20187.45,898.66,44677.13,49034.3,15.641999999999825,13.551999999996042,2.0900000000037835,0.15422077922110344
2026-08-05 16:53:00,20187.12,898.92,44676.97,49034.02,15.361999999993714,13.551999999996042,1.8099999999976717,0.13355962219585304
2026-08-05 16:54:00,20187.13,899.05,44677.04,49034.09,15.431999999993423,13.541999999997643,1.88999999999578,0.1395657953032129
2026-08-05 16:55:00,20187.28,898.97,44677.15,49034.25,15.591999999996915,13.531999999999243,2.0599999999976717,0.1522317469699813
2026-08-05 16:56:00,20187.68,899.32,44677.21,49034.48,15.822000000000116,13.531999999999243,2.290000000000873,0.16922849541834178
2026-08-05 16:57:00,20187.63,899.6,44677.24,49034.49,15.831999999994878,13.531999999999243,2.2999999999956344,0.16996748448091656
2026-08-05 16:58:00,20187.45,899.68,44677.21,49034.38,15.721999999994296,13.531999999999243,2.1899999999950523,0.16183860478829254
2026-08-05 16:59:00,20187.68,900.01,44677.4,49034.66,16.002000000000407,13.531999999999243,2.470000000001164,0.18253029855167768
2026-08-05 17:00:00,20187.4,900.04,44677.4,49034.55,15.891999999999825,13.531999999999243,2.360000000000582,0.17440141885905366
2026-08-05 17:01:00,20187.54,900.32,44677.51,49034.7,16.041999999994005,13.531999999999243,2.5099999999947613,0.18548625480305214
2026-08-05 17:02:00,20187.66,900.52,44677.58,49034.81,16.151999999994587,13.521999999997206,2.6299999999973807,0.19449785534668865
2026-08-05 17:03:00,20187.36,900.72,44677.62,49034.73,16.072000000000116,13.511999999995169,2.5600000000049477,0.18946121965703544
2026-08-05 17:04:00,20187.5,900.81,44677.76,49034.92,16.26199999999517,13.506999999997788,2.7549999999973807,0.20396831272657376
2026-08-05 17:05:00,20187.51,901.03,44677.82,49034.98,16.322000000000116,13.502000000000407,2.819999999999709,0.20885794697079127
2026-08-05 17:06:00,20187.92,901.23,44678.07,49035.38,16.721999999994296,13.502000000000407,3.219999999993888,0.23848318767544002
2026-08-05 17:07:00,20187.39,901.54,44678.07,49035.17,16.51199999999517,13.502000000000407,3.0099999999947613,0.22292993630533775
2026-08-05 17:08:00,20187.11,901.4,44677.81,49034.82,16.161999999996624,13.496999999999389,2.664999999997235,0.19745128547064947
2026-08-05 17:09:00,20187.54,901.58,44678.14,49035.3,16.641999999999825,13.49199999999837,3.150000000001455,0.2334716869257216
2026-08-05 17:10:00,20187.24,901.58,44678.09,49035.13,16.471999999994296,13.481999999996333,2.9899999999979627,0.22177718439391603
2026-08-05 17:11:00,20187.48,901.54,44678.31,49035.42,16.76199999999517,13.471999999994296,3.290000000000873,0.2442102137768903
2026-08-05 17:12:00,20187.51,901.6,44678.36,49035.48,16.822000000000116,13.466999999996915,3.3550000000032014,0.2491274968444323
2026-08-05 17:13:00,20187.37,901.93,44678.36,49035.42,16.76199999999517,13.461999999999534,3.2999999999956344,0.2451344525327402
2026-08-05 17:14:00,20187.34,901.92,44678.41,49035.47,16.81199999999808,13.461999999999534,3.349999999998545,0.2488486109046695
2026-08-05 17:15:00,20187.92,902.1,44678.68,49035.95,17.291999999994005,13.461999999999534,3.8299999999944703,0.28450453127281256
2026-08-05 17:16:00,20187.49,902.27,44678.66,49035.77,17.111999999993714,13.446999999996478,3.664999999997235,0.27255149847536214
2026-08-05 17:17:00,20186.98,902.37,44678.56,49035.47,16.81199999999808,13.431999999993423,3.3800000000046566,0.25163787969076173
2026-08-05 17:18:00,20187.77,902.24,44678.93,49036.11,17.451999999997497,13.426999999996042,4.025000000001455,0.29976912191871913
2026-08-05 17:19:00,20187.54,902.29,44678.8,49035.9,17.24199999999837,13.421999999998661,3.819999999999709,0.28460736104903067
2026-08-05 17:20:00,20187.29,902.37,44678.79,49035.8,17.141999999999825,13.416999999997643,3.725000000002183,0.27763285384235203
2026-08-05 17:21:00,20187.33,902.96,44679.05,49036.06,17.401999999994587,13.411999999996624,3.9899999999979627,0.2974947807932424
2026-08-05 17:22:00,20186.66,902.95,44678.74,49035.51,16.851999999998952,13.411999999996624,3.4400000000023283,0.25648672830325037
2026-08-05 17:23:00,20186.65,903.06,44678.74,49035.51,16.851999999998952,13.411999999996624,3.4400000000023283,0.25648672830325037
2026-08-05 17:24:00,20186.49,903.09,44678.58,49035.3,16.641999999999825,13.411999999996624,3.2300000000032014,0.2408291082615579
2026-08-05 17:25:00,20186.74,903.18,44678.84,49035.64,16.981999999996333,13.411999999996624,3.569999999999709,0.2661795407098574
2026-08-05 17:26:00,20186.93,903.17,44678.94,49035.81,17.151999999994587,13.411999999996624,3.7399999999979627,0.2788547569340072
2026-08-05 17:27:00,20186.51,903.56,44678.84,49035.56,16.901999999994587,13.411999999996624,3.4899999999979627,0.26021473307477194
2026-08-05 17:28:00,20187.33,903.37,44679.34,49036.33,17.67199999999866,13.396999999997206,4.275000000001455,0.3191012913340559
2026-08-05 17:29:00,20187.23,903.34,44679.44,49036.37,17.711999999999534,13.381999999997788,4.330000000001746,0.32356897324783007
2026-08-05 17:30:00,20187.0,903.45,44679.41,49036.26,17.601999999998952,13.336999999995896,4.265000000003056,0.31978705855922385
2026-08-05 17:31:00,20186.69,903.56,44679.4,49036.14,17.481999999996333,13.291999999994005,4.190000000002328,0.315227204333751
2026-08-05 17:32:00,20187.27,903.59,44679.64,49036.59,17.931999999993423,13.25699999999415,4.674999999999272,0.35264388624887494
2026-08-05 17:33:00,20187.16,903.67,44679.64,49036.55,17.891999999999825,13.221999999994296,4.67000000000553,0.35319921343272914
2026-08-05 17:34:00,20186.95,903.85,44679.49,49036.32,17.661999999996624,13.211999999995896,4.450000000000728,0.3368150166516886
2026-08-05 17:35:00,20186.56,904.05,44679.48,49036.16,17.502000000000407,13.201999999997497,4.30000000000291,0.32570822602664184
2026-08-05 17:36:00,20186.18,904.17,44679.29,49035.83,17.17199999999866,13.18699999999808,3.985000000000582,0.30219155228643074
2026-08-05 17:37:00,20186.38,904.3,44679.53,49036.15,17.49199999999837,13.171999999998661,4.319999999999709,0.32796841785606956
2026-08-05 17:38:00,20186.6,904.15,44679.84,49036.5,17.841999999996915,13.156999999999243,4.684999999997672,0.35608421372637694
2026-08-05 17:39:00,20186.66,903.98,44679.74,49036.44,17.781999999999243,13.141999999999825,4.639999999999418,0.35306650433719977
2026-08-05 17:40:00,20186.72,904.11,44679.64,49036.38,17.721999999994296,13.12699999999677,4.594999999997526,0.35004189837728783
2026-08-05 17:41:00,20186.7,904.31,44679.53,49036.27,17.611999999993714,13.111999999993714,4.5,0.3431970713851554
2026-08-05 17:42:00,20186.17,904.31,44679.53,49036.06,17.401999999994587,13.111999999993714,4.290000000000873,0.3271812080539147
2026-08-05 17:43:00,20186.23,904.34,44679.62,49036.15,17.49199999999837,13.111999999993714,4.380000000004657,0.3340451494819064
2026-08-05 17:44:00,20186.34,904.3,44679.7,49036.27,17.611999999993714,13.071999999996478,4.539999999997235,0.3473072215421097
2026-08-05 17:45:00,20186.1,904.21,44679.43,49035.93,17.271999999997206,13.031999999999243,4.239999999997963,0.3253529772865415
2026-08-05 17:46:00,20185.81,904.51,44679.27,49035.67,17.01199999999517,13.031999999999243,3.9799999999959255,0.30540208716974804
2026-08-05 17:47:00,20186.12,904.71,44679.64,49036.13,17.471999999994296,13.031999999999243,4.439999999995052,0.3406998158375775
2026-08-05 17:48:00,20185.94,904.56,44679.35,49035.8,17.141999999999825,13.006999999997788,4.135000000002037,0.31790574306163916
2026-08-05 17:49:00,20186.27,904.57,44679.3,49035.88,17.221999999994296,12.981999999996333,4.239999999997963,0.32660606994293334
2026-08-05 17:50:00,20186.08,904.81,44679.28,49035.79,17.131999999997788,12.961999999995896,4.170000000001892,0.3217096127143351
2026-08-05 17:51:00,20186.3,904.55,44679.23,49035.83,17.17199999999866,12.94199999999546,4.230000000003201,0.3268428372743537
2026-08-05 17:52:00,20186.1,904.97,44679.25,49035.78,17.12199999999575,12.921999999995023,4.200000000000728,0.32502708559064736
2026-08-05 17:53:00,20186.59,904.69,44679.27,49035.99,17.331999999994878,12.901999999994587,4.430000000000291,0.34335761897396916
2026-08-05 17:54:00,20186.35,904.76,44679.25,49035.87,17.211999999999534,12.861999999997352,4.350000000002183,0.33820556678612024
2026-08-05 17:55:00,20186.2,904.68,44679.09,49035.66,17.002000000000407,12.822000000000116,4.180000000000291,0.32600218374670514
2026-08-05 17:56:00,20185.73,904.99,44678.84,49035.25,16.591999999996915,12.816999999999098,3.774999999997817,0.29453070141203735
2026-08-05 17:57:00,20186.24,905.04,44679.02,49035.62,16.961999999999534,12.81199999999808,4.150000000001455,0.32391507961302507
2026-08-05 17:58:00,20185.98,905.28,44678.81,49035.33,16.67199999999866,12.781999999999243,3.889999999999418,0.30433421999684307
2026-08-05 17:59:00,20185.54,905.28,44678.56,49034.93,16.271999999997206,12.752000000000407,3.5199999999967986,0.2760351317437803
2026-08-05 18:00:00,20185.94,905.12,44678.56,49035.08,16.42199999999866,12.736999999997352,3.6850000000013097,0.2893145952737753
2026-08-05 18:01:00,20186.47,904.84,44678.66,49035.39,16.731999999996333,12.721999999994296,4.010000000002037,0.31520201226252437
2026-08-05 18:02:00,20186.37,905.11,44678.57,49035.26,16.601999999998952,12.716999999996915,3.8850000000020373,0.305496579382164
2026-08-05 18:03:00,20186.99,904.79,44678.65,49035.58,16.92199999999866,12.711999999999534,4.209999999999127,0.3311831340465136
2026-08-05 18:04:00,20186.92,904.74,44678.31,49035.24,16.581999999994878,12.696999999996478,3.8849999999983993,0.30597779002909953
2026-08-05 18:05:00,20186.64,904.97,44678.13,49034.97,16.31199999999808,12.681999999993423,3.6300000000046566,0.286232455449183
2026-08-05 18:06:00,20187.04,904.84,44678.17,49035.17,16.51199999999517,12.676999999996042,3.834999999999127,0.3025163682259465
2026-08-05 18:07:00,20187.28,905.05,44678.14,49035.25,16.591999999996915,12.671999999998661,3.9199999999982538,0.3093434343433292
2026-08-05 18:08:00,20187.67,904.89,44678.15,49035.41,16.752000000000407,12.646999999997206,4.105000000003201,0.3245829050370925
2026-08-05 18:09:00,20187.56,905.15,44677.9,49035.14,16.481999999996333,12.62199999999575,3.860000000000582,0.3058152432262622
2026-08-05 18:10:00,20187.79,904.8,44677.81,49035.16,16.502000000000407,12.616999999994732,3.8850000000056752,0.30791788856362823
2026-08-05 18:11:00,20188.01,904.88,44677.74,49035.19,16.531999999999243,12.611999999993714,3.9200000000055297,0.31081509673386326
2026-08-05 18:12:00,20188.42,904.7,44677.72,49035.34,16.681999999993423,12.571999999996478,4.109999999996944,0.32691695831992484
2026-08-05 18:13:00,20188.87,905.15,44677.88,49035.66,17.002000000000407,12.531999999999243,4.470000000001164,0.35668688158326156
2026-08-05 18:14:00,20188.48,904.93,44677.47,49035.12,16.461999999999534,12.521999999997206,3.9400000000023283,0.3146462226483954
2026-08-05 18:15:00,20188.99,904.86,44677.67,49035.52,16.861999999993714,12.511999999995169,4.349999999998545,0.3476662404092251
2026-08-05 18:16:00,20189.33,904.5,44677.7,49035.69,17.031999999999243,12.476999999995314,4.555000000003929,0.3650717319873078
2026-08-05 18:17:00,20189.17,904.78,44677.57,49035.49,16.831999999994878,12.44199999999546,4.389999999999418,0.35283716444309754
2026-08-05 18:18:00,20188.97,904.52,44677.39,49035.24,16.581999999994878,12.43199999999706,4.149999999997817,0.3338159588158622
2026-08-05 18:19:00,20189.24,904.43,44677.38,49035.35,16.69199999999546,12.421999999998661,4.269999999996799,0.34374496860386883
2026-08-05 18:20:00,20189.59,904.5,44677.51,49035.61,16.951999999997497,12.391999999996187,4.56000000000131,0.3679793415108709
2026-08-05 18:21:00,20189.44,904.54,44677.27,49035.33,16.67199999999866,12.361999999993714,4.310000000004948,0.34864908590900656
2026-08-05 18:22:00,20189.07,904.32,44676.95,49034.89,16.231999999996333,12.331999999994878,3.900000000001455,0.3162504054494871
2026-08-05 18:23:00,20189.47,904.25,44677.06,49035.15,16.49199999999837,12.301999999996042,4.190000000002328,0.34059502519945345
2026-08-05 18:24:00,20189.69,904.28,44677.12,49035.31,16.651999999994587,12.301999999996042,4.349999999998545,0.35360104048121804
2026-08-05 18:25:00,20189.65,904.38,44677.08,49035.24,16.581999999994878,12.301999999996042,4.279999999998836,0.34791090879533515
2026-08-05 18:26:00,20189.91,904.44,44676.88,49035.16,16.502000000000407,12.25199999999677,4.250000000003638,0.34688214169154086
2026-08-05 18:27:00,20189.54,904.41,44676.63,49034.79,16.131999999997788,12.201999999997497,3.930000000000291,0.32207834781192407
2026-08-05 18:28:00,20189.83,904.11,44676.71,49034.99,16.331999999994878,12.18199999999706,4.149999999997817,0.34066655721546696
2026-08-05 18:29:00,20189.72,904.25,44676.6,49034.86,16.201999999997497,12.161999999996624,4.040000000000873,0.33218220687403344
2026-08-05 18:30:00,20189.85,904.17,44676.65,49034.94,16.281999999999243,12.156999999995605,4.125000000003638,0.3393106852023632
2026-08-05 18:31:00,20190.01,904.2,44676.64,49035.01,16.351999999998952,12.151999999994587,4.200000000004366,0.3456221198161814
2026-08-05 18:32:00,20190.16,904.24,44676.72,49035.15,16.49199999999837,12.091999999996915,4.400000000001455,0.3638769434338883
2026-08-05 18:33:00,20190.01,903.96,44676.55,49034.92,16.26199999999517,12.031999999999243,4.2299999999959255,0.3515624999996835
2026-08-05 18:34:00,20189.91,903.93,44676.42,49034.75,16.091999999996915,12.026999999998225,4.06499999999869,0.3379895235719041
2026-08-05 18:35:00,20189.56,903.86,44676.06,49034.29,15.631999999997788,12.021999999997206,3.610000000000582,0.3002828148395792
2026-08-05 18:36:00,20189.8,903.88,44676.21,49034.52,15.861999999993714,11.99199999999837,3.8699999999953434,0.3227151434286082
2026-08-05 18:37:00,20189.81,903.77,44676.22,49034.53,15.87199999999575,11.961999999999534,3.9099999999962165,0.3268684166524301
2026-08-05 18:38:00,20189.71,903.64,44676.0,49034.29,15.631999999997788,11.946999999996478,3.6850000000013097,0.30844563488762
2026-08-05 18:39:00,20189.91,903.5,44676.02,49034.39,15.731999999996333,11.931999999993423,3.8000000000029104,0.3184713375800373
2026-08-05 18:40:00,20189.99,903.46,44675.93,49034.35,15.69199999999546,11.931999999993423,3.7600000000020373,0.31511900771070317
2026-08-05 18:41:00,20190.17,903.37,44675.99,49034.46,15.801999999996042,11.931999999993423,3.8700000000026193,0.32433791485121966
2026-08-05 18:42:00,20190.19,903.38,44675.81,49034.31,15.651999999994587,11.911999999996624,3.7399999999979627,0.31396910678299383
2026-08-05 18:43:00,20190.27,903.41,44675.85,49034.37,15.711999999999534,11.891999999999825,3.819999999999709,0.32122435250586656
2026-08-05 18:44:00,20190.31,903.3,44675.76,49034.3,15.641999999999825,11.886999999998807,3.7550000000010186,0.3158913098343901
2026-08-05 18:45:00,20190.32,903.26,44675.57,49034.13,15.471999999994296,11.881999999997788,3.5899999999965075,0.30213768725779966
2026-08-05 18:46:00,20190.43,903.08,44675.55,49034.15,15.49199999999837,11.87699999999677,3.6150000000016007,0.30436979035131634
2026-08-05 18:47:00,20190.39,903.39,44675.61,49034.2,15.541999999994005,11.87199999999575,3.6699999999982538,0.3091307277627668
2026-08-05 18:48:00,20190.26,903.37,44675.52,49034.06,15.401999999994587,11.831999999994878,3.569999999999709,0.3017241379311405
2026-08-05 18:49:00,20190.13,903.27,44675.34,49033.85,15.19199999999546,11.791999999994005,3.400000000001455,0.2883310719134315
2026-08-05 18:50:00,20190.16,903.15,44675.24,49033.77,15.111999999993714,11.786999999996624,3.3249999999970896,0.28209043861865124
2026-08-05 18:51:00,20190.13,903.22,44675.25,49033.76,15.101999999998952,11.781999999999243,3.319999999999709,0.2817857749108744
2026-08-05 18:52:00,20189.99,903.27,44675.21,49033.67,15.011999999995169,11.771999999997206,3.2399999999979627,0.2752293577980574
2026-08-05 18:53:00,20189.96,903.21,44675.14,49033.6,14.94199999999546,11.761999999995169,3.180000000000291,0.2703621833022953
2026-08-05 18:54:00,20189.54,903.44,44674.78,49033.09,14.431999999993423,11.756999999997788,2.6749999999956344,0.2275240282381677
2026-08-05 18:55:00,20189.56,903.31,44674.78,49033.09,14.431999999993423,11.752000000000407,2.679999999993015,0.22804628999259038
2026-08-05 18:56:00,20189.55,903.23,44674.8,49033.13,14.471999999994296,11.746999999999389,2.724999999994907,0.23197412105176204
2026-08-05 18:57:00,20189.68,903.37,44675.11,49033.45,14.791999999994005,11.74199999999837,3.0499999999956344,0.2597513200473563
2026-08-05 18:58:00,20189.29,903.54,44674.92,49033.12,14.461999999999534,11.74199999999837,2.720000000001164,0.23164707886233535
2026-08-05 18:59:00,20189.11,903.35,44674.79,49032.92,14.261999999995169,11.74199999999837,2.5199999999967986,0.2146142054162109
2026-08-05 19:00:00,20189.14,903.5,44674.92,49033.07,14.411999999996624,11.736999999997352,2.6749999999992724,0.2279117321291536
2026-08-05 19:01:00,20188.95,903.67,44674.81,49032.88,14.221999999994296,11.731999999996333,2.4899999999979627,0.2122400272757195
2026-08-05 19:02:00,20188.94,903.92,44674.71,49032.79,14.131999999997788,11.726999999995314,2.405000000002474,0.20508228873568984
2026-08-05 19:03:00,20188.91,904.11,44674.77,49032.84,14.181999999993423,11.721999999994296,2.459999999999127,0.20986179832795804
2026-08-05 19:04:00,20188.93,904.28,44674.7,49032.79,14.131999999997788,11.716999999996915,2.415000000000873,0.2061107792098241
2026-08-05 19:05:00,20188.85,904.47,44674.44,49032.52,13.861999999993714,11.711999999999534,2.1499999999941792,0.183572404371095
2026-08-05 19:06:00,20189.06,904.29,44674.53,49032.69,14.031999999999243,11.706999999998516,2.3250000000007276,0.19859912872649033
2026-08-05 19:07:00,20189.04,904.15,44674.66,49032.79,14.131999999997788,11.701999999997497,2.430000000000291,0.20765681080164167
2026-08-05 19:08:00,20189.13,904.18,44674.7,49032.86,14.201999999997497,11.69199999999546,2.5100000000020373,0.2146767020187318
2026-08-05 19:09:00,20189.2,904.37,44674.67,49032.86,14.201999999997497,11.681999999993423,2.5200000000040745,0.2157164869033978
2026-08-05 19:10:00,20189.46,904.08,44674.71,49033.0,14.341999999996915,11.661999999996624,2.680000000000291,0.22980620819765624
2026-08-05 19:11:00,20189.51,904.16,44674.75,49033.06,14.401999999994587,11.641999999999825,2.7599999999947613,0.2370726679260267
2026-08-05 19:12:00,20189.38,904.28,44674.73,49032.99,14.331999999994878,11.636999999998807,2.694999999996071,0.23158889748185507
2026-08-05 19:13:00,20189.5,904.67,44674.82,49033.14,14.481999999996333,11.631999999997788,2.849999999998545,0.2450137551581058
2026-08-05 19:14:00,20189.29,904.87,44674.71,49032.94,14.281999999999243,11.62699999999677,2.655000000002474,0.2283478111295443
2026-08-05 19:15:00,20189.26,904.81,44674.67,49032.9,14.24199999999837,11.62199999999575,2.6200000000026193,0.22543452073684195
2026-08-05 19:16:00,20189.05,905.0,44674.8,49032.94,14.281999999999243,11.606999999996333,2.6750000000029104,0.23046437494647673
2026-08-05 19:17:00,20188.6,905.0,44674.8,49032.74,14.081999999994878,11.591999999996915,2.4899999999979627,0.214803312629281
2026-08-05 19:18:00,20188.36,904.8,44674.8,49032.65,13.99199999999837,11.591999999996915,2.400000000001455,0.20703933747430073
2026-08-05 19:19:00,20188.31,904.95,44674.84,49032.66,14.002000000000407,11.591999999996915,2.4100000000034925,0.20790200138061887
2026-08-05 19:20:00,20188.37,904.82,44675.08,49032.91,14.252000000000407,11.546999999998661,2.7050000000017462,0.23425998094761064
2026-08-05 19:21:00,20188.46,904.49,44675.07,49032.94,14.281999999999243,11.502000000000407,2.779999999998836,0.24169709615708027
2026-08-05 19:22:00,20188.74,904.37,44675.19,49033.16,14.502000000000407,11.496999999999389,3.0050000000010186,0.2613725319649629
2026-08-05 19:23:00,20188.69,904.4,44675.3,49033.22,14.56199999999808,11.49199999999837,3.069999999999709,0.2671423599025535
2026-08-05 19:24:00,20188.86,904.22,44675.35,49033.36,14.701999999997497,11.481999999996333,3.220000000001164,0.2804389479186721
2026-08-05 19:25:00,20188.59,903.93,44675.35,49033.25,14.591999999996915,11.471999999994296,3.1200000000026193,0.27196652719701625
2026-08-05 19:26:00,20188.79,903.53,44675.42,49033.38,14.721999999994296,11.466999999996915,3.2549999999973807,0.2838580273827729
2026-08-05 19:27:00,20189.03,903.27,44675.57,49033.61,14.951999999997497,11.461999999999534,3.4899999999979627,0.3044843831790355
2026-08-05 19:28:00,20189.48,902.96,44675.82,49034.02,15.361999999993714,11.401999999998225,3.959999999995489,0.3473074899137086
2026-08-05 19:29:00,20189.61,902.46,44675.79,49034.02,15.361999999993714,11.341999999996915,4.019999999996799,0.3544348439426814
2026-08-05 19:30:00,20189.8,902.21,44675.75,49034.05,15.391999999999825,11.326999999997497,4.065000000002328,0.358877019511188
2026-08-05 19:31:00,20190.11,902.11,44675.78,49034.22,15.56199999999808,11.31199999999808,4.25,0.3757072135785645
2026-08-05 19:32:00,20190.22,901.91,44675.77,49034.25,15.591999999996915,11.30699999999706,4.2849999999998545,0.3789687804016068
2026-08-05 19:33:00,20190.3,901.84,44675.78,49034.29,15.631999999997788,11.301999999996042,4.330000000001746,0.38311803220697777
2026-08-05 19:34:00,20190.56,901.85,44675.76,49034.37,15.711999999999534,11.296999999995023,4.415000000004511,0.39081171992621544
2026-08-05 19:35:00,20190.75,901.91,44675.74,49034.44,15.781999999999243,11.291999999994005,4.490000000005239,0.3976266383286949
2026-08-05 19:36:00,20190.34,902.0,44675.5,49034.04,15.381999999997788,11.261999999995169,4.120000000002619,0.36583200142109634
2026-08-05 19:37:00,20190.21,902.14,44675.4,49033.9,15.24199999999837,11.231999999996333,4.010000000002037,0.35701566951596747
2026-08-05 19:38:00,20190.49,902.32,44675.56,49034.16,15.502000000000407,11.156999999995605,4.345000000004802,0.38944160616711604
2026-08-05 19:39:00,20190.45,902.27,44675.29,49033.9,15.24199999999837,11.081999999994878,4.1600000000034925,0.3753835047830189
2026-08-05 19:40:00,20190.18,902.56,44675.29,49033.79,15.131999999997788,11.06699999999546,4.065000000002328,0.36730821360838495
2026-08-05 19:41:00,20190.11,902.77,44675.28,49033.77,15.111999999993714,11.051999999996042,4.059999999997672,0.36735432500896903
2026-08-05 19:42:00,20190.38,902.97,44675.51,49034.09,15.431999999993423,11.036999999996624,4.394999999996799,0.39820603424826884
2026-08-05 19:43:00,20190.22,903.13,44675.37,49033.91,15.252000000000407,11.021999999997206,4.230000000003201,0.3837778987483464
2026-08-05 19:44:00,20190.06,903.21,44675.3,49033.77,15.111999999993714,10.911999999996624,4.19999999999709,0.3848973607036647
2026-08-05 19:45:00,20190.07,903.18,44675.42,49033.82,15.161999999996624,10.801999999996042,4.360000000000582,0.40362895760064615
2026-08-05 19:46:00,20190.11,903.36,44675.28,49033.78,15.12199999999575,10.786999999996624,4.334999999999127,0.4018726244554078
2026-08-05 19:47:00,20190.09,903.65,44675.2,49033.7,15.041999999994005,10.771999999997206,4.269999999996799,0.3963980690677596
2026-08-05 19:48:00,20190.15,903.91,44675.17,49033.7,15.041999999994005,10.896999999997206,4.144999999996799,0.38037992107899987
2026-08-05 19:49:00,20190.59,904.0,44675.38,49034.09,15.431999999993423,11.021999999997206,4.4099999999962165,0.4001088731625235
2026-08-05 19:50:00,20190.83,903.83,44675.35,49034.15,15.49199999999837,11.12699999999677,4.365000000001601,0.3922890266920884
2026-08-05 19:51:00,20190.77,904.0,44675.3,49034.06,15.401999999994587,11.231999999996333,4.169999999998254,0.3712606837606495
2026-08-05 19:52:00,20190.91,903.8,44675.45,49034.26,15.601999999998952,11.286999999996624,4.315000000002328,0.38229821919053947
2026-08-05 19:53:00,20190.58,904.02,44675.31,49034.01,15.351999999998952,11.341999999996915,4.010000000002037,0.3535531652268672
2026-08-05 19:54:00,20190.22,904.02,44675.15,49033.7,15.041999999994005,11.401999999998225,3.63999999999578,0.3192422382035035
2026-08-05 19:55:00,20190.19,904.22,44675.16,49033.7,15.041999999994005,11.461999999999534,3.5799999999944703,0.3123364159827792
2026-08-05 19:56:00,20190.16,904.16,44675.31,49033.81,15.151999999994587,11.481999999999971,3.669999999994616,0.31963072635382556
2026-08-05 19:57:00,20189.98,904.26,44675.25,49033.69,15.031999999999243,11.502000000000407,3.529999999998836,0.30690314727862206
2026-08-05 19:58:00,20190.65,904.74,44675.3,49034.03,15.37199999999575,11.546999999998661,3.8249999999970896,0.3312548713949539
2026-08-05 19:59:00,20190.74,904.78,44675.24,49034.01,15.351999999998952,11.591999999996915,3.7600000000020373,0.32436162870971685
2026-08-05 20:00:00,20190.76,904.8,44675.15,49033.94,15.281999999999243,11.606999999996333,3.6750000000029104,0.3166192814684304
2026-08-05 20:01:00,20190.81,905.1,44675.31,49034.09,15.431999999993423,11.62199999999575,3.8099999999976717,0.32782653588014665
2026-08-05 20:02:00,20190.93,905.38,44675.24,49034.08,15.421999999998661,11.62699999999677,3.7950000000018917,0.3263954588460434
2026-08-05 20:03:00,20190.9,905.39,44675.24,49034.08,15.421999999998661,11.631999999997788,3.790000000000873,0.32582530949119615
2026-08-05 20:04:00,20190.79,905.14,44675.18,49033.97,15.31199999999808,11.636999999998807,3.6749999999992724,0.3158030420211093
2026-08-05 20:05:00,20191.04,905.4,44675.41,49034.29,15.631999999997788,11.641999999999825,3.9899999999979627,0.34272461776310104
2026-08-05 20:06:00,20190.5,906.0,44675.2,49033.89,15.231999999996333,11.661999999996624,3.569999999999709,0.3061224489796555
2026-08-05 20:07:00,20190.76,905.92,44675.4,49034.19,15.531999999999243,11.681999999993423,3.8500000000058208,0.32956685499126764
2026-08-05 20:08:00,20190.58,905.86,44675.3,49034.02,15.361999999993714,11.696999999996478,3.664999999997235,0.31332820381280146
2026-08-05 20:09:00,20190.72,905.9,44675.17,49033.95,15.291999999994005,11.711999999999534,3.5799999999944703,0.30566939890664385
2026-08-05 20:10:00,20190.52,905.7,44675.06,49033.75,15.091999999996915,11.716999999996915,3.375,0.28804301442356306
2026-08-05 20:11:00,20190.53,905.7,44675.16,49033.86,15.201999999997497,11.721999999994296,3.4800000000032014,0.29687766592773374
2026-08-05 20:12:00,20190.3,905.62,44675.0,49033.61,14.951999999997497,11.726999999995314,3.225000000002183,0.2750063954978657
2026-08-05 20:13:00,20190.48,905.67,44675.09,49033.79,15.131999999997788,11.731999999996333,3.400000000001455,0.2898056597342753
2026-08-05 20:14:00,20190.61,905.72,44675.07,49033.82,15.161999999996624,11.736999999997352,3.4249999999992724,0.29181221777285893
2026-08-05 20:15:00,20191.01,905.56,44675.19,49034.1,15.44199999999546,11.74199999999837,3.6999999999970896,0.31510815874617637
2026-08-05 20:16:00,20190.86,905.93,44674.76,49033.64,14.981999999996333,11.74199999999837,3.2399999999979627,0.2759325498210196
2026-08-05 20:17:00,20190.66,905.87,44674.47,49033.3,14.641999999999825,11.74199999999837,2.900000000001455,0.24697666496353754
2026-08-05 20:18:00,20190.67,906.1,44674.47,49033.32,14.661999999996624,11.75199999999677,2.9099999999998545,0.24761742682102234
2026-08-05 20:19:00,20190.88,906.29,44674.52,49033.45,14.791999999994005,11.761999999995169,3.029999999998836,0.25760925012753616
2026-08-05 20:20:00,20191.44,906.18,44674.64,49033.78,15.12199999999575,11.776999999994587,3.345000000001164,0.28402819054111417
2026-08-05 20:21:00,20191.03,906.55,44674.54,49033.53,14.87199999999575,11.791999999994005,3.0800000000017462,0.26119402985102713
2026-08-05 20:22:00,20190.85,906.22,44674.31,49033.25,14.591999999996915,11.831999999994878,2.7600000000020373,0.23326572008140908
2026-08-05 20:23:00,20190.9,906.94,44674.12,49033.12,14.461999999999534,11.87199999999575,2.5900000000037835,0.21816037735888735
2026-08-05 20:24:00,20191.2,906.56,44674.26,49033.36,14.701999999997497,11.87699999999677,2.8250000000007276,0.2378546771071395
2026-08-05 20:25:00,20191.48,906.4,44674.44,49033.62,14.961999999999534,11.881999999997788,3.0800000000017462,0.2592156202661437
2026-08-05 20:26:00,20191.4,906.3,44674.23,49033.4,14.74199999999837,11.886999999998807,2.8549999999995634,0.2401783460923572
2026-08-05 20:27:00,20191.73,906.21,44674.21,49033.51,14.851999999998952,11.891999999999825,2.959999999999127,0.2489068281196746
2026-08-05 20:28:00,20191.64,906.19,44674.09,49033.36,14.701999999997497,11.911999999996624,2.790000000000873,0.23421759570195297
2026-08-05 20:29:00,20191.79,905.54,44674.33,49033.64,14.981999999996333,11.931999999993423,3.0500000000029104,0.2556151525313939
2026-08-05 20:30:00,20192.03,905.28,44674.36,49033.76,15.101999999998952,11.946999999996478,3.155000000002474,0.26408303339779055
2026-08-05 20:31:00,20192.15,905.48,44674.2,49033.67,15.011999999995169,11.961999999999534,3.0499999999956344,0.2549740846008822
2026-08-05 20:32:00,20192.13,905.76,44674.08,49033.55,14.891999999999825,11.99199999999837,2.900000000001455,0.24182788525699211
2026-08-05 20:33:00,20192.34,905.77,44674.12,49033.67,15.011999999995169,12.021999999997206,2.9899999999979627,0.24871069705528678
2026-08-05 20:34:00,20192.49,905.8,44673.98,49033.61,14.951999999997497,12.026999999998225,2.9249999999992724,0.24320279371411857
2026-08-05 20:35:00,20192.68,905.85,44673.84,49033.56,14.901999999994587,12.031999999999243,2.8699999999953434,0.23853058510601097
2026-08-05 20:36:00,20192.34,905.94,44673.85,49033.42,14.761999999995169,12.091999999996915,2.6699999999982538,0.2208071452198921
2026-08-05 20:37:00,20192.43,906.05,44673.98,49033.58,14.921999999998661,12.151999999994587,2.7700000000040745,0.22794601711696086
2026-08-05 20:38:00,20192.12,905.58,44673.84,49033.31,14.651999999994587,12.176999999996042,2.474999999998545,0.20325203252027177
2026-08-05 20:39:00,20192.23,905.42,44673.96,49033.47,14.81199999999808,12.201999999997497,2.610000000000582,0.21389936076062263
2026-08-05 20:40:00,20192.53,905.4,44674.21,49033.82,15.161999999996624,12.25199999999677,2.9099999999998545,0.23751224289916925
2026-08-05 20:41:00,20192.1,905.31,44674.12,49033.56,14.901999999994587,12.301999999996042,2.599999999998545,0.211347748333554
2026-08-05 20:42:00,20192.08,905.42,44674.15,49033.58,14.921999999998661,12.331999999994878,2.5900000000037835,0.21002270515770835
2026-08-05 20:43:00,20192.12,905.23,44674.2,49033.64,14.981999999996333,12.361999999993714,2.6200000000026193,0.2119398155641443
2026-08-05 20:44:00,20191.84,905.51,44674.09,49033.41,14.752000000000407,12.436999999994441,2.3150000000059663,0.1861381362070436
2026-08-05 20:45:00,20191.37,905.81,44673.87,49033.04,14.381999999997788,12.511999999995169,1.8700000000026193,0.1494565217393975
2026-08-05 20:46:00,20191.13,905.88,44674.14,49033.18,14.521999999997206,12.521999999997206,2.0,0.159718894745284
2026-08-05 20:47:00,20190.66,905.67,44674.05,49032.91,14.252000000000407,12.531999999999243,1.7200000000011642,0.13724864347281104
2026-08-05 20:48:00,20190.38,905.59,44674.05,49032.81,14.151999999994587,12.601999999998952,1.5499999999956344,0.1229963497854121
2026-08-05 20:49:00,20189.86,905.55,44674.05,49032.58,13.921999999998661,12.671999999998661,1.25,0.09864267676768719
2026-08-05 20:50:00,20189.85,904.96,44674.33,49032.83,14.171999999998661,12.676999999996042,1.4950000000026193,0.11793010964763635
2026-08-05 20:51:00,20189.87,905.03,44674.44,49032.94,14.281999999999243,12.681999999993423,1.6000000000058208,0.12616306576302244
2026-08-05 20:52:00,20189.87,905.01,44674.46,49032.96,14.301999999996042,12.701999999993859,1.6000000000021828,0.12596441505298034
2026-08-05 20:53:00,20189.97,904.7,44674.61,49033.13,14.471999999994296,12.721999999994296,1.75,0.13755698789504675
2026-08-05 20:54:00,20189.85,904.37,44674.63,49033.09,14.431999999993423,12.766999999996187,1.6649999999972351,0.13041434949461364
2026-08-05 20:55:00,20189.88,903.92,44674.66,49033.13,14.471999999994296,12.81199999999808,1.6599999999962165,0.12956603184486928
2026-08-05 20:56:00,20190.35,904.09,44674.81,49033.45,14.791999999994005,12.856999999996333,1.9349999999976717,0.15050167224066452
2026-08-05 20:57:00,20190.51,904.29,44674.6,49033.32,14.661999999996624,12.901999999994587,1.7600000000020373,0.13641295923134208
2026-08-05 20:58:00,20190.53,904.17,44674.56,49033.3,14.641999999999825,12.921999999995023,1.7200000000048021,0.13310633028985178
2026-08-05 20:59:00,20190.45,904.38,44674.5,49033.23,14.572000000000116,12.94199999999546,1.6300000000046566,0.12594653067572464
2026-08-05 21:00:00,20190.37,904.69,44674.37,49033.08,14.421999999998661,12.961999999995896,1.4600000000027649,0.11263693874426994
2026-08-05 21:01:00,20190.37,905.11,44674.33,49033.05,14.391999999999825,12.981999999996333,1.4100000000034925,0.10861192420304196
2026-08-05 21:02:00,20190.31,905.22,44674.24,49032.95,14.291999999994005,13.006999999997788,1.2849999999962165,0.09879295763792073
2026-08-05 21:03:00,20190.1,905.24,44674.18,49032.81,14.151999999994587,13.031999999999243,1.1199999999953434,0.08594229588669494
2026-08-05 21:04:00,20189.77,905.38,44674.12,49032.62,13.961999999999534,13.031999999999243,0.930000000000291,0.07136279926337823
2026-08-05 21:05:00,20189.4,905.74,44674.27,49032.63,13.971999999994296,13.031999999999243,0.9399999999950523,0.0721301411905392
2026-08-05 21:06:00,20189.17,905.62,44674.21,49032.48,13.822000000000116,13.071999999996478,0.750000000003638,0.05737454100396573
2026-08-05 21:07:00,20188.97,905.81,44674.16,49032.35,13.69199999999546,13.111999999993714,0.5800000000017462,0.04423428920088654
2026-08-05 21:08:00,20189.03,905.83,44674.22,49032.42,13.761999999995169,13.111999999993714,0.6500000000014552,0.049572910311300095
2026-08-05 21:09:00,20189.69,905.58,44674.33,49032.8,14.141999999999825,13.111999999993714,1.0300000000061118,0.07855399633973502
2026-08-05 21:10:00,20190.01,905.13,44674.54,49033.1,14.44199999999546,13.141999999996187,1.2999999999992724,0.09891949474963092
2026-08-05 21:11:00,20189.25,905.45,44674.42,49032.69,14.031999999999243,13.171999999998661,0.8600000000005821,0.06529000911028465
2026-08-05 21:12:00,20189.41,905.57,44674.22,49032.58,13.921999999998661,13.18699999999808,0.7350000000005821,0.055736710396654975
2026-08-05 21:13:00,20189.68,905.66,44674.11,49032.6,13.94199999999546,13.201999999997497,0.7399999999979627,0.05605211331602053
2026-08-05 21:14:00,20189.48,906.01,44674.21,49032.6,13.94199999999546,13.211999999995896,0.7299999999995634,0.05525280048439223
2026-08-05 21:15:00,20189.79,906.47,44674.25,49032.76,14.101999999998952,13.221999999994296,0.8800000000046566,0.06655574043299321
2026-08-05 21:16:00,20189.76,906.75,44674.17,49032.68,14.021999999997206,13.301999999996042,0.7200000000011642,0.05412719891755965
2026-08-05 21:17:00,20189.66,906.43,44674.14,49032.6,13.94199999999546,13.381999999997788,0.5599999999976717,0.041847257509921104
2026-08-05 21:18:00,20189.91,906.25,44674.25,49032.81,14.151999999994587,13.396999999997206,0.7549999999973807,0.05635590057457178
2026-08-05 21:19:00,20189.59,906.67,44674.07,49032.53,13.87199999999575,13.411999999996624,0.4599999999991269,0.034297643900927724
2026-08-05 21:20:00,20189.55,906.25,44674.07,49032.5,13.841999999996915,13.411999999996624,0.43000000000029104,0.032060841037906296
2026-08-05 21:21:00,20190.08,905.95,44674.45,49033.05,14.391999999999825,13.411999999996624,0.9800000000032014,0.0730688935284408
2026-08-05 21:22:00,20190.21,905.54,44674.54,49033.17,14.511999999995169,13.411999999996624,1.0999999999985448,0.08201610498052653
2026-08-05 21:23:00,20190.3,904.98,44674.58,49033.23,14.572000000000116,13.411999999996624,1.1600000000034925,0.08648971070711188
2026-08-05 21:24:00,20190.53,905.03,44674.7,49033.44,14.781999999999243,13.416999999997643,1.3650000000016007,0.10173660281745849
2026-08-05 21:25:00,20190.52,904.89,44674.53,49033.29,14.631999999997788,13.421999999998661,1.2099999999991269,0.09015049918039394
2026-08-05 21:26:00,20190.54,905.35,44674.29,49033.08,14.421999999998661,13.426999999996042,0.9950000000026193,0.0741044164744852
2026-08-05 21:27:00,20189.86,905.2,44674.5,49033.0,14.341999999996915,13.431999999993423,0.9100000000034925,0.06774865991691022
2026-08-05 21:28:00,20190.15,905.18,44674.74,49033.34,14.681999999993423,13.446999999996478,1.234999999996944,0.09184204655293132
2026-08-05 21:29:00,20190.53,905.27,44674.62,49033.4,14.74199999999837,13.461999999999534,1.2799999999988358,0.09508245431576884
2026-08-05 21:30:00,20190.41,905.52,44674.28,49033.04,14.381999999997788,13.461999999999534,0.9199999999982538,0.06834051403939129
2026-08-05 21:31:00,20190.54,905.28,44674.4,49033.19,14.531999999999243,13.461999999999534,1.069999999999709,0.07948298915463868
2026-08-05 21:32:00,20190.91,904.91,44674.52,49033.45,14.791999999994005,13.466999999996915,1.3249999999970896,0.09838865374600082
2026-08-05 21:33:00,20191.12,905.44,44674.29,49033.32,14.661999999996624,13.471999999994296,1.1900000000023283,0.08833135391945013
2026-08-05 21:34:00,20190.64,905.22,44674.32,49033.16,14.502000000000407,13.481999999996333,1.0200000000040745,0.07565643079694051
2026-08-05 21:35:00,20190.93,905.16,44674.49,49033.43,14.771999999997206,13.49199999999837,1.2799999999988358,0.09487103468714723
2026-08-05 21:36:00,20190.97,905.53,44674.26,49033.24,14.581999999994878,13.496999999999389,1.084999999995489,0.08038823442213366
2026-08-05 21:37:00,20189.9,905.24,44674.27,49032.81,14.151999999994587,13.502000000000407,0.6499999999941792,0.04814101614532363
2026-08-05 21:38:00,20189.9,905.71,44674.33,49032.88,14.221999999994296,13.502000000000407,0.7199999999938882,0.05332543326869104
2026-08-05 21:39:00,20190.09,905.91,44674.21,49032.85,14.19199999999546,13.502000000000407,0.6899999999950523,0.051103540215896276
2026-08-05 21:40:00,20189.45,905.08,44674.38,49032.74,14.081999999994878,13.506999999997788,0.5749999999970896,0.04257051898994475
2026-08-05 21:41:00,20189.81,905.12,44674.63,49033.1,14.44199999999546,13.511999999995169,0.930000000000291,0.06882770870342092
2026-08-05 21:42:00,20190.47,905.54,44674.46,49033.22,14.56199999999808,13.521999999997206,1.0400000000008731,0.07691169945282414
2026-08-05 21:43:00,20190.08,904.95,44674.47,49033.07,14.411999999996624,13.531999999999243,0.8799999999973807,0.06503103754045447
2026-08-05 21:44:00,20191.03,904.89,44674.6,49033.58,14.921999999998661,13.531999999999243,1.389999999999418,0.1027194797516624
2026-08-05 21:45:00,20191.41,904.73,44674.53,49033.66,15.002000000000407,13.531999999999243,1.4700000000011642,0.10863139225548672
2026-08-05 21:46:00,20191.74,904.07,44674.67,49033.91,15.252000000000407,13.531999999999243,1.7200000000011642,0.12710611882953446
2026-08-05 21:47:00,20191.87,903.78,44674.76,49034.05,15.391999999999825,13.531999999999243,1.860000000000582,0.1374519657109582
2026-08-05 21:48:00,20191.74,903.85,44674.72,49033.95,15.291999999994005,13.541999999997643,1.749999999996362,0.12922758824373554
2026-08-05 21:49:00,20191.72,904.29,44674.62,49033.86,15.201999999997497,13.551999999996042,1.6500000000014552,0.1217532467533897
2026-08-05 21:50:00,20191.82,904.71,44674.35,49033.67,15.011999999995169,13.551999999996042,1.4599999999991269,0.10773317591496114
2026-08-05 21:51:00,20191.47,905.34,44674.1,49033.31,14.651999999994587,13.551999999996042,1.0999999999985448,0.0811688311687475
2026-08-05 21:52:00,20191.35,906.36,44673.83,49033.02,14.361999999993714,13.55699999999706,0.8049999999966531,0.05937891863958306
2026-08-05 21:53:00,20191.06,906.76,44673.66,49032.75,14.091999999996915,13.56199999999808,0.5299999999988358,0.039079781743025434
2026-08-05 21:54:00,20190.85,907.02,44673.6,49032.61,13.951999999997497,13.56199999999808,0.3899999999994179,0.028756820527906884
2026-08-05 21:55:00,20190.72,906.89,44673.8,49032.75,14.091999999996915,13.56199999999808,0.5299999999988358,0.039079781743025434
2026-08-05 21:56:00,20190.9,906.89,44673.89,49032.9,14.24199999999837,13.566999999999098,0.6749999999992724,0.049753077319917245
2026-08-05 21:57:00,20190.85,906.64,44673.92,49032.91,14.252000000000407,13.572000000000116,0.680000000000291,0.050103153551450424
2026-08-05 21:58:00,20190.79,906.6,44674.04,49032.97,14.31199999999808,13.576999999997497,0.7350000000005821,0.05413567061948277
2026-08-05 21:59:00,20190.7,906.53,44674.04,49032.95,14.291999999994005,13.581999999994878,0.7099999999991269,0.052275069945471556
2026-08-05 22:00:00,20190.64,906.74,44673.95,49032.84,14.181999999993423,13.586999999995896,0.5949999999975262,0.04379185986587958
2026-08-05 22:01:00,20190.36,906.83,44673.87,49032.66,14.002000000000407,13.591999999996915,0.41000000000349246,0.030164802825455084
2026-08-05 22:02:00,20190.16,906.87,44673.95,49032.66,14.002000000000407,13.591999999996915,0.41000000000349246,0.030164802825455084
2026-08-05 22:03:00,20189.97,907.3,44673.87,49032.52,13.861999999993714,13.591999999996915,0.2699999999967986,0.0198646262505047
2026-08-05 22:04:00,20189.86,907.2,44673.84,49032.43,13.771999999997206,13.591999999996915,0.18000000000029104,0.01324308416718157
2026-08-05 22:05:00,20189.35,906.45,44674.16,49032.49,13.831999999994878,13.591999999996915,0.23999999999796273,0.017657445556063654
2026-08-05 22:06:00,20189.77,907.09,44674.19,49032.71,14.051999999996042,13.596999999997934,0.45499999999810825,0.03346326395515021
2026-08-05 22:07:00,20189.19,906.86,44674.07,49032.36,13.701999999997497,13.601999999998952,0.09999999999854481,0.0073518600204787905
2026-08-05 22:08:00,20189.17,906.71,44674.29,49032.55,13.891999999999825,13.601999999998952,0.2900000000008731,0.021320394059762937
2026-08-05 22:09:00,20189.05,907.11,44674.14,49032.37,13.711999999999534,13.601999999998952,0.11000000000058208,0.008087046022687146
2026-08-05 22:10:00,20189.19,907.04,44674.19,49032.47,13.81199999999808,13.606999999996333,0.20500000000174623,0.015065774968898469
2026-08-05 22:11:00,20189.86,906.79,44674.28,49032.83,14.171999999998661,13.611999999993714,0.5600000000049477,0.041140170438231434
2026-08-05 22:12:00,20189.93,906.68,44674.25,49032.82,14.161999999996624,13.616999999994732,0.5450000000018917,0.040023500036873216
2026-08-05 22:13:00,20189.53,906.48,44674.29,49032.69,14.031999999999243,13.62199999999575,0.41000000000349246,0.030098370283630917
2026-08-05 22:14:00,20189.58,906.8,44674.3,49032.73,14.072000000000116,13.641999999996187,0.430000000003929,0.03152030494092136
2026-08-05 22:15:00,20189.55,906.93,44674.21,49032.62,13.961999999999534,13.661999999996624,0.3000000000029104,0.021958717611109978
2026-08-05 22:16:00,20188.97,906.74,44674.4,49032.56,13.901999999994587,13.676999999996042,0.2249999999985448,0.016450976091146444
2026-08-05 22:17:00,20189.25,907.06,44674.26,49032.56,13.901999999994587,13.69199999999546,0.20999999999912689,0.015337423312824753
2026-08-05 22:18:00,20189.23,906.98,44674.23,49032.52,13.861999999993714,13.69199999999546,0.16999999999825377,0.012416009348401267
2026-08-05 22:19:00,20189.31,906.91,44674.26,49032.59,13.931999999993423,13.69199999999546,0.23999999999796273,0.01752848378600952
2026-08-05 22:20:00,20189.46,906.47,44674.27,49032.67,14.011999999995169,13.696999999996478,0.3149999999986903,0.022997736730581246
2026-08-05 22:21:00,20190.06,906.05,44674.41,49033.02,14.361999999993714,13.701999999997497,0.6599999999962165,0.04816815063467648
2026-08-05 22:22:00,20190.17,905.6,44674.54,49033.18,14.521999999997206,13.701999999997497,0.819999999999709,0.059845278061586536
2026-08-05 22:23:00,20190.21,905.4,44674.58,49033.22,14.56199999999808,13.701999999997497,0.8600000000005821,0.06276455991831406
2026-08-05 22:24:00,20190.43,905.17,44674.61,49033.33,14.671999999998661,13.701999999997497,0.9700000000011642,0.07079258502418197
2026-08-05 22:25:00,20190.28,905.1,44674.64,49033.3,14.641999999999825,13.701999999997497,0.9400000000023283,0.06860312363176908
2026-08-05 22:26:00,20190.23,905.34,44674.58,49033.22,14.56199999999808,13.701999999997497,0.8600000000005821,0.06276455991831406
2026-08-05 22:27:00,20190.0,905.11,44674.53,49033.08,14.421999999998661,13.701999999997497,0.7200000000011642,0.05254707342003326
2026-08-05 22:28:00,20189.93,905.03,44674.47,49032.99,14.331999999994878,13.701999999997497,0.6299999999973807,0.045978689242263594
2026-08-05 22:29:00,20189.83,905.3,44674.38,49032.88,14.221999999994296,13.701999999997497,0.5199999999967986,0.037950664136395675
2026-08-05 22:30:00,20189.74,905.42,44674.33,49032.79,14.131999999997788,13.701999999997497,0.43000000000029104,0.03138227995915703
2026-08-05 22:31:00,20189.79,905.46,44674.4,49032.88,14.221999999994296,13.701999999997497,0.5199999999967986,0.037950664136395675
2026-08-05 22:32:00,20189.54,905.82,44674.31,49032.7,14.041999999994005,13.701999999997497,0.33999999999650754,0.024813895781387364
2026-08-05 22:33:00,20189.12,906.11,44674.17,49032.42,13.761999999995169,13.701999999997497,0.059999999997671694,0.004378922784825766
2026-08-05 22:34:00,20189.04,906.06,44674.27,49032.46,13.801999999996042,13.706999999998516,0.09499999999752617,0.006930765302220505
2026-08-05 22:35:00,20188.66,906.36,44674.18,49032.24,13.581999999994878,13.711999999999534,-0.1300000000046566,0.009480746791471779
2026-08-05 22:36:00,20188.51,906.35,44674.19,49032.19,13.531999999999243,13.711999999999534,-0.18000000000029104,0.013127187864665778
2026-08-05 22:37:00,20188.55,906.4,44674.21,49032.22,13.56199999999808,13.711999999999534,-0.1500000000014552,0.010939323220643253
2026-08-05 22:38:00,20188.41,906.7,44674.19,49032.17,13.511999999995169,13.721999999997934,-0.21000000000276486,0.015303891561200735
2026-08-05 22:39:00,20188.25,906.72,44674.18,49032.09,13.431999999993423,13.731999999996333,-0.3000000000029104,0.02184678124111495
2026-08-05 22:40:00,20188.34,906.8,44674.21,49032.15,13.49199999999837,13.736999999997352,-0.24499999999898137,0.017835044041568653
2026-08-05 22:41:00,20188.17,906.87,44674.16,49032.04,13.381999999997788,13.74199999999837,-0.3600000000005821,0.026197060107744488
2026-08-05 22:42:00,20188.2,906.61,44674.24,49032.12,13.461999999999534,13.746999999999389,-0.2849999999998545,0.020731796028214677
2026-08-05 22:43:00,20188.15,906.44,44674.34,49032.19,13.531999999999243,13.752000000000407,-0.22000000000116415,0.015997673065820072
2026-08-05 22:44:00,20187.99,906.33,44674.37,49032.16,13.502000000000407,13.756999999997788,-0.25499999999738066,0.018536018026998738
2026-08-05 22:45:00,20188.04,906.19,44674.46,49032.25,13.591999999996915,13.761999999995169,-0.16999999999825377,0.012352855689457452
2026-08-05 22:46:00,20187.97,906.09,44674.47,49032.23,13.572000000000116,13.761999999995169,-0.18999999999505235,0.013806132829175923
2026-08-05 22:47:00,20188.13,905.98,44674.55,49032.37,13.711999999999534,13.761999999995169,-0.049999999995634425,0.0036331928495605273
2026-08-05 22:48:00,20188.21,905.9,44674.56,49032.41,13.752000000000407,13.761999999995169,-0.00999999999476131,0.000726638569594886
2026-08-05 22:49:00,20188.28,905.71,44674.6,49032.45,13.791999999994005,13.761999999995169,0.029999999998835847,0.0021799157098420564
2026-08-05 22:50:00,20188.29,905.52,44674.63,49032.49,13.831999999994878,13.766999999996187,0.06499999999869033,0.004721435316242343
2026-08-05 22:51:00,20188.23,905.38,44674.69,49032.51,13.851999999998952,13.771999999997206,0.08000000000174623,0.005808887598152952
2026-08-05 22:52:00,20188.08,905.22,44674.7,49032.46,13.801999999996042,13.781999999995605,0.020000000000436557,0.0014511681904254053
2026-08-05 22:53:00,20188.19,905.11,44674.75,49032.55,13.891999999999825,13.791999999994005,0.10000000000582077,0.007250580046828903
2026-08-05 22:54:00,20188.44,904.99,44674.77,49032.67,14.011999999995169,13.791999999994005,0.22000000000116415,0.015951276102179508
2026-08-05 22:55:00,20188.88,904.94,44674.73,49032.82,14.161999999996624,13.791999999994005,0.37000000000261934,0.026827146171895314
2026-08-05 22:56:00,20189.03,904.99,44674.59,49032.75,14.091999999996915,13.796999999995023,0.29500000000189175,0.021381459737768945
2026-08-05 22:57:00,20189.02,905.01,44674.42,49032.59,13.931999999993423,13.801999999996042,0.12999999999738066,0.009418924793321109
2026-08-05 22:58:00,20189.03,905.15,44674.42,49032.6,13.94199999999546,13.801999999996042,0.13999999999941792,0.01014345746989263
2026-08-05 22:59:00,20188.61,905.16,44674.33,49032.36,13.701999999997497,13.801999999996042,-0.09999999999854481,0.007245326764133712
2026-08-05 23:00:00,20188.39,905.11,44674.31,49032.25,13.591999999996915,13.80699999999706,-0.21500000000014552,0.01557181140002834
2026-08-05 23:01:00,20188.38,905.21,44674.35,49032.28,13.62199999999575,13.81199999999808,-0.1900000000023283,0.013756154069096057
2026-08-05 23:02:00,20188.47,905.46,44674.4,49032.36,13.701999999997497,13.816999999999098,-0.11500000000160071,0.008323080263559978
2026-08-05 23:03:00,20188.79,905.3,44674.43,49032.51,13.851999999998952,13.822000000000116,0.029999999998835847,0.002170452901087802
2026-08-05 23:04:00,20188.84,905.21,44674.45,49032.54,13.881999999997788,13.826999999997497,0.05500000000029104,0.00397772474146966
2026-08-05 23:05:00,20188.81,905.1,44674.47,49032.54,13.881999999997788,13.831999999994878,0.05000000000291038,0.003614806246596942
2026-08-05 23:06:00,20188.63,905.07,44674.51,49032.51,13.851999999998952,13.831999999994878,0.020000000004074536,0.0014459224988491862
2026-08-05 23:07:00,20188.42,905.24,44674.48,49032.4,13.74199999999837,13.831999999994878,-0.08999999999650754,0.006506651243243267
2026-08-05 23:08:00,20188.32,905.3,44674.46,49032.35,13.69199999999546,13.836999999995896,-0.14500000000043656,0.01047915010482616
2026-08-05 23:09:00,20188.18,905.11,44674.52,49032.36,13.701999999997497,13.841999999996915,-0.13999999999941792,0.01011414535467773
2026-08-05 23:10:00,20188.01,905.53,44674.48,49032.26,13.601999999998952,13.846999999997934,-0.24499999999898137,0.017693363183290095
2026-08-05 23:11:00,20188.01,906.1,44674.3,49032.07,13.411999999996624,13.851999999998952,-0.4400000000023283,0.03176436615668218
2026-08-05 23:12:00,20188.11,905.77,44674.36,49032.16,13.502000000000407,13.851999999998952,-0.3499999999985448,0.025267109442576617
2026-08-05 23:13:00,20188.21,905.86,44674.42,49032.26,13.601999999998952,13.851999999998952,-0.25,0.01804793531620119
2026-08-05 23:14:00,20188.38,904.88,44674.55,49032.45,13.791999999994005,13.851999999998952,-0.06000000000494765,0.004331504476245466
2026-08-05 23:15:00,20188.06,906.14,44674.58,49032.36,13.701999999997497,13.851999999998952,-0.1500000000014552,0.010828761189825767
2026-08-05 23:16:00,20188.2,905.15,44674.42,49032.27,13.611999999993714,13.856999999996333,-0.24500000000261934,0.01768059464549933
2026-08-05 23:17:00,20187.97,904.49,44674.93,49032.61,13.951999999997497,13.861999999993714,0.0900000000037835,0.006492569615050087
2026-08-05 23:18:00,20188.82,903.9,44675.02,49033.04,14.381999999997788,13.861999999993714,0.5200000000040745,0.03751262444122856
2026-08-05 23:19:00,20188.18,904.07,44674.93,49032.68,14.021999999997206,13.861999999993714,0.16000000000349246,0.011542345982077984
2026-08-05 23:20:00,20188.39,902.96,44675.22,49033.02,14.361999999993714,13.861999999993714,0.5,0.03606983119320637
2026-08-05 23:21:00,20188.5,903.15,44675.3,49033.13,14.471999999994296,13.861999999993714,0.6100000000005821,0.04400519405575377
2026-08-05 23:22:00,20188.8,902.43,44675.18,49033.15,14.49199999999837,13.866999999994732,0.625000000003638,0.04507103194662691
2026-08-05 23:23:00,20188.63,903.37,44675.12,49033.02,14.361999999993714,13.87199999999575,0.48999999999796273,0.03532295271035992
2026-08-05 23:24:00,20188.71,903.15,44674.95,49032.91,14.252000000000407,13.87699999999677,0.375000000003638,0.027023131801089954
2026-08-05 23:25:00,20188.7,902.81,44675.04,49032.97,14.31199999999808,13.881999999997788,0.43000000000029104,0.030975363780460997
2026-08-05 23:26:00,20188.97,902.55,44675.12,49033.16,14.502000000000407,13.881999999997788,0.6200000000026193,0.044662152427799896
2026-08-05 23:27:00,20188.89,902.52,44675.11,49033.1,14.44199999999546,13.881999999997788,0.5599999999976717,0.04034000864412627
2026-08-05 23:28:00,20188.65,902.68,44674.99,49032.91,14.252000000000407,13.881999999997788,0.37000000000261934,0.026653219997311503
2026-08-05 23:29:00,20188.55,902.84,44674.87,49032.76,14.101999999998952,13.881999999997788,0.22000000000116415,0.015847860538913645
2026-08-05 23:30:00,20188.87,902.79,44674.85,49032.88,14.221999999994296,13.886999999998807,0.3349999999954889,0.02412328076586143
2026-08-05 23:31:00,20188.58,903.29,44674.7,49032.63,13.971999999994296,13.891999999999825,0.07999999999447027,0.005758710048551057
2026-08-05 23:32:00,20188.81,903.09,44674.65,49032.67,14.011999999995169,13.891999999999825,0.11999999999534339,0.008638065073088461
2026-08-05 23:33:00,20188.25,904.49,44674.37,49032.21,13.551999999996042,13.891999999999825,-0.3400000000037835,0.024474517708306057
2026-08-05 23:34:00,20188.62,903.66,44674.37,49032.36,13.701999999997497,13.896999999997206,-0.19499999999970896,0.01403180542561331
2026-08-05 23:35:00,20188.41,904.96,44674.15,49032.08,13.421999999998661,13.901999999994587,-0.47999999999592546,0.03452740612833494
2026-08-05 23:36:00,20188.79,904.51,44674.18,49032.25,13.591999999996915,13.901999999994587,-0.3099999999976717,0.022298949791238126
2026-08-05 23:37:00,20191.98,904.83,44674.24,49033.66,15.002000000000407,13.901999999994587,1.1000000000058208,0.07912530571185794
2026-08-05 23:38:00,20185.71,906.89,44672.67,49029.68,11.021999999997206,13.911999999996624,-2.889999999999418,0.2077343300747642
2026-08-05 23:39:00,20192.46,905.09,44674.4,49033.96,15.301999999996042,13.921999999998661,1.3799999999973807,0.09912368912494708
2026-08-05 23:40:00,20190.04,906.98,44672.92,49031.6,12.94199999999546,13.921999999998661,-0.9800000000032014,0.07039218503112309
2026-08-05 23:41:00,20192.02,904.52,44674.12,49033.51,14.851999999998952,13.921999999998661,0.930000000000291,0.06680074701913379
2026-08-05 23:42:00,20191.42,907.09,44673.03,49032.32,13.661999999996624,13.921999999998661,-0.26000000000203727,0.0186754776614037
2026-08-05 23:43:00,20191.81,904.78,44673.76,49033.11,14.451999999997497,13.921999999998661,0.5299999999988358,0.03806924292478716
2026-08-05 23:44:00,20191.51,906.95,44673.27,49032.58,13.921999999998661,13.926999999996042,-0.004999999997380655,0.0003590148630273624
2026-08-05 23:45:00,20191.71,907.61,44673.0,49032.42,13.761999999995169,13.931999999993423,-0.16999999999825377,0.012202124605105802
2026-08-05 23:46:00,20191.11,908.63,44672.63,49031.86,13.201999999997497,13.931999999993423,-0.7299999999959255,0.05239735859864127
2026-08-05 23:47:00,20190.75,910.18,44672.2,49031.34,12.681999999993423,13.931999999993423,-1.25,0.08972150445022897
2026-08-05 23:48:00,20191.13,909.78,44672.53,49031.77,13.111999999993714,13.936999999994441,-0.8250000000007276,0.059194948697786944
2026-08-05 23:49:00,20190.13,912.2,44671.86,49030.81,12.151999999994587,13.94199999999546,-1.7900000000008731,0.12838904030995954
2026-08-05 23:50:00,20190.4,912.39,44671.96,49031.02,12.361999999993714,13.94199999999546,-1.5800000000017462,0.11332663893288343
2026-08-05 23:51:00,20189.75,914.2,44671.4,49030.3,11.641999999999825,13.94199999999546,-2.2999999999956344,0.1649691579397779
2026-08-05 23:52:00,20189.93,914.64,44671.42,49030.38,11.721999999994296,13.94199999999546,-2.220000000001164,0.1592311002726931
2026-08-05 23:53:00,20190.12,915.61,44671.2,49030.28,11.62199999999575,13.94199999999546,-2.319999999999709,0.1664036723569405
2026-08-05 23:54:00,20190.21,915.92,44671.15,49030.29,11.631999999997788,13.94199999999546,-2.3099999999976717,0.1656864151483592
2026-08-05 23:55:00,20190.49,916.5,44671.16,49030.4,11.74199999999837,13.94199999999546,-2.1999999999970896,0.1577965858555305
2026-08-05 23:56:00,20190.46,916.87,44671.12,49030.37,11.711999999999534,13.946999999996478,-2.234999999996944,0.16024951602477297
2026-08-05 23:57:00,20190.84,917.11,44671.14,49030.54,11.881999999997788,13.951999999997497,-2.069999999999709,0.14836582568807916
2026-08-05 23:58:00,20190.94,917.52,44671.08,49030.55,11.891999999999825,13.951999999997497,-2.0599999999976717,0.14764908256866693
2026-08-05 23:59:00,20191.05,917.31,44671.19,49030.68,12.021999999997206,13.951999999997497,-1.930000000000291,0.1383314220183943
