timestamp,Bx,By,Bz,B_total,B_baseline,delta_B,chi
2026-07-07 00:00:00,20171.71,903.12,44678.37,49029.5,49031.604999999996,2.1049999999959255,4.293149286049122e-05
2026-07-07 00:01:00,20171.68,903.11,44678.36,49029.48,49031.6,2.1199999999953434,4.323742239688983e-05
2026-07-07 00:02:00,20171.67,903.19,44678.38,49029.5,49031.555,2.055000000000291,4.191178517589929e-05
2026-07-07 00:03:00,20171.55,903.08,44678.41,49029.47,49031.51,2.040000000000873,4.160589792157886e-05
2026-07-07 00:04:00,20171.39,902.94,44678.42,49029.41,49031.51,2.099999999998545,4.2829600801577284e-05
2026-07-07 00:05:00,20171.53,902.95,44678.48,49029.52,49031.51,1.9900000000052387,4.058614552162963e-05
2026-07-07 00:06:00,20171.63,902.92,44678.45,49029.53,49031.51,1.9800000000032014,4.0382195041580435e-05
2026-07-07 00:07:00,20171.72,903.02,44678.33,49029.45,49031.51,2.0600000000049477,4.201379888167726e-05
2026-07-07 00:08:00,20171.86,903.16,44678.37,49029.54,49031.505000000005,1.9650000000037835,4.007627340836842e-05
2026-07-07 00:09:00,20171.85,903.29,44678.29,49029.47,49031.5,2.029999999998836,4.1401955885478436e-05
2026-07-07 00:10:00,20171.79,903.31,44678.24,49029.41,49031.494999999995,2.084999999991851,4.252368809051919e-05
2026-07-07 00:11:00,20171.69,903.4,44678.2,49029.32,49031.49,2.1699999999982538,4.425727221420874e-05
2026-07-07 00:12:00,20171.69,903.34,44678.21,49029.33,49031.475,2.1449999999967986,4.3747409189643974e-05
2026-07-07 00:13:00,20171.76,903.08,44678.26,49029.41,49031.46,2.0499999999956344,4.18098910372164e-05
2026-07-07 00:14:00,20171.74,903.02,44678.31,49029.45,49031.455,2.0050000000046566,4.089211711144726e-05
2026-07-07 00:15:00,20171.78,903.06,44678.3,49029.47,49031.45,1.9799999999959255,4.0382244457300886e-05
2026-07-07 00:16:00,20171.6,903.19,44678.25,49029.34,49031.45,2.110000000000582,4.3033603941971574e-05
2026-07-07 00:17:00,20171.51,903.22,44678.28,49029.34,49031.45,2.110000000000582,4.3033603941971574e-05
2026-07-07 00:18:00,20171.61,902.83,44678.36,49029.44,49031.445,2.0049999999973807,4.089212545127684e-05
2026-07-07 00:19:00,20171.64,902.64,44678.38,49029.47,49031.44,1.9700000000011642,4.017830192221897e-05
2026-07-07 00:20:00,20171.73,902.57,44678.18,49029.32,49031.435,2.1149999999979627,4.313559250301287e-05
2026-07-07 00:21:00,20171.64,902.88,44678.29,49029.38,49031.43,2.0500000000029104,4.180991661884857e-05
2026-07-07 00:22:00,20171.66,902.93,44678.32,49029.42,49031.43,2.0100000000020373,4.099411336773244e-05
2026-07-07 00:23:00,20171.66,902.79,44678.33,49029.42,49031.43,2.0100000000020373,4.099411336773244e-05
2026-07-07 00:24:00,20171.43,902.41,44678.45,49029.43,49031.42,1.9899999999979627,4.058622001969273e-05
2026-07-07 00:25:00,20171.13,902.55,44678.48,49029.34,49031.41,2.070000000006985,4.2217835465204545e-05
2026-07-07 00:26:00,20170.98,902.88,44678.38,49029.2,49031.41,2.210000000006403,4.507314800872344e-05
2026-07-07 00:27:00,20170.99,903.06,44678.33,49029.16,49031.41,2.25,4.588895159245879e-05
2026-07-07 00:28:00,20171.08,903.04,44678.32,49029.19,49031.41,2.220000000001164,4.5277098904583085e-05
2026-07-07 00:29:00,20171.22,902.89,44678.34,49029.26,49031.41,2.150000000001455,4.3849442632823637e-05
2026-07-07 00:30:00,20171.19,902.83,44678.34,49029.24,49031.41,2.1700000000055297,4.42573444248397e-05
2026-07-07 00:31:00,20171.17,902.81,44678.31,49029.2,49031.41,2.210000000006403,4.507314800872344e-05
2026-07-07 00:32:00,20171.18,902.68,44678.34,49029.24,49031.41,2.1700000000055297,4.42573444248397e-05
2026-07-07 00:33:00,20171.03,902.54,44678.39,49029.23,49031.41,2.180000000000291,4.446129532069934e-05
2026-07-07 00:34:00,20171.08,902.36,44678.49,49029.35,49031.41,2.0600000000049477,4.201388456919651e-05
2026-07-07 00:35:00,20171.14,902.14,44678.59,49029.46,49031.41,1.9500000000043656,3.977042471355332e-05
2026-07-07 00:36:00,20171.22,902.06,44678.61,49029.51,49031.405,1.8949999999967986,3.8648698726801705e-05
2026-07-07 00:37:00,20171.32,902.11,44678.59,49029.53,49031.4,1.8700000000026193,3.8138825324233434e-05
2026-07-07 00:38:00,20171.3,902.22,44678.54,49029.48,49031.395000000004,1.9150000000008731,3.9056608526044855e-05
2026-07-07 00:39:00,20171.35,902.3,44678.45,49029.41,49031.39,1.9799999999959255,4.038229387329067e-05
2026-07-07 00:40:00,20171.6,902.21,44678.46,49029.53,49031.384999999995,1.8549999999959255,3.7832910491839576e-05
2026-07-07 00:41:00,20171.67,902.03,44678.47,49029.55,49031.38,1.8299999999944703,3.7323036797954097e-05
2026-07-07 00:42:00,20171.54,901.83,44678.47,49029.5,49031.375,1.875,3.824082029108912e-05
2026-07-07 00:43:00,20171.46,901.85,44678.54,49029.52,49031.37,1.8500000000058208,3.773094653495957e-05
2026-07-07 00:44:00,20171.35,902.02,44678.48,49029.43,49031.37,1.9400000000023283,3.956650609604276e-05
2026-07-07 00:45:00,20171.28,902.16,44678.42,49029.35,49031.37,2.0200000000040745,4.1198114594882304e-05
2026-07-07 00:46:00,20171.13,902.33,44678.37,49029.24,49031.37,2.1300000000046566,4.344157628074958e-05
2026-07-07 00:47:00,20171.18,902.22,44678.35,49029.23,49031.37,2.139999999999418,4.364552734299323e-05
2026-07-07 00:48:00,20171.14,902.16,44678.34,49029.22,49031.365000000005,2.1450000000040745,4.374750733543874e-05
2026-07-07 00:49:00,20171.08,902.31,44678.4,49029.25,49031.36,2.110000000000582,4.303368293273085e-05
2026-07-07 00:50:00,20170.9,902.5,44678.36,49029.15,49031.36,2.209999999999127,4.507319397216652e-05
2026-07-07 00:51:00,20170.76,902.58,44678.31,49029.06,49031.36,2.3000000000029104,4.690875390776251e-05
2026-07-07 00:52:00,20170.6,902.49,44678.29,49028.96,49031.345,2.3850000000020373,4.864235317228269e-05
2026-07-07 00:53:00,20170.52,902.41,44678.27,49028.9,49031.33,2.430000000000291,4.956014858255509e-05
2026-07-07 00:54:00,20170.48,902.31,44678.26,49028.87,49031.33,2.459999999999127,5.017200226873566e-05
2026-07-07 00:55:00,20170.32,902.35,44678.22,49028.77,49031.33,2.5600000000049477,5.2211514556202075e-05
2026-07-07 00:56:00,20170.22,902.35,44678.19,49028.71,49031.33,2.6200000000026193,5.343522192856321e-05
2026-07-07 00:57:00,20170.28,902.47,44678.15,49028.69,49031.33,2.639999999999418,5.384312438596746e-05
2026-07-07 00:58:00,20170.32,902.49,44678.01,49028.57,49031.325,2.7549999999973807,5.618856924623964e-05
2026-07-07 00:59:00,20170.48,902.51,44678.02,49028.66,49031.32,2.6599999999962165,5.425103790793755e-05
2026-07-07 01:00:00,20170.44,902.72,44677.99,49028.62,49031.305,2.6849999999976717,5.4760932836637156e-05
2026-07-07 01:01:00,20170.74,902.68,44678.05,49028.8,49031.29,2.4899999999979627,5.078389738466931e-05
2026-07-07 01:02:00,20170.98,902.44,44678.24,49029.07,49031.29,2.220000000001164,4.527720971651295e-05
2026-07-07 01:03:00,20171.01,902.57,44678.26,49029.1,49031.29,2.1900000000023283,4.466535553117873e-05
2026-07-07 01:04:00,20171.05,902.72,44678.19,49029.07,49031.29,2.220000000001164,4.527720971651295e-05
2026-07-07 01:05:00,20171.13,902.78,44678.18,49029.08,49031.29,2.209999999999127,4.5073258321352075e-05
2026-07-07 01:06:00,20171.19,902.82,44678.14,49029.08,49031.285,2.2050000000017462,4.497128720982422e-05
2026-07-07 01:07:00,20171.35,902.73,44678.17,49029.16,49031.28,2.1199999999953434,4.32377045835912e-05
2026-07-07 01:08:00,20171.5,902.65,44678.18,49029.24,49031.274999999994,2.0349999999962165,4.150412160393987e-05
2026-07-07 01:09:00,20171.61,902.69,44678.24,49029.33,49031.27,1.9399999999950523,3.956658679236847e-05
2026-07-07 01:10:00,20171.72,902.73,44678.25,49029.39,49031.265,1.875,3.824090608308801e-05
2026-07-07 01:11:00,20171.74,902.72,44678.27,49029.41,49031.26,1.8499999999985448,3.7731031182934004e-05
2026-07-07 01:12:00,20171.64,902.91,44678.2,49029.32,49031.26,1.9400000000023283,3.9566594862182374e-05
2026-07-07 01:13:00,20171.54,903.06,44678.2,49029.26,49031.26,2.0,4.079030398158236e-05
2026-07-07 01:14:00,20171.47,903.14,44678.15,49029.19,49031.26,2.069999999999709,4.221796462093181e-05
2026-07-07 01:15:00,20171.43,903.23,44678.12,49029.15,49031.26,2.110000000000582,4.303377070058126e-05
2026-07-07 01:16:00,20171.3,903.31,44678.04,49029.03,49031.245,2.2150000000037835,4.5175275480028776e-05
2026-07-07 01:17:00,20171.3,903.29,44678.14,49029.1,49031.23,2.1300000000046566,4.344170032048261e-05
2026-07-07 01:18:00,20171.31,903.25,44678.21,49029.16,49031.23,2.069999999999709,4.221799045220177e-05
2026-07-07 01:19:00,20171.26,903.35,44678.19,49029.14,49031.23,2.0900000000037835,4.262589374167818e-05
2026-07-07 01:20:00,20171.17,903.48,44678.12,49029.04,49031.225000000006,2.1850000000049477,4.456343891071348e-05
2026-07-07 01:21:00,20171.27,903.58,44678.14,49029.1,49031.22,2.1200000000026193,4.323775749415616e-05
2026-07-07 01:22:00,20171.24,903.75,44678.1,49029.05,49031.22,2.1699999999982538,4.425751592553181e-05
2026-07-07 01:23:00,20171.13,903.87,44678.06,49028.98,49031.22,2.2399999999979627,4.568517772957643e-05
2026-07-07 01:24:00,20171.27,903.99,44678.07,49029.04,49031.22,2.180000000000291,4.4461467611866295e-05
2026-07-07 01:25:00,20171.31,904.08,44678.03,49029.02,49031.22,2.2000000000043656,4.4869370984535274e-05
2026-07-07 01:26:00,20171.57,903.98,44678.08,49029.17,49031.215,2.0449999999982538,4.1708124100091214e-05
2026-07-07 01:27:00,20171.63,903.94,44678.09,49029.19,49031.21,2.0199999999967986,4.119824903356043e-05
2026-07-07 01:28:00,20171.85,903.94,44678.14,49029.32,49031.2,1.8799999999973807,3.8342932663230365e-05
2026-07-07 01:29:00,20171.99,903.8,44678.09,49029.34,49031.19,1.8500000000058208,3.77310850502674e-05
2026-07-07 01:30:00,20172.25,903.49,44678.17,49029.51,49031.19,1.680000000000291,3.426390426176258e-05
2026-07-07 01:31:00,20172.32,903.27,44678.2,49029.56,49031.19,1.6300000000046566,3.3244145206442196e-05
2026-07-07 01:32:00,20172.25,903.58,44678.16,49029.51,49031.185,1.6749999999956344,3.4161931839820604e-05
2026-07-07 01:33:00,20172.22,903.77,44678.14,49029.48,49031.18,1.6999999999970896,3.467181495524051e-05
2026-07-07 01:34:00,20172.03,903.96,44678.08,49029.36,49031.175,1.8150000000023283,3.7017265036016945e-05
2026-07-07 01:35:00,20171.92,904.1,44678.02,49029.25,49031.17,1.9199999999982538,3.9158763700687827e-05
2026-07-07 01:36:00,20171.84,904.21,44677.99,49029.2,49031.16,1.9600000000064028,3.9974579430843625e-05
2026-07-07 01:37:00,20171.79,904.45,44677.97,49029.16,49031.15,1.9899999999979627,4.058644351596817e-05
2026-07-07 01:38:00,20171.91,904.68,44677.97,49029.22,49031.15,1.930000000000291,3.9362731651211344e-05
2026-07-07 01:39:00,20171.99,904.83,44677.96,49029.24,49031.15,1.9100000000034925,3.8954827696341865e-05
2026-07-07 01:40:00,20172.1,904.88,44677.94,49029.28,49031.145000000004,1.8650000000052387,3.8037047676639785e-05
2026-07-07 01:41:00,20172.2,904.99,44677.95,49029.33,49031.14,1.8099999999976717,3.691531545050088e-05
2026-07-07 01:42:00,20172.28,905.04,44677.96,49029.38,49031.14,1.7600000000020373,3.58955553552709e-05
2026-07-07 01:43:00,20172.27,905.02,44677.96,49029.37,49031.14,1.7699999999967986,3.609950737422786e-05
2026-07-07 01:44:00,20172.35,905.02,44678.03,49029.46,49031.134999999995,1.6749999999956344,3.416196667679903e-05
2026-07-07 01:45:00,20172.38,904.92,44678.04,49029.48,49031.13,1.6499999999941792,3.36520900088205e-05
2026-07-07 01:46:00,20172.5,904.81,44678.1,49029.56,49031.125,1.5650000000023283,3.1918500748296684e-05
2026-07-07 01:47:00,20172.54,904.78,44678.18,49029.65,49031.12,1.4700000000011642,2.998095903175706e-05
2026-07-07 01:48:00,20172.46,904.78,44678.15,49029.59,49031.115000000005,1.5250000000087311,3.110269876605358e-05
2026-07-07 01:49:00,20172.49,904.89,44678.1,49029.58,49031.11,1.5299999999988358,3.120467800950939e-05
2026-07-07 01:50:00,20172.63,905.04,44678.11,49029.65,49031.095,1.444999999999709,2.9471093802814498e-05
2026-07-07 01:51:00,20172.81,905.06,44678.15,49029.76,49031.08,1.319999999999709,2.6921699460825846e-05
2026-07-07 01:52:00,20172.95,904.95,44678.18,49029.84,49031.08,1.2400000000052387,2.5290081311797305e-05
2026-07-07 01:53:00,20173.09,904.99,44678.19,49029.91,49031.08,1.1699999999982538,2.386241543115619e-05
2026-07-07 01:54:00,20173.14,905.01,44678.2,49029.93,49031.075,1.1449999999967986,2.3352537140921317e-05
2026-07-07 01:55:00,20172.96,905.02,44678.08,49029.76,49031.07,1.3099999999976717,2.6717752641287894e-05
2026-07-07 01:56:00,20172.94,904.86,44678.15,49029.8,49031.05,1.25,2.5494049179040628e-05
2026-07-07 01:57:00,20172.86,904.92,44678.09,49029.71,49031.03,1.319999999999709,2.6921726914562247e-05
2026-07-07 01:58:00,20173.17,904.91,44678.23,49029.96,49031.024999999994,1.0649999999950523,2.1720940975536458e-05
2026-07-07 01:59:00,20173.21,904.89,44678.28,49030.02,49031.02,1.0,2.0395251822213774e-05
2026-07-07 02:00:00,20173.1,904.98,44678.25,49029.96,49031.02,1.0599999999976717,2.1618966931499115e-05
2026-07-07 02:01:00,20173.08,904.91,44678.3,49029.99,49031.02,1.0299999999988358,2.1007109376856446e-05
2026-07-07 02:02:00,20173.24,904.7,44678.39,49030.13,49031.009999999995,0.8799999999973807,1.794782526399886e-05
2026-07-07 02:03:00,20173.33,904.51,44678.46,49030.22,49031.0,0.7799999999988358,1.590830291037988e-05
2026-07-07 02:04:00,20173.35,904.43,44678.51,49030.28,49030.994999999995,0.7149999999965075,1.4582612488212968e-05
2026-07-07 02:05:00,20173.38,904.29,44678.62,49030.39,49030.99,0.5999999999985448,1.223715858069651e-05
2026-07-07 02:06:00,20173.39,904.16,44678.74,49030.5,49030.99,0.48999999999796273,9.993679507551505e-06
2026-07-07 02:07:00,20173.31,904.11,44678.75,49030.47,49030.99,0.5199999999967986,1.060553743656407e-05
2026-07-07 02:08:00,20173.26,904.24,44678.72,49030.44,49030.95,0.5099999999947613,1.040159327924018e-05
2026-07-07 02:09:00,20173.12,904.39,44678.56,49030.23,49030.91,0.680000000000291,1.3868802353460114e-05
2026-07-07 02:10:00,20173.21,904.51,44678.59,49030.3,49030.86,0.5599999999976717,1.1421378291094052e-05
2026-07-07 02:11:00,20173.16,904.71,44678.55,49030.24,49030.81,0.569999999999709,1.162534333003491e-05
2026-07-07 02:12:00,20173.16,904.77,44678.53,49030.24,49030.770000000004,0.5300000000061118,1.0809538581713315e-05
2026-07-07 02:13:00,20173.17,904.75,44678.55,49030.25,49030.73,0.4800000000032014,9.789778777578906e-06
2026-07-07 02:14:00,20173.28,904.73,44678.61,49030.35,49030.72,0.37000000000261934,7.546289346813984e-06
2026-07-07 02:15:00,20173.4,904.7,44678.63,49030.42,49030.71,0.2900000000008731,5.914660424066328e-06
2026-07-07 02:16:00,20173.63,904.75,44678.69,49030.57,49030.71,0.13999999999941792,2.855353308149483e-06
2026-07-07 02:17:00,20173.62,905.06,44678.6,49030.5,49030.71,0.20999999999912689,4.283029962224224e-06
2026-07-07 02:18:00,20173.81,905.27,44678.58,49030.56,49030.67,0.11000000000058208,2.2434937152721364e-06
2026-07-07 02:19:00,20173.99,905.44,44678.56,49030.61,49030.63,0.01999999999679858,4.0790828094190467e-07
2026-07-07 02:20:00,20173.96,905.67,44678.43,49030.49,49030.619999999995,0.12999999999738066,2.6514043672582697e-06
2026-07-07 02:21:00,20173.81,905.96,44678.21,49030.23,49030.61,0.37999999999738066,7.750260500478795e-06
2026-07-07 02:22:00,20173.86,906.01,44678.25,49030.29,49030.59,0.2999999999956344,6.118629206697991e-06
2026-07-07 02:23:00,20174.0,905.93,44678.39,49030.48,49030.57,0.08999999999650754,1.8355895107176511e-06
2026-07-07 02:24:00,20173.98,905.91,44678.47,49030.53,49030.565,0.03500000000349246,7.13840438173463e-07
2026-07-07 02:25:00,20174.04,905.76,44678.64,49030.71,49030.56,0.1500000000014552,3.0593164753055072e-06
2026-07-07 02:26:00,20173.94,905.69,44678.68,49030.71,49030.545,0.16500000000087311,3.365249152357436e-06
2026-07-07 02:27:00,20173.91,905.74,44678.8,49030.81,49030.53,0.27999999999883585,5.710727581342397e-06
2026-07-07 02:28:00,20174.06,905.68,44678.95,49031.02,49030.515,0.5049999999973807,1.029970825306201e-05
2026-07-07 02:29:00,20174.01,905.53,44678.87,49030.91,49030.5,0.41000000000349246,8.362141932133925e-06
2026-07-07 02:30:00,20174.1,905.77,44678.92,49030.99,49030.5,0.48999999999796273,9.993779382179719e-06
2026-07-07 02:31:00,20174.31,906.01,44678.85,49031.02,49030.5,0.5199999999967986,1.0605643425965442e-05
2026-07-07 02:32:00,20174.7,906.04,44678.81,49031.15,49030.494999999995,0.6550000000061118,1.3359032985616643e-05
2026-07-07 02:33:00,20174.84,906.12,44678.74,49031.14,49030.49,0.6500000000014552,1.3257056986406932e-05
2026-07-07 02:34:00,20175.2,906.23,44678.82,49031.36,49030.49,0.8700000000026193,1.7744060889512208e-05
2026-07-07 02:35:00,20175.38,906.24,44678.77,49031.39,49030.49,0.9000000000014552,1.8355925058090492e-05
2026-07-07 02:36:00,20175.65,906.16,44678.77,49031.5,49030.485,1.014999999999418,2.0701406482098188e-05
2026-07-07 02:37:00,20175.89,906.08,44678.86,49031.68,49030.48,1.1999999999970896,2.4474571735726216e-05
2026-07-07 02:38:00,20175.81,906.1,44678.86,49031.66,49030.475000000006,1.1849999999976717,2.4168642053695617e-05
2026-07-07 02:39:00,20175.6,906.11,44678.81,49031.51,49030.47,1.0400000000008731,2.121129983051097e-05
2026-07-07 02:40:00,20175.3,905.98,44678.86,49031.43,49030.455,0.9749999999985448,1.9885599674703097e-05
2026-07-07 02:41:00,20175.1,905.91,44678.92,49031.4,49030.44,0.9599999999991269,1.9579673362081328e-05
2026-07-07 02:42:00,20174.92,905.97,44679.02,49031.43,49030.435,0.9950000000026193,2.0293517689627257e-05
2026-07-07 02:43:00,20174.89,906.14,44679.09,49031.51,49030.43,1.0800000000017462,2.2027137024940352e-05
2026-07-07 02:44:00,20174.66,906.14,44679.09,49031.41,49030.425,0.9850000000005821,2.0089566835298328e-05
2026-07-07 02:45:00,20174.39,906.3,44679.07,49031.28,49030.42,0.8600000000005821,1.754013120835151e-05
2026-07-07 02:46:00,20174.3,906.46,44679.04,49031.22,49030.405,0.8150000000023283,1.6622338730474047e-05
2026-07-07 02:47:00,20174.42,906.83,44679.11,49031.33,49030.39,0.9400000000023283,1.9171783051334657e-05
2026-07-07 02:48:00,20174.38,906.85,44678.95,49031.17,49030.384999999995,0.7850000000034925,1.6010480031994295e-05
2026-07-07 02:49:00,20174.37,907.05,44678.89,49031.12,49030.38,0.7400000000052387,1.5092683352754735e-05
2026-07-07 02:50:00,20174.55,907.25,44678.99,49031.29,49030.365,0.9250000000029104,1.886585996255403e-05
2026-07-07 02:51:00,20174.71,907.45,44679.02,49031.38,49030.35,1.0299999999988358,2.1007396439120583e-05
2026-07-07 02:52:00,20174.75,907.55,44678.99,49031.37,49030.325,1.0450000000055297,2.1313340264530772e-05
2026-07-07 02:53:00,20174.83,907.36,44679.05,49031.45,49030.3,1.1499999999941792,2.3454884020578687e-05
2026-07-07 02:54:00,20174.87,907.47,44679.28,49031.68,49030.295,1.3850000000020373,2.8247841462141667e-05
2026-07-07 02:55:00,20175.07,907.11,44679.42,49031.88,49030.29,1.5899999999965075,3.242893321651794e-05
2026-07-07 02:56:00,20175.15,907.24,44679.42,49031.92,49030.285,1.6349999999947613,3.334673661380433e-05
2026-07-07 02:57:00,20175.14,907.5,44679.33,49031.85,49030.28,1.569999999999709,3.202102863780727e-05
2026-07-07 02:58:00,20175.42,907.48,44679.46,49032.07,49030.265,1.805000000000291,3.681399641630105e-05
2026-07-07 02:59:00,20175.58,907.74,44679.59,49032.27,49030.25,2.0199999999967986,4.119905568494549e-05
2026-07-07 03:00:00,20175.65,907.9,44679.59,49032.3,49030.244999999995,2.055000000007567,4.191290498359874e-05
2026-07-07 03:01:00,20175.78,908.1,44679.62,49032.38,49030.24,2.139999999999418,4.364653324151418e-05
2026-07-07 03:02:00,20175.9,908.23,44679.63,49032.44,49030.24,2.2000000000043656,4.48702678184803e-05
2026-07-07 03:03:00,20175.8,908.28,44679.49,49032.27,49030.24,2.029999999998836,4.140301985058274e-05
2026-07-07 03:04:00,20175.83,908.23,44679.63,49032.42,49030.235,2.1849999999976717,4.456433871870432e-05
2026-07-07 03:05:00,20175.78,908.32,44679.81,49032.56,49030.23,2.3299999999944703,4.7521702427144846e-05
2026-07-07 03:06:00,20175.75,908.31,44679.77,49032.5,49030.23,2.2699999999967986,4.629796760073935e-05
2026-07-07 03:07:00,20175.65,908.33,44679.76,49032.44,49030.23,2.209999999999127,4.507423277433385e-05
2026-07-07 03:08:00,20175.58,908.5,44679.82,49032.46,49030.225000000006,2.234999999993306,4.558412693381084e-05
2026-07-07 03:09:00,20175.4,908.75,44679.76,49032.34,49030.22,2.1199999999953434,4.3238639353348674e-05
2026-07-07 03:10:00,20175.43,908.99,44679.85,49032.44,49030.22,2.220000000001164,4.527819781353549e-05
2026-07-07 03:11:00,20175.48,909.36,44679.88,49032.49,49030.22,2.2699999999967986,4.62979770434805e-05
2026-07-07 03:12:00,20175.28,909.69,44679.66,49032.22,49030.22,2.0,4.0791169201361936e-05
2026-07-07 03:13:00,20175.34,909.92,44679.6,49032.19,49030.22,1.9700000000011642,4.017930166336525e-05
2026-07-07 03:14:00,20175.38,910.07,44679.61,49032.22,49030.175,2.0449999999982538,4.170900878893974e-05
2026-07-07 03:15:00,20175.6,909.88,44679.8,49032.49,49030.13,2.360000000000582,4.813366801190578e-05
2026-07-07 03:16:00,20175.69,909.81,44679.93,49032.64,49030.075,2.5650000000023283,5.231482921456531e-05
2026-07-07 03:17:00,20175.84,909.74,44679.98,49032.74,49030.02,2.720000000001164,5.547621640784899e-05
2026-07-07 03:18:00,20176.1,909.86,44680.06,49032.92,49030.005,2.915000000000873,5.945338981713082e-05
2026-07-07 03:19:00,20176.31,909.86,44680.05,49033.0,49029.99,3.0100000000020373,6.139099763230703e-05
2026-07-07 03:20:00,20176.59,909.93,44680.16,49033.23,49029.975,3.2550000000046566,6.638795961051697e-05
2026-07-07 03:21:00,20176.5,910.07,44680.05,49033.09,49029.96,3.1299999999973807,6.383851832629235e-05
2026-07-07 03:22:00,20176.41,910.17,44679.91,49032.92,49029.96,2.959999999999127,6.037125055780439e-05
2026-07-07 03:23:00,20176.51,910.33,44679.94,49032.98,49029.96,3.0200000000040745,6.159499212326656e-05
2026-07-07 03:24:00,20176.17,910.5,44679.82,49032.74,49029.945,2.7949999999982538,5.700597869318951e-05
2026-07-07 03:25:00,20176.12,910.8,44679.93,49032.82,49029.93,2.889999999999418,5.894358813074826e-05
2026-07-07 03:26:00,20175.86,910.97,44679.91,49032.71,49029.92,2.790000000000873,5.690402921320029e-05
2026-07-07 03:27:00,20175.57,911.04,44679.9,49032.58,49029.91,2.6699999999982538,5.4456555192498896e-05
2026-07-07 03:28:00,20175.61,911.08,44680.06,49032.74,49029.89,2.849999999998545,5.812780734361315e-05
2026-07-07 03:29:00,20175.58,911.23,44680.22,49032.88,49029.87,3.0099999999947613,6.139114788586552e-05
2026-07-07 03:30:00,20175.34,911.28,44680.14,49032.71,49029.854999999996,2.8550000000032014,5.822982752046078e-05
2026-07-07 03:31:00,20175.16,911.36,44680.16,49032.66,49029.84,2.820000000006985,5.751599434154762e-05
2026-07-07 03:32:00,20175.09,911.63,44680.31,49032.78,49029.82,2.959999999999127,6.037142294218349e-05
2026-07-07 03:33:00,20174.92,911.86,44680.36,49032.74,49029.8,2.9399999999950523,5.9963532382246145e-05
2026-07-07 03:34:00,20174.71,911.79,44680.23,49032.54,49029.79,2.75,5.6088349552384375e-05
2026-07-07 03:35:00,20174.97,911.79,44680.34,49032.74,49029.78,2.959999999999127,6.0371472195044054e-05
2026-07-07 03:36:00,20175.31,911.74,44680.7,49033.21,49029.770000000004,3.4399999999950523,7.016145496899235e-05
2026-07-07 03:37:00,20175.15,911.96,44680.58,49033.03,49029.76,3.2699999999967986,6.669418736695424e-05
2026-07-07 03:38:00,20174.94,912.05,44680.45,49032.84,49029.76,3.0799999999944703,6.281898993579552e-05
2026-07-07 03:39:00,20174.96,912.17,44680.32,49032.74,49029.76,2.9799999999959255,6.077941234050351e-05
2026-07-07 03:40:00,20174.58,912.52,44680.18,49032.46,49029.755000000005,2.7049999999944703,5.517057957957306e-05
2026-07-07 03:41:00,20174.53,912.57,44680.17,49032.43,49029.75,2.680000000000291,5.466069070309947e-05
2026-07-07 03:42:00,20174.64,912.51,44680.43,49032.72,49029.740000000005,2.9799999999959255,6.077943713337915e-05
2026-07-07 03:43:00,20174.7,912.55,44680.66,49032.95,49029.73,3.219999999993888,6.56744387536682e-05
2026-07-07 03:44:00,20174.52,912.82,44680.71,49032.92,49029.72,3.1999999999970896,6.526653629670105e-05
2026-07-07 03:45:00,20174.71,912.93,44680.86,49033.13,49029.71,3.4199999999982538,6.975362489393173e-05
2026-07-07 03:46:00,20174.47,913.28,44680.64,49032.84,49029.71,3.1299999999973807,6.383884383565354e-05
2026-07-07 03:47:00,20174.61,913.15,44680.62,49032.87,49029.71,3.1600000000034925,6.445071773835686e-05
2026-07-07 03:48:00,20174.74,913.15,44680.64,49032.95,49029.705,3.2449999999953434,6.618436721157803e-05
2026-07-07 03:49:00,20174.79,913.42,44680.7,49033.03,49029.7,3.3300000000017462,6.79180170386877e-05
2026-07-07 03:50:00,20175.1,913.36,44680.8,49033.24,49029.675,3.5649999999950523,7.271106732800191e-05
2026-07-07 03:51:00,20175.29,913.33,44680.8,49033.31,49029.65,3.6599999999962165,7.464870746571139e-05
2026-07-07 03:52:00,20175.2,913.27,44680.65,49033.14,49029.65,3.4899999999979627,7.118141777471311e-05
2026-07-07 03:53:00,20175.29,913.31,44680.74,49033.26,49029.65,3.610000000000582,7.362891638020222e-05
2026-07-07 03:54:00,20175.35,913.2,44680.79,49033.35,49029.64,3.709999999999127,7.566851398458416e-05
2026-07-07 03:55:00,20175.56,913.23,44680.91,49033.54,49029.63,3.9100000000034925,7.974769542424637e-05
2026-07-07 03:56:00,20176.06,913.21,44681.23,49034.03,49029.625,4.404999999998836,8.984364045204987e-05
2026-07-07 03:57:00,20176.05,912.9,44681.12,49033.92,49029.62,4.299999999995634,8.770208702404045e-05
2026-07-07 03:58:00,20176.51,912.63,44681.26,49034.24,49029.615000000005,4.624999999992724,9.433074275604089e-05
2026-07-07 03:59:00,20177.36,911.76,44681.52,49034.81,49029.61,5.19999999999709,0.00010605835942804949
2026-07-07 04:00:00,20178.11,911.11,44681.7,49035.25,49029.6,5.650000000001455,0.0001152365101897926
2026-07-07 04:01:00,20178.32,911.36,44681.7,49035.34,49029.59,5.75,0.00011727611836036157
2026-07-07 04:02:00,20178.56,911.43,44681.67,49035.43,49029.585,5.845000000001164,0.0001192137359514906
2026-07-07 04:03:00,20178.96,911.16,44682.06,49035.94,49029.58,6.360000000000582,0.00012971761128691256
2026-07-07 04:04:00,20178.49,911.49,44682.07,49035.76,49029.58,6.180000000000291,0.00012604635813727734
2026-07-07 04:05:00,20177.7,912.36,44681.71,49035.13,49029.58,5.549999999995634,0.00011319697211347994
2026-07-07 04:06:00,20177.46,913.03,44681.74,49035.08,49029.57,5.510000000002037,0.00011238116100145356
2026-07-07 04:07:00,20177.44,913.44,44681.76,49035.1,49029.56,5.540000000000873,0.00011299305969706587
2026-07-07 04:08:00,20177.46,914.02,44681.85,49035.17,49029.56,5.610000000000582,0.00011442076983763637
2026-07-07 04:09:00,20177.69,914.54,44681.82,49035.28,49029.56,5.720000000001164,0.00011666431434426833
2026-07-07 04:10:00,20177.91,914.38,44681.72,49035.29,49029.56,5.730000000003201,0.00011686827293582079
2026-07-07 04:11:00,20178.3,914.47,44682.0,49035.7,49029.56,6.139999999999418,0.00012523057518769122
2026-07-07 04:12:00,20178.64,914.43,44682.15,49035.97,49029.56,6.4100000000034925,0.0001307374571585691
2026-07-07 04:13:00,20178.67,914.67,44682.16,49035.99,49029.56,6.430000000000291,0.00013114537434152562
2026-07-07 04:14:00,20178.65,914.92,44682.06,49035.9,49029.555,6.345000000001164,0.0001294117395110187
2026-07-07 04:15:00,20179.01,914.97,44682.23,49036.21,49029.55,6.6599999999962165,0.00013583644965120455
2026-07-07 04:16:00,20179.26,915.03,44682.27,49036.35,49029.55,6.799999999995634,0.00013869187051473314
2026-07-07 04:17:00,20179.52,915.3,44682.33,49036.5,49029.55,6.94999999999709,0.0001417512500114133
2026-07-07 04:18:00,20179.55,915.48,44682.44,49036.61,49029.545,7.065000000002328,0.0001440967889871776
2026-07-07 04:19:00,20179.53,915.35,44682.38,49036.54,49029.54,7.0,0.00014277107229641558
2026-07-07 04:20:00,20179.82,915.29,44682.73,49037.0,49029.54,7.459999999999127,0.00015215317133301936
2026-07-07 04:21:00,20179.9,915.22,44682.79,49037.08,49029.54,7.540000000000873,0.00015378484073072832
2026-07-07 04:22:00,20179.63,915.28,44682.68,49036.87,49029.535,7.334999999999127,0.00014960370315564132
2026-07-07 04:23:00,20179.69,915.68,44682.93,49037.12,49029.53,7.5900000000037835,0.00015480466567808796
2026-07-07 04:24:00,20179.58,916.19,44682.81,49036.96,49029.535,7.424999999995634,0.00015143933141514873
2026-07-07 04:25:00,20179.84,916.22,44683.02,49037.26,49029.54,7.720000000001164,0.00015745609687549923
2026-07-07 04:26:00,20180.03,916.01,44683.18,49037.49,49029.54,7.94999999999709,0.0001621471463937269
2026-07-07 04:27:00,20180.18,915.89,44683.27,49037.62,49029.54,8.080000000001746,0.00016479860916504105
2026-07-07 04:28:00,20180.09,915.73,44683.3,49037.61,49029.545,8.065000000002328,0.00016449265437813729
2026-07-07 04:29:00,20180.16,915.69,44683.39,49037.74,49029.55,8.189999999995052,0.0001670421205170158
2026-07-07 04:30:00,20180.38,915.76,44683.55,49037.96,49029.55,8.409999999996217,0.00017152921044546026
2026-07-07 04:31:00,20180.64,915.9,44683.53,49038.04,49029.55,8.489999999997963,0.00017316087951037612
2026-07-07 04:32:00,20180.94,915.96,44683.83,49038.45,49029.555,8.894999999996799,0.0001814211856501002
2026-07-07 04:33:00,20180.75,916.16,44683.76,49038.3,49029.56,8.740000000005239,0.0001782598089806484
2026-07-07 04:34:00,20180.83,915.92,44683.92,49038.47,49029.56,8.910000000003492,0.00018172710503629836
2026-07-07 04:35:00,20180.5,916.31,44683.94,49038.36,49029.56,8.80000000000291,0.0001794835605296664
2026-07-07 04:36:00,20180.14,916.61,44683.98,49038.25,49029.56,8.690000000002328,0.00017724001602303444
2026-07-07 04:37:00,20179.67,917.16,44683.94,49038.02,49029.56,8.459999999999127,0.00017254896841821806
2026-07-07 04:38:00,20179.55,917.94,44684.19,49038.21,49029.56,8.650000000001455,0.00017642418165697297
2026-07-07 04:39:00,20179.08,918.76,44684.19,49038.03,49029.56,8.470000000001164,0.00017275292700977052
2026-07-07 04:40:00,20178.64,919.69,44683.89,49037.6,49029.56,8.040000000000873,0.00016398270757479516
2026-07-07 04:41:00,20178.17,920.72,44683.77,49037.32,49029.56,7.760000000002037,0.00015827186701251322
2026-07-07 04:42:00,20178.33,921.23,44683.84,49037.46,49029.57,7.889999999999418,0.00016092329588041293
2026-07-07 04:43:00,20178.5,921.41,44683.96,49037.64,49029.58,8.059999999997672,0.00016439055770001845
2026-07-07 04:44:00,20178.43,921.37,44684.06,49037.71,49029.58,8.12999999999738,0.00016581826725820168
2026-07-07 04:45:00,20178.8,920.84,44684.35,49038.12,49029.58,8.540000000000873,0.00017418056609909513
2026-07-07 04:46:00,20179.16,920.41,44684.62,49038.5,49029.585,8.915000000000873,0.00018182899161803783
2026-07-07 04:47:00,20179.14,920.22,44684.63,49038.49,49029.59,8.900000000001455,0.00018152303537519803
2026-07-07 04:48:00,20179.25,919.6,44684.64,49038.53,49029.6,8.930000000000291,0.00018213487362736574
2026-07-07 04:49:00,20179.53,919.57,44684.89,49038.87,49029.61,9.260000000002037,0.00018886546313548155
2026-07-07 04:50:00,20179.45,920.31,44684.82,49038.78,49029.615000000005,9.164999999993597,0.00018692783942916125
2026-07-07 04:51:00,20179.23,920.41,44684.79,49038.68,49029.62,9.059999999997672,0.00018478625777637418
2026-07-07 04:52:00,20178.89,920.72,44684.66,49038.43,49029.62,8.809999999997672,0.00017968729922845968
2026-07-07 04:53:00,20178.99,921.05,44684.58,49038.4,49029.62,8.779999999998836,0.00017907542420273368
2026-07-07 04:54:00,20179.12,921.29,44684.59,49038.45,49029.625,8.82499999999709,0.0001799932183857635
2026-07-07 04:55:00,20179.19,921.47,44684.62,49038.52,49029.63,8.889999999999418,0.00018131892898231984
2026-07-07 04:56:00,20179.1,921.6,44684.45,49038.32,49029.64,8.680000000000291,0.00017703576856775393
2026-07-07 04:57:00,20179.31,921.82,44684.61,49038.55,49029.65,8.900000000001455,0.00018152281323651005
2026-07-07 04:58:00,20179.33,921.75,44684.51,49038.47,49029.65,8.819999999999709,0.0001798911474995173
2026-07-07 04:59:00,20179.27,921.62,44684.35,49038.29,49029.65,8.639999999999418,0.00017621989959135784
2026-07-07 05:00:00,20179.07,921.76,44684.24,49038.12,49029.675,8.444999999999709,0.0001722426265317832
2026-07-07 05:01:00,20179.51,921.97,44684.67,49038.71,49029.7,9.010000000002037,0.00018376616622173985
2026-07-07 05:02:00,20179.73,922.09,44684.84,49038.95,49029.705,9.244999999995343,0.00018855916020696725
2026-07-07 05:03:00,20179.42,922.46,44684.72,49038.71,49029.71,9.0,0.0001835621707735983
2026-07-07 05:04:00,20179.06,922.98,44684.35,49038.23,49029.71,8.520000000004075,0.00017377218833242283
2026-07-07 05:05:00,20179.26,922.88,44684.37,49038.34,49029.71,8.62999999999738,0.00017601572597507472
2026-07-07 05:06:00,20179.46,922.91,44684.55,49038.6,49029.72,8.87999999999738,0.0001811146382234567
2026-07-07 05:07:00,20179.72,922.6,44684.73,49038.85,49029.73,9.119999999995343,0.0001860095905075419
2026-07-07 05:08:00,20179.82,922.74,44684.7,49038.86,49029.740000000005,9.119999999995343,0.0001860095525694271
2026-07-07 05:09:00,20179.93,922.52,44684.54,49038.75,49029.75,9.0,0.0001835620210178514
2026-07-07 05:10:00,20180.02,922.53,44684.69,49038.94,49029.75,9.190000000002328,0.00018743721923938686
2026-07-07 05:11:00,20180.11,922.71,44684.58,49038.88,49029.75,9.12999999999738,0.00018621347243250028
2026-07-07 05:12:00,20179.83,923.29,44684.34,49038.57,49029.755000000005,8.814999999995052,0.0001797887833621655
2026-07-07 05:13:00,20179.65,924.0,44684.27,49038.45,49029.76,8.689999999995052,0.00017723929303335468
2026-07-07 05:14:00,20179.63,924.13,44684.31,49038.48,49029.76,8.720000000001164,0.00017785116631207585
2026-07-07 05:15:00,20179.66,924.23,44684.27,49038.46,49029.76,8.69999999999709,0.0001774432507929284
2026-07-07 05:16:00,20179.87,924.38,44684.52,49038.78,49029.770000000004,9.009999999994761,0.00018376590385789615
2026-07-07 05:17:00,20179.99,924.24,44684.48,49038.78,49029.78,9.0,0.0001835619087012016
2026-07-07 05:18:00,20179.83,924.26,44684.44,49038.69,49029.79,8.900000000001455,0.00018152229491501912
2026-07-07 05:19:00,20179.54,924.78,44684.31,49038.45,49029.8,8.64999999999418,0.00017642331806358945
2026-07-07 05:20:00,20179.71,925.1,44684.44,49038.65,49029.8,8.849999999998545,0.00018050246992642321
2026-07-07 05:21:00,20179.59,925.47,44684.19,49038.38,49029.8,8.57999999999447,0.00017499561491163477
2026-07-07 05:22:00,20179.37,925.49,44684.09,49038.21,49029.82,8.389999999999418,0.00017112035083953844
2026-07-07 05:23:00,20179.52,925.7,44684.16,49038.33,49029.84,8.490000000005239,0.00017315985530455004
2026-07-07 05:24:00,20179.58,925.99,44684.3,49038.49,49029.84,8.650000000001455,0.000176423174132354
2026-07-07 05:25:00,20179.4,926.13,44684.12,49038.26,49029.84,8.42000000000553,0.00017173215331735796
2026-07-07 05:26:00,20179.66,926.34,44684.31,49038.54,49029.84,8.700000000004366,0.00017744296126612623
2026-07-07 05:27:00,20179.43,926.94,44684.08,49038.24,49029.84,8.400000000001455,0.00017132423846378972
2026-07-07 05:28:00,20179.15,927.99,44683.93,49038.01,49029.854999999996,8.155000000006112,0.00016632723062318076
2026-07-07 05:29:00,20179.11,929.2,44683.85,49037.95,49029.87,8.07999999999447,0.00016479749997286286
2026-07-07 05:30:00,20178.84,930.38,44683.49,49037.52,49029.89,7.629999999997381,0.00015561935790590965
2026-07-07 05:31:00,20178.35,931.53,44683.21,49037.09,49029.91,7.179999999993015,0.0001464412233265983
2026-07-07 05:32:00,20178.57,932.37,44683.32,49037.3,49029.92,7.380000000004657,0.00015052033533819058
2026-07-07 05:33:00,20178.76,933.64,44683.31,49037.38,49029.93,7.44999999999709,0.00015194800400484133
2026-07-07 05:34:00,20178.39,935.27,44682.85,49036.85,49029.945,6.904999999998836,0.00014083230156588665
2026-07-07 05:35:00,20178.2,935.66,44682.88,49036.8,49029.96,6.8400000000037835,0.0001395065384512609
2026-07-07 05:36:00,20178.4,934.97,44683.12,49037.08,49029.96,7.120000000002619,0.00014521733242292304
2026-07-07 05:37:00,20178.32,934.55,44683.49,49037.38,49029.96,7.419999999998254,0.0001513360402496403
2026-07-07 05:38:00,20178.29,934.38,44684.0,49037.84,49029.965,7.875,0.000160616064074286
2026-07-07 05:39:00,20177.9,934.69,44684.13,49037.8,49029.97,7.830000000001746,0.00015969824170811742
2026-07-07 05:40:00,20178.25,934.04,44684.25,49038.05,49029.979999999996,8.070000000006985,0.00016459317340139615
2026-07-07 05:41:00,20178.05,933.52,44684.05,49037.78,49029.99,7.790000000000873,0.00015888234935395405
2026-07-07 05:42:00,20177.85,933.7,44683.91,49037.58,49030.005,7.575000000004366,0.0001544972308284359
2026-07-07 05:43:00,20177.72,933.91,44684.12,49037.7,49030.02,7.680000000000291,0.0001566387286809243
2026-07-07 05:44:00,20177.75,933.97,44684.35,49037.93,49030.075,7.855000000003201,0.00016020779083048928
2026-07-07 05:45:00,20178.06,933.67,44684.7,49038.35,49030.13,8.220000000001164,0.0001676520131600949
2026-07-07 05:46:00,20177.67,934.2,44684.45,49037.99,49030.13,7.860000000000582,0.00016030958922606532
2026-07-07 05:47:00,20177.31,935.31,44684.0,49037.45,49030.13,7.319999999999709,0.00014929595332502095
2026-07-07 05:48:00,20176.94,936.77,44683.83,49037.18,49030.16,7.019999999996799,0.00014317717910765124
2026-07-07 05:49:00,20176.64,937.21,44683.29,49036.57,49030.19,6.379999999997381,0.00013012390937088721
2026-07-07 05:50:00,20176.96,937.45,44683.35,49036.77,49030.19,6.57999999999447,0.0001342030287868448
2026-07-07 05:51:00,20177.01,937.43,44683.33,49036.77,49030.19,6.57999999999447,0.0001342030287868448
2026-07-07 05:52:00,20177.14,937.08,44683.32,49036.81,49030.2,6.610000000000582,0.00013481486920307448
2026-07-07 05:53:00,20177.03,937.16,44683.35,49036.79,49030.21,6.580000000001746,0.0001342029740439975
2026-07-07 05:54:00,20176.92,936.79,44683.33,49036.73,49030.215,6.515000000006694,0.00013287724722411872
2026-07-07 05:55:00,20177.26,936.66,44683.55,49037.06,49030.22,6.8399999999965075,0.0001395057986685866
2026-07-07 05:56:00,20177.12,936.24,44683.43,49036.88,49030.22,6.6599999999962165,0.00013583459344045808
2026-07-07 05:57:00,20177.4,935.62,44683.58,49037.12,49030.22,6.900000000001455,0.00014072953374472835
2026-07-07 05:58:00,20177.41,935.41,44683.77,49037.3,49030.22,7.080000000001746,0.00014440073897285685
2026-07-07 05:59:00,20176.99,935.63,44683.52,49036.9,49030.22,6.680000000000291,0.0001362425051325548
2026-07-07 06:00:00,20176.98,936.12,44683.3,49036.7,49030.225000000006,6.474999999991269,0.0001320613968218842
2026-07-07 06:01:00,20177.02,935.84,44683.47,49036.87,49030.23,6.639999999999418,0.00013542665412745193
2026-07-07 06:02:00,20177.21,935.28,44683.75,49037.19,49030.23,6.959999999999127,0.00014195323986852858
2026-07-07 06:03:00,20177.17,935.33,44683.59,49037.02,49030.23,6.789999999993597,0.00013848599119346567
2026-07-07 06:04:00,20176.89,935.03,44683.44,49036.77,49030.23,6.539999999993597,0.0001333870960832449
2026-07-07 06:05:00,20176.86,935.5,44683.31,49036.64,49030.23,6.4099999999962165,0.00013073567062598353
2026-07-07 06:06:00,20177.15,935.39,44683.36,49036.82,49030.235,6.584999999999127,0.00013430488350706717
2026-07-07 06:07:00,20177.0,935.07,44683.36,49036.76,49030.24,6.5200000000040745,0.00013297915735276995
2026-07-07 06:08:00,20177.14,934.69,44683.23,49036.68,49030.24,6.440000000002328,0.00013134751125024738
2026-07-07 06:09:00,20177.47,934.68,44683.49,49037.04,49030.24,6.80000000000291,0.00013868991871145053
2026-07-07 06:10:00,20177.24,934.94,44683.42,49036.89,49030.24,6.650000000001455,0.00013563058226925782
2026-07-07 06:11:00,20176.88,934.72,44682.91,49036.29,49030.24,6.05000000000291,0.00012339323650063534
2026-07-07 06:12:00,20176.95,934.78,44683.02,49036.43,49030.244999999995,6.185000000004948,0.00012614662643445793
2026-07-07 06:13:00,20177.16,934.74,44683.15,49036.64,49030.25,6.389999999999418,0.000130327705855047
2026-07-07 06:14:00,20176.89,934.78,44682.98,49036.39,49030.259999999995,6.130000000004657,0.0001250248316040881
2026-07-07 06:15:00,20176.74,934.54,44682.94,49036.26,49030.27,5.990000000005239,0.0001221694271723415
2026-07-07 06:16:00,20176.9,934.46,44683.14,49036.5,49030.274999999994,6.225000000005821,0.00012696237171840911
2026-07-07 06:17:00,20176.85,935.18,44682.95,49036.33,49030.28,6.05000000000291,0.00012339313583367074
2026-07-07 06:18:00,20176.67,935.4,44682.67,49036.01,49030.285,5.724999999998545,0.0001167645670425645
2026-07-07 06:19:00,20176.47,935.87,44682.55,49035.82,49030.29,5.529999999998836,0.00011278742181616376
2026-07-07 06:20:00,20176.24,936.2,44682.29,49035.5,49030.295,5.205000000001746,0.00010615885545868624
2026-07-07 06:21:00,20176.54,935.88,44682.48,49035.8,49030.3,5.5,0.00011217553227290063
2026-07-07 06:22:00,20176.47,935.08,44682.64,49035.9,49030.325,5.575000000004366,0.00011370514064518981
2026-07-07 06:23:00,20176.31,935.25,44682.66,49035.84,49030.35,5.489999999997963,0.00011197146257365005
2026-07-07 06:24:00,20176.3,935.28,44682.55,49035.74,49030.354999999996,5.385000000002037,0.00010982992066857435
2026-07-07 06:25:00,20176.47,935.16,44682.61,49035.87,49030.36,5.510000000002037,0.00011237935026383729
2026-07-07 06:26:00,20176.47,935.0,44682.49,49035.77,49030.369999999995,5.400000000001455,0.00011013581990104207
2026-07-07 06:27:00,20176.67,935.23,44682.52,49035.87,49030.38,5.490000000005239,0.0001119713940623189
2026-07-07 06:28:00,20176.8,935.68,44682.57,49035.98,49030.384999999995,5.59500000000844,0.0001141129118200569
2026-07-07 06:29:00,20176.69,935.84,44682.59,49035.95,49030.39,5.559999999997672,0.0001133990571969277
2026-07-07 06:30:00,20176.25,936.04,44682.24,49035.46,49030.405,5.055000000000291,0.00010309929114394
2026-07-07 06:31:00,20176.24,936.06,44682.27,49035.49,49030.42,5.069999999999709,0.00010340519212357775
2026-07-07 06:32:00,20176.3,936.12,44682.34,49035.57,49030.42,5.150000000001455,0.00010503683223601705
2026-07-07 06:33:00,20175.91,936.16,44682.04,49035.14,49030.42,4.720000000001164,9.62667666318413e-05
2026-07-07 06:34:00,20175.96,936.1,44682.05,49035.15,49030.425,4.724999999998545,9.636873431136982e-05
2026-07-07 06:35:00,20175.95,935.76,44682.18,49035.27,49030.43,4.8399999999965075,9.871420666709444e-05
2026-07-07 06:36:00,20175.73,935.52,44682.18,49035.18,49030.435,4.745000000002619,9.67766245598804e-05
2026-07-07 06:37:00,20175.52,935.68,44682.26,49035.16,49030.44,4.720000000001164,9.626672736367782e-05
2026-07-07 06:38:00,20175.22,936.12,44682.08,49034.9,49030.45,4.450000000004366,9.075992571971837e-05
2026-07-07 06:39:00,20175.19,936.11,44682.24,49035.03,49030.46,4.569999999999709,9.320736538061664e-05
2026-07-07 06:40:00,20175.19,936.27,44682.22,49035.01,49030.465,4.54500000000553,9.269746880853629e-05
2026-07-07 06:41:00,20174.87,936.37,44681.88,49034.59,49030.47,4.119999999995343,8.402938009762792e-05
2026-07-07 06:42:00,20174.84,936.12,44681.94,49034.62,49030.475000000006,4.144999999996799,8.453925849171965e-05
2026-07-07 06:43:00,20174.48,935.71,44681.96,49034.47,49030.48,3.9899999999979627,8.137795102144549e-05
2026-07-07 06:44:00,20174.49,935.13,44682.14,49034.62,49030.485,4.135000000002037,8.43352865059776e-05
2026-07-07 06:45:00,20174.79,935.08,44682.17,49034.76,49030.49,4.2700000000040745,8.708866666443828e-05
2026-07-07 06:46:00,20174.28,935.39,44681.89,49034.31,49030.49,3.819999999999709,7.791070413531884e-05
2026-07-07 06:47:00,20173.77,936.14,44681.58,49033.84,49030.49,3.349999999998545,6.832483216053001e-05
2026-07-07 06:48:00,20173.47,936.4,44681.26,49033.43,49030.494999999995,2.9350000000049477,5.986070505722914e-05
2026-07-07 06:49:00,20173.33,936.61,44681.1,49033.26,49030.5,2.7600000000020373,5.629149203051238e-05
2026-07-07 06:50:00,20173.52,936.1,44681.22,49033.43,49030.5,2.930000000000291,5.9758721612063736e-05
2026-07-07 06:51:00,20173.7,935.4,44681.47,49033.71,49030.5,3.209999999999127,6.5469452687595e-05
2026-07-07 06:52:00,20173.37,934.93,44681.4,49033.5,49030.515,2.985000000000582,6.0880453733773386e-05
2026-07-07 06:53:00,20173.63,934.42,44681.59,49033.78,49030.53,3.25,6.628523085514271e-05
2026-07-07 06:54:00,20173.79,934.72,44681.42,49033.69,49030.545,3.1450000000040745,6.414368838861723e-05
2026-07-07 06:55:00,20173.89,935.17,44681.01,49033.39,49030.56,2.8300000000017462,5.771910416690624e-05
2026-07-07 06:56:00,20174.01,935.57,44680.82,49033.26,49030.565,2.694999999999709,5.496571373386598e-05
2026-07-07 06:57:00,20173.69,935.99,44680.64,49032.98,49030.57,2.4100000000034925,4.915300801119572e-05
2026-07-07 06:58:00,20173.39,935.82,44680.59,49032.81,49030.58,2.2299999999959255,4.5481819713246825e-05
2026-07-07 06:59:00,20172.99,935.63,44680.53,49032.6,49030.59,2.0100000000020373,4.0994815685514644e-05
2026-07-07 07:00:00,20172.83,935.97,44680.4,49032.43,49030.6,1.8300000000017462,3.732363054912129e-05
2026-07-07 07:01:00,20173.18,936.26,44680.53,49032.67,49030.61,2.0599999999976717,4.2014570081785063e-05
2026-07-07 07:02:00,20173.24,936.74,44680.17,49032.41,49030.619999999995,1.790000000008149,3.65077985962272e-05
2026-07-07 07:03:00,20172.97,937.04,44680.01,49032.14,49030.63,1.5100000000020373,3.079707521608507e-05
2026-07-07 07:04:00,20172.92,937.12,44679.88,49032.01,49030.645000000004,1.3649999999979627,2.7839731661656963e-05
2026-07-07 07:05:00,20173.24,936.73,44679.86,49032.11,49030.66,1.4499999999970896,2.9573332278151865e-05
2026-07-07 07:06:00,20173.73,935.95,44680.23,49032.62,49030.665,1.9550000000017462,3.987300600556297e-05
2026-07-07 07:07:00,20174.13,936.31,44680.26,49032.81,49030.67,2.139999999999418,4.364615046050601e-05
2026-07-07 07:08:00,20174.23,936.25,44680.13,49032.72,49030.675,2.0449999999982538,4.170858345307817e-05
2026-07-07 07:09:00,20173.97,937.25,44679.76,49032.28,49030.68,1.5999999999985448,3.263262920274703e-05
2026-07-07 07:10:00,20173.75,937.07,44679.52,49031.99,49030.69,1.2999999999956344,2.6514005819531286e-05
2026-07-07 07:11:00,20173.99,937.3,44679.67,49032.23,49030.7,1.5300000000061118,3.120493894653986e-05
2026-07-07 07:12:00,20173.7,938.27,44679.55,49032.05,49030.705,1.3450000000011642,2.7431789936554332e-05
2026-07-07 07:13:00,20173.42,938.58,44679.31,49031.71,49030.71,1.0,2.0395380772581102e-05
2026-07-07 07:14:00,20173.48,938.21,44679.35,49031.73,49030.71,1.0200000000040745,2.0803288388115828e-05
2026-07-07 07:15:00,20173.86,938.0,44679.45,49031.97,49030.71,1.2600000000020373,2.569817977349374e-05
2026-07-07 07:16:00,20173.81,938.25,44679.39,49031.91,49030.72,1.1900000000023283,2.427049816935848e-05
2026-07-07 07:17:00,20173.9,937.91,44679.44,49031.99,49030.73,1.2599999999947613,2.5698169290866387e-05
2026-07-07 07:18:00,20173.77,937.38,44679.42,49031.91,49030.740000000005,1.1699999999982538,2.386258090329156e-05
2026-07-07 07:19:00,20173.95,937.39,44679.66,49032.2,49030.75,1.4499999999970896,2.9573277993852625e-05
2026-07-07 07:20:00,20174.02,937.61,44679.67,49032.24,49030.759999999995,1.4800000000032014,3.0185132761621514e-05
2026-07-07 07:21:00,20173.98,937.42,44679.26,49031.85,49030.77,1.0800000000017462,2.2026984279499308e-05
2026-07-07 07:22:00,20174.13,937.57,44679.37,49032.02,49030.78999999999,1.2300000000032014,2.5086277418805643e-05
2026-07-07 07:23:00,20174.04,937.94,44679.43,49032.03,49030.81,1.2200000000011642,2.4882313794146256e-05
2026-07-07 07:24:00,20174.0,937.9,44679.46,49032.03,49030.81,1.2200000000011642,2.4882313794146256e-05
2026-07-07 07:25:00,20173.9,938.14,44679.49,49032.01,49030.81,1.2000000000043656,2.4474407010701346e-05
2026-07-07 07:26:00,20173.66,938.27,44679.25,49031.71,49030.82,0.8899999999994179,1.8151848164061255e-05
2026-07-07 07:27:00,20173.97,938.48,44679.49,49032.06,49030.83,1.2299999999959255,2.5086256952940126e-05
2026-07-07 07:28:00,20173.98,938.4,44679.41,49031.98,49030.845,1.1350000000020373,2.3148693439854796e-05
2026-07-07 07:29:00,20174.13,938.42,44679.32,49031.96,49030.86,1.0999999999985448,2.2434850214712628e-05
2026-07-07 07:30:00,20174.4,938.42,44679.57,49032.3,49030.885,1.4150000000008731,2.885936078863094e-05
2026-07-07 07:31:00,20174.19,937.97,44679.66,49032.31,49030.91,1.3999999999941792,2.8553416609934003e-05
2026-07-07 07:32:00,20174.17,937.8,44679.62,49032.26,49030.91,1.3499999999985448,2.7533651731092585e-05
2026-07-07 07:33:00,20173.71,937.51,44679.78,49032.2,49030.91,1.2899999999935972,2.630993387627513e-05
2026-07-07 07:34:00,20173.63,937.34,44679.83,49032.19,49030.95,1.2400000000052387,2.5290148365578043e-05
2026-07-07 07:35:00,20173.76,937.44,44679.88,49032.31,49030.99,1.319999999999709,2.692174887759168e-05
2026-07-07 07:36:00,20173.77,937.32,44679.94,49032.36,49030.99,1.3700000000026193,2.7941512092711557e-05
2026-07-07 07:37:00,20173.91,937.11,44680.15,49032.6,49030.99,1.610000000000582,3.283637552496048e-05
2026-07-07 07:38:00,20174.19,936.85,44680.35,49032.9,49030.994999999995,1.9050000000061118,3.885297453184688e-05
2026-07-07 07:39:00,20173.86,937.76,44680.12,49032.58,49031.0,1.5800000000017462,3.2224511023673723e-05
2026-07-07 07:40:00,20173.57,938.11,44679.81,49032.2,49031.009999999995,1.1900000000023283,2.4270354618481823e-05
2026-07-07 07:41:00,20173.21,938.52,44679.6,49031.87,49031.02,0.8500000000058208,1.7335964049000425e-05
2026-07-07 07:42:00,20173.1,938.89,44679.63,49031.86,49031.02,0.8400000000037835,1.7132011530736738e-05
2026-07-07 07:43:00,20172.63,939.15,44679.44,49031.51,49031.02,0.4900000000052387,9.993673392991595e-06
2026-07-07 07:44:00,20172.49,939.64,44679.41,49031.44,49031.024999999994,0.4150000000081491,8.464028643254942e-06
2026-07-07 07:45:00,20172.41,939.79,44679.24,49031.27,49031.03,0.23999999999796273,4.894859438970846e-06
2026-07-07 07:46:00,20172.33,939.41,44679.28,49031.26,49031.05,0.20999999999912689,4.2830002620610175e-06
2026-07-07 07:47:00,20172.33,939.39,44679.4,49031.37,49031.07,0.3000000000029104,6.1185693072354e-06
2026-07-07 07:48:00,20172.33,939.55,44679.37,49031.33,49031.075,0.2550000000046566,5.200783380838716e-06
2026-07-07 07:49:00,20172.19,939.95,44679.27,49031.19,49031.08,0.11000000000058208,2.243474955081187e-06
2026-07-07 07:50:00,20172.39,940.01,44679.21,49031.22,49031.08,0.13999999999941792,2.8553317609854386e-06
2026-07-07 07:51:00,20172.32,940.18,44679.52,49031.49,49031.08,0.4099999999962165,8.3620430142721e-06
2026-07-07 07:52:00,20172.33,939.62,44679.32,49031.29,49031.08,0.20999999999912689,4.282997641478158e-06
2026-07-07 07:53:00,20172.14,939.83,44679.24,49031.15,49031.08,0.06999999999970896,1.4276658804927193e-06
2026-07-07 07:54:00,20172.18,940.07,44679.16,49031.08,49031.095,0.014999999999417923,3.059283093599668e-07
2026-07-07 07:55:00,20172.48,939.78,44679.13,49031.18,49031.11,0.06999999999970896,1.4276650069661681e-06
2026-07-07 07:56:00,20172.47,939.69,44679.16,49031.19,49031.115000000005,0.07499999999708962,1.5296409228525521e-06
2026-07-07 07:57:00,20172.57,939.48,44679.15,49031.23,49031.12,0.11000000000058208,2.243473124835453e-06
2026-07-07 07:58:00,20172.67,939.5,44679.25,49031.36,49031.125,0.23500000000058208,4.792873914285713e-06
2026-07-07 07:59:00,20172.34,939.49,44679.01,49031.0,49031.13,0.12999999999738066,2.651376788529668e-06
2026-07-07 08:00:00,20172.47,939.5,44679.09,49031.14,49031.134999999995,0.005000000004656613,1.0197602002598172e-07
2026-07-07 08:01:00,20172.68,939.7,44679.29,49031.41,49031.14,0.27000000000407454,5.506704514805785e-06
2026-07-07 08:02:00,20172.44,939.51,44679.01,49031.07,49031.14,0.06999999999970896,1.4276641334406862e-06
2026-07-07 08:03:00,20172.83,939.45,44679.21,49031.41,49031.14,0.27000000000407454,5.506704514805785e-06
2026-07-07 08:04:00,20172.68,939.28,44679.09,49031.22,49031.145000000004,0.07499999999708962,1.5296399869325836e-06
2026-07-07 08:05:00,20172.75,939.51,44679.09,49031.26,49031.15,0.11000000000058208,2.2434717521531124e-06
2026-07-07 08:06:00,20172.87,939.38,44679.17,49031.37,49031.15,0.22000000000116415,4.486943504306225e-06
2026-07-07 08:07:00,20172.85,939.33,44679.04,49031.23,49031.15,0.08000000000174623,1.631615819774699e-06
2026-07-07 08:08:00,20172.99,939.55,44679.16,49031.41,49031.16,0.25,5.0987983967746225e-06
2026-07-07 08:09:00,20173.07,939.78,44679.13,49031.41,49031.17,0.2400000000052387,4.894845462697274e-06
2026-07-07 08:10:00,20173.24,939.72,44679.1,49031.45,49031.175,0.27499999999417923,5.608676520482718e-06
2026-07-07 08:11:00,20173.52,939.46,44679.18,49031.63,49031.18,0.4499999999970896,9.177833370461197e-06
2026-07-07 08:12:00,20173.12,939.47,44679.04,49031.33,49031.185,0.14500000000407454,2.9573015623439356e-06
2026-07-07 08:13:00,20173.03,939.56,44678.96,49031.21,49031.19,0.01999999999679858,4.0790362209847605e-07
2026-07-07 08:14:00,20173.36,939.5,44679.23,49031.6,49031.19,0.4099999999962165,8.362024254280112e-06
2026-07-07 08:15:00,20173.46,939.3,44679.27,49031.67,49031.19,0.47999999999592546,9.78968693184737e-06
2026-07-07 08:16:00,20173.65,939.15,44679.33,49031.81,49031.19,0.6199999999953434,1.2645012286981886e-05
2026-07-07 08:17:00,20173.67,938.99,44679.34,49031.84,49031.19,0.6499999999941792,1.3256867720203797e-05
2026-07-07 08:18:00,20173.75,938.8,44679.39,49031.9,49031.2,0.7000000000043656,1.4276623864077682e-05
2026-07-07 08:19:00,20173.74,938.79,44679.54,49032.02,49031.21,0.8099999999976717,1.652008995898065e-05
2026-07-07 08:20:00,20173.64,938.54,44679.66,49032.07,49031.215,0.8550000000032014,1.7437870956353038e-05
2026-07-07 08:21:00,20173.41,938.7,44679.66,49031.98,49031.22,0.7600000000020373,1.5500328158304794e-05
2026-07-07 08:22:00,20173.24,938.37,44679.6,49031.85,49031.22,0.6299999999973807,1.2848956236401637e-05
2026-07-07 08:23:00,20172.98,938.21,44679.43,49031.61,49031.22,0.3899999999994179,7.954115765412688e-06
2026-07-07 08:24:00,20173.34,938.2,44679.85,49032.13,49031.22,0.9099999999962165,1.8559603452580142e-05
2026-07-07 08:25:00,20173.53,938.04,44680.03,49032.37,49031.22,1.1500000000014552,2.3454443923717484e-05
2026-07-07 08:26:00,20173.27,937.72,44679.72,49031.97,49031.225000000006,0.7449999999953434,1.5194399079267207e-05
2026-07-07 08:27:00,20173.41,937.57,44679.91,49032.21,49031.23,0.9799999999959255,1.9987261180189144e-05
2026-07-07 08:28:00,20173.53,937.56,44680.12,49032.46,49031.23,1.2299999999959255,2.5086052297605533e-05
2026-07-07 08:29:00,20173.55,937.33,44680.4,49032.69,49031.23,1.4599999999991269,2.9776940125693905e-05
2026-07-07 08:30:00,20173.32,937.32,44680.32,49032.53,49031.245,1.2849999999962165,2.6207778325763837e-05
2026-07-07 08:31:00,20173.37,937.06,44680.57,49032.76,49031.26,1.5,3.059272798618677e-05
2026-07-07 08:32:00,20173.35,937.24,44680.71,49032.89,49031.26,1.6299999999973807,3.3244097744936205e-05
2026-07-07 08:33:00,20173.27,937.14,44680.63,49032.78,49031.26,1.5199999999967986,3.10006310259373e-05
2026-07-07 08:34:00,20173.01,936.87,44680.49,49032.53,49031.26,1.2699999999967986,2.5901843028239507e-05
2026-07-07 08:35:00,20173.28,936.97,44680.77,49032.92,49031.26,1.6599999999962165,3.38559523046362e-05
2026-07-07 08:36:00,20173.16,936.97,44680.83,49032.9,49031.265,1.6350000000020373,3.3346070104494294e-05
2026-07-07 08:37:00,20172.92,936.95,44680.78,49032.76,49031.27,1.4900000000052387,3.038877026854982e-05
2026-07-07 08:38:00,20173.14,937.04,44680.87,49032.95,49031.274999999994,1.6750000000029104,3.416186913358689e-05
2026-07-07 08:39:00,20173.28,936.75,44680.84,49032.98,49031.28,1.7000000000043656,3.467174424172417e-05
2026-07-07 08:40:00,20173.3,936.96,44681.21,49033.33,49031.285,2.0449999999982538,4.170806455507445e-05
2026-07-07 08:41:00,20172.81,936.78,44681.0,49032.93,49031.29,1.639999999999418,3.344802879955673e-05
2026-07-07 08:42:00,20172.94,936.56,44681.16,49033.12,49031.29,1.8300000000017462,3.732310530687131e-05
2026-07-07 08:43:00,20173.03,936.55,44681.27,49033.27,49031.29,1.9799999999959255,4.038237623354241e-05
2026-07-07 08:44:00,20172.96,936.41,44681.46,49033.4,49031.29,2.110000000000582,4.303374437018855e-05
2026-07-07 08:45:00,20173.14,935.79,44681.56,49033.56,49031.29,2.2699999999967986,4.629696669202051e-05
2026-07-07 08:46:00,20173.22,935.33,44681.62,49033.63,49031.305,2.3249999999970896,4.7418684858522316e-05
2026-07-07 08:47:00,20173.21,935.35,44681.59,49033.6,49031.32,2.279999999998836,4.650088963541744e-05
2026-07-07 08:48:00,20173.13,935.44,44681.88,49033.79,49031.325,2.4650000000037835,5.027398300991832e-05
2026-07-07 08:49:00,20173.22,934.91,44681.65,49033.64,49031.33,2.3099999999976717,4.7112733837684425e-05
2026-07-07 08:50:00,20173.36,935.0,44681.71,49033.78,49031.33,2.4499999999970896,4.996805103995934e-05
2026-07-07 08:51:00,20173.44,934.99,44681.7,49033.8,49031.33,2.470000000001164,5.037595349751198e-05
2026-07-07 08:52:00,20173.37,935.11,44681.63,49033.71,49031.33,2.3799999999973807,4.854039243882188e-05
2026-07-07 08:53:00,20173.39,934.98,44681.48,49033.56,49031.33,2.2299999999959255,4.548112400777065e-05
2026-07-07 08:54:00,20173.28,934.77,44681.2,49033.26,49031.345,1.9150000000008731,3.905664835424917e-05
2026-07-07 08:55:00,20173.08,934.91,44680.94,49032.95,49031.36,1.5899999999965075,3.2428225527427905e-05
2026-07-07 08:56:00,20173.33,935.1,44681.02,49033.15,49031.36,1.7900000000008731,3.650724760644765e-05
2026-07-07 08:57:00,20173.28,935.21,44681.01,49033.11,49031.36,1.75,3.5691443190643704e-05
2026-07-07 08:58:00,20173.12,935.22,44680.73,49032.79,49031.365000000005,1.4249999999956344,2.9063029348573803e-05
2026-07-07 08:59:00,20173.38,935.13,44680.7,49032.87,49031.37,1.5,3.059265935257367e-05
2026-07-07 09:00:00,20173.19,935.0,44680.58,49032.68,49031.37,1.3099999999976717,2.671758916786685e-05
2026-07-07 09:01:00,20173.14,934.82,44680.47,49032.56,49031.37,1.1899999999950523,2.4270176419607533e-05
2026-07-07 09:02:00,20173.35,934.71,44680.53,49032.71,49031.37,1.3399999999965075,2.7329442354894582e-05
2026-07-07 09:03:00,20173.43,934.68,44680.51,49032.71,49031.37,1.3399999999965075,2.7329442354894582e-05
2026-07-07 09:04:00,20173.46,934.57,44680.5,49032.71,49031.375,1.3349999999991269,2.722746404723765e-05
2026-07-07 09:05:00,20173.46,934.54,44680.53,49032.74,49031.38,1.360000000000582,2.7737338822618947e-05
2026-07-07 09:06:00,20173.48,934.46,44680.42,49032.65,49031.384999999995,1.2650000000066939,2.5799801494628267e-05
2026-07-07 09:07:00,20173.46,934.29,44680.38,49032.6,49031.39,1.2099999999991269,2.4678068478155055e-05
2026-07-07 09:08:00,20173.38,934.11,44680.33,49032.51,49031.39,1.1200000000026193,2.28425096658002e-05
2026-07-07 09:09:00,20173.3,934.03,44680.4,49032.54,49031.39,1.1500000000014552,2.345436260325182e-05
2026-07-07 09:10:00,20173.17,934.04,44680.44,49032.52,49031.395000000004,1.124999999992724,2.2944482815402742e-05
2026-07-07 09:11:00,20173.14,933.73,44680.38,49032.45,49031.4,1.0499999999956344,2.141484844396926e-05
2026-07-07 09:12:00,20173.2,933.79,44680.43,49032.53,49031.405,1.125,2.2944478136002832e-05
2026-07-07 09:13:00,20172.85,933.8,44680.2,49032.16,49031.41,0.75,1.5296317197486265e-05
2026-07-07 09:14:00,20172.88,933.97,44680.08,49032.08,49031.41,0.6699999999982538,1.366471002971878e-05
2026-07-07 09:15:00,20172.85,933.94,44679.97,49031.97,49031.41,0.5599999999976717,1.1421250174075591e-05
2026-07-07 09:16:00,20173.01,934.02,44680.26,49032.31,49031.41,0.8999999999941792,1.83555806368648e-05
2026-07-07 09:17:00,20172.8,934.11,44680.2,49032.16,49031.41,0.75,1.5296317197486265e-05
2026-07-07 09:18:00,20172.59,934.08,44680.08,49031.97,49031.41,0.5599999999976717,1.1421250174075591e-05
2026-07-07 09:19:00,20172.66,934.23,44680.22,49032.12,49031.41,0.7099999999991269,1.4480513613602522e-05
2026-07-07 09:20:00,20172.52,934.39,44680.17,49032.03,49031.41,0.6199999999953434,1.2644955549827006e-05
2026-07-07 09:21:00,20172.4,934.18,44679.89,49031.72,49031.41,0.3099999999976717,6.322477774913503e-06
2026-07-07 09:22:00,20172.29,934.09,44679.9,49031.69,49031.41,0.27999999999883585,5.7106250870377955e-06
2026-07-07 09:23:00,20171.89,934.13,44679.77,49031.41,49031.41,0.0,0.0
2026-07-07 09:24:00,20171.71,934.16,44679.7,49031.26,49031.42,0.1599999999962165,3.26321366985122e-06
2026-07-07 09:25:00,20171.93,934.2,44679.81,49031.46,49031.43,0.029999999998835847,6.118524383000016e-07
2026-07-07 09:26:00,20171.72,934.13,44679.5,49031.08,49031.43,0.3499999999985448,7.138278447080675e-06
2026-07-07 09:27:00,20171.9,934.1,44679.69,49031.32,49031.43,0.11000000000058208,2.2434589405322682e-06
2026-07-07 09:28:00,20171.63,934.29,44679.49,49031.03,49031.435,0.40499999999883585,8.260007075029231e-06
2026-07-07 09:29:00,20171.82,934.2,44679.5,49031.13,49031.44,0.31000000000494765,6.322473906639243e-06
2026-07-07 09:30:00,20172.05,934.05,44679.57,49031.29,49031.445,0.15499999999883585,3.1612366308771005e-06
2026-07-07 09:31:00,20171.97,934.16,44679.41,49031.11,49031.45,0.33999999999650754,6.934324805742183e-06
2026-07-07 09:32:00,20171.65,934.24,44679.02,49030.63,49031.45,0.819999999999709,1.672395982577935e-05
2026-07-07 09:33:00,20172.17,934.06,44679.17,49030.99,49031.45,0.4599999999991269,9.381733560788573e-06
2026-07-07 09:34:00,20172.04,934.07,44678.95,49030.73,49031.455,0.7249999999985448,1.4786426386868283e-05
2026-07-07 09:35:00,20171.9,934.1,44678.68,49030.43,49031.46,1.0299999999988358,2.1006920862622404e-05
2026-07-07 09:36:00,20171.89,934.02,44678.64,49030.38,49031.475,1.0950000000011642,2.2332593502462737e-05
2026-07-07 09:37:00,20171.86,933.92,44678.48,49030.22,49031.49,1.2699999999967986,2.5901721526243617e-05
2026-07-07 09:38:00,20172.21,933.76,44678.63,49030.49,49031.494999999995,1.0049999999973807,2.049702951128414e-05
2026-07-07 09:39:00,20171.93,933.86,44678.44,49030.22,49031.5,1.2799999999988358,2.610566676521901e-05
2026-07-07 09:40:00,20171.68,933.55,44678.18,49029.87,49031.505000000005,1.6350000000020373,3.334590688174954e-05
2026-07-07 09:41:00,20171.63,933.68,44678.04,49029.73,49031.51,1.7799999999988358,3.630318544133835e-05
2026-07-07 09:42:00,20171.64,933.81,44678.0,49029.7,49031.51,1.8100000000049477,3.691503688148596e-05
2026-07-07 09:43:00,20171.5,933.8,44677.81,49029.46,49031.51,2.0500000000029104,4.1809848401628064e-05
2026-07-07 09:44:00,20171.36,933.77,44677.58,49029.18,49031.51,2.3300000000017462,4.752046184181858e-05
2026-07-07 09:45:00,20171.34,933.77,44677.44,49029.05,49031.51,2.459999999999127,5.017181808186464e-05
2026-07-07 09:46:00,20171.19,933.68,44677.15,49028.73,49031.555,2.8249999999970896,5.7615957723492346e-05
2026-07-07 09:47:00,20171.22,933.75,44677.12,49028.72,49031.6,2.8799999999973807,5.873763042603914e-05
2026-07-07 09:48:00,20171.09,933.99,44677.32,49028.84,49031.604999999996,2.764999999999418,5.63921984605525e-05
2026-07-07 09:49:00,20170.87,933.49,44676.66,49028.15,49031.61,3.459999999999127,7.056672216146129e-05
2026-07-07 09:50:00,20171.06,933.46,44676.86,49028.41,49031.619999999995,3.209999999991851,6.54679572078559e-05
2026-07-07 09:51:00,20170.98,933.59,44676.86,49028.37,49031.63,3.2599999999947613,6.64876937600231e-05
2026-07-07 09:52:00,20170.89,933.57,44676.75,49028.22,49031.645000000004,3.4250000000029104,6.985284707463741e-05
2026-07-07 09:53:00,20170.84,933.59,44676.57,49028.04,49031.66,3.6200000000026193,7.382984789832975e-05
2026-07-07 09:54:00,20170.76,933.63,44676.44,49027.88,49031.665,3.7850000000034925,7.719501265158938e-05
2026-07-07 09:55:00,20170.86,933.48,44676.34,49027.83,49031.67,3.8399999999965075,7.831672875911646e-05
2026-07-07 09:56:00,20171.02,933.66,44676.3,49027.87,49031.675,3.805000000000291,7.760289649497577e-05
2026-07-07 09:57:00,20171.06,933.79,44676.34,49027.92,49031.68,3.7600000000020373,7.668511460349793e-05
2026-07-07 09:58:00,20171.02,933.64,44676.33,49027.91,49031.68,3.7699999999967986,7.688906437627261e-05
2026-07-07 09:59:00,20170.65,933.62,44676.17,49027.58,49031.68,4.099999999998545,8.361940688139881e-05
2026-07-07 10:00:00,20170.59,933.54,44676.01,49027.44,49031.685,4.244999999995343,8.657666975946969e-05
2026-07-07 10:01:00,20170.83,933.54,44676.28,49027.8,49031.69,3.889999999999418,7.93364454702544e-05
2026-07-07 10:02:00,20170.92,933.56,44676.16,49027.73,49031.7,3.969999999993888,8.096802680702257e-05
2026-07-07 10:03:00,20171.21,933.39,44676.27,49027.93,49031.71,3.779999999998836,7.709296697991639e-05
2026-07-07 10:04:00,20171.24,933.15,44676.31,49027.98,49031.71,3.7299999999959255,7.607321873938163e-05
2026-07-07 10:05:00,20171.25,932.99,44676.33,49027.99,49031.71,3.720000000001164,7.586926909139339e-05
2026-07-07 10:06:00,20171.37,932.79,44676.49,49028.18,49031.715,3.5349999999962165,7.209619324953689e-05
2026-07-07 10:07:00,20171.35,932.62,44676.42,49028.11,49031.72,3.610000000000582,7.362580794637801e-05
2026-07-07 10:08:00,20171.62,932.47,44676.6,49028.38,49031.725000000006,3.34500000000844,6.822113641746113e-05
2026-07-07 10:09:00,20171.63,932.45,44676.52,49028.33,49031.73,3.400000000001455,6.934285206745621e-05
2026-07-07 10:10:00,20172.0,931.99,44676.77,49028.7,49031.770000000004,3.070000000006985,6.261246534659027e-05
2026-07-07 10:11:00,20172.25,931.76,44676.96,49028.97,49031.81,2.8399999999965075,5.7921581928068893e-05
2026-07-07 10:12:00,20172.71,931.53,44677.23,49029.39,49031.825,2.4349999999976717,4.966162283369366e-05
2026-07-07 10:13:00,20172.25,931.65,44677.12,49029.11,49031.84,2.7299999999959255,5.5678106307981215e-05
2026-07-07 10:14:00,20172.36,931.42,44677.12,49029.15,49031.845,2.694999999999709,5.496427882735616e-05
2026-07-07 10:15:00,20172.68,931.03,44677.22,49029.36,49031.85,2.4899999999979627,5.078331737427739e-05
2026-07-07 10:16:00,20172.73,930.8,44677.48,49029.61,49031.85,2.2399999999979627,4.568459073026946e-05
2026-07-07 10:17:00,20172.31,930.56,44677.42,49029.37,49031.85,2.4799999999959255,5.057936830847552e-05
2026-07-07 10:18:00,20172.19,930.38,44677.51,49029.41,49031.85,2.4399999999950523,4.9763572045416445e-05
2026-07-07 10:19:00,20172.39,930.2,44677.47,49029.46,49031.85,2.389999999999418,4.8743826716703894e-05
2026-07-07 10:20:00,20172.53,929.87,44677.52,49029.56,49031.854999999996,2.2949999999982538,4.680630581890597e-05
2026-07-07 10:21:00,20172.76,929.73,44677.62,49029.75,49031.86,2.110000000000582,4.303324409884883e-05
2026-07-07 10:22:00,20172.77,929.72,44677.66,49029.78,49031.865000000005,2.085000000006403,4.252336720225516e-05
2026-07-07 10:23:00,20172.5,929.87,44677.55,49029.56,49031.87,2.3100000000049477,4.711221497374968e-05
2026-07-07 10:24:00,20172.47,929.89,44677.46,49029.47,49031.875,2.404999999998836,4.904972530621837e-05
2026-07-07 10:25:00,20172.77,929.98,44677.43,49029.58,49031.88,2.2999999999956344,4.690825642409866e-05
2026-07-07 10:26:00,20173.02,929.82,44677.38,49029.62,49031.88,2.2599999999947613,4.6092460660181935e-05
2026-07-07 10:27:00,20173.32,929.46,44677.34,49029.71,49031.88,2.1699999999982538,4.42569201914806e-05
2026-07-07 10:28:00,20173.28,929.24,44677.19,49029.55,49031.89,2.3399999999965075,4.772404245474746e-05
2026-07-07 10:29:00,20173.39,928.97,44677.21,49029.63,49031.9,2.2700000000040745,4.629639071714689e-05
2026-07-07 10:30:00,20173.03,928.78,44677.3,49029.54,49031.905,2.3649999999979627,4.823389994734985e-05
2026-07-07 10:31:00,20172.66,928.56,44677.24,49029.33,49031.91,2.5800000000017462,5.261879457687343e-05
2026-07-07 10:32:00,20172.7,928.2,44677.34,49029.43,49031.91,2.4800000000032014,5.057930641501017e-05
2026-07-07 10:33:00,20172.4,927.81,44677.12,49029.1,49031.91,2.8100000000049477,5.730961734929248e-05
2026-07-07 10:34:00,20172.31,927.41,44676.97,49028.93,49031.91,2.9800000000032014,6.077674722447486e-05
2026-07-07 10:35:00,20172.51,927.22,44677.12,49029.14,49031.91,2.7700000000040745,5.64938220845175e-05
2026-07-07 10:36:00,20172.04,927.23,44676.83,49028.69,49031.915,3.224999999998545,6.577348651380524e-05
2026-07-07 10:37:00,20172.04,926.93,44676.69,49028.57,49031.92,3.349999999998545,6.832283948902154e-05
2026-07-07 10:38:00,20171.8,926.78,44676.47,49028.26,49031.94,3.680000000000291,7.505311843668211e-05
2026-07-07 10:39:00,20171.57,926.45,44676.22,49027.91,49031.96,4.049999999995634,8.259918632654363e-05
2026-07-07 10:40:00,20171.73,926.56,44676.22,49028.01,49031.96,3.9499999999970896,8.055970024443424e-05
2026-07-07 10:41:00,20171.62,926.18,44676.1,49027.82,49031.96,4.139999999999418,8.443472380054597e-05
2026-07-07 10:42:00,20171.4,925.96,44675.67,49027.36,49031.96,4.599999999998545,9.381635977836793e-05
2026-07-07 10:43:00,20171.49,925.64,44675.69,49027.4,49031.96,4.559999999997672,9.300056534549448e-05
2026-07-07 10:44:00,20171.39,925.32,44675.59,49027.26,49031.965,4.70499999999447,9.595781037929992e-05
2026-07-07 10:45:00,20171.41,924.95,44675.51,49027.19,49031.97,4.779999999998836,9.748741484380161e-05
2026-07-07 10:46:00,20171.24,924.59,44675.37,49026.98,49031.97,4.989999999997963,0.00010177033474278033
2026-07-07 10:47:00,20171.22,924.38,44675.17,49026.79,49031.97,5.180000000000291,0.00010564535750858656
2026-07-07 10:48:00,20171.68,923.9,44675.34,49027.13,49031.97,4.8400000000037835,9.871110624361582e-05
2026-07-07 10:49:00,20171.93,923.65,44675.23,49027.12,49031.97,4.849999999998545,9.891505481012786e-05
2026-07-07 10:50:00,20172.43,923.27,44675.14,49027.23,49031.97,4.739999999997963,9.667162057730829e-05
2026-07-07 10:51:00,20172.48,923.01,44675.07,49027.18,49031.97,4.790000000000873,9.769136341046205e-05
2026-07-07 10:52:00,20172.68,922.76,44674.91,49027.12,49031.975000000006,4.855000000003201,9.901701899634271e-05
2026-07-07 10:53:00,20172.8,922.43,44674.75,49027.01,49031.98,4.970000000001164,0.00010136241693688821
2026-07-07 10:54:00,20172.74,921.95,44674.63,49026.86,49031.98,5.120000000002619,0.00010442164481227597
2026-07-07 10:55:00,20172.45,921.63,44674.57,49026.66,49031.98,5.319999999999709,0.00010850061531269405
2026-07-07 10:56:00,20172.12,921.28,44674.45,49026.41,49031.985,5.57499999999709,0.00011370129110614407
2026-07-07 10:57:00,20171.77,921.17,44674.53,49026.36,49031.99,5.629999999997381,0.00011482299617040591
2026-07-07 10:58:00,20171.28,920.88,44674.36,49025.99,49031.99,6.0,0.00012236909005732788
2026-07-07 10:59:00,20170.71,920.39,44674.08,49025.49,49031.99,6.5,0.00013256651422877187
2026-07-07 11:00:00,20170.53,920.02,44674.18,49025.5,49031.994999999995,6.494999999995343,0.00013246452647899283
2026-07-07 11:01:00,20170.47,919.57,44674.21,49025.48,49032.0,6.519999999996799,0.00013297438407564038
2026-07-07 11:02:00,20170.05,919.46,44674.03,49025.15,49032.005000000005,6.855000000003201,0.00013980664262053328
2026-07-07 11:03:00,20169.99,919.13,44673.91,49025.02,49032.01,6.990000000005239,0.00014255993176713006
2026-07-07 11:04:00,20169.97,918.89,44673.81,49024.93,49032.01,7.080000000001746,0.00014439546736920935
2026-07-07 11:05:00,20170.25,918.77,44673.82,49025.05,49032.01,6.959999999999127,0.00014194808656628856
2026-07-07 11:06:00,20170.16,918.29,44673.56,49024.78,49032.015,7.235000000000582,0.00014755665252591765
2026-07-07 11:07:00,20170.36,917.91,44673.52,49024.81,49032.02,7.209999999999127,0.00014704676658230942
2026-07-07 11:08:00,20170.37,917.73,44673.41,49024.71,49032.02,7.309999999997672,0.0001490862501687198
2026-07-07 11:09:00,20170.01,917.47,44673.3,49024.45,49032.02,7.569999999999709,0.00015438890749350546
2026-07-07 11:10:00,20169.97,916.9,44673.23,49024.37,49032.024999999994,7.65499999999156,0.00015612245262135432
2026-07-07 11:11:00,20170.02,916.56,44673.2,49024.37,49032.03,7.6599999999962165,0.0001562244108595181
2026-07-07 11:12:00,20169.63,916.64,44673.28,49024.27,49032.03,7.760000000002037,0.0001582638940301276
2026-07-07 11:13:00,20169.1,916.59,44672.91,49023.73,49032.03,8.299999999995634,0.00016927710315064732
2026-07-07 11:14:00,20168.9,916.25,44672.81,49023.53,49032.03,8.5,0.00017335606949171796
2026-07-07 11:15:00,20168.88,916.21,44672.86,49023.57,49032.03,8.459999999999127,0.00017254027622350384
2026-07-07 11:16:00,20169.03,916.0,44672.96,49023.7,49032.03,8.330000000001746,0.00016988894810191922
2026-07-07 11:17:00,20168.78,915.82,44672.73,49023.39,49032.03,8.639999999999418,0.00017621134593039323
2026-07-07 11:18:00,20168.98,915.61,44672.64,49023.37,49032.04,8.669999999998254,0.00017682315481873186
2026-07-07 11:19:00,20169.11,915.42,44672.59,49023.38,49032.05,8.67000000000553,0.00017682311875611011
2026-07-07 11:20:00,20169.71,914.99,44672.69,49023.71,49032.055,8.345000000001164,0.00017019478380013165
2026-07-07 11:21:00,20170.02,914.54,44672.48,49023.64,49032.06,8.419999999998254,0.00017172437788659612
2026-07-07 11:22:00,20170.25,914.34,44672.49,49023.74,49032.06,8.319999999999709,0.00016968489596398171
2026-07-07 11:23:00,20170.56,913.92,44672.47,49023.84,49032.06,8.220000000001164,0.0001676454140413673
2026-07-07 11:24:00,20170.63,913.25,44672.34,49023.74,49032.065,8.325000000004366,0.00016978685274634804
2026-07-07 11:25:00,20170.26,913.05,44672.31,49023.56,49032.07,8.510000000002037,0.00017355987621982995
2026-07-07 11:26:00,20170.01,913.02,44672.18,49023.34,49032.07,8.730000000003201,0.00017804673553458382
2026-07-07 11:27:00,20170.04,912.79,44672.35,49023.51,49032.07,8.559999999997672,0.00017457961697308868
2026-07-07 11:28:00,20169.83,912.67,44672.27,49023.33,49032.075,8.744999999995343,0.0001783526395730824
2026-07-07 11:29:00,20170.27,912.17,44672.39,49023.62,49032.08,8.459999999999127,0.00017254010027718846
2026-07-07 11:30:00,20170.06,912.15,44672.2,49023.37,49032.095,8.724999999998545,0.00017794467073043777
2026-07-07 11:31:00,20169.87,911.98,44672.01,49023.13,49032.11,8.980000000003201,0.0001831452898927499
2026-07-07 11:32:00,20170.17,911.64,44672.08,49023.3,49032.115000000005,8.815000000002328,0.00017978012981904466
2026-07-07 11:33:00,20170.24,911.49,44671.9,49023.16,49032.12,8.959999999999127,0.00018273735665517066
2026-07-07 11:34:00,20170.71,911.07,44671.91,49023.36,49032.12,8.760000000002037,0.00017865839780131955
2026-07-07 11:35:00,20170.86,910.77,44671.93,49023.43,49032.12,8.690000000002328,0.00017723076220245684
2026-07-07 11:36:00,20170.8,910.45,44671.56,49023.07,49032.125,9.055000000000291,0.0001846748432787747
2026-07-07 11:37:00,20170.94,910.12,44671.47,49023.04,49032.13,9.089999999996508,0.0001853886421005269
2026-07-07 11:38:00,20171.29,909.74,44671.43,49023.16,49032.13,8.969999999993888,0.00018294126728726426
2026-07-07 11:39:00,20171.35,909.6,44671.28,49023.04,49032.13,9.089999999996508,0.0001853886421005269
2026-07-07 11:40:00,20171.82,909.37,44671.26,49023.22,49032.125,8.904999999998836,0.00018161562445027286
2026-07-07 11:41:00,20171.6,909.09,44671.01,49022.9,49032.12,9.220000000001164,0.0001880400031652958
2026-07-07 11:42:00,20171.82,908.75,44671.0,49023.0,49032.12,9.12000000000262,0.00018600052373837024
2026-07-07 11:43:00,20172.22,908.18,44671.04,49023.17,49032.12,8.950000000004366,0.00018253340871258198
2026-07-07 11:44:00,20172.68,907.55,44670.91,49023.22,49032.115000000005,8.895000000004075,0.00018141171352702355
2026-07-07 11:45:00,20172.99,907.01,44670.8,49023.24,49032.11,8.87000000000262,0.00018090186206554478
2026-07-07 11:46:00,20173.51,906.52,44670.8,49023.46,49032.095,8.635000000002037,0.00017610913831036666
2026-07-07 11:47:00,20173.72,906.39,44670.83,49023.56,49032.08,8.520000000004075,0.00017376378893173763
2026-07-07 11:48:00,20173.87,905.79,44670.79,49023.58,49032.075,8.494999999995343,0.00017325393632627915
2026-07-07 11:49:00,20174.05,905.29,44670.79,49023.65,49032.07,8.419999999998254,0.00017172434286372683
2026-07-07 11:50:00,20174.28,904.86,44670.93,49023.88,49032.07,8.190000000002328,0.00016703353539841023
2026-07-07 11:51:00,20174.32,904.69,44671.11,49024.05,49032.07,8.019999999996799,0.00016356641683691508
2026-07-07 11:52:00,20174.07,904.39,44670.99,49023.81,49032.065,8.255000000004657,0.0001683592155460851
2026-07-07 11:53:00,20174.21,904.04,44671.06,49023.92,49032.06,8.139999999999418,0.00016601382850321643
2026-07-07 11:54:00,20174.53,903.62,44671.09,49024.07,49032.06,7.989999999997963,0.00016295460561922064
2026-07-07 11:55:00,20174.65,903.32,44670.99,49024.02,49032.06,8.040000000000873,0.00016397434658060203
2026-07-07 11:56:00,20175.02,902.85,44671.05,49024.2,49032.055,7.855000000003201,0.0001602013213601429
2026-07-07 11:57:00,20174.99,902.59,44671.03,49024.17,49032.05,7.880000000004657,0.00016071120828120905
2026-07-07 11:58:00,20175.09,902.4,44670.9,49024.1,49032.04,7.940000000002328,0.00016193493071066037
2026-07-07 11:59:00,20175.05,902.29,44670.69,49023.88,49032.03,8.150000000001455,0.00016621787839502986
2026-07-07 12:00:00,20175.34,902.1,44670.63,49023.97,49032.03,8.059999999997672,0.00016438234354151097
2026-07-07 12:01:00,20175.7,901.8,44670.68,49024.15,49032.03,7.879999999997381,0.00016071127383462158
2026-07-07 12:02:00,20175.78,901.78,44670.47,49023.98,49032.04,8.059999999997672,0.0001643823100160155
2026-07-07 12:03:00,20176.07,901.39,44670.27,49023.9,49032.05,8.150000000001455,0.00016621781059534437
2026-07-07 12:04:00,20176.81,901.21,44670.42,49024.32,49032.055,7.735000000000582,0.00015775394280334736
2026-07-07 12:05:00,20177.11,901.23,44670.37,49024.4,49032.06,7.6599999999962165,0.00015622431527445953
2026-07-07 12:06:00,20177.48,900.99,44670.41,49024.58,49032.06,7.4799999999959255,0.00015255324781369425
2026-07-07 12:07:00,20177.46,900.89,44669.99,49024.2,49032.06,7.860000000000582,0.00016030327911983674
2026-07-07 12:08:00,20177.57,900.81,44669.84,49024.12,49032.065,7.944999999999709,0.00016203682223050791
2026-07-07 12:09:00,20177.77,900.81,44669.72,49024.08,49032.07,7.989999999997963,0.00016295457238493016
2026-07-07 12:10:00,20178.22,900.49,44669.63,49024.17,49032.07,7.900000000001455,0.00016111903902897543
2026-07-07 12:11:00,20179.0,900.17,44669.65,49024.52,49032.07,7.55000000000291,0.0001539808537555708
2026-07-07 12:12:00,20179.5,899.77,44669.64,49024.71,49032.075,7.364999999997963,0.00015020779765078193
2026-07-07 12:13:00,20179.5,899.71,44669.39,49024.48,49032.08,7.599999999998545,0.00015500056289675137
2026-07-07 12:14:00,20179.85,899.44,44669.47,49024.68,49032.095,7.415000000000873,0.00015122747661507985
2026-07-07 12:15:00,20179.64,899.34,44669.45,49024.57,49032.11,7.540000000000873,0.0001537767801549
2026-07-07 12:16:00,20179.75,899.24,44669.32,49024.49,49032.115000000005,7.625000000007276,0.00015551032216348969
2026-07-07 12:17:00,20179.76,899.32,44669.26,49024.46,49032.12,7.6600000000034925,0.00015622412410484172
2026-07-07 12:18:00,20179.44,899.28,44669.0,49024.11,49032.12,8.010000000002037,0.00016336230209915536
2026-07-07 12:19:00,20180.34,898.82,44669.16,49024.59,49032.12,7.530000000006112,0.00015357280084985335
2026-07-07 12:20:00,20180.41,898.58,44669.13,49024.57,49032.125,7.555000000000291,0.0001540826549940532
2026-07-07 12:21:00,20180.22,898.52,44669.02,49024.38,49032.13,7.75,0.00015805962335309521
2026-07-07 12:22:00,20180.17,898.42,44669.02,49024.37,49032.13,7.759999999994761,0.00015826357125408913
2026-07-07 12:23:00,20180.13,898.41,44669.04,49024.36,49032.13,7.769999999996799,0.00015846751915523144
2026-07-07 12:24:00,20179.62,898.45,44668.83,49023.97,49032.134999999995,8.164999999993597,0.00016652344426759303
2026-07-07 12:25:00,20179.82,898.35,44668.91,49024.14,49032.14,8.0,0.0001631582876048241
2026-07-07 12:26:00,20179.55,898.27,44668.98,49024.08,49032.15,8.069999999999709,0.0001645858890544206
2026-07-07 12:27:00,20179.69,898.15,44668.9,49024.06,49032.16,8.10000000000582,0.00016519769881656897
2026-07-07 12:28:00,20179.22,898.13,44668.7,49023.68,49032.16,8.480000000003201,0.00017294771431654654
2026-07-07 12:29:00,20179.47,897.94,44668.67,49023.77,49032.16,8.390000000006694,0.00017111218432976834
2026-07-07 12:30:00,20179.79,897.69,44668.82,49024.03,49032.175,8.145000000004075,0.00016611541299165443
2026-07-07 12:31:00,20179.41,897.65,44668.63,49023.71,49032.19,8.480000000003201,0.00017294760849970604
2026-07-07 12:32:00,20179.36,897.73,44668.69,49023.75,49032.19,8.440000000002328,0.00017213181789355785
2026-07-07 12:33:00,20179.2,897.78,44668.54,49023.55,49032.19,8.639999999999418,0.00017621077092415039
2026-07-07 12:34:00,20179.48,897.42,44668.51,49023.63,49032.195,8.565000000002328,0.00017468114572481057
2026-07-07 12:35:00,20179.02,897.39,44668.19,49023.17,49032.2,9.029999999998836,0.00018416469177395337
2026-07-07 12:36:00,20178.71,897.52,44668.19,49023.02,49032.2,9.180000000000291,0.00018722390592305243
2026-07-07 12:37:00,20178.72,897.44,44668.3,49023.11,49032.2,9.089999999996508,0.00018538837743353363
2026-07-07 12:38:00,20178.64,897.22,44668.32,49023.11,49032.2,9.089999999996508,0.00018538837743353363
2026-07-07 12:39:00,20178.57,897.27,44668.16,49022.93,49032.2,9.269999999996799,0.00018905943441242283
2026-07-07 12:40:00,20178.94,896.74,44668.1,49023.04,49032.205,9.165000000000873,0.00018691796544742119
2026-07-07 12:41:00,20178.71,896.82,44668.13,49022.98,49032.21,9.229999999995925,0.00018824360558081975
2026-07-07 12:42:00,20178.67,896.87,44668.22,49023.03,49032.215,9.184999999997672,0.00018732582242098736
2026-07-07 12:43:00,20178.56,896.6,44668.07,49022.84,49032.22,9.380000000004657,0.0001913027800904111
2026-07-07 12:44:00,20178.27,896.57,44668.09,49022.73,49032.22,9.489999999997963,0.00019354620288451068
2026-07-07 12:45:00,20177.73,896.55,44667.99,49022.41,49032.22,9.809999999997672,0.00020007252374046436
2026-07-07 12:46:00,20177.71,896.31,44667.92,49022.35,49032.225000000006,9.875000000007276,0.00020139816212719848
2026-07-07 12:47:00,20177.26,896.51,44667.85,49022.12,49032.23,10.110000000000582,0.0002061909074908602
2026-07-07 12:48:00,20177.01,896.53,44668.11,49022.25,49032.23,9.980000000003201,0.00020353959018390967
2026-07-07 12:49:00,20176.74,896.35,44668.07,49022.08,49032.23,10.150000000001455,0.00020700669743149464
2026-07-07 12:50:00,20176.46,896.29,44667.98,49021.89,49032.235,10.345000000001164,0.0002109836518772021
2026-07-07 12:51:00,20176.33,896.26,44668.01,49021.87,49032.24,10.369999999995343,0.00021149349897119413
2026-07-07 12:52:00,20175.62,896.44,44667.76,49021.35,49032.24,10.889999999999418,0.00022209876603637564
2026-07-07 12:53:00,20175.72,896.33,44667.64,49021.28,49032.24,10.959999999999127,0.00022352639814128677
2026-07-07 12:54:00,20175.76,896.3,44667.66,49021.32,49032.244999999995,10.924999999995634,0.00022281255936773108
2026-07-07 12:55:00,20175.7,896.23,44667.63,49021.26,49032.25,10.989999999997963,0.00022413819475952996
2026-07-07 12:56:00,20176.17,895.99,44667.77,49021.58,49032.255000000005,10.67500000000291,0.00021771382939664736
2026-07-07 12:57:00,20176.19,895.96,44667.72,49021.54,49032.26,10.720000000001164,0.00021863157031719858
2026-07-07 12:58:00,20176.32,895.76,44667.7,49021.6,49032.26,10.660000000003492,0.0002174078861550231
2026-07-07 12:59:00,20176.22,895.57,44667.71,49021.54,49032.26,10.720000000001164,0.00021863157031719858
2026-07-07 13:00:00,20176.08,895.32,44667.55,49021.33,49032.265,10.934999999997672,0.00022301641582328843
2026-07-07 13:01:00,20176.2,895.28,44667.7,49021.52,49032.27,10.75,0.00021924336768418024
2026-07-07 13:02:00,20175.86,895.3,44667.58,49021.27,49032.27,11.0,0.0002243420506535798
2026-07-07 13:03:00,20175.65,895.06,44667.6,49021.2,49032.27,11.069999999999709,0.00022576968188500572
2026-07-07 13:04:00,20175.47,894.91,44667.6,49021.13,49032.274999999994,11.144999999996799,0.00022729926359722855
2026-07-07 13:05:00,20175.13,895.0,44667.48,49020.87,49032.28,11.409999999996217,0.00023270384326399296
2026-07-07 13:06:00,20174.79,894.88,44667.23,49020.53,49032.28,11.75,0.0002396380506882405
2026-07-07 13:07:00,20174.5,894.78,44667.11,49020.3,49032.28,11.979999999995925,0.00024432883806333144
2026-07-07 13:08:00,20174.6,894.71,44667.22,49020.44,49032.285,11.845000000001164,0.000241575525187153
2026-07-07 13:09:00,20174.66,894.49,44667.29,49020.52,49032.29,11.770000000004075,0.00024004589628597958
2026-07-07 13:10:00,20174.15,894.32,44666.99,49020.03,49032.295,12.264999999999418,0.0002501412589396319
2026-07-07 13:11:00,20174.07,894.14,44667.09,49020.08,49032.3,12.220000000001164,0.00024922347105889715
2026-07-07 13:12:00,20173.97,894.11,44667.15,49020.07,49032.3,12.230000000003201,0.00024942741825293124
2026-07-07 13:13:00,20173.56,893.94,44666.82,49019.63,49032.3,12.67000000000553,0.00025840109478865014
2026-07-07 13:14:00,20173.64,893.83,44666.91,49019.76,49032.3,12.540000000000873,0.0002557497812666522
2026-07-07 13:15:00,20173.33,893.8,44666.76,49019.47,49032.3,12.830000000001746,0.00026166424989245346
2026-07-07 13:16:00,20173.34,893.77,44666.63,49019.34,49032.305,12.965000000003783,0.00026441751004778957
2026-07-07 13:17:00,20173.69,893.3,44666.66,49019.53,49032.31,12.779999999998836,0.0002606444607647251
2026-07-07 13:18:00,20173.52,893.14,44666.33,49019.15,49032.31,13.159999999996217,0.00026839445255579875
2026-07-07 13:19:00,20173.3,893.25,44666.23,49018.97,49032.31,13.339999999996508,0.00027206550129897015
2026-07-07 13:20:00,20173.39,893.08,44666.21,49018.99,49032.31,13.319999999999709,0.0002716576069942393
2026-07-07 13:21:00,20173.56,893.11,44666.21,49019.06,49032.31,13.25,0.00027022997692745867
2026-07-07 13:22:00,20172.87,893.1,44665.83,49018.43,49032.325,13.894999999996799,0.0002833844815638826
2026-07-07 13:23:00,20172.56,893.03,44665.54,49018.02,49032.34,14.319999999999709,0.00029205214354443844
2026-07-07 13:24:00,20172.53,893.13,44665.46,49017.93,49032.34,14.409999999996217,0.00029388766679290073
2026-07-07 13:25:00,20172.39,893.2,44665.37,49017.82,49032.34,14.519999999996799,0.0002961310840966758
2026-07-07 13:26:00,20172.19,893.05,44665.15,49017.53,49032.345,14.815000000002328,0.00030214749060038487
2026-07-07 13:27:00,20172.22,892.84,44665.18,49017.57,49032.35,14.779999999998836,0.00030143364533820707
2026-07-07 13:28:00,20172.26,892.79,44665.2,49017.6,49032.354999999996,14.75499999999738,0.0003009237471868806
2026-07-07 13:29:00,20172.51,892.55,44665.14,49017.65,49032.36,14.709999999999127,0.0003000059552507594
2026-07-07 13:30:00,20172.34,892.46,44665.01,49017.48,49032.365000000005,14.885000000002037,0.0003035749958216789
2026-07-07 13:31:00,20172.2,892.31,44664.81,49017.24,49032.37,15.130000000004657,0.0003085716639845199
2026-07-07 13:32:00,20172.13,892.15,44664.57,49016.98,49032.375,15.394999999996799,0.0003139762248921615
2026-07-07 13:33:00,20172.53,892.01,44664.71,49017.31,49032.38,15.069999999999709,0.0003073479198847723
2026-07-07 13:34:00,20172.36,892.06,44664.64,49017.14,49032.384999999995,15.244999999995343,0.00031091695825106905
2026-07-07 13:35:00,20172.28,891.94,44664.47,49016.94,49032.39,15.44999999999709,0.0003150978363485257
2026-07-07 13:36:00,20172.2,891.77,44664.45,49016.89,49032.39,15.5,0.00031611757044680056
2026-07-07 13:37:00,20172.37,891.89,44664.65,49017.12,49032.39,15.269999999996799,0.00031142679359494406
2026-07-07 13:38:00,20171.7,891.85,44664.45,49016.68,49032.39,15.709999999999127,0.0003204004536592878
2026-07-07 13:39:00,20171.93,891.91,44664.55,49016.87,49032.39,15.519999999996799,0.00031652546408602147
2026-07-07 13:40:00,20171.99,891.7,44664.55,49016.9,49032.4,15.5,0.0003161175059756406
2026-07-07 13:41:00,20171.94,891.66,44664.49,49016.8,49032.41,15.610000000000582,0.0003183608556055185
2026-07-07 13:42:00,20172.14,891.38,44664.35,49016.76,49032.41,15.650000000001455,0.00031917664255135436
2026-07-07 13:43:00,20172.31,891.3,44664.58,49017.04,49032.41,15.37000000000262,0.00031346613393065155
2026-07-07 13:44:00,20172.18,891.25,44664.45,49016.84,49032.415,15.575000000004366,0.00031764700963646936
2026-07-07 13:45:00,20172.36,890.98,44664.58,49017.03,49032.42,15.389999999999418,0.00031387396338992485
2026-07-07 13:46:00,20172.95,890.57,44664.69,49017.38,49032.425,15.04500000000553,0.0003068377711280959
2026-07-07 13:47:00,20173.25,890.4,44664.76,49017.58,49032.43,14.849999999998545,0.000302860780099998
2026-07-07 13:48:00,20173.09,890.2,44664.67,49017.43,49032.43,15.0,0.00030591997989901787
2026-07-07 13:49:00,20173.23,889.99,44664.65,49017.47,49032.43,14.959999999999127,0.000305104193285936
2026-07-07 13:50:00,20173.54,889.62,44664.84,49017.77,49032.435,14.665000000000873,0.00029908773651565285
2026-07-07 13:51:00,20173.04,889.57,44664.95,49017.64,49032.44,14.80000000000291,0.0003018409852742982
2026-07-07 13:52:00,20173.61,889.46,44665.37,49018.26,49032.44,14.180000000000291,0.0002891962953505942
2026-07-07 13:53:00,20173.38,889.0,44665.13,49017.92,49032.44,14.520000000004075,0.000296130480147512
2026-07-07 13:54:00,20173.38,888.79,44665.19,49017.97,49032.44,14.470000000001164,0.0002951107470890937
2026-07-07 13:55:00,20173.44,888.77,44665.36,49018.14,49032.44,14.30000000000291,0.00029164365469070905
2026-07-07 13:56:00,20173.94,888.59,44665.55,49018.52,49032.44,13.92000000000553,0.0002838936834472347
2026-07-07 13:57:00,20173.73,888.51,44665.49,49018.39,49032.44,14.05000000000291,0.0002865449893989145
2026-07-07 13:58:00,20173.75,888.27,44665.41,49018.33,49032.445,14.114999999997963,0.0002878706130195621
2026-07-07 13:59:00,20173.57,888.53,44665.62,49018.49,49032.45,13.959999999999127,0.0002847094118282714
2026-07-07 14:00:00,20173.7,888.6,44665.88,49018.74,49032.455,13.715000000003783,0.0002797126923382438
2026-07-07 14:01:00,20173.7,888.56,44666.15,49018.97,49032.46,13.489999999997963,0.00027512386692403283
2026-07-07 14:02:00,20173.63,888.5,44666.25,49019.05,49032.46,13.409999999996217,0.0002734922946961302
2026-07-07 14:03:00,20173.92,888.15,44666.43,49019.32,49032.46,13.139999999999418,0.00026798573842714434
2026-07-07 14:04:00,20173.98,888.03,44666.55,49019.46,49032.46,13.0,0.00026513048702838895
2026-07-07 14:05:00,20174.24,888.06,44666.79,49019.78,49032.46,12.680000000000291,0.00025860419811692684
2026-07-07 14:06:00,20174.17,887.86,44666.75,49019.71,49032.46,12.75,0.00026003182381630454
2026-07-07 14:07:00,20174.1,887.52,44666.68,49019.62,49032.46,12.839999999996508,0.0002618673425725837
2026-07-07 14:08:00,20174.01,887.74,44666.81,49019.7,49032.47,12.770000000004075,0.0002604396637575891
2026-07-07 14:09:00,20173.65,887.68,44666.85,49019.6,49032.48,12.880000000004657,0.0002626830215401027
2026-07-07 14:10:00,20173.27,887.99,44667.06,49019.64,49032.485,12.845000000001164,0.0002619691822676571
2026-07-07 14:11:00,20173.66,887.97,44667.41,49020.11,49032.49,12.37999999999738,0.00025248564778165215
2026-07-07 14:12:00,20173.2,888.11,44667.33,49019.84,49032.49,12.650000000001455,0.00025799220068165935
2026-07-07 14:13:00,20172.51,888.45,44667.12,49019.39,49032.49,13.099999999998545,0.0002671697888481402
2026-07-07 14:14:00,20172.54,888.37,44667.17,49019.45,49032.49,13.040000000000873,0.0002659461104259823
2026-07-07 14:15:00,20172.7,888.41,44667.44,49019.76,49032.49,12.729999999995925,0.0002596237719111537
2026-07-07 14:16:00,20173.19,888.32,44667.66,49020.18,49032.49,12.309999999997672,0.00025105802295575185
2026-07-07 14:17:00,20173.37,887.7,44667.74,49020.3,49032.49,12.189999999995052,0.0002486106661112877
2026-07-07 14:18:00,20173.72,886.44,44668.12,49020.78,49032.49,11.709999999999127,0.00023882123873372792
2026-07-07 14:19:00,20174.28,885.27,44668.38,49021.22,49032.49,11.269999999996799,0.00022984759697084115
2026-07-07 14:20:00,20174.22,884.89,44668.31,49021.12,49032.494999999995,11.374999999992724,0.00023198901055295523
2026-07-07 14:21:00,20174.55,884.99,44668.3,49021.25,49032.5,11.25,0.00022943965737011167
2026-07-07 14:22:00,20174.46,885.69,44668.14,49021.06,49032.5,11.440000000002328,0.0002333146382501877
2026-07-07 14:23:00,20174.22,886.02,44667.9,49020.75,49032.5,11.75,0.00023963697547544995
2026-07-07 14:24:00,20173.88,886.52,44667.8,49020.54,49032.5,11.959999999999127,0.00024391984907967424
2026-07-07 14:25:00,20173.66,886.64,44667.85,49020.5,49032.5,12.0,0.0002447356345281191
2026-07-07 14:26:00,20173.98,886.69,44667.98,49020.74,49032.5,11.760000000002037,0.00023984092183759826
2026-07-07 14:27:00,20174.21,886.62,44668.21,49021.04,49032.5,11.459999999999127,0.00023372253097433593
2026-07-07 14:28:00,20174.36,886.59,44668.31,49021.19,49032.505000000005,11.315000000002328,0.0002307652851919829
2026-07-07 14:29:00,20174.35,886.46,44668.39,49021.25,49032.51,11.260000000002037,0.00022964355689729195
2026-07-07 14:30:00,20174.68,886.42,44668.6,49021.58,49032.51,10.930000000000291,0.0002229133283203387
2026-07-07 14:31:00,20174.88,886.29,44668.78,49021.81,49032.51,10.700000000004366,0.00021822256294863073
2026-07-07 14:32:00,20174.37,886.23,44668.54,49021.38,49032.515,11.135000000002037,0.00022709420473337005
2026-07-07 14:33:00,20175.04,886.08,44668.85,49021.93,49032.52,10.589999999996508,0.0002159791093746866
2026-07-07 14:34:00,20174.55,886.12,44668.82,49021.71,49032.52,10.809999999997672,0.00022046592751091872
2026-07-07 14:35:00,20174.85,885.86,44668.96,49021.96,49032.52,10.559999999997672,0.00021536727053795464
2026-07-07 14:36:00,20174.55,886.04,44668.89,49021.78,49032.524999999994,10.744999999995343,0.00021914025435148087
2026-07-07 14:37:00,20175.02,885.95,44669.15,49022.18,49032.53,10.349999999998545,0.00021108435563081378
2026-07-07 14:38:00,20174.81,885.72,44669.02,49021.98,49032.53,10.549999999995634,0.00021516328037724414
2026-07-07 14:39:00,20175.22,885.71,44669.2,49022.3,49032.53,10.229999999995925,0.00020863700078286652
2026-07-07 14:40:00,20174.98,886.03,44669.25,49022.26,49032.53,10.269999999996799,0.00020945278573218225
2026-07-07 14:41:00,20174.89,885.98,44669.25,49022.23,49032.53,10.299999999995634,0.00021006462444413197
2026-07-07 14:42:00,20174.44,885.83,44669.04,49021.87,49032.535,10.665000000000873,0.0002175086399265482
2026-07-07 14:43:00,20174.93,885.74,44669.32,49022.31,49032.54,10.230000000003201,0.0002086369582322923
2026-07-07 14:44:00,20175.0,885.62,44669.39,49022.39,49032.54,10.150000000001455,0.00020700538866641328
2026-07-07 14:45:00,20174.97,885.69,44669.32,49022.29,49032.54,10.25,0.00020904485062368786
2026-07-07 14:46:00,20174.94,885.51,44669.3,49022.26,49032.55,10.290000000000873,0.00020986059260635787
2026-07-07 14:47:00,20175.07,885.4,44669.33,49022.36,49032.56,10.19999999999709,0.00020802503479314745
2026-07-07 14:48:00,20175.48,885.29,44669.62,49022.8,49032.56,9.759999999994761,0.00019905140584123614
2026-07-07 14:49:00,20175.94,884.83,44669.64,49022.99,49032.56,9.569999999999709,0.00019517642970303222
2026-07-07 14:50:00,20175.82,884.66,44669.58,49022.88,49032.565,9.685000000004948,0.00019752178985547558
2026-07-07 14:51:00,20175.91,884.36,44669.65,49022.95,49032.57,9.62000000000262,0.00019619612025236735
2026-07-07 14:52:00,20175.95,884.29,44669.66,49022.98,49032.57,9.589999999996508,0.00019558428203939764
2026-07-07 14:53:00,20175.56,884.37,44669.39,49022.58,49032.57,9.989999999997963,0.00020374212487736138
2026-07-07 14:54:00,20175.59,884.38,44669.46,49022.66,49032.575,9.914999999993597,0.0002022125087249364
2026-07-07 14:55:00,20175.45,884.09,44669.42,49022.55,49032.58,10.029999999998836,0.00020455786744239923
2026-07-07 14:56:00,20175.65,884.31,44669.58,49022.78,49032.58,9.80000000000291,0.00019986710876733206
2026-07-07 14:57:00,20175.78,884.21,44669.56,49022.82,49032.58,9.760000000002037,0.0001990513246498968
2026-07-07 14:58:00,20176.46,883.83,44669.93,49023.44,49032.585,9.144999999996799,0.0001865086248256501
2026-07-07 14:59:00,20175.83,883.86,44669.57,49022.84,49032.59,9.75,0.00019884733806637588
2026-07-07 15:00:00,20176.69,883.66,44669.69,49023.3,49032.59,9.289999999993597,0.00018946582262926754
2026-07-07 15:01:00,20175.71,884.04,44669.58,49022.8,49032.59,9.789999999993597,0.00019966312201728683
2026-07-07 15:02:00,20176.15,884.04,44669.76,49023.15,49032.595,9.444999999999709,0.00019262696579692976
2026-07-07 15:03:00,20176.05,883.81,44669.7,49023.05,49032.6,9.549999999995634,0.00019476837858884975
2026-07-07 15:04:00,20176.31,883.67,44669.78,49023.24,49032.6,9.360000000000582,0.00019089340561178854
2026-07-07 15:05:00,20176.6,883.86,44669.88,49023.48,49032.6,9.119999999995343,0.00018599870290368742
2026-07-07 15:06:00,20176.78,883.54,44669.96,49023.59,49032.6,9.010000000002037,0.00018375529749599322
2026-07-07 15:07:00,20176.19,883.6,44669.68,49023.11,49032.6,9.489999999997963,0.00019354470291189867
2026-07-07 15:08:00,20175.87,883.87,44669.64,49022.93,49032.61,9.680000000000291,0.0001974196356261739
2026-07-07 15:09:00,20176.37,883.89,44669.92,49023.4,49032.62,9.220000000001164,0.0001880380856662598
2026-07-07 15:10:00,20175.58,883.97,44669.67,49022.86,49032.62,9.760000000002037,0.00019905116226712007
2026-07-07 15:11:00,20176.21,883.82,44669.89,49023.3,49032.62,9.319999999999709,0.00019007754429601576
2026-07-07 15:12:00,20176.0,883.95,44669.97,49023.28,49032.630000000005,9.35000000000582,0.00019068934299477347
2026-07-07 15:13:00,20175.94,884.32,44669.82,49023.12,49032.64,9.519999999996799,0.00019415638236074578
2026-07-07 15:14:00,20176.46,883.94,44669.92,49023.42,49032.645000000004,9.22500000000582,0.00018813996267192642
2026-07-07 15:15:00,20176.37,884.11,44670.11,49023.56,49032.65,9.090000000003783,0.00018538667602105503
2026-07-07 15:16:00,20176.27,884.22,44670.1,49023.51,49032.655,9.144999999996799,0.00018650835856220307
2026-07-07 15:17:00,20176.1,884.39,44670.04,49023.39,49032.66,9.270000000004075,0.00018905766075110088
2026-07-07 15:18:00,20176.52,884.19,44670.16,49023.68,49032.655,8.974999999998545,0.00018304128136643926
2026-07-07 15:19:00,20176.03,884.37,44670.09,49023.41,49032.65,9.239999999997963,0.00018844586209388974
2026-07-07 15:20:00,20176.79,884.19,44670.23,49023.84,49032.635,8.79500000000553,0.00017937033161700424
2026-07-07 15:21:00,20176.43,884.34,44670.14,49023.61,49032.62,9.010000000002037,0.00018375522254372777
2026-07-07 15:22:00,20176.57,884.53,44670.21,49023.74,49032.62,8.880000000004657,0.00018110392632505985
2026-07-07 15:23:00,20176.42,884.68,44670.23,49023.71,49032.62,8.910000000003492,0.0001817157639139718
2026-07-07 15:24:00,20176.59,884.55,44670.26,49023.8,49032.61,8.809999999997672,0.00017967634192831406
2026-07-07 15:25:00,20176.51,884.51,44670.33,49023.81,49032.6,8.790000000000873,0.00017926848668030807
2026-07-07 15:26:00,20176.88,884.79,44670.57,49024.22,49032.6,8.37999999999738,0.00017090670288741328
2026-07-07 15:27:00,20176.54,885.15,44670.59,49024.08,49032.6,8.519999999996799,0.00017376194613373143
2026-07-07 15:28:00,20176.96,885.17,44670.82,49024.48,49032.6,8.119999999995343,0.0001656041082870446
2026-07-07 15:29:00,20176.75,885.29,44670.85,49024.41,49032.6,8.189999999995052,0.00016703172991020367
2026-07-07 15:30:00,20177.2,885.2,44670.87,49024.61,49032.6,7.989999999997963,0.00016295281098693446
2026-07-07 15:31:00,20177.01,885.25,44670.77,49024.43,49032.6,8.169999999998254,0.0001666238380179361
2026-07-07 15:32:00,20178.11,885.15,44671.12,49025.21,49032.595,7.385000000002037,0.00015061409660251587
2026-07-07 15:33:00,20177.6,885.4,44671.15,49025.03,49032.59,7.559999999997672,0.00015418316674680396
2026-07-07 15:34:00,20177.4,885.57,44670.82,49024.66,49032.59,7.929999999993015,0.00016172916829384324
2026-07-07 15:35:00,20178.08,885.49,44671.08,49025.16,49032.59,7.429999999993015,0.00015153186890582397
2026-07-07 15:36:00,20177.84,885.58,44671.03,49025.04,49032.59,7.549999999995634,0.00015397922075900203
2026-07-07 15:37:00,20178.29,885.65,44671.2,49025.36,49032.59,7.2299999999959255,0.00014745294915067563
2026-07-07 15:38:00,20178.59,885.72,44671.34,49025.63,49032.585,6.955000000001746,0.00014184444895168685
2026-07-07 15:39:00,20178.27,885.99,44671.31,49025.46,49032.58,7.120000000002619,0.00014520957290035767
2026-07-07 15:40:00,20178.77,885.74,44671.36,49025.73,49032.575,6.844999999993888,0.0001396010713284768
2026-07-07 15:41:00,20178.83,885.88,44671.57,49025.94,49032.58,6.639999999999418,0.0001354201634912831
2026-07-07 15:42:00,20178.91,886.01,44671.62,49026.01,49032.585,6.57499999999709,0.0001340945006264118
2026-07-07 15:43:00,20179.07,886.2,44671.59,49026.06,49032.58,6.5200000000040745,0.00013297281113912576
2026-07-07 15:44:00,20179.1,886.38,44671.81,49026.26,49032.575,6.314999999995052,0.00012879193067047881
2026-07-07 15:45:00,20178.82,886.66,44671.85,49026.18,49032.57,6.389999999999418,0.0001303215393359846
2026-07-07 15:46:00,20178.0,887.24,44671.57,49025.59,49032.57,6.980000000003201,0.0001423543575220145
2026-07-07 15:47:00,20178.06,887.55,44671.59,49025.63,49032.57,6.940000000002328,0.00014153857323820327
2026-07-07 15:48:00,20177.79,887.93,44671.59,49025.54,49032.565,7.025000000001455,0.00014327212945114038
2026-07-07 15:49:00,20178.31,887.97,44671.95,49026.08,49032.56,6.4799999999959255,0.00013215708092736593
2026-07-07 15:50:00,20178.41,887.94,44671.85,49026.03,49032.55,6.5200000000040745,0.00013297289249700604
2026-07-07 15:51:00,20178.14,888.35,44671.63,49025.72,49032.54,6.819999999999709,0.0001390913054881454
2026-07-07 15:52:00,20178.46,888.35,44671.87,49026.07,49032.535,6.4650000000037835,0.0001318512289850766
2026-07-07 15:53:00,20177.67,888.75,44671.48,49025.41,49032.53,7.119999999995343,0.00014520972097493938
2026-07-07 15:54:00,20178.24,888.58,44671.86,49025.98,49032.53,6.549999999995634,0.00013358478544744958
2026-07-07 15:55:00,20178.37,888.72,44672.02,49026.19,49032.53,6.3399999999965075,0.00012930191446365317
2026-07-07 15:56:00,20178.61,888.75,44672.27,49026.51,49032.53,6.019999999996799,0.00012277563486927552
2026-07-07 15:57:00,20178.61,888.93,44672.37,49026.6,49032.53,5.930000000000291,0.00012094011873342639
2026-07-07 15:58:00,20178.73,889.14,44672.15,49026.46,49032.524999999994,6.064999999995052,0.00012369340555060246
2026-07-07 15:59:00,20178.27,889.46,44672.06,49026.21,49032.52,6.309999999997672,0.00012869010199756555
2026-07-07 16:00:00,20178.57,889.72,44672.07,49026.32,49032.52,6.19999999999709,0.00012644669292944947
2026-07-07 16:01:00,20178.99,889.6,44672.27,49026.68,49032.52,5.8399999999965075,0.00011910462688836934
2026-07-07 16:02:00,20178.82,889.57,44672.1,49026.46,49032.515,6.055000000000291,0.00012348948447780603
2026-07-07 16:03:00,20179.54,889.68,44672.49,49027.11,49032.51,5.400000000001455,0.0001101310130768638
2026-07-07 16:04:00,20179.04,890.13,44672.41,49026.83,49032.51,5.680000000000291,0.00011584151005119441
2026-07-07 16:05:00,20179.06,890.1,44672.22,49026.66,49032.51,5.849999999998545,0.00011930859749987395
2026-07-07 16:06:00,20179.22,890.35,44672.23,49026.72,49032.505000000005,5.7850000000034925,0.00011798295844773772
2026-07-07 16:07:00,20178.96,890.45,44671.87,49026.3,49032.5,6.19999999999709,0.0001264467445061355
2026-07-07 16:08:00,20179.87,890.5,44672.31,49027.08,49032.5,5.419999999998254,0.00011053892826183151
2026-07-07 16:09:00,20179.95,890.77,44672.3,49027.12,49032.5,5.379999999997381,0.00010972314281338664
2026-07-07 16:10:00,20180.34,890.69,44672.46,49027.42,49032.5,5.080000000001746,0.0001036047519502727
2026-07-07 16:11:00,20180.2,890.67,44672.2,49027.13,49032.5,5.370000000002619,0.00010951919645138673
2026-07-07 16:12:00,20180.88,890.8,44672.63,49027.81,49032.494999999995,4.684999999997672,9.554888039039564e-05
2026-07-07 16:13:00,20180.44,890.98,44672.44,49027.44,49032.49,5.049999999995634,0.00010299293386886194
2026-07-07 16:14:00,20180.89,891.34,44672.72,49027.87,49032.49,4.619999999995343,9.422323850971761e-05
2026-07-07 16:15:00,20181.36,891.2,44672.84,49028.17,49032.49,4.319999999999709,8.810484639877985e-05
2026-07-07 16:16:00,20181.75,891.77,44673.05,49028.53,49032.49,3.959999999999127,8.076277586553584e-05
2026-07-07 16:17:00,20182.17,891.67,44673.06,49028.7,49032.49,3.790000000000873,7.729568700265626e-05
2026-07-07 16:18:00,20181.76,892.07,44672.73,49028.24,49032.485,4.245000000002619,8.657525719943868e-05
2026-07-07 16:19:00,20182.19,892.33,44672.82,49028.52,49032.48,3.960000000006403,8.076279233696527e-05
2026-07-07 16:20:00,20182.0,892.58,44672.77,49028.4,49032.47,4.069999999999709,8.300622016389769e-05
2026-07-07 16:21:00,20182.43,892.73,44672.95,49028.73,49032.46,3.7299999999959255,7.60720551242162e-05
2026-07-07 16:22:00,20182.77,892.61,44672.94,49028.87,49032.46,3.5899999999965075,7.32168037254608e-05
2026-07-07 16:23:00,20183.66,892.73,44673.3,49029.56,49032.46,2.900000000001455,5.9144493260208755e-05
2026-07-07 16:24:00,20183.9,892.94,44673.4,49029.75,49032.455,2.7050000000017462,5.5167541580403146e-05
2026-07-07 16:25:00,20184.22,892.9,44673.35,49029.84,49032.45,2.610000000000582,5.3230054790257926e-05
2026-07-07 16:26:00,20183.93,893.03,44673.23,49029.62,49032.445,2.8249999999970896,5.761491192203631e-05
2026-07-07 16:27:00,20183.98,893.16,44673.41,49029.8,49032.44,2.639999999999418,5.384190548133884e-05
2026-07-07 16:28:00,20183.88,893.33,44673.49,49029.84,49032.435,2.595000000001164,5.2924151125702085e-05
2026-07-07 16:29:00,20184.14,893.46,44673.81,49030.24,49032.43,2.1900000000023283,4.466431706530409e-05
2026-07-07 16:30:00,20184.02,893.82,44673.75,49030.13,49032.42,2.290000000000873,4.670379312301684e-05
2026-07-07 16:31:00,20183.81,894.01,44673.64,49029.97,49032.41,2.4400000000023283,4.9763003694950505e-05
2026-07-07 16:32:00,20184.01,894.18,44673.85,49030.23,49032.41,2.180000000000291,4.4460388547091424e-05
2026-07-07 16:33:00,20183.94,894.36,44673.82,49030.19,49032.41,2.220000000001164,4.527617549292731e-05
2026-07-07 16:34:00,20184.12,894.37,44673.83,49030.27,49032.4,2.1300000000046566,4.344066372448945e-05
2026-07-07 16:35:00,20183.88,894.58,44673.85,49030.19,49032.39,2.1999999999970896,4.486830032142202e-05
2026-07-07 16:36:00,20183.99,894.66,44673.82,49030.21,49032.39,2.180000000000291,4.446040668220112e-05
2026-07-07 16:37:00,20184.35,894.67,44673.88,49030.42,49032.39,1.9700000000011642,4.017752346971388e-05
2026-07-07 16:38:00,20184.46,894.82,44674.1,49030.67,49032.39,1.7200000000011642,3.507885297863645e-05
2026-07-07 16:39:00,20184.18,895.02,44673.9,49030.36,49032.39,2.029999999998836,4.140120438752498e-05
2026-07-07 16:40:00,20184.42,895.17,44674.23,49030.77,49032.380000000005,1.610000000007858,3.283544465938341e-05
2026-07-07 16:41:00,20184.48,895.21,44674.28,49030.83,49032.37,1.5400000000008731,3.1407823036106e-05
2026-07-07 16:42:00,20184.36,895.39,44673.92,49030.46,49032.365000000005,1.9050000000061118,3.8851888951432625e-05
2026-07-07 16:43:00,20184.55,895.46,44674.32,49030.91,49032.36,1.4499999999970896,2.957230694172358e-05
2026-07-07 16:44:00,20184.08,895.86,44674.25,49030.66,49032.354999999996,1.694999999992433,3.456901060518984e-05
2026-07-07 16:45:00,20184.14,895.99,44674.14,49030.59,49032.35,1.7600000000020373,3.589466953964143e-05
2026-07-07 16:46:00,20184.23,896.0,44674.35,49030.81,49032.345,1.5350000000034925,3.1305865546579355e-05
2026-07-07 16:47:00,20183.98,896.53,44674.3,49030.68,49032.34,1.6599999999962165,3.385520658398552e-05
2026-07-07 16:48:00,20183.89,896.95,44674.34,49030.7,49032.325,1.625,3.3141402126046444e-05
2026-07-07 16:49:00,20184.15,897.02,44674.28,49030.75,49032.31,1.5599999999976717,3.1815755774053305e-05
2026-07-07 16:50:00,20184.26,897.14,44674.34,49030.86,49032.31,1.4499999999970896,2.9572337097662536e-05
2026-07-07 16:51:00,20184.53,897.29,44674.48,49031.08,49032.31,1.2299999999959255,2.5085499744880987e-05
2026-07-07 16:52:00,20184.62,897.28,44674.54,49031.19,49032.31,1.1199999999953434,2.2842081068490214e-05
2026-07-07 16:53:00,20184.91,897.45,44674.64,49031.39,49032.31,0.9199999999982538,1.8763138020587933e-05
2026-07-07 16:54:00,20185.5,897.53,44674.93,49031.91,49032.305,0.3949999999967986,8.055913341149239e-06
2026-07-07 16:55:00,20185.77,897.68,44674.87,49031.96,49032.3,0.3400000000037835,6.9342045958232325e-06
2026-07-07 16:56:00,20186.14,897.97,44674.89,49032.13,49032.3,0.17000000000552973,3.4671022979858117e-06
2026-07-07 16:57:00,20185.99,898.28,44674.88,49032.06,49032.3,0.2400000000052387,4.894732655927596e-06
2026-07-07 16:58:00,20185.86,898.5,44674.86,49032.0,49032.295,0.29499999999825377,6.016442836262382e-06
2026-07-07 16:59:00,20185.92,898.81,44674.96,49032.12,49032.29,0.16999999999825377,3.46710300494335e-06
2026-07-07 17:00:00,20186.02,898.81,44675.07,49032.25,49032.285,0.03500000000349246,7.138153974160588e-07
2026-07-07 17:01:00,20185.93,898.72,44675.09,49032.23,49032.28,0.049999999995634425,1.0197363858183716e-06
2026-07-07 17:02:00,20186.04,898.87,44675.16,49032.35,49032.28,0.06999999999970896,1.4276309402644332e-06
2026-07-07 17:03:00,20186.12,898.84,44675.3,49032.5,49032.28,0.22000000000116415,4.48684009801633e-06
2026-07-07 17:04:00,20186.12,898.98,44675.37,49032.57,49032.270000000004,0.2999999999956344,6.1184195631904135e-06
2026-07-07 17:05:00,20185.69,899.19,44675.21,49032.26,49032.26,0.0,0.0
2026-07-07 17:06:00,20185.79,899.24,44675.45,49032.51,49032.26,0.25,5.098684009262473e-06
2026-07-07 17:07:00,20185.62,899.41,44675.3,49032.3,49032.26,0.040000000000873115,8.157894414998026e-07
2026-07-07 17:08:00,20185.21,899.7,44675.19,49032.03,49032.255000000005,0.22500000000582077,4.588816076393401e-06
2026-07-07 17:09:00,20185.42,899.89,44675.36,49032.29,49032.25,0.040000000000873115,8.157896078779398e-07
2026-07-07 17:10:00,20185.07,900.09,44675.16,49031.96,49032.244999999995,0.2849999999962165,5.812501548648579e-06
2026-07-07 17:11:00,20185.01,900.18,44675.09,49031.88,49032.24,0.3600000000005821,7.3421079681569125e-06
2026-07-07 17:12:00,20185.82,900.08,44675.55,49032.62,49032.24,0.3800000000046566,7.75000285535918e-06
2026-07-07 17:13:00,20185.96,900.15,44675.61,49032.73,49032.24,0.4900000000052387,9.993424734526481e-06
2026-07-07 17:14:00,20186.11,900.01,44675.49,49032.68,49032.235,0.44499999999970896,9.075662163874622e-06
2026-07-07 17:15:00,20186.43,900.0,44675.55,49032.87,49032.23,0.6399999999994179,1.30526390498539e-05
2026-07-07 17:16:00,20186.67,900.16,44675.59,49033.02,49032.23,0.7899999999935972,1.6111851327047478e-05
2026-07-07 17:17:00,20186.83,900.28,44675.85,49033.31,49032.23,1.0799999999944703,2.2026328396535712e-05
2026-07-07 17:18:00,20186.79,900.17,44675.81,49033.27,49032.22,1.0499999999956344,2.141449030852844e-05
2026-07-07 17:19:00,20187.01,899.91,44675.91,49033.44,49032.21,1.2300000000032014,2.5085550906296115e-05
2026-07-07 17:20:00,20187.43,899.94,44676.18,49033.86,49032.205,1.6549999999988358,3.375332600275341e-05
2026-07-07 17:21:00,20187.41,900.22,44676.2,49033.88,49032.2,1.680000000000291,3.4263198469583074e-05
2026-07-07 17:22:00,20187.39,900.4,44676.12,49033.8,49032.2,1.6000000000058208,3.2631617590192176e-05
2026-07-07 17:23:00,20187.54,900.39,44676.13,49033.87,49032.2,1.6700000000055297,3.405925085975196e-05
2026-07-07 17:24:00,20187.72,900.4,44676.27,49034.07,49032.2,1.8700000000026193,3.813820305845178e-05
2026-07-07 17:25:00,20188.01,900.45,44676.53,49034.43,49032.2,2.2300000000032014,4.548031701623018e-05
2026-07-07 17:26:00,20188.77,900.42,44676.43,49034.64,49032.195,2.444999999999709,4.986519571476882e-05
2026-07-07 17:27:00,20186.88,900.61,44676.33,49033.78,49032.19,1.5899999999965075,3.242767659361141e-05
2026-07-07 17:28:00,20188.69,900.48,44676.59,49034.78,49032.175,2.6049999999959255,5.312837947727029e-05
2026-07-07 17:29:00,20189.01,900.87,44676.77,49035.06,49032.16,2.8999999999941792,5.914485513169681e-05
2026-07-07 17:30:00,20188.62,900.6,44676.82,49034.96,49032.16,2.7999999999956344,5.7105377368560435e-05
2026-07-07 17:31:00,20189.24,900.7,44676.86,49035.23,49032.16,3.069999999999709,6.261196732919187e-05
2026-07-07 17:32:00,20189.05,900.68,44677.04,49035.33,49032.15,3.180000000000291,6.485540609580226e-05
2026-07-07 17:33:00,20189.5,900.88,44677.13,49035.58,49032.14,3.4400000000023283,7.015806367012184e-05
2026-07-07 17:34:00,20189.74,900.86,44677.17,49035.72,49032.134999999995,3.585000000006403,7.31153150888984e-05
2026-07-07 17:35:00,20189.75,901.2,44677.24,49035.78,49032.13,3.650000000001455,7.444098390181e-05
2026-07-07 17:36:00,20188.83,901.74,44677.09,49035.29,49032.13,3.1600000000034925,6.444753674791393e-05
2026-07-07 17:37:00,20188.97,902.43,44677.35,49035.58,49032.13,3.4500000000043656,7.036202587985401e-05
2026-07-07 17:38:00,20187.66,902.06,44677.22,49034.93,49032.125,2.805000000000291,5.7207392092435135e-05
2026-07-07 17:39:00,20187.82,901.9,44677.46,49035.22,49032.12,3.099999999998545,6.32238622355824e-05
2026-07-07 17:40:00,20187.35,901.71,44677.6,49035.15,49032.12,3.029999999998836,6.179622663671967e-05
2026-07-07 17:41:00,20188.15,901.71,44678.02,49035.87,49032.12,3.75,7.648047851082107e-05
2026-07-07 17:42:00,20188.01,901.42,44678.07,49035.86,49032.115000000005,3.7449999999953434,7.637851232799855e-05
2026-07-07 17:43:00,20188.19,901.31,44678.0,49035.84,49032.11,3.7299999999959255,7.607259814019681e-05
2026-07-07 17:44:00,20188.47,901.32,44678.24,49036.18,49032.095,4.084999999999127,8.331277706977699e-05
2026-07-07 17:45:00,20189.11,901.12,44678.56,49036.73,49032.08,4.650000000001455,9.483587071977071e-05
2026-07-07 17:46:00,20189.53,900.93,44678.68,49037.01,49032.075,4.935000000004948,0.00010064840209199688
2026-07-07 17:47:00,20189.81,901.19,44678.63,49037.08,49032.07,5.010000000002037,0.0001021780234854869
2026-07-07 17:48:00,20189.62,901.4,44678.73,49037.1,49032.065,5.0349999999962165,0.00010268790433354615
2026-07-07 17:49:00,20189.23,901.42,44678.86,49037.02,49032.06,4.959999999999127,0.00010115830336312868
2026-07-07 17:50:00,20189.05,901.14,44678.73,49036.85,49032.06,4.790000000000873,9.769118409466936e-05
2026-07-07 17:51:00,20188.84,900.96,44679.03,49037.02,49032.06,4.959999999999127,0.00010115830336312868
2026-07-07 17:52:00,20188.28,900.89,44679.12,49036.88,49032.055,4.82499999999709,9.840501280227984e-05
2026-07-07 17:53:00,20188.03,900.96,44679.09,49036.75,49032.05,4.69999999999709,9.58556699138031e-05
2026-07-07 17:54:00,20188.06,900.76,44679.3,49036.94,49032.04,4.900000000001455,9.993465497257416e-05
2026-07-07 17:55:00,20187.81,900.7,44679.19,49036.74,49032.03,4.709999999999127,9.605965733009885e-05
2026-07-07 17:56:00,20187.5,900.67,44679.44,49036.85,49032.03,4.819999999999709,9.83030888176506e-05
2026-07-07 17:57:00,20187.32,900.94,44679.6,49036.93,49032.03,4.900000000001455,9.993467535407886e-05
2026-07-07 17:58:00,20186.93,901.39,44679.41,49036.62,49032.03,4.5900000000037835,9.361227752560487e-05
2026-07-07 17:59:00,20185.55,901.19,44679.39,49036.03,49032.03,4.0,8.157932681963198e-05
2026-07-07 18:00:00,20186.15,901.74,44679.54,49036.4,49032.03,4.370000000002619,8.912541455050136e-05
2026-07-07 18:01:00,20187.17,901.85,44679.84,49037.12,49032.03,5.0900000000037835,0.00010380969337805886
2026-07-07 18:02:00,20185.4,902.07,44679.35,49035.94,49032.024999999994,3.915000000008149,7.984577426708665e-05
2026-07-07 18:03:00,20185.6,902.88,44679.52,49036.18,49032.02,4.1600000000034925,8.48425171959771e-05
2026-07-07 18:04:00,20184.51,903.3,44679.41,49035.65,49032.02,3.6300000000046566,7.40332541878686e-05
2026-07-07 18:05:00,20184.43,903.28,44679.6,49035.8,49032.02,3.780000000006112,7.709247956755834e-05
2026-07-07 18:06:00,20184.26,903.7,44679.44,49035.58,49032.02,3.5600000000049477,7.26056156773665e-05
2026-07-07 18:07:00,20183.85,903.31,44679.65,49035.61,49032.02,3.5900000000037835,7.321746075327477e-05
2026-07-07 18:08:00,20184.83,903.48,44679.87,49036.22,49032.015,4.205000000001746,8.576029355517505e-05
2026-07-07 18:09:00,20184.35,903.45,44679.81,49035.98,49032.01,3.970000000001164,8.096751489488529e-05
2026-07-07 18:10:00,20184.97,903.21,44680.08,49036.47,49032.01,4.459999999999127,9.096098650655208e-05
2026-07-07 18:11:00,20185.24,902.93,44680.25,49036.73,49032.01,4.720000000001164,9.626364491280622e-05
2026-07-07 18:12:00,20185.28,902.89,44680.25,49036.73,49032.005000000005,4.724999999998545,9.63656289396802e-05
2026-07-07 18:13:00,20185.14,903.33,44680.23,49036.69,49032.0,4.690000000002328,9.565181922014865e-05
2026-07-07 18:14:00,20185.29,903.5,44680.16,49036.68,49031.994999999995,4.685000000004948,9.554985474290711e-05
2026-07-07 18:15:00,20184.8,903.52,44679.95,49036.28,49031.99,4.290000000000873,8.749389939100725e-05
2026-07-07 18:16:00,20184.91,903.69,44679.99,49036.37,49031.99,4.380000000004657,8.932943574194433e-05
2026-07-07 18:17:00,20185.03,903.66,44680.21,49036.64,49031.99,4.650000000001455,9.483604479445879e-05
2026-07-07 18:18:00,20184.69,903.49,44680.22,49036.49,49031.985,4.504999999997381,9.1878801153928e-05
2026-07-07 18:19:00,20184.45,903.48,44680.02,49036.22,49031.98,4.239999999997963,8.647417461008025e-05
2026-07-07 18:20:00,20184.61,903.86,44679.91,49036.17,49031.98,4.189999999995052,8.545443198490153e-05
2026-07-07 18:21:00,20184.43,903.01,44679.94,49036.14,49031.98,4.1599999999962165,8.484258640985366e-05
2026-07-07 18:22:00,20183.95,903.09,44679.96,49035.94,49031.975000000006,3.9649999999965075,8.086559841810384e-05
2026-07-07 18:23:00,20183.19,902.9,44679.68,49035.36,49031.97,3.389999999999418,6.913856408378896e-05
2026-07-07 18:24:00,20183.11,903.04,44679.82,49035.47,49031.97,3.5,7.138199831660853e-05
2026-07-07 18:25:00,20182.62,902.46,44680.08,49035.5,49031.97,3.529999999998836,7.199384401644143e-05
2026-07-07 18:26:00,20181.82,902.31,44679.88,49034.97,49031.97,3.0,6.118456998566445e-05
2026-07-07 18:27:00,20181.3,902.42,44679.8,49034.69,49031.97,2.720000000001164,5.547401012035951e-05
2026-07-07 18:28:00,20180.28,902.56,44679.6,49034.09,49031.97,2.1199999999953434,4.323709612310791e-05
2026-07-07 18:29:00,20179.71,902.32,44679.79,49034.02,49031.97,2.0499999999956344,4.180945615678167e-05
2026-07-07 18:30:00,20178.82,902.48,44679.48,49033.36,49031.965,1.3950000000040745,2.8450827944669862e-05
2026-07-07 18:31:00,20178.37,903.0,44679.31,49033.04,49031.96,1.0800000000017462,2.202644968713766e-05
2026-07-07 18:32:00,20177.61,903.49,44679.03,49032.49,49031.96,0.5299999999988358,1.0809276235313372e-05
2026-07-07 18:33:00,20177.57,903.25,44679.14,49032.57,49031.96,0.6100000000005821,1.2440865101060249e-05
2026-07-07 18:34:00,20177.12,903.09,44679.1,49032.34,49031.96,0.37999999999738066,7.750047112075077e-06
2026-07-07 18:35:00,20176.92,902.76,44679.09,49032.24,49031.96,0.27999999999883585,5.710561029965677e-06
2026-07-07 18:36:00,20177.01,903.04,44679.31,49032.5,49031.935,0.5650000000023283,1.1523102239434939e-05
2026-07-07 18:37:00,20177.09,902.72,44679.48,49032.68,49031.91,0.7699999999967986,1.5704058846510334e-05
2026-07-07 18:38:00,20177.05,902.9,44679.29,49032.5,49031.91,0.5899999999965075,1.203298015509711e-05
2026-07-07 18:39:00,20177.48,902.98,44679.06,49032.46,49031.91,0.5499999999956344,1.1217184890322127e-05
2026-07-07 18:40:00,20177.67,903.2,44679.23,49032.69,49031.91,0.7799999999988358,1.5908007662741177e-05
2026-07-07 18:41:00,20177.41,903.51,44679.12,49032.49,49031.91,0.5799999999944703,1.1829031338866265e-05
2026-07-07 18:42:00,20177.48,903.42,44678.98,49032.39,49031.905,0.4850000000005821,9.891518593874379e-06
2026-07-07 18:43:00,20177.91,903.49,44678.93,49032.52,49031.9,0.6199999999953434,1.264482918253919e-05
2026-07-07 18:44:00,20177.97,903.54,44678.81,49032.44,49031.89,0.5500000000029104,1.1217189465935545e-05
2026-07-07 18:45:00,20178.29,903.37,44678.85,49032.59,49031.88,0.7099999999991269,1.4480374809187959e-05
2026-07-07 18:46:00,20178.43,903.88,44679.02,49032.82,49031.875,0.944999999999709,1.9273176887477972e-05
2026-07-07 18:47:00,20178.31,903.85,44678.92,49032.68,49031.87,0.8099999999976717,1.651986758811507e-05
2026-07-07 18:48:00,20178.46,904.18,44678.89,49032.72,49031.865000000005,0.8549999999959255,1.7437639787838487e-05
2026-07-07 18:49:00,20178.79,903.94,44679.03,49032.97,49031.86,1.110000000000582,2.2638341682338424e-05
2026-07-07 18:50:00,20179.17,903.94,44679.2,49033.3,49031.86,1.4400000000023283,2.9368659479822474e-05
2026-07-07 18:51:00,20179.43,903.64,44679.42,49033.59,49031.86,1.7299999999959255,3.528318118047991e-05
2026-07-07 18:52:00,20179.46,903.49,44679.43,49033.6,49031.854999999996,1.7450000000026193,3.5589108346046044e-05
2026-07-07 18:53:00,20179.44,903.48,44679.45,49033.6,49031.85,1.75,3.569108650805548e-05
2026-07-07 18:54:00,20179.54,903.31,44679.15,49033.39,49031.85,1.5400000000008731,3.1408156127106626e-05
2026-07-07 18:55:00,20180.3,903.1,44679.65,49034.15,49031.85,2.3000000000029104,4.6908285124932276e-05
2026-07-07 18:56:00,20179.58,903.5,44679.62,49033.83,49031.845,1.985000000000582,4.0483893681760944e-05
2026-07-07 18:57:00,20179.11,903.97,44679.34,49033.39,49031.84,1.5500000000029104,3.161211164016913e-05
2026-07-07 18:58:00,20179.41,904.31,44679.18,49033.37,49031.84,1.5300000000061118,3.120421342552333e-05
2026-07-07 18:59:00,20180.09,904.25,44679.54,49033.97,49031.84,2.1300000000046566,4.344115986682647e-05
2026-07-07 19:00:00,20180.42,904.27,44679.72,49034.27,49031.825,2.444999999999709,4.986557200348364e-05
2026-07-07 19:01:00,20180.56,904.2,44679.88,49034.48,49031.81,2.6700000000055297,5.4454444981850145e-05
2026-07-07 19:02:00,20180.0,904.02,44679.84,49034.19,49031.8,2.389999999999418,4.874387642304418e-05
2026-07-07 19:03:00,20179.63,904.11,44679.85,49034.06,49031.79,2.2699999999967986,4.629649458028758e-05
2026-07-07 19:04:00,20179.72,904.51,44680.02,49034.25,49031.76,2.4899999999979627,5.07834105893397e-05
2026-07-07 19:05:00,20179.74,904.57,44679.78,49034.04,49031.73,2.3099999999976717,4.711234949282172e-05
2026-07-07 19:06:00,20179.72,905.26,44679.74,49034.01,49031.725000000006,2.2849999999962165,4.660248033280935e-05
2026-07-07 19:07:00,20180.19,905.4,44679.81,49034.26,49031.72,2.540000000000873,5.1803200050923627e-05
2026-07-07 19:08:00,20180.67,905.55,44679.96,49034.6,49031.715,2.8850000000020373,5.8839467475327705e-05
2026-07-07 19:09:00,20181.02,905.6,44680.06,49034.84,49031.71,3.1299999999973807,6.383623985370652e-05
2026-07-07 19:10:00,20180.68,905.46,44680.0,49034.65,49031.71,2.9400000000023283,5.996119654000092e-05
2026-07-07 19:11:00,20180.99,905.51,44680.2,49034.96,49031.71,3.25,6.62836356309009e-05
2026-07-07 19:12:00,20180.81,905.36,44680.3,49034.96,49031.7,3.2600000000020373,6.648759883915992e-05
2026-07-07 19:13:00,20180.87,905.38,44680.36,49035.03,49031.69,3.3399999999965075,6.811921024946331e-05
2026-07-07 19:14:00,20180.81,905.01,44680.32,49034.98,49031.69,3.290000000000873,6.709946159312218e-05
2026-07-07 19:15:00,20181.03,904.93,44680.54,49035.27,49031.69,3.5799999999944703,7.30140038002865e-05
2026-07-07 19:16:00,20181.25,905.39,44680.83,49035.65,49031.68,3.970000000001164,8.096805983399231e-05
2026-07-07 19:17:00,20181.2,905.24,44680.86,49035.65,49031.67,3.9800000000032014,8.11720261619317e-05
2026-07-07 19:18:00,20181.54,905.38,44680.97,49035.88,49031.649999999994,4.230000000003201,8.627080671368804e-05
2026-07-07 19:19:00,20181.35,905.52,44680.77,49035.62,49031.63,3.9900000000052387,8.137604236296527e-05
2026-07-07 19:20:00,20181.6,905.51,44681.06,49035.99,49031.63,4.360000000000582,8.892219165466418e-05
2026-07-07 19:21:00,20181.72,905.71,44681.06,49036.03,49031.63,4.400000000001455,8.973799157811917e-05
2026-07-07 19:22:00,20181.92,905.26,44681.0,49036.05,49031.619999999995,4.430000000007567,9.034985994767391e-05
2026-07-07 19:23:00,20181.41,905.26,44681.0,49035.86,49031.61,4.25,8.667877722146999e-05
2026-07-07 19:24:00,20181.14,905.47,44681.18,49035.91,49031.604999999996,4.305000000007567,8.780051152736214e-05
2026-07-07 19:25:00,20181.04,905.2,44681.21,49035.88,49031.6,4.279999999998836,8.729064521653049e-05
2026-07-07 19:26:00,20180.71,905.3,44681.04,49035.61,49031.6,4.010000000002037,8.17839923641496e-05
2026-07-07 19:27:00,20181.08,905.53,44681.16,49035.89,49031.6,4.290000000000873,8.749459532221818e-05
2026-07-07 19:28:00,20181.29,905.79,44681.29,49036.09,49031.555,4.5349999999962165,9.249145779684566e-05
2026-07-07 19:29:00,20181.16,905.76,44681.18,49035.93,49031.51,4.419999999998254,9.014611216334666e-05
2026-07-07 19:30:00,20181.56,905.44,44681.29,49036.2,49031.5,4.69999999999709,9.585674515356637e-05
2026-07-07 19:31:00,20181.42,905.53,44681.46,49036.3,49031.49,4.810000000004948,9.810022089895592e-05
2026-07-07 19:32:00,20181.13,905.57,44681.39,49036.11,49031.485,4.625,9.432714509870545e-05
2026-07-07 19:33:00,20181.16,905.53,44681.43,49036.16,49031.48,4.680000000000291,9.544888304412372e-05
2026-07-07 19:34:00,20181.08,905.5,44681.48,49036.17,49031.47,4.69999999999709,9.585680380370178e-05
2026-07-07 19:35:00,20180.99,905.49,44681.39,49036.05,49031.46,4.5900000000037835,9.361336578604398e-05
2026-07-07 19:36:00,20180.59,905.53,44681.36,49035.85,49031.455,4.394999999996799,8.963633651085407e-05
2026-07-07 19:37:00,20180.84,905.4,44681.54,49036.11,49031.45,4.6600000000034925,9.504103998563152e-05
2026-07-07 19:38:00,20180.72,904.94,44681.39,49035.93,49031.45,4.480000000003201,9.136992685313614e-05
2026-07-07 19:39:00,20180.68,905.09,44681.77,49036.26,49031.45,4.810000000004948,9.810030092940241e-05
2026-07-07 19:40:00,20180.25,904.84,44681.82,49036.14,49031.445,4.694999999999709,9.575487730373251e-05
2026-07-07 19:41:00,20180.01,904.68,44681.7,49035.92,49031.44,4.4799999999959255,9.136994548795477e-05
2026-07-07 19:42:00,20180.17,904.44,44681.72,49036.01,49031.425,4.584999999999127,9.351145719299667e-05
2026-07-07 19:43:00,20180.34,904.3,44681.75,49036.09,49031.41,4.679999999993015,9.544901931217183e-05
2026-07-07 19:44:00,20180.55,904.17,44681.92,49036.31,49031.41,4.899999999994179,9.99359390234582e-05
2026-07-07 19:45:00,20180.31,904.15,44681.91,49036.2,49031.41,4.789999999993597,9.769247916781502e-05
2026-07-07 19:46:00,20180.33,903.75,44681.9,49036.19,49031.41,4.779999999998836,9.748852827195538e-05
2026-07-07 19:47:00,20180.02,903.51,44681.91,49036.09,49031.41,4.679999999993015,9.544901931217183e-05
2026-07-07 19:48:00,20179.65,903.41,44681.79,49035.82,49031.43,4.389999999999418,8.953440680802942e-05
2026-07-07 19:49:00,20179.55,903.35,44681.69,49035.69,49031.45,4.240000000005239,8.647510934319174e-05
2026-07-07 19:50:00,20179.83,903.64,44681.83,49035.93,49031.45,4.480000000003201,9.136992685313614e-05
2026-07-07 19:51:00,20179.91,903.36,44681.65,49035.82,49031.45,4.370000000002619,8.912646882771404e-05
2026-07-07 19:52:00,20180.22,902.8,44681.83,49036.1,49031.45,4.650000000001455,9.483708925600722e-05
2026-07-07 19:53:00,20180.3,902.48,44682.03,49036.3,49031.45,4.850000000005821,9.891610384775121e-05
2026-07-07 19:54:00,20180.32,902.39,44681.91,49036.2,49031.455,4.744999999995343,9.677461131829238e-05
2026-07-07 19:55:00,20180.16,902.18,44681.74,49035.96,49031.46,4.5,9.17778095940851e-05
2026-07-07 19:56:00,20180.22,902.19,44681.81,49036.04,49031.47,4.569999999999709,9.320544540067244e-05
2026-07-07 19:57:00,20180.18,902.28,44681.92,49036.12,49031.48,4.639999999999418,9.463308062492541e-05
2026-07-07 19:58:00,20180.08,902.03,44681.82,49035.98,49031.54,4.440000000002328,9.055395771787564e-05
2026-07-07 19:59:00,20180.07,901.74,44681.62,49035.82,49031.6,4.220000000001164,8.606694458270104e-05
2026-07-07 20:00:00,20179.9,901.48,44681.79,49035.88,49031.6,4.279999999998836,8.729064521653049e-05
2026-07-07 20:01:00,20180.14,900.78,44682.12,49036.27,49031.6,4.669999999998254,9.524469933671865e-05
2026-07-07 20:02:00,20179.49,900.48,44681.73,49035.65,49031.604999999996,4.04500000000553,8.24978093212639e-05
2026-07-07 20:03:00,20179.07,900.41,44681.66,49035.41,49031.61,3.8000000000029104,7.750102433925605e-05
2026-07-07 20:04:00,20178.73,900.22,44681.52,49035.14,49031.619999999995,3.5200000000040745,7.179040790420702e-05
2026-07-07 20:05:00,20178.21,900.29,44681.31,49034.74,49031.63,3.110000000000582,6.34284440472524e-05
2026-07-07 20:06:00,20177.79,900.37,44681.33,49034.6,49031.63,2.970000000001164,6.057314431523415e-05
2026-07-07 20:07:00,20177.75,900.43,44681.44,49034.68,49031.63,3.0500000000029104,6.220474416214413e-05
2026-07-07 20:08:00,20177.71,900.27,44681.21,49034.45,49031.649999999994,2.8000000000029104,5.710597134713824e-05
2026-07-07 20:09:00,20177.5,900.85,44681.02,49034.19,49031.67,2.5200000000040745,5.139535324830002e-05
2026-07-07 20:10:00,20177.24,900.54,44680.65,49033.75,49031.68,2.069999999999709,4.221760298647138e-05
2026-07-07 20:11:00,20177.67,900.19,44680.83,49034.09,49031.69,2.3999999999941792,4.8947935508528856e-05
2026-07-07 20:12:00,20178.03,900.5,44681.04,49034.43,49031.69,2.7399999999979627,5.588222637233109e-05
2026-07-07 20:13:00,20177.87,900.69,44680.8,49034.15,49031.69,2.459999999999127,5.017163389634595e-05
2026-07-07 20:14:00,20177.97,900.62,44680.85,49034.23,49031.705,2.525000000001455,5.1497291395464526e-05
2026-07-07 20:15:00,20178.12,900.71,44680.78,49034.22,49031.72,2.5,5.098740162490731e-05
2026-07-07 20:16:00,20178.03,901.0,44680.48,49033.92,49031.755000000005,2.164999999993597,4.4155058288115464e-05
2026-07-07 20:17:00,20178.17,901.07,44680.44,49033.95,49031.72,2.2299999999959255,4.5480762249334214e-05
2026-07-07 20:18:00,20178.28,900.83,44680.41,49033.97,49031.705,2.264999999999418,4.619460000420988e-05
2026-07-07 20:19:00,20178.27,900.44,44680.25,49033.81,49031.69,2.1199999999953434,4.3237343032543715e-05
2026-07-07 20:20:00,20178.78,900.36,44680.42,49034.18,49031.69,2.4899999999979627,5.0783483090180304e-05
2026-07-07 20:21:00,20179.11,900.5,44680.37,49034.26,49031.69,2.569999999999709,5.241508094050417e-05
2026-07-07 20:22:00,20179.55,900.77,44680.19,49034.28,49031.66,2.6199999999953434,5.3434862290922703e-05
2026-07-07 20:23:00,20179.51,901.03,44679.8,49033.92,49031.63,2.290000000000873,4.67045456167962e-05
2026-07-07 20:24:00,20179.75,901.09,44679.83,49034.05,49031.66,2.389999999999418,4.874401560133632e-05
2026-07-07 20:25:00,20180.0,900.91,44679.84,49034.17,49031.63,2.540000000000873,5.180329513827856e-05
2026-07-07 20:26:00,20180.6,900.57,44679.98,49034.51,49031.615,2.8950000000040745,5.904353752174132e-05
2026-07-07 20:27:00,20180.75,900.68,44679.94,49034.55,49031.6,2.9500000000043656,6.016528116570468e-05
2026-07-07 20:28:00,20180.99,900.64,44679.86,49034.58,49031.54,3.040000000000873,6.200090798699924e-05
2026-07-07 20:29:00,20181.17,900.37,44679.93,49034.71,49031.48,3.2299999999959255,6.587604534874177e-05
2026-07-07 20:30:00,20181.09,900.22,44679.86,49034.6,49031.47,3.1299999999973807,6.383655232032368e-05
2026-07-07 20:31:00,20181.33,899.7,44680.01,49034.84,49031.46,3.3799999999973807,6.893533253950383e-05
2026-07-07 20:32:00,20181.41,899.97,44680.18,49035.02,49031.455,3.5649999999950523,7.27084276816801e-05
2026-07-07 20:33:00,20181.11,899.77,44679.89,49034.63,49031.45,3.180000000000291,6.485633200731962e-05
2026-07-07 20:34:00,20180.98,900.08,44679.77,49034.47,49031.43,3.040000000000873,6.20010470834906e-05
2026-07-07 20:35:00,20181.07,899.7,44679.81,49034.55,49031.41,3.139999999999418,6.404058133346396e-05
2026-07-07 20:36:00,20181.05,899.75,44679.92,49034.64,49031.41,3.2299999999959255,6.587613939709107e-05
2026-07-07 20:37:00,20180.93,899.8,44679.88,49034.56,49031.41,3.1499999999941792,6.424453222932359e-05
2026-07-07 20:38:00,20180.92,899.72,44679.82,49034.52,49031.4,3.1199999999953434,6.363269251939254e-05
2026-07-07 20:39:00,20180.67,900.06,44679.72,49034.33,49031.39,2.9400000000023283,5.9961587872632787e-05
2026-07-07 20:40:00,20180.41,900.19,44679.6,49034.11,49031.36,2.75,5.608655358529724e-05
2026-07-07 20:41:00,20180.36,900.26,44679.63,49034.12,49031.33,2.790000000000873,5.690239281701869e-05
2026-07-07 20:42:00,20180.5,900.35,44679.67,49034.22,49031.325,2.8950000000040745,5.9043886739835704e-05
2026-07-07 20:43:00,20179.97,900.52,44679.48,49033.83,49031.32,2.5100000000020373,5.119176885309303e-05
2026-07-07 20:44:00,20179.92,900.65,44679.57,49033.88,49031.32,2.5599999999976717,5.22115252046584e-05
2026-07-07 20:45:00,20179.67,900.48,44679.51,49033.73,49031.32,2.4100000000034925,4.9152256149813884e-05
2026-07-07 20:46:00,20179.57,900.62,44679.51,49033.68,49031.305,2.375,4.843844152220709e-05
2026-07-07 20:47:00,20179.37,901.13,44679.33,49033.45,49031.29,2.1599999999962165,4.405350134569612e-05
2026-07-07 20:48:00,20179.19,901.29,44678.92,49032.99,49031.29,1.6999999999970896,3.4671737170225165e-05
2026-07-07 20:49:00,20179.64,901.41,44678.94,49033.21,49031.29,1.9199999999982538,3.9158667862873966e-05
2026-07-07 20:50:00,20180.03,901.65,44678.93,49033.36,49031.28,2.0800000000017462,4.242189883685978e-05
2026-07-07 20:51:00,20180.4,901.51,44679.04,49033.59,49031.27,2.319999999999709,4.731674296830796e-05
2026-07-07 20:52:00,20180.79,901.41,44678.96,49033.68,49031.265,2.415000000000873,4.925428703503516e-05
2026-07-07 20:53:00,20181.21,901.34,44679.01,49033.91,49031.26,2.650000000001455,5.40471527756263e-05
2026-07-07 20:54:00,20181.05,901.7,44678.82,49033.67,49031.225000000006,2.444999999992433,4.9866182213322894e-05
2026-07-07 20:55:00,20181.06,901.99,44678.69,49033.56,49031.19,2.3699999999953434,4.833657922631173e-05
2026-07-07 20:56:00,20181.28,902.2,44678.64,49033.63,49031.19,2.4399999999950523,4.976424190387899e-05
2026-07-07 20:57:00,20181.42,902.46,44678.62,49033.64,49031.19,2.4499999999970896,4.996819371500242e-05
2026-07-07 20:58:00,20181.39,902.49,44678.58,49033.59,49031.18,2.4099999999962165,4.915239649537736e-05
2026-07-07 20:59:00,20181.64,902.53,44678.46,49033.6,49031.17,2.430000000000291,4.956031030873404e-05
2026-07-07 21:00:00,20182.04,902.24,44678.69,49033.98,49031.16,2.819999999999709,5.75144459156118e-05
2026-07-07 21:01:00,20182.4,902.2,44678.75,49034.17,49031.15,3.0199999999967986,6.159349719508513e-05
2026-07-07 21:02:00,20182.46,902.53,44678.64,49034.1,49031.145000000004,2.9549999999944703,6.0267815487369714e-05
2026-07-07 21:03:00,20182.91,902.55,44678.65,49034.29,49031.14,3.150000000001455,6.424488600512767e-05
2026-07-07 21:04:00,20183.47,902.5,44678.85,49034.68,49031.134999999995,3.5450000000055297,7.230099813119827e-05
2026-07-07 21:05:00,20183.54,902.18,44678.75,49034.62,49031.13,3.4900000000052387,7.11792691705298e-05
2026-07-07 21:06:00,20183.79,902.06,44678.59,49034.58,49031.119999999995,3.460000000006403,7.056742738094506e-05
2026-07-07 21:07:00,20184.29,901.96,44678.74,49034.91,49031.11,3.8000000000029104,7.750181466425929e-05
2026-07-07 21:08:00,20184.56,901.75,44678.82,49035.09,49031.095,3.9949999999953434,8.1478906395938e-05
2026-07-07 21:09:00,20184.8,901.22,44678.91,49035.27,49031.08,4.189999999995052,8.545600056117573e-05
2026-07-07 21:10:00,20185.07,900.62,44679.12,49035.54,49031.08,4.459999999999127,9.096271181461078e-05
2026-07-07 21:11:00,20185.12,899.9,44679.14,49035.58,49031.08,4.5,9.177852088919926e-05
2026-07-07 21:12:00,20185.53,899.7,44679.38,49035.95,49031.055,4.894999999996799,9.983468640429619e-05
2026-07-07 21:13:00,20185.51,899.72,44679.22,49035.8,49031.03,4.7700000000040745,9.72853313504545e-05
2026-07-07 21:14:00,20185.51,899.58,44679.2,49035.78,49031.03,4.75,9.687742639712036e-05
2026-07-07 21:15:00,20185.6,899.52,44679.16,49035.79,49031.03,4.760000000002037,9.708137887378742e-05
2026-07-07 21:16:00,20185.9,899.57,44679.2,49035.96,49031.024999999994,4.935000000004948,0.00010065055747875857
2026-07-07 21:17:00,20186.07,899.44,44679.12,49035.96,49031.02,4.940000000002328,0.00010075254400178353
2026-07-07 21:18:00,20186.72,899.3,44679.31,49036.41,49031.005,5.405000000006112,0.00011023636982366794
2026-07-07 21:19:00,20187.32,899.36,44679.34,49036.67,49030.99,5.680000000000291,0.00011584510123088053
2026-07-07 21:20:00,20187.61,899.59,44679.16,49036.62,49030.985,5.635000000002037,0.00011492732605722764
2026-07-07 21:21:00,20188.03,899.61,44679.07,49036.72,49030.98,5.739999999997963,0.00011706884096540518
2026-07-07 21:22:00,20188.57,899.4,44679.15,49037.01,49030.98,6.029999999998836,0.00012298346881907797
2026-07-07 21:23:00,20188.76,899.33,44679.12,49037.04,49030.98,6.059999999997672,0.0001235953268728806
2026-07-07 21:24:00,20189.39,899.27,44679.14,49037.34,49030.94500000001,6.394999999989523,0.0001304278349109837
2026-07-07 21:25:00,20189.74,899.32,44679.19,49037.53,49030.91,6.619999999995343,0.00013501686997029717
2026-07-07 21:26:00,20189.58,899.38,44679.08,49037.36,49030.885,6.474999999998545,0.00013205961915634492
2026-07-07 21:27:00,20189.56,899.5,44678.99,49037.28,49030.86,6.419999999998254,0.0001309379439805513
2026-07-07 21:28:00,20189.14,899.77,44678.92,49037.04,49030.845,6.194999999999709,0.00012634903599967958
2026-07-07 21:29:00,20188.94,899.87,44679.0,49037.04,49030.83,6.209999999999127,0.00012665500461646532
2026-07-07 21:30:00,20188.41,899.88,44678.94,49036.75,49030.82,5.930000000000291,0.00012094433664377408
2026-07-07 21:31:00,20187.89,899.84,44678.89,49036.5,49030.81,5.690000000002328,0.00011604947990870085
2026-07-07 21:32:00,20187.35,900.6,44678.84,49036.23,49030.78999999999,5.440000000009604,0.00011095069037251092
2026-07-07 21:33:00,20186.8,900.81,44678.77,49035.95,49030.81,5.139999999999418,0.00010483204336211085
2026-07-07 21:34:00,20186.36,901.11,44678.74,49035.75,49030.78999999999,4.960000000006403,0.00010116092357488842
2026-07-07 21:35:00,20185.86,901.04,44678.76,49035.56,49030.81,4.75,9.687786108367373e-05
2026-07-07 21:36:00,20185.28,901.13,44678.9,49035.45,49030.82,4.629999999997381,9.443040112315847e-05
2026-07-07 21:37:00,20184.59,901.38,44678.91,49035.19,49030.83,4.360000000000582,8.892364253267958e-05
2026-07-07 21:38:00,20184.17,901.5,44678.85,49034.97,49030.845,4.125,8.413071404337412e-05
2026-07-07 21:39:00,20183.77,902.0,44678.71,49034.68,49030.86,3.819999999999709,7.791011620028098e-05
2026-07-07 21:40:00,20183.42,902.28,44678.73,49034.56,49030.885,3.6749999999956344,7.495275681839384e-05
2026-07-07 21:41:00,20183.04,902.46,44678.74,49034.42,49030.91,3.5099999999947613,7.158749450081104e-05
2026-07-07 21:42:00,20182.53,902.36,44678.84,49034.31,49030.94500000001,3.3649999999906868,6.863012736121416e-05
2026-07-07 21:43:00,20181.85,902.52,44678.9,49034.09,49030.98,3.109999999993306,6.342928491319786e-05
2026-07-07 21:44:00,20181.45,902.73,44678.96,49033.98,49030.98,3.0,6.118580538263766e-05
2026-07-07 21:45:00,20181.26,902.96,44679.0,49033.95,49030.98,2.969999999993888,6.057394732868664e-05
2026-07-07 21:46:00,20181.24,903.23,44679.05,49033.99,49031.0,2.9899999999979627,6.0981827823172334e-05
2026-07-07 21:47:00,20181.09,903.52,44679.04,49033.93,49031.02,2.9100000000034925,5.9350182802713314e-05
2026-07-07 21:48:00,20180.64,903.61,44679.02,49033.73,49031.024999999994,2.705000000009022,5.516915055332868e-05
2026-07-07 21:49:00,20180.63,903.59,44679.02,49033.73,49031.03,2.7000000000043656,5.50671686889785e-05
2026-07-07 21:50:00,20180.36,903.5,44679.09,49033.68,49031.055,2.625,5.353749781643491e-05
2026-07-07 21:51:00,20180.24,903.25,44679.29,49033.8,49031.08,2.720000000001164,5.5475017070828624e-05
2026-07-07 21:52:00,20179.78,903.51,44679.18,49033.53,49031.11,2.4199999999982538,4.935641881242855e-05
2026-07-07 21:53:00,20179.53,903.66,44678.94,49033.2,49031.14,2.0599999999976717,4.201411592709596e-05
2026-07-07 21:54:00,20179.31,904.09,44678.73,49032.94,49031.145000000004,1.7949999999982538,3.660938368863818e-05
2026-07-07 21:55:00,20179.29,904.53,44678.78,49032.98,49031.15,1.8300000000017462,3.732321187656717e-05
2026-07-07 21:56:00,20179.33,904.59,44678.61,49032.83,49031.16,1.6699999999982538,3.405997329041886e-05
2026-07-07 21:57:00,20179.35,904.8,44678.58,49032.82,49031.17,1.6500000000014552,3.365206255533888e-05
2026-07-07 21:58:00,20179.44,904.72,44678.7,49032.96,49031.18,1.7799999999988358,3.630342977670201e-05
2026-07-07 21:59:00,20179.38,904.25,44678.72,49032.97,49031.19,1.7799999999988358,3.630342237255175e-05
2026-07-07 22:00:00,20179.77,904.18,44678.91,49033.31,49031.19,2.1199999999953434,4.323778394926461e-05
2026-07-07 22:01:00,20180.18,904.21,44679.03,49033.6,49031.19,2.4099999999962165,4.915238647065707e-05
2026-07-07 22:02:00,20180.05,904.18,44679.04,49033.56,49031.229999999996,2.3300000000017462,4.752073321435637e-05
2026-07-07 22:03:00,20179.84,904.41,44678.98,49033.42,49031.27,2.150000000001455,4.384956783704471e-05
2026-07-07 22:04:00,20180.01,903.98,44679.05,49033.55,49031.28,2.2700000000040745,4.6296976134501786e-05
2026-07-07 22:05:00,20179.88,903.92,44679.14,49033.55,49031.29,2.2600000000020373,4.609301529700804e-05
2026-07-07 22:06:00,20179.96,904.03,44679.07,49033.52,49031.305,2.2149999999965075,4.517522019853454e-05
2026-07-07 22:07:00,20179.61,904.18,44678.98,49033.31,49031.32,1.9899999999979627,4.058630279580404e-05
2026-07-07 22:08:00,20179.65,903.93,44679.02,49033.35,49031.325,2.025000000001455,4.130012803042657e-05
2026-07-07 22:09:00,20179.95,904.15,44679.03,49033.5,49031.33,2.1699999999982538,4.4257416635409515e-05
2026-07-07 22:10:00,20180.54,904.11,44678.99,49033.69,49031.36,2.3300000000017462,4.752060721957837e-05
2026-07-07 22:11:00,20181.07,903.98,44679.06,49033.97,49031.39,2.5800000000017462,5.261935262291659e-05
2026-07-07 22:12:00,20181.34,903.5,44679.13,49034.14,49031.4,2.7399999999979627,5.588255689207248e-05
2026-07-07 22:13:00,20181.41,903.59,44679.13,49034.18,49031.41,2.7699999999967986,5.649439818265064e-05
2026-07-07 22:14:00,20181.57,904.19,44679.0,49034.14,49031.43,2.709999999999127,5.527067026189379e-05
2026-07-07 22:15:00,20181.71,904.5,44678.86,49034.06,49031.45,2.610000000000582,5.3231140421108944e-05
2026-07-07 22:16:00,20182.0,904.55,44678.91,49034.23,49031.465,2.765000000006694,5.639235947787189e-05
2026-07-07 22:17:00,20181.81,905.4,44678.78,49034.05,49031.48,2.569999999999709,5.241530543234079e-05
2026-07-07 22:18:00,20181.56,905.92,44678.43,49033.65,49031.54,2.110000000000582,4.303352495150228e-05
2026-07-07 22:19:00,20181.45,906.78,44678.2,49033.42,49031.6,1.819999999999709,3.711891922759422e-05
2026-07-07 22:20:00,20181.18,906.42,44678.19,49033.27,49031.615,1.6549999999988358,3.375373215829901e-05
2026-07-07 22:21:00,20180.79,906.26,44678.2,49033.14,49031.63,1.5100000000020373,3.079644710979499e-05
2026-07-07 22:22:00,20180.88,906.52,44678.2,49033.17,49031.66,1.5099999999947613,3.0796428266853724e-05
2026-07-07 22:23:00,20180.39,907.57,44677.99,49032.8,49031.69,1.110000000000582,2.2638420172761373e-05
2026-07-07 22:24:00,20180.28,907.6,44677.92,49032.7,49031.740000000005,0.9599999999918509,1.9579154237476598e-05
2026-07-07 22:25:00,20181.39,907.44,44678.28,49033.48,49031.79,1.6900000000023283,3.44674342911472e-05
2026-07-07 22:26:00,20181.05,908.31,44678.22,49033.28,49031.815,1.4649999999965075,2.987855946178022e-05
2026-07-07 22:27:00,20181.25,909.01,44677.94,49033.14,49031.84,1.3000000000029104,2.6513383956280458e-05
2026-07-07 22:28:00,20182.23,908.76,44678.14,49033.72,49031.85,1.8700000000026193,3.81384752972327e-05
2026-07-07 22:29:00,20183.01,908.58,44678.1,49033.97,49031.86,2.110000000000582,4.303324409884883e-05
2026-07-07 22:30:00,20183.46,908.82,44677.98,49034.05,49031.869999999995,2.180000000007567,4.44608782003943e-05
2026-07-07 22:31:00,20183.65,908.38,44678.22,49034.32,49031.88,2.4400000000023283,4.976354159788139e-05
2026-07-07 22:32:00,20184.3,908.5,44678.23,49034.62,49031.895000000004,2.724999999998545,5.557606941356325e-05
2026-07-07 22:33:00,20185.14,908.6,44678.17,49034.9,49031.91,2.9899999999979627,6.098069604055731e-05
2026-07-07 22:34:00,20185.43,908.53,44678.04,49034.9,49031.935,2.9650000000037835,6.04707931678361e-05
2026-07-07 22:35:00,20185.89,908.04,44678.18,49035.21,49031.96,3.25,6.628329766952004e-05
2026-07-07 22:36:00,20186.25,907.96,44678.21,49035.39,49031.96,3.430000000000291,6.995437261737633e-05
2026-07-07 22:37:00,20187.09,907.05,44678.54,49036.01,49031.96,4.05000000000291,8.259918632669203e-05
2026-07-07 22:38:00,20187.65,905.92,44678.76,49036.42,49031.979999999996,4.440000000002328,9.055314511064674e-05
2026-07-07 22:39:00,20187.7,905.29,44678.81,49036.47,49032.0,4.470000000001164,9.116495349977901e-05
2026-07-07 22:40:00,20187.87,904.53,44679.01,49036.7,49032.009999999995,4.690000000002328,9.565179971211315e-05
2026-07-07 22:41:00,20188.11,903.73,44679.17,49036.95,49032.02,4.930000000000291,0.00010054654081150015
2026-07-07 22:42:00,20188.57,903.37,44679.19,49037.14,49032.024999999994,5.115000000005239,0.00010431957480861211
2026-07-07 22:43:00,20188.78,903.03,44679.33,49037.36,49032.03,5.330000000001746,0.00010870445298719523
2026-07-07 22:44:00,20188.51,902.63,44679.35,49037.26,49032.045,5.2150000000037835,0.00010635901480355926
2026-07-07 22:45:00,20188.76,902.2,44679.41,49037.41,49032.06,5.350000000005821,0.00010911228286157712
2026-07-07 22:46:00,20188.46,902.09,44679.39,49037.27,49032.09,5.180000000000291,0.00010564509895458854
2026-07-07 22:47:00,20188.32,901.85,44679.37,49037.2,49032.12,5.07999999999447,0.00010360555488921282
2026-07-07 22:48:00,20187.94,902.1,44679.3,49036.98,49032.125,4.855000000003201,9.901671608161387e-05
2026-07-07 22:49:00,20187.9,901.93,44679.22,49036.9,49032.13,4.7700000000040745,9.728314882514944e-05
2026-07-07 22:50:00,20187.7,902.17,44679.15,49036.75,49032.18,4.569999999999709,9.320409575914653e-05
2026-07-07 22:51:00,20187.29,902.51,44678.99,49036.43,49032.23,4.19999999999709,8.565794376468477e-05
2026-07-07 22:52:00,20186.86,902.69,44678.83,49036.12,49032.235,3.8850000000020373,7.923358990268417e-05
2026-07-07 22:53:00,20186.79,902.51,44678.97,49036.21,49032.24,3.970000000001164,8.096713509317878e-05
2026-07-07 22:54:00,20185.99,903.11,44678.86,49035.8,49032.244999999995,3.555000000007567,7.250330879215437e-05
2026-07-07 22:55:00,20185.55,903.53,44678.72,49035.5,49032.25,3.25,6.62829056386358e-05
2026-07-07 22:56:00,20185.16,904.12,44678.55,49035.18,49032.255000000005,2.9249999999956344,5.965460899148192e-05
2026-07-07 22:57:00,20184.85,904.96,44678.19,49034.75,49032.26,2.4899999999979627,5.078289273221268e-05
2026-07-07 22:58:00,20184.15,905.04,44678.1,49034.38,49032.270000000004,2.109999999993306,4.30328842615956e-05
2026-07-07 22:59:00,20184.03,904.8,44678.18,49034.4,49032.28,2.1200000000026193,4.323682276252745e-05
2026-07-07 23:00:00,20183.85,904.55,44678.32,49034.46,49032.285,2.1749999999956344,4.4358528263482604e-05
2026-07-07 23:01:00,20183.06,905.1,44678.26,49034.08,49032.29,1.7900000000008731,3.650655517009043e-05
2026-07-07 23:02:00,20182.26,905.3,44678.17,49033.68,49032.295,1.3850000000020373,2.8246689248423662e-05
2026-07-07 23:03:00,20181.92,905.43,44678.18,49033.54,49032.3,1.2399999999979627,2.5289452055032348e-05
2026-07-07 23:04:00,20181.57,905.39,44678.21,49033.44,49032.32,1.1200000000026193,2.2842076410062165e-05
2026-07-07 23:05:00,20181.44,905.64,44678.2,49033.37,49032.34,1.0300000000061118,2.10065438444527e-05
2026-07-07 23:06:00,20181.18,905.87,44678.12,49033.19,49032.345,0.8450000000011642,1.7233522076114534e-05
2026-07-07 23:07:00,20181.49,905.5,44678.24,49033.42,49032.35,1.069999999999709,2.1822327504182626e-05
2026-07-07 23:08:00,20181.33,905.84,44678.24,49033.35,49032.369999999995,0.9800000000032014,1.998679647757597e-05
2026-07-07 23:09:00,20181.22,905.71,44678.16,49033.25,49032.39,0.8600000000005821,1.7539426489318226e-05
2026-07-07 23:10:00,20181.25,905.57,44678.15,49033.24,49032.39,0.8499999999985448,1.7335479669633578e-05
2026-07-07 23:11:00,20181.4,905.02,44678.28,49033.41,49032.39,1.0200000000040745,2.0802575603679007e-05
2026-07-07 23:12:00,20181.53,904.06,44678.47,49033.62,49032.39,1.2300000000032014,2.508545881616624e-05
2026-07-07 23:13:00,20181.41,903.8,44678.6,49033.69,49032.39,1.3000000000029104,2.6513086553661985e-05
2026-07-07 23:14:00,20181.37,903.52,44678.61,49033.68,49032.4,1.2799999999988358,2.6105187590222705e-05
2026-07-07 23:15:00,20181.23,903.1,44678.67,49033.66,49032.41,1.25,2.549334205681507e-05
2026-07-07 23:16:00,20181.15,902.4,44678.84,49033.77,49032.425,1.3449999999938882,2.74308276613667e-05
2026-07-07 23:17:00,20181.34,901.79,44678.91,49033.9,49032.44,1.4599999999991269,2.9776205304062512e-05
2026-07-07 23:18:00,20181.1,901.39,44678.9,49033.79,49032.45,1.3400000000037835,2.732884039047169e-05
2026-07-07 23:19:00,20180.68,901.51,44678.83,49033.55,49032.46,1.0900000000037835,2.223017160476516e-05
2026-07-07 23:20:00,20180.73,901.29,44678.99,49033.72,49032.47,1.25,2.5493310861149764e-05
2026-07-07 23:21:00,20180.68,901.01,44679.0,49033.7,49032.48,1.2199999999938882,2.4881466325869874e-05
2026-07-07 23:22:00,20180.7,901.2,44678.86,49033.58,49032.485,1.0950000000011642,2.233213348255068e-05
2026-07-07 23:23:00,20180.85,901.94,44678.65,49033.47,49032.49,0.9800000000032014,1.9986747562752808e-05
2026-07-07 23:24:00,20180.97,902.42,44678.3,49033.22,49032.49,0.7300000000032014,1.4888087470230483e-05
2026-07-07 23:25:00,20181.06,902.3,44678.24,49033.18,49032.49,0.6900000000023283,1.4072301855409104e-05
2026-07-07 23:26:00,20181.25,901.89,44678.27,49033.29,49032.49,0.8000000000029104,1.63157122961308e-05
2026-07-07 23:27:00,20181.37,901.77,44678.26,49033.32,49032.49,0.8300000000017462,1.6927551507209735e-05
2026-07-07 23:28:00,20181.18,902.01,44678.19,49033.19,49032.494999999995,0.6950000000069849,1.4174273611958457e-05
2026-07-07 23:29:00,20181.03,902.24,44678.03,49032.98,49032.5,0.4800000000032014,9.789425381190056e-06
2026-07-07 23:30:00,20180.86,902.38,44677.9,49032.8,49032.5,0.3000000000029104,6.118390863262334e-06
2026-07-07 23:31:00,20180.84,903.04,44677.67,49032.59,49032.5,0.08999999999650754,1.8355172588896658e-06
2026-07-07 23:32:00,20180.85,903.0,44677.56,49032.49,49032.5,0.010000000002037268,2.0394636214831527e-07
2026-07-07 23:33:00,20180.71,903.16,44677.52,49032.39,49032.5,0.11000000000058208,2.2434099831862963e-06
2026-07-07 23:34:00,20180.9,903.1,44677.46,49032.41,49032.505000000005,0.09500000000116415,1.9374902424659753e-06
2026-07-07 23:35:00,20181.12,903.23,44677.43,49032.48,49032.51,0.029999999998835847,6.118389615142249e-07
2026-07-07 23:36:00,20181.04,903.19,44677.38,49032.39,49032.515,0.125,2.5493287464450885e-06
2026-07-07 23:37:00,20180.87,903.33,44677.32,49032.28,49032.52,0.23999999999796273,4.894710694003954e-06
2026-07-07 23:38:00,20180.53,903.59,44677.2,49032.02,49032.545,0.5250000000014552,1.0707174184033385e-05
2026-07-07 23:39:00,20180.4,903.98,44677.06,49031.84,49032.57,0.7300000000032014,1.4888063179294935e-05
2026-07-07 23:40:00,20180.53,903.83,44677.01,49031.86,49032.57,0.7099999999991269,1.4480171037315133e-05
2026-07-07 23:41:00,20180.44,903.79,44676.99,49031.79,49032.57,0.7799999999988358,1.5907793533947657e-05
2026-07-07 23:42:00,20180.42,904.36,44676.87,49031.69,49032.58,0.8899999999994179,1.815119661252616e-05
2026-07-07 23:43:00,20180.54,904.81,44676.72,49031.6,49032.59,0.9899999999979627,2.0190652788236614e-05
2026-07-07 23:44:00,20180.62,905.45,44676.5,49031.45,49032.59,1.139999999999418,2.3249842604672078e-05
2026-07-07 23:45:00,20180.67,905.45,44676.43,49031.41,49032.59,1.179999999993015,2.4065626555583035e-05
2026-07-07 23:46:00,20180.55,905.4,44676.4,49031.33,49032.604999999996,1.2749999999941792,2.600310548448689e-05
2026-07-07 23:47:00,20180.27,905.4,44676.35,49031.19,49032.62,1.430000000000291,2.9164258405940594e-05
2026-07-07 23:48:00,20180.39,905.9,44676.28,49031.17,49032.65,1.4800000000032014,3.01839692532058e-05
2026-07-07 23:49:00,20180.28,906.35,44676.1,49030.98,49032.68,1.6999999999970896,3.467075428055512e-05
2026-07-07 23:50:00,20180.45,906.45,44676.03,49030.98,49032.68,1.6999999999970896,3.467075428055512e-05
2026-07-07 23:51:00,20180.64,906.62,44676.0,49031.02,49032.68,1.6600000000034925,3.385497182702419e-05
2026-07-07 23:52:00,20180.84,906.47,44676.04,49031.15,49032.68,1.5299999999988358,3.120367885252929e-05
2026-07-07 23:53:00,20181.14,906.3,44676.08,49031.29,49032.68,1.389999999999418,2.834844026472585e-05
2026-07-07 23:54:00,20181.13,906.11,44676.12,49031.32,49032.685,1.3649999999979627,2.783857339238026e-05
2026-07-07 23:55:00,20181.0,906.26,44676.11,49031.27,49032.69,1.4200000000055297,2.896027119877636e-05
2026-07-07 23:56:00,20180.84,906.4,44676.04,49031.14,49032.695,1.555000000000291,3.171353318434345e-05
2026-07-07 23:57:00,20180.88,906.47,44675.87,49031.03,49032.7,1.6699999999982538,3.405890354800478e-05
2026-07-07 23:58:00,20181.49,906.37,44676.09,49031.48,49032.71,1.2299999999959255,2.5085295101900864e-05
2026-07-07 23:59:00,20181.75,905.92,44676.16,49031.63,49032.72,1.0900000000037835,2.223005372746573e-05
