timestamp,Bx,By,Bz,B_total,B_plasma_raw,B_plasma_baseline,delta_B,chi
2026-08-07 00:00:00,20191.86,904.95,44673.22,49032.65,26.500999999996566,25.97099999999773,0.5299999999988358,0.020407377459430987
2026-08-07 00:01:00,20191.79,904.98,44673.18,49032.6,26.450999999993655,25.97099999999773,0.47999999999592546,0.01848215317068913
2026-08-07 00:02:00,20191.78,905.09,44673.17,49032.59,26.440999999991618,25.97099999999773,0.4699999999938882,0.01809710831288473
2026-08-07 00:03:00,20191.68,905.12,44673.09,49032.48,26.330999999998312,25.97099999999773,0.3600000000005821,0.013861614878156927
2026-08-07 00:04:00,20191.64,905.17,44673.09,49032.46,26.310999999994237,25.97099999999773,0.33999999999650754,0.01309152516254812
2026-08-07 00:05:00,20191.49,905.31,44673.04,49032.33,26.180999999996857,25.97099999999773,0.20999999999912689,0.008085942012211515
2026-08-07 00:06:00,20191.58,905.31,44673.12,49032.46,26.310999999994237,25.97099999999773,0.33999999999650754,0.01309152516254812
2026-08-07 00:07:00,20191.44,905.39,44672.97,49032.27,26.12099999999191,25.97099999999773,0.14999999999417923,0.0057756728656652555
2026-08-07 00:08:00,20191.46,905.53,44672.86,49032.19,26.04099999999744,25.96599999999671,0.0750000000007276,0.0028883925133149926
2026-08-07 00:09:00,20191.48,905.7,44672.8,49032.15,26.000999999996566,25.960999999995693,0.040000000000873115,0.0015407726975416875
2026-08-07 00:10:00,20191.5,905.79,44672.75,49032.1,25.950999999993655,25.955999999994674,-0.005000000001018634,0.00019263368781860301
2026-08-07 00:11:00,20191.58,905.78,44672.78,49032.15,26.000999999996566,25.950999999993655,0.05000000000291038,0.0019267080267782594
2026-08-07 00:12:00,20191.58,905.86,44672.71,49032.09,25.940999999991618,25.950999999993655,-0.010000000002037268,0.00038534160541172643
2026-08-07 00:13:00,20191.71,905.68,44672.7,49032.15,26.000999999996566,25.950999999993655,0.05000000000291038,0.0019267080267782594
2026-08-07 00:14:00,20191.92,905.61,44672.74,49032.26,26.110999999997148,25.945999999992637,0.1650000000045111,0.0063593617515053545
2026-08-07 00:15:00,20191.95,905.54,44672.69,49032.23,26.080999999998312,25.940999999991618,0.14000000000669388,0.005396862110432872
2026-08-07 00:16:00,20192.01,905.46,44672.68,49032.24,26.090999999993073,25.940999999991618,0.1500000000014552,0.005782352260957698
2026-08-07 00:17:00,20192.18,905.33,44672.71,49032.34,26.190999999991618,25.940999999991618,0.25,0.009637253768169337
2026-08-07 00:18:00,20192.23,905.27,44672.7,49032.34,26.190999999991618,25.940999999991618,0.25,0.009637253768169337
2026-08-07 00:19:00,20192.31,905.25,44672.71,49032.39,26.24099999999453,25.940999999991618,0.3000000000029104,0.011564704521915397
2026-08-07 00:20:00,20192.16,905.3,44672.61,49032.24,26.090999999993073,25.935999999994237,0.15499999999883585,0.005976249228827509
2026-08-07 00:21:00,20192.1,905.33,44672.53,49032.16,26.010999999998603,25.930999999996857,0.08000000000174623,0.003085110485586978
2026-08-07 00:22:00,20192.05,905.28,44672.5,49032.11,25.960999999995693,25.925999999995838,0.03499999999985448,0.001349996142862767
2026-08-07 00:23:00,20192.06,905.26,44672.53,49032.14,25.99099999999453,25.92099999999482,0.06999999999970896,0.0027005130974778347
2026-08-07 00:24:00,20192.06,905.12,44672.54,49032.14,25.99099999999453,25.92099999999482,0.06999999999970896,0.0027005130974778347
2026-08-07 00:25:00,20192.09,905.14,44672.57,49032.17,26.020999999993364,25.92099999999482,0.09999999999854481,0.003857875853499664
2026-08-07 00:26:00,20192.07,905.04,44672.56,49032.16,26.010999999998603,25.92099999999482,0.0900000000037835,0.003472088268346186
2026-08-07 00:27:00,20192.03,905.13,44672.54,49032.12,25.97099999999773,25.92099999999482,0.05000000000291038,0.0019289379268901809
2026-08-07 00:28:00,20191.95,905.1,44672.55,49032.09,25.940999999991618,25.92099999999482,0.01999999999679858,0.0007715751705876539
2026-08-07 00:29:00,20191.88,905.23,44672.54,49032.06,25.910999999992782,25.92099999999482,-0.010000000002037268,0.00038578758543417565
2026-08-07 00:30:00,20191.78,905.27,44672.46,49031.97,25.820999999996275,25.92099999999482,-0.09999999999854481,0.003857875853499664
2026-08-07 00:31:00,20191.76,905.25,44672.45,49031.93,25.7809999999954,25.92099999999482,-0.13999999999941792,0.005401026194955669
2026-08-07 00:32:00,20191.73,905.38,44672.46,49031.94,25.79099999999744,25.9159999999938,-0.12499999999636202,0.004823275196650406
2026-08-07 00:33:00,20191.71,905.25,44672.48,49031.94,25.79099999999744,25.910999999992782,-0.11999999999534339,0.004631237698096438
2026-08-07 00:34:00,20191.71,905.31,44672.53,49031.99,25.840999999993073,25.910999999992782,-0.06999999999970896,0.002701555323983191
2026-08-07 00:35:00,20191.55,905.34,44672.46,49031.88,25.73099999999249,25.910999999992782,-0.18000000000029104,0.006946856547425463
2026-08-07 00:36:00,20191.53,905.56,44672.43,49031.84,25.690999999991618,25.9059999999954,-0.2150000000037835,0.008299235698441352
2026-08-07 00:37:00,20191.47,905.65,44672.4,49031.78,25.630999999993946,25.90099999999802,-0.27000000000407454,0.010424307941936418
2026-08-07 00:38:00,20191.42,905.57,44672.45,49031.8,25.65099999999802,25.90099999999802,-0.25,0.009652136983128803
2026-08-07 00:39:00,20191.41,905.59,44672.49,49031.84,25.690999999991618,25.90099999999802,-0.21000000000640284,0.008107795066075398
2026-08-07 00:40:00,20191.45,905.6,44672.47,49031.83,25.680999999996857,25.90099999999802,-0.22000000000116415,0.008493880545198292
2026-08-07 00:41:00,20191.48,905.58,44672.47,49031.84,25.690999999991618,25.90099999999802,-0.21000000000640284,0.008107795066075398
2026-08-07 00:42:00,20191.51,905.64,44672.47,49031.85,25.700999999993655,25.90099999999802,-0.20000000000436557,0.00772170958667159
2026-08-07 00:43:00,20191.54,905.68,44672.46,49031.86,25.710999999995693,25.90099999999802,-0.1900000000023283,0.007335624107267782
2026-08-07 00:44:00,20191.46,905.64,44672.46,49031.83,25.680999999996857,25.90099999999802,-0.22000000000116415,0.008493880545198292
2026-08-07 00:45:00,20191.46,905.67,44672.5,49031.87,25.72099999999773,25.90099999999802,-0.18000000000029104,0.006949538627863974
2026-08-07 00:46:00,20191.46,905.66,44672.54,49031.9,25.750999999996566,25.895999999997002,-0.14500000000043656,0.005599320358374009
2026-08-07 00:47:00,20191.45,905.62,44672.52,49031.88,25.73099999999249,25.890999999995984,-0.16000000000349246,0.006179753582461755
2026-08-07 00:48:00,20191.49,905.46,44672.59,49031.97,25.820999999996275,25.885999999994965,-0.06499999999869033,0.0025110098122036223
2026-08-07 00:49:00,20191.34,905.39,44672.59,49031.9,25.750999999996566,25.880999999993946,-0.12999999999738066,0.005022989838005141
2026-08-07 00:50:00,20191.22,905.49,44672.61,49031.87,25.72099999999773,25.880999999993946,-0.1599999999962165,0.0061821413390616255
2026-08-07 00:51:00,20191.05,905.56,44672.6,49031.8,25.65099999999802,25.880999999993946,-0.22999999999592546,0.008886828174953799
2026-08-07 00:52:00,20190.92,905.64,44672.59,49031.73,25.580999999998312,25.875999999992928,-0.2949999999946158,0.011400525583347365
2026-08-07 00:53:00,20190.76,905.77,44672.52,49031.61,25.460999999995693,25.87099999999191,-0.4099999999962165,0.01584786053868597
2026-08-07 00:54:00,20190.72,905.82,44672.52,49031.6,25.450999999993655,25.87099999999191,-0.41999999999825377,0.016234393722638674
2026-08-07 00:55:00,20190.75,905.89,44672.52,49031.61,25.460999999995693,25.87099999999191,-0.4099999999962165,0.01584786053868597
2026-08-07 00:56:00,20190.81,905.91,44672.52,49031.63,25.48099999999249,25.87099999999191,-0.3899999999994179,0.015074794171061803
2026-08-07 00:57:00,20190.85,905.93,44672.52,49031.65,25.500999999996566,25.87099999999191,-0.3699999999953434,0.014301727803156396
2026-08-07 00:58:00,20190.93,905.91,44672.54,49031.7,25.5509999999922,25.87099999999191,-0.31999999999970896,0.012369061883955357
2026-08-07 00:59:00,20191.02,906.04,44672.56,49031.75,25.60099999999511,25.87099999999191,-0.2699999999967986,0.010436395964473079
2026-08-07 01:00:00,20191.11,905.98,44672.53,49031.76,25.610999999997148,25.87099999999191,-0.2599999999947613,0.010049862780520375
2026-08-07 01:01:00,20191.16,905.88,44672.58,49031.84,25.690999999991618,25.87099999999191,-0.18000000000029104,0.0069575973097424654
2026-08-07 01:02:00,20191.27,905.67,44672.65,49031.94,25.79099999999744,25.86599999999453,-0.07499999999708962,0.0028995592668795128
2026-08-07 01:03:00,20191.29,905.76,44672.66,49031.95,25.8009999999922,25.860999999997148,-0.06000000000494765,0.0023200958974886614
2026-08-07 01:04:00,20191.29,905.79,44672.61,49031.9,25.750999999996566,25.860999999997148,-0.11000000000058208,0.004253509145067639
2026-08-07 01:05:00,20191.43,905.66,44672.7,49032.05,25.90099999999802,25.860999999997148,0.040000000000873115,0.0015467305982319914
2026-08-07 01:06:00,20191.38,905.73,44672.71,49032.03,25.880999999993946,25.860999999997148,0.01999999999679858,0.0007733652989753213
2026-08-07 01:07:00,20191.42,905.7,44672.74,49032.07,25.92099999999482,25.860999999997148,0.059999999997671694,0.0023200958972073127
2026-08-07 01:08:00,20191.39,905.89,44672.7,49032.02,25.87099999999191,25.860999999997148,0.00999999999476131,0.00038668264934698635
2026-08-07 01:09:00,20191.51,905.86,44672.71,49032.07,25.92099999999482,25.860999999997148,0.059999999997671694,0.0023200958972073127
2026-08-07 01:10:00,20191.62,905.81,44672.75,49032.15,26.000999999996566,25.860999999997148,0.13999999999941792,0.005413557093671295
2026-08-07 01:11:00,20191.6,906.02,44672.72,49032.12,25.97099999999773,25.860999999997148,0.11000000000058208,0.004253509145067639
2026-08-07 01:12:00,20191.64,905.82,44672.73,49032.14,25.99099999999453,25.85599999999613,0.1349999999983993,0.0052212252474636255
2026-08-07 01:13:00,20191.64,905.85,44672.77,49032.18,26.0309999999954,25.85099999999511,0.18000000000029104,0.006962980155519132
2026-08-07 01:14:00,20191.53,905.73,44672.8,49032.16,26.010999999998603,25.85099999999511,0.16000000000349246,0.006189315693919876
2026-08-07 01:15:00,20191.51,905.69,44672.82,49032.17,26.020999999993364,25.85099999999511,0.16999999999825377,0.006576147924578776
2026-08-07 01:16:00,20191.4,905.82,44672.78,49032.12,25.97099999999773,25.85099999999511,0.12000000000261934,0.004641986770439907
2026-08-07 01:17:00,20191.34,906.01,44672.77,49032.07,25.92099999999482,25.85099999999511,0.06999999999970896,0.0027078256160195813
2026-08-07 01:18:00,20191.26,906.12,44672.71,49032.0,25.85099999999511,25.845999999994092,0.005000000001018634,0.00019345353250095864
2026-08-07 01:19:00,20191.23,906.17,44672.72,49032.01,25.860999999997148,25.840999999993073,0.020000000004074536,0.0007739638560458147
2026-08-07 01:20:00,20191.15,906.28,44672.72,49031.97,25.820999999996275,25.840999999993073,-0.01999999999679858,0.0007739638557642483
2026-08-07 01:21:00,20191.09,906.39,44672.74,49031.94,25.79099999999744,25.840999999993073,-0.049999999995634425,0.0019349096395514039
2026-08-07 01:22:00,20191.16,906.34,44672.78,49032.01,25.860999999997148,25.840999999993073,0.020000000004074536,0.0007739638560458147
2026-08-07 01:23:00,20191.22,906.39,44672.79,49032.05,25.90099999999802,25.840999999993073,0.06000000000494765,0.0023218915678558777
2026-08-07 01:24:00,20191.27,906.55,44672.79,49032.06,25.910999999992782,25.840999999993073,0.06999999999970896,0.0027088734955972187
2026-08-07 01:25:00,20191.22,906.63,44672.77,49032.03,25.880999999993946,25.840999999993073,0.040000000000873115,0.0015479277118100629
2026-08-07 01:26:00,20191.15,906.63,44672.76,49032.0,25.85099999999511,25.840999999993073,0.010000000002037268,0.00038698192802290733
2026-08-07 01:27:00,20191.13,906.75,44672.76,49031.99,25.840999999993073,25.840999999993073,0.0,0.0
2026-08-07 01:28:00,20191.11,906.71,44672.81,49032.01,25.860999999997148,25.830999999994674,0.030000000002473826,0.001161395222890326
2026-08-07 01:29:00,20191.13,906.71,44672.89,49032.09,25.940999999991618,25.820999999996275,0.11999999999534339,0.004647380039323059
2026-08-07 01:30:00,20191.25,906.71,44672.92,49032.18,26.0309999999954,25.820999999996275,0.20999999999912689,0.008132915069097137
2026-08-07 01:31:00,20191.37,906.69,44672.94,49032.24,26.090999999993073,25.820999999996275,0.2699999999967986,0.010456605088758666
2026-08-07 01:32:00,20191.42,906.75,44672.91,49032.23,26.080999999998312,25.820999999996275,0.26000000000203727,0.010069323419002935
2026-08-07 01:33:00,20191.44,906.86,44672.88,49032.22,26.070999999996275,25.820999999996275,0.25,0.009682041748965418
2026-08-07 01:34:00,20191.37,906.97,44672.83,49032.16,26.010999999998603,25.815999999995256,0.19500000000334694,0.007553455221699054
2026-08-07 01:35:00,20191.34,907.07,44672.84,49032.15,26.000999999996566,25.810999999994237,0.1900000000023283,0.007361202588135707
2026-08-07 01:36:00,20191.41,907.08,44672.92,49032.26,26.110999999997148,25.80599999999322,0.305000000003929,0.011818956831899914
2026-08-07 01:37:00,20191.42,907.05,44672.97,49032.3,26.15099999999802,25.8009999999922,0.35000000000582077,0.013565365683730343
2026-08-07 01:38:00,20191.37,907.03,44672.98,49032.29,26.140999999995984,25.8009999999922,0.3400000000037835,0.013177783806979818
2026-08-07 01:39:00,20191.34,907.2,44673.07,49032.36,26.210999999995693,25.8009999999922,0.41000000000349246,0.015890856943669485
2026-08-07 01:40:00,20191.19,907.2,44673.03,49032.26,26.110999999997148,25.79599999999482,0.3150000000023283,0.012211195534284059
2026-08-07 01:41:00,20190.95,907.26,44672.98,49032.12,25.97099999999773,25.79099999999744,0.18000000000029104,0.006979178783308476
2026-08-07 01:42:00,20190.9,907.53,44672.93,49032.07,25.92099999999482,25.79099999999744,0.12999999999738066,0.005040518010057522
2026-08-07 01:43:00,20191.05,907.64,44672.93,49032.13,25.98099999999249,25.79099999999744,0.18999999999505235,0.007366910937732977
2026-08-07 01:44:00,20190.3,908.05,44672.68,49031.6,25.450999999993655,25.79099999999744,-0.3400000000037835,0.01318289325748584
2026-08-07 01:45:00,20190.83,908.02,44672.83,49031.95,25.8009999999922,25.79099999999744,0.00999999999476131,0.0003877321544245009
2026-08-07 01:46:00,20190.76,908.15,44672.8,49031.89,25.74099999999453,25.79099999999744,-0.05000000000291038,0.0019386607732509538
2026-08-07 01:47:00,20190.67,908.28,44672.75,49031.82,25.67099999999482,25.79099999999744,-0.12000000000261934,0.0046527858556330215
2026-08-07 01:48:00,20191.05,908.34,44672.84,49032.05,25.90099999999802,25.79099999999744,0.11000000000058208,0.0042650537009264085
2026-08-07 01:49:00,20190.9,908.56,44672.78,49031.94,25.79099999999744,25.79099999999744,0.0,0.0
2026-08-07 01:50:00,20191.01,908.52,44672.82,49032.02,25.87099999999191,25.78599999999642,0.0849999999954889,0.003296362367001501
2026-08-07 01:51:00,20191.13,908.39,44672.9,49032.14,25.99099999999453,25.7809999999954,0.20999999999912689,0.008145533532413962
2026-08-07 01:52:00,20190.95,908.51,44672.89,49032.07,25.92099999999482,25.7809999999954,0.13999999999941792,0.005430355688275974
2026-08-07 01:53:00,20191.17,908.44,44672.92,49032.17,26.020999999993364,25.7809999999954,0.23999999999796273,0.009309181179861353
2026-08-07 01:54:00,20191.1,908.56,44672.78,49032.02,25.87099999999191,25.7809999999954,0.08999999999650754,0.0034909429423421743
2026-08-07 01:55:00,20190.96,908.45,44672.84,49032.02,25.87099999999191,25.7809999999954,0.08999999999650754,0.0034909429423421743
2026-08-07 01:56:00,20191.22,908.4,44672.89,49032.17,26.020999999993364,25.770999999997002,0.24999999999636202,0.00970082651027865
2026-08-07 01:57:00,20191.39,908.16,44672.99,49032.33,26.180999999996857,25.760999999998603,0.41999999999825377,0.016303714917832248
2026-08-07 01:58:00,20191.18,908.83,44672.83,49032.1,25.950999999993655,25.755999999997584,0.19499999999607098,0.00757105140534591
2026-08-07 01:59:00,20191.58,908.53,44672.84,49032.27,26.12099999999191,25.750999999996566,0.3699999999953434,0.01436837404354754
2026-08-07 02:00:00,20191.83,908.04,44673.06,49032.57,26.42099999999482,25.750999999996566,0.6699999999982538,0.026018407052088972
2026-08-07 02:01:00,20191.07,908.36,44672.93,49032.15,26.000999999996566,25.750999999996566,0.25,0.009708360840357009
2026-08-07 02:02:00,20191.38,908.34,44673.06,49032.4,26.250999999996566,25.750999999996566,0.5,0.019416721680714018
2026-08-07 02:03:00,20191.65,907.9,44673.15,49032.56,26.410999999992782,25.750999999996566,0.6599999999962165,0.025630072618395578
2026-08-07 02:04:00,20191.24,907.85,44673.14,49032.38,26.23099999999249,25.750999999996566,0.47999999999592546,0.01864005281332723
2026-08-07 02:05:00,20191.26,908.15,44673.25,49032.52,26.37099999999191,25.750999999996566,0.6199999999953434,0.02407673488390455
2026-08-07 02:06:00,20191.83,906.95,44673.44,49032.92,26.770999999993364,25.745999999995547,1.0249999999978172,0.039812009632486385
2026-08-07 02:07:00,20191.13,908.67,44673.05,49032.29,26.140999999995984,25.74099999999453,0.4000000000014552,0.015539411833321946
2026-08-07 02:08:00,20191.77,907.36,44673.34,49032.8,26.65099999999802,25.74099999999453,0.9100000000034925,0.035352161920814494
2026-08-07 02:09:00,20190.98,908.67,44672.95,49032.15,26.000999999996566,25.74099999999453,0.26000000000203727,0.010100617691701664
2026-08-07 02:10:00,20191.9,907.21,44673.31,49032.84,26.690999999991618,25.73599999999351,0.9549999999981083,0.03710755362132224
2026-08-07 02:11:00,20191.43,907.92,44673.29,49032.64,26.49099999999453,25.73099999999249,0.7600000000020373,0.02953635692364304
2026-08-07 02:12:00,20191.75,907.58,44673.22,49032.71,26.560999999994237,25.73099999999249,0.8300000000017462,0.032256810850802085
2026-08-07 02:13:00,20191.95,907.12,44673.46,49032.98,26.830999999998312,25.73099999999249,1.1000000000058208,0.04274999028433181
2026-08-07 02:14:00,20191.52,907.68,44673.25,49032.62,26.47099999999773,25.72599999999511,0.7450000000026193,0.028959029775431896
2026-08-07 02:15:00,20192.03,906.76,44673.44,49033.0,26.85099999999511,25.72099999999773,1.1299999999973807,0.04393297305693715
2026-08-07 02:16:00,20191.57,907.04,44673.5,49032.85,26.700999999993655,25.72099999999773,0.9799999999959255,0.038101162474087784
2026-08-07 02:17:00,20191.19,907.56,44673.17,49032.43,26.2809999999954,25.72099999999773,0.5599999999976717,0.021772092842335878
2026-08-07 02:18:00,20191.65,906.96,44673.39,49032.79,26.640999999995984,25.71599999999671,0.9249999999992724,0.035969824233916266
2026-08-07 02:19:00,20191.37,907.52,44673.27,49032.57,26.42099999999482,25.710999999995693,0.7099999999991269,0.027614639648370184
2026-08-07 02:20:00,20191.18,907.84,44673.05,49032.3,26.15099999999802,25.705999999994674,0.44500000000334694,0.01731113358762309
2026-08-07 02:21:00,20191.45,907.38,44673.22,49032.56,26.410999999992782,25.700999999993655,0.7099999999991269,0.027625384226267546
2026-08-07 02:22:00,20191.35,907.7,44673.17,49032.48,26.330999999998312,25.695999999992637,0.6350000000056752,0.024712017434848115
2026-08-07 02:23:00,20191.52,907.91,44673.08,49032.47,26.320999999996275,25.690999999991618,0.6300000000046566,0.024522206220266324
2026-08-07 02:24:00,20191.25,908.15,44673.03,49032.31,26.160999999992782,25.690999999991618,0.47000000000116415,0.018294344322965922
2026-08-07 02:25:00,20191.3,908.24,44673.01,49032.32,26.17099999999482,25.690999999991618,0.4800000000032014,0.018683585691617998
2026-08-07 02:26:00,20191.39,908.49,44672.96,49032.31,26.160999999992782,25.690999999991618,0.47000000000116415,0.018294344322965922
2026-08-07 02:27:00,20191.35,908.52,44672.86,49032.21,26.060999999994237,25.690999999991618,0.37000000000261934,0.014401930637294775
2026-08-07 02:28:00,20191.33,908.43,44672.79,49032.14,25.99099999999453,25.690999999991618,0.3000000000029104,0.011677241057296651
2026-08-07 02:29:00,20191.41,908.61,44672.79,49032.18,26.0309999999954,25.690999999991618,0.3400000000037835,0.013234206531621752
2026-08-07 02:30:00,20191.7,908.56,44672.95,49032.43,26.2809999999954,25.690999999991618,0.5900000000037835,0.022965240745941223
2026-08-07 02:31:00,20191.7,908.34,44672.98,49032.46,26.310999999994237,25.690999999991618,0.6200000000026193,0.024132964851614248
2026-08-07 02:32:00,20191.51,908.26,44672.77,49032.2,26.0509999999922,25.690999999991618,0.3600000000005821,0.014012689268642697
2026-08-07 02:33:00,20191.16,908.79,44672.71,49032.0,25.85099999999511,25.690999999991618,0.16000000000349246,0.006227861897300404
2026-08-07 02:34:00,20191.49,907.92,44672.91,49032.32,26.17099999999482,25.685999999994237,0.4850000000005821,0.01888188118043646
2026-08-07 02:35:00,20191.49,908.37,44673.0,49032.39,26.24099999999453,25.680999999996857,0.5599999999976717,0.021806004438991482
2026-08-07 02:36:00,20190.93,909.09,44672.49,49031.72,25.570999999996275,25.680999999996857,-0.11000000000058208,0.0042833223005566586
2026-08-07 02:37:00,20191.21,908.35,44672.83,49032.13,25.98099999999249,25.680999999996857,0.2999999999956344,0.011681788092195442
2026-08-07 02:38:00,20190.68,909.36,44672.67,49031.77,25.62099999999191,25.680999999996857,-0.06000000000494765,0.0023363576186657448
2026-08-07 02:39:00,20191.09,908.65,44672.72,49031.99,25.840999999993073,25.680999999996857,0.1599999999962165,0.006230286982447572
2026-08-07 02:40:00,20191.1,909.05,44672.82,49032.08,25.930999999996857,25.675999999995838,0.25500000000101863,0.009931453497470788
2026-08-07 02:41:00,20190.82,909.01,44672.55,49031.72,25.570999999996275,25.67099999999482,-0.09999999999854481,0.003895446223308986
2026-08-07 02:42:00,20191.17,908.49,44672.77,49032.05,25.90099999999802,25.67099999999482,0.23000000000320142,0.008959526313865757
2026-08-07 02:43:00,20191.08,909.1,44672.62,49031.89,25.74099999999453,25.67099999999482,0.06999999999970896,0.0027268123563446334
2026-08-07 02:44:00,20191.16,909.44,44672.42,49031.75,25.60099999999511,25.6659999999938,-0.06499999999869033,0.002532533312503157
2026-08-07 02:45:00,20191.37,909.08,44672.49,49031.91,25.760999999998603,25.660999999992782,0.10000000000582077,0.0038969642650656207
2026-08-07 02:46:00,20191.1,909.49,44672.33,49031.67,25.520999999993364,25.6559999999954,-0.13500000000203727,0.005261927034692137
2026-08-07 02:47:00,20191.33,909.49,44672.28,49031.7,25.5509999999922,25.65099999999802,-0.10000000000582077,0.0038984834901496426
2026-08-07 02:48:00,20191.49,909.25,44672.36,49031.84,25.690999999991618,25.65099999999802,0.03999999999359716,0.0015593933957194746
2026-08-07 02:49:00,20191.43,909.83,44672.35,49031.8,25.65099999999802,25.65099999999802,0.0,0.0
2026-08-07 02:50:00,20191.49,909.78,44672.32,49031.8,25.65099999999802,25.65099999999802,0.0,0.0
2026-08-07 02:51:00,20191.44,910.07,44672.26,49031.73,25.580999999998312,25.65099999999802,-0.06999999999970896,0.0027289384429345586
2026-08-07 02:52:00,20191.11,910.36,44671.96,49031.32,25.17099999999482,25.65099999999802,-0.4800000000032014,0.018712720751753866
2026-08-07 02:53:00,20190.74,910.37,44671.77,49031.0,24.85099999999511,25.65099999999802,-0.8000000000029104,0.031187867919495228
2026-08-07 02:54:00,20190.76,910.42,44671.78,49031.02,24.87099999999191,25.65099999999802,-0.7800000000061118,0.030408171221635492
2026-08-07 02:55:00,20190.68,910.83,44671.73,49030.94,24.79099999999744,25.65099999999802,-0.8600000000005821,0.033526958013358095
2026-08-07 02:56:00,20190.69,910.47,44671.63,49030.85,24.700999999993655,25.640999999995984,-0.9400000000023283,0.036660036660133205
2026-08-07 02:57:00,20190.77,910.93,44671.73,49030.99,24.840999999993073,25.630999999993946,-0.7900000000008731,0.03082205142214739
2026-08-07 02:58:00,20190.85,910.89,44671.68,49030.97,24.820999999996275,25.630999999993946,-0.8099999999976717,0.031602356521316495
2026-08-07 02:59:00,20191.19,911.1,44671.81,49031.24,25.090999999993073,25.630999999993946,-0.5400000000008731,0.021068237680972286
2026-08-07 03:00:00,20191.42,910.92,44672.12,49031.62,25.47099999999773,25.625999999992928,-0.15499999999519787,0.006048544446860245
2026-08-07 03:01:00,20191.5,911.16,44672.15,49031.68,25.5309999999954,25.62099999999191,-0.08999999999650754,0.003512743452501306
2026-08-07 03:02:00,20191.48,910.97,44672.11,49031.63,25.48099999999249,25.61599999999453,-0.13500000000203727,0.005270143660293024
2026-08-07 03:03:00,20191.48,911.03,44672.11,49031.61,25.460999999995693,25.610999999997148,-0.1500000000014552,0.005856858381221815
2026-08-07 03:04:00,20191.23,910.96,44672.14,49031.55,25.40099999999802,25.60599999999613,-0.20499999999810825,0.00800593610865185
2026-08-07 03:05:00,20191.19,911.07,44672.21,49031.6,25.450999999993655,25.60099999999511,-0.1500000000014552,0.00585914612716237
2026-08-07 03:06:00,20190.68,911.52,44671.93,49031.14,24.99099999999453,25.60099999999511,-0.6100000000005821,0.023827194250251888
2026-08-07 03:07:00,20190.52,911.69,44671.92,49031.08,24.930999999996857,25.60099999999511,-0.6699999999982538,0.026170852701003153
2026-08-07 03:08:00,20190.5,912.13,44671.92,49031.08,24.930999999996857,25.60099999999511,-0.6699999999982538,0.026170852701003153
2026-08-07 03:09:00,20190.73,912.53,44671.91,49031.15,25.000999999996566,25.60099999999511,-0.5999999999985448,0.023436584508365273
2026-08-07 03:10:00,20190.67,912.76,44671.79,49031.02,24.87099999999191,25.60099999999511,-0.7300000000032014,0.028514511152038624
2026-08-07 03:11:00,20190.8,912.65,44671.92,49031.2,25.0509999999922,25.60099999999511,-0.5500000000029104,0.021483535799500623
2026-08-07 03:12:00,20190.93,912.56,44671.8,49031.13,24.98099999999249,25.595999999994092,-0.6150000000016007,0.02402719174877882
2026-08-07 03:13:00,20191.12,912.63,44671.97,49031.37,25.22099999999773,25.590999999993073,-0.3699999999953434,0.014458207963559202
2026-08-07 03:14:00,20190.84,912.72,44671.99,49031.27,25.12099999999191,25.585999999995693,-0.4650000000037835,0.018174001407170397
2026-08-07 03:15:00,20190.55,912.83,44671.95,49031.11,24.960999999995693,25.580999999998312,-0.6200000000026193,0.024236738204239876
2026-08-07 03:16:00,20190.21,912.75,44671.82,49030.86,24.710999999995693,25.580999999998312,-0.8700000000026193,0.03400961651235983
2026-08-07 03:17:00,20189.93,912.95,44671.78,49030.72,24.570999999996275,25.580999999998312,-1.0100000000020373,0.03948242836488425
2026-08-07 03:18:00,20190.01,913.21,44671.78,49030.75,24.60099999999511,25.575999999997293,-0.9750000000021828,0.03812167657187543
2026-08-07 03:19:00,20190.27,913.33,44671.97,49031.03,24.880999999993946,25.570999999996275,-0.6900000000023283,0.026983692464214493
2026-08-07 03:20:00,20190.77,913.69,44672.25,49031.5,25.35099999999511,25.570999999996275,-0.22000000000116415,0.008603496148026914
2026-08-07 03:21:00,20190.89,913.49,44672.18,49031.48,25.330999999998312,25.570999999996275,-0.23999999999796273,0.00938563216135457
2026-08-07 03:22:00,20191.12,913.32,44672.09,49031.48,25.330999999998312,25.570999999996275,-0.23999999999796273,0.00938563216135457
2026-08-07 03:23:00,20191.53,913.25,44672.21,49031.75,25.60099999999511,25.570999999996275,0.029999999998835847,0.0011732040201337538
2026-08-07 03:24:00,20191.69,913.1,44672.21,49031.82,25.67099999999482,25.560999999994237,0.11000000000058208,0.004303431008200262
2026-08-07 03:25:00,20191.55,913.17,44672.3,49031.84,25.690999999991618,25.5509999999922,0.13999999999941792,0.005479237603203815
2026-08-07 03:26:00,20191.35,913.31,44672.28,49031.75,25.60099999999511,25.5509999999922,0.05000000000291038,0.001956870572694832
2026-08-07 03:27:00,20191.22,913.27,44672.29,49031.7,25.5509999999922,25.5509999999922,0.0,0.0
2026-08-07 03:28:00,20190.52,913.64,44671.71,49030.9,24.750999999996566,25.5509999999922,-0.7999999999956344,0.031309929161123976
2026-08-07 03:29:00,20190.73,913.51,44671.99,49031.22,25.070999999996275,25.5509999999922,-0.47999999999592546,0.01878595749661743
2026-08-07 03:30:00,20190.37,913.96,44671.63,49030.76,24.610999999997148,25.5409999999938,-0.9299999999966531,0.03641204338110798
2026-08-07 03:31:00,20190.25,913.81,44671.65,49030.74,24.590999999993073,25.5309999999954,-0.9400000000023283,0.0368179859779287
2026-08-07 03:32:00,20190.63,913.95,44672.01,49031.23,25.080999999998312,25.5309999999954,-0.4499999999970896,0.017625631585020982
2026-08-07 03:33:00,20191.0,913.78,44672.6,49031.93,25.7809999999954,25.5309999999954,0.25,0.009792017547297208
2026-08-07 03:34:00,20190.88,913.87,44672.52,49031.8,25.65099999999802,25.525999999994383,0.12500000000363798,0.0048969677976833615
2026-08-07 03:35:00,20190.63,914.12,44672.38,49031.57,25.42099999999482,25.520999999993364,-0.09999999999854481,0.003918341757712112
2026-08-07 03:36:00,20190.44,914.39,44672.25,49031.4,25.250999999996566,25.510999999994965,-0.2599999999983993,0.010191682019460257
2026-08-07 03:37:00,20190.46,914.71,44672.37,49031.49,25.340999999993073,25.500999999996566,-0.16000000000349246,0.006274263754500373
2026-08-07 03:38:00,20190.48,915.08,44672.49,49031.61,25.460999999995693,25.500999999996566,-0.040000000000873115,0.0015685659386250933
2026-08-07 03:39:00,20190.53,915.36,44672.58,49031.72,25.570999999996275,25.500999999996566,0.06999999999970896,0.002744990392522583
2026-08-07 03:40:00,20190.33,915.76,44672.31,49031.4,25.250999999996566,25.49099999999453,-0.23999999999796273,0.009415087677926101
2026-08-07 03:41:00,20189.94,916.24,44672.08,49031.04,24.890999999995984,25.48099999999249,-0.5899999999965075,0.02315450727980383
2026-08-07 03:42:00,20190.03,916.57,44672.06,49031.06,24.910999999992782,25.48099999999249,-0.569999999999709,0.022369608728067068
2026-08-07 03:43:00,20190.14,916.87,44672.15,49031.2,25.0509999999922,25.48099999999249,-0.43000000000029104,0.01687531886505309
2026-08-07 03:44:00,20190.03,917.07,44672.2,49031.21,25.060999999994237,25.47599999999511,-0.4150000000008731,0.016289841419412497
2026-08-07 03:45:00,20190.06,916.92,44672.28,49031.29,25.140999999995984,25.47099999999773,-0.33000000000174623,0.012955910643546608
2026-08-07 03:46:00,20190.4,916.7,44672.55,49031.68,25.5309999999954,25.46599999999671,0.06499999999869033,0.0025524228382430977
2026-08-07 03:47:00,20190.25,917.03,44672.55,49031.61,25.460999999995693,25.460999999995693,0.0,0.0
2026-08-07 03:48:00,20190.13,917.02,44672.55,49031.57,25.42099999999482,25.460999999995693,-0.040000000000873115,0.0015710302030902117
2026-08-07 03:49:00,20190.4,917.03,44672.62,49031.74,25.590999999993073,25.460999999995693,0.12999999999738066,0.005105848159828862
2026-08-07 03:50:00,20190.28,917.03,44672.78,49031.83,25.680999999996857,25.460999999995693,0.22000000000116415,0.00864066611685328
2026-08-07 03:51:00,20190.38,916.94,44672.85,49031.93,25.7809999999954,25.460999999995693,0.31999999999970896,0.012568241624435926
2026-08-07 03:52:00,20190.24,916.94,44672.88,49031.9,25.750999999996566,25.460999999995693,0.2900000000008731,0.01138996897218971
2026-08-07 03:53:00,20190.14,916.92,44672.98,49031.96,25.810999999994237,25.460999999995693,0.3499999999985448,0.013746514276682142
2026-08-07 03:54:00,20190.04,917.23,44673.07,49032.01,25.860999999997148,25.460999999995693,0.4000000000014552,0.01571030203061635
2026-08-07 03:55:00,20190.32,917.19,44673.31,49032.34,26.190999999991618,25.460999999995693,0.7299999999959255,0.0286713012056105
2026-08-07 03:56:00,20190.01,917.59,44673.33,49032.22,26.070999999996275,25.460999999995693,0.6100000000005821,0.023958210596625635
2026-08-07 03:57:00,20190.02,917.93,44673.39,49032.28,26.130999999993946,25.460999999995693,0.6699999999982538,0.026314755901118068
2026-08-07 03:58:00,20189.72,918.12,44673.2,49032.01,25.860999999997148,25.455999999994674,0.4050000000024738,0.01590980515409171
2026-08-07 03:59:00,20189.72,918.08,44673.17,49031.99,25.840999999993073,25.450999999993655,0.3899999999994179,0.01532356292481691
2026-08-07 04:00:00,20189.75,918.3,44673.21,49032.02,25.87099999999191,25.450999999993655,0.41999999999825377,0.016502298534374227
2026-08-07 04:01:00,20189.9,918.23,44673.27,49032.12,25.97099999999773,25.450999999993655,0.5200000000040745,0.0204314172332798
2026-08-07 04:02:00,20190.17,918.23,44673.51,49032.48,26.330999999998312,25.450999999993655,0.8800000000046566,0.03457624454853939
2026-08-07 04:03:00,20189.7,918.53,44673.19,49031.99,25.840999999993073,25.450999999993655,0.3899999999994179,0.01532356292481691
2026-08-07 04:04:00,20190.27,918.31,44673.6,49032.59,26.440999999991618,25.435999999994237,1.0049999999973807,0.03951092939131972
2026-08-07 04:05:00,20189.86,918.36,44673.52,49032.35,26.200999999993655,25.42099999999482,0.7799999999988358,0.0306832933401123
2026-08-07 04:06:00,20189.78,918.28,44673.52,49032.32,26.17099999999482,25.42099999999482,0.75,0.02950316667322894
2026-08-07 04:07:00,20190.01,918.17,44673.58,49032.47,26.320999999996275,25.42099999999482,0.9000000000014552,0.03540380000793197
2026-08-07 04:08:00,20190.08,918.18,44673.8,49032.65,26.500999999996566,25.4159999999938,1.0850000000027649,0.0426896443186587
2026-08-07 04:09:00,20190.29,918.35,44673.93,49032.9,26.750999999996566,25.410999999992782,1.3400000000037835,0.05273306835638755
2026-08-07 04:10:00,20190.09,918.49,44673.98,49032.88,26.73099999999249,25.4059999999954,1.3249999999970896,0.052153034716103656
2026-08-07 04:11:00,20189.61,918.71,44673.56,49032.29,26.140999999995984,25.40099999999802,0.7399999999979627,0.029132711310500388
2026-08-07 04:12:00,20190.16,918.57,44673.94,49032.9,26.750999999996566,25.375999999996566,1.375,0.05418505674653949
2026-08-07 04:13:00,20190.53,918.49,44674.33,49033.38,27.23099999999249,25.35099999999511,1.8799999999973807,0.07415881030325207
2026-08-07 04:14:00,20190.5,918.71,44674.34,49033.36,27.210999999995693,25.345999999994092,1.8650000000016007,0.07358163023759313
2026-08-07 04:15:00,20190.05,918.74,44673.83,49032.72,26.570999999996275,25.340999999993073,1.2300000000032014,0.04853794246492
2026-08-07 04:16:00,20190.16,918.97,44673.67,49032.63,26.48099999999249,25.335999999995693,1.1449999999967986,0.04519261130395458
2026-08-07 04:17:00,20190.85,918.79,44674.22,49033.41,27.260999999998603,25.330999999998312,1.930000000000291,0.07619122813945046
2026-08-07 04:18:00,20190.48,918.87,44673.85,49032.92,26.770999999993364,25.330999999998312,1.4399999999950523,0.05684734120228764
2026-08-07 04:19:00,20190.47,919.14,44673.57,49032.67,26.520999999993364,25.330999999998312,1.1899999999950523,0.04697801113241213
2026-08-07 04:20:00,20190.69,918.99,44673.74,49032.91,26.760999999998603,25.29099999999744,1.4700000000011642,0.058123443122111144
2026-08-07 04:21:00,20190.58,919.31,44673.64,49032.79,26.640999999995984,25.250999999996566,1.389999999999418,0.05504732485840588
2026-08-07 04:22:00,20190.53,919.39,44673.65,49032.78,26.630999999993946,25.250999999996566,1.3799999999973807,0.05465130093848039
2026-08-07 04:23:00,20190.45,919.4,44673.6,49032.71,26.560999999994237,25.250999999996566,1.3099999999976717,0.05187913349957823
2026-08-07 04:24:00,20190.71,919.25,44673.75,49032.94,26.79099999999744,25.235999999997148,1.555000000000291,0.06161832303060972
2026-08-07 04:25:00,20190.71,919.14,44673.69,49032.86,26.710999999995693,25.22099999999773,1.4899999999979627,0.05907775266635331
2026-08-07 04:26:00,20190.59,919.02,44673.51,49032.64,26.49099999999453,25.205999999994674,1.2849999999998545,0.05097992541458883
2026-08-07 04:27:00,20191.49,918.73,44674.04,49033.49,27.340999999993073,25.190999999991618,2.150000000001455,0.08534794172530549
2026-08-07 04:28:00,20191.57,918.46,44673.82,49033.33,27.180999999996857,25.18099999999322,2.000000000003638,0.07942496326612035
2026-08-07 04:29:00,20192.03,918.31,44674.34,49033.99,27.840999999993073,25.17099999999482,2.6699999999982538,0.10607445075677578
2026-08-07 04:30:00,20191.44,918.4,44673.82,49033.26,27.110999999997148,25.1559999999954,1.9550000000017462,0.07771505803792747
2026-08-07 04:31:00,20191.09,918.86,44673.56,49032.9,26.750999999996566,25.140999999995984,1.610000000000582,0.06403882104931544
2026-08-07 04:32:00,20191.25,919.22,44673.79,49033.2,27.0509999999922,25.130999999993946,1.9199999999982538,0.07639966575141126
2026-08-07 04:33:00,20191.17,919.75,44673.93,49033.28,27.130999999993946,25.12099999999191,2.0100000000020373,0.08001273834651028
2026-08-07 04:34:00,20190.8,920.09,44673.51,49032.77,26.62099999999191,25.11599999999453,1.5049999999973807,0.059921962095783904
2026-08-07 04:35:00,20190.59,920.57,44673.54,49032.71,26.560999999994237,25.110999999997148,1.4499999999970896,0.05774361833448506
2026-08-07 04:36:00,20190.48,920.69,44673.44,49032.57,26.42099999999482,25.110999999997148,1.3099999999976717,0.05216837242633987
2026-08-07 04:37:00,20190.47,921.22,44673.47,49032.61,26.460999999995693,25.110999999997148,1.3499999999985448,0.05376129982870846
2026-08-07 04:38:00,20190.61,921.68,44673.53,49032.74,26.590999999993073,25.110999999997148,1.4799999999959255,0.058938313886189066
2026-08-07 04:39:00,20190.58,922.06,44673.55,49032.75,26.60099999999511,25.110999999997148,1.4899999999979627,0.05933654573685365
2026-08-07 04:40:00,20190.38,922.39,44673.35,49032.5,26.35099999999511,25.110999999997148,1.2399999999979627,0.049380749472267275
2026-08-07 04:41:00,20190.34,922.7,44673.13,49032.29,26.140999999995984,25.110999999997148,1.0299999999988358,0.0410178806100495
2026-08-07 04:42:00,20190.59,923.0,44673.27,49032.52,26.37099999999191,25.11599999999453,1.2549999999973807,0.04996814779414135
2026-08-07 04:43:00,20190.44,922.76,44672.98,49032.18,26.0309999999954,25.12099999999191,0.9100000000034925,0.03622467258484079
2026-08-07 04:44:00,20190.83,922.4,44673.1,49032.45,26.3009999999922,25.130999999993946,1.1699999999982538,0.04655604631723909
2026-08-07 04:45:00,20191.01,922.22,44673.2,49032.6,26.450999999993655,25.140999999995984,1.3099999999976717,0.05210612147479738
2026-08-07 04:46:00,20190.93,922.27,44673.07,49032.45,26.3009999999922,25.1559999999954,1.1449999999967986,0.045515980282914925
2026-08-07 04:47:00,20191.02,922.32,44673.04,49032.46,26.310999999994237,25.17099999999482,1.139999999999418,0.04529021492986582
2026-08-07 04:48:00,20191.3,922.14,44673.34,49032.85,26.700999999993655,25.18099999999322,1.5200000000004366,0.060362972082159
2026-08-07 04:49:00,20191.4,921.92,44673.3,49032.84,26.690999999991618,25.190999999991618,1.5,0.05954507562226585
2026-08-07 04:50:00,20191.48,921.86,44673.17,49032.75,26.60099999999511,25.205999999994674,1.3950000000004366,0.05534396572247605
2026-08-07 04:51:00,20191.61,921.89,44673.32,49032.94,26.79099999999744,25.22099999999773,1.569999999999709,0.06224971254113042
2026-08-07 04:52:00,20191.68,922.17,44673.29,49032.95,26.8009999999922,25.235999999997148,1.5649999999950523,0.06201458234249601
2026-08-07 04:53:00,20191.86,921.72,44673.22,49032.96,26.810999999994237,25.250999999996566,1.5599999999976717,0.06177973149569854
2026-08-07 04:54:00,20192.26,921.34,44673.57,49033.43,27.2809999999954,25.250999999996566,2.029999999998836,0.08039285572845083
2026-08-07 04:55:00,20192.02,921.09,44673.21,49033.0,26.85099999999511,25.250999999996566,1.5999999999985448,0.06336382717511237
2026-08-07 04:56:00,20191.83,921.13,44673.07,49032.8,26.65099999999802,25.260999999994965,1.390000000003056,0.0550255334311125
2026-08-07 04:57:00,20192.1,921.0,44673.32,49033.14,26.99099999999453,25.270999999993364,1.7200000000011642,0.0680622056903809
2026-08-07 04:58:00,20192.2,920.86,44673.48,49033.31,27.160999999992782,25.300999999995838,1.859999999996944,0.07351488083464093
2026-08-07 04:59:00,20192.2,920.94,44673.46,49033.31,27.160999999992782,25.330999999998312,1.8299999999944703,0.07224349611127047
2026-08-07 05:00:00,20191.81,921.16,44673.13,49032.85,26.700999999993655,25.330999999998312,1.3699999999953434,0.05408392878273399
2026-08-07 05:01:00,20192.03,921.17,44673.16,49032.97,26.820999999996275,25.330999999998312,1.4899999999979627,0.05882120721637764
2026-08-07 05:02:00,20192.33,921.27,44673.25,49033.16,27.010999999998603,25.335999999995693,1.6750000000029104,0.06611146195149965
2026-08-07 05:03:00,20192.33,921.48,44673.2,49033.11,26.960999999995693,25.340999999993073,1.6200000000026193,0.06392802178300233
2026-08-07 05:04:00,20191.92,921.8,44672.75,49032.55,26.40099999999802,25.345999999994092,1.055000000003929,0.041623924879830146
2026-08-07 05:05:00,20192.27,921.95,44672.72,49032.67,26.520999999993364,25.35099999999511,1.1699999999982538,0.04615202556106187
2026-08-07 05:06:00,20192.34,922.61,44673.11,49033.07,26.92099999999482,25.36599999999453,1.555000000000291,0.06130253094696154
2026-08-07 05:07:00,20192.45,922.53,44673.23,49033.23,27.080999999998312,25.380999999993946,1.7000000000043656,0.0669792364368926
2026-08-07 05:08:00,20192.0,922.97,44672.8,49032.66,26.510999999998603,25.390999999995984,1.1200000000026193,0.04411011775837094
2026-08-07 05:09:00,20192.17,923.09,44672.76,49032.71,26.560999999994237,25.40099999999802,1.1599999999962165,0.045667493405626036
2026-08-07 05:10:00,20192.37,923.02,44673.08,49033.07,26.92099999999482,25.40099999999802,1.5199999999967986,0.05984016377295843
2026-08-07 05:11:00,20192.5,922.68,44673.04,49033.08,26.930999999996857,25.40099999999802,1.5299999999988358,0.06023384906101945
2026-08-07 05:12:00,20192.32,922.93,44672.74,49032.75,26.60099999999511,25.4059999999954,1.194999999999709,0.04703613319687969
2026-08-07 05:13:00,20192.16,923.12,44672.63,49032.59,26.440999999991618,25.410999999992782,1.0299999999988358,0.04053362716930181
2026-08-07 05:14:00,20192.1,923.33,44672.48,49032.41,26.260999999998603,25.4159999999938,0.8450000000048021,0.03324677368606422
2026-08-07 05:15:00,20192.07,923.61,44672.4,49032.33,26.180999999996857,25.42099999999482,0.7600000000020373,0.029896542228952133
2026-08-07 05:16:00,20192.44,924.01,44672.57,49032.64,26.49099999999453,25.42099999999482,1.069999999999709,0.04209118445379517
2026-08-07 05:17:00,20192.75,924.15,44672.61,49032.81,26.660999999992782,25.42099999999482,1.2399999999979627,0.04877856889965837
2026-08-07 05:18:00,20192.75,924.35,44672.32,49032.55,26.40099999999802,25.435999999994237,0.9650000000037835,0.03793835508743521
2026-08-07 05:19:00,20193.2,923.75,44672.52,49032.91,26.760999999998603,25.450999999993655,1.3100000000049477,0.05147145495286135
2026-08-07 05:20:00,20193.46,923.64,44672.78,49033.26,27.110999999997148,25.450999999993655,1.6600000000034925,0.0652233703981732
2026-08-07 05:21:00,20193.5,923.59,44672.8,49033.28,27.130999999993946,25.450999999993655,1.680000000000291,0.06600919413778279
2026-08-07 05:22:00,20193.18,923.98,44672.63,49033.01,26.860999999997148,25.450999999993655,1.4100000000034925,0.05540057365148104
2026-08-07 05:23:00,20192.93,924.56,44672.47,49032.77,26.62099999999191,25.450999999993655,1.1699999999982538,0.04597068877445073
2026-08-07 05:24:00,20192.66,925.14,44672.32,49032.53,26.380999999993946,25.455999999994674,0.9249999999992724,0.0363372093023046
2026-08-07 05:25:00,20192.68,925.47,44672.35,49032.56,26.410999999992782,25.460999999995693,0.9499999999970896,0.03731196732246378
2026-08-07 05:26:00,20192.83,925.73,44672.54,49032.81,26.660999999992782,25.460999999995693,1.1999999999970896,0.04713090609156328
2026-08-07 05:27:00,20192.92,926.23,44672.65,49032.95,26.8009999999922,25.460999999995693,1.3399999999965075,0.052629511802236136
2026-08-07 05:28:00,20192.81,926.33,44672.41,49032.68,26.5309999999954,25.460999999995693,1.069999999999709,0.042025057931734416
2026-08-07 05:29:00,20193.26,926.28,44672.7,49033.14,26.99099999999453,25.460999999995693,1.5299999999988358,0.0600919052668432
2026-08-07 05:30:00,20193.35,926.24,44672.75,49033.2,27.0509999999922,25.460999999995693,1.5899999999965075,0.062448450571335634
2026-08-07 05:31:00,20193.13,926.44,44672.61,49032.99,26.840999999993073,25.460999999995693,1.3799999999973807,0.05420054200532635
2026-08-07 05:32:00,20193.94,925.97,44673.23,49033.89,27.74099999999453,25.460999999995693,2.279999999998836,0.08954872157414169
2026-08-07 05:33:00,20194.0,925.73,44673.36,49034.02,27.87099999999191,25.460999999995693,2.4099999999962165,0.09465456973397054
2026-08-07 05:34:00,20193.81,925.72,44673.1,49033.71,27.560999999994237,25.460999999995693,2.099999999998545,0.08247908566037862
2026-08-07 05:35:00,20194.24,925.44,44673.65,49034.38,28.23099999999249,25.460999999995693,2.7699999999967986,0.10879384156149668
2026-08-07 05:36:00,20194.25,925.67,44673.74,49034.47,28.320999999996275,25.460999999995693,2.860000000000582,0.11232865951852111
2026-08-07 05:37:00,20194.03,925.31,44673.68,49034.33,28.180999999996857,25.460999999995693,2.720000000001164,0.10683005380784825
2026-08-07 05:38:00,20194.04,925.59,44673.73,49034.37,28.22099999999773,25.46599999999671,2.7550000000010186,0.10818346030006182
2026-08-07 05:39:00,20193.94,925.88,44673.76,49034.36,28.210999999995693,25.47099999999773,2.7399999999979627,0.1075733186760711
2026-08-07 05:40:00,20194.0,925.57,44673.84,49034.47,28.320999999996275,25.47599999999511,2.845000000001164,0.11167373214012051
2026-08-07 05:41:00,20193.91,925.62,44673.76,49034.37,28.22099999999773,25.48099999999249,2.7400000000052387,0.10753110160535481
2026-08-07 05:42:00,20193.87,925.62,44673.82,49034.42,28.270999999993364,25.48099999999249,2.790000000000873,0.10949334798483949
2026-08-07 05:43:00,20193.62,925.85,44673.69,49034.18,28.0309999999954,25.48099999999249,2.5500000000029104,0.10007456536257062
2026-08-07 05:44:00,20193.81,925.63,44673.82,49034.39,28.24099999999453,25.49099999999453,2.75,0.10788121297715234
2026-08-07 05:45:00,20193.78,925.4,44673.93,49034.47,28.320999999996275,25.500999999996566,2.819999999999709,0.11058389867064385
2026-08-07 05:46:00,20193.97,925.29,44674.28,49034.85,28.700999999993655,25.500999999996566,3.1999999999970896,0.12548527508715426
2026-08-07 05:47:00,20193.62,925.41,44674.27,49034.71,28.560999999994237,25.500999999996566,3.0599999999976717,0.11999529430210909
2026-08-07 05:48:00,20193.45,925.57,44674.01,49034.4,28.250999999996566,25.510999999994965,2.7400000000016007,0.10740464897503592
2026-08-07 05:49:00,20193.72,925.04,44674.32,49034.79,28.640999999995984,25.520999999993364,3.1200000000026193,0.12225226284249953
2026-08-07 05:50:00,20193.96,924.84,44674.61,49035.15,29.000999999996566,25.525999999994383,3.475000000002183,0.13613570477172088
2026-08-07 05:51:00,20193.93,924.78,44674.85,49035.35,29.200999999993655,25.5309999999954,3.6699999999982538,0.14374681759425462
2026-08-07 05:52:00,20193.47,924.74,44674.64,49034.96,28.810999999994237,25.5309999999954,3.279999999998836,0.1284712702204938
2026-08-07 05:53:00,20193.54,924.86,44674.82,49035.18,29.0309999999954,25.5309999999954,3.5,0.1370882456621609
2026-08-07 05:54:00,20193.34,924.91,44674.86,49035.12,28.97099999999773,25.5309999999954,3.4400000000023283,0.13473816145090078
2026-08-07 05:55:00,20193.45,925.09,44674.95,49035.24,29.090999999993073,25.5309999999954,3.5599999999976717,0.13943832987342106
2026-08-07 05:56:00,20193.32,925.31,44674.98,49035.22,29.070999999996275,25.5409999999938,3.530000000002474,0.13820915390953098
2026-08-07 05:57:00,20193.06,925.05,44674.83,49034.96,28.810999999994237,25.5509999999922,3.2600000000020373,0.12758796133235617
2026-08-07 05:58:00,20192.96,925.1,44674.84,49034.93,28.7809999999954,25.5509999999922,3.2300000000032014,0.12641383898885317
2026-08-07 05:59:00,20192.88,925.08,44675.02,49035.06,28.910999999992782,25.5509999999922,3.360000000000582,0.13150170247746107
2026-08-07 06:00:00,20192.83,925.26,44675.07,49035.09,28.940999999991618,25.5509999999922,3.389999999999418,0.13267582482096407
2026-08-07 06:01:00,20192.52,925.44,44674.99,49034.91,28.760999999998603,25.5509999999922,3.210000000006403,0.1256310907599461
2026-08-07 06:02:00,20192.48,925.35,44675.09,49034.99,28.840999999993073,25.560999999994237,3.279999999998836,0.1283204882437923
2026-08-07 06:03:00,20192.86,925.49,44675.35,49035.38,29.23099999999249,25.570999999996275,3.6599999999962165,0.1431308904617242
2026-08-07 06:04:00,20192.92,924.6,44675.53,49035.56,29.410999999992782,25.570999999996275,3.8399999999965075,0.15017011458281126
2026-08-07 06:05:00,20192.8,925.16,44675.5,49035.47,29.320999999996275,25.570999999996275,3.75,0.14665050252241002
2026-08-07 06:06:00,20192.77,925.14,44675.62,49035.6,29.450999999993655,25.570999999996275,3.8799999999973807,0.1517343866097511
2026-08-07 06:07:00,20192.37,925.06,44675.65,49035.44,29.29099999999744,25.570999999996275,3.720000000001164,0.14547729850227625
2026-08-07 06:08:00,20192.33,925.54,44675.81,49035.56,29.410999999992782,25.575999999997293,3.834999999995489,0.14994526118219795
2026-08-07 06:09:00,20192.18,925.15,44675.79,49035.48,29.330999999998312,25.580999999998312,3.75,0.14659317462179927
2026-08-07 06:10:00,20191.96,925.02,44675.66,49035.28,29.130999999993946,25.580999999998312,3.5499999999956344,0.13877487197513266
2026-08-07 06:11:00,20192.13,925.11,44675.79,49035.46,29.310999999994237,25.580999999998312,3.7299999999959255,0.14581134435699042
2026-08-07 06:12:00,20192.1,925.49,44675.8,49035.45,29.3009999999922,25.585999999995693,3.7149999999965075,0.1451965918860757
2026-08-07 06:13:00,20192.21,925.31,44675.91,49035.58,29.430999999996857,25.590999999993073,3.8400000000037835,0.15005275292113723
2026-08-07 06:14:00,20192.2,925.36,44676.16,49035.73,29.580999999998312,25.595999999994092,3.98500000000422,0.15568838881095248
2026-08-07 06:15:00,20192.22,925.35,44675.99,49035.67,29.520999999993364,25.60099999999511,3.9199999999982538,0.15311901878828962
2026-08-07 06:16:00,20192.13,925.46,44676.08,49035.7,29.5509999999922,25.60099999999511,3.9499999999970896,0.15429084801366524
2026-08-07 06:17:00,20192.54,925.25,44676.36,49036.13,29.98099999999249,25.60099999999511,4.379999999997381,0.17108706691137912
2026-08-07 06:18:00,20192.14,925.11,44676.3,49035.88,29.73099999999249,25.60099999999511,4.129999999997381,0.16132182336620324
2026-08-07 06:19:00,20191.81,925.35,44676.08,49035.58,29.430999999996857,25.60099999999511,3.8300000000017462,0.1496035311121627
2026-08-07 06:20:00,20192.0,925.35,44676.28,49035.89,29.74099999999453,25.60099999999511,4.139999999999418,0.16171243310808986
2026-08-07 06:21:00,20192.14,925.39,44676.52,49036.16,30.010999999998603,25.60099999999511,4.4100000000034925,0.17225889613703896
2026-08-07 06:22:00,20191.73,925.32,44676.38,49035.87,29.72099999999773,25.60599999999613,4.115000000001601,0.16070452237765456
2026-08-07 06:23:00,20191.84,925.29,44676.4,49035.93,29.7809999999954,25.610999999997148,4.169999999998254,0.1628206629963187
2026-08-07 06:24:00,20191.62,925.22,44676.42,49035.85,29.700999999993655,25.61599999999453,4.084999999999127,0.15947064334790753
2026-08-07 06:25:00,20191.58,925.47,44676.32,49035.75,29.60099999999511,25.62099999999191,3.9800000000032014,0.15534132157232186
2026-08-07 06:26:00,20191.8,925.26,44676.36,49035.88,29.73099999999249,25.625999999992928,4.104999999999563,0.1601888706782446
2026-08-07 06:27:00,20192.04,924.95,44676.61,49036.2,30.0509999999922,25.630999999993946,4.419999999998254,0.1724474269439077
2026-08-07 06:28:00,20191.82,925.01,44676.81,49036.29,30.140999999995984,25.630999999993946,4.510000000002037,0.17595879989087834
2026-08-07 06:29:00,20191.46,925.2,44676.81,49036.17,30.020999999993364,25.630999999993946,4.389999999999418,0.1712769692950121
2026-08-07 06:30:00,20190.83,924.65,44676.85,49035.93,29.7809999999954,25.640999999995984,4.139999999999418,0.16146016146016404
2026-08-07 06:31:00,20190.44,924.95,44676.83,49035.73,29.580999999998312,25.65099999999802,3.930000000000291,0.15321040115397427
2026-08-07 06:32:00,20190.54,924.48,44677.11,49036.0,29.85099999999511,25.65099999999802,4.19999999999709,0.16373630657664082
2026-08-07 06:33:00,20190.4,925.05,44677.06,49035.92,29.770999999993364,25.65099999999802,4.119999999995343,0.16061751978463457
2026-08-07 06:34:00,20189.88,925.29,44676.52,49035.24,29.090999999993073,25.65099999999802,3.4399999999950523,0.13410783205314872
2026-08-07 06:35:00,20190.34,925.05,44676.82,49035.69,29.54099999999744,25.65099999999802,3.889999999999418,0.15165100775797116
2026-08-07 06:36:00,20190.59,924.47,44677.1,49036.05,29.90099999999802,25.65099999999802,4.25,0.16568554832171564
2026-08-07 06:37:00,20190.62,924.88,44677.07,49036.04,29.890999999995984,25.65099999999802,4.239999999997963,0.16529569997264396
2026-08-07 06:38:00,20190.52,925.06,44676.92,49035.86,29.710999999995693,25.65099999999802,4.059999999997672,0.15827842969077172
2026-08-07 06:39:00,20190.34,925.28,44676.36,49035.27,29.12099999999191,25.65099999999802,3.469999999993888,0.13527737710008014
2026-08-07 06:40:00,20190.4,925.88,44676.47,49035.39,29.24099999999453,25.65099999999802,3.5899999999965075,0.13995555728808953
2026-08-07 06:41:00,20190.74,925.64,44676.49,49035.55,29.40099999999802,25.65099999999802,3.75,0.14619313087210203
2026-08-07 06:42:00,20190.82,925.6,44676.49,49035.58,29.430999999996857,25.6559999999954,3.775000000001455,0.14713907078274602
2026-08-07 06:43:00,20190.55,925.36,44676.52,49035.5,29.35099999999511,25.660999999992782,3.6900000000023283,0.143797981372642
2026-08-07 06:44:00,20190.01,925.89,44676.31,49035.07,28.92099999999482,25.660999999992782,3.2600000000020373,0.12704103503382386
2026-08-07 06:45:00,20189.92,926.39,44675.95,49034.74,28.590999999993073,25.660999999992782,2.930000000000291,0.11418105295978782
2026-08-07 06:46:00,20189.83,926.46,44675.92,49034.7,28.5509999999922,25.6659999999938,2.8849999999983993,0.11240551702638105
2026-08-07 06:47:00,20189.67,926.45,44675.88,49034.6,28.450999999993655,25.67099999999482,2.779999999998836,0.10829340500952035
2026-08-07 06:48:00,20190.35,925.35,44676.16,49035.09,28.940999999991618,25.67099999999482,3.2699999999967986,0.1273810915039328
2026-08-07 06:49:00,20190.7,924.98,44676.21,49035.28,29.130999999993946,25.67099999999482,3.459999999999127,0.13478243932841827
2026-08-07 06:50:00,20190.95,924.89,44676.46,49035.63,29.48099999999249,25.675999999995838,3.804999999996653,0.1481928649321261
2026-08-07 06:51:00,20190.94,924.08,44676.71,49035.8,29.65099999999802,25.680999999996857,3.970000000001164,0.15458899575568125
2026-08-07 06:52:00,20190.68,924.12,44676.65,49035.64,29.49099999999453,25.680999999996857,3.8099999999976717,0.14835870877295035
2026-08-07 06:53:00,20190.5,924.01,44676.68,49035.56,29.410999999992782,25.680999999996857,3.7299999999959255,0.1452435652815849
2026-08-07 06:54:00,20190.36,923.83,44676.82,49035.62,29.47099999999773,25.680999999996857,3.790000000000873,0.14757992290025065
2026-08-07 06:55:00,20190.33,923.86,44676.58,49035.44,29.29099999999744,25.680999999996857,3.610000000000582,0.14057085004482006
2026-08-07 06:56:00,20190.43,923.95,44676.52,49035.42,29.270999999993364,25.680999999996857,3.5899999999965075,0.13979206417183704
2026-08-07 06:57:00,20190.78,924.03,44676.66,49035.72,29.570999999996275,25.680999999996857,3.889999999999418,0.1514738522643158
2026-08-07 06:58:00,20190.12,924.12,44676.26,49035.09,28.940999999991618,25.685999999994237,3.2549999999973807,0.12672272833442774
2026-08-07 06:59:00,20190.19,924.33,44676.48,49035.32,29.17099999999482,25.690999999991618,3.4800000000032014,0.13545599626345167
2026-08-07 07:00:00,20189.75,924.77,44676.11,49034.81,28.660999999992782,25.690999999991618,2.970000000001164,0.11560468646616065
2026-08-07 07:01:00,20189.7,925.05,44676.09,49034.74,28.590999999993073,25.690999999991618,2.900000000001455,0.11287999688616251
2026-08-07 07:02:00,20189.77,925.15,44676.05,49034.74,28.590999999993073,25.690999999991618,2.900000000001455,0.11287999688616251
2026-08-07 07:03:00,20189.94,925.36,44676.18,49034.92,28.770999999993364,25.690999999991618,3.0800000000017462,0.11988634152048387
2026-08-07 07:04:00,20190.16,925.69,44675.95,49034.81,28.660999999992782,25.690999999991618,2.970000000001164,0.11560468646616065
2026-08-07 07:05:00,20190.18,925.75,44675.66,49034.56,28.410999999992782,25.690999999991618,2.720000000001164,0.10587365225184117
2026-08-07 07:06:00,20190.46,925.41,44675.85,49034.86,28.710999999995693,25.690999999991618,3.0200000000040745,0.11755089330913783
2026-08-07 07:07:00,20190.71,925.65,44676.06,49035.14,28.99099999999453,25.690999999991618,3.3000000000029104,0.12844965162913033
2026-08-07 07:08:00,20190.45,925.49,44675.65,49034.68,28.5309999999954,25.690999999991618,2.8400000000037835,0.11054454867481647
2026-08-07 07:09:00,20190.76,925.75,44675.87,49035.0,28.85099999999511,25.690999999991618,3.1600000000034925,0.12300027246913407
2026-08-07 07:10:00,20190.57,925.8,44675.44,49034.53,28.380999999993946,25.695999999992637,2.6850000000013097,0.10449097135749062
2026-08-07 07:11:00,20190.75,925.94,44675.38,49034.55,28.40099999999802,25.700999999993655,2.7000000000043656,0.10505427804385169
2026-08-07 07:12:00,20190.77,925.9,44675.31,49034.51,28.360999999997148,25.700999999993655,2.6600000000034925,0.1034979183690965
2026-08-07 07:13:00,20190.6,926.07,44675.22,49034.36,28.210999999995693,25.700999999993655,2.5100000000020373,0.09766156958883533
2026-08-07 07:14:00,20190.51,926.2,44675.18,49034.3,28.15099999999802,25.705999999994674,2.445000000003347,0.09511398117186079
2026-08-07 07:15:00,20190.69,926.0,44675.39,49034.57,28.42099999999482,25.710999999995693,2.709999999999127,0.10540235696781848
2026-08-07 07:16:00,20190.95,925.63,44675.58,49034.84,28.690999999991618,25.71599999999671,2.974999999994907,0.11568673199546148
2026-08-07 07:17:00,20191.34,925.29,44675.95,49035.31,29.160999999992782,25.72099999999773,3.4399999999950523,0.1337428560318555
2026-08-07 07:18:00,20191.34,925.36,44675.83,49035.21,29.060999999994237,25.72099999999773,3.3399999999965075,0.12985498231005024
2026-08-07 07:19:00,20191.08,925.38,44675.36,49034.68,28.5309999999954,25.72099999999773,2.8099999999976717,0.10924925158422766
2026-08-07 07:20:00,20191.09,925.49,44675.24,49034.57,28.42099999999482,25.72099999999773,2.6999999999970896,0.10497259049015699
2026-08-07 07:21:00,20191.16,925.46,44675.23,49034.58,28.430999999996857,25.72099999999773,2.709999999999127,0.10536137786242238
2026-08-07 07:22:00,20191.42,924.94,44675.3,49034.74,28.590999999993073,25.72599999999511,2.8649999999979627,0.11136593329699554
2026-08-07 07:23:00,20191.37,925.03,44675.25,49034.68,28.5309999999954,25.73099999999249,2.8000000000029104,0.10881815708692734
2026-08-07 07:24:00,20191.28,926.12,44675.18,49034.59,28.440999999991618,25.73099999999249,2.709999999999127,0.10532043060898985
2026-08-07 07:25:00,20190.61,926.77,44674.76,49033.95,27.8009999999922,25.73099999999249,2.069999999999709,0.08044770898916921
2026-08-07 07:26:00,20190.39,926.48,44674.79,49033.89,27.74099999999453,25.73599999999351,2.0050000000010186,0.0779064345664254
2026-08-07 07:27:00,20191.24,926.13,44675.43,49034.84,28.690999999991618,25.74099999999453,2.9499999999970896,0.11460316227021937
2026-08-07 07:28:00,20191.09,926.34,44675.46,49034.77,28.62099999999191,25.74099999999453,2.8799999999973807,0.11188376519940922
2026-08-07 07:29:00,20190.91,926.25,44675.07,49034.34,28.190999999991618,25.74099999999453,2.4499999999970896,0.0951788974786376
2026-08-07 07:30:00,20191.05,926.09,44675.33,49034.62,28.47099999999773,25.745999999995547,2.725000000002183,0.10584168414521301
2026-08-07 07:31:00,20190.96,926.04,44675.33,49034.58,28.430999999996857,25.750999999996566,2.680000000000291,0.10407362820863844
2026-08-07 07:32:00,20190.96,926.12,44675.29,49034.57,28.42099999999482,25.750999999996566,2.6699999999982538,0.10368529377494505
2026-08-07 07:33:00,20191.2,926.39,44675.49,49034.86,28.710999999995693,25.750999999996566,2.959999999999127,0.11494699234979308
2026-08-07 07:34:00,20191.24,926.34,44675.68,49035.05,28.90099999999802,25.750999999996566,3.150000000001455,0.12232534658855483
2026-08-07 07:35:00,20191.07,926.34,44675.69,49034.98,28.830999999998312,25.750999999996566,3.0800000000017462,0.11960700555326616
2026-08-07 07:36:00,20191.2,926.14,44675.84,49035.18,29.0309999999954,25.750999999996566,3.279999999998836,0.12737369422543876
2026-08-07 07:37:00,20191.19,926.57,44675.84,49035.18,29.0309999999954,25.750999999996566,3.279999999998836,0.12737369422543876
2026-08-07 07:38:00,20190.72,926.88,44675.62,49034.78,28.630999999993946,25.755999999997584,2.874999999996362,0.11162447585015653
2026-08-07 07:39:00,20190.91,926.82,44675.79,49035.02,28.87099999999191,25.760999999998603,3.109999999993306,0.12072512712990469
2026-08-07 07:40:00,20190.6,926.36,44675.74,49034.84,28.690999999991618,25.770999999997002,2.919999999994616,0.11330565364149453
2026-08-07 07:41:00,20190.38,926.51,44675.73,49034.75,28.60099999999511,25.7809999999954,2.819999999999709,0.10938287886428812
2026-08-07 07:42:00,20190.27,927.46,44675.76,49034.75,28.60099999999511,25.7809999999954,2.819999999999709,0.10938287886428812
2026-08-07 07:43:00,20190.48,927.64,44675.87,49034.94,28.79099999999744,25.7809999999954,3.0100000000020373,0.1167526472984979
2026-08-07 07:44:00,20190.21,927.9,44675.45,49034.45,28.3009999999922,25.7809999999954,2.5199999999967986,0.09774640238924975
2026-08-07 07:45:00,20190.68,927.32,44675.7,49034.87,28.72099999999773,25.7809999999954,2.9400000000023283,0.1140374694543599
2026-08-07 07:46:00,20190.67,926.71,44676.02,49035.14,28.99099999999453,25.78599999999642,3.2049999999981083,0.12429225160934435
2026-08-07 07:47:00,20190.86,926.21,44676.44,49035.6,29.450999999993655,25.79099999999744,3.6599999999962165,0.14190996859356286
2026-08-07 07:48:00,20189.75,926.91,44676.27,49034.98,28.830999999998312,25.79099999999744,3.040000000000873,0.11787057500683087
2026-08-07 07:49:00,20188.78,928.37,44675.72,49034.12,27.97099999999773,25.79099999999744,2.180000000000291,0.08452560970883283
2026-08-07 07:50:00,20189.74,927.73,44676.08,49034.82,28.67099999999482,25.79099999999744,2.8799999999973807,0.11166686053265351
2026-08-07 07:51:00,20189.88,927.56,44676.26,49035.04,28.890999999995984,25.79099999999744,3.099999999998545,0.12019696793450632
2026-08-07 07:52:00,20189.41,927.25,44676.4,49034.98,28.830999999998312,25.79099999999744,3.040000000000873,0.11787057500683087
2026-08-07 07:53:00,20189.27,927.35,44676.54,49035.04,28.890999999995984,25.79099999999744,3.099999999998545,0.12019696793450632
2026-08-07 07:54:00,20189.7,926.78,44676.74,49035.39,29.24099999999453,25.79099999999744,3.4499999999970896,0.13376759334641666
2026-08-07 07:55:00,20189.23,926.15,44676.44,49034.9,28.750999999996566,25.79099999999744,2.959999999999127,0.11476871776974219
2026-08-07 07:56:00,20189.05,926.21,44676.54,49034.92,28.770999999993364,25.79599999999482,2.974999999998545,0.11532795782288503
2026-08-07 07:57:00,20188.67,926.71,44676.66,49034.86,28.710999999995693,25.8009999999922,2.9100000000034925,0.11278632611156049
2026-08-07 07:58:00,20188.32,926.65,44676.8,49034.86,28.710999999995693,25.8009999999922,2.9100000000034925,0.11278632611156049
2026-08-07 07:59:00,20187.45,927.1,44676.43,49034.19,28.04099999999744,25.8009999999922,2.2400000000052387,0.08681834037463339
2026-08-07 08:00:00,20187.3,927.33,44676.52,49034.22,28.070999999996275,25.80599999999322,2.265000000003056,0.08777028598014613
2026-08-07 08:01:00,20186.44,927.29,44676.35,49033.71,27.560999999994237,25.810999999994237,1.75,0.06780055015305067
2026-08-07 08:02:00,20186.29,926.36,44676.8,49034.05,27.90099999999802,25.815999999995256,2.085000000002765,0.08076386736919539
2026-08-07 08:03:00,20186.27,926.8,44676.88,49034.12,27.97099999999773,25.820999999996275,2.150000000001455,0.08326555904115895
2026-08-07 08:04:00,20185.82,926.63,44676.64,49033.71,27.560999999994237,25.820999999996275,1.7399999999979627,0.06738701057272041
2026-08-07 08:05:00,20185.23,927.08,44676.11,49033.01,26.860999999997148,25.820999999996275,1.0400000000008731,0.04027729367572996
2026-08-07 08:06:00,20185.69,927.21,44676.26,49033.34,27.190999999991618,25.820999999996275,1.3699999999953434,0.05305758878415015
2026-08-07 08:07:00,20185.03,927.1,44676.19,49033.01,26.860999999997148,25.820999999996275,1.0400000000008731,0.04027729367572996
2026-08-07 08:08:00,20185.06,927.28,44676.31,49033.15,27.000999999996566,25.830999999994674,1.1700000000018917,0.04529441368906093
2026-08-07 08:09:00,20185.02,926.99,44676.07,49032.9,26.750999999996566,25.840999999993073,0.9100000000034925,0.03521535544304541
2026-08-07 08:10:00,20184.83,926.51,44676.24,49032.96,26.810999999994237,25.840999999993073,0.9700000000011642,0.037537247010619716
2026-08-07 08:11:00,20184.75,926.17,44676.54,49033.2,27.0509999999922,25.840999999993073,1.2099999999991269,0.04682481328119853
2026-08-07 08:12:00,20184.97,926.38,44676.53,49033.29,27.140999999995984,25.840999999993073,1.3000000000029104,0.050307650632841566
2026-08-07 08:13:00,20185.13,926.03,44676.13,49032.97,26.820999999996275,25.840999999993073,0.9800000000032014,0.037924228938642626
2026-08-07 08:14:00,20185.36,925.9,44676.31,49033.25,27.10099999999511,25.840999999993073,1.2600000000020373,0.0487597229210315
2026-08-07 08:15:00,20185.55,925.61,44676.46,49033.45,27.3009999999922,25.840999999993073,1.4599999999991269,0.056499361479800246
2026-08-07 08:16:00,20185.67,925.53,44676.57,49033.61,27.460999999995693,25.840999999993073,1.6200000000026193,0.0626910723270405
2026-08-07 08:17:00,20185.62,925.54,44676.37,49033.4,27.250999999996566,25.840999999993073,1.4100000000034925,0.05456445184024884
2026-08-07 08:18:00,20185.9,925.56,44676.29,49033.43,27.2809999999954,25.845999999994092,1.4350000000013097,0.05552116381651465
2026-08-07 08:19:00,20185.78,925.67,44676.0,49033.1,26.950999999993655,25.85099999999511,1.0999999999985448,0.04255154539471405
2026-08-07 08:20:00,20185.69,925.26,44675.81,49032.9,26.750999999996566,25.85099999999511,0.9000000000014552,0.03481490077759566
2026-08-07 08:21:00,20185.75,925.19,44675.93,49033.01,26.860999999997148,25.85099999999511,1.0100000000020373,0.03907005531709521
2026-08-07 08:22:00,20185.6,925.02,44675.89,49032.93,26.7809999999954,25.85099999999511,0.930000000000291,0.03597539747013527
2026-08-07 08:23:00,20185.85,924.89,44676.03,49033.13,26.98099999999249,25.85099999999511,1.1299999999973807,0.04371204208725366
2026-08-07 08:24:00,20185.72,924.63,44675.94,49032.97,26.820999999996275,25.85599999999613,0.9650000000001455,0.03732209158416963
2026-08-07 08:25:00,20185.76,924.41,44675.94,49033.0,26.85099999999511,25.860999999997148,0.9899999999979627,0.038281582305327404
2026-08-07 08:26:00,20185.74,924.27,44675.97,49033.02,26.87099999999191,25.860999999997148,1.0099999999947613,0.039054947604302725
2026-08-07 08:27:00,20185.99,923.92,44676.19,49033.32,27.17099999999482,25.860999999997148,1.3099999999976717,0.05065542709090198
2026-08-07 08:28:00,20185.59,923.59,44676.11,49033.06,26.910999999992782,25.860999999997148,1.0499999999956344,0.04060167820253471
2026-08-07 08:29:00,20185.25,923.68,44676.17,49033.0,26.85099999999511,25.860999999997148,0.9899999999979627,0.038281582305327404
2026-08-07 08:30:00,20185.21,924.39,44675.81,49032.67,26.520999999993364,25.860999999997148,0.6599999999962165,0.025521054870124484
2026-08-07 08:31:00,20185.1,924.37,44675.44,49032.3,26.15099999999802,25.860999999997148,0.2900000000008731,0.011213796836970925
2026-08-07 08:32:00,20184.99,924.79,44675.33,49032.18,26.0309999999954,25.860999999997148,0.16999999999825377,0.0065736050422749515
2026-08-07 08:33:00,20185.31,924.0,44675.95,49032.88,26.73099999999249,25.860999999997148,0.8699999999953434,0.033641390510631426
2026-08-07 08:34:00,20184.42,924.17,44675.67,49032.25,26.10099999999511,25.86599999999453,0.23500000000058208,0.009085285703264199
2026-08-07 08:35:00,20185.05,924.16,44675.76,49032.57,26.42099999999482,25.87099999999191,0.5500000000029104,0.0212593251131801
2026-08-07 08:36:00,20184.29,923.87,44675.52,49032.05,25.90099999999802,25.87099999999191,0.030000000006111804,0.001159599551858111
2026-08-07 08:37:00,20184.36,924.11,44675.6,49032.15,26.000999999996566,25.87099999999191,0.1300000000046566,0.005024931390541427
2026-08-07 08:38:00,20184.18,924.21,44675.3,49031.81,25.660999999992782,25.87099999999191,-0.20999999999912689,0.008117196861319337
2026-08-07 08:39:00,20184.3,924.15,44675.02,49031.61,25.460999999995693,25.87099999999191,-0.4099999999962165,0.01584786053868597
2026-08-07 08:40:00,20184.39,923.98,44675.02,49031.65,25.500999999996566,25.87099999999191,-0.3699999999953434,0.014301727803156396
2026-08-07 08:41:00,20184.64,923.74,44675.35,49032.04,25.890999999995984,25.87099999999191,0.020000000004074536,0.0007730663679054073
2026-08-07 08:42:00,20184.39,923.17,44675.2,49031.78,25.630999999993946,25.87099999999191,-0.23999999999796273,0.009276796412896207
2026-08-07 08:43:00,20184.09,923.7,44674.83,49031.34,25.190999999991618,25.87099999999191,-0.680000000000291,0.02628425650344029
2026-08-07 08:44:00,20184.28,924.05,44674.65,49031.26,25.110999999997148,25.875999999992928,-0.76499999999578,0.0295640748182095
2026-08-07 08:45:00,20184.99,924.4,44674.66,49031.56,25.410999999992782,25.880999999993946,-0.47000000000116415,0.018160040183967933
2026-08-07 08:46:00,20185.11,924.43,44674.01,49031.0,24.85099999999511,25.880999999993946,-1.0299999999988358,0.03979753487110532
2026-08-07 08:47:00,20184.6,924.76,44673.49,49030.34,24.190999999991618,25.880999999993946,-1.6900000000023283,0.0652988678954725
2026-08-07 08:48:00,20184.87,924.2,44673.55,49030.48,24.330999999998312,25.885999999994965,-1.554999999996653,0.06007108089302926
2026-08-07 08:49:00,20185.29,923.79,44673.79,49030.86,24.710999999995693,25.890999999995984,-1.180000000000291,0.04557568266967186
2026-08-07 08:50:00,20185.56,923.01,44673.81,49030.98,24.830999999998312,25.895999999997002,-1.0649999999986903,0.041126042632020916
2026-08-07 08:51:00,20185.89,922.82,44673.97,49031.26,25.110999999997148,25.90099999999802,-0.7900000000008731,0.030500752866720725
2026-08-07 08:52:00,20185.98,922.69,44673.75,49031.1,24.950999999993655,25.90099999999802,-0.9500000000043656,0.036678120536058
2026-08-07 08:53:00,20186.13,922.34,44673.77,49031.17,25.020999999993364,25.90099999999802,-0.8800000000046566,0.033975522180793166
2026-08-07 08:54:00,20185.85,922.23,44673.6,49030.88,24.73099999999249,25.90099999999802,-1.1700000000055297,0.04517200108125629
2026-08-07 08:55:00,20185.51,922.16,44673.22,49030.39,24.24099999999453,25.90099999999802,-1.6600000000034925,0.06409018956811008
2026-08-07 08:56:00,20185.52,922.08,44673.22,49030.39,24.24099999999453,25.90099999999802,-1.6600000000034925,0.06409018956811008
2026-08-07 08:57:00,20185.48,922.11,44673.32,49030.47,24.320999999996275,25.90099999999802,-1.5800000000017462,0.06100150573344145
2026-08-07 08:58:00,20185.42,921.91,44673.07,49030.22,24.070999999996275,25.90099999999802,-1.8300000000017462,0.07065364271657025
2026-08-07 08:59:00,20185.93,921.78,44673.13,49030.48,24.330999999998312,25.90099999999802,-1.569999999999709,0.06061542025403764
2026-08-07 09:00:00,20185.69,921.76,44672.9,49030.16,24.010999999998603,25.9059999999954,-1.8949999999967986,0.07314907743368852
2026-08-07 09:01:00,20185.44,921.35,44672.82,49029.99,23.840999999993073,25.910999999992782,-2.069999999999709,0.07988885029525243
2026-08-07 09:02:00,20185.72,920.99,44672.87,49030.13,23.98099999999249,25.910999999992782,-1.930000000000291,0.07448573964728604
2026-08-07 09:03:00,20186.06,920.73,44673.0,49030.38,24.23099999999249,25.910999999992782,-1.680000000000291,0.06483732777587739
2026-08-07 09:04:00,20185.99,920.67,44672.78,49030.15,24.000999999996566,25.9159999999938,-1.9149999999972351,0.0738925760147281
2026-08-07 09:05:00,20185.65,920.75,44672.5,49029.76,23.610999999997148,25.92099999999482,-2.3099999999976717,0.08911693221704924
2026-08-07 09:06:00,20185.56,920.39,44672.69,49029.91,23.760999999998603,25.92099999999482,-2.1599999999962165,0.0833301184366594
2026-08-07 09:07:00,20185.41,920.19,44672.71,49029.86,23.710999999995693,25.92099999999482,-2.209999999999127,0.08525905636354958
2026-08-07 09:08:00,20185.03,919.93,44672.53,49029.55,23.40099999999802,25.92099999999482,-2.5199999999967986,0.09721847150948275
2026-08-07 09:09:00,20184.91,920.09,44672.3,49029.3,23.15099999999802,25.92099999999482,-2.7699999999967986,0.10686316114337226
2026-08-07 09:10:00,20185.07,919.64,44672.21,49029.28,23.130999999993946,25.92099999999482,-2.790000000000873,0.1076347363142406
2026-08-07 09:11:00,20184.78,918.99,44672.14,49029.08,22.930999999996857,25.92099999999482,-2.9899999999979627,0.11535048802123993
2026-08-07 09:12:00,20184.39,919.03,44671.96,49028.77,22.62099999999191,25.92099999999482,-3.3000000000029104,0.1273099031674538
2026-08-07 09:13:00,20184.43,919.19,44671.97,49028.79,22.640999999995984,25.92099999999482,-3.279999999998836,0.12653832799658546
2026-08-07 09:14:00,20184.43,918.93,44671.91,49028.74,22.590999999993073,25.925999999995838,-3.335000000002765,0.1286353467562794
2026-08-07 09:15:00,20184.67,918.68,44672.02,49028.94,22.79099999999744,25.930999999996857,-3.139999999999418,0.12109058655662329
2026-08-07 09:16:00,20184.46,918.37,44671.83,49028.67,22.520999999993364,25.935999999994237,-3.415000000000873,0.1316702652684158
2026-08-07 09:17:00,20184.83,917.75,44672.15,49029.08,22.930999999996857,25.940999999991618,-3.0099999999947613,0.11603253536855687
2026-08-07 09:18:00,20184.7,917.63,44672.06,49028.96,22.810999999994237,25.940999999991618,-3.1299999999973807,0.12065841717737913
2026-08-07 09:19:00,20184.61,917.15,44671.85,49028.73,22.580999999998312,25.940999999991618,-3.359999999993306,0.12952469064393785
2026-08-07 09:20:00,20184.72,916.84,44671.91,49028.81,22.660999999992782,25.940999999991618,-3.279999999998836,0.12644076943833682
2026-08-07 09:21:00,20184.41,917.01,44671.69,49028.49,22.340999999993073,25.940999999991618,-3.599999999998545,0.13877645426158236
2026-08-07 09:22:00,20184.34,916.63,44671.54,49028.34,22.190999999991618,25.940999999991618,-3.75,0.14455880652254005
2026-08-07 09:23:00,20184.08,916.33,44671.33,49028.03,21.880999999993946,25.940999999991618,-4.059999999997672,0.1565090011949803
2026-08-07 09:24:00,20183.99,915.94,44671.15,49027.82,21.67099999999482,25.945999999992637,-4.274999999997817,0.16476528173895902
2026-08-07 09:25:00,20184.11,915.74,44671.33,49028.03,21.880999999993946,25.950999999993655,-4.069999999999709,0.15683403337061014
2026-08-07 09:26:00,20184.11,915.36,44671.13,49027.85,21.700999999993655,25.950999999993655,-4.25,0.16377018226661935
2026-08-07 09:27:00,20184.17,915.22,44671.13,49027.85,21.700999999993655,25.950999999993655,-4.25,0.16377018226661935
2026-08-07 09:28:00,20184.41,915.02,44671.15,49027.97,21.820999999996275,25.955999999994674,-4.134999999998399,0.1593080597934677
2026-08-07 09:29:00,20184.37,914.83,44671.09,49027.91,21.760999999998603,25.960999999995693,-4.19999999999709,0.16178113323823376
2026-08-07 09:30:00,20183.97,914.57,44670.92,49027.57,21.42099999999482,25.96599999999671,-4.545000000001892,0.1750365863052633
2026-08-07 09:31:00,20183.67,914.36,44670.6,49027.15,21.000999999996566,25.97099999999773,-4.970000000001164,0.1913672942898463
2026-08-07 09:32:00,20183.23,914.36,44670.22,49026.62,20.47099999999773,25.97099999999773,-5.5,0.2117746717492773
2026-08-07 09:33:00,20184.11,913.92,44670.7,49027.42,21.270999999993364,25.97099999999773,-4.700000000004366,0.1809710831313687
2026-08-07 09:34:00,20184.01,913.79,44670.66,49027.33,21.180999999996857,25.97099999999773,-4.790000000000873,0.18443648685076786
2026-08-07 09:35:00,20183.6,913.65,44670.27,49026.79,20.640999999995984,25.97099999999773,-5.330000000001746,0.20522890916800324
2026-08-07 09:36:00,20183.39,913.65,44670.1,49026.55,20.40099999999802,25.97099999999773,-5.569999999999709,0.2144699857533478
2026-08-07 09:37:00,20183.34,913.54,44670.14,49026.57,20.42099999999482,25.97099999999773,-5.55000000000291,0.21369989603801914
2026-08-07 09:38:00,20183.05,913.34,44669.91,49026.24,20.090999999993073,25.97099999999773,-5.880000000004657,0.22640637634304303
2026-08-07 09:39:00,20182.87,912.71,44669.6,49025.86,19.710999999995693,25.97099999999773,-6.260000000002037,0.24103808093652862
2026-08-07 09:40:00,20183.38,912.03,44669.92,49026.38,20.23099999999249,25.97599999999511,-5.745000000002619,0.2211656914075955
2026-08-07 09:41:00,20183.33,911.53,44669.83,49026.24,20.090999999993073,25.98099999999249,-5.889999999999418,0.22670412994115394
2026-08-07 09:42:00,20183.02,911.18,44669.49,49025.8,19.65099999999802,25.98099999999249,-6.32999999999447,0.2436395827718833
2026-08-07 09:43:00,20183.17,910.85,44669.38,49025.76,19.610999999997148,25.98099999999249,-6.369999999995343,0.2451791693929096
2026-08-07 09:44:00,20182.88,910.52,44669.16,49025.42,19.270999999993364,25.98599999999351,-6.7150000000001455,0.25840837373977615
2026-08-07 09:45:00,20182.58,910.32,44668.92,49025.09,18.940999999991618,25.99099999999453,-7.05000000000291,0.27124773960233906
2026-08-07 09:46:00,20182.25,909.9,44668.79,49024.83,18.680999999996857,25.99099999999453,-7.309999999997672,0.2812512023392409
2026-08-07 09:47:00,20182.16,909.91,44668.58,49024.61,18.460999999995693,25.99099999999453,-7.529999999998836,0.28971567080914246
2026-08-07 09:48:00,20181.98,910.02,44668.45,49024.41,18.260999999998603,25.99099999999453,-7.7299999999959255,0.29741064214526386
2026-08-07 09:49:00,20181.62,910.09,44668.16,49024.01,17.860999999997148,25.99099999999453,-8.12999999999738,0.3128005848177866
2026-08-07 09:50:00,20181.28,909.94,44667.83,49023.57,17.42099999999482,25.99099999999453,-8.569999999999709,0.3297295217575897
2026-08-07 09:51:00,20180.75,910.12,44667.76,49023.29,17.140999999995984,25.99099999999453,-8.849999999998545,0.3405024816282716
2026-08-07 09:52:00,20180.3,910.11,44667.45,49022.83,16.680999999996857,25.99099999999453,-9.309999999997672,0.35820091570157486
2026-08-07 09:53:00,20180.42,910.11,44667.4,49022.83,16.680999999996857,25.99099999999453,-9.309999999997672,0.35820091570157486
2026-08-07 09:54:00,20180.6,909.92,44666.93,49022.46,16.310999999994237,25.995999999995547,-9.68500000000131,0.3725573165103465
2026-08-07 09:55:00,20180.74,909.78,44666.79,49022.41,16.260999999998603,26.000999999996566,-9.739999999997963,0.3746009768854755
2026-08-07 09:56:00,20180.33,909.72,44666.31,49021.8,15.650999999998021,26.000999999996566,-10.349999999998545,0.39806161301488063
2026-08-07 09:57:00,20180.77,909.1,44666.29,49021.95,15.8009999999922,26.000999999996566,-10.200000000004366,0.39229260413083006
2026-08-07 09:58:00,20181.37,908.01,44666.52,49022.37,16.22099999999773,26.000999999996566,-9.779999999998836,0.37613937925464896
2026-08-07 09:59:00,20181.37,907.24,44666.39,49022.26,16.110999999997148,26.000999999996566,-9.889999999999418,0.38036998576980596
2026-08-07 10:00:00,20181.9,906.43,44666.48,49022.54,16.390999999995984,26.000999999996566,-9.610000000000582,0.36960116918587177
2026-08-07 10:01:00,20182.55,906.07,44666.58,49022.89,16.74099999999453,26.000999999996566,-9.260000000002037,0.35614014845595404
2026-08-07 10:02:00,20182.83,905.71,44666.37,49022.8,16.65099999999802,26.000999999996566,-9.349999999998545,0.35960155378638436
2026-08-07 10:03:00,20183.05,905.52,44666.13,49022.68,16.5309999999954,26.000999999996566,-9.470000000001164,0.36421676089390465
2026-08-07 10:04:00,20182.46,905.04,44665.85,49022.16,16.010999999998603,26.000999999996566,-9.989999999997963,0.3842159916925996
2026-08-07 10:05:00,20181.78,904.91,44665.74,49021.79,15.640999999995984,26.000999999996566,-10.360000000000582,0.39844621360724397
2026-08-07 10:06:00,20181.88,905.06,44665.72,49021.82,15.67099999999482,26.000999999996566,-10.330000000001746,0.39729241183043384
2026-08-07 10:07:00,20181.74,904.86,44665.41,49021.47,15.320999999996275,26.000999999996566,-10.680000000000291,0.4107534325603516
2026-08-07 10:08:00,20181.79,904.7,44665.1,49021.21,15.060999999994237,26.000999999996566,-10.940000000002328,0.420753047959839
2026-08-07 10:09:00,20181.57,905.05,44664.82,49020.87,14.72099999999773,26.000999999996566,-11.279999999998836,0.4338294680973934
2026-08-07 10:10:00,20181.1,904.98,44664.45,49020.34,14.190999999991618,26.000999999996566,-11.810000000004948,0.4542132994887315
2026-08-07 10:11:00,20181.13,904.32,44664.58,49020.47,14.320999999996275,26.000999999996566,-11.680000000000291,0.4492134917888479
2026-08-07 10:12:00,20180.83,904.17,44664.48,49020.25,14.10099999999511,26.005999999997584,-11.905000000002474,0.4577789740830416
2026-08-07 10:13:00,20181.0,904.21,44664.42,49020.27,14.12099999999191,26.010999999998603,-11.890000000006694,0.45711429779736773
2026-08-07 10:14:00,20181.5,903.91,44664.4,49020.46,14.310999999994237,26.010999999998603,-11.700000000004366,0.44980969589808134
2026-08-07 10:15:00,20182.13,903.85,44664.25,49020.59,14.440999999991618,26.010999999998603,-11.570000000006985,0.4448118103882052
2026-08-07 10:16:00,20181.85,903.47,44664.08,49020.3,14.150999999998021,26.010999999998603,-11.860000000000582,0.45596093960252276
2026-08-07 10:17:00,20181.36,902.84,44663.83,49019.88,13.730999999992491,26.010999999998603,-12.280000000006112,0.4721079543272758
2026-08-07 10:18:00,20181.36,902.9,44664.01,49020.04,13.890999999995984,26.010999999998603,-12.12000000000262,0.4659567106225547
2026-08-07 10:19:00,20181.21,902.77,44663.72,49019.71,13.560999999994237,26.010999999998603,-12.450000000004366,0.4786436507633322
2026-08-07 10:20:00,20181.33,902.3,44663.6,49019.64,13.490999999994528,26.015999999995984,-12.525000000001455,0.4814345018451487
2026-08-07 10:21:00,20181.87,901.6,44663.67,49019.9,13.750999999996566,26.020999999993364,-12.269999999996799,0.4715422159025375
2026-08-07 10:22:00,20181.99,901.74,44663.56,49019.84,13.690999999991618,26.020999999993364,-12.330000000001746,0.4738480458093421
2026-08-07 10:23:00,20181.65,901.87,44663.31,49019.49,13.340999999993073,26.020999999993364,-12.680000000000291,0.4872987202645373
2026-08-07 10:24:00,20181.39,901.48,44662.99,49019.08,12.930999999996857,26.020999999993364,-13.089999999996508,0.5030552246262575
2026-08-07 10:25:00,20181.46,901.3,44662.93,49019.07,12.92099999999482,26.020999999993364,-13.099999999998545,0.5034395296107715
2026-08-07 10:26:00,20181.49,901.14,44663.0,49019.15,13.000999999996566,26.020999999993364,-13.019999999996799,0.5003650897352184
2026-08-07 10:27:00,20181.42,900.71,44662.96,49019.06,12.910999999992782,26.020999999993364,-13.110000000000582,0.5038238345952856
2026-08-07 10:28:00,20181.66,900.48,44662.88,49019.08,12.930999999996857,26.025999999994383,-13.094999999997526,0.5031506954584013
2026-08-07 10:29:00,20181.72,900.15,44662.81,49019.06,12.910999999992782,26.0309999999954,-13.12000000000262,0.5040144443165816
2026-08-07 10:30:00,20181.46,900.06,44662.85,49018.95,12.8009999999922,26.0309999999954,-13.230000000003201,0.5082401751759648
2026-08-07 10:31:00,20181.29,900.07,44662.83,49018.9,12.750999999996566,26.0309999999954,-13.279999999998836,0.5101609619300519
2026-08-07 10:32:00,20180.38,900.42,44662.36,49018.08,11.930999999996857,26.0309999999954,-14.099999999998545,0.5416618646998208
2026-08-07 10:33:00,20180.35,899.99,44662.22,49017.94,11.790999999997439,26.0309999999954,-14.239999999997963,0.5470400676117121
2026-08-07 10:34:00,20181.15,899.18,44662.51,49018.52,12.37099999999191,26.0309999999954,-13.660000000003492,0.524758941262568
2026-08-07 10:35:00,20181.79,898.69,44662.82,49019.05,12.900999999998021,26.0309999999954,-13.12999999999738,0.5043986016672314
2026-08-07 10:36:00,20181.23,898.65,44662.57,49018.59,12.440999999991618,26.0309999999954,-13.590000000003783,0.5220698398066222
2026-08-07 10:37:00,20180.38,899.19,44662.39,49018.08,11.930999999996857,26.0309999999954,-14.099999999998545,0.5416618646998208
2026-08-07 10:38:00,20179.14,899.5,44662.01,49017.23,11.080999999998312,26.03599999999642,-14.954999999998108,0.5743969887847659
2026-08-07 10:39:00,20178.82,899.27,44661.78,49016.89,10.740999999994528,26.04099999999744,-15.30000000000291,0.5875350408972165
2026-08-07 10:40:00,20178.77,899.41,44661.94,49017.02,10.87099999999191,26.04599999999482,-15.17500000000291,0.582623051524454
2026-08-07 10:41:00,20178.67,899.19,44661.72,49016.78,10.630999999993946,26.0509999999922,-15.419999999998254,0.5919158573568335
2026-08-07 10:42:00,20178.65,899.52,44661.55,49016.62,10.47099999999773,26.05599999999322,-15.584999999995489,0.5981347866134304
2026-08-07 10:43:00,20178.55,899.6,44661.13,49016.2,10.0509999999922,26.060999999994237,-16.010000000002037,0.6143279229502159
2026-08-07 10:44:00,20179.09,899.19,44661.24,49016.54,10.390999999995984,26.065999999995256,-15.674999999999272,0.6013580909998514
2026-08-07 10:45:00,20179.41,898.43,44661.1,49016.5,10.35099999999511,26.070999999996275,-15.720000000001164,0.602968815925872
2026-08-07 10:46:00,20179.47,898.07,44661.04,49016.46,10.310999999994237,26.070999999996275,-15.760000000002037,0.6045030877221544
2026-08-07 10:47:00,20179.52,898.16,44661.25,49016.68,10.530999999995402,26.070999999996275,-15.540000000000873,0.5960645928427407
2026-08-07 10:48:00,20179.59,897.36,44661.14,49016.59,10.440999999991618,26.075999999997293,-15.635000000005675,0.5995934959352393
2026-08-07 10:49:00,20179.8,897.02,44661.08,49016.61,10.460999999995693,26.080999999998312,-15.62000000000262,0.5989034162801898
2026-08-07 10:50:00,20179.61,896.73,44660.78,49016.26,10.110999999997148,26.080999999998312,-15.970000000001164,0.6123231471186763
2026-08-07 10:51:00,20179.42,896.62,44660.58,49015.99,9.840999999993073,26.080999999998312,-16.24000000000524,0.6226755109085652
2026-08-07 10:52:00,20179.04,896.36,44660.14,49015.45,9.3009999999922,26.085999999995693,-16.785000000003492,0.643448593115321
2026-08-07 10:53:00,20179.23,896.28,44660.17,49015.56,9.410999999992782,26.090999999993073,-16.68000000000029,0.6393009083593852
2026-08-07 10:54:00,20179.21,895.81,44660.02,49015.39,9.240999999994528,26.090999999993073,-16.849999999998545,0.6458165650991919
2026-08-07 10:55:00,20179.34,895.52,44659.96,49015.4,9.250999999996566,26.090999999993073,-16.839999999996508,0.645433291173239
2026-08-07 10:56:00,20179.21,895.47,44659.65,49015.06,8.910999999992782,26.090999999993073,-17.18000000000029,0.6584646046531314
2026-08-07 10:57:00,20178.92,895.45,44659.57,49014.86,8.710999999995693,26.090999999993073,-17.37999999999738,0.6661300831705184
2026-08-07 10:58:00,20178.52,895.35,44659.16,49014.34,8.190999999991618,26.095999999994092,-17.905000000002474,0.6861204782344623
2026-08-07 10:59:00,20178.22,895.12,44658.91,49013.97,7.820999999996275,26.10099999999511,-18.279999999998836,0.7003563081875124
2026-08-07 11:00:00,20178.61,894.91,44658.83,49014.06,7.910999999992782,26.10599999999613,-18.195000000003347,0.6969662146635274
2026-08-07 11:01:00,20179.23,894.69,44658.95,49014.41,8.260999999998603,26.110999999997148,-17.849999999998545,0.6836199302975947
2026-08-07 11:02:00,20178.93,894.72,44658.57,49013.94,7.790999999997439,26.110999999997148,-18.31999999999971,0.7016200068937118
2026-08-07 11:03:00,20178.87,894.63,44658.38,49013.75,7.600999999995111,26.110999999997148,-18.510000000002037,0.7088966336028516
2026-08-07 11:04:00,20178.69,894.62,44658.33,49013.63,7.480999999992491,26.110999999997148,-18.630000000004657,0.7134923978402471
2026-08-07 11:05:00,20178.02,894.82,44658.05,49013.12,6.97099999999773,26.110999999997148,-19.139999999999418,0.7330243958485507
2026-08-07 11:06:00,20177.68,894.53,44657.82,49012.76,6.610999999997148,26.110999999997148,-19.5,0.7468116885604584
2026-08-07 11:07:00,20178.12,894.27,44657.72,49012.83,6.680999999996857,26.110999999997148,-19.43000000000029,0.7441308260887141
2026-08-07 11:08:00,20178.61,893.87,44657.77,49013.07,6.9209999999948195,26.11599999999453,-19.19499999999971,0.7349900444173584
2026-08-07 11:09:00,20179.28,893.48,44657.64,49013.23,7.080999999998312,26.12099999999191,-19.039999999993597,0.7289154320278509
2026-08-07 11:10:00,20179.84,893.14,44657.43,49013.27,7.120999999991909,26.12099999999191,-19.0,0.7273840970868606
2026-08-07 11:11:00,20180.5,892.88,44657.55,49013.64,7.4909999999945285,26.12099999999191,-18.62999999999738,0.713219248880332
2026-08-07 11:12:00,20180.33,892.74,44657.15,49013.2,7.0509999999922,26.125999999992928,-19.075000000000728,0.7301155936617121
2026-08-07 11:13:00,20179.0,893.05,44656.52,49012.11,5.960999999995693,26.130999999993946,-20.169999999998254,0.7718801423597614
2026-08-07 11:14:00,20178.45,893.07,44656.43,49011.8,5.650999999998021,26.135999999994965,-20.484999999996944,0.783784817875761
2026-08-07 11:15:00,20178.81,892.91,44656.67,49012.17,6.020999999993364,26.140999999995984,-20.12000000000262,0.7696721625035657
2026-08-07 11:16:00,20179.24,892.88,44656.46,49012.14,5.9909999999945285,26.140999999995984,-20.150000000001455,0.7708197850122241
2026-08-07 11:17:00,20179.81,892.69,44656.2,49012.14,5.9909999999945285,26.140999999995984,-20.150000000001455,0.7708197850122241
2026-08-07 11:18:00,20180.31,892.28,44656.14,49012.26,6.110999999997148,26.140999999995984,-20.029999999998836,0.766229294977312
2026-08-07 11:19:00,20180.51,892.33,44655.7,49011.96,5.810999999994237,26.140999999995984,-20.330000000001746,0.7777055200644531
2026-08-07 11:20:00,20180.99,891.77,44655.53,49011.98,5.830999999998312,26.140999999995984,-20.30999999999767,0.7769404383918286
2026-08-07 11:21:00,20181.35,891.28,44655.5,49012.09,5.940999999991618,26.140999999995984,-20.200000000004366,0.7727324891935071
2026-08-07 11:22:00,20181.5,890.84,44655.41,49012.06,5.910999999992782,26.145999999997002,-20.23500000000422,0.7739233534768813
2026-08-07 11:23:00,20181.14,890.35,44655.13,49011.66,5.510999999998603,26.15099999999802,-20.639999999999418,0.7892623609040182
2026-08-07 11:24:00,20181.17,889.96,44655.15,49011.68,5.530999999995402,26.15099999999802,-20.62000000000262,0.7884975717947375
2026-08-07 11:25:00,20181.02,889.7,44654.84,49011.33,5.180999999996857,26.15099999999802,-20.970000000001164,0.8018813812092368
2026-08-07 11:26:00,20181.14,889.41,44654.57,49011.14,4.9909999999945285,26.15099999999802,-21.160000000003492,0.8091468777486557
2026-08-07 11:27:00,20181.99,889.13,44654.72,49011.61,5.460999999995693,26.15099999999802,-20.69000000000233,0.7911743336776373
2026-08-07 11:28:00,20181.73,889.3,44654.01,49010.85,4.700999999993655,26.1559999999954,-21.455000000001746,0.8202706835909741
2026-08-07 11:29:00,20182.59,888.73,44654.48,49011.63,5.480999999992491,26.160999999992782,-20.68000000000029,0.790489660181415
2026-08-07 11:30:00,20182.45,888.47,44654.45,49011.54,5.390999999995984,26.160999999992782,-20.7699999999968,0.7939298956462876
2026-08-07 11:31:00,20181.97,888.55,44653.95,49010.88,4.730999999992491,26.160999999992782,-21.43000000000029,0.8191582890564658
2026-08-07 11:32:00,20182.05,888.05,44653.53,49010.53,4.380999999993946,26.1659999999938,-21.784999999999854,0.8325689826494311
2026-08-07 11:33:00,20183.08,887.58,44654.05,49011.44,5.290999999997439,26.17099999999482,-20.87999999999738,0.7978296587826799
2026-08-07 11:34:00,20182.95,887.21,44653.63,49010.98,4.830999999998312,26.17099999999482,-21.339999999996508,0.8154063658247959
2026-08-07 11:35:00,20183.07,886.88,44653.44,49010.86,4.710999999995693,26.17099999999482,-21.459999999999127,0.8199915937489349
2026-08-07 11:36:00,20183.29,886.58,44653.41,49010.89,4.7409999999945285,26.17099999999482,-21.43000000000029,0.8188452867679696
2026-08-07 11:37:00,20183.41,886.39,44653.4,49010.94,4.790999999997439,26.17099999999482,-21.37999999999738,0.8169347751328422
2026-08-07 11:38:00,20183.0,886.09,44652.93,49010.34,4.190999999991618,26.175999999995838,-21.98500000000422,0.8398915036677764
2026-08-07 11:39:00,20182.95,885.97,44652.8,49010.2,4.0509999999922,26.180999999996857,-22.130000000004657,0.8452694702267795
2026-08-07 11:40:00,20182.85,885.85,44652.63,49009.96,3.8109999999942374,26.180999999996857,-22.37000000000262,0.8544364233606548
2026-08-07 11:41:00,20183.01,885.75,44652.57,49009.99,3.8409999999930733,26.180999999996857,-22.340000000003783,0.8532905542189552
2026-08-07 11:42:00,20183.29,885.55,44652.41,49009.97,3.8209999999962747,26.180999999996857,-22.360000000000582,0.8540544669799957
2026-08-07 11:43:00,20183.45,885.46,44652.24,49009.87,3.72099999999773,26.180999999996857,-22.459999999999127,0.857874030785754
2026-08-07 11:44:00,20183.07,885.22,44651.87,49009.38,3.230999999992491,26.185999999994237,-22.955000000001746,0.8766134575730083
2026-08-07 11:45:00,20182.9,885.15,44651.8,49009.23,3.080999999998312,26.190999999991618,-23.109999999993306,0.882364170898427
2026-08-07 11:46:00,20182.78,885.01,44651.56,49008.94,2.790999999997439,26.190999999991618,-23.39999999999418,0.8934366767210747
2026-08-07 11:47:00,20182.71,885.03,44651.17,49008.56,2.4109999999927823,26.190999999991618,-23.779999999998836,0.9079454774543334
2026-08-07 11:48:00,20182.48,884.94,44651.0,49008.32,2.1709999999948195,26.190999999991618,-24.0199999999968,0.917108930548833
2026-08-07 11:49:00,20182.28,884.65,44650.72,49008.01,1.8609999999971478,26.190999999991618,-24.32999999999447,0.9289450574625733
2026-08-07 11:50:00,20182.34,884.55,44650.54,49007.87,1.72099999999773,26.195999999992637,-24.474999999994907,0.9343029470148796
2026-08-07 11:51:00,20182.64,884.73,44650.71,49008.14,1.9909999999945285,26.200999999993655,-24.209999999999127,0.9240105339492763
2026-08-07 11:52:00,20182.52,884.34,44650.32,49007.74,1.5909999999930733,26.205999999994674,-24.6150000000016,0.9392887125088378
2026-08-07 11:53:00,20182.58,884.31,44650.24,49007.69,1.5409999999974389,26.210999999995693,-24.669999999998254,0.9412078898173404
2026-08-07 11:54:00,20181.92,884.55,44649.88,49007.08,0.9309999999968568,26.220999999994092,-25.289999999997235,0.9644941077763218
2026-08-07 11:55:00,20181.66,884.31,44649.63,49006.73,0.580999999998312,26.23099999999249,-25.64999999999418,0.9778506347452068
2026-08-07 11:56:00,20181.93,884.26,44649.38,49006.63,0.4809999999924912,26.23599999999351,-25.75500000000102,0.9816664125631723
2026-08-07 11:57:00,20182.07,884.09,44649.13,49006.46,0.31099999999423744,26.24099999999453,-25.93000000000029,0.9881483175186044
2026-08-07 11:58:00,20182.66,883.87,44649.43,49006.97,0.8209999999962747,26.24099999999453,-25.419999999998254,0.9687130825808298
2026-08-07 11:59:00,20182.23,883.74,44648.79,49006.19,0.1,26.24099999999453,-26.140999999994527,0.9961891696200593
2026-08-07 12:00:00,20182.52,883.39,44648.73,49006.24,0.1,26.245999999995547,-26.145999999995546,0.9961898956031389
2026-08-07 12:01:00,20182.41,883.5,44648.77,49006.22,0.1,26.24099999999453,-26.140999999994527,0.9961891696200593
2026-08-07 12:02:00,20182.2,883.62,44648.63,49006.03,0.1,26.24099999999453,-26.140999999994527,0.9961891696200593
2026-08-07 12:03:00,20182.06,883.86,44648.47,49005.83,0.1,26.24099999999453,-26.140999999994527,0.9961891696200593
2026-08-07 12:04:00,20182.17,883.53,44648.11,49005.54,0.1,26.23599999999351,-26.13599999999351,0.9961884433602674
2026-08-07 12:05:00,20182.49,883.39,44647.88,49005.46,0.1,26.23099999999249,-26.13099999999249,0.9961877168236045
2026-08-07 12:06:00,20182.8,883.25,44647.94,49005.63,0.1,26.23599999999351,-26.13599999999351,0.9961884433602674
2026-08-07 12:07:00,20182.9,883.12,44647.63,49005.39,0.1,26.23099999999249,-26.13099999999249,0.9961877168236045
2026-08-07 12:08:00,20183.24,882.65,44647.52,49005.42,0.1,26.23599999999351,-26.13599999999351,0.9961884433602674
2026-08-07 12:09:00,20183.3,882.17,44647.6,49005.5,0.1,26.24099999999453,-26.140999999994527,0.9961891696200593
2026-08-07 12:10:00,20182.86,882.1,44647.53,49005.25,0.1,26.24099999999453,-26.140999999994527,0.9961891696200593
2026-08-07 12:11:00,20182.21,882.35,44647.31,49004.79,0.1,26.24099999999453,-26.140999999994527,0.9961891696200593
2026-08-07 12:12:00,20181.91,882.53,44647.19,49004.56,0.1,26.245999999995547,-26.145999999995546,0.9961898956031389
2026-08-07 12:13:00,20181.43,882.82,44646.92,49004.12,0.1,26.250999999996566,-26.150999999996564,0.9961906213096638
2026-08-07 12:14:00,20181.22,882.98,44646.91,49004.04,0.1,26.255999999997584,-26.155999999997583,0.9961913467397924
2026-08-07 12:15:00,20181.1,883.35,44646.85,49003.93,0.1,26.260999999998603,-26.1609999999986,0.9961920718936824
2026-08-07 12:16:00,20180.71,883.46,44646.5,49003.47,0.1,26.270999999997002,-26.170999999997,0.996193521373377
2026-08-07 12:17:00,20180.68,883.64,44646.59,49003.54,0.1,26.2809999999954,-26.1809999999954,0.9961949697500088
2026-08-07 12:18:00,20180.46,883.69,44646.3,49003.19,0.1,26.2809999999954,-26.1809999999954,0.9961949697500088
2026-08-07 12:19:00,20180.77,883.43,44646.25,49003.26,0.1,26.2809999999954,-26.1809999999954,0.9961949697500088
2026-08-07 12:20:00,20180.89,883.24,44646.36,49003.41,0.1,26.28599999999642,-26.18599999999642,0.9961956935250698
2026-08-07 12:21:00,20180.87,883.1,44646.37,49003.4,0.1,26.29099999999744,-26.190999999997437,0.996196417024837
2026-08-07 12:22:00,20180.63,882.84,44646.36,49003.29,0.1,26.29599999999482,-26.195999999994818,0.9961971402494668
2026-08-07 12:23:00,20180.66,882.81,44646.38,49003.34,0.1,26.3009999999922,-26.2009999999922,0.9961978631991167
2026-08-07 12:24:00,20180.79,882.93,44646.45,49003.46,0.1,26.3009999999922,-26.2009999999922,0.9961978631991167
2026-08-07 12:25:00,20181.25,882.36,44646.63,49003.82,0.1,26.3009999999922,-26.2009999999922,0.9961978631991167
2026-08-07 12:26:00,20181.07,882.5,44646.51,49003.62,0.1,26.30599999999322,-26.205999999993217,0.996198585873944
2026-08-07 12:27:00,20181.12,882.35,44646.48,49003.62,0.1,26.310999999994237,-26.210999999994236,0.996199308274105
2026-08-07 12:28:00,20181.33,882.14,44646.55,49003.78,0.1,26.310999999994237,-26.210999999994236,0.996199308274105
2026-08-07 12:29:00,20181.53,882.1,44647.02,49004.27,0.1,26.310999999994237,-26.210999999994236,0.996199308274105
2026-08-07 12:30:00,20181.31,882.41,44646.62,49003.8,0.1,26.315999999995256,-26.215999999995255,0.996200030399756
2026-08-07 12:31:00,20181.23,882.28,44646.63,49003.8,0.1,26.320999999996275,-26.220999999996273,0.9962007522510536
2026-08-07 12:32:00,20181.66,882.11,44647.09,49004.38,0.1,26.320999999996275,-26.220999999996273,0.9962007522510536
2026-08-07 12:33:00,20181.21,882.12,44646.86,49003.99,0.1,26.320999999996275,-26.220999999996273,0.9962007522510536
2026-08-07 12:34:00,20181.37,882.03,44646.64,49003.86,0.1,26.320999999996275,-26.220999999996273,0.9962007522510536
2026-08-07 12:35:00,20181.04,881.92,44646.81,49003.87,0.1,26.320999999996275,-26.220999999996273,0.9962007522510536
2026-08-07 12:36:00,20181.51,881.48,44647.18,49004.4,0.1,26.325999999997293,-26.225999999997292,0.9962014738281543
2026-08-07 12:37:00,20181.41,881.57,44647.22,49004.4,0.1,26.330999999998312,-26.23099999999831,0.9962021951312139
2026-08-07 12:38:00,20181.59,881.49,44647.18,49004.43,0.1,26.330999999998312,-26.23099999999831,0.9962021951312139
2026-08-07 12:39:00,20181.16,881.24,44646.95,49004.03,0.1,26.330999999998312,-26.23099999999831,0.9962021951312139
2026-08-07 12:40:00,20181.36,881.11,44647.46,49004.59,0.1,26.330999999998312,-26.23099999999831,0.9962021951312139
2026-08-07 12:41:00,20180.96,880.73,44647.37,49004.33,0.1,26.330999999998312,-26.23099999999831,0.9962021951312139
2026-08-07 12:42:00,20181.04,880.68,44647.2,49004.21,0.1,26.34099999999671,-26.24099999999671,0.9962036369158341
2026-08-07 12:43:00,20181.5,880.6,44647.43,49004.61,0.1,26.35099999999511,-26.25099999999511,0.9962050776061622
2026-08-07 12:44:00,20181.63,880.29,44647.64,49004.84,0.1,26.36099999999351,-26.26099999999351,0.9962065172034434
2026-08-07 12:45:00,20181.29,880.04,44647.59,49004.67,0.1,26.37099999999191,-26.270999999991908,0.9962079557089215
2026-08-07 12:46:00,20181.41,879.72,44647.82,49004.92,0.1,26.37099999999191,-26.270999999991908,0.9962079557089215
2026-08-07 12:47:00,20181.1,879.83,44647.93,49004.91,0.1,26.37099999999191,-26.270999999991908,0.9962079557089215
2026-08-07 12:48:00,20181.2,879.55,44647.96,49004.97,0.1,26.37099999999191,-26.270999999991908,0.9962079557089215
2026-08-07 12:49:00,20180.99,879.96,44648.13,49005.04,0.1,26.37099999999191,-26.270999999991908,0.9962079557089215
2026-08-07 12:50:00,20179.78,880.42,44648.03,49004.45,0.1,26.37099999999191,-26.270999999991908,0.9962079557089215
2026-08-07 12:51:00,20180.68,880.52,44648.22,49005.0,0.1,26.37099999999191,-26.270999999991908,0.9962079557089215
2026-08-07 12:52:00,20181.11,880.23,44648.41,49005.36,0.1,26.375999999992928,-26.275999999992926,0.9962086745526225
2026-08-07 12:53:00,20181.86,879.53,44648.57,49005.81,0.1,26.380999999993946,-26.280999999993945,0.9962093931238382
2026-08-07 12:54:00,20182.33,878.74,44648.75,49006.15,0.1,26.390999999995984,-26.290999999995982,0.9962108294494328
2026-08-07 12:55:00,20183.11,877.85,44649.23,49006.9,0.7509999999965657,26.40099999999802,-25.650000000001455,0.9715541077990749
2026-08-07 12:56:00,20182.9,878.11,44648.92,49006.52,0.37099999999190914,26.40099999999802,-26.030000000006112,0.9859475019888665
2026-08-07 12:57:00,20183.01,878.39,44648.98,49006.61,0.46099999999569263,26.40099999999802,-25.94000000000233,0.9825385402069722
2026-08-07 12:58:00,20182.63,878.03,44648.95,49006.41,0.260999999998603,26.4059999999954,-26.1449999999968,0.9901158827539708
2026-08-07 12:59:00,20183.07,877.77,44649.26,49006.87,0.7209999999977299,26.410999999992782,-25.689999999995052,0.9727007686192145
2026-08-07 13:00:00,20183.01,877.61,44649.42,49006.99,0.8409999999930733,26.410999999992782,-25.56999999999971,0.9681572072245161
2026-08-07 13:01:00,20182.44,877.7,44649.58,49006.9,0.7509999999965657,26.410999999992782,-25.659999999996217,0.9715648782705399
2026-08-07 13:02:00,20181.19,878.43,44649.43,49006.29,0.14099999999598367,26.410999999992782,-26.2699999999968,0.9946613153611744
2026-08-07 13:03:00,20180.86,878.56,44650.18,49006.83,0.6809999999968568,26.410999999992782,-25.729999999995925,0.9742152890842057
2026-08-07 13:04:00,20180.6,879.33,44650.0,49006.57,0.4209999999948195,26.4159999999938,-25.99499999999898,0.9840626892794171
2026-08-07 13:05:00,20180.76,879.36,44650.24,49006.87,0.7209999999977299,26.42099999999482,-25.69999999999709,0.9727111010182101
2026-08-07 13:06:00,20180.11,879.75,44650.46,49006.8,0.6509999999980209,26.42099999999482,-25.7699999999968,0.9753605086863424
2026-08-07 13:07:00,20178.99,880.44,44650.34,49006.25,0.10099999999511056,26.42099999999482,-26.31999999999971,0.996177283221864
2026-08-07 13:08:00,20179.61,880.64,44650.54,49006.71,0.5609999999942374,26.42099999999482,-25.860000000000582,0.9787668899740983
2026-08-07 13:09:00,20180.02,881.35,44650.54,49006.85,0.7009999999936554,26.42099999999482,-25.720000000001164,0.9734680746378338
2026-08-07 13:10:00,20179.55,881.76,44650.32,49006.48,0.330999999998312,26.42099999999482,-26.089999999996508,0.9874720865978435
2026-08-07 13:11:00,20179.55,881.52,44650.5,49006.64,0.4909999999945285,26.42099999999482,-25.93000000000029,0.9814162976422306
2026-08-07 13:12:00,20178.81,882.08,44650.83,49006.64,0.4909999999945285,26.425999999995838,-25.93500000000131,0.9814198138199272
2026-08-07 13:13:00,20178.06,882.8,44650.89,49006.41,0.260999999998603,26.430999999996857,-26.169999999998254,0.9901252317355138
2026-08-07 13:14:00,20177.33,882.95,44650.86,49006.09,0.1,26.430999999996857,-26.330999999996855,0.9962165638833184
2026-08-07 13:15:00,20176.67,883.03,44651.06,49006.01,0.1,26.430999999996857,-26.330999999996855,0.9962165638833184
2026-08-07 13:16:00,20176.17,883.52,44651.17,49005.92,0.1,26.435999999994237,-26.335999999994236,0.996217279467392
2026-08-07 13:17:00,20175.15,884.32,44651.08,49005.44,0.1,26.440999999991618,-26.340999999991617,0.9962179947808315
2026-08-07 13:18:00,20175.21,884.76,44651.09,49005.47,0.1,26.440999999991618,-26.340999999991617,0.9962179947808315
2026-08-07 13:19:00,20174.8,885.24,44650.99,49005.23,0.1,26.440999999991618,-26.340999999991617,0.9962179947808315
2026-08-07 13:20:00,20174.29,885.55,44651.2,49005.22,0.1,26.440999999991618,-26.340999999991617,0.9962179947808315
2026-08-07 13:21:00,20173.67,886.16,44651.33,49005.1,0.1,26.440999999991618,-26.340999999991617,0.9962179947808315
2026-08-07 13:22:00,20172.55,887.06,44651.13,49004.46,0.1,26.440999999991618,-26.340999999991617,0.9962179947808315
2026-08-07 13:23:00,20172.49,887.34,44651.11,49004.44,0.1,26.440999999991618,-26.340999999991617,0.9962179947808315
2026-08-07 13:24:00,20172.56,887.42,44650.99,49004.35,0.1,26.445999999992637,-26.345999999992635,0.9962187098237908
2026-08-07 13:25:00,20173.06,887.51,44651.09,49004.65,0.1,26.450999999993655,-26.350999999993654,0.9962194245964227
2026-08-07 13:26:00,20172.85,887.86,44651.08,49004.56,0.1,26.450999999993655,-26.350999999993654,0.9962194245964227
2026-08-07 13:27:00,20173.11,888.12,44651.27,49004.83,0.1,26.450999999993655,-26.350999999993654,0.9962194245964227
2026-08-07 13:28:00,20174.15,888.34,44651.37,49005.36,0.1,26.455999999994674,-26.355999999994673,0.9962201390988803
2026-08-07 13:29:00,20174.94,887.97,44651.5,49005.79,0.1,26.460999999995693,-26.36099999999569,0.9962208533313172
2026-08-07 13:30:00,20175.46,888.19,44651.64,49006.13,0.1,26.460999999995693,-26.36099999999569,0.9962208533313172
2026-08-07 13:31:00,20175.63,888.3,44651.41,49006.0,0.1,26.460999999995693,-26.36099999999569,0.9962208533313172
2026-08-07 13:32:00,20175.67,888.4,44651.51,49006.11,0.1,26.46599999999671,-26.36599999999671,0.996221567293886
2026-08-07 13:33:00,20175.94,888.24,44651.28,49006.0,0.1,26.47099999999773,-26.37099999999773,0.9962222809867398
2026-08-07 13:34:00,20176.61,888.22,44651.58,49006.57,0.4209999999948195,26.47099999999773,-26.05000000000291,0.9840958029543706
2026-08-07 13:35:00,20177.75,888.05,44652.32,49007.7,1.5509999999922002,26.47099999999773,-24.92000000000553,0.9414075781046303
2026-08-07 13:36:00,20177.5,888.23,44651.91,49007.22,1.0709999999962747,26.47099999999773,-25.400000000001455,0.9595406293681249
2026-08-07 13:37:00,20177.92,888.43,44652.03,49007.51,1.3609999999971478,26.47099999999773,-25.110000000000582,0.9485852442296375
2026-08-07 13:38:00,20178.45,888.31,44652.25,49007.92,1.7709999999933643,26.47599999999511,-24.705000000001746,0.9331092310019001
2026-08-07 13:39:00,20178.77,888.2,44652.41,49008.19,2.040999999997439,26.48099999999249,-24.439999999995052,0.9229258713795545
2026-08-07 13:40:00,20178.83,888.61,44652.21,49008.05,1.900999999998021,26.48099999999249,-24.57999999999447,0.9282126807900548
2026-08-07 13:41:00,20178.9,888.54,44652.17,49008.05,1.900999999998021,26.48099999999249,-24.57999999999447,0.9282126807900548
2026-08-07 13:42:00,20179.65,888.36,44652.41,49008.56,2.4109999999927823,26.48099999999249,-24.06999999999971,0.9089535893662073
2026-08-07 13:43:00,20179.61,888.51,44652.22,49008.36,2.2109999999956926,26.48099999999249,-24.2699999999968,0.916506174238272
2026-08-07 13:44:00,20179.4,888.63,44652.08,49008.16,2.010999999998603,26.48099999999249,-24.469999999993888,0.9240587591103367
2026-08-07 13:45:00,20179.17,889.11,44652.38,49008.33,2.180999999996857,26.48099999999249,-24.299999999995634,0.9176390619690542
2026-08-07 13:46:00,20179.09,889.51,44652.62,49008.53,2.3809999999939464,26.48099999999249,-24.099999999998545,0.9100864770969895
2026-08-07 13:47:00,20179.56,889.54,44652.88,49008.97,2.8209999999962747,26.48099999999249,-23.659999999996217,0.8934707903781174
2026-08-07 13:48:00,20179.48,889.4,44652.7,49008.75,2.6009999999951106,26.48599999999351,-23.8849999999984,0.9017971758666561
2026-08-07 13:49:00,20179.51,889.42,44652.59,49008.67,2.5209999999933643,26.49099999999453,-23.970000000001164,0.9048356045451706
2026-08-07 13:50:00,20180.63,889.51,44653.4,49009.88,3.730999999992491,26.49099999999453,-22.760000000002037,0.859159714620314
2026-08-07 13:51:00,20181.17,889.34,44653.42,49010.1,3.9509999999936554,26.49099999999453,-22.540000000000873,0.8508550073611992
2026-08-07 13:52:00,20181.51,889.29,44653.5,49010.31,4.160999999992782,26.49099999999453,-22.330000000001746,0.8429277867957555
2026-08-07 13:53:00,20182.01,889.18,44653.97,49010.94,4.790999999997439,26.49099999999453,-21.69999999999709,0.8191461250991496
2026-08-07 13:54:00,20181.73,889.27,44653.88,49010.73,4.580999999998312,26.49099999999453,-21.909999999996217,0.8270733456645933
2026-08-07 13:55:00,20181.98,889.23,44653.84,49010.8,4.650999999998021,26.49099999999453,-21.839999999996508,0.8244309388094454
2026-08-07 13:56:00,20182.14,889.46,44653.94,49010.96,4.810999999994237,26.495999999995547,-21.68500000000131,0.818425422705501
2026-08-07 13:57:00,20182.93,889.28,44654.43,49011.74,5.590999999993073,26.500999999996566,-20.910000000003492,0.7890268291764916
2026-08-07 13:58:00,20183.3,889.29,44654.38,49011.83,5.680999999996857,26.500999999996566,-20.81999999999971,0.7856307309159053
2026-08-07 13:59:00,20183.73,889.04,44654.47,49012.09,5.940999999991618,26.500999999996566,-20.560000000004948,0.775819780385933
2026-08-07 14:00:00,20184.26,888.86,44654.75,49012.56,6.410999999992782,26.505999999997584,-20.095000000004802,0.7581302346641
2026-08-07 14:01:00,20184.93,888.81,44655.18,49013.22,7.070999999996275,26.510999999998603,-19.44000000000233,0.7332805250651938
2026-08-07 14:02:00,20185.5,888.75,44655.18,49013.45,7.3009999999922,26.510999999998603,-19.210000000006403,0.7246048809930752
2026-08-07 14:03:00,20185.56,888.73,44655.49,49013.77,7.620999999991909,26.510999999998603,-18.890000000006694,0.712534419675142
2026-08-07 14:04:00,20185.31,889.2,44655.74,49013.89,7.7409999999945285,26.515999999995984,-18.775000000001455,0.7080630562680759
2026-08-07 14:05:00,20184.98,889.25,44655.63,49013.65,7.500999999996566,26.520999999993364,-19.0199999999968,0.717167527619681
2026-08-07 14:06:00,20184.97,889.2,44655.76,49013.76,7.610999999997148,26.520999999993364,-18.909999999996217,0.7130198710456223
2026-08-07 14:07:00,20185.29,889.11,44655.91,49014.02,7.870999999991909,26.520999999993364,-18.650000000001455,0.7032163191435512
2026-08-07 14:08:00,20185.91,888.99,44656.12,49014.48,8.330999999998312,26.520999999993364,-18.189999999995052,0.6858715734700653
2026-08-07 14:09:00,20186.21,889.01,44656.3,49014.76,8.610999999997148,26.520999999993364,-17.909999999996217,0.675313902190743
2026-08-07 14:10:00,20186.56,888.84,44656.44,49015.02,8.87099999999191,26.520999999993364,-17.650000000001455,0.665510350288672
2026-08-07 14:11:00,20187.0,888.67,44656.76,49015.48,9.330999999998312,26.520999999993364,-17.189999999995052,0.6481656046151862
2026-08-07 14:12:00,20186.82,888.77,44656.68,49015.34,9.190999999991618,26.520999999993364,-17.330000000001746,0.6534444402551217
2026-08-07 14:13:00,20186.85,889.05,44656.73,49015.41,9.260999999998603,26.520999999993364,-17.25999999999476,0.6508050224350168
2026-08-07 14:14:00,20187.37,889.18,44657.17,49016.03,9.880999999993946,26.515999999995984,-16.635000000002037,0.6273570674311569
2026-08-07 14:15:00,20187.82,889.1,44657.43,49016.44,10.290999999997439,26.520999999993364,-16.229999999995925,0.6119678745145352
2026-08-07 14:16:00,20188.34,888.88,44657.73,49016.92,10.770999999993364,26.515999999995984,-15.74500000000262,0.5937924272139464
2026-08-07 14:17:00,20188.41,888.71,44657.78,49016.99,10.840999999993073,26.510999999998603,-15.67000000000553,0.5910754026632853
2026-08-07 14:18:00,20188.12,888.75,44657.75,49016.85,10.700999999993655,26.515999999995984,-15.815000000002328,0.5964323427366391
2026-08-07 14:19:00,20188.01,888.76,44657.75,49016.8,10.650999999998021,26.510999999998603,-15.860000000000582,0.598242239070628
2026-08-07 14:20:00,20188.15,888.76,44657.7,49016.82,10.67099999999482,26.515999999995984,-15.845000000001164,0.5975637351034683
2026-08-07 14:21:00,20188.28,888.94,44657.93,49017.1,10.950999999993655,26.520999999993364,-15.569999999999709,0.5870819350704576
2026-08-07 14:22:00,20188.23,889.03,44658.02,49017.15,11.000999999996566,26.520999999993364,-15.519999999996799,0.5851966366276039
2026-08-07 14:23:00,20187.94,889.09,44657.95,49016.97,10.820999999996275,26.520999999993364,-15.69999999999709,0.591983711021493
2026-08-07 14:24:00,20187.6,889.42,44657.81,49016.7,10.5509999999922,26.520999999993364,-15.970000000001164,0.6021643226124641
2026-08-07 14:25:00,20187.78,889.27,44657.71,49016.68,10.530999999995402,26.520999999993364,-15.989999999997963,0.602918441989441
2026-08-07 14:26:00,20188.29,889.09,44658.14,49017.27,11.12099999999191,26.525999999994383,-15.405000000002474,0.5807509613211843
2026-08-07 14:27:00,20188.54,889.24,44658.32,49017.54,11.390999999995984,26.5309999999954,-15.139999999999418,0.5706531981456425
2026-08-07 14:28:00,20188.92,889.09,44658.71,49018.05,11.900999999998021,26.5309999999954,-14.62999999999738,0.551430402171042
2026-08-07 14:29:00,20188.02,889.49,44658.19,49017.23,11.080999999998312,26.5309999999954,-15.44999999999709,0.5823376427575202
2026-08-07 14:30:00,20188.2,889.4,44658.5,49017.58,11.430999999996857,26.54599999999482,-15.114999999997963,0.5693889851578736
2026-08-07 14:31:00,20188.14,889.5,44658.46,49017.51,11.360999999997148,26.560999999994237,-15.19999999999709,0.5722676104062493
2026-08-07 14:32:00,20187.81,889.93,44658.08,49017.04,10.890999999995984,26.560999999994237,-15.669999999998254,0.589962727307016
2026-08-07 14:33:00,20189.33,889.29,44658.97,49018.47,12.320999999996275,26.560999999994237,-14.239999999997963,0.5361243929069331
2026-08-07 14:34:00,20189.5,889.06,44658.99,49018.53,12.380999999993946,26.560999999994237,-14.180000000000291,0.5338654418133115
2026-08-07 14:35:00,20189.48,888.76,44658.66,49018.22,12.070999999996275,26.560999999994237,-14.489999999997963,0.545536689130722
2026-08-07 14:36:00,20189.8,888.76,44658.98,49018.64,12.490999999994528,26.565999999995256,-14.075000000000728,0.5298125423474833
2026-08-07 14:37:00,20189.98,888.73,44659.25,49018.98,12.830999999998312,26.570999999996275,-13.739999999997963,0.5171051145986184
2026-08-07 14:38:00,20189.8,888.64,44659.09,49018.75,12.60099999999511,26.570999999996275,-13.970000000001164,0.5257611681910023
2026-08-07 14:39:00,20189.96,888.76,44659.17,49018.87,12.72099999999773,26.570999999996275,-13.849999999998545,0.5212449663166794
2026-08-07 14:40:00,20189.69,888.83,44659.11,49018.72,12.570999999996275,26.575999999997293,-14.005000000001019,0.5269792293799836
2026-08-07 14:41:00,20189.56,889.06,44659.21,49018.77,12.62099999999191,26.580999999998312,-13.960000000006403,0.5251871637638648
2026-08-07 14:42:00,20189.46,889.01,44659.03,49018.55,12.400999999998021,26.585999999995693,-14.184999999997672,0.5335514932671319
2026-08-07 14:43:00,20189.62,889.09,44659.04,49018.64,12.490999999994528,26.590999999993073,-14.099999999998545,0.5302545974202632
2026-08-07 14:44:00,20190.01,888.93,44659.51,49019.21,13.060999999994237,26.590999999993073,-13.529999999998836,0.50881877326924
2026-08-07 14:45:00,20189.75,888.98,44659.42,49019.01,12.860999999997148,26.590999999993073,-13.729999999995925,0.5163401150765109
2026-08-07 14:46:00,20189.9,889.0,44659.49,49019.15,13.000999999996566,26.595999999994092,-13.594999999997526,0.5111670927959296
2026-08-07 14:47:00,20189.9,889.06,44659.3,49018.99,12.840999999993073,26.60099999999511,-13.760000000002037,0.5172737866999197
2026-08-07 14:48:00,20189.96,888.97,44659.5,49019.19,13.040999999997439,26.60099999999511,-13.559999999997672,0.5097552723581882
2026-08-07 14:49:00,20190.11,889.19,44659.62,49019.37,13.22099999999773,26.60099999999511,-13.37999999999738,0.5029886094507665
2026-08-07 14:50:00,20190.01,889.05,44659.64,49019.34,13.190999999991618,26.60099999999511,-13.410000000003492,0.5041163866022313
2026-08-07 14:51:00,20189.82,888.94,44659.8,49019.39,13.240999999994528,26.60099999999511,-13.360000000000582,0.5022367580167301
2026-08-07 14:52:00,20189.95,889.13,44660.1,49019.72,13.570999999996275,26.60099999999511,-13.029999999998836,0.4898312093530781
2026-08-07 14:53:00,20189.68,889.23,44660.02,49019.54,13.390999999995984,26.60099999999511,-13.209999999999127,0.4965978722604998
2026-08-07 14:54:00,20190.26,889.01,44660.33,49020.06,13.910999999992782,26.60599999999613,-12.695000000003347,0.47714801172687343
2026-08-07 14:55:00,20190.22,888.91,44660.31,49020.02,13.87099999999191,26.610999999997148,-12.740000000005239,0.47874938935051686
2026-08-07 14:56:00,20190.5,888.86,44660.37,49020.19,14.040999999997439,26.610999999997148,-12.569999999999709,0.4723610536996376
2026-08-07 14:57:00,20190.3,888.8,44660.46,49020.19,14.040999999997439,26.610999999997148,-12.569999999999709,0.4723610536996376
2026-08-07 14:58:00,20190.62,888.73,44660.9,49020.72,14.570999999996275,26.610999999997148,-12.040000000000873,0.45244447784758796
2026-08-07 14:59:00,20190.3,888.89,44660.67,49020.38,14.230999999992491,26.610999999997148,-12.380000000004657,0.4652211491490731
2026-08-07 15:00:00,20190.5,889.0,44660.93,49020.7,14.5509999999922,26.61599999999453,-12.065000000002328,0.4532987676587319
2026-08-07 15:01:00,20190.9,888.78,44661.32,49021.23,15.080999999998312,26.62099999999191,-11.539999999993597,0.4334923556589574
2026-08-07 15:02:00,20190.68,889.0,44661.34,49021.16,15.010999999998603,26.62099999999191,-11.609999999993306,0.43612185868287573
2026-08-07 15:03:00,20190.95,889.2,44661.63,49021.53,15.380999999993946,26.62099999999191,-11.239999999997963,0.42222305698513873
2026-08-07 15:04:00,20190.68,889.04,44661.55,49021.35,15.200999999993655,26.62099999999191,-11.419999999998254,0.42898463618953925
2026-08-07 15:05:00,20190.59,889.09,44661.67,49021.41,15.260999999998603,26.62099999999191,-11.359999999993306,0.42673077645455687
2026-08-07 15:06:00,20190.41,889.36,44661.81,49021.48,15.330999999998312,26.62099999999191,-11.289999999993597,0.4241012734306385
2026-08-07 15:07:00,20190.34,889.35,44661.85,49021.48,15.330999999998312,26.62099999999191,-11.289999999993597,0.4241012734306385
2026-08-07 15:08:00,20190.49,889.31,44662.21,49021.86,15.710999999995693,26.625999999992928,-10.914999999997235,0.4099376549237638
2026-08-07 15:09:00,20190.39,889.49,44662.36,49021.97,15.820999999996275,26.630999999993946,-10.809999999997672,0.40591791521160037
2026-08-07 15:10:00,20190.19,889.52,44662.21,49021.75,15.60099999999511,26.630999999993946,-11.029999999998836,0.4141789643648884
2026-08-07 15:11:00,20190.03,889.56,44662.25,49021.71,15.560999999994237,26.630999999993946,-11.069999999999709,0.4156809733018747
2026-08-07 15:12:00,20189.88,889.48,44662.34,49021.74,15.590999999993073,26.630999999993946,-11.040000000000873,0.4145544665992033
2026-08-07 15:13:00,20190.1,889.63,44662.55,49022.03,15.880999999993946,26.630999999993946,-10.75,0.4036649018062575
2026-08-07 15:14:00,20190.08,889.93,44662.74,49022.2,16.0509999999922,26.635999999994965,-10.585000000002765,0.39739450367941004
2026-08-07 15:15:00,20190.43,889.85,44662.94,49022.53,16.380999999993946,26.640999999995984,-10.260000000002037,0.38512067865333827
2026-08-07 15:16:00,20190.44,889.81,44663.03,49022.61,16.460999999995693,26.645999999997002,-10.18500000000131,0.38223373114172693
2026-08-07 15:17:00,20190.36,889.94,44663.13,49022.68,16.5309999999954,26.65099999999802,-10.12000000000262,0.37972308731392335
2026-08-07 15:18:00,20190.36,889.89,44663.19,49022.74,16.590999999993073,26.6559999999954,-10.065000000002328,0.37758853541431814
2026-08-07 15:19:00,20190.52,889.6,44663.2,49022.82,16.67099999999482,26.660999999992782,-9.989999999997963,0.3747046247327807
2026-08-07 15:20:00,20190.76,889.53,44663.53,49023.21,17.060999999994237,26.660999999992782,-9.599999999998545,0.36007651625974807
2026-08-07 15:21:00,20190.75,889.69,44663.7,49023.35,17.200999999993655,26.660999999992782,-9.459999999999127,0.3548254003976478
2026-08-07 15:22:00,20190.14,889.71,44663.45,49022.86,16.710999999995693,26.6659999999938,-9.954999999998108,0.373321833045842
2026-08-07 15:23:00,20190.19,889.75,44663.7,49023.12,16.97099999999773,26.67099999999482,-9.69999999999709,0.36369090022867434
2026-08-07 15:24:00,20189.68,890.05,44663.62,49022.84,16.690999999991618,26.675999999995838,-9.98500000000422,0.37430649272776195
2026-08-07 15:25:00,20189.53,889.86,44663.63,49022.79,16.640999999995984,26.680999999996857,-10.040000000000873,0.376297739964846
2026-08-07 15:26:00,20189.99,889.71,44664.09,49023.39,17.24099999999453,26.680999999996857,-9.440000000002328,0.35380982721799936
2026-08-07 15:27:00,20189.6,890.04,44664.04,49023.18,17.0309999999954,26.680999999996857,-9.650000000001455,0.361680596679382
2026-08-07 15:28:00,20189.58,890.01,44663.76,49022.94,16.79099999999744,26.685999999994237,-9.894999999996799,0.3707936745858853
2026-08-07 15:29:00,20189.61,889.87,44664.18,49023.31,17.160999999992782,26.690999999991618,-9.529999999998836,0.3570491926118103
2026-08-07 15:30:00,20189.71,890.02,44664.12,49023.29,17.140999999995984,26.695999999992637,-9.554999999996653,0.35791878933170845
2026-08-07 15:31:00,20189.74,890.05,44664.13,49023.32,17.17099999999482,26.700999999993655,-9.529999999998836,0.356915471330703
2026-08-07 15:32:00,20189.77,889.79,44664.35,49023.51,17.360999999997148,26.700999999993655,-9.339999999996508,0.34979963297250016
2026-08-07 15:33:00,20189.79,889.83,44664.36,49023.54,17.390999999995984,26.700999999993655,-9.309999999997672,0.3486760795475781
2026-08-07 15:34:00,20190.19,889.6,44664.7,49024.01,17.860999999997148,26.700999999993655,-8.839999999996508,0.3310737425564064
2026-08-07 15:35:00,20189.98,889.75,44664.85,49024.06,17.910999999992782,26.700999999993655,-8.790000000000873,0.32920115351496054
2026-08-07 15:36:00,20189.17,890.11,44664.39,49023.32,17.17099999999482,26.705999999994674,-9.534999999999854,0.357035872088735
2026-08-07 15:37:00,20189.22,889.86,44664.48,49023.43,17.2809999999954,26.710999999995693,-9.430000000000291,0.3530380742017076
2026-08-07 15:38:00,20189.11,890.05,44664.84,49023.69,17.54099999999744,26.710999999995693,-9.169999999998254,0.34330425667327064
2026-08-07 15:39:00,20188.66,890.21,44664.3,49023.02,16.87099999999191,26.710999999995693,-9.840000000003783,0.36838755568886866
2026-08-07 15:40:00,20188.48,890.5,44664.34,49023.0,16.85099999999511,26.71599999999671,-9.8650000000016,0.36925437939821887
2026-08-07 15:41:00,20188.73,890.64,44664.78,49023.5,17.35099999999511,26.72099999999773,-9.37000000000262,0.35066052917194024
2026-08-07 15:42:00,20188.72,890.77,44665.11,49023.8,17.65099999999802,26.72099999999773,-9.069999999999709,0.3394334044384746
2026-08-07 15:43:00,20188.03,890.89,44664.63,49023.07,16.92099999999482,26.72099999999773,-9.80000000000291,0.3667527412897625
2026-08-07 15:44:00,20188.9,890.77,44665.19,49023.95,17.8009999999922,26.72599999999511,-8.92500000000291,0.33394447354652934
2026-08-07 15:45:00,20188.7,890.82,44665.28,49023.95,17.8009999999922,26.73099999999249,-8.930000000000291,0.3340690583967229
2026-08-07 15:46:00,20188.44,891.01,44664.95,49023.54,17.390999999995984,26.73099999999249,-9.339999999996508,0.3494070554786252
2026-08-07 15:47:00,20188.04,891.26,44664.46,49022.97,16.820999999996275,26.73099999999249,-9.909999999996217,0.3707306123975534
2026-08-07 15:48:00,20189.05,891.06,44665.72,49024.52,18.37099999999191,26.73099999999249,-8.360000000000582,0.31274550147779473
2026-08-07 15:49:00,20188.65,891.08,44665.45,49024.09,17.940999999991618,26.73099999999249,-8.790000000000873,0.3288316935394614
2026-08-07 15:50:00,20188.67,891.49,44665.34,49024.02,17.87099999999191,26.74099999999453,-8.87000000000262,0.3317003851764868
2026-08-07 15:51:00,20189.4,891.44,44666.0,49024.92,18.770999999993364,26.750999999996566,-7.980000000003201,0.29830660536070525
2026-08-07 15:52:00,20189.73,891.3,44666.29,49025.31,19.160999999992782,26.750999999996566,-7.5900000000037835,0.2837277111137811
2026-08-07 15:53:00,20189.82,891.52,44666.48,49025.52,19.37099999999191,26.750999999996566,-7.380000000004657,0.27587753728853515
2026-08-07 15:54:00,20190.01,891.37,44666.42,49025.54,19.390999999995984,26.750999999996566,-7.360000000000582,0.27512990168597534
2026-08-07 15:55:00,20190.17,891.43,44666.59,49025.76,19.610999999997148,26.750999999996566,-7.139999999999418,0.2669059100594495
2026-08-07 15:56:00,20190.25,891.32,44666.39,49025.6,19.450999999993655,26.750999999996566,-7.30000000000291,0.27288699487883994
2026-08-07 15:57:00,20190.45,891.55,44666.63,49025.91,19.760999999998603,26.750999999996566,-6.989999999997963,0.26129864304133904
2026-08-07 15:58:00,20190.55,891.7,44666.94,49026.24,20.090999999993073,26.750999999996566,-6.6600000000034925,0.24896265560182226
2026-08-07 15:59:00,20190.64,891.71,44667.02,49026.33,20.180999999996857,26.750999999996566,-6.569999999999709,0.24559829539084715
2026-08-07 16:00:00,20190.87,891.75,44667.04,49026.46,20.310999999994237,26.755999999997584,-6.445000000003347,0.24088055015712098
2026-08-07 16:01:00,20191.36,891.64,44667.34,49026.93,20.7809999999954,26.760999999998603,-5.980000000003201,0.22345951197651484
2026-08-07 16:02:00,20191.45,891.99,44667.67,49027.26,21.110999999997148,26.760999999998603,-5.650000000001455,0.21112813422524382
2026-08-07 16:03:00,20191.14,892.31,44667.73,49027.21,21.060999999994237,26.760999999998603,-5.700000000004366,0.21299652479371708
2026-08-07 16:04:00,20191.08,892.51,44667.89,49027.32,21.17099999999482,26.760999999998603,-5.5900000000037835,0.20888606554329342
2026-08-07 16:05:00,20191.1,892.66,44667.8,49027.25,21.10099999999511,26.760999999998603,-5.6600000000034925,0.21150181233899287
2026-08-07 16:06:00,20191.17,892.86,44667.94,49027.41,21.260999999998603,26.765999999995984,-5.504999999997381,0.2056713741312937
2026-08-07 16:07:00,20190.81,893.02,44667.86,49027.2,21.0509999999922,26.770999999993364,-5.720000000001164,0.21366403944576526
2026-08-07 16:08:00,20190.71,893.41,44667.91,49027.21,21.060999999994237,26.775999999994383,-5.7150000000001455,0.2134374066328557
2026-08-07 16:09:00,20190.67,893.77,44668.28,49027.52,21.37099999999191,26.7809999999954,-5.4100000000034925,0.2020088868975924
2026-08-07 16:10:00,20190.85,893.58,44668.46,49027.77,21.62099999999191,26.7809999999954,-5.1600000000034925,0.19267391060843056
2026-08-07 16:11:00,20191.46,893.44,44668.9,49028.4,22.250999999996566,26.7809999999954,-4.529999999998836,0.16914977035956885
2026-08-07 16:12:00,20191.08,893.76,44668.29,49027.69,21.54099999999744,26.7809999999954,-5.239999999997963,0.19566110302075584
2026-08-07 16:13:00,20191.7,893.76,44668.38,49028.05,21.90099999999802,26.7809999999954,-4.879999999997381,0.1822187371643411
2026-08-07 16:14:00,20192.34,893.81,44668.97,49028.84,22.690999999991618,26.7809999999954,-4.0900000000037835,0.15272021209082878
2026-08-07 16:15:00,20192.12,894.11,44668.56,49028.38,22.23099999999249,26.7809999999954,-4.55000000000291,0.16989656846285395
2026-08-07 16:16:00,20192.73,894.09,44668.92,49028.95,22.8009999999922,26.7809999999954,-3.9800000000032014,0.14861282252357585
2026-08-07 16:17:00,20192.94,893.89,44669.29,49029.37,23.22099999999773,26.7809999999954,-3.5599999999976717,0.1329300623575775
2026-08-07 16:18:00,20192.85,894.11,44669.23,49029.28,23.130999999993946,26.7809999999954,-3.650000000001455,0.13629065382181704
2026-08-07 16:19:00,20192.36,894.24,44668.89,49028.75,22.60099999999511,26.7809999999954,-4.180000000000291,0.15608080355479664
2026-08-07 16:20:00,20193.34,894.01,44669.39,49029.6,23.450999999993655,26.7809999999954,-3.3300000000017462,0.12434188417170076
2026-08-07 16:21:00,20193.94,894.13,44669.39,49029.85,23.700999999993655,26.7809999999954,-3.0800000000017462,0.11500690788253894
2026-08-07 16:22:00,20194.18,894.09,44669.25,49029.83,23.680999999996857,26.78599999999642,-3.1049999999995634,0.11591876353318817
2026-08-07 16:23:00,20194.34,894.1,44669.41,49030.03,23.880999999993946,26.79099999999744,-2.9100000000034925,0.10861856593646264
2026-08-07 16:24:00,20194.82,894.15,44669.42,49030.24,24.090999999993073,26.79099999999744,-2.7000000000043656,0.10078011272459496
2026-08-07 16:25:00,20194.98,894.17,44669.48,49030.36,24.210999999995693,26.79099999999744,-2.5800000000017462,0.09630099660341132
2026-08-07 16:26:00,20195.22,894.23,44669.64,49030.6,24.450999999993655,26.79099999999744,-2.3400000000037835,0.08734276436131563
2026-08-07 16:27:00,20195.1,894.41,44669.77,49030.67,24.520999999993364,26.79099999999744,-2.2700000000040745,0.08472994662402641
2026-08-07 16:28:00,20194.36,894.71,44669.31,49029.97,23.820999999996275,26.79099999999744,-2.970000000001164,0.11085812399691868
2026-08-07 16:29:00,20194.67,894.62,44669.85,49030.6,24.450999999993655,26.79099999999744,-2.3400000000037835,0.08734276436131563
2026-08-07 16:30:00,20194.79,894.73,44670.14,49030.91,24.760999999998603,26.78599999999642,-2.024999999997817,0.07559919360853012
2026-08-07 16:31:00,20194.52,895.02,44670.19,49030.84,24.690999999991618,26.7809999999954,-2.0900000000037835,0.07804040177753416
2026-08-07 16:32:00,20194.33,895.22,44669.93,49030.54,24.390999999995984,26.78599999999642,-2.3950000000004366,0.0894123796013125
2026-08-07 16:33:00,20194.6,895.22,44670.28,49030.97,24.820999999996275,26.7809999999954,-1.9599999999991269,0.07318621410699613
2026-08-07 16:34:00,20194.65,895.32,44670.5,49031.16,25.010999999998603,26.7809999999954,-1.7699999999967986,0.06609163212714621
2026-08-07 16:35:00,20194.72,895.33,44670.46,49031.16,25.010999999998603,26.7809999999954,-1.7699999999967986,0.06609163212714621
2026-08-07 16:36:00,20194.66,895.24,44670.2,49030.91,24.760999999998603,26.78599999999642,-2.024999999997817,0.07559919360853012
2026-08-07 16:37:00,20195.35,895.15,44670.93,49031.85,25.700999999993655,26.79099999999744,-1.0900000000037835,0.04068530476667118
2026-08-07 16:38:00,20195.02,895.54,44670.72,49031.53,25.380999999993946,26.79099999999744,-1.4100000000034925,0.0526296144228893
2026-08-07 16:39:00,20194.67,895.62,44670.19,49030.9,24.750999999996566,26.79099999999744,-2.040000000000873,0.07614497405849234
2026-08-07 16:40:00,20195.56,895.43,44670.55,49031.61,25.460999999995693,26.79099999999744,-1.3300000000017462,0.04964353700876688
2026-08-07 16:41:00,20195.35,895.88,44670.9,49031.83,25.680999999996857,26.79099999999744,-1.110000000000582,0.041431824120066
2026-08-07 16:42:00,20195.3,896.14,44670.75,49031.68,25.5309999999954,26.79599999999482,-1.264999999999418,0.047208538587836336
2026-08-07 16:43:00,20195.03,896.38,44670.56,49031.42,25.270999999993364,26.8009999999922,-1.5299999999988358,0.057087422111088436
2026-08-07 16:44:00,20195.17,896.41,44670.63,49031.55,25.40099999999802,26.8009999999922,-1.3999999999941792,0.052236856833498255
2026-08-07 16:45:00,20195.37,896.31,44670.8,49031.8,25.65099999999802,26.8009999999922,-1.1499999999941792,0.04290884668462049
2026-08-07 16:46:00,20195.44,896.49,44670.78,49031.81,25.660999999992782,26.8009999999922,-1.139999999999418,0.042535726278860854
2026-08-07 16:47:00,20195.61,896.74,44670.77,49031.87,25.72099999999773,26.8009999999922,-1.0799999999944703,0.040297003842945586
2026-08-07 16:48:00,20195.96,896.63,44671.05,49032.26,26.110999999997148,26.8009999999922,-0.6899999999950523,0.025745308010718
2026-08-07 16:49:00,20195.76,896.86,44671.02,49032.15,26.000999999996566,26.8009999999922,-0.7999999999956344,0.029849632476245933
2026-08-07 16:50:00,20195.99,896.84,44670.86,49032.09,25.940999999991618,26.8009999999922,-0.8600000000005821,0.0320883549121612
2026-08-07 16:51:00,20196.34,896.84,44671.13,49032.48,26.330999999998312,26.8009999999922,-0.4699999999938882,0.017536659079662138
2026-08-07 16:52:00,20196.6,896.77,44671.2,49032.65,26.500999999996566,26.80599999999322,-0.30499999999665306,0.011378049690245848
2026-08-07 16:53:00,20196.63,896.86,44671.15,49032.62,26.47099999999773,26.810999999994237,-0.33999999999650754,0.01268136212735745
2026-08-07 16:54:00,20196.56,897.04,44671.15,49032.58,26.430999999996857,26.80599999999322,-0.374999999996362,0.01398940535687745
2026-08-07 16:55:00,20196.91,896.83,44671.3,49032.87,26.72099999999773,26.8009999999922,-0.07999999999447027,0.0029849632474345566
2026-08-07 16:56:00,20196.69,897.04,44671.13,49032.62,26.47099999999773,26.8009999999922,-0.32999999999447027,0.012312973396312314
2026-08-07 16:57:00,20196.61,897.27,44671.17,49032.63,26.48099999999249,26.8009999999922,-0.31999999999970896,0.011939852990552668
2026-08-07 16:58:00,20196.32,897.28,44671.08,49032.44,26.29099999999744,26.8009999999922,-0.5099999999947613,0.019029140703515156
2026-08-07 16:59:00,20196.24,897.61,44671.35,49032.64,26.49099999999453,26.8009999999922,-0.3099999999976717,0.011566732584521544
2026-08-07 17:00:00,20196.28,897.7,44671.13,49032.47,26.320999999996275,26.8009999999922,-0.47999999999592546,0.017909779485693264
2026-08-07 17:01:00,20196.72,897.87,44671.68,49033.16,27.010999999998603,26.8009999999922,0.21000000000640284,0.00783552852529622
2026-08-07 17:02:00,20196.16,897.73,44671.43,49032.68,26.5309999999954,26.8009999999922,-0.2699999999967986,0.010074250960668526
2026-08-07 17:03:00,20196.65,897.53,44671.49,49032.93,26.7809999999954,26.8009999999922,-0.01999999999679858,0.000746240811790769
2026-08-07 17:04:00,20196.57,897.72,44671.43,49032.85,26.700999999993655,26.8009999999922,-0.09999999999854481,0.0037312040594968065
2026-08-07 17:05:00,20196.43,897.96,44671.41,49032.78,26.630999999993946,26.8009999999922,-0.16999999999825377,0.0063430469011717195
2026-08-07 17:06:00,20197.06,897.94,44671.7,49033.31,27.160999999992782,26.8009999999922,0.3600000000005821,0.013432334614405688
2026-08-07 17:07:00,20196.78,898.23,44671.42,49032.94,26.79099999999744,26.8009999999922,-0.00999999999476131,0.0003731204057596441
2026-08-07 17:08:00,20197.33,897.94,44671.61,49033.36,27.210999999995693,26.8009999999922,0.41000000000349246,0.015297936644289831
2026-08-07 17:09:00,20197.98,897.88,44672.02,49033.99,27.840999999993073,26.8009999999922,1.0400000000008731,0.03880452221936405
2026-08-07 17:10:00,20198.59,897.43,44672.07,49034.27,28.12099999999191,26.8009999999922,1.319999999999709,0.049251893586063696
2026-08-07 17:11:00,20198.55,897.48,44671.93,49034.12,27.97099999999773,26.8009999999922,1.1700000000055297,0.04365508749695423
2026-08-07 17:12:00,20198.75,897.76,44671.82,49034.11,27.960999999995693,26.8009999999922,1.1600000000034925,0.0432819670909231
2026-08-07 17:13:00,20199.1,897.64,44671.8,49034.22,28.070999999996275,26.8009999999922,1.2700000000040745,0.047386291556451035
2026-08-07 17:14:00,20199.39,897.63,44671.88,49034.44,28.29099999999744,26.8009999999922,1.4900000000052387,0.0555949404875069
2026-08-07 17:15:00,20199.14,897.73,44671.71,49034.17,28.020999999993364,26.8009999999922,1.2200000000011642,0.04552068952656689
2026-08-07 17:16:00,20199.18,897.73,44671.68,49034.14,27.99099999999453,26.8009999999922,1.1900000000023283,0.044401328308745
2026-08-07 17:17:00,20199.38,897.78,44671.94,49034.46,28.310999999994237,26.8009999999922,1.5100000000020373,0.05634118129929767
2026-08-07 17:18:00,20198.91,897.95,44671.89,49034.22,28.070999999996275,26.80599999999322,1.265000000003056,0.04719092740443841
2026-08-07 17:19:00,20198.61,898.17,44671.69,49033.93,27.7809999999954,26.810999999994237,0.9700000000011642,0.03617918018728778
2026-08-07 17:20:00,20198.85,898.07,44672.01,49034.32,28.17099999999482,26.810999999994237,1.360000000000582,0.050725448509972564
2026-08-07 17:21:00,20198.51,898.04,44672.01,49034.15,28.000999999996566,26.810999999994237,1.1900000000023283,0.04438476744629384
2026-08-07 17:22:00,20198.29,898.09,44671.91,49033.98,27.830999999998312,26.80599999999322,1.0250000000050932,0.038237707976025985
2026-08-07 17:23:00,20197.96,898.26,44671.54,49033.52,27.37099999999191,26.8009999999922,0.569999999999709,0.021267863139430427
2026-08-07 17:24:00,20198.27,898.31,44671.66,49033.77,27.62099999999191,26.80599999999322,0.8149999999986903,0.030403640975859753
2026-08-07 17:25:00,20198.53,898.17,44671.9,49034.08,27.930999999996857,26.810999999994237,1.1200000000026193,0.0417738987729984
2026-08-07 17:26:00,20198.51,897.85,44671.69,49033.87,27.72099999999773,26.810999999994237,0.9100000000034925,0.033941292753112084
2026-08-07 17:27:00,20198.86,897.89,44671.94,49034.23,28.080999999998312,26.810999999994237,1.2700000000040745,0.047368617358709016
2026-08-07 17:28:00,20198.79,897.83,44671.86,49034.13,27.98099999999249,26.810999999994237,1.1699999999982538,0.043638804968054355
2026-08-07 17:29:00,20198.78,897.98,44671.79,49034.05,27.90099999999802,26.810999999994237,1.0900000000037835,0.040654955055910554
2026-08-07 17:30:00,20199.09,897.83,44671.95,49034.31,28.160999999992782,26.810999999994237,1.3499999999985448,0.05035246727085282
2026-08-07 17:31:00,20198.71,897.9,44671.7,49033.94,27.79099999999744,26.810999999994237,0.9800000000032014,0.03655216142640752
2026-08-07 17:32:00,20198.3,897.89,44671.51,49033.6,27.450999999993655,26.810999999994237,0.6399999999994179,0.02387079929877869
2026-08-07 17:33:00,20198.33,897.84,44671.58,49033.67,27.520999999993364,26.810999999994237,0.7099999999991269,0.02648166797207413
2026-08-07 17:34:00,20198.09,897.94,44671.37,49033.39,27.24099999999453,26.80599999999322,0.4350000000013097,0.016227710214184128
2026-08-07 17:35:00,20198.29,897.85,44671.27,49033.39,27.24099999999453,26.8009999999922,0.4400000000023283,0.016417297862111727
2026-08-07 17:36:00,20198.03,897.85,44671.11,49033.13,26.98099999999249,26.8009999999922,0.18000000000029104,0.006716167307202844
2026-08-07 17:37:00,20198.48,897.9,44671.38,49033.57,27.42099999999482,26.8009999999922,0.6200000000026193,0.023133465169314568
2026-08-07 17:38:00,20198.39,897.86,44671.48,49033.62,27.47099999999773,26.8009999999922,0.6700000000055297,0.024999067199198713
2026-08-07 17:39:00,20197.84,897.74,44671.17,49033.11,26.960999999995693,26.8009999999922,0.16000000000349246,0.0059699264954120755
2026-08-07 17:40:00,20197.96,897.64,44671.37,49033.36,27.210999999995693,26.79599999999482,0.4150000000008731,0.015487386177076927
2026-08-07 17:41:00,20198.07,897.7,44671.65,49033.65,27.500999999996566,26.79099999999744,0.7099999999991269,0.02650143704972546
2026-08-07 17:42:00,20197.97,897.99,44671.31,49033.3,27.15099999999802,26.79099999999744,0.3600000000005821,0.013437348363279328
2026-08-07 17:43:00,20197.81,897.87,44671.06,49033.0,26.85099999999511,26.79099999999744,0.059999999997671694,0.0022395580604560273
2026-08-07 17:44:00,20197.5,898.06,44670.9,49032.74,26.590999999993073,26.78599999999642,-0.19500000000334694,0.007279922347620884
2026-08-07 17:45:00,20197.74,897.69,44671.02,49032.94,26.79099999999744,26.7809999999954,0.010000000002037268,0.0003733990516425445
2026-08-07 17:46:00,20197.75,897.51,44670.99,49032.91,26.760999999998603,26.7809999999954,-0.01999999999679858,0.0007467981030134055
2026-08-07 17:47:00,20197.85,897.53,44670.89,49032.86,26.710999999995693,26.7809999999954,-0.06999999999970896,0.0026137933609544444
2026-08-07 17:48:00,20198.44,897.47,44671.2,49033.38,27.23099999999249,26.7809999999954,0.4499999999970896,0.016802957320382617
2026-08-07 17:49:00,20198.72,897.62,44671.08,49033.38,27.23099999999249,26.7809999999954,0.4499999999970896,0.016802957320382617
2026-08-07 17:50:00,20199.08,897.47,44670.98,49033.44,27.29099999999744,26.7809999999954,0.5100000000020373,0.0190433516299662
2026-08-07 17:51:00,20199.55,897.63,44671.49,49034.1,27.950999999993655,26.7809999999954,1.1699999999982538,0.04368768903321215
2026-08-07 17:52:00,20199.34,897.62,44671.2,49033.74,27.590999999993073,26.770999999997002,0.819999999996071,0.03063015950080919
2026-08-07 17:53:00,20199.04,897.63,44670.86,49033.31,27.160999999992782,26.760999999998603,0.39999999999417923,0.014947124546698559
2026-08-07 17:54:00,20198.87,897.47,44670.75,49033.14,26.99099999999453,26.755999999997584,0.2349999999969441,0.008783076692964768
2026-08-07 17:55:00,20198.77,897.58,44670.76,49033.12,26.97099999999773,26.750999999996566,0.22000000000116415,0.008223991626525828
2026-08-07 17:56:00,20199.03,897.53,44670.94,49033.37,27.22099999999773,26.750999999996566,0.47000000000116415,0.01756943665661936
2026-08-07 17:57:00,20199.02,897.53,44670.74,49033.2,27.0509999999922,26.750999999996566,0.2999999999956344,0.011214534035949046
2026-08-07 17:58:00,20199.09,897.89,44670.74,49033.24,27.090999999993073,26.74099999999453,0.3499999999985448,0.013088515762260814
2026-08-07 17:59:00,20199.11,897.99,44670.8,49033.31,27.160999999992782,26.73099999999249,0.43000000000029104,0.01608619206166667
2026-08-07 18:00:00,20199.1,897.97,44670.63,49033.14,26.99099999999453,26.73099999999249,0.26000000000203727,0.009726534735030875
2026-08-07 18:01:00,20199.77,897.63,44670.98,49033.74,27.590999999993073,26.73099999999249,0.8600000000005821,0.03217238412333334
2026-08-07 18:02:00,20199.78,897.81,44670.93,49033.69,27.54099999999744,26.72599999999511,0.8150000000023283,0.030494649405166406
2026-08-07 18:03:00,20200.03,897.78,44671.02,49033.88,27.73099999999249,26.72099999999773,1.0099999999947613,0.037797986602104976
2026-08-07 18:04:00,20200.22,897.79,44671.07,49033.99,27.840999999993073,26.72099999999773,1.1199999999953434,0.04191459900435757
2026-08-07 18:05:00,20200.14,898.01,44671.03,49033.91,27.760999999998603,26.72099999999773,1.0400000000008731,0.03892069907566938
2026-08-07 18:06:00,20200.03,897.79,44670.62,49033.49,27.340999999993073,26.71599999999671,0.624999999996362,0.023394220691587024
2026-08-07 18:07:00,20200.21,897.74,44670.75,49033.69,27.54099999999744,26.710999999995693,0.8300000000017462,0.031073340571370598
2026-08-07 18:08:00,20200.58,897.77,44671.08,49034.14,27.99099999999453,26.705999999994674,1.2849999999998545,0.04811652812102564
2026-08-07 18:09:00,20200.3,898.12,44671.0,49033.96,27.810999999994237,26.700999999993655,1.110000000000582,0.04157147672374989
2026-08-07 18:10:00,20200.52,897.53,44670.93,49033.97,27.820999999996275,26.690999999995256,1.1300000000010186,0.04233636806418716
2026-08-07 18:11:00,20200.75,897.14,44670.89,49034.02,27.87099999999191,26.680999999996857,1.1899999999950523,0.04460102694783526
2026-08-07 18:12:00,20201.04,897.21,44671.24,49034.46,28.310999999994237,26.680999999996857,1.6299999999973807,0.06109216296231673
2026-08-07 18:13:00,20200.2,897.67,44670.84,49033.75,27.60099999999511,26.680999999996857,0.9199999999982538,0.034481466211849714
2026-08-07 18:14:00,20200.39,897.5,44671.06,49034.04,27.890999999995984,26.675999999995838,1.2150000000001455,0.045546558704466
2026-08-07 18:15:00,20199.69,897.95,44670.53,49033.25,27.10099999999511,26.67099999999482,0.43000000000029104,0.016122380113245644
2026-08-07 18:16:00,20200.28,897.68,44670.86,49033.82,27.67099999999482,26.650999999994383,1.0200000000004366,0.038272485085011874
2026-08-07 18:17:00,20200.65,897.49,44671.36,49034.41,28.260999999998603,26.630999999993946,1.6300000000046566,0.06120686418103065
2026-08-07 18:18:00,20200.19,897.92,44671.0,49033.9,27.750999999996566,26.630999999993946,1.1200000000026193,0.04205625023479681
2026-08-07 18:19:00,20199.9,898.18,44670.86,49033.67,27.520999999993364,26.630999999993946,0.8899999999994179,0.03341969884719388
2026-08-07 18:20:00,20199.85,897.95,44671.03,49033.8,27.65099999999802,26.625999999992928,1.0250000000050932,0.03849620671544225
2026-08-07 18:21:00,20199.49,898.39,44670.75,49033.4,27.250999999996566,26.62099999999191,0.6300000000046566,0.023665527215538412
2026-08-07 18:22:00,20199.54,898.43,44670.49,49033.2,27.0509999999922,26.62099999999191,0.43000000000029104,0.016152661432719345
2026-08-07 18:23:00,20199.76,898.48,44670.49,49033.29,27.140999999995984,26.62099999999191,0.5200000000040745,0.019533451035056257
2026-08-07 18:24:00,20200.22,898.43,44670.75,49033.73,27.580999999998312,26.61599999999453,0.9650000000037835,0.03625638713570716
2026-08-07 18:25:00,20200.15,898.21,44670.82,49033.76,27.610999999997148,26.610999999997148,1.0,0.037578445003949766
2026-08-07 18:26:00,20200.22,898.17,44670.59,49033.56,27.410999999992782,26.610999999997148,0.7999999999956344,0.03006275600299576
2026-08-07 18:27:00,20200.75,898.28,44671.01,49034.18,28.0309999999954,26.610999999997148,1.4199999999982538,0.053361391905543044
2026-08-07 18:28:00,20200.75,898.43,44670.86,49034.02,27.87099999999191,26.610999999997148,1.2599999999947613,0.04734884070477984
2026-08-07 18:29:00,20200.72,898.16,44670.71,49033.88,27.73099999999249,26.610999999997148,1.1199999999953434,0.042087858404248744
2026-08-07 18:30:00,20201.11,898.08,44671.18,49034.47,28.320999999996275,26.60599999999613,1.7150000000001455,0.06445914455387487
2026-08-07 18:31:00,20200.24,898.3,44670.37,49033.37,27.22099999999773,26.60099999999511,0.6200000000026193,0.023307394458957683
2026-08-07 18:32:00,20200.46,898.17,44670.38,49033.48,27.330999999998312,26.595999999994092,0.73500000000422,0.02763573469711172
2026-08-07 18:33:00,20201.48,897.56,44671.29,49034.7,28.5509999999922,26.590999999993073,1.9599999999991269,0.07370914971229504
2026-08-07 18:34:00,20201.31,897.36,44671.34,49034.67,28.520999999993364,26.585999999995693,1.9349999999976717,0.07278266756932164
2026-08-07 18:35:00,20201.08,897.32,44671.1,49034.36,28.210999999995693,26.580999999998312,1.6299999999973807,0.061321996914995076
2026-08-07 18:36:00,20200.88,897.41,44671.01,49034.2,28.0509999999922,26.575999999997293,1.4749999999949068,0.05550120409373333
2026-08-07 18:37:00,20200.74,897.3,44671.13,49034.26,28.110999999997148,26.570999999996275,1.5400000000008731,0.05795792405257947
2026-08-07 18:38:00,20200.89,897.42,44671.08,49034.28,28.130999999993946,26.550999999995838,1.5799999999981083,0.05950811645506218
2026-08-07 18:39:00,20200.8,897.16,44670.67,49033.86,27.710999999995693,26.5309999999954,1.180000000000291,0.04447627303910503
2026-08-07 18:40:00,20200.88,897.53,44671.03,49034.23,28.080999999998312,26.525999999994383,1.555000000003929,0.058621729623925894
2026-08-07 18:41:00,20200.9,897.65,44670.91,49034.14,27.99099999999453,26.520999999993364,1.4700000000011642,0.05542777421671626
2026-08-07 18:42:00,20200.93,897.49,44670.83,49034.06,27.910999999992782,26.515999999995984,1.3949999999967986,0.0526097450594739
2026-08-07 18:43:00,20200.89,897.52,44670.94,49034.15,28.000999999996566,26.510999999998603,1.4899999999979627,0.05620308551160051
2026-08-07 18:44:00,20200.9,897.68,44671.05,49034.24,28.090999999993073,26.505999999997584,1.584999999995489,0.0597977816341822
2026-08-07 18:45:00,20200.81,897.42,44670.76,49033.94,27.79099999999744,26.500999999996566,1.2900000000008731,0.04867740839972229
2026-08-07 18:46:00,20200.43,897.53,44670.38,49033.44,27.29099999999744,26.495999999995547,0.7950000000018917,0.030004528985583687
2026-08-07 18:47:00,20200.91,897.88,44670.73,49033.98,27.830999999998312,26.49099999999453,1.3400000000037835,0.050583216941756076
2026-08-07 18:48:00,20201.11,897.74,44670.57,49033.9,27.750999999996566,26.48599999999351,1.265000000003056,0.04776108132611062
2026-08-07 18:49:00,20201.29,897.72,44670.44,49033.86,27.710999999995693,26.48099999999249,1.2300000000032014,0.04644839696399495
2026-08-07 18:50:00,20201.6,897.73,44670.42,49033.95,27.8009999999922,26.48099999999249,1.319999999999709,0.049847060156341653
2026-08-07 18:51:00,20201.86,897.87,44670.6,49034.23,28.080999999998312,26.48099999999249,1.6000000000058208,0.06042067897761695
2026-08-07 18:52:00,20201.57,898.03,44670.6,49034.11,27.960999999995693,26.48099999999249,1.4800000000032014,0.05588912805421325
2026-08-07 18:53:00,20201.25,898.25,44670.45,49033.84,27.690999999991618,26.48099999999249,1.2099999999991269,0.04569313847662362
2026-08-07 18:54:00,20201.36,898.05,44670.49,49033.93,27.7809999999954,26.48099999999249,1.3000000000029104,0.04909180166924508
2026-08-07 18:55:00,20200.98,897.92,44670.4,49033.68,27.5309999999954,26.48099999999249,1.0500000000029104,0.03965107057902678
2026-08-07 18:56:00,20200.91,897.81,44670.36,49033.62,27.47099999999773,26.47599999999511,0.9950000000026193,0.037581205620290194
2026-08-07 18:57:00,20201.0,897.99,44670.44,49033.72,27.570999999996275,26.47099999999773,1.0999999999985448,0.04155490914580632
2026-08-07 18:58:00,20201.11,898.03,44670.46,49033.79,27.640999999995984,26.47099999999773,1.1699999999982538,0.04419931245507741
2026-08-07 18:59:00,20200.94,897.87,44670.36,49033.62,27.47099999999773,26.47099999999773,1.0,0.037777190132601175
2026-08-07 19:00:00,20200.9,897.95,44670.29,49033.55,27.40099999999802,26.46599999999671,0.9350000000013097,0.03532834580221514
2026-08-07 19:01:00,20201.11,897.94,44670.33,49033.67,27.520999999993364,26.460999999995693,1.0599999999976717,0.040058954687949976
2026-08-07 19:02:00,20201.46,898.0,44670.19,49033.7,27.5509999999922,26.455999999994674,1.0949999999975262,0.04138947686716611
2026-08-07 19:03:00,20202.03,897.88,44670.45,49034.16,28.010999999998603,26.450999999993655,1.5600000000049477,0.05897697629599342
2026-08-07 19:04:00,20201.99,898.17,44670.25,49033.96,27.810999999994237,26.445999999992637,1.3650000000016007,0.051614610905315765
2026-08-07 19:05:00,20202.39,898.14,44670.23,49034.11,27.960999999995693,26.440999999991618,1.5200000000040745,0.0574864793315138
2026-08-07 19:06:00,20202.61,898.24,44670.27,49034.22,28.070999999996275,26.440999999991618,1.6300000000046566,0.061646685072621055
2026-08-07 19:07:00,20202.6,898.45,44669.97,49033.95,27.8009999999922,26.440999999991618,1.360000000000582,0.051435270980712273
2026-08-07 19:08:00,20202.71,898.48,44669.92,49033.96,27.810999999994237,26.435999999994237,1.375,0.05201240732335829
2026-08-07 19:09:00,20202.8,898.66,44670.25,49034.3,28.15099999999802,26.430999999996857,1.7200000000011642,0.06507510120696791
2026-08-07 19:10:00,20202.49,898.24,44670.17,49034.1,27.950999999993655,26.430999999996857,1.5199999999967986,0.0575082289734395
2026-08-07 19:11:00,20202.09,898.26,44670.12,49033.88,27.73099999999249,26.430999999996857,1.2999999999956344,0.04918466951669589
2026-08-07 19:12:00,20201.79,898.3,44670.03,49033.67,27.520999999993364,26.425999999995838,1.0949999999975262,0.041436464088310705
2026-08-07 19:13:00,20201.63,898.18,44669.92,49033.53,27.380999999993946,26.42099999999482,0.9599999999991269,0.03633473373450343
2026-08-07 19:14:00,20201.8,897.73,44670.34,49033.96,27.810999999994237,26.395999999993364,1.4150000000008731,0.053606607061722565
2026-08-07 19:15:00,20202.25,897.77,44670.72,49034.49,28.340999999993073,26.37099999999191,1.9700000000011642,0.07470327253429027
2026-08-07 19:16:00,20202.63,897.68,44670.63,49034.56,28.410999999992782,26.37099999999191,2.040000000000873,0.07735770353803417
2026-08-07 19:17:00,20203.14,897.66,44670.77,49034.89,28.74099999999453,26.37099999999191,2.3700000000026193,0.08987144969865937
2026-08-07 19:18:00,20202.84,897.97,44670.48,49034.51,28.360999999997148,26.35099999999511,2.0100000000020373,0.0762779401162161
2026-08-07 19:19:00,20202.42,897.99,44670.22,49034.09,27.940999999991618,26.330999999998312,1.6099999999933061,0.061144658387201754
2026-08-07 19:20:00,20201.92,897.9,44669.97,49033.66,27.510999999998603,26.325999999997293,1.1850000000013097,0.045012535136421464
2026-08-07 19:21:00,20202.08,897.92,44670.41,49034.15,28.000999999996566,26.320999999996275,1.680000000000291,0.063827362182308
2026-08-07 19:22:00,20201.51,897.97,44670.47,49033.95,27.8009999999922,26.305999999996857,1.4949999999953434,0.05683114118435042
2026-08-07 19:23:00,20201.01,897.9,44670.29,49033.59,27.440999999991618,26.29099999999744,1.1499999999941792,0.0437412042141528
2026-08-07 19:24:00,20201.06,897.98,44670.4,49033.72,27.570999999996275,26.22099999999773,1.3499999999985448,0.05148545059298508
2026-08-07 19:25:00,20201.2,897.79,44670.43,49033.8,27.65099999999802,26.15099999999802,1.5,0.057359183205235496
2026-08-07 19:26:00,20201.19,897.96,44670.38,49033.76,27.610999999997148,26.130999999997584,1.4799999999995634,0.056637709999605844
2026-08-07 19:27:00,20201.7,898.01,44670.58,49034.17,28.020999999993364,26.110999999997148,1.9099999999962165,0.07314924744346923
2026-08-07 19:28:00,20201.93,897.91,44670.9,49034.54,28.390999999995984,26.10599999999613,2.2849999999998545,0.08752777139355677
2026-08-07 19:29:00,20201.82,898.04,44670.72,49034.32,28.17099999999482,26.10099999999511,2.069999999999709,0.07930730623348135
2026-08-07 19:30:00,20201.55,898.07,44670.23,49033.76,27.610999999997148,26.065999999995256,1.5450000000018917,0.05927261566800326
2026-08-07 19:31:00,20201.83,897.97,44670.29,49033.95,27.8009999999922,26.0309999999954,1.7699999999967986,0.06799585110049984
2026-08-07 19:32:00,20201.96,898.02,44670.58,49034.27,28.12099999999191,26.015999999995984,2.1049999999959255,0.08091174661732205
2026-08-07 19:33:00,20202.07,897.97,44670.67,49034.38,28.23099999999249,26.000999999996566,2.2299999999959255,0.08576593207939003
2026-08-07 19:34:00,20201.92,897.96,44670.43,49034.11,27.960999999995693,26.000999999996566,1.9599999999991269,0.07538171608781916
2026-08-07 19:35:00,20202.11,897.95,44670.7,49034.43,28.2809999999954,26.000999999996566,2.279999999998836,0.08768893504092677
2026-08-07 19:36:00,20201.7,898.1,44670.23,49033.83,27.680999999996857,25.970999999994092,1.7100000000027649,0.06584267067125463
2026-08-07 19:37:00,20202.41,897.88,44670.96,49034.8,28.65099999999802,25.940999999991618,2.710000000006403,0.10446783084720244
2026-08-07 19:38:00,20201.88,898.0,44670.81,49034.43,28.2809999999954,25.92099999999482,2.360000000000582,0.09104587014393942
2026-08-07 19:39:00,20201.53,898.16,44670.62,49034.12,27.97099999999773,25.90099999999802,2.069999999999709,0.07991969422029524
2026-08-07 19:40:00,20201.56,898.04,44670.8,49034.3,28.15099999999802,25.895999999997002,2.2550000000010186,0.08707908557311089
2026-08-07 19:41:00,20201.4,898.02,44670.62,49034.06,27.910999999992782,25.890999999995984,2.0199999999967986,0.078019388976753
2026-08-07 19:42:00,20201.65,898.05,44670.66,49034.22,28.070999999996275,25.805999999996857,2.264999999999418,0.08777028597999278
2026-08-07 19:43:00,20201.64,897.95,44670.6,49034.14,27.99099999999453,25.72099999999773,2.2699999999967986,0.08825473348613969
2026-08-07 19:44:00,20201.45,898.1,44670.51,49033.99,27.840999999993073,25.710999999995693,2.1299999999973807,0.08284391894511056
2026-08-07 19:45:00,20201.64,898.28,44670.68,49034.22,28.070999999996275,25.700999999993655,2.3700000000026193,0.09221431072733374
2026-08-07 19:46:00,20201.73,898.08,44670.64,49034.21,28.060999999994237,25.690999999995256,2.3699999999989814,0.09225020435169588
2026-08-07 19:47:00,20201.65,898.33,44670.63,49034.17,28.020999999993364,25.680999999996857,2.3399999999965075,0.09111794712031439
2026-08-07 19:48:00,20201.7,898.3,44670.64,49034.21,28.060999999994237,25.67099999999482,2.389999999999418,0.0931011647384169
2026-08-07 19:49:00,20202.14,898.08,44670.84,49034.57,28.42099999999482,25.660999999992782,2.7600000000020373,0.10755621370962992
2026-08-07 19:50:00,20202.34,898.05,44670.81,49034.62,28.47099999999773,25.660999999992782,2.8100000000049477,0.10950469584216274
2026-08-07 19:51:00,20202.78,897.85,44670.93,49034.9,28.750999999996566,25.660999999992782,3.0900000000037835,0.12041619578366598
2026-08-07 19:52:00,20202.94,897.9,44670.97,49035.01,28.860999999997148,25.6559999999954,3.2050000000017462,0.12492204552550361
2026-08-07 19:53:00,20203.17,897.86,44670.84,49034.97,28.820999999996275,25.65099999999802,3.1699999999982538,0.12358192663048218
2026-08-07 19:54:00,20203.28,897.88,44670.61,49034.81,28.660999999992782,25.640999999995984,3.0199999999967986,0.11778011778001138
2026-08-07 19:55:00,20203.36,898.11,44670.52,49034.76,28.610999999997148,25.630999999993946,2.9800000000032014,0.11626545979493212
2026-08-07 19:56:00,20203.48,897.88,44670.5,49034.8,28.65099999999802,25.580999999994674,3.070000000003347,0.12001094562386092
2026-08-07 19:57:00,20203.65,898.1,44670.71,49035.06,28.910999999992782,25.5309999999954,3.3799999999973807,0.13238807723935567
2026-08-07 19:58:00,20203.76,898.11,44670.69,49035.09,28.940999999991618,25.515999999995984,3.4249999999956344,0.13422950305675552
2026-08-07 19:59:00,20204.13,898.26,44670.94,49035.47,29.320999999996275,25.500999999996566,3.819999999999709,0.14979804713541522
2026-08-07 20:00:00,20203.98,898.27,44670.85,49035.33,29.180999999996857,25.48099999999613,3.7000000000007276,0.1452062320945524
2026-08-07 20:01:00,20203.74,898.48,44670.68,49035.06,28.910999999992782,25.460999999995693,3.4499999999970896,0.13550135501345875
2026-08-07 20:02:00,20204.14,898.45,44670.73,49035.29,29.140999999995984,25.460999999995693,3.680000000000291,0.14453477868115602
2026-08-07 20:03:00,20204.39,898.43,44670.84,49035.5,29.35099999999511,25.460999999995693,3.889999999999418,0.15278268724716532
2026-08-07 20:04:00,20204.43,898.51,44670.83,49035.5,29.35099999999511,25.435999999994237,3.915000000000873,0.1539157100173675
2026-08-07 20:05:00,20204.4,898.73,44670.63,49035.31,29.160999999992782,25.410999999992782,3.75,0.14757388532529475
2026-08-07 20:06:00,20204.53,898.81,44670.65,49035.37,29.22099999999773,25.4059999999954,3.8150000000023283,0.1501613792018822
2026-08-07 20:07:00,20204.28,899.06,44670.52,49035.15,29.000999999996566,25.40099999999802,3.599999999998545,0.1417267036730375
2026-08-07 20:08:00,20204.08,899.09,44670.47,49035.03,28.880999999993946,25.390999999995984,3.4899999999979627,0.1374502776573792
2026-08-07 20:09:00,20203.85,899.18,44670.38,49034.86,28.710999999995693,25.380999999993946,3.3300000000017462,0.1312005043143509
2026-08-07 20:10:00,20204.14,899.03,44670.65,49035.21,29.060999999994237,25.325999999993655,3.735000000000582,0.14747690120830442
2026-08-07 20:11:00,20204.03,898.92,44670.6,49035.13,28.98099999999249,25.270999999993364,3.709999999999127,0.14680859483202488
2026-08-07 20:12:00,20203.96,898.99,44670.53,49035.04,28.890999999995984,25.23099999999249,3.6600000000034925,0.14505964884485678
2026-08-07 20:13:00,20203.77,899.49,44670.42,49034.87,28.72099999999773,25.190999999991618,3.530000000006112,0.14012941129797493
2026-08-07 20:14:00,20203.98,899.32,44670.55,49035.09,28.940999999991618,25.150999999994383,3.789999999997235,0.1506898334061501
2026-08-07 20:15:00,20204.53,899.06,44671.02,49035.72,29.570999999996275,25.110999999997148,4.459999999999127,0.1776114053601861
2026-08-07 20:16:00,20204.28,899.08,44670.78,49035.4,29.250999999996566,25.110999999997148,4.139999999999418,0.16486798614152715
2026-08-07 20:17:00,20204.79,898.98,44670.93,49035.75,29.60099999999511,25.110999999997148,4.489999999997963,0.17880610091189011
2026-08-07 20:18:00,20204.63,899.18,44670.65,49035.44,29.29099999999744,25.065999999995256,4.225000000002183,0.16855501476114987
2026-08-07 20:19:00,20204.71,899.12,44670.61,49035.43,29.2809999999954,25.020999999993364,4.260000000002037,0.17025698413345458
2026-08-07 20:20:00,20204.91,899.15,44670.74,49035.64,29.49099999999453,25.015999999995984,4.474999999998545,0.17888551327147678
2026-08-07 20:21:00,20204.92,899.3,44670.59,49035.49,29.340999999993073,25.010999999998603,4.32999999999447,0.1731238255165612
2026-08-07 20:22:00,20204.81,899.17,44670.36,49035.23,29.080999999998312,25.010999999998603,4.069999999999709,0.1627283995042156
2026-08-07 20:23:00,20204.71,899.36,44670.25,49035.1,28.950999999993655,25.010999999998603,3.9399999999950523,0.1575306864977519
2026-08-07 20:24:00,20204.85,899.63,44670.35,49035.26,29.110999999997148,24.98099999999613,4.130000000001019,0.1653256474921604
2026-08-07 20:25:00,20205.04,899.58,44670.48,49035.46,29.310999999994237,24.950999999993655,4.360000000000582,0.17474249529083768
2026-08-07 20:26:00,20204.97,899.31,44670.21,49035.17,29.020999999993364,24.900999999994383,4.119999999998981,0.16545520260230154
2026-08-07 20:27:00,20205.18,899.43,44670.39,49035.43,29.2809999999954,24.85099999999511,4.430000000000291,0.1782624441672835
2026-08-07 20:28:00,20205.43,899.49,44670.7,49035.81,29.660999999992782,24.84099999999671,4.819999999996071,0.19403405659984338
2026-08-07 20:29:00,20205.2,899.46,44670.55,49035.57,29.42099999999482,24.830999999998312,4.5899999999965075,0.18484958318218436
2026-08-07 20:30:00,20205.12,899.4,44670.39,49035.39,29.24099999999453,24.825999999997293,4.414999999997235,0.17783775074509453
2026-08-07 20:31:00,20204.92,899.84,44670.32,49035.25,29.10099999999511,24.820999999996275,4.279999999998836,0.17243463196484743
2026-08-07 20:32:00,20205.13,899.98,44670.53,49035.53,29.380999999993946,24.79099999999744,4.5899999999965075,0.18514783590807074
2026-08-07 20:33:00,20204.89,899.96,44670.39,49035.31,29.160999999992782,24.760999999998603,4.399999999994179,0.17769880053287135
2026-08-07 20:34:00,20205.03,899.78,44670.58,49035.54,29.390999999995984,24.760999999998603,4.629999999997381,0.18698760146995846
2026-08-07 20:35:00,20204.93,899.75,44670.46,49035.39,29.24099999999453,24.760999999998603,4.4799999999959255,0.18092968781536198
2026-08-07 20:36:00,20205.21,899.73,44670.74,49035.76,29.610999999997148,24.755999999997584,4.854999999999563,0.19611407335595563
2026-08-07 20:37:00,20204.86,900.07,44670.65,49035.54,29.390999999995984,24.750999999996566,4.639999999999418,0.1874671730435159
2026-08-07 20:38:00,20204.52,900.33,44670.65,49035.4,29.250999999996566,24.74099999999453,4.510000000002037,0.18228850895287316
2026-08-07 20:39:00,20204.1,900.1,44670.6,49035.19,29.04099999999744,24.73099999999249,4.310000000004948,0.17427520116478332
2026-08-07 20:40:00,20204.3,900.17,44670.86,49035.51,29.360999999997148,24.720999999994092,4.640000000003056,0.18769467254577746
2026-08-07 20:41:00,20204.46,899.97,44670.73,49035.46,29.310999999994237,24.710999999995693,4.599999999998545,0.18615191615067567
2026-08-07 20:42:00,20204.59,899.85,44670.8,49035.57,29.42099999999482,24.700999999993655,4.720000000001164,0.19108538115875376
2026-08-07 20:43:00,20204.82,899.78,44670.88,49035.74,29.590999999993073,24.690999999991618,4.900000000001455,0.198452877566851
2026-08-07 20:44:00,20204.76,899.75,44670.78,49035.62,29.47099999999773,24.60599999999249,4.865000000005239,0.19771600422688462
2026-08-07 20:45:00,20204.89,899.52,44670.84,49035.73,29.580999999998312,24.520999999993364,5.060000000004948,0.20635373761291614
2026-08-07 20:46:00,20204.78,899.69,44670.79,49035.64,29.49099999999453,24.48599999999351,5.005000000001019,0.2044025157233662
2026-08-07 20:47:00,20204.75,899.99,44670.76,49035.61,29.460999999995693,24.450999999993655,5.010000000002037,0.204899595108721
2026-08-07 20:48:00,20204.6,900.03,44670.57,49035.38,29.23099999999249,24.48599999999351,4.744999999998981,0.19378420321817524
2026-08-07 20:49:00,20204.5,900.02,44670.47,49035.23,29.080999999998312,24.520999999993364,4.560000000004948,0.18596305207806296
2026-08-07 20:50:00,20204.39,900.27,44670.53,49035.25,29.10099999999511,24.48599999999351,4.615000000001601,0.18847504696572834
2026-08-07 20:51:00,20204.4,900.3,44670.5,49035.23,29.080999999998312,24.450999999993655,4.630000000004657,0.18935830845388155
2026-08-07 20:52:00,20204.39,900.32,44670.58,49035.28,29.130999999993946,24.450999999993655,4.680000000000291,0.19140321459251178
2026-08-07 20:53:00,20204.49,900.08,44670.69,49035.43,29.2809999999954,24.450999999993655,4.830000000001746,0.19753793300899758
2026-08-07 20:54:00,20204.43,899.99,44670.62,49035.34,29.190999999991618,24.42099999999482,4.769999999996799,0.19532369681822245
2026-08-07 20:55:00,20204.59,899.83,44670.71,49035.47,29.320999999996275,24.390999999995984,4.930000000000291,0.2021237341642861
2026-08-07 20:56:00,20204.51,899.89,44670.65,49035.39,29.24099999999453,24.42099999999482,4.819999999999709,0.19737111502398474
2026-08-07 20:57:00,20204.42,900.15,44670.59,49035.3,29.15099999999802,24.450999999993655,4.700000000004366,0.1922211770482019
2026-08-07 20:58:00,20204.66,900.18,44670.49,49035.32,29.17099999999482,24.450999999993655,4.720000000001164,0.1930391395035945
2026-08-07 20:59:00,20204.94,900.28,44670.57,49035.5,29.35099999999511,24.450999999993655,4.900000000001455,0.20040080160331794
2026-08-07 21:00:00,20204.65,900.35,44670.41,49035.25,29.10099999999511,24.48599999999351,4.615000000001601,0.18847504696572834
2026-08-07 21:01:00,20204.37,900.54,44670.4,49035.12,28.97099999999773,24.520999999993364,4.450000000004366,0.1814771012603715
2026-08-07 21:02:00,20203.94,900.75,44670.29,49034.86,28.710999999995693,24.60599999999249,4.105000000003201,0.1668292286436013
2026-08-07 21:03:00,20203.92,900.63,44670.45,49034.98,28.830999999998312,24.690999999991618,4.140000000006694,0.16767243125058115
2026-08-07 21:04:00,20203.61,900.53,44670.27,49034.7,28.5509999999922,24.720999999994092,3.8299999999981083,0.15492900772618518
2026-08-07 21:05:00,20203.66,900.65,44670.26,49034.71,28.560999999994237,24.750999999996566,3.8099999999976717,0.15393317441712256
2026-08-07 21:06:00,20203.87,900.68,44670.43,49034.95,28.8009999999922,24.755999999997584,4.044999999994616,0.16339473258987763
2026-08-07 21:07:00,20204.22,900.83,44670.56,49035.21,29.060999999994237,24.760999999998603,4.299999999995634,0.17366019142990496
2026-08-07 21:08:00,20204.32,900.78,44670.51,49035.2,29.0509999999922,24.760999999998603,4.289999999993597,0.1732563305195202
2026-08-07 21:09:00,20204.31,900.72,44670.41,49035.11,28.960999999995693,24.760999999998603,4.19999999999709,0.1696215823269386
2026-08-07 21:10:00,20204.24,900.79,44670.35,49035.03,28.880999999993946,24.79099999999744,4.0899999999965075,0.16497922633201284
2026-08-07 21:11:00,20204.07,900.8,44670.23,49034.86,28.710999999995693,24.820999999996275,3.889999999999418,0.1567221304540511
2026-08-07 21:12:00,20203.9,901.0,44670.25,49034.81,28.660999999992782,24.91599999999744,3.7449999999953434,0.15030502488343747
2026-08-07 21:13:00,20203.8,901.17,44670.38,49034.88,28.73099999999249,25.010999999998603,3.719999999993888,0.14873455679477413
2026-08-07 21:14:00,20203.48,900.96,44670.19,49034.59,28.440999999991618,25.010999999998603,3.429999999993015,0.1371396585499663
2026-08-07 21:15:00,20203.41,900.98,44670.25,49034.61,28.460999999995693,25.010999999998603,3.4499999999970896,0.13793930670494112
2026-08-07 21:16:00,20203.46,901.07,44670.34,49034.71,28.560999999994237,25.140999999995984,3.4199999999982538,0.13603277514811662
2026-08-07 21:17:00,20203.22,900.94,44670.25,49034.53,28.380999999993946,25.270999999993364,3.110000000000582,0.1230659649401052
2026-08-07 21:18:00,20203.12,900.93,44670.22,49034.47,28.320999999996275,25.325999999993655,2.9950000000026193,0.1182579167655125
2026-08-07 21:19:00,20203.06,901.09,44670.31,49034.53,28.380999999993946,25.380999999993946,3.0,0.11819865253538929
2026-08-07 21:20:00,20203.0,901.17,44670.37,49034.56,28.410999999992782,25.390999999995984,3.0199999999967986,0.11893978181234596
2026-08-07 21:21:00,20203.31,900.94,44670.37,49034.68,28.5309999999954,25.40099999999802,3.1299999999973807,0.12322349513789317
2026-08-07 21:22:00,20203.07,901.01,44670.28,49034.51,28.360999999997148,25.430999999996857,2.930000000000291,0.11521371554404676
2026-08-07 21:23:00,20203.11,901.08,44670.46,49034.69,28.54099999999744,25.460999999995693,3.0800000000017462,0.1209693256353744
2026-08-07 21:24:00,20202.87,901.24,44670.59,49034.71,28.560999999994237,25.495999999995547,3.0649999999986903,0.12021493567615413
2026-08-07 21:25:00,20202.77,900.95,44670.39,49034.47,28.320999999996275,25.5309999999954,2.790000000000873,0.10927891582787104
2026-08-07 21:26:00,20202.65,901.12,44670.39,49034.45,28.3009999999922,25.59099999999671,2.709999999995489,0.10589660427477775
2026-08-07 21:27:00,20202.69,901.17,44670.46,49034.53,28.380999999993946,25.65099999999802,2.7299999999959255,0.10642859927473143
2026-08-07 21:28:00,20202.66,901.33,44670.56,49034.59,28.440999999991618,25.6559999999954,2.7849999999962165,0.10855160586204847
2026-08-07 21:29:00,20202.55,901.18,44670.46,49034.45,28.3009999999922,25.660999999992782,2.639999999999418,0.1028798565917213
2026-08-07 21:30:00,20202.28,900.98,44670.12,49034.04,27.890999999995984,25.67099999999482,2.220000000001164,0.08647890615876327
2026-08-07 21:31:00,20202.24,901.1,44670.18,49034.09,27.940999999991618,25.680999999996857,2.2599999999947613,0.08800280362894895
2026-08-07 21:32:00,20202.33,901.19,44670.45,49034.37,28.22099999999773,25.690999999995256,2.530000000002474,0.09847806624899541
2026-08-07 21:33:00,20202.2,901.22,44670.29,49034.17,28.020999999993364,25.700999999993655,2.319999999999709,0.09026886113381899
2026-08-07 21:34:00,20202.08,901.08,44670.17,49034.01,27.860999999997148,25.710999999995693,2.150000000001455,0.08362179611846352
2026-08-07 21:35:00,20202.31,901.05,44670.24,49034.17,28.020999999993364,25.72099999999773,2.2999999999956344,0.08942109560265299
2026-08-07 21:36:00,20202.45,901.12,44670.31,49034.29,28.140999999995984,25.830999999994674,2.3100000000013097,0.08942743215523154
2026-08-07 21:37:00,20202.39,901.21,44670.21,49034.17,28.020999999993364,25.940999999991618,2.0800000000017462,0.08018195135123621
2026-08-07 21:38:00,20202.42,901.18,44670.2,49034.16,28.010999999998603,25.970999999994092,2.040000000004511,0.07854915097628028
2026-08-07 21:39:00,20202.64,901.06,44670.32,49034.36,28.210999999995693,26.000999999996566,2.209999999999127,0.08499673089494322
2026-08-07 21:40:00,20202.42,901.22,44670.19,49034.15,28.000999999996566,26.055999999996857,1.944999999999709,0.07464691433834601
2026-08-07 21:41:00,20202.5,901.17,44670.19,49034.17,28.020999999993364,26.110999999997148,1.9099999999962165,0.07314924744346923
2026-08-07 21:42:00,20202.53,901.33,44670.08,49034.09,27.940999999991618,26.200999999997293,1.7399999999943248,0.066409679019675
2026-08-07 21:43:00,20202.72,901.27,44670.09,49034.18,28.0309999999954,26.29099999999744,1.7399999999979627,0.06618234376775825
2026-08-07 21:44:00,20202.78,901.22,44670.08,49034.21,28.060999999994237,26.305999999996857,1.7549999999973807,0.06671481791217176
2026-08-07 21:45:00,20202.63,901.27,44670.1,49034.16,28.010999999998603,26.320999999996275,1.6900000000023283,0.06420728695728002
2026-08-07 21:46:00,20202.7,901.33,44670.3,49034.38,28.23099999999249,26.325999999997293,1.9049999999951979,0.07236192357347845
2026-08-07 21:47:00,20202.31,901.55,44670.21,49034.14,27.99099999999453,26.330999999998312,1.6599999999962165,0.06304356082170533
2026-08-07 21:48:00,20202.16,901.66,44670.23,49034.09,27.940999999991618,26.35099999999511,1.5899999999965075,0.06033926606188769
2026-08-07 21:49:00,20202.12,901.69,44670.22,49034.06,27.910999999992782,26.37099999999191,1.5400000000008731,0.05839748208264175
2026-08-07 21:50:00,20202.29,901.62,44670.23,49034.15,28.000999999996566,26.37099999999191,1.6300000000046566,0.06181032194475586
2026-08-07 21:51:00,20202.49,901.53,44670.22,49034.23,28.080999999998312,26.37099999999191,1.7100000000064028,0.06484395737768486
2026-08-07 21:52:00,20202.77,901.51,44670.25,49034.36,28.210999999995693,26.400999999994383,1.8100000000013097,0.06855800916638365
2026-08-07 21:53:00,20203.01,901.54,44670.29,49034.5,28.35099999999511,26.430999999996857,1.9199999999982538,0.07264197344022104
2026-08-07 21:54:00,20203.17,901.56,44670.28,49034.57,28.42099999999482,26.430999999996857,1.9899999999979627,0.07529037872188715
2026-08-07 21:55:00,20203.06,901.64,44670.22,49034.45,28.3009999999922,26.430999999996857,1.8699999999953434,0.07075025538177011
2026-08-07 21:56:00,20202.87,901.51,44670.14,49034.29,28.140999999995984,26.435999999994237,1.7050000000017462,0.06449538508103034
2026-08-07 21:57:00,20203.2,901.45,44670.24,49034.51,28.360999999997148,26.440999999991618,1.9200000000055297,0.07261450020824244
2026-08-07 21:58:00,20203.7,901.46,44670.31,49034.8,28.65099999999802,26.440999999991618,2.210000000006403,0.08358231534386383
2026-08-07 21:59:00,20204.11,901.37,44670.24,49034.9,28.750999999996566,26.440999999991618,2.3100000000049477,0.08736432056297719
2026-08-07 22:00:00,20204.31,901.33,44670.18,49034.92,28.770999999993364,26.445999999992637,2.3250000000007276,0.08791499659689084
2026-08-07 22:01:00,20204.43,901.3,44670.14,49034.93,28.7809999999954,26.450999999993655,2.3300000000017462,0.08808740690341783
2026-08-07 22:02:00,20204.34,901.35,44670.11,49034.87,28.72099999999773,26.455999999994674,2.265000000003056,0.08561384941047444
2026-08-07 22:03:00,20204.07,901.39,44670.05,49034.71,28.560999999994237,26.460999999995693,2.099999999998545,0.07936208004228437
2026-08-07 22:04:00,20203.79,901.4,44670.0,49034.55,28.40099999999802,26.46599999999671,1.9350000000013097,0.07311267286335488
2026-08-07 22:05:00,20203.51,901.34,44669.99,49034.41,28.260999999998603,26.47099999999773,1.7900000000008731,0.0676211703373891
2026-08-07 22:06:00,20203.32,901.32,44670.01,49034.36,28.210999999995693,26.47099999999773,1.7399999999979627,0.06573231083064908
2026-08-07 22:07:00,20203.31,901.37,44670.04,49034.39,28.24099999999453,26.47099999999773,1.7699999999967986,0.06686562653458314
2026-08-07 22:08:00,20203.24,901.51,44670.05,49034.36,28.210999999995693,26.47599999999511,1.735000000000582,0.06553104698598362
2026-08-07 22:09:00,20203.1,901.65,44670.03,49034.29,28.140999999995984,26.48099999999249,1.6600000000034925,0.06268645443918142
2026-08-07 22:10:00,20202.96,901.72,44669.99,49034.21,28.060999999994237,26.48099999999249,1.5800000000017462,0.05966542049024562
2026-08-07 22:11:00,20203.06,901.78,44670.13,49034.38,28.23099999999249,26.48099999999249,1.75,0.06608511763152812
2026-08-07 22:12:00,20202.68,901.84,44670.02,49034.12,27.97099999999773,26.48099999999249,1.4900000000052387,0.056266757297898914
2026-08-07 22:13:00,20202.67,901.82,44670.04,49034.13,27.98099999999249,26.48099999999249,1.5,0.05664438654130982
2026-08-07 22:14:00,20202.6,901.87,44670.15,49034.21,28.060999999994237,26.48099999999249,1.5800000000017462,0.05966542049024562
2026-08-07 22:15:00,20202.51,901.98,44670.13,49034.16,28.010999999998603,26.48099999999249,1.5300000000061118,0.05777727427236681
2026-08-07 22:16:00,20202.61,902.2,44670.33,49034.39,28.24099999999453,26.48599999999351,1.7550000000010186,0.06626142112819787
2026-08-07 22:17:00,20202.47,902.17,44670.18,49034.19,28.04099999999744,26.49099999999453,1.5500000000029104,0.05851043750719982
2026-08-07 22:18:00,20202.35,902.32,44670.16,49034.12,27.97099999999773,26.495999999995547,1.4750000000021828,0.05566878019332845
2026-08-07 22:19:00,20202.16,902.32,44670.07,49033.95,27.8009999999922,26.500999999996566,1.2999999999956344,0.04905475265068499
2026-08-07 22:20:00,20201.81,902.35,44669.95,49033.71,27.560999999994237,26.505999999997584,1.054999999996653,0.03980230891106728
2026-08-07 22:21:00,20201.67,902.33,44669.98,49033.68,27.5309999999954,26.510999999998603,1.0199999999967986,0.03847459545082616
2026-08-07 22:22:00,20201.68,902.29,44670.02,49033.73,27.580999999998312,26.520999999997002,1.0600000000013097,0.03996832698621581
2026-08-07 22:23:00,20201.66,902.31,44670.02,49033.72,27.570999999996275,26.5309999999954,1.0400000000008731,0.03919942708533615
2026-08-07 22:24:00,20201.57,902.24,44670.0,49033.65,27.500999999996566,26.550999999995838,0.9500000000007276,0.03578019660279751
2026-08-07 22:25:00,20201.56,902.27,44670.08,49033.73,27.580999999998312,26.570999999996275,1.0100000000020373,0.0380113657747988
2026-08-07 22:26:00,20201.45,902.35,44670.08,49033.69,27.54099999999744,26.575999999997293,0.9650000000001455,0.036310957254675036
2026-08-07 22:27:00,20201.44,902.37,44670.11,49033.71,27.560999999994237,26.580999999998312,0.9799999999959255,0.036868439862909136
2026-08-07 22:28:00,20201.29,902.38,44670.07,49033.6,27.450999999993655,26.585999999995693,0.8649999999979627,0.03253592116144222
2026-08-07 22:29:00,20201.16,902.4,44669.93,49033.43,27.2809999999954,26.590999999993073,0.6900000000023283,0.025948629235549924
2026-08-07 22:30:00,20201.17,902.5,44669.98,49033.48,27.330999999998312,26.595999999994092,0.73500000000422,0.02763573469711172
2026-08-07 22:31:00,20201.1,902.64,44669.99,49033.46,27.310999999994237,26.60099999999511,0.7099999999991269,0.02669072591253176
2026-08-07 22:32:00,20200.98,902.74,44669.97,49033.39,27.24099999999453,26.60599999999613,0.6349999999983993,0.023866796963034342
2026-08-07 22:33:00,20201.12,902.71,44670.06,49033.53,27.380999999993946,26.610999999997148,0.7699999999967986,0.028935402652921015
2026-08-07 22:34:00,20201.13,902.67,44670.06,49033.53,27.380999999993946,26.610999999997148,0.7699999999967986,0.028935402652921015
2026-08-07 22:35:00,20201.19,902.72,44670.04,49033.55,27.40099999999802,26.610999999997148,0.7900000000008731,0.029686971553153123
2026-08-07 22:36:00,20201.28,902.83,44670.0,49033.56,27.410999999992782,26.610999999997148,0.7999999999956344,0.03006275600299576
2026-08-07 22:37:00,20201.45,902.65,44670.06,49033.67,27.520999999993364,26.610999999997148,0.9099999999962165,0.034196384953452105
2026-08-07 22:38:00,20201.56,902.62,44670.05,49033.72,27.570999999996275,26.61599999999453,0.9550000000017462,0.03588067327930352
2026-08-07 22:39:00,20201.76,902.66,44670.02,49033.77,27.62099999999191,26.62099999999191,1.0,0.03756432891327538
2026-08-07 22:40:00,20202.12,902.68,44670.06,49033.95,27.8009999999922,26.62099999999191,1.180000000000291,0.04432590811767588
2026-08-07 22:41:00,20202.38,902.8,44670.12,49034.11,27.960999999995693,26.62099999999191,1.3400000000037835,0.050336200743931137
2026-08-07 22:42:00,20202.16,902.85,44670.01,49033.92,27.770999999993364,26.625999999992928,1.1450000000004366,0.043003079696565034
2026-08-07 22:43:00,20202.09,902.86,44670.01,49033.91,27.760999999998603,26.630999999993946,1.1300000000046566,0.04243175246911169
2026-08-07 22:44:00,20201.7,902.78,44669.91,49033.65,27.500999999996566,26.630999999993946,0.8700000000026193,0.032668694378837335
2026-08-07 22:45:00,20201.42,902.64,44669.94,49033.56,27.410999999992782,26.630999999993946,0.7799999999988358,0.029289174270549855
2026-08-07 22:46:00,20201.09,902.51,44670.05,49033.51,27.360999999997148,26.650999999994383,0.7100000000027649,0.026640651382796688
2026-08-07 22:47:00,20200.83,902.42,44670.15,49033.5,27.35099999999511,26.67099999999482,0.680000000000291,0.025495856923265836
2026-08-07 22:48:00,20200.49,902.6,44670.15,49033.37,27.22099999999773,26.675999999995838,0.5450000000018917,0.020430349377791902
2026-08-07 22:49:00,20200.3,902.72,44670.14,49033.29,27.140999999995984,26.680999999996857,0.4599999999991269,0.017240733105924857
2026-08-07 22:50:00,20200.11,902.9,44670.14,49033.2,27.0509999999922,26.680999999996857,0.3699999999953434,0.013867546193747872
2026-08-07 22:51:00,20199.91,903.06,44670.15,49033.14,26.99099999999453,26.680999999996857,0.3099999999976717,0.011618754919145017
2026-08-07 22:52:00,20199.65,903.2,44670.12,49033.01,26.860999999997148,26.690999999995256,0.17000000000189175,0.0063691881159163004
2026-08-07 22:53:00,20199.42,903.29,44670.08,49032.88,26.73099999999249,26.700999999993655,0.029999999998835847,0.0011235534249220244
2026-08-07 22:54:00,20199.16,903.44,44670.08,49032.77,26.62099999999191,26.705999999994674,-0.08500000000276486,0.0031828053621950803
2026-08-07 22:55:00,20199.11,903.59,44670.11,49032.78,26.630999999993946,26.710999999995693,-0.08000000000174623,0.002995020778022505
2026-08-07 22:56:00,20199.18,903.67,44670.13,49032.82,26.67099999999482,26.71599999999671,-0.04500000000189175,0.0016843838898748797
2026-08-07 22:57:00,20199.35,903.59,44670.2,49032.96,26.810999999994237,26.72099999999773,0.08999999999650754,0.0033681374198763214
2026-08-07 22:58:00,20199.3,903.59,44670.18,49032.93,26.7809999999954,26.72099999999773,0.059999999997671694,0.0022454249465842144
2026-08-07 22:59:00,20199.25,903.58,44670.15,49032.87,26.72099999999773,26.72099999999773,0.0,0.0
2026-08-07 23:00:00,20199.33,903.54,44670.2,49032.95,26.8009999999922,26.72599999999511,0.07499999999708962,0.0028062560801131236
2026-08-07 23:01:00,20199.33,903.47,44670.21,49032.96,26.810999999994237,26.73099999999249,0.08000000000174623,0.002992779918512914
2026-08-07 23:02:00,20199.34,903.5,44670.26,49033.0,26.85099999999511,26.745999999995547,0.10499999999956344,0.003925820683451018
2026-08-07 23:03:00,20199.29,903.48,44670.23,49032.96,26.810999999994237,26.760999999998603,0.049999999995634425,0.0018683905682013765
2026-08-07 23:04:00,20199.25,903.46,44670.23,49032.95,26.8009999999922,26.770999999997002,0.029999999995197868,0.0011206155913190104
2026-08-07 23:05:00,20199.34,903.34,44670.3,49033.04,26.890999999995984,26.7809999999954,0.11000000000058208,0.004107389567252939
2026-08-07 23:06:00,20199.38,903.28,44670.35,49033.11,26.960999999995693,26.7809999999954,0.18000000000029104,0.006721182928207383
2026-08-07 23:07:00,20199.39,903.28,44670.37,49033.12,26.97099999999773,26.7809999999954,0.1900000000023283,0.007094581979849929
2026-08-07 23:08:00,20199.41,903.24,44670.36,49033.11,26.960999999995693,26.7809999999954,0.18000000000029104,0.006721182928207383
2026-08-07 23:09:00,20199.5,903.2,44670.35,49033.14,26.99099999999453,26.7809999999954,0.20999999999912689,0.007841380082863334
2026-08-07 23:10:00,20199.63,903.23,44670.36,49033.2,27.0509999999922,26.78599999999642,0.26499999999577994,0.00989322780541385
2026-08-07 23:11:00,20199.8,903.29,44670.4,49033.31,27.160999999992782,26.79099999999744,0.3699999999953434,0.013810608039840945
2026-08-07 23:12:00,20199.71,903.37,44670.32,49033.21,27.060999999994237,26.79099999999744,0.2699999999967986,0.010078011272323705
2026-08-07 23:13:00,20199.83,903.4,44670.36,49033.29,27.140999999995984,26.79099999999744,0.3499999999985448,0.01306408868644613
2026-08-07 23:14:00,20199.86,903.38,44670.34,49033.28,27.130999999993946,26.79599999999482,0.3349999999991269,0.012501865950111645
2026-08-07 23:15:00,20199.8,903.3,44670.29,49033.22,27.070999999996275,26.8009999999922,0.27000000000407454,0.010074250960940006
2026-08-07 23:16:00,20199.9,903.33,44670.4,49033.35,27.200999999993655,26.8009999999922,0.4000000000014552,0.014924816238258707
2026-08-07 23:17:00,20199.74,903.42,44670.36,49033.25,27.10099999999511,26.8009999999922,0.3000000000029104,0.0111936121787619
2026-08-07 23:18:00,20199.66,903.53,44670.38,49033.22,27.070999999996275,26.8009999999922,0.27000000000407454,0.010074250960940006
2026-08-07 23:19:00,20199.59,903.64,44670.35,49033.17,27.020999999993364,26.8009999999922,0.22000000000116415,0.008208648931055863
2026-08-07 23:20:00,20199.63,903.68,44670.37,49033.2,27.0509999999922,26.80599999999322,0.24499999999898137,0.0091397448332106
2026-08-07 23:21:00,20199.58,903.74,44670.38,49033.19,27.04099999999744,26.810999999994237,0.23000000000320142,0.008578568498125801
2026-08-07 23:22:00,20199.52,903.83,44670.35,49033.13,26.98099999999249,26.810999999994237,0.16999999999825377,0.006340681063678725
2026-08-07 23:23:00,20199.63,903.89,44670.4,49033.23,27.080999999998312,26.810999999994237,0.27000000000407454,0.010070493454333392
2026-08-07 23:24:00,20199.69,904.0,44670.36,49033.22,27.070999999996275,26.810999999994237,0.26000000000203727,0.009697512215213649
2026-08-07 23:25:00,20199.87,904.04,44670.42,49033.35,27.200999999993655,26.810999999994237,0.3899999999994179,0.014546268322684784
2026-08-07 23:26:00,20199.93,903.97,44670.43,49033.38,27.23099999999249,26.815999999995256,0.41499999999723514,0.015475835322095337
2026-08-07 23:27:00,20199.91,903.94,44670.46,49033.39,27.24099999999453,26.820999999996275,0.41999999999825377,0.01565937138802849
2026-08-07 23:28:00,20199.7,903.83,44670.43,49033.28,27.130999999993946,26.835999999995693,0.29499999999825377,0.010992696377936395
2026-08-07 23:29:00,20199.6,903.72,44670.49,49033.3,27.15099999999802,26.85099999999511,0.3000000000029104,0.011172768239654575
2026-08-07 23:30:00,20199.33,903.81,44670.42,49033.13,26.98099999999249,26.85099999999511,0.12999999999738066,0.004841532903705796
2026-08-07 23:31:00,20199.26,903.81,44670.48,49033.16,27.010999999998603,26.85099999999511,0.16000000000349246,0.0059588097278880335
2026-08-07 23:32:00,20199.16,903.88,44670.5,49033.13,26.98099999999249,26.85599999999613,0.12499999999636202,0.004654453380860144
2026-08-07 23:33:00,20199.11,903.98,44670.49,49033.1,26.950999999993655,26.860999999997148,0.08999999999650754,0.003350582628960839
2026-08-07 23:34:00,20199.1,904.07,44670.53,49033.13,26.98099999999249,26.860999999997148,0.11999999999534339,0.004467443505281119
2026-08-07 23:35:00,20198.9,904.35,44670.43,49032.97,26.820999999996275,26.860999999997148,-0.040000000000873115,0.0014891478351839976
2026-08-07 23:36:00,20198.76,904.49,44670.33,49032.83,26.680999999996857,26.875999999996566,-0.19499999999970896,0.007255543979748991
2026-08-07 23:37:00,20198.73,904.48,44670.35,49032.83,26.680999999996857,26.890999999995984,-0.20999999999912689,0.00780930422814913
2026-08-07 23:38:00,20198.83,904.51,44670.5,49033.01,26.860999999997148,26.895999999997002,-0.03499999999985448,0.0013013087447894995
2026-08-07 23:39:00,20198.86,904.49,44670.53,49033.05,26.90099999999802,26.90099999999802,0.0,0.0
2026-08-07 23:40:00,20198.71,904.57,44670.48,49032.93,26.7809999999954,26.925999999995838,-0.14500000000043656,0.005385129614516043
2026-08-07 23:41:00,20198.74,904.67,44670.47,49032.95,26.8009999999922,26.950999999993655,-0.1500000000014552,0.005565656190920207
2026-08-07 23:42:00,20198.56,904.82,44670.34,49032.76,26.610999999997148,26.955999999994674,-0.3449999999975262,0.012798634812197446
2026-08-07 23:43:00,20198.58,904.89,44670.33,49032.76,26.610999999997148,26.960999999995693,-0.3499999999985448,0.012981714328051657
2026-08-07 23:44:00,20198.46,904.94,44670.29,49032.66,26.510999999998603,26.960999999995693,-0.4499999999970896,0.016690775564599292
2026-08-07 23:45:00,20198.5,904.92,44670.35,49032.73,26.580999999998312,26.960999999995693,-0.37999999999738066,0.014094432698988961
2026-08-07 23:46:00,20198.46,904.96,44670.41,49032.77,26.62099999999191,26.960999999995693,-0.3400000000037835,0.012610808204585803
2026-08-07 23:47:00,20198.47,905.04,44670.38,49032.75,26.60099999999511,26.960999999995693,-0.3600000000005821,0.013352620451787381
2026-08-07 23:48:00,20198.42,905.02,44670.37,49032.72,26.570999999996275,26.96599999999671,-0.39500000000043656,0.014648075354167645
2026-08-07 23:49:00,20198.47,905.1,44670.39,49032.76,26.610999999997148,26.97099999999773,-0.3600000000005821,0.013347669719350872
2026-08-07 23:50:00,20198.32,905.24,44670.28,49032.59,26.440999999991618,26.97099999999773,-0.5300000000061118,0.01965073597590584
2026-08-07 23:51:00,20198.27,905.34,44670.21,49032.52,26.37099999999191,26.97099999999773,-0.6000000000058208,0.022246116199097967
2026-08-07 23:52:00,20198.27,905.42,44670.27,49032.58,26.430999999996857,26.97599999999511,-0.5449999999982538,0.020203143534932997
2026-08-07 23:53:00,20198.27,905.45,44670.34,49032.63,26.48099999999249,26.98099999999249,-0.5,0.018531559245400064
2026-08-07 23:54:00,20198.16,905.46,44670.35,49032.6,26.450999999993655,26.98099999999249,-0.5299999999988358,0.01964345280008092
2026-08-07 23:55:00,20198.1,905.56,44670.37,49032.59,26.440999999991618,26.98099999999249,-0.5400000000008731,0.02001408398506443
2026-08-07 23:56:00,20197.98,905.66,44670.32,49032.52,26.37099999999191,26.98099999999249,-0.6100000000005821,0.022608502279409654
2026-08-07 23:57:00,20198.07,905.67,44670.39,49032.61,26.460999999995693,26.98099999999249,-0.5199999999967986,0.019272821615097413
2026-08-07 23:58:00,20198.05,905.73,44670.42,49032.63,26.48099999999249,26.98099999999249,-0.5,0.018531559245400064
2026-08-07 23:59:00,20197.99,905.84,44670.44,49032.63,26.48099999999249,26.98099999999249,-0.5,0.018531559245400064
