timestamp,Bx,By,Bz,B_total,B_plasma_raw,B_plasma_baseline,delta_B,chi
2026-08-02 00:00:00,20200.2,904.06,44669.98,49033.14,25.442000000002736,25.9120000000039,-0.47000000000116415,0.01813831429457755
2026-08-02 00:01:00,20200.07,904.19,44669.9,49033.01,25.312000000005355,25.9120000000039,-0.5999999999985448,0.02315529484402804
2026-08-02 00:02:00,20200.08,904.37,44669.82,49032.95,25.252000000000407,25.9120000000039,-0.6600000000034925,0.0254708243286274
2026-08-02 00:03:00,20200.21,904.43,44669.8,49032.98,25.28200000000652,25.9120000000039,-0.6299999999973807,0.02431305958618732
2026-08-02 00:04:00,20200.53,904.03,44669.93,49033.21,25.512000000002445,25.9120000000039,-0.4000000000014552,0.015436863229445623
2026-08-02 00:05:00,20200.55,903.83,44670.03,49033.31,25.61200000000099,25.9120000000039,-0.3000000000029104,0.011577647422154416
2026-08-02 00:06:00,20200.52,903.66,44670.02,49033.29,25.59200000000419,25.90700000000288,-0.3149999999986903,0.012158875979413104
2026-08-02 00:07:00,20200.29,903.63,44670.01,49033.22,25.522000000004482,25.902000000001863,-0.37999999999738066,0.014670681800530976
2026-08-02 00:08:00,20200.75,903.63,44670.06,49033.43,25.73200000000361,25.892000000003463,-0.15999999999985448,0.006179514908073269
2026-08-02 00:09:00,20200.87,903.74,44670.0,49033.43,25.73200000000361,25.882000000005064,-0.1500000000014552,0.005795533575512937
2026-08-02 00:10:00,20200.77,903.75,44669.93,49033.33,25.632000000005064,25.877000000004045,-0.24499999999898137,0.009467867217951967
2026-08-02 00:11:00,20200.82,903.67,44669.99,49033.4,25.702000000004773,25.872000000003027,-0.16999999999825377,0.00657081014217045
2026-08-02 00:12:00,20200.97,904.03,44669.91,49033.39,25.692000000002736,25.867000000002008,-0.1749999999992724,0.006765376734807238
2026-08-02 00:13:00,20200.93,904.22,44669.82,49033.29,25.59200000000419,25.86200000000099,-0.2699999999967986,0.010440027839950052
2026-08-02 00:14:00,20200.85,904.22,44669.78,49033.22,25.522000000004482,25.86200000000099,-0.33999999999650754,0.013146701724402387
2026-08-02 00:15:00,20201.01,904.05,44669.87,49033.36,25.6620000000039,25.86200000000099,-0.19999999999708962,0.0077333539554977175
2026-08-02 00:16:00,20201.23,904.13,44669.87,49033.44,25.742000000005646,25.85200000000259,-0.1099999999969441,0.00425498994263241
2026-08-02 00:17:00,20201.38,904.21,44669.79,49033.45,25.752000000000407,25.84200000000419,-0.0900000000037835,0.0034827025773457513
2026-08-02 00:18:00,20201.25,904.13,44669.79,49033.39,25.692000000002736,25.837000000003172,-0.14500000000043656,0.005612106668747097
2026-08-02 00:19:00,20201.32,904.14,44669.85,49033.45,25.752000000000407,25.832000000002154,-0.08000000000174623,0.0030969340353723895
2026-08-02 00:20:00,20201.51,904.16,44669.81,49033.5,25.802000000003318,25.827000000001135,-0.024999999997817213,0.0009679792464403963
2026-08-02 00:21:00,20201.44,904.15,44669.82,49033.48,25.78200000000652,25.822000000000116,-0.03999999999359716,0.0015490666870729213
2026-08-02 00:22:00,20201.29,904.34,44669.78,49033.39,25.692000000002736,25.812000000001717,-0.11999999999898137,0.004649000464860274
2026-08-02 00:23:00,20201.53,904.56,44669.75,49033.46,25.762000000002445,25.802000000003318,-0.040000000000873115,0.0015502674211637845
2026-08-02 00:24:00,20202.23,904.43,44669.7,49033.71,26.012000000002445,25.79200000000492,0.21999999999752617,0.008529776674840424
2026-08-02 00:25:00,20201.23,904.63,44669.6,49033.21,25.512000000002445,25.78200000000652,-0.27000000000407454,0.01047242262058825
2026-08-02 00:26:00,20201.81,904.16,44669.77,49033.61,25.9120000000039,25.772000000004482,0.13999999999941792,0.005432252056471891
2026-08-02 00:27:00,20202.49,904.72,44669.72,49033.84,26.141999999999825,25.762000000002445,0.37999999999738066,0.014750407576948397
2026-08-02 00:28:00,20201.34,905.27,44669.3,49033.0,25.302000000003318,25.757000000001426,-0.45499999999810825,0.017665100749236443
2026-08-02 00:29:00,20201.73,904.48,44669.59,49033.42,25.72200000000157,25.752000000000407,-0.029999999998835847,0.0011649580614645609
2026-08-02 00:30:00,20202.2,904.74,44669.65,49033.66,25.96200000000681,25.752000000000407,0.21000000000640284,0.008154706430817005
2026-08-02 00:31:00,20201.76,904.88,44669.43,49033.29,25.59200000000419,25.752000000000407,-0.1599999999962165,0.006213109661238505
2026-08-02 00:32:00,20201.61,904.63,44669.6,49033.37,25.672000000005937,25.747000000003027,-0.07499999999708962,0.002912960733175935
2026-08-02 00:33:00,20201.73,905.18,44669.5,49033.34,25.641999999999825,25.742000000005646,-0.10000000000582077,0.003884702043578542
2026-08-02 00:34:00,20201.72,905.14,44669.38,49033.26,25.562000000005355,25.742000000005646,-0.18000000000029104,0.006992463678045667
2026-08-02 00:35:00,20201.82,904.73,44669.56,49033.44,25.742000000005646,25.742000000005646,0.0,0.0
2026-08-02 00:36:00,20201.7,904.97,44669.52,49033.36,25.6620000000039,25.737000000004628,-0.0750000000007276,0.0029140925516071845
2026-08-02 00:37:00,20201.88,905.27,44669.48,49033.4,25.702000000004773,25.73200000000361,-0.029999999998835847,0.00116586351619896
2026-08-02 00:38:00,20201.69,905.53,44669.39,49033.25,25.552000000003318,25.73200000000361,-0.18000000000029104,0.0069951810974765195
2026-08-02 00:39:00,20201.18,905.63,44669.34,49033.0,25.302000000003318,25.73200000000361,-0.43000000000029104,0.01671071039951153
2026-08-02 00:40:00,20201.14,905.48,44669.42,49033.05,25.352000000006228,25.72700000000259,-0.374999999996362,0.014576126248545275
2026-08-02 00:41:00,20201.6,905.34,44669.54,49033.35,25.652000000001863,25.72200000000157,-0.06999999999970896,0.0027214058004705966
2026-08-02 00:42:00,20201.35,905.57,44669.48,49033.2,25.502000000000407,25.712000000003172,-0.21000000000276486,0.008167392657231601
2026-08-02 00:43:00,20200.9,905.84,44669.43,49032.97,25.272000000004482,25.702000000004773,-0.43000000000029104,0.016730215547436433
2026-08-02 00:44:00,20201.17,905.55,44669.53,49033.17,25.47200000000157,25.702000000004773,-0.23000000000320142,0.008948719944096128
2026-08-02 00:45:00,20201.2,905.47,44669.57,49033.22,25.522000000004482,25.702000000004773,-0.18000000000029104,0.0070033460431195085
2026-08-02 00:46:00,20200.62,905.9,44669.47,49032.9,25.202000000004773,25.697000000003754,-0.49499999999898137,0.01926294898232903
2026-08-02 00:47:00,20200.4,905.75,44669.5,49032.82,25.122000000003027,25.692000000002736,-0.569999999999709,0.022185894441835913
2026-08-02 00:48:00,20200.7,905.5,44669.66,49033.09,25.391999999999825,25.692000000002736,-0.3000000000029104,0.011676786548453933
2026-08-02 00:49:00,20200.9,905.74,44669.69,49033.19,25.492000000005646,25.692000000002736,-0.19999999999708962,0.007784524365447155
2026-08-02 00:50:00,20200.56,906.11,44669.54,49032.92,25.22200000000157,25.692000000002736,-0.47000000000116415,0.018293632259112336
2026-08-02 00:51:00,20200.74,905.85,44669.62,49033.07,25.372000000003027,25.692000000002736,-0.31999999999970896,0.012455238984885368
2026-08-02 00:52:00,20201.02,905.78,44669.69,49033.25,25.552000000003318,25.682000000004336,-0.13000000000101863,0.005061911066155155
2026-08-02 00:53:00,20200.8,906.13,44669.59,49033.08,25.382000000005064,25.672000000005937,-0.2900000000008731,0.011296354004394127
2026-08-02 00:54:00,20200.71,906.42,44669.51,49032.98,25.28200000000652,25.66700000000492,-0.3849999999983993,0.01499980519726986
2026-08-02 00:55:00,20200.61,906.5,44669.47,49032.9,25.202000000004773,25.6620000000039,-0.4599999999991269,0.0179253370742365
2026-08-02 00:56:00,20201.03,906.54,44669.5,49033.11,25.4120000000039,25.6620000000039,-0.25,0.009742031018625284
2026-08-02 00:57:00,20201.03,906.69,44669.47,49033.07,25.372000000003027,25.6620000000039,-0.2900000000008731,0.011300755981639352
2026-08-02 00:58:00,20201.02,906.72,44669.45,49033.06,25.36200000000099,25.6620000000039,-0.3000000000029104,0.011690437222463752
2026-08-02 00:59:00,20201.54,906.61,44669.55,49033.36,25.6620000000039,25.6620000000039,0.0,0.0
2026-08-02 01:00:00,20201.93,906.59,44669.55,49033.52,25.822000000000116,25.65700000000288,0.16499999999723514,0.0064309934909465875
2026-08-02 01:01:00,20201.97,906.44,44669.58,49033.56,25.86200000000099,25.652000000001863,0.20999999999912689,0.008186496179600485
2026-08-02 01:02:00,20201.97,906.18,44669.67,49033.63,25.9320000000007,25.647000000000844,0.2849999999998545,0.01111241080827563
2026-08-02 01:03:00,20202.19,906.22,44669.67,49033.73,26.03200000000652,25.641999999999825,0.3900000000066939,0.01520942204222356
2026-08-02 01:04:00,20202.16,906.41,44669.6,49033.64,25.942000000002736,25.637000000002445,0.30500000000029104,0.011896867808256112
2026-08-02 01:05:00,20201.93,906.33,44669.61,49033.56,25.86200000000099,25.632000000005064,0.22999999999592546,0.008973158551649502
2026-08-02 01:06:00,20201.92,906.11,44669.73,49033.66,25.96200000000681,25.622000000003027,0.3400000000037835,0.013269846226045715
2026-08-02 01:07:00,20202.01,905.92,44669.82,49033.79,26.09200000000419,25.61200000000099,0.4800000000032014,0.018741215055567036
2026-08-02 01:08:00,20201.8,906.27,44669.71,49033.61,25.9120000000039,25.60200000000259,0.3100000000013097,0.012108429029032041
2026-08-02 01:09:00,20201.76,906.52,44669.63,49033.54,25.84200000000419,25.59200000000419,0.25,0.009768677711783334
2026-08-02 01:10:00,20201.88,906.49,44669.64,49033.6,25.902000000001863,25.59200000000419,0.3099999999976717,0.012113160362520355
2026-08-02 01:11:00,20202.01,906.78,44669.6,49033.61,25.9120000000039,25.59200000000419,0.31999999999970896,0.012503907471071295
2026-08-02 01:12:00,20201.97,906.96,44669.59,49033.58,25.882000000005064,25.59200000000419,0.2900000000008731,0.011331666145702784
2026-08-02 01:13:00,20202.01,907.11,44669.57,49033.57,25.872000000003027,25.59200000000419,0.27999999999883585,0.010940919037151844
2026-08-02 01:14:00,20202.22,907.14,44669.55,49033.65,25.952000000004773,25.587000000003172,0.3650000000016007,0.014265056474051489
2026-08-02 01:15:00,20202.34,907.29,44669.51,49033.67,25.97200000000157,25.582000000002154,0.3899999999994179,0.015245094206840164
2026-08-02 01:16:00,20202.46,907.26,44669.55,49033.75,26.052000000003318,25.572000000003754,0.47999999999956344,0.018770530267460228
2026-08-02 01:17:00,20202.33,906.98,44669.6,49033.75,26.052000000003318,25.562000000005355,0.48999999999796273,0.01916907910170801
2026-08-02 01:18:00,20202.37,906.75,44669.71,49033.87,26.172000000005937,25.562000000005355,0.6100000000005821,0.023863547453268692
2026-08-02 01:19:00,20202.82,906.67,44669.81,49034.13,26.4320000000007,25.562000000005355,0.8699999999953434,0.03403489554788988
2026-08-02 01:20:00,20203.19,906.45,44669.85,49034.32,26.622000000003027,25.557000000004336,1.0649999999986903,0.041671557694506776
2026-08-02 01:21:00,20203.05,906.62,44669.82,49034.23,26.53200000000652,25.552000000003318,0.9800000000032014,0.0383531621792061
2026-08-02 01:22:00,20203.16,906.42,44669.83,49034.28,26.582000000002154,25.552000000003318,1.0299999999988358,0.04030995616776386
2026-08-02 01:23:00,20203.34,906.23,44669.9,49034.41,26.71200000000681,25.552000000003318,1.1600000000034925,0.04539762053864049
2026-08-02 01:24:00,20203.26,906.29,44669.94,49034.41,26.71200000000681,25.54200000000492,1.1700000000018917,0.04580690627208779
2026-08-02 01:25:00,20203.37,906.23,44669.91,49034.42,26.72200000000157,25.53200000000652,1.1899999999950523,0.04660817797253441
2026-08-02 01:26:00,20203.2,906.24,44669.93,49034.36,26.6620000000039,25.5270000000055,1.1349999999983993,0.04446272574129959
2026-08-02 01:27:00,20203.15,906.25,44669.93,49034.36,26.6620000000039,25.522000000004482,1.139999999999418,0.04466734581926251
2026-08-02 01:28:00,20203.18,906.4,44669.87,49034.32,26.622000000003027,25.522000000004482,1.0999999999985448,0.04310007052732355
2026-08-02 01:29:00,20203.19,906.48,44669.86,49034.32,26.622000000003027,25.522000000004482,1.0999999999985448,0.04310007052732355
2026-08-02 01:30:00,20203.23,906.64,44669.82,49034.31,26.61200000000099,25.522000000004482,1.0899999999965075,0.042708251704267536
2026-08-02 01:31:00,20203.61,906.85,44669.81,49034.44,26.742000000005646,25.522000000004482,1.2200000000011642,0.04780189640314043
2026-08-02 01:32:00,20203.72,906.91,44669.76,49034.44,26.742000000005646,25.517000000003463,1.2250000000021828,0.048007210879100856
2026-08-02 01:33:00,20203.7,907.21,44669.69,49034.37,26.672000000005937,25.512000000002445,1.1600000000034925,0.04546879899668318
2026-08-02 01:34:00,20204.01,907.54,44669.59,49034.42,26.72200000000157,25.512000000002445,1.2099999999991269,0.04742866102222527
2026-08-02 01:35:00,20204.24,907.6,44669.51,49034.44,26.742000000005646,25.512000000002445,1.2300000000032014,0.04821260583267026
2026-08-02 01:36:00,20204.09,907.66,44669.5,49034.37,26.672000000005937,25.507000000001426,1.165000000004511,0.04567373662149394
2026-08-02 01:37:00,20204.43,907.38,44669.61,49034.6,26.902000000001863,25.502000000000407,1.4000000000014552,0.0548976550859318
2026-08-02 01:38:00,20204.81,906.99,44669.75,49034.88,27.1820000000007,25.497000000003027,1.6849999999976717,0.06608620622024049
2026-08-02 01:39:00,20204.73,906.9,44669.76,49034.84,27.141999999999825,25.492000000005646,1.6499999999941792,0.06472618860794813
2026-08-02 01:40:00,20204.55,906.71,44669.78,49034.79,27.09200000000419,25.492000000005646,1.5999999999985448,0.06276478895332616
2026-08-02 01:41:00,20204.26,906.22,44669.94,49034.81,27.11200000000099,25.492000000005646,1.6199999999953434,0.06354934881511787
2026-08-02 01:42:00,20203.91,906.15,44670.03,49034.74,27.04200000000128,25.48200000000361,1.5599999999976717,0.06121968448306454
2026-08-02 01:43:00,20203.73,906.25,44670.08,49034.73,27.03200000000652,25.47200000000157,1.5600000000049477,0.061243718593155284
2026-08-02 01:44:00,20203.69,906.73,44670.02,49034.66,26.96200000000681,25.457000000002154,1.5050000000046566,0.0591192992106112
2026-08-02 01:45:00,20203.83,906.93,44669.92,49034.64,26.942000000002736,25.442000000002736,1.5,0.05895762911720143
2026-08-02 01:46:00,20203.76,907.03,44669.87,49034.57,26.872000000003027,25.427000000003318,1.444999999999709,0.05682935462301964
2026-08-02 01:47:00,20203.81,906.87,44669.94,49034.65,26.952000000004773,25.4120000000039,1.5400000000008731,0.06060129072881461
2026-08-02 01:48:00,20203.67,907.24,44669.85,49034.53,26.832000000002154,25.402000000001863,1.430000000000291,0.056294779938594844
2026-08-02 01:49:00,20203.77,907.69,44669.74,49034.47,26.772000000004482,25.391999999999825,1.3800000000046566,0.05434782608714028
2026-08-02 01:50:00,20204.05,907.87,44669.68,49034.52,26.822000000000116,25.387000000002445,1.4349999999976717,0.056524993106611
2026-08-02 01:51:00,20204.08,907.61,44669.74,49034.58,26.882000000005064,25.382000000005064,1.5,0.05909699787249629
2026-08-02 01:52:00,20203.76,907.46,44669.85,49034.53,26.832000000002154,25.377000000004045,1.4549999999981083,0.05733538243282801
2026-08-02 01:53:00,20203.6,907.57,44669.88,49034.5,26.802000000003318,25.372000000003027,1.430000000000291,0.05636134321299545
2026-08-02 01:54:00,20203.69,907.81,44669.84,49034.51,26.812000000005355,25.372000000003027,1.4400000000023283,0.0567554784802994
2026-08-02 01:55:00,20203.87,907.88,44669.8,49034.56,26.86200000000099,25.372000000003027,1.4899999999979627,0.058726154816245664
2026-08-02 01:56:00,20203.88,908.01,44669.79,49034.53,26.832000000002154,25.367000000002008,1.4650000000001455,0.05775219773721881
2026-08-02 01:57:00,20203.7,908.0,44669.77,49034.45,26.752000000000407,25.36200000000099,1.389999999999418,0.054806403280473294
2026-08-02 01:58:00,20203.47,908.18,44669.78,49034.37,26.672000000005937,25.35700000000361,1.3150000000023283,0.051859447095561034
2026-08-02 01:59:00,20203.41,908.34,44669.77,49034.33,26.632000000005064,25.352000000006228,1.2799999999988358,0.05048911328488961
2026-08-02 02:00:00,20203.34,908.37,44669.77,49034.31,26.61200000000099,25.33200000000579,1.2799999999951979,0.050528975209020416
2026-08-02 02:01:00,20203.17,908.25,44669.86,49034.32,26.622000000003027,25.312000000005355,1.3099999999976717,0.051754108723032335
2026-08-02 02:02:00,20203.23,908.59,44669.86,49034.35,26.652000000001863,25.307000000004336,1.3449999999975262,0.05314735053531812
2026-08-02 02:03:00,20203.39,908.73,44669.81,49034.36,26.6620000000039,25.302000000003318,1.360000000000582,0.05375069164494521
2026-08-02 02:04:00,20203.39,908.83,44669.75,49034.34,26.641999999999825,25.302000000003318,1.3399999999965075,0.05296024029706473
2026-08-02 02:05:00,20203.54,908.75,44669.84,49034.46,26.762000000002445,25.302000000003318,1.4599999999991269,0.05770294838348492
2026-08-02 02:06:00,20203.78,908.97,44669.79,49034.54,26.84200000000419,25.29200000000492,1.5499999999992724,0.06128420053767875
2026-08-02 02:07:00,20204.11,909.04,44669.78,49034.68,26.98200000000361,25.28200000000652,1.6999999999970896,0.06724151570273915
2026-08-02 02:08:00,20204.42,909.26,44669.74,49034.76,27.062000000005355,25.28200000000652,1.7799999999988358,0.07040582232411902
2026-08-02 02:09:00,20204.68,909.26,44669.71,49034.84,27.141999999999825,25.28200000000652,1.8599999999933061,0.07357012894521107
2026-08-02 02:10:00,20204.92,909.21,44669.76,49034.99,27.29200000000128,25.2770000000055,2.01499999999578,0.07971673853682563
2026-08-02 02:11:00,20205.01,908.95,44669.87,49035.1,27.402000000001863,25.272000000004482,2.1299999999973807,0.08428300094954902
2026-08-02 02:12:00,20205.06,909.03,44669.84,49035.1,27.402000000001863,25.262000000002445,2.139999999999418,0.08471221597653435
2026-08-02 02:13:00,20205.06,909.2,44669.78,49035.05,27.352000000006228,25.252000000000407,2.1000000000058208,0.08316172976420826
2026-08-02 02:14:00,20205.16,909.17,44669.78,49035.09,27.391999999999825,25.23700000000099,2.154999999998836,0.08539049807816901
2026-08-02 02:15:00,20205.47,908.9,44669.87,49035.3,27.602000000006228,25.22200000000157,2.3800000000046566,0.09436206486418636
2026-08-02 02:16:00,20205.54,908.59,44669.96,49035.39,27.692000000002736,25.212000000003172,2.4799999999995634,0.0983658575281315
2026-08-02 02:17:00,20205.33,908.46,44670.04,49035.37,27.672000000005937,25.202000000004773,2.470000000001164,0.09800809459569464
2026-08-02 02:18:00,20205.21,908.46,44670.07,49035.36,27.6620000000039,25.202000000004773,2.459999999999127,0.09761130069036826
2026-08-02 02:19:00,20205.25,908.41,44670.15,49035.44,27.742000000005646,25.202000000004773,2.540000000000873,0.10078565193240188
2026-08-02 02:20:00,20205.28,908.64,44670.15,49035.45,27.752000000000407,25.1620000000039,2.5899999999965075,0.1029329941974448
2026-08-02 02:21:00,20205.27,908.72,44670.08,49035.39,27.692000000002736,25.122000000003027,2.569999999999709,0.10230077223148631
2026-08-02 02:22:00,20205.28,908.63,44670.04,49035.36,27.6620000000039,25.077000000004773,2.584999999999127,0.10308250588182936
2026-08-02 02:23:00,20205.22,908.67,44670.11,49035.39,27.692000000002736,25.03200000000652,2.6599999999962165,0.10626398210272946
2026-08-02 02:24:00,20205.26,908.72,44670.14,49035.43,27.73200000000361,24.952000000004773,2.779999999998836,0.11141391471618724
2026-08-02 02:25:00,20205.48,908.87,44670.14,49035.53,27.832000000002154,24.872000000003027,2.959999999999127,0.11900932775807199
2026-08-02 02:26:00,20205.53,908.83,44670.14,49035.53,27.832000000002154,24.72700000000259,3.1049999999995634,0.12557123791803446
2026-08-02 02:27:00,20205.47,908.87,44670.16,49035.54,27.84200000000419,24.582000000002154,3.2600000000020373,0.1326173622976874
2026-08-02 02:28:00,20205.48,908.86,44670.14,49035.54,27.84200000000419,24.48200000000361,3.360000000000582,0.13724368924107863
2026-08-02 02:29:00,20205.53,908.98,44670.11,49035.54,27.84200000000419,24.382000000005064,3.459999999999127,0.14190796489206825
2026-08-02 02:30:00,20205.81,908.9,44670.14,49035.68,27.98200000000361,24.237000000004628,3.7449999999989814,0.15451582291530577
2026-08-02 02:31:00,20205.9,908.74,44670.17,49035.74,28.04200000000128,24.09200000000419,3.9499999999970896,0.16395483978069078
2026-08-02 02:32:00,20205.79,908.85,44670.18,49035.7,28.002000000000407,24.0470000000023,3.9549999999981083,0.16446958040494575
2026-08-02 02:33:00,20205.82,908.8,44670.19,49035.72,28.022000000004482,24.002000000000407,4.0200000000040745,0.1674860428299311
2026-08-02 02:34:00,20205.85,908.73,44670.22,49035.76,28.062000000005355,23.957000000002154,4.105000000003201,0.1713486663606809
2026-08-02 02:35:00,20206.0,908.61,44670.24,49035.85,28.152000000001863,23.9120000000039,4.239999999997963,0.1773168283705784
2026-08-02 02:36:00,20205.83,908.63,44670.25,49035.78,28.082000000002154,23.822000000003754,4.259999999998399,0.1788262950213134
2026-08-02 02:37:00,20205.69,908.65,44670.26,49035.72,28.022000000004482,23.73200000000361,4.290000000000873,0.1807685825046444
2026-08-02 02:38:00,20205.77,908.57,44670.33,49035.81,28.11200000000099,23.682000000004336,4.429999999996653,0.18706190355526736
2026-08-02 02:39:00,20205.73,908.57,44670.37,49035.83,28.132000000005064,23.632000000005064,4.5,0.19041976980361525
2026-08-02 02:40:00,20205.65,908.77,44670.3,49035.74,28.04200000000128,23.59200000000419,4.44999999999709,0.1886232621225966
2026-08-02 02:41:00,20205.7,908.6,44670.32,49035.78,28.082000000002154,23.552000000003318,4.529999999998836,0.19234035326079305
2026-08-02 02:42:00,20205.68,908.6,44670.34,49035.79,28.09200000000419,23.4220000000023,4.670000000001892,0.1993851934079683
2026-08-02 02:43:00,20205.73,908.54,44670.38,49035.84,28.141999999999825,23.29200000000128,4.849999999998545,0.20822600034339164
2026-08-02 02:44:00,20205.61,908.39,44670.43,49035.84,28.141999999999825,23.252000000004045,4.88999999999578,0.2103044899361315
2026-08-02 02:45:00,20205.45,908.43,44670.47,49035.81,28.11200000000099,23.21200000000681,4.899999999994179,0.21109770808171383
2026-08-02 02:46:00,20205.74,908.57,44670.44,49035.91,28.21200000000681,23.177000000003318,5.0350000000034925,0.21724123053038666
2026-08-02 02:47:00,20205.72,908.52,44670.47,49035.93,28.23200000000361,23.141999999999825,5.0900000000037835,0.21994641776872448
2026-08-02 02:48:00,20205.41,908.48,44670.46,49035.8,28.102000000006228,23.077000000001135,5.025000000005093,0.2177492741692961
2026-08-02 02:49:00,20205.1,908.5,44670.46,49035.68,27.98200000000361,23.012000000002445,4.970000000001164,0.21597427429170155
2026-08-02 02:50:00,20205.18,908.61,44670.5,49035.75,28.052000000003318,22.822000000003754,5.229999999999563,0.22916484094289297
2026-08-02 02:51:00,20205.22,908.52,44670.57,49035.83,28.132000000005064,22.632000000005064,5.5,0.24301873453511705
2026-08-02 02:52:00,20205.27,908.59,44670.55,49035.83,28.132000000005064,22.547000000005937,5.584999999999127,0.24770479442931015
2026-08-02 02:53:00,20205.12,908.77,44670.53,49035.74,28.04200000000128,22.46200000000681,5.57999999999447,0.24841955302256158
2026-08-02 02:54:00,20205.15,908.84,44670.48,49035.71,28.012000000002445,22.327000000004773,5.684999999997672,0.254624445738185
2026-08-02 02:55:00,20205.57,908.45,44670.72,49036.09,28.391999999999825,22.192000000002736,6.19999999999709,0.2793799567410024
2026-08-02 02:56:00,20205.57,909.82,44670.29,49035.72,28.022000000004482,22.187000000001717,5.835000000002765,0.2629918420697847
2026-08-02 02:57:00,20206.11,908.52,44670.58,49036.2,28.502000000000407,22.1820000000007,6.319999999999709,0.2849156974122942
2026-08-02 02:58:00,20205.93,908.82,44670.59,49036.14,28.442000000002736,22.147000000000844,6.295000000001892,0.2842371427282093
2026-08-02 02:59:00,20205.81,909.03,44670.5,49036.01,28.312000000005355,22.11200000000099,6.200000000004366,0.28039073806096637
2026-08-02 03:00:00,20205.91,908.74,44670.59,49036.13,28.4320000000007,22.087000000003172,6.344999999997526,0.287273056548948
2026-08-02 03:01:00,20205.93,908.81,44670.62,49036.17,28.47200000000157,22.062000000005355,6.4099999999962165,0.29054482821116223
2026-08-02 03:02:00,20205.84,908.86,44670.6,49036.13,28.4320000000007,22.017000000003463,6.414999999997235,0.29136576281946797
2026-08-02 03:03:00,20205.72,908.72,44670.65,49036.12,28.422000000005937,21.97200000000157,6.450000000004366,0.2935554341891455
2026-08-02 03:04:00,20205.75,908.85,44670.68,49036.15,28.452000000004773,21.73700000000099,6.7150000000037835,0.30892027418703033
2026-08-02 03:05:00,20205.77,908.98,44670.64,49036.13,28.4320000000007,21.502000000000407,6.930000000000291,0.3222956004092717
2026-08-02 03:06:00,20205.95,908.74,44670.73,49036.27,28.572000000000116,21.47700000000259,7.094999999997526,0.3303534013128775
2026-08-02 03:07:00,20205.79,908.87,44670.72,49036.2,28.502000000000407,21.452000000004773,7.049999999995634,0.3286406861828298
2026-08-02 03:08:00,20205.62,908.84,44670.73,49036.13,28.4320000000007,21.327000000004773,7.1049999999959255,0.33314577765247505
2026-08-02 03:09:00,20205.6,908.97,44670.78,49036.18,28.48200000000361,21.452000000004773,7.029999999998836,0.32770837217962295
2026-08-02 03:10:00,20205.98,908.98,44670.8,49036.37,28.672000000005937,21.47700000000259,7.195000000003347,0.33500954509486797
2026-08-02 03:11:00,20206.24,909.03,44670.79,49036.47,28.772000000004482,21.502000000000407,7.2700000000040745,0.33810808296920924
2026-08-02 03:12:00,20206.34,909.07,44670.77,49036.48,28.78200000000652,21.6820000000007,7.100000000005821,0.3274605663686741
2026-08-02 03:13:00,20206.51,909.1,44670.8,49036.58,28.882000000005064,21.86200000000099,7.0200000000040745,0.3211051138964302
2026-08-02 03:14:00,20206.61,909.27,44670.75,49036.56,28.86200000000099,21.91700000000128,6.944999999999709,0.31687730985076895
2026-08-02 03:15:00,20206.77,909.2,44670.76,49036.62,28.922000000005937,21.97200000000157,6.950000000004366,0.316311669397591
2026-08-02 03:16:00,20206.91,909.18,44670.79,49036.7,29.002000000000407,22.017000000003463,6.984999999996944,0.3172548485259502
2026-08-02 03:17:00,20207.09,909.19,44670.77,49036.78,29.082000000002154,22.062000000005355,7.019999999996799,0.31819418003785216
2026-08-02 03:18:00,20207.35,908.89,44670.93,49036.99,29.29200000000128,22.087000000003172,7.204999999998108,0.3262099877754821
2026-08-02 03:19:00,20207.27,908.63,44671.07,49037.09,29.391999999999825,22.11200000000099,7.279999999998836,0.3292329956583986
2026-08-02 03:20:00,20206.83,908.61,44671.07,49036.92,29.22200000000157,22.147000000000844,7.075000000000728,0.3194563597778687
2026-08-02 03:21:00,20206.51,908.45,44671.15,49036.87,29.172000000005937,22.1820000000007,6.990000000005239,0.3151203678660634
2026-08-02 03:22:00,20206.31,908.21,44671.29,49036.91,29.21200000000681,22.187000000001717,7.025000000005093,0.3166268535631022
2026-08-02 03:23:00,20205.93,908.27,44671.35,49036.8,29.102000000006228,22.192000000002736,6.9100000000034925,0.31137346791648524
2026-08-02 03:24:00,20205.61,908.42,44671.32,49036.67,28.97200000000157,22.327000000004773,6.644999999996799,0.2976217136200734
2026-08-02 03:25:00,20205.54,908.55,44671.43,49036.72,29.022000000004482,22.46200000000681,6.559999999997672,0.2920487935177492
2026-08-02 03:26:00,20205.54,908.61,44671.48,49036.77,29.072000000000116,22.547000000005937,6.524999999994179,0.28939548498658185
2026-08-02 03:27:00,20205.64,908.97,44671.47,49036.82,29.122000000003027,22.632000000005064,6.489999999997963,0.2867621067513481
2026-08-02 03:28:00,20205.64,909.19,44671.44,49036.79,29.09200000000419,22.822000000003754,6.270000000000437,0.2747349049162828
2026-08-02 03:29:00,20205.76,909.48,44671.4,49036.81,29.11200000000099,23.012000000002445,6.099999999998545,0.265079089170776
2026-08-02 03:30:00,20206.04,909.69,44671.42,49036.93,29.23200000000361,23.077000000001135,6.155000000002474,0.2667157776141687
2026-08-02 03:31:00,20206.13,909.62,44671.44,49037.0,29.302000000003318,23.141999999999825,6.1600000000034925,0.2661826981247748
2026-08-02 03:32:00,20206.13,909.93,44671.4,49036.97,29.272000000004482,23.177000000003318,6.095000000001164,0.2629762264313885
2026-08-02 03:33:00,20205.93,909.95,44671.41,49036.9,29.202000000004773,23.21200000000681,5.989999999997963,0.2580561778388853
2026-08-02 03:34:00,20205.88,909.77,44671.45,49036.92,29.22200000000157,23.252000000004045,5.969999999997526,0.2567521073454536
2026-08-02 03:35:00,20205.89,909.72,44671.61,49037.08,29.382000000005064,23.21200000000681,6.169999999998254,0.2658107875235414
2026-08-02 03:36:00,20205.5,909.72,44671.68,49036.97,29.272000000004482,23.177000000003318,6.095000000001164,0.2629762264313885
2026-08-02 03:37:00,20205.07,910.16,44671.8,49036.92,29.22200000000157,23.141999999999825,6.080000000001746,0.26272577996723673
2026-08-02 03:38:00,20204.77,910.21,44671.84,49036.83,29.132000000005064,23.077000000001135,6.055000000003929,0.2623824587252949
2026-08-02 03:39:00,20204.79,910.5,44671.85,49036.86,29.1620000000039,23.012000000002445,6.150000000001455,0.26725186859033556
2026-08-02 03:40:00,20204.73,910.87,44671.84,49036.81,29.11200000000099,23.077000000001135,6.0349999999998545,0.261515794947331
2026-08-02 03:41:00,20204.75,911.23,44671.83,49036.82,29.122000000003027,23.141999999999825,5.980000000003201,0.2584046322704713
2026-08-02 03:42:00,20204.86,911.36,44671.9,49036.93,29.23200000000361,23.177000000003318,6.055000000000291,0.26125037752942243
2026-08-02 03:43:00,20205.15,911.67,44671.91,49037.05,29.352000000006228,23.21200000000681,6.139999999999418,0.264518352576151
2026-08-02 03:44:00,20205.74,911.94,44671.82,49037.23,29.53200000000652,23.252000000004045,6.280000000002474,0.2700842938242466
2026-08-02 03:45:00,20206.13,911.95,44671.89,49037.43,29.73200000000361,23.29200000000128,6.440000000002328,0.27648978189944934
2026-08-02 03:46:00,20206.24,911.77,44671.9,49037.51,29.812000000005355,23.34700000000157,6.4650000000037835,0.276909238874517
2026-08-02 03:47:00,20206.47,911.65,44672.02,49037.72,30.022000000004482,23.402000000001863,6.620000000002619,0.28288180497402327
2026-08-02 03:48:00,20206.87,911.49,44672.12,49037.97,30.272000000004482,23.47700000000259,6.795000000001892,0.2894322102483768
2026-08-02 03:49:00,20206.77,911.49,44672.13,49037.95,30.252000000000407,23.552000000003318,6.69999999999709,0.2844769021737494
2026-08-02 03:50:00,20206.64,911.58,44672.15,49037.9,30.202000000004773,23.552000000003318,6.650000000001455,0.28235394021741334
2026-08-02 03:51:00,20206.46,911.64,44672.28,49037.96,30.262000000002445,23.552000000003318,6.709999999999127,0.2849014945651402
2026-08-02 03:52:00,20206.81,911.84,44672.31,49038.14,30.442000000002736,23.59200000000419,6.849999999998545,0.2903526619191814
2026-08-02 03:53:00,20207.06,911.71,44672.39,49038.28,30.582000000002154,23.632000000005064,6.94999999999709,0.2940927555854604
2026-08-02 03:54:00,20207.09,911.48,44672.51,49038.4,30.702000000004773,23.682000000004336,7.020000000000437,0.2964276665821785
2026-08-02 03:55:00,20206.97,911.51,44672.73,49038.53,30.832000000002154,23.73200000000361,7.099999999998545,0.29917411090500023
2026-08-02 03:56:00,20206.8,911.71,44672.78,49038.51,30.812000000005355,23.822000000003754,6.990000000001601,0.2934262446478255
2026-08-02 03:57:00,20206.94,911.55,44672.85,49038.63,30.9320000000007,23.9120000000039,7.019999999996799,0.29357644697204976
2026-08-02 03:58:00,20206.97,911.47,44672.97,49038.76,31.062000000005355,23.957000000002154,7.105000000003201,0.2965730266728957
2026-08-02 03:59:00,20206.67,911.74,44673.05,49038.71,31.012000000002445,24.002000000000407,7.010000000002037,0.29205899508382294
2026-08-02 04:00:00,20206.22,912.28,44673.01,49038.5,30.802000000003318,24.037000000000262,6.765000000003056,0.2814411116197105
2026-08-02 04:01:00,20205.84,912.85,44672.99,49038.34,30.641999999999825,24.072000000000116,6.569999999999709,0.272931206380844
2026-08-02 04:02:00,20205.8,913.06,44673.05,49038.4,30.702000000004773,24.082000000002154,6.620000000002619,0.27489411178481965
2026-08-02 04:03:00,20205.98,912.94,44673.24,49038.64,30.942000000002736,24.09200000000419,6.849999999998545,0.2843267474679293
2026-08-02 04:04:00,20205.95,912.96,44673.38,49038.74,31.04200000000128,24.1720000000023,6.869999999998981,0.2842131391692176
2026-08-02 04:05:00,20205.72,913.37,44673.38,49038.65,30.952000000004773,24.252000000000407,6.700000000004366,0.2762658749795585
2026-08-02 04:06:00,20205.63,913.44,44673.45,49038.68,30.98200000000361,24.272000000000844,6.710000000002765,0.2764502307186277
2026-08-02 04:07:00,20205.55,913.49,44673.55,49038.75,31.052000000003318,24.29200000000128,6.760000000002037,0.278280915527815
2026-08-02 04:08:00,20205.48,913.48,44673.66,49038.82,31.122000000003027,24.337000000003172,6.7849999999998545,0.2787936064428225
2026-08-02 04:09:00,20205.41,913.68,44673.74,49038.87,31.172000000005937,24.382000000005064,6.790000000000873,0.27848412763511865
2026-08-02 04:10:00,20205.36,914.05,44673.73,49038.85,31.152000000001863,24.48200000000361,6.669999999998254,0.272445061677856
2026-08-02 04:11:00,20205.45,914.0,44673.83,49038.98,31.28200000000652,24.582000000002154,6.700000000004366,0.2725571556424936
2026-08-02 04:12:00,20205.49,913.97,44673.91,49039.07,31.372000000003027,24.72700000000259,6.645000000000437,0.26873458163140457
2026-08-02 04:13:00,20205.78,914.15,44673.97,49039.26,31.562000000005355,24.872000000003027,6.690000000002328,0.2689771630750046
2026-08-02 04:14:00,20205.84,914.38,44673.94,49039.25,31.552000000003318,24.952000000004773,6.599999999998545,0.26450785508164804
2026-08-02 04:15:00,20205.76,914.63,44673.89,49039.18,31.48200000000361,25.03200000000652,6.44999999999709,0.2576701821666431
2026-08-02 04:16:00,20205.95,914.46,44673.96,49039.31,31.61200000000099,25.077000000004773,6.5349999999962165,0.26059736013059664
2026-08-02 04:17:00,20206.19,914.28,44674.13,49039.56,31.86200000000099,25.122000000003027,6.739999999997963,0.2682907411829134
2026-08-02 04:18:00,20206.24,914.38,44674.25,49039.68,31.98200000000361,25.1620000000039,6.819999999999709,0.2710436372306912
2026-08-02 04:19:00,20206.11,914.68,44674.22,49039.61,31.9120000000039,25.202000000004773,6.709999999999127,0.26624871041972287
2026-08-02 04:20:00,20205.72,915.17,44674.14,49039.38,31.6820000000007,25.202000000004773,6.4799999999959255,0.25712245059894845
2026-08-02 04:21:00,20205.75,915.23,44674.14,49039.4,31.702000000004773,25.202000000004773,6.5,0.2579160384096012
2026-08-02 04:22:00,20205.77,915.33,44674.25,49039.51,31.812000000005355,25.212000000003172,6.600000000002183,0.2617801047120955
2026-08-02 04:23:00,20205.56,915.83,44674.17,49039.35,31.652000000001863,25.22200000000157,6.430000000000291,0.25493616683847
2026-08-02 04:24:00,20205.56,916.24,44674.18,49039.36,31.6620000000039,25.23700000000099,6.42500000000291,0.2545865197924737
2026-08-02 04:25:00,20205.73,916.53,44674.29,49039.56,31.86200000000099,25.252000000000407,6.610000000000582,0.2617614446380673
2026-08-02 04:26:00,20205.89,916.56,44674.34,49039.66,31.96200000000681,25.262000000002445,6.700000000004366,0.26522048927257214
2026-08-02 04:27:00,20206.01,916.75,44674.43,49039.79,32.09200000000419,25.272000000004482,6.819999999999709,0.2698638809749327
2026-08-02 04:28:00,20206.0,916.89,44674.41,49039.77,32.072000000000116,25.2770000000055,6.794999999994616,0.26882145824239967
2026-08-02 04:29:00,20206.04,917.12,44674.43,49039.81,32.11200000000099,25.28200000000652,6.82999999999447,0.2701526777941899
2026-08-02 04:30:00,20206.07,917.33,44674.46,49039.86,32.1620000000039,25.28200000000652,6.879999999997381,0.27213036943262425
2026-08-02 04:31:00,20206.21,917.16,44674.49,49039.95,32.25200000000041,25.28200000000652,6.969999999993888,0.27569021438146074
2026-08-02 04:32:00,20206.68,916.63,44674.68,49040.31,32.61200000000099,25.29200000000492,7.319999999996071,0.28941957931340534
2026-08-02 04:33:00,20207.01,916.38,44674.89,49040.62,32.92200000000594,25.302000000003318,7.620000000002619,0.30116196348121177
2026-08-02 04:34:00,20206.72,916.6,44674.91,49040.53,32.832000000002154,25.302000000003318,7.529999999998836,0.29760493241632474
2026-08-02 04:35:00,20206.5,917.11,44674.91,49040.43,32.73200000000361,25.302000000003318,7.430000000000291,0.293652675677785
2026-08-02 04:36:00,20206.42,917.31,44674.92,49040.42,32.72200000000157,25.307000000004336,7.414999999997235,0.2930019362230199
2026-08-02 04:37:00,20206.62,917.29,44675.04,49040.61,32.9120000000039,25.312000000005355,7.599999999998545,0.3002528445005111
2026-08-02 04:38:00,20206.6,917.34,44675.11,49040.66,32.96200000000681,25.33200000000579,7.630000000001019,0.30120006316119036
2026-08-02 04:39:00,20206.5,917.48,44675.08,49040.59,32.891999999999825,25.352000000006228,7.539999999993597,0.2974124329438208
2026-08-02 04:40:00,20206.33,917.94,44675.0,49040.47,32.77200000000448,25.35700000000361,7.415000000000873,0.2924241826714445
2026-08-02 04:41:00,20206.57,918.26,44675.14,49040.69,32.992000000005646,25.36200000000099,7.630000000004657,0.3008437820362889
2026-08-02 04:42:00,20206.99,918.35,44675.4,49041.1,33.40200000000186,25.367000000002008,8.034999999999854,0.3167501084085315
2026-08-02 04:43:00,20207.01,918.33,44675.4,49041.12,33.42200000000594,25.372000000003027,8.05000000000291,0.31727889011516436
2026-08-02 04:44:00,20206.83,918.41,44675.21,49040.86,33.1620000000039,25.372000000003027,7.790000000000873,0.3070313731672688
2026-08-02 04:45:00,20206.89,918.85,44675.25,49040.93,33.23200000000361,25.372000000003027,7.860000000000582,0.309790320037823
2026-08-02 04:46:00,20206.77,919.28,44675.12,49040.77,33.072000000000116,25.377000000004045,7.694999999996071,0.30322733183571127
2026-08-02 04:47:00,20207.05,919.27,44675.23,49041.0,33.30200000000332,25.382000000005064,7.919999999998254,0.3120321487667116
2026-08-02 04:48:00,20207.22,919.14,44675.27,49041.09,33.391999999999825,25.387000000002445,8.00499999999738,0.31531886398537085
2026-08-02 04:49:00,20207.43,919.22,44675.38,49041.28,33.582000000002154,25.391999999999825,8.190000000002328,0.32254253308137937
2026-08-02 04:50:00,20207.4,919.59,44675.34,49041.24,33.54200000000128,25.402000000001863,8.139999999999418,0.32044720888114403
2026-08-02 04:51:00,20207.35,919.93,44675.18,49041.08,33.382000000005064,25.4120000000039,7.970000000001164,0.31363135526522673
2026-08-02 04:52:00,20207.11,920.31,44675.09,49040.9,33.20200000000477,25.427000000003318,7.775000000001455,0.3057773233177504
2026-08-02 04:53:00,20207.08,920.69,44675.03,49040.84,33.141999999999825,25.442000000002736,7.69999999999709,0.3026491628015196
2026-08-02 04:54:00,20207.0,921.02,44674.88,49040.66,32.96200000000681,25.457000000002154,7.505000000004657,0.294810857524611
2026-08-02 04:55:00,20207.14,921.18,44674.95,49040.79,33.09200000000419,25.47200000000157,7.620000000002619,0.29915201005033565
2026-08-02 04:56:00,20207.12,921.58,44675.01,49040.86,33.1620000000039,25.47700000000259,7.68500000000131,0.30164462063824343
2026-08-02 04:57:00,20207.0,922.23,44674.98,49040.78,33.082000000002154,25.48200000000361,7.599999999998545,0.298249744917882
2026-08-02 04:58:00,20206.97,922.74,44674.81,49040.62,32.92200000000594,25.487000000004628,7.43500000000131,0.29171734609800914
2026-08-02 04:59:00,20207.01,923.25,44674.66,49040.51,32.812000000005355,25.492000000005646,7.319999999999709,0.2871489094617169
2026-08-02 05:00:00,20207.16,923.64,44674.7,49040.62,32.92200000000594,25.492000000005646,7.430000000000291,0.29146398870228485
2026-08-02 05:01:00,20207.3,923.62,44674.63,49040.62,32.92200000000594,25.492000000005646,7.430000000000291,0.29146398870228485
2026-08-02 05:02:00,20207.54,923.36,44674.77,49040.85,33.15200000000186,25.497000000003027,7.654999999998836,0.30023139977244095
2026-08-02 05:03:00,20207.53,923.26,44674.64,49040.72,33.02200000000448,25.502000000000407,7.5200000000040745,0.2948788330328584
2026-08-02 05:04:00,20207.45,923.73,44674.6,49040.65,32.95200000000477,25.507000000001426,7.445000000003347,0.29188066021103737
2026-08-02 05:05:00,20207.25,924.1,44674.61,49040.58,32.882000000005064,25.512000000002445,7.370000000002619,0.28888366259022863
2026-08-02 05:06:00,20206.89,924.65,44674.32,49040.18,32.48200000000361,25.512000000002445,6.970000000001164,0.273204766384466
2026-08-02 05:07:00,20206.92,924.85,44674.35,49040.22,32.52200000000448,25.512000000002445,7.010000000002037,0.2747726560050708
2026-08-02 05:08:00,20206.72,925.42,44674.17,49039.99,32.29200000000128,25.517000000003463,6.774999999997817,0.2655092683307951
2026-08-02 05:09:00,20206.81,925.61,44674.11,49039.99,32.29200000000128,25.522000000004482,6.769999999996799,0.26526134315475314
2026-08-02 05:10:00,20206.81,925.48,44673.99,49039.88,32.1820000000007,25.522000000004482,6.6599999999962165,0.2609513361019923
2026-08-02 05:11:00,20206.88,925.75,44674.03,49039.92,32.22200000000157,25.522000000004482,6.69999999999709,0.26251861139393123
2026-08-02 05:12:00,20206.7,926.14,44673.93,49039.78,32.082000000002154,25.522000000004482,6.559999999997672,0.2570331478722874
2026-08-02 05:13:00,20206.72,926.67,44673.83,49039.73,32.03200000000652,25.522000000004482,6.510000000002037,0.2550740537575775
2026-08-02 05:14:00,20206.76,926.98,44673.76,49039.68,31.98200000000361,25.5270000000055,6.454999999998108,0.2528695107140172
2026-08-02 05:15:00,20206.71,927.04,44673.65,49039.55,31.852000000006228,25.53200000000652,6.319999999999709,0.24753250822489797
2026-08-02 05:16:00,20206.68,927.13,44673.56,49039.46,31.762000000002445,25.54200000000492,6.219999999997526,0.24352047607847185
2026-08-02 05:17:00,20206.6,927.49,44673.53,49039.41,31.71200000000681,25.552000000003318,6.1600000000034925,0.24107701941150175
2026-08-02 05:18:00,20206.8,927.62,44673.45,49039.41,31.71200000000681,25.552000000003318,6.1600000000034925,0.24107701941150175
2026-08-02 05:19:00,20207.12,927.45,44673.49,49039.57,31.872000000003027,25.552000000003318,6.319999999999709,0.24733876017528522
2026-08-02 05:20:00,20207.05,927.6,44673.58,49039.63,31.9320000000007,25.557000000004336,6.374999999996362,0.24944242281939508
2026-08-02 05:21:00,20207.51,928.19,44673.6,49039.85,32.15200000000186,25.562000000005355,6.5899999999965075,0.25780455363411026
2026-08-02 05:22:00,20207.53,928.47,44673.37,49039.65,31.952000000004773,25.562000000005355,6.389999999999418,0.24998043971512712
2026-08-02 05:23:00,20207.47,928.28,44673.19,49039.48,31.78200000000652,25.562000000005355,6.220000000001164,0.24332994288396295
2026-08-02 05:24:00,20207.55,927.97,44673.16,49039.48,31.78200000000652,25.572000000003754,6.210000000002765,0.2428437353355957
2026-08-02 05:25:00,20207.95,927.62,44673.51,49039.96,32.262000000002445,25.582000000002154,6.680000000000291,0.2611211007739711
2026-08-02 05:26:00,20207.68,927.92,44673.36,49039.71,32.012000000002445,25.587000000003172,6.424999999999272,0.2511040762886808
2026-08-02 05:27:00,20207.64,928.05,44673.29,49039.63,31.9320000000007,25.59200000000419,6.3399999999965075,0.24773366677068887
2026-08-02 05:28:00,20207.92,928.52,44673.28,49039.76,32.062000000005355,25.59200000000419,6.470000000001164,0.25281337918099817
2026-08-02 05:29:00,20207.94,928.77,44673.27,49039.76,32.062000000005355,25.59200000000419,6.470000000001164,0.25281337918099817
2026-08-02 05:30:00,20207.83,929.31,44673.19,49039.64,31.942000000002736,25.59200000000419,6.349999999998545,0.2481244138792398
2026-08-02 05:31:00,20207.57,929.77,44672.95,49039.32,31.622000000003027,25.59200000000419,6.029999999998836,0.2356205064081685
2026-08-02 05:32:00,20207.47,930.61,44672.84,49039.19,31.492000000005646,25.60200000000259,5.890000000003056,0.23006015155075618
2026-08-02 05:33:00,20207.16,931.51,44672.48,49038.76,31.062000000005355,25.61200000000099,5.450000000004366,0.21279087927550192
2026-08-02 05:34:00,20207.27,931.9,44672.45,49038.78,31.082000000002154,25.622000000003027,5.459999999999127,0.21309811880409343
2026-08-02 05:35:00,20207.31,932.37,44672.37,49038.71,31.012000000002445,25.632000000005064,5.379999999997381,0.20989388264654799
2026-08-02 05:36:00,20207.27,933.28,44672.09,49038.46,30.762000000002445,25.637000000002445,5.125,0.19990638530247343
2026-08-02 05:37:00,20207.13,934.15,44671.82,49038.2,30.502000000000407,25.641999999999825,4.860000000000582,0.18953279775370935
2026-08-02 05:38:00,20207.06,934.6,44671.69,49038.04,30.34200000000419,25.647000000000844,4.695000000003347,0.1830623464733962
2026-08-02 05:39:00,20207.21,934.59,44671.81,49038.21,30.512000000002445,25.652000000001863,4.860000000000582,0.18945891158585018
2026-08-02 05:40:00,20207.62,934.14,44672.33,49038.85,31.152000000001863,25.65700000000288,5.494999999998981,0.21417157111113397
2026-08-02 05:41:00,20207.86,933.68,44672.55,49039.15,31.452000000004773,25.6620000000039,5.790000000000873,0.22562543839139557
2026-08-02 05:42:00,20207.99,933.14,44672.75,49039.37,31.672000000005937,25.6620000000039,6.010000000002037,0.2341984256878312
2026-08-02 05:43:00,20208.04,933.29,44672.96,49039.57,31.872000000003027,25.6620000000039,6.209999999999127,0.241992050502618
2026-08-02 05:44:00,20207.84,933.48,44672.84,49039.38,31.6820000000007,25.6620000000039,6.019999999996799,0.23458810692837206
2026-08-02 05:45:00,20207.56,933.55,44672.81,49039.25,31.552000000003318,25.6620000000039,5.889999999999418,0.229522250798789
2026-08-02 05:46:00,20207.42,933.22,44672.85,49039.22,31.522000000004482,25.66700000000492,5.854999999999563,0.22811392059837307
2026-08-02 05:47:00,20207.62,933.01,44673.32,49039.72,32.02200000000448,25.672000000005937,6.349999999998545,0.24735119975058725
2026-08-02 05:48:00,20207.51,933.37,44673.57,49039.91,32.21200000000681,25.682000000004336,6.530000000002474,0.2542636866288206
2026-08-02 05:49:00,20207.4,933.83,44673.26,49039.59,31.891999999999825,25.692000000002736,6.19999999999709,0.2413202553322602
2026-08-02 05:50:00,20207.47,933.97,44673.09,49039.48,31.78200000000652,25.692000000002736,6.0900000000037835,0.23703876693146253
2026-08-02 05:51:00,20207.58,934.19,44673.26,49039.68,31.98200000000361,25.692000000002736,6.290000000000873,0.24482329129690966
2026-08-02 05:52:00,20207.34,934.44,44673.14,49039.49,31.79200000000128,25.692000000002736,6.099999999998545,0.23742799314953664
2026-08-02 05:53:00,20207.14,934.37,44673.12,49039.39,31.692000000002736,25.692000000002736,6.0,0.23353573096681307
2026-08-02 05:54:00,20207.15,934.47,44673.2,49039.47,31.772000000004482,25.697000000003754,6.075000000000728,0.23640891932909833
2026-08-02 05:55:00,20207.24,934.68,44673.23,49039.53,31.832000000002154,25.702000000004773,6.129999999997381,0.23850284024574905
2026-08-02 05:56:00,20207.28,934.72,44673.4,49039.7,32.00200000000041,25.702000000004773,6.299999999995634,0.24511711150861662
2026-08-02 05:57:00,20206.96,935.19,44673.2,49039.41,31.71200000000681,25.702000000004773,6.010000000002037,0.23383394288385811
2026-08-02 05:58:00,20206.82,935.7,44673.12,49039.29,31.59200000000419,25.712000000003172,5.880000000001019,0.2286869943995136
2026-08-02 05:59:00,20206.35,935.87,44673.03,49039.02,31.322000000000116,25.72200000000157,5.599999999998545,0.21771246403849634
2026-08-02 06:00:00,20206.13,936.82,44672.87,49038.81,31.11200000000099,25.72700000000259,5.384999999998399,0.2093131729310785
2026-08-02 06:01:00,20206.19,937.12,44672.78,49038.74,31.04200000000128,25.73200000000361,5.309999999997672,0.2063578423751332
2026-08-02 06:02:00,20206.12,937.1,44672.73,49038.67,30.97200000000157,25.73200000000361,5.239999999997963,0.2036374941705747
2026-08-02 06:03:00,20206.07,937.37,44672.78,49038.71,31.012000000002445,25.73200000000361,5.279999999998836,0.20519197885893423
2026-08-02 06:04:00,20206.24,937.13,44672.8,49038.79,31.09200000000419,25.737000000004628,5.354999999999563,0.2080662081827175
2026-08-02 06:05:00,20206.31,936.99,44672.93,49038.94,31.242000000005646,25.742000000005646,5.5,0.21365861238438325
2026-08-02 06:06:00,20206.36,936.81,44673.03,49039.03,31.332000000002154,25.742000000005646,5.5899999999965075,0.21715484422326475
2026-08-02 06:07:00,20206.09,936.72,44673.0,49038.89,31.192000000002736,25.742000000005646,5.44999999999709,0.21171626136259397
2026-08-02 06:08:00,20205.82,936.72,44673.08,49038.84,31.141999999999825,25.747000000003027,5.394999999996799,0.20953897541446243
2026-08-02 06:09:00,20205.81,936.68,44673.26,49039.03,31.332000000002154,25.752000000000407,5.580000000001746,0.21668219944088452
2026-08-02 06:10:00,20205.57,937.06,44673.22,49038.88,31.1820000000007,25.752000000000407,5.430000000000291,0.21085740913327916
2026-08-02 06:11:00,20205.23,937.64,44673.03,49038.58,30.882000000005064,25.752000000000407,5.130000000004657,0.19920782851835103
2026-08-02 06:12:00,20204.88,937.96,44672.99,49038.4,30.702000000004773,25.757000000001426,4.945000000003347,0.19198664440746488
2026-08-02 06:13:00,20204.42,938.44,44672.88,49038.12,30.422000000005937,25.762000000002445,4.6600000000034925,0.1808865771292233
2026-08-02 06:14:00,20204.32,938.31,44672.98,49038.17,30.47200000000157,25.772000000004482,4.69999999999709,0.18236846189648737
2026-08-02 06:15:00,20204.34,937.77,44673.23,49038.38,30.6820000000007,25.78200000000652,4.899999999994179,0.19005507718535955
2026-08-02 06:16:00,20204.22,937.38,44673.46,49038.54,30.84200000000419,25.79200000000492,5.049999999999272,0.19579714640191956
2026-08-02 06:17:00,20204.22,937.14,44673.65,49038.73,31.03200000000652,25.802000000003318,5.230000000003201,0.20269746531286448
2026-08-02 06:18:00,20204.07,937.41,44673.7,49038.71,31.012000000002445,25.812000000001717,5.200000000000728,0.20145668681235013
2026-08-02 06:19:00,20203.34,937.42,44673.76,49038.45,30.752000000000407,25.822000000000116,4.930000000000291,0.19092246921231
2026-08-02 06:20:00,20202.61,938.19,44673.58,49038.01,30.312000000005355,25.827000000001135,4.48500000000422,0.1736554768267326
2026-08-02 06:21:00,20202.39,938.62,44673.51,49037.86,30.1620000000039,25.832000000002154,4.330000000001746,0.16762155466093934
2026-08-02 06:22:00,20202.16,938.61,44673.7,49037.93,30.23200000000361,25.837000000003172,4.395000000000437,0.1701048883384254
2026-08-02 06:23:00,20201.9,938.71,44673.63,49037.78,30.082000000002154,25.84200000000419,4.239999999997963,0.1640739880813124
2026-08-02 06:24:00,20201.61,939.39,44673.86,49037.88,30.1820000000007,25.85200000000259,4.329999999998108,0.16749187683729205
2026-08-02 06:25:00,20201.11,940.33,44673.6,49037.46,29.762000000002445,25.86200000000099,3.900000000001455,0.1508004021344562
2026-08-02 06:26:00,20200.3,941.72,44673.04,49036.64,28.942000000002736,25.86200000000099,3.0800000000017462,0.11909365091646541
2026-08-02 06:27:00,20200.84,941.78,44673.23,49037.03,29.332000000002154,25.86200000000099,3.470000000001164,0.1341736911298829
2026-08-02 06:28:00,20201.42,940.95,44673.59,49037.59,29.891999999999825,25.867000000002008,4.024999999997817,0.15560366490112904
2026-08-02 06:29:00,20201.71,940.64,44673.91,49037.99,30.29200000000128,25.872000000003027,4.419999999998254,0.17084106369811908
2026-08-02 06:30:00,20201.23,940.82,44673.94,49037.81,30.11200000000099,25.877000000004045,4.234999999996944,0.16365884762516064
2026-08-02 06:31:00,20201.91,939.19,44674.29,49038.4,30.702000000004773,25.882000000005064,4.819999999999709,0.18622981222466448
2026-08-02 06:32:00,20202.18,937.72,44674.98,49039.1,31.402000000001863,25.887000000002445,5.514999999999418,0.21304129485838055
2026-08-02 06:33:00,20202.24,936.94,44675.35,49039.46,31.762000000002445,25.891999999999825,5.870000000002619,0.22671095319027726
2026-08-02 06:34:00,20202.56,934.42,44675.97,49040.11,32.4120000000039,25.897000000000844,6.515000000003056,0.2515735413369442
2026-08-02 06:35:00,20202.36,932.13,44676.84,49040.78,33.082000000002154,25.902000000001863,7.180000000000291,0.27719867191721775
2026-08-02 06:36:00,20201.11,932.44,44677.06,49040.47,32.77200000000448,25.90700000000288,6.865000000001601,0.2649862971398015
2026-08-02 06:37:00,20199.75,932.28,44676.99,49039.85,32.15200000000186,25.9120000000039,6.239999999997963,0.24081506637839703
2026-08-02 06:38:00,20198.01,932.96,44676.83,49038.99,31.29200000000128,25.9120000000039,5.379999999997381,0.2076258104351872
2026-08-02 06:39:00,20196.57,935.22,44676.21,49037.87,30.172000000005937,25.9120000000039,4.260000000002037,0.16440259339307642
2026-08-02 06:40:00,20194.89,938.51,44675.2,49036.33,28.632000000005064,25.9120000000039,2.720000000001164,0.10497066995989328
2026-08-02 06:41:00,20194.74,941.26,44674.49,49035.67,27.97200000000157,25.9120000000039,2.0599999999976717,0.07949984563126589
2026-08-02 06:42:00,20194.48,942.93,44673.79,49034.96,27.262000000002445,25.9120000000039,1.3499999999985448,0.052099413399133286
2026-08-02 06:43:00,20194.87,943.56,44673.51,49034.9,27.202000000004773,25.9120000000039,1.2900000000008731,0.04978388391481472
2026-08-02 06:44:00,20195.32,942.36,44673.56,49035.11,27.4120000000039,25.9220000000023,1.4900000000016007,0.05748013270586639
2026-08-02 06:45:00,20195.43,942.26,44673.76,49035.35,27.652000000001863,25.9320000000007,1.7200000000011642,0.06632731759991971
2026-08-02 06:46:00,20196.02,941.2,44674.24,49036.01,28.312000000005355,25.937000000001717,2.375000000003638,0.09156803022722292
2026-08-02 06:47:00,20196.25,941.89,44674.12,49036.0,28.302000000003318,25.942000000002736,2.360000000000582,0.0909721686840002
2026-08-02 06:48:00,20195.8,943.0,44674.05,49035.78,28.082000000002154,25.947000000003754,2.1349999999983993,0.08228311558168923
2026-08-02 06:49:00,20195.39,942.8,44673.57,49035.17,27.47200000000157,25.952000000004773,1.5199999999967986,0.058569667077547745
2026-08-02 06:50:00,20194.94,943.69,44673.35,49034.81,27.11200000000099,25.95700000000579,1.1549999999951979,0.04449666756539431
2026-08-02 06:51:00,20194.41,941.88,44673.9,49035.05,27.352000000006228,25.96200000000681,1.389999999999418,0.053539788922234544
2026-08-02 06:52:00,20194.32,941.09,44674.57,49035.6,27.902000000001863,25.96200000000681,1.9399999999950523,0.07472459748842707
2026-08-02 06:53:00,20194.24,940.84,44674.72,49035.72,28.022000000004482,25.96200000000681,2.0599999999976717,0.07934673753937029
2026-08-02 06:54:00,20193.96,941.62,44674.36,49035.29,27.59200000000419,25.96700000000419,1.625,0.06257942773519228
2026-08-02 06:55:00,20194.05,941.41,44674.38,49035.33,27.632000000005064,25.97200000000157,1.6600000000034925,0.06391498536898937
2026-08-02 06:56:00,20193.69,941.36,44674.41,49035.21,27.512000000002445,25.992000000002008,1.5200000000004366,0.05847953216375497
2026-08-02 06:57:00,20192.7,941.59,44674.32,49034.72,27.022000000004482,26.012000000002445,1.0100000000020373,0.03882823312324859
2026-08-02 06:58:00,20192.64,941.71,44674.46,49034.83,27.132000000005064,26.022000000004482,1.110000000000582,0.04265621397280728
2026-08-02 06:59:00,20192.16,941.91,44674.58,49034.74,27.04200000000128,26.03200000000652,1.0099999999947613,0.03879840196659912
2026-08-02 07:00:00,20191.86,941.86,44674.53,49034.57,26.872000000003027,26.04200000000492,0.8299999999981083,0.03187159204354318
2026-08-02 07:01:00,20191.91,941.98,44674.56,49034.63,26.9320000000007,26.052000000003318,0.8799999999973807,0.033778596652743305
2026-08-02 07:02:00,20191.59,941.23,44674.53,49034.46,26.762000000002445,26.052000000003318,0.7099999999991269,0.027253185935783682
2026-08-02 07:03:00,20191.09,942.1,44674.56,49034.29,26.59200000000419,26.052000000003318,0.5400000000008731,0.020727775218824056
2026-08-02 07:04:00,20190.55,943.39,44674.3,49033.85,26.152000000001863,26.072000000003754,0.07999999999810825,0.0030684258974415747
2026-08-02 07:05:00,20190.1,943.28,44674.13,49033.53,25.832000000002154,26.09200000000419,-0.26000000000203727,0.009964740150314101
2026-08-02 07:06:00,20189.9,943.75,44673.91,49033.26,25.562000000005355,26.117000000002008,-0.5549999999966531,0.021250526476877526
2026-08-02 07:07:00,20189.95,943.47,44673.82,49033.19,25.492000000005646,26.141999999999825,-0.6499999999941792,0.024864203197696565
2026-08-02 07:08:00,20189.79,942.64,44674.0,49033.28,25.582000000002154,26.147000000000844,-0.5649999999986903,0.021608597544600608
2026-08-02 07:09:00,20189.75,942.0,44674.38,49033.61,25.9120000000039,26.152000000001863,-0.23999999999796273,0.00917711838474861
2026-08-02 07:10:00,20189.29,942.75,44674.16,49033.23,25.53200000000652,26.1620000000039,-0.6299999999973807,0.02408072777300232
2026-08-02 07:11:00,20188.63,943.24,44673.9,49032.73,25.03200000000652,26.172000000005937,-1.139999999999418,0.04355800091697842
2026-08-02 07:12:00,20188.71,943.44,44673.68,49032.57,24.872000000003027,26.172000000005937,-1.3000000000029104,0.049671404554585644
2026-08-02 07:13:00,20187.95,943.58,44673.7,49032.28,24.582000000002154,26.172000000005937,-1.5900000000037835,0.06075194864754022
2026-08-02 07:14:00,20187.8,943.85,44673.56,49032.08,24.382000000005064,26.302000000003318,-1.9199999999982538,0.07299825108349219
2026-08-02 07:15:00,20187.31,944.63,44673.32,49031.7,24.002000000000407,26.4320000000007,-2.430000000000291,0.09193401937046863
2026-08-02 07:16:00,20187.51,944.09,44673.35,49031.79,24.09200000000419,26.48200000000361,-2.389999999999418,0.09024998111921653
2026-08-02 07:17:00,20187.28,944.23,44673.26,49031.61,23.9120000000039,26.53200000000652,-2.6200000000026193,0.09874868083830754
2026-08-02 07:18:00,20186.52,945.03,44672.92,49030.99,23.29200000000128,26.557000000004336,-3.265000000003056,0.12294310351329302
2026-08-02 07:19:00,20186.98,943.68,44673.09,49031.33,23.632000000005064,26.582000000002154,-2.9499999999970896,0.11097735309596157
2026-08-02 07:20:00,20186.87,943.45,44673.26,49031.43,23.73200000000361,26.587000000003172,-2.8549999999995634,0.10738330763152001
2026-08-02 07:21:00,20186.66,943.93,44673.14,49031.25,23.552000000003318,26.59200000000419,-3.040000000000873,0.11432009626956957
2026-08-02 07:22:00,20186.17,943.84,44672.99,49030.91,23.21200000000681,26.60200000000259,-3.38999999999578,0.12743402751655702
2026-08-02 07:23:00,20186.29,943.42,44672.85,49030.84,23.141999999999825,26.61200000000099,-3.470000000001164,0.1303923042236974
2026-08-02 07:24:00,20186.06,944.01,44672.82,49030.71,23.012000000002445,26.61200000000099,-3.599999999998545,0.1352773185028713
2026-08-02 07:25:00,20185.35,944.68,44672.49,49030.16,22.46200000000681,26.61200000000099,-4.149999999994179,0.15594468660732094
2026-08-02 07:26:00,20184.79,944.28,44672.4,49029.81,22.11200000000099,26.617000000002008,-4.505000000001019,0.16925273321563958
2026-08-02 07:27:00,20185.35,945.04,44672.21,49029.89,22.192000000002736,26.622000000003027,-4.430000000000291,0.16640372624144645
2026-08-02 07:28:00,20185.87,944.23,44672.46,49030.33,22.632000000005064,26.622000000003027,-3.9899999999979627,0.14987604237087782
2026-08-02 07:29:00,20184.95,944.08,44672.28,49029.76,22.062000000005355,26.622000000003027,-4.559999999997672,0.1712869055667175
2026-08-02 07:30:00,20185.19,944.0,44672.3,49029.88,22.1820000000007,26.622000000003027,-4.440000000002328,0.16677935542039754
2026-08-02 07:31:00,20184.83,943.85,44672.23,49029.67,21.97200000000157,26.622000000003027,-4.650000000001455,0.17466756817673076
2026-08-02 07:32:00,20183.57,943.82,44672.28,49029.2,21.502000000000407,26.622000000003027,-5.120000000002619,0.1923221395838794
2026-08-02 07:33:00,20183.76,944.73,44672.11,49029.15,21.452000000004773,26.622000000003027,-5.169999999998254,0.19420028547808826
2026-08-02 07:34:00,20183.41,945.07,44671.88,49028.8,21.102000000006228,26.627000000004045,-5.524999999997817,0.2074961505237908
2026-08-02 07:35:00,20182.89,945.13,44671.68,49028.4,20.702000000004773,26.632000000005064,-5.930000000000291,0.2226644638029124
2026-08-02 07:36:00,20183.48,944.94,44671.96,49028.9,21.202000000004773,26.637000000002445,-5.434999999997672,0.20403949393689877
2026-08-02 07:37:00,20182.74,944.68,44671.89,49028.53,20.832000000002154,26.641999999999825,-5.809999999997672,0.2180767209668084
2026-08-02 07:38:00,20182.95,944.09,44671.74,49028.47,20.772000000004482,26.647000000000844,-5.874999999996362,0.22047510038639156
2026-08-02 07:39:00,20181.86,944.52,44671.81,49028.08,20.382000000005064,26.652000000001863,-6.269999999996799,0.23525438991431638
2026-08-02 07:40:00,20182.11,944.41,44671.79,49028.18,20.48200000000361,26.65700000000288,-6.174999999999272,0.23164647184599185
2026-08-02 07:41:00,20182.11,943.98,44671.96,49028.32,20.622000000003027,26.6620000000039,-6.040000000000873,0.22653964443777622
2026-08-02 07:42:00,20181.5,944.04,44671.84,49027.95,20.252000000000407,26.6620000000039,-6.4100000000034925,0.24041707298786869
2026-08-02 07:43:00,20182.2,944.49,44671.77,49028.18,20.48200000000361,26.6620000000039,-6.180000000000291,0.23179056334856302
2026-08-02 07:44:00,20181.48,945.55,44671.27,49027.46,19.762000000002445,26.6620000000039,-6.900000000001455,0.25879528917562244
2026-08-02 07:45:00,20180.89,945.16,44671.07,49027.03,19.332000000002154,26.6620000000039,-7.330000000001746,0.2749231115445456
2026-08-02 07:46:00,20180.77,944.73,44671.25,49027.14,19.442000000002736,26.66700000000492,-7.225000000002183,0.27093411332361533
2026-08-02 07:47:00,20180.75,944.85,44671.15,49027.04,19.34200000000419,26.672000000005937,-7.330000000001746,0.27482003599280574
2026-08-02 07:48:00,20181.01,944.35,44671.23,49027.21,19.512000000002445,26.672000000005937,-7.1600000000034925,0.26844631073792363
2026-08-02 07:49:00,20180.87,944.28,44671.1,49027.04,19.34200000000419,26.672000000005937,-7.330000000001746,0.27482003599280574
2026-08-02 07:50:00,20180.06,944.98,44670.86,49026.5,18.802000000003318,26.672000000005937,-7.870000000002619,0.295065986802672
2026-08-02 07:51:00,20179.5,945.01,44670.76,49026.18,18.48200000000361,26.672000000005937,-8.190000000002328,0.30706358728256244
2026-08-02 07:52:00,20179.36,945.31,44670.81,49026.2,18.502000000000407,26.692000000006374,-8.190000000005966,0.30683350816739136
2026-08-02 07:53:00,20178.77,945.73,44670.59,49025.76,18.062000000005355,26.71200000000681,-8.650000000001455,0.32382449835277216
2026-08-02 07:54:00,20178.99,945.49,44670.48,49025.75,18.052000000003318,26.71200000000681,-8.660000000003492,0.3241988619347591
2026-08-02 07:55:00,20178.91,944.55,44670.67,49025.88,18.1820000000007,26.71200000000681,-8.530000000006112,0.3193321353700186
2026-08-02 07:56:00,20178.99,944.09,44670.74,49025.96,18.262000000002445,26.71700000000419,-8.455000000001746,0.3164651719878886
2026-08-02 07:57:00,20178.3,945.57,44670.44,49025.43,17.73200000000361,26.72200000000157,-8.989999999997963,0.3364269141530362
2026-08-02 07:58:00,20178.36,945.22,44670.3,49025.31,17.61200000000099,26.72200000000157,-9.110000000000582,0.34091759598832594
2026-08-02 07:59:00,20178.34,944.07,44670.59,49025.56,17.86200000000099,26.72200000000157,-8.860000000000582,0.3315620088316766
2026-08-02 08:00:00,20177.75,945.34,44670.26,49025.05,17.352000000006228,26.73200000000361,-9.37999999999738,0.35089031871899273
2026-08-02 08:01:00,20178.19,945.67,44670.01,49025.01,17.312000000005355,26.742000000005646,-9.430000000000291,0.3526288235733416
2026-08-02 08:02:00,20178.19,944.76,44670.22,49025.19,17.492000000005646,26.742000000005646,-9.25,0.3458978386058652
2026-08-02 08:03:00,20178.09,944.66,44670.25,49025.15,17.452000000004773,26.742000000005646,-9.290000000000873,0.3473936130431124
2026-08-02 08:04:00,20177.47,945.55,44669.9,49024.62,16.922000000005937,26.742000000005646,-9.819999999999709,0.3672126243361617
2026-08-02 08:05:00,20177.27,945.42,44669.82,49024.45,16.752000000000407,26.742000000005646,-9.990000000005239,0.3735696656945303
2026-08-02 08:06:00,20176.86,945.11,44669.65,49024.12,16.422000000005937,26.747000000003027,-10.32499999999709,0.38602460088966695
2026-08-02 08:07:00,20177.14,944.53,44669.78,49024.33,16.632000000005064,26.752000000000407,-10.119999999995343,0.3782894736840307
2026-08-02 08:08:00,20177.29,944.99,44669.54,49024.19,16.492000000005646,26.757000000001426,-10.26499999999578,0.38363792652372214
2026-08-02 08:09:00,20176.82,944.69,44669.54,49023.99,16.29200000000128,26.762000000002445,-10.470000000001164,0.39122636574247843
2026-08-02 08:10:00,20176.93,944.27,44669.57,49024.06,16.36200000000099,26.762000000002445,-10.400000000001455,0.38861071668785985
2026-08-02 08:11:00,20176.95,944.33,44669.42,49023.93,16.23200000000361,26.762000000002445,-10.529999999998836,0.39346835064635954
2026-08-02 08:12:00,20176.48,944.66,44669.01,49023.37,15.672000000005937,26.767000000003463,-11.094999999997526,0.4145029327155113
2026-08-02 08:13:00,20176.3,944.17,44669.17,49023.43,15.732000000003609,26.772000000004482,-11.040000000000873,0.4123711340205821
2026-08-02 08:14:00,20175.77,943.72,44669.2,49023.24,15.54200000000128,26.7870000000039,-11.24500000000262,0.4197931832605735
2026-08-02 08:15:00,20176.03,944.07,44669.11,49023.26,15.562000000005355,26.802000000003318,-11.239999999997963,0.41937168867982133
2026-08-02 08:16:00,20175.54,944.83,44668.73,49022.74,15.04200000000128,26.807000000004336,-11.765000000003056,0.43887790502484997
2026-08-02 08:17:00,20175.54,944.68,44668.76,49022.77,15.072000000000116,26.812000000005355,-11.740000000005239,0.43786364314496845
2026-08-02 08:18:00,20175.43,944.84,44668.49,49022.49,14.79200000000128,26.817000000002736,-12.025000000001455,0.4484095909311343
2026-08-02 08:19:00,20175.7,944.34,44668.38,49022.48,14.78200000000652,26.822000000000116,-12.039999999993597,0.4488852434566231
2026-08-02 08:20:00,20174.99,943.97,44668.14,49021.96,14.262000000002445,26.827000000001135,-12.56499999999869,0.46837141685608374
2026-08-02 08:21:00,20174.8,943.91,44668.05,49021.8,14.102000000006228,26.832000000002154,-12.729999999995925,0.47443351222401997
2026-08-02 08:22:00,20175.38,943.93,44668.01,49021.99,14.29200000000128,26.832000000002154,-12.540000000000873,0.46735241502682867
2026-08-02 08:23:00,20175.1,943.88,44667.94,49021.81,14.11200000000099,26.832000000002154,-12.720000000001164,0.4740608228980375
2026-08-02 08:24:00,20174.74,943.7,44667.83,49021.56,13.86200000000099,26.832000000002154,-12.970000000001164,0.48337805605247924
2026-08-02 08:25:00,20174.87,943.76,44667.77,49021.56,13.86200000000099,26.832000000002154,-12.970000000001164,0.48337805605247924
2026-08-02 08:26:00,20174.47,943.39,44667.48,49021.13,13.432000000000698,26.837000000003172,-13.405000000002474,0.49949696314792597
2026-08-02 08:27:00,20174.32,942.65,44667.69,49021.24,13.54200000000128,26.84200000000419,-13.30000000000291,0.4954921391848906
2026-08-02 08:28:00,20174.1,943.28,44667.58,49021.07,13.372000000003027,26.85200000000259,-13.479999999999563,0.5020110233873925
2026-08-02 08:29:00,20174.54,943.06,44667.5,49021.16,13.46200000000681,26.86200000000099,-13.39999999999418,0.4988459533911729
2026-08-02 08:30:00,20173.34,943.17,44667.16,49020.37,12.672000000005937,26.867000000002008,-14.194999999996071,0.5283433208022857
2026-08-02 08:31:00,20173.7,942.36,44667.27,49020.61,12.9120000000039,26.872000000003027,-13.959999999999127,0.5194998511460834
2026-08-02 08:32:00,20174.04,943.06,44667.11,49020.6,12.902000000001863,26.872000000003027,-13.970000000001164,0.5198719857100175
2026-08-02 08:33:00,20174.05,942.68,44666.91,49020.42,12.722000000001572,26.872000000003027,-14.150000000001455,0.5265704078594768
2026-08-02 08:34:00,20173.16,942.44,44666.73,49019.89,12.192000000002736,26.877000000004045,-14.68500000000131,0.5463779439669271
2026-08-02 08:35:00,20172.89,942.01,44666.63,49019.69,11.992000000005646,26.882000000005064,-14.889999999999418,0.5539022394165841
2026-08-02 08:36:00,20172.85,942.13,44666.56,49019.6,11.902000000001863,26.892000000003463,-14.9900000000016,0.5574148445634267
2026-08-02 08:37:00,20173.55,941.93,44666.33,49019.68,11.982000000003609,26.902000000001863,-14.919999999998254,0.554605605531084
2026-08-02 08:38:00,20172.47,942.09,44666.11,49019.05,11.352000000006228,26.91700000000128,-15.564999999995052,0.5782590927664417
2026-08-02 08:39:00,20172.83,941.31,44666.17,49019.24,11.54200000000128,26.9320000000007,-15.389999999999418,0.5714391801573971
2026-08-02 08:40:00,20172.87,940.81,44666.14,49019.22,11.522000000004482,26.937000000001717,-15.414999999997235,0.5722612020639363
2026-08-02 08:41:00,20173.11,941.06,44665.94,49019.15,11.452000000004773,26.942000000002736,-15.489999999997963,0.574938757330428
2026-08-02 08:42:00,20172.27,940.39,44665.91,49018.77,11.072000000000116,26.947000000003754,-15.875000000003638,0.5891193824916104
2026-08-02 08:43:00,20172.67,939.84,44665.85,49018.87,11.172000000005937,26.952000000004773,-15.779999999998836,0.5854853072126759
2026-08-02 08:44:00,20172.74,940.1,44665.44,49018.54,10.842000000004191,26.95700000000579,-16.1150000000016,0.5978039099305612
2026-08-02 08:45:00,20172.8,939.59,44665.37,49018.49,10.79200000000128,26.96200000000681,-16.17000000000553,0.5997329574957884
2026-08-02 08:46:00,20172.28,938.81,44665.49,49018.36,10.6620000000039,26.97200000000521,-16.31000000000131,0.6047011715852795
2026-08-02 08:47:00,20172.33,938.58,44665.45,49018.35,10.652000000001863,26.98200000000361,-16.330000000001746,0.6052182936772501
2026-08-02 08:48:00,20172.01,938.44,44665.29,49018.06,10.36200000000099,27.002000000004045,-16.640000000003056,0.6162506481001616
2026-08-02 08:49:00,20172.14,938.32,44664.87,49017.74,10.04200000000128,27.022000000004482,-16.9800000000032,0.6283768780993407
2026-08-02 08:50:00,20171.91,938.28,44664.64,49017.43,9.732000000003609,27.0270000000055,-17.29500000000189,0.6399156399155796
2026-08-02 08:51:00,20172.36,937.89,44664.58,49017.55,9.852000000006228,27.03200000000652,-17.18000000000029,0.6355430600768034
2026-08-02 08:52:00,20171.64,937.34,44664.39,49017.07,9.372000000003027,27.0370000000039,-17.665000000000873,0.6533639087176212
2026-08-02 08:53:00,20171.63,937.16,44664.4,49017.07,9.372000000003027,27.04200000000128,-17.669999999998254,0.6534280008874128
2026-08-02 08:54:00,20171.69,936.72,44664.3,49017.0,9.302000000003318,27.04200000000128,-17.739999999997963,0.6560165668218743
2026-08-02 08:55:00,20171.93,936.43,44664.23,49017.03,9.332000000002154,27.04200000000128,-17.709999999999127,0.6549071814214292
2026-08-02 08:56:00,20171.67,936.24,44664.13,49016.83,9.132000000005064,27.052000000003318,-17.919999999998254,0.6624279166049112
2026-08-02 08:57:00,20171.15,935.74,44664.05,49016.54,8.842000000004191,27.062000000005355,-18.220000000001164,0.6732687901854097
2026-08-02 08:58:00,20171.53,935.58,44663.86,49016.54,8.842000000004191,27.077000000004773,-18.235000000000582,0.6734497913357228
2026-08-02 08:59:00,20171.65,934.75,44663.97,49016.67,8.972000000001572,27.09200000000419,-18.12000000000262,0.6688321275653262
2026-08-02 09:00:00,20171.1,934.28,44663.88,49016.35,8.652000000001863,27.10200000000259,-18.450000000000728,0.6807615674119609
2026-08-02 09:01:00,20171.51,934.02,44663.72,49016.38,8.682000000000698,27.11200000000099,-18.43000000000029,0.6797727943345979
2026-08-02 09:02:00,20171.53,933.84,44663.72,49016.36,8.6620000000039,27.11200000000099,-18.44999999999709,0.6805104750662591
2026-08-02 09:03:00,20171.35,934.08,44663.42,49016.02,8.322000000000116,27.11200000000099,-18.790000000000873,0.693051047506646
2026-08-02 09:04:00,20172.12,932.72,44663.43,49016.31,8.61200000000099,27.122000000003027,-18.510000000002037,0.6824717941154772
2026-08-02 09:05:00,20171.27,932.91,44663.27,49015.83,8.132000000005064,27.132000000005064,-19.0,0.7002801120446872
2026-08-02 09:06:00,20172.07,931.81,44663.15,49016.02,8.322000000000116,27.137000000002445,-18.81500000000233,0.6933338246674515
2026-08-02 09:07:00,20170.68,931.64,44662.94,49015.26,7.562000000005355,27.141999999999825,-19.57999999999447,0.721391201827227
2026-08-02 09:08:00,20170.73,931.11,44663.0,49015.34,7.641999999999825,27.141999999999825,-19.5,0.7184437403286466
2026-08-02 09:09:00,20170.47,930.44,44663.05,49015.26,7.562000000005355,27.141999999999825,-19.57999999999447,0.721391201827227
2026-08-02 09:10:00,20170.37,930.38,44662.96,49015.15,7.452000000004773,27.162000000000262,-19.70999999999549,0.7256461232602643
2026-08-02 09:11:00,20170.76,929.52,44663.0,49015.34,7.641999999999825,27.1820000000007,-19.540000000000873,0.7188580678390247
2026-08-02 09:12:00,20170.76,929.21,44662.94,49015.25,7.552000000003318,27.187000000001717,-19.6349999999984,0.7222201787618038
2026-08-02 09:13:00,20169.6,929.1,44662.69,49014.57,6.872000000003027,27.192000000002736,-20.31999999999971,0.7472786113561953
2026-08-02 09:14:00,20170.15,928.5,44662.9,49014.97,7.272000000004482,27.197000000003754,-19.924999999999272,0.7326175681140024
2026-08-02 09:15:00,20169.54,928.04,44662.8,49014.63,6.9320000000006985,27.202000000004773,-20.270000000004075,0.7451657966326196
2026-08-02 09:16:00,20170.04,927.35,44662.7,49014.72,7.022000000004482,27.22200000000521,-20.200000000000728,0.7420468738519161
2026-08-02 09:17:00,20170.03,927.48,44662.59,49014.62,6.922000000005937,27.242000000005646,-20.31999999999971,0.7459070552821194
2026-08-02 09:18:00,20170.23,927.24,44662.47,49014.58,6.882000000005064,27.252000000004045,-20.36999999999898,0.7474680757374123
2026-08-02 09:19:00,20169.72,926.82,44662.13,49014.05,6.352000000006228,27.262000000002445,-20.909999999996217,0.7670016873301424
2026-08-02 09:20:00,20169.68,926.12,44662.11,49014.0,6.302000000003318,27.277000000001863,-20.974999999998545,0.7689628624847715
2026-08-02 09:21:00,20169.83,925.89,44662.02,49013.97,6.272000000004482,27.29200000000128,-21.0199999999968,0.7701890663929288
2026-08-02 09:22:00,20169.52,925.32,44661.91,49013.74,6.042000000001281,27.2970000000023,-21.25500000000102,0.7786569952741776
2026-08-02 09:23:00,20169.93,924.19,44662.11,49014.08,6.382000000005064,27.302000000003318,-20.919999999998254,0.766244231191697
2026-08-02 09:24:00,20169.76,923.99,44662.12,49014.01,6.312000000005355,27.327000000004773,-21.014999999999418,0.7690196508945639
2026-08-02 09:25:00,20169.5,923.57,44662.06,49013.84,6.141999999999825,27.352000000006228,-21.210000000006403,0.7754460368529384
2026-08-02 09:26:00,20169.83,922.91,44661.99,49013.9,6.202000000004773,27.352000000006228,-21.150000000001455,0.7732524129861305
2026-08-02 09:27:00,20169.52,922.84,44661.88,49013.68,5.982000000003609,27.352000000006228,-21.37000000000262,0.7812957004971393
2026-08-02 09:28:00,20169.7,922.35,44661.85,49013.72,6.022000000004482,27.372000000003027,-21.349999999998545,0.7799941546104115
2026-08-02 09:29:00,20169.41,921.66,44661.76,49013.51,5.812000000005355,27.391999999999825,-21.57999999999447,0.7878212616820461
2026-08-02 09:30:00,20169.28,921.0,44661.73,49013.41,5.71200000000681,27.397000000000844,-21.684999999994034,0.7915100193449416
2026-08-02 09:31:00,20168.49,920.77,44661.7,49013.07,5.372000000003027,27.402000000001863,-22.029999999998836,0.8039559156264995
2026-08-02 09:32:00,20168.85,920.13,44661.82,49013.33,5.632000000005064,27.402000000001863,-21.7699999999968,0.7944675571124487
2026-08-02 09:33:00,20168.78,920.09,44661.73,49013.19,5.492000000005646,27.402000000001863,-21.909999999996217,0.7995766732353379
2026-08-02 09:34:00,20169.1,919.75,44661.58,49013.17,5.472000000001572,27.40700000000288,-21.93500000000131,0.8003429780712593
2026-08-02 09:35:00,20168.95,918.63,44661.66,49013.17,5.472000000001572,27.4120000000039,-21.94000000000233,0.800379395884985
2026-08-02 09:36:00,20169.17,918.2,44661.73,49013.31,5.6120000000009895,27.442000000002736,-21.830000000001746,0.7954959551052974
2026-08-02 09:37:00,20168.99,918.1,44661.53,49013.05,5.352000000006228,27.47200000000157,-22.119999999995343,0.8051834595222073
2026-08-02 09:38:00,20168.85,917.46,44661.4,49012.87,5.172000000005937,27.492000000002008,-22.31999999999607,0.8118725447400859
2026-08-02 09:39:00,20168.53,916.78,44661.45,49012.78,5.082000000002154,27.512000000002445,-22.43000000000029,0.8152806048269228
2026-08-02 09:40:00,20168.31,916.57,44661.49,49012.74,5.042000000001281,27.552000000003318,-22.510000000002037,0.8170005807200684
2026-08-02 09:41:00,20168.77,916.18,44661.39,49012.81,5.1120000000009895,27.59200000000419,-22.4800000000032,0.814728906929537
2026-08-02 09:42:00,20168.39,915.72,44661.25,49012.5,4.802000000003318,27.59700000000521,-22.79500000000189,0.825995579229539
2026-08-02 09:43:00,20168.66,915.19,44661.45,49012.8,5.102000000006228,27.602000000006228,-22.5,0.8151583218605508
2026-08-02 09:44:00,20168.7,915.19,44661.17,49012.56,4.8620000000009895,27.617000000005646,-22.755000000004657,0.8239490169098745
2026-08-02 09:45:00,20168.41,915.04,44660.97,49012.26,4.562000000005355,27.632000000005064,-23.06999999999971,0.8349015634045845
2026-08-02 09:46:00,20168.59,913.91,44661.09,49012.42,4.722000000001572,27.642000000003463,-22.92000000000189,0.8291729976122936
2026-08-02 09:47:00,20168.68,913.79,44660.85,49012.24,4.542000000001281,27.652000000001863,-23.110000000000582,0.835744249963801
2026-08-02 09:48:00,20168.74,913.32,44660.72,49012.15,4.452000000004773,27.65700000000288,-23.20499999999811,0.8390280941532231
2026-08-02 09:49:00,20168.8,912.54,44660.6,49012.06,4.3620000000009895,27.6620000000039,-23.30000000000291,0.8423107512110342
2026-08-02 09:50:00,20168.28,911.71,44660.38,49011.61,3.9120000000039,27.6620000000039,-23.75,0.8585785554188653
2026-08-02 09:51:00,20168.65,911.52,44660.58,49011.94,4.242000000005646,27.6620000000039,-23.419999999998254,0.8466488323329822
2026-08-02 09:52:00,20168.81,911.44,44660.53,49011.96,4.262000000002445,27.66700000000492,-23.405000000002474,0.845953663208816
2026-08-02 09:53:00,20168.8,910.77,44660.46,49011.87,4.172000000005937,27.672000000005937,-23.5,0.8492338826248539
2026-08-02 09:54:00,20169.25,910.37,44660.4,49011.98,4.282000000006519,27.682000000004336,-23.399999999997817,0.8453146448953888
2026-08-02 09:55:00,20168.81,909.96,44660.15,49011.59,3.8919999999998254,27.692000000002736,-23.80000000000291,0.8594539939332861
2026-08-02 09:56:00,20169.08,909.66,44660.13,49011.67,3.9720000000015716,27.692000000002736,-23.720000000001164,0.8565650729452123
2026-08-02 09:57:00,20169.06,909.46,44660.08,49011.61,3.9120000000039,27.692000000002736,-23.779999999998836,0.8587317636861364
2026-08-02 09:58:00,20169.33,908.74,44659.97,49011.61,3.9120000000039,27.692000000002736,-23.779999999998836,0.8587317636861364
2026-08-02 09:59:00,20169.04,908.72,44659.9,49011.42,3.7220000000015716,27.692000000002736,-23.970000000001164,0.8655929510327458
2026-08-02 10:00:00,20169.28,907.78,44659.76,49011.38,3.6820000000006985,27.712000000003172,-24.030000000002474,0.8671333718244704
2026-08-02 10:01:00,20169.34,907.87,44659.78,49011.42,3.7220000000015716,27.73200000000361,-24.010000000002037,0.8657868166738394
2026-08-02 10:02:00,20169.28,907.37,44659.56,49011.17,3.4720000000015716,27.737000000004628,-24.265000000003056,0.8748242419872014
2026-08-02 10:03:00,20168.72,907.46,44659.37,49010.8,3.102000000006228,27.742000000005646,-24.639999999999418,0.8881839809672843
2026-08-02 10:04:00,20169.4,906.95,44659.39,49011.07,3.372000000003027,27.747000000003027,-24.375,0.878473348470009
2026-08-02 10:05:00,20169.33,906.19,44659.25,49010.89,3.1920000000027358,27.752000000000407,-24.55999999999767,0.8849812626116068
2026-08-02 10:06:00,20169.39,905.71,44659.12,49010.81,3.1120000000009895,27.79200000000128,-24.68000000000029,0.888025331030482
2026-08-02 10:07:00,20169.91,905.58,44658.98,49010.89,3.1920000000027358,27.832000000002154,-24.639999999999418,0.8853118712272747
2026-08-02 10:08:00,20169.43,905.67,44658.48,49010.23,2.5320000000065193,27.832000000002154,-25.299999999995634,0.9090255820635842
2026-08-02 10:09:00,20169.72,905.47,44658.5,49010.37,2.672000000005937,27.832000000002154,-25.159999999996217,0.9039954009770864
2026-08-02 10:10:00,20170.3,904.49,44658.58,49010.66,2.9620000000068103,27.837000000003172,-24.874999999996362,0.8935948557672712
2026-08-02 10:11:00,20169.93,904.07,44658.22,49010.16,2.4620000000068103,27.84200000000419,-25.37999999999738,0.9115724445080655
2026-08-02 10:12:00,20170.07,903.83,44658.15,49010.16,2.4620000000068103,27.84200000000419,-25.37999999999738,0.9115724445080655
2026-08-02 10:13:00,20170.56,903.78,44658.02,49010.23,2.5320000000065193,27.84200000000419,-25.30999999999767,0.9090582573088809
2026-08-02 10:14:00,20170.75,903.73,44657.62,49009.95,2.2520000000004075,27.84200000000419,-25.590000000003783,0.9191150061058807
2026-08-02 10:15:00,20170.69,903.28,44657.42,49009.75,2.052000000003318,27.84200000000419,-25.790000000000873,0.9262983981034765
2026-08-02 10:16:00,20171.1,902.98,44657.46,49009.94,2.242000000005646,27.872000000003027,-25.62999999999738,0.9195608495979692
2026-08-02 10:17:00,20170.72,902.64,44657.19,49009.53,1.8320000000021537,27.902000000001863,-26.06999999999971,0.9343416242562529
2026-08-02 10:18:00,20170.64,902.41,44657.08,49009.39,1.6920000000027358,27.937000000001717,-26.24499999999898,0.9394351576761059
2026-08-02 10:19:00,20170.68,901.9,44656.89,49009.22,1.522000000004482,27.97200000000157,-26.44999999999709,0.9455884455882884
2026-08-02 10:20:00,20170.7,902.08,44656.54,49008.92,1.2220000000015716,27.97700000000259,-26.75500000000102,0.9563212638952905
2026-08-02 10:21:00,20170.72,901.83,44656.18,49008.6,0.9020000000018626,27.98200000000361,-27.080000000001746,0.9677649917803679
2026-08-02 10:22:00,20171.08,901.3,44656.19,49008.75,1.0520000000033178,27.98200000000361,-26.93000000000029,0.9624044028302773
2026-08-02 10:23:00,20171.11,901.09,44656.09,49008.67,0.9720000000015716,27.98200000000361,-27.010000000002037,0.9652633836036936
2026-08-02 10:24:00,20171.64,900.34,44656.05,49008.84,1.1419999999998254,27.992000000002008,-26.850000000002183,0.9592026293226728
2026-08-02 10:25:00,20171.71,900.02,44656.08,49008.89,1.1920000000027358,28.002000000000407,-26.80999999999767,0.9574316120276152
2026-08-02 10:26:00,20171.53,899.58,44655.75,49008.49,0.7920000000012806,28.007000000001426,-27.215000000000146,0.9717213553753976
2026-08-02 10:27:00,20171.81,898.77,44655.61,49008.48,0.7820000000065193,28.012000000002445,-27.229999999995925,0.9720833928314133
2026-08-02 10:28:00,20172.8,898.62,44655.62,49008.88,1.1820000000006985,28.017000000003463,-26.835000000002765,0.9578113288360441
2026-08-02 10:29:00,20173.23,897.9,44655.55,49008.97,1.272000000004482,28.022000000004482,-26.75,0.9546070944256556
2026-08-02 10:30:00,20173.01,897.51,44655.4,49008.73,1.0320000000065193,28.022000000004482,-26.989999999997963,0.9631717935905234
2026-08-02 10:31:00,20173.38,896.91,44655.34,49008.82,1.1220000000030268,28.022000000004482,-26.900000000001455,0.9599600314037954
2026-08-02 10:32:00,20173.64,896.76,44655.12,49008.74,1.0420000000012806,28.022000000004482,-26.9800000000032,0.9628149311255044
2026-08-02 10:33:00,20173.27,896.73,44654.91,49008.38,0.6820000000006985,28.022000000004482,-27.340000000003783,0.9756619798729359
2026-08-02 10:34:00,20172.8,896.46,44654.78,49008.07,0.3720000000030268,28.022000000004482,-27.650000000001455,0.9867247162942343
2026-08-02 10:35:00,20173.44,895.57,44654.75,49008.28,0.5820000000021537,28.022000000004482,-27.44000000000233,0.9792306045249425
2026-08-02 10:36:00,20173.23,895.61,44654.41,49007.9,0.20200000000477303,28.03200000000288,-27.82999999999811,0.9927939497715199
2026-08-02 10:37:00,20173.43,895.28,44654.29,49007.86,0.1620000000038999,28.04200000000128,-27.87999999999738,0.9942229512872158
2026-08-02 10:38:00,20173.47,894.76,44654.0,49007.61,0.1,28.04200000000128,-27.94200000000128,0.9964339205477499
2026-08-02 10:39:00,20173.38,894.6,44653.91,49007.48,0.1,28.04200000000128,-27.94200000000128,0.9964339205477499
2026-08-02 10:40:00,20174.35,893.69,44654.1,49008.04,0.34200000000419095,28.04200000000128,-27.69999999999709,0.9878040082731554
2026-08-02 10:41:00,20174.55,893.55,44654.18,49008.19,0.49200000000564614,28.04200000000128,-27.549999999995634,0.9824548890947284
2026-08-02 10:42:00,20175.03,892.84,44654.02,49008.22,0.522000000004482,28.0470000000023,-27.524999999997817,0.9813883837842037
2026-08-02 10:43:00,20175.05,892.04,44653.93,49008.14,0.44200000000273576,28.052000000003318,-27.610000000000582,0.9842435476970383
2026-08-02 10:44:00,20175.45,891.73,44653.88,49008.24,0.5420000000012806,28.057000000004336,-27.515000000003056,0.980682182699462
2026-08-02 10:45:00,20175.62,891.77,44653.7,49008.15,0.45200000000477303,28.062000000005355,-27.610000000000582,0.9838928087803903
2026-08-02 10:46:00,20175.25,891.17,44653.44,49007.75,0.1,28.072000000003754,-27.972000000003753,0.9964377315474499
2026-08-02 10:47:00,20175.17,890.76,44653.51,49007.79,0.1,28.082000000002154,-27.982000000002152,0.9964390000712202
2026-08-02 10:48:00,20175.32,890.4,44653.51,49007.83,0.13200000000506407,28.082000000002154,-27.94999999999709,0.9952994800938304
2026-08-02 10:49:00,20174.74,890.01,44653.31,49007.41,0.1,28.082000000002154,-27.982000000002152,0.9964390000712202
2026-08-02 10:50:00,20175.6,889.64,44653.3,49007.76,0.1,28.082000000002154,-27.982000000002152,0.9964390000712202
2026-08-02 10:51:00,20174.89,889.58,44652.98,49007.17,0.1,28.082000000002154,-27.982000000002152,0.9964390000712202
2026-08-02 10:52:00,20174.41,889.75,44652.78,49006.8,0.1,28.087000000003172,-27.98700000000317,0.996439633994375
2026-08-02 10:53:00,20174.93,889.59,44652.59,49006.84,0.1,28.082000000002154,-27.982000000002152,0.9964390000712202
2026-08-02 10:54:00,20175.23,888.94,44652.65,49007.0,0.1,28.082000000002154,-27.982000000002152,0.9964390000712202
2026-08-02 10:55:00,20175.46,888.19,44652.73,49007.15,0.1,28.082000000002154,-27.982000000002152,0.9964390000712202
2026-08-02 10:56:00,20175.6,888.32,44652.57,49007.06,0.1,28.082000000002154,-27.982000000002152,0.9964390000712202
2026-08-02 10:57:00,20175.63,887.65,44652.57,49007.07,0.1,28.082000000002154,-27.982000000002152,0.9964390000712202
2026-08-02 10:58:00,20175.97,887.37,44652.47,49007.12,0.1,28.072000000003754,-27.972000000003753,0.9964377315474499
2026-08-02 10:59:00,20176.35,886.99,44652.41,49007.22,0.1,28.062000000005355,-27.962000000005354,0.9964364621195929
2026-08-02 11:00:00,20176.47,886.4,44652.31,49007.16,0.1,28.057000000004336,-27.957000000004335,0.9964358270663297
2026-08-02 11:01:00,20176.48,885.94,44652.18,49007.03,0.1,28.062000000005355,-27.962000000005354,0.9964364621195929
2026-08-02 11:02:00,20177.02,885.01,44652.33,49007.37,0.1,28.072000000003754,-27.972000000003753,0.9964377315474499
2026-08-02 11:03:00,20177.22,884.65,44652.37,49007.47,0.1,28.082000000002154,-27.982000000002152,0.9964390000712202
2026-08-02 11:04:00,20177.12,884.62,44652.1,49007.17,0.1,28.082000000002154,-27.982000000002152,0.9964390000712202
2026-08-02 11:05:00,20177.45,884.14,44652.09,49007.29,0.1,28.082000000002154,-27.982000000002152,0.9964390000712202
2026-08-02 11:06:00,20177.56,883.62,44652.0,49007.25,0.1,28.082000000002154,-27.982000000002152,0.9964390000712202
2026-08-02 11:07:00,20177.68,883.68,44651.87,49007.18,0.1,28.082000000002154,-27.982000000002152,0.9964390000712202
2026-08-02 11:08:00,20177.7,883.36,44651.78,49007.11,0.1,28.087000000003172,-27.98700000000317,0.996439633994375
2026-08-02 11:09:00,20177.84,882.92,44651.77,49007.15,0.1,28.09200000000419,-27.99200000000419,0.9964402676918701
2026-08-02 11:10:00,20177.57,882.55,44651.81,49007.07,0.1,28.09700000000521,-27.997000000005208,0.9964409011638259
2026-08-02 11:11:00,20177.75,881.94,44651.75,49007.08,0.1,28.102000000006228,-28.002000000006227,0.996441534410363
2026-08-02 11:12:00,20178.59,881.96,44651.79,49007.47,0.1,28.10700000000361,-28.007000000003607,0.9964421674316011
2026-08-02 11:13:00,20178.7,881.13,44651.86,49007.56,0.1,28.102000000006228,-28.002000000006227,0.996441534410363
2026-08-02 11:14:00,20179.05,880.94,44651.89,49007.74,0.1,28.09700000000521,-27.997000000005208,0.9964409011638259
2026-08-02 11:15:00,20178.78,880.69,44651.87,49007.62,0.1,28.09200000000419,-27.99200000000419,0.9964402676918701
2026-08-02 11:16:00,20178.46,880.56,44651.94,49007.57,0.1,28.087000000003172,-27.98700000000317,0.996439633994375
2026-08-02 11:17:00,20178.39,880.17,44651.89,49007.51,0.1,28.082000000002154,-27.982000000002152,0.9964390000712202
2026-08-02 11:18:00,20178.68,879.76,44651.82,49007.53,0.1,28.082000000002154,-27.982000000002152,0.9964390000712202
2026-08-02 11:19:00,20178.54,879.21,44651.99,49007.61,0.1,28.082000000002154,-27.982000000002152,0.9964390000712202
2026-08-02 11:20:00,20178.15,878.99,44651.99,49007.46,0.1,28.082000000002154,-27.982000000002152,0.9964390000712202
2026-08-02 11:21:00,20178.56,879.01,44651.91,49007.54,0.1,28.082000000002154,-27.982000000002152,0.9964390000712202
2026-08-02 11:22:00,20177.86,878.6,44651.91,49007.24,0.1,28.072000000003754,-27.972000000003753,0.9964377315474499
2026-08-02 11:23:00,20178.1,878.5,44651.9,49007.33,0.1,28.062000000005355,-27.962000000005354,0.9964364621195929
2026-08-02 11:24:00,20177.75,878.57,44651.89,49007.19,0.1,28.057000000004336,-27.957000000004335,0.9964358270663297
2026-08-02 11:25:00,20178.06,878.57,44651.86,49007.27,0.1,28.062000000005355,-27.962000000005354,0.9964364621195929
2026-08-02 11:26:00,20178.56,878.33,44651.69,49007.32,0.1,28.072000000003754,-27.972000000003753,0.9964377315474499
2026-08-02 11:27:00,20178.49,877.84,44651.74,49007.33,0.1,28.082000000002154,-27.982000000002152,0.9964390000712202
2026-08-02 11:28:00,20178.89,877.58,44651.81,49007.55,0.1,28.082000000002154,-27.982000000002152,0.9964390000712202
2026-08-02 11:29:00,20178.79,877.04,44651.75,49007.44,0.1,28.082000000002154,-27.982000000002152,0.9964390000712202
2026-08-02 11:30:00,20178.95,876.71,44651.67,49007.43,0.1,28.082000000002154,-27.982000000002152,0.9964390000712202
2026-08-02 11:31:00,20178.84,876.86,44651.64,49007.36,0.1,28.082000000002154,-27.982000000002152,0.9964390000712202
2026-08-02 11:32:00,20179.14,876.7,44651.72,49007.56,0.1,28.087000000003172,-27.98700000000317,0.996439633994375
2026-08-02 11:33:00,20178.39,876.82,44651.53,49007.09,0.1,28.09200000000419,-27.99200000000419,0.9964402676918701
2026-08-02 11:34:00,20177.89,876.87,44651.44,49006.83,0.1,28.09700000000521,-27.997000000005208,0.9964409011638259
2026-08-02 11:35:00,20178.49,876.55,44651.47,49007.09,0.1,28.09200000000419,-27.99200000000419,0.9964402676918701
2026-08-02 11:36:00,20178.41,876.59,44651.54,49007.09,0.1,28.087000000003172,-27.98700000000317,0.996439633994375
2026-08-02 11:37:00,20178.9,876.07,44651.55,49007.33,0.1,28.082000000002154,-27.982000000002152,0.9964390000712202
2026-08-02 11:38:00,20179.87,875.56,44651.62,49007.77,0.1,28.082000000002154,-27.982000000002152,0.9964390000712202
2026-08-02 11:39:00,20180.23,875.1,44651.75,49008.03,0.3320000000021537,28.082000000002154,-27.75,0.9881774802363746
2026-08-02 11:40:00,20179.7,874.66,44651.77,49007.83,0.13200000000506407,28.082000000002154,-27.94999999999709,0.9952994800938304
2026-08-02 11:41:00,20180.2,874.11,44652.13,49008.34,0.6419999999998254,28.082000000002154,-27.44000000000233,0.9771383804572403
2026-08-02 11:42:00,20179.45,874.22,44651.92,49007.86,0.1620000000038999,28.072000000003754,-27.909999999999854,0.9942291251067299
2026-08-02 11:43:00,20180.1,874.06,44652.08,49008.26,0.5620000000053551,28.062000000005355,-27.5,0.9799729171119219
2026-08-02 11:44:00,20179.89,874.24,44651.99,49008.09,0.3919999999998254,28.057000000004336,-27.66500000000451,0.986028442100019
2026-08-02 11:45:00,20178.77,874.3,44651.74,49007.39,0.1,28.052000000003318,-27.952000000003316,0.9964351917866823
2026-08-02 11:46:00,20179.13,874.12,44651.82,49007.61,0.1,28.0470000000023,-27.947000000002298,0.9964345562805293
2026-08-02 11:47:00,20180.79,873.59,44652.16,49008.55,0.8520000000062282,28.04200000000128,-27.189999999995052,0.9696170030666076
2026-08-02 11:48:00,20180.85,873.65,44652.25,49008.67,0.9720000000015716,28.04200000000128,-27.06999999999971,0.9653377077240737
2026-08-02 11:49:00,20180.62,872.81,44651.82,49008.18,0.4820000000036089,28.04200000000128,-27.55999999999767,0.9828114970400261
2026-08-02 11:50:00,20180.39,872.8,44651.78,49008.05,0.3520000000062282,28.04200000000128,-27.689999999995052,0.9874474003278578
2026-08-02 11:51:00,20180.77,872.56,44651.9,49008.29,0.592000000004191,28.04200000000128,-27.44999999999709,0.9788888096425303
2026-08-02 11:52:00,20180.43,872.46,44651.74,49008.02,0.3220000000001164,28.03200000000288,-27.710000000002765,0.9885131278538783
2026-08-02 11:53:00,20180.96,872.51,44651.59,49008.11,0.4120000000038999,28.022000000004482,-27.610000000000582,0.9852972664333797
2026-08-02 11:54:00,20181.06,871.67,44651.59,49008.15,0.45200000000477303,28.022000000004482,-27.56999999999971,0.9838698165725251
2026-08-02 11:55:00,20180.37,872.19,44651.51,49007.78,0.1,28.022000000004482,-27.92200000000448,0.9964313753479415
2026-08-02 11:56:00,20180.85,871.79,44651.61,49008.05,0.3520000000062282,28.022000000004482,-27.669999999998254,0.9874384412245317
2026-08-02 11:57:00,20180.38,871.73,44651.31,49007.6,0.1,28.022000000004482,-27.92200000000448,0.9964313753479415
2026-08-02 11:58:00,20180.88,871.45,44651.22,49007.72,0.1,28.022000000004482,-27.92200000000448,0.9964313753479415
2026-08-02 11:59:00,20180.61,871.48,44651.07,49007.46,0.1,28.022000000004482,-27.92200000000448,0.9964313753479415
2026-08-02 12:00:00,20180.7,871.34,44650.95,49007.4,0.1,28.017000000003463,-27.917000000003462,0.9964307384802088
2026-08-02 12:01:00,20180.52,871.12,44650.83,49007.22,0.1,28.022000000004482,-27.92200000000448,0.9964313753479415
2026-08-02 12:02:00,20181.03,870.87,44650.99,49007.53,0.1,28.022000000004482,-27.92200000000448,0.9964313753479415
2026-08-02 12:03:00,20180.69,870.49,44650.89,49007.27,0.1,28.022000000004482,-27.92200000000448,0.9964313753479415
2026-08-02 12:04:00,20180.29,870.8,44650.7,49006.94,0.1,28.022000000004482,-27.92200000000448,0.9964313753479415
2026-08-02 12:05:00,20181.58,870.47,44650.63,49007.4,0.1,28.022000000004482,-27.92200000000448,0.9964313753479415
2026-08-02 12:06:00,20181.61,870.01,44650.54,49007.31,0.1,28.022000000004482,-27.92200000000448,0.9964313753479415
2026-08-02 12:07:00,20181.86,869.73,44650.47,49007.35,0.1,28.022000000004482,-27.92200000000448,0.9964313753479415
2026-08-02 12:08:00,20182.77,869.31,44650.33,49007.62,0.1,28.03200000000288,-27.93200000000288,0.9964326484018268
2026-08-02 12:09:00,20183.17,868.89,44650.18,49007.66,0.1,28.04200000000128,-27.94200000000128,0.9964339205477499
2026-08-02 12:10:00,20183.42,868.02,44650.28,49007.84,0.14199999999982538,28.04200000000128,-27.900000000001455,0.9949361671778112
2026-08-02 12:11:00,20184.54,867.54,44650.2,49008.2,0.5020000000004075,28.04200000000128,-27.540000000000873,0.9820982811496903
2026-08-02 12:12:00,20183.81,867.49,44649.96,49007.7,0.1,28.04200000000128,-27.94200000000128,0.9964339205477499
2026-08-02 12:13:00,20183.64,867.51,44649.96,49007.61,0.1,28.04200000000128,-27.94200000000128,0.9964339205477499
2026-08-02 12:14:00,20182.71,867.47,44649.81,49007.11,0.1,28.0470000000023,-27.947000000002298,0.9964345562805293
2026-08-02 12:15:00,20182.84,866.96,44649.84,49007.21,0.1,28.052000000003318,-27.952000000003316,0.9964351917866823
2026-08-02 12:16:00,20183.36,866.61,44649.89,49007.47,0.1,28.057000000004336,-27.957000000004335,0.9964358270663297
2026-08-02 12:17:00,20183.1,866.52,44649.79,49007.26,0.1,28.062000000005355,-27.962000000005354,0.9964364621195929
2026-08-02 12:18:00,20183.59,866.37,44649.71,49007.39,0.1,28.072000000003754,-27.972000000003753,0.9964377315474499
2026-08-02 12:19:00,20184.37,866.17,44649.65,49007.66,0.1,28.082000000002154,-27.982000000002152,0.9964390000712202
2026-08-02 12:20:00,20184.39,865.85,44649.65,49007.65,0.1,28.082000000002154,-27.982000000002152,0.9964390000712202
2026-08-02 12:21:00,20184.09,866.14,44649.25,49007.18,0.1,28.082000000002154,-27.982000000002152,0.9964390000712202
2026-08-02 12:22:00,20185.5,865.59,44649.37,49007.86,0.1620000000038999,28.082000000002154,-27.919999999998254,0.9942311801152379
2026-08-02 12:23:00,20185.61,864.57,44649.65,49008.15,0.45200000000477303,28.082000000002154,-27.62999999999738,0.9839042803217457
2026-08-02 12:24:00,20185.02,864.73,44649.64,49007.9,0.20200000000477303,28.087000000003172,-27.8849999999984,0.9928080606684676
2026-08-02 12:25:00,20186.12,864.21,44649.44,49008.16,0.4620000000068103,28.09200000000419,-27.62999999999738,0.9835540367361975
2026-08-02 12:26:00,20186.72,864.96,44649.0,49008.02,0.3220000000001164,28.09700000000521,-27.775000000005093,0.9885397017475155
2026-08-02 12:27:00,20195.34,865.07,44648.54,49011.11,3.4120000000039,28.102000000006228,-24.69000000000233,0.8785851540814482
2026-08-02 12:28:00,20197.47,862.51,44648.21,49011.64,3.9420000000027358,28.10700000000361,-24.165000000000873,0.859750240153619
2026-08-02 12:29:00,20203.1,861.51,44648.38,49014.09,6.391999999999825,28.11200000000099,-21.720000000001164,0.7726237905520916
2026-08-02 12:30:00,20209.86,858.95,44648.07,49016.5,8.802000000003318,28.11200000000099,-19.30999999999767,0.6868952760385953
2026-08-02 12:31:00,20215.88,854.58,44648.71,49019.48,11.78200000000652,28.11200000000099,-16.32999999999447,0.5808907228227765
2026-08-02 12:32:00,20220.89,849.95,44649.62,49022.25,14.552000000003318,28.117000000002008,-13.56499999999869,0.48244834086131955
2026-08-02 12:33:00,20221.11,846.96,44649.64,49022.32,14.622000000003027,28.122000000003027,-13.5,0.48005120546186425
2026-08-02 12:34:00,20218.67,846.67,44649.31,49021.0,13.302000000003318,28.127000000004045,-14.825000000000728,0.5270736303195718
2026-08-02 12:35:00,20217.27,846.41,44649.06,49020.21,12.512000000002445,28.132000000005064,-15.62000000000262,0.5552395848144394
2026-08-02 12:36:00,20217.26,845.81,44649.37,49020.46,12.762000000002445,28.132000000005064,-15.37000000000262,0.5463529077207399
2026-08-02 12:37:00,20219.61,843.91,44649.94,49021.92,14.222000000001572,28.132000000005064,-13.910000000003492,0.4944547134935656
2026-08-02 12:38:00,20220.51,843.17,44649.96,49022.29,14.592000000004191,28.132000000005064,-13.540000000000873,0.4813024313947972
2026-08-02 12:39:00,20220.49,843.07,44649.56,49021.92,14.222000000001572,28.132000000005064,-13.910000000003492,0.4944547134935656
2026-08-02 12:40:00,20221.27,842.82,44649.82,49022.49,14.79200000000128,28.132000000005064,-13.340000000003783,0.47419308971994106
2026-08-02 12:41:00,20223.34,841.99,44650.1,49023.58,15.882000000005064,28.132000000005064,-12.25,0.43544717759127666
2026-08-02 12:42:00,20223.53,840.94,44650.35,49023.85,16.152000000001863,28.132000000005064,-11.980000000003201,0.425849566330195
2026-08-02 12:43:00,20222.45,840.91,44650.36,49023.42,15.722000000001572,28.132000000005064,-12.410000000003492,0.4411346509313685
2026-08-02 12:44:00,20223.67,839.76,44650.67,49024.18,16.48200000000361,28.137000000002445,-11.654999999998836,0.4142232647403001
2026-08-02 12:45:00,20224.62,838.86,44650.8,49024.65,16.952000000004773,28.141999999999825,-11.189999999995052,0.39762632364420164
2026-08-02 12:46:00,20224.08,838.97,44651.07,49024.65,16.952000000004773,28.141999999999825,-11.189999999995052,0.39762632364420164
2026-08-02 12:47:00,20223.64,838.96,44651.15,49024.53,16.832000000002154,28.141999999999825,-11.309999999997672,0.4018904129058966
2026-08-02 12:48:00,20223.48,838.8,44650.92,49024.29,16.59200000000419,28.141999999999825,-11.549999999995634,0.410418591429028
2026-08-02 12:49:00,20223.52,838.01,44651.12,49024.46,16.762000000002445,28.141999999999825,-11.37999999999738,0.40437779830848736
2026-08-02 12:50:00,20222.87,837.78,44651.29,49024.36,16.6620000000039,28.147000000000844,-11.484999999996944,0.4080363804311863
2026-08-02 12:51:00,20224.29,837.93,44651.44,49025.09,17.391999999999825,28.152000000001863,-10.760000000002037,0.3822108553566825
2026-08-02 12:52:00,20225.12,837.94,44651.5,49025.44,17.742000000005646,28.1720000000023,-10.429999999996653,0.3702257560697076
2026-08-02 12:53:00,20224.29,838.29,44651.2,49024.83,17.132000000005064,28.192000000002736,-11.059999999997672,0.3923098751417636
2026-08-02 12:54:00,20224.07,838.0,44651.23,49024.78,17.082000000002154,28.197000000003754,-11.1150000000016,0.39419087136929887
2026-08-02 12:55:00,20224.95,836.59,44651.76,49025.63,17.9320000000007,28.202000000004773,-10.270000000004075,0.364158570314245
2026-08-02 12:56:00,20226.04,834.9,44652.5,49026.7,19.002000000000407,28.20700000000579,-9.205000000005384,0.3263374339704149
2026-08-02 12:57:00,20223.02,835.4,44652.41,49025.39,17.692000000002736,28.21200000000681,-10.520000000004075,0.3728909683823031
2026-08-02 12:58:00,20219.06,836.84,44652.07,49023.49,15.79200000000128,28.22200000000521,-12.430000000003929,0.4404365388704427
2026-08-02 12:59:00,20216.88,838.78,44651.82,49022.4,14.702000000004773,28.23200000000361,-13.529999999998836,0.47924341173126617
2026-08-02 13:00:00,20214.81,839.18,44651.6,49021.33,13.632000000005064,28.237000000004628,-14.604999999999563,0.5172291674043691
2026-08-02 13:01:00,20213.8,839.56,44651.64,49020.97,13.272000000004482,28.242000000005646,-14.970000000001164,0.530061610367473
2026-08-02 13:02:00,20212.12,840.77,44651.52,49020.2,12.502000000000407,28.252000000004045,-15.750000000003638,0.5574826560951927
2026-08-02 13:03:00,20210.29,842.22,44651.22,49019.19,11.492000000005646,28.262000000002445,-16.7699999999968,0.5933762649492375
2026-08-02 13:04:00,20207.52,842.98,44650.84,49017.74,10.04200000000128,28.28200000000288,-18.2400000000016,0.6449331730429158
2026-08-02 13:05:00,20204.6,843.61,44650.77,49016.51,8.812000000005355,28.302000000003318,-19.489999999997963,0.6886439120908656
2026-08-02 13:06:00,20203.41,844.63,44650.64,49015.93,8.232000000003609,28.302000000003318,-20.06999999999971,0.7091371634512528
2026-08-02 13:07:00,20201.81,845.25,44650.55,49015.22,7.522000000004482,28.302000000003318,-20.779999999998836,0.7342237297716204
2026-08-02 13:08:00,20200.75,844.74,44650.91,49015.1,7.402000000001863,28.307000000004336,-20.905000000002474,0.7385099092097104
2026-08-02 13:09:00,20198.53,845.89,44650.89,49014.17,6.472000000001572,28.312000000005355,-21.840000000003783,0.7714043515117142
2026-08-02 13:10:00,20197.75,846.74,44650.57,49013.58,5.882000000005064,28.312000000005355,-22.43000000000029,0.7922435716302645
2026-08-02 13:11:00,20196.91,846.73,44650.43,49013.12,5.422000000005937,28.312000000005355,-22.889999999999418,0.808491099180386
2026-08-02 13:12:00,20196.88,846.28,44650.74,49013.39,5.692000000002736,28.322000000003754,-22.63000000000102,0.7990254925498912
2026-08-02 13:13:00,20196.86,846.72,44650.89,49013.52,5.822000000000116,28.332000000002154,-22.510000000002037,0.7945079768459807
2026-08-02 13:14:00,20196.79,846.73,44651.05,49013.64,5.942000000002736,28.36200000000099,-22.419999999998254,0.7904943233903629
2026-08-02 13:15:00,20197.31,846.2,44651.25,49014.02,6.322000000000116,28.391999999999825,-22.06999999999971,0.7773316427162527
2026-08-02 13:16:00,20197.3,846.3,44651.28,49014.06,6.3620000000009895,28.391999999999825,-22.029999999998836,0.7759227951535281
2026-08-02 13:17:00,20198.13,846.01,44651.61,49014.68,6.982000000003609,28.391999999999825,-21.409999999996217,0.7540856579316831
2026-08-02 13:18:00,20197.67,845.73,44651.59,49014.48,6.782000000006519,28.40700000000288,-21.624999999996362,0.7612560284434882
2026-08-02 13:19:00,20197.1,846.5,44651.49,49014.15,6.452000000004773,28.422000000005937,-21.970000000001164,0.7729927520933282
2026-08-02 13:20:00,20194.75,847.8,44650.97,49012.72,5.022000000004482,28.422000000005937,-23.400000000001455,0.8233058898035525
2026-08-02 13:21:00,20195.71,848.44,44650.98,49013.16,5.46200000000681,28.422000000005937,-22.959999999999127,0.8078249243541739
2026-08-02 13:22:00,20196.98,847.53,44651.5,49014.13,6.4320000000006985,28.427000000003318,-21.99500000000262,0.773736236676401
2026-08-02 13:23:00,20194.95,847.35,44651.58,49013.34,5.641999999999825,28.4320000000007,-22.790000000000873,0.8015616207090712
2026-08-02 13:24:00,20194.49,847.57,44651.97,49013.52,5.822000000000116,28.4320000000007,-22.610000000000582,0.7952307259426008
2026-08-02 13:25:00,20195.0,848.22,44652.12,49013.87,6.172000000005937,28.4320000000007,-22.25999999999476,0.7829206527853902
2026-08-02 13:26:00,20195.15,847.31,44652.25,49014.05,6.352000000006228,28.4320000000007,-22.07999999999447,0.7765897580189198
2026-08-02 13:27:00,20194.93,847.15,44652.57,49014.26,6.562000000005355,28.4320000000007,-21.869999999995343,0.769203714124747
2026-08-02 13:28:00,20195.09,847.57,44652.96,49014.67,6.972000000001572,28.4320000000007,-21.459999999999127,0.7547833427123875
2026-08-02 13:29:00,20194.13,848.53,44652.96,49014.28,6.582000000002154,28.4320000000007,-21.849999999998545,0.7685002813730307
2026-08-02 13:30:00,20193.54,849.13,44652.88,49013.98,6.282000000006519,28.4320000000007,-22.14999999999418,0.7790517726503108
2026-08-02 13:31:00,20193.96,848.85,44653.18,49014.43,6.732000000003609,28.4320000000007,-21.69999999999709,0.7632245357342626
2026-08-02 13:32:00,20193.87,848.29,44653.69,49014.87,7.172000000005937,28.437000000001717,-21.26499999999578,0.7477933677952842
2026-08-02 13:33:00,20193.16,848.42,44654.06,49014.92,7.222000000001572,28.442000000002736,-21.220000000001164,0.7460797412277309
2026-08-02 13:34:00,20193.25,849.14,44654.23,49015.1,7.402000000001863,28.447000000003754,-21.04500000000189,0.7397968151298595
2026-08-02 13:35:00,20194.5,849.34,44654.4,49015.75,8.052000000003318,28.452000000004773,-20.400000000001455,0.7169970476591464
2026-08-02 13:36:00,20194.2,849.24,44654.57,49015.78,8.082000000002154,28.462000000003172,-20.38000000000102,0.7160424425549415
2026-08-02 13:37:00,20193.87,849.27,44654.91,49015.97,8.272000000004482,28.47200000000157,-20.19999999999709,0.7094689519526544
2026-08-02 13:38:00,20194.31,849.49,44655.07,49016.29,8.592000000004191,28.47700000000259,-19.8849999999984,0.698282824735632
2026-08-02 13:39:00,20194.37,849.64,44655.0,49016.24,8.54200000000128,28.48200000000361,-19.94000000000233,0.7000912857243101
2026-08-02 13:40:00,20194.95,849.21,44655.62,49017.02,9.322000000000116,28.492000000002008,-19.17000000000189,0.6728204408255138
2026-08-02 13:41:00,20194.52,848.94,44656.05,49017.24,9.54200000000128,28.502000000000407,-18.959999999999127,0.6652164760367292
2026-08-02 13:42:00,20193.61,849.14,44656.06,49016.87,9.172000000005937,28.502000000000407,-19.32999999999447,0.6781980211912916
2026-08-02 13:43:00,20193.66,849.59,44656.23,49017.06,9.36200000000099,28.502000000000407,-19.139999999999418,0.6715318223282276
2026-08-02 13:44:00,20193.46,849.91,44656.27,49017.0,9.302000000003318,28.53200000000288,-19.229999999999563,0.6739800925276048
2026-08-02 13:45:00,20192.75,849.91,44656.33,49016.77,9.072000000000116,28.562000000005355,-19.49000000000524,0.6823751838107129
2026-08-02 13:46:00,20192.88,850.32,44656.42,49016.94,9.242000000005646,28.567000000002736,-19.32499999999709,0.6764798543772619
2026-08-02 13:47:00,20193.6,850.41,44656.61,49017.42,9.722000000001572,28.572000000000116,-18.849999999998545,0.6597368052638412
2026-08-02 13:48:00,20193.71,850.44,44656.74,49017.58,9.882000000005064,28.577000000001135,-18.69499999999607,0.6541974315006939
2026-08-02 13:49:00,20193.46,850.85,44656.83,49017.57,9.872000000003027,28.582000000002154,-18.709999999999127,0.6546077951157273
2026-08-02 13:50:00,20192.97,850.89,44656.71,49017.28,9.582000000002154,28.60700000000361,-19.025000000001455,0.6650470164644686
2026-08-02 13:51:00,20192.66,851.03,44656.85,49017.29,9.592000000004191,28.632000000005064,-19.040000000000873,0.6649902207319609
2026-08-02 13:52:00,20193.42,851.31,44657.17,49017.88,10.182000000000698,28.647000000004482,-18.465000000003783,0.6445701120536494
2026-08-02 13:53:00,20193.76,851.5,44657.07,49017.95,10.252000000000407,28.6620000000039,-18.410000000003492,0.6423138650478329
2026-08-02 13:54:00,20192.67,851.72,44656.92,49017.38,9.682000000000698,28.66700000000492,-18.98500000000422,0.662259741165834
2026-08-02 13:55:00,20191.49,852.64,44657.03,49016.99,9.29200000000128,28.672000000005937,-19.380000000004657,0.6759207589285938
2026-08-02 13:56:00,20191.01,853.18,44657.03,49016.79,9.092000000004191,28.672000000005937,-19.580000000001746,0.6828962053570623
2026-08-02 13:57:00,20190.5,853.94,44656.8,49016.43,8.732000000003609,28.672000000005937,-19.94000000000233,0.6954520089285087
2026-08-02 13:58:00,20191.01,854.38,44656.84,49016.68,8.982000000003609,28.672000000005937,-19.69000000000233,0.6867327008927961
2026-08-02 13:59:00,20191.14,854.51,44656.86,49016.74,9.04200000000128,28.672000000005937,-19.630000000004657,0.6846400669643063
2026-08-02 14:00:00,20190.24,854.67,44656.84,49016.35,8.652000000001863,28.692000000006374,-20.04000000000451,0.698452530322043
2026-08-02 14:01:00,20189.91,854.53,44657.07,49016.41,8.71200000000681,28.71200000000681,-20.0,0.6965728615211499
2026-08-02 14:02:00,20189.61,855.25,44656.93,49016.18,8.482000000003609,28.742000000005646,-20.260000000002037,0.7048917959779437
2026-08-02 14:03:00,20189.76,854.82,44656.87,49016.19,8.492000000005646,28.772000000004482,-20.279999999998836,0.7048519393853634
2026-08-02 14:04:00,20191.5,854.36,44657.17,49017.18,9.482000000003609,28.772000000004482,-19.290000000000873,0.670443486723129
2026-08-02 14:05:00,20191.06,854.2,44657.22,49017.02,9.322000000000116,28.772000000004482,-19.450000000004366,0.6760044487696836
2026-08-02 14:06:00,20192.0,854.72,44656.97,49017.18,9.482000000003609,28.7770000000055,-19.29500000000189,0.6705007471243772
2026-08-02 14:07:00,20193.25,854.14,44657.01,49017.72,10.022000000004482,28.78200000000652,-18.760000000002037,0.6517962615522822
2026-08-02 14:08:00,20193.57,854.42,44656.89,49017.77,10.072000000000116,28.7870000000039,-18.715000000003783,0.6501198457637561
2026-08-02 14:09:00,20194.49,853.57,44656.91,49018.15,10.452000000004773,28.79200000000128,-18.339999999996508,0.6369824951373886
2026-08-02 14:10:00,20196.14,852.1,44657.14,49019.0,11.302000000003318,28.827000000001135,-17.524999999997817,0.6079370035035601
2026-08-02 14:11:00,20200.62,850.45,44657.68,49021.31,13.61200000000099,28.86200000000099,-15.25,0.5283764118910498
2026-08-02 14:12:00,20205.41,847.66,44658.4,49023.86,16.1620000000039,28.86200000000099,-12.69999999999709,0.44002494629605204
2026-08-02 14:13:00,20206.69,844.8,44659.15,49025.01,17.312000000005355,28.86200000000099,-11.549999999995634,0.4001801676943815
2026-08-02 14:14:00,20206.58,843.84,44659.32,49025.1,17.402000000001863,28.86200000000099,-11.459999999999127,0.3970618806735061
2026-08-02 14:15:00,20205.9,843.43,44659.48,49024.95,17.252000000000407,28.86200000000099,-11.610000000000582,0.4022590257085505
2026-08-02 14:16:00,20204.29,843.97,44659.31,49024.17,16.47200000000157,28.872000000003027,-12.400000000001455,0.42948185092824037
2026-08-02 14:17:00,20202.73,844.54,44659.06,49023.31,15.61200000000099,28.882000000005064,-13.270000000004075,0.45945571636319327
2026-08-02 14:18:00,20202.57,845.63,44658.9,49023.11,15.4120000000039,28.9020000000055,-13.4900000000016,0.46674970590267223
2026-08-02 14:19:00,20200.6,845.96,44658.62,49022.06,14.36200000000099,28.922000000005937,-14.560000000004948,0.5034229997926132
2026-08-02 14:20:00,20200.32,846.44,44658.67,49022.0,14.302000000003318,28.932000000004336,-14.630000000001019,0.5056684639844748
2026-08-02 14:21:00,20202.3,846.4,44658.84,49022.95,15.252000000000407,28.942000000002736,-13.690000000002328,0.4730149955082936
2026-08-02 14:22:00,20205.24,845.59,44659.18,49024.45,16.752000000000407,28.957000000002154,-12.205000000001746,0.4214870324964892
2026-08-02 14:23:00,20205.19,844.94,44659.19,49024.43,16.73200000000361,28.97200000000157,-12.239999999997963,0.4224768742232949
2026-08-02 14:24:00,20206.28,844.72,44659.62,49025.28,17.582000000002154,28.98700000000099,-11.404999999998836,0.3934522372097301
2026-08-02 14:25:00,20205.69,845.01,44659.42,49024.84,17.141999999999825,29.002000000000407,-11.860000000000582,0.40893731466796823
2026-08-02 14:26:00,20203.49,846.09,44658.85,49023.45,15.752000000000407,29.012000000002445,-13.260000000002037,0.4570522542396567
2026-08-02 14:27:00,20201.46,846.63,44658.99,49022.78,15.082000000002154,29.022000000004482,-13.940000000002328,0.4803252704844661
2026-08-02 14:28:00,20201.05,847.03,44659.15,49022.77,15.072000000000116,29.0270000000055,-13.955000000005384,0.4807592930720619
2026-08-02 14:29:00,20198.34,848.45,44659.26,49021.77,14.072000000000116,29.03200000000652,-14.960000000006403,0.5152934692753873
2026-08-02 14:30:00,20196.94,848.86,44659.34,49021.25,13.552000000003318,29.052000000003318,-15.5,0.533526091146848
2026-08-02 14:31:00,20194.98,850.6,44659.09,49020.27,12.572000000000116,29.072000000000116,-16.5,0.5675564116675816
2026-08-02 14:32:00,20195.76,851.76,44658.96,49020.5,12.802000000003318,29.077000000001135,-16.274999999997817,0.559720741479423
2026-08-02 14:33:00,20195.02,852.6,44658.85,49020.11,12.4120000000039,29.082000000002154,-16.669999999998254,0.5732067945807379
2026-08-02 14:34:00,20192.28,854.48,44658.36,49018.58,10.882000000005064,29.087000000003172,-18.20499999999811,0.6258809777562527
2026-08-02 14:35:00,20191.69,855.29,44658.42,49018.4,10.702000000004773,29.09200000000419,-18.389999999999418,0.6321325450294503
2026-08-02 14:36:00,20190.79,855.24,44658.66,49018.25,10.552000000003318,29.09200000000419,-18.540000000000873,0.6372886016773753
2026-08-02 14:37:00,20189.78,855.7,44658.73,49017.89,10.192000000002736,29.09200000000419,-18.900000000001455,0.6496631376322952
2026-08-02 14:38:00,20188.59,856.67,44658.58,49017.29,9.592000000004191,29.09700000000521,-19.50500000000102,0.6703440217203672
2026-08-02 14:39:00,20189.35,857.07,44658.68,49017.72,10.022000000004482,29.102000000006228,-19.080000000001746,0.6556250429522941
2026-08-02 14:40:00,20190.95,856.82,44659.3,49018.92,11.222000000001572,29.10700000000361,-17.885000000002037,0.6144570034699495
2026-08-02 14:41:00,20191.77,856.13,44659.74,49019.65,11.952000000004773,29.11200000000099,-17.159999999996217,0.5894476504532713
2026-08-02 14:42:00,20193.06,855.66,44660.05,49020.45,12.752000000000407,29.11200000000099,-16.360000000000582,0.5619675735092067
2026-08-02 14:43:00,20193.56,854.99,44660.3,49020.86,13.1620000000039,29.11200000000099,-15.94999999999709,0.5478840340751768
2026-08-02 14:44:00,20193.74,854.53,44660.51,49021.12,13.422000000005937,29.117000000002008,-15.694999999996071,0.5390321805129302
2026-08-02 14:45:00,20194.23,854.23,44660.77,49021.55,13.852000000006228,29.122000000003027,-15.269999999996799,0.524345855366912
2026-08-02 14:46:00,20194.83,853.97,44661.02,49022.01,14.312000000005355,29.122000000003027,-14.809999999997672,0.5085502369341437
2026-08-02 14:47:00,20195.18,853.9,44661.49,49022.59,14.891999999999825,29.122000000003027,-14.230000000003201,0.48863402238863135
2026-08-02 14:48:00,20196.19,853.63,44661.83,49023.31,15.61200000000099,29.127000000004045,-13.515000000003056,0.4640024719332983
2026-08-02 14:49:00,20197.02,853.76,44661.93,49023.73,16.03200000000652,29.132000000005064,-13.099999999998545,0.44967733077015887
2026-08-02 14:50:00,20196.7,853.77,44662.08,49023.75,16.052000000003318,29.132000000005064,-13.080000000001746,0.4489908004942837
2026-08-02 14:51:00,20196.38,854.41,44662.37,49023.87,16.172000000005937,29.132000000005064,-12.959999999999127,0.44487161883828347
2026-08-02 14:52:00,20194.68,855.36,44662.44,49023.25,15.552000000003318,29.132000000005064,-13.580000000001746,0.46615405739390997
2026-08-02 14:53:00,20194.48,855.53,44662.49,49023.22,15.522000000004482,29.132000000005064,-13.610000000000582,0.4671838528078476
2026-08-02 14:54:00,20194.3,855.91,44662.47,49023.16,15.46200000000681,29.147000000004482,-13.684999999997672,0.46951658832797777
2026-08-02 14:55:00,20194.46,855.83,44662.8,49023.53,15.832000000002154,29.1620000000039,-13.330000000001746,0.4571017077018025
2026-08-02 14:56:00,20195.41,855.75,44663.44,49024.49,16.79200000000128,29.16700000000492,-12.375000000003638,0.42428086536159193
2026-08-02 14:57:00,20195.44,855.53,44663.75,49024.79,17.09200000000419,29.172000000005937,-12.080000000001746,0.41409570821333086
2026-08-02 14:58:00,20195.99,856.05,44664.04,49025.25,17.552000000003318,29.172000000005937,-11.62000000000262,0.3983271630330541
2026-08-02 14:59:00,20195.05,856.74,44664.12,49024.96,17.262000000002445,29.172000000005937,-11.910000000003492,0.40826820238588607
2026-08-02 15:00:00,20195.35,857.29,44664.28,49025.25,17.552000000003318,29.172000000005937,-11.62000000000262,0.3983271630330541
2026-08-02 15:01:00,20195.24,857.9,44664.48,49025.4,17.702000000004773,29.172000000005937,-11.470000000001164,0.3931852461263825
2026-08-02 15:02:00,20195.19,858.36,44664.63,49025.53,17.832000000002154,29.182000000004336,-11.350000000002183,0.3889383866767355
2026-08-02 15:03:00,20194.64,858.91,44664.67,49025.35,17.652000000001863,29.192000000002736,-11.540000000000873,0.395313784598513
2026-08-02 15:04:00,20195.48,859.19,44665.13,49026.12,18.422000000005937,29.197000000003754,-10.774999999997817,0.3690447648729812
2026-08-02 15:05:00,20194.1,859.82,44665.23,49025.66,17.96200000000681,29.202000000004773,-11.239999999997963,0.3849051434831904
2026-08-02 15:06:00,20195.21,859.87,44665.41,49026.28,18.582000000002154,29.20700000000579,-10.625000000003638,0.3637826548430695
2026-08-02 15:07:00,20196.17,859.83,44665.64,49026.9,19.202000000004773,29.21200000000681,-10.010000000002037,0.3426673969601432
2026-08-02 15:08:00,20201.13,858.17,44666.36,49029.56,21.86200000000099,29.21200000000681,-7.350000000005821,0.2516089278380155
2026-08-02 15:09:00,20203.66,856.93,44666.95,49031.1,23.402000000001863,29.21200000000681,-5.810000000004948,0.19889086676720502
2026-08-02 15:10:00,20208.43,855.3,44667.87,49033.87,26.172000000005937,29.21700000000419,-3.0449999999982538,0.10422014580544946
2026-08-02 15:11:00,20210.42,854.52,44668.12,49034.89,27.192000000002736,29.22200000000157,-2.029999999998836,0.06946820888367418
2026-08-02 15:12:00,20214.35,853.85,44668.87,49037.17,29.47200000000157,29.22200000000157,0.25,0.008555198138388426
2026-08-02 15:13:00,20214.34,852.8,44669.46,49037.65,29.952000000004773,29.22200000000157,0.7300000000032014,0.024981178564203756
2026-08-02 15:14:00,20215.43,853.51,44669.75,49038.38,30.6820000000007,29.22200000000157,1.4599999999991269,0.049962357128158524
2026-08-02 15:15:00,20212.75,855.04,44669.52,49037.08,29.382000000005064,29.22200000000157,0.16000000000349246,0.005475326808688107
2026-08-02 15:16:00,20211.34,856.31,44669.52,49036.56,28.86200000000099,29.22700000000259,-0.3650000000016007,0.012488452458396974
2026-08-02 15:17:00,20213.28,856.09,44670.23,49037.96,30.262000000002445,29.23200000000361,1.0299999999988358,0.03523535851117641
2026-08-02 15:18:00,20214.1,855.63,44670.7,49038.68,30.98200000000361,29.23200000000361,1.75,0.05986590038313437
2026-08-02 15:19:00,20214.63,855.99,44670.89,49039.1,31.402000000001863,29.23200000000361,2.1699999999982538,0.07423371647502688
2026-08-02 15:20:00,20215.39,855.56,44671.28,49039.74,32.04200000000128,29.22700000000259,2.8149999999986903,0.09631505115127932
2026-08-02 15:21:00,20215.88,854.92,44671.85,49040.44,32.742000000005646,29.23200000000361,3.5100000000020373,0.12007389162567063
2026-08-02 15:22:00,20214.25,854.92,44672.06,49039.98,32.28200000000652,29.23200000000361,3.0500000000029104,0.10433771209641947
2026-08-02 15:23:00,20214.7,855.02,44672.39,49040.47,32.77200000000448,29.23200000000361,3.540000000000873,0.1211001642036274
2026-08-02 15:24:00,20215.61,855.16,44672.8,49041.19,33.492000000005646,29.23200000000361,4.260000000002037,0.14573070607558536
2026-08-02 15:25:00,20212.94,855.93,44672.88,49040.17,32.47200000000157,29.23200000000361,3.2399999999979627,0.11083743842356195
2026-08-02 15:26:00,20207.97,858.2,44672.26,49037.62,29.922000000005937,29.242000000002008,0.680000000003929,0.023254223377466736
2026-08-02 15:27:00,20205.22,859.96,44672.21,49036.49,28.79200000000128,29.252000000000407,-0.4599999999991269,0.0157254204840394
2026-08-02 15:28:00,20203.63,861.53,44672.3,49035.96,28.262000000002445,29.262000000002445,-1.0,0.034174014079690944
2026-08-02 15:29:00,20203.57,861.98,44672.48,49036.09,28.391999999999825,29.272000000004482,-0.8800000000046566,0.030062858704718566
2026-08-02 15:30:00,20200.62,862.92,44672.57,49035.0,27.302000000003318,29.272000000004482,-1.9700000000011642,0.06729980869092862
2026-08-02 15:31:00,20197.3,865.12,44672.48,49033.59,25.891999999999825,29.272000000004482,-3.3800000000046566,0.1154687072972171
2026-08-02 15:32:00,20193.36,867.24,44672.23,49031.77,24.072000000000116,29.272000000004482,-5.200000000004366,0.1776441650725461
2026-08-02 15:33:00,20191.76,868.44,44672.33,49031.25,23.552000000003318,29.272000000004482,-5.720000000001164,0.19540858157967642
2026-08-02 15:34:00,20186.41,870.62,44671.95,49028.73,21.03200000000652,29.28200000000288,-8.249999999996362,0.28174305033793967
2026-08-02 15:35:00,20183.53,871.91,44672.01,49027.66,19.96200000000681,29.29200000000128,-9.32999999999447,0.3185170012288018
2026-08-02 15:36:00,20183.22,873.12,44672.04,49027.58,19.882000000005064,29.28200000000288,-9.399999999997817,0.3210163240214771
2026-08-02 15:37:00,20182.69,873.92,44672.04,49027.4,19.702000000004773,29.29200000000128,-9.589999999996508,0.32739314488584215
2026-08-02 15:38:00,20187.73,872.88,44672.84,49030.18,22.48200000000361,29.312000000001717,-6.829999999998108,0.23301037117896112
2026-08-02 15:39:00,20190.86,872.07,44673.43,49031.95,24.252000000000407,29.332000000002154,-5.080000000001746,0.17318969044052138
2026-08-02 15:40:00,20190.92,871.94,44673.42,49031.99,24.29200000000128,29.332000000002154,-5.040000000000873,0.17182599209056673
2026-08-02 15:41:00,20192.09,872.43,44674.2,49033.18,25.48200000000361,29.332000000002154,-3.849999999998545,0.13125596618022167
2026-08-02 15:42:00,20195.42,872.07,44674.64,49034.94,27.242000000005646,29.34200000000419,-2.099999999998545,0.07156976347891231
2026-08-02 15:43:00,20197.08,872.0,44674.95,49035.89,28.192000000002736,29.352000000006228,-1.1600000000034925,0.039520305260399506
2026-08-02 15:44:00,20202.27,870.77,44675.9,49038.86,31.1620000000039,29.35700000000361,1.805000000000291,0.06148448410941408
2026-08-02 15:45:00,20205.17,870.32,44676.3,49040.35,32.65200000000186,29.332000000002154,3.319999999999709,0.11318696304375649
2026-08-02 15:46:00,20205.48,870.44,44676.73,49040.88,33.1820000000007,29.332000000002154,3.849999999998545,0.13125596618022167
2026-08-02 15:47:00,20212.26,868.09,44677.94,49044.76,37.062000000005355,29.332000000002154,7.730000000003201,0.2635347061230954
2026-08-02 15:48:00,20216.4,866.85,44678.86,49047.2,39.50200000000041,29.312000000001717,10.18999999999869,0.3476391921396729
2026-08-02 15:49:00,20212.18,868.99,44678.65,49045.34,37.641999999999825,29.29200000000128,8.349999999998545,0.28506076744497405
2026-08-02 15:50:00,20210.05,870.43,44678.71,49044.54,36.84200000000419,29.272000000000844,7.570000000003347,0.25860890953823207
2026-08-02 15:51:00,20207.47,871.89,44678.57,49043.38,35.6820000000007,29.252000000000407,6.430000000000291,0.21981402980993442
2026-08-02 15:52:00,20205.16,873.29,44678.73,49042.61,34.9120000000039,29.242000000002008,5.670000000001892,0.19389918610223317
2026-08-02 15:53:00,20202.0,874.48,44678.88,49041.48,33.78200000000652,29.23200000000361,4.55000000000291,0.15565134099624892
2026-08-02 15:54:00,20200.88,874.98,44679.31,49041.44,33.742000000005646,29.22200000000521,4.520000000000437,0.1546779823420584
2026-08-02 15:55:00,20199.25,875.86,44679.43,49040.89,33.192000000002736,29.21200000000681,3.9799999999959255,0.13624537861135827
2026-08-02 15:56:00,20197.39,877.1,44679.62,49040.33,32.632000000005064,29.202000000004773,3.430000000000291,0.11745770837612939
2026-08-02 15:57:00,20194.78,878.6,44679.6,49039.29,31.59200000000419,29.192000000002736,2.400000000001455,0.08221430528916245
2026-08-02 15:58:00,20194.2,879.36,44679.85,49039.27,31.572000000000116,29.182000000004336,2.38999999999578,0.08189980124718747
2026-08-02 15:59:00,20193.58,879.59,44680.06,49039.22,31.522000000004482,29.172000000005937,2.349999999998545,0.08055669820369075
2026-08-02 16:00:00,20192.05,879.92,44680.25,49038.78,31.082000000002154,29.172000000005937,1.9099999999962165,0.06547374194418716
2026-08-02 16:01:00,20192.22,880.71,44680.64,49039.23,31.53200000000652,29.172000000005937,2.360000000000582,0.08089949266420203
2026-08-02 16:02:00,20191.59,881.93,44680.76,49039.11,31.4120000000039,29.1520000000055,2.2599999999983993,0.07752469813384924
2026-08-02 16:03:00,20193.7,881.67,44681.28,49040.44,32.742000000005646,29.132000000005064,3.610000000000582,0.1239187148153218
2026-08-02 16:04:00,20195.54,881.95,44681.62,49041.51,33.812000000005355,29.132000000005064,4.680000000000291,0.16064808458051208
2026-08-02 16:05:00,20197.11,882.25,44682.12,49042.6,34.90200000000186,29.132000000005064,5.769999999996799,0.19806398462157748
2026-08-02 16:06:00,20198.44,882.24,44682.44,49043.42,35.72200000000157,29.112000000004628,6.609999999996944,0.22705413575143904
2026-08-02 16:07:00,20201.0,881.89,44683.08,49045.05,37.35200000000623,29.09200000000419,8.260000000002037,0.28392685274305124
2026-08-02 16:08:00,20204.1,881.97,44683.7,49046.89,39.192000000002736,29.062000000005355,10.12999999999738,0.34856513660434635
2026-08-02 16:09:00,20207.61,881.96,44684.47,49049.02,41.322000000000116,29.03200000000652,12.289999999993597,0.4233259851195521
2026-08-02 16:10:00,20210.25,881.8,44685.0,49050.56,42.86200000000099,28.987000000004628,13.874999999996362,0.47866284886308164
2026-08-02 16:11:00,20211.56,881.92,44685.54,49051.57,43.87200000000303,28.942000000002736,14.930000000000291,0.5158593048164909
2026-08-02 16:12:00,20209.52,882.94,44685.68,49050.91,43.21200000000681,28.902000000001863,14.310000000004948,0.4951214448828464
2026-08-02 16:13:00,20216.7,881.66,44687.18,49055.16,47.46200000000681,28.86200000000099,18.60000000000582,0.6444459843394492
2026-08-02 16:14:00,20220.05,882.45,44687.69,49057.01,49.312000000005355,28.86200000000099,20.450000000004366,0.7085441064376573
2026-08-02 16:15:00,20221.14,882.43,44687.99,49057.73,50.03200000000652,28.86200000000099,21.17000000000553,0.7334904026056684
2026-08-02 16:16:00,20223.1,882.46,44688.77,49059.24,51.54200000000128,28.827000000001135,22.715000000000146,0.7879765497623495
2026-08-02 16:17:00,20226.18,882.32,44689.53,49061.18,53.48200000000361,28.79200000000128,24.69000000000233,0.8575298694082116
2026-08-02 16:18:00,20228.54,882.89,44690.06,49062.64,54.942000000002736,28.78200000000288,26.159999999999854,0.9089013967061788
2026-08-02 16:19:00,20230.93,883.98,44690.38,49063.92,56.22200000000157,28.772000000004482,27.44999999999709,0.954052551091089
2026-08-02 16:20:00,20231.5,885.12,44690.68,49064.43,56.73200000000361,28.742000000005646,27.989999999997963,0.9738361978982835
2026-08-02 16:21:00,20229.97,886.19,44690.88,49064.02,56.322000000000116,28.71200000000681,27.609999999993306,0.9616188353297143
2026-08-02 16:22:00,20230.68,885.29,44691.7,49065.04,57.34200000000419,28.692000000006374,28.649999999997817,0.9985361773313625
2026-08-02 16:23:00,20231.76,885.09,44692.54,49066.23,58.53200000000652,28.672000000005937,29.860000000000582,1.041434151785519
2026-08-02 16:24:00,20229.56,886.49,44692.7,49065.52,57.822000000000116,28.672000000005937,29.14999999999418,1.0166713169638721
2026-08-02 16:25:00,20233.2,885.63,44693.79,49067.98,60.28200000000652,28.672000000005937,31.610000000000582,1.1024693080355064
2026-08-02 16:26:00,20234.39,884.18,44694.49,49069.08,61.382000000005064,28.66700000000492,32.715000000000146,1.1412076603758514
2026-08-02 16:27:00,20237.53,882.3,44695.74,49071.46,63.762000000002445,28.6620000000039,35.099999999998545,1.2246179610632115
2026-08-02 16:28:00,20238.41,881.65,44696.9,49072.85,65.15200000000186,28.647000000004482,36.50499999999738,1.2743044646906019
2026-08-02 16:29:00,20239.08,882.81,44697.49,49073.7,66.00200000000041,28.632000000005064,37.36999999999534,1.3051830120141357
2026-08-02 16:30:00,20241.3,883.37,44698.01,49075.1,67.40200000000186,28.60700000000361,38.794999999998254,1.3561366099204166
2026-08-02 16:31:00,20243.19,884.15,44698.44,49076.28,68.58200000000215,28.582000000002154,40.0,1.3994821915890066
2026-08-02 16:32:00,20247.42,884.02,44699.28,49078.76,71.06200000000536,28.572000000003754,42.4900000000016,1.4871202575947087
2026-08-02 16:33:00,20247.02,885.1,44699.35,49078.66,70.96200000000681,28.562000000005355,42.400000000001455,1.4844898816607208
2026-08-02 16:34:00,20242.77,885.73,44699.25,49076.86,69.1620000000039,28.497000000003027,40.66500000000087,1.4269923149804034
2026-08-02 16:35:00,20236.79,886.07,44699.43,49074.58,66.88200000000506,28.4320000000007,38.450000000004366,1.352349465391229
2026-08-02 16:36:00,20234.01,885.91,44700.27,49074.2,66.50200000000041,28.427000000003318,38.07499999999709,1.3393956449851425
2026-08-02 16:37:00,20231.98,883.79,44701.4,49074.35,66.65200000000186,28.422000000005937,38.229999999995925,1.345084793469423
2026-08-02 16:38:00,20225.64,883.51,44701.87,49072.17,64.47200000000157,28.40700000000288,36.06499999999869,1.269581441193897
2026-08-02 16:39:00,20216.62,885.77,44701.5,49068.21,60.512000000002445,28.391999999999825,32.12000000000262,1.1313045928431535
2026-08-02 16:40:00,20214.04,887.54,44701.46,49067.15,59.45200000000477,28.36200000000099,31.090000000003783,1.0961850363162928
2026-08-02 16:41:00,20213.18,885.13,44702.04,49067.3,59.60200000000623,28.332000000002154,31.270000000004075,1.103698997599947
2026-08-02 16:42:00,20209.72,883.46,44702.86,49066.6,58.90200000000186,28.322000000003754,30.57999999999811,1.079726008050069
2026-08-02 16:43:00,20206.49,884.77,44702.78,49065.22,57.52200000000448,28.312000000005355,29.209999999999127,1.0317179994346426
2026-08-02 16:44:00,20201.97,887.57,44701.68,49062.43,54.73200000000361,28.307000000004336,26.424999999999272,0.9335146783479431
2026-08-02 16:45:00,20196.59,888.95,44701.12,49059.75,52.05200000000332,28.302000000003318,23.75,0.8391633100133282
2026-08-02 16:46:00,20197.14,888.78,44701.54,49060.4,52.70200000000477,28.302000000003318,24.400000000001455,0.8621298848137444
2026-08-02 16:47:00,20199.19,889.26,44701.48,49061.17,53.47200000000157,28.302000000003318,25.169999999998254,0.8893364426540634
2026-08-02 16:48:00,20199.45,888.53,44701.26,49061.05,53.35200000000623,28.28200000000288,25.070000000003347,0.8864295311505832
2026-08-02 16:49:00,20198.44,889.19,44701.26,49060.65,52.95200000000477,28.262000000002445,24.69000000000233,0.8736112093977847
2026-08-02 16:50:00,20200.65,887.79,44701.83,49062.08,54.382000000005064,28.252000000004045,26.13000000000102,0.9248902732548944
2026-08-02 16:51:00,20201.02,886.03,44702.21,49062.55,54.85200000000623,28.242000000005646,26.610000000000582,0.9422137242403251
2026-08-02 16:52:00,20200.14,884.64,44702.79,49062.67,54.97200000000157,28.22200000000521,26.749999999996362,0.9478421089926803
2026-08-02 16:53:00,20198.04,885.03,44703.21,49062.18,54.48200000000361,28.202000000004773,26.279999999998836,0.9318488050490883
2026-08-02 16:54:00,20198.6,883.52,44703.51,49062.7,55.00200000000041,28.197000000003754,26.804999999996653,0.9506330460684854
2026-08-02 16:55:00,20199.95,880.96,44704.56,49064.13,56.4320000000007,28.192000000002736,28.239999999997963,1.0017026106695242
2026-08-02 16:56:00,20199.24,880.84,44705.21,49064.42,56.72200000000157,28.16700000000128,28.55500000000029,1.0137749849113855
2026-08-02 16:57:00,20198.12,881.89,44705.22,49063.98,56.28200000000652,28.141999999999825,28.140000000006694,0.999928931845884
2026-08-02 16:58:00,20198.09,882.67,44705.45,49064.19,56.492000000005646,28.137000000002445,28.3550000000032,1.0077478053808415
2026-08-02 16:59:00,20197.05,883.47,44705.39,49063.73,56.03200000000652,28.132000000005064,27.900000000001455,0.9917531636569186
2026-08-02 17:00:00,20197.42,884.74,44705.48,49063.99,56.29200000000128,28.132000000005064,28.159999999996217,1.0009953078341798
2026-08-02 17:01:00,20195.32,885.74,44705.26,49062.95,55.25200000000041,28.132000000005064,27.119999999995343,0.9640267311243588
2026-08-02 17:02:00,20193.81,886.99,44705.42,49062.5,54.80200000000332,28.127000000004045,26.674999999999272,0.9483770043017541
2026-08-02 17:03:00,20192.59,888.31,44705.36,49061.97,54.27200000000448,28.122000000003027,26.150000000001455,0.9298769646539592
2026-08-02 17:04:00,20191.79,888.61,44705.59,49061.88,54.1820000000007,28.10200000000259,26.07999999999811,0.9280478257773719
2026-08-02 17:05:00,20191.46,888.56,44706.11,49062.23,54.53200000000652,28.082000000002154,26.450000000004366,0.9418844811623936
2026-08-02 17:06:00,20192.0,888.16,44706.7,49062.96,55.262000000002445,28.052000000003318,27.209999999999127,0.9699843148437155
2026-08-02 17:07:00,20191.77,888.17,44707.11,49063.24,55.54200000000128,28.022000000004482,27.5199999999968,0.982085504246392
2026-08-02 17:08:00,20189.51,889.09,44707.18,49062.4,54.70200000000477,27.997000000003027,26.705000000001746,0.9538521984497932
2026-08-02 17:09:00,20186.52,889.7,44707.2,49061.22,53.52200000000448,27.97200000000157,25.55000000000291,0.9134134134134662
2026-08-02 17:10:00,20184.29,890.56,44707.6,49060.68,52.98200000000361,27.942000000002736,25.040000000000873,0.8961420084460103
2026-08-02 17:11:00,20183.07,890.4,44707.92,49060.48,52.78200000000652,27.9120000000039,24.87000000000262,0.8910146173688429
2026-08-02 17:12:00,20181.91,889.38,44708.86,49060.85,53.15200000000186,27.90700000000288,25.24499999999898,0.9046117461567483
2026-08-02 17:13:00,20181.39,890.06,44709.35,49061.09,53.391999999999825,27.902000000001863,25.489999999997963,0.9135545839006617
2026-08-02 17:14:00,20181.74,890.4,44709.9,49061.74,54.04200000000128,27.897000000000844,26.145000000000437,0.9371975481234415
2026-08-02 17:15:00,20181.78,890.99,44710.17,49062.0,54.30200000000332,27.891999999999825,26.410000000003492,0.9468664850137551
2026-08-02 17:16:00,20181.52,892.03,44710.32,49062.05,54.35200000000623,27.877000000000407,26.47500000000582,0.9497076442947747
2026-08-02 17:17:00,20179.17,892.74,44710.44,49061.21,53.512000000002445,27.86200000000099,25.650000000001455,0.9206087143780254
2026-08-02 17:18:00,20177.8,893.46,44710.55,49060.79,53.09200000000419,27.822000000003754,25.270000000000437,0.9082740277477186
2026-08-02 17:19:00,20177.37,894.5,44710.54,49060.6,52.90200000000186,27.78200000000652,25.119999999995343,0.9041825642498542
2026-08-02 17:20:00,20177.65,894.85,44710.68,49060.85,53.15200000000186,27.772000000004482,25.37999999999738,0.9138700849774336
2026-08-02 17:21:00,20177.81,896.47,44710.76,49061.01,53.312000000005355,27.762000000002445,25.55000000000291,0.9203227433182285
2026-08-02 17:22:00,20178.54,897.1,44710.91,49061.46,53.762000000002445,27.742000000002008,26.020000000000437,0.9379280513300611
2026-08-02 17:23:00,20177.64,897.89,44710.83,49061.02,53.322000000000116,27.72200000000157,25.599999999998545,0.9234542962267186
2026-08-02 17:24:00,20177.11,898.62,44710.78,49060.77,53.072000000000116,27.687000000001717,25.3849999999984,0.9168562863436568
2026-08-02 17:25:00,20176.76,899.33,44710.68,49060.58,52.882000000005064,27.652000000001863,25.2300000000032,0.9124113988138833
2026-08-02 17:26:00,20177.64,899.97,44710.58,49060.84,53.141999999999825,27.652000000001863,25.489999999997963,0.9218139736726546
2026-08-02 17:27:00,20175.65,900.28,44710.48,49059.94,52.242000000005646,27.652000000001863,24.590000000003783,0.889266599161078
2026-08-02 17:28:00,20173.4,900.76,44710.6,49059.16,51.46200000000681,27.652000000001863,23.810000000004948,0.8610588745842378
2026-08-02 17:29:00,20171.68,901.78,44710.72,49058.57,50.87200000000303,27.652000000001863,23.220000000001164,0.8397222624041516
2026-08-02 17:30:00,20170.78,902.45,44710.65,49058.15,50.45200000000477,27.642000000003463,22.81000000000131,0.8251935460530516
2026-08-02 17:31:00,20170.42,902.27,44710.84,49058.18,50.48200000000361,27.632000000005064,22.849999999998545,0.8269397799650534
2026-08-02 17:32:00,20168.6,903.48,44710.83,49057.43,49.73200000000361,27.627000000004045,22.104999999999563,0.8001230680130426
2026-08-02 17:33:00,20166.84,905.46,44710.39,49056.36,48.6620000000039,27.622000000003027,21.040000000000873,0.7617116790963206
2026-08-02 17:34:00,20165.78,906.11,44710.15,49055.72,48.02200000000448,27.60700000000361,20.415000000000873,0.739486362154461
2026-08-02 17:35:00,20163.79,906.35,44709.99,49054.77,47.072000000000116,27.59200000000419,19.479999999995925,0.7060017396344218
2026-08-02 17:36:00,20162.23,907.27,44709.68,49053.86,46.1620000000039,27.567000000002736,18.595000000001164,0.6745383973591366
2026-08-02 17:37:00,20160.64,907.59,44709.48,49053.05,45.35200000000623,27.54200000000128,17.810000000004948,0.646648754629443
2026-08-02 17:38:00,20159.86,907.96,44709.3,49052.59,44.891999999999825,27.53200000000288,17.359999999996944,0.6305390091528086
2026-08-02 17:39:00,20157.82,908.89,44708.84,49051.35,43.65200000000186,27.522000000004482,16.12999999999738,0.5860765932706472
2026-08-02 17:40:00,20157.0,908.6,44708.64,49050.85,43.15200000000186,27.517000000003463,15.6349999999984,0.5681942072172269
2026-08-02 17:41:00,20155.34,908.66,44708.57,49050.08,42.382000000005064,27.512000000002445,14.87000000000262,0.5404914219250254
2026-08-02 17:42:00,20152.44,909.46,44708.2,49048.58,40.882000000005064,27.512000000002445,13.37000000000262,0.4859697586508226
2026-08-02 17:43:00,20152.66,909.1,44707.99,49048.49,40.79200000000128,27.512000000002445,13.279999999998836,0.4826984588542329
2026-08-02 17:44:00,20152.01,909.14,44707.59,49047.84,40.141999999999825,27.497000000003027,12.644999999996799,0.45986834927429926
2026-08-02 17:45:00,20150.12,909.07,44707.33,49046.83,39.132000000005064,27.48200000000361,11.650000000001455,0.42391383450985826
2026-08-02 17:46:00,20148.91,909.44,44706.99,49046.04,38.34200000000419,27.47700000000259,10.8650000000016,0.3954216253594125
2026-08-02 17:47:00,20147.26,909.6,44706.64,49045.05,37.35200000000623,27.47200000000157,9.880000000004657,0.3596389050671262
2026-08-02 17:48:00,20144.75,910.29,44706.5,49043.91,36.21200000000681,27.47200000000157,8.740000000005239,0.3181421083286524
2026-08-02 17:49:00,20143.6,909.59,44706.06,49043.03,35.332000000002154,27.47200000000157,7.860000000000582,0.2861094933022762
2026-08-02 17:50:00,20143.47,909.28,44705.69,49042.63,34.9320000000007,27.457000000002154,7.474999999998545,0.27224387223651375
2026-08-02 17:51:00,20143.63,909.56,44705.59,49042.62,34.92200000000594,27.442000000002736,7.480000000003201,0.2725748852125376
2026-08-02 17:52:00,20142.6,909.62,44705.25,49041.9,34.20200000000477,27.442000000002736,6.760000000002037,0.24633773048616586
2026-08-02 17:53:00,20142.76,910.13,44704.84,49041.59,33.891999999999825,27.442000000002736,6.44999999999709,0.23504117775659378
2026-08-02 17:54:00,20143.15,910.62,44704.48,49041.44,33.742000000005646,27.437000000001717,6.305000000003929,0.22979917629491323
2026-08-02 17:55:00,20144.34,911.29,44704.02,49041.51,33.812000000005355,27.4320000000007,6.380000000004657,0.232575094779983
2026-08-02 17:56:00,20144.6,911.24,44703.74,49041.37,33.67200000000594,27.427000000003318,6.245000000002619,0.22769533671206707
2026-08-02 17:57:00,20144.32,911.67,44703.34,49040.9,33.20200000000477,27.422000000005937,5.779999999998836,0.21077966596154854
2026-08-02 17:58:00,20143.31,912.31,44702.58,49039.81,32.11200000000099,27.422000000005937,4.689999999995052,0.17103055940463996
2026-08-02 17:59:00,20142.94,912.9,44702.22,49039.36,31.6620000000039,27.422000000005937,4.239999999997963,0.15462037779873988
2026-08-02 18:00:00,20142.79,913.03,44701.84,49038.96,31.262000000002445,27.422000000005937,3.8399999999965075,0.14003354970445905
2026-08-02 18:01:00,20142.64,913.44,44701.61,49038.71,31.012000000002445,27.422000000005937,3.5899999999965075,0.1309167821455667
2026-08-02 18:02:00,20143.42,914.09,44701.25,49038.69,30.992000000005646,27.41700000000492,3.5750000000007276,0.13039355144618617
2026-08-02 18:03:00,20143.72,914.62,44701.08,49038.67,30.97200000000157,27.4120000000039,3.5599999999976717,0.12987012987002647
2026-08-02 18:04:00,20144.04,914.85,44701.04,49038.78,31.082000000002154,27.402000000001863,3.680000000000291,0.13429676665936943
2026-08-02 18:05:00,20144.59,915.69,44700.77,49038.76,31.062000000005355,27.391999999999825,3.6700000000055297,0.13398072429926816
2026-08-02 18:06:00,20145.31,916.09,44700.38,49038.72,31.022000000004482,27.387000000002445,3.6350000000020373,0.13272720633883642
2026-08-02 18:07:00,20147.36,916.1,44700.2,49039.4,31.702000000004773,27.382000000005064,4.319999999999709,0.15776787670728618
2026-08-02 18:08:00,20149.62,916.01,44700.09,49040.21,32.512000000002445,27.377000000004045,5.134999999998399,0.18756620520866568
2026-08-02 18:09:00,20151.37,915.39,44700.27,49041.05,33.35200000000623,27.372000000003027,5.980000000003201,0.21847143065916047
2026-08-02 18:10:00,20150.92,915.09,44699.83,49040.46,32.762000000002445,27.367000000002008,5.395000000000437,0.1971352358680177
2026-08-02 18:11:00,20152.83,913.92,44699.92,49041.31,33.61200000000099,27.36200000000099,6.25,0.2284189752211013
2026-08-02 18:12:00,20155.53,912.8,44700.13,49042.58,34.882000000005064,27.35700000000361,7.525000000001455,0.2750667105311424
2026-08-02 18:13:00,20156.56,912.15,44700.28,49043.1,35.40200000000186,27.352000000006228,8.049999999995634,0.2943112021056523
2026-08-02 18:14:00,20157.96,911.52,44700.2,49043.59,35.891999999999825,27.34200000000419,8.549999999995634,0.31270572745206365
2026-08-02 18:15:00,20161.41,910.57,44700.77,49045.51,37.812000000005355,27.332000000002154,10.480000000003201,0.383433338211707
2026-08-02 18:16:00,20163.42,910.22,44700.94,49046.46,38.762000000002445,27.317000000002736,11.444999999999709,0.4189698722406766
2026-08-02 18:17:00,20164.19,910.11,44700.77,49046.62,38.92200000000594,27.302000000003318,11.62000000000262,0.42560984543261327
2026-08-02 18:18:00,20164.84,910.31,44700.69,49046.83,39.132000000005064,27.2870000000039,11.845000000001164,0.43408949316522416
2026-08-02 18:19:00,20166.7,909.93,44700.83,49047.7,40.00200000000041,27.272000000004482,12.729999999995925,0.4667791141094835
2026-08-02 18:20:00,20167.64,909.8,44700.87,49048.11,40.4120000000039,27.267000000003463,13.145000000000437,0.4820845710932177
2026-08-02 18:21:00,20167.59,910.11,44700.82,49048.05,40.35200000000623,27.262000000002445,13.090000000003783,0.4801555278410465
2026-08-02 18:22:00,20168.08,910.45,44700.77,49048.21,40.512000000002445,27.252000000004045,13.2599999999984,0.4865697930425815
2026-08-02 18:23:00,20167.06,910.3,44700.61,49047.64,39.942000000002736,27.242000000005646,12.69999999999709,0.46619190955122447
2026-08-02 18:24:00,20166.58,911.22,44700.57,49047.43,39.73200000000361,27.242000000005646,12.489999999997963,0.45848322443269124
2026-08-02 18:25:00,20166.49,911.42,44700.3,49047.13,39.4320000000007,27.242000000005646,12.189999999995052,0.4474708171203482
2026-08-02 18:26:00,20165.81,910.99,44699.93,49046.54,38.84200000000419,27.22200000000521,11.619999999998981,0.4268606274335742
2026-08-02 18:27:00,20165.95,910.78,44700.21,49046.85,39.15200000000186,27.202000000004773,11.94999999999709,0.43930593338706686
2026-08-02 18:28:00,20165.78,910.89,44700.11,49046.68,38.98200000000361,27.202000000004773,11.779999999998836,0.4330563929121671
2026-08-02 18:29:00,20165.45,910.77,44699.89,49046.33,38.632000000005064,27.202000000004773,11.430000000000291,0.42018969193435357
2026-08-02 18:30:00,20164.78,911.1,44699.51,49045.74,38.04200000000128,27.202000000004773,10.839999999996508,0.39850011028581006
2026-08-02 18:31:00,20165.28,910.89,44699.41,49045.84,38.141999999999825,27.202000000004773,10.939999999995052,0.40217631056514713
2026-08-02 18:32:00,20165.77,910.84,44699.27,49045.9,38.20200000000477,27.197000000003754,11.005000000001019,0.40464021767104824
2026-08-02 18:33:00,20165.51,910.6,44699.02,49045.56,37.86200000000099,27.192000000002736,10.669999999998254,0.39239482200636877
2026-08-02 18:34:00,20165.39,910.89,44698.69,49045.23,37.53200000000652,27.1720000000023,10.36000000000422,0.3812748417489822
2026-08-02 18:35:00,20165.6,910.63,44698.48,49045.11,37.4120000000039,27.152000000001863,10.260000000002037,0.377872716558682
2026-08-02 18:36:00,20165.28,909.7,44698.39,49044.89,37.192000000002736,27.152000000001863,10.040000000000873,0.36977018267531614
2026-08-02 18:37:00,20166.75,909.6,44698.41,49045.5,37.80200000000332,27.152000000001863,10.650000000001455,0.39223629935182397
2026-08-02 18:38:00,20169.07,909.25,44698.31,49046.36,38.6620000000039,27.142000000003463,11.520000000000437,0.4244344558248827
2026-08-02 18:39:00,20170.38,909.04,44698.05,49046.66,38.96200000000681,27.132000000005064,11.830000000001746,0.43601651186788803
2026-08-02 18:40:00,20172.42,908.02,44698.11,49047.54,39.84200000000419,27.127000000004045,12.715000000000146,0.4687212002800991
2026-08-02 18:41:00,20174.94,907.86,44698.2,49048.65,40.95200000000477,27.122000000003027,13.830000000001746,0.5099181476292384
2026-08-02 18:42:00,20176.9,907.6,44697.96,49049.23,41.53200000000652,27.117000000002008,14.415000000004511,0.5315853523621139
2026-08-02 18:43:00,20178.79,906.92,44697.91,49049.93,42.23200000000361,27.11200000000099,15.12000000000262,0.5576866332252164
2026-08-02 18:44:00,20179.29,906.35,44697.53,49049.76,42.062000000005355,27.10700000000361,14.955000000001746,0.5517025122661953
2026-08-02 18:45:00,20180.27,904.87,44697.66,49050.26,42.562000000005355,27.102000000006228,15.459999999999127,0.5704376060805687
2026-08-02 18:46:00,20182.33,903.69,44697.65,49051.08,43.382000000005064,27.072000000003754,16.31000000000131,0.6024674940897994
2026-08-02 18:47:00,20184.58,902.68,44698.05,49052.32,44.62200000000303,27.04200000000128,17.580000000001746,0.6500998446860777
2026-08-02 18:48:00,20185.1,902.02,44698.08,49052.55,44.85200000000623,27.04200000000128,17.810000000004948,0.6586051327566047
2026-08-02 18:49:00,20184.84,901.87,44697.81,49052.18,44.48200000000361,27.04200000000128,17.44000000000233,0.6449227128171549
2026-08-02 18:50:00,20185.44,901.46,44697.74,49052.36,44.6620000000039,27.03200000000288,17.63000000000102,0.6521899970405127
2026-08-02 18:51:00,20186.71,901.43,44697.83,49052.96,45.262000000002445,27.022000000004482,18.239999999997963,0.6750055510323046
2026-08-02 18:52:00,20187.09,901.32,44697.81,49053.1,45.40200000000186,27.017000000003463,18.3849999999984,0.680497464559205
2026-08-02 18:53:00,20187.55,900.82,44697.98,49053.42,45.72200000000157,27.012000000002445,18.709999999999127,0.692655116244537
2026-08-02 18:54:00,20188.54,900.72,44698.31,49054.12,46.42200000000594,26.97200000000157,19.450000000004366,0.721118196648496
2026-08-02 18:55:00,20188.07,901.4,44698.05,49053.7,46.00200000000041,26.9320000000007,19.06999999999971,0.708079607901352
2026-08-02 18:56:00,20187.19,902.24,44697.91,49053.23,45.53200000000652,26.902000000001863,18.630000000004657,0.6925135677646036
2026-08-02 18:57:00,20186.68,903.54,44697.7,49052.85,45.15200000000186,26.872000000003027,18.279999999998836,0.6802619827328363
2026-08-02 18:58:00,20186.69,905.24,44697.26,49052.49,44.79200000000128,26.822000000003754,17.969999999997526,0.6699724107074421
2026-08-02 18:59:00,20185.65,906.65,44696.92,49051.79,44.09200000000419,26.772000000004482,17.31999999999971,0.646944568952518
2026-08-02 19:00:00,20184.79,907.85,44696.66,49051.22,43.52200000000448,26.767000000003463,16.75500000000102,0.625957335525044
2026-08-02 19:01:00,20184.73,908.87,44696.57,49051.12,43.42200000000594,26.762000000002445,16.660000000003492,0.622524475001942
2026-08-02 19:02:00,20184.1,910.53,44696.32,49050.66,42.96200000000681,26.71700000000419,16.24500000000262,0.6080398248306348
2026-08-02 19:03:00,20182.6,911.64,44696.12,49049.89,42.192000000002736,26.672000000005937,15.519999999996799,0.5818836232750954
2026-08-02 19:04:00,20181.0,911.62,44696.11,49049.23,41.53200000000652,26.72200000000521,14.81000000000131,0.5542249831598841
2026-08-02 19:05:00,20180.85,911.37,44696.37,49049.42,41.72200000000157,26.772000000004482,14.94999999999709,0.5584192439860521
2026-08-02 19:06:00,20182.48,912.18,44696.64,49050.34,42.641999999999825,26.892000000003463,15.749999999996362,0.5856760374830557
2026-08-02 19:07:00,20182.91,911.81,44696.83,49050.66,42.96200000000681,27.012000000002445,15.950000000004366,0.5904783059382097
2026-08-02 19:08:00,20183.33,911.81,44697.0,49051.0,43.30200000000332,27.027000000001863,16.275000000001455,0.6021756021756145
2026-08-02 19:09:00,20184.37,912.51,44697.09,49051.51,43.812000000005355,27.04200000000128,16.770000000004075,0.6201464388729857
2026-08-02 19:10:00,20184.94,912.55,44697.12,49051.78,44.082000000002154,27.072000000003754,17.0099999999984,0.6283244680849601
2026-08-02 19:11:00,20185.37,912.72,44697.08,49051.92,44.22200000000157,27.102000000006228,17.119999999995343,0.6316876983245299
2026-08-02 19:12:00,20186.7,912.94,44697.1,49052.49,44.79200000000128,27.112000000004628,17.679999999996653,0.652109766892654
2026-08-02 19:13:00,20186.68,913.27,44697.09,49052.47,44.77200000000448,27.122000000003027,17.650000000001455,0.6507632180517471
2026-08-02 19:14:00,20186.81,913.82,44696.98,49052.43,44.73200000000361,27.137000000002445,17.595000000001164,0.6483767549839548
2026-08-02 19:15:00,20186.95,913.42,44697.0,49052.51,44.812000000005355,27.152000000001863,17.660000000003492,0.6504124926341441
2026-08-02 19:16:00,20186.22,913.03,44697.02,49052.23,44.53200000000652,27.152000000001863,17.380000000004657,0.640100176782685
2026-08-02 19:17:00,20185.59,912.76,44697.13,49052.05,44.35200000000623,27.152000000001863,17.200000000004366,0.6334708308781374
2026-08-02 19:18:00,20184.81,912.99,44697.04,49051.67,43.97200000000157,27.1720000000023,16.799999999999272,0.6182835271602329
2026-08-02 19:19:00,20184.5,912.88,44697.07,49051.56,43.86200000000099,27.192000000002736,16.669999999998254,0.6130479552808391
2026-08-02 19:20:00,20184.17,912.86,44696.99,49051.35,43.65200000000186,27.197000000003754,16.45499999999811,0.6050299665402742
2026-08-02 19:21:00,20184.5,912.78,44696.88,49051.38,43.6820000000007,27.202000000004773,16.479999999995925,0.6058378060434172
2026-08-02 19:22:00,20183.59,912.2,44696.91,49051.04,43.34200000000419,27.202000000004773,16.139999999999418,0.5933387250936176
2026-08-02 19:23:00,20184.15,911.78,44697.06,49051.39,43.692000000002736,27.202000000004773,16.489999999997963,0.6062054260714311
2026-08-02 19:24:00,20184.33,912.74,44696.68,49051.13,43.4320000000007,27.22200000000521,16.20999999999549,0.595474248769098
2026-08-02 19:25:00,20183.99,912.92,44696.32,49050.67,42.97200000000157,27.242000000005646,15.729999999995925,0.5774172234047671
2026-08-02 19:26:00,20183.82,912.26,44696.22,49050.49,42.79200000000128,27.242000000005646,15.549999999995634,0.5708097790174147
2026-08-02 19:27:00,20183.66,910.95,44696.35,49050.52,42.822000000000116,27.242000000005646,15.57999999999447,0.5719110197485956
2026-08-02 19:28:00,20183.57,910.12,44696.51,49050.61,42.9120000000039,27.257000000005064,15.654999999998836,0.5743478739404897
2026-08-02 19:29:00,20183.1,909.65,44696.43,49050.34,42.641999999999825,27.272000000004482,15.369999999995343,0.563581695511617
2026-08-02 19:30:00,20183.21,909.46,44696.32,49050.28,42.582000000002154,27.2870000000039,15.294999999998254,0.56052332612585
2026-08-02 19:31:00,20183.73,909.8,44696.08,49050.27,42.572000000000116,27.302000000003318,15.269999999996799,0.5592996850045763
2026-08-02 19:32:00,20184.95,909.41,44696.11,49050.79,43.09200000000419,27.317000000002736,15.775000000001455,0.5774792253907778
2026-08-02 19:33:00,20185.38,908.66,44696.06,49050.91,43.21200000000681,27.332000000002154,15.880000000004657,0.5810039514123886
2026-08-02 19:34:00,20185.15,907.6,44695.87,49050.65,42.95200000000477,27.34700000000157,15.605000000003201,0.5706293194866824
2026-08-02 19:35:00,20184.7,906.93,44695.65,49050.23,42.53200000000652,27.36200000000099,15.17000000000553,0.5544185366568591
2026-08-02 19:36:00,20184.38,905.99,44695.66,49050.11,42.4120000000039,27.367000000002008,15.045000000001892,0.5497496985420685
2026-08-02 19:37:00,20185.38,905.02,44696.04,49050.86,43.1620000000039,27.372000000003027,15.790000000000873,0.5768668712552655
2026-08-02 19:38:00,20185.79,904.15,44696.12,49051.08,43.382000000005064,27.377000000004045,16.00500000000102,0.5846148226613089
2026-08-02 19:39:00,20185.97,903.66,44696.08,49051.11,43.4120000000039,27.382000000005064,16.029999999998836,0.5854210795411537
2026-08-02 19:40:00,20186.03,902.88,44696.35,49051.36,43.6620000000039,27.387000000002445,16.275000000001455,0.5942600503888708
2026-08-02 19:41:00,20185.48,902.44,44696.01,49050.83,43.132000000005064,27.391999999999825,15.740000000005239,0.5746203271029986
2026-08-02 19:42:00,20185.72,902.17,44696.1,49051.0,43.30200000000332,27.40700000000288,15.895000000000437,0.579961323749362
2026-08-02 19:43:00,20185.44,901.76,44696.0,49050.79,43.09200000000419,27.422000000005937,15.669999999998254,0.5714389905913084
2026-08-02 19:44:00,20185.37,902.15,44695.66,49050.47,42.77200000000448,27.422000000005937,15.349999999998545,0.5597695281159369
2026-08-02 19:45:00,20185.18,902.64,44695.32,49050.06,42.36200000000099,27.422000000005937,14.939999999995052,0.5448180293192261
2026-08-02 19:46:00,20185.19,903.54,44694.94,49049.73,42.03200000000652,27.422000000005937,14.610000000000582,0.5327838961416899
2026-08-02 19:47:00,20185.77,904.86,44694.53,49049.62,41.92200000000594,27.422000000005937,14.5,0.528772518415756
2026-08-02 19:48:00,20185.31,906.27,44694.14,49049.1,41.40200000000186,27.427000000003318,13.974999999998545,0.509534400408242
2026-08-02 19:49:00,20185.4,906.46,44693.64,49048.68,40.98200000000361,27.4320000000007,13.55000000000291,0.49394867308262486
2026-08-02 19:50:00,20185.86,905.93,44693.59,49048.82,41.12200000000303,27.437000000001717,13.68500000000131,0.4987790210300125
2026-08-02 19:51:00,20186.0,906.88,44693.59,49048.89,41.192000000002736,27.442000000002736,13.75,0.5010567742875384
2026-08-02 19:52:00,20185.96,907.23,44693.1,49048.44,40.742000000005646,27.442000000002736,13.30000000000291,0.4846585525836887
2026-08-02 19:53:00,20185.73,907.98,44692.91,49048.19,40.492000000005646,27.442000000002736,13.05000000000291,0.47554842941482434
2026-08-02 19:54:00,20185.31,908.36,44692.77,49047.89,40.192000000002736,27.457000000002154,12.735000000000582,0.46381614888733597
2026-08-02 19:55:00,20184.72,908.56,44692.77,49047.66,39.96200000000681,27.47200000000157,12.490000000005239,0.4546447291789649
2026-08-02 19:56:00,20183.74,908.94,44692.57,49047.08,39.382000000005064,27.47700000000259,11.905000000002474,0.43327146340580674
2026-08-02 19:57:00,20182.96,909.69,44692.51,49046.73,39.03200000000652,27.48200000000361,11.55000000000291,0.42027508914931205
2026-08-02 19:58:00,20182.71,910.05,44692.38,49046.52,38.822000000000116,27.497000000003027,11.32499999999709,0.4118631123393768
2026-08-02 19:59:00,20181.91,911.29,44692.09,49045.96,38.262000000002445,27.512000000002445,10.75,0.3907385867984532
2026-08-02 20:00:00,20181.18,911.82,44691.75,49045.37,37.67200000000594,27.517000000003463,10.155000000002474,0.3690445906167531
2026-08-02 20:01:00,20181.02,912.27,44692.04,49045.58,37.882000000005064,27.522000000004482,10.360000000000582,0.37642613182177515
2026-08-02 20:02:00,20181.17,911.67,44692.26,49045.82,38.12200000000303,27.53200000000288,10.590000000000146,0.38464332413188423
2026-08-02 20:03:00,20181.1,911.5,44692.26,49045.77,38.072000000000116,27.54200000000128,10.529999999998836,0.3823251760946317
2026-08-02 20:04:00,20180.77,912.24,44692.14,49045.54,37.84200000000419,27.582000000002154,10.260000000002037,0.37198172721344486
2026-08-02 20:05:00,20180.58,912.7,44692.29,49045.59,37.891999999999825,27.622000000003027,10.269999999996799,0.3718050829047742
2026-08-02 20:06:00,20179.95,913.18,44692.21,49045.27,37.572000000000116,27.637000000002445,9.934999999997672,0.3594818540361397
2026-08-02 20:07:00,20179.54,913.0,44691.84,49044.76,37.062000000005355,27.652000000001863,9.410000000003492,0.34030088239559014
2026-08-02 20:08:00,20179.84,913.75,44691.71,49044.79,37.09200000000419,27.652000000001863,9.440000000002328,0.3413857948792743
2026-08-02 20:09:00,20180.07,914.7,44691.55,49044.76,37.062000000005355,27.652000000001863,9.410000000003492,0.34030088239559014
2026-08-02 20:10:00,20180.52,915.23,44691.36,49044.77,37.072000000000116,27.687000000001717,9.3849999999984,0.3389677465957965
2026-08-02 20:11:00,20181.48,915.75,44691.37,49045.19,37.492000000005646,27.72200000000157,9.770000000004075,0.35242767477106707
2026-08-02 20:12:00,20181.85,915.32,44691.19,49045.16,37.46200000000681,27.742000000002008,9.720000000004802,0.3503712782064775
2026-08-02 20:13:00,20182.38,915.35,44691.47,49045.63,37.9320000000007,27.762000000002445,10.169999999998254,0.3663280743461335
2026-08-02 20:14:00,20182.06,915.52,44691.51,49045.54,37.84200000000419,27.772000000004482,10.069999999999709,0.36259541984725924
2026-08-02 20:15:00,20182.52,915.35,44691.45,49045.68,37.98200000000361,27.78200000000652,10.19999999999709,0.36714419408230853
2026-08-02 20:16:00,20182.85,915.54,44691.39,49045.76,38.062000000005355,27.822000000003754,10.2400000000016,0.36805405793976775
2026-08-02 20:17:00,20183.11,915.54,44691.05,49045.57,37.87200000000303,27.86200000000099,10.010000000002037,0.3592706912641476
2026-08-02 20:18:00,20183.12,916.45,44690.87,49045.43,37.73200000000361,27.877000000000407,9.855000000003201,0.35351723643157645
2026-08-02 20:19:00,20183.96,916.11,44690.73,49045.65,37.95200000000477,27.891999999999825,10.060000000004948,0.3606768966013556
2026-08-02 20:20:00,20184.57,916.64,44690.76,49045.93,38.23200000000361,27.902000000001863,10.330000000001746,0.3702243566769786
2026-08-02 20:21:00,20184.98,916.33,44690.64,49045.97,38.27200000000448,27.9120000000039,10.360000000000582,0.37116652335909767
2026-08-02 20:22:00,20185.38,916.81,44690.56,49046.09,38.391999999999825,28.017000000003463,10.374999999996362,0.3703108826781982
2026-08-02 20:23:00,20186.19,916.78,44690.26,49046.13,38.4320000000007,28.122000000003027,10.309999999997672,0.3666168835785706
2026-08-02 20:24:00,20186.84,914.73,44690.69,49046.77,39.072000000000116,28.127000000004045,10.944999999996071,0.38912788423914735
2026-08-02 20:25:00,20186.85,914.21,44690.72,49046.8,39.10200000000623,28.132000000005064,10.970000000001164,0.3899473908715765
2026-08-02 20:26:00,20187.37,910.32,44691.33,49047.49,39.79200000000128,28.132000000005064,11.659999999996217,0.4144746196500113
2026-08-02 20:27:00,20186.7,910.24,44691.65,49047.49,39.79200000000128,28.132000000005064,11.659999999996217,0.4144746196500113
2026-08-02 20:28:00,20187.57,910.95,44691.44,49047.66,39.96200000000681,28.137000000002445,11.825000000004366,0.4202651313218658
2026-08-02 20:29:00,20188.74,909.79,44691.21,49047.93,40.23200000000361,28.141999999999825,12.090000000003783,0.4296069931065261
2026-08-02 20:30:00,20188.17,909.44,44691.06,49047.54,39.84200000000419,28.16700000000128,11.67500000000291,0.4144921361878219
2026-08-02 20:31:00,20187.09,909.45,44690.89,49046.95,39.25200000000041,28.192000000002736,11.059999999997672,0.3923098751417636
2026-08-02 20:32:00,20187.01,910.15,44690.46,49046.55,38.85200000000623,28.197000000003754,10.655000000002474,0.3778770791219298
2026-08-02 20:33:00,20187.26,908.89,44690.61,49046.76,39.062000000005355,28.202000000004773,10.860000000000582,0.3850790724061678
2026-08-02 20:34:00,20187.34,909.73,44690.23,49046.46,38.762000000002445,28.22200000000521,10.539999999997235,0.3734675076180033
2026-08-02 20:35:00,20187.7,910.15,44689.84,49046.25,38.55200000000332,28.242000000005646,10.309999999997672,0.3650591317893779
2026-08-02 20:36:00,20186.94,911.2,44689.32,49045.47,37.77200000000448,28.252000000004045,9.520000000000437,0.33696729435080963
2026-08-02 20:37:00,20186.72,911.42,44689.05,49045.14,37.442000000002736,28.262000000002445,9.180000000000291,0.3248177765196906
2026-08-02 20:38:00,20186.52,911.73,44688.81,49044.84,37.141999999999825,28.28200000000288,8.859999999996944,0.31327346015119306
2026-08-02 20:39:00,20186.72,912.03,44688.69,49044.83,37.132000000005064,28.302000000003318,8.830000000001746,0.311992085365017
2026-08-02 20:40:00,20187.08,911.72,44688.59,49044.89,37.192000000002736,28.317000000002736,8.875,0.31341596920574716
2026-08-02 20:41:00,20187.52,912.15,44688.24,49044.76,37.062000000005355,28.332000000002154,8.730000000003201,0.3081321473952611
2026-08-02 20:42:00,20187.34,911.7,44688.17,49044.6,36.90200000000186,28.36200000000099,8.540000000000873,0.30110711515409966
2026-08-02 20:43:00,20187.62,912.28,44688.0,49044.58,36.882000000005064,28.391999999999825,8.490000000005239,0.2990278951819277
2026-08-02 20:44:00,20188.1,912.06,44688.07,49044.82,37.12200000000303,28.40700000000288,8.715000000000146,0.3067905797866463
2026-08-02 20:45:00,20188.14,911.91,44688.01,49044.78,37.082000000002154,28.422000000005937,8.659999999996217,0.3046935472519319
2026-08-02 20:46:00,20187.86,911.92,44687.7,49044.39,36.692000000002736,28.427000000003318,8.264999999999418,0.29074471453190465
2026-08-02 20:47:00,20187.96,912.14,44687.46,49044.23,36.53200000000652,28.4320000000007,8.10000000000582,0.2848902644909124
2026-08-02 20:48:00,20187.86,911.82,44687.44,49044.16,36.46200000000681,28.497000000003027,7.9650000000037835,0.27950310559016517
2026-08-02 20:49:00,20187.87,911.52,44687.57,49044.28,36.582000000002154,28.562000000005355,8.019999999996799,0.28079266157815613
2026-08-02 20:50:00,20187.8,911.27,44687.68,49044.35,36.65200000000186,28.572000000003754,8.079999999998108,0.28279434411301435
2026-08-02 20:51:00,20188.03,910.63,44687.74,49044.46,36.762000000002445,28.582000000002154,8.180000000000291,0.28619410817996205
2026-08-02 20:52:00,20187.19,911.05,44687.62,49044.01,36.312000000005355,28.622000000003027,7.690000000002328,0.2686744462302255
2026-08-02 20:53:00,20187.8,910.86,44687.61,49044.26,36.562000000005355,28.6620000000039,7.900000000001455,0.275626264740785
2026-08-02 20:54:00,20188.92,910.04,44687.89,49044.94,37.242000000005646,28.66700000000492,8.575000000000728,0.29912442878568585
2026-08-02 20:55:00,20189.45,910.41,44687.67,49044.97,37.27200000000448,28.672000000005937,8.599999999998545,0.29994419642845854
2026-08-02 20:56:00,20190.09,910.55,44687.47,49045.06,37.36200000000099,28.672000000005937,8.689999999995052,0.30308314732119324
2026-08-02 20:57:00,20189.94,910.96,44687.19,49044.74,37.04200000000128,28.672000000005937,8.369999999995343,0.2919224330354914
2026-08-02 20:58:00,20189.77,911.89,44686.62,49044.17,36.47200000000157,28.692000000006374,7.779999999995198,0.2711557228493472
2026-08-02 20:59:00,20190.73,912.63,44686.54,49044.51,36.812000000005355,28.71200000000681,8.099999999998545,0.282112008916015
2026-08-02 21:00:00,20191.19,913.06,44685.86,49044.07,36.37200000000303,28.742000000005646,7.629999999997381,0.2654651729175382
2026-08-02 21:01:00,20192.08,913.32,44685.67,49044.28,36.582000000002154,28.772000000004482,7.809999999997672,0.271444459891438
2026-08-02 21:02:00,20193.47,913.12,44685.73,49044.89,37.192000000002736,28.78200000000288,8.409999999999854,0.2921965117086725
2026-08-02 21:03:00,20194.89,913.03,44685.69,49045.44,37.742000000005646,28.79200000000128,8.950000000004366,0.31085023617685353
2026-08-02 21:04:00,20196.66,912.82,44685.6,49046.07,38.37200000000303,28.827000000001135,9.545000000001892,0.33111319249320137
2026-08-02 21:05:00,20199.1,912.74,44685.43,49046.91,39.21200000000681,28.86200000000099,10.35000000000582,0.35860300741478296
2026-08-02 21:06:00,20200.6,911.51,44685.32,49047.4,39.70200000000477,28.86200000000099,10.840000000003783,0.3755803478623592
2026-08-02 21:07:00,20201.86,910.24,44685.57,49048.12,40.42200000000594,28.86200000000099,11.560000000004948,0.4005266440303704
2026-08-02 21:08:00,20202.25,909.1,44685.72,49048.39,40.692000000002736,28.947000000003754,11.744999999998981,0.4057415276193546
2026-08-02 21:09:00,20202.55,908.21,44685.76,49048.52,40.822000000000116,29.03200000000652,11.789999999993597,0.40610360980955323
2026-08-02 21:10:00,20202.55,907.75,44685.64,49048.39,40.692000000002736,29.062000000005355,11.62999999999738,0.40017892780934683
2026-08-02 21:11:00,20202.64,907.1,44685.51,49048.3,40.60200000000623,29.09200000000419,11.510000000002037,0.39564141344700876
2026-08-02 21:12:00,20202.54,906.14,44685.46,49048.21,40.512000000002445,29.112000000004628,11.399999999997817,0.39159109645493284
2026-08-02 21:13:00,20202.51,905.41,44685.6,49048.32,40.62200000000303,29.132000000005064,11.489999999997963,0.39441164355334224
2026-08-02 21:14:00,20202.52,904.95,44685.51,49048.23,40.53200000000652,29.132000000005064,11.400000000001455,0.39132225731152936
2026-08-02 21:15:00,20202.19,904.16,44685.48,49048.05,40.35200000000623,29.132000000005064,11.220000000001164,0.3851434848276539
2026-08-02 21:16:00,20201.79,903.86,44685.5,49047.88,40.1820000000007,29.1520000000055,11.029999999995198,0.37836169044981877
2026-08-02 21:17:00,20201.21,903.69,44685.53,49047.68,39.98200000000361,29.172000000005937,10.809999999997672,0.37056081173712707
2026-08-02 21:18:00,20201.22,903.51,44685.53,49047.69,39.992000000005646,29.172000000005937,10.819999999999709,0.3709036061976384
2026-08-02 21:19:00,20201.32,903.54,44685.23,49047.46,39.762000000002445,29.172000000005937,10.589999999996508,0.3630193336073753
2026-08-02 21:20:00,20201.37,903.52,44685.02,49047.28,39.582000000002154,29.182000000004336,10.399999999997817,0.3563840723732531
2026-08-02 21:21:00,20201.64,903.45,44684.96,49047.34,39.641999999999825,29.192000000002736,10.44999999999709,0.3579747876129114
2026-08-02 21:22:00,20201.54,903.32,44684.85,49047.19,39.492000000005646,29.202000000004773,10.290000000000873,0.35237312512838814
2026-08-02 21:23:00,20201.8,902.63,44684.85,49047.29,39.59200000000419,29.21200000000681,10.37999999999738,0.3553334246198467
2026-08-02 21:24:00,20201.18,902.49,44684.85,49047.03,39.332000000002154,29.22200000000521,10.109999999996944,0.34597221271628026
2026-08-02 21:25:00,20200.32,901.78,44684.75,49046.57,38.87200000000303,29.23200000000361,9.639999999999418,0.3297755883962174
2026-08-02 21:26:00,20199.89,901.74,44684.61,49046.27,38.572000000000116,29.242000000002008,9.329999999998108,0.3190616236918633
2026-08-02 21:27:00,20199.54,901.92,44684.55,49046.07,38.37200000000303,29.252000000000407,9.12000000000262,0.3117735539451146
2026-08-02 21:28:00,20198.84,902.46,44684.22,49045.49,37.79200000000128,29.272000000000844,8.520000000000437,0.2910631320032861
2026-08-02 21:29:00,20197.81,902.96,44683.95,49044.84,37.141999999999825,29.29200000000128,7.849999999998545,0.2679912604123379
2026-08-02 21:30:00,20196.97,903.18,44683.69,49044.27,36.572000000000116,29.312000000001717,7.259999999998399,0.2476801310042977
2026-08-02 21:31:00,20197.27,902.8,44683.75,49044.43,36.73200000000361,29.332000000002154,7.400000000001455,0.25228419473615543
2026-08-02 21:32:00,20197.68,902.66,44683.85,49044.69,36.992000000005646,29.35700000000361,7.635000000002037,0.2600742582689341
2026-08-02 21:33:00,20197.55,902.84,44683.65,49044.47,36.77200000000448,29.382000000005064,7.389999999999418,0.25151453270703644
2026-08-02 21:34:00,20197.12,903.16,44683.45,49044.1,36.40200000000186,29.387000000002445,7.014999999999418,0.23871099465746196
2026-08-02 21:35:00,20197.04,903.52,44683.22,49043.88,36.1820000000007,29.391999999999825,6.790000000000873,0.23101524224281822
2026-08-02 21:36:00,20197.52,902.96,44683.23,49044.08,36.382000000005064,29.397000000000844,6.98500000000422,0.2376092798586257
2026-08-02 21:37:00,20197.75,902.54,44683.29,49044.21,36.512000000002445,29.402000000001863,7.110000000000582,0.2418202843344035
2026-08-02 21:38:00,20197.74,902.69,44683.1,49044.03,36.332000000002154,29.41700000000128,6.915000000000873,0.23506815786791896
2026-08-02 21:39:00,20197.79,902.8,44682.87,49043.85,36.15200000000186,29.4320000000007,6.720000000001164,0.22832291383531547
2026-08-02 21:40:00,20197.7,903.15,44682.56,49043.52,35.822000000000116,29.437000000001717,6.384999999998399,0.216903896456773
2026-08-02 21:41:00,20197.35,903.05,44682.4,49043.25,35.55200000000332,29.442000000002736,6.110000000000582,0.20752666259085709
2026-08-02 21:42:00,20196.68,903.18,44682.21,49042.82,35.12200000000303,29.447000000003754,5.674999999999272,0.1927191224912062
2026-08-02 21:43:00,20196.29,903.41,44682.0,49042.48,34.78200000000652,29.452000000004773,5.330000000001746,0.18097242971617827
2026-08-02 21:44:00,20196.0,903.28,44681.88,49042.25,34.55200000000332,29.462000000003172,5.0900000000001455,0.17276491752086068
2026-08-02 21:45:00,20196.03,903.16,44681.89,49042.25,34.55200000000332,29.47200000000157,5.080000000001746,0.17236699239961575
2026-08-02 21:46:00,20196.23,903.18,44681.77,49042.23,34.53200000000652,29.497000000003027,5.0350000000034925,0.1706953249484007
2026-08-02 21:47:00,20196.73,903.18,44681.58,49042.28,34.582000000002154,29.522000000004482,5.059999999997672,0.17139760178839183
2026-08-02 21:48:00,20197.81,902.78,44681.54,49042.66,34.96200000000681,29.552000000003318,5.4100000000034925,0.18306713589614526
2026-08-02 21:49:00,20198.22,902.43,44681.46,49042.74,35.04200000000128,29.582000000002154,5.459999999999127,0.18457169900610942
2026-08-02 21:50:00,20198.35,902.15,44681.34,49042.68,34.98200000000361,29.622000000003027,5.360000000000582,0.18094659374789124
2026-08-02 21:51:00,20197.95,901.77,44681.24,49042.42,34.72200000000157,29.6620000000039,5.059999999997672,0.1705886319195269
2026-08-02 21:52:00,20197.59,901.39,44681.17,49042.21,34.512000000002445,29.6720000000023,4.8400000000001455,0.16311674305742013
2026-08-02 21:53:00,20197.34,900.65,44681.25,49042.16,34.46200000000681,29.6820000000007,4.780000000006112,0.16104036116184892
2026-08-02 21:54:00,20197.17,899.98,44681.34,49042.17,34.47200000000157,29.692000000002736,4.779999999998836,0.16098612420848699
2026-08-02 21:55:00,20197.13,899.25,44681.42,49042.22,34.52200000000448,29.702000000004773,4.819999999999709,0.16227863443535567
2026-08-02 21:56:00,20197.15,898.76,44681.43,49042.24,34.54200000000128,29.742000000005646,4.799999999995634,0.16138793625158776
2026-08-02 21:57:00,20197.11,898.47,44681.35,49042.15,34.45200000000477,29.78200000000652,4.669999999998254,0.15680612450464146
2026-08-02 21:58:00,20197.05,898.26,44681.23,49042.03,34.332000000002154,29.79200000000492,4.539999999997235,0.15238990332963498
2026-08-02 21:59:00,20197.21,898.06,44681.11,49041.98,34.28200000000652,29.802000000003318,4.480000000003201,0.15032548151139866
2026-08-02 22:00:00,20197.38,898.1,44680.91,49041.87,34.17200000000594,29.802000000003318,4.370000000002619,0.14663445406355724
2026-08-02 22:01:00,20196.92,898.21,44680.64,49041.45,33.75200000000041,29.802000000003318,3.9499999999970896,0.13254144017168815
2026-08-02 22:02:00,20196.3,898.23,44680.53,49041.08,33.382000000005064,29.85200000000259,3.530000000002474,0.11825003349866567
2026-08-02 22:03:00,20195.59,897.96,44680.49,49040.75,33.05200000000332,29.902000000001863,3.150000000001455,0.1053441241388957
2026-08-02 22:04:00,20194.9,897.76,44680.45,49040.44,32.742000000005646,29.9120000000039,2.8300000000017462,0.09461085851836645
2026-08-02 22:05:00,20194.58,897.68,44680.41,49040.28,32.582000000002154,29.922000000005937,2.6599999999962165,0.08889780094899033
2026-08-02 22:06:00,20194.27,897.38,44680.37,49040.1,32.40200000000186,29.927000000003318,2.474999999998545,0.0827012396831714
2026-08-02 22:07:00,20194.33,897.22,44680.32,49040.07,32.37200000000303,29.9320000000007,2.4400000000023283,0.08151810771088705
2026-08-02 22:08:00,20194.41,897.15,44680.22,49040.0,32.30200000000332,29.937000000001717,2.3650000000016007,0.07899923171999415
2026-08-02 22:09:00,20194.45,897.2,44680.11,49039.92,32.22200000000157,29.942000000002736,2.279999999998836,0.07614721795466661
2026-08-02 22:10:00,20194.3,897.22,44679.85,49039.65,31.952000000004773,29.947000000003754,2.0050000000010186,0.06695161451900916
2026-08-02 22:11:00,20194.26,897.44,44679.69,49039.49,31.79200000000128,29.952000000004773,1.8399999999965075,0.06143162393149754
2026-08-02 22:12:00,20194.28,897.75,44679.59,49039.41,31.71200000000681,29.962000000003172,1.750000000003638,0.05840731593363102
2026-08-02 22:13:00,20193.92,898.04,44679.36,49039.05,31.352000000006228,29.97200000000157,1.3800000000046566,0.04604297344203204
2026-08-02 22:14:00,20193.2,897.9,44679.31,49038.7,31.002000000000407,29.997000000003027,1.0049999999973807,0.033503350334942804
2026-08-02 22:15:00,20192.63,897.47,44679.41,49038.56,30.86200000000099,30.022000000004482,0.8399999999965075,0.02797948171328966
2026-08-02 22:16:00,20192.07,897.89,44679.37,49038.3,30.602000000006228,30.082000000002154,0.5200000000040745,0.01728608470194925
2026-08-02 22:17:00,20191.91,898.44,44679.22,49038.1,30.402000000001863,30.141999999999825,0.26000000000203727,0.008625837701613655
2026-08-02 22:18:00,20191.67,898.69,44679.04,49037.84,30.141999999999825,30.147000000000844,-0.005000000001018634,0.00016585398218789578
2026-08-02 22:19:00,20191.07,899.03,44678.8,49037.4,29.702000000004773,30.152000000001863,-0.4499999999970896,0.014924383125400034
2026-08-02 22:20:00,20190.64,899.36,44678.69,49037.14,29.442000000002736,30.202000000001135,-0.7599999999983993,0.025163896430646007
2026-08-02 22:21:00,20190.32,899.55,44678.64,49036.95,29.252000000000407,30.252000000000407,-1.0,0.03305566574110758
2026-08-02 22:22:00,20190.0,899.57,44678.58,49036.79,29.09200000000419,30.257000000001426,-1.1649999999972351,0.03850348679635061
2026-08-02 22:23:00,20190.06,899.34,44678.68,49036.87,29.172000000005937,30.262000000002445,-1.0899999999965075,0.036018769413667946
2026-08-02 22:24:00,20190.13,899.21,44678.71,49036.93,29.23200000000361,30.322000000003754,-1.0900000000001455,0.03594749686696163
2026-08-02 22:25:00,20190.11,899.28,44678.67,49036.89,29.192000000002736,30.382000000005064,-1.1900000000023283,0.039167928378715355
2026-08-02 22:26:00,20190.11,899.48,44678.6,49036.83,29.132000000005064,30.392000000003463,-1.2599999999983993,0.04145827849428322
2026-08-02 22:27:00,20190.52,899.39,44678.61,49036.99,29.29200000000128,30.402000000001863,-1.110000000000582,0.036510755871341165
2026-08-02 22:28:00,20190.95,899.47,44678.52,49037.09,29.391999999999825,30.41700000000128,-1.0250000000014552,0.03369826084102351
2026-08-02 22:29:00,20191.48,899.59,44678.42,49037.22,29.522000000004482,30.4320000000007,-0.9099999999962165,0.029902733964123147
2026-08-02 22:30:00,20192.14,899.73,44678.28,49037.38,29.6820000000007,30.437000000001717,-0.7550000000010186,0.024805335611294676
2026-08-02 22:31:00,20192.63,899.62,44678.18,49037.48,29.78200000000652,30.442000000002736,-0.6599999999962165,0.02168057289258778
2026-08-02 22:32:00,20193.02,899.26,44678.18,49037.63,29.9320000000007,30.512000000002445,-0.5800000000017462,0.019008914525488325
2026-08-02 22:33:00,20193.41,898.66,44678.26,49037.85,30.152000000001863,30.582000000002154,-0.43000000000029104,0.014060558498471674
2026-08-02 22:34:00,20193.95,898.26,44678.33,49038.14,30.442000000002736,30.587000000003172,-0.14500000000043656,0.00474057606173935
2026-08-02 22:35:00,20194.43,898.18,44678.26,49038.28,30.582000000002154,30.59200000000419,-0.010000000002037268,0.0003268828452548345
2026-08-02 22:36:00,20194.52,897.76,44678.25,49038.29,30.59200000000419,30.59700000000521,-0.005000000001018634,0.00016341471389410016
2026-08-02 22:37:00,20194.11,897.31,44678.26,49038.13,30.4320000000007,30.602000000006228,-0.17000000000552973,0.005555192471259889
2026-08-02 22:38:00,20193.72,896.76,44678.38,49038.08,30.382000000005064,30.642000000003463,-0.2599999999983993,0.008485085829853465
2026-08-02 22:39:00,20193.35,896.56,44678.43,49037.95,30.252000000000407,30.6820000000007,-0.43000000000029104,0.014014731764561673
2026-08-02 22:40:00,20192.97,896.74,44678.35,49037.72,30.022000000004482,30.772000000000844,-0.749999999996362,0.02437280644730084
2026-08-02 22:41:00,20192.9,896.99,44678.3,49037.64,29.942000000002736,30.86200000000099,-0.9199999999982538,0.02981012248066309
2026-08-02 22:42:00,20193.32,897.38,44678.13,49037.67,29.97200000000157,30.91700000000128,-0.944999999999709,0.030565708186423967
2026-08-02 22:43:00,20193.39,897.84,44677.9,49037.5,29.802000000003318,30.97200000000157,-1.1699999999982538,0.03777605579227026
2026-08-02 22:44:00,20192.87,898.32,44677.69,49037.1,29.402000000001863,30.97700000000259,-1.5750000000007276,0.05084417471028815
2026-08-02 22:45:00,20192.72,898.35,44677.67,49037.03,29.332000000002154,30.98200000000361,-1.6500000000014552,0.053256729714068266
2026-08-02 22:46:00,20192.38,898.24,44677.65,49036.87,29.172000000005937,30.987000000004628,-1.8149999999986903,0.05857294994670085
2026-08-02 22:47:00,20192.0,898.41,44677.69,49036.73,29.03200000000652,30.992000000005646,-1.9599999999991269,0.06324212700047657
2026-08-02 22:48:00,20191.6,898.6,44677.67,49036.56,28.86200000000099,30.997000000003027,-2.1350000000020373,0.06887763331941249
2026-08-02 22:49:00,20190.98,898.75,44677.65,49036.28,28.582000000002154,31.002000000000407,-2.4199999999982538,0.07805948003348886
2026-08-02 22:50:00,20190.39,899.08,44677.63,49036.03,28.332000000002154,31.007000000001426,-2.6749999999992724,0.08627084206789272
2026-08-02 22:51:00,20189.99,899.41,44677.59,49035.84,28.141999999999825,31.012000000002445,-2.8700000000026193,0.09254482135955092
2026-08-02 22:52:00,20189.47,899.56,44677.54,49035.59,27.891999999999825,31.017000000003463,-3.125000000003638,0.10075120095442142
2026-08-02 22:53:00,20188.99,899.86,44677.49,49035.35,27.652000000001863,31.022000000004482,-3.3700000000026193,0.10863258332802954
2026-08-02 22:54:00,20188.71,900.2,44677.46,49035.22,27.522000000004482,31.04200000000492,-3.5200000000004366,0.11339475549255457
2026-08-02 22:55:00,20188.58,900.68,44677.4,49035.12,27.422000000005937,31.062000000005355,-3.639999999999418,0.11718498486893279
2026-08-02 22:56:00,20188.6,900.98,44677.32,49035.06,27.36200000000099,31.072000000003754,-3.710000000002765,0.1194001029866863
2026-08-02 22:57:00,20188.64,901.22,44677.28,49035.03,27.332000000002154,31.082000000002154,-3.75,0.12064860691074385
2026-08-02 22:58:00,20188.86,901.31,44677.26,49035.12,27.422000000005937,31.082000000002154,-3.6599999999962165,0.11775304034476426
2026-08-02 22:59:00,20189.43,901.26,44677.32,49035.42,27.72200000000157,31.082000000002154,-3.360000000000582,0.10810115179204521
2026-08-02 23:00:00,20190.34,901.17,44677.35,49035.82,28.122000000003027,31.122000000003027,-3.0,0.09639483323692913
2026-08-02 23:01:00,20191.89,901.37,44677.3,49036.41,28.71200000000681,31.1620000000039,-2.4499999999970896,0.07862139785626028
2026-08-02 23:02:00,20193.5,901.67,44677.14,49036.91,29.21200000000681,31.212000000003172,-1.999999999996362,0.06407791874907595
2026-08-02 23:03:00,20194.52,901.65,44676.92,49037.13,29.4320000000007,31.262000000002445,-1.8300000000017462,0.05853752159176007
2026-08-02 23:04:00,20195.08,901.0,44676.95,49037.36,29.6620000000039,31.307000000004336,-1.6450000000004366,0.05254415945316411
2026-08-02 23:05:00,20195.27,900.03,44677.14,49037.6,29.902000000001863,31.352000000006228,-1.4500000000043656,0.046249043123375785
2026-08-02 23:06:00,20194.54,898.81,44677.39,49037.5,29.802000000003318,31.377000000004045,-1.5750000000007276,0.05019600344202838
2026-08-02 23:07:00,20193.35,897.61,44677.71,49037.28,29.582000000002154,31.402000000001863,-1.819999999999709,0.05795809184127129
2026-08-02 23:08:00,20192.44,896.91,44677.98,49037.15,29.452000000004773,31.40700000000288,-1.9549999999981083,0.062247269716876136
2026-08-02 23:09:00,20191.6,896.88,44677.97,49036.83,29.132000000005064,31.4120000000039,-2.279999999998836,0.07258372596455344
2026-08-02 23:10:00,20190.7,897.21,44677.86,49036.37,28.672000000005937,31.46700000000419,-2.7949999999982538,0.08882321161845366
2026-08-02 23:11:00,20189.97,897.87,44677.72,49035.94,28.242000000005646,31.522000000004482,-3.279999999998836,0.10405431127461359
2026-08-02 23:12:00,20189.34,898.51,44677.51,49035.48,27.78200000000652,31.5270000000055,-3.7449999999989814,0.11878707139906518
2026-08-02 23:13:00,20188.79,899.07,44677.37,49035.14,27.442000000002736,31.53200000000652,-4.0900000000037835,0.12970950145892865
2026-08-02 23:14:00,20188.43,899.77,44677.2,49034.85,27.152000000001863,31.552000000003318,-4.400000000001455,0.13945233265723228
2026-08-02 23:15:00,20188.82,900.63,44677.0,49034.85,27.152000000001863,31.572000000000116,-4.419999999998254,0.13999746610915487
2026-08-02 23:16:00,20189.74,901.66,44676.7,49034.97,27.272000000004482,31.582000000002154,-4.309999999997672,0.13647014121959908
2026-08-02 23:17:00,20189.91,902.39,44676.32,49034.71,27.012000000002445,31.59200000000419,-4.580000000001746,0.14497341099016012
2026-08-02 23:18:00,20190.4,902.32,44676.31,49034.9,27.202000000004773,31.627000000004045,-4.424999999999272,0.13991210042048585
2026-08-02 23:19:00,20190.86,902.11,44676.39,49035.14,27.442000000002736,31.6620000000039,-4.220000000001164,0.13328279957048336
2026-08-02 23:20:00,20190.98,902.15,44676.36,49035.17,27.47200000000157,31.682000000004336,-4.210000000002765,0.13288302506161823
2026-08-02 23:21:00,20191.0,901.98,44676.31,49035.13,27.4320000000007,31.702000000004773,-4.2700000000040745,0.13469181755105142
2026-08-02 23:22:00,20191.36,901.89,44676.36,49035.32,27.622000000003027,31.70700000000579,-4.085000000002765,0.12883590374371648
2026-08-02 23:23:00,20191.97,901.9,44676.34,49035.56,27.86200000000099,31.71200000000681,-3.8500000000058208,0.12140514631700915
2026-08-02 23:24:00,20192.61,901.62,44676.36,49035.83,28.132000000005064,31.752000000004045,-3.6199999999989814,0.11400856638947217
2026-08-02 23:25:00,20193.29,901.41,44676.39,49036.12,28.422000000005937,31.79200000000128,-3.3699999999953434,0.10600150981363889
2026-08-02 23:26:00,20193.89,901.07,44676.4,49036.37,28.672000000005937,31.872000000003027,-3.1999999999970896,0.10040160642560196
2026-08-02 23:27:00,20194.15,900.75,44676.4,49036.47,28.772000000004482,31.952000000004773,-3.180000000000291,0.0995242864296387
2026-08-02 23:28:00,20194.0,900.63,44676.36,49036.36,28.6620000000039,31.997000000003027,-3.334999999999127,0.10422852142384634
2026-08-02 23:29:00,20193.77,900.56,44676.34,49036.26,28.562000000005355,32.04200000000128,-3.4799999999959255,0.10860745271817572
2026-08-02 23:30:00,20193.44,900.46,44676.35,49036.13,28.4320000000007,32.077000000001135,-3.6450000000004366,0.1136328210244196
2026-08-02 23:31:00,20193.19,900.53,44676.29,49036.0,28.302000000003318,32.11200000000099,-3.8099999999976717,0.11864723467854865
2026-08-02 23:32:00,20193.09,900.58,44676.24,49035.9,28.202000000004773,32.16700000000128,-3.9649999999965075,0.12326297136805887
2026-08-02 23:33:00,20193.05,900.89,44676.17,49035.83,28.132000000005064,32.22200000000157,-4.0899999999965075,0.12693190987512595
2026-08-02 23:34:00,20192.8,901.25,44676.04,49035.61,27.9120000000039,32.252000000004045,-4.3400000000001455,0.13456529827606353
2026-08-02 23:35:00,20192.39,901.51,44675.91,49035.35,27.652000000001863,32.28200000000652,-4.630000000004657,0.143423579703975
2026-08-02 23:36:00,20192.05,901.78,44675.93,49035.21,27.512000000002445,32.29200000000492,-4.780000000002474,0.14802427845911512
2026-08-02 23:37:00,20191.85,901.97,44675.87,49035.07,27.372000000003027,32.30200000000332,-4.930000000000291,0.15262212866075736
2026-08-02 23:38:00,20191.87,902.22,44675.85,49035.08,27.382000000005064,32.33700000000317,-4.954999999998108,0.15323004607717544
2026-08-02 23:39:00,20191.67,902.45,44675.79,49034.94,27.242000000005646,32.37200000000303,-5.129999999997381,0.15847028296048749
2026-08-02 23:40:00,20191.37,902.54,44675.77,49034.8,27.102000000006228,32.387000000002445,-5.2849999999962165,0.16318275851408953
2026-08-02 23:41:00,20191.39,902.64,44675.78,49034.82,27.122000000003027,32.40200000000186,-5.279999999998836,0.16295290414167435
2026-08-02 23:42:00,20191.51,902.63,44675.81,49034.9,27.202000000004773,32.43700000000172,-5.234999999996944,0.16138977094048979
2026-08-02 23:43:00,20191.94,902.68,44675.84,49035.09,27.391999999999825,32.47200000000157,-5.080000000001746,0.15644247351569046
2026-08-02 23:44:00,20192.34,902.95,44675.78,49035.18,27.48200000000361,32.49200000000201,-5.009999999998399,0.15419180105866334
2026-08-02 23:45:00,20192.62,902.96,44675.72,49035.24,27.54200000000128,32.512000000002445,-4.970000000001164,0.15286663385829202
2026-08-02 23:46:00,20193.07,902.8,44675.75,49035.46,27.762000000002445,32.5470000000023,-4.7849999999998545,0.14701815835559395
2026-08-02 23:47:00,20192.52,902.84,44675.61,49035.12,27.422000000005937,32.582000000002154,-5.1599999999962165,0.15836965195494063
2026-08-02 23:48:00,20191.58,902.92,44675.6,49034.74,27.04200000000128,32.60700000000361,-5.565000000002328,0.17066887478154116
2026-08-02 23:49:00,20190.93,903.21,44675.6,49034.47,26.772000000004482,32.632000000005064,-5.860000000000582,0.17957832802156387
2026-08-02 23:50:00,20190.2,903.37,44675.6,49034.19,26.492000000005646,32.64200000000346,-6.149999999997817,0.18840757306528905
2026-08-02 23:51:00,20189.77,903.46,44675.7,49034.1,26.402000000001863,32.65200000000186,-6.25,0.1914124709052935
2026-08-02 23:52:00,20189.39,903.58,44675.72,49033.98,26.28200000000652,32.697000000003754,-6.414999999997235,0.19619536960566714
2026-08-02 23:53:00,20189.22,903.69,44675.77,49033.96,26.262000000002445,32.742000000005646,-6.480000000003201,0.197910940077029
2026-08-02 23:54:00,20189.24,903.78,44675.81,49034.0,26.302000000003318,32.742000000005646,-6.440000000002328,0.19668926760739167
2026-08-02 23:55:00,20189.41,903.97,44675.79,49034.06,26.36200000000099,32.742000000005646,-6.380000000004657,0.19485675890304674
2026-08-02 23:56:00,20189.36,903.88,44675.83,49034.07,26.372000000003027,32.742000000005646,-6.370000000002619,0.19455134078558184
2026-08-02 23:57:00,20189.54,903.92,44675.89,49034.19,26.492000000005646,32.742000000005646,-6.25,0.19088632337666978
2026-08-02 23:58:00,20189.66,903.78,44675.92,49034.29,26.59200000000419,32.752000000004045,-6.1599999999998545,0.18808011724472073
2026-08-02 23:59:00,20189.75,903.69,44675.99,49034.37,26.672000000005937,32.762000000002445,-6.0899999999965075,0.18588608754032274
