timestamp,Bx,By,Bz,B_total,B_baseline,delta_B,chi
2026-07-02 00:00:00,20197.13,904.23,44668.17,49030.37,49030.38,0.00999999999476131,2.0395518033434192e-07
2026-07-02 00:01:00,20197.1,904.24,44668.11,49030.31,49030.38,0.06999999999970896,1.427686263082378e-06
2026-07-02 00:02:00,20197.01,904.04,44668.14,49030.28,49030.38,0.09999999999854481,2.0395518043821978e-06
2026-07-02 00:03:00,20196.89,903.99,44668.17,49030.25,49030.38,0.12999999999738066,2.6514173456820172e-06
2026-07-02 00:04:00,20197.28,903.99,44668.19,49030.44,49030.38,0.06000000000494765,1.223731082748036e-06
2026-07-02 00:05:00,20197.75,903.66,44668.23,49030.66,49030.38,0.2800000000061118,5.710745052477909e-06
2026-07-02 00:06:00,20198.34,903.22,44668.25,49030.92,49030.38,0.5400000000008731,1.1013579743841944e-05
2026-07-02 00:07:00,20198.95,903.03,44668.26,49031.17,49030.38,0.7900000000008731,1.6112459254871634e-05
2026-07-02 00:08:00,20199.32,903.17,44668.09,49031.17,49030.375,0.7949999999982538,1.6214438498548172e-05
2026-07-02 00:09:00,20199.97,903.39,44667.99,49031.36,49030.37,0.9899999999979627,2.0191566981810718e-05
2026-07-02 00:10:00,20200.25,903.36,44667.93,49031.42,49030.37,1.0499999999956344,2.14152983139967e-05
2026-07-02 00:11:00,20200.0,903.11,44667.95,49031.33,49030.37,0.9599999999991269,1.9579701315717725e-05
2026-07-02 00:12:00,20199.5,903.37,44667.91,49031.1,49030.37,0.7299999999959255,1.4888731208757458e-05
2026-07-02 00:13:00,20199.14,903.9,44667.82,49030.88,49030.37,0.5099999999947613,1.0401716323877655e-05
2026-07-02 00:14:00,20199.25,904.8,44667.55,49030.7,49030.37,0.32999999999447027,6.730522327171308e-06
2026-07-02 00:15:00,20199.58,905.03,44667.47,49030.76,49030.37,0.3899999999994179,7.954253659505688e-06
2026-07-02 00:16:00,20199.58,904.8,44667.46,49030.79,49030.365000000005,0.4249999999956344,8.668097820516621e-06
2026-07-02 00:17:00,20199.7,904.9,44667.57,49030.93,49030.36,0.569999999999709,1.1625450027283277e-05
2026-07-02 00:18:00,20199.93,905.08,44667.56,49031.01,49030.36,0.6500000000014552,1.3257092136412117e-05
2026-07-02 00:19:00,20200.2,905.05,44667.55,49031.11,49030.36,0.75,1.5296644772748966e-05
2026-07-02 00:20:00,20200.38,904.44,44667.73,49031.35,49030.36,0.9899999999979627,2.0191571099987085e-05
2026-07-02 00:21:00,20200.45,904.15,44667.83,49031.46,49030.36,1.0999999999985448,2.243507900000214e-05
2026-07-02 00:22:00,20200.89,903.66,44667.97,49031.76,49030.354999999996,1.4050000000061118,2.865571746331659e-05
2026-07-02 00:23:00,20201.14,903.53,44668.0,49031.89,49030.35,1.5400000000008731,3.140911700611709e-05
2026-07-02 00:24:00,20200.98,903.46,44667.99,49031.82,49030.35,1.4700000000011642,2.9981429869482153e-05
2026-07-02 00:25:00,20200.76,903.37,44668.03,49031.77,49030.35,1.4199999999982538,2.896165334325074e-05
2026-07-02 00:26:00,20200.55,903.47,44668.04,49031.69,49030.35,1.3400000000037835,2.7330010901488233e-05
2026-07-02 00:27:00,20200.19,904.01,44667.93,49031.44,49030.35,1.0900000000037835,2.223112827062796e-05
2026-07-02 00:28:00,20199.7,904.28,44667.84,49031.16,49030.345,0.8150000000023283,1.6622359071761136e-05
2026-07-02 00:29:00,20199.59,903.97,44667.89,49031.16,49030.34,0.8200000000069849,1.6724338440381712e-05
2026-07-02 00:30:00,20199.88,903.4,44668.07,49031.43,49030.325,1.1050000000032014,2.253707271985657e-05
2026-07-02 00:31:00,20199.78,902.48,44668.26,49031.54,49030.31,1.2300000000032014,2.508652301001567e-05
2026-07-02 00:32:00,20199.05,901.47,44668.59,49031.53,49030.305,1.2249999999985448,2.4984547821975507e-05
2026-07-02 00:33:00,20197.83,900.79,44668.87,49031.27,49030.3,0.9699999999938882,1.978368478255055e-05
2026-07-02 00:34:00,20197.02,900.82,44668.97,49031.05,49030.29,0.7600000000020373,1.5500622166461533e-05
2026-07-02 00:35:00,20196.59,901.52,44668.9,49030.79,49030.28,0.5100000000020373,1.0401735417420364e-05
2026-07-02 00:36:00,20196.68,902.28,44668.59,49030.55,49030.28,0.27000000000407454,5.506801103401297e-06
2026-07-02 00:37:00,20197.15,902.61,44668.38,49030.56,49030.28,0.27999999999883585,5.710756699713643e-06
2026-07-02 00:38:00,20197.21,903.31,44667.99,49030.24,49030.270000000004,0.030000000006111804,6.118669141759122e-07
2026-07-02 00:39:00,20197.14,904.08,44667.56,49029.83,49030.26,0.43000000000029104,8.770094223450804e-06
2026-07-02 00:40:00,20196.93,904.4,44667.45,49029.66,49030.26,0.5999999999985448,1.2237340776870137e-05
2026-07-02 00:41:00,20196.57,905.0,44667.18,49029.28,49030.26,0.9800000000032014,1.9987656602334993e-05
2026-07-02 00:42:00,20197.29,905.27,44667.48,49029.86,49030.255000000005,0.39500000000407454,8.05625016643447e-06
2026-07-02 00:43:00,20197.7,905.5,44667.46,49030.0,49030.25,0.25,5.098893030323117e-06
2026-07-02 00:44:00,20198.17,905.49,44667.43,49030.16,49030.25,0.08999999999650754,1.8356014908450913e-06
2026-07-02 00:45:00,20198.42,905.15,44667.54,49030.36,49030.25,0.11000000000058208,2.2435129333540433e-06
2026-07-02 00:46:00,20198.44,905.14,44667.56,49030.38,49030.244999999995,0.13500000000203727,2.753402517202133e-06
2026-07-02 00:47:00,20198.6,905.38,44667.49,49030.41,49030.24,0.17000000000552973,3.4672479678975615e-06
2026-07-02 00:48:00,20198.7,905.6,44667.41,49030.38,49030.24,0.13999999999941792,2.8553806793402994e-06
2026-07-02 00:49:00,20199.02,905.83,44667.33,49030.43,49030.24,0.1900000000023283,3.8751594934540055e-06
2026-07-02 00:50:00,20199.73,905.34,44667.52,49030.9,49030.24,0.6600000000034925,1.346108034558861e-05
2026-07-02 00:51:00,20200.44,904.84,44667.71,49031.35,49030.24,1.110000000000582,2.2639089672018374e-05
2026-07-02 00:52:00,20200.81,904.68,44667.76,49031.54,49030.24,1.3000000000029104,2.6514249165472377e-05
2026-07-02 00:53:00,20201.11,904.86,44667.67,49031.59,49030.24,1.3499999999985448,2.7534027979437687e-05
2026-07-02 00:54:00,20200.74,904.79,44667.59,49031.36,49030.24,1.1200000000026193,2.2843045434870792e-05
2026-07-02 00:55:00,20200.58,904.75,44667.66,49031.35,49030.24,1.110000000000582,2.2639089672018374e-05
2026-07-02 00:56:00,20200.71,904.67,44667.7,49031.43,49030.229999999996,1.2000000000043656,2.4474696529148767e-05
2026-07-02 00:57:00,20200.5,904.41,44667.75,49031.38,49030.22,1.1599999999962165,2.3658878136712755e-05
2026-07-02 00:58:00,20200.14,904.27,44667.82,49031.3,49030.215,1.0850000000064028,2.2129211548560473e-05
2026-07-02 00:59:00,20199.68,904.24,44667.83,49031.13,49030.21,0.9199999999982538,1.876394165960647e-05
2026-07-02 01:00:00,20199.42,904.47,44667.85,49031.04,49030.21,0.8300000000017462,1.6928338671234453e-05
2026-07-02 01:01:00,20199.71,904.6,44667.88,49031.19,49030.21,0.9800000000032014,1.9987676985336212e-05
2026-07-02 01:02:00,20200.06,904.64,44667.84,49031.29,49030.205,1.0849999999991269,2.2129216061795518e-05
2026-07-02 01:03:00,20200.27,904.77,44667.83,49031.37,49030.2,1.1700000000055297,2.386284371684247e-05
2026-07-02 01:04:00,20200.4,904.97,44667.72,49031.34,49030.2,1.139999999999418,2.3250975929109366e-05
2026-07-02 01:05:00,20200.64,904.7,44667.75,49031.44,49030.2,1.2400000000052387,2.529053522125626e-05
2026-07-02 01:06:00,20200.18,904.52,44667.64,49031.15,49030.195,0.9550000000017462,1.9477793225210427e-05
2026-07-02 01:07:00,20199.82,904.83,44667.63,49031.02,49030.19,0.8299999999944703,1.692834557635755e-05
2026-07-02 01:08:00,20200.13,905.12,44667.63,49031.15,49030.19,0.9599999999991269,1.957977319686354e-05
2026-07-02 01:09:00,20200.81,904.7,44667.69,49031.46,49030.19,1.2699999999967986,2.5902408291642324e-05
2026-07-02 01:10:00,20200.91,905.13,44667.6,49031.43,49030.185,1.2450000000026193,2.5392520954237055e-05
2026-07-02 01:11:00,20201.83,905.4,44667.44,49031.66,49030.18,1.4800000000032014,3.018548983510159e-05
2026-07-02 01:12:00,20203.12,904.33,44667.51,49032.24,49030.17,2.069999999999709,4.2218903177364245e-05
2026-07-02 01:13:00,20203.84,903.22,44667.88,49032.84,49030.16,2.679999999993015,5.4660233619327675e-05
2026-07-02 01:14:00,20204.01,902.77,44667.96,49032.97,49030.16,2.8099999999976717,5.731166286215814e-05
2026-07-02 01:15:00,20203.88,902.82,44667.91,49032.87,49030.16,2.709999999999127,5.527210190623744e-05
2026-07-02 01:16:00,20203.66,903.47,44667.68,49032.58,49030.16,2.4199999999982538,4.9357375133963534e-05
2026-07-02 01:17:00,20203.11,903.95,44667.36,49032.08,49030.16,1.9199999999982538,3.915957035421164e-05
2026-07-02 01:18:00,20202.02,904.7,44666.99,49031.3,49030.155,1.1450000000040745,2.3352975327205768e-05
2026-07-02 01:19:00,20201.98,905.73,44666.93,49031.26,49030.15,1.110000000000582,2.2639131228449885e-05
2026-07-02 01:20:00,20201.55,905.7,44666.86,49031.02,49030.14,0.8799999999973807,1.7948143733576543e-05
2026-07-02 01:21:00,20201.02,905.23,44667.03,49030.95,49030.13,0.819999999999709,1.6724410071923305e-05
2026-07-02 01:22:00,20200.6,905.33,44667.24,49030.97,49030.125,0.8450000000011642,1.7234302380448024e-05
2026-07-02 01:23:00,20200.45,904.98,44667.38,49031.04,49030.12,0.9199999999982538,1.876397610281708e-05
2026-07-02 01:24:00,20200.5,904.37,44667.61,49031.26,49030.12,1.139999999999418,2.3251013866566466e-05
2026-07-02 01:25:00,20200.22,903.95,44667.83,49031.32,49030.12,1.1999999999970896,2.4474751438444156e-05
2026-07-02 01:26:00,20199.08,904.11,44667.78,49030.82,49030.115000000005,0.7049999999944703,1.4378917936343209e-05
2026-07-02 01:27:00,20198.5,904.2,44667.96,49030.77,49030.11,0.6599999999962165,1.3461116036578675e-05
2026-07-02 01:28:00,20197.83,904.62,44667.85,49030.38,49030.104999999996,0.2750000000014552,5.608798920611229e-06
2026-07-02 01:29:00,20197.6,905.06,44667.8,49030.24,49030.1,0.13999999999941792,2.855388832562404e-06
2026-07-02 01:30:00,20197.71,905.26,44667.68,49030.19,49030.09,0.10000000000582077,2.0395638679394792e-06
2026-07-02 01:31:00,20197.84,905.32,44667.65,49030.22,49030.08,0.13999999999941792,2.8553899973122196e-06
2026-07-02 01:32:00,20197.76,905.38,44667.67,49030.21,49030.08,0.12999999999738066,2.651433568890376e-06
2026-07-02 01:33:00,20197.67,905.23,44667.78,49030.26,49030.08,0.18000000000029104,3.6712157108511967e-06
2026-07-02 01:34:00,20197.66,905.16,44667.81,49030.3,49030.055,0.24500000000261934,4.996935043263144e-06
2026-07-02 01:35:00,20197.94,905.15,44667.82,49030.41,49030.03,0.3800000000046566,7.75035218221683e-06
2026-07-02 01:36:00,20198.24,904.8,44667.8,49030.52,49030.03,0.48999999999796273,9.993875182168209e-06
2026-07-02 01:37:00,20197.88,904.51,44667.81,49030.38,49030.03,0.3499999999985448,7.138482272977292e-06
2026-07-02 01:38:00,20196.75,904.86,44667.72,49029.84,49030.024999999994,0.1849999999976717,3.773198157612029e-06
2026-07-02 01:39:00,20196.6,905.7,44667.56,49029.65,49030.02,0.3699999999953434,7.546397084793019e-06
2026-07-02 01:40:00,20197.86,905.65,44667.52,49030.13,49030.015,0.11499999999796273,2.3455020358032266e-06
2026-07-02 01:41:00,20198.94,904.82,44667.65,49030.67,49030.01,0.6599999999962165,1.3461143491429361e-05
2026-07-02 01:42:00,20199.97,904.23,44667.82,49031.23,49030.005000000005,1.2249999999985448,2.4984700694983504e-05
2026-07-02 01:43:00,20200.74,903.69,44667.87,49031.57,49030.0,1.569999999999709,3.202121150315539e-05
2026-07-02 01:44:00,20200.99,903.4,44667.83,49031.63,49029.979999999996,1.6500000000014552,3.365287931998861e-05
2026-07-02 01:45:00,20200.75,903.61,44667.71,49031.43,49029.96,1.4700000000011642,2.9981668351374634e-05
2026-07-02 01:46:00,20200.35,904.21,44667.57,49031.15,49029.955,1.194999999999709,2.4372855328945518e-05
2026-07-02 01:47:00,20199.85,904.86,44667.33,49030.74,49029.95,0.7900000000008731,1.6112600563550914e-05
2026-07-02 01:48:00,20199.28,905.34,44667.14,49030.35,49029.94,0.4099999999962165,8.36223744096396e-06
2026-07-02 01:49:00,20198.91,905.56,44667.1,49030.16,49029.93,0.23000000000320142,4.691012204243437e-06
2026-07-02 01:50:00,20198.68,905.67,44667.05,49030.03,49029.925,0.10499999999592546,2.1415492680424344e-06
2026-07-02 01:51:00,20198.39,905.76,44667.09,49029.95,49029.92,0.029999999998835847,6.118712818384335e-07
2026-07-02 01:52:00,20198.4,905.76,44667.16,49030.03,49029.915,0.11499999999796273,2.345506819621505e-06
2026-07-02 01:53:00,20198.62,905.59,44667.24,49030.18,49029.91,0.2699999999967986,5.5068426598539255e-06
2026-07-02 01:54:00,20198.73,905.66,44667.3,49030.28,49029.885,0.3949999999967986,8.05631096211624e-06
2026-07-02 01:55:00,20199.06,905.82,44667.38,49030.48,49029.86,0.6200000000026193,1.26453552998646e-05
2026-07-02 01:56:00,20199.18,906.06,44667.28,49030.44,49029.85,0.5900000000037835,1.20334857235701e-05
2026-07-02 01:57:00,20199.3,906.01,44667.17,49030.39,49029.84,0.5500000000029104,1.121765847090079e-05
2026-07-02 01:58:00,20199.54,905.9,44667.29,49030.59,49029.835,0.7549999999973807,1.539878728935924e-05
2026-07-02 01:59:00,20199.3,906.22,44667.26,49030.47,49029.83,0.6399999999994179,1.3053277973825687e-05
2026-07-02 02:00:00,20199.74,906.38,44667.2,49030.6,49029.825,0.7750000000014552,1.580670540842141e-05
2026-07-02 02:01:00,20200.44,905.7,44667.31,49030.98,49029.82,1.1600000000034925,2.3659071153096065e-05
2026-07-02 02:02:00,20200.54,905.21,44667.4,49031.1,49029.815,1.2849999999962165,2.6208542699910585e-05
2026-07-02 02:03:00,20200.36,905.04,44667.45,49031.07,49029.81,1.2600000000020373,2.5698651493898045e-05
2026-07-02 02:04:00,20200.35,905.18,44667.53,49031.13,49029.81,1.319999999999709,2.692239680308182e-05
2026-07-02 02:05:00,20200.39,905.37,44667.5,49031.11,49029.81,1.3000000000029104,2.6514481700070027e-05
2026-07-02 02:06:00,20200.38,905.43,44667.45,49031.08,49029.805,1.2750000000014552,2.6004590473110288e-05
2026-07-02 02:07:00,20200.49,905.23,44667.49,49031.14,49029.8,1.3399999999965075,2.7330317480318244e-05
2026-07-02 02:08:00,20200.56,905.02,44667.51,49031.19,49029.770000000004,1.4199999999982538,2.8961995946508694e-05
2026-07-02 02:09:00,20200.65,905.03,44667.54,49031.26,49029.74,1.5200000000040745,3.1001592095003455e-05
2026-07-02 02:10:00,20200.75,904.85,44667.62,49031.36,49029.72,1.639999999999418,3.344909985207784e-05
2026-07-02 02:11:00,20200.6,904.7,44667.69,49031.36,49029.7,1.6600000000034925,3.3857029514834734e-05
2026-07-02 02:12:00,20200.51,904.58,44667.74,49031.36,49029.685,1.6750000000029104,3.416297698022964e-05
2026-07-02 02:13:00,20200.44,904.38,44667.8,49031.39,49029.67,1.7200000000011642,3.5080799034567525e-05
2026-07-02 02:14:00,20200.34,904.52,44667.9,49031.44,49029.665,1.7750000000014552,3.620257246304773e-05
2026-07-02 02:15:00,20200.49,904.76,44667.82,49031.44,49029.66,1.7799999999988358,3.6304555242659965e-05
2026-07-02 02:16:00,20200.57,904.56,44667.82,49031.47,49029.66,1.8099999999976717,3.691642976919831e-05
2026-07-02 02:17:00,20200.35,904.71,44667.82,49031.39,49029.66,1.7299999999959255,3.5284764364997135e-05
2026-07-02 02:18:00,20200.43,904.77,44667.81,49031.43,49029.655,1.7750000000014552,3.6202579846859116e-05
2026-07-02 02:19:00,20200.52,904.74,44667.85,49031.5,49029.65,1.8499999999985448,3.773227016710388e-05
2026-07-02 02:20:00,20200.43,904.42,44667.96,49031.55,49029.615000000005,1.9349999999976717,3.946594318551495e-05
2026-07-02 02:21:00,20200.16,904.25,44667.99,49031.48,49029.58,1.9000000000014552,3.875211657944969e-05
2026-07-02 02:22:00,20200.0,903.71,44668.21,49031.6,49029.57,2.029999999998836,4.1403585632075416e-05
2026-07-02 02:23:00,20199.07,903.91,44668.26,49031.25,49029.56,1.6900000000023283,3.446900196539248e-05
2026-07-02 02:24:00,20198.36,904.64,44668.02,49030.76,49029.524999999994,1.235000000007858,2.5188904032985394e-05
2026-07-02 02:25:00,20198.16,905.43,44667.78,49030.47,49029.49,0.9800000000032014,1.9987970505163352e-05
2026-07-02 02:26:00,20198.26,905.61,44667.71,49030.45,49029.485,0.9649999999965075,1.968203418813205e-05
2026-07-02 02:27:00,20198.05,906.1,44667.59,49030.26,49029.48,0.7799999999988358,1.5908796095712943e-05
2026-07-02 02:28:00,20198.32,906.19,44667.56,49030.36,49029.44,0.9199999999982538,1.876423634449534e-05
2026-07-02 02:29:00,20198.45,905.06,44667.86,49030.67,49029.4,1.2699999999967986,2.590282565148255e-05
2026-07-02 02:30:00,20197.36,905.22,44668.06,49030.38,49029.395000000004,0.9849999999933061,2.0089988872865063e-05
2026-07-02 02:31:00,20196.56,906.55,44667.75,49029.8,49029.39,0.41000000000349246,8.36233124669698e-06
2026-07-02 02:32:00,20196.19,907.05,44667.55,49029.49,49029.36,0.12999999999738066,2.651472505400451e-06
2026-07-02 02:33:00,20196.38,907.28,44667.56,49029.58,49029.33,0.25,5.0989887073716895e-06
2026-07-02 02:34:00,20196.68,907.25,44667.52,49029.67,49029.32,0.3499999999985448,7.13858564627339e-06
2026-07-02 02:35:00,20196.85,906.55,44667.63,49029.82,49029.31,0.5100000000020373,1.040194120623026e-05
2026-07-02 02:36:00,20197.12,905.73,44668.19,49030.44,49029.295,1.1450000000040745,2.3353384950855902e-05
2026-07-02 02:37:00,20196.63,905.38,44668.42,49030.43,49029.28,1.1500000000014552,2.3455371973674818e-05
2026-07-02 02:38:00,20196.23,905.29,44668.52,49030.37,49029.270000000004,1.0999999999985448,2.2435577768107596e-05
2026-07-02 02:39:00,20195.79,904.98,44668.82,49030.45,49029.26,1.1899999999950523,2.427122089941909e-05
2026-07-02 02:40:00,20194.72,905.31,44668.81,49030.01,49029.25,0.7600000000020373,1.550095096298714e-05
2026-07-02 02:41:00,20194.57,906.61,44668.51,49029.7,49029.24,0.4599999999991269,9.382156443769614e-06
2026-07-02 02:42:00,20194.6,907.92,44667.96,49029.23,49029.235,0.004999999997380655,1.0197997169200489e-07
2026-07-02 02:43:00,20194.85,908.09,44667.64,49029.04,49029.23,0.1900000000023283,3.875239321570587e-06
2026-07-02 02:44:00,20195.55,907.68,44667.8,49029.48,49029.19,0.2900000000008731,5.914843790013115e-06
2026-07-02 02:45:00,20196.15,907.13,44668.04,49029.93,49029.15,0.7799999999988358,1.5908903172884616e-05
2026-07-02 02:46:00,20196.36,906.57,44668.25,49030.2,49029.135,1.0649999999950523,2.1721778285402187e-05
2026-07-02 02:47:00,20195.98,906.34,44668.39,49030.16,49029.12,1.0400000000008731,2.1211883876375367e-05
2026-07-02 02:48:00,20195.56,906.05,44668.31,49029.92,49029.12,0.7999999999956344,1.6316833750955236e-05
2026-07-02 02:49:00,20195.56,905.97,44668.53,49030.12,49029.12,1.0,2.0396042188805346e-05
2026-07-02 02:50:00,20195.51,905.74,44668.62,49030.19,49029.08,1.110000000000582,2.2639625299935916e-05
2026-07-02 02:51:00,20195.67,905.98,44668.78,49030.4,49029.04,1.360000000000582,2.7738662637501816e-05
2026-07-02 02:52:00,20195.87,906.24,44668.67,49030.37,49029.03,1.3400000000037835,2.7330746702591985e-05
2026-07-02 02:53:00,20196.54,906.37,44668.86,49030.82,49029.02,1.8000000000029104,3.671295081979837e-05
2026-07-02 02:54:00,20197.0,905.89,44668.66,49030.82,49029.015,1.805000000000291,3.681493499309115e-05
2026-07-02 02:55:00,20197.07,905.3,44668.58,49030.76,49029.01,1.75,3.569315391030738e-05
2026-07-02 02:56:00,20197.08,905.26,44668.67,49030.85,49028.97,1.8799999999973807,3.8344676626846956e-05
2026-07-02 02:57:00,20196.84,905.36,44668.61,49030.7,49028.93,1.7699999999967986,3.61011345749703e-05
2026-07-02 02:58:00,20196.74,905.33,44668.64,49030.69,49028.92,1.7700000000040745,3.610114193835138e-05
2026-07-02 02:59:00,20196.96,905.54,44668.57,49030.71,49028.91,1.7999999999956344,3.671303318788107e-05
2026-07-02 03:00:00,20197.3,905.45,44668.4,49030.73,49028.895000000004,1.8349999999991269,3.742690917262416e-05
2026-07-02 03:01:00,20197.45,905.24,44668.59,49030.94,49028.88,2.0600000000049477,4.201605257972338e-05
2026-07-02 03:02:00,20197.6,905.16,44668.57,49030.99,49028.854999999996,2.1350000000020373,4.3545785435985345e-05
2026-07-02 03:03:00,20197.76,905.14,44668.42,49030.91,49028.83,2.0800000000017462,4.242401868455246e-05
2026-07-02 03:04:00,20197.91,905.19,44668.45,49031.01,49028.770000000004,2.2399999999979627,4.568746064806363e-05
2026-07-02 03:05:00,20198.07,904.97,44668.5,49031.1,49028.71,2.389999999999418,4.874694847160812e-05
2026-07-02 03:06:00,20197.84,904.95,44668.53,49031.03,49028.655,2.375,4.8441059621154204e-05
2026-07-02 03:07:00,20197.28,904.99,44668.34,49030.61,49028.6,2.0100000000020373,4.099647960582267e-05
2026-07-02 03:08:00,20197.02,905.07,44668.31,49030.5,49028.58,1.9199999999982538,3.916083231450419e-05
2026-07-02 03:09:00,20197.02,904.93,44668.34,49030.52,49028.56,1.9599999999991269,3.9976699295250095e-05
2026-07-02 03:10:00,20196.6,905.19,44668.43,49030.44,49028.555,1.8850000000020373,3.8446982579887115e-05
2026-07-02 03:11:00,20196.24,905.93,44668.5,49030.36,49028.55,1.8099999999976717,3.6917265552370436e-05
2026-07-02 03:12:00,20196.45,906.06,44668.6,49030.54,49028.545,1.9950000000026193,4.069058137463838e-05
2026-07-02 03:13:00,20196.01,906.19,44668.46,49030.24,49028.54,1.6999999999970896,3.467368190031948e-05
2026-07-02 03:14:00,20195.65,906.37,44668.24,49029.91,49028.515,1.3950000000040745,2.8452829950164195e-05
2026-07-02 03:15:00,20196.02,906.11,44668.43,49030.21,49028.49,1.7200000000011642,3.508164334657592e-05
2026-07-02 03:16:00,20196.03,906.42,44668.56,49030.35,49028.485,1.8649999999979627,3.8039111345128504e-05
2026-07-02 03:17:00,20195.73,906.86,44668.53,49030.2,49028.48,1.7199999999938882,3.5081650501787695e-05
2026-07-02 03:18:00,20195.8,907.41,44668.52,49030.24,49028.48,1.7599999999947613,3.589750283905928e-05
2026-07-02 03:19:00,20195.94,907.76,44668.46,49030.24,49028.48,1.7599999999947613,3.589750283905928e-05
2026-07-02 03:20:00,20195.96,907.52,44668.57,49030.35,49028.46000000001,1.889999999992142,3.854903866024227e-05
2026-07-02 03:21:00,20196.12,907.27,44668.83,49030.64,49028.44,2.1999999999970896,4.4871915157755164e-05
2026-07-02 03:22:00,20196.08,906.92,44668.9,49030.68,49028.425,2.2549999999973807,4.5993727108251604e-05
2026-07-02 03:23:00,20195.95,906.9,44668.85,49030.58,49028.41,2.1699999999982538,4.4260052487899436e-05
2026-07-02 03:24:00,20195.82,907.23,44668.83,49030.53,49028.380000000005,2.1499999999941792,4.385215256947464e-05
2026-07-02 03:25:00,20196.42,907.5,44668.94,49030.87,49028.35,2.5200000000040745,5.139883353211101e-05
2026-07-02 03:26:00,20196.98,907.26,44669.0,49031.14,49028.35,2.790000000000873,5.690585141047727e-05
2026-07-02 03:27:00,20196.94,906.9,44669.26,49031.36,49028.35,3.0100000000020373,6.13930511632971e-05
2026-07-02 03:28:00,20196.53,907.09,44669.46,49031.39,49028.29,3.099999999998545,6.322880116762271e-05
2026-07-02 03:29:00,20196.39,907.39,44669.46,49031.33,49028.23,3.099999999998545,6.322887854606509e-05
2026-07-02 03:30:00,20196.63,907.3,44669.55,49031.5,49028.225000000006,3.2749999999941792,6.67982575341893e-05
2026-07-02 03:31:00,20196.82,907.28,44669.65,49031.67,49028.22,3.4499999999970896,7.036763725048736e-05
2026-07-02 03:32:00,20196.97,907.06,44669.71,49031.79,49028.19,3.599999999998545,7.34271446691902e-05
2026-07-02 03:33:00,20196.72,906.95,44669.44,49031.45,49028.16,3.289999999993597,6.710429271654488e-05
2026-07-02 03:34:00,20196.7,907.47,44669.31,49031.33,49028.115000000005,3.2149999999965075,6.55746197869632e-05
2026-07-02 03:35:00,20196.57,908.29,44669.24,49031.22,49028.07,3.150000000001455,6.424890883939456e-05
2026-07-02 03:36:00,20196.4,908.62,44669.08,49031.0,49028.065,2.9349999999976717,5.9863671960083915e-05
2026-07-02 03:37:00,20196.31,908.54,44669.14,49031.02,49028.06,2.959999999999127,6.037359014407519e-05
2026-07-02 03:38:00,20196.61,908.95,44669.6,49031.57,49028.03999999999,3.530000000006112,7.199961491436557e-05
2026-07-02 03:39:00,20196.13,909.7,44669.47,49031.27,49028.02,3.25,6.628862434175397e-05
2026-07-02 03:40:00,20195.51,910.32,44669.07,49030.65,49028.005,2.6450000000040745,5.394875846985972e-05
2026-07-02 03:41:00,20195.18,910.62,44668.75,49030.25,49027.99,2.2600000000020373,4.609611774829108e-05
2026-07-02 03:42:00,20195.21,911.07,44669.19,49030.66,49027.979999999996,2.680000000007567,5.4662664054435185e-05
2026-07-02 03:43:00,20195.25,911.58,44669.27,49030.76,49027.97,2.790000000000873,5.690629246939804e-05
2026-07-02 03:44:00,20195.87,911.46,44669.38,49031.11,49027.935,3.1750000000029104,6.475899912984119e-05
2026-07-02 03:45:00,20196.25,910.95,44669.61,49031.46,49027.9,3.5599999999976717,7.261171700190446e-05
2026-07-02 03:46:00,20196.24,910.98,44669.73,49031.56,49027.895000000004,3.664999999993597,7.47533623459379e-05
2026-07-02 03:47:00,20196.22,911.5,44669.93,49031.74,49027.89,3.849999999998545,7.852673243736462e-05
2026-07-02 03:48:00,20195.92,911.78,44669.6,49031.33,49027.89,3.4400000000023283,7.01641453467063e-05
2026-07-02 03:49:00,20196.11,912.13,44669.76,49031.58,49027.89,3.6900000000023283,7.526328381666697e-05
2026-07-02 03:50:00,20196.2,912.31,44669.76,49031.61,49027.884999999995,3.7250000000058208,7.597717095089501e-05
2026-07-02 03:51:00,20195.92,912.39,44669.54,49031.28,49027.88,3.400000000001455,6.934829733615762e-05
2026-07-02 03:52:00,20196.18,912.33,44669.68,49031.52,49027.86,3.6599999999962165,7.465143287910622e-05
2026-07-02 03:53:00,20195.84,912.51,44669.64,49031.34,49027.84,3.5,7.13880113829204e-05
2026-07-02 03:54:00,20195.91,912.47,44669.71,49031.44,49027.82,3.6200000000026193,7.383563046455297e-05
2026-07-02 03:55:00,20196.14,912.4,44670.04,49031.84,49027.8,4.039999999993597,8.240222893936902e-05
2026-07-02 03:56:00,20196.15,912.88,44669.95,49031.77,49027.725000000006,4.044999999990978,8.250433810646888e-05
2026-07-02 03:57:00,20196.24,913.38,44669.85,49031.72,49027.65,4.069999999999709,8.301438066070287e-05
2026-07-02 03:58:00,20196.43,913.71,44669.79,49031.75,49027.61,4.139999999999418,8.444221531499125e-05
2026-07-02 03:59:00,20196.82,913.9,44670.06,49032.16,49027.57,4.5900000000037835,9.362079336185301e-05
2026-07-02 04:00:00,20196.93,913.71,44670.05,49032.19,49027.555,4.635000000002037,9.453867320126483e-05
2026-07-02 04:01:00,20197.12,913.25,44670.07,49032.29,49027.54,4.75,9.688432256645959e-05
2026-07-02 04:02:00,20197.38,913.48,44670.52,49032.81,49027.535,5.274999999994179,0.00010759260077004032
2026-07-02 04:03:00,20197.35,913.54,44670.54,49032.82,49027.53,5.290000000000873,0.00010789856229756778
2026-07-02 04:04:00,20197.73,913.48,44670.66,49033.07,49027.5,5.569999999999709,0.00011360970883687132
2026-07-02 04:05:00,20197.97,913.34,44670.61,49033.11,49027.47,5.639999999999418,0.00011503754935752177
2026-07-02 04:06:00,20197.82,914.01,44670.44,49032.91,49027.39,5.5200000000040745,0.00011259012564209668
2026-07-02 04:07:00,20197.87,914.14,44670.29,49032.81,49027.31,5.5,0.00011218237345675298
2026-07-02 04:08:00,20198.36,913.97,44670.47,49033.16,49027.31,5.850000000005821,0.000119321251767756
2026-07-02 04:09:00,20198.76,914.17,44670.62,49033.45,49027.31,6.139999999999418,0.00012523632236807237
2026-07-02 04:10:00,20198.76,913.91,44670.52,49033.36,49027.195,6.165000000000873,0.00012574653720248268
2026-07-02 04:11:00,20199.1,913.55,44670.74,49033.7,49027.08,6.619999999995343,0.00013502741750060055
2026-07-02 04:12:00,20199.24,913.0,44670.88,49033.87,49026.985,6.885000000002037,0.00014043286569635145
2026-07-02 04:13:00,20199.42,913.48,44671.01,49034.08,49026.89,7.190000000002328,0.0001466542136366865
2026-07-02 04:14:00,20199.17,913.87,44670.75,49033.76,49026.835,6.92500000000291,0.00014124917506918222
2026-07-02 04:15:00,20199.36,913.76,44670.89,49033.95,49026.78,7.169999999998254,0.00014624660236707885
2026-07-02 04:16:00,20199.22,914.55,44670.89,49033.9,49026.685,7.2150000000037835,0.0001471647532359935
2026-07-02 04:17:00,20199.28,915.45,44670.88,49033.92,49026.59,7.330000000001746,0.0001495107042933589
2026-07-02 04:18:00,20199.1,915.66,44670.55,49033.57,49026.47,7.099999999998545,0.0001448197269760304
2026-07-02 04:19:00,20199.19,915.97,44670.63,49033.68,49026.35,7.330000000001746,0.00014951143619710108
2026-07-02 04:20:00,20199.19,916.13,44670.74,49033.79,49026.175,7.614999999997963,0.0001553251910841089
2026-07-02 04:21:00,20199.31,916.76,44670.72,49033.83,49026.0,7.830000000001746,0.00015971117366298996
2026-07-02 04:22:00,20199.48,916.8,44670.91,49034.08,49025.97,8.110000000000582,0.00016542253014066997
2026-07-02 04:23:00,20199.35,916.98,44671.01,49034.12,49025.94,8.180000000000291,0.00016685044692667372
2026-07-02 04:24:00,20199.4,917.67,44671.05,49034.18,49025.94,8.239999999997963,0.0001680742888356238
2026-07-02 04:25:00,20199.75,917.34,44671.12,49034.38,49025.94,8.439999999995052,0.00017215376186555632
2026-07-02 04:26:00,20199.83,917.33,44671.32,49034.6,49025.81,8.790000000000873,0.00017929331509261904
2026-07-02 04:27:00,20199.84,917.77,44671.26,49034.57,49025.68,8.889999999999418,0.00018133353785198733
2026-07-02 04:28:00,20200.39,917.52,44671.57,49035.06,49025.695,9.364999999997963,0.00019102227923536755
2026-07-02 04:29:00,20200.01,917.77,44671.34,49034.7,49025.71,8.989999999997963,0.00018337317297389396
2026-07-02 04:30:00,20199.98,917.74,44671.4,49034.74,49025.825,8.915000000000873,0.00018184293686033582
2026-07-02 04:31:00,20200.26,917.5,44671.51,49034.96,49025.94,9.019999999996799,0.00018398423365256837
2026-07-02 04:32:00,20200.51,917.17,44671.65,49035.18,49025.94,9.239999999997963,0.0001884716539855832
2026-07-02 04:33:00,20200.56,917.49,44671.74,49035.27,49025.94,9.32999999999447,0.0001903074168490083
2026-07-02 04:34:00,20200.36,917.81,44671.45,49034.93,49025.97,8.959999999999127,0.0001827602799087734
2026-07-02 04:35:00,20200.46,918.1,44671.45,49034.98,49026.0,8.980000000003201,0.00018316811487788525
2026-07-02 04:36:00,20200.51,918.56,44671.45,49035.01,49026.075,8.935000000004948,0.00018224995576343709
2026-07-02 04:37:00,20200.44,918.29,44671.3,49034.84,49026.15,8.689999999995052,0.0001772523439020819
2026-07-02 04:38:00,20200.66,918.33,44671.48,49035.11,49026.25,8.860000000000582,0.0001807195125060673
2026-07-02 04:39:00,20200.83,918.2,44671.75,49035.41,49026.35,9.060000000004948,0.00018479858280302222
2026-07-02 04:40:00,20200.79,918.3,44671.57,49035.23,49026.425,8.805000000000291,0.00017959702344195585
2026-07-02 04:41:00,20200.98,918.59,44671.5,49035.25,49026.5,8.75,0.0001784749064281562
2026-07-02 04:42:00,20201.09,919.14,44671.44,49035.27,49026.5,8.769999999996799,0.00017888284907135527
2026-07-02 04:43:00,20200.87,919.93,44671.13,49034.89,49026.5,8.389999999999418,0.00017113193884938591
2026-07-02 04:44:00,20201.1,919.93,44670.96,49034.86,49026.545,8.315000000002328,0.00016960199826445712
2026-07-02 04:45:00,20201.62,919.44,44671.29,49035.36,49026.59,8.770000000004075,0.00017888252068936622
2026-07-02 04:46:00,20201.32,920.43,44671.25,49035.2,49026.6,8.599999999998545,0.00017541497880739322
2026-07-02 04:47:00,20200.52,921.07,44670.22,49033.94,49026.61,7.330000000001746,0.00014951064330170384
2026-07-02 04:48:00,20201.48,921.61,44670.85,49034.91,49026.695,8.215000000003783,0.0001675617742538791
2026-07-02 04:49:00,20201.49,921.74,44670.81,49034.88,49026.78,8.099999999998545,0.0001652158269418988
2026-07-02 04:50:00,20201.61,922.32,44670.86,49034.98,49026.8,8.180000000000291,0.0001668475201318522
2026-07-02 04:51:00,20201.39,923.06,44670.8,49034.86,49026.82,8.040000000000873,0.0001639918722038442
2026-07-02 04:52:00,20201.12,923.8,44670.69,49034.67,49026.854999999996,7.815000000002328,0.00015940243362545545
2026-07-02 04:53:00,20201.67,923.11,44671.05,49035.23,49026.89,8.340000000003783,0.00017011072903061532
2026-07-02 04:54:00,20201.67,922.73,44671.21,49035.35,49026.965,8.385000000002037,0.0001710283310419488
2026-07-02 04:55:00,20201.72,922.45,44671.36,49035.51,49027.04,8.470000000001164,0.00017276180654596249
2026-07-02 04:56:00,20201.56,922.92,44671.51,49035.59,49027.05,8.539999999993597,0.00017418955454169885
2026-07-02 04:57:00,20201.73,922.66,44671.6,49035.75,49027.06,8.690000000002328,0.00017724905388987895
2026-07-02 04:58:00,20201.81,922.55,44671.17,49035.38,49027.07,8.309999999997672,0.00016949819762832394
2026-07-02 04:59:00,20202.33,922.77,44671.23,49035.64,49027.08,8.559999999997672,0.00017459738577124462
2026-07-02 05:00:00,20202.39,923.07,44671.13,49035.58,49027.130000000005,8.44999999999709,0.0001723535520026787
2026-07-02 05:01:00,20202.33,923.27,44670.76,49035.22,49027.18,8.040000000000873,0.00016399066803354534
2026-07-02 05:02:00,20202.99,924.17,44671.29,49035.99,49027.195,8.794999999998254,0.00017939023433827397
2026-07-02 05:03:00,20202.88,925.24,44671.08,49035.77,49027.21,8.559999999997672,0.0001745969228107753
2026-07-02 05:04:00,20202.58,924.73,44670.79,49035.38,49027.22,8.159999999996217,0.00016643815415184088
2026-07-02 05:05:00,20202.65,924.45,44670.86,49035.47,49027.23,8.239999999997963,0.0001680698664802797
2026-07-02 05:06:00,20202.72,925.08,44671.03,49035.66,49027.240000000005,8.419999999998254,0.00017174126057265823
2026-07-02 05:07:00,20202.62,925.32,44671.02,49035.61,49027.25,8.360000000000582,0.00017051741633480528
2026-07-02 05:08:00,20202.9,924.97,44671.11,49035.82,49027.265,8.555000000000291,0.00017449474287420052
2026-07-02 05:09:00,20203.03,924.74,44671.47,49036.2,49027.28,8.919999999998254,0.0001819395242811401
2026-07-02 05:10:00,20203.09,925.04,44671.47,49036.22,49027.295,8.92500000000291,0.00018204145262354186
2026-07-02 05:11:00,20203.19,925.15,44671.18,49036.0,49027.31,8.690000000002328,0.0001772481500617172
2026-07-02 05:12:00,20203.37,925.6,44671.05,49035.95,49027.31,8.639999999999418,0.0001762283103029601
2026-07-02 05:13:00,20203.51,926.24,44671.06,49036.02,49027.31,8.709999999999127,0.000177656085965131
2026-07-02 05:14:00,20203.4,927.21,44670.86,49035.8,49027.335,8.465000000003783,0.00017265878310546113
2026-07-02 05:15:00,20203.43,928.16,44670.69,49035.7,49027.36,8.339999999996508,0.00017010909826669247
2026-07-02 05:16:00,20203.6,928.2,44670.72,49035.79,49027.415,8.375,0.00017082279373693268
2026-07-02 05:17:00,20203.53,928.55,44670.58,49035.63,49027.47,8.159999999996217,0.00016643730545337575
2026-07-02 05:18:00,20203.45,928.84,44670.4,49035.46,49027.5,7.959999999999127,0.00016235786038446028
2026-07-02 05:19:00,20204.05,928.35,44670.76,49036.02,49027.53,8.489999999997963,0.00017316801397088458
2026-07-02 05:20:00,20203.87,928.04,44670.76,49035.93,49027.53,8.400000000001455,0.00017133231064264212
2026-07-02 05:21:00,20203.69,927.99,44670.79,49035.89,49027.53,8.360000000000582,0.0001705164424967071
2026-07-02 05:22:00,20203.48,928.06,44670.79,49035.81,49027.535,8.27499999999418,0.00016878270547344832
2026-07-02 05:23:00,20203.17,927.78,44670.75,49035.65,49027.54,8.110000000000582,0.0001654172328450618
2026-07-02 05:24:00,20203.33,926.68,44671.12,49036.02,49027.555,8.464999999996508,0.00017265800833830093
2026-07-02 05:25:00,20202.91,926.79,44671.14,49035.86,49027.57,8.290000000000873,0.00016908853528740814
2026-07-02 05:26:00,20202.89,926.39,44670.95,49035.69,49027.57,8.12000000000262,0.00016562109849626688
2026-07-02 05:27:00,20203.44,925.1,44671.31,49036.23,49027.57,8.660000000003492,0.00017663530948002303
2026-07-02 05:28:00,20203.37,925.15,44671.23,49036.12,49027.575,8.54500000000553,0.00017428967269960896
2026-07-02 05:29:00,20203.43,925.21,44671.07,49036.01,49027.58,8.430000000000291,0.00017194403639747853
2026-07-02 05:30:00,20203.28,925.91,44670.91,49035.78,49027.604999999996,8.17500000000291,0.000166742797246631
2026-07-02 05:31:00,20202.75,926.51,44670.39,49035.12,49027.63,7.490000000005239,0.00015277099872062426
2026-07-02 05:32:00,20202.56,927.64,44670.19,49034.89,49027.64,7.25,0.0001478757696678853
2026-07-02 05:33:00,20202.16,928.94,44669.73,49034.32,49027.65,6.669999999998254,0.00013604568034564687
2026-07-02 05:34:00,20202.26,929.44,44669.57,49034.23,49027.655,6.575000000004366,0.0001341079845651269
2026-07-02 05:35:00,20202.13,929.8,44669.45,49034.1,49027.66,6.439999999995052,0.00013135442319692705
2026-07-02 05:36:00,20202.51,929.82,44669.6,49034.39,49027.66,6.7299999999959255,0.00013726945157072407
2026-07-02 05:37:00,20202.54,929.65,44669.78,49034.55,49027.66,6.889999999999418,0.00014053291550115624
2026-07-02 05:38:00,20202.28,929.61,44669.71,49034.38,49027.67,6.709999999999127,0.0001368614906643356
2026-07-02 05:39:00,20202.69,928.8,44670.14,49034.93,49027.68,7.25,0.0001478756490211244
2026-07-02 05:40:00,20202.57,928.69,44670.33,49035.04,49027.735,7.305000000000291,0.00014899729714212357
2026-07-02 05:41:00,20202.12,928.95,44669.78,49034.36,49027.79,6.569999999999709,0.00013400563231587043
2026-07-02 05:42:00,20202.41,929.62,44669.76,49034.48,49027.795,6.685000000004948,0.00013635122689088807
2026-07-02 05:43:00,20202.49,929.88,44669.72,49034.48,49027.8,6.680000000000291,0.00013624923002868354
2026-07-02 05:44:00,20202.23,929.96,44669.38,49034.08,49027.8,6.279999999998836,0.00012809059349999053
2026-07-02 05:45:00,20202.59,930.73,44669.58,49034.4,49027.8,6.599999999998545,0.00013461750272291526
2026-07-02 05:46:00,20202.87,931.1,44669.46,49034.4,49027.82,6.580000000001746,0.00013420951614821435
2026-07-02 05:47:00,20202.41,931.84,44669.23,49034.02,49027.84,6.180000000000291,0.00012605083152756255
2026-07-02 05:48:00,20202.34,932.41,44668.99,49033.79,49027.854999999996,5.935000000004948,0.00012105363369466088
2026-07-02 05:49:00,20202.3,933.05,44668.91,49033.68,49027.87,5.809999999997672,0.00011850402638331364
2026-07-02 05:50:00,20202.51,933.14,44668.98,49033.83,49027.875,5.955000000001746,0.00012146151551544394
2026-07-02 05:51:00,20202.34,933.47,44668.95,49033.75,49027.88,5.870000000002619,0.00011972779569507431
2026-07-02 05:52:00,20201.96,934.42,44668.66,49033.34,49027.884999999995,5.455000000001746,0.000111263212761508
2026-07-02 05:53:00,20202.13,935.7,44668.52,49033.32,49027.89,5.430000000000291,0.00011075328756755168
2026-07-02 05:54:00,20201.87,935.76,44668.3,49033.01,49027.89,5.120000000002619,0.00010443035586484794
2026-07-02 05:55:00,20201.65,935.77,44668.26,49032.88,49027.89,4.989999999997963,0.00010177880386037341
2026-07-02 05:56:00,20202.07,936.06,44668.32,49033.11,49027.895000000004,5.2149999999965075,0.0001063680176356033
2026-07-02 05:57:00,20202.61,935.87,44668.68,49033.68,49027.9,5.779999999998836,0.00011789205737954993
2026-07-02 05:58:00,20202.62,935.76,44668.63,49033.63,49027.93,5.69999999999709,0.00011626026226269576
2026-07-02 05:59:00,20202.6,935.07,44668.63,49033.61,49027.96,5.650000000001455,0.00011524036488569901
2026-07-02 06:00:00,20202.93,934.27,44669.15,49034.2,49027.965,6.235000000000582,0.0001271723189000519
2026-07-02 06:01:00,20202.48,933.74,44669.11,49033.96,49027.97,5.989999999997963,0.00012217515838404002
2026-07-02 06:02:00,20202.7,933.78,44669.52,49034.45,49027.975000000006,6.474999999991269,0.00013206745740551733
2026-07-02 06:03:00,20202.59,933.37,44669.75,49034.59,49027.98,6.609999999993306,0.00013482097365613075
2026-07-02 06:04:00,20201.86,933.27,44669.64,49034.18,49027.985,6.194999999999709,0.0001263564064482705
2026-07-02 06:05:00,20200.95,934.37,44669.37,49033.6,49027.99,5.610000000000582,0.00011442443387951622
2026-07-02 06:06:00,20200.77,935.69,44669.11,49033.31,49028.005,5.305000000000291,0.000108203464530125
2026-07-02 06:07:00,20200.9,935.77,44669.04,49033.31,49028.02,5.290000000000873,0.0001078974839285958
2026-07-02 06:08:00,20201.14,935.29,44669.26,49033.59,49028.024999999994,5.565000000002328,0.00011350650979725023
2026-07-02 06:09:00,20201.03,935.86,44669.06,49033.37,49028.03,5.3400000000037835,0.00010891728670321414
2026-07-02 06:10:00,20200.66,937.03,44668.75,49032.97,49028.03,4.940000000002328,0.00010075868844826782
2026-07-02 06:11:00,20200.62,937.89,44668.43,49032.68,49028.03,4.650000000001455,9.484370471343546e-05
2026-07-02 06:12:00,20200.6,938.41,44668.19,49032.45,49028.04,4.4099999999962165,8.994852741403116e-05
2026-07-02 06:13:00,20200.33,938.95,44668.29,49032.45,49028.05,4.399999999994179,8.974454419448007e-05
2026-07-02 06:14:00,20200.12,939.33,44668.16,49032.24,49028.055,4.184999999997672,8.53592907162577e-05
2026-07-02 06:15:00,20200.22,939.07,44668.2,49032.33,49028.06,4.2700000000040745,8.709298307956861e-05
2026-07-02 06:16:00,20200.55,938.75,44668.61,49032.85,49028.065,4.7849999999962165,9.75971619519599e-05
2026-07-02 06:17:00,20200.64,938.29,44668.83,49033.06,49028.07,4.989999999997963,0.00010177843019311106
2026-07-02 06:18:00,20200.25,938.01,44668.75,49032.83,49028.07,4.760000000002037,9.70872400239707e-05
2026-07-02 06:19:00,20200.12,937.76,44668.96,49032.96,49028.07,4.889999999999418,9.973878229347837e-05
2026-07-02 06:20:00,20200.12,937.16,44669.27,49033.24,49028.104999999996,5.135000000002037,0.00010473584487921851
2026-07-02 06:21:00,20199.65,937.16,44669.63,49033.35,49028.14,5.209999999999127,0.00010626550385144382
2026-07-02 06:22:00,20199.55,937.49,44669.53,49033.23,49028.145000000004,5.084999999999127,0.0001037159370398192
2026-07-02 06:23:00,20199.29,936.97,44669.66,49033.26,49028.15,5.110000000000582,0.00010422583760555073
2026-07-02 06:24:00,20199.37,936.93,44670.0,49033.59,49028.155,5.434999999997672,0.00011085467115778009
2026-07-02 06:25:00,20198.98,937.08,44670.11,49033.53,49028.16,5.369999999995343,0.00010952889115143915
2026-07-02 06:26:00,20198.25,937.39,44669.74,49032.89,49028.19,4.69999999999709,9.586321665142216e-05
2026-07-02 06:27:00,20198.1,938.18,44669.7,49032.81,49028.22,4.5899999999965075,9.361955216804745e-05
2026-07-02 06:28:00,20197.89,938.81,44669.63,49032.67,49028.225000000006,4.444999999992433,9.066206251587596e-05
2026-07-02 06:29:00,20198.1,938.74,44669.92,49033.02,49028.23,4.789999999993597,9.769881555980293e-05
2026-07-02 06:30:00,20197.53,938.93,44669.51,49032.42,49028.240000000005,4.179999999993015,8.525698658554773e-05
2026-07-02 06:31:00,20197.6,938.55,44669.71,49032.62,49028.25,4.370000000002619,8.913228597803551e-05
2026-07-02 06:32:00,20197.48,938.21,44669.94,49032.78,49028.285,4.494999999995343,9.168177104288562e-05
2026-07-02 06:33:00,20197.35,938.71,44670.05,49032.82,49028.32,4.5,9.178368746879355e-05
2026-07-02 06:34:00,20196.71,939.36,44669.67,49032.26,49028.335,3.9250000000029104,8.005574735513475e-05
2026-07-02 06:35:00,20196.83,940.1,44669.52,49032.2,49028.35,3.849999999998545,7.852599567390183e-05
2026-07-02 06:36:00,20197.37,939.96,44669.47,49032.36,49028.335,4.025000000001455,8.209538423039362e-05
2026-07-02 06:37:00,20197.97,939.21,44669.97,49033.04,49028.35,4.690000000002328,9.565894018465497e-05
2026-07-02 06:38:00,20197.14,940.68,44669.66,49032.44,49028.35,4.0900000000037835,8.342112267705895e-05
2026-07-02 06:39:00,20197.02,942.27,44669.0,49031.85,49028.35,3.5,7.13872687944832e-05
2026-07-02 06:40:00,20196.51,943.2,44668.39,49031.09,49028.380000000005,2.709999999991851,5.527410858755379e-05
2026-07-02 06:41:00,20196.38,943.74,44668.09,49030.77,49028.41,2.359999999993306,4.8135356622686845e-05
2026-07-02 06:42:00,20196.22,944.67,44668.22,49030.85,49028.425,2.4249999999956344,4.946110343123676e-05
2026-07-02 06:43:00,20195.94,945.04,44668.06,49030.58,49028.44,2.139999999999418,4.364813565349862e-05
2026-07-02 06:44:00,20195.99,944.82,44668.21,49030.73,49028.46000000001,2.2699999999967986,4.629963902592083e-05
2026-07-02 06:45:00,20196.1,944.11,44668.58,49031.08,49028.48,2.599999999998545,5.303040192146574e-05
2026-07-02 06:46:00,20196.26,943.81,44668.85,49031.4,49028.48,2.9199999999982538,5.955722061949001e-05
2026-07-02 06:47:00,20195.91,943.74,44668.94,49031.34,49028.48,2.859999999993306,5.8333442113508433e-05
2026-07-02 06:48:00,20195.79,942.96,44669.09,49031.41,49028.485,2.9250000000029104,5.9659196077604896e-05
2026-07-02 06:49:00,20195.53,942.62,44669.77,49031.93,49028.49,3.4400000000023283,7.016328669315184e-05
2026-07-02 06:50:00,20195.19,943.03,44669.58,49031.6,49028.515,3.084999999999127,6.2922566592097e-05
2026-07-02 06:51:00,20194.43,943.58,44669.32,49031.08,49028.54,2.540000000000873,5.1806560015877955e-05
2026-07-02 06:52:00,20193.87,943.6,44669.4,49030.91,49028.54,2.3700000000026193,4.833919182587569e-05
2026-07-02 06:53:00,20193.55,942.89,44669.47,49030.84,49028.54,2.2999999999956344,4.691145198277645e-05
2026-07-02 06:54:00,20193.38,942.89,44669.58,49030.86,49028.545,2.3150000000023283,4.7217391419678644e-05
2026-07-02 06:55:00,20193.28,942.84,44669.63,49030.87,49028.55,2.319999999999709,4.731936800088334e-05
2026-07-02 06:56:00,20193.09,943.36,44669.82,49030.99,49028.555,2.4349999999976717,4.966493505667609e-05
2026-07-02 06:57:00,20193.06,943.68,44670.13,49031.24,49028.56,2.680000000000291,5.46620174037396e-05
2026-07-02 06:58:00,20192.37,944.24,44669.59,49030.49,49028.57,1.9199999999982538,3.916084030185367e-05
2026-07-02 06:59:00,20192.19,944.69,44669.59,49030.46,49028.58,1.8799999999973807,3.83449816412668e-05
2026-07-02 07:00:00,20192.09,944.88,44669.77,49030.56,49028.59,1.9700000000011642,4.0180637460737996e-05
2026-07-02 07:01:00,20191.88,945.24,44669.66,49030.37,49028.6,1.7700000000040745,3.6101377563382894e-05
2026-07-02 07:02:00,20192.34,945.41,44669.79,49030.7,49028.655,2.0449999999982538,4.17103018632319e-05
2026-07-02 07:03:00,20192.0,945.99,44669.6,49030.34,49028.71,1.6299999999973807,3.324582678184641e-05
2026-07-02 07:04:00,20191.83,946.28,44669.34,49030.1,49028.770000000004,1.3299999999944703,2.7126929759699665e-05
2026-07-02 07:05:00,20191.91,946.42,44669.32,49030.12,49028.83,1.2900000000008731,2.631105004954989e-05
2026-07-02 07:06:00,20191.77,946.49,44669.33,49030.08,49028.854999999996,1.2250000000058208,2.4985286725660242e-05
2026-07-02 07:07:00,20191.59,946.71,44669.35,49030.02,49028.88,1.139999999999418,2.3251601912983084e-05
2026-07-02 07:08:00,20191.61,946.55,44669.47,49030.15,49028.88,1.2700000000040745,2.590310037684064e-05
2026-07-02 07:09:00,20191.26,946.73,44669.62,49030.11,49028.88,1.2300000000032014,2.5087254695665117e-05
2026-07-02 07:10:00,20190.94,946.91,44669.57,49029.96,49028.895000000004,1.0649999999950523,2.1721884615083663e-05
2026-07-02 07:11:00,20190.91,946.74,44669.72,49030.08,49028.91,1.1699999999982538,2.386347157214496e-05
2026-07-02 07:12:00,20190.56,946.81,44669.57,49029.81,49028.92,0.8899999999994179,1.8152551596066523e-05
2026-07-02 07:13:00,20190.03,946.82,44669.37,49029.4,49028.93,0.47000000000116415,9.586176977575569e-06
2026-07-02 07:14:00,20190.16,946.87,44669.66,49029.74,49028.96,0.7799999999988358,1.5908964824031264e-05
2026-07-02 07:15:00,20190.08,946.55,44669.83,49029.81,49028.99,0.819999999999709,1.672479894037607e-05
2026-07-02 07:16:00,20189.8,947.19,44669.66,49029.56,49029.0,0.5599999999976717,1.142181158085361e-05
2026-07-02 07:17:00,20190.03,947.27,44669.65,49029.66,49029.01,0.6500000000014552,1.325745716671528e-05
2026-07-02 07:18:00,20189.69,947.17,44669.42,49029.31,49029.015,0.29499999999825377,6.016845331244239e-06
2026-07-02 07:19:00,20189.56,947.07,44669.4,49029.24,49029.02,0.22000000000116415,4.487138433547401e-06
2026-07-02 07:20:00,20189.28,946.97,44669.41,49029.12,49029.02,0.10000000000582077,2.03960837899311e-06
2026-07-02 07:21:00,20189.02,947.0,44669.43,49029.01,49029.02,0.00999999999476131,2.0396083778059017e-07
2026-07-02 07:22:00,20189.08,946.97,44669.86,49029.33,49029.03,0.3000000000029104,6.118823888682081e-06
2026-07-02 07:23:00,20188.81,946.82,44669.66,49029.15,49029.04,0.11000000000058208,2.2435683015735587e-06
2026-07-02 07:24:00,20188.7,946.85,44669.85,49029.26,49029.045,0.2150000000037835,4.385155778656988e-06
2026-07-02 07:25:00,20188.28,947.35,44669.6,49028.88,49029.05,0.17000000000552973,3.4673321225993513e-06
2026-07-02 07:26:00,20187.71,947.95,44669.28,49028.35,49029.08500000001,0.735000000007858,1.4991101710502204e-05
2026-07-02 07:27:00,20187.84,947.37,44669.38,49028.48,49029.12,0.6399999999994179,1.3053467000823549e-05
2026-07-02 07:28:00,20187.47,947.55,44669.56,49028.49,49029.12,0.6300000000046566,1.2849506579042344e-05
2026-07-02 07:29:00,20187.86,946.45,44670.09,49029.12,49029.12,0.0,0.0
2026-07-02 07:30:00,20187.8,946.63,44670.4,49029.39,49029.135,0.25499999999738066,5.2009891668980215e-06
2026-07-02 07:31:00,20187.51,947.48,44670.12,49029.02,49029.15,0.1300000000046566,2.6514838622463698e-06
2026-07-02 07:32:00,20187.14,947.78,44669.81,49028.55,49029.155,0.6049999999959255,1.2339596715381398e-05
2026-07-02 07:33:00,20187.26,947.76,44669.88,49028.71,49029.16,0.4500000000043656,9.178211497083889e-06
2026-07-02 07:34:00,20186.85,947.99,44669.8,49028.48,49029.165,0.6849999999976717,1.397127607614104e-05
2026-07-02 07:35:00,20186.6,948.32,44669.9,49028.44,49029.17,0.7299999999959255,1.4889095613813685e-05
2026-07-02 07:36:00,20186.45,948.32,44669.95,49028.41,49029.175,0.7649999999994179,1.560295477130541e-05
2026-07-02 07:37:00,20186.15,948.47,44669.84,49028.23,49029.18,0.9499999999970896,1.937621636741813e-05
2026-07-02 07:38:00,20186.39,948.17,44670.06,49028.54,49029.205,0.6650000000008731,1.3563344541296827e-05
2026-07-02 07:39:00,20186.34,947.28,44670.42,49028.83,49029.23,0.4000000000014552,8.158398571657258e-06
2026-07-02 07:40:00,20186.16,947.14,44670.6,49028.93,49029.235,0.30500000000029104,6.220778276477107e-06
2026-07-02 07:41:00,20186.02,947.13,44670.64,49028.91,49029.24,0.32999999999447027,6.730677448691236e-06
2026-07-02 07:42:00,20185.37,947.35,44670.61,49028.6,49029.25,0.6500000000014552,1.3257392270969986e-05
2026-07-02 07:43:00,20185.19,947.09,44670.65,49028.56,49029.26,0.7000000000043656,1.427718876451257e-05
2026-07-02 07:44:00,20184.73,947.03,44670.66,49028.35,49029.270000000004,0.9200000000055297,1.8764301406191233e-05
2026-07-02 07:45:00,20184.42,947.13,44670.69,49028.22,49029.28,1.0599999999976717,2.161973416696455e-05
2026-07-02 07:46:00,20184.18,947.31,44670.53,49027.99,49029.295,1.305000000000291,2.661674005307013e-05
2026-07-02 07:47:00,20183.84,947.5,44670.71,49028.06,49029.31,1.25,2.5494953936737027e-05
2026-07-02 07:48:00,20183.85,947.62,44670.8,49028.16,49029.32,1.1599999999962165,2.365931242767015e-05
2026-07-02 07:49:00,20183.74,947.97,44670.57,49027.9,49029.33,1.430000000000291,2.9166215406172e-05
2026-07-02 07:50:00,20183.63,948.26,44670.58,49027.89,49029.350000000006,1.4600000000064028,2.9778081904132987e-05
2026-07-02 07:51:00,20183.82,948.49,44670.68,49028.07,49029.37,1.3000000000029104,2.6514719646671174e-05
2026-07-02 07:52:00,20183.76,948.78,44670.59,49027.97,49029.380000000005,1.4100000000034925,2.875826698203184e-05
2026-07-02 07:53:00,20183.68,948.86,44670.54,49027.89,49029.39,1.5,3.059389480472835e-05
2026-07-02 07:54:00,20183.66,948.69,44670.67,49028.02,49029.395000000004,1.375000000007276,2.8044400711191233e-05
2026-07-02 07:55:00,20183.58,947.77,44670.58,49027.88,49029.4,1.5200000000040745,3.1001807079100996e-05
2026-07-02 07:56:00,20183.16,947.66,44670.55,49027.65,49029.405,1.7549999999973807,3.5794845970441224e-05
2026-07-02 07:57:00,20182.68,947.69,44670.43,49027.31,49029.41,2.1000000000058208,4.283143525499941e-05
2026-07-02 07:58:00,20182.77,947.75,44671.09,49027.84,49029.44500000001,1.6050000000104774,3.273543071944782e-05
2026-07-02 07:59:00,20182.56,947.36,44670.86,49027.57,49029.48,1.9100000000034925,3.895615454219568e-05
2026-07-02 08:00:00,20182.1,947.68,44670.37,49027.08,49029.485,2.404999999998836,4.905211629285594e-05
2026-07-02 08:01:00,20182.25,947.74,44670.52,49027.31,49029.49,2.180000000000291,4.446303642971386e-05
2026-07-02 08:02:00,20182.62,947.51,44670.91,49027.8,49029.524999999994,1.7249999999912689,3.5182882150933935e-05
2026-07-02 08:03:00,20182.36,947.62,44670.73,49027.54,49029.56,2.0199999999967986,4.119963548513996e-05
2026-07-02 08:04:00,20182.26,947.5,44670.77,49027.53,49029.57,2.040000000000873,4.160754418202879e-05
2026-07-02 08:05:00,20182.16,947.85,44670.74,49027.47,49029.58,2.110000000000582,4.3035245253999364e-05
2026-07-02 08:06:00,20181.65,947.65,44670.36,49026.78,49029.61,2.8300000000017462,5.77202225349487e-05
2026-07-02 08:07:00,20181.91,947.76,44670.23,49026.89,49029.64,2.75,5.608852114761602e-05
2026-07-02 08:08:00,20181.64,947.67,44669.98,49026.59,49029.645000000004,3.055000000007567,6.230924168444554e-05
2026-07-02 08:09:00,20181.28,947.65,44669.9,49026.35,49029.65,3.3000000000029104,6.730621164954084e-05
2026-07-02 08:10:00,20180.98,947.72,44669.59,49025.94,49029.655,3.7149999999965075,7.577046993287037e-05
2026-07-02 08:11:00,20181.23,947.73,44669.64,49026.0,49029.66,3.6600000000034925,7.46486922406456e-05
2026-07-02 08:12:00,20181.47,947.66,44669.38,49025.94,49029.66,3.720000000001164,7.587244129372229e-05
2026-07-02 08:13:00,20180.95,948.38,44669.0,49025.39,49029.66,4.2700000000040745,8.709014094741987e-05
2026-07-02 08:14:00,20180.32,949.2,44668.63,49024.83,49029.665,4.834999999999127,9.861376780769615e-05
2026-07-02 08:15:00,20180.62,948.34,44668.57,49024.89,49029.67,4.779999999998836,9.749198801458047e-05
2026-07-02 08:16:00,20180.62,946.86,44668.9,49025.14,49029.675,4.5350000000034925,9.249500430103793e-05
2026-07-02 08:17:00,20179.85,946.69,44669.0,49024.89,49029.68,4.790000000000873,9.769592622266499e-05
2026-07-02 08:18:00,20179.44,947.39,44668.5,49024.33,49029.69,5.360000000000582,0.00010932151518805405
2026-07-02 08:19:00,20179.08,947.75,44668.05,49023.78,49029.7,5.919999999998254,0.00012074314140201254
2026-07-02 08:20:00,20179.09,947.52,44668.01,49023.74,49029.72,5.980000000003201,0.00012196683970463631
2026-07-02 08:21:00,20178.78,947.44,44667.86,49023.47,49029.74,6.269999999996799,0.00012788156739148115
2026-07-02 08:22:00,20178.98,947.55,44667.78,49023.48,49029.770000000004,6.290000000000873,0.0001282894045801331
2026-07-02 08:23:00,20179.01,947.44,44667.61,49023.31,49029.8,6.490000000005239,0.00013236847794617228
2026-07-02 08:24:00,20179.28,947.42,44667.47,49023.34,49029.805,6.4650000000037835,0.0001318585705165212
2026-07-02 08:25:00,20178.93,947.04,44667.19,49022.92,49029.81,6.889999999999418,0.00014052675301004467
2026-07-02 08:26:00,20178.76,947.23,44667.0,49022.67,49029.81,7.139999999999418,0.00014562569179850827
2026-07-02 08:27:00,20178.72,947.31,44666.81,49022.48,49029.81,7.32999999999447,0.0001495008852776397
2026-07-02 08:28:00,20178.58,947.23,44666.53,49022.17,49029.815,7.6450000000040745,0.00015592553225020478
2026-07-02 08:29:00,20178.54,947.04,44666.38,49022.0,49029.82,7.819999999999709,0.00015949477277297182
2026-07-02 08:30:00,20178.28,947.0,44666.34,49021.89,49029.825,7.934999999997672,0.00016184026763296978
2026-07-02 08:31:00,20178.04,947.29,44666.17,49021.65,49029.83,8.180000000000291,0.00016683720910311723
2026-07-02 08:32:00,20177.9,947.33,44665.87,49021.31,49029.835,8.525000000001455,0.00017387372402949053
2026-07-02 08:33:00,20177.97,947.49,44665.86,49021.33,49029.84,8.509999999994761,0.00017356777015782148
2026-07-02 08:34:00,20177.77,948.05,44665.58,49020.99,49029.85,8.860000000000582,0.00018070624323754983
2026-07-02 08:35:00,20177.51,948.38,44665.15,49020.51,49029.86,9.349999999998545,0.00019070011621486466
2026-07-02 08:36:00,20177.4,948.46,44665.03,49020.25,49029.885,9.635000000002037,0.00019651280030540631
2026-07-02 08:37:00,20177.91,948.26,44664.96,49020.42,49029.91,9.490000000005239,0.00019355532163948982
2026-07-02 08:38:00,20178.38,947.77,44665.12,49020.78,49029.915,9.135000000002037,0.00018631482432718958
2026-07-02 08:39:00,20177.99,947.92,44664.95,49020.52,49029.92,9.400000000001455,0.00019171966831684522
2026-07-02 08:40:00,20178.01,947.73,44664.56,49020.18,49029.925,9.74500000000262,0.00019875616778941877
2026-07-02 08:41:00,20178.0,948.03,44664.57,49020.18,49029.93,9.75,0.0001988581260466821
2026-07-02 08:42:00,20178.01,947.9,44664.43,49020.03,49029.94,9.910000000003492,0.00020212139766035797
2026-07-02 08:43:00,20177.87,947.92,44664.44,49019.94,49029.95,10.009999999994761,0.00020416092612769872
2026-07-02 08:44:00,20177.9,947.92,44664.47,49020.07,49029.955,9.885000000002037,0.00020161144345333452
2026-07-02 08:45:00,20177.81,948.06,44664.25,49019.84,49029.96,10.12000000000262,0.00020640441069098609
2026-07-02 08:46:00,20177.57,948.09,44664.04,49019.57,49029.979999999996,10.409999999996217,0.0002123190749822092
2026-07-02 08:47:00,20177.57,948.16,44664.08,49019.58,49030.0,10.419999999998254,0.00021252294513559564
2026-07-02 08:48:00,20177.71,948.1,44664.24,49019.77,49030.005000000005,10.235000000007858,0.00020874972376625002
2026-07-02 08:49:00,20177.62,948.09,44664.01,49019.5,49030.01,10.510000000002037,0.0002143585122663046
2026-07-02 08:50:00,20177.51,948.43,44663.91,49019.41,49030.015,10.604999999995925,0.00021629607904455925
2026-07-02 08:51:00,20177.33,948.39,44663.68,49019.21,49030.02,10.809999999997672,0.0002204771688854639
2026-07-02 08:52:00,20176.95,948.07,44663.75,49019.01,49030.024999999994,11.014999999992142,0.00022465825787345903
2026-07-02 08:53:00,20176.57,948.19,44663.46,49018.61,49030.03,11.419999999998254,0.00023291847873636328
2026-07-02 08:54:00,20177.0,948.07,44663.56,49018.87,49030.03,11.159999999996217,0.0002276156061906594
2026-07-02 08:55:00,20176.78,947.84,44663.53,49018.78,49030.03,11.25,0.00022945121591808122
2026-07-02 08:56:00,20176.22,948.06,44663.44,49018.45,49030.055,11.605000000003201,0.00023669155582230534
2026-07-02 08:57:00,20176.51,947.81,44663.56,49018.69,49030.08,11.389999999999418,0.00023230637192514102
2026-07-02 08:58:00,20176.55,947.98,44663.45,49018.58,49030.08,11.5,0.00023454989263733608
2026-07-02 08:59:00,20176.44,948.71,44663.15,49018.28,49030.08,11.80000000000291,0.00024066858548880423
2026-07-02 09:00:00,20176.28,948.76,44662.9,49018.0,49030.09,12.089999999996508,0.00024658327161945873
2026-07-02 09:01:00,20176.46,948.81,44663.02,49018.18,49030.1,11.919999999998254,0.0002431159634591456
2026-07-02 09:02:00,20176.18,949.06,44662.79,49017.83,49030.104999999996,12.27499999999418,0.00025035638818220315
2026-07-02 09:03:00,20176.08,949.0,44662.68,49017.7,49030.11,12.410000000003492,0.0002531097727499182
2026-07-02 09:04:00,20176.09,948.5,44662.87,49017.87,49030.115000000005,12.24500000000262,0.0002497444682722571
2026-07-02 09:05:00,20175.96,948.13,44662.83,49017.76,49030.12,12.360000000000582,0.00025208993981659807
2026-07-02 09:06:00,20176.13,947.37,44662.8,49017.8,49030.12,12.319999999999709,0.00025127411476863015
2026-07-02 09:07:00,20176.39,947.55,44662.81,49017.91,49030.12,12.209999999999127,0.00024903059588675543
2026-07-02 09:08:00,20176.03,947.65,44662.39,49017.43,49030.125,12.694999999999709,0.0002589224481887352
2026-07-02 09:09:00,20176.28,947.87,44662.47,49017.62,49030.13,12.509999999994761,0.00025514923170700876
2026-07-02 09:10:00,20176.38,947.45,44662.46,49017.62,49030.134999999995,12.514999999992142,0.0002552511837871167
2026-07-02 09:11:00,20176.49,947.01,44662.34,49017.57,49030.14,12.569999999999709,0.00025637291674059483
2026-07-02 09:12:00,20176.65,947.44,44662.12,49017.44,49030.145000000004,12.705000000001746,0.00025912629872911337
2026-07-02 09:13:00,20176.3,947.49,44661.54,49016.77,49030.15,13.380000000004657,0.00027289331156450994
2026-07-02 09:14:00,20176.76,947.27,44661.54,49016.97,49030.155,13.184999999997672,0.00026891613946555283
2026-07-02 09:15:00,20177.6,947.17,44661.84,49017.57,49030.16,12.590000000003783,0.0002567807243542298
2026-07-02 09:16:00,20178.09,947.09,44661.87,49017.74,49030.16,12.42000000000553,0.00025331347072914974
2026-07-02 09:17:00,20178.07,946.62,44661.59,49017.49,49030.16,12.67000000000553,0.0002584123731190257
2026-07-02 09:18:00,20177.84,946.42,44661.46,49017.28,49030.16,12.880000000004657,0.0002626954511265037
2026-07-02 09:19:00,20177.61,946.1,44661.42,49017.13,49030.16,13.030000000006112,0.00026575479256045893
2026-07-02 09:20:00,20177.51,945.73,44661.5,49017.17,49030.17,13.0,0.0002651428701960446
2026-07-02 09:21:00,20176.95,945.53,44661.32,49016.76,49030.18,13.419999999998254,0.00027370896863928
2026-07-02 09:22:00,20177.24,945.19,44661.73,49017.21,49030.185,12.974999999998545,0.0002646328991007998
2026-07-02 09:23:00,20176.72,944.9,44661.49,49016.81,49030.19,13.380000000004657,0.0002728930889316288
2026-07-02 09:24:00,20176.66,944.88,44661.57,49016.86,49030.19,13.330000000001746,0.0002718733090775652
2026-07-02 09:25:00,20176.64,944.63,44661.42,49016.7,49030.19,13.490000000005239,0.00027513660461044997
2026-07-02 09:26:00,20176.4,944.42,44661.33,49016.51,49030.195,13.684999999997672,0.0002791137175774576
2026-07-02 09:27:00,20176.28,944.19,44661.27,49016.38,49030.2,13.819999999999709,0.00028186709415828836
2026-07-02 09:28:00,20176.24,944.14,44661.12,49016.25,49030.2,13.94999999999709,0.0002845185212378716
2026-07-02 09:29:00,20175.79,944.03,44660.87,49015.84,49030.2,14.360000000000582,0.00029288071433525835
2026-07-02 09:30:00,20175.6,944.06,44660.88,49015.77,49030.2,14.430000000000291,0.0002943084058396721
2026-07-02 09:31:00,20174.99,943.8,44660.51,49015.22,49030.2,14.979999999995925,0.00030552598194573806
2026-07-02 09:32:00,20174.84,943.92,44660.33,49014.99,49030.205,15.215000000003783,0.00031031891463647324
2026-07-02 09:33:00,20174.94,943.61,44660.23,49014.96,49030.21,15.25,0.00031103272859732807
2026-07-02 09:34:00,20174.54,943.43,44659.91,49014.49,49030.21,15.720000000001164,0.00032061865531477765
2026-07-02 09:35:00,20174.59,943.32,44659.61,49014.25,49030.21,15.959999999999127,0.0003255135966172514
2026-07-02 09:36:00,20174.82,943.16,44659.62,49014.32,49030.215,15.894999999996799,0.0003241878502877623
2026-07-02 09:37:00,20174.59,942.41,44659.14,49013.77,49030.22,16.450000000004366,0.00033550736668129093
2026-07-02 09:38:00,20175.34,942.3,44659.35,49014.26,49030.229999999996,15.969999999993888,0.00032571741964077856
2026-07-02 09:39:00,20175.62,941.63,44658.69,49013.76,49030.24,16.479999999995925,0.0003361190971122296
2026-07-02 09:40:00,20175.67,941.56,44658.82,49013.91,49030.24,16.32999999999447,0.0003330597606700369
2026-07-02 09:41:00,20175.53,941.4,44658.53,49013.57,49030.24,16.669999999998254,0.0003399942566056836
2026-07-02 09:42:00,20175.38,941.66,44658.41,49013.39,49030.24,16.849999999998545,0.00034366546033628526
2026-07-02 09:43:00,20175.06,941.01,44658.08,49012.95,49030.24,17.290000000000873,0.00035263951390001095
2026-07-02 09:44:00,20174.61,940.79,44657.84,49012.55,49030.24,17.689999999995052,0.000360797744412327
2026-07-02 09:45:00,20174.32,940.23,44657.59,49012.21,49030.24,18.029999999998836,0.00036773224034797374
2026-07-02 09:46:00,20173.9,939.89,44657.43,49011.87,49030.24,18.369999999995343,0.0003746667362834721
2026-07-02 09:47:00,20173.68,939.63,44657.19,49011.57,49030.24,18.669999999998254,0.0003807854091678575
2026-07-02 09:48:00,20173.66,939.33,44657.2,49011.57,49030.24,18.669999999998254,0.0003807854091678575
2026-07-02 09:49:00,20172.97,938.79,44656.39,49010.55,49030.24,19.689999999995052,0.0004015888969745009
2026-07-02 09:50:00,20172.91,938.41,44656.4,49010.51,49030.24,19.729999999995925,0.0004024047200257622
2026-07-02 09:51:00,20172.48,938.18,44656.43,49010.36,49030.24,19.87999999999738,0.0004054640564679549
2026-07-02 09:52:00,20171.9,937.6,44656.35,49010.03,49030.24,20.209999999999127,0.00041219459664074923
2026-07-02 09:53:00,20171.96,937.51,44656.28,49009.99,49030.24,20.25,0.0004130104196920105
2026-07-02 09:54:00,20171.94,936.87,44656.15,49009.84,49030.24,20.400000000001455,0.00041606975613420324
2026-07-02 09:55:00,20171.13,936.2,44655.9,49009.27,49030.24,20.970000000001164,0.00042769523461441683
2026-07-02 09:56:00,20170.75,936.32,44655.65,49008.91,49030.235,21.32499999999709,0.0004349357085479417
2026-07-02 09:57:00,20170.57,936.05,44655.51,49008.71,49030.23,21.520000000004075,0.00043891289108788747
2026-07-02 09:58:00,20170.92,935.57,44655.48,49008.82,49030.235,21.415000000000873,0.00043677131060050747
2026-07-02 09:59:00,20170.96,935.25,44655.17,49008.55,49030.24,21.689999999995052,0.00044238004953667476
2026-07-02 10:00:00,20171.54,934.72,44655.03,49008.67,49030.24,21.56999999999971,0.00043993258038303935
2026-07-02 10:01:00,20171.85,934.22,44654.94,49008.7,49030.24,21.540000000000873,0.0004393207130946305
2026-07-02 10:02:00,20172.16,933.74,44654.66,49008.55,49030.24,21.689999999995052,0.00044238004953667476
2026-07-02 10:03:00,20172.73,933.15,44654.51,49008.64,49030.24,21.599999999998545,0.0004405444476714482
2026-07-02 10:04:00,20172.98,932.7,44654.55,49008.76,49030.24,21.479999999995925,0.0004380969785176643
2026-07-02 10:05:00,20172.74,931.97,44654.0,49008.15,49030.24,22.089999999996508,0.0004505382800491392
2026-07-02 10:06:00,20173.03,931.32,44653.87,49008.15,49030.24,22.089999999996508,0.0004505382800491392
2026-07-02 10:07:00,20172.98,930.64,44653.72,49007.99,49030.24,22.25,0.0004538015722541844
2026-07-02 10:08:00,20172.3,930.17,44653.61,49007.6,49030.24,22.639999999999418,0.0004617558470037964
2026-07-02 10:09:00,20172.11,929.56,44653.49,49007.41,49030.24,22.82999999999447,0.000465631006497102
2026-07-02 10:10:00,20172.14,928.82,44653.37,49007.31,49030.244999999995,22.93499999999767,0.00046777249430423354
2026-07-02 10:11:00,20172.2,928.19,44653.23,49007.22,49030.25,23.029999999998836,0.00046971002595334177
2026-07-02 10:12:00,20171.06,927.63,44653.06,49006.58,49030.25,23.669999999998254,0.00048276319211095706
2026-07-02 10:13:00,20169.81,927.84,44652.9,49005.93,49030.25,24.31999999999971,0.0004960203139898269
2026-07-02 10:14:00,20169.71,927.74,44652.98,49005.94,49030.255000000005,24.31500000000233,0.000495918285556588
2026-07-02 10:15:00,20170.17,926.86,44652.99,49006.09,49030.26,24.17000000000553,0.0004929608776295604
2026-07-02 10:16:00,20170.53,926.54,44653.05,49006.29,49030.26,23.970000000001164,0.0004888817640371714
2026-07-02 10:17:00,20170.14,925.84,44652.86,49005.94,49030.26,24.31999999999971,0.0004960202128236666
2026-07-02 10:18:00,20169.64,925.29,44652.75,49005.62,49030.265,24.6449999999968,0.0005026487211520639
2026-07-02 10:19:00,20169.75,924.48,44652.62,49005.54,49030.27,24.729999999995925,0.0005043822928161711
2026-07-02 10:20:00,20169.75,924.05,44652.66,49005.58,49030.27,24.689999999995052,0.0005035664702640849
2026-07-02 10:21:00,20169.74,923.89,44652.57,49005.48,49030.27,24.789999999993597,0.0005056060266442261
2026-07-02 10:22:00,20169.63,923.09,44652.26,49005.13,49030.274999999994,25.1449999999968,0.0005128463994949407
2026-07-02 10:23:00,20169.42,923.25,44652.1,49004.9,49030.28,25.37999999999738,0.0005176393037118568
2026-07-02 10:24:00,20169.7,922.97,44651.91,49004.87,49030.28,25.409999999996217,0.0005182511705010907
2026-07-02 10:25:00,20169.6,922.66,44651.74,49004.63,49030.28,25.650000000001455,0.0005231461048152582
2026-07-02 10:26:00,20168.84,924.08,44651.07,49003.72,49030.29,26.56999999999971,0.0005419099091602294
2026-07-02 10:27:00,20168.96,924.97,44650.46,49003.25,49030.3,27.05000000000291,0.000551699663269507
2026-07-02 10:28:00,20168.57,924.02,44650.32,49002.94,49030.305,27.364999999997963,0.0005581242050196906
2026-07-02 10:29:00,20168.91,922.53,44650.78,49003.47,49030.31,26.839999999996508,0.0005474164858430736
2026-07-02 10:30:00,20168.88,921.79,44650.98,49003.62,49030.315,26.69499999999971,0.0005444590759818637
2026-07-02 10:31:00,20168.62,921.08,44651.21,49003.72,49030.31,26.589999999996508,0.0005423175990524333
2026-07-02 10:32:00,20168.05,920.64,44651.13,49003.41,49030.305,26.8949999999968,0.0005485382968757139
2026-07-02 10:33:00,20167.57,920.06,44650.9,49003.0,49030.3,27.30000000000291,0.0005567985511000934
2026-07-02 10:34:00,20167.15,919.77,44650.77,49002.73,49030.305,27.57499999999709,0.000562407270360588
2026-07-02 10:35:00,20166.55,919.46,44650.68,49002.38,49030.31,27.93000000000029,0.0005696476322503425
2026-07-02 10:36:00,20166.12,919.27,44650.63,49002.14,49030.305,28.165000000000873,0.0005744406444137126
2026-07-02 10:37:00,20165.51,918.89,44650.43,49001.69,49030.3,28.610000000000582,0.0005835167233323186
2026-07-02 10:38:00,20165.39,918.66,44650.5,49001.69,49030.3,28.610000000000582,0.0005835167233323186
2026-07-02 10:39:00,20165.39,918.52,44650.52,49001.71,49030.3,28.590000000003783,0.000583108812305937
2026-07-02 10:40:00,20165.53,918.13,44650.73,49001.98,49030.29,28.30999999999767,0.0005773981756990969
2026-07-02 10:41:00,20164.67,917.48,44650.11,49001.07,49030.28,29.209999999999127,0.0005957542971404432
2026-07-02 10:42:00,20164.58,917.24,44650.28,49001.15,49030.28,29.12999999999738,0.0005941226523690541
2026-07-02 10:43:00,20164.23,916.88,44650.17,49000.92,49030.28,29.360000000000582,0.0005988136310867608
2026-07-02 10:44:00,20164.09,916.31,44650.22,49000.88,49030.274999999994,29.3949999999968,0.000599527536812649
2026-07-02 10:45:00,20164.02,915.74,44650.21,49000.83,49030.27,29.439999999995052,0.0006004453983222009
2026-07-02 10:46:00,20163.9,915.27,44650.14,49000.72,49030.27,29.549999999995634,0.0006026889103404007
2026-07-02 10:47:00,20163.78,915.35,44650.27,49000.81,49030.27,29.459999999999127,0.0006008533095983182
2026-07-02 10:48:00,20163.35,915.15,44650.19,49000.53,49030.27,29.739999999997963,0.0006065640674627728
2026-07-02 10:49:00,20163.6,914.83,44650.18,49000.64,49030.27,29.62999999999738,0.0006043205554445729
2026-07-02 10:50:00,20163.26,914.55,44650.15,49000.47,49030.265,29.794999999998254,0.0006076858854423539
2026-07-02 10:51:00,20163.22,914.25,44650.28,49000.57,49030.26,29.69000000000233,0.0006055444127769734
2026-07-02 10:52:00,20163.12,913.92,44650.37,49000.6,49030.26,29.660000000003492,0.0006049325457381521
2026-07-02 10:53:00,20162.87,913.57,44650.21,49000.35,49030.26,29.910000000003492,0.0006100314377285271
2026-07-02 10:54:00,20162.97,912.83,44650.32,49000.47,49030.255000000005,29.785000000003492,0.0006074820536830472
2026-07-02 10:55:00,20162.71,912.48,44650.38,49000.41,49030.25,29.839999999996508,0.000608603872099296
2026-07-02 10:56:00,20162.59,912.03,44650.47,49000.41,49030.25,29.839999999996508,0.000608603872099296
2026-07-02 10:57:00,20162.72,911.63,44650.69,49000.66,49030.25,29.589999999996508,0.0006035049790689729
2026-07-02 10:58:00,20162.99,911.11,44650.79,49000.83,49030.244999999995,29.414999999993597,0.0005999358151278583
2026-07-02 10:59:00,20163.11,910.55,44650.89,49000.96,49030.24,29.279999999998836,0.0005971824735102018
2026-07-02 11:00:00,20162.97,909.88,44650.83,49000.85,49030.24,29.389999999999418,0.0005994259869011332
2026-07-02 11:01:00,20163.07,909.34,44651.02,49001.07,49030.24,29.169999999998254,0.0005949389601192704
2026-07-02 11:02:00,20162.74,908.93,44650.94,49000.85,49030.24,29.389999999999418,0.0005994259869011332
2026-07-02 11:03:00,20162.83,908.74,44651.25,49001.16,49030.24,29.07999999999447,0.0005931033582538954
2026-07-02 11:04:00,20162.82,908.3,44651.38,49001.26,49030.24,28.979999999995925,0.0005910638006258164
2026-07-02 11:05:00,20162.41,908.01,44651.26,49000.98,49030.24,29.25999999999476,0.0005967745619844969
2026-07-02 11:06:00,20162.28,907.85,44651.25,49000.92,49030.24,29.31999999999971,0.0005979982965614631
2026-07-02 11:07:00,20162.33,907.48,44651.38,49001.06,49030.24,29.18000000000029,0.0005951429158821227
2026-07-02 11:08:00,20162.0,907.32,44651.45,49001.01,49030.24,29.229999999995925,0.0005961626946960881
2026-07-02 11:09:00,20161.84,906.9,44651.39,49000.9,49030.24,29.339999999996508,0.0005984062080870195
2026-07-02 11:10:00,20161.85,906.29,44651.39,49000.86,49030.235,29.375,0.0005991201143539287
2026-07-02 11:11:00,20161.74,906.05,44651.6,49000.99,49030.23,29.24000000000524,0.0005963667720915288
2026-07-02 11:12:00,20161.69,906.11,44651.73,49001.09,49030.23,29.140000000006694,0.0005943272140474701
2026-07-02 11:13:00,20161.65,906.09,44651.66,49001.02,49030.23,29.210000000006403,0.0005957549046783261
2026-07-02 11:14:00,20161.67,905.85,44651.68,49001.03,49030.225000000006,29.195000000006985,0.0005954490316943678
2026-07-02 11:15:00,20161.72,905.4,44651.72,49001.09,49030.22,29.130000000004657,0.0005941233794179315
2026-07-02 11:16:00,20162.07,904.95,44651.88,49001.36,49030.215,28.854999999995925,0.0005885146536680683
2026-07-02 11:17:00,20162.14,904.46,44651.81,49001.34,49030.21,28.87000000000262,0.0005888206475151263
2026-07-02 11:18:00,20161.68,904.2,44651.68,49000.99,49030.21,29.220000000001164,0.0005959591035812648
2026-07-02 11:19:00,20161.71,903.65,44651.7,49001.03,49030.21,29.18000000000029,0.0005951432800308278
2026-07-02 11:20:00,20163.24,902.43,44652.34,49002.24,49030.21,27.970000000001164,0.0005704646176306641
2026-07-02 11:21:00,20162.35,901.98,44652.02,49001.57,49030.21,28.639999999999418,0.0005841296621001505
2026-07-02 11:22:00,20163.11,901.84,44651.95,49001.8,49030.21,28.409999999996217,0.0005794386766851746
2026-07-02 11:23:00,20163.85,901.28,44651.91,49002.06,49030.21,28.150000000001455,0.0005741358236075565
2026-07-02 11:24:00,20164.24,900.57,44651.98,49002.27,49030.205,27.935000000004948,0.0005697508301261426
2026-07-02 11:25:00,20164.12,900.3,44652.08,49002.32,49030.2,27.87999999999738,0.0005686291306174028
2026-07-02 11:26:00,20163.83,900.14,44651.71,49001.86,49030.2,28.339999999996508,0.0005780111033607146
2026-07-02 11:27:00,20163.81,899.61,44652.0,49002.11,49030.2,28.089999999996508,0.0005729122051306442
2026-07-02 11:28:00,20162.93,899.51,44652.02,49001.75,49030.2,28.44999999999709,0.0005802546185819575
2026-07-02 11:29:00,20162.94,899.4,44652.2,49001.92,49030.2,28.279999999998836,0.0005767873677855452
2026-07-02 11:30:00,20162.58,898.81,44652.31,49001.87,49030.2,28.32999999999447,0.0005778071474314702
2026-07-02 11:31:00,20161.95,898.66,44652.53,49001.79,49030.2,28.409999999996217,0.0005794387948651284
2026-07-02 11:32:00,20160.71,898.67,44652.43,49001.21,49030.2,28.989999999997963,0.0005912682387589275
2026-07-02 11:33:00,20159.8,899.25,44652.29,49000.72,49030.2,29.479999999995925,0.0006012620792898239
2026-07-02 11:34:00,20159.48,899.14,44652.15,49000.47,49030.195,29.724999999998545,0.0006062590613804115
2026-07-02 11:35:00,20159.58,898.74,44652.34,49000.66,49030.19,29.529999999998836,0.0006022819817748786
2026-07-02 11:36:00,20159.27,898.94,44652.44,49000.64,49030.19,29.55000000000291,0.0006026898937165634
2026-07-02 11:37:00,20159.1,898.92,44652.32,49000.49,49030.19,29.700000000004366,0.0006057492332786058
2026-07-02 11:38:00,20159.42,898.61,44652.54,49000.8,49030.19,29.389999999999418,0.0005994265981836786
2026-07-02 11:39:00,20159.4,898.42,44652.67,49000.89,49030.19,29.30000000000291,0.0005975909944465422
2026-07-02 11:40:00,20160.1,898.0,44652.88,49001.38,49030.19,28.810000000004948,0.0005875971518773422
2026-07-02 11:41:00,20160.12,897.47,44652.52,49001.06,49030.19,29.130000000004657,0.0005941237429429634
2026-07-02 11:42:00,20161.12,897.04,44652.97,49001.88,49030.185,28.30500000000029,0.0005772974342234338
2026-07-02 11:43:00,20161.31,896.49,44652.78,49001.76,49030.18,28.419999999998254,0.0005796429872376209
2026-07-02 11:44:00,20161.84,895.81,44652.64,49001.84,49030.17,28.330000000001746,0.0005778075009734159
2026-07-02 11:45:00,20162.15,895.37,44652.72,49002.03,49030.16,28.130000000004657,0.0005737284969089363
2026-07-02 11:46:00,20162.75,894.41,44652.58,49002.13,49030.16,28.030000000006112,0.0005716889359530156
2026-07-02 11:47:00,20162.88,894.17,44652.91,49002.47,49030.16,27.69000000000233,0.0005647544287027072
2026-07-02 11:48:00,20163.28,893.57,44652.92,49002.64,49030.16,27.520000000004075,0.0005612871750776271
2026-07-02 11:49:00,20163.3,893.17,44652.87,49002.62,49030.16,27.540000000000873,0.000561695087268752
2026-07-02 11:50:00,20163.32,892.93,44652.88,49002.63,49030.16,27.530000000006112,0.0005614911311732638
2026-07-02 11:51:00,20162.98,892.79,44652.83,49002.44,49030.16,27.720000000001164,0.0005653662969894686
2026-07-02 11:52:00,20162.79,892.89,44652.92,49002.44,49030.155,27.714999999996508,0.0005652643765861337
2026-07-02 11:53:00,20162.62,892.24,44652.68,49002.14,49030.15,28.010000000002037,0.0005712811402780134
2026-07-02 11:54:00,20162.36,891.73,44652.61,49001.97,49030.145000000004,28.17500000000291,0.0005746464751430555
2026-07-02 11:55:00,20162.35,891.54,44652.73,49002.09,49030.14,28.05000000000291,0.0005720970815095146
2026-07-02 11:56:00,20162.05,891.41,44652.62,49001.84,49030.134999999995,28.294999999998254,0.0005770940667407556
2026-07-02 11:57:00,20161.88,891.5,44652.69,49001.82,49030.13,28.30999999999767,0.00057740005992229
2026-07-02 11:58:00,20162.23,891.15,44652.63,49001.92,49030.125,28.205000000001746,0.0005752585782720673
2026-07-02 11:59:00,20163.15,890.74,44652.53,49002.2,49030.12,27.92000000000553,0.0005694458834692946
2026-07-02 12:00:00,20163.39,890.52,44652.27,49002.06,49030.12,28.060000000004948,0.0005723012711371081
2026-07-02 12:01:00,20163.64,890.24,44652.21,49002.1,49030.12,28.020000000004075,0.0005714854460891402
2026-07-02 12:02:00,20163.92,889.6,44652.29,49002.28,49030.12,27.840000000003783,0.0005678142333733587
2026-07-02 12:03:00,20164.3,889.06,44652.32,49002.46,49030.12,27.660000000003492,0.0005641430206575772
2026-07-02 12:04:00,20164.25,888.43,44652.41,49002.51,49030.115000000005,27.6050000000032,0.0005630213186325016
2026-07-02 12:05:00,20163.92,888.65,44652.41,49002.35,49030.11,27.760000000002037,0.0005661826987539298
2026-07-02 12:06:00,20163.44,888.9,44652.22,49002.0,49030.104999999996,28.104999999995925,0.0005732192496833513
2026-07-02 12:07:00,20162.88,888.68,44651.91,49001.48,49030.1,28.619999999995343,0.0005837230599161605
2026-07-02 12:08:00,20163.31,888.16,44651.89,49001.66,49030.09,28.429999999993015,0.0005798480076212999
2026-07-02 12:09:00,20164.0,888.21,44651.91,49001.95,49030.08,28.130000000004657,0.0005737294330338571
2026-07-02 12:10:00,20164.77,887.56,44652.09,49002.43,49030.08,27.650000000001455,0.0005639395244715378
2026-07-02 12:11:00,20165.69,887.14,44651.92,49002.62,49030.08,27.459999999999127,0.0005600643523322647
2026-07-02 12:12:00,20167.16,886.5,44652.1,49003.38,49030.08,26.700000000004366,0.0005445636637754693
2026-07-02 12:13:00,20168.82,886.05,44652.01,49003.96,49030.08,26.12000000000262,0.0005327341909293768
2026-07-02 12:14:00,20170.09,885.57,44651.96,49004.39,49030.055,25.665000000000873,0.0005234544403427831
2026-07-02 12:15:00,20170.03,885.07,44651.77,49004.19,49030.03,25.839999999996508,0.0005270239483842149
2026-07-02 12:16:00,20170.4,884.59,44651.81,49004.35,49030.03,25.68000000000029,0.0005237606422023461
2026-07-02 12:17:00,20170.46,884.18,44651.96,49004.49,49030.03,25.540000000000873,0.0005209052492931551
2026-07-02 12:18:00,20170.44,883.71,44651.73,49004.27,49030.03,25.760000000002037,0.0005253922952933546
2026-07-02 12:19:00,20170.06,883.32,44651.53,49003.95,49030.03,26.080000000001746,0.0005319189076572409
2026-07-02 12:20:00,20169.99,882.97,44651.66,49004.02,49030.024999999994,26.00499999999738,0.000530389286972572
2026-07-02 12:21:00,20170.07,883.1,44651.67,49004.05,49030.02,25.969999999993888,0.0005296754926878245
2026-07-02 12:22:00,20170.12,883.17,44651.64,49004.01,49030.015,26.00499999999738,0.0005303893951490201
2026-07-02 12:23:00,20170.45,882.75,44651.58,49004.12,49030.01,25.889999999999418,0.0005280439469622669
2026-07-02 12:24:00,20171.16,882.48,44651.66,49004.5,49030.005000000005,25.505000000004657,0.0005201916663072878
2026-07-02 12:25:00,20171.51,882.52,44651.73,49004.7,49030.0,25.30000000000291,0.00051601060575164
2026-07-02 12:26:00,20170.93,882.26,44651.55,49004.28,49029.990000000005,25.710000000006403,0.0005243729399089496
2026-07-02 12:27:00,20170.54,882.11,44651.36,49003.95,49029.98,26.030000000006112,0.0005308996658780221
2026-07-02 12:28:00,20170.85,881.62,44651.68,49004.38,49029.975000000006,25.59500000000844,0.0005220275963838129
2026-07-02 12:29:00,20171.05,881.13,44651.73,49004.5,49029.97,25.470000000001164,0.0005194781885447037
2026-07-02 12:30:00,20170.95,880.84,44651.79,49004.52,49029.965,25.44499999999971,0.0005189683492533537
2026-07-02 12:31:00,20171.06,880.71,44651.94,49004.69,49029.96,25.2699999999968,0.0005153991559445857
2026-07-02 12:32:00,20170.46,880.66,44651.85,49004.37,49029.955,25.584999999999127,0.0005218238523775746
2026-07-02 12:33:00,20170.37,880.42,44651.89,49004.37,49029.95,25.57999999999447,0.0005217219271077061
2026-07-02 12:34:00,20170.13,880.16,44651.97,49004.34,49029.945,25.6050000000032,0.0005222318727871957
2026-07-02 12:35:00,20171.22,879.62,44652.16,49004.93,49029.94,25.010000000002037,0.0005100964839035503
2026-07-02 12:36:00,20172.52,878.76,44652.49,49005.73,49029.94,24.209999999999127,0.0004937799230429229
2026-07-02 12:37:00,20172.54,878.68,44652.65,49005.88,49029.94,24.060000000004948,0.0004907205678816851
2026-07-02 12:38:00,20172.48,878.65,44652.75,49005.95,49029.935,23.985000000000582,0.0004891909401878787
2026-07-02 12:39:00,20171.99,878.6,44652.81,49005.79,49029.93,24.139999999999418,0.0004923523243863374
2026-07-02 12:40:00,20172.37,878.38,44653.02,49006.14,49029.935,23.794999999998254,0.0004853157565882609
2026-07-02 12:41:00,20172.09,878.19,44653.11,49006.11,49029.94,23.830000000001746,0.00048602955663420647
2026-07-02 12:42:00,20172.26,878.01,44653.28,49006.32,49029.94,23.62000000000262,0.00048174645940832515
2026-07-02 12:43:00,20171.86,878.05,44653.18,49006.06,49029.94,23.880000000004657,0.0004870493416880513
2026-07-02 12:44:00,20171.27,878.14,44653.58,49006.18,49029.94,23.760000000002037,0.0004846018575589127
2026-07-02 12:45:00,20170.72,877.65,44653.55,49005.92,49029.94,24.020000000004075,0.0004899047398386389
2026-07-02 12:46:00,20170.74,877.42,44653.59,49005.99,49029.935,23.94499999999971,0.0004883751120616356
2026-07-02 12:47:00,20171.22,877.26,44653.66,49006.25,49029.93,23.68000000000029,0.000482970299977999
2026-07-02 12:48:00,20171.53,877.34,44654.05,49006.73,49029.93,23.19999999999709,0.00047318036146486625
2026-07-02 12:49:00,20171.68,877.38,44654.19,49006.91,49029.93,23.0199999999968,0.00046950913452246
2026-07-02 12:50:00,20172.31,877.15,44654.41,49007.38,49029.925,22.54500000000553,0.0004598212214276389
2026-07-02 12:51:00,20172.86,876.84,44654.73,49007.9,49029.92,22.0199999999968,0.0004491135208867728
2026-07-02 12:52:00,20172.85,876.65,44654.67,49007.82,49029.92,22.099999999998545,0.0004507451776384409
2026-07-02 12:53:00,20173.49,876.22,44654.82,49008.21,49029.92,21.709999999999127,0.00044279085097424445
2026-07-02 12:54:00,20174.27,875.73,44654.86,49008.54,49029.915,21.375,0.00043595833278519856
2026-07-02 12:55:00,20175.01,875.26,44655.09,49009.05,49029.91,20.860000000000582,0.00042545458476265976
2026-07-02 12:56:00,20174.9,875.15,44655.04,49008.94,49029.895000000004,20.955000000001746,0.00042739230830499933
2026-07-02 12:57:00,20174.83,875.22,44655.0,49008.89,49029.88,20.989999999997963,0.0004281062894707873
2026-07-02 12:58:00,20175.02,874.71,44655.08,49009.05,49029.86,20.80999999999767,0.0004244352319178083
2026-07-02 12:59:00,20175.3,874.46,44655.44,49009.48,49029.84,20.359999999993306,0.000415257320847739
2026-07-02 13:00:00,20174.86,874.31,44655.29,49009.14,49029.83,20.69000000000233,0.00042198800199801486
2026-07-02 13:01:00,20175.18,873.94,44655.41,49009.4,49029.82,20.419999999998254,0.00041648123529717737
2026-07-02 13:02:00,20175.52,873.51,44655.6,49009.72,49029.815,20.095000000001164,0.00040985265802045474
2026-07-02 13:03:00,20175.58,873.34,44655.78,49009.91,49029.81,19.89999999999418,0.00040587552756158306
2026-07-02 13:04:00,20174.96,873.4,44655.75,49009.61,49029.81,20.19999999999709,0.0004119942541077987
2026-07-02 13:05:00,20174.77,873.6,44655.6,49009.4,49029.81,20.409999999996217,0.0004162773626900903
2026-07-02 13:06:00,20175.3,873.4,44655.57,49009.58,49029.81,20.229999999995925,0.0004126061267623906
2026-07-02 13:07:00,20174.16,873.99,44655.16,49008.74,49029.81,21.06999999999971,0.0004297385610917054
2026-07-02 13:08:00,20172.35,874.7,44654.96,49007.84,49029.805,21.965000000003783,0.0004479928076402462
2026-07-02 13:09:00,20173.21,874.17,44655.28,49008.49,49029.8,21.310000000004948,0.0004346336309755485
2026-07-02 13:10:00,20173.18,873.75,44655.43,49008.61,49029.8,21.19000000000233,0.0004321861398578482
2026-07-02 13:11:00,20172.6,874.19,44655.33,49008.28,49029.8,21.520000000004075,0.0004389167404314126
2026-07-02 13:12:00,20172.3,874.62,44655.25,49008.09,49029.8,21.710000000006403,0.00044279193470106757
2026-07-02 13:13:00,20171.82,874.66,44655.04,49007.7,49029.8,22.10000000000582,0.0004507462808334078
2026-07-02 13:14:00,20172.06,874.49,44655.37,49008.1,49029.79,21.69000000000233,0.00044238410974230827
2026-07-02 13:15:00,20171.87,874.55,44655.28,49007.94,49029.78,21.839999999996508,0.00044544356511484463
2026-07-02 13:16:00,20171.7,874.49,44655.22,49007.81,49029.770000000004,21.960000000006403,0.0004478911485819004
2026-07-02 13:17:00,20171.26,874.57,44655.23,49007.63,49029.76,22.130000000004657,0.00045135852184478685
2026-07-02 13:18:00,20171.01,874.55,44655.28,49007.57,49029.755000000005,22.185000000004948,0.00045248033566565744
2026-07-02 13:19:00,20170.85,874.3,44655.14,49007.38,49029.75,22.37000000000262,0.00045625360112997967
2026-07-02 13:20:00,20170.61,874.14,44654.99,49007.13,49029.744999999995,22.614999999997963,0.0004612506142954234
2026-07-02 13:21:00,20170.7,874.27,44654.97,49007.17,49029.74,22.56999999999971,0.0004603328510410153
2026-07-02 13:22:00,20170.67,874.35,44655.03,49007.2,49029.725,22.525000000001455,0.00045941518130076104
2026-07-02 13:23:00,20169.99,874.68,44654.87,49006.8,49029.71,22.909999999996217,0.0004672677036024936
2026-07-02 13:24:00,20169.5,874.75,44654.76,49006.5,49029.71,23.209999999999127,0.0004733864426283396
2026-07-02 13:25:00,20169.33,874.68,44654.78,49006.45,49029.71,23.260000000002037,0.00047440623246603007
2026-07-02 13:26:00,20169.55,874.39,44654.69,49006.46,49029.705,23.24500000000262,0.0004741003438630238
2026-07-02 13:27:00,20169.93,874.26,44654.82,49006.72,49029.7,22.979999999995925,0.0004686955049693538
2026-07-02 13:28:00,20169.9,874.27,44654.94,49006.8,49029.7,22.89999999999418,0.00046706384089631757
2026-07-02 13:29:00,20169.78,874.18,44654.84,49006.68,49029.7,23.0199999999968,0.0004695113370058719
2026-07-02 13:30:00,20169.98,873.82,44655.04,49006.92,49029.69,22.770000000004075,0.0004644124814985384
2026-07-02 13:31:00,20169.59,873.62,44654.92,49006.66,49029.68,23.0199999999968,0.00046951152852714516
2026-07-02 13:32:00,20169.55,873.48,44655.17,49006.87,49029.68,22.80999999999767,0.000465228408588383
2026-07-02 13:33:00,20169.74,873.49,44655.28,49007.04,49029.68,22.639999999999418,0.0004617611210189301
2026-07-02 13:34:00,20169.36,873.65,44655.23,49006.79,49029.675,22.885000000002037,0.00046675814188044354
2026-07-02 13:35:00,20169.64,874.05,44654.81,49006.58,49029.67,23.089999999996508,0.0004709393312252868
2026-07-02 13:36:00,20171.05,873.64,44655.13,49007.44,49029.665,22.224999999998545,0.00045329699886790056
2026-07-02 13:37:00,20172.03,872.89,44655.53,49008.19,49029.66,21.470000000001164,0.0004378982028429559
2026-07-02 13:38:00,20172.85,872.07,44655.57,49008.55,49029.66,21.110000000000582,0.00043055570852419906
2026-07-02 13:39:00,20173.71,871.5,44656.15,49009.4,49029.66,20.260000000002037,0.00041321926360496966
2026-07-02 13:40:00,20173.75,871.1,44656.18,49009.45,49029.66,20.210000000006403,0.0004121994727274552
2026-07-02 13:41:00,20174.03,870.96,44656.32,49009.7,49029.66,19.960000000006403,0.0004071005183394378
2026-07-02 13:42:00,20173.89,870.74,44656.29,49009.61,49029.66,20.05000000000291,0.00040893614191905283
2026-07-02 13:43:00,20173.71,870.66,44656.41,49009.63,49029.66,20.030000000006112,0.00040852822556807677
2026-07-02 13:44:00,20172.76,871.09,44656.22,49009.08,49029.655,20.57499999999709,0.0004196439889286818
2026-07-02 13:45:00,20172.19,871.18,44656.27,49008.91,49029.65,20.739999999997963,0.0004230093423060936
2026-07-02 13:46:00,20172.24,871.3,44656.47,49009.07,49029.645000000004,20.575000000004366,0.0004196440745186787
2026-07-02 13:47:00,20172.5,870.96,44656.48,49009.2,49029.64,20.44000000000233,0.0004168906808208734
2026-07-02 13:48:00,20171.78,871.03,44656.16,49008.6,49029.630000000005,21.030000000006112,0.00042892430556800267
2026-07-02 13:49:00,20171.89,871.26,44656.33,49008.81,49029.62,20.810000000004948,0.00042443730952850434
2026-07-02 13:50:00,20171.99,871.03,44656.39,49008.91,49029.615000000005,20.705000000001746,0.00042229579000368947
2026-07-02 13:51:00,20171.84,870.87,44656.61,49009.05,49029.61,20.55999999999767,0.00041933843650801366
2026-07-02 13:52:00,20171.17,871.1,44656.7,49008.85,49029.595,20.74500000000262,0.00042311179604895
2026-07-02 13:53:00,20170.97,871.64,44657.03,49009.1,49029.58,20.4800000000032,0.0004177070250245505
2026-07-02 13:54:00,20170.74,871.57,44656.7,49008.7,49029.58,20.880000000004657,0.0004258653653570897
2026-07-02 13:55:00,20170.92,871.65,44656.78,49008.85,49029.58,20.7300000000032,0.00042280598773236893
2026-07-02 13:56:00,20170.78,871.93,44656.73,49008.75,49029.57,20.81999999999971,0.00042464170091640024
2026-07-02 13:57:00,20171.19,871.59,44656.76,49008.93,49029.56,20.62999999999738,0.00042076657428696856
2026-07-02 13:58:00,20170.5,871.77,44656.91,49008.78,49029.555,20.775000000001455,0.0004237240170750368
2026-07-02 13:59:00,20172.16,871.47,44657.24,49009.77,49029.55,19.780000000006112,0.00040343017629176914
2026-07-02 14:00:00,20172.97,870.61,44657.48,49010.3,49029.53,19.229999999995925,0.0003922126114608059
2026-07-02 14:01:00,20173.3,870.45,44657.77,49010.68,49029.51,18.830000000001746,0.00038405441947108476
2026-07-02 14:02:00,20172.82,870.64,44657.62,49010.36,49029.505000000005,19.145000000004075,0.0003904791614764227
2026-07-02 14:03:00,20172.87,870.65,44657.78,49010.54,49029.5,18.959999999999127,0.00038670596273670193
2026-07-02 14:04:00,20173.06,870.69,44657.87,49010.69,49029.5,18.80999999999767,0.00038364658012008426
2026-07-02 14:05:00,20173.06,871.08,44657.91,49010.73,49029.5,18.7699999999968,0.000382830744755643
2026-07-02 14:06:00,20173.92,870.75,44657.91,49011.09,49029.494999999995,18.404999999998836,0.0003753862853369964
2026-07-02 14:07:00,20174.35,870.44,44657.87,49011.21,49029.49,18.279999999998836,0.0003728368375848665
2026-07-02 14:08:00,20174.51,870.46,44658.06,49011.46,49029.485,18.025000000001455,0.00036763592356724644
2026-07-02 14:09:00,20174.75,870.51,44658.37,49011.84,49029.48,17.640000000006694,0.0003597835424729508
2026-07-02 14:10:00,20174.9,870.26,44658.51,49012.02,49029.47,17.450000000004366,0.00035590839550181483
2026-07-02 14:11:00,20175.11,870.08,44658.89,49012.44,49029.46,17.0199999999968,0.0003471382307697617
2026-07-02 14:12:00,20175.05,870.01,44658.77,49012.31,49029.46,17.150000000001455,0.0003497896978673935
2026-07-02 14:13:00,20174.71,870.41,44658.34,49011.79,49029.46,17.669999999998254,0.0003603955662574757
2026-07-02 14:14:00,20175.27,870.51,44658.77,49012.41,49029.455,17.044999999998254,0.0003476481637415356
2026-07-02 14:15:00,20175.59,870.36,44659.07,49012.81,49029.45,16.639999999999418,0.000339387857705918
2026-07-02 14:16:00,20175.39,870.33,44659.11,49012.77,49029.435,16.665000000000873,0.0003398978593165692
2026-07-02 14:17:00,20175.29,870.51,44659.17,49012.8,49029.42,16.619999999995343,0.00033898014702183596
2026-07-02 14:18:00,20175.98,870.08,44659.52,49013.38,49029.415,16.035000000003492,0.0003270485687011255
2026-07-02 14:19:00,20175.8,870.17,44659.57,49013.36,49029.41,16.05000000000291,0.0003273545408766475
2026-07-02 14:20:00,20175.65,870.54,44659.6,49013.33,49029.405,16.07499999999709,0.0003278644723507677
2026-07-02 14:21:00,20175.69,870.87,44659.69,49013.42,49029.4,15.980000000003201,0.0003259268928439508
2026-07-02 14:22:00,20175.33,871.35,44659.61,49013.2,49029.4,16.200000000004366,0.0003304139965001482
2026-07-02 14:23:00,20174.47,871.64,44659.48,49012.73,49029.4,16.669999999998254,0.0003400000815836672
2026-07-02 14:24:00,20174.24,872.22,44659.46,49012.66,49029.4,16.739999999997963,0.00034142779638335287
2026-07-02 14:25:00,20174.24,872.43,44659.49,49012.67,49029.4,16.7300000000032,0.00034122383712636094
2026-07-02 14:26:00,20173.1,872.84,44659.3,49012.04,49029.395000000004,17.3550000000032,0.0003539713267929005
2026-07-02 14:27:00,20173.9,873.34,44659.66,49012.72,49029.39,16.669999999998254,0.0003400001509298454
2026-07-02 14:28:00,20174.0,873.52,44659.58,49012.68,49029.39,16.709999999999127,0.000340815988124656
2026-07-02 14:29:00,20173.92,873.64,44659.55,49012.63,49029.39,16.760000000002037,0.0003418357846182063
2026-07-02 14:30:00,20174.04,873.63,44659.57,49012.71,49029.384999999995,16.674999999995634,0.0003401021652626407
2026-07-02 14:31:00,20174.5,873.63,44659.75,49013.03,49029.38,16.349999999998545,0.0003334735213865349
2026-07-02 14:32:00,20173.9,873.79,44659.66,49012.71,49029.38,16.669999999998254,0.0003400002202760519
2026-07-02 14:33:00,20173.83,874.06,44659.88,49012.89,49029.38,16.489999999997963,0.0003363289521506893
2026-07-02 14:34:00,20174.38,873.87,44659.89,49013.11,49029.38,16.2699999999968,0.0003318418466641185
2026-07-02 14:35:00,20174.85,873.67,44660.07,49013.46,49029.38,15.919999999998254,0.00032470326975373245
2026-07-02 14:36:00,20175.02,873.69,44659.93,49013.42,49029.375,15.955000000001746,0.00032541716063077994
2026-07-02 14:37:00,20174.81,873.79,44659.9,49013.31,49029.37,16.060000000004948,0.00032755876732670536
2026-07-02 14:38:00,20175.05,873.92,44659.99,49013.49,49029.37,15.880000000004657,0.00032388749845255313
2026-07-02 14:39:00,20174.94,874.08,44659.78,49013.27,49029.37,16.10000000000582,0.0003283746048543112
2026-07-02 14:40:00,20175.3,874.19,44660.05,49013.65,49029.365000000005,15.715000000003783,0.00032052220133798963
2026-07-02 14:41:00,20175.57,874.29,44660.24,49013.93,49029.36,15.430000000000291,0.00031470939045503125
2026-07-02 14:42:00,20175.74,874.16,44660.23,49013.99,49029.36,15.37000000000262,0.00031348563391410004
2026-07-02 14:43:00,20175.88,874.32,44660.33,49014.14,49029.36,15.220000000001164,0.00031042624256162355
2026-07-02 14:44:00,20176.11,874.24,44660.43,49014.33,49029.365000000005,15.035000000003492,0.000306652961954606
2026-07-02 14:45:00,20176.52,874.15,44660.41,49014.47,49029.36,14.889999999999418,0.000303695581586205
2026-07-02 14:46:00,20177.06,874.18,44660.4,49014.67,49029.36,14.690000000002328,0.0002996163931163354
2026-07-02 14:47:00,20177.66,874.03,44660.67,49015.17,49029.36,14.190000000002328,0.00028941842194151276
2026-07-02 14:48:00,20177.21,873.74,44660.41,49014.73,49029.36,14.62999999999738,0.00029839263657525575
2026-07-02 14:49:00,20177.32,874.29,44660.64,49015.01,49029.36,14.349999999998545,0.00029268177271737884
2026-07-02 14:50:00,20177.32,874.55,44660.73,49015.1,49029.354999999996,14.25499999999738,0.0002907441878441473
2026-07-02 14:51:00,20177.1,874.65,44660.46,49014.76,49029.35,14.589999999996508,0.00029757685957485685
2026-07-02 14:52:00,20177.14,874.92,44660.49,49014.81,49029.34,14.529999999998836,0.00029635316322836156
2026-07-02 14:53:00,20176.99,874.94,44660.59,49014.85,49029.33,14.480000000003201,0.00029533342593103355
2026-07-02 14:54:00,20176.8,875.0,44660.65,49014.83,49029.33,14.5,0.000295741345027558
2026-07-02 14:55:00,20176.44,875.18,44660.69,49014.71,49029.33,14.62000000000262,0.0002981888596071498
2026-07-02 14:56:00,20176.62,875.61,44660.59,49014.68,49029.325,14.644999999996799,0.00029869878893900334
2026-07-02 14:57:00,20176.72,875.65,44660.47,49014.62,49029.32,14.69999999999709,0.00029982059714466955
2026-07-02 14:58:00,20177.06,875.77,44660.46,49014.76,49029.32,14.559999999997672,0.0002969651628861602
2026-07-02 14:59:00,20177.23,875.56,44660.53,49014.87,49029.32,14.44999999999709,0.0002947216073973102
2026-07-02 15:00:00,20177.73,875.51,44660.48,49015.02,49029.315,14.29500000000553,0.0002915602634873754
2026-07-02 15:01:00,20178.43,875.84,44660.75,49015.55,49029.31,13.759999999994761,0.00028064845293549433
2026-07-02 15:02:00,20179.09,875.82,44660.74,49015.81,49029.31,13.5,0.0002753455025167599
2026-07-02 15:03:00,20179.17,875.77,44660.43,49015.57,49029.31,13.739999999997963,0.00028024053367257186
2026-07-02 15:04:00,20179.76,875.52,44660.58,49015.93,49029.31,13.37999999999738,0.0002728979869387797
2026-07-02 15:05:00,20180.2,875.83,44660.76,49016.28,49029.31,13.029999999998836,0.000265759399836523
2026-07-02 15:06:00,20180.06,876.09,44660.56,49016.06,49029.31,13.25,0.0002702465117294125
2026-07-02 15:07:00,20179.56,876.32,44660.31,49015.64,49029.31,13.669999999998254,0.0002788128162521205
2026-07-02 15:08:00,20179.85,876.32,44660.43,49015.88,49029.31,13.430000000000291,0.00027391778509630853
2026-07-02 15:09:00,20180.3,876.35,44660.44,49016.06,49029.31,13.25,0.0002702465117294125
2026-07-02 15:10:00,20181.11,876.08,44660.56,49016.5,49029.295,12.794999999998254,0.0002609664283363294
2026-07-02 15:11:00,20180.96,875.97,44660.34,49016.23,49029.28,13.049999999995634,0.0002661674819617101
2026-07-02 15:12:00,20180.88,876.3,44660.44,49016.28,49029.28,13.0,0.00026514768318033633
2026-07-02 15:13:00,20180.88,876.67,44660.3,49016.17,49029.28,13.110000000000582,0.0002673912404995664
2026-07-02 15:14:00,20181.18,876.51,44660.19,49016.2,49029.270000000004,13.070000000006985,0.00026657545584519174
2026-07-02 15:15:00,20181.59,876.23,44660.45,49016.6,49029.26,12.660000000003492,0.00025821315679664536
2026-07-02 15:16:00,20182.25,876.13,44660.77,49017.16,49029.26,12.099999999998545,0.0002467914057850056
2026-07-02 15:17:00,20181.92,876.3,44660.58,49016.85,49029.26,12.410000000003492,0.0002531141608093512
2026-07-02 15:18:00,20181.87,876.31,44660.51,49016.77,49029.26,12.490000000005239,0.00025474583952532097
2026-07-02 15:19:00,20181.53,876.37,44660.52,49016.64,49029.26,12.62000000000262,0.00025739731743866046
2026-07-02 15:20:00,20181.05,876.41,44660.46,49016.4,49029.25,12.849999999998545,0.0002620884472024056
2026-07-02 15:21:00,20181.43,876.41,44660.56,49016.65,49029.24,12.589999999996508,0.00025678554266793667
2026-07-02 15:22:00,20181.64,876.42,44660.48,49016.67,49029.235,12.565000000002328,0.00025627566899631064
2026-07-02 15:23:00,20182.5,876.31,44660.7,49017.22,49029.23,12.010000000002037,0.00024495591711315955
2026-07-02 15:24:00,20182.67,876.45,44660.77,49017.36,49029.225000000006,11.865000000005239,0.00024199852231001484
2026-07-02 15:25:00,20182.94,876.14,44660.78,49017.47,49029.22,11.75,0.00023965300692117884
2026-07-02 15:26:00,20183.68,876.11,44661.18,49018.16,49029.215,11.054999999993015,0.0002254778095058837
2026-07-02 15:27:00,20183.87,876.09,44661.15,49018.2,49029.21,11.010000000002037,0.00022456001228659481
2026-07-02 15:28:00,20183.39,876.39,44661.32,49018.16,49029.195,11.034999999996217,0.00022506998126312734
2026-07-02 15:29:00,20183.36,876.46,44661.41,49018.24,49029.18,10.940000000002328,0.00022313242848447248
2026-07-02 15:30:00,20184.44,876.18,44661.79,49019.02,49029.18,10.160000000003492,0.00020722353504593576
2026-07-02 15:31:00,20184.36,876.36,44661.7,49018.91,49029.18,10.269999999996799,0.00020946709694098084
2026-07-02 15:32:00,20184.86,876.38,44661.98,49019.36,49029.175,9.815000000002328,0.00020018692951701366
2026-07-02 15:33:00,20184.37,876.55,44662.06,49019.23,49029.17,9.939999999995052,0.0002027364526055622
2026-07-02 15:34:00,20185.05,876.38,44662.3,49019.72,49029.165,9.444999999999709,0.00019264044166364467
2026-07-02 15:35:00,20185.14,876.57,44662.2,49019.67,49029.16,9.490000000005239,0.00019355828245895377
2026-07-02 15:36:00,20185.63,876.71,44662.57,49020.21,49029.155,8.944999999999709,0.0001824424671402089
2026-07-02 15:37:00,20186.03,876.39,44662.76,49020.54,49029.15,8.610000000000582,0.00017560981579326954
2026-07-02 15:38:00,20185.55,876.69,44662.78,49020.38,49029.135,8.755000000004657,0.00017856729473209463
2026-07-02 15:39:00,20185.78,876.96,44663.09,49020.74,49029.12,8.380000000004657,0.00017091883354228377
2026-07-02 15:40:00,20186.04,877.21,44663.36,49021.12,49029.12,8.0,0.00016316833751044276
2026-07-02 15:41:00,20186.32,877.03,44663.52,49021.35,49029.12,7.7700000000040745,0.00015847724780710065
2026-07-02 15:42:00,20186.39,876.9,44663.42,49021.3,49029.115000000005,7.815000000002328,0.00015939508596070576
2026-07-02 15:43:00,20186.28,877.3,44663.58,49021.41,49029.11,7.69999999999709,0.00015704955688563568
2026-07-02 15:44:00,20187.05,877.34,44664.08,49022.18,49029.104999999996,6.924999999995634,0.00014124263536924924
2026-07-02 15:45:00,20187.02,877.89,44664.16,49022.24,49029.1,6.860000000000582,0.00013991690649023912
2026-07-02 15:46:00,20187.12,877.88,44663.97,49022.12,49029.1,6.9799999999959255,0.00014236443255119768
2026-07-02 15:47:00,20186.47,878.3,44663.96,49021.84,49029.1,7.260000000002037,0.00014807532669378057
2026-07-02 15:48:00,20186.56,878.33,44664.06,49021.98,49029.1,7.119999999995343,0.00014521987962241493
2026-07-02 15:49:00,20187.75,878.34,44664.84,49023.17,49029.1,5.930000000000291,0.00012094857951706825
2026-07-02 15:50:00,20187.48,878.81,44664.79,49023.01,49029.095,6.084999999999127,0.00012410998000267242
2026-07-02 15:51:00,20187.16,878.92,44664.75,49022.84,49029.09,6.25,0.00012747534167980684
2026-07-02 15:52:00,20187.24,878.89,44664.82,49022.94,49029.09,6.149999999994179,0.0001254357362128112
2026-07-02 15:53:00,20187.15,878.87,44664.4,49022.52,49029.09,6.569999999999709,0.000134002079173807
2026-07-02 15:54:00,20187.77,878.84,44664.66,49023.02,49029.085,6.065000000002328,0.0001237020841813044
2026-07-02 15:55:00,20188.03,879.13,44665.37,49023.77,49029.08,5.310000000004948,0.00010830307238081863
2026-07-02 15:56:00,20187.85,879.26,44665.57,49023.87,49029.08,5.209999999999127,0.00010626346649782387
2026-07-02 15:57:00,20188.29,879.64,44665.72,49024.19,49029.08,4.889999999999418,9.973672767262648e-05
2026-07-02 15:58:00,20188.32,880.05,44665.95,49024.43,49029.075,4.644999999996799,9.473970292110955e-05
2026-07-02 15:59:00,20188.04,880.15,44665.99,49024.35,49029.07,4.720000000001164,9.626941730693983e-05
2026-07-02 16:00:00,20188.3,879.87,44665.94,49024.42,49029.07,4.650000000001455,9.484169289773303e-05
2026-07-02 16:01:00,20188.36,880.1,44665.86,49024.37,49029.07,4.69999999999709,9.586149604708165e-05
2026-07-02 16:02:00,20187.72,880.42,44665.83,49024.1,49029.06,4.959999999999127,0.00010116449305777281
2026-07-02 16:03:00,20187.86,880.59,44666.04,49024.34,49029.05,4.710000000006403,9.606549586431723e-05
2026-07-02 16:04:00,20187.62,881.17,44666.2,49024.4,49029.04,4.639999999999418,9.463779017495382e-05
2026-07-02 16:05:00,20187.36,881.45,44666.17,49024.28,49029.03,4.75,9.68813782365264e-05
2026-07-02 16:06:00,20187.02,881.89,44666.48,49024.42,49029.03,4.610000000000582,9.402592708851434e-05
2026-07-02 16:07:00,20186.43,881.92,44666.03,49023.76,49029.03,5.269999999996799,0.00010748733964340716
2026-07-02 16:08:00,20186.72,882.19,44666.31,49024.15,49029.03,4.879999999997381,9.953286858820949e-05
2026-07-02 16:09:00,20186.54,882.28,44666.41,49024.16,49029.03,4.869999999995343,9.932890779188052e-05
2026-07-02 16:10:00,20186.36,882.23,44666.38,49024.06,49029.024999999994,4.9649999999965075,0.00010126654568383745
2026-07-02 16:11:00,20186.34,882.17,44666.46,49024.13,49029.02,4.889999999999418,9.973684972694576e-05
2026-07-02 16:12:00,20186.41,882.01,44666.53,49024.22,49029.02,4.799999999995634,9.790120218588164e-05
2026-07-02 16:13:00,20185.96,882.54,44666.37,49023.9,49029.02,5.119999999995343,0.00010442794899827376
2026-07-02 16:14:00,20186.33,882.46,44666.79,49024.42,49029.015,4.595000000001164,9.372001456690827e-05
2026-07-02 16:15:00,20186.43,882.19,44666.6,49024.3,49029.01,4.709999999999127,9.606557423858093e-05
2026-07-02 16:16:00,20187.51,882.1,44667.28,49025.36,49029.01,3.650000000001455,7.444572101295652e-05
2026-07-02 16:17:00,20186.92,882.28,44667.13,49024.98,49029.01,4.029999999998836,8.219623443342697e-05
2026-07-02 16:18:00,20186.68,882.31,44666.9,49024.67,49029.005000000005,4.335000000006403,8.841705027475883e-05
2026-07-02 16:19:00,20186.69,882.57,44666.99,49024.76,49029.0,4.239999999997963,8.647943054106677e-05
2026-07-02 16:20:00,20186.41,882.7,44667.17,49024.81,49028.994999999995,4.184999999997672,8.535765417989237e-05
2026-07-02 16:21:00,20186.93,882.89,44667.43,49025.26,49028.99,3.7299999999959255,7.607743908238626e-05
2026-07-02 16:22:00,20186.66,883.02,44667.13,49024.86,49028.96,4.099999999998545,8.362404587000305e-05
2026-07-02 16:23:00,20186.7,883.41,44667.34,49025.1,49028.93,3.8300000000017462,7.811714430646857e-05
2026-07-02 16:24:00,20187.45,883.69,44667.65,49025.68,49028.92,3.2399999999979627,6.608344625983935e-05
2026-07-02 16:25:00,20187.34,883.76,44667.56,49025.56,49028.91,3.3500000000058208,6.832703398884087e-05
2026-07-02 16:26:00,20186.84,883.36,44667.49,49025.28,49028.91,3.6300000000046566,7.403795026250137e-05
2026-07-02 16:27:00,20187.48,883.42,44667.65,49025.71,49028.91,3.2000000000043656,6.526761455648035e-05
2026-07-02 16:28:00,20188.46,883.21,44668.21,49026.61,49028.905,2.2949999999982538,4.680912208825088e-05
2026-07-02 16:29:00,20188.26,883.51,44668.16,49026.5,49028.9,2.400000000001455,4.895072090137562e-05
2026-07-02 16:30:00,20187.33,883.94,44668.19,49026.15,49028.89,2.7399999999979627,5.588541776079293e-05
2026-07-02 16:31:00,20187.64,883.98,44668.44,49026.5,49028.88,2.3799999999973807,4.854281802883078e-05
2026-07-02 16:32:00,20188.03,884.02,44668.61,49026.82,49028.88,2.0599999999976717,4.201605257957497e-05
2026-07-02 16:33:00,20188.43,884.15,44668.69,49027.04,49028.88,1.8399999999965075,3.752890133318378e-05
2026-07-02 16:34:00,20188.63,884.31,44668.79,49027.21,49028.854999999996,1.6449999999967986,3.355167074566189e-05
2026-07-02 16:35:00,20189.02,884.64,44668.94,49027.53,49028.83,1.3000000000029104,2.6515011677882388e-05
2026-07-02 16:36:00,20188.62,885.21,44668.74,49027.18,49028.825,1.6449999999967986,3.3551691275424175e-05
2026-07-02 16:37:00,20188.47,885.61,44668.87,49027.23,49028.82,1.5899999999965075,3.2429905512645576e-05
2026-07-02 16:38:00,20188.19,885.35,44669.16,49027.36,49028.805,1.444999999999709,2.94724703161684e-05
2026-07-02 16:39:00,20187.55,885.46,44669.11,49027.06,49028.79,1.7300000000032014,3.528539048186181e-05
2026-07-02 16:40:00,20187.77,885.14,44669.27,49027.28,49028.78,1.5,3.059427544393314e-05
2026-07-02 16:41:00,20188.82,885.1,44669.6,49028.03,49028.77,0.7399999999979627,1.5093178964064624e-05
2026-07-02 16:42:00,20189.21,885.76,44669.37,49027.98,49028.765,0.7849999999962165,1.6011009047366714e-05
2026-07-02 16:43:00,20189.19,886.33,44669.45,49028.07,49028.76,0.6900000000023283,1.4073372445118504e-05
2026-07-02 16:44:00,20188.73,886.2,44669.44,49027.87,49028.755000000005,0.8850000000020373,1.8050631716062078e-05
2026-07-02 16:45:00,20188.76,886.12,44669.62,49028.05,49028.75,0.6999999999970896,1.4277337276538553e-05
2026-07-02 16:46:00,20188.79,886.24,44669.83,49028.25,49028.75,0.5,1.0198098054712797e-05
2026-07-02 16:47:00,20188.18,886.41,44669.78,49027.96,49028.75,0.7900000000008731,1.6112994926464028e-05
2026-07-02 16:48:00,20187.58,886.6,44669.72,49027.66,49028.729999999996,1.069999999992433,2.1823938739437737e-05
2026-07-02 16:49:00,20188.13,886.8,44669.63,49027.8,49028.71,0.9099999999962165,1.8560553602087768e-05
2026-07-02 16:50:00,20188.56,887.27,44669.66,49028.03,49028.71,0.680000000000291,1.3869424669755559e-05
2026-07-02 16:51:00,20188.55,887.16,44669.81,49028.14,49028.71,0.569999999999709,1.162584126728419e-05
2026-07-02 16:52:00,20188.0,887.21,44669.66,49027.79,49028.68,0.8899999999994179,1.8152640454513928e-05
2026-07-02 16:53:00,20187.5,887.49,44669.73,49027.66,49028.65,0.9899999999979627,2.0192275332850543e-05
2026-07-02 16:54:00,20186.73,887.92,44669.63,49027.25,49028.64,1.389999999999418,2.8350776199368734e-05
2026-07-02 16:55:00,20187.01,887.9,44669.97,49027.68,49028.63,0.9499999999970896,1.937643372856002e-05
2026-07-02 16:56:00,20187.05,888.05,44669.89,49027.63,49028.615,0.9850000000005821,2.0090308486188772e-05
2026-07-02 16:57:00,20187.12,888.16,44669.81,49027.58,49028.6,1.0199999999967986,2.0804183680480344e-05
2026-07-02 16:58:00,20187.03,888.27,44669.84,49027.57,49028.59,1.0199999999967986,2.0804187923756295e-05
2026-07-02 16:59:00,20187.67,888.18,44670.19,49028.15,49028.58,0.43000000000029104,8.770394737116413e-06
2026-07-02 17:00:00,20188.06,888.35,44670.21,49028.32,49028.575,0.25499999999738066,5.201048572131266e-06
2026-07-02 17:01:00,20188.72,888.74,44670.14,49028.54,49028.57,0.029999999998835847,6.118881296932758e-07
2026-07-02 17:02:00,20189.54,888.93,44670.3,49029.02,49028.565,0.45499999999447027,9.280304247013353e-06
2026-07-02 17:03:00,20189.39,889.11,44670.34,49028.99,49028.56,0.43000000000029104,8.770398314784099e-06
2026-07-02 17:04:00,20189.17,889.16,44670.3,49028.88,49028.555,0.3249999999970896,6.628790099914012e-06
2026-07-02 17:05:00,20188.86,889.62,44670.11,49028.58,49028.55,0.029999999998835847,6.118883792980997e-07
2026-07-02 17:06:00,20189.32,889.88,44670.42,49029.05,49028.545,0.5050000000046566,1.0300122102433524e-05
2026-07-02 17:07:00,20189.41,890.18,44670.51,49029.17,49028.54,0.6299999999973807,1.2849658586557556e-05
2026-07-02 17:08:00,20189.37,890.28,44670.5,49029.16,49028.54,0.6200000000026193,1.2645695751956295e-05
2026-07-02 17:09:00,20189.22,890.42,44670.85,49029.41,49028.54,0.8700000000026193,1.7744766619659065e-05
2026-07-02 17:10:00,20188.73,890.31,44670.82,49029.18,49028.515,0.6650000000008731,1.3563535424250013e-05
2026-07-02 17:11:00,20188.92,890.49,44670.95,49029.37,49028.49,0.8800000000046566,1.7948747758796094e-05
2026-07-02 17:12:00,20189.28,890.49,44671.08,49029.64,49028.485,1.1549999999988358,2.3557733835725003e-05
2026-07-02 17:13:00,20189.4,890.76,44671.07,49029.68,49028.48,1.1999999999970896,2.447557011755391e-05
2026-07-02 17:14:00,20189.74,890.92,44671.4,49030.14,49028.48,1.6599999999962165,3.385787199595452e-05
2026-07-02 17:15:00,20189.6,890.81,44671.55,49030.2,49028.48,1.7199999999938882,3.5081650501787695e-05
2026-07-02 17:16:00,20189.85,890.56,44671.62,49030.37,49028.46000000001,1.9099999999962165,3.895696499535609e-05
2026-07-02 17:17:00,20190.26,890.82,44671.85,49030.74,49028.44,2.2999999999956344,4.691154766489887e-05
2026-07-02 17:18:00,20190.26,891.08,44671.86,49030.75,49028.425,2.3249999999970896,4.742147030007775e-05
2026-07-02 17:19:00,20190.21,890.86,44671.9,49030.76,49028.41,2.349999999998545,4.793139324727326e-05
2026-07-02 17:20:00,20190.36,891.07,44671.93,49030.87,49028.380000000005,2.4899999999979627,5.078691158055727e-05
2026-07-02 17:21:00,20190.02,891.31,44672.1,49030.89,49028.35,2.540000000000873,5.1806760782299895e-05
2026-07-02 17:22:00,20189.53,891.38,44672.33,49030.9,49028.35,2.5500000000029104,5.2010724407468546e-05
2026-07-02 17:23:00,20189.27,890.88,44672.2,49030.65,49028.35,2.3000000000029104,4.691163377929117e-05
2026-07-02 17:24:00,20190.02,890.96,44672.54,49031.27,49028.335,2.9349999999976717,5.9863342289671304e-05
2026-07-02 17:25:00,20190.19,891.15,44672.74,49031.54,49028.32,3.220000000001164,6.567632747769379e-05
2026-07-02 17:26:00,20190.88,891.04,44672.6,49031.68,49028.285,3.3949999999967986,6.924574253406576e-05
2026-07-02 17:27:00,20192.05,891.24,44673.03,49032.55,49028.25,4.30000000000291,8.770453769006462e-05
2026-07-02 17:28:00,20192.15,891.6,44672.99,49032.57,49028.240000000005,4.32999999999447,8.83164478266907e-05
2026-07-02 17:29:00,20191.95,891.69,44673.14,49032.63,49028.23,4.399999999994179,8.97442147104674e-05
2026-07-02 17:30:00,20191.78,891.63,44673.32,49032.72,49028.225000000006,4.494999999995343,9.168188324164995e-05
2026-07-02 17:31:00,20192.13,891.4,44673.47,49033.0,49028.22,4.779999999998836,9.74948713210236e-05
2026-07-02 17:32:00,20192.72,891.53,44673.65,49033.4,49028.19,5.209999999999127,0.0001062653954796032
2026-07-02 17:33:00,20193.29,891.67,44673.81,49033.78,49028.16,5.619999999995343,0.00011462800154024428
2026-07-02 17:34:00,20193.04,891.83,44673.58,49033.46,49028.155,5.305000000000291,0.00010820313348524519
2026-07-02 17:35:00,20192.87,892.03,44673.86,49033.66,49028.15,5.510000000002037,0.00011238441589172827
2026-07-02 17:36:00,20191.8,892.27,44673.74,49033.1,49028.145000000004,4.95499999999447,0.0001010643988263164
2026-07-02 17:37:00,20191.63,892.43,44674.05,49033.32,49028.14,5.180000000000291,0.00010565361035520195
2026-07-02 17:38:00,20191.93,892.32,44674.42,49033.78,49028.104999999996,5.67500000000291,0.00011574993567470966
2026-07-02 17:39:00,20192.28,892.28,44674.54,49034.04,49028.07,5.970000000001164,0.00012176697960986766
2026-07-02 17:40:00,20193.12,892.32,44674.59,49034.41,49028.07,6.3400000000037835,0.00012931367683867187
2026-07-02 17:41:00,20193.17,892.62,44674.52,49034.38,49028.07,6.309999999997672,0.0001287017824686485
2026-07-02 17:42:00,20193.1,892.63,44674.42,49034.26,49028.065,6.194999999999709,0.00012635620027018625
2026-07-02 17:43:00,20193.82,892.94,44674.57,49034.71,49028.06,6.650000000001455,0.00013563661299267104
2026-07-02 17:44:00,20194.07,893.08,44674.6,49034.82,49028.055,6.764999999999418,0.00013798222262742052
2026-07-02 17:45:00,20193.82,892.87,44674.6,49034.71,49028.05,6.6599999999962165,0.00013584060553083828
2026-07-02 17:46:00,20193.62,893.23,44674.54,49034.58,49028.04,6.540000000000873,0.00013339305426039616
2026-07-02 17:47:00,20193.76,893.67,44674.99,49035.07,49028.03,7.040000000000873,0.00014359132928655043
2026-07-02 17:48:00,20193.41,893.52,44674.58,49034.54,49028.03,6.510000000002037,0.00013278118659880965
2026-07-02 17:49:00,20193.63,893.55,44674.63,49034.68,49028.03,6.650000000001455,0.0001356366959880186
2026-07-02 17:50:00,20193.94,893.7,44674.86,49035.02,49028.024999999994,6.995000000002619,0.0001426735015331052
2026-07-02 17:51:00,20193.89,893.83,44674.83,49034.98,49028.02,6.960000000006403,0.0001419596385904714
2026-07-02 17:52:00,20193.41,894.48,44674.69,49034.66,49028.005,6.655000000006112,0.0001357387476811694
2026-07-02 17:53:00,20192.9,894.55,44674.53,49034.33,49027.99,6.3400000000037835,0.00012931388784251168
2026-07-02 17:54:00,20193.09,894.52,44674.57,49034.44,49027.985,6.455000000001746,0.00013165950018141162
2026-07-02 17:55:00,20192.49,894.6,44674.43,49034.05,49027.98,6.069999999999709,0.00012380685477965254
2026-07-02 17:56:00,20192.31,894.73,44674.72,49034.24,49027.975000000006,6.264999999992142,0.00012778418851670177
2026-07-02 17:57:00,20192.23,894.76,44674.66,49034.17,49027.97,6.19999999999709,0.00012645842770967448
2026-07-02 17:58:00,20192.33,894.85,44674.62,49034.17,49027.965,6.205000000001746,0.0001265604232197226
2026-07-02 17:59:00,20192.24,894.51,44674.6,49034.11,49027.96,6.150000000001455,0.00012543862726496177
2026-07-02 18:00:00,20192.14,894.65,44674.34,49033.84,49027.93,5.9099999999962165,0.00012054353508288473
2026-07-02 18:01:00,20192.48,894.53,44674.41,49034.04,49027.9,6.139999999999418,0.0001252348152786356
2026-07-02 18:02:00,20192.89,894.52,44674.31,49034.12,49027.895000000004,6.224999999998545,0.00012696853495338815
2026-07-02 18:03:00,20192.62,894.79,44674.23,49033.92,49027.89,6.029999999998836,0.0001229912198954276
2026-07-02 18:04:00,20192.15,894.53,44674.2,49033.71,49027.89,5.819999999999709,0.00011870794358067845
2026-07-02 18:05:00,20192.2,894.24,44674.29,49033.8,49027.89,5.9100000000034925,0.00012054363342994146
2026-07-02 18:06:00,20192.32,893.99,44674.25,49033.8,49027.884999999995,5.915000000008149,0.00012064562850321098
2026-07-02 18:07:00,20192.74,894.09,44674.1,49033.85,49027.88,5.970000000001164,0.00012176745149904838
2026-07-02 18:08:00,20192.8,894.26,44674.05,49033.82,49027.875,5.944999999999709,0.00012125754991420103
2026-07-02 18:09:00,20192.56,894.4,44673.78,49033.49,49027.87,5.619999999995343,0.00011462867956522164
2026-07-02 18:10:00,20192.42,894.31,44673.59,49033.24,49027.854999999996,5.385000000002037,0.00010983552105230869
2026-07-02 18:11:00,20192.28,894.29,44673.09,49032.74,49027.84,4.900000000001455,9.994321593611824e-05
2026-07-02 18:12:00,20191.84,894.9,44672.57,49032.08,49027.82,4.260000000002037,8.68894435853366e-05
2026-07-02 18:13:00,20192.37,894.48,44673.1,49032.79,49027.8,4.989999999997963,0.00010177899069503348
2026-07-02 18:14:00,20193.04,894.61,44673.36,49033.31,49027.8,5.509999999994761,0.0001123852181822305
2026-07-02 18:15:00,20193.54,894.38,44673.43,49033.56,49027.8,5.759999999994761,0.0001174843660126451
2026-07-02 18:16:00,20193.79,894.55,44673.41,49033.65,49027.795,5.855000000003201,0.00011942205436738898
2026-07-02 18:17:00,20193.62,894.71,44673.31,49033.48,49027.79,5.690000000002328,0.00011605662829187953
2026-07-02 18:18:00,20193.26,894.62,44673.1,49033.14,49027.735,5.404999999998836,0.00011024372225228915
2026-07-02 18:19:00,20192.99,894.47,44672.78,49032.74,49027.68,5.059999999997672,0.00010320700469607518
2026-07-02 18:20:00,20193.62,894.53,44672.99,49033.2,49027.67,5.529999999998836,0.00011279344908699181
2026-07-02 18:21:00,20194.11,894.58,44672.89,49033.31,49027.66,5.649999999994179,0.00011524107004075208
2026-07-02 18:22:00,20194.11,894.71,44672.52,49032.97,49027.66,5.309999999997672,0.00010830620918880631
2026-07-02 18:23:00,20194.21,894.94,44672.21,49032.74,49027.66,5.07999999999447,0.00010361497978884716
2026-07-02 18:24:00,20194.91,895.04,44672.58,49033.36,49027.655,5.705000000001746,0.00011636289763403422
2026-07-02 18:25:00,20194.74,894.97,44672.41,49033.12,49027.65,5.470000000001164,0.00011156969587571838
2026-07-02 18:26:00,20194.58,895.32,44672.21,49032.89,49027.64,5.25,0.00010708245389743418
2026-07-02 18:27:00,20195.28,895.72,44672.39,49033.34,49027.63,5.709999999999127,0.00011646494027957556
2026-07-02 18:28:00,20195.27,896.01,44672.28,49033.22,49027.604999999996,5.615000000005239,0.00011452731578475513
2026-07-02 18:29:00,20195.19,896.1,44672.06,49030.43,49027.58,2.849999999998545,5.813054611299486e-05
2026-07-02 18:30:00,20195.11,896.15,44670.84,49030.98,49027.575,3.405000000006112,6.945071217587474e-05
2026-07-02 18:31:00,20195.29,895.88,44670.63,49032.43,49027.57,4.860000000000582,9.912789885365687e-05
2026-07-02 18:32:00,20195.73,896.13,44670.66,49032.56,49027.57,4.989999999997963,0.00010177946816450341
2026-07-02 18:33:00,20196.0,896.27,44670.64,49032.63,49027.57,5.059999999997672,0.00010320723625498208
2026-07-02 18:34:00,20196.04,896.4,44670.63,49032.27,49027.555,4.7149999999965075,9.617040866093583e-05
2026-07-02 18:35:00,20196.44,896.69,44671.82,49027.28,49027.54,0.26000000000203727,5.303141866837236e-06
2026-07-02 18:36:00,20196.34,896.5,44672.11,49033.52,49027.535,5.984999999993306,0.0001220742588831624
2026-07-02 18:37:00,20196.36,896.55,44672.14,49033.56,49027.53,6.029999999998836,0.00012299212299699447
2026-07-02 18:38:00,20196.3,896.66,44672.01,49033.42,49027.53,5.889999999999418,0.00012013658448629613
2026-07-02 18:39:00,20196.37,897.01,44672.11,49033.56,49027.53,6.029999999998836,0.00012299212299699447
2026-07-02 18:40:00,20195.84,897.36,44672.01,49033.25,49027.5,5.75,0.00011728111774004385
2026-07-02 18:41:00,20195.77,897.18,44671.95,49033.18,49027.47,5.709999999999127,0.00011646532036018025
2026-07-02 18:42:00,20196.23,897.3,44672.01,49033.42,49027.415,6.004999999997381,0.0001224824927032637
2026-07-02 18:43:00,20196.15,897.79,44671.92,49033.31,49027.36,5.94999999999709,0.00012136080751639676
2026-07-02 18:44:00,20196.13,898.2,44671.7,49033.12,49027.335,5.7850000000034925,0.00011799539991320133
2026-07-02 18:45:00,20196.53,898.51,44671.78,49033.35,49027.31,6.040000000000873,0.00012319664285070654
2026-07-02 18:46:00,20196.46,898.36,44671.53,49033.1,49027.31,5.790000000000873,0.00011809744405721777
2026-07-02 18:47:00,20196.32,898.64,44671.67,49033.17,49027.31,5.860000000000582,0.00011952521971938868
2026-07-02 18:48:00,20195.79,898.53,44671.43,49032.73,49027.295,5.435000000004948,0.00011085661568734208
2026-07-02 18:49:00,20195.9,898.27,44671.61,49032.93,49027.28,5.650000000001455,0.00011524196324987753
2026-07-02 18:50:00,20196.38,898.51,44671.68,49033.19,49027.28,5.9100000000034925,0.00012054513324017756
2026-07-02 18:51:00,20196.15,898.66,44671.71,49033.13,49027.28,5.849999999998545,0.00011932132478078623
2026-07-02 18:52:00,20195.54,898.92,44671.59,49032.77,49027.265,5.504999999997381,0.00011228446049351071
2026-07-02 18:53:00,20194.79,898.94,44671.42,49032.31,49027.25,5.059999999997672,0.00010320790988680115
2026-07-02 18:54:00,20194.14,898.47,44671.44,49032.06,49027.240000000005,4.819999999992433,9.831269310677967e-05
2026-07-02 18:55:00,20194.07,898.33,44671.58,49032.16,49027.23,4.930000000000291,0.00010055636428980977
2026-07-02 18:56:00,20194.02,898.58,44671.47,49032.04,49027.22,4.819999999999709,9.8312733212279e-05
2026-07-02 18:57:00,20194.04,899.06,44671.52,49032.12,49027.21,4.9100000000034925,0.00010014846857497077
2026-07-02 18:58:00,20193.6,899.22,44671.26,49031.69,49027.195,4.495000000002619,9.168380936340778e-05
2026-07-02 18:59:00,20193.44,898.98,44671.1,49031.47,49027.18,4.290000000000873,8.750248331641496e-05
2026-07-02 19:00:00,20193.75,899.19,44671.13,49031.63,49027.130000000005,4.499999999992724,9.178591526758192e-05
2026-07-02 19:01:00,20193.97,899.54,44670.95,49031.57,49027.08,4.489999999997963,9.158203996644227e-05
2026-07-02 19:02:00,20194.47,899.94,44671.01,49031.85,49027.07,4.779999999998836,9.749715820257739e-05
2026-07-02 19:03:00,20194.42,899.62,44671.02,49031.82,49027.06,4.760000000002037,9.708924010540379e-05
2026-07-02 19:04:00,20194.44,899.68,44671.11,49031.91,49027.05,4.860000000000582,9.9128950242786e-05
2026-07-02 19:05:00,20194.53,899.7,44670.92,49031.77,49027.04,4.7299999999959255,9.647737248660995e-05
2026-07-02 19:06:00,20194.98,899.28,44670.94,49031.97,49026.965,5.005000000004657,0.00010208667821890784
2026-07-02 19:07:00,20195.27,899.33,44670.94,49032.07,49026.89,5.180000000000291,0.00010565630412209077
2026-07-02 19:08:00,20195.6,899.4,44670.95,49032.22,49026.854999999996,5.365000000005239,0.0001094298216764106
2026-07-02 19:09:00,20195.95,899.59,44670.93,49032.35,49026.82,5.529999999998836,0.00011279540463768272
2026-07-02 19:10:00,20195.84,899.36,44670.71,49032.1,49026.8,5.299999999995634,0.00010810413896064263
2026-07-02 19:11:00,20195.69,899.22,44670.7,49032.02,49026.78,5.239999999997963,0.00010688036212041588
2026-07-02 19:12:00,20195.88,899.4,44670.88,49032.27,49026.695,5.57499999999709,0.00011371355952093222
2026-07-02 19:13:00,20195.69,899.41,44670.85,49032.15,49026.61,5.540000000000873,0.00011299985864820906
2026-07-02 19:14:00,20195.67,898.92,44670.72,49032.04,49026.6,5.440000000002328,0.00011096017264102198
2026-07-02 19:15:00,20196.47,898.86,44670.84,49032.47,49026.59,5.880000000004657,0.00011993491695026427
2026-07-02 19:16:00,20197.5,899.44,44670.79,49032.85,49026.545,6.305000000000291,0.00012860380024740253
2026-07-02 19:17:00,20197.93,900.07,44670.55,49032.81,49026.5,6.309999999997672,0.00012870590394985714
2026-07-02 19:18:00,20198.05,900.3,44670.2,49032.55,49026.5,6.05000000000291,0.00012340264958752737
2026-07-02 19:19:00,20198.03,900.03,44670.06,49032.42,49026.5,5.919999999998254,0.00012075102240621406
2026-07-02 19:20:00,20198.33,899.93,44670.43,49032.88,49026.425,6.45499999999447,0.00013166368953058418
2026-07-02 19:21:00,20198.41,899.79,44670.41,49032.88,49026.35,6.529999999998836,0.00013319368054115464
2026-07-02 19:22:00,20198.33,899.39,44670.52,49032.94,49026.25,6.690000000002328,0.00013645751000744148
2026-07-02 19:23:00,20198.07,899.5,44670.21,49032.56,49026.15,6.4099999999962165,0.00013074655056528436
2026-07-02 19:24:00,20198.02,899.73,44670.6,49032.89,49026.075,6.815000000002328,0.0001390076607193688
2026-07-02 19:25:00,20197.59,899.62,44670.39,49032.51,49026.0,6.510000000002037,0.00013278668461636758
2026-07-02 19:26:00,20197.36,899.46,44670.28,49032.32,49025.97,6.349999999998545,0.00012952318944425871
2026-07-02 19:27:00,20197.51,899.72,44670.57,49032.67,49025.94,6.7299999999959255,0.00013727426745914356
2026-07-02 19:28:00,20197.02,900.08,44670.49,49032.38,49025.94,6.439999999995052,0.00013135903156563753
2026-07-02 19:29:00,20196.85,900.22,44670.4,49032.24,49025.94,6.299999999995634,0.0001285034004446551
2026-07-02 19:30:00,20196.93,900.19,44670.64,49032.5,49025.825,6.67500000000291,0.00013615273174909164
2026-07-02 19:31:00,20196.32,900.0,44670.2,49031.83,49025.71,6.120000000002619,0.00012483246035605846
2026-07-02 19:32:00,20196.12,900.3,44670.33,49031.89,49025.695,6.194999999999709,0.00012636230858123907
2026-07-02 19:33:00,20196.4,900.23,44670.59,49032.24,49025.68,6.559999999997672,0.0001338074250066021
2026-07-02 19:34:00,20196.83,900.29,44670.68,49032.49,49025.619999999995,6.870000000002619,0.00014013081323607167
2026-07-02 19:35:00,20196.83,899.89,44670.46,49032.31,49025.56,6.75,0.0001376832819451731
2026-07-02 19:36:00,20196.49,899.67,44670.51,49032.19,49025.475,6.7150000000037835,0.00013696960610792212
2026-07-02 19:37:00,20196.36,899.85,44670.61,49032.24,49025.39,6.849999999998545,0.00013972351877258998
2026-07-02 19:38:00,20196.52,899.9,44670.64,49032.34,49025.375,6.9649999999965075,0.00014206928554848399
2026-07-02 19:39:00,20196.78,899.52,44670.86,49032.64,49025.36,7.279999999998836,0.00014849457505256128
2026-07-02 19:40:00,20197.13,899.87,44670.93,49032.85,49025.32,7.529999999998836,0.00015359410198645997
2026-07-02 19:41:00,20196.85,899.94,44670.57,49032.4,49025.28,7.120000000002619,0.00014523119500801666
2026-07-02 19:42:00,20197.22,899.86,44670.55,49032.53,49025.270000000004,7.259999999994761,0.000148086894778851
2026-07-02 19:43:00,20197.58,899.85,44670.63,49032.75,49025.26,7.489999999997963,0.00015277838404116495
2026-07-02 19:44:00,20197.45,899.75,44670.44,49032.55,49025.2,7.350000000005821,0.00014992289679605225
2026-07-02 19:45:00,20197.51,899.55,44670.67,49032.77,49025.14,7.629999999997381,0.00015563443572006895
2026-07-02 19:46:00,20197.69,899.4,44670.68,49032.83,49025.119999999995,7.710000000006403,0.00015726631571746084
2026-07-02 19:47:00,20198.36,899.66,44671.07,49033.47,49025.1,8.37000000000262,0.00017072887153728641
2026-07-02 19:48:00,20198.3,899.46,44670.68,49033.08,49025.04,8.040000000000873,0.0001639978264168856
2026-07-02 19:49:00,20198.59,899.5,44670.57,49033.11,49024.98,8.12999999999738,0.00016583382593929422
2026-07-02 19:50:00,20198.95,899.28,44670.79,49033.46,49024.935,8.525000000001455,0.00017389110255835026
2026-07-02 19:51:00,20199.22,899.47,44670.76,49033.55,49024.89,8.660000000003492,0.00017664496544517473
2026-07-02 19:52:00,20199.19,899.85,44670.84,49033.61,49024.89,8.720000000001164,0.000177868833565994
2026-07-02 19:53:00,20199.05,900.0,44670.81,49033.53,49024.89,8.639999999999418,0.00017623700940480272
2026-07-02 19:54:00,20199.2,900.05,44670.8,49033.57,49024.875,8.694999999999709,0.00017735894278159218
2026-07-02 19:55:00,20199.4,899.83,44670.91,49033.75,49024.86,8.889999999999418,0.00018133657087443837
2026-07-02 19:56:00,20198.78,900.27,44670.77,49033.36,49024.845,8.514999999999418,0.00017368744358089083
2026-07-02 19:57:00,20198.41,900.6,44670.73,49033.19,49024.83,8.360000000000582,0.000170525833541913
2026-07-02 19:58:00,20198.34,900.68,44670.89,49033.31,49024.82,8.489999999997963,0.0001731775863735545
2026-07-02 19:59:00,20197.79,900.75,44670.79,49032.98,49024.81,8.17000000000553,0.0001666503144021472
2026-07-02 20:00:00,20197.6,900.81,44670.81,49032.93,49024.785,8.144999999996799,0.00016614045324210596
2026-07-02 20:01:00,20197.61,900.69,44670.9,49033.01,49024.76,8.25,0.0001682823128557896
2026-07-02 20:02:00,20197.98,900.42,44671.32,49033.53,49024.715,8.815000000002328,0.0001798072666001695
2026-07-02 20:03:00,20197.87,900.58,44671.25,49033.44,49024.67,8.770000000004075,0.0001788895264364671
2026-07-02 20:04:00,20198.21,900.87,44671.25,49033.6,49024.55,9.049999999995634,0.00018460138848792358
2026-07-02 20:05:00,20198.02,900.77,44671.16,49033.43,49024.43,9.0,0.0001835819406773317
2026-07-02 20:06:00,20198.08,900.62,44671.08,49033.39,49024.425,8.964999999996508,0.000182868029558664
2026-07-02 20:07:00,20197.64,900.51,44670.85,49033.0,49024.42,8.580000000001746,0.00017501481914526976
2026-07-02 20:08:00,20197.61,900.48,44671.21,49033.32,49024.42,8.900000000001455,0.0001815421783674637
2026-07-02 20:09:00,20197.86,900.45,44671.31,49033.52,49024.42,9.099999999998545,0.00018562177788127926
2026-07-02 20:10:00,20198.06,900.23,44671.31,49033.59,49024.42,9.169999999998254,0.00018704963771112957
2026-07-02 20:11:00,20197.96,899.98,44671.17,49033.4,49024.42,8.980000000003201,0.0001831740181730493
2026-07-02 20:12:00,20198.24,900.03,44671.17,49033.53,49024.41,9.119999999995343,0.0001860297757789506
2026-07-02 20:13:00,20198.37,900.18,44671.21,49033.62,49024.4,9.220000000001164,0.00018806961431452836
2026-07-02 20:14:00,20198.42,899.93,44671.28,49033.7,49024.385,9.314999999995052,0.00019000748301064975
2026-07-02 20:15:00,20198.36,899.82,44671.27,49033.67,49024.37,9.299999999995634,0.00018970157087170388
2026-07-02 20:16:00,20198.12,899.67,44671.02,49033.34,49024.36,8.979999999995925,0.0001831742423561659
2026-07-02 20:17:00,20198.3,899.56,44671.12,49033.51,49024.35,9.160000000003492,0.00018684592452533266
2026-07-02 20:18:00,20198.3,899.64,44671.17,49033.55,49024.345,9.205000000001746,0.00018776385487662806
2026-07-02 20:19:00,20198.43,899.39,44671.09,49033.53,49024.35,9.180000000000291,0.00018725388505916532
2026-07-02 20:20:00,20198.24,899.72,44670.88,49033.26,49024.36,8.900000000001455,0.00018154240055355043
2026-07-02 20:21:00,20198.14,900.22,44670.78,49033.12,49024.37,8.75,0.00017848266076647186
2026-07-02 20:22:00,20198.14,900.05,44670.9,49033.23,49024.385,8.845000000001164,0.00018042041730867534
2026-07-02 20:23:00,20197.72,900.01,44670.53,49032.72,49024.4,8.319999999999709,0.000169711409012649
2026-07-02 20:24:00,20197.87,900.87,44670.48,49032.76,49024.41,8.349999999998545,0.00017032331444679383
2026-07-02 20:25:00,20198.15,900.95,44670.35,49032.75,49024.42,8.330000000001746,0.00016991531975292612
2026-07-02 20:26:00,20198.14,900.43,44670.2,49032.6,49024.42,8.180000000000291,0.00016685562011749025
2026-07-02 20:27:00,20198.05,900.86,44670.27,49032.63,49024.42,8.209999999999127,0.00016746756004454774
2026-07-02 20:28:00,20198.14,901.25,44670.24,49032.66,49024.42,8.240000000005239,0.00016807949997175366
2026-07-02 20:29:00,20198.24,900.94,44670.33,49032.76,49024.42,8.340000000003783,0.00017011929972866142
2026-07-02 20:30:00,20198.05,900.45,44670.0,49032.4,49024.425,7.974999999998545,0.00016267401402461211
2026-07-02 20:31:00,20198.17,900.08,44670.3,49032.7,49024.43,8.269999999996799,0.00016869140548899392
2026-07-02 20:32:00,20198.18,900.07,44670.46,49032.86,49024.55,8.309999999997672,0.00016950691031325472
2026-07-02 20:33:00,20198.34,899.77,44670.4,49032.86,49024.67,8.190000000002328,0.00016705874817724074
2026-07-02 20:34:00,20198.45,899.47,44670.32,49032.82,49024.715,8.105000000003201,0.0001653247754730079
2026-07-02 20:35:00,20198.72,899.2,44670.38,49032.98,49024.76,8.220000000001164,0.00016767037717270138
2026-07-02 20:36:00,20198.91,899.1,44670.38,49033.05,49024.785,8.264999999999418,0.0001685881947263903
2026-07-02 20:37:00,20199.14,899.07,44670.35,49033.11,49024.81,8.30000000000291,0.00016930203299111022
2026-07-02 20:38:00,20199.32,899.17,44670.17,49033.03,49024.835,8.194999999999709,0.00016716017504188864
2026-07-02 20:39:00,20199.62,898.8,44670.44,49033.38,49024.86,8.519999999996799,0.0001737893795106564
2026-07-02 20:40:00,20199.29,898.38,44670.36,49033.17,49024.92,8.25,0.00016828176364183767
2026-07-02 20:41:00,20199.05,898.24,44670.39,49033.1,49024.98,8.119999999995343,0.00016562984829357081
2026-07-02 20:42:00,20198.8,898.5,44670.24,49032.87,49025.04,7.830000000001746,0.00015971430110004492
2026-07-02 20:43:00,20198.81,898.53,44670.19,49032.82,49025.1,7.720000000001164,0.0001574703570212231
2026-07-02 20:44:00,20198.83,898.74,44670.12,49032.76,49025.18,7.580000000001746,0.00015461442466915463
2026-07-02 20:45:00,20198.72,898.81,44669.95,49032.58,49025.26,7.319999999999709,0.00014931078386937077
2026-07-02 20:46:00,20199.01,898.9,44670.0,49032.75,49025.270000000004,7.4799999999959255,0.00015257437643884317
2026-07-02 20:47:00,20198.83,898.57,44669.89,49032.59,49025.28,7.309999999997672,0.00014910674656009454
2026-07-02 20:48:00,20198.59,898.58,44669.87,49032.46,49025.32,7.139999999999418,0.0001456390289752197
2026-07-02 20:49:00,20198.94,898.7,44669.97,49032.7,49025.36,7.3399999999965075,0.00014971843144030982
2026-07-02 20:50:00,20199.01,898.39,44669.94,49032.7,49025.46,7.239999999997963,0.00014767836956548622
2026-07-02 20:51:00,20198.93,898.32,44669.9,49032.62,49025.56,7.060000000004948,0.00014400651415312642
2026-07-02 20:52:00,20198.83,898.13,44669.89,49032.57,49025.619999999995,6.950000000004366,0.0001417626130991177
2026-07-02 20:53:00,20198.76,897.8,44670.02,49032.64,49025.68,6.959999999999127,0.00014196641433630552
2026-07-02 20:54:00,20198.7,898.31,44669.91,49032.52,49025.695,6.82499999999709,0.00013921271284368512
2026-07-02 20:55:00,20198.48,898.6,44669.76,49032.31,49025.71,6.599999999998545,0.00013462324156036793
2026-07-02 20:56:00,20198.12,898.62,44669.69,49032.1,49025.93,6.169999999998254,0.0001258517686456586
2026-07-02 20:57:00,20198.12,898.67,44669.71,49032.12,49026.15,5.970000000001164,0.00012177174834248996
2026-07-02 20:58:00,20197.95,898.33,44669.66,49031.98,49026.325,5.655000000006112,0.00011534619411114563
2026-07-02 20:59:00,20198.1,898.19,44669.84,49032.22,49026.5,5.720000000001164,0.00011667159597362986
2026-07-02 21:00:00,20198.1,898.41,44669.79,49032.18,49026.5,5.680000000000291,0.00011585571068708333
2026-07-02 21:01:00,20197.78,898.47,44669.66,49031.93,49026.5,5.430000000000291,0.00011075642764627887
2026-07-02 21:02:00,20197.56,898.92,44669.63,49031.82,49026.555,5.264999999999418,0.0001073907803638134
2026-07-02 21:03:00,20197.51,899.45,44669.47,49031.67,49026.61,5.059999999997672,0.00010320925717682033
2026-07-02 21:04:00,20197.24,899.05,44669.5,49031.58,49026.715,4.865000000005239,9.923161280549266e-05
2026-07-02 21:05:00,20196.79,898.91,44669.43,49031.33,49026.82,4.510000000002037,9.199046562681482e-05
2026-07-02 21:06:00,20196.48,898.87,44669.43,49031.22,49026.93,4.290000000000873,8.750292951243068e-05
2026-07-02 21:07:00,20196.57,898.42,44669.65,49031.44,49027.04,4.400000000001455,8.974639301090694e-05
2026-07-02 21:08:00,20196.82,898.45,44669.8,49031.68,49027.05,4.629999999997381,9.443766247402975e-05
2026-07-02 21:09:00,20196.72,898.71,44669.67,49031.53,49027.06,4.470000000001164,9.117413934266432e-05
2026-07-02 21:10:00,20196.49,898.87,44669.46,49031.25,49027.119999999995,4.130000000004657,8.423909052794978e-05
2026-07-02 21:11:00,20196.79,898.79,44669.46,49031.37,49027.18,4.190000000002328,8.54627983906545e-05
2026-07-02 21:12:00,20196.91,898.62,44669.54,49031.48,49027.195,4.2850000000034925,8.740047232976499e-05
2026-07-02 21:13:00,20197.04,898.73,44669.5,49031.5,49027.21,4.290000000000873,8.750242977319887e-05
2026-07-02 21:14:00,20197.04,898.63,44669.36,49031.37,49027.22,4.150000000001455,8.464685535915467e-05
2026-07-02 21:15:00,20197.0,898.45,44669.33,49031.33,49027.23,4.099999999998545,8.362699667100394e-05
2026-07-02 21:16:00,20197.04,898.36,44669.33,49031.34,49027.240000000005,4.099999999991269,8.362697961360396e-05
2026-07-02 21:17:00,20197.33,898.04,44669.46,49031.56,49027.25,4.309999999997672,8.791029478499552e-05
2026-07-02 21:18:00,20197.22,897.71,44669.45,49031.51,49027.265,4.245000000002619,8.658447498555384e-05
2026-07-02 21:19:00,20197.08,897.68,44669.47,49031.46,49027.28,4.180000000000291,8.52586559972385e-05
2026-07-02 21:20:00,20197.04,897.63,44669.44,49031.42,49027.28,4.139999999999418,8.444278369102707e-05
2026-07-02 21:21:00,20196.71,897.41,44669.36,49031.21,49027.28,3.930000000000291,8.015945408352842e-05
2026-07-02 21:22:00,20196.5,897.09,44669.17,49030.95,49027.32,3.6299999999973807,7.404035137954473e-05
2026-07-02 21:23:00,20196.47,896.95,44669.23,49030.99,49027.36,3.6299999999973807,7.404029097217106e-05
2026-07-02 21:24:00,20196.55,897.05,44669.47,49031.24,49027.445,3.7949999999982538,7.740562454352361e-05
2026-07-02 21:25:00,20196.56,897.65,44669.49,49031.27,49027.53,3.7399999999979627,7.628367164321683e-05
2026-07-02 21:26:00,20196.25,897.88,44669.08,49030.79,49027.55,3.2399999999979627,6.608529286080913e-05
2026-07-02 21:27:00,20196.39,897.84,44669.16,49030.91,49027.57,3.3400000000037835,6.812493460319945e-05
2026-07-02 21:28:00,20196.56,897.85,44669.21,49031.02,49027.575,3.444999999999709,7.02665795728161e-05
2026-07-02 21:29:00,20196.39,898.0,44668.94,49030.71,49027.58,3.1299999999973807,6.384161731004019e-05
2026-07-02 21:30:00,20196.55,897.67,44668.86,49030.69,49027.604999999996,3.085000000006403,6.292373449623744e-05
2026-07-02 21:31:00,20196.58,897.34,44669.08,49030.9,49027.63,3.2700000000040745,6.669708488874691e-05
2026-07-02 21:32:00,20196.44,897.5,44668.83,49030.61,49027.645000000004,2.9649999999965075,6.047608446207252e-05
2026-07-02 21:33:00,20196.31,897.51,44668.58,49030.34,49027.66,2.679999999993015,5.466302083340332e-05
2026-07-02 21:34:00,20196.19,897.49,44668.51,49030.24,49027.66,2.5799999999944703,5.262335587695742e-05
2026-07-02 21:35:00,20196.68,897.67,44668.92,49030.81,49027.66,3.1499999999941792,6.424944612886234e-05
2026-07-02 21:36:00,20196.49,897.49,44668.89,49030.7,49027.67,3.029999999998836,6.18018355756828e-05
2026-07-02 21:37:00,20196.59,897.22,44669.0,49030.84,49027.68,3.1599999999962165,6.445338633188878e-05
2026-07-02 21:38:00,20196.59,897.74,44668.89,49030.75,49027.735,3.014999999999418,6.149580436459931e-05
2026-07-02 21:39:00,20196.35,898.65,44668.46,49030.27,49027.79,2.4799999999959255,5.058355679495089e-05
2026-07-02 21:40:00,20196.18,898.52,44668.22,49029.98,49027.795,2.1850000000049477,4.456655658295356e-05
2026-07-02 21:41:00,20196.53,898.32,44668.62,49030.48,49027.8,2.680000000000291,5.466286474205024e-05
2026-07-02 21:42:00,20196.33,898.43,44668.55,49030.35,49027.83500000001,2.514999999992142,5.1297390553593515e-05
2026-07-02 21:43:00,20196.15,898.91,44668.47,49030.21,49027.87,2.3399999999965075,4.7727955548476965e-05
2026-07-02 21:44:00,20196.29,899.26,44668.4,49030.2,49027.915,2.2849999999962165,4.660610185026666e-05
2026-07-02 21:45:00,20196.64,898.6,44668.5,49030.44,49027.96,2.4800000000032014,5.0583381401208644e-05
2026-07-02 21:46:00,20196.32,898.81,44668.52,49030.32,49027.97,2.349999999998545,4.793182340607912e-05
2026-07-02 21:47:00,20196.11,898.97,44668.46,49030.2,49027.98,2.219999999993888,4.528026649260051e-05
2026-07-02 21:48:00,20196.33,898.97,44668.53,49030.34,49028.005000000005,2.334999999991851,4.762584159791635e-05
2026-07-02 21:49:00,20196.5,899.35,44668.49,49030.38,49028.03,2.349999999998545,4.79317647476055e-05
2026-07-02 21:50:00,20196.14,899.57,44668.32,49030.08,49028.03,2.0500000000029104,4.181281605650707e-05
2026-07-02 21:51:00,20196.32,899.64,44668.35,49030.19,49028.03,2.1600000000034925,4.4056430576621015e-05
2026-07-02 21:52:00,20196.41,899.7,44668.37,49030.23,49028.04,2.1900000000023283,4.4668316334944824e-05
2026-07-02 21:53:00,20196.37,899.49,44668.41,49030.27,49028.05,2.219999999993888,4.528020184351383e-05
2026-07-02 21:54:00,20196.0,899.65,44668.42,49030.12,49028.06,2.0600000000049477,4.2016755303084554e-05
2026-07-02 21:55:00,20195.83,900.11,44668.28,49029.93,49028.07,1.860000000000582,3.7937450933732086e-05
2026-07-02 21:56:00,20195.79,899.52,44668.41,49030.03,49028.104999999996,1.9250000000029104,3.9263194039478184e-05
2026-07-02 21:57:00,20196.25,898.55,44668.78,49030.54,49028.14,2.400000000001455,4.89514797012788e-05
2026-07-02 21:58:00,20196.1,898.41,44668.94,49030.6,49028.145000000004,2.4549999999944703,5.0073279337704294e-05
2026-07-02 21:59:00,20195.92,898.81,44668.85,49030.45,49028.15,2.2999999999956344,4.6911825145261125e-05
2026-07-02 22:00:00,20196.38,898.6,44668.91,49030.68,49028.2,2.4800000000032014,5.058313378837488e-05
2026-07-02 22:01:00,20196.84,897.92,44669.06,49031.0,49028.25,2.75,5.6090111313375455e-05
2026-07-02 22:02:00,20196.8,898.01,44669.06,49030.99,49028.285,2.7049999999944703,5.5172233742103567e-05
2026-07-02 22:03:00,20196.83,898.21,44668.97,49030.92,49028.32,2.599999999998545,5.303057498193992e-05
2026-07-02 22:04:00,20196.83,898.25,44668.94,49030.91,49028.43,2.4800000000032014,5.0582896495017305e-05
2026-07-02 22:05:00,20196.68,897.87,44668.89,49030.79,49028.54,2.25,4.589163780932494e-05
2026-07-02 22:06:00,20196.8,897.41,44669.14,49031.05,49028.555,2.4950000000026193,5.088871169061824e-05
2026-07-02 22:07:00,20196.81,897.24,44669.19,49031.1,49028.57,2.529999999998836,5.160256560611162e-05
2026-07-02 22:08:00,20196.93,897.15,44669.27,49031.21,49028.575,2.6350000000020373,5.374416857928336e-05
2026-07-02 22:09:00,20197.19,897.34,44669.24,49031.28,49028.58,2.6999999999970896,5.5069920442262235e-05
2026-07-02 22:10:00,20197.03,897.37,44669.13,49031.12,49028.604999999996,2.515000000006694,5.129658492234674e-05
2026-07-02 22:11:00,20196.92,897.14,44669.08,49031.03,49028.63,2.400000000001455,4.895099047233127e-05
2026-07-02 22:12:00,20196.97,897.1,44669.0,49030.98,49028.64,2.3400000000037835,4.772720597601287e-05
2026-07-02 22:13:00,20196.87,896.83,44669.13,49031.05,49028.65,2.400000000001455,4.895097050401051e-05
2026-07-02 22:14:00,20196.81,896.88,44669.21,49031.1,49028.68,2.4199999999982538,4.9358865056090715e-05
2026-07-02 22:15:00,20196.59,896.61,44669.18,49030.98,49028.71,2.2700000000040745,4.629940294174729e-05
2026-07-02 22:16:00,20196.35,896.3,44669.28,49030.98,49028.729999999996,2.250000000007276,4.589145996658033e-05
2026-07-02 22:17:00,20196.15,896.33,44669.26,49030.86,49028.75,2.110000000000582,4.303597379089987e-05
2026-07-02 22:18:00,20196.06,896.14,44669.26,49030.85,49028.75,2.099999999998545,4.283201182976406e-05
2026-07-02 22:19:00,20195.83,896.3,44669.21,49030.69,49028.75,1.9400000000023283,3.956862045233314e-05
2026-07-02 22:20:00,20195.8,896.55,44669.13,49030.62,49028.755000000005,1.8649999999979627,3.803890186479266e-05
2026-07-02 22:21:00,20195.78,896.63,44669.08,49030.57,49028.76,1.8099999999976717,3.6917107428327206e-05
2026-07-02 22:22:00,20195.7,896.76,44669.06,49030.52,49028.765,1.7549999999973807,3.579531322066507e-05
2026-07-02 22:23:00,20195.64,896.81,44669.03,49030.48,49028.77,1.7100000000064028,3.4877481119889464e-05
2026-07-02 22:24:00,20195.53,896.76,44669.09,49030.49,49028.78,1.7099999999991269,3.4877474006065964e-05
2026-07-02 22:25:00,20195.54,896.85,44669.21,49030.6,49028.79,1.8099999999976717,3.6917084839288744e-05
2026-07-02 22:26:00,20195.58,896.84,44669.07,49030.49,49028.805,1.6849999999976717,3.436755189113158e-05
2026-07-02 22:27:00,20195.9,896.73,44669.1,49030.64,49028.82,1.819999999999709,3.712102392021079e-05
2026-07-02 22:28:00,20195.9,896.69,44669.03,49030.58,49028.85,1.7300000000032014,3.528534730068524e-05
2026-07-02 22:29:00,20195.67,896.74,44668.86,49030.35,49028.88,1.4700000000011642,2.998232878256987e-05
2026-07-02 22:30:00,20195.49,896.83,44668.74,49030.16,49028.89,1.2700000000040745,2.5903095093608575e-05
2026-07-02 22:31:00,20195.51,896.77,44668.76,49030.19,49028.9,1.2900000000008731,2.631101248449125e-05
2026-07-02 22:32:00,20195.6,896.72,44668.85,49030.3,49028.905,1.3950000000040745,2.8452603622374894e-05
2026-07-02 22:33:00,20195.69,896.75,44668.9,49030.37,49028.91,1.4599999999991269,2.977834914133573e-05
2026-07-02 22:34:00,20195.66,896.75,44668.97,49030.43,49028.95,1.4800000000032014,3.0186247105092023e-05
2026-07-02 22:35:00,20195.45,896.72,44668.84,49030.23,49028.99,1.2400000000052387,2.5291159373367445e-05
2026-07-02 22:36:00,20195.04,897.14,44668.51,49029.76,49028.994999999995,0.7650000000066939,1.560301205453414e-05
2026-07-02 22:37:00,20195.18,897.32,44668.48,49029.8,49029.0,0.8000000000029104,1.631687368706093e-05
2026-07-02 22:38:00,20195.31,897.35,44668.52,49029.88,49029.005000000005,0.874999999992724,1.784657877500724e-05
2026-07-02 22:39:00,20195.61,897.45,44668.74,49030.21,49029.01,1.1999999999970896,2.4475305538437133e-05
2026-07-02 22:40:00,20195.61,897.62,44668.82,49030.27,49029.015,1.2549999999973807,2.5597087765221894e-05
2026-07-02 22:41:00,20195.29,897.78,44668.21,49029.61,49029.02,0.5900000000037835,1.2033689435436065e-05
2026-07-02 22:42:00,20195.42,897.7,44668.35,49029.78,49029.024999999994,0.7550000000046566,1.5399041690195895e-05
2026-07-02 22:43:00,20195.57,897.6,44668.43,49029.92,49029.03,0.8899999999994179,1.8152510869568865e-05
2026-07-02 22:44:00,20195.84,897.6,44668.38,49029.97,49029.03,0.9400000000023283,1.9172314851065344e-05
2026-07-02 22:45:00,20195.88,897.65,44668.33,49029.94,49029.03,0.9100000000034925,1.8560432462226818e-05
2026-07-02 22:46:00,20195.56,897.66,44668.47,49029.94,49029.03,0.9100000000034925,1.8560432462226818e-05
2026-07-02 22:47:00,20195.05,897.67,44668.42,49029.68,49029.03,0.6500000000014552,1.3257451758712241e-05
2026-07-02 22:48:00,20194.87,897.77,44668.29,49029.5,49029.04,0.4599999999991269,9.382194715603791e-06
2026-07-02 22:49:00,20194.96,897.99,44668.34,49029.58,49029.05,0.5299999999988358,1.0809917793610845e-05
2026-07-02 22:50:00,20194.69,898.38,44668.14,49029.31,49029.06,0.25,5.099016787187028e-06
2026-07-02 22:51:00,20194.6,898.4,44668.1,49029.23,49029.07,0.16000000000349246,3.2633700782717773e-06
2026-07-02 22:52:00,20194.73,898.39,44668.1,49029.28,49029.07,0.20999999999912689,4.283173227620407e-06
2026-07-02 22:53:00,20194.87,898.42,44668.12,49029.36,49029.07,0.2900000000008731,5.914858266756296e-06
2026-07-02 22:54:00,20194.82,898.26,44668.14,49029.36,49029.075,0.28500000000349246,5.81287735906689e-06
2026-07-02 22:55:00,20194.91,898.03,44668.21,49029.45,49029.08,0.3699999999953434,7.546541766546372e-06
2026-07-02 22:56:00,20195.03,897.89,44668.23,49029.51,49029.08,0.43000000000029104,8.770305296372908e-06
2026-07-02 22:57:00,20195.13,897.92,44668.23,49029.55,49029.08,0.47000000000116415,9.586147649541132e-06
2026-07-02 22:58:00,20195.26,898.06,44668.35,49029.7,49029.085,0.6149999999979627,1.2543574900448637e-05
2026-07-02 22:59:00,20195.1,897.98,44668.31,49029.62,49029.09,0.5300000000061118,1.0809908974572277e-05
2026-07-02 23:00:00,20194.91,897.92,44668.19,49029.42,49029.09,0.33000000000174623,6.730698040729417e-06
2026-07-02 23:01:00,20194.94,898.0,44668.12,49029.38,49029.09,0.2900000000008731,5.914855853960845e-06
2026-07-02 23:02:00,20194.88,897.94,44668.13,49029.37,49029.095,0.2750000000014552,5.60891446194255e-06
2026-07-02 23:03:00,20194.9,897.96,44668.14,49029.38,49029.1,0.27999999999883585,5.71089414243451e-06
2026-07-02 23:04:00,20194.82,897.9,44668.11,49029.31,49029.1,0.20999999999912689,4.283170606825883e-06
2026-07-02 23:05:00,20194.68,897.95,44668.12,49029.26,49029.1,0.16000000000349246,3.263368081475949e-06
2026-07-02 23:06:00,20194.71,898.05,44668.14,49029.28,49029.1,0.18000000000029104,3.6712890915862423e-06
2026-07-02 23:07:00,20194.73,897.99,44668.17,49029.31,49029.1,0.20999999999912689,4.283170606825883e-06
2026-07-02 23:08:00,20194.77,898.0,44668.16,49029.33,49029.104999999996,0.22500000000582077,4.589110896595415e-06
2026-07-02 23:09:00,20194.89,898.01,44668.18,49029.4,49029.11,0.2900000000008731,5.914853441167362e-06
2026-07-02 23:10:00,20194.61,897.96,44668.1,49029.22,49029.135,0.08499999999912689,1.733663055632674e-06
2026-07-02 23:11:00,20194.35,897.85,44668.1,49029.1,49029.16,0.06000000000494765,1.223761533033559e-06
2026-07-02 23:12:00,20194.24,898.24,44668.13,49029.1,49029.165,0.0650000000023283,1.3257415255252318e-06
2026-07-02 23:13:00,20193.92,898.71,44667.89,49028.75,49029.17,0.41999999999825377,8.566328983302262e-06
2026-07-02 23:14:00,20193.87,898.99,44667.76,49028.63,49029.175,0.5450000000055297,1.111583052346954e-05
2026-07-02 23:15:00,20193.84,898.92,44667.72,49028.57,49029.18,0.6100000000005821,1.2441570509655312e-05
2026-07-02 23:16:00,20194.07,898.68,44667.82,49028.77,49029.18,0.41000000000349246,8.362367063929938e-06
2026-07-02 23:17:00,20194.25,898.38,44667.9,49028.9,49029.18,0.27999999999883585,5.710884824074884e-06
2026-07-02 23:18:00,20194.53,898.13,44667.91,49029.03,49029.195,0.16500000000087311,3.36534181319667e-06
2026-07-02 23:19:00,20194.98,898.15,44667.98,49029.26,49029.21,0.05000000000291038,1.0198002375096475e-06
2026-07-02 23:20:00,20195.32,898.26,44667.94,49029.36,49029.215,0.14500000000407454,2.9574203870911363e-06
2026-07-02 23:21:00,20195.52,898.19,44667.89,49029.39,49029.22,0.16999999999825377,3.4673201001005884e-06
2026-07-02 23:22:00,20195.45,898.08,44667.86,49029.32,49029.225000000006,0.0949999999938882,1.9376198582353317e-06
2026-07-02 23:23:00,20195.44,897.96,44667.93,49029.4,49029.23,0.16999999999825377,3.4673193929061045e-06
2026-07-02 23:24:00,20195.63,897.88,44667.95,49029.5,49029.245,0.25499999999738066,5.200977498172379e-06
2026-07-02 23:25:00,20195.99,897.63,44668.03,49029.71,49029.26,0.4499999999970896,9.178192777070051e-06
2026-07-02 23:26:00,20196.08,897.69,44668.04,49029.75,49029.26,0.48999999999796273,9.994032135054918e-06
2026-07-02 23:27:00,20196.03,897.73,44667.98,49029.66,49029.26,0.4000000000014552,8.158393579700268e-06
2026-07-02 23:28:00,20196.13,897.64,44667.98,49029.71,49029.270000000004,0.43999999999505235,8.974231107153999e-06
2026-07-02 23:29:00,20196.25,897.37,44668.05,49029.81,49029.28,0.5299999999988358,1.0809867083482276e-05
2026-07-02 23:30:00,20196.12,897.11,44668.1,49029.8,49029.28,0.5200000000040745,1.0605907327296557e-05
2026-07-02 23:31:00,20195.75,896.99,44668.11,49029.65,49029.28,0.37000000000261934,7.5465109828783815e-06
2026-07-02 23:32:00,20195.3,896.88,44668.08,49029.46,49029.295,0.16500000000087311,3.3653349492558097e-06
2026-07-02 23:33:00,20194.97,896.87,44668.11,49029.35,49029.31,0.040000000000873115,8.158385259933929e-07
2026-07-02 23:34:00,20194.6,896.93,44668.09,49029.18,49029.31,0.12999999999738066,2.6514752093672266e-06
2026-07-02 23:35:00,20194.38,896.84,44668.08,49029.08,49029.31,0.22999999999592546,4.691071524276509e-06
2026-07-02 23:36:00,20194.31,896.93,44668.06,49029.03,49029.31,0.27999999999883585,5.71086968180535e-06
2026-07-02 23:37:00,20194.29,896.77,44668.1,49029.07,49029.31,0.23999999999796273,4.895031155811957e-06
2026-07-02 23:38:00,20194.11,896.45,44668.21,49029.08,49029.31,0.22999999999592546,4.691071524276509e-06
2026-07-02 23:39:00,20193.97,896.28,44668.31,49029.1,49029.31,0.20999999999912689,4.283152261354013e-06
2026-07-02 23:40:00,20194.04,896.54,44668.28,49029.11,49029.315,0.20500000000174623,4.181172019265336e-06
2026-07-02 23:41:00,20194.2,896.65,44668.18,49029.09,49029.32,0.23000000000320142,4.691070567635884e-06
2026-07-02 23:42:00,20194.31,896.65,44668.1,49029.07,49029.32,0.25,5.098989747359335e-06
2026-07-02 23:43:00,20194.34,897.0,44668.0,49029.0,49029.32,0.31999999999970896,6.526706876614013e-06
2026-07-02 23:44:00,20194.38,897.73,44667.74,49028.79,49029.325,0.5349999999962165,1.0911836946484915e-05
2026-07-02 23:45:00,20194.49,898.13,44667.61,49028.71,49029.33,0.6200000000026193,1.2645491994335214e-05
2026-07-02 23:46:00,20194.41,898.01,44667.58,49028.65,49029.34,0.6899999999950523,1.4073205961880222e-05
2026-07-02 23:47:00,20194.63,897.85,44667.65,49028.82,49029.35,0.5299999999988358,1.0809851650059319e-05
2026-07-02 23:48:00,20195.06,897.89,44667.67,49029.03,49029.354999999996,0.3249999999970896,6.628681939566401e-06
2026-07-02 23:49:00,20195.41,898.01,44667.58,49029.09,49029.36,0.27000000000407454,5.506904434487306e-06
2026-07-02 23:50:00,20195.64,897.93,44667.4,49029.01,49029.36,0.3499999999985448,7.138579822346137e-06
2026-07-02 23:51:00,20196.09,897.66,44667.43,49029.21,49029.36,0.1500000000014552,3.059391352476459e-06
2026-07-02 23:52:00,20196.32,897.44,44667.45,49029.31,49029.36,0.05000000000291038,1.0197971175416195e-06
2026-07-02 23:53:00,20196.29,897.2,44667.48,49029.32,49029.36,0.040000000000873115,8.158376940036157e-07
2026-07-02 23:54:00,20196.47,896.84,44667.55,49029.46,49029.365000000005,0.0949999999938882,1.9376143254942866e-06
2026-07-02 23:55:00,20196.79,896.73,44667.62,49029.66,49029.37,0.2900000000008731,5.9148220750312126e-06
2026-07-02 23:56:00,20196.48,897.11,44667.45,49029.38,49029.37,0.00999999999476131,2.0395938179016597e-07
2026-07-02 23:57:00,20195.86,897.69,44667.19,49028.91,49029.37,0.4599999999991269,9.382131567244835e-06
2026-07-02 23:58:00,20195.59,897.93,44667.14,49028.75,49029.375,0.625,1.2747460068581336e-05
2026-07-02 23:59:00,20195.55,898.02,44667.18,49028.76,49029.38,0.6199999999953434,1.264547909835579e-05
