timestamp,Bx,By,Bz,B_total,B_baseline,delta_B,chi
2026-07-03 00:00:00,20195.6,897.91,44667.38,49028.96,49030.630000000005,1.6700000000055297,3.4060341464213895e-05
2026-07-03 00:01:00,20195.42,897.69,44667.47,49028.97,49030.6,1.6299999999973807,3.324454524312125e-05
2026-07-03 00:02:00,20195.34,897.57,44667.45,49028.93,49030.59,1.6599999999962165,3.3856414944144395e-05
2026-07-03 00:03:00,20195.25,897.23,44667.45,49028.88,49030.58,1.7000000000043656,3.467223924343472e-05
2026-07-03 00:04:00,20195.02,897.13,44667.6,49028.91,49030.575,1.6649999999935972,3.395840248648108e-05
2026-07-03 00:05:00,20194.69,897.42,44667.53,49028.71,49030.57,1.860000000000582,3.793551655631542e-05
2026-07-03 00:06:00,20194.68,897.58,44667.45,49028.64,49030.565,1.9250000000029104,3.926122409568216e-05
2026-07-03 00:07:00,20194.85,897.53,44667.48,49028.73,49030.56,1.8299999999944703,3.7323660998252323e-05
2026-07-03 00:08:00,20194.87,897.55,44667.52,49028.79,49030.56,1.7699999999967986,3.6099934408189476e-05
2026-07-03 00:09:00,20194.93,897.62,44667.52,49028.79,49030.56,1.7699999999967986,3.6099934408189476e-05
2026-07-03 00:10:00,20194.92,897.61,44667.54,49028.82,49030.555,1.735000000000582,3.538609750594465e-05
2026-07-03 00:11:00,20194.9,897.37,44667.56,49028.82,49030.55,1.7300000000032014,3.528412387793328e-05
2026-07-03 00:12:00,20194.92,897.16,44667.61,49028.88,49030.55,1.6700000000055297,3.406039703828592e-05
2026-07-03 00:13:00,20195.19,897.07,44667.69,49029.08,49030.55,1.4700000000011642,2.9981307572547404e-05
2026-07-03 00:14:00,20195.09,897.19,44667.57,49028.92,49030.54,1.6200000000026193,3.304063141059877e-05
2026-07-03 00:15:00,20195.29,897.18,44667.51,49028.94,49030.53,1.5899999999965075,3.242877447982936e-05
2026-07-03 00:16:00,20195.86,896.88,44667.56,49029.22,49030.53,1.3099999999976717,2.6718046898486956e-05
2026-07-03 00:17:00,20196.16,896.77,44667.49,49029.28,49030.53,1.25,2.549431955967027e-05
2026-07-03 00:18:00,20196.46,896.78,44667.44,49029.35,49030.53,1.180000000000291,2.406663766433467e-05
2026-07-03 00:19:00,20196.78,896.85,44667.38,49029.43,49030.53,1.0999999999985448,2.243500121248016e-05
2026-07-03 00:20:00,20196.98,896.68,44667.43,49029.56,49030.520000000004,0.9600000000064028,1.9579641415314437e-05
2026-07-03 00:21:00,20197.01,896.53,44667.41,49029.54,49030.51,0.9700000000011642,1.978360004823862e-05
2026-07-03 00:22:00,20196.5,896.51,44667.17,49029.11,49030.5,1.389999999999418,2.8349700696493363e-05
2026-07-03 00:23:00,20196.11,896.5,44667.2,49028.99,49030.49,1.5,3.0593208430101354e-05
2026-07-03 00:24:00,20195.85,896.39,44667.25,49028.93,49030.485,1.555000000000291,3.171496264008588e-05
2026-07-03 00:25:00,20195.56,896.39,44667.32,49028.87,49030.48,1.610000000000582,3.283671707885752e-05
2026-07-03 00:26:00,20195.16,896.53,44667.26,49028.65,49030.455,1.805000000000291,3.681385375681892e-05
2026-07-03 00:27:00,20195.01,896.63,44667.26,49028.59,49030.43,1.8400000000037835,3.7527714931396346e-05
2026-07-03 00:28:00,20195.05,896.72,44667.25,49028.61,49030.425,1.8150000000023283,3.701783127521999e-05
2026-07-03 00:29:00,20194.97,897.31,44666.77,49028.16,49030.42,2.2599999999947613,4.6093833175297323e-05
2026-07-03 00:30:00,20195.41,897.71,44666.97,49028.52,49030.405,1.8850000000020373,3.844553191029194e-05
2026-07-03 00:31:00,20195.86,897.84,44666.91,49028.66,49030.39,1.7299999999959255,3.528423901983903e-05
2026-07-03 00:32:00,20196.2,897.8,44666.92,49028.8,49030.335,1.5349999999962165,3.1307148931293584e-05
2026-07-03 00:33:00,20196.03,897.72,44666.96,49028.77,49030.28,1.5100000000020373,3.07972950593396e-05
2026-07-03 00:34:00,20195.87,897.67,44667.01,49028.75,49030.244999999995,1.4949999999953434,3.0491383430683315e-05
2026-07-03 00:35:00,20196.03,897.64,44667.17,49028.96,49030.21,1.25,2.5494485950600662e-05
2026-07-03 00:36:00,20196.11,897.42,44667.25,49029.05,49030.21,1.1599999999962165,2.3658882962080247e-05
2026-07-03 00:37:00,20195.97,897.12,44667.26,49029.0,49030.21,1.2099999999991269,2.467866240016363e-05
2026-07-03 00:38:00,20195.92,897.06,44667.36,49029.05,49030.195,1.1449999999967986,2.33529562751443e-05
2026-07-03 00:39:00,20195.17,897.53,44667.2,49028.6,49030.18,1.5800000000017462,3.222504995906085e-05
2026-07-03 00:40:00,20194.11,898.25,44667.03,49028.02,49030.175,2.155000000006112,4.395252515427717e-05
2026-07-03 00:41:00,20193.09,898.64,44666.9,49027.52,49030.17,2.650000000001455,5.404835430922339e-05
2026-07-03 00:42:00,20192.58,898.58,44666.91,49027.32,49030.155,2.834999999999127,5.782155899770513e-05
2026-07-03 00:43:00,20192.77,898.25,44667.19,49027.66,49030.14,2.4799999999959255,5.0581132340146805e-05
2026-07-03 00:44:00,20192.76,897.92,44667.51,49027.93,49030.095,2.165000000000873,4.415655323533175e-05
2026-07-03 00:45:00,20192.51,897.49,44667.65,49027.93,49030.05,2.1200000000026193,4.323878927316246e-05
2026-07-03 00:46:00,20192.35,897.29,44667.71,49027.93,49030.045,2.1149999999979627,4.3136815395498065e-05
2026-07-03 00:47:00,20192.34,897.33,44667.78,49027.97,49030.04,2.069999999999709,4.22190151180727e-05
2026-07-03 00:48:00,20192.66,897.25,44667.89,49028.19,49030.025,1.8349999999991269,3.742604659082117e-05
2026-07-03 00:49:00,20192.75,897.33,44667.91,49028.26,49030.01,1.75,3.569242592444913e-05
2026-07-03 00:50:00,20192.43,897.69,44667.82,49028.07,49029.979999999996,1.9099999999962165,3.895575727332984e-05
2026-07-03 00:51:00,20192.11,898.13,44667.72,49027.85,49029.95,2.099999999998545,4.2830963523286176e-05
2026-07-03 00:52:00,20191.99,898.86,44667.52,49027.64,49029.945,2.305000000000291,4.7012086185295354e-05
2026-07-03 00:53:00,20192.22,899.49,44667.38,49027.6,49029.94,2.3400000000037835,4.772594051723872e-05
2026-07-03 00:54:00,20192.77,899.59,44667.3,49027.75,49029.94,2.1900000000023283,4.466658535585253e-05
2026-07-03 00:55:00,20193.0,899.69,44667.35,49027.89,49029.94,2.0500000000029104,4.181118720526499e-05
2026-07-03 00:56:00,20192.93,900.19,44667.29,49027.83,49029.925,2.095000000001164,4.272900682595709e-05
2026-07-03 00:57:00,20193.1,900.28,44667.25,49027.87,49029.91,2.040000000000873,4.160725565274081e-05
2026-07-03 00:58:00,20193.35,900.01,44667.35,49028.04,49029.91,1.8700000000026193,3.8139984348382835e-05
2026-07-03 00:59:00,20193.32,899.86,44667.44,49028.11,49029.91,1.8000000000029104,3.671228439952083e-05
2026-07-03 01:00:00,20193.36,899.72,44667.51,49028.2,49029.905,1.7050000000017462,3.477469515802134e-05
2026-07-03 01:01:00,20193.38,899.38,44667.62,49028.32,49029.9,1.5800000000017462,3.22252339899071e-05
2026-07-03 01:02:00,20193.36,899.06,44667.8,49028.46,49029.9,1.4400000000023283,2.936983350980378e-05
2026-07-03 01:03:00,20193.14,899.26,44667.67,49028.26,49029.9,1.639999999999418,3.344897705276613e-05
2026-07-03 01:04:00,20192.98,899.49,44667.39,49027.96,49029.89,1.930000000000291,3.9363743218683356e-05
2026-07-03 01:05:00,20193.16,899.85,44667.53,49028.15,49029.88,1.7299999999959255,3.528460604015196e-05
2026-07-03 01:06:00,20193.34,900.0,44667.48,49028.18,49029.88,1.6999999999970896,3.467273425913116e-05
2026-07-03 01:07:00,20193.52,900.1,44667.47,49028.25,49029.88,1.6299999999973807,3.324503343669984e-05
2026-07-03 01:08:00,20193.56,900.33,44667.41,49028.21,49029.875,1.6650000000008731,3.395888731107051e-05
2026-07-03 01:09:00,20193.7,900.24,44667.46,49028.3,49029.87,1.569999999999709,3.202129640563413e-05
2026-07-03 01:10:00,20193.97,899.98,44667.55,49028.5,49029.87,1.3700000000026193,2.7942150366758454e-05
2026-07-03 01:11:00,20194.0,900.08,44667.58,49028.55,49029.87,1.319999999999709,2.6922363856965334e-05
2026-07-03 01:12:00,20193.94,900.2,44667.56,49028.51,49029.87,1.360000000000582,2.773819306477015e-05
2026-07-03 01:13:00,20194.1,900.32,44667.53,49028.55,49029.87,1.319999999999709,2.6922363856965334e-05
2026-07-03 01:14:00,20194.39,900.23,44667.52,49028.66,49029.86,1.1999999999970896,2.4474881225381627e-05
2026-07-03 01:15:00,20194.36,900.3,44667.43,49028.56,49029.85,1.2900000000008731,2.6310502683587105e-05
2026-07-03 01:16:00,20194.5,900.23,44667.45,49028.64,49029.85,1.2099999999991269,2.4678843602399904e-05
2026-07-03 01:17:00,20194.72,900.17,44667.58,49028.84,49029.85,1.0100000000020373,2.05996958995803e-05
2026-07-03 01:18:00,20194.8,900.17,44667.63,49028.92,49029.825,0.9049999999988358,1.8458152767194987e-05
2026-07-03 01:19:00,20194.82,900.02,44667.67,49028.96,49029.8,0.8400000000037835,1.7132437823604897e-05
2026-07-03 01:20:00,20194.45,899.74,44667.71,49028.85,49029.79,0.9400000000023283,1.9172017665226146e-05
2026-07-03 01:21:00,20194.09,899.22,44667.9,49028.85,49029.78,0.930000000000291,1.8968063899130103e-05
2026-07-03 01:22:00,20193.54,898.84,44668.11,49028.8,49029.755000000005,0.9550000000017462,1.9477968021699193e-05
2026-07-03 01:23:00,20193.15,898.62,44668.24,49028.77,49029.73,0.9600000000064028,1.9579956895671316e-05
2026-07-03 01:24:00,20193.13,898.54,44668.38,49028.88,49029.71000000001,0.8300000000090222,1.69285113048603e-05
2026-07-03 01:25:00,20193.11,898.49,44668.45,49028.92,49029.69,0.7700000000040745,1.570476990582797e-05
2026-07-03 01:26:00,20193.21,898.72,44668.44,49028.98,49029.69,0.7099999999991269,1.4481021601383301e-05
2026-07-03 01:27:00,20193.26,898.91,44668.37,49028.93,49029.69,0.7600000000020373,1.5500811855062456e-05
2026-07-03 01:28:00,20193.04,899.21,44668.15,49028.65,49029.685,1.0349999999962165,2.1109660402595213e-05
2026-07-03 01:29:00,20193.0,899.5,44668.12,49028.6,49029.68,1.0800000000017462,2.2027473970903874e-05
2026-07-03 01:30:00,20192.94,899.61,44668.04,49028.5,49029.665,1.1650000000008731,2.3761125025040923e-05
2026-07-03 01:31:00,20193.01,899.73,44667.97,49028.47,49029.65,1.180000000000291,2.4067069620123558e-05
2026-07-03 01:32:00,20193.01,899.8,44667.92,49028.42,49029.645000000004,1.2250000000058208,2.4984884145210936e-05
2026-07-03 01:33:00,20193.16,899.86,44667.96,49028.53,49029.64,1.110000000000582,2.263936671777688e-05
2026-07-03 01:34:00,20193.27,899.64,44668.08,49028.69,49029.630000000005,0.9400000000023283,1.917208022990033e-05
2026-07-03 01:35:00,20193.2,899.31,44668.16,49028.72,49029.62,0.9000000000014552,1.8356250772521897e-05
2026-07-03 01:36:00,20193.13,899.18,44668.14,49028.68,49029.615000000005,0.9350000000049477,1.9070106914054855e-05
2026-07-03 01:37:00,20193.34,899.24,44668.28,49028.9,49029.61,0.7099999999991269,1.4481045229589362e-05
2026-07-03 01:38:00,20193.24,898.94,44668.23,49028.79,49029.604999999996,0.8149999999950523,1.6622609951580324e-05
2026-07-03 01:39:00,20193.26,898.79,44668.27,49028.83,49029.6,0.7699999999967986,1.57047987337608e-05
2026-07-03 01:40:00,20193.38,899.07,44668.3,49028.93,49029.59,0.6599999999962165,1.3461258803025204e-05
2026-07-03 01:41:00,20193.03,899.17,44668.0,49028.51,49029.58,1.069999999999709,2.1823560389456912e-05
2026-07-03 01:42:00,20193.34,899.04,44668.37,49028.98,49029.575,0.5949999999938882,1.2135532482055744e-05
2026-07-03 01:43:00,20193.32,898.88,44668.45,49029.04,49029.57,0.5299999999988358,1.0809803145302638e-05
2026-07-03 01:44:00,20193.21,898.85,44668.47,49029.02,49029.57,0.5500000000029104,1.1217720245209378e-05
2026-07-03 01:45:00,20193.2,898.89,44668.56,49029.09,49029.57,0.4800000000032014,9.790010395832584e-06
2026-07-03 01:46:00,20193.28,898.94,44668.6,49029.15,49029.57,0.41999999999825377,8.566259096260762e-06
2026-07-03 01:47:00,20193.33,899.0,44668.48,49029.08,49029.57,0.48999999999796273,9.993968945637556e-06
2026-07-03 01:48:00,20193.53,898.83,44668.58,49029.24,49029.565,0.3250000000043656,6.628653548208424e-06
2026-07-03 01:49:00,20193.6,898.74,44668.43,49029.14,49029.56,0.41999999999825377,8.566260843422902e-06
2026-07-03 01:50:00,20193.71,898.59,44668.53,49029.28,49029.56,0.27999999999883585,5.710840562281935e-06
2026-07-03 01:51:00,20194.0,898.5,44668.67,49029.51,49029.56,0.049999999995634425,1.0197929574655458e-06
2026-07-03 01:52:00,20194.07,898.55,44668.57,49029.45,49029.555,0.10500000000320142,2.1415654293252596e-06
2026-07-03 01:53:00,20194.32,898.58,44668.59,49029.57,49029.55,0.01999999999679858,4.079172661547695e-07
2026-07-03 01:54:00,20194.58,898.32,44668.62,49029.68,49029.545,0.13500000000203727,2.753441827821108e-06
2026-07-03 01:55:00,20194.48,898.41,44668.54,49029.57,49029.54,0.029999999998835847,6.118760241037515e-07
2026-07-03 01:56:00,20194.47,898.41,44668.56,49029.58,49029.54,0.040000000000873115,8.158346988544685e-07
2026-07-03 01:57:00,20194.19,898.22,44668.64,49029.54,49029.54,0.0,0.0
2026-07-03 01:58:00,20194.24,898.33,44668.71,49029.64,49029.535,0.10499999999592546,2.1415663027586424e-06
2026-07-03 01:59:00,20194.32,898.54,44668.63,49029.6,49029.53,0.06999999999970896,1.4277110141522663e-06
2026-07-03 02:00:00,20194.48,898.51,44668.6,49029.62,49029.53,0.0900000000037835,1.8356284468519992e-06
2026-07-03 02:01:00,20194.36,898.35,44668.59,49029.57,49029.53,0.040000000000873115,8.158348652510663e-07
2026-07-03 02:02:00,20194.16,898.55,44668.56,49029.48,49029.520000000004,0.040000000000873115,8.15835031647732e-07
2026-07-03 02:03:00,20194.28,898.61,44668.54,49029.51,49029.51,0.0,0.0
2026-07-03 02:04:00,20194.36,898.57,44668.55,49029.56,49029.51,0.049999999995634425,1.0197939974442824e-06
2026-07-03 02:05:00,20194.34,898.75,44668.56,49029.55,49029.51,0.040000000000873115,8.158351980444657e-07
2026-07-03 02:06:00,20194.37,898.85,44668.52,49029.53,49029.495,0.0349999999962165,7.138560165919821e-07
2026-07-03 02:07:00,20194.43,898.89,44668.5,49029.53,49029.48,0.049999999995634425,1.0197946214325427e-06
2026-07-03 02:08:00,20194.25,899.19,44668.38,49029.36,49029.465,0.10499999999592546,2.141569360300494e-06
2026-07-03 02:09:00,20194.12,899.36,44668.24,49029.2,49029.45,0.25,5.098976227553032e-06
2026-07-03 02:10:00,20194.37,899.41,44668.33,49029.38,49029.44,0.06000000000494765,1.2237545443094526e-06
2026-07-03 02:11:00,20194.6,899.34,44668.53,49029.65,49029.43,0.22000000000116415,4.4871009106400815e-06
2026-07-03 02:12:00,20194.75,899.31,44668.63,49029.8,49029.405,0.39500000000407454,8.056389833898139e-06
2026-07-03 02:13:00,20194.83,899.36,44668.68,49029.88,49029.38,0.5,1.0197967014879651e-05
2026-07-03 02:14:00,20194.93,899.32,44668.72,49029.95,49029.369999999995,0.5800000000017462,1.1829644150062427e-05
2026-07-03 02:15:00,20194.85,899.25,44668.71,49029.91,49029.36,0.5500000000029104,1.1217768292364215e-05
2026-07-03 02:16:00,20194.75,899.34,44668.75,49029.9,49029.354999999996,0.5450000000055297,1.1115789714254445e-05
2026-07-03 02:17:00,20194.71,899.54,44668.72,49029.87,49029.35,0.5200000000040745,1.0605892185070259e-05
2026-07-03 02:18:00,20194.76,899.57,44668.67,49029.85,49029.34,0.5100000000020373,1.0401934841505868e-05
2026-07-03 02:19:00,20194.8,899.45,44668.71,49029.9,49029.33,0.569999999999709,1.1625694252801516e-05
2026-07-03 02:20:00,20194.73,899.62,44668.72,49029.87,49029.305,0.5650000000023283,1.1523720354639502e-05
2026-07-03 02:21:00,20194.64,899.73,44668.67,49029.78,49029.28,0.5,1.019798781462832e-05
2026-07-03 02:22:00,20194.43,899.79,44668.64,49029.69,49029.28,0.41000000000349246,8.362350008066455e-06
2026-07-03 02:23:00,20194.56,899.8,44668.58,49029.69,49029.28,0.41000000000349246,8.362350008066455e-06
2026-07-03 02:24:00,20194.66,899.82,44668.59,49029.73,49029.274999999994,0.4550000000090222,9.28016985788638e-06
2026-07-03 02:25:00,20194.86,899.95,44668.66,49029.88,49029.27,0.6100000000005821,1.2441547671433454e-05
2026-07-03 02:26:00,20194.87,899.83,44668.63,49029.85,49029.255,0.5950000000011642,1.213561168737245e-05
2026-07-03 02:27:00,20195.06,899.73,44668.72,49030.01,49029.24,0.7700000000040745,1.5704914047292483e-05
2026-07-03 02:28:00,20195.33,899.55,44668.89,49030.28,49029.229999999996,1.0500000000029104,2.1415796250581753e-05
2026-07-03 02:29:00,20195.48,899.27,44668.99,49030.42,49029.22,1.1999999999970896,2.4475200706784436e-05
2026-07-03 02:30:00,20195.6,899.46,44669.01,49030.48,49029.22,1.2600000000020373,2.5698960742227538e-05
2026-07-03 02:31:00,20195.31,899.69,44668.75,49030.14,49029.22,0.9199999999982538,1.876432054187796e-05
2026-07-03 02:32:00,20195.18,899.62,44668.71,49030.05,49029.21,0.8400000000037835,1.7132643989241993e-05
2026-07-03 02:33:00,20195.29,899.57,44668.82,49030.18,49029.2,0.9800000000032014,1.9988088730862456e-05
2026-07-03 02:34:00,20195.41,899.77,44668.74,49030.17,49029.175,0.9949999999953434,2.0294039212271945e-05
2026-07-03 02:35:00,20195.66,899.6,44668.66,49030.21,49029.15,1.0599999999976717,2.16197914913408e-05
2026-07-03 02:36:00,20196.05,899.26,44668.84,49030.55,49029.145000000004,1.4049999999988358,2.8656424663306606e-05
2026-07-03 02:37:00,20195.76,899.28,44668.86,49030.43,49029.14,1.2900000000008731,2.631088369081883e-05
2026-07-03 02:38:00,20195.88,899.02,44668.92,49030.53,49029.134999999995,1.3950000000040745,2.8452470148699843e-05
2026-07-03 02:39:00,20195.96,899.05,44668.91,49030.55,49029.13,1.4200000000055297,2.896237400103836e-05
2026-07-03 02:40:00,20196.6,898.72,44669.17,49031.04,49029.119999999995,1.9200000000055297,3.9160401002619054e-05
2026-07-03 02:41:00,20196.72,898.53,44669.23,49031.14,49029.11,2.029999999998836,4.140397408802313e-05
2026-07-03 02:42:00,20196.22,898.61,44669.05,49030.77,49029.1,1.6699999999982538,3.406140434962611e-05
2026-07-03 02:43:00,20196.17,898.68,44669.06,49030.76,49029.09,1.6700000000055297,3.406141129695717e-05
2026-07-03 02:44:00,20195.85,898.97,44669.0,49030.56,49029.085,1.4749999999985448,3.008418370439801e-05
2026-07-03 02:45:00,20195.78,899.06,44669.04,49030.58,49029.08,1.5,3.05940882431406e-05
2026-07-03 02:46:00,20195.78,898.9,44669.07,49030.6,49029.08,1.5199999999967986,3.100200941965051e-05
2026-07-03 02:47:00,20195.74,898.74,44669.04,49030.56,49029.08,1.4799999999959255,3.0186167066482287e-05
2026-07-03 02:48:00,20195.64,899.08,44669.04,49030.51,49029.065,1.444999999999709,2.94723140243386e-05
2026-07-03 02:49:00,20195.67,899.21,44669.08,49030.57,49029.05,1.5199999999967986,3.100202838922636e-05
2026-07-03 02:50:00,20195.94,899.06,44669.13,49030.71,49029.05,1.6599999999962165,3.385747837243872e-05
2026-07-03 02:51:00,20196.03,899.25,44669.12,49030.76,49029.05,1.7099999999991269,3.4877281937935304e-05
2026-07-03 02:52:00,20195.94,899.21,44669.09,49030.71,49029.045,1.6650000000008731,3.395946219227548e-05
2026-07-03 02:53:00,20196.1,899.23,44669.25,49030.93,49029.04,1.889999999999418,3.8548582635911655e-05
2026-07-03 02:54:00,20195.98,899.01,44669.14,49030.76,49029.03,1.7300000000032014,3.528521775778965e-05
2026-07-03 02:55:00,20196.16,899.25,44669.35,49031.04,49029.02,2.0200000000040745,4.120008925334577e-05
2026-07-03 02:56:00,20195.94,899.69,44669.1,49030.73,49029.009999999995,1.72000000000844,3.508127127201712e-05
2026-07-03 02:57:00,20195.94,899.62,44668.84,49030.49,49029.0,1.4899999999979627,3.039017724199887e-05
2026-07-03 02:58:00,20196.06,899.76,44668.8,49030.53,49028.994999999995,1.5350000000034925,3.1308004579810224e-05
2026-07-03 02:59:00,20196.35,899.67,44668.89,49030.73,49028.99,1.7400000000052387,3.5489207507746715e-05
2026-07-03 03:00:00,20196.42,899.91,44668.89,49030.75,49028.985,1.764999999999418,3.599911358555389e-05
2026-07-03 03:01:00,20196.97,899.65,44669.17,49031.23,49028.98,2.25,4.589122596472535e-05
2026-07-03 03:02:00,20197.45,899.64,44669.36,49031.59,49028.98,2.609999999993306,5.323382211894488e-05
2026-07-03 03:03:00,20197.45,899.52,44669.2,49031.41,49028.98,2.430000000000291,4.956252404190931e-05
2026-07-03 03:04:00,20197.51,899.6,44669.18,49031.41,49028.975000000006,2.4349999999976717,4.966450960881135e-05
2026-07-03 03:05:00,20197.78,899.21,44669.39,49031.71,49028.97,2.7399999999979627,5.5885326573206877e-05
2026-07-03 03:06:00,20197.5,899.08,44669.29,49031.51,49028.965,2.5450000000055297,5.1908091472164057e-05
2026-07-03 03:07:00,20197.05,899.31,44669.3,49031.35,49028.96,2.389999999999418,4.8746699909592574e-05
2026-07-03 03:08:00,20197.13,899.5,44669.61,49031.64,49028.96,2.680000000000291,5.4661571446759037e-05
2026-07-03 03:09:00,20197.02,899.64,44669.5,49031.5,49028.96,2.540000000000873,5.1806116221940524e-05
2026-07-03 03:10:00,20197.0,899.67,44669.56,49031.55,49028.96,2.5900000000037835,5.282592165943931e-05
2026-07-03 03:11:00,20196.89,899.83,44669.44,49031.4,49028.96,2.4400000000023283,4.976650534709136e-05
2026-07-03 03:12:00,20196.99,899.81,44669.5,49031.5,49028.95,2.5500000000029104,5.201008791750406e-05
2026-07-03 03:13:00,20197.03,899.59,44669.52,49031.52,49028.94,2.5799999999944703,5.2621982037434834e-05
2026-07-03 03:14:00,20196.66,899.7,44669.44,49031.3,49028.935,2.3650000000052387,4.8236821787078156e-05
2026-07-03 03:15:00,20196.9,899.65,44669.68,49031.63,49028.93,2.6999999999970896,5.506952731779155e-05
2026-07-03 03:16:00,20196.92,899.76,44669.75,49031.7,49028.93,2.7699999999967986,5.649725580380397e-05
2026-07-03 03:17:00,20196.84,899.97,44669.62,49031.57,49028.93,2.639999999999418,5.384576004410902e-05
2026-07-03 03:18:00,20196.94,900.23,44669.6,49031.59,49028.93,2.6599999999962165,5.425368246862039e-05
2026-07-03 03:19:00,20197.15,900.15,44669.62,49031.68,49028.93,2.75,5.6089333379292594e-05
2026-07-03 03:20:00,20197.27,900.1,44669.7,49031.81,49028.93,2.8799999999973807,5.874082913898755e-05
2026-07-03 03:21:00,20196.94,900.67,44669.58,49031.58,49028.93,2.650000000001455,5.404972125643891e-05
2026-07-03 03:22:00,20196.79,900.85,44669.52,49031.46,49028.925,2.5349999999962165,5.1704172587839045e-05
2026-07-03 03:23:00,20197.17,901.16,44669.36,49031.47,49028.92,2.5500000000029104,5.20101197416323e-05
2026-07-03 03:24:00,20197.22,900.87,44669.46,49031.59,49028.92,2.6699999999982538,5.4457654788199576e-05
2026-07-03 03:25:00,20197.12,901.24,44669.46,49031.55,49028.92,2.6300000000046566,5.364180977277608e-05
2026-07-03 03:26:00,20197.1,901.81,44669.26,49031.39,49028.92,2.470000000001164,5.037842971048851e-05
2026-07-03 03:27:00,20197.19,901.57,44669.52,49031.65,49028.92,2.7300000000032014,5.568142231163161e-05
2026-07-03 03:28:00,20196.91,901.87,44669.53,49031.55,49028.92,2.6300000000046566,5.364180977277608e-05
2026-07-03 03:29:00,20196.49,902.23,44669.25,49031.12,49028.92,2.2000000000043656,4.487147585556373e-05
2026-07-03 03:30:00,20196.42,902.11,44669.24,49031.06,49028.92,2.139999999999418,4.364770833213169e-05
2026-07-03 03:31:00,20196.29,901.93,44669.42,49031.18,49028.92,2.2600000000020373,4.609524337884737e-05
2026-07-03 03:32:00,20195.7,902.94,44669.38,49030.93,49028.92,2.0100000000020373,4.0996212031634334e-05
2026-07-03 03:33:00,20195.81,903.24,44669.35,49030.94,49028.92,2.0200000000040745,4.120017328556441e-05
2026-07-03 03:34:00,20196.24,902.9,44669.43,49031.19,49028.92,2.2700000000040745,4.6299204632777444e-05
2026-07-03 03:35:00,20196.42,903.06,44669.59,49031.41,49028.92,2.4900000000052387,5.0786352218348655e-05
2026-07-03 03:36:00,20196.47,903.25,44669.71,49031.54,49028.92,2.6200000000026193,5.343784851884601e-05
2026-07-03 03:37:00,20196.59,902.68,44669.75,49031.61,49028.92,2.6900000000023283,5.486557729605972e-05
2026-07-03 03:38:00,20196.67,902.85,44669.68,49031.59,49028.92,2.6699999999982538,5.4457654788199576e-05
2026-07-03 03:39:00,20196.96,902.79,44669.7,49031.73,49028.92,2.8100000000049477,5.73131123427754e-05
2026-07-03 03:40:00,20197.16,902.64,44669.69,49031.8,49028.915,2.8850000000020373,5.884282774770841e-05
2026-07-03 03:41:00,20197.26,902.7,44669.73,49031.88,49028.91,2.969999999993888,6.057650476002603e-05
2026-07-03 03:42:00,20197.56,902.76,44669.93,49032.19,49028.905,3.2850000000034925,6.70012924009519e-05
2026-07-03 03:43:00,20198.14,901.95,44670.04,49032.5,49028.9,3.599999999998545,7.342608135198923e-05
2026-07-03 03:44:00,20198.19,901.92,44670.13,49032.6,49028.89,3.709999999999127,7.566967149366683e-05
2026-07-03 03:45:00,20198.63,901.87,44670.24,49032.88,49028.88,4.0,8.158456811577178e-05
2026-07-03 03:46:00,20198.64,902.06,44670.25,49032.9,49028.89,4.010000000002037,8.178851285440151e-05
2026-07-03 03:47:00,20198.97,902.19,44670.24,49033.03,49028.88,4.150000000001455,8.464398942014288e-05
2026-07-03 03:48:00,20199.01,902.41,44669.99,49032.83,49028.89,3.9400000000023283,8.03607832035832e-05
2026-07-03 03:49:00,20199.5,902.17,44670.19,49033.2,49028.9,4.299999999995634,8.770337494815577e-05
2026-07-03 03:50:00,20199.49,901.99,44669.96,49033.0,49028.905,4.095000000001164,8.352215902029965e-05
2026-07-03 03:51:00,20199.28,902.72,44669.88,49032.85,49028.9,3.9499999999970896,8.05647281500725e-05
2026-07-03 03:52:00,20199.16,902.84,44669.6,49032.54,49028.905,3.6350000000020373,7.413993847103126e-05
2026-07-03 03:53:00,20199.31,902.26,44669.68,49032.67,49028.91,3.7599999999947613,7.668944710365295e-05
2026-07-03 03:54:00,20199.38,902.59,44669.67,49032.69,49028.915,3.775000000001455,7.699538119498372e-05
2026-07-03 03:55:00,20199.41,902.65,44669.77,49032.79,49028.92,3.8700000000026193,7.893300525491117e-05
2026-07-03 03:56:00,20199.2,902.91,44669.86,49032.79,49028.92,3.8700000000026193,7.893300525491117e-05
2026-07-03 03:57:00,20198.82,903.18,44669.64,49032.44,49028.92,3.5200000000040745,7.17943613688426e-05
2026-07-03 03:58:00,20198.6,903.5,44669.45,49032.18,49028.92,3.2600000000020373,6.649136876769951e-05
2026-07-03 03:59:00,20198.94,903.87,44669.67,49032.53,49028.92,3.610000000000582,7.363001265376806e-05
2026-07-03 04:00:00,20198.78,904.39,44669.3,49032.13,49028.92,3.209999999999127,6.547156249819753e-05
2026-07-03 04:01:00,20199.98,903.8,44669.66,49032.95,49028.92,4.029999999998836,8.219638531705034e-05
2026-07-03 04:02:00,20199.96,904.16,44669.6,49032.87,49028.925,3.944999999999709,8.046270645337847e-05
2026-07-03 04:03:00,20199.98,904.17,44669.39,49032.71,49028.93,3.779999999998836,7.709733824496753e-05
2026-07-03 04:04:00,20200.7,903.96,44669.86,49033.43,49028.93,4.5,9.178254552975151e-05
2026-07-03 04:05:00,20200.2,904.21,44669.61,49032.99,49028.93,4.059999999997672,8.280825218901721e-05
2026-07-03 04:06:00,20200.62,903.87,44669.52,49033.08,49028.93,4.150000000001455,8.464390309968941e-05
2026-07-03 04:07:00,20200.95,903.07,44669.3,49033.01,49028.93,4.080000000001746,8.321617461367699e-05
2026-07-03 04:08:00,20201.9,902.86,44669.81,49033.86,49028.93,4.930000000000291,0.00010055287765815593
2026-07-03 04:09:00,20202.06,902.78,44669.82,49033.91,49028.93,4.980000000003201,0.00010157268371965698
2026-07-03 04:10:00,20201.4,903.49,44668.95,49032.87,49028.93,3.9400000000023283,8.036071764165215e-05
2026-07-03 04:11:00,20201.7,903.46,44668.96,49033.01,49028.93,4.080000000001746,8.321617461367699e-05
2026-07-03 04:12:00,20202.28,903.38,44669.42,49033.66,49028.935,4.725000000005821,9.637166297831721e-05
2026-07-03 04:13:00,20201.68,903.91,44669.05,49033.08,49028.94,4.139999999999418,8.443992466489012e-05
2026-07-03 04:14:00,20201.66,904.72,44668.74,49032.8,49028.94,3.860000000000582,7.872901188564514e-05
2026-07-03 04:15:00,20201.97,905.11,44668.63,49032.84,49028.94,3.8999999999941792,7.954485656826721e-05
2026-07-03 04:16:00,20202.0,905.1,44668.67,49032.9,49028.95,3.9500000000043656,8.056464598985632e-05
2026-07-03 04:17:00,20202.61,904.65,44668.83,49033.3,49028.96,4.3400000000037835,8.851911196981913e-05
2026-07-03 04:18:00,20202.55,904.43,44668.73,49033.15,49028.96,4.190000000002328,8.545969565747119e-05
2026-07-03 04:19:00,20202.52,904.71,44668.57,49033.01,49028.96,4.05000000000291,8.260424043265267e-05
2026-07-03 04:20:00,20202.2,905.48,44668.54,49032.85,49028.96,3.889999999999418,7.934086303277529e-05
2026-07-03 04:21:00,20201.85,906.08,44668.17,49032.39,49028.96,3.430000000000291,6.995865300835039e-05
2026-07-03 04:22:00,20201.93,906.39,44668.19,49032.45,49028.965,3.485000000000582,7.108043174071862e-05
2026-07-03 04:23:00,20201.85,906.86,44668.08,49032.33,49028.96,3.3700000000026193,6.873488648347057e-05
2026-07-03 04:24:00,20202.06,907.56,44668.0,49032.34,49028.96,3.3799999999973807,6.893884757085161e-05
2026-07-03 04:25:00,20202.25,907.74,44668.06,49032.49,49028.96,3.529999999998836,7.199826388319956e-05
2026-07-03 04:26:00,20202.55,907.96,44668.28,49032.81,49028.965,3.845000000001164,7.842303014149217e-05
2026-07-03 04:27:00,20202.61,907.93,44668.29,49032.85,49028.97,3.8799999999973807,7.913688580440056e-05
2026-07-03 04:28:00,20202.47,907.88,44668.28,49032.78,49028.975000000006,3.804999999993015,7.760717004573345e-05
2026-07-03 04:29:00,20202.28,908.26,44667.92,49032.39,49028.98,3.4099999999962165,6.95507024620177e-05
2026-07-03 04:30:00,20202.66,908.29,44668.02,49032.63,49028.98,3.6499999999941792,7.444576656488017e-05
2026-07-03 04:31:00,20202.41,908.8,44667.96,49032.48,49028.98,3.5,7.138635150068388e-05
2026-07-03 04:32:00,20202.29,909.11,44667.87,49032.36,49028.98,3.3799999999973807,6.893881944917843e-05
2026-07-03 04:33:00,20202.78,909.33,44668.06,49032.74,49028.98,3.7599999999947613,7.66893376120564e-05
2026-07-03 04:34:00,20202.24,909.93,44667.67,49032.17,49028.985,3.1849999999976717,6.496157324076099e-05
2026-07-03 04:35:00,20202.23,910.73,44667.46,49031.99,49028.99,3.0,6.118828880627563e-05
2026-07-03 04:36:00,20202.38,910.57,44667.64,49032.19,49028.994999999995,3.195000000006985,6.516552093321484e-05
2026-07-03 04:37:00,20202.72,910.2,44667.96,49032.62,49029.0,3.6200000000026193,7.383385343373553e-05
2026-07-03 04:38:00,20203.05,909.87,44668.1,49032.88,49029.005000000005,3.874999999992724,7.903484886125516e-05
2026-07-03 04:39:00,20203.34,910.07,44668.21,49033.11,49029.01,4.099999999998545,8.362396058983334e-05
2026-07-03 04:40:00,20203.48,910.24,44668.05,49033.02,49029.015,4.004999999997381,8.16863239042714e-05
2026-07-03 04:41:00,20203.55,910.11,44667.86,49032.87,49029.02,3.8500000000058208,7.852492258678271e-05
2026-07-03 04:42:00,20204.1,909.78,44668.12,49033.34,49029.03,4.309999999997672,8.790710319983226e-05
2026-07-03 04:43:00,20204.04,910.24,44668.09,49033.28,49029.04,4.239999999997963,8.64793599874271e-05
2026-07-03 04:44:00,20203.52,910.65,44667.47,49032.52,49029.045,3.474999999998545,7.087635502585345e-05
2026-07-03 04:45:00,20203.93,910.67,44667.5,49032.71,49029.05,3.6599999999962165,7.464962098992773e-05
2026-07-03 04:46:00,20204.04,911.03,44667.68,49032.94,49029.05,3.889999999999418,7.934071739100426e-05
2026-07-03 04:47:00,20204.5,910.67,44667.89,49033.31,49029.05,4.259999999994761,8.688726377514476e-05
2026-07-03 04:48:00,20204.18,910.91,44667.61,49032.92,49029.05,3.8699999999953434,7.893279596474627e-05
2026-07-03 04:49:00,20204.36,911.2,44667.53,49032.93,49029.05,3.8799999999973807,7.913675667787527e-05
2026-07-03 04:50:00,20204.52,911.62,44667.48,49032.97,49029.065,3.904999999998836,7.964663409344713e-05
2026-07-03 04:51:00,20204.76,911.59,44667.69,49033.25,49029.08,4.169999999998254,8.505156531589525e-05
2026-07-03 04:52:00,20204.4,911.66,44667.54,49032.96,49029.08,3.8799999999973807,7.913670825553692e-05
2026-07-03 04:53:00,20204.58,911.76,44667.4,49032.93,49029.08,3.849999999998545,7.852482649069786e-05
2026-07-03 04:54:00,20204.72,912.28,44667.6,49033.16,49029.085,4.075000000004366,8.311393125130452e-05
2026-07-03 04:55:00,20204.98,912.22,44667.79,49033.44,49029.09,4.350000000005821,8.872283780926427e-05
2026-07-03 04:56:00,20204.7,912.52,44667.62,49033.18,49029.095,4.084999999999127,8.331787482512428e-05
2026-07-03 04:57:00,20204.62,912.69,44667.54,49033.08,49029.1,3.9800000000032014,8.117628102500762e-05
2026-07-03 04:58:00,20204.9,912.7,44667.42,49033.07,49029.104999999996,3.9650000000037835,8.087033202021093e-05
2026-07-03 04:59:00,20204.81,913.21,44667.36,49033.0,49029.11,3.889999999999418,7.934062029678732e-05
2026-07-03 05:00:00,20204.8,913.17,44667.43,49033.05,49029.119999999995,3.930000000007567,8.015644580215936e-05
2026-07-03 05:01:00,20204.87,912.86,44667.4,49033.06,49029.13,3.930000000000291,8.015642945327178e-05
2026-07-03 05:02:00,20205.18,913.22,44667.58,49033.36,49029.13,4.230000000003201,8.627524086197739e-05
2026-07-03 05:03:00,20205.29,913.55,44667.59,49033.43,49029.13,4.30000000000291,8.770296352398892e-05
2026-07-03 05:04:00,20205.62,913.1,44667.61,49033.58,49029.134999999995,4.445000000006985,9.066037979268827e-05
2026-07-03 05:05:00,20205.63,912.9,44667.75,49033.7,49029.14,4.559999999997672,9.30059144418538e-05
2026-07-03 05:06:00,20205.69,913.14,44667.72,49033.71,49029.145000000004,4.564999999995052,9.310788511598666e-05
2026-07-03 05:07:00,20205.8,913.28,44667.65,49033.68,49029.15,4.529999999998836,9.23940145810979e-05
2026-07-03 05:08:00,20205.93,913.05,44667.48,49033.57,49029.165,4.404999999998836,8.98444833804295e-05
2026-07-03 05:09:00,20206.63,912.99,44667.77,49034.12,49029.18,4.940000000002328,0.00010075632511093044
2026-07-03 05:10:00,20206.8,913.43,44667.84,49034.27,49029.18,5.0899999999965075,0.00010381572769515027
2026-07-03 05:11:00,20206.45,913.62,44667.3,49033.64,49029.18,4.459999999999127,9.096623684098177e-05
2026-07-03 05:12:00,20207.01,913.67,44667.62,49034.16,49029.19,4.970000000001164,0.00010136818495270193
2026-07-03 05:13:00,20207.03,914.01,44667.8,49034.32,49029.2,5.120000000002619,0.00010442756561401409
2026-07-03 05:14:00,20207.04,914.14,44667.72,49034.25,49029.21,5.040000000000873,0.00010279586393500677
2026-07-03 05:15:00,20207.11,914.05,44667.7,49034.26,49029.22,5.040000000000873,0.00010279584296876175
2026-07-03 05:16:00,20207.46,913.89,44667.94,49034.62,49029.22,5.400000000001455,0.00011013840318082676
2026-07-03 05:17:00,20207.42,913.87,44668.05,49034.72,49029.22,5.5,0.00011217800323970073
2026-07-03 05:18:00,20207.22,914.28,44667.86,49034.45,49029.229999999996,5.220000000001164,0.00010646710135976365
2026-07-03 05:19:00,20207.44,914.2,44667.85,49034.54,49029.24,5.30000000000291,0.00010809875902630574
2026-07-03 05:20:00,20207.72,914.01,44668.27,49035.02,49029.255,5.764999999999418,0.00011758285945808107
2026-07-03 05:21:00,20207.36,913.91,44667.99,49034.61,49029.27,5.3400000000037835,0.00010891453207448905
2026-07-03 05:22:00,20207.55,913.09,44668.08,49034.77,49029.27,5.5,0.0001121778888406864
2026-07-03 05:23:00,20207.75,912.82,44668.28,49035.04,49029.27,5.7700000000040745,0.00011768480338385774
2026-07-03 05:24:00,20207.97,912.98,44668.56,49035.38,49029.27,6.110000000000582,0.00012461943651211985
2026-07-03 05:25:00,20207.91,913.03,44668.54,49035.35,49029.27,6.080000000001746,0.00012400755711846712
2026-07-03 05:26:00,20208.4,912.38,44668.77,49035.73,49029.27,6.460000000006403,0.00013175802943846406
2026-07-03 05:27:00,20208.29,911.7,44668.87,49035.77,49029.27,6.5,0.00013257386862990212
2026-07-03 05:28:00,20207.82,912.42,44668.63,49035.37,49029.274999999994,6.09500000000844,0.00012431348413796534
2026-07-03 05:29:00,20207.99,913.29,44668.6,49035.44,49029.28,6.1600000000034925,0.00012563920987629213
2026-07-03 05:30:00,20208.4,913.11,44668.71,49035.7,49029.28,6.419999999998254,0.00013094216353979203
2026-07-03 05:31:00,20208.44,913.18,44668.74,49035.74,49029.28,6.459999999999127,0.0001317580025649801
2026-07-03 05:32:00,20208.47,912.83,44668.94,49035.94,49029.285,6.654999999998836,0.00013573520397041963
2026-07-03 05:33:00,20208.34,913.32,44668.95,49035.91,49029.29,6.620000000002619,0.0001350213311268146
2026-07-03 05:34:00,20208.46,913.1,44668.98,49035.95,49029.31,6.639999999999418,0.00013542919531193522
2026-07-03 05:35:00,20208.68,913.49,44669.25,49036.29,49029.33,6.959999999999127,0.00014195584561321002
2026-07-03 05:36:00,20208.06,914.02,44669.01,49035.82,49029.33,6.489999999997963,0.00013236974684332752
2026-07-03 05:37:00,20207.99,914.23,44669.22,49036.0,49029.33,6.669999999998254,0.00013604101871264105
2026-07-03 05:38:00,20207.78,914.77,44668.9,49035.63,49029.34,6.290000000000873,0.00012829052971141103
2026-07-03 05:39:00,20207.94,914.9,44668.62,49035.44,49029.35,6.0900000000037835,0.00012421131424348444
2026-07-03 05:40:00,20208.17,915.32,44669.0,49035.9,49029.354999999996,6.54500000000553,0.0001334914562919608
2026-07-03 05:41:00,20208.07,915.0,44669.11,49035.94,49029.36,6.580000000001746,0.000134205300660701
2026-07-03 05:42:00,20207.98,915.39,44669.22,49036.01,49029.36,6.650000000001455,0.0001356330166251702
2026-07-03 05:43:00,20208.22,915.65,44669.43,49036.31,49029.36,6.94999999999709,0.00014175179932997473
2026-07-03 05:44:00,20207.95,916.46,44669.29,49036.09,49029.365000000005,6.724999999991269,0.00013716269831337338
2026-07-03 05:45:00,20207.98,916.8,44669.31,49036.13,49029.37,6.759999999994761,0.0001378765421622746
2026-07-03 05:46:00,20207.79,916.65,44669.26,49035.98,49029.375,6.605000000003201,0.00013471515800483284
2026-07-03 05:47:00,20207.81,917.01,44669.42,49036.17,49029.38,6.790000000000873,0.00013848839206208346
2026-07-03 05:48:00,20207.71,917.68,44669.62,49036.31,49029.38,6.930000000000291,0.00014134382282623788
2026-07-03 05:49:00,20207.44,918.03,44669.46,49036.09,49029.38,6.709999999999127,0.0001368567173396671
2026-07-03 05:50:00,20207.32,918.73,44669.6,49036.17,49029.39,6.779999999998836,0.00013828440451734838
2026-07-03 05:51:00,20207.21,919.19,44669.66,49036.19,49029.4,6.790000000000873,0.00013848833557010432
2026-07-03 05:52:00,20207.25,919.29,44669.63,49036.19,49029.405,6.7850000000034925,0.00013838634182902063
2026-07-03 05:53:00,20207.85,918.84,44669.98,49036.75,49029.41,7.3399999999965075,0.00014970606417651175
2026-07-03 05:54:00,20207.56,918.83,44670.02,49036.65,49029.42,7.230000000003201,0.00014746248272982224
2026-07-03 05:55:00,20207.37,918.82,44670.04,49036.6,49029.43,7.169999999998254,0.00014623869785959686
2026-07-03 05:56:00,20207.7,918.54,44670.45,49037.09,49029.43,7.6599999999962165,0.00015623269534229168
2026-07-03 05:57:00,20207.46,918.74,44670.46,49037.02,49029.43,7.5899999999965075,0.00015480498141619243
2026-07-03 05:58:00,20206.82,920.03,44670.23,49036.56,49029.44,7.119999999995343,0.00014521887257931852
2026-07-03 05:59:00,20206.58,920.45,44670.04,49036.31,49029.45,6.860000000000582,0.00013991590768406707
2026-07-03 06:00:00,20206.58,921.08,44669.87,49036.17,49029.465,6.705000000001746,0.0001367545005845311
2026-07-03 06:01:00,20206.84,921.69,44670.27,49036.66,49029.48,7.180000000000291,0.00014644250765050517
2026-07-03 06:02:00,20206.74,922.61,44670.02,49036.39,49029.495,6.894999999996799,0.0001406296352837572
2026-07-03 06:03:00,20207.22,922.67,44670.31,49036.84,49029.51,7.32999999999447,0.00014950180003827225
2026-07-03 06:04:00,20206.36,923.54,44669.63,49035.88,49029.51,6.369999999995343,0.00012992175528565028
2026-07-03 06:05:00,20206.4,924.07,44669.82,49036.07,49029.51,6.559999999997672,0.0001337969724763244
2026-07-03 06:06:00,20206.31,924.09,44669.93,49036.15,49029.520000000004,6.629999999997381,0.00013522465649260648
2026-07-03 06:07:00,20206.22,924.26,44670.1,49036.25,49029.53,6.720000000001164,0.00013706025735921116
2026-07-03 06:08:00,20206.04,925.41,44670.01,49036.11,49029.53,6.580000000001746,0.00013420483533090662
2026-07-03 06:09:00,20206.26,925.75,44669.91,49036.12,49029.53,6.5900000000037835,0.0001344087940472565
2026-07-03 06:10:00,20206.62,925.8,44669.87,49036.26,49029.535,6.724999999998545,0.00013716222272959643
2026-07-03 06:11:00,20206.74,925.22,44670.05,49036.45,49029.54,6.9099999999962165,0.00014093544422395592
2026-07-03 06:12:00,20207.16,925.1,44670.68,49037.2,49029.54,7.6599999999962165,0.0001562323448271433
2026-07-03 06:13:00,20206.55,925.82,44670.48,49036.77,49029.54,7.2299999999959255,0.00014746212181464328
2026-07-03 06:14:00,20206.17,925.92,44670.49,49036.64,49029.545,7.095000000001164,0.00014470866494888264
2026-07-03 06:15:00,20205.7,926.55,44670.49,49036.47,49029.55,6.919999999998254,0.00014113937411210694
2026-07-03 06:16:00,20205.48,927.28,44670.72,49036.59,49029.555,7.0349999999962165,0.0001434848837603404
2026-07-03 06:17:00,20205.18,927.59,44670.64,49036.39,49029.56,6.830000000001746,0.000139303718001992
2026-07-03 06:18:00,20205.13,927.81,44670.6,49036.35,49029.56,6.790000000000873,0.00013848788363593053
2026-07-03 06:19:00,20205.52,927.26,44671.02,49036.88,49029.56,7.319999999999709,0.00014929768898598537
2026-07-03 06:20:00,20206.02,926.55,44671.5,49037.51,49029.565,7.944999999999709,0.0001620450844301741
2026-07-03 06:21:00,20206.23,926.26,44671.8,49037.86,49029.57,8.290000000000873,0.00016908163787691537
2026-07-03 06:22:00,20206.18,926.12,44671.98,49038.0,49029.57,8.430000000000291,0.00017193705757566894
2026-07-03 06:23:00,20206.31,925.4,44672.26,49038.31,49029.57,8.739999999997963,0.00017825977262288784
2026-07-03 06:24:00,20206.46,925.53,44672.56,49038.63,49029.57,9.059999999997672,0.0001847864462200601
2026-07-03 06:25:00,20206.31,925.91,44672.39,49038.42,49029.57,8.849999999998545,0.00018050331667192972
2026-07-03 06:26:00,20206.22,926.44,44672.5,49038.49,49029.575,8.915000000000873,0.0001818290287036115
2026-07-03 06:27:00,20206.39,927.0,44672.68,49038.74,49029.58,9.159999999996217,0.00018682599361438985
2026-07-03 06:28:00,20205.96,927.7,44672.37,49038.3,49029.59,8.710000000006403,0.00017764782450773917
2026-07-03 06:29:00,20205.93,928.45,44672.53,49038.44,49029.6,8.840000000003783,0.00018029924780140535
2026-07-03 06:30:00,20205.28,929.66,44672.16,49037.86,49029.6,8.260000000002037,0.0001684696591447215
2026-07-03 06:31:00,20205.12,930.16,44672.07,49037.73,49029.6,8.130000000004657,0.0001658181996182848
2026-07-03 06:32:00,20205.03,930.31,44672.22,49037.83,49029.604999999996,8.22500000000582,0.00016775578754929437
2026-07-03 06:33:00,20204.98,930.51,44672.31,49037.89,49029.61,8.279999999998836,0.00016887754155088804
2026-07-03 06:34:00,20205.2,930.23,44672.36,49038.02,49029.615000000005,8.40499999999156,0.00017142700386269725
2026-07-03 06:35:00,20205.01,930.71,44672.63,49038.19,49029.62,8.569999999999709,0.0001747922990225033
2026-07-03 06:36:00,20205.11,930.58,44672.93,49038.51,49029.625,8.885000000002037,0.0001812169683125669
2026-07-03 06:37:00,20205.21,929.89,44673.32,49038.89,49029.63,9.260000000002037,0.00018886538609412385
2026-07-03 06:38:00,20205.1,929.45,44673.39,49038.91,49029.634999999995,9.275000000008731,0.00018917130425320794
2026-07-03 06:39:00,20205.25,929.62,44673.87,49039.42,49029.64,9.779999999998836,0.00019947117702677066
2026-07-03 06:40:00,20205.22,929.59,44673.96,49039.48,49029.645000000004,9.834999999999127,0.00020059292699343685
2026-07-03 06:41:00,20204.96,929.65,44673.88,49039.31,49029.65,9.659999999996217,0.0001970236377374959
2026-07-03 06:42:00,20205.2,929.29,44674.48,49039.95,49029.665,10.284999999996217,0.00020977096213070632
2026-07-03 06:43:00,20204.72,929.36,44674.09,49039.39,49029.68,9.709999999999127,0.00019804330764547365
2026-07-03 06:44:00,20204.07,930.25,44674.06,49039.12,49029.685,9.435000000004948,0.0001924344404824332
2026-07-03 06:45:00,20204.38,930.1,44674.3,49039.47,49029.69,9.779999999998836,0.00019947097360800844
2026-07-03 06:46:00,20204.49,929.58,44674.49,49039.67,49029.69,9.979999999995925,0.00020355013462242826
2026-07-03 06:47:00,20204.45,930.02,44674.95,49040.08,49029.69,10.389999999999418,0.00021191241470218183
2026-07-03 06:48:00,20203.94,929.8,44674.76,49039.69,49029.71000000001,9.979999999995925,0.00020355005159108474
2026-07-03 06:49:00,20203.7,929.84,44674.79,49039.65,49029.73,9.919999999998254,0.0002023262212538852
2026-07-03 06:50:00,20203.84,929.89,44675.2,49040.07,49029.755000000005,10.314999999995052,0.0002103824504118989
2026-07-03 06:51:00,20203.42,929.85,44675.42,49040.08,49029.78,10.30000000000291,0.00021007640662476786
2026-07-03 06:52:00,20202.62,930.07,44675.46,49039.8,49029.79,10.010000000002037,0.00020416159237072068
2026-07-03 06:53:00,20202.29,930.25,44675.43,49039.64,49029.8,9.839999999996508,0.0002006942716469679
2026-07-03 06:54:00,20202.18,930.3,44675.36,49039.53,49029.8,9.729999999995925,0.00019845073812244644
2026-07-03 06:55:00,20201.88,930.57,44675.35,49039.42,49029.8,9.619999999995343,0.000196207204597925
2026-07-03 06:56:00,20201.81,931.61,44675.5,49039.55,49029.82,9.730000000003201,0.00019845065717155808
2026-07-03 06:57:00,20201.75,931.67,44675.54,49039.54,49029.84,9.700000000004366,0.00019783870394038337
2026-07-03 06:58:00,20201.69,931.38,44675.69,49039.66,49029.84,9.820000000006985,0.00020028619306134766
2026-07-03 06:59:00,20201.58,931.24,44675.89,49039.79,49029.84,9.950000000004366,0.00020293763960894766
2026-07-03 07:00:00,20201.34,931.48,44675.94,49039.74,49029.845,9.894999999996799,0.0002018158531807881
2026-07-03 07:01:00,20201.35,931.81,44676.13,49039.92,49029.85,10.069999999999709,0.00020538508683994974
2026-07-03 07:02:00,20200.86,931.94,44675.97,49039.59,49029.85,9.739999999997963,0.00019865449313016383
2026-07-03 07:03:00,20200.66,932.06,44676.27,49039.77,49029.85,9.919999999998254,0.00020232572606276083
2026-07-03 07:04:00,20200.29,932.39,44676.2,49039.56,49029.86,9.69999999999709,0.00019783862323892194
2026-07-03 07:05:00,20200.19,932.34,44676.22,49039.53,49029.87,9.659999999996217,0.0001970227536804853
2026-07-03 07:06:00,20200.2,931.66,44676.68,49039.95,49029.87,10.07999999999447,0.00020558896036221327
2026-07-03 07:07:00,20200.07,932.55,44676.76,49039.98,49029.87,10.110000000000582,0.00020620083226817817
2026-07-03 07:08:00,20199.9,932.77,44676.78,49039.94,49029.87,10.069999999999709,0.00020538500306037337
2026-07-03 07:09:00,20199.47,932.98,44676.6,49039.57,49029.87,9.69999999999709,0.0001978385828882901
2026-07-03 07:10:00,20199.68,933.58,44676.65,49039.73,49029.87,9.860000000000582,0.0002011018997195094
2026-07-03 07:11:00,20199.6,933.71,44676.65,49039.71,49029.87,9.839999999996508,0.00020069398511553277
2026-07-03 07:12:00,20199.55,934.14,44676.57,49039.62,49029.875,9.74500000000262,0.00019875637047825676
2026-07-03 07:13:00,20199.32,934.47,44676.42,49039.39,49029.88,9.510000000002037,0.0001939633545911603
2026-07-03 07:14:00,20199.16,934.78,44676.41,49039.32,49029.88,9.440000000002328,0.00019253565376872896
2026-07-03 07:15:00,20199.05,935.07,44676.47,49039.35,49029.88,9.470000000001164,0.00019314752554974976
2026-07-03 07:16:00,20199.07,935.14,44676.75,49039.62,49029.89,9.730000000003201,0.00019845037384344941
2026-07-03 07:17:00,20198.57,935.29,44676.5,49039.19,49029.9,9.290000000000873,0.0001894762175733761
2026-07-03 07:18:00,20198.35,935.21,44676.53,49039.14,49029.9,9.239999999997963,0.0001884564316875613
2026-07-03 07:19:00,20198.32,935.51,44676.78,49039.36,49029.9,9.459999999999127,0.00019294348958490894
2026-07-03 07:20:00,20198.56,935.39,44677.04,49039.69,49029.905,9.785000000003492,0.00019957207749032947
2026-07-03 07:21:00,20198.22,935.45,44676.94,49039.46,49029.91,9.549999999995634,0.0001947790644526093
2026-07-03 07:22:00,20197.94,935.62,44676.82,49039.22,49029.91,9.309999999997672,0.00018988409319938934
2026-07-03 07:23:00,20197.63,935.56,44676.87,49039.15,49029.91,9.239999999997963,0.00018845639325052732
2026-07-03 07:24:00,20197.68,935.63,44677.08,49039.35,49029.925,9.424999999995634,0.0001922295414483223
2026-07-03 07:25:00,20197.41,935.98,44677.14,49039.32,49029.94,9.37999999999738,0.000191311676090107
2026-07-03 07:26:00,20197.38,935.74,44677.02,49039.22,49029.94,9.279999999998836,0.00018927210598256567
2026-07-03 07:27:00,20196.91,935.87,44676.92,49038.9,49029.94,8.959999999999127,0.0001827454816383444
2026-07-03 07:28:00,20196.56,936.34,44676.99,49038.82,49029.945,8.875,0.0001810118285876111
2026-07-03 07:29:00,20196.38,936.28,44676.98,49038.78,49029.95,8.830000000001746,0.00018009400376712084
2026-07-03 07:30:00,20196.45,936.19,44677.15,49038.97,49029.979999999996,8.990000000005239,0.0001833572030827922
2026-07-03 07:31:00,20195.88,936.49,44676.97,49038.57,49030.01,8.559999999997672,0.00017458695195040082
2026-07-03 07:32:00,20195.63,936.56,44677.02,49038.49,49030.025,8.464999999996508,0.00017264931029499795
2026-07-03 07:33:00,20195.36,936.46,44677.22,49038.55,49030.04,8.510000000002037,0.00017356706215214258
2026-07-03 07:34:00,20195.1,936.72,44677.2,49038.44,49030.045,8.395000000004075,0.00017122154385140937
2026-07-03 07:35:00,20195.3,936.32,44677.29,49038.58,49030.05,8.529999999998836,0.00017397493985828763
2026-07-03 07:36:00,20194.92,936.12,44677.39,49038.54,49030.05,8.489999999997963,0.00017315911364556964
2026-07-03 07:37:00,20194.4,936.26,44677.35,49038.28,49030.05,8.229999999995925,0.00016785624326297698
2026-07-03 07:38:00,20194.21,935.78,44677.55,49038.38,49030.08500000001,8.294999999990978,0.00016918184008840646
2026-07-03 07:39:00,20193.99,935.51,44677.7,49038.42,49030.12,8.299999999995634,0.00016928369744956026
2026-07-03 07:40:00,20193.66,935.87,44677.82,49038.41,49030.130000000005,8.279999999998836,0.0001688757504823837
2026-07-03 07:41:00,20193.54,935.86,44677.68,49038.24,49030.14,8.099999999998545,0.0001652045048208825
2026-07-03 07:42:00,20193.38,936.11,44677.79,49038.3,49030.155,8.145000000004075,0.00016612225680306486
2026-07-03 07:43:00,20193.03,936.18,44677.65,49037.98,49030.17,7.810000000004948,0.00015928967817172463
2026-07-03 07:44:00,20192.66,935.91,44677.62,49037.82,49030.175,7.644999999996799,0.00015592438737974722
2026-07-03 07:45:00,20192.34,936.01,44677.69,49037.73,49030.18,7.55000000000291,0.00015398678936122425
2026-07-03 07:46:00,20192.07,936.63,44677.5,49037.48,49030.195,7.2850000000034925,0.00014858190957640476
2026-07-03 07:47:00,20191.72,937.15,44677.06,49037.13,49030.21,6.919999999998254,0.00014113747422248965
2026-07-03 07:48:00,20191.58,936.77,44677.18,49037.1,49030.21,6.889999999999418,0.00014052560655969897
2026-07-03 07:49:00,20191.28,936.44,44677.35,49037.0,49030.21,6.790000000000873,0.0001384860476836806
2026-07-03 07:50:00,20191.31,936.21,44677.47,49037.14,49030.244999999995,6.8950000000040745,0.00014062748411728464
2026-07-03 07:51:00,20191.18,935.84,44677.57,49037.2,49030.28,6.919999999998254,0.00014113727272204552
2026-07-03 07:52:00,20190.96,936.36,44677.75,49037.29,49030.28,7.010000000002037,0.0001429728730898954
2026-07-03 07:53:00,20189.88,936.71,44677.32,49036.45,49030.28,6.169999999998254,0.0001258406029906061
2026-07-03 07:54:00,20189.69,936.32,44677.29,49036.32,49030.335,5.985000000000582,0.00012206728752721315
2026-07-03 07:55:00,20189.47,936.1,44677.27,49036.21,49030.39,5.819999999999709,0.00011870189080689974
2026-07-03 07:56:00,20189.4,936.16,44677.37,49036.26,49030.395000000004,5.864999999997963,0.00011961967673313589
2026-07-03 07:57:00,20189.19,936.42,44677.28,49036.09,49030.4,5.689999999995052,0.00011605045033275381
2026-07-03 07:58:00,20189.22,936.26,44677.39,49036.19,49030.405,5.7850000000034925,0.00011798801172463276
2026-07-03 07:59:00,20189.06,936.33,44677.44,49036.16,49030.41,5.75,0.00011727415699766735
2026-07-03 08:00:00,20188.51,936.18,44677.16,49035.71,49030.415,5.294999999998254,0.0001079941909526618
2026-07-03 08:01:00,20188.46,936.17,44677.41,49035.88,49030.42,5.459999999999127,0.00011135943767153386
2026-07-03 08:02:00,20188.38,936.6,44677.52,49035.96,49030.425,5.5349999999962165,0.00011288908876470511
2026-07-03 08:03:00,20188.05,936.82,44677.35,49035.67,49030.43,5.239999999997963,0.000106872405565237
2026-07-03 08:04:00,20188.06,937.14,44677.19,49035.56,49030.455,5.1049999999959255,0.00010411896034813312
2026-07-03 08:05:00,20188.0,937.27,44677.26,49035.6,49030.48,5.119999999995343,0.00010442483940592347
2026-07-03 08:06:00,20187.99,937.25,44677.27,49035.6,49030.485,5.114999999997963,0.00010432285138517317
2026-07-03 08:07:00,20187.73,937.23,44677.13,49035.36,49030.49,4.870000000002619,9.932595003644914e-05
2026-07-03 08:08:00,20187.43,937.3,44677.12,49035.22,49030.494999999995,4.725000000005821,9.636859672752276e-05
2026-07-03 08:09:00,20187.46,937.35,44676.99,49035.13,49030.5,4.629999999997381,9.443101742787409e-05
2026-07-03 08:10:00,20187.41,937.11,44677.0,49035.1,49030.505000000005,4.594999999993888,9.371716648633107e-05
2026-07-03 08:11:00,20187.41,936.77,44677.02,49035.15,49030.51,4.639999999999418,9.463495280794382e-05
2026-07-03 08:12:00,20187.01,937.22,44677.12,49035.05,49030.520000000004,4.529999999998836,9.239143292787503e-05
2026-07-03 08:13:00,20186.58,937.29,44676.97,49034.74,49030.53,4.209999999999127,8.586486827695167e-05
2026-07-03 08:14:00,20186.34,937.06,44676.89,49034.58,49030.53,4.05000000000291,8.260159537339104e-05
2026-07-03 08:15:00,20186.13,937.13,44676.53,49034.17,49030.53,3.639999999999418,7.423945855774796e-05
2026-07-03 08:16:00,20186.49,937.25,44677.0,49034.75,49030.53,4.220000000001164,8.606882283347058e-05
2026-07-03 08:17:00,20186.48,936.96,44676.98,49034.72,49030.53,4.190000000002328,8.545695916406224e-05
2026-07-03 08:18:00,20186.01,937.37,44676.88,49034.44,49030.54,3.900000000001455,7.95422608031944e-05
2026-07-03 08:19:00,20185.37,937.62,44676.54,49033.91,49030.55,3.360000000000582,6.85287030229231e-05
2026-07-03 08:20:00,20185.44,937.47,44676.67,49034.05,49030.55,3.5,7.138406564886585e-05
2026-07-03 08:21:00,20185.41,937.89,44676.64,49034.01,49030.55,3.459999999999127,7.056824775571816e-05
2026-07-03 08:22:00,20185.32,937.75,44676.41,49033.76,49030.55,3.209999999999127,6.54693859236563e-05
2026-07-03 08:23:00,20185.47,937.45,44676.27,49033.68,49030.55,3.1299999999973807,6.38377501373609e-05
2026-07-03 08:24:00,20185.79,937.43,44676.33,49033.86,49030.555,3.305000000000291,6.740694654588941e-05
2026-07-03 08:25:00,20186.0,937.54,44676.5,49034.11,49030.56,3.5500000000029104,7.240382324825395e-05
2026-07-03 08:26:00,20185.62,937.79,44676.17,49033.65,49030.56,3.0900000000037835,6.302191939075922e-05
2026-07-03 08:27:00,20184.77,937.82,44675.85,49033.02,49030.56,2.459999999999127,5.0172790194505776e-05
2026-07-03 08:28:00,20185.52,937.46,44676.21,49033.65,49030.565,3.084999999999127,6.291993575842185e-05
2026-07-03 08:29:00,20185.25,938.14,44676.05,49033.39,49030.57,2.819999999999709,5.751513800471235e-05
2026-07-03 08:30:00,20184.82,938.65,44675.71,49032.91,49030.575,2.335000000006403,4.7623345229102515e-05
2026-07-03 08:31:00,20184.98,938.45,44675.81,49033.06,49030.58,2.4799999999959255,5.058067842550354e-05
2026-07-03 08:32:00,20184.82,938.76,44675.5,49032.73,49030.59,2.140000000006694,4.364622167521733e-05
2026-07-03 08:33:00,20184.96,939.13,44675.23,49032.55,49030.6,1.9500000000043656,3.9771081732721315e-05
2026-07-03 08:34:00,20185.49,938.7,44675.07,49032.61,49030.630000000005,1.9799999999959255,4.038291981962959e-05
2026-07-03 08:35:00,20185.49,938.04,44675.11,49032.66,49030.66,2.0,4.079080314236031e-05
2026-07-03 08:36:00,20185.3,937.59,44675.3,49032.76,49030.665,2.095000000001164,4.2728361934335667e-05
2026-07-03 08:37:00,20184.65,937.33,44675.05,49032.25,49030.67,1.5800000000017462,3.22247279101376e-05
2026-07-03 08:38:00,20184.92,937.67,44675.17,49032.47,49030.685,1.7850000000034925,3.640577324186869e-05
2026-07-03 08:39:00,20184.88,937.51,44674.57,49031.92,49030.7,1.2200000000011642,2.488236961742672e-05
2026-07-03 08:40:00,20185.15,937.54,44674.97,49032.37,49030.705,1.6650000000008731,3.3958312449328904e-05
2026-07-03 08:41:00,20184.32,937.31,44674.66,49031.76,49030.71,1.0500000000029104,2.1415149811269517e-05
2026-07-03 08:42:00,20184.43,936.56,44674.81,49031.94,49030.71,1.2300000000032014,2.508631835034005e-05
2026-07-03 08:43:00,20183.97,936.92,44674.76,49031.72,49030.71,1.0100000000020373,2.0599334580348463e-05
2026-07-03 08:44:00,20183.5,937.23,44674.47,49031.26,49030.71,0.5500000000029104,1.1217459424978966e-05
2026-07-03 08:45:00,20183.45,937.54,44674.27,49031.07,49030.71,0.3600000000005821,7.342337078141069e-06
2026-07-03 08:46:00,20183.02,937.51,44674.02,49030.71,49030.715,0.004999999997380655,1.0197689341019513e-07
2026-07-03 08:47:00,20183.26,937.31,44673.91,49030.66,49030.72,0.059999999997671694,1.2237225967244963e-06
2026-07-03 08:48:00,20183.5,937.12,44673.68,49030.53,49030.725000000006,0.19500000000698492,3.977098034079343e-06
2026-07-03 08:49:00,20182.66,936.84,44673.37,49029.91,49030.73,0.819999999999709,1.6724205411579816e-05
2026-07-03 08:50:00,20183.14,936.65,44673.43,49030.21,49030.73,0.5200000000040745,1.0605593675722848e-05
2026-07-03 08:51:00,20183.72,936.89,44673.4,49030.39,49030.73,0.3400000000037835,6.934426634149307e-06
2026-07-03 08:52:00,20183.36,936.46,44673.09,49029.94,49030.740000000005,0.8000000000029104,1.631629463481298e-05
2026-07-03 08:53:00,20182.98,936.17,44672.88,49029.61,49030.75,1.139999999999418,2.3250715112443067e-05
2026-07-03 08:54:00,20184.11,935.36,44672.74,49029.94,49030.755000000005,0.8150000000023283,1.6622220073958238e-05
2026-07-03 08:55:00,20184.25,935.14,44672.79,49030.04,49030.76,0.7200000000011642,1.4684659181321361e-05
2026-07-03 08:56:00,20184.2,935.17,44672.65,49029.87,49030.76,0.8899999999994179,1.8151870376869904e-05
2026-07-03 08:57:00,20183.5,935.11,44672.36,49029.33,49030.76,1.430000000000291,2.9165364762860927e-05
2026-07-03 08:58:00,20183.43,934.78,44672.32,49029.27,49030.76,1.4900000000052387,3.0389086361403302e-05
2026-07-03 08:59:00,20183.49,934.73,44672.25,49029.22,49030.76,1.5400000000008731,3.140885436001549e-05
2026-07-03 09:00:00,20183.13,935.01,44671.93,49028.77,49030.765,1.9950000000026193,4.0688738998924846e-05
2026-07-03 09:01:00,20184.01,934.69,44671.93,49029.13,49030.77,1.639999999999418,3.3448383535470035e-05
2026-07-03 09:02:00,20183.09,934.87,44671.65,49028.49,49030.774999999994,2.2849999999962165,4.660338328317708e-05
2026-07-03 09:03:00,20183.39,934.61,44671.41,49028.38,49030.78,2.400000000001455,4.8948843971102544e-05
2026-07-03 09:04:00,20183.35,934.56,44671.4,49028.35,49030.78,2.430000000000291,4.956070452071721e-05
2026-07-03 09:05:00,20183.35,934.66,44671.43,49028.37,49030.78,2.4099999999962165,4.915279748754184e-05
2026-07-03 09:06:00,20183.09,934.68,44671.26,49028.12,49030.785,2.665000000000873,5.4353606616758696e-05
2026-07-03 09:07:00,20182.75,933.92,44670.99,49027.73,49030.79,3.0599999999976717,6.240976333437972e-05
2026-07-03 09:08:00,20182.75,933.74,44671.01,49027.74,49030.83,3.0900000000037835,6.302157234547698e-05
2026-07-03 09:09:00,20182.28,934.04,44671.04,49027.59,49030.87,3.280000000006112,6.689663063303e-05
2026-07-03 09:10:00,20181.69,933.84,44670.91,49027.25,49030.87,3.6200000000026193,7.383103746685749e-05
2026-07-03 09:11:00,20182.23,933.82,44670.84,49027.39,49030.87,3.4800000000032014,7.097569347644047e-05
2026-07-03 09:12:00,20182.09,933.8,44670.69,49027.2,49030.880000000005,3.680000000007567,7.505474101234909e-05
2026-07-03 09:13:00,20181.83,933.84,44670.29,49026.72,49030.89,4.169999999998254,8.504842559452325e-05
2026-07-03 09:14:00,20181.91,933.4,44670.28,49026.74,49030.895000000004,4.155000000006112,8.47424873644691e-05
2026-07-03 09:15:00,20182.16,933.03,44670.44,49026.98,49030.9,3.9199999999982538,7.994958281406733e-05
2026-07-03 09:16:00,20182.4,932.41,44670.4,49027.06,49030.915,3.8550000000032014,7.862386414781779e-05
2026-07-03 09:17:00,20182.88,932.11,44670.5,49027.31,49030.93,3.6200000000026193,7.383094711853557e-05
2026-07-03 09:18:00,20182.59,932.26,44670.38,49027.07,49030.93,3.860000000000582,7.872581654071383e-05
2026-07-03 09:19:00,20182.08,932.25,44669.91,49026.44,49030.93,4.489999999997963,9.157484877398742e-05
2026-07-03 09:20:00,20181.57,932.27,44669.73,49026.06,49030.935,4.875,9.942702499962524e-05
2026-07-03 09:21:00,20181.6,932.26,44669.45,49025.86,49030.94,5.080000000001746,0.00010360804830586047
2026-07-03 09:22:00,20181.25,932.51,44669.49,49025.74,49030.955,5.2150000000037835,0.00010636137925528441
2026-07-03 09:23:00,20180.3,932.56,44668.94,49024.85,49030.97,6.120000000002619,0.00012481906843781837
2026-07-03 09:24:00,20180.7,932.43,44669.0,49025.06,49030.97,5.9100000000034925,0.00012053606118752071
2026-07-03 09:25:00,20181.0,932.45,44668.85,49025.06,49030.97,5.9100000000034925,0.00012053606118752071
2026-07-03 09:26:00,20181.41,932.54,44668.84,49025.2,49031.0,5.80000000000291,0.00011829250882100937
2026-07-03 09:27:00,20181.49,932.33,44668.41,49024.82,49031.03,6.209999999999127,0.00012665448798442796
2026-07-03 09:28:00,20181.98,931.97,44668.21,49024.84,49031.03,6.190000000002328,0.00012624658303124223
2026-07-03 09:29:00,20182.4,931.5,44668.1,49024.87,49031.03,6.1599999999962165,0.00012563472560124102
2026-07-03 09:30:00,20183.39,931.11,44668.27,49025.43,49031.03,5.599999999998545,0.00011421338691025958
2026-07-03 09:31:00,20183.21,930.89,44667.78,49024.9,49031.03,6.129999999997381,0.0001250228681713882
2026-07-03 09:32:00,20183.1,930.68,44667.41,49024.54,49031.035,6.495000000002619,0.0001324671200598278
2026-07-03 09:33:00,20183.45,930.27,44667.34,49024.63,49031.04,6.4100000000034925,0.000130733510853604
2026-07-03 09:34:00,20183.49,930.27,44667.19,49024.5,49031.04,6.540000000000873,0.00013338489250892645
2026-07-03 09:35:00,20183.48,930.59,44666.72,49024.07,49031.04,6.970000000001164,0.0001421548472151756
2026-07-03 09:36:00,20183.9,930.26,44666.54,49024.08,49031.05,6.970000000001164,0.00014215481822235429
2026-07-03 09:37:00,20183.91,930.36,44666.27,49023.81,49031.06,7.25,0.00014786545508092217
2026-07-03 09:38:00,20184.38,930.32,44666.34,49024.07,49031.06,6.989999999997963,0.000142562693933151
2026-07-03 09:39:00,20184.33,929.86,44665.96,49023.68,49031.06,7.379999999997381,0.00015051683565473357
2026-07-03 09:40:00,20184.99,929.28,44665.8,49023.83,49031.06,7.2299999999959255,0.00014745755037716757
2026-07-03 09:41:00,20185.18,928.81,44665.72,49023.83,49031.06,7.2299999999959255,0.00014745755037716757
2026-07-03 09:42:00,20185.27,928.79,44665.77,49023.9,49031.065,7.165000000000873,0.0001461318451883693
2026-07-03 09:43:00,20185.09,928.52,44665.46,49023.54,49031.07,7.529999999998836,0.0001535760896100949
2026-07-03 09:44:00,20185.65,927.97,44665.4,49023.71,49031.07,7.360000000000582,0.0001501089003360641
2026-07-03 09:45:00,20186.03,927.59,44665.35,49023.8,49031.07,7.269999999996799,0.00014827332954383412
2026-07-03 09:46:00,20185.61,927.45,44664.98,49023.31,49031.085,7.775000000001455,0.00015857287269905316
2026-07-03 09:47:00,20186.35,927.51,44664.85,49023.48,49031.1,7.619999999995343,0.00015541156531253313
2026-07-03 09:48:00,20186.22,927.21,44664.53,49023.15,49031.104999999996,7.95499999999447,0.0001622439469800746
2026-07-03 09:49:00,20185.68,926.8,44664.29,49022.69,49031.11,8.419999999998254,0.00017172770512432318
2026-07-03 09:50:00,20186.16,926.57,44664.33,49022.94,49031.115000000005,8.17500000000291,0.00016673086059745755
2026-07-03 09:51:00,20186.31,926.5,44664.15,49022.81,49031.12,8.310000000004948,0.00016948419697540964
2026-07-03 09:52:00,20186.22,926.53,44663.91,49022.56,49031.130000000005,8.570000000006985,0.00017478691598596613
2026-07-03 09:53:00,20186.37,926.62,44663.53,49022.3,49031.14,8.839999999996508,0.00018029358485233073
2026-07-03 09:54:00,20186.07,926.63,44663.25,49021.89,49031.16,9.270000000004075,0.00018906344455248608
2026-07-03 09:55:00,20185.98,926.1,44662.98,49021.6,49031.18,9.580000000001746,0.0001953858748657843
2026-07-03 09:56:00,20185.95,925.94,44663.11,49021.7,49031.185,9.485000000000582,0.00019344831253824649
2026-07-03 09:57:00,20185.77,925.74,44663.25,49021.75,49031.19,9.440000000002328,0.00019253050966134674
2026-07-03 09:58:00,20185.43,925.22,44663.11,49021.48,49031.195,9.714999999996508,0.00019813916426055918
2026-07-03 09:59:00,20185.08,924.8,44662.82,49021.06,49031.2,10.139999999999418,0.00020680709425833794
2026-07-03 10:00:00,20184.75,924.87,44662.67,49020.8,49031.215,10.414999999993597,0.00021241570293523417
2026-07-03 10:01:00,20184.74,925.07,44662.66,49020.78,49031.23,10.450000000004366,0.0002131294687080941
2026-07-03 10:02:00,20184.44,925.1,44662.32,49020.36,49031.245,10.885000000002037,0.00022200129733605656
2026-07-03 10:03:00,20184.2,924.91,44662.17,49020.12,49031.26,11.139999999999418,0.00022720199317740187
2026-07-03 10:04:00,20184.85,924.11,44662.15,49020.35,49031.28,10.930000000000291,0.00022291892033004832
2026-07-03 10:05:00,20184.46,924.03,44661.81,49019.87,49031.3,11.430000000000291,0.00023311639707697512
2026-07-03 10:06:00,20184.82,923.38,44661.77,49019.98,49031.3,11.319999999999709,0.0002308729321882085
2026-07-03 10:07:00,20185.07,923.45,44661.46,49019.79,49031.3,11.510000000002037,0.000234748007905196
2026-07-03 10:08:00,20185.19,923.42,44661.22,49019.63,49031.315,11.685000000004948,0.00023831708368427293
2026-07-03 10:09:00,20185.05,923.42,44660.75,49019.14,49031.33,12.190000000002328,0.00024861654782773235
2026-07-03 10:10:00,20184.59,922.54,44660.69,49018.89,49031.33,12.440000000002328,0.0002537153285461016
2026-07-03 10:11:00,20184.57,922.27,44660.57,49018.78,49031.33,12.55000000000291,0.0002559587920621959
2026-07-03 10:12:00,20185.29,921.81,44660.74,49019.22,49031.335,12.114999999997963,0.0002470868884152953
2026-07-03 10:13:00,20185.02,921.27,44660.41,49018.79,49031.34,12.549999999995634,0.00025595873985894806
2026-07-03 10:14:00,20184.59,921.13,44660.23,49018.44,49031.345,12.904999999998836,0.0002631989801625641
2026-07-03 10:15:00,20184.8,920.7,44660.21,49018.48,49031.35,12.869999999995343,0.00026248512431322705
2026-07-03 10:16:00,20184.47,919.98,44660.01,49018.17,49031.369999999995,13.19999999999709,0.000269215402302589
2026-07-03 10:17:00,20184.16,919.7,44659.83,49017.9,49031.39,13.489999999997963,0.0002751298708847121
2026-07-03 10:18:00,20183.51,919.96,44659.46,49017.3,49031.395000000004,14.095000000001164,0.0002874688758090844
2026-07-03 10:19:00,20183.13,920.05,44659.01,49016.73,49031.4,14.669999999998254,0.00029919602540409316
2026-07-03 10:20:00,20183.25,919.84,44658.96,49016.73,49031.405,14.674999999995634,0.00029929797035177014
2026-07-03 10:21:00,20183.03,919.49,44658.63,49016.33,49031.41,15.080000000001746,0.00030755795111749273
2026-07-03 10:22:00,20182.8,919.41,44658.44,49016.06,49031.41,15.35000000000582,0.0003130646253086709
2026-07-03 10:23:00,20182.6,919.01,44658.3,49015.87,49031.41,15.540000000000873,0.0003169396923319332
2026-07-03 10:24:00,20182.67,918.68,44658.26,49015.85,49031.41,15.560000000004948,0.00031734759412394925
2026-07-03 10:25:00,20182.58,918.74,44658.19,49015.74,49031.41,15.67000000000553,0.0003195910539795924
2026-07-03 10:26:00,20182.49,918.51,44657.94,49015.48,49031.435,15.95499999999447,0.00032540348859857906
2026-07-03 10:27:00,20182.5,918.49,44657.58,49015.15,49031.46,16.30999999999767,0.0003326435721065143
2026-07-03 10:28:00,20182.62,918.34,44657.54,49015.16,49031.465,16.304999999993015,0.00033254156285138567
2026-07-03 10:29:00,20182.47,917.81,44657.51,49015.05,49031.47,16.419999999998254,0.0003348869613739554
2026-07-03 10:30:00,20182.47,917.37,44657.55,49015.07,49031.475000000006,16.405000000006112,0.0003345810012855234
2026-07-03 10:31:00,20182.45,917.28,44657.32,49014.86,49031.48,16.62000000000262,0.00033896590516954857
2026-07-03 10:32:00,20182.52,916.7,44657.02,49014.63,49031.485,16.8550000000032,0.00034375870932734756
2026-07-03 10:33:00,20183.04,916.14,44657.19,49014.96,49031.49,16.529999999998836,0.00033713028096839064
2026-07-03 10:34:00,20182.56,915.9,44656.92,49014.52,49031.494999999995,16.974999999998545,0.0003462060457262938
2026-07-03 10:35:00,20182.26,915.45,44656.63,49014.16,49031.5,17.339999999996508,0.00035365020446032666
2026-07-03 10:36:00,20181.81,915.02,44656.49,49013.84,49031.5,17.660000000003492,0.00036017662115177983
2026-07-03 10:37:00,20181.76,914.59,44656.52,49013.84,49031.5,17.660000000003492,0.00036017662115177983
2026-07-03 10:38:00,20181.57,914.14,44656.48,49013.72,49031.505000000005,17.785000000003492,0.00036272596568274806
2026-07-03 10:39:00,20181.19,914.19,44656.18,49013.28,49031.51,18.2300000000032,0.00037180172505401525
2026-07-03 10:40:00,20180.3,914.36,44655.8,49012.57,49031.515,18.94499999999971,0.00038638414497287526
2026-07-03 10:41:00,20180.19,914.06,44655.84,49012.56,49031.52,18.959999999999127,0.00038669003122887335
2026-07-03 10:42:00,20180.03,914.01,44655.78,49012.44,49031.53,19.089999999996508,0.00038934130752184374
2026-07-03 10:43:00,20180.08,913.54,44655.53,49012.24,49031.54,19.30000000000291,0.00039362418557530336
2026-07-03 10:44:00,20180.26,912.91,44655.26,49012.05,49031.545,19.494999999995343,0.00039760117695649495
2026-07-03 10:45:00,20180.37,912.3,44655.2,49012.02,49031.55,19.530000000006112,0.0003983149625089582
2026-07-03 10:46:00,20180.38,911.98,44655.27,49012.09,49031.55,19.460000000006403,0.000396887310313592
2026-07-03 10:47:00,20179.88,911.53,44655.11,49011.73,49031.55,19.81999999999971,0.0004042295216039409
2026-07-03 10:48:00,20179.72,911.31,44654.99,49011.55,49031.55,20.0,0.00040790062724918954
2026-07-03 10:49:00,20179.28,911.24,44654.67,49011.07,49031.55,20.4800000000032,0.0004176902423032354
2026-07-03 10:50:00,20178.87,911.04,44654.53,49010.79,49031.55,20.760000000002037,0.00042340085108470027
2026-07-03 10:51:00,20178.96,910.96,44654.56,49010.86,49031.55,20.69000000000233,0.00042197319888933406
2026-07-03 10:52:00,20178.83,910.75,44654.37,49010.63,49031.56,20.93000000000029,0.0004268679193564368
2026-07-03 10:53:00,20178.53,910.46,44654.06,49010.21,49031.57,21.360000000000582,0.0004356376922052584
2026-07-03 10:54:00,20178.89,909.85,44653.98,49010.28,49031.575,21.294999999998254,0.00043431197141838204
2026-07-03 10:55:00,20179.1,909.39,44654.11,49010.48,49031.58,21.099999999998545,0.0004303348984470528
2026-07-03 10:56:00,20178.89,908.96,44654.19,49010.45,49031.58,21.130000000004657,0.00043094674901368986
2026-07-03 10:57:00,20179.16,908.73,44654.05,49010.43,49031.58,21.150000000001455,0.00043135464939129953
2026-07-03 10:58:00,20179.59,908.1,44654.02,49011.74,49031.585,19.845000000001164,0.0004047391084746937
2026-07-03 10:59:00,20179.66,907.4,44653.84,49010.38,49031.59,21.209999999999127,0.0004325782622998587
2026-07-03 11:00:00,20179.6,906.96,44653.99,49010.47,49031.59,21.119999999995343,0.00043074271097460527
2026-07-03 11:01:00,20179.49,906.53,44653.99,49010.41,49031.59,21.179999999993015,0.0004319664118580086
2026-07-03 11:02:00,20179.89,906.05,44653.84,49010.43,49031.59,21.159999999996217,0.0004315585115635903
2026-07-03 11:03:00,20180.78,905.5,44654.09,49011.01,49031.59,20.57999999999447,0.0004197294030235298
2026-07-03 11:04:00,20180.58,904.92,44654.02,49010.87,49031.59,20.719999999993888,0.0004225847050849032
2026-07-03 11:05:00,20180.26,904.68,44653.93,49010.64,49031.59,20.94999999999709,0.0004272755584715301
2026-07-03 11:06:00,20180.37,904.44,44653.83,49010.6,49031.6,21.0,0.00042829522185692495
2026-07-03 11:07:00,20179.93,904.3,44653.66,49010.26,49031.61,21.349999999998545,0.00043543338674782543
2026-07-03 11:08:00,20180.17,904.03,44653.6,49010.3,49031.61,21.30999999999767,0.00043461758649160554
2026-07-03 11:09:00,20180.24,903.8,44653.65,49010.38,49031.61,21.2300000000032,0.0004329859859793142
2026-07-03 11:10:00,20179.67,903.32,44653.6,49010.08,49031.615000000005,21.535000000003492,0.0004392064181447723
2026-07-03 11:11:00,20179.2,902.92,44653.59,49009.86,49031.62,21.760000000002037,0.0004437952488618984
2026-07-03 11:12:00,20179.15,902.78,44653.66,49009.91,49031.625,21.714999999996508,0.0004428774285983079
2026-07-03 11:13:00,20178.51,902.73,44653.59,49009.59,49031.63,22.040000000000873,0.00044950575781390245
2026-07-03 11:14:00,20178.46,902.38,44653.6,49009.58,49031.634999999995,22.054999999993015,0.0004498116369154938
2026-07-03 11:15:00,20178.91,901.37,44653.87,49009.99,49031.64,21.650000000001455,0.0004415516185059577
2026-07-03 11:16:00,20178.84,901.29,44654.12,49010.18,49031.645000000004,21.465000000003783,0.0004377784999871773
2026-07-03 11:17:00,20178.1,901.34,44653.78,49009.56,49031.65,22.090000000003783,0.00045052532394899584
2026-07-03 11:18:00,20177.71,900.51,44653.78,49009.36,49031.655,22.294999999998254,0.00045470625048243333
2026-07-03 11:19:00,20177.65,900.34,44653.96,49009.51,49031.66,22.150000000001455,0.00045174893120080887
2026-07-03 11:20:00,20177.73,900.02,44654.08,49009.65,49031.67,22.0199999999968,0.0004490974914784016
2026-07-03 11:21:00,20177.66,899.86,44653.93,49009.49,49031.68,22.19000000000233,0.00045256454602416905
2026-07-03 11:22:00,20177.38,899.41,44653.86,49009.29,49031.69,22.400000000001455,0.0004568473980807403
2026-07-03 11:23:00,20177.32,898.91,44653.93,49009.32,49031.7,22.37999999999738,0.00045643940552739107
2026-07-03 11:24:00,20177.29,898.66,44654.13,49009.49,49031.705,22.215000000003783,0.00045307418944545746
2026-07-03 11:25:00,20176.87,898.71,44653.95,49009.16,49031.71,22.549999999995634,0.0004599064564543157
2026-07-03 11:26:00,20176.56,898.75,44653.48,49008.62,49031.715,23.094999999993888,0.0004710216642431106
2026-07-03 11:27:00,20176.9,898.64,44653.58,49008.84,49031.72,22.880000000004657,0.0004666366996712466
2026-07-03 11:28:00,20176.85,898.04,44653.68,49008.9,49031.725000000006,22.825000000004366,0.00046551492936469934
2026-07-03 11:29:00,20177.12,897.39,44654.01,49009.3,49031.73,22.43000000000029,0.0004574588740801169
2026-07-03 11:30:00,20176.55,896.82,44653.83,49008.9,49031.73,22.830000000001746,0.0004656168566763144
2026-07-03 11:31:00,20176.86,896.3,44653.94,49009.11,49031.73,22.62000000000262,0.0004613339158133441
2026-07-03 11:32:00,20176.56,896.33,44653.8,49008.86,49031.735,22.875,0.0004665345821435852
2026-07-03 11:33:00,20176.45,896.1,44653.62,49008.66,49031.74,23.07999999999447,0.00047071549979654955
2026-07-03 11:34:00,20176.67,895.28,44653.73,49008.84,49031.75,22.910000000003492,0.00046724826260542387
2026-07-03 11:35:00,20176.16,894.81,44653.71,49008.61,49031.76,23.150000000001455,0.00047214295387319267
2026-07-03 11:36:00,20176.11,894.44,44653.6,49008.47,49031.78,23.30999999999767,0.0004754059509974484
2026-07-03 11:37:00,20175.92,894.13,44653.35,49008.17,49031.8,23.630000000004657,0.00048193213383976633
2026-07-03 11:38:00,20176.12,893.98,44653.54,49008.42,49031.8,23.380000000004657,0.00047683340199635045
2026-07-03 11:39:00,20175.73,893.74,44653.54,49008.25,49031.8,23.55000000000291,0.00048030053964983764
2026-07-03 11:40:00,20175.4,893.32,44653.39,49007.98,49031.805,23.82499999999709,0.0004859090951270729
2026-07-03 11:41:00,20175.33,892.88,44653.47,49008.01,49031.81,23.799999999995634,0.0004853991724962965
2026-07-03 11:42:00,20175.07,893.1,44653.31,49007.77,49031.84,24.06999999999971,0.0004909055014047955
2026-07-03 11:43:00,20174.38,892.96,44653.07,49007.28,49031.87,24.590000000003783,0.0005015105481394811
2026-07-03 11:44:00,20173.59,892.27,44652.74,49006.64,49031.87,25.2300000000032,0.0005145632830239434
2026-07-03 11:45:00,20173.6,891.67,44652.65,49006.54,49031.87,25.330000000001746,0.0005166027728496128
2026-07-03 11:46:00,20173.48,891.65,44652.95,49006.77,49031.875,25.1050000000032,0.0005120138685294658
2026-07-03 11:47:00,20173.6,891.37,44653.0,49006.86,49031.88,25.0199999999968,0.000510280250318707
2026-07-03 11:48:00,20173.59,890.95,44652.94,49006.79,49031.884999999995,25.094999999993888,0.0005118098151844232
2026-07-03 11:49:00,20173.51,890.82,44652.78,49006.61,49031.89,25.279999999998836,0.0005155828176315217
2026-07-03 11:50:00,20173.5,890.53,44652.82,49006.65,49031.89,25.239999999997963,0.0005147670220339857
2026-07-03 11:51:00,20172.97,890.18,44652.85,49006.45,49031.89,25.44000000000233,0.000518846000021666
2026-07-03 11:52:00,20172.57,890.13,44652.94,49006.37,49031.89,25.5199999999968,0.0005204775912165899
2026-07-03 11:53:00,20173.26,889.57,44652.88,49006.59,49031.89,25.30000000000291,0.000515990715430364
2026-07-03 11:54:00,20173.27,889.36,44652.76,49006.48,49031.905,25.424999999995634,0.0005185399180389919
2026-07-03 11:55:00,20173.47,888.95,44652.75,49006.55,49031.92,25.369999999995343,0.0005174180411453466
2026-07-03 11:56:00,20173.95,888.32,44653.03,49006.97,49031.93,24.959999999999127,0.0005090560375657072
2026-07-03 11:57:00,20174.04,888.08,44653.07,49007.04,49031.94,24.900000000001455,0.0005078322415960179
2026-07-03 11:58:00,20174.55,887.92,44653.11,49007.29,49031.965,24.674999999995634,0.0005032431394498597
2026-07-03 11:59:00,20174.18,887.01,44652.94,49006.97,49031.99,25.0199999999968,0.000510279105538992
2026-07-03 12:00:00,20179.37,888.21,44652.91,49009.1,49032.005,22.904999999998836,0.0004671438583839033
2026-07-03 12:01:00,20183.59,884.43,44652.95,49010.76,49032.02,21.25999999999476,0.0004335942104770467
2026-07-03 12:02:00,20183.76,880.93,44653.77,49011.51,49032.035,20.525000000001455,0.00041860387805648806
2026-07-03 12:03:00,20185.06,879.24,44654.41,49012.62,49032.05,19.43000000000029,0.0003962714183885905
2026-07-03 12:04:00,20187.22,878.67,44654.3,49013.37,49032.09,18.719999999993888,0.00038179078232222796
2026-07-03 12:05:00,20186.18,878.23,44653.96,49012.65,49032.13,19.479999999995925,0.000397290511344213
2026-07-03 12:06:00,20185.35,877.54,44654.04,49012.36,49032.149999999994,19.789999999993597,0.0004036127316463504
2026-07-03 12:07:00,20183.69,877.71,44653.98,49011.63,49032.17,20.540000000000873,0.00041890864711883796
2026-07-03 12:08:00,20182.51,878.3,44653.72,49010.93,49032.175,21.24500000000262,0.00043328691823282605
2026-07-03 12:09:00,20180.24,879.37,44653.27,49009.59,49032.18,22.590000000003783,0.000460717838774531
2026-07-03 12:10:00,20178.45,879.9,44652.79,49008.47,49032.185,23.714999999996508,0.00048366190493033317
2026-07-03 12:11:00,20178.56,880.08,44652.94,49008.67,49032.19,23.520000000004075,0.00047968487640474703
2026-07-03 12:12:00,20179.57,880.29,44652.87,49009.05,49032.19,23.139999999999418,0.00047193486564641346
2026-07-03 12:13:00,20180.15,880.04,44652.87,49009.25,49032.19,22.94000000000233,0.0004678559126158209
2026-07-03 12:14:00,20180.9,878.88,44653.07,49009.73,49032.195,22.464999999996508,0.0004581683524467242
2026-07-03 12:15:00,20180.0,878.56,44653.1,49009.38,49032.2,22.81999999999971,0.0004654084458784168
2026-07-03 12:16:00,20180.34,878.44,44653.18,49009.58,49032.225,22.6449999999968,0.0004618391272269777
2026-07-03 12:17:00,20180.02,878.04,44653.18,49009.44,49032.25,22.80999999999767,0.0004652040238821933
2026-07-03 12:18:00,20179.28,878.25,44653.07,49009.05,49032.28,23.229999999995925,0.00047376952489249787
2026-07-03 12:19:00,20179.25,878.17,44653.12,49009.08,49032.31,23.229999999995925,0.00047376923502066143
2026-07-03 12:20:00,20178.78,877.93,44653.05,49008.8,49032.32,23.5199999999968,0.0004796836046101184
2026-07-03 12:21:00,20177.93,878.47,44652.75,49008.2,49032.33,24.130000000004657,0.0004921242780019766
2026-07-03 12:22:00,20178.22,878.11,44652.79,49008.36,49032.335,23.974999999998545,0.0004889630485678184
2026-07-03 12:23:00,20178.28,877.96,44652.8,49008.38,49032.34,23.959999999999127,0.0004886570781651279
2026-07-03 12:24:00,20178.61,877.71,44652.89,49008.61,49032.35,23.739999999997963,0.0004841701448125159
2026-07-03 12:25:00,20178.52,877.39,44652.97,49008.63,49032.36,23.7300000000032,0.000483966099123175
2026-07-03 12:26:00,20177.89,877.8,44652.67,49008.1,49032.365000000005,24.265000000006694,0.0004948772101856945
2026-07-03 12:27:00,20175.61,878.86,44652.43,49006.97,49032.37,25.400000000001455,0.0005180251331926532
2026-07-03 12:28:00,20175.4,878.47,44652.38,49006.85,49032.380000000005,25.530000000006112,0.0005206763367392346
2026-07-03 12:29:00,20176.35,877.62,44652.9,49007.69,49032.39,24.69999999999709,0.0005037486445183906
2026-07-03 12:30:00,20177.55,877.67,44652.94,49008.21,49032.39,24.18000000000029,0.0004931434098970148
2026-07-03 12:31:00,20179.56,877.21,44653.02,49009.06,49032.39,23.330000000001746,0.00047580793022738126
2026-07-03 12:32:00,20180.61,875.49,44653.54,49009.92,49032.405,22.485000000000582,0.0004585742836803657
2026-07-03 12:33:00,20180.74,874.36,44653.71,49010.13,49032.42,22.290000000000873,0.00045459718284353236
2026-07-03 12:34:00,20180.92,875.53,44653.47,49009.98,49032.42,22.439999999995052,0.0004576563832663175
2026-07-03 12:35:00,20181.98,875.25,44653.59,49010.52,49032.42,21.900000000001455,0.0004466432617439942
2026-07-03 12:36:00,20182.03,875.43,44653.31,49010.32,49032.425,22.1050000000032,0.0004508241230166201
2026-07-03 12:37:00,20182.78,874.7,44653.55,49010.82,49032.43,21.610000000000582,0.0004407287177078636
2026-07-03 12:38:00,20184.24,874.22,44653.73,49011.56,49032.435,20.875,0.000425738595278819
2026-07-03 12:39:00,20184.6,874.42,44653.62,49011.6,49032.44,20.840000000003783,0.00042502473872407294
2026-07-03 12:40:00,20183.65,874.15,44653.31,49010.92,49032.445,21.525000000001455,0.00043899503685776746
2026-07-03 12:41:00,20183.38,874.21,44653.29,49010.81,49032.45,21.639999999999418,0.000441340377647852
2026-07-03 12:42:00,20183.55,874.26,44653.47,49011.03,49032.455,21.42500000000291,0.0004369554818334695
2026-07-03 12:43:00,20180.52,874.68,44653.04,49009.42,49032.46,23.040000000000873,0.0004698928016257164
2026-07-03 12:44:00,20178.79,875.29,44652.84,49008.52,49032.465,23.94499999999971,0.0004883499126548035
2026-07-03 12:45:00,20177.68,874.68,44653.03,49008.25,49032.47,24.220000000001164,0.0004939583912456616
2026-07-03 12:46:00,20177.53,874.63,44653.04,49008.2,49032.475000000006,24.27500000000873,0.0004950800464387883
2026-07-03 12:47:00,20174.98,875.09,44652.67,49006.81,49032.48,25.67000000000553,0.0005235305250724729
2026-07-03 12:48:00,20173.44,876.41,44651.89,49005.54,49032.485,26.94499999999971,0.0005495336408097551
2026-07-03 12:49:00,20173.97,876.48,44652.41,49006.21,49032.49,26.279999999998836,0.0005359711489259231
2026-07-03 12:50:00,20174.14,876.17,44652.57,49006.42,49032.494999999995,26.07499999999709,0.0005317901934216705
2026-07-03 12:51:00,20176.52,876.17,44652.72,49007.52,49032.5,24.9800000000032,0.0005094580125427666
2026-07-03 12:52:00,20177.81,875.64,44652.45,49007.79,49032.5,24.709999999999127,0.0005039514607658008
2026-07-03 12:53:00,20179.33,874.61,44652.41,49008.4,49032.5,24.099999999998545,0.0004915107326772762
2026-07-03 12:54:00,20180.81,873.55,44652.89,49009.39,49032.509999999995,23.119999999995343,0.00047152389302516527
2026-07-03 12:55:00,20180.89,873.16,44653.06,49009.58,49032.52,22.939999999995052,0.00046785276383908177
2026-07-03 12:56:00,20181.07,872.99,44653.24,49009.82,49032.52,22.69999999999709,0.0004629580531450778
2026-07-03 12:57:00,20180.14,872.99,44653.28,49009.49,49032.52,23.029999999998836,0.000469688280349426
2026-07-03 12:58:00,20179.12,873.87,44652.97,49008.8,49032.524999999994,23.72499999999127,0.0004838624973931339
2026-07-03 12:59:00,20178.26,873.77,44652.92,49008.39,49032.53,24.139999999999418,0.0004923262169012983
2026-07-03 13:00:00,20180.2,874.59,44653.15,49009.4,49032.535,23.135000000002037,0.00047182957193630794
2026-07-03 13:01:00,20180.69,874.85,44653.02,49009.46,49032.54,23.080000000001746,0.00047070781974586153
2026-07-03 13:02:00,20179.89,875.0,44652.86,49009.01,49032.545,23.534999999996217,0.000479987322705689
2026-07-03 13:03:00,20180.26,875.12,44653.09,49009.36,49032.55,23.19000000000233,0.0004729511314423241
2026-07-03 13:04:00,20181.44,875.29,44653.27,49010.02,49032.575,22.55500000000029,0.0004600003161163837
2026-07-03 13:05:00,20183.53,876.01,44653.21,49010.84,49032.6,21.760000000002037,0.000443786378858189
2026-07-03 13:06:00,20184.2,876.18,44652.89,49010.83,49032.604999999996,21.77499999999418,0.0004440922524918711
2026-07-03 13:07:00,20185.5,875.48,44653.16,49011.58,49032.61,21.029999999998836,0.0004288982373159176
2026-07-03 13:08:00,20185.9,874.71,44653.52,49012.07,49032.615000000005,20.54500000000553,0.00041900681821692616
2026-07-03 13:09:00,20188.52,873.7,44654.24,49013.78,49032.62,18.840000000003783,0.00038423400585169186
2026-07-03 13:10:00,20188.97,872.92,44654.52,49014.19,49032.625,18.43499999999767,0.0003759741600617481
2026-07-03 13:11:00,20188.63,872.3,44654.88,49014.35,49032.63,18.279999999998836,0.00037281296149113024
2026-07-03 13:12:00,20187.44,871.77,44654.94,49013.91,49032.645000000004,18.735000000000582,0.00038209237947495146
2026-07-03 13:13:00,20187.21,871.24,44655.34,49014.18,49032.66,18.4800000000032,0.0003768916473224826
2026-07-03 13:14:00,20186.63,870.55,44655.64,49014.22,49032.665,18.44499999999971,0.0003761777990243791
2026-07-03 13:15:00,20184.88,870.65,44655.78,49013.63,49032.67,19.040000000000873,0.00038831252713753656
2026-07-03 13:16:00,20183.25,871.47,44655.73,49012.94,49032.67,19.729999999995925,0.0004023847773330705
2026-07-03 13:17:00,20183.23,871.08,44655.91,49013.11,49032.67,19.55999999999767,0.0003989177011979497
2026-07-03 13:18:00,20181.16,872.27,44656.02,49012.37,49032.68,20.30999999999767,0.00041421354084658787
2026-07-03 13:19:00,20180.6,871.33,44656.14,49012.25,49032.69,20.44000000000233,0.00041686474880334585
2026-07-03 13:20:00,20180.83,871.57,44656.23,49012.4,49032.7,20.299999999995634,0.00041400942636231813
2026-07-03 13:21:00,20179.82,871.33,44656.2,49011.97,49032.71,20.739999999997963,0.00042298294342690753
2026-07-03 13:22:00,20180.54,871.3,44656.39,49012.44,49032.71,20.2699999999968,0.000413397505461085
2026-07-03 13:23:00,20181.35,871.74,44656.3,49012.69,49032.71,20.0199999999968,0.00040829886824523463
2026-07-03 13:24:00,20180.69,871.49,44656.24,49012.36,49032.72,20.360000000000582,0.0004152329301739855
2026-07-03 13:25:00,20179.46,871.94,44656.17,49011.8,49032.73,20.93000000000029,0.00042685773359958315
2026-07-03 13:26:00,20179.21,871.96,44656.39,49011.92,49032.735,20.81500000000233,0.00042451231814832126
2026-07-03 13:27:00,20177.93,872.05,44656.33,49011.32,49032.74,21.419999999998254,0.00043685096937267335
2026-07-03 13:28:00,20176.53,872.18,44656.2,49010.64,49032.75,22.110000000000582,0.0004509231075148871
2026-07-03 13:29:00,20175.71,871.82,44656.46,49010.54,49032.76,22.220000000001164,0.00045316641363857886
2026-07-03 13:30:00,20174.22,872.68,44656.22,49009.74,49032.76,23.020000000004075,0.00046948203609187153
2026-07-03 13:31:00,20173.6,872.84,44656.04,49009.32,49032.76,23.44000000000233,0.00047804773787978337
2026-07-03 13:32:00,20174.03,872.63,44656.31,49009.74,49032.770000000004,23.030000000006112,0.0004696858855823587
2026-07-03 13:33:00,20174.21,872.54,44656.32,49009.83,49032.78,22.94999999999709,0.0004680542282121693
2026-07-03 13:34:00,20173.82,872.45,44656.24,49009.59,49032.78,23.19000000000233,0.00047294891295175044
2026-07-03 13:35:00,20174.42,872.02,44656.15,49009.75,49032.78,23.029999999998836,0.00046968578979202964
2026-07-03 13:36:00,20175.71,871.61,44656.22,49010.33,49032.785,22.455000000001746,0.0004579588942378399
2026-07-03 13:37:00,20176.83,871.65,44656.38,49010.83,49032.79,21.959999999999127,0.00044786356232225674
2026-07-03 13:38:00,20176.91,870.81,44656.3,49010.88,49032.79,21.910000000003492,0.00044684383654292346
2026-07-03 13:39:00,20175.42,870.35,44656.32,49010.26,49032.79,22.529999999998836,0.000459488436207665
2026-07-03 13:40:00,20175.17,870.19,44656.52,49010.36,49032.795,22.43499999999767,0.00045755091056909304
2026-07-03 13:41:00,20174.71,869.78,44656.48,49010.11,49032.8,22.69000000000233,0.00046275146432596804
2026-07-03 13:42:00,20174.03,869.62,44656.49,49009.86,49032.805,22.94499999999971,0.00046795201702206734
2026-07-03 13:43:00,20174.33,869.68,44656.53,49010.1,49032.81,22.709999999999127,0.0004631592600954163
2026-07-03 13:44:00,20174.64,869.91,44656.35,49009.98,49032.81,22.82999999999447,0.0004656066009676882
2026-07-03 13:45:00,20173.75,870.88,44656.05,49009.35,49032.81,23.459999999999127,0.00047845514054770935
2026-07-03 13:46:00,20172.54,871.83,44655.62,49008.49,49032.82,24.330000000001746,0.0004961982606752324
2026-07-03 13:47:00,20171.81,872.45,44655.23,49007.86,49032.83,24.970000000001164,0.0005092506388067171
2026-07-03 13:48:00,20172.12,872.41,44655.28,49008.01,49032.835,24.82499999999709,0.0005062933848307382
2026-07-03 13:49:00,20171.18,872.7,44655.0,49007.35,49032.84,25.489999999997963,0.0005198556722392169
2026-07-03 13:50:00,20171.66,872.96,44655.18,49007.67,49032.845,25.17500000000291,0.0005134313540240814
2026-07-03 13:51:00,20173.43,872.61,44655.45,49008.73,49032.85,24.119999999995343,0.0004919151140509953
2026-07-03 13:52:00,20175.67,872.29,44655.62,49009.79,49032.85,23.05999999999767,0.00047029695398080417
2026-07-03 13:53:00,20177.67,872.3,44655.44,49010.45,49032.85,22.400000000001455,0.0004568365901635629
2026-07-03 13:54:00,20178.64,871.92,44655.36,49010.75,49032.85,22.099999999998545,0.0004507182429738134
2026-07-03 13:55:00,20178.0,871.92,44655.4,49010.53,49032.85,22.31999999999971,0.00045520503091294324
2026-07-03 13:56:00,20177.82,871.79,44655.73,49010.76,49032.86,22.099999999998545,0.0004507181510521423
2026-07-03 13:57:00,20178.87,871.82,44655.71,49011.15,49032.87,21.720000000001164,0.0004429681558513944
2026-07-03 13:58:00,20179.32,871.47,44655.9,49011.5,49032.87,21.37000000000262,0.00043583008704166446
2026-07-03 13:59:00,20177.05,871.48,44656.1,49010.76,49032.87,22.110000000000582,0.0004509220039536862
2026-07-03 14:00:00,20176.58,872.4,44656.12,49010.6,49032.87,22.270000000004075,0.0004541851211239333
2026-07-03 14:01:00,20177.51,872.96,44656.22,49011.09,49032.87,21.780000000006112,0.0004441918247903113
2026-07-03 14:02:00,20179.34,872.77,44656.51,49012.09,49032.875,20.785000000003492,0.0004238992716621959
2026-07-03 14:03:00,20179.48,872.43,44656.57,49012.2,49032.88,20.68000000000029,0.00042175780822991207
2026-07-03 14:04:00,20181.36,872.07,44657.14,49013.47,49032.88,19.409999999996217,0.0003958568209739305
2026-07-03 14:05:00,20182.71,871.63,44657.52,49014.36,49032.88,18.5199999999968,0.0003777057354166592
2026-07-03 14:06:00,20182.38,871.79,44657.54,49014.25,49032.89,18.639999999999418,0.0003801529952650031
2026-07-03 14:07:00,20181.62,872.09,44657.56,49013.95,49032.9,18.950000000004366,0.00038647520338393947
2026-07-03 14:08:00,20181.09,871.74,44657.59,49013.77,49032.9,19.130000000004657,0.0003901462079543461
2026-07-03 14:09:00,20182.29,871.81,44658.1,49014.72,49032.9,18.18000000000029,0.00037077146161047564
2026-07-03 14:10:00,20183.76,871.84,44658.28,49015.5,49032.905,17.404999999998836,0.0003549657112912
2026-07-03 14:11:00,20184.08,872.05,44658.33,49015.66,49032.91,17.25,0.0003518045329147301
2026-07-03 14:12:00,20184.86,872.07,44658.25,49015.9,49032.915,17.014999999999418,0.0003470117980952064
2026-07-03 14:13:00,20186.37,871.68,44658.59,49016.83,49032.92,16.089999999996508,0.00032814688580644406
2026-07-03 14:14:00,20185.6,871.61,44658.63,49016.53,49032.925,16.395000000004075,0.00033436716247305407
2026-07-03 14:15:00,20184.09,871.65,44658.85,49016.12,49032.93,16.80999999999767,0.00034283082818011636
2026-07-03 14:16:00,20181.58,872.17,44658.81,49015.06,49032.93,17.87000000000262,0.00036444895297920436
2026-07-03 14:17:00,20183.41,872.46,44659.11,49016.09,49032.93,16.840000000003783,0.00034344266190096704
2026-07-03 14:18:00,20184.31,872.94,44659.02,49016.39,49032.935,16.544999999998254,0.0003374262625722538
2026-07-03 14:19:00,20185.32,872.69,44659.28,49017.03,49032.94,15.910000000003492,0.00032447575038338494
2026-07-03 14:20:00,20186.67,872.13,44659.41,49017.69,49032.94,15.25,0.0003110154112725037
2026-07-03 14:21:00,20187.58,871.36,44659.59,49018.22,49032.94,14.720000000001164,0.0003002063510774831
2026-07-03 14:22:00,20189.3,871.39,44659.63,49018.97,49032.945,13.974999999998545,0.00028501245438140714
2026-07-03 14:23:00,20188.73,870.98,44659.76,49018.81,49032.95,14.139999999999418,0.0002883775094094771
2026-07-03 14:24:00,20189.04,871.34,44659.96,49019.16,49032.95,13.789999999993597,0.00028123945224575714
2026-07-03 14:25:00,20188.93,871.12,44659.87,49019.01,49032.95,13.939999999995052,0.00028429861960161594
2026-07-03 14:26:00,20188.33,870.6,44659.97,49018.88,49032.955,14.075000000004366,0.0002870518409507313
2026-07-03 14:27:00,20189.79,870.47,44660.48,49019.93,49032.96,13.029999999998836,0.0002657396167801992
2026-07-03 14:28:00,20191.13,870.02,44660.83,49020.76,49032.965,12.20499999999447,0.00024891417437216925
2026-07-03 14:29:00,20190.3,869.97,44660.98,49020.56,49032.97,12.410000000003492,0.0002530950093376659
2026-07-03 14:30:00,20190.4,870.04,44661.11,49020.71,49032.979999999996,12.269999999996799,0.00025023973660170766
2026-07-03 14:31:00,20189.73,870.31,44661.21,49020.55,49032.99,12.439999999995052,0.0002537067390749586
2026-07-03 14:32:00,20189.31,871.51,44661.1,49020.3,49032.994999999995,12.694999999992433,0.00025890729293595946
2026-07-03 14:33:00,20189.17,872.01,44661.38,49020.49,49033.0,12.510000000002037,0.00025513429731001646
2026-07-03 14:34:00,20188.21,872.03,44661.25,49019.99,49033.0,13.010000000002037,0.0002653315114311186
2026-07-03 14:35:00,20189.63,872.14,44661.59,49020.87,49033.0,12.12999999999738,0.00024738441457788387
2026-07-03 14:36:00,20190.91,872.09,44661.45,49021.26,49033.005000000005,11.74500000000262,0.00023953253527909656
2026-07-03 14:37:00,20190.93,871.99,44661.68,49021.49,49033.01,11.520000000004075,0.00023494376543483817
2026-07-03 14:38:00,20190.63,872.28,44661.54,49021.25,49033.01,11.760000000002037,0.00023983842721468735
2026-07-03 14:39:00,20192.04,871.85,44661.89,49022.12,49033.01,10.889999999999418,0.00022209527826253002
2026-07-03 14:40:00,20192.53,871.23,44662.0,49022.45,49033.01,10.560000000004948,0.00021536511831529305
2026-07-03 14:41:00,20192.45,871.64,44662.4,49022.76,49033.01,10.25,0.00020904284684949994
2026-07-03 14:42:00,20192.11,871.0,44662.16,49022.41,49033.01,10.599999999998545,0.00021618089527847758
2026-07-03 14:43:00,20192.06,870.98,44662.37,49022.58,49033.01,10.430000000000291,0.00021271384318442393
2026-07-03 14:44:00,20191.64,871.11,44662.64,49022.65,49033.015,10.364999999997963,0.00021138818406328804
2026-07-03 14:45:00,20189.16,871.99,44662.37,49021.38,49033.02,11.639999999999418,0.00023739104791015153
2026-07-03 14:46:00,20187.73,872.49,44662.25,49020.73,49033.02,12.289999999993597,0.0002506474208603426
2026-07-03 14:47:00,20187.59,872.55,44662.51,49020.89,49033.02,12.12999999999738,0.00024738431367265124
2026-07-03 14:48:00,20186.42,873.12,44662.33,49020.28,49033.024999999994,12.744999999995343,0.00025992685542030794
2026-07-03 14:49:00,20187.24,874.1,44662.55,49020.83,49033.03,12.19999999999709,0.000248811872323556
2026-07-03 14:50:00,20187.22,873.9,44662.33,49020.62,49033.03,12.409999999996217,0.00025309469963402664
2026-07-03 14:51:00,20187.31,874.21,44662.39,49020.71,49033.03,12.319999999999709,0.00025125920221531707
2026-07-03 14:52:00,20187.54,874.09,44662.47,49020.87,49033.04,12.169999999998254,0.00024819998923171504
2026-07-03 14:53:00,20187.25,874.11,44662.43,49020.71,49033.05,12.340000000003783,0.0002516669878786611
2026-07-03 14:54:00,20186.43,874.44,44662.6,49020.55,49033.055,12.50499999999738,0.00025503203910091633
2026-07-03 14:55:00,20185.89,874.4,44662.6,49020.33,49033.06,12.729999999995925,0.0002596207538341667
2026-07-03 14:56:00,20186.3,874.15,44662.67,49020.53,49033.06,12.529999999998836,0.00025554187317697156
2026-07-03 14:57:00,20186.44,874.25,44662.76,49020.66,49033.06,12.39999999999418,0.00025289060074966114
2026-07-03 14:58:00,20186.35,874.25,44662.94,49020.77,49033.06,12.290000000000873,0.00025064721638830766
2026-07-03 14:59:00,20187.76,873.7,44663.19,49021.6,49033.06,11.459999999999127,0.00023371986166066582
2026-07-03 15:00:00,20188.74,873.34,44663.34,49022.13,49033.065,10.935000000004948,0.00022301277719442885
2026-07-03 15:01:00,20188.78,872.83,44663.4,49022.19,49033.07,10.87999999999738,0.00022189106250123397
2026-07-03 15:02:00,20189.78,872.47,44663.62,49022.8,49033.07,10.269999999996799,0.0002094504790337786
2026-07-03 15:03:00,20190.04,872.26,44663.59,49022.86,49033.07,10.209999999999127,0.0002082268150862087
2026-07-03 15:04:00,20189.86,872.31,44663.63,49022.83,49033.075,10.244999999995343,0.00020894059774948531
2026-07-03 15:05:00,20190.17,872.05,44664.08,49023.37,49033.08,9.709999999999127,0.00019802957513578845
2026-07-03 15:06:00,20189.05,871.83,44664.01,49022.83,49033.08,10.25,0.0002090425484183331
2026-07-03 15:07:00,20188.39,872.18,44664.03,49022.6,49033.08,10.480000000003201,0.0002137332592609561
2026-07-03 15:08:00,20187.71,872.41,44664.16,49022.44,49033.08,10.639999999999418,0.0002169963624557017
2026-07-03 15:09:00,20187.94,872.35,44664.33,49022.68,49033.08,10.400000000001455,0.0002121017076635091
2026-07-03 15:10:00,20187.99,872.73,44664.44,49022.8,49033.095,10.294999999998254,0.0002099602319616629
2026-07-03 15:11:00,20188.53,873.22,44664.35,49022.94,49033.11,10.169999999998254,0.00020741086992031004
2026-07-03 15:12:00,20188.79,873.45,44664.75,49023.41,49033.130000000005,9.720000000001164,0.00019823331694307836
2026-07-03 15:13:00,20189.56,873.66,44665.1,49024.03,49033.15,9.12000000000262,0.0001859966165747585
2026-07-03 15:14:00,20190.39,873.78,44665.21,49024.47,49033.155,8.684999999997672,0.00017712504936705933
2026-07-03 15:15:00,20190.1,874.03,44665.21,49024.36,49033.16,8.80000000000291,0.00017947038290012127
2026-07-03 15:16:00,20190.98,873.95,44665.95,49025.39,49033.165,7.775000000001455,0.00015856614599529635
2026-07-03 15:17:00,20189.65,874.48,44665.77,49024.7,49033.17,8.470000000001164,0.00017274020831207048
2026-07-03 15:18:00,20191.41,874.15,44666.31,49025.9,49033.175,7.275000000001455,0.00014836893592963242
2026-07-03 15:19:00,20192.77,874.38,44666.69,49026.79,49033.18,6.389999999999418,0.000130319918063634
2026-07-03 15:20:00,20193.21,874.78,44666.94,49027.21,49033.185,5.974999999998545,0.00012185624898726332
2026-07-03 15:21:00,20193.54,874.31,44667.09,49027.47,49033.19,5.720000000001164,0.00011665567751152156
2026-07-03 15:22:00,20193.95,874.02,44667.12,49027.65,49033.195,5.544999999998254,0.00011308665486714161
2026-07-03 15:23:00,20192.48,873.69,44667.16,49027.1,49033.2,6.099999999998545,0.00012440550484158784
2026-07-03 15:24:00,20194.99,872.84,44667.9,49028.78,49033.21,4.430000000000291,9.034693017243397e-05
2026-07-03 15:25:00,20195.56,872.2,44668.21,49029.29,49033.22,3.930000000000291,8.014974337806677e-05
2026-07-03 15:26:00,20194.26,872.39,44668.24,49028.8,49033.235,4.434999999997672,9.044885576074415e-05
2026-07-03 15:27:00,20194.19,872.39,44668.42,49028.94,49033.25,4.309999999997672,8.789953755864993e-05
2026-07-03 15:28:00,20193.26,872.52,44668.33,49028.48,49033.259999999995,4.77999999999156,9.748485007914139e-05
2026-07-03 15:29:00,20193.37,871.6,44668.69,49028.85,49033.27,4.419999999998254,9.014287645915221e-05
2026-07-03 15:30:00,20194.22,871.34,44668.69,49029.18,49033.274999999994,4.094999999993888,8.35147152621131e-05
2026-07-03 15:31:00,20193.4,870.78,44668.52,49028.71,49033.28,4.569999999999709,9.320200484241945e-05
2026-07-03 15:32:00,20194.37,870.42,44668.87,49029.4,49033.29,3.889999999999418,7.933385665125505e-05
2026-07-03 15:33:00,20194.2,870.4,44668.71,49029.18,49033.3,4.120000000002619,8.40245302682589e-05
2026-07-03 15:34:00,20194.71,870.07,44668.59,49029.27,49033.305,4.0350000000034925,8.229100608256964e-05
2026-07-03 15:35:00,20192.43,870.32,44668.42,49028.17,49033.31,5.139999999999418,0.00010482669842193844
2026-07-03 15:36:00,20191.99,870.16,44668.21,49027.82,49033.31,5.489999999997963,0.00011196470317826724
2026-07-03 15:37:00,20192.89,870.42,44668.36,49028.31,49033.31,5.0,0.00010197149651940692
2026-07-03 15:38:00,20190.17,870.95,44667.96,49026.85,49033.325,6.474999999998545,0.00013205304759566163
2026-07-03 15:39:00,20189.15,871.13,44668.08,49026.56,49033.34,6.779999999998836,0.00013827326468070168
2026-07-03 15:40:00,20190.15,871.07,44668.51,49027.37,49033.34,5.969999999993888,0.00012175389235148755
2026-07-03 15:41:00,20191.33,871.24,44668.03,49027.4,49033.34,5.939999999995052,0.00012114206374672932
2026-07-03 15:42:00,20191.59,871.78,44667.92,49027.42,49033.345,5.92500000000291,0.00012083613712266439
2026-07-03 15:43:00,20191.27,872.65,44667.82,49027.2,49033.35,6.150000000001455,0.0001254248384008324
2026-07-03 15:44:00,20190.89,872.46,44668.2,49027.4,49033.354999999996,5.95499999999447,0.00012144794089644632
2026-07-03 15:45:00,20194.21,872.66,44668.77,49029.27,49033.36,4.0900000000037835,8.341259909587643e-05
2026-07-03 15:46:00,20193.25,873.75,44668.34,49028.49,49033.365000000005,4.875000000007276,9.942209758614926e-05
2026-07-03 15:47:00,20193.45,874.96,44668.69,49028.93,49033.37,4.440000000002328,9.05505781063453e-05
2026-07-03 15:48:00,20195.25,874.48,44668.65,49029.63,49033.380000000005,3.750000000007276,7.647851320890535e-05
2026-07-03 15:49:00,20195.04,875.2,44669.03,49029.87,49033.39,3.5199999999967986,7.178781642462002e-05
2026-07-03 15:50:00,20191.98,876.12,44668.79,49028.43,49033.41,4.980000000003201,0.00010156340340194984
2026-07-03 15:51:00,20193.03,876.04,44669.04,49029.1,49033.43,4.330000000001746,8.830709987047095e-05
2026-07-03 15:52:00,20193.74,876.47,44669.08,49029.41,49033.43,4.019999999996799,8.198488255862986e-05
2026-07-03 15:53:00,20193.22,876.9,44669.13,49029.27,49033.43,4.1600000000034925,8.484007747374582e-05
2026-07-03 15:54:00,20191.94,877.32,44669.48,49029.05,49033.435,4.384999999994761,8.942877446776391e-05
2026-07-03 15:55:00,20191.36,877.33,44669.6,49028.92,49033.44,4.5200000000040745,9.218198845530875e-05
2026-07-03 15:56:00,20192.02,877.44,44669.86,49029.43,49033.505000000005,4.075000000004366,8.310643915837477e-05
2026-07-03 15:57:00,20192.13,877.68,44670.26,49029.84,49033.57,3.7300000000032014,7.60703330392464e-05
2026-07-03 15:58:00,20191.9,877.8,44670.37,49029.84,49033.575,3.735000000000582,7.617229622764773e-05
2026-07-03 15:59:00,20191.56,877.79,44670.47,49029.8,49033.58,3.779999999998836,7.709002687543589e-05
2026-07-03 16:00:00,20191.93,877.67,44670.83,49030.28,49033.595,3.3150000000023283,6.760670923684727e-05
2026-07-03 16:01:00,20192.35,877.47,44670.81,49030.41,49033.61,3.1999999999970896,6.526135848445769e-05
2026-07-03 16:02:00,20192.68,877.27,44670.74,49030.5,49033.625,3.125,6.373177589868177e-05
2026-07-03 16:03:00,20193.8,876.96,44671.16,49031.33,49033.64,2.3099999999976717,4.7110514332561724e-05
2026-07-03 16:04:00,20194.07,876.68,44671.29,49031.55,49033.645000000004,2.095000000001164,4.272576513537111e-05
2026-07-03 16:05:00,20194.73,876.86,44671.34,49031.87,49033.65,1.7799999999988358,3.6301601043341376e-05
2026-07-03 16:06:00,20193.74,877.43,44671.19,49031.33,49033.65,2.319999999999709,4.73144463037059e-05
2026-07-03 16:07:00,20192.87,877.61,44671.23,49031.03,49033.65,2.6200000000026193,5.343269367062455e-05
2026-07-03 16:08:00,20194.38,877.1,44671.66,49032.02,49033.655,1.6350000000020373,3.334444474926532e-05
2026-07-03 16:09:00,20193.49,877.22,44671.49,49031.49,49033.65,2.1600000000034925,4.405138104145811e-05
2026-07-03 16:10:00,20193.81,876.69,44671.48,49031.62,49033.65,2.029999999998836,4.1400140515724114e-05
2026-07-03 16:11:00,20194.09,877.07,44671.35,49031.61,49033.65,2.040000000000873,4.1604082094660975e-05
2026-07-03 16:12:00,20194.44,876.96,44671.66,49032.05,49033.655,1.6049999999959255,3.273262007484299e-05
2026-07-03 16:13:00,20194.9,876.87,44671.87,49032.42,49033.65,1.2300000000032014,2.5084814204188377e-05
2026-07-03 16:14:00,20193.76,877.21,44671.71,49031.8,49033.66,1.860000000000582,3.7933125938397864e-05
2026-07-03 16:15:00,20194.46,877.39,44672.04,49032.42,49033.67,1.25,2.549268696387605e-05
2026-07-03 16:16:00,20196.22,877.3,44672.29,49033.34,49033.675,0.33500000000640284,6.832039409781192e-06
2026-07-03 16:17:00,20195.76,877.24,44671.88,49032.78,49033.68,0.9000000000014552,1.8354730870729163e-05
2026-07-03 16:18:00,20193.9,877.91,44671.49,49031.66,49033.68,2.0199999999967986,4.119617373194911e-05
2026-07-03 16:19:00,20189.89,879.18,44671.47,49030.05,49033.68,3.6299999999973807,7.403074784510117e-05
2026-07-03 16:20:00,20190.79,878.92,44671.78,49030.7,49033.69,2.9900000000052387,6.0978482345612546e-05
2026-07-03 16:21:00,20191.65,879.77,44671.61,49030.9,49033.7,2.7999999999956344,5.7103583861622405e-05
2026-07-03 16:22:00,20187.71,880.65,44670.88,49028.63,49033.705,5.075000000004366,0.00010350023519545108
2026-07-03 16:23:00,20187.19,880.62,44671.28,49028.8,49033.71,4.9099999999962165,0.00010013519270714405
2026-07-03 16:24:00,20187.86,880.71,44671.56,49029.33,49033.735,4.404999999998836,8.983610977215657e-05
2026-07-03 16:25:00,20188.44,880.52,44671.36,49029.36,49033.76,4.400000000001455,8.973409340832633e-05
2026-07-03 16:26:00,20188.06,881.02,44671.12,49028.98,49033.78,4.799999999995634,9.789169833522186e-05
2026-07-03 16:27:00,20187.92,881.46,44671.21,49029.01,49033.8,4.790000000000873,9.768771745206109e-05
2026-07-03 16:28:00,20187.91,881.35,44671.33,49029.13,49033.825,4.694999999999709,9.575022956091452e-05
2026-07-03 16:29:00,20188.55,881.37,44671.56,49029.6,49033.85,4.25,8.667481749852398e-05
2026-07-03 16:30:00,20188.14,881.61,44671.5,49029.38,49033.854999999996,4.474999999998545,9.126347500106906e-05
2026-07-03 16:31:00,20188.18,881.88,44671.47,49029.37,49033.86,4.489999999997963,9.156937675308374e-05
2026-07-03 16:32:00,20189.32,881.75,44671.77,49030.12,49033.885,3.764999999999418,7.678363645873497e-05
2026-07-03 16:33:00,20189.54,881.85,44671.97,49030.4,49033.91,3.5100000000020373,7.158311462418635e-05
2026-07-03 16:34:00,20189.75,881.8,44672.06,49030.55,49033.91,3.360000000000582,6.852400716158637e-05
2026-07-03 16:35:00,20189.78,882.12,44672.24,49030.72,49033.91,3.1900000000023283,6.505701870404233e-05
2026-07-03 16:36:00,20189.76,882.76,44672.29,49030.78,49033.96000000001,3.180000000007567,6.485301207586674e-05
2026-07-03 16:37:00,20190.28,883.16,44672.18,49030.89,49034.01,3.1200000000026193,6.362930545559335e-05
2026-07-03 16:38:00,20190.65,883.34,44672.25,49031.11,49034.020000000004,2.9100000000034925,5.934655163911693e-05
2026-07-03 16:39:00,20190.68,883.71,44672.47,49031.34,49034.03,2.6900000000023283,5.485985957104338e-05
2026-07-03 16:40:00,20191.81,883.92,44673.03,49032.31,49034.04,1.7300000000032014,3.528161252883102e-05
2026-07-03 16:41:00,20192.71,884.68,44673.17,49032.81,49034.05,1.2400000000052387,2.5288549487656815e-05
2026-07-03 16:42:00,20193.26,885.1,44673.08,49032.95,49034.065,1.1150000000052387,2.2739293591205187e-05
2026-07-03 16:43:00,20193.45,885.34,44673.38,49033.31,49034.08,0.7700000000040745,1.5703363864562658e-05
2026-07-03 16:44:00,20193.09,885.75,44673.37,49033.17,49034.095,0.9250000000029104,1.8864424845669333e-05
2026-07-03 16:45:00,20194.46,885.43,44673.95,49034.26,49034.11,0.1500000000014552,3.059094985132904e-06
2026-07-03 16:46:00,20194.68,885.94,44673.95,49034.33,49034.115000000005,0.21499999999650754,4.3847023648026995e-06
2026-07-03 16:47:00,20194.65,886.6,44674.02,49034.41,49034.12,0.2900000000008731,5.914249098400728e-06
2026-07-03 16:48:00,20195.68,886.83,44674.02,49034.84,49034.130000000005,0.7099999999918509,1.447971035668117e-05
2026-07-03 16:49:00,20195.34,887.1,44673.97,49034.67,49034.14,0.5299999999988358,1.0808795667647803e-05
2026-07-03 16:50:00,20194.68,887.62,44674.28,49034.68,49034.14,0.5400000000008731,1.1012735208588814e-05
2026-07-03 16:51:00,20194.69,887.42,44674.32,49034.74,49034.14,0.5999999999985448,1.223637245393811e-05
2026-07-03 16:52:00,20195.25,887.56,44674.67,49035.28,49034.15,1.1299999999973807,2.3045163421765863e-05
2026-07-03 16:53:00,20194.04,887.73,44674.61,49034.75,49034.16,0.5899999999965075,1.2032428005221411e-05
2026-07-03 16:54:00,20193.4,887.8,44674.71,49034.56,49034.16,0.39999999999417923,8.157578308554265e-06
2026-07-03 16:55:00,20192.91,887.58,44674.79,49034.43,49034.16,0.2699999999967986,5.506365358288967e-06
2026-07-03 16:56:00,20193.12,887.4,44674.78,49034.51,49034.165,0.34500000000116415,7.035910573804288e-06
2026-07-03 16:57:00,20192.84,887.44,44674.78,49034.4,49034.17,0.23000000000320142,4.69060657095249e-06
2026-07-03 16:58:00,20192.92,887.79,44674.92,49034.57,49034.2,0.37000000000261934,7.545753780068185e-06
2026-07-03 16:59:00,20193.81,887.97,44675.02,49035.02,49034.23,0.7899999999935972,1.6111194159541142e-05
2026-07-03 17:00:00,20193.95,887.97,44674.95,49035.01,49034.23,0.7799999999988358,1.5907254993069857e-05
2026-07-03 17:01:00,20192.76,887.53,44674.86,49034.44,49034.23,0.20999999999912689,4.282722498122778e-06
2026-07-03 17:02:00,20192.08,886.75,44674.93,49034.23,49034.240000000005,0.010000000002037268,2.0393912502849574e-07
2026-07-03 17:03:00,20194.36,885.97,44675.5,49035.66,49034.25,1.4100000000034925,2.875541075887757e-05
2026-07-03 17:04:00,20195.8,885.89,44675.47,49036.21,49034.25,1.9599999999991269,3.997206034555697e-05
2026-07-03 17:05:00,20195.31,885.81,44675.16,49035.71,49034.25,1.4599999999991269,2.9775106175767487e-05
2026-07-03 17:06:00,20196.05,885.77,44675.39,49036.25,49034.255000000005,1.9949999999953434,4.068584298864831e-05
2026-07-03 17:07:00,20196.6,885.59,44675.18,49036.26,49034.26,2.0,4.078780836092968e-05
2026-07-03 17:08:00,20194.9,886.36,44674.9,49035.32,49034.26,1.0599999999976717,2.1617538431245248e-05
2026-07-03 17:09:00,20193.13,886.92,44675.01,49034.7,49034.26,0.43999999999505235,8.973317839303628e-06
2026-07-03 17:10:00,20192.12,886.71,44674.82,49034.14,49034.265,0.125,2.549237762613552e-06
2026-07-03 17:11:00,20193.72,887.14,44674.98,49034.95,49034.26,0.6899999999950523,1.4071793884419839e-05
2026-07-03 17:12:00,20194.09,887.56,44674.76,49034.9,49034.29,0.6100000000005821,1.2440273938922784e-05
2026-07-03 17:13:00,20194.02,887.74,44674.55,49034.68,49034.32,0.3600000000005821,7.341796521305528e-06
2026-07-03 17:14:00,20195.43,887.98,44674.77,49035.47,49034.295,1.1750000000029104,2.3962820307764402e-05
2026-07-03 17:15:00,20196.27,888.04,44674.72,49035.76,49034.33,1.430000000000291,2.9163241345406186e-05
2026-07-03 17:16:00,20195.96,888.69,44674.33,49035.27,49034.33,0.9399999999950523,1.9170242562609753e-05
2026-07-03 17:17:00,20196.33,888.6,44674.49,49035.58,49034.33,1.25,2.5492343833391828e-05
2026-07-03 17:18:00,20196.83,887.93,44674.35,49035.64,49034.295,1.3450000000011642,2.742978154373718e-05
2026-07-03 17:19:00,20198.18,887.7,44674.59,49036.39,49034.26,2.1299999999973807,4.3439015904336694e-05
2026-07-03 17:20:00,20199.04,887.75,44674.93,49037.06,49034.255000000005,2.804999999993015,5.7204907059218395e-05
2026-07-03 17:21:00,20198.46,887.98,44674.82,49036.71,49034.25,2.459999999999127,5.016901451534645e-05
2026-07-03 17:22:00,20198.47,887.78,44674.62,49036.54,49034.240000000005,2.2999999999956344,4.690599874690898e-05
2026-07-03 17:23:00,20197.48,887.63,44674.49,49036.0,49034.23,1.7699999999967986,3.609723248426249e-05
2026-07-03 17:24:00,20197.98,887.2,44674.88,49036.58,49034.23,2.349999999998545,4.792570414582924e-05
2026-07-03 17:25:00,20198.56,886.99,44674.97,49036.88,49034.23,2.6499999999941792,5.4043879143083904e-05
2026-07-03 17:26:00,20197.32,887.52,44674.44,49035.89,49034.2,1.6900000000023283,3.446574023849331e-05
2026-07-03 17:27:00,20197.54,887.66,44674.39,49035.96,49034.17,1.7900000000008731,3.650515548648775e-05
2026-07-03 17:28:00,20199.17,887.4,44674.91,49037.09,49034.165,2.9249999999956344,5.9652285299354736e-05
2026-07-03 17:29:00,20199.43,887.02,44675.23,49037.47,49034.16,3.3099999999976717,6.750396050422137e-05
2026-07-03 17:30:00,20199.04,886.64,44674.93,49037.02,49034.15,2.8699999999953434,5.853063630133985e-05
2026-07-03 17:31:00,20198.83,886.34,44674.85,49036.85,49034.14,2.709999999999127,5.52676155837367e-05
2026-07-03 17:32:00,20199.21,885.37,44674.86,49037.02,49034.14,2.8799999999973807,5.873458777899196e-05
2026-07-03 17:33:00,20200.9,884.46,44675.04,49037.86,49034.14,3.720000000001164,7.586550921462402e-05
2026-07-03 17:34:00,20201.47,883.84,44674.98,49038.03,49034.125,3.904999999998836,7.963841508334932e-05
2026-07-03 17:35:00,20201.17,884.21,44674.65,49037.61,49034.11,3.5,7.137888298574197e-05
2026-07-03 17:36:00,20200.8,884.07,44674.35,49037.19,49034.095,3.095000000001164,6.311934583479443e-05
2026-07-03 17:37:00,20200.25,884.35,44674.27,49036.89,49034.08,2.8099999999976717,5.730708111578053e-05
2026-07-03 17:38:00,20197.91,885.48,44674.11,49035.81,49034.065,1.7449999999953434,3.558750431960604e-05
2026-07-03 17:39:00,20194.89,885.64,44673.72,49034.23,49034.05,0.18000000000029104,3.6709184740051256e-06
2026-07-03 17:40:00,20194.76,885.01,44673.98,49034.41,49034.04,0.37000000000261934,7.5457784021593845e-06
2026-07-03 17:41:00,20193.41,885.44,44673.72,49033.61,49034.03,0.41999999999825377,8.565479932982335e-06
2026-07-03 17:42:00,20191.89,886.61,44673.43,49032.76,49034.020000000004,1.2600000000020373,2.5696445039628348e-05
2026-07-03 17:43:00,20192.66,886.86,44673.28,49032.94,49034.01,1.069999999999709,2.182158872993885e-05
2026-07-03 17:44:00,20192.18,887.07,44672.97,49032.46,49033.96000000001,1.500000000007276,3.0591043432088206e-05
2026-07-03 17:45:00,20191.0,887.79,44672.68,49031.73,49033.91,2.180000000000291,4.445902845602749e-05
2026-07-03 17:46:00,20191.03,888.81,44672.49,49031.58,49033.91,2.3300000000017462,4.7518135918627456e-05
2026-07-03 17:47:00,20190.52,890.0,44672.35,49031.3,49033.91,2.610000000000582,5.322846984873492e-05
2026-07-03 17:48:00,20189.73,890.48,44672.03,49030.67,49033.885,3.2150000000037835,6.556690337720095e-05
2026-07-03 17:49:00,20190.71,891.16,44672.04,49031.1,49033.86,2.7600000000020373,5.628763470797602e-05
2026-07-03 17:50:00,20190.98,892.29,44671.65,49030.87,49033.854999999996,2.984999999993306,6.0876306788305885e-05
2026-07-03 17:51:00,20191.62,893.11,44671.72,49031.2,49033.85,2.650000000001455,5.4044297969697574e-05
2026-07-03 17:52:00,20191.57,894.16,44671.57,49031.06,49033.825,2.764999999999418,5.638964531115853e-05
2026-07-03 17:53:00,20191.97,894.75,44671.34,49031.03,49033.8,2.7700000000040745,5.649164453915614e-05
2026-07-03 17:54:00,20193.41,894.24,44671.67,49031.89,49033.78,1.889999999999418,3.854485621951679e-05
2026-07-03 17:55:00,20196.01,892.94,44672.01,49033.27,49033.76,0.4900000000052387,9.993114947848964e-06
2026-07-03 17:56:00,20200.64,893.36,44672.37,49035.48,49033.72,1.7600000000020373,3.589366664413871e-05
2026-07-03 17:57:00,20203.71,893.47,44672.07,49036.46,49033.68,2.779999999998836,5.669572424502578e-05
2026-07-03 17:58:00,20205.17,893.62,44671.65,49036.66,49033.675,2.985000000000582,6.087653026212255e-05
2026-07-03 17:59:00,20206.13,893.66,44671.94,49037.31,49033.67,3.639999999999418,7.423470443879519e-05
2026-07-03 18:00:00,20205.42,893.65,44671.92,49037.01,49033.66,3.349999999998545,6.832041499652575e-05
2026-07-03 18:01:00,20204.85,893.9,44671.92,49036.77,49033.65,3.1199999999953434,6.362977261524164e-05
2026-07-03 18:02:00,20203.96,894.43,44671.79,49036.32,49033.65,2.6699999999982538,5.4452401565012064e-05
2026-07-03 18:03:00,20203.36,893.68,44672.01,49036.25,49033.65,2.599999999998545,5.302481051275083e-05
2026-07-03 18:04:00,20203.45,892.86,44672.33,49036.58,49033.630000000005,2.9499999999970896,6.016279031344588e-05
2026-07-03 18:05:00,20202.61,892.38,44672.19,49036.1,49033.61,2.4899999999979627,5.078149457072328e-05
2026-07-03 18:06:00,20201.51,892.07,44672.29,49035.75,49033.5,2.25,4.588699562543975e-05
2026-07-03 18:07:00,20201.01,892.53,44672.55,49035.79,49033.39,2.400000000001455,4.894623847140602e-05
2026-07-03 18:08:00,20200.97,891.83,44672.66,49035.87,49033.380000000005,2.4899999999979627,5.0781732770573075e-05
2026-07-03 18:09:00,20202.75,890.96,44673.02,49036.9,49033.37,3.529999999998836,7.199178844935266e-05
2026-07-03 18:10:00,20202.98,890.98,44672.83,49036.79,49033.36,3.430000000000291,6.995237528083515e-05
2026-07-03 18:11:00,20200.85,891.5,44672.27,49035.43,49033.35,2.0800000000017462,4.242010794697377e-05
2026-07-03 18:12:00,20198.53,892.23,44672.11,49034.35,49033.345,1.0049999999973807,2.0496256170109964e-05
2026-07-03 18:13:00,20196.1,892.52,44672.1,49033.37,49033.34,0.030000000006111804,6.118286049066168e-07
2026-07-03 18:14:00,20195.56,892.77,44672.13,49033.19,49033.325,0.1349999999947613,2.753229563664331e-06
2026-07-03 18:15:00,20196.11,893.0,44672.07,49033.35,49033.31,0.040000000000873115,8.157719721730619e-07
2026-07-03 18:16:00,20196.01,894.18,44671.79,49033.06,49033.28999999999,0.22999999999592546,4.690690753076644e-06
2026-07-03 18:17:00,20194.91,894.99,44671.58,49032.43,49033.27,0.8399999999965075,1.7131225390362657e-05
2026-07-03 18:18:00,20193.94,896.16,44671.24,49031.74,49033.244999999995,1.5049999999973807,3.0693461140444216e-05
2026-07-03 18:19:00,20192.55,897.29,44670.98,49030.97,49033.22,2.25,4.588725765919513e-05
2026-07-03 18:20:00,20192.06,897.48,44671.31,49031.07,49033.205,2.1350000000020373,4.3541922254562746e-05
2026-07-03 18:21:00,20192.14,898.36,44671.21,49031.03,49033.19,2.1600000000034925,4.405179430511236e-05
2026-07-03 18:22:00,20192.41,899.29,44670.79,49030.78,49033.18,2.400000000001455,4.894644809905161e-05
2026-07-03 18:23:00,20192.73,900.31,44670.65,49030.79,49033.17,2.3799999999973807,4.8538570930604336e-05
2026-07-03 18:24:00,20192.86,901.5,44670.66,49030.87,49033.119999999995,2.249999999992724,4.5887351243256075e-05
2026-07-03 18:25:00,20193.02,902.33,44670.76,49031.06,49033.07,2.0100000000020373,4.099274224522424e-05
2026-07-03 18:26:00,20192.85,902.5,44670.73,49030.97,49033.065,2.095000000001164,4.272627052788081e-05
2026-07-03 18:27:00,20193.69,903.12,44670.9,49031.48,49033.06,1.5799999999944703,3.2223157192197884e-05
2026-07-03 18:28:00,20194.12,903.24,44671.16,49031.89,49033.06,1.1699999999982538,2.386145184490329e-05
2026-07-03 18:29:00,20194.03,903.51,44671.2,49031.89,49033.06,1.1699999999982538,2.386145184490329e-05
2026-07-03 18:30:00,20193.69,903.57,44671.32,49031.87,49033.045,1.1749999999956344,2.3963431192079432e-05
2026-07-03 18:31:00,20194.2,904.08,44671.44,49032.2,49033.03,0.8300000000017462,1.692736508434715e-05
2026-07-03 18:32:00,20194.71,904.29,44671.57,49032.52,49033.024999999994,0.5049999999973807,1.0299181011112014e-05
2026-07-03 18:33:00,20194.82,904.67,44671.66,49032.67,49033.02,0.3499999999985448,7.138046973214067e-06
2026-07-03 18:34:00,20195.46,905.23,44671.83,49033.07,49033.015,0.05500000000029104,1.121693210182793e-06
2026-07-03 18:35:00,20195.5,905.99,44671.76,49033.03,49033.01,0.01999999999679858,4.078884815922697e-07
2026-07-03 18:36:00,20195.7,906.49,44671.86,49033.22,49032.979999999996,0.2400000000052387,4.894664774713646e-06
2026-07-03 18:37:00,20196.21,907.25,44672.11,49033.67,49032.95,0.7200000000011642,1.4684003308003377e-05
2026-07-03 18:38:00,20197.01,907.73,44672.39,49034.25,49032.945,1.305000000000291,2.6614758709685725e-05
2026-07-03 18:39:00,20197.11,908.26,44672.42,49034.33,49032.94,1.389999999999418,2.834828994548191e-05
2026-07-03 18:40:00,20197.2,908.49,44672.59,49034.52,49032.925,1.5949999999938882,3.252916280221684e-05
2026-07-03 18:41:00,20196.22,909.05,44672.54,49034.08,49032.91,1.1699999999982538,2.3861524841137385e-05
2026-07-03 18:42:00,20196.19,909.47,44672.61,49034.14,49032.86,1.2799999999988358,2.6104942685350922e-05
2026-07-03 18:43:00,20196.47,909.84,44672.81,49034.45,49032.81,1.639999999999418,3.3446991922335635e-05
2026-07-03 18:44:00,20196.64,909.82,44673.09,49034.78,49032.795,1.985000000000582,4.04831093149102e-05
2026-07-03 18:45:00,20196.9,909.49,44673.19,49034.97,49032.78,2.1900000000023283,4.4663998247750346e-05
2026-07-03 18:46:00,20197.48,909.66,44673.66,49035.63,49032.770000000004,2.859999999993306,5.832833837438321e-05
2026-07-03 18:47:00,20196.94,909.91,44673.5,49035.27,49032.76,2.5099999999947613,5.119026544691266e-05
2026-07-03 18:48:00,20197.2,909.62,44673.92,49035.77,49032.76,3.0099999999947613,6.138752948018348e-05
2026-07-03 18:49:00,20196.87,909.24,44673.98,49035.67,49032.76,2.9099999999962165,5.934807667355899e-05
2026-07-03 18:50:00,20197.3,909.12,44674.28,49036.12,49032.745,3.375,6.883155328138369e-05
2026-07-03 18:51:00,20197.23,909.13,44674.35,49036.15,49032.73,3.4199999999982538,6.9749328662676e-05
2026-07-03 18:52:00,20197.17,909.36,44674.36,49036.14,49032.7,3.4400000000023283,7.015726239840613e-05
2026-07-03 18:53:00,20197.12,909.59,44674.32,49036.09,49032.67,3.4199999999982538,6.974941401311113e-05
2026-07-03 18:54:00,20197.13,909.16,44674.33,49036.09,49032.665,3.4249999999956344,6.985139396350646e-05
2026-07-03 18:55:00,20196.88,908.7,44674.39,49036.03,49032.66,3.3699999999953434,6.87296997551294e-05
2026-07-03 18:56:00,20196.62,908.66,44674.43,49035.96,49032.635,3.3249999999970896,6.781197869535442e-05
2026-07-03 18:57:00,20195.8,910.42,44674.45,49035.68,49032.61,3.069999999999709,6.261139270374775e-05
2026-07-03 18:58:00,20193.92,912.34,44673.46,49034.03,49032.58,1.4499999999970896,2.957217425632283e-05
2026-07-03 18:59:00,20193.85,912.45,44673.21,49033.8,49032.55,1.25,2.5493269267048113e-05
2026-07-03 19:00:00,20194.48,912.14,44673.76,49034.55,49032.535,2.014999999999418,4.1095162630270245e-05
2026-07-03 19:01:00,20194.44,912.11,44673.87,49034.62,49032.52,2.1000000000058208,4.282871857301686e-05
2026-07-03 19:02:00,20194.42,912.19,44673.96,49034.71,49032.509999999995,2.2000000000043656,4.486819051287331e-05
2026-07-03 19:03:00,20194.93,911.8,44674.36,49035.28,49032.5,2.779999999998836,5.669708866565718e-05
2026-07-03 19:04:00,20195.51,911.47,44674.68,49035.79,49032.485,3.305000000000291,6.740429329658268e-05
2026-07-03 19:05:00,20195.67,910.88,44674.34,49035.53,49032.47,3.0599999999976717,6.240762498804714e-05
2026-07-03 19:06:00,20196.4,910.42,44674.51,49035.99,49032.465,3.525000000001455,7.189114395944515e-05
2026-07-03 19:07:00,20196.93,910.3,44674.78,49036.45,49032.46,3.9899999999979627,8.137466486482552e-05
2026-07-03 19:08:00,20197.15,909.85,44674.94,49036.66,49032.445,4.2150000000037835,8.596348805375265e-05
2026-07-03 19:09:00,20197.46,909.63,44674.94,49036.8,49032.43,4.370000000002619,8.912468747730063e-05
2026-07-03 19:10:00,20197.58,909.16,44674.91,49036.81,49032.425,4.384999999994761,8.943061657657685e-05
2026-07-03 19:11:00,20197.28,909.02,44674.74,49036.53,49032.42,4.110000000000582,8.382209158757781e-05
2026-07-03 19:12:00,20197.86,908.65,44674.92,49036.93,49032.42,4.510000000002037,9.197995938201781e-05
2026-07-03 19:13:00,20198.49,908.45,44674.94,49037.19,49032.42,4.7700000000040745,9.728257344842605e-05
2026-07-03 19:14:00,20199.31,907.88,44675.01,49037.58,49032.395000000004,5.184999999997672,0.00010574641520157584
2026-07-03 19:15:00,20199.85,907.17,44674.93,49037.72,49032.37,5.349999999998545,0.00010911159301495205
2026-07-03 19:16:00,20200.28,906.85,44675.06,49038.01,49032.34,5.67000000000553,0.00011563796465772447
2026-07-03 19:17:00,20200.9,905.99,44675.14,49038.31,49032.31,6.0,0.00012236829143884921
2026-07-03 19:18:00,20201.47,905.47,44674.85,49038.28,49032.28,6.0,0.00012236836630888877
2026-07-03 19:19:00,20202.59,904.92,44674.66,49038.55,49032.25,6.30000000000291,0.0001284868632380303
2026-07-03 19:20:00,20205.04,904.41,44675.01,49039.87,49032.225,7.6450000000040745,0.0001559178682999614
2026-07-03 19:21:00,20209.26,903.3,44675.12,49041.69,49032.2,9.490000000005239,0.00019354628183123007
2026-07-03 19:22:00,20213.95,901.1,44675.13,49043.56,49032.125,11.434999999997672,0.0002332144486904794
2026-07-03 19:23:00,20217.23,899.57,44675.0,49044.74,49032.05,12.689999999995052,0.00025881030876732773
2026-07-03 19:24:00,20218.27,899.21,44674.85,49045.01,49032.035,12.974999999998545,0.0002646229143864525
2026-07-03 19:25:00,20216.3,899.6,44674.23,49043.64,49032.02,11.62000000000262,0.00023698799274438664
2026-07-03 19:26:00,20213.64,899.71,44673.9,49042.26,49031.979999999996,10.280000000006112,0.00020965908372466526
2026-07-03 19:27:00,20210.63,900.23,44673.79,49040.93,49031.94,8.989999999997963,0.00018334987357216463
2026-07-03 19:28:00,20208.92,900.53,44673.89,49040.34,49031.93,8.409999999996217,0.0001715208844521563
2026-07-03 19:29:00,20207.65,900.01,44673.98,49039.88,49031.92,7.959999999999127,0.00016234322457695164
2026-07-03 19:30:00,20206.71,899.57,44674.1,49039.6,49031.905,7.694999999999709,0.0001569386300613796
2026-07-03 19:31:00,20206.4,900.37,44674.03,49039.43,49031.89,7.540000000000873,0.00015377747013221136
2026-07-03 19:32:00,20206.05,900.41,44673.65,49038.94,49031.89,7.05000000000291,0.00014378397406265413
2026-07-03 19:33:00,20205.54,900.56,44673.71,49038.79,49031.89,6.900000000001455,0.00014072474057193096
2026-07-03 19:34:00,20204.48,900.95,44673.61,49038.27,49031.89,6.379999999997381,0.00013011939780411036
2026-07-03 19:35:00,20203.37,901.95,44673.24,49037.5,49031.89,5.610000000000582,0.00011441533255194899
2026-07-03 19:36:00,20203.08,902.09,44673.29,49037.44,49031.880000000005,5.559999999997672,0.00011339561118190188
2026-07-03 19:37:00,20203.76,901.78,44673.46,49037.87,49031.87,6.0,0.00012236938954194486
2026-07-03 19:38:00,20205.12,901.55,44673.44,49038.41,49031.87,6.540000000000873,0.00013338263460073769
2026-07-03 19:39:00,20206.24,901.37,44673.47,49038.88,49031.87,7.009999999994761,0.00014296823678139873
2026-07-03 19:40:00,20206.86,901.44,44673.45,49039.12,49031.83500000001,7.2849999999962165,0.00014857693985950588
2026-07-03 19:41:00,20207.76,902.89,44673.03,49039.12,49031.8,7.319999999999709,0.00014929086837521177
2026-07-03 19:42:00,20208.59,903.54,44672.62,49039.11,49031.78,7.330000000001746,0.00014949487862773382
2026-07-03 19:43:00,20209.35,903.65,44672.5,49039.3,49031.76,7.540000000000873,0.00015377787784898753
2026-07-03 19:44:00,20210.33,903.59,44672.64,49039.84,49031.75,8.089999999996508,0.00016499513070605286
2026-07-03 19:45:00,20211.61,903.72,44672.66,49040.38,49031.74,8.639999999999418,0.00017621238813877335
2026-07-03 19:46:00,20213.57,903.93,44672.7,49041.22,49031.735,9.485000000000582,0.0001934461425850132
2026-07-03 19:47:00,20216.98,904.21,44673.03,49042.93,49031.73,11.19999999999709,0.0002284235126926398
2026-07-03 19:48:00,20220.17,904.91,44672.67,49043.88,49031.725000000006,12.15499999999156,0.00024790072142049984
2026-07-03 19:49:00,20220.44,904.41,44672.2,49043.56,49031.72,11.839999999996508,0.00024147633409548976
2026-07-03 19:50:00,20222.52,903.21,44672.97,49045.1,49031.69,13.409999999996217,0.0002734965896544911
2026-07-03 19:51:00,20223.71,902.74,44673.28,49045.85,49031.66,14.189999999995052,0.00028940484576689944
2026-07-03 19:52:00,20224.57,903.18,44673.32,49046.25,49031.64,14.610000000000582,0.0002979708612642894
2026-07-03 19:53:00,20226.3,902.91,44673.39,49047.01,49031.62,15.389999999999418,0.0003138790845580753
2026-07-03 19:54:00,20226.76,902.66,44673.32,49047.13,49031.615000000005,15.514999999992142,0.00031642849210641215
2026-07-03 19:55:00,20226.63,901.48,44673.54,49047.26,49031.61,15.650000000001455,0.0003191818502390897
2026-07-03 19:56:00,20226.3,901.82,44673.57,49047.17,49031.595,15.57499999999709,0.0003176523219364389
2026-07-03 19:57:00,20227.3,903.15,44673.75,49047.76,49031.58,16.18000000000029,0.0003299914055390483
2026-07-03 19:58:00,20227.69,903.19,44673.75,49047.92,49031.565,16.354999999995925,0.00033356063588824717
2026-07-03 19:59:00,20226.38,903.32,44673.8,49047.42,49031.55,15.869999999995343,0.00032366914772213694
2026-07-03 20:00:00,20225.43,904.08,44673.7,49046.95,49031.520000000004,15.429999999993015,0.0003146955264693612
2026-07-03 20:01:00,20224.62,904.22,44673.62,49046.56,49031.49,15.069999999999709,0.0003073534987413132
2026-07-03 20:02:00,20224.22,903.92,44673.99,49046.74,49031.485,15.25499999999738,0.0003111266158876767
2026-07-03 20:03:00,20223.82,904.08,44674.19,49046.76,49031.48,15.279999999998836,0.00031163652412692487
2026-07-03 20:04:00,20223.14,904.31,44674.47,49046.73,49031.41,15.319999999999709,0.0003124527726206468
2026-07-03 20:05:00,20222.33,904.64,44674.25,49046.21,49031.34,14.87000000000262,0.0003032754152752631
2026-07-03 20:06:00,20222.22,904.18,44674.41,49046.31,49031.335,14.974999999998545,0.0003054169338852092
2026-07-03 20:07:00,20223.99,904.31,44674.9,49047.49,49031.33,16.159999999996217,0.00032958518563531145
2026-07-03 20:08:00,20226.35,905.17,44674.75,49048.33,49031.33,17.0,0.0003467170888491093
2026-07-03 20:09:00,20226.96,904.97,44674.51,49048.35,49031.33,17.0199999999968,0.0003471249913065136
2026-07-03 20:10:00,20229.07,903.16,44674.86,49049.52,49031.315,18.20499999999447,0.00037129332550013127
2026-07-03 20:11:00,20231.42,901.93,44675.09,49050.65,49031.3,19.349999999998545,0.0003946458690672804
2026-07-03 20:12:00,20231.06,901.02,44675.17,49050.54,49031.28,19.260000000002037,0.0003928104671140961
2026-07-03 20:13:00,20229.13,899.79,44675.18,49049.75,49031.26,18.489999999997963,0.00037710636030968735
2026-07-03 20:14:00,20226.35,899.0,44675.48,49048.87,49031.229999999996,17.640000000006694,0.000359770701245037
2026-07-03 20:15:00,20222.91,899.0,44675.4,49047.39,49031.2,16.19000000000233,0.0003301979147971563
2026-07-03 20:16:00,20220.2,898.89,44675.49,49046.37,49031.155,15.215000000003783,0.00031031290207223926
2026-07-03 20:17:00,20217.09,898.84,44675.27,49044.9,49031.11,13.790000000000873,0.0002812500063735223
2026-07-03 20:18:00,20216.22,898.98,44675.58,49044.84,49031.104999999996,13.735000000000582,0.0002801282981487075
2026-07-03 20:19:00,20214.78,898.36,44675.38,49044.05,49031.1,12.950000000004366,0.000264118080157377
2026-07-03 20:20:00,20212.57,898.2,44675.4,49043.18,49031.085,12.095000000001164,0.0002466802437678294
2026-07-03 20:21:00,20211.35,898.91,44675.38,49042.67,49031.07,11.599999999998545,0.00023658467987744394
2026-07-03 20:22:00,20210.84,899.08,44675.08,49042.18,49031.07,11.110000000000582,0.0002265910166757646
2026-07-03 20:23:00,20208.89,898.28,44675.1,49041.39,49031.07,10.319999999999709,0.0002104787841668499
2026-07-03 20:24:00,20206.5,898.89,44674.98,49040.33,49031.065,9.264999999999418,0.00018896183470620958
2026-07-03 20:25:00,20206.05,899.77,44674.76,49039.97,49031.06,8.910000000003492,0.0001817215454857287
2026-07-03 20:26:00,20207.32,900.07,44674.49,49040.23,49031.06,9.17000000000553,0.00018702430663349986
2026-07-03 20:27:00,20207.42,899.84,44674.39,49040.17,49031.06,9.110000000000582,0.00018580059252238445
2026-07-03 20:28:00,20207.17,900.51,44674.36,49040.06,49031.045,9.014999999999418,0.00018386310142888895
2026-07-03 20:29:00,20207.45,900.92,44674.06,49039.91,49031.03,8.880000000004657,0.00018110979924355365
2026-07-03 20:30:00,20208.27,899.81,44674.0,49040.18,49031.03,9.150000000001455,0.00018661651611237733
2026-07-03 20:31:00,20209.47,900.38,44674.04,49040.7,49031.03,9.669999999998254,0.00019722204489683887
2026-07-03 20:32:00,20209.74,901.9,44673.43,49040.28,49031.03,9.25,0.0001886560408786028
2026-07-03 20:33:00,20210.06,901.99,44673.02,49040.05,49031.03,9.020000000004075,0.00018396513391629902
2026-07-03 20:34:00,20210.42,901.92,44672.92,49040.11,49031.0,9.110000000000582,0.00018580081988946957
2026-07-03 20:35:00,20210.79,901.86,44672.86,49040.2,49030.97,9.229999999995925,0.0001882483662875918
2026-07-03 20:36:00,20211.53,902.21,44672.85,49040.5,49030.97,9.529999999998836,0.0001943669480738161
2026-07-03 20:37:00,20212.22,902.15,44672.88,49040.81,49030.97,9.839999999996508,0.00020068948258613906
2026-07-03 20:38:00,20212.91,901.2,44672.82,49041.02,49030.935,10.084999999999127,0.00020568647120433514
2026-07-03 20:39:00,20213.64,900.81,44673.07,49041.54,49030.9,10.639999999999418,0.0002170060104954104
2026-07-03 20:40:00,20214.24,900.58,44672.82,49041.55,49030.895000000004,10.654999999998836,0.0002173119621821881
2026-07-03 20:41:00,20213.63,900.26,44672.72,49041.19,49030.89,10.30000000000291,0.00021007165074920955
2026-07-03 20:42:00,20214.15,898.99,44672.99,49041.65,49030.880000000005,10.769999999996799,0.00021965748932095035
2026-07-03 20:43:00,20214.88,897.85,44673.19,49042.12,49030.87,11.25,0.0002294472849451784
2026-07-03 20:44:00,20215.45,897.48,44673.44,49042.56,49030.87,11.689999999995052,0.00023842122320071114
2026-07-03 20:45:00,20216.59,897.06,44673.46,49043.04,49030.87,12.169999999998254,0.000248210974025104
2026-07-03 20:46:00,20217.24,897.55,44673.24,49043.11,49030.83,12.279999999998836,0.00025045466291308624
2026-07-03 20:47:00,20217.77,897.65,44672.95,49043.06,49030.87,12.189999999995052,0.00024861888030938575
2026-07-03 20:48:00,20219.54,898.48,44672.61,49043.49,49030.87,12.619999999995343,0.0002573888654228518
2026-07-03 20:49:00,20220.4,898.99,44672.03,49043.32,49030.87,12.44999999999709,0.0002539216620059381
2026-07-03 20:50:00,20221.31,898.93,44672.07,49043.72,49030.880000000005,12.839999999996508,0.000261875781140304
2026-07-03 20:51:00,20221.95,899.22,44671.89,49043.83,49030.89,12.940000000002328,0.00026391525831985366
2026-07-03 20:52:00,20221.84,898.84,44671.84,49043.73,49030.895000000004,12.834999999999127,0.0002617737245057249
2026-07-03 20:53:00,20221.85,899.38,44671.93,49043.82,49030.9,12.919999999998254,0.0002635072984586914
2026-07-03 20:54:00,20219.96,900.93,44671.31,49042.51,49030.935,11.575000000004366,0.00023607544910176332
2026-07-03 20:55:00,20219.22,901.68,44671.18,49042.11,49030.97,11.139999999999418,0.00022720333699291322
2026-07-03 20:56:00,20218.44,902.85,44670.85,49041.5,49030.97,10.529999999998836,0.00021476222069436593
2026-07-03 20:57:00,20217.59,902.44,44671.03,49041.3,49030.97,10.330000000001746,0.00021068316617031533
2026-07-03 20:58:00,20217.28,904.16,44670.76,49040.97,49031.0,9.970000000001164,0.0002033407436112085
2026-07-03 20:59:00,20216.21,904.18,44670.76,49040.54,49031.03,9.510000000002037,0.00019395880527090778
2026-07-03 21:00:00,20216.33,904.82,44670.81,49040.66,49031.03,9.630000000004657,0.0001964062349904674
2026-07-03 21:01:00,20215.51,904.7,44670.91,49040.4,49031.03,9.37000000000262,0.0001911034705981624
2026-07-03 21:02:00,20214.77,907.81,44670.31,49039.6,49031.03,8.569999999999709,0.00017478727246806174
2026-07-03 21:03:00,20213.76,908.68,44669.76,49038.72,49031.03,7.690000000002328,0.00015683945452506972
2026-07-03 21:04:00,20214.79,908.08,44670.38,49039.69,49031.045,8.645000000004075,0.0001763168621024511
2026-07-03 21:05:00,20215.53,907.65,44670.51,49040.11,49031.06,9.05000000000291,0.00018457687841141738
2026-07-03 21:06:00,20215.04,907.25,44670.87,49040.22,49031.06,9.160000000003492,0.00018682035428162257
2026-07-03 21:07:00,20214.84,906.66,44671.07,49040.3,49031.06,9.240000000005239,0.00018845197309634421
2026-07-03 21:08:00,20213.76,907.35,44670.95,49039.77,49031.065,8.70499999999447,0.00017754050416801
2026-07-03 21:09:00,20212.97,906.42,44671.05,49039.52,49031.07,8.44999999999709,0.00017233970215206582
2026-07-03 21:10:00,20211.3,906.58,44671.38,49039.15,49031.085,8.065000000002328,0.00016448748788655868
2026-07-03 21:11:00,20215.2,905.0,44672.02,49041.33,49031.1,10.230000000003201,0.00020864308571505027
2026-07-03 21:12:00,20219.11,906.09,44671.68,49042.58,49031.104999999996,11.47500000000582,0.0002340351089375983
2026-07-03 21:13:00,20217.41,908.71,44670.26,49040.66,49031.11,9.55000000000291,0.000194774297379825
2026-07-03 21:14:00,20218.48,912.57,44669.21,49040.19,49031.155,9.035000000003492,0.00018427059285067816
2026-07-03 21:15:00,20220.05,914.79,44668.31,49040.07,49031.2,8.87000000000262,0.00018090521953373812
2026-07-03 21:16:00,20220.03,914.94,44667.69,49039.5,49031.25,8.25,0.00016826003824091778
2026-07-03 21:17:00,20219.18,916.5,44667.85,49039.32,49031.3,8.019999999996799,0.00016356898552550713
2026-07-03 21:18:00,20220.14,915.85,44667.8,49039.68,49031.315,8.364999999997963,0.0001706052550293208
2026-07-03 21:19:00,20223.42,917.81,44667.57,49040.83,49031.33,9.5,0.00019375366729803168
2026-07-03 21:20:00,20227.61,916.93,44667.76,49042.69,49031.33,11.360000000000582,0.0002316885958427108
2026-07-03 21:21:00,20229.12,916.0,44668.13,49043.62,49031.33,12.290000000000873,0.0002506560601150504
2026-07-03 21:22:00,20228.96,916.31,44667.52,49043.01,49031.335,11.67500000000291,0.0002381130352661805
2026-07-03 21:23:00,20229.98,918.62,44667.24,49043.21,49031.34,11.87000000000262,0.00024209005913366065
2026-07-03 21:24:00,20230.56,919.8,44666.52,49042.82,49031.41,11.409999999996217,0.0002327079722976805
2026-07-03 21:25:00,20231.17,921.04,44666.31,49042.88,49031.48,11.39999999999418,0.000232503689466322
2026-07-03 21:26:00,20231.77,923.09,44665.88,49042.76,49031.485,11.275000000001455,0.0002299542834568738
2026-07-03 21:27:00,20230.28,924.36,44665.28,49041.63,49031.49,10.139999999999418,0.00020680587108406085
2026-07-03 21:28:00,20230.11,926.19,44665.2,49041.53,49031.520000000004,10.009999999994761,0.0002041543888501674
2026-07-03 21:29:00,20230.52,927.31,44665.17,49041.7,49031.55,10.14999999999418,0.00020700956832884497
2026-07-03 21:30:00,20233.56,927.31,44665.21,49042.98,49031.565,11.415000000000873,0.00023280921178022508
2026-07-03 21:31:00,20232.8,927.37,44665.66,49043.09,49031.58,11.509999999994761,0.00023474666735183244
2026-07-03 21:32:00,20231.92,929.18,44664.82,49041.98,49031.595,10.385000000002037,0.0002118022063121144
2026-07-03 21:33:00,20230.16,929.81,44665.01,49041.46,49031.61,9.849999999998545,0.00020089081308973016
2026-07-03 21:34:00,20229.08,929.92,44665.31,49041.3,49031.615000000005,9.684999999997672,0.0001975256168901977
2026-07-03 21:35:00,20229.88,928.04,44666.28,49042.48,49031.62,10.860000000000582,0.00022148972438603052
2026-07-03 21:36:00,20229.81,927.56,44666.98,49043.08,49031.64,11.440000000002328,0.00023331873051772955
2026-07-03 21:37:00,20232.05,926.84,44667.4,49044.37,49031.66,12.709999999999127,0.0002592202670682397
2026-07-03 21:38:00,20232.86,925.83,44667.69,49044.93,49031.69500000001,13.234999999993306,0.00026992744183111157
2026-07-03 21:39:00,20232.35,925.49,44667.87,49044.88,49031.73,13.14999999999418,0.0002681936778488986
2026-07-03 21:40:00,20231.64,925.63,44667.91,49044.63,49031.735,12.894999999996799,0.0002629929371252475
2026-07-03 21:41:00,20231.67,925.66,44668.13,49044.84,49031.74,13.099999999998545,0.00026717387553447104
2026-07-03 21:42:00,20231.59,925.33,44668.14,49044.8,49031.770000000004,13.029999999998836,0.00026574606627496487
2026-07-03 21:43:00,20231.33,924.66,44668.57,49045.08,49031.8,13.279999999998836,0.00027084463552222915
2026-07-03 21:44:00,20230.53,925.77,44668.45,49044.66,49031.83500000001,12.82499999999709,0.0002615647568563789
2026-07-03 21:45:00,20230.15,926.32,44668.29,49044.37,49031.87,12.5,0.0002549362282123851
2026-07-03 21:46:00,20228.63,925.64,44668.52,49043.94,49031.87,12.069999999999709,0.00024616642196187313
2026-07-03 21:47:00,20228.81,924.03,44669.3,49044.72,49031.87,12.849999999998545,0.00026207444260230225
2026-07-03 21:48:00,20230.6,921.38,44670.22,49046.24,49031.880000000005,14.359999999993306,0.00029287067923957445
2026-07-03 21:49:00,20230.48,924.65,44669.57,49045.63,49031.89,13.739999999997963,0.00028022578774748356
2026-07-03 21:50:00,20229.84,922.34,44669.48,49045.26,49031.89,13.37000000000262,0.0002726796784705346
2026-07-03 21:51:00,20224.87,919.94,44670.5,49044.09,49031.89,12.19999999999709,0.00024881765724301243
2026-07-03 21:52:00,20219.99,920.91,44670.52,49042.15,49031.89,10.260000000002037,0.00020925157076347734
2026-07-03 21:53:00,20220.49,919.29,44671.31,49043.06,49031.89,11.169999999998254,0.00022781092060694078
2026-07-03 21:54:00,20220.91,918.17,44671.88,49043.7,49031.955,11.744999999995343,0.00023953766477382643
2026-07-03 21:55:00,20219.9,915.03,44672.7,49043.97,49032.02,11.950000000004366,0.0002437182885796744
2026-07-03 21:56:00,20217.77,913.97,44673.35,49043.69,49032.035,11.654999999998836,0.0002377017392812441
2026-07-03 21:57:00,20216.33,912.79,44673.45,49043.17,49032.05,11.119999999995343,0.00022679043605142643
2026-07-03 21:58:00,20212.63,912.15,44673.69,49041.87,49032.125,9.74500000000262,0.00019874724988979406
2026-07-03 21:59:00,20210.53,913.11,44673.59,49040.96,49032.2,8.760000000002037,0.00017865810630569376
2026-07-03 22:00:00,20215.72,914.94,44673.56,49043.12,49032.255,10.865000000005239,0.00022158882963888238
2026-07-03 22:01:00,20222.32,911.25,44673.13,49045.33,49032.31,13.020000000004075,0.0002655391924223859
2026-07-03 22:02:00,20221.97,908.07,44674.25,49046.13,49032.365,13.764999999999418,0.00028073294037518723
2026-07-03 22:03:00,20223.65,904.55,44674.89,49047.36,49032.42,14.940000000002328,0.0003046963621212726
2026-07-03 22:04:00,20223.2,906.06,44674.3,49046.61,49032.42,14.190000000002328,0.00028940036000675324
2026-07-03 22:05:00,20221.32,908.63,44672.95,49044.66,49032.42,12.240000000005239,0.00024963075450906236
2026-07-03 22:06:00,20215.29,908.9,44672.22,49041.54,49032.425,9.114999999997963,0.0001858973934085039
2026-07-03 22:07:00,20214.81,913.46,44671.37,49040.66,49032.43,8.230000000003201,0.00016784809563799309
2026-07-03 22:08:00,20214.55,913.67,44670.88,49040.12,49032.445,7.67500000000291,0.00015652900849637237
2026-07-03 22:09:00,20216.92,914.52,44670.72,49040.96,49032.46,8.5,0.0001733545492108697
2026-07-03 22:10:00,20218.12,914.78,44670.53,49041.29,49032.479999999996,8.810000000004948,0.0001796768183050286
2026-07-03 22:11:00,20219.81,915.3,44670.1,49041.59,49032.5,9.089999999996508,0.000185387243154979
2026-07-03 22:12:00,20220.42,916.26,44669.51,49041.31,49032.509999999995,8.80000000000291,0.00017947276205119647
2026-07-03 22:13:00,20218.82,915.62,44669.33,49040.47,49032.52,7.950000000004366,0.00016213729174034631
2026-07-03 22:14:00,20217.86,914.57,44669.74,49040.46,49032.595,7.864999999997963,0.0001604035030166762
2026-07-03 22:15:00,20218.34,914.26,44669.95,49040.84,49032.67,8.169999999998254,0.00016662360014248163
2026-07-03 22:16:00,20218.2,915.81,44669.37,49040.28,49032.715,7.565000000002328,0.00015428474641884156
2026-07-03 22:17:00,20218.96,915.99,44669.21,49040.46,49032.76,7.69999999999709,0.00015703786611231122
2026-07-03 22:18:00,20220.56,915.8,44669.14,49041.04,49032.770000000004,8.269999999996799,0.00016866271271226974
2026-07-03 22:19:00,20222.33,914.76,44669.01,49041.62,49032.78,8.840000000003783,0.00018028755457071338
2026-07-03 22:20:00,20221.59,913.43,44669.22,49041.49,49032.795,8.694999999999709,0.00017733029495870488
2026-07-03 22:21:00,20220.13,913.57,44669.08,49040.76,49032.81,7.950000000004366,0.00016213633279439554
2026-07-03 22:22:00,20217.54,913.76,44669.01,49039.64,49032.875,6.764999999999418,0.00013796865878248863
2026-07-03 22:23:00,20216.69,914.37,44669.05,49039.36,49032.94,6.419999999998254,0.0001309323895323889
2026-07-03 22:24:00,20217.55,914.17,44668.98,49039.64,49032.945,6.694999999999709,0.00013654085023854286
2026-07-03 22:25:00,20218.5,914.26,44669.03,49040.08,49032.95,7.130000000004657,0.00014541242164717107
2026-07-03 22:26:00,20220.3,913.6,44668.87,49040.67,49032.979999999996,7.690000000002328,0.0001568332171530739
2026-07-03 22:27:00,20221.41,912.62,44669.02,49041.23,49033.01,8.220000000001164,0.00016764216596128128
2026-07-03 22:28:00,20222.01,912.64,44668.92,49041.39,49033.020000000004,8.369999999995343,0.00017070129476004828
2026-07-03 22:29:00,20222.3,911.37,44668.93,49041.48,49033.03,8.450000000004366,0.000172332813207839
2026-07-03 22:30:00,20223.42,910.83,44668.98,49041.99,49033.045,8.944999999999709,0.00018242799320335315
2026-07-03 22:31:00,20224.78,909.71,44668.95,49042.49,49033.06,9.430000000000291,0.00019231922298955625
2026-07-03 22:32:00,20225.48,909.43,44668.89,49042.7,49033.065,9.634999999994761,0.00019650005562562244
2026-07-03 22:33:00,20225.27,909.37,44668.38,49042.15,49033.07,9.080000000001746,0.0001851811440728012
2026-07-03 22:34:00,20224.65,909.09,44668.34,49041.85,49033.119999999995,8.730000000003201,0.0001780429228244746
2026-07-03 22:35:00,20223.84,908.97,44668.22,49041.4,49033.17,8.230000000003201,0.00016784556250397847
2026-07-03 22:36:00,20223.24,908.9,44668.14,49041.09,49033.18,7.9099999999962165,0.00016131933519294926
2026-07-03 22:37:00,20223.3,908.24,44668.21,49041.17,49033.19,7.9799999999959255,0.00016274690673798555
2026-07-03 22:38:00,20222.87,908.16,44668.24,49041.02,49033.205,7.814999999995052,0.00015938179036012538
2026-07-03 22:39:00,20223.13,907.9,44668.22,49041.12,49033.22,7.900000000001455,0.00016111526022564814
2026-07-03 22:40:00,20223.34,906.7,44668.43,49041.37,49033.244999999995,8.125000000007276,0.00016570390150615722
2026-07-03 22:41:00,20223.04,905.72,44668.67,49041.45,49033.27,8.180000000000291,0.00016682550439732637
2026-07-03 22:42:00,20222.12,905.78,44668.57,49040.98,49033.28999999999,7.690000000009604,0.0001568322256167107
2026-07-03 22:43:00,20221.58,904.7,44668.79,49040.95,49033.31,7.639999999999418,0.0001558124466816419
2026-07-03 22:44:00,20222.9,903.68,44669.12,49041.79,49033.325,8.465000000003783,0.000172637690795062
2026-07-03 22:45:00,20224.4,902.04,44669.44,49042.66,49033.34,9.320000000006985,0.00019007475321907471
2026-07-03 22:46:00,20224.7,901.65,44669.35,49042.68,49033.345,9.334999999999127,0.0001903806481079177
2026-07-03 22:47:00,20225.99,900.46,44669.4,49043.24,49033.35,9.889999999999418,0.00020169945557461236
2026-07-03 22:48:00,20226.27,898.77,44669.67,49043.57,49033.36,10.209999999999127,0.0002082255835618674
2026-07-03 22:49:00,20224.7,898.33,44669.56,49042.8,49033.37,9.430000000000291,0.00019231800710414745
2026-07-03 22:50:00,20222.86,898.73,44669.29,49041.83,49033.490000000005,8.339999999996508,0.00017008783180631252
2026-07-03 22:51:00,20221.29,898.7,44669.12,49041.03,49033.61,7.419999999998254,0.0001513247749859383
2026-07-03 22:52:00,20220.0,898.15,44669.23,49040.6,49033.64,6.959999999999127,0.00014194336785927227
2026-07-03 22:53:00,20219.58,898.15,44669.26,49040.47,49033.67,6.80000000000291,0.00013868021708354506
2026-07-03 22:54:00,20219.33,898.19,44669.21,49040.32,49033.735,6.584999999999127,0.00013429529690118705
2026-07-03 22:55:00,20221.56,896.42,44669.6,49041.56,49033.8,7.759999999994761,0.00015825818109130356
2026-07-03 22:56:00,20222.59,895.25,44669.85,49042.19,49033.825,8.365000000005239,0.00017059652189086287
2026-07-03 22:57:00,20223.17,895.54,44669.53,49042.12,49033.85,8.270000000004075,0.000168658997814858
2026-07-03 22:58:00,20223.0,895.88,44669.04,49041.6,49033.880000000005,7.719999999993888,0.00015744216039999053
2026-07-03 22:59:00,20222.09,896.47,44668.61,49040.85,49033.91,6.939999999995052,0.0001415347052681512
2026-07-03 23:00:00,20220.35,897.36,44668.19,49039.76,49033.97,5.790000000000873,0.00011808140356574989
2026-07-03 23:01:00,20218.82,898.69,44667.61,49038.65,49034.03,4.620000000002619,9.422027926325083e-05
2026-07-03 23:02:00,20218.95,898.88,44667.52,49038.63,49034.055,4.57499999999709,9.33025017000346e-05
2026-07-03 23:03:00,20218.71,898.57,44667.55,49038.54,49034.08,4.459999999999127,9.095714653969497e-05
2026-07-03 23:04:00,20217.72,901.01,44666.74,49037.47,49034.11,3.360000000000582,6.852372766632416e-05
2026-07-03 23:05:00,20219.88,899.85,44666.94,49038.51,49034.14,4.370000000002619,8.912157937311879e-05
2026-07-03 23:06:00,20220.37,897.73,44667.39,49039.09,49034.14,4.94999999999709,0.00010095007274517489
2026-07-03 23:07:00,20220.37,896.76,44667.61,49039.25,49034.14,5.110000000000582,0.00010421310539963752
2026-07-03 23:08:00,20217.46,896.45,44667.74,49038.16,49034.15,4.010000000002037,8.177973922260377e-05
2026-07-03 23:09:00,20211.65,900.64,44666.51,49034.74,49034.16,0.5799999999944703,1.182848854746304e-05
2026-07-03 23:10:00,20211.49,903.44,44665.86,49034.16,49034.19500000001,0.03500000000349246,7.137875925870192e-07
2026-07-03 23:11:00,20217.23,901.08,44666.38,49036.97,49034.23,2.7399999999979627,5.587933164236417e-05
2026-07-03 23:12:00,20221.15,895.0,44668.14,49040.03,49034.23,5.799999999995634,0.00011828471661522234
2026-07-03 23:13:00,20220.4,895.49,44668.13,49039.72,49034.23,5.489999999997963,0.00011196260245134801
2026-07-03 23:14:00,20219.69,897.07,44667.17,49038.59,49034.240000000005,4.349999999991269,8.871351936914427e-05
2026-07-03 23:15:00,20218.74,895.33,44667.31,49038.3,49034.25,4.05000000000291,8.259532877535417e-05
2026-07-03 23:16:00,20218.04,894.98,44667.59,49038.25,49034.255000000005,3.9949999999953434,8.147365550869169e-05
2026-07-03 23:17:00,20217.53,896.49,44667.24,49037.76,49034.26,3.5,7.137866463162695e-05
2026-07-03 23:18:00,20217.73,897.83,44666.53,49037.22,49034.295,2.9250000000029104,5.965212714902724e-05
2026-07-03 23:19:00,20218.32,897.94,44666.29,49037.24,49034.33,2.9099999999962165,5.934617644405902e-05
2026-07-03 23:20:00,20218.82,897.35,44666.41,49037.55,49034.33,3.220000000001164,6.56682777148411e-05
2026-07-03 23:21:00,20220.0,896.84,44666.59,49038.19,49034.33,3.860000000000582,7.872035775752584e-05
2026-07-03 23:22:00,20221.24,898.03,44666.29,49038.42,49034.34,4.080000000001746,8.320699330309629e-05
2026-07-03 23:23:00,20224.78,896.72,44666.19,49039.77,49034.35,5.419999999998254,0.00011053475777691055
2026-07-03 23:24:00,20226.44,894.01,44666.74,49040.88,49034.375,6.504999999997381,0.0001326620355617336
2026-07-03 23:25:00,20226.06,893.42,44666.86,49040.83,49034.4,6.430000000000291,0.00013113242947808662
2026-07-03 23:26:00,20224.83,894.02,44666.46,49039.97,49034.405,5.565000000002328,0.00011349174115607865
2026-07-03 23:27:00,20224.16,894.37,44666.19,49039.47,49034.41,5.059999999997672,0.00010319283947737256
2026-07-03 23:28:00,20222.83,894.45,44666.15,49038.88,49034.41,4.469999999993888,9.116047281886104e-05
2026-07-03 23:29:00,20223.0,894.95,44666.16,49038.98,49034.41,4.569999999999709,9.31998569983754e-05
2026-07-03 23:30:00,20223.35,896.42,44665.61,49038.65,49034.42,4.230000000003201,8.626593319556347e-05
2026-07-03 23:31:00,20224.6,896.0,44665.59,49039.13,49034.43,4.69999999999709,9.585101733612666e-05
2026-07-03 23:32:00,20224.19,895.26,44665.71,49039.05,49034.435,4.615000000005239,9.411753189376484e-05
2026-07-03 23:33:00,20223.74,895.37,44665.71,49038.87,49034.44,4.430000000000291,9.03446638729899e-05
2026-07-03 23:34:00,20223.19,896.05,44665.55,49038.51,49034.445,4.065000000002328,8.290090771910089e-05
2026-07-03 23:35:00,20224.61,895.43,44665.61,49039.15,49034.45,4.700000000004366,9.585097824089729e-05
2026-07-03 23:36:00,20225.56,893.6,44666.06,49039.92,49034.479999999996,5.440000000002328,0.0001109423409813325
2026-07-03 23:37:00,20225.37,893.77,44666.0,49039.79,49034.51,5.279999999998836,0.00010767926507267709
2026-07-03 23:38:00,20222.54,893.7,44665.84,49038.46,49034.515,3.944999999999709,8.04535335977058e-05
2026-07-03 23:39:00,20219.38,898.17,44664.72,49036.22,49034.52,1.7000000000043656,3.4669453275047165e-05
2026-07-03 23:40:00,20219.24,900.22,44664.0,49035.56,49034.535,1.0249999999941792,2.0903634550509742e-05
2026-07-03 23:41:00,20219.95,898.61,44664.41,49036.22,49034.55,1.6699999999982538,3.405761855667593e-05
2026-07-03 23:42:00,20222.82,896.09,44665.24,49038.1,49034.555,3.5449999999982538,7.229595537266024e-05
2026-07-03 23:43:00,20224.28,894.39,44665.88,49039.26,49034.56,4.700000000004366,9.585076321688959e-05
2026-07-03 23:44:00,20226.34,895.09,44665.67,49039.91,49034.565,5.345000000001164,0.00010900473981978149
2026-07-03 23:45:00,20226.94,894.32,44665.39,49039.88,49034.57,5.309999999997672,0.00010829094657091256
2026-07-03 23:46:00,20228.15,894.11,44665.47,49040.43,49034.595,5.834999999999127,0.00011899761790627876
2026-07-03 23:47:00,20227.16,894.69,44664.88,49039.5,49034.62,4.879999999997381,9.952152173295889e-05
2026-07-03 23:48:00,20226.17,894.58,44664.84,49039.07,49034.645000000004,4.424999999995634,9.02423174470955e-05
2026-07-03 23:49:00,20224.41,895.35,44664.62,49038.16,49034.67,3.4900000000052387,7.117413046738641e-05
2026-07-03 23:50:00,20225.25,894.7,44664.74,49038.62,49034.675,3.944999999999709,8.04532710780628e-05
2026-07-03 23:51:00,20226.11,892.64,44665.47,49039.58,49034.68,4.900000000001455,9.992927454612645e-05
2026-07-03 23:52:00,20222.46,897.94,44664.19,49036.99,49034.68,2.3099999999976717,4.710951514311242e-05
2026-07-03 23:53:00,20219.05,903.39,44662.21,49033.91,49034.68,0.7699999999967986,1.5703171714321346e-05
2026-07-03 23:54:00,20216.99,905.56,44661.54,49032.5,49034.69,2.1900000000023283,4.466225849500279e-05
2026-07-03 23:55:00,20216.81,904.1,44662.2,49033.01,49034.7,1.6899999999950523,3.446538879599656e-05
2026-07-03 23:56:00,20217.08,903.29,44663.0,49033.85,49034.705,0.8550000000032014,1.743662983193641e-05
2026-07-03 23:57:00,20218.56,902.68,44663.46,49034.86,49034.71,0.1500000000014552,3.059057553342422e-06
2026-07-03 23:58:00,20218.79,903.33,44663.37,49034.88,49034.725,0.15499999999883585,3.161025171423636e-06
2026-07-03 23:59:00,20219.56,903.14,44663.32,49035.15,49034.74,0.41000000000349246,8.361418863513756e-06
