timestamp,Bx,By,Bz,B_total,B_plasma_raw,B_plasma_baseline,delta_B,chi
2026-08-16 00:00:00,20191.98,907.55,44673.34,49032.93,29.610000000000582,29.029999999998836,0.5800000000017462,0.01997933172586185
2026-08-16 00:01:00,20192.22,907.14,44673.44,49033.11,29.790000000000873,29.0199999999968,0.7700000000040745,0.026533425224126793
2026-08-16 00:02:00,20192.4,906.67,44673.58,49033.3,29.9800000000032,29.00499999999738,0.9750000000058208,0.03361489398399962
2026-08-16 00:03:00,20192.58,906.26,44673.65,49033.44,30.12000000000262,28.989999999997963,1.1300000000046566,0.03897895826163284
2026-08-16 00:04:00,20192.55,906.03,44673.68,49033.44,30.12000000000262,28.974999999998545,1.1450000000040745,0.039516824849150374
2026-08-16 00:05:00,20192.57,905.78,44673.71,49033.47,30.150000000001455,28.959999999999127,1.1900000000023283,0.04109116022107611
2026-08-16 00:06:00,20192.49,905.65,44673.69,49033.41,30.090000000003783,28.93500000000131,1.1550000000024738,0.03991705546923869
2026-08-16 00:07:00,20192.41,905.68,44673.61,49033.32,30.0,28.910000000003492,1.0899999999965075,0.03770321687984697
2026-08-16 00:08:00,20192.35,905.5,44673.61,49033.29,29.970000000001164,28.910000000003492,1.0599999999976717,0.03666551366300739
2026-08-16 00:09:00,20192.2,905.52,44673.57,49033.2,29.87999999999738,28.910000000003492,0.9699999999938882,0.033552404012236976
2026-08-16 00:10:00,20192.17,905.55,44673.52,49033.14,29.81999999999971,28.875000000003638,0.944999999996071,0.032727272727132536
2026-08-16 00:11:00,20192.09,905.56,44673.48,49033.08,29.760000000002037,28.840000000003783,0.9199999999982538,0.03190013869619047
2026-08-16 00:12:00,20192.24,905.77,44673.38,49033.05,29.7300000000032,28.760000000002037,0.9700000000011642,0.03372739916554574
2026-08-16 00:13:00,20192.39,905.84,44673.31,49033.05,29.7300000000032,28.68000000000029,1.0500000000029104,0.03661087866118897
2026-08-16 00:14:00,20192.73,905.65,44673.29,49033.17,29.849999999998545,28.665000000000873,1.1849999999976717,0.04133961276810171
2026-08-16 00:15:00,20192.86,905.43,44673.33,49033.25,29.93000000000029,28.650000000001455,1.2799999999988358,0.04467713787081225
2026-08-16 00:16:00,20192.9,905.81,44673.21,49033.17,29.849999999998545,28.604999999999563,1.2449999999989814,0.04352385946509353
2026-08-16 00:17:00,20192.96,905.76,44673.13,49033.12,29.80000000000291,28.55999999999767,1.2400000000052387,0.04341736694696568
2026-08-16 00:18:00,20192.64,905.8,44673.1,49032.96,29.639999999999418,28.55999999999767,1.0800000000017462,0.03781512605048439
2026-08-16 00:19:00,20192.57,905.77,44673.1,49032.93,29.610000000000582,28.55999999999767,1.0500000000029104,0.036764705882457845
2026-08-16 00:20:00,20192.54,905.45,44673.19,49032.99,29.669999999998254,28.534999999999854,1.1349999999983993,0.039775714035339235
2026-08-16 00:21:00,20192.54,905.26,44673.26,49033.05,29.7300000000032,28.510000000002037,1.2200000000011642,0.04279200280607075
2026-08-16 00:22:00,20192.69,904.99,44673.28,49033.13,29.80999999999767,28.345000000001164,1.4649999999965075,0.051684600458509346
2026-08-16 00:23:00,20192.87,904.99,44673.31,49033.23,29.910000000003492,28.18000000000029,1.7300000000032014,0.061391057487692816
2026-08-16 00:24:00,20193.51,904.99,44673.26,49033.45,30.12999999999738,28.125,2.0049999999973807,0.07128888888879575
2026-08-16 00:25:00,20194.32,904.9,44673.24,49033.76,30.44000000000233,28.06999999999971,2.3700000000026193,0.0844317776987048
2026-08-16 00:26:00,20194.91,904.96,44673.15,49033.92,30.599999999998545,27.849999999998545,2.75,0.09874326750449348
2026-08-16 00:27:00,20195.36,904.88,44673.08,49034.04,30.720000000001164,27.62999999999738,3.0900000000037835,0.11183496199797599
2026-08-16 00:28:00,20195.51,904.77,44673.02,49034.03,30.709999999999127,27.610000000000582,3.099999999998545,0.11227816008686996
2026-08-16 00:29:00,20195.53,904.6,44672.99,49034.01,30.69000000000233,27.590000000003783,3.099999999998545,0.1123595505617296
2026-08-16 00:30:00,20195.54,904.31,44673.05,49034.06,30.739999999997963,27.585000000002765,3.154999999995198,0.11437375385154547
2026-08-16 00:31:00,20195.35,904.12,44673.13,49034.05,30.7300000000032,27.580000000001746,3.150000000001455,0.11421319796958868
2026-08-16 00:32:00,20195.03,904.12,44673.11,49033.91,30.590000000003783,27.54500000000189,3.0450000000018917,0.11054637865317417
2026-08-16 00:33:00,20194.58,904.27,44673.07,49033.7,30.37999999999738,27.510000000002037,2.8699999999953434,0.10432569974537008
2026-08-16 00:34:00,20194.19,904.6,44672.94,49033.42,30.099999999998545,27.4900000000016,2.609999999996944,0.09494361586019615
2026-08-16 00:35:00,20193.95,904.7,44672.91,49033.29,29.970000000001164,27.470000000001164,2.5,0.09100837277029102
2026-08-16 00:36:00,20193.78,904.92,44672.9,49033.21,29.889999999999418,27.459999999999127,2.430000000000291,0.08849235251275922
2026-08-16 00:37:00,20193.48,905.33,44672.81,49033.02,29.69999999999709,27.44999999999709,2.25,0.0819672131147628
2026-08-16 00:38:00,20193.29,905.68,44672.71,49032.87,29.55000000000291,27.43999999999869,2.11000000000422,0.07689504373193588
2026-08-16 00:39:00,20192.99,906.02,44672.64,49032.69,29.37000000000262,27.43000000000029,1.9400000000023283,0.07072548304784206
2026-08-16 00:40:00,20192.95,906.3,44672.6,49032.66,29.340000000003783,27.415000000000873,1.9250000000029104,0.07021703447028448
2026-08-16 00:41:00,20193.01,906.34,44672.63,49032.7,29.37999999999738,27.400000000001455,1.9799999999959255,0.0722627737224752
2026-08-16 00:42:00,20193.18,906.38,44672.67,49032.8,29.4800000000032,27.400000000001455,2.0800000000017462,0.07591240875918379
2026-08-16 00:43:00,20193.36,906.42,44672.7,49032.9,29.580000000001746,27.400000000001455,2.180000000000291,0.07956204379562684
2026-08-16 00:44:00,20193.51,906.3,44672.73,49032.99,29.669999999998254,27.389999999999418,2.279999999998836,0.08324205914563287
2026-08-16 00:45:00,20193.47,906.3,44672.72,49032.97,29.650000000001455,27.37999999999738,2.2700000000040745,0.08290723155603695
2026-08-16 00:46:00,20193.53,906.25,44672.73,49033.01,29.69000000000233,27.37999999999738,2.3100000000049477,0.08436815193590828
2026-08-16 00:47:00,20193.56,906.05,44672.79,49033.08,29.760000000002037,27.37999999999738,2.3800000000046566,0.08692476260061667
2026-08-16 00:48:00,20193.58,905.89,44672.87,49033.16,29.840000000003783,27.364999999997963,2.4750000000058208,0.09044399780763768
2026-08-16 00:49:00,20193.48,905.96,44672.85,49033.1,29.779999999998836,27.349999999998545,2.430000000000291,0.08884826325412871
2026-08-16 00:50:00,20193.54,905.9,44672.87,49033.14,29.81999999999971,27.349999999998545,2.470000000001164,0.09031078610608027
2026-08-16 00:51:00,20193.64,905.9,44672.9,49033.2,29.87999999999738,27.349999999998545,2.529999999998836,0.09250457038387461
2026-08-16 00:52:00,20193.78,905.75,44672.92,49033.27,29.94999999999709,27.30999999999767,2.639999999999418,0.09666788722078518
2026-08-16 00:53:00,20193.75,905.63,44672.96,49033.3,29.9800000000032,27.2699999999968,2.710000000006403,0.09937660432734584
2026-08-16 00:54:00,20193.76,905.71,44672.94,49033.29,29.970000000001164,27.229999999999563,2.7400000000016007,0.10062431142128699
2026-08-16 00:55:00,20193.82,905.7,44672.94,49033.31,29.989999999997963,27.19000000000233,2.7999999999956344,0.10297903641027564
2026-08-16 00:56:00,20193.73,905.8,44672.89,49033.23,29.910000000003492,27.18500000000131,2.725000000002183,0.10023910244627741
2026-08-16 00:57:00,20193.7,905.72,44672.92,49033.23,29.910000000003492,27.18000000000029,2.7300000000032014,0.10044150110386947
2026-08-16 00:58:00,20193.64,905.55,44672.99,49033.26,29.94000000000233,27.174999999999272,2.765000000003056,0.10174793008291186
2026-08-16 00:59:00,20193.68,905.39,44673.05,49033.34,30.0199999999968,27.169999999998254,2.849999999998545,0.10489510489505807
2026-08-16 01:00:00,20193.73,905.23,44673.11,49033.41,30.090000000003783,27.154999999998836,2.9350000000049477,0.1080832259254308
2026-08-16 01:01:00,20193.8,905.09,44673.16,49033.48,30.160000000003492,27.139999999999418,3.0200000000040745,0.11127487103920926
2026-08-16 01:02:00,20193.73,905.2,44673.14,49033.45,30.12999999999738,27.1349999999984,2.9949999999989814,0.11037405564765645
2026-08-16 01:03:00,20193.59,905.37,44673.06,49033.32,30.0,27.12999999999738,2.8700000000026193,0.10578695171407654
2026-08-16 01:04:00,20193.47,905.38,44673.07,49033.27,29.94999999999709,27.110000000000582,2.8399999999965075,0.10475839173723521
2026-08-16 01:05:00,20193.2,905.51,44673.05,49033.13,29.80999999999767,27.090000000003783,2.719999999993888,0.10040605389418636
2026-08-16 01:06:00,20193.16,905.74,44673.01,49033.08,29.760000000002037,27.080000000001746,2.680000000000291,0.09896602658789211
2026-08-16 01:07:00,20193.1,906.02,44672.94,49033.0,29.68000000000029,27.06999999999971,2.610000000000582,0.09641669745107537
2026-08-16 01:08:00,20193.12,906.2,44672.88,49032.97,29.650000000001455,27.06999999999971,2.5800000000017462,0.09530845954938212
2026-08-16 01:09:00,20193.15,906.24,44672.87,49032.97,29.650000000001455,27.06999999999971,2.5800000000017462,0.09530845954938212
2026-08-16 01:10:00,20193.38,906.05,44672.92,49033.1,29.779999999998836,27.014999999999418,2.764999999999418,0.10235054599294753
2026-08-16 01:11:00,20193.3,905.95,44672.97,49033.12,29.80000000000291,26.959999999999127,2.8400000000037835,0.10534124629094493
2026-08-16 01:12:00,20193.29,905.73,44673.01,49033.16,29.840000000003783,26.959999999999127,2.8800000000046566,0.10682492581619993
2026-08-16 01:13:00,20193.31,905.47,44673.11,49033.25,29.93000000000029,26.959999999999127,2.970000000001164,0.11016320474782122
2026-08-16 01:14:00,20193.17,905.39,44673.16,49033.23,29.910000000003492,26.959999999999127,2.9500000000043656,0.10942136498532867
2026-08-16 01:15:00,20193.11,905.36,44673.18,49033.22,29.900000000001455,26.959999999999127,2.9400000000023283,0.10905044510394746
2026-08-16 01:16:00,20193.19,905.37,44673.22,49033.28,29.959999999999127,26.95499999999811,3.0050000000010186,0.11148209979600184
2026-08-16 01:17:00,20193.0,905.5,44673.17,49033.17,29.849999999998545,26.94999999999709,2.900000000001455,0.10760667903531608
2026-08-16 01:18:00,20192.97,905.66,44673.14,49033.13,29.80999999999767,26.94499999999971,2.8649999999979627,0.1063277045833362
2026-08-16 01:19:00,20193.14,905.73,44673.14,49033.2,29.87999999999738,26.94000000000233,2.9399999999950523,0.109131403117847
2026-08-16 01:20:00,20193.16,905.86,44673.09,49033.17,29.849999999998545,26.93500000000131,2.914999999997235,0.10822350102086851
2026-08-16 01:21:00,20193.25,905.72,44673.13,49033.24,29.919999999998254,26.93000000000029,2.9899999999979627,0.11102859264752805
2026-08-16 01:22:00,20193.5,905.59,44673.19,49033.39,30.06999999999971,26.924999999999272,3.1450000000004366,0.11680594243270274
2026-08-16 01:23:00,20193.72,905.45,44673.21,49033.51,30.19000000000233,26.919999999998254,3.2700000000040745,0.12147102526018895
2026-08-16 01:24:00,20193.94,905.31,44673.22,49033.6,30.279999999998836,26.895000000000437,3.3849999999983993,0.12585982524626677
2026-08-16 01:25:00,20193.94,905.32,44673.21,49033.58,30.260000000002037,26.87000000000262,3.389999999999418,0.12616300707104902
2026-08-16 01:26:00,20193.99,905.41,44673.17,49033.58,30.260000000002037,26.850000000002183,3.4099999999998545,0.1270018621973772
2026-08-16 01:27:00,20194.09,905.41,44673.16,49033.6,30.279999999998836,26.830000000001746,3.4499999999970896,0.12858740216164238
2026-08-16 01:28:00,20194.34,905.26,44673.2,49033.73,30.410000000003492,26.825000000000728,3.585000000002765,0.13364398881650205
2026-08-16 01:29:00,20194.35,905.16,44673.23,49033.75,30.43000000000029,26.81999999999971,3.610000000000582,0.13460104399704031
2026-08-16 01:30:00,20194.63,904.92,44673.28,49033.91,30.590000000003783,26.81499999999869,3.775000000005093,0.1407794145070027
2026-08-16 01:31:00,20194.58,904.75,44673.32,49033.92,30.599999999998545,26.80999999999767,3.790000000000873,0.14136516225293555
2026-08-16 01:32:00,20194.17,904.84,44673.3,49033.75,30.43000000000029,26.799999999999272,3.6300000000010186,0.13544776119407154
2026-08-16 01:33:00,20193.77,905.13,44673.23,49033.52,30.19999999999709,26.790000000000873,3.4099999999962165,0.12728630085838394
2026-08-16 01:34:00,20193.41,905.54,44673.15,49033.3,29.9800000000032,26.784999999999854,3.195000000003347,0.1192831808849492
2026-08-16 01:35:00,20193.11,905.95,44673.06,49033.11,29.790000000000873,26.779999999998836,3.0100000000020373,0.1123973114265186
2026-08-16 01:36:00,20193.04,906.12,44673.04,49033.05,29.7300000000032,26.7599999999984,2.970000000004802,0.11098654708538788
2026-08-16 01:37:00,20192.91,906.18,44673.05,49033.02,29.69999999999709,26.739999999997963,2.959999999999127,0.11069558713535349
2026-08-16 01:38:00,20192.68,906.25,44673.09,49032.96,29.639999999999418,26.724999999998545,2.915000000000873,0.10907390084194693
2026-08-16 01:39:00,20192.41,906.43,44673.09,49032.84,29.5199999999968,26.709999999999127,2.8099999999976717,0.10520404342934345
2026-08-16 01:40:00,20192.28,906.78,44673.05,49032.76,29.44000000000233,26.69499999999971,2.7450000000026193,0.10282824498979769
2026-08-16 01:41:00,20192.3,906.91,44673.02,49032.76,29.44000000000233,26.68000000000029,2.7600000000020373,0.1034482758621442
2026-08-16 01:42:00,20192.33,906.98,44673.03,49032.78,29.459999999999127,26.654999999998836,2.805000000000291,0.10523353967362271
2026-08-16 01:43:00,20192.39,906.91,44673.07,49032.84,29.5199999999968,26.62999999999738,2.889999999999418,0.10852422080359378
2026-08-16 01:44:00,20192.55,906.67,44673.19,49033.01,29.69000000000233,26.61999999999898,3.070000000003347,0.11532682193852233
2026-08-16 01:45:00,20192.5,906.54,44673.23,49033.03,29.709999999999127,26.610000000000582,3.099999999998545,0.116497557309225
2026-08-16 01:46:00,20192.49,906.35,44673.29,49033.08,29.760000000002037,26.600000000002183,3.1599999999998545,0.11879699248118779
2026-08-16 01:47:00,20192.64,906.02,44673.4,49033.24,29.919999999998254,26.590000000003783,3.3299999999944703,0.12523505077074074
2026-08-16 01:48:00,20192.84,905.81,44673.47,49033.37,30.05000000000291,26.585000000002765,3.4650000000001455,0.13033665600901956
2026-08-16 01:49:00,20192.86,905.66,44673.49,49033.39,30.06999999999971,26.580000000001746,3.4899999999979627,0.13130173062444445
2026-08-16 01:50:00,20192.85,905.71,44673.49,49033.38,30.05999999999767,26.55500000000029,3.5049999999973807,0.1319902090000882
2026-08-16 01:51:00,20192.87,905.86,44673.46,49033.35,30.029999999998836,26.529999999998836,3.5,0.13192612137203746
2026-08-16 01:52:00,20192.89,905.98,44673.4,49033.33,30.010000000002037,26.49499999999898,3.515000000003056,0.13266654085688587
2026-08-16 01:53:00,20192.98,905.96,44673.4,49033.36,30.040000000000873,26.459999999999127,3.5800000000017462,0.1352985638700629
2026-08-16 01:54:00,20192.99,905.96,44673.39,49033.35,30.029999999998836,26.450000000000728,3.5799999999981083,0.1353497164460495
2026-08-16 01:55:00,20193.04,905.92,44673.39,49033.38,30.05999999999767,26.44000000000233,3.6199999999953434,0.136913767019479
2026-08-16 01:56:00,20193.22,905.68,44673.46,49033.5,30.18000000000029,26.43500000000131,3.7449999999989814,0.14166824285979934
2026-08-16 01:57:00,20193.27,905.4,44673.54,49033.59,30.2699999999968,26.43000000000029,3.8399999999965075,0.14528944381371417
2026-08-16 01:58:00,20192.97,905.36,44673.56,49033.48,30.160000000003492,26.43000000000029,3.7300000000032014,0.1411275066213833
2026-08-16 01:59:00,20192.92,905.28,44673.59,49033.5,30.18000000000029,26.43000000000029,3.75,0.14188422247445928
2026-08-16 02:00:00,20192.89,905.31,44673.62,49033.51,30.19000000000233,26.43000000000029,3.7600000000020373,0.14226258040113493
2026-08-16 02:01:00,20192.91,905.58,44673.57,49033.47,30.150000000001455,26.43000000000029,3.720000000001164,0.14074914869470764
2026-08-16 02:02:00,20192.71,905.87,44673.45,49033.3,29.9800000000032,26.42000000000189,3.5600000000013097,0.13474640423925263
2026-08-16 02:03:00,20192.65,906.06,44673.42,49033.25,29.93000000000029,26.410000000003492,3.5199999999967986,0.13328284740614665
2026-08-16 02:04:00,20192.69,906.11,44673.42,49033.27,29.94999999999709,26.405000000002474,3.544999999994616,0.13425487597024366
2026-08-16 02:05:00,20192.7,906.13,44673.43,49033.28,29.959999999999127,26.400000000001455,3.5599999999976717,0.1348484848483892
2026-08-16 02:06:00,20192.67,906.17,44673.43,49033.27,29.94999999999709,26.3650000000016,3.584999999995489,0.13597572539333477
2026-08-16 02:07:00,20192.86,906.15,44673.46,49033.37,30.05000000000291,26.330000000001746,3.720000000001164,0.14128370679836375
2026-08-16 02:08:00,20193.09,906.02,44673.49,49033.5,30.18000000000029,26.29500000000189,3.8849999999983993,0.1477467199086564
2026-08-16 02:09:00,20193.23,905.99,44673.51,49033.57,30.25,26.260000000002037,3.9899999999979627,0.15194211728856258
2026-08-16 02:10:00,20193.33,905.98,44673.5,49033.6,30.279999999998836,26.25500000000102,4.024999999997817,0.1533041325460926
2026-08-16 02:11:00,20193.29,905.84,44673.54,49033.63,30.30999999999767,26.25,4.059999999997672,0.15466666666657797
2026-08-16 02:12:00,20193.17,905.86,44673.55,49033.59,30.2699999999968,26.2400000000016,4.029999999995198,0.15358231707297834
2026-08-16 02:13:00,20193.06,905.82,44673.52,49033.51,30.19000000000233,26.2300000000032,3.959999999999127,0.15097216927177445
2026-08-16 02:14:00,20192.91,906.1,44673.49,49033.42,30.099999999998545,26.225000000002183,3.874999999996362,0.1477597712105258
2026-08-16 02:15:00,20192.82,906.3,44673.44,49033.35,30.029999999998836,26.220000000001164,3.8099999999976717,0.1453089244850306
2026-08-16 02:16:00,20192.97,906.23,44673.47,49033.43,30.110000000000582,26.205000000001746,3.904999999998836,0.14901736309859095
2026-08-16 02:17:00,20192.9,906.07,44673.53,49033.46,30.139999999999418,26.19000000000233,3.9499999999970896,0.15082092401667577
2026-08-16 02:18:00,20192.81,906.1,44673.55,49033.44,30.12000000000262,26.18000000000029,3.9400000000023283,0.1504965622613554
2026-08-16 02:19:00,20192.71,906.03,44673.58,49033.41,30.090000000003783,26.169999999998254,3.9200000000055297,0.14978983568994236
2026-08-16 02:20:00,20192.6,906.02,44673.61,49033.4,30.080000000001746,26.169999999998254,3.9100000000034925,0.14940771876208458
2026-08-16 02:21:00,20192.74,905.97,44673.65,49033.49,30.169999999998254,26.169999999998254,4.0,0.15284677111197045
2026-08-16 02:22:00,20192.65,906.4,44673.58,49033.39,30.06999999999971,26.159999999999854,3.9099999999998545,0.1494648318042766
2026-08-16 02:23:00,20192.81,906.7,44673.46,49033.36,30.040000000000873,26.150000000001455,3.889999999999418,0.1487571701720536
2026-08-16 02:24:00,20192.9,906.69,44673.46,49033.39,30.06999999999971,26.135000000002037,3.9349999999976717,0.15056437727175684
2026-08-16 02:25:00,20192.96,906.74,44673.46,49033.43,30.110000000000582,26.12000000000262,3.9899999999979627,0.1527565084225713
2026-08-16 02:26:00,20192.9,906.89,44673.41,49033.36,30.040000000000873,26.110000000000582,3.930000000000291,0.15051704327844517
2026-08-16 02:27:00,20192.6,907.02,44673.38,49033.22,29.900000000001455,26.099999999998545,3.8000000000029104,0.1455938697319204
2026-08-16 02:28:00,20192.43,907.08,44673.4,49033.17,29.849999999998545,26.090000000000146,3.7599999999983993,0.1441165197393016
2026-08-16 02:29:00,20192.3,906.99,44673.47,49033.17,29.849999999998545,26.080000000001746,3.7699999999967986,0.14455521472379396
2026-08-16 02:30:00,20192.11,907.11,44673.49,49033.11,29.790000000000873,26.080000000001746,3.709999999999127,0.14225460122695086
2026-08-16 02:31:00,20191.89,907.47,44673.44,49032.99,29.669999999998254,26.080000000001746,3.5899999999965075,0.1376533742329857
2026-08-16 02:32:00,20192.03,907.84,44673.39,49033.0,29.68000000000029,26.014999999999418,3.665000000000873,0.1408802613876977
2026-08-16 02:33:00,20192.6,907.94,44673.36,49033.21,29.889999999999418,25.94999999999709,3.9400000000023283,0.1518304431600297
2026-08-16 02:34:00,20193.15,907.97,44673.34,49033.41,30.090000000003783,25.93499999999767,4.155000000006112,0.16020821284004183
2026-08-16 02:35:00,20193.65,907.87,44673.32,49033.6,30.279999999998836,25.919999999998254,4.360000000000582,0.16820987654324365
2026-08-16 02:36:00,20194.19,907.51,44673.41,49033.89,30.56999999999971,25.919999999998254,4.650000000001455,0.17939814814821636
2026-08-16 02:37:00,20194.56,907.19,44673.5,49034.11,30.790000000000873,25.919999999998254,4.870000000002619,0.18788580246924952
2026-08-16 02:38:00,20194.69,906.77,44673.6,49034.25,30.93000000000029,25.889999999999418,5.040000000000873,0.19466975666284228
2026-08-16 02:39:00,20194.7,906.35,44673.71,49034.35,31.029999999998836,25.860000000000582,5.169999999998254,0.199922660479433
2026-08-16 02:40:00,20194.3,906.36,44673.71,49034.2,30.87999999999738,25.854999999999563,5.024999999997817,0.1943531231869233
2026-08-16 02:41:00,20193.94,906.43,44673.71,49034.05,30.7300000000032,25.849999999998545,4.880000000004657,0.1887814313348136
2026-08-16 02:42:00,20193.63,906.86,44673.63,49033.87,30.55000000000291,25.840000000000146,4.710000000002765,0.1822755417957716
2026-08-16 02:43:00,20193.45,906.98,44673.63,49033.78,30.459999999999127,25.830000000001746,4.629999999997381,0.1792489353463828
2026-08-16 02:44:00,20193.13,907.76,44673.49,49033.52,30.19999999999709,25.81999999999971,4.379999999997381,0.16963594113080674
2026-08-16 02:45:00,20193.01,908.34,44673.3,49033.31,29.989999999997963,25.80999999999767,4.180000000000291,0.16195273149944472
2026-08-16 02:46:00,20192.74,908.81,44673.21,49033.14,29.81999999999971,25.80999999999767,4.010000000002037,0.15536613715623399
2026-08-16 02:47:00,20192.4,908.34,44673.3,49033.08,29.760000000002037,25.80999999999767,3.9500000000043656,0.153041456799873
2026-08-16 02:48:00,20192.46,907.26,44673.92,49033.65,30.330000000001746,25.80500000000029,4.525000000001455,0.17535361364082172
2026-08-16 02:49:00,20193.26,905.88,44674.12,49034.15,30.830000000001746,25.80000000000291,5.029999999998836,0.19496124031001041
2026-08-16 02:50:00,20193.69,903.65,44674.91,49034.98,31.660000000003492,25.775000000001455,5.885000000002037,0.22832201745884403
2026-08-16 02:51:00,20193.46,902.87,44675.03,49035.0,31.68000000000029,25.75,5.930000000000291,0.23029126213593362
2026-08-16 02:52:00,20193.7,901.19,44675.52,49035.5,32.18000000000029,25.75,6.430000000000291,0.24970873786408898
2026-08-16 02:53:00,20193.06,901.44,44675.49,49035.23,31.910000000003492,25.75,6.1600000000034925,0.2392233009710094
2026-08-16 02:54:00,20192.93,900.54,44675.58,49035.24,31.919999999998254,25.729999999999563,6.18999999999869,0.24057520404192753
2026-08-16 02:55:00,20192.25,900.9,44675.52,49034.91,31.590000000003783,25.709999999999127,5.880000000004657,0.22870478413087733
2026-08-16 02:56:00,20192.52,900.55,44675.44,49034.95,31.62999999999738,25.659999999999854,5.969999999997526,0.23265783320333439
2026-08-16 02:57:00,20191.97,900.66,44675.38,49034.66,31.340000000003783,25.610000000000582,5.730000000003201,0.22374072627891728
2026-08-16 02:58:00,20192.11,900.72,44675.21,49034.58,31.260000000002037,25.584999999999127,5.67500000000291,0.22180965409431713
2026-08-16 02:59:00,20192.18,900.59,44675.2,49034.58,31.260000000002037,25.55999999999767,5.700000000004366,0.22300469483587188
2026-08-16 03:00:00,20192.22,900.92,44674.97,49034.39,31.06999999999971,25.55999999999767,5.510000000002037,0.21557120500792407
2026-08-16 03:01:00,20192.16,901.09,44674.78,49034.19,30.87000000000262,25.55999999999767,5.310000000004948,0.20774647887345193
2026-08-16 03:02:00,20192.17,901.38,44674.56,49034.01,30.69000000000233,25.544999999998254,5.1450000000040745,0.20140927774532888
2026-08-16 03:03:00,20191.83,901.29,44674.47,49033.79,30.470000000001164,25.529999999998836,4.940000000002328,0.19349784567185874
2026-08-16 03:04:00,20191.2,901.96,44674.3,49033.38,30.05999999999767,25.520000000000437,4.539999999997235,0.1778996865202648
2026-08-16 03:05:00,20191.16,901.64,44674.28,49033.35,30.029999999998836,25.510000000002037,4.519999999996799,0.1771854174832002
2026-08-16 03:06:00,20190.78,902.12,44674.25,49033.17,29.849999999998545,25.5,4.349999999998545,0.1705882352940606
2026-08-16 03:07:00,20191.11,902.48,44674.05,49033.14,29.81999999999971,25.489999999997963,4.330000000001746,0.1698705374657549
2026-08-16 03:08:00,20191.23,902.06,44674.12,49033.26,29.94000000000233,25.474999999998545,4.4650000000037835,0.17526987242410358
2026-08-16 03:09:00,20191.23,903.68,44673.75,49032.93,29.610000000000582,25.459999999999127,4.150000000001455,0.16300078554601719
2026-08-16 03:10:00,20192.03,903.12,44673.71,49033.2,29.87999999999738,25.45499999999811,4.424999999999272,0.17383618149674332
2026-08-16 03:11:00,20191.7,904.33,44673.51,49032.9,29.580000000001746,25.44999999999709,4.130000000004657,0.16227897838919955
2026-08-16 03:12:00,20192.39,904.39,44673.3,49033.0,29.68000000000029,25.424999999999272,4.255000000001019,0.16735496558509894
2026-08-16 03:13:00,20192.24,904.64,44673.29,49032.94,29.62000000000262,25.400000000001455,4.220000000001164,0.16614173228350088
2026-08-16 03:14:00,20192.57,905.23,44673.1,49032.91,29.590000000003783,25.385000000002037,4.205000000001746,0.16564900531815674
2026-08-16 03:15:00,20192.81,905.01,44673.15,49033.05,29.7300000000032,25.37000000000262,4.360000000000582,0.1718565234529023
2026-08-16 03:16:00,20192.36,905.66,44673.04,49032.79,29.470000000001164,25.350000000002183,4.119999999998981,0.16252465483229298
2026-08-16 03:17:00,20192.37,905.67,44672.93,49032.69,29.37000000000262,25.330000000001746,4.040000000000873,0.1594946703513855
2026-08-16 03:18:00,20192.51,904.96,44673.28,49033.05,29.7300000000032,25.325000000000728,4.405000000002474,0.17393879565655862
2026-08-16 03:19:00,20192.54,905.56,44673.25,49033.03,29.709999999999127,25.31999999999971,4.389999999999418,0.17338072669824126
2026-08-16 03:20:00,20192.47,905.28,44673.24,49032.99,29.669999999998254,25.30500000000029,4.364999999997963,0.17249555423821034
2026-08-16 03:21:00,20192.01,905.8,44673.21,49032.79,29.470000000001164,25.290000000000873,4.180000000000291,0.1652827204428686
2026-08-16 03:22:00,20192.02,905.67,44673.22,49032.81,29.489999999997963,25.235000000000582,4.254999999997381,0.16861501882295551
2026-08-16 03:23:00,20191.45,906.09,44672.95,49032.34,29.0199999999968,25.18000000000029,3.8399999999965075,0.15250198570279838
2026-08-16 03:24:00,20191.41,906.04,44673.22,49032.57,29.25,25.1150000000016,4.134999999998399,0.1646426438382694
2026-08-16 03:25:00,20191.16,906.35,44673.51,49032.73,29.410000000003492,25.05000000000291,4.360000000000582,0.17405189620758785
2026-08-16 03:26:00,20190.92,905.69,44673.58,49032.69,29.37000000000262,24.9900000000016,4.380000000001019,0.17527010804324683
2026-08-16 03:27:00,20190.53,906.55,44673.22,49032.23,28.910000000003492,24.93000000000029,3.9800000000032014,0.15964701163269776
2026-08-16 03:28:00,20190.94,905.93,44673.52,49032.65,29.330000000001746,24.885000000002037,4.444999999999709,0.17862165963429155
2026-08-16 03:29:00,20190.82,906.67,44673.52,49032.62,29.30000000000291,24.840000000003783,4.459999999999127,0.17954911433166054
2026-08-16 03:30:00,20191.14,906.47,44673.54,49032.75,29.43000000000029,24.81500000000233,4.614999999997963,0.18597622405792988
2026-08-16 03:31:00,20190.65,907.31,44673.36,49032.41,29.090000000003783,24.790000000000873,4.30000000000291,0.1734570391287922
2026-08-16 03:32:00,20190.86,907.21,44673.21,49032.36,29.040000000000873,24.779999999998836,4.260000000002037,0.17191283292987236
2026-08-16 03:33:00,20190.41,907.59,44673.2,49032.16,28.840000000003783,24.7699999999968,4.070000000006985,0.16431166733982686
2026-08-16 03:34:00,20190.66,907.57,44673.22,49032.28,28.959999999999127,24.639999999999418,4.319999999999709,0.17532467532466767
2026-08-16 03:35:00,20190.88,907.6,44673.41,49032.54,29.220000000001164,24.510000000002037,4.709999999999127,0.19216646266824705
2026-08-16 03:36:00,20190.79,907.68,44673.32,49032.43,29.110000000000582,24.38000000000102,4.729999999999563,0.19401148482359992
2026-08-16 03:37:00,20190.81,907.72,44673.34,49032.48,29.160000000003492,24.25,4.9100000000034925,0.20247422680426774
2026-08-16 03:38:00,20190.9,907.93,44673.45,49032.6,29.279999999998836,24.215000000000146,5.06499999999869,0.2091678711541879
2026-08-16 03:39:00,20190.84,907.75,44673.47,49032.59,29.2699999999968,24.18000000000029,5.0899999999965075,0.21050454921407966
2026-08-16 03:40:00,20190.77,907.73,44673.52,49032.6,29.279999999998836,24.125,5.154999999998836,0.21367875647663567
2026-08-16 03:41:00,20190.9,907.8,44673.5,49032.63,29.30999999999767,24.06999999999971,5.239999999997963,0.21769837972571773
2026-08-16 03:42:00,20190.89,907.86,44673.54,49032.67,29.349999999998545,24.040000000000873,5.309999999997672,0.22088186356062725
2026-08-16 03:43:00,20190.83,908.08,44673.54,49032.64,29.31999999999971,24.010000000002037,5.309999999997672,0.22115785089534448
2026-08-16 03:44:00,20191.18,908.0,44673.6,49032.83,29.510000000002037,23.900000000001455,5.610000000000582,0.2347280334728134
2026-08-16 03:45:00,20191.3,908.22,44673.59,49032.89,29.56999999999971,23.790000000000873,5.779999999998836,0.2429592265657261
2026-08-16 03:46:00,20191.76,907.88,44673.66,49033.13,29.80999999999767,23.764999999999418,6.044999999998254,0.25436566379122244
2026-08-16 03:47:00,20192.04,908.11,44673.63,49033.23,29.910000000003492,23.739999999997963,6.17000000000553,0.2598989048022771
2026-08-16 03:48:00,20192.79,907.83,44673.69,49033.58,30.260000000002037,23.735000000000582,6.525000000001455,0.2749104697704359
2026-08-16 03:49:00,20192.64,908.25,44673.44,49033.3,29.9800000000032,23.7300000000032,6.25,0.26337968815841367
2026-08-16 03:50:00,20192.77,908.59,44673.36,49033.29,29.970000000001164,23.725000000002183,6.244999999998981,0.26322444678602347
2026-08-16 03:51:00,20192.94,908.69,44673.41,49033.41,30.090000000003783,23.720000000001164,6.370000000002619,0.26854974704900114
2026-08-16 03:52:00,20193.3,908.64,44673.42,49033.57,30.25,23.590000000000146,6.6599999999998545,0.28232301822805483
2026-08-16 03:53:00,20193.35,908.8,44673.41,49033.58,30.260000000002037,23.459999999999127,6.80000000000291,0.28985507246390296
2026-08-16 03:54:00,20193.73,908.83,44673.45,49033.76,30.44000000000233,23.43999999999869,7.000000000003638,0.2986348122868613
2026-08-16 03:55:00,20193.92,909.18,44673.36,49033.76,30.44000000000233,23.419999999998254,7.0200000000040745,0.29974380871070017
2026-08-16 03:56:00,20194.11,909.29,44673.3,49033.79,30.470000000001164,23.149999999997817,7.320000000003347,0.3161987041038461
2026-08-16 03:57:00,20194.06,909.32,44673.27,49033.74,30.419999999998254,22.87999999999738,7.540000000000873,0.3295454545455304
2026-08-16 03:58:00,20194.09,909.63,44673.27,49033.76,30.44000000000233,22.75,7.690000000002328,0.33802197802208034
2026-08-16 03:59:00,20193.69,909.61,44673.25,49033.58,30.260000000002037,22.62000000000262,7.639999999999418,0.3377541998231005
2026-08-16 04:00:00,20193.24,909.63,44673.33,49033.46,30.139999999999418,22.600000000002183,7.539999999997235,0.33362831858391623
2026-08-16 04:01:00,20192.63,910.02,44673.3,49033.19,29.87000000000262,22.580000000001746,7.290000000000873,0.3228520814880562
2026-08-16 04:02:00,20192.13,910.73,44673.19,49032.91,29.590000000003783,22.575000000000728,7.015000000003056,0.31074197120721286
2026-08-16 04:03:00,20192.15,910.92,44673.29,49033.0,29.68000000000029,22.56999999999971,7.110000000000582,0.3150199379707875
2026-08-16 04:04:00,20191.86,912.08,44673.12,49032.76,29.44000000000233,22.5099999999984,6.930000000003929,0.3078631719237859
2026-08-16 04:05:00,20191.91,912.81,44673.04,49032.72,29.400000000001455,22.44999999999709,6.950000000004366,0.30957683741671566
2026-08-16 04:06:00,20191.89,913.75,44672.86,49032.58,29.260000000002037,22.5099999999984,6.750000000003638,0.29986672589978314
2026-08-16 04:07:00,20192.37,913.8,44672.9,49032.82,29.5,22.56999999999971,6.930000000000291,0.30704474966771733
2026-08-16 04:08:00,20192.68,914.16,44672.89,49032.92,29.599999999998545,22.575000000000728,7.024999999997817,0.3111849390918091
2026-08-16 04:09:00,20192.94,914.35,44672.87,49033.0,29.68000000000029,22.580000000001746,7.099999999998545,0.31443755535863577
2026-08-16 04:10:00,20193.2,914.5,44672.83,49033.09,29.7699999999968,22.600000000002183,7.169999999994616,0.3172566371678727
2026-08-16 04:11:00,20193.3,914.12,44673.06,49033.33,30.010000000002037,22.62000000000262,7.389999999999418,0.32670203359852173
2026-08-16 04:12:00,20193.96,913.95,44673.24,49033.77,30.44999999999709,22.635000000002037,7.814999999995052,0.3452617627565429
2026-08-16 04:13:00,20194.17,914.02,44673.3,49033.9,30.580000000001746,22.650000000001455,7.930000000000291,0.35011037527592853
2026-08-16 04:14:00,20194.36,913.9,44673.24,49033.92,30.599999999998545,22.700000000000728,7.899999999997817,0.34801762114526713
2026-08-16 04:15:00,20195.1,914.03,44673.21,49034.2,30.87999999999738,22.75,8.12999999999738,0.3573626373625222
2026-08-16 04:16:00,20195.35,913.87,44673.32,49034.38,31.05999999999767,22.75,8.309999999997672,0.36527472527462296
2026-08-16 04:17:00,20195.44,913.82,44673.32,49034.41,31.090000000003783,22.75,8.340000000003783,0.3665934065935729
2026-08-16 04:18:00,20194.76,914.01,44673.29,49034.12,30.80000000000291,22.75,8.05000000000291,0.35384615384628176
2026-08-16 04:19:00,20193.42,914.16,44673.31,49033.59,30.2699999999968,22.75,7.519999999996799,0.33054945054930984
2026-08-16 04:20:00,20191.77,914.47,44673.42,49033.02,29.69999999999709,22.799999999999272,6.899999999997817,0.3026315789472823
2026-08-16 04:21:00,20189.77,915.36,44673.52,49032.31,28.989999999997963,22.849999999998545,6.139999999999418,0.2687089715536021
2026-08-16 04:22:00,20188.67,916.51,44673.64,49032.0,28.68000000000029,22.864999999997963,5.815000000002328,0.25431882790303284
2026-08-16 04:23:00,20188.24,917.36,44673.69,49031.88,28.55999999999767,22.87999999999738,5.680000000000291,0.2482517482517894
2026-08-16 04:24:00,20188.36,918.24,44673.71,49031.97,28.650000000001455,22.94999999999709,5.700000000004366,0.24836601307211714
2026-08-16 04:25:00,20189.05,919.25,44673.68,49032.23,28.910000000003492,23.0199999999968,5.890000000006694,0.255864465682342
2026-08-16 04:26:00,20189.98,919.6,44673.78,49032.73,29.410000000003492,23.044999999998254,6.365000000005239,0.27619874159278457
2026-08-16 04:27:00,20191.38,919.11,44674.14,49033.62,30.30000000000291,23.06999999999971,7.230000000003201,0.31339401820560436
2026-08-16 04:28:00,20192.33,918.87,44674.27,49034.12,30.80000000000291,23.1150000000016,7.68500000000131,0.33246809431108704
2026-08-16 04:29:00,20193.04,918.42,44674.28,49034.43,31.110000000000582,23.160000000003492,7.94999999999709,0.3432642487044858
2026-08-16 04:30:00,20193.58,917.99,44674.36,49034.7,31.37999999999738,23.235000000000582,8.144999999996799,0.3505487411231588
2026-08-16 04:31:00,20194.1,917.49,44674.54,49035.06,31.739999999997963,23.30999999999767,8.430000000000291,0.36164736164741024
2026-08-16 04:32:00,20194.09,917.17,44674.61,49035.12,31.80000000000291,23.364999999997963,8.435000000004948,0.3610100577789721
2026-08-16 04:33:00,20194.1,916.88,44674.72,49035.21,31.889999999999418,23.419999999998254,8.470000000001164,0.3616567036721518
2026-08-16 04:34:00,20194.02,916.93,44674.74,49035.19,31.87000000000262,23.43999999999869,8.430000000003929,0.3596416382254437
2026-08-16 04:35:00,20193.66,917.14,44674.87,49035.17,31.849999999998545,23.459999999999127,8.389999999999418,0.3576300085251377
2026-08-16 04:36:00,20193.07,917.5,44674.72,49034.79,31.470000000001164,23.474999999998545,7.995000000002619,0.34057507987233715
2026-08-16 04:37:00,20192.87,917.98,44674.67,49034.7,31.37999999999738,23.489999999997963,7.889999999999418,0.33588761174968507
2026-08-16 04:38:00,20192.83,918.4,44674.77,49034.78,31.459999999999127,23.514999999999418,7.944999999999709,0.33786944503508
2026-08-16 04:39:00,20192.69,918.68,44674.71,49034.67,31.349999999998545,23.540000000000873,7.809999999997672,0.33177570093446823
2026-08-16 04:40:00,20192.98,919.0,44675.1,49035.15,31.830000000001746,23.575000000000728,8.255000000001019,0.3501590668080918
2026-08-16 04:41:00,20192.89,919.52,44675.08,49035.1,31.779999999998836,23.610000000000582,8.169999999998254,0.34603981363820635
2026-08-16 04:42:00,20193.01,919.55,44675.21,49035.26,31.94000000000233,23.665000000000873,8.275000000001455,0.34967251214879147
2026-08-16 04:43:00,20193.27,919.67,44675.37,49035.51,32.19000000000233,23.720000000001164,8.470000000001164,0.3570826306914312
2026-08-16 04:44:00,20193.25,919.66,44675.46,49035.58,32.26000000000204,23.725000000002183,8.534999999999854,0.3597471022128164
2026-08-16 04:45:00,20192.83,919.78,44675.25,49035.25,31.93000000000029,23.7300000000032,8.19999999999709,0.3455541508637161
2026-08-16 04:46:00,20192.65,920.05,44675.35,49035.26,31.94000000000233,23.735000000000582,8.205000000001746,0.34569201601017674
2026-08-16 04:47:00,20192.33,920.83,44675.43,49035.22,31.900000000001455,23.739999999997963,8.160000000003492,0.3437236731257031
2026-08-16 04:48:00,20192.14,921.11,44675.37,49035.1,31.779999999998836,23.764999999999418,8.014999999999418,0.3372606774668468
2026-08-16 04:49:00,20192.13,921.35,44675.55,49035.26,31.94000000000233,23.790000000000873,8.150000000001455,0.34258091635145677
2026-08-16 04:50:00,20192.0,921.62,44675.35,49035.02,31.69999999999709,23.80500000000029,7.894999999996799,0.3316530140725353
2026-08-16 04:51:00,20191.89,922.03,44675.44,49035.07,31.75,23.81999999999971,7.930000000000291,0.33291351805207337
2026-08-16 04:52:00,20191.52,922.65,44675.14,49034.66,31.340000000003783,23.840000000000146,7.500000000003638,0.3145973154363923
2026-08-16 04:53:00,20192.06,922.9,44675.41,49035.15,31.830000000001746,23.860000000000582,7.970000000001164,0.3340318524727984
2026-08-16 04:54:00,20192.27,922.59,44675.8,49035.56,32.23999999999796,23.86999999999898,8.369999999998981,0.35064935064932296
2026-08-16 04:55:00,20192.01,923.4,44675.45,49035.15,31.830000000001746,23.87999999999738,7.950000000004366,0.33291457286454096
2026-08-16 04:56:00,20193.16,922.81,44675.9,49036.04,32.720000000001164,23.899999999997817,8.820000000003347,0.3690376569039394
2026-08-16 04:57:00,20193.65,922.43,44676.51,49036.77,33.44999999999709,23.919999999998254,9.529999999998836,0.3984113712374386
2026-08-16 04:58:00,20193.39,922.47,44676.41,49036.55,33.2300000000032,23.965000000000146,9.265000000003056,0.38660546630515336
2026-08-16 04:59:00,20193.08,922.96,44676.24,49036.31,32.98999999999796,24.010000000002037,8.979999999995925,0.374010828821123
2026-08-16 05:00:00,20193.28,923.65,44676.29,49036.43,33.11000000000058,24.040000000000873,9.069999999999709,0.37728785357734523
2026-08-16 05:01:00,20193.69,923.7,44676.37,49036.69,33.37000000000262,24.06999999999971,9.30000000000291,0.3863730785211061
2026-08-16 05:02:00,20194.08,923.27,44676.27,49036.75,33.43000000000029,24.06999999999971,9.360000000000582,0.3888658080598544
2026-08-16 05:03:00,20193.98,923.36,44676.07,49036.52,33.19999999999709,24.06999999999971,9.12999999999738,0.379310344827482
2026-08-16 05:04:00,20194.08,923.24,44676.2,49036.66,33.34000000000378,24.080000000001746,9.260000000002037,0.384551495016668
2026-08-16 05:05:00,20194.57,923.18,44676.47,49037.12,33.80000000000291,24.090000000003783,9.709999999999127,0.4030718140306186
2026-08-16 05:06:00,20194.41,923.12,44676.37,49036.95,33.62999999999738,24.110000000000582,9.519999999996799,0.39485690584805344
2026-08-16 05:07:00,20194.22,923.17,44676.55,49037.03,33.70999999999913,24.12999999999738,9.580000000001746,0.397016162453493
2026-08-16 05:08:00,20194.09,923.41,44676.59,49037.04,33.720000000001164,24.154999999998836,9.565000000002328,0.39598426826755495
2026-08-16 05:09:00,20194.35,923.46,44676.96,49037.46,34.13999999999942,24.18000000000029,9.959999999999127,0.411910669975145
2026-08-16 05:10:00,20194.16,923.62,44676.74,49037.19,33.87000000000262,24.205000000001746,9.665000000000873,0.3992976657715421
2026-08-16 05:11:00,20193.77,923.84,44676.38,49036.71,33.38999999999942,24.2300000000032,9.159999999996217,0.3780437474203469
2026-08-16 05:12:00,20194.14,923.39,44676.78,49037.24,33.919999999998254,24.2300000000032,9.689999999995052,0.3999174576968127
2026-08-16 05:13:00,20194.2,923.01,44677.0,49037.44,34.12000000000262,24.2300000000032,9.889999999999418,0.40817168799001696
2026-08-16 05:14:00,20194.04,923.14,44677.07,49037.43,34.11000000000058,24.2400000000016,9.869999999998981,0.40717821782171326
2026-08-16 05:15:00,20193.85,923.16,44676.95,49037.25,33.93000000000029,24.25,9.680000000000291,0.39917525773197077
2026-08-16 05:16:00,20193.55,923.59,44676.88,49037.06,33.73999999999796,24.31000000000131,9.429999999996653,0.3879062114354646
2026-08-16 05:17:00,20193.31,923.66,44676.56,49036.69,33.37000000000262,24.37000000000262,9.0,0.369306524415225
2026-08-16 05:18:00,20192.96,924.09,44676.47,49036.47,33.150000000001455,24.385000000002037,8.764999999999418,0.3594422800901655
2026-08-16 05:19:00,20193.01,924.26,44676.75,49036.73,33.41000000000349,24.400000000001455,9.010000000002037,0.3692622950820287
2026-08-16 05:20:00,20192.94,924.12,44676.69,49036.63,33.30999999999767,24.43500000000131,8.874999999996362,0.36320851237961477
2026-08-16 05:21:00,20192.96,923.91,44676.72,49036.67,33.349999999998545,24.470000000001164,8.87999999999738,0.362893338782058
2026-08-16 05:22:00,20192.8,924.07,44676.83,49036.71,33.38999999999942,24.4900000000016,8.899999999997817,0.3634136382195686
2026-08-16 05:23:00,20192.63,923.98,44676.89,49036.69,33.37000000000262,24.510000000002037,8.860000000000582,0.36148510811912876
2026-08-16 05:24:00,20192.07,924.6,44676.72,49036.32,33.0,24.56500000000233,8.434999999997672,0.3433747201301393
2026-08-16 05:25:00,20191.72,924.82,44676.5,49035.98,32.66000000000349,24.62000000000262,8.040000000000873,0.32656376929325825
2026-08-16 05:26:00,20191.64,925.38,44676.53,49036.0,32.68000000000029,24.645000000000437,8.034999999999854,0.32602962061268864
2026-08-16 05:27:00,20191.67,925.27,44676.56,49036.03,32.70999999999913,24.669999999998254,8.040000000000873,0.32590190514801143
2026-08-16 05:28:00,20191.5,925.28,44676.57,49035.97,32.650000000001455,24.715000000000146,7.93500000000131,0.32106008496869365
2026-08-16 05:29:00,20191.46,925.29,44676.76,49036.13,32.80999999999767,24.760000000002037,8.049999999995634,0.3251211631661943
2026-08-16 05:30:00,20191.37,924.97,44677.06,49036.36,33.04000000000087,24.764999999999418,8.275000000001455,0.3341409246921724
2026-08-16 05:31:00,20191.18,924.47,44677.1,49036.3,32.9800000000032,24.7699999999968,8.210000000006403,0.3314493338719202
2026-08-16 05:32:00,20190.91,924.35,44677.21,49036.31,32.98999999999796,24.774999999997817,8.215000000000146,0.3315842583249594
2026-08-16 05:33:00,20190.56,925.19,44677.23,49036.2,32.87999999999738,24.779999999998836,8.099999999998545,0.3268765133171479
2026-08-16 05:34:00,20190.36,925.21,44677.06,49035.95,32.62999999999738,24.784999999999854,7.844999999997526,0.31652208997367653
2026-08-16 05:35:00,20190.21,924.72,44677.07,49035.89,32.56999999999971,24.790000000000873,7.779999999998836,0.3138362242839275
2026-08-16 05:36:00,20190.03,924.74,44677.08,49035.82,32.5,24.790000000000873,7.709999999999127,0.3110125050423096
2026-08-16 05:37:00,20189.21,924.84,44676.8,49035.24,31.919999999998254,24.790000000000873,7.129999999997381,0.2876159741830226
2026-08-16 05:38:00,20189.06,925.7,44676.88,49035.27,31.94999999999709,24.79500000000189,7.154999999995198,0.28856624319397667
2026-08-16 05:39:00,20188.67,926.25,44676.53,49034.79,31.470000000001164,24.80000000000291,6.669999999998254,0.2689516129031238
2026-08-16 05:40:00,20188.67,926.27,44676.65,49034.91,31.590000000003783,24.820000000003347,6.770000000000437,0.272763900080561
2026-08-16 05:41:00,20188.97,926.34,44676.98,49035.33,32.01000000000204,24.840000000003783,7.169999999998254,0.28864734299505485
2026-08-16 05:42:00,20188.65,926.63,44676.78,49035.02,31.69999999999709,24.845000000001164,6.8549999999959255,0.2759106460050555
2026-08-16 05:43:00,20188.76,926.33,44676.68,49034.98,31.660000000003492,24.849999999998545,6.810000000004948,0.27404426559377654
2026-08-16 05:44:00,20188.68,926.15,44676.53,49034.83,31.510000000002037,24.88000000000102,6.630000000001019,0.2664790996784866
2026-08-16 05:45:00,20188.91,925.38,44676.72,49035.08,31.760000000002037,24.910000000003492,6.849999999998545,0.27498996386983476
2026-08-16 05:46:00,20188.62,925.42,44676.72,49034.94,31.62000000000262,24.92000000000189,6.700000000000728,0.2688603531300248
2026-08-16 05:47:00,20187.92,925.97,44676.32,49034.32,31.0,24.93000000000029,6.069999999999709,0.24348174889689683
2026-08-16 05:48:00,20188.53,925.89,44676.71,49034.92,31.599999999998545,24.93999999999869,6.6599999999998545,0.2670408981555816
2026-08-16 05:49:00,20188.38,925.21,44676.75,49034.86,31.540000000000873,24.94999999999709,6.5900000000037835,0.2641282565132085
2026-08-16 05:50:00,20188.13,925.28,44676.45,49034.48,31.160000000003492,24.974999999998545,6.185000000004948,0.24764764764786018
2026-08-16 05:51:00,20187.98,925.4,44676.39,49034.37,31.05000000000291,25.0,6.05000000000291,0.24200000000011643
2026-08-16 05:52:00,20188.19,925.23,44676.79,49034.82,31.5,25.025000000001455,6.474999999998545,0.25874125874118553
2026-08-16 05:53:00,20187.92,925.05,44676.72,49034.64,31.31999999999971,25.05000000000291,6.269999999996799,0.2502994011974479
2026-08-16 05:54:00,20187.76,924.97,44676.67,49034.51,31.19000000000233,25.070000000003347,6.119999999998981,0.24411647387308194
2026-08-16 05:55:00,20187.36,924.59,44676.57,49034.25,30.93000000000029,25.090000000003783,5.8399999999965075,0.23276205659607918
2026-08-16 05:56:00,20187.46,925.0,44676.94,49034.64,31.31999999999971,25.1050000000032,6.2149999999965075,0.24756024696258574
2026-08-16 05:57:00,20187.4,924.9,44677.03,49034.7,31.37999999999738,25.12000000000262,6.259999999994761,0.24920382165581642
2026-08-16 05:58:00,20186.7,924.44,44676.72,49034.13,30.80999999999767,25.125,5.684999999997672,0.22626865671632523
2026-08-16 05:59:00,20186.09,924.21,44676.8,49033.95,30.62999999999738,25.12999999999738,5.5,0.21886191802628624
2026-08-16 06:00:00,20185.24,925.31,44676.66,49033.51,30.19000000000233,25.154999999998836,5.0350000000034925,0.20015901411265058
2026-08-16 06:01:00,20185.02,926.16,44676.53,49033.31,29.989999999997963,25.18000000000029,4.809999999997672,0.19102462271634696
2026-08-16 06:02:00,20184.17,926.55,44676.03,49032.51,29.19000000000233,25.19499999999971,3.9950000000026193,0.1585632069856188
2026-08-16 06:03:00,20184.2,926.23,44675.93,49032.45,29.12999999999738,25.209999999999127,3.9199999999982538,0.15549385164610827
2026-08-16 06:04:00,20183.65,925.78,44676.14,49032.38,29.05999999999767,25.209999999999127,3.849999999998545,0.15271717572386664
2026-08-16 06:05:00,20183.76,926.09,44676.57,49032.81,29.489999999997963,25.209999999999127,4.279999999998836,0.16977389924629052
2026-08-16 06:06:00,20183.74,926.74,44676.34,49032.63,29.30999999999767,25.229999999999563,4.079999999998108,0.16171224732454137
2026-08-16 06:07:00,20183.69,925.94,44676.33,49032.59,29.2699999999968,25.25,4.019999999996799,0.15920792079195242
2026-08-16 06:08:00,20183.55,925.16,44676.63,49032.79,29.470000000001164,25.270000000000437,4.200000000000728,0.1662049861496104
2026-08-16 06:09:00,20182.24,925.98,44676.21,49031.88,28.55999999999767,25.290000000000873,3.2699999999967986,0.12930011862383098
2026-08-16 06:10:00,20181.98,926.03,44676.25,49031.83,28.510000000002037,25.30500000000029,3.2050000000017462,0.12665481130218176
2026-08-16 06:11:00,20181.8,925.23,44675.98,49031.5,28.18000000000029,25.31999999999971,2.860000000000582,0.11295418641392634
2026-08-16 06:12:00,20181.32,926.01,44676.09,49031.39,28.06999999999971,25.325000000000728,2.7449999999989814,0.10839091806510967
2026-08-16 06:13:00,20180.58,926.49,44675.35,49030.45,27.12999999999738,25.330000000001746,1.7999999999956344,0.0710619818395385
2026-08-16 06:14:00,20180.66,926.56,44675.11,49030.26,26.94000000000233,25.350000000002183,1.5900000000001455,0.0627218934911246
2026-08-16 06:15:00,20180.75,926.14,44675.45,49030.59,27.2699999999968,25.37000000000262,1.8999999999941792,0.07489160425675928
2026-08-16 06:16:00,20180.17,926.2,44675.09,49030.03,26.709999999999127,25.385000000002037,1.3249999999970896,0.05219617884565623
2026-08-16 06:17:00,20179.24,925.88,44675.38,49029.9,26.580000000001746,25.400000000001455,1.180000000000291,0.046456692913394625
2026-08-16 06:18:00,20179.46,926.7,44675.67,49030.28,26.959999999999127,25.400000000001455,1.5599999999976717,0.06141732283455049
2026-08-16 06:19:00,20180.13,926.87,44675.92,49030.77,27.44999999999709,25.400000000001455,2.0499999999956344,0.08070866141714633
2026-08-16 06:20:00,20180.07,926.68,44675.89,49030.72,27.400000000001455,25.424999999999272,1.9750000000021828,0.07767944936095336
2026-08-16 06:21:00,20179.91,926.78,44676.18,49030.91,27.590000000003783,25.44999999999709,2.140000000006694,0.08408644400813119
2026-08-16 06:22:00,20179.61,926.74,44676.08,49030.7,27.37999999999738,25.45499999999811,1.9249999999992724,0.07562364957766315
2026-08-16 06:23:00,20179.58,926.7,44676.11,49030.72,27.400000000001455,25.459999999999127,1.9400000000023283,0.07619795758061253
2026-08-16 06:24:00,20179.21,926.68,44676.03,49030.51,27.19000000000233,25.459999999999127,1.7300000000032014,0.06794972505904402
2026-08-16 06:25:00,20178.9,926.6,44675.88,49030.25,26.93000000000029,25.459999999999127,1.4700000000011642,0.0577376276512653
2026-08-16 06:26:00,20178.65,926.82,44676.01,49030.27,26.94999999999709,25.474999999998545,1.4749999999985448,0.05789990186451929
2026-08-16 06:27:00,20179.1,926.91,44676.06,49030.49,27.169999999998254,25.489999999997963,1.680000000000291,0.06590819929385741
2026-08-16 06:28:00,20179.51,927.06,44676.09,49030.67,27.349999999998545,25.5,1.8499999999985448,0.07254901960778608
2026-08-16 06:29:00,20179.68,926.69,44676.1,49030.75,27.43000000000029,25.510000000002037,1.9199999999982538,0.07526460211674248
2026-08-16 06:30:00,20179.62,925.74,44676.1,49030.7,27.37999999999738,25.514999999999418,1.8649999999979627,0.07309425827936529
2026-08-16 06:31:00,20179.49,925.5,44676.26,49030.79,27.470000000001164,25.5199999999968,1.9500000000043656,0.07641065830739069
2026-08-16 06:32:00,20179.68,924.87,44676.36,49030.95,27.62999999999738,25.524999999997817,2.1049999999995634,0.08246816846228182
2026-08-16 06:33:00,20178.98,923.41,44676.64,49030.9,27.580000000001746,25.529999999998836,2.0500000000029104,0.08029768899345882
2026-08-16 06:34:00,20178.19,922.76,44676.93,49030.83,27.510000000002037,25.534999999999854,1.9750000000021828,0.07734482083423513
2026-08-16 06:35:00,20177.62,924.17,44676.56,49030.28,26.959999999999127,25.540000000000873,1.4199999999982538,0.05559906029750216
2026-08-16 06:36:00,20177.64,923.44,44676.46,49030.19,26.87000000000262,25.549999999999272,1.320000000003347,0.05166340508819509
2026-08-16 06:37:00,20177.78,923.51,44676.7,49030.46,27.139999999999418,25.55999999999767,1.5800000000017462,0.06181533646329774
2026-08-16 06:38:00,20177.7,924.33,44676.13,49029.93,26.610000000000582,25.55999999999767,1.0500000000029104,0.04107981220669037
2026-08-16 06:39:00,20177.59,924.61,44675.97,49029.75,26.43000000000029,25.55999999999767,0.8700000000026193,0.03403755868555159
2026-08-16 06:40:00,20178.0,923.92,44676.09,49030.0,26.68000000000029,25.55999999999767,1.1200000000026193,0.04381846635378409
2026-08-16 06:41:00,20178.04,923.44,44676.23,49030.13,26.80999999999767,25.55999999999767,1.25,0.04890453834116251
2026-08-16 06:42:00,20178.0,923.4,44676.17,49030.06,26.739999999997963,25.584999999999127,1.1549999999988358,0.045143638850845234
2026-08-16 06:43:00,20177.5,922.68,44676.08,49029.78,26.459999999999127,25.610000000000582,0.8499999999985448,0.033190160093655816
2026-08-16 06:44:00,20177.13,922.26,44676.21,49029.75,26.43000000000029,25.61999999999898,0.8100000000013097,0.031615925058600385
2026-08-16 06:45:00,20176.54,922.74,44676.12,49029.42,26.099999999998545,25.62999999999738,0.47000000000116415,0.018337885290722285
2026-08-16 06:46:00,20176.32,923.09,44675.98,49029.17,25.849999999998545,25.639999999999418,0.20999999999912689,0.008190327613070657
2026-08-16 06:47:00,20176.51,923.18,44675.93,49029.24,25.919999999998254,25.650000000001455,0.2699999999967986,0.010526315789348276
2026-08-16 06:48:00,20176.88,920.97,44676.34,49029.72,26.400000000001455,25.665000000000873,0.7350000000005821,0.028638223261272435
2026-08-16 06:49:00,20176.4,920.62,44676.39,49029.55,26.2300000000032,25.68000000000029,0.5500000000029104,0.021417445482979133
2026-08-16 06:50:00,20176.53,921.39,44675.84,49029.13,25.80999999999767,25.68999999999869,0.11999999999898137,0.004671078240521116
2026-08-16 06:51:00,20176.79,921.09,44676.13,49029.49,26.169999999998254,25.69999999999709,0.47000000000116415,0.01828793774323803
2026-08-16 06:52:00,20176.87,919.77,44676.61,49029.95,26.62999999999738,25.70499999999811,0.9249999999992724,0.03598521688384908
2026-08-16 06:53:00,20176.88,919.64,44676.4,49029.75,26.43000000000029,25.709999999999127,0.7200000000011642,0.028004667444620327
2026-08-16 06:54:00,20177.64,919.61,44676.23,49029.91,26.590000000003783,25.724999999998545,0.8650000000052387,0.03362487852304325
2026-08-16 06:55:00,20177.91,919.14,44676.48,49030.24,26.919999999998254,25.739999999997963,1.180000000000291,0.04584304584306078
2026-08-16 06:56:00,20178.37,918.85,44676.46,49030.41,27.090000000003783,25.74499999999898,1.3450000000048021,0.052243154010676064
2026-08-16 06:57:00,20178.42,918.99,44676.15,49030.15,26.830000000001746,25.75,1.0800000000017462,0.041941747572883346
2026-08-16 06:58:00,20178.77,917.74,44676.28,49030.39,27.06999999999971,25.75,1.319999999999709,0.0512621359223188
2026-08-16 06:59:00,20178.72,917.52,44676.32,49030.39,27.06999999999971,25.75,1.319999999999709,0.0512621359223188
2026-08-16 07:00:00,20178.89,917.9,44676.34,49030.5,27.18000000000029,25.770000000000437,1.4099999999998545,0.05471478463328795
2026-08-16 07:01:00,20178.85,917.23,44676.56,49030.67,27.349999999998545,25.790000000000873,1.5599999999976717,0.060488561457837105
2026-08-16 07:02:00,20178.34,916.94,44676.35,49030.28,26.959999999999127,25.79500000000189,1.1649999999972351,0.045163791432337654
2026-08-16 07:03:00,20178.13,917.1,44676.29,49030.14,26.81999999999971,25.80000000000291,1.0199999999967986,0.03953488372080169
2026-08-16 07:04:00,20177.9,917.59,44675.94,49029.73,26.410000000003492,25.80000000000291,0.6100000000005821,0.023643410852733072
2026-08-16 07:05:00,20178.16,917.16,44676.24,49030.11,26.790000000000873,25.80000000000291,0.9899999999979627,0.03837209302317252
2026-08-16 07:06:00,20177.85,916.95,44676.38,49030.1,26.779999999998836,25.80500000000029,0.9749999999985448,0.03778337531480464
2026-08-16 07:07:00,20177.41,916.36,44676.32,49029.85,26.529999999998836,25.80999999999767,0.7200000000011642,0.027896164277459477
2026-08-16 07:08:00,20176.79,916.57,44676.5,49029.76,26.44000000000233,25.80999999999767,0.6300000000046566,0.024409143742917996
2026-08-16 07:09:00,20176.77,917.24,44676.29,49029.58,26.260000000002037,25.80999999999767,0.4500000000043656,0.017435102673553124
2026-08-16 07:10:00,20176.45,918.01,44675.92,49029.13,25.80999999999767,25.80999999999767,0.0,0.0
2026-08-16 07:11:00,20176.41,918.23,44675.72,49028.93,25.610000000000582,25.80999999999767,-0.19999999999708962,0.00774893452139123
2026-08-16 07:12:00,20176.84,918.51,44675.79,49029.18,25.860000000000582,25.81999999999971,0.040000000000873115,0.0015491866770284107
2026-08-16 07:13:00,20176.97,917.86,44675.98,49029.4,26.080000000001746,25.830000000001746,0.25,0.009678668215252926
2026-08-16 07:14:00,20177.22,918.44,44675.86,49029.4,26.080000000001746,25.835000000002765,0.24499999999898137,0.009483259144530874
2026-08-16 07:15:00,20177.51,918.27,44675.76,49029.44,26.12000000000262,25.840000000003783,0.27999999999883585,0.010835913312646859
2026-08-16 07:16:00,20177.78,918.08,44675.89,49029.65,26.330000000001746,25.840000000003783,0.48999999999796273,0.018962848297132004
2026-08-16 07:17:00,20177.95,918.05,44675.65,49029.51,26.19000000000233,25.840000000003783,0.3499999999985448,0.013544891640808574
2026-08-16 07:18:00,20177.76,918.23,44675.34,49029.15,25.830000000001746,25.845000000001164,-0.014999999999417923,0.0005803830527923099
2026-08-16 07:19:00,20177.96,918.01,44675.62,49029.47,26.150000000001455,25.849999999998545,0.3000000000029104,0.011605415860848251
2026-08-16 07:20:00,20178.32,918.31,44675.53,49029.54,26.220000000001164,25.854999999999563,0.3650000000016007,0.01411719203255103
2026-08-16 07:21:00,20178.5,918.55,44675.39,49029.49,26.169999999998254,25.860000000000582,0.3099999999976717,0.0119876256766305
2026-08-16 07:22:00,20178.2,917.94,44675.63,49029.57,26.25,25.8650000000016,0.3849999999983993,0.014884979702237598
2026-08-16 07:23:00,20177.74,918.18,44675.5,49029.27,25.94999999999709,25.87000000000262,0.07999999999447027,0.003092385001718677
2026-08-16 07:24:00,20177.6,918.72,44675.33,49029.07,25.75,25.875,-0.125,0.004830917874396135
2026-08-16 07:25:00,20177.48,919.15,44675.34,49029.03,25.709999999999127,25.87999999999738,-0.16999999999825377,0.006568778979840455
2026-08-16 07:26:00,20177.26,919.42,44675.19,49028.81,25.489999999997963,25.895000000000437,-0.4050000000024738,0.015640084958581463
2026-08-16 07:27:00,20177.09,919.4,44675.21,49028.77,25.44999999999709,25.910000000003492,-0.46000000000640284,0.01775376302610347
2026-08-16 07:28:00,20177.31,919.45,44675.48,49029.12,25.80000000000291,25.915000000000873,-0.11499999999796273,0.004437584410494264
2026-08-16 07:29:00,20176.7,920.07,44675.3,49028.69,25.37000000000262,25.919999999998254,-0.5499999999956344,0.02121913580230214
2026-08-16 07:30:00,20176.69,920.81,44675.32,49028.72,25.400000000001455,25.919999999998254,-0.5199999999967986,0.020061728394939568
2026-08-16 07:31:00,20176.84,921.47,44675.12,49028.61,25.290000000000873,25.919999999998254,-0.6299999999973807,0.02430555555545614
2026-08-16 07:32:00,20177.0,921.87,44675.08,49028.65,25.330000000001746,25.919999999998254,-0.5899999999965075,0.02276234567887914
2026-08-16 07:33:00,20177.62,921.81,44674.96,49028.78,25.459999999999127,25.919999999998254,-0.4599999999991269,0.017746913580214425
2026-08-16 07:34:00,20177.77,921.13,44675.0,49028.88,25.55999999999767,25.924999999999272,-0.3650000000016007,0.01407907425271402
2026-08-16 07:35:00,20177.83,921.57,44675.18,49029.07,25.75,25.93000000000029,-0.18000000000029104,0.006941766293879253
2026-08-16 07:36:00,20177.64,922.48,44674.78,49028.64,25.31999999999971,25.93500000000131,-0.6150000000016007,0.023713128976347395
2026-08-16 07:37:00,20177.26,922.77,44674.64,49028.37,25.05000000000291,25.94000000000233,-0.8899999999994179,0.03430994602927286
2026-08-16 07:38:00,20177.3,922.97,44674.48,49028.25,24.93000000000029,25.94499999999971,-1.014999999999418,0.039121217961049504
2026-08-16 07:39:00,20177.84,922.83,44674.52,49028.5,25.18000000000029,25.94999999999709,-0.7699999999967986,0.029672447013367433
2026-08-16 07:40:00,20178.24,923.01,44674.74,49028.88,25.55999999999767,25.94999999999709,-0.3899999999994179,0.015028901734083302
2026-08-16 07:41:00,20178.41,922.74,44674.66,49028.85,25.529999999998836,25.94999999999709,-0.41999999999825377,0.01618497109820042
2026-08-16 07:42:00,20178.76,922.19,44674.93,49029.24,25.919999999998254,25.95499999999811,-0.03499999999985448,0.0013484877672840312
2026-08-16 07:43:00,20178.15,922.23,44674.76,49028.83,25.510000000002037,25.959999999999127,-0.4499999999970896,0.01733436055458801
2026-08-16 07:44:00,20177.25,922.32,44674.35,49028.09,24.7699999999968,25.959999999999127,-1.1900000000023283,0.04583975346696334
2026-08-16 07:45:00,20177.01,922.42,44674.53,49028.16,24.840000000003783,25.959999999999127,-1.1199999999953434,0.04314329738040759
2026-08-16 07:46:00,20176.67,921.77,44674.64,49028.11,24.790000000000873,25.970000000001164,-1.180000000000291,0.04543704274163412
2026-08-16 07:47:00,20176.02,921.95,44674.32,49027.57,24.25,25.9800000000032,-1.7300000000032014,0.06658968437270932
2026-08-16 07:48:00,20176.07,922.08,44674.6,49027.83,24.510000000002037,25.985000000000582,-1.4749999999985448,0.056763517413835354
2026-08-16 07:49:00,20175.64,922.43,44674.23,49027.33,24.010000000002037,25.989999999997963,-1.9799999999959255,0.0761831473642201
2026-08-16 07:50:00,20174.89,922.93,44673.94,49026.78,23.459999999999127,25.989999999997963,-2.529999999998836,0.09734513274332567
2026-08-16 07:51:00,20175.2,923.2,44674.15,49027.11,23.790000000000873,25.989999999997963,-2.1999999999970896,0.08464794151586233
2026-08-16 07:52:00,20175.48,923.21,44673.95,49027.04,23.720000000001164,26.014999999999418,-2.2949999999982538,0.0882183355755643
2026-08-16 07:53:00,20175.34,922.55,44674.04,49027.06,23.739999999997963,26.040000000000873,-2.3000000000029104,0.08832565284189067
2026-08-16 07:54:00,20175.49,921.6,44674.37,49027.39,24.06999999999971,26.06000000000131,-1.9900000000016007,0.07636224098240602
2026-08-16 07:55:00,20175.47,921.87,44674.52,49027.5,24.18000000000029,26.080000000001746,-1.9000000000014552,0.07285276073624723
2026-08-16 07:56:00,20175.02,921.91,44674.22,49027.05,23.7300000000032,26.080000000001746,-2.349999999998545,0.09010736196312835
2026-08-16 07:57:00,20173.79,922.32,44673.83,49026.2,22.87999999999738,26.080000000001746,-3.2000000000043656,0.12269938650322666
2026-08-16 07:58:00,20173.57,922.68,44673.58,49025.9,22.580000000001746,26.090000000000146,-3.5099999999983993,0.13453430433109925
2026-08-16 07:59:00,20173.76,922.93,44673.52,49025.94,22.62000000000262,26.099999999998545,-3.4799999999959255,0.13333333333318464
2026-08-16 08:00:00,20173.61,922.49,44673.32,49025.69,22.37000000000262,26.110000000000582,-3.7399999999979627,0.14324013787812637
2026-08-16 08:01:00,20174.72,921.66,44673.99,49026.74,23.419999999998254,26.12000000000262,-2.7000000000043656,0.1033690658500802
2026-08-16 08:02:00,20173.77,921.96,44673.36,49025.77,22.44999999999709,26.125,-3.6750000000029104,0.14066985645944155
2026-08-16 08:03:00,20173.21,922.15,44672.96,49025.19,21.87000000000262,26.12999999999738,-4.259999999994761,0.16303099885171024
2026-08-16 08:04:00,20173.36,921.89,44672.93,49025.22,21.900000000001455,26.139999999999418,-4.239999999997963,0.16220351951025466
2026-08-16 08:05:00,20173.27,921.73,44673.0,49025.26,21.94000000000233,26.150000000001455,-4.209999999999127,0.16099426386229035
2026-08-16 08:06:00,20172.4,921.38,44673.09,49024.96,21.639999999999418,26.150000000001455,-4.510000000002037,0.17246653919700905
2026-08-16 08:07:00,20172.25,921.86,44673.16,49024.98,21.660000000003492,26.150000000001455,-4.489999999997963,0.17170172084121274
2026-08-16 08:08:00,20171.72,922.54,44672.51,49024.2,20.87999999999738,26.159999999999854,-5.280000000002474,0.20183486238541679
2026-08-16 08:09:00,20171.47,922.88,44672.43,49024.02,20.69999999999709,26.169999999998254,-5.470000000001164,0.2090179594956641
2026-08-16 08:10:00,20171.28,922.91,44672.35,49023.86,20.540000000000873,26.169999999998254,-5.629999999997381,0.21513183033999833
2026-08-16 08:11:00,20171.1,923.12,44671.93,49023.42,20.099999999998545,26.169999999998254,-6.069999999999709,0.23194497516240406
2026-08-16 08:12:00,20171.1,923.1,44672.04,49023.5,20.18000000000029,26.169999999998254,-5.989999999997963,0.22888803974009791
2026-08-16 08:13:00,20170.75,923.09,44671.91,49023.24,19.919999999998254,26.169999999998254,-6.25,0.23882307986245385
2026-08-16 08:14:00,20170.21,922.97,44671.6,49022.73,19.410000000003492,26.18000000000029,-6.769999999996799,0.25859434682951576
2026-08-16 08:15:00,20170.53,923.01,44671.85,49023.11,19.790000000000873,26.19000000000233,-6.400000000001455,0.24436807941965966
2026-08-16 08:16:00,20169.64,923.36,44671.44,49022.37,19.05000000000291,26.19000000000233,-7.139999999999418,0.27262313860247356
2026-08-16 08:17:00,20168.99,923.2,44671.11,49021.83,18.510000000002037,26.19000000000233,-7.680000000000291,0.293241695303536
2026-08-16 08:18:00,20168.95,923.1,44671.48,49022.13,18.80999999999767,26.200000000000728,-7.390000000003056,0.2820610687023989
2026-08-16 08:19:00,20168.03,923.59,44670.99,49021.31,17.989999999997963,26.209999999999127,-8.220000000001164,0.31362075543691104
2026-08-16 08:20:00,20167.85,924.01,44670.84,49021.13,17.80999999999767,26.215000000000146,-8.405000000002474,0.320617966812986
2026-08-16 08:21:00,20168.07,923.88,44670.97,49021.33,18.010000000002037,26.220000000001164,-8.209999999999127,0.31311975591147073
2026-08-16 08:22:00,20167.44,922.98,44670.99,49021.07,17.75,26.225000000002183,-8.475000000002183,0.32316491897050437
2026-08-16 08:23:00,20166.64,923.31,44670.82,49020.59,17.2699999999968,26.2300000000032,-8.960000000006403,0.3415935951202939
2026-08-16 08:24:00,20165.82,924.26,44670.43,49019.91,16.590000000003783,26.2400000000016,-9.649999999997817,0.3677591463413578
2026-08-16 08:25:00,20164.94,924.61,44670.2,49019.34,16.0199999999968,26.25,-10.230000000003201,0.3897142857144077
2026-08-16 08:26:00,20164.44,925.17,44669.85,49018.83,15.510000000002037,26.25500000000102,-10.744999999998981,0.40925537992757816
2026-08-16 08:27:00,20163.45,926.12,44669.57,49018.19,14.87000000000262,26.260000000002037,-11.389999999999418,0.4337395277988779
2026-08-16 08:28:00,20163.43,926.54,44669.7,49018.3,14.980000000003201,26.260000000002037,-11.279999999998836,0.4295506473723519
2026-08-16 08:29:00,20162.88,926.99,44669.72,49018.11,14.790000000000873,26.260000000002037,-11.470000000001164,0.4367859862909472
2026-08-16 08:30:00,20162.53,927.01,44669.38,49017.65,14.330000000001746,26.260000000002037,-11.930000000000291,0.45430312261993017
2026-08-16 08:31:00,20162.95,926.94,44669.32,49017.77,14.44999999999709,26.260000000002037,-11.810000000004948,0.44973343488210327
2026-08-16 08:32:00,20163.08,926.96,44669.15,49017.67,14.349999999998545,26.29500000000189,-11.945000000003347,0.45426887240929786
2026-08-16 08:33:00,20162.79,926.84,44669.03,49017.44,14.12000000000262,26.330000000001746,-12.209999999999127,0.46372958602348335
2026-08-16 08:34:00,20162.46,926.69,44668.78,49017.06,13.739999999997963,26.345000000001164,-12.605000000003201,0.47845891060932416
2026-08-16 08:35:00,20162.54,926.56,44668.47,49016.82,13.5,26.360000000000582,-12.860000000000582,0.4878603945371888
2026-08-16 08:36:00,20162.92,926.66,44668.42,49016.93,13.610000000000582,26.38000000000102,-12.770000000000437,0.484078847611825
2026-08-16 08:37:00,20162.86,926.25,44668.35,49016.84,13.519999999996799,26.400000000001455,-12.880000000004657,0.48787878787893735
2026-08-16 08:38:00,20163.0,925.8,44668.32,49016.86,13.540000000000873,26.400000000001455,-12.860000000000582,0.4871212121212073
2026-08-16 08:39:00,20162.84,925.61,44668.17,49016.65,13.330000000001746,26.400000000001455,-13.069999999999709,0.49507575757571926
2026-08-16 08:40:00,20163.11,925.03,44668.42,49016.98,13.660000000003492,26.400000000001455,-12.739999999997963,0.4825757575756538
2026-08-16 08:41:00,20162.89,925.12,44668.53,49017.0,13.680000000000291,26.400000000001455,-12.720000000001164,0.48181818181819935
2026-08-16 08:42:00,20163.02,924.61,44668.34,49016.88,13.559999999997672,26.405000000002474,-12.845000000004802,0.4864608975574171
2026-08-16 08:43:00,20163.04,924.2,44668.18,49016.72,13.400000000001455,26.410000000003492,-13.010000000002037,0.49261643316926607
2026-08-16 08:44:00,20162.85,923.68,44667.95,49016.44,13.12000000000262,26.415000000000873,-13.294999999998254,0.5033125118303167
2026-08-16 08:45:00,20162.97,923.32,44668.01,49016.53,13.209999999999127,26.419999999998254,-13.209999999999127,0.5
2026-08-16 08:46:00,20162.4,923.38,44667.9,49016.19,12.87000000000262,26.424999999999272,-13.554999999996653,0.5129612109743434
2026-08-16 08:47:00,20162.17,923.45,44667.23,49015.5,12.180000000000291,26.43000000000029,-14.25,0.5391600454029453
2026-08-16 08:48:00,20162.73,922.63,44667.74,49016.19,12.87000000000262,26.43000000000029,-13.559999999997672,0.5130533484675567
2026-08-16 08:49:00,20162.17,921.63,44667.44,49015.66,12.340000000003783,26.43000000000029,-14.089999999996508,0.5331063185772362
2026-08-16 08:50:00,20162.09,921.28,44667.54,49015.71,12.389999999999418,26.43000000000029,-14.040000000000873,0.5312145289444086
2026-08-16 08:51:00,20162.29,921.01,44667.56,49015.79,12.470000000001164,26.43000000000029,-13.959999999999127,0.528187665531554
2026-08-16 08:52:00,20162.16,920.3,44667.36,49015.54,12.220000000001164,26.43000000000029,-14.209999999999127,0.537646613696518
2026-08-16 08:53:00,20161.89,919.87,44667.44,49015.51,12.190000000002328,26.43000000000029,-14.239999999997963,0.5387816874762696
2026-08-16 08:54:00,20161.43,919.91,44667.34,49015.22,11.900000000001455,26.43500000000131,-14.534999999999854,0.5498392282957872
2026-08-16 08:55:00,20160.88,920.03,44667.02,49014.72,11.400000000001455,26.44000000000233,-15.040000000000873,0.5688350983358377
2026-08-16 08:56:00,20160.48,919.7,44666.63,49014.2,10.87999999999738,26.44499999999971,-15.565000000002328,0.5885800718473246
2026-08-16 08:57:00,20160.4,919.43,44666.68,49014.21,10.889999999999418,26.44999999999709,-15.559999999997672,0.5882797731568765
2026-08-16 08:58:00,20160.24,918.99,44666.41,49013.9,10.580000000001746,26.44999999999709,-15.869999999995343,0.59999999999989
2026-08-16 08:59:00,20159.84,918.51,44665.99,49013.33,10.010000000002037,26.44999999999709,-16.439999999995052,0.6215500945178397
2026-08-16 09:00:00,20159.81,918.25,44665.96,49013.29,9.970000000001164,26.45499999999811,-16.484999999996944,0.6231336231335521
2026-08-16 09:01:00,20159.56,918.06,44665.92,49013.16,9.840000000003783,26.459999999999127,-16.619999999995343,0.6281179138320443
2026-08-16 09:02:00,20159.34,917.59,44665.76,49012.9,9.580000000001746,26.459999999999127,-16.87999999999738,0.6379440665154171
2026-08-16 09:03:00,20159.3,917.19,44665.39,49012.55,9.230000000003201,26.459999999999127,-17.229999999995925,0.6511715797428758
2026-08-16 09:04:00,20159.17,917.11,44665.06,49012.18,8.860000000000582,26.474999999998545,-17.614999999997963,0.6653446647780522
2026-08-16 09:05:00,20158.57,917.48,44664.78,49011.69,8.37000000000262,26.489999999997963,-18.119999999995343,0.684031710079152
2026-08-16 09:06:00,20158.71,917.62,44664.41,49011.42,8.099999999998545,26.49499999999898,-18.395000000000437,0.6942819399887202
2026-08-16 09:07:00,20158.49,917.97,44663.9,49010.86,7.540000000000873,26.5,-18.959999999999127,0.7154716981131746
2026-08-16 09:08:00,20158.58,918.09,44663.19,49010.27,6.94999999999709,26.5,-19.55000000000291,0.7377358490567136
2026-08-16 09:09:00,20159.2,917.69,44663.08,49010.41,7.0900000000037835,26.5,-19.409999999996217,0.7324528301885365
2026-08-16 09:10:00,20159.51,916.75,44663.03,49010.47,7.150000000001455,26.5099999999984,-19.359999999996944,0.7302904564314641
2026-08-16 09:11:00,20159.02,916.26,44662.34,49009.64,6.319999999999709,26.5199999999968,-20.19999999999709,0.761689291101038
2026-08-16 09:12:00,20160.39,915.76,44662.75,49010.57,7.25,26.524999999997817,-19.274999999997817,0.7266729500471029
2026-08-16 09:13:00,20160.74,915.46,44662.23,49010.24,6.919999999998254,26.529999999998836,-19.610000000000582,0.7391632114587804
2026-08-16 09:14:00,20161.06,914.66,44661.88,49010.02,6.69999999999709,26.540000000000873,-19.840000000003783,0.747550866616546
2026-08-16 09:15:00,20162.36,913.51,44662.32,49010.94,7.620000000002619,26.55000000000291,-18.93000000000029,0.7129943502824186
2026-08-16 09:16:00,20162.41,912.9,44661.9,49010.55,7.230000000003201,26.56000000000131,-19.32999999999811,0.7277861445782061
2026-08-16 09:17:00,20162.43,912.38,44661.28,49010.01,6.690000000002328,26.56999999999971,-19.87999999999738,0.7482122694767632
2026-08-16 09:18:00,20162.8,911.7,44661.49,49010.32,7.0,26.575000000000728,-19.575000000000728,0.7365945437441276
2026-08-16 09:19:00,20162.43,911.15,44661.02,49009.75,6.430000000000291,26.580000000001746,-20.150000000001455,0.7580887885628341
2026-08-16 09:20:00,20162.37,911.08,44660.81,49009.52,6.19999999999709,26.585000000002765,-20.385000000005675,0.7667857814558419
2026-08-16 09:21:00,20161.74,910.93,44660.53,49009.01,5.690000000002328,26.590000000003783,-20.900000000001455,0.7860097781120151
2026-08-16 09:22:00,20161.32,911.03,44660.18,49008.53,5.209999999999127,26.595000000001164,-21.385000000002037,0.8040985147584546
2026-08-16 09:23:00,20160.84,911.26,44659.65,49007.85,4.529999999998836,26.599999999998545,-22.06999999999971,0.8296992481203352
2026-08-16 09:24:00,20160.74,911.69,44659.3,49007.5,4.180000000000291,26.599999999998545,-22.419999999998254,0.8428571428571233
2026-08-16 09:25:00,20160.88,911.69,44659.02,49007.31,3.9899999999979627,26.599999999998545,-22.610000000000582,0.8500000000000684
2026-08-16 09:26:00,20161.38,911.15,44658.92,49007.41,4.0900000000037835,26.604999999999563,-22.51499999999578,0.8462694982144766
2026-08-16 09:27:00,20161.94,910.69,44658.68,49007.43,4.110000000000582,26.610000000000582,-22.5,0.8455467869221912
2026-08-16 09:28:00,20162.4,910.14,44658.58,49007.51,4.190000000002328,26.61999999999898,-22.429999999996653,0.842599549211026
2026-08-16 09:29:00,20162.68,909.4,44658.38,49007.43,4.110000000000582,26.62999999999738,-22.5199999999968,0.8456627863311683
2026-08-16 09:30:00,20163.3,908.6,44658.27,49007.59,4.269999999996799,26.62999999999738,-22.360000000000582,0.8396545249719407
2026-08-16 09:31:00,20163.62,908.21,44658.17,49007.6,4.279999999998836,26.62999999999738,-22.349999999998545,0.8392790086369036
2026-08-16 09:32:00,20163.8,908.02,44657.97,49007.48,4.1600000000034925,26.62999999999738,-22.469999999993888,0.8437852046562561
2026-08-16 09:33:00,20163.74,907.91,44657.6,49007.12,3.8000000000029104,26.62999999999738,-22.82999999999447,0.8573037927148598
2026-08-16 09:34:00,20163.87,907.66,44657.44,49007.03,3.709999999999127,26.639999999999418,-22.93000000000029,0.8607357357357655
2026-08-16 09:35:00,20163.85,907.29,44657.14,49006.74,3.4199999999982538,26.650000000001455,-23.2300000000032,0.8716697936210857
2026-08-16 09:36:00,20163.7,907.42,44656.81,49006.4,3.0800000000017462,26.659999999999854,-23.57999999999811,0.8844711177793787
2026-08-16 09:37:00,20163.69,907.22,44656.6,49006.2,2.8799999999973807,26.669999999998254,-23.790000000000873,0.8920134983128021
2026-08-16 09:38:00,20163.67,907.33,44656.2,49005.83,2.5100000000020373,26.674999999999272,-24.164999999997235,0.9059044048733981
2026-08-16 09:39:00,20163.59,907.37,44655.89,49005.53,2.209999999999127,26.68000000000029,-24.470000000001164,0.9171664167916378
2026-08-16 09:40:00,20164.27,907.16,44655.95,49005.85,2.529999999998836,26.68000000000029,-24.150000000001455,0.9051724137931482
2026-08-16 09:41:00,20164.61,906.61,44655.24,49005.33,2.0100000000020373,26.68000000000029,-24.669999999998254,0.9246626686655917
2026-08-16 09:42:00,20164.5,906.72,44655.16,49005.21,1.889999999999418,26.68500000000131,-24.79500000000189,0.9291736930860287
2026-08-16 09:43:00,20164.7,906.56,44655.04,49005.17,1.8499999999985448,26.69000000000233,-24.840000000003783,0.9306856500562614
2026-08-16 09:44:00,20164.71,906.33,44654.64,49004.78,1.4599999999991269,26.700000000000728,-25.2400000000016,0.9453183520599593
2026-08-16 09:45:00,20164.94,905.87,44654.42,49004.68,1.360000000000582,26.709999999999127,-25.349999999998545,0.9490827405465883
2026-08-16 09:46:00,20165.25,905.63,44654.45,49004.84,1.5199999999967986,26.724999999998545,-25.205000000001746,0.9431244153415573
2026-08-16 09:47:00,20164.98,905.43,44653.89,49004.24,0.9199999999982538,26.739999999997963,-25.81999999999971,0.9655946148093372
2026-08-16 09:48:00,20165.64,905.09,44653.81,49004.43,1.110000000000582,26.7599999999984,-25.649999999997817,0.958520179372173
2026-08-16 09:49:00,20165.65,904.81,44653.79,49004.37,1.0500000000029104,26.779999999998836,-25.729999999995925,0.9607916355488068
2026-08-16 09:50:00,20165.17,904.8,44653.21,49003.65,0.33000000000174623,26.784999999999854,-26.45499999999811,0.9876796714578403
2026-08-16 09:51:00,20165.72,904.38,44653.32,49003.99,0.6699999999982538,26.790000000000873,-26.12000000000262,0.9749906681598272
2026-08-16 09:52:00,20166.15,903.85,44653.32,49004.14,0.819999999999709,26.799999999999272,-25.979999999999563,0.9694029850746368
2026-08-16 09:53:00,20166.21,903.48,44653.11,49003.97,0.6500000000014552,26.80999999999767,-26.159999999996217,0.9757553151808462
2026-08-16 09:54:00,20166.21,903.04,44652.92,49003.78,0.4599999999991269,26.81499999999869,-26.354999999999563,0.9828454223382752
2026-08-16 09:55:00,20166.88,902.5,44653.05,49004.16,0.8400000000037835,26.81999999999971,-25.979999999995925,0.9686800894853173
2026-08-16 09:56:00,20167.31,902.01,44653.16,49004.44,1.1200000000026193,26.825000000000728,-25.70499999999811,0.9582479030753928
2026-08-16 09:57:00,20167.01,901.57,44652.84,49004.04,0.7200000000011642,26.830000000001746,-26.110000000000582,0.9731643682444607
2026-08-16 09:58:00,20166.97,901.0,44652.52,49003.72,0.4000000000014552,26.850000000002183,-26.450000000000728,0.9851024208565579
2026-08-16 09:59:00,20166.65,901.09,44652.37,49003.45,0.12999999999738066,26.87000000000262,-26.74000000000524,0.9951618905843927
2026-08-16 10:00:00,20166.38,900.69,44652.34,49003.31,0.1,26.875,-26.775,0.9962790697674418
2026-08-16 10:01:00,20166.82,900.44,44652.68,49003.78,0.4599999999991269,26.87999999999738,-26.419999999998254,0.9828869047619356
2026-08-16 10:02:00,20166.75,900.5,44652.07,49003.2,0.1,26.899999999997817,-26.799999999997816,0.9962825278810405
2026-08-16 10:03:00,20166.9,900.24,44651.91,49003.11,0.1,26.919999999998254,-26.819999999998252,0.9962852897473994
2026-08-16 10:04:00,20167.12,900.12,44651.68,49002.99,0.1,26.924999999999272,-26.82499999999927,0.9962859795728874
2026-08-16 10:05:00,20167.73,899.79,44651.97,49003.49,0.16999999999825377,26.93000000000029,-26.760000000002037,0.9936873375418399
2026-08-16 10:06:00,20167.95,899.44,44651.73,49003.36,0.1,26.93500000000131,-26.83500000000131,0.9962873584555413
2026-08-16 10:07:00,20168.35,898.87,44651.68,49003.47,0.1500000000014552,26.94000000000233,-26.790000000000873,0.9944320712694342
2026-08-16 10:08:00,20168.7,898.28,44651.62,49003.56,0.23999999999796273,26.94499999999971,-26.705000000001746,0.9910929671553919
2026-08-16 10:09:00,20169.48,897.81,44651.94,49004.16,0.8400000000037835,26.94999999999709,-26.109999999993306,0.968831168831025
2026-08-16 10:10:00,20169.31,897.49,44651.61,49003.79,0.47000000000116415,26.95499999999811,-26.484999999996944,0.9825635318122353
2026-08-16 10:11:00,20168.76,897.65,44651.32,49003.3,0.1,26.959999999999127,-26.859999999999125,0.9962908011869435
2026-08-16 10:12:00,20169.17,897.22,44651.3,49003.46,0.13999999999941792,26.959999999999127,-26.81999999999971,0.9948071216617425
2026-08-16 10:13:00,20169.24,897.0,44651.34,49003.51,0.1900000000023283,26.959999999999127,-26.7699999999968,0.9929525222551063
2026-08-16 10:14:00,20169.31,896.79,44651.04,49003.25,0.1,26.959999999999127,-26.859999999999125,0.9962908011869435
2026-08-16 10:15:00,20169.5,896.8,44650.8,49003.1,0.1,26.959999999999127,-26.859999999999125,0.9962908011869435
2026-08-16 10:16:00,20169.82,896.06,44650.97,49003.38,0.1,26.979999999999563,-26.879999999999562,0.9962935507783542
2026-08-16 10:17:00,20169.5,895.84,44650.76,49003.05,0.1,27.0,-26.9,0.9962962962962962
2026-08-16 10:18:00,20169.83,895.38,44650.58,49003.02,0.1,27.0099999999984,-26.909999999998398,0.9962976675305439
2026-08-16 10:19:00,20170.11,895.01,44650.66,49003.19,0.1,27.0199999999968,-26.919999999996797,0.9962990377498144
2026-08-16 10:20:00,20170.36,894.39,44650.47,49003.12,0.1,27.044999999998254,-26.944999999998252,0.9963024588648546
2026-08-16 10:21:00,20170.56,893.74,44650.61,49003.32,0.1,27.06999999999971,-26.969999999999708,0.9963058736608791
2026-08-16 10:22:00,20170.69,893.27,44650.61,49003.36,0.1,27.06999999999971,-26.969999999999708,0.9963058736608791
2026-08-16 10:23:00,20170.74,893.06,44650.47,49003.25,0.1,27.06999999999971,-26.969999999999708,0.9963058736608791
2026-08-16 10:24:00,20170.45,893.05,44650.3,49002.98,0.1,27.080000000001746,-26.980000000001745,0.996307237813885
2026-08-16 10:25:00,20170.56,892.64,44650.31,49003.03,0.1,27.090000000003783,-26.990000000003782,0.9963086009597643
2026-08-16 10:26:00,20170.63,892.04,44650.03,49002.8,0.1,27.095000000001164,-26.995000000001163,0.9963092821553793
2026-08-16 10:27:00,20170.61,891.84,44649.95,49002.71,0.1,27.099999999998545,-26.999999999998543,0.9963099630996307
2026-08-16 10:28:00,20170.65,891.52,44649.95,49002.71,0.1,27.099999999998545,-26.999999999998543,0.9963099630996307
2026-08-16 10:29:00,20170.72,891.21,44650.01,49002.79,0.1,27.099999999998545,-26.999999999998543,0.9963099630996307
2026-08-16 10:30:00,20170.82,891.26,44649.86,49002.71,0.1,27.114999999997963,-27.01499999999796,0.9963120044255943
2026-08-16 10:31:00,20170.86,890.73,44649.75,49002.6,0.1,27.12999999999738,-27.02999999999738,0.9963140434942863
2026-08-16 10:32:00,20171.07,890.29,44649.71,49002.66,0.1,27.12999999999738,-27.02999999999738,0.9963140434942863
2026-08-16 10:33:00,20171.17,889.91,44649.62,49002.6,0.1,27.12999999999738,-27.02999999999738,0.9963140434942863
2026-08-16 10:34:00,20171.29,889.54,44649.63,49002.65,0.1,27.1349999999984,-27.034999999998398,0.9963147226828816
2026-08-16 10:35:00,20171.08,889.09,44649.43,49002.38,0.1,27.139999999999418,-27.039999999999417,0.9963154016212231
2026-08-16 10:36:00,20171.05,888.77,44649.49,49002.43,0.1,27.154999999998836,-27.054999999998834,0.9963174369361073
2026-08-16 10:37:00,20171.21,888.5,44649.35,49002.36,0.1,27.169999999998254,-27.069999999998252,0.9963194700036803
2026-08-16 10:38:00,20171.4,888.31,44649.38,49002.47,0.1,27.174999999999272,-27.07499999999927,0.9963201471941121
2026-08-16 10:39:00,20171.08,887.99,44649.28,49002.22,0.1,27.18000000000029,-27.08000000000029,0.9963208241353937
2026-08-16 10:40:00,20171.35,887.42,44649.56,49002.54,0.1,27.18000000000029,-27.08000000000029,0.9963208241353937
2026-08-16 10:41:00,20172.02,887.04,44649.71,49002.95,0.1,27.18000000000029,-27.08000000000029,0.9963208241353937
2026-08-16 10:42:00,20171.74,887.16,44649.19,49002.38,0.1,27.18500000000131,-27.08500000000131,0.9963215008276625
2026-08-16 10:43:00,20172.12,886.68,44649.04,49002.41,0.1,27.19000000000233,-27.090000000002327,0.9963221772710558
2026-08-16 10:44:00,20172.35,886.59,44648.95,49002.41,0.1,27.210000000002765,-27.110000000002763,0.9963248805586185
2026-08-16 10:45:00,20172.54,886.12,44648.97,49002.48,0.1,27.2300000000032,-27.1300000000032,0.9963275798751381
2026-08-16 10:46:00,20172.6,886.08,44649.11,49002.64,0.1,27.2300000000032,-27.1300000000032,0.9963275798751381
2026-08-16 10:47:00,20172.64,885.21,44648.48,49002.07,0.1,27.2300000000032,-27.1300000000032,0.9963275798751381
2026-08-16 10:48:00,20173.43,884.16,44648.68,49002.58,0.1,27.235000000000582,-27.13500000000058,0.9963282540848174
2026-08-16 10:49:00,20173.51,883.81,44649.01,49002.9,0.1,27.239999999997963,-27.13999999999796,0.9963289280469894
2026-08-16 10:50:00,20173.44,883.64,44648.73,49002.59,0.1,27.239999999997963,-27.13999999999796,0.9963289280469894
2026-08-16 10:51:00,20173.74,883.37,44648.88,49002.83,0.1,27.239999999997963,-27.13999999999796,0.9963289280469894
2026-08-16 10:52:00,20174.05,883.11,44648.72,49002.82,0.1,27.25499999999738,-27.15499999999738,0.9963309484498253
2026-08-16 10:53:00,20174.31,883.08,44648.72,49002.94,0.1,27.2699999999968,-27.169999999996797,0.9963329666299958
2026-08-16 10:54:00,20174.54,882.88,44648.48,49002.81,0.1,27.284999999999854,-27.184999999999853,0.9963349825911673
2026-08-16 10:55:00,20174.95,882.45,44648.53,49003.02,0.1,27.30000000000291,-27.20000000000291,0.9963369963369967
2026-08-16 10:56:00,20175.42,881.59,44648.58,49003.25,0.1,27.30500000000029,-27.20500000000029,0.9963376670939388
2026-08-16 10:57:00,20175.51,881.33,44648.62,49003.32,0.1,27.30999999999767,-27.20999999999767,0.9963383376052725
2026-08-16 10:58:00,20175.41,880.81,44648.47,49003.15,0.1,27.30999999999767,-27.20999999999767,0.9963383376052725
2026-08-16 10:59:00,20175.54,880.36,44648.53,49003.23,0.1,27.30999999999767,-27.20999999999767,0.9963383376052725
2026-08-16 11:00:00,20175.57,880.13,44648.32,49003.04,0.1,27.32999999999811,-27.229999999998107,0.9963410171972189
2026-08-16 11:01:00,20175.59,880.0,44648.21,49002.94,0.1,27.349999999998545,-27.249999999998543,0.9963436928702009
2026-08-16 11:02:00,20175.74,879.96,44648.29,49003.08,0.1,27.349999999998545,-27.249999999998543,0.9963436928702009
2026-08-16 11:03:00,20175.49,879.94,44648.07,49002.79,0.1,27.349999999998545,-27.249999999998543,0.9963436928702009
2026-08-16 11:04:00,20175.36,879.7,44647.86,49002.54,0.1,27.349999999998545,-27.249999999998543,0.9963436928702009
2026-08-16 11:05:00,20175.35,879.56,44647.89,49002.56,0.1,27.349999999998545,-27.249999999998543,0.9963436928702009
2026-08-16 11:06:00,20175.54,879.33,44648.14,49002.86,0.1,27.360000000000582,-27.26000000000058,0.9963450292397661
2026-08-16 11:07:00,20175.33,879.23,44647.95,49002.6,0.1,27.37000000000262,-27.270000000002618,0.9963463646328099
2026-08-16 11:08:00,20175.26,879.33,44648.03,49002.65,0.1,27.375,-27.275,0.9963470319634703
2026-08-16 11:09:00,20175.55,878.94,44648.11,49002.85,0.1,27.37999999999738,-27.27999999999738,0.9963476990504013
2026-08-16 11:10:00,20175.21,878.67,44647.85,49002.44,0.1,27.37999999999738,-27.27999999999738,0.9963476990504013
2026-08-16 11:11:00,20175.46,878.24,44647.97,49002.65,0.1,27.37999999999738,-27.27999999999738,0.9963476990504013
2026-08-16 11:12:00,20175.88,878.0,44648.61,49003.37,0.1,27.389999999999418,-27.289999999999417,0.9963490324936107
2026-08-16 11:13:00,20175.89,877.78,44648.36,49003.16,0.1,27.400000000001455,-27.300000000001454,0.9963503649635038
2026-08-16 11:14:00,20176.26,877.23,44648.43,49003.38,0.1,27.400000000001455,-27.300000000001454,0.9963503649635038
2026-08-16 11:15:00,20176.23,877.05,44648.59,49003.52,0.19999999999708962,27.400000000001455,-27.200000000004366,0.9927007299271139
2026-08-16 11:16:00,20176.09,876.84,44648.45,49003.33,0.1,27.405000000002474,-27.305000000002472,0.9963510308337897
2026-08-16 11:17:00,20175.6,876.75,44648.15,49002.86,0.1,27.410000000003492,-27.31000000000349,0.996351696461146
2026-08-16 11:18:00,20175.59,876.38,44648.37,49003.05,0.1,27.42000000000189,-27.32000000000189,0.9963530269876005
2026-08-16 11:19:00,20175.29,876.42,44648.31,49002.85,0.1,27.43000000000029,-27.33000000000029,0.99635435654393
2026-08-16 11:20:00,20175.19,876.55,44648.49,49002.95,0.1,27.43999999999869,-27.33999999999869,0.9963556851311951
2026-08-16 11:21:00,20174.94,876.63,44648.61,49002.96,0.1,27.44999999999709,-27.349999999997088,0.996357012750455
2026-08-16 11:22:00,20174.73,876.62,44648.78,49003.04,0.1,27.44999999999709,-27.349999999997088,0.996357012750455
2026-08-16 11:23:00,20174.48,876.52,44648.85,49003.01,0.1,27.44999999999709,-27.349999999997088,0.996357012750455
2026-08-16 11:24:00,20174.04,876.41,44648.66,49002.66,0.1,27.45499999999811,-27.354999999998107,0.9963576761974137
2026-08-16 11:25:00,20173.98,876.38,44648.79,49002.76,0.1,27.459999999999127,-27.359999999999125,0.9963583394027675
2026-08-16 11:26:00,20174.4,876.06,44649.03,49003.13,0.1,27.465000000000146,-27.365000000000144,0.9963590023666484
2026-08-16 11:27:00,20174.62,875.64,44649.19,49003.37,0.1,27.470000000001164,-27.370000000001163,0.9963596650891883
2026-08-16 11:28:00,20174.76,875.39,44649.52,49003.72,0.4000000000014552,27.4900000000016,-27.090000000000146,0.9854492542742295
2026-08-16 11:29:00,20174.45,875.46,44649.51,49003.59,0.2699999999967986,27.510000000002037,-27.24000000000524,0.9901853871320692
2026-08-16 11:30:00,20174.38,875.53,44649.46,49003.52,0.19999999999708962,27.520000000000437,-27.320000000003347,0.9927325581396408
2026-08-16 11:31:00,20174.19,875.41,44649.37,49003.37,0.1,27.529999999998836,-27.429999999998834,0.9963675989829275
2026-08-16 11:32:00,20174.32,875.38,44649.58,49003.61,0.2900000000008731,27.55500000000029,-27.264999999999418,0.9894755942659819
2026-08-16 11:33:00,20173.8,875.38,44649.49,49003.3,0.1,27.580000000001746,-27.480000000001745,0.9963741841914433
2026-08-16 11:34:00,20173.95,875.07,44649.61,49003.45,0.12999999999738066,27.585000000002765,-27.455000000005384,0.9952872938192
2026-08-16 11:35:00,20173.9,874.84,44649.74,49003.55,0.23000000000320142,27.590000000003783,-27.360000000000582,0.9916636462485259
2026-08-16 11:36:00,20173.77,874.32,44649.85,49003.6,0.27999999999883585,27.610000000000582,-27.330000000001746,0.9898587468309008
2026-08-16 11:37:00,20173.77,874.11,44649.84,49003.59,0.2699999999967986,27.62999999999738,-27.360000000000582,0.9902280130294309
2026-08-16 11:38:00,20173.83,874.12,44649.75,49003.52,0.19999999999708962,27.639999999999418,-27.44000000000233,0.9927641099856334
2026-08-16 11:39:00,20174.05,874.01,44649.76,49003.62,0.3000000000029104,27.650000000001455,-27.349999999998545,0.9891500904158085
2026-08-16 11:40:00,20174.36,873.77,44650.02,49003.99,0.6699999999982538,27.655000000002474,-26.98500000000422,0.9757729162900671
2026-08-16 11:41:00,20174.3,873.32,44650.03,49003.96,0.6399999999994179,27.660000000003492,-27.020000000004075,0.9768618944324173
2026-08-16 11:42:00,20174.31,873.33,44650.38,49004.28,0.9599999999991269,27.695000000003347,-26.73500000000422,0.9653367033760963
2026-08-16 11:43:00,20174.05,873.29,44650.1,49003.92,0.5999999999985448,27.7300000000032,-27.130000000004657,0.9783627839885152
2026-08-16 11:44:00,20173.74,873.09,44649.83,49003.54,0.22000000000116415,27.765000000003056,-27.54500000000189,0.9920763551233157
2026-08-16 11:45:00,20173.91,873.02,44650.17,49003.92,0.5999999999985448,27.80000000000291,-27.200000000004366,0.978417266187105
2026-08-16 11:46:00,20173.62,872.86,44649.93,49003.57,0.25,27.825000000000728,-27.575000000000728,0.9910152740341422
2026-08-16 11:47:00,20173.58,872.9,44649.81,49003.45,0.12999999999738066,27.849999999998545,-27.720000000001164,0.9953321364453361
2026-08-16 11:48:00,20174.15,872.47,44650.36,49004.16,0.8400000000037835,27.904999999998836,-27.064999999995052,0.9698978677654966
2026-08-16 11:49:00,20173.92,872.44,44650.22,49003.92,0.5999999999985448,27.959999999999127,-27.360000000000582,0.9785407725322403
2026-08-16 11:50:00,20173.84,872.17,44649.94,49003.64,0.31999999999970896,28.014999999999418,-27.69499999999971,0.9885775477422911
2026-08-16 11:51:00,20174.48,871.9,44650.43,49004.34,1.0199999999967986,28.06999999999971,-27.05000000000291,0.9636622728893193
2026-08-16 11:52:00,20174.58,871.91,44650.48,49004.45,1.1299999999973807,28.075000000000728,-26.945000000003347,0.9597506678540569
2026-08-16 11:53:00,20174.46,871.8,44650.29,49004.24,0.9199999999982538,28.080000000001746,-27.160000000003492,0.9672364672365314
2026-08-16 11:54:00,20174.47,871.62,44650.26,49004.2,0.8799999999973807,28.12000000000262,-27.24000000000524,0.9687055476530121
2026-08-16 11:55:00,20174.8,871.29,44650.64,49004.67,1.3499999999985448,28.160000000003492,-26.810000000004948,0.9520596590909667
2026-08-16 11:56:00,20174.8,871.27,44650.75,49004.75,1.430000000000291,28.17000000000189,-26.7400000000016,0.9492367767128082
2026-08-16 11:57:00,20174.85,871.19,44650.79,49004.81,1.4899999999979627,28.18000000000029,-26.69000000000233,0.9471256210078798
2026-08-16 11:58:00,20174.88,870.98,44650.65,49004.7,1.3799999999973807,28.209999999999127,-26.830000000001746,0.9510811768877199
2026-08-16 11:59:00,20175.03,870.91,44650.77,49004.86,1.5400000000008731,28.239999999997963,-26.69999999999709,0.9454674220962824
2026-08-16 12:00:00,20175.22,870.48,44651.02,49005.16,1.8400000000037835,28.24499999999898,-26.404999999995198,0.9348557266771517
2026-08-16 12:01:00,20175.48,870.27,44651.2,49005.43,2.110000000000582,28.239999999997963,-26.12999999999738,0.9252832861189542
2026-08-16 12:02:00,20175.39,870.26,44651.03,49005.23,1.9100000000034925,28.209999999999127,-26.299999999995634,0.9322935129385483
2026-08-16 12:03:00,20175.22,870.22,44650.93,49005.07,1.75,28.18000000000029,-26.43000000000029,0.9378992193044718
2026-08-16 12:04:00,20175.06,870.31,44650.9,49004.99,1.6699999999982538,28.17000000000189,-26.500000000003638,0.9407170749024444
2026-08-16 12:05:00,20175.3,870.3,44651.37,49005.51,2.1900000000023283,28.160000000003492,-25.970000000001164,0.9222301136362906
2026-08-16 12:06:00,20175.47,870.23,44651.44,49005.64,2.319999999999709,28.12000000000262,-25.80000000000291,0.9174964438122514
2026-08-16 12:07:00,20175.74,870.13,44651.58,49005.86,2.540000000000873,28.080000000001746,-25.540000000000873,0.909544159544134
2026-08-16 12:08:00,20175.84,869.92,44651.59,49005.92,2.599999999998545,28.075000000000728,-25.475000000002183,0.9073909171861628
2026-08-16 12:09:00,20176.09,869.69,44651.95,49006.33,3.0100000000020373,28.06999999999971,-25.05999999999767,0.892768079800425
2026-08-16 12:10:00,20176.23,869.59,44651.88,49006.33,3.0100000000020373,28.014999999999418,-25.00499999999738,0.8925575584507549
2026-08-16 12:11:00,20176.12,869.56,44651.57,49006.0,2.680000000000291,27.959999999999127,-25.279999999998836,0.9041487839770967
2026-08-16 12:12:00,20176.6,869.09,44651.91,49006.52,3.1999999999970896,27.904999999998836,-24.705000000001746,0.8853252105358458
2026-08-16 12:13:00,20176.8,869.06,44652.17,49006.83,3.5100000000020373,27.849999999998545,-24.339999999996508,0.8739676840214643
2026-08-16 12:14:00,20176.47,869.13,44651.91,49006.46,3.139999999999418,27.825000000000728,-24.68500000000131,0.8871518418688469
2026-08-16 12:15:00,20176.89,869.13,44652.18,49006.87,3.5500000000029104,27.80000000000291,-24.25,0.8723021582732899
2026-08-16 12:16:00,20176.81,869.02,44652.1,49006.76,3.4400000000023283,27.765000000003056,-24.325000000000728,0.8761030073833261
2026-08-16 12:17:00,20176.07,869.19,44651.52,49005.94,2.6200000000026193,27.7300000000032,-25.110000000000582,0.9055174900828591
2026-08-16 12:18:00,20176.36,869.08,44651.91,49006.42,3.099999999998545,27.695000000003347,-24.595000000004802,0.888066437985262
2026-08-16 12:19:00,20176.5,869.1,44652.04,49006.58,3.2600000000020373,27.660000000003492,-24.400000000001455,0.8821402747649448
2026-08-16 12:20:00,20176.67,869.17,44651.99,49006.61,3.290000000000873,27.655000000002474,-24.3650000000016,0.881034171035958
2026-08-16 12:21:00,20176.93,868.77,44652.14,49006.84,3.5199999999967986,27.650000000001455,-24.130000000004657,0.872694394213504
2026-08-16 12:22:00,20177.02,868.56,44652.37,49007.08,3.7600000000020373,27.639999999999418,-23.87999999999738,0.863965267727854
2026-08-16 12:23:00,20176.74,868.6,44652.27,49006.87,3.5500000000029104,27.62999999999738,-24.07999999999447,0.8715164676075553
2026-08-16 12:24:00,20176.73,868.54,44652.3,49006.89,3.569999999999709,27.610000000000582,-24.040000000000873,0.8706990220934576
2026-08-16 12:25:00,20177.0,868.27,44652.35,49007.03,3.709999999999127,27.590000000003783,-23.880000000004657,0.8655309894889953
2026-08-16 12:26:00,20176.93,867.97,44652.3,49006.97,3.650000000001455,27.585000000002765,-23.93500000000131,0.8676817110748201
2026-08-16 12:27:00,20176.93,867.97,44652.38,49007.06,3.7399999999979627,27.580000000001746,-23.840000000003783,0.8643944887600534
2026-08-16 12:28:00,20177.14,867.9,44652.67,49007.42,4.099999999998545,27.55500000000029,-23.455000000001746,0.8512066775540373
2026-08-16 12:29:00,20176.97,867.79,44652.45,49007.14,3.819999999999709,27.529999999998836,-23.709999999999127,0.8612422811478434
2026-08-16 12:30:00,20176.76,867.82,44652.29,49006.91,3.5900000000037835,27.520000000000437,-23.929999999996653,0.8695494186045157
2026-08-16 12:31:00,20176.73,867.72,44652.14,49006.76,3.4400000000023283,27.510000000002037,-24.06999999999971,0.8749545619773874
2026-08-16 12:32:00,20176.98,867.52,44652.31,49007.04,3.720000000001164,27.4900000000016,-23.770000000000437,0.864678064750784
2026-08-16 12:33:00,20177.37,867.3,44652.25,49007.15,3.8300000000017462,27.470000000001164,-23.639999999999418,0.8605751729158506
2026-08-16 12:34:00,20177.62,867.28,44652.37,49007.35,4.029999999998836,27.465000000000146,-23.43500000000131,0.8532677953759762
2026-08-16 12:35:00,20177.12,867.14,44652.21,49006.98,3.6600000000034925,27.459999999999127,-23.799999999995634,0.866715222141165
2026-08-16 12:36:00,20176.86,867.2,44652.27,49006.92,3.599999999998545,27.45499999999811,-23.854999999999563,0.8688763431069462
2026-08-16 12:37:00,20176.49,867.23,44652.12,49006.63,3.3099999999976717,27.44999999999709,-24.139999999999418,0.8794171220401449
2026-08-16 12:38:00,20176.03,867.35,44652.08,49006.41,3.0900000000037835,27.44999999999709,-24.359999999993306,0.8874316939889213
2026-08-16 12:39:00,20176.44,867.28,44651.96,49006.48,3.1600000000034925,27.44999999999709,-24.289999999993597,0.8848816029142503
2026-08-16 12:40:00,20177.01,867.23,44652.12,49006.85,3.529999999998836,27.43999999999869,-23.909999999999854,0.8713556851312316
2026-08-16 12:41:00,20177.84,866.55,44652.51,49007.52,4.19999999999709,27.43000000000029,-23.2300000000032,0.8468829748451678
2026-08-16 12:42:00,20177.17,866.43,44651.93,49006.72,3.400000000001455,27.42000000000189,-24.020000000000437,0.8760029175783655
2026-08-16 12:43:00,20177.02,866.65,44652.04,49006.76,3.4400000000023283,27.410000000003492,-23.970000000001164,0.8744983582633385
2026-08-16 12:44:00,20177.6,866.34,44652.13,49007.08,3.7600000000020373,27.405000000002474,-23.645000000000437,0.8627987593504215
2026-08-16 12:45:00,20177.77,866.38,44652.13,49007.14,3.819999999999709,27.400000000001455,-23.580000000001746,0.8605839416058575
2026-08-16 12:46:00,20178.02,866.14,44652.05,49007.16,3.8400000000037835,27.400000000001455,-23.55999999999767,0.8598540145984095
2026-08-16 12:47:00,20177.59,866.22,44651.57,49006.57,3.25,27.400000000001455,-24.150000000001455,0.8813868613138749
2026-08-16 12:48:00,20177.95,866.06,44651.87,49006.99,3.6699999999982538,27.389999999999418,-23.720000000001164,0.8660094925155776
2026-08-16 12:49:00,20178.02,866.22,44651.7,49006.87,3.5500000000029104,27.37999999999738,-23.82999999999447,0.8703433162891435
2026-08-16 12:50:00,20177.8,866.32,44651.25,49006.37,3.0500000000029104,27.37999999999738,-24.32999999999447,0.8886048210371366
2026-08-16 12:51:00,20178.45,866.26,44651.89,49007.22,3.900000000001455,27.37999999999738,-23.479999999995925,0.8575602629656016
2026-08-16 12:52:00,20178.41,865.88,44651.74,49007.05,3.7300000000032014,27.375,-23.6449999999968,0.863744292237326
2026-08-16 12:53:00,20178.29,865.8,44651.61,49006.87,3.5500000000029104,27.37000000000262,-23.81999999999971,0.8702959444646485
2026-08-16 12:54:00,20178.29,865.48,44651.65,49006.9,3.5800000000017462,27.360000000000582,-23.779999999998836,0.8691520467835647
2026-08-16 12:55:00,20178.22,865.95,44651.75,49006.97,3.650000000001455,27.349999999998545,-23.69999999999709,0.8665447897622798
2026-08-16 12:56:00,20178.04,866.04,44651.7,49006.84,3.5199999999967986,27.349999999998545,-23.830000000001746,0.8712979890311888
2026-08-16 12:57:00,20177.82,866.27,44651.48,49006.56,3.2399999999979627,27.349999999998545,-24.110000000000582,0.8815356489945837
2026-08-16 12:58:00,20177.75,866.26,44651.25,49006.34,3.0199999999967986,27.349999999998545,-24.330000000001746,0.8895795246801843
2026-08-16 12:59:00,20177.29,866.67,44650.9,49005.86,2.540000000000873,27.349999999998545,-24.80999999999767,0.907129798903071
2026-08-16 13:00:00,20177.58,866.82,44650.96,49006.03,2.709999999999127,27.32999999999811,-24.61999999999898,0.9008415660446647
2026-08-16 13:01:00,20178.01,866.57,44651.17,49006.39,3.069999999999709,27.30999999999767,-24.239999999997963,0.8875869644818758
2026-08-16 13:02:00,20177.64,866.74,44650.84,49005.94,2.6200000000026193,27.30999999999767,-24.689999999995052,0.9040644452580431
2026-08-16 13:03:00,20177.82,866.77,44650.89,49006.05,2.7300000000032014,27.30999999999767,-24.57999999999447,0.9000366166238215
2026-08-16 13:04:00,20177.84,866.6,44650.5,49005.71,2.389999999999418,27.30500000000029,-24.915000000000873,0.9124702435451605
2026-08-16 13:05:00,20178.64,866.35,44651.17,49006.64,3.319999999999709,27.30000000000291,-23.9800000000032,0.878388278388302
2026-08-16 13:06:00,20178.56,866.14,44650.94,49006.38,3.0599999999976717,27.284999999999854,-24.225000000002183,0.8878504672898043
2026-08-16 13:07:00,20178.98,865.84,44651.29,49006.88,3.5599999999976717,27.2699999999968,-23.709999999999127,0.8694536120279395
2026-08-16 13:08:00,20178.78,866.24,44651.14,49006.67,3.349999999998545,27.25499999999738,-23.904999999998836,0.8770867730692032
2026-08-16 13:09:00,20179.13,866.03,44651.07,49006.76,3.4400000000023283,27.239999999997963,-23.799999999995634,0.8737151248163515
2026-08-16 13:10:00,20179.12,865.7,44650.97,49006.65,3.3300000000017462,27.239999999997963,-23.909999999996217,0.8777533039646844
2026-08-16 13:11:00,20178.6,865.88,44650.71,49006.21,2.889999999999418,27.239999999997963,-24.349999999998545,0.8939060205580164
2026-08-16 13:12:00,20179.1,865.84,44650.9,49006.59,3.2699999999967986,27.235000000000582,-23.965000000003783,0.8799339085736468
2026-08-16 13:13:00,20179.58,865.59,44651.18,49007.04,3.720000000001164,27.2300000000032,-23.510000000002037,0.8633859713550963
2026-08-16 13:14:00,20179.1,865.68,44650.98,49006.65,3.3300000000017462,27.2300000000032,-23.900000000001455,0.8777084098420361
2026-08-16 13:15:00,20178.98,865.97,44651.21,49006.82,3.5,27.2300000000032,-23.7300000000032,0.8714652956298352
2026-08-16 13:16:00,20178.21,866.5,44650.63,49005.97,2.650000000001455,27.210000000002765,-24.56000000000131,0.9026093348033375
2026-08-16 13:17:00,20179.04,866.36,44650.6,49006.29,2.970000000001164,27.19000000000233,-24.220000000001164,0.8907686649503159
2026-08-16 13:18:00,20179.32,866.08,44650.88,49006.64,3.319999999999709,27.18500000000131,-23.8650000000016,0.8778738274784054
2026-08-16 13:19:00,20179.52,865.72,44650.99,49006.82,3.5,27.18000000000029,-23.68000000000029,0.8712288447387799
2026-08-16 13:20:00,20179.53,865.83,44650.96,49006.79,3.470000000001164,27.18000000000029,-23.709999999999127,0.872332597498119
2026-08-16 13:21:00,20179.74,866.16,44651.18,49007.09,3.7699999999967986,27.18000000000029,-23.410000000003492,0.8612950699044607
2026-08-16 13:22:00,20179.68,866.1,44651.21,49007.1,3.779999999998836,27.174999999999272,-23.395000000000437,0.8609015639374816
2026-08-16 13:23:00,20179.38,866.39,44651.08,49006.84,3.5199999999967986,27.169999999998254,-23.650000000001455,0.8704453441296641
2026-08-16 13:24:00,20179.58,866.65,44651.15,49007.0,3.680000000000291,27.154999999998836,-23.474999999998545,0.8644816792487406
2026-08-16 13:25:00,20179.27,866.69,44651.08,49006.82,3.5,27.139999999999418,-23.639999999999418,0.8710390567428122
2026-08-16 13:26:00,20179.58,866.71,44651.3,49007.14,3.819999999999709,27.1349999999984,-23.31499999999869,0.8592224064860905
2026-08-16 13:27:00,20179.74,867.09,44651.48,49007.37,4.05000000000291,27.12999999999738,-23.07999999999447,0.8507187615184924
2026-08-16 13:28:00,20179.72,867.38,44651.66,49007.53,4.209999999999127,27.12999999999738,-22.919999999998254,0.8448212311094901
2026-08-16 13:29:00,20179.71,867.51,44651.74,49007.61,4.290000000000873,27.12999999999738,-22.839999999996508,0.8418724659048549
2026-08-16 13:30:00,20179.75,867.64,44651.79,49007.67,4.349999999998545,27.114999999997963,-22.764999999999418,0.8395721925134106
2026-08-16 13:31:00,20179.76,867.76,44651.79,49007.68,4.360000000000582,27.099999999998545,-22.739999999997963,0.8391143911438813
2026-08-16 13:32:00,20179.75,867.8,44651.81,49007.7,4.379999999997381,27.099999999998545,-22.720000000001164,0.8383763837639256
2026-08-16 13:33:00,20179.85,867.98,44652.05,49007.98,4.6600000000034925,27.099999999998545,-22.439999999995052,0.8280442804426663
2026-08-16 13:34:00,20179.96,868.2,44652.18,49008.12,4.80000000000291,27.095000000001164,-22.294999999998254,0.8228455434581028
2026-08-16 13:35:00,20180.13,868.36,44652.29,49008.29,4.970000000001164,27.090000000003783,-22.12000000000262,0.816537467700241
2026-08-16 13:36:00,20180.35,868.4,44652.58,49008.64,5.319999999999709,27.080000000001746,-21.760000000002037,0.8035450516986941
2026-08-16 13:37:00,20180.43,868.59,44652.58,49008.68,5.360000000000582,27.06999999999971,-21.709999999999127,0.8019948282231016
2026-08-16 13:38:00,20180.39,868.78,44652.68,49008.75,5.430000000000291,27.06999999999971,-21.639999999999418,0.7994089397857278
2026-08-16 13:39:00,20180.41,868.96,44652.81,49008.88,5.559999999997672,27.06999999999971,-21.510000000002037,0.7946065755449674
2026-08-16 13:40:00,20180.53,868.99,44652.91,49009.04,5.720000000001164,27.044999999998254,-21.32499999999709,0.788500647069642
2026-08-16 13:41:00,20180.5,868.87,44652.9,49009.03,5.709999999999127,27.0199999999968,-21.30999999999767,0.7886750555144411
2026-08-16 13:42:00,20181.16,868.71,44653.59,49009.92,6.599999999998545,27.0099999999984,-20.409999999999854,0.7556460570159594
2026-08-16 13:43:00,20180.95,869.16,44653.59,49009.85,6.529999999998836,27.0,-20.470000000001164,0.7581481481481913
2026-08-16 13:44:00,20181.01,869.23,44653.62,49009.91,6.5900000000037835,26.979999999999563,-20.38999999999578,0.7557449962934066
2026-08-16 13:45:00,20181.02,869.28,44653.7,49009.98,6.6600000000034925,26.959999999999127,-20.299999999995634,0.7529673590503075
2026-08-16 13:46:00,20181.07,869.42,44653.83,49010.12,6.80000000000291,26.959999999999127,-20.159999999996217,0.7477744807120501
2026-08-16 13:47:00,20180.55,869.85,44653.51,49009.61,6.290000000000873,26.959999999999127,-20.669999999998254,0.7666913946587137
2026-08-16 13:48:00,20181.47,869.48,44654.28,49010.69,7.370000000002619,26.959999999999127,-19.589999999996508,0.7266320474776388
2026-08-16 13:49:00,20181.5,869.72,44654.5,49010.88,7.559999999997672,26.959999999999127,-19.400000000001455,0.719584569733015
2026-08-16 13:50:00,20181.54,870.02,44654.35,49010.77,7.44999999999709,26.95499999999811,-19.50500000000102,0.7236134297904799
2026-08-16 13:51:00,20181.8,869.97,44654.83,49011.31,7.989999999997963,26.94999999999709,-18.959999999999127,0.7035250463822328
2026-08-16 13:52:00,20181.89,870.0,44655.06,49011.56,8.239999999997963,26.94499999999971,-18.705000000001746,0.6941918723326015
2026-08-16 13:53:00,20181.99,870.32,44655.36,49011.89,8.569999999999709,26.94000000000233,-18.37000000000262,0.6818856718634384
2026-08-16 13:54:00,20181.61,870.68,44655.26,49011.63,8.309999999997672,26.93500000000131,-18.625000000003638,0.6914794876555683
2026-08-16 13:55:00,20181.69,870.49,44655.42,49011.81,8.489999999997963,26.93000000000029,-18.44000000000233,0.6847382101746056
2026-08-16 13:56:00,20181.94,870.75,44655.83,49012.29,8.970000000001164,26.924999999999272,-17.95499999999811,0.6668523676879701
2026-08-16 13:57:00,20181.53,871.13,44655.83,49012.13,8.809999999997672,26.919999999998254,-18.110000000000582,0.672734026745979
2026-08-16 13:58:00,20181.7,871.31,44655.84,49012.22,8.900000000001455,26.899999999997817,-17.999999999996362,0.6691449814125585
2026-08-16 13:59:00,20181.91,871.5,44656.1,49012.54,9.220000000001164,26.87999999999738,-17.659999999996217,0.6569940476189708
2026-08-16 14:00:00,20181.91,871.62,44656.23,49012.65,9.330000000001746,26.875,-17.544999999998254,0.6528372093022606
2026-08-16 14:01:00,20182.53,871.57,44656.51,49013.17,9.849999999998545,26.87000000000262,-17.020000000004075,0.6334201711947307
2026-08-16 14:02:00,20182.38,871.83,44656.77,49013.34,10.019999999996799,26.850000000002183,-16.830000000005384,0.6268156424582502
2026-08-16 14:03:00,20182.24,872.15,44656.64,49013.17,9.849999999998545,26.830000000001746,-16.9800000000032,0.6328736489005626
2026-08-16 14:04:00,20182.27,872.33,44656.62,49013.17,9.849999999998545,26.825000000000728,-16.975000000002183,0.6328052190121798
2026-08-16 14:05:00,20182.88,872.28,44657.27,49014.01,10.690000000002328,26.81999999999971,-16.12999999999738,0.6014168530946143
2026-08-16 14:06:00,20182.71,872.57,44657.26,49013.93,10.610000000000582,26.81499999999869,-16.20499999999811,0.6043259369755324
2026-08-16 14:07:00,20183.06,872.48,44657.57,49014.36,11.040000000000873,26.80999999999767,-15.769999999996799,0.5882133532263397
2026-08-16 14:08:00,20182.85,872.73,44657.4,49014.13,10.809999999997672,26.799999999999272,-15.9900000000016,0.596641791044852
2026-08-16 14:09:00,20183.65,872.67,44657.85,49014.85,11.529999999998836,26.790000000000873,-15.260000000002037,0.569615528182215
2026-08-16 14:10:00,20183.83,872.65,44657.87,49014.93,11.610000000000582,26.784999999999854,-15.174999999999272,0.5665484412917436
2026-08-16 14:11:00,20183.96,872.56,44657.95,49015.08,11.760000000002037,26.779999999998836,-15.019999999996799,0.5608663181477764
2026-08-16 14:12:00,20184.48,872.34,44658.64,49015.91,12.590000000003783,26.7599999999984,-14.169999999994616,0.5295216741403387
2026-08-16 14:13:00,20184.1,872.4,44658.7,49015.81,12.489999999997963,26.739999999997963,-14.25,0.5329094988781259
2026-08-16 14:14:00,20183.92,872.64,44658.61,49015.67,12.349999999998545,26.724999999998545,-14.375,0.5378858746492342
2026-08-16 14:15:00,20184.32,872.83,44659.05,49016.24,12.919999999998254,26.709999999999127,-13.790000000000873,0.5162860351928612
2026-08-16 14:16:00,20183.94,873.15,44658.84,49015.9,12.580000000001746,26.700000000000728,-14.119999999998981,0.5288389513108088
2026-08-16 14:17:00,20183.74,873.46,44658.78,49015.79,12.470000000001164,26.69000000000233,-14.220000000001164,0.5327838141626049
2026-08-16 14:18:00,20183.88,873.84,44659.19,49016.21,12.889999999999418,26.68500000000131,-13.795000000001892,0.5169570919992961
2026-08-16 14:19:00,20183.8,874.16,44659.22,49016.22,12.900000000001455,26.68000000000029,-13.779999999998836,0.5164917541228893
2026-08-16 14:20:00,20183.66,874.41,44659.49,49016.39,13.069999999999709,26.68000000000029,-13.610000000000582,0.5101199400300013
2026-08-16 14:21:00,20183.53,874.72,44659.56,49016.41,13.090000000003783,26.68000000000029,-13.589999999996508,0.5093703148424422
2026-08-16 14:22:00,20183.51,874.93,44659.77,49016.58,13.260000000002037,26.674999999999272,-13.414999999997235,0.5029053420805099
2026-08-16 14:23:00,20183.41,875.2,44659.94,49016.7,13.37999999999738,26.669999999998254,-13.290000000000873,0.4983127109112015
2026-08-16 14:24:00,20183.03,875.71,44660.0,49016.62,13.30000000000291,26.659999999999854,-13.359999999996944,0.5011252813202182
2026-08-16 14:25:00,20183.03,875.74,44660.04,49016.64,13.319999999999709,26.650000000001455,-13.330000000001746,0.5001876172608262
2026-08-16 14:26:00,20182.81,875.88,44660.1,49016.61,13.290000000000873,26.639999999999418,-13.349999999998545,0.5011261261260824
2026-08-16 14:27:00,20182.7,876.27,44660.32,49016.77,13.44999999999709,26.62999999999738,-13.180000000000291,0.4949305294780919
2026-08-16 14:28:00,20183.55,876.5,44660.76,49017.51,14.190000000002328,26.62999999999738,-12.439999999995052,0.4671423206908102
2026-08-16 14:29:00,20184.1,876.5,44661.11,49018.06,14.739999999997963,26.62999999999738,-11.889999999999418,0.44648892226814074
2026-08-16 14:30:00,20184.59,876.19,44661.45,49018.56,15.239999999997963,26.62999999999738,-11.389999999999418,0.4277131055201103
2026-08-16 14:31:00,20184.78,875.98,44661.56,49018.72,15.400000000001455,26.62999999999738,-11.229999999995925,0.42170484416060944
2026-08-16 14:32:00,20184.87,876.02,44661.71,49018.89,15.569999999999709,26.61999999999898,-11.049999999999272,0.41510142749811024
2026-08-16 14:33:00,20184.71,876.23,44661.82,49018.95,15.62999999999738,26.610000000000582,-10.980000000003201,0.4126268320181496
2026-08-16 14:34:00,20184.96,876.21,44662.06,49019.25,15.930000000000291,26.604999999999563,-10.674999999999272,0.40124036835179283
2026-08-16 14:35:00,20184.91,876.32,44662.19,49019.36,16.040000000000873,26.599999999998545,-10.559999999997672,0.3969924812029417
2026-08-16 14:36:00,20184.98,876.44,44662.43,49019.62,16.30000000000291,26.599999999998545,-10.299999999995634,0.387218045112639
2026-08-16 14:37:00,20184.92,876.6,44662.75,49019.88,16.55999999999767,26.599999999998545,-10.040000000000873,0.37744360902260987
2026-08-16 14:38:00,20184.6,877.01,44662.73,49019.74,16.419999999998254,26.595000000001164,-10.17500000000291,0.3825907125400438
2026-08-16 14:39:00,20184.21,877.19,44662.58,49019.44,16.12000000000262,26.590000000003783,-10.470000000001164,0.39375705152311674
2026-08-16 14:40:00,20184.35,877.54,44662.88,49019.79,16.470000000001164,26.585000000002765,-10.1150000000016,0.380477712996071
2026-08-16 14:41:00,20184.19,877.82,44663.03,49019.87,16.55000000000291,26.580000000001746,-10.029999999998836,0.3773513920240097
2026-08-16 14:42:00,20183.83,878.13,44663.25,49019.92,16.599999999998545,26.575000000000728,-9.975000000002183,0.3753527751647003
2026-08-16 14:43:00,20183.54,878.43,44663.22,49019.79,16.470000000001164,26.56999999999971,-10.099999999998545,0.3801279638689746
2026-08-16 14:44:00,20183.5,878.71,44663.3,49019.85,16.529999999998836,26.56000000000131,-10.030000000002474,0.3776355421687492
2026-08-16 14:45:00,20183.68,878.9,44663.71,49020.29,16.970000000001164,26.55000000000291,-9.580000000001746,0.36082862523543113
2026-08-16 14:46:00,20183.48,879.22,44663.7,49020.19,16.87000000000262,26.540000000000873,-9.669999999998254,0.3643556895251671
2026-08-16 14:47:00,20183.18,879.51,44663.35,49019.77,16.44999999999709,26.529999999998836,-10.080000000001746,0.3799472295515337
2026-08-16 14:48:00,20183.37,879.44,44663.69,49020.16,16.840000000003783,26.524999999997817,-9.684999999994034,0.3651272384540935
2026-08-16 14:49:00,20183.55,879.33,44664.03,49020.53,17.209999999999127,26.5199999999968,-9.309999999997672,0.35105580693811445
2026-08-16 14:50:00,20183.29,879.48,44663.67,49020.12,16.80000000000291,26.5099999999984,-9.709999999995489,0.3662768766501726
2026-08-16 14:51:00,20183.86,879.6,44664.29,49020.93,17.610000000000582,26.5,-8.889999999999418,0.33547169811318556
2026-08-16 14:52:00,20183.76,879.82,44664.42,49021.01,17.69000000000233,26.5,-8.809999999997672,0.3324528301885914
2026-08-16 14:53:00,20183.63,880.12,44664.43,49020.95,17.62999999999738,26.5,-8.87000000000262,0.3347169811321743
2026-08-16 14:54:00,20183.45,880.18,44664.15,49020.63,17.30999999999767,26.49499999999898,-9.18500000000131,0.34666918286475423
2026-08-16 14:55:00,20184.07,880.14,44664.6,49021.3,17.9800000000032,26.489999999997963,-8.509999999994761,0.32125330313308476
2026-08-16 14:56:00,20184.49,880.15,44665.01,49021.81,18.489999999997963,26.474999999998545,-7.985000000000582,0.30160528800759284
2026-08-16 14:57:00,20184.37,880.2,44664.92,49021.68,18.360000000000582,26.459999999999127,-8.099999999998545,0.30612244897954694
2026-08-16 14:58:00,20184.32,880.3,44664.81,49021.58,18.260000000002037,26.459999999999127,-8.19999999999709,0.3099017384730673
2026-08-16 14:59:00,20184.42,880.28,44664.94,49021.73,18.410000000003492,26.459999999999127,-8.049999999995634,0.30423280423264926
2026-08-16 15:00:00,20184.6,880.32,44665.26,49022.1,18.779999999998836,26.45499999999811,-7.674999999999272,0.29011529011528336
2026-08-16 15:01:00,20184.51,880.55,44665.45,49022.21,18.889999999999418,26.44999999999709,-7.559999999997672,0.28582230623812865
2026-08-16 15:02:00,20183.91,880.81,44665.21,49021.76,18.44000000000233,26.44999999999709,-8.009999999994761,0.3028355387521982
2026-08-16 15:03:00,20183.61,880.93,44665.19,49021.63,18.30999999999767,26.44999999999709,-8.139999999999418,0.3077504725898039
2026-08-16 15:04:00,20183.44,881.37,44665.49,49021.83,18.510000000002037,26.44499999999971,-7.934999999997672,0.3000567214973628
2026-08-16 15:05:00,20183.71,881.28,44665.86,49022.27,18.94999999999709,26.44000000000233,-7.490000000005239,0.28328290469003703
2026-08-16 15:06:00,20183.48,881.55,44665.88,49022.21,18.889999999999418,26.43500000000131,-7.545000000001892,0.28541706071501866
2026-08-16 15:07:00,20183.52,881.63,44665.87,49022.23,18.910000000003492,26.43000000000029,-7.519999999996799,0.2845251608019945
2026-08-16 15:08:00,20183.65,881.91,44666.01,49022.42,19.099999999998545,26.43000000000029,-7.330000000001746,0.27733636019680913
2026-08-16 15:09:00,20183.95,881.89,44666.36,49022.84,19.5199999999968,26.43000000000029,-6.9100000000034925,0.2614453272797358
2026-08-16 15:10:00,20183.59,882.19,44666.27,49022.61,19.290000000000873,26.43000000000029,-7.139999999999418,0.27014755959134845
2026-08-16 15:11:00,20183.49,882.32,44666.17,49022.51,19.19000000000233,26.43000000000029,-7.239999999997963,0.273931138857279
2026-08-16 15:12:00,20183.84,882.15,44666.4,49022.84,19.5199999999968,26.43000000000029,-6.9100000000034925,0.2614453272797358
2026-08-16 15:13:00,20184.04,882.23,44666.78,49023.28,19.959999999999127,26.43000000000029,-6.470000000001164,0.2447975785093111
2026-08-16 15:14:00,20183.89,882.34,44666.67,49023.12,19.80000000000291,26.424999999999272,-6.624999999996362,0.2507095553451862
2026-08-16 15:15:00,20183.83,882.43,44666.64,49023.07,19.75,26.419999999998254,-6.669999999998254,0.25246025738072275
2026-08-16 15:16:00,20184.04,882.66,44667.04,49023.51,20.19000000000233,26.415000000000873,-6.224999999998545,0.23566155593406546
2026-08-16 15:17:00,20183.53,883.05,44666.68,49022.98,19.660000000003492,26.410000000003492,-6.75,0.255585005679633
2026-08-16 15:18:00,20183.69,883.04,44666.67,49023.05,19.7300000000032,26.405000000002474,-6.674999999999272,0.25279303162274747
2026-08-16 15:19:00,20183.97,883.08,44667.02,49023.47,20.150000000001455,26.400000000001455,-6.25,0.23674242424241118
2026-08-16 15:20:00,20183.78,883.46,44666.96,49023.36,20.040000000000873,26.400000000001455,-6.360000000000582,0.24090909090909968
2026-08-16 15:21:00,20183.93,883.55,44667.01,49023.48,20.160000000003492,26.400000000001455,-6.239999999997963,0.23636363636354615
2026-08-16 15:22:00,20184.0,883.63,44667.04,49023.55,20.2300000000032,26.400000000001455,-6.169999999998254,0.23371212121204218
2026-08-16 15:23:00,20183.95,883.94,44667.09,49023.57,20.25,26.400000000001455,-6.150000000001455,0.23295454545458774
2026-08-16 15:24:00,20183.71,884.3,44666.91,49023.31,19.989999999997963,26.38000000000102,-6.390000000003056,0.24222896133445068
2026-08-16 15:25:00,20183.79,884.46,44667.17,49023.57,20.25,26.360000000000582,-6.110000000000582,0.23179059180578326
2026-08-16 15:26:00,20184.05,884.44,44667.33,49023.82,20.5,26.345000000001164,-5.845000000001164,0.22186373125833767
2026-08-16 15:27:00,20184.04,884.67,44667.38,49023.86,20.540000000000873,26.330000000001746,-5.790000000000873,0.21990125332322405
2026-08-16 15:28:00,20183.92,884.9,44667.58,49023.98,20.660000000003492,26.29500000000189,-5.634999999998399,0.2142992964441146
2026-08-16 15:29:00,20183.71,885.13,44667.34,49023.69,20.37000000000262,26.260000000002037,-5.889999999999418,0.22429550647368474
2026-08-16 15:30:00,20183.99,885.18,44667.63,49024.06,20.739999999997963,26.260000000002037,-5.5200000000040745,0.21020563594834907
2026-08-16 15:31:00,20183.86,885.42,44667.45,49023.84,20.5199999999968,26.260000000002037,-5.740000000005239,0.21858339680140113
2026-08-16 15:32:00,20183.8,885.51,44667.53,49023.89,20.56999999999971,26.260000000002037,-5.690000000002328,0.21667936024378853
2026-08-16 15:33:00,20183.32,886.11,44667.63,49023.81,20.489999999997963,26.260000000002037,-5.7700000000040745,0.21972581873585784
2026-08-16 15:34:00,20183.43,886.11,44667.57,49023.79,20.470000000001164,26.25500000000102,-5.7849999999998545,0.22033898305083335
2026-08-16 15:35:00,20183.6,886.07,44667.68,49023.96,20.639999999999418,26.25,-5.610000000000582,0.2137142857143079
2026-08-16 15:36:00,20183.42,886.42,44667.72,49023.92,20.599999999998545,26.2400000000016,-5.640000000003056,0.21493902439034726
2026-08-16 15:37:00,20183.4,886.47,44667.79,49023.99,20.669999999998254,26.2300000000032,-5.560000000004948,0.2119710255434338
2026-08-16 15:38:00,20183.6,886.67,44667.75,49024.04,20.720000000001164,26.225000000002183,-5.505000000001019,0.20991420400383454
2026-08-16 15:39:00,20183.94,886.61,44667.66,49024.08,20.760000000002037,26.220000000001164,-5.459999999999127,0.20823798626998033
2026-08-16 15:40:00,20183.4,886.95,44667.7,49023.91,20.590000000003783,26.215000000000146,-5.624999999996362,0.21457181003228423
2026-08-16 15:41:00,20183.59,887.02,44667.87,49024.14,20.81999999999971,26.209999999999127,-5.389999999999418,0.205646699732911
2026-08-16 15:42:00,20183.78,887.49,44668.03,49024.36,21.040000000000873,26.200000000000728,-5.1599999999998545,0.19694656488548515
2026-08-16 15:43:00,20183.57,887.69,44667.94,49024.19,20.87000000000262,26.19000000000233,-5.319999999999709,0.20313096601753478
2026-08-16 15:44:00,20183.23,887.7,44667.82,49023.94,20.62000000000262,26.19000000000233,-5.569999999999709,0.21267659411986306
2026-08-16 15:45:00,20183.31,887.78,44668.06,49024.2,20.87999999999738,26.19000000000233,-5.310000000004948,0.20274914089364168
2026-08-16 15:46:00,20182.96,888.24,44667.8,49023.83,20.510000000002037,26.18000000000029,-5.669999999998254,0.21657754010688277
2026-08-16 15:47:00,20182.68,888.41,44667.33,49023.32,20.0,26.169999999998254,-6.169999999998254,0.2357661444401477
2026-08-16 15:48:00,20183.55,888.36,44668.29,49024.55,21.2300000000032,26.169999999998254,-4.939999999995052,0.18876576232309447
2026-08-16 15:49:00,20183.62,888.44,44668.63,49024.86,21.540000000000873,26.169999999998254,-4.629999999997381,0.17692013756200572
2026-08-16 15:50:00,20183.02,888.72,44668.21,49024.25,20.93000000000029,26.169999999998254,-5.239999999997963,0.20022927015660347
2026-08-16 15:51:00,20183.34,888.81,44668.58,49024.73,21.410000000003492,26.169999999998254,-4.759999999994761,0.18188765762304468
2026-08-16 15:52:00,20183.39,888.92,44668.76,49024.91,21.590000000003783,26.159999999999854,-4.569999999996071,0.17469418960229727
2026-08-16 15:53:00,20183.17,889.34,44668.74,49024.81,21.489999999997963,26.150000000001455,-4.6600000000034925,0.1782026768643684
2026-08-16 15:54:00,20183.33,889.43,44668.76,49024.89,21.56999999999971,26.150000000001455,-4.580000000001746,0.17514340344173962
2026-08-16 15:55:00,20183.48,889.58,44668.92,49025.11,21.790000000000873,26.150000000001455,-4.360000000000582,0.16673040152964969
2026-08-16 15:56:00,20183.41,889.71,44669.05,49025.18,21.860000000000582,26.139999999999418,-4.279999999998836,0.16373374139246102
2026-08-16 15:57:00,20183.34,889.87,44669.21,49025.32,22.0,26.12999999999738,-4.129999999997381,0.15805587447370054
2026-08-16 15:58:00,20183.13,890.26,44669.18,49025.22,21.900000000001455,26.125,-4.224999999998545,0.1617224880382218
2026-08-16 15:59:00,20182.96,890.51,44669.13,49025.11,21.790000000000873,26.12000000000262,-4.330000000001746,0.16577335375196448
2026-08-16 16:00:00,20183.16,890.7,44669.42,49025.45,22.12999999999738,26.110000000000582,-3.9800000000032014,0.15243201838388024
2026-08-16 16:01:00,20183.51,890.78,44669.74,49025.89,22.56999999999971,26.099999999998545,-3.529999999998836,0.1352490421455568
2026-08-16 16:02:00,20183.26,891.09,44669.67,49025.73,22.410000000003492,26.090000000000146,-3.679999999996653,0.1410502108086099
2026-08-16 16:03:00,20183.09,891.31,44669.59,49025.59,22.2699999999968,26.080000000001746,-3.8100000000049477,0.14608895705539465
2026-08-16 16:04:00,20182.85,891.56,44669.64,49025.54,22.220000000001164,26.080000000001746,-3.860000000000582,0.14800613496933757
2026-08-16 16:05:00,20183.09,891.73,44670.12,49026.07,22.75,26.080000000001746,-3.3300000000017462,0.127684049079813
2026-08-16 16:06:00,20183.0,892.09,44670.16,49026.07,22.75,26.06000000000131,-3.3100000000013097,0.1270145817345028
2026-08-16 16:07:00,20183.09,892.38,44670.23,49026.17,22.849999999998545,26.040000000000873,-3.1900000000023283,0.12250384024586103
2026-08-16 16:08:00,20182.98,892.42,44670.05,49025.97,22.650000000001455,26.014999999999418,-3.3649999999979627,0.12934845281560783
2026-08-16 16:09:00,20182.82,892.85,44670.23,49026.07,22.75,25.989999999997963,-3.2399999999979627,0.12466333205072015
2026-08-16 16:10:00,20182.91,893.08,44670.49,49026.34,23.0199999999968,25.989999999997963,-2.970000000001164,0.11427472104661011
2026-08-16 16:11:00,20182.85,893.33,44670.56,49026.39,23.06999999999971,25.989999999997963,-2.9199999999982538,0.11235090419386236
2026-08-16 16:12:00,20182.89,893.4,44670.63,49026.48,23.160000000003492,25.985000000000582,-2.8249999999970896,0.1087165672502223
2026-08-16 16:13:00,20183.2,893.49,44670.86,49026.81,23.489999999997963,25.9800000000032,-2.4900000000052387,0.09584295612028221
2026-08-16 16:14:00,20183.27,893.67,44670.94,49026.93,23.610000000000582,25.970000000001164,-2.360000000000582,0.09087408548326824
2026-08-16 16:15:00,20183.44,893.89,44671.22,49027.24,23.919999999998254,25.959999999999127,-2.040000000000873,0.07858243451467418
2026-08-16 16:16:00,20183.06,894.35,44670.95,49026.86,23.540000000000873,25.959999999999127,-2.4199999999982538,0.09322033898298672
2026-08-16 16:17:00,20182.9,894.45,44670.77,49026.63,23.30999999999767,25.959999999999127,-2.650000000001455,0.10208012326662343
2026-08-16 16:18:00,20183.4,894.41,44671.18,49027.2,23.87999999999738,25.95499999999811,-2.0750000000007276,0.07994606048934227
2026-08-16 16:19:00,20183.23,894.79,44671.23,49027.18,23.860000000000582,25.94999999999709,-2.0899999999965075,0.08053949903648332
2026-08-16 16:20:00,20183.52,894.78,44671.34,49027.39,24.06999999999971,25.94999999999709,-1.8799999999973807,0.0724470134873831
2026-08-16 16:21:00,20183.67,894.81,44671.45,49027.55,24.2300000000032,25.94999999999709,-1.7199999999938882,0.06628131021171796
2026-08-16 16:22:00,20183.65,894.89,44671.59,49027.69,24.37000000000262,25.94499999999971,-1.5749999999970896,0.060705338215344275
2026-08-16 16:23:00,20183.6,895.0,44671.66,49027.72,24.400000000001455,25.94000000000233,-1.5400000000008731,0.059367771781061486
2026-08-16 16:24:00,20182.99,895.56,44671.6,49027.45,24.12999999999738,25.93500000000131,-1.805000000003929,0.06959706959721758
2026-08-16 16:25:00,20183.09,895.46,44671.53,49027.41,24.090000000003783,25.93000000000029,-1.8399999999965075,0.07096027767051627
2026-08-16 16:26:00,20182.57,895.68,44671.46,49027.14,23.81999999999971,25.924999999999272,-2.1049999999995634,0.08119575699130656
2026-08-16 16:27:00,20183.08,895.79,44671.67,49027.55,24.2300000000032,25.919999999998254,-1.6899999999950523,0.06520061728376413
2026-08-16 16:28:00,20183.03,896.02,44671.96,49027.79,24.470000000001164,25.919999999998254,-1.4499999999970896,0.055941358024582846
2026-08-16 16:29:00,20183.18,896.19,44672.26,49028.12,24.80000000000291,25.919999999998254,-1.1199999999953434,0.043209876543033134
2026-08-16 16:30:00,20183.51,896.1,44672.05,49028.08,24.760000000002037,25.919999999998254,-1.1599999999962165,0.044753086419610136
2026-08-16 16:31:00,20183.33,896.3,44672.04,49027.99,24.669999999998254,25.919999999998254,-1.25,0.048225308641978555
2026-08-16 16:32:00,20183.57,896.37,44672.24,49028.27,24.94999999999709,25.915000000000873,-0.9650000000037835,0.03723712135843145
2026-08-16 16:33:00,20183.25,896.69,44672.03,49027.94,24.62000000000262,25.910000000003492,-1.2900000000008731,0.049787726746456935
2026-08-16 16:34:00,20183.39,896.85,44672.13,49028.1,24.779999999998836,25.895000000000437,-1.1150000000016007,0.04305850550305394
2026-08-16 16:35:00,20183.63,896.96,44672.16,49028.23,24.910000000003492,25.87999999999738,-0.9699999999938882,0.037480680061591436
2026-08-16 16:36:00,20183.97,897.13,44672.19,49028.41,25.090000000003783,25.875,-0.7849999999962165,0.030338164251061506
2026-08-16 16:37:00,20183.64,897.6,44672.07,49028.17,24.849999999998545,25.87000000000262,-1.0200000000040745,0.039427908774795954
2026-08-16 16:38:00,20183.78,897.6,44672.15,49028.32,25.0,25.8650000000016,-0.8650000000016007,0.033442876474059434
2026-08-16 16:39:00,20184.12,897.78,44672.17,49028.45,25.12999999999738,25.860000000000582,-0.7300000000032014,0.028228924980788283
2026-08-16 16:40:00,20184.07,897.7,44672.16,49028.44,25.12000000000262,25.854999999999563,-0.7349999999969441,0.028427770257085924
2026-08-16 16:41:00,20184.29,897.76,44672.54,49028.86,25.540000000000873,25.849999999998545,-0.3099999999976717,0.011992263056003448
2026-08-16 16:42:00,20184.57,897.95,44672.51,49028.95,25.62999999999738,25.845000000001164,-0.2150000000037835,0.008318823757158979
2026-08-16 16:43:00,20184.01,898.24,44672.31,49028.53,25.209999999999127,25.840000000003783,-0.6300000000046566,0.024380804953737012
2026-08-16 16:44:00,20184.24,898.17,44672.24,49028.57,25.25,25.840000000003783,-0.5900000000037835,0.022832817337604377
2026-08-16 16:45:00,20184.92,898.05,44672.43,49029.02,25.69999999999709,25.840000000003783,-0.14000000000669388,0.005417956656605007
2026-08-16 16:46:00,20184.56,898.4,44672.34,49028.78,25.459999999999127,25.835000000002765,-0.375000000003638,0.014515192568360667
2026-08-16 16:47:00,20183.94,898.68,44671.86,49028.11,24.790000000000873,25.830000000001746,-1.0400000000008731,0.04026325977548598
2026-08-16 16:48:00,20184.41,898.42,44672.49,49028.88,25.55999999999767,25.81999999999971,-0.26000000000203727,0.010069713400543773
2026-08-16 16:49:00,20184.43,898.43,44672.45,49028.84,25.5199999999968,25.80999999999767,-0.2900000000008731,0.011235955056214617
2026-08-16 16:50:00,20184.81,898.56,44672.14,49028.72,25.400000000001455,25.80999999999767,-0.4099999999962165,0.015885315768936595
2026-08-16 16:51:00,20185.11,898.58,44672.38,49029.06,25.739999999997963,25.80999999999767,-0.06999999999970896,0.002712127082515121
2026-08-16 16:52:00,20185.12,898.59,44672.62,49029.28,25.959999999999127,25.80999999999767,0.1500000000014552,0.005811700891184375
2026-08-16 16:53:00,20184.97,898.74,44672.51,49029.12,25.80000000000291,25.80999999999767,-0.00999999999476131,0.0003874467258722283
2026-08-16 16:54:00,20184.97,898.91,44672.35,49028.97,25.650000000001455,25.80500000000029,-0.15499999999883585,0.0060065878705225385
2026-08-16 16:55:00,20184.96,898.82,44672.39,49029.0,25.68000000000029,25.80000000000291,-0.12000000000261934,0.004651162790798675
2026-08-16 16:56:00,20185.24,898.81,44672.6,49029.31,25.989999999997963,25.80000000000291,0.18999999999505235,0.0073643410850787175
2026-08-16 16:57:00,20185.17,898.84,44672.61,49029.3,25.9800000000032,25.80000000000291,0.18000000000029104,0.006976744186057005
2026-08-16 16:58:00,20185.21,899.02,44672.48,49029.2,25.87999999999738,25.79500000000189,0.0849999999954889,0.003295212250261007
2026-08-16 16:59:00,20185.34,898.88,44672.33,49029.11,25.790000000000873,25.790000000000873,0.0,0.0
2026-08-16 17:00:00,20185.76,899.05,44672.65,49029.58,26.260000000002037,25.770000000000437,0.4900000000016007,0.01901435778042656
2026-08-16 17:01:00,20186.01,899.09,44672.91,49029.92,26.599999999998545,25.75,0.8499999999985448,0.033009708737807564
2026-08-16 17:02:00,20185.58,899.23,44672.38,49029.26,25.94000000000233,25.75,0.1900000000023283,0.007378640776789448
2026-08-16 17:03:00,20185.71,899.31,44672.32,49029.27,25.94999999999709,25.75,0.19999999999708962,0.007766990291149111
2026-08-16 17:04:00,20185.73,899.55,44672.19,49029.16,25.840000000003783,25.74499999999898,0.09500000000480213,0.0036900369005556763
2026-08-16 17:05:00,20186.33,899.48,44672.64,49029.81,26.489999999997963,25.739999999997963,0.75,0.029137529137531443
2026-08-16 17:06:00,20186.32,899.58,44672.6,49029.77,26.44999999999709,25.724999999998545,0.7249999999985448,0.028182701652034434
2026-08-16 17:07:00,20186.33,899.58,44672.54,49029.72,26.400000000001455,25.709999999999127,0.6900000000023283,0.026837806301141645
2026-08-16 17:08:00,20186.4,900.03,44672.69,49029.89,26.56999999999971,25.70499999999811,0.8650000000016007,0.03365104065363409
2026-08-16 17:09:00,20186.59,900.07,44672.7,49029.97,26.650000000001455,25.69999999999709,0.9500000000043656,0.03696498054492114
2026-08-16 17:10:00,20186.46,900.33,44672.53,49029.75,26.43000000000029,25.68999999999869,0.7400000000016007,0.028804982483520376
2026-08-16 17:11:00,20186.54,900.09,44672.19,49029.49,26.169999999998254,25.68000000000029,0.48999999999796273,0.019080996884655654
2026-08-16 17:12:00,20186.74,900.04,44672.65,49029.99,26.669999999998254,25.665000000000873,1.0049999999973807,0.0391583869081374
2026-08-16 17:13:00,20186.65,900.32,44672.41,49029.74,26.419999999998254,25.650000000001455,0.7699999999967986,0.030019493177261398
2026-08-16 17:14:00,20186.75,900.39,44672.46,49029.84,26.5199999999968,25.639999999999418,0.8799999999973807,0.03432137285481282
2026-08-16 17:15:00,20186.77,900.4,44672.58,49029.95,26.62999999999738,25.62999999999738,1.0,0.03901677721420609
2026-08-16 17:16:00,20186.62,900.83,44672.5,49029.82,26.5,25.61999999999898,0.8800000000010186,0.0343481654957476
2026-08-16 17:17:00,20186.2,901.05,44672.08,49029.28,25.959999999999127,25.610000000000582,0.3499999999985448,0.013666536509118971
2026-08-16 17:18:00,20186.25,901.08,44672.17,49029.36,26.040000000000873,25.584999999999127,0.45500000000174623,0.017783857729207025
2026-08-16 17:19:00,20185.74,901.45,44671.47,49028.53,25.209999999999127,25.55999999999767,-0.3499999999985448,0.013693270735468572
2026-08-16 17:20:00,20186.77,901.3,44672.3,49029.72,26.400000000001455,25.55999999999767,0.8400000000037835,0.032863849765409237
2026-08-16 17:21:00,20186.62,901.26,44672.16,49029.51,26.19000000000233,25.55999999999767,0.6300000000046566,0.02464788732412809
2026-08-16 17:22:00,20186.44,901.4,44671.92,49029.23,25.910000000003492,25.55999999999767,0.35000000000582077,0.013693270735753233
2026-08-16 17:23:00,20186.38,901.61,44671.82,49029.13,25.80999999999767,25.55999999999767,0.25,0.009780907668232502
2026-08-16 17:24:00,20186.68,901.35,44672.05,49029.45,26.12999999999738,25.549999999999272,0.5799999999981083,0.022700587084075335
2026-08-16 17:25:00,20186.88,901.56,44672.32,49029.78,26.459999999999127,25.540000000000873,0.9199999999982538,0.0360219263899069
2026-08-16 17:26:00,20187.15,901.7,44672.35,49029.92,26.599999999998545,25.534999999999854,1.0649999999986903,0.04170746034849017
2026-08-16 17:27:00,20186.92,901.8,44672.19,49029.68,26.360000000000582,25.529999999998836,0.8300000000017462,0.032510771641276304
2026-08-16 17:28:00,20186.65,902.06,44672.15,49029.53,26.209999999999127,25.524999999997817,0.6850000000013097,0.026836434867830293
2026-08-16 17:29:00,20186.35,902.45,44671.97,49029.25,25.93000000000029,25.5199999999968,0.41000000000349246,0.016065830721142003
2026-08-16 17:30:00,20186.77,902.19,44672.02,49029.47,26.150000000001455,25.514999999999418,0.6350000000020373,0.024887321183697894
2026-08-16 17:31:00,20186.63,902.38,44671.91,49029.31,25.989999999997963,25.510000000002037,0.47999999999592546,0.018816150529043008
2026-08-16 17:32:00,20186.62,902.52,44671.77,49029.19,25.87000000000262,25.5,0.37000000000261934,0.014509803921671347
2026-08-16 17:33:00,20186.65,902.78,44671.71,49029.16,25.840000000003783,25.489999999997963,0.35000000000582077,0.013730874853112937
2026-08-16 17:34:00,20186.61,903.02,44671.83,49029.24,25.919999999998254,25.474999999998545,0.44499999999970896,0.017468105986250614
2026-08-16 17:35:00,20187.0,902.77,44672.24,49029.77,26.44999999999709,25.459999999999127,0.9899999999979627,0.03888452474461888
2026-08-16 17:36:00,20186.85,902.82,44672.11,49029.58,26.260000000002037,25.459999999999127,0.8000000000029104,0.03142183817764878
2026-08-16 17:37:00,20187.05,902.8,44672.26,49029.82,26.5,25.459999999999127,1.0400000000008731,0.040848389630829096
2026-08-16 17:38:00,20187.18,902.92,44672.35,49029.95,26.62999999999738,25.45499999999811,1.1749999999992724,0.0461598900019391
2026-08-16 17:39:00,20187.21,902.98,44672.4,49030.0,26.68000000000029,25.44999999999709,1.2300000000032014,0.04833005893922759
2026-08-16 17:40:00,20187.33,902.72,44672.36,49030.01,26.69000000000233,25.424999999999272,1.265000000003056,0.0497541789578404
2026-08-16 17:41:00,20187.97,902.97,44672.65,49030.55,27.2300000000032,25.400000000001455,1.8300000000017462,0.0720472440945528
2026-08-16 17:42:00,20188.35,902.82,44672.41,49030.5,27.18000000000029,25.400000000001455,1.7799999999988358,0.07007874015743047
2026-08-16 17:43:00,20188.56,902.89,44672.26,49030.42,27.099999999998545,25.400000000001455,1.6999999999970896,0.0669291338581493
2026-08-16 17:44:00,20188.36,903.14,44672.09,49030.2,26.87999999999738,25.385000000002037,1.4949999999953434,0.05889304707485615
2026-08-16 17:45:00,20188.4,903.13,44672.45,49030.55,27.2300000000032,25.37000000000262,1.860000000000582,0.07331493890423295
2026-08-16 17:46:00,20188.19,903.29,44672.42,49030.42,27.099999999998545,25.350000000002183,1.749999999996362,0.06903353057184265
2026-08-16 17:47:00,20187.97,903.41,44671.9,49029.87,26.55000000000291,25.330000000001746,1.2200000000011642,0.048164232135849985
2026-08-16 17:48:00,20188.41,903.44,44672.53,49030.62,27.30000000000291,25.325000000000728,1.9750000000021828,0.07798617966444722
2026-08-16 17:49:00,20188.41,903.45,44672.47,49030.56,27.239999999997963,25.31999999999971,1.9199999999982538,0.07582938388618783
2026-08-16 17:50:00,20188.3,903.69,44672.27,49030.34,27.0199999999968,25.30500000000029,1.7149999999965075,0.0677731673580908
2026-08-16 17:51:00,20188.76,903.56,44672.63,49030.85,27.529999999998836,25.290000000000873,2.2399999999979627,0.08857255832336439
2026-08-16 17:52:00,20188.59,903.94,44672.56,49030.73,27.410000000003492,25.270000000000437,2.140000000003056,0.08468539770490775
2026-08-16 17:53:00,20188.14,904.21,44672.32,49030.32,27.0,25.25,1.75,0.06930693069306931
2026-08-16 17:54:00,20188.25,904.16,44672.42,49030.45,27.12999999999738,25.229999999999563,1.8999999999978172,0.07530717399912208
2026-08-16 17:55:00,20188.57,904.2,44672.64,49030.78,27.459999999999127,25.209999999999127,2.25,0.08925029750099477
2026-08-16 17:56:00,20188.45,904.6,44672.59,49030.69,27.37000000000262,25.209999999999127,2.1600000000034925,0.0856802856010935
2026-08-16 17:57:00,20188.73,904.54,44672.75,49030.98,27.660000000003492,25.209999999999127,2.4500000000043656,0.09718365727903414
2026-08-16 17:58:00,20188.43,904.55,44672.51,49030.63,27.30999999999767,25.19499999999971,2.1149999999979627,0.08394522722754463
2026-08-16 17:59:00,20188.45,904.56,44672.51,49030.63,27.30999999999767,25.18000000000029,2.1299999999973807,0.08459094519449388
2026-08-16 18:00:00,20188.62,904.75,44672.48,49030.67,27.349999999998545,25.154999999998836,2.194999999999709,0.08725899423573089
2026-08-16 18:01:00,20188.87,904.82,44672.48,49030.77,27.44999999999709,25.12999999999738,2.319999999999709,0.09231993633107644
2026-08-16 18:02:00,20188.88,904.8,44672.22,49030.56,27.239999999997963,25.125,2.1149999999979627,0.08417910447753085
2026-08-16 18:03:00,20189.39,904.7,44672.46,49030.97,27.650000000001455,25.12000000000262,2.529999999998836,0.10071656050949729
2026-08-16 18:04:00,20189.72,904.72,44672.53,49031.17,27.849999999998545,25.1050000000032,2.7449999999953434,0.10934076877096169
2026-08-16 18:05:00,20190.01,904.67,44672.65,49031.4,28.080000000001746,25.090000000003783,2.9899999999979627,0.11917098445585939
2026-08-16 18:06:00,20190.22,904.63,44672.73,49031.56,28.239999999997963,25.070000000003347,3.169999999994616,0.12644595133602682
2026-08-16 18:07:00,20190.57,904.52,44672.9,49031.86,28.540000000000873,25.05000000000291,3.4899999999979627,0.13932135728533163
2026-08-16 18:08:00,20190.57,904.66,44672.83,49031.79,28.470000000001164,25.025000000001455,3.444999999999709,0.13766233766231803
2026-08-16 18:09:00,20191.05,904.72,44673.2,49032.31,28.989999999997963,25.0,3.9899999999979627,0.1595999999999185
2026-08-16 18:10:00,20190.96,904.72,44673.05,49032.14,28.81999999999971,24.974999999998545,3.845000000001164,0.15395395395400954
2026-08-16 18:11:00,20190.55,905.21,44672.69,49031.65,28.330000000001746,24.94999999999709,3.3800000000046566,0.13547094188396996
2026-08-16 18:12:00,20191.43,904.62,44673.28,49032.56,29.239999999997963,24.93999999999869,4.299999999999272,0.17241379310342816
2026-08-16 18:13:00,20191.64,904.56,44673.6,49032.92,29.599999999998545,24.93000000000029,4.669999999998254,0.18732450862407538
2026-08-16 18:14:00,20191.21,904.84,44673.27,49032.45,29.12999999999738,24.92000000000189,4.209999999995489,0.16894060995165205
2026-08-16 18:15:00,20191.15,904.83,44673.11,49032.28,28.959999999999127,24.910000000003492,4.049999999995634,0.16258530710538205
2026-08-16 18:16:00,20191.48,904.69,44673.37,49032.64,29.31999999999971,24.88000000000102,4.43999999999869,0.17845659163981142
2026-08-16 18:17:00,20190.88,904.83,44672.86,49031.94,28.62000000000262,24.849999999998545,3.7700000000040745,0.15171026156958936
2026-08-16 18:18:00,20191.29,904.53,44673.04,49032.28,28.959999999999127,24.845000000001164,4.114999999997963,0.1656268866974349
2026-08-16 18:19:00,20191.2,904.58,44673.09,49032.28,28.959999999999127,24.840000000003783,4.119999999995343,0.1658615136873879
2026-08-16 18:20:00,20191.26,904.5,44673.08,49032.29,28.970000000001164,24.820000000003347,4.149999999997817,0.16720386784839877
2026-08-16 18:21:00,20191.51,904.38,44673.14,49032.45,29.12999999999738,24.80000000000291,4.32999999999447,0.17459677419330494
2026-08-16 18:22:00,20191.72,904.17,44673.46,49032.85,29.529999999998836,24.79500000000189,4.734999999996944,0.19096592054835987
2026-08-16 18:23:00,20191.33,904.43,44673.13,49032.38,29.05999999999767,24.790000000000873,4.269999999996799,0.17224687373927586
2026-08-16 18:24:00,20191.21,904.64,44673.02,49032.23,28.910000000003492,24.790000000000873,4.120000000002619,0.16619604679316152
2026-08-16 18:25:00,20191.61,904.38,44673.04,49032.41,29.090000000003783,24.790000000000873,4.30000000000291,0.1734570391287922
2026-08-16 18:26:00,20191.92,904.35,44673.14,49032.63,29.30999999999767,24.784999999999854,4.524999999997817,0.18257010288472236
2026-08-16 18:27:00,20191.97,904.14,44673.15,49032.65,29.330000000001746,24.779999999998836,4.55000000000291,0.18361581920916561
2026-08-16 18:28:00,20191.84,904.35,44673.15,49032.6,29.279999999998836,24.774999999997817,4.505000000001019,0.1818365287588866
2026-08-16 18:29:00,20191.61,904.48,44672.85,49032.23,28.910000000003492,24.7699999999968,4.140000000006694,0.16713766653238712
2026-08-16 18:30:00,20191.05,904.69,44672.06,49031.28,27.959999999999127,24.764999999999418,3.194999999999709,0.12901271956389196
2026-08-16 18:31:00,20192.51,903.97,44673.18,49032.89,29.56999999999971,24.760000000002037,4.809999999997672,0.194264943457079
2026-08-16 18:32:00,20192.39,904.05,44673.24,49032.9,29.580000000001746,24.715000000000146,4.865000000001601,0.19684402184914312
2026-08-16 18:33:00,20192.31,903.98,44673.14,49032.78,29.459999999999127,24.669999999998254,4.790000000000873,0.19416295095262312
2026-08-16 18:34:00,20192.55,904.02,44673.36,49033.06,29.739999999997963,24.645000000000437,5.094999999997526,0.20673564617559081
2026-08-16 18:35:00,20192.59,904.02,44673.35,49033.07,29.75,24.62000000000262,5.129999999997381,0.20836718115340516
2026-08-16 18:36:00,20192.58,904.3,44673.29,49033.03,29.709999999999127,24.56500000000233,5.144999999996799,0.20944433136561413
2026-08-16 18:37:00,20192.36,904.49,44673.13,49032.8,29.4800000000032,24.510000000002037,4.970000000001164,0.2027743778050082
2026-08-16 18:38:00,20192.2,904.7,44673.13,49032.74,29.419999999998254,24.4900000000016,4.929999999996653,0.2013066557777187
2026-08-16 18:39:00,20192.15,904.48,44672.78,49032.41,29.090000000003783,24.470000000001164,4.620000000002619,0.18880261544758478
2026-08-16 18:40:00,20192.1,904.69,44673.03,49032.62,29.30000000000291,24.43500000000131,4.865000000001601,0.19909965213838102
2026-08-16 18:41:00,20192.71,904.33,44673.57,49033.36,30.040000000000873,24.400000000001455,5.639999999999418,0.2311475409835689
2026-08-16 18:42:00,20192.57,904.71,44673.31,49033.07,29.75,24.385000000002037,5.364999999997963,0.22001230264496677
2026-08-16 18:43:00,20192.64,904.62,44673.23,49033.02,29.69999999999709,24.37000000000262,5.32999999999447,0.218711530570123
2026-08-16 18:44:00,20192.85,904.57,44673.3,49033.17,29.849999999998545,24.31000000000131,5.539999999997235,0.227889757301396
2026-08-16 18:45:00,20192.69,904.8,44673.16,49032.96,29.639999999999418,24.25,5.389999999999418,0.2222680412370894
2026-08-16 18:46:00,20192.59,905.04,44672.99,49032.79,29.470000000001164,24.2400000000016,5.229999999999563,0.2157590759075585
2026-08-16 18:47:00,20192.83,905.27,44673.16,49033.05,29.7300000000032,24.2300000000032,5.5,0.22699133305816233
2026-08-16 18:48:00,20193.14,904.91,44673.47,49033.44,30.12000000000262,24.2300000000032,5.889999999999418,0.24308708212953528
2026-08-16 18:49:00,20193.04,904.94,44673.41,49033.35,30.029999999998836,24.2300000000032,5.799999999995634,0.23937267849751828
2026-08-16 18:50:00,20192.74,905.18,44673.17,49033.02,29.69999999999709,24.205000000001746,5.494999999995343,0.22701921090662866
2026-08-16 18:51:00,20192.56,904.99,44673.12,49032.88,29.55999999999767,24.18000000000029,5.379999999997381,0.22249793217524053
2026-08-16 18:52:00,20193.17,904.81,44673.6,49033.58,30.260000000002037,24.154999999998836,6.105000000003201,0.25274270337418736
2026-08-16 18:53:00,20193.12,904.71,44673.66,49033.59,30.2699999999968,24.12999999999738,6.139999999999418,0.25445503522586344
2026-08-16 18:54:00,20192.93,904.88,44673.58,49033.44,30.12000000000262,24.110000000000582,6.010000000002037,0.24927416009962225
2026-08-16 18:55:00,20192.62,904.97,44673.42,49033.17,29.849999999998545,24.090000000003783,5.759999999994761,0.23910336239077862
2026-08-16 18:56:00,20192.68,904.82,44673.44,49033.22,29.900000000001455,24.080000000001746,5.819999999999709,0.24169435215943882
2026-08-16 18:57:00,20192.81,904.57,44673.56,49033.38,30.05999999999767,24.06999999999971,5.989999999997963,0.24885749896128107
2026-08-16 18:58:00,20192.75,904.61,44673.63,49033.42,30.099999999998545,24.06999999999971,6.029999999998836,0.2505193186538807
2026-08-16 18:59:00,20192.65,904.75,44673.54,49033.28,29.959999999999127,24.06999999999971,5.889999999999418,0.2447029497299331
2026-08-16 19:00:00,20192.79,904.68,44673.54,49033.35,30.029999999998836,24.040000000000873,5.989999999997963,0.24916805324449856
2026-08-16 19:01:00,20192.82,904.57,44673.6,49033.41,30.090000000003783,24.010000000002037,6.080000000001746,0.2532278217409925
2026-08-16 19:02:00,20192.7,904.4,44673.47,49033.23,29.910000000003492,23.965000000000146,5.945000000003347,0.24807010223256043
2026-08-16 19:03:00,20192.94,904.79,44673.66,49033.52,30.19999999999709,23.919999999998254,6.279999999998836,0.2625418060200374
2026-08-16 19:04:00,20192.93,904.68,44673.53,49033.4,30.080000000001746,23.899999999997817,6.180000000003929,0.2585774058579286
2026-08-16 19:05:00,20193.32,904.5,44673.87,49033.86,30.540000000000873,23.87999999999738,6.6600000000034925,0.2788944723619859
2026-08-16 19:06:00,20193.23,904.38,44673.75,49033.71,30.389999999999418,23.86999999999898,6.520000000000437,0.2731462086301095
2026-08-16 19:07:00,20193.4,904.61,44673.75,49033.78,30.459999999999127,23.860000000000582,6.599999999998545,0.2766135792120027
2026-08-16 19:08:00,20193.58,904.59,44673.83,49033.95,30.62999999999738,23.840000000000146,6.789999999997235,0.284815436241493
2026-08-16 19:09:00,20193.68,904.36,44673.97,49034.11,30.790000000000873,23.81999999999971,6.970000000001164,0.2926112510495906
2026-08-16 19:10:00,20193.29,904.42,44673.79,49033.76,30.44000000000233,23.80500000000029,6.635000000002037,0.27872295736198094
2026-08-16 19:11:00,20193.55,904.15,44673.79,49033.89,30.56999999999971,23.790000000000873,6.779999999998836,0.284993694829701
2026-08-16 19:12:00,20193.5,904.23,44673.83,49033.89,30.56999999999971,23.764999999999418,6.805000000000291,0.28634546602147937
2026-08-16 19:13:00,20193.23,904.55,44673.6,49033.58,30.260000000002037,23.739999999997963,6.5200000000040745,0.2746419545073561
2026-08-16 19:14:00,20193.58,904.56,44673.89,49033.99,30.669999999998254,23.735000000000582,6.934999999997672,0.29218453760259117
2026-08-16 19:15:00,20193.34,904.75,44673.71,49033.73,30.410000000003492,23.7300000000032,6.680000000000291,0.28150021070372483
2026-08-16 19:16:00,20193.16,904.91,44673.42,49033.4,30.080000000001746,23.725000000002183,6.354999999999563,0.2678609062170276
2026-08-16 19:17:00,20193.22,904.92,44673.33,49033.34,30.0199999999968,23.720000000001164,6.299999999995634,0.2655986509272903
2026-08-16 19:18:00,20193.44,905.04,44673.53,49033.61,30.290000000000873,23.665000000000873,6.625,0.279949292203666
2026-08-16 19:19:00,20193.21,905.1,44673.28,49033.28,29.959999999999127,23.610000000000582,6.349999999998545,0.2689538331214904
2026-08-16 19:20:00,20193.57,905.01,44673.44,49033.58,30.260000000002037,23.575000000000728,6.68500000000131,0.28356309650057704
2026-08-16 19:21:00,20193.66,905.26,44673.61,49033.76,30.44000000000233,23.540000000000873,6.900000000001455,0.29311809685646556
2026-08-16 19:22:00,20193.75,905.14,44673.46,49033.69,30.37000000000262,23.514999999999418,6.855000000003201,0.29151605358296284
2026-08-16 19:23:00,20193.83,905.29,44673.6,49033.83,30.510000000002037,23.489999999997963,7.0200000000040745,0.29885057471284304
2026-08-16 19:24:00,20193.8,905.65,44673.25,49033.5,30.18000000000029,23.474999999998545,6.705000000001746,0.2856230031949803
2026-08-16 19:25:00,20193.98,905.45,44673.3,49033.62,30.30000000000291,23.459999999999127,6.8400000000037835,0.2915601023019624
2026-08-16 19:26:00,20193.91,905.4,44673.23,49033.53,30.209999999999127,23.43999999999869,6.770000000000437,0.28882252559730437
2026-08-16 19:27:00,20194.02,905.74,44673.16,49033.52,30.19999999999709,23.419999999998254,6.779999999998836,0.28949615713062943
2026-08-16 19:28:00,20194.41,905.73,44673.43,49033.93,30.610000000000582,23.364999999997963,7.245000000002619,0.31007917825821746
2026-08-16 19:29:00,20194.39,905.6,44673.52,49033.98,30.660000000003492,23.30999999999767,7.350000000005821,0.31531531531559653
2026-08-16 19:30:00,20194.48,905.76,44673.49,49033.99,30.669999999998254,23.235000000000582,7.434999999997672,0.31999139229599677
2026-08-16 19:31:00,20194.64,905.73,44673.39,49033.98,30.660000000003492,23.160000000003492,7.5,0.3238341968911429
2026-08-16 19:32:00,20194.9,905.46,44673.52,49034.2,30.87999999999738,23.1150000000016,7.76499999999578,0.33592905039996723
2026-08-16 19:33:00,20195.05,905.43,44673.66,49034.38,31.05999999999767,23.06999999999971,7.989999999997963,0.3463372345036005
2026-08-16 19:34:00,20195.17,905.15,44673.67,49034.44,31.12000000000262,23.044999999998254,8.075000000004366,0.3504013885877621
2026-08-16 19:35:00,20195.43,905.02,44673.83,49034.69,31.37000000000262,23.0199999999968,8.35000000000582,0.36272806255460394
2026-08-16 19:36:00,20195.42,905.15,44673.8,49034.67,31.349999999998545,22.94999999999709,8.400000000001455,0.36601307189553467
2026-08-16 19:37:00,20195.5,905.12,44673.66,49034.58,31.260000000002037,22.87999999999738,8.380000000004657,0.3662587412589867
2026-08-16 19:38:00,20195.51,905.47,44673.55,49034.47,31.150000000001455,22.864999999997963,8.285000000003492,0.36234419418343455
2026-08-16 19:39:00,20195.59,905.48,44673.48,49034.45,31.12999999999738,22.849999999998545,8.279999999998836,0.36236323851200714
2026-08-16 19:40:00,20195.99,905.73,44673.9,49035.0,31.68000000000029,22.799999999999272,8.880000000001019,0.3894736842105834
2026-08-16 19:41:00,20195.94,905.46,44673.95,49035.01,31.69000000000233,22.75,8.940000000002328,0.3929670329671353
2026-08-16 19:42:00,20195.5,905.35,44673.7,49034.6,31.279999999998836,22.75,8.529999999998836,0.3749450549450038
2026-08-16 19:43:00,20195.46,905.19,44673.77,49034.66,31.340000000003783,22.75,8.590000000003783,0.3775824175825839
2026-08-16 19:44:00,20195.25,905.08,44673.77,49034.55,31.2300000000032,22.75,8.480000000003201,0.37274725274739345
2026-08-16 19:45:00,20195.18,904.78,44673.54,49034.31,30.989999999997963,22.75,8.239999999997963,0.36219780219771264
2026-08-16 19:46:00,20195.62,904.75,44674.17,49035.06,31.739999999997963,22.700000000000728,9.039999999997235,0.3982378854624205
2026-08-16 19:47:00,20195.34,904.82,44673.79,49034.61,31.290000000000873,22.650000000001455,8.639999999999418,0.3814569536423339
2026-08-16 19:48:00,20195.1,904.99,44673.33,49034.11,30.790000000000873,22.635000000002037,8.154999999998836,0.36028274795662035
2026-08-16 19:49:00,20195.53,904.72,44673.61,49034.53,31.209999999999127,22.62000000000262,8.589999999996508,0.37975243147637106
2026-08-16 19:50:00,20195.45,905.05,44673.55,49034.44,31.12000000000262,22.600000000002183,8.520000000000437,0.3769911504424608
2026-08-16 19:51:00,20195.6,904.96,44673.55,49034.5,31.18000000000029,22.580000000001746,8.599999999998545,0.3808680248006147
2026-08-16 19:52:00,20195.96,905.06,44673.82,49034.91,31.590000000003783,22.575000000000728,9.015000000003056,0.39933554817288
2026-08-16 19:53:00,20195.82,905.19,44673.67,49034.71,31.389999999999418,22.56999999999971,8.819999999999709,0.39078422684979275
2026-08-16 19:54:00,20195.74,905.06,44673.47,49034.5,31.18000000000029,22.5099999999984,8.670000000001892,0.3851621501555979
2026-08-16 19:55:00,20196.4,905.08,44673.82,49035.08,31.760000000002037,22.44999999999709,9.310000000004948,0.41469933184882646
2026-08-16 19:56:00,20196.28,905.47,44673.64,49034.88,31.55999999999767,22.43000000000029,9.12999999999738,0.40704413731597244
2026-08-16 19:57:00,20196.13,905.87,44673.41,49034.61,31.290000000000873,22.410000000003492,8.87999999999738,0.39625167335992845
2026-08-16 19:58:00,20196.42,905.82,44673.36,49034.68,31.360000000000582,22.390000000003056,8.969999999997526,0.40062527914230917
2026-08-16 19:59:00,20196.51,905.78,44673.34,49034.7,31.37999999999738,22.37000000000262,9.009999999994761,0.40277156906543166
2026-08-16 20:00:00,20197.05,905.74,44673.59,49035.14,31.81999999999971,22.31999999999971,9.5,0.4256272401433747
2026-08-16 20:01:00,20197.2,905.94,44673.5,49035.12,31.80000000000291,22.2699999999968,9.530000000006112,0.42792995060653266
2026-08-16 20:02:00,20197.37,906.03,44673.36,49035.07,31.75,22.24499999999898,9.505000000001019,0.4272870307935021
2026-08-16 20:03:00,20197.28,905.87,44673.29,49034.98,31.660000000003492,22.220000000001164,9.440000000002328,0.42484248424850735
2026-08-16 20:04:00,20197.36,905.91,44673.24,49034.97,31.650000000001455,22.24499999999898,9.405000000002474,0.4227916385705958
2026-08-16 20:05:00,20197.59,905.73,44673.6,49035.38,32.05999999999767,22.2699999999968,9.790000000000873,0.43960484957351953
2026-08-16 20:06:00,20197.28,905.87,44673.23,49034.91,31.590000000003783,22.340000000000146,9.250000000003638,0.4140555058193186
2026-08-16 20:07:00,20197.41,905.84,44673.21,49034.96,31.639999999999418,22.410000000003492,9.229999999995925,0.4118697010260815
2026-08-16 20:08:00,20197.18,905.68,44673.35,49034.99,31.669999999998254,22.4900000000016,9.179999999996653,0.4081814139615829
2026-08-16 20:09:00,20196.85,905.5,44673.55,49035.01,31.69000000000233,22.56999999999971,9.12000000000262,0.40407620735501715
2026-08-16 20:10:00,20196.53,905.31,44673.62,49034.95,31.62999999999738,22.610000000000582,9.019999999996799,0.3989385227773802
2026-08-16 20:11:00,20196.01,905.21,44673.45,49034.58,31.260000000002037,22.650000000001455,8.610000000000582,0.3801324503311271
2026-08-16 20:12:00,20196.31,904.81,44673.8,49035.03,31.709999999999127,22.700000000000728,9.0099999999984,0.3969162995593881
2026-08-16 20:13:00,20196.14,904.78,44673.71,49034.87,31.55000000000291,22.75,8.80000000000291,0.3868131868133147
2026-08-16 20:14:00,20195.9,905.03,44673.51,49034.58,31.260000000002037,22.75,8.510000000002037,0.3740659340660236
2026-08-16 20:15:00,20196.16,905.03,44673.69,49034.86,31.540000000000873,22.75,8.790000000000873,0.38637362637366474
2026-08-16 20:16:00,20195.9,905.15,44673.6,49034.67,31.349999999998545,22.75,8.599999999998545,0.37802197802191406
2026-08-16 20:17:00,20195.6,905.24,44673.3,49034.27,30.94999999999709,22.75,8.19999999999709,0.36043956043943254
2026-08-16 20:18:00,20195.59,905.32,44673.23,49034.23,30.910000000003492,22.799999999999272,8.11000000000422,0.35570175438616136
2026-08-16 20:19:00,20195.79,905.16,44673.5,49034.54,31.220000000001164,22.849999999998545,8.37000000000262,0.36630196936556464
2026-08-16 20:20:00,20195.67,905.18,44673.36,49034.37,31.05000000000291,22.93499999999767,8.115000000005239,0.35382603008528724
2026-08-16 20:21:00,20195.67,905.1,44673.32,49034.33,31.010000000002037,23.0199999999968,7.990000000005239,0.34708948740253476
2026-08-16 20:22:00,20195.75,905.14,44673.35,49034.39,31.06999999999971,23.044999999998254,8.025000000001455,0.34823172054684587
2026-08-16 20:23:00,20195.66,904.85,44673.43,49034.43,31.110000000000582,23.06999999999971,8.040000000000873,0.3485045513654519
2026-08-16 20:24:00,20195.49,905.23,44673.35,49034.3,30.9800000000032,23.1150000000016,7.865000000001601,0.34025524551161823
2026-08-16 20:25:00,20195.51,905.23,44673.2,49034.18,30.860000000000582,23.160000000003492,7.69999999999709,0.332469775474781
2026-08-16 20:26:00,20195.65,905.15,44673.13,49034.15,30.830000000001746,23.235000000000582,7.595000000001164,0.32687755541213576
2026-08-16 20:27:00,20195.73,905.42,44673.15,49034.2,30.87999999999738,23.30999999999767,7.569999999999709,0.32475332475334473
2026-08-16 20:28:00,20195.94,905.28,44673.33,49034.46,31.139999999999418,23.399999999997817,7.740000000001601,0.33076923076933
2026-08-16 20:29:00,20195.81,905.26,44673.32,49034.39,31.06999999999971,23.489999999997963,7.580000000001746,0.3226905065986549
2026-08-16 20:30:00,20195.66,905.25,44673.28,49034.3,30.9800000000032,23.514999999999418,7.4650000000037835,0.3174569423773748
2026-08-16 20:31:00,20195.58,905.14,44673.22,49034.22,30.900000000001455,23.540000000000873,7.360000000000582,0.31265930331352204
2026-08-16 20:32:00,20195.79,905.12,44673.41,49034.5,31.18000000000029,23.575000000000728,7.604999999999563,0.3225874867444042
2026-08-16 20:33:00,20195.6,905.37,44673.38,49034.36,31.040000000000873,23.610000000000582,7.430000000000291,0.31469716221940314
2026-08-16 20:34:00,20195.47,905.46,44673.34,49034.28,30.959999999999127,23.715000000000146,7.244999999998981,0.30550284629976543
2026-08-16 20:35:00,20195.47,905.37,44673.45,49034.37,31.05000000000291,23.81999999999971,7.230000000003201,0.3035264483628585
2026-08-16 20:36:00,20195.39,905.27,44673.39,49034.28,30.959999999999127,23.840000000000146,7.119999999998981,0.2986577181207608
2026-08-16 20:37:00,20195.37,905.36,44673.36,49034.26,30.94000000000233,23.860000000000582,7.080000000001746,0.29673093042755966
2026-08-16 20:38:00,20195.39,905.3,44673.46,49034.36,31.040000000000873,23.86999999999898,7.170000000001892,0.30037704231261825
2026-08-16 20:39:00,20195.12,905.58,44673.38,49034.18,30.860000000000582,23.87999999999738,6.980000000003201,0.29229480737035035
2026-08-16 20:40:00,20195.15,905.4,44673.34,49034.15,30.830000000001746,23.899999999997817,6.930000000003929,0.2899581589960068
2026-08-16 20:41:00,20195.46,905.09,44673.71,49034.61,31.290000000000873,23.919999999998254,7.370000000002619,0.3081103678931086
2026-08-16 20:42:00,20195.3,904.93,44673.66,49034.5,31.18000000000029,23.99499999999898,7.18500000000131,0.29943738278814813
2026-08-16 20:43:00,20195.11,904.9,44673.57,49034.35,31.029999999998836,24.06999999999971,6.959999999999127,0.28915662650599133
2026-08-16 20:44:00,20195.23,904.75,44673.65,49034.47,31.150000000001455,24.080000000001746,7.069999999999709,0.2936046511627573
2026-08-16 20:45:00,20195.0,904.76,44673.68,49034.4,31.080000000001746,24.090000000003783,6.989999999997963,0.2901618929014888
2026-08-16 20:46:00,20194.84,904.98,44673.49,49034.16,30.840000000003783,24.110000000000582,6.730000000003201,0.27913728743272664
2026-08-16 20:47:00,20194.24,905.17,44673.0,49033.48,30.160000000003492,24.12999999999738,6.030000000006112,0.24989639452991158
2026-08-16 20:48:00,20195.0,904.69,44673.57,49034.31,30.989999999997963,24.18000000000029,6.809999999997672,0.2816377171214884
2026-08-16 20:49:00,20194.61,904.68,44673.59,49034.14,30.81999999999971,24.2300000000032,6.5899999999965075,0.27197688815499943
2026-08-16 20:50:00,20194.33,904.78,44673.29,49033.76,30.44000000000233,24.2300000000032,6.209999999999127,0.2562938505983618
2026-08-16 20:51:00,20194.69,904.46,44673.78,49034.34,31.0199999999968,24.2300000000032,6.789999999993597,0.28023111844790344
2026-08-16 20:52:00,20194.66,904.55,44673.76,49034.32,31.0,24.30000000000291,6.69999999999709,0.2757201646089007
2026-08-16 20:53:00,20194.4,904.63,44673.63,49034.1,30.779999999998836,24.37000000000262,6.4099999999962165,0.26302831350002165
2026-08-16 20:54:00,20193.99,904.67,44673.34,49033.68,30.360000000000582,24.385000000002037,5.974999999998545,0.2450276809513244
2026-08-16 20:55:00,20194.22,904.48,44673.65,49034.04,30.720000000001164,24.400000000001455,6.319999999999709,0.2590163934425956
2026-08-16 20:56:00,20194.24,904.42,44673.64,49034.03,30.709999999999127,24.43500000000131,6.274999999997817,0.2568037650909548
2026-08-16 20:57:00,20194.1,904.43,44673.63,49033.95,30.62999999999738,24.470000000001164,6.1599999999962165,0.2517368205964824
2026-08-16 20:58:00,20193.98,904.67,44673.38,49033.68,30.360000000000582,24.54500000000189,5.81499999999869,0.2369117946627925
2026-08-16 20:59:00,20194.24,904.79,44673.65,49034.04,30.720000000001164,24.62000000000262,6.099999999998545,0.24776604386668952
2026-08-16 21:00:00,20193.63,905.25,44673.16,49033.34,30.0199999999968,24.645000000000437,5.374999999996362,0.2180969770743058
2026-08-16 21:01:00,20193.78,905.19,44673.18,49033.43,30.110000000000582,24.669999999998254,5.440000000002328,0.22051074179175975
2026-08-16 21:02:00,20193.66,905.36,44673.07,49033.3,29.9800000000032,24.715000000000146,5.265000000003056,0.2130285251872557
2026-08-16 21:03:00,20193.77,905.34,44673.02,49033.31,29.989999999997963,24.760000000002037,5.2299999999959255,0.2112277867526452
2026-08-16 21:04:00,20194.19,905.25,44673.5,49033.91,30.590000000003783,24.770000000000437,5.820000000003347,0.23496164715394607
2026-08-16 21:05:00,20194.38,905.5,44673.44,49033.93,30.610000000000582,24.779999999998836,5.830000000001746,0.23527037933825748
2026-08-16 21:06:00,20193.8,905.33,44673.28,49033.53,30.209999999999127,24.784999999999854,5.424999999999272,0.21888238854142847
2026-08-16 21:07:00,20194.08,905.17,44673.53,49033.89,30.56999999999971,24.790000000000873,5.779999999998836,0.23315853166593917
2026-08-16 21:08:00,20194.31,905.3,44673.45,49033.9,30.580000000001746,24.79500000000189,5.7849999999998545,0.23331316797739113
2026-08-16 21:09:00,20193.75,905.24,44673.34,49033.57,30.25,24.80000000000291,5.44999999999709,0.2197580645159859
2026-08-16 21:10:00,20193.94,905.62,44673.34,49033.66,30.340000000003783,24.825000000000728,5.515000000003056,0.22215508559931094
2026-08-16 21:11:00,20193.88,905.47,44673.39,49033.68,30.360000000000582,24.849999999998545,5.510000000002037,0.22173038229385755
2026-08-16 21:12:00,20193.58,905.09,44673.46,49033.62,30.30000000000291,24.88000000000102,5.420000000001892,0.21784565916405427
2026-08-16 21:13:00,20193.9,905.49,44673.23,49033.54,30.220000000001164,24.910000000003492,5.309999999997672,0.21316740264941497
2026-08-16 21:14:00,20193.17,905.21,44673.11,49033.12,29.80000000000291,24.93000000000029,4.870000000002619,0.1953469715203595
2026-08-16 21:15:00,20193.63,904.82,44673.39,49033.56,30.239999999997963,24.94999999999709,5.290000000000873,0.2120240480962521
2026-08-16 21:16:00,20193.65,904.89,44673.4,49033.57,30.25,24.974999999998545,5.275000000001455,0.21121121121128178
2026-08-16 21:17:00,20193.42,905.05,44673.33,49033.43,30.110000000000582,25.0,5.110000000000582,0.20440000000002329
2026-08-16 21:18:00,20193.39,905.09,44673.2,49033.3,29.9800000000032,25.04500000000189,4.93500000000131,0.19704531842686912
2026-08-16 21:19:00,20193.06,904.88,44673.2,49033.17,29.849999999998545,25.090000000003783,4.759999999994761,0.18971701873232538
2026-08-16 21:20:00,20193.11,904.94,44673.16,49033.15,29.830000000001746,25.1050000000032,4.724999999998545,0.18820952001585112
2026-08-16 21:21:00,20192.88,904.93,44673.17,49033.07,29.75,25.12000000000262,4.629999999997381,0.18431528662408034
2026-08-16 21:22:00,20192.88,904.64,44673.36,49033.23,29.910000000003492,25.125,4.7850000000034925,0.19044776119416884
2026-08-16 21:23:00,20193.15,904.78,44673.45,49033.42,30.099999999998545,25.12999999999738,4.970000000001164,0.19777158774379952
2026-08-16 21:24:00,20192.92,905.01,44673.27,49033.17,29.849999999998545,25.169999999998254,4.680000000000291,0.18593563766391005
2026-08-16 21:25:00,20192.82,905.02,44673.0,49032.88,29.55999999999767,25.209999999999127,4.349999999998545,0.17255057516853214
2026-08-16 21:26:00,20192.91,905.17,44672.94,49032.86,29.540000000000873,25.209999999999127,4.330000000001746,0.17175723919087252
2026-08-16 21:27:00,20192.86,905.67,44672.85,49032.8,29.4800000000032,25.209999999999127,4.2700000000040745,0.169377231257605
2026-08-16 21:28:00,20192.74,905.97,44672.77,49032.69,29.37000000000262,25.229999999999563,4.140000000003056,0.164090368608923
2026-08-16 21:29:00,20193.02,906.05,44672.71,49032.73,29.410000000003492,25.25,4.1600000000034925,0.16475247524766307
2026-08-16 21:30:00,20192.61,905.83,44672.61,49032.46,29.139999999999418,25.325000000000728,3.8149999999986903,0.15064165844022037
2026-08-16 21:31:00,20192.79,905.92,44672.7,49032.62,29.30000000000291,25.400000000001455,3.900000000001455,0.15354330708666267
2026-08-16 21:32:00,20193.29,906.7,44672.59,49032.74,29.419999999998254,25.43000000000029,3.9899999999979627,0.15690129767982372
2026-08-16 21:33:00,20192.31,906.22,44672.72,49032.43,29.110000000000582,25.459999999999127,3.650000000001455,0.14336213668505815
2026-08-16 21:34:00,20192.86,906.73,44672.69,49032.64,29.31999999999971,25.489999999997963,3.8300000000017462,0.15025500196163408
2026-08-16 21:35:00,20192.89,907.36,44672.55,49032.54,29.220000000001164,25.5199999999968,3.7000000000043656,0.14498432601899802
2026-08-16 21:36:00,20192.4,906.84,44672.49,49032.28,28.959999999999127,25.529999999998836,3.430000000000291,0.13435174304741274
2026-08-16 21:37:00,20192.71,907.14,44672.7,49032.61,29.290000000000873,25.540000000000873,3.75,0.14682850430696445
2026-08-16 21:38:00,20192.96,907.41,44672.41,49032.45,29.12999999999738,25.549999999999272,3.5799999999981083,0.14011741682967555
2026-08-16 21:39:00,20192.47,906.68,44672.78,49032.57,29.25,25.55999999999767,3.6900000000023283,0.14436619718320284
2026-08-16 21:40:00,20193.1,906.93,44672.98,49033.01,29.69000000000233,25.594999999997526,4.095000000004802,0.1599921859740261
2026-08-16 21:41:00,20192.53,907.26,44672.57,49032.42,29.099999999998545,25.62999999999738,3.470000000001164,0.13538821693334058
2026-08-16 21:42:00,20192.16,906.82,44672.69,49032.37,29.05000000000291,25.639999999999418,3.4100000000034925,0.13299531981293175
2026-08-16 21:43:00,20192.64,906.52,44673.1,49032.91,29.590000000003783,25.650000000001455,3.9400000000023283,0.15360623781684618
2026-08-16 21:44:00,20192.57,906.79,44673.04,49032.83,29.510000000002037,25.665000000000873,3.845000000001164,0.14981492304699137
2026-08-16 21:45:00,20192.48,906.53,44672.85,49032.61,29.290000000000873,25.68000000000029,3.610000000000582,0.14057632398756
2026-08-16 21:46:00,20192.22,906.48,44673.01,49032.66,29.340000000003783,25.68999999999869,3.650000000005093,0.14207862981725494
2026-08-16 21:47:00,20192.95,907.08,44672.93,49032.91,29.590000000003783,25.69999999999709,3.890000000006694,0.15136186770455776
2026-08-16 21:48:00,20192.7,906.66,44672.8,49032.67,29.349999999998545,25.719999999997526,3.6300000000010186,0.14113530326599408
2026-08-16 21:49:00,20192.11,906.23,44673.08,49032.67,29.349999999998545,25.739999999997963,3.610000000000582,0.14024864024867395
2026-08-16 21:50:00,20193.05,906.99,44672.86,49032.86,29.540000000000873,25.764999999999418,3.775000000001455,0.14651659227640368
2026-08-16 21:51:00,20192.69,906.59,44672.82,49032.67,29.349999999998545,25.790000000000873,3.5599999999976717,0.13803799922441068
2026-08-16 21:52:00,20192.63,906.62,44672.94,49032.77,29.44999999999709,25.79500000000189,3.654999999995198,0.14169412676855708
2026-08-16 21:53:00,20193.2,906.63,44672.96,49033.0,29.68000000000029,25.80000000000291,3.8799999999973807,0.15038759689910633
2026-08-16 21:54:00,20192.95,906.27,44672.91,49032.86,29.540000000000873,25.80500000000029,3.735000000000582,0.1447393915907979
2026-08-16 21:55:00,20193.06,906.26,44673.0,49032.97,29.650000000001455,25.80999999999767,3.8400000000037835,0.14877954281302325
2026-08-16 21:56:00,20192.94,906.06,44672.98,49032.9,29.580000000001746,25.825000000000728,3.7550000000010186,0.1454017424976152
2026-08-16 21:57:00,20193.12,905.72,44673.09,49033.08,29.760000000002037,25.840000000003783,3.9199999999982538,0.1517027863776192
2026-08-16 21:58:00,20193.25,905.74,44673.02,49033.07,29.75,25.840000000003783,3.9099999999962165,0.15131578947351562
2026-08-16 21:59:00,20192.92,905.59,44673.08,49032.99,29.669999999998254,25.840000000003783,3.8299999999944703,0.14821981424125036
2026-08-16 22:00:00,20193.03,905.88,44673.25,49033.21,29.889999999999418,25.8550000000032,4.0349999999962165,0.15606265712611553
2026-08-16 22:01:00,20192.99,905.63,44673.17,49033.08,29.760000000002037,25.87000000000262,3.889999999999418,0.1503672207189418
2026-08-16 22:02:00,20192.8,905.51,44673.12,49032.98,29.660000000003492,25.875,3.7850000000034925,0.14628019323684996
2026-08-16 22:03:00,20192.59,905.61,44673.09,49032.86,29.540000000000873,25.87999999999738,3.6600000000034925,0.14142194744991743
2026-08-16 22:04:00,20192.48,905.65,44673.02,49032.75,29.43000000000029,25.895000000000437,3.5349999999998545,0.13651284031665553
2026-08-16 22:05:00,20192.43,905.66,44673.07,49032.78,29.459999999999127,25.910000000003492,3.5499999999956344,0.13701273639502726
2026-08-16 22:06:00,20192.29,906.01,44673.0,49032.66,29.340000000003783,25.915000000000873,3.4250000000029104,0.13216284005413062
2026-08-16 22:07:00,20191.82,905.58,44673.04,49032.5,29.18000000000029,25.919999999998254,3.2600000000020373,0.12577160493835868
2026-08-16 22:08:00,20192.14,905.8,44673.11,49032.71,29.389999999999418,25.924999999999272,3.4650000000001455,0.1336547733847731
2026-08-16 22:09:00,20192.34,905.98,44672.99,49032.68,29.360000000000582,25.93000000000029,3.430000000000291,0.13227921326649644
2026-08-16 22:10:00,20191.7,905.79,44673.01,49032.43,29.110000000000582,25.93500000000131,3.1749999999992724,0.12242143821087766
2026-08-16 22:11:00,20192.05,906.02,44673.04,49032.59,29.2699999999968,25.94000000000233,3.3299999999944703,0.12837316885097036
2026-08-16 22:12:00,20191.78,905.93,44672.92,49032.38,29.05999999999767,25.94499999999971,3.1149999999979627,0.12006166891493535
2026-08-16 22:13:00,20191.92,905.81,44672.99,49032.5,29.18000000000029,25.94999999999709,3.2300000000032014,0.12447013487489648
2026-08-16 22:14:00,20192.04,906.01,44672.9,49032.47,29.150000000001455,25.95499999999811,3.195000000003347,0.1230976690427116
2026-08-16 22:15:00,20191.77,905.83,44672.96,49032.4,29.080000000001746,25.959999999999127,3.1200000000026193,0.12018489984602174
2026-08-16 22:16:00,20191.88,905.87,44673.03,49032.53,29.209999999999127,25.959999999999127,3.25,0.12519260400616755
2026-08-16 22:17:00,20191.89,905.82,44673.06,49032.56,29.239999999997963,25.959999999999127,3.279999999998836,0.1263482280431027
2026-08-16 22:18:00,20191.91,905.84,44673.05,49032.55,29.2300000000032,25.970000000001164,3.2600000000020373,0.12552945706591803
2026-08-16 22:19:00,20191.94,905.97,44673.02,49032.53,29.209999999999127,25.9800000000032,3.2299999999959255,0.12432640492669467
2026-08-16 22:20:00,20191.79,906.03,44672.97,49032.42,29.099999999998545,25.985000000000582,3.1149999999979627,0.11987685202993623
2026-08-16 22:21:00,20191.71,905.92,44673.03,49032.45,29.12999999999738,25.989999999997963,3.139999999999418,0.12081569834550458
2026-08-16 22:22:00,20191.66,905.98,44673.05,49032.46,29.139999999999418,25.989999999997963,3.150000000001455,0.12120046171611012
2026-08-16 22:23:00,20191.34,906.22,44672.98,49032.25,28.93000000000029,25.989999999997963,2.9400000000023283,0.11312043093507344
2026-08-16 22:24:00,20191.21,906.39,44673.0,49032.22,28.900000000001455,26.014999999999418,2.8850000000020373,0.11089755910059973
2026-08-16 22:25:00,20191.14,906.45,44672.95,49032.15,28.830000000001746,26.040000000000873,2.790000000000873,0.10714285714288709
2026-08-16 22:26:00,20191.22,906.71,44672.98,49032.23,28.910000000003492,26.084999999999127,2.8250000000043656,0.10829978915102396
2026-08-16 22:27:00,20191.25,906.93,44672.82,49032.11,28.790000000000873,26.12999999999738,2.6600000000034925,0.10179869881376805
2026-08-16 22:28:00,20190.6,906.69,44672.97,49031.98,28.660000000003492,26.139999999999418,2.5200000000040745,0.09640397857705167
2026-08-16 22:29:00,20191.45,907.27,44672.94,49032.29,28.970000000001164,26.150000000001455,2.819999999999709,0.10783938814529835
2026-08-16 22:30:00,20190.3,906.95,44672.95,49031.81,28.489999999997963,26.159999999999854,2.3299999999981083,0.08906727828738996
2026-08-16 22:31:00,20190.69,907.26,44673.09,49032.12,28.80000000000291,26.169999999998254,2.6300000000046566,0.10049675200629851
2026-08-16 22:32:00,20190.83,908.2,44672.8,49031.92,28.599999999998545,26.18000000000029,2.4199999999982538,0.09243697478984823
2026-08-16 22:33:00,20189.03,908.52,44672.7,49031.12,27.80000000000291,26.19000000000233,1.610000000000582,0.06147384497901638
2026-08-16 22:34:00,20191.18,909.9,44672.61,49031.94,28.62000000000262,26.200000000000728,2.4200000000018917,0.0923664122138101
2026-08-16 22:35:00,20189.2,909.44,44672.54,49031.05,27.7300000000032,26.209999999999127,1.5200000000040745,0.0579931323923741
2026-08-16 22:36:00,20190.38,910.15,44672.64,49031.64,28.31999999999971,26.235000000000582,2.084999999999127,0.07947398513432745
2026-08-16 22:37:00,20190.42,910.52,44672.61,49031.64,28.31999999999971,26.260000000002037,2.0599999999976717,0.0784463061689837
2026-08-16 22:38:00,20190.02,910.86,44672.71,49031.57,28.25,26.260000000002037,1.9899999999979627,0.07578065498849232
2026-08-16 22:39:00,20191.43,911.91,44672.45,49031.91,28.590000000003783,26.260000000002037,2.3300000000017462,0.08872810357964835
2026-08-16 22:40:00,20190.23,911.49,44672.51,49031.48,28.160000000003492,26.31000000000131,1.8500000000021828,0.07031546940334818
2026-08-16 22:41:00,20191.22,912.48,44672.31,49031.71,28.389999999999418,26.360000000000582,2.029999999998836,0.0770106221547341
2026-08-16 22:42:00,20191.35,911.94,44672.34,49031.78,28.459999999999127,26.38000000000102,2.0799999999981083,0.07884761182706702
2026-08-16 22:43:00,20191.6,911.9,44672.56,49032.09,28.7699999999968,26.400000000001455,2.3699999999953434,0.08977272727254594
2026-08-16 22:44:00,20192.09,912.39,44672.42,49032.16,28.840000000003783,26.400000000001455,2.4400000000023283,0.09242424242432552
2026-08-16 22:45:00,20191.61,912.11,44672.46,49032.01,28.69000000000233,26.400000000001455,2.290000000000873,0.08674242424245253
2026-08-16 22:46:00,20192.26,912.19,44672.54,49032.35,29.029999999998836,26.409999999999854,2.6199999999989814,0.09920484664895857
2026-08-16 22:47:00,20192.07,911.81,44672.57,49032.28,28.959999999999127,26.419999999998254,2.540000000000873,0.09613928841790466
2026-08-16 22:48:00,20192.3,911.73,44672.74,49032.53,29.209999999999127,26.424999999999272,2.7849999999998545,0.1053926206244061
2026-08-16 22:49:00,20192.62,911.56,44672.74,49032.66,29.340000000003783,26.43000000000029,2.9100000000034925,0.11010215664031255
2026-08-16 22:50:00,20192.32,911.11,44672.91,49032.68,29.360000000000582,26.43999999999869,2.9200000000018917,0.11043872919826159
2026-08-16 22:51:00,20192.79,911.36,44672.87,49032.85,29.529999999998836,26.44999999999709,3.0800000000017462,0.11644612476378394
2026-08-16 22:52:00,20192.84,910.85,44672.89,49032.88,29.55999999999767,26.44999999999709,3.110000000000582,0.11758034026468522
2026-08-16 22:53:00,20192.51,910.32,44673.12,49032.96,29.639999999999418,26.44999999999709,3.1900000000023283,0.12060491493393873
2026-08-16 22:54:00,20193.26,910.55,44673.1,49033.24,29.919999999998254,26.45499999999811,3.4650000000001455,0.13097713097714583
2026-08-16 22:55:00,20193.0,910.14,44673.08,49033.11,29.790000000000873,26.459999999999127,3.3300000000017462,0.12585034013612456
2026-08-16 22:56:00,20192.99,909.71,44673.25,49033.24,29.919999999998254,26.474999999998545,3.444999999999709,0.1301227573182209
2026-08-16 22:57:00,20193.39,909.49,44673.25,49033.42,30.099999999998545,26.489999999997963,3.610000000000582,0.1362778406946342
2026-08-16 22:58:00,20193.25,909.09,44673.3,49033.41,30.090000000003783,26.49499999999898,3.595000000004802,0.13568597848669336
2026-08-16 22:59:00,20193.07,908.85,44673.4,49033.41,30.090000000003783,26.5,3.5900000000037835,0.13547169811335033
2026-08-16 23:00:00,20193.08,908.77,44673.35,49033.37,30.05000000000291,26.5,3.5500000000029104,0.13396226415105322
2026-08-16 23:01:00,20193.02,908.59,44673.42,49033.42,30.099999999998545,26.5,3.599999999998545,0.13584905660371868
2026-08-16 23:02:00,20193.03,908.99,44673.35,49033.38,30.05999999999767,26.5099999999984,3.5499999999992724,0.1339117314220855
2026-08-16 23:03:00,20192.89,908.96,44673.22,49033.19,29.87000000000262,26.5199999999968,3.3500000000058208,0.12631975867293457
2026-08-16 23:04:00,20192.55,908.75,44673.29,49033.11,29.790000000000873,26.534999999999854,3.2550000000010186,0.12266817410970554
2026-08-16 23:05:00,20192.91,908.47,44673.38,49033.32,30.0,26.55000000000291,3.4499999999970896,0.12994350282473488
2026-08-16 23:06:00,20192.52,908.51,44673.34,49033.12,29.80000000000291,26.56000000000131,3.2400000000016007,0.12198795180728317
2026-08-16 23:07:00,20192.26,908.63,44673.26,49032.94,29.62000000000262,26.56999999999971,3.0500000000029104,0.11479111780214316
2026-08-16 23:08:00,20192.71,908.39,44673.29,49033.15,29.830000000001746,26.584999999999127,3.2450000000026193,0.12206131277046176
2026-08-16 23:09:00,20192.69,907.91,44673.32,49033.16,29.840000000003783,26.599999999998545,3.2400000000052387,0.1218045112783991
2026-08-16 23:10:00,20192.56,908.0,44673.35,49033.13,29.80999999999767,26.599999999998545,3.209999999999127,0.12067669172929708
2026-08-16 23:11:00,20193.58,908.13,44673.22,49033.44,30.12000000000262,26.599999999998545,3.5200000000040745,0.1323308270678296
2026-08-16 23:12:00,20192.63,908.04,44673.15,49032.99,29.669999999998254,26.614999999997963,3.055000000000291,0.11478489573550722
2026-08-16 23:13:00,20193.22,908.27,44672.99,49033.08,29.760000000002037,26.62999999999738,3.1300000000046566,0.11753661284284508
2026-08-16 23:14:00,20193.05,907.89,44672.99,49032.99,29.669999999998254,26.62999999999738,3.040000000000873,0.11415696582805754
2026-08-16 23:15:00,20193.09,908.37,44672.89,49032.93,29.610000000000582,26.62999999999738,2.9800000000032014,0.11190386781838133
2026-08-16 23:16:00,20193.56,908.93,44672.51,49032.8,29.4800000000032,26.639999999999418,2.8400000000037835,0.10660660660675096
2026-08-16 23:17:00,20193.28,908.78,44672.47,49032.66,29.340000000003783,26.650000000001455,2.6900000000023283,0.10093808630402182
2026-08-16 23:18:00,20193.95,909.08,44672.38,49032.85,29.529999999998836,26.659999999999854,2.8699999999989814,0.10765191297820693
2026-08-16 23:19:00,20193.62,909.06,44672.27,49032.62,29.30000000000291,26.669999999998254,2.6300000000046566,0.09861267341600408
2026-08-16 23:20:00,20194.13,909.09,44672.28,49032.84,29.5199999999968,26.674999999999272,2.844999999997526,0.10665417057160652
2026-08-16 23:21:00,20194.15,909.07,44672.17,49032.74,29.419999999998254,26.68000000000029,2.7399999999979627,0.1026986506745852
2026-08-16 23:22:00,20193.97,908.89,44672.17,49032.68,29.360000000000582,26.68500000000131,2.6749999999992724,0.10024358253697362
2026-08-16 23:23:00,20194.19,908.81,44672.19,49032.78,29.459999999999127,26.69000000000233,2.7699999999967986,0.10378418883464058
2026-08-16 23:24:00,20194.06,908.65,44672.22,49032.73,29.410000000003492,26.784999999999854,2.625000000003638,0.09800261340316044
2026-08-16 23:25:00,20194.26,908.25,44672.32,49032.89,29.56999999999971,26.87999999999738,2.6900000000023283,0.10007440476200113
2026-08-16 23:26:00,20194.02,908.05,44672.35,49032.82,29.5,26.93999999999869,2.5600000000013097,0.09502598366746229
2026-08-16 23:27:00,20194.02,907.92,44672.4,49032.87,29.55000000000291,27.0,2.5500000000029104,0.09444444444455223
2026-08-16 23:28:00,20193.67,908.06,44672.38,49032.71,29.389999999999418,27.0099999999984,2.3800000000010186,0.08811551277308996
2026-08-16 23:29:00,20193.57,908.18,44672.33,49032.62,29.30000000000291,27.0199999999968,2.280000000006112,0.0843819393044553
2026-08-16 23:30:00,20193.62,908.12,44672.32,49032.63,29.30999999999767,27.05999999999767,2.25,0.08314855875832201
2026-08-16 23:31:00,20193.21,908.2,44672.3,49032.45,29.12999999999738,27.099999999998545,2.029999999998836,0.07490774907745185
2026-08-16 23:32:00,20193.19,908.3,44672.26,49032.41,29.090000000003783,27.099999999998545,1.9900000000052387,0.07343173431754042
2026-08-16 23:33:00,20192.61,908.88,44672.18,49032.11,28.790000000000873,27.099999999998545,1.6900000000023283,0.062361623616325426
2026-08-16 23:34:00,20193.31,908.84,44672.15,49032.36,29.040000000000873,27.114999999997963,1.9250000000029104,0.0709939148074149
2026-08-16 23:35:00,20192.41,908.88,44672.18,49032.02,28.69999999999709,27.12999999999738,1.569999999999709,0.057869517139692614
2026-08-16 23:36:00,20192.96,908.68,44672.27,49032.33,29.010000000002037,27.154999999998836,1.8550000000032014,0.06831154483532613
2026-08-16 23:37:00,20192.98,908.52,44672.32,49032.38,29.05999999999767,27.18000000000029,1.8799999999973807,0.06916850625450185
2026-08-16 23:38:00,20192.57,908.49,44672.4,49032.3,28.9800000000032,27.205000000001746,1.7750000000014552,0.06524535930899986
2026-08-16 23:39:00,20192.58,908.31,44672.36,49032.25,28.93000000000029,27.2300000000032,1.6999999999970896,0.06243114212254461
2026-08-16 23:40:00,20192.57,908.29,44672.44,49032.32,29.0,27.2300000000032,1.7699999999967986,0.06500183620993721
2026-08-16 23:41:00,20192.54,908.39,44672.4,49032.27,28.94999999999709,27.2300000000032,1.7199999999938882,0.06316562614739941
2026-08-16 23:42:00,20192.3,908.7,44672.31,49032.11,28.790000000000873,27.235000000000582,1.555000000000291,0.05709564898109998
2026-08-16 23:43:00,20192.22,908.81,44672.31,49032.08,28.760000000002037,27.239999999997963,1.5200000000040745,0.055800293685909996
2026-08-16 23:44:00,20192.01,909.07,44672.24,49031.93,28.610000000000582,27.239999999997963,1.3700000000026193,0.050293685756340745
2026-08-16 23:45:00,20192.26,909.1,44672.21,49032.01,28.69000000000233,27.239999999997963,1.4500000000043656,0.05323054331881329
2026-08-16 23:46:00,20192.34,909.24,44672.21,49032.04,28.720000000001164,27.270000000000437,1.4500000000007276,0.053171983865079
2026-08-16 23:47:00,20192.55,909.46,44672.18,49032.11,28.790000000000873,27.30000000000291,1.4899999999979627,0.05457875457867414
2026-08-16 23:48:00,20192.77,909.65,44672.12,49032.15,28.830000000001746,27.30500000000029,1.5250000000014552,0.055850576817485405
2026-08-16 23:49:00,20192.83,909.91,44672.06,49032.11,28.790000000000873,27.30999999999767,1.4800000000032014,0.0541926034420845
2026-08-16 23:50:00,20192.92,909.87,44672.03,49032.11,28.790000000000873,27.30999999999767,1.4800000000032014,0.0541926034420845
2026-08-16 23:51:00,20193.0,909.82,44672.07,49032.18,28.860000000000582,27.30999999999767,1.5500000000029104,0.0567557671183831
2026-08-16 23:52:00,20193.07,909.81,44672.07,49032.22,28.900000000001455,27.32999999999811,1.570000000003347,0.057446030003785425
2026-08-16 23:53:00,20193.16,909.77,44672.12,49032.3,28.9800000000032,27.349999999998545,1.6300000000046566,0.059597806215895555
2026-08-16 23:54:00,20193.44,909.63,44672.22,49032.49,29.169999999998254,27.360000000000582,1.8099999999976717,0.06615497076014741
2026-08-16 23:55:00,20193.44,909.7,44672.23,49032.5,29.18000000000029,27.37000000000262,1.8099999999976717,0.06613080014605402
2026-08-16 23:56:00,20193.37,909.92,44672.15,49032.4,29.080000000001746,27.390000000003056,1.6899999999986903,0.061701350857922665
2026-08-16 23:57:00,20193.33,910.0,44672.16,49032.39,29.06999999999971,27.410000000003492,1.6599999999962165,0.06056183874483783
2026-08-16 23:58:00,20193.29,909.74,44672.22,49032.44,29.12000000000262,27.43000000000029,1.6900000000023283,0.06161137440766717
2026-08-16 23:59:00,20193.04,909.61,44672.27,49032.38,29.05999999999767,27.44999999999709,1.610000000000582,0.05865209471769591
