timestamp,Bx,By,Bz,B_total,B_plasma_raw,B_plasma_baseline,delta_B,chi
2026-07-30 00:00:00,20191.68,906.97,44670.25,49030.01,32.733500000002095,32.72350000000006,0.010000000002037268,0.0003055907834442297
2026-07-30 00:01:00,20191.57,907.15,44670.28,49030.0,32.72350000000006,32.72350000000006,0.0,0.0
2026-07-30 00:02:00,20191.74,907.51,44670.24,49030.04,32.76350000000093,32.71849999999904,0.04500000000189175,0.0013753686752721876
2026-07-30 00:03:00,20191.48,907.86,44670.11,49029.82,32.54349999999977,32.71349999999802,-0.16999999999825377,0.005196631360088772
2026-07-30 00:04:00,20191.4,907.85,44670.15,49029.82,32.54349999999977,32.71349999999802,-0.16999999999825377,0.005196631360088772
2026-07-30 00:05:00,20191.36,907.58,44670.28,49029.91,32.63350000000355,32.71349999999802,-0.07999999999447027,0.0024454735810743307
2026-07-30 00:06:00,20191.35,907.88,44670.29,49029.94,32.66350000000239,32.70850000000064,-0.04499999999825377,0.0013757891678998697
2026-07-30 00:07:00,20191.12,908.61,44670.07,49029.66,32.38350000000355,32.70350000000326,-0.31999999999970896,0.009784885409808647
2026-07-30 00:08:00,20190.98,908.78,44669.94,49029.48,32.20350000000326,32.69350000000122,-0.48999999999796273,0.014987688684232168
2026-07-30 00:09:00,20190.97,908.84,44670.02,49029.57,32.29349999999977,32.683499999999185,-0.3899999999994179,0.011932626554666044
2026-07-30 00:10:00,20191.02,908.93,44670.1,49029.65,32.37350000000151,32.683499999999185,-0.3099999999976717,0.009484908286985158
2026-07-30 00:11:00,20191.09,908.48,44670.26,49029.83,32.553500000001804,32.683499999999185,-0.12999999999738066,0.003977542184814475
2026-07-30 00:12:00,20191.1,908.41,44670.38,49029.93,32.65350000000035,32.683499999999185,-0.029999999998835847,0.0009178943503246774
2026-07-30 00:13:00,20190.58,908.39,44670.41,49029.75,32.47350000000006,32.683499999999185,-0.20999999999912689,0.006425260452495361
2026-07-30 00:14:00,20190.22,908.69,44670.38,49029.57,32.29349999999977,32.683499999999185,-0.3899999999994179,0.011932626554666044
2026-07-30 00:15:00,20189.69,909.18,44670.28,49029.27,31.993499999996857,32.683499999999185,-0.6900000000023283,0.021111570058358054
2026-07-30 00:16:00,20189.53,909.84,44670.2,49029.14,31.863499999999476,32.683499999999185,-0.819999999999709,0.02508911224317253
2026-07-30 00:17:00,20189.67,910.33,44670.12,49029.14,31.863499999999476,32.683499999999185,-0.819999999999709,0.02508911224317253
2026-07-30 00:18:00,20189.99,910.12,44670.11,49029.26,31.983500000002095,32.67849999999817,-0.694999999996071,0.02126780604973025
2026-07-30 00:19:00,20190.24,909.65,44670.29,49029.52,32.24349999999686,32.67349999999715,-0.43000000000029104,0.013160512341816108
2026-07-30 00:20:00,20190.22,909.25,44670.42,49029.63,32.35349999999744,32.67349999999715,-0.31999999999970896,0.009793869649708077
2026-07-30 00:21:00,20190.37,909.2,44670.54,49029.78,32.503499999998894,32.67349999999715,-0.16999999999825377,0.005202993251358704
2026-07-30 00:22:00,20190.4,909.05,44670.62,49029.88,32.60349999999744,32.67349999999715,-0.06999999999970896,0.002142408985866683
2026-07-30 00:23:00,20190.63,908.86,44670.7,49030.04,32.76350000000093,32.67349999999715,0.0900000000037835,0.0027545258390986992
2026-07-30 00:24:00,20190.62,908.76,44670.73,49030.06,32.78349999999773,32.66849999999977,0.11499999999796273,0.0035202106003631496
2026-07-30 00:25:00,20190.88,908.82,44670.76,49030.19,32.91350000000239,32.66350000000239,0.25,0.007653803174796998
2026-07-30 00:26:00,20191.0,908.84,44670.72,49030.21,32.933499999999185,32.66350000000239,0.2699999999967986,0.008266107428682746
2026-07-30 00:27:00,20191.31,908.43,44670.74,49030.35,33.0734999999986,32.66350000000239,0.4099999999962165,0.012552237206551244
2026-07-30 00:28:00,20191.25,908.23,44670.79,49030.37,33.09350000000268,32.66350000000239,0.43000000000029104,0.013164541460659747
2026-07-30 00:29:00,20191.22,907.79,44670.9,49030.46,33.183499999999185,32.66350000000239,0.5199999999967986,0.015919910603479744
2026-07-30 00:30:00,20191.19,907.48,44671.01,49030.53,33.253499999998894,32.66350000000239,0.5899999999965075,0.018062975492413993
2026-07-30 00:31:00,20190.92,907.45,44671.05,49030.45,33.17349999999715,32.66350000000239,0.5099999999947613,0.015613758476425491
2026-07-30 00:32:00,20190.44,907.74,44670.71,49029.95,32.67349999999715,32.65850000000137,0.014999999995779945,0.00045929849796467434
2026-07-30 00:33:00,20190.39,907.97,44670.56,49029.79,32.51350000000093,32.65350000000035,-0.13999999999941792,0.004287442387475047
2026-07-30 00:34:00,20190.39,908.24,44670.47,49029.72,32.44350000000122,32.65350000000035,-0.20999999999912689,0.0064311635812125695
2026-07-30 00:35:00,20190.35,908.48,44670.4,49029.65,32.37350000000151,32.65350000000035,-0.27999999999883585,0.008574884774950093
2026-07-30 00:36:00,20190.36,908.46,44670.44,49029.69,32.41350000000239,32.64350000000195,-0.22999999999956344,0.0070458131021351785
2026-07-30 00:37:00,20190.53,908.23,44670.5,49029.8,32.52350000000297,32.63350000000355,-0.11000000000058208,0.0033707693015021406
2026-07-30 00:38:00,20190.81,908.05,44670.62,49030.01,32.733500000002095,32.63350000000355,0.09999999999854481,0.0030643357285775026
2026-07-30 00:39:00,20190.77,907.8,44670.63,49030.0,32.72350000000006,32.63350000000355,0.08999999999650754,0.0027579021556528643
2026-07-30 00:40:00,20190.76,907.51,44670.67,49030.02,32.74349999999686,32.62850000000253,0.11499999999432475,0.0035245261043050044
2026-07-30 00:41:00,20190.73,907.53,44670.74,49030.09,32.813499999996566,32.62350000000151,0.18999999999505235,0.005824022560272305
2026-07-30 00:42:00,20190.63,907.74,44670.68,49030.01,32.733500000002095,32.62350000000151,0.11000000000058208,0.003371802535000137
2026-07-30 00:43:00,20190.47,907.51,44670.72,49029.96,32.683499999999185,32.62350000000151,0.059999999997671694,0.0018391650190098827
2026-07-30 00:44:00,20190.11,907.49,44670.69,49029.79,32.51350000000093,32.62350000000151,-0.11000000000058208,0.003371802535000137
2026-07-30 00:45:00,20189.47,907.57,44670.64,49029.48,32.20350000000326,32.62350000000151,-0.41999999999825377,0.012874155133515235
2026-07-30 00:46:00,20189.22,907.88,44670.67,49029.42,32.14349999999831,32.618500000000495,-0.4750000000021828,0.014562288272059585
2026-07-30 00:47:00,20189.5,907.91,44670.76,49029.62,32.34350000000268,32.613499999999476,-0.2699999999967986,0.008278780259610374
2026-07-30 00:48:00,20189.44,907.97,44670.69,49029.54,32.26350000000093,32.60849999999846,-0.3449999999975262,0.010580063480305518
2026-07-30 00:49:00,20189.39,907.9,44670.63,49029.45,32.17349999999715,32.60349999999744,-0.43000000000029104,0.013188768077056906
2026-07-30 00:50:00,20189.7,908.05,44670.67,49029.62,32.34350000000268,32.60349999999744,-0.2599999999947613,0.007974603953403216
2026-07-30 00:51:00,20189.89,908.01,44670.71,49029.72,32.44350000000122,32.60349999999744,-0.1599999999962165,0.0049074485866925045
2026-07-30 00:52:00,20189.97,908.05,44670.68,49029.72,32.44350000000122,32.60349999999744,-0.1599999999962165,0.0049074485866925045
2026-07-30 00:53:00,20190.01,908.02,44670.69,49029.75,32.47350000000006,32.60349999999744,-0.12999999999738066,0.003987301976701608
2026-07-30 00:54:00,20189.67,907.67,44670.7,49029.61,32.33350000000064,32.59349999999904,-0.2599999999983993,0.007977050638882198
2026-07-30 00:55:00,20189.35,907.52,44670.77,49029.54,32.26350000000093,32.58350000000064,-0.31999999999970896,0.009820921632105288
2026-07-30 00:56:00,20189.12,907.32,44670.86,49029.54,32.26350000000093,32.57849999999962,-0.3149999999986903,0.00966895345085544
2026-07-30 00:57:00,20188.91,907.36,44670.89,49029.47,32.19350000000122,32.5734999999986,-0.37999999999738066,0.011665924754705419
2026-07-30 00:58:00,20188.65,907.24,44670.91,49029.39,32.113499999999476,32.563500000000204,-0.4500000000007276,0.013819153346560559
2026-07-30 00:59:00,20188.51,907.42,44670.94,49029.36,32.08350000000064,32.553500000001804,-0.47000000000116415,0.014437771668211962
2026-07-30 01:00:00,20188.2,907.36,44670.89,49029.19,31.913500000002387,32.553500000001804,-0.6399999999994179,0.019659944399200775
2026-07-30 01:01:00,20188.21,907.59,44670.9,49029.21,31.933499999999185,32.553500000001804,-0.6200000000026193,0.019045571136823536
2026-07-30 01:02:00,20188.01,907.64,44670.87,49029.11,31.83350000000064,32.548500000000786,-0.7150000000001455,0.021967218151378042
2026-07-30 01:03:00,20188.18,907.71,44670.84,49029.15,31.873500000001513,32.54349999999977,-0.6699999999982538,0.02058782859859138
2026-07-30 01:04:00,20188.31,907.89,44670.83,49029.2,31.923499999997148,32.54349999999977,-0.6200000000026193,0.01905142347942366
2026-07-30 01:05:00,20188.41,907.98,44670.8,49029.2,31.923499999997148,32.54349999999977,-0.6200000000026193,0.01905142347942366
2026-07-30 01:06:00,20188.36,908.32,44670.75,49029.15,31.873500000001513,32.54349999999977,-0.6699999999982538,0.02058782859859138
2026-07-30 01:07:00,20188.22,908.26,44670.66,49029.02,31.743499999996857,32.54349999999977,-0.8000000000029104,0.024582481908919325
2026-07-30 01:08:00,20188.26,908.34,44670.68,49029.06,31.78349999999773,32.54349999999977,-0.7600000000020373,0.023353357813451003
2026-07-30 01:09:00,20188.04,908.42,44670.67,49028.95,31.673499999997148,32.54349999999977,-0.8700000000026193,0.026733449075933
2026-07-30 01:10:00,20187.66,908.58,44670.6,49028.75,31.473500000000058,32.53350000000137,-1.0600000000013097,0.032581800298193096
2026-07-30 01:11:00,20187.41,908.5,44670.64,49028.68,31.40350000000035,32.52350000000297,-1.1200000000026193,0.03443663812328061
2026-07-30 01:12:00,20187.28,908.47,44670.73,49028.7,31.423499999997148,32.51850000000195,-1.0950000000048021,0.03367313990512282
2026-07-30 01:13:00,20187.18,908.47,44670.81,49028.73,31.45350000000326,32.51350000000093,-1.0599999999976717,0.03260184231158261
2026-07-30 01:14:00,20187.36,908.43,44670.88,49028.85,31.573499999998603,32.51350000000093,-0.9400000000023283,0.02891106771040649
2026-07-30 01:15:00,20187.98,908.55,44671.05,49029.27,31.993499999996857,32.51350000000093,-0.5200000000040745,0.015993356605842484
2026-07-30 01:16:00,20188.48,908.69,44671.06,49029.5,32.22350000000006,32.51350000000093,-0.2900000000008731,0.008919371953215275
2026-07-30 01:17:00,20188.96,908.97,44670.93,49029.57,32.29349999999977,32.51350000000093,-0.22000000000116415,0.006766420102454607
2026-07-30 01:18:00,20189.58,908.9,44670.9,49029.79,32.51350000000093,32.51350000000093,0.0,0.0
2026-07-30 01:19:00,20190.16,908.59,44670.9,49030.04,32.76350000000093,32.51350000000093,0.25,0.007689113752748638
2026-07-30 01:20:00,20190.52,908.26,44670.96,49030.21,32.933499999999185,32.51350000000093,0.41999999999825377,0.012917711104564003
2026-07-30 01:21:00,20190.68,907.64,44671.05,49030.35,33.0734999999986,32.51350000000093,0.5599999999976717,0.01722361480608534
2026-07-30 01:22:00,20190.68,906.91,44671.21,49030.47,33.19350000000122,32.50849999999991,0.6850000000013097,0.02107141209226238
2026-07-30 01:23:00,20190.63,906.3,44671.38,49030.59,33.313499999996566,32.503499999998894,0.8099999999976717,0.024920393188355077
2026-07-30 01:24:00,20190.38,905.87,44671.51,49030.59,33.313499999996566,32.503499999998894,0.8099999999976717,0.024920393188355077
2026-07-30 01:25:00,20190.03,905.59,44671.55,49030.5,33.22350000000006,32.503499999998894,0.7200000000011642,0.02215146061197067
2026-07-30 01:26:00,20189.69,905.57,44671.61,49030.4,33.12350000000151,32.503499999998894,0.6200000000026193,0.01907486886035782
2026-07-30 01:27:00,20189.45,905.92,44671.55,49030.26,32.983500000002095,32.503499999998894,0.4800000000032014,0.014767640408055064
2026-07-30 01:28:00,20189.28,906.16,44671.44,49030.1,32.8234999999986,32.503499999998894,0.31999999999970896,0.009845093605295426
2026-07-30 01:29:00,20188.96,906.43,44671.41,49029.94,32.66350000000239,32.503499999998894,0.16000000000349246,0.004922546802759638
2026-07-30 01:30:00,20188.8,906.57,44671.35,49029.82,32.54349999999977,32.498499999997875,0.04500000000189175,0.001384679292948742
2026-07-30 01:31:00,20188.8,906.77,44671.35,49029.82,32.54349999999977,32.49349999999686,0.05000000000291038,0.0015387692924097194
2026-07-30 01:32:00,20188.58,907.1,44671.22,49029.63,32.35349999999744,32.488499999999476,-0.13500000000203727,0.004155316496669266
2026-07-30 01:33:00,20188.74,907.17,44671.32,49029.78,32.503499999998894,32.483500000002095,0.01999999999679858,0.0006156972000183874
2026-07-30 01:34:00,20188.65,907.17,44671.27,49029.71,32.433499999999185,32.47850000000108,-0.04500000000189175,0.001385531967359646
2026-07-30 01:35:00,20188.56,907.46,44671.26,49029.66,32.38350000000355,32.47350000000006,-0.08999999999650754,0.002771490599920162
2026-07-30 01:36:00,20188.7,907.61,44671.21,49029.68,32.40350000000035,32.47350000000006,-0.06999999999970896,0.00215560380001259
2026-07-30 01:37:00,20188.8,907.69,44671.28,49029.79,32.51350000000093,32.47350000000006,0.040000000000873115,0.0012317736000392026
2026-07-30 01:38:00,20188.75,907.84,44671.21,49029.7,32.42349999999715,32.47350000000006,-0.05000000000291038,0.0015397170001050177
2026-07-30 01:39:00,20188.89,907.91,44671.23,49029.77,32.49349999999686,32.47350000000006,0.01999999999679858,0.0006158867999075721
2026-07-30 01:40:00,20188.86,907.84,44671.25,49029.78,32.503499999998894,32.46350000000166,0.039999999997235136,0.0012321530333215178
2026-07-30 01:41:00,20188.88,907.65,44671.26,49029.79,32.51350000000093,32.45350000000326,0.059999999997671694,0.0018487990508778919
2026-07-30 01:42:00,20188.82,907.86,44671.2,49029.71,32.433499999999185,32.44850000000224,-0.015000000003055902,0.00046227098334452644
2026-07-30 01:43:00,20188.64,907.92,44671.12,49029.58,32.303500000001804,32.44350000000122,-0.13999999999941792,0.004315194106659659
2026-07-30 01:44:00,20188.73,908.03,44671.2,49029.69,32.41350000000239,32.44350000000122,-0.029999999998835847,0.0009246844513950319
2026-07-30 01:45:00,20188.65,908.03,44671.22,49029.68,32.40350000000035,32.44350000000122,-0.040000000000873115,0.0012329126019347976
2026-07-30 01:46:00,20188.59,908.1,44671.22,49029.65,32.37350000000151,32.44350000000122,-0.06999999999970896,0.0021575970533298295
2026-07-30 01:47:00,20188.5,908.17,44671.26,49029.65,32.37350000000151,32.44350000000122,-0.06999999999970896,0.0021575970533298295
2026-07-30 01:48:00,20188.49,908.49,44671.26,49029.65,32.37350000000151,32.438500000000204,-0.06499999999869033,0.002003791790578785
2026-07-30 01:49:00,20188.49,908.77,44671.2,49029.6,32.3234999999986,32.433499999999185,-0.11000000000058208,0.003391555027998361
2026-07-30 01:50:00,20188.47,908.93,44671.08,49029.48,32.20350000000326,32.433499999999185,-0.22999999999592546,0.007091433240197057
2026-07-30 01:51:00,20188.58,909.22,44671.07,49029.52,32.24349999999686,32.433499999999185,-0.1900000000023283,0.005858140502947048
2026-07-30 01:52:00,20188.56,909.36,44671.01,49029.47,32.19350000000122,32.42849999999817,-0.2349999999969441,0.007246711997069164
2026-07-30 01:53:00,20188.78,909.55,44671.06,49029.6,32.3234999999986,32.42349999999715,-0.09999999999854481,0.003084182768626262
2026-07-30 01:54:00,20189.02,909.46,44671.11,49029.75,32.47350000000006,32.41849999999977,0.05500000000029104,0.001696562148165135
2026-07-30 01:55:00,20188.97,909.48,44671.11,49029.73,32.45350000000326,32.41350000000239,0.040000000000873115,0.001234053712214669
2026-07-30 01:56:00,20188.97,909.33,44671.17,49029.78,32.503499999998894,32.41350000000239,0.08999999999650754,0.0027766208523146503
2026-07-30 01:57:00,20188.93,909.17,44671.3,49029.88,32.60349999999744,32.41350000000239,0.18999999999505235,0.005861755132739086
2026-07-30 01:58:00,20188.95,909.12,44671.38,49029.96,32.683499999999185,32.40850000000137,0.2749999999978172,0.008485428205495645
2026-07-30 01:59:00,20188.83,909.1,44671.41,49029.95,32.67349999999715,32.40350000000035,0.2699999999967986,0.008332433224707074
2026-07-30 02:00:00,20188.78,909.07,44671.42,49029.94,32.66350000000239,32.40350000000035,0.26000000000203727,0.008023824586912972
2026-07-30 02:01:00,20188.76,908.95,44671.49,49029.99,32.71349999999802,32.40350000000035,0.3099999999976717,0.009566867776557112
2026-07-30 02:02:00,20188.7,908.86,44671.59,49030.06,32.78349999999773,32.40350000000035,0.37999999999738066,0.011727128242238542
2026-07-30 02:03:00,20188.44,908.88,44671.62,49029.98,32.70350000000326,32.40350000000035,0.3000000000029104,0.00925825913876301
2026-07-30 02:04:00,20188.41,908.97,44671.61,49029.96,32.683499999999185,32.39849999999933,0.2849999999998545,0.008796703551086018
2026-07-30 02:05:00,20188.28,909.28,44671.6,49029.9,32.62350000000151,32.39349999999831,0.23000000000320142,0.007100189853001788
2026-07-30 02:06:00,20188.45,909.71,44671.55,49029.93,32.65350000000035,32.39349999999831,0.26000000000203727,0.008026301572909714
2026-07-30 02:07:00,20188.65,909.92,44671.49,49029.96,32.683499999999185,32.39349999999831,0.2900000000008731,0.008952413292817641
2026-07-30 02:08:00,20188.7,910.15,44671.4,49029.91,32.63350000000355,32.38850000000093,0.24500000000261934,0.00756441329492296
2026-07-30 02:09:00,20189.18,910.06,44671.44,49030.13,32.85349999999744,32.38350000000355,0.4699999999938882,0.01451356400617094
2026-07-30 02:10:00,20189.7,909.94,44671.52,49030.42,33.14349999999831,32.38350000000355,0.7599999999947613,0.023468741797356
2026-07-30 02:11:00,20190.54,909.74,44671.6,49030.82,33.54349999999977,32.38350000000355,1.1599999999962165,0.03582071116451555
2026-07-30 02:12:00,20191.19,909.52,44671.66,49031.14,33.863499999999476,32.37850000000253,1.484999999996944,0.04586376762347941
2026-07-30 02:13:00,20191.57,909.22,44671.66,49031.29,34.01350000000093,32.37350000000151,1.639999999999418,0.05065871777840954
2026-07-30 02:14:00,20191.83,908.9,44671.73,49031.44,34.16350000000239,32.37350000000151,1.7900000000008731,0.055292137087457005
2026-07-30 02:15:00,20192.05,908.46,44671.81,49031.61,34.33350000000064,32.37350000000151,1.9599999999991269,0.06054334563760592
2026-07-30 02:16:00,20192.43,908.43,44671.84,49031.8,34.52350000000297,32.37350000000151,2.150000000001455,0.06641234342908103
2026-07-30 02:17:00,20192.85,908.18,44671.89,49031.99,34.71349999999802,32.37350000000151,2.3399999999965075,0.07228134122033139
2026-07-30 02:18:00,20192.78,908.21,44671.8,49031.88,34.60349999999744,32.37350000000151,2.2299999999959255,0.06888350039371156
2026-07-30 02:19:00,20192.66,908.09,44671.86,49031.87,34.59350000000268,32.37350000000151,2.220000000001164,0.06857460577327322
2026-07-30 02:20:00,20192.43,908.29,44671.77,49031.7,34.42349999999715,32.37350000000151,2.0499999999956344,0.06332339722289955
2026-07-30 02:21:00,20192.57,908.1,44671.76,49031.76,34.483500000002095,32.37350000000151,2.110000000000582,0.06517676494665339
2026-07-30 02:22:00,20192.97,907.86,44671.8,49031.96,34.683499999999185,32.368500000000495,2.3149999999986903,0.07152015076381837
2026-07-30 02:23:00,20192.91,907.65,44671.92,49032.03,34.753499999998894,32.363499999999476,2.389999999999418,0.07384862576666482
2026-07-30 02:24:00,20192.66,907.97,44671.8,49031.83,34.553500000001804,32.35849999999846,2.195000000003347,0.06783379946547126
2026-07-30 02:25:00,20192.88,908.04,44671.87,49031.99,34.71349999999802,32.35349999999744,2.360000000000582,0.07294419460029886
2026-07-30 02:26:00,20192.6,908.62,44671.75,49031.77,34.49349999999686,32.35349999999744,2.139999999999418,0.06614431205277906
2026-07-30 02:27:00,20192.68,908.63,44671.75,49031.8,34.52350000000297,32.35349999999744,2.1700000000055297,0.06707156876398848
2026-07-30 02:28:00,20192.57,908.92,44671.69,49031.71,34.433499999999185,32.34850000000006,2.084999999999127,0.06445430236329731
2026-07-30 02:29:00,20192.63,908.95,44671.61,49031.65,34.37350000000151,32.34350000000268,2.029999999998836,0.06276377015470397
2026-07-30 02:30:00,20192.74,909.25,44671.56,49031.66,34.38350000000355,32.34350000000268,2.040000000000873,0.06307295128853414
2026-07-30 02:31:00,20192.71,909.34,44671.51,49031.61,34.33350000000064,32.34350000000268,1.9899999999979627,0.06152704561960821
2026-07-30 02:32:00,20192.58,909.35,44671.46,49031.52,34.24349999999686,32.33850000000166,1.9049999999951979,0.058908112621027575
2026-07-30 02:33:00,20192.51,909.51,44671.52,49031.55,34.27350000000297,32.33350000000064,1.9400000000023283,0.059999690723314514
2026-07-30 02:34:00,20192.41,909.67,44671.59,49031.57,34.29349999999977,32.33350000000064,1.9599999999991269,0.06061824423582625
2026-07-30 02:35:00,20192.15,909.97,44671.53,49031.41,34.13350000000355,32.33350000000064,1.8000000000029104,0.05566981613505729
2026-07-30 02:36:00,20192.09,910.27,44671.51,49031.37,34.09350000000268,32.32849999999962,1.765000000003056,0.054595790092428556
2026-07-30 02:37:00,20192.11,910.48,44671.46,49031.34,34.063499999996566,32.3234999999986,1.7399999999979627,0.053830804213591904
2026-07-30 02:38:00,20192.2,910.53,44671.46,49031.37,34.09350000000268,32.3234999999986,1.7700000000040745,0.05475892152780952
2026-07-30 02:39:00,20192.57,910.59,44671.42,49031.49,34.21349999999802,32.3234999999986,1.889999999999418,0.05847139078377959
2026-07-30 02:40:00,20192.68,910.55,44671.53,49031.63,34.35349999999744,32.313500000000204,2.039999999997235,0.06313150850255225
2026-07-30 02:41:00,20192.69,910.49,44671.54,49031.64,34.363499999999476,32.303500000001804,2.0599999999976717,0.06377017970181426
2026-07-30 02:42:00,20192.4,910.65,44671.62,49031.6,34.3234999999986,32.298500000000786,2.024999999997817,0.06269641004993322
2026-07-30 02:43:00,20192.15,910.47,44671.73,49031.59,34.313499999996566,32.29349999999977,2.0199999999967986,0.06255128741068057
2026-07-30 02:44:00,20192.02,910.64,44671.74,49031.56,34.28349999999773,32.29349999999977,1.9899999999979627,0.06162230789471494
2026-07-30 02:45:00,20192.07,910.84,44671.68,49031.53,34.253499999998894,32.29349999999977,1.9599999999991269,0.060693328378749314
2026-07-30 02:46:00,20192.09,910.58,44671.67,49031.53,34.253499999998894,32.29349999999977,1.9599999999991269,0.060693328378749314
2026-07-30 02:47:00,20192.43,910.74,44671.71,49031.71,34.433499999999185,32.29349999999977,2.139999999999418,0.0662672054747684
2026-07-30 02:48:00,20192.6,910.82,44671.7,49031.77,34.49349999999686,32.27850000000035,2.2149999999965075,0.06862152826173717
2026-07-30 02:49:00,20192.89,910.76,44671.64,49031.84,34.563499999996566,32.26350000000093,2.2999999999956344,0.07128798797388901
2026-07-30 02:50:00,20193.42,910.8,44671.82,49032.21,34.933499999999185,32.26350000000093,2.6699999999982538,0.08275605560457411
2026-07-30 02:51:00,20193.66,910.5,44671.93,49032.41,35.13350000000355,32.26350000000093,2.8700000000026193,0.08895501108071154
2026-07-30 02:52:00,20193.93,910.48,44671.93,49032.52,35.24349999999686,32.26350000000093,2.9799999999959255,0.09236443659230521
2026-07-30 02:53:00,20194.02,910.11,44671.89,49032.51,35.233500000002095,32.26350000000093,2.970000000001164,0.09205448881866748
2026-07-30 02:54:00,20194.19,909.87,44671.82,49032.52,35.24349999999686,32.253499999998894,2.9899999999979627,0.09270311749106501
2026-07-30 02:55:00,20194.29,909.81,44671.95,49032.67,35.39349999999831,32.24349999999686,3.150000000001455,0.09769410889021857
2026-07-30 02:56:00,20194.36,909.61,44671.99,49032.74,35.46349999999802,32.24349999999686,3.220000000001164,0.09986508908776895
2026-07-30 02:57:00,20194.34,909.34,44671.98,49032.71,35.433499999999185,32.24349999999686,3.1900000000023283,0.09893466900313673
2026-07-30 02:58:00,20194.46,909.8,44672.38,49033.14,35.863499999999476,32.23349999999846,3.6300000000010186,0.11261575689891548
2026-07-30 02:59:00,20194.23,909.79,44672.17,49032.84,35.563499999996566,32.22350000000006,3.3399999999965075,0.10365106211294557
2026-07-30 03:00:00,20194.08,910.11,44672.04,49032.66,35.38350000000355,32.21849999999904,3.165000000004511,0.0982354858235053
2026-07-30 03:01:00,20194.0,910.4,44672.11,49032.69,35.41350000000239,32.21349999999802,3.2000000000043656,0.09933723438945045
2026-07-30 03:02:00,20193.79,910.41,44672.02,49032.53,35.253499999998894,32.20850000000064,3.0449999999982538,0.09454026111114126
2026-07-30 03:03:00,20193.77,910.43,44671.97,49032.48,35.20350000000326,32.20350000000326,3.0,0.09315757603986201
2026-07-30 03:04:00,20193.68,910.58,44672.04,49032.5,35.22350000000006,32.20350000000326,3.0199999999967986,0.09377862654669501
2026-07-30 03:05:00,20193.91,910.98,44672.17,49032.73,35.45350000000326,32.20350000000326,3.25,0.10092070737651718
2026-07-30 03:06:00,20193.77,910.96,44672.11,49032.62,35.34350000000268,32.20350000000326,3.139999999999418,0.09750492958837083
2026-07-30 03:07:00,20193.59,911.09,44672.07,49032.51,35.233500000002095,32.20350000000326,3.029999999998836,0.09408915180022448
2026-07-30 03:08:00,20193.5,911.38,44672.15,49032.55,35.27350000000297,32.19850000000224,3.0750000000007276,0.09550134323029065
2026-07-30 03:09:00,20193.6,911.41,44672.03,49032.47,35.19350000000122,32.19350000000122,3.0,0.09318651280537643
2026-07-30 03:10:00,20193.79,911.35,44672.03,49032.56,35.28349999999773,32.19350000000122,3.0899999999965075,0.09598210818942923
2026-07-30 03:11:00,20194.15,911.09,44672.24,49032.89,35.613499999999476,32.19350000000122,3.4199999999982538,0.10623262459807489
2026-07-30 03:12:00,20194.13,911.1,44672.08,49032.74,35.46349999999802,32.183499999999185,3.279999999998836,0.10191557785818568
2026-07-30 03:13:00,20194.47,911.19,44672.14,49032.93,35.65350000000035,32.17349999999715,3.4800000000032014,0.10816355074839573
2026-07-30 03:14:00,20194.57,911.05,44672.17,49033.0,35.72350000000006,32.17349999999715,3.5500000000029104,0.11033925435539264
2026-07-30 03:15:00,20194.58,911.15,44672.29,49033.11,35.83350000000064,32.17349999999715,3.6600000000034925,0.1137582171664201
2026-07-30 03:16:00,20194.36,911.28,44672.28,49033.02,35.74349999999686,32.15849999999773,3.584999999999127,0.11147908018095931
2026-07-30 03:17:00,20194.14,911.13,44672.29,49032.93,35.65350000000035,32.14349999999831,3.5100000000020373,0.10919781604374824
2026-07-30 03:18:00,20194.0,911.21,44672.27,49032.87,35.59350000000268,32.128499999998894,3.4650000000037835,0.1078481721836968
2026-07-30 03:19:00,20193.98,911.26,44672.37,49032.96,35.683499999999185,32.113499999999476,3.569999999999709,0.11116820028959058
2026-07-30 03:20:00,20193.69,911.56,44672.59,49033.04,35.76350000000093,32.113499999999476,3.650000000001455,0.11365936444179285
2026-07-30 03:21:00,20193.69,911.59,44672.51,49032.98,35.70350000000326,32.113499999999476,3.5900000000037835,0.11179099132775444
2026-07-30 03:22:00,20193.63,911.43,44672.4,49032.85,35.5734999999986,32.09850000000006,3.474999999998545,0.10826051061571533
2026-07-30 03:23:00,20194.2,911.61,44672.51,49033.19,35.91350000000239,32.08350000000064,3.8300000000017462,0.11937600324159364
2026-07-30 03:24:00,20194.6,911.46,44672.55,49033.4,36.12350000000151,32.063500000000204,4.06000000000131,0.12662373103376998
2026-07-30 03:25:00,20195.29,911.55,44672.62,49033.74,36.46349999999802,32.04349999999977,4.419999999998254,0.13793749122281543
2026-07-30 03:26:00,20195.7,911.38,44672.64,49033.92,36.64349999999831,32.01849999999831,4.625,0.14444774114965547
2026-07-30 03:27:00,20196.29,911.28,44672.73,49034.24,36.96349999999802,31.993499999996857,4.970000000001164,0.15534405426107342
2026-07-30 03:28:00,20196.76,910.91,44672.84,49034.52,37.24349999999686,31.993499999996857,5.25,0.16409583196588418
2026-07-30 03:29:00,20196.89,910.45,44672.88,49034.58,37.303500000001804,31.993499999996857,5.310000000004948,0.1659712129027918
2026-07-30 03:30:00,20197.03,910.41,44672.91,49034.67,37.39349999999831,31.988499999999476,5.404999999998836,0.16896697250571063
2026-07-30 03:31:00,20197.03,910.1,44673.03,49034.78,37.503499999998894,31.983500000002095,5.519999999996799,0.17258899119847537
2026-07-30 03:32:00,20196.88,909.96,44673.12,49034.79,37.51350000000093,31.95850000000064,5.555000000000291,0.1738191717383538
2026-07-30 03:33:00,20196.72,909.96,44673.12,49034.74,37.46349999999802,31.933499999999185,5.529999999998836,0.17317237383935294
2026-07-30 03:34:00,20196.81,910.11,44673.02,49034.68,37.40350000000035,31.928499999998166,5.475000000002183,0.17147689368440414
2026-07-30 03:35:00,20196.66,910.23,44673.06,49034.66,37.38350000000355,31.923499999997148,5.460000000006403,0.17103387786448512
2026-07-30 03:36:00,20196.65,910.4,44673.12,49034.71,37.433499999999185,31.923499999997148,5.510000000002037,0.17260012216713486
2026-07-30 03:37:00,20196.79,910.39,44673.2,49034.85,37.5734999999986,31.923499999997148,5.650000000001455,0.1769856062149188
2026-07-30 03:38:00,20196.4,910.22,44673.15,49034.64,37.363499999999476,31.918499999999767,5.444999999999709,0.17059072324826507
2026-07-30 03:39:00,20196.36,910.27,44673.2,49034.67,37.39349999999831,31.913500000002387,5.4799999999959255,0.1717141648517247
2026-07-30 03:40:00,20196.27,910.53,44673.27,49034.71,37.433499999999185,31.89350000000195,5.539999999997235,0.17370310564838906
2026-07-30 03:41:00,20195.81,910.79,44673.35,49034.59,37.313499999996566,31.873500000001513,5.439999999995052,0.17067469841701707
2026-07-30 03:42:00,20195.23,911.02,44673.28,49034.28,37.003499999998894,31.873500000001513,5.129999999997381,0.16094875052934685
2026-07-30 03:43:00,20194.83,911.27,44673.25,49034.1,36.8234999999986,31.873500000001513,4.94999999999709,0.15530142594935775
2026-07-30 03:44:00,20194.82,911.36,44673.29,49034.14,36.863499999999476,31.868500000000495,4.994999999998981,0.15673784458003684
2026-07-30 03:45:00,20194.64,911.76,44673.29,49034.08,36.803500000001804,31.863499999999476,4.940000000002328,0.15503632683171684
2026-07-30 03:46:00,20194.71,911.89,44673.23,49034.04,36.76350000000093,31.863499999999476,4.900000000001455,0.15378097195855872
2026-07-30 03:47:00,20194.85,912.39,44673.47,49034.34,37.063499999996566,31.863499999999476,5.19999999999709,0.1631961335069021
2026-07-30 03:48:00,20194.83,912.31,44673.41,49034.26,36.983500000002095,31.848500000000058,5.135000000002037,0.1612320831436968
2026-07-30 03:49:00,20194.96,912.21,44673.31,49034.24,36.96349999999802,31.83350000000064,5.129999999997381,0.16115098873819333
2026-07-30 03:50:00,20195.49,912.12,44673.56,49034.68,37.40350000000035,31.813500000000204,5.5900000000001455,0.17571156898801168
2026-07-30 03:51:00,20195.87,912.31,44673.66,49034.93,37.65350000000035,31.793499999999767,5.860000000000582,0.18431440388760675
2026-07-30 03:52:00,20196.41,912.04,44673.81,49035.28,38.003499999998894,31.803499999998166,6.200000000000728,0.19494709701765797
2026-07-30 03:53:00,20196.41,911.77,44673.72,49035.19,37.91350000000239,31.793499999999767,6.120000000002619,0.19249217607380956
2026-07-30 03:54:00,20196.24,911.8,44673.78,49035.16,37.88350000000355,31.803499999998166,6.080000000005384,0.1911739273981082
2026-07-30 03:55:00,20196.2,911.74,44673.54,49034.92,37.64349999999831,31.813499999996566,5.830000000001746,0.18325553617182566
2026-07-30 03:56:00,20196.49,911.63,44673.72,49035.21,37.933499999999185,31.823499999998603,6.110000000000582,0.19199648058827126
2026-07-30 03:57:00,20196.41,911.65,44673.72,49035.16,37.88350000000355,31.83350000000064,6.05000000000291,0.1900513609877264
2026-07-30 03:58:00,20196.38,912.02,44673.67,49035.13,37.85349999999744,31.848500000000058,6.004999999997381,0.1885489112516247
2026-07-30 03:59:00,20196.3,912.47,44673.68,49035.1,37.8234999999986,31.863499999999476,5.959999999999127,0.18704787609644968
2026-07-30 04:00:00,20196.3,912.8,44673.68,49035.11,37.83350000000064,31.863499999999476,5.970000000001164,0.18736171481479633
2026-07-30 04:01:00,20196.18,912.8,44673.62,49035.0,37.72350000000006,31.863499999999476,5.860000000000582,0.18390948891366857
2026-07-30 04:02:00,20196.34,912.91,44673.8,49035.23,37.95350000000326,31.868500000000495,6.085000000002765,0.1909408977517822
2026-07-30 04:03:00,20196.82,912.74,44674.11,49035.7,38.42349999999715,31.873500000001513,6.549999999995634,0.20549986666024514
2026-07-30 04:04:00,20196.97,912.64,44674.13,49035.77,38.49349999999686,31.873500000001513,6.619999999995343,0.20769604844133932
2026-07-30 04:05:00,20197.0,912.35,44674.13,49035.79,38.51350000000093,31.873500000001513,6.639999999999418,0.20832352895035383
2026-07-30 04:06:00,20197.17,912.11,44674.38,49036.09,38.813499999996566,31.89350000000195,6.919999999994616,0.21697211030442543
2026-07-30 04:07:00,20196.88,912.28,44674.42,49036.02,38.74349999999686,31.913500000002387,6.82999999999447,0.21401601203233614
2026-07-30 04:08:00,20196.5,912.63,44674.43,49035.9,38.62350000000151,31.913500000002387,6.709999999999127,0.21025584783864587
2026-07-30 04:09:00,20196.14,913.26,44674.63,49035.92,38.64349999999831,31.913500000002387,6.7299999999959255,0.2108825418708516
2026-07-30 04:10:00,20196.08,913.22,44674.39,49035.69,38.41350000000239,31.918499999999767,6.495000000002619,0.20348700596840913
2026-07-30 04:11:00,20196.04,913.53,44674.41,49035.7,38.42349999999715,31.923499999997148,6.5,0.20361175936224352
2026-07-30 04:12:00,20196.16,913.66,44674.52,49035.83,38.553500000001804,31.923499999997148,6.630000000004657,0.20768399454963424
2026-07-30 04:13:00,20196.05,914.1,44674.49,49035.77,38.49349999999686,31.923499999997148,6.569999999999709,0.20580450138613549
2026-07-30 04:14:00,20196.43,914.19,44674.55,49035.98,38.70350000000326,31.928499999998166,6.775000000005093,0.21219286844059326
2026-07-30 04:15:00,20196.83,913.87,44674.73,49036.29,39.01350000000093,31.933499999999185,7.080000000001746,0.22171074263710294
2026-07-30 04:16:00,20197.21,913.73,44674.96,49036.65,39.37350000000151,31.95850000000064,7.415000000000873,0.2320196504842444
2026-07-30 04:17:00,20197.67,913.73,44675.22,49037.08,39.803500000001804,31.983500000002095,7.819999999999709,0.24450107086463949
2026-07-30 04:18:00,20197.82,913.94,44675.35,49037.26,39.983500000002095,31.988499999999476,7.995000000002619,0.2499335698767604
2026-07-30 04:19:00,20197.56,913.86,44675.19,49037.02,39.74349999999686,31.993499999996857,7.75,0.24223670433059094
2026-07-30 04:20:00,20197.64,913.83,44675.27,49037.14,39.863499999999476,31.993499999996857,7.870000000002619,0.24598746620417875
2026-07-30 04:21:00,20197.84,913.77,44675.48,49037.4,40.12350000000151,31.993499999996857,8.130000000004657,0.25411411693017194
2026-07-30 04:22:00,20197.89,913.41,44675.68,49037.58,40.303500000001804,32.01849999999831,8.285000000003492,0.2587566563081946
2026-07-30 04:23:00,20197.74,913.44,44675.8,49037.64,40.363499999999476,32.04349999999977,8.319999999999709,0.2596470423018637
2026-07-30 04:24:00,20197.55,913.63,44675.75,49037.52,40.24349999999686,32.063500000000204,8.179999999996653,0.255118748732877
2026-07-30 04:25:00,20197.57,913.79,44675.89,49037.66,40.38350000000355,32.08350000000064,8.30000000000291,0.2586999548055151
2026-07-30 04:26:00,20197.44,914.05,44676.06,49037.77,40.49349999999686,32.09850000000006,8.394999999996799,0.2615387011853134
2026-07-30 04:27:00,20196.87,914.27,44675.81,49037.3,40.02350000000297,32.113499999999476,7.9100000000034925,0.2463138555437315
2026-07-30 04:28:00,20197.2,914.28,44676.02,49037.64,40.363499999999476,32.113499999999476,8.25,0.2569013031902513
2026-07-30 04:29:00,20197.07,914.49,44676.14,49037.69,40.41350000000239,32.113499999999476,8.30000000000291,0.25845828078543437
2026-07-30 04:30:00,20196.88,915.09,44676.09,49037.57,40.29349999999977,32.128499999998894,8.165000000000873,0.2541357361844205
2026-07-30 04:31:00,20196.55,915.63,44676.0,49037.38,40.10349999999744,32.14349999999831,7.959999999999127,0.2476394916545972
2026-07-30 04:32:00,20196.35,916.22,44676.07,49037.37,40.09350000000268,32.15849999999773,7.935000000004948,0.2467465833296176
2026-07-30 04:33:00,20196.7,916.05,44676.19,49037.62,40.34350000000268,32.17349999999715,8.17000000000553,0.2539356924178673
2026-07-30 04:34:00,20196.72,916.01,44676.18,49037.62,40.34350000000268,32.17349999999715,8.17000000000553,0.2539356924178673
2026-07-30 04:35:00,20196.92,915.87,44676.28,49037.8,40.52350000000297,32.17349999999715,8.35000000000582,0.2595303588358917
2026-07-30 04:36:00,20196.91,916.42,44676.21,49037.73,40.45350000000326,32.183499999999185,8.270000000004075,0.2569639722219238
2026-07-30 04:37:00,20197.05,916.52,44676.27,49037.85,40.5734999999986,32.19350000000122,8.37999999999738,0.26030099243627014
2026-07-30 04:38:00,20197.04,916.53,44676.19,49037.77,40.49349999999686,32.19350000000122,8.299999999995634,0.25781601876140586
2026-07-30 04:39:00,20197.22,916.85,44676.22,49037.88,40.60349999999744,32.19350000000122,8.409999999996217,0.2612328575642877
2026-07-30 04:40:00,20197.33,917.04,44676.3,49037.99,40.71349999999802,32.19850000000224,8.51499999999578,0.26445331304238356
2026-07-30 04:41:00,20197.21,916.89,44676.23,49037.87,40.59350000000268,32.20350000000326,8.389999999999418,0.26053068765812937
2026-07-30 04:42:00,20197.53,917.51,44676.15,49037.95,40.67349999999715,32.20350000000326,8.469999999993888,0.2630148896856873
2026-07-30 04:43:00,20197.43,917.5,44676.03,49037.8,40.52350000000297,32.20350000000326,8.319999999999709,0.25835701088387497
2026-07-30 04:44:00,20197.59,917.48,44676.0,49037.82,40.54349999999977,32.20350000000326,8.339999999996508,0.25897806139070795
2026-07-30 04:45:00,20197.64,917.53,44676.01,49037.87,40.59350000000268,32.20350000000326,8.389999999999418,0.26053068765812937
2026-07-30 04:46:00,20197.72,917.98,44676.07,49037.94,40.66350000000239,32.20850000000064,8.455000000001746,0.26250834407071355
2026-07-30 04:47:00,20197.28,918.16,44675.76,49037.49,40.21349999999802,32.21349999999802,8.0,0.24834308597328733
2026-07-30 04:48:00,20197.01,918.46,44675.71,49037.35,40.0734999999986,32.21849999999904,7.854999999999563,0.24380402563743805
2026-07-30 04:49:00,20196.96,918.95,44675.7,49037.32,40.04349999999977,32.22350000000006,7.819999999999709,0.2426800316539077
2026-07-30 04:50:00,20197.07,918.84,44675.81,49037.47,40.19350000000122,32.23349999999846,7.960000000002765,0.246948050940889
2026-07-30 04:51:00,20196.81,919.81,44675.53,49037.12,39.84350000000268,32.24349999999686,7.600000000005821,0.23570642144948786
2026-07-30 04:52:00,20196.66,919.52,44675.75,49037.26,39.983500000002095,32.24349999999686,7.740000000005239,0.24004838184458863
2026-07-30 04:53:00,20196.78,919.78,44675.7,49037.27,39.99349999999686,32.24349999999686,7.75,0.24035852187264892
2026-07-30 04:54:00,20196.88,919.95,44675.81,49037.39,40.113499999999476,32.253499999998894,7.860000000000582,0.24369448276933825
2026-07-30 04:55:00,20196.94,920.2,44675.62,49037.26,39.983500000002095,32.26350000000093,7.720000000001164,0.23927968137371772
2026-07-30 04:56:00,20197.08,919.88,44675.9,49037.57,40.29349999999977,32.26350000000093,8.029999999998836,0.2488880623614488
2026-07-30 04:57:00,20197.11,920.48,44675.85,49037.55,40.27350000000297,32.26350000000093,8.010000000002037,0.24826816681394784
2026-07-30 04:58:00,20196.9,920.98,44675.76,49037.4,40.12350000000151,32.26350000000093,7.860000000000582,0.24361895020690114
2026-07-30 04:59:00,20197.17,920.7,44676.02,49037.74,40.46349999999802,32.26350000000093,8.19999999999709,0.2541571745159965
2026-07-30 05:00:00,20196.98,920.32,44676.16,49037.79,40.51350000000093,32.27850000000035,8.235000000000582,0.25512337933920387
2026-07-30 05:01:00,20197.37,920.3,44676.16,49037.92,40.64349999999831,32.29349999999977,8.349999999998545,0.25856596528708886
2026-07-30 05:02:00,20197.2,920.56,44676.3,49037.99,40.71349999999802,32.29349999999977,8.419999999998254,0.26073358415775044
2026-07-30 05:03:00,20197.01,920.88,44676.23,49037.85,40.5734999999986,32.29349999999977,8.279999999998836,0.25639834641642734
2026-07-30 05:04:00,20196.61,921.28,44676.01,49037.5,40.22350000000006,32.29349999999977,7.930000000000291,0.24556025206311946
2026-07-30 05:05:00,20196.7,921.97,44676.25,49037.76,40.483500000002095,32.29349999999977,8.190000000002328,0.2536114078685304
2026-07-30 05:06:00,20196.53,921.95,44676.07,49037.54,40.26350000000093,32.298500000000786,7.9650000000001455,0.24660587953000765
2026-07-30 05:07:00,20196.65,921.98,44676.23,49037.73,40.45350000000326,32.303500000001804,8.150000000001455,0.252294642995372
2026-07-30 05:08:00,20196.59,921.84,44676.25,49037.72,40.44350000000122,32.313500000000204,8.130000000001019,0.2515976294737793
2026-07-30 05:09:00,20196.74,921.48,44676.64,49038.13,40.85349999999744,32.3234999999986,8.529999999998836,0.26389468962207696
2026-07-30 05:10:00,20196.51,921.8,44676.52,49037.93,40.65350000000035,32.3234999999986,8.330000000001746,0.25770724086197677
2026-07-30 05:11:00,20196.7,920.95,44676.62,49038.09,40.813499999996566,32.3234999999986,8.489999999997963,0.2626571998700119
2026-07-30 05:12:00,20196.76,920.85,44676.81,49038.29,41.01350000000093,32.32849999999962,8.68500000000131,0.26864840620509495
2026-07-30 05:13:00,20196.84,920.36,44677.04,49038.52,41.24349999999686,32.33350000000064,8.909999999996217,0.275565589867971
2026-07-30 05:14:00,20196.86,919.29,44677.35,49038.78,41.503499999998894,32.33350000000064,9.169999999998254,0.2836067855319737
2026-07-30 05:15:00,20196.77,919.4,44677.4,49038.79,41.51350000000093,32.33350000000064,9.180000000000291,0.2839160622883421
2026-07-30 05:16:00,20196.98,919.57,44677.43,49038.92,41.64349999999831,32.33850000000166,9.304999999996653,0.28773752647760953
2026-07-30 05:17:00,20196.73,919.07,44677.54,49038.9,41.62350000000151,32.34350000000268,9.279999999998836,0.2869200921359181
2026-07-30 05:18:00,20196.67,919.11,44677.38,49038.73,41.45350000000326,32.34350000000268,9.110000000000582,0.2816640128619298
2026-07-30 05:19:00,20196.41,920.31,44677.06,49038.36,41.08350000000064,32.34350000000268,8.739999999997963,0.27022431091246274
2026-07-30 05:20:00,20196.45,919.75,44677.19,49038.49,41.21349999999802,32.34850000000006,8.864999999997963,0.2740467100483159
2026-07-30 05:21:00,20195.78,920.06,44676.99,49038.04,40.76350000000093,32.35349999999744,8.410000000003492,0.25994096465619354
2026-07-30 05:22:00,20195.36,922.0,44676.46,49037.41,40.13350000000355,32.35349999999744,7.780000000006112,0.24046857372484362
2026-07-30 05:23:00,20195.24,922.56,44676.15,49037.1,39.8234999999986,32.35349999999744,7.470000000001164,0.23088692104414532
2026-07-30 05:24:00,20195.17,923.44,44676.03,49036.98,39.70350000000326,32.35849999999846,7.345000000004802,0.22698827201524027
2026-07-30 05:25:00,20195.37,923.47,44676.03,49037.06,39.78349999999773,32.363499999999476,7.419999999998254,0.22927062894922903
2026-07-30 05:26:00,20195.12,923.54,44675.91,49036.85,39.5734999999986,32.368500000000495,7.204999999998108,0.22259295302525597
2026-07-30 05:27:00,20194.61,923.89,44675.91,49036.64,39.363499999999476,32.37350000000151,6.989999999997963,0.21591733979945438
2026-07-30 05:28:00,20194.38,925.08,44675.76,49036.43,39.15350000000035,32.37350000000151,6.779999999998836,0.2094305527668778
2026-07-30 05:29:00,20194.54,926.63,44675.39,49036.2,38.92349999999715,32.37350000000151,6.549999999995634,0.20232597649297507
2026-07-30 05:30:00,20194.58,927.43,44674.87,49035.75,38.47350000000006,32.37350000000151,6.099999999998545,0.18842571856605742
2026-07-30 05:31:00,20194.63,927.39,44674.62,49035.55,38.27350000000297,32.37350000000151,5.900000000001455,0.18224782615414395
2026-07-30 05:32:00,20195.03,926.15,44675.0,49036.06,38.78349999999773,32.37350000000151,6.4099999999962165,0.1980014518045907
2026-07-30 05:33:00,20195.47,924.8,44675.28,49036.47,39.19350000000122,32.37350000000151,6.819999999999709,0.21066613124930544
2026-07-30 05:34:00,20195.95,923.87,44675.56,49036.9,39.62350000000151,32.37350000000151,7.25,0.22394859993512167
2026-07-30 05:35:00,20196.1,923.95,44675.62,49037.01,39.733500000002095,32.37350000000151,7.360000000000582,0.2273464407617415
2026-07-30 05:36:00,20195.83,923.58,44675.36,49036.67,39.39349999999831,32.37850000000253,7.01499999999578,0.2166561143967519
2026-07-30 05:37:00,20195.64,923.43,44675.43,49036.64,39.363499999999476,32.38350000000355,6.9799999999959255,0.21554186545602422
2026-07-30 05:38:00,20195.63,923.07,44675.38,49036.59,39.313499999996566,32.38350000000355,6.929999999993015,0.21399786928504502
2026-07-30 05:39:00,20195.74,923.04,44675.37,49036.63,39.35349999999744,32.38350000000355,6.969999999993888,0.21523306622178343
2026-07-30 05:40:00,20195.56,923.24,44675.14,49036.34,39.063499999996566,32.38850000000093,6.674999999995634,0.20609166833893025
2026-07-30 05:41:00,20195.6,923.62,44674.95,49036.18,38.90350000000035,32.39349999999831,6.510000000002037,0.20096624322788142
2026-07-30 05:42:00,20195.44,923.78,44674.47,49035.67,38.39349999999831,32.39349999999831,6.0,0.18522234398877283
2026-07-30 05:43:00,20195.09,924.49,44674.1,49035.21,37.933499999999185,32.39349999999831,5.540000000000873,0.17102196428299388
2026-07-30 05:44:00,20195.48,924.47,44674.18,49035.44,38.16350000000239,32.39849999999933,5.765000000003056,0.17794033674408305
2026-07-30 05:45:00,20195.9,924.5,44674.18,49035.62,38.34350000000268,32.40350000000035,5.940000000002328,0.18331353094580105
2026-07-30 05:46:00,20195.97,924.72,44674.4,49035.85,38.5734999999986,32.40350000000035,6.169999999998254,0.1904115296186581
2026-07-30 05:47:00,20195.62,924.82,44673.96,49035.29,38.01350000000093,32.40350000000035,5.610000000000582,0.17312944589320664
2026-07-30 05:48:00,20195.51,925.03,44673.74,49035.06,37.78349999999773,32.40350000000035,5.379999999997381,0.16603144722012506
2026-07-30 05:49:00,20195.71,925.21,44673.75,49035.16,37.88350000000355,32.40350000000035,5.480000000003201,0.16911753359986242
2026-07-30 05:50:00,20195.95,925.38,44673.73,49035.24,37.96349999999802,32.40850000000137,5.554999999996653,0.17140564975226927
2026-07-30 05:51:00,20195.88,925.49,44673.64,49035.13,37.85349999999744,32.41350000000239,5.439999999995052,0.16783130485737893
2026-07-30 05:52:00,20195.75,925.86,44673.52,49034.97,37.69350000000122,32.41350000000239,5.279999999998836,0.16289509000874472
2026-07-30 05:53:00,20195.76,926.29,44673.3,49034.8,37.52350000000297,32.41350000000239,5.110000000000582,0.15765036173200073
2026-07-30 05:54:00,20195.78,926.24,44673.15,49034.66,37.38350000000355,32.41849999999977,4.9650000000037835,0.15315329210184983
2026-07-30 05:55:00,20196.35,926.44,44673.26,49034.99,37.71349999999802,32.42349999999715,5.290000000000873,0.16315326846273037
2026-07-30 05:56:00,20196.1,926.67,44673.24,49034.88,37.60349999999744,32.42849999999817,5.174999999999272,0.15958184929921412
2026-07-30 05:57:00,20196.24,926.66,44673.23,49034.94,37.66350000000239,32.433499999999185,5.230000000003201,0.1612530254213493
2026-07-30 05:58:00,20196.36,926.56,44673.33,49035.06,37.78349999999773,32.433499999999185,5.349999999998545,0.164952903633548
2026-07-30 05:59:00,20196.08,926.43,44673.05,49034.7,37.42349999999715,32.433499999999185,4.989999999997963,0.15385326899650326
2026-07-30 06:00:00,20195.99,926.8,44673.08,49034.7,37.42349999999715,32.438500000000204,4.984999999996944,0.15367541655739053
2026-07-30 06:01:00,20196.33,927.08,44673.33,49035.06,37.78349999999773,32.44350000000122,5.3399999999965075,0.1645938323545951
2026-07-30 06:02:00,20196.29,926.88,44673.31,49035.02,37.74349999999686,32.44350000000122,5.299999999995634,0.16336091975266032
2026-07-30 06:03:00,20196.24,926.8,44673.34,49035.03,37.753499999998894,32.44350000000122,5.309999999997672,0.16366914790320009
2026-07-30 06:04:00,20196.2,926.86,44673.4,49035.08,37.803500000001804,32.44350000000122,5.360000000000582,0.16521028865567464
2026-07-30 06:05:00,20195.95,927.24,44673.34,49034.92,37.64349999999831,32.44350000000122,5.19999999999709,0.16027863824793545
2026-07-30 06:06:00,20196.07,927.66,44673.3,49034.94,37.66350000000239,32.44850000000224,5.2150000000001455,0.16071621184337598
2026-07-30 06:07:00,20195.96,927.71,44673.21,49034.82,37.54349999999977,32.45350000000326,5.0899999999965075,0.15683978615545308
2026-07-30 06:08:00,20195.93,927.81,44673.32,49034.91,37.63350000000355,32.46350000000166,5.170000000001892,0.15925577956787246
2026-07-30 06:09:00,20195.86,927.77,44673.42,49034.99,37.71349999999802,32.47350000000006,5.239999999997963,0.1613623416015506
2026-07-30 06:10:00,20195.88,927.77,44673.46,49035.03,37.753499999998894,32.47350000000006,5.279999999998836,0.1625941152015898
2026-07-30 06:11:00,20195.58,927.97,44673.42,49034.87,37.59350000000268,32.47350000000006,5.120000000002619,0.15766702080165704
2026-07-30 06:12:00,20195.36,928.44,44673.42,49034.8,37.52350000000297,32.47350000000006,5.05000000000291,0.15551141700164445
2026-07-30 06:13:00,20195.35,928.65,44673.4,49034.78,37.503499999998894,32.47350000000006,5.029999999998836,0.15489553020151284
2026-07-30 06:14:00,20195.64,928.57,44673.48,49034.96,37.683499999999185,32.47850000000108,5.204999999998108,0.16025986421780364
2026-07-30 06:15:00,20195.16,928.64,44673.49,49034.78,37.503499999998894,32.483500000002095,5.019999999996799,0.15453999722925407
2026-07-30 06:16:00,20195.17,928.94,44673.69,49034.97,37.69350000000122,32.488499999999476,5.205000000001746,0.1602105360358844
2026-07-30 06:17:00,20194.7,928.8,44673.66,49034.74,37.46349999999802,32.49349999999686,4.970000000001164,0.15295366765665888
2026-07-30 06:18:00,20194.53,929.04,44673.76,49034.76,37.483500000002095,32.498499999997875,4.98500000000422,0.15339169500144764
2026-07-30 06:19:00,20194.37,929.39,44673.85,49034.78,37.503499999998894,32.503499999998894,5.0,0.15382958758288093
2026-07-30 06:20:00,20194.16,929.87,44673.81,49034.67,37.39349999999831,32.503499999998894,4.889999999999418,0.15044533665603962
2026-07-30 06:21:00,20194.39,929.87,44674.09,49035.03,37.753499999998894,32.503499999998894,5.25,0.16152106696202498
2026-07-30 06:22:00,20194.31,929.63,44674.23,49035.1,37.8234999999986,32.503499999998894,5.319999999999709,0.16367468118817635
2026-07-30 06:23:00,20194.19,929.78,44674.21,49035.06,37.78349999999773,32.503499999998894,5.279999999998836,0.16244404448748645
2026-07-30 06:24:00,20194.11,929.71,44674.18,49035.01,37.733500000002095,32.503499999998894,5.230000000003201,0.16090574861179194
2026-07-30 06:25:00,20193.8,929.82,44674.32,49034.99,37.71349999999802,32.503499999998894,5.209999999999127,0.16029043026133505
2026-07-30 06:26:00,20193.69,929.83,44674.41,49035.0,37.72350000000006,32.50849999999991,5.2150000000001455,0.16041958257071717
2026-07-30 06:27:00,20193.73,929.79,44674.67,49035.25,37.97350000000006,32.51350000000093,5.459999999999127,0.1679302443600034
2026-07-30 06:28:00,20193.58,930.07,44674.77,49035.29,38.01350000000093,32.51350000000093,5.5,0.16916050256047002
2026-07-30 06:29:00,20193.19,929.9,44674.77,49035.14,37.863499999999476,32.51350000000093,5.349999999998545,0.1645470343087761
2026-07-30 06:30:00,20193.18,929.54,44674.97,49035.33,38.053500000001804,32.51350000000093,5.540000000000873,0.17039076076093668
2026-07-30 06:31:00,20192.47,929.56,44674.91,49034.99,37.71349999999802,32.51350000000093,5.19999999999709,0.15993356605708214
2026-07-30 06:32:00,20193.01,929.71,44675.5,49035.75,38.47350000000006,32.51350000000093,5.959999999999127,0.18330847186550067
2026-07-30 06:33:00,20192.34,929.68,44675.53,49035.52,38.24349999999686,32.51350000000093,5.7299999999959255,0.17623448721287346
2026-07-30 06:34:00,20192.02,930.23,44675.26,49035.14,37.863499999999476,32.51350000000093,5.349999999998545,0.1645470343087761
2026-07-30 06:35:00,20191.78,930.31,44675.4,49035.17,37.89349999999831,32.51350000000093,5.379999999997381,0.16546972795907014
2026-07-30 06:36:00,20191.71,930.43,44675.43,49035.18,37.90350000000035,32.51350000000093,5.389999999999418,0.16577729250924272
2026-07-30 06:37:00,20190.98,931.09,44675.18,49034.67,37.39349999999831,32.51350000000093,4.879999999997381,0.15009150045357286
2026-07-30 06:38:00,20191.07,931.47,44675.03,49034.58,37.303500000001804,32.51850000000195,4.7849999999998545,0.14714700862584582
2026-07-30 06:39:00,20191.17,930.99,44675.19,49034.76,37.483500000002095,32.52350000000297,4.959999999999127,0.15250511168843064
2026-07-30 06:40:00,20191.29,931.3,44675.43,49035.02,37.74349999999686,32.53350000000137,5.209999999995489,0.16014262222002765
2026-07-30 06:41:00,20191.18,931.43,44675.57,49035.1,37.8234999999986,32.54349999999977,5.279999999998836,0.16224438059824153
2026-07-30 06:42:00,20190.96,931.34,44675.44,49034.91,37.63350000000355,32.54349999999977,5.0900000000037835,0.15640604114504647
2026-07-30 06:43:00,20190.81,931.65,44675.42,49034.84,37.563499999996566,32.54349999999977,5.019999999996799,0.15425507397780922
2026-07-30 06:44:00,20190.56,932.1,44675.39,49034.73,37.45350000000326,32.54349999999977,4.9100000000034925,0.1508749827155508
2026-07-30 06:45:00,20190.43,932.05,44675.46,49034.73,37.45350000000326,32.54349999999977,4.9100000000034925,0.1508749827155508
2026-07-30 06:46:00,20190.04,932.58,44675.14,49034.3,37.02350000000297,32.54349999999977,4.480000000003201,0.1376618986895458
2026-07-30 06:47:00,20190.28,932.76,44675.32,49034.56,37.28349999999773,32.54349999999977,4.739999999997963,0.14565120530975453
2026-07-30 06:48:00,20190.2,932.71,44675.43,49034.63,37.35349999999744,32.548500000000786,4.804999999996653,0.14762585065353356
2026-07-30 06:49:00,20189.85,932.64,44675.26,49034.32,37.04349999999977,32.553500000001804,4.489999999997963,0.1379267974257058
2026-07-30 06:50:00,20190.1,933.04,44675.25,49034.42,37.14349999999831,32.553500000001804,4.5899999999965075,0.14099866373803902
2026-07-30 06:51:00,20190.02,933.17,44675.33,49034.46,37.183499999999185,32.553500000001804,4.629999999997381,0.142227410263017
2026-07-30 06:52:00,20189.57,933.59,44675.08,49034.06,36.78349999999773,32.563500000000204,4.219999999997526,0.12959294916079353
2026-07-30 06:53:00,20189.49,933.45,44675.13,49034.04,36.76350000000093,32.5734999999986,4.190000000002328,0.12863217032257843
2026-07-30 06:54:00,20189.26,933.07,44675.13,49033.97,36.69350000000122,32.57849999999962,4.115000000001601,0.12631029666809854
2026-07-30 06:55:00,20188.99,933.96,44675.02,49033.77,36.49349999999686,32.58350000000064,3.9099999999962165,0.11999938619227951
2026-07-30 06:56:00,20188.83,933.72,44675.03,49033.72,36.44350000000122,32.59349999999904,3.850000000002183,0.11812171138424214
2026-07-30 06:57:00,20188.55,934.37,44675.04,49033.62,36.34350000000268,32.60349999999744,3.7400000000052387,0.11471161071681055
2026-07-30 06:58:00,20188.69,933.97,44675.06,49033.7,36.42349999999715,32.60349999999744,3.819999999999709,0.11716533501004521
2026-07-30 06:59:00,20188.49,933.84,44675.14,49033.68,36.40350000000035,32.60349999999744,3.8000000000029104,0.11655190393679234
2026-07-30 07:00:00,20188.35,934.09,44675.11,49033.6,36.3234999999986,32.60349999999744,3.720000000001164,0.1140981796433345
2026-07-30 07:01:00,20188.29,934.18,44675.12,49033.6,36.3234999999986,32.60349999999744,3.720000000001164,0.1140981796433345
2026-07-30 07:02:00,20187.96,934.09,44674.82,49033.18,35.90350000000035,32.60849999999846,3.2950000000018917,0.10104727295036717
2026-07-30 07:03:00,20187.92,934.07,44674.87,49033.2,35.92349999999715,32.613499999999476,3.3099999999976717,0.10149171355413325
2026-07-30 07:04:00,20187.87,934.29,44674.93,49033.25,35.97350000000006,32.618500000000495,3.3549999999995634,0.10285574137374534
2026-07-30 07:05:00,20187.42,934.35,44674.76,49032.9,35.62350000000151,32.62350000000151,3.0,0.09195825095406258
2026-07-30 07:06:00,20187.31,934.43,44674.83,49032.91,35.63350000000355,32.62350000000151,3.0100000000020373,0.09226477845730524
2026-07-30 07:07:00,20186.96,934.55,44674.7,49032.65,35.37350000000151,32.62350000000151,2.75,0.08429506337455737
2026-07-30 07:08:00,20186.72,934.59,44674.46,49032.32,35.04349999999977,32.62350000000151,2.4199999999982538,0.07417965576955696
2026-07-30 07:09:00,20186.23,935.13,44674.5,49032.2,34.92349999999715,32.62350000000151,2.2999999999956344,0.07050132573131417
2026-07-30 07:10:00,20186.3,935.29,44674.5,49032.22,34.94350000000122,32.62850000000253,2.3149999999986903,0.07095024288577503
2026-07-30 07:11:00,20186.09,935.42,44674.26,49031.92,34.64349999999831,32.63350000000355,2.0099999999947613,0.061593148145143564
2026-07-30 07:12:00,20186.05,935.31,44674.29,49031.93,34.65350000000035,32.63350000000355,2.0199999999967986,0.061899581718068204
2026-07-30 07:13:00,20186.21,935.65,44674.19,49031.91,34.63350000000355,32.63350000000355,2.0,0.06128671457244189
2026-07-30 07:14:00,20186.25,934.8,44674.45,49032.15,34.87350000000151,32.64350000000195,2.2299999999995634,0.06831375312081824
2026-07-30 07:15:00,20185.75,934.67,44674.57,49032.05,34.77350000000297,32.65350000000035,2.1200000000026193,0.06492412758211513
2026-07-30 07:16:00,20185.5,935.24,44674.29,49031.72,34.44350000000122,32.65350000000035,1.7900000000008731,0.05481801338297132
2026-07-30 07:17:00,20185.05,935.51,44674.22,49031.47,34.19350000000122,32.65350000000035,1.5400000000008731,0.04716186626244833
2026-07-30 07:18:00,20185.06,935.51,44674.24,49031.48,34.20350000000326,32.65850000000137,1.5450000000018917,0.0473077453037288
2026-07-30 07:19:00,20184.9,935.51,44674.1,49031.27,33.99349999999686,32.66350000000239,1.3299999999944703,0.04071823288975073
2026-07-30 07:20:00,20184.93,935.67,44674.23,49031.41,34.13350000000355,32.66350000000239,1.4700000000011642,0.04500436266784199
2026-07-30 07:21:00,20184.65,935.91,44674.02,49031.12,33.84350000000268,32.66350000000239,1.180000000000291,0.03612595098505074
2026-07-30 07:22:00,20184.87,935.86,44674.21,49031.37,34.09350000000268,32.66350000000239,1.430000000000291,0.043779754159847736
2026-07-30 07:23:00,20184.55,936.3,44674.03,49031.08,33.803500000001804,32.66350000000239,1.139999999999418,0.034901342477056486
2026-07-30 07:24:00,20184.42,936.47,44673.97,49030.97,33.69350000000122,32.66350000000239,1.0299999999988358,0.03153366908012799
2026-07-30 07:25:00,20184.27,936.72,44673.87,49030.82,33.54349999999977,32.66350000000239,0.8799999999973807,0.02694138717520524
2026-07-30 07:26:00,20184.03,936.84,44673.85,49030.7,33.42349999999715,32.66849999999977,0.7549999999973807,0.02311094785488731
2026-07-30 07:27:00,20183.92,936.99,44673.97,49030.78,33.503499999998894,32.67349999999715,0.8300000000017462,0.025402849404006878
2026-07-30 07:28:00,20183.59,937.56,44673.98,49030.68,33.40350000000035,32.67349999999715,0.7300000000032014,0.022342265138514856
2026-07-30 07:29:00,20183.28,937.7,44673.99,49030.55,33.27350000000297,32.67349999999715,0.6000000000058208,0.018363505593397497
2026-07-30 07:30:00,20183.35,937.56,44674.15,49030.72,33.44350000000122,32.67349999999715,0.7700000000040745,0.0235664988447562
2026-07-30 07:31:00,20182.98,937.68,44673.98,49030.42,33.14349999999831,32.67349999999715,0.47000000000116415,0.014384746048057452
2026-07-30 07:32:00,20182.65,937.99,44673.81,49030.14,32.863499999999476,32.67849999999817,0.18500000000130967,0.005661214560072221
2026-07-30 07:33:00,20182.64,938.29,44673.88,49030.21,32.933499999999185,32.683499999999185,0.25,0.007649119586335803
2026-07-30 07:34:00,20182.35,938.43,44673.77,49029.99,32.71349999999802,32.683499999999185,0.029999999998835847,0.0009178943503246774
2026-07-30 07:35:00,20182.44,938.74,44673.82,49030.05,32.77350000000297,32.683499999999185,0.0900000000037835,0.002753683051196651
2026-07-30 07:36:00,20182.28,938.83,44673.66,49029.86,32.58350000000064,32.683499999999185,-0.09999999999854481,0.0030596478344897976
2026-07-30 07:37:00,20182.43,938.84,44673.75,49030.01,32.733500000002095,32.683499999999185,0.05000000000291038,0.0015298239173562082
2026-07-30 07:38:00,20182.18,938.97,44673.93,49030.07,32.79349999999977,32.683499999999185,0.11000000000058208,0.003365612618005563
2026-07-30 07:39:00,20182.24,939.3,44673.84,49030.01,32.733500000002095,32.683499999999185,0.05000000000291038,0.0015298239173562082
2026-07-30 07:40:00,20182.33,939.47,44673.93,49030.14,32.863499999999476,32.683499999999185,0.18000000000029104,0.005507366102170683
2026-07-30 07:41:00,20181.94,939.24,44673.81,49029.89,32.613499999999476,32.683499999999185,-0.06999999999970896,0.00214175348416512
2026-07-30 07:42:00,20182.15,938.91,44673.97,49030.12,32.84350000000268,32.69350000000122,0.1500000000014552,0.004588067964624454
2026-07-30 07:43:00,20181.89,938.96,44674.04,49030.09,32.813499999996566,32.70350000000326,0.10999999999330612,0.0033635543594200974
2026-07-30 07:44:00,20181.58,939.03,44674.03,49029.95,32.67349999999715,32.70850000000064,-0.03500000000349246,0.0010700582418481978
2026-07-30 07:45:00,20181.55,939.03,44674.04,49029.96,32.683499999999185,32.71349999999802,-0.029999999998835847,0.0009170525929306758
2026-07-30 07:46:00,20181.22,939.12,44673.95,49029.76,32.483500000002095,32.71349999999802,-0.22999999999592546,0.007030736545950124
2026-07-30 07:47:00,20181.07,939.07,44674.13,49029.85,32.5734999999986,32.71349999999802,-0.13999999999941792,0.004279578767158097
2026-07-30 07:48:00,20180.78,939.13,44674.24,49029.83,32.553500000001804,32.71849999999904,-0.16499999999723514,0.005043018475701514
2026-07-30 07:49:00,20180.64,939.23,44674.7,49030.17,32.89349999999831,32.72350000000006,0.16999999999825377,0.005195043317440172
2026-07-30 07:50:00,20180.39,939.01,44674.51,49029.9,32.62350000000151,32.72350000000006,-0.09999999999854481,0.0030559078337752572
2026-07-30 07:51:00,20179.93,939.34,44674.4,49029.64,32.363499999999476,32.72350000000006,-0.3600000000005821,0.011001268201768803
2026-07-30 07:52:00,20179.78,938.84,44674.5,49029.67,32.39349999999831,32.72850000000108,-0.33500000000276486,0.010235727271422577
2026-07-30 07:53:00,20179.77,938.71,44674.76,49029.88,32.60349999999744,32.733500000002095,-0.1300000000046566,0.003971466540536401
2026-07-30 07:54:00,20179.69,938.64,44674.88,49029.94,32.66350000000239,32.733500000002095,-0.06999999999970896,0.0021384819832802626
2026-07-30 07:55:00,20179.41,938.58,44674.71,49029.68,32.40350000000035,32.733500000002095,-0.33000000000174623,0.010081415064130787
2026-07-30 07:56:00,20179.29,938.66,44674.73,49029.67,32.39349999999831,32.733500000002095,-0.3400000000037835,0.01038691249037719
2026-07-30 07:57:00,20179.32,938.37,44674.98,49029.9,32.62350000000151,32.733500000002095,-0.11000000000058208,0.0033604716880435955
2026-07-30 07:58:00,20178.73,938.48,44674.91,49029.61,32.33350000000064,32.733500000002095,-0.4000000000014552,0.01221989704741105
2026-07-30 07:59:00,20178.37,938.54,44674.82,49029.39,32.113499999999476,32.733500000002095,-0.6200000000026193,0.01894084042349824
2026-07-30 08:00:00,20178.26,938.21,44674.98,49029.49,32.21349999999802,32.733500000002095,-0.5200000000040745,0.015885866161701047
2026-07-30 08:01:00,20178.1,937.81,44675.0,49029.45,32.17349999999715,32.733500000002095,-0.5600000000049477,0.01710785586646438
2026-07-30 08:02:00,20177.86,937.82,44674.98,49029.32,32.04349999999977,32.738499999999476,-0.694999999999709,0.021228828443567056
2026-07-30 08:03:00,20177.28,938.05,44674.86,49028.98,31.70350000000326,32.74349999999686,-1.0399999999935972,0.03176202910482071
2026-07-30 08:04:00,20176.94,938.19,44674.87,49028.83,31.553500000001804,32.753499999998894,-1.1999999999970896,0.0366373059366825
2026-07-30 08:05:00,20176.13,938.75,44674.55,49028.22,30.943500000001222,32.76350000000093,-1.819999999999709,0.05554962076700161
2026-07-30 08:06:00,20176.01,938.44,44674.76,49028.37,31.093500000002678,32.76350000000093,-1.6699999999982538,0.05097135531912666
2026-07-30 08:07:00,20175.75,938.78,44674.69,49028.19,30.913500000002387,32.76350000000093,-1.8499999999985448,0.05646527385653218
2026-07-30 08:08:00,20175.67,938.83,44674.48,49027.98,30.70350000000326,32.76350000000093,-2.0599999999976717,0.06287484548346828
2026-07-30 08:09:00,20175.64,939.01,44674.32,49027.84,30.563499999996566,32.76350000000093,-2.2000000000043656,0.06714789323498109
2026-07-30 08:10:00,20175.67,938.8,44674.22,49027.75,30.473500000000058,32.76850000000195,-2.2950000000018917,0.0700367731205809
2026-07-30 08:11:00,20175.52,938.41,44674.25,49027.7,30.423499999997148,32.77350000000297,-2.3500000000058208,0.07170427326973342
2026-07-30 08:12:00,20175.27,938.32,44674.31,49027.65,30.373500000001513,32.77350000000297,-2.400000000001455,0.07322989610512266
2026-07-30 08:13:00,20174.88,938.67,44674.25,49027.45,30.173499999997148,32.77350000000297,-2.6000000000058208,0.07933238744734573
2026-07-30 08:14:00,20174.69,938.78,44674.12,49027.24,29.96349999999802,32.77850000000035,-2.8150000000023283,0.08587946367290444
2026-07-30 08:15:00,20174.96,938.39,44674.05,49027.3,30.02350000000297,32.78349999999773,-2.7599999999947613,0.08418869248234485
2026-07-30 08:16:00,20174.84,938.51,44673.92,49027.13,29.85349999999744,32.78349999999773,-2.930000000000291,0.0893742278890446
2026-07-30 08:17:00,20174.69,938.37,44673.81,49026.96,29.683499999999185,32.78349999999773,-3.099999999998545,0.09455976329552243
2026-07-30 08:18:00,20174.48,937.94,44673.71,49026.78,29.503499999998894,32.78849999999875,-3.2849999999998545,0.10018756576238559
2026-07-30 08:19:00,20174.52,937.84,44673.8,49026.88,29.60349999999744,32.79349999999977,-3.1900000000023283,0.09727537469322735
2026-07-30 08:20:00,20174.72,937.53,44673.96,49027.09,29.813499999996566,32.80349999999817,-2.9900000000016007,0.09114881034041392
2026-07-30 08:21:00,20174.16,937.75,44673.54,49026.48,29.20350000000326,32.813499999996566,-3.609999999993306,0.11001569475958627
2026-07-30 08:22:00,20174.35,937.7,44673.58,49026.58,29.303500000001804,32.813499999996566,-3.5099999999947613,0.10696816858899931
2026-07-30 08:23:00,20174.07,937.79,44673.38,49026.29,29.01350000000093,32.813499999996566,-3.7999999999956344,0.11580599448385671
2026-07-30 08:24:00,20173.85,938.0,44673.19,49026.03,28.753499999998894,32.818499999997584,-4.06499999999869,0.12386306503950484
2026-07-30 08:25:00,20173.81,937.81,44673.26,49026.06,28.78349999999773,32.8234999999986,-4.040000000000873,0.12308254756503861
2026-07-30 08:26:00,20173.49,937.13,44673.22,49025.89,28.613499999999476,32.83350000000064,-4.220000000001164,0.12852726635908696
2026-07-30 08:27:00,20173.2,937.06,44673.18,49025.73,28.45350000000326,32.84350000000268,-4.389999999999418,0.1336641953506496
2026-07-30 08:28:00,20173.17,937.07,44673.33,49025.84,28.563499999996566,32.84850000000006,-4.2850000000034925,0.1304473568048308
2026-07-30 08:29:00,20172.7,936.85,44673.14,49025.49,28.21349999999802,32.85349999999744,-4.639999999999418,0.14123304975116135
2026-07-30 08:30:00,20172.84,936.61,44673.15,49025.56,28.28349999999773,32.85849999999846,-4.575000000000728,0.1392333794908758
2026-07-30 08:31:00,20172.85,936.08,44673.25,49025.65,28.373500000001513,32.863499999999476,-4.489999999997963,0.13662573980245665
2026-07-30 08:32:00,20172.5,935.91,44673.23,49025.46,28.183499999999185,32.863499999999476,-4.680000000000291,0.1424072299055294
2026-07-30 08:33:00,20172.02,936.44,44672.89,49025.0,27.723500000000058,32.863499999999476,-5.139999999999418,0.15640452173382324
2026-07-30 08:34:00,20172.0,936.42,44672.81,49024.89,27.613499999999476,32.868500000000495,-5.255000000001019,0.15987951990510488
2026-07-30 08:35:00,20171.78,936.23,44672.89,49024.87,27.593500000002678,32.87350000000151,-5.279999999998836,0.16061569349167545
2026-07-30 08:36:00,20171.26,936.41,44672.65,49024.44,27.163500000002387,32.88349999999991,-5.719999999997526,0.17394742043874714
2026-07-30 08:37:00,20170.69,936.3,44672.4,49023.99,26.71349999999802,32.89349999999831,-6.180000000000291,0.1878790642528344
2026-07-30 08:38:00,20170.7,936.17,44672.5,49024.08,26.803500000001804,32.90350000000035,-6.099999999998545,0.18539061194093273
2026-07-30 08:39:00,20170.37,936.11,44672.44,49023.87,26.593500000002678,32.91350000000239,-6.319999999999709,0.19201847266317015
2026-07-30 08:40:00,20170.08,935.96,44672.45,49023.77,26.493499999996857,32.923500000000786,-6.430000000003929,0.19530122860582186
2026-07-30 08:41:00,20169.75,935.79,44672.31,49023.49,26.21349999999802,32.933499999999185,-6.720000000001164,0.20404755036668834
2026-07-30 08:42:00,20169.71,935.3,44672.21,49023.38,26.10349999999744,32.933499999999185,-6.830000000001746,0.20738761443520778
2026-07-30 08:43:00,20169.74,934.93,44672.31,49023.47,26.193500000001222,32.933499999999185,-6.739999999997963,0.20465483474268237
2026-07-30 08:44:00,20169.6,934.63,44672.32,49023.43,26.15350000000035,32.933499999999185,-6.779999999998836,0.20586940349489133
2026-07-30 08:45:00,20169.27,934.21,44672.0,49023.0,25.723500000000058,32.933499999999185,-7.209999999999127,0.21892601758086158
2026-07-30 08:46:00,20169.5,933.89,44672.15,49023.22,25.943500000001222,32.95850000000064,-7.014999999999418,0.21284342430630282
2026-07-30 08:47:00,20169.48,933.72,44672.34,49023.37,26.093500000002678,32.983500000002095,-6.889999999999418,0.20889232495032303
2026-07-30 08:48:00,20169.37,933.26,44672.31,49023.29,26.01350000000093,33.02850000000035,-7.014999999999418,0.21239232783805936
2026-07-30 08:49:00,20169.19,933.26,44672.3,49023.22,25.943500000001222,33.0734999999986,-7.129999999997381,0.2155804496045983
2026-07-30 08:50:00,20168.86,933.35,44672.17,49022.97,25.693500000001222,33.0734999999986,-7.379999999997381,0.22313937139999374
2026-07-30 08:51:00,20168.62,932.96,44672.14,49022.85,25.573499999998603,33.0734999999986,-7.5,0.22676765386186273
2026-07-30 08:52:00,20168.44,932.58,44672.15,49022.77,25.493499999996857,33.08350000000064,-7.5900000000037835,0.22941949914620993
2026-07-30 08:53:00,20168.36,932.27,44672.19,49022.76,25.483500000002095,33.09350000000268,-7.610000000000582,0.2299545227914837
2026-07-30 08:54:00,20167.81,932.2,44672.24,49022.59,25.313499999996566,33.108500000002095,-7.79500000000553,0.23543802950919057
2026-07-30 08:55:00,20167.36,931.84,44672.25,49022.4,25.123500000001513,33.12350000000151,-8.0,0.24152037073375804
2026-07-30 08:56:00,20167.28,931.5,44672.46,49022.55,25.27350000000297,33.13349999999991,-7.859999999996944,0.23722214676979386
2026-07-30 08:57:00,20166.86,931.75,44672.32,49022.26,24.983500000002095,33.14349999999831,-8.159999999996217,0.24620212107944642
2026-07-30 08:58:00,20166.71,931.51,44672.23,49022.13,24.85349999999744,33.14349999999831,-8.290000000000873,0.2501244587928642
2026-07-30 08:59:00,20166.28,931.38,44672.28,49021.98,24.70350000000326,33.14349999999831,-8.439999999995052,0.25465023307723933
2026-07-30 09:00:00,20166.06,930.73,44672.27,49021.89,24.613499999999476,33.15849999999773,-8.544999999998254,0.257701645128665
2026-07-30 09:01:00,20166.35,930.28,44672.9,49022.57,25.293499999999767,33.17349999999715,-7.879999999997381,0.2375389995025565
2026-07-30 09:02:00,20165.96,930.0,44673.06,49022.55,25.27350000000297,33.17849999999817,-7.904999999995198,0.23825670238243546
2026-07-30 09:03:00,20165.42,929.77,44673.0,49022.26,24.983500000002095,33.183499999999185,-8.19999999999709,0.24711076287906011
2026-07-30 09:04:00,20164.95,929.65,44673.09,49022.15,24.873500000001513,33.188500000000204,-8.31499999999869,0.2505385901742664
2026-07-30 09:05:00,20164.81,929.65,44673.01,49022.01,24.733500000002095,33.19350000000122,-8.459999999999127,0.2548691761940987
2026-07-30 09:06:00,20164.33,929.99,44672.89,49021.72,24.443500000001222,33.20850000000064,-8.764999999999418,0.26393844949333
2026-07-30 09:07:00,20164.05,929.74,44672.79,49021.53,24.253499999998894,33.22350000000006,-8.970000000001164,0.26998961578404285
2026-07-30 09:08:00,20164.05,929.52,44672.92,49021.63,24.35349999999744,33.238499999999476,-8.885000000002037,0.26731049836792203
2026-07-30 09:09:00,20164.18,929.38,44673.09,49021.83,24.553500000001804,33.253499999998894,-8.69999999999709,0.2616265956966148
2026-07-30 09:10:00,20163.95,928.66,44673.18,49021.81,24.53349999999773,33.26350000000093,-8.730000000003201,0.2624498323989645
2026-07-30 09:11:00,20163.67,928.36,44673.29,49021.79,24.51350000000093,33.27350000000297,-8.760000000002037,0.2632725742708539
2026-07-30 09:12:00,20163.37,928.04,44673.4,49021.76,24.483500000002095,33.29349999999977,-8.809999999997672,0.2646162163785043
2026-07-30 09:13:00,20162.72,928.21,44673.26,49021.37,24.093500000002678,33.313499999996566,-9.219999999993888,0.2767646749814591
2026-07-30 09:14:00,20162.33,928.64,44673.09,49021.08,23.803500000001804,33.313499999996566,-9.509999999994761,0.28546985456333746
2026-07-30 09:15:00,20162.08,928.66,44673.0,49020.88,23.60349999999744,33.313499999996566,-9.709999999999127,0.2914734266888837
2026-07-30 09:16:00,20162.06,928.48,44673.0,49020.89,23.613499999999476,33.32849999999962,-9.715000000000146,0.29149226637863257
2026-07-30 09:17:00,20162.31,928.36,44673.0,49020.98,23.70350000000326,33.34350000000268,-9.639999999999418,0.2891118208945865
2026-07-30 09:18:00,20162.02,927.88,44672.94,49020.8,23.52350000000297,33.37350000000151,-9.849999999998545,0.29514435105691933
2026-07-30 09:19:00,20161.75,927.41,44673.06,49020.78,23.503499999998894,33.40350000000035,-9.900000000001455,0.29637612825007414
2026-07-30 09:20:00,20161.08,927.07,44673.02,49020.48,23.20350000000326,33.41349999999875,-10.209999999995489,0.30556511589614593
2026-07-30 09:21:00,20161.42,926.87,44673.2,49020.78,23.503499999998894,33.42349999999715,-9.919999999998254,0.29679716367223963
2026-07-30 09:22:00,20161.85,926.25,44673.17,49020.91,23.63350000000355,33.433499999999185,-9.799999999995634,0.2931191768733717
2026-07-30 09:23:00,20160.67,925.6,44673.07,49020.33,23.053500000001804,33.44350000000122,-10.389999999999418,0.3106732249913747
2026-07-30 09:24:00,20160.67,925.55,44673.16,49020.41,23.13350000000355,33.47350000000006,-10.339999999996508,0.308901070996355
2026-07-30 09:25:00,20160.44,924.78,44673.08,49020.23,22.95350000000326,33.503499999998894,-10.549999999995634,0.3148924739205152
2026-07-30 09:26:00,20159.98,924.25,44673.13,49020.08,22.803500000001804,33.52349999999933,-10.719999999997526,0.3197756797469757
2026-07-30 09:27:00,20160.17,923.86,44673.23,49020.24,22.96349999999802,33.54349999999977,-10.580000000001746,0.3154113315546028
2026-07-30 09:28:00,20159.27,924.2,44672.94,49019.62,22.343500000002678,33.54349999999977,-11.19999999999709,0.3338947933279821
2026-07-30 09:29:00,20159.34,923.75,44673.02,49019.7,22.423499999997148,33.54349999999977,-11.12000000000262,0.33150983051866073
2026-07-30 09:30:00,20159.62,923.2,44673.13,49019.92,22.643499999998312,33.618500000000495,-10.975000000002183,0.3264571590047748
2026-07-30 09:31:00,20159.47,922.63,44672.95,49019.68,22.40350000000035,33.69350000000122,-11.290000000000873,0.33507946636593006
2026-07-30 09:32:00,20159.17,921.95,44672.7,49019.32,22.043499999999767,33.743500000000495,-11.700000000000728,0.34673344495978653
2026-07-30 09:33:00,20159.28,921.41,44672.79,49019.44,22.163500000002387,33.79349999999977,-11.62999999999738,0.3441490227409845
2026-07-30 09:34:00,20159.18,920.88,44672.52,49019.14,21.863499999999476,33.798500000000786,-11.93500000000131,0.3531221799784319
2026-07-30 09:35:00,20159.04,920.34,44672.5,49019.05,21.77350000000297,33.803500000001804,-12.029999999998836,0.35588030825205064
2026-07-30 09:36:00,20159.4,919.54,44672.24,49018.97,21.693500000001222,33.82350000000224,-12.130000000001019,0.3586263988055705
2026-07-30 09:37:00,20159.81,918.92,44672.15,49019.03,21.753499999998894,33.84350000000268,-12.090000000003783,0.35723255573456725
2026-07-30 09:38:00,20160.31,918.35,44672.06,49019.15,21.873500000001513,33.85350000000108,-11.979999999999563,0.3538777379000453
2026-07-30 09:39:00,20160.42,917.52,44671.58,49018.74,21.46349999999802,33.863499999999476,-12.400000000001455,0.36617597117845607
2026-07-30 09:40:00,20160.92,916.92,44671.47,49018.83,21.553500000001804,33.88850000000093,-12.334999999999127,0.36398778346633187
2026-07-30 09:41:00,20161.4,916.03,44671.37,49018.92,21.643499999998312,33.91350000000239,-12.270000000004075,0.3618028218851847
2026-07-30 09:42:00,20161.52,915.4,44671.14,49018.74,21.46349999999802,33.95349999999962,-12.4900000000016,0.36785603840551756
2026-07-30 09:43:00,20161.52,914.76,44670.78,49018.4,21.123500000001513,33.99349999999686,-12.869999999995343,0.37860179151886486
2026-07-30 09:44:00,20161.59,914.27,44670.48,49018.15,20.873500000001513,33.99349999999686,-13.119999999995343,0.3859561386734687
2026-07-30 09:45:00,20161.76,913.54,44670.31,49018.06,20.78349999999773,33.99349999999686,-13.209999999999127,0.3886037036492373
2026-07-30 09:46:00,20161.69,913.19,44670.02,49017.76,20.483500000002095,34.003499999998894,-13.519999999996799,0.39760612878077956
2026-07-30 09:47:00,20161.75,912.43,44669.55,49017.34,20.063499999996566,34.01350000000093,-13.950000000004366,0.41013127140705846
2026-07-30 09:48:00,20161.88,911.88,44669.2,49017.06,19.78349999999773,34.03849999999875,-14.255000000001019,0.4187904872424326
2026-07-30 09:49:00,20161.84,911.48,44668.81,49016.69,19.413500000002387,34.063499999996566,-14.64999999999418,0.43007911694322826
2026-07-30 09:50:00,20162.11,910.93,44668.44,49016.45,19.173499999997148,34.07849999999962,-14.905000000002474,0.4373725369368558
2026-07-30 09:51:00,20162.13,910.48,44668.32,49016.34,19.063499999996566,34.09350000000268,-15.030000000006112,0.440846495666474
2026-07-30 09:52:00,20162.39,909.81,44668.0,49016.15,18.873500000001513,34.09350000000268,-15.220000000001164,0.44641940545851755
2026-07-30 09:53:00,20162.68,909.25,44667.84,49016.11,18.83350000000064,34.09350000000268,-15.260000000002037,0.44759264962531975
2026-07-30 09:54:00,20162.41,908.61,44667.19,49015.39,18.113499999999476,34.09350000000268,-15.980000000003201,0.4687110446273321
2026-07-30 09:55:00,20162.52,908.23,44666.83,49015.1,17.823499999998603,34.09350000000268,-16.270000000004075,0.4772170648364878
2026-07-30 09:56:00,20162.6,907.97,44666.45,49014.77,17.493499999996857,34.113500000003114,-16.620000000006257,0.48719715068828295
2026-07-30 09:57:00,20162.5,907.56,44665.73,49014.08,16.803500000001804,34.13350000000355,-17.330000000001746,0.5077123646857177
2026-07-30 09:58:00,20162.66,907.18,44665.36,49013.81,16.53349999999773,34.13350000000355,-17.60000000000582,0.515622482312215
2026-07-30 09:59:00,20162.43,906.62,44664.81,49013.2,15.923499999997148,34.13350000000355,-18.210000000006403,0.5334934888014563
2026-07-30 10:00:00,20162.59,906.25,44664.5,49012.96,15.683499999999185,34.14850000000297,-18.465000000003783,0.5407265326442502
2026-07-30 10:01:00,20162.75,905.93,44664.13,49012.7,15.423499999997148,34.16350000000239,-18.74000000000524,0.5485386450452655
2026-07-30 10:02:00,20162.87,905.66,44663.83,49012.48,15.20350000000326,34.16350000000239,-18.959999999999127,0.5549782662782736
2026-07-30 10:03:00,20162.83,905.05,44663.23,49011.89,14.613499999999476,34.16350000000239,-19.55000000000291,0.5722481595855677
2026-07-30 10:04:00,20162.83,904.69,44662.76,49011.46,14.183499999999185,34.16849999999977,-19.985000000000582,0.5848954446346991
2026-07-30 10:05:00,20163.33,904.7,44662.55,49011.48,14.20350000000326,34.17349999999715,-19.969999999993888,0.5843709306917804
2026-07-30 10:06:00,20163.55,904.01,44662.06,49011.1,13.823499999998603,34.183499999999185,-20.360000000000582,0.5956089926426804
2026-07-30 10:07:00,20163.5,903.55,44661.43,49010.51,13.233500000002095,34.19350000000122,-20.959999999999127,0.612981999502782
2026-07-30 10:08:00,20163.39,903.18,44660.86,49009.94,12.663500000002387,34.19850000000224,-21.534999999999854,0.6297059812564424
2026-07-30 10:09:00,20163.67,902.91,44660.63,49009.85,12.573499999998603,34.20350000000326,-21.630000000004657,0.6323914219305801
2026-07-30 10:10:00,20163.62,902.52,44660.31,49009.51,12.233500000002095,34.20850000000064,-21.974999999998545,0.6423842027565703
2026-07-30 10:11:00,20163.8,902.08,44659.85,49009.16,11.88350000000355,34.21349999999802,-22.32999999999447,0.652666345156028
2026-07-30 10:12:00,20164.16,901.73,44659.52,49009.01,11.733500000002095,34.22849999999744,-22.494999999995343,0.6572008706194261
2026-07-30 10:13:00,20165.06,901.1,44659.26,49009.11,11.83350000000064,34.24349999999686,-22.409999999996217,0.6544307678829054
2026-07-30 10:14:00,20164.85,900.37,44658.64,49008.45,11.173499999997148,34.248499999997875,-23.075000000000728,0.6737521351300687
2026-07-30 10:15:00,20165.42,899.73,44658.39,49008.45,11.173499999997148,34.253499999998894,-23.080000000001746,0.673799757689068
2026-07-30 10:16:00,20165.68,899.49,44658.06,49008.24,10.963499999998021,34.253499999998894,-23.290000000000873,0.6799305180492979
2026-07-30 10:17:00,20165.81,899.33,44657.68,49007.94,10.663500000002387,34.253499999998894,-23.589999999996508,0.6886887471352495
2026-07-30 10:18:00,20165.83,898.66,44657.23,49007.54,10.263500000000931,34.26350000000093,-24.0,0.7004538357143709
2026-07-30 10:19:00,20166.64,898.0,44657.14,49007.78,10.503499999998894,34.27350000000297,-23.770000000004075,0.6935387398427945
2026-07-30 10:20:00,20166.28,897.9,44656.59,49007.14,9.863499999999476,34.27850000000035,-24.415000000000873,0.7122540367869254
2026-07-30 10:21:00,20166.35,897.2,44656.07,49006.69,9.413500000002387,34.28349999999773,-24.869999999995343,0.7254218501610684
2026-07-30 10:22:00,20166.83,896.65,44655.97,49006.78,9.503499999998894,34.28849999999875,-24.784999999999854,0.7228371028187515
2026-07-30 10:23:00,20167.14,896.05,44655.68,49006.63,9.353499999997439,34.29349999999977,-24.94000000000233,0.7272515199674136
2026-07-30 10:24:00,20167.2,895.38,44655.47,49006.44,9.163500000002387,34.30349999999817,-25.13999999999578,0.7328698237788308
2026-07-30 10:25:00,20166.36,895.04,44655.12,49005.78,8.503499999998894,34.313499999996566,-25.80999999999767,0.7521820857679996
2026-07-30 10:26:00,20165.48,894.89,44654.64,49004.98,7.70350000000326,34.318499999997584,-26.614999999994325,0.7755292335036845
2026-07-30 10:27:00,20165.06,894.71,44654.49,49004.68,7.403500000000349,34.3234999999986,-26.919999999998254,0.7843023001733317
2026-07-30 10:28:00,20164.79,894.41,44654.19,49004.29,7.013500000000931,34.32849999999962,-27.31499999999869,0.7956945395225248
2026-07-30 10:29:00,20164.68,894.3,44654.07,49004.11,6.83350000000064,34.33350000000064,-27.5,0.8009669855971424
2026-07-30 10:30:00,20164.42,894.22,44653.83,49003.77,6.493499999996857,34.33350000000064,-27.840000000003783,0.8108698501464536
2026-07-30 10:31:00,20164.15,893.98,44653.55,49003.41,6.133500000003551,34.33350000000064,-28.19999999999709,0.8213552361395303
2026-07-30 10:32:00,20163.86,893.84,44653.41,49003.15,5.873500000001513,34.34349999999904,-28.469999999997526,0.8289778269541055
2026-07-30 10:33:00,20163.63,893.92,44653.11,49002.79,5.513500000000931,34.35349999999744,-28.839999999996508,0.8395068915830601
2026-07-30 10:34:00,20162.92,893.83,44652.78,49002.21,4.933499999999185,34.35849999999846,-29.424999999999272,0.8564110773171295
2026-07-30 10:35:00,20163.07,893.5,44652.8,49002.27,4.993499999996857,34.363499999999476,-29.37000000000262,0.8546859312934674
2026-07-30 10:36:00,20161.7,893.71,44652.13,49001.12,3.8435000000026776,34.368500000000495,-30.524999999997817,0.8881679444839716
2026-07-30 10:37:00,20161.51,893.91,44651.94,49000.87,3.5935000000026776,34.37350000000151,-30.779999999998836,0.895457256316566
2026-07-30 10:38:00,20161.79,893.42,44651.66,49000.73,3.4535000000032596,34.37850000000253,-30.924999999999272,0.8995447736229619
2026-07-30 10:39:00,20162.15,892.72,44651.63,49000.86,3.5835000000006403,34.38350000000355,-30.80000000000291,0.8957784984076587
2026-07-30 10:40:00,20162.91,891.76,44651.78,49001.27,3.993499999996857,34.38350000000355,-30.390000000006694,0.8838541742406548
2026-07-30 10:41:00,20163.56,890.93,44651.7,49001.44,4.1635000000023865,34.38350000000355,-30.220000000001164,0.8789099422687638
2026-07-30 10:42:00,20164.04,890.17,44651.65,49001.59,4.313499999996566,34.40350000000035,-30.090000000003783,0.8746203147936541
2026-07-30 10:43:00,20164.28,889.81,44651.53,49001.56,4.28349999999773,34.42349999999715,-30.139999999999418,0.8755646578645958
2026-07-30 10:44:00,20164.6,889.39,44651.43,49001.6,4.323499999998603,34.42849999999817,-30.104999999999563,0.8744209012882108
2026-07-30 10:45:00,20164.69,888.95,44651.23,49001.45,4.173499999997148,34.433499999999185,-30.260000000002037,0.8787953591706551
2026-07-30 10:46:00,20164.78,888.57,44651.02,49001.27,3.993499999996857,34.433499999999185,-30.44000000000233,0.8840228266078978
2026-07-30 10:47:00,20164.74,888.29,44650.65,49000.93,3.6535000000003492,34.433499999999185,-30.779999999998836,0.8938969317670166
2026-07-30 10:48:00,20164.75,888.14,44650.53,49000.82,3.543499999999767,34.438500000000204,-30.895000000000437,0.8971064361107555
2026-07-30 10:49:00,20164.95,887.94,44650.32,49000.71,3.433499999999185,34.44350000000122,-31.010000000002037,0.9003150086373608
2026-07-30 10:50:00,20164.84,887.63,44650.08,49000.46,3.183499999999185,34.44350000000122,-31.260000000002037,0.9075732721703929
2026-07-30 10:51:00,20165.69,887.19,44650.15,49000.85,3.573499999998603,34.44350000000122,-30.87000000000262,0.8962503810588798
2026-07-30 10:52:00,20166.42,886.65,44650.12,49001.09,3.8134999999965657,34.438500000000204,-30.625000000003638,0.8892663733903468
2026-07-30 10:53:00,20166.19,886.51,44649.91,49000.8,3.5235000000029686,34.433499999999185,-30.909999999996217,0.8976723249160541
2026-07-30 10:54:00,20165.23,886.64,44649.6,49000.13,2.853499999997439,34.433499999999185,-31.580000000001746,0.9171301203770309
2026-07-30 10:55:00,20164.76,887.02,44649.27,48999.65,2.3735000000015134,34.433499999999185,-32.05999999999767,0.9310700335428704
2026-07-30 10:56:00,20164.96,886.33,44649.15,48999.63,2.353499999997439,34.42849999999817,-32.07500000000073,0.9316409370144629
2026-07-30 10:57:00,20165.89,885.21,44649.39,49000.2,2.923499999997148,34.42349999999715,-31.5,0.9150725521809987
2026-07-30 10:58:00,20166.62,884.56,44649.4,49000.49,3.213499999998021,34.40350000000035,-31.19000000000233,0.9065938058628341
2026-07-30 10:59:00,20166.84,884.08,44649.14,49000.32,3.043499999999767,34.38350000000355,-31.340000000003783,0.9114837058472973
2026-07-30 11:00:00,20166.59,883.82,44648.99,49000.09,2.8134999999965657,34.38350000000355,-31.570000000006985,0.9181729608679665
2026-07-30 11:01:00,20166.48,883.54,44648.88,48999.93,2.6535000000003492,34.38350000000355,-31.7300000000032,0.9228263556647789
2026-07-30 11:02:00,20165.99,883.79,44648.56,48999.44,2.1635000000023865,34.38350000000355,-32.220000000001164,0.9370773772302947
2026-07-30 11:03:00,20166.05,883.77,44648.4,48999.32,2.043499999999767,34.38350000000355,-32.34000000000378,0.9405674233280626
2026-07-30 11:04:00,20165.79,883.57,44648.11,48998.96,1.683499999999185,34.37850000000253,-32.69500000000335,0.9510304405369908
2026-07-30 11:05:00,20165.5,883.44,44647.84,48998.59,1.3134999999965657,34.37350000000151,-33.06000000000495,0.9617874234513067
2026-07-30 11:06:00,20166.16,882.74,44647.84,48998.86,1.5835000000006403,34.37350000000151,-32.79000000000087,0.9539325352378847
2026-07-30 11:07:00,20167.0,881.57,44648.12,48999.43,2.1535000000003492,34.37350000000151,-32.220000000001164,0.9373499934542524
2026-07-30 11:08:00,20166.68,881.38,44647.93,48999.11,1.8335000000006403,34.37350000000151,-32.54000000000087,0.946659490595937
2026-07-30 11:09:00,20166.1,881.64,44647.56,48998.55,1.2735000000029686,34.37350000000151,-33.099999999998545,0.9629511105938321
2026-07-30 11:10:00,20166.42,881.21,44647.53,48998.64,1.3634999999994761,34.368500000000495,-33.00500000000102,0.9603270436591804
2026-07-30 11:11:00,20166.67,880.35,44647.47,48998.66,1.3835000000035507,34.363499999999476,-32.979999999995925,0.9597392582244657
2026-07-30 11:12:00,20166.52,880.05,44647.39,48998.53,1.253499999998894,34.35849999999846,-33.10499999999956,0.9635170336307187
2026-07-30 11:13:00,20166.39,879.62,44647.15,48998.26,0.9835000000020955,34.35349999999744,-33.36999999999534,0.9713711848864841
2026-07-30 11:14:00,20166.39,879.22,44646.94,48998.07,0.7934999999997672,34.34349999999904,-33.54999999999927,0.9768951912297876
2026-07-30 11:15:00,20166.3,878.86,44646.78,48997.88,0.6034999999974389,34.33350000000064,-33.7300000000032,0.9824224154252428
2026-07-30 11:16:00,20166.13,878.6,44646.68,48997.72,0.44350000000122236,34.33350000000064,-33.88999999999942,0.9870825869776978
2026-07-30 11:17:00,20165.59,878.47,44646.43,48997.28,0.1,34.33350000000064,-34.23350000000064,0.9970873927796468
2026-07-30 11:18:00,20165.4,878.3,44646.26,48997.04,0.1,34.33350000000064,-34.23350000000064,0.9970873927796468
2026-07-30 11:19:00,20165.09,878.1,44646.06,48996.72,0.1,34.33350000000064,-34.23350000000064,0.9970873927796468
2026-07-30 11:20:00,20164.57,878.2,44645.72,48996.21,0.1,34.34349999999904,-34.24349999999904,0.9970882408607159
2026-07-30 11:21:00,20164.61,877.97,44645.69,48996.19,0.1,34.35349999999744,-34.25349999999744,0.9970890884480472
2026-07-30 11:22:00,20164.44,877.44,44645.48,48995.92,0.1,34.35849999999846,-34.258499999998456,0.9970895120566962
2026-07-30 11:23:00,20164.21,877.08,44645.4,48995.75,0.1,34.363499999999476,-34.263499999999475,0.9970899355420721
2026-07-30 11:24:00,20164.01,876.89,44645.4,48995.66,0.1,34.368500000000495,-34.26850000000049,0.9970903589042291
2026-07-30 11:25:00,20163.57,876.77,44645.17,48995.28,0.1,34.37350000000151,-34.27350000000151,0.9970907821432209
2026-07-30 11:26:00,20163.42,876.39,44644.92,48994.99,0.1,34.37350000000151,-34.27350000000151,0.9970907821432209
2026-07-30 11:27:00,20163.55,876.35,44644.82,48994.93,0.1,34.37350000000151,-34.27350000000151,0.9970907821432209
2026-07-30 11:28:00,20163.75,876.07,44644.8,48994.99,0.1,34.37350000000151,-34.27350000000151,0.9970907821432209
2026-07-30 11:29:00,20163.24,875.82,44644.49,48994.49,0.1,34.37350000000151,-34.27350000000151,0.9970907821432209
2026-07-30 11:30:00,20163.08,875.56,44644.42,48994.35,0.1,34.37350000000151,-34.27350000000151,0.9970907821432209
2026-07-30 11:31:00,20162.92,875.21,44644.35,48994.21,0.1,34.37350000000151,-34.27350000000151,0.9970907821432209
2026-07-30 11:32:00,20162.71,875.26,44644.15,48993.95,0.1,34.37350000000151,-34.27350000000151,0.9970907821432209
2026-07-30 11:33:00,20162.79,875.04,44644.03,48993.88,0.1,34.37350000000151,-34.27350000000151,0.9970907821432209
2026-07-30 11:34:00,20162.73,874.93,44643.96,48993.78,0.1,34.37850000000253,-34.27850000000253,0.9970912052591011
2026-07-30 11:35:00,20162.38,874.73,44643.66,48993.36,0.1,34.38350000000355,-34.28350000000355,0.9970916282519234
2026-07-30 11:36:00,20162.33,874.61,44643.57,48993.25,0.1,34.38350000000355,-34.28350000000355,0.9970916282519234
2026-07-30 11:37:00,20162.29,874.46,44643.62,48993.28,0.1,34.38350000000355,-34.28350000000355,0.9970916282519234
2026-07-30 11:38:00,20162.31,874.15,44643.7,48993.36,0.1,34.38350000000355,-34.28350000000355,0.9970916282519234
2026-07-30 11:39:00,20162.57,873.91,44643.81,48993.58,0.1,34.38350000000355,-34.28350000000355,0.9970916282519234
2026-07-30 11:40:00,20162.33,873.82,44643.7,48993.36,0.1,34.39350000000195,-34.29350000000195,0.997092473868609
2026-07-30 11:41:00,20161.63,873.73,44643.43,48992.83,0.1,34.40350000000035,-34.30350000000035,0.997093318993707
2026-07-30 11:42:00,20161.85,873.33,44643.61,48993.08,0.1,34.40850000000137,-34.30850000000137,0.9970937413720448
2026-07-30 11:43:00,20161.72,873.27,44643.67,48993.08,0.1,34.41350000000239,-34.313500000002385,0.9970941636276462
2026-07-30 11:44:00,20161.79,873.04,44643.75,48993.17,0.1,34.41849999999977,-34.318499999999766,0.9970945857605648
2026-07-30 11:45:00,20162.15,872.5,44643.79,48993.36,0.1,34.42349999999715,-34.323499999997146,0.9970950077708539
2026-07-30 11:46:00,20162.52,871.97,44643.84,48993.55,0.1,34.42349999999715,-34.323499999997146,0.9970950077708539
2026-07-30 11:47:00,20162.46,871.64,44643.83,48993.51,0.1,34.42349999999715,-34.323499999997146,0.9970950077708539
2026-07-30 11:48:00,20162.37,871.43,44643.82,48993.46,0.1,34.42849999999817,-34.328499999998165,0.9970954296585676
2026-07-30 11:49:00,20162.54,871.27,44643.95,48993.65,0.1,34.433499999999185,-34.333499999999184,0.9970958514237588
2026-07-30 11:50:00,20162.98,870.91,44643.93,48993.8,0.1,34.433499999999185,-34.333499999999184,0.9970958514237588
2026-07-30 11:51:00,20163.1,870.89,44643.89,48993.82,0.1,34.433499999999185,-34.333499999999184,0.9970958514237588
2026-07-30 11:52:00,20163.24,870.39,44643.86,48993.85,0.1,34.438500000000204,-34.3385000000002,0.9970962730664809
2026-07-30 11:53:00,20163.06,870.23,44643.86,48993.78,0.1,34.44350000000122,-34.34350000000122,0.9970966945867871
2026-07-30 11:54:00,20163.43,870.02,44644.3,48994.31,0.1,34.44350000000122,-34.34350000000122,0.9970966945867871
2026-07-30 11:55:00,20163.36,869.44,44643.96,48993.95,0.1,34.44350000000122,-34.34350000000122,0.9970966945867871
2026-07-30 11:56:00,20163.3,869.25,44643.83,48993.82,0.1,34.44350000000122,-34.34350000000122,0.9970966945867871
2026-07-30 11:57:00,20163.75,869.04,44643.91,48994.07,0.1,34.44350000000122,-34.34350000000122,0.9970966945867871
2026-07-30 11:58:00,20163.76,868.49,44643.81,48993.96,0.1,34.44850000000224,-34.34850000000224,0.9970971159847309
2026-07-30 11:59:00,20164.35,868.14,44643.96,48994.34,0.1,34.45350000000326,-34.35350000000326,0.9970975372603657
2026-07-30 12:00:00,20165.02,867.42,44644.08,48994.7,0.1,34.45350000000326,-34.35350000000326,0.9970975372603657
2026-07-30 12:01:00,20165.2,866.62,44644.14,48994.83,0.1,34.45350000000326,-34.35350000000326,0.9970975372603657
2026-07-30 12:02:00,20165.84,865.82,44644.36,48995.26,0.1,34.46350000000166,-34.36350000000166,0.9970983794449201
2026-07-30 12:03:00,20165.76,865.68,44644.43,48995.29,0.1,34.47350000000006,-34.37350000000006,0.9970992211408762
2026-07-30 12:04:00,20165.72,865.47,44644.38,48995.22,0.1,34.47850000000108,-34.378500000001075,0.997099641805763
2026-07-30 12:05:00,20165.66,865.03,44644.34,48995.15,0.1,34.483500000002095,-34.383500000002094,0.9971000623486597
2026-07-30 12:06:00,20165.38,864.8,44644.22,48994.92,0.1,34.488499999999476,-34.388499999999475,0.9971004827696188
2026-07-30 12:07:00,20165.44,864.46,44644.18,48994.92,0.1,34.49349999999686,-34.393499999996855,0.9971009030686938
2026-07-30 12:08:00,20166.17,863.67,44644.46,48995.45,0.1,34.49349999999686,-34.393499999996855,0.9971009030686938
2026-07-30 12:09:00,20166.2,863.28,44644.44,48995.45,0.1,34.49349999999686,-34.393499999996855,0.9971009030686938
2026-07-30 12:10:00,20166.2,862.58,44644.43,48995.42,0.1,34.49349999999686,-34.393499999996855,0.9971009030686938
2026-07-30 12:11:00,20165.88,862.23,44644.51,48995.36,0.1,34.49349999999686,-34.393499999996855,0.9971009030686938
2026-07-30 12:12:00,20165.73,862.06,44644.68,48995.45,0.1,34.498499999997875,-34.398499999997874,0.997101323245938
2026-07-30 12:13:00,20165.75,861.88,44644.69,48995.48,0.1,34.503499999998894,-34.40349999999889,0.9971017433014041
2026-07-30 12:14:00,20166.12,861.19,44644.86,48995.77,0.1,34.503499999998894,-34.40349999999889,0.9971017433014041
2026-07-30 12:15:00,20165.8,860.72,44644.88,48995.65,0.1,34.503499999998894,-34.40349999999889,0.9971017433014041
2026-07-30 12:16:00,20166.07,860.37,44645.16,48996.01,0.1,34.51350000000093,-34.41350000000093,0.9971025830472134
2026-07-30 12:17:00,20165.81,860.17,44645.24,48995.97,0.1,34.52350000000297,-34.42350000000297,0.997103422306545
2026-07-30 12:18:00,20165.64,859.74,44645.39,48996.03,0.1,34.52350000000297,-34.42350000000297,0.997103422306545
2026-07-30 12:19:00,20165.39,859.3,44645.34,48995.89,0.1,34.52350000000297,-34.42350000000297,0.997103422306545
2026-07-30 12:20:00,20165.7,858.88,44645.68,48996.31,0.1,34.52850000000035,-34.42850000000035,0.9971038417539134
2026-07-30 12:21:00,20165.67,858.48,44646.03,48996.62,0.1,34.53349999999773,-34.43349999999773,0.9971042610798209
2026-07-30 12:22:00,20165.35,858.15,44646.13,48996.55,0.1,34.54349999999977,-34.443499999999766,0.9971050993674642
2026-07-30 12:23:00,20164.99,858.08,44646.22,48996.5,0.1,34.553500000001804,-34.4535000000018,0.997105937169896
2026-07-30 12:24:00,20165.31,857.8,44646.57,48996.94,0.1,34.553500000001804,-34.4535000000018,0.997105937169896
2026-07-30 12:25:00,20165.35,857.52,44646.78,48997.15,0.1,34.553500000001804,-34.4535000000018,0.997105937169896
2026-07-30 12:26:00,20164.95,857.42,44646.65,48996.86,0.1,34.558499999999185,-34.458499999999184,0.9971063558892891
2026-07-30 12:27:00,20164.87,857.29,44647.07,48997.21,0.1,34.563499999996566,-34.463499999996564,0.9971067744875372
2026-07-30 12:28:00,20164.22,856.98,44647.21,48997.06,0.1,34.57849999999962,-34.47849999999962,0.9971080295559379
2026-07-30 12:29:00,20163.92,856.82,44647.3,48997.03,0.1,34.59350000000268,-34.493500000002676,0.9971092835359245
2026-07-30 12:30:00,20164.04,856.58,44647.62,48997.36,0.1,34.59350000000268,-34.493500000002676,0.9971092835359245
2026-07-30 12:31:00,20163.81,856.58,44647.68,48997.32,0.1,34.59350000000268,-34.493500000002676,0.9971092835359245
2026-07-30 12:32:00,20163.9,856.36,44647.75,48997.43,0.15350000000034925,34.59850000000006,-34.44499999999971,0.995563391476499
2026-07-30 12:33:00,20163.48,856.27,44647.9,48997.39,0.11349999999947613,34.60349999999744,-34.48999999999796,0.9967199849726333
2026-07-30 12:34:00,20163.36,855.75,44648.24,48997.64,0.36349999999947613,34.60349999999744,-34.23999999999796,0.989495282269149
2026-07-30 12:35:00,20163.42,855.67,44648.61,48998.0,0.7235000000000582,34.60349999999744,-33.87999999999738,0.9790917103761148
2026-07-30 12:36:00,20163.71,855.31,44648.96,48998.43,1.1535000000003492,34.60349999999744,-33.44999999999709,0.9666652217261134
2026-07-30 12:37:00,20163.78,855.07,44649.06,48998.55,1.2735000000029686,34.60349999999744,-33.32999999999447,0.9631973644283652
2026-07-30 12:38:00,20164.02,854.73,44649.19,48998.75,1.4735000000000582,34.618500000000495,-33.14500000000044,0.9574360529774532
2026-07-30 12:39:00,20163.49,854.51,44649.46,48998.78,1.503499999998894,34.63350000000355,-33.13000000000466,0.9565882743586775
2026-07-30 12:40:00,20164.0,854.26,44649.64,48999.16,1.8835000000035507,34.63350000000355,-32.75,0.9456162386128067
2026-07-30 12:41:00,20164.16,853.87,44649.69,48999.24,1.963499999998021,34.63350000000355,-32.67000000000553,0.9433063363507062
2026-07-30 12:42:00,20163.57,853.92,44649.69,48999.01,1.7335000000020955,34.63350000000355,-32.900000000001455,0.9499473053545868
2026-07-30 12:43:00,20164.0,853.4,44650.03,48999.49,2.213499999998021,34.63350000000355,-32.42000000000553,0.9360878917811427
2026-07-30 12:44:00,20164.59,852.48,44650.34,48999.99,2.713499999998021,34.63850000000093,-31.92500000000291,0.9216623121671565
2026-07-30 12:45:00,20164.69,852.01,44650.34,49000.03,2.753499999998894,34.64349999999831,-31.889999999999418,0.920519000678366
2026-07-30 12:46:00,20165.49,851.26,44650.56,49000.54,3.2635000000009313,34.64849999999933,-31.3849999999984,0.9058112183788333
2026-07-30 12:47:00,20165.56,850.91,44650.73,49000.71,3.433499999999185,34.65350000000035,-31.220000000001164,0.9009190990809254
2026-07-30 12:48:00,20165.33,850.29,44650.81,49000.68,3.4035000000003492,34.65850000000137,-31.25500000000102,0.9017989814908258
2026-07-30 12:49:00,20165.26,850.36,44651.12,49000.93,3.6535000000003492,34.66350000000239,-31.010000000002037,0.8946009491251576
2026-07-30 12:50:00,20165.35,850.04,44651.29,49001.12,3.8435000000026776,34.66350000000239,-30.81999999999971,0.8891196792013959
2026-07-30 12:51:00,20165.09,849.69,44651.38,49001.08,3.8035000000018044,34.66350000000239,-30.860000000000582,0.8902736307643042
2026-07-30 12:52:00,20164.17,849.57,44651.19,49000.54,3.2635000000009313,34.66350000000239,-31.400000000001455,0.9058519768632508
2026-07-30 12:53:00,20164.11,849.35,44651.42,49000.71,3.433499999999185,34.66350000000239,-31.2300000000032,0.9009476827210481
2026-07-30 12:54:00,20163.27,849.93,44651.54,49000.48,3.2035000000032596,34.66350000000239,-31.459999999999127,0.9075829042075082
2026-07-30 12:55:00,20163.14,849.7,44651.8,49000.67,3.393499999998312,34.66350000000239,-31.270000000004075,0.9021016342839564
2026-07-30 12:56:00,20162.32,849.79,44651.89,49000.41,3.1335000000035507,34.673500000000786,-31.539999999997235,0.9096283905575301
2026-07-30 12:57:00,20161.68,849.73,44651.78,49000.05,2.7735000000029686,34.683499999999185,-31.909999999996217,0.9200340219411814
2026-07-30 12:58:00,20161.62,849.95,44652.05,49000.29,3.0135000000009313,34.688500000000204,-31.674999999999272,0.913126828776081
2026-07-30 12:59:00,20161.43,850.0,44652.34,49000.48,3.2035000000032596,34.69350000000122,-31.489999999997963,0.9076628186835244
2026-07-30 13:00:00,20161.37,849.97,44652.57,49000.67,3.393499999998312,34.70349999999962,-31.31000000000131,0.9022144740444523
2026-07-30 13:01:00,20161.28,849.74,44652.48,49000.54,3.2635000000009313,34.71349999999802,-31.44999999999709,0.905987584081089
2026-07-30 13:02:00,20161.72,849.47,44652.69,49000.91,3.6335000000035507,34.71349999999802,-31.07999999999447,0.895328906621235
2026-07-30 13:03:00,20161.61,849.42,44652.91,49001.06,3.78349999999773,34.71349999999802,-30.93000000000029,0.8910078211647358
2026-07-30 13:04:00,20161.37,849.45,44653.13,49001.16,3.8835000000035507,34.72350000000006,-30.839999999996508,0.8881593157370788
2026-07-30 13:05:00,20161.5,849.27,44653.1,49001.19,3.9135000000023865,34.733500000002095,-30.81999999999971,0.8873277959318194
2026-07-30 13:06:00,20161.66,849.31,44653.46,49001.59,4.313499999996566,34.738499999999476,-30.42500000000291,0.8758294111721395
2026-07-30 13:07:00,20161.28,849.47,44653.46,49001.43,4.153500000000349,34.74349999999686,-30.589999999996508,0.8804524587332674
2026-07-30 13:08:00,20160.77,849.63,44653.45,49001.21,3.933499999999185,34.74349999999686,-30.80999999999767,0.8867845784103634
2026-07-30 13:09:00,20160.75,849.93,44654.04,49001.75,4.473500000000058,34.74349999999686,-30.2699999999968,0.8712421028393667
2026-07-30 13:10:00,20160.78,849.24,44653.85,49001.58,4.303500000001804,34.748499999997875,-30.44499999999607,0.8761529274644354
2026-07-30 13:11:00,20160.66,849.06,44653.74,49001.45,4.173499999997148,34.753499999998894,-30.580000000001746,0.8799113758327282
2026-07-30 13:12:00,20160.61,849.18,44653.97,49001.62,4.3435000000026776,34.753499999998894,-30.409999999996217,0.875019782180131
2026-07-30 13:13:00,20160.13,849.35,44653.96,49001.43,4.153500000000349,34.753499999998894,-30.599999999998545,0.8804868574388053
2026-07-30 13:14:00,20160.23,849.37,44654.15,49001.65,4.373500000001513,34.76350000000093,-30.389999999999418,0.874192759647291
2026-07-30 13:15:00,20160.34,849.42,44654.41,49001.94,4.6635000000023865,34.77350000000297,-30.110000000000582,0.8658892547485301
2026-07-30 13:16:00,20160.11,849.7,44654.46,49001.9,4.623500000001513,34.77350000000297,-30.150000000001455,0.8670395559836911
2026-07-30 13:17:00,20160.72,849.38,44654.74,49002.39,5.113499999999476,34.77350000000297,-29.660000000003492,0.8529483658533354
2026-07-30 13:18:00,20160.5,849.69,44654.75,49002.31,5.03349999999773,34.78850000000239,-29.755000000004657,0.8553113816348108
2026-07-30 13:19:00,20160.45,849.77,44654.71,49002.26,4.9835000000020955,34.803500000001804,-29.81999999999971,0.8568103782665009
2026-07-30 13:20:00,20160.52,849.66,44654.75,49002.32,5.043499999999767,34.803500000001804,-29.760000000002037,0.8550864137227719
2026-07-30 13:21:00,20160.52,849.67,44654.71,49002.29,5.013500000000931,34.803500000001804,-29.790000000000873,0.8559483959946365
2026-07-30 13:22:00,20160.75,850.02,44654.92,49002.57,5.293499999999767,34.808499999999185,-29.514999999999418,0.8479250757717256
2026-07-30 13:23:00,20160.8,850.17,44654.97,49002.64,5.363499999999476,34.813499999996566,-29.44999999999709,0.8459362029097905
2026-07-30 13:24:00,20161.4,849.91,44655.14,49003.03,5.753499999998894,34.8234999999986,-29.06999999999971,0.8347811104570441
2026-07-30 13:25:00,20161.37,849.79,44655.07,49002.94,5.6635000000023865,34.83350000000064,-29.169999999998254,0.8374122611852877
2026-07-30 13:26:00,20161.88,849.81,44655.29,49003.37,6.0935000000026776,34.85350000000108,-28.7599999999984,0.8251682040540408
2026-07-30 13:27:00,20161.98,849.75,44655.16,49003.29,6.013500000000931,34.87350000000151,-28.860000000000582,0.8275624758053918
2026-07-30 13:28:00,20162.34,849.68,44655.27,49003.53,6.253499999998894,34.88850000000093,-28.635000000002037,0.820757556214835
2026-07-30 13:29:00,20162.01,849.88,44655.1,49003.24,5.963499999998021,34.90350000000035,-28.94000000000233,0.8291432091338129
2026-07-30 13:30:00,20162.85,849.69,44655.57,49004.02,6.743499999996857,34.91349999999875,-28.17000000000189,0.8068512180103083
2026-07-30 13:31:00,20163.01,849.76,44655.51,49004.03,6.753499999998894,34.92349999999715,-28.169999999998254,0.8066201841167281
2026-07-30 13:32:00,20163.01,849.88,44655.5,49004.02,6.743499999996857,34.92349999999715,-28.18000000000029,0.8069065242602429
2026-07-30 13:33:00,20163.32,849.65,44655.75,49004.38,7.103499999997439,34.92349999999715,-27.81999999999971,0.7965982790957945
2026-07-30 13:34:00,20163.09,849.86,44655.84,49004.36,7.08350000000064,34.92849999999817,-27.844999999997526,0.7971999942739879
2026-07-30 13:35:00,20162.64,850.24,44655.74,49004.09,6.813499999996566,34.933499999999185,-28.12000000000262,0.8049579916127292
2026-07-30 13:36:00,20163.02,850.24,44656.06,49004.53,7.253499999998894,34.938500000000204,-27.68500000000131,0.792392346551831
2026-07-30 13:37:00,20163.48,850.35,44656.17,49004.83,7.553500000001804,34.94350000000122,-27.389999999999418,0.7838367650635586
2026-07-30 13:38:00,20163.38,850.2,44656.08,49004.71,7.433499999999185,34.94850000000224,-27.515000000003056,0.787301314791802
2026-07-30 13:39:00,20163.96,849.86,44656.28,49005.1,7.823499999998603,34.95350000000326,-27.130000000004657,0.7761740598223962
2026-07-30 13:40:00,20164.42,850.11,44656.36,49005.37,8.093500000002678,34.95850000000064,-26.864999999997963,0.7684826294033632
2026-07-30 13:41:00,20164.76,850.25,44656.54,49005.68,8.40350000000035,34.96349999999802,-26.55999999999767,0.7596493486063802
2026-07-30 13:42:00,20164.56,850.55,44656.61,49005.66,8.38350000000355,34.96849999999904,-26.58499999999549,0.7602556586641183
2026-07-30 13:43:00,20164.25,850.71,44656.61,49005.53,8.253499999998894,34.97350000000006,-26.720000000001164,0.7640070338971255
2026-07-30 13:44:00,20164.01,850.88,44656.7,49005.53,8.253499999998894,34.97350000000006,-26.720000000001164,0.7640070338971255
2026-07-30 13:45:00,20163.42,851.4,44656.73,49005.31,8.03349999999773,34.97350000000006,-26.94000000000233,0.7702975109726589
2026-07-30 13:46:00,20163.73,851.43,44656.92,49005.62,8.343500000002678,34.988499999999476,-26.6449999999968,0.7615359332351258
2026-07-30 13:47:00,20164.13,851.75,44657.15,49005.98,8.70350000000326,35.003499999998894,-26.299999999995634,0.7513534360848619
2026-07-30 13:48:00,20164.21,851.59,44656.97,49005.84,8.563499999996566,35.00849999999991,-26.445000000003347,0.7553879772056333
2026-07-30 13:49:00,20164.57,851.72,44657.12,49006.13,8.853499999997439,35.01350000000093,-26.160000000003492,0.7471403887072928
2026-07-30 13:50:00,20165.44,851.88,44657.5,49006.84,9.563499999996566,35.02850000000035,-25.465000000003783,0.7269794595830118
2026-07-30 13:51:00,20166.63,851.52,44657.74,49007.53,10.253499999998894,35.04349999999977,-24.790000000000873,0.7074065090530637
2026-07-30 13:52:00,20166.85,851.71,44657.75,49007.61,10.33350000000064,35.04349999999977,-24.709999999999127,0.70512363205728
2026-07-30 13:53:00,20166.13,851.94,44657.61,49007.2,9.923499999997148,35.04349999999977,-25.12000000000262,0.7168233766605159
2026-07-30 13:54:00,20165.98,852.01,44657.91,49007.43,10.15350000000035,35.04349999999977,-24.889999999999418,0.7102601052976896
2026-07-30 13:55:00,20166.38,852.16,44657.98,49007.65,10.373500000001513,35.04349999999977,-24.669999999998254,0.7039821935593881
2026-07-30 13:56:00,20166.86,851.99,44658.2,49008.05,10.773500000002969,35.0734999999986,-24.299999999995634,0.6928307696693117
2026-07-30 13:57:00,20167.39,851.94,44658.22,49008.28,11.003499999998894,35.10349999999744,-24.099999999998545,0.6865412280826785
2026-07-30 13:58:00,20167.17,852.14,44657.97,49007.96,10.683499999999185,35.10349999999744,-24.419999999998254,0.6956571282065901
2026-07-30 13:59:00,20167.18,852.21,44658.22,49008.21,10.933499999999185,35.10349999999744,-24.169999999998254,0.6885353312347776
2026-07-30 14:00:00,20167.54,852.2,44658.46,49008.57,11.293499999999767,35.10849999999846,-23.81499999999869,0.678325761567704
2026-07-30 14:01:00,20167.56,852.55,44658.39,49008.51,11.233500000002095,35.113499999999476,-23.87999999999738,0.6800803109914345
2026-07-30 14:02:00,20167.99,852.58,44658.77,49009.03,11.753499999998894,35.113499999999476,-23.360000000000582,0.6652711919917106
2026-07-30 14:03:00,20167.78,853.18,44658.73,49008.92,11.643499999998312,35.113499999999476,-23.470000000001164,0.6684038902416881
2026-07-30 14:04:00,20167.26,853.67,44658.54,49008.53,11.253499999998894,35.118500000000495,-23.8650000000016,0.679556359183942
2026-07-30 14:05:00,20167.85,853.69,44658.66,49008.89,11.613499999999476,35.12350000000151,-23.510000000002037,0.6693524278617172
2026-07-30 14:06:00,20168.02,853.94,44658.77,49009.07,11.793499999999767,35.12350000000151,-23.330000000001746,0.6642276538500076
2026-07-30 14:07:00,20167.41,854.16,44658.44,49008.52,11.243499999996857,35.12350000000151,-23.880000000004657,0.6798866855525112
2026-07-30 14:08:00,20167.13,854.42,44658.47,49008.45,11.173499999997148,35.12850000000253,-23.955000000005384,0.681924932747019
2026-07-30 14:09:00,20167.44,854.49,44658.54,49008.64,11.363499999999476,35.13350000000355,-23.770000000004075,0.676562255397318
2026-07-30 14:10:00,20167.58,854.23,44658.34,49008.51,11.233500000002095,35.13350000000355,-23.900000000001455,0.6802624275975647
2026-07-30 14:11:00,20168.53,854.26,44658.69,49009.24,11.963499999998021,35.13350000000355,-23.17000000000553,0.6594845375497229
2026-07-30 14:12:00,20169.04,854.6,44658.86,49009.57,12.293499999999767,35.13850000000093,-22.845000000001164,0.6501415825946059
2026-07-30 14:13:00,20167.71,854.95,44658.18,49008.41,11.13350000000355,35.14349999999831,-24.00999999999476,0.6831988845731334
2026-07-30 14:14:00,20166.74,855.2,44658.08,49007.97,10.693500000001222,35.14349999999831,-24.44999999999709,0.6957189807503027
2026-07-30 14:15:00,20167.1,855.21,44658.17,49008.18,10.90350000000035,35.14349999999831,-24.239999999997963,0.6897434803021647
2026-07-30 14:16:00,20167.47,855.3,44658.32,49008.47,11.193500000001222,35.14849999999933,-23.95499999999811,0.6815369076916103
2026-07-30 14:17:00,20168.57,855.14,44658.57,49009.14,11.863499999999476,35.15350000000035,-23.290000000000873,0.6625229351273882
2026-07-30 14:18:00,20168.33,855.17,44658.45,49008.93,11.65350000000035,35.16349999999875,-23.5099999999984,0.6685910105649107
2026-07-30 14:19:00,20167.91,855.29,44658.38,49008.71,11.433499999999185,35.17349999999715,-23.739999999997963,0.6749399405802632
2026-07-30 14:20:00,20167.96,854.94,44658.37,49008.72,11.443500000001222,35.17349999999715,-23.729999999995925,0.6746556356347208
2026-07-30 14:21:00,20168.61,854.76,44658.52,49009.11,11.83350000000064,35.17349999999715,-23.339999999996508,0.6635677427608399
2026-07-30 14:22:00,20168.7,854.97,44658.64,49009.25,11.973500000000058,35.183499999999185,-23.209999999999127,0.659684226981388
2026-07-30 14:23:00,20168.55,854.98,44658.55,49009.11,11.83350000000064,35.19350000000122,-23.360000000000582,0.6637589327574629
2026-07-30 14:24:00,20168.68,854.94,44658.64,49009.25,11.973500000000058,35.19350000000122,-23.220000000001164,0.6597809254549948
2026-07-30 14:25:00,20168.81,854.74,44658.73,49009.38,12.103499999997439,35.19350000000122,-23.090000000003783,0.6560870615313333
2026-07-30 14:26:00,20168.66,854.84,44658.48,49009.09,11.813499999996566,35.19850000000224,-23.385000000005675,0.6643749023397073
2026-07-30 14:27:00,20168.92,854.87,44658.82,49009.51,12.233500000002095,35.20350000000326,-22.970000000001164,0.6524919397218754
2026-07-30 14:28:00,20169.6,854.78,44658.99,49009.95,12.673499999997148,35.20350000000326,-22.530000000006112,0.639993182496173
2026-07-30 14:29:00,20170.12,854.76,44659.27,49010.4,13.123500000001513,35.20350000000326,-22.080000000001746,0.6272103626059824
2026-07-30 14:30:00,20169.5,854.99,44659.24,49010.12,12.843500000002678,35.20350000000326,-22.360000000000582,0.635164117204213
2026-07-30 14:31:00,20168.87,855.15,44659.13,49009.77,12.493499999996857,35.20350000000326,-22.710000000006403,0.6451063104522079
2026-07-30 14:32:00,20169.22,855.32,44659.34,49010.13,12.853499999997439,35.20350000000326,-22.35000000000582,0.6348800545401381
2026-07-30 14:33:00,20169.34,855.69,44659.55,49010.37,13.093500000002678,35.20350000000326,-22.110000000000582,0.6280625505986205
2026-07-30 14:34:00,20169.35,855.66,44659.66,49010.47,13.193500000001222,35.21350000000166,-22.020000000000437,0.6253283541823278
2026-07-30 14:35:00,20169.47,855.82,44659.94,49010.77,13.493499999996857,35.22350000000006,-21.7300000000032,0.6169176827970861
2026-07-30 14:36:00,20169.17,855.76,44659.85,49010.56,13.28349999999773,35.22350000000006,-21.94000000000233,0.6228796116229872
2026-07-30 14:37:00,20169.19,856.23,44660.05,49010.75,13.473500000000058,35.22350000000006,-21.75,0.6174854855423215
2026-07-30 14:38:00,20169.94,856.0,44660.17,49011.17,13.893499999998312,35.22350000000006,-21.330000000001746,0.6055616278905194
2026-07-30 14:39:00,20170.45,855.82,44660.43,49011.62,14.343500000002678,35.22350000000006,-20.87999999999738,0.5927860661205544
2026-07-30 14:40:00,20170.64,856.23,44660.59,49011.83,14.553500000001804,35.22350000000006,-20.669999999998254,0.5868241372946533
2026-07-30 14:41:00,20170.82,856.35,44660.73,49012.04,14.763500000000931,35.22350000000006,-20.459999999999127,0.5808622084687523
2026-07-30 14:42:00,20170.99,856.45,44660.9,49012.27,14.993499999996857,35.22850000000108,-20.23500000000422,0.5743928921186994
2026-07-30 14:43:00,20171.73,856.43,44661.35,49013.0,15.723500000000058,35.233500000002095,-19.510000000002037,0.5537343721174699
2026-07-30 14:44:00,20171.9,856.81,44661.48,49013.18,15.90350000000035,35.233500000002095,-19.330000000001746,0.5486255977975676
2026-07-30 14:45:00,20171.4,856.89,44661.29,49012.8,15.523500000002969,35.233500000002095,-19.709999999999127,0.5594107880283808
2026-07-30 14:46:00,20172.26,856.99,44661.67,49013.51,16.233500000002095,35.233500000002095,-19.0,0.5392595115443788
2026-07-30 14:47:00,20171.6,857.02,44661.72,49013.31,16.03349999999773,35.233500000002095,-19.200000000004366,0.5449359274554961
2026-07-30 14:48:00,20172.31,857.32,44662.14,49013.97,16.693500000001222,35.238499999999476,-18.544999999998254,0.526270982022462
2026-07-30 14:49:00,20172.52,857.57,44662.33,49014.25,16.973500000000058,35.24349999999686,-18.2699999999968,0.5183934626242691
2026-07-30 14:50:00,20173.31,857.39,44662.49,49014.7,17.423499999997148,35.24349999999686,-17.81999999999971,0.5056251507370522
2026-07-30 14:51:00,20172.18,858.01,44662.57,49014.31,17.03349999999773,35.24349999999686,-18.209999999999127,0.5166910210393619
2026-07-30 14:52:00,20173.28,858.21,44662.87,49015.05,17.77350000000297,35.24349999999686,-17.469999999993888,0.4956942414912096
2026-07-30 14:53:00,20173.07,858.22,44662.96,49015.03,17.753499999998894,35.24349999999686,-17.489999999997963,0.49626172201964963
2026-07-30 14:54:00,20173.48,858.63,44663.29,49015.51,18.233500000002095,35.24349999999686,-17.00999999999476,0.48264218933977265
2026-07-30 14:55:00,20174.34,858.55,44663.5,49016.05,18.77350000000297,35.24349999999686,-16.469999999993888,0.4673202150749885
2026-07-30 14:56:00,20173.69,859.16,44663.44,49015.72,18.443500000001222,35.24349999999686,-16.799999999995634,0.47668364379239103
2026-07-30 14:57:00,20173.89,859.46,44663.64,49016.01,18.733500000002095,35.24349999999686,-16.50999999999476,0.4684551761316621
2026-07-30 14:58:00,20174.21,859.51,44663.65,49016.14,18.863499999999476,35.238499999999476,-16.375,0.4646906082835604
2026-07-30 14:59:00,20173.62,859.76,44663.77,49016.01,18.733500000002095,35.233500000002095,-16.5,0.46830431265696054
2026-07-30 15:00:00,20174.2,860.28,44663.95,49016.42,19.143499999998312,35.233500000002095,-16.090000000003783,0.4566676600395313
2026-07-30 15:01:00,20175.44,859.71,44664.26,49017.19,19.913500000002387,35.233500000002095,-15.319999999999709,0.4348134587820908
2026-07-30 15:02:00,20175.74,860.21,44664.52,49017.56,20.28349999999773,35.22850000000108,-14.945000000003347,0.42423038165130195
2026-07-30 15:03:00,20176.23,860.46,44664.81,49018.03,20.753499999998894,35.22350000000006,-14.470000000001164,0.41080528624359136
2026-07-30 15:04:00,20175.96,860.79,44664.88,49017.99,20.71349999999802,35.22850000000108,-14.515000000003056,0.4120243552805999
2026-07-30 15:05:00,20175.99,860.92,44664.99,49018.09,20.813499999996566,35.233500000002095,-14.42000000000553,0.4092695871827855
2026-07-30 15:06:00,20176.46,861.05,44665.25,49018.53,21.253499999998894,35.22850000000108,-13.975000000002183,0.39669585704761073
2026-07-30 15:07:00,20176.95,861.27,44665.15,49018.64,21.363499999999476,35.22350000000006,-13.860000000000582,0.3934873025111235
2026-07-30 15:08:00,20176.73,861.58,44665.3,49018.69,21.413500000002387,35.22350000000006,-13.809999999997672,0.3920677956477252
2026-07-30 15:09:00,20176.91,862.54,44665.28,49018.76,21.483500000002095,35.22350000000006,-13.739999999997963,0.3900804860390915
2026-07-30 15:10:00,20176.53,862.43,44665.22,49018.55,21.27350000000297,35.22350000000006,-13.94999999999709,0.3960424148649926
2026-07-30 15:11:00,20176.59,862.63,44665.41,49018.76,21.483500000002095,35.22350000000006,-13.739999999997963,0.3900804860390915
2026-07-30 15:12:00,20176.7,862.88,44665.58,49018.96,21.683499999999185,35.22350000000006,-13.540000000000873,0.38440245858591143
2026-07-30 15:13:00,20177.35,862.86,44665.56,49019.2,21.923499999997148,35.22350000000006,-13.30000000000291,0.377588825642054
2026-07-30 15:14:00,20178.36,862.99,44665.84,49019.88,22.60349999999744,35.21350000000166,-12.61000000000422,0.3581012963779126
2026-07-30 15:15:00,20177.95,863.36,44666.02,49019.88,22.60349999999744,35.20350000000326,-12.60000000000582,0.3579189569220292
2026-07-30 15:16:00,20178.26,863.47,44666.24,49020.21,22.933499999999185,35.20350000000326,-12.270000000004075,0.34854488900259745
2026-07-30 15:17:00,20179.64,863.37,44666.57,49021.07,23.793499999999767,35.20350000000326,-11.410000000003492,0.3241154998793426
2026-07-30 15:18:00,20180.09,863.27,44666.75,49021.41,24.13350000000355,35.20350000000326,-11.069999999999709,0.31445736929562923
2026-07-30 15:19:00,20180.49,863.28,44666.97,49021.77,24.493499999996857,35.20350000000326,-10.710000000006403,0.3042311133837661
2026-07-30 15:20:00,20180.53,863.56,44666.98,49021.79,24.51350000000093,35.19850000000224,-10.68500000000131,0.3035640723326457
2026-07-30 15:21:00,20180.82,863.88,44667.24,49022.17,24.893499999998312,35.19350000000122,-10.30000000000291,0.2926676801114567
2026-07-30 15:22:00,20180.24,864.26,44667.33,49022.01,24.733500000002095,35.183499999999185,-10.44999999999709,0.2970142254180889
2026-07-30 15:23:00,20180.07,864.72,44667.43,49022.02,24.743499999996857,35.17349999999715,-10.430000000000291,0.2965300581403937
2026-07-30 15:24:00,20180.32,865.35,44667.49,49022.2,24.923499999997148,35.17349999999715,-10.25,0.2914125691216635
2026-07-30 15:25:00,20180.27,865.53,44667.41,49022.11,24.83350000000064,35.17349999999715,-10.339999999996508,0.29397131363092516
2026-07-30 15:26:00,20180.7,865.93,44667.56,49022.42,25.143499999998312,35.16349999999875,-10.020000000000437,0.2849545693688283
2026-07-30 15:27:00,20181.12,866.23,44667.68,49022.71,25.433499999999185,35.15350000000035,-9.720000000001164,0.27650162857186533
2026-07-30 15:28:00,20182.24,866.2,44668.0,49023.47,26.193500000001222,35.14849999999933,-8.954999999998108,0.25477616398987946
2026-07-30 15:29:00,20183.1,866.36,44668.28,49024.07,26.793499999999767,35.14349999999831,-8.349999999998545,0.23759727972452788
2026-07-30 15:30:00,20184.13,866.2,44668.33,49024.55,27.27350000000297,35.14349999999831,-7.869999999995343,0.2239389929857789
2026-07-30 15:31:00,20185.56,866.16,44668.75,49025.51,28.233500000002095,35.14349999999831,-6.9099999999962165,0.19662241950848802
2026-07-30 15:32:00,20186.76,866.18,44669.18,49026.39,29.113499999999476,35.13850000000093,-6.025000000001455,0.17146434822207252
2026-07-30 15:33:00,20187.71,866.15,44669.3,49026.88,29.60349999999744,35.13350000000355,-5.530000000006112,0.15739963282922434
2026-07-30 15:34:00,20187.68,866.53,44669.33,49026.91,29.63350000000355,35.12850000000253,-5.494999999998981,0.15642569423683292
2026-07-30 15:35:00,20186.91,867.48,44669.54,49026.79,29.51350000000093,35.12350000000151,-5.610000000000582,0.15972212336470853
2026-07-30 15:36:00,20186.06,867.9,44669.7,49026.59,29.313499999996566,35.12350000000151,-5.810000000004948,0.16541631671116766
2026-07-30 15:37:00,20185.35,868.15,44669.74,49026.35,29.073499999998603,35.12350000000151,-6.05000000000291,0.17224934872671147
2026-07-30 15:38:00,20184.99,868.85,44669.9,49026.36,29.08350000000064,35.118500000000495,-6.0349999999998545,0.17184674744080097
2026-07-30 15:39:00,20185.86,869.05,44670.18,49026.98,29.70350000000326,35.113499999999476,-5.4099999999962165,0.15407179574796864
2026-07-30 15:40:00,20186.83,869.27,44670.61,49027.78,30.503499999998894,35.113499999999476,-4.610000000000582,0.13128853574837743
2026-07-30 15:41:00,20187.48,869.58,44670.67,49028.1,30.823499999998603,35.113499999999476,-4.290000000000873,0.1221752317484995
2026-07-30 15:42:00,20187.56,870.02,44670.78,49028.24,30.96349999999802,35.10849999999846,-4.145000000000437,0.11806257743852966
2026-07-30 15:43:00,20187.64,870.43,44670.97,49028.43,31.15350000000035,35.10349999999744,-3.9499999999970896,0.11252439215455376
2026-07-30 15:44:00,20187.56,870.79,44671.17,49028.58,31.303500000001804,35.10349999999744,-3.7999999999956344,0.10825131397142483
2026-07-30 15:45:00,20187.4,871.39,44671.22,49028.58,31.303500000001804,35.10349999999744,-3.7999999999956344,0.10825131397142483
2026-07-30 15:46:00,20187.62,871.54,44671.3,49028.76,31.483500000002095,35.0734999999986,-3.5899999999965075,0.10235647996340971
2026-07-30 15:47:00,20187.73,871.94,44671.34,49028.81,31.53349999999773,35.04349999999977,-3.5100000000020373,0.1001612281878825
2026-07-30 15:48:00,20187.32,872.13,44670.91,49028.27,30.993499999996857,35.04349999999977,-4.05000000000291,0.11557064790911117
2026-07-30 15:49:00,20187.48,872.51,44671.72,49029.07,31.793499999999767,35.04349999999977,-3.25,0.09274187795168923
2026-07-30 15:50:00,20187.1,873.15,44671.73,49028.94,31.663500000002387,35.04349999999977,-3.3799999999973807,0.09645155306968206
2026-07-30 15:51:00,20187.24,873.34,44671.83,49029.09,31.813499999996566,35.04349999999977,-3.2300000000032014,0.09217115870284712
2026-07-30 15:52:00,20186.99,873.49,44671.68,49028.86,31.58350000000064,35.02850000000035,-3.444999999999709,0.09834848766003895
2026-07-30 15:53:00,20187.18,873.84,44671.95,49029.19,31.913500000002387,35.01350000000093,-3.099999999998545,0.0885372784782573
2026-07-30 15:54:00,20187.73,873.95,44672.35,49029.79,32.51350000000093,35.00849999999991,-2.4949999999989814,0.07126840624416891
2026-07-30 15:55:00,20188.28,873.97,44672.53,49030.15,32.87350000000151,35.003499999998894,-2.1299999999973807,0.06085105775129481
2026-07-30 15:56:00,20188.14,874.15,44672.46,49030.05,32.77350000000297,34.988499999999476,-2.2149999999965075,0.06330651499768612
2026-07-30 15:57:00,20188.88,874.23,44672.76,49030.62,33.34350000000268,34.97350000000006,-1.6299999999973807,0.046606716513857005
2026-07-30 15:58:00,20189.66,874.14,44672.9,49031.07,33.79349999999977,34.97350000000006,-1.180000000000291,0.03373983158678111
2026-07-30 15:59:00,20189.99,874.48,44672.97,49031.27,33.99349999999686,34.97350000000006,-0.9800000000032014,0.028021216063682495
2026-07-30 16:00:00,20190.07,874.81,44673.15,49031.45,34.17349999999715,34.96849999999904,-0.7950000000018917,0.022734746986628352
2026-07-30 16:01:00,20189.92,874.74,44672.92,49031.19,33.91350000000239,34.96349999999802,-1.0499999999956344,0.030031318374753497
2026-07-30 16:02:00,20190.41,875.07,44673.37,49031.81,34.53349999999773,34.95850000000064,-0.4250000000029104,0.01215727219425612
2026-07-30 16:03:00,20189.82,875.74,44673.22,49031.44,34.16350000000239,34.95350000000326,-0.7900000000008731,0.022601456220429982
2026-07-30 16:04:00,20190.41,875.53,44673.54,49031.97,34.69350000000122,34.94850000000224,-0.25500000000101863,0.00729645049146608
2026-07-30 16:05:00,20190.13,875.99,44673.32,49031.66,34.38350000000355,34.94350000000122,-0.5599999999976717,0.016025870333471234
2026-07-30 16:06:00,20190.48,876.36,44673.88,49032.32,35.04349999999977,34.933499999999185,0.11000000000058208,0.0031488399387574863
2026-07-30 16:07:00,20190.58,876.31,44673.94,49032.43,35.15350000000035,34.92349999999715,0.23000000000320142,0.0065858232995896805
2026-07-30 16:08:00,20190.71,876.68,44674.29,49032.79,35.51350000000093,34.92349999999715,0.5900000000037835,0.016894068464038018
2026-07-30 16:09:00,20190.77,876.82,44674.35,49032.87,35.59350000000268,34.92349999999715,0.6700000000055297,0.0191847896117395
2026-07-30 16:10:00,20190.77,877.01,44674.37,49032.89,35.613499999999476,34.91349999999875,0.7000000000007276,0.02004955103328949
2026-07-30 16:11:00,20190.63,877.26,44674.54,49033.01,35.733500000002095,34.90350000000035,0.8300000000017462,0.023779850158343375
2026-07-30 16:12:00,20190.23,877.89,44674.63,49032.92,35.64349999999831,34.88850000000093,0.7549999999973807,0.02164036860275909
2026-07-30 16:13:00,20189.98,878.24,44674.56,49032.77,35.49349999999686,34.87350000000151,0.6199999999953434,0.01777854244613579
2026-07-30 16:14:00,20190.34,878.32,44674.66,49033.03,35.753499999998894,34.85350000000108,0.8999999999978172,0.025822370780489462
2026-07-30 16:15:00,20190.74,878.44,44674.8,49033.34,36.063499999996566,34.83350000000064,1.2299999999959255,0.03531083583320375
2026-07-30 16:16:00,20191.41,878.72,44675.45,49034.19,36.91350000000239,34.8234999999986,2.0900000000037835,0.06001694258198824
2026-07-30 16:17:00,20191.12,878.61,44675.18,49033.81,36.53349999999773,34.813499999996566,1.7200000000011642,0.04940612118865767
2026-07-30 16:18:00,20191.21,878.61,44675.17,49033.85,36.5734999999986,34.808499999999185,1.764999999999418,0.05070600571697888
2026-07-30 16:19:00,20191.54,878.89,44675.6,49034.37,37.09350000000268,34.803500000001804,2.290000000000873,0.06579798008823119
2026-07-30 16:20:00,20191.1,879.23,44675.61,49034.21,36.933499999999185,34.803500000001804,2.1299999999973807,0.0612007413046754
2026-07-30 16:21:00,20190.88,879.66,44675.68,49034.19,36.91350000000239,34.803500000001804,2.110000000000582,0.060626086456835454
2026-07-30 16:22:00,20190.88,879.85,44675.93,49034.42,37.14349999999831,34.78850000000239,2.3549999999959255,0.06769478419580505
2026-07-30 16:23:00,20190.36,880.15,44675.84,49034.12,36.84350000000268,34.77350000000297,2.069999999999709,0.05952808891827203
2026-07-30 16:24:00,20189.8,880.74,44675.94,49033.99,36.71349999999802,34.77350000000297,1.9399999999950523,0.05578960990394659
2026-07-30 16:25:00,20189.18,880.99,44675.93,49033.74,36.46349999999802,34.77350000000297,1.6899999999950523,0.048600227184347505
2026-07-30 16:26:00,20189.01,881.27,44675.82,49033.58,36.303500000001804,34.76350000000093,1.5400000000008731,0.04429933694825987
2026-07-30 16:27:00,20188.74,881.7,44675.97,49033.61,36.33350000000064,34.753499999998894,1.5800000000017462,0.04546304688741556
2026-07-30 16:28:00,20188.53,881.89,44676.11,49033.66,36.38350000000355,34.748499999997875,1.6350000000056752,0.047052390750846086
2026-07-30 16:29:00,20188.08,882.21,44676.14,49033.49,36.21349999999802,34.74349999999686,1.4700000000011642,0.042310072387678185
2026-07-30 16:30:00,20187.79,882.75,44676.27,49033.51,36.233500000002095,34.74349999999686,1.4900000000052387,0.042885719631164776
2026-07-30 16:31:00,20187.49,882.78,44676.28,49033.39,36.113499999999476,34.74349999999686,1.3700000000026193,0.039431836170873494
2026-07-30 16:32:00,20187.14,883.35,44676.33,49033.31,36.03349999999773,34.738499999999476,1.2949999999982538,0.037278523827979713
2026-07-30 16:33:00,20186.88,883.46,44676.3,49033.16,35.88350000000355,34.733500000002095,1.1500000000014552,0.03310924611690114
2026-07-30 16:34:00,20186.38,883.61,44676.07,49032.77,35.49349999999686,34.71350000000166,0.7799999999951979,0.022469644374527507
2026-07-30 16:35:00,20186.56,883.8,44676.6,49033.32,36.04349999999977,34.69350000000122,1.3499999999985448,0.038912188162004334
2026-07-30 16:36:00,20185.85,884.13,44676.37,49032.83,35.553500000001804,34.678500000001804,0.875,0.025231771847108567
2026-07-30 16:37:00,20185.53,884.35,44676.4,49032.72,35.44350000000122,34.66350000000239,0.7799999999988358,0.022502055476186254
2026-07-30 16:38:00,20185.77,884.47,44676.5,49032.92,35.64349999999831,34.66350000000239,0.9799999999959255,0.028271813290517634
2026-07-30 16:39:00,20185.43,884.81,44676.47,49032.75,35.47350000000006,34.66350000000239,0.8099999999976717,0.023367519148314968
2026-07-30 16:40:00,20184.7,885.26,44676.26,49032.29,35.01350000000093,34.66350000000239,0.3499999999985448,0.010097076175184868
2026-07-30 16:41:00,20184.89,885.21,44676.33,49032.42,35.14349999999831,34.66350000000239,0.47999999999592546,0.013847418754479276
2026-07-30 16:42:00,20185.1,885.41,44676.55,49032.71,35.433499999999185,34.66350000000239,0.7699999999967986,0.022213567585406713
2026-07-30 16:43:00,20184.86,885.88,44676.57,49032.64,35.363499999999476,34.66350000000239,0.6999999999970896,0.020194152350369737
2026-07-30 16:44:00,20184.53,886.21,44676.42,49032.39,35.113499999999476,34.65850000000137,0.45499999999810825,0.013128092675623305
2026-07-30 16:45:00,20184.47,886.47,44676.47,49032.4,35.12350000000151,34.65350000000035,0.47000000000116415,0.01356284358004702
2026-07-30 16:46:00,20184.53,886.63,44676.52,49032.47,35.19350000000122,34.64849999999933,0.5450000000018917,0.01572939665503275
2026-07-30 16:47:00,20184.38,887.15,44676.81,49032.68,35.40350000000035,34.64349999999831,0.7600000000020373,0.021937737237925563
2026-07-30 16:48:00,20183.8,887.42,44676.61,49032.28,35.003499999998894,34.63850000000093,0.36499999999796273,0.010537407797622671
2026-07-30 16:49:00,20183.68,887.58,44676.58,49032.18,34.90350000000035,34.63350000000355,0.2699999999967986,0.007795920135036046
2026-07-30 16:50:00,20183.5,887.99,44676.72,49032.25,34.97350000000006,34.63350000000355,0.33999999999650754,0.009817084614505398
2026-07-30 16:51:00,20183.71,888.19,44676.89,49032.5,35.22350000000006,34.63350000000355,0.5899999999965075,0.01703552918406881
2026-07-30 16:52:00,20183.62,888.64,44676.81,49032.4,35.12350000000151,34.63350000000355,0.48999999999796273,0.01414815135628546
2026-07-30 16:53:00,20183.87,888.81,44677.06,49032.73,35.45350000000326,34.63350000000355,0.819999999999709,0.023676498188159582
2026-07-30 16:54:00,20184.15,889.07,44677.35,49033.11,35.83350000000064,34.618500000000495,1.2150000000001455,0.03509684128428812
2026-07-30 16:55:00,20183.83,889.26,44677.13,49032.78,35.503499999998894,34.60349999999744,0.9000000000014552,0.026008929732585485
2026-07-30 16:56:00,20183.54,889.7,44677.11,49032.65,35.37350000000151,34.60349999999744,0.7700000000040745,0.02225208432684935
2026-07-30 16:57:00,20183.51,890.07,44677.33,49032.86,35.58350000000064,34.60349999999744,0.9800000000032014,0.02832083459775092
2026-07-30 16:58:00,20183.57,890.52,44677.38,49032.94,35.66350000000239,34.59850000000006,1.0650000000023283,0.03078168128682823
2026-07-30 16:59:00,20183.56,890.9,44677.43,49032.98,35.70350000000326,34.59350000000268,1.110000000000582,0.032086952751253735
2026-07-30 17:00:00,20183.55,891.15,44677.41,49032.96,35.683499999999185,34.57350000000224,1.109999999996944,0.03210551433892641
2026-07-30 17:01:00,20183.7,891.59,44677.71,49033.3,36.02350000000297,34.553500000001804,1.4700000000011642,0.04254272360256088
2026-07-30 17:02:00,20183.57,891.93,44677.66,49033.22,35.94350000000122,34.54349999999977,1.4000000000014552,0.040528608855543435
2026-07-30 17:03:00,20183.67,892.19,44677.85,49033.42,36.14349999999831,34.53349999999773,1.610000000000582,0.046621396614901126
2026-07-30 17:04:00,20183.63,892.47,44677.86,49033.42,36.14349999999831,34.51849999999831,1.625,0.04707620551298809
2026-07-30 17:05:00,20183.72,892.93,44677.85,49033.46,36.183499999999185,34.503499999998894,1.680000000000291,0.048690712536419344
2026-07-30 17:06:00,20184.18,893.18,44678.1,49033.88,36.60349999999744,34.503499999998894,2.099999999998545,0.06086339067047146
2026-07-30 17:07:00,20184.06,893.47,44678.07,49033.8,36.52350000000297,34.503499999998894,2.0200000000040745,0.05854478531175502
2026-07-30 17:08:00,20184.01,893.75,44677.94,49033.67,36.39349999999831,34.498499999997875,1.8950000000004366,0.054929924489486595
2026-07-30 17:09:00,20184.22,893.87,44678.1,49033.89,36.613499999999476,34.49349999999686,2.1200000000026193,0.06146085494376658
2026-07-30 17:10:00,20184.28,894.13,44678.22,49034.03,36.753499999998894,34.48349999999846,2.2700000000004366,0.06582858468544486
2026-07-30 17:11:00,20184.79,894.27,44678.44,49034.44,37.16350000000239,34.47350000000006,2.6900000000023283,0.07803095131049426
2026-07-30 17:12:00,20184.77,894.74,44678.59,49034.58,37.303500000001804,34.46350000000166,2.8400000000001455,0.0824060237642726
2026-07-30 17:13:00,20184.65,895.05,44678.4,49034.37,37.09350000000268,34.45350000000326,2.639999999999418,0.07662501632632876
2026-07-30 17:14:00,20184.59,895.46,44678.4,49034.37,37.09350000000268,34.45350000000326,2.639999999999418,0.07662501632632876
2026-07-30 17:15:00,20184.65,895.72,44678.49,49034.47,37.19350000000122,34.45350000000326,2.7399999999979627,0.07952747906592084
2026-07-30 17:16:00,20184.93,896.01,44678.6,49034.7,37.42349999999715,34.44850000000224,2.974999999994907,0.08636079945410434
2026-07-30 17:17:00,20185.04,896.26,44678.76,49034.88,37.60349999999744,34.44350000000122,3.1599999999962165,0.0917444510574159
2026-07-30 17:18:00,20185.08,896.28,44678.51,49034.68,37.40350000000035,34.44350000000122,2.959999999999127,0.08593784023107472
2026-07-30 17:19:00,20185.19,896.53,44678.52,49034.72,37.44350000000122,34.44350000000122,3.0,0.0870991623963852
2026-07-30 17:20:00,20185.75,896.68,44678.77,49035.19,37.91350000000239,34.44350000000122,3.470000000001164,0.10074469783851935
2026-07-30 17:21:00,20185.81,896.97,44678.66,49035.12,37.84350000000268,34.44350000000122,3.400000000001455,0.0987123840492788
2026-07-30 17:22:00,20186.12,896.96,44678.65,49035.23,37.95350000000326,34.433499999999185,3.5200000000040745,0.1022260298838096
2026-07-30 17:23:00,20186.4,897.08,44678.56,49035.26,37.983500000002095,34.42349999999715,3.5600000000049477,0.10341772335774231
2026-07-30 17:24:00,20186.66,897.51,44678.57,49035.39,38.113499999999476,34.41849999999977,3.694999999999709,0.10735505614712244
2026-07-30 17:25:00,20186.79,897.47,44678.55,49035.43,38.15350000000035,34.41350000000239,3.7399999999979627,0.1086782803259681
2026-07-30 17:26:00,20186.93,897.78,44678.4,49035.34,38.063499999996566,34.40850000000137,3.654999999995198,0.1062237528516225
2026-07-30 17:27:00,20187.57,897.59,44678.58,49035.76,38.483500000002095,34.40350000000035,4.080000000001746,0.1185925850568025
2026-07-30 17:28:00,20188.06,897.63,44678.62,49036.0,38.72350000000006,34.39350000000195,4.329999999998108,0.12589588148917275
2026-07-30 17:29:00,20188.47,897.9,44678.81,49036.34,39.063499999996566,34.38350000000355,4.679999999993015,0.13611179780977886
2026-07-30 17:30:00,20188.31,898.04,44678.65,49036.13,38.85349999999744,34.38350000000355,4.469999999993888,0.13000421713884353
2026-07-30 17:31:00,20187.86,898.25,44678.26,49035.6,38.3234999999986,34.38350000000355,3.9399999999950523,0.11458984687407174
2026-07-30 17:32:00,20188.48,898.34,44678.52,49036.09,38.813499999996566,34.37850000000253,4.434999999994034,0.1290050467586924
2026-07-30 17:33:00,20188.12,898.6,44678.2,49035.66,38.38350000000355,34.37350000000151,4.010000000002037,0.11665963605690025
2026-07-30 17:34:00,20188.09,898.83,44678.12,49035.58,38.303500000001804,34.37350000000151,3.930000000000291,0.11433226177142619
2026-07-30 17:35:00,20188.58,898.92,44678.29,49035.94,38.66350000000239,34.37350000000151,4.290000000000873,0.1248054460558478
2026-07-30 17:36:00,20188.6,899.06,44678.28,49035.94,38.66350000000239,34.37350000000151,4.290000000000873,0.1248054460558478
2026-07-30 17:37:00,20188.93,899.34,44678.48,49036.25,38.97350000000006,34.37350000000151,4.599999999998545,0.1338240214117952
2026-07-30 17:38:00,20188.88,899.6,44678.43,49036.18,38.90350000000035,34.34850000000006,4.555000000000291,0.13261132218292745
2026-07-30 17:39:00,20188.52,899.75,44678.28,49035.91,38.63350000000355,34.3234999999986,4.310000000004948,0.12556994479016192
2026-07-30 17:40:00,20188.3,899.92,44678.18,49035.73,38.45350000000326,34.28349999999773,4.17000000000553,0.1216328554554175
2026-07-30 17:41:00,20187.74,899.99,44677.99,49035.33,38.053500000001804,34.24349999999686,3.8100000000049477,0.11126199132697584
2026-07-30 17:42:00,20187.89,900.48,44678.08,49035.48,38.20350000000326,34.24349999999686,3.960000000006403,0.11564238468634241
2026-07-30 17:43:00,20187.8,900.92,44677.95,49035.33,38.053500000001804,34.24349999999686,3.8100000000049477,0.11126199132697584
2026-07-30 17:44:00,20187.75,901.18,44677.81,49035.19,37.91350000000239,34.22350000000006,3.6900000000023283,0.10782064955373712
2026-07-30 17:45:00,20187.63,901.32,44677.63,49034.97,37.69350000000122,34.20350000000326,3.4899999999979627,0.10203634131003056
2026-07-30 17:46:00,20187.29,901.58,44677.54,49034.76,37.483500000002095,34.19850000000224,3.2849999999998545,0.09605684459843675
2026-07-30 17:47:00,20187.08,901.86,44677.48,49034.62,37.34350000000268,34.19350000000122,3.150000000001455,0.09212277187188625
2026-07-30 17:48:00,20187.25,901.96,44677.6,49034.81,37.53349999999773,34.183499999999185,3.349999999998545,0.0980004973159163
2026-07-30 17:49:00,20187.77,901.69,44677.72,49035.11,37.83350000000064,34.17349999999715,3.6600000000034925,0.10710053111340068
2026-07-30 17:50:00,20188.24,901.64,44677.63,49035.24,37.96349999999802,34.17349999999715,3.790000000000873,0.11090464833865976
2026-07-30 17:51:00,20188.38,901.53,44677.66,49035.32,38.04349999999977,34.17349999999715,3.8700000000026193,0.11324564355430208
2026-07-30 17:52:00,20188.44,901.65,44677.54,49035.23,37.95350000000326,34.16849999999977,3.7850000000034925,0.11077454380506953
2026-07-30 17:53:00,20188.56,901.81,44677.46,49035.21,37.933499999999185,34.16350000000239,3.7699999999967986,0.11035169113224744
2026-07-30 17:54:00,20188.79,901.59,44677.47,49035.32,38.04349999999977,34.14850000000297,3.8949999999967986,0.11406064688043281
2026-07-30 17:55:00,20189.13,901.55,44677.46,49035.44,38.16350000000239,34.13350000000355,4.029999999998836,0.11806582975664426
2026-07-30 17:56:00,20189.28,901.79,44677.43,49035.47,38.19350000000122,34.12350000000151,4.069999999999709,0.11927264202088088
2026-07-30 17:57:00,20189.63,901.98,44677.53,49035.71,38.433499999999185,34.113499999999476,4.319999999999709,0.12663608248933048
2026-07-30 17:58:00,20189.88,901.99,44677.42,49035.71,38.433499999999185,34.10350000000108,4.329999999998108,0.1269664403946214
2026-07-30 17:59:00,20189.97,902.25,44677.34,49035.67,38.39349999999831,34.09350000000268,4.299999999995634,0.12612374792835282
2026-07-30 18:00:00,20189.96,902.5,44677.2,49035.55,38.27350000000297,34.09350000000268,4.180000000000291,0.1226040154281597
2026-07-30 18:01:00,20189.8,902.82,44676.97,49035.28,38.003499999998894,34.09350000000268,3.9099999999962165,0.11468461730229837
2026-07-30 18:02:00,20189.98,902.98,44676.97,49035.37,38.09350000000268,34.08850000000166,4.005000000001019,0.11748830250673464
2026-07-30 18:03:00,20189.99,903.46,44677.09,49035.49,38.21349999999802,34.08350000000064,4.129999999997381,0.12117300159893506
2026-07-30 18:04:00,20189.46,904.08,44676.99,49035.2,37.92349999999715,34.08350000000064,3.8399999999965075,0.11266448574813137
2026-07-30 18:05:00,20189.31,904.29,44676.8,49034.96,37.683499999999185,34.08350000000064,3.599999999998545,0.10562295538892652
2026-07-30 18:06:00,20189.08,904.54,44676.59,49034.67,37.39349999999831,34.0734999999986,3.319999999999709,0.09743642420062057
2026-07-30 18:07:00,20188.8,904.83,44676.71,49034.67,37.39349999999831,34.063499999996566,3.3300000000017462,0.09775859791278295
2026-07-30 18:08:00,20188.49,905.01,44676.7,49034.54,37.26350000000093,34.058499999999185,3.2050000000017462,0.09410279372261911
2026-07-30 18:09:00,20188.48,905.24,44676.77,49034.6,37.3234999999986,34.053500000001804,3.2699999999967986,0.09602537184126816
2026-07-30 18:10:00,20188.28,905.33,44676.63,49034.4,37.12350000000151,34.048500000000786,3.0750000000007276,0.09031234856162992
2026-07-30 18:11:00,20188.57,905.24,44676.63,49034.52,37.24349999999686,34.04349999999977,3.1999999999970896,0.09399738569762543
2026-07-30 18:12:00,20188.65,905.59,44676.61,49034.53,37.253499999998894,34.02850000000035,3.224999999998545,0.09477349868488213
2026-07-30 18:13:00,20188.66,906.02,44676.67,49034.6,37.3234999999986,34.01350000000093,3.3099999999976717,0.09731430167426407
2026-07-30 18:14:00,20188.89,906.13,44676.64,49034.66,37.38350000000355,34.01350000000093,3.3700000000026193,0.09907830714282644
2026-07-30 18:15:00,20189.08,906.35,44676.48,49034.61,37.33350000000064,34.01350000000093,3.319999999999709,0.09760830258572678
2026-07-30 18:16:00,20189.35,906.5,44676.34,49034.58,37.303500000001804,34.00849999999991,3.2950000000018917,0.09688754282023318
2026-07-30 18:17:00,20189.9,906.81,44676.5,49034.96,37.683499999999185,34.003499999998894,3.680000000000291,0.10822415339598603
2026-07-30 18:18:00,20190.12,906.89,44676.36,49034.92,37.64349999999831,33.998499999997875,3.6450000000004366,0.10721061223291217
2026-07-30 18:19:00,20190.43,907.3,44676.36,49035.06,37.78349999999773,33.99349999999686,3.790000000000873,0.11149190286381877
2026-07-30 18:20:00,20190.43,907.54,44676.11,49034.84,37.563499999996566,33.99349999999686,3.569999999999709,0.10502007736773322
2026-07-30 18:21:00,20190.83,908.04,44676.39,49035.27,37.99349999999686,33.99349999999686,4.0,0.11766955447366026
2026-07-30 18:22:00,20190.89,908.3,44676.39,49035.29,38.01350000000093,33.99349999999686,4.0200000000040745,0.11825790224614842
2026-07-30 18:23:00,20191.02,908.44,44676.29,49035.25,37.97350000000006,33.99349999999686,3.9800000000032014,0.11708120670138614
2026-07-30 18:24:00,20191.37,908.49,44676.15,49035.28,38.003499999998894,33.99349999999686,4.010000000002037,0.11796372835990433
2026-07-30 18:25:00,20191.74,908.74,44676.36,49035.62,38.34350000000268,33.99349999999686,4.350000000005821,0.12796564049027676
2026-07-30 18:26:00,20191.91,908.72,44676.33,49035.67,38.39349999999831,33.99349999999686,4.400000000001455,0.1294365099210691
2026-07-30 18:27:00,20192.19,908.84,44676.22,49035.68,38.40350000000035,33.99349999999686,4.4100000000034925,0.12973068380731317
2026-07-30 18:28:00,20192.43,909.01,44676.35,49035.9,38.62350000000151,33.988499999999476,4.635000000002037,0.13636965444200563
2026-07-30 18:29:00,20192.59,908.83,44676.35,49035.97,38.69350000000122,33.983500000002095,4.709999999999127,0.13859667191427713
2026-07-30 18:30:00,20192.83,908.57,44676.37,49036.06,38.78349999999773,33.97850000000108,4.804999999996653,0.14141295230797418
2026-07-30 18:31:00,20193.34,908.7,44676.54,49036.44,39.16350000000239,33.97350000000006,5.190000000002328,0.15276612653987134
2026-07-30 18:32:00,20193.39,908.62,44676.45,49036.38,39.10349999999744,33.96350000000166,5.13999999999578,0.1513389373885356
2026-07-30 18:33:00,20193.53,908.51,44676.54,49036.5,39.22350000000006,33.95350000000326,5.269999999996799,0.1552122756121252
2026-07-30 18:34:00,20193.01,908.47,44676.33,49036.1,38.8234999999986,33.93350000000282,4.88999999999578,0.1441053825863932
2026-07-30 18:35:00,20192.72,908.64,44676.07,49035.75,38.47350000000006,33.91350000000239,4.559999999997672,0.1344597284266546
2026-07-30 18:36:00,20193.18,908.83,44676.32,49036.17,38.89349999999831,33.91350000000239,4.9799999999959255,0.1468441770974855
2026-07-30 18:37:00,20193.5,908.84,44676.48,49036.45,39.17349999999715,33.91350000000239,5.259999999994761,0.1551004762113728
2026-07-30 18:38:00,20192.94,908.91,44676.32,49036.07,38.79349999999977,33.90350000000035,4.889999999999418,0.14423289630862204
2026-07-30 18:39:00,20192.43,908.88,44676.15,49035.7,38.42349999999715,33.89349999999831,4.529999999998836,0.1336539454467394
2026-07-30 18:40:00,20192.03,908.87,44676.17,49035.55,38.27350000000297,33.88850000000093,4.385000000002037,0.12939492748283096
2026-07-30 18:41:00,20191.74,908.71,44676.03,49035.31,38.03349999999773,33.88350000000355,4.149999999994179,0.12247849248140671
2026-07-30 18:42:00,20191.91,908.79,44676.02,49035.36,38.08350000000064,33.87850000000253,4.204999999998108,0.12412001711993724
2026-07-30 18:43:00,20191.68,908.84,44675.89,49035.16,37.88350000000355,33.87350000000151,4.010000000002037,0.11838162575470082
2026-07-30 18:44:00,20192.08,909.04,44675.93,49035.38,38.10349999999744,33.87350000000151,4.2299999999959255,0.1248763782896877
2026-07-30 18:45:00,20192.46,908.55,44675.91,49035.5,38.22350000000006,33.87350000000151,4.349999999998545,0.12841897058167448
2026-07-30 18:46:00,20192.35,907.95,44675.89,49035.43,38.15350000000035,33.858500000002095,4.294999999998254,0.12685145532135175
2026-07-30 18:47:00,20191.95,907.8,44675.71,49035.1,37.8234999999986,33.84350000000268,3.9799999999959255,0.11760013001006428
2026-07-30 18:48:00,20191.95,907.61,44675.71,49035.1,37.8234999999986,33.82350000000224,3.999999999996362,0.11826097240073018
2026-07-30 18:49:00,20192.54,907.38,44675.89,49035.49,38.21349999999802,33.803500000001804,4.4099999999962165,0.1304598636234704
2026-07-30 18:50:00,20192.42,907.18,44675.63,49035.22,37.94350000000122,33.798500000000786,4.145000000000437,0.12263857863515659
2026-07-30 18:51:00,20192.34,906.92,44675.49,49035.05,37.77350000000297,33.79349999999977,3.9800000000032014,0.11777412816083652
2026-07-30 18:52:00,20192.04,907.12,44675.46,49034.9,37.62350000000151,33.743500000000495,3.8800000000010186,0.11498510824309753
2026-07-30 18:53:00,20191.86,906.85,44675.09,49034.49,37.21349999999802,33.69350000000122,3.5199999999967986,0.10447118880486357
2026-07-30 18:54:00,20192.11,906.58,44675.0,49034.5,37.22350000000006,33.618500000000495,3.6049999999995634,0.107232624894017
2026-07-30 18:55:00,20192.52,906.24,44675.27,49034.92,37.64349999999831,33.54349999999977,4.099999999998545,0.12222934398612469
2026-07-30 18:56:00,20192.56,906.18,44675.08,49034.76,37.483500000002095,33.52349999999933,3.960000000002765,0.11812609065291046
2026-07-30 18:57:00,20192.4,906.47,44674.98,49034.61,37.33350000000064,33.503499999998894,3.8300000000017462,0.11431641470299737
2026-07-30 18:58:00,20192.31,906.31,44675.11,49034.69,37.41350000000239,33.47350000000006,3.9400000000023283,0.11770505026371074
2026-07-30 18:59:00,20191.9,906.36,44674.81,49034.25,36.97350000000006,33.44350000000122,3.529999999998836,0.10555115343784911
2026-07-30 19:00:00,20191.66,906.49,44674.58,49033.95,36.67349999999715,33.433499999999185,3.2399999999979627,0.09690878908872962
2026-07-30 19:01:00,20191.29,906.82,44674.41,49033.65,36.37350000000151,33.42349999999715,2.9500000000043656,0.08826125330993514
2026-07-30 19:02:00,20191.17,906.66,44674.37,49033.56,36.28349999999773,33.41349999999875,2.8699999999989814,0.08589342630969785
2026-07-30 19:03:00,20191.11,906.52,44674.18,49033.36,36.08350000000064,33.40350000000035,2.680000000000291,0.0802311135060776
2026-07-30 19:04:00,20191.52,906.28,44674.17,49033.52,36.24349999999686,33.37350000000151,2.8699999999953434,0.08599637436874207
2026-07-30 19:05:00,20191.72,905.99,44674.01,49033.44,36.16350000000239,33.34350000000268,2.819999999999709,0.08457420486749989
2026-07-30 19:06:00,20191.95,906.05,44673.98,49033.5,36.22350000000006,33.30850000000282,2.914999999997235,0.0875151988230328
2026-07-30 19:07:00,20192.21,905.92,44673.95,49033.59,36.313499999996566,33.27350000000297,3.039999999993597,0.09136399837688629
2026-07-30 19:08:00,20192.13,905.64,44673.9,49033.5,36.22350000000006,33.20850000000064,3.014999999999418,0.09079000858212084
2026-07-30 19:09:00,20191.96,905.64,44673.84,49033.38,36.10349999999744,33.14349999999831,2.959999999999127,0.0893086125484417
2026-07-30 19:10:00,20191.93,905.3,44673.74,49033.25,35.97350000000006,33.03849999999875,2.9350000000013097,0.08883575222850375
2026-07-30 19:11:00,20191.6,905.15,44673.6,49033.0,35.72350000000006,32.933499999999185,2.790000000000873,0.08471617046475298
2026-07-30 19:12:00,20191.45,905.35,44673.7,49033.02,35.74349999999686,32.91349999999875,2.8299999999981083,0.08598295532222996
2026-07-30 19:13:00,20191.2,905.47,44673.54,49032.77,35.49349999999686,32.89349999999831,2.599999999998545,0.0790429720157076
2026-07-30 19:14:00,20191.18,905.3,44673.46,49032.69,35.41350000000239,32.88349999999991,2.530000000002474,0.07693828211724665
2026-07-30 19:15:00,20191.36,905.32,44673.4,49032.71,35.433499999999185,32.87350000000151,2.5599999999976717,0.07787427563227384
2026-07-30 19:16:00,20191.57,905.3,44673.47,49032.86,35.58350000000064,32.868500000000495,2.7150000000001455,0.08260188326209303
2026-07-30 19:17:00,20191.55,905.34,44673.5,49032.88,35.60349999999744,32.863499999999476,2.7399999999979627,0.08337517306428123
2026-07-30 19:18:00,20191.45,905.39,44673.29,49032.65,35.37350000000151,32.863499999999476,2.5100000000020373,0.07637652715024502
2026-07-30 19:19:00,20191.71,905.41,44673.17,49032.65,35.37350000000151,32.863499999999476,2.5100000000020373,0.07637652715024502
2026-07-30 19:20:00,20192.01,905.67,44673.39,49032.99,35.71349999999802,32.85350000000108,2.859999999996944,0.08705312980342582
2026-07-30 19:21:00,20191.97,905.76,44673.25,49032.84,35.563499999996566,32.84350000000268,2.719999999993888,0.08281699575239139
2026-07-30 19:22:00,20191.87,905.95,44673.06,49032.61,35.33350000000064,32.82849999999962,2.5050000000010186,0.07630564905496894
2026-07-30 19:23:00,20192.27,905.94,44673.06,49032.78,35.503499999998894,32.813499999996566,2.6900000000023283,0.08197845399005317
2026-07-30 19:24:00,20192.72,905.99,44673.11,49033.03,35.753499999998894,32.80349999999817,2.9500000000007276,0.08992942826225532
2026-07-30 19:25:00,20193.12,905.61,44673.11,49033.18,35.90350000000035,32.79349999999977,3.110000000000582,0.09483586686387864
2026-07-30 19:26:00,20193.53,905.72,44673.31,49033.54,36.26350000000093,32.78350000000137,3.4799999999995634,0.10615096008661119
2026-07-30 19:27:00,20193.52,906.0,44673.46,49033.68,36.40350000000035,32.77350000000297,3.6299999999973807,0.11076021785885096
2026-07-30 19:28:00,20193.54,906.06,44673.44,49033.67,36.39349999999831,32.77350000000297,3.6199999999953434,0.1104550932916843
2026-07-30 19:29:00,20193.63,906.15,44673.58,49033.83,36.553500000001804,32.77350000000297,3.779999999998836,0.11533708636546275
2026-07-30 19:30:00,20193.75,905.65,44673.49,49033.79,36.51350000000093,32.75350000000253,3.7599999999983993,0.11479689193515528
2026-07-30 19:31:00,20193.95,905.78,44673.66,49034.02,36.74349999999686,32.733500000002095,4.009999999994761,0.12250446789969006
2026-07-30 19:32:00,20193.96,905.83,44673.59,49033.96,36.683499999999185,32.733500000002095,3.9499999999970896,0.1206714833426562
2026-07-30 19:33:00,20194.73,905.76,44673.87,49034.54,37.26350000000093,32.733500000002095,4.529999999998836,0.13839033406139112
2026-07-30 19:34:00,20195.18,905.64,44674.0,49034.83,37.553500000001804,32.72350000000006,4.830000000001746,0.14760034837354616
2026-07-30 19:35:00,20195.51,905.52,44674.1,49035.05,37.77350000000297,32.733500000002095,5.040000000000873,0.15397070279684574
2026-07-30 19:36:00,20195.97,905.24,44674.2,49035.33,38.053500000001804,32.70850000000064,5.345000000001164,0.1634131800602614
2026-07-30 19:37:00,20196.44,905.07,44674.24,49035.55,38.27350000000297,32.733500000002095,5.540000000000873,0.169245574106054
2026-07-30 19:38:00,20196.35,905.13,44674.01,49035.3,38.02350000000297,32.70850000000064,5.315000000002328,0.16249598728166148
2026-07-30 19:39:00,20196.8,904.94,44674.28,49035.74,38.46349999999802,32.683499999999185,5.779999999998836,0.17684764483604815
2026-07-30 19:40:00,20196.6,904.89,44674.33,49035.69,38.41350000000239,32.67849999999817,5.73500000000422,0.17549765136112558
2026-07-30 19:41:00,20196.41,904.96,44674.26,49035.56,38.28349999999773,32.67349999999715,5.610000000000582,0.17169877729661873
2026-07-30 19:42:00,20196.29,905.17,44674.19,49035.44,38.16350000000239,32.67849999999817,5.48500000000422,0.16784736141513618
2026-07-30 19:43:00,20196.51,905.28,44674.48,49035.8,38.52350000000297,32.67349999999715,5.850000000005821,0.1790441795340668
2026-07-30 19:44:00,20196.25,905.41,44674.34,49035.58,38.303500000001804,32.66849999999977,5.635000000002037,0.17249031942091242
2026-07-30 19:45:00,20195.83,905.39,44674.33,49035.39,38.113499999999476,32.66350000000239,5.44999999999709,0.16685290921048546
2026-07-30 19:46:00,20195.71,905.61,44674.31,49035.33,38.053500000001804,32.64350000000195,5.4099999999998545,0.1657297777505332
2026-07-30 19:47:00,20195.82,905.97,44674.4,49035.47,38.19350000000122,32.66350000000239,5.529999999998836,0.16930212622647395
2026-07-30 19:48:00,20196.14,905.95,44674.48,49035.68,38.40350000000035,32.71850000000268,5.684999999997672,0.17375490930199142
2026-07-30 19:49:00,20195.83,905.43,44674.31,49035.37,38.09350000000268,32.77350000000297,5.319999999999709,0.16232626969958128
2026-07-30 19:50:00,20195.97,905.72,44674.44,49035.57,38.29349999999977,32.71850000000268,5.57499999999709,0.17039289698478333
2026-07-30 19:51:00,20196.21,905.92,44674.62,49035.82,38.54349999999977,32.77350000000297,5.769999999996799,0.17605687521919466
2026-07-30 19:52:00,20196.26,905.8,44674.72,49035.92,38.64349999999831,32.82350000000224,5.819999999996071,0.17731198683856608
2026-07-30 19:53:00,20196.18,905.78,44674.58,49035.76,38.483500000002095,32.87350000000151,5.610000000000582,0.1706541743349605
2026-07-30 19:54:00,20196.48,905.93,44674.48,49035.8,38.52350000000297,33.108500000002095,5.415000000000873,0.1635531661053968
2026-07-30 19:55:00,20196.62,906.07,44674.34,49035.73,38.45350000000326,33.34350000000268,5.110000000000582,0.15325325775638945
2026-07-30 19:56:00,20196.78,906.28,44674.27,49035.74,38.46349999999802,33.56850000000122,4.894999999996799,0.14582123121368606
2026-07-30 19:57:00,20196.76,906.53,44674.2,49035.67,38.39349999999831,33.79349999999977,4.599999999998545,0.13612085164302534
2026-07-30 19:58:00,20196.87,906.49,44674.21,49035.72,38.44350000000122,33.83350000000064,4.610000000000582,0.13625548642618987
2026-07-30 19:59:00,20196.89,906.51,44674.21,49035.74,38.46349999999802,33.87350000000151,4.5899999999965075,0.13550415516543324
2026-07-30 20:00:00,20196.88,906.49,44674.11,49035.64,38.363499999999476,33.87350000000151,4.489999999997963,0.1325519949222183
2026-07-30 20:01:00,20197.09,906.4,44674.2,49035.81,38.53349999999773,33.87350000000151,4.6599999999962165,0.13757066733570514
2026-07-30 20:02:00,20196.91,906.52,44673.92,49035.47,38.19350000000122,33.87850000000253,4.31499999999869,0.1273669141195262
2026-07-30 20:03:00,20197.26,906.63,44673.99,49035.68,38.40350000000035,33.88350000000355,4.519999999996799,0.133398261690685
2026-07-30 20:04:00,20197.54,906.48,44674.01,49035.82,38.54349999999977,33.88850000000093,4.654999999998836,0.1373622320255753
2026-07-30 20:05:00,20197.45,906.65,44673.88,49035.67,38.39349999999831,33.89349999999831,4.5,0.13276881998023882
2026-07-30 20:06:00,20197.41,906.72,44673.8,49035.58,38.303500000001804,33.90350000000035,4.400000000001455,0.1297801111980005
2026-07-30 20:07:00,20197.67,906.7,44673.84,49035.71,38.433499999999185,33.91350000000239,4.519999999996799,0.13328025712464006
2026-07-30 20:08:00,20197.79,906.5,44673.77,49035.7,38.42349999999715,33.91350000000239,4.509999999994761,0.1329853892990828
2026-07-30 20:09:00,20197.93,906.58,44673.79,49035.78,38.503499999998894,33.91350000000239,4.5899999999965075,0.13534433190311188
2026-07-30 20:10:00,20197.99,906.31,44673.67,49035.67,38.39349999999831,33.93350000000282,4.459999999995489,0.1314335391278565
2026-07-30 20:11:00,20197.96,906.08,44673.56,49035.56,38.28349999999773,33.95350000000326,4.32999999999447,0.12752735358634765
2026-07-30 20:12:00,20197.84,906.16,44673.45,49035.41,38.13350000000355,33.96350000000166,4.170000000001892,0.12277886554688675
2026-07-30 20:13:00,20197.71,906.32,44673.28,49035.2,37.92349999999715,33.97350000000006,3.9499999999970896,0.11626709052635385
2026-07-30 20:14:00,20198.06,906.35,44673.44,49035.5,38.22350000000006,33.97850000000108,4.244999999998981,0.12493194225757014
2026-07-30 20:15:00,20198.19,906.49,44673.46,49035.57,38.29349999999977,33.983500000002095,4.309999999997672,0.1268262539172659
2026-07-30 20:16:00,20198.4,906.8,44673.4,49035.61,38.33350000000064,33.988499999999476,4.345000000001164,0.12783735675305563
2026-07-30 20:17:00,20198.15,906.85,44673.14,49035.27,37.99349999999686,33.99349999999686,4.0,0.11766955447366026
2026-07-30 20:18:00,20198.42,906.82,44673.2,49035.45,38.17349999999715,33.99349999999686,4.180000000000291,0.12296468442498353
2026-07-30 20:19:00,20198.64,906.79,44673.29,49035.61,38.33350000000064,33.99349999999686,4.3400000000037835,0.12767146660403267
2026-07-30 20:20:00,20198.75,906.84,44673.37,49035.74,38.46349999999802,33.99349999999686,4.470000000001164,0.1314957271243496
2026-07-30 20:21:00,20198.6,906.62,44673.03,49035.37,38.09350000000268,33.99349999999686,4.100000000005821,0.120611293335673
2026-07-30 20:22:00,20198.62,906.59,44672.86,49035.23,37.95350000000326,33.99349999999686,3.960000000006403,0.116492858929112
2026-07-30 20:23:00,20198.69,906.54,44672.79,49035.19,37.91350000000239,33.99349999999686,3.9200000000055297,0.11531616338434972
2026-07-30 20:24:00,20198.86,906.7,44672.86,49035.3,38.02350000000297,33.998499999997875,4.025000000005093,0.11838757592262437
2026-07-30 20:25:00,20198.96,906.75,44672.77,49035.27,37.99349999999686,34.003499999998894,3.9899999999979627,0.11734086197003522
2026-07-30 20:26:00,20198.97,906.33,44672.84,49035.34,38.063499999996566,34.00849999999991,4.054999999996653,0.11923489715796531
2026-07-30 20:27:00,20198.96,906.14,44672.78,49035.26,37.983500000002095,34.01350000000093,3.970000000001164,0.1167183618269527
2026-07-30 20:28:00,20199.17,906.33,44672.81,49035.38,38.10349999999744,34.01350000000093,4.0899999999965075,0.12024637276364959
2026-07-30 20:29:00,20199.09,906.22,44672.75,49035.28,38.003499999998894,34.01350000000093,3.9899999999979627,0.11730636364966421
2026-07-30 20:30:00,20199.18,905.74,44672.94,49035.5,38.22350000000006,34.02850000000035,4.194999999999709,0.12327901611883174
2026-07-30 20:31:00,20199.27,905.88,44673.03,49035.62,38.34350000000268,34.04349999999977,4.30000000000291,0.12630898703138455
2026-07-30 20:32:00,20198.8,906.42,44672.77,49035.2,37.92349999999715,34.048500000000786,3.874999999996362,0.1138082441222454
2026-07-30 20:33:00,20198.55,906.58,44672.76,49035.08,37.803500000001804,34.053500000001804,3.75,0.11012083926761718
2026-07-30 20:34:00,20198.23,906.8,44672.52,49034.75,37.47350000000006,34.058499999999185,3.415000000000873,0.10026865540176329
2026-07-30 20:35:00,20198.17,907.06,44672.39,49034.61,37.33350000000064,34.063499999996566,3.2700000000040745,0.09599718173424353
2026-07-30 20:36:00,20198.38,907.25,44672.44,49034.76,37.483500000002095,34.0734999999986,3.4100000000034925,0.10007777304954385
2026-07-30 20:37:00,20198.43,907.55,44672.53,49034.86,37.58350000000064,34.08350000000064,3.5,0.10268898440594229
2026-07-30 20:38:00,20198.45,907.52,44672.38,49034.72,37.44350000000122,34.08350000000064,3.360000000000582,0.09858142502972168
2026-07-30 20:39:00,20198.69,907.69,44672.43,49034.87,37.59350000000268,34.08350000000064,3.5100000000020373,0.10298238150430476
2026-07-30 20:40:00,20198.91,907.79,44672.48,49035.01,37.733500000002095,34.08850000000166,3.6450000000004366,0.10692755621398006
2026-07-30 20:41:00,20199.07,907.61,44672.55,49035.13,37.85349999999744,34.09350000000268,3.7599999999947613,0.11028495167684356
2026-07-30 20:42:00,20199.1,907.58,44672.54,49035.13,37.85349999999744,34.10350000000108,3.749999999996362,0.10995938833246569
2026-07-30 20:43:00,20199.03,907.41,44672.56,49035.11,37.83350000000064,34.113499999999476,3.720000000001164,0.10904773769918716
2026-07-30 20:44:00,20199.06,907.18,44672.62,49035.17,37.89349999999831,34.13850000000093,3.7549999999973807,0.10999311627626517
2026-07-30 20:45:00,20198.86,906.88,44672.5,49034.98,37.70350000000326,34.16350000000239,3.540000000000873,0.10361935984312573
2026-07-30 20:46:00,20198.8,906.86,44672.54,49035.0,37.72350000000006,34.16849999999977,3.555000000000291,0.10404319768208482
2026-07-30 20:47:00,20198.41,907.01,44672.38,49034.7,37.42349999999715,34.17349999999715,3.25,0.09510293063339345
2026-07-30 20:48:00,20198.14,907.14,44672.39,49034.6,37.3234999999986,34.17349999999715,3.150000000001455,0.09217668661394701
2026-07-30 20:49:00,20197.89,906.89,44672.37,49034.47,37.19350000000122,34.17349999999715,3.0200000000040745,0.08837256938868791
2026-07-30 20:50:00,20197.84,906.85,44672.48,49034.55,37.27350000000297,34.208499999997,3.0650000000059663,0.08959761462812561
2026-07-30 20:51:00,20197.82,907.0,44672.61,49034.66,37.38350000000355,34.24349999999686,3.140000000006694,0.091696234322046
2026-07-30 20:52:00,20197.77,907.0,44672.55,49034.58,37.303500000001804,34.24349999999686,3.0600000000049477,0.0893600245303555
2026-07-30 20:53:00,20197.77,906.83,44672.6,49034.62,37.34350000000268,34.24349999999686,3.1000000000058208,0.09052812942620075
2026-07-30 20:54:00,20197.87,906.64,44672.66,49034.71,37.433499999999185,34.28349999999773,3.150000000001455,0.09188093397703455
2026-07-30 20:55:00,20197.71,906.64,44672.52,49034.54,37.26350000000093,34.3234999999986,2.9400000000023283,0.0856556003904744
2026-07-30 20:56:00,20197.62,906.65,44672.48,49034.46,37.183499999999185,34.34850000000006,2.834999999999127,0.0825363552993325
2026-07-30 20:57:00,20197.47,906.62,44672.48,49034.41,37.13350000000355,34.37350000000151,2.7600000000020373,0.0802944128471618
2026-07-30 20:58:00,20197.3,906.53,44672.37,49034.23,36.95350000000326,34.37350000000151,2.5800000000017462,0.07505782070495098
2026-07-30 20:59:00,20197.47,906.57,44672.51,49034.43,37.15350000000035,34.37350000000151,2.779999999998836,0.08087625641842447
2026-07-30 21:00:00,20197.49,906.7,44672.55,49034.47,37.19350000000122,34.37350000000151,2.819999999999709,0.0820399435611615
2026-07-30 21:01:00,20197.45,906.72,44672.45,49034.36,37.08350000000064,34.37350000000151,2.709999999999127,0.07883980391868758
2026-07-30 21:02:00,20197.55,906.54,44672.36,49034.33,37.053500000001804,34.37850000000253,2.6749999999992724,0.07781025931902426
2026-07-30 21:03:00,20197.71,906.6,44672.44,49034.47,37.19350000000122,34.38350000000355,2.8099999999976717,0.08172524612088303
2026-07-30 21:04:00,20197.69,906.32,44672.37,49034.39,37.113499999999476,34.38350000000355,2.7299999999959255,0.07939854872237101
2026-07-30 21:05:00,20197.71,906.27,44672.41,49034.45,37.17349999999715,34.38350000000355,2.789999999993597,0.08114357177114921
2026-07-30 21:06:00,20197.79,906.32,44672.48,49034.54,37.26350000000093,34.39350000000195,2.8699999999989814,0.08344599997089039
2026-07-30 21:07:00,20197.7,906.38,44672.35,49034.38,37.10349999999744,34.40350000000035,2.6999999999970896,0.07848038716982464
2026-07-30 21:08:00,20197.79,906.28,44672.35,49034.42,37.14349999999831,34.40850000000137,2.734999999996944,0.07948617347448553
2026-07-30 21:09:00,20197.86,906.24,44672.29,49034.4,37.12350000000151,34.41350000000239,2.709999999999127,0.07874816569075913
2026-07-30 21:10:00,20197.73,906.07,44672.17,49034.22,36.94350000000122,34.41849999999977,2.525000000001455,0.07336170954578126
2026-07-30 21:11:00,20197.85,906.01,44672.29,49034.37,37.09350000000268,34.42349999999715,2.6700000000055297,0.07756329251835958
2026-07-30 21:12:00,20197.73,906.0,44672.19,49034.24,36.96349999999802,34.433499999999185,2.529999999998836,0.07347495897886928
2026-07-30 21:13:00,20197.72,906.16,44672.16,49034.2,36.92349999999715,34.44350000000122,2.4799999999959255,0.07200197424756014
2026-07-30 21:14:00,20197.57,906.16,44672.04,49034.04,36.76350000000093,34.44350000000122,2.319999999999709,0.06735668558652944
2026-07-30 21:15:00,20197.48,906.14,44671.98,49033.95,36.67349999999715,34.44350000000122,2.2299999999959255,0.06474371071452803
2026-07-30 21:16:00,20197.45,906.28,44671.97,49033.93,36.65350000000035,34.44850000000224,2.2049999999981083,0.06400859253662612
2026-07-30 21:17:00,20197.53,906.31,44671.88,49033.88,36.60349999999744,34.45350000000326,2.1499999999941792,0.06240294890196862
2026-07-30 21:18:00,20197.64,906.43,44671.95,49033.99,36.71349999999802,34.45350000000326,2.2599999999947613,0.06559565791558325
2026-07-30 21:19:00,20197.51,906.42,44671.81,49033.81,36.53349999999773,34.45350000000326,2.0799999999944703,0.06037122498423305
2026-07-30 21:20:00,20197.5,906.61,44671.76,49033.78,36.503499999998894,34.46350000000166,2.039999999997235,0.05919305932354917
2026-07-30 21:21:00,20197.49,906.65,44671.59,49033.6,36.3234999999986,34.47350000000006,1.8499999999985448,0.05366440889374568
2026-07-30 21:22:00,20197.69,906.37,44671.58,49033.67,36.39349999999831,34.48349999999846,1.9099999999998545,0.055388809140601736
2026-07-30 21:23:00,20197.86,906.25,44671.62,49033.78,36.503499999998894,34.49349999999686,2.0100000000020373,0.058271848319312924
2026-07-30 21:24:00,20197.82,906.53,44671.65,49033.77,36.49349999999686,34.498499999997875,1.9949999999989814,0.05782860124350636
2026-07-30 21:25:00,20197.98,906.45,44671.52,49033.71,36.433499999999185,34.503499999998894,1.930000000000291,0.055936354282909065
2026-07-30 21:26:00,20198.0,906.51,44671.41,49033.62,36.34350000000268,34.503499999998894,1.8400000000037835,0.05332792325427398
2026-07-30 21:27:00,20198.22,906.25,44671.45,49033.75,36.47350000000006,34.503499999998894,1.9700000000011642,0.057095656962372725
2026-07-30 21:28:00,20198.22,906.16,44671.4,49033.7,36.42349999999715,34.51849999999831,1.9049999999988358,0.055187797847500004
2026-07-30 21:29:00,20198.29,905.83,44671.39,49033.74,36.46349999999802,34.53349999999773,1.930000000000291,0.05588776115946596
2026-07-30 21:30:00,20198.42,905.77,44671.46,49033.84,36.563499999996566,34.54349999999977,2.0199999999967986,0.058476992777130636
2026-07-30 21:31:00,20198.54,905.6,44671.46,49033.9,36.62350000000151,34.553500000001804,2.069999999999709,0.05990710058314211
2026-07-30 21:32:00,20198.56,905.47,44671.48,49033.91,36.63350000000355,34.57350000000224,2.0600000000013097,0.059583206791362635
2026-07-30 21:33:00,20198.45,905.15,44671.23,49033.63,36.35349999999744,34.59350000000268,1.7599999999947613,0.05087660976757556
2026-07-30 21:34:00,20198.45,905.36,44671.34,49033.72,36.44350000000122,34.59850000000006,1.8450000000011642,0.05332601124329555
2026-07-30 21:35:00,20198.38,905.36,44671.34,49033.69,36.41350000000239,34.60349999999744,1.8100000000049477,0.05230684757336922
2026-07-30 21:36:00,20198.31,905.32,44671.29,49033.63,36.35349999999744,34.60349999999744,1.75,0.050572918924390003
2026-07-30 21:37:00,20198.34,905.25,44671.3,49033.66,36.38350000000355,34.60349999999744,1.7800000000061118,0.05143988324898474
2026-07-30 21:38:00,20198.25,905.22,44671.34,49033.65,36.37350000000151,34.618500000000495,1.7550000000010186,0.050695437410661744
2026-07-30 21:39:00,20198.07,905.16,44671.29,49033.53,36.253499999998894,34.63350000000355,1.6199999999953434,0.04677552081063645
2026-07-30 21:40:00,20198.23,905.43,44671.33,49033.63,36.35349999999744,34.63350000000355,1.7199999999938882,0.04966289863841979
2026-07-30 21:41:00,20198.27,905.38,44671.22,49033.56,36.28349999999773,34.63350000000355,1.6499999999941792,0.04764173415895044
2026-07-30 21:42:00,20198.22,905.12,44671.19,49033.5,36.22350000000006,34.64850000000297,1.5749999999970896,0.04545651326888479
2026-07-30 21:43:00,20198.14,904.95,44671.19,49033.47,36.19350000000122,34.66350000000239,1.5299999999988358,0.04413864728024379
2026-07-30 21:44:00,20198.0,905.04,44671.21,49033.43,36.15350000000035,34.66350000000239,1.4899999999979627,0.04298469571733553
2026-07-30 21:45:00,20197.91,904.95,44671.21,49033.4,36.12350000000151,34.66350000000239,1.4599999999991269,0.04211923204520681
2026-07-30 21:46:00,20197.84,904.93,44671.2,49033.36,36.08350000000064,34.66350000000239,1.4199999999982538,0.040965280482298555
2026-07-30 21:47:00,20197.64,904.98,44671.19,49033.27,35.99349999999686,34.66350000000239,1.3299999999944703,0.0383688894657025
2026-07-30 21:48:00,20197.56,904.96,44671.21,49033.25,35.97350000000006,34.66350000000239,1.3099999999976717,0.03779191368435333
2026-07-30 21:49:00,20197.35,905.03,44671.21,49033.16,35.88350000000355,34.66350000000239,1.2200000000011642,0.035195522667967175
2026-07-30 21:50:00,20197.03,905.12,44671.12,49032.95,35.67349999999715,34.678500000001804,0.9949999999953434,0.028692129128863462
2026-07-30 21:51:00,20196.79,905.14,44671.13,49032.87,35.59350000000268,34.69350000000122,0.9000000000014552,0.02594145877473946
2026-07-30 21:52:00,20196.86,905.12,44671.18,49032.95,35.67349999999715,34.71350000000166,0.9599999999954889,0.0276549469225357
2026-07-30 21:53:00,20196.77,905.0,44671.14,49032.86,35.58350000000064,34.733500000002095,0.8499999999985448,0.02447205147763668
2026-07-30 21:54:00,20196.63,905.01,44671.17,49032.83,35.553500000001804,34.738499999999476,0.8150000000023283,0.02346100148257238
2026-07-30 21:55:00,20196.55,905.13,44671.21,49032.83,35.553500000001804,34.74349999999686,0.8100000000049477,0.02331371335659968
2026-07-30 21:56:00,20196.48,905.06,44671.21,49032.82,35.54349999999977,34.74349999999686,0.8000000000029104,0.023025889734856385
2026-07-30 21:57:00,20196.49,905.01,44671.25,49032.86,35.58350000000064,34.74349999999686,0.8400000000037835,0.024177184221620143
2026-07-30 21:58:00,20196.37,904.93,44671.27,49032.82,35.54349999999977,34.748499999997875,0.7950000000018917,0.022878685410936885
2026-07-30 21:59:00,20196.23,904.88,44671.1,49032.61,35.33350000000064,34.753499999998894,0.5800000000017462,0.0166889665789565
2026-07-30 22:00:00,20196.23,905.03,44671.21,49032.71,35.433499999999185,34.76350000000093,0.6699999999982538,0.0192730881527532
2026-07-30 22:01:00,20196.08,904.95,44671.19,49032.63,35.35349999999744,34.77350000000297,0.5799999999944703,0.016679367909310846
2026-07-30 22:02:00,20196.09,904.78,44671.29,49032.72,35.44350000000122,34.78850000000239,0.6549999999988358,0.01882806099713385
2026-07-30 22:03:00,20196.1,904.74,44671.28,49032.71,35.433499999999185,34.803500000001804,0.6299999999973807,0.018101627709780566
2026-07-30 22:04:00,20196.06,904.77,44671.22,49032.64,35.363499999999476,34.803500000001804,0.5599999999976717,0.016090335742027173
2026-07-30 22:05:00,20196.02,904.81,44671.2,49032.61,35.33350000000064,34.803500000001804,0.5299999999988358,0.015228353470162725
2026-07-30 22:06:00,20196.03,904.96,44671.09,49032.52,35.24349999999686,34.808499999999185,0.4349999999976717,0.012496947584575086
2026-07-30 22:07:00,20196.21,905.11,44671.02,49032.52,35.24349999999686,34.813499999996566,0.43000000000029104,0.012351530297164418
2026-07-30 22:08:00,20196.35,905.2,44670.93,49032.5,35.22350000000006,34.8234999999986,0.4000000000014552,0.011486496187961326
2026-07-30 22:09:00,20196.53,905.17,44670.92,49032.57,35.29349999999977,34.83350000000064,0.4599999999991269,0.013205678441704637
2026-07-30 22:10:00,20196.71,905.07,44670.9,49032.63,35.35349999999744,34.868500000000495,0.4849999999969441,0.01390940246918959
2026-07-30 22:11:00,20196.95,905.06,44670.91,49032.71,35.433499999999185,34.90350000000035,0.5299999999988358,0.015184723595021432
2026-07-30 22:12:00,20197.21,905.04,44670.87,49032.8,35.52350000000297,34.91349999999875,0.61000000000422,0.017471751614826413
2026-07-30 22:13:00,20197.42,905.02,44670.82,49032.84,35.563499999996566,34.92349999999715,0.6399999999994179,0.01832576918119519
2026-07-30 22:14:00,20197.66,905.0,44670.81,49032.93,35.65350000000035,34.938500000000204,0.7150000000001455,0.02046453053222495
2026-07-30 22:15:00,20197.82,904.94,44670.78,49032.97,35.69350000000122,34.95350000000326,0.7399999999979627,0.021170984307662857
2026-07-30 22:16:00,20197.81,904.94,44670.75,49032.94,35.66350000000239,34.95850000000064,0.7050000000017462,0.0201667691692073
2026-07-30 22:17:00,20197.71,904.75,44670.82,49032.96,35.683499999999185,34.96349999999802,0.7200000000011642,0.020592904028521312
2026-07-30 22:18:00,20197.63,904.55,44670.78,49032.89,35.613499999999476,34.96849999999904,0.6450000000004366,0.01844517208345952
2026-07-30 22:19:00,20197.61,904.55,44670.81,49032.91,35.63350000000355,34.97350000000006,0.6600000000034925,0.018871431226599893
2026-07-30 22:20:00,20197.6,904.53,44670.82,49032.93,35.65350000000035,34.97350000000006,0.680000000000291,0.01944329277882654
2026-07-30 22:21:00,20197.57,904.34,44670.78,49032.88,35.60349999999744,34.97350000000006,0.6299999999973807,0.018013638897947864
2026-07-30 22:22:00,20197.58,904.25,44670.86,49032.93,35.65350000000035,34.988499999999476,0.6650000000008731,0.019006244909066782
2026-07-30 22:23:00,20197.46,904.14,44670.86,49032.89,35.613499999999476,35.003499999998894,0.6100000000005821,0.017426828745714038
2026-07-30 22:24:00,20197.41,904.11,44670.83,49032.87,35.59350000000268,35.00849999999991,0.5850000000027649,0.016710227516253662
2026-07-30 22:25:00,20197.26,904.23,44670.79,49032.78,35.503499999998894,35.01350000000093,0.48999999999796273,0.013994602081995508
2026-07-30 22:26:00,20197.11,904.36,44670.73,49032.65,35.37350000000151,35.02850000000035,0.34500000000116415,0.00984912285713521
2026-07-30 22:27:00,20197.02,904.45,44670.69,49032.58,35.303500000001804,35.04349999999977,0.26000000000203727,0.007419350236193274
2026-07-30 22:28:00,20196.93,904.45,44670.66,49032.51,35.233500000002095,35.04349999999977,0.1900000000023283,0.005421832864934427
2026-07-30 22:29:00,20196.94,904.48,44670.63,49032.48,35.20350000000326,35.04349999999977,0.16000000000349246,0.004565753991567438
2026-07-30 22:30:00,20196.96,904.56,44670.65,49032.48,35.20350000000326,35.0734999999986,0.1300000000046566,0.0037065020600927138
2026-07-30 22:31:00,20197.05,904.5,44670.63,49032.5,35.22350000000006,35.10349999999744,0.12000000000261934,0.0034184625465445923
2026-07-30 22:32:00,20196.96,904.58,44670.54,49032.38,35.10349999999744,35.10349999999744,0.0,0.0
2026-07-30 22:33:00,20196.94,904.59,44670.48,49032.32,35.04349999999977,35.10349999999744,-0.059999999997671694,0.0017092312731686605
2026-07-30 22:34:00,20196.75,904.56,44670.44,49032.2,34.92349999999715,35.10849999999846,-0.18500000000130967,0.005269379210200317
2026-07-30 22:35:00,20196.59,904.59,44670.4,49032.11,34.83350000000064,35.113499999999476,-0.27999999999883585,0.007974140999867289
2026-07-30 22:36:00,20196.46,904.63,44670.35,49032.01,34.733500000002095,35.113499999999476,-0.37999999999738066,0.01082204849979029
2026-07-30 22:37:00,20196.44,904.58,44670.37,49032.03,34.753499999998894,35.113499999999476,-0.3600000000005821,0.010252466999888575
2026-07-30 22:38:00,20196.46,904.46,44670.4,49032.05,34.77350000000297,35.118500000000495,-0.3449999999975262,0.009823881999445344
2026-07-30 22:39:00,20196.37,904.49,44670.41,49032.02,34.74349999999686,35.12350000000151,-0.3800000000046566,0.010818967358168754
2026-07-30 22:40:00,20196.29,904.57,44670.28,49031.88,34.60349999999744,35.12350000000151,-0.5200000000040745,0.014804902700586563
2026-07-30 22:41:00,20196.36,904.62,44670.31,49031.94,34.66350000000239,35.12350000000151,-0.4599999999991269,0.01309664469654525
2026-07-30 22:42:00,20196.36,904.63,44670.27,49031.91,34.63350000000355,35.12850000000253,-0.49499999999898137,0.014091122592736543
2026-07-30 22:43:00,20196.37,904.52,44670.24,49031.88,34.60349999999744,35.13350000000355,-0.5300000000061118,0.015085317432252927
2026-07-30 22:44:00,20196.46,904.44,44670.25,49031.94,34.66350000000239,35.13850000000093,-0.4749999999985448,0.013517936166840707
2026-07-30 22:45:00,20196.6,904.34,44670.3,49032.02,34.74349999999686,35.14349999999831,-0.4000000000014552,0.011381905615589638
2026-07-30 22:46:00,20196.52,904.44,44670.24,49031.94,34.66350000000239,35.14349999999831,-0.47999999999592546,0.013658286738541936
2026-07-30 22:47:00,20196.55,904.39,44670.21,49031.91,34.63350000000355,35.14349999999831,-0.5099999999947613,0.014511929659674927
2026-07-30 22:48:00,20196.4,904.55,44670.11,49031.77,34.49349999999686,35.14849999999933,-0.6550000000024738,0.01863521914171263
2026-07-30 22:49:00,20196.3,904.67,44670.09,49031.72,34.44350000000122,35.15350000000035,-0.7099999999991269,0.02019713542034562
2026-07-30 22:50:00,20196.23,904.79,44670.06,49031.66,34.38350000000355,35.16349999999875,-0.7799999999951979,0.02218209222617844
2026-07-30 22:51:00,20196.39,904.83,44669.97,49031.65,34.37350000000151,35.17349999999715,-0.7999999999956344,0.022744395638639864
2026-07-30 22:52:00,20196.48,904.73,44669.94,49031.65,34.37350000000151,35.17349999999715,-0.7999999999956344,0.022744395638639864
2026-07-30 22:53:00,20196.29,904.49,44669.97,49031.6,34.3234999999986,35.17349999999715,-0.8499999999985448,0.024165920366145358
2026-07-30 22:54:00,20195.99,904.39,44670.01,49031.52,34.24349999999686,35.183499999999185,-0.9400000000023283,0.026717069080743817
2026-07-30 22:55:00,20195.76,904.43,44669.98,49031.39,34.113499999999476,35.19350000000122,-1.0800000000017462,0.030687484904931558
2026-07-30 22:56:00,20195.72,904.49,44669.92,49031.32,34.04349999999977,35.19850000000224,-1.1550000000024738,0.032813898319598855
2026-07-30 22:57:00,20195.55,904.51,44669.8,49031.15,33.87350000000151,35.20350000000326,-1.3300000000017462,0.0377803343418019
2026-07-30 22:58:00,20195.73,904.81,44669.87,49031.29,34.01350000000093,35.20350000000326,-1.1900000000023283,0.03380345704268661
2026-07-30 22:59:00,20195.85,904.94,44669.87,49031.34,34.063499999996566,35.20350000000326,-1.1400000000066939,0.03238314372169211
2026-07-30 23:00:00,20195.84,904.97,44669.8,49031.27,33.99349999999686,35.20350000000326,-1.2100000000064028,0.03437158237124976
2026-07-30 23:01:00,20195.77,904.79,44669.82,49031.27,33.99349999999686,35.20350000000326,-1.2100000000064028,0.03437158237124976
2026-07-30 23:02:00,20195.71,904.62,44669.87,49031.29,34.01350000000093,35.21350000000166,-1.2000000000007276,0.03407783946499698
2026-07-30 23:03:00,20195.59,904.67,44669.86,49031.23,33.95350000000326,35.22350000000006,-1.2699999999967986,0.03605547432812743
2026-07-30 23:04:00,20195.52,904.69,44669.83,49031.17,33.89349999999831,35.22350000000006,-1.3300000000017462,0.03775888256424671
2026-07-30 23:05:00,20195.56,904.69,44669.8,49031.15,33.87350000000151,35.22350000000006,-1.3499999999985448,0.03832668530948209
2026-07-30 23:06:00,20195.69,904.78,44669.84,49031.25,33.97350000000006,35.22350000000006,-1.25,0.035487671582892046
2026-07-30 23:07:00,20195.76,904.7,44669.83,49031.27,33.99349999999686,35.22350000000006,-1.2300000000032014,0.03491986883765666
2026-07-30 23:08:00,20195.73,904.6,44669.83,49031.26,33.983500000002095,35.22850000000108,-1.2449999999989814,0.03534070425930549
2026-07-30 23:09:00,20195.85,904.48,44669.88,49031.36,34.08350000000064,35.233500000002095,-1.1500000000014552,0.032639391488253705
2026-07-30 23:10:00,20195.79,904.42,44669.86,49031.33,34.053500000001804,35.238499999999476,-1.1849999999976717,0.03362799211083586
2026-07-30 23:11:00,20195.77,904.36,44669.93,49031.36,34.08350000000064,35.24349999999686,-1.1599999999962165,0.03291387064270915
2026-07-30 23:12:00,20195.62,904.54,44669.92,49031.28,34.003499999998894,35.24349999999686,-1.2399999999979627,0.03518379275605639
2026-07-30 23:13:00,20195.46,904.69,44669.89,49031.19,33.91350000000239,35.24349999999686,-1.3299999999944703,0.0377374551334172
2026-07-30 23:14:00,20195.43,904.75,44669.88,49031.16,33.88350000000355,35.24349999999686,-1.3599999999933061,0.0385886759258708
2026-07-30 23:15:00,20195.77,904.45,44669.96,49031.37,34.09350000000268,35.24349999999686,-1.1499999999941792,0.032630130378489136
2026-07-30 23:16:00,20195.93,904.35,44669.98,49031.45,34.17349999999715,35.248499999997875,-1.0750000000007276,0.03049775167739882
2026-07-30 23:17:00,20196.33,904.18,44670.02,49031.65,34.37350000000151,35.253499999998894,-0.8799999999973807,0.024962060504557227
2026-07-30 23:18:00,20196.53,904.2,44670.02,49031.73,34.45350000000326,35.26849999999831,-0.8149999999950523,0.023108439542228656
2026-07-30 23:19:00,20196.61,904.26,44669.94,49031.7,34.42349999999715,35.28349999999773,-0.8600000000005821,0.02437399917810414
2026-07-30 23:20:00,20196.79,904.16,44669.96,49031.78,34.503499999998894,35.28349999999773,-0.7799999999988358,0.02210665041730231
2026-07-30 23:21:00,20196.77,904.01,44669.97,49031.78,34.503499999998894,35.28349999999773,-0.7799999999988358,0.02210665041730231
2026-07-30 23:22:00,20196.6,903.98,44669.99,49031.73,34.45350000000326,35.28849999999875,-0.8349999999954889,0.023662099550718182
2026-07-30 23:23:00,20196.48,903.82,44670.04,49031.72,34.44350000000122,35.29349999999977,-0.8499999999985448,0.024083754799001246
2026-07-30 23:24:00,20196.28,903.86,44670.1,49031.68,34.40350000000035,35.29349999999977,-0.8899999999994179,0.025217107966039747
2026-07-30 23:25:00,20196.24,903.8,44670.12,49031.69,34.41350000000239,35.29349999999977,-0.8799999999973807,0.02493376967422858
2026-07-30 23:26:00,20195.89,904.01,44670.09,49031.52,34.24349999999686,35.29349999999977,-1.0500000000029104,0.029750520634193756
2026-07-30 23:27:00,20196.29,903.98,44670.17,49031.75,34.47350000000006,35.29349999999977,-0.819999999999709,0.023233739923773908
2026-07-30 23:28:00,20197.33,903.6,44670.27,49032.25,34.97350000000006,35.29349999999977,-0.31999999999970896,0.009066825336101862
2026-07-30 23:29:00,20198.2,903.27,44670.3,49032.64,35.363499999999476,35.29349999999977,0.06999999999970896,0.00198336804226584
2026-07-30 23:30:00,20198.96,903.05,44670.29,49032.93,35.65350000000035,35.298500000000786,0.35499999999956344,0.010057084578652224
2026-07-30 23:31:00,20199.37,902.83,44670.28,49033.09,35.813499999996566,35.303500000001804,0.5099999999947613,0.01444615972905619
2026-07-30 23:32:00,20199.62,902.5,44670.29,49033.19,35.91350000000239,35.31850000000122,0.5950000000011642,0.016846695074851523
2026-07-30 23:33:00,20199.86,902.14,44670.38,49033.37,36.09350000000268,35.33350000000064,0.7600000000020373,0.021509332503205837
2026-07-30 23:34:00,20199.66,902.15,44670.38,49033.29,36.01350000000093,35.33350000000064,0.680000000000291,0.019245192239667135
2026-07-30 23:35:00,20199.25,902.14,44670.37,49033.09,35.813499999996566,35.33350000000064,0.47999999999592546,0.013584841580820376
2026-07-30 23:36:00,20198.83,902.34,44670.34,49032.92,35.64349999999831,35.33350000000064,0.3099999999976717,0.008773543520955072
2026-07-30 23:37:00,20198.38,902.49,44670.28,49032.67,35.39349999999831,35.33350000000064,0.059999999997671694,0.0016981051975510665
2026-07-30 23:38:00,20197.81,902.74,44670.25,49032.42,35.14349999999831,35.34349999999904,-0.2000000000007276,0.005658749133524779
2026-07-30 23:39:00,20197.36,903.2,44670.23,49032.23,34.95350000000326,35.35349999999744,-0.39999999999417923,0.011314297028418917
2026-07-30 23:40:00,20197.05,903.74,44670.21,49032.09,34.813499999996566,35.35349999999744,-0.5400000000008731,0.015274300988612505
2026-07-30 23:41:00,20196.68,904.12,44670.08,49031.83,34.553500000001804,35.35349999999744,-0.7999999999956344,0.022628594057043643
2026-07-30 23:42:00,20196.68,904.26,44670.13,49031.87,34.59350000000268,35.35849999999846,-0.76499999999578,0.02163553318143624
2026-07-30 23:43:00,20196.72,904.2,44670.17,49031.94,34.66350000000239,35.363499999999476,-0.6999999999970896,0.01979442080102648
2026-07-30 23:44:00,20196.9,904.12,44670.24,49032.08,34.803500000001804,35.363499999999476,-0.5599999999976717,0.015835536640821185
2026-07-30 23:45:00,20196.87,903.83,44670.25,49032.08,34.803500000001804,35.363499999999476,-0.5599999999976717,0.015835536640821185
2026-07-30 23:46:00,20197.06,903.64,44670.34,49032.24,34.96349999999802,35.363499999999476,-0.4000000000014552,0.011311097600674738
2026-07-30 23:47:00,20197.32,903.54,44670.47,49032.45,35.17349999999715,35.363499999999476,-0.1900000000023283,0.005372771360366794
2026-07-30 23:48:00,20197.5,903.41,44670.52,49032.57,35.29349999999977,35.368500000000495,-0.0750000000007276,0.002120530980978174
2026-07-30 23:49:00,20197.47,903.38,44670.49,49032.52,35.24349999999686,35.37350000000151,-0.1300000000046566,0.0036750674941594995
2026-07-30 23:50:00,20197.53,903.37,44670.51,49032.57,35.29349999999977,35.37350000000151,-0.08000000000174623,0.002261579996374201
2026-07-30 23:51:00,20197.52,903.31,44670.5,49032.56,35.28349999999773,35.37350000000151,-0.0900000000037835,0.0025442774959723987
2026-07-30 23:52:00,20197.54,903.22,44670.49,49032.56,35.28349999999773,35.37350000000151,-0.0900000000037835,0.0025442774959723987
2026-07-30 23:53:00,20197.56,903.21,44670.49,49032.57,35.29349999999977,35.37350000000151,-0.08000000000174623,0.002261579996374201
2026-07-30 23:54:00,20197.52,903.22,44670.47,49032.53,35.253499999998894,35.37350000000151,-0.12000000000261934,0.003392369994561302
2026-07-30 23:55:00,20197.48,903.2,44670.43,49032.48,35.20350000000326,35.37350000000151,-0.16999999999825377,0.004805857492140911
2026-07-30 23:56:00,20197.45,903.15,44670.4,49032.45,35.17349999999715,35.38349999999991,-0.21000000000276486,0.005934969689340099
2026-07-30 23:57:00,20197.35,903.07,44670.38,49032.38,35.10349999999744,35.39349999999831,-0.2900000000008731,0.008193594869139445
2026-07-30 23:58:00,20197.29,903.07,44670.45,49032.41,35.13350000000355,35.39849999999933,-0.26499999999577994,0.007486192917659928
2026-07-30 23:59:00,20197.09,903.09,44670.51,49032.39,35.113499999999476,35.40350000000035,-0.2900000000008731,0.008191280523136703
