timestamp,Bx,By,Bz,B_total,B_baseline,delta_B,chi
2026-07-29 00:00:00,20199.26,913.71,44669.37,49032.49,49028.26,4.2299999999959255,8.627677180458628e-05
2026-07-29 00:01:00,20199.25,913.99,44669.39,49032.51,49028.23,4.279999999998836,8.729664521845549e-05
2026-07-29 00:02:00,20198.87,914.01,44669.4,49032.34,49028.215,4.125,8.413522703202636e-05
2026-07-29 00:03:00,20198.7,914.43,44669.4,49032.29,49028.2,4.0900000000037835,8.342137790095871e-05
2026-07-29 00:04:00,20198.48,914.68,44669.34,49032.14,49028.195,3.944999999999709,8.046390449413259e-05
2026-07-29 00:05:00,20198.45,914.93,44669.34,49032.14,49028.19,3.9499999999970896,8.056589484533468e-05
2026-07-29 00:06:00,20198.0,915.18,44669.34,49031.97,49028.155,3.8150000000023283,7.781243246869739e-05
2026-07-29 00:07:00,20197.69,915.4,44669.34,49031.84,49028.12,3.719999999993888,7.587482448835256e-05
2026-07-29 00:08:00,20197.22,916.18,44669.18,49031.52,49028.11,3.4099999999962165,6.95519366338253e-05
2026-07-29 00:09:00,20197.26,915.58,44669.33,49031.66,49028.1,3.5600000000049477,7.261142079756197e-05
2026-07-29 00:10:00,20197.39,915.55,44669.44,49031.83,49028.07,3.7600000000020373,7.669076102734693e-05
2026-07-29 00:11:00,20197.69,915.37,44669.58,49032.05,49028.04,4.010000000002037,8.178993082330106e-05
2026-07-29 00:12:00,20197.4,915.49,44669.5,49031.85,49028.025,3.8249999999970896,7.801660376890746e-05
2026-07-29 00:13:00,20197.27,915.53,44669.54,49031.84,49028.01,3.8299999999944703,7.811861015763174e-05
2026-07-29 00:14:00,20196.69,915.75,44669.45,49031.52,49027.979999999996,3.540000000000873,7.220366819112012e-05
2026-07-29 00:15:00,20196.63,915.76,44669.47,49031.51,49027.95,3.5600000000049477,7.261164295070358e-05
2026-07-29 00:16:00,20196.31,916.06,44669.41,49031.34,49027.945,3.3949999999967986,6.924622274086337e-05
2026-07-29 00:17:00,20196.48,916.11,44669.4,49031.41,49027.94,3.470000000001164,7.077596978378378e-05
2026-07-29 00:18:00,20196.35,916.27,44669.34,49031.32,49027.94,3.3799999999973807,6.894028180660621e-05
2026-07-29 00:19:00,20196.33,916.05,44669.39,49031.35,49027.94,3.4099999999962165,6.955217779894926e-05
2026-07-29 00:20:00,20195.94,916.49,44669.32,49031.12,49027.94,3.180000000000291,6.486097519088689e-05
2026-07-29 00:21:00,20195.45,916.88,44669.19,49030.83,49027.94,2.889999999999418,5.894598059799e-05
2026-07-29 00:22:00,20195.18,917.0,44669.21,49030.73,49027.93,2.8000000000029104,5.7110304269482934e-05
2026-07-29 00:23:00,20194.74,916.79,44669.3,49030.64,49027.92,2.720000000001164,5.5478592606032733e-05
2026-07-29 00:24:00,20194.82,916.66,44669.44,49030.79,49027.92,2.8700000000026193,5.853807381595261e-05
2026-07-29 00:25:00,20194.99,916.55,44669.53,49030.94,49027.92,3.0200000000040745,6.15975550258725e-05
2026-07-29 00:26:00,20194.64,916.7,44669.44,49030.73,49027.92,2.8100000000049477,5.731428133204402e-05
2026-07-29 00:27:00,20194.83,916.38,44669.54,49030.89,49027.92,2.970000000001164,6.0577727955849733e-05
2026-07-29 00:28:00,20194.52,916.7,44669.5,49030.72,49027.92,2.8000000000029104,5.711031591800979e-05
2026-07-29 00:29:00,20194.16,916.85,44669.42,49030.49,49027.92,2.569999999999709,5.241911139611285e-05
2026-07-29 00:30:00,20193.66,917.07,44669.33,49030.21,49027.91,2.2999999999956344,4.691205478666405e-05
2026-07-29 00:31:00,20192.99,917.53,44669.23,49029.86,49027.9,1.9599999999991269,3.9977237450495064e-05
2026-07-29 00:32:00,20192.62,918.41,44669.04,49029.56,49027.895000000004,1.6649999999935972,3.3960258746446225e-05
2026-07-29 00:33:00,20192.75,918.34,44669.11,49029.66,49027.89,1.7700000000040745,3.610190036740465e-05
2026-07-29 00:34:00,20192.36,918.38,44669.12,49029.5,49027.884999999995,1.6150000000052387,3.294043787540986e-05
2026-07-29 00:35:00,20192.0,918.55,44669.07,49029.33,49027.88,1.4500000000043656,2.9575009158143604e-05
2026-07-29 00:36:00,20192.22,918.91,44669.03,49029.39,49027.875,1.514999999999418,3.090078858199377e-05
2026-07-29 00:37:00,20192.36,918.87,44668.99,49029.41,49027.87,1.5400000000008731,3.141070578837859e-05
2026-07-29 00:38:00,20192.38,918.56,44669.11,49029.53,49027.87,1.6599999999962165,3.385829325231172e-05
2026-07-29 00:39:00,20192.73,917.91,44669.34,49029.87,49027.87,2.0,4.0793124400468544e-05
2026-07-29 00:40:00,20192.67,917.7,44669.45,49029.94,49027.865000000005,2.0749999999970896,4.2322870881632094e-05
2026-07-29 00:41:00,20192.21,917.52,44669.45,49029.75,49027.86,1.889999999999418,3.8549510421205776e-05
2026-07-29 00:42:00,20191.99,917.51,44669.45,49029.66,49027.854999999996,1.805000000007567,3.6815806035315376e-05
2026-07-29 00:43:00,20191.47,917.58,44669.4,49029.41,49027.85,1.5600000000049477,3.1818650012287864e-05
2026-07-29 00:44:00,20191.1,917.55,44669.43,49029.29,49027.845,1.444999999999709,2.9473047408053707e-05
2026-07-29 00:45:00,20190.48,918.08,44669.29,49028.91,49027.84,1.070000000006985,2.182433490863528e-05
2026-07-29 00:46:00,20190.47,917.8,44669.4,49029.0,49027.82,1.180000000000291,2.406796794147264e-05
2026-07-29 00:47:00,20190.25,918.07,44669.4,49028.92,49027.8,1.1199999999953434,2.2844182280162342e-05
2026-07-29 00:48:00,20189.66,918.36,44669.31,49028.6,49027.78,0.819999999999709,1.6725211706500048e-05
2026-07-29 00:49:00,20189.2,918.4,44669.32,49028.43,49027.76,0.6699999999982538,1.3665727334845682e-05
2026-07-29 00:50:00,20189.18,918.27,44669.46,49028.54,49027.75,0.7900000000008731,1.6113323576971678e-05
2026-07-29 00:51:00,20189.04,918.33,44669.5,49028.52,49027.74,0.7799999999988358,1.5909360700673455e-05
2026-07-29 00:52:00,20188.87,918.35,44669.41,49028.36,49027.725,0.6350000000020373,1.295185530232205e-05
2026-07-29 00:53:00,20188.94,918.05,44669.57,49028.53,49027.71,0.819999999999709,1.6725235586155442e-05
2026-07-29 00:54:00,20188.93,917.84,44669.64,49028.58,49027.7,0.8800000000046566,1.7949036973071483e-05
2026-07-29 00:55:00,20188.75,917.86,44669.63,49028.51,49027.69,0.819999999999709,1.6725242408926648e-05
2026-07-29 00:56:00,20188.68,918.02,44669.55,49028.41,49027.685,0.7250000000058208,1.4787563394148036e-05
2026-07-29 00:57:00,20188.48,918.3,44669.49,49028.29,49027.68,0.6100000000005821,1.2441951159030615e-05
2026-07-29 00:58:00,20188.29,918.61,44669.39,49028.12,49027.655,0.4650000000037835,9.484443014942965e-06
2026-07-29 00:59:00,20188.06,919.1,44669.27,49027.92,49027.63,0.2900000000008731,5.91503199320206e-06
2026-07-29 01:00:00,20187.96,919.58,44669.12,49027.76,49027.63,0.1300000000046566,2.651566066005161e-06
2026-07-29 01:01:00,20188.05,919.26,44669.22,49027.88,49027.63,0.25,5.099165511365735e-06
2026-07-29 01:02:00,20187.78,918.9,44669.31,49027.86,49027.615,0.24500000000261934,4.997183730079861e-06
2026-07-29 01:03:00,20187.26,918.39,44669.55,49027.84,49027.6,0.23999999999796273,4.895201886242907e-06
2026-07-29 01:04:00,20186.92,918.1,44669.73,49027.87,49027.585,0.28500000000349246,5.813054018538594e-06
2026-07-29 01:05:00,20186.45,918.42,44669.74,49027.68,49027.57,0.11000000000058208,2.2436355707733848e-06
2026-07-29 01:06:00,20185.89,918.49,44669.71,49027.42,49027.57,0.1500000000014552,3.0595030510681072e-06
2026-07-29 01:07:00,20185.29,918.52,44669.79,49027.26,49027.57,0.3099999999976717,6.3229729720985905e-06
2026-07-29 01:08:00,20185.17,918.24,44669.93,49027.33,49027.56,0.22999999999592546,4.6912389683664756e-06
2026-07-29 01:09:00,20184.55,918.64,44669.91,49027.07,49027.55,0.4800000000032014,9.790413757228362e-06
2026-07-29 01:10:00,20184.47,918.77,44669.87,49027.01,49027.545,0.5349999999962165,1.0912233112961632e-05
2026-07-29 01:11:00,20184.49,918.86,44669.95,49027.09,49027.54,0.4500000000043656,9.178514769543109e-06
2026-07-29 01:12:00,20184.47,919.02,44669.95,49027.08,49027.535,0.45500000000174623,9.280499213385829e-06
2026-07-29 01:13:00,20184.32,919.61,44669.82,49026.91,49027.53,0.6199999999953434,1.2645956261621652e-05
2026-07-29 01:14:00,20184.26,920.02,44669.62,49026.72,49027.520000000004,0.8000000000029104,1.631736624660824e-05
2026-07-29 01:15:00,20184.41,920.1,44669.65,49026.79,49027.51,0.7200000000011642,1.4685632617303309e-05
2026-07-29 01:16:00,20184.44,920.24,44669.61,49026.78,49027.5,0.7200000000011642,1.4685635612690106e-05
2026-07-29 01:17:00,20184.37,920.29,44669.63,49026.77,49027.49,0.7200000000011642,1.4685638608078125e-05
2026-07-29 01:18:00,20184.18,920.35,44669.63,49026.7,49027.46,0.7600000000020373,1.550151690505764e-05
2026-07-29 01:19:00,20183.9,920.43,44669.68,49026.64,49027.43,0.7900000000008731,1.611342874796564e-05
2026-07-29 01:20:00,20183.77,920.51,44669.77,49026.65,49027.43,0.7799999999988358,1.5909461295418418e-05
2026-07-29 01:21:00,20183.4,920.75,44669.7,49026.47,49027.43,0.9599999999991269,1.9580875440526392e-05
2026-07-29 01:22:00,20183.11,920.95,44669.68,49026.32,49027.43,1.110000000000582,2.2640387228141106e-05
2026-07-29 01:23:00,20182.88,921.02,44669.73,49026.27,49027.43,1.1600000000034925,2.3660224490728812e-05
2026-07-29 01:24:00,20182.66,920.96,44669.81,49026.25,49027.425,1.1750000000029104,2.396617811363559e-05
2026-07-29 01:25:00,20182.33,920.83,44669.84,49026.14,49027.42,1.2799999999988358,2.610783924585132e-05
2026-07-29 01:26:00,20182.1,920.63,44669.99,49026.17,49027.41,1.2400000000052387,2.5291974428288962e-05
2026-07-29 01:27:00,20181.88,920.69,44670.06,49026.16,49027.4,1.2399999999979627,2.529197958688331e-05
2026-07-29 01:28:00,20181.68,920.54,44670.08,49026.11,49027.395000000004,1.2850000000034925,2.6209836357887103e-05
2026-07-29 01:29:00,20181.49,920.49,44670.13,49026.06,49027.39,1.3300000000017462,2.7127693315955556e-05
2026-07-29 01:30:00,20181.41,920.47,44670.14,49026.05,49027.380000000005,1.3300000000017462,2.7127698849127693e-05
2026-07-29 01:31:00,20181.16,920.49,44670.11,49025.9,49027.37,1.4700000000011642,2.998325221200248e-05
2026-07-29 01:32:00,20181.08,920.51,44670.14,49025.9,49027.365000000005,1.4650000000037835,2.9881271408401888e-05
2026-07-29 01:33:00,20181.09,920.3,44670.24,49026.01,49027.36,1.3499999999985448,2.7535645402863724e-05
2026-07-29 01:34:00,20181.0,920.15,44670.32,49026.02,49027.35,1.3300000000017462,2.7127715448657664e-05
2026-07-29 01:35:00,20180.83,919.92,44670.4,49026.0,49027.34,1.3399999999965075,2.733168880866283e-05
2026-07-29 01:36:00,20180.71,919.74,44670.45,49025.99,49027.335,1.3450000000011642,2.7433675520016826e-05
2026-07-29 01:37:00,20180.61,919.49,44670.51,49026.0,49027.33,1.3300000000017462,2.712772651502226e-05
2026-07-29 01:38:00,20180.52,919.11,44670.58,49026.02,49027.31,1.2900000000008731,2.6311865774419874e-05
2026-07-29 01:39:00,20180.35,918.87,44670.64,49026.01,49027.29,1.2799999999988358,2.6107908472991996e-05
2026-07-29 01:40:00,20180.32,918.62,44670.78,49026.12,49027.285,1.1650000000008731,2.376227849453367e-05
2026-07-29 01:41:00,20180.29,918.47,44670.83,49026.15,49027.28,1.1299999999973807,2.3048392649916142e-05
2026-07-29 01:42:00,20180.13,918.34,44670.89,49026.14,49027.270000000004,1.1300000000046566,2.304839735120182e-05
2026-07-29 01:43:00,20180.04,918.03,44670.98,49026.18,49027.26,1.0800000000017462,2.2028561253509705e-05
2026-07-29 01:44:00,20179.9,917.61,44671.16,49026.25,49027.26,1.0100000000020373,2.0600784135234913e-05
2026-07-29 01:45:00,20179.61,917.36,44671.21,49026.19,49027.26,1.069999999999709,2.1824593093713762e-05
2026-07-29 01:46:00,20179.41,917.14,44671.27,49026.17,49027.245,1.0750000000043656,2.192658388217338e-05
2026-07-29 01:47:00,20179.31,917.03,44671.31,49026.16,49027.23,1.069999999999709,2.1824606448288204e-05
2026-07-29 01:48:00,20179.26,916.97,44671.31,49026.14,49027.225000000006,1.0850000000064028,2.2130561132236278e-05
2026-07-29 01:49:00,20179.48,916.85,44671.3,49026.22,49027.22,1.0,2.0396832616656623e-05
2026-07-29 01:50:00,20179.82,916.76,44671.32,49026.38,49027.21,0.8300000000017462,1.69293745249168e-05
2026-07-29 01:51:00,20180.1,916.6,44671.32,49026.51,49027.2,0.6899999999950523,1.4073820246619272e-05
2026-07-29 01:52:00,20180.18,916.35,44671.35,49026.55,49027.195,0.6449999999967986,1.3155963746177986e-05
2026-07-29 01:53:00,20180.26,916.1,44671.35,49026.6,49027.19,0.5900000000037835,1.2034138607653906e-05
2026-07-29 01:54:00,20180.43,915.77,44671.44,49026.73,49027.185,0.45499999999447027,9.28056546576089e-06
2026-07-29 01:55:00,20180.58,915.58,44671.46,49026.81,49027.18,0.37000000000261934,7.546834225476957e-06
2026-07-29 01:56:00,20180.69,915.21,44671.54,49026.91,49027.17,0.2599999999947613,5.303181888629536e-06
2026-07-29 01:57:00,20180.59,914.75,44671.67,49026.97,49027.16,0.1900000000023283,3.875402939968954e-06
2026-07-29 01:58:00,20180.43,914.56,44671.72,49026.94,49027.14,0.19999999999708962,4.079373179775317e-06
2026-07-29 01:59:00,20180.38,914.13,44671.76,49026.96,49027.12,0.16000000000349246,3.2634998752423648e-06
2026-07-29 02:00:00,20180.09,913.96,44671.79,49026.87,49027.11,0.23999999999796273,4.895250811193291e-06
2026-07-29 02:01:00,20180.01,913.61,44671.87,49026.9,49027.1,0.19999999999708962,4.07937650803514e-06
2026-07-29 02:02:00,20179.91,913.43,44671.92,49026.91,49027.095,0.1849999999976717,3.7734236547703203e-06
2026-07-29 02:03:00,20179.8,913.58,44671.86,49026.82,49027.09,0.2699999999967986,5.507159409151117e-06
2026-07-29 02:04:00,20179.91,913.63,44671.82,49026.82,49027.09,0.2699999999967986,5.507159409151117e-06
2026-07-29 02:05:00,20180.06,913.68,44671.8,49026.87,49027.09,0.2199999999938882,4.487315074051676e-06
2026-07-29 02:06:00,20180.2,913.61,44671.81,49026.92,49027.085,0.16500000000087311,3.365486648877312e-06
2026-07-29 02:07:00,20180.34,913.59,44671.78,49026.97,49027.08,0.11000000000058208,2.2436579947364207e-06
2026-07-29 02:08:00,20180.51,913.71,44671.75,49027.01,49027.075,0.06499999999505235,1.3257980410834697e-06
2026-07-29 02:09:00,20180.49,913.71,44671.67,49026.93,49027.07,0.13999999999941792,2.8555653029931817e-06
2026-07-29 02:10:00,20180.67,913.55,44671.69,49027.02,49027.07,0.05000000000291038,1.0198447511325964e-06
2026-07-29 02:11:00,20180.74,913.27,44671.72,49027.07,49027.07,0.0,0.0
2026-07-29 02:12:00,20180.85,913.01,44671.8,49027.18,49027.05,0.12999999999738066,2.651597434424071e-06
2026-07-29 02:13:00,20180.83,912.85,44671.84,49027.2,49027.03,0.16999999999825377,3.467474982642305e-06
2026-07-29 02:14:00,20180.76,912.96,44671.82,49027.16,49027.024999999994,0.13500000000931323,2.7535833554924705e-06
2026-07-29 02:15:00,20180.72,913.06,44671.75,49027.09,49027.02,0.06999999999970896,1.4277841076147187e-06
2026-07-29 02:16:00,20180.83,913.27,44671.72,49027.1,49027.015,0.08499999999912689,1.7337380217646717e-06
2026-07-29 02:17:00,20180.81,913.35,44671.65,49027.03,49027.01,0.01999999999679858,4.079383996045971e-07
2026-07-29 02:18:00,20180.95,913.19,44671.68,49027.12,49027.01,0.11000000000058208,2.243661198196302e-06
2026-07-29 02:19:00,20181.23,912.88,44671.85,49027.34,49027.01,0.32999999999447027,6.730983594440499e-06
2026-07-29 02:20:00,20181.4,912.73,44671.85,49027.43,49027.005000000005,0.4249999999956344,8.668691876969324e-06
2026-07-29 02:21:00,20181.35,912.79,44671.85,49027.4,49027.0,0.4000000000014552,8.158769657565325e-06
2026-07-29 02:22:00,20181.3,912.61,44671.9,49027.43,49026.985,0.44499999999970896,9.076634021033702e-06
2026-07-29 02:23:00,20181.2,912.76,44671.9,49027.39,49026.97,0.41999999999825377,8.566713382414899e-06
2026-07-29 02:24:00,20181.08,913.05,44671.81,49027.26,49026.97,0.2900000000008731,5.915111621233641e-06
2026-07-29 02:25:00,20181.02,913.16,44671.78,49027.22,49026.97,0.25,5.099234156220545e-06
2026-07-29 02:26:00,20180.98,913.3,44671.76,49027.19,49026.965,0.22500000000582077,4.589311208756667e-06
2026-07-29 02:27:00,20181.07,913.5,44671.74,49027.23,49026.96,0.27000000000407454,5.5071740120960905e-06
2026-07-29 02:28:00,20181.27,913.67,44671.72,49027.29,49026.95,0.3400000000037835,6.934961281576429e-06
2026-07-29 02:29:00,20181.46,913.65,44671.63,49027.28,49026.94,0.33999999999650754,6.934962695948544e-06
2026-07-29 02:30:00,20181.52,913.57,44671.7,49027.37,49026.94,0.43000000000029104,8.770688115560364e-06
2026-07-29 02:31:00,20181.79,913.38,44671.75,49027.53,49026.94,0.5899999999965075,1.2034199972433676e-05
2026-07-29 02:32:00,20181.85,913.02,44671.84,49027.63,49026.935,0.694999999999709,1.4175881074346356e-05
2026-07-29 02:33:00,20181.68,913.04,44671.85,49027.57,49026.93,0.6399999999994179,1.305405009041802e-05
2026-07-29 02:34:00,20181.6,913.15,44671.85,49027.54,49026.925,0.6149999999979627,1.2544127538040835e-05
2026-07-29 02:35:00,20181.7,913.39,44671.81,49027.55,49026.92,0.6300000000046566,1.2850083178887368e-05
2026-07-29 02:36:00,20181.74,913.44,44671.83,49027.57,49026.915,0.6549999999988358,1.3360008476952626e-05
2026-07-29 02:37:00,20181.46,913.46,44671.8,49027.43,49026.91,0.5199999999967986,1.060642002518206e-05
2026-07-29 02:38:00,20181.61,913.6,44671.91,49027.6,49026.91,0.6899999999950523,1.4073903494938846e-05
2026-07-29 02:39:00,20182.04,913.61,44672.09,49027.92,49026.91,1.0099999999947613,2.0600931202777437e-05
2026-07-29 02:40:00,20182.14,913.53,44672.06,49027.95,49026.91,1.0399999999935972,2.121284005036412e-05
2026-07-29 02:41:00,20181.93,913.71,44671.9,49027.71,49026.91,0.7999999999956344,1.6317569269522275e-05
2026-07-29 02:42:00,20181.94,913.84,44671.87,49027.69,49026.905,0.7850000000034925,1.6011616478818975e-05
2026-07-29 02:43:00,20182.02,913.86,44671.94,49027.8,49026.9,0.9000000000014552,1.835726917266756e-05
2026-07-29 02:44:00,20182.13,913.8,44671.96,49027.85,49026.885,0.9649999999965075,1.968307796827205e-05
2026-07-29 02:45:00,20182.25,913.65,44671.99,49027.92,49026.87,1.0499999999956344,2.1416827139803833e-05
2026-07-29 02:46:00,20182.2,913.6,44671.96,49027.87,49026.87,1.0,2.039697822846941e-05
2026-07-29 02:47:00,20182.37,914.02,44672.06,49028.04,49026.87,1.1699999999982538,2.3864464527273588e-05
2026-07-29 02:48:00,20182.23,914.35,44671.99,49027.94,49026.86,1.0800000000017462,2.2028740979980082e-05
2026-07-29 02:49:00,20182.15,914.58,44671.96,49027.89,49026.85,1.0400000000008731,2.121286601119332e-05
2026-07-29 02:50:00,20182.08,914.34,44672.04,49027.94,49026.835,1.1050000000032014,2.253867703275566e-05
2026-07-29 02:51:00,20182.08,914.31,44672.12,49028.01,49026.82,1.1900000000023283,2.4272428846136222e-05
2026-07-29 02:52:00,20181.97,914.34,44672.07,49027.92,49026.82,1.0999999999985448,2.2436698933329653e-05
2026-07-29 02:53:00,20182.18,914.48,44672.17,49028.1,49026.82,1.2799999999988358,2.6108158758794388e-05
2026-07-29 02:54:00,20182.37,914.32,44672.21,49028.2,49026.815,1.3849999999947613,2.824984653795604e-05
2026-07-29 02:55:00,20182.55,914.27,44672.18,49028.23,49026.81,1.4200000000055297,2.896374453091135e-05
2026-07-29 02:56:00,20182.93,914.28,44672.37,49028.55,49026.8,1.75,3.5694762864392534e-05
2026-07-29 02:57:00,20182.93,914.42,44672.27,49028.47,49026.79,1.680000000000291,3.426697933926107e-05
2026-07-29 02:58:00,20183.13,914.31,44672.26,49028.56,49026.785,1.7749999999941792,3.6204699125063554e-05
2026-07-29 02:59:00,20183.11,914.49,44672.36,49028.64,49026.78,1.860000000000582,3.793844914963989e-05
2026-07-29 03:00:00,20183.04,914.48,44672.33,49028.57,49026.774999999994,1.7950000000055297,3.661264686501468e-05
2026-07-29 03:01:00,20182.99,914.48,44672.31,49028.54,49026.77,1.7700000000040745,3.610272510312376e-05
2026-07-29 03:02:00,20183.13,914.42,44672.44,49028.7,49026.75,1.9499999999970896,3.9774204898286945e-05
2026-07-29 03:03:00,20182.99,914.47,44672.37,49028.59,49026.73,1.8599999999933061,3.793848784108804e-05
2026-07-29 03:04:00,20182.91,914.65,44672.45,49028.64,49026.725000000006,1.9149999999935972,3.9060328830726444e-05
2026-07-29 03:05:00,20182.67,914.76,44672.36,49028.45,49026.72,1.7299999999959255,3.528688029702834e-05
2026-07-29 03:06:00,20182.8,914.94,44672.37,49028.52,49026.71,1.8099999999976717,3.69186510781097e-05
2026-07-29 03:07:00,20182.88,915.0,44672.43,49028.62,49026.7,1.9200000000055297,3.916233399363061e-05
2026-07-29 03:08:00,20182.87,915.17,44672.41,49028.59,49026.69,1.8999999999941792,3.8754400919054075e-05
2026-07-29 03:09:00,20182.73,915.44,44672.32,49028.47,49026.68,1.7900000000008731,3.6510732523615165e-05
2026-07-29 03:10:00,20182.65,915.54,44672.27,49028.4,49026.665,1.735000000000582,3.5388905200885725e-05
2026-07-29 03:11:00,20182.93,915.37,44672.44,49028.66,49026.65,2.0100000000020373,4.099811021152857e-05
2026-07-29 03:12:00,20182.95,915.68,44672.49,49028.7,49026.645000000004,2.054999999993015,4.191598262522379e-05
2026-07-29 03:13:00,20182.79,916.0,44672.3,49028.46,49026.64,1.819999999999709,3.7122674529596744e-05
2026-07-29 03:14:00,20182.74,916.23,44672.23,49028.38,49026.619999999995,1.7600000000020373,3.5898864739238346e-05
2026-07-29 03:15:00,20182.91,916.6,44672.38,49028.59,49026.6,1.9899999999979627,4.059021021237375e-05
2026-07-29 03:16:00,20183.08,916.71,44672.45,49028.72,49026.575,2.1450000000040745,4.375178155937009e-05
2026-07-29 03:17:00,20182.99,916.86,44672.4,49028.64,49026.55,2.0899999999965075,4.262996274460486e-05
2026-07-29 03:18:00,20182.95,917.09,44672.35,49028.59,49026.53,2.0599999999976717,4.201806654473959e-05
2026-07-29 03:19:00,20183.12,917.3,44672.5,49028.79,49026.51,2.279999999998836,4.650545184633448e-05
2026-07-29 03:20:00,20183.06,917.65,44672.53,49028.81,49026.490000000005,2.319999999992433,4.732135627071064e-05
2026-07-29 03:21:00,20183.08,917.65,44672.56,49028.84,49026.47,2.3699999999953434,4.834123280740676e-05
2026-07-29 03:22:00,20183.22,917.48,44672.64,49028.98,49026.425,2.555000000000291,5.211475240138947e-05
2026-07-29 03:23:00,20183.28,917.82,44672.46,49028.85,49026.38,2.470000000001164,5.0381039758619016e-05
2026-07-29 03:24:00,20183.8,917.86,44672.5,49029.09,49026.35,2.7399999999979627,5.588831312137173e-05
2026-07-29 03:25:00,20184.28,918.02,44672.59,49029.38,49026.32,3.0599999999976717,6.241545357672515e-05
2026-07-29 03:26:00,20184.62,918.09,44672.59,49029.52,49026.295,3.224999999998545,6.578102628392672e-05
2026-07-29 03:27:00,20185.12,918.14,44672.67,49029.81,49026.27,3.540000000000873,7.220618660160917e-05
2026-07-29 03:28:00,20185.41,918.05,44672.73,49029.99,49026.259999999995,3.7300000000032014,7.608167541238515e-05
2026-07-29 03:29:00,20185.28,918.25,44672.53,49029.74,49026.25,3.4899999999979627,7.11863542489577e-05
2026-07-29 03:30:00,20185.47,918.11,44672.52,49029.83,49026.25,3.5800000000017462,7.302210550473973e-05
2026-07-29 03:31:00,20185.54,918.1,44672.63,49029.95,49026.25,3.6999999999970896,7.546977384558455e-05
2026-07-29 03:32:00,20185.46,917.85,44672.7,49029.98,49026.240000000005,3.7399999999979627,7.628567885275236e-05
2026-07-29 03:33:00,20185.66,917.71,44672.96,49030.29,49026.23,4.059999999997672,8.281281265146578e-05
2026-07-29 03:34:00,20185.81,917.72,44673.19,49030.54,49026.23,4.309999999997672,8.791212377532744e-05
2026-07-29 03:35:00,20185.93,917.64,44673.17,49030.55,49026.23,4.319999999999709,8.811609622032347e-05
2026-07-29 03:36:00,20186.15,917.92,44673.11,49030.6,49026.225000000006,4.374999999992724,8.923795376847235e-05
2026-07-29 03:37:00,20186.55,917.66,44673.12,49030.78,49026.22,4.559999999997672,9.301145387096275e-05
2026-07-29 03:38:00,20186.96,917.54,44673.31,49031.1,49026.205,4.894999999996799,9.984456271899484e-05
2026-07-29 03:39:00,20187.18,917.44,44673.17,49031.06,49026.19,4.869999999995343,9.933466173886536e-05
2026-07-29 03:40:00,20187.55,917.42,44673.35,49031.39,49026.185,5.205000000001746,0.00010616775504766986
2026-07-29 03:41:00,20187.82,916.9,44673.24,49031.37,49026.18,5.190000000002328,0.00010586180689587335
2026-07-29 03:42:00,20188.45,916.66,44673.46,49031.82,49026.175,5.644999999996799,0.00011514257434924911
2026-07-29 03:43:00,20189.06,916.5,44673.56,49032.17,49026.17,6.0,0.00012238361674999292
2026-07-29 03:44:00,20189.5,916.88,44673.31,49032.13,49026.17,5.959999999999127,0.00012156772597164182
2026-07-29 03:45:00,20190.21,916.53,44673.4,49032.5,49026.17,6.330000000001746,0.00012911471567127815
2026-07-29 03:46:00,20190.18,916.48,44673.23,49032.34,49026.165,6.174999999995634,0.00012595315175061386
2026-07-29 03:47:00,20190.05,916.61,44673.24,49032.29,49026.16,6.129999999997381,0.00012503528728330713
2026-07-29 03:48:00,20189.81,916.69,44673.63,49032.54,49026.16,6.379999999997381,0.00013013460568801188
2026-07-29 03:49:00,20189.18,916.62,44673.38,49032.07,49026.16,5.9099999999962165,0.00012054788708714319
2026-07-29 03:50:00,20188.91,916.74,44673.34,49031.93,49026.155,5.775000000001455,0.00011779426716211898
2026-07-29 03:51:00,20188.86,916.96,44673.34,49031.91,49026.15,5.760000000002037,0.00011748832000885318
2026-07-29 03:52:00,20188.98,917.1,44673.21,49031.85,49026.145000000004,5.70499999999447,0.00011636648159863416
2026-07-29 03:53:00,20188.93,917.38,44673.16,49031.78,49026.14,5.639999999999418,0.00011504067014044789
2026-07-29 03:54:00,20189.31,917.91,44673.2,49031.98,49026.14,5.8400000000037835,0.0001191201265284965
2026-07-29 03:55:00,20189.64,918.3,44673.29,49032.2,49026.14,6.059999999997672,0.00012360752855512737
2026-07-29 03:56:00,20189.56,918.6,44673.19,49032.1,49026.14,5.959999999999127,0.00012156780036117726
2026-07-29 03:57:00,20189.51,918.51,44673.31,49032.18,49026.14,6.040000000000873,0.0001231995829163967
2026-07-29 03:58:00,20189.22,918.58,44673.18,49031.95,49026.130000000005,5.819999999992433,0.00011871220510353219
2026-07-29 03:59:00,20189.41,918.2,44673.5,49032.3,49026.12,6.180000000000291,0.00012605525381164756
2026-07-29 04:00:00,20189.23,918.49,44673.47,49032.21,49026.115000000005,6.094999999993888,0.00012432149681845865
2026-07-29 04:01:00,20189.27,918.87,44673.3,49032.07,49026.11,5.959999999999127,0.00012156787475080374
2026-07-29 04:02:00,20189.2,919.57,44673.43,49032.17,49026.09,6.080000000001746,0.00012401560067306502
2026-07-29 04:03:00,20189.12,919.77,44673.48,49032.2,49026.07,6.129999999997381,0.0001250355168178355
2026-07-29 04:04:00,20188.76,920.21,44673.47,49032.05,49026.065,5.985000000000582,0.00012207791916403205
2026-07-29 04:05:00,20188.5,920.41,44673.51,49031.97,49026.06,5.9100000000034925,0.00012054813297261687
2026-07-29 04:06:00,20188.53,920.86,44673.72,49032.19,49026.055,6.135000000002037,0.0001251375416602873
2026-07-29 04:07:00,20188.4,921.45,44673.57,49032.0,49026.05,5.94999999999709,0.0001213640503364454
2026-07-29 04:08:00,20188.48,921.9,44673.56,49032.04,49026.035,6.004999999997381,0.0001224859403783598
2026-07-29 04:09:00,20188.63,922.4,44673.61,49032.15,49026.02,6.130000000004657,0.0001250356443375305
2026-07-29 04:10:00,20188.63,922.1,44673.61,49032.14,49026.02,6.120000000002619,0.0001248316710188308
2026-07-29 04:11:00,20188.89,921.86,44673.8,49032.41,49026.02,6.390000000006694,0.00013033895062268351
2026-07-29 04:12:00,20189.51,922.21,44674.01,49032.89,49026.015,6.875,0.00014023167087922605
2026-07-29 04:13:00,20190.02,922.97,44673.97,49033.07,49026.02,7.05000000000291,0.0001438011896540431
2026-07-29 04:14:00,20190.76,923.49,44673.84,49033.27,49026.02,7.25,0.0001478806560271464
2026-07-29 04:15:00,20191.47,923.18,44673.68,49033.39,49026.02,7.370000000002619,0.00015032833585109742
2026-07-29 04:16:00,20192.17,923.17,44673.83,49033.81,49026.035,7.774999999994179,0.00015858920673462944
2026-07-29 04:17:00,20192.82,922.55,44674.14,49034.34,49026.05,8.289999999993597,0.00016909377769560463
2026-07-29 04:18:00,20192.5,922.79,44674.05,49034.12,49026.055,8.065000000002328,0.000164504364057078
2026-07-29 04:19:00,20192.59,922.89,44674.15,49034.25,49026.06,8.190000000002328,0.00016705401168281376
2026-07-29 04:20:00,20192.62,923.79,44674.08,49034.23,49026.065,8.165000000000873,0.0001665440618169309
2026-07-29 04:21:00,20192.51,924.83,44673.8,49033.95,49026.07,7.879999999997381,0.0001607308111785705
2026-07-29 04:22:00,20192.57,925.12,44673.81,49034.0,49026.09,7.9100000000034925,0.0001613426646914631
2026-07-29 04:23:00,20192.36,925.74,44673.74,49033.86,49026.11,7.75,0.00015807903176491057
2026-07-29 04:24:00,20192.86,925.61,44673.85,49034.16,49026.115000000005,8.044999999998254,0.00016409621688355793
2026-07-29 04:25:00,20192.59,925.82,44673.86,49034.06,49026.12,7.939999999995052,0.00016195448467051955
2026-07-29 04:26:00,20192.92,926.42,44674.05,49034.37,49026.130000000005,8.239999999997963,0.00016807363746634626
2026-07-29 04:27:00,20193.3,927.58,44674.0,49034.51,49026.14,8.37000000000262,0.00017072524983616127
2026-07-29 04:28:00,20193.67,928.02,44673.97,49034.64,49026.14,8.5,0.00017337689648828155
2026-07-29 04:29:00,20194.07,927.92,44673.9,49034.74,49026.14,8.599999999998545,0.00017541662468223166
2026-07-29 04:30:00,20194.86,927.89,44674.13,49035.25,49026.14,9.110000000000582,0.00018581923847157012
2026-07-29 04:31:00,20195.35,927.72,44674.2,49035.52,49026.14,9.37999999999738,0.00019132650459525023
2026-07-29 04:32:00,20196.03,927.5,44674.45,49036.02,49026.145000000004,9.874999999992724,0.0002014231386129324
2026-07-29 04:33:00,20196.28,927.47,44674.5,49036.17,49026.15,10.019999999996799,0.0002043807233485966
2026-07-29 04:34:00,20196.66,926.57,44674.8,49036.58,49026.155,10.42500000000291,0.00021264159916279198
2026-07-29 04:35:00,20197.18,926.73,44674.79,49036.78,49026.16,10.619999999995343,0.00021661904583176293
2026-07-29 04:36:00,20197.34,926.85,44674.8,49036.86,49026.16,10.69999999999709,0.00021825082772130406
2026-07-29 04:37:00,20197.49,926.64,44674.87,49036.97,49026.16,10.809999999997672,0.00022049452781938602
2026-07-29 04:38:00,20197.46,927.43,44674.84,49036.96,49026.165,10.794999999998254,0.0002201885462588855
2026-07-29 04:39:00,20197.21,928.33,44674.55,49036.6,49026.17,10.430000000000291,0.0002127435204504103
2026-07-29 04:40:00,20197.51,928.82,44674.67,49036.86,49026.17,10.690000000002328,0.0002180468105096182
2026-07-29 04:41:00,20197.44,929.12,44674.57,49036.75,49026.17,10.580000000001746,0.00021580311086918979
2026-07-29 04:42:00,20197.46,929.2,44674.35,49036.54,49026.175,10.364999999997963,0.00021141767637385461
2026-07-29 04:43:00,20197.43,930.03,44674.16,49036.38,49026.18,10.19999999999709,0.0002080521060379799
2026-07-29 04:44:00,20197.54,930.54,44674.14,49036.42,49026.185,10.235000000000582,0.00020876598903219948
2026-07-29 04:45:00,20197.9,930.55,44674.02,49036.47,49026.19,10.279999999998836,0.00020968384449207323
2026-07-29 04:46:00,20199.0,930.59,44674.35,49037.21,49026.195,11.014999999999418,0.0002246758085141916
2026-07-29 04:47:00,20199.41,930.36,44674.2,49037.23,49026.2,11.030000000006112,0.00022498174445513037
2026-07-29 04:48:00,20200.17,930.59,44674.39,49037.71,49026.21,11.5,0.00023456840738861928
2026-07-29 04:49:00,20200.77,930.35,44674.32,49037.89,49026.22,11.669999999998254,0.0002380358918145893
2026-07-29 04:50:00,20201.43,930.35,44674.33,49038.17,49026.225000000006,11.944999999992433,0.00024364511034639995
2026-07-29 04:51:00,20201.51,929.85,44674.17,49038.05,49026.23,11.819999999999709,0.0002410954299361731
2026-07-29 04:52:00,20201.88,929.51,44674.2,49038.22,49026.23,11.989999999997963,0.0002445629615003634
2026-07-29 04:53:00,20202.25,929.02,44674.23,49038.39,49026.23,12.159999999996217,0.0002480304930645537
2026-07-29 04:54:00,20202.94,928.32,44674.52,49038.92,49026.235,12.684999999997672,0.0002587390200368776
2026-07-29 04:55:00,20203.08,928.59,44674.45,49038.92,49026.24,12.680000000000291,0.00025863700744744634
2026-07-29 04:56:00,20203.39,928.81,44674.41,49039.02,49026.244999999995,12.775000000001455,0.0002605747187042666
2026-07-29 04:57:00,20203.78,928.43,44674.25,49039.03,49026.25,12.779999999998836,0.00026067667831006523
2026-07-29 04:58:00,20203.69,929.14,44674.14,49038.9,49026.25,12.650000000001455,0.0002580250376074339
2026-07-29 04:59:00,20203.71,929.41,44674.13,49038.9,49026.25,12.650000000001455,0.0002580250376074339
2026-07-29 05:00:00,20203.75,929.06,44673.84,49038.66,49026.259999999995,12.400000000008731,0.00025292567697411005
2026-07-29 05:01:00,20204.28,928.97,44674.28,49039.29,49026.27,13.020000000004075,0.0002655719066533937
2026-07-29 05:02:00,20203.99,929.28,44674.36,49039.24,49026.295,12.944999999999709,0.0002640419799211772
2026-07-29 05:03:00,20204.0,930.19,44674.23,49039.13,49026.32,12.809999999997672,0.00026128822232624583
2026-07-29 05:04:00,20203.94,931.15,44673.97,49038.86,49026.35,12.510000000002037,0.00025516890406897594
2026-07-29 05:05:00,20203.83,931.73,44673.65,49038.54,49026.38,12.160000000003492,0.0002480297341962326
2026-07-29 05:06:00,20203.83,931.84,44673.76,49038.64,49026.42,12.220000000001164,0.00024925336175884684
2026-07-29 05:07:00,20203.93,931.66,44673.77,49038.7,49026.46,12.239999999997963,0.0002496611013725642
2026-07-29 05:08:00,20203.74,931.94,44673.54,49038.41,49026.465,11.945000000006985,0.00024364391762708132
2026-07-29 05:09:00,20204.0,932.47,44673.6,49038.6,49026.47,12.12999999999738,0.00024741736453791965
2026-07-29 05:10:00,20204.06,932.23,44673.64,49038.66,49026.490000000005,12.169999999998254,0.0002482331490587691
2026-07-29 05:11:00,20203.97,931.61,44673.62,49038.58,49026.51,12.069999999999709,0.0002461933349936536
2026-07-29 05:12:00,20203.93,932.04,44673.56,49038.53,49026.53,12.0,0.0002447654361832257
2026-07-29 05:13:00,20203.43,932.36,44673.16,49037.98,49026.55,11.430000000000291,0.00023313898285725368
2026-07-29 05:14:00,20202.93,932.49,44673.27,49037.85,49026.575,11.275000000001455,0.00022997731332448688
2026-07-29 05:15:00,20202.77,932.6,44673.4,49037.91,49026.6,11.310000000004948,0.00023069109422242106
2026-07-29 05:16:00,20202.88,932.7,44673.54,49038.08,49026.619999999995,11.460000000006403,0.00023375056244967333
2026-07-29 05:17:00,20202.91,932.64,44673.63,49038.18,49026.64,11.540000000000873,0.00023538223300639965
2026-07-29 05:18:00,20202.94,932.12,44673.66,49038.21,49026.645000000004,11.564999999995052,0.00023589213579666834
2026-07-29 05:19:00,20203.31,932.03,44673.52,49038.24,49026.65,11.589999999996508,0.00023640203848308028
2026-07-29 05:20:00,20203.34,931.76,44673.69,49038.38,49026.66,11.719999999993888,0.00023905360879150013
2026-07-29 05:21:00,20202.7,930.88,44673.85,49038.26,49026.67,11.590000000003783,0.00023640194204509063
2026-07-29 05:22:00,20201.54,931.03,44673.66,49037.6,49026.675,10.924999999995634,0.00022283787346369366
2026-07-29 05:23:00,20200.81,931.01,44673.83,49037.46,49026.68,10.779999999998836,0.0002198802774325905
2026-07-29 05:24:00,20199.87,931.99,44673.92,49037.18,49026.69,10.489999999997963,0.000213965087180023
2026-07-29 05:25:00,20198.55,933.12,44673.46,49036.24,49026.7,9.540000000000873,0.00019458784703030947
2026-07-29 05:26:00,20198.05,934.52,44673.38,49036.0,49026.71,9.290000000000873,0.00018948854614149864
2026-07-29 05:27:00,20197.93,935.18,44673.24,49035.83,49026.72,9.110000000000582,0.00018581704017728664
2026-07-29 05:28:00,20197.92,934.82,44673.24,49035.83,49026.725000000006,9.104999999995925,0.0001857150360338351
2026-07-29 05:29:00,20197.97,935.31,44673.22,49035.86,49026.73,9.12999999999738,0.0001862249430055274
2026-07-29 05:30:00,20197.64,935.83,44673.06,49035.58,49026.75,8.830000000001746,0.00018010575859100892
2026-07-29 05:31:00,20197.16,935.55,44673.21,49035.51,49026.77,8.740000000005239,0.0001782699533337652
2026-07-29 05:32:00,20196.47,935.37,44673.27,49035.29,49026.774999999994,8.515000000006694,0.00017368060615871012
2026-07-29 05:33:00,20195.6,936.1,44673.35,49035.01,49026.78,8.230000000003201,0.00016786743897933336
2026-07-29 05:34:00,20195.09,936.99,44673.15,49034.63,49026.785,7.844999999993888,0.0001600145716263852
2026-07-29 05:35:00,20194.91,937.47,44673.12,49034.54,49026.79,7.75,0.00015807683921382573
2026-07-29 05:36:00,20195.08,937.76,44673.29,49034.79,49026.8,7.989999999997963,0.0001629720887350992
2026-07-29 05:37:00,20194.42,938.42,44673.06,49034.31,49026.81,7.5,0.00015297752393027408
2026-07-29 05:38:00,20194.38,939.22,44673.05,49034.3,49026.815,7.485000000000582,0.0001526715533122146
2026-07-29 05:39:00,20193.94,939.98,44672.56,49033.69,49026.82,6.870000000002619,0.00014012738333839763
2026-07-29 05:40:00,20193.68,941.27,44672.58,49033.62,49026.82,6.80000000000291,0.0001386995934062807
2026-07-29 05:41:00,20193.48,941.85,44672.39,49033.37,49026.82,6.55000000000291,0.00013360034364869904
2026-07-29 05:42:00,20193.69,941.68,44672.4,49033.48,49026.835,6.6450000000040745,0.00013553801708807175
2026-07-29 05:43:00,20193.95,941.33,44672.47,49033.63,49026.85,6.779999999998836,0.00013829156880360122
2026-07-29 05:44:00,20194.01,940.83,44672.69,49033.86,49026.86,7.0,0.00014277887672186227
2026-07-29 05:45:00,20194.15,939.83,44672.89,49034.08,49026.87,7.209999999999127,0.0001470622130272466
2026-07-29 05:46:00,20194.25,938.88,44673.36,49034.53,49026.87,7.6599999999962165,0.0001562408532299985
2026-07-29 05:47:00,20193.61,938.3,44673.48,49034.36,49026.87,7.489999999997963,0.00015277336693119431
2026-07-29 05:48:00,20192.69,938.21,44673.38,49033.89,49026.885,7.004999999997381,0.0001428807887753297
2026-07-29 05:49:00,20192.07,939.46,44673.08,49033.39,49026.9,6.489999999997963,0.00013237630770042492
2026-07-29 05:50:00,20193.07,938.34,44673.41,49034.09,49026.905,7.184999999997672,0.00014655218394874552
2026-07-29 05:51:00,20192.63,936.5,44673.96,49034.38,49026.91,7.469999999993888,0.00015236530305487103
2026-07-29 05:52:00,20191.4,936.78,44674.12,49034.0,49026.91,7.0899999999965075,0.00014461445765185909
2026-07-29 05:53:00,20190.35,938.43,44673.61,49033.15,49026.91,6.239999999997963,0.00012727704030292673
2026-07-29 05:54:00,20189.44,940.21,44673.06,49032.32,49026.91,5.4099999999962165,0.00011034756218566939
2026-07-29 05:55:00,20188.53,942.13,44672.66,49031.61,49026.91,4.69999999999709,9.586571945890714e-05
2026-07-29 05:56:00,20187.88,943.64,44672.2,49030.95,49026.915,4.0349999999962165,8.230173160999864e-05
2026-07-29 05:57:00,20187.81,944.86,44671.89,49030.67,49026.92,3.75,7.648859034995468e-05
2026-07-29 05:58:00,20187.66,946.7,44671.46,49030.26,49026.925,3.334999999999127,6.802384608047776e-05
2026-07-29 05:59:00,20188.34,946.62,44671.43,49030.49,49026.93,3.5599999999976717,7.261315362796879e-05
2026-07-29 06:00:00,20188.74,946.55,44671.51,49030.73,49026.935,3.7950000000055297,7.740642975143215e-05
2026-07-29 06:01:00,20189.22,945.71,44671.82,49031.2,49026.94,4.259999999994761,8.68910031911998e-05
2026-07-29 06:02:00,20189.57,944.93,44672.04,49031.52,49026.94,4.57999999999447,9.341802690509483e-05
2026-07-29 06:03:00,20189.46,943.98,44672.09,49031.5,49026.94,4.559999999997672,9.301008792304132e-05
2026-07-29 06:04:00,20189.17,943.45,44672.31,49031.59,49026.94,4.649999999994179,9.484581334250473e-05
2026-07-29 06:05:00,20189.02,943.47,44672.36,49031.56,49026.94,4.619999999995343,9.423390486935026e-05
2026-07-29 06:06:00,20189.39,943.28,44672.61,49031.96,49026.95,5.010000000002037,0.00010218869417742768
2026-07-29 06:07:00,20188.92,943.42,44672.35,49031.5,49026.96,4.540000000000873,9.260211116497685e-05
2026-07-29 06:08:00,20189.05,943.89,44672.46,49031.68,49026.965,4.7150000000037835,9.617156599442335e-05
2026-07-29 06:09:00,20189.02,944.51,44672.48,49031.68,49026.97,4.709999999999127,9.606957150317727e-05
2026-07-29 06:10:00,20188.46,945.09,44672.2,49031.22,49026.97,4.25,8.668698065574928e-05
2026-07-29 06:11:00,20188.37,945.3,44671.89,49030.9,49026.97,3.930000000000291,8.015996093579291e-05
2026-07-29 06:12:00,20188.72,945.6,44672.06,49031.2,49026.985,4.2149999999965075,8.597306157000083e-05
2026-07-29 06:13:00,20188.62,946.18,44671.82,49030.96,49027.0,3.959999999999127,8.077181960958507e-05
2026-07-29 06:14:00,20188.73,945.76,44671.74,49030.92,49027.0,3.9199999999982538,7.995594264381369e-05
2026-07-29 06:15:00,20189.08,945.2,44671.98,49031.28,49027.0,4.279999999998836,8.729883533560764e-05
2026-07-29 06:16:00,20189.37,944.74,44672.22,49031.59,49027.005000000005,4.584999999991851,9.351988766174582e-05
2026-07-29 06:17:00,20189.4,943.91,44672.4,49031.76,49027.01,4.75,9.688536992160036e-05
2026-07-29 06:18:00,20189.05,943.77,44672.48,49031.69,49027.01,4.680000000000291,9.545758552276165e-05
2026-07-29 06:19:00,20188.87,943.75,44672.38,49031.52,49027.01,4.509999999994761,9.199010912545474e-05
2026-07-29 06:20:00,20188.8,943.12,44672.47,49031.58,49027.015,4.565000000002328,9.311193022871835e-05
2026-07-29 06:21:00,20188.92,942.97,44672.68,49031.81,49027.02,4.790000000000873,9.770122679291692e-05
2026-07-29 06:22:00,20188.53,943.2,44672.59,49031.57,49027.024999999994,4.54500000000553,9.270397296196394e-05
2026-07-29 06:23:00,20188.11,943.24,44672.37,49031.21,49027.03,4.180000000000291,8.525909075055722e-05
2026-07-29 06:24:00,20188.32,943.44,44672.71,49031.6,49027.05,4.549999999995634,9.280591020662337e-05
2026-07-29 06:25:00,20187.97,943.6,44672.63,49031.38,49027.07,4.309999999997672,8.791061754246525e-05
2026-07-29 06:26:00,20187.66,943.81,44672.39,49031.06,49027.07,3.9899999999979627,8.13836111356025e-05
2026-07-29 06:27:00,20187.9,943.96,44672.26,49031.04,49027.07,3.970000000001164,8.097567323523849e-05
2026-07-29 06:28:00,20187.73,943.93,44672.27,49030.99,49027.075,3.915000000000873,7.985383586520047e-05
2026-07-29 06:29:00,20187.66,944.2,44672.32,49030.99,49027.08,3.9099999999962165,7.975184326694995e-05
2026-07-29 06:30:00,20187.78,943.89,44672.49,49031.2,49027.085,4.114999999997963,8.393319733363635e-05
2026-07-29 06:31:00,20187.98,943.84,44672.75,49031.51,49027.09,4.42000000000553,9.015423921765559e-05
2026-07-29 06:32:00,20187.61,943.85,44672.71,49031.34,49027.09,4.25,8.668676847840654e-05
2026-07-29 06:33:00,20187.53,943.82,44672.65,49031.25,49027.09,4.1600000000034925,8.485104867540563e-05
2026-07-29 06:34:00,20187.38,943.35,44672.53,49031.07,49027.095,3.974999999998545,8.107761636700165e-05
2026-07-29 06:35:00,20187.6,942.96,44672.86,49031.45,49027.1,4.349999999998545,8.872643905102576e-05
2026-07-29 06:36:00,20187.69,942.65,44673.21,49031.8,49027.11,4.690000000002328,9.566135960292843e-05
2026-07-29 06:37:00,20187.28,942.95,44673.14,49031.58,49027.12,4.459999999999127,9.097005902037743e-05
2026-07-29 06:38:00,20187.08,942.21,44673.11,49031.46,49027.125,4.334999999999127,8.842044072539694e-05
2026-07-29 06:39:00,20187.19,942.17,44673.27,49031.64,49027.13,4.510000000002037,9.198988396836685e-05
2026-07-29 06:40:00,20187.14,942.04,44673.36,49031.69,49027.145000000004,4.544999999998254,9.270374605737808e-05
2026-07-29 06:41:00,20186.96,941.81,44673.5,49031.75,49027.16,4.5899999999965075,9.362157628539991e-05
2026-07-29 06:42:00,20186.43,942.04,44673.38,49031.4,49027.17,4.230000000003201,8.62786899591227e-05
2026-07-29 06:43:00,20186.0,942.4,44673.26,49031.12,49027.18,3.9400000000023283,8.036358607617914e-05
2026-07-29 06:44:00,20185.69,942.81,44673.25,49031.01,49027.185,3.8250000000043656,7.801794045496118e-05
2026-07-29 06:45:00,20185.63,942.68,44673.16,49030.9,49027.19,3.709999999999127,7.56722953120325e-05
2026-07-29 06:46:00,20185.68,942.47,44673.31,49031.06,49027.195,3.8649999999979627,7.883379826233099e-05
2026-07-29 06:47:00,20185.41,943.28,44673.44,49031.09,49027.2,3.889999999999418,7.934371124599036e-05
2026-07-29 06:48:00,20184.82,943.33,44673.06,49030.49,49027.21,3.279999999998836,6.690162462842238e-05
2026-07-29 06:49:00,20184.84,943.53,44673.09,49030.56,49027.22,3.3399999999965075,6.81254209395619e-05
2026-07-29 06:50:00,20184.59,944.19,44673.03,49030.39,49027.225000000006,3.164999999993597,6.455596864790118e-05
2026-07-29 06:51:00,20184.53,944.47,44672.91,49030.28,49027.23,3.0499999999956344,6.221032679177742e-05
2026-07-29 06:52:00,20184.46,944.52,44672.83,49030.18,49027.245,2.9349999999976717,5.9864673203596724e-05
2026-07-29 06:53:00,20184.61,944.89,44672.96,49030.36,49027.26,3.099999999998545,6.323012952383113e-05
2026-07-29 06:54:00,20184.34,944.96,44672.94,49030.24,49027.26,2.9799999999959255,6.078251160672502e-05
2026-07-29 06:55:00,20183.95,945.51,44672.61,49029.79,49027.26,2.529999999998836,5.160394441783685e-05
2026-07-29 06:56:00,20184.14,945.6,44672.77,49030.02,49027.270000000004,2.749999999992724,5.609123249148329e-05
2026-07-29 06:57:00,20184.17,945.71,44672.82,49030.07,49027.28,2.790000000000873,5.690709335702232e-05
2026-07-29 06:58:00,20183.92,945.7,44672.75,49029.9,49027.285,2.6149999999979627,5.33376465777773e-05
2026-07-29 06:59:00,20184.21,945.41,44672.99,49030.23,49027.29,2.9400000000023283,5.9966602274005524e-05
2026-07-29 07:00:00,20183.84,945.72,44672.94,49030.02,49027.31,2.709999999999127,5.527531492140048e-05
2026-07-29 07:01:00,20184.13,945.59,44673.25,49030.44,49027.33,3.110000000000582,6.343400711400318e-05
2026-07-29 07:02:00,20183.91,945.51,44673.04,49030.14,49027.335,2.805000000000291,5.721298128891344e-05
2026-07-29 07:03:00,20183.97,945.41,44673.12,49030.24,49027.34,2.900000000001455,5.915066980997654e-05
2026-07-29 07:04:00,20184.01,945.02,44673.33,49030.4,49027.35,3.0500000000029104,6.221017452509489e-05
2026-07-29 07:05:00,20184.08,945.24,44673.33,49030.48,49027.36,3.1200000000026193,6.363793604229596e-05
2026-07-29 07:06:00,20183.75,945.2,44673.31,49030.34,49027.365000000005,2.974999999991269,6.068039756962807e-05
2026-07-29 07:07:00,20183.25,945.39,44673.1,49029.99,49027.37,2.6199999999953434,5.343953795594876e-05
2026-07-29 07:08:00,20183.35,945.47,44673.13,49030.07,49027.380000000005,2.6899999999950523,5.48673006796417e-05
2026-07-29 07:09:00,20183.39,945.48,44673.44,49030.34,49027.39,2.9499999999970896,6.017044758036456e-05
2026-07-29 07:10:00,20183.07,945.56,44673.14,49029.95,49027.395000000004,2.554999999993015,5.2113721318316316e-05
2026-07-29 07:11:00,20183.27,945.33,44673.36,49030.25,49027.4,2.849999999998545,5.813075953443472e-05
2026-07-29 07:12:00,20183.15,945.28,44673.46,49030.26,49027.41,2.849999999998545,5.813074767764694e-05
2026-07-29 07:13:00,20182.95,945.49,44673.35,49030.08,49027.42,2.6600000000034925,5.425535343290535e-05
2026-07-29 07:14:00,20183.15,945.44,44673.57,49030.37,49027.425,2.944999999999709,6.00684208889149e-05
2026-07-29 07:15:00,20183.31,944.69,44673.72,49030.56,49027.43,3.1299999999973807,6.38418126342209e-05
2026-07-29 07:16:00,20183.39,944.27,44673.89,49030.73,49027.43,3.3000000000029104,6.730925932693005e-05
2026-07-29 07:17:00,20183.13,943.92,44674.19,49030.89,49027.43,3.459999999999127,7.057273856694358e-05
2026-07-29 07:18:00,20182.67,943.81,44674.21,49030.72,49027.43,3.290000000000873,6.710529187438283e-05
2026-07-29 07:19:00,20182.28,943.72,44674.21,49030.58,49027.43,3.150000000001455,6.424974753931535e-05
2026-07-29 07:20:00,20181.98,943.79,44674.11,49030.33,49027.46,2.8700000000026193,5.8538623049258915e-05
2026-07-29 07:21:00,20181.87,944.37,44674.07,49030.28,49027.49,2.790000000000873,5.690684960622853e-05
2026-07-29 07:22:00,20181.42,944.78,44674.02,49030.07,49027.49,2.5800000000017462,5.2623538345563814e-05
2026-07-29 07:23:00,20181.05,944.79,44673.81,49029.73,49027.49,2.2400000000052387,4.568865344738714e-05
2026-07-29 07:24:00,20180.98,944.39,44674.03,49029.88,49027.5,2.3799999999973807,4.854418438626038e-05
2026-07-29 07:25:00,20181.13,943.67,44674.36,49030.24,49027.51,2.7299999999959255,5.568302367376857e-05
2026-07-29 07:26:00,20180.68,943.62,44674.19,49029.9,49027.520000000004,2.3799999999973807,4.854416458342948e-05
2026-07-29 07:27:00,20180.61,943.69,44674.51,49030.15,49027.53,2.6200000000026193,5.343936355763016e-05
2026-07-29 07:28:00,20180.31,943.47,44674.52,49030.05,49027.535,2.514999999999418,5.1297704443011824e-05
2026-07-29 07:29:00,20180.2,943.35,44674.64,49030.1,49027.54,2.5599999999976717,5.221555068840231e-05
2026-07-29 07:30:00,20180.5,943.19,44675.02,49030.56,49027.545,3.014999999999418,6.149604268374886e-05
2026-07-29 07:31:00,20180.52,943.11,44674.87,49030.44,49027.55,2.889999999999418,5.894644949624074e-05
2026-07-29 07:32:00,20180.16,943.21,44674.83,49030.26,49027.56,2.7000000000043656,5.507106615145371e-05
2026-07-29 07:33:00,20180.12,943.02,44674.9,49030.28,49027.57,2.709999999999127,5.527502178874309e-05
2026-07-29 07:34:00,20180.0,943.06,44674.71,49030.03,49027.57,2.459999999999127,5.017585003701238e-05
2026-07-29 07:35:00,20180.14,942.85,44674.82,49030.22,49027.57,2.650000000001455,5.4051220568375204e-05
2026-07-29 07:36:00,20180.1,942.1,44675.07,49030.44,49027.585,2.8550000000032014,5.823252358857165e-05
2026-07-29 07:37:00,20179.91,941.29,44675.21,49030.49,49027.6,2.889999999999418,5.89463893806635e-05
2026-07-29 07:38:00,20179.18,941.64,44675.21,49030.17,49027.615,2.555000000000291,5.2113487470281616e-05
2026-07-29 07:39:00,20179.07,941.6,44675.19,49030.09,49027.63,2.459999999999127,5.0175788631821014e-05
2026-07-29 07:40:00,20178.75,942.18,44675.35,49030.11,49027.63,2.4800000000032014,5.058372187281338e-05
2026-07-29 07:41:00,20178.53,941.95,44675.35,49030.01,49027.63,2.3800000000046566,4.854405566829677e-05
2026-07-29 07:42:00,20178.43,942.11,44675.29,49029.93,49027.655,2.275000000001455,4.6402382492115015e-05
2026-07-29 07:43:00,20178.24,941.9,44675.35,49029.9,49027.68,2.220000000001164,4.5280543562354246e-05
2026-07-29 07:44:00,20177.81,942.02,44675.41,49029.75,49027.685,2.0650000000023283,4.211905987407581e-05
2026-07-29 07:45:00,20177.41,941.96,44675.44,49029.54,49027.69,1.8499999999985448,3.7733778605488954e-05
2026-07-29 07:46:00,20177.45,941.43,44675.39,49029.59,49027.69,1.8999999999941792,3.8753610459603115e-05
2026-07-29 07:47:00,20177.25,941.67,44675.54,49029.7,49027.69,2.0099999999947613,4.099724053886204e-05
2026-07-29 07:48:00,20177.29,941.37,44675.97,49030.07,49027.7,2.3700000000026193,4.834002002954696e-05
2026-07-29 07:49:00,20176.79,940.83,44675.54,49029.45,49027.71,1.7399999999979627,3.5490134048642345e-05
2026-07-29 07:50:00,20176.57,940.76,44675.6,49029.45,49027.725,1.7249999999985448,3.518417385262206e-05
2026-07-29 07:51:00,20176.22,940.67,44675.8,49029.48,49027.74,1.7400000000052387,3.549011233243137e-05
2026-07-29 07:52:00,20175.73,940.55,44675.99,49029.41,49027.75,1.6600000000034925,3.3858376123797086e-05
2026-07-29 07:53:00,20175.22,940.38,44675.96,49029.18,49027.76,1.4199999999982538,2.8963183306727734e-05
2026-07-29 07:54:00,20174.89,940.38,44675.94,49029.06,49027.76,1.2999999999956344,2.651559035117318e-05
2026-07-29 07:55:00,20174.45,940.29,44675.82,49028.76,49027.76,1.0,2.0396607962509403e-05
2026-07-29 07:56:00,20173.8,940.32,44675.78,49028.47,49027.76,0.7099999999991269,1.4481591653363867e-05
2026-07-29 07:57:00,20173.33,940.72,44675.91,49028.39,49027.76,0.6299999999973807,1.2849863016327498e-05
2026-07-29 07:58:00,20172.9,941.26,44675.86,49028.19,49027.78,0.41000000000349246,8.362605853324227e-06
2026-07-29 07:59:00,20172.66,941.73,44675.63,49027.9,49027.8,0.09999999999854481,2.0396591321361514e-06
2026-07-29 08:00:00,20172.48,941.66,44675.42,49027.63,49027.82,0.1900000000023283,3.875350770283654e-06
2026-07-29 08:01:00,20172.69,941.51,44675.67,49027.94,49027.84,0.10000000000582077,2.039657468202164e-06
2026-07-29 08:02:00,20172.52,941.8,44675.52,49027.74,49027.845,0.10500000000320142,2.1416401231422964e-06
2026-07-29 08:03:00,20172.35,941.82,44675.35,49027.51,49027.85,0.33999999999650754,6.9348339769438705e-06
2026-07-29 08:04:00,20172.25,941.88,44675.22,49027.36,49027.854999999996,0.4949999999953434,1.0096301377968574e-05
2026-07-29 08:05:00,20172.28,942.2,44675.39,49027.49,49027.86,0.37000000000261934,7.5467295534134944e-06
2026-07-29 08:06:00,20171.79,942.26,44675.03,49027.0,49027.865000000005,0.8650000000052387,1.7643028102595097e-05
2026-07-29 08:07:00,20171.55,942.25,44674.96,49026.85,49027.87,1.0200000000040745,2.0804493444322067e-05
2026-07-29 08:08:00,20171.64,942.05,44675.0,49026.94,49027.87,0.930000000000291,1.896880284622381e-05
2026-07-29 08:09:00,20171.31,941.93,44674.85,49026.68,49027.87,1.1900000000023283,2.4271909018326275e-05
2026-07-29 08:10:00,20170.7,942.15,44674.63,49026.23,49027.875,1.6449999999967986,3.355234139755799e-05
2026-07-29 08:11:00,20170.48,942.12,44674.74,49026.23,49027.88,1.6499999999941792,3.365432076594336e-05
2026-07-29 08:12:00,20170.11,942.46,44674.74,49026.07,49027.884999999995,1.8149999999950523,3.7019749067190084e-05
2026-07-29 08:13:00,20169.4,943.3,44674.18,49025.29,49027.89,2.599999999998545,5.303104008756128e-05
2026-07-29 08:14:00,20169.31,943.78,44674.06,49025.15,49027.895000000004,2.7450000000026193,5.5988534690355746e-05
2026-07-29 08:15:00,20169.44,943.89,44674.04,49025.18,49027.9,2.720000000001164,5.5478615237470175e-05
2026-07-29 08:16:00,20169.57,943.51,44674.16,49025.33,49027.91,2.5800000000017462,5.262308754343691e-05
2026-07-29 08:17:00,20169.59,943.29,44674.13,49025.32,49027.92,2.599999999998545,5.303100763806714e-05
2026-07-29 08:18:00,20169.35,943.13,44674.03,49025.12,49027.92,2.7999999999956344,5.7110315917861384e-05
2026-07-29 08:19:00,20169.17,943.21,44673.98,49025.02,49027.92,2.900000000001455,5.914997005790691e-05
2026-07-29 08:20:00,20168.62,943.17,44673.87,49024.68,49027.92,3.2399999999979627,6.60847941335868e-05
2026-07-29 08:21:00,20168.35,942.82,44673.83,49024.52,49027.92,3.400000000001455,6.934824075754091e-05
2026-07-29 08:22:00,20168.1,942.78,44673.96,49024.54,49027.92,3.3799999999973807,6.894030992947244e-05
2026-07-29 08:23:00,20167.74,942.38,44673.84,49024.29,49027.92,3.6299999999973807,7.403944527928945e-05
2026-07-29 08:24:00,20167.51,942.62,44673.82,49024.17,49027.93,3.7600000000020373,7.669098001898178e-05
2026-07-29 08:25:00,20167.37,942.71,44673.7,49023.99,49027.94,3.9500000000043656,8.05663056617179e-05
2026-07-29 08:26:00,20167.03,942.77,44673.57,49023.73,49027.94,4.209999999999127,8.586940426212333e-05
2026-07-29 08:27:00,20167.01,943.1,44673.47,49023.65,49027.94,4.290000000000873,8.750112690847041e-05
2026-07-29 08:28:00,20166.98,942.95,44673.36,49023.51,49027.94,4.430000000000291,9.035664153950361e-05
2026-07-29 08:29:00,20166.89,942.68,44673.26,49023.39,49027.94,4.55000000000291,9.280422550902424e-05
2026-07-29 08:30:00,20167.26,942.76,44673.36,49023.64,49027.945,4.305000000000291,8.780706594984332e-05
2026-07-29 08:31:00,20167.25,942.49,44673.3,49023.58,49027.95,4.369999999995343,8.913283137466167e-05
2026-07-29 08:32:00,20167.21,942.19,44673.1,49023.37,49027.979999999996,4.609999999993306,9.402794077980178e-05
2026-07-29 08:33:00,20167.74,941.57,44673.16,49023.61,49028.01,4.400000000001455,8.974461741362652e-05
2026-07-29 08:34:00,20167.53,941.2,44673.09,49023.46,49028.025,4.565000000002328,9.311001207987326e-05
2026-07-29 08:35:00,20167.59,940.51,44673.17,49023.55,49028.04,4.489999999997963,9.158024673223654e-05
2026-07-29 08:36:00,20167.07,940.11,44673.0,49023.18,49028.05,4.870000000002619,9.933089323362074e-05
2026-07-29 08:37:00,20166.75,939.78,44673.3,49023.32,49028.06,4.739999999997963,9.66793301631344e-05
2026-07-29 08:38:00,20166.93,939.63,44673.6,49023.65,49028.08,4.430000000000291,9.035638352552845e-05
2026-07-29 08:39:00,20166.55,939.64,44673.32,49023.25,49028.1,4.849999999998545,9.892286260325293e-05
2026-07-29 08:40:00,20166.56,939.6,44673.24,49023.17,49028.11,4.940000000002328,0.00010075852403860415
2026-07-29 08:41:00,20166.8,939.52,44673.19,49023.24,49028.12,4.880000000004657,9.953471599573177e-05
2026-07-29 08:42:00,20166.78,938.95,44673.11,49023.13,49028.155,5.025000000001455,0.00010249212926738637
2026-07-29 08:43:00,20166.8,938.63,44673.42,49023.38,49028.19,4.810000000004948,9.81068238498086e-05
2026-07-29 08:44:00,20166.67,938.07,44673.54,49023.44,49028.195,4.754999999997381,9.698501035980176e-05
2026-07-29 08:45:00,20166.18,937.1,44673.63,49023.3,49028.2,4.899999999994179,9.994248208162199e-05
2026-07-29 08:46:00,20165.43,936.76,44673.71,49023.03,49028.215,5.184999999997672,0.00010575543082687535
2026-07-29 08:47:00,20164.56,937.31,44673.59,49022.61,49028.23,5.620000000002619,0.00011462783788039297
2026-07-29 08:48:00,20164.02,937.75,44673.74,49022.54,49028.26,5.720000000001164,0.00011666740773588873
2026-07-29 08:49:00,20163.53,937.29,44673.4,49022.03,49028.29,6.260000000002037,0.0001276813855837525
2026-07-29 08:50:00,20163.57,937.44,44673.45,49022.12,49028.325,6.20499999999447,0.0001265594939250825
2026-07-29 08:51:00,20163.41,937.36,44673.42,49022.01,49028.36,6.349999999998545,0.0001295168755389441
2026-07-29 08:52:00,20163.08,937.13,44673.39,49021.82,49028.369999999995,6.549999999995634,0.00013359611996066023
2026-07-29 08:53:00,20162.48,937.03,44673.17,49021.41,49028.38,6.969999999993888,0.00014216255972548733
2026-07-29 08:54:00,20162.55,936.64,44673.3,49021.54,49028.384999999995,6.844999999993888,0.00013961300173346295
2026-07-29 08:55:00,20162.79,936.23,44673.32,49021.69,49028.39,6.69999999999709,0.00013665551734407533
2026-07-29 08:56:00,20162.79,935.87,44673.4,49021.73,49028.395000000004,6.665000000000873,0.00013594163137506076
2026-07-29 08:57:00,20162.35,935.47,44673.4,49021.55,49028.4,6.849999999998545,0.0001397149407282013
2026-07-29 08:58:00,20162.28,935.22,44673.41,49021.54,49028.405,6.864999999997963,0.00014002087157430397
2026-07-29 08:59:00,20161.91,934.94,44673.34,49021.32,49028.41,7.0900000000037835,0.00014461003324406772
2026-07-29 09:00:00,20161.58,934.74,44673.32,49021.15,49028.41,7.260000000002037,0.00014807741062787956
2026-07-29 09:01:00,20161.22,934.21,44673.27,49020.94,49028.41,7.470000000001164,0.00015236064151379097
2026-07-29 09:02:00,20161.06,934.17,44673.33,49020.93,49028.42,7.489999999997963,0.00015276853710558005
2026-07-29 09:03:00,20160.71,934.13,44673.21,49020.69,49028.43,7.739999999997963,0.00015786758825436513
2026-07-29 09:04:00,20160.85,933.98,44673.23,49020.79,49028.44,7.650000000001455,0.00015603188679879382
2026-07-29 09:05:00,20160.59,933.66,44673.21,49020.59,49028.45,7.860000000000582,0.0001603150823654548
2026-07-29 09:06:00,20160.41,933.32,44673.13,49020.47,49028.455,7.985000000000582,0.0001628646058702152
2026-07-29 09:07:00,20160.22,932.61,44673.03,49020.27,49028.46,8.190000000002328,0.00016704583419512522
2026-07-29 09:08:00,20160.18,932.28,44673.1,49020.32,49028.465,8.144999999996799,0.00016612798299919852
2026-07-29 09:09:00,20159.76,932.08,44673.23,49020.26,49028.47,8.209999999999127,0.00016745372637569817
2026-07-29 09:10:00,20159.55,931.76,44673.13,49020.06,49028.47,8.410000000003492,0.00017153298889407506
2026-07-29 09:11:00,20159.46,931.08,44673.02,49019.9,49028.47,8.569999999999709,0.00017479639890862817
2026-07-29 09:12:00,20159.6,930.73,44673.09,49020.01,49028.47,8.459999999999127,0.000172552804523558
2026-07-29 09:13:00,20159.28,930.4,44672.93,49019.73,49028.47,8.739999999997963,0.00017826377204913722
2026-07-29 09:14:00,20159.31,930.07,44672.93,49019.76,49028.475000000006,8.715000000003783,0.00017775384610685488
2026-07-29 09:15:00,20159.4,929.76,44672.88,49019.72,49028.48,8.760000000002037,0.00017867166185861843
2026-07-29 09:16:00,20159.47,929.23,44672.92,49019.76,49028.495,8.735000000000582,0.00017816169964019049
2026-07-29 09:17:00,20159.27,928.56,44672.93,49019.72,49028.51,8.790000000000873,0.000179283441409924
2026-07-29 09:18:00,20158.76,928.34,44672.78,49019.37,49028.51,9.139999999999418,0.00018642214499276885
2026-07-29 09:19:00,20158.74,928.13,44672.75,49019.32,49028.51,9.190000000002328,0.00018744195979038172
2026-07-29 09:20:00,20158.88,927.86,44672.61,49019.26,49028.515,9.25499999999738,0.000188767699776291
2026-07-29 09:21:00,20158.66,927.75,44672.35,49018.96,49028.52,9.559999999997672,0.00019498854952174107
2026-07-29 09:22:00,20158.46,927.61,44672.07,49018.63,49028.52,9.889999999999418,0.00020171932581280075
2026-07-29 09:23:00,20158.26,927.4,44671.97,49018.44,49028.52,10.07999999999447,0.00020559462125298644
2026-07-29 09:24:00,20158.11,927.4,44671.82,49018.26,49028.524999999994,10.264999999992142,0.00020936791388262533
2026-07-29 09:25:00,20157.96,927.33,44671.34,49017.79,49028.53,10.739999999997963,0.00021905612915577855
2026-07-29 09:26:00,20158.06,927.02,44671.03,49017.52,49028.535,11.015000000006694,0.0002246650853427844
2026-07-29 09:27:00,20158.8,926.78,44671.01,49017.79,49028.54,10.75,0.00021926004731121914
2026-07-29 09:28:00,20159.13,926.55,44670.93,49017.87,49028.54,10.669999999998254,0.00021762834463351862
2026-07-29 09:29:00,20159.73,926.04,44670.79,49017.96,49028.54,10.580000000001746,0.00021579267912121686
2026-07-29 09:30:00,20160.07,925.13,44670.73,49018.03,49028.545,10.514999999999418,0.00021446689882392836
2026-07-29 09:31:00,20160.29,924.04,44670.75,49018.11,49028.55,10.440000000002328,0.00021293715600404924
2026-07-29 09:32:00,20160.19,923.35,44670.57,49017.87,49028.555,10.684999999997672,0.0002179342222098463
2026-07-29 09:33:00,20160.62,922.86,44670.45,49017.93,49028.56,10.62999999999738,0.000216812404851323
2026-07-29 09:34:00,20160.91,922.34,44670.33,49017.91,49028.565,10.654999999998836,0.00021732228956729277
2026-07-29 09:35:00,20160.57,921.94,44669.86,49017.32,49028.57,11.25,0.00022945804864388253
2026-07-29 09:36:00,20160.46,921.49,44669.72,49017.14,49028.575,11.434999999997672,0.00023323133499184246
2026-07-29 09:37:00,20159.92,921.25,44669.39,49016.62,49028.58,11.959999999999127,0.00024393935129263638
2026-07-29 09:38:00,20159.74,920.85,44669.2,49016.37,49028.585,12.214999999996508,0.0002491403739266901
2026-07-29 09:39:00,20159.49,920.44,44669.05,49016.13,49028.59,12.459999999999127,0.0002541374328733322
2026-07-29 09:40:00,20159.21,920.37,44668.83,49015.81,49028.59,12.779999999998836,0.00026066423692785854
2026-07-29 09:41:00,20159.37,920.09,44668.68,49015.72,49028.59,12.869999999995343,0.00026249990056812454
2026-07-29 09:42:00,20159.46,919.9,44668.34,49015.46,49028.59,13.12999999999738,0.0002678029288624735
2026-07-29 09:43:00,20159.42,919.39,44667.95,49015.09,49028.59,13.5,0.0002753495460505799
2026-07-29 09:44:00,20159.44,919.13,44667.9,49015.04,49028.59,13.549999999995634,0.0002763693591840115
2026-07-29 09:45:00,20159.2,918.66,44667.71,49014.76,49028.59,13.82999999999447,0.0002820803127317035
2026-07-29 09:46:00,20158.87,918.71,44667.49,49014.43,49028.595,14.165000000000873,0.00028891303126269216
2026-07-29 09:47:00,20158.7,918.48,44667.1,49013.98,49028.6,14.619999999995343,0.0002981932994210592
2026-07-29 09:48:00,20158.43,918.31,44666.75,49013.58,49028.61,15.029999999998836,0.00030655570288447574
2026-07-29 09:49:00,20158.36,917.99,44666.38,49013.21,49028.62,15.410000000003492,0.0003143062154309767
2026-07-29 09:50:00,20158.57,917.79,44666.11,49013.03,49028.630000000005,15.60000000000582,0.000318181438070079
2026-07-29 09:51:00,20158.42,917.63,44665.89,49012.75,49028.64,15.889999999999418,0.0003240962833152096
2026-07-29 09:52:00,20158.51,917.22,44665.69,49012.64,49028.64,16.0,0.00032633986992092786
2026-07-29 09:53:00,20158.15,917.02,44665.37,49012.17,49028.64,16.470000000001164,0.00033592610359987885
2026-07-29 09:54:00,20158.23,916.81,44664.98,49011.87,49028.64,16.7699999999968,0.0003420449761608072
2026-07-29 09:55:00,20158.56,916.31,44664.62,49011.68,49028.64,16.959999999999127,0.00034592026211616574
2026-07-29 09:56:00,20159.03,916.07,44664.34,49011.6,49028.65,17.05000000000291,0.0003477558529554232
2026-07-29 09:57:00,20159.37,915.84,44664.05,49011.5,49028.66,17.160000000003492,0.00034999936771683114
2026-07-29 09:58:00,20159.93,915.18,44663.75,49011.42,49028.68,17.260000000002037,0.00035203884746646326
2026-07-29 09:59:00,20160.35,914.42,44663.56,49011.4,49028.7,17.299999999995634,0.0003528545525375063
2026-07-29 10:00:00,20160.38,913.99,44663.29,49011.17,49028.7,17.529999999998836,0.00035754568242679977
2026-07-29 10:01:00,20160.45,913.48,44663.02,49010.97,49028.7,17.729999999995925,0.0003616249258086779
2026-07-29 10:02:00,20160.44,913.26,44662.8,49010.74,49028.71,17.970000000001164,0.0003665199431109071
2026-07-29 10:03:00,20160.13,913.05,44662.35,49010.2,49028.72,18.520000000004075,0.0003777377830790621
2026-07-29 10:04:00,20160.11,912.78,44661.9,49009.78,49028.740000000005,18.960000000006403,0.00038671195710936895
2026-07-29 10:05:00,20160.1,912.91,44661.72,49009.59,49028.76,19.17000000000553,0.00039099499966969444
2026-07-29 10:06:00,20160.88,912.1,44661.57,49009.79,49028.775,18.985000000000582,0.0003872215856912717
2026-07-29 10:07:00,20160.76,911.84,44661.24,49009.43,49028.79,19.360000000000582,0.0003948700345246249
2026-07-29 10:08:00,20161.24,911.28,44661.01,49009.42,49028.8,19.380000000004657,0.00039527787749250756
2026-07-29 10:09:00,20161.8,910.9,44660.75,49009.41,49028.81,19.39999999999418,0.00039568572029372484
2026-07-29 10:10:00,20161.78,910.67,44660.27,49008.93,49028.825,19.8949999999968,0.00040578170086672075
2026-07-29 10:11:00,20161.99,910.4,44660.0,49008.75,49028.84,20.089999999996508,0.00040975882766136233
2026-07-29 10:12:00,20162.31,909.92,44659.83,49008.73,49028.845,20.114999999997963,0.00041026868978859206
2026-07-29 10:13:00,20162.15,909.67,44659.4,49008.26,49028.85,20.589999999996508,0.00041995682134083316
2026-07-29 10:14:00,20162.3,909.35,44659.29,49008.22,49028.880000000005,20.660000000003492,0.00042138429431803236
2026-07-29 10:15:00,20162.23,909.21,44659.07,49008.0,49028.91,20.910000000003492,0.00042648306886699074
2026-07-29 10:16:00,20162.23,909.18,44658.65,49007.62,49028.915,21.294999999998254,0.0004343355344493806
2026-07-29 10:17:00,20162.16,909.08,44658.23,49007.21,49028.92,21.709999999999127,0.00044279988219196197
2026-07-29 10:18:00,20162.19,908.81,44658.02,49007.01,49028.925,21.915000000000873,0.0004469810423133053
2026-07-29 10:19:00,20162.04,908.87,44657.7,49006.65,49028.93,22.279999999998836,0.00045442558097839045
2026-07-29 10:20:00,20161.92,908.88,44657.27,49006.23,49028.955,22.724999999998545,0.0004635016185843354
2026-07-29 10:21:00,20161.97,908.6,44657.01,49006.01,49028.98,22.970000000001164,0.00046849842684879765
2026-07-29 10:22:00,20162.19,908.42,44656.93,49006.03,49028.990000000005,22.960000000006403,0.0004682943703308267
2026-07-29 10:23:00,20162.26,907.91,44656.48,49005.63,49029.0,23.37000000000262,0.0004766566725815868
2026-07-29 10:24:00,20163.18,907.71,44656.31,49005.9,49029.03,23.12999999999738,0.0004717613218127583
2026-07-29 10:25:00,20163.48,907.35,44656.13,49005.81,49029.06,23.25,0.00047420856120839356
2026-07-29 10:26:00,20163.23,907.15,44655.79,49005.34,49029.07,23.7300000000032,0.0004839985747231836
2026-07-29 10:27:00,20163.13,907.27,44655.44,49005.02,49029.08,24.060000000004948,0.0004907291754200761
2026-07-29 10:28:00,20163.79,906.94,44655.43,49005.29,49029.085,23.794999999998254,0.0004853241703368165
2026-07-29 10:29:00,20163.86,906.35,44655.13,49005.03,49029.09,24.05999999999767,0.0004907290753305369
2026-07-29 10:30:00,20164.76,905.97,44655.27,49005.5,49029.134999999995,23.63499999999476,0.00048206030965047136
2026-07-29 10:31:00,20165.43,905.45,44654.97,49005.52,49029.18,23.660000000003492,0.00048256976763640536
2026-07-29 10:32:00,20165.79,905.27,44654.71,49005.41,49029.185,23.77499999999418,0.00048491526016584166
2026-07-29 10:33:00,20166.09,905.13,44654.52,49005.37,49029.19,23.81999999999971,0.0004858330313023672
2026-07-29 10:34:00,20165.7,905.17,44654.28,49004.98,49029.240000000005,24.260000000002037,0.0004948067724484824
2026-07-29 10:35:00,20165.0,905.47,44653.7,49004.17,49029.29,25.12000000000262,0.0005123468033088511
2026-07-29 10:36:00,20165.57,905.07,44653.46,49004.18,49029.3,25.12000000000262,0.0005123466988107646
2026-07-29 10:37:00,20166.46,904.47,44653.56,49004.63,49029.31,24.68000000000029,0.0005033723705269418
2026-07-29 10:38:00,20166.74,904.02,44653.37,49004.59,49029.32,24.7300000000032,0.0005043920658088508
2026-07-29 10:39:00,20166.8,903.87,44653.35,49004.55,49029.33,24.779999999998836,0.0005054117606746581
2026-07-29 10:40:00,20166.26,903.97,44653.19,49004.18,49029.350000000006,25.17000000000553,0.0005133659736465102
2026-07-29 10:41:00,20165.47,904.0,44652.68,49003.4,49029.37,25.970000000001164,0.000529682514786569
2026-07-29 10:42:00,20165.35,904.03,44652.38,49003.11,49029.375,26.264999999999418,0.0005356992619220502
2026-07-29 10:43:00,20165.57,904.11,44652.23,49003.06,49029.38,26.31999999999971,0.0005368209836632588
2026-07-29 10:44:00,20166.11,903.71,44652.15,49003.2,49029.384999999995,26.18499999999767,0.0005340674781051745
2026-07-29 10:45:00,20167.16,902.63,44652.21,49003.66,49029.39,25.729999999995925,0.0005247872755503571
2026-07-29 10:46:00,20167.99,901.45,44652.27,49004.03,49029.4,25.37000000000262,0.0005174446352597139
2026-07-29 10:47:00,20167.92,901.01,44652.14,49003.85,49029.41,25.560000000004948,0.0005213197548166488
2026-07-29 10:48:00,20167.15,901.17,44651.91,49003.33,49029.41,26.080000000001746,0.0005319256340225539
2026-07-29 10:49:00,20166.04,901.74,44651.46,49002.47,49029.41,26.94000000000233,0.0005494661265555169
2026-07-29 10:50:00,20165.39,901.88,44650.91,49001.71,49029.41,27.700000000004366,0.0005649670269335153
2026-07-29 10:51:00,20165.4,901.76,44650.79,49001.64,49029.41,27.770000000004075,0.0005663947414420054
2026-07-29 10:52:00,20164.82,901.45,44650.56,49001.19,49029.43,28.239999999997963,0.0005759805896172557
2026-07-29 10:53:00,20164.79,901.15,44650.6,49001.21,49029.45,28.239999999997963,0.0005759803546643489
2026-07-29 10:54:00,20165.18,900.45,44650.73,49001.46,49029.45,27.989999999997963,0.000570881378436796
2026-07-29 10:55:00,20165.6,900.16,44650.67,49001.61,49029.45,27.839999999996508,0.0005678219927002344
2026-07-29 10:56:00,20166.02,899.75,44650.41,49001.57,49029.45,27.87999999999738,0.0005686378288966607
2026-07-29 10:57:00,20166.41,899.5,44650.41,49001.69,49029.45,27.75999999999476,0.0005661903203073818
2026-07-29 10:58:00,20166.25,899.72,44650.1,49001.34,49029.465,28.125,0.0005736346501027495
2026-07-29 10:59:00,20166.38,899.54,44649.85,49001.14,49029.45,28.30999999999767,0.0005774080680080579
2026-07-29 11:00:00,20166.62,899.23,44649.56,49001.0,49029.465,28.464999999996508,0.000580569255650587
2026-07-29 11:01:00,20166.68,898.97,44649.52,49000.96,49029.45,28.489999999997963,0.000581079330891902
2026-07-29 11:02:00,20166.9,898.84,44649.36,49000.93,49029.465,28.534999999996217,0.0005819969685575035
2026-07-29 11:03:00,20167.16,898.35,44649.24,49000.89,49029.48,28.590000000003783,0.000583118564586118
2026-07-29 11:04:00,20167.38,898.02,44649.14,49000.85,49029.490000000005,28.640000000006694,0.0005841382400674918
2026-07-29 11:05:00,20167.63,897.66,44648.92,49000.79,49029.5,28.709999999999127,0.0005855658328149201
2026-07-29 11:06:00,20167.62,897.17,44648.7,49000.59,49029.509999999995,28.919999999998254,0.000589848848173238
2026-07-29 11:07:00,20167.91,896.62,44648.52,49000.53,49029.52,28.989999999997963,0.000591276439173746
2026-07-29 11:08:00,20168.23,896.5,44648.36,49000.52,49029.524999999994,29.00499999999738,0.0005915823169813982
2026-07-29 11:09:00,20168.68,895.97,44648.22,49000.54,49029.53,28.989999999997963,0.0005912763185777625
2026-07-29 11:10:00,20169.19,895.12,44648.11,49000.63,49029.535,28.905000000006112,0.000589542609368131
2026-07-29 11:11:00,20169.51,894.28,44648.16,49000.79,49029.54,28.75,0.0005863811897888498
2026-07-29 11:12:00,20169.43,893.58,44648.16,49000.74,49029.54,28.80000000000291,0.000587400983162455
2026-07-29 11:13:00,20168.98,893.42,44647.78,49000.21,49029.54,29.330000000001746,0.000598210792922017
2026-07-29 11:14:00,20168.55,893.38,44647.5,48999.8,49029.55,29.75,0.000606776933502347
2026-07-29 11:15:00,20168.4,892.96,44647.38,48999.57,49029.56,29.989999999997963,0.0006116718159411989
2026-07-29 11:16:00,20168.66,892.71,44647.34,48999.67,49029.575,29.904999999998836,0.0006099379813102365
2026-07-29 11:17:00,20168.98,892.39,44647.23,48999.68,49029.59,29.909999999996217,0.0006100397739405168
2026-07-29 11:18:00,20168.66,892.2,44647.02,48999.35,49029.604999999996,30.25499999999738,0.0006170761522553033
2026-07-29 11:19:00,20169.02,891.72,44646.85,48999.35,49029.62,30.270000000004075,0.0006173819009815714
2026-07-29 11:20:00,20169.65,890.97,44646.75,48999.5,49029.625,30.125,0.0006144244423652027
2026-07-29 11:21:00,20169.68,890.31,44646.6,48999.33,49029.63,30.299999999995634,0.0006179936499621889
2026-07-29 11:22:00,20169.84,889.96,44646.41,48999.22,49029.634999999995,30.414999999993597,0.0006203391071541446
2026-07-29 11:23:00,20169.74,889.83,44646.16,48998.96,49029.64,30.68000000000029,0.0006257439377486821
2026-07-29 11:24:00,20169.52,889.48,44645.79,48998.53,49029.65,31.12000000000262,0.0006347179716763758
2026-07-29 11:25:00,20169.6,889.25,44645.7,48998.5,49029.66,31.160000000003492,0.0006355336749225568
2026-07-29 11:26:00,20169.44,888.92,44645.28,48998.04,49029.66,31.62000000000262,0.000644915750996491
2026-07-29 11:27:00,20170.0,888.38,44645.36,48998.35,49029.66,31.310000000004948,0.000638593047555397
2026-07-29 11:28:00,20169.89,887.83,44645.18,48998.13,49029.66,31.530000000006112,0.0006430801274168761
2026-07-29 11:29:00,20169.62,887.5,44644.85,48997.71,49029.66,31.950000000004366,0.0006516463707887096
2026-07-29 11:30:00,20169.85,887.04,44644.61,48997.6,49029.665,32.06500000000233,0.0006539918231136666
2026-07-29 11:31:00,20170.12,886.62,44644.52,48997.58,49029.67,32.08999999999651,0.0006545016517548763
2026-07-29 11:32:00,20169.86,886.17,44644.17,48996.75,49029.685,32.93499999999767,0.0006717359085622858
2026-07-29 11:33:00,20170.28,885.56,44643.91,48997.03,49029.7,32.669999999998254,0.0006663308158116051
2026-07-29 11:34:00,20170.45,885.14,44643.71,48996.96,49029.715,32.75499999999738,0.0006680642545035675
2026-07-29 11:35:00,20170.31,884.94,44643.32,48996.52,49029.73,33.2100000000064,0.0006773441338552425
2026-07-29 11:36:00,20170.6,884.6,44643.22,48996.54,49029.735,33.19499999999971,0.0006770381279849812
2026-07-29 11:37:00,20170.5,884.54,44643.07,48996.37,49029.74,33.36999999999534,0.0006806073211890445
2026-07-29 11:38:00,20170.1,884.42,44642.75,48995.95,49029.744999999995,33.794999999998254,0.00068927545921355
2026-07-29 11:39:00,20170.04,884.04,44642.45,48995.61,49029.75,34.13999999999942,0.0006963119330610377
2026-07-29 11:40:00,20170.14,883.76,44642.21,48995.42,49029.75,34.330000000001746,0.0007001871312825733
2026-07-29 11:41:00,20170.26,883.57,44642.09,48995.37,49029.75,34.37999999999738,0.000701206920288139
2026-07-29 11:42:00,20169.95,883.45,44641.81,48995.01,49029.75,34.73999999999796,0.0007085494011288649
2026-07-29 11:43:00,20169.98,883.23,44641.69,48994.9,49029.75,34.849999999998545,0.0007107929369413172
2026-07-29 11:44:00,20169.94,882.49,44641.05,48994.29,49029.755000000005,35.46500000000378,0.0007233362679459397
2026-07-29 11:45:00,20169.95,882.64,44641.42,48994.64,49029.76,35.12000000000262,0.0007162996514770339
2026-07-29 11:46:00,20169.96,882.44,44641.13,48994.38,49029.775,35.395000000004075,0.0007219082690060086
2026-07-29 11:47:00,20170.03,882.34,44641.14,48994.42,49029.79,35.37000000000262,0.0007213981540610845
2026-07-29 11:48:00,20170.39,882.13,44641.17,48994.56,49029.8,35.24000000000524,0.0007187465582157226
2026-07-29 11:49:00,20170.47,881.69,44640.92,48994.36,49029.81,35.44999999999709,0.0007230295202040777
2026-07-29 11:50:00,20170.52,881.78,44641.26,48994.71,49029.82,35.11000000000058,0.0007160948173988928
2026-07-29 11:51:00,20170.36,881.37,44640.96,48994.37,49029.83,35.45999999999913,0.0007232331827379194
2026-07-29 11:52:00,20170.58,881.46,44641.02,48994.52,49029.835,35.31500000000233,0.0007202757259942305
2026-07-29 11:53:00,20170.53,881.09,44640.86,48994.36,49029.84,35.479999999995925,0.0007236409500825605
2026-07-29 11:54:00,20170.52,880.76,44640.82,48994.29,49029.85,35.55999999999767,0.0007252724615718318
2026-07-29 11:55:00,20170.59,880.79,44640.92,48994.4,49029.86,35.45999999999913,0.0007232327402117633
2026-07-29 11:56:00,20170.39,880.64,44640.83,48994.24,49029.865000000005,35.625000000007276,0.0007265979622829325
2026-07-29 11:57:00,20170.26,880.42,44640.78,48994.13,49029.87,35.74000000000524,0.0007289433971577986
2026-07-29 11:58:00,20170.53,880.1,44641.03,48994.48,49029.875,35.3949999999968,0.0007219067966213824
2026-07-29 11:59:00,20170.47,879.81,44641.02,48994.44,49029.88,35.43999999999505,0.0007228245306738474
2026-07-29 12:00:00,20170.49,879.42,44641.18,48994.59,49029.88,35.29000000000087,0.0007197651717687434
2026-07-29 12:01:00,20170.62,879.23,44641.2,48994.63,49029.88,35.25,0.0007189493427273328
2026-07-29 12:02:00,20170.35,878.8,44641.24,48994.54,49029.875,35.33499999999913,0.000720683052934545
2026-07-29 12:03:00,20171.06,878.42,44641.44,48994.97,49029.87,34.900000000001455,0.0007118109837941943
2026-07-29 12:04:00,20170.76,878.24,44641.27,48994.76,49029.865000000005,35.1050000000032,0.000715992181500055
2026-07-29 12:05:00,20170.26,878.35,44641.19,48994.49,49029.86,35.37000000000262,0.0007213971241199265
2026-07-29 12:06:00,20170.27,877.93,44641.22,48994.52,49029.85,35.330000000001746,0.000720581441713604
2026-07-29 12:07:00,20170.37,877.58,44641.37,48994.68,49029.84,35.15999999999622,0.0007171143124268042
2026-07-29 12:08:00,20170.05,877.5,44641.42,48994.59,49029.835,35.24500000000262,0.0007188480238614431
2026-07-29 12:09:00,20169.94,877.39,44641.43,48994.56,49029.83,35.270000000004075,0.0007193579908395374
2026-07-29 12:10:00,20170.14,876.93,44641.48,48994.67,49029.82,35.150000000001455,0.0007169106474386701
2026-07-29 12:11:00,20169.96,876.69,44641.43,48994.55,49029.81,35.25999999999476,0.0007191543267247979
2026-07-29 12:12:00,20169.79,876.56,44641.52,48994.56,49029.8,35.24000000000524,0.0007187465582157226
2026-07-29 12:13:00,20169.48,876.49,44641.41,48994.33,49029.79,35.45999999999913,0.0007232337727736367
2026-07-29 12:14:00,20168.91,876.75,44641.53,48994.21,49029.775,35.56500000000233,0.0007253755498572516
2026-07-29 12:15:00,20168.69,876.48,44641.46,48994.07,49029.76,35.69000000000233,0.0007279252437703617
2026-07-29 12:16:00,20168.62,876.28,44641.51,48994.07,49029.755000000005,35.68500000000495,0.0007278233391132577
2026-07-29 12:17:00,20168.12,876.28,44641.61,48993.96,49029.75,35.79000000000087,0.0007299649702476736
2026-07-29 12:18:00,20167.96,876.01,44641.6,48993.88,49029.75,35.87000000000262,0.0007315966326567568
2026-07-29 12:19:00,20167.63,875.71,44641.6,48993.75,49029.75,36.0,0.0007342480840714056
2026-07-29 12:20:00,20168.29,875.16,44641.73,48994.13,49029.75,35.62000000000262,0.0007264976876284831
2026-07-29 12:21:00,20168.22,874.95,44641.69,48994.05,49029.75,35.69999999999709,0.0007281293500374179
2026-07-29 12:22:00,20168.29,874.69,44641.77,48994.15,49029.744999999995,35.59499999999389,0.0007259878671609223
2026-07-29 12:23:00,20168.62,874.45,44641.64,48994.15,49029.74,35.58999999999651,0.0007258859622750704
2026-07-29 12:24:00,20168.67,874.5,44641.78,48994.32,49029.735,35.41500000000087,0.0007223167736884744
2026-07-29 12:25:00,20168.69,874.19,44641.7,48994.23,49029.73,35.5,0.0007240504893663497
2026-07-29 12:26:00,20168.63,874.29,44641.67,48994.18,49029.715,35.53499999999622,0.0007247645636935931
2026-07-29 12:27:00,20168.28,874.22,44641.6,48993.99,49029.7,35.70999999999913,0.0007283340505856476
2026-07-29 12:28:00,20167.75,874.27,44641.53,48993.71,49029.685,35.974999999998545,0.0007337391623054185
2026-07-29 12:29:00,20168.11,873.72,44641.86,48994.16,49029.67,35.50999999999476,0.0007242553335560848
2026-07-29 12:30:00,20168.1,873.65,44641.94,48994.21,49029.665,35.455000000001746,0.0007231336375641511
2026-07-29 12:31:00,20168.49,873.16,44642.01,48994.43,49029.66,35.2300000000032,0.0007185446523594738
2026-07-29 12:32:00,20169.64,871.85,44642.57,48995.39,49029.66,34.270000000004075,0.0006989646675095049
2026-07-29 12:33:00,20169.81,871.06,44642.84,48995.68,49029.66,33.9800000000032,0.000693049880419387
2026-07-29 12:34:00,20169.51,870.74,44642.74,48995.47,49029.665,34.19499999999971,0.0006974349100692347
2026-07-29 12:35:00,20169.51,870.64,44642.84,48995.55,49029.67,34.11999999999534,0.0006959051529409711
2026-07-29 12:36:00,20169.15,870.74,44642.72,48995.29,49029.685,34.3949999999968,0.000701513787004685
2026-07-29 12:37:00,20169.12,870.71,44643.01,48995.55,49029.7,34.14999999999418,0.0006965166011620341
2026-07-29 12:38:00,20168.8,870.67,44643.03,48995.44,49029.715,34.27499999999418,0.0006990658624059753
2026-07-29 12:39:00,20169.24,870.49,44643.24,48995.81,49029.73,33.92000000000553,0.0006918251436425517
2026-07-29 12:40:00,20169.56,869.99,44643.17,48995.86,49029.715,33.854999999995925,0.0006904996286434855
2026-07-29 12:41:00,20169.48,869.74,44643.36,48995.99,49029.7,33.70999999999913,0.0006875424487606314
2026-07-29 12:42:00,20168.98,869.81,44643.4,48995.84,49029.685,33.845000000001164,0.0006902960930709868
2026-07-29 12:43:00,20168.77,869.85,44643.58,48995.92,49029.7,33.779999999998836,0.000688970154824501
2026-07-29 12:44:00,20168.76,869.61,44643.78,48996.07,49029.715,33.6449999999968,0.0006862165117622406
2026-07-29 12:45:00,20168.37,869.48,44643.61,48995.78,49029.73,33.950000000004366,0.0006924370172955136
2026-07-29 12:46:00,20168.41,869.53,44643.78,48995.96,49029.735,33.775000000001455,0.0006888676840697069
2026-07-29 12:47:00,20168.05,869.67,44643.61,48995.66,49029.74,34.07999999999447,0.0006950883280228382
2026-07-29 12:48:00,20167.82,869.46,44643.56,48995.51,49029.744999999995,34.234999999993306,0.0006982496033783841
2026-07-29 12:49:00,20167.47,869.59,44643.68,48995.46,49029.75,34.29000000000087,0.0006993713000780317
2026-07-29 12:50:00,20167.41,869.68,44643.72,48995.48,49029.75,34.2699999999968,0.0006989633844756867
2026-07-29 12:51:00,20167.33,869.61,44643.75,48995.48,49029.75,34.2699999999968,0.0006989633844756867
2026-07-29 12:52:00,20167.11,869.68,44643.82,48995.45,49029.755000000005,34.30500000000757,0.0006996771654275564
2026-07-29 12:53:00,20166.71,869.98,44643.74,48995.22,49029.76,34.54000000000087,0.0007044701014241324
2026-07-29 12:54:00,20166.69,870.21,44643.83,48995.3,49029.775,34.474999999998545,0.0007031441608695644
2026-07-29 12:55:00,20166.61,870.07,44643.78,48995.22,49029.79,34.56999999999971,0.0007050815432821496
2026-07-29 12:56:00,20166.88,870.09,44644.02,48995.54,49029.8,34.26000000000204,0.0006987587140882083
2026-07-29 12:57:00,20166.88,870.31,44644.03,48995.55,49029.81,34.25999999999476,0.0006987585715709435
2026-07-29 12:58:00,20166.75,870.45,44644.01,48995.5,49029.82,34.31999999999971,0.0006999821741136254
2026-07-29 12:59:00,20166.77,870.58,44643.97,48995.47,49029.83,34.36000000000058,0.0007007978612204158
2026-07-29 13:00:00,20166.74,870.53,44644.08,48995.53,49029.835,34.30500000000029,0.000699676023792458
2026-07-29 13:01:00,20166.57,870.43,44643.97,48995.38,49029.84,34.45999999999913,0.0007028372925548835
2026-07-29 13:02:00,20166.48,870.42,44644.06,48995.42,49029.86,34.44000000000233,0.0007024290911702038
2026-07-29 13:03:00,20166.43,870.21,44644.14,48995.46,49029.88,34.419999999998254,0.0007020208901183983
2026-07-29 13:04:00,20166.34,870.25,44644.04,48995.33,49029.88,34.549999999995634,0.0007046723345028712
2026-07-29 13:05:00,20166.38,870.34,44644.11,48995.42,49029.88,34.45999999999913,0.0007028367191598088
2026-07-29 13:06:00,20166.62,870.23,44644.15,48995.57,49029.89,34.31999999999971,0.0006999811747487035
2026-07-29 13:07:00,20166.66,870.0,44644.07,48995.49,49029.9,34.41000000000349,0.0007018166465769559
2026-07-29 13:08:00,20166.6,870.12,44644.18,48995.58,49029.9,34.31999999999971,0.000699981031982519
2026-07-29 13:09:00,20166.08,870.34,44644.1,48995.27,49029.9,34.63000000000466,0.0007063037044743036
2026-07-29 13:10:00,20166.01,870.14,44643.9,48995.07,49029.9,34.830000000001746,0.0007103828480172659
2026-07-29 13:11:00,20165.66,870.37,44643.84,48994.88,49029.9,35.020000000004075,0.000714258034383184
2026-07-29 13:12:00,20165.45,870.56,44643.76,48994.73,49029.905,35.174999999995634,0.0007174192974674464
2026-07-29 13:13:00,20165.31,870.92,44643.64,48994.56,49029.91,35.35000000000582,0.0007209884741784314
2026-07-29 13:14:00,20165.34,870.95,44643.6,48994.53,49029.92,35.38999999999942,0.0007218041555034032
2026-07-29 13:15:00,20165.64,870.61,44643.65,48994.7,49029.93,35.2300000000032,0.0007185406954487432
2026-07-29 13:16:00,20166.02,870.74,44643.84,48995.03,49029.93,34.900000000001455,0.0007118101127209738
2026-07-29 13:17:00,20166.21,870.48,44643.83,48995.09,49029.93,34.84000000000378,0.0007105863704068878
2026-07-29 13:18:00,20166.47,870.34,44643.82,48995.18,49029.94,34.76000000000204,0.0007089545693917235
2026-07-29 13:19:00,20166.73,870.01,44643.64,48995.14,49029.95,34.80999999999767,0.0007099742096412024
2026-07-29 13:20:00,20167.11,869.87,44643.9,48995.52,49029.95,34.43000000000029,0.0007022238448132273
2026-07-29 13:21:00,20167.28,870.06,44644.03,48995.7,49029.95,34.25,0.0006985526193683657
2026-07-29 13:22:00,20167.61,869.75,44644.07,48995.87,49029.95,34.07999999999447,0.0006950853508925559
2026-07-29 13:23:00,20168.05,869.7,44644.38,48996.33,49029.95,33.61999999999534,0.000685703330311276
2026-07-29 13:24:00,20168.52,869.35,44644.49,48996.6,49029.96,33.36000000000058,0.0006804003103408729
2026-07-29 13:25:00,20169.44,868.36,44644.56,48997.03,49029.97,32.94000000000233,0.0006718339823581848
2026-07-29 13:26:00,20170.53,867.71,44645.17,48998.02,49029.97,31.950000000004366,0.0006516422506480091
2026-07-29 13:27:00,20170.85,867.33,44645.34,48998.3,49029.97,31.669999999998254,0.0006459314578409543
2026-07-29 13:28:00,20170.93,867.03,44645.42,48998.41,49029.975000000006,31.56500000000233,0.0006437898448857526
2026-07-29 13:29:00,20171.0,866.73,44645.67,48998.66,49029.98,31.31999999999971,0.0006387928365461235
2026-07-29 13:30:00,20170.67,867.07,44645.75,48998.58,49029.985,31.404999999998836,0.0006405264044033224
2026-07-29 13:31:00,20170.12,867.27,44645.64,48998.27,49029.99,31.720000000001164,0.0006469509783706088
2026-07-29 13:32:00,20170.11,867.35,44645.82,48998.44,49029.99,31.549999999995634,0.0006434837127234909
2026-07-29 13:33:00,20170.12,867.32,44645.96,48998.57,49029.99,31.419999999998254,0.0006408322742875994
2026-07-29 13:34:00,20169.69,867.47,44646.01,48998.44,49029.994999999995,31.554999999993015,0.0006435856254929868
2026-07-29 13:35:00,20169.71,867.34,44646.17,48998.59,49030.0,31.410000000003492,0.0006406281868244645
2026-07-29 13:36:00,20169.77,867.2,44646.3,48998.73,49030.0,31.2699999999968,0.000637772792167995
2026-07-29 13:37:00,20169.88,867.09,44646.6,48999.06,49030.0,30.94000000000233,0.000631042219049609
2026-07-29 13:38:00,20169.48,867.02,44646.7,48998.98,49030.005000000005,31.025000000001455,0.0006327757869900575
2026-07-29 13:39:00,20169.24,867.08,44646.74,48998.92,49030.01,31.090000000003783,0.0006341014411378619
2026-07-29 13:40:00,20169.02,867.22,44646.78,48998.87,49030.015,31.1449999999968,0.0006352231383163313
2026-07-29 13:41:00,20168.52,867.52,44647.04,48998.9,49030.02,31.119999999995343,0.0006347131818423763
2026-07-29 13:42:00,20168.42,867.45,44647.12,48998.94,49030.02,31.07999999999447,0.0006338973551304786
2026-07-29 13:43:00,20168.34,867.74,44647.44,48999.2,49030.02,30.81999999999971,0.0006285944815033669
2026-07-29 13:44:00,20167.83,867.91,44647.51,48999.04,49030.024999999994,30.984999999993306,0.0006319597022435398
2026-07-29 13:45:00,20167.55,868.12,44647.54,48998.96,49030.03,31.06999999999971,0.0006336932692066415
2026-07-29 13:46:00,20167.23,868.33,44647.77,48999.04,49030.03,30.989999999997963,0.0006320616161156329
2026-07-29 13:47:00,20166.98,868.56,44647.77,48998.94,49030.03,31.089999999996508,0.0006341011824793195
2026-07-29 13:48:00,20167.12,868.68,44648.01,48999.24,49030.03,30.790000000000873,0.0006279824833882597
2026-07-29 13:49:00,20167.36,868.62,44648.37,48999.65,49030.03,30.37999999999738,0.0006196202612969517
2026-07-29 13:50:00,20167.45,868.33,44648.37,48999.67,49030.04,30.37000000000262,0.0006194161783266467
2026-07-29 13:51:00,20167.62,868.32,44648.7,49000.04,49030.05,30.010000000002037,0.0006120736160783446
2026-07-29 13:52:00,20167.86,868.04,44649.11,49000.52,49030.055,29.535000000003492,0.0006023856183723125
2026-07-29 13:53:00,20167.41,868.21,44649.13,49000.37,49030.06,29.689999999995052,0.0006055468828713457
2026-07-29 13:54:00,20167.53,868.07,44649.4,49000.65,49030.06,29.409999999996217,0.0005998361005472197
2026-07-29 13:55:00,20167.82,867.94,44649.78,49001.13,49030.06,28.93000000000029,0.0005900461879916176
2026-07-29 13:56:00,20167.86,867.94,44649.93,49001.29,49030.065,28.775000000001455,0.0005868848022127128
2026-07-29 13:57:00,20168.28,867.85,44650.19,49001.69,49030.07,28.37999999999738,0.0005788284617990017
2026-07-29 13:58:00,20168.37,867.98,44650.64,49002.13,49030.07,27.94000000000233,0.0005698543771200475
2026-07-29 13:59:00,20168.02,868.09,44650.6,49001.96,49030.07,28.110000000000582,0.0005733216371096468
2026-07-29 14:00:00,20167.97,867.91,44650.75,49002.07,49030.07,28.0,0.0005710781159398712
2026-07-29 14:01:00,20168.31,868.17,44651.24,49002.66,49030.07,27.409999999996217,0.000559044684211061
2026-07-29 14:02:00,20167.89,868.42,44651.25,49002.51,49030.07,27.55999999999767,0.0005621040312607686
2026-07-29 14:03:00,20168.1,868.42,44651.4,49002.76,49030.07,27.30999999999767,0.0005570051195113054
2026-07-29 14:04:00,20168.13,868.3,44651.6,49002.96,49030.07,27.110000000000582,0.0005529259901117943
2026-07-29 14:05:00,20168.38,868.32,44651.81,49003.27,49030.07,26.80000000000291,0.0005466033395425075
2026-07-29 14:06:00,20168.8,868.32,44652.15,49003.72,49030.07,26.349999999998545,0.0005374252983933848
2026-07-29 14:07:00,20168.97,868.34,44652.4,49003.99,49030.07,26.080000000001746,0.0005319184737040299
2026-07-29 14:08:00,20169.08,868.18,44652.61,49004.21,49030.075,25.864999999997963,0.000527533355802494
2026-07-29 14:09:00,20169.16,868.23,44652.92,49004.54,49030.08,25.540000000000873,0.0005209047180832842
2026-07-29 14:10:00,20169.23,868.17,44653.09,49004.72,49030.085,25.364999999997963,0.0005173354278296267
2026-07-29 14:11:00,20168.8,868.46,44653.27,49004.71,49030.09,25.37999999999738,0.0005176413096528557
2026-07-29 14:12:00,20169.22,868.28,44653.62,49005.21,49030.095,24.885000000002037,0.0005075454167486732
2026-07-29 14:13:00,20168.88,868.54,44653.41,49004.87,49030.1,25.229999999995925,0.0005145818588988382
2026-07-29 14:14:00,20168.75,868.82,44653.51,49004.93,49030.1,25.169999999998254,0.0005133581208277825
2026-07-29 14:15:00,20168.8,868.92,44653.88,49005.29,49030.1,24.80999999999767,0.000506015692401151
2026-07-29 14:16:00,20169.09,869.21,44654.12,49005.64,49030.1,24.459999999999127,0.000498877220319745
2026-07-29 14:17:00,20169.07,869.13,44654.15,49005.64,49030.1,24.459999999999127,0.000498877220319745
2026-07-29 14:18:00,20169.43,868.9,44654.4,49006.0,49030.104999999996,24.104999999995925,0.0004916367199294378
2026-07-29 14:19:00,20169.42,868.86,44654.67,49006.24,49030.11,23.87000000000262,0.0004868436966591064
2026-07-29 14:20:00,20169.33,869.0,44654.91,49006.43,49030.11,23.68000000000029,0.0004829685268909307
2026-07-29 14:21:00,20169.37,869.2,44654.94,49006.47,49030.11,23.639999999999418,0.0004821527016765701
2026-07-29 14:22:00,20169.5,869.48,44655.29,49006.84,49030.11,23.270000000004075,0.0004746063184439944
2026-07-29 14:23:00,20169.52,869.63,44655.39,49006.95,49030.11,23.160000000003492,0.0004723627991045399
2026-07-29 14:24:00,20169.69,870.02,44655.62,49007.23,49030.119999999995,22.889999999992142,0.00046685588368929434
2026-07-29 14:25:00,20169.64,870.0,44655.55,49007.16,49030.13,22.969999999993888,0.00046848743823428346
2026-07-29 14:26:00,20170.22,869.96,44655.87,49007.68,49030.134999999995,22.45499999999447,0.00045798364617993554
2026-07-29 14:27:00,20169.85,870.45,44656.02,49007.68,49030.14,22.459999999999127,0.00045808557756512886
2026-07-29 14:28:00,20170.24,870.34,44656.23,49008.02,49030.14,22.12000000000262,0.0004511510674862976
2026-07-29 14:29:00,20170.93,870.57,44656.5,49008.57,49030.14,21.56999999999971,0.0004399334776527195
2026-07-29 14:30:00,20171.3,870.49,44656.69,49008.88,49030.145000000004,21.265000000006694,0.00043371276997052917
2026-07-29 14:31:00,20171.31,870.69,44656.8,49009.0,49030.15,21.150000000001455,0.0004313672301635107
2026-07-29 14:32:00,20171.49,870.81,44656.96,49009.2,49030.15,20.950000000004366,0.00042728810741970736
2026-07-29 14:33:00,20172.06,870.96,44657.2,49009.66,49030.15,20.489999999997963,0.00041790612510869256
2026-07-29 14:34:00,20172.39,871.11,44657.47,49010.04,49030.15,20.110000000000582,0.0004101557918954068
2026-07-29 14:35:00,20172.51,871.13,44657.52,49010.12,49030.15,20.029999999998836,0.00040852414279782614
2026-07-29 14:36:00,20172.89,871.15,44657.71,49010.46,49030.155,19.69499999999971,0.00040169157123814335
2026-07-29 14:37:00,20172.83,871.38,44657.99,49010.69,49030.16,19.470000000001164,0.00039710251812356237
2026-07-29 14:38:00,20172.19,871.99,44658.09,49010.52,49030.16,19.640000000006694,0.0004005697717487908
2026-07-29 14:39:00,20172.01,872.17,44658.2,49010.57,49030.16,19.590000000003783,0.00039954999127075625
2026-07-29 14:40:00,20172.01,872.6,44658.39,49010.75,49030.16,19.410000000003492,0.00039587878155003964
2026-07-29 14:41:00,20172.06,872.54,44658.03,49010.44,49030.16,19.720000000001164,0.00040220142051343834
2026-07-29 14:42:00,20172.03,873.3,44658.72,49011.06,49030.16,19.10000000000582,0.00038955614258664095
2026-07-29 14:43:00,20172.49,873.33,44658.83,49011.36,49030.16,18.80000000000291,0.00038343745971873046
2026-07-29 14:44:00,20172.61,873.6,44659.05,49011.6,49030.165,18.56500000000233,0.0003786444528588131
2026-07-29 14:45:00,20172.71,873.85,44659.14,49011.74,49030.17,18.43000000000029,0.0003758910075163984
2026-07-29 14:46:00,20172.96,874.02,44659.23,49011.93,49030.17,18.239999999997963,0.0003720158424904087
2026-07-29 14:47:00,20173.48,874.09,44659.39,49012.29,49030.17,17.87999999999738,0.0003646734245465064
2026-07-29 14:48:00,20173.62,874.2,44659.38,49012.34,49030.175,17.835000000006403,0.00036375558520862717
2026-07-29 14:49:00,20173.96,874.37,44659.72,49012.77,49030.18,17.410000000003492,0.0003550874175865455
2026-07-29 14:50:00,20174.53,874.24,44659.86,49013.14,49030.18,17.040000000000873,0.000347541045127733
2026-07-29 14:51:00,20174.76,874.22,44659.92,49013.28,49030.18,16.900000000001455,0.0003446856609541604
2026-07-29 14:52:00,20175.23,874.24,44660.08,49013.62,49030.185,16.564999999995052,0.00033785310008508133
2026-07-29 14:53:00,20175.53,874.09,44660.32,49013.94,49030.19,16.25,0.000331428452551377
2026-07-29 14:54:00,20175.96,874.22,44660.6,49014.37,49030.195,15.82499999999709,0.0003227602908778374
2026-07-29 14:55:00,20176.2,874.22,44660.69,49014.55,49030.2,15.64999999999418,0.0003191910292022912
2026-07-29 14:56:00,20176.27,874.31,44660.71,49014.6,49030.205,15.605000000003201,0.00031827319506420995
2026-07-29 14:57:00,20176.28,874.34,44660.74,49014.64,49030.21,15.569999999999709,0.0003175593170006759
2026-07-29 14:58:00,20176.24,874.49,44660.81,49014.67,49030.215,15.544999999998254,0.00031704939494958884
2026-07-29 14:59:00,20176.34,874.69,44660.93,49014.84,49030.22,15.380000000004657,0.00031368409115856827
2026-07-29 15:00:00,20176.38,874.88,44661.15,49015.05,49030.225000000006,15.17500000000291,0.0003095029647529235
2026-07-29 15:01:00,20176.79,874.94,44661.39,49015.44,49030.23,14.790000000000873,0.0003016506347206789
2026-07-29 15:02:00,20177.07,874.87,44661.34,49015.52,49030.23,14.710000000006403,0.000300018988285521
2026-07-29 15:03:00,20177.58,874.83,44661.63,49015.98,49030.23,14.25,0.0002906370212825842
2026-07-29 15:04:00,20177.9,874.87,44661.81,49016.28,49030.235,13.955000000001746,0.0002846202960275786
2026-07-29 15:05:00,20178.55,874.87,44662.14,49016.83,49030.24,13.409999999996217,0.0002735046779292987
2026-07-29 15:06:00,20177.34,875.29,44661.91,49016.14,49030.24,14.099999999998545,0.00028757762556329617
2026-07-29 15:07:00,20176.36,876.12,44661.96,49015.79,49030.24,14.44999999999709,0.0002947160772616469
2026-07-29 15:08:00,20175.25,876.73,44661.9,49015.31,49030.24,14.930000000000291,0.00030450595387663393
2026-07-29 15:09:00,20175.04,877.56,44662.03,49015.35,49030.24,14.889999999999418,0.00030369013082537263
2026-07-29 15:10:00,20174.63,877.82,44662.11,49015.26,49030.244999999995,14.984999999993306,0.000305627679404688
2026-07-29 15:11:00,20174.1,878.26,44662.24,49015.17,49030.25,15.080000000001746,0.000307565227589126
2026-07-29 15:12:00,20174.17,878.51,44662.27,49015.23,49030.25,15.019999999996799,0.00030634149326174754
2026-07-29 15:13:00,20174.1,879.01,44662.28,49015.22,49030.25,15.029999999998836,0.00030654544898300206
2026-07-29 15:14:00,20174.57,878.82,44662.25,49015.39,49030.255000000005,14.865000000005239,0.0003031801486654564
2026-07-29 15:15:00,20175.85,878.5,44662.56,49016.19,49030.26,14.069999999999709,0.00028696564121829474
2026-07-29 15:16:00,20176.89,878.32,44662.99,49017.01,49030.26,13.25,0.00027024127548987094
2026-07-29 15:17:00,20176.6,878.56,44663.12,49016.99,49030.26,13.270000000004075,0.00027064918684918405
2026-07-29 15:18:00,20175.82,878.73,44662.91,49016.48,49030.26,13.779999999998836,0.00028105092650944206
2026-07-29 15:19:00,20175.94,878.99,44663.16,49016.76,49030.26,13.5,0.0002753401674802459
2026-07-29 15:20:00,20175.87,879.2,44663.26,49016.82,49030.26,13.440000000002328,0.0002741164334026034
2026-07-29 15:21:00,20175.7,879.55,44663.31,49016.81,49030.26,13.450000000004366,0.0002743203890822599
2026-07-29 15:22:00,20176.28,879.17,44663.48,49017.2,49030.265,13.065000000002328,0.00026646806824320304
2026-07-29 15:23:00,20176.06,879.48,44663.62,49017.22,49030.27,13.049999999995634,0.00026616210761220844
2026-07-29 15:24:00,20176.2,879.68,44663.83,49017.49,49030.27,12.779999999998836,0.0002606553053858124
2026-07-29 15:25:00,20176.93,879.49,44663.87,49017.83,49030.27,12.439999999995052,0.00025372081369315434
2026-07-29 15:26:00,20177.3,879.39,44664.04,49018.11,49030.274999999994,12.164999999993597,0.00024811200834573327
2026-07-29 15:27:00,20177.74,879.15,44664.32,49018.54,49030.28,11.739999999997963,0.0002394438701960903
2026-07-29 15:28:00,20176.37,879.86,44664.08,49017.78,49030.28,12.5,0.0002549444955239905
2026-07-29 15:29:00,20177.15,879.64,44664.72,49018.69,49030.28,11.589999999996508,0.00023638453624977274
2026-07-29 15:30:00,20176.42,880.31,44664.55,49018.24,49030.28,12.040000000000873,0.00024556253808872544
2026-07-29 15:31:00,20176.21,880.48,44664.55,49018.16,49030.28,12.119999999995343,0.0002471941828599662
2026-07-29 15:32:00,20176.86,880.56,44665.06,49018.85,49030.28,11.430000000000291,0.00023312124670714284
2026-07-29 15:33:00,20176.09,880.86,44664.84,49018.36,49030.28,11.919999999998254,0.0002431150709316417
2026-07-29 15:34:00,20175.9,881.05,44664.73,49018.21,49030.28,12.069999999999709,0.0002461744048779593
2026-07-29 15:35:00,20176.34,880.84,44664.94,49018.57,49030.28,11.709999999999127,0.00023883200340685647
2026-07-29 15:36:00,20176.72,880.73,44665.12,49018.88,49030.28,11.400000000001455,0.000232509379917909
2026-07-29 15:37:00,20176.69,881.0,44665.28,49019.0,49030.28,11.279999999998836,0.00023006191276082527
2026-07-29 15:38:00,20176.89,881.02,44665.17,49018.99,49030.28,11.290000000000873,0.000230265868357286
2026-07-29 15:39:00,20177.47,880.85,44665.42,49019.48,49030.28,10.799999999995634,0.00022027204413263874
2026-07-29 15:40:00,20177.6,880.72,44665.67,49019.75,49030.274999999994,10.52499999999418,0.00021466328712197068
2026-07-29 15:41:00,20178.08,880.59,44665.49,49019.79,49030.27,10.479999999995925,0.00021374550864182323
2026-07-29 15:42:00,20178.45,880.8,44665.81,49020.23,49030.27,10.039999999993597,0.00020477146056902394
2026-07-29 15:43:00,20178.61,880.79,44665.89,49020.37,49030.27,9.89999999999418,0.00020191608163679662
2026-07-29 15:44:00,20178.86,880.86,44666.01,49020.59,49030.265,9.67500000000291,0.00019732709990457752
2026-07-29 15:45:00,20179.24,881.17,44666.43,49021.12,49030.26,9.139999999999418,0.00018641549116809531
2026-07-29 15:46:00,20179.86,881.03,44666.74,49021.66,49030.26,8.599999999998545,0.0001754018844688677
2026-07-29 15:47:00,20179.87,881.19,44666.72,49021.63,49030.26,8.630000000004657,0.00017601375150783733
2026-07-29 15:48:00,20179.61,881.47,44666.64,49021.47,49030.26,8.790000000000873,0.0001792770423816001
2026-07-29 15:49:00,20179.99,881.62,44666.9,49021.86,49030.26,8.400000000001455,0.0001713227708766271
2026-07-29 15:50:00,20180.55,881.55,44667.22,49022.39,49030.26,7.870000000002619,0.00016051311985705602
2026-07-29 15:51:00,20181.17,881.67,44667.65,49023.04,49030.26,7.220000000001164,0.00014725600068205154
2026-07-29 15:52:00,20181.01,882.0,44667.39,49022.73,49030.255000000005,7.525000000001455,0.0001534766645615336
2026-07-29 15:53:00,20181.23,882.06,44667.56,49022.97,49030.25,7.279999999998836,0.00014847976504298542
2026-07-29 15:54:00,20181.36,882.06,44667.72,49023.17,49030.25,7.080000000001746,0.0001444006506187863
2026-07-29 15:55:00,20181.77,882.04,44668.14,49023.72,49030.25,6.529999999998836,0.00013318308595201606
2026-07-29 15:56:00,20181.9,881.91,44668.38,49023.98,49030.244999999995,6.264999999992142,0.0001277782723702919
2026-07-29 15:57:00,20182.12,882.35,44668.84,49024.51,49030.24,5.7299999999959255,0.00011686665209054506
2026-07-29 15:58:00,20181.96,882.52,44668.93,49024.52,49030.24,5.720000000001164,0.00011666269632784103
2026-07-29 15:59:00,20181.57,882.96,44669.06,49024.49,49030.24,5.75,0.00011727456361624989
2026-07-29 16:00:00,20181.18,883.44,44669.12,49024.38,49030.24,5.860000000000582,0.00011951807700718133
2026-07-29 16:01:00,20180.87,883.89,44669.05,49024.22,49030.24,6.019999999996799,0.00012278136921207807
2026-07-29 16:02:00,20180.54,884.27,44669.1,49024.14,49030.235,6.095000000001164,0.00012431105011022616
2026-07-29 16:03:00,20180.29,884.37,44669.14,49024.08,49030.23,6.150000000001455,0.00012543281971146077
2026-07-29 16:04:00,20180.23,884.66,44669.22,49024.12,49030.23,6.110000000000582,0.00012461699649380764
2026-07-29 16:05:00,20180.49,884.75,44669.38,49024.38,49030.23,5.850000000005821,0.00011931414557928486
2026-07-29 16:06:00,20180.55,884.9,44669.61,49024.61,49030.225000000006,5.615000000005239,0.00011452119585429678
2026-07-29 16:07:00,20180.6,884.92,44669.59,49024.61,49030.22,5.610000000000582,0.0001144192296098321
2026-07-29 16:08:00,20180.79,885.13,44669.77,49024.84,49030.215,5.375,0.0001096262784081204
2026-07-29 16:09:00,20181.24,885.12,44670.09,49025.3,49030.21,4.9099999999962165,0.00010014234081388223
2026-07-29 16:10:00,20181.59,885.01,44670.41,49025.72,49030.205,4.485000000000582,9.147422491912041e-05
2026-07-29 16:11:00,20181.64,885.11,44670.54,49025.87,49030.2,4.32999999999447,8.831291734470735e-05
2026-07-29 16:12:00,20181.87,885.51,44670.83,49026.24,49030.195,3.9550000000017462,8.066457822575958e-05
2026-07-29 16:13:00,20182.05,885.71,44670.7,49026.2,49030.19,3.9900000000052387,8.137843234964496e-05
2026-07-29 16:14:00,20182.09,885.79,44670.97,49026.46,49030.185,3.724999999998545,7.597360687092135e-05
2026-07-29 16:15:00,20182.23,886.02,44671.13,49026.67,49030.18,3.5100000000020373,7.158856035205331e-05
2026-07-29 16:16:00,20182.42,886.2,44671.35,49026.94,49030.18,3.2399999999979627,6.608174801720007e-05
2026-07-29 16:17:00,20182.67,886.33,44671.43,49027.13,49030.18,3.0500000000029104,6.2206583781722e-05
2026-07-29 16:18:00,20182.59,886.59,44671.32,49027.0,49030.175,3.1750000000029104,6.475604054040007e-05
2026-07-29 16:19:00,20183.02,886.9,44671.65,49027.49,49030.17,2.680000000000291,5.466022247119052e-05
2026-07-29 16:20:00,20183.14,887.27,44671.89,49027.76,49030.17,2.4099999999962165,4.9153409013189564e-05
2026-07-29 16:21:00,20183.03,887.55,44671.94,49027.76,49030.17,2.4099999999962165,4.9153409013189564e-05
2026-07-29 16:22:00,20182.89,887.81,44671.93,49027.69,49030.165,2.474999999998545,5.0479128511979205e-05
2026-07-29 16:23:00,20183.24,887.97,44672.18,49028.06,49030.16,2.1000000000058208,4.283078007507666e-05
2026-07-29 16:24:00,20183.68,888.36,44672.47,49028.51,49030.16,1.6500000000014552,3.3652755773210917e-05
2026-07-29 16:25:00,20183.6,888.72,44672.48,49028.48,49030.16,1.680000000000291,3.426462405997229e-05
2026-07-29 16:26:00,20183.65,888.77,44672.36,49028.41,49030.16,1.75,3.569231672913162e-05
2026-07-29 16:27:00,20184.09,889.13,44672.74,49028.93,49030.16,1.2300000000032014,2.5086599758254945e-05
2026-07-29 16:28:00,20184.08,889.5,44672.89,49029.08,49030.16,1.0800000000017462,2.20272583242997e-05
2026-07-29 16:29:00,20184.27,889.68,44673.15,49029.37,49030.16,0.7900000000008731,1.6112531552025795e-05
2026-07-29 16:30:00,20184.07,890.15,44673.03,49029.19,49030.155,0.9649999999965075,1.9681765231957915e-05
2026-07-29 16:31:00,20184.04,890.39,44673.15,49029.31,49030.15,0.8400000000037835,1.7132315524300526e-05
2026-07-29 16:32:00,20184.4,890.42,44673.34,49029.63,49030.15,0.5200000000040745,1.0605719134126135e-05
2026-07-29 16:33:00,20184.74,890.45,44673.5,49029.91,49030.15,0.23999999999796273,4.894947292593694e-06
2026-07-29 16:34:00,20184.83,890.54,44673.6,49030.03,49030.15,0.12000000000261934,2.447473646371046e-06
2026-07-29 16:35:00,20184.75,890.86,44673.66,49030.06,49030.15,0.0900000000037835,1.835605234815384e-06
2026-07-29 16:36:00,20184.49,891.12,44673.7,49030.0,49030.145000000004,0.14500000000407454,2.957364290969862e-06
2026-07-29 16:37:00,20184.01,891.59,44673.54,49029.66,49030.14,0.47999999999592546,9.78989658189688e-06
2026-07-29 16:38:00,20184.48,891.47,44673.67,49029.97,49030.14,0.16999999999825377,3.4672550394156284e-06
2026-07-29 16:39:00,20184.22,891.69,44673.54,49029.76,49030.14,0.37999999999738066,7.750334794014062e-06
2026-07-29 16:40:00,20184.42,891.79,44673.74,49030.03,49030.134999999995,0.10499999999592546,2.141540095615186e-06
2026-07-29 16:41:00,20184.2,892.06,44673.75,49029.95,49030.13,0.18000000000029104,3.671211967014794e-06
2026-07-29 16:42:00,20184.23,892.35,44673.87,49030.07,49030.119999999995,0.049999999995634425,1.019781309848608e-06
2026-07-29 16:43:00,20184.43,892.59,44673.88,49030.16,49030.11,0.05000000000291038,1.019781517987832e-06
2026-07-29 16:44:00,20184.45,892.69,44673.92,49030.2,49030.11,0.08999999999650754,1.8356067322000204e-06
2026-07-29 16:45:00,20184.35,892.93,44673.82,49030.06,49030.11,0.05000000000291038,1.019781517987832e-06
2026-07-29 16:46:00,20184.62,893.17,44673.81,49030.18,49030.11,0.06999999999970896,1.427694125093926e-06
2026-07-29 16:47:00,20184.78,893.11,44674.03,49030.43,49030.11,0.31999999999970896,6.5266017147362906e-06
2026-07-29 16:48:00,20184.56,893.42,44673.95,49030.28,49030.104999999996,0.17500000000291038,3.569235676793072e-06
2026-07-29 16:49:00,20184.45,893.95,44673.84,49030.15,49030.1,0.05000000000291038,1.0197817259787434e-06
2026-07-29 16:50:00,20184.33,894.35,44673.81,49030.07,49030.1,0.029999999998835847,6.11869035527887e-07
2026-07-29 16:51:00,20184.33,894.38,44673.88,49030.13,49030.1,0.029999999998835847,6.11869035527887e-07
2026-07-29 16:52:00,20184.17,894.41,44673.93,49030.11,49030.1,0.010000000002037268,2.0395634522542822e-07
2026-07-29 16:53:00,20184.15,894.58,44673.98,49030.16,49030.1,0.06000000000494765,1.2237380712041715e-06
2026-07-29 16:54:00,20184.36,894.75,44674.27,49030.51,49030.095,0.4150000000008731,8.464189188311243e-06
2026-07-29 16:55:00,20184.42,894.69,44674.39,49030.63,49030.09,0.5400000000008731,1.1013644886249917e-05
2026-07-29 16:56:00,20183.95,895.0,44674.26,49030.34,49030.085,0.25499999999738066,5.200888393266719e-06
2026-07-29 16:57:00,20183.63,895.23,44674.23,49030.19,49030.08,0.11000000000058208,2.2435207121950865e-06
2026-07-29 16:58:00,20183.86,895.3,44674.36,49030.4,49030.075,0.3250000000043656,6.628584598419758e-06
2026-07-29 16:59:00,20184.01,895.26,44674.44,49030.54,49030.07,0.47000000000116415,9.585954089014439e-06
2026-07-29 17:00:00,20184.13,895.42,44674.59,49030.72,49030.07,0.6500000000014552,1.3257170548633832e-05
2026-07-29 17:01:00,20184.03,895.51,44674.59,49030.68,49030.07,0.6100000000005821,1.2441344668701923e-05
2026-07-29 17:02:00,20183.72,895.61,44674.52,49030.5,49030.07,0.43000000000029104,8.770128209082528e-06
2026-07-29 17:03:00,20183.64,895.51,44674.49,49030.44,49030.07,0.37000000000261934,7.546389389258864e-06
2026-07-29 17:04:00,20183.55,895.7,44674.71,49030.6,49030.07,0.5299999999988358,1.0809692908838105e-05
2026-07-29 17:05:00,20182.97,895.97,44674.59,49030.26,49030.07,0.1900000000023283,3.87517292963947e-06
2026-07-29 17:06:00,20183.19,896.16,44675.03,49030.76,49030.07,0.6900000000023283,1.4072996428565742e-05
2026-07-29 17:07:00,20182.84,896.24,44674.99,49030.56,49030.07,0.48999999999796273,9.993867028906194e-06
2026-07-29 17:08:00,20182.49,896.16,44674.7,49030.16,49030.07,0.0900000000037835,1.8356082298838958e-06
2026-07-29 17:09:00,20182.54,896.38,44674.85,49030.32,49030.07,0.25,5.098911749463135e-06
2026-07-29 17:10:00,20182.54,896.45,44674.98,49030.43,49030.065,0.36499999999796273,7.4444119133426135e-06
2026-07-29 17:11:00,20182.74,896.36,44675.1,49030.62,49030.06,0.5600000000049477,1.1421564648400342e-05
2026-07-29 17:12:00,20182.42,896.45,44675.04,49030.44,49030.06,0.3800000000046566,7.750347440012447e-06
2026-07-29 17:13:00,20182.13,896.7,44674.97,49030.27,49030.06,0.20999999999912689,4.283086743094479e-06
2026-07-29 17:14:00,20182.11,896.85,44675.04,49030.33,49030.055,0.2750000000014552,5.608804640367121e-06
2026-07-29 17:15:00,20182.46,896.74,44675.4,49030.8,49030.05,0.75,1.52967414881282e-05
2026-07-29 17:16:00,20182.24,896.95,44675.45,49030.76,49030.04,0.7200000000011642,1.4684874823703267e-05
2026-07-29 17:17:00,20181.96,897.16,44675.4,49030.61,49030.03,0.5800000000017462,1.1829484909590026e-05
2026-07-29 17:18:00,20182.26,897.02,44675.56,49030.87,49030.03,0.8400000000037835,1.71323574552939e-05
2026-07-29 17:19:00,20182.51,897.24,44675.75,49031.15,49030.03,1.1200000000026193,2.284314327367573e-05
2026-07-29 17:20:00,20182.3,897.65,44675.65,49030.98,49030.03,0.9500000000043656,1.9375880455393675e-05
2026-07-29 17:21:00,20182.15,897.98,44675.65,49030.92,49030.03,0.8899999999994179,1.8152140637062998e-05
2026-07-29 17:22:00,20182.35,898.27,44675.86,49031.2,49030.024999999994,1.1750000000029104,2.3964907217626556e-05
2026-07-29 17:23:00,20181.69,898.62,44675.6,49030.69,49030.02,0.6700000000055297,1.366509742409915e-05
2026-07-29 17:24:00,20181.83,898.68,44675.66,49030.79,49030.02,0.7700000000040745,1.5704664203768928e-05
2026-07-29 17:25:00,20182.02,898.65,44675.93,49031.1,49030.02,1.0800000000017462,2.202732122078976e-05
2026-07-29 17:26:00,20182.35,898.48,44675.9,49031.21,49030.015,1.194999999999709,2.4372825502902844e-05
2026-07-29 17:27:00,20182.2,898.72,44675.86,49031.12,49030.01,1.110000000000582,2.2639195872091033e-05
2026-07-29 17:28:00,20182.05,898.91,44675.79,49031.01,49030.005000000005,1.0049999999973807,2.049765240687576e-05
2026-07-29 17:29:00,20182.33,898.92,44676.0,49031.32,49030.0,1.319999999999709,2.6922292473989577e-05
2026-07-29 17:30:00,20181.84,899.34,44676.01,49031.13,49030.0,1.1299999999973807,2.304711401177607e-05
2026-07-29 17:31:00,20181.85,899.23,44676.11,49031.23,49030.0,1.2300000000032014,2.5086681623561115e-05
2026-07-29 17:32:00,20182.09,899.3,44676.51,49031.69,49029.994999999995,1.695000000006985,3.457067454334811e-05
2026-07-29 17:33:00,20181.78,899.33,44676.34,49031.42,49029.99,1.430000000000291,2.9165822795401164e-05
2026-07-29 17:34:00,20181.82,899.46,44676.45,49031.54,49029.979999999996,1.5600000000049477,3.1817267720789355e-05
2026-07-29 17:35:00,20181.5,899.46,44676.29,49031.25,49029.97,1.2799999999988358,2.6106481403085415e-05
2026-07-29 17:36:00,20181.52,899.74,44676.42,49031.39,49029.97,1.4199999999982538,2.8961877806538608e-05
2026-07-29 17:37:00,20181.65,899.9,44676.6,49031.6,49029.97,1.6299999999973807,3.32449724117184e-05
2026-07-29 17:38:00,20181.42,900.08,44676.52,49031.44,49029.96,1.4800000000032014,3.0185625278976393e-05
2026-07-29 17:39:00,20181.45,900.1,44676.5,49031.45,49029.95,1.5,3.0593545373797036e-05
2026-07-29 17:40:00,20181.41,900.41,44676.64,49031.54,49029.95,1.5900000000037835,3.2429158096302025e-05
2026-07-29 17:41:00,20181.22,900.84,44676.64,49031.48,49029.95,1.5300000000061118,3.1205416281397635e-05
2026-07-29 17:42:00,20181.24,900.85,44676.66,49031.5,49029.94,1.5599999999976717,3.1817293678060213e-05
2026-07-29 17:43:00,20181.35,900.95,44676.68,49031.58,49029.93,1.6500000000014552,3.365291363869896e-05
2026-07-29 17:44:00,20181.29,900.88,44676.54,49031.42,49029.93,1.4899999999979627,3.0389600800938584e-05
2026-07-29 17:45:00,20181.23,901.12,44676.65,49031.51,49029.93,1.5800000000017462,3.2225214272215894e-05
2026-07-29 17:46:00,20181.03,901.27,44676.56,49031.35,49029.92,1.430000000000291,2.9165864435436385e-05
2026-07-29 17:47:00,20181.24,901.39,44676.63,49031.5,49029.91,1.5899999999965075,3.24291845527864e-05
2026-07-29 17:48:00,20181.06,901.3,44676.46,49031.26,49029.905,1.3550000000032014,2.7636194685737235e-05
2026-07-29 17:49:00,20180.85,901.54,44676.35,49031.09,49029.9,1.1899999999950523,2.4270904080878246e-05
2026-07-29 17:50:00,20181.09,901.76,44676.52,49031.35,49029.9,1.4499999999970896,2.9573790686848016e-05
2026-07-29 17:51:00,20181.13,901.81,44676.6,49031.43,49029.9,1.5299999999988358,3.1205448104092315e-05
2026-07-29 17:52:00,20181.11,901.89,44676.52,49031.35,49029.9,1.4499999999970896,2.9573790686848016e-05
2026-07-29 17:53:00,20180.85,902.13,44676.43,49031.17,49029.9,1.2699999999967986,2.5902561498122544e-05
2026-07-29 17:54:00,20180.73,902.3,44676.39,49031.1,49029.89,1.2099999999991269,2.4678823468686692e-05
2026-07-29 17:55:00,20180.69,902.54,44676.41,49031.11,49029.88,1.2300000000032014,2.5086743022891376e-05
2026-07-29 17:56:00,20180.63,902.63,44676.05,49030.75,49029.88,0.8700000000026193,1.7744281650345043e-05
2026-07-29 17:57:00,20181.03,902.59,44676.27,49031.12,49029.88,1.2400000000052387,2.5290700283281108e-05
2026-07-29 17:58:00,20181.2,902.36,44676.02,49030.96,49029.86,1.0999999999985448,2.243530778995789e-05
2026-07-29 17:59:00,20181.21,902.96,44676.26,49031.17,49029.84,1.3300000000017462,2.7126337756797622e-05
2026-07-29 18:00:00,20181.33,903.04,44676.26,49031.23,49029.815,1.4150000000008731,2.8859990599615214e-05
2026-07-29 18:01:00,20181.46,903.18,44676.29,49031.3,49029.79,1.5100000000020373,3.079760284516897e-05
2026-07-29 18:02:00,20182.04,903.03,44676.21,49031.48,49029.775,1.7050000000017462,3.4774787361388995e-05
2026-07-29 18:03:00,20182.56,902.98,44676.25,49031.72,49029.76,1.9599999999991269,3.997572086828748e-05
2026-07-29 18:04:00,20182.93,902.93,44676.28,49031.89,49029.755000000005,2.1349999999947613,4.3544986100680314e-05
2026-07-29 18:05:00,20182.89,903.09,44676.07,49031.7,49029.75,1.9499999999970896,3.977177122047511e-05
2026-07-29 18:06:00,20182.99,903.17,44676.0,49031.68,49029.75,1.930000000000291,3.9363855618278514e-05
2026-07-29 18:07:00,20182.92,903.48,44675.9,49031.55,49029.75,1.8000000000029104,3.671240420362964e-05
2026-07-29 18:08:00,20183.24,903.46,44675.9,49031.69,49029.740000000005,1.9499999999970896,3.977177933223977e-05
2026-07-29 18:09:00,20183.34,903.6,44675.99,49031.8,49029.73,2.069999999999709,4.221928205600375e-05
2026-07-29 18:10:00,20183.6,903.73,44675.97,49031.9,49029.715,2.1850000000049477,4.456481135990588e-05
2026-07-29 18:11:00,20183.78,903.75,44675.84,49031.86,49029.7,2.1600000000034925,4.40549299710888e-05
2026-07-29 18:12:00,20184.06,904.0,44676.02,49032.13,49029.685,2.444999999999709,4.98677484874665e-05
2026-07-29 18:13:00,20184.16,904.22,44676.04,49032.2,49029.67,2.529999999998836,5.1601407882183096e-05
2026-07-29 18:14:00,20184.34,904.01,44675.93,49032.17,49029.665,2.5049999999973807,5.1091517757614305e-05
2026-07-29 18:15:00,20184.8,903.87,44676.02,49032.44,49029.66,2.779999999998836,5.670037279472947e-05
2026-07-29 18:16:00,20185.15,904.02,44676.04,49032.62,49029.65,2.970000000001164,6.057559048455708e-05
2026-07-29 18:17:00,20185.64,903.84,44676.07,49032.84,49029.64,3.1999999999970896,6.526664278989382e-05
2026-07-29 18:18:00,20185.75,903.84,44675.8,49032.63,49029.634999999995,2.9950000000026193,6.108550471572183e-05
2026-07-29 18:19:00,20186.43,903.67,44675.7,49032.81,49029.63,3.180000000000291,6.485873950099749e-05
2026-07-29 18:20:00,20187.27,903.74,44675.95,49033.39,49029.625,3.764999999999418,7.679030790056865e-05
2026-07-29 18:21:00,20187.64,903.63,44675.77,49033.37,49029.62,3.75,7.648437821871758e-05
2026-07-29 18:22:00,20188.27,903.66,44675.81,49033.68,49029.604999999996,4.075000000004366,8.311304975849522e-05
2026-07-29 18:23:00,20188.42,903.68,44675.58,49033.52,49029.59,3.930000000000291,8.015567741847915e-05
2026-07-29 18:24:00,20188.64,903.57,44675.66,49033.69,49029.565,4.125,8.413291041843834e-05
2026-07-29 18:25:00,20188.85,903.46,44675.59,49033.71,49029.54,4.169999999998254,8.505076735368624e-05
2026-07-29 18:26:00,20188.89,903.57,44675.46,49033.61,49029.54,4.069999999999709,8.301118060662427e-05
2026-07-29 18:27:00,20188.95,903.74,44675.5,49033.67,49029.54,4.129999999997381,8.423493265483178e-05
2026-07-29 18:28:00,20188.98,903.58,44675.41,49033.59,49029.51,4.07999999999447,8.321519019860632e-05
2026-07-29 18:29:00,20189.17,903.47,44675.48,49033.74,49029.48,4.259999999994761,8.688650175353197e-05
2026-07-29 18:30:00,20188.97,903.65,44675.41,49033.58,49029.465,4.115000000005239,8.392912302847357e-05
2026-07-29 18:31:00,20188.63,903.79,44675.13,49033.2,49029.45,3.75,7.648464341329548e-05
2026-07-29 18:32:00,20188.51,903.8,44675.2,49033.21,49029.45,3.7600000000020373,7.668860246243916e-05
2026-07-29 18:33:00,20189.2,903.64,44675.12,49033.42,49029.45,3.970000000001164,8.097174249356589e-05
2026-07-29 18:34:00,20189.32,903.92,44674.9,49033.27,49029.445,3.8249999999970896,7.801434423736777e-05
2026-07-29 18:35:00,20189.75,903.81,44674.85,49033.4,49029.44,3.959999999999127,8.076779991774589e-05
2026-07-29 18:36:00,20189.88,903.71,44674.88,49033.47,49029.43,4.040000000000873,8.239948944951783e-05
2026-07-29 18:37:00,20189.77,903.91,44674.85,49033.4,49029.42,3.9800000000032014,8.117575121229665e-05
2026-07-29 18:38:00,20190.12,903.81,44674.92,49033.6,49029.415,4.184999999997672,8.535692298179923e-05
2026-07-29 18:39:00,20189.42,903.81,44674.6,49033.02,49029.41,3.609999999993306,7.362927679515838e-05
2026-07-29 18:40:00,20188.98,904.02,44674.34,49032.62,49029.39,3.2300000000032014,6.587885347958034e-05
2026-07-29 18:41:00,20189.47,903.9,44674.47,49032.94,49029.37,3.569999999999709,7.281349933722804e-05
2026-07-29 18:42:00,20188.98,904.08,44674.45,49032.72,49029.34,3.3800000000046566,6.893831326313299e-05
2026-07-29 18:43:00,20188.88,904.03,44674.52,49032.74,49029.31,3.430000000000291,6.995815360241233e-05
2026-07-29 18:44:00,20188.57,903.95,44674.38,49032.5,49029.25,3.25,6.628696135470153e-05
2026-07-29 18:45:00,20189.19,903.7,44674.43,49032.79,49029.19,3.599999999998545,7.342564704818792e-05
2026-07-29 18:46:00,20189.27,903.84,44674.35,49032.74,49029.185,3.555000000000291,7.250783385447446e-05
2026-07-29 18:47:00,20189.32,903.71,44674.18,49032.59,49029.18,3.4099999999962165,6.955041875055255e-05
2026-07-29 18:48:00,20189.6,903.58,44674.21,49032.74,49029.145000000004,3.594999999993888,7.332373428078112e-05
2026-07-29 18:49:00,20189.92,903.42,44674.11,49032.78,49029.11,3.6699999999982538,7.485349010002943e-05
2026-07-29 18:50:00,20190.14,903.39,44674.1,49032.86,49029.095,3.764999999999418,7.679113799672252e-05
2026-07-29 18:51:00,20190.51,903.19,44674.16,49033.07,49029.08,3.9899999999979627,8.138027472671245e-05
2026-07-29 18:52:00,20190.43,903.37,44674.04,49032.92,49029.07,3.849999999998545,7.852484250667094e-05
2026-07-29 18:53:00,20190.45,903.16,44673.88,49032.78,49029.06,3.720000000001164,7.587336979336671e-05
2026-07-29 18:54:00,20190.1,903.24,44673.69,49032.47,49028.994999999995,3.4750000000058208,7.08764273060425e-05
2026-07-29 18:55:00,20190.07,903.13,44673.64,49032.41,49028.93,3.4800000000032014,7.097850187640647e-05
2026-07-29 18:56:00,20189.62,903.3,44673.49,49032.1,49028.845,3.2549999999973807,6.638948969728698e-05
2026-07-29 18:57:00,20189.24,903.41,44673.51,49031.98,49028.76,3.220000000001164,6.567573807702182e-05
2026-07-29 18:58:00,20188.99,903.39,44673.45,49031.81,49028.635,3.1749999999956344,6.475807454145183e-05
2026-07-29 18:59:00,20188.79,903.41,44673.23,49031.55,49028.51,3.040000000000873,6.200473969127092e-05
2026-07-29 19:00:00,20188.99,903.46,44673.36,49031.75,49028.495,3.2549999999973807,6.638996363231995e-05
2026-07-29 19:01:00,20189.1,903.76,44673.31,49031.73,49028.48,3.25,6.628800240186927e-05
2026-07-29 19:02:00,20189.12,903.68,44673.19,49031.63,49028.475000000006,3.15499999999156,6.435035966326833e-05
2026-07-29 19:03:00,20189.33,903.85,44673.28,49031.8,49028.47,3.3300000000017462,6.791972092952822e-05
2026-07-29 19:04:00,20189.19,903.99,44673.11,49031.6,49028.44,3.1599999999962165,6.445238722660187e-05
2026-07-29 19:05:00,20189.29,903.97,44672.99,49031.52,49028.41,3.109999999993306,6.343260978671969e-05
2026-07-29 19:06:00,20189.49,904.06,44672.94,49031.57,49028.4,3.1699999999982538,6.465640322748149e-05
2026-07-29 19:07:00,20189.8,904.01,44672.97,49031.7,49028.39,3.3099999999976717,6.75119048371295e-05
2026-07-29 19:08:00,20189.73,903.88,44672.84,49031.55,49028.29,3.2600000000020373,6.649222316344374e-05
2026-07-29 19:09:00,20190.22,903.83,44673.14,49032.02,49028.19,3.8299999999944703,7.811832335630727e-05
2026-07-29 19:10:00,20189.94,903.59,44672.96,49031.73,49028.125,3.6050000000032014,7.352922429734364e-05
2026-07-29 19:11:00,20190.12,903.48,44673.0,49031.85,49028.06,3.790000000000873,7.730267116424499e-05
2026-07-29 19:12:00,20190.33,903.5,44673.22,49032.13,49028.0,4.129999999997381,8.423757852650283e-05
2026-07-29 19:13:00,20190.31,903.73,44673.13,49032.04,49027.94,4.099999999998545,8.362578562343318e-05
2026-07-29 19:14:00,20190.17,903.67,44673.0,49031.88,49027.92,3.959999999999127,8.077030394108351e-05
2026-07-29 19:15:00,20190.29,903.61,44673.03,49031.95,49027.9,4.049999999995634,8.260602636449112e-05
2026-07-29 19:16:00,20190.41,903.68,44673.11,49032.07,49027.83,4.239999999997963,8.648149428595887e-05
2026-07-29 19:17:00,20190.41,903.54,44672.97,49031.94,49027.76,4.180000000000291,8.525782128329524e-05
2026-07-29 19:18:00,20190.48,903.48,44672.84,49031.84,49027.76,4.07999999999447,8.321816048692558e-05
2026-07-29 19:19:00,20190.58,903.68,44672.93,49031.96,49027.76,4.19999999999709,8.566575344248013e-05
2026-07-29 19:20:00,20190.86,903.85,44673.08,49032.23,49027.75,4.480000000003201,9.137682230987964e-05
2026-07-29 19:21:00,20190.73,903.75,44672.86,49031.98,49027.74,4.240000000005239,8.648165303979418e-05
2026-07-29 19:22:00,20190.92,903.92,44672.8,49032.0,49027.715,4.2850000000034925,8.739954533886584e-05
2026-07-29 19:23:00,20190.97,904.13,44672.75,49031.98,49027.69,4.290000000000873,8.750157309065291e-05
2026-07-29 19:24:00,20191.33,904.24,44672.83,49032.2,49027.66,4.539999999993597,9.260078902386115e-05
2026-07-29 19:25:00,20191.62,904.26,44672.96,49032.42,49027.63,4.790000000000873,9.770001119778528e-05
2026-07-29 19:26:00,20191.81,904.14,44672.93,49032.48,49027.57,4.9100000000034925,0.00010014773320406238
2026-07-29 19:27:00,20192.09,904.39,44673.14,49032.79,49027.51,5.279999999998836,0.00010769463919335972
2026-07-29 19:28:00,20192.52,904.4,44673.25,49033.08,49027.5,5.580000000001746,0.00011381367599819991
2026-07-29 19:29:00,20192.49,904.23,44673.24,49033.05,49027.49,5.560000000004948,0.00011340576480674307
2026-07-29 19:30:00,20192.62,904.07,44673.22,49033.08,49027.49,5.5900000000037835,0.00011401766641538826
2026-07-29 19:31:00,20192.98,904.13,44673.22,49033.24,49027.49,5.75,0.0001172811416615454
2026-07-29 19:32:00,20193.26,904.15,44673.23,49033.36,49027.425,5.934999999997672,0.00012105469540767583
2026-07-29 19:33:00,20193.52,904.36,44673.16,49033.41,49027.36,6.05000000000291,0.00012340048495376683
2026-07-29 19:34:00,20193.95,904.29,44673.3,49033.71,49027.244999999995,6.4650000000037835,0.0001318654556258216
2026-07-29 19:35:00,20194.38,904.37,44673.31,49033.9,49027.13,6.7700000000040745,0.00013808681030286852
2026-07-29 19:36:00,20194.45,904.53,44673.27,49033.88,49027.065,6.814999999995052,0.00013900485374751786
2026-07-29 19:37:00,20194.65,904.48,44673.21,49033.93,49027.0,6.930000000000291,0.00014135068431681097
2026-07-29 19:38:00,20195.45,904.42,44673.58,49034.58,49027.0,7.580000000001746,0.00015460868501033606
2026-07-29 19:39:00,20195.85,904.2,44673.57,49034.74,49027.0,7.739999999997963,0.00015787219287327316
2026-07-29 19:40:00,20196.2,904.3,44673.54,49034.85,49026.97,7.879999999997381,0.00016072786060401817
2026-07-29 19:41:00,20196.61,904.28,44673.54,49035.02,49026.94,8.07999999999447,0.0001648073487758867
2026-07-29 19:42:00,20197.02,904.42,44673.44,49035.09,49026.94,8.14999999999418,0.0001662351352132966
2026-07-29 19:43:00,20197.39,904.28,44673.3,49035.11,49026.94,8.169999999998254,0.0001666430741954985
2026-07-29 19:44:00,20197.61,904.16,44673.28,49035.19,49026.895000000004,8.294999999998254,0.00016919284812954712
2026-07-29 19:45:00,20197.83,904.2,44673.35,49035.34,49026.85,8.489999999997963,0.00017317041580272775
2026-07-29 19:46:00,20198.11,904.21,44673.43,49035.51,49026.765,8.74500000000262,0.00017837195662415457
2026-07-29 19:47:00,20198.32,904.22,44673.51,49035.68,49026.68,9.0,0.00018357351548177443
2026-07-29 19:48:00,20198.45,904.15,44673.6,49035.82,49026.675,9.144999999996799,0.0001865311078101217
2026-07-29 19:49:00,20198.29,904.03,44673.54,49035.66,49026.67,8.990000000005239,0.00018336958231112248
2026-07-29 19:50:00,20197.91,903.91,44673.5,49035.48,49026.565,8.915000000000873,0.00018184019214890687
2026-07-29 19:51:00,20198.01,903.9,44673.61,49035.63,49026.46,9.169999999998254,0.00018704185454136916
2026-07-29 19:52:00,20197.9,903.65,44673.69,49035.66,49026.35,9.310000000004948,0.00018989788144548693
2026-07-29 19:53:00,20197.75,903.74,44673.66,49035.55,49026.24,9.310000000004948,0.0001898983075186869
2026-07-29 19:54:00,20197.36,903.59,44673.26,49035.04,49026.235,8.805000000000291,0.00017959771946592047
2026-07-29 19:55:00,20197.4,903.48,44673.41,49035.19,49026.23,8.959999999999127,0.0001827593106791839
2026-07-29 19:56:00,20197.23,903.58,44673.51,49035.21,49026.23,8.979999999995925,0.00018316725556902753
2026-07-29 19:57:00,20196.92,903.79,44673.36,49034.96,49026.23,8.729999999995925,0.0001780679444451659
2026-07-29 19:58:00,20196.55,903.73,44673.35,49034.8,49026.215,8.585000000006403,0.00017511039757008376
2026-07-29 19:59:00,20196.45,903.77,44673.52,49034.91,49026.2,8.710000000006403,0.00017766010826877063
2026-07-29 20:00:00,20196.37,903.83,44673.54,49034.89,49026.134999999995,8.755000000004657,0.00017857822159557667
2026-07-29 20:01:00,20196.17,903.85,44673.59,49034.86,49026.07,8.790000000000873,0.00017929236424622395
2026-07-29 20:02:00,20195.95,903.79,44673.46,49034.67,49025.97,8.69999999999709,0.00017745696821494994
2026-07-29 20:03:00,20196.08,903.79,44673.31,49034.6,49025.87,8.729999999995925,0.00017806925200911122
2026-07-29 20:04:00,20196.22,903.86,44673.39,49034.72,49025.795,8.92500000000291,0.0001820470223889875
2026-07-29 20:05:00,20196.06,903.97,44673.31,49034.58,49025.72,8.860000000000582,0.0001807214662018341
2026-07-29 20:06:00,20196.01,904.2,44673.51,49034.75,49025.525,9.224999999998545,0.0001881672863268378
2026-07-29 20:07:00,20195.77,904.28,44673.47,49034.61,49025.33,9.279999999998836,0.00018928990381092458
2026-07-29 20:08:00,20195.7,904.31,44673.61,49034.72,49025.325,9.395000000004075,0.00019163564953427796
2026-07-29 20:09:00,20195.47,904.16,44673.33,49034.38,49025.32,9.059999999997672,0.00018480246533827157
2026-07-29 20:10:00,20195.54,903.94,44673.39,49034.45,49025.31,9.139999999999418,0.0001864343132149377
2026-07-29 20:11:00,20195.76,903.93,44673.37,49034.51,49025.3,9.209999999999127,0.00018786218544300854
2026-07-29 20:12:00,20195.8,903.88,44673.22,49034.39,49025.295,9.095000000001164,0.00018551647674942424
2026-07-29 20:13:00,20195.69,904.09,44673.17,49034.3,49025.29,9.010000000002037,0.00018378269664497726
2026-07-29 20:14:00,20195.76,904.19,44673.29,49034.44,49025.240000000005,9.19999999999709,0.0001876584387959567
2026-07-29 20:15:00,20195.58,904.12,44673.05,49034.14,49025.3,8.839999999996508,0.0001803150618149508
2026-07-29 20:16:00,20195.83,904.1,44673.02,49034.21,49025.31,8.900000000001455,0.00018153888267104186
2026-07-29 20:17:00,20196.02,903.92,44673.09,49034.35,49025.3,9.049999999995634,0.00018459856441461111
2026-07-29 20:18:00,20196.42,903.57,44673.24,49034.65,49025.21000000001,9.439999999995052,0.00019255399415923056
2026-07-29 20:19:00,20196.71,903.49,44673.17,49034.7,49025.3,9.39999999999418,0.00019173773541404497
2026-07-29 20:20:00,20196.79,903.42,44673.25,49034.8,49025.51,9.290000000000873,0.00018949318426265984
2026-07-29 20:21:00,20196.84,903.36,44673.39,49034.93,49025.72,9.209999999999127,0.00018786057604047685
2026-07-29 20:22:00,20196.62,903.4,44673.34,49034.8,49025.795,9.005000000004657,0.0001836788164272432
2026-07-29 20:23:00,20196.47,903.23,44673.21,49034.63,49025.87,8.759999999994761,0.00017868117383729775
2026-07-29 20:24:00,20196.55,903.11,44673.2,49034.66,49026.035,8.625,0.00017592693351603896
2026-07-29 20:25:00,20196.36,903.15,44673.22,49034.59,49026.2,8.389999999999418,0.00017113298603602602
2026-07-29 20:26:00,20196.09,902.96,44673.11,49034.37,49026.22,8.150000000001455,0.00016623757654580458
2026-07-29 20:27:00,20196.03,902.79,44673.26,49034.49,49026.24,8.25,0.00016827723276351602
2026-07-29 20:28:00,20196.12,902.41,44673.48,49034.71,49026.35,8.360000000000582,0.00017052054660403196
2026-07-29 20:29:00,20196.09,902.28,44673.65,49034.85,49026.46,8.389999999999418,0.0001711320784735308
2026-07-29 20:30:00,20195.76,902.14,44673.51,49034.6,49026.565,8.034999999996217,0.00016389073964280827
2026-07-29 20:31:00,20195.76,901.97,44673.46,49034.55,49026.67,7.880000000004657,0.00016072884411698075
2026-07-29 20:32:00,20195.76,901.85,44673.49,49034.58,49026.805,7.775000000001455,0.0001585867159812159
2026-07-29 20:33:00,20195.54,901.84,44673.35,49034.36,49026.94,7.419999999998254,0.00015134536236604312
2026-07-29 20:34:00,20195.29,902.1,44673.26,49034.18,49026.97,7.209999999999127,0.00014706191306538272
2026-07-29 20:35:00,20195.4,901.85,44673.14,49034.11,49027.0,7.110000000000582,0.00014502213066270794
2026-07-29 20:36:00,20195.3,901.93,44673.3,49034.23,49027.065,7.165000000000873,0.00014614376773320763
2026-07-29 20:37:00,20195.1,901.9,44673.31,49034.17,49027.13,7.040000000000873,0.00014359396521886706
2026-07-29 20:38:00,20194.91,901.92,44673.24,49034.02,49027.31,6.709999999999127,0.00013686249561722084
2026-07-29 20:39:00,20194.76,901.9,44673.33,49034.02,49027.49,6.529999999998836,0.00013319058348691389
2026-07-29 20:40:00,20194.74,902.1,44673.34,49034.03,49027.59,6.440000000002328,0.00013135461074065293
2026-07-29 20:41:00,20194.36,902.28,44673.15,49033.73,49027.69,6.040000000000873,0.00012319568798776513
2026-07-29 20:42:00,20194.11,902.27,44672.96,49033.46,49027.725000000006,5.734999999993306,0.00011697463017085344
2026-07-29 20:43:00,20194.0,902.35,44672.84,49033.33,49027.76,5.569999999999709,0.00011360910635117143
2026-07-29 20:44:00,20193.94,901.95,44672.25,49032.74,49027.76,4.9799999999959255,0.00010157510765321371
2026-07-29 20:45:00,20193.89,902.29,44672.66,49033.1,49027.76,5.3399999999965075,0.00010891788651972898
2026-07-29 20:46:00,20193.97,902.13,44672.62,49033.09,49027.91,5.179999999993015,0.00010565410599784928
2026-07-29 20:47:00,20194.01,902.01,44672.93,49033.39,49028.06,5.330000000001746,0.00010871325522571659
2026-07-29 20:48:00,20193.86,902.43,44672.9,49033.31,49028.235,5.07499999999709,0.000103511782547283
2026-07-29 20:49:00,20193.99,902.31,44672.85,49033.32,49028.41,4.9099999999962165,0.0001001460173804579
2026-07-29 20:50:00,20193.98,902.15,44672.92,49033.38,49028.44500000001,4.934999999990396,0.00010065585396376318
2026-07-29 20:51:00,20193.88,902.05,44672.82,49033.23,49028.48,4.75,9.688246504888586e-05
2026-07-29 20:52:00,20193.95,901.99,44672.86,49033.3,49028.495,4.805000000000291,9.800423202874758e-05
2026-07-29 20:53:00,20193.78,901.99,44672.74,49033.12,49028.51,4.610000000000582,9.402692433444504e-05
2026-07-29 20:54:00,20193.88,902.03,44672.68,49033.12,49028.72,4.400000000001455,8.974331779417156e-05
2026-07-29 20:55:00,20194.0,902.22,44672.7,49033.18,49028.93,4.25,8.668351522254309e-05
2026-07-29 20:56:00,20193.88,902.37,44672.59,49033.04,49029.005000000005,4.0349999999962165,8.229822326592629e-05
2026-07-29 20:57:00,20193.77,902.37,44672.57,49032.98,49029.08,3.900000000001455,7.954462943219524e-05
2026-07-29 20:58:00,20193.69,902.14,44672.47,49032.86,49029.095,3.764999999999418,7.679113799672252e-05
2026-07-29 20:59:00,20193.88,902.24,44672.46,49032.92,49029.11,3.8099999999976717,7.770893658884837e-05
2026-07-29 21:00:00,20193.94,902.27,44672.31,49032.82,49029.15,3.6699999999982538,7.485342903146911e-05
2026-07-29 21:01:00,20194.25,902.23,44672.41,49033.03,49029.19,3.8399999999965075,7.832069018469421e-05
2026-07-29 21:02:00,20194.14,902.2,44672.37,49032.94,49029.25,3.6900000000023283,7.526119612277015e-05
2026-07-29 21:03:00,20194.21,902.18,44672.33,49032.93,49029.31,3.6200000000026193,7.383338660084385e-05
2026-07-29 21:04:00,20194.14,902.21,44672.16,49032.75,49029.34,3.4100000000034925,6.955019178319539e-05
2026-07-29 21:05:00,20194.33,902.38,44672.12,49032.82,49029.37,3.4499999999970896,7.036598675441046e-05
2026-07-29 21:06:00,20194.4,902.41,44671.84,49032.58,49029.395000000004,3.1849999999976717,6.496103001062264e-05
2026-07-29 21:07:00,20194.91,902.61,44672.0,49032.93,49029.42,3.5100000000020373,7.158967003896921e-05
2026-07-29 21:08:00,20194.83,902.67,44671.93,49032.82,49029.43,3.389999999999418,6.914214584993988e-05
2026-07-29 21:09:00,20194.64,902.8,44671.85,49032.66,49029.44,3.220000000001164,6.56748272058821e-05
2026-07-29 21:10:00,20194.69,902.66,44671.92,49032.73,49029.490000000005,3.2399999999979627,6.608267799640507e-05
2026-07-29 21:11:00,20194.48,902.41,44671.73,49032.47,49029.54,2.930000000000291,5.9759891689791315e-05
2026-07-29 21:12:00,20194.65,902.27,44671.74,49032.54,49029.58,2.959999999999127,6.037171846055232e-05
2026-07-29 21:13:00,20194.59,902.36,44671.76,49032.55,49029.62,2.930000000000291,5.975979418156394e-05
2026-07-29 21:14:00,20194.49,902.17,44671.81,49032.56,49029.625,2.9349999999976717,5.986176724781541e-05
2026-07-29 21:15:00,20194.67,902.0,44671.91,49032.73,49029.63,3.1000000000058208,6.322707309856959e-05
2026-07-29 21:16:00,20194.72,902.15,44672.08,49032.88,49029.634999999995,3.2450000000026193,6.618446170367411e-05
2026-07-29 21:17:00,20194.51,902.22,44671.93,49032.67,49029.64,3.029999999998836,6.179935239171318e-05
2026-07-29 21:18:00,20194.49,902.02,44671.9,49032.62,49029.65,2.970000000001164,6.057559048455708e-05
2026-07-29 21:19:00,20194.61,902.12,44671.83,49032.6,49029.66,2.9399999999950523,5.996370360298342e-05
2026-07-29 21:20:00,20194.9,902.36,44671.72,49032.63,49029.665,2.9649999999965075,6.0473592874773007e-05
2026-07-29 21:21:00,20194.88,902.15,44671.78,49032.66,49029.67,2.9900000000052387,6.098348204271493e-05
2026-07-29 21:22:00,20194.59,902.36,44671.57,49032.36,49029.71,2.650000000001455,5.404886139447807e-05
2026-07-29 21:23:00,20194.53,902.38,44671.54,49032.32,49029.75,2.569999999999709,5.2417154890647186e-05
2026-07-29 21:24:00,20194.63,902.41,44671.63,49032.46,49029.755000000005,2.7049999999944703,5.517057957957306e-05
2026-07-29 21:25:00,20194.48,902.4,44671.52,49032.3,49029.76,2.540000000000873,5.180527092118895e-05
2026-07-29 21:26:00,20194.45,902.57,44671.46,49032.24,49029.8,2.4399999999950523,4.9765652725384405e-05
2026-07-29 21:27:00,20194.26,902.6,44671.36,49032.07,49029.84,2.2300000000032014,4.548250616365873e-05
2026-07-29 21:28:00,20194.2,902.52,44671.44,49032.12,49029.86,2.2600000000020373,4.6094359641288744e-05
2026-07-29 21:29:00,20194.22,902.54,44671.67,49032.33,49029.88,2.4500000000043656,4.9969528785393025e-05
2026-07-29 21:30:00,20193.95,902.46,44671.43,49031.98,49029.895000000004,2.084999999999127,4.252507577263069e-05
2026-07-29 21:31:00,20193.89,902.46,44671.38,49031.92,49029.91,2.0099999999947613,4.099538424595846e-05
2026-07-29 21:32:00,20193.86,902.4,44671.41,49031.94,49029.92,2.0200000000040745,4.1199332978803035e-05
2026-07-29 21:33:00,20193.9,902.44,44671.49,49032.03,49029.93,2.099999999998545,4.283098099464031e-05
2026-07-29 21:34:00,20193.78,902.55,44671.48,49031.96,49029.94,2.0199999999967986,4.119931617286904e-05
2026-07-29 21:35:00,20193.81,902.69,44671.49,49031.98,49029.95,2.030000000006112,4.140326473932998e-05
2026-07-29 21:36:00,20194.02,902.8,44671.56,49032.12,49029.96,2.1600000000034925,4.405469635307662e-05
2026-07-29 21:37:00,20193.91,902.74,44671.56,49032.09,49029.97,2.1199999999953434,4.323885982380457e-05
2026-07-29 21:38:00,20193.97,902.75,44671.43,49032.0,49029.97,2.029999999998836,4.140324785021969e-05
2026-07-29 21:39:00,20194.02,902.68,44671.46,49032.04,49029.97,2.069999999999709,4.2219075394084656e-05
2026-07-29 21:40:00,20193.9,902.55,44671.42,49031.96,49029.985,1.9749999999985448,4.0281472653898316e-05
2026-07-29 21:41:00,20193.78,902.48,44671.49,49031.97,49030.0,1.9700000000011642,4.017948194985038e-05
2026-07-29 21:42:00,20193.91,902.43,44671.6,49032.11,49030.0,2.110000000000582,4.303487660617137e-05
2026-07-29 21:43:00,20194.15,902.47,44671.64,49032.24,49030.0,2.2399999999979627,4.568631450128417e-05
2026-07-29 21:44:00,20193.9,902.32,44671.55,49032.06,49030.015,2.0449999999982538,4.170914489824761e-05
2026-07-29 21:45:00,20193.97,902.4,44671.59,49032.13,49030.03,2.099999999998545,4.283089363801215e-05
2026-07-29 21:46:00,20193.91,902.74,44671.48,49032.0,49030.03,1.9700000000011642,4.017945736523441e-05
2026-07-29 21:47:00,20193.44,902.73,44671.41,49031.75,49030.03,1.7200000000011642,3.508054145594372e-05
2026-07-29 21:48:00,20193.61,902.64,44671.68,49032.07,49030.045,2.025000000001455,4.130120622980165e-05
2026-07-29 21:49:00,20193.63,902.97,44671.57,49031.98,49030.06,1.9200000000055297,3.915965022285369e-05
2026-07-29 21:50:00,20193.72,902.83,44671.58,49032.02,49030.06,1.9599999999991269,3.9975476269030205e-05
2026-07-29 21:51:00,20193.67,902.61,44671.62,49032.03,49030.06,1.9700000000011642,4.017943278064853e-05
2026-07-29 21:52:00,20193.66,902.53,44671.72,49032.12,49030.065,2.055000000000291,4.1913058854812676e-05
2026-07-29 21:53:00,20193.89,902.79,44671.84,49032.33,49030.07,2.2600000000020373,4.60941622151883e-05
2026-07-29 21:54:00,20193.79,902.23,44671.87,49032.31,49030.07,2.2399999999979627,4.568624927514815e-05
2026-07-29 21:55:00,20193.78,902.25,44671.95,49032.38,49030.07,2.3099999999976717,4.7113944564991884e-05
2026-07-29 21:56:00,20193.81,902.75,44671.68,49032.15,49030.085,2.0650000000023283,4.211699816556158e-05
2026-07-29 21:57:00,20193.44,902.5,44671.65,49031.98,49030.1,1.8800000000046566,3.834379289466382e-05
2026-07-29 21:58:00,20193.79,902.78,44671.77,49032.23,49030.1,2.1300000000046566,4.344270152426074e-05
2026-07-29 21:59:00,20193.66,902.77,44671.66,49032.08,49030.1,1.9800000000032014,4.038335634647291e-05
2026-07-29 22:00:00,20193.33,902.86,44671.77,49032.04,49030.104999999996,1.9350000000049477,3.946554876855654e-05
2026-07-29 22:01:00,20193.79,903.52,44671.65,49032.14,49030.11,2.029999999998836,4.1403129627872255e-05
2026-07-29 22:02:00,20193.19,903.29,44671.57,49031.81,49030.11,1.6999999999970896,3.467257160950872e-05
2026-07-29 22:03:00,20193.17,903.24,44671.63,49031.86,49030.11,1.75,3.569235312749655e-05
2026-07-29 22:04:00,20193.09,903.36,44671.59,49031.78,49030.119999999995,1.6600000000034925,3.3856739490001097e-05
2026-07-29 22:05:00,20193.12,903.24,44671.65,49031.84,49030.13,1.7099999999991269,3.487651368656634e-05
2026-07-29 22:06:00,20193.08,903.4,44671.44,49031.64,49030.134999999995,1.5050000000046566,3.0695408038437115e-05
2026-07-29 22:07:00,20193.26,903.35,44671.48,49031.75,49030.14,1.610000000000582,3.2836944785403065e-05
2026-07-29 22:08:00,20193.43,903.52,44671.36,49031.72,49030.145000000004,1.5749999999970896,3.212309488371061e-05
2026-07-29 22:09:00,20193.39,903.59,44671.28,49031.65,49030.15,1.5,3.059342057897029e-05
2026-07-29 22:10:00,20193.44,903.75,44671.29,49031.68,49030.15,1.5299999999988358,3.120528899052595e-05
2026-07-29 22:11:00,20193.38,903.89,44671.25,49031.61,49030.15,1.4599999999991269,2.9777596030179936e-05
2026-07-29 22:12:00,20193.51,903.82,44671.32,49031.73,49030.155,1.5750000000043656,3.2123088332157334e-05
2026-07-29 22:13:00,20193.47,903.87,44671.19,49031.6,49030.16,1.4399999999950523,2.9369677765584534e-05
2026-07-29 22:14:00,20193.58,903.83,44671.22,49031.67,49030.16,1.5099999999947613,3.0797370434743864e-05
2026-07-29 22:15:00,20193.67,903.97,44671.18,49031.67,49030.16,1.5099999999947613,3.0797370434743864e-05
2026-07-29 22:16:00,20193.75,904.03,44671.17,49031.7,49030.16,1.5399999999935972,3.1409238721505234e-05
2026-07-29 22:17:00,20193.59,904.04,44671.21,49031.65,49030.16,1.4899999999979627,3.0389458243619082e-05
2026-07-29 22:18:00,20193.57,904.02,44671.15,49031.59,49030.16,1.429999999993015,2.9165721669947945e-05
2026-07-29 22:19:00,20193.51,903.99,44671.21,49031.61,49030.16,1.4499999999970896,2.9573633861221123e-05
2026-07-29 22:20:00,20193.31,904.0,44671.09,49031.42,49030.165,1.2549999999973807,2.559648738684401e-05
2026-07-29 22:21:00,20193.2,903.97,44671.18,49031.45,49030.17,1.2799999999988358,2.6106374911586802e-05
2026-07-29 22:22:00,20193.19,903.79,44671.18,49031.45,49030.175,1.2749999999941792,2.600439423261653e-05
2026-07-29 22:23:00,20193.24,903.71,44671.21,49031.51,49030.18,1.3300000000017462,2.7126149649088505e-05
2026-07-29 22:24:00,20193.06,903.63,44671.22,49031.44,49030.185,1.2550000000046566,2.5596476945878476e-05
2026-07-29 22:25:00,20192.99,903.59,44671.22,49031.41,49030.19,1.2200000000011642,2.4882628437727126e-05
2026-07-29 22:26:00,20193.08,903.74,44671.18,49031.41,49030.195,1.2150000000037835,2.4780647925299574e-05
2026-07-29 22:27:00,20192.95,903.83,44671.0,49031.2,49030.2,1.0,2.0395592920281788e-05
2026-07-29 22:28:00,20192.94,903.86,44670.95,49031.16,49030.205,0.9550000000017462,1.9477789252599416e-05
2026-07-29 22:29:00,20192.97,903.95,44670.88,49031.1,49030.21,0.8899999999994179,1.8152073996815797e-05
2026-07-29 22:30:00,20192.94,904.07,44670.88,49031.09,49030.22,0.8699999999953434,1.7744158602497467e-05
2026-07-29 22:31:00,20192.76,904.22,44670.77,49030.92,49030.23,0.6899999999950523,1.407295050410843e-05
2026-07-29 22:32:00,20192.28,904.36,44670.64,49030.6,49030.240000000005,0.3599999999933061,7.342407461054771e-06
2026-07-29 22:33:00,20192.68,904.83,44670.62,49030.77,49030.25,0.5199999999967986,1.0605697503006788e-05
2026-07-29 22:34:00,20191.52,904.65,44670.48,49030.17,49030.255000000005,0.08500000000640284,1.7336234536492383e-06
2026-07-29 22:35:00,20192.87,905.44,44670.61,49030.83,49030.26,0.569999999999709,1.162547373804889e-05
2026-07-29 22:36:00,20191.49,904.85,44670.49,49030.14,49030.265,0.125,2.5494457352004932e-06
2026-07-29 22:37:00,20192.13,905.25,44670.75,49030.65,49030.27,0.3800000000046566,7.75031424474425e-06
2026-07-29 22:38:00,20190.88,906.2,44670.18,49029.64,49030.27,0.6299999999973807,1.2849205195023006e-05
2026-07-29 22:39:00,20190.85,906.36,44670.31,49029.75,49030.27,0.5199999999967986,1.0605693176823188e-05
2026-07-29 22:40:00,20190.72,906.13,44670.24,49029.62,49030.274999999994,0.6549999999915599,1.3359092927615845e-05
2026-07-29 22:41:00,20191.76,906.6,44670.49,49030.29,49030.28,0.010000000002037268,2.0395559646074362e-07
2026-07-29 22:42:00,20190.36,905.82,44670.45,49029.67,49030.285,0.6150000000052387,1.2543267900752335e-05
2026-07-29 22:43:00,20191.02,905.91,44670.76,49030.23,49030.29,0.059999999997671694,1.2237333288804063e-06
2026-07-29 22:44:00,20190.82,905.07,44671.07,49030.41,49030.305,0.10500000000320142,2.141532670522882e-06
2026-07-29 22:45:00,20191.29,905.05,44671.44,49030.93,49030.32,0.6100000000005821,1.2441281231706873e-05
2026-07-29 22:46:00,20191.02,905.33,44671.19,49030.6,49030.32,0.27999999999883585,5.71075204075429e-06
2026-07-29 22:47:00,20190.26,904.79,44671.39,49030.48,49030.32,0.16000000000349246,3.2632868805158206e-06
2026-07-29 22:48:00,20190.48,905.16,44671.41,49030.58,49030.325,0.2550000000046566,5.200862935431422e-06
2026-07-29 22:49:00,20190.13,904.8,44671.53,49030.54,49030.33,0.20999999999912689,4.283063157011729e-06
2026-07-29 22:50:00,20189.93,904.84,44671.55,49030.48,49030.33,0.1500000000014552,3.059330826479348e-06
2026-07-29 22:51:00,20189.46,905.08,44671.47,49030.21,49030.33,0.12000000000261934,2.4474646612131583e-06
2026-07-29 22:52:00,20189.31,905.42,44671.46,49030.16,49030.335,0.17499999999563443,3.569218933454859e-06
2026-07-29 22:53:00,20190.12,906.83,44671.18,49030.25,49030.34,0.08999999999650754,1.835598121418443e-06
2026-07-29 22:54:00,20188.05,906.04,44671.2,49029.42,49030.35,0.930000000000291,1.8967843386806153e-05
2026-07-29 22:55:00,20190.3,906.78,44671.39,49030.52,49030.36,0.1599999999962165,3.26328421810928e-06
2026-07-29 22:56:00,20188.53,906.2,44671.14,49029.54,49030.380000000005,0.8400000000037835,1.7132235157136932e-05
2026-07-29 22:57:00,20189.38,907.66,44671.19,49029.97,49030.4,0.43000000000029104,8.770069181574922e-06
2026-07-29 22:58:00,20188.61,907.3,44670.62,49029.11,49030.405,1.2949999999982538,2.6412182399844622e-05
2026-07-29 22:59:00,20189.69,907.66,44671.02,49029.93,49030.41,0.4800000000032014,9.789842671174917e-06
2026-07-29 23:00:00,20189.39,907.91,44670.64,49029.44,49030.42,0.9799999999959255,1.998759137686207e-05
2026-07-29 23:01:00,20189.79,907.88,44671.16,49030.1,49030.43,0.33000000000174623,6.73051409097873e-06
2026-07-29 23:02:00,20189.86,908.37,44670.83,49029.84,49030.43,0.5900000000037835,1.2033343374793644e-05
2026-07-29 23:03:00,20190.05,908.39,44670.92,49030.0,49030.43,0.43000000000029104,8.770063815477266e-06
2026-07-29 23:04:00,20189.98,908.67,44670.82,49029.88,49030.435,0.555000000000291,1.1319499816803401e-05
2026-07-29 23:05:00,20190.26,908.26,44670.99,49030.15,49030.44,0.2900000000008731,5.914692994818588e-06
2026-07-29 23:06:00,20190.51,908.05,44671.11,49030.36,49030.44,0.08000000000174623,1.6316394468772099e-06
2026-07-29 23:07:00,20190.45,908.3,44671.1,49030.32,49030.44,0.12000000000261934,2.4474591703158147e-06
2026-07-29 23:08:00,20190.57,908.01,44671.19,49030.45,49030.445,0.004999999997380655,1.0197745497477446e-07
2026-07-29 23:09:00,20190.81,907.72,44671.34,49030.68,49030.45,0.23000000000320142,4.690962452989957e-06
2026-07-29 23:10:00,20190.93,907.55,44671.43,49030.81,49030.465,0.34500000000116415,7.036441526735758e-06
2026-07-29 23:11:00,20191.0,907.18,44671.6,49030.98,49030.48,0.5,1.019773822324399e-05
2026-07-29 23:12:00,20191.09,906.8,44671.69,49031.11,49030.48,0.6299999999973807,1.2849150161234004e-05
2026-07-29 23:13:00,20191.26,906.27,44671.87,49031.33,49030.48,0.8499999999985448,1.7336154979485105e-05
2026-07-29 23:14:00,20191.13,906.09,44671.86,49031.26,49030.48,0.7799999999988358,1.590847162823688e-05
2026-07-29 23:15:00,20191.23,905.54,44671.81,49031.25,49030.48,0.7699999999967986,1.570451686373045e-05
2026-07-29 23:16:00,20190.98,905.11,44671.92,49031.23,49030.490000000005,0.7399999999979627,1.5092649492141781e-05
2026-07-29 23:17:00,20190.98,904.41,44672.05,49031.35,49030.5,0.8499999999985448,1.7336147907905177e-05
2026-07-29 23:18:00,20191.12,903.71,44672.36,49031.67,49030.505000000005,1.1649999999935972,2.3760717944748827e-05
2026-07-29 23:19:00,20191.39,903.71,44672.51,49031.92,49030.51,1.4099999999962165,2.8757604193719716e-05
2026-07-29 23:20:00,20191.13,903.44,44672.59,49031.88,49030.515,1.3649999999979627,2.783980547620115e-05
2026-07-29 23:21:00,20191.22,903.66,44672.59,49031.92,49030.52,1.4000000000014552,2.8553643730506128e-05
2026-07-29 23:22:00,20191.08,903.9,44672.35,49031.65,49030.53,1.1200000000026193,2.2842910325517986e-05
2026-07-29 23:23:00,20191.09,904.04,44672.37,49031.67,49030.54,1.1299999999973807,2.3046860181376356e-05
2026-07-29 23:24:00,20191.04,904.43,44672.24,49031.53,49030.54,0.9899999999979627,2.0191496973069492e-05
2026-07-29 23:25:00,20191.49,904.3,44672.28,49031.77,49030.54,1.2299999999959255,2.508640533014577e-05
2026-07-29 23:26:00,20191.84,903.79,44672.4,49032.01,49030.55,1.4599999999991269,2.977735309922338e-05
2026-07-29 23:27:00,20192.02,903.47,44672.51,49032.16,49030.56,1.6000000000058208,3.263270906972755e-05
2026-07-29 23:28:00,20192.02,903.45,44672.49,49032.14,49030.56,1.5800000000017462,3.222480020627434e-05
2026-07-29 23:29:00,20191.83,903.45,44672.44,49032.03,49030.56,1.4700000000011642,2.998130145772686e-05
2026-07-29 23:30:00,20191.73,903.84,44672.31,49031.87,49030.57,1.3000000000029104,2.651407071145431e-05
2026-07-29 23:31:00,20191.77,903.67,44672.26,49031.84,49030.58,1.2599999999947613,2.5698247909667015e-05
2026-07-29 23:32:00,20191.59,904.42,44672.08,49031.61,49030.585,1.0250000000014552,2.090531858841691e-05
2026-07-29 23:33:00,20191.91,904.33,44671.98,49031.65,49030.59,1.0600000000049477,2.161915653074841e-05
2026-07-29 23:34:00,20191.77,904.61,44671.98,49031.58,49030.595,0.9850000000005821,2.0089497180292877e-05
2026-07-29 23:35:00,20191.68,904.89,44671.74,49031.35,49030.6,0.75,1.529656989716626e-05
2026-07-29 23:36:00,20191.78,904.51,44671.92,49031.54,49030.6,0.9400000000023283,1.91717009378292e-05
2026-07-29 23:37:00,20192.72,903.65,44672.12,49032.1,49030.6,1.5,3.059313979433252e-05
2026-07-29 23:38:00,20190.66,905.59,44671.49,49030.71,49030.6,0.11000000000058208,2.243496918262923e-06
2026-07-29 23:39:00,20193.32,903.53,44672.07,49032.28,49030.6,1.680000000000291,3.4264316569658355e-05
2026-07-29 23:40:00,20191.26,904.76,44671.6,49031.04,49030.604999999996,0.43500000000494765,8.872009635715237e-06
2026-07-29 23:41:00,20192.94,904.58,44671.63,49031.76,49030.61,1.1500000000014552,2.345473572532455e-05
2026-07-29 23:42:00,20192.93,903.59,44671.83,49031.9,49030.615000000005,1.2849999999962165,2.620811507251574e-05
2026-07-29 23:43:00,20193.09,904.98,44671.42,49031.64,49030.62,1.0199999999967986,2.0803326574226443e-05
2026-07-29 23:44:00,20192.86,903.86,44671.51,49031.6,49030.625,0.9749999999985448,1.9885530726939434e-05
2026-07-29 23:45:00,20193.85,904.32,44671.61,49032.1,49030.63,1.4700000000011642,2.998125865405287e-05
2026-07-29 23:46:00,20193.1,904.56,44671.27,49031.48,49030.64,0.8400000000037835,1.7132144308207756e-05
2026-07-29 23:47:00,20193.27,904.15,44671.34,49031.61,49030.65,0.9599999999991269,1.9579589501651046e-05
2026-07-29 23:48:00,20192.55,904.55,44671.2,49031.19,49030.665,0.5250000000014552,1.0707584732971808e-05
2026-07-29 23:49:00,20192.24,904.97,44671.08,49030.96,49030.68,0.27999999999883585,5.710710110462181e-06
2026-07-29 23:50:00,20192.05,905.46,44670.92,49030.75,49030.68,0.06999999999970896,1.4276775276155452e-06
2026-07-29 23:51:00,20192.14,905.59,44670.87,49030.75,49030.68,0.06999999999970896,1.4276775276155452e-06
2026-07-29 23:52:00,20192.4,905.88,44670.76,49030.76,49030.685,0.07500000000436557,1.5296543379796872e-06
2026-07-29 23:53:00,20192.15,906.23,44670.64,49030.56,49030.69,0.1300000000046566,2.6514005820570057e-06
2026-07-29 23:54:00,20192.24,906.18,44670.62,49030.59,49030.7,0.11000000000058208,2.243492342564599e-06
2026-07-29 23:55:00,20191.99,906.27,44670.62,49030.48,49030.71,0.22999999999592546,4.690937577610552e-06
2026-07-29 23:56:00,20191.93,906.68,44670.47,49030.33,49030.715,0.3849999999947613,7.852220796591714e-06
2026-07-29 23:57:00,20191.81,906.6,44670.45,49030.27,49030.72,0.4500000000043656,9.17791947587891e-06
2026-07-29 23:58:00,20191.53,907.06,44670.38,49030.1,49030.735,0.6350000000020373,1.2951060187085452e-05
2026-07-29 23:59:00,20191.74,907.45,44670.29,49030.11,49030.75,0.6399999999994179,1.3053033045576866e-05
